# row_id profile index ia ib ic theta_e we id_ref iq_ref vdc pi_reset uq_zero_en xd_old xq_old du_d_old du_q_old sat_old i_alpha i_beta sine cosine id iq ud_raw uq_raw ud_hi uq_hi ud_lim uq_lim scale limited sat_flag xd_next xq_next du_d_next du_q_next sat_next v_alpha v_beta sector overmodulated t1 t2 L M H duty_u duty_v duty_w error_code
0000000000000000 0000000000000000 0000000000000000 0000000000000000 0000000000000000 0000000000000000 0000000000000000 0000000000000000 0000000000000000 0000000000000000 0000000000180000 0000000000000001 0000000000000000 0000000000000000 0000000000000000 0000000000000000 0000000000000000 0000000000000000 0000000000000000 0000000000000000 0000000000000000 0000000000010000 0000000000000000 0000000000000000 0000000000000000 0000000000000000 0000000000000000 0000000000000000 0000000000000000 0000000000000000 0000000100000000 0000000000000000 0000000000000000 0000000000000000 0000000000000000 0000000000000000 0000000000000000 0000000000000000 0000000000000000 0000000000000000 0000000000000002 0000000000000000 0000000000000000 0000000000000000 0000000080000000 0000000080000000 0000000080000000 0000000000800000 0000000000800000 0000000000800000 0000000000000000
0000000000000001 0000000000000000 0000000000000001 0000000000000000 0000000000000000 0000000000000000 0000000000000000 0000000000000000 0000000000000000 0000000000000000 0000000000180000 0000000000000001 0000000000000000 0000000000000000 0000000000000000 0000000000000000 0000000000000000 0000000000000000 0000000000000000 0000000000000000 0000000000000000 0000000000010000 0000000000000000 0000000000000000 0000000000000000 0000000000000000 0000000000000000 0000000000000000 0000000000000000 0000000000000000 0000000100000000 0000000000000000 0000000000000000 0000000000000000 0000000000000000 0000000000000000 0000000000000000 0000000000000000 0000000000000000 0000000000000000 0000000000000002 0000000000000000 0000000000000000 0000000000000000 0000000080000000 0000000080000000 0000000080000000 0000000000800000 0000000000800000 0000000000800000 0000000000000000
0000000000000002 0000000000000000 0000000000000002 0000000000000000 0000000000000000 0000000000000000 0000000000000000 0000000000000000 0000000000000000 0000000000000000 0000000000180000 0000000000000000 0000000000000000 0000000000000000 0000000000000000 0000000000000000 0000000000000000 0000000000000000 0000000000000000 0000000000000000 0000000000000000 0000000000010000 0000000000000000 0000000000000000 0000000000000000 0000000000000000 0000000000000000 0000000000000000 0000000000000000 0000000000000000 0000000100000000 0000000000000000 0000000000000000 0000000000000000 0000000000000000 0000000000000000 0000000000000000 0000000000000000 0000000000000000 0000000000000000 0000000000000002 0000000000000000 0000000000000000 0000000000000000 0000000080000000 0000000080000000 0000000080000000 0000000000800000 0000000000800000 0000000000800000 0000000000000000
0000000000000003 0000000000000000 0000000000000003 0000000000000000 0000000000000000 0000000000000000 0000000000000000 0000000000000000 0000000000000000 0000000000000000 0000000000180000 0000000000000001 0000000000000000 0000000000000000 0000000000000000 0000000000000000 0000000000000000 0000000000000000 0000000000000000 0000000000000000 0000000000000000 0000000000010000 0000000000000000 0000000000000000 0000000000000000 0000000000000000 0000000000000000 0000000000000000 0000000000000000 0000000000000000 0000000100000000 0000000000000000 0000000000000000 0000000000000000 0000000000000000 0000000000000000 0000000000000000 0000000000000000 0000000000000000 0000000000000000 0000000000000002 0000000000000000 0000000000000000 0000000000000000 0000000080000000 0000000080000000 0000000080000000 0000000000800000 0000000000800000 0000000000800000 0000000000000000
0000000000000004 0000000000000000 0000000000000004 0000000000000000 0000000000000000 0000000000000000 0000000000000000 0000000000000000 0000000000000000 0000000000000000 0000000000180000 0000000000000001 0000000000000000 0000000000000000 0000000000000000 0000000000000000 0000000000000000 0000000000000000 0000000000000000 0000000000000000 0000000000000000 0000000000010000 0000000000000000 0000000000000000 0000000000000000 0000000000000000 0000000000000000 0000000000000000 0000000000000000 0000000000000000 0000000100000000 0000000000000000 0000000000000000 0000000000000000 0000000000000000 0000000000000000 0000000000000000 0000000000000000 0000000000000000 0000000000000000 0000000000000002 0000000000000000 0000000000000000 0000000000000000 0000000080000000 0000000080000000 0000000080000000 0000000000800000 0000000000800000 0000000000800000 0000000000000000
0000000000000005 0000000000000000 0000000000000005 0000000000008000 ffffffffffffc000 ffffffffffffc000 0000000000000000 0000000000000000 0000000000000000 0000000000000000 0000000000180000 0000000000000000 0000000000000000 0000000000000000 0000000000000000 0000000000000000 0000000000000000 0000000000000000 0000000000008000 0000000000000000 0000000000000000 0000000000010000 0000000000008000 0000000000000000 fffffffffdd1999a 0000000000000000 fffffffffdd1999a 0000000000000000 fffffffffffee8cd 0000000000000000 0000000100000000 0000000000000000 0000000000000000 ffffffffffb428f6 0000000000000000 0000000000000000 0000000000000000 0000000000000000 fffffffffffee8cd 0000000000000000 0000000000000004 0000000000000000 0000000000000000 0000000011733000 0000000077466800 0000000077466800 0000000088b99800 000000000088b998 0000000000774668 0000000000774668 0000000000000000
0000000000000006 0000000000000000 0000000000000006 0000000000000000 0000000000000000 0000000000000000 0000000000000000 0000000000000000 0000000000000000 0000000000000000 0000000000180000 0000000000000001 0000000000000000 ffffffffffb428f6 0000000000000000 0000000000000000 0000000000000000 0000000000000000 0000000000000000 0000000000000000 0000000000000000 0000000000010000 0000000000000000 0000000000000000 0000000000000000 0000000000000000 0000000000000000 0000000000000000 0000000000000000 0000000000000000 0000000100000000 0000000000000000 0000000000000000 0000000000000000 0000000000000000 0000000000000000 0000000000000000 0000000000000000 0000000000000000 0000000000000000 0000000000000002 0000000000000000 0000000000000000 0000000000000000 0000000080000000 0000000080000000 0000000080000000 0000000000800000 0000000000800000 0000000000800000 0000000000000000
0000000000000007 0000000000000000 0000000000000007 0000000000000000 0000000000000000 0000000000000000 0000000000000000 0000000000000000 0000000000000000 0000000000000000 0000000000180000 0000000000000001 0000000000000000 0000000000000000 0000000000000000 0000000000000000 0000000000000000 0000000000000000 0000000000000000 0000000000000000 0000000000000000 0000000000010000 0000000000000000 0000000000000000 0000000000000000 0000000000000000 0000000000000000 0000000000000000 0000000000000000 0000000000000000 0000000100000000 0000000000000000 0000000000000000 0000000000000000 0000000000000000 0000000000000000 0000000000000000 0000000000000000 0000000000000000 0000000000000000 0000000000000002 0000000000000000 0000000000000000 0000000000000000 0000000080000000 0000000080000000 0000000080000000 0000000000800000 0000000000800000 0000000000800000 0000000000000000
0000000000000008 0000000000000000 0000000000000008 0000000000000000 0000000000006eda ffffffffffff9126 0000000000000000 0000000000000000 0000000000000000 0000000000000000 0000000000180000 0000000000000000 0000000000000000 0000000000000000 0000000000000000 0000000000000000 0000000000000000 0000000000000000 0000000000000000 0000000000008000 0000000000000000 0000000000010000 0000000000000000 0000000000008000 0000000000000000 fffffffffdd1999a 0000000000000000 fffffffffdd1999a 0000000000000000 fffffffffffee8cd 0000000100000000 0000000000000000 0000000000000000 0000000000000000 ffffffffffb428f6 0000000000000000 0000000000000000 0000000000000000 0000000000000000 fffffffffffee8cd 0000000000000006 0000000000000000 000000000a130e66 000000000a130e66 0000000075ecf19a 0000000080000000 000000008a130e66 0000000000800000 00000000008a130e 000000000075ecf2 0000000000000000
0000000000000009 0000000000000000 0000000000000009 0000000000000000 0000000000000000 0000000000000000 0000000000000000 0000000000000000 0000000000000000 0000000000000000 0000000000180000 0000000000000001 0000000000000000 0000000000000000 ffffffffffb428f6 0000000000000000 0000000000000000 0000000000000000 0000000000000000 0000000000000000 0000000000000000 0000000000010000 0000000000000000 0000000000000000 0000000000000000 0000000000000000 0000000000000000 0000000000000000 0000000000000000 0000000000000000 0000000100000000 0000000000000000 0000000000000000 0000000000000000 0000000000000000 0000000000000000 0000000000000000 0000000000000000 0000000000000000 0000000000000000 0000000000000002 0000000000000000 0000000000000000 0000000000000000 0000000080000000 0000000080000000 0000000080000000 0000000000800000 0000000000800000 0000000000800000 0000000000000000
000000000000000a 0000000000000000 000000000000000a 0000000000000000 0000000000000000 0000000000000000 0000000000000000 0000000000000000 0000000000000000 0000000000000000 0000000000180000 0000000000000001 0000000000000000 0000000000000000 0000000000000000 0000000000000000 0000000000000000 0000000000000000 0000000000000000 0000000000000000 0000000000000000 0000000000010000 0000000000000000 0000000000000000 0000000000000000 0000000000000000 0000000000000000 0000000000000000 0000000000000000 0000000000000000 0000000100000000 0000000000000000 0000000000000000 0000000000000000 0000000000000000 0000000000000000 0000000000000000 0000000000000000 0000000000000000 0000000000000000 0000000000000002 0000000000000000 0000000000000000 0000000000000000 0000000080000000 0000000080000000 0000000080000000 0000000000800000 0000000000800000 0000000000800000 0000000000000000
000000000000000b 0000000000000000 000000000000000b 0000000000008000 0000000000008000 0000000000008000 0000000000000000 0000000000000000 0000000000000000 0000000000000000 0000000000180000 0000000000000000 0000000000000000 0000000000000000 0000000000000000 0000000000000000 0000000000000000 0000000000000000 0000000000000000 0000000000000000 0000000000000000 0000000000010000 0000000000000000 0000000000000000 0000000000000000 0000000000000000 0000000000000000 0000000000000000 0000000000000000 0000000000000000 0000000100000000 0000000000000000 0000000000000000 0000000000000000 0000000000000000 0000000000000000 0000000000000000 0000000000000000 0000000000000000 0000000000000000 0000000000000002 0000000000000000 0000000000000000 0000000000000000 0000000080000000 0000000080000000 0000000080000000 0000000000800000 0000000000800000 0000000000800000 0000000000000000
000000000000000c 0000000000000000 000000000000000c 0000000000000000 0000000000000000 0000000000000000 0000000000000000 0000000000000000 0000000000000000 0000000000000000 0000000000180000 0000000000000001 0000000000000000 0000000000000000 0000000000000000 0000000000000000 0000000000000000 0000000000000000 0000000000000000 0000000000000000 0000000000000000 0000000000010000 0000000000000000 0000000000000000 0000000000000000 0000000000000000 0000000000000000 0000000000000000 0000000000000000 0000000000000000 0000000100000000 0000000000000000 0000000000000000 0000000000000000 0000000000000000 0000000000000000 0000000000000000 0000000000000000 0000000000000000 0000000000000000 0000000000000002 0000000000000000 0000000000000000 0000000000000000 0000000080000000 0000000080000000 0000000080000000 0000000000800000 0000000000800000 0000000000800000 0000000000000000
000000000000000d 0000000000000000 000000000000000d 0000000000000000 0000000000000000 0000000000000000 0000000000000000 0000000000000000 0000000000000000 0000000000000000 0000000000180000 0000000000000001 0000000000000000 0000000000000000 0000000000000000 0000000000000000 0000000000000000 0000000000000000 0000000000000000 0000000000000000 0000000000000000 0000000000010000 0000000000000000 0000000000000000 0000000000000000 0000000000000000 0000000000000000 0000000000000000 0000000000000000 0000000000000000 0000000100000000 0000000000000000 0000000000000000 0000000000000000 0000000000000000 0000000000000000 0000000000000000 0000000000000000 0000000000000000 0000000000000000 0000000000000002 0000000000000000 0000000000000000 0000000000000000 0000000080000000 0000000080000000 0000000080000000 0000000000800000 0000000000800000 0000000000800000 0000000000000000
000000000000000e 0000000000000000 000000000000000e 000000000000199a ffffffffffffd99a 0000000000000ccd 0000000000000000 0000000000000000 0000000000003333 ffffffffffffe666 0000000000180000 0000000000000000 0000000000000000 0000000000000000 0000000000000000 0000000000000000 0000000000000000 0000000000000000 000000000000199a ffffffffffffe271 0000000000000000 0000000000010000 000000000000199a ffffffffffffe271 00000000006fab76 0000000000114336 00000000006fab76 0000000000114336 00000000000037d6 00000000000008a2 0000000100000000 0000000000000000 0000000000000000 00000000000f2aa7 0000000000025834 0000000000000000 0000000000000000 0000000000000000 00000000000037d6 00000000000008a2 0000000000000003 0000000000000000 00000000032da17e 00000000009f7f5f 000000007e196f92 0000000081471110 0000000081e6906f 00000000007e1970 0000000000814711 000000000081e690 0000000000000000
000000000000000f 0000000000000000 000000000000000f 0000000000000000 0000000000000000 0000000000000000 0000000000000000 0000000000000000 0000000000000000 0000000000000000 0000000000180000 0000000000000001 0000000000000000 00000000000f2aa7 0000000000025834 0000000000000000 0000000000000000 0000000000000000 0000000000000000 0000000000000000 0000000000000000 0000000000010000 0000000000000000 0000000000000000 0000000000000000 0000000000000000 0000000000000000 0000000000000000 0000000000000000 0000000000000000 0000000100000000 0000000000000000 0000000000000000 0000000000000000 0000000000000000 0000000000000000 0000000000000000 0000000000000000 0000000000000000 0000000000000000 0000000000000002 0000000000000000 0000000000000000 0000000000000000 0000000080000000 0000000080000000 0000000080000000 0000000000800000 0000000000800000 0000000000800000 0000000000000000
0000000000000010 0000000000000000 0000000000000010 0000000000000000 0000000000000000 0000000000000000 0000000000000000 0000000000000000 0000000000000000 0000000000000000 0000000000180000 0000000000000001 0000000000000000 0000000000000000 0000000000000000 0000000000000000 0000000000000000 0000000000000000 0000000000000000 0000000000000000 0000000000000000 0000000000010000 0000000000000000 0000000000000000 0000000000000000 0000000000000000 0000000000000000 0000000000000000 0000000000000000 0000000000000000 0000000100000000 0000000000000000 0000000000000000 0000000000000000 0000000000000000 0000000000000000 0000000000000000 0000000000000000 0000000000000000 0000000000000000 0000000000000002 0000000000000000 0000000000000000 0000000000000000 0000000080000000 0000000080000000 0000000080000000 0000000000800000 0000000000800000 0000000000800000 0000000000000000
0000000000000011 0000000000000000 0000000000000011 000000000000199a ffffffffffffd99a 0000000000000ccd 0000000000004000 0000000000000000 0000000000003333 ffffffffffffe666 0000000000180000 0000000000000000 0000000000000000 0000000000000000 0000000000000000 0000000000000000 0000000000000000 0000000000000000 000000000000199a ffffffffffffe271 0000000000010000 0000000000000000 ffffffffffffe271 ffffffffffffe666 0000000001604e53 0000000000000000 0000000001604e53 0000000000000000 000000000000b027 0000000000000000 0000000100000000 0000000000000000 0000000000000000 00000000002fd958 0000000000000000 0000000000000000 0000000000000000 0000000000000000 0000000000000000 000000000000b027 0000000000000001 0000000000000000 00000000065b2d8c 00000000065b2d8c 0000000079a4d274 0000000080000000 00000000865b2d8c 0000000000800000 000000000079a4d2 0000000000865b2e 0000000000000000
0000000000000012 0000000000000000 0000000000000012 0000000000000000 0000000000000000 0000000000000000 0000000000000000 0000000000000000 0000000000000000 0000000000000000 0000000000180000 0000000000000001 0000000000000000 00000000002fd958 0000000000000000 0000000000000000 0000000000000000 0000000000000000 0000000000000000 0000000000000000 0000000000000000 0000000000010000 0000000000000000 0000000000000000 0000000000000000 0000000000000000 0000000000000000 0000000000000000 0000000000000000 0000000000000000 0000000100000000 0000000000000000 0000000000000000 0000000000000000 0000000000000000 0000000000000000 0000000000000000 0000000000000000 0000000000000000 0000000000000000 0000000000000002 0000000000000000 0000000000000000 0000000000000000 0000000080000000 0000000080000000 0000000080000000 0000000000800000 0000000000800000 0000000000800000 0000000000000000
0000000000000013 0000000000000000 0000000000000013 0000000000000000 0000000000000000 0000000000000000 0000000000000000 0000000000000000 0000000000000000 0000000000000000 0000000000180000 0000000000000001 0000000000000000 0000000000000000 0000000000000000 0000000000000000 0000000000000000 0000000000000000 0000000000000000 0000000000000000 0000000000000000 0000000000010000 0000000000000000 0000000000000000 0000000000000000 0000000000000000 0000000000000000 0000000000000000 0000000000000000 0000000000000000 0000000100000000 0000000000000000 0000000000000000 0000000000000000 0000000000000000 0000000000000000 0000000000000000 0000000000000000 0000000000000000 0000000000000000 0000000000000002 0000000000000000 0000000000000000 0000000000000000 0000000080000000 0000000080000000 0000000080000000 0000000000800000 0000000000800000 0000000000800000 0000000000000000
0000000000000014 0000000000000000 0000000000000014 000000000000199a ffffffffffffd99a 0000000000000ccd 0000000000008000 0000000000000000 0000000000003333 ffffffffffffe666 0000000000180000 0000000000000000 0000000000000000 0000000000000000 0000000000000000 0000000000000000 0000000000000000 0000000000000000 000000000000199a ffffffffffffe271 0000000000000000 ffffffffffff0000 ffffffffffffe666 0000000000001d8f 00000000014f0b1d ffffffffff0f5d23 00000000014f0b1d ffffffffff0f5d23 000000000000a786 ffffffffffff87af 0000000100000000 0000000000000000 0000000000000000 00000000002d8124 ffffffffffdf514f 0000000000000000 0000000000000000 0000000000000000 ffffffffffff587a 0000000000007851 0000000000000005 0000000000000000 0000000008aeef10 000000000620f8e5 0000000078980c06 000000008146fb16 000000008767f3fb 00000000008767f4 000000000078980c 00000000008146fb 0000000000000000
0000000000000015 0000000000000000 0000000000000015 0000000000000000 0000000000000000 0000000000000000 0000000000000000 0000000000000000 0000000000000000 0000000000000000 0000000000180000 0000000000000001 0000000000000000 00000000002d8124 ffffffffffdf514f 0000000000000000 0000000000000000 0000000000000000 0000000000000000 0000000000000000 0000000000000000 0000000000010000 0000000000000000 0000000000000000 0000000000000000 0000000000000000 0000000000000000 0000000000000000 0000000000000000 0000000000000000 0000000100000000 0000000000000000 0000000000000000 0000000000000000 0000000000000000 0000000000000000 0000000000000000 0000000000000000 0000000000000000 0000000000000000 0000000000000002 0000000000000000 0000000000000000 0000000000000000 0000000080000000 0000000080000000 0000000080000000 0000000000800000 0000000000800000 0000000000800000 0000000000000000
0000000000000016 0000000000000000 0000000000000016 0000000000000000 0000000000000000 0000000000000000 0000000000000000 0000000000000000 0000000000000000 0000000000000000 0000000000180000 0000000000000001 0000000000000000 0000000000000000 0000000000000000 0000000000000000 0000000000000000 0000000000000000 0000000000000000 0000000000000000 0000000000000000 0000000000010000 0000000000000000 0000000000000000 0000000000000000 0000000000000000 0000000000000000 0000000000000000 0000000000000000 0000000000000000 0000000100000000 0000000000000000 0000000000000000 0000000000000000 0000000000000000 0000000000000000 0000000000000000 0000000000000000 0000000000000000 0000000000000000 0000000000000002 0000000000000000 0000000000000000 0000000000000000 0000000080000000 0000000080000000 0000000080000000 0000000000800000 0000000000800000 0000000000800000 0000000000000000
0000000000000017 0000000000000000 0000000000000017 000000000000199a ffffffffffffd99a 0000000000000ccd 000000000000c000 0000000000000000 0000000000003333 ffffffffffffe666 0000000000180000 0000000000000000 0000000000000000 0000000000000000 0000000000000000 0000000000000000 0000000000000000 0000000000000000 000000000000199a ffffffffffffe271 ffffffffffff0000 0000000000000000 0000000000001d8f 000000000000199a 00000000005e6840 ffffffffff20a05a 00000000005e6840 ffffffffff20a05a 0000000000002f34 ffffffffffff9050 0000000100000000 0000000000000000 0000000000000000 00000000000cd273 ffffffffffe1a983 0000000000000000 0000000000000000 0000000000000000 ffffffffffff9050 ffffffffffffd0cc 0000000000000004 0000000000000000 0000000003681cc3 000000000546f810 000000007ba87597 000000007f10925a 0000000084578a6a 000000000084578a 00000000007f1092 00000000007ba876 0000000000000000
0000000000000018 0000000000000000 0000000000000018 0000000000000000 0000000000000000 0000000000000000 0000000000000000 0000000000000000 0000000000000000 0000000000000000 0000000000180000 0000000000000001 0000000000000000 00000000000cd273 ffffffffffe1a983 0000000000000000 0000000000000000 0000000000000000 0000000000000000 0000000000000000 0000000000000000 0000000000010000 0000000000000000 0000000000000000 0000000000000000 0000000000000000 0000000000000000 0000000000000000 0000000000000000 0000000000000000 0000000100000000 0000000000000000 0000000000000000 0000000000000000 0000000000000000 0000000000000000 0000000000000000 0000000000000000 0000000000000000 0000000000000000 0000000000000002 0000000000000000 0000000000000000 0000000000000000 0000000080000000 0000000080000000 0000000080000000 0000000000800000 0000000000800000 0000000000800000 0000000000000000
0000000000000019 0000000000000000 0000000000000019 0000000000000000 0000000000000000 0000000000000000 0000000000000000 0000000000000000 0000000000000000 0000000000000000 0000000000180000 0000000000000001 0000000000000000 0000000000000000 0000000000000000 0000000000000000 0000000000000000 0000000000000000 0000000000000000 0000000000000000 0000000000000000 0000000000010000 0000000000000000 0000000000000000 0000000000000000 0000000000000000 0000000000000000 0000000000000000 0000000000000000 0000000000000000 0000000100000000 0000000000000000 0000000000000000 0000000000000000 0000000000000000 0000000000000000 0000000000000000 0000000000000000 0000000000000000 0000000000000000 0000000000000002 0000000000000000 0000000000000000 0000000000000000 0000000080000000 0000000080000000 0000000080000000 0000000000800000 0000000000800000 0000000000800000 0000000000000000
000000000000001a 0000000000000000 000000000000001a 000000000000199a ffffffffffffd99a 0000000000000ccd 0000000000000000 0000000000000000 0000000000003333 ffffffffffffe666 0000000000180000 0000000000000000 0000000000000000 0000000000000000 0000000000000000 0000000000000000 0000000000000000 0000000000000000 000000000000199a ffffffffffffe271 0000000000000000 0000000000010000 000000000000199a ffffffffffffe271 00000000006fab76 0000000000114336 00000000006fab76 0000000000114336 00000000000037d6 00000000000008a2 0000000100000000 0000000000000000 0000000000000000 00000000000f2aa7 0000000000025834 0000000000000000 0000000000000000 0000000000000000 00000000000037d6 00000000000008a2 0000000000000003 0000000000000000 00000000032da17e 00000000009f7f5f 000000007e196f92 0000000081471110 0000000081e6906f 00000000007e1970 0000000000814711 000000000081e690 0000000000000000
000000000000001b 0000000000000000 000000000000001b 0000000000000000 0000000000000000 0000000000000000 0000000000000000 0000000000000000 0000000000000000 0000000000000000 0000000000180000 0000000000000001 0000000000000000 00000000000f2aa7 0000000000025834 0000000000000000 0000000000000000 0000000000000000 0000000000000000 0000000000000000 0000000000000000 0000000000010000 0000000000000000 0000000000000000 0000000000000000 0000000000000000 0000000000000000 0000000000000000 0000000000000000 0000000000000000 0000000100000000 0000000000000000 0000000000000000 0000000000000000 0000000000000000 0000000000000000 0000000000000000 0000000000000000 0000000000000000 0000000000000000 0000000000000002 0000000000000000 0000000000000000 0000000000000000 0000000080000000 0000000080000000 0000000080000000 0000000000800000 0000000000800000 0000000000800000 0000000000000000
000000000000001c 0000000000000000 000000000000001c 0000000000000000 0000000000000000 0000000000000000 0000000000000000 0000000000000000 0000000000000000 0000000000000000 0000000000180000 0000000000000001 0000000000000000 0000000000000000 0000000000000000 0000000000000000 0000000000000000 0000000000000000 0000000000000000 0000000000000000 0000000000000000 0000000000010000 0000000000000000 0000000000000000 0000000000000000 0000000000000000 0000000000000000 0000000000000000 0000000000000000 0000000000000000 0000000100000000 0000000000000000 0000000000000000 0000000000000000 0000000000000000 0000000000000000 0000000000000000 0000000000000000 0000000000000000 0000000000000000 0000000000000002 0000000000000000 0000000000000000 0000000000000000 0000000080000000 0000000080000000 0000000080000000 0000000000800000 0000000000800000 0000000000800000 0000000000000000
000000000000001d 0000000000000000 000000000000001d 0000000000000000 0000000000000000 0000000000000000 0000000000000000 0000000000000000 0000000000007ba3 0000000000002121 0000000000180000 0000000000000000 0000000000000000 0000000000000000 0000000000000000 0000000000000000 0000000000000000 0000000000000000 0000000000000000 0000000000000000 0000000000000000 0000000000010000 0000000000000000 0000000000000000 00000000021b5d7c 000000000090865d 00000000021b5d7c 000000000090865d 0000000000010daf 0000000000004843 0000000100000000 0000000000000000 0000000000000000 0000000000494137 000000000013a0fe 0000000000000000 0000000000000000 0000000000000000 0000000000010daf 0000000000004843 0000000000000003 0000000000000000 000000000e3f6e92 0000000005371697 000000007644bd6c 0000000084842bfe 0000000089bb4295 00000000007644bd 000000000084842c 000000000089bb43 0000000000000000
000000000000001e 0000000000000000 000000000000001e 0000000000000000 0000000000000000 0000000000000000 0000000000000000 0000000000000000 0000000000000000 0000000000000000 0000000000180000 0000000000000001 0000000000000000 0000000000494137 000000000013a0fe 0000000000000000 0000000000000000 0000000000000000 0000000000000000 0000000000000000 0000000000000000 0000000000010000 0000000000000000 0000000000000000 0000000000000000 0000000000000000 0000000000000000 0000000000000000 0000000000000000 0000000000000000 0000000100000000 0000000000000000 0000000000000000 0000000000000000 0000000000000000 0000000000000000 0000000000000000 0000000000000000 0000000000000000 0000000000000000 0000000000000002 0000000000000000 0000000000000000 0000000000000000 0000000080000000 0000000080000000 0000000080000000 0000000000800000 0000000000800000 0000000000800000 0000000000000000
000000000000001f 0000000000000000 000000000000001f 0000000000000000 0000000000000000 0000000000000000 0000000000000000 0000000000000000 0000000000000000 0000000000000000 0000000000180000 0000000000000001 0000000000000000 0000000000000000 0000000000000000 0000000000000000 0000000000000000 0000000000000000 0000000000000000 0000000000000000 0000000000000000 0000000000010000 0000000000000000 0000000000000000 0000000000000000 0000000000000000 0000000000000000 0000000000000000 0000000000000000 0000000000000000 0000000100000000 0000000000000000 0000000000000000 0000000000000000 0000000000000000 0000000000000000 0000000000000000 0000000000000000 0000000000000000 0000000000000000 0000000000000002 0000000000000000 0000000000000000 0000000000000000 0000000080000000 0000000080000000 0000000080000000 0000000000800000 0000000000800000 0000000000800000 0000000000000000
0000000000000020 0000000000000000 0000000000000020 0000000000000000 0000000000000000 0000000000000000 0000000000000000 0000000000000000 0000000000002121 0000000000007ba3 0000000000180000 0000000000000000 0000000000000000 0000000000000000 0000000000000000 0000000000000000 0000000000000000 0000000000000000 0000000000000000 0000000000000000 0000000000000000 0000000000010000 0000000000000000 0000000000000000 000000000090865d 00000000021b5d7c 000000000090865d 00000000021b5d7c 0000000000004843 0000000000010daf 0000000100000000 0000000000000000 0000000000000000 000000000013a0fe 0000000000494137 0000000000000000 0000000000000000 0000000000000000 0000000000004843 0000000000010daf 0000000000000001 0000000000000000 000000000536f842 000000000e3f5842 000000007644d7be 000000007b7bd000 0000000089bb2842 00000000007b7bd0 00000000007644d8 000000000089bb28 0000000000000000
0000000000000021 0000000000000000 0000000000000021 0000000000000000 0000000000000000 0000000000000000 0000000000000000 0000000000000000 0000000000000000 0000000000000000 0000000000180000 0000000000000001 0000000000000000 000000000013a0fe 0000000000494137 0000000000000000 0000000000000000 0000000000000000 0000000000000000 0000000000000000 0000000000000000 0000000000010000 0000000000000000 0000000000000000 0000000000000000 0000000000000000 0000000000000000 0000000000000000 0000000000000000 0000000000000000 0000000100000000 0000000000000000 0000000000000000 0000000000000000 0000000000000000 0000000000000000 0000000000000000 0000000000000000 0000000000000000 0000000000000000 0000000000000002 0000000000000000 0000000000000000 0000000000000000 0000000080000000 0000000080000000 0000000080000000 0000000000800000 0000000000800000 0000000000800000 0000000000000000
0000000000000022 0000000000000000 0000000000000022 0000000000000000 0000000000000000 0000000000000000 0000000000000000 0000000000000000 0000000000000000 0000000000000000 0000000000180000 0000000000000001 0000000000000000 0000000000000000 0000000000000000 0000000000000000 0000000000000000 0000000000000000 0000000000000000 0000000000000000 0000000000000000 0000000000010000 0000000000000000 0000000000000000 0000000000000000 0000000000000000 0000000000000000 0000000000000000 0000000000000000 0000000000000000 0000000100000000 0000000000000000 0000000000000000 0000000000000000 0000000000000000 0000000000000000 0000000000000000 0000000000000000 0000000000000000 0000000000000000 0000000000000002 0000000000000000 0000000000000000 0000000000000000 0000000080000000 0000000080000000 0000000080000000 0000000000800000 0000000000800000 0000000000800000 0000000000000000
0000000000000023 0000000000000000 0000000000000023 0000000000000000 0000000000000000 0000000000000000 0000000000000000 0000000000000000 ffffffffffffa57e 0000000000005a82 0000000000180000 0000000000000000 0000000000000000 0000000000000000 0000000000000000 0000000000000000 0000000000000000 0000000000000000 0000000000000000 0000000000000000 0000000000000000 0000000000010000 0000000000000000 0000000000000000 fffffffffe7528e0 00000000018ad720 fffffffffe7528e0 00000000018ad720 ffffffffffff3a94 000000000000c56c 0000000100000000 0000000000000000 0000000000000000 ffffffffffca5fc7 000000000035a039 0000000000000000 0000000000000000 0000000000000000 ffffffffffff3a94 000000000000c56c 0000000000000005 0000000000000000 000000000e3f8390 000000000537192c 000000007644b1a2 0000000084843532 0000000089bb4e5e 000000000089bb4e 00000000007644b2 0000000000848435 0000000000000000
0000000000000024 0000000000000000 0000000000000024 0000000000000000 0000000000000000 0000000000000000 0000000000000000 0000000000000000 0000000000000000 0000000000000000 0000000000180000 0000000000000001 0000000000000000 ffffffffffca5fc7 000000000035a039 0000000000000000 0000000000000000 0000000000000000 0000000000000000 0000000000000000 0000000000000000 0000000000010000 0000000000000000 0000000000000000 0000000000000000 0000000000000000 0000000000000000 0000000000000000 0000000000000000 0000000000000000 0000000100000000 0000000000000000 0000000000000000 0000000000000000 0000000000000000 0000000000000000 0000000000000000 0000000000000000 0000000000000000 0000000000000000 0000000000000002 0000000000000000 0000000000000000 0000000000000000 0000000080000000 0000000080000000 0000000080000000 0000000000800000 0000000000800000 0000000000800000 0000000000000000
0000000000000025 0000000000000000 0000000000000025 0000000000000000 0000000000000000 0000000000000000 0000000000000000 0000000000000000 0000000000000000 0000000000000000 0000000000180000 0000000000000001 0000000000000000 0000000000000000 0000000000000000 0000000000000000 0000000000000000 0000000000000000 0000000000000000 0000000000000000 0000000000000000 0000000000010000 0000000000000000 0000000000000000 0000000000000000 0000000000000000 0000000000000000 0000000000000000 0000000000000000 0000000000000000 0000000100000000 0000000000000000 0000000000000000 0000000000000000 0000000000000000 0000000000000000 0000000000000000 0000000000000000 0000000000000000 0000000000000000 0000000000000002 0000000000000000 0000000000000000 0000000000000000 0000000080000000 0000000080000000 0000000080000000 0000000000800000 0000000000800000 0000000000800000 0000000000000000
0000000000000026 0000000000000000 0000000000000026 0000000000000000 0000000000000000 0000000000000000 0000000000000000 0000000000000000 ffffffffffff845d ffffffffffffdedf 0000000000180000 0000000000000000 0000000000000000 0000000000000000 0000000000000000 0000000000000000 0000000000000000 0000000000000000 0000000000000000 0000000000000000 0000000000000000 0000000000010000 0000000000000000 0000000000000000 fffffffffde4a284 ffffffffff6f79a3 fffffffffde4a284 ffffffffff6f79a3 fffffffffffef251 ffffffffffffb7bd 0000000100000000 0000000000000000 0000000000000000 ffffffffffb6bec9 ffffffffffec5f02 0000000000000000 0000000000000000 0000000000000000 fffffffffffef251 ffffffffffffb7bd 0000000000000004 0000000000000000 0000000005371697 000000000e3f6e92 000000007644bd6c 000000007b7bd403 0000000089bb4295 000000000089bb43 00000000007b7bd4 00000000007644bd 0000000000000000
0000000000000027 0000000000000000 0000000000000027 0000000000000000 0000000000000000 0000000000000000 0000000000000000 0000000000000000 0000000000000000 0000000000000000 0000000000180000 0000000000000001 0000000000000000 ffffffffffb6bec9 ffffffffffec5f02 0000000000000000 0000000000000000 0000000000000000 0000000000000000 0000000000000000 0000000000000000 0000000000010000 0000000000000000 0000000000000000 0000000000000000 0000000000000000 0000000000000000 0000000000000000 0000000000000000 0000000000000000 0000000100000000 0000000000000000 0000000000000000 0000000000000000 0000000000000000 0000000000000000 0000000000000000 0000000000000000 0000000000000000 0000000000000000 0000000000000002 0000000000000000 0000000000000000 0000000000000000 0000000080000000 0000000080000000 0000000080000000 0000000000800000 0000000000800000 0000000000800000 0000000000000000
0000000000000028 0000000000000000 0000000000000028 0000000000000000 0000000000000000 0000000000000000 0000000000000000 0000000000000000 0000000000000000 0000000000000000 0000000000180000 0000000000000001 0000000000000000 0000000000000000 0000000000000000 0000000000000000 0000000000000000 0000000000000000 0000000000000000 0000000000000000 0000000000000000 0000000000010000 0000000000000000 0000000000000000 0000000000000000 0000000000000000 0000000000000000 0000000000000000 0000000000000000 0000000000000000 0000000100000000 0000000000000000 0000000000000000 0000000000000000 0000000000000000 0000000000000000 0000000000000000 0000000000000000 0000000000000000 0000000000000000 0000000000000002 0000000000000000 0000000000000000 0000000000000000 0000000080000000 0000000080000000 0000000080000000 0000000000800000 0000000000800000 0000000000800000 0000000000000000
0000000000000029 0000000000000000 0000000000000029 0000000000000000 0000000000000000 0000000000000000 0000000000000000 0000000000000000 ffffffffffffdedf ffffffffffff845d 0000000000180000 0000000000000000 0000000000000000 0000000000000000 0000000000000000 0000000000000000 0000000000000000 0000000000000000 0000000000000000 0000000000000000 0000000000000000 0000000000010000 0000000000000000 0000000000000000 ffffffffff6f79a3 fffffffffde4a284 ffffffffff6f79a3 fffffffffde4a284 ffffffffffffb7bd fffffffffffef251 0000000100000000 0000000000000000 0000000000000000 ffffffffffec5f02 ffffffffffb6bec9 0000000000000000 0000000000000000 0000000000000000 ffffffffffffb7bd fffffffffffef251 0000000000000006 0000000000000000 000000000e3f5842 000000000536f842 000000007644d7be 0000000084843000 0000000089bb2842 0000000000848430 000000000089bb28 00000000007644d8 0000000000000000
000000000000002a 0000000000000000 000000000000002a 0000000000000000 0000000000000000 0000000000000000 0000000000000000 0000000000000000 0000000000000000 0000000000000000 0000000000180000 0000000000000001 0000000000000000 ffffffffffec5f02 ffffffffffb6bec9 0000000000000000 0000000000000000 0000000000000000 0000000000000000 0000000000000000 0000000000000000 0000000000010000 0000000000000000 0000000000000000 0000000000000000 0000000000000000 0000000000000000 0000000000000000 0000000000000000 0000000000000000 0000000100000000 0000000000000000 0000000000000000 0000000000000000 0000000000000000 0000000000000000 0000000000000000 0000000000000000 0000000000000000 0000000000000000 0000000000000002 0000000000000000 0000000000000000 0000000000000000 0000000080000000 0000000080000000 0000000080000000 0000000000800000 0000000000800000 0000000000800000 0000000000000000
000000000000002b 0000000000000000 000000000000002b 0000000000000000 0000000000000000 0000000000000000 0000000000000000 0000000000000000 0000000000000000 0000000000000000 0000000000180000 0000000000000001 0000000000000000 0000000000000000 0000000000000000 0000000000000000 0000000000000000 0000000000000000 0000000000000000 0000000000000000 0000000000000000 0000000000010000 0000000000000000 0000000000000000 0000000000000000 0000000000000000 0000000000000000 0000000000000000 0000000000000000 0000000000000000 0000000100000000 0000000000000000 0000000000000000 0000000000000000 0000000000000000 0000000000000000 0000000000000000 0000000000000000 0000000000000000 0000000000000000 0000000000000002 0000000000000000 0000000000000000 0000000000000000 0000000080000000 0000000080000000 0000000080000000 0000000000800000 0000000000800000 0000000000800000 0000000000000000
000000000000002c 0000000000000000 000000000000002c 0000000000000000 0000000000000000 0000000000000000 0000000000000000 0000000000000000 0000000000005a82 ffffffffffffa57e 0000000000180000 0000000000000000 0000000000000000 0000000000000000 0000000000000000 0000000000000000 0000000000000000 0000000000000000 0000000000000000 0000000000000000 0000000000000000 0000000000010000 0000000000000000 0000000000000000 00000000018ad720 fffffffffe7528e0 00000000018ad720 fffffffffe7528e0 000000000000c56c ffffffffffff3a94 0000000100000000 0000000000000000 0000000000000000 000000000035a039 ffffffffffca5fc7 0000000000000000 0000000000000000 0000000000000000 000000000000c56c ffffffffffff3a94 0000000000000002 0000000000000000 000000000537192c 000000000e3f8390 000000007644b1a2 000000007b7bcace 0000000089bb4e5e 00000000007644b2 000000000089bb4e 00000000007b7bcb 0000000000000000
000000000000002d 0000000000000000 000000000000002d 0000000000000000 0000000000000000 0000000000000000 0000000000000000 0000000000000000 0000000000000000 0000000000000000 0000000000180000 0000000000000001 0000000000000000 000000000035a039 ffffffffffca5fc7 0000000000000000 0000000000000000 0000000000000000 0000000000000000 0000000000000000 0000000000000000 0000000000010000 0000000000000000 0000000000000000 0000000000000000 0000000000000000 0000000000000000 0000000000000000 0000000000000000 0000000000000000 0000000100000000 0000000000000000 0000000000000000 0000000000000000 0000000000000000 0000000000000000 0000000000000000 0000000000000000 0000000000000000 0000000000000000 0000000000000002 0000000000000000 0000000000000000 0000000000000000 0000000080000000 0000000080000000 0000000080000000 0000000000800000 0000000000800000 0000000000800000 0000000000000000
000000000000002e 0000000000000000 000000000000002e 0000000000000000 0000000000000000 0000000000000000 0000000000000000 0000000000000000 0000000000000000 0000000000000000 0000000000180000 0000000000000001 0000000000000000 0000000000000000 0000000000000000 0000000000000000 0000000000000000 0000000000000000 0000000000000000 0000000000000000 0000000000000000 0000000000010000 0000000000000000 0000000000000000 0000000000000000 0000000000000000 0000000000000000 0000000000000000 0000000000000000 0000000000000000 0000000100000000 0000000000000000 0000000000000000 0000000000000000 0000000000000000 0000000000000000 0000000000000000 0000000000000000 0000000000000000 0000000000000000 0000000000000002 0000000000000000 0000000000000000 0000000000000000 0000000080000000 0000000080000000 0000000080000000 0000000000800000 0000000000800000 0000000000800000 0000000000000000
000000000000002f 0000000000000000 000000000000002f 0000000000000000 0000000000000000 0000000000000000 0000000000000000 0000000000000000 0000000000008000 0000000000000000 0000000000180000 0000000000000000 0000000000000000 0000000000000000 0000000000000000 0000000000000000 0000000000000000 0000000000000000 0000000000000000 0000000000000000 0000000000000000 0000000000010000 0000000000000000 0000000000000000 00000000022e6666 0000000000000000 00000000022e6666 0000000000000000 0000000000011733 0000000000000000 0000000100000000 0000000000000000 0000000000000000 00000000004bd70a 0000000000000000 0000000000000000 0000000000000000 0000000000000000 0000000000011733 0000000000000000 0000000000000002 0000000000000000 0000000011733000 0000000000000000 0000000077466800 0000000088b99800 0000000088b99800 0000000000774668 000000000088b998 000000000088b998 0000000000000000
0000000000000030 0000000000000000 0000000000000030 0000000000000000 0000000000000000 0000000000000000 0000000000000000 0000000000000000 0000000000000000 0000000000000000 0000000000180000 0000000000000001 0000000000000000 00000000004bd70a 0000000000000000 0000000000000000 0000000000000000 0000000000000000 0000000000000000 0000000000000000 0000000000000000 0000000000010000 0000000000000000 0000000000000000 0000000000000000 0000000000000000 0000000000000000 0000000000000000 0000000000000000 0000000000000000 0000000100000000 0000000000000000 0000000000000000 0000000000000000 0000000000000000 0000000000000000 0000000000000000 0000000000000000 0000000000000000 0000000000000000 0000000000000002 0000000000000000 0000000000000000 0000000000000000 0000000080000000 0000000080000000 0000000080000000 0000000000800000 0000000000800000 0000000000800000 0000000000000000
0000000000000031 0000000000000000 0000000000000031 0000000000000000 0000000000000000 0000000000000000 0000000000000000 0000000000000000 0000000000000000 0000000000000000 0000000000180000 0000000000000001 0000000000000000 0000000000000000 0000000000000000 0000000000000000 0000000000000000 0000000000000000 0000000000000000 0000000000000000 0000000000000000 0000000000010000 0000000000000000 0000000000000000 0000000000000000 0000000000000000 0000000000000000 0000000000000000 0000000000000000 0000000000000000 0000000100000000 0000000000000000 0000000000000000 0000000000000000 0000000000000000 0000000000000000 0000000000000000 0000000000000000 0000000000000000 0000000000000000 0000000000000002 0000000000000000 0000000000000000 0000000000000000 0000000080000000 0000000080000000 0000000080000000 0000000000800000 0000000000800000 0000000000800000 0000000000000000
0000000000000032 0000000000000000 0000000000000032 0000000000000000 0000000000000000 0000000000000000 0000000000000000 0000000000000000 0000000000008000 000000000000ddb2 0000000000180000 0000000000000000 0000000000000000 0000000000000000 0000000000000000 0000000000000000 0000000000000000 0000000000000000 0000000000000000 0000000000000000 0000000000000000 0000000000010000 0000000000000000 0000000000000000 00000000022e6666 0000000003c72553 00000000022e6666 0000000003c72553 0000000000011733 000000000001e393 0000000100000000 0000000000000000 0000000000000000 00000000004bd70a 0000000000835abe 0000000000000000 0000000000000000 0000000000000000 0000000000011733 000000000001e393 0000000000000001 0000000000000000 ffffffffffffbfae 0000000022e61fae 000000006e8d1052 000000006e8cd000 000000009172efae 00000000006e8cd0 00000000006e8d10 00000000009172f0 0000000000000000
0000000000000033 0000000000000000 0000000000000033 0000000000000000 0000000000000000 0000000000000000 0000000000000000 0000000000000000 0000000000000000 0000000000000000 0000000000180000 0000000000000001 0000000000000000 00000000004bd70a 0000000000835abe 0000000000000000 0000000000000000 0000000000000000 0000000000000000 0000000000000000 0000000000000000 0000000000010000 0000000000000000 0000000000000000 0000000000000000 0000000000000000 0000000000000000 0000000000000000 0000000000000000 0000000000000000 0000000100000000 0000000000000000 0000000000000000 0000000000000000 0000000000000000 0000000000000000 0000000000000000 0000000000000000 0000000000000000 0000000000000000 0000000000000002 0000000000000000 0000000000000000 0000000000000000 0000000080000000 0000000080000000 0000000080000000 0000000000800000 0000000000800000 0000000000800000 0000000000000000
0000000000000034 0000000000000000 0000000000000034 0000000000000000 0000000000000000 0000000000000000 0000000000000000 0000000000000000 0000000000000000 0000000000000000 0000000000180000 0000000000000001 0000000000000000 0000000000000000 0000000000000000 0000000000000000 0000000000000000 0000000000000000 0000000000000000 0000000000000000 0000000000000000 0000000000010000 0000000000000000 0000000000000000 0000000000000000 0000000000000000 0000000000000000 0000000000000000 0000000000000000 0000000000000000 0000000100000000 0000000000000000 0000000000000000 0000000000000000 0000000000000000 0000000000000000 0000000000000000 0000000000000000 0000000000000000 0000000000000000 0000000000000002 0000000000000000 0000000000000000 0000000000000000 0000000080000000 0000000080000000 0000000080000000 0000000000800000 0000000000800000 0000000000800000 0000000000000000
0000000000000035 0000000000000000 0000000000000035 0000000000000000 0000000000000000 0000000000000000 0000000000000000 0000000000000000 ffffffffffff8000 000000000000ddb2 0000000000180000 0000000000000000 0000000000000000 0000000000000000 0000000000000000 0000000000000000 0000000000000000 0000000000000000 0000000000000000 0000000000000000 0000000000000000 0000000000010000 0000000000000000 0000000000000000 fffffffffdd1999a 0000000003c72553 fffffffffdd1999a 0000000003c72553 fffffffffffee8cd 000000000001e393 0000000100000000 0000000000000000 0000000000000000 ffffffffffb428f6 0000000000835abe 0000000000000000 0000000000000000 0000000000000000 fffffffffffee8cd 000000000001e393 0000000000000001 0000000000000000 0000000022e61fae ffffffffffffbfae 000000006e8d1052 0000000091733000 000000009172efae 0000000000917330 00000000006e8d10 00000000009172f0 0000000000000000
0000000000000036 0000000000000000 0000000000000036 0000000000000000 0000000000000000 0000000000000000 0000000000000000 0000000000000000 0000000000000000 0000000000000000 0000000000180000 0000000000000001 0000000000000000 ffffffffffb428f6 0000000000835abe 0000000000000000 0000000000000000 0000000000000000 0000000000000000 0000000000000000 0000000000000000 0000000000010000 0000000000000000 0000000000000000 0000000000000000 0000000000000000 0000000000000000 0000000000000000 0000000000000000 0000000000000000 0000000100000000 0000000000000000 0000000000000000 0000000000000000 0000000000000000 0000000000000000 0000000000000000 0000000000000000 0000000000000000 0000000000000000 0000000000000002 0000000000000000 0000000000000000 0000000000000000 0000000080000000 0000000080000000 0000000080000000 0000000000800000 0000000000800000 0000000000800000 0000000000000000
0000000000000037 0000000000000000 0000000000000037 0000000000000000 0000000000000000 0000000000000000 0000000000000000 0000000000000000 0000000000000000 0000000000000000 0000000000180000 0000000000000001 0000000000000000 0000000000000000 0000000000000000 0000000000000000 0000000000000000 0000000000000000 0000000000000000 0000000000000000 0000000000000000 0000000000010000 0000000000000000 0000000000000000 0000000000000000 0000000000000000 0000000000000000 0000000000000000 0000000000000000 0000000000000000 0000000100000000 0000000000000000 0000000000000000 0000000000000000 0000000000000000 0000000000000000 0000000000000000 0000000000000000 0000000000000000 0000000000000000 0000000000000002 0000000000000000 0000000000000000 0000000000000000 0000000080000000 0000000080000000 0000000080000000 0000000000800000 0000000000800000 0000000000800000 0000000000000000
0000000000000038 0000000000000000 0000000000000038 0000000000000000 0000000000000000 0000000000000000 0000000000000000 0000000000000000 ffffffffffff8000 0000000000000000 0000000000180000 0000000000000000 0000000000000000 0000000000000000 0000000000000000 0000000000000000 0000000000000000 0000000000000000 0000000000000000 0000000000000000 0000000000000000 0000000000010000 0000000000000000 0000000000000000 fffffffffdd1999a 0000000000000000 fffffffffdd1999a 0000000000000000 fffffffffffee8cd 0000000000000000 0000000100000000 0000000000000000 0000000000000000 ffffffffffb428f6 0000000000000000 0000000000000000 0000000000000000 0000000000000000 fffffffffffee8cd 0000000000000000 0000000000000004 0000000000000000 0000000000000000 0000000011733000 0000000077466800 0000000077466800 0000000088b99800 000000000088b998 0000000000774668 0000000000774668 0000000000000000
0000000000000039 0000000000000000 0000000000000039 0000000000000000 0000000000000000 0000000000000000 0000000000000000 0000000000000000 0000000000000000 0000000000000000 0000000000180000 0000000000000001 0000000000000000 ffffffffffb428f6 0000000000000000 0000000000000000 0000000000000000 0000000000000000 0000000000000000 0000000000000000 0000000000000000 0000000000010000 0000000000000000 0000000000000000 0000000000000000 0000000000000000 0000000000000000 0000000000000000 0000000000000000 0000000000000000 0000000100000000 0000000000000000 0000000000000000 0000000000000000 0000000000000000 0000000000000000 0000000000000000 0000000000000000 0000000000000000 0000000000000000 0000000000000002 0000000000000000 0000000000000000 0000000000000000 0000000080000000 0000000080000000 0000000080000000 0000000000800000 0000000000800000 0000000000800000 0000000000000000
000000000000003a 0000000000000000 000000000000003a 0000000000000000 0000000000000000 0000000000000000 0000000000000000 0000000000000000 0000000000000000 0000000000000000 0000000000180000 0000000000000001 0000000000000000 0000000000000000 0000000000000000 0000000000000000 0000000000000000 0000000000000000 0000000000000000 0000000000000000 0000000000000000 0000000000010000 0000000000000000 0000000000000000 0000000000000000 0000000000000000 0000000000000000 0000000000000000 0000000000000000 0000000000000000 0000000100000000 0000000000000000 0000000000000000 0000000000000000 0000000000000000 0000000000000000 0000000000000000 0000000000000000 0000000000000000 0000000000000000 0000000000000002 0000000000000000 0000000000000000 0000000000000000 0000000080000000 0000000080000000 0000000080000000 0000000000800000 0000000000800000 0000000000800000 0000000000000000
000000000000003b 0000000000000000 000000000000003b 0000000000000000 0000000000000000 0000000000000000 0000000000000000 0000000000000000 ffffffffffff8000 ffffffffffff224e 0000000000180000 0000000000000000 0000000000000000 0000000000000000 0000000000000000 0000000000000000 0000000000000000 0000000000000000 0000000000000000 0000000000000000 0000000000000000 0000000000010000 0000000000000000 0000000000000000 fffffffffdd1999a fffffffffc38daad fffffffffdd1999a fffffffffc38daad fffffffffffee8cd fffffffffffe1c6d 0000000100000000 0000000000000000 0000000000000000 ffffffffffb428f6 ffffffffff7ca542 0000000000000000 0000000000000000 0000000000000000 fffffffffffee8cd fffffffffffe1c6d 0000000000000006 0000000000000000 0000000022e61fae ffffffffffffbfae 000000006e8d1052 0000000091733000 000000009172efae 0000000000917330 00000000009172f0 00000000006e8d10 0000000000000000
000000000000003c 0000000000000000 000000000000003c 0000000000000000 0000000000000000 0000000000000000 0000000000000000 0000000000000000 0000000000000000 0000000000000000 0000000000180000 0000000000000001 0000000000000000 ffffffffffb428f6 ffffffffff7ca542 0000000000000000 0000000000000000 0000000000000000 0000000000000000 0000000000000000 0000000000000000 0000000000010000 0000000000000000 0000000000000000 0000000000000000 0000000000000000 0000000000000000 0000000000000000 0000000000000000 0000000000000000 0000000100000000 0000000000000000 0000000000000000 0000000000000000 0000000000000000 0000000000000000 0000000000000000 0000000000000000 0000000000000000 0000000000000000 0000000000000002 0000000000000000 0000000000000000 0000000000000000 0000000080000000 0000000080000000 0000000080000000 0000000000800000 0000000000800000 0000000000800000 0000000000000000
000000000000003d 0000000000000000 000000000000003d 0000000000000000 0000000000000000 0000000000000000 0000000000000000 0000000000000000 0000000000000000 0000000000000000 0000000000180000 0000000000000001 0000000000000000 0000000000000000 0000000000000000 0000000000000000 0000000000000000 0000000000000000 0000000000000000 0000000000000000 0000000000000000 0000000000010000 0000000000000000 0000000000000000 0000000000000000 0000000000000000 0000000000000000 0000000000000000 0000000000000000 0000000000000000 0000000100000000 0000000000000000 0000000000000000 0000000000000000 0000000000000000 0000000000000000 0000000000000000 0000000000000000 0000000000000000 0000000000000000 0000000000000002 0000000000000000 0000000000000000 0000000000000000 0000000080000000 0000000080000000 0000000080000000 0000000000800000 0000000000800000 0000000000800000 0000000000000000
000000000000003e 0000000000000000 000000000000003e 0000000000000000 0000000000000000 0000000000000000 0000000000000000 0000000000000000 0000000000008000 ffffffffffff224e 0000000000180000 0000000000000000 0000000000000000 0000000000000000 0000000000000000 0000000000000000 0000000000000000 0000000000000000 0000000000000000 0000000000000000 0000000000000000 0000000000010000 0000000000000000 0000000000000000 00000000022e6666 fffffffffc38daad 00000000022e6666 fffffffffc38daad 0000000000011733 fffffffffffe1c6d 0000000100000000 0000000000000000 0000000000000000 00000000004bd70a ffffffffff7ca542 0000000000000000 0000000000000000 0000000000000000 0000000000011733 fffffffffffe1c6d 0000000000000006 0000000000000000 ffffffffffffbfae 0000000022e61fae 000000006e8d1052 000000006e8cd000 000000009172efae 00000000006e8cd0 00000000009172f0 00000000006e8d10 0000000000000000
000000000000003f 0000000000000000 000000000000003f 0000000000000000 0000000000000000 0000000000000000 0000000000000000 0000000000000000 0000000000000000 0000000000000000 0000000000180000 0000000000000001 0000000000000000 00000000004bd70a ffffffffff7ca542 0000000000000000 0000000000000000 0000000000000000 0000000000000000 0000000000000000 0000000000000000 0000000000010000 0000000000000000 0000000000000000 0000000000000000 0000000000000000 0000000000000000 0000000000000000 0000000000000000 0000000000000000 0000000100000000 0000000000000000 0000000000000000 0000000000000000 0000000000000000 0000000000000000 0000000000000000 0000000000000000 0000000000000000 0000000000000000 0000000000000002 0000000000000000 0000000000000000 0000000000000000 0000000080000000 0000000080000000 0000000080000000 0000000000800000 0000000000800000 0000000000800000 0000000000000000
0000000000000040 0000000000000000 0000000000000040 0000000000000000 0000000000000000 0000000000000000 0000000000000000 0000000000000000 0000000000000000 0000000000000000 0000000000180000 0000000000000001 0000000000000000 0000000000000000 0000000000000000 0000000000000000 0000000000000000 0000000000000000 0000000000000000 0000000000000000 0000000000000000 0000000000010000 0000000000000000 0000000000000000 0000000000000000 0000000000000000 0000000000000000 0000000000000000 0000000000000000 0000000000000000 0000000100000000 0000000000000000 0000000000000000 0000000000000000 0000000000000000 0000000000000000 0000000000000000 0000000000000000 0000000000000000 0000000000000000 0000000000000002 0000000000000000 0000000000000000 0000000000000000 0000000080000000 0000000080000000 0000000080000000 0000000000800000 0000000000800000 0000000000800000 0000000000000000
0000000000000041 0000000000000000 0000000000000041 000000000000199a fffffffffffff333 fffffffffffff333 0000000000000c39 0000000000640000 0000000000004000 0000000000003333 0000000000180000 0000000000000000 0000000000000000 0000000000000000 0000000000000000 0000000000000000 0000000000000000 0000000000000000 000000000000199a 0000000000000000 0000000000004ba1 000000000000f493 0000000000001875 fffffffffffff870 0000000000af2540 000000000f227bc6 0000000000af2540 000000000f227bc6 0000000000005793 000000000007913e 0000000100000000 0000000000000000 0000000000000000 0000000000176de1 000000000022d0fa 0000000000000000 0000000000000000 0000000000000000 fffffffffffe175b 00000000000754a7 0000000000000001 0000000000000000 0000000062419364 00000000252cf364 000000003c48bc9c 000000009e8a5000 00000000c3b74364 00000000009e8a50 00000000003c48bd 0000000000c3b743 0000000000000000
0000000000000042 0000000000000000 0000000000000042 0000000000000000 0000000000000000 0000000000000000 0000000000000000 0000000000000000 0000000000000000 0000000000000000 0000000000180000 0000000000000001 0000000000000000 0000000000176de1 000000000022d0fa 0000000000000000 0000000000000000 0000000000000000 0000000000000000 0000000000000000 0000000000000000 0000000000010000 0000000000000000 0000000000000000 0000000000000000 0000000000000000 0000000000000000 0000000000000000 0000000000000000 0000000000000000 0000000100000000 0000000000000000 0000000000000000 0000000000000000 0000000000000000 0000000000000000 0000000000000000 0000000000000000 0000000000000000 0000000000000000 0000000000000002 0000000000000000 0000000000000000 0000000000000000 0000000080000000 0000000080000000 0000000080000000 0000000000800000 0000000000800000 0000000000800000 0000000000000000
0000000000000043 0000000000000000 0000000000000043 0000000000000000 0000000000000000 0000000000000000 0000000000000000 0000000000000000 0000000000000000 0000000000000000 0000000000180000 0000000000000001 0000000000000000 0000000000000000 0000000000000000 0000000000000000 0000000000000000 0000000000000000 0000000000000000 0000000000000000 0000000000000000 0000000000010000 0000000000000000 0000000000000000 0000000000000000 0000000000000000 0000000000000000 0000000000000000 0000000000000000 0000000000000000 0000000100000000 0000000000000000 0000000000000000 0000000000000000 0000000000000000 0000000000000000 0000000000000000 0000000000000000 0000000000000000 0000000000000000 0000000000000002 0000000000000000 0000000000000000 0000000000000000 0000000080000000 0000000080000000 0000000080000000 0000000000800000 0000000000800000 0000000000800000 0000000000000000
0000000000000044 0000000000000000 0000000000000044 0000000000000000 0000000000000000 0000000000000000 0000000000000826 0000000000000000 00000000000f0000 fffffffffff60000 0000000000180000 0000000000000000 0000000000000000 0000000000000000 0000000000000000 0000000000000000 0000000000000000 0000000000000000 0000000000000000 0000000000000000 00000000000032cf 000000000000fae8 0000000000000000 0000000000000000 00000000416ffff4 ffffffffd4600008 0000000014c0aaf2 fffffffff22a38b4 00000000000a6055 fffffffffff9151c 00000000512fd8b9 0000000000000001 0000000000000001 0000000008e3332c fffffffffa133338 000000002caf5502 ffffffffe235c754 0000000000000001 00000000000b8af3 fffffffffffb478d 0000000000000002 0000000000000000 000000008d1456d9 000000005736fc4b 000000000dda566e 000000009aeead47 00000000f225a992 00000000000dda56 0000000000f225aa 00000000009aeead 0000000000000000
0000000000000045 0000000000000000 0000000000000045 0000000000000000 0000000000000000 0000000000000000 0000000000000826 0000000000000000 00000000000f0000 fffffffffff60000 0000000000180000 0000000000000000 0000000000000000 0000000008e3332c fffffffffa133338 000000002caf5502 ffffffffe235c754 0000000000000001 0000000000000000 0000000000000000 00000000000032cf 000000000000fae8 0000000000000000 0000000000000000 000000004a533320 ffffffffce733340 0000000014c0aaf3 fffffffff22a38b4 00000000000a6055 fffffffffff9151c 00000000477a97f6 0000000000000001 0000000000000001 0000000008d68894 fffffffffa1ba4f3 000000003592882d ffffffffdc48fa8c 0000000000000001 00000000000b8af3 fffffffffffb478d 0000000000000002 0000000000000000 000000008d1456d9 000000005736fc4b 000000000dda566e 000000009aeead47 00000000f225a992 00000000000dda56 0000000000f225aa 00000000009aeead 0000000000000000
0000000000000046 0000000000000000 0000000000000046 0000000000000000 0000000000000000 0000000000000000 0000000000000826 0000000000000000 00000000000f0000 fffffffffff60000 0000000000180000 0000000000000000 0000000000000000 0000000008d68894 fffffffffa1ba4f3 000000003592882d ffffffffdc48fa8c 0000000000000001 0000000000000000 0000000000000000 00000000000032cf 000000000000fae8 0000000000000000 0000000000000000 000000004a468888 ffffffffce7ba4fb 0000000014c0aaf3 fffffffff22a38b4 00000000000a6055 fffffffffff9151c 000000004786c876 0000000000000001 0000000000000001 000000000702d3c2 fffffffffb5372d5 000000003585dd95 ffffffffdc516c47 0000000000000001 00000000000b8af3 fffffffffffb478d 0000000000000002 0000000000000000 000000008d1456d9 000000005736fc4b 000000000dda566e 000000009aeead47 00000000f225a992 00000000000dda56 0000000000f225aa 00000000009aeead 0000000000000000
0000000000000047 0000000000000000 0000000000000047 0000000000000000 0000000000000000 0000000000000000 0000000000000826 0000000000000000 00000000000f0000 fffffffffff60000 0000000000180000 0000000000000000 0000000000000000 000000000702d3c2 fffffffffb5372d5 000000003585dd95 ffffffffdc516c47 0000000000000001 0000000000000000 0000000000000000 00000000000032cf 000000000000fae8 0000000000000000 0000000000000000 000000004872d3b6 ffffffffcfb372dd 0000000014c0aaf3 fffffffff22a38b4 00000000000a6055 fffffffffff9151c 0000000049548975 0000000000000001 0000000000000001 000000000531a775 fffffffffc89905e 0000000033b228c3 ffffffffdd893a29 0000000000000001 00000000000b8af3 fffffffffffb478d 0000000000000002 0000000000000000 000000008d1456d9 000000005736fc4b 000000000dda566e 000000009aeead47 00000000f225a992 00000000000dda56 0000000000f225aa 00000000009aeead 0000000000000000
0000000000000048 0000000000000000 0000000000000048 0000000000000000 0000000000000000 0000000000000000 0000000000000826 0000000000000000 00000000000f0000 fffffffffff60000 0000000000180000 0000000000000000 0000000000000000 000000000531a775 fffffffffc89905e 0000000033b228c3 ffffffffdd893a29 0000000000000001 0000000000000000 0000000000000000 00000000000032cf 000000000000fae8 0000000000000000 0000000000000000 0000000046a1a769 ffffffffd0e99066 0000000014c0aaf3 fffffffff22a38b4 00000000000a6055 fffffffffff9151c 000000004b377bda 0000000000000001 0000000000000001 0000000003be05b8 fffffffffd815187 0000000031e0fc76 ffffffffdebf57b2 0000000000000001 00000000000b8af3 fffffffffffb478d 0000000000000002 0000000000000000 000000008d1456d9 000000005736fc4b 000000000dda566e 000000009aeead47 00000000f225a992 00000000000dda56 0000000000f225aa 00000000009aeead 0000000000000000
0000000000000049 0000000000000000 0000000000000049 0000000000000000 0000000000000000 0000000000000000 0000000000000000 0000000000000000 0000000000000000 0000000000000000 0000000000180000 0000000000000000 0000000000000000 0000000003be05b8 fffffffffd815187 0000000031e0fc76 ffffffffdebf57b2 0000000000000001 0000000000000000 0000000000000000 0000000000000000 0000000000010000 0000000000000000 0000000000000000 0000000003be05b8 fffffffffd815187 0000000003be05b8 fffffffffd815187 000000000001df03 fffffffffffec0a9 0000000100000000 0000000000000000 0000000000000000 fffffffff9c439aa 000000000427d990 0000000000000000 0000000000000000 0000000000000000 000000000001df03 fffffffffffec0a9 0000000000000002 0000000000000000 00000000126a56c3 00000000170c09ad 000000006b44cfc8 000000007daf268b 0000000094bb3038 00000000006b44d0 000000000094bb30 00000000007daf27 0000000000000000
000000000000004a 0000000000000000 000000000000004a 0000000000000000 0000000000000000 0000000000000000 0000000000000000 0000000000000000 0000000000000000 0000000000000000 0000000000180000 0000000000000000 0000000000000000 fffffffff9c439aa 000000000427d990 0000000000000000 0000000000000000 0000000000000000 0000000000000000 0000000000000000 0000000000000000 0000000000010000 0000000000000000 0000000000000000 fffffffff9c439aa 000000000427d990 fffffffff9c439aa 000000000427d990 fffffffffffce21d 00000000000213ed 0000000100000000 0000000000000000 0000000000000000 fffffffff9c439aa 000000000427d990 0000000000000000 0000000000000000 0000000000000000 fffffffffffce21d 00000000000213ed 0000000000000005 0000000000000000 000000002663b809 000000001eac9c9c 000000005d77d5ae 0000000083db8db7 00000000a2882a53 0000000000a2882a 00000000005d77d6 000000000083db8e 0000000000000000
000000000000004b 0000000000000000 000000000000004b 0000000000000000 0000000000000000 0000000000000000 0000000000000000 0000000000000000 0000000000000000 0000000000000000 0000000000180000 0000000000000000 0000000000000000 fffffffff9c439aa 000000000427d990 0000000000000000 0000000000000000 0000000000000000 0000000000000000 0000000000000000 0000000000000000 0000000000010000 0000000000000000 0000000000000000 fffffffff9c439aa 000000000427d990 fffffffff9c439aa 000000000427d990 fffffffffffce21d 00000000000213ed 0000000100000000 0000000000000000 0000000000000000 fffffffff9c439aa 000000000427d990 0000000000000000 0000000000000000 0000000000000000 fffffffffffce21d 00000000000213ed 0000000000000005 0000000000000000 000000002663b809 000000001eac9c9c 000000005d77d5ae 0000000083db8db7 00000000a2882a53 0000000000a2882a 00000000005d77d6 000000000083db8e 0000000000000000
000000000000004c 0000000000000000 000000000000004c 0000000000000000 0000000000000000 0000000000000000 0000000000000000 0000000000000000 0000000000000000 0000000000000000 0000000000180000 0000000000000000 0000000000000000 fffffffff9c439aa 000000000427d990 0000000000000000 0000000000000000 0000000000000000 0000000000000000 0000000000000000 0000000000000000 0000000000010000 0000000000000000 0000000000000000 fffffffff9c439aa 000000000427d990 fffffffff9c439aa 000000000427d990 fffffffffffce21d 00000000000213ed 0000000100000000 0000000000000000 0000000000000000 fffffffff9c439aa 000000000427d990 0000000000000000 0000000000000000 0000000000000000 fffffffffffce21d 00000000000213ed 0000000000000005 0000000000000000 000000002663b809 000000001eac9c9c 000000005d77d5ae 0000000083db8db7 00000000a2882a53 0000000000a2882a 00000000005d77d6 000000000083db8e 0000000000000000
000000000000004d 0000000000000000 000000000000004d 0000000000000ccd fffffffffffff99a fffffffffffff99a 0000000000000000 00000000001e0000 0000000000008000 0000000000008000 0000000000180000 0000000000000000 0000000000000001 fffffffff9c439aa 000000000427d990 0000000000000000 0000000000000000 0000000000000000 0000000000000ccd 0000000000000000 0000000000000000 0000000000010000 0000000000000ccd 0000000000000000 fffffffffbbac826 0000000000000000 fffffffffbbac826 0000000000000000 fffffffffffddd64 0000000000000000 0000000100000000 0000000000000000 0000000000000000 fffffffffa087b15 0000000000000000 0000000000000000 0000000000000000 0000000000000000 fffffffffffddd64 0000000000000000 0000000000000004 0000000000000000 0000000000000000 000000002229c000 000000006eeb2000 000000006eeb2000 000000009114e000 00000000009114e0 00000000006eeb20 00000000006eeb20 0000000000000000
000000000000004e 0000000000000000 000000000000004e 0000000000000000 0000000000000000 0000000000000000 0000000000000000 0000000000000000 00000000000a0000 00000000000a0000 0000000000180000 0000000000000001 0000000000000000 fffffffffa087b15 0000000000000000 0000000000000000 0000000000000000 0000000000000000 0000000000000000 0000000000000000 0000000000000000 0000000000010000 0000000000000000 0000000000000000 0000000000000000 0000000000000000 0000000000000000 0000000000000000 0000000000000000 0000000000000000 0000000100000000 0000000000000000 0000000000000000 0000000000000000 0000000000000000 0000000000000000 0000000000000000 0000000000000000 0000000000000000 0000000000000000 0000000000000002 0000000000000000 0000000000000000 0000000000000000 0000000080000000 0000000080000000 0000000080000000 0000000000800000 0000000000800000 0000000000800000 0000000000000000
000000000000004f 0000000000000000 000000000000004f 0000000000000000 0000000000000000 0000000000000000 0000000000000000 0000000000000000 000000000000199a ffffffffffffe666 0000000000180000 0000000000000000 0000000000000000 0000000000000000 0000000000000000 0000000000000000 0000000000000000 0000000000000000 0000000000000000 0000000000000000 0000000000000000 0000000000010000 0000000000000000 0000000000000000 00000000006fafd3 ffffffffff90502d 00000000006fafd3 ffffffffff90502d 00000000000037d8 ffffffffffffc828 0000000100000000 0000000000000000 0000000000000000 00000000000f2b3f fffffffffff0d4c1 0000000000000000 0000000000000000 0000000000000000 00000000000037d8 ffffffffffffc828 0000000000000002 0000000000000000 000000000179a715 000000000407c115 000000007d3f4beb 000000007eb8f300 0000000082c0b415 00000000007d3f4c 000000000082c0b4 00000000007eb8f3 0000000000000000
0000000000000050 0000000000000000 0000000000000050 000000000001f1bc ffffffffffff1739 0000000000009a31 000000000000d538 000000000050b291 fffffffffff9834f fffffffffff13598 0000000000060000 0000000000000001 0000000000000001 00000000000f2b3f fffffffffff0d4c1 0000000000000000 0000000000000000 0000000000000000 0000000000016605 ffffffffffff2096 ffffffffffff21f0 0000000000007f60 00000000000173ef 000000000000c765 0000000000000000 0000000000000000 0000000000000000 0000000000000000 0000000000000000 0000000000000000 0000000100000000 0000000000000000 0000000000000000 0000000000000000 0000000000000000 0000000000000000 0000000000000000 0000000000000000 0000000000000000 0000000000000000 0000000000000002 0000000000000000 0000000000000000 0000000000000000 0000000080000000 0000000080000000 0000000080000000 0000000000800000 0000000000800000 0000000000800000 0000000000000000
0000000000000051 0000000000000000 0000000000000051 ffffffffffff978c fffffffffffeef9b 0000000000017986 0000000000002a4e ffffffffffab2983 fffffffffff8a97a 000000000006de0c 0000000000180000 0000000000000000 0000000000000000 0000000000000000 0000000000000000 0000000000000000 0000000000000000 0000000000000000 ffffffffffff9752 fffffffffffe88c6 000000000000dc88 0000000000008202 fffffffffffe879a ffffffffffff9b9f ffffffffe6494259 0000000014248567 ffffffffec5d89f5 000000000f616cf9 fffffffffff62ec5 000000000007b0b6 00000000c37a18d3 0000000000000001 0000000000000001 fffffffffc85fdb1 00000000044d1e02 fffffffff9ebb864 0000000004c3186e 0000000000000001 fffffffffff463ba fffffffffffb72c6 0000000000000004 0000000000000000 0000000054186a4d 000000008fb8c9f1 000000000e1765e1 00000000622fd02e 00000000f1e89a1f 0000000000f1e89a 0000000000622fd0 00000000000e1766 0000000000000000
0000000000000052 0000000000000000 0000000000000052 fffffffffffdd436 ffffffffffff3a8b fffffffffffdaaf8 000000000000c026 ffffffffffa12f32 00000000000ae135 000000000002ca1f 0000000000240000 0000000000000000 0000000000000000 fffffffffc85fdb1 00000000044d1e02 fffffffff9ebb864 0000000004c3186e 0000000000000001 ffffffffffff964e 000000000000e6b1 ffffffffffff0000 00000000000000e2 ffffffffffff18f2 ffffffffffff971a 000000002fc9b894 00000000053014fa 0000000025319b17 000000000409a838 00000000001298ce 00000000000204d4 00000000c73f3565 0000000000000001 0000000000000001 0000000004b861c3 00000000053e9133 000000000a981d7d 0000000001266cc2 0000000000000001 000000000002153f ffffffffffed68fa 0000000000000006 0000000000000000 000000005c432a62 0000000088b3150d 000000000d84e049 0000000069c80aab 00000000f27b1fb8 000000000069c80b 0000000000f27b20 00000000000d84e0 0000000000000000
0000000000000053 0000000000000000 0000000000000053 ffffffffffff7c31 000000000000c921 ffffffffffff30ea 000000000000791e 00000000001ff03e 00000000000b342a fffffffffffca51a 0000000000060000 0000000000000000 0000000000000000 0000000004b861c3 00000000053e9133 000000000a981d7d 0000000001266cc2 0000000000000001 ffffffffffffaa1d 000000000000ebae 0000000000002b17 ffffffffffff03a7 0000000000007c55 ffffffffffff2624 000000003392a1f9 fffffffffee0be3e 00000000063be15a ffffffffffdd470e 0000000000031df1 ffffffffffffeea4 000000001ef1b94e 0000000000000001 0000000000000001 0000000008f3ade5 000000000387ddd9 000000002d56c09f ffffffffff037730 0000000000000001 fffffffffffcf05d 000000000000976c 0000000000000005 0000000000000000 000000002bb6854f 00000000ae0dd00b 00000000131dd553 000000003ed45aa2 00000000ece22aad 0000000000ece22b 0000000000131dd5 00000000003ed45b 0000000000000000
0000000000000054 0000000000000000 0000000000000054 000000000000fda8 0000000000021d9b 00000000000255c4 00000000000010aa fffffffffffc5181 000000000009d6af fffffffffffa7996 0000000000180000 0000000000000000 0000000000000000 0000000008f3ade5 000000000387ddd9 000000002d56c09f ffffffffff037730 0000000000000001 ffffffffffff2d50 ffffffffffffdf93 00000000000065c3 000000000000eae8 ffffffffffff31c8 00000000000035ff 000000003763c268 ffffffffe9ffaf62 00000000172e0c90 fffffffff6caf2a3 00000000000b9706 fffffffffffb6579 000000006b21fba3 0000000000000001 0000000000000001 000000000630d560 000000000054572b 000000002035b5d8 fffffffff334bcbf 0000000000000001 00000000000c7705 00000000000061fe 0000000000000003 0000000000000000 00000000c3e72042 0000000007127a3f 000000001a8332c0 00000000de6a5302 00000000e57ccd41 00000000001a8333 0000000000de6a53 0000000000e57ccd 0000000000000000
0000000000000055 0000000000000000 0000000000000055 fffffffffffdd27d 0000000000005580 000000000000b2e9 0000000000004168 ffffffffffffa082 fffffffffff9d1ae fffffffffffc6867 0000000000240000 0000000000000000 0000000000000000 000000000630d560 000000000054572b 000000002035b5d8 fffffffff334bcbf 0000000000000001 fffffffffffe342f ffffffffffffca12 000000000000ffd9 fffffffffffff72b ffffffffffffd9f7 000000000001cd67 ffffffffebe07d80 ffffffffe8be502d ffffffffebe07d80 ffffffffe8be502d fffffffffff5f03f fffffffffff45f28 0000000100000000 0000000000000000 0000000000000000 fffffffffc2cb3df ffffffffffb1268a 0000000000000000 0000000000000000 0000000000000000 00000000000bf7f0 fffffffffff6587b 0000000000000002 0000000000000000 000000004435d560 0000000076ea172d 00000000227009ba 0000000066a5df1a 00000000dd8ff647 000000000022700a 0000000000dd8ff6 000000000066a5df 0000000000000000
0000000000000056 0000000000000000 0000000000000056 ffffffffffff2877 000000000000b975 0000000000012fe4 000000000000d64f ffffffffffaf284c 00000000000548b5 fffffffffff8bde4 0000000000060000 0000000000000000 0000000000000000 fffffffffc2cb3df ffffffffffb1268a 0000000000000000 0000000000000000 0000000000000000 fffffffffffecd31 ffffffffffffbb9f ffffffffffff2563 0000000000008535 ffffffffffff9abf fffffffffffed66b 00000000149fa5ae ffffffffd9cfd2e3 0000000002f68467 fffffffffa837989 0000000000017b42 fffffffffffd41bd 0000000024c76fc0 0000000000000001 0000000000000001 ffffffffff8a2ca8 fffffffffc1489c3 0000000011a92147 ffffffffdf4c595a 0000000000000001 fffffffffffe6da4 fffffffffffd4eb7 0000000000000004 0000000000000000 00000000c6fc31e8 00000000011a5f7d 000000001bf4b74e 00000000e2f0e936 00000000e40b48b3 0000000000e40b49 0000000000e2f0e9 00000000001bf4b7 0000000000000000
0000000000000057 0000000000000000 0000000000000057 fffffffffffe4e35 ffffffffffff8e85 00000000000182a9 000000000000d7e9 000000000024a561 fffffffffffd267b 00000000000be7d0 0000000000180000 0000000000000000 0000000000000000 ffffffffff8a2ca8 fffffffffc1489c3 0000000011a92147 ffffffffdf4c595a 0000000000000001 fffffffffffe83be fffffffffffedf3f ffffffffffff2ad1 0000000000008dbc 0000000000001dee fffffffffffe2379 fffffffff2d605c3 000000003d5212a3 fffffffffac3d43a 000000001862cd47 fffffffffffd61ea 00000000000c3167 0000000065ce5300 0000000000000001 0000000000000001 fffffffffa3ff991 000000000ac70a1b fffffffff8123189 0000000024ef455c 0000000000000001 000000000008b45a 000000000008ee2d 0000000000000003 0000000000000000 0000000038c7750e 00000000a4fec62b 00000000111ce264 0000000049e45772 00000000eee31d9d 0000000000111ce2 000000000049e457 0000000000eee31e 0000000000000000
0000000000000058 0000000000000000 0000000000000058 000000000000786e 00000000000022c8 fffffffffffe4eb6 0000000000005a1e ffffffffff9f6505 0000000000032a23 00000000000ef3d9 0000000000240000 0000000000000000 0000000000000000 fffffffffa3ff991 000000000ac70a1b fffffffff8123189 0000000024ef455c 0000000000000001 000000000000d520 0000000000010e3d 000000000000cd36 ffffffffffff66f3 0000000000005935 fffffffffffeb398 000000000618f57c 0000000043ef0097 0000000003583503 000000002543332e 000000000001ac1b 000000000012a19a 000000008c6b61d4 0000000000000001 0000000000000001 fffffffffd811643 000000000d04ef8b 0000000002c0c079 000000001eabcd69 0000000000000001 fffffffffff010b8 fffffffffff633a5 0000000000000004 0000000000000000 0000000078afcdf4 000000006da152ac 000000000cd76fb0 0000000085873da4 00000000f3289050 0000000000f32890 000000000085873e 00000000000cd770 0000000000000000
0000000000000059 0000000000000000 0000000000000059 000000000001a273 0000000000000757 ffffffffffff128c 000000000000e7cd ffffffffffe6d6bf fffffffffff5c092 000000000001c1a2 0000000000060000 0000000000000000 0000000000000000 fffffffffd811643 000000000d04ef8b 0000000002c0c079 000000001eabcd69 0000000000000001 00000000000163ad 0000000000008d55 ffffffffffff70b7 000000000000d425 000000000000d7a4 0000000000013c32 ffffffffcd3b68a2 000000000babe773 fffffffff9ec5300 000000000165a5fd fffffffffffcf629 000000000000b2d3 000000001ea493db 0000000000000001 0000000000000001 fffffffff661fcce 000000000731a316 ffffffffd34f15a2 000000000a464176 0000000000000001 fffffffffffddf80 000000000002478d 0000000000000005 0000000000000000 00000000a8761d4f 0000000033e6300b 0000000011d1d953 00000000ba47f6a2 00000000ee2e26ad 0000000000ee2e27 000000000011d1d9 0000000000ba47f7 0000000000000000
000000000000005a 0000000000000000 000000000000005a fffffffffffddb62 0000000000007f0c 0000000000007d07 0000000000008543 fffffffffff47128 fffffffffff168ee fffffffffffa8ab4 0000000000180000 0000000000000000 0000000000000000 fffffffff661fcce 000000000731a316 ffffffffd34f15a2 000000000a464176 0000000000000001 fffffffffffe3e3a 000000000000012a ffffffffffffdf1b ffffffffffff021f 000000000001bde6 ffffffffffffc50d ffffffffaf20223a ffffffffeeafe982 ffffffffe79c6cd8 fffffffffac76f3f fffffffffff3ce36 fffffffffffd63b8 000000004d3367fd 0000000000000001 0000000000000001 fffffffff5a4f256 00000000020a9d70 ffffffffc783b562 fffffffff3e87a43 0000000000000001 00000000000bc20e 00000000000427e0 0000000000000003 0000000000000000 0000000095bd81cb 000000004cc7deed 000000000ebd4fa4 00000000a47ad16f 00000000f142b05c 00000000000ebd50 0000000000a47ad1 0000000000f142b0 0000000000000000
000000000000005b 0000000000000000 000000000000005b fffffffffffdf0ad ffffffffffffd0f3 ffffffffffff1282 0000000000001f35 000000000047ec24 fffffffffff5964e 00000000000eb9fa 0000000000240000 0000000000000000 0000000000000000 fffffffff5a4f256 00000000020a9d70 ffffffffc783b562 fffffffff3e87a43 0000000000000001 fffffffffffeff4c 0000000000006df3 000000000000b172 000000000000b886 ffffffffffff932e 000000000001012f ffffffffc9d2062c 0000000047eff898 ffffffffe97e1019 000000001de2753c fffffffffff4bf08 00000000000ef13b 000000006a594dd8 0000000000000001 0000000000000001 fffffffffb060e6f 000000000c970c96 ffffffffe053f613 000000002a0d835c 0000000000000001 ffffffffffed87f9 000000000002f846 0000000000000005 0000000000000000 00000000249467fc 00000000b2b65be0 00000000145a9e12 0000000038ef060e 00000000eba561ee 0000000000eba562 0000000000145a9e 000000000038ef06 0000000000000000
000000000000005c 0000000000000000 000000000000005c 0000000000020cae ffffffffffff8d77 00000000000098ab 00000000000067fa 00000000004fb223 fffffffffffe8306 00000000000aa37b 0000000000060000 0000000000000000 0000000000000000 fffffffffb060e6f 000000000c970c96 ffffffffe053f613 000000002a0d835c 0000000000000001 0000000000015114 ffffffffffff65bb 0000000000008e64 ffffffffffff2b41 fffffffffffe9211 ffffffffffffc4b7 fffffffffad4ebc1 0000000046d9c900 ffffffffff8bde30 0000000006380726 ffffffffffffc5ef 0000000000031c04 0000000016785d2d 0000000000000001 0000000000000001 000000000152c046 000000000a9ebc38 fffffffffb490d91 0000000040a1c1da 0000000000000001 fffffffffffe7580 fffffffffffd4a2f 0000000000000006 0000000000000000 00000000c6c40dbd 0000000001840dbd 000000001bdbf243 00000000e2a00000 00000000e4240dbd 0000000000e2a000 0000000000e4240e 00000000001bdbf2 0000000000000000
000000000000005d 0000000000000000 000000000000005d 00000000000064ee 000000000001eaaa 0000000000023a75 0000000000002f0d ffffffffffd1487f 000000000008a234 000000000004b3c3 0000000000180000 0000000000000000 0000000000000000 000000000152c046 000000000a9ebc38 fffffffffb490d91 0000000040a1c1da 0000000000000001 fffffffffffee193 ffffffffffffd1ef 000000000000ea28 0000000000006779 ffffffffffff6218 000000000000f35e 0000000029d54e9d 00000000147fe95d 0000000016659f5b 000000000af9a9ba 00000000000b32d0 0000000000057cd5 00000000890f1d4d 0000000000000001 0000000000000001 0000000007bf3ec5 ffffffffffea9e23 00000000136faf42 0000000009863fa3 0000000000000001 ffffffffffff81c7 00000000000c7604 0000000000000001 0000000000000000 000000007afeccd8 000000006b37acd8 000000000ce4c328 0000000087e39000 00000000f31b3cd8 000000000087e390 00000000000ce4c3 0000000000f31b3d 0000000000000000
000000000000005e 0000000000000000 000000000000005e ffffffffffff314a 0000000000027ddb ffffffffffffce1b 00000000000093c0 ffffffffffc3a3ff fffffffffff1d1c6 00000000000a328c 0000000000240000 0000000000000000 0000000000000000 0000000007bf3ec5 ffffffffffea9e23 00000000136faf42 0000000009863fa3 0000000000000001 fffffffffffeb234 0000000000018d12 ffffffffffff88b6 ffffffffffff1d7e 0000000000006e51 fffffffffffe0522 ffffffffc7965a5b 000000002c705d82 ffffffffe29c6f23 000000001726aac3 fffffffffff14e38 00000000000b9355 00000000855dd73a 0000000000000001 0000000000000001 fffffffffb33d634 00000000053a0929 ffffffffe4f9eb38 000000001549b2bf 0000000000000001 000000000012653e fffffffffffc9af2 0000000000000002 0000000000000000 00000000af5015b4 0000000029d04822 00000000136fd115 00000000c2bfe6c9 00000000ec902eeb 0000000000136fd1 0000000000ec902f 0000000000c2bfe7 0000000000000000
000000000000005f 0000000000000000 000000000000005f ffffffffffffaf3a ffffffffffffc57d ffffffffffff2900 0000000000002e74 ffffffffffb9cca7 fffffffffff2aa88 000000000002cdee 0000000000060000 0000000000000000 0000000000000000 fffffffffb33d634 00000000053a0929 ffffffffe4f9eb38 000000001549b2bf 0000000000000001 0000000000002553 0000000000005a59 000000000000e8a0 0000000000006ae0 00000000000061ae 00000000000003cd ffffffffbf5f620f 0000000007678814 fffffffff9ce1ddb 0000000000b5b232 fffffffffffce70f 0000000000005ad9 000000001889f325 0000000000000001 0000000000000001 fffffffff87b18f8 00000000029f37b2 ffffffffc5914434 0000000006b1d5e2 0000000000000001 fffffffffffe6269 fffffffffffd5563 0000000000000004 0000000000000000 00000000c50f1fb2 0000000004dfa4f3 000000001b089dae 00000000e017bd60 00000000e4f76253 0000000000e4f762 0000000000e017bd 00000000001b089e 0000000000000000
0000000000000060 0000000000000000 0000000000000060 0000000000004a74 000000000001d72c 0000000000004c83 000000000000cc37 00000000003df4b0 fffffffffffaf55d fffffffffff6fa3a 0000000000180000 0000000000000000 0000000000000000 fffffffff87b18f8 00000000029f37b2 ffffffffc5914434 0000000006b1d5e2 0000000000000001 ffffffffffff7b12 000000000000e3db ffffffffffff0b66 0000000000004b89 fffffffffffeff11 ffffffffffffc438 ffffffffe6ea7e73 ffffffffe4cc6d94 ffffffffef177dfa ffffffffedaa1ad6 fffffffffff78bbf fffffffffff6d50d 00000000ac8f7a25 0000000000000001 0000000000000001 0000000001c66000 fffffffffc135487 fffffffff7d30079 fffffffff72252be 0000000000000001 fffffffffff4bef7 0000000000055f67 0000000000000005 0000000000000000 0000000063439122 00000000826f8339 000000000d2675d3 00000000706a06f5 00000000f2d98a2e 0000000000f2d98a 00000000000d2676 0000000000706a07 0000000000000000
0000000000000061 0000000000000000 0000000000000061 00000000000263ed fffffffffffd82d4 ffffffffffff63ad 000000000000f49e ffffffffffc4fcd6 fffffffffff80ae6 00000000000e850d 0000000000240000 0000000000000000 0000000000000000 0000000001c66000 fffffffffc135487 fffffffff7d30079 fffffffff72252be 0000000000000001 000000000002a075 fffffffffffeea62 ffffffffffffb95c 000000000000f610 000000000002d2f6 ffffffffffffaeb8 ffffffffd2acdcc3 0000000033e68c1e ffffffffe764172b 000000001c2dea2c fffffffffff3b20c 00000000000e16f5 000000008afeb10e 0000000000000001 0000000000000001 fffffffffd05a33d 0000000006a3c6f3 ffffffffeb48c598 0000000017b8a1f2 0000000000000001 fffffffffff80fa0 000000000010f024 0000000000000001 0000000000000000 00000000bcfd9590 0000000013a0403a 0000000017b1151b 00000000d4aeaaab 00000000e84eeae5 0000000000d4aeab 000000000017b115 0000000000e84eeb 0000000000000000
0000000000000062 0000000000000000 0000000000000062 000000000001b711 00000000000084dd ffffffffffff62e5 0000000000006aef 000000000054a3ff fffffffffffab090 fffffffffffd0757 0000000000060000 0000000000000000 0000000000000000 fffffffffd05a33d 0000000006a3c6f3 ffffffffeb48c598 0000000017b8a1f2 0000000000000001 0000000000012ccb 000000000000a76a 0000000000007e9c ffffffffffff2180 ffffffffffff4d5e fffffffffffed9bb ffffffffe93d4d9e 000000000a6b9173 fffffffffa549d73 0000000002987875 fffffffffffd2a4f 0000000000014c3c 000000003fc48257 0000000000000001 0000000000000001 fffffffffe6ea80f 0000000000d0ea0e ffffffffeee8b02b 0000000007d318fe 0000000000000001 000000000001d26a fffffffffffd7857 0000000000000002 0000000000000000 00000000171fe396 00000000baf7fc40 0000000016f41015 000000002e13f3ab 00000000e90befeb 000000000016f410 0000000000e90bf0 00000000002e13f4 0000000000000000
0000000000000063 0000000000000000 0000000000000063 ffffffffffff52bb fffffffffffe13bc 0000000000026352 000000000000eed9 ffffffffffe2d23f fffffffffffd03a8 00000000000294ef 0000000000180000 0000000000000000 0000000000000000 fffffffffe6ea80f 0000000000d0ea0e ffffffffeee8b02b 0000000007d318fe 0000000000000001 ffffffffffff64cd fffffffffffd82d9 ffffffffffff975d 000000000000e9a3 00000000000076c9 fffffffffffd7b12 ffffffffef2054c1 0000000012e86941 ffffffffef64a205 00000000129be01d fffffffffff7b251 0000000000094df0 00000000fbf3c1b2 0000000000000001 0000000000000001 ffffffffffce7707 00000000024604cb ffffffffffbbb2bc 00000000004c8924 0000000000000001 fffffffffffc3998 00000000000be2b5 0000000000000001 0000000000000000 00000000aa30ffc4 000000003163ffc4 000000001235803c 00000000bc668000 00000000edca7fc4 0000000000bc6680 0000000000123580 0000000000edca80 0000000000000000
0000000000000064 0000000000000000 0000000000000064 00000000000020e8 fffffffffffe7a93 0000000000019749 000000000000d666 00000000000d80e5 ffffffffffff2eea 00000000000ad93e 0000000000240000 0000000000000000 0000000000000000 ffffffffffce7707 00000000024604cb ffffffffffbbb2bc 00000000004c8924 0000000000000001 0000000000000ffc fffffffffffe3406 ffffffffffff25b1 00000000000085b6 000000000001909a ffffffffffff1d62 fffffffff5756212 000000003770a80d fffffffff902f613 0000000024c0f8fc fffffffffffc817b 000000000012607c 00000000a9b6dd6d 0000000000000001 0000000000000001 fffffffffe72e2b0 00000000092a7f88 fffffffffc726bff 0000000012afaf11 0000000000000001 00000000000dd89e 00000000000c9402 0000000000000003 0000000000000000 00000000463bb9f1 000000009aed564d 000000000f6b77e1 0000000055a731d2 00000000f094881f 00000000000f6b78 000000000055a732 0000000000f09488 0000000000000000
0000000000000065 0000000000000000 0000000000000065 fffffffffffe6c8f fffffffffffff929 ffffffffffff7564 000000000000e34e ffffffffffcf7bf2 fffffffffffbd35c fffffffffff4ece6 0000000000060000 0000000000000000 0000000000000000 fffffffffe72e2b0 00000000092a7f88 fffffffffc726bff 0000000012afaf11 0000000000000001 ffffffffffff2386 0000000000004c14 ffffffffffff5a34 000000000000c30f ffffffffffff26bd ffffffffffffab2d ffffffffefe261f2 ffffffffd399f8f5 fffffffffddf5cd0 fffffffffa2387bc fffffffffffeefae fffffffffffd11c4 0000000021cba40d 0000000000000001 0000000000000001 fffffffffd305bf1 ffffffffff1038e3 fffffffff2030522 ffffffffd9767139 0000000000000001 fffffffffffd4a9f fffffffffffe74ba 0000000000000004 0000000000000000 00000000721bddd3 00000000744b28f6 000000000ccc7c9c 000000007ee85a6f 00000000f3338365 0000000000f33383 00000000007ee85a 00000000000ccc7d 0000000000000000
0000000000000066 0000000000000000 0000000000000066 0000000000021c41 0000000000024d8f 000000000000a13a 0000000000003f14 ffffffffffdf72d2 fffffffffffd1d68 00000000000ca441 0000000000180000 0000000000000000 0000000000000000 fffffffffd305bf1 ffffffffff1038e3 fffffffff2030522 ffffffffd9767139 0000000000000001 0000000000006de8 000000000000f74c 000000000000ffef 00000000000005cb 000000000000f9b8 ffffffffffff97b8 ffffffffec4cffc4 000000003349f589 fffffffff70eab44 00000000174880c9 fffffffffffb8756 00000000000ba440 000000007436db3f 0000000000000001 0000000000000001 fffffffffdb2fadf 000000000e8099c2 fffffffff53e5480 000000001c0174c0 0000000000000001 fffffffffff4429f fffffffffffbcb13 0000000000000004 0000000000000000 000000004db8fe5a 0000000094fa23dd 000000000ea66ee5 000000005c5f6d3f 00000000f159911c 0000000000f15991 00000000005c5f6d 00000000000ea66f 0000000000000000
0000000000000067 0000000000000000 0000000000000067 ffffffffffffb5f5 fffffffffffd8397 fffffffffffe602b 000000000000bacf 00000000004542ca 0000000000093137 ffffffffffffd39f 0000000000240000 0000000000000000 0000000000000000 fffffffffdb2fadf 000000000e8099c2 fffffffff53e5480 000000001c0174c0 0000000000000001 0000000000012d63 ffffffffffff80a6 ffffffffffff0216 ffffffffffffdf66 00000000000057ef 0000000000013b26 000000002401176c 000000001239758e 0000000021613599 0000000010e55e92 000000000010b09b 00000000000872af 00000000ed56bcc4 0000000000000001 0000000000000001 000000000517e49b 000000000811b086 00000000029fe1d3 00000000015416fc 0000000000000001 00000000000640f2 ffffffffffee5ecb 0000000000000006 0000000000000000 0000000029dc94f3 00000000af4614f3 00000000136eab0d 000000003d4b4000 00000000ec9154f3 00000000003d4b40 0000000000ec9155 0000000000136eab 0000000000000000
0000000000000068 0000000000000000 0000000000000068 00000000000028e0 fffffffffffdc231 000000000000c90b 000000000000abb4 00000000000bc037 0000000000021122 0000000000019ed6 0000000000060000 0000000000000000 0000000000000000 000000000517e49b 000000000811b086 00000000029fe1d3 00000000015416fc 0000000000000001 0000000000009782 fffffffffffe40a4 ffffffffffff1f1d ffffffffffff85ae 0000000000014099 0000000000015ad9 000000000897673a 000000000aef9835 0000000003da201a 0000000004e73a3a 000000000001ed10 000000000002739d 0000000072c7bff4 0000000000000001 0000000000000001 00000000050d12da 0000000007f5f463 0000000004bd4720 0000000006085dfb 0000000000000001 0000000000013bbe fffffffffffd22fb 0000000000000006 0000000000000000 000000001add153f 00000000b8bc153f 0000000016336ac1 0000000031108000 00000000e9cc953f 0000000000311080 0000000000e9cc95 000000000016336b 0000000000000000
0000000000000069 0000000000000000 0000000000000069 00000000000011b9 000000000000b8e5 0000000000003396 0000000000003300 ffffffffffe00133 fffffffffff48561 fffffffffff19d6c 0000000000180000 0000000000000000 0000000000000000 00000000050d12da 0000000007f5f463 0000000004bd4720 0000000006085dfb 0000000000000001 ffffffffffffbcfd 0000000000004cf7 000000000000f314 000000000000504d 000000000000340f 00000000000057c5 ffffffffd22008c8 ffffffffc32d18e3 fffffffff0fb35d8 ffffffffec1654d1 fffffffffff87d9b fffffffffff60b2a 0000000053cf74a9 0000000000000001 0000000000000001 fffffffffd2e70c2 fffffffffe07267e ffffffffe124d2f0 ffffffffd716c412 0000000000000001 000000000007192c fffffffffff5bf22 0000000000000002 0000000000000000 0000000012dbfa12 00000000bd7058a0 0000000017d9d6a7 000000002ab5d0b9 00000000e8262959 000000000017d9d7 0000000000e82629 00000000002ab5d1 0000000000000000
000000000000006a 0000000000000000 000000000000006a 000000000001099b 0000000000013d44 fffffffffffe6025 0000000000003cce ffffffffffeadc71 000000000008b2ca fffffffffffe1087 0000000000240000 0000000000000000 0000000000000000 fffffffffd2e70c2 fffffffffe07267e ffffffffe124d2f0 ffffffffd716c412 0000000000000001 000000000000d1f0 000000000001a744 000000000000ff36 000000000000141b 000000000001b673 ffffffffffff4ff4 000000001b9b15cb fffffffff57a4778 000000001b9b15cb fffffffff57a4778 00000000000dcd8b fffffffffffabd24 0000000100000000 0000000000000000 0000000000000000 00000000077dddec 000000000578898c 0000000000000000 0000000000000000 0000000000000000 0000000000065439 00000000000d58e0 0000000000000001 0000000000000000 000000000eaf8024 0000000095b44024 000000002dce1fdc 000000003c7da000 00000000d231e024 00000000003c7da0 00000000002dce20 0000000000d231e0 0000000000000000
000000000000006b 0000000000000000 000000000000006b 000000000001e7dc 000000000000cb4a fffffffffffd98c3 0000000000009a2a 000000000060dd47 fffffffffff82e07 0000000000027ef7 0000000000060000 0000000000000000 0000000000000000 00000000077dddec 000000000578898c 0000000000000000 0000000000000000 0000000000000000 000000000001ce90 000000000001d893 ffffffffffff66b7 ffffffffffff32f7 fffffffffffd7290 ffffffffffff9a7a fffffffff0a533f7 000000001ee26f46 fffffffffd39604c 0000000005955aa9 fffffffffffe9cb0 000000000002caad 000000002e47d662 0000000000000001 0000000000000001 00000000045edc1f 00000000072f46ce fffffffff36bd3ab 00000000194d149d 0000000000000001 000000000002c881 fffffffffffe985a 0000000000000002 0000000000000000 000000007e377ae1 0000000067d31312 000000000cfab907 000000008b3233e8 00000000f30546fa 00000000000cfab9 0000000000f30547 00000000008b3234 0000000000000000
000000000000006c 0000000000000000 000000000000006c fffffffffffe970a fffffffffffe7974 000000000000177e 0000000000009712 ffffffffffec283c ffffffffffffba3b fffffffffff4037a 0000000000180000 0000000000000000 0000000000000000 00000000045edc1f 00000000072f46ce fffffffff36bd3ab 00000000194d149d 0000000000000001 ffffffffffff89b6 ffffffffffff10f5 ffffffffffff76b6 ffffffffffff27ee 000000000000e409 0000000000008a52 ffffffffff55440c ffffffffcdad61d4 ffffffffffab62dd ffffffffe70f875a ffffffffffffd5b1 fffffffffff387c4 000000007ededb87 0000000000000001 0000000000000001 00000000063271f7 fffffffffab3ce44 ffffffffffa9e12f ffffffffe69dda7a 0000000000000001 fffffffffff973c3 00000000000a9d04 0000000000000005 0000000000000000 00000000c416db2d 0000000006b9d560 000000001a97a7ba 00000000deae82e7 00000000e5685847 0000000000e56858 00000000001a97a8 0000000000deae83 0000000000000000
000000000000006d 0000000000000000 000000000000006d 0000000000024058 fffffffffffe29b6 fffffffffffe2543 000000000000a9d2 ffffffffffec75ab fffffffffffb8784 fffffffffffec7aa 0000000000240000 0000000000000000 0000000000000000 00000000063271f7 fffffffffab3ce44 ffffffffffa9e12f ffffffffe69dda7a 0000000000000001 000000000002bb3f 0000000000000292 ffffffffffff2508 ffffffffffff7b61 fffffffffffe938e 00000000000254c4 fffffffff91038c3 ffffffffe88d6003 fffffffff91038c3 ffffffffe88d6003 fffffffffffc881c fffffffffff446b0 0000000100000000 0000000000000000 0000000000000000 0000000004757f02 fffffffffdaccad5 0000000000000000 0000000000000000 0000000000000000 fffffffffff7c4cf 0000000000090a4a 0000000000000005 0000000000000000 000000006f597559 000000002020cd50 000000003842deac 00000000a79c5405 00000000c7bd2155 0000000000c7bd21 00000000003842df 0000000000a79c54 0000000000000000
000000000000006e 0000000000000000 000000000000006e 00000000000271c1 fffffffffffe562a 000000000001b1ce 0000000000002c4c ffffffffffb42dbb fffffffffffc8bfb 000000000000b6d3 0000000000060000 0000000000000000 0000000000000000 0000000004757f02 fffffffffdaccad5 0000000000000000 0000000000000000 0000000000000000 0000000000019e84 fffffffffffe0fb0 000000000000e2a5 0000000000007708 ffffffffffff0956 fffffffffffdaa40 fffffffff8fadbc1 00000000008a787f fffffffff9c875a5 00000000007aa107 fffffffffffce43b 0000000000003d51 00000000e2b6627c 0000000000000001 0000000000000001 0000000002fbdcef ffffffffff7b4853 ffffffffff32661c 00000000000fd778 0000000000000001 fffffffffffe57b6 fffffffffffd5bfe 0000000000000004 0000000000000000 00000000c326f5d6 0000000008807646 000000001a2c49f2 00000000dd533fc8 00000000e5d3b60e 0000000000e5d3b6 0000000000dd5340 00000000001a2c4a 0000000000000000
000000000000006f 0000000000000000 000000000000006f 000000000002703d fffffffffffe386f ffffffffffffa6b7 000000000000e499 ffffffffffb6b918 00000000000bb4f5 0000000000004ee4 0000000000180000 0000000000000000 0000000000000000 0000000002fbdcef ffffffffff7b4853 ffffffffff32661c 00000000000fd778 0000000000000001 00000000000255c8 ffffffffffff2c87 ffffffffffff607f 000000000000c83c 0000000000025753 000000000000cf0c 000000002c0c7c4b fffffffff25ded0d 0000000017d3925a fffffffff8a02e7e 00000000000be9c9 fffffffffffc5017 000000008a791fa9 0000000000000001 0000000000000001 0000000008b194a3 ffffffffff2c2e7e 000000001438e9f1 fffffffff9bdbe8f 0000000000000001 0000000000070552 fffffffffff5b180 0000000000000002 0000000000000000 0000000011206bc7 00000000be6c38ef 000000001839ada5 00000000295a196c 00000000e7c6525b 00000000001839ae 0000000000e7c652 0000000000295a19 0000000000000000
0000000000000070 0000000000000000 0000000000000070 0000000000021cdb fffffffffffe1152 000000000000c0a3 000000000000179f 000000000040156d 00000000000f0000 fffffffffff10000 0000000000060000 0000000000000000 0000000000000000 0000000008b194a3 ffffffffff2c2e7e 000000001438e9f1 fffffffff9bdbe8f 0000000000000001 000000000001cd42 fffffffffffe732e 0000000000008c2e 000000000000d636 000000000000a8ac fffffffffffdb762 0000000047c4800e ffffffffd0e1768d 0000000005365cb3 fffffffffc93eb5a 0000000000029b2e fffffffffffe49f6 000000001297c372 0000000000000001 0000000000000001 000000000d2575b0 fffffffff8e3d189 00000000428e235b ffffffffd44d8b33 0000000000000001 0000000000031e21 fffffffffffffecc 0000000000000002 0000000000000000 00000000c75bcb9b 000000000058ea1a 000000001c25a526 00000000e38170c1 00000000e3da5adb 00000000001c25a5 0000000000e3da5b 0000000000e38171 0000000000000000
0000000000000071 0000000000000000 0000000000000071 ffffffffffff6db9 fffffffffffffc09 0000000000005292 000000000000cc97 0000000000605ef7 00000000000f0000 fffffffffff10000 0000000000060000 0000000000000000 0000000000000000 000000000d2575b0 fffffffff8e3d189 00000000428e235b ffffffffd44d8b33 0000000000000001 ffffffffffff8447 ffffffffffffce0a ffffffffffff0c1a 0000000000004dc8 0000000000000a02 ffffffffffff7af2 000000004e968d24 ffffffffc7523de4 00000000050eac54 fffffffffc5a43da 0000000000028756 fffffffffffe2d22 00000000107962dd 0000000000000001 0000000000000001 0000000008b31a42 fffffffff90cbea0 000000004987e0d0 ffffffffcaf7fa0a 0000000000000001 ffffffffffff07e2 fffffffffffd096a 0000000000000006 0000000000000000 00000000ab84bea2 000000002f75bea2 000000001282c15e 00000000be078000 00000000ed7d3ea2 0000000000be0780 0000000000ed7d3f 00000000001282c1 0000000000000000
0000000000000072 0000000000000000 0000000000000072 fffffffffffe4a93 000000000000a80b fffffffffffe1395 0000000000003b84 ffffffffffecc190 00000000000f0000 fffffffffff10000 0000000000060000 0000000000000000 0000000000000000 0000000008b31a42 fffffffff90cbea0 000000004987e0d0 ffffffffcaf7fa0a 0000000000000001 ffffffffffff4882 0000000000017d51 000000000000fe73 0000000000001c1f 00000000000166da 000000000000e044 000000004414aca6 ffffffffb0fba84f 000000000411eeb6 fffffffffb46b229 00000000000208f7 fffffffffffda359 000000000f4dea8c 0000000000000001 0000000000000001 00000000020ce853 fffffffffa3fdf32 000000004002bdf0 ffffffffb5b4f626 0000000000000001 0000000000029237 000000000001c364 0000000000000003 0000000000000000 0000000063672ad6 00000000824f175d 000000000d24dee7 00000000708c09bd 00000000f2db211a 00000000000d24df 0000000000708c0a 0000000000f2db21 0000000000000000
0000000000000073 0000000000000000 0000000000000073 00000000000181ae 000000000000c5ec fffffffffffe85e3 000000000000881b 00000000005d3142 00000000000f0000 fffffffffff10000 0000000000060000 0000000000000000 0000000000000000 00000000020ce853 fffffffffa3fdf32 000000004002bdf0 ffffffffb5b4f626 0000000000000001 0000000000013d30 0000000000014c92 ffffffffffffcd7b ffffffffffff0509 fffffffffffe876c fffffffffffef891 000000004a3d68ae ffffffffc9f67ee0 00000000050a955e fffffffffc549ed7 000000000002854b fffffffffffe2a4f 0000000011624b8b 0000000000000001 0000000000000001 ffffffffff01e1ba 0000000000d49057 000000004532d350 ffffffffcda1e009 0000000000000001 fffffffffffd2ab6 0000000000014d1c 0000000000000005 0000000000000000 000000006029c28b 00000000853e54a7 000000000d4bf467 000000006d75b6f2 00000000f2b40b99 0000000000f2b40c 00000000000d4bf4 00000000006d75b7 0000000000000000
0000000000000074 0000000000000000 0000000000000074 ffffffffffffbeaf 0000000000022aa0 000000000000b3e2 0000000000004a62 ffffffffffa95818 00000000000f0000 fffffffffff10000 0000000000060000 0000000000000000 0000000000000000 ffffffffff01e1ba 0000000000d49057 000000004532d350 ffffffffcda1e009 0000000000000001 fffffffffffedf9e 000000000000d85b 000000000000f7bf ffffffffffffbf84 0000000000011a05 000000000000e096 000000003be77e1f ffffffffaf039613 0000000003b5435e fffffffffafcab35 000000000001daa2 fffffffffffd7e56 000000000fd8a979 0000000000000001 0000000000000001 fffffffff967052c 00000000017f1f21 0000000038323ac1 ffffffffb406eade 0000000000000001 000000000001f56b 0000000000026cf6 0000000000000003 0000000000000000 0000000023baa847 00000000b342d5b3 0000000014814103 00000000383be94a 00000000eb7ebefd 0000000000148141 0000000000383be9 0000000000eb7ebf 0000000000000000
0000000000000075 0000000000000000 0000000000000075 ffffffffffff1b94 fffffffffffdfd11 ffffffffffff9c5d 0000000000001a25 ffffffffffe05727 00000000000f0000 fffffffffff10000 0000000000060000 0000000000000000 0000000000000001 fffffffff967052c 00000000017f1f21 0000000038323ac1 ffffffffb406eade 0000000000000001 0000000000003493 ffffffffffff103b 0000000000009935 000000000000cd18 ffffffffffff9aa0 ffffffffffff2072 000000003c789146 0000000000000000 00000000063c420b 0000000000000000 0000000000031e21 0000000000000000 000000001a65a829 0000000000000001 0000000000000001 fffffffff74909ff 0000000000000000 00000000363c4f3b 0000000000000000 0000000000000001 0000000000027f6b 000000000001dda7 0000000000000003 0000000000000000 000000005ae9d078 0000000089e3e8c9 000000000d992360 000000006882f3d8 00000000f266dca1 00000000000d9923 00000000006882f4 0000000000f266dd 0000000000000000
0000000000000076 0000000000000000 0000000000000076 0000000000011940 0000000000027d5a 000000000000efb8 0000000000009f1e ffffffffffcf30d2 00000000000f0000 fffffffffff10000 0000000000060000 0000000000000000 0000000000000000 fffffffff74909ff 0000000000000000 00000000363c4f3b 0000000000000000 0000000000000001 ffffffffffff9724 000000000000e592 ffffffffffff4efb ffffffffffff4711 ffffffffffffad02 ffffffffffff11a7 0000000039fa7db9 ffffffffbbcc1bd7 000000000409e0c5 fffffffffb3fcd7e 00000000000204f0 fffffffffffd9fe7 0000000011d5046e 0000000000000001 0000000000000001 fffffffff5848cd1 fffffffff7aa0566 0000000035f09cf4 ffffffffc08c4e59 0000000000000001 fffffffffffce614 00000000000051d6 0000000000000005 0000000000000000 00000000179fea74 00000000baab3777 0000000016da6f0b 000000002e7a597f 00000000e92590f6 0000000000e92591 000000000016da6f 00000000002e7a59 0000000000000000
0000000000000077 0000000000000000 0000000000000077 ffffffffffff9251 0000000000008c5c 00000000000249c5 000000000000f678 000000000029ccff 00000000000f0000 fffffffffff10000 0000000000060000 0000000000000000 0000000000000000 fffffffff5848cd1 fffffffff7aa0566 0000000035f09cf4 ffffffffc08c4e59 0000000000000001 fffffffffffec4d5 fffffffffffefed8 ffffffffffffc4a8 000000000000f907 ffffffffffff0907 fffffffffffebcca 000000003b591e9d ffffffffc17cd704 00000000044b0bc8 fffffffffb7a5b61 0000000000022586 fffffffffffdbd2e 000000001284c505 0000000000000001 0000000000000001 fffffffff4305bda fffffffffc370ff1 00000000370e12d5 ffffffffc6027ba3 0000000000000001 0000000000019061 fffffffffffd4d8f 0000000000000002 0000000000000000 000000000070e67c 00000000c751a52d 000000001c1eba2c 000000001c8fa0a8 00000000e3e145d5 00000000001c1eba 0000000000e3e146 00000000001c8fa1 0000000000000000
0000000000000078 0000000000000000 0000000000000078 ffffffffffff3f8e fffffffffffe383d 000000000000e0b3 000000000000b413 ffffffffffcf742d 00000000000f0000 fffffffffff10000 0000000000060000 0000000000000000 0000000000000000 fffffffff4305bda fffffffffc370ff1 00000000370e12d5 ffffffffc6027ba3 0000000000000001 ffffffffffffccb9 fffffffffffe7723 ffffffffffff0ae9 ffffffffffffb610 00000000000186ee 0000000000004060 000000002f01d5ae ffffffffb293ab6a 00000000033c6d18 fffffffffaab8a5f 0000000000019e37 fffffffffffd55c5 00000000119f9734 0000000000000001 0000000000000001 fffffffff1291e4a fffffffffec6d2cc 000000002bc56896 ffffffffb7e8210b 0000000000000001 fffffffffffcfb36 ffffffffffff387b 0000000000000004 0000000000000000 0000000039991420 00000000a46662e7 000000001100447d 000000004a99589d 00000000eeffbb84 0000000000eeffbc 00000000004a9959 0000000000110044 0000000000000000
0000000000000079 0000000000000000 0000000000000079 000000000000ebfe fffffffffffed7aa 000000000001d4fd 000000000000afb4 00000000002c845b 00000000000f0000 fffffffffff10000 0000000000060000 0000000000000000 0000000000000000 fffffffff1291e4a fffffffffec6d2cc 000000002bc56896 ffffffffb7e8210b 0000000000000001 00000000000063c7 fffffffffffe4624 ffffffffffff1435 ffffffffffff9c50 0000000000017021 00000000000107f7 000000002c2a2523 ffffffffbf575b72 00000000038454df fffffffffad9e10d 000000000001c22a fffffffffffd6cf1 000000001462c420 0000000000000001 0000000000000001 fffffffff0711eca 0000000003b265f9 0000000028a5d044 ffffffffc47d7a65 0000000000000001 fffffffffffcf1ab ffffffffffff6202 0000000000000004 0000000000000000 000000002d9c160b 00000000acc78b44 0000000012ce2f59 00000000406a4564 00000000ed31d0a8 0000000000ed31d1 0000000000406a45 000000000012ce2f 0000000000000000
000000000000007a 0000000000000000 000000000000007a fffffffffffdc9c1 ffffffffffffc511 ffffffffffff3cbe 0000000000009a0f fffffffffff2271d 00000000000f0000 fffffffffff10000 0000000000060000 0000000000000000 0000000000000000 fffffffff0711eca 0000000003b265f9 0000000028a5d044 ffffffffc47d7a65 0000000000000001 fffffffffffedb3b 0000000000004eb5 ffffffffffff6744 ffffffffffff328e 000000000000bbff ffffffffffff122a 000000002ea17e49 ffffffffc4530b23 0000000003d6d913 fffffffffb16345b 000000000001eb6d fffffffffffd8b1a 000000001513c424 0000000000000001 0000000000000001 fffffffff0c3c518 000000000743053a 000000002acaa536 ffffffffc93cd6c8 0000000000000001 fffffffffffcfe68 000000000000d383 0000000000000005 0000000000000000 000000003d0f5622 00000000a1dec873 000000001088f0b6 000000004d9846d8 00000000ef770f4b 0000000000ef770f 00000000001088f1 00000000004d9847 0000000000000000
000000000000007b 0000000000000000 000000000000007b fffffffffffeb910 000000000001783c ffffffffffffb305 000000000000957d fffffffffff974c3 00000000000f0000 fffffffffff10000 0000000000060000 0000000000000000 0000000000000000 fffffffff0c3c518 000000000743053a 000000002acaa536 ffffffffc93cd6c8 0000000000000001 fffffffffffec249 00000000000105aa ffffffffffff7f2e ffffffffffff22c6 0000000000008ee3 fffffffffffe7e01 000000002fbb9c67 ffffffffcb7774e8 0000000004317458 fffffffffb629672 00000000000218ba fffffffffffdb14b 00000000167d21c3 0000000000000001 0000000000000001 fffffffff0c36167 000000000a385af0 000000002b8a280f ffffffffd014de76 0000000000000001 fffffffffffd06ef 000000000000f063 0000000000000005 0000000000000000 000000004565489d 000000009b921efa 000000000f844c35 0000000054e994d2 00000000f07bb3cc 0000000000f07bb4 00000000000f844c 000000000054e995 0000000000000000
000000000000007c 0000000000000000 000000000000007c fffffffffffe0a3f 0000000000027a3d fffffffffffda68a 000000000000ecdf ffffffffff9fd70e 00000000000f0000 fffffffffff10000 0000000000060000 0000000000000000 0000000000000000 fffffffff0c36167 000000000a385af0 000000002b8a280f ffffffffd014de76 0000000000000001 fffffffffffea691 000000000002c96d ffffffffffff8c1c 000000000000e444 fffffffffffd8906 000000000001dfc2 000000003d950576 ffffffffb3e02d5f 0000000003ebf220 fffffffffb26fab3 000000000001f5f9 fffffffffffd937d 00000000104d743d 0000000000000001 0000000000000001 fffffffff26733eb 0000000009ce532d 0000000039a91356 ffffffffb8b932ac 0000000000000001 000000000000a6b0 fffffffffffcf379 0000000000000006 0000000000000000 0000000046fbf70a 000000009a53f70a 000000000f5808f6 0000000056540000 00000000f0a7f70a 0000000000565400 0000000000f0a7f7 00000000000f5809 0000000000000000
000000000000007d 0000000000000000 000000000000007d 0000000000012031 fffffffffffde0a8 ffffffffffff4870 000000000000bf1c 00000000004c4b1b 00000000000f0000 fffffffffff10000 0000000000060000 0000000000000000 0000000000000000 fffffffff26733eb 0000000009ce532d 0000000039a91356 ffffffffb8b932ac 0000000000000001 000000000001b26f ffffffffffff3048 ffffffffffff0010 fffffffffffffa68 000000000000c62d 000000000001b6de 000000003001ce6b ffffffffcbda6b7f 00000000043925ad fffffffffb699f98 0000000000021c93 fffffffffffdb4d0 0000000016854550 0000000000000001 0000000000000001 ffffffffef4cc4c4 000000000e2874d8 000000002bc8a8be ffffffffd070cbe7 0000000000000001 fffffffffffda925 fffffffffffdf063 0000000000000004 0000000000000000 0000000098502b4d 00000000498fca7f 000000000f10051a 00000000a7603067 00000000f0effae6 0000000000f0effb 0000000000a76030 00000000000f1005 0000000000000000
000000000000007e 0000000000000000 000000000000007e 00000000000193da 00000000000080d3 fffffffffffe5103 0000000000000f87 00000000001eff76 00000000000f0000 fffffffffff10000 0000000000060000 0000000000000000 0000000000000000 ffffffffef4cc4c4 000000000e2874d8 000000002bc8a8be ffffffffd070cbe7 0000000000000001 00000000000171f5 0000000000014335 0000000000005f26 000000000000eda9 000000000001cf95 000000000000a28d 0000000028c4ce82 ffffffffce84615e 0000000003f705ae fffffffffb3005a9 000000000001fb83 fffffffffffd9803 0000000018e5a4f5 0000000000000001 0000000000000001 ffffffffee5b9082 000000000e67fc5a 0000000024cdc8d4 ffffffffd3545bb5 0000000000000001 000000000002bc1a fffffffffffe80c5 0000000000000002 0000000000000000 0000000077b663c1 000000006ea1db15 000000000cd3e095 00000000848a4456 00000000f32c1f6b 00000000000cd3e1 0000000000f32c1f 0000000000848a44 0000000000000000
000000000000007f 0000000000000000 000000000000007f ffffffffffffaf91 000000000002691c ffffffffffff0165 0000000000002dfb 00000000001cf7ca 00000000000f0000 fffffffffff10000 0000000000060000 0000000000000000 0000000000000000 ffffffffee5b9082 000000000e67fc5a 0000000024cdc8d4 ffffffffd3545bb5 0000000000000001 ffffffffffff518a 000000000001f748 000000000000e756 0000000000006da2 0000000000017c14 000000000001752f 00000000292bbed0 ffffffffcad80620 0000000003d17310 fffffffffb120135 000000000001e8ba fffffffffffd8901 0000000017bdc4a2 0000000000000001 0000000000000001 ffffffffef013619 000000000d96cd85 00000000255a4bc0 ffffffffcfc604eb 0000000000000001 0000000000030b81 000000000000ab6a 0000000000000003 0000000000000000 00000000aa229d5b 00000000317c0085 000000001230b110 00000000bc534e6b 00000000edcf4ef0 00000000001230b1 0000000000bc534e 0000000000edcf4f 0000000000000000
0000000000000080 0000000000000000 0000000000000080 fffffffffffe1b41 fffffffffffe582e fffffffffffe8467 000000000000f9c8 ffffffffffe71040 00000000000f0000 fffffffffff10000 0000000000060000 0000000000000000 0000000000000000 ffffffffef013619 000000000d96cd85 00000000255a4bc0 ffffffffcfc604eb 0000000000000001 ffffffffffffc8a5 ffffffffffffe678 ffffffffffffd914 000000000000fd06 ffffffffffffcd2b ffffffffffffde59 00000000314c0983 ffffffffc939ed2a 00000000042bd929 fffffffffb5d849a 00000000000215ed fffffffffffdaec2 0000000015a9593e 0000000000000001 0000000000000001 fffffffff08a11f4 000000000e6cbcea 000000002d20305a ffffffffcddc6890 0000000000000001 000000000001b586 fffffffffffd647a 0000000000000002 0000000000000000 000000000d08f439 00000000c0b3f0aa 0000000019218d8f 00000000262a81c8 00000000e6de7272 000000000019218e 0000000000e6de72 0000000000262a82 0000000000000000
0000000000000081 0000000000000000 0000000000000081 fffffffffffddad5 000000000002090d fffffffffffe54ba 0000000000009b8e 000000000017ef61 00000000000f0000 fffffffffff10000 0000000000060000 0000000000000000 0000000000000000 fffffffff08a11f4 000000000e6cbcea 000000002d20305a ffffffffcddc6890 0000000000000001 fffffffffffe72a0 0000000000022383 ffffffffffff5fce ffffffffffff3851 ffffffffffffdf58 fffffffffffd5c45 0000000032c0fa99 ffffffffdbddd845 0000000005145f71 fffffffffc62381e 0000000000028a30 fffffffffffe311c 00000000199f059a 0000000000000001 0000000000000001 fffffffff07a2e64 00000000112106c9 000000002dac9b28 ffffffffdf7ba027 0000000000000001 fffffffffffce32f ffffffffffffd233 0000000000000004 0000000000000000 000000000d38cfe5 00000000c097f111 0000000019179f85 0000000026506f6a 00000000e6e8607b 0000000000e6e860 000000000026506f 00000000001917a0 0000000000000000
0000000000000082 0000000000000000 0000000000000082 ffffffffffffe173 fffffffffffe1a66 00000000000132b2 000000000000cebf 000000000057cab9 00000000000f0000 fffffffffff10000 0000000000060000 0000000000000000 0000000000000000 fffffffff07a2e64 00000000112106c9 000000002dac9b28 ffffffffdf7ba027 0000000000000001 0000000000002745 fffffffffffe3692 ffffffffffff108f 0000000000005a93 000000000001b9bc ffffffffffff82e3 000000002a8972e1 ffffffffdebb1d25 0000000004e95b8c fffffffffc28978a 00000000000274ae fffffffffffe144c 000000001d8f28a7 0000000000000001 0000000000000001 ffffffffef3521e7 000000000f08d4bd 0000000025a01755 ffffffffe292859b 0000000000000001 ffffffffffff1288 fffffffffffd0604 0000000000000006 0000000000000000 00000000a958d08e 00000000329cd08e 0000000012052f72 00000000bb5e0000 00000000edfad08e 0000000000bb5e00 0000000000edfad1 000000000012052f 0000000000000000
0000000000000083 0000000000000000 0000000000000083 000000000001879f fffffffffffe0c93 000000000001a335 0000000000002148 ffffffffffa0c6c2 00000000000f0000 fffffffffff10000 0000000000060000 0000000000000000 0000000000000000 ffffffffef3521e7 000000000f08d4bd 0000000025a01755 ffffffffe292859b 0000000000000001 0000000000011fd3 fffffffffffdeda1 000000000000ba9f 000000000000af3d ffffffffffff4263 fffffffffffdc321 000000003321f011 ffffffffca2dcded 00000000044b735b fffffffffb7abdc0 00000000000225ba fffffffffffdbd5f 00000000158080a4 0000000000000001 0000000000000001 fffffffff1024295 000000000d5bc0b4 000000002ed67cb6 ffffffffceb3102d 0000000000000001 0000000000031e1d 00000000000004a9 0000000000000003 0000000000000000 00000000c6db0f72 0000000001586633 000000001be6452e 00000000e2c154a0 00000000e419bad3 00000000001be645 0000000000e2c155 0000000000e419bb 0000000000000000
0000000000000084 0000000000000000 0000000000000084 000000000001f779 000000000000a10b fffffffffffde991 000000000000f8ec 0000000000299041 00000000000f0000 fffffffffff10000 0000000000060000 0000000000000000 0000000000000000 fffffffff1024295 000000000d5bc0b4 000000002ed67cb6 ffffffffceb3102d 0000000000000001 000000000001cc1e 0000000000019188 ffffffffffffd3c0 000000000000fc26 0000000000017fca 000000000001db06 000000002ba3132b ffffffffc9e768fe 0000000003ea35ce fffffffffb2593c6 000000000001f51b fffffffffffd92ca 0000000016f78bb8 0000000000000001 0000000000000001 ffffffffefa3f7ba 000000000d3b49e8 0000000027b8dd5d ffffffffcec1d538 0000000000000001 0000000000018230 fffffffffffd4585 0000000000000006 0000000000000000 000000000444633e 00000000c55c633e 000000001b2f9cc2 000000001f740000 00000000e4d0633e 00000000001f7400 0000000000e4d063 00000000001b2f9d 0000000000000000
0000000000000085 0000000000000000 0000000000000085 fffffffffffee16d 0000000000014d35 ffffffffffffb801 0000000000002e76 ffffffffffbcf6df 00000000000f0000 fffffffffff10000 0000000000060000 0000000000000000 0000000000000000 ffffffffefa3f7ba 000000000d3b49e8 0000000027b8dd5d ffffffffcec1d538 0000000000000001 fffffffffffee9e1 000000000000e9f1 000000000000e8a0 0000000000006ae0 0000000000006078 0000000000015e64 000000002fc11918 ffffffffbc486bdc 000000000397f180 fffffffffae77db1 000000000001cbf9 fffffffffffd73bf 0000000013439c02 0000000000000001 0000000000000001 fffffffff05c3cae 000000000d61b735 000000002c292798 ffffffffc160ee2b 0000000000000001 00000000000310ba 00000000000091ac 0000000000000003 0000000000000000 00000000af280576 000000002a0d9431 000000001365332d 00000000c28d38a3 00000000ec9accd4 0000000000136533 0000000000c28d39 0000000000ec9acd 0000000000000000
0000000000000086 0000000000000000 0000000000000086 000000000001e15c ffffffffffffa199 00000000000170c0 000000000000e663 00000000003b2fdb 00000000000f0000 fffffffffff10000 0000000000060000 0000000000000000 0000000000000000 fffffffff05c3cae 000000000d61b735 000000002c292798 ffffffffc160ee2b 0000000000000001 000000000000e575 fffffffffffef49a ffffffffffff6966 000000000000cf04 00000000000156dc ffffffffffffaec1 000000002c054b93 ffffffffd5f362a8 0000000004824675 fffffffffbb16adf 0000000000024123 fffffffffffdd8b5 000000001a38a0a7 0000000000000001 0000000000000001 ffffffffef9f4310 000000001134de29 000000002783051e ffffffffda41f7c9 0000000000000001 0000000000008e63 fffffffffffceeac 0000000000000006 0000000000000000 000000004dc099c5 0000000094f219c5 000000000ea6a63b 000000005c674000 00000000f15959c5 00000000005c6740 0000000000f1595a 00000000000ea6a6 0000000000000000
0000000000000087 0000000000000000 0000000000000087 0000000000023f88 00000000000154ed fffffffffffebe1c 0000000000002d73 ffffffffffe1db35 00000000000f0000 fffffffffff10000 0000000000060000 0000000000000000 0000000000000000 ffffffffef9f4310 000000001134de29 000000002783051e ffffffffda41f7c9 0000000000000001 0000000000017958 0000000000017ead 000000000000e5e3 00000000000070a3 000000000001fdab ffffffffffff5585 00000000284de686 ffffffffce36e743 0000000003ec637e fffffffffb275672 000000000001f632 fffffffffffd93ab 0000000018eb8e19 0000000000000001 0000000000000001 ffffffffef6d7acf 000000001043157a 0000000024618308 ffffffffd30f90d1 0000000000000001 0000000000030a04 000000000000b208 0000000000000003 0000000000000000 00000000a8cedd2f 0000000033650817 0000000011e60d5d 00000000bab4ea8c 00000000ee19f2a3 000000000011e60d 0000000000bab4eb 0000000000ee19f3 0000000000000000
0000000000000088 0000000000000000 0000000000000088 0000000000004480 000000000001ca32 0000000000010e68 000000000000ffe7 ffffffffff9dd55e 00000000000f0000 fffffffffff10000 0000000000060000 0000000000000000 0000000000000000 ffffffffef6d7acf 000000001043157a 0000000024618308 ffffffffd30f90d1 0000000000000001 ffffffffffff3acc 0000000000006c6b ffffffffffffff50 0000000000010000 ffffffffffff3a81 0000000000006be3 00000000346004b3 ffffffffbf68abe3 0000000003ed5f16 fffffffffb28224a 000000000001f6b0 fffffffffffd9411 0000000013321379 0000000000000001 0000000000000001 fffffffff17efe69 00000000101cd90c 000000003072a59d ffffffffc4408999 0000000000000001 000000000001f506 fffffffffffd92b7 0000000000000002 0000000000000000 0000000023956d7c 00000000b35acba5 000000001487e370 00000000381d50ec 00000000eb781c91 00000000001487e3 0000000000eb781d 0000000000381d51 0000000000000000
0000000000000089 0000000000000000 0000000000000089 0000000000008bcc ffffffffffffe9d4 000000000001a72e 0000000000004108 ffffffffffbfb544 00000000000f0000 fffffffffff10000 0000000000060000 0000000000000000 0000000000000000 fffffffff17efe69 00000000101cd90c 000000003072a59d ffffffffc4408999 0000000000000001 ffffffffffffd787 fffffffffffefee1 000000000000ffeb fffffffffffff985 fffffffffffefffc 0000000000002ef8 000000003756668a ffffffffc508b5b4 0000000004445818 fffffffffb7407ee 000000000002222c fffffffffffdba04 0000000013bd5b1d 0000000000000001 0000000000000001 fffffffff1495a8c 000000001310e94a 0000000033120e72 ffffffffc994adc6 0000000000000001 00000000000237f9 00000000000230bb 0000000000000003 0000000000000000 000000003d0fa20c 00000000a1dfa05f 0000000010885ecb 000000004d9800d7 00000000ef77a136 000000000010885f 00000000004d9801 0000000000ef77a1 0000000000000000
000000000000008a 0000000000000000 000000000000008a ffffffffffff07a6 ffffffffffff6065 0000000000020d98 00000000000060d0 ffffffffffba3bd9 00000000000f0000 fffffffffff10000 0000000000060000 0000000000000000 0000000000000000 fffffffff1495a8c 000000001310e94a 0000000033120e72 ffffffffc994adc6 0000000000000001 fffffffffffee06f fffffffffffe7467 000000000000b160 ffffffffffff4768 ffffffffffffbd42 000000000001e480 0000000034527bfd ffffffffbf993fda 0000000003ee8b11 fffffffffb2915c5 000000000001f746 fffffffffffd948b 00000000133cc64f 0000000000000001 0000000000000001 fffffffff01d4986 0000000013f0e8c3 000000003063f0ec ffffffffc4702a15 0000000000000001 000000000000424f 0000000000031b60 0000000000000001 0000000000000000 000000006238d375 0000000083605375 000000000d336c8b 000000006f6c4000 00000000f2cc9375 00000000006f6c40 00000000000d336d 0000000000f2cc93 0000000000000000
000000000000008b 0000000000000000 000000000000008b 000000000001db3c 0000000000012dbe 000000000001bd78 000000000000c8c3 ffffffffffcf36e8 00000000000f0000 fffffffffff10000 0000000000060000 0000000000000000 0000000000000000 fffffffff01d4986 0000000013f0e8c3 000000003063f0ec ffffffffc4702a15 0000000000000001 00000000000043c1 ffffffffffffad05 ffffffffffff05e1 000000000000368e 0000000000005f83 0000000000003084 000000002ff4e0a3 ffffffffcabc092b 00000000042c0e9a fffffffffb5db4b5 0000000000021607 fffffffffffdaeda 0000000016457703 0000000000000001 0000000000000001 ffffffffef1a4eee 0000000016da87e0 000000002bc8d209 ffffffffcf5e5476 0000000000000001 fffffffffffe2e47 fffffffffffd77d5 0000000000000004 0000000000000000 00000000bb1d83a2 0000000016e0e02c 000000001700ce19 00000000d21e51bb 00000000e8ff31e7 0000000000e8ff32 0000000000d21e52 00000000001700ce 0000000000000000
000000000000008c 0000000000000000 000000000000008c ffffffffffff18f4 000000000001ab6c 000000000001ffc0 000000000000175f ffffffffffbdf683 00000000000f0000 fffffffffff10000 0000000000060000 0000000000000000 0000000000000000 ffffffffef1a4eee 0000000016da87e0 000000002bc8d209 ffffffffcf5e5476 0000000000000001 fffffffffffe2ce8 ffffffffffffcf50 0000000000008add 000000000000d711 fffffffffffe5d2f 000000000000d477 0000000037de5c7f ffffffffc8dc80e9 0000000004701f52 fffffffffb9eb8b1 0000000000023810 fffffffffffdcf5c 000000001455eae5 0000000000000001 0000000000000001 fffffffff033e499 000000001733611c 00000000336e3d2d ffffffffcd3dc838 0000000000000001 0000000000030d58 ffffffffffff5d24 0000000000000002 0000000000000000 00000000abd47465 000000002f03c919 000000001293e141 00000000be6855a6 00000000ed6c1ebf 00000000001293e1 0000000000ed6c1f 0000000000be6856 0000000000000000
000000000000008d 0000000000000000 000000000000008d 00000000000084c4 fffffffffffdf1fb 000000000001721d 000000000000b477 000000000032a11c 00000000000f0000 fffffffffff10000 0000000000060000 0000000000000000 0000000000000000 fffffffff033e499 000000001733611c 00000000336e3d2d ffffffffcd3dc838 0000000000000001 0000000000008c7b fffffffffffdfa9f ffffffffffff0a36 ffffffffffffb86b 000000000001c976 000000000001178c 0000000029a6d315 ffffffffd8743452 0000000004859af2 fffffffffbb4ea09 00000000000242cd fffffffffffdda75 000000001bcae3b6 0000000000000001 0000000000000001 ffffffffedbeccb4 0000000017d16430 0000000025213823 ffffffffdcbf4a49 0000000000000001 fffffffffffd4e89 fffffffffffe6df3 0000000000000004 0000000000000000 000000007410bb6a 0000000072563dde 000000000ccc835c 0000000080dd3ec6 00000000f3337ca4 0000000000f3337d 000000000080dd3f 00000000000ccc83 0000000000000000
000000000000008e 0000000000000000 000000000000008e fffffffffffeb0e8 ffffffffffff5691 0000000000016dd6 000000000000bb91 ffffffffffdd0e70 00000000000f0000 fffffffffff10000 0000000000060000 0000000000000000 0000000000000000 ffffffffedbeccb4 0000000017d16430 0000000025213823 ffffffffdcbf4a49 0000000000000001 fffffffffffedf22 fffffffffffecaf7 ffffffffffff0184 ffffffffffffe42c 000000000001529b ffffffffffff0270 00000000294ab5da ffffffffd59cf08b 000000000459db90 fffffffffb8899ed 0000000000022cee fffffffffffdc44d 000000001af9aa07 0000000000000001 0000000000000001 ffffffffee6c5500 0000000016915e7e 0000000024f0da4a ffffffffda14569e 0000000000000001 fffffffffffd8b25 fffffffffffe1483 0000000000000004 0000000000000000 000000008de26cfa 00000000564695ee 000000000deb7e8c 000000009bcdeb86 00000000f2148174 0000000000f21481 00000000009bcdec 00000000000deb7f 0000000000000000
000000000000008f 0000000000000000 000000000000008f 0000000000022b0f 0000000000025340 0000000000025757 000000000000222e ffffffffffbe83cf 00000000000f0000 fffffffffff10000 0000000000060000 0000000000000000 0000000000000000 ffffffffee6c5500 0000000016915e7e 0000000024f0da4a ffffffffda14569e 0000000000000001 ffffffffffffe3d7 fffffffffffffda4 000000000000be68 000000000000ab1e ffffffffffffeb6c 000000000000135e 00000000303a87b8 ffffffffcb95d4fa 000000000438d7cd fffffffffb6957ec 0000000000021c6c fffffffffffdb4ac 0000000016692b28 0000000000000001 0000000000000001 ffffffffeff85aa2 00000000153839f4 000000002c01afeb ffffffffd02c7d0e 0000000000000001 0000000000031e12 000000000000095e 0000000000000003 0000000000000000 00000000c62a6380 0000000002b4433c 000000001b90aca2 00000000e1bb1022 00000000e46f535e 00000000001b90ad 0000000000e1bb10 0000000000e46f53 0000000000000000
0000000000000090 0000000000000000 0000000000000090 fffffffffffea0a5 0000000000003f3a 000000000001da0a 0000000000000981 000000000019bbff 00000000000f0000 fffffffffff10000 0000000000060000 0000000000000000 0000000000000000 ffffffffeff85aa2 00000000153839f4 000000002c01afeb ffffffffd02c7d0e 0000000000000001 fffffffffffe62ac ffffffffffff12d2 0000000000003b27 000000000000f913 fffffffffffe370d ffffffffffff78be 00000000393df154 ffffffffd98e2802 00000000052d219a fffffffffc8604ca 0000000000029691 fffffffffffe4302 0000000017264f47 0000000000000001 0000000000000001 fffffffff11d28b6 000000001635de6f 000000003410cfba ffffffffdd082338 0000000000000001 000000000002eb77 fffffffffffee824 0000000000000002 0000000000000000 00000000927921f6 0000000050ca6dc1 000000000e5e3825 00000000a0d75a1b 00000000f1a1c7dc 00000000000e5e38 0000000000f1a1c8 0000000000a0d75a 0000000000000000
0000000000000091 0000000000000000 0000000000000091 000000000001b23b 000000000000e6a8 fffffffffffddd96 0000000000008d90 000000000018f9af 00000000000f0000 fffffffffff10000 0000000000060000 0000000000000000 0000000000000000 fffffffff11d28b6 000000001635de6f 000000003410cfba ffffffffdd082338 0000000000000001 0000000000018abe 000000000001c0a4 ffffffffffffac59 ffffffffffff0e0d fffffffffffdf853 fffffffffffed8f9 000000003b81f5cc ffffffffdd252366 0000000005616146 fffffffffcd93d15 000000000002b0b1 fffffffffffe6c9f 000000001725719a 0000000000000001 0000000000000001 fffffffff0ca8132 0000000014ffd856 0000000036209486 ffffffffe04be651 0000000000000001 fffffffffffcf14c 0000000000009c33 0000000000000005 0000000000000000 000000002d179498 00000000ad218b02 0000000012e37033 000000003ffb04cb 00000000ed1c8fcd 0000000000ed1c90 000000000012e370 00000000003ffb05 0000000000000000
0000000000000092 0000000000000000 0000000000000092 0000000000008851 0000000000007bac fffffffffffe8da0 000000000000acbb ffffffffffc4034c 00000000000f0000 fffffffffff10000 0000000000060000 0000000000000000 0000000000000000 fffffffff0ca8132 0000000014ffd856 0000000036209486 ffffffffe04be651 0000000000000001 000000000000ad1d 0000000000011d3d ffffffffffff1c22 ffffffffffff8b53 fffffffffffeb335 0000000000001816 0000000037eb5b37 ffffffffcaf725a7 000000000486344a fffffffffbb58ba0 000000000002431a fffffffffffddac6 0000000014b64882 0000000000000001 0000000000000001 ffffffffef9f918a 000000001265981f 00000000336526ed ffffffffcf419a07 0000000000000001 fffffffffffd0f32 fffffffffffef6db 0000000000000004 0000000000000000 000000004c8af568 0000000095ee961a 000000000ec33a3f 000000005b4e2fa7 00000000f13cc5c1 0000000000f13cc6 00000000005b4e30 00000000000ec33a 0000000000000000
0000000000000093 0000000000000000 0000000000000093 000000000001f052 0000000000012a12 000000000001f481 00000000000019e2 ffffffffffec7b5f 00000000000f0000 fffffffffff10000 0000000000060000 0000000000000000 0000000000000000 ffffffffef9f918a 000000001265981f 00000000336526ed ffffffffcf419a07 0000000000000001 00000000000040b0 ffffffffffff8b20 00000000000097de 000000000000ce17 ffffffffffffeebe ffffffffffff7b89 000000003151d510 ffffffffd0781f88 00000000047d6087 fffffffffbac4ff6 0000000000023eb0 fffffffffffdd628 00000000174dfd27 0000000000000001 0000000000000001 ffffffffee45903b 0000000013908f2c 000000002cd47489 ffffffffd4cbcf92 0000000000000001 0000000000031734 ffffffffffff970f 0000000000000002 0000000000000000 00000000b6a77c29 000000001e4b7a4e 00000000158684c5 00000000cc2e00ee 00000000ea797b3c 0000000000158685 0000000000ea797b 0000000000cc2e01 0000000000000000
0000000000000094 0000000000000000 0000000000000094 0000000000002226 fffffffffffe100c 0000000000007e23 00000000000054f5 ffffffffffe421ed 00000000000f0000 fffffffffff10000 0000000000060000 0000000000000000 0000000000000000 ffffffffee45903b 0000000013908f2c 000000002cd47489 ffffffffd4cbcf92 0000000000000001 000000000000920a fffffffffffe98d7 000000000000dee3 ffffffffffff8213 fffffffffffe7f76 0000000000003185 000000003647ee56 ffffffffcd80067c 000000000490b1e3 fffffffffbc0b6aa 0000000000024859 fffffffffffde05b 000000001587ccb3 0000000000000001 0000000000000001 ffffffffef154fd0 0000000013340e88 0000000031b73c73 ffffffffd1bf4fd2 0000000000000001 000000000000b9e3 000000000003082e 0000000000000001 0000000000000000 00000000418e926f 000000009e80126f 000000000ff8ad91 0000000051874000 00000000f007526f 0000000000518740 00000000000ff8ae 0000000000f00752 0000000000000000
0000000000000095 0000000000000000 0000000000000095 ffffffffffff25e2 000000000001e4eb fffffffffffdf6bc 0000000000007b6f ffffffffffe595e3 00000000000f0000 fffffffffff10000 0000000000060000 0000000000000000 0000000000000000 ffffffffef154fd0 0000000013340e88 0000000031b73c73 ffffffffd1bf4fd2 0000000000000001 ffffffffffff7ab4 00000000000244eb 0000000000001cb4 ffffffffffff019d 000000000000c597 fffffffffffdcdb0 000000002cf37cfc ffffffffd78d78db 0000000004a29a44 fffffffffbd44924 000000000002514d fffffffffffdea25 000000001a65ca37 0000000000000001 0000000000000001 ffffffffed91fe1c 0000000014de2a1d 000000002850e2b8 ffffffffdbb92fb7 0000000000000001 fffffffffffdee4b 0000000000025503 0000000000000005 0000000000000000 00000000ac58ead1 000000002e4210a4 0000000012b28246 00000000bf0b6d17 00000000ed4d7dbb 0000000000ed4d7e 000000000012b282 0000000000bf0b6d 0000000000000000
0000000000000096 0000000000000000 0000000000000096 0000000000005e14 0000000000018c9c fffffffffffea6be 0000000000008ad8 ffffffffffe16ecc 00000000000f0000 fffffffffff10000 0000000000060000 0000000000000000 0000000000000000 ffffffffed91fe1c 0000000014de2a1d 000000002850e2b8 ffffffffdbb92fb7 0000000000000001 0000000000002d9a 000000000001ac51 ffffffffffffbcab ffffffffffff0903 ffffffffffff635a fffffffffffe6ec1 0000000031829106 ffffffffd605f553 0000000004c18bf9 fffffffffbf7b629 00000000000260c6 fffffffffffdfbdb 0000000018978851 0000000000000001 0000000000000001 ffffffffeec1d467 00000000142a10c6 000000002cc1050d ffffffffda0e3f2a 0000000000000001 fffffffffffd2ce7 00000000000151dc 0000000000000005 0000000000000000 000000006188cc83 0000000084029243 000000000d3a509d 000000006ec31d20 00000000f2c5af63 0000000000f2c5af 00000000000d3a51 00000000006ec31d 0000000000000000
0000000000000097 0000000000000000 0000000000000097 fffffffffffd9b97 0000000000020790 fffffffffffdf142 0000000000000fcf ffffffffffa9c647 00000000000f0000 fffffffffff10000 0000000000060000 0000000000000000 0000000000000000 ffffffffeec1d467 00000000142a10c6 000000002cc1050d ffffffffda0e3f2a 0000000000000001 fffffffffffe6a1e 0000000000025c15 00000000000060c9 000000000000ed00 ffffffffffff6ca0 000000000002c8b3 00000000338b3928 ffffffffba98de9e 0000000003b7bcc9 fffffffffafe80af 000000000001dbde fffffffffffd7f40 000000001276f15a 0000000000000001 0000000000000001 ffffffffef08f20a 0000000011375787 000000002fd37c5f ffffffffbf9a5def 0000000000000001 000000000002aacc fffffffffffe62b7 0000000000000002 0000000000000000 000000006f0c6396 00000000774efc40 000000000cd25015 000000007bdeb3ab 00000000f32dafeb 00000000000cd250 0000000000f32db0 00000000007bdeb4 0000000000000000
0000000000000098 0000000000000000 0000000000000098 fffffffffffdb90e fffffffffffd97c4 fffffffffffdba2d 000000000000ed0a ffffffffffe84e75 00000000000f0000 fffffffffff10000 0000000000060000 0000000000000000 0000000000000000 ffffffffef08f20a 0000000011375787 000000002fd37c5f ffffffffbf9a5def 0000000000000001 0000000000000ab9 ffffffffffffec22 ffffffffffff8d13 000000000000e4c1 0000000000001280 fffffffffffff310 0000000030272b52 ffffffffcca702b7 000000000443ec41 fffffffffb73a2c4 00000000000221f6 fffffffffffdb9d1 0000000016ad1599 0000000000000001 0000000000000001 ffffffffee507cb2 00000000153cef14 000000002be33f11 ffffffffd1335ff3 0000000000000001 000000000000e27f fffffffffffd02ae 0000000000000006 0000000000000000 0000000035d65349 00000000a715d349 000000001189ecb7 0000000047604000 00000000ee761349 0000000000476040 0000000000ee7613 00000000001189ed 0000000000000000
0000000000000099 0000000000000000 0000000000000099 fffffffffffe688f fffffffffffefc20 ffffffffffff11cb 000000000000e799 fffffffffffe3891 00000000000f0000 fffffffffff10000 0000000000060000 0000000000000000 0000000000000000 ffffffffee507cb2 00000000153cef14 000000002be33f11 ffffffffd1335ff3 0000000000000001 ffffffffffff9666 fffffffffffff37d ffffffffffff6fa9 000000000000d36d ffffffffffffafd7 ffffffffffffba20 00000000311dc073 ffffffffd4be0b9b 0000000004ade794 fffffffffbe0fb41 00000000000256f4 fffffffffffdf07e 000000001863a1bb 0000000000000001 0000000000000001 ffffffffee9c21fb 0000000015df4285 000000002c6fd8df ffffffffd8dd105a 0000000000000001 000000000000c53e fffffffffffcfaa2 0000000000000006 0000000000000000 000000003e4fe6e9 00000000a0eee6e9 0000000010609917 000000004eb08000 00000000ef9f66e9 00000000004eb080 0000000000ef9f67 0000000000106099 0000000000000000
000000000000009a 0000000000000000 000000000000009a 000000000001a1d1 0000000000019a35 000000000000a9d7 000000000000b4e2 00000000004448ef 00000000000f0000 fffffffffff10000 0000000000060000 0000000000000000 0000000000000001 ffffffffee9c21fb 0000000015df4285 000000002c6fd8df ffffffffd8dd105a 0000000000000001 0000000000005532 0000000000008ac6 ffffffffffff097c ffffffffffffbaf7 ffffffffffff6365 0000000000002c9e 0000000032acb0e5 0000000000000000 00000000063c420b 0000000000000000 0000000000031e21 0000000000000000 000000001f800b7f 0000000000000001 0000000000000001 ffffffffeef8f3bb 0000000000000000 000000002c706eda 0000000000000000 0000000000000001 ffffffffffff28c5 fffffffffffcff71 0000000000000006 0000000000000000 00000000a4bc7a48 00000000391efa48 00000000111245b8 00000000b5cec000 00000000eeedba48 0000000000b5cec0 0000000000eeedba 0000000000111246 0000000000000000
000000000000009b 0000000000000000 000000000000009b 0000000000010f57 0000000000024f73 0000000000007fd5 0000000000001a38 ffffffffffb10689 00000000000f0000 fffffffffff10000 0000000000060000 0000000000000000 0000000000000000 ffffffffeef8f3bb 0000000000000000 000000002c706eda 0000000000000000 0000000000000001 ffffffffffffc522 0000000000010bab 000000000000999a 000000000000cccd 0000000000007182 000000000000f975 000000002ebe8795 ffffffffaf0dcbd6 00000000031e41ce fffffffffa99ac89 0000000000018f21 fffffffffffd4cd6 000000001113bdd4 0000000000000001 0000000000000001 ffffffffeeb59cb4 fffffffff688ff30 000000002ba045c7 ffffffffb4741f4d 0000000000000001 000000000002de02 fffffffffffec68c 0000000000000002 0000000000000000 000000008a429db2 000000005a7d1afb 000000000da023aa 0000000097e2c15c 00000000f25fdc57 00000000000da024 0000000000f25fdc 000000000097e2c1 0000000000000000
000000000000009c 0000000000000000 000000000000009c fffffffffffebfb6 fffffffffffefb91 0000000000026bec 00000000000017f2 ffffffffffd96979 00000000000f0000 fffffffffff10000 0000000000060000 0000000000000000 0000000000000000 ffffffffeeb59cb4 fffffffff688ff30 000000002ba045c7 ffffffffb4741f4d 0000000000000001 fffffffffffeb2a4 fffffffffffe03bb 0000000000008de6 000000000000d513 fffffffffffdd0cf ffffffffffff11bc 00000000398cff28 ffffffffb402ddac 0000000003c3bcad fffffffffb078093 000000000001e1de fffffffffffd83c0 0000000010bef091 0000000000000001 0000000000000001 fffffffff02a7a81 fffffffffd4ef1d3 0000000035c9427b ffffffffb8fb5d19 0000000000000001 000000000002f1bc fffffffffffef988 0000000000000002 0000000000000000 00000000968cf465 000000004bc535e6 000000000ed6eadb 00000000a563df40 00000000f1291526 00000000000ed6eb 0000000000f12915 0000000000a563df 0000000000000000
000000000000009d 0000000000000000 000000000000009d ffffffffffff60e4 fffffffffffe8116 0000000000006cdb 000000000000518d 0000000000432d2a 00000000000f0000 fffffffffff10000 0000000000060000 0000000000000000 0000000000000000 fffffffff02a7a81 fffffffffd4ef1d3 0000000035c9427b ffffffffb8fb5d19 0000000000000001 fffffffffffff148 fffffffffffee414 000000000000e8a0 ffffffffffff9520 ffffffffffff0426 00000000000083e8 0000000035c64184 ffffffffc2dd4228 00000000041e41a7 fffffffffb516cb5 0000000000020f21 fffffffffffda8b6 00000000139aebc5 0000000000000001 0000000000000001 ffffffffeee10c77 000000000251b7a3 0000000031a7ffdd ffffffffc78bd573 0000000000000001 0000000000014481 000000000002d930 0000000000000001 0000000000000000 00000000181ebdf4 00000000ba5f3df4 0000000016c1020c 000000002edfc000 00000000e93efdf4 00000000002edfc0 000000000016c102 0000000000e93efe 0000000000000000
000000000000009e 0000000000000000 000000000000009e 0000000000011cb4 00000000000184fe 000000000001bf7b 000000000000274a ffffffffffc0d86d 00000000000f0000 fffffffffff10000 0000000000060000 0000000000000000 0000000000000000 ffffffffeee10c77 000000000251b7a3 0000000031a7ffdd ffffffffc78bd573 0000000000000001 ffffffffffffa6fa ffffffffffffde3b 000000000000d250 00000000000091f5 ffffffffffffb180 00000000000035e2 0000000031b3618c ffffffffb72053f3 00000000038367a4 fffffffffad93f22 000000000001c1b4 fffffffffffd6ca0 000000001218aef2 0000000000000001 0000000000000001 ffffffffee045c2f 0000000004990663 000000002e2ff9e8 ffffffffbc4714d1 0000000000000001 0000000000031e18 fffffffffffff982 0000000000000002 0000000000000000 00000000c6961e35 0000000001dfcaad 000000001bc50b8f 00000000e25b29c4 00000000e43af471 00000000001bc50c 0000000000e43af4 0000000000e25b2a 0000000000000000
000000000000009f 0000000000000000 000000000000009f fffffffffffefe12 0000000000009643 fffffffffffe566c 000000000000519e 000000000018ff17 00000000000f0000 fffffffffff10000 0000000000060000 0000000000000000 0000000000000000 ffffffffee045c2f 0000000004990663 000000002e2ff9e8 ffffffffbc4714d1 0000000000000001 ffffffffffffafd2 0000000000014c76 000000000000e876 ffffffffffff94c5 0000000000014f7a ffffffffffffbd8d 0000000029c2a3ea ffffffffc7ee729b 0000000003b97edc fffffffffaffcf6c 000000000001dcbf fffffffffffd7fe8 0000000016d523b6 0000000000000001 0000000000000001 ffffffffece3feba 000000000968946a 000000002609250e ffffffffcceea32f 0000000000000001 0000000000017d8b 000000000002bd06 0000000000000001 0000000000000000 0000000005cb9942 00000000c4911942 000000001ad1a6be 00000000209d4000 00000000e52e5942 0000000000209d40 00000000001ad1a7 0000000000e52e59 0000000000000000
00000000000000a0 0000000000000000 00000000000000a0 0000000000020f3d 0000000000004374 fffffffffffeb8b9 000000000000bb0e 00000000001c3fbd 00000000000f0000 fffffffffff10000 0000000000060000 0000000000000000 0000000000000000 ffffffffece3feba 000000000968946a 000000002609250e ffffffffcceea32f 0000000000000001 000000000001b61b 000000000000e3e5 ffffffffffff01e4 ffffffffffffe0f5 fffffffffffee8aa 000000000001973c 0000000032ee72f6 ffffffffc4e827d9 00000000041221c3 fffffffffb46de27 0000000000020911 fffffffffffda36f 0000000014762287 0000000000000001 0000000000000001 ffffffffeed145ca 0000000009cac40f 000000002edc5133 ffffffffc9a149b2 0000000000000001 fffffffffffd68b7 fffffffffffe4418 0000000000000004 0000000000000000 000000008025f958 0000000065c035c3 000000000d0ce873 000000008d32e1cb 00000000f2f3178e 0000000000f2f318 00000000008d32e2 00000000000d0ce8 0000000000000000
00000000000000a1 0000000000000000 00000000000000a1 000000000001328f ffffffffffff6d75 000000000001daa5 000000000000cc26 ffffffffffab1448 00000000000f0000 fffffffffff10000 0000000000060000 0000000000000000 0000000000000000 ffffffffeed145ca 0000000009cac40f 000000002edc5133 ffffffffc9a149b2 0000000000000001 0000000000005f02 fffffffffffe995c ffffffffffff0b48 0000000000004b28 00000000000172bb fffffffffffff188 0000000029ebac32 ffffffffbc32b601 00000000034771d2 fffffffffab24aa2 000000000001a3b9 fffffffffffd5925 0000000014064e72 0000000000000001 0000000000000001 ffffffffed798d2a 000000000bcfe187 0000000026a43a60 ffffffffc1806b5f 0000000000000001 fffffffffffdf248 fffffffffffda77a 0000000000000004 0000000000000000 00000000ad5c718e 000000002cc10f30 0000000012f13fa1 00000000c04db12f 00000000ed0ec05f 0000000000ed0ec0 0000000000c04db1 000000000012f140 0000000000000000
00000000000000a2 0000000000000000 00000000000000a2 000000000000069e fffffffffffeb43f 000000000000b952 0000000000009e39 00000000003ec5d3 00000000000f0000 fffffffffff10000 0000000000060000 0000000000000000 0000000000000000 ffffffffed798d2a 000000000bcfe187 0000000026a43a60 ffffffffc1806b5f 0000000000000001 0000000000003539 fffffffffffed578 ffffffffffff5311 ffffffffffff433e 000000000000a26c 0000000000010012 000000002bece302 ffffffffcf0033d8 00000000042981cb fffffffffb5b6a3b 00000000000214c1 fffffffffffdadb5 000000001841d9c2 0000000000000001 0000000000000001 ffffffffee421225 000000000ed4e017 0000000027c36137 ffffffffd3a4c99d 0000000000000001 fffffffffffce5b9 0000000000004e4e 0000000000000005 0000000000000000 00000000169af234 00000000bb4471aa 0000000017104e11 000000002dab4045 00000000e8efb1ef 0000000000e8efb2 000000000017104e 00000000002dab40 0000000000000000
00000000000000a3 0000000000000000 00000000000000a3 000000000001d67e 000000000000b346 000000000001f17a 0000000000004168 000000000059a3f7 00000000000f0000 fffffffffff10000 0000000000060000 0000000000000000 0000000000000000 ffffffffee421225 000000000ed4e017 0000000027c36137 ffffffffd3a4c99d 0000000000000001 0000000000005814 ffffffffffff4849 000000000000ffd9 fffffffffffff72b ffffffffffff455b ffffffffffffae50 0000000032f9dced ffffffffdb32826a 00000000050e36b6 fffffffffc59a0da 000000000002871b fffffffffffe2cd0 000000001963801a 0000000000000001 0000000000000001 ffffffffef9ffb59 000000000f011e1f 000000002deba637 ffffffffded8e190 0000000000000001 000000000001bc96 00000000000296d7 0000000000000003 0000000000000000 000000000f7a027a 00000000bf59cf0c 000000001896173d 00000000281019b7 00000000e769e8c3 0000000000189617 000000000028101a 0000000000e769e9 0000000000000000
00000000000000a4 0000000000000000 00000000000000a4 fffffffffffe3327 fffffffffffd9d6f fffffffffffe13d4 00000000000026da ffffffffffcaf730 00000000000f0000 fffffffffff10000 0000000000060000 0000000000000000 0000000000000000 ffffffffef9ffb59 000000000f011e1f 000000002deba637 ffffffffded8e190 0000000000000001 0000000000003c59 ffffffffffffbba5 000000000000d0bc 0000000000009435 ffffffffffffeb34 ffffffffffffa739 00000000315a46b5 ffffffffc79ded80 00000000041b5a83 fffffffffb4ee0a4 0000000000020dad fffffffffffda770 00000000154d89c4 0000000000000001 0000000000000001 ffffffffef605fc8 000000000cf3f128 000000002d3eec32 ffffffffcc4f0cdc 0000000000000001 0000000000031a03 00000000000050ef 0000000000000003 0000000000000000 00000000bad24ec3 00000000175d3ae0 0000000016e83b2f 00000000d1ba89f2 00000000e917c4d2 000000000016e83b 0000000000d1ba8a 0000000000e917c5 0000000000000000
00000000000000a5 0000000000000000 00000000000000a5 ffffffffffffce9d fffffffffffd9a73 000000000000a309 0000000000004623 00000000002f5c20 00000000000f0000 fffffffffff10000 0000000000060000 0000000000000000 0000000000000000 ffffffffef605fc8 000000000cf3f128 000000002d3eec32 ffffffffcc4f0cdc 0000000000000001 0000000000007540 fffffffffffe3fa4 000000000000fd1d ffffffffffffd9a9 fffffffffffe3323 ffffffffffffcf38 0000000038b2f3ee ffffffffd2ba13ec 0000000004df6438 fffffffffc1bfb1c 0000000000026fb2 fffffffffffe0dfe 0000000016000eb5 0000000000000001 0000000000000001 fffffffff0480d16 000000000e843c1d 0000000033d38fb6 ffffffffd69e18d0 0000000000000001 0000000000018efc 000000000002b33f 0000000000000001 0000000000000000 0000000000061514 00000000c7841514 000000001c3aeaec 000000001c410000 00000000e3c51514 00000000001c4100 00000000001c3aeb 0000000000e3c515 0000000000000000
00000000000000a6 0000000000000000 00000000000000a6 ffffffffffff2dc4 fffffffffffe1354 000000000000d735 000000000000ba17 ffffffffffe137fb 00000000000f0000 fffffffffff10000 0000000000060000 0000000000000000 0000000000000000 fffffffff0480d16 000000000e843c1d 0000000033d38fb6 ffffffffd69e18d0 0000000000000001 ffffffffffffd055 fffffffffffe674f ffffffffffff02b3 ffffffffffffdaec 0000000000019b49 0000000000000c07 000000002ab71c8c ffffffffc85c7ffa 0000000003cc0f00 fffffffffb0dd903 000000000001e608 fffffffffffd86ed 0000000016c1b6c6 0000000000000001 0000000000000001 ffffffffedda0d6d 000000000de0b070 0000000026eb0d8c ffffffffcd4ea6f7 0000000000000001 fffffffffffd4735 fffffffffffe7ac9 0000000000000004 0000000000000000 00000000705c1e60 0000000076058560 000000000ccf2e20 000000007d2b4c80 00000000f330d1e0 0000000000f330d2 00000000007d2b4d 00000000000ccf2e 0000000000000000
00000000000000a7 0000000000000000 00000000000000a7 fffffffffffe4ba0 0000000000019433 00000000000161a0 000000000000c315 ffffffffffe8f662 00000000000f0000 fffffffffff10000 0000000000060000 0000000000000000 0000000000000000 ffffffffedda0d6d 000000000de0b070 0000000026eb0d8c ffffffffcd4ea6f7 0000000000000001 fffffffffffde078 0000000000001d33 ffffffffffff00bb 0000000000001352 ffffffffffffb9dd fffffffffffde439 000000003050a001 ffffffffd2698b07 0000000004890453 fffffffffbb884c8 0000000000024482 fffffffffffddc42 000000001807ba16 0000000000000001 0000000000000001 ffffffffef1e32a8 000000001060c6db 000000002bc79bae ffffffffd6b1063f 0000000000000001 fffffffffffe09a2 fffffffffffd93cf 0000000000000004 0000000000000000 00000000b309f6d3 000000002413d74c 00000000147118f1 00000000c77b0fc4 00000000eb8ee710 0000000000eb8ee7 0000000000c77b10 0000000000147119 0000000000000000
00000000000000a8 0000000000000000 00000000000000a8 ffffffffffff7bde ffffffffffff8d45 000000000000aff8 0000000000001260 ffffffffffb6c1ee 00000000000f0000 fffffffffff10000 0000000000060000 0000000000000000 0000000000000000 ffffffffef1e32a8 000000001060c6db 000000002bc79bae ffffffffd6b1063f 0000000000000001 ffffffffffff937f ffffffffffff582a 0000000000006f94 000000000000e667 ffffffffffff5532 ffffffffffff983d 00000000335ccf5a ffffffffc68d5686 000000000427efdb fffffffffb5a0265 00000000000213f8 fffffffffffdad01 0000000014b6d9af 0000000000000001 0000000000000001 ffffffffefa513fb 000000000ffe0cfb 000000002f34df7f ffffffffcb335421 0000000000000001 000000000002e21b fffffffffffed05c 0000000000000002 0000000000000000 000000008cb36e6c 0000000057a7eed0 000000000dd25162 000000009a85bfce 00000000f22dae9e 00000000000dd251 0000000000f22daf 00000000009a85c0 0000000000000000
00000000000000a9 0000000000000000 00000000000000a9 0000000000013ca1 00000000000237a8 0000000000026482 0000000000001e5e 00000000001c60ec 00000000000f0000 fffffffffff10000 0000000000060000 0000000000000000 0000000000000000 ffffffffefa513fb 000000000ffe0cfb 000000002f34df7f ffffffffcb335421 0000000000000001 ffffffffffff49b2 ffffffffffffe61b 000000000000ad96 000000000000bc29 ffffffffffff6873 0000000000006895 00000000339fdc36 ffffffffd0b727ee 0000000004991e42 fffffffffbc9d6a5 0000000000024c8f fffffffffffde4eb 0000000016cd332e 0000000000000001 0000000000000001 ffffffffef7118ea 00000000116c3857 000000002f06bdf4 ffffffffd4ed5149 0000000000000001 0000000000031e20 00000000000002dc 0000000000000003 0000000000000000 00000000c71e5917 0000000000d350f2 000000001c072afc 00000000e3258413 00000000e3f8d505 00000000001c072b 0000000000e32584 0000000000e3f8d5 0000000000000000
00000000000000aa 0000000000000000 00000000000000aa ffffffffffffef44 fffffffffffdaa1e 00000000000147c2 0000000000005ae6 0000000000587073 00000000000f0000 fffffffffff10000 0000000000060000 0000000000000000 0000000000000000 ffffffffef7118ea 00000000116c3857 000000002f06bdf4 ffffffffd4ed5149 0000000000000001 0000000000004ee3 fffffffffffde996 000000000000ca3d ffffffffffff630b fffffffffffe2973 0000000000010956 000000003893fa6a ffffffffd75dc23b 00000000051087c3 fffffffffc5cd874 0000000000028844 fffffffffffe2e6c 0000000016ea7109 0000000000000001 0000000000000001 fffffffff00359ac 0000000010892520 00000000338372a7 ffffffffdb00e9c7 0000000000000001 ffffffffffffe258 0000000000031d94 0000000000000001 0000000000000000 000000007a87fae1 000000006bb3fae1 000000000ce2051f 00000000876a0000 00000000f31dfae1 0000000000876a00 00000000000ce205 0000000000f31dfb 0000000000000000
00000000000000ab 0000000000000000 00000000000000ab ffffffffffff6d7e 0000000000024f2f 0000000000003876 000000000000e541 000000000050e265 00000000000f0000 fffffffffff10000 0000000000060000 0000000000000000 0000000000000000 fffffffff00359ac 0000000010892520 00000000338372a7 ffffffffdb00e9c7 0000000000000001 fffffffffffec671 00000000000134b8 ffffffffffff63be 000000000000cac7 fffffffffffe4b32 0000000000003525 0000000038d5e897 ffffffffd91d998e 0000000005256fe5 fffffffffc7aab0c 00000000000292b8 fffffffffffe3d56 00000000172e0706 0000000000000001 0000000000000001 ffffffffef9bde16 000000000eecac9c 0000000033b078b2 ffffffffdca2ee82 0000000000000001 000000000000f6b1 fffffffffffd08f6 0000000000000006 0000000000000000 000000002fe1bcc2 00000000ab3a3cc2 000000001272033e 000000004253c000 00000000ed8dfcc2 00000000004253c0 0000000000ed8dfd 0000000000127203 0000000000000000
00000000000000ac 0000000000000000 00000000000000ac fffffffffffee4be fffffffffffe439b 0000000000008b1c 000000000000ee69 ffffffffffae30f8 00000000000f0000 fffffffffff10000 0000000000060000 0000000000000000 0000000000000000 ffffffffef9bde16 000000000eecac9c 0000000033b078b2 ffffffffdca2ee82 0000000000000001 ffffffffffffa8ec fffffffffffeaf1e ffffffffffff94dc 000000000000e880 0000000000003de8 fffffffffffea999 000000002f9c0a8e ffffffffc7b7c323 000000000406ea6d fffffffffb3d4a6d 0000000000020375 fffffffffffd9ea5 0000000015a74f6a 0000000000000001 0000000000000001 ffffffffee03e4d1 000000000de6f618 000000002b952021 ffffffffcc7a78b6 0000000000000001 000000000000d51d fffffffffffcfeda 0000000000000006 0000000000000000 0000000039bc45a2 00000000a44ac5a2 0000000010fc7a5e 000000004ab8c000 00000000ef0385a2 00000000004ab8c0 0000000000ef0386 000000000010fc7a 0000000000000000
00000000000000ad 0000000000000000 00000000000000ad fffffffffffde1f1 000000000000610a 000000000001438e 00000000000060fe ffffffffffb1984a 00000000000f0000 fffffffffff10000 0000000000060000 0000000000000000 0000000000000000 ffffffffee03e4d1 000000000de6f618 000000002b952021 ffffffffcc7a78b6 0000000000000001 fffffffffffe0a6d ffffffffffff7d39 000000000000b098 ffffffffffff46a9 00000000000110eb 000000000001b8ad 000000002b45df6f ffffffffb99bb8fc 000000000343f6ae fffffffffab0253b 000000000001a1fb fffffffffffd5813 0000000013518216 0000000000000001 0000000000000001 ffffffffed8df700 000000000e4c910a 000000002801e8c1 ffffffffbeeb93c1 0000000000000001 000000000000a66a 0000000000030c96 0000000000000001 0000000000000000 00000000470fa148 000000009a44a148 000000000f55deb8 0000000056658000 00000000f0aa2148 0000000000566580 00000000000f55df 0000000000f0aa21 0000000000000000
00000000000000ae 0000000000000000 00000000000000ae ffffffffffffc0ea 000000000001712d fffffffffffe8017 0000000000002dea ffffffffffe812de 00000000000f0000 fffffffffff10000 0000000000060000 0000000000000000 0000000000000000 ffffffffed8df700 000000000e4c910a 000000002801e8c1 ffffffffbeeb93c1 0000000000000001 ffffffffffffdadb 000000000001b2cb 000000000000e72b 0000000000006dfc 00000000000178a9 000000000000dc57 0000000028a52f09 ffffffffc59c3d01 00000000038ff6df fffffffffae1e68a 000000000001c7fb fffffffffffd70f3 00000000166fea56 0000000000000001 0000000000000001 ffffffffed919ca5 0000000011eae652 000000002515382a ffffffffcaba5677 0000000000000001 0000000000031369 0000000000008253 0000000000000003 0000000000000000 00000000b20adb64 00000000259f5791 00000000142ae686 00000000c635c1ea 00000000ebd5197b 0000000000142ae7 0000000000c635c2 0000000000ebd519 0000000000000000
00000000000000af 0000000000000000 00000000000000af fffffffffffe0c63 0000000000026d29 ffffffffffffa81e 00000000000057bd ffffffffffd724d7 00000000000f0000 fffffffffff10000 0000000000060000 0000000000000000 0000000000000000 ffffffffed919ca5 0000000011eae652 000000002515382a ffffffffcaba5677 0000000000000001 fffffffffffe0129 000000000001995d 000000000000d5c7 ffffffffffff732a 0000000000026ee1 000000000000c961 0000000024810444 ffffffffc6f0d3f3 00000000035c3c43 fffffffffabf5e44 000000000001ae1e fffffffffffd5faf 000000001790c680 0000000000000001 0000000000000001 ffffffffed991cbe 000000001337ea43 000000002124c801 ffffffffcc3175af 0000000000000001 00000000000144ce 000000000002d90c 0000000000000001 0000000000000000 0000000018064bc7 00000000ba6d4bc7 0000000016c63439 000000002ecc8000 00000000e939cbc7 00000000002ecc80 000000000016c634 0000000000e939cc 0000000000000000
00000000000000b0 0000000000000000 00000000000000b0 0000000000000000 0000000000000000 0000000000000000 00000000000087e1 0000000000000000 0000000000000000 0000000000000000 0000000000240000 0000000000000000 0000000000000000 ffffffffed991cbe 000000001337ea43 000000002124c801 ffffffffcc3175af 0000000000000001 0000000000000000 0000000000000000 ffffffffffffced4 ffffffffffff04c4 0000000000000000 0000000000000000 ffffffffed991cbe 000000001337ea43 ffffffffed991cbe 000000001337ea43 fffffffffff6cc8e 0000000000099bf5 0000000100000000 0000000000000000 0000000000000000 ffffffffe6f827f8 000000001d946c49 0000000000000000 0000000000000000 0000000000000000 00000000000ae01a fffffffffff85644 0000000000000002 0000000000000000 0000000044d04980 000000005e62fcca 000000002e665cdb 000000007336a65b 00000000d199a325 00000000002e665d 0000000000d199a3 00000000007336a6 0000000000000000
00000000000000b1 0000000000000000 00000000000000b1 0000000000000000 0000000000000000 0000000000000000 000000000000d8a8 0000000000000000 0000000000000000 0000000000000000 0000000000240000 0000000000000000 0000000000000000 ffffffffe6f827f8 000000001d946c49 0000000000000000 0000000000000000 0000000000000000 0000000000000000 0000000000000000 ffffffffffff2d76 00000000000091a3 0000000000000000 0000000000000000 ffffffffe6f827f8 000000001d946c49 ffffffffe7d53a24 000000001c8f2c89 fffffffffff3ea9d 00000000000e4796 00000000f72b0116 0000000000000001 0000000000000001 ffffffffe6f827f8 000000001d946c49 ffffffffff22edd4 0000000001053fc0 0000000000000001 000000000004de9d 0000000000120fb2 0000000000000001 0000000000000000 000000003b4888ee 00000000a32af399 0000000010c641bd 000000004c0ecaab 00000000ef39be44 00000000004c0ecb 000000000010c642 0000000000ef39be 0000000000000000
00000000000000b2 0000000000000000 00000000000000b2 0000000000000000 0000000000000000 0000000000000000 00000000000025cb 0000000000000000 0000000000000000 0000000000000000 0000000000240000 0000000000000000 0000000000000000 ffffffffe6f827f8 000000001d946c49 ffffffffff22edd4 0000000001053fc0 0000000000000001 0000000000000000 0000000000000000 000000000000cccd 000000000000999a 0000000000000000 0000000000000000 ffffffffe6f827f8 000000001d946c49 ffffffffe7d53a24 000000001c8f2c89 fffffffffff3ea9d 00000000000e4796 00000000f72b0116 0000000000000001 0000000000000001 ffffffffe7245ecd 000000001d602c56 ffffffffff22edd4 0000000001053fc0 0000000000000001 ffffffffffed5378 fffffffffffee6a8 0000000000000004 0000000000000000 000000000d895ad0 00000000c06bc189 00000000190571d4 00000000268ecca4 00000000e6fa8e2d 0000000000e6fa8e 0000000000268ecd 0000000000190572 0000000000000000
00000000000000b3 0000000000000000 00000000000000b3 0000000000000000 0000000000000000 0000000000000000 000000000000702a 0000000000000000 0000000000000000 0000000000000000 0000000000240000 0000000000000000 0000000000000000 ffffffffe7245ecd 000000001d602c56 ffffffffff22edd4 0000000001053fc0 0000000000000001 0000000000000000 0000000000000000 000000000000610f ffffffffffff131d 0000000000000000 0000000000000000 ffffffffe7245ecd 000000001d602c56 ffffffffe7d53a24 000000001c8f2c89 fffffffffff3ea9d 00000000000e4796 00000000f8e2a2cb 0000000000000001 0000000000000001 ffffffffe75095a2 000000001d2bec63 ffffffffff4f24a9 0000000000d0ffcd 0000000000000001 000000000005c478 ffffffffffee3488 0000000000000006 0000000000000000 00000000301096c1 00000000ab1a96c1 00000000126a693f 00000000427b0000 00000000ed9596c1 0000000000427b00 0000000000ed9597 0000000000126a69 0000000000000000
00000000000000b4 0000000000000000 00000000000000b4 0000000000000000 0000000000000000 0000000000000000 000000000000fb08 0000000000000000 0000000000000000 0000000000000000 0000000000240000 0000000000000000 0000000000000000 ffffffffe75095a2 000000001d2bec63 ffffffffff4f24a9 0000000000d0ffcd 0000000000000001 0000000000000000 0000000000000000 ffffffffffffe0dc 000000000000fe19 0000000000000000 0000000000000000 ffffffffe75095a2 000000001d2bec63 ffffffffe7d53a23 000000001c8f2c88 fffffffffff3ea9d 00000000000e4796 00000000faa06b5d 0000000000000001 0000000000000001 ffffffffe773f4b3 000000001d021fa1 ffffffffff7b5b7f 00000000009cbfdb 0000000000000001 fffffffffff5be47 00000000000fa4b6 0000000000000005 0000000000000000 00000000c0aea5c7 000000000d11cef6 00000000191fc5a2 00000000d9ce6b69 00000000e6e03a5f 0000000000e6e03a 0000000000191fc6 0000000000d9ce6b 0000000000000000
00000000000000b5 0000000000000000 00000000000000b5 0000000000000000 0000000000000000 0000000000000000 0000000000009684 0000000000000000 0000000000000000 0000000000000000 0000000000240000 0000000000000000 0000000000000000 ffffffffe773f4b3 000000001d021fa1 ffffffffff7b5b7f 00000000009cbfdb 0000000000000001 0000000000000000 0000000000000000 ffffffffffff799f ffffffffffff261b 0000000000000000 0000000000000000 ffffffffe773f4b3 000000001d021fa1 ffffffffe7d53a24 000000001c8f2c88 fffffffffff3ea9d 00000000000e4796 00000000fc09900a 0000000000000001 0000000000000001 ffffffffe78e7c00 000000001ce2c60f ffffffffff9eba8f 000000000072f319 0000000000000001 000000000011c7d2 fffffffffffa3052 0000000000000002 0000000000000000 0000000099df49b3 000000004793fb6d 000000000f465d70 00000000a925a723 00000000f0b9a290 00000000000f465d 0000000000f0b9a3 0000000000a925a7 0000000000000000
00000000000000b6 0000000000000000 00000000000000b6 0000000000000000 0000000000000000 0000000000000000 000000000000bfc2 0000000000000000 0000000000000000 0000000000000000 0000000000240000 0000000000000000 0000000000000000 ffffffffe78e7c00 000000001ce2c60f ffffffffff9eba8f 000000000072f319 0000000000000001 0000000000000000 0000000000000000 ffffffffffff0001 fffffffffffffe6e 0000000000000000 0000000000000000 ffffffffe78e7c00 000000001ce2c60f ffffffffe7d53a24 000000001c8f2c88 fffffffffff3ea9d 00000000000e4796 00000000fd1b197d 0000000000000001 0000000000000001 ffffffffe7a1f04a 000000001ccbc8a4 ffffffffffb941dc 0000000000539987 0000000000000001 00000000000e5a81 00000000000bfeeb 0000000000000003 0000000000000000 000000004f3b5024 0000000093c0f96d 000000000e81db38 000000005dbd2b5c 00000000f17e24c9 00000000000e81db 00000000005dbd2b 0000000000f17e25 0000000000000000
00000000000000b7 0000000000000000 00000000000000b7 0000000000000000 0000000000000000 0000000000000000 0000000000006153 0000000000000000 0000000000000000 0000000000000000 0000000000240000 0000000000000000 0000000000000000 ffffffffe7a1f04a 000000001ccbc8a4 ffffffffffb941dc 0000000000539987 0000000000000001 0000000000000000 0000000000000000 000000000000af18 ffffffffffff453f 0000000000000000 0000000000000000 ffffffffe7a1f04a 000000001ccbc8a4 ffffffffe7d53a24 000000001c8f2c88 fffffffffff3ea9d 00000000000e4796 00000000fde52c08 0000000000000001 0000000000000001 ffffffffe7b01651 000000001cbb1056 ffffffffffccb626 00000000003c9c1c 0000000000000001 ffffffffffff0c60 ffffffffffed5178 0000000000000006 0000000000000000 000000007d328e90 0000000068e5393b 000000000cf41c1b 000000008a26aaab 00000000f30be3e6 00000000008a26ab 0000000000f30be4 00000000000cf41c 0000000000000000
00000000000000b8 0000000000000000 00000000000000b8 0000000000000000 0000000000000000 0000000000000000 0000000000004b66 0000000000000000 0000000000000000 0000000000000000 0000000000240000 0000000000000000 0000000000000000 ffffffffe7b01651 000000001cbb1056 ffffffffffccb626 00000000003c9c1c 0000000000000001 0000000000000000 0000000000000000 000000000000f610 ffffffffffffb95c 0000000000000000 0000000000000000 ffffffffe7b01651 000000001cbb1056 ffffffffe7d53a24 000000001c8f2c88 fffffffffff3ea9d 00000000000e4796 00000000fe78ed58 0000000000000001 0000000000000001 ffffffffe7ba5849 000000001caef11d ffffffffffdadc2d 00000000002be3ce 0000000000000001 fffffffffff59be8 fffffffffff071f9 0000000000000004 0000000000000000 00000000bf97400e 000000000f0c1fc2 0000000018ae5018 00000000d8459026 00000000e751afe8 0000000000e751b0 0000000000d84590 000000000018ae50 0000000000000000
00000000000000b9 0000000000000000 00000000000000b9 0000000000000000 0000000000000000 0000000000000000 0000000000009135 0000000000000000 0000000000000000 0000000000000000 0000000000240000 0000000000000000 0000000000000000 ffffffffe7ba5849 000000001caef11d ffffffffffdadc2d 00000000002be3ce 0000000000000001 0000000000000000 0000000000000000 ffffffffffff9718 ffffffffffff167b 0000000000000000 0000000000000000 ffffffffe7ba5849 000000001caef11d ffffffffe7d53a24 000000001c8f2c88 fffffffffff3ea9d 00000000000e4796 00000000fee47870 0000000000000001 0000000000000001 ffffffffe7c1c5da 000000001ca629f4 ffffffffffe51e25 00000000001fc495 0000000000000001 000000000010dfc4 fffffffffff7ed11 0000000000000002 0000000000000000 000000008244dd16 000000006372be1b 000000000d243268 000000008f690f7e 00000000f2dbcd99 00000000000d2432 0000000000f2dbce 00000000008f690f 0000000000000000
00000000000000ba 0000000000000000 00000000000000ba 0000000000000000 0000000000000000 0000000000000000 0000000000001aad 0000000000000000 0000000000000000 0000000000000000 0000000000240000 0000000000000000 0000000000000000 ffffffffe7c1c5da 000000001ca629f4 ffffffffffe51e25 00000000001fc495 0000000000000001 0000000000000000 0000000000000000 0000000000009bde 000000000000cb14 0000000000000000 0000000000000000 ffffffffe7c1c5da 000000001ca629f4 ffffffffe7d53a24 000000001c8f2c88 fffffffffff3ea9d 00000000000e4796 00000000ff32918f 0000000000000001 0000000000000001 ffffffffe7c72639 000000001c9fcf70 ffffffffffec8bb6 000000000016fd6c 0000000000000001 ffffffffffedb85f 000000000003f874 0000000000000005 0000000000000000 0000000030e7cfae 00000000aa887f59 000000001247d87d 00000000432fa82b 00000000edb82784 0000000000edb828 00000000001247d8 0000000000432fa8 0000000000000000
00000000000000bb 0000000000000000 00000000000000bb 0000000000000000 0000000000000000 0000000000000000 000000000000843c 0000000000000000 0000000000000000 0000000000000000 0000000000240000 0000000000000000 0000000000000000 ffffffffe7c72639 000000001c9fcf70 ffffffffffec8bb6 000000000016fd6c 0000000000000001 0000000000000000 0000000000000000 ffffffffffffe571 ffffffffffff0162 0000000000000000 0000000000000000 ffffffffe7c72639 000000001c9fcf70 ffffffffe7d53a24 000000001c8f2c88 fffffffffff3ea9d 00000000000e4796 00000000ff6b36a4 0000000000000001 0000000000000001 ffffffffe7cb0a48 000000001c9b365a fffffffffff1ec15 000000000010a2e8 0000000000000001 00000000000d7fed fffffffffff30d15 0000000000000002 0000000000000000 00000000404134f3 000000009f7e5c3b 0000000010203769 0000000050616c5c 00000000efdfc897 0000000000102037 0000000000efdfc9 000000000050616c 0000000000000000
00000000000000bc 0000000000000000 00000000000000bc 0000000000000000 0000000000000000 0000000000000000 0000000000003a0c 0000000000000000 0000000000000000 0000000000000000 0000000000240000 0000000000000000 0000000000000000 ffffffffe7cb0a48 000000001c9b365a fffffffffff1ec15 000000000010a2e8 0000000000000001 0000000000000000 0000000000000000 000000000000fd46 0000000000002546 0000000000000000 0000000000000000 ffffffffe7cb0a48 000000001c9b365a ffffffffe7d53a24 000000001c8f2c88 fffffffffff3ea9d 00000000000e4796 00000000ff944490 0000000000000001 0000000000000001 ffffffffe7cddb11 000000001c97e292 fffffffffff5d024 00000000000c09d2 0000000000000001 fffffffffff01cf4 fffffffffff61fd0 0000000000000004 0000000000000000 0000000079a41426 000000006ca4b161 000000000cdb9d3d 00000000867fb163 00000000f32462c4 0000000000f32463 0000000000867fb1 00000000000cdb9d 0000000000000000
00000000000000bd 0000000000000000 00000000000000bd 0000000000000000 0000000000000000 0000000000000000 0000000000001847 0000000000000000 0000000000000000 0000000000000000 0000000000240000 0000000000000000 0000000000000000 ffffffffe7cddb11 000000001c97e292 fffffffffff5d024 00000000000c09d2 0000000000000001 0000000000000000 0000000000000000 0000000000008f9c 000000000000d3ed 0000000000000000 0000000000000000 ffffffffe7cddb11 000000001c97e292 ffffffffe7d53a25 000000001c8f2c88 fffffffffff3ea9d 00000000000e4796 00000000ffb20221 0000000000000001 0000000000000001 ffffffffe7cfe4a3 000000001c957a35 fffffffffff8a0ec 000000000008b60a 0000000000000001 ffffffffffedfc7f 0000000000050aea 0000000000000005 0000000000000000 000000003e1c63aa 00000000a117a3ab 000000001065fc56 000000004e826000 00000000ef9a03ab 0000000000ef9a04 00000000001065fc 00000000004e8260 0000000000000000
00000000000000be 0000000000000000 00000000000000be 0000000000000000 0000000000000000 0000000000000000 000000000000fa4f 0000000000000000 0000000000000000 0000000000000000 0000000000240000 0000000000000000 0000000000000000 ffffffffe7cfe4a3 000000001c957a35 fffffffffff8a0ec 000000000008b60a 0000000000000001 0000000000000000 0000000000000000 ffffffffffffdc48 000000000000fd7f 0000000000000000 0000000000000000 ffffffffe7cfe4a3 000000001c957a35 ffffffffe7d53a24 000000001c8f2c88 fffffffffff3ea9d 00000000000e4796 00000000ffc78bc7 0000000000000001 0000000000000000 ffffffffe7d15e0d 000000001c93bc33 fffffffffffaaa7f 0000000000064dad 0000000000000000 fffffffffff606ec 00000000000fd371 0000000000000005 0000000000000000 00000000c2ee3be9 0000000008eb2826 000000001a134df9 00000000dd0189e2 00000000e5ecb208 0000000000e5ecb2 00000000001a134e 0000000000dd018a 0000000000000000
00000000000000bf 0000000000000000 00000000000000bf 0000000000000000 0000000000000000 0000000000000000 000000000000c123 0000000000000000 0000000000000000 0000000000000000 0000000000240000 0000000000000000 0000000000000001 ffffffffe7d15e0d 000000001c93bc33 fffffffffffaaa7f 0000000000064dad 0000000000000000 0000000000000000 0000000000000000 ffffffffffff0019 0000000000000711 0000000000000000 0000000000000000 ffffffffe7d15e0d 0000000000000000 ffffffffe7d15e0d 0000000000000000 fffffffffff3e8af 0000000000000000 0000000100000000 0000000000000000 0000000000000000 ffffffffe7d26f27 0000000000000000 0000000000000000 0000000000000000 0000000000000000 ffffffffffffaa8f 00000000000c1623 0000000000000001 0000000000000000 000000004dfdc1aa 0000000046df01aa 0000000035919e56 00000000838f6000 00000000ca6e61aa 0000000000838f60 000000000035919e 0000000000ca6e62 0000000000000000
00000000000000c0 0000000000000000 00000000000000c0 0000000000000000 0000000000000000 0000000000000000 00000000000040c7 0000000000000000 0000000000000000 0000000000000000 0000000000240000 0000000000000000 0000000000000000 ffffffffe7d26f27 0000000000000000 0000000000000000 0000000000000000 0000000000000000 0000000000000000 0000000000000000 000000000000fff4 fffffffffffffb31 0000000000000000 0000000000000000 ffffffffe7d26f27 0000000000000000 ffffffffe7d26f27 0000000000000000 fffffffffff3e938 0000000000000000 0000000100000000 0000000000000000 0000000000000000 ffffffffe7d26f27 0000000000000000 0000000000000000 0000000000000000 0000000000000000 0000000000003a22 fffffffffff3e9c9 0000000000000006 0000000000000000 000000004802c77f 000000004cdaf229 000000003591232c 000000007d93eaab 00000000ca6edcd4 00000000007d93eb 0000000000ca6edd 0000000000359123 0000000000000000
00000000000000c1 0000000000000000 00000000000000c1 0000000000000000 0000000000000000 0000000000000000 00000000000064ee 0000000000000000 0000000000000000 0000000000000000 0000000000240000 0000000000000000 0000000000000000 ffffffffe7d26f27 0000000000000000 0000000000000000 0000000000000000 0000000000000000 0000000000000000 0000000000000000 0000000000009de3 ffffffffffff367c 0000000000000000 0000000000000000 ffffffffe7d26f27 0000000000000000 ffffffffe7d26f27 0000000000000000 fffffffffff3e938 0000000000000000 0000000100000000 0000000000000000 0000000000000000 ffffffffe7d26f27 0000000000000000 0000000000000000 0000000000000000 0000000000000000 000000000009841f fffffffffff88b4f 0000000000000002 0000000000000000 0000000037972555 000000005bd5a622 0000000036499a45 000000006de0bf9a 00000000c9b665bc 000000000036499a 0000000000c9b666 00000000006de0c0 0000000000000000
00000000000000c2 0000000000000000 00000000000000c2 0000000000000000 0000000000000000 0000000000000000 0000000000003545 0000000000000000 0000000000000000 0000000000000000 0000000000240000 0000000000000000 0000000000000000 ffffffffe7d26f27 0000000000000000 0000000000000000 0000000000000000 0000000000000000 0000000000000000 0000000000000000 000000000000f72b 00000000000042ab 0000000000000000 0000000000000000 ffffffffe7d26f27 0000000000000000 ffffffffe7d26f27 0000000000000000 fffffffffff3e938 0000000000000000 0000000100000000 0000000000000000 0000000000000000 ffffffffe7d26f27 0000000000000000 0000000000000000 0000000000000000 0000000000000000 fffffffffffcda0d fffffffffff453fd 0000000000000006 0000000000000000 000000006975a1c0 00000000264c0c6a 00000000381f28eb 00000000a194caab 00000000c7e0d715 0000000000a194cb 0000000000c7e0d7 0000000000381f29 0000000000000000
00000000000000c3 0000000000000000 00000000000000c3 0000000000000000 0000000000000000 0000000000000000 0000000000002e06 0000000000000000 0000000000000000 0000000000000000 0000000000240000 0000000000000000 0000000000000000 ffffffffe7d26f27 0000000000000000 0000000000000000 0000000000000000 0000000000000000 0000000000000000 0000000000000000 000000000000e777 0000000000006d5e 0000000000000000 0000000000000000 ffffffffe7d26f27 0000000000000000 ffffffffe7d26f27 0000000000000000 fffffffffff3e938 0000000000000000 0000000100000000 0000000000000000 0000000000000000 ffffffffe7d26f27 0000000000000000 0000000000000000 0000000000000000 0000000000000000 fffffffffffad5dc fffffffffff511d3 0000000000000006 0000000000000000 000000007a669f22 000000000c38f477 000000003cb03634 00000000b716d556 00000000c34fc9cd 0000000000b716d5 0000000000c34fca 00000000003cb036 0000000000000000
00000000000000c4 0000000000000000 00000000000000c4 0000000000000000 0000000000000000 0000000000000000 000000000000a780 0000000000000000 0000000000000000 0000000000000000 0000000000240000 0000000000000000 0000000000000000 ffffffffe7d26f27 0000000000000000 0000000000000000 0000000000000000 0000000000000000 0000000000000000 0000000000000000 ffffffffffff2ce8 ffffffffffff6f2c 0000000000000000 0000000000000000 ffffffffe7d26f27 0000000000000000 ffffffffe7d26f27 0000000000000000 fffffffffff3e938 0000000000000000 0000000100000000 0000000000000000 0000000000000000 ffffffffe7d26f27 0000000000000000 0000000000000000 0000000000000000 0000000000000000 000000000006d6d3 000000000009f7e9 0000000000000003 0000000000000000 000000000b903a7f 000000007ac8463c 000000003cd3bfa3 000000004863fa22 00000000c32c405e 00000000003cd3c0 00000000004863fa 0000000000c32c40 0000000000000000
00000000000000c5 0000000000000000 00000000000000c5 0000000000000000 0000000000000000 0000000000000000 0000000000000e62 0000000000000000 0000000000000000 0000000000000000 0000000000240000 0000000000000000 0000000000000000 ffffffffe7d26f27 0000000000000000 0000000000000000 0000000000000000 0000000000000000 0000000000000000 0000000000000000 0000000000005875 000000000000f03b 0000000000000000 0000000000000000 ffffffffe7d26f27 0000000000000000 ffffffffe7d26f27 0000000000000000 fffffffffff3e938 0000000000000000 0000000100000000 0000000000000000 0000000000000000 ffffffffe7d26f27 0000000000000000 0000000000000000 0000000000000000 0000000000000000 fffffffffff4a7db fffffffffffbd2a5 0000000000000004 0000000000000000 0000000033736aeb 000000005f48368b 0000000036a22f45 000000006a159a30 00000000c95dd0bb 0000000000c95dd1 00000000006a159a 000000000036a22f 0000000000000000
00000000000000c6 0000000000000000 00000000000000c6 0000000000000000 0000000000000000 0000000000000000 0000000000001816 0000000000000000 0000000000000000 0000000000000000 0000000000240000 0000000000000000 0000000000000000 ffffffffe7d26f27 0000000000000000 0000000000000000 0000000000000000 0000000000000000 0000000000000000 0000000000000000 0000000000008ea2 000000000000d495 0000000000000000 0000000000000000 ffffffffe7d26f27 0000000000000000 ffffffffe7d26f27 0000000000000000 fffffffffff3e938 0000000000000000 0000000100000000 0000000000000000 0000000000000000 ffffffffe7d26f27 0000000000000000 0000000000000000 0000000000000000 0000000000000000 fffffffffff5f619 fffffffffff943b7 0000000000000004 0000000000000000 0000000052f649db 000000004199c2b0 0000000035b7f9bb 0000000088ae4396 00000000ca480646 0000000000ca4806 000000000088ae44 000000000035b7fa 0000000000000000
00000000000000c7 0000000000000000 00000000000000c7 0000000000000000 0000000000000000 0000000000000000 0000000000001732 0000000000000000 0000000000000000 0000000000000000 0000000000240000 0000000000000000 0000000000000000 ffffffffe7d26f27 0000000000000000 0000000000000000 0000000000000000 0000000000000000 0000000000000000 0000000000000000 00000000000089f4 000000000000d7a6 0000000000000000 0000000000000000 ffffffffe7d26f27 0000000000000000 ffffffffe7d26f27 0000000000000000 fffffffffff3e938 0000000000000000 0000000100000000 0000000000000000 0000000000000000 ffffffffe7d26f27 0000000000000000 0000000000000000 0000000000000000 0000000000000000 fffffffffff5d107 fffffffffff97c49 0000000000000004 0000000000000000 00000000503d80cf 0000000044818cbb 0000000035a0793b 0000000085ddfa0a 00000000ca5f86c5 0000000000ca5f87 000000000085ddfa 000000000035a079 0000000000000000
00000000000000c8 0000000000000000 00000000000000c8 0000000000000000 0000000000000000 0000000000000000 000000000000562f 0000000000000000 0000000000000000 0000000000000000 0000000000240000 0000000000000000 0000000000000000 ffffffffe7d26f27 0000000000000000 0000000000000000 0000000000000000 0000000000000000 0000000000000000 0000000000000000 000000000000db05 ffffffffffff7b77 0000000000000000 0000000000000000 ffffffffe7d26f27 0000000000000000 ffffffffe7d26f27 0000000000000000 fffffffffff3e938 0000000000000000 0000000100000000 0000000000000000 0000000000000000 ffffffffe7d26f27 0000000000000000 0000000000000000 0000000000000000 0000000000000000 0000000000064237 fffffffffff5a846 0000000000000002 0000000000000000 00000000031100cc 000000007f6475bf 000000003ec544bb 0000000041d64587 00000000c13abb46 00000000003ec545 0000000000c13abb 000000000041d646 0000000000000000
00000000000000c9 0000000000000000 00000000000000c9 0000000000000000 0000000000000000 0000000000000000 000000000000a690 0000000000000000 0000000000000000 0000000000000000 0000000000240000 0000000000000000 0000000000000000 ffffffffe7d26f27 0000000000000000 0000000000000000 0000000000000000 0000000000000000 0000000000000000 0000000000000000 ffffffffffff304b ffffffffffff6a5b 0000000000000000 0000000000000000 ffffffffe7d26f27 0000000000000000 ffffffffe7d26f27 0000000000000000 fffffffffff3e938 0000000000000000 0000000100000000 0000000000000000 0000000000000000 ffffffffe7d26f27 0000000000000000 0000000000000000 0000000000000000 0000000000000000 000000000007110d 000000000009cef8 0000000000000003 0000000000000000 000000000ef97028 0000000078cffe21 000000003c1b48dc 000000004b14b904 00000000c3e4b725 00000000003c1b49 00000000004b14b9 0000000000c3e4b7 0000000000000000
00000000000000ca 0000000000000000 00000000000000ca 0000000000000000 0000000000000000 0000000000000000 000000000000912a 0000000000000000 0000000000000000 0000000000000000 0000000000240000 0000000000000000 0000000000000000 ffffffffe7d26f27 0000000000000000 0000000000000000 0000000000000000 0000000000000000 0000000000000000 0000000000000000 ffffffffffff975d ffffffffffff165d 0000000000000000 0000000000000000 ffffffffe7d26f27 0000000000000000 ffffffffe7d26f27 0000000000000000 fffffffffff3e938 0000000000000000 0000000100000000 0000000000000000 0000000000000000 ffffffffe7d26f27 0000000000000000 0000000000000000 0000000000000000 0000000000000000 00000000000b086f 000000000004f0f4 0000000000000003 0000000000000000 0000000057416de2 000000003cdc9fd9 0000000035f0f923 000000008d326705 00000000ca0f06de 000000000035f0f9 00000000008d3267 0000000000ca0f07 0000000000000000
00000000000000cb 0000000000000000 00000000000000cb 0000000000000000 0000000000000000 0000000000000000 000000000000a66e 0000000000000000 0000000000000000 0000000000000000 0000000000240000 0000000000000000 0000000000000000 ffffffffe7d26f27 0000000000000000 0000000000000000 0000000000000000 0000000000000000 0000000000000000 0000000000000000 ffffffffffff30d0 ffffffffffff69a3 0000000000000000 0000000000000000 ffffffffe7d26f27 0000000000000000 ffffffffe7d26f27 0000000000000000 fffffffffff3e938 0000000000000000 0000000100000000 0000000000000000 0000000000000000 ffffffffe7d26f27 0000000000000000 0000000000000000 0000000000000000 0000000000000000 00000000000719bd 000000000009c8b0 0000000000000003 0000000000000000 000000000f7cc93f 000000007882a024 000000003c004b4f 000000004b7d148e 00000000c3ffb4b2 00000000003c004b 00000000004b7d15 0000000000c3ffb5 0000000000000000
00000000000000cc 0000000000000000 00000000000000cc 0000000000000000 0000000000000000 0000000000000000 0000000000003fc1 0000000000000000 0000000000000000 0000000000000000 0000000000240000 0000000000000000 0000000000000000 ffffffffe7d26f27 0000000000000000 0000000000000000 0000000000000000 0000000000000000 0000000000000000 0000000000000000 000000000000ffff 0000000000000192 0000000000000000 0000000000000000 ffffffffe7d26f27 0000000000000000 ffffffffe7d26f27 0000000000000000 fffffffffff3e938 0000000000000000 0000000100000000 0000000000000000 0000000000000000 ffffffffe7d26f27 0000000000000000 0000000000000000 0000000000000000 0000000000000000 ffffffffffffed04 fffffffffff3e944 0000000000000006 0000000000000000 000000004b3c8fdf 0000000049a78fdf 00000000358df021 0000000080ca8000 00000000ca720fdf 000000000080ca80 0000000000ca7210 0000000000358df0 0000000000000000
00000000000000cd 0000000000000000 00000000000000cd 0000000000000000 0000000000000000 0000000000000000 00000000000080cd 0000000000000000 0000000000000000 0000000000000000 0000000000240000 0000000000000000 0000000000000000 ffffffffe7d26f27 0000000000000000 0000000000000000 0000000000000000 0000000000000000 0000000000000000 0000000000000000 fffffffffffffafe ffffffffffff000d 0000000000000000 0000000000000000 ffffffffe7d26f27 0000000000000000 ffffffffe7d26f27 0000000000000000 fffffffffff3e938 0000000000000000 0000000100000000 0000000000000000 0000000000000000 ffffffffe7d26f27 0000000000000000 0000000000000000 0000000000000000 0000000000000000 00000000000c162b 0000000000003c8a 0000000000000003 0000000000000000 000000007f77a535 0000000002e9ab47 000000003ecf57c2 00000000be46fcf7 00000000c130a83e 00000000003ecf58 0000000000be46fd 0000000000c130a8 0000000000000000
00000000000000ce 0000000000000000 00000000000000ce 0000000000000000 0000000000000000 0000000000000000 0000000000008741 0000000000000000 0000000000000000 0000000000000000 0000000000240000 0000000000000000 0000000000000000 ffffffffe7d26f27 0000000000000000 0000000000000000 0000000000000000 0000000000000000 0000000000000000 0000000000000000 ffffffffffffd2b0 ffffffffffff040b 0000000000000000 0000000000000000 ffffffffe7d26f27 0000000000000000 ffffffffe7d26f27 0000000000000000 fffffffffff3e938 0000000000000000 0000000100000000 0000000000000000 0000000000000000 ffffffffe7d26f27 0000000000000000 0000000000000000 0000000000000000 0000000000000000 00000000000be5e8 00000000000223c8 0000000000000003 0000000000000000 0000000071bc4ed9 000000001a5b1b5c 0000000039f44ae6 00000000abb099bf 00000000c60bb51b 000000000039f44b 0000000000abb09a 0000000000c60bb5 0000000000000000
00000000000000cf 0000000000000000 00000000000000cf 0000000000000000 0000000000000000 0000000000000000 000000000000ed49 0000000000000000 0000000000000000 0000000000000000 0000000000240000 0000000000000000 0000000000000000 ffffffffe7d26f27 0000000000000000 0000000000000000 0000000000000000 0000000000000000 0000000000000000 0000000000000000 ffffffffffff8e7b 000000000000e574 0000000000000000 0000000000000000 ffffffffe7d26f27 0000000000000000 ffffffffe7d26f27 0000000000000000 fffffffffff3e938 0000000000000000 0000000100000000 0000000000000000 0000000000000000 ffffffffe7d26f27 0000000000000000 0000000000000000 0000000000000000 0000000000000000 fffffffffff52a25 0000000000055c56 0000000000000005 0000000000000000 0000000042074675 000000005290a45a 0000000035b40a99 0000000077bb510e 00000000ca4bf568 0000000000ca4bf5 000000000035b40b 000000000077bb51 0000000000000000
00000000000000d0 0000000000000000 00000000000000d0 0000000000013f65 0000000000021ed9 000000000000af1e 0000000000006239 fffffffffff325f5 fffffffffff62091 fffffffffff5dae2 0000000000240000 0000000000000001 0000000000000000 ffffffffe7d26f27 0000000000000000 0000000000000000 0000000000000000 0000000000000000 ffffffffffffe59b 000000000000d44f 000000000000aae6 ffffffffffff4165 000000000000a162 ffffffffffff738c 0000000000000000 0000000000000000 0000000000000000 0000000000000000 0000000000000000 0000000000000000 0000000100000000 0000000000000000 0000000000000000 0000000000000000 0000000000000000 0000000000000000 0000000000000000 0000000000000000 0000000000000000 0000000000000000 0000000000000002 0000000000000000 0000000000000000 0000000000000000 0000000080000000 0000000080000000 0000000080000000 0000000000800000 0000000000800000 0000000000800000 0000000000000000
00000000000000d1 0000000000000000 00000000000000d1 fffffffffffece95 fffffffffffee719 ffffffffffff7cc5 0000000000006ea7 0000000000197018 fffffffffff5a95f 000000000001da38 0000000000060000 0000000000000000 0000000000000000 0000000000000000 0000000000000000 0000000000000000 0000000000000000 0000000000000000 ffffffffffffbdc4 ffffffffffffa996 00000000000069cd ffffffffffff16e3 0000000000001899 0000000000006a10 ffffffffd2715bb4 0000000009de7877 fffffffff9e7ed98 000000000151f516 fffffffffffcf3f7 000000000000a8fb 00000000223e8716 0000000000000001 0000000000000001 fffffffff9d14c60 0000000000da21f0 ffffffffd8896e1c 00000000088c8361 0000000000000001 0000000000028076 fffffffffffe23c0 0000000000000002 0000000000000000 000000005b606148 00000000897c45a2 000000000d91ac8b 0000000068f20dd3 00000000f26e5375 00000000000d91ad 0000000000f26e53 000000000068f20e 0000000000000000
00000000000000d2 0000000000000000 00000000000000d2 0000000000008290 000000000000019a fffffffffffd8115 0000000000007aab 00000000001efce2 000000000007a50c 00000000000595c6 0000000000180000 0000000000000000 0000000000000000 fffffffff9d14c60 0000000000da21f0 ffffffffd8896e1c 00000000088c8361 0000000000000001 0000000000012b7c 00000000000171cd 000000000000217b ffffffffffff0233 ffffffffffff0774 fffffffffffe6a35 000000001f931622 000000002465729b 0000000010581b40 0000000012d70eca 0000000000082c0e 0000000000096b87 000000008483df8d 0000000000000001 0000000000000001 0000000006d0a05e 00000000036400c5 000000000f3afae2 00000000118e63d1 0000000000000001 fffffffffff6aa88 fffffffffff7bacb 0000000000000004 0000000000000000 0000000098ccf3d8 0000000048f22726 000000000f207281 00000000a7ed6659 00000000f0df8d7f 0000000000f0df8d 0000000000a7ed66 00000000000f2073 0000000000000000
00000000000000d3 0000000000000000 00000000000000d3 000000000001796a ffffffffffffc0f5 fffffffffffe4043 000000000000ceee ffffffffffec4fd7 fffffffffff888a0 0000000000001ae5 0000000000240000 0000000000000000 0000000000000000 0000000006d0a05e 00000000036400c5 000000000f3afae2 00000000118e63d1 0000000000000001 000000000001a5df 000000000000de1a ffffffffffff10fa 0000000000005bad ffffffffffffc7b4 000000000001d96e ffffffffe75460d8 fffffffff90532f6 ffffffffe75460d8 fffffffff90532f6 fffffffffff3aa30 fffffffffffc8299 0000000100000000 0000000000000000 0000000000000000 ffffffffff79b25d fffffffffed88d92 0000000000000000 0000000000000000 0000000000000000 fffffffffff85301 00000000000a4478 0000000000000005 0000000000000000 000000007e77422b 0000000012a54380 000000003771bd2b 00000000b5e8ff56 00000000c88e42d6 0000000000c88e43 00000000003771bd 0000000000b5e8ff 0000000000000000
00000000000000d4 0000000000000000 00000000000000d4 ffffffffffff72e1 fffffffffffe315a 00000000000138a8 000000000000ea03 00000000004b7f8c 0000000000052102 fffffffffff30a6e 0000000000060000 0000000000000000 0000000000000000 ffffffffff79b25d fffffffffed88d92 0000000000000000 0000000000000000 0000000000000000 ffffffffffffd3eb fffffffffffe4061 ffffffffffff7c64 000000000000db94 000000000000c050 fffffffffffe6967 0000000012fddd28 ffffffffd8154a8e 0000000002adcda7 fffffffffa5e928e 00000000000156e7 fffffffffffd2f49 00000000241c5b74 0000000000000001 0000000000000001 000000000211b56c fffffffff81bcd42 0000000010500f81 ffffffffddb6b800 0000000000000001 ffffffffffffb399 fffffffffffce58a 0000000000000006 0000000000000000 0000000085c48d50 000000005f910d50 000000000d5532b0 000000009319c000 00000000f2aacd50 00000000009319c0 0000000000f2aacd 00000000000d5533 0000000000000000
00000000000000d5 0000000000000000 00000000000000d5 0000000000019199 00000000000251e1 ffffffffffff7b77 0000000000008e87 ffffffffffa32442 000000000000c30b fffffffffffa52ae 0000000000180000 0000000000000000 0000000000000000 000000000211b56c fffffffff81bcd42 0000000010500f81 ffffffffddb6b800 0000000000000001 00000000000071f4 000000000001a365 ffffffffffffa6b6 ffffffffffff1013 ffffffffffff02ec fffffffffffe9eaf 00000000094222bd ffffffffd8973c51 0000000005b444ba ffffffffe7b83193 000000000002da22 fffffffffff3dc19 000000009db98008 0000000000000001 0000000000000001 ffffffffffd80223 fffffffffc6b8172 00000000038dde03 fffffffff0df0abe 0000000000000001 fffffffffff917b9 00000000000a6219 0000000000000005 0000000000000000 00000000bfd64db0 000000000e9ab413 0000000018c77f1f 00000000d89dcccf 00000000e73880e2 0000000000e73881 000000000018c77f 0000000000d89dcd 0000000000000000
00000000000000d6 0000000000000000 00000000000000d6 00000000000272f3 ffffffffffff1790 fffffffffffdb6e2 000000000000f3f6 000000000031e9f5 0000000000040085 fffffffffff483f6 0000000000240000 0000000000000000 0000000000000000 ffffffffffd80223 fffffffffc6b8172 00000000038dde03 fffffffff0df0abe 0000000000000001 000000000002b27d 000000000000cb9e ffffffffffffb568 000000000000f4e4 0000000000025932 0000000000018bfa 0000000006c9c805 ffffffffcb048eb6 0000000004c12645 ffffffffdae41b53 0000000000026093 ffffffffffed720e 00000000b34db1f7 0000000000000001 0000000000000001 00000000001cdac0 fffffffff7b98210 000000000208a1c0 fffffffff0207363 0000000000000001 fffffffffffcde1e ffffffffffed8edb 0000000000000006 0000000000000000 0000000092fb461a 00000000502870c5 000000000e6e2491 00000000a1696aab 00000000f191db70 0000000000a1696b 0000000000f191db 00000000000e6e25 0000000000000000
00000000000000d7 0000000000000000 00000000000000d7 000000000001a73d 00000000000044a6 ffffffffffff27e8 000000000000c906 000000000018d73e 00000000000ea471 0000000000044568 0000000000060000 0000000000000000 0000000000000000 00000000001cdac0 fffffffff7b98210 000000000208a1c0 fffffffff0207363 0000000000000001 0000000000014b4f 000000000000a465 ffffffffffff063e 0000000000003830 ffffffffffffa855 0000000000016750 00000000415cbb29 0000000007b50b7a 0000000006314672 0000000000baed9d 00000000000318a3 0000000000005d77 000000001840f1ba 0000000000000001 0000000000000001 0000000008959f72 fffffffffc992b1c 000000003b2b74b7 0000000006fa1ddd 0000000000000001 0000000000010928 fffffffffffd0f34 0000000000000006 0000000000000000 000000002a5d57b9 00000000aef157b9 000000001358a847 000000003db60000 00000000eca757b9 00000000003db600 0000000000eca758 00000000001358a8 0000000000000000
00000000000000d8 0000000000000000 00000000000000d8 0000000000013022 000000000001f346 fffffffffffec3ca 000000000000ce37 000000000055b486 0000000000024fc4 fffffffffff65760 0000000000180000 0000000000000000 0000000000000000 0000000008959f72 fffffffffc992b1c 000000003b2b74b7 0000000006fa1ddd 0000000000000001 0000000000008dbc 000000000001d6d1 ffffffffffff0f66 0000000000005772 fffffffffffe75eb 0000000000012608 00000000190a6f6b ffffffffd9135ec4 000000000d7e824e ffffffffeb062d47 000000000006bf41 fffffffffff58317 0000000089f4969a 0000000000000001 0000000000000001 ffffffffff083f1e fffffffff4ccb38b 000000000b8bed1d ffffffffee0d317d 0000000000000001 fffffffffff87297 fffffffffff61385 0000000000000004 0000000000000000 00000000b7593d5c 000000001d2b4c2e 0000000015bdbb3b 00000000cd16f897 00000000ea4244c5 0000000000ea4245 0000000000cd16f9 000000000015bdbb 0000000000000000
00000000000000d9 0000000000000000 00000000000000d9 0000000000023428 0000000000009b87 0000000000004816 0000000000009d97 ffffffffffb1ddea 0000000000062096 000000000007ea5b 0000000000240000 0000000000000000 0000000000000000 ffffffffff083f1e fffffffff4ccb38b 000000000b8bed1d ffffffffee0d317d 0000000000000001 0000000000012c3c 000000000000302d ffffffffffff560e ffffffffffff408c fffffffffffeff7c 000000000000a348 000000001e4ec6bd 0000000009ce042b 000000001e4ec6bd 0000000009ce042b 00000000000f2763 000000000004e702 0000000100000000 0000000000000000 0000000000000000 0000000000f26f18 fffffffffcb388b7 0000000000000000 0000000000000000 0000000000000000 fffffffffff7ebe2 fffffffffff24619 0000000000000004 0000000000000000 00000000a9114822 0000000001a48671 000000002aa518b7 00000000d3b660d9 00000000d55ae74a 0000000000d55ae7 0000000000d3b661 00000000002aa519 0000000000000000
00000000000000da 0000000000000000 00000000000000da 000000000001fcae 000000000001dde1 000000000001a42b 000000000000d81f 00000000003610db 00000000000456fc fffffffffff60638 0000000000060000 0000000000000000 0000000000000000 0000000000f26f18 fffffffffcb388b7 0000000000000000 0000000000000000 0000000000000000 00000000000027c5 0000000000002152 ffffffffffff2b87 0000000000008ecc fffffffffffffa87 0000000000003398 0000000013ef3e14 ffffffffd7ec1d1c 0000000002c6e423 fffffffffa6ac75f 0000000000016372 fffffffffffd3564 0000000023a94958 0000000000000001 0000000000000001 000000000387ef4a fffffffff6abd974 00000000112859f1 ffffffffdd8155bd 0000000000000001 fffffffffffe752a fffffffffffd4a62 0000000000000006 0000000000000000 00000000c6d23153 0000000001673153 000000001be34ead 00000000e2b58000 00000000e41cb153 0000000000e2b580 0000000000e41cb1 00000000001be34f 0000000000000000
00000000000000db 0000000000000000 00000000000000db fffffffffffe20bc 0000000000023669 000000000000be02 000000000000560a fffffffffffd3692 fffffffffff49644 00000000000a0e73 0000000000180000 0000000000000000 0000000000000000 000000000387ef4a fffffffff6abd974 00000000112859f1 ffffffffdd8155bd 0000000000000001 fffffffffffdc458 000000000000d951 000000000000db7a ffffffffffff7c39 000000000001e093 0000000000017a3c ffffffffc9910ad9 000000001baf91a4 ffffffffe9c4ce9a 000000000b4ea483 fffffffffff4e267 000000000005a752 00000000688da32a 0000000000000001 0000000000000001 fffffffff83998c5 0000000002a73d55 ffffffffdfcc3c3f 000000001060ed21 0000000000000001 000000000000dff4 fffffffffff38f5e 0000000000000006 0000000000000000 0000000064ea43cc 0000000080e8c3cc 000000000d167c34 000000007200c000 00000000f2e983cc 00000000007200c0 0000000000f2e984 00000000000d167c 0000000000000000
00000000000000dc 0000000000000000 00000000000000dc fffffffffffdb84c 0000000000010866 fffffffffffe18cf 00000000000056d4 fffffffffff9b675 fffffffffffbe991 0000000000047499 0000000000240000 0000000000000000 0000000000000000 fffffffff83998c5 0000000002a73d55 ffffffffdfcc3c3f 000000001060ed21 0000000000000001 fffffffffffec521 000000000001b1ee 000000000000d8dc ffffffffffff77f4 00000000000216eb 0000000000002420 ffffffffdd47be4a 00000000148ad186 ffffffffdfcd24e4 00000000130cf60f ffffffffffefe692 000000000009867b 00000000ed694029 0000000000000001 0000000000000001 fffffffffb01661a 0000000001ef0ded fffffffffd7a9966 00000000017ddb77 0000000000000001 0000000000007c9c ffffffffffed4cd2 0000000000000006 0000000000000000 000000006df75984 000000007859aed9 000000000cd77bd2 000000007aced556 00000000f328842f 00000000007aced5 0000000000f32884 00000000000cd77c 0000000000000000
00000000000000dd 0000000000000000 00000000000000dd fffffffffffeca02 fffffffffffe4b8b 0000000000016a5e 000000000000b09a 000000000003275c 00000000000ddb57 ffffffffffff1b86 0000000000060000 0000000000000000 0000000000000000 fffffffffb01661a 0000000001ef0ded fffffffffd7a9966 00000000017ddb77 0000000000000001 ffffffffffff4a09 fffffffffffe32cd ffffffffffff1216 ffffffffffffa17d 000000000001efcc 0000000000000129 000000002f01bdfb fffffffffe7c8f15 00000000063b6e68 ffffffffffcca215 0000000000031db7 ffffffffffffe651 0000000021f0c029 0000000000000001 0000000000000001 00000000029284a3 00000000011a9f89 0000000028c64f93 fffffffffeafed00 0000000000000001 fffffffffffec1a0 fffffffffffd2420 0000000000000006 0000000000000000 00000000b93a4b18 000000001a0a4b18 00000000165db4e8 00000000cf980000 00000000e9a24b18 0000000000cf9800 0000000000e9a24b 0000000000165db5 0000000000000000
00000000000000de 0000000000000000 00000000000000de fffffffffffe1708 fffffffffffdda8c fffffffffffed73b 000000000000ea5a 000000000038c4e7 0000000000075417 000000000004d744 0000000000180000 0000000000000000 0000000000000000 00000000029284a3 00000000011a9f89 0000000028c64f93 fffffffffeafed00 0000000000000001 ffffffffffffd419 ffffffffffff6e1d ffffffffffff7e3f 000000000000dcae 0000000000002419 ffffffffffff6bfd 00000000220acf05 0000000020c6e95d 0000000011f7908a 00000000114c9da9 000000000008fbc8 000000000008a64f 00000000871d101f 0000000000000001 0000000000000001 fffffffffead0d27 000000000493ccc1 0000000010133e7b 000000000f7a4bb4 0000000000000001 00000000000c20ce 000000000002e727 0000000000000003 0000000000000000 00000000a73c210c 0000000035a248d7 000000001190cb0f 00000000b8ccec1b 00000000ee6f34f2 00000000001190cb 0000000000b8ccec 0000000000ee6f35 0000000000000000
00000000000000df 0000000000000000 00000000000000df fffffffffffe40a7 000000000002698f ffffffffffff4ba6 0000000000001b07 000000000049c1ab 000000000001998f 00000000000617b4 0000000000240000 0000000000000000 0000000000000000 fffffffffead0d27 000000000493ccc1 0000000010133e7b 000000000f7a4bb4 0000000000000001 fffffffffffe4407 000000000001ccac 0000000000009d94 000000000000c9c2 ffffffffffffbda9 0000000000027c59 0000000006255b1f 000000001ea52d38 0000000006255b1f 000000001ea52d38 00000000000312ae 00000000000f5297 0000000100000000 0000000000000000 0000000000000000 fffffffffc8ff8f1 00000000039e6dc7 0000000000000000 0000000000000000 0000000000000000 fffffffffff8fd7c 00000000000df7b1 0000000000000001 0000000000000000 00000000a0c966fc 000000000b3e66fc 0000000029fc1904 00000000cac58000 00000000d603e6fc 0000000000cac580 000000000029fc19 0000000000d603e7 0000000000000000
00000000000000e0 0000000000000000 00000000000000e0 0000000000026891 000000000002194d ffffffffffff0790 00000000000052d9 ffffffffff9e2b07 00000000000393e3 fffffffffff4b6c2 0000000000060000 0000000000000000 0000000000000000 fffffffffc8ff8f1 00000000039e6dc7 0000000000000000 0000000000000000 0000000000000000 0000000000013ac2 000000000001c5a5 000000000000e51b ffffffffffff8dc7 000000000001098c fffffffffffe1be7 0000000006ffcafb ffffffffcc7bfa6d 0000000000d6e6c7 fffffffff9d2462a 0000000000006b73 fffffffffffce923 000000001eb42985 0000000000000001 0000000000000001 fffffffffe114c7c fffffffffe0d6179 000000000628e434 ffffffffd2a9b443 0000000000000001 00000000000293d6 000000000001c108 0000000000000003 0000000000000000 000000006426183c 0000000081a0b9fe 000000000d1c96e3 000000007142af1f 00000000f2e3691d 00000000000d1c97 00000000007142af 0000000000f2e369 0000000000000000
00000000000000e1 0000000000000000 00000000000000e1 fffffffffffeae71 0000000000011c9c 0000000000001169 000000000000a1f1 ffffffffffed36ea fffffffffff3f808 0000000000037939 0000000000180000 0000000000000000 0000000000000000 fffffffffe114c7c fffffffffe0d6179 000000000628e434 ffffffffd2a9b443 0000000000000001 fffffffffffeba49 0000000000009a44 ffffffffffff4295 ffffffffffff53ca 00000000000068f7 fffffffffffea73a ffffffffc7b46c1d 000000001067b9d5 ffffffffe80df3b9 0000000006fa60b2 fffffffffff406fa 0000000000037d30 000000006ce41de8 0000000000000001 0000000000000001 fffffffff576d8f2 0000000009f9c84e ffffffffdfa67864 00000000096d5923 0000000000000001 00000000000aa2b8 0000000000068302 0000000000000003 0000000000000000 000000006e04cb0d 00000000784f311a 000000000cd601ed 000000007adaccfa 00000000f329fe14 00000000000cd602 00000000007adacd 0000000000f329fe 0000000000000000
00000000000000e2 0000000000000000 00000000000000e2 fffffffffffe42b5 ffffffffffff2c23 fffffffffffdd559 000000000000d44e 00000000002e2130 000000000000cea5 fffffffffffe15f6 0000000000240000 0000000000000000 0000000000000000 fffffffff576d8f2 0000000009f9c84e ffffffffdfa67864 00000000096d5923 0000000000000001 ffffffffffffd6a5 000000000000c5e8 ffffffffffff1f1d 0000000000007a52 ffffffffffff3e63 0000000000003a3c fffffffffc3f98cb 000000000703dd61 fffffffffc3f98cb 000000000703dd61 fffffffffffe1fcc 00000000000381ef 0000000100000000 0000000000000000 0000000000000000 fffffffffcdc4e58 0000000006d242c6 0000000000000000 0000000000000000 0000000000000000 0000000000022f5b 00000000000352e3 0000000000000003 0000000000000000 0000000002d68243 0000000028f0810b 000000006a1c7e59 000000006cf3009c 0000000095e381a7 00000000006a1c7e 00000000006cf301 000000000095e382 0000000000000000
00000000000000e3 0000000000000000 00000000000000e3 fffffffffffda5e0 ffffffffffff8bb8 0000000000001b4f 0000000000002f3c ffffffffffc8dd06 0000000000031432 000000000009d108 0000000000060000 0000000000000000 0000000000000000 fffffffffcdc4e58 0000000006d242c6 0000000000000000 0000000000000000 0000000000000000 fffffffffffe8c3d ffffffffffffad19 000000000000eaa1 0000000000006665 ffffffffffff1f52 0000000000013391 000000000e5a283d 0000000024cc9fb1 0000000002440226 0000000005cf27a9 0000000000012201 000000000002e794 0000000028699e79 0000000000000001 0000000000000001 ffffffffff346f37 000000000becffaa 000000000c162617 000000001efd7808 0000000000000001 fffffffffffdca7e 0000000000023336 0000000000000005 0000000000000000 00000000a296f0bc 000000003c163b39 0000000010a96a06 00000000b3405ac2 00000000ef5695fb 0000000000ef5696 000000000010a96a 0000000000b3405b 0000000000000000
00000000000000e4 0000000000000000 00000000000000e4 ffffffffffffe080 0000000000020f7b fffffffffffede29 0000000000002da3 00000000003b730b 000000000002f51c 00000000000eeaec 0000000000180000 0000000000000000 0000000000000001 ffffffffff346f37 000000000becffaa 000000000c162617 000000001efd7808 0000000000000001 ffffffffffff9bc9 000000000001d7e1 000000000000e667 0000000000006f94 0000000000017d04 00000000000127dd 00000000055fc219 0000000000000000 00000000055fc219 0000000000000000 000000000002afe1 0000000000000000 0000000100000000 0000000000000000 0000000000000000 fffffffffda870b4 0000000000000000 0000000000000000 0000000000000000 0000000000000000 0000000000012bd0 0000000000026b19 0000000000000001 0000000000000000 000000000399cfb9 000000002913cfb9 0000000069a93047 000000006d430000 000000009656cfb9 00000000006d4300 000000000069a930 00000000009656d0 0000000000000000
00000000000000e5 0000000000000000 00000000000000e5 ffffffffffff30ef fffffffffffeb812 fffffffffffe1626 0000000000006bef ffffffffffbf90a5 0000000000014835 fffffffffffb3978 0000000000240000 0000000000000000 0000000000000000 fffffffffda870b4 0000000000000000 0000000000000000 0000000000000000 0000000000000000 000000000000868d 0000000000005d7c 000000000000791c ffffffffffff1e76 ffffffffffffb5af ffffffffffff6dfc 0000000004639cef ffffffffe4a29151 0000000004639cef ffffffffe4a29151 00000000000231ce fffffffffff25149 0000000100000000 0000000000000000 0000000000000000 fffffffffe96ef75 fffffffffd822a1e 0000000000000000 0000000000000000 0000000000000000 0000000000048a1f 00000000000d17b7 0000000000000001 0000000000000000 000000002034a581 00000000810c902c 000000002f5f652a 000000004f940aab 00000000d0a09ad7 00000000004f940b 00000000002f5f65 0000000000d0a09b 0000000000000000
00000000000000e6 0000000000000000 00000000000000e6 ffffffffffffe985 0000000000005cba 0000000000022d2b 0000000000006aaa 00000000003f8db0 000000000000a086 fffffffffffa5e34 0000000000060000 0000000000000000 0000000000000000 fffffffffe96ef75 fffffffffd822a1e 0000000000000000 0000000000000000 0000000000000000 ffffffffffff1861 fffffffffffef3db 000000000000800f ffffffffffff2255 000000000000426d 0000000000015c0c ffffffffffe43d34 ffffffffe806bb04 fffffffffff8c798 fffffffff9c3c226 fffffffffffffc64 fffffffffffce1e1 0000000042953fe9 0000000000000001 0000000000000001 fffffffffeceb030 fffffffff95daea1 ffffffffffeb759c ffffffffee42f8de 0000000000000001 000000000001925e 000000000002b148 0000000000000003 0000000000000000 00000000011b0470 00000000c6fbe801 000000001bf489c8 000000001d0f8e38 00000000e40b7639 00000000001bf48a 00000000001d0f8e 0000000000e40b76 0000000000000000
00000000000000e7 0000000000000000 00000000000000e7 fffffffffffe2acc 00000000000257b9 ffffffffffffcb28 000000000000d192 00000000002883c3 fffffffffff307e3 fffffffffffc4b7e 0000000000180000 0000000000000000 0000000000000000 fffffffffeceb030 fffffffff95daea1 ffffffffffeb759c ffffffffee42f8de 0000000000000001 fffffffffffe10e6 00000000000178c2 ffffffffffff176b 0000000000006af6 fffffffffffddad8 fffffffffffedb9b ffffffffcfbfbb58 fffffffff3982863 ffffffffe7d81632 fffffffff9ca142c fffffffffff3ec0b fffffffffffce50a 00000000802945f1 0000000000000001 0000000000000001 fffffffff8690120 fffffffffb6523fc ffffffffe7e7a526 fffffffff9ce1437 0000000000000001 fffffffffff821e4 000000000009acf8 0000000000000005 0000000000000000 00000000b2c3d069 00000000248129fc 00000000145d82ce 00000000c7215337 00000000eba27d33 0000000000eba27d 0000000000145d83 0000000000c72153 0000000000000000
00000000000000e8 0000000000000000 00000000000000e8 000000000000ca51 00000000000252fe 00000000000061d9 000000000000a27a fffffffffff77665 fffffffffff8e521 0000000000094182 0000000000240000 0000000000000000 0000000000000000 fffffffff8690120 fffffffffb6523fc ffffffffe7e7a526 fffffffff9ce1437 0000000000000001 ffffffffffff9fee 0000000000011f06 ffffffffffff405a ffffffffffff5646 ffffffffffff68d2 fffffffffffef9c9 ffffffffdbf5e345 00000000270e5d5d ffffffffe6a0efb0 000000001b7eb830 fffffffffff35078 00000000000dbf5c 00000000b4387f28 0000000000000001 0000000000000001 fffffffff95e9174 0000000002b99ecf fffffffff554f395 000000000b8fa52d 0000000000000001 000000000012b3c8 00000000000061e0 0000000000000003 0000000000000000 00000000c522ee40 0000000004b58aa6 000000001b13c38d 00000000e036b1cd 00000000e4ec3c73 00000000001b13c4 0000000000e036b2 0000000000e4ec3c 0000000000000000
00000000000000e9 0000000000000000 00000000000000e9 000000000001a8b5 fffffffffffdb8c9 fffffffffffedf81 00000000000022dd fffffffffff9c60e fffffffffffb89dc fffffffffffe7407 0000000000060000 0000000000000000 0000000000000000 fffffffff95e9174 0000000002b99ecf fffffffff554f395 000000000b8fa52d 0000000000000001 0000000000023db6 ffffffffffff55d8 000000000000c144 000000000000a7e1 000000000000f7c5 fffffffffffddf4c ffffffffe1a33fb2 00000000045c53a3 fffffffff9d3f45e 0000000000e2ed4e fffffffffffce9fa 0000000000007177 00000000340a29b9 0000000000000001 0000000000000001 fffffffff8494191 0000000000c1d06c ffffffffe7cf4b54 0000000003796655 0000000000000001 fffffffffffda443 fffffffffffdf5fc 0000000000000004 0000000000000000 0000000096b27c66 000000004b971ee4 000000000edb325b 00000000a58daec1 00000000f124cda5 0000000000f124ce 0000000000a58daf 00000000000edb32 0000000000000000
00000000000000ea 0000000000000000 00000000000000ea 0000000000024434 ffffffffffff55ab 0000000000001c09 000000000000b7ee 00000000000585f7 00000000000677d7 fffffffffff15278 0000000000180000 0000000000000000 0000000000000000 fffffffff8494191 0000000000c1d06c ffffffffe7cf4b54 0000000003796655 0000000000000001 000000000001b23d ffffffffffff8d79 ffffffffffff0504 ffffffffffffcd93 0000000000001ac0 000000000001c04a 00000000140384e6 ffffffffb9ddced4 0000000006d82086 ffffffffe8041316 0000000000036c10 fffffffffff4020a 00000000578bd263 0000000000000001 0000000000000001 0000000000e5086b fffffffff653fc5d 000000000d2b6460 ffffffffd1d9bbbe 0000000000000001 fffffffffff391a0 ffffffffffff01cf 0000000000000004 0000000000000000 0000000012585f65 00000000bdb9f302 0000000017f6d6cd 000000002a4f3632 00000000e8092934 0000000000e80929 00000000002a4f36 000000000017f6d7 0000000000000000
00000000000000eb 0000000000000000 00000000000000eb 0000000000017bbf fffffffffffd82e9 000000000000a173 000000000000c8d9 0000000000456b41 000000000002ed6b 00000000000de18a 0000000000240000 0000000000000000 0000000000000000 0000000000e5086b fffffffff653fc5d 000000000d2b6460 ffffffffd1d9bbbe 0000000000000001 0000000000019bb7 fffffffffffe32f7 ffffffffffff0602 0000000000003722 0000000000021ae2 0000000000012ec3 000000000432244b 000000003805ce0c 0000000002cb50b3 00000000254ecc61 00000000000165a8 000000000012a766 00000000aa7b1ee5 0000000000000001 0000000000000001 fffffffffebf7f20 000000000714eca9 000000000166d398 0000000012b701ab 0000000000000001 000000000012845b 000000000002a72e 0000000000000003 0000000000000000 00000000b52d4092 0000000020ad8fd6 00000000151297cc 00000000ca3fd85e 00000000eaed6834 0000000000151298 0000000000ca3fd8 0000000000eaed68 0000000000000000
00000000000000ec 0000000000000000 00000000000000ec fffffffffffea352 000000000001c239 0000000000021af8 000000000000f4ec 00000000000d1e41 00000000000daea3 ffffffffffff8f6b 0000000000060000 0000000000000000 0000000000000000 fffffffffebf7f20 000000000714eca9 000000000166d398 0000000012b701ab 0000000000000001 fffffffffffdcdd0 ffffffffffffccc3 ffffffffffffbb40 000000000000f698 fffffffffffdf03b ffffffffffff37ab 00000000437750bb 000000000a5515c6 000000000629dc75 0000000000f1a5dc 00000000000314ee 00000000000078d3 0000000017633191 0000000000000001 0000000000000001 0000000007cbbf33 00000000038ab70f 000000003d4d7446 0000000009636fea 0000000000000001 0000000000031864 ffffffffffffa084 0000000000000002 0000000000000000 00000000b850ea7f 000000001b90934d 00000000160f411a 00000000ce602b99 00000000e9f0bee6 0000000000160f41 0000000000e9f0bf 0000000000ce602c 0000000000000000
00000000000000ed 0000000000000000 00000000000000ed 000000000000ddc0 fffffffffffdb210 fffffffffffe7b49 000000000000d7aa 000000000018fbf4 00000000000dd7f8 00000000000b4ae9 0000000000180000 0000000000000000 0000000000000000 0000000007cbbf33 00000000038ab70f 000000003d4d7446 0000000009636fea 0000000000000001 000000000001da0e ffffffffffff8bd3 ffffffffffff29f4 0000000000008c6d 000000000001652d 0000000000014ca4 000000003dfd2063 0000000032c82399 00000000134b40e4 000000000fce4888 000000000009a5a0 000000000007e724 000000004fae07a2 0000000000000001 0000000000000001 0000000002e93b20 000000000795cd63 000000002ab1df7f 0000000022f9db11 0000000000000001 00000000000be646 fffffffffffc44de 0000000000000002 0000000000000000 000000009bed7ead 0000000044eec776 000000000f91dcef 00000000ab7f5b9c 00000000f06e2312 00000000000f91dd 0000000000f06e23 0000000000ab7f5c 0000000000000000
00000000000000ee 0000000000000000 00000000000000ee 0000000000010d04 0000000000013f34 0000000000023e99 0000000000006751 fffffffffff93e94 fffffffffff84622 00000000000aaee9 0000000000240000 0000000000000000 0000000000000000 0000000002e93b20 000000000795cd63 000000002ab1df7f 0000000022f9db11 0000000000000001 ffffffffffff8968 ffffffffffff6c8c 00000000000091cc ffffffffffff2d93 0000000000000d81 000000000000bcbf ffffffffe0fe531f 00000000320546a9 ffffffffec49f15f 000000001fcc7027 fffffffffff624f9 00000000000fe638 00000000a2bdded9 0000000000000001 0000000000000001 fffffffff5c35e82 00000000067ba225 fffffffff4b461c0 000000001238d682 0000000000000001 ffffffffffff0bcd ffffffffffed5178 0000000000000006 0000000000000000 000000007d38ae90 0000000068df193b 000000000cf41c1b 000000008a2ccaab 00000000f30be3e6 00000000008a2ccb 0000000000f30be4 00000000000cf41c 0000000000000000
00000000000000ef 0000000000000000 00000000000000ef fffffffffffe32d8 000000000002252b 000000000000327f 0000000000002610 ffffffffffb6fc5e fffffffffff83398 fffffffffff784ee 0000000000060000 0000000000000000 0000000000000000 fffffffff5c35e82 00000000067ba225 fffffffff4b461c0 000000001238d682 0000000000000001 fffffffffffe04ac 0000000000011fe8 000000000000cddb 000000000000982f ffffffffffffb9ec 000000000002431b ffffffffd5835485 ffffffffcd645427 fffffffffbfda2fe fffffffffb39744f fffffffffffdfed1 fffffffffffd9cba 00000000182838f1 0000000000000001 0000000000000001 fffffffff39057e9 fffffffffc792fd1 ffffffffd985b187 ffffffffd22adfd8 0000000000000001 000000000000ba78 fffffffffffcf7f5 0000000000000006 0000000000000000 0000000041644535 000000009ea04535 000000000ffdbacb 0000000051620000 00000000f0024535 0000000000516200 0000000000f00245 00000000000ffdbb 0000000000000000
00000000000000f0 0000000000000000 00000000000000f0 0000000000008dda fffffffffffe97d1 ffffffffffffc5f7 0000000000006160 00000000003e5eab fffffffffffa6bdf 00000000000ec25d 0000000000180000 0000000000000000 0000000000000000 fffffffff39057e9 fffffffffc792fd1 ffffffffd985b187 ffffffffd22adfd8 0000000000000001 000000000000e9fa ffffffffffff518e 000000000000aecf ffffffffffff44fa fffffffffffeddf2 ffffffffffffdfac ffffffffe0328814 0000000045f57ddf fffffffff5ada471 0000000016b49f59 fffffffffffad6d2 00000000000b5a50 0000000053161040 0000000000000001 0000000000000001 fffffffff8a0187c 000000000e75a575 ffffffffea84e3a3 000000002f40de86 0000000000000001 fffffffffffc04a3 fffffffffff42e9a 0000000000000006 0000000000000000 00000000ace06d24 000000002d74cd24 0000000012d562dc 00000000bfb5d000 00000000ed2a9d24 0000000000bfb5d0 0000000000ed2a9d 000000000012d563 0000000000000000
00000000000000f1 0000000000000000 00000000000000f1 0000000000022c6f 0000000000017376 00000000000139ee 0000000000009b8d fffffffffffa83b9 000000000001f86d fffffffffffdd6f8 0000000000240000 0000000000000000 0000000000000000 fffffffff8a0187c 000000000e75a575 ffffffffea84e3a3 000000002f40de86 0000000000000001 0000000000008e7e 0000000000002137 ffffffffffff5fce ffffffffffff3851 ffffffffffff7c12 0000000000003f42 000000000379684a 0000000003319b9f 000000000379684a 0000000003319b9f 000000000001bcb4 00000000000198ce 0000000100000000 0000000000000000 0000000000000000 fffffffffe64f556 0000000003951f12 0000000000000000 0000000000000000 0000000000000000 ffffffffffffa4f1 fffffffffffdaad9 0000000000000006 0000000000000000 000000001228b042 000000000a921aec 0000000071a29a69 0000000083cb4aab 000000008e5d6597 000000000083cb4b 00000000008e5d66 000000000071a29a 0000000000000000
00000000000000f2 0000000000000000 00000000000000f2 ffffffffffff0a09 0000000000020778 000000000002121c 000000000000395f 00000000004fa35a fffffffffffb5b84 000000000003ee08 0000000000060000 0000000000000000 0000000000000000 fffffffffe64f556 0000000003951f12 0000000000000000 0000000000000000 0000000000000000 fffffffffffdfe29 fffffffffffff9db 000000000000fc9b 000000000000298a ffffffffffffa68f 000000000001fa08 ffffffffeb1dbd1b 00000000173c20fc fffffffffbd4f019 0000000004a33067 fffffffffffdea78 0000000000025198 0000000033185a47 0000000000000001 0000000000000001 fffffffffbd9c682 0000000004bd5f11 ffffffffef48cd02 000000001298f095 0000000000000001 fffffffffffd5fb5 fffffffffffe51dc 0000000000000004 0000000000000000 000000007c2ca768 0000000069fd5736 000000000ceb00b1 000000008917a819 00000000f314ff4f 0000000000f314ff 00000000008917a8 00000000000ceb01 0000000000000000
00000000000000f3 0000000000000000 00000000000000f3 fffffffffffd8213 fffffffffffe38f1 fffffffffffdcd6d 000000000000e80d ffffffffffb89045 fffffffffff72f51 000000000006d9dd 0000000000180000 0000000000000000 0000000000000000 fffffffffbd9c682 0000000004bd5f11 ffffffffef48cd02 000000001298f095 0000000000000001 ffffffffffffa9ed 0000000000003e13 ffffffffffff7205 000000000000d505 ffffffffffff95f3 00000000000003ea ffffffffd7349d9f 0000000018976504 ffffffffeaa3acdd 000000000ce05ece fffffffffff551d6 000000000006702f 00000000860bb560 0000000000000001 0000000000000001 fffffffffa375d86 0000000005120740 ffffffffec90f0c2 000000000bb70636 0000000000000001 fffffffffffaaefc 00000000000b47dd 0000000000000001 0000000000000000 00000000bd4467df 000000001323e7df 0000000017cbd821 00000000d5104000 00000000e83427df 0000000000d51040 000000000017cbd8 0000000000e83428 0000000000000000
00000000000000f4 0000000000000000 00000000000000f4 0000000000002d08 fffffffffffee4b0 ffffffffffff1850 000000000000cc02 0000000000094def fffffffffffc6894 fffffffffffce5a3 0000000000240000 0000000000000000 0000000000000000 fffffffffa375d86 0000000005120740 ffffffffec90f0c2 000000000bb70636 0000000000000001 000000000000c9b0 ffffffffffffe232 ffffffffffff0b06 0000000000004a50 0000000000005711 000000000000b85a ffffffffe90a92eb fffffffff5b71094 ffffffffe90a92eb fffffffff5b71094 fffffffffff48549 fffffffffffadb88 0000000100000000 0000000000000000 0000000000000000 fffffffffbc6086c 00000000007655c2 0000000000000000 0000000000000000 0000000000000000 fffffffffff7bf29 0000000000097e06 0000000000000005 0000000000000000 0000000074eafa08 000000001d945581 0000000036c0583c 00000000abab5244 00000000c93fa7c5 0000000000c93fa8 000000000036c058 0000000000abab52 0000000000000000
00000000000000f5 0000000000000000 00000000000000f5 0000000000000620 fffffffffffe21ac ffffffffffffdd2e 000000000000c1a0 000000000025173c fffffffffffb4282 fffffffffffe7d80 0000000000060000 0000000000000000 0000000000000000 fffffffffbc6086c 00000000007655c2 0000000000000000 0000000000000000 0000000000000000 000000000000af22 fffffffffffefff1 ffffffffffff0034 0000000000000a35 00000000000106d7 000000000000a4c9 ffffffffe288341e fffffffffc6e3491 fffffffff9cf535c ffffffffff400b9a fffffffffffce7aa ffffffffffffa006 0000000035c6b478 0000000000000001 0000000000000001 fffffffff85b4e64 ffffffffff2fb2d4 ffffffffe8b8e0c2 fffffffffd2e28f7 0000000000000001 ffffffffffff8082 00000000000313e1 0000000000000001 0000000000000000 00000000919719af 0000000051d819af 000000000e486651 000000009fdf8000 00000000f1b799af 00000000009fdf80 00000000000e4866 0000000000f1b79a 0000000000000000
00000000000000f6 0000000000000000 00000000000000f6 0000000000005d41 fffffffffffdbc2f 0000000000027fad 0000000000003f6c 00000000002602cf 00000000000ed590 fffffffffff61fde 0000000000180000 0000000000000000 0000000000000000 fffffffff85b4e64 ffffffffff2fb2d4 ffffffffe8b8e0c2 fffffffffd2e28f7 0000000000000001 0000000000002a37 fffffffffffd3fee 000000000000fff9 00000000000003a2 fffffffffffd409b ffffffffffffcbcc 000000004515a7fe ffffffffd9fd3036 0000000015da2c18 fffffffff3fa08e0 00000000000aed16 fffffffffff9fd04 0000000050f9c660 0000000000000001 0000000000000001 00000000076df28d fffffffffa051409 000000002f3b7be6 ffffffffe6032756 0000000000000001 0000000000062a83 00000000000ad6f3 0000000000000001 0000000000000000 000000000178f184 00000000c6c95184 000000001bdede7c 000000001d57d000 00000000e4212184 00000000001d57d0 00000000001bdede 0000000000e42122 0000000000000000
00000000000000f7 0000000000000000 00000000000000f7 fffffffffffecb48 fffffffffffdbc89 000000000000b262 000000000000b434 ffffffffffe9ba47 ffffffffffffa0be fffffffffff786d0 0000000000240000 0000000000000000 0000000000000000 00000000076df28d fffffffffa051409 000000002f3b7be6 ffffffffe6032756 0000000000000001 ffffffffffffb7e2 fffffffffffe4a76 ffffffffffff0aa8 ffffffffffffb6e9 000000000001b7eb 00000000000037ce fffffffffe5394b4 ffffffffd0d4697a fffffffffeac6b97 ffffffffda9c7958 ffffffffffff5636 ffffffffffed4e3d 00000000caea15ef 0000000000000001 0000000000000001 fffffffffcbe8f27 fffffffffa1156f3 ffffffffffa7291d fffffffff637f022 0000000000000001 ffffffffffee45ed 000000000005f917 0000000000000005 0000000000000000 0000000049920997 00000000984da663 000000000f102803 0000000058a2319a 00000000f0efd7fd 0000000000f0efd8 00000000000f1028 000000000058a232 0000000000000000
00000000000000f8 0000000000000000 00000000000000f8 000000000001b21b 000000000000b876 fffffffffffe2c13 000000000000cba6 00000000000979f7 000000000002c8ef 0000000000034309 0000000000060000 0000000000000000 0000000000000000 fffffffffcbe8f27 fffffffffa1156f3 ffffffffffa7291d fffffffff637f022 0000000000000001 0000000000017fe5 00000000000178a7 ffffffffffff0a61 0000000000004826 ffffffffffff02d0 000000000001da7b 000000000d2591f0 000000000183f267 000000000631c1f6 0000000000b6ca07 00000000000318e1 0000000000005b65 00000000789ea2e7 0000000000000001 0000000000000001 ffffffffff0cc0f9 fffffffffcdbc7d9 0000000006f3cffa 0000000000cd2860 0000000000000001 0000000000013725 fffffffffffd2106 0000000000000006 0000000000000000 000000001c4ba4dd 00000000b7de24dd 0000000015eb1b23 000000003236c000 00000000ea14e4dd 00000000003236c0 0000000000ea14e5 000000000015eb1b 0000000000000000
00000000000000f9 0000000000000000 00000000000000f9 0000000000000097 ffffffffffffa470 00000000000080e5 000000000000aa7e 000000000016f711 000000000002a80a fffffffffff6ff92 0000000000180000 0000000000000000 0000000000000000 ffffffffff0cc0f9 fffffffffcdbc7d9 0000000006f3cffa 0000000000cd2860 0000000000000001 fffffffffffff3f3 ffffffffffff80b8 ffffffffffff22df ffffffffffff7f02 0000000000007404 00000000000035ba 0000000008a4fffb ffffffffd7f29229 00000000054310a7 ffffffffe79eaea1 000000000002a188 fffffffffff3cf57 000000009bd41e52 0000000000000001 0000000000000001 fffffffffef6f9a7 fffffffff73d8aa7 000000000361ef54 fffffffff053e388 0000000000000001 fffffffffff4250c 000000000003dea4 0000000000000005 0000000000000000 00000000477ecfe0 0000000099f05f51 000000000f486868 0000000056c73848 00000000f0b79799 0000000000f0b798 00000000000f4868 000000000056c738 0000000000000000
00000000000000fa 0000000000000000 00000000000000fa 000000000000e4c9 0000000000021f58 000000000000396b 00000000000030e3 ffffffffffd6001e fffffffffff8636b 000000000008b5af 0000000000240000 0000000000000000 0000000000000000 fffffffffef6f9a7 fffffffff73d8aa7 000000000361ef54 fffffffff053e388 0000000000000001 ffffffffffffd045 000000000001188c 000000000000ee90 0000000000005cde 000000000000f41f 0000000000009240 ffffffffd9aebeb9 0000000014aeb8e4 ffffffffdf13d8bd 0000000011c53f6b ffffffffffef89ec 000000000008e2a0 00000000dbf4ceec 0000000000000001 0000000000000001 fffffffff9369c98 ffffffffff3265ed fffffffffa9ae5fc 0000000002e97979 0000000000000001 fffffffffff1bf9a fffffffffff3e21d 0000000000000004 0000000000000000 00000000953e6bd6 000000004d66246c 000000000eadb7df 00000000a3ec23b5 00000000f1524821 0000000000f15248 0000000000a3ec24 00000000000eadb8 0000000000000000
00000000000000fb 0000000000000000 00000000000000fb fffffffffffdf8ec 000000000001daa7 fffffffffffe3f01 0000000000006a11 ffffffffffda882f 0000000000075de3 00000000000617a7 0000000000060000 0000000000000000 0000000000000000 fffffffff9369c98 ffffffffff3265ed fffffffffa9ae5fc 0000000002e97979 0000000000000001 fffffffffffe9d65 0000000000021544 0000000000008346 ffffffffffff2438 00000000000241e3 fffffffffffeec04 000000000f5cac48 0000000018e659c8 00000000034623a8 00000000054e83be 000000000001a312 000000000002a742 00000000368f2a7f 0000000000000001 0000000000000001 fffffffffd51d26c 0000000002dceaff 000000000c1688a0 000000001397d60a 0000000000000001 fffffffffffd3be8 fffffffffffe8fbd 0000000000000004 0000000000000000 000000006a4f9f0a 000000007bdef99a 000000000ce8b3ae 00000000773852b8 00000000f3174c52 0000000000f3174c 0000000000773853 00000000000ce8b4 0000000000000000
00000000000000fc 0000000000000000 00000000000000fc 0000000000027b3b fffffffffffddb91 fffffffffffeb353 00000000000083c3 ffffffffffa2022d fffffffffff628df 00000000000e3de6 0000000000180000 0000000000000000 0000000000000000 fffffffffd51d26c 0000000002dceaff 000000000c1688a0 000000001397d60a 0000000000000001 000000000002cd32 ffffffffffff836f ffffffffffffe879 ffffffffffff0115 fffffffffffd4149 000000000000bdf4 ffffffffde9c06ad 0000000031674614 fffffffff20891bb 0000000014aa140b fffffffffff90449 00000000000a550a 000000006b1446e9 0000000000000001 0000000000000001 fffffffff6b2b0a2 0000000006f165f6 ffffffffec9374f2 000000001cbd3209 0000000000000001 000000000007e73f fffffffffff65a70 0000000000000002 0000000000000000 000000002557c3f8 00000000b23afa6b 000000001436a0cf 00000000398e64c7 00000000ebc95f32 00000000001436a1 0000000000ebc95f 0000000000398e65 0000000000000000
00000000000000fd 0000000000000000 00000000000000fd 000000000000d0b5 0000000000019d2a 0000000000007f61 000000000000927f 000000000055974c fffffffffff3dce7 fffffffffff27c0e 0000000000240000 0000000000000000 0000000000000000 fffffffff6b2b0a2 0000000006f165f6 ffffffffec9374f2 000000001cbd3209 0000000000000001 ffffffffffffd6f5 000000000000a4ff ffffffffffff8fcd ffffffffffff19e5 ffffffffffffdc94 ffffffffffff59b5 ffffffffc28c2da6 ffffffffdad7c082 ffffffffdffc2e9e ffffffffeca465cc ffffffffffeffe17 fffffffffff65233 00000000855e55b0 0000000000000001 0000000000000001 fffffffff3793b11 fffffffff992786a ffffffffe28fff08 ffffffffee335ab6 0000000000000001 00000000000a2570 00000000000fb732 0000000000000003 0000000000000000 000000000b7244ec 00000000c192528f 00000000197db443 0000000024eff92f 00000000e6824bbe 0000000000197db4 000000000024eff9 0000000000e6824c 0000000000000000
00000000000000fe 0000000000000000 00000000000000fe fffffffffffefdf9 fffffffffffdbb63 000000000000b19e 0000000000006ae6 ffffffffffd46fa2 fffffffffff9f40a 0000000000003ec2 0000000000060000 0000000000000000 0000000000000000 fffffffff3793b11 fffffffff992786a ffffffffe28fff08 ffffffffee335ab6 0000000000000001 ffffffffffffda51 fffffffffffe4a3d 0000000000007ec8 ffffffffffff2199 ffffffffffff47f1 0000000000018ef9 ffffffffdc77dda9 ffffffffedcf3bb8 fffffffffa731eb5 fffffffffd289490 fffffffffffd398f fffffffffffe944a 0000000027fd2efe 0000000000000001 0000000000000001 fffffffff63451bd fffffffffc5a9797 ffffffffe204bef4 fffffffff0a6a728 0000000000000001 0000000000031d54 ffffffffffffdc24 0000000000000002 0000000000000000 00000000c228051f 000000000a5a1cee 0000000019beeefa 00000000dbe6f419 00000000e6411107 000000000019beef 0000000000e64111 0000000000dbe6f4 0000000000000000
00000000000000ff 0000000000000000 00000000000000ff 000000000000e4d4 0000000000027f8f ffffffffffffb7b5 000000000000e109 000000000048c9ab fffffffffff61d4c fffffffffff88a3e 0000000000180000 0000000000000000 0000000000000000 fffffffff63451bd fffffffffc5a9797 ffffffffe204bef4 fffffffff0a6a728 0000000000000001 ffffffffffffdb77 0000000000019afc ffffffffffff4f9f 000000000000b98b fffffffffffeca5c 00000000000110b3 ffffffffd015a921 ffffffffe11e5018 ffffffffeb0911b0 fffffffff27cffd1 fffffffffff58489 fffffffffff93e80 0000000070022d46 0000000000000001 0000000000000001 fffffffff70f63fb fffffffffa5f5b15 ffffffffe50c9771 ffffffffeea15047 0000000000000001 fffffffffff3bf7f 000000000002535a 0000000000000005 0000000000000000 000000002af78e84 00000000ae8c9a07 00000000133debbb 000000003e357a3f 00000000ecc21446 0000000000ecc214 0000000000133dec 00000000003e357a 0000000000000000
0000000000000100 0000000000000000 0000000000000100 0000000000007cb7 0000000000013068 00000000000202d1 000000000000dd04 00000000004aa31f 0000000000075c1e fffffffffff28d12 0000000000240000 0000000000000000 0000000000000000 fffffffff70f63fb fffffffffa5f5b15 ffffffffe50c9771 ffffffffeea15047 0000000000000001 ffffffffffff4211 ffffffffffff8685 ffffffffffff3e38 000000000000a749 ffffffffffffdfd8 ffffffffffff20d9 0000000017f142c9 ffffffffcdfece20 0000000010281a36 ffffffffde4197b6 000000000008140d ffffffffffef20cc 00000000acc08482 0000000000000001 0000000000000001 0000000000e2aa03 fffffffff664f99c 0000000007c92893 ffffffffefbd366a 0000000000000001 fffffffffff881ee ffffffffffeedc28 0000000000000006 0000000000000000 00000000b978bbca 0000000019a1e675 000000001672aee1 00000000cfeb6aab 00000000e98d5120 0000000000cfeb6b 0000000000e98d51 00000000001672af 0000000000000000
0000000000000101 0000000000000000 0000000000000101 ffffffffffffa1ed fffffffffffe8068 000000000001b8e0 00000000000074e3 0000000000189395 fffffffffff62239 0000000000029852 0000000000060000 0000000000000000 0000000000000000 0000000000e2aa03 fffffffff664f99c 0000000007c92893 ffffffffefbd366a 0000000000000001 ffffffffffffae31 fffffffffffe23ff 0000000000004509 ffffffffffff097c ffffffffffffce6a 000000000001e06e ffffffffd6871264 fffffffffcfa0ed0 fffffffff9c7f768 ffffffffff8bf20f fffffffffffce3fc ffffffffffffc5f9 0000000026634757 0000000000000001 0000000000000001 fffffffff998e39c fffffffffa127cd7 ffffffffdcbf1afc fffffffffd6e1cc1 0000000000000001 0000000000030e2c ffffffffffff6138 0000000000000002 0000000000000000 00000000aca02380 000000002dd6666f 0000000012c4bb09 00000000bf64de89 00000000ed3b44f8 000000000012c4bb 0000000000ed3b45 0000000000bf64df 0000000000000000
0000000000000102 0000000000000000 0000000000000102 ffffffffffff4c94 0000000000018eff 0000000000020c58 000000000000bc57 ffffffffffae10a3 fffffffffff63416 0000000000026c4f 0000000000180000 0000000000000000 0000000000000000 fffffffff998e39c fffffffffa127cd7 ffffffffdcbf1afc fffffffffd6e1cc1 0000000000000001 fffffffffffe549a ffffffffffffb7a2 ffffffffffff010a ffffffffffffe8f6 0000000000006e8a fffffffffffe5cd9 ffffffffcc820790 00000000001c0030 ffffffffe70efb81 00000000000d9017 fffffffffff3877e 00000000000006c8 000000007c0000c9 0000000000000001 0000000000000001 fffffffffa966f3c fffffffffcfdf21d ffffffffe5730c0f 00000000000e7019 0000000000000001 0000000000012611 00000000000c6af1 0000000000000001 0000000000000000 000000006053e101 0000000085160101 000000000d4b0eff 000000006d9ef000 00000000f2b4f101 00000000006d9ef0 00000000000d4b0f 0000000000f2b4f1 0000000000000000
0000000000000103 0000000000000000 0000000000000103 fffffffffffe3c23 000000000000c1ce ffffffffffff3674 0000000000007661 0000000000614667 fffffffffff72193 00000000000baead 0000000000240000 0000000000000000 0000000000000000 fffffffffa966f3c fffffffffcfdf21d ffffffffe5730c0f 00000000000e7019 0000000000000001 fffffffffffed556 000000000000e441 0000000000003bea ffffffffffff071c 00000000000157ca ffffffffffff67fc ffffffffce3d87b6 0000000040b7e370 ffffffffe93235f3 000000001da8bc76 fffffffffff4991b 00000000000ed45e 000000007551dadf 0000000000000001 0000000000000001 fffffffff9d8e71d 0000000004411a4e ffffffffe50b51c3 00000000230f26fa 0000000000000001 0000000000079d56 ffffffffffeee9ed 0000000000000006 0000000000000000 0000000017ff9ab9 00000000ba71700f 0000000016c77a9c 000000002ec71555 00000000e9388564 00000000002ec715 0000000000e93885 000000000016c77b 0000000000000000
0000000000000104 0000000000000000 0000000000000104 000000000001e64a 00000000000247e7 000000000000c6f0 0000000000006bb4 0000000000150485 fffffffffff9dd66 fffffffffff46fbc 0000000000060000 0000000000000000 0000000000000000 fffffffff9d8e71d 0000000004411a4e ffffffffe50b51c3 00000000230f26fa 0000000000000001 0000000000003f3f 000000000000de42 0000000000007a52 ffffffffffff1f1d 00000000000032a3 ffffffffffff1e89 ffffffffde48ca00 ffffffffd8a0e6ea fffffffffbf1b99d fffffffffb438de4 fffffffffffdf8dd fffffffffffda1c7 000000001ecb86fb 0000000000000001 0000000000000001 fffffffffb7c7488 fffffffff6e9b3f9 ffffffffe2571063 ffffffffdd5d5906 0000000000000001 000000000002e9b4 0000000000011c7e 0000000000000003 0000000000000000 00000000915d340e 000000005220cea2 000000000e40fea8 000000009f9e32b6 00000000f1bf0158 00000000000e40ff 00000000009f9e33 0000000000f1bf01 0000000000000000
0000000000000105 0000000000000000 0000000000000105 fffffffffffee638 0000000000023c52 ffffffffffffa9dc 0000000000008d57 ffffffffffd2f71d 000000000000e5b8 fffffffffff9f8ca 0000000000180000 0000000000000000 0000000000000000 fffffffffb7c7488 fffffffff6e9b3f9 ffffffffe2571063 ffffffffdd5d5906 0000000000000001 fffffffffffea215 0000000000017c29 ffffffffffffadbe ffffffffffff0d93 000000000000d136 fffffffffffe2790 fffffffffb8baac1 ffffffffde2fffbf fffffffffcbe0c3c ffffffffe745a9f1 fffffffffffe5f06 fffffffffff3a2d5 00000000bb3802d4 0000000000000001 0000000000000001 0000000001773175 fffffffffb5c99a2 fffffffffecd9e85 fffffffff6ea55ce 0000000000000001 fffffffffffd91d6 00000000000c3b52 0000000000000001 0000000000000000 0000000097dfacac 000000004a1a6cac 000000000f02f354 00000000a6e2a000 00000000f0fd0cac 0000000000a6e2a0 00000000000f02f3 0000000000f0fd0d 0000000000000000
0000000000000106 0000000000000000 0000000000000106 0000000000023c7a ffffffffffffbd3d ffffffffffff0a88 0000000000002458 ffffffffffda747e 000000000000f8f0 0000000000031dd3 0000000000240000 0000000000000000 0000000000000000 0000000001773175 fffffffffb5c99a2 fffffffffecd9e85 fffffffff6ea55ce 0000000000000001 000000000001e5bc 000000000000672d 000000000000c741 000000000000a0bb 0000000000018146 fffffffffffec6b7 fffffffffefb6099 0000000008ce1bea fffffffffefb6099 0000000008ce1bea ffffffffffff7db0 000000000004670e 0000000100000000 0000000000000000 0000000000000000 000000000163b0b8 ffffffffffc010ba 0000000000000000 0000000000000000 0000000000000000 fffffffffffc40f5 0000000000025e33 0000000000000005 0000000000000000 000000001d2aa66b 000000001960aea2 0000000064ba557a 0000000081e4fbe5 000000009b45aa87 00000000009b45ab 000000000064ba55 000000000081e4fc 0000000000000000
0000000000000107 0000000000000000 0000000000000107 ffffffffffffded4 ffffffffffff2ad2 fffffffffffdbb82 000000000000ac4c ffffffffff9e713a fffffffffff27ed3 00000000000c60a9 0000000000060000 0000000000000000 0000000000000000 000000000163b0b8 ffffffffffc010ba 0000000000000000 0000000000000000 0000000000000000 000000000000f272 000000000000d411 ffffffffffff1d5b ffffffffffff88f8 fffffffffffed386 000000000000740a ffffffffcbc01942 000000002669fca0 fffffffffaf9ea9e 0000000003b187eb fffffffffffd7cf5 000000000001d8c4 00000000189d3d89 0000000000000001 0000000000000001 fffffffffa15589b 0000000006d0be46 ffffffffd0c62ea4 0000000022b874b5 0000000000000001 000000000002cd8c 0000000000015d7c 0000000000000003 0000000000000000 0000000080f1c90c 0000000064e3eba4 000000000d1525a8 000000008e06eeb4 00000000f2eada58 00000000000d1526 00000000008e06ef 0000000000f2eada 0000000000000000
0000000000000108 0000000000000000 0000000000000108 ffffffffffff695b 000000000000e0e8 000000000002616f 000000000000be4d ffffffffffc889e3 0000000000057dff 000000000008033b 0000000000180000 0000000000000000 0000000000000000 fffffffffa15589b 0000000006d0be46 ffffffffd0c62ea4 0000000022b874b5 0000000000000001 fffffffffffe8574 ffffffffffff21ff ffffffffffff0039 fffffffffffff54d 000000000000eda2 fffffffffffe8f10 000000000db6eb55 00000000280ecbb2 0000000008142e07 000000001798cccf 0000000000040a17 00000000000bcc66 0000000096cd56f7 0000000000000001 0000000000000001 00000000063b9093 000000000579006b 0000000005a2bd4e 000000001075fee3 0000000000000001 00000000000b9e8e fffffffffffb7893 0000000000000002 0000000000000000 000000009012df62 0000000053ad3dd6 000000000e1ff164 000000009e32d0c6 00000000f1e00e9c 00000000000e1ff1 0000000000f1e00f 00000000009e32d1 0000000000000000
0000000000000109 0000000000000000 0000000000000109 fffffffffffe0d59 fffffffffffe80f6 0000000000017623 00000000000004b4 ffffffffffb1e0d5 fffffffffff4a3dd fffffffffff5f423 0000000000240000 0000000000000000 0000000000000001 00000000063b9093 000000000579006b 0000000005a2bd4e 000000001075fee3 0000000000000001 fffffffffffeb688 fffffffffffe4ad9 0000000000001d7c 000000000000fe4c fffffffffffe8660 fffffffffffe73b4 ffffffffdab028c1 0000000000000000 ffffffffdab028c1 0000000000000000 ffffffffffed5814 0000000000000000 0000000100000000 0000000000000000 0000000000000000 ffffffffff3fb051 0000000000000000 0000000000000000 0000000000000000 0000000000000000 ffffffffffed77da fffffffffffdd9f1 0000000000000004 0000000000000000 000000001a772842 00000000b870ddf0 00000000168bfce7 0000000031032529 00000000e9740319 0000000000e97403 0000000000310325 0000000000168bfd 0000000000000000
000000000000010a 0000000000000000 000000000000010a 000000000001bb0a fffffffffffe26fe fffffffffffe2596 0000000000000e33 000000000024fe65 00000000000a91a1 fffffffffffeda73 0000000000060000 0000000000000000 0000000000000000 ffffffffff3fb051 0000000000000000 0000000000000000 0000000000000000 0000000000000000 000000000002632c 00000000000000d0 000000000000575a 000000000000f0a3 0000000000023ec5 ffffffffffff3039 0000000023aa636d 00000000040b58ae 00000000063217d4 0000000000b3db27 000000000003190c 00000000000059ee 000000002c78a42b 0000000000000001 0000000000000001 00000000042e390d ffffffffffcd2de3 000000001d784b99 0000000003577d87 0000000000000001 000000000002cac5 0000000000016322 0000000000000003 0000000000000000 000000007f6f544f 0000000066855b48 000000000d05a835 000000008c74fc84 00000000f2fa57cc 00000000000d05a8 00000000008c74fd 0000000000f2fa58 0000000000000000
000000000000010b 0000000000000000 000000000000010b 0000000000024b01 ffffffffffff8907 fffffffffffded7e 000000000000b721 00000000004e7b09 fffffffffff22af7 00000000000e6524 0000000000180000 0000000000000000 0000000000000000 00000000042e390d ffffffffffcd2de3 000000001d784b99 0000000003577d87 0000000000000001 0000000000025fd6 000000000000ed99 ffffffffffff060d ffffffffffffc8ad fffffffffffe94a9 0000000000021e1f ffffffffcd730aaf 000000004009eb84 fffffffff08bdac9 000000001393bdb0 fffffffffff845ed 000000000009c9df 000000004e42d55b 0000000000000001 0000000000000001 fffffffff6ee945a 00000000066851f7 ffffffffdce72fe6 000000002c762dd4 0000000000000001 00000000000b3a20 0000000000056dc7 0000000000000003 0000000000000000 00000000817c29d6 00000000644d27d5 000000000d1b572b 000000008e978101 00000000f2e4a8d6 00000000000d1b57 00000000008e9781 0000000000f2e4a9 0000000000000000
000000000000010c 0000000000000000 000000000000010c 000000000000f924 0000000000011319 0000000000012f77 00000000000017a9 00000000002c2409 fffffffffffa4d25 0000000000093244 0000000000240000 0000000000000000 0000000000000000 fffffffff6ee945a 00000000066851f7 ffffffffdce72fe6 000000002c762dd4 0000000000000001 ffffffffffffe53d ffffffffffffef9f 0000000000008c6d 000000000000d60c ffffffffffffe0a4 00000000000000fc ffffffffde9af9e9 0000000034b6fbc8 ffffffffebfa9240 000000001f9ab2e0 fffffffffff5fd49 00000000000fcd59 00000000997b0c09 0000000000000001 0000000000000001 fffffffffaa5c026 0000000002f6341e fffffffff2a067a9 00000000151c48e8 0000000000000001 ffffffffffeef63c 000000000007b8a7 0000000000000005 0000000000000000 000000005f1abc01 000000008630d5eb 000000000d5a370a 000000006c74f30b 00000000f2a5c8f6 0000000000f2a5c9 00000000000d5a37 00000000006c74f3 0000000000000000
000000000000010d 0000000000000000 000000000000010d 00000000000061b3 fffffffffffe3cd0 fffffffffffdd120 0000000000001391 000000000019f3f2 fffffffffffcc6e3 fffffffffff7c996 0000000000060000 0000000000000000 0000000000000000 fffffffffaa5c026 0000000002f6341e fffffffff2a067a9 00000000151c48e8 0000000000000001 00000000000191d3 0000000000003e2c 000000000000763f 000000000000e30e 000000000001811c ffffffffffff7d8a ffffffffe611f88c ffffffffe5273c69 fffffffffbab0d88 fffffffffb83d68f fffffffffffdd587 fffffffffffdc1eb 000000002ac46ca7 0000000000000001 0000000000000001 fffffffffa8569a5 fffffffffa2cf6eb ffffffffea66eb04 ffffffffe9a365da 0000000000000001 ffffffffffff1d63 fffffffffffd02b8 0000000000000006 0000000000000000 00000000a71be1cb 0000000035cd61cb 00000000118b5e35 00000000b8a74000 00000000ee74a1cb 0000000000b8a740 0000000000ee74a2 0000000000118b5e 0000000000000000
000000000000010e 0000000000000000 000000000000010e 0000000000007e6d 0000000000026117 ffffffffffffac62 0000000000000b4d 00000000004bc16e 00000000000ecfd0 0000000000026fa4 0000000000180000 0000000000000000 0000000000000000 fffffffffa8569a5 fffffffffa2cf6eb ffffffffea66eb04 ffffffffe9a365da 0000000000000001 ffffffffffffa520 0000000000018fef 0000000000004613 000000000000f639 0000000000001612 0000000000019989 000000003a56a315 0000000008874eed 0000000018ade072 00000000039b9dbf 00000000000c56f0 000000000001cdcf 000000006c4c0870 0000000000000001 0000000000000001 000000000790cd18 ffffffffff24be0c 0000000021a8c2a3 0000000004ebb12e 0000000000000001 00000000000b5fe1 0000000000051cdc 0000000000000003 0000000000000000 0000000086c3b132 000000005e762304 000000000d6315e5 000000009426c717 00000000f29cea1b 00000000000d6316 00000000009426c7 0000000000f29cea 0000000000000000
000000000000010f 0000000000000000 000000000000010f 0000000000026ad8 00000000000072a2 0000000000001788 000000000000e65b ffffffffffa454e1 0000000000028f93 00000000000db36b 0000000000240000 0000000000000000 0000000000000000 000000000790cd18 ffffffffff24be0c 0000000021a8c2a3 0000000004ebb12e 0000000000000001 0000000000016e83 0000000000003499 ffffffffffff693e 000000000000cee7 000000000001093f 0000000000010259 000000000e8a4246 00000000294116d0 000000000c6fa846 000000002348ed07 00000000000637d4 000000000011a477 00000000daf51abb 0000000000000001 0000000000000001 0000000001bcb7f6 0000000005ade0c7 00000000021a9a00 0000000005f829c9 0000000000000001 00000000000f6a45 00000000000a98d7 0000000000000003 0000000000000000 00000000632b4564 0000000082867869 000000000d27211a 000000007052667e 00000000f2d8dee7 00000000000d2721 0000000000705266 0000000000f2d8df 0000000000000000
0000000000000110 0000000000000000 0000000000000110 fffffffffffe0dd5 00000000000028f1 fffffffffffdd83e 000000000000f19b 0000000000083369 fffffffffff9f7c2 fffffffffff6f45d 0000000000060000 0000000000000000 0000000000000000 0000000001bcb7f6 0000000005ade0c7 00000000021a9a00 0000000005f829c9 0000000000000001 ffffffffffff5e29 0000000000015631 ffffffffffffa75b 000000000000f02a fffffffffffef1ae 00000000000108fc ffffffffebffa681 ffffffffdad432dc fffffffffd0b9ec5 fffffffffa825293 fffffffffffe85cf fffffffffffd4129 0000000025d10021 0000000000000001 0000000000000001 fffffffffe5e331a fffffffffe833a3c ffffffffeef407bc ffffffffe051e049 0000000000000001 fffffffffffda9d5 fffffffffffdef98 0000000000000004 0000000000000000 00000000988ac599 0000000049467dc8 000000000f175e50 00000000a7a223e9 00000000f0e8a1b1 0000000000f0e8a2 0000000000a7a224 00000000000f175e 0000000000000000
0000000000000111 0000000000000000 0000000000000111 fffffffffffe2bcb 0000000000013055 fffffffffffdc930 000000000000cb47 ffffffffffe46443 fffffffffff18102 000000000009206c 0000000000180000 0000000000000000 0000000000000000 fffffffffe5e331a fffffffffe833a3c ffffffffeef407bc ffffffffe051e049 0000000000000001 ffffffffffff1f5b 000000000001f6f4 ffffffffffff09b9 00000000000045e3 fffffffffffdded2 ffffffffffffb131 ffffffffc863bfd0 0000000023fba622 ffffffffeb0f4f74 000000000d8caa5b fffffffffff587a8 000000000006c655 000000006065b75e 0000000000000001 0000000000000001 fffffffffa733fec 000000000a7046b1 ffffffffdd54705c 00000000166efbc7 0000000000000001 000000000003a8be 00000000000bec03 0000000000000001 0000000000000000 0000000033949318 00000000a8ac5318 0000000011df8ce8 0000000045742000 00000000ee207318 0000000000457420 000000000011df8d 0000000000ee2073 0000000000000000
0000000000000112 0000000000000000 0000000000000112 fffffffffffe34f4 00000000000230a1 0000000000004aff 00000000000065af 000000000048f80e fffffffffffd4695 fffffffffffd5b15 0000000000240000 0000000000000000 0000000000000000 fffffffffa733fec 000000000a7046b1 ffffffffdd54705c 00000000166efbc7 0000000000000001 fffffffffffdfa17 0000000000011861 0000000000009a26 ffffffffffff339d 0000000000024652 0000000000005801 ffffffffe48dfaf4 0000000008457ca1 ffffffffe48dfaf4 0000000008457ca1 fffffffffff246fd 00000000000422be 0000000100000000 0000000000000000 0000000000000000 fffffffffe6c1dee 00000000042e769c 0000000000000000 0000000000000000 0000000000000000 0000000000087739 fffffffffff46f62 0000000000000002 0000000000000000 000000001314e732 000000008e7261e8 000000002f3c5b73 00000000425142a5 00000000d0c3a48d 00000000002f3c5b 0000000000d0c3a5 0000000000425143 0000000000000000
0000000000000113 0000000000000000 0000000000000113 0000000000022f61 fffffffffffdaffa 0000000000001d07 0000000000004e45 ffffffffffbe0a38 fffffffffff46be9 000000000007f7d1 0000000000060000 0000000000000000 0000000000000000 fffffffffe6c1dee 00000000042e769c 0000000000000000 0000000000000000 0000000000000000 0000000000023097 fffffffffffe9970 000000000000f078 ffffffffffffa830 fffffffffffdeee6 fffffffffffe6c6a ffffffffd490932e 0000000024feb5d5 fffffffffb40c8c8 00000000040b0814 fffffffffffda064 0000000000020584 000000001bfa4650 0000000000000001 0000000000000001 fffffffff8c962ed 0000000009d62ddc ffffffffd94fca66 0000000020f3adc1 0000000000000001 fffffffffffeea4d fffffffffffd13bd 0000000000000006 0000000000000000 00000000b16c858c 000000002693058c 0000000014003a74 00000000c56cc000 00000000ebffc58c 0000000000c56cc0 0000000000ebffc6 000000000014003a 0000000000000000
0000000000000114 0000000000000000 0000000000000114 000000000001d9fe fffffffffffe5319 00000000000100f5 0000000000008c3b 00000000004c8816 0000000000082c20 fffffffffff8a4b7 0000000000180000 0000000000000000 0000000000000000 fffffffff8c962ed 0000000009d62ddc ffffffffd94fca66 0000000020f3adc1 0000000000000001 0000000000017550 fffffffffffe7405 ffffffffffffb45f ffffffffffff0b6d ffffffffffff1055 000000000001e898 0000000020035506 ffffffffebf553d6 000000001523f1fc fffffffff2c3dc98 00000000000a91f9 fffffffffff961ee 00000000a90df561 0000000000000001 0000000000000001 0000000005ebd0c1 fffffffffdc1b48f 000000000adf630a fffffffff931773e 0000000000000001 fffffffffff3f254 000000000003330c 0000000000000005 0000000000000000 000000003b1c7ddd 00000000a34cf0e5 0000000010cb489f 000000004be7c67c 00000000ef34b761 0000000000ef34b7 000000000010cb49 00000000004be7c6 0000000000000000
0000000000000115 0000000000000000 0000000000000115 ffffffffffff3f4e fffffffffffe8a45 000000000000f2ec 000000000000db02 00000000003dde0e fffffffffffaf9d5 fffffffffffaa869 0000000000240000 0000000000000000 0000000000000000 0000000005ebd0c1 fffffffffdc1b48f 000000000adf630a fffffffff931773e 0000000000000001 ffffffffffffab24 fffffffffffe9bfa ffffffffffff362f 0000000000009d80 000000000000e476 fffffffffffee210 ffffffffec59fc59 fffffffff43d7dca ffffffffec59fc59 fffffffff43d7dca fffffffffff62cfe fffffffffffa1ebf 0000000100000000 0000000000000000 0000000000000000 00000000003db874 fffffffffc9d5549 0000000000000000 0000000000000000 0000000000000000 fffffffffff55205 000000000004209c 0000000000000005 0000000000000000 0000000032d66c0a 00000000587f9f7d 000000003a54fa3d 000000006d2b6647 00000000c5ab05c4 0000000000c5ab06 00000000003a54fa 00000000006d2b66 0000000000000000
0000000000000116 0000000000000000 0000000000000116 0000000000022817 fffffffffffea699 fffffffffffe9c4b 0000000000007137 00000000000a1690 ffffffffffff11df fffffffffff11c1e 0000000000060000 0000000000000000 0000000000000000 00000000003db874 fffffffffc9d5549 0000000000000000 0000000000000000 0000000000000000 00000000000259c5 00000000000005f3 0000000000005af1 ffffffffffff10b3 fffffffffffdcf99 ffffffffffff24ab 0000000005c35c4c ffffffffc0bd3dcf 000000000090d237 fffffffff9ca5338 0000000000004869 fffffffffffce52a 00000000192100dc 0000000000000001 0000000000000001 0000000000fcaae3 fffffffff44cbf35 0000000005328a15 ffffffffc6f2ea97 0000000000000001 000000000000d6ac 00000000000300b6 0000000000000001 0000000000000000 0000000039485b4f 00000000a49e5b4f 00000000110ca4b1 000000004a550000 00000000eef35b4f 00000000004a5500 0000000000110ca5 0000000000eef35b 0000000000000000
0000000000000117 0000000000000000 0000000000000117 0000000000016fc4 fffffffffffdff7b 000000000001ace1 000000000000d318 00000000004a3f7f ffffffffffffbaf0 00000000000a30ef 0000000000180000 0000000000000000 0000000000000000 0000000000fcaae3 fffffffff44cbf35 0000000005328a15 ffffffffc6f2ea97 0000000000000001 000000000001110f fffffffffffde07d ffffffffffff1b9a 00000000000073a0 000000000002603e fffffffffffffe23 fffffffff572689f 000000002be00425 fffffffffa2ad1b6 00000000183ffb76 fffffffffffd1569 00000000000c1ffe 000000008d7e0561 0000000000000001 0000000000000001 fffffffffe6141b4 0000000005c0a919 fffffffffb4796e9 0000000013a008af 0000000000000001 000000000009801f 000000000008140b 0000000000000003 0000000000000000 000000004d62bc39 0000000095409c44 000000000eae53c2 000000005c110ffb 00000000f151ac3f 00000000000eae54 00000000005c1110 0000000000f151ac 0000000000000000
0000000000000118 0000000000000000 0000000000000118 fffffffffffe1bde ffffffffffff5350 00000000000185a1 0000000000006bde fffffffffff040c3 0000000000018efc 00000000000115b9 0000000000240000 0000000000000000 0000000000000000 fffffffffe6141b4 0000000005c0a919 fffffffffb4796e9 0000000013a008af 0000000000000001 fffffffffffe74ed fffffffffffebb59 0000000000007975 ffffffffffff1ea5 000000000000c1c1 000000000001d93b 0000000001fa94fa 000000000028b479 0000000001fa94fa 000000000028b479 000000000000fd4a 000000000000145a 0000000100000000 0000000000000000 0000000000000000 ffffffffffcc89ac 00000000016003f4 0000000000000000 0000000000000000 0000000000000000 ffffffffffff1760 0000000000006641 0000000000000005 0000000000000000 0000000004eb7a2e 00000000073ba18d 0000000079ec7223 000000007ed7ec51 0000000086138dde 000000000086138e 000000000079ec72 00000000007ed7ec 0000000000000000
0000000000000119 0000000000000000 0000000000000119 00000000000098dd fffffffffffe8508 fffffffffffe8d66 00000000000090e3 000000000010d66f fffffffffff60664 fffffffffff1ab4e 0000000000060000 0000000000000000 0000000000000000 ffffffffffcc89ac 00000000016003f4 0000000000000000 0000000000000000 0000000000000000 0000000000015fc5 fffffffffffffb2b ffffffffffff98fa ffffffffffff15a5 fffffffffffebfeb 00000000000091fd ffffffffd9b43234 ffffffffc2ab6ba6 fffffffffcb28bf9 fffffffffab60664 fffffffffffe5946 fffffffffffd5b03 000000001613a538 0000000000000001 0000000000000001 fffffffffaa12c43 fffffffff88bd0c6 ffffffffdd01a63b ffffffffc7f56542 0000000000000001 000000000000728b 00000000000315df 0000000000000001 0000000000000000 00000000555e75d8 000000008ea3f5d8 000000000dfeca28 00000000635d4000 00000000f20135d8 0000000000635d40 00000000000dfeca 0000000000f20136 0000000000000000
000000000000011a 0000000000000000 000000000000011a fffffffffffe70dd ffffffffffff78df ffffffffffff2928 00000000000067dc ffffffffffe33910 fffffffffffd405f 00000000000cfdb1 0000000000180000 0000000000000000 0000000000000000 fffffffffaa12c43 fffffffff88bd0c6 ffffffffdd01a63b ffffffffc7f56542 0000000000000001 ffffffffffff6a91 0000000000002e06 0000000000008ef6 ffffffffffff2ba3 00000000000095aa 0000000000002d45 ffffffffec1b3a97 000000002c54e2f4 fffffffff5c9e215 0000000016c160b5 fffffffffffae4f1 00000000000b60b0 000000008367988c 0000000000000001 0000000000000001 ffffffffffa74451 000000000b58c93f fffffffff6515882 000000001593823f 0000000000000001 fffffffffffde1b3 fffffffffff3b5e2 0000000000000006 0000000000000000 00000000936a8bb1 000000004fa0ebb1 000000000e7a444f 00000000a1e4d000 00000000f185bbb1 0000000000a1e4d0 0000000000f185bc 00000000000e7a44 0000000000000000
000000000000011b 0000000000000000 000000000000011b 0000000000002957 0000000000010930 000000000000a51d 000000000000e3fe ffffffffffb49d24 fffffffffff722b7 00000000000e02af 0000000000240000 0000000000000000 0000000000000000 ffffffffffa74451 000000000b58c93f fffffffff6515882 000000001593823f 0000000000000001 ffffffffffff8c20 00000000000039c7 ffffffffffff5d85 000000000000c5d4 ffffffffffff81c9 ffffffffffffe31b ffffffffdb1a8549 000000003e75d02c ffffffffecf8c903 00000000203640d3 fffffffffff67c65 0000000000101b20 0000000084062bf4 0000000000000001 0000000000000001 fffffffffca13a84 000000000f66507a ffffffffee21bc46 000000001e3f8f59 0000000000000001 000000000002dec0 0000000000127c10 0000000000000001 0000000000000000 000000005337c255 0000000090726d00 000000000e2ae856 000000006162aaab 00000000f1d517ab 00000000006162ab 00000000000e2ae8 0000000000f1d518 0000000000000000
000000000000011c 0000000000000000 000000000000011c 0000000000010217 fffffffffffff98c 0000000000011d75 000000000000974a 00000000000f8088 00000000000d4c05 fffffffffffe0eb7 0000000000060000 0000000000000000 0000000000000000 fffffffffca13a84 000000000f66507a ffffffffee21bc46 000000001e3f8f59 0000000000000001 0000000000004f0f ffffffffffff5777 ffffffffffff758d ffffffffffff28ab 00000000000018a6 000000000000b885 00000000362dc07c 0000000005f8d680 000000000632a5e3 0000000000aee4b4 0000000000031953 0000000000005772 000000001d491310 0000000000000001 0000000000000001 0000000008065bd5 0000000007c5a21a 000000002ffb1a99 000000000549f1cc 0000000000000001 fffffffffffd93ff fffffffffffe0967 0000000000000004 0000000000000000 00000000911770eb 0000000052759a07 000000000e397a87 000000009f50eb72 00000000f1c68579 0000000000f1c685 00000000009f50eb 00000000000e397b 0000000000000000
000000000000011d 0000000000000000 000000000000011d fffffffffffeb1a4 fffffffffffff1fb fffffffffffe09bf 0000000000000810 0000000000472ecf 00000000000992e6 fffffffffffd93ab 0000000000180000 0000000000000000 0000000000000000 0000000008065bd5 0000000007c5a21a 000000002ffb1a99 000000000549f1cc 0000000000000001 ffffffffffffcd2f 00000000000119e1 0000000000003254 000000000000fb01 0000000000000597 0000000000011e5e 00000000316ae02e 00000000025cf66d 0000000018e9be78 000000000130fb8a 00000000000c74df 000000000000987e 00000000810ef6e2 0000000000000001 0000000000000001 0000000004169557 00000000049da004 00000000188121b6 00000000012bfae3 0000000000000001 00000000000c18a8 000000000003086e 0000000000000003 0000000000000000 00000000a5865c34 0000000038091b9d 0000000011384418 00000000b6bea04c 00000000eec7bbe9 0000000000113844 0000000000b6bea0 0000000000eec7bc 0000000000000000
000000000000011e 0000000000000000 000000000000011e fffffffffffec917 fffffffffffe3bfd ffffffffffff69f3 000000000000fa96 ffffffffffe22598 ffffffffffff7c3f 000000000001cfef 0000000000240000 0000000000000000 0000000000000000 0000000004169557 00000000049da004 00000000188121b6 00000000012bfae3 0000000000000001 fffffffffffff96a ffffffffffff51aa ffffffffffffde09 000000000000fdbd 000000000000109a ffffffffffff5255 00000000017d49e2 000000000b43da57 00000000017d49e2 000000000b43da57 000000000000bea5 000000000005a1ed 0000000100000000 0000000000000000 0000000000000000 fffffffffed80e76 0000000005db6870 0000000000000000 0000000000000000 0000000000000000 0000000000017c45 0000000000057be5 0000000000000001 0000000000000000 0000000011ed4942 00000000319db3ed 000000005e3a8169 000000007027caab 00000000a1c57e98 00000000007027cb 00000000005e3a81 0000000000a1c57f 0000000000000000
000000000000011f 0000000000000000 000000000000011f ffffffffffffc8d8 0000000000025daa 000000000001816d 000000000000acf5 fffffffffffef626 fffffffffffd6f30 ffffffffffff156a 0000000000060000 0000000000000000 0000000000000000 fffffffffed80e76 0000000005db6870 0000000000000000 0000000000000000 0000000000000000 fffffffffffe90dd 0000000000007f27 ffffffffffff1b78 ffffffffffff8ca3 00000000000033f0 fffffffffffe7ef5 fffffffff2c2bd38 0000000008461a7b fffffffffab657c6 00000000034df644 fffffffffffd5b2c 000000000001a6fb 00000000663ed075 0000000000000001 0000000000000001 fffffffffd341f44 0000000006348dc2 fffffffff80c6572 0000000004f82437 0000000000000001 000000000002aa99 0000000000019d98 0000000000000003 0000000000000000 000000006ef43c96 000000007765ca95 000000000cd2fc6b 000000007bc73901 00000000f32d0396 00000000000cd2fc 00000000007bc739 0000000000f32d04 0000000000000000
0000000000000120 0000000000000000 0000000000000120 000000000001d314 00000000000029ae 0000000000026526 0000000000008543 000000000046c685 0000000000041ddc fffffffffff8a4f2 0000000000180000 0000000000000000 0000000000000000 fffffffffd341f44 0000000006348dc2 fffffffff80c6572 0000000004f82437 0000000000000001 0000000000005d1c fffffffffffeb610 ffffffffffffdf1b ffffffffffff021f ffffffffffffce0f 000000000001532b 000000000fafad26 ffffffffea447ba1 000000000e98e566 ffffffffebc6b80c 0000000000074c73 fffffffffff5e35c 00000000ee3a4b73 0000000000000001 0000000000000001 0000000001593eab 0000000000117567 000000000116c7c0 fffffffffe7dc395 0000000000000001 fffffffffff77668 000000000009171b 0000000000000005 0000000000000000 00000000a7f2fae6 0000000034a14047 0000000011b5e26a 00000000b9a8dd50 00000000ee4a1d97 0000000000ee4a1e 000000000011b5e2 0000000000b9a8dd 0000000000000000
0000000000000121 0000000000000000 0000000000000121 fffffffffffe7ca7 fffffffffffe60ac 0000000000013ecd 000000000000cc53 00000000002f305f fffffffffffdaf03 000000000007fc7f 0000000000240000 0000000000000000 0000000000000000 0000000001593eab 0000000000117567 000000000116c7c0 fffffffffe7dc395 0000000000000001 ffffffffffff1df2 fffffffffffe5827 ffffffffffff0b9a 0000000000004c31 000000000001515c fffffffffffeaa0b fffffffff1b6eb7e 000000002f9b4088 fffffffff53f498a 0000000023d57095 fffffffffffa9fa5 000000000011eab8 00000000c0b17571 0000000000000001 0000000000000001 fffffffffefa41fe 0000000005e4ade0 fffffffffc77a1f4 000000000bc5cff3 0000000000000001 00000000000f8138 00000000000a7718 0000000000000003 0000000000000000 0000000064efe0f0 0000000080e6d081 000000000d14a748 0000000072048838 00000000f2eb58b9 00000000000d14a7 0000000000720488 0000000000f2eb59 0000000000000000
0000000000000122 0000000000000000 0000000000000122 000000000000f3ab ffffffffffff2c83 0000000000001d52 0000000000007ba5 000000000036629e 000000000007b935 00000000000b3a31 0000000000060000 0000000000000000 0000000000000000 fffffffffefa41fe 0000000005e4ade0 fffffffffc77a1f4 000000000bc5cff3 0000000000000001 000000000000df2c ffffffffffff74f8 0000000000001b57 ffffffffffff0177 ffffffffffff1342 0000000000007267 00000000249ee5a7 000000003c6a69c5 00000000033b6d93 00000000055510a3 0000000000019db7 000000000002aa88 0000000016983464 0000000000000001 0000000000000001 0000000004cee566 0000000009ed177b 0000000021637814 0000000037155922 0000000000000001 fffffffffffe1bc3 fffffffffffd858f 0000000000000004 0000000000000000 00000000b72714b9 000000001d7d1021 0000000015aded93 00000000ccd5024c 00000000ea52126d 0000000000ea5212 0000000000ccd502 000000000015adee 0000000000000000
0000000000000123 0000000000000000 0000000000000123 fffffffffffdd39f ffffffffffff233a fffffffffffe745d 00000000000039f0 0000000000378f38 00000000000ded9d fffffffffff2f869 0000000000180000 0000000000000000 0000000000000000 0000000004cee566 0000000009ed177b 0000000021637814 0000000037155922 0000000000000001 ffffffffffff5a8d 00000000000064f5 000000000000fd2c 00000000000025f4 0000000000004b50 000000000000b297 000000004026b43f ffffffffd5ee8f64 0000000014db6122 fffffffff2529ec0 00000000000a6db1 fffffffffff9294f 00000000533b2efa 0000000000000001 0000000000000001 00000000063567ce fffffffff6c6abbf 000000002b4b531d ffffffffe39bf0a4 0000000000000001 0000000000084f25 0000000000094ca7 0000000000000003 0000000000000000 000000002f0b6ee9 00000000abd04c41 000000001292226b 00000000419d9154 00000000ed6ddd95 0000000000129222 0000000000419d91 0000000000ed6dde 0000000000000000
0000000000000124 0000000000000000 0000000000000124 ffffffffffff084c fffffffffffdd0b0 fffffffffffe52bb 000000000000bc3b ffffffffffe2a8dd 00000000000abf26 fffffffffff5f72e 0000000000240000 0000000000000000 0000000000000000 00000000063567ce fffffffff6c6abbf 000000002b4b531d ffffffffe39bf0a4 0000000000000001 000000000000a465 ffffffffffffb4ec ffffffffffff011a ffffffffffffe847 0000000000003b85 000000000000aaa5 0000000034251c2f ffffffffc3ee9737 0000000018868aa1 ffffffffe3bf7af0 00000000000c4345 fffffffffff1dfbd 000000007867d094 0000000000000001 0000000000000001 0000000003c787df fffffffff61d2663 000000001b9e918e ffffffffe02f1c47 0000000000000001 fffffffffff0cc65 fffffffffff51958 0000000000000004 0000000000000000 000000008644f277 000000005f04fa1d 000000000d5b09b6 00000000939ffc2d 00000000f2a4f64a 0000000000f2a4f6 0000000000939ffc 00000000000d5b0a 0000000000000000
0000000000000125 0000000000000000 0000000000000125 fffffffffffe8588 ffffffffffff54a6 0000000000027797 000000000000783f fffffffffff6e855 000000000003e9ed 000000000005db98 0000000000060000 0000000000000000 0000000000000000 0000000003c787df fffffffff61d2663 000000001b9e918e ffffffffe02f1c47 0000000000000001 fffffffffffe6a45 fffffffffffe306d 000000000000307f ffffffffffff04a3 0000000000013690 000000000002140a 000000000fa07c6d 0000000005480d13 0000000005e839cd 0000000001ff16eb 000000000002f41d 000000000000ff8b 0000000060c54c09 0000000000000001 0000000000000001 ffffffffffdb0cc2 fffffffffeb76765 0000000009b842a0 000000000348f628 0000000000000001 fffffffffffce92c ffffffffffff9452 0000000000000004 0000000000000000 000000001f15d843 00000000b62a4ead 00000000155fec88 000000003475c4cb 00000000eaa01378 0000000000eaa013 00000000003475c5 0000000000155fed 0000000000000000
0000000000000126 0000000000000000 0000000000000126 fffffffffffe2ba6 fffffffffffef624 000000000001b8e0 0000000000000ff5 ffffffffffc90dfb 000000000003f7f9 00000000000d15be 0000000000180000 0000000000000000 0000000000000000 ffffffffffdb0cc2 fffffffffeb76765 0000000009b842a0 000000000348f628 0000000000000001 fffffffffffe8d6d fffffffffffe67f8 00000000000061b2 000000000000eca0 fffffffffffe0dc2 ffffffffffff1445 00000000197b9bc6 0000000034714315 000000000ae69a79 00000000166eec51 000000000005734d 00000000000b3776 000000006d825428 0000000000000001 0000000000000001 00000000016a91f0 00000000065b9aa1 000000000e95014d 000000001e0256c4 0000000000000001 000000000000c1e3 00000000000c729e 0000000000000001 0000000000000000 0000000066dda85d 000000007f1a085d 000000000d0427a3 0000000073e1d000 00000000f2fbd85d 000000000073e1d0 00000000000d0428 0000000000f2fbd8 0000000000000000
0000000000000127 0000000000000000 0000000000000127 0000000000001e7b 000000000000fb93 0000000000027f46 0000000000009ca5 ffffffffffa633c6 000000000005d177 ffffffffffff6572 0000000000240000 0000000000000000 0000000000000000 00000000016a91f0 00000000065b9aa1 000000000e95014d 000000001e0256c4 0000000000000001 fffffffffffeeb5e ffffffffffff202a ffffffffffff5a81 ffffffffffff3cb0 00000000000163c2 fffffffffffff7f0 0000000014b9d718 fffffffff6c3b314 0000000014b9d718 fffffffff6c3b314 00000000000a5cec fffffffffffb61da 0000000100000000 0000000000000000 0000000000000000 00000000011fb0c4 00000000000456f7 0000000000000000 0000000000000000 0000000000000000 fffffffffff51bc2 fffffffffffcd2e0 0000000000000004 0000000000000000 00000000271f631a 00000000609dd876 000000003c216238 000000006340c552 00000000c3de9dc8 0000000000c3de9e 00000000006340c5 00000000003c2162 0000000000000000
0000000000000128 0000000000000000 0000000000000128 fffffffffffe7739 fffffffffffeafe6 ffffffffffff353a 000000000000d238 ffffffffffbabda6 00000000000e6273 fffffffffffb18ad 0000000000060000 0000000000000000 0000000000000000 00000000011fb0c4 00000000000456f7 0000000000000000 0000000000000000 0000000000000000 ffffffffffffadc6 ffffffffffffb306 ffffffffffff192b 0000000000006eb2 00000000000021db ffffffffffff9493 000000003f32b6d5 ffffffffe2a8784c 0000000005a7d223 fffffffffd5fcc83 000000000002d3e9 fffffffffffeafe6 0000000016e8c452 0000000000000001 0000000000000001 0000000009917b70 fffffffffd5c35bd 00000000398ae4b2 ffffffffe548abc9 0000000000000001 00000000000009f6 fffffffffffce1ed 0000000000000006 0000000000000000 0000000070b2cf72 0000000075adcf72 000000000ccfb08e 000000007d828000 00000000f3304f72 00000000007d8280 0000000000f3304f 00000000000ccfb1 0000000000000000
0000000000000129 0000000000000000 0000000000000129 0000000000007487 0000000000013a92 000000000001d2a4 000000000000af5e 00000000002e4a4c 0000000000095cf2 fffffffffffd29c4 0000000000180000 0000000000000000 0000000000000000 0000000009917b70 fffffffffd5c35bd 00000000398ae4b2 ffffffffe548abc9 0000000000000001 ffffffffffff4948 ffffffffffffa834 ffffffffffff150e ffffffffffff9a54 0000000000009925 ffffffffffff7b2e 000000002fe3853e fffffffff9df12eb 0000000018bd60ff fffffffffcd57a87 00000000000c5eb0 fffffffffffe6abd 0000000084407d27 0000000000000001 0000000000000001 000000000340c16e 0000000001547a52 000000001726243f fffffffffd099864 0000000000000001 fffffffffff9a267 fffffffffff546b5 0000000000000004 0000000000000000 00000000c6214d02 0000000002ca6052 000000001b8a2956 00000000e1ab7658 00000000e475d6aa 0000000000e475d7 0000000000e1ab76 00000000001b8a29 0000000000000000
000000000000012a 0000000000000000 000000000000012a fffffffffffe397f ffffffffffffa3c6 00000000000047c6 000000000000d889 ffffffffffadbaf8 fffffffffff2c0d0 0000000000038c01 0000000000240000 0000000000000000 0000000000000000 000000000340c16e 0000000001547a52 000000001726243f fffffffffd099864 0000000000000001 fffffffffffed7d0 ffffffffffffa151 ffffffffffff2d04 00000000000090fd ffffffffffffa649 fffffffffffed645 ffffffffcaa898bb 000000000a60a5c8 ffffffffdb46b751 000000000725031a ffffffffffeda35c 0000000000039282 00000000b03f5271 0000000000000001 0000000000000001 fffffffff6fb67a7 0000000004b68e6c ffffffffef61e16a 00000000033ba2ae 0000000000000001 fffffffffff88b71 0000000000112803 0000000000000001 0000000000000000 00000000b92cf148 000000001a21069d 000000001659040e 00000000cf85f556 00000000e9a6fbf3 0000000000cf85f5 0000000000165904 0000000000e9a6fc 0000000000000000
000000000000012b 0000000000000000 000000000000012b ffffffffffffee74 0000000000004032 00000000000202f8 000000000000e36e ffffffffff9cbfda 0000000000066874 fffffffffff94648 0000000000060000 0000000000000000 0000000000000000 fffffffff6fb67a7 0000000004b68e6c ffffffffef61e16a 00000000033ba2ae 0000000000000001 ffffffffffff333f fffffffffffefbbf ffffffffffff5ace 000000000000c391 0000000000000b86 fffffffffffeb50f 00000000124afa46 ffffffffdf00bff1 000000000305f4b3 fffffffffa8bec36 00000000000182fa fffffffffffd45f6 000000002a4f22ff 0000000000000001 0000000000000001 fffffffffe135e99 0000000000d8fe64 000000000f450593 ffffffffe474d3bb 0000000000000001 ffffffffffff652f fffffffffffcf108 0000000000000006 0000000000000000 0000000097b66c60 000000004a4dec60 000000000efdd3a0 00000000a6b44000 00000000f1022c60 0000000000a6b440 0000000000f1022c 00000000000efdd4 0000000000000000
000000000000012c 0000000000000000 000000000000012c ffffffffffff3241 0000000000004132 0000000000011fc7 000000000000983f ffffffffffc9237c 00000000000bcf0f fffffffffff91a8d 0000000000180000 0000000000000000 0000000000000000 fffffffffe135e99 0000000000d8fe64 000000000f450593 ffffffffe474d3bb 0000000000000001 ffffffffffff012d ffffffffffff7f7e ffffffffffff708d ffffffffffff2bf7 0000000000011b12 ffffffffffffdba6 000000002cbd9bb1 ffffffffdb6f5486 00000000134ff47f fffffffff0377674 000000000009a7fa fffffffffff81bbb 000000006e80a4c1 0000000000000001 0000000000000001 00000000015d0219 00000000025abce7 00000000196da732 ffffffffeb37de12 0000000000000001 fffffffffff39480 0000000000012025 0000000000000005 0000000000000000 0000000014cbae78 00000000bc52501b 00000000177100b7 000000002c3caf2f 00000000e88eff4a 0000000000e88eff 0000000000177101 00000000002c3caf 0000000000000000
000000000000012d 0000000000000000 000000000000012d fffffffffffe7141 fffffffffffe9962 fffffffffffe74d1 000000000000f45c ffffffffffb10427 00000000000a8778 00000000000c400b 0000000000240000 0000000000000000 0000000000000000 00000000015d0219 00000000025abce7 00000000196da732 ffffffffeb37de12 0000000000000001 fffffffffffff170 000000000000151d ffffffffffffb7da 000000000000f59f ffffffffffffec14 0000000000001027 000000002fa75a25 000000002c67c0ed 000000001b5ef5c7 0000000019815048 00000000000daf7b 00000000000cc0a8 00000000930a0293 0000000000000001 0000000000000001 00000000028ff24f 000000000dbb4ca9 000000001448645e 0000000012e670a5 0000000000000001 000000000010b985 00000000000860ea 0000000000000003 0000000000000000 000000007eccaf29 0000000067333d7b 000000000d0009ae 000000008bccb8d7 00000000f2fff652 00000000000d000a 00000000008bccb9 0000000000f2fff6 0000000000000000
000000000000012e 0000000000000000 000000000000012e fffffffffffd8882 fffffffffffd8d40 ffffffffffff2426 000000000000656a ffffffffffbace7c fffffffffff2d9e0 00000000000e69ca 0000000000060000 0000000000000000 0000000000000001 00000000028ff24f 000000000dbb4ca9 000000001448645e 0000000012e670a5 0000000000000001 ffffffffffff7534 ffffffffffff1514 0000000000009b7b ffffffffffff349f ffffffffffffdf97 0000000000010eee ffffffffca020a87 0000000000000000 fffffffff9c3bdf5 0000000000000000 fffffffffffce1df 0000000000000000 000000001d909010 0000000000000001 0000000000000001 fffffffff6ca3e02 0000000000000000 ffffffffd03e4c92 0000000000000000 0000000000000001 0000000000027a13 fffffffffffe1b43 0000000000000002 0000000000000000 00000000588dfe61 000000008bef94b5 000000000dc13675 00000000664f34d6 00000000f23ec98b 00000000000dc136 0000000000f23eca 0000000000664f35 0000000000000000
000000000000012f 0000000000000000 000000000000012f ffffffffffffc4ba ffffffffffff4703 fffffffffffd86f8 000000000000db26 ffffffffffe0cbd4 00000000000ef3f5 ffffffffffffe91d 0000000000180000 0000000000000000 0000000000000000 fffffffff6ca3e02 0000000000000000 ffffffffd03e4c92 0000000000000000 0000000000000001 000000000000e929 00000000000102ad ffffffffffff36ba 0000000000009e32 ffffffffffffc4b4 000000000001572a 00000000392dc218 fffffffff5633a90 000000001885d1ed fffffffffb72d5ce 00000000000c42e9 fffffffffffdb96b 000000006dcafb85 0000000000000001 0000000000000001 0000000009569480 ffffffffff271d6c 0000000020a7f02b fffffffff9f064c2 0000000000000001 000000000005c9a7 fffffffffff4f41b 0000000000000006 0000000000000000 00000000096fc455 00000000c2a4a455 0000000019f5cbab 0000000023659000 00000000e60a3455 0000000000236590 0000000000e60a34 000000000019f5cc 0000000000000000
0000000000000130 0000000000000000 0000000000000130 0000000000015151 00000000000240c7 ffffffffffff2040 000000000000e2a2 ffffffffffd7a488 00000000000b3c53 ffffffffffffbaee 0000000000240000 0000000000000000 0000000000000000 0000000009569480 ffffffffff271d6c 0000000020a7f02b fffffffff9f064c2 0000000000000001 0000000000006b34 000000000001ce2f ffffffffffff5703 000000000000c04c ffffffffffff1f6f 000000000001a1f1 000000003e6914c0 fffffffff1496b32 00000000246a00d9 fffffffff76a58c9 0000000000123500 fffffffffffbb52c 00000000955db2d5 0000000000000001 0000000000000001 0000000009fbdec2 ffffffffff3ce1bb 0000000019ff13e7 fffffffff9df1269 0000000000000001 00000000000ad7cf fffffffffff0c1d4 0000000000000002 0000000000000000 0000000015ca2ef6 00000000bbbfa872 00000000173b144c 000000002d054342 00000000e8c4ebb4 0000000000173b14 0000000000e8c4ec 00000000002d0543 0000000000000000
0000000000000131 0000000000000000 0000000000000131 ffffffffffffa1b5 fffffffffffebff8 000000000001dacc 000000000000ecca ffffffffffc0ed92 0000000000077256 00000000000c6cbf 0000000000060000 0000000000000000 0000000000000000 0000000009fbdec2 ffffffffff3ce1bb 0000000019ff13e7 fffffffff9df1269 0000000000000001 ffffffffffff8d8c fffffffffffe351c ffffffffffff8bac 000000000000e40b 0000000000006a92 fffffffffffe3337 000000002841eb45 00000000344ef4ea 0000000003cd9031 0000000004f0fee7 000000000001e6c8 000000000002787f 00000000182ef37f 0000000000000001 0000000000000001 0000000008f3373c 0000000008e44647 0000000024745b14 000000002f5df603 0000000000000001 000000000002d108 000000000001563a 0000000000000003 0000000000000000 0000000082dcf4e8 0000000062cb8bfd 000000000d2bbf8e 000000009008b476 00000000f2d44073 00000000000d2bc0 00000000009008b4 0000000000f2d440 0000000000000000
0000000000000132 0000000000000000 0000000000000132 fffffffffffe6a4a fffffffffffe7e96 0000000000014ef3 00000000000049a5 0000000000334681 00000000000e726a ffffffffffffbdfc 0000000000180000 0000000000000000 0000000000000000 0000000008f3373c 0000000008e44647 0000000024745b14 000000002f5df603 0000000000000001 ffffffffffff0259 fffffffffffe601a 000000000000f8de ffffffffffffc3fd fffffffffffea727 0000000000015815 000000004d9c5ef6 0000000008e45985 0000000018c7887a 0000000002d6c9ce 00000000000c63c4 0000000000016b65 0000000051bc3372 0000000000000001 0000000000000001 000000000b04608e fffffffffe781981 0000000034d4d67c 00000000060d8fb7 0000000000000001 fffffffffffbb734 00000000000bb634 0000000000000001 0000000000000000 00000000b0bc26d4 0000000027a2a6d4 0000000013d0992c 00000000c48cc000 00000000ec2f66d4 0000000000c48cc0 000000000013d099 0000000000ec2f67 0000000000000000
0000000000000133 0000000000000000 0000000000000133 fffffffffffe698f 0000000000008543 fffffffffffd927e 000000000000bdf8 000000000018da97 fffffffffff1d493 fffffffffffbc87e 0000000000240000 0000000000000000 0000000000000000 000000000b04608e fffffffffe781981 0000000034d4d67c 00000000060d8fb7 0000000000000001 ffffffffffff93ca 000000000001b3c4 ffffffffffff0051 fffffffffffff33e fffffffffffe522a ffffffffffff7e35 ffffffffd492265e fffffffff1a4cf54 ffffffffdc7a6bb1 fffffffff441f75b ffffffffffee3d36 fffffffffffa20fc 00000000d1639a28 0000000000000001 0000000000000001 fffffffff90cd67f fffffffffb0f7b39 fffffffff817baad fffffffffd62d7f9 0000000000000001 fffffffffffb056f 0000000000120813 0000000000000001 0000000000000000 00000000a4262f93 0000000039ef6f93 0000000010f5306d 00000000b51b6000 00000000ef0acf93 0000000000b51b60 000000000010f530 0000000000ef0ad0 0000000000000000
0000000000000134 0000000000000000 0000000000000134 fffffffffffe256d fffffffffffd9fdb 0000000000013e11 00000000000053b4 ffffffffffc985f0 00000000000a0a87 fffffffffff3add2 0000000000060000 0000000000000000 0000000000000000 fffffffff90cd67f fffffffffb0f7b39 fffffffff817baad fffffffffd62d7f9 0000000000000001 ffffffffffff244f fffffffffffde941 000000000000e2a5 ffffffffffff88f8 fffffffffffe8cb9 000000000001bb23 000000002b82b62c ffffffffb65a61f3 00000000032bf3a9 fffffffffaa1ac5e 00000000000195fa fffffffffffd50d6 0000000012a93843 0000000000000001 0000000000000001 000000000170b612 fffffffff341e71a 000000002856c283 ffffffffbbb8b595 0000000000000001 000000000001a39a 000000000002a6ee 0000000000000003 0000000000000000 0000000006e8802c 00000000c3fee53b 000000001a8c4d4d 000000002174cd79 00000000e573b2b4 00000000001a8c4d 00000000002174cd 0000000000e573b3 0000000000000000
0000000000000135 0000000000000000 0000000000000135 00000000000262ae ffffffffffffde0c 0000000000020552 0000000000006be9 ffffffffffed8cc2 000000000003a64a 00000000000179ee 0000000000180000 0000000000000000 0000000000000000 000000000170b612 fffffffff341e71a 000000002856c283 ffffffffbbb8b595 0000000000000001 000000000000f600 fffffffffffec1b9 0000000000007932 ffffffffffff1e82 fffffffffffe90a3 000000000000a3e3 0000000017a9b8eb fffffffff46557cb 000000001664cf19 fffffffff504ad82 00000000000b3268 fffffffffffa8257 00000000f244e579 0000000000000001 0000000000000001 fffffffffc62969e 00000000016894c4 000000000144e9d2 ffffffffff60aa49 0000000000000001 fffffffffff8bca7 00000000000a2328 0000000000000005 0000000000000000 00000000bb4b6a33 0000000016913d3a 000000001711ac4a 00000000d25d167d 00000000e8ee53b7 0000000000e8ee54 00000000001711ac 0000000000d25d16 0000000000000000
0000000000000136 0000000000000000 0000000000000136 0000000000010902 0000000000013447 00000000000050e5 0000000000008ced ffffffffffced8b5 00000000000d9414 fffffffffffe8140 0000000000240000 0000000000000000 0000000000000000 fffffffffc62969e 00000000016894c4 000000000144e9d2 ffffffffff60aa49 0000000000000001 0000000000002ef3 0000000000008347 ffffffffffffb02a ffffffffffff0cc4 ffffffffffffaa74 ffffffffffff91e9 0000000039014ab4 fffffffff5e38837 0000000024d659b4 fffffffff9774d7f 0000000000126b2d fffffffffffcbba7 00000000a56e1af3 0000000000000001 0000000000000001 00000000045fde4f 0000000000e6e59e 00000000142af100 fffffffffc6c3ab8 0000000000000001 ffffffffffed7b21 fffffffffffd5c2c 0000000000000004 0000000000000000 00000000208447b8 00000000b5476453 00000000151a29fb 00000000359e71b3 00000000eae5d606 0000000000eae5d6 0000000000359e72 0000000000151a2a 0000000000000000
0000000000000137 0000000000000000 0000000000000137 ffffffffffff2beb 000000000000848e ffffffffffffa3f0 000000000000ac96 000000000037788e fffffffffffce4c6 fffffffffffd6477 0000000000060000 0000000000000000 0000000000000000 00000000045fde4f 0000000000e6e59e 00000000142af100 fffffffffc6c3ab8 0000000000000001 ffffffffffff651d 00000000000081af ffffffffffff1c8a ffffffffffff8a8a ffffffffffffd3d7 ffffffffffff3ae1 fffffffff7b980a9 0000000000ac71d9 fffffffff9c9011e 000000000081819e fffffffffffce481 00000000000040c1 00000000c041a974 0000000000000001 0000000000000001 fffffffffe9a45fa 00000000008754ab fffffffffdf07f8b 00000000002af03b 0000000000000001 000000000001a689 000000000002a51a 0000000000000003 0000000000000000 0000000007e7cc75 00000000c377caa8 000000001a503472 00000000223800e7 00000000e5afcb8f 00000000001a5034 0000000000223801 0000000000e5afcc 0000000000000000
0000000000000138 0000000000000000 0000000000000138 fffffffffffdfa56 000000000001a3bf 000000000001aefa 000000000000f443 000000000001db60 00000000000354cd 0000000000033ccd 0000000000180000 0000000000000000 0000000000000000 fffffffffe9a45fa 00000000008754ab fffffffffdf07f8b 00000000002af03b 0000000000000001 fffffffffffd8b4f fffffffffffff984 ffffffffffffb731 000000000000f56e fffffffffffda71d ffffffffffff46fa 0000000017612f20 00000000120d45c6 0000000013bdde1f 000000000f3e2f8c 000000000009deef 0000000000079f18 00000000d82a5c26 0000000000000001 0000000000000001 0000000002611560 0000000002d76f13 0000000003a35101 0000000002cf163a 0000000000000001 00000000000ba181 0000000000047fda 0000000000000003 0000000000000000 0000000090880692 0000000053214d64 000000000e2b5605 000000009eb35c97 00000000f1d4a9fb 00000000000e2b56 00000000009eb35d 0000000000f1d4aa 0000000000000000
0000000000000139 0000000000000000 0000000000000139 000000000000d0df fffffffffffdf858 00000000000028a9 0000000000003cc3 ffffffffffd39e54 000000000007c547 000000000009e34a 0000000000240000 0000000000000000 0000000000000000 0000000002611560 0000000002d76f13 0000000003a35101 0000000002cf163a 0000000000000001 0000000000012aeb fffffffffffebc81 000000000000ff30 0000000000001466 fffffffffffed559 fffffffffffebc41 00000000292c07f8 000000002d6ac9a0 00000000192099a1 000000001bb7d97d 00000000000c904d 00000000000ddbed 000000009c3cbd5c 0000000000000001 0000000000000001 0000000006f26b23 0000000008e3398b 00000000100b6e57 0000000011b2f023 0000000000000001 fffffffffff32f9d 00000000000da0cc 0000000000000005 0000000000000000 00000000a7dc0dc7 0000000034c20156 0000000011b0f872 00000000b98d0639 00000000ee4f078f 0000000000ee4f08 000000000011b0f8 0000000000b98d06 0000000000000000
000000000000013a 0000000000000000 000000000000013a 000000000000bc7b 00000000000126d1 ffffffffffff32c7 0000000000007c64 0000000000196542 00000000000de4a7 fffffffffff68b7d 0000000000060000 0000000000000000 0000000000000000 0000000006f26b23 0000000008e3398b 00000000100b6e57 0000000011b2f023 0000000000000001 0000000000005fca 00000000000120b2 00000000000016a6 ffffffffffff0101 ffffffffffffba21 fffffffffffed7f6 0000000044d95d6a ffffffffe83db294 0000000005e4f022 fffffffffdf74897 000000000002f278 fffffffffffefba4 0000000015eaa685 0000000000000001 0000000000000001 000000000c21a5ba 00000000006e4989 000000003ef46d48 ffffffffea4669fd 0000000000000001 fffffffffffd2786 0000000000014616 0000000000000005 0000000000000000 000000005e22b512 00000000870dd78d 000000000d67b9b1 000000006b8a6ec3 00000000f2984650 0000000000f29846 00000000000d67ba 00000000006b8a6f 0000000000000000
000000000000013b 0000000000000000 000000000000013b 0000000000009664 fffffffffffff261 ffffffffffffeb4d 0000000000005f60 ffffffffffaa3806 000000000003da84 00000000000276cb 0000000000180000 0000000000000000 0000000000000000 000000000c21a5ba 00000000006e4989 000000003ef46d48 ffffffffea4669fd 0000000000000001 0000000000006fb4 0000000000000416 000000000000b7c6 ffffffffffff4dc7 ffffffffffffb52b ffffffffffffacf8 000000001e1eeb3d 0000000000966440 0000000018efd15b 00000000007c8219 00000000000c77e9 0000000000003e41 00000000d3f0d015 0000000000000001 0000000000000001 0000000001ff35ec 00000000066d8b92 00000000052f19e2 000000000019e227 0000000000000001 fffffffffff72529 000000000008c805 0000000000000005 0000000000000000 00000000a23dcf34 000000003c8fbb54 0000000010993abc 00000000b2d709f0 00000000ef66c544 0000000000ef66c5 000000000010993b 0000000000b2d70a 0000000000000000
000000000000013c 0000000000000000 000000000000013c fffffffffffe40e0 0000000000003595 fffffffffffe4334 0000000000009dd7 ffffffffffab6493 00000000000dfa67 fffffffffff4c764 0000000000240000 0000000000000000 0000000000000000 0000000001ff35ec 00000000066d8b92 00000000052f19e2 000000000019e227 0000000000000001 ffffffffffff5852 0000000000011fbd ffffffffffff54e2 ffffffffffff4198 ffffffffffffbc62 fffffffffffeb9e8 000000003fc0ae9d ffffffffcf2e5b99 000000001db42647 ffffffffe94115d5 00000000000eda13 fffffffffff4a08b 0000000077469a4b 0000000000000001 0000000000000001 0000000009660e90 0000000000838ede 00000000220c8856 ffffffffe5ed45c4 0000000000000001 ffffffffffed5a05 fffffffffffe880f 0000000000000004 0000000000000000 000000001216875e 00000000bddf53de 0000000018051262 000000002a1b99c0 00000000e7faed9e 0000000000e7faee 00000000002a1b9a 0000000000180512 0000000000000000
000000000000013d 0000000000000000 000000000000013d ffffffffffffd9b7 fffffffffffe22a2 0000000000006dde 00000000000049ea ffffffffffe3ec95 00000000000464a7 00000000000698f4 0000000000060000 0000000000000000 0000000000000000 0000000009660e90 0000000000838ede 00000000220c8856 ffffffffe5ed45c4 0000000000000001 00000000000060fa fffffffffffeacf6 000000000000f878 ffffffffffffc25e fffffffffffe9f96 fffffffffffff380 00000000229088c2 0000000019af40a4 0000000005013e67 0000000003b81428 000000000002809f 000000000001dc0a 0000000025116f65 0000000000000001 0000000000000001 000000000601e98b 0000000009aa9d4b 000000001d8f4a5b 0000000015f72c7c 0000000000000001 fffffffffffd97bc 000000000001fb2b 0000000000000005 0000000000000000 0000000092693359 0000000050dd7b4f 000000000e5ca8ac 00000000a0c5dc05 00000000f1a35754 0000000000f1a357 00000000000e5ca9 0000000000a0c5dc 0000000000000000
000000000000013e 0000000000000000 000000000000013e ffffffffffff851d fffffffffffeafbf 00000000000214dc 00000000000070ed ffffffffffaf0270 fffffffffff42bcf fffffffffff41c31 0000000000180000 0000000000000000 0000000000000000 000000000601e98b 0000000009aa9d4b 000000001d8f4a5b 0000000015f72c7c 0000000000000001 ffffffffffff6c8a fffffffffffe0a38 0000000000005c97 ffffffffffff1155 ffffffffffffd3fe 0000000000020924 ffffffffd3bab724 ffffffffc18b87ca fffffffff1939463 ffffffffeba6e7ce fffffffffff8c9ca fffffffffff5d374 000000005367d69d 0000000000000001 0000000000000001 fffffffff930535a fffffffffd05bf57 ffffffffe22722c1 ffffffffd5e49ffc 0000000000000001 00000000000a673a 000000000006e07a 0000000000000003 0000000000000000 0000000066ed8423 000000007f0e1873 000000000d0231b5 0000000073efb5d8 00000000f2fdce4b 00000000000d0232 000000000073efb6 0000000000f2fdce 0000000000000000
000000000000013f 0000000000000000 000000000000013f fffffffffffe25ed 0000000000027b95 0000000000014b9d 000000000000b732 ffffffffffcd9c47 000000000006c076 00000000000e2f8f 0000000000240000 0000000000000000 0000000000000000 fffffffff930535a fffffffffd05bf57 ffffffffe22722c1 ffffffffd5e49ffc 0000000000000001 fffffffffffd818c 000000000000af7f ffffffffffff05f7 ffffffffffffc90f ffffffffffffdd9d fffffffffffd6ac2 0000000016c67675 000000003f1846e7 000000000cb3d30a 0000000023309c4c 00000000000659ea 000000000011984e 000000008ec765d4 0000000000000001 0000000000000001 00000000033cfc4c 000000000f611b4d 000000000a12a36b 000000001be7aa9b 0000000000000001 00000000000fd269 fffffffffff60547 0000000000000002 0000000000000000 000000006b4fd33e 000000007aeaea96 000000000ce2a116 0000000078327454 00000000f31d5eea 00000000000ce2a1 0000000000f31d5f 0000000000783274 0000000000000000
0000000000000140 0000000000000000 0000000000000140 fffffffffffe12df fffffffffffff927 fffffffffffefe4a 00000000000050b6 ffffffffffd82af1 000000000004bcb6 000000000000c51a 0000000000060000 0000000000000000 0000000000000000 00000000033cfc4c 000000000f611b4d 000000000a12a36b 000000001be7aa9b 0000000000000001 ffffffffffff0f6f 00000000000090d6 000000000000eaca ffffffffffff99f7 000000000000e4b8 000000000000a2e8 0000000014184c39 000000000a38b405 00000000058ec601 0000000002d3b591 000000000002c763 00000000000169db 0000000046cd7ba7 0000000000000001 0000000000000001 00000000038045f3 0000000009e0a259 000000000e898638 000000000764fe74 0000000000000001 fffffffffffd9896 000000000001fc38 0000000000000005 0000000000000000 0000000092b6db3d 00000000508027f0 000000000e647e6a 00000000a11b59a7 00000000f19b8197 0000000000f19b82 00000000000e647e 0000000000a11b5a 0000000000000000
0000000000000141 0000000000000000 0000000000000141 ffffffffffff746f 00000000000028da ffffffffffff5924 000000000000d7b5 fffffffffff8eb2b 000000000001f4da 0000000000021578 0000000000180000 0000000000000000 0000000000000000 00000000038045f3 0000000009e0a259 000000000e898638 000000000764fe74 0000000000000001 ffffffffffffccf5 00000000000077ec ffffffffffff2a1d 0000000000008cac ffffffffffff7fc2 0000000000001740 000000000e3944f0 0000000011960604 000000000e3944f0 0000000011960604 0000000000071ca2 000000000008cb03 0000000100000000 0000000000000000 0000000000000000 00000000020cb4da 000000000994570a 0000000000000000 0000000000000000 0000000000000000 00000000000b4125 fffffffffffee3cd 0000000000000002 0000000000000000 00000000a9d111d0 000000001482c9fb 0000000020d6121b 00000000caa723eb 00000000df29ede6 000000000020d612 0000000000df29ee 0000000000caa724 0000000000000000
0000000000000142 0000000000000000 0000000000000142 000000000000ed20 ffffffffffffdede 0000000000010bb3 000000000000f29e 0000000000516bd0 0000000000036b03 000000000002d832 0000000000240000 0000000000000000 0000000000000000 00000000020cb4da 000000000994570a 0000000000000000 0000000000000000 0000000000000000 0000000000004fe5 ffffffffffff5251 ffffffffffffad5f 000000000000f24c 00000000000083ad ffffffffffff7567 000000000edee4b0 0000000023fa1e69 000000000e4a8dd3 0000000022933ccf 0000000000072547 000000000011499e 00000000f6065370 0000000000000001 0000000000000001 0000000003c5220b 000000000b95ea31 00000000009456dd 000000000166e19a 0000000000000001 00000000000c57d0 00000000000e0e4a 0000000000000003 0000000000000000 000000002d199a5e 00000000ad20afa5 0000000012e2daff 000000003ffc755d 00000000ed1d2502 000000000012e2db 00000000003ffc75 0000000000ed1d25 0000000000000000
0000000000000143 0000000000000000 0000000000000143 0000000000008ee2 0000000000013487 fffffffffffd920b 000000000000f55d ffffffffffe86caa 000000000005ebde 000000000000d3bf 0000000000060000 0000000000000000 0000000000000000 0000000003c5220b 000000000b95ea31 00000000009456dd 000000000166e19a 0000000000000001 000000000000c7bc 0000000000021936 ffffffffffffbde6 000000000000f752 0000000000003640 0000000000023a92 000000001cdc6234 0000000002211923 000000000637ee68 00000000007572f7 0000000000031bf7 0000000000003ab9 000000003728a764 0000000000000001 0000000000000001 0000000007097928 000000000a798905 0000000016a473cc 0000000001aba62c 0000000000000001 0000000000031024 ffffffffffff6b35 0000000000000002 0000000000000000 00000000ae8f32f2 000000002af43ca2 00000000133e4836 00000000c1cd7b28 00000000ecc1b7ca 0000000000133e48 0000000000ecc1b8 0000000000c1cd7b 0000000000000000
0000000000000144 0000000000000000 0000000000000144 fffffffffffe73ab 00000000000108b4 000000000001afed 000000000000e3a7 ffffffffffcc3354 fffffffffff7bdca fffffffffff987c0 0000000000180000 0000000000000000 0000000000000000 0000000007097928 000000000a798905 0000000016a473cc 0000000001aba62c 0000000000000001 fffffffffffe0f90 ffffffffffff9f74 ffffffffffff5bdb 000000000000c473 fffffffffffec0f3 fffffffffffe779a ffffffffe82b2639 ffffffffeddbe7fc ffffffffec2777dd fffffffff0e49814 fffffffffff613bc fffffffffff8724c 00000000d52f9fa6 0000000000000001 0000000000000001 fffffffffe5a8cf0 0000000007372c64 fffffffffc03ae5c fffffffffcf74fe8 0000000000000001 fffffffffff38ac8 00000000000090e8 0000000000000005 0000000000000000 000000000a753fce 00000000c218f3e2 0000000019b8e628 00000000242e25f6 00000000e64719d8 0000000000e6471a 000000000019b8e6 0000000000242e26 0000000000000000
0000000000000145 0000000000000000 0000000000000145 ffffffffffffb809 0000000000017397 000000000001bbeb 0000000000004bed ffffffffffe9963b fffffffffff9d5de fffffffffffd78e7 0000000000240000 0000000000000000 0000000000000000 fffffffffe5a8cf0 0000000007372c64 fffffffffc03ae5c fffffffffcf74fe8 0000000000000001 fffffffffffec02f ffffffffffffd63e 000000000000f51e ffffffffffffb628 0000000000003445 0000000000013e44 ffffffffe2aad0d4 fffffffff396a97a ffffffffe2aad0d4 fffffffff396a97a fffffffffff15568 fffffffffff9cb55 0000000100000000 0000000000000000 0000000000000000 fffffffffb6099d9 0000000005968883 0000000000000000 0000000000000000 0000000000000000 00000000000a2c27 fffffffffff3bf46 0000000000000002 0000000000000000 00000000210cf73d 0000000096eb8c8c 000000002403be1c 000000004510b559 00000000dbfc41e5 00000000002403be 0000000000dbfc42 00000000004510b5 0000000000000000
0000000000000146 0000000000000000 0000000000000146 ffffffffffff4897 000000000000903f fffffffffffe153b 000000000000abd1 ffffffffffe6df69 fffffffffffbc049 00000000000399e4 0000000000060000 0000000000000000 0000000000000000 fffffffffb6099d9 0000000005968883 0000000000000000 0000000000000000 0000000000000000 fffffffffffff93c 0000000000016ea0 ffffffffffff1ec9 ffffffffffff8649 fffffffffffec0ae ffffffffffff4bbd ffffffffee38ac04 0000000014efae21 fffffffffbf6c41f 0000000004c0be96 fffffffffffdfb62 000000000002605f 000000003a1ddbe9 0000000000000001 0000000000000001 fffffffff99953c5 0000000008238ef9 fffffffff241e7e5 00000000102eef8b 0000000000000001 0000000000030cd6 000000000000a53e 0000000000000003 0000000000000000 00000000ab5be94d 000000002fb3e1e3 0000000012781a68 00000000bdd403b5 00000000ed87e598 000000000012781a 0000000000bdd404 0000000000ed87e6 0000000000000000
0000000000000147 0000000000000000 0000000000000147 000000000002052b ffffffffffffe1fc 000000000000732f 0000000000004787 00000000002d8f08 fffffffffffce3db fffffffffff18b2f 0000000000180000 0000000000000000 0000000000000000 fffffffff99953c5 0000000008238ef9 fffffffff241e7e5 00000000102eef8b 0000000000000001 0000000000013c64 ffffffffffffac2b 000000000000fba8 ffffffffffffd10c ffffffffffff7390 fffffffffffed85a ffffffffee9bd03b ffffffffd472abd6 fffffffff6c01e4b ffffffffe8d64394 fffffffffffb600f fffffffffff46b22 0000000088271e73 0000000000000001 0000000000000001 fffffffffad4708b fffffffffd0568d3 fffffffff7dbb1f0 ffffffffeb9c6842 0000000000000001 00000000000c3bb5 fffffffffffd93f0 0000000000000002 0000000000000000 00000000ad5b96a8 000000002cc01c02 0000000012f226ab 00000000c04dbd53 00000000ed0dd955 000000000012f227 0000000000ed0dd9 0000000000c04dbd 0000000000000000
0000000000000148 0000000000000000 0000000000000148 000000000001e96c 000000000001dcf8 000000000000ff44 0000000000006e7d 0000000000612557 0000000000084eb6 fffffffffffa2d46 0000000000240000 0000000000000000 0000000000000000 fffffffffad4708b fffffffffd0568d3 fffffffff7dbb1f0 ffffffffeb9c6842 0000000000000001 0000000000005234 0000000000008000 0000000000006ab2 ffffffffffff174b ffffffffffffeaa0 ffffffffffff6963 000000001fa28737 fffffffff3da7ecc 000000001fa28737 fffffffff3da7ecc 00000000000fd144 fffffffffff9ed3f 0000000100000000 0000000000000000 0000000000000000 00000000016e0a9c fffffffffdff4f96 0000000000000000 0000000000000000 0000000000000000 fffffffffff42728 00000000000c1cf0 0000000000000005 0000000000000000 000000009532bac4 0000000033c61234 000000001b839984 00000000b0b65448 00000000e47c667c 0000000000e47c66 00000000001b839a 0000000000b0b654 0000000000000000
0000000000000149 0000000000000000 0000000000000149 00000000000065ad fffffffffffef37d fffffffffffdf0dd 0000000000001fd9 000000000059bd0a 000000000009dc50 00000000000147e8 0000000000060000 0000000000000000 0000000000000000 00000000016e0a9c fffffffffdff4f96 0000000000000000 0000000000000000 0000000000000000 0000000000014d01 0000000000009551 000000000000b453 000000000000b5b6 000000000001558c ffffffffffff7f6c 0000000026c8a019 0000000012d8e3f9 00000000059bb5b4 0000000002b9b1ab 000000000002cddb 0000000000015cd9 000000002504b50e 0000000000000001 0000000000000001 00000000067b547c ffffffffff0dc722 00000000212cea65 00000000101f324e 0000000000000001 00000000000107d1 000000000002f144 0000000000000001 0000000000000000 000000002ac469a5 00000000aeace9a5 000000001347565b 000000003e0bc000 00000000ecb8a9a5 00000000003e0bc0 0000000000134756 0000000000ecb8aa 0000000000000000
000000000000014a 0000000000000000 000000000000014a ffffffffffff8af8 0000000000017697 ffffffffffff08c5 000000000000e6e2 ffffffffffd063a6 00000000000157df fffffffffff1e98f 0000000000180000 0000000000000000 0000000000000000 00000000067b547c ffffffffff0dc722 00000000212cea65 00000000101f324e 0000000000000001 ffffffffffff8786 0000000000016702 ffffffffffff6bf4 000000000000d0d9 fffffffffffece19 000000000000df36 0000000011b30e40 ffffffffb74730fa 0000000005e5f1a1 ffffffffe7c412d6 000000000002f2f9 fffffffffff3e209 00000000554f6e86 0000000000000001 0000000000000001 000000000159bcdc fffffffff2f7450b 000000000bcd1c9f ffffffffcf831e24 0000000000000001 fffffffffffb6606 fffffffffff468c7 0000000000000006 0000000000000000 00000000b4b0d989 0000000021719989 0000000014eec677 00000000c99fa000 00000000eb113989 0000000000c99fa0 0000000000eb113a 000000000014eec6 0000000000000000
000000000000014b 0000000000000000 000000000000014b 0000000000013ee6 fffffffffffdca66 fffffffffffe2b85 000000000000d8bd ffffffffffea0065 fffffffffff22185 00000000000c9016 0000000000240000 0000000000000000 0000000000000000 000000000159bcdc fffffffff2f7450b 000000000bcd1c9f ffffffffcf831e24 0000000000000001 0000000000022d4c ffffffffffffc7ed ffffffffffff2dbe 000000000000920a 0000000000016bf9 000000000001a9bb ffffffffbec59f17 000000001f4e31f0 ffffffffde45699d 0000000010301234 ffffffffffef22b5 0000000000081809 000000008460199c 0000000000000001 0000000000000001 fffffffff5ee33b9 00000000031f21ad ffffffffe080357a 000000000f1e1fbc 0000000000000001 fffffffffffd06f0 00000000001277e7 0000000000000001 0000000000000000 0000000091717929 0000000052057929 000000000e4486d7 000000009fb60000 00000000f1bb7929 00000000009fb600 00000000000e4487 0000000000f1bb79 0000000000000000
000000000000014c 0000000000000000 000000000000014c ffffffffffff1e48 ffffffffffffd9f6 ffffffffffff0954 0000000000006d5a 00000000001bbd4a fffffffffffbcac0 00000000000ca876 0000000000060000 0000000000000000 0000000000000000 fffffffff5ee33b9 00000000031f21ad ffffffffe080357a 000000000f1e1fbc 0000000000000001 ffffffffffffc86d 0000000000007874 000000000000712b ffffffffffff1a5f 0000000000006719 ffffffffffffac86 ffffffffe1d90450 000000003fb71249 fffffffffd553134 0000000005a2d954 fffffffffffeaa99 000000000002d16d 0000000016a53348 0000000000000001 0000000000000001 fffffffff97f9aae 0000000007ca8a28 ffffffffe483d31c 000000003a1438f5 0000000000000001 fffffffffffff352 fffffffffffce1f8 0000000000000006 0000000000000000 00000000765a3901 0000000070033901 000000000cd146ff 00000000832b8000 00000000f32eb901 0000000000832b80 0000000000f32eb9 00000000000cd147 0000000000000000
000000000000014d 0000000000000000 000000000000014d 000000000000b49f fffffffffffeae67 0000000000026eea 00000000000066b8 0000000000236346 fffffffffff85293 fffffffffff45d69 0000000000180000 0000000000000000 0000000000000000 fffffffff97f9aae 0000000007ca8a28 ffffffffe483d31c 000000003a1438f5 0000000000000001 000000000000194f fffffffffffdd574 00000000000094d9 ffffffffffff2fb9 fffffffffffea8fa 000000000001b474 ffffffffdda3f87c ffffffffd26b686c fffffffff0fc861d ffffffffec155745 fffffffffff87e43 fffffffffff60aac 000000006fdc55fc 0000000000000001 0000000000000001 fffffffffb3d90dc fffffffff4457b85 ffffffffeca7725f ffffffffe6561127 0000000000000001 00000000000be5c4 000000000003bcb9 0000000000000003 0000000000000000 000000009bd6af15 00000000450c2715 000000000f8e94eb 00000000ab654400 00000000f0716b15 00000000000f8e95 0000000000ab6544 0000000000f0716b 0000000000000000
000000000000014e 0000000000000000 000000000000014e fffffffffffda406 00000000000243fd fffffffffffed75f 0000000000009a67 ffffffffffe98855 fffffffffff262e3 0000000000089859 0000000000240000 0000000000000000 0000000000000000 fffffffffb3d90dc fffffffff4457b85 ffffffffeca7725f ffffffffe6561127 0000000000000001 fffffffffffe0ee4 000000000001fa1d ffffffffffff6589 ffffffffffff33da 0000000000005b0b fffffffffffd4074 ffffffffbe156b15 00000000228f9928 ffffffffdeddab5b 00000000115f6a07 ffffffffffef6ed6 000000000008afb5 0000000080aeebe7 0000000000000001 0000000000000001 fffffffff6d53437 00000000002006c6 ffffffffdf37bfba 0000000011302f21 0000000000000001 00000000001273e0 00000000000311b8 0000000000000003 0000000000000000 00000000b1ed5e8d 0000000025cdd1f0 00000000142267c2 00000000c60fc64f 00000000ebdd983f 0000000000142268 0000000000c60fc6 0000000000ebdd98 0000000000000000
000000000000014f 0000000000000000 000000000000014f fffffffffffedce3 fffffffffffde5ca fffffffffffdf84b 000000000000d32a ffffffffffbf1f60 fffffffffffb1de3 00000000000d226b 0000000000060000 0000000000000000 0000000000000000 fffffffff6d53437 00000000002006c6 ffffffffdf37bfba 0000000011302f21 0000000000000001 0000000000009e91 fffffffffffff551 ffffffffffff1bc7 00000000000073fa 000000000000515c 0000000000008885 ffffffffe04390cd 000000002de0c543 fffffffffc73e3cb 000000000520c621 fffffffffffe39f2 0000000000029063 000000001c9d4c7c 0000000000000001 0000000000000001 fffffffffa4ec1af 000000000427559c ffffffffe3cfad02 0000000028bfff22 0000000000000001 0000000000017b77 000000000002be27 0000000000000001 0000000000000000 00000000067a4f9e 00000000c435cf9e 000000001aa7f062 0000000021224000 00000000e5580f9e 0000000000212240 00000000001aa7f0 0000000000e55810 0000000000000000
0000000000000150 0000000000000001 0000000000000000 0000000000000000 0000000000000000 0000000000000000 0000000000000000 0000000000000000 0000000000000000 0000000000000000 0000000000180000 0000000000000001 0000000000000000 0000000000000000 0000000000000000 0000000000000000 0000000000000000 0000000000000000 0000000000000000 0000000000000000 0000000000000000 0000000000010000 0000000000000000 0000000000000000 0000000000000000 0000000000000000 0000000000000000 0000000000000000 0000000000000000 0000000000000000 0000000100000000 0000000000000000 0000000000000000 0000000000000000 0000000000000000 0000000000000000 0000000000000000 0000000000000000 0000000000000000 0000000000000000 0000000000000002 0000000000000000 0000000000000000 0000000000000000 0000000080000000 0000000080000000 0000000080000000 0000000000800000 0000000000800000 0000000000800000 0000000000000000
0000000000000151 0000000000000001 0000000000000001 0000000000000000 0000000000000000 0000000000000000 0000000000000000 0000000000000000 0000000000000000 0000000000000000 0000000000180000 0000000000000001 0000000000000000 0000000000000000 0000000000000000 0000000000000000 0000000000000000 0000000000000000 0000000000000000 0000000000000000 0000000000000000 0000000000010000 0000000000000000 0000000000000000 0000000000000000 0000000000000000 0000000000000000 0000000000000000 0000000000000000 0000000000000000 0000000100000000 0000000000000000 0000000000000000 0000000000000000 0000000000000000 0000000000000000 0000000000000000 0000000000000000 0000000000000000 0000000000000000 0000000000000002 0000000000000000 0000000000000000 0000000000000000 0000000080000000 0000000080000000 0000000080000000 0000000000800000 0000000000800000 0000000000800000 0000000000000000
0000000000000152 0000000000000001 0000000000000002 0000000000000000 0000000000000000 0000000000000000 0000000000000000 0000000000000000 0000000000000000 0000000000000000 0000000000180000 0000000000000000 0000000000000000 0000000000000000 0000000000000000 0000000000000000 0000000000000000 0000000000000000 0000000000000000 0000000000000000 0000000000000000 0000000000010000 0000000000000000 0000000000000000 0000000000000000 0000000000000000 0000000000000000 0000000000000000 0000000000000000 0000000000000000 0000000100000000 0000000000000000 0000000000000000 0000000000000000 0000000000000000 0000000000000000 0000000000000000 0000000000000000 0000000000000000 0000000000000000 0000000000000002 0000000000000000 0000000000000000 0000000000000000 0000000080000000 0000000080000000 0000000080000000 0000000000800000 0000000000800000 0000000000800000 0000000000000000
0000000000000153 0000000000000001 0000000000000003 0000000000000000 0000000000000000 0000000000000000 0000000000000000 0000000000000000 0000000000000000 0000000000000000 0000000000180000 0000000000000001 0000000000000000 0000000000000000 0000000000000000 0000000000000000 0000000000000000 0000000000000000 0000000000000000 0000000000000000 0000000000000000 0000000000010000 0000000000000000 0000000000000000 0000000000000000 0000000000000000 0000000000000000 0000000000000000 0000000000000000 0000000000000000 0000000100000000 0000000000000000 0000000000000000 0000000000000000 0000000000000000 0000000000000000 0000000000000000 0000000000000000 0000000000000000 0000000000000000 0000000000000002 0000000000000000 0000000000000000 0000000000000000 0000000080000000 0000000080000000 0000000080000000 0000000000800000 0000000000800000 0000000000800000 0000000000000000
0000000000000154 0000000000000001 0000000000000004 0000000000000000 0000000000000000 0000000000000000 0000000000000000 0000000000000000 0000000000000000 0000000000000000 0000000000180000 0000000000000001 0000000000000000 0000000000000000 0000000000000000 0000000000000000 0000000000000000 0000000000000000 0000000000000000 0000000000000000 0000000000000000 0000000000010000 0000000000000000 0000000000000000 0000000000000000 0000000000000000 0000000000000000 0000000000000000 0000000000000000 0000000000000000 0000000100000000 0000000000000000 0000000000000000 0000000000000000 0000000000000000 0000000000000000 0000000000000000 0000000000000000 0000000000000000 0000000000000000 0000000000000002 0000000000000000 0000000000000000 0000000000000000 0000000080000000 0000000080000000 0000000080000000 0000000000800000 0000000000800000 0000000000800000 0000000000000000
0000000000000155 0000000000000001 0000000000000005 0000000000008000 ffffffffffffc000 ffffffffffffc000 0000000000000000 0000000000000000 0000000000000000 0000000000000000 0000000000180000 0000000000000000 0000000000000000 0000000000000000 0000000000000000 0000000000000000 0000000000000000 0000000000000000 0000000000008000 0000000000000000 0000000000000000 0000000000010000 0000000000008000 0000000000000000 fffffffffba33333 0000000000000000 fffffffffba33333 0000000000000000 fffffffffffdd19a 0000000000000000 0000000100000000 0000000000000000 0000000000000000 ffffffffff6851ec 0000000000000000 0000000000000000 0000000000000000 0000000000000000 fffffffffffdd19a 0000000000000000 0000000000000004 0000000000000000 0000000000000000 0000000022e66000 000000006e8cd000 000000006e8cd000 0000000091733000 0000000000917330 00000000006e8cd0 00000000006e8cd0 0000000000000000
0000000000000156 0000000000000001 0000000000000006 0000000000000000 0000000000000000 0000000000000000 0000000000000000 0000000000000000 0000000000000000 0000000000000000 0000000000180000 0000000000000001 0000000000000000 ffffffffff6851ec 0000000000000000 0000000000000000 0000000000000000 0000000000000000 0000000000000000 0000000000000000 0000000000000000 0000000000010000 0000000000000000 0000000000000000 0000000000000000 0000000000000000 0000000000000000 0000000000000000 0000000000000000 0000000000000000 0000000100000000 0000000000000000 0000000000000000 0000000000000000 0000000000000000 0000000000000000 0000000000000000 0000000000000000 0000000000000000 0000000000000000 0000000000000002 0000000000000000 0000000000000000 0000000000000000 0000000080000000 0000000080000000 0000000080000000 0000000000800000 0000000000800000 0000000000800000 0000000000000000
0000000000000157 0000000000000001 0000000000000007 0000000000000000 0000000000000000 0000000000000000 0000000000000000 0000000000000000 0000000000000000 0000000000000000 0000000000180000 0000000000000001 0000000000000000 0000000000000000 0000000000000000 0000000000000000 0000000000000000 0000000000000000 0000000000000000 0000000000000000 0000000000000000 0000000000010000 0000000000000000 0000000000000000 0000000000000000 0000000000000000 0000000000000000 0000000000000000 0000000000000000 0000000000000000 0000000100000000 0000000000000000 0000000000000000 0000000000000000 0000000000000000 0000000000000000 0000000000000000 0000000000000000 0000000000000000 0000000000000000 0000000000000002 0000000000000000 0000000000000000 0000000000000000 0000000080000000 0000000080000000 0000000080000000 0000000000800000 0000000000800000 0000000000800000 0000000000000000
0000000000000158 0000000000000001 0000000000000008 0000000000000000 0000000000006eda ffffffffffff9126 0000000000000000 0000000000000000 0000000000000000 0000000000000000 0000000000180000 0000000000000000 0000000000000000 0000000000000000 0000000000000000 0000000000000000 0000000000000000 0000000000000000 0000000000000000 0000000000008000 0000000000000000 0000000000010000 0000000000000000 0000000000008000 0000000000000000 fffffffffba33333 0000000000000000 fffffffffba33333 0000000000000000 fffffffffffdd19a 0000000100000000 0000000000000000 0000000000000000 0000000000000000 ffffffffff6851ec 0000000000000000 0000000000000000 0000000000000000 0000000000000000 fffffffffffdd19a 0000000000000006 0000000000000000 0000000014261ccd 0000000014261ccd 000000006bd9e333 0000000080000000 0000000094261ccd 0000000000800000 000000000094261d 00000000006bd9e3 0000000000000000
0000000000000159 0000000000000001 0000000000000009 0000000000000000 0000000000000000 0000000000000000 0000000000000000 0000000000000000 0000000000000000 0000000000000000 0000000000180000 0000000000000001 0000000000000000 0000000000000000 ffffffffff6851ec 0000000000000000 0000000000000000 0000000000000000 0000000000000000 0000000000000000 0000000000000000 0000000000010000 0000000000000000 0000000000000000 0000000000000000 0000000000000000 0000000000000000 0000000000000000 0000000000000000 0000000000000000 0000000100000000 0000000000000000 0000000000000000 0000000000000000 0000000000000000 0000000000000000 0000000000000000 0000000000000000 0000000000000000 0000000000000000 0000000000000002 0000000000000000 0000000000000000 0000000000000000 0000000080000000 0000000080000000 0000000080000000 0000000000800000 0000000000800000 0000000000800000 0000000000000000
000000000000015a 0000000000000001 000000000000000a 0000000000000000 0000000000000000 0000000000000000 0000000000000000 0000000000000000 0000000000000000 0000000000000000 0000000000180000 0000000000000001 0000000000000000 0000000000000000 0000000000000000 0000000000000000 0000000000000000 0000000000000000 0000000000000000 0000000000000000 0000000000000000 0000000000010000 0000000000000000 0000000000000000 0000000000000000 0000000000000000 0000000000000000 0000000000000000 0000000000000000 0000000000000000 0000000100000000 0000000000000000 0000000000000000 0000000000000000 0000000000000000 0000000000000000 0000000000000000 0000000000000000 0000000000000000 0000000000000000 0000000000000002 0000000000000000 0000000000000000 0000000000000000 0000000080000000 0000000080000000 0000000080000000 0000000000800000 0000000000800000 0000000000800000 0000000000000000
000000000000015b 0000000000000001 000000000000000b 0000000000008000 0000000000008000 0000000000008000 0000000000000000 0000000000000000 0000000000000000 0000000000000000 0000000000180000 0000000000000000 0000000000000000 0000000000000000 0000000000000000 0000000000000000 0000000000000000 0000000000000000 0000000000000000 0000000000000000 0000000000000000 0000000000010000 0000000000000000 0000000000000000 0000000000000000 0000000000000000 0000000000000000 0000000000000000 0000000000000000 0000000000000000 0000000100000000 0000000000000000 0000000000000000 0000000000000000 0000000000000000 0000000000000000 0000000000000000 0000000000000000 0000000000000000 0000000000000000 0000000000000002 0000000000000000 0000000000000000 0000000000000000 0000000080000000 0000000080000000 0000000080000000 0000000000800000 0000000000800000 0000000000800000 0000000000000000
000000000000015c 0000000000000001 000000000000000c 0000000000000000 0000000000000000 0000000000000000 0000000000000000 0000000000000000 0000000000000000 0000000000000000 0000000000180000 0000000000000001 0000000000000000 0000000000000000 0000000000000000 0000000000000000 0000000000000000 0000000000000000 0000000000000000 0000000000000000 0000000000000000 0000000000010000 0000000000000000 0000000000000000 0000000000000000 0000000000000000 0000000000000000 0000000000000000 0000000000000000 0000000000000000 0000000100000000 0000000000000000 0000000000000000 0000000000000000 0000000000000000 0000000000000000 0000000000000000 0000000000000000 0000000000000000 0000000000000000 0000000000000002 0000000000000000 0000000000000000 0000000000000000 0000000080000000 0000000080000000 0000000080000000 0000000000800000 0000000000800000 0000000000800000 0000000000000000
000000000000015d 0000000000000001 000000000000000d 0000000000000000 0000000000000000 0000000000000000 0000000000000000 0000000000000000 0000000000000000 0000000000000000 0000000000180000 0000000000000001 0000000000000000 0000000000000000 0000000000000000 0000000000000000 0000000000000000 0000000000000000 0000000000000000 0000000000000000 0000000000000000 0000000000010000 0000000000000000 0000000000000000 0000000000000000 0000000000000000 0000000000000000 0000000000000000 0000000000000000 0000000000000000 0000000100000000 0000000000000000 0000000000000000 0000000000000000 0000000000000000 0000000000000000 0000000000000000 0000000000000000 0000000000000000 0000000000000000 0000000000000002 0000000000000000 0000000000000000 0000000000000000 0000000080000000 0000000080000000 0000000080000000 0000000000800000 0000000000800000 0000000000800000 0000000000000000
000000000000015e 0000000000000001 000000000000000e 000000000000199a ffffffffffffd99a 0000000000000ccd 0000000000000000 0000000000000000 0000000000003333 ffffffffffffe666 0000000000180000 0000000000000000 0000000000000000 0000000000000000 0000000000000000 0000000000000000 0000000000000000 0000000000000000 000000000000199a ffffffffffffe271 0000000000000000 0000000000010000 000000000000199a ffffffffffffe271 0000000000df56ed 000000000022866d 0000000000df56ed 000000000022866d 0000000000006fab 0000000000001143 0000000100000000 0000000000000000 0000000000000000 00000000001e554e 000000000004b068 0000000000000000 0000000000000000 0000000000000000 0000000000006fab 0000000000001143 0000000000000003 0000000000000000 00000000065b3c39 00000000013eec44 000000007c32ebc2 00000000828e27fb 0000000083cd143f 00000000007c32ec 0000000000828e28 000000000083cd14 0000000000000000
000000000000015f 0000000000000001 000000000000000f 0000000000000000 0000000000000000 0000000000000000 0000000000000000 0000000000000000 0000000000000000 0000000000000000 0000000000180000 0000000000000001 0000000000000000 00000000001e554e 000000000004b068 0000000000000000 0000000000000000 0000000000000000 0000000000000000 0000000000000000 0000000000000000 0000000000010000 0000000000000000 0000000000000000 0000000000000000 0000000000000000 0000000000000000 0000000000000000 0000000000000000 0000000000000000 0000000100000000 0000000000000000 0000000000000000 0000000000000000 0000000000000000 0000000000000000 0000000000000000 0000000000000000 0000000000000000 0000000000000000 0000000000000002 0000000000000000 0000000000000000 0000000000000000 0000000080000000 0000000080000000 0000000080000000 0000000000800000 0000000000800000 0000000000800000 0000000000000000
0000000000000160 0000000000000001 0000000000000010 0000000000000000 0000000000000000 0000000000000000 0000000000000000 0000000000000000 0000000000000000 0000000000000000 0000000000180000 0000000000000001 0000000000000000 0000000000000000 0000000000000000 0000000000000000 0000000000000000 0000000000000000 0000000000000000 0000000000000000 0000000000000000 0000000000010000 0000000000000000 0000000000000000 0000000000000000 0000000000000000 0000000000000000 0000000000000000 0000000000000000 0000000000000000 0000000100000000 0000000000000000 0000000000000000 0000000000000000 0000000000000000 0000000000000000 0000000000000000 0000000000000000 0000000000000000 0000000000000000 0000000000000002 0000000000000000 0000000000000000 0000000000000000 0000000080000000 0000000080000000 0000000080000000 0000000000800000 0000000000800000 0000000000800000 0000000000000000
0000000000000161 0000000000000001 0000000000000011 000000000000199a ffffffffffffd99a 0000000000000ccd 0000000000004000 0000000000000000 0000000000003333 ffffffffffffe666 0000000000180000 0000000000000000 0000000000000000 0000000000000000 0000000000000000 0000000000000000 0000000000000000 0000000000000000 000000000000199a ffffffffffffe271 0000000000010000 0000000000000000 ffffffffffffe271 ffffffffffffe666 0000000002c09ca7 0000000000000000 0000000002c09ca7 0000000000000000 000000000001604e 0000000000000000 0000000100000000 0000000000000000 0000000000000000 00000000005fb2b0 0000000000000000 0000000000000000 0000000000000000 0000000000000000 0000000000000000 000000000001604e 0000000000000001 0000000000000000 000000000cb65b18 000000000cb65b18 000000007349a4e8 0000000080000000 000000008cb65b18 0000000000800000 00000000007349a5 00000000008cb65b 0000000000000000
0000000000000162 0000000000000001 0000000000000012 0000000000000000 0000000000000000 0000000000000000 0000000000000000 0000000000000000 0000000000000000 0000000000000000 0000000000180000 0000000000000001 0000000000000000 00000000005fb2b0 0000000000000000 0000000000000000 0000000000000000 0000000000000000 0000000000000000 0000000000000000 0000000000000000 0000000000010000 0000000000000000 0000000000000000 0000000000000000 0000000000000000 0000000000000000 0000000000000000 0000000000000000 0000000000000000 0000000100000000 0000000000000000 0000000000000000 0000000000000000 0000000000000000 0000000000000000 0000000000000000 0000000000000000 0000000000000000 0000000000000000 0000000000000002 0000000000000000 0000000000000000 0000000000000000 0000000080000000 0000000080000000 0000000080000000 0000000000800000 0000000000800000 0000000000800000 0000000000000000
0000000000000163 0000000000000001 0000000000000013 0000000000000000 0000000000000000 0000000000000000 0000000000000000 0000000000000000 0000000000000000 0000000000000000 0000000000180000 0000000000000001 0000000000000000 0000000000000000 0000000000000000 0000000000000000 0000000000000000 0000000000000000 0000000000000000 0000000000000000 0000000000000000 0000000000010000 0000000000000000 0000000000000000 0000000000000000 0000000000000000 0000000000000000 0000000000000000 0000000000000000 0000000000000000 0000000100000000 0000000000000000 0000000000000000 0000000000000000 0000000000000000 0000000000000000 0000000000000000 0000000000000000 0000000000000000 0000000000000000 0000000000000002 0000000000000000 0000000000000000 0000000000000000 0000000080000000 0000000080000000 0000000080000000 0000000000800000 0000000000800000 0000000000800000 0000000000000000
0000000000000164 0000000000000001 0000000000000014 000000000000199a ffffffffffffd99a 0000000000000ccd 0000000000008000 0000000000000000 0000000000003333 ffffffffffffe666 0000000000180000 0000000000000000 0000000000000000 0000000000000000 0000000000000000 0000000000000000 0000000000000000 0000000000000000 000000000000199a ffffffffffffe271 0000000000000000 ffffffffffff0000 ffffffffffffe666 0000000000001d8f 00000000029e163a fffffffffe1eba46 00000000029e163a fffffffffe1eba46 0000000000014f0b ffffffffffff0f5d 0000000100000000 0000000000000000 0000000000000000 00000000005b0249 ffffffffffbea29e 0000000000000000 0000000000000000 0000000000000000 fffffffffffeb0f5 000000000000f0a3 0000000000000005 0000000000000000 00000000115df09a 000000000c41d88e 0000000071301b6c 00000000828e0c06 000000008ecfe494 00000000008ecfe5 000000000071301b 0000000000828e0c 0000000000000000
0000000000000165 0000000000000001 0000000000000015 0000000000000000 0000000000000000 0000000000000000 0000000000000000 0000000000000000 0000000000000000 0000000000000000 0000000000180000 0000000000000001 0000000000000000 00000000005b0249 ffffffffffbea29e 0000000000000000 0000000000000000 0000000000000000 0000000000000000 0000000000000000 0000000000000000 0000000000010000 0000000000000000 0000000000000000 0000000000000000 0000000000000000 0000000000000000 0000000000000000 0000000000000000 0000000000000000 0000000100000000 0000000000000000 0000000000000000 0000000000000000 0000000000000000 0000000000000000 0000000000000000 0000000000000000 0000000000000000 0000000000000000 0000000000000002 0000000000000000 0000000000000000 0000000000000000 0000000080000000 0000000080000000 0000000080000000 0000000000800000 0000000000800000 0000000000800000 0000000000000000
0000000000000166 0000000000000001 0000000000000016 0000000000000000 0000000000000000 0000000000000000 0000000000000000 0000000000000000 0000000000000000 0000000000000000 0000000000180000 0000000000000001 0000000000000000 0000000000000000 0000000000000000 0000000000000000 0000000000000000 0000000000000000 0000000000000000 0000000000000000 0000000000000000 0000000000010000 0000000000000000 0000000000000000 0000000000000000 0000000000000000 0000000000000000 0000000000000000 0000000000000000 0000000000000000 0000000100000000 0000000000000000 0000000000000000 0000000000000000 0000000000000000 0000000000000000 0000000000000000 0000000000000000 0000000000000000 0000000000000000 0000000000000002 0000000000000000 0000000000000000 0000000000000000 0000000080000000 0000000080000000 0000000080000000 0000000000800000 0000000000800000 0000000000800000 0000000000000000
0000000000000167 0000000000000001 0000000000000017 000000000000199a ffffffffffffd99a 0000000000000ccd 000000000000c000 0000000000000000 0000000000003333 ffffffffffffe666 0000000000180000 0000000000000000 0000000000000000 0000000000000000 0000000000000000 0000000000000000 0000000000000000 0000000000000000 000000000000199a ffffffffffffe271 ffffffffffff0000 0000000000000000 0000000000001d8f 000000000000199a 0000000000bcd080 fffffffffe4140b3 0000000000bcd080 fffffffffe4140b3 0000000000005e68 ffffffffffff20a0 0000000100000000 0000000000000000 0000000000000000 000000000019a4e6 ffffffffffc35305 0000000000000000 0000000000000000 0000000000000000 ffffffffffff20a0 ffffffffffffa198 0000000000000004 0000000000000000 0000000006d03986 000000000a8df021 000000007750eb2d 000000007e2124b3 0000000088af14d4 000000000088af15 00000000007e2125 00000000007750eb 0000000000000000
0000000000000168 0000000000000001 0000000000000018 0000000000000000 0000000000000000 0000000000000000 0000000000000000 0000000000000000 0000000000000000 0000000000000000 0000000000180000 0000000000000001 0000000000000000 000000000019a4e6 ffffffffffc35305 0000000000000000 0000000000000000 0000000000000000 0000000000000000 0000000000000000 0000000000000000 0000000000010000 0000000000000000 0000000000000000 0000000000000000 0000000000000000 0000000000000000 0000000000000000 0000000000000000 0000000000000000 0000000100000000 0000000000000000 0000000000000000 0000000000000000 0000000000000000 0000000000000000 0000000000000000 0000000000000000 0000000000000000 0000000000000000 0000000000000002 0000000000000000 0000000000000000 0000000000000000 0000000080000000 0000000080000000 0000000080000000 0000000000800000 0000000000800000 0000000000800000 0000000000000000
0000000000000169 0000000000000001 0000000000000019 0000000000000000 0000000000000000 0000000000000000 0000000000000000 0000000000000000 0000000000000000 0000000000000000 0000000000180000 0000000000000001 0000000000000000 0000000000000000 0000000000000000 0000000000000000 0000000000000000 0000000000000000 0000000000000000 0000000000000000 0000000000000000 0000000000010000 0000000000000000 0000000000000000 0000000000000000 0000000000000000 0000000000000000 0000000000000000 0000000000000000 0000000000000000 0000000100000000 0000000000000000 0000000000000000 0000000000000000 0000000000000000 0000000000000000 0000000000000000 0000000000000000 0000000000000000 0000000000000000 0000000000000002 0000000000000000 0000000000000000 0000000000000000 0000000080000000 0000000080000000 0000000080000000 0000000000800000 0000000000800000 0000000000800000 0000000000000000
000000000000016a 0000000000000001 000000000000001a 000000000000199a ffffffffffffd99a 0000000000000ccd 0000000000000000 0000000000000000 0000000000003333 ffffffffffffe666 0000000000180000 0000000000000000 0000000000000000 0000000000000000 0000000000000000 0000000000000000 0000000000000000 0000000000000000 000000000000199a ffffffffffffe271 0000000000000000 0000000000010000 000000000000199a ffffffffffffe271 0000000000df56ed 000000000022866d 0000000000df56ed 000000000022866d 0000000000006fab 0000000000001143 0000000100000000 0000000000000000 0000000000000000 00000000001e554e 000000000004b068 0000000000000000 0000000000000000 0000000000000000 0000000000006fab 0000000000001143 0000000000000003 0000000000000000 00000000065b3c39 00000000013eec44 000000007c32ebc2 00000000828e27fb 0000000083cd143f 00000000007c32ec 0000000000828e28 000000000083cd14 0000000000000000
000000000000016b 0000000000000001 000000000000001b 0000000000000000 0000000000000000 0000000000000000 0000000000000000 0000000000000000 0000000000000000 0000000000000000 0000000000180000 0000000000000001 0000000000000000 00000000001e554e 000000000004b068 0000000000000000 0000000000000000 0000000000000000 0000000000000000 0000000000000000 0000000000000000 0000000000010000 0000000000000000 0000000000000000 0000000000000000 0000000000000000 0000000000000000 0000000000000000 0000000000000000 0000000000000000 0000000100000000 0000000000000000 0000000000000000 0000000000000000 0000000000000000 0000000000000000 0000000000000000 0000000000000000 0000000000000000 0000000000000000 0000000000000002 0000000000000000 0000000000000000 0000000000000000 0000000080000000 0000000080000000 0000000080000000 0000000000800000 0000000000800000 0000000000800000 0000000000000000
000000000000016c 0000000000000001 000000000000001c 0000000000000000 0000000000000000 0000000000000000 0000000000000000 0000000000000000 0000000000000000 0000000000000000 0000000000180000 0000000000000001 0000000000000000 0000000000000000 0000000000000000 0000000000000000 0000000000000000 0000000000000000 0000000000000000 0000000000000000 0000000000000000 0000000000010000 0000000000000000 0000000000000000 0000000000000000 0000000000000000 0000000000000000 0000000000000000 0000000000000000 0000000000000000 0000000100000000 0000000000000000 0000000000000000 0000000000000000 0000000000000000 0000000000000000 0000000000000000 0000000000000000 0000000000000000 0000000000000000 0000000000000002 0000000000000000 0000000000000000 0000000000000000 0000000080000000 0000000080000000 0000000080000000 0000000000800000 0000000000800000 0000000000800000 0000000000000000
000000000000016d 0000000000000001 000000000000001d 0000000000000000 0000000000000000 0000000000000000 0000000000000000 0000000000000000 0000000000007ba3 0000000000002121 0000000000180000 0000000000000000 0000000000000000 0000000000000000 0000000000000000 0000000000000000 0000000000000000 0000000000000000 0000000000000000 0000000000000000 0000000000000000 0000000000010000 0000000000000000 0000000000000000 000000000436bafa 0000000001210cba 000000000436bafa 0000000001210cba 0000000000021b5d 0000000000009086 0000000100000000 0000000000000000 0000000000000000 000000000092826f 00000000002741fc 0000000000000000 0000000000000000 0000000000000000 0000000000021b5d 0000000000009086 0000000000000003 0000000000000000 000000001c7ecd24 000000000a6e2d2f 000000006c8982d7 0000000089084ffb 0000000093767d2a 00000000006c8983 0000000000890850 000000000093767d 0000000000000000
000000000000016e 0000000000000001 000000000000001e 0000000000000000 0000000000000000 0000000000000000 0000000000000000 0000000000000000 0000000000000000 0000000000000000 0000000000180000 0000000000000001 0000000000000000 000000000092826f 00000000002741fc 0000000000000000 0000000000000000 0000000000000000 0000000000000000 0000000000000000 0000000000000000 0000000000010000 0000000000000000 0000000000000000 0000000000000000 0000000000000000 0000000000000000 0000000000000000 0000000000000000 0000000000000000 0000000100000000 0000000000000000 0000000000000000 0000000000000000 0000000000000000 0000000000000000 0000000000000000 0000000000000000 0000000000000000 0000000000000000 0000000000000002 0000000000000000 0000000000000000 0000000000000000 0000000080000000 0000000080000000 0000000080000000 0000000000800000 0000000000800000 0000000000800000 0000000000000000
000000000000016f 0000000000000001 000000000000001f 0000000000000000 0000000000000000 0000000000000000 0000000000000000 0000000000000000 0000000000000000 0000000000000000 0000000000180000 0000000000000001 0000000000000000 0000000000000000 0000000000000000 0000000000000000 0000000000000000 0000000000000000 0000000000000000 0000000000000000 0000000000000000 0000000000010000 0000000000000000 0000000000000000 0000000000000000 0000000000000000 0000000000000000 0000000000000000 0000000000000000 0000000000000000 0000000100000000 0000000000000000 0000000000000000 0000000000000000 0000000000000000 0000000000000000 0000000000000000 0000000000000000 0000000000000000 0000000000000000 0000000000000002 0000000000000000 0000000000000000 0000000000000000 0000000080000000 0000000080000000 0000000080000000 0000000000800000 0000000000800000 0000000000800000 0000000000000000
0000000000000170 0000000000000001 0000000000000020 0000000000000000 0000000000000000 0000000000000000 0000000000000000 0000000000000000 0000000000002121 0000000000007ba3 0000000000180000 0000000000000000 0000000000000000 0000000000000000 0000000000000000 0000000000000000 0000000000000000 0000000000000000 0000000000000000 0000000000000000 0000000000000000 0000000000010000 0000000000000000 0000000000000000 0000000001210cba 000000000436bafa 0000000001210cba 000000000436bafa 0000000000009086 0000000000021b5d 0000000100000000 0000000000000000 0000000000000000 00000000002741fc 000000000092826f 0000000000000000 0000000000000000 0000000000000000 0000000000009086 0000000000021b5d 0000000000000001 0000000000000000 000000000a6de746 000000001c7ea746 000000006c89b8ba 0000000076f7a000 0000000093764746 000000000076f7a0 00000000006c89b9 0000000000937647 0000000000000000
0000000000000171 0000000000000001 0000000000000021 0000000000000000 0000000000000000 0000000000000000 0000000000000000 0000000000000000 0000000000000000 0000000000000000 0000000000180000 0000000000000001 0000000000000000 00000000002741fc 000000000092826f 0000000000000000 0000000000000000 0000000000000000 0000000000000000 0000000000000000 0000000000000000 0000000000010000 0000000000000000 0000000000000000 0000000000000000 0000000000000000 0000000000000000 0000000000000000 0000000000000000 0000000000000000 0000000100000000 0000000000000000 0000000000000000 0000000000000000 0000000000000000 0000000000000000 0000000000000000 0000000000000000 0000000000000000 0000000000000000 0000000000000002 0000000000000000 0000000000000000 0000000000000000 0000000080000000 0000000080000000 0000000080000000 0000000000800000 0000000000800000 0000000000800000 0000000000000000
0000000000000172 0000000000000001 0000000000000022 0000000000000000 0000000000000000 0000000000000000 0000000000000000 0000000000000000 0000000000000000 0000000000000000 0000000000180000 0000000000000001 0000000000000000 0000000000000000 0000000000000000 0000000000000000 0000000000000000 0000000000000000 0000000000000000 0000000000000000 0000000000000000 0000000000010000 0000000000000000 0000000000000000 0000000000000000 0000000000000000 0000000000000000 0000000000000000 0000000000000000 0000000000000000 0000000100000000 0000000000000000 0000000000000000 0000000000000000 0000000000000000 0000000000000000 0000000000000000 0000000000000000 0000000000000000 0000000000000000 0000000000000002 0000000000000000 0000000000000000 0000000000000000 0000000080000000 0000000080000000 0000000080000000 0000000000800000 0000000000800000 0000000000800000 0000000000000000
0000000000000173 0000000000000001 0000000000000023 0000000000000000 0000000000000000 0000000000000000 0000000000000000 0000000000000000 ffffffffffffa57e 0000000000005a82 0000000000180000 0000000000000000 0000000000000000 0000000000000000 0000000000000000 0000000000000000 0000000000000000 0000000000000000 0000000000000000 0000000000000000 0000000000000000 0000000000010000 0000000000000000 0000000000000000 fffffffffcea51c0 000000000315ae40 fffffffffcea51c0 000000000315ae40 fffffffffffe7529 0000000000018ad7 0000000100000000 0000000000000000 0000000000000000 ffffffffff94bf8d 00000000006b4073 0000000000000000 0000000000000000 0000000000000000 fffffffffffe7529 0000000000018ad7 0000000000000005 0000000000000000 000000001c7ef4a6 000000000a6e2b96 000000006c896fe2 0000000089086488 000000009376901e 0000000000937690 00000000006c8970 0000000000890865 0000000000000000
0000000000000174 0000000000000001 0000000000000024 0000000000000000 0000000000000000 0000000000000000 0000000000000000 0000000000000000 0000000000000000 0000000000000000 0000000000180000 0000000000000001 0000000000000000 ffffffffff94bf8d 00000000006b4073 0000000000000000 0000000000000000 0000000000000000 0000000000000000 0000000000000000 0000000000000000 0000000000010000 0000000000000000 0000000000000000 0000000000000000 0000000000000000 0000000000000000 0000000000000000 0000000000000000 0000000000000000 0000000100000000 0000000000000000 0000000000000000 0000000000000000 0000000000000000 0000000000000000 0000000000000000 0000000000000000 0000000000000000 0000000000000000 0000000000000002 0000000000000000 0000000000000000 0000000000000000 0000000080000000 0000000080000000 0000000080000000 0000000000800000 0000000000800000 0000000000800000 0000000000000000
0000000000000175 0000000000000001 0000000000000025 0000000000000000 0000000000000000 0000000000000000 0000000000000000 0000000000000000 0000000000000000 0000000000000000 0000000000180000 0000000000000001 0000000000000000 0000000000000000 0000000000000000 0000000000000000 0000000000000000 0000000000000000 0000000000000000 0000000000000000 0000000000000000 0000000000010000 0000000000000000 0000000000000000 0000000000000000 0000000000000000 0000000000000000 0000000000000000 0000000000000000 0000000000000000 0000000100000000 0000000000000000 0000000000000000 0000000000000000 0000000000000000 0000000000000000 0000000000000000 0000000000000000 0000000000000000 0000000000000000 0000000000000002 0000000000000000 0000000000000000 0000000000000000 0000000080000000 0000000080000000 0000000080000000 0000000000800000 0000000000800000 0000000000800000 0000000000000000
0000000000000176 0000000000000001 0000000000000026 0000000000000000 0000000000000000 0000000000000000 0000000000000000 0000000000000000 ffffffffffff845d ffffffffffffdedf 0000000000180000 0000000000000000 0000000000000000 0000000000000000 0000000000000000 0000000000000000 0000000000000000 0000000000000000 0000000000000000 0000000000000000 0000000000000000 0000000000010000 0000000000000000 0000000000000000 fffffffffbc94506 fffffffffedef346 fffffffffbc94506 fffffffffedef346 fffffffffffde4a3 ffffffffffff6f7a 0000000100000000 0000000000000000 0000000000000000 ffffffffff6d7d91 ffffffffffd8be04 0000000000000000 0000000000000000 0000000000000000 fffffffffffde4a3 ffffffffffff6f7a 0000000000000004 0000000000000000 000000000a6e2d2f 000000001c7ecd24 000000006c8982d7 0000000076f7b006 0000000093767d2a 000000000093767d 000000000076f7b0 00000000006c8983 0000000000000000
0000000000000177 0000000000000001 0000000000000027 0000000000000000 0000000000000000 0000000000000000 0000000000000000 0000000000000000 0000000000000000 0000000000000000 0000000000180000 0000000000000001 0000000000000000 ffffffffff6d7d91 ffffffffffd8be04 0000000000000000 0000000000000000 0000000000000000 0000000000000000 0000000000000000 0000000000000000 0000000000010000 0000000000000000 0000000000000000 0000000000000000 0000000000000000 0000000000000000 0000000000000000 0000000000000000 0000000000000000 0000000100000000 0000000000000000 0000000000000000 0000000000000000 0000000000000000 0000000000000000 0000000000000000 0000000000000000 0000000000000000 0000000000000000 0000000000000002 0000000000000000 0000000000000000 0000000000000000 0000000080000000 0000000080000000 0000000080000000 0000000000800000 0000000000800000 0000000000800000 0000000000000000
0000000000000178 0000000000000001 0000000000000028 0000000000000000 0000000000000000 0000000000000000 0000000000000000 0000000000000000 0000000000000000 0000000000000000 0000000000180000 0000000000000001 0000000000000000 0000000000000000 0000000000000000 0000000000000000 0000000000000000 0000000000000000 0000000000000000 0000000000000000 0000000000000000 0000000000010000 0000000000000000 0000000000000000 0000000000000000 0000000000000000 0000000000000000 0000000000000000 0000000000000000 0000000000000000 0000000100000000 0000000000000000 0000000000000000 0000000000000000 0000000000000000 0000000000000000 0000000000000000 0000000000000000 0000000000000000 0000000000000000 0000000000000002 0000000000000000 0000000000000000 0000000000000000 0000000080000000 0000000080000000 0000000080000000 0000000000800000 0000000000800000 0000000000800000 0000000000000000
0000000000000179 0000000000000001 0000000000000029 0000000000000000 0000000000000000 0000000000000000 0000000000000000 0000000000000000 ffffffffffffdedf ffffffffffff845d 0000000000180000 0000000000000000 0000000000000000 0000000000000000 0000000000000000 0000000000000000 0000000000000000 0000000000000000 0000000000000000 0000000000000000 0000000000000000 0000000000010000 0000000000000000 0000000000000000 fffffffffedef346 fffffffffbc94506 fffffffffedef346 fffffffffbc94506 ffffffffffff6f7a fffffffffffde4a3 0000000100000000 0000000000000000 0000000000000000 ffffffffffd8be04 ffffffffff6d7d91 0000000000000000 0000000000000000 0000000000000000 ffffffffffff6f7a fffffffffffde4a3 0000000000000006 0000000000000000 000000001c7ea746 000000000a6de746 000000006c89b8ba 0000000089086000 0000000093764746 0000000000890860 0000000000937647 00000000006c89b9 0000000000000000
000000000000017a 0000000000000001 000000000000002a 0000000000000000 0000000000000000 0000000000000000 0000000000000000 0000000000000000 0000000000000000 0000000000000000 0000000000180000 0000000000000001 0000000000000000 ffffffffffd8be04 ffffffffff6d7d91 0000000000000000 0000000000000000 0000000000000000 0000000000000000 0000000000000000 0000000000000000 0000000000010000 0000000000000000 0000000000000000 0000000000000000 0000000000000000 0000000000000000 0000000000000000 0000000000000000 0000000000000000 0000000100000000 0000000000000000 0000000000000000 0000000000000000 0000000000000000 0000000000000000 0000000000000000 0000000000000000 0000000000000000 0000000000000000 0000000000000002 0000000000000000 0000000000000000 0000000000000000 0000000080000000 0000000080000000 0000000080000000 0000000000800000 0000000000800000 0000000000800000 0000000000000000
000000000000017b 0000000000000001 000000000000002b 0000000000000000 0000000000000000 0000000000000000 0000000000000000 0000000000000000 0000000000000000 0000000000000000 0000000000180000 0000000000000001 0000000000000000 0000000000000000 0000000000000000 0000000000000000 0000000000000000 0000000000000000 0000000000000000 0000000000000000 0000000000000000 0000000000010000 0000000000000000 0000000000000000 0000000000000000 0000000000000000 0000000000000000 0000000000000000 0000000000000000 0000000000000000 0000000100000000 0000000000000000 0000000000000000 0000000000000000 0000000000000000 0000000000000000 0000000000000000 0000000000000000 0000000000000000 0000000000000000 0000000000000002 0000000000000000 0000000000000000 0000000000000000 0000000080000000 0000000080000000 0000000080000000 0000000000800000 0000000000800000 0000000000800000 0000000000000000
000000000000017c 0000000000000001 000000000000002c 0000000000000000 0000000000000000 0000000000000000 0000000000000000 0000000000000000 0000000000005a82 ffffffffffffa57e 0000000000180000 0000000000000000 0000000000000000 0000000000000000 0000000000000000 0000000000000000 0000000000000000 0000000000000000 0000000000000000 0000000000000000 0000000000000000 0000000000010000 0000000000000000 0000000000000000 000000000315ae40 fffffffffcea51c0 000000000315ae40 fffffffffcea51c0 0000000000018ad7 fffffffffffe7529 0000000100000000 0000000000000000 0000000000000000 00000000006b4073 ffffffffff94bf8d 0000000000000000 0000000000000000 0000000000000000 0000000000018ad7 fffffffffffe7529 0000000000000002 0000000000000000 000000000a6e2b96 000000001c7ef4a6 000000006c896fe2 0000000076f79b78 000000009376901e 00000000006c8970 0000000000937690 000000000076f79b 0000000000000000
000000000000017d 0000000000000001 000000000000002d 0000000000000000 0000000000000000 0000000000000000 0000000000000000 0000000000000000 0000000000000000 0000000000000000 0000000000180000 0000000000000001 0000000000000000 00000000006b4073 ffffffffff94bf8d 0000000000000000 0000000000000000 0000000000000000 0000000000000000 0000000000000000 0000000000000000 0000000000010000 0000000000000000 0000000000000000 0000000000000000 0000000000000000 0000000000000000 0000000000000000 0000000000000000 0000000000000000 0000000100000000 0000000000000000 0000000000000000 0000000000000000 0000000000000000 0000000000000000 0000000000000000 0000000000000000 0000000000000000 0000000000000000 0000000000000002 0000000000000000 0000000000000000 0000000000000000 0000000080000000 0000000080000000 0000000080000000 0000000000800000 0000000000800000 0000000000800000 0000000000000000
000000000000017e 0000000000000001 000000000000002e 0000000000000000 0000000000000000 0000000000000000 0000000000000000 0000000000000000 0000000000000000 0000000000000000 0000000000180000 0000000000000001 0000000000000000 0000000000000000 0000000000000000 0000000000000000 0000000000000000 0000000000000000 0000000000000000 0000000000000000 0000000000000000 0000000000010000 0000000000000000 0000000000000000 0000000000000000 0000000000000000 0000000000000000 0000000000000000 0000000000000000 0000000000000000 0000000100000000 0000000000000000 0000000000000000 0000000000000000 0000000000000000 0000000000000000 0000000000000000 0000000000000000 0000000000000000 0000000000000000 0000000000000002 0000000000000000 0000000000000000 0000000000000000 0000000080000000 0000000080000000 0000000080000000 0000000000800000 0000000000800000 0000000000800000 0000000000000000
000000000000017f 0000000000000001 000000000000002f 0000000000000000 0000000000000000 0000000000000000 0000000000000000 0000000000000000 0000000000008000 0000000000000000 0000000000180000 0000000000000000 0000000000000000 0000000000000000 0000000000000000 0000000000000000 0000000000000000 0000000000000000 0000000000000000 0000000000000000 0000000000000000 0000000000010000 0000000000000000 0000000000000000 00000000045ccccd 0000000000000000 00000000045ccccd 0000000000000000 0000000000022e66 0000000000000000 0000000100000000 0000000000000000 0000000000000000 000000000097ae14 0000000000000000 0000000000000000 0000000000000000 0000000000000000 0000000000022e66 0000000000000000 0000000000000002 0000000000000000 0000000022e66000 0000000000000000 000000006e8cd000 0000000091733000 0000000091733000 00000000006e8cd0 0000000000917330 0000000000917330 0000000000000000
0000000000000180 0000000000000001 0000000000000030 0000000000000000 0000000000000000 0000000000000000 0000000000000000 0000000000000000 0000000000000000 0000000000000000 0000000000180000 0000000000000001 0000000000000000 000000000097ae14 0000000000000000 0000000000000000 0000000000000000 0000000000000000 0000000000000000 0000000000000000 0000000000000000 0000000000010000 0000000000000000 0000000000000000 0000000000000000 0000000000000000 0000000000000000 0000000000000000 0000000000000000 0000000000000000 0000000100000000 0000000000000000 0000000000000000 0000000000000000 0000000000000000 0000000000000000 0000000000000000 0000000000000000 0000000000000000 0000000000000000 0000000000000002 0000000000000000 0000000000000000 0000000000000000 0000000080000000 0000000080000000 0000000080000000 0000000000800000 0000000000800000 0000000000800000 0000000000000000
0000000000000181 0000000000000001 0000000000000031 0000000000000000 0000000000000000 0000000000000000 0000000000000000 0000000000000000 0000000000000000 0000000000000000 0000000000180000 0000000000000001 0000000000000000 0000000000000000 0000000000000000 0000000000000000 0000000000000000 0000000000000000 0000000000000000 0000000000000000 0000000000000000 0000000000010000 0000000000000000 0000000000000000 0000000000000000 0000000000000000 0000000000000000 0000000000000000 0000000000000000 0000000000000000 0000000100000000 0000000000000000 0000000000000000 0000000000000000 0000000000000000 0000000000000000 0000000000000000 0000000000000000 0000000000000000 0000000000000000 0000000000000002 0000000000000000 0000000000000000 0000000000000000 0000000080000000 0000000080000000 0000000080000000 0000000000800000 0000000000800000 0000000000800000 0000000000000000
0000000000000182 0000000000000001 0000000000000032 0000000000000000 0000000000000000 0000000000000000 0000000000000000 0000000000000000 0000000000008000 000000000000ddb2 0000000000180000 0000000000000000 0000000000000000 0000000000000000 0000000000000000 0000000000000000 0000000000000000 0000000000000000 0000000000000000 0000000000000000 0000000000000000 0000000000010000 0000000000000000 0000000000000000 00000000045ccccd 00000000078e4aa7 00000000045ccccd 00000000078e4aa7 0000000000022e66 000000000003c725 0000000100000000 0000000000000000 0000000000000000 000000000097ae14 000000000106b57d 0000000000000000 0000000000000000 0000000000000000 0000000000022e66 000000000003c725 0000000000000003 0000000000000000 00000000000089e1 0000000045ccb457 000000005d1960e4 000000005d19eac5 00000000a2e69f1c 00000000005d1961 00000000005d19eb 0000000000a2e69f 0000000000000000
0000000000000183 0000000000000001 0000000000000033 0000000000000000 0000000000000000 0000000000000000 0000000000000000 0000000000000000 0000000000000000 0000000000000000 0000000000180000 0000000000000001 0000000000000000 000000000097ae14 000000000106b57d 0000000000000000 0000000000000000 0000000000000000 0000000000000000 0000000000000000 0000000000000000 0000000000010000 0000000000000000 0000000000000000 0000000000000000 0000000000000000 0000000000000000 0000000000000000 0000000000000000 0000000000000000 0000000100000000 0000000000000000 0000000000000000 0000000000000000 0000000000000000 0000000000000000 0000000000000000 0000000000000000 0000000000000000 0000000000000000 0000000000000002 0000000000000000 0000000000000000 0000000000000000 0000000080000000 0000000080000000 0000000080000000 0000000000800000 0000000000800000 0000000000800000 0000000000000000
0000000000000184 0000000000000001 0000000000000034 0000000000000000 0000000000000000 0000000000000000 0000000000000000 0000000000000000 0000000000000000 0000000000000000 0000000000180000 0000000000000001 0000000000000000 0000000000000000 0000000000000000 0000000000000000 0000000000000000 0000000000000000 0000000000000000 0000000000000000 0000000000000000 0000000000010000 0000000000000000 0000000000000000 0000000000000000 0000000000000000 0000000000000000 0000000000000000 0000000000000000 0000000000000000 0000000100000000 0000000000000000 0000000000000000 0000000000000000 0000000000000000 0000000000000000 0000000000000000 0000000000000000 0000000000000000 0000000000000000 0000000000000002 0000000000000000 0000000000000000 0000000000000000 0000000080000000 0000000080000000 0000000080000000 0000000000800000 0000000000800000 0000000000800000 0000000000000000
0000000000000185 0000000000000001 0000000000000035 0000000000000000 0000000000000000 0000000000000000 0000000000000000 0000000000000000 ffffffffffff8000 000000000000ddb2 0000000000180000 0000000000000000 0000000000000000 0000000000000000 0000000000000000 0000000000000000 0000000000000000 0000000000000000 0000000000000000 0000000000000000 0000000000000000 0000000000010000 0000000000000000 0000000000000000 fffffffffba33333 00000000078e4aa7 fffffffffba33333 00000000078e4aa7 fffffffffffdd19a 000000000003c725 0000000100000000 0000000000000000 0000000000000000 ffffffffff6851ec 000000000106b57d 0000000000000000 0000000000000000 0000000000000000 fffffffffffdd19a 000000000003c725 0000000000000005 0000000000000000 0000000045ccb457 00000000000089e1 000000005d1960e4 00000000a2e6153b 00000000a2e69f1c 0000000000a2e69f 00000000005d1961 0000000000a2e615 0000000000000000
0000000000000186 0000000000000001 0000000000000036 0000000000000000 0000000000000000 0000000000000000 0000000000000000 0000000000000000 0000000000000000 0000000000000000 0000000000180000 0000000000000001 0000000000000000 ffffffffff6851ec 000000000106b57d 0000000000000000 0000000000000000 0000000000000000 0000000000000000 0000000000000000 0000000000000000 0000000000010000 0000000000000000 0000000000000000 0000000000000000 0000000000000000 0000000000000000 0000000000000000 0000000000000000 0000000000000000 0000000100000000 0000000000000000 0000000000000000 0000000000000000 0000000000000000 0000000000000000 0000000000000000 0000000000000000 0000000000000000 0000000000000000 0000000000000002 0000000000000000 0000000000000000 0000000000000000 0000000080000000 0000000080000000 0000000080000000 0000000000800000 0000000000800000 0000000000800000 0000000000000000
0000000000000187 0000000000000001 0000000000000037 0000000000000000 0000000000000000 0000000000000000 0000000000000000 0000000000000000 0000000000000000 0000000000000000 0000000000180000 0000000000000001 0000000000000000 0000000000000000 0000000000000000 0000000000000000 0000000000000000 0000000000000000 0000000000000000 0000000000000000 0000000000000000 0000000000010000 0000000000000000 0000000000000000 0000000000000000 0000000000000000 0000000000000000 0000000000000000 0000000000000000 0000000000000000 0000000100000000 0000000000000000 0000000000000000 0000000000000000 0000000000000000 0000000000000000 0000000000000000 0000000000000000 0000000000000000 0000000000000000 0000000000000002 0000000000000000 0000000000000000 0000000000000000 0000000080000000 0000000080000000 0000000080000000 0000000000800000 0000000000800000 0000000000800000 0000000000000000
0000000000000188 0000000000000001 0000000000000038 0000000000000000 0000000000000000 0000000000000000 0000000000000000 0000000000000000 ffffffffffff8000 0000000000000000 0000000000180000 0000000000000000 0000000000000000 0000000000000000 0000000000000000 0000000000000000 0000000000000000 0000000000000000 0000000000000000 0000000000000000 0000000000000000 0000000000010000 0000000000000000 0000000000000000 fffffffffba33333 0000000000000000 fffffffffba33333 0000000000000000 fffffffffffdd19a 0000000000000000 0000000100000000 0000000000000000 0000000000000000 ffffffffff6851ec 0000000000000000 0000000000000000 0000000000000000 0000000000000000 fffffffffffdd19a 0000000000000000 0000000000000004 0000000000000000 0000000000000000 0000000022e66000 000000006e8cd000 000000006e8cd000 0000000091733000 0000000000917330 00000000006e8cd0 00000000006e8cd0 0000000000000000
0000000000000189 0000000000000001 0000000000000039 0000000000000000 0000000000000000 0000000000000000 0000000000000000 0000000000000000 0000000000000000 0000000000000000 0000000000180000 0000000000000001 0000000000000000 ffffffffff6851ec 0000000000000000 0000000000000000 0000000000000000 0000000000000000 0000000000000000 0000000000000000 0000000000000000 0000000000010000 0000000000000000 0000000000000000 0000000000000000 0000000000000000 0000000000000000 0000000000000000 0000000000000000 0000000000000000 0000000100000000 0000000000000000 0000000000000000 0000000000000000 0000000000000000 0000000000000000 0000000000000000 0000000000000000 0000000000000000 0000000000000000 0000000000000002 0000000000000000 0000000000000000 0000000000000000 0000000080000000 0000000080000000 0000000080000000 0000000000800000 0000000000800000 0000000000800000 0000000000000000
000000000000018a 0000000000000001 000000000000003a 0000000000000000 0000000000000000 0000000000000000 0000000000000000 0000000000000000 0000000000000000 0000000000000000 0000000000180000 0000000000000001 0000000000000000 0000000000000000 0000000000000000 0000000000000000 0000000000000000 0000000000000000 0000000000000000 0000000000000000 0000000000000000 0000000000010000 0000000000000000 0000000000000000 0000000000000000 0000000000000000 0000000000000000 0000000000000000 0000000000000000 0000000000000000 0000000100000000 0000000000000000 0000000000000000 0000000000000000 0000000000000000 0000000000000000 0000000000000000 0000000000000000 0000000000000000 0000000000000000 0000000000000002 0000000000000000 0000000000000000 0000000000000000 0000000080000000 0000000080000000 0000000080000000 0000000000800000 0000000000800000 0000000000800000 0000000000000000
000000000000018b 0000000000000001 000000000000003b 0000000000000000 0000000000000000 0000000000000000 0000000000000000 0000000000000000 ffffffffffff8000 ffffffffffff224e 0000000000180000 0000000000000000 0000000000000000 0000000000000000 0000000000000000 0000000000000000 0000000000000000 0000000000000000 0000000000000000 0000000000000000 0000000000000000 0000000000010000 0000000000000000 0000000000000000 fffffffffba33333 fffffffff871b559 fffffffffba33333 fffffffff871b559 fffffffffffdd19a fffffffffffc38db 0000000100000000 0000000000000000 0000000000000000 ffffffffff6851ec fffffffffef94a83 0000000000000000 0000000000000000 0000000000000000 fffffffffffdd19a fffffffffffc38db 0000000000000004 0000000000000000 0000000045ccb457 00000000000089e1 000000005d1960e4 00000000a2e6153b 00000000a2e69f1c 0000000000a2e69f 0000000000a2e615 00000000005d1961 0000000000000000
000000000000018c 0000000000000001 000000000000003c 0000000000000000 0000000000000000 0000000000000000 0000000000000000 0000000000000000 0000000000000000 0000000000000000 0000000000180000 0000000000000001 0000000000000000 ffffffffff6851ec fffffffffef94a83 0000000000000000 0000000000000000 0000000000000000 0000000000000000 0000000000000000 0000000000000000 0000000000010000 0000000000000000 0000000000000000 0000000000000000 0000000000000000 0000000000000000 0000000000000000 0000000000000000 0000000000000000 0000000100000000 0000000000000000 0000000000000000 0000000000000000 0000000000000000 0000000000000000 0000000000000000 0000000000000000 0000000000000000 0000000000000000 0000000000000002 0000000000000000 0000000000000000 0000000000000000 0000000080000000 0000000080000000 0000000080000000 0000000000800000 0000000000800000 0000000000800000 0000000000000000
000000000000018d 0000000000000001 000000000000003d 0000000000000000 0000000000000000 0000000000000000 0000000000000000 0000000000000000 0000000000000000 0000000000000000 0000000000180000 0000000000000001 0000000000000000 0000000000000000 0000000000000000 0000000000000000 0000000000000000 0000000000000000 0000000000000000 0000000000000000 0000000000000000 0000000000010000 0000000000000000 0000000000000000 0000000000000000 0000000000000000 0000000000000000 0000000000000000 0000000000000000 0000000000000000 0000000100000000 0000000000000000 0000000000000000 0000000000000000 0000000000000000 0000000000000000 0000000000000000 0000000000000000 0000000000000000 0000000000000000 0000000000000002 0000000000000000 0000000000000000 0000000000000000 0000000080000000 0000000080000000 0000000080000000 0000000000800000 0000000000800000 0000000000800000 0000000000000000
000000000000018e 0000000000000001 000000000000003e 0000000000000000 0000000000000000 0000000000000000 0000000000000000 0000000000000000 0000000000008000 ffffffffffff224e 0000000000180000 0000000000000000 0000000000000000 0000000000000000 0000000000000000 0000000000000000 0000000000000000 0000000000000000 0000000000000000 0000000000000000 0000000000000000 0000000000010000 0000000000000000 0000000000000000 00000000045ccccd fffffffff871b559 00000000045ccccd fffffffff871b559 0000000000022e66 fffffffffffc38db 0000000100000000 0000000000000000 0000000000000000 000000000097ae14 fffffffffef94a83 0000000000000000 0000000000000000 0000000000000000 0000000000022e66 fffffffffffc38db 0000000000000002 0000000000000000 00000000000089e1 0000000045ccb457 000000005d1960e4 000000005d19eac5 00000000a2e69f1c 00000000005d1961 0000000000a2e69f 00000000005d19eb 0000000000000000
000000000000018f 0000000000000001 000000000000003f 0000000000000000 0000000000000000 0000000000000000 0000000000000000 0000000000000000 0000000000000000 0000000000000000 0000000000180000 0000000000000001 0000000000000000 000000000097ae14 fffffffffef94a83 0000000000000000 0000000000000000 0000000000000000 0000000000000000 0000000000000000 0000000000000000 0000000000010000 0000000000000000 0000000000000000 0000000000000000 0000000000000000 0000000000000000 0000000000000000 0000000000000000 0000000000000000 0000000100000000 0000000000000000 0000000000000000 0000000000000000 0000000000000000 0000000000000000 0000000000000000 0000000000000000 0000000000000000 0000000000000000 0000000000000002 0000000000000000 0000000000000000 0000000000000000 0000000080000000 0000000080000000 0000000080000000 0000000000800000 0000000000800000 0000000000800000 0000000000000000
0000000000000190 0000000000000001 0000000000000040 0000000000000000 0000000000000000 0000000000000000 0000000000000000 0000000000000000 0000000000000000 0000000000000000 0000000000180000 0000000000000001 0000000000000000 0000000000000000 0000000000000000 0000000000000000 0000000000000000 0000000000000000 0000000000000000 0000000000000000 0000000000000000 0000000000010000 0000000000000000 0000000000000000 0000000000000000 0000000000000000 0000000000000000 0000000000000000 0000000000000000 0000000000000000 0000000100000000 0000000000000000 0000000000000000 0000000000000000 0000000000000000 0000000000000000 0000000000000000 0000000000000000 0000000000000000 0000000000000000 0000000000000002 0000000000000000 0000000000000000 0000000000000000 0000000080000000 0000000080000000 0000000080000000 0000000000800000 0000000000800000 0000000000800000 0000000000000000
0000000000000191 0000000000000001 0000000000000041 000000000000199a fffffffffffff333 fffffffffffff333 0000000000000c39 0000000000640000 0000000000004000 0000000000003333 0000000000180000 0000000000000000 0000000000000000 0000000000000000 0000000000000000 0000000000000000 0000000000000000 0000000000000000 000000000000199a 0000000000000000 0000000000004ba1 000000000000f493 0000000000001875 fffffffffffff870 00000000015ba6d7 000000001022d4dd 00000000015ba6d7 000000001022d4dd 000000000000add3 000000000008116a 0000000100000000 0000000000000000 0000000000000000 00000000002edbc1 000000000045a1f4 0000000000000000 0000000000000000 0000000000000000 fffffffffffe43e4 000000000007e895 0000000000000001 0000000000000000 0000000064cf7d35 000000002d4bfd35 0000000036f242cb 000000009bc1c000 00000000c90dbd35 00000000009bc1c0 000000000036f243 0000000000c90dbd 0000000000000000
0000000000000192 0000000000000001 0000000000000042 0000000000000000 0000000000000000 0000000000000000 0000000000000000 0000000000000000 0000000000000000 0000000000000000 0000000000180000 0000000000000001 0000000000000000 00000000002edbc1 000000000045a1f4 0000000000000000 0000000000000000 0000000000000000 0000000000000000 0000000000000000 0000000000000000 0000000000010000 0000000000000000 0000000000000000 0000000000000000 0000000000000000 0000000000000000 0000000000000000 0000000000000000 0000000000000000 0000000100000000 0000000000000000 0000000000000000 0000000000000000 0000000000000000 0000000000000000 0000000000000000 0000000000000000 0000000000000000 0000000000000000 0000000000000002 0000000000000000 0000000000000000 0000000000000000 0000000080000000 0000000080000000 0000000080000000 0000000000800000 0000000000800000 0000000000800000 0000000000000000
0000000000000193 0000000000000001 0000000000000043 0000000000000000 0000000000000000 0000000000000000 0000000000000000 0000000000000000 0000000000000000 0000000000000000 0000000000180000 0000000000000001 0000000000000000 0000000000000000 0000000000000000 0000000000000000 0000000000000000 0000000000000000 0000000000000000 0000000000000000 0000000000000000 0000000000010000 0000000000000000 0000000000000000 0000000000000000 0000000000000000 0000000000000000 0000000000000000 0000000000000000 0000000000000000 0000000100000000 0000000000000000 0000000000000000 0000000000000000 0000000000000000 0000000000000000 0000000000000000 0000000000000000 0000000000000000 0000000000000000 0000000000000002 0000000000000000 0000000000000000 0000000000000000 0000000080000000 0000000080000000 0000000080000000 0000000000800000 0000000000800000 0000000000800000 0000000000000000
0000000000000194 0000000000000001 0000000000000044 0000000000000000 0000000000000000 0000000000000000 0000000000000826 0000000000000000 00000000000f0000 fffffffffff60000 0000000000180000 0000000000000000 0000000000000000 0000000000000000 0000000000000000 0000000000000000 0000000000000000 0000000000000000 0000000000000000 0000000000000000 00000000000032cf 000000000000fae8 0000000000000000 0000000000000000 0000000082e00006 ffffffffa8bffffc 0000000014c0aaf4 fffffffff22a38b2 00000000000a6055 fffffffffff9151c 000000002897ec58 0000000000000001 0000000000000001 0000000011c66658 fffffffff4266670 000000006e1f5512 ffffffffb695c74a 0000000000000001 00000000000b8af3 fffffffffffb478d 0000000000000002 0000000000000000 000000008d1456d9 000000005736fc4b 000000000dda566e 000000009aeead47 00000000f225a992 00000000000dda56 0000000000f225aa 00000000009aeead 0000000000000000
0000000000000195 0000000000000001 0000000000000045 0000000000000000 0000000000000000 0000000000000000 0000000000000826 0000000000000000 00000000000f0000 fffffffffff60000 0000000000180000 0000000000000000 0000000000000000 0000000011c66658 fffffffff4266670 000000006e1f5512 ffffffffb695c74a 0000000000000001 0000000000000000 0000000000000000 00000000000032cf 000000000000fae8 0000000000000000 0000000000000000 0000000094a6665e ffffffff9ce6666c 0000000014c0aaf5 fffffffff22a38b2 00000000000a6055 fffffffffff9151c 0000000023bd4bf7 0000000000000001 0000000000000001 000000000d86888f fffffffff6fba4f6 000000007fe5bb69 ffffffffaabc2dba 0000000000000001 00000000000b8af3 fffffffffffb478d 0000000000000002 0000000000000000 000000008d1456d9 000000005736fc4b 000000000dda566e 000000009aeead47 00000000f225a992 00000000000dda56 0000000000f225aa 00000000009aeead 0000000000000000
0000000000000196 0000000000000001 0000000000000046 0000000000000000 0000000000000000 0000000000000000 0000000000000826 0000000000000000 00000000000f0000 fffffffffff60000 0000000000180000 0000000000000000 0000000000000000 000000000d86888f fffffffff6fba4f6 000000007fe5bb69 ffffffffaabc2dba 0000000000000001 0000000000000000 0000000000000000 00000000000032cf 000000000000fae8 0000000000000000 0000000000000000 0000000090668895 ffffffff9fbba4f2 0000000014c0aaf5 fffffffff22a38b2 00000000000a6055 fffffffffff9151c 0000000024ca8bc7 0000000000000001 0000000000000001 0000000005b89652 fffffffffc2f9bc9 000000007ba5dda0 ffffffffad916c40 0000000000000001 00000000000b8af3 fffffffffffb478d 0000000000000002 0000000000000000 000000008d1456d9 000000005736fc4b 000000000dda566e 000000009aeead47 00000000f225a992 00000000000dda56 0000000000f225aa 00000000009aeead 0000000000000000
0000000000000197 0000000000000001 0000000000000047 0000000000000000 0000000000000000 0000000000000000 0000000000000826 0000000000000000 00000000000f0000 fffffffffff60000 0000000000180000 0000000000000000 0000000000000000 0000000005b89652 fffffffffc2f9bc9 000000007ba5dda0 ffffffffad916c40 0000000000000001 0000000000000000 0000000000000000 00000000000032cf 000000000000fae8 0000000000000000 0000000000000000 0000000088989658 ffffffffa4ef9bc5 0000000014c0aaf5 fffffffff22a38b2 00000000000a6055 fffffffffff9151c 0000000026e4adcf 0000000000000001 0000000000000001 fffffffffec436d6 0000000000d2861c 0000000073d7eb63 ffffffffb2c56313 0000000000000001 00000000000b8af3 fffffffffffb478d 0000000000000002 0000000000000000 000000008d1456d9 000000005736fc4b 000000000dda566e 000000009aeead47 00000000f225a992 00000000000dda56 0000000000f225aa 00000000009aeead 0000000000000000
0000000000000198 0000000000000001 0000000000000048 0000000000000000 0000000000000000 0000000000000000 0000000000000826 0000000000000000 00000000000f0000 fffffffffff60000 0000000000180000 0000000000000000 0000000000000000 fffffffffec436d6 0000000000d2861c 0000000073d7eb63 ffffffffb2c56313 0000000000000001 0000000000000000 0000000000000000 00000000000032cf 000000000000fae8 0000000000000000 0000000000000000 0000000081a436dc ffffffffa9928618 0000000014c0aaf4 fffffffff22a38b3 00000000000a6055 fffffffffff9151c 0000000028facd66 0000000000000001 0000000000000001 fffffffff95f6e31 00000000046b0bdf 000000006ce38be8 ffffffffb7684d65 0000000000000001 00000000000b8af3 fffffffffffb478d 0000000000000002 0000000000000000 000000008d1456d9 000000005736fc4b 000000000dda566e 000000009aeead47 00000000f225a992 00000000000dda56 0000000000f225aa 00000000009aeead 0000000000000000
0000000000000199 0000000000000001 0000000000000049 0000000000000000 0000000000000000 0000000000000000 0000000000000000 0000000000000000 0000000000000000 0000000000000000 0000000000180000 0000000000000000 0000000000000000 fffffffff95f6e31 00000000046b0bdf 000000006ce38be8 ffffffffb7684d65 0000000000000001 0000000000000000 0000000000000000 0000000000000000 0000000000010000 0000000000000000 0000000000000000 fffffffff95f6e31 00000000046b0bdf fffffffff95f6e31 00000000046b0bdf fffffffffffcafb7 0000000000023586 0000000100000000 0000000000000000 0000000000000000 ffffffffe398524c 0000000012efc923 0000000000000000 0000000000000000 0000000000000000 fffffffffffcafb7 0000000000023586 0000000000000005 0000000000000000 0000000028d075d1 00000000209ca24e 000000005b4973f1 000000008419e9c2 00000000a4b68c10 0000000000a4b68c 00000000005b4974 00000000008419ea 0000000000000000
000000000000019a 0000000000000001 000000000000004a 0000000000000000 0000000000000000 0000000000000000 0000000000000000 0000000000000000 0000000000000000 0000000000000000 0000000000180000 0000000000000000 0000000000000000 ffffffffe398524c 0000000012efc923 0000000000000000 0000000000000000 0000000000000000 0000000000000000 0000000000000000 0000000000000000 0000000000010000 0000000000000000 0000000000000000 ffffffffe398524c 0000000012efc923 ffffffffeb3f5514 000000000dd5c748 fffffffffff59fab 000000000006eae4 00000000bb086a53 0000000000000001 0000000000000001 ffffffffe398524c 0000000012efc923 fffffffff858fd38 00000000051a01db 0000000000000001 fffffffffff59fab 000000000006eae4 0000000000000005 0000000000000000 000000007fce80c1 00000000661f0168 000000000d093eec 000000008cd7bfad 00000000f2f6c115 0000000000f2f6c1 00000000000d093f 00000000008cd7c0 0000000000000000
000000000000019b 0000000000000001 000000000000004b 0000000000000000 0000000000000000 0000000000000000 0000000000000000 0000000000000000 0000000000000000 0000000000000000 0000000000180000 0000000000000000 0000000000000000 ffffffffe398524c 0000000012efc923 fffffffff858fd38 00000000051a01db 0000000000000001 0000000000000000 0000000000000000 0000000000000000 0000000000010000 0000000000000000 0000000000000000 ffffffffe398524c 0000000012efc923 ffffffffeb3f5514 000000000dd5c748 fffffffffff59fab 000000000006eae4 00000000bb086a53 0000000000000001 0000000000000001 ffffffffe5201fa6 0000000011ea9592 fffffffff858fd38 00000000051a01db 0000000000000001 fffffffffff59fab 000000000006eae4 0000000000000005 0000000000000000 000000007fce80c1 00000000661f0168 000000000d093eec 000000008cd7bfad 00000000f2f6c115 0000000000f2f6c1 00000000000d093f 00000000008cd7c0 0000000000000000
000000000000019c 0000000000000001 000000000000004c 0000000000000000 0000000000000000 0000000000000000 0000000000000000 0000000000000000 0000000000000000 0000000000000000 0000000000180000 0000000000000000 0000000000000000 ffffffffe5201fa6 0000000011ea9592 fffffffff858fd38 00000000051a01db 0000000000000001 0000000000000000 0000000000000000 0000000000000000 0000000000010000 0000000000000000 0000000000000000 ffffffffe5201fa6 0000000011ea9592 ffffffffeb3f5514 000000000dd5c748 fffffffffff59fab 000000000006eae4 00000000c5af2855 0000000000000001 0000000000000001 ffffffffe6a7ed00 0000000010e56201 fffffffff9e0ca92 000000000414ce4a 0000000000000001 fffffffffff59fab 000000000006eae4 0000000000000005 0000000000000000 000000007fce80c1 00000000661f0168 000000000d093eec 000000008cd7bfad 00000000f2f6c115 0000000000f2f6c1 00000000000d093f 00000000008cd7c0 0000000000000000
000000000000019d 0000000000000001 000000000000004d 0000000000000ccd fffffffffffff99a fffffffffffff99a 0000000000000000 00000000001e0000 0000000000008000 0000000000008000 0000000000180000 0000000000000000 0000000000000001 ffffffffe6a7ed00 0000000010e56201 fffffffff9e0ca92 000000000414ce4a 0000000000000001 0000000000000ccd 0000000000000000 0000000000000000 0000000000010000 0000000000000ccd 0000000000000000 ffffffffea9509fa 0000000000000000 ffffffffea9509fa 0000000000000000 fffffffffff54a85 0000000000000000 0000000100000000 0000000000000000 0000000000000000 ffffffffe869e0ea 0000000000000000 0000000000000000 0000000000000000 0000000000000000 fffffffffff54a85 0000000000000000 0000000000000004 0000000000000000 0000000000000000 00000000ab57b000 000000002a542800 000000002a542800 00000000d5abd800 0000000000d5abd8 00000000002a5428 00000000002a5428 0000000000000000
000000000000019e 0000000000000001 000000000000004e 0000000000000000 0000000000000000 0000000000000000 0000000000000000 0000000000000000 00000000000a0000 00000000000a0000 0000000000180000 0000000000000001 0000000000000000 ffffffffe869e0ea 0000000000000000 0000000000000000 0000000000000000 0000000000000000 0000000000000000 0000000000000000 0000000000000000 0000000000010000 0000000000000000 0000000000000000 0000000000000000 0000000000000000 0000000000000000 0000000000000000 0000000000000000 0000000000000000 0000000100000000 0000000000000000 0000000000000000 0000000000000000 0000000000000000 0000000000000000 0000000000000000 0000000000000000 0000000000000000 0000000000000000 0000000000000002 0000000000000000 0000000000000000 0000000000000000 0000000080000000 0000000080000000 0000000080000000 0000000000800000 0000000000800000 0000000000800000 0000000000000000
000000000000019f 0000000000000001 000000000000004f 0000000000000000 0000000000000000 0000000000000000 0000000000000000 0000000000000000 000000000000199a ffffffffffffe666 0000000000180000 0000000000000000 0000000000000000 0000000000000000 0000000000000000 0000000000000000 0000000000000000 0000000000000000 0000000000000000 0000000000000000 0000000000000000 0000000000010000 0000000000000000 0000000000000000 0000000000df5fa6 ffffffffff20a05a 0000000000df5fa6 ffffffffff20a05a 0000000000006fb0 ffffffffffff9050 0000000100000000 0000000000000000 0000000000000000 00000000001e567d ffffffffffe1a983 0000000000000000 0000000000000000 0000000000000000 0000000000006fb0 ffffffffffff9050 0000000000000002 0000000000000000 0000000002f34e2a 00000000080f822b 000000007a7e97d6 000000007d71e600 000000008581682b 00000000007a7e98 0000000000858168 00000000007d71e6 0000000000000000
00000000000001a0 0000000000000001 0000000000000050 fffffffffffe6843 ffffffffffffdaf2 ffffffffffff3b32 000000000000119a 000000000038d0a9 fffffffffffc82c6 000000000009cbce 0000000000060000 0000000000000001 0000000000000001 00000000001e567d ffffffffffe1a983 0000000000000000 0000000000000000 0000000000000000 ffffffffffff3e20 0000000000005c3b 0000000000006b24 000000000000e880 ffffffffffff7686 000000000000a4e7 0000000000000000 0000000000000000 0000000000000000 0000000000000000 0000000000000000 0000000000000000 0000000100000000 0000000000000000 0000000000000000 0000000000000000 0000000000000000 0000000000000000 0000000000000000 0000000000000000 0000000000000000 0000000000000000 0000000000000002 0000000000000000 0000000000000000 0000000000000000 0000000080000000 0000000080000000 0000000080000000 0000000000800000 0000000000800000 0000000000800000 0000000000000000
00000000000001a1 0000000000000001 0000000000000051 fffffffffffed6b2 ffffffffffffcf6d fffffffffffe815b 0000000000006bfc ffffffffffff3760 fffffffffffc16a1 00000000000a82dd 0000000000180000 0000000000000000 0000000000000000 0000000000000000 0000000000000000 0000000000000000 0000000000000000 0000000000000000 ffffffffffffc989 000000000000c0e0 00000000000078c4 ffffffffffff1e46 0000000000008b03 ffffffffffff6fa0 ffffffffd921c3da 000000006084c926 fffffffff6aee0b3 000000001722d28c fffffffffffb5770 00000000000b9169 000000003d5d5092 0000000000000001 0000000000000001 fffffffffab8a57d 000000000d1fc1d8 ffffffffe272e327 000000004961f69a 0000000000000001 fffffffffffea684 fffffffffff39a37 0000000000000006 0000000000000000 00000000881d0fb9 000000005ced8fb9 000000000d7ab047 000000009597c000 00000000f2854fb9 00000000009597c0 0000000000f28550 00000000000d7ab0 0000000000000000
00000000000001a2 0000000000000001 0000000000000052 000000000001785e 000000000000a21e fffffffffffeb7a9 000000000000b126 0000000000488f43 fffffffffff30516 fffffffffff9f680 0000000000240000 0000000000000000 0000000000000000 fffffffffab8a57d 000000000d1fc1d8 ffffffffe272e327 000000004961f69a 0000000000000001 0000000000013253 0000000000011b2a ffffffffffff10d6 ffffffffffffa4b1 fffffffffffe8a33 000000000000b92e ffffffff9606bd49 ffffffffdc0007b4 ffffffffdc936d10 fffffffff3f75a17 ffffffffffee49b7 fffffffffff9fbad 000000005592e703 0000000000000001 0000000000000001 fffffffff2faf846 fffffffff66fb59e ffffffffb9735039 ffffffffe808ad9d 0000000000000001 000000000000b23d 000000000012b17b 0000000000000001 0000000000000000 000000006bb0d805 000000007a8b42b0 000000000ce1f2a6 000000007892caab 00000000f31e0d5b 00000000007892cb 00000000000ce1f3 0000000000f31e0d 0000000000000000
00000000000001a3 0000000000000001 0000000000000053 0000000000000bd3 fffffffffffdef80 fffffffffffee14a 0000000000002565 00000000005c8862 000000000002ad0d fffffffffffa562f 0000000000060000 0000000000000000 0000000000000000 fffffffff2faf846 fffffffff66fb59e ffffffffb9735039 ffffffffe808ad9d 0000000000000001 000000000001179f ffffffffffff7467 000000000000cb51 0000000000009b8f 0000000000003b0b fffffffffffecd19 0000000008b3ffb1 ffffffffdc9ae9da 00000000017d2533 fffffffff9f1e9e4 000000000000be93 fffffffffffcf8f5 000000002bcb4a00 0000000000000001 0000000000000001 0000000003fced19 fffffffff5f06bae 000000000736da7e ffffffffe2a8fff6 0000000000000001 000000000002db58 fffffffffffec066 0000000000000002 0000000000000000 0000000088b4ef72 000000005c437e33 000000000d83c92e 000000009638b8a0 00000000f27c36d3 00000000000d83c9 0000000000f27c37 00000000009638b9 0000000000000000
00000000000001a4 0000000000000001 0000000000000054 fffffffffffe733a fffffffffffea8a9 fffffffffffe46f5 0000000000007333 ffffffffffc7bd4d fffffffffffe8d12 0000000000070ebe 0000000000180000 0000000000000000 0000000000000000 0000000003fced19 fffffffff5f06bae 000000000736da7e ffffffffe2a8fff6 0000000000000001 fffffffffffffcf2 0000000000003869 0000000000004f2f ffffffffffff0c8e 000000000000145a ffffffffffffcb4d fffffffff69ca659 000000002d5d4535 fffffffffaf20b6a 00000000186c8b62 fffffffffffd7906 00000000000c3646 0000000089d45ae7 0000000000000001 0000000000000001 0000000000bbe321 00000000046a0efb fffffffffbaa9aef 0000000014f0b9d3 0000000000000001 fffffffffffea042 fffffffffff39aed 0000000000000006 0000000000000000 00000000887a9e87 000000005c82de87 000000000d814179 0000000095fbe000 00000000f27ebe87 000000000095fbe0 0000000000f27ebf 00000000000d8141 0000000000000000
00000000000001a5 0000000000000001 0000000000000055 ffffffffffff3f00 ffffffffffff01c4 fffffffffffda992 00000000000060ad 00000000002bb58b ffffffffffff33b1 00000000000d2c25 0000000000240000 0000000000000000 0000000000000000 0000000000bbe321 00000000046a0efb fffffffffbaa9aef 0000000014f0b9d3 0000000000000001 0000000000009b8e 000000000000c6b8 000000000000b203 ffffffffffff4805 0000000000001a63 ffffffffffff0505 fffffffff9055b3e 0000000086139330 fffffffffe0e2263 00000000255c9961 ffffffffffff0711 000000000012ae4d 0000000047563ef9 0000000000000001 0000000000000001 000000000088646a 0000000010ff50fb fffffffffaf738db 0000000060b6f9cf 0000000000000001 fffffffffff3b57d fffffffffff1e5fd 0000000000000004 0000000000000000 00000000adb1136e 000000002c43898b 000000001305b184 00000000c0b6c4f2 00000000ecfa4e7d 0000000000ecfa4e 0000000000c0b6c5 00000000001305b2 0000000000000000
00000000000001a6 0000000000000001 0000000000000056 00000000000277c0 ffffffffffff50ed 000000000001cb49 000000000000a666 00000000002190b7 000000000003c179 fffffffffff3fe87 0000000000060000 0000000000000000 0000000000000000 000000000088646a 0000000010ff50fb fffffffffaf738db 0000000060b6f9cf 0000000000000001 000000000001466f fffffffffffe91c1 ffffffffffff30ed ffffffffffff697b 0000000000006851 000000000001df63 000000001d86ec80 ffffffff9cb06931 0000000001c6eac1 fffffffffa05f019 000000000000e375 fffffffffffd02f8 000000000f682367 0000000000000001 0000000000000001 000000000581e0bf ffffffffed356221 000000001bc001bf ffffffffa2aa7918 0000000000000001 fffffffffffd0f71 00000000000109d4 0000000000000005 0000000000000000 000000004cbd7a6b 0000000095c593f8 000000000ebe78cf 000000005b7bf33a 00000000f1418732 0000000000f14187 00000000000ebe79 00000000005b7bf3 0000000000000000
00000000000001a7 0000000000000001 0000000000000057 0000000000002c34 fffffffffffe12c1 000000000001bba8 0000000000005eab ffffffffff9d4907 000000000008801d 0000000000024fe3 0000000000180000 0000000000000000 0000000000000000 000000000581e0bf ffffffffed356221 000000001bc001bf ffffffffa2aa7918 0000000000000001 0000000000002e00 fffffffffffde315 000000000000bae4 ffffffffffff510c fffffffffffe55ac 0000000000015016 000000005ea7f736 ffffffffe894ea05 000000001836288a fffffffffa028cf9 00000000000c1b14 fffffffffffd0146 00000000417b15d3 0000000000000001 0000000000000001 000000000c00f834 00000000010f365c 000000004671ceac ffffffffee925d0c 0000000000000001 fffffffffff9e9cd 00000000000ae272 0000000000000001 0000000000000000 00000000c5ee82fd 00000000032822fd 000000001b74ad03 00000000e1633000 00000000e48b52fd 0000000000e16330 00000000001b74ad 0000000000e48b53 0000000000000000
00000000000001a8 0000000000000001 0000000000000058 000000000001dda2 ffffffffffffefab fffffffffffd99a7 00000000000083c3 ffffffffffe94200 fffffffffff33884 fffffffffff90f50 0000000000240000 0000000000000000 0000000000000000 000000000c00f834 00000000010f365c 000000004671ceac ffffffffee925d0c 0000000000000001 00000000000210a7 0000000000015943 ffffffffffffe879 ffffffffffff0115 fffffffffffdd1da fffffffffffed8c8 ffffffffaf6fae8d ffffffffcb88cbbb ffffffffe0a648f6 ffffffffeb9566f4 fffffffffff05324 fffffffffff5cab3 00000000639e93ab 0000000000000001 0000000000000001 fffffffff15ae7c6 fffffffffdafffcc ffffffffcec96597 ffffffffdff364c7 0000000000000001 00000000000eabba 00000000000b9b0d 0000000000000003 0000000000000000 000000005504b140 000000008ef2e507 000000000e0434dd 000000006308e61d 00000000f1fbcb24 00000000000e0435 00000000006308e6 0000000000f1fbcb 0000000000000000
00000000000001a9 0000000000000001 0000000000000059 0000000000020f6e 0000000000020572 000000000001dfb2 000000000000faf2 fffffffffff83e94 000000000003d5a6 0000000000018c7d 0000000000060000 0000000000000000 0000000000000000 fffffffff15ae7c6 fffffffffdafffcc ffffffffcec96597 ffffffffdff364c7 0000000000000001 000000000000133d 00000000000015cb ffffffffffffe046 000000000000fe07 0000000000001064 0000000000001802 0000000012416dfb 00000000094980d1 00000000058ebc2c 0000000002d3c8e6 000000000002c75e 00000000000169e4 000000004def2a2b 0000000000000001 0000000000000001 ffffffffffaa74d1 0000000005d24f49 000000000cb2b1cf 000000000675b7eb 0000000000000001 000000000002eebc 0000000000010ef1 0000000000000003 0000000000000000 000000009493e54a 000000004e375d5c 000000000e9a5ead 00000000a32e43f7 00000000f165a153 00000000000e9a5f 0000000000a32e44 0000000000f165a1 0000000000000000
00000000000001aa 0000000000000001 000000000000005a fffffffffffe75ce 000000000000f47c fffffffffffe7fcf 0000000000001c6e 00000000001d026b fffffffffffa7532 0000000000004496 0000000000180000 0000000000000000 0000000000000000 ffffffffffaa74d1 0000000005d24f49 000000000cb2b1cf 000000000675b7eb 0000000000000001 ffffffffffff27c6 0000000000016af7 000000000000a472 000000000000c433 0000000000004370 000000000001a113 ffffffffccd8c473 fffffffffe0fb3b3 ffffffffe7138c75 ffffffffff0e2fb7 fffffffffff389c6 ffffffffffff8718 000000007cbb694c 0000000000000001 0000000000000001 fffffffff63f1edb 0000000002ea9b82 ffffffffe5c537fe ffffffffff0183fc 0000000000000001 fffffffffff6c0ab fffffffffff7a20c 0000000000000004 0000000000000000 000000009a96279e 0000000046ab60a4 000000000f5f3bdf 00000000a9f5637d 00000000f0a0c421 0000000000f0a0c4 0000000000a9f563 00000000000f5f3c 0000000000000000
00000000000001ab 0000000000000001 000000000000005b ffffffffffff5a89 fffffffffffe7498 fffffffffffedab4 0000000000002a28 ffffffffffb3837a 0000000000098769 00000000000d0caa 0000000000240000 0000000000000000 0000000000000000 fffffffff63f1edb 0000000002ea9b82 ffffffffe5c537fe ffffffffff0183fc 0000000000000001 0000000000007742 ffffffffffffc50c 000000000000dc15 00000000000082c4 0000000000000a3c ffffffffffff7b5c 0000000048e645c3 000000006e7f9aee 00000000149a3b60 000000001f3a7dfc 00000000000a4d1e 00000000000f9d3f 0000000048596f51 0000000000000001 0000000000000001 0000000006bca65e 0000000013315ec5 00000000344c0a63 000000004f451cf2 0000000000000001 fffffffffff7d6a2 000000000010d4ec 0000000000000001 0000000000000000 00000000beb5e1bc 000000001098b712 000000001858b399 00000000d70e9555 00000000e7a74c67 0000000000d70e95 00000000001858b4 0000000000e7a74c 0000000000000000
00000000000001ac 0000000000000001 000000000000005c 0000000000021ab3 fffffffffffebb3b 00000000000097ad 000000000000d8d0 ffffffffffcaa127 ffffffffffff5194 000000000004f126 0000000000060000 0000000000000000 0000000000000000 0000000006bca65e 0000000013315ec5 00000000344c0a63 000000004f451cf2 0000000000000001 000000000001a0d5 fffffffffffeeced ffffffffffff2e06 0000000000009271 000000000001d011 000000000000b88b fffffffff11c368f 000000003028c0c6 fffffffffe287e2f 0000000005f50806 ffffffffffff143f 000000000002fa84 000000001faa9d70 0000000000000001 0000000000000001 fffffffff9526eef 00000000085743e7 fffffffff2f3b860 000000002a33b8c0 0000000000000001 000000000001ea92 000000000002758f 0000000000000003 0000000000000000 000000001fc6bacb 00000000b5be3a0e 00000000153d8594 000000003504405f 00000000eac27a6d 0000000000153d86 0000000000350440 0000000000eac27a 0000000000000000
00000000000001ad 0000000000000001 000000000000005d 0000000000017d7e 0000000000008a8b fffffffffffe38be 000000000000cf38 00000000000a7286 0000000000068c2f fffffffffff33bf4 0000000000180000 0000000000000000 0000000000000000 fffffffff9526eef 00000000085743e7 fffffffff2f3b860 000000002a33b8c0 0000000000000001 00000000000167e7 00000000000156d4 ffffffffffff11a7 0000000000005d6a ffffffffffff4424 000000000001cc2f 0000000038c96dee ffffffff8ab8b668 000000000adea059 ffffffffe98d351b 0000000000056f50 fffffffffff4c69b 0000000031005287 0000000000000001 0000000000000001 00000000048f614c ffffffffeea49172 000000002deacd95 ffffffffa12b814d 0000000000000001 fffffffffff7886d fffffffffff6d820 0000000000000004 0000000000000000 00000000a928cf39 0000000032e60868 0000000011f89430 00000000bb216369 00000000ee076bd1 0000000000ee076c 0000000000bb2163 000000000011f894 0000000000000000
00000000000001ae 0000000000000001 000000000000005e 00000000000059de fffffffffffe6c1c 000000000002196c 000000000000fa57 000000000045ac17 fffffffffff299d0 0000000000013fdb 0000000000240000 0000000000000000 0000000000000000 00000000048f614c ffffffffeea49172 000000002deacd95 ffffffffa12b814d 0000000000000001 0000000000000f67 fffffffffffde089 ffffffffffffdc7a 000000000000fd86 0000000000005aab fffffffffffde7ee ffffffff8d1243c5 0000000015b974ab ffffffffdb3d1ad8 0000000006f2e5fb ffffffffffed9e8d 0000000000037973 0000000051e279e5 0000000000000001 0000000000000001 ffffffffeb1434c1 000000000592238b ffffffffb1d528ed 000000000ec68eb0 0000000000000001 ffffffffffee477f 000000000005fdca 0000000000000005 0000000000000000 0000000049cbeb21 00000000981ff60b 000000000f0a0f6a 0000000058d5fa8b 00000000f0f5f096 0000000000f0f5f1 00000000000f0a0f 000000000058d5fb 0000000000000000
00000000000001af 0000000000000001 000000000000005f 00000000000270f2 000000000000a3d9 ffffffffffffdfe0 000000000000a732 0000000000107791 00000000000260ea 00000000000d7170 0000000000060000 0000000000000000 0000000000000000 ffffffffeb1434c1 000000000592238b ffffffffb1d528ed 000000000ec68eb0 0000000000000001 00000000000174b9 0000000000007125 ffffffffffff2e06 ffffffffffff6d8f fffffffffffecdfc 000000000000f0fe 000000000a351e28 0000000074e6d518 00000000008ada1a 000000000636351b 000000000000456d 0000000000031b1b 000000000d9a5ab7 0000000000000001 0000000000000001 fffffffffef290c3 00000000116e27a9 0000000009aa440e 000000006eb09ffd 0000000000000001 0000000000026473 fffffffffffe003a 0000000000000002 0000000000000000 000000004f3f100b 0000000093bd8ee8 000000000e81b087 000000005dc0c092 00000000f17e4f7a 00000000000e81b1 0000000000f17e4f 00000000005dc0c1 0000000000000000
00000000000001b0 0000000000000001 0000000000000060 fffffffffffdc5cd ffffffffffffc061 ffffffffffff0fcc 0000000000003762 000000000058928a fffffffffffa7e71 00000000000ac239 0000000000180000 0000000000000000 0000000000000000 fffffffffef290c3 00000000116e27a9 0000000009aa440e 000000006eb09ffd 0000000000000001 fffffffffffee924 00000000000065f3 000000000000fa49 00000000000035ca 0000000000002915 000000000001260e ffffffffcd26d418 0000000071d0ee01 fffffffff5d38858 0000000016c5b2cb fffffffffffae9c4 00000000000b62d9 00000000333866bb 0000000000000001 0000000000000001 fffffffff64cb40a 0000000006ae2112 ffffffffd7534bc0 000000005b0b3b36 0000000000000001 fffffffffff3cc9b fffffffffffd6b49 0000000000000004 0000000000000000 000000002faf30f7 00000000ab5f11ba 000000001278dea8 0000000042280f9f 00000000ed872159 0000000000ed8721 0000000000422810 00000000001278df 0000000000000000
00000000000001b1 0000000000000001 0000000000000061 fffffffffffdaa4a ffffffffffffe127 0000000000015e28 000000000000a797 ffffffffffe52f14 fffffffffff95694 fffffffffff3ce88 0000000000240000 0000000000000000 0000000000000000 fffffffff64cb40a 0000000006ae2112 ffffffffd7534bc0 000000005b0b3b36 0000000000000001 fffffffffffe0716 ffffffffffff2407 ffffffffffff2ca1 ffffffffffff6f94 000000000001d278 fffffffffffedb35 ffffffffac2b8e39 ffffffffa25252af ffffffffe70d3804 ffffffffe41ee1cd fffffffffff3869c fffffffffff20f71 000000004c2ffb08 0000000000000001 0000000000000001 fffffffff4618dc0 ffffffffe760b3db ffffffffc51e5635 ffffffffbe3370e2 0000000000000001 fffffffffffb8719 00000000001229e0 0000000000000001 0000000000000000 000000009f8f4156 000000004026ac01 0000000010250955 00000000afb44aab 00000000efdaf6ac 0000000000afb44b 0000000000102509 0000000000efdaf7 0000000000000000
00000000000001b2 0000000000000001 0000000000000062 00000000000134eb ffffffffffff8d8c ffffffffffff95f3 00000000000032b9 ffffffffff9d910d fffffffffff27b03 fffffffffffee231 0000000000060000 0000000000000000 0000000000000000 fffffffff4618dc0 ffffffffe760b3db ffffffffc51e5635 ffffffffbe3370e2 0000000000000001 0000000000011773 fffffffffffffb26 000000000000f285 00000000000051fb 00000000000054e5 fffffffffffef5b6 ffffffff7b2c3f45 ffffffffd8b82dc5 fffffffffa05460b fffffffffe3b52bc fffffffffffd02a3 ffffffffffff1da9 000000000b8631cb 0000000000000001 0000000000000001 ffffffffefbe6a4e fffffffff4727bc8 ffffffff8126f93a ffffffffda7cdb09 0000000000000001 ffffffffffffe153 fffffffffffce275 0000000000000006 0000000000000000 000000007ac7ee56 000000006b716e56 000000000ce351aa 0000000087ab4000 00000000f31cae56 000000000087ab40 0000000000f31cae 00000000000ce352 0000000000000000
00000000000001b3 0000000000000001 0000000000000063 00000000000179ef ffffffffffff5c21 00000000000092f1 0000000000007eb3 ffffffffffc19d7b 00000000000a6c00 fffffffffffe8954 0000000000180000 0000000000000000 0000000000000000 ffffffffefbe6a4e fffffffff4727bc8 ffffffff8126f93a ffffffffda7cdb09 0000000000000001 000000000001019a ffffffffffff4c8e 000000000000083f ffffffffffff0022 fffffffffffef8c0 000000000000ab0e 0000000053cad06b ffffffffd9467dd9 0000000016a3ffb5 fffffffff589600b 00000000000b5200 fffffffffffac4b0 00000000452bcb11 0000000000000001 0000000000000001 0000000016ae8d1e fffffffff96c6d25 000000003d26d0b6 ffffffffe3bd1dce 0000000000000001 fffffffffff4daa5 00000000000597f7 0000000000000005 0000000000000000 00000000675899c1 000000007eaa26a2 000000000cfe9fcf 0000000074573990 00000000f3016032 0000000000f30160 00000000000cfea0 000000000074573a 0000000000000000
00000000000001b4 0000000000000001 0000000000000064 fffffffffffe81fe ffffffffffff6690 fffffffffffdd51d 0000000000001a01 00000000000c121e 000000000009a2c9 fffffffffff9fffd 0000000000240000 0000000000000000 0000000000000000 0000000016ae8d1e fffffffff96c6d25 000000003d26d0b6 ffffffffe3bd1dce 0000000000000001 ffffffffffffed70 000000000000e7c7 0000000000009880 000000000000cd9f 0000000000007b29 000000000000c539 0000000066865efb ffffffffc012d9ec 000000001fbf24ec ffffffffec348f3a 00000000000fdf92 fffffffffff61a48 000000004f451c73 0000000000000001 0000000000000001 00000000154cc8ab fffffffff70d8535 0000000046c73a0f ffffffffd3de4ab2 0000000000000001 000000000012a53c 0000000000018194 0000000000000003 0000000000000000 00000000bd9c0633 00000000128d39ca 0000000017eb6002 00000000d5876635 00000000e8149fff 000000000017eb60 0000000000d58766 0000000000e814a0 0000000000000000
00000000000001b5 0000000000000001 0000000000000065 000000000000a8e7 0000000000004213 0000000000000b6f 0000000000000587 000000000018f1c1 0000000000010443 00000000000a1a6a 0000000000060000 0000000000000000 0000000000000000 00000000154cc8ab fffffffff70d8535 0000000046c73a0f ffffffffd3de4ab2 0000000000000001 00000000000056c4 0000000000001f8c 000000000000228d 000000000000fda8 0000000000005a3b 000000000000138c 000000001b169ad7 000000005215aed9 0000000001f43cb2 0000000005ebd9b4 000000000000fa1e 000000000002f5ed 0000000012778721 0000000000000001 0000000000000001 0000000007ee6cfd 000000000bc2cca0 0000000019225e25 000000004c29d525 0000000000000001 0000000000009189 00000000000310be 0000000000000001 0000000000000000 000000004ce1735f 0000000095a5f35f 000000000ebc4ca1 000000005b9dc000 00000000f143b35f 00000000005b9dc0 00000000000ebc4d 0000000000f143b3 0000000000000000
00000000000001b6 0000000000000001 0000000000000066 ffffffffffff096e 000000000001d418 000000000000070e 0000000000004df8 00000000003522a9 000000000000822a 00000000000d350c 0000000000180000 0000000000000000 0000000000000000 0000000007ee6cfd 000000000bc2cca0 0000000019225e25 000000004c29d525 0000000000000001 fffffffffffebd3c 0000000000010a2e 000000000000f11a ffffffffffffa9f1 0000000000016731 000000000000d680 fffffffffff8627f 000000007f6f815c fffffffffffe8272 0000000018f10828 ffffffffffffff41 00000000000c7884 00000000321a9fd6 0000000000000001 0000000000000001 0000000001d827a6 000000000b2f9745 fffffffffff9e00d 00000000667e7934 0000000000000001 fffffffffff44188 fffffffffffbce15 0000000000000004 0000000000000000 000000004d816c09 0000000095275c9c 000000000eab9bae 000000005c2d07b7 00000000f1546453 0000000000f15464 00000000005c2d08 00000000000eab9c 0000000000000000
00000000000001b7 0000000000000001 0000000000000067 fffffffffffe10f4 0000000000002671 ffffffffffff6989 000000000000d74f fffffffffff9e19a 00000000000560ea fffffffffff605a3 0000000000240000 0000000000000000 0000000000000000 0000000001d827a6 000000000b2f9745 fffffffffff9e00d 00000000667e7934 0000000000000001 fffffffffffedb4f 0000000000006d10 ffffffffffff28b9 0000000000008a88 ffffffffffff05e6 ffffffffffff44e3 000000003947dedc ffffffffb9a9d02d 00000000179fef69 ffffffffe2fd912c 00000000000bcff8 fffffffffff17ec9 00000000699586da 0000000000000001 0000000000000001 00000000096164ad ffffffffebbab495 0000000021a7ef73 ffffffffd6ac3f01 0000000000000001 fffffffffffa31d7 ffffffffffee37b4 0000000000000006 0000000000000000 00000000ab6e6e47 000000002f95ae47 00000000127df1b9 00000000bdec6000 00000000ed820e47 0000000000bdec60 0000000000ed820e 0000000000127df2 0000000000000000
00000000000001b8 0000000000000001 0000000000000068 fffffffffffd8661 0000000000022e04 0000000000004970 0000000000006c78 ffffffffffef25e0 fffffffffffa7bf3 fffffffffff2acfd 0000000000060000 0000000000000000 0000000000000000 00000000096164ad ffffffffebbab495 0000000021a7ef73 ffffffffd6ac3f01 0000000000000001 fffffffffffd8719 00000000000117c5 0000000000007612 ffffffffffff1cdb 000000000002b299 0000000000002bab ffffffffc1ba5a97 ffffffff7373b784 fffffffffd7960dc fffffffffa4c9350 fffffffffffebcb0 fffffffffffd264a 000000000a6241da 0000000000000001 0000000000000001 fffffffff8ea916a ffffffffe400dc5f ffffffffc440f9bb ffffffff79272434 0000000000000001 0000000000026f6c 000000000001f258 0000000000000003 0000000000000000 0000000053ed87da 000000008fdd109f 000000000e1ab3c4 0000000062083b9e 00000000f1e54c3d 00000000000e1ab4 000000000062083c 0000000000f1e54c 0000000000000000
00000000000001b9 0000000000000001 0000000000000069 0000000000023e41 fffffffffffe09fb fffffffffffe47f3 0000000000006a14 0000000000459319 fffffffffffe57f6 000000000000a638 0000000000180000 0000000000000000 0000000000000000 fffffffff8ea916a ffffffffe400dc5f ffffffffc440f9bb ffffffff79272434 0000000000000001 000000000002b8dd ffffffffffffdc39 0000000000008330 ffffffffffff242b fffffffffffd9742 fffffffffffeb99d ffffffffffcb278d fffffffffe047432 ffffffffffcb278d fffffffffe047432 ffffffffffffe594 ffffffffffff023a 0000000100000000 0000000000000000 0000000000000000 0000000005c1ed0a 000000000140c504 0000000000000000 0000000000000000 0000000000000000 00000000000098bc 000000000000cc61 0000000000000003 0000000000000000 00000000022bd57c 000000000ec00cd8 00000000778a0ed6 0000000079b5e452 000000008875f12a 0000000000778a0f 000000000079b5e4 00000000008875f1 0000000000000000
00000000000001ba 0000000000000001 000000000000006a 0000000000006804 fffffffffffec849 ffffffffffff8ad3 0000000000006666 000000000021487c fffffffffff61f78 00000000000a8e2c 0000000000240000 0000000000000000 0000000000000000 0000000005c1ed0a 000000000140c504 0000000000000000 0000000000000000 0000000000000000 000000000000d44f ffffffffffff8faf 0000000000009685 ffffffffffff30ed ffffffffffff123b ffffffffffffde05 ffffffffb7b2fa1c 00000000631777e1 ffffffffe9f2cdcc 000000001e39004f fffffffffff4f967 00000000000f1c80 000000004e144834 0000000000000001 0000000000000001 fffffffffb275f99 000000000deb1c27 ffffffffcdc02c50 0000000044de7792 0000000000000001 000000000000089a ffffffffffed4b3d 0000000000000006 0000000000000000 0000000072d68243 00000000738e0243 000000000ccdbdbd 000000007fa44000 00000000f3324243 00000000007fa440 0000000000f33242 00000000000ccdbe 0000000000000000
00000000000001bb 0000000000000001 000000000000006b fffffffffffe1e06 0000000000018e39 ffffffffffff5c51 0000000000005201 ffffffffffe168b5 00000000000d210a 000000000006de13 0000000000060000 0000000000000000 0000000000000000 fffffffffb275f99 000000000deb1c27 ffffffffcdc02c50 0000000044de7792 0000000000000001 fffffffffffe7080 000000000001446a 000000000000e76c ffffffffffff928c 000000000001d013 000000000000de71 000000005dfb23e1 000000003dbfbf8e 00000000053610f8 00000000036c87f4 0000000000029b08 000000000001b644 000000000e31ef89 0000000000000001 0000000000000001 00000000129d0ab5 000000000740bdd7 0000000058c512e9 000000003a53379a 0000000000000001 fffffffffffd569f 0000000000019f9c 0000000000000005 0000000000000000 0000000077fac07f 000000006e5bc2bb 000000000cd4be63 0000000084cf7ee2 00000000f32b419d 0000000000f32b42 00000000000cd4be 000000000084cf7f 0000000000000000
00000000000001bc 0000000000000001 000000000000006c ffffffffffff9aff 0000000000004d28 000000000000c83e 00000000000048c2 000000000009a8bf ffffffffffff97ed 000000000008ab52 0000000000180000 0000000000000000 0000000000000000 00000000129d0ab5 000000000740bdd7 0000000058c512e9 000000003a53379a 0000000000000001 ffffffffffff6032 ffffffffffffb8f0 000000000000fa1f ffffffffffffc972 ffffffffffffdca0 000000000000ab47 00000000103fde08 000000004e696197 00000000050fa915 00000000186c3101 00000000000287d5 00000000000c3619 000000004fbc4975 0000000000000001 0000000000000001 00000000008a9e67 0000000005116dda 000000000b3034f3 0000000035fd3096 0000000000000001 fffffffffff387a3 ffffffffffffdec5 0000000000000004 0000000000000000 000000000265f510 00000000c652da01 000000001ba39878 000000001e098d88 00000000e45c6789 0000000000e45c68 00000000001e098e 00000000001ba398 0000000000000000
00000000000001bd 0000000000000001 000000000000006d ffffffffffffa627 ffffffffffffc229 fffffffffffe97d5 0000000000007ac6 00000000001c4a10 0000000000062873 00000000000a0a83 0000000000240000 0000000000000000 0000000000000000 00000000008a9e67 0000000005116dda 000000000b3034f3 0000000035fd3096 0000000000000001 00000000000050c5 000000000000ac3d 00000000000020cc ffffffffffff021c ffffffffffffc5f6 ffffffffffff4ad5 0000000038516a6c 0000000066d13c2e 0000000011f91294 0000000020cff943 000000000008fc89 00000000001067fd 0000000051b2b29e 0000000000000001 0000000000000001 0000000005dea55c 000000000701ee7c 00000000265857d8 00000000460142eb 0000000000000001 fffffffffff4fc59 fffffffffff0e159 0000000000000004 0000000000000000 00000000ba3b6d51 00000000185ff453 0000000016b24f2e 00000000d0edbc7f 00000000e94db0d2 0000000000e94db1 0000000000d0edbc 000000000016b24f 0000000000000000
00000000000001be 0000000000000001 000000000000006e 000000000000a8e2 ffffffffffffd590 fffffffffffe2668 0000000000002a33 ffffffffffebbc39 fffffffffffd02cc 000000000006a289 0000000000060000 0000000000000000 0000000000000000 0000000005dea55c 000000000701ee7c 00000000265857d8 00000000460142eb 0000000000000001 0000000000011c9a 000000000000f8ed 000000000000dc2f 0000000000008299 000000000001674a ffffffffffff8a35 ffffffffdf831eec 0000000041f481ef fffffffffd3ea697 000000000597f6e2 fffffffffffe9f53 000000000002cbfb 0000000015b6110d 0000000000000001 0000000000000001 fffffffff8fedab0 00000000016a073b ffffffffe2447855 000000003c5c8b0d 0000000000000001 fffffffffffce446 0000000000003dec 0000000000000005 0000000000000000 0000000011e0354d 00000000bdfe872b 000000001810a1c4 0000000029f0d711 00000000e7ef5e3c 0000000000e7ef5e 00000000001810a2 000000000029f0d7 0000000000000000
00000000000001bf 0000000000000001 000000000000006f 000000000001e345 00000000000015be 00000000000278e4 0000000000004382 000000000021cac9 0000000000042a63 00000000000cd9fd 0000000000180000 0000000000000000 0000000000000000 fffffffff8fedab0 00000000016a073b ffffffffe2447855 000000003c5c8b0d 0000000000000001 00000000000067f8 fffffffffffe9f28 000000000000ff0e ffffffffffffea09 fffffffffffe978a ffffffffffffb6b0 0000000029a8bf04 0000000078a413db 000000000824177d 0000000017935437 000000000004120c 00000000000bc9aa 000000003206f731 0000000000000001 0000000000000001 00000000058bf97b 0000000004e907f1 000000002184a787 000000006110bfa4 0000000000000001 fffffffffff3e812 0000000000030b48 0000000000000005 0000000000000000 00000000383dcae6 00000000a56064f3 000000001130e814 00000000496eb2fa 00000000eecf17ed 0000000000eecf18 00000000001130e8 0000000000496eb3 0000000000000000
00000000000001c0 0000000000000001 0000000000000070 000000000000d78e fffffffffffe2916 ffffffffffff60c0 0000000000003f66 000000000002a940 00000000000f0000 fffffffffff10000 0000000000060000 0000000000000000 0000000000000000 00000000058bf97b 0000000004e907f1 000000002184a787 000000006110bfa4 0000000000000001 00000000000161c3 ffffffffffff4c10 000000000000fff9 00000000000003d4 ffffffffffff515f fffffffffffe9b96 000000008e62ec07 ffffffff8e8d2d94 0000000004e06f89 fffffffffc1d4a40 0000000000027038 fffffffffffe0ea5 0000000008c497c9 0000000000000001 0000000000000001 00000000116d2dc4 ffffffffe15f3b83 0000000089827c7e ffffffff926fe354 0000000000000001 000000000001faa3 00000000000268b7 0000000000000003 0000000000000000 0000000025a58c34 00000000b2090936 000000001428b54b 0000000039ce417f 00000000ebd74ab5 00000000001428b5 000000000039ce41 0000000000ebd74b 0000000000000000
00000000000001c1 0000000000000001 0000000000000071 ffffffffffff4b2b 000000000000b7f8 ffffffffffff671a 000000000000909f 00000000003a1eb4 00000000000f0000 fffffffffff10000 0000000000060000 0000000000000000 0000000000000000 00000000116d2dc4 ffffffffe15f3b83 0000000089827c7e ffffffff926fe354 0000000000000001 ffffffffffff7d16 000000000000c27d ffffffffffff9a82 ffffffffffff14fa 0000000000002b15 ffffffffffff198c 000000009304086d ffffffff6e94925d 00000000046ede58 fffffffffb9d73d4 000000000002376f fffffffffffdceba 0000000007b8286c 0000000000000001 0000000000000001 000000000780078e ffffffffe6938aad 000000008e952a15 ffffffff72f71e89 0000000000000001 fffffffffffd188b 0000000000012252 0000000000000005 0000000000000000 0000000053cf85d0 000000008ff61ba6 000000000e1d2f45 0000000061ecb515 00000000f1e2d0bb 0000000000f1e2d1 00000000000e1d2f 000000000061ecb5 0000000000000000
00000000000001c2 0000000000000001 0000000000000072 ffffffffffffa23b 00000000000116f0 fffffffffffd89a9 000000000000224a ffffffffffc6d707 00000000000f0000 fffffffffff10000 0000000000060000 0000000000000000 0000000000000000 000000000780078e ffffffffe6938aad 000000008e952a15 ffffffff72f71e89 0000000000000001 000000000000369f 0000000000020cf8 000000000000bede 000000000000aa9b 000000000001abce 0000000000013521 000000007c0919f3 ffffffff50c5ccf6 00000000039a3ff1 fffffffffae91eda 000000000001cd20 fffffffffffd748f 00000000076f742c 0000000000000001 0000000000000001 fffffffffac73f92 ffffffffef93ccc6 00000000786eda02 ffffffff55dcae1c 0000000000000001 0000000000031901 ffffffffffffa5aa 0000000000000002 0000000000000000 00000000b93665b8 000000001a14173c 00000000165ac186 00000000cf91273e 00000000e9a53e7a 0000000000165ac2 0000000000e9a53e 0000000000cf9127 0000000000000000
00000000000001c3 0000000000000001 0000000000000073 fffffffffffeedc2 fffffffffffd8073 0000000000024d67 000000000000751c 000000000013364c 00000000000f0000 fffffffffff10000 0000000000060000 0000000000000000 0000000000000000 fffffffffac73f92 ffffffffef93ccc6 00000000786eda02 ffffffff55dcae1c 0000000000000001 ffffffffffff59e3 fffffffffffd3a78 000000000000439e ffffffffffff0917 ffffffffffffe4cf 000000000002d837 000000007e63aa9f ffffffff5695c82d 0000000003ba811d fffffffffb008fee 000000000001dd41 fffffffffffd8048 00000000078d5632 0000000000000001 0000000000000001 fffffffff497b331 fffffffffc75876e 000000007aa92982 ffffffff5b95383f 0000000000000001 fffffffffffedca9 000000000002e710 0000000000000001 0000000000000000 00000000b41569fc 000000002269e9fc 0000000014c05604 00000000c8d5c000 00000000eb3fa9fc 0000000000c8d5c0 000000000014c056 0000000000eb3faa 0000000000000000
00000000000001c4 0000000000000001 0000000000000074 fffffffffffe8ceb 0000000000009e3f fffffffffffe7e09 000000000000ffe8 0000000000446deb 00000000000f0000 fffffffffff10000 0000000000060000 0000000000000000 0000000000000000 fffffffff497b331 fffffffffc75876e 000000007aa92982 ffffffff5b95383f 0000000000000001 ffffffffffff5484 0000000000013a33 ffffffffffffff69 0000000000010000 ffffffffffff53cb 00000000000139ce 000000007d0b439a ffffffff78607bb6 00000000043a066c fffffffffb6a6ea6 0000000000021d03 fffffffffffdb537 0000000008a73526 0000000000000001 0000000000000001 ffffffffeea1eeda 000000000a1d6d20 0000000078d13d2e ffffffff7cf60d10 0000000000000001 0000000000021ba9 fffffffffffdb3f8 0000000000000002 0000000000000000 00000000320ae328 00000000a9c13bf9 000000001219f070 000000004424d398 00000000ede60f91 00000000001219f0 0000000000ede610 00000000004424d4 0000000000000000
00000000000001c5 0000000000000001 0000000000000075 000000000000d008 000000000001178e fffffffffffd8bb5 000000000000919d 0000000000575bae 00000000000f0000 fffffffffff10000 0000000000060000 0000000000000000 0000000000000001 ffffffffeea1eeda 000000000a1d6d20 0000000078d13d2e ffffffff7cf60d10 0000000000000001 000000000000fef0 0000000000020c25 ffffffffffff94c5 ffffffffffff178a fffffffffffe3cf5 fffffffffffe8ed6 000000008151d56c 0000000000000000 00000000063c420c 0000000000000000 0000000000031e21 0000000000000000 000000000c57effd 0000000000000001 0000000000000001 ffffffffea54f8a4 0000000000000000 000000007b159360 0000000000000000 0000000000000001 fffffffffffd2b42 fffffffffffeb1b0 0000000000000004 0000000000000000 000000006082aca5 0000000084eee042 000000000d47398d 000000006dc9e632 00000000f2b8c674 0000000000f2b8c6 00000000006dc9e6 00000000000d473a 0000000000000000
00000000000001c6 0000000000000001 0000000000000076 00000000000176d2 0000000000027c28 0000000000026e23 0000000000007fee 00000000004ca8d5 00000000000f0000 fffffffffff10000 0000000000060000 0000000000000000 0000000000000000 ffffffffea54f8a4 0000000000000000 000000007b159360 0000000000000000 0000000000000001 ffffffffffff5672 0000000000000818 000000000000007e ffffffffffff0000 000000000000a992 fffffffffffff83b 00000000676f8c8e ffffffff886041eb 0000000004141034 fffffffffb4888fe 0000000000020a08 fffffffffffda444 000000000a180595 0000000000000001 0000000000000001 ffffffffe2b483f5 ffffffffee42ce9f 00000000635b7c5a ffffffff8d17b8ed 0000000000000001 fffffffffffdf721 0000000000025cbd 0000000000000005 0000000000000000 00000000ae93eed1 000000002aef12dc 00000000133e7f2a 00000000c1d26dfb 00000000ecc180d7 0000000000ecc181 0000000000133e7f 0000000000c1d26e 0000000000000000
00000000000001c7 0000000000000001 0000000000000077 00000000000054cc 0000000000006b40 ffffffffffff3f03 000000000000d21b ffffffffffd0983d 00000000000f0000 fffffffffff10000 0000000000060000 0000000000000000 0000000000000000 ffffffffe2b483f5 ffffffffee42ce9f 00000000635b7c5a ffffffff8d17b8ed 0000000000000001 000000000000551d 000000000000ad57 ffffffffffff18d5 0000000000006dfc ffffffffffff880b 0000000000009754 0000000069c42d54 ffffffff5f9f2c47 00000000036ecdd4 fffffffffacb6e0d 000000000001b767 fffffffffffd65b7 00000000084f1579 0000000000000001 0000000000000001 ffffffffe129f7ac fffffffff2c456b4 0000000066555f80 ffffffff64d3be3a 0000000000000001 fffffffffffe6320 fffffffffffd54f7 0000000000000004 0000000000000000 00000000c52e4d37 0000000004a24e6c 000000001b17b22f 00000000e045ff66 00000000e4e84dd2 0000000000e4e84e 0000000000e045ff 00000000001b17b2 0000000000000000
00000000000001c8 0000000000000001 0000000000000078 000000000000110f 0000000000027281 fffffffffffd8ede 000000000000f903 000000000002059d 00000000000f0000 fffffffffff10000 0000000000060000 0000000000000000 0000000000000000 ffffffffe129f7ac fffffffff2c456b4 0000000066555f80 ffffffff64d3be3a 0000000000000001 0000000000000aea 000000000002d2a1 ffffffffffffd43c 000000000000fc3b ffffffffffff8f37 000000000002c9db 0000000067dcfb10 ffffffff57d82321 000000000346d5f7 fffffffffab1ea50 000000000001a36b fffffffffffd58f5 0000000008138bcc 0000000000000001 0000000000000001 ffffffffdefe8b19 fffffffffcb8df02 0000000064962519 ffffffff5d2638d1 0000000000000001 0000000000012927 fffffffffffd1b41 0000000000000006 0000000000000000 0000000020a05308 00000000b533d308 000000001515ecf8 0000000035b64000 00000000eaea1308 000000000035b640 0000000000eaea13 00000000001515ed 0000000000000000
00000000000001c9 0000000000000001 0000000000000079 ffffffffffff2673 000000000001b232 fffffffffffe92a9 000000000000d992 000000000019c2e4 00000000000f0000 fffffffffff10000 0000000000060000 0000000000000000 0000000000000000 ffffffffdefe8b19 fffffffffcb8df02 0000000064962519 ffffffff5d2638d1 0000000000000001 ffffffffffff5803 000000000001cd9c ffffffffffff30c1 0000000000009648 fffffffffffe27b0 00000000000086fc 0000000071eb5580 ffffffff78b68c3c 0000000004042c16 fffffffffb3af9a8 0000000000020216 fffffffffffd9d7d 000000000906839c 0000000000000001 0000000000000001 ffffffffded69ad1 000000000ae47850 000000006de7296a ffffffff7d7b9294 0000000000000001 ffffffffffff3f8b fffffffffffcf96d 0000000000000006 0000000000000000 000000009fe94042 000000003faec042 000000001033ffbe 00000000b01d4000 00000000efcc0042 0000000000b01d40 0000000000efcc00 0000000000103400 0000000000000000
00000000000001ca 0000000000000001 000000000000007a fffffffffffdde18 00000000000077f3 fffffffffffe4b03 0000000000006236 0000000000534898 00000000000f0000 fffffffffff10000 0000000000060000 0000000000000000 0000000000000000 ffffffffded69ad1 000000000ae47850 000000006de7296a ffffffff7d7b9294 0000000000000001 fffffffffffefdbd 000000000001418c 000000000000aaf9 ffffffffffff4176 00000000000196f9 ffffffffffffbd28 0000000053eb327a ffffffff96802d02 0000000003e1b322 fffffffffb1ec294 000000000001f0da fffffffffffd8f61 000000000bd759cb 0000000000000001 0000000000000001 ffffffffd8bfb5bf 000000001387c3df 0000000050097f58 ffffffff9b616a6e 0000000000000001 0000000000002f5b 0000000000031cbb 0000000000000001 0000000000000000 000000006727e8e0 000000007ed568e0 000000000d015720 0000000074294000 00000000f2fea8e0 0000000000742940 00000000000d0157 0000000000f2fea9 0000000000000000
00000000000001cb 0000000000000001 000000000000007b fffffffffffdc77b 0000000000009e9b 000000000001a133 0000000000006a51 ffffffffffa94f50 00000000000f0000 fffffffffff10000 0000000000060000 0000000000000000 0000000000000000 ffffffffd8bfb5bf 000000001387c3df 0000000050097f58 ffffffff9b616a6e 0000000000000001 fffffffffffdc50c ffffffffffff6ab4 00000000000081ec ffffffffffff236b 000000000001a031 000000000001a268 000000004def073c ffffffff75ae1559 00000000030f90f8 fffffffffa914b3d 00000000000187c8 fffffffffffd48a6 000000000a0de474 0000000000000001 0000000000000001 ffffffffd8970610 0000000013f1453f 000000004adf7644 ffffffff7b1cca1c 0000000000000001 0000000000000f51 0000000000031dfb 0000000000000001 0000000000000000 000000006f5898a9 00000000770118a9 000000000cd32757 000000007c2bc000 00000000f32cd8a9 00000000007c2bc0 00000000000cd327 0000000000f32cd9 0000000000000000
00000000000001cc 0000000000000001 000000000000007c 0000000000024576 000000000001fe5d fffffffffffda734 0000000000008193 ffffffffffcd1d1e 00000000000f0000 fffffffffff10000 0000000000060000 0000000000000000 0000000000000000 ffffffffd8970610 0000000013f1453f 000000004adf7644 ffffffff7b1cca1c 0000000000000001 000000000001a1ca 0000000000028186 fffffffffffff62f ffffffffffff0030 fffffffffffe45eb fffffffffffd8ef7 000000006a193008 ffffffff9f806c1f 00000000049ce26b fffffffffbcdf700 0000000000024e71 fffffffffffde6fb 000000000b214d78 0000000000000001 0000000000000001 ffffffffdd6fcc69 000000001fa36108 00000000657c4d9d ffffffffa3b2751f 0000000000000001 fffffffffffd9d66 00000000000201fc 0000000000000005 0000000000000000 000000009460f3f8 000000004e771eb8 000000000e93f6a8 00000000a2f4eaa0 00000000f16c0958 0000000000f16c09 00000000000e93f7 0000000000a2f4eb 0000000000000000
00000000000001cd 0000000000000001 000000000000007d fffffffffffea1c5 ffffffffffff962a ffffffffffff9dcc 0000000000006d24 0000000000342108 00000000000f0000 fffffffffff10000 0000000000060000 0000000000000000 0000000000000000 ffffffffdd6fcc69 000000001fa36108 00000000657c4d9d ffffffffa3b2751f 0000000000000001 ffffffffffff5a86 fffffffffffffb98 0000000000007250 ffffffffffff1af0 0000000000009219 0000000000004dd5 000000005b46efbf ffffffffa1908601 0000000004555e59 fffffffffb843ec7 0000000000022aaf fffffffffffdc21f 000000000c276302 0000000000000001 0000000000000001 ffffffffda3d0320 000000001ff6a811 0000000056f19166 ffffffffa60c473a 0000000000000001 ffffffffffff0ff0 000000000002f92d 0000000000000001 0000000000000000 00000000a9e0f00b 0000000031d8f00b 0000000012230ff5 00000000bc040000 00000000eddcf00b 0000000000bc0400 0000000000122310 0000000000eddcf0 0000000000000000
00000000000001ce 0000000000000001 000000000000007e ffffffffffff2437 ffffffffffffc081 fffffffffffed969 000000000000f0b6 ffffffffffb078cd 00000000000f0000 fffffffffff10000 0000000000060000 0000000000000000 0000000000000000 ffffffffda3d0320 000000001ff6a811 0000000056f19166 ffffffffa60c473a 0000000000000001 ffffffffffffe4d7 000000000000856c ffffffffffffa221 000000000000ee2b ffffffffffffb5cf 000000000000722b 000000005fc4051e ffffffff8e107c61 0000000004031394 fffffffffb3a0dab 000000000002018a fffffffffffd9d07 000000000ab99248 0000000000000001 0000000000000001 ffffffffdaf7d0c3 000000001fa68304 000000005bc0f18a ffffffff92d66eb6 0000000000000001 000000000000fdbc fffffffffffd0b47 0000000000000006 0000000000000000 000000002dc965cd 00000000aca765cd 0000000012c79a33 0000000040910000 00000000ed3865cd 0000000000409100 0000000000ed3866 000000000012c79a 0000000000000000
00000000000001cf 0000000000000001 000000000000007f fffffffffffebfa5 ffffffffffffaea4 ffffffffffff4c41 0000000000005f47 ffffffffffad6d7b 00000000000f0000 fffffffffff10000 0000000000060000 0000000000000000 0000000000000000 ffffffffdaf7d0c3 000000001fa68304 000000005bc0f18a ffffffff92d66eb6 0000000000000001 ffffffffffff8177 00000000000038ce 000000000000b841 ffffffffffff4e46 00000000000080bb 00000000000033a3 00000000598385d4 ffffffff8f3a5a55 0000000003e068a8 fffffffffb1dbbfb 000000000001f034 fffffffffffd8ede 000000000b162f7c 0000000000000001 0000000000000001 ffffffffd9cbe199 0000000023780921 0000000055a31d2c ffffffff941c9e5a 0000000000000001 0000000000006973 0000000000031722 0000000000000001 0000000000000000 0000000057d3147b 000000008c8c947b 000000000dd02b85 0000000065a34000 00000000f22fd47b 000000000065a340 00000000000dd02c 0000000000f22fd4 0000000000000000
00000000000001d0 0000000000000001 0000000000000080 0000000000008eb3 ffffffffffff37e6 000000000001ba93 0000000000002232 ffffffffffef6014 00000000000f0000 fffffffffff10000 0000000000060000 0000000000000000 0000000000000000 ffffffffd9cbe199 0000000023780921 0000000055a31d2c ffffffff941c9e5a 0000000000000001 0000000000000e4f fffffffffffe8cf4 000000000000be79 000000000000ab0b fffffffffffef57d fffffffffffefd72 0000000065b231d8 ffffffffa71f4da4 0000000004b1ede1 fffffffffbe5919c 00000000000258f7 fffffffffffdf2c9 000000000bd19f3d 0000000000000001 0000000000000001 ffffffffdbad7991 000000002877e62d 00000000610043f7 ffffffffab39bc08 0000000000000001 000000000003184e 0000000000006039 0000000000000003 0000000000000000 00000000b8302312 000000001bc722f5 0000000016045cfd 00000000ce34800f 00000000e9fba304 000000000016045d 0000000000ce3480 0000000000e9fba3 0000000000000000
00000000000001d1 0000000000000001 0000000000000081 ffffffffffff79f3 fffffffffffe57fa 00000000000123ee 000000000000f62c 00000000005630a2 00000000000f0000 fffffffffff10000 0000000000060000 0000000000000000 0000000000000000 ffffffffdbad7991 000000002877e62d 00000000610043f7 ffffffffab39bc08 0000000000000001 ffffffffffffd2aa fffffffffffe62a6 ffffffffffffc2d8 000000000000f897 00000000000036b9 fffffffffffe63c8 000000005d2c0433 ffffffffbfdc14e3 000000000522d370 fffffffffc76dd04 000000000002916a fffffffffffe3b6f 000000000e1ca071 0000000000000001 0000000000000001 ffffffffd9cc9354 00000000298e6e6f 00000000580930c3 ffffffffc36537df 0000000000000001 0000000000021245 fffffffffffdab7c 0000000000000002 0000000000000000 000000002e786535 00000000ac344125 0000000012a9acd3 0000000041221208 00000000ed56532d 000000000012a9ad 0000000000ed5653 0000000000412212 0000000000000000
00000000000001d2 0000000000000001 0000000000000082 ffffffffffff6cad fffffffffffe08ca ffffffffffff5d43 000000000000500e 00000000003be3c4 00000000000f0000 fffffffffff10000 0000000000060000 0000000000000000 0000000000000000 ffffffffd9cc9354 00000000298e6e6f 00000000580930c3 ffffffffc36537df 0000000000000001 0000000000007bc5 ffffffffffff3b6e 000000000000ec66 ffffffffffff9dc3 ffffffffffff1afc ffffffffffffd924 000000006482dbef ffffffffb04363fd 0000000004e28986 fffffffffc1feeef 0000000000027145 fffffffffffe0ff7 000000000c711814 0000000000000001 0000000000000001 ffffffffdb06ebc4 000000002415093f 000000005fa05269 ffffffffb423750e 0000000000000001 000000000000da1d 000000000002ffbe 0000000000000001 0000000000000000 0000000038484fdf 00000000a556cfdf 0000000011307021 000000004978c000 00000000eecf8fdf 00000000004978c0 0000000000113070 0000000000eecf90 0000000000000000
00000000000001d3 0000000000000001 0000000000000083 fffffffffffe73d4 0000000000018a9b 0000000000012d59 0000000000000f9b ffffffffffb6a04e 00000000000f0000 fffffffffff10000 0000000000060000 0000000000000000 0000000000000000 ffffffffdb06ebc4 000000002415093f 000000005fa05269 ffffffffb423750e 0000000000000001 fffffffffffe0fe6 00000000000035d8 0000000000005f9b 000000000000ed7a fffffffffffe47e7 000000000000eb39 000000006d2301f5 ffffffff8f48ea44 0000000004565fd3 fffffffffb8537dd 0000000000022b30 fffffffffffdc29c 000000000a2c957e 0000000000000001 0000000000000001 ffffffffdbb6c5b9 000000002064017e 0000000068cca222 ffffffff93c3b267 0000000000000001 000000000002d927 fffffffffffebb70 0000000000000002 0000000000000000 00000000877161cb 000000005db21eed 000000000d6e3fa4 0000000094dfa16f 00000000f291c05c 00000000000d6e40 0000000000f291c0 000000000094dfa1 0000000000000000
00000000000001d4 0000000000000001 0000000000000084 ffffffffffff5313 fffffffffffed309 0000000000009e2a 000000000000e747 00000000000864ea 00000000000f0000 fffffffffff10000 0000000000060000 0000000000000000 0000000000000000 ffffffffdbb6c5b9 000000002064017e 0000000068cca222 ffffffff93c3b267 0000000000000001 ffffffffffffbc51 fffffffffffef6ec ffffffffffff6df6 000000000000d242 0000000000005fa1 fffffffffffeffad 000000005b5beb60 ffffffffa7723ba3 00000000047a2f64 fffffffffba90281 0000000000023d18 fffffffffffdd481 000000000c8bc29a 0000000000000001 0000000000000001 ffffffffd8162023 00000000257302b2 0000000056e1bbfc ffffffffabc93922 0000000000000001 00000000000099cd fffffffffffcf0d5 0000000000000006 0000000000000000 000000004a9648ca 00000000977cc8ca 000000000ef67736 00000000598cc000 00000000f10988ca 0000000000598cc0 0000000000f10989 00000000000ef677 0000000000000000
00000000000001d5 0000000000000001 0000000000000085 0000000000019167 0000000000008f96 fffffffffffe08fc 000000000000a097 ffffffffffa587f9 00000000000f0000 fffffffffff10000 0000000000060000 0000000000000000 0000000000000000 ffffffffd8162023 00000000257302b2 0000000056e1bbfc ffffffffabc93922 0000000000000001 000000000001836a 0000000000017550 ffffffffffff486e ffffffffffff4d91 fffffffffffde647 000000000000119a 000000006d4f5032 ffffffff95e1a6c7 00000000047951d6 fffffffffba81e1b 0000000000023ca9 fffffffffffdd40f 000000000a7a4d10 0000000000000001 0000000000000001 ffffffffdaf9614a 00000000246f820d 0000000068d5fe5c ffffffff9a3988ac 0000000000000001 fffffffffffce234 ffffffffffffe8db 0000000000000004 0000000000000000 0000000006ae72e1 00000000c41bd333 000000001a9adcf6 0000000021494fd7 00000000e565230a 0000000000e56523 0000000000214950 00000000001a9add 0000000000000000
00000000000001d6 0000000000000001 0000000000000086 fffffffffffd8aa3 0000000000017195 ffffffffffff1c0e 00000000000059c9 000000000025ca88 00000000000f0000 fffffffffff10000 0000000000060000 0000000000000000 0000000000000000 ffffffffdaf9614a 00000000246f820d 0000000068d5fe5c ffffffff9a3988ac 0000000000000001 fffffffffffe2d35 00000000000158fb 000000000000ce70 ffffffffffff689b 0000000000022a3f 000000000000ac67 000000004aded839 ffffffffa14c81a8 0000000003ddfa93 fffffffffb1bcf2e 000000000001eefd fffffffffffd8de8 000000000d38f913 0000000000000001 0000000000000001 ffffffffd537665b 000000002637b452 000000004700dda6 ffffffffa630b27a 0000000000000001 000000000000d427 000000000003016b 0000000000000001 0000000000000000 000000003a03bb23 00000000a4173b23 0000000010f284dd 000000004af64000 00000000ef0d7b23 00000000004af640 000000000010f285 0000000000ef0d7b 0000000000000000
00000000000001d7 0000000000000001 0000000000000087 0000000000000809 fffffffffffdfc74 0000000000003f15 000000000000b69e 00000000003fa48a 00000000000f0000 fffffffffff10000 0000000000060000 0000000000000000 0000000000000000 ffffffffd537665b 000000002637b452 000000004700dda6 ffffffffa630b27a 0000000000000001 0000000000009c2e fffffffffffeb1ee ffffffffffff06c5 ffffffffffffc585 000000000001218f 000000000000e45d 000000004e064759 ffffffffa4c8cc23 00000000040d99fb fffffffffb42fa54 00000000000206cd fffffffffffda17d 000000000d4c640d 0000000000000001 0000000000000001 ffffffffd7734cbc 000000002558f454 0000000049f8ad5e ffffffffa985d1cf 0000000000000001 fffffffffffd3b03 fffffffffffe9178 0000000000000004 0000000000000000 0000000069cfbc0a 000000007c582a28 000000000cec0ce7 0000000076bbc8f1 00000000f313f319 0000000000f313f3 000000000076bbc9 00000000000cec0d 0000000000000000
00000000000001d8 0000000000000001 0000000000000088 ffffffffffff35b3 0000000000018573 0000000000013ac1 0000000000001a8d 000000000018436b 00000000000f0000 fffffffffff10000 0000000000060000 0000000000000000 0000000000000000 ffffffffd7734cbc 000000002558f454 0000000049f8ad5e ffffffffa985d1cf 0000000000000001 fffffffffffe8e65 0000000000002b20 0000000000009b3f 000000000000cb8e fffffffffffef444 000000000001026e 00000000635d660f ffffffff9cff4b31 00000000046ac882 fffffffffb995658 0000000000023564 fffffffffffdccab 000000000b614f2d 0000000000000001 0000000000000001 ffffffffdbaba128 0000000023abf387 000000005ef29d8d ffffffffa165f4d9 0000000000000001 000000000003172f ffffffffffff96f2 0000000000000002 0000000000000000 00000000b6a20ca1 000000001e53d97d 0000000015850cf1 00000000cc271992 00000000ea7af30f 000000000015850d 0000000000ea7af3 0000000000cc271a 0000000000000000
00000000000001d9 0000000000000001 0000000000000089 000000000000c2d4 fffffffffffe8ec2 fffffffffffd8bec 0000000000001e70 ffffffffffeed3e3 00000000000f0000 fffffffffff10000 0000000000060000 0000000000000000 0000000000000000 ffffffffdbaba128 0000000023abf387 000000005ef29d8d ffffffffa165f4d9 0000000000000001 000000000001ce54 0000000000009570 000000000000adf2 000000000000bbd4 000000000001b8c0 ffffffffffff3381 000000004f79d482 ffffffffa53de9b3 00000000041b9c96 fffffffffb4f1a7c 0000000000020dce fffffffffffda78d 000000000d3b5947 0000000000000001 0000000000000001 ffffffffd86a6af3 0000000025c37ce0 000000004b5e37ec ffffffffa9eecf37 0000000000000001 00000000000319c6 ffffffffffffacb8 0000000000000002 0000000000000000 00000000ba6c5037 00000000180aba8a 0000000016c47aa0 00000000d130cad7 00000000e93b8561 000000000016c47b 0000000000e93b85 0000000000d130cb 0000000000000000
00000000000001da 0000000000000001 000000000000008a 0000000000010f29 000000000000a2c1 fffffffffffe02bb 000000000000d8ea ffffffffffddf0bd 00000000000f0000 fffffffffff10000 0000000000060000 0000000000000000 0000000000000000 ffffffffd86a6af3 0000000025c37ce0 000000004b5e37ec ffffffffa9eecf37 0000000000000001 0000000000012848 00000000000183fe ffffffffffff2e5c 00000000000092ed ffffffffffff6c50 000000000001d14f 00000000608a4d37 ffffffff8e4bcf44 000000000409247d fffffffffb3f2d88 0000000000020492 fffffffffffd9f97 000000000ab3a124 0000000000000001 0000000000000001 ffffffffdbccfbd8 00000000230c55d0 000000005c8128ba ffffffff930ca1bc 0000000000000001 ffffffffffff363e fffffffffffcfbcb 0000000000000006 0000000000000000 00000000a1e508f6 000000003d0408f6 00000000108b770a 00000000b2708000 00000000ef7488f6 0000000000b27080 0000000000ef7489 0000000000108b77 0000000000000000
00000000000001db 0000000000000001 000000000000008b ffffffffffffa5ed 00000000000186ba fffffffffffe78d7 00000000000097cd 00000000004b3952 00000000000f0000 fffffffffff10000 0000000000060000 0000000000000000 0000000000000000 ffffffffdbccfbd8 00000000230c55d0 000000005c8128ba ffffffff930ca1bc 0000000000000001 ffffffffffffc419 000000000001c36b ffffffffffff72d6 ffffffffffff2a70 ffffffffffff390d fffffffffffe6662 0000000065e05a69 ffffffffb8894bfd 00000000051accb3 fffffffffc6b5039 0000000000028d66 fffffffffffe35a8 000000000cd3ca66 0000000000000001 0000000000000001 ffffffffdbfee825 0000000028f59ae7 0000000060c58db6 ffffffffbc1dfbc4 0000000000000001 fffffffffffce22d 0000000000001611 0000000000000005 0000000000000000 00000000065ec5ac 00000000c4456937 000000001aade88f 00000000210cae3b 00000000e5521772 0000000000e55217 00000000001aade9 0000000000210cae 0000000000000000
00000000000001dc 0000000000000001 000000000000008c fffffffffffe7380 0000000000007720 00000000000149da 00000000000018d7 00000000001552a7 00000000000f0000 fffffffffff10000 0000000000060000 0000000000000000 0000000000000000 ffffffffdbfee825 0000000028f59ae7 0000000060c58db6 ffffffffbc1dfbc4 0000000000000001 fffffffffffe6201 ffffffffffff8656 0000000000009286 000000000000d1ec fffffffffffe66e3 0000000000008930 000000006cc63614 ffffffffa44bde81 0000000004c46b49 fffffffffbfb1be3 0000000000026236 fffffffffffdfd8e 000000000b3840f7 0000000000000001 0000000000000001 ffffffffdc4f6538 0000000024203dc1 000000006801cacb ffffffffa850c29e 0000000000000001 0000000000031ad3 ffffffffffffb769 0000000000000002 0000000000000000 00000000bc3a9a8a 0000000014f49a36 00000000176865a0 00000000d3a3002a 00000000e8979a60 0000000000176866 0000000000e8979a 0000000000d3a300 0000000000000000
00000000000001dd 0000000000000001 000000000000008d 0000000000025f1a ffffffffffff1e24 ffffffffffff24dc 000000000000f90d ffffffffffca8f81 00000000000f0000 fffffffffff10000 0000000000060000 0000000000000000 0000000000000000 ffffffffdc4f6538 0000000024203dc1 000000006801cacb ffffffffa850c29e 0000000000000001 0000000000022912 fffffffffffffc1f ffffffffffffd486 000000000000fc48 00000000000221b2 0000000000005a1b 000000004ca70244 ffffffff963f58cb 0000000003a8ce43 fffffffffaf38c0b 000000000001d467 fffffffffffd79c6 000000000c38b315 0000000000000001 0000000000000001 ffffffffd6c1fcf7 00000000237883a0 0000000048fe3401 ffffffff9b4bccc0 0000000000000001 0000000000015fd9 fffffffffffd339d 0000000000000006 0000000000000000 000000000f6fc2fd 00000000bf5c42fd 000000001899fd03 000000002809c000 00000000e76602fd 00000000002809c0 0000000000e76603 00000000001899fd 0000000000000000
00000000000001de 0000000000000001 000000000000008e 0000000000014460 ffffffffffffa9f2 0000000000023915 0000000000006c5a ffffffffffd2e651 00000000000f0000 fffffffffff10000 0000000000060000 0000000000000000 0000000000000000 ffffffffd6c1fcf7 00000000237883a0 0000000048fe3401 ffffffff9b4bccc0 0000000000000001 000000000000373d fffffffffffe85c2 00000000000076c5 ffffffffffff1d38 ffffffffffff1f95 0000000000013572 000000006178bde3 ffffffff8fd3fc59 00000000041701e6 fffffffffb4b164d 0000000000020b81 fffffffffffda58b 000000000abddd83 0000000000000001 0000000000000001 ffffffffdaf91533 0000000024677621 000000005d61bbfd ffffffff9488e60c 0000000000000001 ffffffffffff47c1 0000000000030892 0000000000000001 0000000000000000 000000009e25815e 000000004206015e 000000000fea3ea2 00000000ae0fc000 00000000f015c15e 0000000000ae0fc0 00000000000fea3f 0000000000f015c1 0000000000000000
00000000000001df 0000000000000001 000000000000008f 0000000000008f0c 000000000001b0c9 00000000000132ae 000000000000d04b 00000000001745f2 00000000000f0000 fffffffffff10000 0000000000060000 0000000000000000 0000000000000000 ffffffffdaf91533 0000000024677621 000000005d61bbfd ffffffff9488e60c 0000000000000001 ffffffffffff68e0 00000000000048ce ffffffffffff142b 0000000000006399 ffffffffffff8223 ffffffffffff911b 00000000622c3f4e ffffffffa88cdd06 0000000004a7f12d fffffffffbda3fee 00000000000253f9 fffffffffffded20 000000000c2429af 0000000000000001 0000000000000001 ffffffffdaa77be7 0000000028a2b10f 000000005d844e21 ffffffffacb29d18 0000000000000001 fffffffffffefed0 fffffffffffd0c71 0000000000000006 0000000000000000 00000000ad5962e7 000000002cc162e7 0000000012f29d19 00000000c04c0000 00000000ed0d62e7 0000000000c04c00 0000000000ed0d63 000000000012f29d 0000000000000000
00000000000001e0 0000000000000001 0000000000000090 00000000000134c3 0000000000013005 000000000001a153 0000000000001fc8 000000000016e3d9 00000000000f0000 fffffffffff10000 0000000000060000 0000000000000000 0000000000000000 ffffffffdaa77be7 0000000028a2b10f 000000005d844e21 ffffffffacb29d18 0000000000000001 ffffffffffffdd65 ffffffffffffbe95 000000000000b40b 000000000000b5fd ffffffffffffb964 ffffffffffffe9d5 000000005ff15262 ffffffffa9b8b473 0000000004a2eb4b fffffffffbd4a336 0000000000025176 fffffffffffdea52 000000000c5f0258 0000000000000001 0000000000000001 ffffffffda0d7ec1 00000000279fa34e 000000005b4e6717 ffffffffade4113d 0000000000000001 0000000000031d38 00000000000025fd 0000000000000003 0000000000000000 00000000c1d25bbc 000000000af77207 00000000199b191f 00000000db6d74db 00000000e664e6e2 0000000000199b19 0000000000db6d75 0000000000e664e7 0000000000000000
00000000000001e1 0000000000000001 0000000000000091 fffffffffffe9b29 000000000000812a 000000000001c816 00000000000021f4 ffffffffffc0effc 00000000000f0000 fffffffffff10000 0000000000060000 0000000000000000 0000000000000000 ffffffffda0d7ec1 00000000279fa34e 000000005b4e6717 ffffffffade4113d 0000000000000001 fffffffffffe4f05 ffffffffffff4341 000000000000bd7c 000000000000ac23 fffffffffffe5128 000000000000c191 000000006bc7356a ffffffff95a149d3 0000000004701f5f fffffffffb9eb8bd 0000000000023810 fffffffffffdcf5c 000000000a8a9306 0000000000000001 0000000000000001 ffffffffdb8f9081 00000000255fd926 000000006757160b ffffffff9a029116 0000000000000001 0000000000031cf1 0000000000002b7c 0000000000000003 0000000000000000 00000000c0f58805 000000000c8d9f74 00000000193e6c44 00000000da33f449 00000000e6c193bd 0000000000193e6c 0000000000da33f4 0000000000e6c194 0000000000000000
00000000000001e2 0000000000000001 0000000000000092 fffffffffffec136 ffffffffffffb1c9 ffffffffffff10fc 000000000000f6d4 ffffffffffd11bb6 00000000000f0000 fffffffffff10000 0000000000060000 0000000000000000 0000000000000000 ffffffffdb8f9081 00000000255fd926 000000006757160b ffffffff9a029116 0000000000000001 ffffffffffff9538 0000000000005cd6 ffffffffffffc6db 000000000000f98a ffffffffffff8331 00000000000042a8 0000000062bb6d91 ffffffff99b217c2 0000000004547e66 fffffffffb83667c 0000000000022a3f fffffffffffdc1b3 000000000b3a2f42 0000000000000001 0000000000000001 ffffffffd93ed874 0000000027b058de 000000005e66ef2b ffffffff9e2eb146 0000000000000001 0000000000019c10 fffffffffffd5479 0000000000000002 0000000000000000 00000000045c1ece 00000000c552acfc 000000001b289a1b 000000001f84b8e9 00000000e4d765e5 00000000001b289a 0000000000e4d766 00000000001f84b9 0000000000000000
00000000000001e3 0000000000000001 0000000000000093 fffffffffffe85a8 fffffffffffdcdb0 fffffffffffe993f 0000000000000719 ffffffffffdde322 00000000000f0000 fffffffffff10000 0000000000060000 0000000000000000 0000000000000000 ffffffffd93ed874 0000000027b058de 000000005e66ef2b ffffffff9e2eb146 0000000000000001 00000000000036cb ffffffffffff8a7a 0000000000002c59 000000000000fc21 000000000000219b ffffffffffff82c3 000000005aeaba54 ffffffffa441b748 0000000004639b56 fffffffffb922e20 00000000000231ce fffffffffffdc917 000000000c5bce02 0000000000000001 0000000000000001 ffffffffd7fc0948 000000002a0e9dac 0000000056871efe ffffffffa8af8928 0000000000000001 0000000000028b84 fffffffffffe32fc 0000000000000002 0000000000000000 000000006056c7ae 0000000085166831 000000000d496811 000000006da02fbf 00000000f2b697f0 00000000000d4968 0000000000f2b698 00000000006da030 0000000000000000
00000000000001e4 0000000000000001 0000000000000094 000000000001a424 000000000000c556 0000000000025dc5 000000000000b3bd 0000000000004736 00000000000f0000 fffffffffff10000 0000000000060000 0000000000000000 0000000000000000 ffffffffd7fc0948 000000002a0e9dac 0000000056871efe ffffffffa8af8928 0000000000000001 0000000000000c64 ffffffffffff1431 ffffffffffff0b83 ffffffffffffb417 000000000000dd88 00000000000051c2 00000000534f18c8 ffffffffa46f88e2 0000000004323e80 fffffffffb634e40 000000000002191f fffffffffffdb1a7 000000000ce50b02 0000000000000001 0000000000000001 ffffffffd76db294 00000000295dd362 000000004f1cda48 ffffffffa90c3aa2 0000000000000001 fffffffffffd2cee fffffffffffeae16 0000000000000004 0000000000000000 00000000618cd727 0000000083feccf8 000000000d3a2df1 000000006ec70518 00000000f2c5d210 0000000000f2c5d2 00000000006ec705 00000000000d3a2e 0000000000000000
00000000000001e5 0000000000000001 0000000000000095 fffffffffffed49b 0000000000016479 ffffffffffffe552 0000000000008010 00000000002327b3 00000000000f0000 fffffffffff10000 0000000000060000 0000000000000000 0000000000000000 ffffffffd76db294 00000000295dd362 000000004f1cda48 ffffffffa90c3aa2 0000000000000001 fffffffffffeca78 000000000000dd36 ffffffffffffff9b ffffffffffff0000 0000000000013531 ffffffffffff2250 000000004fdf33a5 ffffffffb326f115 00000000047e4a46 fffffffffbad42b4 0000000000023f25 fffffffffffdd6a1 000000000e66d532 0000000000000001 0000000000000001 ffffffffd7f322a0 000000002a02145d 000000004b60e95f ffffffffb779ae61 0000000000000001 fffffffffffdc001 000000000002287c 0000000000000005 0000000000000000 000000009f7e3747 000000004041d217 00000000101ffb51 00000000af9e3298 00000000efe004af 0000000000efe005 0000000000101ffb 0000000000af9e33 0000000000000000
00000000000001e6 0000000000000001 0000000000000096 fffffffffffdf0b8 ffffffffffff926d 0000000000025a3f 000000000000da7b ffffffffffd006ed 00000000000f0000 fffffffffff10000 0000000000060000 0000000000000000 0000000000000000 ffffffffd7f322a0 000000002a02145d 000000004b60e95f ffffffffb779ae61 0000000000000001 fffffffffffdfc40 fffffffffffe6508 ffffffffffff3426 0000000000009adb 0000000000000f46 fffffffffffd6cb7 0000000059df7e51 ffffffffb6d42761 0000000004d5dec3 fffffffffc102c10 0000000000026aef fffffffffffe0816 000000000dc60717 0000000000000001 0000000000000001 ffffffffda940dcd 0000000029ca3239 0000000055099f8e ffffffffbac3fb51 0000000000000001 ffffffffffffe522 fffffffffffce254 0000000000000006 0000000000000000 0000000079d8f1aa 000000006c69f1aa 000000000cde8e56 0000000086b78000 00000000f32171aa 000000000086b780 0000000000f32172 00000000000cde8e 0000000000000000
00000000000001e7 0000000000000001 0000000000000097 0000000000008c9d 00000000000075bb fffffffffffea8ee 0000000000004bfd ffffffffffec9b60 00000000000f0000 fffffffffff10000 0000000000060000 0000000000000000 0000000000000000 ffffffffda940dcd 0000000029ca3239 0000000055099f8e ffffffffbac3fb51 0000000000000001 000000000000a8dc 0000000000010a0b 000000000000f501 ffffffffffffb5c8 000000000000cda9 ffffffffffff1143 00000000566182ca ffffffffac43418c 00000000047a2073 fffffffffba8f317 0000000000023d10 fffffffffffdd47a 000000000d44ae93 0000000000000001 0000000000000001 ffffffffda64d270 0000000026f78134 0000000051e76257 ffffffffb09a4e75 0000000000000001 0000000000016d85 000000000002c581 0000000000000001 0000000000000000 000000000b067243 00000000c1c8f243 0000000019984dbd 00000000249ec000 00000000e667b243 0000000000249ec0 000000000019984e 0000000000e667b2 0000000000000000
00000000000001e8 0000000000000001 0000000000000098 0000000000015a6c fffffffffffe7e43 fffffffffffe6ac8 000000000000ea8e 000000000062ec34 00000000000f0000 fffffffffff10000 0000000000060000 0000000000000000 0000000000000000 ffffffffda64d270 0000000026f78134 0000000051e76257 ffffffffb09a4e75 0000000000000001 000000000001ee9b 0000000000000b3f ffffffffffff7f59 000000000000dd53 000000000001a5f5 0000000000010249 000000004e8a139e ffffffffa9ce5b10 0000000004331df7 fffffffffb6419b8 000000000002198f fffffffffffdb20d 000000000db05b67 0000000000000001 0000000000000001 ffffffffd9d5b9e6 0000000023e02cec 000000004a56f5a7 ffffffffae6a4158 0000000000000001 000000000000a844 fffffffffffcf3d0 0000000000000006 0000000000000000 00000000468a6873 000000009aac6873 000000000f64978d 0000000055ef0000 00000000f09b6873 000000000055ef00 0000000000f09b68 00000000000f6498 0000000000000000
00000000000001e9 0000000000000001 0000000000000099 fffffffffffef1fc 0000000000025ddb 00000000000041b4 0000000000008915 00000000000f6db8 00000000000f0000 fffffffffff10000 0000000000060000 0000000000000000 0000000000000000 ffffffffd9d5b9e6 0000000023e02cec 000000004a56f5a7 ffffffffae6a4158 0000000000000001 fffffffffffe6c22 00000000000137db ffffffffffffc76e ffffffffffff0654 00000000000144f9 fffffffffffe769c 0000000051b785b2 ffffffffb0a6ead6 00000000047933b7 fffffffffba7ff17 0000000000023c9a fffffffffffdd400 000000000e03a6d5 0000000000000001 0000000000000001 ffffffffdb3cd778 00000000243d179e 000000004d3e51fb ffffffffb4feebbf 0000000000000001 fffffffffffd56b0 0000000000019fb9 0000000000000005 0000000000000000 0000000078031fae 000000006e535333 000000000cd4c690 0000000084d7e63e 00000000f32b3971 0000000000f32b39 00000000000cd4c7 000000000084d7e6 0000000000000000
00000000000001ea 0000000000000001 000000000000009a 0000000000016a06 000000000001b43d fffffffffffda62c 0000000000008658 000000000012880c 00000000000f0000 fffffffffff10000 0000000000060000 0000000000000000 0000000000000001 ffffffffdb3cd778 00000000243d179e 000000004d3e51fb ffffffffb4feebbf 0000000000000001 000000000001288d 0000000000025753 ffffffffffffd84d ffffffffffff0319 fffffffffffe7e19 fffffffffffdddea 000000006b67285c 0000000000000000 00000000063c420c 0000000000000000 0000000000031e21 0000000000000000 000000000edcc184 0000000000000001 0000000000000001 ffffffffdf59ac01 0000000000000000 00000000652ae650 0000000000000000 0000000000000001 fffffffffffceb87 ffffffffffff843b 0000000000000004 0000000000000000 0000000023baee71 00000000b3410c60 0000000014820298 00000000383cf109 00000000eb7dfd69 0000000000eb7dfd 0000000000383cf1 0000000000148203 0000000000000000
00000000000001eb 0000000000000001 000000000000009b ffffffffffff5a83 0000000000010cfd fffffffffffd840c 000000000000d926 ffffffffffddcac7 00000000000f0000 fffffffffff10000 0000000000060000 0000000000000000 0000000000000000 ffffffffdf59ac01 0000000000000000 00000000652ae650 0000000000000000 0000000000000001 0000000000000bff 0000000000020a77 ffffffffffff2f35 0000000000009421 fffffffffffe5cd2 0000000000013819 0000000070a84654 ffffffff6ddc3934 0000000003ce9233 fffffffffb0fc7d3 000000000001e749 fffffffffffd87e4 0000000008a697fd 0000000000000001 0000000000000001 ffffffffded5051c ffffffffecc7c3b7 000000006cd9b421 ffffffff72cc7161 0000000000000001 ffffffffffff1669 fffffffffffd04d1 0000000000000006 0000000000000000 00000000a88ce000 0000000033c16000 0000000011d8e000 00000000ba65c000 00000000ee272000 0000000000ba65c0 0000000000ee2720 000000000011d8e0 0000000000000000
00000000000001ec 0000000000000001 000000000000009c 0000000000006703 000000000001a15f 000000000001a6ef 0000000000005053 ffffffffffd5d3bc 00000000000f0000 fffffffffff10000 0000000000060000 0000000000000000 0000000000000000 ffffffffded5051c ffffffffecc7c3b7 000000006cd9b421 ffffffff72cc7161 0000000000000001 ffffffffffff2c92 fffffffffffffcca 000000000000ebc1 ffffffffffff9c39 0000000000004f73 000000000000c3f6 000000005f1caaf6 ffffffff5d3c09c6 0000000003255a6d fffffffffa9dcbd2 00000000000192ad fffffffffffd4ee6 000000000877a8e9 0000000000000001 0000000000000001 ffffffffda7821cc fffffffff656a97a 000000005bf75089 ffffffff629e3df4 0000000000000001 000000000001dda8 0000000000027f69 0000000000000003 0000000000000000 000000001b203893 00000000b8964941 000000001624bf16 000000003144f7a9 00000000e9db40ea 00000000001624bf 00000000003144f8 0000000000e9db41 0000000000000000
00000000000001ed 0000000000000001 000000000000009d fffffffffffe0d86 000000000001ffe6 0000000000024e54 000000000000d82b 0000000000216f23 00000000000f0000 fffffffffff10000 0000000000060000 0000000000000000 0000000000000000 ffffffffda7821cc fffffffff656a97a 000000005bf75089 ffffffff629e3df4 0000000000000001 fffffffffffd4445 ffffffffffffd2b8 ffffffffffff2bb1 0000000000008f0b fffffffffffe9e92 fffffffffffda264 0000000069aa78c2 ffffffff8ca833ba 0000000004364503 fffffffffb66fb12 0000000000021b23 fffffffffffdb37e 000000000a345b41 0000000000000001 0000000000000001 ffffffffdb7caeee 0000000006d7dc46 00000000657433bf ffffffff914138a8 0000000000000001 ffffffffffff452e fffffffffffcf80b 0000000000000006 0000000000000000 000000009eb39852 00000000414a9852 000000001000e7ae 00000000aeb48000 00000000efff1852 0000000000aeb480 0000000000efff18 00000000001000e8 0000000000000000
00000000000001ee 0000000000000001 000000000000009e fffffffffffe4a99 fffffffffffe8370 0000000000015305 000000000000d48e ffffffffffa3b273 00000000000f0000 fffffffffff10000 0000000000060000 0000000000000000 0000000000000000 ffffffffdb7caeee 0000000006d7dc46 00000000657433bf ffffffff914138a8 0000000000000001 fffffffffffeea3f fffffffffffe608d ffffffffffff1fde 0000000000007bb2 000000000000e587 fffffffffffe4415 0000000055fb0e0b ffffffff85cb56b4 00000000039685ac fffffffffae67d69 000000000001cb43 fffffffffffd733f 000000000aaed1dd 0000000000000001 0000000000000001 ffffffffd7e8a731 000000000d45a8a9 000000005264885f ffffffff8ae4d94b 0000000000000001 fffffffffffea269 fffffffffffd3282 0000000000000006 0000000000000000 00000000bef49ba6 0000000010291ba6 000000001871245a 00000000d765c000 00000000e78edba6 0000000000d765c0 0000000000e78edc 0000000000187124 0000000000000000
00000000000001ef 0000000000000001 000000000000009f fffffffffffdaf90 fffffffffffdcc7b ffffffffffff4b12 000000000000ce8a ffffffffffe01407 00000000000f0000 fffffffffff10000 0000000000060000 0000000000000000 0000000000000000 ffffffffd7e8a731 000000000d45a8a9 000000005264885f ffffffff8ae4d94b 0000000000000001 ffffffffffff6d31 ffffffffffff231d ffffffffffff101c 0000000000005961 0000000000009bbb ffffffffffff294f 000000005561fc9b ffffffff8d253e61 0000000003b8559c fffffffffafef23c 000000000001dc2b fffffffffffd7f79 000000000b27596d 0000000000000001 0000000000000001 ffffffffd87c0188 0000000013e97f8c 0000000051a9a6ff ffffffff92264c25 0000000000000001 fffffffffffe4e07 fffffffffffd622a 0000000000000004 0000000000000000 00000000c15ed734 000000000bd04238 000000001968734a 00000000dac74a7e 00000000e6978cb6 0000000000e6978d 0000000000dac74a 0000000000196873 0000000000000000
00000000000001f0 0000000000000001 00000000000000a0 fffffffffffd9f46 000000000001db91 00000000000210d8 000000000000199b ffffffffffe3a758 00000000000f0000 fffffffffff10000 0000000000060000 0000000000000000 0000000000000000 ffffffffd87c0188 0000000013e97f8c 0000000051a9a6ff ffffffff92264c25 0000000000000001 fffffffffffd1b5f ffffffffffffe13e 0000000000009671 000000000000cf22 fffffffffffd96ac 0000000000019a5a 00000000708eca1c ffffffff7f4b104a 00000000041ad28c fffffffffb4e69ae 0000000000020d69 fffffffffffda735 000000000955fa40 0000000000000001 0000000000000001 ffffffffdcc8cf31 0000000016352c0c 000000006c73f790 ffffffff83fca69c 0000000000000001 0000000000030a2e ffffffffffff4ea8 0000000000000002 0000000000000000 00000000a8f2c444 000000003332392c 0000000011ed8148 00000000bae0458c 00000000ee127eb8 000000000011ed81 0000000000ee127f 0000000000bae046 0000000000000000
00000000000001f1 0000000000000001 00000000000000a1 0000000000020cfa fffffffffffdfa54 fffffffffffeb0d8 00000000000059b5 00000000002c5ea1 00000000000f0000 fffffffffff10000 0000000000060000 0000000000000000 0000000000000000 ffffffffdcc8cf31 0000000016352c0c 000000006c73f790 ffffffff83fca69c 0000000000000001 0000000000027a44 ffffffffffff96a0 000000000000ceba ffffffffffff6901 fffffffffffe34cd fffffffffffe3df8 000000006f95028e ffffffffa8a62781 0000000004e8eb75 fffffffffc280849 0000000000027476 fffffffffffe1404 000000000b43b857 0000000000000001 0000000000000001 ffffffffdafe912d 000000001f51875b 000000006aac1719 ffffffffac7e1f38 0000000000000001 0000000000001a9b 0000000000031daf 0000000000000001 0000000000000000 000000006c7b2083 0000000079c8a083 000000000cde1f7d 0000000079594000 00000000f321e083 0000000000795940 00000000000cde1f 0000000000f321e1 0000000000000000
00000000000001f2 0000000000000001 00000000000000a2 000000000001e39b fffffffffffe4532 000000000001146a 000000000000c9fb 00000000000a58fa 00000000000f0000 fffffffffff10000 0000000000060000 0000000000000000 0000000000000000 ffffffffdafe912d 000000001f51875b 000000006aac1719 ffffffffac7e1f38 0000000000000001 00000000000179df fffffffffffe60c3 ffffffffffff07a0 0000000000003e03 000000000001ee67 0000000000010a08 000000004cfb4caf ffffffff94e7c41a 0000000003a3b13e fffffffffaefdb2b 000000000001d1d9 fffffffffffd77ee 000000000c1a503b 0000000000000001 0000000000000001 ffffffffd5257b7f 000000001d037511 0000000049579b71 ffffffff99f7e8ef 0000000000000001 fffffffffffdfc14 fffffffffffd9f0b 0000000000000004 0000000000000000 00000000afcbb5fc 0000000029167194 00000000138eec38 00000000c35aa234 00000000ec7113c8 0000000000ec7114 0000000000c35aa2 0000000000138eec 0000000000000000
00000000000001f3 0000000000000001 00000000000000a3 fffffffffffff9ee fffffffffffdc9a5 00000000000144ce 000000000000edb1 ffffffffffce32be 00000000000f0000 fffffffffff10000 0000000000060000 0000000000000000 0000000000000000 ffffffffd5257b7f 000000001d037511 0000000049579b71 ffffffff99f7e8ef 0000000000000001 0000000000004c79 fffffffffffdfd7e ffffffffffff90c6 000000000000e693 000000000001246c fffffffffffe51d2 000000004dc35538 ffffffffa1944de7 0000000003f6ca48 fffffffffb2fd4bb 000000000001fb65 fffffffffffd97ea 000000000d0cbe46 0000000000000001 0000000000000001 ffffffffd6e63db6 0000000021a2d690 0000000049cc8af0 ffffffffa664792c 0000000000000001 000000000000bd53 fffffffffffcf8a7 0000000000000006 0000000000000000 000000004093d439 000000009f3d5439 0000000010176bc7 0000000050ab4000 00000000efe89439 000000000050ab40 0000000000efe894 000000000010176c 0000000000000000
00000000000001f4 0000000000000001 00000000000000a4 0000000000010473 000000000001da80 00000000000022bd 00000000000066eb 00000000002a0b9f 00000000000f0000 fffffffffff10000 0000000000060000 0000000000000000 0000000000000000 ffffffffd6e63db6 0000000021a2d690 0000000049cc8af0 ffffffffa664792c 0000000000000001 00000000000003e3 000000000000fde5 00000000000093e3 ffffffffffff2f0a 0000000000008f7f ffffffffffff2e83 000000005500fa4b ffffffffabe959ab 00000000046ed17e fffffffffb9d66d6 0000000000023769 fffffffffffdceb3 000000000d59a6f8 0000000000000001 0000000000000001 ffffffffd94016f4 0000000022c09647 00000000509228cd ffffffffb04bf2d5 0000000000000001 ffffffffffff751a 00000000000311f2 0000000000000001 0000000000000000 000000009429a7c4 000000004eb6a7c4 000000000e8fd83c 00000000a2b98000 00000000f17027c4 0000000000a2b980 00000000000e8fd8 0000000000f17028 0000000000000000
00000000000001f5 0000000000000001 00000000000000a5 0000000000010614 ffffffffffff538d 000000000000d235 0000000000001f4a ffffffffff9f23a5 00000000000f0000 fffffffffff10000 0000000000060000 0000000000000000 0000000000000000 ffffffffd94016f4 0000000022c09647 00000000509228cd ffffffffb04bf2d5 0000000000000001 000000000000a222 ffffffffffff2313 000000000000b1cc 000000000000b82f ffffffffffffdb36 fffffffffffef072 000000005d0546e3 ffffffff9b860d42 00000000043c6db6 fffffffffb6ca71d 0000000000021e37 fffffffffffdb654 000000000ba86ea5 0000000000000001 0000000000000001 ffffffffdb14da54 00000000222cca21 0000000058c8d92d ffffffffa0196625 0000000000000001 0000000000031cde ffffffffffffd335 0000000000000002 0000000000000000 00000000c0c06dff 000000000cee54f0 0000000019289e89 00000000d9e90c88 00000000e6d76178 000000000019289f 0000000000e6d761 0000000000d9e90d 0000000000000000
00000000000001f6 0000000000000001 00000000000000a6 000000000000f15f fffffffffffec5a5 000000000001083a 0000000000006c59 ffffffffffd18ee7 00000000000f0000 fffffffffff10000 0000000000060000 0000000000000000 0000000000000000 ffffffffdb14da54 00000000222cca21 0000000058c8d92d ffffffffa0196625 0000000000000001 000000000000b1a0 fffffffffffeb1f5 00000000000076c5 ffffffffffff1d38 fffffffffffec7ac 000000000000d582 0000000068bc8585 ffffffff91ac3199 00000000044b02a9 fffffffffb7a52b8 0000000000022581 fffffffffffdbd29 000000000a7e3c43 0000000000000001 0000000000000001 ffffffffdc8b9790 00000000229780c1 00000000647182dc ffffffff9631dee1 0000000000000001 ffffffffffff25c3 000000000002ffb6 0000000000000001 0000000000000000 00000000a55da847 00000000383f2847 00000000113197b9 00000000b68f4000 00000000eece6847 0000000000b68f40 0000000000113198 0000000000eece68 0000000000000000
00000000000001f7 0000000000000001 00000000000000a7 ffffffffffff2239 000000000000af61 fffffffffffee6e0 0000000000002fa0 fffffffffffdde4c 00000000000f0000 fffffffffff10000 0000000000060000 0000000000000000 0000000000000000 ffffffffdc8b9790 00000000229780c1 00000000647182dc ffffffff9631dee1 0000000000000001 ffffffffffff8f66 0000000000010790 000000000000eb9a 0000000000006424 000000000000c684 000000000000ceba 0000000058a914cc ffffffff985d6481 00000000040daf83 fffffffffb430cc0 00000000000206d8 fffffffffffda186 000000000bb43bde 0000000000000001 0000000000000001 ffffffffd9500c84 0000000025055b96 00000000549b6549 ffffffff9d1a57c1 0000000000000001 000000000002f91c 000000000000f043 0000000000000003 0000000000000000 000000009b997d5b 00000000455c0bb8 000000000f853b77 00000000ab1eb8d2 00000000f07ac48a 00000000000f853b 0000000000ab1eb9 0000000000f07ac5 0000000000000000
00000000000001f8 0000000000000001 00000000000000a8 000000000001f2d5 fffffffffffeb2bd 00000000000077ff 000000000000678c fffffffffff0dd20 00000000000f0000 fffffffffff10000 0000000000060000 0000000000000000 0000000000000000 ffffffffd9500c84 0000000025055b96 00000000549b6549 ffffffff9d1a57c1 0000000000000001 00000000000193a5 fffffffffffefa50 0000000000009096 ffffffffffff2cbd fffffffffffe1f19 fffffffffffff3fb 000000006c934979 ffffffffa085464a 0000000004aeb2de fffffffffbe1e23f 0000000000025759 fffffffffffdf0f1 000000000b0a4db4 0000000000000001 0000000000000001 ffffffffdc647065 000000002714bb76 0000000067e4969b ffffffffa4a3640b 0000000000000001 ffffffffffff3b12 0000000000030575 0000000000000001 0000000000000000 00000000a0de38bf 000000003e6738bf 00000000105d4741 00000000b13b8000 00000000efa2b8bf 0000000000b13b80 0000000000105d47 0000000000efa2b9 0000000000000000
00000000000001f9 0000000000000001 00000000000000a9 fffffffffffe6e78 000000000000480f fffffffffffed683 0000000000004dc0 ffffffffffdfe893 00000000000f0000 fffffffffff10000 0000000000060000 0000000000000000 0000000000000000 ffffffffdc647065 000000002714bb76 0000000067e4969b ffffffffa4a3640b 0000000000000001 ffffffffffff3f74 000000000000d55b 000000000000f18f ffffffffffffab3d 0000000000010912 0000000000006f0b 000000005648232c ffffffff9bc7d1ce 00000000041177eb fffffffffb464bd9 00000000000208bc fffffffffffda326 000000000c120f6c 0000000000000001 0000000000000001 ffffffffd82969c6 00000000271077d8 000000005236ab41 ffffffffa08185f5 0000000000000001 0000000000018e51 000000000002b3a0 0000000000000001 0000000000000000 00000000003ed52a 00000000c767552a 000000001c2cead6 000000001c6bc000 00000000e3d3152a 00000000001c6bc0 00000000001c2ceb 0000000000e3d315 0000000000000000
00000000000001fa 0000000000000001 00000000000000aa fffffffffffeb50a ffffffffffffe86d ffffffffffff47aa 000000000000f1f7 000000000032bf1a 00000000000f0000 fffffffffff10000 0000000000060000 0000000000000000 0000000000000000 ffffffffd82969c6 00000000271077d8 000000005236ab41 ffffffffa08185f5 0000000000000001 ffffffffffff68aa 0000000000005cd1 ffffffffffffa97b 000000000000f0f0 ffffffffffff5233 0000000000002435 0000000060ef69a2 ffffffffa9fd86a8 0000000004aa0164 fffffffffbdc9214 0000000000025501 fffffffffffdee49 000000000c514bc2 0000000000000001 0000000000000001 ffffffffda4c6eef 0000000028387545 000000005c45683e ffffffffae20f494 0000000000000001 0000000000017eda fffffffffffd43af 0000000000000006 0000000000000000 00000000055db96e 00000000c4cab96e 000000001aebc692 0000000020498000 00000000e514396e 0000000000204980 0000000000e51439 00000000001aebc7 0000000000000000
00000000000001fb 0000000000000001 00000000000000ab fffffffffffee6f6 0000000000012cc4 0000000000018fbd 0000000000009539 ffffffffffd95614 00000000000f0000 fffffffffff10000 0000000000060000 0000000000000000 0000000000000000 ffffffffda4c6eef 0000000028387545 000000005c45683e ffffffffae20f494 0000000000000001 fffffffffffe5b23 ffffffffffffc6dc ffffffffffff80a0 ffffffffffff21f0 0000000000018980 ffffffffffff6029 000000004fad93e4 ffffffffa5225b2d 00000000041c6afa fffffffffb4fcf58 0000000000020e35 fffffffffffda7e8 000000000d355875 0000000000000001 0000000000000001 ffffffffd7cc4126 00000000278f46f5 000000004b9128ea ffffffffa9d28bd5 0000000000000001 fffffffffffd0cf8 00000000000102b9 0000000000000005 0000000000000000 000000004ab05cfc 00000000976a5ece 000000000ef2a21b 0000000059a2ff17 00000000f10d5de5 0000000000f10d5e 00000000000ef2a2 000000000059a2ff 0000000000000000
00000000000001fc 0000000000000001 00000000000000ac fffffffffffe5b20 00000000000185f0 ffffffffffffa161 000000000000b499 0000000000569a15 00000000000f0000 fffffffffff10000 0000000000060000 0000000000000000 0000000000000000 ffffffffd7cc4126 00000000278f46f5 000000004b9128ea ffffffffa9d28bd5 0000000000000001 fffffffffffe84f9 00000000000117c2 ffffffffffff09f7 ffffffffffffb944 ffffffffffff5bdc fffffffffffe466d 0000000060c9d7d8 ffffffffbfc0623e 000000000531ebfd fffffffffc8d3182 00000000000298f6 fffffffffffe4699 000000000dbd917f 0000000000000001 0000000000000001 ffffffffdb382111 0000000029106eee 000000005b97ebdb ffffffffc33330bc 0000000000000001 fffffffffffda00c fffffffffffdfae3 0000000000000004 0000000000000000 0000000095483038 000000004d5a024e 000000000eaee6bd 00000000a3f716f5 00000000f1511943 0000000000f15119 0000000000a3f717 00000000000eaee7 0000000000000000
00000000000001fd 0000000000000001 00000000000000ad 00000000000110c4 0000000000014e2a ffffffffffff89be 0000000000002c51 ffffffffffebcd70 00000000000f0000 fffffffffff10000 0000000000060000 0000000000000000 0000000000000000 ffffffffdb382111 0000000029106eee 000000005b97ebdb ffffffffc33330bc 0000000000000001 0000000000006de0 0000000000010534 000000000000e2b1 00000000000076f1 0000000000011a59 0000000000001810 00000000547a5794 ffffffffa271893f 00000000042dc6f7 fffffffffb5f41c2 00000000000216e3 fffffffffffdafa1 000000000ca9d46a 0000000000000001 0000000000000001 ffffffffd95e5cee 0000000023567b31 00000000504c909d ffffffffa712477d 0000000000000001 0000000000030512 000000000000c66d 0000000000000003 0000000000000000 00000000a4a0ccb7 0000000039483f4e 00000000110b79fe 00000000b5ac46b5 00000000eef48603 0000000000110b7a 0000000000b5ac47 0000000000eef486 0000000000000000
00000000000001fe 0000000000000001 00000000000000ae 0000000000011f3d 00000000000251bd ffffffffffff4e9b 000000000000f8ea 000000000043b531 00000000000f0000 fffffffffff10000 0000000000060000 0000000000000000 0000000000000000 ffffffffd95e5cee 0000000023567b31 00000000504c909d ffffffffa712477d 0000000000000001 00000000000034b6 000000000001bd36 ffffffffffffd3a7 000000000000fc21 ffffffffffffe6ca 000000000001bf9c 000000005cb08ef2 ffffffff9abb1caa 000000000435be73 fffffffffb667fdb 0000000000021adf fffffffffffdb340 000000000ba0a013 0000000000000001 0000000000000001 ffffffffdb335334 000000002146cee8 00000000587ad07f ffffffff9f549ccf 0000000000000001 000000000001acbb fffffffffffd5ecd 0000000000000002 0000000000000000 000000000a047cd8 00000000c25765a1 0000000019d20ec4 0000000023d68b9c 00000000e62df13d 000000000019d20f 0000000000e62df1 000000000023d68c 0000000000000000
00000000000001ff 0000000000000001 00000000000000af fffffffffffe211c fffffffffffdbc83 000000000000b77a 0000000000003125 fffffffffffccf06 00000000000f0000 fffffffffff10000 0000000000060000 0000000000000000 0000000000000000 ffffffffdb335334 000000002146cee8 00000000587ad07f ffffffff9f549ccf 0000000000000001 ffffffffffff44be fffffffffffe4781 000000000000ef2a 0000000000005b4f fffffffffffe21af 00000000000011d4 000000006e60d596 ffffffff9d5d6432 0000000004a64366 fffffffffbd85e38 0000000000025322 fffffffffffdec2f 000000000ac8930c 0000000000000001 0000000000000001 ffffffffdd7e5dfa 0000000022c0c263 0000000069ba9230 ffffffffa18505fa 0000000000000001 000000000002c51c 0000000000016e4f 0000000000000003 0000000000000000 000000007c682444 0000000069bf4793 000000000cec4a15 0000000089546e59 00000000f313b5ec 00000000000cec4a 000000000089546e 0000000000f313b6 0000000000000000
0000000000000200 0000000000000001 00000000000000b0 0000000000000000 0000000000000000 0000000000000000 0000000000001ab2 0000000000000000 0000000000000000 0000000000000000 0000000000240000 0000000000000000 0000000000000000 ffffffffdd7e5dfa 0000000022c0c263 0000000069ba9230 ffffffffa18505fa 0000000000000001 0000000000000000 0000000000000000 0000000000009bf2 000000000000cb05 0000000000000000 0000000000000000 ffffffffdd7e5dfa 0000000022c0c263 ffffffffe5a3ce3d 000000001a8c6aff fffffffffff2d1e7 00000000000d4635 00000000c3904d5c 0000000000000001 0000000000000001 ffffffffc8590d9f 0000000035a62785 fffffffff7da8fbd 0000000008345764 0000000000000001 ffffffffffed7622 0000000000027f90 0000000000000005 0000000000000000 000000001ec5973f 00000000b65c03ed 00000000156f326a 000000003434c9a9 00000000ea90cd96 0000000000ea90ce 0000000000156f32 00000000003434ca 0000000000000000
0000000000000201 0000000000000001 00000000000000b1 0000000000000000 0000000000000000 0000000000000000 000000000000cd6f 0000000000000000 0000000000000000 0000000000000000 0000000000240000 0000000000000000 0000000000000000 ffffffffc8590d9f 0000000035a62785 fffffffff7da8fbd 0000000008345764 0000000000000001 0000000000000000 0000000000000000 ffffffffffff0dc4 00000000000052d1 0000000000000000 0000000000000000 ffffffffc8590d9f 0000000035a62785 ffffffffe510b22d 0000000019f71ece fffffffffff28859 00000000000cfb8f 000000007be66b8a 0000000000000001 0000000000000001 ffffffffc9fa2411 000000003402160c ffffffffe3485b72 000000001baf08b7 0000000000000001 000000000007ed86 000000000010f171 0000000000000001 0000000000000000 0000000013c6ad95 00000000bce72d95 0000000017a9126b 000000002b6fc000 00000000e856ed95 00000000002b6fc0 000000000017a912 0000000000e856ee 0000000000000000
0000000000000202 0000000000000001 00000000000000b2 0000000000000000 0000000000000000 0000000000000000 000000000000d5b5 0000000000000000 0000000000000000 0000000000000000 0000000000240000 0000000000000000 0000000000000000 ffffffffc9fa2411 000000003402160c ffffffffe3485b72 000000001baf08b7 0000000000000001 0000000000000000 0000000000000000 ffffffffffff2378 0000000000008202 0000000000000000 0000000000000000 ffffffffc9fa2411 000000003402160c ffffffffe50c3654 0000000019f2774b fffffffffff2861b 00000000000cf93c 000000007fb83f48 0000000000000001 0000000000000001 ffffffffcfb87828 000000002e78aded ffffffffe4ededbd 000000001a0f9ec1 0000000000000001 0000000000045513 0000000000123294 0000000000000001 0000000000000000 0000000041da6f30 000000009e46af30 000000000fef70d0 0000000051c9e000 00000000f0108f30 000000000051c9e0 00000000000fef71 0000000000f0108f 0000000000000000
0000000000000203 0000000000000001 00000000000000b3 0000000000000000 0000000000000000 0000000000000000 000000000000aef6 0000000000000000 0000000000000000 0000000000000000 0000000000240000 0000000000000000 0000000000000000 ffffffffcfb87828 000000002e78aded ffffffffe4ededbd 000000001a0f9ec1 0000000000000001 0000000000000000 0000000000000000 ffffffffffff1615 ffffffffffff97fd 0000000000000000 0000000000000000 ffffffffcfb87828 000000002e78aded ffffffffe50badbc 0000000019f1e964 fffffffffff285d7 00000000000cf8f5 000000008eecb971 0000000000000001 0000000000000001 ffffffffd5227bca 0000000029425aff ffffffffeaacca6c 000000001486c489 0000000000000001 0000000000115449 0000000000070b44 0000000000000003 0000000000000000 000000008d7776ed 0000000056c31a6c 000000000de2b754 000000009b5a2e41 00000000f21d48ad 00000000000de2b7 00000000009b5a2e 0000000000f21d49 0000000000000000
0000000000000204 0000000000000001 00000000000000b4 0000000000000000 0000000000000000 0000000000000000 0000000000007cf1 0000000000000000 0000000000000000 0000000000000000 0000000000240000 0000000000000000 0000000000000000 ffffffffd5227bca 0000000029425aff ffffffffeaacca6c 000000001486c489 0000000000000001 0000000000000000 0000000000000000 0000000000001339 ffffffffffff00b9 0000000000000000 0000000000000000 ffffffffd5227bca 0000000029425aff ffffffffe50b9c7c 0000000019f1d776 fffffffffff285ce 00000000000cf8ec 00000000a0fa7ac9 0000000000000001 0000000000000001 ffffffffd966534a 00000000252766e8 fffffffff016df4e 000000000f508389 0000000000000001 00000000000c7718 fffffffffff20d62 0000000000000002 0000000000000000 000000002f11ade2 00000000abcbd8ea 0000000012913c9a 0000000041a2ea7c 00000000ed6ec366 000000000012913d 0000000000ed6ec3 000000000041a2ea 0000000000000000
0000000000000205 0000000000000001 00000000000000b5 0000000000000000 0000000000000000 0000000000000000 000000000000ae05 0000000000000000 0000000000000000 0000000000000000 0000000000240000 0000000000000000 0000000000000000 ffffffffd966534a 00000000252766e8 fffffffff016df4e 000000000f508389 0000000000000001 0000000000000000 0000000000000000 ffffffffffff1889 ffffffffffff92a2 0000000000000000 0000000000000000 ffffffffd966534a 00000000252766e8 ffffffffe50b9a95 0000000019f1d57b fffffffffff285cd 00000000000cf8eb 00000000b2c3f090 0000000000000001 0000000000000001 ffffffffdc94f36a 0000000022174c9c fffffffff45ab8b5 000000000b35916d 0000000000000001 0000000000117c9e 000000000006a4c8 0000000000000003 0000000000000000 00000000919ccb61 0000000051d4c987 000000000e47358c 000000009fe400ed 00000000f1b8ca74 00000000000e4736 00000000009fe401 0000000000f1b8ca 0000000000000000
0000000000000206 0000000000000001 00000000000000b6 0000000000000000 0000000000000000 0000000000000000 0000000000007a90 0000000000000000 0000000000000000 0000000000000000 0000000000240000 0000000000000000 0000000000000000 ffffffffdc94f36a 0000000022174c9c fffffffff45ab8b5 000000000b35916d 0000000000000001 0000000000000000 0000000000000000 0000000000002210 ffffffffffff0247 0000000000000000 0000000000000000 ffffffffdc94f36a 0000000022174c9c ffffffffe50b9a6a 0000000019f1d54c fffffffffff285cd 00000000000cf8eb 00000000c2d39677 0000000000000001 0000000000000001 ffffffffdee934dd 000000001fd962bc fffffffff7895900 0000000008257750 0000000000000001 00000000000ba1a3 fffffffffff1598d 0000000000000002 0000000000000000 0000000021d95bce 00000000b472ddce 0000000014d9e332 0000000036b33f00 00000000eb261cce 000000000014d9e3 0000000000eb261d 000000000036b33f 0000000000000000
0000000000000207 0000000000000001 00000000000000b7 0000000000000000 0000000000000000 0000000000000000 0000000000003488 0000000000000000 0000000000000000 0000000000000000 0000000000240000 0000000000000000 0000000000000000 ffffffffdee934dd 000000001fd962bc fffffffff7895900 0000000008257750 0000000000000001 0000000000000000 0000000000000000 000000000000f5ed 000000000000471d 0000000000000000 0000000000000000 ffffffffdee934dd 000000001fd962bc ffffffffe50b9a68 0000000019f1d548 fffffffffff285cd 00000000000cf8eb 00000000d08a4f60 0000000000000001 0000000000000001 ffffffffe09a8975 000000001e384ae1 fffffffff9dd9a75 0000000005e78d74 0000000000000001 ffffffffffefcb5a fffffffffff6a814 0000000000000004 0000000000000000 000000007315ac7f 0000000073524378 000000000ccc0805 000000007fe1b484 00000000f333f7fc 0000000000f333f8 00000000007fe1b5 00000000000ccc08 0000000000000000
0000000000000208 0000000000000001 00000000000000b8 0000000000000000 0000000000000000 0000000000000000 00000000000082dc 0000000000000000 0000000000000000 0000000000000000 0000000000240000 0000000000000000 0000000000000000 ffffffffe09a8975 000000001e384ae1 fffffffff9dd9a75 0000000005e78d74 0000000000000001 0000000000000000 0000000000000000 ffffffffffffee0c ffffffffffff00a1 0000000000000000 0000000000000000 ffffffffe09a8975 000000001e384ae1 ffffffffe50b9a68 0000000019f1d548 fffffffffff285cd 00000000000cf8eb 00000000dbc89216 0000000000000001 0000000000000001 ffffffffe1d49dc3 000000001d09fb65 fffffffffb8eef0d 0000000004467599 0000000000000001 00000000000e5a9e fffffffffff40133 0000000000000002 0000000000000000 000000004f3d3e39 0000000093bf87e9 000000000e819cef 000000005dbedb28 00000000f17e6311 00000000000e819d 0000000000f17e63 00000000005dbedb 0000000000000000
0000000000000209 0000000000000001 00000000000000b9 0000000000000000 0000000000000000 0000000000000000 000000000000bced 0000000000000000 0000000000000000 0000000000000000 0000000000240000 0000000000000000 0000000000000000 ffffffffe1d49dc3 000000001d09fb65 fffffffffb8eef0d 0000000004467599 0000000000000001 0000000000000000 0000000000000000 ffffffffffff00bb ffffffffffffecae 0000000000000000 0000000000000000 ffffffffe1d49dc3 000000001d09fb65 ffffffffe50b9a69 0000000019f1d548 fffffffffff285cd 00000000000cf8eb 00000000e4b8a082 0000000000000001 0000000000000001 ffffffffe2b8078c 000000001c2f1714 fffffffffcc9035a 000000000318261d 0000000000000001 00000000000df3d4 00000000000c75ba 0000000000000003 0000000000000000 000000004818747b 0000000099785bb6 000000000f3797e8 0000000057500c63 00000000f0c86819 00000000000f3798 000000000057500c 0000000000f0c868 0000000000000000
000000000000020a 0000000000000001 00000000000000ba 0000000000000000 0000000000000000 0000000000000000 000000000000cb6f 0000000000000000 0000000000000000 0000000000000000 0000000000240000 0000000000000000 0000000000000000 ffffffffe2b8078c 000000001c2f1714 fffffffffcc9035a 000000000318261d 0000000000000001 0000000000000000 0000000000000000 ffffffffffff09fe 00000000000046d4 0000000000000000 0000000000000000 ffffffffe2b8078c 000000001c2f1714 ffffffffe50b9a69 0000000019f1d547 fffffffffff285cd 00000000000cf8eb 00000000eba9000e 0000000000000001 0000000000000001 ffffffffe35ca079 000000001b90a90f fffffffffdac6d23 00000000023d41cd 0000000000000001 000000000008bcb9 0000000000108a56 0000000000000001 0000000000000000 0000000008a99b4f 00000000c30e5b4f 000000001a2404b1 0000000022cda000 00000000e5dbfb4f 000000000022cda0 00000000001a2405 0000000000e5dbfb 0000000000000000
000000000000020b 0000000000000001 00000000000000bb 0000000000000000 0000000000000000 0000000000000000 0000000000009c0b 0000000000000000 0000000000000000 0000000000000000 0000000000240000 0000000000000000 0000000000000000 ffffffffe35ca079 000000001b90a90f fffffffffdac6d23 00000000023d41cd 0000000000000001 0000000000000000 0000000000000000 ffffffffffff5d72 ffffffffffff3a3c 0000000000000000 0000000000000000 ffffffffe35ca079 000000001b90a90f ffffffffe50b9a69 0000000019f1d547 fffffffffff285cd 00000000000cf8eb 00000000f0f373cd 0000000000000001 0000000000000001 ffffffffe3d3bdd8 000000001b1e024d fffffffffe510610 00000000019ed3c8 0000000000000001 000000000012a612 fffffffffffe8953 0000000000000002 0000000000000000 00000000bde81477 000000001206f09c 0000000018087d77 00000000d5f091ee 00000000e7f7828a 000000000018087d 0000000000e7f783 0000000000d5f092 0000000000000000
000000000000020c 0000000000000001 00000000000000bc 0000000000000000 0000000000000000 0000000000000000 000000000000377f 0000000000000000 0000000000000000 0000000000000000 0000000000240000 0000000000000000 0000000000000000 ffffffffe3d3bdd8 000000001b1e024d fffffffffe510610 00000000019ed3c8 0000000000000001 0000000000000000 0000000000000000 000000000000fa6e 000000000000351e 0000000000000000 0000000000000000 ffffffffe3d3bdd8 000000001b1e024d ffffffffe50b9a6a 0000000019f1d547 fffffffffff285cd 00000000000cf8eb 00000000f4ee30f0 0000000000000001 0000000000000001 ffffffffe429efd4 000000001acb0b25 fffffffffec8236e 00000000012c2d06 0000000000000001 fffffffffff08377 fffffffffff581ee 0000000000000004 0000000000000000 00000000813cbef1 000000006492f505 000000000d182605 000000008e54e4f6 00000000f2e7d9fb 0000000000f2e7da 00000000008e54e5 00000000000d1826 0000000000000000
000000000000020d 0000000000000001 00000000000000bd 0000000000000000 0000000000000000 0000000000000000 000000000000324a 0000000000000000 0000000000000000 0000000000000000 0000000000240000 0000000000000000 0000000000000000 ffffffffe429efd4 000000001acb0b25 fffffffffec8236e 00000000012c2d06 0000000000000001 0000000000000000 0000000000000000 000000000000f1a0 0000000000005494 0000000000000000 0000000000000000 ffffffffe429efd4 000000001acb0b25 ffffffffe50b9a69 0000000019f1d546 fffffffffff285cd 00000000000cf8eb 00000000f7e49f70 0000000000000001 0000000000000001 ffffffffe4684f24 000000001a8f0224 ffffffffff1e556b 0000000000d935df 0000000000000001 ffffffffffef4dac fffffffffff790b7 0000000000000004 0000000000000000 0000000067e4404c 000000007e2779ba 000000000cfa22fd 0000000074de6349 00000000f305dd03 0000000000f305dd 000000000074de63 00000000000cfa23 0000000000000000
000000000000020e 0000000000000001 00000000000000be 0000000000000000 0000000000000000 0000000000000000 000000000000339c 0000000000000000 0000000000000000 0000000000000000 0000000000240000 0000000000000000 0000000000000000 ffffffffe4684f24 000000001a8f0224 ffffffffff1e556b 0000000000d935df 0000000000000001 0000000000000000 0000000000000000 000000000000f441 0000000000004ca8 0000000000000000 0000000000000000 ffffffffe4684f24 000000001a8f0224 ffffffffe50b9a69 0000000019f1d546 fffffffffff285cd 00000000000cf8eb 00000000fa14faba 0000000000000001 0000000000000001 ffffffffe4957142 000000001a6390f8 ffffffffff5cb4bb 00000000009d2cde 0000000000000001 ffffffffffef9655 fffffffffff70684 0000000000000004 0000000000000000 000000006e8a78f1 0000000077cd5f51 000000000cd413df 000000007b5e8cd0 00000000f32bec21 0000000000f32bec 00000000007b5e8d 00000000000cd414 0000000000000000
000000000000020f 0000000000000001 00000000000000bf 0000000000000000 0000000000000000 0000000000000000 000000000000cf98 0000000000000000 0000000000000000 0000000000000000 0000000000240000 0000000000000000 0000000000000001 ffffffffe4957142 000000001a6390f8 ffffffffff5cb4bb 00000000009d2cde 0000000000000001 0000000000000000 0000000000000000 ffffffffffff1286 0000000000005f9b 0000000000000000 0000000000000000 ffffffffe4957142 0000000000000000 ffffffffe4957142 0000000000000000 fffffffffff24ab9 0000000000000000 0000000100000000 0000000000000000 0000000000000000 ffffffffe4b619e9 0000000000000000 0000000000000000 0000000000000000 0000000000000000 fffffffffffae16e 00000000000cb75b 0000000000000001 0000000000000000 0000000084ea9e7a 0000000017b3c925 0000000031b0cc31 00000000b69b6aab 00000000ce4f33d0 0000000000b69b6b 000000000031b0cc 0000000000ce4f34 0000000000000000
0000000000000210 0000000000000001 00000000000000c0 0000000000000000 0000000000000000 0000000000000000 00000000000082fe 0000000000000000 0000000000000000 0000000000000000 0000000000240000 0000000000000000 0000000000000000 ffffffffe4b619e9 0000000000000000 0000000000000000 0000000000000000 0000000000000000 0000000000000000 0000000000000000 ffffffffffffed44 ffffffffffff00b0 0000000000000000 0000000000000000 ffffffffe4b619e9 0000000000000000 ffffffffe4b619e9 0000000000000000 fffffffffff25b0d 0000000000000000 0000000100000000 0000000000000000 0000000000000000 ffffffffe4b619e9 0000000000000000 0000000000000000 0000000000000000 0000000000000000 00000000000d9b92 000000000000ff9e 0000000000000003 0000000000000000 000000008affef96 000000000c4c7a06 000000003459cb32 00000000bf59bac8 00000000cba634ce 00000000003459cb 0000000000bf59bb 0000000000cba635 0000000000000000
0000000000000211 0000000000000001 00000000000000c1 0000000000000000 0000000000000000 0000000000000000 000000000000c7b0 0000000000000000 0000000000000000 0000000000000000 0000000000240000 0000000000000000 0000000000000000 ffffffffe4b619e9 0000000000000000 0000000000000000 0000000000000000 0000000000000000 0000000000000000 0000000000000000 ffffffffffff048b 0000000000003004 0000000000000000 0000000000000000 ffffffffe4b619e9 0000000000000000 ffffffffe4b619e9 0000000000000000 fffffffffff25b0d 0000000000000000 0000000100000000 0000000000000000 0000000000000000 ffffffffe4b619e9 0000000000000000 0000000000000000 0000000000000000 0000000000000000 fffffffffffd70dc 00000000000d66f7 0000000000000001 0000000000000000 000000006dd4cf84 00000000373c7a2f 000000002d775b27 000000009b4c2aab 00000000d288a4da 00000000009b4c2b 00000000002d775b 0000000000d288a5 0000000000000000
0000000000000212 0000000000000001 00000000000000c2 0000000000000000 0000000000000000 0000000000000000 000000000000f8f1 0000000000000000 0000000000000000 0000000000000000 0000000000240000 0000000000000000 0000000000000000 ffffffffe4b619e9 0000000000000000 0000000000000000 0000000000000000 0000000000000000 0000000000000000 0000000000000000 ffffffffffffd3d9 000000000000fc2a 0000000000000000 0000000000000000 ffffffffe4b619e9 0000000000000000 ffffffffe4b619e9 0000000000000000 fffffffffff25b0d 0000000000000000 0000000100000000 0000000000000000 0000000000000000 ffffffffe4b619e9 0000000000000000 0000000000000000 0000000000000000 0000000000000000 fffffffffff28f64 0000000000025a6e 0000000000000005 0000000000000000 000000001cfc385d 0000000080ddeffc 000000003112ebd4 000000004e0f2431 00000000ceed142d 0000000000ceed14 00000000003112ec 00000000004e0f24 0000000000000000
0000000000000213 0000000000000001 00000000000000c3 0000000000000000 0000000000000000 0000000000000000 000000000000250a 0000000000000000 0000000000000000 0000000000000000 0000000000240000 0000000000000000 0000000000000000 ffffffffe4b619e9 0000000000000000 0000000000000000 0000000000000000 0000000000000000 0000000000000000 0000000000000000 000000000000c9f0 0000000000009d58 0000000000000000 0000000000000000 ffffffffe4b619e9 0000000000000000 ffffffffe4b619e9 0000000000000000 fffffffffff25b0d 0000000000000000 0000000100000000 0000000000000000 0000000000000000 ffffffffe4b619e9 0000000000000000 0000000000000000 0000000000000000 0000000000000000 fffffffffff79d26 fffffffffff53cb3 0000000000000004 0000000000000000 00000000849177e4 00000000172bfed9 00000000322144a2 00000000b6b2bc86 00000000cddebb5f 0000000000cddebb 0000000000b6b2bd 0000000000322145 0000000000000000
0000000000000214 0000000000000001 00000000000000c4 0000000000000000 0000000000000000 0000000000000000 00000000000071bd 0000000000000000 0000000000000000 0000000000000000 0000000000240000 0000000000000000 0000000000000000 ffffffffe4b619e9 0000000000000000 0000000000000000 0000000000000000 0000000000000000 0000000000000000 0000000000000000 00000000000057d0 ffffffffffff0f88 0000000000000000 0000000000000000 ffffffffe4b619e9 0000000000000000 ffffffffe4b619e9 0000000000000000 fffffffffff25b0d 0000000000000000 0000000100000000 0000000000000000 0000000000000000 ffffffffe4b619e9 0000000000000000 0000000000000000 0000000000000000 0000000000000000 00000000000cd109 fffffffffffb51db 0000000000000002 0000000000000000 000000006be3449f 0000000039a5bb8a 000000002d3b7fec 00000000991ec48b 00000000d2c48015 00000000002d3b80 0000000000d2c480 0000000000991ec5 0000000000000000
0000000000000215 0000000000000001 00000000000000c5 0000000000000000 0000000000000000 0000000000000000 0000000000004ffc 0000000000000000 0000000000000000 0000000000000000 0000000000240000 0000000000000000 0000000000000000 ffffffffe4b619e9 0000000000000000 0000000000000000 0000000000000000 0000000000000000 0000000000000000 0000000000000000 000000000000ec8d ffffffffffff9e20 0000000000000000 0000000000000000 ffffffffe4b619e9 0000000000000000 ffffffffe4b619e9 0000000000000000 fffffffffff25b0d 0000000000000000 0000000100000000 0000000000000000 0000000000000000 ffffffffe4b619e9 0000000000000000 0000000000000000 0000000000000000 0000000000000000 0000000000053770 fffffffffff3646c 0000000000000006 0000000000000000 0000000015ff7a07 000000008548cf5c 00000000325bdb4f 00000000485b5556 00000000cda424b2 0000000000485b55 0000000000cda425 0000000000325bdb 0000000000000000
0000000000000216 0000000000000001 00000000000000c6 0000000000000000 0000000000000000 0000000000000000 000000000000c1e5 0000000000000000 0000000000000000 0000000000000000 0000000000240000 0000000000000000 0000000000000000 ffffffffe4b619e9 0000000000000000 0000000000000000 0000000000000000 0000000000000000 0000000000000000 0000000000000000 ffffffffffff0047 0000000000000be0 0000000000000000 0000000000000000 ffffffffe4b619e9 0000000000000000 ffffffffe4b619e9 0000000000000000 fffffffffff25b0d 0000000000000000 0000000100000000 0000000000000000 0000000000000000 ffffffffe4b619e9 0000000000000000 0000000000000000 0000000000000000 0000000000000000 ffffffffffff5df9 00000000000da12a 0000000000000001 0000000000000000 000000005aaf56df 000000004d2ec189 000000002c10f3cc 0000000086c04aab 00000000d3ef0c34 000000000086c04b 00000000002c10f4 0000000000d3ef0c 0000000000000000
0000000000000217 0000000000000001 00000000000000c7 0000000000000000 0000000000000000 0000000000000000 000000000000557f 0000000000000000 0000000000000000 0000000000000000 0000000000240000 0000000000000000 0000000000000000 ffffffffe4b619e9 0000000000000000 0000000000000000 0000000000000000 0000000000000000 0000000000000000 0000000000000000 000000000000dd3a ffffffffffff7f2e 0000000000000000 0000000000000000 ffffffffe4b619e9 0000000000000000 ffffffffe4b619e9 0000000000000000 fffffffffff25b0d 0000000000000000 0000000100000000 0000000000000000 0000000000000000 ffffffffe4b619e9 0000000000000000 0000000000000000 0000000000000000 0000000000000000 000000000006ddab fffffffffff43583 0000000000000002 0000000000000000 00000000009fefcd 00000000913b3090 0000000037126fd2 0000000037b25f9f 00000000c8ed902f 0000000000371270 0000000000c8ed90 000000000037b260 0000000000000000
0000000000000218 0000000000000001 00000000000000c8 0000000000000000 0000000000000000 0000000000000000 000000000000453e 0000000000000000 0000000000000000 0000000000000000 0000000000240000 0000000000000000 0000000000000000 ffffffffe4b619e9 0000000000000000 0000000000000000 0000000000000000 0000000000000000 0000000000000000 0000000000000000 000000000000fde4 ffffffffffffdf34 0000000000000000 0000000000000000 ffffffffe4b619e9 0000000000000000 ffffffffe4b619e9 0000000000000000 fffffffffff25b0d 0000000000000000 0000000100000000 0000000000000000 0000000000000000 ffffffffe4b619e9 0000000000000000 0000000000000000 0000000000000000 0000000000000000 000000000001bf7e fffffffffff277d5 0000000000000006 0000000000000000 0000000040afddbd 0000000065fa5dbd 000000002caae243 000000006d5ac000 00000000d3551dbd 00000000006d5ac0 0000000000d3551e 00000000002caae2 0000000000000000
0000000000000219 0000000000000001 00000000000000c9 0000000000000000 0000000000000000 0000000000000000 000000000000e90d 0000000000000000 0000000000000000 0000000000000000 0000000000240000 0000000000000000 0000000000000000 ffffffffe4b619e9 0000000000000000 0000000000000000 0000000000000000 0000000000000000 0000000000000000 0000000000000000 ffffffffffff774a 000000000000d871 0000000000000000 0000000000000000 ffffffffe4b619e9 0000000000000000 ffffffffe4b619e9 0000000000000000 fffffffffff25b0d 0000000000000000 0000000100000000 0000000000000000 0000000000000000 ffffffffe4b619e9 0000000000000000 0000000000000000 0000000000000000 0000000000000000 fffffffffff476cd 0000000000074954 0000000000000005 0000000000000000 0000000059bf8964 000000004e2dafc2 000000002c09636d 0000000085c8ecd1 00000000d3f69c93 0000000000d3f69d 00000000002c0963 000000000085c8ed 0000000000000000
000000000000021a 0000000000000001 00000000000000ca 0000000000000000 0000000000000000 0000000000000000 000000000000eaf5 0000000000000000 0000000000000000 0000000000000000 0000000000240000 0000000000000000 0000000000000000 ffffffffe4b619e9 0000000000000000 0000000000000000 0000000000000000 0000000000000000 0000000000000000 0000000000000000 ffffffffffff8190 000000000000de99 0000000000000000 0000000000000000 ffffffffe4b619e9 0000000000000000 ffffffffe4b619e9 0000000000000000 fffffffffff25b0d 0000000000000000 0000000100000000 0000000000000000 0000000000000000 ffffffffe4b619e9 0000000000000000 0000000000000000 0000000000000000 0000000000000000 fffffffffff422ce 000000000006bd28 0000000000000005 0000000000000000 0000000053010494 00000000550cdabd 000000002bf91058 000000007efa14ec 00000000d406efa9 0000000000d406f0 00000000002bf910 00000000007efa15 0000000000000000
000000000000021b 0000000000000001 00000000000000cb 0000000000000000 0000000000000000 0000000000000000 0000000000004d15 0000000000000000 0000000000000000 0000000000000000 0000000000240000 0000000000000000 0000000000000000 ffffffffe4b619e9 0000000000000000 0000000000000000 0000000000000000 0000000000000000 0000000000000000 0000000000000000 000000000000f2ed ffffffffffffaf3b 0000000000000000 0000000000000000 ffffffffe4b619e9 0000000000000000 ffffffffe4b619e9 0000000000000000 fffffffffff25b0d 0000000000000000 0000000100000000 0000000000000000 0000000000000000 ffffffffe4b619e9 0000000000000000 0000000000000000 0000000000000000 0000000000000000 0000000000044e0c fffffffffff30d71 0000000000000006 0000000000000000 0000000021d09f29 000000007da6f47f 000000003044362c 000000005214d555 00000000cfbbc9d4 00000000005214d5 0000000000cfbbca 0000000000304436 0000000000000000
000000000000021c 0000000000000001 00000000000000cc 0000000000000000 0000000000000000 0000000000000000 000000000000e8f2 0000000000000000 0000000000000000 0000000000000000 0000000000240000 0000000000000000 0000000000000000 ffffffffe4b619e9 0000000000000000 0000000000000000 0000000000000000 0000000000000000 0000000000000000 0000000000000000 ffffffffffff76b6 000000000000d812 0000000000000000 0000000000000000 ffffffffe4b619e9 0000000000000000 ffffffffe4b619e9 0000000000000000 fffffffffff25b0d 0000000000000000 0000000100000000 0000000000000000 0000000000000000 ffffffffe4b619e9 0000000000000000 0000000000000000 0000000000000000 0000000000000000 fffffffffff47bdd 0000000000075138 0000000000000005 0000000000000000 000000005a20ba0b 000000004dc71826 000000002c0c16e8 00000000862cd0f3 00000000d3f3e919 0000000000d3f3e9 00000000002c0c17 0000000000862cd1 0000000000000000
000000000000021d 0000000000000001 00000000000000cd 0000000000000000 0000000000000000 0000000000000000 000000000000b3c2 0000000000000000 0000000000000000 0000000000000000 0000000000240000 0000000000000000 0000000000000000 ffffffffe4b619e9 0000000000000000 0000000000000000 0000000000000000 0000000000000000 0000000000000000 0000000000000000 ffffffffffff0b7c ffffffffffffb42f 0000000000000000 0000000000000000 ffffffffe4b619e9 0000000000000000 ffffffffe4b619e9 0000000000000000 fffffffffff25b0d 0000000000000000 0000000100000000 0000000000000000 0000000000000000 ffffffffe4b619e9 0000000000000000 0000000000000000 0000000000000000 0000000000000000 0000000000040a77 00000000000d0841 0000000000000001 0000000000000000 00000000252719ed 000000007b5baf43 000000002fbe9b68 0000000054e5b555 00000000d0416498 000000000054e5b5 00000000002fbe9b 0000000000d04165 0000000000000000
000000000000021e 0000000000000001 00000000000000ce 0000000000000000 0000000000000000 0000000000000000 000000000000177f 0000000000000000 0000000000000000 0000000000000000 0000000000240000 0000000000000000 0000000000000000 ffffffffe4b619e9 0000000000000000 0000000000000000 0000000000000000 0000000000000000 0000000000000000 0000000000000000 0000000000008b85 000000000000d6a4 0000000000000000 0000000000000000 ffffffffe4b619e9 0000000000000000 ffffffffe4b619e9 0000000000000000 fffffffffff25b0d 0000000000000000 0000000100000000 0000000000000000 0000000000000000 ffffffffe4b619e9 0000000000000000 0000000000000000 0000000000000000 0000000000000000 fffffffffff48f5f fffffffffff89059 0000000000000004 0000000000000000 000000005b979501 000000004c3b981b 000000002c166972 0000000087adfe73 00000000d3e9968e 0000000000d3e997 000000000087adfe 00000000002c1669 0000000000000000
000000000000021f 0000000000000001 00000000000000cf 0000000000000000 0000000000000000 0000000000000000 000000000000597a 0000000000000000 0000000000000000 0000000000000000 0000000000240000 0000000000000000 0000000000000000 ffffffffe4b619e9 0000000000000000 0000000000000000 0000000000000000 0000000000000000 0000000000000000 0000000000000000 000000000000cf98 ffffffffffff6a32 0000000000000000 0000000000000000 ffffffffe4b619e9 0000000000000000 ffffffffe4b619e9 0000000000000000 fffffffffff25b0d 0000000000000000 0000000100000000 0000000000000000 0000000000000000 ffffffffe4b619e9 0000000000000000 0000000000000000 0000000000000000 0000000000000000 000000000007fbfc fffffffffff4ef86 0000000000000002 0000000000000000 0000000011077ada 0000000088480def 0000000033583b9c 00000000445fb676 00000000cca7c465 000000000033583c 0000000000cca7c4 0000000000445fb6 0000000000000000
0000000000000220 0000000000000001 00000000000000d0 000000000001c16b fffffffffffee740 000000000000b454 0000000000009a80 ffffffffffddaf3e 0000000000001761 fffffffffffcec69 0000000000240000 0000000000000001 0000000000000000 ffffffffe4b619e9 0000000000000000 0000000000000000 0000000000000000 0000000000000000 0000000000014d17 fffffffffffef5cc ffffffffffff64fd ffffffffffff3444 ffffffffffff981b 0000000000019d8c 0000000000000000 0000000000000000 0000000000000000 0000000000000000 0000000000000000 0000000000000000 0000000100000000 0000000000000000 0000000000000000 0000000000000000 0000000000000000 0000000000000000 0000000000000000 0000000000000000 0000000000000000 0000000000000000 0000000000000002 0000000000000000 0000000000000000 0000000000000000 0000000080000000 0000000080000000 0000000080000000 0000000000800000 0000000000800000 0000000000800000 0000000000000000
0000000000000221 0000000000000001 00000000000000d1 ffffffffffffbf6e 000000000001ed38 fffffffffffeb134 000000000000f0ba ffffffffffe604c4 fffffffffff1d7ed 000000000001508c 0000000000060000 0000000000000000 0000000000000000 0000000000000000 0000000000000000 0000000000000000 0000000000000000 0000000000000000 ffffffffffffa025 000000000001de0d ffffffffffffa238 000000000000ee34 fffffffffffef7af 00000000000199b4 ffffffff8da3434a fffffffff9efdac5 fffffffff9c5fb0a ffffffffffab7dad fffffffffffce2fe ffffffffffffd5bf 000000000df036b4 0000000000000001 0000000000000001 fffffffff072afeb ffffffffffa94f52 ffffffff93dd4840 fffffffffa445d18 0000000000000001 fffffffffffd0aec 000000000000fca7 0000000000000005 0000000000000000 0000000048efbfd3 0000000098cdaa12 000000000f214b0e 0000000058110ae1 00000000f0deb4f3 0000000000f0deb5 00000000000f214b 000000000058110b 0000000000000000
0000000000000222 0000000000000001 00000000000000d2 fffffffffffda2b2 ffffffffffffc365 0000000000003be7 000000000000b246 000000000029963f 0000000000052fb3 fffffffffff51cce 0000000000180000 0000000000000000 0000000000000000 fffffffff072afeb ffffffffffa94f52 ffffffff93dd4840 fffffffffa445d18 0000000000000001 fffffffffffe6cb2 ffffffffffffba6d ffffffffffff0e68 ffffffffffffab54 000000000000c70d fffffffffffe9a67 00000000171e0bc1 ffffffffb2d514b0 00000000072854ae ffffffffe81b87d7 000000000003942a fffffffffff40dc4 000000004f431841 0000000000000001 0000000000000001 000000000b4cadc2 fffffffff58fc396 000000000ff5b713 ffffffffcab98cd9 0000000000000001 fffffffffff38ad8 00000000000092e7 0000000000000005 0000000000000000 000000000a9a20e7 00000000c205839b 0000000019b02dbf 00000000244a4ea6 00000000e64fd241 0000000000e64fd2 000000000019b02e 0000000000244a4f 0000000000000000
0000000000000223 0000000000000001 00000000000000d3 0000000000015f67 0000000000006b13 000000000000add8 0000000000005d11 ffffffffffca7c49 fffffffffffc693e ffffffffffffc79a 0000000000240000 0000000000000000 0000000000000000 000000000b4cadc2 fffffffff58fc396 000000000ff5b713 ffffffffcab98cd9 0000000000000001 0000000000008ca1 ffffffffffffd973 000000000000c197 ffffffffffff587e ffffffffffff86d5 ffffffffffffaee1 fffffffff00e8e84 ffffffffeef2707c fffffffff00e8e84 ffffffffeef2707c fffffffffff80747 fffffffffff77938 0000000100000000 0000000000000000 0000000000000000 00000000046a6450 000000000054c00a 0000000000000000 0000000000000000 0000000000000000 00000000000ba9f1 ffffffffffff8d0a 0000000000000002 0000000000000000 0000000079a61630 000000000587fde3 000000004068f5f7 00000000ba0f0c27 00000000bf970a0a 00000000004068f6 0000000000bf970a 0000000000ba0f0c 0000000000000000
0000000000000224 0000000000000001 00000000000000d4 ffffffffffff99fb 00000000000087fc ffffffffffff4446 000000000000dfbb ffffffffffbea4b7 000000000006333d fffffffffffcedb1 0000000000060000 0000000000000000 0000000000000000 00000000046a6450 000000000054c00a 0000000000000000 0000000000000000 0000000000000000 ffffffffffffcd3c 000000000000bae5 ffffffffffff49bc 000000000000b3c4 ffffffffffff574a 0000000000005f18 000000004058bd3b ffffffffd939e2b0 00000000055738e9 fffffffffcc8243d 000000000002ab9c fffffffffffe6412 00000000153f6d9b 0000000000000001 0000000000000001 000000000c8b310b fffffffffc4049d6 000000003b018452 ffffffffdc71be73 0000000000000001 000000000000bac1 fffffffffffcf807 0000000000000006 0000000000000000 00000000414f6c1e 000000009eafec1e 00000000100053e2 00000000514fc000 00000000efffac1e 0000000000514fc0 0000000000efffac 0000000000100054 0000000000000000
0000000000000225 0000000000000001 00000000000000d5 fffffffffffdba13 ffffffffffff5340 fffffffffffe0d8f 0000000000003639 fffffffffff72d1d fffffffffff2133f 000000000000726c 0000000000180000 0000000000000000 0000000000000000 000000000c8b310b fffffffffc4049d6 000000003b018452 ffffffffdc71be73 0000000000000001 ffffffffffff5bc8 000000000000bc09 000000000000f8a9 0000000000003cde 0000000000008f99 000000000000cc38 ffffffff8e2e1cee fffffffff7ede2b5 ffffffffe71ef5a6 fffffffffe3c620a fffffffffff38f7b ffffffffffff1e31 0000000037f50a91 0000000000000001 0000000000000001 ffffffffef93b126 0000000002f2548a ffffffffa70f2748 fffffffff9b180ab 0000000000000001 fffffffffffde62d fffffffffff3b519 0000000000000006 0000000000000000 00000000932a2c65 000000004fefcc65 000000000e73039b 00000000a19d3000 00000000f18cfc65 0000000000a19d30 0000000000f18cfc 00000000000e7304 0000000000000000
0000000000000226 0000000000000001 00000000000000d6 fffffffffffed1cd 000000000000461d fffffffffffed371 000000000000d98d ffffffffffdb04f5 fffffffffff5dcbc 000000000005002f 0000000000240000 0000000000000000 0000000000000000 ffffffffef93b126 0000000002f2548a ffffffffa70f2748 fffffffff9b180ab 0000000000000001 ffffffffffff8359 000000000000d602 ffffffffffff30b2 0000000000009634 ffffffffffff0990 00000000000018a0 ffffffff9f89583e 0000000028a60821 ffffffffdd860d4b 000000000e872613 ffffffffffeec307 0000000000074393 000000005b7ec62b 0000000000000001 0000000000000001 fffffffff67e198f 000000000a05110a ffffffffc2034af3 000000001a1ee20e 0000000000000001 fffffffffffbc4a0 00000000001238a0 0000000000000001 0000000000000000 000000009d59cc1e 000000004311cc1e 000000000fca33e2 00000000ad240000 00000000f035cc1e 0000000000ad2400 00000000000fca34 0000000000f035cc 0000000000000000
0000000000000227 0000000000000001 00000000000000d7 000000000000cafc 0000000000024372 0000000000003e7e 0000000000009a33 000000000007d3eb 000000000000ea09 00000000000e000f 0000000000060000 0000000000000000 0000000000000000 fffffffff67e198f 000000000a05110a ffffffffc2034af3 000000001a1ee20e 0000000000000001 ffffffffffffb158 0000000000012a76 ffffffffffff668e ffffffffffff3315 ffffffffffff8c11 fffffffffffee1f3 000000000273644f 000000008f0327fc 00000000001b59b8 00000000063c060f 0000000000000dad 0000000000031e03 000000000b28f88b 0000000000000001 0000000000000001 0000000004828dd6 0000000016b5c4f9 0000000002580a97 0000000088c721ed 0000000000000001 000000000001d361 fffffffffffd7907 0000000000000002 0000000000000000 0000000017770aab 00000000bac52d55 0000000016e1e400 000000002e58eeab 00000000e91e1c00 000000000016e1e4 0000000000e91e1c 00000000002e58ef 0000000000000000
0000000000000228 0000000000000001 00000000000000d8 fffffffffffdd0f0 fffffffffffe5db2 fffffffffffece29 000000000000b6e8 ffffffffffefe6aa 00000000000e0a66 fffffffffffc2a5b 0000000000180000 0000000000000000 0000000000000000 0000000004828dd6 0000000016b5c4f9 0000000002580a97 0000000088c721ed 0000000000000001 ffffffffffff7cac ffffffffffffbf12 ffffffffffff065a ffffffffffffc756 0000000000005c63 ffffffffffff8e4d 000000007bd737d8 fffffffff6d6a5bc 0000000018dfa1a5 fffffffffe28eed7 00000000000c6fd1 ffffffffffff1477 00000000336afd08 0000000000000001 0000000000000001 0000000014406df1 fffffffff7563a6a 0000000062f79633 fffffffff8adb6e5 0000000000000001 fffffffffffc5997 fffffffffff41350 0000000000000006 0000000000000000 00000000a88d4127 0000000033c02127 0000000011d94ed9 00000000ba669000 00000000ee26b127 0000000000ba6690 0000000000ee26b1 000000000011d94f 0000000000000000
0000000000000229 0000000000000001 00000000000000d9 fffffffffffe4f21 fffffffffffe9afc ffffffffffff20a6 0000000000002499 ffffffffffdefda5 fffffffffff71bb0 fffffffffff89770 0000000000240000 0000000000000000 0000000000000000 0000000014406df1 fffffffff7563a6a 0000000062f79633 fffffffff8adb6e5 0000000000000001 ffffffffffffa0e0 ffffffffffffb2d4 000000000000c83c 0000000000009f81 ffffffffffff885f 0000000000001a52 ffffffffcac265af ffffffffb1335b62 ffffffffeb0e1724 ffffffffe1000c01 fffffffffff5870c fffffffffff08006 0000000064b5fa29 0000000000000001 0000000000000001 fffffffff679a47a ffffffffefe67820 ffffffffdfb44e8b ffffffffd0334f61 0000000000000001 0000000000059937 ffffffffffee26c1 0000000000000006 0000000000000000 000000003232cece 00000000a9a20ece 0000000012159132 0000000044486000 00000000edea6ece 0000000000444860 0000000000edea6f 0000000000121591 0000000000000000
000000000000022a 0000000000000001 00000000000000da fffffffffffed65f 000000000002366d ffffffffffff937f 00000000000057e2 0000000000085a39 00000000000215b3 00000000000e2868 0000000000060000 0000000000000000 0000000000000000 fffffffff679a47a ffffffffefe67820 ffffffffdfb44e8b ffffffffd0334f61 0000000000000001 fffffffffffea0f0 00000000000185ab 000000000000d54b ffffffffffff726d 00000000000206cf 0000000000004d00 fffffffff6f95192 000000006a0a3396 ffffffffff789dc5 00000000063681a8 ffffffffffffbc4f 0000000000031b41 000000000effc797 0000000000000001 0000000000000001 fffffffffd00d390 0000000009e17bb9 fffffffff780b3cd 0000000063d3b1ee 0000000000000001 fffffffffffd8ed9 fffffffffffe0fce 0000000000000004 0000000000000000 000000008f3e4a02 0000000054aba9fc 000000000e0b0601 000000009d495003 00000000f1f4f9ff 0000000000f1f4fa 00000000009d4950 00000000000e0b06 0000000000000000
000000000000022b 0000000000000001 00000000000000db 0000000000020204 ffffffffffffda50 ffffffffffff9123 0000000000001606 000000000036280a 000000000005d81b fffffffffffca018 0000000000180000 0000000000000000 0000000000000000 fffffffffd00d390 0000000009e17bb9 fffffffff780b3cd 0000000063d3b1ee 0000000000000001 0000000000018833 0000000000002a3f 00000000000083b2 000000000000db87 000000000001660e ffffffffffff5a77 0000000023e99b4b fffffffff9fab30c 0000000018992687 fffffffffbe049b3 00000000000c4c93 fffffffffffdf025 00000000af58cf37 0000000000000001 0000000000000001 0000000003f879dd fffffffff2aec65f 000000000b5074c4 fffffffffe1a6959 0000000000000001 00000000000b9b8a 0000000000048f16 0000000000000003 0000000000000000 000000008f9bdcf8 00000000543ac4c0 000000000e14af24 000000009db08c1c 00000000f1eb50dc 00000000000e14af 00000000009db08c 0000000000f1eb51 0000000000000000
000000000000022c 0000000000000001 00000000000000dc ffffffffffff30d7 fffffffffffe9463 ffffffffffffeb3b 0000000000008575 00000000000013e1 fffffffffff23670 fffffffffffce2f9 0000000000240000 0000000000000000 0000000000000000 0000000003f879dd fffffffff2aec65f 000000000b5074c4 fffffffffe1a6959 0000000000000001 fffffffffffff605 ffffffffffff3a0f ffffffffffffddd7 ffffffffffff024a 000000000000244e 000000000000c2d7 ffffffff8a703b60 ffffffffd0e38be2 ffffffffdd45ba3f fffffffff2155957 ffffffffffeea2dd fffffffffff90aad 000000004b9f4be6 0000000000000001 0000000000000001 fffffffff133a1e7 ffffffffee7887af ffffffffad2a8121 ffffffffdece328b 0000000000000001 00000000001047b1 000000000009368c 0000000000000003 0000000000000000 0000000074eaeb52 00000000717a96b8 000000000ccd3efb 0000000081b82a4d 00000000f332c105 00000000000ccd3f 000000000081b82a 0000000000f332c1 0000000000000000
000000000000022d 0000000000000001 00000000000000dd 0000000000003f90 fffffffffffeb9df fffffffffffe7c1b 0000000000001f52 ffffffffffb05b16 fffffffffff6af42 00000000000ba342 0000000000060000 0000000000000000 0000000000000000 fffffffff133a1e7 ffffffffee7887af ffffffffad2a8121 ffffffffdece328b 0000000000000001 0000000000011863 00000000000023a9 000000000000b1f0 000000000000b80c 000000000000e25e ffffffffffff56c0 ffffffff9806a89e 000000004e4d80d6 fffffffffb04e4a2 0000000003c04840 fffffffffffd8272 000000000001e024 000000000c438288 0000000000000001 0000000000000001 fffffffff5ae911c 0000000003af126f ffffffff9d01c3fc 000000004a8d3896 0000000000000001 fffffffffffce7e9 ffffffffffff9e0b 0000000000000004 0000000000000000 000000001c474fdc 00000000b7e24d91 0000000015eb314a 0000000032328126 00000000ea14ceb7 0000000000ea14cf 0000000000323281 000000000015eb31 0000000000000000
000000000000022e 0000000000000001 00000000000000de 00000000000209d7 0000000000012880 ffffffffffff86db 0000000000000d54 000000000056044b 00000000000cc718 0000000000022f15 0000000000180000 0000000000000000 0000000000000000 fffffffff5ae911c 0000000003af126f ffffffff9d01c3fc 000000004a8d3896 0000000000000001 0000000000012171 000000000000f120 0000000000005242 000000000000f26d 0000000000015f92 0000000000008756 000000005906c800 000000001eaaa8aa 000000001794e88c 00000000081f8321 00000000000bca74 0000000000040fc2 0000000043cf6c76 0000000000000001 0000000000000001 0000000016fea605 fffffffff6bc2ac9 000000004171df74 00000000168b2589 0000000000000001 000000000009dc4f 000000000007a283 0000000000000003 0000000000000000 00000000573e7614 000000008d0f098d 000000000dd94030 000000006517b644 00000000f226bfd1 00000000000dd940 00000000006517b6 0000000000f226c0 0000000000000000
000000000000022f 0000000000000001 00000000000000df 000000000000bd09 ffffffffffffb010 00000000000098b9 000000000000915a ffffffffffec47e1 fffffffffffd8672 fffffffffff10d50 0000000000240000 0000000000000000 0000000000000000 0000000016fea605 fffffffff6bc2ac9 000000004171df74 00000000168b2589 0000000000000001 00000000000065c3 ffffffffffff79ad ffffffffffff964a ffffffffffff16d9 ffffffffffffdaca 000000000000a45b 0000000002b6dc39 ffffffff6bf117ca 0000000000af8d5e ffffffffda980f9c 00000000000057c7 ffffffffffed4c08 0000000040ad459f 0000000000000001 0000000000000001 00000000072534f3 ffffffffdfc08d5c 0000000002074edb ffffffff9159082e 0000000000000001 fffffffffff7f6f2 000000000010e467 0000000000000001 0000000000000000 00000000bdbc8c1a 000000001250b6c5 0000000017f95e91 00000000d5b5eaab 00000000e806a170 0000000000d5b5eb 000000000017f95f 0000000000e806a1 0000000000000000
0000000000000230 0000000000000001 00000000000000e0 fffffffffffdef01 000000000001bf4c fffffffffffdc9f7 0000000000001ba9 ffffffffffee9cc0 fffffffffff494d7 fffffffffff23b5f 0000000000060000 0000000000000000 0000000000000000 00000000072534f3 ffffffffdfc08d5c 0000000002074edb ffffffff9159082e 0000000000000001 fffffffffffec6ea 000000000002490b 000000000000a0bb 000000000000c741 0000000000007ba3 0000000000028bef ffffffff9f757720 ffffffff4eecea55 fffffffffd03e71b fffffffffa8680a9 fffffffffffe81f4 fffffffffffd4340 0000000007ea2bcf 0000000000000001 0000000000000001 fffffffff8a2e420 ffffffffe28cb819 ffffffffa2719005 ffffffff546669ac 0000000000000001 0000000000008e9c fffffffffffceeb6 0000000000000006 0000000000000000 000000004db0e847 0000000094fee847 000000000ea817b9 000000005c590000 00000000f157e847 00000000005c5900 0000000000f157e8 00000000000ea818 0000000000000000
0000000000000231 0000000000000001 00000000000000e1 ffffffffffffd5d2 fffffffffffee31d fffffffffffe64df 0000000000004316 ffffffffffad1efb fffffffffff297b2 fffffffffff51930 0000000000180000 0000000000000000 0000000000000000 fffffffff8a2e420 ffffffffe28cb819 ffffffffa2719005 ffffffff546669ac 0000000000000001 000000000000cbe3 00000000000048e3 000000000000ff45 ffffffffffffecae 000000000000394b ffffffffffff2f32 ffffffff8177c156 ffffffff7ecc8781 ffffffffee8c762e ffffffffee2e3b2b fffffffffff7463b fffffffffff7171e 00000000234eb99c 0000000000000001 0000000000000001 fffffffffb31ce28 fffffffff8eaf4fa ffffffff92eb4b28 ffffffff909e4c56 0000000000000001 0000000000098af5 fffffffffff7f8be 0000000000000002 0000000000000000 000000004e863604 0000000094546531 000000000e92b266 000000005d18e86a 00000000f16d4d9b 00000000000e92b2 0000000000f16d4e 00000000005d18e8 0000000000000000
0000000000000232 0000000000000001 00000000000000e2 0000000000007935 000000000001b6a5 fffffffffffde24c 000000000000e3d6 ffffffffffdf6eb2 00000000000eae1b 00000000000a314f 0000000000240000 0000000000000000 0000000000000000 fffffffffb31ce28 fffffffff8eaf4fa ffffffff92eb4b28 ffffffff909e4c56 0000000000000001 0000000000007329 0000000000023600 ffffffffffff5cc3 000000000000c534 fffffffffffeefcd 000000000001fd70 0000000084c81dee 000000003c03b5f2 0000000022177f7d 000000000f68a485 0000000000110bc0 000000000007b452 0000000041ba690e 0000000000000001 0000000000000001 0000000023aaa836 0000000018ea0b49 0000000062b09e71 000000002c9b116d 0000000000000001 0000000000120b27 fffffffffffb10c9 0000000000000002 0000000000000000 00000000a213ccf5 000000003cc736b7 0000000010927e2a 00000000b2a64b1f 00000000ef6d81d6 000000000010927e 0000000000ef6d82 0000000000b2a64b 0000000000000000
0000000000000233 0000000000000001 00000000000000e3 000000000001f5ec fffffffffffe7701 fffffffffffe100f 000000000000beda ffffffffffb7fbe1 fffffffffffa4182 000000000005f08e 0000000000060000 0000000000000000 0000000000000000 0000000023aaa836 0000000018ea0b49 0000000062b09e71 000000002c9b116d 0000000000000001 00000000000276ef 0000000000003b6f ffffffffffff001a fffffffffffff8bc ffffffffffffb2af 00000000000274ff fffffffff4cd49ac 000000002d38d509 fffffffffe8050ae 00000000060d75b1 ffffffffffff4028 00000000000306bb 0000000022436e84 0000000000000001 0000000000000001 00000000097ad204 00000000141eba3d fffffffff64cf8fe 00000000272b5f58 0000000000000001 0000000000030bde 000000000000a9c8 0000000000000003 0000000000000000 00000000aa76322d 0000000031035518 0000000012433c5e 00000000bcb96e8b 00000000edbcc3a3 000000000012433c 0000000000bcb96f 0000000000edbcc4 0000000000000000
0000000000000234 0000000000000001 00000000000000e4 000000000000cfe8 00000000000023cc 00000000000058d6 000000000000dd6d ffffffffffdf0189 fffffffffff70654 000000000006aca1 0000000000180000 0000000000000000 0000000000000001 00000000097ad204 00000000141eba3d fffffffff64cf8fe 00000000272b5f58 0000000000000001 0000000000006110 ffffffffffffe161 ffffffffffff3fe5 000000000000a936 0000000000005723 0000000000003499 ffffffffb8396c02 0000000000000000 ffffffffe70ef7cf 0000000000000000 fffffffffff3877c 0000000000000000 0000000058f5484f 0000000000000001 0000000000000001 0000000000616d82 0000000000000000 ffffffffd12a7433 0000000000000000 0000000000000001 fffffffffff7c1cf 0000000000095bb4 0000000000000005 0000000000000000 00000000ace65f41 000000002d712777 0000000012d43ca4 00000000bfba9be5 00000000ed2bc35c 0000000000ed2bc3 000000000012d43d 0000000000bfba9c 0000000000000000
0000000000000235 0000000000000001 00000000000000e5 ffffffffffff00e2 00000000000125b6 ffffffffffff0918 000000000000ebd8 ffffffffffcacfe2 00000000000b3557 fffffffffffcba40 0000000000240000 0000000000000000 0000000000000000 0000000000616d82 0000000000000000 ffffffffd12a7433 0000000000000000 0000000000000001 ffffffffffff4652 0000000000013820 ffffffffffff8675 000000000000e14f fffffffffffec864 000000000000ba8c 000000006cedd674 ffffffffd5d0fae1 0000000022e33af2 fffffffff27d4ec1 000000000011719d fffffffffff93ea7 0000000051fdc328 0000000000000001 0000000000000001 000000001878c2f0 fffffffffb423551 000000004a0a9b82 ffffffffe353ac20 0000000000000001 00000000000c252f fffffffffff1c5cf 0000000000000002 0000000000000000 0000000029ef3371 00000000af3d7028 000000001369ae34 000000003d58e1a5 00000000ec9651cd 00000000001369ae 0000000000ec9652 00000000003d58e2 0000000000000000
0000000000000236 0000000000000001 00000000000000e6 fffffffffffefb41 000000000001cdb6 fffffffffffe0ad6 000000000000cd08 ffffffffffa9f011 00000000000dea88 fffffffffff3e1f5 0000000000060000 0000000000000000 0000000000000000 000000001878c2f0 fffffffffb423551 000000004a0a9b82 ffffffffe353ac20 0000000000000001 ffffffffffff5f52 0000000000022bea ffffffffffff0cfc 000000000000507d fffffffffffdbdc3 0000000000001641 00000000a59fa8ec ffffffff8551e4b1 000000000502b324 fffffffffc49e23d 000000000002815a fffffffffffe24f1 0000000007bea256 0000000000000001 0000000000000001 000000001cd4a6e1 fffffffff287fb6b 00000000a09cf5c8 ffffffff89080274 0000000000000001 ffffffffffff06af fffffffffffd09d1 0000000000000006 0000000000000000 00000000abc2a0da 000000002f1a20da 0000000012919f26 00000000be544000 00000000ed6e60da 0000000000be5440 0000000000ed6e61 000000000012919f 0000000000000000
0000000000000237 0000000000000001 00000000000000e7 fffffffffffece47 ffffffffffffc8dc 000000000000e9e4 0000000000007537 00000000005600da fffffffffffce7c5 fffffffffff70aec 0000000000180000 0000000000000000 0000000000000000 000000001cd4a6e1 fffffffff287fb6b 00000000a09cf5c8 ffffffff89080274 0000000000000001 fffffffffffef899 ffffffffffff5921 000000000000430c ffffffffffff08f0 000000000000d281 000000000000e608 fffffffffa62c00c ffffffffa8e96971 fffffffffe653bb4 ffffffffe71c31cf ffffffffffff329e fffffffffff38e19 00000000492a3979 0000000000000001 0000000000000001 fffffffff811052a fffffffffea54b9d fffffffffbfd8458 ffffffffc1cd37a2 0000000000000001 000000000004089b 00000000000bcce3 0000000000000001 0000000000000000 000000002c774005 00000000ad8aa005 0000000012ff0ffb 000000003f765000 00000000ed00f005 00000000003f7650 000000000012ff10 0000000000ed00f0 0000000000000000
0000000000000238 0000000000000001 00000000000000e8 0000000000001125 000000000001680a 000000000000ea8b 0000000000000aaf ffffffffffd0fe35 000000000006f23f fffffffffffe058b 0000000000240000 0000000000000000 0000000000000000 fffffffff811052a fffffffffea54b9d fffffffffbfd8458 ffffffffc1cd37a2 0000000000000001 ffffffffffff453c 0000000000004874 000000000000424a 000000000000f745 ffffffffffff5e5d 0000000000007658 000000003a41e99e ffffffffe2d3a934 000000002173cda4 ffffffffef3f8fec 000000000010b9e7 fffffffffff79fc8 0000000092ffcd6f 0000000000000001 0000000000000001 0000000001d913ea 000000000831767c 0000000018ce1bfa fffffffff3941948 0000000000000001 000000000012531a fffffffffffc3dab 0000000000000002 0000000000000000 00000000ac502984 000000002e4d317e 0000000012b1527f 00000000bf017c03 00000000ed4ead81 000000000012b152 0000000000ed4eae 0000000000bf017c 0000000000000000
0000000000000239 0000000000000001 00000000000000e9 ffffffffffff9466 ffffffffffff6b9d ffffffffffff34c1 000000000000f478 ffffffffffdfed31 0000000000061bc4 fffffffffff33e2b 0000000000060000 0000000000000000 0000000000000000 0000000001d913ea 000000000831767c 0000000018ce1bfa fffffffff3941948 0000000000000001 0000000000002d7a 0000000000001fac ffffffffffffb883 000000000000f5d1 00000000000022d3 0000000000002b1d 0000000035f9eae4 ffffffff92e14af5 0000000002c3bd12 fffffffffa69370a 00000000000161df fffffffffffd349c 000000000d1cae91 0000000000000001 0000000000000001 0000000003f6d9fc fffffffffb5c57d1 0000000033362dd2 ffffffff987813eb 0000000000000001 0000000000008c05 fffffffffffcee40 0000000000000006 0000000000000000 000000004e67b04c 00000000946a304c 000000000e970fb4 000000005cfec000 00000000f168f04c 00000000005cfec0 0000000000f168f0 00000000000e9710 0000000000000000
000000000000023a 0000000000000001 00000000000000ea 0000000000022051 ffffffffffff1695 00000000000193c7 0000000000007c68 ffffffffffe4772c 000000000002cd6e fffffffffff3b294 0000000000180000 0000000000000000 0000000000000000 0000000003f6d9fc fffffffffb5c57d1 0000000033362dd2 ffffffff987813eb 0000000000000001 0000000000013218 fffffffffffe901e 000000000000168d ffffffffffff00ff fffffffffffeaeb1 000000000001537d 00000000280a10f6 ffffffff80b22180 00000000077baf28 ffffffffe8351f5f 000000000003bdd8 fffffffffff41a90 000000002fd856a0 0000000000000001 0000000000000001 fffffffffe9aae40 ffffffffffeac4d1 00000000208e61ce ffffffff987d0221 0000000000000001 fffffffffffd5227 00000000000c2df7 0000000000000001 0000000000000000 000000009b5f3e3b 0000000045a41e3b 000000000f7e51c5 00000000aadd9000 00000000f081ae3b 0000000000aadd90 00000000000f7e52 0000000000f081ae 0000000000000000
000000000000023b 0000000000000001 00000000000000eb 00000000000124ab fffffffffffdf17d 000000000002583d 0000000000005a5f 00000000002e6260 00000000000bf394 0000000000042965 0000000000240000 0000000000000000 0000000000000000 fffffffffe9aae40 ffffffffffeac4d1 00000000208e61ce ffffffff987d0221 0000000000000001 000000000000aa8a fffffffffffd7579 000000000000cc45 ffffffffffff65b1 fffffffffffd9221 000000000001000a 000000007be9e097 0000000021a60354 00000000241ad548 0000000009cddf80 0000000000120d6b 000000000004e6f0 000000004a974927 0000000000000001 0000000000000001 000000000922524c 00000000185da72c 0000000057cf0b4f 0000000017d823d4 0000000000000001 fffffffffff13502 00000000000b731f 0000000000000005 0000000000000000 000000008d071310 0000000057481699 000000000dd86b2c 000000009adf7e3c 00000000f22794d5 0000000000f22795 00000000000dd86b 00000000009adf7e 0000000000000000
000000000000023c 0000000000000001 00000000000000ec 0000000000016359 00000000000152a9 ffffffffffffcbc6 000000000000cb3f 000000000013d070 fffffffffffaa877 00000000000669d3 0000000000060000 0000000000000000 0000000000000000 000000000922524c 00000000185da72c 0000000057cf0b4f 0000000017d823d4 0000000000000001 0000000000008d6c 000000000000e1ad ffffffffffff09ac 00000000000045b2 ffffffffffff4d5a 000000000000c585 ffffffffe08fa044 000000004c561241 fffffffffda01e88 0000000005c3fb31 fffffffffffed00f 000000000002e1fe 000000001355d425 0000000000000001 0000000000000001 fffffffff211aea6 000000001a48537a ffffffffe2ef81bc 0000000046921710 0000000000000001 000000000002735d 000000000001ed60 0000000000000003 0000000000000000 0000000055a15f67 000000008e6ddc17 000000000df86241 000000006399c1a8 00000000f2079dbf 00000000000df862 00000000006399c2 0000000000f2079e 0000000000000000
000000000000023d 0000000000000001 00000000000000ed fffffffffffe129a 000000000000b709 fffffffffffebfa5 0000000000005095 00000000003d6ef4 fffffffffffcfb36 0000000000081735 0000000000180000 0000000000000000 0000000000000000 fffffffff211aea6 000000001a48537a ffffffffe2ef81bc 0000000046921710 0000000000000001 fffffffffffee4d7 00000000000122a2 000000000000eb19 ffffffffffff9ab0 0000000000017af7 0000000000009106 ffffffffcab18935 0000000064e90787 fffffffff4599e2c 00000000160db585 fffffffffffa2ccf 00000000000b06db 0000000037f2a3ed 0000000000000001 0000000000000001 fffffffff28cf3d5 000000001515a2bf ffffffffd657eb09 000000004edb5202 0000000000000001 fffffffffff82dc6 fffffffffff6496a 0000000000000004 0000000000000000 00000000b3757faa 00000000236a33ab 0000000014902656 00000000c805a600 00000000eb6fd9ab 0000000000eb6fda 0000000000c805a6 0000000000149026 0000000000000000
000000000000023e 0000000000000001 00000000000000ee ffffffffffffddef 000000000000cf3f 00000000000031e2 0000000000007d40 0000000000416a12 0000000000018331 00000000000e5016 0000000000240000 0000000000000000 0000000000000000 fffffffff28cf3d5 000000001515a2bf ffffffffd657eb09 000000004edb5202 0000000000000001 ffffffffffff9394 0000000000005ada 0000000000001144 ffffffffffff0095 000000000000724e ffffffffffffacab fffffffffbece9d9 000000009e212618 ffffffffff094b8e 0000000025665ec2 ffffffffffff84a6 000000000012b32f 000000003c8c3353 0000000000000001 0000000000000001 fffffffffc2523b4 0000000016a8dcab fffffffffce39e4b 0000000078bac756 0000000000000001 ffffffffffff3834 ffffffffffed4f62 0000000000000006 0000000000000000 000000007b6be70e 000000006ac591b9 000000000ce7439d 0000000088532aab 00000000f318bc64 000000000088532b 0000000000f318bc 00000000000ce744 0000000000000000
000000000000023f 0000000000000001 00000000000000ef 00000000000111cb fffffffffffdfa23 fffffffffffe980d 0000000000004da8 00000000004de88b 00000000000402fd 0000000000091a9b 0000000000060000 0000000000000000 0000000000000000 fffffffffc2523b4 0000000016a8dcab fffffffffce39e4b 0000000078bac756 0000000000000001 000000000001db23 ffffffffffffa4d4 000000000000f1c1 ffffffffffffabcb ffffffffffff0d9d fffffffffffe5d4b 0000000027da486a 000000007f16e3a2 0000000001dd9f36 0000000005f32099 000000000000eed0 000000000002f990 000000000bfc14b8 0000000000000001 0000000000000001 0000000002a4a006 000000000b3d7118 0000000025fca934 000000007923c309 0000000000000001 fffffffffffce244 ffffffffffffe705 0000000000000004 0000000000000000 0000000007362142 00000000c3d3fd03 000000001a7af0de 0000000021b11220 00000000e5850f23 0000000000e5850f 000000000021b112 00000000001a7af1 0000000000000000
0000000000000240 0000000000000001 00000000000000f0 000000000001d9f1 000000000000dcab 000000000000ce6f 000000000000337d 00000000004a5ed7 00000000000431fa 000000000006e017 0000000000180000 0000000000000000 0000000000000000 0000000002a4a006 000000000b3d7118 0000000025fca934 000000007923c309 0000000000000001 000000000000ad98 0000000000000838 000000000000f404 0000000000004d68 0000000000003c53 ffffffffffff5d05 00000000255b0b3b 0000000057545d32 0000000009cf2314 0000000016ee8130 000000000004e792 00000000000b7741 000000004338f161 0000000000000001 0000000000000001 ffffffffffbcdef9 fffffffffbe9ed90 000000001b8be827 000000004065dc02 0000000000000001 fffffffffff68dcd 0000000000082452 0000000000000005 0000000000000000 00000000966d58a5 000000004beda042 000000000ed2838d 00000000a53fdc32 00000000f12d7c74 0000000000f12d7c 00000000000ed284 0000000000a53fdc 0000000000000000
0000000000000241 0000000000000001 00000000000000f1 0000000000022a88 ffffffffffff681a 0000000000003d33 00000000000039a0 00000000001fbed4 fffffffffff4155f fffffffffff5b854 0000000000240000 0000000000000000 0000000000000000 ffffffffffbcdef9 fffffffffbe9ed90 000000001b8be827 000000004065dc02 0000000000000001 0000000000018fed ffffffffffff84f8 000000000000fcdf 00000000000027e4 ffffffffffffc4ca fffffffffffe61cb ffffffff99f6a3c7 ffffffffb4c9deaf ffffffffe1e27fd1 ffffffffe9cd4e03 fffffffffff0f140 fffffffffff4e6a7 000000004b8e66cc 0000000000000001 0000000000000001 ffffffffec61a8da ffffffffe4c50f82 ffffffffb81423f6 ffffffffcafc90ac 0000000000000001 0000000000089df6 ffffffffffef659e 0000000000000006 0000000000000000 000000000a548d49 00000000c2290d49 0000000019c132b7 000000002415c000 00000000e63ecd49 00000000002415c0 0000000000e63ecd 000000000019c133 0000000000000000
0000000000000242 0000000000000001 00000000000000f2 00000000000007c8 00000000000021e4 00000000000161e8 0000000000000100 000000000004e241 0000000000004bb6 00000000000d25eb 0000000000060000 0000000000000000 0000000000000000 ffffffffec61a8da ffffffffe4c50f82 ffffffffb81423f6 ffffffffcafc90ac 0000000000000001 ffffffffffff83ec ffffffffffff473d 0000000000000648 000000000000ffec ffffffffffff7f6d ffffffffffff4a57 fffffffff35b24d5 000000005e5bc62d ffffffffff2bff5a 00000000062e1dfa ffffffffffff9600 000000000003170f 0000000010c45fd7 0000000000000001 0000000000000001 fffffffffbb61bf2 ffffffffffcb3a2e fffffffff42f257b 00000000582da833 0000000000000001 ffffffffffff829f 0000000000031437 0000000000000001 0000000000000000 00000000911c4354 00000000526bc354 000000000e3bfcac 000000009f584000 00000000f1c40354 00000000009f5840 00000000000e3bfd 0000000000f1c403 0000000000000000
0000000000000243 0000000000000001 00000000000000f3 0000000000024147 000000000000dac1 0000000000019062 000000000000e349 00000000005f4a23 000000000009c94f fffffffffff52498 0000000000180000 0000000000000000 0000000000000000 fffffffffbb61bf2 ffffffffffcb3a2e fffffffff42f257b 00000000582da833 0000000000000001 000000000000b279 ffffffffffff9723 ffffffffffff5a21 000000000000c2ff 000000000000cbe3 00000000000023c4 000000004a1a1eef ffffffffad8c3b05 0000000010ac051d ffffffffed7309bf 0000000000085603 fffffffffff6b985 000000003998b61f 0000000000000001 0000000000000001 0000000008ba43bf ffffffffe1208482 00000000396e19d2 ffffffffc0193146 0000000000000001 00000000000056fa fffffffffff388a7 0000000000000006 0000000000000000 000000006db7eac6 0000000078972ac6 000000000cd8753a 000000007a906000 00000000f3278ac6 00000000007a9060 0000000000f3278b 00000000000cd875 0000000000000000
0000000000000244 0000000000000001 00000000000000f4 ffffffffffff9c1b 00000000000244d1 fffffffffffe72be 00000000000083bd 000000000025ce02 fffffffffffc57a6 0000000000099818 0000000000240000 0000000000000000 0000000000000000 0000000008ba43bf ffffffffe1208482 00000000396e19d2 ffffffffc0193146 0000000000000001 ffffffffffff8037 00000000000234b0 ffffffffffffe892 ffffffffffff0113 0000000000004b91 fffffffffffdc1fd ffffffffe68903b9 000000004dc4c1d2 fffffffff45b9b90 00000000238e03fd fffffffffffa2dce 000000000011c702 00000000750a2d2a 0000000000000001 0000000000000001 fffffffff88eb8ce fffffffffbeef427 fffffffff22d6829 000000002a36bdd5 0000000000000001 0000000000076c76 ffffffffffeed47a 0000000000000006 0000000000000000 000000001a8d06db 00000000b8ec3186 00000000164363d0 0000000030d06aab 00000000e9bc9c31 000000000030d06b 0000000000e9bc9c 0000000000164364 0000000000000000
0000000000000245 0000000000000001 00000000000000f5 fffffffffffe6c33 ffffffffffffa488 fffffffffffe13e0 000000000000a769 fffffffffffd27c7 00000000000841c6 fffffffffff21dee 0000000000060000 0000000000000000 0000000000000000 fffffffff88eb8ce fffffffffbeef427 fffffffff22d6829 000000002a36bdd5 0000000000000001 ffffffffffffb555 000000000000e751 ffffffffffff2d3d ffffffffffff6eb0 ffffffffffff6bf2 ffffffffffff3f3a 0000000045a3422f ffffffff88fa6dca 0000000003261b6b fffffffffa9e3cab 000000000001930e fffffffffffd4f1e 000000000b93629f 0000000000000001 0000000000000001 0000000005cab4e9 ffffffffe3ee780c 00000000427d26c4 ffffffff8e5c311f 0000000000000001 fffffffffffce411 0000000000003b33 0000000000000005 0000000000000000 000000001116fef4 00000000be7060da 00000000183c5019 0000000029534f0d 00000000e7c3afe7 0000000000e7c3b0 0000000000183c50 000000000029534f 0000000000000000
0000000000000246 0000000000000001 00000000000000f6 000000000000ec5b 0000000000015d6c 000000000000de3c 000000000000b7c2 ffffffffffb8eb03 00000000000a59f0 000000000001c9c2 0000000000180000 0000000000000000 0000000000000000 0000000005cab4e9 ffffffffe3ee780c 00000000427d26c4 ffffffff8e5c311f 0000000000000001 ffffffffffffdf05 000000000000496e ffffffffffff053b ffffffffffffcc84 ffffffffffffbeb4 ffffffffffffd0ed 00000000624972dc ffffffffeb2d8d3a 000000001866666e fffffffffad4b386 00000000000c3333 fffffffffffd6a5a 000000003f8d7ede 0000000000000001 0000000000000001 0000000005100778 fffffffffcff0e5f 0000000049e30c6e fffffffff058d9b4 0000000000000001 fffffffffffb03c3 fffffffffff491ad 0000000000000006 0000000000000000 00000000b95b3ea8 0000000019d39ea8 0000000016689158 00000000cfc3d000 00000000e9976ea8 0000000000cfc3d0 0000000000e9976f 0000000000166891 0000000000000000
0000000000000247 0000000000000001 00000000000000f7 000000000001f20e fffffffffffd914d fffffffffffe62e8 00000000000003bf 0000000000366ba0 fffffffffffb1355 000000000007e2dd 0000000000240000 0000000000000000 0000000000000000 0000000005100778 fffffffffcff0e5f 0000000049e30c6e fffffffff058d9b4 0000000000000001 000000000002a54f ffffffffffff86fc 000000000000176e 000000000000feed 0000000000029764 ffffffffffff4981 ffffffffc39f4764 0000000050304593 ffffffffe97f0bb4 000000001de332b6 fffffffffff4bf86 00000000000ef199 000000005f6a42bd 0000000000000001 0000000000000001 ffffffffed6102a7 000000000a5118c4 ffffffffda203bb0 00000000324d12dd 0000000000000001 fffffffffff36d7c 00000000000dd9eb 0000000000000005 0000000000000000 00000000aa9b9f8b 0000000030ce4852 00000000124b0c12 00000000bce6ab9d 00000000edb4f3ef 0000000000edb4f4 0000000000124b0c 0000000000bce6ac 0000000000000000
0000000000000248 0000000000000001 00000000000000f8 0000000000004a00 0000000000000ab9 fffffffffffdeb74 0000000000001c60 ffffffffffe135f5 00000000000e4687 fffffffffff19122 0000000000060000 0000000000000000 0000000000000000 ffffffffed6102a7 000000000a5118c4 ffffffffda203bb0 00000000324d12dd 0000000000000001 000000000000df47 00000000000139a8 000000000000a438 000000000000c463 000000000001747d 0000000000006164 000000005d47442d ffffffff849240f1 0000000003c26a81 fffffffffb0680bb 000000000001e135 fffffffffffd8340 000000000a515322 0000000000000001 0000000000000001 0000000004256135 ffffffffeeb3db5c 000000005984d9ac ffffffff898bc036 0000000000000001 000000000003099d ffffffffffff4c36 0000000000000002 0000000000000000 00000000a87429fc 0000000033e6f069 0000000011d272ce 00000000ba469cca 00000000ee2d8d33 000000000011d273 0000000000ee2d8d 0000000000ba469d 0000000000000000
0000000000000249 0000000000000001 00000000000000f9 000000000001dce3 00000000000278a0 ffffffffffff72c7 0000000000002529 00000000000329ba 0000000000038bd6 0000000000028018 0000000000180000 0000000000000000 0000000000000000 0000000004256135 ffffffffeeb3db5c 000000005984d9ac ffffffff898bc036 0000000000000001 0000000000009a20 000000000001bec7 000000000000ca6b 0000000000009cb9 000000000001bf9f 00000000000097a6 0000000013d31489 ffffffffffd0a7a8 0000000013d31489 ffffffffffd0a7a8 000000000009e98a ffffffffffffe854 0000000100000000 0000000000000000 0000000000000000 fffffffff45f5d50 0000000008a78396 0000000000000000 0000000000000000 0000000000000000 0000000000062431 000000000007c7ee 0000000000000003 0000000000000000 000000001a62f1aa 000000008fc25c9a 000000002aed58de 0000000045504a88 00000000d512a722 00000000002aed59 000000000045504b 0000000000d512a7 0000000000000000
000000000000024a 0000000000000001 00000000000000fa 00000000000247ee 00000000000233b1 0000000000014bcf 0000000000004d42 0000000000399e7a fffffffffffa1ad0 0000000000080ce9 0000000000240000 0000000000000000 0000000000000000 fffffffff45f5d50 0000000008a78396 0000000000000000 0000000000000000 0000000000000000 0000000000005aca 00000000000085e0 000000000000f295 ffffffffffffae35 00000000000061da ffffffffffff7f32 ffffffffbdb3d99b 000000005b7c4531 ffffffffea0bed88 000000001e4b452b fffffffffff505f7 00000000000f25a3 0000000054c542b2 0000000000000001 0000000000000001 ffffffffecef05f7 0000000012ca5373 ffffffffd3a7ec13 000000003d310006 0000000000000001 fffffffffff5276c fffffffffff0c255 0000000000000004 0000000000000000 00000000bbb97388 0000000015d57eb5 00000000173886e2 00000000d2f1fa6a 00000000e8c7791f 0000000000e8c779 0000000000d2f1fa 0000000000173887 0000000000000000
000000000000024b 0000000000000001 00000000000000fb ffffffffffff381e 0000000000020543 000000000001d43a 0000000000003309 00000000002fce79 fffffffffffdcc48 00000000000918d6 0000000000060000 0000000000000000 0000000000000000 ffffffffecef05f7 0000000012ca5373 ffffffffd3a7ec13 000000003d310006 0000000000000001 fffffffffffe323e 0000000000001c4f 000000000000f324 000000000000501e ffffffffffff8a60 000000000001bf6c ffffffffdd703490 000000005993a9ca fffffffffdc165b6 0000000005d1407f fffffffffffee0b3 000000000002e8a0 0000000010a01b6b 0000000000000001 0000000000000001 fffffffff3bcd153 000000000f42cd3c ffffffffdfaeceda 0000000053c2694b 0000000000000001 fffffffffffce2de ffffffffffffd82b 0000000000000004 0000000000000000 000000000b7fb436 00000000c188bba6 00000000197bc812 0000000024fb7c48 00000000e68437ee 0000000000e68438 000000000024fb7c 0000000000197bc8 0000000000000000
000000000000024c 0000000000000001 00000000000000fc fffffffffffe5d21 ffffffffffff126b 0000000000019b0f 0000000000006506 000000000039de2d 00000000000b5ad9 fffffffffff7720f 0000000000180000 0000000000000000 0000000000000000 fffffffff3bcd153 000000000f42cd3c ffffffffdfaeceda 0000000053c2694b 0000000000000001 fffffffffffeaeed fffffffffffe8982 0000000000009d6c ffffffffffff361f 0000000000002387 000000000001f699 000000005533955c ffffffffbbae5f46 0000000013755f6b fffffffff065af20 000000000009bab0 fffffffffff832d8 000000003a773de5 0000000000000001 0000000000000001 00000000077df86b fffffffff20ba93b 0000000041be35f1 ffffffffcb48b026 0000000000000001 fffffffffffd1ffb 00000000000c2288 0000000000000001 0000000000000000 000000009e18608e 000000004217c08e 000000000fe7ef72 00000000ae005000 00000000f018108e 0000000000ae0050 00000000000fe7ef 0000000000f01811 0000000000000000
000000000000024d 0000000000000001 00000000000000fd ffffffffffff55bc fffffffffffd976e ffffffffffffca8b 0000000000008a2a fffffffffff49612 00000000000c80a6 00000000000e1073 0000000000240000 0000000000000000 0000000000000000 00000000077df86b fffffffff20ba93b 0000000041be35f1 ffffffffcb48b026 0000000000000001 0000000000006dd6 fffffffffffebae3 ffffffffffffc0d8 ffffffffffff07ea ffffffffffffe5c4 0000000000015629 0000000075862713 000000005f7d4940 000000001d093c03 00000000179792ec 00000000000e849e 00000000000bcbc9 000000003f3fa662 0000000000000001 0000000000000001 000000000947c8cd 000000000babcbaf 00000000587ceb10 0000000047e5b654 0000000000000001 fffffffffff4d746 fffffffffff0fcaa 0000000000000004 0000000000000000 00000000b8eaf773 000000001a93a21b 000000001640b339 00000000cf2baaac 00000000e9bf4cc7 0000000000e9bf4d 0000000000cf2bab 00000000001640b3 0000000000000000
000000000000024e 0000000000000001 00000000000000fe 0000000000012c99 fffffffffffecc8d ffffffffffff34ab 00000000000052f2 0000000000180f47 000000000001c7f3 fffffffffffb648b 0000000000060000 0000000000000000 0000000000000000 000000000947c8cd 000000000babcbaf 00000000587ceb10 0000000047e5b654 0000000000000001 00000000000172a9 ffffffffffffc3e3 000000000000e4d7 ffffffffffff8d40 ffffffffffff241e fffffffffffecf9c 000000002069fa5f fffffffff12ad60e 0000000005ab8117 fffffffffd67ca41 000000000002d5c1 fffffffffffeb3e5 000000002cc7bb01 0000000000000001 0000000000000001 fffffffffab60fda fffffffff93db324 000000001abe7948 fffffffff3c30bcd 0000000000000001 ffffffffffffe38f 0000000000031d9f 0000000000000001 0000000000000000 000000007a3bd153 000000006c035153 000000000ce06ead 00000000871c4000 00000000f31f9153 0000000000871c40 00000000000ce06f 0000000000f31f91 0000000000000000
000000000000024f 0000000000000001 00000000000000ff 000000000000100d fffffffffffec4cf ffffffffffff5825 000000000000ed7c ffffffffffcba175 fffffffffff807db fffffffffffbb59a 0000000000180000 0000000000000000 0000000000000000 fffffffffab60fda fffffffff93db324 000000001abe7948 fffffffff3c30bcd 0000000000000001 000000000000abb8 ffffffffffffaaf0 ffffffffffff8fa0 000000000000e605 000000000000bfa2 fffffffffffffef3 ffffffffaea59ccd ffffffffcc51fe90 ffffffffeaf27b8a fffffffff2a04c46 fffffffffff5793e fffffffffff95026 00000000423f9c36 0000000000000001 0000000000000001 ffffffffeb081c7a fffffffff69bef01 ffffffffc3b32143 ffffffffd9b1b24a 0000000000000001 fffffffffff39b48 fffffffffffe9cc8 0000000000000004 0000000000000000 0000000019a2ed49 00000000b97a39db 0000000016716c6e 00000000301459b7 00000000e98e9392 0000000000e98e94 000000000030145a 000000000016716c 0000000000000000
0000000000000250 0000000000000001 0000000000000100 fffffffffffe1c01 ffffffffffffbd4a fffffffffffd893d 000000000000aa25 000000000005a8ea 000000000005ec64 000000000002a672 0000000000240000 0000000000000000 0000000000000000 ffffffffeb081c7a fffffffff69bef01 ffffffffc3b32143 ffffffffd9b1b24a 0000000000000001 ffffffffffffa5d4 00000000000145a7 ffffffffffff23f8 ffffffffffff7d26 ffffffffffff1631 ffffffffffff0c0b 0000000026b36b15 0000000016d39295 0000000020398147 000000001301b4a6 0000000000101cc1 00000000000980da 00000000d5292aa6 0000000000000001 0000000000000001 ffffffffff317896 00000000028a3dad 000000000679e9ce 0000000003d1ddef 0000000000000001 ffffffffffffeeb5 ffffffffffed4b43 0000000000000006 0000000000000000 0000000073ea92a5 000000007279a7fb 000000000ccde2b0 0000000080b87555 00000000f3321d50 000000000080b875 0000000000f3321d 00000000000ccde3 0000000000000000
0000000000000251 0000000000000001 0000000000000101 0000000000010e70 0000000000021073 fffffffffffe09c6 000000000000618b 00000000000d4378 00000000000c9895 000000000006361d 0000000000060000 0000000000000000 0000000000000000 ffffffffff317896 00000000028a3dad 000000000679e9ce 0000000003d1ddef 0000000000000001 000000000000ab8d 000000000002530f 000000000000ae17 ffffffffffff444f 00000000000116e3 fffffffffffdd70f 0000000063b0421c 000000004d801057 0000000004ec39cb 0000000003d3bad9 000000000002761d 000000000001e9dd 000000000ca44233 0000000000000001 0000000000000001 000000000b888984 000000000bb22fee 000000005ec40851 0000000049ac557e 0000000000000001 fffffffffffce4e5 0000000000004559 0000000000000005 0000000000000000 000000001404fec7 00000000bcc4667c 00000000179b4d5f 000000002ba04c26 00000000e864b2a2 0000000000e864b3 0000000000179b4d 00000000002ba04c 0000000000000000
0000000000000252 0000000000000001 0000000000000102 000000000000b312 fffffffffffd851b 000000000001509b 000000000000d990 ffffffffffff72eb fffffffffffebd98 000000000008b4ea 0000000000180000 0000000000000000 0000000000000000 000000000b888984 000000000bb22fee 000000005ec40851 0000000049ac557e 0000000000000001 000000000000dad0 fffffffffffdcf1c ffffffffffff30c1 0000000000009648 0000000000024686 ffffffffffff67e1 ffffffffecb0bba8 000000005cc3b4c1 fffffffffaeacc4b 00000000186b0a5e fffffffffffd7566 00000000000c3585 000000004362da68 0000000000000001 0000000000000001 fffffffff4643078 0000000007fba5ae fffffffff1c5ef5d 000000004458aa63 0000000000000001 000000000008645a 000000000009397e 0000000000000003 0000000000000000 00000000310fbc08 00000000aa6e4cc8 000000001240fb98 000000004350b7a0 00000000edbf0468 00000000001240fc 00000000004350b8 0000000000edbf04 0000000000000000
0000000000000253 0000000000000001 0000000000000103 000000000001c796 00000000000260ba fffffffffffe3519 00000000000019cd ffffffffffe104fc 0000000000043132 0000000000022413 0000000000240000 0000000000000000 0000000000000000 fffffffff4643078 0000000007fba5ae fffffffff1c5ef5d 000000004458aa63 0000000000000001 000000000000fdc8 0000000000026864 0000000000009779 000000000000ce61 000000000002394d 0000000000015ac1 0000000005b6292e 000000000a3c56fb 0000000005b6292e 000000000a3c56fb 000000000002db15 0000000000051e2b 0000000100000000 0000000000000000 0000000000000000 fffffffff991b79f fffffffffb3ee0fc 0000000000000000 0000000000000000 0000000000000000 ffffffffffff4629 000000000005d0ca 0000000000000001 0000000000000000 000000002b8e95e7 000000001c120092 000000005c2fb4c4 0000000087be4aab 00000000a3d04b3d 000000000087be4b 00000000005c2fb5 0000000000a3d04b 0000000000000000
0000000000000254 0000000000000001 0000000000000104 fffffffffffe7b17 fffffffffffea66b fffffffffffe5cfc 0000000000004d8f 0000000000441aa3 00000000000bb207 0000000000009397 0000000000060000 0000000000000000 0000000000000000 fffffffff991b79f fffffffffb3ee0fc 0000000000000000 0000000000000000 0000000000000000 fffffffffffffb98 0000000000002a66 000000000000f1fb ffffffffffffac71 0000000000002984 fffffffffffff653 000000005e34ae8e 000000000a3f2c3a 000000000632e5fb 0000000000ac9b66 0000000000031973 000000000000564e 0000000010d85335 0000000000000001 0000000000000001 00000000073c7188 fffffffffbf93d15 000000005801c893 00000000099290d4 0000000000000001 fffffffffffeab70 000000000002d1d4 0000000000000001 0000000000000000 00000000bd531168 00000000130b1168 0000000017d0ee98 00000000d5240000 00000000e82f1168 0000000000d52400 000000000017d0ef 0000000000e82f11 0000000000000000
0000000000000255 0000000000000001 0000000000000105 ffffffffffff34b2 ffffffffffff4083 ffffffffffff78be 0000000000005a60 ffffffffffc7dc03 fffffffffff8d579 fffffffffff98f7c 0000000000180000 0000000000000000 0000000000000000 00000000073c7188 fffffffffbf93d15 000000005801c893 00000000099290d4 0000000000000001 ffffffffffffe561 ffffffffffffdf89 000000000000cc35 ffffffffffff659d fffffffffffff628 00000000000028d0 ffffffffc9141354 ffffffffba7d543b fffffffff0898e9f ffffffffec6e12cf fffffffffff844c7 fffffffffff63709 0000000048130f66 0000000000000001 0000000000000001 ffffffffed303cb2 fffffffff23d4592 ffffffffd88a84b5 ffffffffce0f416c 0000000000000001 00000000000c77c9 ffffffffffffbbe2 0000000000000002 0000000000000000 00000000c5075762 0000000004ea83d6 000000001b071264 00000000e00e69c6 00000000e4f8ed9c 00000000001b0712 0000000000e4f8ee 0000000000e00e6a 0000000000000000
0000000000000256 0000000000000001 0000000000000106 000000000000fe0b 00000000000127a3 000000000001b780 0000000000000e9c 00000000004131df 000000000001c8bb fffffffffff6e142 0000000000240000 0000000000000000 0000000000000000 ffffffffed303cb2 fffffffff23d4592 ffffffffd88a84b5 ffffffffce0f416c 0000000000000001 ffffffffffffb451 ffffffffffffacf1 00000000000059d7 000000000000efb8 ffffffffffff9bfb ffffffffffffccc9 00000000003588a5 ffffffffad840291 00000000001847fa ffffffffda967b96 0000000000000c24 ffffffffffed4b3e 00000000741cf855 0000000000000001 0000000000000001 fffffffff7a84832 fffffffff1a83da0 00000000001d40ab ffffffffd2ed86fb 0000000000000001 0000000000069bec ffffffffffee8010 0000000000000006 0000000000000000 00000000254548b4 00000000b2439e0a 00000000143b8ca1 000000003980d555 00000000ebc4735f 00000000003980d5 0000000000ebc473 0000000000143b8d 0000000000000000
0000000000000257 0000000000000001 0000000000000107 ffffffffffff9cfa 000000000002420e 0000000000005a37 0000000000005424 ffffffffffd6859d fffffffffff6b0e0 fffffffffffdc709 0000000000060000 0000000000000000 0000000000000000 fffffffff7a84832 fffffffff1a83da0 00000000001d40ab ffffffffd2ed86fb 0000000000000001 fffffffffffedf39 00000000000119a7 000000000000e15b ffffffffffff868b 00000000000180f2 0000000000007895 ffffffff996252e0 ffffffffd4170712 fffffffffa447458 fffffffffd8c06ff fffffffffffd223a fffffffffffec603 000000000e4d24d5 0000000000000001 0000000000000001 ffffffffead244b1 fffffffff77ad277 ffffffff9f1dde88 ffffffffd68b0013 0000000000000001 0000000000027089 fffffffffffe0f08 0000000000000002 0000000000000000 0000000054679604 000000008f7772ca 000000000e107b99 000000006278119d 00000000f1ef8467 00000000000e107c 0000000000f1ef84 0000000000627812 0000000000000000
0000000000000258 0000000000000001 0000000000000108 fffffffffffeefbb ffffffffffff8e6a 00000000000022a7 0000000000004bc8 0000000000240578 00000000000166ef fffffffffff4b0d7 0000000000180000 0000000000000000 0000000000000000 ffffffffead244b1 fffffffff77ad277 ffffffff9f1dde88 ffffffffd68b0013 0000000000000001 ffffffffffff64cc ffffffffffffaa6a 000000000000f55f ffffffffffffb701 ffffffffffffda39 000000000000ad2a fffffffff841cd51 ffffffff93f72bd3 fffffffffe378c47 ffffffffe71f4de4 ffffffffffff1bc6 fffffffffff38fa7 000000003af3593d 0000000000000001 0000000000000001 000000000008cbef fffffffff191753b fffffffffa0a410a ffffffffacd7ddef 0000000000000001 00000000000c2d37 000000000002b13d 0000000000000003 0000000000000000 00000000a9f4b6b8 0000000031be2ec5 0000000012268d42 00000000bc1b43fa 00000000edd972bf 000000000012268d 0000000000bc1b44 0000000000edd973 0000000000000000
0000000000000259 0000000000000001 0000000000000109 0000000000004d1a fffffffffffe6d14 0000000000020d09 00000000000002cd 00000000000cd4ae 0000000000082f91 0000000000004e8a 0000000000240000 0000000000000000 0000000000000001 000000000008cbef fffffffff191753b fffffffffa0a410a ffffffffacd7ddef 0000000000000001 0000000000000ab2 fffffffffffde83f 000000000000118f 000000000000ff66 ffffffffffffe5ec fffffffffffde8c5 0000000048701ccd 0000000000000000 0000000025698c4a 0000000000000000 000000000012b4c6 0000000000000000 000000008437a047 0000000000000001 0000000000000001 000000000b0c182d 0000000000000000 0000000023069083 0000000000000000 0000000000000001 000000000012a985 0000000000014874 0000000000000003 0000000000000000 00000000bf298560 000000000fcd9bb5 0000000018846f76 00000000d7adf4d6 00000000e77b908b 000000000018846f 0000000000d7adf5 0000000000e77b91 0000000000000000
000000000000025a 0000000000000001 000000000000010a 000000000000422d fffffffffffe2a10 fffffffffffdfee3 0000000000009ccb fffffffffff1a861 fffffffffff574ca fffffffffff3a927 0000000000060000 0000000000000000 0000000000000000 000000000b0c182d 0000000000000000 0000000023069083 0000000000000000 0000000000000001 00000000000173ce 00000000000018ed ffffffffffff59d5 ffffffffffff3d42 fffffffffffed4fc 000000000000de60 ffffffffb949856a ffffffff8acc19cb fffffffffcc7615f fffffffffaa93c95 fffffffffffe63b1 fffffffffffd549e 000000000ba95a21 0000000000000001 0000000000000001 fffffffff8ee8ce3 fffffffff0594058 ffffffffbc82240b ffffffff9022dd36 0000000000000001 ffffffffffff7e12 000000000003137c 0000000000000001 0000000000000000 00000000922485cd 00000000512d85cd 000000000e56fa33 00000000a07b8000 00000000f1a905cd 0000000000a07b80 00000000000e56fa 0000000000f1a906 0000000000000000
000000000000025b 0000000000000001 000000000000010b fffffffffffed145 ffffffffffff7194 0000000000017fa9 0000000000006d59 00000000003d1800 00000000000a1ea5 000000000003e87c 0000000000180000 0000000000000000 0000000000000000 fffffffff8ee8ce3 fffffffff0594058 ffffffffbc82240b ffffffff9022dd36 0000000000000001 fffffffffffee5c3 fffffffffffed045 000000000000712b ffffffffffff1a5f 00000000000076e6 0000000000018d36 000000004cd7d7c7 000000000d9f673e 00000000188f00bb 00000000045a8d9b 00000000000c4780 0000000000022d47 0000000051d0e97d 0000000000000001 0000000000000001 0000000011df2416 0000000009838ea2 000000003448d70c 000000000944d9a3 0000000000000001 fffffffffff405f8 00000000000379c1 0000000000000005 0000000000000000 000000004036db1d 000000009f858bed 000000001021cc7b 000000005058a798 00000000efde3385 0000000000efde34 00000000001021cc 00000000005058a8 0000000000000000
000000000000025c 0000000000000001 000000000000010c 0000000000020cc3 0000000000011123 fffffffffffee8d8 00000000000062ef 00000000004c612c 00000000000aeca9 fffffffffff75c57 0000000000240000 0000000000000000 0000000000000000 0000000011df2416 0000000009838ea2 000000003448d70c 000000000944d9a3 0000000000000001 0000000000015fda 0000000000013edd 000000000000a795 ffffffffffff3e7a ffffffffffffc6c0 fffffffffffe28a0 0000000073a128b8 ffffffffd8e94e37 000000002371233c fffffffff404d1a2 000000000011b892 fffffffffffa0269 000000004e77a16f 0000000000000001 0000000000000001 0000000014a00e76 ffffffffff9abfd5 000000005030057c ffffffffe4e47c95 0000000000000001 fffffffffff6867d 0000000000102109 0000000000000005 0000000000000000 00000000c6a9f7e3 0000000001bc9be4 000000001bccb61d 00000000e276ae00 00000000e43349e4 0000000000e4334a 00000000001bccb6 0000000000e276ae 0000000000000000
000000000000025d 0000000000000001 000000000000010d 00000000000053c1 000000000000fa30 ffffffffffff9cdd 0000000000001f1f 00000000000a192c 00000000000425e7 fffffffffff857f4 0000000000060000 0000000000000000 0000000000000000 0000000014a00e76 ffffffffff9abfd5 000000005030057c ffffffffe4e47c95 0000000000000001 000000000000057c 000000000000c9ae 000000000000b105 000000000000b8ef 0000000000008f6b 0000000000008de7 0000000033e8d4e4 ffffffffb968ce5c 0000000003b1a9b4 fffffffffafa0376 000000000001d8d5 fffffffffffd7d02 000000001237b020 0000000000000001 0000000000000001 0000000008d6db3c fffffffffb4bd79c 0000000030372b30 ffffffffbe6ecae6 0000000000000001 0000000000031231 ffffffffffff7676 0000000000000002 0000000000000000 00000000b0b245f9 0000000027b48a48 0000000013cc97e0 00000000c47eddd9 00000000ec336821 000000000013cc98 0000000000ec3368 0000000000c47ede 0000000000000000
000000000000025e 0000000000000001 000000000000010e 0000000000010272 ffffffffffffbc65 000000000001683f 000000000000a32d ffffffffffad6240 fffffffffff7a7f4 0000000000003fdd 0000000000180000 0000000000000000 0000000000000000 0000000008d6db3c fffffffffb4bd79c 0000000030372b30 ffffffffbe6ecae6 0000000000000001 0000000000004ac0 ffffffffffff08fb ffffffffffff3d73 ffffffffffff599b 0000000000008b24 000000000000d95d ffffffffbb8a8493 ffffffffea42524d ffffffffe83a7987 fffffffff8736192 fffffffffff41d3d fffffffffffc39b1 0000000058e4a256 0000000000000001 0000000000000001 fffffffff4aa2030 0000000007b2fc6c ffffffffd3500b0c fffffffff1cef0bb 0000000000000001 000000000004db5f 00000000000b7c78 0000000000000001 0000000000000000 000000001c64270a 00000000b7d0070a 0000000015e5e8f6 00000000324a1000 00000000ea1a170a 0000000000324a10 000000000015e5e9 0000000000ea1a17 0000000000000000
000000000000025f 0000000000000001 000000000000010f 000000000001c812 fffffffffffda413 fffffffffffe859d 0000000000002fee 0000000000166f22 000000000000e831 000000000004426e 0000000000240000 0000000000000000 0000000000000000 fffffffff4aa2030 0000000007b2fc6c ffffffffd3500b0c fffffffff1cef0bb 0000000000000001 000000000002777d ffffffffffff7dc9 000000000000ec53 000000000000626c 0000000000007a93 fffffffffffd86fc fffffffff8981901 0000000045a36cd3 fffffffffc0b29b9 000000002533d7d4 fffffffffffe0595 00000000001299ec 0000000088c2ebe4 0000000000000001 0000000000000001 fffffffffe1c0369 000000001283e169 fffffffffc8cef48 00000000206f94ff 0000000000000001 ffffffffffee1160 0000000000055346 0000000000000005 0000000000000000 000000004197a6a8 000000009e7b536d 000000000ff682f6 00000000518e299e 00000000f0097d0b 0000000000f0097d 00000000000ff683 0000000000518e2a 0000000000000000
0000000000000260 0000000000000001 0000000000000110 fffffffffffe91d5 0000000000027b92 fffffffffffe57d9 0000000000008f79 ffffffffffd5f18d 0000000000001cce 000000000001d4e3 0000000000060000 0000000000000000 0000000000000000 fffffffffe1c0369 000000001283e169 fffffffffc8cef48 00000000206f94ff 0000000000000001 fffffffffffec569 00000000000263d4 ffffffffffffa120 ffffffffffff123b 0000000000004171 fffffffffffd5327 fffffffffc77d68e 0000000033de89d0 ffffffffff938f0a 00000000063891fc ffffffffffffc9c8 0000000000031c49 000000001eb41a79 0000000000000001 0000000000000001 fffffffffea1363d 00000000115e56e1 fffffffffce44784 000000002da5f7d4 0000000000000001 0000000000015977 fffffffffffd3084 0000000000000006 0000000000000000 00000000117ab7cf 00000000be3637cf 0000000018278831 0000000029a24000 00000000e7d877cf 000000000029a240 0000000000e7d878 0000000000182788 0000000000000000
0000000000000261 0000000000000001 0000000000000111 ffffffffffff10bb 0000000000002b0a ffffffffffff7a4e 0000000000008d60 ffffffffffb556ee fffffffffff57575 00000000000b9911 0000000000180000 0000000000000000 0000000000000000 fffffffffea1363d 00000000115e56e1 fffffffffce44784 000000002da5f7d4 0000000000000001 ffffffffffff7eb4 0000000000006609 ffffffffffffad77 ffffffffffff0dac 000000000000597f ffffffffffff75ba ffffffff9f778ab3 0000000070a79dfc ffffffffefc56019 0000000012f07a17 fffffffffff7e2b0 000000000009783d 000000002b09d291 0000000000000001 0000000000000001 fffffffff25887a5 00000000169f57eb ffffffffafb22a9a 000000005db723e5 0000000000000001 00000000000abbf4 fffffffffff9a6f6 0000000000000002 0000000000000000 00000000711c38f6 000000007547c9d3 000000000ccdfe9c 000000007dea3792 00000000f3320165 00000000000ccdff 0000000000f33201 00000000007dea38 0000000000000000
0000000000000262 0000000000000001 0000000000000112 0000000000025110 ffffffffffff94b4 000000000000d2e6 0000000000007b6e ffffffffffd6b692 00000000000ea266 fffffffffffa00f3 0000000000240000 0000000000000000 0000000000000000 fffffffff25887a5 00000000169f57eb ffffffffafb22a9a 000000005db723e5 0000000000000001 00000000000168d8 ffffffffffff484a 0000000000001cb4 ffffffffffff019d fffffffffffe84d5 0000000000008e18 000000007f08923f ffffffffd7da9a3b 0000000023ac5bf3 fffffffff4b9ec30 000000000011d62e fffffffffffa5cf6 0000000047e3aee6 0000000000000001 0000000000000001 000000001580e46d fffffffffc1db313 000000005b5c364c ffffffffe320ae0b 0000000000000001 ffffffffffeee864 00000000000799ea 0000000000000005 0000000000000000 000000005da0204f 000000008781cba2 000000000d6f0a08 000000006b0f2a57 00000000f290f5f9 0000000000f290f6 00000000000d6f0a 00000000006b0f2a 0000000000000000
0000000000000263 0000000000000001 0000000000000113 ffffffffffffcf75 fffffffffffff33c ffffffffffffff26 0000000000009461 000000000006ac61 fffffffffff38f59 fffffffffff816af 0000000000060000 0000000000000000 0000000000000000 000000001580e46d fffffffffc1db313 000000005b5c364c ffffffffe320ae0b 0000000000000001 ffffffffffffe42d fffffffffffff91f ffffffffffff8540 ffffffffffff1f59 0000000000001bb7 fffffffffffff8b2 ffffffffa805289b ffffffffb84812f9 fffffffffb2abd5c fffffffffc0f6c6d fffffffffffd955f fffffffffffe07b6 000000000e10208b 0000000000000001 0000000000000001 fffffffff45c9860 fffffffff88c9ea4 ffffffffacda6b3f ffffffffbc38a68c 0000000000000001 0000000000012d13 000000000002e32a 0000000000000001 0000000000000000 000000001f6ade8d 00000000b5f45e8d 0000000015506173 0000000034bb4000 00000000eaaf9e8d 000000000034bb40 0000000000155061 0000000000eaaf9f 0000000000000000
0000000000000264 0000000000000001 0000000000000114 ffffffffffff9e48 000000000000bd6c 00000000000200fd 000000000000d747 ffffffffffb689db 0000000000056604 fffffffffffd4dec 0000000000180000 0000000000000000 0000000000000000 fffffffff45c9860 fffffffff88c9ea4 ffffffffacda6b3f ffffffffbc38a68c 0000000000000001 fffffffffffed4b7 ffffffffffff4531 ffffffffffff289d 0000000000008a5e fffffffffffffb69 fffffffffffe9f3a 00000000234448a1 ffffffffe2b3258b 00000000132f3077 fffffffff00fb310 0000000000099798 fffffffffff807da 000000008b422761 0000000000000001 0000000000000001 000000000b68d6ad 00000000048b2eef 000000001015182a fffffffff2a3727b 0000000000000001 fffffffffffe7ac1 fffffffffff39f48 0000000000000006 0000000000000000 000000008aaa72e7 000000005a0292e7 000000000da97d19 000000009853f000 00000000f25682e7 00000000009853f0 0000000000f25683 00000000000da97d 0000000000000000
0000000000000265 0000000000000001 0000000000000115 ffffffffffff0079 fffffffffffe6c00 fffffffffffee242 00000000000014aa ffffffffffd17d47 fffffffffff93214 fffffffffff8a962 0000000000240000 0000000000000000 0000000000000000 000000000b68d6ad 00000000048b2eef 000000001015182a fffffffff2a3727b 0000000000000001 0000000000003b90 ffffffffffffbbb9 0000000000007c4c 000000000000dfcd 00000000000012eb ffffffffffffa764 ffffffffcf5720ad ffffffffc0f77249 ffffffffe9237233 ffffffffe262a384 fffffffffff491b9 fffffffffff13152 00000000784678b1 0000000000000001 0000000000000001 00000000000ad31c fffffffffeee227c ffffffffe633ae7a ffffffffde94cec5 0000000000000001 fffffffffffd324a ffffffffffed814c 0000000000000006 0000000000000000 000000008fcceff5 0000000053fdc54a 000000000e1aa561 000000009de79556 00000000f1e55aa0 00000000009de795 0000000000f1e55b 00000000000e1aa5 0000000000000000
0000000000000266 0000000000000001 0000000000000116 0000000000013559 fffffffffffeabe1 fffffffffffe10ed 000000000000672a ffffffffffdb2f93 fffffffffffbcfc8 fffffffffff13c8b 0000000000060000 0000000000000000 0000000000000000 00000000000ad31c fffffffffeee227c ffffffffe633ae7a ffffffffde94cec5 0000000000000001 000000000001e4a2 0000000000005976 000000000000929a ffffffffffff2e22 fffffffffffea5ef fffffffffffea121 ffffffffe71e10a5 ffffffff850f5765 fffffffffec3583d fffffffff9e3771b ffffffffffff61ac fffffffffffcf1bc 000000000cb9dacf 0000000000000001 0000000000000001 0000000001d732a2 fffffffff5be4c86 ffffffffe85ab868 ffffffff8b2be04a 0000000000000001 00000000000241c5 00000000000226a1 0000000000000003 0000000000000000 0000000040f7e106 000000009ef51763 00000000100983cc 00000000510164d2 00000000eff67c35 0000000000100984 0000000000510165 0000000000eff67c 0000000000000000
0000000000000267 0000000000000001 0000000000000117 fffffffffffdc5f4 0000000000017b9b 00000000000037a4 000000000000961c 000000000031c379 00000000000c489d fffffffffffad3d9 0000000000180000 0000000000000000 0000000000000000 0000000001d732a2 fffffffff5be4c86 ffffffffe85ab868 ffffffff8b2be04a 0000000000000001 fffffffffffdf2e2 000000000000bb0a ffffffffffff7bcd ffffffffffff24c7 0000000000016117 fffffffffffe50a9 0000000061462717 ffffffffde92192a 0000000017966779 fffffffff7e4d5d3 00000000000bcb34 fffffffffffbf26b 000000003e13830f 0000000000000001 0000000000000001 00000000137dcf0a 0000000008f9f0ca 0000000049afbf9e ffffffffe6ad4357 0000000000000001 fffffffffff3cebb fffffffffffd6165 0000000000000004 0000000000000000 000000003065ed85 00000000aae1b4cd 00000000125c2ed7 0000000042c21c5c 00000000eda3d129 0000000000eda3d1 000000000042c21c 0000000000125c2f 0000000000000000
0000000000000268 0000000000000001 0000000000000118 00000000000165f9 ffffffffffff70bb ffffffffffffb5cf 0000000000003320 00000000005c8c52 fffffffffffd4f74 fffffffffffa8d02 0000000000240000 0000000000000000 0000000000000000 00000000137dcf0a 0000000008f9f0ca 0000000049afbf9e ffffffffe6ad4357 0000000000000001 0000000000013723 ffffffffffffd81e 000000000000f353 0000000000004f8e 0000000000003ac8 fffffffffffecbe0 fffffffffa68e49d fffffffff10ea0a0 fffffffffa68e49d fffffffff10ea0a0 fffffffffffd3472 fffffffffff88750 0000000100000000 0000000000000000 0000000000000000 00000000014b79b9 0000000009028ce3 0000000000000000 0000000000000000 0000000000000000 0000000000063b9d fffffffffffb057d 0000000000000002 0000000000000000 0000000023d3260b 000000003d525bee 000000004f6d3f04 000000007340650f 00000000b092c0fd 00000000004f6d3f 0000000000b092c1 0000000000734065 0000000000000000
0000000000000269 0000000000000001 0000000000000119 000000000001855c ffffffffffff9201 000000000000e03a 000000000000a5fe 00000000003a5102 fffffffffff59642 fffffffffffe9442 0000000000060000 0000000000000000 0000000000000000 00000000014b79b9 0000000009028ce3 0000000000000000 0000000000000000 0000000000000000 000000000000dd7f ffffffffffff3f0a ffffffffffff3270 ffffffffffff676c 00000000000016ee 00000000000124dd ffffffffa56d3561 fffffffffadf530f fffffffff9c64b3e ffffffffffa5c681 fffffffffffce326 ffffffffffffd2e3 000000001198826d 0000000000000001 0000000000000001 fffffffff4d96643 0000000005f87910 ffffffffaba6ea23 fffffffffb398c8e 0000000000000001 000000000001b6b5 0000000000029abe 0000000000000003 0000000000000000 000000000d719217 00000000c07a3414 00000000190a1ceb 00000000267baf02 00000000e6f5e316 0000000000190a1d 0000000000267baf 0000000000e6f5e3 0000000000000000
000000000000026a 0000000000000001 000000000000011a 0000000000025188 fffffffffffe2a6a ffffffffffffa57e 0000000000009142 00000000002b5709 0000000000073772 00000000000e151d 0000000000180000 0000000000000000 0000000000000000 fffffffff4d96643 0000000005f87910 ffffffffaba6ea23 fffffffffb398c8e 0000000000000001 0000000000024664 ffffffffffff2524 ffffffffffff96d3 ffffffffffff169a fffffffffffe46f2 000000000001b6cf 000000004296307a 0000000077bc2b40 000000000c1f3d32 0000000015cc3120 0000000000060f9f 00000000000ae619 000000002e9ac0c3 0000000000000001 0000000000000001 00000000104fe37f 00000000159508b1 000000003676f348 0000000061effa20 0000000000000001 fffffffffffef3a9 fffffffffff392c3 0000000000000006 0000000000000000 00000000838f988e 000000006204b88e 000000000d35d772 0000000090c57000 00000000f2ca288e 000000000090c570 0000000000f2ca29 00000000000d35d7 0000000000000000
000000000000026b 0000000000000001 000000000000011b 000000000000eb51 0000000000009b18 000000000000ee33 000000000000796f 00000000000eaba8 fffffffffff70182 000000000003c7d2 0000000000240000 0000000000000000 0000000000000000 00000000104fe37f 00000000159508b1 000000003676f348 0000000061effa20 0000000000000001 00000000000019c7 ffffffffffffd005 0000000000002927 ffffffffffff0354 ffffffffffffded8 0000000000002b37 ffffffffc2f5b84e 000000003728110e ffffffffe43dd5d8 0000000019153401 fffffffffff21eeb 00000000000c8a9a 00000000746af92b 0000000000000001 0000000000000001 fffffffffaea22c4 0000000006464bd8 ffffffffdeb7e276 000000001e12dd0d 0000000000000001 00000000000baec8 fffffffffff163fa 0000000000000002 0000000000000000 0000000022a5c56f 00000000b3f27351 0000000014b3e3a0 000000003759a90f 00000000eb4c1c60 000000000014b3e4 0000000000eb4c1c 00000000003759a9 0000000000000000
000000000000026c 0000000000000001 000000000000011c 000000000001bccf ffffffffffffbdbb fffffffffffe6146 00000000000071ed ffffffffffb40bd7 fffffffffffac002 fffffffffff1d543 0000000000060000 0000000000000000 0000000000000000 fffffffffaea22c4 0000000006464bd8 ffffffffdeb7e276 000000001e12dd0d 0000000000000001 000000000001c8e0 000000000000c92e 00000000000056b5 ffffffffffff0f21 fffffffffffe9644 fffffffffffea7f7 ffffffffd914bd73 ffffffff8c0ef90d fffffffffe0406ee fffffffffa16b971 ffffffffffff0203 fffffffffffd0b5d 000000000d0d53d4 0000000000000001 0000000000000001 fffffffffd062eef fffffffff1108549 ffffffffdb10b685 ffffffff91f83f9c 0000000000000001 000000000001ef40 00000000000271e5 0000000000000003 0000000000000000 0000000021799d45 00000000b4af711b 0000000014eb78d0 0000000036651615 00000000eb148730 000000000014eb79 0000000000366516 0000000000eb1487 0000000000000000
000000000000026d 0000000000000001 000000000000011d fffffffffffeeb42 000000000000da89 fffffffffffe5540 0000000000002d32 0000000000520c0c fffffffffffe3535 000000000005a1ce 0000000000180000 0000000000000000 0000000000000000 fffffffffd062eef fffffffff1108549 ffffffffdb10b685 ffffffff91f83f9c 0000000000000001 ffffffffffff8ce9 000000000001748e 000000000000e531 000000000000720c 0000000000011a45 0000000000010d02 ffffffffe377625b 0000000024eb91fb fffffffff0bf8295 0000000013bc167c fffffffffff85fc1 000000000009de0b 0000000088d68ac2 0000000000000001 0000000000000001 0000000000fb14e4 000000000c7fd5b9 fffffffff2b7dfc6 00000000112f7b7f 0000000000000001 fffffffffff3c4c5 fffffffffffd9189 0000000000000004 0000000000000000 000000002cec7e95 00000000ad3dc5b2 0000000012eadddd 000000003fd75c72 00000000ed152224 0000000000ed1522 00000000003fd75c 000000000012eade 0000000000000000
000000000000026e 0000000000000001 000000000000011e 0000000000008ebe 0000000000009b44 00000000000114a8 000000000000b0cb ffffffffffd4033b 000000000000de7d fffffffffffd2392 0000000000240000 0000000000000000 0000000000000000 0000000000fb14e4 000000000c7fd5b9 fffffffff2b7dfc6 00000000112f7b7f 0000000000000001 ffffffffffffcf30 ffffffffffffb9ea ffffffffffff11a7 ffffffffffffa296 0000000000005311 ffffffffffffec21 0000000005b87ca8 ffffffffedf63d97 0000000005b87ca8 ffffffffedf63d97 000000000002dc3e fffffffffff6fb1f 0000000100000000 0000000000000000 0000000000000000 0000000004485258 0000000005c38e79 0000000000000000 0000000000000000 0000000000000000 fffffffffff68f22 000000000000a0c2 0000000000000005 0000000000000000 0000000007bc1438 0000000060d5ef30 000000004bb6fe4c 0000000053731284 00000000b44901b4 0000000000b44902 00000000004bb6fe 0000000000537313 0000000000000000
000000000000026f 0000000000000001 000000000000011f fffffffffffe37e3 fffffffffffdc7b6 0000000000026a95 0000000000009c7f ffffffffffc524cf 00000000000292d9 000000000003dc73 0000000000060000 0000000000000000 0000000000000000 0000000004485258 0000000005c38e79 0000000000000000 0000000000000000 0000000000000000 fffffffffffebf28 fffffffffffd52c4 ffffffffffff5b41 ffffffffffff3c0e 000000000002ae8e 0000000000013e03 000000000397e666 0000000013c3a036 00000000011d89a6 000000000622830b 0000000000008ec5 0000000000031142 000000004f766d39 0000000000000001 0000000000000001 0000000004277d24 0000000008de0662 00000000027a5cc0 000000000da11d2b 0000000000000001 0000000000018c11 fffffffffffd4b14 0000000000000006 0000000000000000 0000000000fec057 00000000c7074057 000000001bfcffa9 000000001cfbc000 00000000e4030057 00000000001cfbc0 0000000000e40300 00000000001bfd00 0000000000000000
0000000000000270 0000000000000001 0000000000000120 fffffffffffe15c5 0000000000004f28 fffffffffffe40b9 000000000000de09 00000000002f8555 000000000004ea3a 00000000000cc0d7 0000000000180000 0000000000000000 0000000000000000 0000000004277d24 0000000008de0662 00000000027a5cc0 000000000da11d2b 0000000000000001 ffffffffffff33e3 0000000000012fef ffffffffffff4273 000000000000ac11 fffffffffffe95c4 0000000000003527 000000003b593203 000000007ccb3c0b 000000000ab63ae8 0000000016862d8e 0000000000055b1d 00000000000b4317 000000002e34a30e 0000000000000001 0000000000000001 000000000b28dccd 0000000015020d3c 0000000030a2f71b 0000000066450e7d 0000000000000001 00000000000bf04e 0000000000039a9b 0000000000000003 0000000000000000 000000009dba75f4 000000004295d007 000000000fd7dd03 00000000ad9252f7 00000000f02822fe 00000000000fd7dd 0000000000ad9253 0000000000f02823 0000000000000000
0000000000000271 0000000000000001 0000000000000121 fffffffffffed5a1 fffffffffffebea1 fffffffffffe986f 0000000000003bf9 ffffffffffe24e52 00000000000a1412 fffffffffffb776b 0000000000240000 0000000000000000 0000000000000000 000000000b28dccd 0000000015020d3c 0000000030a2f71b 0000000066450e7d 0000000000000001 0000000000001c11 000000000000160d 000000000000febf 000000000000194a 00000000000018b7 ffffffffffffe640 00000000623daba6 ffffffffea223e7e 000000002484c630 fffffffff7df2bdc 0000000000124263 fffffffffffbef96 000000005f29673a 0000000000000001 0000000000000001 000000000d42c404 fffffffffb4d1096 000000003db8e576 fffffffff24312a2 0000000000000001 000000000005d914 000000000011c4b7 0000000000000001 0000000000000000 000000002f0b29db 00000000abccd486 00000000129400d0 00000000419f2aab 00000000ed6bff31 0000000000419f2b 0000000000129401 0000000000ed6bff 0000000000000000
0000000000000272 0000000000000001 0000000000000122 00000000000007d0 000000000001b02c fffffffffffda368 0000000000002c55 0000000000342a3a fffffffffff772b8 00000000000c5209 0000000000060000 0000000000000000 0000000000000000 000000000d42c404 fffffffffb4d1096 000000003db8e576 fffffffff24312a2 0000000000000001 0000000000003eaf 0000000000025693 000000000000e2bd 00000000000076db 0000000000022f42 000000000000de63 ffffffffaf6d468a 0000000066f8759f fffffffffc284ec3 0000000004e9229e fffffffffffe1427 0000000000027491 000000000c356c8f 0000000000000001 0000000000000001 fffffffff4319167 000000000b9e7414 ffffffffb344f7c7 00000000620f5301 0000000000000001 fffffffffffceeed ffffffffffff7034 0000000000000004 0000000000000000 00000000298302c8 00000000af838d24 00000000137cb80a 000000003cffbad2 00000000ec8347f6 0000000000ec8348 00000000003cffbb 0000000000137cb8 0000000000000000
0000000000000273 0000000000000001 0000000000000123 0000000000017f31 00000000000001cc fffffffffffdf6c1 00000000000041b4 00000000006354b0 000000000005a657 000000000005255a 0000000000180000 0000000000000000 0000000000000000 fffffffff4319167 000000000b9e7414 ffffffffb344f7c7 00000000620f5301 0000000000000001 000000000001ac9e 0000000000012dfa 000000000000ffc7 fffffffffffff54d 0000000000011bcd fffffffffffe4723 000000001c698d8e 0000000055eeb4e1 0000000007d4661d 0000000017ae430a 000000000003ea33 00000000000bd722 00000000468bfd21 0000000000000001 0000000000000001 0000000008ebc86b 00000000002545fb 0000000014952771 000000003e4071d7 0000000000000001 fffffffffff4019e 0000000000036aa5 0000000000000005 0000000000000000 000000003f1fb2fa 00000000a056bdee 000000001044c78c 000000004f647a86 00000000efbb3874 0000000000efbb38 00000000001044c8 00000000004f647b 0000000000000000
0000000000000274 0000000000000001 0000000000000124 ffffffffffff8938 000000000001a399 000000000000e41c 000000000000a9d6 ffffffffffaaa329 00000000000e0303 0000000000011b63 0000000000240000 0000000000000000 0000000000000000 0000000008ebc86b 00000000002545fb 0000000014952771 000000003e4071d7 0000000000000001 fffffffffffed8e8 0000000000006e8e ffffffffffff24fb ffffffffffff7b77 0000000000003a31 fffffffffffeca4c 0000000080d4798c 000000000841654e 000000002555f1c4 000000000264799f 000000000012aaf9 000000000001323d 000000004a30bc5d 0000000000000001 0000000000000001 0000000015239aa0 fffffffff670cbca 000000005b7e87c8 0000000005dcebaf 0000000000000001 fffffffffff75bda ffffffffffef68d4 0000000000000006 0000000000000000 00000000c257473a 0000000009fec73a 0000000019d4f8c6 00000000dc2c4000 00000000e62b073a 0000000000dc2c40 0000000000e62b07 000000000019d4f9 0000000000000000
0000000000000275 0000000000000001 0000000000000125 ffffffffffffa1c4 0000000000013952 fffffffffffde64f 0000000000009fed fffffffffffa09c7 fffffffffff39063 0000000000071b56 0000000000060000 0000000000000000 0000000000000000 0000000015239aa0 fffffffff670cbca 000000005b7e87c8 0000000005dcebaf 0000000000000001 0000000000000bf8 000000000001eb54 ffffffffffff4b54 ffffffffffff4aa2 fffffffffffe9cc4 fffffffffffeac5c ffffffffb4b6ee62 000000003f360f7b fffffffffb398249 0000000004026da9 fffffffffffd9cc1 0000000000020137 00000000103cf315 0000000000000001 0000000000000001 fffffffff5bf7828 ffffffffff42ffc1 ffffffffb97d6c19 000000003b33a1d2 0000000000000001 0000000000031b3f 00000000000043cb 0000000000000003 0000000000000000 00000000bd06d852 0000000013921968 0000000017b38723 00000000d4ba5f75 00000000e84c78dd 000000000017b387 0000000000d4ba5f 0000000000e84c79 0000000000000000
0000000000000276 0000000000000001 0000000000000126 fffffffffffea2a7 ffffffffffff6641 00000000000087ec 000000000000204d 00000000000cb395 0000000000090d7b fffffffffff9d85a 0000000000180000 0000000000000000 0000000000000000 fffffffff5bf7828 ffffffffff42ffc1 ffffffffb97d6c19 000000003b33a1d2 0000000000000001 ffffffffffff1d0b ffffffffffff58c3 000000000000b655 000000000000b3b2 fffffffffffee994 0000000000002c42 000000004e36c169 ffffffffc9cb72b6 00000000147fed31 fffffffff1cafb5b 00000000000a3ff7 fffffffffff8e57e 000000004318dcbc 0000000000000001 0000000000000001 000000000fddba94 ffffffffebec48b4 0000000039b6d438 ffffffffd800775b 0000000000000001 00000000000c410e 0000000000025068 0000000000000003 0000000000000000 00000000aeb09efa 000000002ac123d0 0000000013471e9b 00000000c1f7bd95 00000000ecb8e165 000000000013471f 0000000000c1f7be 0000000000ecb8e1 0000000000000000
0000000000000277 0000000000000001 0000000000000127 00000000000178d9 000000000001337a ffffffffffff4feb 000000000000c55f ffffffffffb7fb91 fffffffffff5b465 0000000000005280 0000000000240000 0000000000000000 0000000000000000 000000000fddba94 ffffffffebec48b4 0000000039b6d438 ffffffffd800775b 0000000000000001 000000000000cf6f 000000000001172e ffffffffffff0236 0000000000002194 ffffffffffff0670 000000000000f243 ffffffffbec864de ffffffffdc918d0e ffffffffdf203e8f ffffffffee23dba2 ffffffffffef901f fffffffffff711ee 00000000810abccc 0000000000000001 0000000000000001 fffffffff9474d6b fffffffff32edf7d ffffffffdfa8264f ffffffffee6db16c 0000000000000001 fffffffffff4fdc0 00000000000f1fb0 0000000000000005 0000000000000000 00000000ba482d5d 00000000184a9f10 0000000016b699ca 00000000d0fec727 00000000e9496637 0000000000e94966 000000000016b69a 0000000000d0fec7 0000000000000000
0000000000000278 0000000000000001 0000000000000128 ffffffffffff8fcf fffffffffffe7048 0000000000007f36 0000000000008393 00000000005637d6 00000000000872f5 fffffffffffe8089 0000000000060000 0000000000000000 0000000000000000 fffffffff9474d6b fffffffff32edf7d ffffffffdfa8264f ffffffffee6db16c 0000000000000001 000000000000100b fffffffffffecfc7 ffffffffffffe9a5 ffffffffffff00fa 0000000000000a96 0000000000013077 000000004247205f ffffffffe7e8002a 0000000005dc34a9 fffffffffddea2b2 000000000002ee1a fffffffffffeef51 0000000016a29622 0000000000000001 0000000000000001 0000000009b5d4fe fffffffff3835673 000000003c6aebb6 ffffffffea095d78 0000000000000001 fffffffffffcfcf3 000000000000ce24 0000000000000005 0000000000000000 000000003b826599 00000000a3027dc8 0000000010bd8e50 000000004c3ff3e9 00000000ef4271b1 0000000000ef4272 000000000010bd8e 00000000004c3ff4 0000000000000000
0000000000000279 0000000000000001 0000000000000129 fffffffffffdab05 ffffffffffff61eb ffffffffffff1304 000000000000c6ab 0000000000585e61 fffffffffff13472 00000000000bfe58 0000000000180000 0000000000000000 0000000000000000 0000000009b5d4fe fffffffff3835673 000000003c6aebb6 ffffffffea095d78 0000000000000001 fffffffffffef5b3 0000000000002d8e ffffffffffff0369 00000000000029a3 ffffffffffffa7bd ffffffffffff00a8 ffffffff8bf0401e 0000000071367f03 ffffffffee255b80 00000000116a759f fffffffffff712ae 000000000008b53b 00000000276196a6 0000000000000001 0000000000000001 ffffffffec80c93c 00000000074ccdda ffffffff9dcae49e 000000005fcc0964 0000000000000001 00000000000723d8 00000000000a3973 0000000000000003 0000000000000000 0000000013cb3fc4 00000000bce74b35 0000000017a6ba84 000000002b71fa48 00000000e859457d 000000000017a6bb 00000000002b71fa 0000000000e85945 0000000000000000
000000000000027a 0000000000000001 000000000000012a 0000000000005a93 fffffffffffdc3d4 0000000000024cd5 000000000000788f 00000000005bd52f fffffffffff2749b fffffffffff39274 0000000000240000 0000000000000000 0000000000000000 ffffffffec80c93c 00000000074ccdda ffffffff9dcae49e 000000005fcc0964 0000000000000001 00000000000036d4 fffffffffffd61b3 0000000000002e92 ffffffffffff0445 ffffffffffff5026 0000000000028926 ffffffff7b820624 ffffffff91786c2b ffffffffe345966f ffffffffe808b048 fffffffffff1a2cb fffffffffff40458 00000000378220ae 0000000000000001 0000000000000001 fffffffff0e88769 ffffffffe2689f93 ffffffff983c6fb5 ffffffffa96fbbe3 0000000000000001 0000000000104def 0000000000092b8e 0000000000000003 0000000000000000 00000000757131e4 0000000070f3323e 000000000ccdcdef 00000000823effd3 00000000f3323211 00000000000ccdce 0000000000823f00 0000000000f33232 0000000000000000
000000000000027b 0000000000000001 000000000000012b fffffffffffec4e7 0000000000008b0e 00000000000230f4 0000000000008f2d ffffffffffb84e35 00000000000ae9f7 00000000000e6aa8 0000000000060000 0000000000000000 0000000000000000 fffffffff0e88769 ffffffffe2689f93 ffffffff983c6fb5 ffffffffa96fbbe3 0000000000000001 fffffffffffe4498 ffffffffffff0c6b ffffffffffffa2dc ffffffffffff118b 000000000001f5a5 0000000000004191 000000003f196de9 00000000535c210f 0000000003c36843 0000000004f8bf57 000000000001e1b4 0000000000027c60 000000000f44a28e 0000000000000001 0000000000000001 000000001045a40c 0000000004806855 000000003b5605a6 000000004e6361b8 0000000000000001 ffffffffffff26d7 fffffffffffcfffa 0000000000000006 0000000000000000 00000000a5243439 00000000388fb439 0000000011260bc7 00000000b64a4000 00000000eed9f439 0000000000b64a40 0000000000eed9f4 000000000011260c 0000000000000000
000000000000027c 0000000000000001 000000000000012c fffffffffffd94c3 0000000000015dc7 000000000000a3fd 0000000000007644 ffffffffffd7b343 00000000000065e2 0000000000084a8c 0000000000180000 0000000000000000 0000000000000000 000000001045a40c 0000000004806855 000000003b5605a6 000000004e6361b8 0000000000000001 fffffffffffdb7ea 0000000000006b44 0000000000003c95 ffffffffffff0746 00000000000250e0 0000000000002201 ffffffffff8e8438 0000000045ace63a ffffffffffd7609d 0000000018f0e71c ffffffffffffebb0 00000000000c7874 000000005ba34a27 0000000000000001 0000000000000001 000000000221cf95 fffffffffe7ddad0 ffffffffffb7239b 000000002cbbff1e 0000000000000001 fffffffffffd203f fffffffffff3dd72 0000000000000006 0000000000000000 000000009e1457fb 00000000421c37fb 000000000fe7b805 00000000adfc1000 00000000f01847fb 0000000000adfc10 0000000000f01848 00000000000fe7b8 0000000000000000
000000000000027d 0000000000000001 000000000000012d fffffffffffe542b ffffffffffffc44c 0000000000011321 0000000000001146 ffffffffffcbc502 fffffffffff657db fffffffffff59645 0000000000240000 0000000000000000 0000000000000000 000000000221cf95 fffffffffe7ddad0 ffffffffffb7239b 000000002cbbff1e 0000000000000001 fffffffffffe9af7 ffffffffffff3eb0 0000000000006944 000000000000e95b fffffffffffe6b0f ffffffffffffe299 ffffffffbba81a9d ffffffff9d906574 ffffffffeaa9d02d ffffffffe144bace fffffffffff554e8 fffffffffff0a25d 000000004fec3839 0000000000000001 0000000000000001 fffffffff89ebf5a ffffffffe957682a ffffffffd0fe4a70 ffffffffbc4baaa6 0000000000000001 fffffffffffc97f9 ffffffffffed9b4e 0000000000000006 0000000000000000 00000000959ad12e 000000004cef912e 000000000ebaced2 00000000a455a000 00000000f145312e 0000000000a455a0 0000000000f14531 00000000000ebacf 0000000000000000
000000000000027e 0000000000000001 000000000000012e 000000000000c8ed 0000000000017fa4 ffffffffffffe0f6 00000000000027a2 ffffffffffcabc29 fffffffffffe5810 fffffffffffca7df 0000000000060000 0000000000000000 0000000000000001 fffffffff89ebf5a ffffffffe957682a ffffffffd0fe4a70 ffffffffbc4baaa6 0000000000000001 000000000000106b 000000000000ef6a 000000000000d38a 000000000000902e 000000000000cf15 0000000000007946 ffffffffe333a569 0000000000000000 fffffffff9c3bdf7 0000000000000000 fffffffffffce1df 0000000000000000 00000000376dd177 0000000000000001 0000000000000001 ffffffffff19bb27 0000000000000000 ffffffffe96fe772 0000000000000000 0000000000000001 fffffffffffe3e7e fffffffffffd6c7d 0000000000000004 0000000000000000 00000000be63d9c0 00000000112ffb4f 0000000018361579 00000000d699ef39 00000000e7c9ea88 0000000000e7c9eb 0000000000d699ef 0000000000183615 0000000000000000
000000000000027f 0000000000000001 000000000000012f 0000000000001245 00000000000236d6 ffffffffffff65b8 0000000000008d30 ffffffffffed616e 00000000000180db 00000000000ef743 0000000000180000 0000000000000000 0000000000000000 ffffffffff19bb27 0000000000000000 ffffffffe96fe772 0000000000000000 0000000000000001 ffffffffffff82a9 000000000001a056 ffffffffffffae94 ffffffffffff0d4b fffffffffffff26a fffffffffffe4d6b 000000000c91e477 000000008ec44882 00000000023000eb 0000000018d86d48 0000000000011800 00000000000c6c37 000000002c8d1a61 0000000000000001 0000000000000001 0000000005751a6d 0000000013bf064c 000000000a61e38c 0000000075ebdb3a 0000000000000001 000000000002ea05 fffffffffff3dfdd 0000000000000006 0000000000000000 000000004161a212 000000009ea24212 000000000ffe0dee 00000000515fb000 00000000f001f212 0000000000515fb0 0000000000f001f2 00000000000ffe0e 0000000000000000
0000000000000280 0000000000000001 0000000000000130 000000000001e6b7 fffffffffffe5b12 000000000000dba2 0000000000006dd6 0000000000093db8 0000000000048d6f fffffffffff61bfe 0000000000240000 0000000000000000 0000000000000000 0000000005751a6d 0000000013bf064c 000000000a61e38c 0000000075ebdb3a 0000000000000001 0000000000018794 fffffffffffe8e2c 0000000000006e6e ffffffffffff190b fffffffffffdff32 000000000000a4bd 000000003ea26b53 ffffffffb912f14b 0000000018c3b5e4 ffffffffe3f509b4 00000000000c61db fffffffffff1fa85 000000006537b683 0000000000000001 0000000000000001 000000000b263cdd ffffffffefadcf4a 0000000025deb56f ffffffffd51de797 0000000000000001 fffffffffffae09d 000000000011fdb6 0000000000000001 0000000000000000 00000000a56f1dcf 000000003826ddcf 0000000011350231 00000000b6a42000 00000000eecafdcf 0000000000b6a420 0000000000113502 0000000000eecafe 0000000000000000
0000000000000281 0000000000000001 0000000000000131 ffffffffffff4c14 fffffffffffd88e1 0000000000022578 0000000000006d91 000000000028522e fffffffffffd2f73 00000000000bebc9 0000000000060000 0000000000000000 0000000000000000 000000000b263cdd ffffffffefadcf4a 0000000025deb56f ffffffffd51de797 0000000000000001 ffffffffffffa345 fffffffffffd5664 0000000000006fef ffffffffffff19c4 ffffffffffff295f 0000000000028d8e fffffffff98c19d9 0000000046fb9866 ffffffffff6f7cb7 000000000635b3f7 ffffffffffffb7be 0000000000031ada 00000000166546b6 0000000000000001 0000000000000001 00000000013bc75a 00000000035b54e6 fffffffffa1c9d22 0000000040c5e46f 0000000000000001 fffffffffffee572 fffffffffffd158e 0000000000000006 0000000000000000 00000000b260281b 000000002519281b 00000000144357e5 00000000c6a38000 00000000ebbca81b 0000000000c6a380 0000000000ebbca8 0000000000144358 0000000000000000
0000000000000282 0000000000000001 0000000000000132 ffffffffffff1e37 000000000000d73d ffffffffffffa2f2 000000000000f89b 0000000000414d56 fffffffffff74cd7 0000000000085b27 0000000000180000 0000000000000000 0000000000000000 00000000013bc75a 00000000035b54e6 fffffffffa1c9d22 0000000040c5e46f 0000000000000001 ffffffffffff40bf 000000000000b1fe ffffffffffffd1b9 000000000000fbc8 ffffffffffff23b9 0000000000008c7c ffffffffbcb5b58b 00000000507ca6e5 fffffffff00095e6 00000000132297d5 fffffffffff8004b 000000000009914c 000000003cdcaa77 0000000000000001 0000000000000001 fffffffff91f1994 ffffffffffa75ff3 ffffffffccb51fa5 000000003d5a0f10 0000000000000001 fffffffffff9dccd 00000000000adb19 0000000000000001 0000000000000000 00000000c67aa390 0000000002144390 000000001bb88c70 00000000e2333000 00000000e4477390 0000000000e23330 00000000001bb88c 0000000000e44774 0000000000000000
0000000000000283 0000000000000001 0000000000000133 0000000000024002 ffffffffffff2924 0000000000016c03 0000000000002438 ffffffffffa007e0 fffffffffff1d330 fffffffffff86784 0000000000240000 0000000000000000 0000000000000000 fffffffff91f1994 ffffffffffa75ff3 ffffffffccb51fa5 000000003d5a0f10 0000000000000001 0000000000014e4a fffffffffffeb1ca 000000000000c6c2 000000000000a157 ffffffffffffcf33 fffffffffffe29d4 ffffffff7e7e0590 ffffffffbff03cd0 ffffffffde774da1 ffffffffef698aaa ffffffffffef3ba7 fffffffffff7b4c5 00000000424981f4 0000000000000001 0000000000000001 fffffffff2cef61c ffffffffec8f1a5e ffffffffa006b7ef ffffffffd086b226 0000000000000001 fffffffffffbdf4a ffffffffffedc14d 0000000000000006 0000000000000000 000000009c62c97c 0000000044539ed2 000000000fa4cbd9 00000000ac079555 00000000f05b3427 0000000000ac0795 0000000000f05b34 00000000000fa4cc 0000000000000000
0000000000000284 0000000000000001 0000000000000134 0000000000024913 0000000000003e37 ffffffffffffb390 000000000000ef9b ffffffffffd4cb04 fffffffffff45a55 000000000005ab67 0000000000060000 0000000000000000 0000000000000000 fffffffff2cef61c ffffffffec8f1a5e ffffffffa006b7ef ffffffffd086b226 0000000000000001 0000000000018acb 000000000000500d ffffffffffff9bae 000000000000eb86 0000000000014bd8 000000000000e45c ffffffff820301a1 000000000ff483c0 fffffffff9d063e3 0000000000c88c52 fffffffffffce832 0000000000006446 000000000c91caf9 0000000000000001 0000000000000001 fffffffff6aa4e61 fffffffffbb711cc ffffffff88329dbe 000000000f2bf76e 0000000000000001 fffffffffffd4ed3 000000000001928b 0000000000000005 0000000000000000 0000000074351b2f 0000000072318e40 000000000cccab49 000000008101c678 00000000f33354b8 0000000000f33355 00000000000cccab 00000000008101c6 0000000000000000
0000000000000285 0000000000000001 0000000000000135 fffffffffffe00dd ffffffffffff014d 00000000000276c2 00000000000081eb 0000000000211268 fffffffffffa2ccc fffffffffff4850f 0000000000180000 0000000000000000 0000000000000000 fffffffff6aa4e61 fffffffffbb711cc ffffffff88329dbe 000000000f2bf76e 0000000000000001 fffffffffffe2de2 fffffffffffe00c9 fffffffffffff407 ffffffffffff0048 000000000001e984 000000000001e8db ffffffffb2f01c64 ffffffff8bc5ce29 fffffffff237a299 ffffffffeb366a08 fffffffffff91bd1 fffffffffff59b35 000000002dc93833 0000000000000001 0000000000000001 00000000057507ed ffffffffe8d05650 ffffffffc0b879cb ffffffffa08f6421 0000000000000001 00000000000665ce 00000000000ab461 0000000000000003 0000000000000000 00000000037b14e3 00000000c5c68289 000000001b5f344a 000000001eda492d 00000000e4a0cbb6 00000000001b5f34 00000000001eda49 0000000000e4a0cc 0000000000000000
0000000000000286 0000000000000001 0000000000000136 fffffffffffdfac9 000000000002380c ffffffffffff25d1 0000000000003724 ffffffffffc4bc2d 00000000000310f1 fffffffffff21cae 0000000000240000 0000000000000000 0000000000000000 00000000057507ed ffffffffe8d05650 ffffffffc0b879cb ffffffffa08f6421 0000000000000001 fffffffffffe3290 000000000001c5ed 000000000000f9f9 000000000000373a 00000000000157b1 0000000000022480 0000000014f062d0 ffffffff545030bb 0000000004877dc7 ffffffffdadce5a3 00000000000243bf ffffffffffed6e73 00000000375fec79 0000000000000001 0000000000000001 000000001427d11d ffffffffe8e7d4f1 000000001068e509 ffffffff79734b18 0000000000000001 0000000000129eb3 fffffffffffe349e 0000000000000002 0000000000000000 00000000bb8fcf6b 00000000161a4a21 00000000172af33a 00000000d2bac2a5 00000000e8d50cc6 0000000000172af3 0000000000e8d50d 0000000000d2bac3 0000000000000000
0000000000000287 0000000000000001 0000000000000137 fffffffffffeda3c 0000000000005907 0000000000022bb4 0000000000007a3f 00000000004565c9 fffffffffffd763b 00000000000a8c64 0000000000060000 0000000000000000 0000000000000000 000000001427d11d ffffffffe8e7d4f1 000000001068e509 ffffffff79734b18 0000000000000001 fffffffffffe653e fffffffffffef291 000000000000241b ffffffffffff028f 00000000000170a7 00000000000144ac fffffffff1237384 0000000044023d88 fffffffffeab38b9 0000000006177547 ffffffffffff559c 0000000000030bbb 0000000016ee254b 0000000000000001 0000000000000001 000000000c28cee0 000000000ecfffd2 fffffffff2783acb 000000003deac841 0000000000000001 0000000000003ab8 fffffffffffce408 0000000000000006 0000000000000000 00000000643483c1 00000000819083c1 000000000d1d7c3f 0000000071520000 00000000f2e283c1 0000000000715200 0000000000f2e284 00000000000d1d7c 0000000000000000
0000000000000288 0000000000000001 0000000000000138 ffffffffffff53ac 0000000000014c65 000000000000b0ce 00000000000009e2 00000000002f6f74 000000000009515b 00000000000d86c0 0000000000180000 0000000000000000 0000000000000000 000000000c28cee0 000000000ecfffd2 fffffffff2783acb 000000003deac841 0000000000000001 fffffffffffee361 00000000000059d4 0000000000003d71 000000000000f885 ffffffffffff0141 0000000000009b84 000000006609f2e4 00000000860dac52 000000000f1b46f9 0000000013d8a146 0000000000078da3 000000000009ec51 0000000025e66932 0000000000000001 0000000000000001 000000001b161514 0000000011bcea63 0000000056eeabeb 0000000072350b0c 0000000000000001 000000000004f372 00000000000b722c 0000000000000001 0000000000000000 000000001a83d96e 00000000b8f2196e 0000000016450692 0000000030c8e000 00000000e9baf96e 000000000030c8e0 0000000000164507 0000000000e9baf9 0000000000000000
0000000000000289 0000000000000001 0000000000000139 ffffffffffffa758 ffffffffffff30e9 ffffffffffff82a5 000000000000089d fffffffffff184e1 fffffffffff4acab 00000000000ecc5e 0000000000240000 0000000000000000 0000000000000000 000000001b161514 0000000011bcea63 0000000056eeabeb 0000000072350b0c 0000000000000001 00000000000033b6 ffffffffffffd0d0 00000000000035b1 000000000000fa4e 00000000000028aa ffffffffffffc704 ffffffffb6dfbc88 0000000092bed950 ffffffffef5052f4 00000000217c2d36 fffffffffff7a829 000000000010be17 000000003a6a4e6b 0000000000000001 0000000000000001 fffffffffc1740ca 000000000cb23fa9 ffffffffc78f6994 000000007142ac1a 0000000000000001 fffffffffff454bf 00000000000e9ec8 0000000000000005 0000000000000000 00000000b4146b3b 00000000226f29ba 0000000014be3586 00000000c8d2a0c1 00000000eb41ca7b 0000000000eb41ca 000000000014be36 0000000000c8d2a1 0000000000000000
000000000000028a 0000000000000001 000000000000013a 0000000000016cc1 000000000000d095 fffffffffffdb698 000000000000f7e2 000000000000a475 fffffffffff4dc71 fffffffffff267a7 0000000000060000 0000000000000000 0000000000000000 fffffffffc1740ca 000000000cb23fa9 ffffffffc78f6994 000000007142ac1a 0000000000000001 00000000000170c8 000000000001ca68 ffffffffffffcd49 000000000000faed 0000000000010ea9 0000000000020a61 ffffffff91acb926 ffffffff845e412c fffffffffbd930a4 fffffffffb5900b2 fffffffffffdec98 fffffffffffdac80 0000000009a227d7 0000000000000001 0000000000000001 fffffffff8ed2432 ffffffffe3841575 ffffffff95d38882 ffffffff8905407a 0000000000000001 fffffffffffd8128 fffffffffffe2194 0000000000000004 0000000000000000 000000008a1cc7aa 000000005aa8a173 000000000d9d4b72 0000000097ba131c 00000000f262b48f 0000000000f262b5 000000000097ba13 00000000000d9d4b 0000000000000000
000000000000028b 0000000000000001 000000000000013b 000000000000f1db 0000000000013fff 0000000000015159 0000000000003015 ffffffffffeb29f8 fffffffffff17d16 fffffffffff9a071 0000000000180000 0000000000000000 0000000000000000 fffffffff8ed2432 ffffffffe3841575 ffffffff95d38882 ffffffff8905407a 0000000000000001 ffffffffffffc61f fffffffffffff5fb 000000000000ecb3 0000000000006183 ffffffffffffe0b1 00000000000031b3 ffffffff7b654c2f ffffffffa74949a3 ffffffffeb4514b7 fffffffff2219d10 fffffffffff5a28a fffffffffff910cf 0000000028054d8c 0000000000000001 0000000000000001 fffffffffd1c2983 fffffffff3878aed ffffffff90203778 ffffffffb527ac93 0000000000000001 00000000000276a3 fffffffffff3c66a 0000000000000006 0000000000000000 000000004982d74c 000000009857374c 000000000f12f8b4 000000005895d000 00000000f0ed074c 00000000005895d0 0000000000f0ed07 00000000000f12f9 0000000000000000
000000000000028c 0000000000000001 000000000000013c fffffffffffdba32 0000000000013093 0000000000012eec 000000000000b3f7 00000000005e04c6 fffffffffff86780 fffffffffff6a26d 0000000000240000 0000000000000000 0000000000000000 fffffffffd1c2983 fffffffff3878aed ffffffff90203778 ffffffffb527ac93 0000000000000001 fffffffffffdb1a0 00000000000000f4 ffffffffffff0b1c ffffffffffffb568 000000000000ab1d fffffffffffdcaf8 ffffffffb5bad64c ffffffffc28c72e7 ffffffffe32cd916 ffffffffe826775e fffffffffff1966d fffffffffff4133c 00000000635b0423 0000000000000001 0000000000000001 0000000009b11deb fffffffffa040b58 ffffffffd28dfd36 ffffffffda65fb89 0000000000000001 fffffffffff8cac9 00000000001142fb 0000000000000001 0000000000000000 00000000b72f5afb 000000001d6ac5a5 0000000015b2efb0 00000000cce24aab 00000000ea4d1050 0000000000cce24b 000000000015b2f0 0000000000ea4d10 0000000000000000
000000000000028d 0000000000000001 000000000000013d 00000000000223dd fffffffffffdbe12 000000000000b5b5 000000000000faae ffffffffff9e7920 ffffffffffff9300 00000000000ece4c 0000000000060000 0000000000000000 0000000000000000 0000000009b11deb fffffffffa040b58 ffffffffd28dfd36 ffffffffda65fb89 0000000000000001 000000000001f152 fffffffffffe496d ffffffffffffde9e 000000000000fdd0 0000000000022643 fffffffffffe8e06 fffffffff2bb2143 000000007952cf18 ffffffffff52742a 000000000632cbc1 ffffffffffffa93a 0000000000031966 000000000d143cb4 0000000000000001 0000000000000001 000000000fbab19e 0000000014cb2be5 fffffffff368ad19 0000000073200357 0000000000000001 000000000000116e 0000000000031def 0000000000000001 0000000000000000 000000006ecf9d45 0000000077869d45 000000000cd4e2bb 000000007ba48000 00000000f32b1d45 00000000007ba480 00000000000cd4e3 0000000000f32b1d 0000000000000000
000000000000028e 0000000000000001 000000000000013e ffffffffffff7291 000000000000b9b3 fffffffffffeb183 00000000000092f2 ffffffffffc2337c 00000000000169da fffffffffff17cba 0000000000180000 0000000000000000 0000000000000000 000000000fbab19e 0000000014cb2be5 fffffffff368ad19 0000000073200357 0000000000000001 ffffffffffffd34f 0000000000012c54 ffffffffffff8d40 ffffffffffff1b29 ffffffffffffa155 fffffffffffedf81 000000001f0b9abe ffffffff975e43a0 0000000007183e29 ffffffffe816bbef 0000000000038c1f fffffffffff40b5e 000000003a80c01d 0000000000000001 0000000000000001 00000000145c558c ffffffffede809cb 0000000017f35c95 ffffffffaf4787b1 0000000000000001 fffffffffff77852 00000000000918dc 0000000000000005 0000000000000000 00000000a8136281 0000000034726cb7 0000000011bd1864 00000000b9d07ae5 00000000ee42e79c 0000000000ee42e8 000000000011bd18 0000000000b9d07b 0000000000000000
000000000000028f 0000000000000001 000000000000013f 000000000000651e 000000000001560a ffffffffffffb6a3 000000000000ef7d ffffffffffc56d2e 00000000000775dd 0000000000076d22 0000000000240000 0000000000000000 0000000000000000 00000000145c558c ffffffffede809cb 0000000017f35c95 ffffffffaf4787b1 0000000000000001 ffffffffffffe9da 000000000000efd5 ffffffffffff9b0c 000000000000eb41 ffffffffffff8d12 000000000000d3a9 000000005989ebb7 000000001f51e963 0000000023506f1d 000000000c5a463a 000000000011a838 0000000000062d23 0000000064f77ad7 0000000000000001 0000000000000001 0000000018f17103 0000000005def4fd 0000000036397c9a 0000000012f7a329 0000000000000001 000000000012a96c fffffffffffeb676 0000000000000002 0000000000000000 00000000bf21cab9 000000000fdafbe1 0000000018819cb3 00000000d7a3676c 00000000e77e634d 000000000018819d 0000000000e77e63 0000000000d7a367 0000000000000000
0000000000000290 0000000000000001 0000000000000140 000000000002147d fffffffffffe60ba ffffffffffffb851 000000000000e26a 00000000002d9e89 fffffffffff686f1 000000000008db98 0000000000060000 0000000000000000 0000000000000000 0000000018f17103 0000000005def4fd 0000000036397c9a 0000000012f7a329 0000000000000001 0000000000020551 ffffffffffff39a1 ffffffffffff55fb 000000000000bf63 000000000002067e 000000000000c344 ffffffffb47fdf51 0000000053413e40 fffffffffbcfaf8f 00000000049e7287 fffffffffffde7d8 0000000000024f39 000000000e33e701 0000000000000001 0000000000000001 0000000000790969 000000000bab89cd ffffffffb8b02fc2 000000004ea2cbb9 0000000000000001 fffffffffffff7d2 0000000000031e15 0000000000000001 0000000000000000 00000000753c1958 0000000071251958 000000000ccf66a8 00000000820b8000 00000000f3309958 0000000000820b80 00000000000ccf67 0000000000f33099 0000000000000000
0000000000000291 0000000000000001 0000000000000141 ffffffffffffb48e 000000000001e5e1 00000000000139c8 000000000000d6d2 00000000004158a2 fffffffffff172bc fffffffffff23028 0000000000180000 0000000000000000 0000000000000000 0000000000790969 000000000bab89cd ffffffffb8b02fc2 000000004ea2cbb9 0000000000000001 fffffffffffec325 000000000000635c ffffffffffff2717 00000000000087f6 ffffffffffff0388 ffffffffffff284c ffffffff8a4e13aa ffffffffa380788c ffffffffec63d1c3 fffffffff09691d5 fffffffffff631e9 fffffffffff84b49 000000002aa77653 0000000000000001 0000000000000001 fffffffffea8ef65 ffffffffec93034e ffffffff9dea41e7 ffffffffb2e9e6b7 0000000000000001 fffffffffff44368 000000000004371c 0000000000000005 0000000000000000 000000004de15649 0000000094d96831 000000000ea2a0c3 000000005c83f70c 00000000f15d5f3d 0000000000f15d5f 00000000000ea2a1 00000000005c83f7 0000000000000000
0000000000000292 0000000000000001 0000000000000142 fffffffffffdbcac fffffffffffed31e ffffffffffff975f 0000000000002a6d 00000000002c0599 0000000000039d23 fffffffffffa222a 0000000000240000 0000000000000000 0000000000000000 fffffffffea8ef65 ffffffffec93034e ffffffff9dea41e7 ffffffffb2e9e6b7 0000000000000001 ffffffffffff04f4 ffffffffffff8eb2 000000000000dcee 0000000000008154 ffffffffffff1f64 0000000000009f6a 0000000025bffa62 ffffffffba071c9b 0000000011c37d2e ffffffffdf12e5bf 000000000008e1bf ffffffffffef8973 000000007876abbc 0000000000000001 0000000000000001 0000000017995518 fffffffff44d4053 0000000013fc7d34 ffffffffdaf436dc 0000000000000001 000000000012b1db ffffffffffff591e 0000000000000002 0000000000000000 00000000c3656c6e 0000000008078585 000000001a498707 00000000ddaef375 00000000e5b678fa 00000000001a4987 0000000000e5b679 0000000000ddaef3 0000000000000000
0000000000000293 0000000000000001 0000000000000143 ffffffffffff4b84 0000000000019504 0000000000019500 0000000000005267 ffffffffffba2643 fffffffffff8b1e4 0000000000099b4d 0000000000060000 0000000000000000 0000000000000000 0000000017995518 fffffffff44d4053 0000000013fc7d34 ffffffffdaf436dc 0000000000000001 fffffffffffe79ab 0000000000000002 000000000000e65c ffffffffffff9055 000000000000aa45 0000000000015f3c ffffffffd264a654 0000000032234c2f fffffffffbcde4ae 00000000049cd1c0 fffffffffffde6f2 0000000000024e69 00000000178d2b38 0000000000000001 0000000000000001 000000000a282f8d 000000000578111e ffffffffd696c1a6 000000002d867a6f 0000000000000001 fffffffffffed6fd fffffffffffd1b33 0000000000000006 0000000000000000 00000000b52cd852 0000000020ab5852 000000001513e7ae 00000000ca40c000 00000000eaec1852 0000000000ca40c0 0000000000eaec18 00000000001513e8 0000000000000000
0000000000000294 0000000000000001 0000000000000144 fffffffffffd8d3f 0000000000020d40 fffffffffffe93cd 000000000000c57b ffffffffffc6f3fa 0000000000032f20 00000000000a821f 0000000000180000 0000000000000000 0000000000000000 000000000a282f8d 000000000578111e ffffffffd696c1a6 000000002d867a6f 0000000000000001 fffffffffffe287a 0000000000020185 ffffffffffff024d 0000000000002242 fffffffffffdc3ff fffffffffffe716f 00000000391f888a 000000006723949e 000000000c158c80 0000000015d191dc 0000000000060ac6 00000000000ae8c9 000000003627df9d 0000000000000001 0000000000000001 0000000018dc2e98 000000000aa94410 000000002d09fc0a 00000000515202c2 0000000000000001 00000000000b9eac fffffffffffb78db 0000000000000002 0000000000000000 0000000090175878 0000000053a80b96 000000000e204df9 000000009e37a671 00000000f1dfb207 00000000000e204e 0000000000f1dfb2 00000000009e37a6 0000000000000000
0000000000000295 0000000000000001 0000000000000145 fffffffffffec41c fffffffffffdd9b6 fffffffffffe85bb 000000000000060a ffffffffffde4965 0000000000015605 fffffffffffaa626 0000000000240000 0000000000000000 0000000000000000 0000000018dc2e98 000000000aa94410 000000002d09fc0a 00000000515202c2 0000000000000001 00000000000062ee ffffffffffff9caf 00000000000025c2 000000000000fd33 0000000000005333 ffffffffffff8f2e 0000000021a11d68 ffffffffdb06f6b1 00000000192c6a37 ffffffffe452e100 00000000000c9635 fffffffffff22970 00000000bfa171ce 0000000000000001 0000000000000001 00000000110ce326 fffffffff49414fe 000000000874b331 fffffffff6b415b1 0000000000000001 00000000000e7d74 fffffffffff42b71 0000000000000002 0000000000000000 0000000051b4f692 0000000091b73a31 000000000e49e79f 000000005ffede31 00000000f1b61862 00000000000e49e8 0000000000f1b618 00000000005ffede 0000000000000000
0000000000000296 0000000000000001 0000000000000146 0000000000025d97 fffffffffffe0c11 fffffffffffef837 000000000000ecde 00000000001f2996 00000000000a09b1 00000000000ba578 0000000000060000 0000000000000000 0000000000000000 00000000110ce326 fffffffff49414fe 000000000874b331 fffffffff6b415b1 0000000000000001 000000000002924e ffffffffffff77a9 ffffffffffff8c1c 000000000000e444 00000000000288b5 000000000000b072 000000005272494f 0000000058d94d74 00000000043dc76c 0000000004921875 0000000000021ee4 000000000002490c 000000000d2b64eb 0000000000000001 0000000000000001 000000001840504f 00000000036c0484 000000004e3481e3 00000000544734ff 0000000000000001 000000000002eced 00000000000113e6 0000000000000003 0000000000000000 000000009368fc96 000000004fa5b42e 000000000e78a79e 00000000a1e1a434 00000000f1875862 00000000000e78a8 0000000000a1e1a4 0000000000f18758 0000000000000000
0000000000000297 0000000000000001 0000000000000147 000000000001df8c 0000000000016843 00000000000167ae 000000000000bdd2 0000000000616be4 fffffffffff1f560 00000000000e40c1 0000000000180000 0000000000000000 0000000000000000 000000001840504f 00000000036c0484 000000004e3481e3 00000000544734ff 0000000000000001 0000000000004fb7 0000000000000056 ffffffffffff005e fffffffffffff243 fffffffffffffb63 0000000000004f95 ffffffff9dca6747 000000008acbff96 fffffffff197f814 00000000145c3403 fffffffffff8cbfc 00000000000a2e1a 00000000258d8095 0000000000000001 0000000000000001 fffffffff7fe0c7d 00000000031671e8 ffffffffac326f33 00000000766fcb93 0000000000000001 00000000000a8d53 000000000006a584 0000000000000003 0000000000000000 000000006b6fb873 000000007accbfbb 000000000ce1c3e9 0000000078517c5c 00000000f31e3c17 00000000000ce1c4 000000000078517c 0000000000f31e3c 0000000000000000
0000000000000298 0000000000000001 0000000000000148 fffffffffffdfdfc 0000000000024f09 000000000000341f 000000000000ba60 00000000005b7f76 fffffffffff786f2 00000000000de3bd 0000000000240000 0000000000000000 0000000000000000 fffffffff7fe0c7d 00000000031671e8 ffffffffac326f33 00000000766fcb93 0000000000000001 fffffffffffdd2ef 0000000000013724 ffffffffffff0270 ffffffffffffdcc5 ffffffffffff187c fffffffffffdad6b ffffffffb6b2e309 000000009d26c4b9 fffffffff02f6ea4 0000000021e7c6df fffffffffff817b7 000000000010f3e3 00000000373b5f93 0000000000000001 0000000000000001 ffffffffffc8c72a fffffffffe9c9d98 ffffffffc6837465 000000007b3efdda 0000000000000001 000000000011e125 0000000000057fc3 0000000000000003 0000000000000000 000000009cd990c5 0000000043bb9ebd 000000000fb5683f 00000000ac8ef904 00000000f04a97c1 00000000000fb568 0000000000ac8ef9 0000000000f04a98 0000000000000000
0000000000000299 0000000000000001 0000000000000149 ffffffffffffb790 0000000000020de4 fffffffffffee62d 000000000000254a 00000000005554b9 fffffffffff883f4 fffffffffffcff58 0000000000060000 0000000000000000 0000000000000000 ffffffffffc8c72a fffffffffe9c9d98 ffffffffc6837465 000000007b3efdda 0000000000000001 ffffffffffff7e5a 000000000001d255 000000000000cae6 0000000000009c1a 000000000001228c 000000000001831d ffffffffb420f696 ffffffffe397289a fffffffffa291aa2 fffffffffdd03ebb fffffffffffd148d fffffffffffee81f 0000000013b3fc1b 0000000000000001 0000000000000001 00000000011145ff ffffffffe09cd4b1 ffffffffb9f7dbf4 ffffffffe5c6e9df 0000000000000001 ffffffffffff160d fffffffffffd04ee 0000000000000006 0000000000000000 00000000a89fb078 0000000033a63078 0000000011dd0f88 00000000ba7cc000 00000000ee22f078 0000000000ba7cc0 0000000000ee22f0 000000000011dd10 0000000000000000
000000000000029a 0000000000000001 000000000000014a 0000000000007fe1 0000000000011881 ffffffffffffa30c 0000000000009e9e 00000000002d5b63 00000000000c0efe ffffffffffff37d8 0000000000180000 0000000000000000 0000000000000000 00000000011145ff ffffffffe09cd4b1 ffffffffb9f7dbf4 ffffffffe5c6e9df 0000000000000001 00000000000016bc 000000000000d79d ffffffffffff5143 ffffffffffff44e9 ffffffffffff5c37 ffffffffffff71f2 000000006ff2cae0 ffffffffe4ed2c79 00000000183e1fc6 fffffffffa231d4b 00000000000c1f10 fffffffffffd118f 00000000376ff6c6 0000000000000001 0000000000000001 000000001e1f1284 ffffffffe5969902 0000000057b4ab1a ffffffffeaca0f2e 0000000000000001 fffffffffff523fe fffffffffff9de60 0000000000000004 0000000000000000 000000007147f912 00000000751cf9c5 000000000ccd8695 000000007e157fa7 00000000f332796c 0000000000f33279 00000000007e1580 00000000000ccd87 0000000000000000
000000000000029b 0000000000000001 000000000000014b 0000000000007ba8 fffffffffffedfbe 000000000001135e 0000000000000cf1 00000000000f0333 00000000000d78d0 0000000000087ddd 0000000000240000 0000000000000000 0000000000000000 000000001e1f1284 ffffffffe5969902 0000000057b4ab1a ffffffffeaca0f2e 0000000000000001 00000000000056bc fffffffffffeba98 0000000000004fee 000000000000f334 ffffffffffffeccc fffffffffffeafc8 0000000094631fdc 000000003d3ff2cd 0000000022950314 000000000e46422d 0000000000114a82 0000000000072321 000000003ba95bf4 0000000000000001 0000000000000001 000000001ca22322 fffffffff5730868 0000000071ce1cc8 000000002ef9b0a0 0000000000000001 00000000000e32c3 00000000000c2ddd 0000000000000003 0000000000000000 000000004c724bf6 0000000096033500 000000000ec53f85 000000005b378b7b 00000000f13ac07b 00000000000ec540 00000000005b378b 0000000000f13ac0 0000000000000000
000000000000029c 0000000000000001 000000000000014c fffffffffffe2cc4 fffffffffffed8ac fffffffffffdcb1b 00000000000038d3 ffffffffffbed435 000000000002c1e7 fffffffffffad0b8 0000000000060000 0000000000000000 0000000000000000 000000001ca22322 fffffffff5730868 0000000071ce1cc8 000000002ef9b0a0 0000000000000001 ffffffffffffe741 0000000000009ba2 000000000000fc07 0000000000002ced 00000000000094e0 00000000000033ad 000000002fa9f44e ffffffffbd215b53 00000000039e841f fffffffffaec26a6 000000000001cf42 fffffffffffd7613 00000000137043d9 0000000000000001 0000000000000001 0000000008736479 ffffffffe5abd4bb 000000002c0b702f ffffffffc23534ad 0000000000000001 000000000002d123 0000000000015603 0000000000000003 0000000000000000 0000000082eba51f 0000000062bbab54 000000000d2c57c7 000000009017fce6 00000000f2d3a83a 00000000000d2c58 00000000009017fd 0000000000f2d3a8 0000000000000000
000000000000029d 0000000000000001 000000000000014d 000000000001a756 00000000000080c8 fffffffffffe66ae 000000000000fdc8 000000000001a2a9 0000000000087f9b 00000000000a6a7c 0000000000180000 0000000000000000 0000000000000000 0000000008736479 ffffffffe5abd4bb 000000002c0b702f ffffffffc23534ad 0000000000000001 00000000000177bd 00000000000136ac fffffffffffff211 000000000000ff9f 0000000000016646 0000000000014aaa 000000004661ba2b 000000003584f06f 0000000013da819c 000000000f18cf9b 000000000009ed41 0000000000078c68 000000004836a259 0000000000000001 0000000000000001 00000000080dd7e4 fffffffffcd7895c 000000003287388f 00000000266c20d4 0000000000000001 00000000000a52ab 000000000006ff3b 0000000000000003 0000000000000000 0000000064887e9d 0000000081464be6 000000000d189abf 0000000071a1195c 00000000f2e76542 00000000000d189b 000000000071a119 0000000000f2e765 0000000000000000
000000000000029e 0000000000000001 000000000000014e fffffffffffdd723 000000000000a89b 000000000000e36f 000000000000e725 ffffffffffb8323d fffffffffff2eda0 fffffffffff3f753 0000000000240000 0000000000000000 0000000000000000 00000000080dd7e4 fffffffffcd7895c 000000003287388f 00000000266c20d4 0000000000000001 fffffffffffe0b68 ffffffffffffde09 ffffffffffff6d51 000000000000d1cf fffffffffffe7931 fffffffffffec555 ffffffffa303ac10 ffffffff94d43981 ffffffffe77b5bc6 ffffffffe3bdd4c9 fffffffffff3bdae fffffffffff1deea 0000000043804d58 0000000000000001 0000000000000001 fffffffff0447409 ffffffffe85a9789 ffffffffbb88504a ffffffffb11664b8 0000000000000001 ffffffffffeddb6a fffffffffffb71c4 0000000000000004 0000000000000000 00000000381cb0b2 00000000a57851ce 0000000011357ec0 0000000049522f72 00000000eeca8140 0000000000eeca81 000000000049522f 000000000011357f 0000000000000000
000000000000029f 0000000000000001 000000000000014f 000000000001bb6c ffffffffffff349b 00000000000098fc 000000000000651d 000000000013074e 00000000000a6187 0000000000067862 0000000000060000 0000000000000000 0000000000000000 fffffffff0447409 ffffffffe85a9789 ffffffffbb88504a ffffffffb11664b8 0000000000000001 000000000001386c ffffffffffff323f 0000000000009cf5 ffffffffffff35c3 fffffffffffe8b0a ffffffffffffe2ff 00000000578f63c5 000000002461ad48 0000000005c213ab 0000000002647bfe 000000000002e10a 000000000001323e 0000000010d5c443 0000000000000001 0000000000000001 000000000bfd1e67 fffffffffff0189f 0000000051cd501a 0000000021fd314a 0000000000000001 fffffffffffcfdfc 000000000000d1f6 0000000000000005 0000000000000000 000000003c9cbaab 00000000a2331555 0000000010981800 000000004d34d2ab 00000000ef67e800 0000000000ef67e8 0000000000109818 00000000004d34d3 0000000000000000
