time_s,tick,v_ref_mmps,v_meas_mmps,enable,reset,angle_init,test_mode,original_iq_ref_physical,original_iq_unlimited_physical,original_integrator_physical,original_saturation_physical,original_integrator_next_physical,original_previous_excess_physical,original_excess_next_physical,original_hard_reset_physical,original_int_reset_physical,original_iq_limited_physical,original_error_physical,original_P_physical,original_KiTs_physical,original_AW_physical,float_iq_ref_physical,float_iq_unlimited_physical,float_integrator_physical,float_saturation_physical,float_integrator_next_physical,float_previous_excess_physical,float_excess_next_physical,float_hard_reset_physical,float_int_reset_physical,float_iq_limited_physical,float_error_physical,float_P_physical,float_KiTs_physical,float_AW_physical,b1_iq_ref_physical,b1_iq_ref_raw,b1_iq_unlimited_physical,b1_iq_unlimited_raw,b1_integrator_physical,b1_integrator_raw,b1_saturation_physical,b1_integrator_next_physical,b1_integrator_next_raw,b1_previous_excess_physical,b1_previous_excess_raw,b1_excess_next_physical,b1_excess_next_raw,b1_hard_reset_physical,b1_int_reset_physical,b1_iq_limited_physical,b1_iq_limited_raw,b1_error_physical,b1_error_raw,b1_P_physical,b1_P_raw,b1_KiTs_physical,b1_KiTs_raw,b1_AW_physical,b1_AW_raw,b2_iq_ref_physical,b2_iq_ref_raw,b2_iq_unlimited_physical,b2_iq_unlimited_raw,b2_integrator_physical,b2_integrator_raw,b2_saturation_physical,b2_integrator_next_physical,b2_integrator_next_raw,b2_previous_excess_physical,b2_previous_excess_raw,b2_excess_next_physical,b2_excess_next_raw,b2_hard_reset_physical,b2_int_reset_physical,b2_iq_limited_physical,b2_iq_limited_raw,b2_error_physical,b2_error_raw,b2_P_physical,b2_P_raw,b2_KiTs_physical,b2_KiTs_raw,b2_AW_physical,b2_AW_raw
0.0009,1,0,0,1,0,0,0,0,0,0,0,0,0,0,0,0,0,0,0,0,0,0,0,0,0,0,0,0,0,0,0,0,0,0,0,0,0,0,0,0,0,0,0,0,0,0,0,0,0,0,0,0,0,0,0,0,0,0,0,0,0,0,0,0,0,0,0,0,0,0,0,0,0,0,0,0,0,0,0,0,0,0,0,0,0
0.0019,1,0,0,1,0,0,0,0,0,0,0,0,0,0,0,0,0,0,0,0,0,0,0,0,0,0,0,0,0,0,0,0,0,0,0,0,0,0,0,0,0,0,0,0,0,0,0,0,0,0,0,0,0,0,0,0,0,0,0,0,0,0,0,0,0,0,0,0,0,0,0,0,0,0,0,0,0,0,0,0,0,0,0,0,0
0.0029,1,0,0,1,0,0,0,0,0,0,0,0,0,0,0,0,0,0,0,0,0,0,0,0,0,0,0,0,0,0,0,0,0,0,0,0,0,0,0,0,0,0,0,0,0,0,0,0,0,0,0,0,0,0,0,0,0,0,0,0,0,0,0,0,0,0,0,0,0,0,0,0,0,0,0,0,0,0,0,0,0,0,0,0,0
0.0039,1,0,0,1,0,0,0,0,0,0,0,0,0,0,0,0,0,0,0,0,0,0,0,0,0,0,0,0,0,0,0,0,0,0,0,0,0,0,0,0,0,0,0,0,0,0,0,0,0,0,0,0,0,0,0,0,0,0,0,0,0,0,0,0,0,0,0,0,0,0,0,0,0,0,0,0,0,0,0,0,0,0,0,0,0
0.0049,1,2,0,1,0,0,0,0.0360669497053622,0.0360669497053622,0,0,0.00288535597642898,0,0,0,0,0.0360669497053622,2,0.0360669497053622,0.00288535597642898,0,0.0360669497053622,0.0360669497053622,0,0,0.00288535597642898,0,0,0,0,0.0360669497053622,2,0.0360669497053622,0.00288535597642898,0,0.03607177734375,1182,0.0360669493675232,38726592,0,0,0,0.0028853565454483,3098128,0,0,0,0,0,0,0.0360669493675232,38726592,2,2097152,0.0360669493675232,38726592,0.0028853565454483,3098128,0,0,0.03607177734375,1182,0.0360679626464844,9455,0,0,0,0.0028839111328125,756,0,0,0,0,0,0,0.0360679626464844,9455,2,131072,0.0360679626464844,9455,0.0028839111328125,756,0,0
0.0059,1,2,0,1,0,0,0,0.0389523056817912,0.0389523056817912,0.00288535597642898,0,0.00577071195285796,0,0,0,0,0.0389523056817912,2,0.0360669497053622,0.00288535597642898,0,0.0389523056817912,0.0389523056817912,0.00288535597642898,0,0.00577071195285796,0,0,0,0,0.0389523056817912,2,0.0360669497053622,0.00288535597642898,0,0.0389404296875,1276,0.0389523059129715,41824720,0.0028853565454483,3098128,0,0.00577071309089661,6196256,0,0,0,0,0,0,0.0389523059129715,41824720,2,2097152,0.0360669493675232,38726592,0.0028853565454483,3098128,0,0,0.0389404296875,1276,0.0389518737792969,10211,0.0028839111328125,756,0,0.005767822265625,1512,0,0,0,0,0,0,0.0389518737792969,10211,2,131072,0.0360679626464844,9455,0.0028839111328125,756,0,0
0.0069,1,2,0,1,0,0,0,0.0418376616582202,0.0418376616582202,0.00577071195285796,0,0.00865606792928694,0,0,0,0,0.0418376616582202,2,0.0360669497053622,0.00288535597642898,0,0.0418376616582202,0.0418376616582202,0.00577071195285796,0,0.00865606792928694,0,0,0,0,0.0418376616582202,2,0.0360669497053622,0.00288535597642898,0,0.041839599609375,1371,0.0418376624584198,44922848,0.00577071309089661,6196256,0,0.00865606963634491,9294384,0,0,0,0,0,0,0.0418376624584198,44922848,2,2097152,0.0360669493675232,38726592,0.0028853565454483,3098128,0,0,0.041839599609375,1371,0.0418357849121094,10967,0.005767822265625,1512,0,0.0086517333984375,2268,0,0,0,0,0,0,0.0418357849121094,10967,2,131072,0.0360679626464844,9455,0.0028839111328125,756,0,0
0.0079,1,2,0,1,0,0,0,0.0447230176346492,0.0447230176346492,0.00865606792928694,0,0.0115414239057159,0,0,0,0,0.0447230176346492,2,0.0360669497053622,0.00288535597642898,0,0.0447230176346492,0.0447230176346492,0.00865606792928694,0,0.0115414239057159,0,0,0,0,0.0447230176346492,2,0.0360669497053622,0.00288535597642898,0,0.044708251953125,1465,0.0447230190038681,48020976,0.00865606963634491,9294384,0,0.0115414261817932,12392512,0,0,0,0,0,0,0.0447230190038681,48020976,2,2097152,0.0360669493675232,38726592,0.0028853565454483,3098128,0,0,0.044708251953125,1465,0.0447196960449219,11723,0.0086517333984375,2268,0,0.01153564453125,3024,0,0,0,0,0,0,0.0447196960449219,11723,2,131072,0.0360679626464844,9455,0.0028839111328125,756,0,0
0.0089,1,2,0,1,0,0,0,0.0476083736110782,0.0476083736110782,0.0115414239057159,0,0.0144267798821449,0,0,0,0,0.0476083736110782,2,0.0360669497053622,0.00288535597642898,0,0.0476083736110782,0.0476083736110782,0.0115414239057159,0,0.0144267798821449,0,0,0,0,0.0476083736110782,2,0.0360669497053622,0.00288535597642898,0,0.047607421875,1560,0.0476083755493164,51119104,0.0115414261817932,12392512,0,0.0144267827272415,15490640,0,0,0,0,0,0,0.0476083755493164,51119104,2,2097152,0.0360669493675232,38726592,0.0028853565454483,3098128,0,0,0.047607421875,1560,0.0476036071777344,12479,0.01153564453125,3024,0,0.0144195556640625,3780,0,0,0,0,0,0,0.0476036071777344,12479,2,131072,0.0360679626464844,9455,0.0028839111328125,756,0,0
0.0099,1,2,0,1,0,0,0,0.0504937295875071,0.0504937295875071,0.0144267798821449,0,0.0173121358585739,0,0,0,0,0.0504937295875071,2,0.0360669497053622,0.00288535597642898,0,0.0504937295875071,0.0504937295875071,0.0144267798821449,0,0.0173121358585739,0,0,0,0,0.0504937295875071,2,0.0360669497053622,0.00288535597642898,0,0.050506591796875,1655,0.0504937320947647,54217232,0.0144267827272415,15490640,0,0.0173121392726898,18588768,0,0,0,0,0,0,0.0504937320947647,54217232,2,2097152,0.0360669493675232,38726592,0.0028853565454483,3098128,0,0,0.05047607421875,1654,0.0504875183105469,13235,0.0144195556640625,3780,0,0.017303466796875,4536,0,0,0,0,0,0,0.0504875183105469,13235,2,131072,0.0360679626464844,9455,0.0028839111328125,756,0,0
0.0109,1,2,0,1,0,0,0,0.0533790855639361,0.0533790855639361,0.0173121358585739,0,0.0201974918350029,0,0,0,0,0.0533790855639361,2,0.0360669497053622,0.00288535597642898,0,0.0533790855639361,0.0533790855639361,0.0173121358585739,0,0.0201974918350029,0,0,0,0,0.0533790855639361,2,0.0360669497053622,0.00288535597642898,0,0.053375244140625,1749,0.053379088640213,57315360,0.0173121392726898,18588768,0,0.0201974958181381,21686896,0,0,0,0,0,0,0.053379088640213,57315360,2,2097152,0.0360669493675232,38726592,0.0028853565454483,3098128,0,0,0.053375244140625,1749,0.0533714294433594,13991,0.017303466796875,4536,0,0.0201873779296875,5292,0,0,0,0,0,0,0.0533714294433594,13991,2,131072,0.0360679626464844,9455,0.0028839111328125,756,0,0
0.0119,1,2,0,1,0,0,0,0.0562644415403651,0.0562644415403651,0.0201974918350029,0,0.0230828478114318,0,0,0,0,0.0562644415403651,2,0.0360669497053622,0.00288535597642898,0,0.0562644415403651,0.0562644415403651,0.0201974918350029,0,0.0230828478114318,0,0,0,0,0.0562644415403651,2,0.0360669497053622,0.00288535597642898,0,0.0562744140625,1844,0.0562644451856613,60413488,0.0201974958181381,21686896,0,0.0230828523635864,24785024,0,0,0,0,0,0,0.0562644451856613,60413488,2,2097152,0.0360669493675232,38726592,0.0028853565454483,3098128,0,0,0.056243896484375,1843,0.0562553405761719,14747,0.0201873779296875,5292,0,0.0230712890625,6048,0,0,0,0,0,0,0.0562553405761719,14747,2,131072,0.0360679626464844,9455,0.0028839111328125,756,0,0
0.0129,1,2,0,1,0,0,0,0.0591497975167941,0.0591497975167941,0.0230828478114318,0,0.0259682037878608,0,0,0,0,0.0591497975167941,2,0.0360669497053622,0.00288535597642898,0,0.0591497975167941,0.0591497975167941,0.0230828478114318,0,0.0259682037878608,0,0,0,0,0.0591497975167941,2,0.0360669497053622,0.00288535597642898,0,0.05914306640625,1938,0.0591498017311096,63511616,0.0230828523635864,24785024,0,0.0259682089090347,27883152,0,0,0,0,0,0,0.0591498017311096,63511616,2,2097152,0.0360669493675232,38726592,0.0028853565454483,3098128,0,0,0.05914306640625,1938,0.0591392517089844,15503,0.0230712890625,6048,0,0.0259552001953125,6804,0,0,0,0,0,0,0.0591392517089844,15503,2,131072,0.0360679626464844,9455,0.0028839111328125,756,0,0
0.0139,1,2,0,1,0,0,0,0.0620351534932231,0.0620351534932231,0.0259682037878608,0,0.0288535597642898,0,0,0,0,0.0620351534932231,2,0.0360669497053622,0.00288535597642898,0,0.0620351534932231,0.0620351534932231,0.0259682037878608,0,0.0288535597642898,0,0,0,0,0.0620351534932231,2,0.0360669497053622,0.00288535597642898,0,0.062042236328125,2033,0.0620351582765579,66609744,0.0259682089090347,27883152,0,0.028853565454483,30981280,0,0,0,0,0,0,0.0620351582765579,66609744,2,2097152,0.0360669493675232,38726592,0.0028853565454483,3098128,0,0,0.06201171875,2032,0.0620231628417969,16259,0.0259552001953125,6804,0,0.028839111328125,7560,0,0,0,0,0,0,0.0620231628417969,16259,2,131072,0.0360679626464844,9455,0.0028839111328125,756,0,0
0.0149,1,2,0,1,0,0,0,0.064920509469652,0.064920509469652,0.0288535597642898,0,0.0317389157407188,0,0,0,0,0.064920509469652,2,0.0360669497053622,0.00288535597642898,0,0.064920509469652,0.064920509469652,0.0288535597642898,0,0.0317389157407188,0,0,0,0,0.064920509469652,2,0.0360669497053622,0.00288535597642898,0,0.064910888671875,2127,0.0649205148220062,69707872,0.028853565454483,30981280,0,0.0317389219999313,34079408,0,0,0,0,0,0,0.0649205148220062,69707872,2,2097152,0.0360669493675232,38726592,0.0028853565454483,3098128,0,0,0.064910888671875,2127,0.0649070739746094,17015,0.028839111328125,7560,0,0.0317230224609375,8316,0,0,0,0,0,0,0.0649070739746094,17015,2,131072,0.0360679626464844,9455,0.0028839111328125,756,0,0
0.0159,1,2,0,1,0,0,0,0.067805865446081,0.067805865446081,0.0317389157407188,0,0.0346242717171477,0,0,0,0,0.067805865446081,2,0.0360669497053622,0.00288535597642898,0,0.067805865446081,0.067805865446081,0.0317389157407188,0,0.0346242717171477,0,0,0,0,0.067805865446081,2,0.0360669497053622,0.00288535597642898,0,0.06781005859375,2222,0.0678058713674545,72806000,0.0317389219999313,34079408,0,0.0346242785453796,37177536,0,0,0,0,0,0,0.0678058713674545,72806000,2,2097152,0.0360669493675232,38726592,0.0028853565454483,3098128,0,0,0.067779541015625,2221,0.0677909851074219,17771,0.0317230224609375,8316,0,0.03460693359375,9072,0,0,0,0,0,0,0.0677909851074219,17771,2,131072,0.0360679626464844,9455,0.0028839111328125,756,0,0
0.0169,1,-2,0,1,0,0,0,-0.0014426779882145,-0.0014426779882145,0.0346242717171477,0,0.0317389157407188,0,0,0,0,-0.0014426779882145,-2,-0.0360669497053622,-0.00288535597642898,0,-0.0014426779882145,-0.0014426779882145,0.0346242717171477,0,0.0317389157407188,0,0,0,0,-0.0014426779882145,-2,-0.0360669497053622,-0.00288535597642898,0,-0.001434326171875,-47,-0.00144267082214355,-1549056,0.0346242785453796,37177536,0,0.0317389219999313,34079408,0,0,0,0,0,0,-0.00144267082214355,-1549056,-2,-2097152,-0.0360669493675232,-38726592,-0.0028853565454483,-3098128,0,0,-0.00146484375,-48,-0.00146102905273438,-383,0.03460693359375,9072,0,0.0317230224609375,8316,0,0,0,0,0,0,-0.00146102905273438,-383,-2,-131072,-0.0360679626464844,-9455,-0.0028839111328125,-756,0,0
0.0179,1,-2,0,1,0,0,0,-0.00432803396464348,-0.00432803396464348,0.0317389157407188,0,0.0288535597642898,0,0,0,0,-0.00432803396464348,-2,-0.0360669497053622,-0.00288535597642898,0,-0.00432803396464348,-0.00432803396464348,0.0317389157407188,0,0.0288535597642898,0,0,0,0,-0.00432803396464348,-2,-0.0360669497053622,-0.00288535597642898,0,-0.00433349609375,-142,-0.00432802736759186,-4647184,0.0317389219999313,34079408,0,0.028853565454483,30981280,0,0,0,0,0,0,-0.00432802736759186,-4647184,-2,-2097152,-0.0360669493675232,-38726592,-0.0028853565454483,-3098128,0,0,-0.00433349609375,-142,-0.00434494018554688,-1139,0.0317230224609375,8316,0,0.028839111328125,7560,0,0,0,0,0,0,-0.00434494018554688,-1139,-2,-131072,-0.0360679626464844,-9455,-0.0028839111328125,-756,0,0
0.0189,1,-2,0,1,0,0,0,-0.00721338994107246,-0.00721338994107246,0.0288535597642898,0,0.0259682037878608,0,0,0,0,-0.00721338994107246,-2,-0.0360669497053622,-0.00288535597642898,0,-0.00721338994107246,-0.00721338994107246,0.0288535597642898,0,0.0259682037878608,0,0,0,0,-0.00721338994107246,-2,-0.0360669497053622,-0.00288535597642898,0,-0.0072021484375,-236,-0.00721338391304016,-7745312,0.028853565454483,30981280,0,0.0259682089090347,27883152,0,0,0,0,0,0,-0.00721338391304016,-7745312,-2,-2097152,-0.0360669493675232,-38726592,-0.0028853565454483,-3098128,0,0,-0.007232666015625,-237,-0.00722885131835938,-1895,0.028839111328125,7560,0,0.0259552001953125,6804,0,0,0,0,0,0,-0.00722885131835938,-1895,-2,-131072,-0.0360679626464844,-9455,-0.0028839111328125,-756,0,0
0.0199,1,-2,0,1,0,0,0,-0.0100987459175014,-0.0100987459175014,0.0259682037878608,0,0.0230828478114318,0,0,0,0,-0.0100987459175014,-2,-0.0360669497053622,-0.00288535597642898,0,-0.0100987459175014,-0.0100987459175014,0.0259682037878608,0,0.0230828478114318,0,0,0,0,-0.0100987459175014,-2,-0.0360669497053622,-0.00288535597642898,0,-0.010101318359375,-331,-0.0100987404584885,-10843440,0.0259682089090347,27883152,0,0.0230828523635864,24785024,0,0,0,0,0,0,-0.0100987404584885,-10843440,-2,-2097152,-0.0360669493675232,-38726592,-0.0028853565454483,-3098128,0,0,-0.010101318359375,-331,-0.0101127624511719,-2651,0.0259552001953125,6804,0,0.0230712890625,6048,0,0,0,0,0,0,-0.0101127624511719,-2651,-2,-131072,-0.0360679626464844,-9455,-0.0028839111328125,-756,0,0
0.0209,1,-2,0,1,0,0,0,-0.0129841018939304,-0.0129841018939304,0.0230828478114318,0,0.0201974918350029,0,0,0,0,-0.0129841018939304,-2,-0.0360669497053622,-0.00288535597642898,0,-0.0129841018939304,-0.0129841018939304,0.0230828478114318,0,0.0201974918350029,0,0,0,0,-0.0129841018939304,-2,-0.0360669497053622,-0.00288535597642898,0,-0.012969970703125,-425,-0.0129840970039368,-13941568,0.0230828523635864,24785024,0,0.0201974958181381,21686896,0,0,0,0,0,0,-0.0129840970039368,-13941568,-2,-2097152,-0.0360669493675232,-38726592,-0.0028853565454483,-3098128,0,0,-0.01300048828125,-426,-0.0129966735839844,-3407,0.0230712890625,6048,0,0.0201873779296875,5292,0,0,0,0,0,0,-0.0129966735839844,-3407,-2,-131072,-0.0360679626464844,-9455,-0.0028839111328125,-756,0,0
0.0219,1,-2,0,1,0,0,0,-0.0158694578703594,-0.0158694578703594,0.0201974918350029,0,0.0173121358585739,0,0,0,0,-0.0158694578703594,-2,-0.0360669497053622,-0.00288535597642898,0,-0.0158694578703594,-0.0158694578703594,0.0201974918350029,0,0.0173121358585739,0,0,0,0,-0.0158694578703594,-2,-0.0360669497053622,-0.00288535597642898,0,-0.015869140625,-520,-0.0158694535493851,-17039696,0.0201974958181381,21686896,0,0.0173121392726898,18588768,0,0,0,0,0,0,-0.0158694535493851,-17039696,-2,-2097152,-0.0360669493675232,-38726592,-0.0028853565454483,-3098128,0,0,-0.015869140625,-520,-0.0158805847167969,-4163,0.0201873779296875,5292,0,0.017303466796875,4536,0,0,0,0,0,0,-0.0158805847167969,-4163,-2,-131072,-0.0360679626464844,-9455,-0.0028839111328125,-756,0,0
0.0229,1,-2,0,1,0,0,0,-0.0187548138467884,-0.0187548138467884,0.0173121358585739,0,0.0144267798821449,0,0,0,0,-0.0187548138467884,-2,-0.0360669497053622,-0.00288535597642898,0,-0.0187548138467884,-0.0187548138467884,0.0173121358585739,0,0.0144267798821449,0,0,0,0,-0.0187548138467884,-2,-0.0360669497053622,-0.00288535597642898,0,-0.018768310546875,-615,-0.0187548100948334,-20137824,0.0173121392726898,18588768,0,0.0144267827272415,15490640,0,0,0,0,0,0,-0.0187548100948334,-20137824,-2,-2097152,-0.0360669493675232,-38726592,-0.0028853565454483,-3098128,0,0,-0.018768310546875,-615,-0.0187644958496094,-4919,0.017303466796875,4536,0,0.0144195556640625,3780,0,0,0,0,0,0,-0.0187644958496094,-4919,-2,-131072,-0.0360679626464844,-9455,-0.0028839111328125,-756,0,0
0.0239,1,-2,0,1,0,0,0,-0.0216401698232173,-0.0216401698232173,0.0144267798821449,0,0.0115414239057159,0,0,0,0,-0.0216401698232173,-2,-0.0360669497053622,-0.00288535597642898,0,-0.0216401698232173,-0.0216401698232173,0.0144267798821449,0,0.0115414239057159,0,0,0,0,-0.0216401698232173,-2,-0.0360669497053622,-0.00288535597642898,0,-0.021636962890625,-709,-0.0216401666402817,-23235952,0.0144267827272415,15490640,0,0.0115414261817932,12392512,0,0,0,0,0,0,-0.0216401666402817,-23235952,-2,-2097152,-0.0360669493675232,-38726592,-0.0028853565454483,-3098128,0,0,-0.021636962890625,-709,-0.0216484069824219,-5675,0.0144195556640625,3780,0,0.01153564453125,3024,0,0,0,0,0,0,-0.0216484069824219,-5675,-2,-131072,-0.0360679626464844,-9455,-0.0028839111328125,-756,0,0
0.0249,1,-2,0,1,0,0,0,-0.0245255257996463,-0.0245255257996463,0.0115414239057159,0,0.00865606792928694,0,0,0,0,-0.0245255257996463,-2,-0.0360669497053622,-0.00288535597642898,0,-0.0245255257996463,-0.0245255257996463,0.0115414239057159,0,0.00865606792928694,0,0,0,0,-0.0245255257996463,-2,-0.0360669497053622,-0.00288535597642898,0,-0.0245361328125,-804,-0.02452552318573,-26334080,0.0115414261817932,12392512,0,0.00865606963634491,9294384,0,0,0,0,0,0,-0.02452552318573,-26334080,-2,-2097152,-0.0360669493675232,-38726592,-0.0028853565454483,-3098128,0,0,-0.0245361328125,-804,-0.0245323181152344,-6431,0.01153564453125,3024,0,0.0086517333984375,2268,0,0,0,0,0,0,-0.0245323181152344,-6431,-2,-131072,-0.0360679626464844,-9455,-0.0028839111328125,-756,0,0
0.0259,1,-2,0,1,0,0,0,-0.0274108817760753,-0.0274108817760753,0.00865606792928694,0,0.00577071195285796,0,0,0,0,-0.0274108817760753,-2,-0.0360669497053622,-0.00288535597642898,0,-0.0274108817760753,-0.0274108817760753,0.00865606792928694,0,0.00577071195285796,0,0,0,0,-0.0274108817760753,-2,-0.0360669497053622,-0.00288535597642898,0,-0.02740478515625,-898,-0.0274108797311783,-29432208,0.00865606963634491,9294384,0,0.00577071309089661,6196256,0,0,0,0,0,0,-0.0274108797311783,-29432208,-2,-2097152,-0.0360669493675232,-38726592,-0.0028853565454483,-3098128,0,0,-0.02740478515625,-898,-0.0274162292480469,-7187,0.0086517333984375,2268,0,0.005767822265625,1512,0,0,0,0,0,0,-0.0274162292480469,-7187,-2,-131072,-0.0360679626464844,-9455,-0.0028839111328125,-756,0,0
0.0269,1,-2,0,1,0,0,0,-0.0302962377525043,-0.0302962377525043,0.00577071195285796,0,0.00288535597642898,0,0,0,0,-0.0302962377525043,-2,-0.0360669497053622,-0.00288535597642898,0,-0.0302962377525043,-0.0302962377525043,0.00577071195285796,0,0.00288535597642898,0,0,0,0,-0.0302962377525043,-2,-0.0360669497053622,-0.00288535597642898,0,-0.030303955078125,-993,-0.0302962362766266,-32530336,0.00577071309089661,6196256,0,0.0028853565454483,3098128,0,0,0,0,0,0,-0.0302962362766266,-32530336,-2,-2097152,-0.0360669493675232,-38726592,-0.0028853565454483,-3098128,0,0,-0.030303955078125,-993,-0.0303001403808594,-7943,0.005767822265625,1512,0,0.0028839111328125,756,0,0,0,0,0,0,-0.0303001403808594,-7943,-2,-131072,-0.0360679626464844,-9455,-0.0028839111328125,-756,0,0
0.0279,1,-2,0,1,0,0,0,-0.0331815937289333,-0.0331815937289333,0.00288535597642898,0,-2.60208521396521e-18,0,0,0,0,-0.0331815937289333,-2,-0.0360669497053622,-0.00288535597642898,0,-0.0331815937289333,-0.0331815937289333,0.00288535597642898,0,-2.60208521396521e-18,0,0,0,0,-0.0331815937289333,-2,-0.0360669497053622,-0.00288535597642898,0,-0.033172607421875,-1087,-0.0331815928220749,-35628464,0.0028853565454483,3098128,0,0,0,0,0,0,0,0,0,-0.0331815928220749,-35628464,-2,-2097152,-0.0360669493675232,-38726592,-0.0028853565454483,-3098128,0,0,-0.033172607421875,-1087,-0.0331840515136719,-8699,0.0028839111328125,756,0,0,0,0,0,0,0,0,0,-0.0331840515136719,-8699,-2,-131072,-0.0360679626464844,-9455,-0.0028839111328125,-756,0,0
0.0289,1,110.904859786501,0,1,0,0,0,1,2,-2.60208521396521e-18,1,0.16,0,1,0,0,1,110.904859786501,2,0.16,0,1,2,-2.60208521396521e-18,1,0.16,0,1,0,0,1,110.904859786501,2,0.16,0,1,32768,1.99999997671694,2147483623,0,0,1,0.160000030882657,171798725,0,0,0.999999976716936,1073741799,0,0,1,1073741824,110.904859542847,116292174,1.99999997671694,2147483623,0.160000030882657,171798725,0,0,1,32768,2.00000381469727,524289,0,0,1,0.159999847412109,41943,0,0,1.00000381469727,262145,0,0,1,262144,110.904861450195,7268261,2.00000381469727,524289,0.159999847412109,41943,0,0
0.0299,1,110.904859786501,0,1,0,0,0,1,2.16,0.16,1,0.24,1,1.16,0,0,1,110.904859786501,2,0.16,0.08,1,2.16,0.16,1,0.24,1,1.16,0,0,1,110.904859786501,2,0.16,0.08,1,32768,2.16000000759959,2319282348,0.160000030882657,171798725,1,0.240000063553452,257698106,0.999999976716936,1073741799,1.16000000759959,1245540524,0,0,1,1073741824,110.904859542847,116292174,1.99999997671694,2147483623,0.160000030882657,171798725,0.0799999982118607,85899344,1,32768,2.16000366210938,566232,0.159999847412109,41943,1,0.239997863769531,62914,1.00000381469727,262145,1.16000366210938,304088,0,0,1,262144,110.904861450195,7268261,2.00000381469727,524289,0.159999847412109,41943,0.0800018310546875,20972
0.0309,1,110.904859786501,0,1,0,0,0,1,2.24,0.24,1,0.3072,1.16,1.24,0,0,1,110.904859786501,2,0.16,0.0928,1,2.24,0.24,1,0.3072,1.16,1.24,0,0,1,110.904859786501,2,0.16,0.0928,1,32768,2.24000004027039,2405181729,0.240000063553452,257698106,1,0.307200093753636,329853589,1.16000000759959,1245540524,1.24000004027039,1331439905,0,0,1,1073741824,110.904859542847,116292174,1.99999997671694,2147483623,0.160000030882657,171798725,0.0928000006824732,99643242,1,32768,2.2400016784668,587203,0.239997863769531,62914,1,0.307197570800781,80530,1.16000366210938,304088,1.2400016784668,325059,0,0,1,262144,110.904861450195,7268261,2.00000381469727,524289,0.159999847412109,41943,0.0928001403808594,24327
0.0319,1,110.904859786501,0,1,0,0,0,1,2.3072,0.3072,1,0.368,1.24,1.3072,0,0,1,110.904859786501,2,0.16,0.0992,1,2.3072,0.3072,1,0.368,1.24,1.3072,0,0,1,110.904859786501,2,0.16,0.0992,1,32768,2.30720007047057,2477337212,0.307200093753636,329853589,1,0.36800012178719,395137122,1.24000004027039,1331439905,1.30720007047057,1403595388,0,0,1,1073741824,110.904859542847,116292174,1.99999997671694,2147483623,0.160000030882657,171798725,0.099200002849102,106515192,1,32768,2.30720138549805,604819,0.307197570800781,80530,1,0.367996215820312,96468,1.2400016784668,325059,1.30720138549805,342675,0,0,1,262144,110.904861450195,7268261,2.00000381469727,524289,0.159999847412109,41943,0.0992012023925781,26005
0.0329,1,110.904859786501,0,1,0,0,0,1,2.368,0.368,1,0.423424,1.3072,1.368,0,0,1,110.904859786501,2,0.16,0.104576,1,2.368,0.368,1,0.423424,1.3072,1.368,0,0,1,110.904859786501,2,0.16,0.104576,1,32768,2.36800009850413,2542620745,0.36800012178719,395137122,1,0.423424147069454,454648216,1.30720007047057,1403595388,1.36800009850413,1468878921,0,0,1,1073741824,110.904859542847,116292174,1.99999997671694,2147483623,0.160000030882657,171798725,0.104576005600393,112287631,1,32768,2.36800003051758,620757,0.367996215820312,96468,1,0.423419952392578,110997,1.30720138549805,342675,1.36800003051758,358613,0,0,1,262144,110.904861450195,7268261,2.00000381469727,524289,0.159999847412109,41943,0.104576110839844,27414
0.0339,1,110.904859786501,0,1,0,0,0,1,2.423424,0.423424,1,0.473984,1.368,1.423424,0,0,1,110.904859786501,2,0.16,0.10944,1,2.423424,0.423424,1,0.473984,1.368,1.423424,0,0,1,110.904859786501,2,0.16,0.10944,1,32768,2.42342412378639,2602131839,0.423424147069454,454648216,1,0.473984169773757,508936627,1.36800009850413,1468878921,1.42342412378639,1528390015,0,0,1,1073741824,110.904859542847,116292174,1.99999997671694,2147483623,0.160000030882657,171798725,0.109440008178353,117510314,1,32768,2.42342376708984,635286,0.423419952392578,110997,1,0.473979949951172,124251,1.36800003051758,358613,1.42342376708984,373142,0,0,1,262144,110.904861450195,7268261,2.00000381469727,524289,0.159999847412109,41943,0.109439849853516,28689
0.0349,1,110.904859786501,0,1,0,0,0,1,2.473984,0.473984,1,0.5,1.423424,1.473984,0,0,1,110.904859786501,2,0.16,0.11387392,1,2.473984,0.473984,1,0.5,1.423424,1.473984,0,0,1,110.904859786501,2,0.16,0.11387392,1,32768,2.47398414649069,2656420250,0.473984169773757,508936627,1,0.5,536870912,1.42342412378639,1528390015,1.47398414649069,1582678426,0,0,1,1073741824,110.904859542847,116292174,1.99999997671694,2147483623,0.160000030882657,171798725,0.113873929716647,122271201,1,32768,2.47398376464844,648540,0.473979949951172,124251,1,0.5,131072,1.42342376708984,373142,1.47398376464844,386396,0,0,1,262144,110.904861450195,7268261,2.00000381469727,524289,0.159999847412109,41943,0.113872528076172,29851
0.0359,1,110.904859786501,0,1,0,0,0,1,2.5,0.5,1,0.5,1.473984,1.5,0,0,1,110.904859786501,2,0.16,0.11791872,1,2.5,0.5,1,0.5,1.473984,1.5,0,0,1,110.904859786501,2,0.16,0.11791872,1,32768,2.49999997671694,2684354535,0.5,536870912,1,0.5,536870912,1.47398414649069,1582678426,1.49999997671694,1610612711,0,0,1,1073741824,110.904859542847,116292174,1.99999997671694,2147483623,0.160000030882657,171798725,0.11791873164475,126614274,1,32768,2.50000381469727,655361,0.5,131072,1,0.5,131072,1.47398376464844,386396,1.50000381469727,393217,0,0,1,262144,110.904861450195,7268261,2.00000381469727,524289,0.159999847412109,41943,0.117919921875,30912
0.0369,1,110.904859786501,0,1,0,0,0,1,2.5,0.5,1,0.5,1.5,1.5,0,0,1,110.904859786501,2,0.16,0.12,1,2.5,0.5,1,0.5,1.5,1.5,0,0,1,110.904859786501,2,0.16,0.12,1,32768,2.49999997671694,2684354535,0.5,536870912,1,0.5,536870912,1.49999997671694,1610612711,1.49999997671694,1610612711,0,0,1,1073741824,110.904859542847,116292174,1.99999997671694,2147483623,0.160000030882657,171798725,0.119999998249114,128849017,1,32768,2.50000381469727,655361,0.5,131072,1,0.5,131072,1.50000381469727,393217,1.50000381469727,393217,0,0,1,262144,110.904861450195,7268261,2.00000381469727,524289,0.159999847412109,41943,0.119998931884766,31457
0.0379,1,110.904859786501,0,1,0,0,0,1,2.5,0.5,1,0.5,1.5,1.5,0,0,1,110.904859786501,2,0.16,0.12,1,2.5,0.5,1,0.5,1.5,1.5,0,0,1,110.904859786501,2,0.16,0.12,1,32768,2.49999997671694,2684354535,0.5,536870912,1,0.5,536870912,1.49999997671694,1610612711,1.49999997671694,1610612711,0,0,1,1073741824,110.904859542847,116292174,1.99999997671694,2147483623,0.160000030882657,171798725,0.119999998249114,128849017,1,32768,2.50000381469727,655361,0.5,131072,1,0.5,131072,1.50000381469727,393217,1.50000381469727,393217,0,0,1,262144,110.904861450195,7268261,2.00000381469727,524289,0.159999847412109,41943,0.119998931884766,31457
0.0389,1,110.904859786501,0,1,0,0,0,1,2.5,0.5,1,0.5,1.5,1.5,0,0,1,110.904859786501,2,0.16,0.12,1,2.5,0.5,1,0.5,1.5,1.5,0,0,1,110.904859786501,2,0.16,0.12,1,32768,2.49999997671694,2684354535,0.5,536870912,1,0.5,536870912,1.49999997671694,1610612711,1.49999997671694,1610612711,0,0,1,1073741824,110.904859542847,116292174,1.99999997671694,2147483623,0.160000030882657,171798725,0.119999998249114,128849017,1,32768,2.50000381469727,655361,0.5,131072,1,0.5,131072,1.50000381469727,393217,1.50000381469727,393217,0,0,1,262144,110.904861450195,7268261,2.00000381469727,524289,0.159999847412109,41943,0.119998931884766,31457
0.0399,1,110.904859786501,0,1,0,0,0,1,2.5,0.5,1,0.5,1.5,1.5,0,0,1,110.904859786501,2,0.16,0.12,1,2.5,0.5,1,0.5,1.5,1.5,0,0,1,110.904859786501,2,0.16,0.12,1,32768,2.49999997671694,2684354535,0.5,536870912,1,0.5,536870912,1.49999997671694,1610612711,1.49999997671694,1610612711,0,0,1,1073741824,110.904859542847,116292174,1.99999997671694,2147483623,0.160000030882657,171798725,0.119999998249114,128849017,1,32768,2.50000381469727,655361,0.5,131072,1,0.5,131072,1.50000381469727,393217,1.50000381469727,393217,0,0,1,262144,110.904861450195,7268261,2.00000381469727,524289,0.159999847412109,41943,0.119998931884766,31457
0.0409,1,110.904859786501,0,1,0,0,0,1,2.5,0.5,1,0.5,1.5,1.5,0,0,1,110.904859786501,2,0.16,0.12,1,2.5,0.5,1,0.5,1.5,1.5,0,0,1,110.904859786501,2,0.16,0.12,1,32768,2.49999997671694,2684354535,0.5,536870912,1,0.5,536870912,1.49999997671694,1610612711,1.49999997671694,1610612711,0,0,1,1073741824,110.904859542847,116292174,1.99999997671694,2147483623,0.160000030882657,171798725,0.119999998249114,128849017,1,32768,2.50000381469727,655361,0.5,131072,1,0.5,131072,1.50000381469727,393217,1.50000381469727,393217,0,0,1,262144,110.904861450195,7268261,2.00000381469727,524289,0.159999847412109,41943,0.119998931884766,31457
0.0419,1,110.904859786501,0,1,0,0,0,1,2.5,0.5,1,0.5,1.5,1.5,0,0,1,110.904859786501,2,0.16,0.12,1,2.5,0.5,1,0.5,1.5,1.5,0,0,1,110.904859786501,2,0.16,0.12,1,32768,2.49999997671694,2684354535,0.5,536870912,1,0.5,536870912,1.49999997671694,1610612711,1.49999997671694,1610612711,0,0,1,1073741824,110.904859542847,116292174,1.99999997671694,2147483623,0.160000030882657,171798725,0.119999998249114,128849017,1,32768,2.50000381469727,655361,0.5,131072,1,0.5,131072,1.50000381469727,393217,1.50000381469727,393217,0,0,1,262144,110.904861450195,7268261,2.00000381469727,524289,0.159999847412109,41943,0.119998931884766,31457
0.0429,1,110.904859786501,0,1,0,0,0,1,2.5,0.5,1,0.5,1.5,1.5,0,0,1,110.904859786501,2,0.16,0.12,1,2.5,0.5,1,0.5,1.5,1.5,0,0,1,110.904859786501,2,0.16,0.12,1,32768,2.49999997671694,2684354535,0.5,536870912,1,0.5,536870912,1.49999997671694,1610612711,1.49999997671694,1610612711,0,0,1,1073741824,110.904859542847,116292174,1.99999997671694,2147483623,0.160000030882657,171798725,0.119999998249114,128849017,1,32768,2.50000381469727,655361,0.5,131072,1,0.5,131072,1.50000381469727,393217,1.50000381469727,393217,0,0,1,262144,110.904861450195,7268261,2.00000381469727,524289,0.159999847412109,41943,0.119998931884766,31457
0.0439,1,110.904859786501,0,1,0,0,0,1,2.5,0.5,1,0.5,1.5,1.5,0,0,1,110.904859786501,2,0.16,0.12,1,2.5,0.5,1,0.5,1.5,1.5,0,0,1,110.904859786501,2,0.16,0.12,1,32768,2.49999997671694,2684354535,0.5,536870912,1,0.5,536870912,1.49999997671694,1610612711,1.49999997671694,1610612711,0,0,1,1073741824,110.904859542847,116292174,1.99999997671694,2147483623,0.160000030882657,171798725,0.119999998249114,128849017,1,32768,2.50000381469727,655361,0.5,131072,1,0.5,131072,1.50000381469727,393217,1.50000381469727,393217,0,0,1,262144,110.904861450195,7268261,2.00000381469727,524289,0.159999847412109,41943,0.119998931884766,31457
0.0449,1,110.904859786501,0,1,1,0,0,0,2.5,0.5,1,0,1.5,1.5,1,1,1,110.904859786501,2,0.16,0.12,0,2.5,0.5,1,0,1.5,1.5,1,1,1,110.904859786501,2,0.16,0.12,0,0,2.49999997671694,2684354535,0.5,536870912,1,0,0,1.49999997671694,1610612711,1.49999997671694,1610612711,1,1,1,1073741824,110.904859542847,116292174,1.99999997671694,2147483623,0.160000030882657,171798725,0.119999998249114,128849017,0,0,2.50000381469727,655361,0.5,131072,1,0,0,1.50000381469727,393217,1.50000381469727,393217,1,1,1,262144,110.904861450195,7268261,2.00000381469727,524289,0.159999847412109,41943,0.119998931884766,31457
0.0459,1,110.904859786501,0,1,0,0,0,1,2,0,1,0.04,1.5,1,0,0,1,110.904859786501,2,0.16,0.12,1,2,0,1,0.04,1.5,1,0,0,1,110.904859786501,2,0.16,0.12,1,32768,1.99999997671694,2147483623,0,0,1,0.040000032633543,42949708,1.49999997671694,1610612711,0.999999976716936,1073741799,0,0,1,1073741824,110.904859542847,116292174,1.99999997671694,2147483623,0.160000030882657,171798725,0.119999998249114,128849017,1,32768,2.00000381469727,524289,0,0,1,0.0400009155273438,10486,1.50000381469727,393217,1.00000381469727,262145,0,0,1,262144,110.904861450195,7268261,2.00000381469727,524289,0.159999847412109,41943,0.119998931884766,31457
0.0469,1,110.904859786501,0,1,0,0,0,1,2.04,0.04,1,0.12,1,1.04,0,0,1,110.904859786501,2,0.16,0.08,1,2.04,0.04,1,0.12,1,1.04,0,0,1,110.904859786501,2,0.16,0.08,1,32768,2.04000000935048,2190433331,0.040000032633543,42949708,1,0.120000065304339,128849089,0.999999976716936,1073741799,1.04000000935048,1116691507,0,0,1,1073741824,110.904859542847,116292174,1.99999997671694,2147483623,0.160000030882657,171798725,0.0799999982118607,85899344,1,32768,2.04000473022461,534775,0.0400009155273438,10486,1,0.119998931884766,31457,1.00000381469727,262145,1.04000473022461,272631,0,0,1,262144,110.904861450195,7268261,2.00000381469727,524289,0.159999847412109,41943,0.0800018310546875,20972
0.0479,1,110.904859786501,0,1,0,0,0,1,2.12,0.12,1,0.1968,1.04,1.12,0,0,1,110.904859786501,2,0.16,0.0832,1,2.12,0.12,1,0.1968,1.04,1.12,0,0,1,110.904859786501,2,0.16,0.0832,1,32768,2.12000004202127,2276332712,0.120000065304339,128849089,1,0.196800095029175,211312493,1.04000000935048,1116691507,1.12000004202127,1202590888,0,0,1,1073741824,110.904859542847,116292174,1.99999997671694,2147483623,0.160000030882657,171798725,0.0832000011578202,89335321,1,32768,2.12000274658203,555746,0.119998931884766,31457,1,0.196800231933594,51590,1.04000473022461,272631,1.12000274658203,293602,0,0,1,262144,110.904861450195,7268261,2.00000381469727,524289,0.159999847412109,41943,0.0831985473632812,21810
0.0489,1,110.904859786501,0,1,0,0,0,1,2.1968,0.1968,1,0.2672,1.12,1.1968,0,0,1,110.904859786501,2,0.16,0.0896,1,2.1968,0.1968,1,0.2672,1.12,1.1968,0,0,1,110.904859786501,2,0.16,0.0896,1,32768,2.19680007174611,2358796116,0.196800095029175,211312493,1,0.267200122587383,286903947,1.12000004202127,1202590888,1.19680007174611,1285054292,0,0,1,1073741824,110.904859542847,116292174,1.99999997671694,2147483623,0.160000030882657,171798725,0.0896000033244491,96207271,1,32768,2.19680404663086,575879,0.196800231933594,51590,1,0.267200469970703,70045,1.12000274658203,293602,1.19680404663086,313735,0,0,1,262144,110.904861450195,7268261,2.00000381469727,524289,0.159999847412109,41943,0.089599609375,23488
0.0499,1,110.904859786501,0,1,0,0,0,1,2.2672,0.2672,1,0.331456,1.1968,1.2672,0,0,1,110.904859786501,2,0.16,0.095744,1,2.2672,0.2672,1,0.331456,1.1968,1.2672,0,0,1,110.904859786501,2,0.16,0.095744,1,32768,2.26720009930432,2434387570,0.267200122587383,286903947,1,0.331456148065627,355898329,1.19680007174611,1285054292,1.26720009930432,1360645746,0,0,1,1073741824,110.904859542847,116292174,1.99999997671694,2147483623,0.160000030882657,171798725,0.0957440054044127,102804343,1,32768,2.26720428466797,594334,0.267200469970703,70045,1,0.331455230712891,86889,1.19680404663086,313735,1.26720428466797,332190,0,0,1,262144,110.904861450195,7268261,2.00000381469727,524289,0.159999847412109,41943,0.0957450866699219,25099
0.0509,1,110.904859786501,0,0,0,0,0,0,2.331456,0.331456,1,0,1.2672,1.331456,1,1,1,110.904859786501,2,0.16,0.101376,0,2.331456,0.331456,1,0,1.2672,1.331456,1,1,1,110.904859786501,2,0.16,0.101376,0,0,2.33145612478256,2503381952,0.331456148065627,355898329,1,0,0,1.26720009930432,1360645746,1.33145612478256,1429640128,1,1,1,1073741824,110.904859542847,116292174,1.99999997671694,2147483623,0.160000030882657,171798725,0.101376008242369,108851660,0,0,2.33145904541016,611178,0.331455230712891,86889,1,0,0,1.26720428466797,332190,1.33145904541016,349034,1,1,1,262144,110.904861450195,7268261,2.00000381469727,524289,0.159999847412109,41943,0.101375579833984,26575
0.0519,1,110.904859786501,0,0,0,0,0,0,2,0,1,0,1.331456,1,1,1,1,110.904859786501,2,0.16,0.10651648,0,2,0,1,0,1.331456,1,1,1,1,110.904859786501,2,0.16,0.10651648,0,0,1.99999997671694,2147483623,0,0,1,0,0,1.33145612478256,1429640128,0.999999976716936,1073741799,1,1,1,1073741824,110.904859542847,116292174,1.99999997671694,2147483623,0.160000030882657,171798725,0.106516489759088,114371210,0,0,2.00000381469727,524289,0,0,1,0,0,1.33145904541016,349034,1.00000381469727,262145,1,1,1,262144,110.904861450195,7268261,2.00000381469727,524289,0.159999847412109,41943,0.106517791748047,27923
0.0529,1,110.904859786501,0,1,0,0,0,1,2,0,1,0.08,1,1,0,0,1,110.904859786501,2,0.16,0.08,1,2,0,1,0.08,1,1,0,0,1,110.904859786501,2,0.16,0.08,1,32768,1.99999997671694,2147483623,0,0,1,0.0800000326707959,85899381,0.999999976716936,1073741799,0.999999976716936,1073741799,0,0,1,1073741824,110.904859542847,116292174,1.99999997671694,2147483623,0.160000030882657,171798725,0.0799999982118607,85899344,1,32768,2.00000381469727,524289,0,0,1,0.0799980163574219,20971,1.00000381469727,262145,1.00000381469727,262145,0,0,1,262144,110.904861450195,7268261,2.00000381469727,524289,0.159999847412109,41943,0.0800018310546875,20972
0.0539,1,110.904859786501,0,1,0,0,0,1,2.08,0.08,1,0.16,1,1.08,0,0,1,110.904859786501,2,0.16,0.08,1,2.08,0.08,1,0.16,1,1.08,0,0,1,110.904859786501,2,0.16,0.08,1,32768,2.08000000938773,2233383004,0.0800000326707959,85899381,1,0.160000065341592,171798762,0.999999976716936,1073741799,1.08000000938773,1159641180,0,0,1,1073741824,110.904859542847,116292174,1.99999997671694,2147483623,0.160000030882657,171798725,0.0799999982118607,85899344,1,32768,2.08000183105469,545260,0.0799980163574219,20971,1,0.159996032714844,41942,1.00000381469727,262145,1.08000183105469,283116,0,0,1,262144,110.904861450195,7268261,2.00000381469727,524289,0.159999847412109,41943,0.0800018310546875,20972
0.0549,1,110.904859786501,0,1,0,0,0,1,2.16,0.16,1,0.2336,1.08,1.16,0,0,1,110.904859786501,2,0.16,0.0864,1,2.16,0.16,1,0.2336,1.08,1.16,0,0,1,110.904859786501,2,0.16,0.0864,1,32768,2.16000004205853,2319282385,0.160000065341592,171798762,1,0.233600095845759,250826193,1.08000000938773,1159641180,1.16000004205853,1245540561,0,0,1,1073741824,110.904859542847,116292174,1.99999997671694,2147483623,0.160000030882657,171798725,0.0864000003784895,92771294,1,32768,2.15999984741211,566231,0.159996032714844,41942,1,0.233596801757812,61236,1.08000183105469,283116,1.15999984741211,304087,0,0,1,262144,110.904861450195,7268261,2.00000381469727,524289,0.159999847412109,41943,0.0863990783691406,22649
0.0559,1,110.904859786501,0,1,0,0,0,1,2.2336,0.2336,1,0.3008,1.16,1.2336,0,0,1,110.904859786501,2,0.16,0.0928,1,2.2336,0.2336,1,0.3008,1.16,1.2336,0,0,1,110.904859786501,2,0.16,0.0928,1,32768,2.23360007256269,2398309816,0.233600095845759,250826193,1,0.300800123251975,322981673,1.16000004205853,1245540561,1.23360007256269,1324567992,0,0,1,1073741824,110.904859542847,116292174,1.99999997671694,2147483623,0.160000030882657,171798725,0.0928000034764409,99643245,1,32768,2.23360061645508,585525,0.233596801757812,61236,1,0.300796508789062,78852,1.15999984741211,304087,1.23360061645508,323381,0,0,1,262144,110.904861450195,7268261,2.00000381469727,524289,0.159999847412109,41943,0.0928001403808594,24327
0.0569,1,110.904859786501,0,1,0,0,0,1,2.3008,0.3008,1,0.362112,1.2336,1.3008,0,0,1,110.904859786501,2,0.16,0.098688,1,2.3008,0.3008,1,0.362112,1.2336,1.3008,0,0,1,110.904859786501,2,0.16,0.098688,1,32768,2.30080009996891,2470465296,0.300800123251975,322981673,1,0.362112148664892,388814959,1.23360007256269,1324567992,1.30080009996891,1396723472,0,0,1,1073741824,110.904859542847,116292174,1.99999997671694,2147483623,0.160000030882657,171798725,0.0986880054697394,105965439,1,32768,2.30080032348633,603141,0.300796508789062,78852,1,0.362110137939453,94925,1.23360061645508,323381,1.30080032348633,340997,0,0,1,262144,110.904861450195,7268261,2.00000381469727,524289,0.159999847412109,41943,0.0986862182617188,25870
0.0579,1,110.904859786501,0,1,0,0,0,1,2.362112,0.362112,1,0.418048,1.3008,1.362112,0,0,1,110.904859786501,2,0.16,0.104064,1,2.362112,0.362112,1,0.418048,1.3008,1.362112,0,0,1,110.904859786501,2,0.16,0.104064,1,32768,2.36211212538183,2536298582,0.362112148664892,388814959,1,0.418048171326518,448875806,1.30080009996891,1396723472,1.36211212538183,1462556758,0,0,1,1073741824,110.904859542847,116292174,1.99999997671694,2147483623,0.160000030882657,171798725,0.10406400822103,111737878,1,32768,2.36211395263672,619214,0.362110137939453,94925,1,0.418045043945312,109588,1.30080032348633,340997,1.36211395263672,357070,0,0,1,262144,110.904861450195,7268261,2.00000381469727,524289,0.159999847412109,41943,0.10406494140625,27280
0.0589,1,110.904859786501,0,1,0,0,0,1,2.418048,0.418048,1,0.46907904,1.362112,1.418048,0,0,1,110.904859786501,2,0.16,0.10896896,1,2.418048,0.418048,1,0.46907904,1.362112,1.418048,0,0,1,110.904859786501,2,0.16,0.10896896,1,32768,2.41804814804345,2596359429,0.418048171326518,448875806,1,0.469079231843352,503669990,1.36211212538183,1462556758,1.41804814804345,1522617605,0,0,1,1073741824,110.904859542847,116292174,1.99999997671694,2147483623,0.160000030882657,171798725,0.108968970365822,117004541,1,32768,2.41804885864258,633877,0.418045043945312,109588,1,0.469074249267578,122965,1.36211395263672,357070,1.41804885864258,371733,0,0,1,262144,110.904861450195,7268261,2.00000381469727,524289,0.159999847412109,41943,0.108970642089844,28566
0.0599,1,110.904859786501,0,1,0,0,0,1,2.46907904,0.46907904,1,0.5,1.418048,1.46907904,0,0,1,110.904859786501,2,0.16,0.11344384,1,2.46907904,0.46907904,1,0.5,1.418048,1.46907904,0,0,1,110.904859786501,2,0.16,0.11344384,1,32768,2.46907920856029,2651153613,0.469079231843352,503669990,1,0.5,536870912,1.41804814804345,1522617605,1.46907920856029,1577411789,0,0,1,1073741824,110.904859542847,116292174,1.99999997671694,2147483623,0.160000030882657,171798725,0.11344385240227,121809409,1,32768,2.46907806396484,647254,0.469074249267578,122965,1,0.5,131072,1.41804885864258,371733,1.46907806396484,385110,0,0,1,262144,110.904861450195,7268261,2.00000381469727,524289,0.159999847412109,41943,0.113445281982422,29739
0.0609,1,110.904859786501,0,1,0,0,0,1,2.5,0.5,1,0.5,1.46907904,1.5,0,0,1,110.904859786501,2,0.16,0.1175263232,1,2.5,0.5,1,0.5,1.46907904,1.5,0,0,1,110.904859786501,2,0.16,0.1175263232,1,32768,2.49999997671694,2684354535,0.5,536870912,1,0.5,536870912,1.46907920856029,1577411789,1.49999997671694,1610612711,0,0,1,1073741824,110.904859542847,116292174,1.99999997671694,2147483623,0.160000030882657,171798725,0.117526336573064,126192943,1,32768,2.50000381469727,655361,0.5,131072,1,0.5,131072,1.46907806396484,385110,1.50000381469727,393217,0,0,1,262144,110.904861450195,7268261,2.00000381469727,524289,0.159999847412109,41943,0.117527008056641,30809
0.0619,1,110.904859786501,0,1,0,0,0,1,2.5,0.5,1,0.5,1.5,1.5,0,0,1,110.904859786501,2,0.16,0.12,1,2.5,0.5,1,0.5,1.5,1.5,0,0,1,110.904859786501,2,0.16,0.12,1,32768,2.49999997671694,2684354535,0.5,536870912,1,0.5,536870912,1.49999997671694,1610612711,1.49999997671694,1610612711,0,0,1,1073741824,110.904859542847,116292174,1.99999997671694,2147483623,0.160000030882657,171798725,0.119999998249114,128849017,1,32768,2.50000381469727,655361,0.5,131072,1,0.5,131072,1.50000381469727,393217,1.50000381469727,393217,0,0,1,262144,110.904861450195,7268261,2.00000381469727,524289,0.159999847412109,41943,0.119998931884766,31457
0.0629,1,110.904859786501,0,1,0,0,0,1,2.5,0.5,1,0.5,1.5,1.5,0,0,1,110.904859786501,2,0.16,0.12,1,2.5,0.5,1,0.5,1.5,1.5,0,0,1,110.904859786501,2,0.16,0.12,1,32768,2.49999997671694,2684354535,0.5,536870912,1,0.5,536870912,1.49999997671694,1610612711,1.49999997671694,1610612711,0,0,1,1073741824,110.904859542847,116292174,1.99999997671694,2147483623,0.160000030882657,171798725,0.119999998249114,128849017,1,32768,2.50000381469727,655361,0.5,131072,1,0.5,131072,1.50000381469727,393217,1.50000381469727,393217,0,0,1,262144,110.904861450195,7268261,2.00000381469727,524289,0.159999847412109,41943,0.119998931884766,31457
0.0639,1,110.904859786501,0,1,0,0,0,1,2.5,0.5,1,0.5,1.5,1.5,0,0,1,110.904859786501,2,0.16,0.12,1,2.5,0.5,1,0.5,1.5,1.5,0,0,1,110.904859786501,2,0.16,0.12,1,32768,2.49999997671694,2684354535,0.5,536870912,1,0.5,536870912,1.49999997671694,1610612711,1.49999997671694,1610612711,0,0,1,1073741824,110.904859542847,116292174,1.99999997671694,2147483623,0.160000030882657,171798725,0.119999998249114,128849017,1,32768,2.50000381469727,655361,0.5,131072,1,0.5,131072,1.50000381469727,393217,1.50000381469727,393217,0,0,1,262144,110.904861450195,7268261,2.00000381469727,524289,0.159999847412109,41943,0.119998931884766,31457
0.0649,1,110.904859786501,0,1,0,0,0,1,2.5,0.5,1,0.5,1.5,1.5,0,0,1,110.904859786501,2,0.16,0.12,1,2.5,0.5,1,0.5,1.5,1.5,0,0,1,110.904859786501,2,0.16,0.12,1,32768,2.49999997671694,2684354535,0.5,536870912,1,0.5,536870912,1.49999997671694,1610612711,1.49999997671694,1610612711,0,0,1,1073741824,110.904859542847,116292174,1.99999997671694,2147483623,0.160000030882657,171798725,0.119999998249114,128849017,1,32768,2.50000381469727,655361,0.5,131072,1,0.5,131072,1.50000381469727,393217,1.50000381469727,393217,0,0,1,262144,110.904861450195,7268261,2.00000381469727,524289,0.159999847412109,41943,0.119998931884766,31457
0.0659,1,110.904859786501,0,1,0,0,0,1,2.5,0.5,1,0.5,1.5,1.5,0,0,1,110.904859786501,2,0.16,0.12,1,2.5,0.5,1,0.5,1.5,1.5,0,0,1,110.904859786501,2,0.16,0.12,1,32768,2.49999997671694,2684354535,0.5,536870912,1,0.5,536870912,1.49999997671694,1610612711,1.49999997671694,1610612711,0,0,1,1073741824,110.904859542847,116292174,1.99999997671694,2147483623,0.160000030882657,171798725,0.119999998249114,128849017,1,32768,2.50000381469727,655361,0.5,131072,1,0.5,131072,1.50000381469727,393217,1.50000381469727,393217,0,0,1,262144,110.904861450195,7268261,2.00000381469727,524289,0.159999847412109,41943,0.119998931884766,31457
0.0669,1,110.904859786501,0,1,0,0,0,1,2.5,0.5,1,0.5,1.5,1.5,0,0,1,110.904859786501,2,0.16,0.12,1,2.5,0.5,1,0.5,1.5,1.5,0,0,1,110.904859786501,2,0.16,0.12,1,32768,2.49999997671694,2684354535,0.5,536870912,1,0.5,536870912,1.49999997671694,1610612711,1.49999997671694,1610612711,0,0,1,1073741824,110.904859542847,116292174,1.99999997671694,2147483623,0.160000030882657,171798725,0.119999998249114,128849017,1,32768,2.50000381469727,655361,0.5,131072,1,0.5,131072,1.50000381469727,393217,1.50000381469727,393217,0,0,1,262144,110.904861450195,7268261,2.00000381469727,524289,0.159999847412109,41943,0.119998931884766,31457
0.0679,1,110.904859786501,0,1,0,0,0,1,2.5,0.5,1,0.5,1.5,1.5,0,0,1,110.904859786501,2,0.16,0.12,1,2.5,0.5,1,0.5,1.5,1.5,0,0,1,110.904859786501,2,0.16,0.12,1,32768,2.49999997671694,2684354535,0.5,536870912,1,0.5,536870912,1.49999997671694,1610612711,1.49999997671694,1610612711,0,0,1,1073741824,110.904859542847,116292174,1.99999997671694,2147483623,0.160000030882657,171798725,0.119999998249114,128849017,1,32768,2.50000381469727,655361,0.5,131072,1,0.5,131072,1.50000381469727,393217,1.50000381469727,393217,0,0,1,262144,110.904861450195,7268261,2.00000381469727,524289,0.159999847412109,41943,0.119998931884766,31457
0.0689,1,0,0,1,0,0,0,0.5,0.5,0.5,0,0.38,1.5,0,0,0,0.5,0,0,0,0.12,0.5,0.5,0.5,0,0.38,1.5,0,0,0,0.5,0,0,0,0.12,0.5,16384,0.5,536870912,0.5,536870912,0,0.380000001750886,408021895,1.49999997671694,1610612711,0,0,0,0,0.5,536870912,0,0,0,0,0,0,0.119999998249114,128849017,0.5,16384,0.5,131072,0.5,131072,0,0.380001068115234,99615,1.50000381469727,393217,0,0,0,0,0.5,131072,0,0,0,0,0,0,0.119998931884766,31457
0.0699,1,0,0,1,0,0,0,0.38,0.38,0.38,0,0.38,0,0,0,0,0.38,0,0,0,0,0.38,0.38,0.38,0,0.38,0,0,0,0,0.38,0,0,0,0,0.3800048828125,12452,0.380000001750886,408021895,0.380000001750886,408021895,0,0.380000001750886,408021895,0,0,0,0,0,0,0.380000001750886,408021895,0,0,0,0,0,0,0,0,0.3800048828125,12452,0.380001068115234,99615,0.380001068115234,99615,0,0.380001068115234,99615,0,0,0,0,0,0,0.380001068115234,99615,0,0,0,0,0,0,0,0
0.0709,1,0,0,1,0,0,0,0.38,0.38,0.38,0,0.38,0,0,0,0,0.38,0,0,0,0,0.38,0.38,0.38,0,0.38,0,0,0,0,0.38,0,0,0,0,0.3800048828125,12452,0.380000001750886,408021895,0.380000001750886,408021895,0,0.380000001750886,408021895,0,0,0,0,0,0,0.380000001750886,408021895,0,0,0,0,0,0,0,0,0.3800048828125,12452,0.380001068115234,99615,0.380001068115234,99615,0,0.380001068115234,99615,0,0,0,0,0,0,0.380001068115234,99615,0,0,0,0,0,0,0,0
0.0719,1,0,0,1,0,0,0,0.38,0.38,0.38,0,0.38,0,0,0,0,0.38,0,0,0,0,0.38,0.38,0.38,0,0.38,0,0,0,0,0.38,0,0,0,0,0.3800048828125,12452,0.380000001750886,408021895,0.380000001750886,408021895,0,0.380000001750886,408021895,0,0,0,0,0,0,0.380000001750886,408021895,0,0,0,0,0,0,0,0,0.3800048828125,12452,0.380001068115234,99615,0.380001068115234,99615,0,0.380001068115234,99615,0,0,0,0,0,0,0.380001068115234,99615,0,0,0,0,0,0,0,0
0.0729,1,0,0,1,0,0,0,0.38,0.38,0.38,0,0.38,0,0,0,0,0.38,0,0,0,0,0.38,0.38,0.38,0,0.38,0,0,0,0,0.38,0,0,0,0,0.3800048828125,12452,0.380000001750886,408021895,0.380000001750886,408021895,0,0.380000001750886,408021895,0,0,0,0,0,0,0.380000001750886,408021895,0,0,0,0,0,0,0,0,0.3800048828125,12452,0.380001068115234,99615,0.380001068115234,99615,0,0.380001068115234,99615,0,0,0,0,0,0,0.380001068115234,99615,0,0,0,0,0,0,0,0
0.0739,1,0,0,1,0,0,0,0.38,0.38,0.38,0,0.38,0,0,0,0,0.38,0,0,0,0,0.38,0.38,0.38,0,0.38,0,0,0,0,0.38,0,0,0,0,0.3800048828125,12452,0.380000001750886,408021895,0.380000001750886,408021895,0,0.380000001750886,408021895,0,0,0,0,0,0,0.380000001750886,408021895,0,0,0,0,0,0,0,0,0.3800048828125,12452,0.380001068115234,99615,0.380001068115234,99615,0,0.380001068115234,99615,0,0,0,0,0,0,0.380001068115234,99615,0,0,0,0,0,0,0,0
0.0749,1,0,0,1,0,0,0,0.38,0.38,0.38,0,0.38,0,0,0,0,0.38,0,0,0,0,0.38,0.38,0.38,0,0.38,0,0,0,0,0.38,0,0,0,0,0.3800048828125,12452,0.380000001750886,408021895,0.380000001750886,408021895,0,0.380000001750886,408021895,0,0,0,0,0,0,0.380000001750886,408021895,0,0,0,0,0,0,0,0,0.3800048828125,12452,0.380001068115234,99615,0.380001068115234,99615,0,0.380001068115234,99615,0,0,0,0,0,0,0.380001068115234,99615,0,0,0,0,0,0,0,0
0.0759,1,0,0,1,0,0,0,0.38,0.38,0.38,0,0.38,0,0,0,0,0.38,0,0,0,0,0.38,0.38,0.38,0,0.38,0,0,0,0,0.38,0,0,0,0,0.3800048828125,12452,0.380000001750886,408021895,0.380000001750886,408021895,0,0.380000001750886,408021895,0,0,0,0,0,0,0.380000001750886,408021895,0,0,0,0,0,0,0,0,0.3800048828125,12452,0.380001068115234,99615,0.380001068115234,99615,0,0.380001068115234,99615,0,0,0,0,0,0,0.380001068115234,99615,0,0,0,0,0,0,0,0
0.0769,1,0,0,1,0,0,0,0.38,0.38,0.38,0,0.38,0,0,0,0,0.38,0,0,0,0,0.38,0.38,0.38,0,0.38,0,0,0,0,0.38,0,0,0,0,0.3800048828125,12452,0.380000001750886,408021895,0.380000001750886,408021895,0,0.380000001750886,408021895,0,0,0,0,0,0,0.380000001750886,408021895,0,0,0,0,0,0,0,0,0.3800048828125,12452,0.380001068115234,99615,0.380001068115234,99615,0,0.380001068115234,99615,0,0,0,0,0,0,0.380001068115234,99615,0,0,0,0,0,0,0,0
0.0779,1,0,0,1,0,0,0,0.38,0.38,0.38,0,0.38,0,0,0,0,0.38,0,0,0,0,0.38,0.38,0.38,0,0.38,0,0,0,0,0.38,0,0,0,0,0.3800048828125,12452,0.380000001750886,408021895,0.380000001750886,408021895,0,0.380000001750886,408021895,0,0,0,0,0,0,0.380000001750886,408021895,0,0,0,0,0,0,0,0,0.3800048828125,12452,0.380001068115234,99615,0.380001068115234,99615,0,0.380001068115234,99615,0,0,0,0,0,0,0.380001068115234,99615,0,0,0,0,0,0,0,0
0.0789,1,-110.904859786501,0,1,0,0,0,-1,-1.62,0.38,1,0.22,0,-0.62,0,0,-1,-110.904859786501,-2,-0.16,0,-1,-1.62,0.38,1,0.22,0,-0.62,0,0,-1,-110.904859786501,-2,-0.16,0,-1,-32768,-1.61999997496605,-1739461728,0.380000001750886,408021895,1,0.21999997086823,236223170,0,0,-0.619999974966049,-665719904,0,0,-1,-1073741824,-110.904859542847,-116292174,-1.99999997671694,-2147483623,-0.160000030882657,-171798725,0,0,-1,-32768,-1.62000274658203,-424674,0.380001068115234,99615,1,0.220001220703125,57672,0,0,-0.620002746582031,-162530,0,0,-1,-262144,-110.904861450195,-7268261,-2.00000381469727,-524289,-0.159999847412109,-41943,0,0
0.0799,1,-110.904859786501,0,1,0,0,0,-1,-1.78,0.22,1,0.1096,-0.62,-0.78,0,0,-1,-110.904859786501,-2,-0.16,-0.0496,-1,-1.78,0.22,1,0.1096,-0.62,-0.78,0,0,-1,-110.904859786501,-2,-0.16,-0.0496,-1,-32768,-1.78000000584871,-1911260453,0.21999997086823,236223170,1,0.109599937684834,117682037,-0.619999974966049,-665719904,-0.780000005848706,-837518629,0,0,-1,-1073741824,-110.904859542847,-116292174,-1.99999997671694,-2147483623,-0.160000030882657,-171798725,-0.0495999976992607,-53257592,-1,-32768,-1.78000259399414,-466617,0.220001220703125,57672,1,0.109600067138672,28731,-0.620002746582031,-162530,-0.780002593994141,-204473,0,0,-1,-262144,-110.904861450195,-7268261,-2.00000381469727,-524289,-0.159999847412109,-41943,-0.0495986938476562,-13002
0.0809,1,-110.904859786501,0,1,0,0,0,-1,-1.8904,0.1096,1,0.012,-0.78,-0.8904,0,0,-1,-110.904859786501,-2,-0.16,-0.0624,-1,-1.8904,0.1096,1,0.012,-0.78,-0.8904,0,0,-1,-110.904859786501,-2,-0.16,-0.0624,-1,-32768,-1.8904000390321,-2029801586,0.109599937684834,117682037,1,0.0119999069720507,12884802,-0.780000005848706,-837518629,-0.890400039032102,-956059762,0,0,-1,-1073741824,-110.904859542847,-116292174,-1.99999997671694,-2147483623,-0.160000030882657,-171798725,-0.0624000001698732,-67001490,-1,-32768,-1.89040374755859,-495558,0.109600067138672,28731,1,0.0120010375976562,3146,-0.780002593994141,-204473,-0.890403747558594,-233414,0,0,-1,-262144,-110.904861450195,-7268261,-2.00000381469727,-524289,-0.159999847412109,-41943,-0.0624008178710938,-16358
0.0819,1,-110.904859786501,0,1,0,0,0,-1,-1.988,0.012,1,-0.076768,-0.8904,-0.988,0,0,-1,-110.904859786501,-2,-0.16,-0.071232,-1,-1.988,0.012,1,-0.076768,-0.8904,-0.988,0,0,-1,-110.904859786501,-2,-0.16,-0.071232,-1,-32768,-1.98800006974488,-2134598821,0.0119999069720507,12884802,1,-0.0767681207507849,-82429142,-0.890400039032102,-956059762,-0.988000069744885,-1060856997,0,0,-1,-1073741824,-110.904859542847,-116292174,-1.99999997671694,-2147483623,-0.160000030882657,-171798725,-0.071232003159821,-76484781,-1,-32768,-1.98800277709961,-521143,0.0120010375976562,3146,1,-0.0767669677734375,-20124,-0.890403747558594,-233414,-0.988002777099609,-258999,0,0,-1,-262144,-110.904861450195,-7268261,-2.00000381469727,-524289,-0.159999847412109,-41943,-0.0712318420410156,-18673
0.0829,1,-110.904859786501,0,1,0,0,0,-1,-2.076768,-0.076768,1,-0.157728,-0.988,-1.076768,0,0,-1,-110.904859786501,-2,-0.16,-0.07904,-1,-2.076768,-0.076768,1,-0.157728,-0.988,-1.076768,0,0,-1,-110.904859786501,-2,-0.16,-0.07904,-1,-32768,-2.07676809746772,-2229912765,-0.0767681207507849,-82429142,1,-0.157728145830333,-169359307,-0.988000069744885,-1060856997,-1.07676809746772,-1156170941,0,0,-1,-1073741824,-110.904859542847,-116292174,-1.99999997671694,-2147483623,-0.160000030882657,-171798725,-0.0790400058031082,-84868560,-1,-32768,-2.0767707824707,-544413,-0.0767669677734375,-20124,1,-0.157726287841797,-41347,-0.988002777099609,-258999,-1.0767707824707,-282269,0,0,-1,-262144,-110.904861450195,-7268261,-2.00000381469727,-524289,-0.159999847412109,-41943,-0.07904052734375,-20720
0.0839,1,-110.904859786501,0,1,0,0,0,-1,-2.157728,-0.157728,1,-0.23158656,-1.076768,-1.157728,0,0,-1,-110.904859786501,-2,-0.16,-0.08614144,-1,-2.157728,-0.157728,1,-0.23158656,-1.076768,-1.157728,0,0,-1,-110.904859786501,-2,-0.16,-0.08614144,-1,-32768,-2.15772812254727,-2316842930,-0.157728145830333,-169359307,1,-0.231586729176342,-248664357,-1.07676809746772,-1156170941,-1.15772812254727,-1243101106,0,0,-1,-1073741824,-110.904859542847,-116292174,-1.99999997671694,-2147483623,-0.160000030882657,-171798725,-0.0861414475366473,-92493675,-1,-32768,-2.15773010253906,-565636,-0.157726287841797,-41347,1,-0.231586456298828,-60709,-1.0767707824707,-282269,-1.15773010253906,-303492,0,0,-1,-262144,-110.904861450195,-7268261,-2.00000381469727,-524289,-0.159999847412109,-41943,-0.0861396789550781,-22581
0.0849,1,-110.904859786501,0,1,0,0,0,-1,-2.23158656,-0.23158656,1,-0.29896832,-1.157728,-1.23158656,0,0,-1,-110.904859786501,-2,-0.16,-0.09261824,-1,-2.23158656,-0.23158656,1,-0.29896832,-1.157728,-1.23158656,0,0,-1,-110.904859786501,-2,-0.16,-0.09261824,-1,-32768,-2.23158670589328,-2396147980,-0.231586729176342,-248664357,1,-0.29896850977093,-321014993,-1.15772812254727,-1243101106,-1.23158670589328,-1322406156,0,0,-1,-1073741824,-110.904859542847,-116292174,-1.99999997671694,-2147483623,-0.160000030882657,-171798725,-0.0926182502880692,-99448089,-1,-32768,-2.23159027099609,-584998,-0.231586456298828,-60709,1,-0.298969268798828,-78373,-1.15773010253906,-303492,-1.23159027099609,-322854,0,0,-1,-262144,-110.904861450195,-7268261,-2.00000381469727,-524289,-0.159999847412109,-41943,-0.0926170349121094,-24279
0.0859,1,-110.904859786501,0,1,0,0,0,-1,-2.29896832,-0.29896832,1,-0.3604413952,-1.23158656,-1.29896832,0,0,-1,-110.904859786501,-2,-0.16,-0.0985269248,-1,-2.29896832,-0.29896832,1,-0.3604413952,-1.23158656,-1.29896832,0,0,-1,-110.904859786501,-2,-0.16,-0.0985269248,-1,-32768,-2.29896848648787,-2468498616,-0.29896850977093,-321014993,1,-0.360441603697836,-387021225,-1.23158670589328,-1322406156,-1.29896848648787,-1394756792,0,0,-1,-1073741824,-110.904859542847,-116292174,-1.99999997671694,-2147483623,-0.160000030882657,-171798725,-0.09852693695575,-105792493,-1,-32768,-2.29897308349609,-602662,-0.298969268798828,-78373,1,-0.360443115234375,-94488,-1.23159027099609,-322854,-1.29897308349609,-340518,0,0,-1,-262144,-110.904861450195,-7268261,-2.00000381469727,-524289,-0.159999847412109,-41943,-0.0985260009765625,-25828
0.0869,1,-110.904859786501,0,1,0,0,0,-1,-2.3604413952,-0.3604413952,1,-0.4165239296,-1.29896832,-1.3604413952,0,0,-1,-110.904859786501,-2,-0.16,-0.1039174656,-1,-2.3604413952,-0.3604413952,1,-0.4165239296,-1.29896832,-1.3604413952,0,0,-1,-110.904859786501,-2,-0.16,-0.1039174656,-1,-32768,-2.36044158041477,-2534504848,-0.360441603697836,-387021225,1,-0.41652415599674,-447239407,-1.29896848648787,-1394756792,-1.36044158041477,-1460763024,0,0,-1,-1073741824,-110.904859542847,-116292174,-1.99999997671694,-2147483623,-0.160000030882657,-171798725,-0.103917478583753,-111580543,-1,-32768,-2.36044692993164,-618777,-0.360443115234375,-94488,1,-0.416526794433594,-109190,-1.29897308349609,-340518,-1.36044692993164,-356633,0,0,-1,-262144,-110.904861450195,-7268261,-2.00000381469727,-524289,-0.159999847412109,-41943,-0.103916168212891,-27241
0.0879,1,-110.904859786501,0,1,0,0,0,-1,-2.4165239296,-0.4165239296,1,-0.467688617984,-1.3604413952,-1.4165239296,0,0,-1,-110.904859786501,-2,-0.16,-0.108835311616,-1,-2.4165239296,-0.4165239296,1,-0.467688617984,-1.3604413952,-1.4165239296,0,0,-1,-110.904859786501,-2,-0.16,-0.108835311616,-1,-32768,-2.41652413271368,-2594723030,-0.41652415599674,-447239407,1,-0.467688860371709,-502177090,-1.36044158041477,-1460763024,-1.41652413271368,-1520981206,0,0,-1,-1073741824,-110.904859542847,-116292174,-1.99999997671694,-2147483623,-0.160000030882657,-171798725,-0.108835326507688,-116861042,-1,-32768,-2.41653060913086,-633479,-0.416526794433594,-109190,1,-0.467689514160156,-122602,-1.36044692993164,-356633,-1.41653060913086,-371335,0,0,-1,-262144,-110.904861450195,-7268261,-2.00000381469727,-524289,-0.159999847412109,-41943,-0.108837127685547,-28531
0.0889,1,-110.904859786501,0,1,0,0,0,-1,-2.467688617984,-0.467688617984,1,-0.5,-1.4165239296,-1.467688617984,0,0,-1,-110.904859786501,-2,-0.16,-0.113321914368,-1,-2.467688617984,-0.467688617984,1,-0.5,-1.4165239296,-1.467688617984,0,0,-1,-110.904859786501,-2,-0.16,-0.113321914368,-1,-32768,-2.46768883708864,-2649660713,-0.467688860371709,-502177090,1,-0.5,-536870912,-1.41652413271368,-1520981206,-1.46768883708864,-1575918889,0,0,-1,-1073741824,-110.904859542847,-116292174,-1.99999997671694,-2147483623,-0.160000030882657,-171798725,-0.113321931101382,-121678497,-1,-32768,-2.46769332885742,-646891,-0.467689514160156,-122602,1,-0.5,-131072,-1.41653060913086,-371335,-1.46769332885742,-384747,0,0,-1,-262144,-110.904861450195,-7268261,-2.00000381469727,-524289,-0.159999847412109,-41943,-0.113323211669922,-29707
0.0899,1,-110.904859786501,0,1,0,0,0,-1,-2.5,-0.5,1,-0.5,-1.467688617984,-1.5,0,0,-1,-110.904859786501,-2,-0.16,-0.11741508943872,-1,-2.5,-0.5,1,-0.5,-1.467688617984,-1.5,0,0,-1,-110.904859786501,-2,-0.16,-0.11741508943872,-1,-32768,-2.49999997671694,-2684354535,-0.5,-536870912,1,-0.5,-536870912,-1.46768883708864,-1575918889,-1.49999997671694,-1610612711,0,0,-1,-1073741824,-110.904859542847,-116292174,-1.99999997671694,-2147483623,-0.160000030882657,-171798725,-0.117415106855333,-126073511,-1,-32768,-2.50000381469727,-655361,-0.5,-131072,1,-0.5,-131072,-1.46769332885742,-384747,-1.50000381469727,-393217,0,0,-1,-262144,-110.904861450195,-7268261,-2.00000381469727,-524289,-0.159999847412109,-41943,-0.117416381835938,-30780
0.0909,1,-110.904859786501,0,1,0,0,0,-1,-2.5,-0.5,1,-0.5,-1.5,-1.5,0,0,-1,-110.904859786501,-2,-0.16,-0.12,-1,-2.5,-0.5,1,-0.5,-1.5,-1.5,0,0,-1,-110.904859786501,-2,-0.16,-0.12,-1,-32768,-2.49999997671694,-2684354535,-0.5,-536870912,1,-0.5,-536870912,-1.49999997671694,-1610612711,-1.49999997671694,-1610612711,0,0,-1,-1073741824,-110.904859542847,-116292174,-1.99999997671694,-2147483623,-0.160000030882657,-171798725,-0.119999998249114,-128849017,-1,-32768,-2.50000381469727,-655361,-0.5,-131072,1,-0.5,-131072,-1.50000381469727,-393217,-1.50000381469727,-393217,0,0,-1,-262144,-110.904861450195,-7268261,-2.00000381469727,-524289,-0.159999847412109,-41943,-0.119998931884766,-31457
0.0919,1,-110.904859786501,0,1,0,0,0,-1,-2.5,-0.5,1,-0.5,-1.5,-1.5,0,0,-1,-110.904859786501,-2,-0.16,-0.12,-1,-2.5,-0.5,1,-0.5,-1.5,-1.5,0,0,-1,-110.904859786501,-2,-0.16,-0.12,-1,-32768,-2.49999997671694,-2684354535,-0.5,-536870912,1,-0.5,-536870912,-1.49999997671694,-1610612711,-1.49999997671694,-1610612711,0,0,-1,-1073741824,-110.904859542847,-116292174,-1.99999997671694,-2147483623,-0.160000030882657,-171798725,-0.119999998249114,-128849017,-1,-32768,-2.50000381469727,-655361,-0.5,-131072,1,-0.5,-131072,-1.50000381469727,-393217,-1.50000381469727,-393217,0,0,-1,-262144,-110.904861450195,-7268261,-2.00000381469727,-524289,-0.159999847412109,-41943,-0.119998931884766,-31457
0.0929,1,-110.904859786501,0,1,0,0,0,-1,-2.5,-0.5,1,-0.5,-1.5,-1.5,0,0,-1,-110.904859786501,-2,-0.16,-0.12,-1,-2.5,-0.5,1,-0.5,-1.5,-1.5,0,0,-1,-110.904859786501,-2,-0.16,-0.12,-1,-32768,-2.49999997671694,-2684354535,-0.5,-536870912,1,-0.5,-536870912,-1.49999997671694,-1610612711,-1.49999997671694,-1610612711,0,0,-1,-1073741824,-110.904859542847,-116292174,-1.99999997671694,-2147483623,-0.160000030882657,-171798725,-0.119999998249114,-128849017,-1,-32768,-2.50000381469727,-655361,-0.5,-131072,1,-0.5,-131072,-1.50000381469727,-393217,-1.50000381469727,-393217,0,0,-1,-262144,-110.904861450195,-7268261,-2.00000381469727,-524289,-0.159999847412109,-41943,-0.119998931884766,-31457
0.0939,1,-110.904859786501,0,1,0,0,0,-1,-2.5,-0.5,1,-0.5,-1.5,-1.5,0,0,-1,-110.904859786501,-2,-0.16,-0.12,-1,-2.5,-0.5,1,-0.5,-1.5,-1.5,0,0,-1,-110.904859786501,-2,-0.16,-0.12,-1,-32768,-2.49999997671694,-2684354535,-0.5,-536870912,1,-0.5,-536870912,-1.49999997671694,-1610612711,-1.49999997671694,-1610612711,0,0,-1,-1073741824,-110.904859542847,-116292174,-1.99999997671694,-2147483623,-0.160000030882657,-171798725,-0.119999998249114,-128849017,-1,-32768,-2.50000381469727,-655361,-0.5,-131072,1,-0.5,-131072,-1.50000381469727,-393217,-1.50000381469727,-393217,0,0,-1,-262144,-110.904861450195,-7268261,-2.00000381469727,-524289,-0.159999847412109,-41943,-0.119998931884766,-31457
0.0949,1,-110.904859786501,0,1,0,0,0,-1,-2.5,-0.5,1,-0.5,-1.5,-1.5,0,0,-1,-110.904859786501,-2,-0.16,-0.12,-1,-2.5,-0.5,1,-0.5,-1.5,-1.5,0,0,-1,-110.904859786501,-2,-0.16,-0.12,-1,-32768,-2.49999997671694,-2684354535,-0.5,-536870912,1,-0.5,-536870912,-1.49999997671694,-1610612711,-1.49999997671694,-1610612711,0,0,-1,-1073741824,-110.904859542847,-116292174,-1.99999997671694,-2147483623,-0.160000030882657,-171798725,-0.119999998249114,-128849017,-1,-32768,-2.50000381469727,-655361,-0.5,-131072,1,-0.5,-131072,-1.50000381469727,-393217,-1.50000381469727,-393217,0,0,-1,-262144,-110.904861450195,-7268261,-2.00000381469727,-524289,-0.159999847412109,-41943,-0.119998931884766,-31457
0.0959,1,-110.904859786501,0,1,0,0,0,-1,-2.5,-0.5,1,-0.5,-1.5,-1.5,0,0,-1,-110.904859786501,-2,-0.16,-0.12,-1,-2.5,-0.5,1,-0.5,-1.5,-1.5,0,0,-1,-110.904859786501,-2,-0.16,-0.12,-1,-32768,-2.49999997671694,-2684354535,-0.5,-536870912,1,-0.5,-536870912,-1.49999997671694,-1610612711,-1.49999997671694,-1610612711,0,0,-1,-1073741824,-110.904859542847,-116292174,-1.99999997671694,-2147483623,-0.160000030882657,-171798725,-0.119999998249114,-128849017,-1,-32768,-2.50000381469727,-655361,-0.5,-131072,1,-0.5,-131072,-1.50000381469727,-393217,-1.50000381469727,-393217,0,0,-1,-262144,-110.904861450195,-7268261,-2.00000381469727,-524289,-0.159999847412109,-41943,-0.119998931884766,-31457
0.0969,1,-110.904859786501,0,1,0,0,0,-1,-2.5,-0.5,1,-0.5,-1.5,-1.5,0,0,-1,-110.904859786501,-2,-0.16,-0.12,-1,-2.5,-0.5,1,-0.5,-1.5,-1.5,0,0,-1,-110.904859786501,-2,-0.16,-0.12,-1,-32768,-2.49999997671694,-2684354535,-0.5,-536870912,1,-0.5,-536870912,-1.49999997671694,-1610612711,-1.49999997671694,-1610612711,0,0,-1,-1073741824,-110.904859542847,-116292174,-1.99999997671694,-2147483623,-0.160000030882657,-171798725,-0.119999998249114,-128849017,-1,-32768,-2.50000381469727,-655361,-0.5,-131072,1,-0.5,-131072,-1.50000381469727,-393217,-1.50000381469727,-393217,0,0,-1,-262144,-110.904861450195,-7268261,-2.00000381469727,-524289,-0.159999847412109,-41943,-0.119998931884766,-31457
0.0979,1,-110.904859786501,0,1,0,0,0,-1,-2.5,-0.5,1,-0.5,-1.5,-1.5,0,0,-1,-110.904859786501,-2,-0.16,-0.12,-1,-2.5,-0.5,1,-0.5,-1.5,-1.5,0,0,-1,-110.904859786501,-2,-0.16,-0.12,-1,-32768,-2.49999997671694,-2684354535,-0.5,-536870912,1,-0.5,-536870912,-1.49999997671694,-1610612711,-1.49999997671694,-1610612711,0,0,-1,-1073741824,-110.904859542847,-116292174,-1.99999997671694,-2147483623,-0.160000030882657,-171798725,-0.119999998249114,-128849017,-1,-32768,-2.50000381469727,-655361,-0.5,-131072,1,-0.5,-131072,-1.50000381469727,-393217,-1.50000381469727,-393217,0,0,-1,-262144,-110.904861450195,-7268261,-2.00000381469727,-524289,-0.159999847412109,-41943,-0.119998931884766,-31457
0.0989,1,-110.904859786501,0,1,0,0,0,-1,-2.5,-0.5,1,-0.5,-1.5,-1.5,0,0,-1,-110.904859786501,-2,-0.16,-0.12,-1,-2.5,-0.5,1,-0.5,-1.5,-1.5,0,0,-1,-110.904859786501,-2,-0.16,-0.12,-1,-32768,-2.49999997671694,-2684354535,-0.5,-536870912,1,-0.5,-536870912,-1.49999997671694,-1610612711,-1.49999997671694,-1610612711,0,0,-1,-1073741824,-110.904859542847,-116292174,-1.99999997671694,-2147483623,-0.160000030882657,-171798725,-0.119999998249114,-128849017,-1,-32768,-2.50000381469727,-655361,-0.5,-131072,1,-0.5,-131072,-1.50000381469727,-393217,-1.50000381469727,-393217,0,0,-1,-262144,-110.904861450195,-7268261,-2.00000381469727,-524289,-0.159999847412109,-41943,-0.119998931884766,-31457
0.0999,1,-110.904859786501,0,1,0,0,0,-1,-2.5,-0.5,1,-0.5,-1.5,-1.5,0,0,-1,-110.904859786501,-2,-0.16,-0.12,-1,-2.5,-0.5,1,-0.5,-1.5,-1.5,0,0,-1,-110.904859786501,-2,-0.16,-0.12,-1,-32768,-2.49999997671694,-2684354535,-0.5,-536870912,1,-0.5,-536870912,-1.49999997671694,-1610612711,-1.49999997671694,-1610612711,0,0,-1,-1073741824,-110.904859542847,-116292174,-1.99999997671694,-2147483623,-0.160000030882657,-171798725,-0.119999998249114,-128849017,-1,-32768,-2.50000381469727,-655361,-0.5,-131072,1,-0.5,-131072,-1.50000381469727,-393217,-1.50000381469727,-393217,0,0,-1,-262144,-110.904861450195,-7268261,-2.00000381469727,-524289,-0.159999847412109,-41943,-0.119998931884766,-31457
0.1009,1,-110.904859786501,0,1,0,0,0,-1,-2.5,-0.5,1,-0.5,-1.5,-1.5,0,0,-1,-110.904859786501,-2,-0.16,-0.12,-1,-2.5,-0.5,1,-0.5,-1.5,-1.5,0,0,-1,-110.904859786501,-2,-0.16,-0.12,-1,-32768,-2.49999997671694,-2684354535,-0.5,-536870912,1,-0.5,-536870912,-1.49999997671694,-1610612711,-1.49999997671694,-1610612711,0,0,-1,-1073741824,-110.904859542847,-116292174,-1.99999997671694,-2147483623,-0.160000030882657,-171798725,-0.119999998249114,-128849017,-1,-32768,-2.50000381469727,-655361,-0.5,-131072,1,-0.5,-131072,-1.50000381469727,-393217,-1.50000381469727,-393217,0,0,-1,-262144,-110.904861450195,-7268261,-2.00000381469727,-524289,-0.159999847412109,-41943,-0.119998931884766,-31457
0.1019,1,-110.904859786501,0,1,0,0,0,-1,-2.5,-0.5,1,-0.5,-1.5,-1.5,0,0,-1,-110.904859786501,-2,-0.16,-0.12,-1,-2.5,-0.5,1,-0.5,-1.5,-1.5,0,0,-1,-110.904859786501,-2,-0.16,-0.12,-1,-32768,-2.49999997671694,-2684354535,-0.5,-536870912,1,-0.5,-536870912,-1.49999997671694,-1610612711,-1.49999997671694,-1610612711,0,0,-1,-1073741824,-110.904859542847,-116292174,-1.99999997671694,-2147483623,-0.160000030882657,-171798725,-0.119999998249114,-128849017,-1,-32768,-2.50000381469727,-655361,-0.5,-131072,1,-0.5,-131072,-1.50000381469727,-393217,-1.50000381469727,-393217,0,0,-1,-262144,-110.904861450195,-7268261,-2.00000381469727,-524289,-0.159999847412109,-41943,-0.119998931884766,-31457
0.1029,1,-110.904859786501,0,1,0,0,0,-1,-2.5,-0.5,1,-0.5,-1.5,-1.5,0,0,-1,-110.904859786501,-2,-0.16,-0.12,-1,-2.5,-0.5,1,-0.5,-1.5,-1.5,0,0,-1,-110.904859786501,-2,-0.16,-0.12,-1,-32768,-2.49999997671694,-2684354535,-0.5,-536870912,1,-0.5,-536870912,-1.49999997671694,-1610612711,-1.49999997671694,-1610612711,0,0,-1,-1073741824,-110.904859542847,-116292174,-1.99999997671694,-2147483623,-0.160000030882657,-171798725,-0.119999998249114,-128849017,-1,-32768,-2.50000381469727,-655361,-0.5,-131072,1,-0.5,-131072,-1.50000381469727,-393217,-1.50000381469727,-393217,0,0,-1,-262144,-110.904861450195,-7268261,-2.00000381469727,-524289,-0.159999847412109,-41943,-0.119998931884766,-31457
0.1039,1,-110.904859786501,0,1,0,0,0,-1,-2.5,-0.5,1,-0.5,-1.5,-1.5,0,0,-1,-110.904859786501,-2,-0.16,-0.12,-1,-2.5,-0.5,1,-0.5,-1.5,-1.5,0,0,-1,-110.904859786501,-2,-0.16,-0.12,-1,-32768,-2.49999997671694,-2684354535,-0.5,-536870912,1,-0.5,-536870912,-1.49999997671694,-1610612711,-1.49999997671694,-1610612711,0,0,-1,-1073741824,-110.904859542847,-116292174,-1.99999997671694,-2147483623,-0.160000030882657,-171798725,-0.119999998249114,-128849017,-1,-32768,-2.50000381469727,-655361,-0.5,-131072,1,-0.5,-131072,-1.50000381469727,-393217,-1.50000381469727,-393217,0,0,-1,-262144,-110.904861450195,-7268261,-2.00000381469727,-524289,-0.159999847412109,-41943,-0.119998931884766,-31457
0.1049,1,-110.904859786501,0,1,0,0,0,-1,-2.5,-0.5,1,-0.5,-1.5,-1.5,0,0,-1,-110.904859786501,-2,-0.16,-0.12,-1,-2.5,-0.5,1,-0.5,-1.5,-1.5,0,0,-1,-110.904859786501,-2,-0.16,-0.12,-1,-32768,-2.49999997671694,-2684354535,-0.5,-536870912,1,-0.5,-536870912,-1.49999997671694,-1610612711,-1.49999997671694,-1610612711,0,0,-1,-1073741824,-110.904859542847,-116292174,-1.99999997671694,-2147483623,-0.160000030882657,-171798725,-0.119999998249114,-128849017,-1,-32768,-2.50000381469727,-655361,-0.5,-131072,1,-0.5,-131072,-1.50000381469727,-393217,-1.50000381469727,-393217,0,0,-1,-262144,-110.904861450195,-7268261,-2.00000381469727,-524289,-0.159999847412109,-41943,-0.119998931884766,-31457
0.1059,1,-110.904859786501,0,1,0,0,0,-1,-2.5,-0.5,1,-0.5,-1.5,-1.5,0,0,-1,-110.904859786501,-2,-0.16,-0.12,-1,-2.5,-0.5,1,-0.5,-1.5,-1.5,0,0,-1,-110.904859786501,-2,-0.16,-0.12,-1,-32768,-2.49999997671694,-2684354535,-0.5,-536870912,1,-0.5,-536870912,-1.49999997671694,-1610612711,-1.49999997671694,-1610612711,0,0,-1,-1073741824,-110.904859542847,-116292174,-1.99999997671694,-2147483623,-0.160000030882657,-171798725,-0.119999998249114,-128849017,-1,-32768,-2.50000381469727,-655361,-0.5,-131072,1,-0.5,-131072,-1.50000381469727,-393217,-1.50000381469727,-393217,0,0,-1,-262144,-110.904861450195,-7268261,-2.00000381469727,-524289,-0.159999847412109,-41943,-0.119998931884766,-31457
0.1069,1,-110.904859786501,0,1,0,0,0,-1,-2.5,-0.5,1,-0.5,-1.5,-1.5,0,0,-1,-110.904859786501,-2,-0.16,-0.12,-1,-2.5,-0.5,1,-0.5,-1.5,-1.5,0,0,-1,-110.904859786501,-2,-0.16,-0.12,-1,-32768,-2.49999997671694,-2684354535,-0.5,-536870912,1,-0.5,-536870912,-1.49999997671694,-1610612711,-1.49999997671694,-1610612711,0,0,-1,-1073741824,-110.904859542847,-116292174,-1.99999997671694,-2147483623,-0.160000030882657,-171798725,-0.119999998249114,-128849017,-1,-32768,-2.50000381469727,-655361,-0.5,-131072,1,-0.5,-131072,-1.50000381469727,-393217,-1.50000381469727,-393217,0,0,-1,-262144,-110.904861450195,-7268261,-2.00000381469727,-524289,-0.159999847412109,-41943,-0.119998931884766,-31457
0.1079,1,-110.904859786501,0,1,0,0,0,-1,-2.5,-0.5,1,-0.5,-1.5,-1.5,0,0,-1,-110.904859786501,-2,-0.16,-0.12,-1,-2.5,-0.5,1,-0.5,-1.5,-1.5,0,0,-1,-110.904859786501,-2,-0.16,-0.12,-1,-32768,-2.49999997671694,-2684354535,-0.5,-536870912,1,-0.5,-536870912,-1.49999997671694,-1610612711,-1.49999997671694,-1610612711,0,0,-1,-1073741824,-110.904859542847,-116292174,-1.99999997671694,-2147483623,-0.160000030882657,-171798725,-0.119999998249114,-128849017,-1,-32768,-2.50000381469727,-655361,-0.5,-131072,1,-0.5,-131072,-1.50000381469727,-393217,-1.50000381469727,-393217,0,0,-1,-262144,-110.904861450195,-7268261,-2.00000381469727,-524289,-0.159999847412109,-41943,-0.119998931884766,-31457
0.1089,1,-110.904859786501,0,1,0,0,0,-1,-2.5,-0.5,1,-0.5,-1.5,-1.5,0,0,-1,-110.904859786501,-2,-0.16,-0.12,-1,-2.5,-0.5,1,-0.5,-1.5,-1.5,0,0,-1,-110.904859786501,-2,-0.16,-0.12,-1,-32768,-2.49999997671694,-2684354535,-0.5,-536870912,1,-0.5,-536870912,-1.49999997671694,-1610612711,-1.49999997671694,-1610612711,0,0,-1,-1073741824,-110.904859542847,-116292174,-1.99999997671694,-2147483623,-0.160000030882657,-171798725,-0.119999998249114,-128849017,-1,-32768,-2.50000381469727,-655361,-0.5,-131072,1,-0.5,-131072,-1.50000381469727,-393217,-1.50000381469727,-393217,0,0,-1,-262144,-110.904861450195,-7268261,-2.00000381469727,-524289,-0.159999847412109,-41943,-0.119998931884766,-31457
0.1099,1,-110.904859786501,0,1,0,0,0,-1,-2.5,-0.5,1,-0.5,-1.5,-1.5,0,0,-1,-110.904859786501,-2,-0.16,-0.12,-1,-2.5,-0.5,1,-0.5,-1.5,-1.5,0,0,-1,-110.904859786501,-2,-0.16,-0.12,-1,-32768,-2.49999997671694,-2684354535,-0.5,-536870912,1,-0.5,-536870912,-1.49999997671694,-1610612711,-1.49999997671694,-1610612711,0,0,-1,-1073741824,-110.904859542847,-116292174,-1.99999997671694,-2147483623,-0.160000030882657,-171798725,-0.119999998249114,-128849017,-1,-32768,-2.50000381469727,-655361,-0.5,-131072,1,-0.5,-131072,-1.50000381469727,-393217,-1.50000381469727,-393217,0,0,-1,-262144,-110.904861450195,-7268261,-2.00000381469727,-524289,-0.159999847412109,-41943,-0.119998931884766,-31457
0.1109,1,-110.904859786501,0,1,0,0,0,-1,-2.5,-0.5,1,-0.5,-1.5,-1.5,0,0,-1,-110.904859786501,-2,-0.16,-0.12,-1,-2.5,-0.5,1,-0.5,-1.5,-1.5,0,0,-1,-110.904859786501,-2,-0.16,-0.12,-1,-32768,-2.49999997671694,-2684354535,-0.5,-536870912,1,-0.5,-536870912,-1.49999997671694,-1610612711,-1.49999997671694,-1610612711,0,0,-1,-1073741824,-110.904859542847,-116292174,-1.99999997671694,-2147483623,-0.160000030882657,-171798725,-0.119999998249114,-128849017,-1,-32768,-2.50000381469727,-655361,-0.5,-131072,1,-0.5,-131072,-1.50000381469727,-393217,-1.50000381469727,-393217,0,0,-1,-262144,-110.904861450195,-7268261,-2.00000381469727,-524289,-0.159999847412109,-41943,-0.119998931884766,-31457
0.1119,1,-110.904859786501,0,1,0,0,0,-1,-2.5,-0.5,1,-0.5,-1.5,-1.5,0,0,-1,-110.904859786501,-2,-0.16,-0.12,-1,-2.5,-0.5,1,-0.5,-1.5,-1.5,0,0,-1,-110.904859786501,-2,-0.16,-0.12,-1,-32768,-2.49999997671694,-2684354535,-0.5,-536870912,1,-0.5,-536870912,-1.49999997671694,-1610612711,-1.49999997671694,-1610612711,0,0,-1,-1073741824,-110.904859542847,-116292174,-1.99999997671694,-2147483623,-0.160000030882657,-171798725,-0.119999998249114,-128849017,-1,-32768,-2.50000381469727,-655361,-0.5,-131072,1,-0.5,-131072,-1.50000381469727,-393217,-1.50000381469727,-393217,0,0,-1,-262144,-110.904861450195,-7268261,-2.00000381469727,-524289,-0.159999847412109,-41943,-0.119998931884766,-31457
0.1129,1,-110.904859786501,0,1,0,0,0,-1,-2.5,-0.5,1,-0.5,-1.5,-1.5,0,0,-1,-110.904859786501,-2,-0.16,-0.12,-1,-2.5,-0.5,1,-0.5,-1.5,-1.5,0,0,-1,-110.904859786501,-2,-0.16,-0.12,-1,-32768,-2.49999997671694,-2684354535,-0.5,-536870912,1,-0.5,-536870912,-1.49999997671694,-1610612711,-1.49999997671694,-1610612711,0,0,-1,-1073741824,-110.904859542847,-116292174,-1.99999997671694,-2147483623,-0.160000030882657,-171798725,-0.119999998249114,-128849017,-1,-32768,-2.50000381469727,-655361,-0.5,-131072,1,-0.5,-131072,-1.50000381469727,-393217,-1.50000381469727,-393217,0,0,-1,-262144,-110.904861450195,-7268261,-2.00000381469727,-524289,-0.159999847412109,-41943,-0.119998931884766,-31457
0.1139,1,-110.904859786501,0,1,0,0,0,-1,-2.5,-0.5,1,-0.5,-1.5,-1.5,0,0,-1,-110.904859786501,-2,-0.16,-0.12,-1,-2.5,-0.5,1,-0.5,-1.5,-1.5,0,0,-1,-110.904859786501,-2,-0.16,-0.12,-1,-32768,-2.49999997671694,-2684354535,-0.5,-536870912,1,-0.5,-536870912,-1.49999997671694,-1610612711,-1.49999997671694,-1610612711,0,0,-1,-1073741824,-110.904859542847,-116292174,-1.99999997671694,-2147483623,-0.160000030882657,-171798725,-0.119999998249114,-128849017,-1,-32768,-2.50000381469727,-655361,-0.5,-131072,1,-0.5,-131072,-1.50000381469727,-393217,-1.50000381469727,-393217,0,0,-1,-262144,-110.904861450195,-7268261,-2.00000381469727,-524289,-0.159999847412109,-41943,-0.119998931884766,-31457
0.1149,1,-110.904859786501,0,1,0,0,0,-1,-2.5,-0.5,1,-0.5,-1.5,-1.5,0,0,-1,-110.904859786501,-2,-0.16,-0.12,-1,-2.5,-0.5,1,-0.5,-1.5,-1.5,0,0,-1,-110.904859786501,-2,-0.16,-0.12,-1,-32768,-2.49999997671694,-2684354535,-0.5,-536870912,1,-0.5,-536870912,-1.49999997671694,-1610612711,-1.49999997671694,-1610612711,0,0,-1,-1073741824,-110.904859542847,-116292174,-1.99999997671694,-2147483623,-0.160000030882657,-171798725,-0.119999998249114,-128849017,-1,-32768,-2.50000381469727,-655361,-0.5,-131072,1,-0.5,-131072,-1.50000381469727,-393217,-1.50000381469727,-393217,0,0,-1,-262144,-110.904861450195,-7268261,-2.00000381469727,-524289,-0.159999847412109,-41943,-0.119998931884766,-31457
0.1159,1,-110.904859786501,0,1,0,0,0,-1,-2.5,-0.5,1,-0.5,-1.5,-1.5,0,0,-1,-110.904859786501,-2,-0.16,-0.12,-1,-2.5,-0.5,1,-0.5,-1.5,-1.5,0,0,-1,-110.904859786501,-2,-0.16,-0.12,-1,-32768,-2.49999997671694,-2684354535,-0.5,-536870912,1,-0.5,-536870912,-1.49999997671694,-1610612711,-1.49999997671694,-1610612711,0,0,-1,-1073741824,-110.904859542847,-116292174,-1.99999997671694,-2147483623,-0.160000030882657,-171798725,-0.119999998249114,-128849017,-1,-32768,-2.50000381469727,-655361,-0.5,-131072,1,-0.5,-131072,-1.50000381469727,-393217,-1.50000381469727,-393217,0,0,-1,-262144,-110.904861450195,-7268261,-2.00000381469727,-524289,-0.159999847412109,-41943,-0.119998931884766,-31457
0.1169,1,-110.904859786501,0,1,0,0,0,-1,-2.5,-0.5,1,-0.5,-1.5,-1.5,0,0,-1,-110.904859786501,-2,-0.16,-0.12,-1,-2.5,-0.5,1,-0.5,-1.5,-1.5,0,0,-1,-110.904859786501,-2,-0.16,-0.12,-1,-32768,-2.49999997671694,-2684354535,-0.5,-536870912,1,-0.5,-536870912,-1.49999997671694,-1610612711,-1.49999997671694,-1610612711,0,0,-1,-1073741824,-110.904859542847,-116292174,-1.99999997671694,-2147483623,-0.160000030882657,-171798725,-0.119999998249114,-128849017,-1,-32768,-2.50000381469727,-655361,-0.5,-131072,1,-0.5,-131072,-1.50000381469727,-393217,-1.50000381469727,-393217,0,0,-1,-262144,-110.904861450195,-7268261,-2.00000381469727,-524289,-0.159999847412109,-41943,-0.119998931884766,-31457
0.1179,1,-110.904859786501,0,1,0,0,0,-1,-2.5,-0.5,1,-0.5,-1.5,-1.5,0,0,-1,-110.904859786501,-2,-0.16,-0.12,-1,-2.5,-0.5,1,-0.5,-1.5,-1.5,0,0,-1,-110.904859786501,-2,-0.16,-0.12,-1,-32768,-2.49999997671694,-2684354535,-0.5,-536870912,1,-0.5,-536870912,-1.49999997671694,-1610612711,-1.49999997671694,-1610612711,0,0,-1,-1073741824,-110.904859542847,-116292174,-1.99999997671694,-2147483623,-0.160000030882657,-171798725,-0.119999998249114,-128849017,-1,-32768,-2.50000381469727,-655361,-0.5,-131072,1,-0.5,-131072,-1.50000381469727,-393217,-1.50000381469727,-393217,0,0,-1,-262144,-110.904861450195,-7268261,-2.00000381469727,-524289,-0.159999847412109,-41943,-0.119998931884766,-31457
0.1189,1,110.904859786501,0,1,0,0,0,1,1.5,-0.5,1,-0.22,-1.5,0.5,0,0,1,110.904859786501,2,0.16,-0.12,1,1.5,-0.5,1,-0.22,-1.5,0.5,0,0,1,110.904859786501,2,0.16,-0.12,1,32768,1.49999997671694,1610612711,-0.5,-536870912,1,-0.21999997086823,-236223170,-1.49999997671694,-1610612711,0.499999976716936,536870887,0,0,1,1073741824,110.904859542847,116292174,1.99999997671694,2147483623,0.160000030882657,171798725,-0.119999998249114,-128849017,1,32768,1.50000381469727,393217,-0.5,-131072,1,-0.220001220703125,-57672,-1.50000381469727,-393217,0.500003814697266,131073,0,0,1,262144,110.904861450195,7268261,2.00000381469727,524289,0.159999847412109,41943,-0.119998931884766,-31457
0.1199,1,110.904859786501,0,1,0,0,0,1,1.78,-0.22,1,-0.1,0.5,0.78,0,0,1,110.904859786501,2,0.16,0.04,1,1.78,-0.22,1,-0.1,0.5,0.78,0,0,1,110.904859786501,2,0.16,0.04,1,32768,1.78000000584871,1911260453,-0.21999997086823,-236223170,1,-0.099999938160181,-107374116,0.499999976716936,536870887,0.780000005848706,837518629,0,0,1,1073741824,110.904859542847,116292174,1.99999997671694,2147483623,0.160000030882657,171798725,0.0399999981746078,42949671,1,32768,1.78000259399414,466617,-0.220001220703125,-57672,1,-0.100002288818359,-26215,0.500003814697266,131073,0.780002593994141,204473,0,0,1,262144,110.904861450195,7268261,2.00000381469727,524289,0.159999847412109,41943,0.0400009155273438,10486
0.1209,1,110.904859786501,0,1,0,0,0,1,1.9,-0.1,1,-0.00239999999999998,0.78,0.9,0,0,1,110.904859786501,2,0.16,0.0624,1,1.9,-0.1,1,-0.00239999999999998,0.78,0.9,0,0,1,110.904859786501,2,0.16,0.0624,1,32768,1.90000003855675,2040109507,-0.099999938160181,-107374116,1,-0.00239990744739771,-2576881,0.780000005848706,837518629,0.900000038556755,966367683,0,0,1,1073741824,110.904859542847,116292174,1.99999997671694,2147483623,0.160000030882657,171798725,0.0624000001698732,67001490,1,32768,1.90000152587891,498074,-0.100002288818359,-26215,1,-0.00240325927734375,-630,0.780002593994141,204473,0.900001525878906,235930,0,0,1,262144,110.904861450195,7268261,2.00000381469727,524289,0.159999847412109,41943,0.0624008178710938,16358
0.1219,1,110.904859786501,0,1,0,0,0,1,1.9976,-0.00239999999999998,1,0.0856,0.9,0.9976,0,0,1,110.904859786501,2,0.16,0.072,1,1.9976,-0.00239999999999998,1,0.0856,0.9,0.9976,0,0,1,110.904859786501,2,0.16,0.072,1,32768,1.99760006926954,2144906742,-0.00239990744739771,-2576881,1,0.0856001200154424,91912429,0.900000038556755,966367683,0.997600069269538,1071164918,0,0,1,1073741824,110.904859542847,116292174,1.99999997671694,2147483623,0.160000030882657,171798725,0.0720000034198165,77309415,1,32768,1.99760055541992,523659,-0.00240325927734375,-630,1,0.0855979919433594,22439,0.900001525878906,235930,0.997600555419922,261515,0,0,1,262144,110.904861450195,7268261,2.00000381469727,524289,0.159999847412109,41943,0.0719985961914062,18874
0.1229,1,110.904859786501,0,1,0,0,0,1,2.0856,0.0856,1,0.165792,0.9976,1.0856,0,0,1,110.904859786501,2,0.16,0.079808,1,2.0856,0.0856,1,0.165792,0.9976,1.0856,0,0,1,110.904859786501,2,0.16,0.079808,1,32768,2.08560009673238,2239396052,0.0856001200154424,91912429,1,0.165792144834995,178017960,0.997600069269538,1071164918,1.08560009673238,1165654228,0,0,1,1073741824,110.904859542847,116292174,1.99999997671694,2147483623,0.160000030882657,171798725,0.0798080060631037,85693194,1,32768,2.08560180664062,546728,0.0855979919433594,22439,1,0.165790557861328,43461,0.997600555419922,261515,1.08560180664062,284584,0,0,1,262144,110.904861450195,7268261,2.00000381469727,524289,0.159999847412109,41943,0.0798072814941406,20921
0.1239,1,110.904859786501,0,1,0,0,0,1,2.165792,0.165792,1,0.238944,1.0856,1.165792,0,0,1,110.904859786501,2,0.16,0.086848,1,2.165792,0.165792,1,0.238944,1.0856,1.165792,0,0,1,110.904859786501,2,0.16,0.086848,1,32768,2.16579212155193,2325501583,0.165792144834995,178017960,1,0.238944168202579,256564347,1.08560009673238,1165654228,1.16579212155193,1251759759,0,0,1,1073741824,110.904859542847,116292174,1.99999997671694,2147483623,0.160000030882657,171798725,0.0868480075150728,93252338,1,32768,2.16579437255859,567750,0.165790557861328,43461,1,0.238941192626953,62637,1.08560180664062,284584,1.16579437255859,305606,0,0,1,262144,110.904861450195,7268261,2.00000381469727,524289,0.159999847412109,41943,0.0868492126464844,22767
0.1249,1,110.904859786501,0,1,0,0,0,1,2.238944,0.238944,1,0.30568064,1.165792,1.238944,0,0,1,110.904859786501,2,0.16,0.09326336,1,2.238944,0.238944,1,0.30568064,1.165792,1.238944,0,0,1,110.904859786501,2,0.16,0.09326336,1,32768,2.23894414491951,2404047970,0.238944168202579,256564347,1,0.305680829100311,328222291,1.16579212155193,1251759759,1.23894414491951,1330306146,0,0,1,1073741824,110.904859542847,116292174,1.99999997671694,2147483623,0.160000030882657,171798725,0.0932633699849248,100140781,1,32768,2.23894500732422,586926,0.238941192626953,62637,1,0.305679321289062,80132,1.16579437255859,305606,1.23894500732422,324782,0,0,1,262144,110.904861450195,7268261,2.00000381469727,524289,0.159999847412109,41943,0.09326171875,24448
0.1259,1,110.904859786501,0,1,0,0,0,1,2.30568064,0.30568064,1,0.36656512,1.238944,1.30568064,0,0,1,110.904859786501,2,0.16,0.09911552,1,2.30568064,0.30568064,1,0.36656512,1.238944,1.30568064,0,0,1,110.904859786501,2,0.16,0.09911552,1,32768,2.30568080581725,2475705914,0.305680829100311,328222291,1,0.366565328091383,393596524,1.23894414491951,1330306146,1.30568080581725,1401964090,0,0,1,1073741824,110.904859542847,116292174,1.99999997671694,2147483623,0.160000030882657,171798725,0.0991155318915844,106424492,1,32768,2.30568313598633,604421,0.305679321289062,80132,1,0.366561889648438,96092,1.23894500732422,324782,1.30568313598633,342277,0,0,1,262144,110.904861450195,7268261,2.00000381469727,524289,0.159999847412109,41943,0.0991172790527344,25983
0.1269,1,110.904859786501,0,1,0,0,0,1,2.36656512,0.36656512,1,0.4221106688,1.30568064,1.36656512,0,0,1,110.904859786501,2,0.16,0.1044544512,1,2.36656512,0.36656512,1,0.4221106688,1.30568064,1.36656512,0,0,1,110.904859786501,2,0.16,0.1044544512,1,32768,2.36656530480832,2541080147,0.366565328091383,393596524,1,0.422110894694924,453238122,1.30568080581725,1401964090,1.36656530480832,1467338323,0,0,1,1073741824,110.904859542847,116292174,1.99999997671694,2147483623,0.160000030882657,171798725,0.104454464279115,112157127,1,32768,2.3665657043457,620381,0.366561889648438,96092,1,0.422107696533203,110653,1.30568313598633,342277,1.3665657043457,358237,0,0,1,262144,110.904861450195,7268261,2.00000381469727,524289,0.159999847412109,41943,0.104454040527344,27382
0.1279,1,110.904859786501,0,1,0,0,0,1,2.4221106688,0.4221106688,1,0.4727854592,1.36656512,1.4221106688,0,0,1,110.904859786501,2,0.16,0.1093252096,1,2.4221106688,0.4221106688,1,0.4727854592,1.36656512,1.4221106688,0,0,1,110.904859786501,2,0.16,0.1093252096,1,32768,2.42211087141186,2600721745,0.422110894694924,453238122,1,0.472785701043904,507649781,1.36656530480832,1467338323,1.42211087141186,1526979921,0,0,1,1073741824,110.904859542847,116292174,1.99999997671694,2147483623,0.160000030882657,171798725,0.109325224533677,117387066,1,32768,2.42211151123047,634942,0.422107696533203,110653,1,0.472782135009766,123937,1.3665657043457,358237,1.42211151123047,372798,0,0,1,262144,110.904861450195,7268261,2.00000381469727,524289,0.159999847412109,41943,0.109325408935547,28659
0.1289,1,110.904859786501,0,1,0,0,0,1,2.4727854592,0.4727854592,1,0.5,1.4221106688,1.4727854592,0,0,1,110.904859786501,2,0.16,0.113768853504,1,2.4727854592,0.4727854592,1,0.5,1.4221106688,1.4727854592,0,0,1,110.904859786501,2,0.16,0.113768853504,1,32768,2.47278567776084,2655133404,0.472785701043904,507649781,1,0.5,536870912,1.42211087141186,1526979921,1.47278567776084,1581391580,0,0,1,1073741824,110.904859542847,116292174,1.99999997671694,2147483623,0.160000030882657,171798725,0.113768870010972,122158394,1,32768,2.47278594970703,648226,0.472782135009766,123937,1,0.5,131072,1.42211151123047,372798,1.47278594970703,386082,0,0,1,262144,110.904861450195,7268261,2.00000381469727,524289,0.159999847412109,41943,0.11376953125,29824
0.1299,1,110.904859786501,0,1,0,0,0,1,2.5,0.5,1,0.5,1.4727854592,1.5,0,0,1,110.904859786501,2,0.16,0.117822836736,1,2.5,0.5,1,0.5,1.4727854592,1.5,0,0,1,110.904859786501,2,0.16,0.117822836736,1,32768,2.49999997671694,2684354535,0.5,536870912,1,0.5,536870912,1.47278567776084,1581391580,1.49999997671694,1610612711,0,0,1,1073741824,110.904859542847,116292174,1.99999997671694,2147483623,0.160000030882657,171798725,0.117822854779661,126511327,1,32768,2.50000381469727,655361,0.5,131072,1,0.5,131072,1.47278594970703,386082,1.50000381469727,393217,0,0,1,262144,110.904861450195,7268261,2.00000381469727,524289,0.159999847412109,41943,0.117824554443359,30887
0.1309,1,110.904859786501,0,1,0,0,0,1,2.5,0.5,1,0.5,1.5,1.5,0,0,1,110.904859786501,2,0.16,0.12,1,2.5,0.5,1,0.5,1.5,1.5,0,0,1,110.904859786501,2,0.16,0.12,1,32768,2.49999997671694,2684354535,0.5,536870912,1,0.5,536870912,1.49999997671694,1610612711,1.49999997671694,1610612711,0,0,1,1073741824,110.904859542847,116292174,1.99999997671694,2147483623,0.160000030882657,171798725,0.119999998249114,128849017,1,32768,2.50000381469727,655361,0.5,131072,1,0.5,131072,1.50000381469727,393217,1.50000381469727,393217,0,0,1,262144,110.904861450195,7268261,2.00000381469727,524289,0.159999847412109,41943,0.119998931884766,31457
0.1319,1,110.904859786501,0,1,0,0,0,1,2.5,0.5,1,0.5,1.5,1.5,0,0,1,110.904859786501,2,0.16,0.12,1,2.5,0.5,1,0.5,1.5,1.5,0,0,1,110.904859786501,2,0.16,0.12,1,32768,2.49999997671694,2684354535,0.5,536870912,1,0.5,536870912,1.49999997671694,1610612711,1.49999997671694,1610612711,0,0,1,1073741824,110.904859542847,116292174,1.99999997671694,2147483623,0.160000030882657,171798725,0.119999998249114,128849017,1,32768,2.50000381469727,655361,0.5,131072,1,0.5,131072,1.50000381469727,393217,1.50000381469727,393217,0,0,1,262144,110.904861450195,7268261,2.00000381469727,524289,0.159999847412109,41943,0.119998931884766,31457
0.1329,1,110.904859786501,0,1,0,0,0,1,2.5,0.5,1,0.5,1.5,1.5,0,0,1,110.904859786501,2,0.16,0.12,1,2.5,0.5,1,0.5,1.5,1.5,0,0,1,110.904859786501,2,0.16,0.12,1,32768,2.49999997671694,2684354535,0.5,536870912,1,0.5,536870912,1.49999997671694,1610612711,1.49999997671694,1610612711,0,0,1,1073741824,110.904859542847,116292174,1.99999997671694,2147483623,0.160000030882657,171798725,0.119999998249114,128849017,1,32768,2.50000381469727,655361,0.5,131072,1,0.5,131072,1.50000381469727,393217,1.50000381469727,393217,0,0,1,262144,110.904861450195,7268261,2.00000381469727,524289,0.159999847412109,41943,0.119998931884766,31457
0.1339,1,110.904859786501,0,1,0,0,0,1,2.5,0.5,1,0.5,1.5,1.5,0,0,1,110.904859786501,2,0.16,0.12,1,2.5,0.5,1,0.5,1.5,1.5,0,0,1,110.904859786501,2,0.16,0.12,1,32768,2.49999997671694,2684354535,0.5,536870912,1,0.5,536870912,1.49999997671694,1610612711,1.49999997671694,1610612711,0,0,1,1073741824,110.904859542847,116292174,1.99999997671694,2147483623,0.160000030882657,171798725,0.119999998249114,128849017,1,32768,2.50000381469727,655361,0.5,131072,1,0.5,131072,1.50000381469727,393217,1.50000381469727,393217,0,0,1,262144,110.904861450195,7268261,2.00000381469727,524289,0.159999847412109,41943,0.119998931884766,31457
0.1349,1,110.904859786501,0,1,0,0,0,1,2.5,0.5,1,0.5,1.5,1.5,0,0,1,110.904859786501,2,0.16,0.12,1,2.5,0.5,1,0.5,1.5,1.5,0,0,1,110.904859786501,2,0.16,0.12,1,32768,2.49999997671694,2684354535,0.5,536870912,1,0.5,536870912,1.49999997671694,1610612711,1.49999997671694,1610612711,0,0,1,1073741824,110.904859542847,116292174,1.99999997671694,2147483623,0.160000030882657,171798725,0.119999998249114,128849017,1,32768,2.50000381469727,655361,0.5,131072,1,0.5,131072,1.50000381469727,393217,1.50000381469727,393217,0,0,1,262144,110.904861450195,7268261,2.00000381469727,524289,0.159999847412109,41943,0.119998931884766,31457
0.1359,1,110.904859786501,0,1,0,0,0,1,2.5,0.5,1,0.5,1.5,1.5,0,0,1,110.904859786501,2,0.16,0.12,1,2.5,0.5,1,0.5,1.5,1.5,0,0,1,110.904859786501,2,0.16,0.12,1,32768,2.49999997671694,2684354535,0.5,536870912,1,0.5,536870912,1.49999997671694,1610612711,1.49999997671694,1610612711,0,0,1,1073741824,110.904859542847,116292174,1.99999997671694,2147483623,0.160000030882657,171798725,0.119999998249114,128849017,1,32768,2.50000381469727,655361,0.5,131072,1,0.5,131072,1.50000381469727,393217,1.50000381469727,393217,0,0,1,262144,110.904861450195,7268261,2.00000381469727,524289,0.159999847412109,41943,0.119998931884766,31457
0.1369,1,110.904859786501,0,1,0,0,0,1,2.5,0.5,1,0.5,1.5,1.5,0,0,1,110.904859786501,2,0.16,0.12,1,2.5,0.5,1,0.5,1.5,1.5,0,0,1,110.904859786501,2,0.16,0.12,1,32768,2.49999997671694,2684354535,0.5,536870912,1,0.5,536870912,1.49999997671694,1610612711,1.49999997671694,1610612711,0,0,1,1073741824,110.904859542847,116292174,1.99999997671694,2147483623,0.160000030882657,171798725,0.119999998249114,128849017,1,32768,2.50000381469727,655361,0.5,131072,1,0.5,131072,1.50000381469727,393217,1.50000381469727,393217,0,0,1,262144,110.904861450195,7268261,2.00000381469727,524289,0.159999847412109,41943,0.119998931884766,31457
0.1379,1,110.904859786501,0,1,0,0,0,1,2.5,0.5,1,0.5,1.5,1.5,0,0,1,110.904859786501,2,0.16,0.12,1,2.5,0.5,1,0.5,1.5,1.5,0,0,1,110.904859786501,2,0.16,0.12,1,32768,2.49999997671694,2684354535,0.5,536870912,1,0.5,536870912,1.49999997671694,1610612711,1.49999997671694,1610612711,0,0,1,1073741824,110.904859542847,116292174,1.99999997671694,2147483623,0.160000030882657,171798725,0.119999998249114,128849017,1,32768,2.50000381469727,655361,0.5,131072,1,0.5,131072,1.50000381469727,393217,1.50000381469727,393217,0,0,1,262144,110.904861450195,7268261,2.00000381469727,524289,0.159999847412109,41943,0.119998931884766,31457
0.1389,1,110.904859786501,0,1,0,0,0,1,2.5,0.5,1,0.5,1.5,1.5,0,0,1,110.904859786501,2,0.16,0.12,1,2.5,0.5,1,0.5,1.5,1.5,0,0,1,110.904859786501,2,0.16,0.12,1,32768,2.49999997671694,2684354535,0.5,536870912,1,0.5,536870912,1.49999997671694,1610612711,1.49999997671694,1610612711,0,0,1,1073741824,110.904859542847,116292174,1.99999997671694,2147483623,0.160000030882657,171798725,0.119999998249114,128849017,1,32768,2.50000381469727,655361,0.5,131072,1,0.5,131072,1.50000381469727,393217,1.50000381469727,393217,0,0,1,262144,110.904861450195,7268261,2.00000381469727,524289,0.159999847412109,41943,0.119998931884766,31457
0.1399,1,110.904859786501,0,1,0,0,0,1,2.5,0.5,1,0.5,1.5,1.5,0,0,1,110.904859786501,2,0.16,0.12,1,2.5,0.5,1,0.5,1.5,1.5,0,0,1,110.904859786501,2,0.16,0.12,1,32768,2.49999997671694,2684354535,0.5,536870912,1,0.5,536870912,1.49999997671694,1610612711,1.49999997671694,1610612711,0,0,1,1073741824,110.904859542847,116292174,1.99999997671694,2147483623,0.160000030882657,171798725,0.119999998249114,128849017,1,32768,2.50000381469727,655361,0.5,131072,1,0.5,131072,1.50000381469727,393217,1.50000381469727,393217,0,0,1,262144,110.904861450195,7268261,2.00000381469727,524289,0.159999847412109,41943,0.119998931884766,31457
0.1409,1,110.904859786501,0,1,0,0,0,1,2.5,0.5,1,0.5,1.5,1.5,0,0,1,110.904859786501,2,0.16,0.12,1,2.5,0.5,1,0.5,1.5,1.5,0,0,1,110.904859786501,2,0.16,0.12,1,32768,2.49999997671694,2684354535,0.5,536870912,1,0.5,536870912,1.49999997671694,1610612711,1.49999997671694,1610612711,0,0,1,1073741824,110.904859542847,116292174,1.99999997671694,2147483623,0.160000030882657,171798725,0.119999998249114,128849017,1,32768,2.50000381469727,655361,0.5,131072,1,0.5,131072,1.50000381469727,393217,1.50000381469727,393217,0,0,1,262144,110.904861450195,7268261,2.00000381469727,524289,0.159999847412109,41943,0.119998931884766,31457
0.1419,1,110.904859786501,0,1,0,0,0,1,2.5,0.5,1,0.5,1.5,1.5,0,0,1,110.904859786501,2,0.16,0.12,1,2.5,0.5,1,0.5,1.5,1.5,0,0,1,110.904859786501,2,0.16,0.12,1,32768,2.49999997671694,2684354535,0.5,536870912,1,0.5,536870912,1.49999997671694,1610612711,1.49999997671694,1610612711,0,0,1,1073741824,110.904859542847,116292174,1.99999997671694,2147483623,0.160000030882657,171798725,0.119999998249114,128849017,1,32768,2.50000381469727,655361,0.5,131072,1,0.5,131072,1.50000381469727,393217,1.50000381469727,393217,0,0,1,262144,110.904861450195,7268261,2.00000381469727,524289,0.159999847412109,41943,0.119998931884766,31457
0.1429,1,110.904859786501,0,1,0,0,0,1,2.5,0.5,1,0.5,1.5,1.5,0,0,1,110.904859786501,2,0.16,0.12,1,2.5,0.5,1,0.5,1.5,1.5,0,0,1,110.904859786501,2,0.16,0.12,1,32768,2.49999997671694,2684354535,0.5,536870912,1,0.5,536870912,1.49999997671694,1610612711,1.49999997671694,1610612711,0,0,1,1073741824,110.904859542847,116292174,1.99999997671694,2147483623,0.160000030882657,171798725,0.119999998249114,128849017,1,32768,2.50000381469727,655361,0.5,131072,1,0.5,131072,1.50000381469727,393217,1.50000381469727,393217,0,0,1,262144,110.904861450195,7268261,2.00000381469727,524289,0.159999847412109,41943,0.119998931884766,31457
0.1439,1,110.904859786501,0,1,0,0,0,1,2.5,0.5,1,0.5,1.5,1.5,0,0,1,110.904859786501,2,0.16,0.12,1,2.5,0.5,1,0.5,1.5,1.5,0,0,1,110.904859786501,2,0.16,0.12,1,32768,2.49999997671694,2684354535,0.5,536870912,1,0.5,536870912,1.49999997671694,1610612711,1.49999997671694,1610612711,0,0,1,1073741824,110.904859542847,116292174,1.99999997671694,2147483623,0.160000030882657,171798725,0.119999998249114,128849017,1,32768,2.50000381469727,655361,0.5,131072,1,0.5,131072,1.50000381469727,393217,1.50000381469727,393217,0,0,1,262144,110.904861450195,7268261,2.00000381469727,524289,0.159999847412109,41943,0.119998931884766,31457
0.1449,1,110.904859786501,0,1,0,0,0,1,2.5,0.5,1,0.5,1.5,1.5,0,0,1,110.904859786501,2,0.16,0.12,1,2.5,0.5,1,0.5,1.5,1.5,0,0,1,110.904859786501,2,0.16,0.12,1,32768,2.49999997671694,2684354535,0.5,536870912,1,0.5,536870912,1.49999997671694,1610612711,1.49999997671694,1610612711,0,0,1,1073741824,110.904859542847,116292174,1.99999997671694,2147483623,0.160000030882657,171798725,0.119999998249114,128849017,1,32768,2.50000381469727,655361,0.5,131072,1,0.5,131072,1.50000381469727,393217,1.50000381469727,393217,0,0,1,262144,110.904861450195,7268261,2.00000381469727,524289,0.159999847412109,41943,0.119998931884766,31457
0.1459,1,110.904859786501,0,1,0,0,0,1,2.5,0.5,1,0.5,1.5,1.5,0,0,1,110.904859786501,2,0.16,0.12,1,2.5,0.5,1,0.5,1.5,1.5,0,0,1,110.904859786501,2,0.16,0.12,1,32768,2.49999997671694,2684354535,0.5,536870912,1,0.5,536870912,1.49999997671694,1610612711,1.49999997671694,1610612711,0,0,1,1073741824,110.904859542847,116292174,1.99999997671694,2147483623,0.160000030882657,171798725,0.119999998249114,128849017,1,32768,2.50000381469727,655361,0.5,131072,1,0.5,131072,1.50000381469727,393217,1.50000381469727,393217,0,0,1,262144,110.904861450195,7268261,2.00000381469727,524289,0.159999847412109,41943,0.119998931884766,31457
0.1469,1,110.904859786501,0,1,0,0,0,1,2.5,0.5,1,0.5,1.5,1.5,0,0,1,110.904859786501,2,0.16,0.12,1,2.5,0.5,1,0.5,1.5,1.5,0,0,1,110.904859786501,2,0.16,0.12,1,32768,2.49999997671694,2684354535,0.5,536870912,1,0.5,536870912,1.49999997671694,1610612711,1.49999997671694,1610612711,0,0,1,1073741824,110.904859542847,116292174,1.99999997671694,2147483623,0.160000030882657,171798725,0.119999998249114,128849017,1,32768,2.50000381469727,655361,0.5,131072,1,0.5,131072,1.50000381469727,393217,1.50000381469727,393217,0,0,1,262144,110.904861450195,7268261,2.00000381469727,524289,0.159999847412109,41943,0.119998931884766,31457
0.1479,1,110.904859786501,0,1,0,0,0,1,2.5,0.5,1,0.5,1.5,1.5,0,0,1,110.904859786501,2,0.16,0.12,1,2.5,0.5,1,0.5,1.5,1.5,0,0,1,110.904859786501,2,0.16,0.12,1,32768,2.49999997671694,2684354535,0.5,536870912,1,0.5,536870912,1.49999997671694,1610612711,1.49999997671694,1610612711,0,0,1,1073741824,110.904859542847,116292174,1.99999997671694,2147483623,0.160000030882657,171798725,0.119999998249114,128849017,1,32768,2.50000381469727,655361,0.5,131072,1,0.5,131072,1.50000381469727,393217,1.50000381469727,393217,0,0,1,262144,110.904861450195,7268261,2.00000381469727,524289,0.159999847412109,41943,0.119998931884766,31457
0.1489,1,-110.904859786501,0,1,0,0,0,-1,-1.5,0.5,1,0.22,1.5,-0.5,0,0,-1,-110.904859786501,-2,-0.16,0.12,-1,-1.5,0.5,1,0.22,1.5,-0.5,0,0,-1,-110.904859786501,-2,-0.16,0.12,-1,-32768,-1.49999997671694,-1610612711,0.5,536870912,1,0.21999997086823,236223170,1.49999997671694,1610612711,-0.499999976716936,-536870887,0,0,-1,-1073741824,-110.904859542847,-116292174,-1.99999997671694,-2147483623,-0.160000030882657,-171798725,0.119999998249114,128849017,-1,-32768,-1.50000381469727,-393217,0.5,131072,1,0.220001220703125,57672,1.50000381469727,393217,-0.500003814697266,-131073,0,0,-1,-262144,-110.904861450195,-7268261,-2.00000381469727,-524289,-0.159999847412109,-41943,0.119998931884766,31457
0.1499,1,-110.904859786501,0,1,0,0,0,-1,-1.78,0.22,1,0.1,-0.5,-0.78,0,0,-1,-110.904859786501,-2,-0.16,-0.04,-1,-1.78,0.22,1,0.1,-0.5,-0.78,0,0,-1,-110.904859786501,-2,-0.16,-0.04,-1,-32768,-1.78000000584871,-1911260453,0.21999997086823,236223170,1,0.099999938160181,107374116,-0.499999976716936,-536870887,-0.780000005848706,-837518629,0,0,-1,-1073741824,-110.904859542847,-116292174,-1.99999997671694,-2147483623,-0.160000030882657,-171798725,-0.0399999981746078,-42949671,-1,-32768,-1.78000259399414,-466617,0.220001220703125,57672,1,0.100002288818359,26215,-0.500003814697266,-131073,-0.780002593994141,-204473,0,0,-1,-262144,-110.904861450195,-7268261,-2.00000381469727,-524289,-0.159999847412109,-41943,-0.0400009155273438,-10486
0.1509,1,-110.904859786501,0,1,0,0,0,-1,-1.9,0.1,1,0.00239999999999998,-0.78,-0.9,0,0,-1,-110.904859786501,-2,-0.16,-0.0624,-1,-1.9,0.1,1,0.00239999999999998,-0.78,-0.9,0,0,-1,-110.904859786501,-2,-0.16,-0.0624,-1,-32768,-1.90000003855675,-2040109507,0.099999938160181,107374116,1,0.00239990744739771,2576881,-0.780000005848706,-837518629,-0.900000038556755,-966367683,0,0,-1,-1073741824,-110.904859542847,-116292174,-1.99999997671694,-2147483623,-0.160000030882657,-171798725,-0.0624000001698732,-67001490,-1,-32768,-1.90000152587891,-498074,0.100002288818359,26215,1,0.00240325927734375,630,-0.780002593994141,-204473,-0.900001525878906,-235930,0,0,-1,-262144,-110.904861450195,-7268261,-2.00000381469727,-524289,-0.159999847412109,-41943,-0.0624008178710938,-16358
0.1519,1,-110.904859786501,0,1,0,0,0,-1,-1.9976,0.00239999999999998,1,-0.0856,-0.9,-0.9976,0,0,-1,-110.904859786501,-2,-0.16,-0.072,-1,-1.9976,0.00239999999999998,1,-0.0856,-0.9,-0.9976,0,0,-1,-110.904859786501,-2,-0.16,-0.072,-1,-32768,-1.99760006926954,-2144906742,0.00239990744739771,2576881,1,-0.0856001200154424,-91912429,-0.900000038556755,-966367683,-0.997600069269538,-1071164918,0,0,-1,-1073741824,-110.904859542847,-116292174,-1.99999997671694,-2147483623,-0.160000030882657,-171798725,-0.0720000034198165,-77309415,-1,-32768,-1.99760055541992,-523659,0.00240325927734375,630,1,-0.0855979919433594,-22439,-0.900001525878906,-235930,-0.997600555419922,-261515,0,0,-1,-262144,-110.904861450195,-7268261,-2.00000381469727,-524289,-0.159999847412109,-41943,-0.0719985961914062,-18874
0.1529,1,-110.904859786501,0,1,0,0,0,-1,-2.0856,-0.0856,1,-0.165792,-0.9976,-1.0856,0,0,-1,-110.904859786501,-2,-0.16,-0.079808,-1,-2.0856,-0.0856,1,-0.165792,-0.9976,-1.0856,0,0,-1,-110.904859786501,-2,-0.16,-0.079808,-1,-32768,-2.08560009673238,-2239396052,-0.0856001200154424,-91912429,1,-0.165792144834995,-178017960,-0.997600069269538,-1071164918,-1.08560009673238,-1165654228,0,0,-1,-1073741824,-110.904859542847,-116292174,-1.99999997671694,-2147483623,-0.160000030882657,-171798725,-0.0798080060631037,-85693194,-1,-32768,-2.08560180664062,-546728,-0.0855979919433594,-22439,1,-0.165790557861328,-43461,-0.997600555419922,-261515,-1.08560180664062,-284584,0,0,-1,-262144,-110.904861450195,-7268261,-2.00000381469727,-524289,-0.159999847412109,-41943,-0.0798072814941406,-20921
0.1539,1,-110.904859786501,0,1,0,0,0,-1,-2.165792,-0.165792,1,-0.238944,-1.0856,-1.165792,0,0,-1,-110.904859786501,-2,-0.16,-0.086848,-1,-2.165792,-0.165792,1,-0.238944,-1.0856,-1.165792,0,0,-1,-110.904859786501,-2,-0.16,-0.086848,-1,-32768,-2.16579212155193,-2325501583,-0.165792144834995,-178017960,1,-0.238944168202579,-256564347,-1.08560009673238,-1165654228,-1.16579212155193,-1251759759,0,0,-1,-1073741824,-110.904859542847,-116292174,-1.99999997671694,-2147483623,-0.160000030882657,-171798725,-0.0868480075150728,-93252338,-1,-32768,-2.16579437255859,-567750,-0.165790557861328,-43461,1,-0.238941192626953,-62637,-1.08560180664062,-284584,-1.16579437255859,-305606,0,0,-1,-262144,-110.904861450195,-7268261,-2.00000381469727,-524289,-0.159999847412109,-41943,-0.0868492126464844,-22767
0.1549,1,-110.904859786501,0,1,0,0,0,-1,-2.238944,-0.238944,1,-0.30568064,-1.165792,-1.238944,0,0,-1,-110.904859786501,-2,-0.16,-0.09326336,-1,-2.238944,-0.238944,1,-0.30568064,-1.165792,-1.238944,0,0,-1,-110.904859786501,-2,-0.16,-0.09326336,-1,-32768,-2.23894414491951,-2404047970,-0.238944168202579,-256564347,1,-0.305680829100311,-328222291,-1.16579212155193,-1251759759,-1.23894414491951,-1330306146,0,0,-1,-1073741824,-110.904859542847,-116292174,-1.99999997671694,-2147483623,-0.160000030882657,-171798725,-0.0932633699849248,-100140781,-1,-32768,-2.23894500732422,-586926,-0.238941192626953,-62637,1,-0.305679321289062,-80132,-1.16579437255859,-305606,-1.23894500732422,-324782,0,0,-1,-262144,-110.904861450195,-7268261,-2.00000381469727,-524289,-0.159999847412109,-41943,-0.09326171875,-24448
0.1559,1,-110.904859786501,0,1,0,0,0,-1,-2.30568064,-0.30568064,1,-0.36656512,-1.238944,-1.30568064,0,0,-1,-110.904859786501,-2,-0.16,-0.09911552,-1,-2.30568064,-0.30568064,1,-0.36656512,-1.238944,-1.30568064,0,0,-1,-110.904859786501,-2,-0.16,-0.09911552,-1,-32768,-2.30568080581725,-2475705914,-0.305680829100311,-328222291,1,-0.366565328091383,-393596524,-1.23894414491951,-1330306146,-1.30568080581725,-1401964090,0,0,-1,-1073741824,-110.904859542847,-116292174,-1.99999997671694,-2147483623,-0.160000030882657,-171798725,-0.0991155318915844,-106424492,-1,-32768,-2.30568313598633,-604421,-0.305679321289062,-80132,1,-0.366561889648438,-96092,-1.23894500732422,-324782,-1.30568313598633,-342277,0,0,-1,-262144,-110.904861450195,-7268261,-2.00000381469727,-524289,-0.159999847412109,-41943,-0.0991172790527344,-25983
0.1569,1,-110.904859786501,0,1,0,0,0,-1,-2.36656512,-0.36656512,1,-0.4221106688,-1.30568064,-1.36656512,0,0,-1,-110.904859786501,-2,-0.16,-0.1044544512,-1,-2.36656512,-0.36656512,1,-0.4221106688,-1.30568064,-1.36656512,0,0,-1,-110.904859786501,-2,-0.16,-0.1044544512,-1,-32768,-2.36656530480832,-2541080147,-0.366565328091383,-393596524,1,-0.422110894694924,-453238122,-1.30568080581725,-1401964090,-1.36656530480832,-1467338323,0,0,-1,-1073741824,-110.904859542847,-116292174,-1.99999997671694,-2147483623,-0.160000030882657,-171798725,-0.104454464279115,-112157127,-1,-32768,-2.3665657043457,-620381,-0.366561889648438,-96092,1,-0.422107696533203,-110653,-1.30568313598633,-342277,-1.3665657043457,-358237,0,0,-1,-262144,-110.904861450195,-7268261,-2.00000381469727,-524289,-0.159999847412109,-41943,-0.104454040527344,-27382
0.1579,1,-110.904859786501,0,1,0,0,0,-1,-2.4221106688,-0.4221106688,1,-0.4727854592,-1.36656512,-1.4221106688,0,0,-1,-110.904859786501,-2,-0.16,-0.1093252096,-1,-2.4221106688,-0.4221106688,1,-0.4727854592,-1.36656512,-1.4221106688,0,0,-1,-110.904859786501,-2,-0.16,-0.1093252096,-1,-32768,-2.42211087141186,-2600721745,-0.422110894694924,-453238122,1,-0.472785701043904,-507649781,-1.36656530480832,-1467338323,-1.42211087141186,-1526979921,0,0,-1,-1073741824,-110.904859542847,-116292174,-1.99999997671694,-2147483623,-0.160000030882657,-171798725,-0.109325224533677,-117387066,-1,-32768,-2.42211151123047,-634942,-0.422107696533203,-110653,1,-0.472782135009766,-123937,-1.3665657043457,-358237,-1.42211151123047,-372798,0,0,-1,-262144,-110.904861450195,-7268261,-2.00000381469727,-524289,-0.159999847412109,-41943,-0.109325408935547,-28659
0.1589,1,-110.904859786501,0,1,0,0,0,-1,-2.4727854592,-0.4727854592,1,-0.5,-1.4221106688,-1.4727854592,0,0,-1,-110.904859786501,-2,-0.16,-0.113768853504,-1,-2.4727854592,-0.4727854592,1,-0.5,-1.4221106688,-1.4727854592,0,0,-1,-110.904859786501,-2,-0.16,-0.113768853504,-1,-32768,-2.47278567776084,-2655133404,-0.472785701043904,-507649781,1,-0.5,-536870912,-1.42211087141186,-1526979921,-1.47278567776084,-1581391580,0,0,-1,-1073741824,-110.904859542847,-116292174,-1.99999997671694,-2147483623,-0.160000030882657,-171798725,-0.113768870010972,-122158394,-1,-32768,-2.47278594970703,-648226,-0.472782135009766,-123937,1,-0.5,-131072,-1.42211151123047,-372798,-1.47278594970703,-386082,0,0,-1,-262144,-110.904861450195,-7268261,-2.00000381469727,-524289,-0.159999847412109,-41943,-0.11376953125,-29824
0.1599,1,-110.904859786501,0,1,0,0,0,-1,-2.5,-0.5,1,-0.5,-1.4727854592,-1.5,0,0,-1,-110.904859786501,-2,-0.16,-0.117822836736,-1,-2.5,-0.5,1,-0.5,-1.4727854592,-1.5,0,0,-1,-110.904859786501,-2,-0.16,-0.117822836736,-1,-32768,-2.49999997671694,-2684354535,-0.5,-536870912,1,-0.5,-536870912,-1.47278567776084,-1581391580,-1.49999997671694,-1610612711,0,0,-1,-1073741824,-110.904859542847,-116292174,-1.99999997671694,-2147483623,-0.160000030882657,-171798725,-0.117822854779661,-126511327,-1,-32768,-2.50000381469727,-655361,-0.5,-131072,1,-0.5,-131072,-1.47278594970703,-386082,-1.50000381469727,-393217,0,0,-1,-262144,-110.904861450195,-7268261,-2.00000381469727,-524289,-0.159999847412109,-41943,-0.117824554443359,-30887
0.1609,1,-110.904859786501,0,1,0,0,0,-1,-2.5,-0.5,1,-0.5,-1.5,-1.5,0,0,-1,-110.904859786501,-2,-0.16,-0.12,-1,-2.5,-0.5,1,-0.5,-1.5,-1.5,0,0,-1,-110.904859786501,-2,-0.16,-0.12,-1,-32768,-2.49999997671694,-2684354535,-0.5,-536870912,1,-0.5,-536870912,-1.49999997671694,-1610612711,-1.49999997671694,-1610612711,0,0,-1,-1073741824,-110.904859542847,-116292174,-1.99999997671694,-2147483623,-0.160000030882657,-171798725,-0.119999998249114,-128849017,-1,-32768,-2.50000381469727,-655361,-0.5,-131072,1,-0.5,-131072,-1.50000381469727,-393217,-1.50000381469727,-393217,0,0,-1,-262144,-110.904861450195,-7268261,-2.00000381469727,-524289,-0.159999847412109,-41943,-0.119998931884766,-31457
0.1619,1,-110.904859786501,0,1,0,0,0,-1,-2.5,-0.5,1,-0.5,-1.5,-1.5,0,0,-1,-110.904859786501,-2,-0.16,-0.12,-1,-2.5,-0.5,1,-0.5,-1.5,-1.5,0,0,-1,-110.904859786501,-2,-0.16,-0.12,-1,-32768,-2.49999997671694,-2684354535,-0.5,-536870912,1,-0.5,-536870912,-1.49999997671694,-1610612711,-1.49999997671694,-1610612711,0,0,-1,-1073741824,-110.904859542847,-116292174,-1.99999997671694,-2147483623,-0.160000030882657,-171798725,-0.119999998249114,-128849017,-1,-32768,-2.50000381469727,-655361,-0.5,-131072,1,-0.5,-131072,-1.50000381469727,-393217,-1.50000381469727,-393217,0,0,-1,-262144,-110.904861450195,-7268261,-2.00000381469727,-524289,-0.159999847412109,-41943,-0.119998931884766,-31457
0.1629,1,-110.904859786501,0,1,0,0,0,-1,-2.5,-0.5,1,-0.5,-1.5,-1.5,0,0,-1,-110.904859786501,-2,-0.16,-0.12,-1,-2.5,-0.5,1,-0.5,-1.5,-1.5,0,0,-1,-110.904859786501,-2,-0.16,-0.12,-1,-32768,-2.49999997671694,-2684354535,-0.5,-536870912,1,-0.5,-536870912,-1.49999997671694,-1610612711,-1.49999997671694,-1610612711,0,0,-1,-1073741824,-110.904859542847,-116292174,-1.99999997671694,-2147483623,-0.160000030882657,-171798725,-0.119999998249114,-128849017,-1,-32768,-2.50000381469727,-655361,-0.5,-131072,1,-0.5,-131072,-1.50000381469727,-393217,-1.50000381469727,-393217,0,0,-1,-262144,-110.904861450195,-7268261,-2.00000381469727,-524289,-0.159999847412109,-41943,-0.119998931884766,-31457
0.1639,1,-110.904859786501,0,1,0,0,0,-1,-2.5,-0.5,1,-0.5,-1.5,-1.5,0,0,-1,-110.904859786501,-2,-0.16,-0.12,-1,-2.5,-0.5,1,-0.5,-1.5,-1.5,0,0,-1,-110.904859786501,-2,-0.16,-0.12,-1,-32768,-2.49999997671694,-2684354535,-0.5,-536870912,1,-0.5,-536870912,-1.49999997671694,-1610612711,-1.49999997671694,-1610612711,0,0,-1,-1073741824,-110.904859542847,-116292174,-1.99999997671694,-2147483623,-0.160000030882657,-171798725,-0.119999998249114,-128849017,-1,-32768,-2.50000381469727,-655361,-0.5,-131072,1,-0.5,-131072,-1.50000381469727,-393217,-1.50000381469727,-393217,0,0,-1,-262144,-110.904861450195,-7268261,-2.00000381469727,-524289,-0.159999847412109,-41943,-0.119998931884766,-31457
0.1649,1,-110.904859786501,0,1,0,0,0,-1,-2.5,-0.5,1,-0.5,-1.5,-1.5,0,0,-1,-110.904859786501,-2,-0.16,-0.12,-1,-2.5,-0.5,1,-0.5,-1.5,-1.5,0,0,-1,-110.904859786501,-2,-0.16,-0.12,-1,-32768,-2.49999997671694,-2684354535,-0.5,-536870912,1,-0.5,-536870912,-1.49999997671694,-1610612711,-1.49999997671694,-1610612711,0,0,-1,-1073741824,-110.904859542847,-116292174,-1.99999997671694,-2147483623,-0.160000030882657,-171798725,-0.119999998249114,-128849017,-1,-32768,-2.50000381469727,-655361,-0.5,-131072,1,-0.5,-131072,-1.50000381469727,-393217,-1.50000381469727,-393217,0,0,-1,-262144,-110.904861450195,-7268261,-2.00000381469727,-524289,-0.159999847412109,-41943,-0.119998931884766,-31457
0.1659,1,-110.904859786501,0,1,0,0,0,-1,-2.5,-0.5,1,-0.5,-1.5,-1.5,0,0,-1,-110.904859786501,-2,-0.16,-0.12,-1,-2.5,-0.5,1,-0.5,-1.5,-1.5,0,0,-1,-110.904859786501,-2,-0.16,-0.12,-1,-32768,-2.49999997671694,-2684354535,-0.5,-536870912,1,-0.5,-536870912,-1.49999997671694,-1610612711,-1.49999997671694,-1610612711,0,0,-1,-1073741824,-110.904859542847,-116292174,-1.99999997671694,-2147483623,-0.160000030882657,-171798725,-0.119999998249114,-128849017,-1,-32768,-2.50000381469727,-655361,-0.5,-131072,1,-0.5,-131072,-1.50000381469727,-393217,-1.50000381469727,-393217,0,0,-1,-262144,-110.904861450195,-7268261,-2.00000381469727,-524289,-0.159999847412109,-41943,-0.119998931884766,-31457
0.1669,1,-110.904859786501,0,1,0,0,0,-1,-2.5,-0.5,1,-0.5,-1.5,-1.5,0,0,-1,-110.904859786501,-2,-0.16,-0.12,-1,-2.5,-0.5,1,-0.5,-1.5,-1.5,0,0,-1,-110.904859786501,-2,-0.16,-0.12,-1,-32768,-2.49999997671694,-2684354535,-0.5,-536870912,1,-0.5,-536870912,-1.49999997671694,-1610612711,-1.49999997671694,-1610612711,0,0,-1,-1073741824,-110.904859542847,-116292174,-1.99999997671694,-2147483623,-0.160000030882657,-171798725,-0.119999998249114,-128849017,-1,-32768,-2.50000381469727,-655361,-0.5,-131072,1,-0.5,-131072,-1.50000381469727,-393217,-1.50000381469727,-393217,0,0,-1,-262144,-110.904861450195,-7268261,-2.00000381469727,-524289,-0.159999847412109,-41943,-0.119998931884766,-31457
0.1679,1,-110.904859786501,0,1,0,0,0,-1,-2.5,-0.5,1,-0.5,-1.5,-1.5,0,0,-1,-110.904859786501,-2,-0.16,-0.12,-1,-2.5,-0.5,1,-0.5,-1.5,-1.5,0,0,-1,-110.904859786501,-2,-0.16,-0.12,-1,-32768,-2.49999997671694,-2684354535,-0.5,-536870912,1,-0.5,-536870912,-1.49999997671694,-1610612711,-1.49999997671694,-1610612711,0,0,-1,-1073741824,-110.904859542847,-116292174,-1.99999997671694,-2147483623,-0.160000030882657,-171798725,-0.119999998249114,-128849017,-1,-32768,-2.50000381469727,-655361,-0.5,-131072,1,-0.5,-131072,-1.50000381469727,-393217,-1.50000381469727,-393217,0,0,-1,-262144,-110.904861450195,-7268261,-2.00000381469727,-524289,-0.159999847412109,-41943,-0.119998931884766,-31457
0.1689,1,-110.904859786501,0,1,0,0,0,-1,-2.5,-0.5,1,-0.5,-1.5,-1.5,0,0,-1,-110.904859786501,-2,-0.16,-0.12,-1,-2.5,-0.5,1,-0.5,-1.5,-1.5,0,0,-1,-110.904859786501,-2,-0.16,-0.12,-1,-32768,-2.49999997671694,-2684354535,-0.5,-536870912,1,-0.5,-536870912,-1.49999997671694,-1610612711,-1.49999997671694,-1610612711,0,0,-1,-1073741824,-110.904859542847,-116292174,-1.99999997671694,-2147483623,-0.160000030882657,-171798725,-0.119999998249114,-128849017,-1,-32768,-2.50000381469727,-655361,-0.5,-131072,1,-0.5,-131072,-1.50000381469727,-393217,-1.50000381469727,-393217,0,0,-1,-262144,-110.904861450195,-7268261,-2.00000381469727,-524289,-0.159999847412109,-41943,-0.119998931884766,-31457
0.1699,1,-110.904859786501,0,1,0,0,0,-1,-2.5,-0.5,1,-0.5,-1.5,-1.5,0,0,-1,-110.904859786501,-2,-0.16,-0.12,-1,-2.5,-0.5,1,-0.5,-1.5,-1.5,0,0,-1,-110.904859786501,-2,-0.16,-0.12,-1,-32768,-2.49999997671694,-2684354535,-0.5,-536870912,1,-0.5,-536870912,-1.49999997671694,-1610612711,-1.49999997671694,-1610612711,0,0,-1,-1073741824,-110.904859542847,-116292174,-1.99999997671694,-2147483623,-0.160000030882657,-171798725,-0.119999998249114,-128849017,-1,-32768,-2.50000381469727,-655361,-0.5,-131072,1,-0.5,-131072,-1.50000381469727,-393217,-1.50000381469727,-393217,0,0,-1,-262144,-110.904861450195,-7268261,-2.00000381469727,-524289,-0.159999847412109,-41943,-0.119998931884766,-31457
0.1709,1,-110.904859786501,0,1,0,0,0,-1,-2.5,-0.5,1,-0.5,-1.5,-1.5,0,0,-1,-110.904859786501,-2,-0.16,-0.12,-1,-2.5,-0.5,1,-0.5,-1.5,-1.5,0,0,-1,-110.904859786501,-2,-0.16,-0.12,-1,-32768,-2.49999997671694,-2684354535,-0.5,-536870912,1,-0.5,-536870912,-1.49999997671694,-1610612711,-1.49999997671694,-1610612711,0,0,-1,-1073741824,-110.904859542847,-116292174,-1.99999997671694,-2147483623,-0.160000030882657,-171798725,-0.119999998249114,-128849017,-1,-32768,-2.50000381469727,-655361,-0.5,-131072,1,-0.5,-131072,-1.50000381469727,-393217,-1.50000381469727,-393217,0,0,-1,-262144,-110.904861450195,-7268261,-2.00000381469727,-524289,-0.159999847412109,-41943,-0.119998931884766,-31457
0.1719,1,-110.904859786501,0,1,0,0,0,-1,-2.5,-0.5,1,-0.5,-1.5,-1.5,0,0,-1,-110.904859786501,-2,-0.16,-0.12,-1,-2.5,-0.5,1,-0.5,-1.5,-1.5,0,0,-1,-110.904859786501,-2,-0.16,-0.12,-1,-32768,-2.49999997671694,-2684354535,-0.5,-536870912,1,-0.5,-536870912,-1.49999997671694,-1610612711,-1.49999997671694,-1610612711,0,0,-1,-1073741824,-110.904859542847,-116292174,-1.99999997671694,-2147483623,-0.160000030882657,-171798725,-0.119999998249114,-128849017,-1,-32768,-2.50000381469727,-655361,-0.5,-131072,1,-0.5,-131072,-1.50000381469727,-393217,-1.50000381469727,-393217,0,0,-1,-262144,-110.904861450195,-7268261,-2.00000381469727,-524289,-0.159999847412109,-41943,-0.119998931884766,-31457
0.1729,1,-110.904859786501,0,1,0,0,0,-1,-2.5,-0.5,1,-0.5,-1.5,-1.5,0,0,-1,-110.904859786501,-2,-0.16,-0.12,-1,-2.5,-0.5,1,-0.5,-1.5,-1.5,0,0,-1,-110.904859786501,-2,-0.16,-0.12,-1,-32768,-2.49999997671694,-2684354535,-0.5,-536870912,1,-0.5,-536870912,-1.49999997671694,-1610612711,-1.49999997671694,-1610612711,0,0,-1,-1073741824,-110.904859542847,-116292174,-1.99999997671694,-2147483623,-0.160000030882657,-171798725,-0.119999998249114,-128849017,-1,-32768,-2.50000381469727,-655361,-0.5,-131072,1,-0.5,-131072,-1.50000381469727,-393217,-1.50000381469727,-393217,0,0,-1,-262144,-110.904861450195,-7268261,-2.00000381469727,-524289,-0.159999847412109,-41943,-0.119998931884766,-31457
0.1739,1,-110.904859786501,0,1,0,0,0,-1,-2.5,-0.5,1,-0.5,-1.5,-1.5,0,0,-1,-110.904859786501,-2,-0.16,-0.12,-1,-2.5,-0.5,1,-0.5,-1.5,-1.5,0,0,-1,-110.904859786501,-2,-0.16,-0.12,-1,-32768,-2.49999997671694,-2684354535,-0.5,-536870912,1,-0.5,-536870912,-1.49999997671694,-1610612711,-1.49999997671694,-1610612711,0,0,-1,-1073741824,-110.904859542847,-116292174,-1.99999997671694,-2147483623,-0.160000030882657,-171798725,-0.119999998249114,-128849017,-1,-32768,-2.50000381469727,-655361,-0.5,-131072,1,-0.5,-131072,-1.50000381469727,-393217,-1.50000381469727,-393217,0,0,-1,-262144,-110.904861450195,-7268261,-2.00000381469727,-524289,-0.159999847412109,-41943,-0.119998931884766,-31457
0.1749,1,-110.904859786501,0,1,0,0,0,-1,-2.5,-0.5,1,-0.5,-1.5,-1.5,0,0,-1,-110.904859786501,-2,-0.16,-0.12,-1,-2.5,-0.5,1,-0.5,-1.5,-1.5,0,0,-1,-110.904859786501,-2,-0.16,-0.12,-1,-32768,-2.49999997671694,-2684354535,-0.5,-536870912,1,-0.5,-536870912,-1.49999997671694,-1610612711,-1.49999997671694,-1610612711,0,0,-1,-1073741824,-110.904859542847,-116292174,-1.99999997671694,-2147483623,-0.160000030882657,-171798725,-0.119999998249114,-128849017,-1,-32768,-2.50000381469727,-655361,-0.5,-131072,1,-0.5,-131072,-1.50000381469727,-393217,-1.50000381469727,-393217,0,0,-1,-262144,-110.904861450195,-7268261,-2.00000381469727,-524289,-0.159999847412109,-41943,-0.119998931884766,-31457
0.1759,1,-110.904859786501,0,1,0,0,0,-1,-2.5,-0.5,1,-0.5,-1.5,-1.5,0,0,-1,-110.904859786501,-2,-0.16,-0.12,-1,-2.5,-0.5,1,-0.5,-1.5,-1.5,0,0,-1,-110.904859786501,-2,-0.16,-0.12,-1,-32768,-2.49999997671694,-2684354535,-0.5,-536870912,1,-0.5,-536870912,-1.49999997671694,-1610612711,-1.49999997671694,-1610612711,0,0,-1,-1073741824,-110.904859542847,-116292174,-1.99999997671694,-2147483623,-0.160000030882657,-171798725,-0.119999998249114,-128849017,-1,-32768,-2.50000381469727,-655361,-0.5,-131072,1,-0.5,-131072,-1.50000381469727,-393217,-1.50000381469727,-393217,0,0,-1,-262144,-110.904861450195,-7268261,-2.00000381469727,-524289,-0.159999847412109,-41943,-0.119998931884766,-31457
0.1769,1,-110.904859786501,0,1,0,0,0,-1,-2.5,-0.5,1,-0.5,-1.5,-1.5,0,0,-1,-110.904859786501,-2,-0.16,-0.12,-1,-2.5,-0.5,1,-0.5,-1.5,-1.5,0,0,-1,-110.904859786501,-2,-0.16,-0.12,-1,-32768,-2.49999997671694,-2684354535,-0.5,-536870912,1,-0.5,-536870912,-1.49999997671694,-1610612711,-1.49999997671694,-1610612711,0,0,-1,-1073741824,-110.904859542847,-116292174,-1.99999997671694,-2147483623,-0.160000030882657,-171798725,-0.119999998249114,-128849017,-1,-32768,-2.50000381469727,-655361,-0.5,-131072,1,-0.5,-131072,-1.50000381469727,-393217,-1.50000381469727,-393217,0,0,-1,-262144,-110.904861450195,-7268261,-2.00000381469727,-524289,-0.159999847412109,-41943,-0.119998931884766,-31457
0.1779,1,-110.904859786501,0,1,0,0,0,-1,-2.5,-0.5,1,-0.5,-1.5,-1.5,0,0,-1,-110.904859786501,-2,-0.16,-0.12,-1,-2.5,-0.5,1,-0.5,-1.5,-1.5,0,0,-1,-110.904859786501,-2,-0.16,-0.12,-1,-32768,-2.49999997671694,-2684354535,-0.5,-536870912,1,-0.5,-536870912,-1.49999997671694,-1610612711,-1.49999997671694,-1610612711,0,0,-1,-1073741824,-110.904859542847,-116292174,-1.99999997671694,-2147483623,-0.160000030882657,-171798725,-0.119999998249114,-128849017,-1,-32768,-2.50000381469727,-655361,-0.5,-131072,1,-0.5,-131072,-1.50000381469727,-393217,-1.50000381469727,-393217,0,0,-1,-262144,-110.904861450195,-7268261,-2.00000381469727,-524289,-0.159999847412109,-41943,-0.119998931884766,-31457
0.1789,1,0,0,1,0,0,0,-0.5,-0.5,-0.5,0,-0.38,-1.5,0,0,0,-0.5,0,0,0,-0.12,-0.5,-0.5,-0.5,0,-0.38,-1.5,0,0,0,-0.5,0,0,0,-0.12,-0.5,-16384,-0.5,-536870912,-0.5,-536870912,0,-0.380000001750886,-408021895,-1.49999997671694,-1610612711,0,0,0,0,-0.5,-536870912,0,0,0,0,0,0,-0.119999998249114,-128849017,-0.5,-16384,-0.5,-131072,-0.5,-131072,0,-0.380001068115234,-99615,-1.50000381469727,-393217,0,0,0,0,-0.5,-131072,0,0,0,0,0,0,-0.119998931884766,-31457
0.1799,1,0,0,1,0,0,0,-0.38,-0.38,-0.38,0,-0.38,0,0,0,0,-0.38,0,0,0,0,-0.38,-0.38,-0.38,0,-0.38,0,0,0,0,-0.38,0,0,0,0,-0.3800048828125,-12452,-0.380000001750886,-408021895,-0.380000001750886,-408021895,0,-0.380000001750886,-408021895,0,0,0,0,0,0,-0.380000001750886,-408021895,0,0,0,0,0,0,0,0,-0.3800048828125,-12452,-0.380001068115234,-99615,-0.380001068115234,-99615,0,-0.380001068115234,-99615,0,0,0,0,0,0,-0.380001068115234,-99615,0,0,0,0,0,0,0,0
0.1809,1,0,0,1,0,0,0,-0.38,-0.38,-0.38,0,-0.38,0,0,0,0,-0.38,0,0,0,0,-0.38,-0.38,-0.38,0,-0.38,0,0,0,0,-0.38,0,0,0,0,-0.3800048828125,-12452,-0.380000001750886,-408021895,-0.380000001750886,-408021895,0,-0.380000001750886,-408021895,0,0,0,0,0,0,-0.380000001750886,-408021895,0,0,0,0,0,0,0,0,-0.3800048828125,-12452,-0.380001068115234,-99615,-0.380001068115234,-99615,0,-0.380001068115234,-99615,0,0,0,0,0,0,-0.380001068115234,-99615,0,0,0,0,0,0,0,0
0.1819,1,0,0,1,0,0,0,-0.38,-0.38,-0.38,0,-0.38,0,0,0,0,-0.38,0,0,0,0,-0.38,-0.38,-0.38,0,-0.38,0,0,0,0,-0.38,0,0,0,0,-0.3800048828125,-12452,-0.380000001750886,-408021895,-0.380000001750886,-408021895,0,-0.380000001750886,-408021895,0,0,0,0,0,0,-0.380000001750886,-408021895,0,0,0,0,0,0,0,0,-0.3800048828125,-12452,-0.380001068115234,-99615,-0.380001068115234,-99615,0,-0.380001068115234,-99615,0,0,0,0,0,0,-0.380001068115234,-99615,0,0,0,0,0,0,0,0
0.1829,1,0,0,1,0,0,0,-0.38,-0.38,-0.38,0,-0.38,0,0,0,0,-0.38,0,0,0,0,-0.38,-0.38,-0.38,0,-0.38,0,0,0,0,-0.38,0,0,0,0,-0.3800048828125,-12452,-0.380000001750886,-408021895,-0.380000001750886,-408021895,0,-0.380000001750886,-408021895,0,0,0,0,0,0,-0.380000001750886,-408021895,0,0,0,0,0,0,0,0,-0.3800048828125,-12452,-0.380001068115234,-99615,-0.380001068115234,-99615,0,-0.380001068115234,-99615,0,0,0,0,0,0,-0.380001068115234,-99615,0,0,0,0,0,0,0,0
0.1839,1,0,0,1,0,0,0,-0.38,-0.38,-0.38,0,-0.38,0,0,0,0,-0.38,0,0,0,0,-0.38,-0.38,-0.38,0,-0.38,0,0,0,0,-0.38,0,0,0,0,-0.3800048828125,-12452,-0.380000001750886,-408021895,-0.380000001750886,-408021895,0,-0.380000001750886,-408021895,0,0,0,0,0,0,-0.380000001750886,-408021895,0,0,0,0,0,0,0,0,-0.3800048828125,-12452,-0.380001068115234,-99615,-0.380001068115234,-99615,0,-0.380001068115234,-99615,0,0,0,0,0,0,-0.380001068115234,-99615,0,0,0,0,0,0,0,0
0.1849,1,0,0,1,0,0,0,-0.38,-0.38,-0.38,0,-0.38,0,0,0,0,-0.38,0,0,0,0,-0.38,-0.38,-0.38,0,-0.38,0,0,0,0,-0.38,0,0,0,0,-0.3800048828125,-12452,-0.380000001750886,-408021895,-0.380000001750886,-408021895,0,-0.380000001750886,-408021895,0,0,0,0,0,0,-0.380000001750886,-408021895,0,0,0,0,0,0,0,0,-0.3800048828125,-12452,-0.380001068115234,-99615,-0.380001068115234,-99615,0,-0.380001068115234,-99615,0,0,0,0,0,0,-0.380001068115234,-99615,0,0,0,0,0,0,0,0
0.1859,1,0,0,1,0,0,0,-0.38,-0.38,-0.38,0,-0.38,0,0,0,0,-0.38,0,0,0,0,-0.38,-0.38,-0.38,0,-0.38,0,0,0,0,-0.38,0,0,0,0,-0.3800048828125,-12452,-0.380000001750886,-408021895,-0.380000001750886,-408021895,0,-0.380000001750886,-408021895,0,0,0,0,0,0,-0.380000001750886,-408021895,0,0,0,0,0,0,0,0,-0.3800048828125,-12452,-0.380001068115234,-99615,-0.380001068115234,-99615,0,-0.380001068115234,-99615,0,0,0,0,0,0,-0.380001068115234,-99615,0,0,0,0,0,0,0,0
0.1869,1,0,0,1,0,0,0,-0.38,-0.38,-0.38,0,-0.38,0,0,0,0,-0.38,0,0,0,0,-0.38,-0.38,-0.38,0,-0.38,0,0,0,0,-0.38,0,0,0,0,-0.3800048828125,-12452,-0.380000001750886,-408021895,-0.380000001750886,-408021895,0,-0.380000001750886,-408021895,0,0,0,0,0,0,-0.380000001750886,-408021895,0,0,0,0,0,0,0,0,-0.3800048828125,-12452,-0.380001068115234,-99615,-0.380001068115234,-99615,0,-0.380001068115234,-99615,0,0,0,0,0,0,-0.380001068115234,-99615,0,0,0,0,0,0,0,0
0.1879,1,0,0,1,0,0,0,-0.38,-0.38,-0.38,0,-0.38,0,0,0,0,-0.38,0,0,0,0,-0.38,-0.38,-0.38,0,-0.38,0,0,0,0,-0.38,0,0,0,0,-0.3800048828125,-12452,-0.380000001750886,-408021895,-0.380000001750886,-408021895,0,-0.380000001750886,-408021895,0,0,0,0,0,0,-0.380000001750886,-408021895,0,0,0,0,0,0,0,0,-0.3800048828125,-12452,-0.380001068115234,-99615,-0.380001068115234,-99615,0,-0.380001068115234,-99615,0,0,0,0,0,0,-0.380001068115234,-99615,0,0,0,0,0,0,0,0
0.1889,1,0,0,1,0,0,0,-0.38,-0.38,-0.38,0,-0.38,0,0,0,0,-0.38,0,0,0,0,-0.38,-0.38,-0.38,0,-0.38,0,0,0,0,-0.38,0,0,0,0,-0.3800048828125,-12452,-0.380000001750886,-408021895,-0.380000001750886,-408021895,0,-0.380000001750886,-408021895,0,0,0,0,0,0,-0.380000001750886,-408021895,0,0,0,0,0,0,0,0,-0.3800048828125,-12452,-0.380001068115234,-99615,-0.380001068115234,-99615,0,-0.380001068115234,-99615,0,0,0,0,0,0,-0.380001068115234,-99615,0,0,0,0,0,0,0,0
0.1899,1,0,0,1,0,0,0,-0.38,-0.38,-0.38,0,-0.38,0,0,0,0,-0.38,0,0,0,0,-0.38,-0.38,-0.38,0,-0.38,0,0,0,0,-0.38,0,0,0,0,-0.3800048828125,-12452,-0.380000001750886,-408021895,-0.380000001750886,-408021895,0,-0.380000001750886,-408021895,0,0,0,0,0,0,-0.380000001750886,-408021895,0,0,0,0,0,0,0,0,-0.3800048828125,-12452,-0.380001068115234,-99615,-0.380001068115234,-99615,0,-0.380001068115234,-99615,0,0,0,0,0,0,-0.380001068115234,-99615,0,0,0,0,0,0,0,0
0.1909,1,0,0,1,0,0,0,-0.38,-0.38,-0.38,0,-0.38,0,0,0,0,-0.38,0,0,0,0,-0.38,-0.38,-0.38,0,-0.38,0,0,0,0,-0.38,0,0,0,0,-0.3800048828125,-12452,-0.380000001750886,-408021895,-0.380000001750886,-408021895,0,-0.380000001750886,-408021895,0,0,0,0,0,0,-0.380000001750886,-408021895,0,0,0,0,0,0,0,0,-0.3800048828125,-12452,-0.380001068115234,-99615,-0.380001068115234,-99615,0,-0.380001068115234,-99615,0,0,0,0,0,0,-0.380001068115234,-99615,0,0,0,0,0,0,0,0
0.1919,1,0,0,1,0,0,0,-0.38,-0.38,-0.38,0,-0.38,0,0,0,0,-0.38,0,0,0,0,-0.38,-0.38,-0.38,0,-0.38,0,0,0,0,-0.38,0,0,0,0,-0.3800048828125,-12452,-0.380000001750886,-408021895,-0.380000001750886,-408021895,0,-0.380000001750886,-408021895,0,0,0,0,0,0,-0.380000001750886,-408021895,0,0,0,0,0,0,0,0,-0.3800048828125,-12452,-0.380001068115234,-99615,-0.380001068115234,-99615,0,-0.380001068115234,-99615,0,0,0,0,0,0,-0.380001068115234,-99615,0,0,0,0,0,0,0,0
0.1929,1,0,0,1,0,0,0,-0.38,-0.38,-0.38,0,-0.38,0,0,0,0,-0.38,0,0,0,0,-0.38,-0.38,-0.38,0,-0.38,0,0,0,0,-0.38,0,0,0,0,-0.3800048828125,-12452,-0.380000001750886,-408021895,-0.380000001750886,-408021895,0,-0.380000001750886,-408021895,0,0,0,0,0,0,-0.380000001750886,-408021895,0,0,0,0,0,0,0,0,-0.3800048828125,-12452,-0.380001068115234,-99615,-0.380001068115234,-99615,0,-0.380001068115234,-99615,0,0,0,0,0,0,-0.380001068115234,-99615,0,0,0,0,0,0,0,0
0.1939,1,2,0,1,0,0,0,-0.343933050294638,-0.343933050294638,-0.38,0,-0.377114644023571,0,0,0,0,-0.343933050294638,2,0.0360669497053622,0.00288535597642898,0,-0.343933050294638,-0.343933050294638,-0.38,0,-0.377114644023571,0,0,0,0,-0.343933050294638,2,0.0360669497053622,0.00288535597642898,0,-0.34393310546875,-11270,-0.343933052383363,-369295303,-0.380000001750886,-408021895,0,-0.377114645205438,-404923767,0,0,0,0,0,0,-0.343933052383363,-369295303,2,2097152,0.0360669493675232,38726592,0.0028853565454483,3098128,0,0,-0.34393310546875,-11270,-0.34393310546875,-90160,-0.380001068115234,-99615,0,-0.377117156982422,-98859,0,0,0,0,0,0,-0.34393310546875,-90160,2,131072,0.0360679626464844,9455,0.0028839111328125,756,0,0
0.1949,1,2,0,1,0,0,0,-0.341047694318209,-0.341047694318209,-0.377114644023571,0,-0.374229288047142,0,0,0,0,-0.341047694318209,2,0.0360669497053622,0.00288535597642898,0,-0.341047694318209,-0.341047694318209,-0.377114644023571,0,-0.374229288047142,0,0,0,0,-0.341047694318209,2,0.0360669497053622,0.00288535597642898,0,-0.341033935546875,-11175,-0.341047695837915,-366197175,-0.377114645205438,-404923767,0,-0.37422928865999,-401825639,0,0,0,0,0,0,-0.341047695837915,-366197175,2,2097152,0.0360669493675232,38726592,0.0028853565454483,3098128,0,0,-0.341064453125,-11176,-0.341049194335938,-89404,-0.377117156982422,-98859,0,-0.374233245849609,-98103,0,0,0,0,0,0,-0.341049194335938,-89404,2,131072,0.0360679626464844,9455,0.0028839111328125,756,0,0
0.1959,1,5,10,1,0,0,0,-0.464396662310548,-0.464396662310548,-0.374229288047142,0,0,0,0,0,1,-0.464396662310548,-5,-0.0901673742634056,-0.00721338994107245,0,-0.464396662310548,-0.464396662310548,-0.374229288047142,0,0,0,0,0,1,-0.464396662310548,-5,-0.0901673742634056,-0.00721338994107245,0,-0.464385986328125,-15217,-0.464396662078798,-498642119,-0.37422928865999,-401825639,0,0,0,0,0,0,0,0,1,-0.464396662078798,-498642119,-5,-5242880,-0.090167373418808,-96816480,-0.00721339136362076,-7745320,0,0,-0.46441650390625,-15218,-0.464401245117188,-121740,-0.374233245849609,-98103,0,0,0,0,0,0,0,0,1,-0.464401245117188,-121740,-5,-327680,-0.0901679992675781,-23637,-0.00721359252929688,-1891,0,0
0.1969,1,5,10,1,0,0,0,-0.0901673742634056,-0.0901673742634056,0,0,0,0,0,0,1,-0.0901673742634056,-5,-0.0901673742634056,-0.00721338994107245,0,-0.0901673742634056,-0.0901673742634056,0,0,0,0,0,0,1,-0.0901673742634056,-5,-0.0901673742634056,-0.00721338994107245,0,-0.090179443359375,-2955,-0.090167373418808,-96816480,0,0,0,0,0,0,0,0,0,0,1,-0.090167373418808,-96816480,-5,-5242880,-0.090167373418808,-96816480,-0.00721339136362076,-7745320,0,0,-0.090179443359375,-2955,-0.0901679992675781,-23637,0,0,0,0,0,0,0,0,0,0,1,-0.0901679992675781,-23637,-5,-327680,-0.0901679992675781,-23637,-0.00721359252929688,-1891,0,0
0.1979,1,5,10,1,0,0,0,-0.0901673742634056,-0.0901673742634056,0,0,0,0,0,0,1,-0.0901673742634056,-5,-0.0901673742634056,-0.00721338994107245,0,-0.0901673742634056,-0.0901673742634056,0,0,0,0,0,0,1,-0.0901673742634056,-5,-0.0901673742634056,-0.00721338994107245,0,-0.090179443359375,-2955,-0.090167373418808,-96816480,0,0,0,0,0,0,0,0,0,0,1,-0.090167373418808,-96816480,-5,-5242880,-0.090167373418808,-96816480,-0.00721339136362076,-7745320,0,0,-0.090179443359375,-2955,-0.0901679992675781,-23637,0,0,0,0,0,0,0,0,0,0,1,-0.0901679992675781,-23637,-5,-327680,-0.0901679992675781,-23637,-0.00721359252929688,-1891,0,0
0.1989,1,2,0,1,0,0,0,0.0360669497053622,0.0360669497053622,0,0,0.00288535597642898,0,0,0,0,0.0360669497053622,2,0.0360669497053622,0.00288535597642898,0,0.0360669497053622,0.0360669497053622,0,0,0.00288535597642898,0,0,0,0,0.0360669497053622,2,0.0360669497053622,0.00288535597642898,0,0.03607177734375,1182,0.0360669493675232,38726592,0,0,0,0.0028853565454483,3098128,0,0,0,0,0,0,0.0360669493675232,38726592,2,2097152,0.0360669493675232,38726592,0.0028853565454483,3098128,0,0,0.03607177734375,1182,0.0360679626464844,9455,0,0,0,0.0028839111328125,756,0,0,0,0,0,0,0.0360679626464844,9455,2,131072,0.0360679626464844,9455,0.0028839111328125,756,0,0
0.1999,1,2,0,1,0,0,0,0.0389523056817912,0.0389523056817912,0.00288535597642898,0,0.00577071195285796,0,0,0,0,0.0389523056817912,2,0.0360669497053622,0.00288535597642898,0,0.0389523056817912,0.0389523056817912,0.00288535597642898,0,0.00577071195285796,0,0,0,0,0.0389523056817912,2,0.0360669497053622,0.00288535597642898,0,0.0389404296875,1276,0.0389523059129715,41824720,0.0028853565454483,3098128,0,0.00577071309089661,6196256,0,0,0,0,0,0,0.0389523059129715,41824720,2,2097152,0.0360669493675232,38726592,0.0028853565454483,3098128,0,0,0.0389404296875,1276,0.0389518737792969,10211,0.0028839111328125,756,0,0.005767822265625,1512,0,0,0,0,0,0,0.0389518737792969,10211,2,131072,0.0360679626464844,9455,0.0028839111328125,756,0,0
0.2009,1,2,0,1,0,0,0,0.0418376616582202,0.0418376616582202,0.00577071195285796,0,0.00865606792928694,0,0,0,0,0.0418376616582202,2,0.0360669497053622,0.00288535597642898,0,0.0418376616582202,0.0418376616582202,0.00577071195285796,0,0.00865606792928694,0,0,0,0,0.0418376616582202,2,0.0360669497053622,0.00288535597642898,0,0.041839599609375,1371,0.0418376624584198,44922848,0.00577071309089661,6196256,0,0.00865606963634491,9294384,0,0,0,0,0,0,0.0418376624584198,44922848,2,2097152,0.0360669493675232,38726592,0.0028853565454483,3098128,0,0,0.041839599609375,1371,0.0418357849121094,10967,0.005767822265625,1512,0,0.0086517333984375,2268,0,0,0,0,0,0,0.0418357849121094,10967,2,131072,0.0360679626464844,9455,0.0028839111328125,756,0,0
0.2019,1,2,0,1,0,0,0,0.0447230176346492,0.0447230176346492,0.00865606792928694,0,0.0115414239057159,0,0,0,0,0.0447230176346492,2,0.0360669497053622,0.00288535597642898,0,0.0447230176346492,0.0447230176346492,0.00865606792928694,0,0.0115414239057159,0,0,0,0,0.0447230176346492,2,0.0360669497053622,0.00288535597642898,0,0.044708251953125,1465,0.0447230190038681,48020976,0.00865606963634491,9294384,0,0.0115414261817932,12392512,0,0,0,0,0,0,0.0447230190038681,48020976,2,2097152,0.0360669493675232,38726592,0.0028853565454483,3098128,0,0,0.044708251953125,1465,0.0447196960449219,11723,0.0086517333984375,2268,0,0.01153564453125,3024,0,0,0,0,0,0,0.0447196960449219,11723,2,131072,0.0360679626464844,9455,0.0028839111328125,756,0,0
0.2029,1,2,0,1,0,0,0,0.0476083736110782,0.0476083736110782,0.0115414239057159,0,0.0144267798821449,0,0,0,0,0.0476083736110782,2,0.0360669497053622,0.00288535597642898,0,0.0476083736110782,0.0476083736110782,0.0115414239057159,0,0.0144267798821449,0,0,0,0,0.0476083736110782,2,0.0360669497053622,0.00288535597642898,0,0.047607421875,1560,0.0476083755493164,51119104,0.0115414261817932,12392512,0,0.0144267827272415,15490640,0,0,0,0,0,0,0.0476083755493164,51119104,2,2097152,0.0360669493675232,38726592,0.0028853565454483,3098128,0,0,0.047607421875,1560,0.0476036071777344,12479,0.01153564453125,3024,0,0.0144195556640625,3780,0,0,0,0,0,0,0.0476036071777344,12479,2,131072,0.0360679626464844,9455,0.0028839111328125,756,0,0
0.2039,1,2,0,1,0,0,0,0.0504937295875071,0.0504937295875071,0.0144267798821449,0,0.0173121358585739,0,0,0,0,0.0504937295875071,2,0.0360669497053622,0.00288535597642898,0,0.0504937295875071,0.0504937295875071,0.0144267798821449,0,0.0173121358585739,0,0,0,0,0.0504937295875071,2,0.0360669497053622,0.00288535597642898,0,0.050506591796875,1655,0.0504937320947647,54217232,0.0144267827272415,15490640,0,0.0173121392726898,18588768,0,0,0,0,0,0,0.0504937320947647,54217232,2,2097152,0.0360669493675232,38726592,0.0028853565454483,3098128,0,0,0.05047607421875,1654,0.0504875183105469,13235,0.0144195556640625,3780,0,0.017303466796875,4536,0,0,0,0,0,0,0.0504875183105469,13235,2,131072,0.0360679626464844,9455,0.0028839111328125,756,0,0
0.2049,1,2,0,1,0,0,0,0.0533790855639361,0.0533790855639361,0.0173121358585739,0,0.0201974918350029,0,0,0,0,0.0533790855639361,2,0.0360669497053622,0.00288535597642898,0,0.0533790855639361,0.0533790855639361,0.0173121358585739,0,0.0201974918350029,0,0,0,0,0.0533790855639361,2,0.0360669497053622,0.00288535597642898,0,0.053375244140625,1749,0.053379088640213,57315360,0.0173121392726898,18588768,0,0.0201974958181381,21686896,0,0,0,0,0,0,0.053379088640213,57315360,2,2097152,0.0360669493675232,38726592,0.0028853565454483,3098128,0,0,0.053375244140625,1749,0.0533714294433594,13991,0.017303466796875,4536,0,0.0201873779296875,5292,0,0,0,0,0,0,0.0533714294433594,13991,2,131072,0.0360679626464844,9455,0.0028839111328125,756,0,0
0.2059,1,2,0,1,1,0,0,0,0.0562644415403651,0.0201974918350029,0,0,0,0,1,1,0.0562644415403651,2,0.0360669497053622,0.00288535597642898,0,0,0.0562644415403651,0.0201974918350029,0,0,0,0,1,1,0.0562644415403651,2,0.0360669497053622,0.00288535597642898,0,0,0,0.0562644451856613,60413488,0.0201974958181381,21686896,0,0,0,0,0,0,0,1,1,0.0562644451856613,60413488,2,2097152,0.0360669493675232,38726592,0.0028853565454483,3098128,0,0,0,0,0.0562553405761719,14747,0.0201873779296875,5292,0,0,0,0,0,0,0,1,1,0.0562553405761719,14747,2,131072,0.0360679626464844,9455,0.0028839111328125,756,0,0
0.2069,1,2,0,1,0,0,0,0.0360669497053622,0.0360669497053622,0,0,0.00288535597642898,0,0,0,0,0.0360669497053622,2,0.0360669497053622,0.00288535597642898,0,0.0360669497053622,0.0360669497053622,0,0,0.00288535597642898,0,0,0,0,0.0360669497053622,2,0.0360669497053622,0.00288535597642898,0,0.03607177734375,1182,0.0360669493675232,38726592,0,0,0,0.0028853565454483,3098128,0,0,0,0,0,0,0.0360669493675232,38726592,2,2097152,0.0360669493675232,38726592,0.0028853565454483,3098128,0,0,0.03607177734375,1182,0.0360679626464844,9455,0,0,0,0.0028839111328125,756,0,0,0,0,0,0,0.0360679626464844,9455,2,131072,0.0360679626464844,9455,0.0028839111328125,756,0,0
0.2079,1,2,0,1,0,0,0,0.0389523056817912,0.0389523056817912,0.00288535597642898,0,0.00577071195285796,0,0,0,0,0.0389523056817912,2,0.0360669497053622,0.00288535597642898,0,0.0389523056817912,0.0389523056817912,0.00288535597642898,0,0.00577071195285796,0,0,0,0,0.0389523056817912,2,0.0360669497053622,0.00288535597642898,0,0.0389404296875,1276,0.0389523059129715,41824720,0.0028853565454483,3098128,0,0.00577071309089661,6196256,0,0,0,0,0,0,0.0389523059129715,41824720,2,2097152,0.0360669493675232,38726592,0.0028853565454483,3098128,0,0,0.0389404296875,1276,0.0389518737792969,10211,0.0028839111328125,756,0,0.005767822265625,1512,0,0,0,0,0,0,0.0389518737792969,10211,2,131072,0.0360679626464844,9455,0.0028839111328125,756,0,0
0.2089,1,2,0,1,0,0,0,0.0418376616582202,0.0418376616582202,0.00577071195285796,0,0.00865606792928694,0,0,0,0,0.0418376616582202,2,0.0360669497053622,0.00288535597642898,0,0.0418376616582202,0.0418376616582202,0.00577071195285796,0,0.00865606792928694,0,0,0,0,0.0418376616582202,2,0.0360669497053622,0.00288535597642898,0,0.041839599609375,1371,0.0418376624584198,44922848,0.00577071309089661,6196256,0,0.00865606963634491,9294384,0,0,0,0,0,0,0.0418376624584198,44922848,2,2097152,0.0360669493675232,38726592,0.0028853565454483,3098128,0,0,0.041839599609375,1371,0.0418357849121094,10967,0.005767822265625,1512,0,0.0086517333984375,2268,0,0,0,0,0,0,0.0418357849121094,10967,2,131072,0.0360679626464844,9455,0.0028839111328125,756,0,0
0.2099,1,2,0,1,0,0,0,0.0447230176346492,0.0447230176346492,0.00865606792928694,0,0.0115414239057159,0,0,0,0,0.0447230176346492,2,0.0360669497053622,0.00288535597642898,0,0.0447230176346492,0.0447230176346492,0.00865606792928694,0,0.0115414239057159,0,0,0,0,0.0447230176346492,2,0.0360669497053622,0.00288535597642898,0,0.044708251953125,1465,0.0447230190038681,48020976,0.00865606963634491,9294384,0,0.0115414261817932,12392512,0,0,0,0,0,0,0.0447230190038681,48020976,2,2097152,0.0360669493675232,38726592,0.0028853565454483,3098128,0,0,0.044708251953125,1465,0.0447196960449219,11723,0.0086517333984375,2268,0,0.01153564453125,3024,0,0,0,0,0,0,0.0447196960449219,11723,2,131072,0.0360679626464844,9455,0.0028839111328125,756,0,0
0.2109,1,2,0,1,0,0,0,0.0476083736110782,0.0476083736110782,0.0115414239057159,0,0.0144267798821449,0,0,0,0,0.0476083736110782,2,0.0360669497053622,0.00288535597642898,0,0.0476083736110782,0.0476083736110782,0.0115414239057159,0,0.0144267798821449,0,0,0,0,0.0476083736110782,2,0.0360669497053622,0.00288535597642898,0,0.047607421875,1560,0.0476083755493164,51119104,0.0115414261817932,12392512,0,0.0144267827272415,15490640,0,0,0,0,0,0,0.0476083755493164,51119104,2,2097152,0.0360669493675232,38726592,0.0028853565454483,3098128,0,0,0.047607421875,1560,0.0476036071777344,12479,0.01153564453125,3024,0,0.0144195556640625,3780,0,0,0,0,0,0,0.0476036071777344,12479,2,131072,0.0360679626464844,9455,0.0028839111328125,756,0,0
0.2119,1,2,0,1,0,0,0,0.0504937295875071,0.0504937295875071,0.0144267798821449,0,0.0173121358585739,0,0,0,0,0.0504937295875071,2,0.0360669497053622,0.00288535597642898,0,0.0504937295875071,0.0504937295875071,0.0144267798821449,0,0.0173121358585739,0,0,0,0,0.0504937295875071,2,0.0360669497053622,0.00288535597642898,0,0.050506591796875,1655,0.0504937320947647,54217232,0.0144267827272415,15490640,0,0.0173121392726898,18588768,0,0,0,0,0,0,0.0504937320947647,54217232,2,2097152,0.0360669493675232,38726592,0.0028853565454483,3098128,0,0,0.05047607421875,1654,0.0504875183105469,13235,0.0144195556640625,3780,0,0.017303466796875,4536,0,0,0,0,0,0,0.0504875183105469,13235,2,131072,0.0360679626464844,9455,0.0028839111328125,756,0,0
0.2129,1,2,0,1,0,0,0,0.0533790855639361,0.0533790855639361,0.0173121358585739,0,0.0201974918350029,0,0,0,0,0.0533790855639361,2,0.0360669497053622,0.00288535597642898,0,0.0533790855639361,0.0533790855639361,0.0173121358585739,0,0.0201974918350029,0,0,0,0,0.0533790855639361,2,0.0360669497053622,0.00288535597642898,0,0.053375244140625,1749,0.053379088640213,57315360,0.0173121392726898,18588768,0,0.0201974958181381,21686896,0,0,0,0,0,0,0.053379088640213,57315360,2,2097152,0.0360669493675232,38726592,0.0028853565454483,3098128,0,0,0.053375244140625,1749,0.0533714294433594,13991,0.017303466796875,4536,0,0.0201873779296875,5292,0,0,0,0,0,0,0.0533714294433594,13991,2,131072,0.0360679626464844,9455,0.0028839111328125,756,0,0
0.2139,1,2,0,1,1,0,0,0,0.0562644415403651,0.0201974918350029,0,0,0,0,1,1,0.0562644415403651,2,0.0360669497053622,0.00288535597642898,0,0,0.0562644415403651,0.0201974918350029,0,0,0,0,1,1,0.0562644415403651,2,0.0360669497053622,0.00288535597642898,0,0,0,0.0562644451856613,60413488,0.0201974958181381,21686896,0,0,0,0,0,0,0,1,1,0.0562644451856613,60413488,2,2097152,0.0360669493675232,38726592,0.0028853565454483,3098128,0,0,0,0,0.0562553405761719,14747,0.0201873779296875,5292,0,0,0,0,0,0,0,1,1,0.0562553405761719,14747,2,131072,0.0360679626464844,9455,0.0028839111328125,756,0,0
0.2149,1,2,0,1,0,0,0,0.0360669497053622,0.0360669497053622,0,0,0.00288535597642898,0,0,0,0,0.0360669497053622,2,0.0360669497053622,0.00288535597642898,0,0.0360669497053622,0.0360669497053622,0,0,0.00288535597642898,0,0,0,0,0.0360669497053622,2,0.0360669497053622,0.00288535597642898,0,0.03607177734375,1182,0.0360669493675232,38726592,0,0,0,0.0028853565454483,3098128,0,0,0,0,0,0,0.0360669493675232,38726592,2,2097152,0.0360669493675232,38726592,0.0028853565454483,3098128,0,0,0.03607177734375,1182,0.0360679626464844,9455,0,0,0,0.0028839111328125,756,0,0,0,0,0,0,0.0360679626464844,9455,2,131072,0.0360679626464844,9455,0.0028839111328125,756,0,0
0.2159,1,2,0,1,0,0,0,0.0389523056817912,0.0389523056817912,0.00288535597642898,0,0.00577071195285796,0,0,0,0,0.0389523056817912,2,0.0360669497053622,0.00288535597642898,0,0.0389523056817912,0.0389523056817912,0.00288535597642898,0,0.00577071195285796,0,0,0,0,0.0389523056817912,2,0.0360669497053622,0.00288535597642898,0,0.0389404296875,1276,0.0389523059129715,41824720,0.0028853565454483,3098128,0,0.00577071309089661,6196256,0,0,0,0,0,0,0.0389523059129715,41824720,2,2097152,0.0360669493675232,38726592,0.0028853565454483,3098128,0,0,0.0389404296875,1276,0.0389518737792969,10211,0.0028839111328125,756,0,0.005767822265625,1512,0,0,0,0,0,0,0.0389518737792969,10211,2,131072,0.0360679626464844,9455,0.0028839111328125,756,0,0
0.2169,1,2,0,1,0,0,0,0.0418376616582202,0.0418376616582202,0.00577071195285796,0,0.00865606792928694,0,0,0,0,0.0418376616582202,2,0.0360669497053622,0.00288535597642898,0,0.0418376616582202,0.0418376616582202,0.00577071195285796,0,0.00865606792928694,0,0,0,0,0.0418376616582202,2,0.0360669497053622,0.00288535597642898,0,0.041839599609375,1371,0.0418376624584198,44922848,0.00577071309089661,6196256,0,0.00865606963634491,9294384,0,0,0,0,0,0,0.0418376624584198,44922848,2,2097152,0.0360669493675232,38726592,0.0028853565454483,3098128,0,0,0.041839599609375,1371,0.0418357849121094,10967,0.005767822265625,1512,0,0.0086517333984375,2268,0,0,0,0,0,0,0.0418357849121094,10967,2,131072,0.0360679626464844,9455,0.0028839111328125,756,0,0
0.2179,1,2,0,1,0,0,0,0.0447230176346492,0.0447230176346492,0.00865606792928694,0,0.0115414239057159,0,0,0,0,0.0447230176346492,2,0.0360669497053622,0.00288535597642898,0,0.0447230176346492,0.0447230176346492,0.00865606792928694,0,0.0115414239057159,0,0,0,0,0.0447230176346492,2,0.0360669497053622,0.00288535597642898,0,0.044708251953125,1465,0.0447230190038681,48020976,0.00865606963634491,9294384,0,0.0115414261817932,12392512,0,0,0,0,0,0,0.0447230190038681,48020976,2,2097152,0.0360669493675232,38726592,0.0028853565454483,3098128,0,0,0.044708251953125,1465,0.0447196960449219,11723,0.0086517333984375,2268,0,0.01153564453125,3024,0,0,0,0,0,0,0.0447196960449219,11723,2,131072,0.0360679626464844,9455,0.0028839111328125,756,0,0
0.2189,1,2,0,0,0,0,0,0,0.0476083736110782,0.0115414239057159,0,0,0,0,1,1,0.0476083736110782,2,0.0360669497053622,0.00288535597642898,0,0,0.0476083736110782,0.0115414239057159,0,0,0,0,1,1,0.0476083736110782,2,0.0360669497053622,0.00288535597642898,0,0,0,0.0476083755493164,51119104,0.0115414261817932,12392512,0,0,0,0,0,0,0,1,1,0.0476083755493164,51119104,2,2097152,0.0360669493675232,38726592,0.0028853565454483,3098128,0,0,0,0,0.0476036071777344,12479,0.01153564453125,3024,0,0,0,0,0,0,0,1,1,0.0476036071777344,12479,2,131072,0.0360679626464844,9455,0.0028839111328125,756,0,0
0.2199,1,2,0,0,0,0,0,0,0.0360669497053622,0,0,0,0,0,1,1,0.0360669497053622,2,0.0360669497053622,0.00288535597642898,0,0,0.0360669497053622,0,0,0,0,0,1,1,0.0360669497053622,2,0.0360669497053622,0.00288535597642898,0,0,0,0.0360669493675232,38726592,0,0,0,0,0,0,0,0,0,1,1,0.0360669493675232,38726592,2,2097152,0.0360669493675232,38726592,0.0028853565454483,3098128,0,0,0,0,0.0360679626464844,9455,0,0,0,0,0,0,0,0,0,1,1,0.0360679626464844,9455,2,131072,0.0360679626464844,9455,0.0028839111328125,756,0,0
0.2209,1,2,0,0,0,0,0,0,0.0360669497053622,0,0,0,0,0,1,1,0.0360669497053622,2,0.0360669497053622,0.00288535597642898,0,0,0.0360669497053622,0,0,0,0,0,1,1,0.0360669497053622,2,0.0360669497053622,0.00288535597642898,0,0,0,0.0360669493675232,38726592,0,0,0,0,0,0,0,0,0,1,1,0.0360669493675232,38726592,2,2097152,0.0360669493675232,38726592,0.0028853565454483,3098128,0,0,0,0,0.0360679626464844,9455,0,0,0,0,0,0,0,0,0,1,1,0.0360679626464844,9455,2,131072,0.0360679626464844,9455,0.0028839111328125,756,0,0
0.2219,1,2,0,0,0,0,0,0,0.0360669497053622,0,0,0,0,0,1,1,0.0360669497053622,2,0.0360669497053622,0.00288535597642898,0,0,0.0360669497053622,0,0,0,0,0,1,1,0.0360669497053622,2,0.0360669497053622,0.00288535597642898,0,0,0,0.0360669493675232,38726592,0,0,0,0,0,0,0,0,0,1,1,0.0360669493675232,38726592,2,2097152,0.0360669493675232,38726592,0.0028853565454483,3098128,0,0,0,0,0.0360679626464844,9455,0,0,0,0,0,0,0,0,0,1,1,0.0360679626464844,9455,2,131072,0.0360679626464844,9455,0.0028839111328125,756,0,0
0.2229,1,2,0,0,0,0,0,0,0.0360669497053622,0,0,0,0,0,1,1,0.0360669497053622,2,0.0360669497053622,0.00288535597642898,0,0,0.0360669497053622,0,0,0,0,0,1,1,0.0360669497053622,2,0.0360669497053622,0.00288535597642898,0,0,0,0.0360669493675232,38726592,0,0,0,0,0,0,0,0,0,1,1,0.0360669493675232,38726592,2,2097152,0.0360669493675232,38726592,0.0028853565454483,3098128,0,0,0,0,0.0360679626464844,9455,0,0,0,0,0,0,0,0,0,1,1,0.0360679626464844,9455,2,131072,0.0360679626464844,9455,0.0028839111328125,756,0,0
0.2239,1,2,0,0,0,0,0,0,0.0360669497053622,0,0,0,0,0,1,1,0.0360669497053622,2,0.0360669497053622,0.00288535597642898,0,0,0.0360669497053622,0,0,0,0,0,1,1,0.0360669497053622,2,0.0360669497053622,0.00288535597642898,0,0,0,0.0360669493675232,38726592,0,0,0,0,0,0,0,0,0,1,1,0.0360669493675232,38726592,2,2097152,0.0360669493675232,38726592,0.0028853565454483,3098128,0,0,0,0,0.0360679626464844,9455,0,0,0,0,0,0,0,0,0,1,1,0.0360679626464844,9455,2,131072,0.0360679626464844,9455,0.0028839111328125,756,0,0
0.2249,1,2,0,1,0,0,0,0.0360669497053622,0.0360669497053622,0,0,0.00288535597642898,0,0,0,0,0.0360669497053622,2,0.0360669497053622,0.00288535597642898,0,0.0360669497053622,0.0360669497053622,0,0,0.00288535597642898,0,0,0,0,0.0360669497053622,2,0.0360669497053622,0.00288535597642898,0,0.03607177734375,1182,0.0360669493675232,38726592,0,0,0,0.0028853565454483,3098128,0,0,0,0,0,0,0.0360669493675232,38726592,2,2097152,0.0360669493675232,38726592,0.0028853565454483,3098128,0,0,0.03607177734375,1182,0.0360679626464844,9455,0,0,0,0.0028839111328125,756,0,0,0,0,0,0,0.0360679626464844,9455,2,131072,0.0360679626464844,9455,0.0028839111328125,756,0,0
0.2259,1,2,0,1,0,0,0,0.0389523056817912,0.0389523056817912,0.00288535597642898,0,0.00577071195285796,0,0,0,0,0.0389523056817912,2,0.0360669497053622,0.00288535597642898,0,0.0389523056817912,0.0389523056817912,0.00288535597642898,0,0.00577071195285796,0,0,0,0,0.0389523056817912,2,0.0360669497053622,0.00288535597642898,0,0.0389404296875,1276,0.0389523059129715,41824720,0.0028853565454483,3098128,0,0.00577071309089661,6196256,0,0,0,0,0,0,0.0389523059129715,41824720,2,2097152,0.0360669493675232,38726592,0.0028853565454483,3098128,0,0,0.0389404296875,1276,0.0389518737792969,10211,0.0028839111328125,756,0,0.005767822265625,1512,0,0,0,0,0,0,0.0389518737792969,10211,2,131072,0.0360679626464844,9455,0.0028839111328125,756,0,0
0.2269,1,2,0,1,0,1,0,0,0.0418376616582202,0.00577071195285796,0,0,0,0,1,1,0.0418376616582202,2,0.0360669497053622,0.00288535597642898,0,0,0.0418376616582202,0.00577071195285796,0,0,0,0,1,1,0.0418376616582202,2,0.0360669497053622,0.00288535597642898,0,0,0,0.0418376624584198,44922848,0.00577071309089661,6196256,0,0,0,0,0,0,0,1,1,0.0418376624584198,44922848,2,2097152,0.0360669493675232,38726592,0.0028853565454483,3098128,0,0,0,0,0.0418357849121094,10967,0.005767822265625,1512,0,0,0,0,0,0,0,1,1,0.0418357849121094,10967,2,131072,0.0360679626464844,9455,0.0028839111328125,756,0,0
0.2279,1,2,0,1,0,0,0,0.0360669497053622,0.0360669497053622,0,0,0.00288535597642898,0,0,0,0,0.0360669497053622,2,0.0360669497053622,0.00288535597642898,0,0.0360669497053622,0.0360669497053622,0,0,0.00288535597642898,0,0,0,0,0.0360669497053622,2,0.0360669497053622,0.00288535597642898,0,0.03607177734375,1182,0.0360669493675232,38726592,0,0,0,0.0028853565454483,3098128,0,0,0,0,0,0,0.0360669493675232,38726592,2,2097152,0.0360669493675232,38726592,0.0028853565454483,3098128,0,0,0.03607177734375,1182,0.0360679626464844,9455,0,0,0,0.0028839111328125,756,0,0,0,0,0,0,0.0360679626464844,9455,2,131072,0.0360679626464844,9455,0.0028839111328125,756,0,0
0.2289,1,2,0,1,0,0,0,0.0389523056817912,0.0389523056817912,0.00288535597642898,0,0.00577071195285796,0,0,0,0,0.0389523056817912,2,0.0360669497053622,0.00288535597642898,0,0.0389523056817912,0.0389523056817912,0.00288535597642898,0,0.00577071195285796,0,0,0,0,0.0389523056817912,2,0.0360669497053622,0.00288535597642898,0,0.0389404296875,1276,0.0389523059129715,41824720,0.0028853565454483,3098128,0,0.00577071309089661,6196256,0,0,0,0,0,0,0.0389523059129715,41824720,2,2097152,0.0360669493675232,38726592,0.0028853565454483,3098128,0,0,0.0389404296875,1276,0.0389518737792969,10211,0.0028839111328125,756,0,0.005767822265625,1512,0,0,0,0,0,0,0.0389518737792969,10211,2,131072,0.0360679626464844,9455,0.0028839111328125,756,0,0
0.2299,1,2,0,1,0,0,1,0,0.0418376616582202,0.00577071195285796,0,0,0,0,1,1,0.0418376616582202,2,0.0360669497053622,0.00288535597642898,0,0,0.0418376616582202,0.00577071195285796,0,0,0,0,1,1,0.0418376616582202,2,0.0360669497053622,0.00288535597642898,0,0,0,0.0418376624584198,44922848,0.00577071309089661,6196256,0,0,0,0,0,0,0,1,1,0.0418376624584198,44922848,2,2097152,0.0360669493675232,38726592,0.0028853565454483,3098128,0,0,0,0,0.0418357849121094,10967,0.005767822265625,1512,0,0,0,0,0,0,0,1,1,0.0418357849121094,10967,2,131072,0.0360679626464844,9455,0.0028839111328125,756,0,0
0.2309,1,2,0,1,0,0,0,0.0360669497053622,0.0360669497053622,0,0,0.00288535597642898,0,0,0,0,0.0360669497053622,2,0.0360669497053622,0.00288535597642898,0,0.0360669497053622,0.0360669497053622,0,0,0.00288535597642898,0,0,0,0,0.0360669497053622,2,0.0360669497053622,0.00288535597642898,0,0.03607177734375,1182,0.0360669493675232,38726592,0,0,0,0.0028853565454483,3098128,0,0,0,0,0,0,0.0360669493675232,38726592,2,2097152,0.0360669493675232,38726592,0.0028853565454483,3098128,0,0,0.03607177734375,1182,0.0360679626464844,9455,0,0,0,0.0028839111328125,756,0,0,0,0,0,0,0.0360679626464844,9455,2,131072,0.0360679626464844,9455,0.0028839111328125,756,0,0
0.2319,1,0.12345,-0.23456,1,0,0,0,0.00934152030843735,0.00934152030843735,0.00288535597642898,0,0.00340184912298965,0,0,0,0,0.00934152030843735,0.35801,0.00645616433200837,0.00051649314656067,0,0.00934152030843735,0.00934152030843735,0.00288535597642898,0,0.00340184912298965,0,0,0,0,0.00934152030843735,0.35801,0.00645616433200837,0.00051649314656067,0,0.00933837890625,306,0.00934152584522963,10030387,0.0028853565454483,3098128,0,0.00340185035020113,3652709,0,0,0,0,0,0,0.00934152584522963,10030387,0.358010292053223,375401,0.00645616929978132,6932259,0.000516493804752827,554581,0,0,0.00933837890625,306,0.00933837890625,2448,0.0028839111328125,756,0,0.00339889526367188,891,0,0,0,0,0,0,0.00933837890625,2448,0.358001708984375,23462,0.0064544677734375,1692,0.000514984130859375,135,0,0
0.2329,1,0.12345,-0.23456,1,0,0,0,0.00985801345499802,0.00985801345499802,0.00340184912298965,0,0.00391834226955032,0,0,0,0,0.00985801345499802,0.35801,0.00645616433200837,0.00051649314656067,0,0.00985801345499802,0.00985801345499802,0.00340184912298965,0,0.00391834226955032,0,0,0,0,0.00985801345499802,0.35801,0.00645616433200837,0.00051649314656067,0,0.009857177734375,323,0.00985801964998245,10584968,0.00340185035020113,3652709,0,0.00391834415495396,4207290,0,0,0,0,0,0,0.00985801964998245,10584968,0.358010292053223,375401,0.00645616929978132,6932259,0.000516493804752827,554581,0,0,0.009857177734375,323,0.00985336303710938,2583,0.00339889526367188,891,0,0.00391387939453125,1026,0,0,0,0,0,0,0.00985336303710938,2583,0.358001708984375,23462,0.0064544677734375,1692,0.000514984130859375,135,0,0
0.2339,1,0.12345,-0.23456,1,0,0,0,0.0103745066015587,0.0103745066015587,0.00391834226955032,0,0.00443483541611099,0,0,0,0,0.0103745066015587,0.35801,0.00645616433200837,0.00051649314656067,0,0.0103745066015587,0.0103745066015587,0.00391834226955032,0,0.00443483541611099,0,0,0,0,0.0103745066015587,0.35801,0.00645616433200837,0.00051649314656067,0,0.0103759765625,340,0.0103745134547353,11139549,0.00391834415495396,4207290,0,0.00443483795970678,4761871,0,0,0,0,0,0,0.0103745134547353,11139549,0.358010292053223,375401,0.00645616929978132,6932259,0.000516493804752827,554581,0,0,0.0103759765625,340,0.0103683471679688,2718,0.00391387939453125,1026,0,0.00442886352539062,1161,0,0,0,0,0,0,0.0103683471679688,2718,0.358001708984375,23462,0.0064544677734375,1692,0.000514984130859375,135,0,0
0.2349,1,0.12345,-0.23456,1,0,0,0,0.0108909997481194,0.0108909997481194,0.00443483541611099,0,0.00495132856267166,0,0,0,0,0.0108909997481194,0.35801,0.00645616433200837,0.00051649314656067,0,0.0108909997481194,0.0108909997481194,0.00443483541611099,0,0.00495132856267166,0,0,0,0,0.0108909997481194,0.35801,0.00645616433200837,0.00051649314656067,0,0.010894775390625,357,0.0108910072594881,11694130,0.00443483795970678,4761871,0,0.00495133176445961,5316452,0,0,0,0,0,0,0.0108910072594881,11694130,0.358010292053223,375401,0.00645616929978132,6932259,0.000516493804752827,554581,0,0,0.010894775390625,357,0.0108833312988281,2853,0.00442886352539062,1161,0,0.00494384765625,1296,0,0,0,0,0,0,0.0108833312988281,2853,0.358001708984375,23462,0.0064544677734375,1692,0.000514984130859375,135,0,0
0.2359,1,0.12345,-0.23456,1,0,0,0,0.01140749289468,0.01140749289468,0.00495132856267166,0,0.00546782170923233,0,0,0,0,0.01140749289468,0.35801,0.00645616433200837,0.00051649314656067,0,0.01140749289468,0.01140749289468,0.00495132856267166,0,0.00546782170923233,0,0,0,0,0.01140749289468,0.35801,0.00645616433200837,0.00051649314656067,0,0.01141357421875,374,0.0114075010642409,12248711,0.00495133176445961,5316452,0,0.00546782556921244,5871033,0,0,0,0,0,0,0.0114075010642409,12248711,0.358010292053223,375401,0.00645616929978132,6932259,0.000516493804752827,554581,0,0,0.01141357421875,374,0.0113983154296875,2988,0.00494384765625,1296,0,0.00545883178710938,1431,0,0,0,0,0,0,0.0113983154296875,2988,0.358001708984375,23462,0.0064544677734375,1692,0.000514984130859375,135,0,0
0.2369,1,0.12345,-0.23456,1,0,0,0,0.0119239860412407,0.0119239860412407,0.00546782170923233,0,0.005984314855793,0,0,0,0,0.0119239860412407,0.35801,0.00645616433200837,0.00051649314656067,0,0.0119239860412407,0.0119239860412407,0.00546782170923233,0,0.005984314855793,0,0,0,0,0.0119239860412407,0.35801,0.00645616433200837,0.00051649314656067,0,0.011932373046875,391,0.0119239948689938,12803292,0.00546782556921244,5871033,0,0.00598431937396526,6425614,0,0,0,0,0,0,0.0119239948689938,12803292,0.358010292053223,375401,0.00645616929978132,6932259,0.000516493804752827,554581,0,0,0.01190185546875,390,0.0119132995605469,3123,0.00545883178710938,1431,0,0.00597381591796875,1566,0,0,0,0,0,0,0.0119132995605469,3123,0.358001708984375,23462,0.0064544677734375,1692,0.000514984130859375,135,0,0
0.2379,1,0.12345,-0.23456,1,0,0,0,0.0124404791878014,0.0124404791878014,0.005984314855793,0,0.00650080800235367,0,0,0,0,0.0124404791878014,0.35801,0.00645616433200837,0.00051649314656067,0,0.0124404791878014,0.0124404791878014,0.005984314855793,0,0.00650080800235367,0,0,0,0,0.0124404791878014,0.35801,0.00645616433200837,0.00051649314656067,0,0.012451171875,408,0.0124404886737466,13357873,0.00598431937396526,6425614,0,0.00650081317871809,6980195,0,0,0,0,0,0,0.0124404886737466,13357873,0.358010292053223,375401,0.00645616929978132,6932259,0.000516493804752827,554581,0,0,0.012420654296875,407,0.0124282836914062,3258,0.00597381591796875,1566,0,0.00648880004882812,1701,0,0,0,0,0,0,0.0124282836914062,3258,0.358001708984375,23462,0.0064544677734375,1692,0.000514984130859375,135,0,0
0.2389,1,0.12345,-0.23456,1,0,0,0,0.012956972334362,0.012956972334362,0.00650080800235367,0,0.00701730114891434,0,0,0,0,0.012956972334362,0.35801,0.00645616433200837,0.00051649314656067,0,0.012956972334362,0.012956972334362,0.00650080800235367,0,0.00701730114891434,0,0,0,0,0.012956972334362,0.35801,0.00645616433200837,0.00051649314656067,0,0.012969970703125,425,0.0129569824784994,13912454,0.00650081317871809,6980195,0,0.00701730698347092,7534776,0,0,0,0,0,0,0.0129569824784994,13912454,0.358010292053223,375401,0.00645616929978132,6932259,0.000516493804752827,554581,0,0,0.012939453125,424,0.0129432678222656,3393,0.00648880004882812,1701,0,0.0070037841796875,1836,0,0,0,0,0,0,0.0129432678222656,3393,0.358001708984375,23462,0.0064544677734375,1692,0.000514984130859375,135,0,0
0.2399,1,0.12345,-0.23456,1,0,0,0,0.0134734654809227,0.0134734654809227,0.00701730114891434,0,0.00753379429547501,0,0,0,0,0.0134734654809227,0.35801,0.00645616433200837,0.00051649314656067,0,0.0134734654809227,0.0134734654809227,0.00701730114891434,0,0.00753379429547501,0,0,0,0,0.0134734654809227,0.35801,0.00645616433200837,0.00051649314656067,0,0.013458251953125,441,0.0134734762832522,14467035,0.00701730698347092,7534776,0,0.00753380078822374,8089357,0,0,0,0,0,0,0.0134734762832522,14467035,0.358010292053223,375401,0.00645616929978132,6932259,0.000516493804752827,554581,0,0,0.013458251953125,441,0.013458251953125,3528,0.0070037841796875,1836,0,0.00751876831054688,1971,0,0,0,0,0,0,0.013458251953125,3528,0.358001708984375,23462,0.0064544677734375,1692,0.000514984130859375,135,0,0
0.2409,1,0.5,10,1,0,0,0,-0.163784216804996,-0.163784216804996,0.00753379429547501,0,-0.00617164659256265,0,0,0,0,-0.163784216804996,-9.5,-0.171318011100471,-0.0137054408880377,0,-0.163784216804996,-0.163784216804996,0.00753379429547501,0,-0.00617164659256265,0,0,0,0,-0.163784216804996,-9.5,-0.171318011100471,-0.0137054408880377,0,-0.163787841796875,-5367,-0.163784208707511,-175861955,0.00753380078822374,8089357,0,-0.0061716428026557,-6626751,0,0,0,0,0,0,-0.163784208707511,-175861955,-9.5,-9961472,-0.171318009495735,-183951312,-0.0137054435908794,-14716108,0,0,-0.163787841796875,-5367,-0.163799285888672,-42939,0.00751876831054688,1971,0,-0.00618743896484375,-1622,0,0,0,0,0,0,-0.163799285888672,-42939,-9.5,-622592,-0.171318054199219,-44910,-0.0137062072753906,-3593,0,0
0.2419,1,0.5,10,1,0,0,0,-0.177489657693033,-0.177489657693033,-0.00617164659256265,0,-0.0198770874806003,0,0,0,0,-0.177489657693033,-9.5,-0.171318011100471,-0.0137054408880377,0,-0.177489657693033,-0.177489657693033,-0.00617164659256265,0,-0.0198770874806003,0,0,0,0,-0.177489657693033,-9.5,-0.171318011100471,-0.0137054408880377,0,-0.177490234375,-5816,-0.177489652298391,-190578063,-0.0061716428026557,-6626751,0,-0.0198770863935351,-21342859,0,0,0,0,0,0,-0.177489652298391,-190578063,-9.5,-9961472,-0.171318009495735,-183951312,-0.0137054435908794,-14716108,0,0,-0.177490234375,-5816,-0.177505493164062,-46532,-0.00618743896484375,-1622,0,-0.0198936462402344,-5215,0,0,0,0,0,0,-0.177505493164062,-46532,-9.5,-622592,-0.171318054199219,-44910,-0.0137062072753906,-3593,0,0
0.2429,1,0.5,10,1,0,0,0,-0.191195098581071,-0.191195098581071,-0.0198770874806003,0,-0.033582528368638,0,0,0,0,-0.191195098581071,-9.5,-0.171318011100471,-0.0137054408880377,0,-0.191195098581071,-0.191195098581071,-0.0198770874806003,0,-0.033582528368638,0,0,0,0,-0.191195098581071,-9.5,-0.171318011100471,-0.0137054408880377,0,-0.191192626953125,-6265,-0.19119509588927,-205294171,-0.0198770863935351,-21342859,0,-0.0335825299844146,-36058967,0,0,0,0,0,0,-0.19119509588927,-205294171,-9.5,-9961472,-0.171318009495735,-183951312,-0.0137054435908794,-14716108,0,0,-0.19122314453125,-6266,-0.191211700439453,-50125,-0.0198936462402344,-5215,0,-0.033599853515625,-8808,0,0,0,0,0,0,-0.191211700439453,-50125,-9.5,-622592,-0.171318054199219,-44910,-0.0137062072753906,-3593,0,0
0.2439,1,0.5,10,1,0,0,0,-0.204900539469109,-0.204900539469109,-0.033582528368638,0,-0.0472879692566756,0,0,0,0,-0.204900539469109,-9.5,-0.171318011100471,-0.0137054408880377,0,-0.204900539469109,-0.204900539469109,-0.033582528368638,0,-0.0472879692566756,0,0,0,0,-0.204900539469109,-9.5,-0.171318011100471,-0.0137054408880377,0,-0.20489501953125,-6714,-0.20490053948015,-220010279,-0.0335825299844146,-36058967,0,-0.047287973575294,-50775075,0,0,0,0,0,0,-0.20490053948015,-220010279,-9.5,-9961472,-0.171318009495735,-183951312,-0.0137054435908794,-14716108,0,0,-0.204925537109375,-6715,-0.204917907714844,-53718,-0.033599853515625,-8808,0,-0.0473060607910156,-12401,0,0,0,0,0,0,-0.204917907714844,-53718,-9.5,-622592,-0.171318054199219,-44910,-0.0137062072753906,-3593,0,0
0.2449,1,5,8,1,0,0,0,-0.101388393814719,-0.101388393814719,-0.0472879692566756,0,-0.0516160032213191,0,0,0,0,-0.101388393814719,-3,-0.0541004245580434,-0.00432803396464347,0,-0.101388393814719,-0.101388393814719,-0.0472879692566756,0,-0.0516160032213191,0,0,0,0,-0.101388393814719,-3,-0.0541004245580434,-0.00432803396464347,0,-0.10137939453125,-3322,-0.101388397626579,-108864963,-0.047287973575294,-50775075,0,-0.0516160083934665,-55422267,0,0,0,0,0,0,-0.101388397626579,-108864963,-3,-3145728,-0.0541004240512848,-58089888,-0.00432803481817245,-4647192,0,0,-0.101409912109375,-3323,-0.101406097412109,-26583,-0.0473060607910156,-12401,0,-0.0516357421875,-13536,0,0,0,0,0,0,-0.101406097412109,-26583,-3,-196608,-0.0541000366210938,-14182,-0.00432968139648438,-1135,0,0
0.2459,1,5,8,1,0,0,0,-0.105716427779362,-0.105716427779362,-0.0516160032213191,0,-0.0559440371859626,0,0,0,0,-0.105716427779362,-3,-0.0541004245580434,-0.00432803396464347,0,-0.105716427779362,-0.105716427779362,-0.0516160032213191,0,-0.0559440371859626,0,0,0,0,-0.105716427779362,-3,-0.0541004245580434,-0.00432803396464347,0,-0.105712890625,-3464,-0.105716432444751,-113512155,-0.0516160083934665,-55422267,0,-0.0559440432116389,-60069459,0,0,0,0,0,0,-0.105716432444751,-113512155,-3,-3145728,-0.0541004240512848,-58089888,-0.00432803481817245,-4647192,0,0,-0.105743408203125,-3465,-0.105735778808594,-27718,-0.0516357421875,-13536,0,-0.0559654235839844,-14671,0,0,0,0,0,0,-0.105735778808594,-27718,-3,-196608,-0.0541000366210938,-14182,-0.00432968139648438,-1135,0,0
0.2469,1,5,8,1,0,0,0,-0.110044461744006,-0.110044461744006,-0.0559440371859626,0,-0.060272071150606,0,0,0,0,-0.110044461744006,-3,-0.0541004245580434,-0.00432803396464347,0,-0.110044461744006,-0.110044461744006,-0.0559440371859626,0,-0.060272071150606,0,0,0,0,-0.110044461744006,-3,-0.0541004245580434,-0.00432803396464347,0,-0.11004638671875,-3606,-0.110044467262924,-118159347,-0.0559440432116389,-60069459,0,-0.0602720780298114,-64716651,0,0,0,0,0,0,-0.110044467262924,-118159347,-3,-3145728,-0.0541004240512848,-58089888,-0.00432803481817245,-4647192,0,0,-0.110076904296875,-3607,-0.110065460205078,-28853,-0.0559654235839844,-14671,0,-0.0602951049804688,-15806,0,0,0,0,0,0,-0.110065460205078,-28853,-3,-196608,-0.0541000366210938,-14182,-0.00432968139648438,-1135,0,0
0.2479,1,5,8,1,0,0,0,-0.114372495708649,-0.114372495708649,-0.060272071150606,0,-0.0646001051152495,0,0,0,0,-0.114372495708649,-3,-0.0541004245580434,-0.00432803396464347,0,-0.114372495708649,-0.114372495708649,-0.060272071150606,0,-0.0646001051152495,0,0,0,0,-0.114372495708649,-3,-0.0541004245580434,-0.00432803396464347,0,-0.1143798828125,-3748,-0.114372502081096,-122806539,-0.0602720780298114,-64716651,0,-0.0646001128479838,-69363843,0,0,0,0,0,0,-0.114372502081096,-122806539,-3,-3145728,-0.0541004240512848,-58089888,-0.00432803481817245,-4647192,0,0,-0.1143798828125,-3748,-0.114395141601562,-29988,-0.0602951049804688,-15806,0,-0.0646247863769531,-16941,0,0,0,0,0,0,-0.114395141601562,-29988,-3,-196608,-0.0541000366210938,-14182,-0.00432968139648438,-1135,0,0
0.2489,1,5,8.0001,1,0,0,0,-0.118702333020778,-0.118702333020778,-0.0646001051152495,0,0,0,0,0,1,-0.118702333020778,-3.0001,-0.0541022279055286,-0.00432817823244229,0,-0.118702333020778,-0.118702333020778,-0.0646001051152495,0,0,0,0,0,1,-0.118702333020778,-3.0001,-0.0541022279055286,-0.00432817823244229,0,-0.11871337890625,-3890,-0.118702342733741,-127455670,-0.0646001128479838,-69363843,0,0,0,0,0,0,0,0,1,-0.118702342733741,-127455670,-3.00010013580322,-3145833,-0.054102229885757,-58091827,-0.00432817917317152,-4647347,0,0,-0.11871337890625,-3890,-0.118728637695312,-31124,-0.0646247863769531,-16941,0,0,0,0,0,0,0,0,1,-0.118728637695312,-31124,-3.00010681152344,-196615,-0.0541038513183594,-14183,-0.00432968139648438,-1135,0,0
0.2499,1,5,8.0001,1,0,0,0,-0.0541022279055286,-0.0541022279055286,0,0,0,0,0,0,1,-0.0541022279055286,-3.0001,-0.0541022279055286,-0.00432817823244229,0,-0.0541022279055286,-0.0541022279055286,0,0,0,0,0,0,1,-0.0541022279055286,-3.0001,-0.0541022279055286,-0.00432817823244229,0,-0.054107666015625,-1773,-0.054102229885757,-58091827,0,0,0,0,0,0,0,0,0,0,1,-0.054102229885757,-58091827,-3.00010013580322,-3145833,-0.054102229885757,-58091827,-0.00432817917317152,-4647347,0,0,-0.054107666015625,-1773,-0.0541038513183594,-14183,0,0,0,0,0,0,0,0,0,0,1,-0.0541038513183594,-14183,-3.00010681152344,-196615,-0.0541038513183594,-14183,-0.00432968139648438,-1135,0,0
0.2509,1,5,8.0001,1,0,0,0,-0.0541022279055286,-0.0541022279055286,0,0,0,0,0,0,1,-0.0541022279055286,-3.0001,-0.0541022279055286,-0.00432817823244229,0,-0.0541022279055286,-0.0541022279055286,0,0,0,0,0,0,1,-0.0541022279055286,-3.0001,-0.0541022279055286,-0.00432817823244229,0,-0.054107666015625,-1773,-0.054102229885757,-58091827,0,0,0,0,0,0,0,0,0,0,1,-0.054102229885757,-58091827,-3.00010013580322,-3145833,-0.054102229885757,-58091827,-0.00432817917317152,-4647347,0,0,-0.054107666015625,-1773,-0.0541038513183594,-14183,0,0,0,0,0,0,0,0,0,0,1,-0.0541038513183594,-14183,-3.00010681152344,-196615,-0.0541038513183594,-14183,-0.00432968139648438,-1135,0,0
0.2519,1,0.12345,-0.23456,1,0,0,0,0.00645616433200837,0.00645616433200837,0,0,0.00051649314656067,0,0,0,0,0.00645616433200837,0.35801,0.00645616433200837,0.00051649314656067,0,0.00645616433200837,0.00645616433200837,0,0,0.00051649314656067,0,0,0,0,0.00645616433200837,0.35801,0.00645616433200837,0.00051649314656067,0,0.0064697265625,212,0.00645616929978132,6932259,0,0,0,0.000516493804752827,554581,0,0,0,0,0,0,0.00645616929978132,6932259,0.358010292053223,375401,0.00645616929978132,6932259,0.000516493804752827,554581,0,0,0.0064697265625,212,0.0064544677734375,1692,0,0,0,0.000514984130859375,135,0,0,0,0,0,0,0.0064544677734375,1692,0.358001708984375,23462,0.0064544677734375,1692,0.000514984130859375,135,0,0
0.2529,1,0.12345,-0.23456,1,0,0,0,0.00697265747856904,0.00697265747856904,0.00051649314656067,0,0.00103298629312134,0,0,0,0,0.00697265747856904,0.35801,0.00645616433200837,0.00051649314656067,0,0.00697265747856904,0.00697265747856904,0.00051649314656067,0,0.00103298629312134,0,0,0,0,0.00697265747856904,0.35801,0.00645616433200837,0.00051649314656067,0,0.0069580078125,228,0.00697266310453415,7486840,0.000516493804752827,554581,0,0.00103298760950565,1109162,0,0,0,0,0,0,0.00697266310453415,7486840,0.358010292053223,375401,0.00645616929978132,6932259,0.000516493804752827,554581,0,0,0.0069580078125,228,0.00696945190429688,1827,0.000514984130859375,135,0,0.00102996826171875,270,0,0,0,0,0,0,0.00696945190429688,1827,0.358001708984375,23462,0.0064544677734375,1692,0.000514984130859375,135,0,0
0.2539,1,0.12345,-0.23456,1,0,0,0,0.00748915062512971,0.00748915062512971,0.00103298629312134,0,0.00154947943968201,0,0,0,0,0.00748915062512971,0.35801,0.00645616433200837,0.00051649314656067,0,0.00748915062512971,0.00748915062512971,0.00103298629312134,0,0.00154947943968201,0,0,0,0,0.00748915062512971,0.35801,0.00645616433200837,0.00051649314656067,0,0.007476806640625,245,0.00748915690928698,8041421,0.00103298760950565,1109162,0,0.00154948141425848,1663743,0,0,0,0,0,0,0.00748915690928698,8041421,0.358010292053223,375401,0.00645616929978132,6932259,0.000516493804752827,554581,0,0,0.007476806640625,245,0.00748443603515625,1962,0.00102996826171875,270,0,0.00154495239257812,405,0,0,0,0,0,0,0.00748443603515625,1962,0.358001708984375,23462,0.0064544677734375,1692,0.000514984130859375,135,0,0
0.2549,1,0.12345,-0.23456,1,0,0,0,0.00800564377169038,0.00800564377169038,0.00154947943968201,0,0.00206597258624268,0,0,0,0,0.00800564377169038,0.35801,0.00645616433200837,0.00051649314656067,0,0.00800564377169038,0.00800564377169038,0.00154947943968201,0,0.00206597258624268,0,0,0,0,0.00800564377169038,0.35801,0.00645616433200837,0.00051649314656067,0,0.00799560546875,262,0.0080056507140398,8596002,0.00154948141425848,1663743,0,0.00206597521901131,2218324,0,0,0,0,0,0,0.0080056507140398,8596002,0.358010292053223,375401,0.00645616929978132,6932259,0.000516493804752827,554581,0,0,0.00799560546875,262,0.00799942016601562,2097,0.00154495239257812,405,0,0.0020599365234375,540,0,0,0,0,0,0,0.00799942016601562,2097,0.358001708984375,23462,0.0064544677734375,1692,0.000514984130859375,135,0,0
0.2559,1,0.12345,-0.23456,1,0,0,0,0.00852213691825105,0.00852213691825105,0.00206597258624268,0,0.00258246573280335,0,0,0,0,0.00852213691825105,0.35801,0.00645616433200837,0.00051649314656067,0,0.00852213691825105,0.00852213691825105,0.00206597258624268,0,0.00258246573280335,0,0,0,0,0.00852213691825105,0.35801,0.00645616433200837,0.00051649314656067,0,0.008514404296875,279,0.00852214451879263,9150583,0.00206597521901131,2218324,0,0.00258246902376413,2772905,0,0,0,0,0,0,0.00852214451879263,9150583,0.358010292053223,375401,0.00645616929978132,6932259,0.000516493804752827,554581,0,0,0.008514404296875,279,0.008514404296875,2232,0.0020599365234375,540,0,0.00257492065429688,675,0,0,0,0,0,0,0.008514404296875,2232,0.358001708984375,23462,0.0064544677734375,1692,0.000514984130859375,135,0,0
0.2569,1,0.12345,-0.23456,1,0,0,0,0.00903863006481172,0.00903863006481172,0.00258246573280335,0,0.00309895887936402,0,0,0,0,0.00903863006481172,0.35801,0.00645616433200837,0.00051649314656067,0,0.00903863006481172,0.00903863006481172,0.00258246573280335,0,0.00309895887936402,0,0,0,0,0.00903863006481172,0.35801,0.00645616433200837,0.00051649314656067,0,0.009033203125,296,0.00903863832354546,9705164,0.00258246902376413,2772905,0,0.00309896282851696,3327486,0,0,0,0,0,0,0.00903863832354546,9705164,0.358010292053223,375401,0.00645616929978132,6932259,0.000516493804752827,554581,0,0,0.009033203125,296,0.00902938842773438,2367,0.00257492065429688,675,0,0.00308990478515625,810,0,0,0,0,0,0,0.00902938842773438,2367,0.358001708984375,23462,0.0064544677734375,1692,0.000514984130859375,135,0,0
0.2579,1,0.12345,-0.23456,1,0,0,0,0.00955512321137239,0.00955512321137239,0.00309895887936402,0,0.00361545202592469,0,0,0,0,0.00955512321137239,0.35801,0.00645616433200837,0.00051649314656067,0,0.00955512321137239,0.00955512321137239,0.00309895887936402,0,0.00361545202592469,0,0,0,0,0.00955512321137239,0.35801,0.00645616433200837,0.00051649314656067,0,0.009552001953125,313,0.00955513212829828,10259745,0.00309896282851696,3327486,0,0.00361545663326979,3882067,0,0,0,0,0,0,0.00955513212829828,10259745,0.358010292053223,375401,0.00645616929978132,6932259,0.000516493804752827,554581,0,0,0.009552001953125,313,0.00954437255859375,2502,0.00308990478515625,810,0,0.00360488891601562,945,0,0,0,0,0,0,0.00954437255859375,2502,0.358001708984375,23462,0.0064544677734375,1692,0.000514984130859375,135,0,0
