event_id,source_time_s,physical_capture_time_s,physical_result_time_s,observed_capture_time_s,observed_result_time_s,input_capture_cycle,result_cycle,v_ref_raw,v_meas_raw,enable,pi_reset,sample_tick,angle_init,test_mode,golden_iq_ref_A,golden_iq_unlimited_A,golden_integrator_A,golden_saturation_active,golden_integrator_next_A,golden_previous_excess_A,golden_excess_next_A,golden_hard_reset,golden_int_reset,golden_iq_limited_A,golden_error_mmps,golden_P_A,golden_KiTs_A,golden_AW_A,observed_iq_ref_A,observed_iq_unlimited_A,observed_integrator_A,observed_saturation_active,observed_integrator_next_A,observed_previous_excess_A,observed_excess_next_A,observed_hard_reset,observed_int_reset,observed_iq_limited_A,observed_error_mmps,observed_P_A,observed_KiTs_A,observed_AW_A
1,0.0009,0.00090001,0.00090003,0.000901,0.000901,45001,45002,0,0,1,0,1,0,0,0,0,0,0,0,0,0,0,0,0,0,0,0,0,0,0,0,0,0,0,0,0,0,0,0,0,0,0
2,0.0019,0.00190001,0.00190003,0.001901,0.001901,95001,95002,0,0,1,0,1,0,0,0,0,0,0,0,0,0,0,0,0,0,0,0,0,0,0,0,0,0,0,0,0,0,0,0,0,0,0
3,0.0029,0.00290001,0.00290003,0.002901,0.002901,145001,145002,0,0,1,0,1,0,0,0,0,0,0,0,0,0,0,0,0,0,0,0,0,0,0,0,0,0,0,0,0,0,0,0,0,0,0
4,0.0039,0.00390001,0.00390003,0.003901,0.003901,195001,195002,0,0,1,0,1,0,0,0,0,0,0,0,0,0,0,0,0,0,0,0,0,0,0,0,0,0,0,0,0,0,0,0,0,0,0
5,0.0049,0.00490001,0.00490003,0.004901,0.004901,245001,245002,0,0,1,0,1,0,0,0,0,0,0,0,0,0,0,0,0,0,0,0,0,0,0,0,0,0,0,0,0,0,0,0,0,0,0
6,0.0059,0.00590001,0.00590003,0.005901,0.005901,295001,295002,0,0,1,0,1,0,0,0,0,0,0,0,0,0,0,0,0,0,0,0,0,0,0,0,0,0,0,0,0,0,0,0,0,0,0
7,0.0069,0.00690001,0.00690003,0.006901,0.006901,345001,345002,0,0,1,0,1,0,0,0,0,0,0,0,0,0,0,0,0,0,0,0,0,0,0,0,0,0,0,0,0,0,0,0,0,0,0
8,0.0079,0.00790001,0.00790003,0.007901,0.007901,395001,395002,0,0,1,0,1,0,0,0,0,0,0,0,0,0,0,0,0,0,0,0,0,0,0,0,0,0,0,0,0,0,0,0,0,0,0
9,0.0089,0.00890001,0.00890003,0.008901,0.008901,445001,445002,0,0,1,0,1,0,0,0,0,0,0,0,0,0,0,0,0,0,0,0,0,0,0,0,0,0,0,0,0,0,0,0,0,0,0
10,0.0099,0.00990001,0.00990003,0.009901,0.009901,495001,495002,0,0,1,0,1,0,0,0,0,0,0,0,0,0,0,0,0,0,0,0,0,0,0,0,0,0,0,0,0,0,0,0,0,0,0
11,0.0109,0.01090001,0.01090003,0.010901,0.010901,545001,545002,0,0,1,0,1,0,0,0,0,0,0,0,0,0,0,0,0,0,0,0,0,0,0,0,0,0,0,0,0,0,0,0,0,0,0
12,0.0119,0.01190001,0.01190003,0.011901,0.011901,595001,595002,0,0,1,0,1,0,0,0,0,0,0,0,0,0,0,0,0,0,0,0,0,0,0,0,0,0,0,0,0,0,0,0,0,0,0
13,0.0129,0.01290001,0.01290003,0.012901,0.012901,645001,645002,0,0,1,0,1,0,0,0,0,0,0,0,0,0,0,0,0,0,0,0,0,0,0,0,0,0,0,0,0,0,0,0,0,0,0
14,0.0139,0.01390001,0.01390003,0.013901,0.013901,695001,695002,0,0,1,0,1,0,0,0,0,0,0,0,0,0,0,0,0,0,0,0,0,0,0,0,0,0,0,0,0,0,0,0,0,0,0
15,0.0149,0.01490001,0.01490003,0.014901,0.014901,745001,745002,0,0,1,0,1,0,0,0,0,0,0,0,0,0,0,0,0,0,0,0,0,0,0,0,0,0,0,0,0,0,0,0,0,0,0
16,0.0159,0.01590001,0.01590003,0.015901,0.015901,795001,795002,0,0,1,0,1,0,0,0,0,0,0,0,0,0,0,0,0,0,0,0,0,0,0,0,0,0,0,0,0,0,0,0,0,0,0
17,0.0169,0.01690001,0.01690003,0.016901,0.016901,845001,845002,0,0,1,0,1,0,0,0,0,0,0,0,0,0,0,0,0,0,0,0,0,0,0,0,0,0,0,0,0,0,0,0,0,0,0
18,0.0179,0.01790001,0.01790003,0.017901,0.017901,895001,895002,0,0,1,0,1,0,0,0,0,0,0,0,0,0,0,0,0,0,0,0,0,0,0,0,0,0,0,0,0,0,0,0,0,0,0
19,0.0189,0.01890001,0.01890003,0.018901,0.018901,945001,945002,0,0,1,0,1,0,0,0,0,0,0,0,0,0,0,0,0,0,0,0,0,0,0,0,0,0,0,0,0,0,0,0,0,0,0
20,0.0199,0.01990001,0.01990003,0.019901,0.019901,995001,995002,0,0,1,0,1,0,0,0,0,0,0,0,0,0,0,0,0,0,0,0,0,0,0,0,0,0,0,0,0,0,0,0,0,0,0
21,0.0209,0.02090001,0.02090003,0.020901,0.020901,1045001,1045002,0,0,1,0,1,0,0,0,0,0,0,0,0,0,0,0,0,0,0,0,0,0,0,0,0,0,0,0,0,0,0,0,0,0,0
22,0.0219,0.02190001,0.02190003,0.021901,0.021901,1095001,1095002,0,0,1,0,1,0,0,0,0,0,0,0,0,0,0,0,0,0,0,0,0,0,0,0,0,0,0,0,0,0,0,0,0,0,0
23,0.0229,0.02290001,0.02290003,0.022901,0.022901,1145001,1145002,0,0,1,0,1,0,0,0,0,0,0,0,0,0,0,0,0,0,0,0,0,0,0,0,0,0,0,0,0,0,0,0,0,0,0
24,0.0239,0.02390001,0.02390003,0.023901,0.023901,1195001,1195002,0,0,1,0,1,0,0,0,0,0,0,0,0,0,0,0,0,0,0,0,0,0,0,0,0,0,0,0,0,0,0,0,0,0,0
25,0.0249,0.02490001,0.02490003,0.024901,0.024901,1245001,1245002,0,0,1,0,1,0,0,0,0,0,0,0,0,0,0,0,0,0,0,0,0,0,0,0,0,0,0,0,0,0,0,0,0,0,0
26,0.0259,0.02590001,0.02590003,0.025901,0.025901,1295001,1295002,0,0,1,0,1,0,0,0,0,0,0,0,0,0,0,0,0,0,0,0,0,0,0,0,0,0,0,0,0,0,0,0,0,0,0
27,0.0269,0.02690001,0.02690003,0.026901,0.026901,1345001,1345002,0,0,1,0,1,0,0,0,0,0,0,0,0,0,0,0,0,0,0,0,0,0,0,0,0,0,0,0,0,0,0,0,0,0,0
28,0.0279,0.02790001,0.02790003,0.027901,0.027901,1395001,1395002,0,0,1,0,1,0,0,0,0,0,0,0,0,0,0,0,0,0,0,0,0,0,0,0,0,0,0,0,0,0,0,0,0,0,0
29,0.0289,0.02890001,0.02890003,0.028901,0.028901,1445001,1445002,0,0,1,0,1,0,0,0,0,0,0,0,0,0,0,0,0,0,0,0,0,0,0,0,0,0,0,0,0,0,0,0,0,0,0
30,0.0299,0.02990001,0.02990003,0.029901,0.029901,1495001,1495002,0,0,1,0,1,0,0,0,0,0,0,0,0,0,0,0,0,0,0,0,0,0,0,0,0,0,0,0,0,0,0,0,0,0,0
31,0.0309,0.03090001,0.03090003,0.030901,0.030901,1545001,1545002,0,0,1,0,1,0,0,0,0,0,0,0,0,0,0,0,0,0,0,0,0,0,0,0,0,0,0,0,0,0,0,0,0,0,0
32,0.0319,0.03190001,0.03190003,0.031901,0.031901,1595001,1595002,0,0,1,0,1,0,0,0,0,0,0,0,0,0,0,0,0,0,0,0,0,0,0,0,0,0,0,0,0,0,0,0,0,0,0
33,0.0329,0.03290001,0.03290003,0.032901,0.032901,1645001,1645002,0,0,1,0,1,0,0,0,0,0,0,0,0,0,0,0,0,0,0,0,0,0,0,0,0,0,0,0,0,0,0,0,0,0,0
34,0.0339,0.03390001,0.03390003,0.033901,0.033901,1695001,1695002,0,0,1,0,1,0,0,0,0,0,0,0,0,0,0,0,0,0,0,0,0,0,0,0,0,0,0,0,0,0,0,0,0,0,0
35,0.0349,0.03490001,0.03490003,0.034901,0.034901,1745001,1745002,0,0,1,0,1,0,0,0,0,0,0,0,0,0,0,0,0,0,0,0,0,0,0,0,0,0,0,0,0,0,0,0,0,0,0
36,0.0359,0.03590001,0.03590003,0.035901,0.035901,1795001,1795002,0,0,1,0,1,0,0,0,0,0,0,0,0,0,0,0,0,0,0,0,0,0,0,0,0,0,0,0,0,0,0,0,0,0,0
37,0.0369,0.03690001,0.03690003,0.036901,0.036901,1845001,1845002,0,0,1,0,1,0,0,0,0,0,0,0,0,0,0,0,0,0,0,0,0,0,0,0,0,0,0,0,0,0,0,0,0,0,0
38,0.0379,0.03790001,0.03790003,0.037901,0.037901,1895001,1895002,0,0,1,0,1,0,0,0,0,0,0,0,0,0,0,0,0,0,0,0,0,0,0,0,0,0,0,0,0,0,0,0,0,0,0
39,0.0389,0.03890001,0.03890003,0.038901,0.038901,1945001,1945002,0,0,1,0,1,0,0,0,0,0,0,0,0,0,0,0,0,0,0,0,0,0,0,0,0,0,0,0,0,0,0,0,0,0,0
40,0.0399,0.03990001,0.03990003,0.039901,0.039901,1995001,1995002,0,0,1,0,1,0,0,0,0,0,0,0,0,0,0,0,0,0,0,0,0,0,0,0,0,0,0,0,0,0,0,0,0,0,0
41,0.0409,0.04090001,0.04090003,0.040901,0.040901,2045001,2045002,0,0,1,0,1,0,0,0,0,0,0,0,0,0,0,0,0,0,0,0,0,0,0,0,0,0,0,0,0,0,0,0,0,0,0
42,0.0419,0.04190001,0.04190003,0.041901,0.041901,2095001,2095002,0,0,1,0,1,0,0,0,0,0,0,0,0,0,0,0,0,0,0,0,0,0,0,0,0,0,0,0,0,0,0,0,0,0,0
43,0.0429,0.04290001,0.04290003,0.042901,0.042901,2145001,2145002,0,0,1,0,1,0,0,0,0,0,0,0,0,0,0,0,0,0,0,0,0,0,0,0,0,0,0,0,0,0,0,0,0,0,0
44,0.0439,0.04390001,0.04390003,0.043901,0.043901,2195001,2195002,0,0,1,0,1,0,0,0,0,0,0,0,0,0,0,0,0,0,0,0,0,0,0,0,0,0,0,0,0,0,0,0,0,0,0
45,0.0449,0.04490001,0.04490003,0.044901,0.044901,2245001,2245002,0,0,1,0,1,0,0,0,0,0,0,0,0,0,0,0,0,0,0,0,0,0,0,0,0,0,0,0,0,0,0,0,0,0,0
46,0.0459,0.04590001,0.04590003,0.045901,0.045901,2295001,2295002,0,0,1,0,1,0,0,0,0,0,0,0,0,0,0,0,0,0,0,0,0,0,0,0,0,0,0,0,0,0,0,0,0,0,0
47,0.0469,0.04690001,0.04690003,0.046901,0.046901,2345001,2345002,0,0,1,0,1,0,0,0,0,0,0,0,0,0,0,0,0,0,0,0,0,0,0,0,0,0,0,0,0,0,0,0,0,0,0
48,0.0479,0.04790001,0.04790003,0.047901,0.047901,2395001,2395002,0,0,1,0,1,0,0,0,0,0,0,0,0,0,0,0,0,0,0,0,0,0,0,0,0,0,0,0,0,0,0,0,0,0,0
49,0.0489,0.04890001,0.04890003,0.048901,0.048901,2445001,2445002,0,0,1,0,1,0,0,0,0,0,0,0,0,0,0,0,0,0,0,0,0,0,0,0,0,0,0,0,0,0,0,0,0,0,0
50,0.0499,0.04990001,0.04990003,0.049901,0.049901,2495001,2495002,0,0,1,0,1,0,0,0,0,0,0,0,0,0,0,0,0,0,0,0,0,0,0,0,0,0,0,0,0,0,0,0,0,0,0
51,0.0509,0.05090001,0.05090003,0.050901,0.050901,2545001,2545002,47186,0,1,0,1,0,0,27,871350,0,0,69708,0,0,0,0,871350,47186,871350,69708,0,27,871350,0,0,69708,0,0,0,0,871350,47186,871350,69708,0
52,0.0519,0.05190001,0.05190003,0.051901,0.051901,2595001,2595002,99615,114,1,0,1,0,0,58,1907121,69708,0,216701,0,0,0,0,1907121,99501,1837413,146993,0,58,1907121,69708,0,216701,0,0,0,0,1907121,99501,1837413,146993,0
53,0.0529,0.05290001,0.05290003,0.052901,0.052901,2645001,2645002,152044,393,1,0,1,0,0,92,3017131,216701,0,440735,0,0,0,0,3017131,151651,2800430,224034,0,92,3017131,216701,0,440735,0,0,0,0,3017131,151651,2800430,224034,0
54,0.0539,0.05390001,0.05390003,0.053901,0.053901,2695001,2695002,204472,1211,1,0,1,0,0,128,4194209,440735,0,741013,0,0,0,0,4194209,203261,3753474,300278,0,128,4194209,440735,0,741013,0,0,0,0,4194209,203261,3753474,300278,0
55,0.0549,0.05490001,0.05490003,0.054901,0.054901,2745001,2745002,256901,2107,1,0,1,0,0,166,5446110,741013,0,1117421,0,0,0,0,5446110,254794,4705097,376408,0,166,5446110,741013,0,1117421,0,0,0,0,5446110,254794,4705097,376408,0
56,0.0559,0.05590001,0.05590003,0.055901,0.055901,2795001,2795002,309330,3546,1,0,1,0,0,206,6764113,1117421,0,1569156,0,0,0,0,6764113,305784,5646692,451735,0,206,6764113,1117421,0,1569156,0,0,0,0,6764113,305784,5646692,451735,0
57,0.0569,0.05690001,0.05690003,0.056901,0.056901,2845001,2845002,361759,5952,1,0,1,0,0,248,8139587,1569156,0,2094791,0,0,0,0,8139587,355807,6570431,525635,0,248,8139587,1569156,0,2094791,0,0,0,0,8139587,355807,6570431,525635,0
58,0.0579,0.05790001,0.05790003,0.057901,0.057901,2895001,2895002,414188,9776,1,0,1,0,0,292,9562775,2094791,0,2692230,0,0,0,0,9562775,404412,7467984,597439,0,292,9562775,2094791,0,2692230,0,0,0,0,9562775,404412,7467984,597439,0
59,0.0589,0.05890001,0.05890003,0.058901,0.058901,2945001,2945002,466616,15108,1,0,1,0,0,337,11029902,2692230,0,3359244,0,0,0,0,11029902,451508,8337672,667014,0,337,11029902,2692230,0,3359244,0,0,0,0,11029902,451508,8337672,667014,0
60,0.0599,0.05990001,0.05990003,0.059901,0.059901,2995001,2995002,519045,53489,1,0,1,0,0,365,11956331,3359244,0,4047011,0,0,0,0,11956331,465556,8597087,687767,0,365,11956331,3359244,0,4047011,0,0,0,0,11956331,465556,8597087,687767,0
61,0.0609,0.06090001,0.06090003,0.060901,0.060901,3045001,3045002,571474,260988,1,0,1,0,0,298,9780532,4047011,0,4505693,0,0,0,0,9780532,310486,5733521,458682,0,298,9780532,4047011,0,4505693,0,0,0,0,9780532,310486,5733521,458682,0
62,0.0619,0.06190001,0.06190003,0.061901,0.061901,3095001,3095002,623903,490910,1,0,1,0,0,212,6961579,4505693,0,4702164,0,0,0,0,6961579,132993,2455886,196471,0,212,6961579,4505693,0,4702164,0,0,0,0,6961579,132993,2455886,196471,0
63,0.0629,0.06290001,0.06290003,0.062901,0.062901,3145001,3145002,676332,669206,1,0,1,0,0,148,4833755,4702164,0,4712691,0,0,0,0,4833755,7126,131591,10527,0,148,4833755,4702164,0,4712691,0,0,0,0,4833755,7126,131591,10527,0
64,0.0639,0.06390001,0.06390003,0.063901,0.063901,3195001,3195002,728760,798194,1,0,1,0,0,105,3430503,4712691,0,4610116,0,0,0,0,3430503,-69434,-1282188,-102575,0,105,3430503,4712691,0,4610116,0,0,0,0,3430503,-69434,-1282188,-102575,0
65,0.0649,0.06490001,0.06490003,0.064901,0.064901,3245001,3245002,781189,885197,1,0,1,0,0,82,2689475,4610116,0,4456465,0,0,0,0,2689475,-104008,-1920641,-153651,0,82,2689475,4610116,0,4456465,0,0,0,0,2689475,-104008,-1920641,-153651,0
66,0.0659,0.06590001,0.06590003,0.065901,0.065901,3295001,3295002,833618,957394,1,0,1,0,0,66,2170783,4456465,0,4273610,0,0,0,0,2170783,-123776,-2285682,-182855,0,66,2170783,4456465,0,4273610,0,0,0,0,2170783,-123776,-2285682,-182855,0
67,0.0669,0.06690001,0.06690003,0.066901,0.066901,3345001,3345002,886047,1013013,1,0,1,0,0,59,1929021,4273610,0,4086043,0,0,0,0,1929021,-126966,-2344589,-187567,0,59,1929021,4273610,0,4086043,0,0,0,0,1929021,-126966,-2344589,-187567,0
68,0.0679,0.06790001,0.06790003,0.067901,0.067901,3395001,3395002,938476,1061628,1,0,1,0,0,55,1811884,4086043,0,3904110,0,0,0,0,1811884,-123152,-2274159,-181933,0,55,1811884,4086043,0,3904110,0,0,0,0,1811884,-123152,-2274159,-181933,0
69,0.0689,0.06890001,0.06890003,0.068901,0.068901,3445001,3445002,990904,1105573,1,0,1,0,0,55,1786600,3904110,0,3734709,0,0,0,0,1786600,-114669,-2117510,-169401,0,55,1786600,3904110,0,3734709,0,0,0,0,1786600,-114669,-2117510,-169401,0
70,0.0699,0.06990001,0.06990003,0.069901,0.069901,3495001,3495002,1043333,1147609,1,0,1,0,0,55,1809119,3734709,0,3580662,0,0,0,0,1809119,-104276,-1925590,-154047,0,55,1809119,3734709,0,3580662,0,0,0,0,1809119,-104276,-1925590,-154047,0
71,0.0709,0.07090001,0.07090003,0.070901,0.070901,3545001,3545002,1095762,1195097,1,0,1,0,0,53,1746314,3580662,0,3433914,0,0,0,0,1746314,-99335,-1834348,-146748,0,53,1746314,3580662,0,3433914,0,0,0,0,1746314,-99335,-1834348,-146748,0
72,0.0719,0.07190001,0.07190003,0.071901,0.071901,3595001,3595002,1148191,1232624,1,0,1,0,0,57,1874751,3433914,0,3309181,0,0,0,0,1874751,-84433,-1559163,-124733,0,57,1874751,3433914,0,3309181,0,0,0,0,1874751,-84433,-1559163,-124733,0
73,0.0729,0.07290001,0.07290003,0.072901,0.072901,3645001,3645002,1200620,1279787,1,0,1,0,0,56,1847261,3309181,0,3192227,0,0,0,0,1847261,-79167,-1461920,-116954,0,56,1847261,3309181,0,3192227,0,0,0,0,1847261,-79167,-1461920,-116954,0
74,0.0739,0.07390001,0.07390003,0.073901,0.073901,3695001,3695002,1253048,1324639,1,0,1,0,0,57,1870208,3192227,0,3086465,0,0,0,0,1870208,-71591,-1322019,-105762,0,57,1870208,3192227,0,3086465,0,0,0,0,1870208,-71591,-1322019,-105762,0
75,0.0749,0.07490001,0.07490003,0.074901,0.074901,3745001,3745002,1305477,1363913,1,0,1,0,0,61,2007370,3086465,0,3000137,0,0,0,0,2007370,-58436,-1079095,-86328,0,61,2007370,3086465,0,3000137,0,0,0,0,2007370,-58436,-1079095,-86328,0
76,0.0759,0.07590001,0.07590003,0.075901,0.075901,3795001,3795002,1357906,1397391,1,0,1,0,0,69,2270996,3000137,0,2941806,0,0,0,0,2270996,-39485,-729141,-58331,0,69,2270996,3000137,0,2941806,0,0,0,0,2270996,-39485,-729141,-58331,0
77,0.0769,0.07690001,0.07690003,0.076901,0.076901,3845001,3845002,1410335,1445995,1,0,1,0,0,70,2283299,2941806,0,2889125,0,0,0,0,2283299,-35660,-658507,-52681,0,70,2283299,2941806,0,2889125,0,0,0,0,2283299,-35660,-658507,-52681,0
78,0.0779,0.07790001,0.07790003,0.077901,0.077901,3895001,3895002,1462764,1498100,1,0,1,0,0,68,2236601,2889125,0,2836923,0,0,0,0,2236601,-35336,-652524,-52202,0,68,2236601,2889125,0,2836923,0,0,0,0,2236601,-35336,-652524,-52202,0
79,0.0789,0.07890001,0.07890003,0.078901,0.078901,3945001,3945002,1515192,1552564,1,0,1,0,0,66,2146801,2836923,0,2781713,0,0,0,0,2146801,-37372,-690122,-55210,0,66,2146801,2836923,0,2781713,0,0,0,0,2146801,-37372,-690122,-55210,0
80,0.0799,0.07990001,0.07990003,0.079901,0.079901,3995001,3995002,1567621,1603038,1,0,1,0,0,65,2127693,2781713,0,2729391,0,0,0,0,2127693,-35417,-654020,-52322,0,65,2127693,2781713,0,2729391,0,0,0,0,2127693,-35417,-654020,-52322,0
81,0.0809,0.08090001,0.08090003,0.080901,0.080901,4045001,4045002,1620050,1656491,1,0,1,0,0,63,2056461,2729391,0,2675557,0,0,0,0,2056461,-36441,-672930,-53834,0,63,2056461,2729391,0,2675557,0,0,0,0,2056461,-36441,-672930,-53834,0
82,0.0819,0.08190001,0.08190003,0.081901,0.081901,4095001,4095002,1672479,1705314,1,0,1,0,0,63,2069217,2675557,0,2627050,0,0,0,0,2069217,-32835,-606340,-48507,0,63,2069217,2675557,0,2627050,0,0,0,0,2069217,-32835,-606340,-48507,0
83,0.0829,0.08290001,0.08290003,0.082901,0.082901,4145001,4145002,1724908,1758011,1,0,1,0,0,62,2015761,2627050,0,2578147,0,0,0,0,2015761,-33103,-611289,-48903,0,62,2015761,2627050,0,2578147,0,0,0,0,2015761,-33103,-611289,-48903,0
84,0.0839,0.08390001,0.08390003,0.083901,0.083901,4195001,4195002,1777336,1806057,1,0,1,0,0,62,2047777,2578147,0,2535717,0,0,0,0,2047777,-28721,-530370,-42430,0,62,2047777,2578147,0,2535717,0,0,0,0,2047777,-28721,-530370,-42430,0
85,0.0849,0.08490001,0.08490003,0.084901,0.084901,4245001,4245002,1829765,1857227,1,0,1,0,0,62,2028596,2535717,0,2495147,0,0,0,0,2028596,-27462,-507121,-40570,0,62,2028596,2535717,0,2495147,0,0,0,0,2028596,-27462,-507121,-40570,0
86,0.0859,0.08590001,0.08590003,0.085901,0.085901,4295001,4295002,1882194,1906688,1,0,1,0,0,62,2042834,2495147,0,2458962,0,0,0,0,2042834,-24494,-452313,-36185,0,62,2042834,2495147,0,2458962,0,0,0,0,2042834,-24494,-452313,-36185,0
87,0.0869,0.08690001,0.08690003,0.086901,0.086901,4345001,4345002,1934623,1957188,1,0,1,0,0,62,2042270,2458962,0,2425627,0,0,0,0,2042270,-22565,-416692,-33335,0,62,2042270,2458962,0,2425627,0,0,0,0,2042270,-22565,-416692,-33335,0
88,0.0879,0.08790001,0.08790003,0.087901,0.087901,4395001,4395002,1987052,2005569,1,0,1,0,0,64,2083687,2425627,0,2398272,0,0,0,0,2083687,-18517,-341940,-27355,0,64,2083687,2425627,0,2398272,0,0,0,0,2083687,-18517,-341940,-27355,0
89,0.0889,0.08890001,0.08890003,0.088901,0.088901,4445001,4445002,2039480,2057542,1,0,1,0,0,63,2064734,2398272,0,2371589,0,0,0,0,2064734,-18062,-333538,-26683,0,63,2064734,2398272,0,2371589,0,0,0,0,2064734,-18062,-333538,-26683,0
90,0.0899,0.08990001,0.08990003,0.089901,0.089901,4495001,4495002,2091909,2106625,1,0,1,0,0,64,2099839,2371589,0,2349849,0,0,0,0,2099839,-14716,-271750,-21740,0,64,2099839,2371589,0,2349849,0,0,0,0,2099839,-14716,-271750,-21740,0
91,0.0909,0.09090001,0.09090003,0.090901,0.090901,4545001,4545002,2144338,2155434,1,0,1,0,0,65,2144947,2349849,0,2333457,0,0,0,0,2144947,-11096,-204902,-16392,0,65,2144947,2349849,0,2333457,0,0,0,0,2144947,-11096,-204902,-16392,0
92,0.0919,0.09190001,0.09190003,0.091901,0.091901,4595001,4595002,2196767,2206033,1,0,1,0,0,66,2162348,2333457,0,2319768,0,0,0,0,2162348,-9266,-171109,-13689,0,66,2162348,2333457,0,2319768,0,0,0,0,2162348,-9266,-171109,-13689,0
93,0.0929,0.09290001,0.09290003,0.092901,0.092901,4645001,4645002,2249196,2259039,1,0,1,0,0,65,2138004,2319768,0,2305227,0,0,0,0,2138004,-9843,-181764,-14541,0,65,2138004,2319768,0,2305227,0,0,0,0,2138004,-9843,-181764,-14541,0
94,0.0939,0.09390001,0.09390003,0.093901,0.093901,4695001,4695002,2301624,2310020,1,0,1,0,0,66,2150184,2305227,0,2292824,0,0,0,0,2150184,-8396,-155043,-12403,0,66,2150184,2305227,0,2292824,0,0,0,0,2150184,-8396,-155043,-12403,0
95,0.0949,0.09490001,0.09490003,0.094901,0.094901,4745001,4745002,2354053,2361151,1,0,1,0,0,66,2161750,2292824,0,2282338,0,0,0,0,2161750,-7098,-131074,-10486,0,66,2161750,2292824,0,2282338,0,0,0,0,2161750,-7098,-131074,-10486,0
96,0.0959,0.09590001,0.09590003,0.095901,0.095901,4795001,4795002,2406482,2416626,1,0,1,0,0,64,2095016,2282338,0,2267352,0,0,0,0,2095016,-10144,-187322,-14986,0,64,2095016,2282338,0,2267352,0,0,0,0,2095016,-10144,-187322,-14986,0
97,0.0969,0.09690001,0.09690003,0.096901,0.096901,4845001,4845002,2458911,2467593,1,0,1,0,0,64,2107028,2267352,0,2254526,0,0,0,0,2107028,-8682,-160324,-12826,0,64,2107028,2267352,0,2254526,0,0,0,0,2107028,-8682,-160324,-12826,0
98,0.0979,0.09790001,0.09790003,0.097901,0.097901,4895001,4895002,2511340,2520074,1,0,1,0,0,64,2093242,2254526,0,2241623,0,0,0,0,2093242,-8734,-161284,-12903,0,64,2093242,2254526,0,2241623,0,0,0,0,2093242,-8734,-161284,-12903,0
99,0.0989,0.09890001,0.09890003,0.098901,0.098901,4945001,4945002,2563768,2570844,1,0,1,0,0,64,2110956,2241623,0,2231170,0,0,0,0,2110956,-7076,-130667,-10453,0,64,2110956,2241623,0,2231170,0,0,0,0,2110956,-7076,-130667,-10453,0
100,0.0999,0.09990001,0.09990003,0.099901,0.099901,4995001,4995002,2616197,2620064,1,0,1,0,0,66,2159761,2231170,0,2225457,0,0,0,0,2159761,-3867,-71409,-5713,0,66,2159761,2231170,0,2225457,0,0,0,0,2159761,-3867,-71409,-5713,0
101,0.1009,0.10090001,0.10090003,0.100901,0.100901,5045001,5045002,2668626,2672470,1,0,1,0,0,66,2154473,2225457,0,2219778,0,0,0,0,2154473,-3844,-70984,-5679,0,66,2154473,2225457,0,2219778,0,0,0,0,2154473,-3844,-70984,-5679,0
102,0.1019,0.10190001,0.10190003,0.101901,0.101901,5095001,5095002,2721055,2722672,1,0,1,0,0,67,2189918,2219778,0,2217389,0,0,0,0,2189918,-1617,-29860,-2389,0,67,2189918,2219778,0,2217389,0,0,0,0,2189918,-1617,-29860,-2389,0
103,0.1029,0.10290001,0.10290003,0.102901,0.102901,5145001,5145002,2773484,2777744,1,0,1,0,0,65,2138723,2217389,0,2211096,0,0,0,0,2138723,-4260,-78666,-6293,0,65,2138723,2217389,0,2211096,0,0,0,0,2138723,-4260,-78666,-6293,0
104,0.1039,0.10390001,0.10390003,0.103901,0.103901,5195001,5195002,2825912,2833133,1,0,1,0,0,63,2077751,2211096,0,2200428,0,0,0,0,2077751,-7221,-133345,-10668,0,63,2077751,2211096,0,2200428,0,0,0,0,2077751,-7221,-133345,-10668,0
105,0.1049,0.10490001,0.10490003,0.104901,0.104901,5245001,5245002,2878341,2882450,1,0,1,0,0,65,2124550,2200428,0,2194358,0,0,0,0,2124550,-4109,-75878,-6070,0,65,2124550,2200428,0,2194358,0,0,0,0,2124550,-4109,-75878,-6070,0
106,0.1059,0.10590001,0.10590003,0.105901,0.105901,5295001,5295002,2930770,2924729,1,0,1,0,0,70,2305913,2194358,0,2203282,0,0,0,0,2305913,6041,111555,8924,0,70,2305913,2194358,0,2203282,0,0,0,0,2305913,6041,111555,8924,0
107,0.1069,0.10690001,0.10690003,0.106901,0.106901,5345001,5345002,2983199,2962013,1,0,1,0,0,79,2594509,2203282,0,2234580,0,0,0,0,2594509,21186,391227,31298,0,79,2594509,2203282,0,2234580,0,0,0,0,2594509,21186,391227,31298,0
108,0.1079,0.10790001,0.10790003,0.107901,0.107901,5395001,5395002,3035628,3018985,1,0,1,0,0,78,2541914,2234580,0,2259167,0,0,0,0,2541914,16643,307334,24587,0,78,2541914,2234580,0,2259167,0,0,0,0,2541914,16643,307334,24587,0
109,0.1089,0.10890001,0.10890003,0.108901,0.108901,5445001,5445002,3088056,3080663,1,0,1,0,0,73,2395688,2259167,0,2270089,0,0,0,0,2395688,7393,136521,10922,0,73,2395688,2259167,0,2270089,0,0,0,0,2395688,7393,136521,10922,0
110,0.1099,0.10990001,0.10990003,0.109901,0.109901,5495001,5495002,3140485,3138152,1,0,1,0,0,71,2313171,2270089,0,2273536,0,0,0,0,2313171,2333,43082,3447,0,71,2313171,2270089,0,2273536,0,0,0,0,2313171,2333,43082,3447,0
111,0.1109,0.11090001,0.11090003,0.110901,0.110901,5545001,5545002,3192914,3196190,1,0,1,0,0,68,2213040,2273536,0,2268696,0,0,0,0,2213040,-3276,-60496,-4840,0,68,2213040,2273536,0,2268696,0,0,0,0,2213040,-3276,-60496,-4840,0
112,0.1119,0.11190001,0.11190003,0.111901,0.111901,5595001,5595002,3245343,3249006,1,0,1,0,0,67,2201054,2268696,0,2263285,0,0,0,0,2201054,-3663,-67642,-5411,0,67,2201054,2268696,0,2263285,0,0,0,0,2201054,-3663,-67642,-5411,0
113,0.1129,0.11290001,0.11290003,0.112901,0.112901,5645001,5645002,3297772,3305683,1,0,1,0,0,65,2117198,2263285,0,2251598,0,0,0,0,2117198,-7911,-146087,-11687,0,65,2117198,2263285,0,2251598,0,0,0,0,2117198,-7911,-146087,-11687,0
114,0.1139,0.11390001,0.11390003,0.113901,0.113901,5695001,5695002,3350200,3355184,1,0,1,0,0,66,2159562,2251598,0,2244235,0,0,0,0,2159562,-4984,-92036,-7363,0,66,2159562,2251598,0,2244235,0,0,0,0,2159562,-4984,-92036,-7363,0
115,0.1149,0.11490001,0.11490003,0.114901,0.114901,5745001,5745002,3402629,3408815,1,0,1,0,0,65,2130003,2244235,0,2235096,0,0,0,0,2130003,-6186,-114232,-9139,0,65,2130003,2244235,0,2235096,0,0,0,0,2130003,-6186,-114232,-9139,0
116,0.1159,0.11590001,0.11590003,0.115901,0.115901,5795001,5795002,3455058,3463347,1,0,1,0,0,64,2082029,2235096,0,2222851,0,0,0,0,2082029,-8289,-153067,-12245,0,64,2082029,2235096,0,2222851,0,0,0,0,2082029,-8289,-153067,-12245,0
117,0.1169,0.11690001,0.11690003,0.116901,0.116901,5845001,5845002,3507487,3512363,1,0,1,0,0,65,2132809,2222851,0,2215648,0,0,0,0,2132809,-4876,-90042,-7203,0,65,2132809,2222851,0,2215648,0,0,0,0,2132809,-4876,-90042,-7203,0
118,0.1179,0.11790001,0.11790003,0.117901,0.117901,5895001,5895002,3559916,3563841,1,0,1,0,0,65,2143168,2215648,0,2209850,0,0,0,0,2143168,-3925,-72480,-5798,0,65,2143168,2215648,0,2209850,0,0,0,0,2143168,-3925,-72480,-5798,0
119,0.1189,0.11890001,0.11890003,0.118901,0.118901,5945001,5945002,3612344,3618332,1,0,1,0,0,64,2099274,2209850,0,2201004,0,0,0,0,2099274,-5988,-110576,-8846,0,64,2099274,2209850,0,2201004,0,0,0,0,2099274,-5988,-110576,-8846,0
120,0.1199,0.11990001,0.11990003,0.119901,0.119901,5995001,5995002,3664773,3667781,1,0,1,0,0,65,2145457,2201004,0,2196560,0,0,0,0,2145457,-3008,-55547,-4444,0,65,2145457,2201004,0,2196560,0,0,0,0,2145457,-3008,-55547,-4444,0
121,0.1209,0.12090001,0.12090003,0.120901,0.120901,6045001,6045002,3717202,3718022,1,0,1,0,0,67,2181418,2196560,0,2195349,0,0,0,0,2181418,-820,-15142,-1211,0,67,2181418,2196560,0,2195349,0,0,0,0,2181418,-820,-15142,-1211,0
122,0.1219,0.12190001,0.12190003,0.121901,0.121901,6095001,6095002,3769631,3767955,1,0,1,0,0,68,2226298,2195349,0,2197825,0,0,0,0,2226298,1676,30949,2476,0,68,2226298,2195349,0,2197825,0,0,0,0,2226298,1676,30949,2476,0
123,0.1229,0.12290001,0.12290003,0.122901,0.122901,6145001,6145002,3822060,3823108,1,0,1,0,0,66,2178472,2197825,0,2196277,0,0,0,0,2178472,-1048,-19353,-1548,0,66,2178472,2197825,0,2196277,0,0,0,0,2178472,-1048,-19353,-1548,0
124,0.1239,0.12390001,0.12390003,0.123901,0.123901,6195001,6195002,3874488,3875753,1,0,1,0,0,66,2172917,2196277,0,2194408,0,0,0,0,2172917,-1265,-23360,-1869,0,66,2172917,2196277,0,2194408,0,0,0,0,2172917,-1265,-23360,-1869,0
125,0.1249,0.12490001,0.12490003,0.124901,0.124901,6245001,6245002,3926917,3930972,1,0,1,0,0,65,2119527,2194408,0,2188418,0,0,0,0,2119527,-4055,-74881,-5990,0,65,2119527,2194408,0,2188418,0,0,0,0,2119527,-4055,-74881,-5990,0
126,0.1259,0.12590001,0.12590003,0.125901,0.125901,6295001,6295002,3979346,3982340,1,0,1,0,0,65,2133130,2188418,0,2183995,0,0,0,0,2133130,-2994,-55288,-4423,0,65,2133130,2188418,0,2183995,0,0,0,0,2133130,-2994,-55288,-4423,0
127,0.1269,0.12690001,0.12690003,0.126901,0.126901,6345001,6345002,4031775,4035200,1,0,1,0,0,65,2120748,2183995,0,2178935,0,0,0,0,2120748,-3425,-63247,-5060,0,65,2120748,2183995,0,2178935,0,0,0,0,2120748,-3425,-63247,-5060,0
128,0.1279,0.12790001,0.12790003,0.127901,0.127901,6395001,6395002,4084204,4084729,1,0,1,0,0,66,2169240,2178935,0,2178159,0,0,0,0,2169240,-525,-9695,-776,0,66,2169240,2178935,0,2178159,0,0,0,0,2169240,-525,-9695,-776,0
129,0.1289,0.12890001,0.12890003,0.128901,0.128901,6445001,6445002,4136632,4137046,1,0,1,0,0,66,2170514,2178159,0,2177547,0,0,0,0,2170514,-414,-7645,-612,0,66,2170514,2178159,0,2177547,0,0,0,0,2170514,-414,-7645,-612,0
130,0.1299,0.12990001,0.12990003,0.129901,0.129901,6495001,6495002,4189061,4187982,1,0,1,0,0,67,2197472,2177547,0,2179141,0,0,0,0,2197472,1079,19925,1594,0,67,2197472,2177547,0,2179141,0,0,0,0,2197472,1079,19925,1594,0
131,0.1309,0.13090001,0.13090003,0.130901,0.130901,6545001,6545002,4241490,4241362,1,0,1,0,0,67,2181505,2179141,0,2179330,0,0,0,0,2181505,128,2364,189,0,67,2181505,2179141,0,2179330,0,0,0,0,2181505,128,2364,189,0
132,0.1319,0.13190001,0.13190003,0.131901,0.131901,6595001,6595002,4293919,4294524,1,0,1,0,0,66,2168158,2179330,0,2178436,0,0,0,0,2168158,-605,-11172,-894,0,66,2168158,2179330,0,2178436,0,0,0,0,2168158,-605,-11172,-894,0
133,0.1329,0.13290001,0.13290003,0.132901,0.132901,6645001,6645002,4346348,4347247,1,0,1,0,0,66,2161835,2178436,0,2177108,0,0,0,0,2161835,-899,-16601,-1328,0,66,2161835,2178436,0,2177108,0,0,0,0,2161835,-899,-16601,-1328,0
134,0.1339,0.13390001,0.13390003,0.133901,0.133901,6695001,6695002,4398776,4402645,1,0,1,0,0,64,2105662,2177108,0,2171392,0,0,0,0,2105662,-3869,-71446,-5716,0,64,2105662,2177108,0,2171392,0,0,0,0,2105662,-3869,-71446,-5716,0
135,0.1349,0.13490001,0.13490003,0.134901,0.134901,6745001,6745002,4451205,4452583,1,0,1,0,0,65,2145945,2171392,0,2169356,0,0,0,0,2145945,-1378,-25447,-2036,0,65,2145945,2171392,0,2169356,0,0,0,0,2145945,-1378,-25447,-2036,0
136,0.1359,0.13590001,0.13590003,0.135901,0.135901,6795001,6795002,4503634,4495576,1,0,1,0,0,71,2318157,2169356,0,2181260,0,0,0,0,2318157,8058,148801,11904,0,71,2318157,2169356,0,2181260,0,0,0,0,2318157,8058,148801,11904,0
137,0.1369,0.13690001,0.13690003,0.136901,0.136901,6845001,6845002,4556063,4533525,1,0,1,0,0,79,2597453,2181260,0,2214555,0,0,0,0,2597453,22538,416193,33295,0,79,2597453,2181260,0,2214555,0,0,0,0,2597453,22538,416193,33295,0
138,0.1379,0.13790001,0.13790003,0.137901,0.137901,6895001,6895002,4608492,4592677,1,0,1,0,0,76,2506599,2214555,0,2237919,0,0,0,0,2506599,15815,292044,23364,0,76,2506599,2214555,0,2237919,0,0,0,0,2506599,15815,292044,23364,0
139,0.1389,0.13890001,0.13890003,0.138901,0.138901,6945001,6945002,4660920,4653466,1,0,1,0,0,72,2375567,2237919,0,2248931,0,0,0,0,2375567,7454,137648,11012,0,72,2375567,2237919,0,2248931,0,0,0,0,2375567,7454,137648,11012,0
140,0.1399,0.13990001,0.13990003,0.139901,0.139901,6995001,6995002,4713349,4710008,1,0,1,0,0,71,2310627,2248931,0,2253867,0,0,0,0,2310627,3341,61696,4936,0,71,2310627,2248931,0,2253867,0,0,0,0,2310627,3341,61696,4936,0
141,0.1409,0.14090001,0.14090003,0.140901,0.140901,7045001,7045002,4765778,4765602,1,0,1,0,0,69,2257117,2253867,0,2254127,0,0,0,0,2257117,176,3250,260,0,69,2257117,2253867,0,2254127,0,0,0,0,2257117,176,3250,260,0
142,0.1419,0.14190001,0.14190003,0.141901,0.141901,7095001,7095002,4818207,4819948,1,0,1,0,0,68,2221977,2254127,0,2251555,0,0,0,0,2221977,-1741,-32150,-2572,0,68,2221977,2254127,0,2251555,0,0,0,0,2221977,-1741,-32150,-2572,0
143,0.1429,0.14290001,0.14290003,0.142901,0.142901,7145001,7145002,4870636,4873877,1,0,1,0,0,67,2191706,2251555,0,2246767,0,0,0,0,2191706,-3241,-59849,-4788,0,67,2191706,2251555,0,2246767,0,0,0,0,2191706,-3241,-59849,-4788,0
144,0.1439,0.14390001,0.14390003,0.143901,0.143901,7195001,7195002,4923064,4928620,1,0,1,0,0,65,2144168,2246767,0,2238559,0,0,0,0,2144168,-5556,-102599,-8208,0,65,2144168,2246767,0,2238559,0,0,0,0,2144168,-5556,-102599,-8208,0
145,0.1449,0.14490001,0.14490003,0.144901,0.144901,7245001,7245002,4975493,4980341,1,0,1,0,0,66,2149034,2238559,0,2231397,0,0,0,0,2149034,-4848,-89525,-7162,0,66,2149034,2238559,0,2231397,0,0,0,0,2149034,-4848,-89525,-7162,0
146,0.1459,0.14590001,0.14590003,0.145901,0.145901,7295001,7295002,5027922,5035533,1,0,1,0,0,64,2090850,2231397,0,2220153,0,0,0,0,2090850,-7611,-140547,-11244,0,64,2090850,2231397,0,2220153,0,0,0,0,2090850,-7611,-140547,-11244,0
147,0.1469,0.14690001,0.14690003,0.146901,0.146901,7345001,7345002,5080351,5085125,1,0,1,0,0,65,2131995,2220153,0,2213100,0,0,0,0,2131995,-4774,-88158,-7053,0,65,2131995,2220153,0,2213100,0,0,0,0,2131995,-4774,-88158,-7053,0
148,0.1479,0.14790001,0.14790003,0.147901,0.147901,7395001,7395002,5132780,5134948,1,0,1,0,0,66,2173065,2213100,0,2209897,0,0,0,0,2173065,-2168,-40035,-3203,0,66,2173065,2213100,0,2209897,0,0,0,0,2173065,-2168,-40035,-3203,0
149,0.1489,0.14890001,0.14890003,0.148901,0.148901,7445001,7445002,5185208,5187139,1,0,1,0,0,66,2174239,2209897,0,2207044,0,0,0,0,2174239,-1931,-35658,-2853,0,66,2174239,2209897,0,2207044,0,0,0,0,2174239,-1931,-35658,-2853,0
150,0.1499,0.14990001,0.14990003,0.149901,0.149901,7495001,7495002,5237637,5240035,1,0,1,0,0,66,2162762,2207044,0,2203501,0,0,0,0,2162762,-2398,-44282,-3543,0,66,2162762,2207044,0,2203501,0,0,0,0,2162762,-2398,-44282,-3543,0
151,0.1509,0.15090001,0.15090003,0.150901,0.150901,7545001,7545002,5242880,5293065,1,0,1,0,0,39,1276771,2203501,0,2129363,0,0,0,0,1276771,-50185,-926730,-74138,0,39,1276771,2203501,0,2129363,0,0,0,0,1276771,-50185,-926730,-74138,0
152,0.1519,0.15190001,0.15190003,0.151901,0.151901,7595001,7595002,5242880,5327830,1,0,1,0,0,17,560653,2129363,0,2003866,0,0,0,0,560653,-84950,-1568710,-125497,0,17,560653,2129363,0,2003866,0,0,0,0,560653,-84950,-1568710,-125497,0
153,0.1529,0.15290001,0.15290003,0.152901,0.152901,7645001,7645002,5242880,5343316,1,0,1,0,0,5,149187,2003866,0,1855492,0,0,0,0,149187,-100436,-1854679,-148374,0,5,149187,2003866,0,1855492,0,0,0,0,149187,-100436,-1854679,-148374,0
154,0.1539,0.15390001,0.15390003,0.153901,0.153901,7695001,7695002,5242880,5350366,1,0,1,0,0,-4,-129374,1855492,0,1696703,0,0,0,0,-129374,-107486,-1984866,-158789,0,-4,-129374,1855492,0,1696703,0,0,0,0,-129374,-107486,-1984866,-158789,0
155,0.1549,0.15490001,0.15490003,0.154901,0.154901,7745001,7745002,5242880,5356243,1,0,1,0,0,-12,-396690,1696703,0,1529232,0,0,0,0,-396690,-113363,-2093393,-167471,0,-12,-396690,1696703,0,1529232,0,0,0,0,-396690,-113363,-2093393,-167471,0
156,0.1559,0.15590001,0.15590003,0.155901,0.155901,7795001,7795002,5242880,5362137,1,0,1,0,0,-21,-673001,1529232,0,1353053,0,0,0,0,-673001,-119257,-2202233,-176179,0,-21,-673001,1529232,0,1353053,0,0,0,0,-673001,-119257,-2202233,-176179,0
157,0.1569,0.15690001,0.15690003,0.156901,0.156901,7845001,7845002,5242880,5367711,1,0,1,0,0,-29,-952111,1353053,0,1168640,0,0,0,0,-952111,-124831,-2305164,-184413,0,-29,-952111,1353053,0,1168640,0,0,0,0,-952111,-124831,-2305164,-184413,0
158,0.1579,0.15790001,0.15790003,0.157901,0.157901,7895001,7895002,5242880,5373120,1,0,1,0,0,-38,-1236408,1168640,0,976236,0,0,0,0,-1236408,-130240,-2405048,-192404,0,-38,-1236408,1168640,0,976236,0,0,0,0,-1236408,-130240,-2405048,-192404,0
159,0.1589,0.15890001,0.15890003,0.158901,0.158901,7945001,7945002,5242880,5378451,1,0,1,0,0,-47,-1527256,976236,0,775957,0,0,0,0,-1527256,-135571,-2503492,-200279,0,-47,-1527256,976236,0,775957,0,0,0,0,-1527256,-135571,-2503492,-200279,0
160,0.1599,0.15990001,0.15990003,0.159901,0.159901,7995001,7995002,5242880,5383679,1,0,1,0,0,-56,-1824076,775957,0,567954,0,0,0,0,-1824076,-140799,-2600033,-208003,0,-56,-1824076,775957,0,567954,0,0,0,0,-1824076,-140799,-2600033,-208003,0
161,0.1609,0.16090001,0.16090003,0.160901,0.160901,8045001,8045002,5242880,5388793,1,0,1,0,0,-65,-2126516,567954,0,352396,0,0,0,0,-2126516,-145913,-2694470,-215558,0,-65,-2126516,567954,0,352396,0,0,0,0,-2126516,-145913,-2694470,-215558,0
162,0.1619,0.16190001,0.16190003,0.161901,0.161901,8095001,8095002,5242880,5393496,1,0,1,0,0,-74,-2428921,352396,0,129891,0,0,0,0,-2428921,-150616,-2781317,-222505,0,-74,-2428921,352396,0,129891,0,0,0,0,-2428921,-150616,-2781317,-222505,0
163,0.1629,0.16290001,0.16290003,0.162901,0.162901,8145001,8145002,5242880,5397990,1,0,1,0,0,-83,-2734413,129891,0,-99253,0,0,0,0,-2734413,-155110,-2864304,-229144,0,-83,-2734413,129891,0,-99253,0,0,0,0,-2734413,-155110,-2864304,-229144,0
164,0.1639,0.16390001,0.16390003,0.163901,0.163901,8195001,8195002,5242880,5402149,1,0,1,0,0,-93,-3040359,-99253,0,-334542,0,0,0,0,-3040359,-159269,-2941106,-235289,0,-93,-3040359,-99253,0,-334542,0,0,0,0,-3040359,-159269,-2941106,-235289,0
165,0.1649,0.16490001,0.16490003,0.164901,0.164901,8245001,8245002,5242880,5405820,1,0,1,0,0,-102,-3343437,-334542,0,-575254,0,0,0,0,-3343437,-162940,-3008895,-240712,0,-102,-3343437,-334542,0,-575254,0,0,0,0,-3343437,-162940,-3008895,-240712,0
166,0.1659,0.16590001,0.16590003,0.165901,0.165901,8295001,8295002,5242880,5408987,1,0,1,0,0,-111,-3642632,-575254,0,-820644,0,0,0,0,-3642632,-166107,-3067378,-245390,0,-111,-3642632,-575254,0,-820644,0,0,0,0,-3642632,-166107,-3067378,-245390,0
167,0.1669,0.16690001,0.16690003,0.166901,0.166901,8345001,8345002,5242880,5411736,1,0,1,0,0,-120,-3938786,-820644,0,-1070095,0,0,0,0,-3938786,-168856,-3118142,-249451,0,-120,-3938786,-820644,0,-1070095,0,0,0,0,-3938786,-168856,-3118142,-249451,0
168,0.1679,0.16790001,0.16790003,0.167901,0.167901,8395001,8395002,5242880,5413854,1,0,1,0,0,-129,-4227348,-1070095,0,-1322675,0,0,0,0,-4227348,-170974,-3157253,-252580,0,-129,-4227348,-1070095,0,-1322675,0,0,0,0,-4227348,-170974,-3157253,-252580,0
169,0.1689,0.16890001,0.16890003,0.168901,0.168901,8445001,8445002,5242880,5415325,1,0,1,0,0,-138,-4507092,-1322675,0,-1577428,0,0,0,0,-4507092,-172445,-3184417,-254753,0,-138,-4507092,-1322675,0,-1577428,0,0,0,0,-4507092,-172445,-3184417,-254753,0
170,0.1699,0.16990001,0.16990003,0.169901,0.169901,8495001,8495002,5242880,5416661,1,0,1,0,0,-146,-4786516,-1577428,0,-1834155,0,0,0,0,-4786516,-173781,-3209088,-256727,0,-146,-4786516,-1577428,0,-1834155,0,0,0,0,-4786516,-173781,-3209088,-256727,0
171,0.1709,0.17090001,0.17090003,0.170901,0.170901,8545001,8545002,5242880,5417573,1,0,1,0,0,-154,-5060085,-1834155,0,-2092229,0,0,0,0,-5060085,-174693,-3225930,-258074,0,-154,-5060085,-1834155,0,-2092229,0,0,0,0,-5060085,-174693,-3225930,-258074,0
172,0.1719,0.17190001,0.17190003,0.171901,0.171901,8595001,8595002,5242880,5417587,1,0,1,0,0,-162,-5318417,-2092229,0,-2350324,0,0,0,0,-5318417,-174707,-3226188,-258095,0,-162,-5318417,-2092229,0,-2350324,0,0,0,0,-5318417,-174707,-3226188,-258095,0
173,0.1729,0.17290001,0.17290003,0.172901,0.172901,8645001,8645002,5242880,5416688,1,0,1,0,0,-170,-5559911,-2350324,0,-2607091,0,0,0,0,-5559911,-173808,-3209587,-256767,0,-170,-5559911,-2350324,0,-2607091,0,0,0,0,-5559911,-173808,-3209587,-256767,0
174,0.1739,0.17390001,0.17390003,0.173901,0.173901,8695001,8695002,5242880,5415362,1,0,1,0,0,-177,-5792192,-2607091,0,-2861899,0,0,0,0,-5792192,-172482,-3185101,-254808,0,-177,-5792192,-2607091,0,-2861899,0,0,0,0,-5792192,-172482,-3185101,-254808,0
175,0.1749,0.17490001,0.17490003,0.174901,0.174901,8745001,8745002,5242880,5413617,1,0,1,0,0,-184,-6014776,-2861899,0,-3114129,0,0,0,0,-6014776,-170737,-3152877,-252230,0,-184,-6014776,-2861899,0,-3114129,0,0,0,0,-6014776,-170737,-3152877,-252230,0
176,0.1759,0.17590001,0.17590003,0.175901,0.175901,8795001,8795002,5242880,5411065,1,0,1,0,0,-190,-6219880,-3114129,0,-3362589,0,0,0,0,-6219880,-168185,-3105751,-248460,0,-190,-6219880,-3114129,0,-3362589,0,0,0,0,-6219880,-168185,-3105751,-248460,0
177,0.1769,0.17690001,0.17690003,0.176901,0.176901,8845001,8845002,5242880,5407604,1,0,1,0,0,-195,-6404428,-3362589,0,-3605936,0,0,0,0,-6404428,-164724,-3041839,-243347,0,-195,-6404428,-3362589,0,-3605936,0,0,0,0,-6404428,-164724,-3041839,-243347,0
178,0.1779,0.17790001,0.17790003,0.177901,0.177901,8895001,8895002,5242880,5403324,1,0,1,0,0,-200,-6568740,-3605936,0,-3842960,0,0,0,0,-6568740,-160444,-2962804,-237024,0,-200,-6568740,-3605936,0,-3842960,0,0,0,0,-6568740,-160444,-2962804,-237024,0
179,0.1789,0.17890001,0.17890003,0.178901,0.178901,8945001,8945002,5242880,5398348,1,0,1,0,0,-205,-6713875,-3842960,0,-4072633,0,0,0,0,-6713875,-155468,-2870915,-229673,0,-205,-6713875,-3842960,0,-4072633,0,0,0,0,-6713875,-155468,-2870915,-229673,0
180,0.1799,0.17990001,0.17990003,0.179901,0.179901,8995001,8995002,5242880,5392397,1,0,1,0,0,-209,-6833655,-4072633,0,-4293515,0,0,0,0,-6833655,-149517,-2761022,-220882,0,-209,-6833655,-4072633,0,-4293515,0,0,0,0,-6833655,-149517,-2761022,-220882,0
181,0.1809,0.18090001,0.18090003,0.180901,0.180901,9045001,9045002,5242880,5320590,1,0,1,0,0,-175,-5728529,-4293515,0,-4408316,0,0,0,0,-5728529,-77710,-1435014,-114801,0,-175,-5728529,-4293515,0,-4408316,0,0,0,0,-5728529,-77710,-1435014,-114801,0
182,0.1819,0.18190001,0.18190003,0.181901,0.181901,9095001,9095002,5242880,5197978,1,0,1,0,0,-109,-3579143,-4408316,0,-4341982,0,0,0,0,-3579143,44902,829173,66334,0,-109,-3579143,-4408316,0,-4341982,0,0,0,0,-3579143,44902,829173,66334,0
183,0.1829,0.18290001,0.18290003,0.182901,0.182901,9145001,9145002,5242880,5101223,1,0,1,0,0,-53,-1726104,-4341982,0,-4132712,0,0,0,0,-1726104,141657,2615878,209270,0,-53,-1726104,-4341982,0,-4132712,0,0,0,0,-1726104,141657,2615878,209270,0
184,0.1839,0.18390001,0.18390003,0.183901,0.183901,9195001,9195002,5242880,5049913,1,0,1,0,0,-17,-569330,-4132712,0,-3847641,0,0,0,0,-569330,192967,3563382,285071,0,-17,-569330,-4132712,0,-3847641,0,0,0,0,-569330,192967,3563382,285071,0
185,0.1849,0.18490001,0.18490003,0.184901,0.184901,9245001,9245002,5242880,5027429,1,0,1,0,0,4,130937,-3847641,0,-3529355,0,0,0,0,130937,215451,3978578,318286,0,4,130937,-3847641,0,-3529355,0,0,0,0,130937,215451,3978578,318286,0
186,0.1859,0.18590001,0.18590003,0.185901,0.185901,9295001,9295002,5242880,5019826,1,0,1,0,0,18,589622,-3529355,0,-3199837,0,0,0,0,589622,223054,4118977,329518,0,18,589622,-3529355,0,-3199837,0,0,0,0,589622,223054,4118977,329518,0
187,0.1869,0.18690001,0.18690003,0.186901,0.186901,9345001,9345002,5242880,5014281,1,0,1,0,0,31,1021536,-3199837,0,-2862127,0,0,0,0,1021536,228599,4221373,337710,0,31,1021536,-3199837,0,-2862127,0,0,0,0,1021536,228599,4221373,337710,0
188,0.1879,0.18790001,0.18790003,0.187901,0.187901,9395001,9395002,5242880,5008806,1,0,1,0,0,45,1460349,-2862127,0,-2516329,0,0,0,0,1460349,234074,4322476,345798,0,45,1460349,-2862127,0,-2516329,0,0,0,0,1460349,234074,4322476,345798,0
189,0.1889,0.18890001,0.18890003,0.188901,0.188901,9445001,9445002,5242880,5003445,1,0,1,0,0,58,1905144,-2516329,0,-2162611,0,0,0,0,1905144,239435,4421473,353718,0,58,1905144,-2516329,0,-2162611,0,0,0,0,1905144,239435,4421473,353718,0
190,0.1899,0.18990001,0.18990003,0.189901,0.189901,9495001,9495002,5242880,4998229,1,0,1,0,0,72,2355182,-2162611,0,-1801187,0,0,0,0,2355182,244651,4517793,361424,0,72,2355182,-2162611,0,-1801187,0,0,0,0,2355182,244651,4517793,361424,0
191,0.1909,0.19090001,0.19090003,0.190901,0.190901,9545001,9545002,5242880,4993200,1,0,1,0,0,86,2809473,-1801187,0,-1432334,0,0,0,0,2809473,249680,4610660,368853,0,86,2809473,-1801187,0,-1432334,0,0,0,0,2809473,249680,4610660,368853,0
192,0.1919,0.19190001,0.19190003,0.191901,0.191901,9595001,9595002,5242880,4988548,1,0,1,0,0,100,3264231,-1432334,0,-1056609,0,0,0,0,3264231,254332,4696565,375725,0,100,3264231,-1432334,0,-1056609,0,0,0,0,3264231,254332,4696565,375725,0
193,0.1929,0.19290001,0.19290003,0.192901,0.192901,9645001,9645002,5242880,4984229,1,0,1,0,0,114,3719712,-1056609,0,-674503,0,0,0,0,3719712,258651,4776321,382106,0,114,3719712,-1056609,0,-674503,0,0,0,0,3719712,258651,4776321,382106,0
194,0.1939,0.19390001,0.19390003,0.193901,0.193901,9695001,9695002,5242880,4980570,1,0,1,0,0,127,4169386,-674503,0,-286992,0,0,0,0,4169386,262310,4843889,387511,0,127,4169386,-674503,0,-286992,0,0,0,0,4169386,262310,4843889,387511,0
195,0.1949,0.19490001,0.19490003,0.194901,0.194901,9745001,9745002,5242880,4977493,1,0,1,0,0,141,4613718,-286992,0,105065,0,0,0,0,4613718,265387,4900710,392057,0,141,4613718,-286992,0,105065,0,0,0,0,4613718,265387,4900710,392057,0
196,0.1959,0.19590001,0.19590003,0.195901,0.195901,9795001,9795002,5242880,4975092,1,0,1,0,0,154,5050113,105065,0,500669,0,0,0,0,5050113,267788,4945048,395604,0,154,5050113,105065,0,500669,0,0,0,0,5050113,267788,4945048,395604,0
197,0.1969,0.19690001,0.19690003,0.196901,0.196901,9845001,9845002,5242880,4973398,1,0,1,0,0,167,5476999,500669,0,898775,0,0,0,0,5476999,269482,4976330,398106,0,167,5476999,500669,0,898775,0,0,0,0,5476999,269482,4976330,398106,0
198,0.1979,0.19790001,0.19790003,0.197901,0.197901,9895001,9895002,5242880,4972054,1,0,1,0,0,180,5899923,898775,0,1298867,0,0,0,0,5899923,270826,5001148,400092,0,180,5899923,898775,0,1298867,0,0,0,0,5899923,270826,5001148,400092,0
199,0.1989,0.19890001,0.19890003,0.198901,0.198901,9945001,9945002,5242880,4971154,1,0,1,0,0,193,6316635,1298867,0,1700289,0,0,0,0,6316635,271726,5017768,401422,0,193,6316635,1298867,0,1700289,0,0,0,0,6316635,271726,5017768,401422,0
200,0.1999,0.19990001,0.19990003,0.199901,0.199901,9995001,9995002,5242880,4971528,1,0,1,0,0,205,6711150,1700289,0,2101158,0,0,0,0,6711150,271352,5010861,400869,0,205,6711150,1700289,0,2101158,0,0,0,0,6711150,271352,5010861,400869,0
201,0.2009,0.20090001,0.20090003,0.200901,0.200901,10045001,10045002,5242880,4454840,1,0,1,0,0,508,16653324,2101158,0,3265332,0,0,0,0,16653324,788040,14552166,1164174,0,508,16653324,2101158,0,3265332,0,0,0,0,16653324,788040,14552166,1164174,0
202,0.2019,0.20190001,0.20190003,0.201901,0.201901,10095001,10095002,5242880,3881685,1,0,1,0,0,867,28401537,3265332,0,5276229,0,0,0,0,28401537,1361195,25136205,2010897,0,867,28401537,3265332,0,5276229,0,0,0,0,28401537,1361195,25136205,2010897,0
203,0.2029,0.20290001,0.20290003,0.202901,0.202901,10145001,10145002,5242880,3429851,1,0,1,0,0,1183,38756127,5276229,0,7954621,0,0,0,0,38756127,1813029,33479898,2678392,0,1183,38756127,5276229,0,7954621,0,0,0,0,38756127,1813029,33479898,2678392,0
204,0.2039,0.20390001,0.20390003,0.203901,0.203901,10195001,10195002,5242880,3558240,1,0,1,0,0,1192,39063652,7954621,0,10443344,0,0,0,0,39063652,1684640,31109031,2488723,0,1192,39063652,7954621,0,10443344,0,0,0,0,39063652,1684640,31109031,2488723,0
205,0.2049,0.20490001,0.20490003,0.204901,0.204901,10245001,10245002,5242880,3875083,1,0,1,0,0,1090,35701464,10443344,0,12463994,0,0,0,0,35701464,1367797,25258120,2020650,0,1090,35701464,10443344,0,12463994,0,0,0,0,35701464,1367797,25258120,2020650,0
206,0.2059,0.20590001,0.20590003,0.205901,0.205901,10295001,10295002,5242880,4156398,1,0,1,0,0,993,32527273,12463994,0,14069057,0,0,0,0,32527273,1086482,20063279,1605063,0,993,32527273,12463994,0,14069057,0,0,0,0,32527273,1086482,20063279,1605063,0
207,0.2069,0.20690001,0.20690003,0.206901,0.206901,10345001,10345002,5242880,4377628,1,0,1,0,0,917,30047041,14069057,0,15347296,0,0,0,0,30047041,865252,15977984,1278239,0,917,30047041,14069057,0,15347296,0,0,0,0,30047041,865252,15977984,1278239,0
208,0.2079,0.20790001,0.20790003,0.207901,0.207901,10395001,10395002,5242880,4528340,1,0,1,0,0,871,28542190,15347296,0,16402888,0,0,0,0,28542190,714540,13194894,1055592,0,871,28542190,15347296,0,16402888,0,0,0,0,28542190,714540,13194894,1055592,0
209,0.2089,0.20890001,0.20890003,0.208901,0.208901,10445001,10445002,5242880,4638543,1,0,1,0,0,841,27562743,16402888,0,17295677,0,0,0,0,27562743,604337,11159855,892789,0,841,27562743,16402888,0,17295677,0,0,0,0,27562743,604337,11159855,892789,0
210,0.2099,0.20990001,0.20990003,0.209901,0.209901,10495001,10495002,5242880,4718858,1,0,1,0,0,823,26972413,17295677,0,18069816,0,0,0,0,26972413,524022,9676736,774139,0,823,26972413,17295677,0,18069816,0,0,0,0,26972413,524022,9676736,774139,0
211,0.2109,0.21090001,0.21090003,0.210901,0.210901,10545001,10545002,5242880,4789262,1,0,1,0,0,807,26446452,18069816,0,18739947,0,0,0,0,26446452,453618,8376636,670131,0,807,26446452,18069816,0,18739947,0,0,0,0,26446452,453618,8376636,670131,0
212,0.2119,0.21190001,0.21190003,0.211901,0.211901,10595001,10595002,5242880,4843396,1,0,1,0,0,797,26116930,18739947,0,19330106,0,0,0,0,26116930,399484,7376983,590159,0,797,26116930,18739947,0,19330106,0,0,0,0,26116930,399484,7376983,590159,0
213,0.2129,0.21290001,0.21290003,0.212901,0.212901,10645001,10645002,5242880,4888366,1,0,1,0,0,790,25876660,19330106,0,19853830,0,0,0,0,25876660,354514,6546554,523724,0,790,25876660,19330106,0,19853830,0,0,0,0,25876660,354514,6546554,523724,0
214,0.2139,0.21390001,0.21390003,0.213901,0.213901,10695001,10695002,5242880,4927615,1,0,1,0,0,784,25675601,19853830,0,20319572,0,0,0,0,25675601,315265,5821771,465742,0,784,25675601,19853830,0,20319572,0,0,0,0,25675601,315265,5821771,465742,0
215,0.2149,0.21490001,0.21490003,0.214901,0.214901,10745001,10745002,5242880,4962531,1,0,1,0,0,778,25496575,20319572,0,20733732,0,0,0,0,25496575,280349,5177003,414160,0,778,25496575,20319572,0,20733732,0,0,0,0,25496575,280349,5177003,414160,0
216,0.2159,0.21590001,0.21590003,0.215901,0.215901,10795001,10795002,5242880,4990745,1,0,1,0,0,775,25389727,20733732,0,21106212,0,0,0,0,25389727,252135,4655995,372480,0,775,25389727,20733732,0,21106212,0,0,0,0,25389727,252135,4655995,372480,0
217,0.2169,0.21690001,0.21690003,0.216901,0.216901,10845001,10845002,5242880,5020221,1,0,1,0,0,770,25217895,21106212,0,21435147,0,0,0,0,25217895,222659,4111683,328935,0,770,25217895,21106212,0,21435147,0,0,0,0,25217895,222659,4111683,328935,0
218,0.2179,0.21790001,0.21790003,0.217901,0.217901,10895001,10895002,5242880,5043762,1,0,1,0,0,766,25112115,21435147,0,21729305,0,0,0,0,25112115,199118,3676968,294158,0,766,25112115,21435147,0,21729305,0,0,0,0,25112115,199118,3676968,294158,0
219,0.2189,0.21890001,0.21890003,0.218901,0.218901,10945001,10945002,5242880,5063563,1,0,1,0,0,764,25040623,21729305,0,21994210,0,0,0,0,25040623,179317,3311318,264905,0,764,25040623,21729305,0,21994210,0,0,0,0,25040623,179317,3311318,264905,0
220,0.2199,0.21990001,0.21990003,0.219901,0.219901,10995001,10995002,5242880,5085346,1,0,1,0,0,760,24903277,21994210,0,22226935,0,0,0,0,24903277,157534,2909067,232725,0,760,24903277,21994210,0,22226935,0,0,0,0,24903277,157534,2909067,232725,0
221,0.2209,0.22090001,0.22090003,0.220901,0.220901,11045001,11045002,5242880,5099415,1,0,1,0,0,759,24876200,22226935,0,22438876,0,0,0,0,24876200,143465,2649265,211941,0,759,24876200,22226935,0,22438876,0,0,0,0,24876200,143465,2649265,211941,0
222,0.2219,0.22190001,0.22190003,0.221901,0.221901,11095001,11095002,5242880,5118290,1,0,1,0,0,755,24739590,22438876,0,22622933,0,0,0,0,24739590,124590,2300714,184057,0,755,24739590,22438876,0,22622933,0,0,0,0,24739590,124590,2300714,184057,0
223,0.2229,0.22290001,0.22290003,0.222901,0.222901,11145001,11145002,5242880,5128508,1,0,1,0,0,755,24734958,22622933,0,22791895,0,0,0,0,24734958,114372,2112025,168962,0,755,24734958,22622933,0,22791895,0,0,0,0,24734958,114372,2112025,168962,0
224,0.2239,0.22390001,0.22390003,0.223901,0.223901,11195001,11195002,5242880,5140508,1,0,1,0,0,753,24682325,22791895,0,22943129,0,0,0,0,24682325,102372,1890430,151234,0,753,24682325,22791895,0,22943129,0,0,0,0,24682325,102372,1890430,151234,0
225,0.2249,0.22490001,0.22490003,0.224901,0.224901,11245001,11245002,5242880,5153232,1,0,1,0,0,751,24598594,22943129,0,23075566,0,0,0,0,24598594,89648,1655465,132437,0,751,24598594,22943129,0,23075566,0,0,0,0,24598594,89648,1655465,132437,0
226,0.2259,0.22590001,0.22590003,0.225901,0.225901,11295001,11295002,5242880,5166923,1,0,1,0,0,747,24478209,23075566,0,23187777,0,0,0,0,24478209,75957,1402643,112211,0,747,24478209,23075566,0,23187777,0,0,0,0,24478209,75957,1402643,112211,0
227,0.2269,0.22690001,0.22690003,0.226901,0.226901,11345001,11345002,5242880,5174619,1,0,1,0,0,746,24448304,23187777,0,23288619,0,0,0,0,24448304,68261,1260527,100842,0,746,24448304,23187777,0,23288619,0,0,0,0,24448304,68261,1260527,100842,0
228,0.2279,0.22790001,0.22790003,0.227901,0.227901,11395001,11395002,5242880,5176673,1,0,1,0,0,748,24511216,23288619,0,23386427,0,0,0,0,24511216,66207,1222597,97808,0,748,24511216,23288619,0,23386427,0,0,0,0,24511216,66207,1222597,97808,0
229,0.2289,0.22890001,0.22890003,0.228901,0.228901,11445001,11445002,5242880,5188579,1,0,1,0,0,744,24389164,23386427,0,23466646,0,0,0,0,24389164,54301,1002737,80219,0,744,24389164,23386427,0,23466646,0,0,0,0,24389164,54301,1002737,80219,0
230,0.2299,0.22990001,0.22990003,0.229901,0.229901,11495001,11495002,5242880,5193329,1,0,1,0,0,744,24381669,23466646,0,23539848,0,0,0,0,24381669,49551,915023,73202,0,744,24381669,23466646,0,23539848,0,0,0,0,24381669,49551,915023,73202,0
231,0.2309,0.23090001,0.23090003,0.230901,0.230901,11545001,11545002,5242880,5197759,1,0,1,0,0,744,24373065,23539848,0,23606505,0,0,0,0,24373065,45121,833217,66657,0,744,24373065,23539848,0,23606505,0,0,0,0,24373065,45121,833217,66657,0
232,0.2319,0.23190001,0.23190003,0.231901,0.231901,11595001,11595002,5242880,5202391,1,0,1,0,0,743,24354186,23606505,0,23666320,0,0,0,0,24354186,40489,747681,59815,0,743,24354186,23606505,0,23666320,0,0,0,0,24354186,40489,747681,59815,0
233,0.2329,0.23290001,0.23290003,0.232901,0.232901,11645001,11645002,5242880,5206533,1,0,1,0,0,743,24337514,23666320,0,23720016,0,0,0,0,24337514,36347,671194,53696,0,743,24337514,23666320,0,23720016,0,0,0,0,24337514,36347,671194,53696,0
234,0.2339,0.23390001,0.23390003,0.233901,0.233901,11695001,11695002,5242880,5208854,1,0,1,0,0,743,24348350,23720016,0,23770283,0,0,0,0,24348350,34026,628334,50267,0,743,24348350,23720016,0,23770283,0,0,0,0,24348350,34026,628334,50267,0
235,0.2349,0.23490001,0.23490003,0.234901,0.234901,11745001,11745002,5242880,5212401,1,0,1,0,0,743,24333117,23770283,0,23815310,0,0,0,0,24333117,30479,562834,45027,0,743,24333117,23770283,0,23815310,0,0,0,0,24333117,30479,562834,45027,0
236,0.2359,0.23590001,0.23590003,0.235901,0.235901,11795001,11795002,5242880,5215075,1,0,1,0,0,742,24328765,23815310,0,23856386,0,0,0,0,24328765,27805,513455,41076,0,742,24328765,23815310,0,23856386,0,0,0,0,24328765,27805,513455,41076,0
237,0.2369,0.23690001,0.23690003,0.236901,0.236901,11845001,11845002,5242880,5219760,1,0,1,0,0,741,24283326,23856386,0,23890541,0,0,0,0,24283326,23120,426940,34155,0,741,24283326,23856386,0,23890541,0,0,0,0,24283326,23120,426940,34155,0
238,0.2379,0.23790001,0.23790003,0.237901,0.237901,11895001,11895002,5242880,5222245,1,0,1,0,0,741,24271593,23890541,0,23921025,0,0,0,0,24271593,20635,381052,30484,0,741,24271593,23890541,0,23921025,0,0,0,0,24271593,20635,381052,30484,0
239,0.2389,0.23890001,0.23890003,0.238901,0.238901,11945001,11945002,5242880,5223958,1,0,1,0,0,741,24270444,23921025,0,23948979,0,0,0,0,24270444,18922,349419,27954,0,741,24270444,23921025,0,23948979,0,0,0,0,24270444,18922,349419,27954,0
240,0.2399,0.23990001,0.23990003,0.239901,0.239901,11995001,11995002,5242880,5223104,1,0,1,0,0,742,24314168,23948979,0,23978194,0,0,0,0,24314168,19776,365189,29215,0,742,24314168,23948979,0,23978194,0,0,0,0,24314168,19776,365189,29215,0
241,0.2409,0.24090001,0.24090003,0.240901,0.240901,12045001,12045002,5242880,5228571,1,0,1,0,0,740,24242428,23978194,0,23999333,0,0,0,0,24242428,14309,264234,21139,0,740,24242428,23978194,0,23999333,0,0,0,0,24242428,14309,264234,21139,0
242,0.2419,0.24190001,0.24190003,0.241901,0.241901,12095001,12095002,5242880,5228416,1,0,1,0,0,741,24266429,23999333,0,24020701,0,0,0,0,24266429,14464,267096,21368,0,741,24266429,23999333,0,24020701,0,0,0,0,24266429,14464,267096,21368,0
243,0.2429,0.24290001,0.24290003,0.242901,0.242901,12145001,12145002,5242880,5232662,1,0,1,0,0,739,24209389,24020701,0,24035796,0,0,0,0,24209389,10218,188688,15095,0,739,24209389,24020701,0,24035796,0,0,0,0,24209389,10218,188688,15095,0
244,0.2439,0.24390001,0.24390003,0.243901,0.243901,12195001,12195002,5242880,5233885,1,0,1,0,0,739,24201900,24035796,0,24049084,0,0,0,0,24201900,8995,166104,13288,0,739,24201900,24035796,0,24049084,0,0,0,0,24201900,8995,166104,13288,0
245,0.2449,0.24490001,0.24490003,0.244901,0.244901,12245001,12245002,5242880,5233688,1,0,1,0,0,739,24218826,24049084,0,24062663,0,0,0,0,24218826,9192,169742,13579,0,739,24218826,24049084,0,24062663,0,0,0,0,24218826,9192,169742,13579,0
246,0.2459,0.24590001,0.24590003,0.245901,0.245901,12295001,12295002,5242880,5229260,1,0,1,0,0,742,24314174,24062663,0,24082784,0,0,0,0,24314174,13620,251511,20121,0,742,24314174,24062663,0,24082784,0,0,0,0,24314174,13620,251511,20121,0
247,0.2469,0.24690001,0.24690003,0.246901,0.246901,12345001,12345002,5242880,5232150,1,0,1,0,0,741,24280927,24082784,0,24098635,0,0,0,0,24280927,10730,198143,15851,0,741,24280927,24082784,0,24098635,0,0,0,0,24280927,10730,198143,15851,0
248,0.2479,0.24790001,0.24790003,0.247901,0.247901,12395001,12395002,5242880,5238252,1,0,1,0,0,738,24184097,24098635,0,24105472,0,0,0,0,24184097,4628,85462,6837,0,738,24184097,24098635,0,24105472,0,0,0,0,24184097,4628,85462,6837,0
249,0.2489,0.24890001,0.24890003,0.248901,0.248901,12445001,12445002,5242880,5239237,1,0,1,0,0,738,24172745,24105472,0,24110854,0,0,0,0,24172745,3643,67273,5382,0,738,24172745,24105472,0,24110854,0,0,0,0,24172745,3643,67273,5382,0
250,0.2499,0.24990001,0.24990003,0.249901,0.249901,12495001,12495002,5242880,5237872,1,0,1,0,0,739,24203333,24110854,0,24118252,0,0,0,0,24203333,5008,92479,7398,0,739,24203333,24110854,0,24118252,0,0,0,0,24203333,5008,92479,7398,0
251,0.2509,0.25090001,0.25090003,0.250901,0.250901,12545001,12545002,5242880,5762387,1,0,1,0,0,443,14524891,24118252,0,23350783,0,0,0,0,14524891,-519507,-9593361,-767469,0,443,14524891,24118252,0,23350783,0,0,0,0,14524891,-519507,-9593361,-767469,0
252,0.2519,0.25190001,0.25190003,0.251901,0.251901,12595001,12595002,5242880,6145432,1,0,1,0,0,204,6684007,23350783,0,22017441,0,0,0,0,6684007,-902552,-16666776,-1333342,0,204,6684007,23350783,0,22017441,0,0,0,0,6684007,-902552,-16666776,-1333342,0
253,0.2529,0.25290001,0.25290003,0.252901,0.252901,12645001,12645002,5242880,6343562,1,0,1,0,0,52,1691941,22017441,0,20391401,0,0,0,0,1691941,-1100682,-20325500,-1626040,0,52,1691941,22017441,0,20391401,0,0,0,0,1691941,-1100682,-20325500,-1626040,0
254,0.2539,0.25390001,0.25390003,0.253901,0.253901,12695001,12695002,5242880,6401707,1,0,1,0,0,-31,-1007821,20391401,0,18679463,0,0,0,0,-1007821,-1158827,-21399222,-1711938,0,-31,-1007821,20391401,0,18679463,0,0,0,0,-1007821,-1158827,-21399222,-1711938,0
255,0.2549,0.25490001,0.25490003,0.254901,0.254901,12745001,12745002,5242880,6413037,1,0,1,0,0,-89,-2928982,18679463,0,16950787,0,0,0,0,-2928982,-1170157,-21608445,-1728676,0,-89,-2928982,18679463,0,16950787,0,0,0,0,-2928982,-1170157,-21608445,-1728676,0
256,0.2559,0.25590001,0.25590003,0.255901,0.255901,12795001,12795002,5242880,6420337,1,0,1,0,0,-146,-4792461,16950787,0,15211327,0,0,0,0,-4792461,-1177457,-21743248,-1739460,0,-146,-4792461,16950787,0,15211327,0,0,0,0,-4792461,-1177457,-21743248,-1739460,0
257,0.2569,0.25690001,0.25690003,0.256901,0.256901,12845001,12845002,5242880,6426573,1,0,1,0,0,-203,-6647077,15211327,0,13462654,0,0,0,0,-6647077,-1183693,-21858404,-1748673,0,-203,-6647077,15211327,0,13462654,0,0,0,0,-6647077,-1183693,-21858404,-1748673,0
258,0.2579,0.25790001,0.25790003,0.257901,0.257901,12895001,12895002,5242880,6430709,1,0,1,0,0,-259,-8472127,13462654,0,11707871,0,0,0,0,-8472127,-1187829,-21934781,-1754783,0,-259,-8472127,13462654,0,11707871,0,0,0,0,-8472127,-1187829,-21934781,-1754783,0
259,0.2589,0.25890001,0.25890003,0.258901,0.258901,12945001,12945002,5242880,6434016,1,0,1,0,0,-314,-10287978,11707871,0,9948203,0,0,0,0,-10287978,-1191136,-21995849,-1759668,0,-314,-10287978,11707871,0,9948203,0,0,0,0,-10287978,-1191136,-21995849,-1759668,0
260,0.2599,0.25990001,0.25990003,0.259901,0.259901,12995001,12995002,5242880,6435964,1,0,1,0,0,-369,-12083618,9948203,0,8185657,0,0,0,0,-12083618,-1193084,-22031821,-1762546,0,-369,-12083618,9948203,0,8185657,0,0,0,0,-12083618,-1193084,-22031821,-1762546,0
261,0.2609,0.26090001,0.26090003,0.260901,0.260901,13045001,13045002,5242880,6436359,1,0,1,0,0,-423,-13853458,8185657,0,6422527,0,0,0,0,-13853458,-1193479,-22039115,-1763130,0,-423,-13853458,8185657,0,6422527,0,0,0,0,-13853458,-1193479,-22039115,-1763130,0
262,0.2619,0.26190001,0.26190003,0.261901,0.261901,13095001,13095002,5242880,6435244,1,0,1,0,0,-476,-15595998,6422527,0,4661045,0,0,0,0,-15595998,-1192364,-22018525,-1761482,0,-476,-15595998,6422527,0,4661045,0,0,0,0,-15595998,-1192364,-22018525,-1761482,0
263,0.2629,0.26290001,0.26290003,0.262901,0.262901,13145001,13145002,5242880,6432251,1,0,1,0,0,-528,-17302211,4661045,0,2903984,0,0,0,0,-17302211,-1189371,-21963256,-1757061,0,-528,-17302211,4661045,0,2903984,0,0,0,0,-17302211,-1189371,-21963256,-1757061,0
264,0.2639,0.26390001,0.26390003,0.263901,0.263901,13195001,13195002,5242880,6424897,1,0,1,0,0,-577,-18923471,2903984,0,1157787,0,0,0,0,-18923471,-1182017,-21827455,-1746197,0,-577,-18923471,2903984,0,1157787,0,0,0,0,-18923471,-1182017,-21827455,-1746197,0
265,0.2649,0.26490001,0.26490003,0.264901,0.264901,13245001,13245002,5242880,6185175,1,0,1,0,0,-496,-16242894,1157787,0,-234268,0,0,0,0,-16242894,-942295,-17400681,-1392055,0,-496,-16242894,1157787,0,-234268,0,0,0,0,-16242894,-942295,-17400681,-1392055,0
266,0.2659,0.26590001,0.26590003,0.265901,0.265901,13295001,13295002,5242880,5821070,1,0,1,0,0,-333,-10911285,-234268,0,-1088430,0,0,0,0,-10911285,-578190,-10677017,-854162,0,-333,-10911285,-234268,0,-1088430,0,0,0,0,-10911285,-578190,-10677017,-854162,0
267,0.2669,0.26690001,0.26690003,0.266901,0.266901,13345001,13345002,5242880,5551009,1,0,1,0,0,-207,-6778426,-1088430,0,-1543630,0,0,0,0,-6778426,-308129,-5689996,-455200,0,-207,-6778426,-1088430,0,-1543630,0,0,0,0,-6778426,-308129,-5689996,-455200,0
268,0.2679,0.26790001,0.26790003,0.267901,0.267901,13395001,13395002,5242880,5378356,1,0,1,0,0,-123,-4045367,-1543630,0,-1743769,0,0,0,0,-4045367,-135476,-2501737,-200139,0,-123,-4045367,-1543630,0,-1743769,0,0,0,0,-4045367,-135476,-2501737,-200139,0
269,0.2689,0.26890001,0.26890003,0.268901,0.268901,13445001,13445002,5242880,5270273,1,0,1,0,0,-69,-2249616,-1743769,0,-1784237,0,0,0,0,-2249616,-27393,-505847,-40468,0,-69,-2249616,-1743769,0,-1784237,0,0,0,0,-2249616,-27393,-505847,-40468,0
270,0.2699,0.26990001,0.26990003,0.269901,0.269901,13495001,13495002,5242880,5200751,1,0,1,0,0,-31,-1006271,-1784237,0,-1722000,0,0,0,0,-1006271,42129,777966,62237,0,-31,-1006271,-1784237,0,-1722000,0,0,0,0,-1006271,42129,777966,62237,0
271,0.2709,0.27090001,0.27090003,0.270901,0.270901,13545001,13545002,5242880,5167332,1,0,1,0,0,-10,-326910,-1722000,0,-1610393,0,0,0,0,-326910,75548,1395090,111607,0,-10,-326910,-1722000,0,-1610393,0,0,0,0,-326910,75548,1395090,111607,0
272,0.2719,0.27190001,0.27190003,0.271901,0.271901,13595001,13595002,5242880,5152944,1,0,1,0,0,2,50390,-1610393,0,-1477530,0,0,0,0,50390,89936,1660783,132863,0,2,50390,-1610393,0,-1477530,0,0,0,0,50390,89936,1660783,132863,0
273,0.2729,0.27290001,0.27290003,0.272901,0.272901,13645001,13645002,5242880,5146349,1,0,1,0,0,9,305038,-1477530,0,-1334925,0,0,0,0,305038,96531,1782568,142605,0,9,305038,-1477530,0,-1334925,0,0,0,0,305038,96531,1782568,142605,0
274,0.2739,0.27390001,0.27390003,0.273901,0.273901,13695001,13695002,5242880,5139942,1,0,1,0,0,17,565957,-1334925,0,-1182854,0,0,0,0,565957,102938,1900882,152071,0,17,565957,-1334925,0,-1182854,0,0,0,0,565957,102938,1900882,152071,0
275,0.2749,0.27490001,0.27490003,0.274901,0.274901,13745001,13745002,5242880,5133622,1,0,1,0,0,25,834735,-1182854,0,-1021447,0,0,0,0,834735,109258,2017589,161407,0,25,834735,-1182854,0,-1021447,0,0,0,0,834735,109258,2017589,161407,0
276,0.2759,0.27590001,0.27590003,0.275901,0.275901,13795001,13795002,5242880,5127643,1,0,1,0,0,34,1106551,-1021447,0,-851207,0,0,0,0,1106551,115237,2127998,170240,0,34,1106551,-1021447,0,-851207,0,0,0,0,1106551,115237,2127998,170240,0
277,0.2769,0.27690001,0.27690003,0.276901,0.276901,13845001,13845002,5242880,5121956,1,0,1,0,0,42,1381809,-851207,0,-672566,0,0,0,0,1381809,120924,2233016,178641,0,42,1381809,-851207,0,-672566,0,0,0,0,1381809,120924,2233016,178641,0
278,0.2779,0.27790001,0.27790003,0.277901,0.277901,13895001,13895002,5242880,5116639,1,0,1,0,0,51,1658635,-672566,0,-486070,0,0,0,0,1658635,126241,2331201,186496,0,51,1658635,-672566,0,-486070,0,0,0,0,1658635,126241,2331201,186496,0
279,0.2789,0.27890001,0.27890003,0.278901,0.278901,13945001,13945002,5242880,5111767,1,0,1,0,0,59,1935099,-486070,0,-292376,0,0,0,0,1935099,131113,2421169,193694,0,59,1935099,-486070,0,-292376,0,0,0,0,1935099,131113,2421169,193694,0
280,0.2799,0.27990001,0.27990003,0.279901,0.279901,13995001,13995002,5242880,5107387,1,0,1,0,0,67,2209675,-292376,0,-92212,0,0,0,0,2209675,135493,2502051,200164,0,67,2209675,-292376,0,-92212,0,0,0,0,2209675,135493,2502051,200164,0
281,0.2809,0.28090001,0.28090003,0.280901,0.280901,14045001,14045002,5242880,5103252,1,0,1,0,0,76,2486197,-92212,0,114061,0,0,0,0,2486197,139628,2578409,206273,0,76,2486197,-92212,0,114061,0,0,0,0,2486197,139628,2578409,206273,0
282,0.2819,0.28190001,0.28190003,0.281901,0.281901,14095001,14095002,5242880,5099359,1,0,1,0,0,84,2764360,114061,0,326085,0,0,0,0,2764360,143521,2650299,212024,0,84,2764360,114061,0,326085,0,0,0,0,2764360,143521,2650299,212024,0
283,0.2829,0.28290001,0.28290003,0.282901,0.282901,14145001,14145002,5242880,5095768,1,0,1,0,0,93,3042696,326085,0,543414,0,0,0,0,3042696,147112,2716611,217329,0,93,3042696,326085,0,543414,0,0,0,0,3042696,147112,2716611,217329,0
284,0.2839,0.28390001,0.28390003,0.283901,0.283901,14195001,14195002,5242880,5092571,1,0,1,0,0,101,3319062,543414,0,765466,0,0,0,0,3319062,150309,2775648,222052,0,101,3319062,543414,0,765466,0,0,0,0,3319062,150309,2775648,222052,0
285,0.2849,0.28490001,0.28490003,0.284901,0.284901,14245001,14245002,5242880,5089758,1,0,1,0,0,110,3593059,765466,0,991674,0,0,0,0,3593059,153122,2827593,226208,0,110,3593059,765466,0,991674,0,0,0,0,3593059,153122,2827593,226208,0
286,0.2859,0.28590001,0.28590003,0.285901,0.285901,14295001,14295002,5242880,5087358,1,0,1,0,0,118,3863586,991674,0,1221427,0,0,0,0,3863586,155522,2871912,229753,0,118,3863586,991674,0,1221427,0,0,0,0,3863586,155522,2871912,229753,0
287,0.2869,0.28690001,0.28690003,0.286901,0.286901,14345001,14345002,5242880,5085318,1,0,1,0,0,126,4131011,1221427,0,1454194,0,0,0,0,4131011,157562,2909584,232767,0,126,4131011,1221427,0,1454194,0,0,0,0,4131011,157562,2909584,232767,0
288,0.2879,0.28790001,0.28790003,0.287901,0.287901,14395001,14395002,5242880,5083747,1,0,1,0,0,134,4392788,1454194,0,1689282,0,0,0,0,4392788,159133,2938594,235088,0,134,4392788,1454194,0,1689282,0,0,0,0,4392788,159133,2938594,235088,0
289,0.2889,0.28890001,0.28890003,0.288901,0.288901,14445001,14445002,5242880,5082933,1,0,1,0,0,142,4642908,1689282,0,1925572,0,0,0,0,4642908,159947,2953626,236290,0,142,4642908,1689282,0,1925572,0,0,0,0,4642908,159947,2953626,236290,0
290,0.2899,0.28990001,0.28990003,0.289901,0.289901,14495001,14495002,5242880,5082944,1,0,1,0,0,149,4878995,1925572,0,2161846,0,0,0,0,4878995,159936,2953423,236274,0,149,4878995,1925572,0,2161846,0,0,0,0,4878995,159936,2953423,236274,0
291,0.2909,0.29090001,0.29090003,0.290901,0.290901,14545001,14545002,5242880,5083116,1,0,1,0,0,156,5112092,2161846,0,2397866,0,0,0,0,5112092,159764,2950246,236020,0,156,5112092,2161846,0,2397866,0,0,0,0,5112092,159764,2950246,236020,0
292,0.2919,0.29190001,0.29190003,0.291901,0.291901,14595001,14595002,5242880,5083632,1,0,1,0,0,163,5338584,2397866,0,2633123,0,0,0,0,5338584,159248,2940718,235257,0,163,5338584,2397866,0,2633123,0,0,0,0,5338584,159248,2940718,235257,0
293,0.2929,0.29290001,0.29290003,0.292901,0.292901,14645001,14645002,5242880,5085049,1,0,1,0,0,169,5547674,2633123,0,2866287,0,0,0,0,5547674,157831,2914551,233164,0,169,5547674,2633123,0,2866287,0,0,0,0,5547674,157831,2914551,233164,0
294,0.2939,0.29390001,0.29390003,0.293901,0.293901,14695001,14695002,5242880,5087412,1,0,1,0,0,175,5737202,2866287,0,3095960,0,0,0,0,5737202,155468,2870915,229673,0,175,5737202,2866287,0,3095960,0,0,0,0,5737202,155468,2870915,229673,0
295,0.2949,0.29490001,0.29490003,0.294901,0.294901,14745001,14745002,5242880,5090264,1,0,1,0,0,180,5914209,3095960,0,3321420,0,0,0,0,5914209,152616,2818249,225460,0,180,5914209,3095960,0,3321420,0,0,0,0,5914209,152616,2818249,225460,0
296,0.2959,0.29590001,0.29590003,0.295901,0.295901,14795001,14795002,5242880,5093739,1,0,1,0,0,185,6075499,3321420,0,3541746,0,0,0,0,6075499,149141,2754079,220326,0,185,6075499,3321420,0,3541746,0,0,0,0,6075499,149141,2754079,220326,0
297,0.2969,0.29690001,0.29690003,0.296901,0.296901,14845001,14845002,5242880,5097732,1,0,1,0,0,190,6222089,3541746,0,3756174,0,0,0,0,6222089,145148,2680343,214428,0,190,6222089,3541746,0,3756174,0,0,0,0,6222089,145148,2680343,214428,0
298,0.2979,0.29790001,0.29790003,0.297901,0.297901,14895001,14895002,5242880,5102740,1,0,1,0,0,194,6344038,3756174,0,3963203,0,0,0,0,6344038,140140,2587864,207029,0,194,6344038,3756174,0,3963203,0,0,0,0,6344038,140140,2587864,207029,0
299,0.2989,0.29890001,0.29890003,0.298901,0.298901,14945001,14945002,5242880,5109422,1,0,1,0,0,196,6427676,3963203,0,4160361,0,0,0,0,6427676,133458,2464473,197158,0,196,6427676,3963203,0,4160361,0,0,0,0,6427676,133458,2464473,197158,0
300,0.2999,0.29990001,0.29990003,0.299901,0.299901,14995001,14995002,5242880,5151009,1,0,1,0,0,179,5856876,4160361,0,4296082,0,0,0,0,5856876,91871,1696515,135721,0,179,5856876,4160361,0,4296082,0,0,0,0,5856876,91871,1696515,135721,0
301,0.3009,0.30090001,0.30090003,0.300901,0.300901,15045001,15045002,5195694,5268611,1,0,1,0,0,90,2949576,4296082,0,4188362,0,0,0,0,2949576,-72917,-1346506,-107720,0,90,2949576,4296082,0,4188362,0,0,0,0,2949576,-72917,-1346506,-107720,0
302,0.3019,0.30190001,0.30190003,0.301901,0.301901,15095001,15095002,5143265,5340511,1,0,1,0,0,17,545963,4188362,0,3896970,0,0,0,0,545963,-197246,-3642399,-291392,0,17,545963,4188362,0,3896970,0,0,0,0,545963,-197246,-3642399,-291392,0
303,0.3029,0.30290001,0.30290003,0.302901,0.302901,15145001,15145002,5090836,5357558,1,0,1,0,0,-31,-1028393,3896970,0,3502941,0,0,0,0,-1028393,-266722,-4925363,-394029,0,-31,-1028393,3896970,0,3502941,0,0,0,0,-1028393,-266722,-4925363,-394029,0
304,0.3039,0.30390001,0.30390003,0.303901,0.303901,15195001,15195002,5038408,5366539,1,0,1,0,0,-78,-2556417,3502941,0,3018192,0,0,0,0,-2556417,-328131,-6059358,-484749,0,-78,-2556417,3502941,0,3018192,0,0,0,0,-2556417,-328131,-6059358,-484749,0
305,0.3049,0.30490001,0.30490003,0.304901,0.304901,15245001,15245002,4985979,5373353,1,0,1,0,0,-126,-4135164,3018192,0,2445923,0,0,0,0,-4135164,-387374,-7153356,-572269,0,-126,-4135164,3018192,0,2445923,0,0,0,0,-4135164,-387374,-7153356,-572269,0
306,0.3059,0.30590001,0.30590003,0.305901,0.305901,15295001,15295002,4933550,5379016,1,0,1,0,0,-176,-5780176,2445923,0,1787835,0,0,0,0,-5780176,-445466,-8226099,-658088,0,-176,-5780176,2445923,0,1787835,0,0,0,0,-5780176,-445466,-8226099,-658088,0
307,0.3069,0.30690001,0.30690003,0.306901,0.306901,15345001,15345002,4881121,5383172,1,0,1,0,0,-228,-7483178,1787835,0,1046154,0,0,0,0,-7483178,-502051,-9271013,-741681,0,-228,-7483178,1787835,0,1046154,0,0,0,0,-7483178,-502051,-9271013,-741681,0
308,0.3079,0.30790001,0.30790003,0.307901,0.307901,15395001,15395002,4828692,5386635,1,0,1,0,0,-283,-9256977,1046154,0,221903,0,0,0,0,-9256977,-557943,-10303131,-824251,0,-283,-9256977,1046154,0,221903,0,0,0,0,-9256977,-557943,-10303131,-824251,0
309,0.3089,0.30890001,0.30890003,0.308901,0.308901,15445001,15445002,4776264,5389196,1,0,1,0,0,-339,-11096670,221903,0,-683583,0,0,0,0,-11096670,-612932,-11318573,-905486,0,-339,-11096670,221903,0,-683583,0,0,0,0,-11096670,-612932,-11318573,-905486,0
310,0.3099,0.30990001,0.30990003,0.309901,0.309901,15495001,15495002,4723835,5390075,1,0,1,0,0,-396,-12986556,-683583,0,-1667821,0,0,0,0,-12986556,-666240,-12302973,-984238,0,-396,-12986556,-683583,0,-1667821,0,0,0,0,-12986556,-666240,-12302973,-984238,0
311,0.3109,0.31090001,0.31090003,0.310901,0.310901,15545001,15545002,4671406,5389728,1,0,1,0,0,-456,-14932555,-1667821,0,-2729000,0,0,0,0,-14932555,-718322,-13264734,-1061179,0,-456,-14932555,-1667821,0,-2729000,0,0,0,0,-14932555,-718322,-13264734,-1061179,0
312,0.3119,0.31190001,0.31190003,0.311901,0.311901,15595001,15595002,4618977,5387392,1,0,1,0,0,-516,-16918765,-2729000,0,-3864181,0,0,0,0,-16918765,-768415,-14189765,-1135181,0,-516,-16918765,-2729000,0,-3864181,0,0,0,0,-16918765,-768415,-14189765,-1135181,0
313,0.3129,0.31290001,0.31290003,0.312901,0.312901,15645001,15645002,4566548,5383027,1,0,1,0,0,-578,-18941509,-3864181,0,-5070368,0,0,0,0,-18941509,-816479,-15077328,-1206187,0,-578,-18941509,-3864181,0,-5070368,0,0,0,0,-18941509,-816479,-15077328,-1206187,0
314,0.3139,0.31390001,0.31390003,0.313901,0.313901,15695001,15695002,4514120,5250478,1,0,1,0,0,-570,-18668160,-5070368,0,-6158192,0,0,0,0,-18668160,-736358,-13597792,-1087824,0,-570,-18668160,-5070368,0,-6158192,0,0,0,0,-18668160,-736358,-13597792,-1087824,0
315,0.3149,0.31490001,0.31490003,0.314901,0.314901,15745001,15745002,4461691,4886908,1,0,1,0,0,-428,-14010367,-6158192,0,-6786366,0,0,0,0,-14010367,-425217,-7852175,-628174,0,-428,-14010367,-6158192,0,-6786366,0,0,0,0,-14010367,-425217,-7852175,-628174,0
316,0.3159,0.31590001,0.31590003,0.315901,0.315901,15795001,15795002,4409262,4551735,1,0,1,0,0,-287,-9417312,-6786366,0,-6996842,0,0,0,0,-9417312,-142473,-2630946,-210476,0,-287,-9417312,-6786366,0,-6996842,0,0,0,0,-9417312,-142473,-2630946,-210476,0
317,0.3169,0.31690001,0.31690003,0.316901,0.316901,15845001,15845002,4356833,4321645,1,0,1,0,0,-194,-6347051,-6996842,0,-6944859,0,0,0,0,-6347051,35188,649791,51983,0,-194,-6347051,-6996842,0,-6944859,0,0,0,0,-6347051,35188,649791,51983,0
318,0.3179,0.31790001,0.31790003,0.317901,0.317901,15895001,15895002,4304404,4161092,1,0,1,0,0,-131,-4298420,-6944859,0,-6733144,0,0,0,0,-4298420,143312,2646439,211715,0,-131,-4298420,-6944859,0,-6733144,0,0,0,0,-4298420,143312,2646439,211715,0
319,0.3189,0.31890001,0.31890003,0.318901,0.318901,15945001,15945002,4251976,4039811,1,0,1,0,0,-86,-2815246,-6733144,0,-6419712,0,0,0,0,-2815246,212165,3917898,313432,0,-86,-2815246,-6733144,0,-6419712,0,0,0,0,-2815246,212165,3917898,313432,0
320,0.3199,0.31990001,0.31990003,0.319901,0.319901,15995001,15995002,4199547,3962922,1,0,1,0,0,-63,-2050129,-6419712,0,-6070145,0,0,0,0,-2050129,236625,4369583,349567,0,-63,-2050129,-6419712,0,-6070145,0,0,0,0,-2050129,236625,4369583,349567,0
321,0.3209,0.32090001,0.32090003,0.320901,0.320901,16045001,16045002,4147118,3911703,1,0,1,0,0,-53,-1722906,-6070145,0,-5722366,0,0,0,0,-1722906,235415,4347239,347779,0,-53,-1722906,-6070145,0,-5722366,0,0,0,0,-1722906,235415,4347239,347779,0
322,0.3219,0.32190001,0.32190003,0.321901,0.321901,16095001,16095002,4094689,3867161,1,0,1,0,0,-46,-1520771,-5722366,0,-5386238,0,0,0,0,-1520771,227528,4201595,336128,0,-46,-1520771,-5722366,0,-5386238,0,0,0,0,-1520771,227528,4201595,336128,0
323,0.3229,0.32290001,0.32290003,0.322901,0.322901,16145001,16145002,4042260,3831894,1,0,1,0,0,-46,-1501561,-5386238,0,-5075464,0,0,0,0,-1501561,210366,3884677,310774,0,-46,-1501561,-5386238,0,-5075464,0,0,0,0,-1501561,210366,3884677,310774,0
324,0.3239,0.32390001,0.32390003,0.323901,0.323901,16195001,16195002,3989832,3800582,1,0,1,0,0,-48,-1580721,-5075464,0,-4795884,0,0,0,0,-1580721,189250,3494743,279580,0,-48,-1580721,-5075464,0,-4795884,0,0,0,0,-1580721,189250,3494743,279580,0
325,0.3249,0.32490001,0.32490003,0.324901,0.324901,16245001,16245002,3937403,3759611,1,0,1,0,0,-46,-1512727,-4795884,0,-4533231,0,0,0,0,-1512727,177792,3283157,262653,0,-46,-1512727,-4795884,0,-4533231,0,0,0,0,-1512727,177792,3283157,262653,0
326,0.3259,0.32590001,0.32590003,0.325901,0.325901,16295001,16295002,3884974,3722236,1,0,1,0,0,-47,-1528066,-4533231,0,-4292818,0,0,0,0,-1528066,162738,3005165,240413,0,-47,-1528066,-4533231,0,-4292818,0,0,0,0,-1528066,162738,3005165,240413,0
327,0.3269,0.32690001,0.32690003,0.326901,0.326901,16345001,16345002,3832545,3685970,1,0,1,0,0,-48,-1586123,-4292818,0,-4076282,0,0,0,0,-1586123,146575,2706695,216536,0,-48,-1586123,-4292818,0,-4076282,0,0,0,0,-1586123,146575,2706695,216536,0
328,0.3279,0.32790001,0.32790003,0.327901,0.327901,16395001,16395002,3780116,3649431,1,0,1,0,0,-51,-1663016,-4076282,0,-3883221,0,0,0,0,-1663016,130685,2413266,193061,0,-51,-1663016,-4076282,0,-3883221,0,0,0,0,-1663016,130685,2413266,193061,0
329,0.3289,0.32890001,0.32890003,0.328901,0.328901,16445001,16445002,3727688,3610940,1,0,1,0,0,-53,-1727320,-3883221,0,-3710749,0,0,0,0,-1727320,116748,2155901,172472,0,-53,-1727320,-3883221,0,-3710749,0,0,0,0,-1727320,116748,2155901,172472,0
330,0.3299,0.32990001,0.32990003,0.329901,0.329901,16495001,16495002,3675259,3568172,1,0,1,0,0,-53,-1733251,-3710749,0,-3552549,0,0,0,0,-1733251,107087,1977498,158200,0,-53,-1733251,-3710749,0,-3552549,0,0,0,0,-1733251,107087,1977498,158200,0
331,0.3309,0.33090001,0.33090003,0.330901,0.330901,16545001,16545002,3622830,3524294,1,0,1,0,0,-53,-1732956,-3552549,0,-3406982,0,0,0,0,-1732956,98536,1819593,145567,0,-53,-1732956,-3552549,0,-3406982,0,0,0,0,-1732956,98536,1819593,145567,0
332,0.3319,0.33190001,0.33190003,0.331901,0.331901,16595001,16595002,3570401,3490174,1,0,1,0,0,-59,-1925488,-3406982,0,-3288462,0,0,0,0,-1925488,80227,1481494,118520,0,-59,-1925488,-3406982,0,-3288462,0,0,0,0,-1925488,80227,1481494,118520,0
333,0.3329,0.33290001,0.33290003,0.332901,0.332901,16645001,16645002,3517972,3447846,1,0,1,0,0,-61,-1993496,-3288462,0,-3184865,0,0,0,0,-1993496,70126,1294966,103597,0,-61,-1993496,-3288462,0,-3184865,0,0,0,0,-1993496,70126,1294966,103597,0
334,0.3339,0.33390001,0.33390003,0.333901,0.333901,16695001,16695002,3465544,3406658,1,0,1,0,0,-64,-2097460,-3184865,0,-3097873,0,0,0,0,-2097460,58886,1087405,86992,0,-64,-2097460,-3184865,0,-3097873,0,0,0,0,-2097460,58886,1087405,86992,0
335,0.3349,0.33490001,0.33490003,0.334901,0.334901,16745001,16745002,3413115,3368783,1,0,1,0,0,-70,-2279226,-3097873,0,-3032381,0,0,0,0,-2279226,44332,818647,65492,0,-70,-2279226,-3097873,0,-3032381,0,0,0,0,-2279226,44332,818647,65492,0
336,0.3359,0.33590001,0.33590003,0.335901,0.335901,16795001,16795002,3360686,3314959,1,0,1,0,0,-67,-2187974,-3032381,0,-2964828,0,0,0,0,-2187974,45727,844407,67553,0,-67,-2187974,-3032381,0,-2964828,0,0,0,0,-2187974,45727,844407,67553,0
337,0.3369,0.33690001,0.33690003,0.336901,0.336901,16845001,16845002,3308257,3263992,1,0,1,0,0,-66,-2147418,-2964828,0,-2899435,0,0,0,0,-2147418,44265,817410,65393,0,-66,-2147418,-2964828,0,-2899435,0,0,0,0,-2147418,44265,817410,65393,0
338,0.3379,0.33790001,0.33790003,0.337901,0.337901,16895001,16895002,3255828,3211372,1,0,1,0,0,-63,-2078498,-2899435,0,-2833760,0,0,0,0,-2078498,44456,820937,65675,0,-63,-2078498,-2899435,0,-2833760,0,0,0,0,-2078498,44456,820937,65675,0
339,0.3389,0.33890001,0.33890003,0.338901,0.338901,16945001,16945002,3203400,3163409,1,0,1,0,0,-64,-2095275,-2833760,0,-2774681,0,0,0,0,-2095275,39991,738485,59079,0,-64,-2095275,-2833760,0,-2774681,0,0,0,0,-2095275,39991,738485,59079,0
340,0.3399,0.33990001,0.33990003,0.339901,0.339901,16995001,16995002,3150971,3114750,1,0,1,0,0,-64,-2105814,-2774681,0,-2721172,0,0,0,0,-2105814,36221,668867,53509,0,-64,-2105814,-2774681,0,-2721172,0,0,0,0,-2105814,36221,668867,53509,0
341,0.3409,0.34090001,0.34090003,0.340901,0.340901,17045001,17045002,3098542,3065982,1,0,1,0,0,-65,-2119910,-2721172,0,-2673071,0,0,0,0,-2119910,32560,601262,48101,0,-65,-2119910,-2721172,0,-2673071,0,0,0,0,-2119910,32560,601262,48101,0
342,0.3419,0.34190001,0.34190003,0.341901,0.341901,17095001,17095002,3046113,3012264,1,0,1,0,0,-63,-2048006,-2673071,0,-2623066,0,0,0,0,-2048006,33849,625065,50005,0,-63,-2048006,-2673071,0,-2623066,0,0,0,0,-2048006,33849,625065,50005,0
343,0.3429,0.34290001,0.34290003,0.342901,0.342901,17145001,17145002,2993684,2961295,1,0,1,0,0,-62,-2024962,-2623066,0,-2575218,0,0,0,0,-2024962,32389,598104,47848,0,-62,-2024962,-2623066,0,-2575218,0,0,0,0,-2024962,32389,598104,47848,0
344,0.3439,0.34390001,0.34390003,0.343901,0.343901,17195001,17195002,2941256,2911749,1,0,1,0,0,-62,-2030334,-2575218,0,-2531627,0,0,0,0,-2030334,29507,544884,43591,0,-62,-2030334,-2575218,0,-2531627,0,0,0,0,-2030334,29507,544884,43591,0
345,0.3449,0.34490001,0.34490003,0.344901,0.344901,17245001,17245002,2888827,2865429,1,0,1,0,0,-64,-2099553,-2531627,0,-2497061,0,0,0,0,-2099553,23398,432074,34566,0,-64,-2099553,-2531627,0,-2497061,0,0,0,0,-2099553,23398,432074,34566,0
346,0.3459,0.34590001,0.34590003,0.345901,0.345901,17295001,17295002,2836398,2812393,1,0,1,0,0,-63,-2053778,-2497061,0,-2461598,0,0,0,0,-2053778,24005,443283,35463,0,-63,-2053778,-2497061,0,-2461598,0,0,0,0,-2053778,24005,443283,35463,0
347,0.3469,0.34690001,0.34690003,0.346901,0.346901,17345001,17345002,2783969,2766630,1,0,1,0,0,-65,-2141411,-2461598,0,-2435983,0,0,0,0,-2141411,17339,320187,25615,0,-65,-2141411,-2461598,0,-2435983,0,0,0,0,-2141411,17339,320187,25615,0
348,0.3479,0.34790001,0.34790003,0.347901,0.347901,17395001,17395002,2731540,2714958,1,0,1,0,0,-65,-2129775,-2435983,0,-2411486,0,0,0,0,-2129775,16582,306208,24497,0,-65,-2129775,-2435983,0,-2411486,0,0,0,0,-2129775,16582,306208,24497,0
349,0.3489,0.34890001,0.34890003,0.348901,0.348901,17445001,17445002,2679112,2666865,1,0,1,0,0,-67,-2185329,-2411486,0,-2393393,0,0,0,0,-2185329,12247,226157,18093,0,-67,-2185329,-2411486,0,-2393393,0,0,0,0,-2185329,12247,226157,18093,0
350,0.3499,0.34990001,0.34990003,0.349901,0.349901,17495001,17495002,2626683,2613466,1,0,1,0,0,-66,-2149324,-2393393,0,-2373867,0,0,0,0,-2149324,13217,244069,19526,0,-66,-2149324,-2393393,0,-2373867,0,0,0,0,-2149324,13217,244069,19526,0
351,0.3509,0.35090001,0.35090003,0.350901,0.350901,17545001,17545002,2574254,2559184,1,0,1,0,0,-64,-2095580,-2373867,0,-2351604,0,0,0,0,-2095580,15070,278287,22263,0,-64,-2095580,-2373867,0,-2351604,0,0,0,0,-2095580,15070,278287,22263,0
352,0.3519,0.35190001,0.35190003,0.351901,0.351901,17595001,17595002,2521825,2510437,1,0,1,0,0,-65,-2141310,-2351604,0,-2334780,0,0,0,0,-2141310,11388,210294,16824,0,-65,-2141310,-2351604,0,-2334780,0,0,0,0,-2141310,11388,210294,16824,0
353,0.3529,0.35290001,0.35290003,0.352901,0.352901,17645001,17645002,2469396,2459365,1,0,1,0,0,-66,-2149545,-2334780,0,-2319961,0,0,0,0,-2149545,10031,185235,14819,0,-66,-2149545,-2334780,0,-2319961,0,0,0,0,-2149545,10031,185235,14819,0
354,0.3539,0.35390001,0.35390003,0.353901,0.353901,17695001,17695002,2416968,2408812,1,0,1,0,0,-66,-2169350,-2319961,0,-2307912,0,0,0,0,-2169350,8156,150611,12049,0,-66,-2169350,-2319961,0,-2307912,0,0,0,0,-2169350,8156,150611,12049,0
355,0.3549,0.35490001,0.35490003,0.354901,0.354901,17745001,17745002,2364539,2358080,1,0,1,0,0,-67,-2188638,-2307912,0,-2298370,0,0,0,0,-2188638,6459,119274,9542,0,-67,-2188638,-2307912,0,-2298370,0,0,0,0,-2188638,6459,119274,9542,0
356,0.3559,0.35590001,0.35590003,0.355901,0.355901,17795001,17795002,2312110,2302789,1,0,1,0,0,-65,-2126246,-2298370,0,-2284600,0,0,0,0,-2126246,9321,172124,13770,0,-65,-2126246,-2298370,0,-2284600,0,0,0,0,-2126246,9321,172124,13770,0
357,0.3569,0.35690001,0.35690003,0.356901,0.356901,17845001,17845002,2259681,2249331,1,0,1,0,0,-64,-2093474,-2284600,0,-2269310,0,0,0,0,-2093474,10350,191126,15290,0,-64,-2093474,-2284600,0,-2269310,0,0,0,0,-2093474,10350,191126,15290,0
358,0.3579,0.35790001,0.35790003,0.357901,0.357901,17895001,17895002,2207252,2199638,1,0,1,0,0,-65,-2128708,-2269310,0,-2258062,0,0,0,0,-2128708,7614,140602,11248,0,-65,-2128708,-2269310,0,-2258062,0,0,0,0,-2128708,7614,140602,11248,0
359,0.3589,0.35890001,0.35890003,0.358901,0.358901,17945001,17945002,2154824,2150534,1,0,1,0,0,-66,-2178842,-2258062,0,-2251724,0,0,0,0,-2178842,4290,79220,6338,0,-66,-2178842,-2258062,0,-2251724,0,0,0,0,-2178842,4290,79220,6338,0
360,0.3599,0.35990001,0.35990003,0.359901,0.359901,17995001,17995002,2102395,2098979,1,0,1,0,0,-67,-2188643,-2251724,0,-2246678,0,0,0,0,-2188643,3416,63081,5046,0,-67,-2188643,-2251724,0,-2246678,0,0,0,0,-2188643,3416,63081,5046,0
361,0.3609,0.36090001,0.36090003,0.360901,0.360901,18045001,18045002,2049966,2047135,1,0,1,0,0,-67,-2194400,-2246678,0,-2242496,0,0,0,0,-2194400,2831,52278,4182,0,-67,-2194400,-2246678,0,-2242496,0,0,0,0,-2194400,2831,52278,4182,0
362,0.3619,0.36190001,0.36190003,0.361901,0.361901,18095001,18095002,1997537,1990147,1,0,1,0,0,-64,-2106030,-2242496,0,-2231579,0,0,0,0,-2106030,7390,136466,10917,0,-64,-2106030,-2242496,0,-2231579,0,0,0,0,-2106030,7390,136466,10917,0
363,0.3629,0.36290001,0.36290003,0.362901,0.362901,18145001,18145002,1945108,1947177,1,0,1,0,0,-69,-2269786,-2231579,0,-2234636,0,0,0,0,-2269786,-2069,-38207,-3057,0,-69,-2269786,-2231579,0,-2234636,0,0,0,0,-2269786,-2069,-38207,-3057,0
364,0.3639,0.36390001,0.36390003,0.363901,0.363901,18195001,18195002,1892680,1898047,1,0,1,0,0,-71,-2333745,-2234636,0,-2242565,0,0,0,0,-2333745,-5367,-99109,-7929,0,-71,-2333745,-2234636,0,-2242565,0,0,0,0,-2333745,-5367,-99109,-7929,0
365,0.3649,0.36490001,0.36490003,0.364901,0.364901,18245001,18245002,1840251,1851308,1,0,1,0,0,-75,-2446747,-2242565,0,-2258900,0,0,0,0,-2446747,-11057,-204182,-16335,0,-75,-2446747,-2242565,0,-2258900,0,0,0,0,-2446747,-11057,-204182,-16335,0
366,0.3659,0.36590001,0.36590003,0.365901,0.365901,18295001,18295002,1787822,1799551,1,0,1,0,0,-76,-2475491,-2258900,0,-2276227,0,0,0,0,-2475491,-11729,-216591,-17327,0,-76,-2475491,-2258900,0,-2276227,0,0,0,0,-2475491,-11729,-216591,-17327,0
367,0.3669,0.36690001,0.36690003,0.366901,0.366901,18345001,18345002,1735393,1743832,1,0,1,0,0,-74,-2432064,-2276227,0,-2288694,0,0,0,0,-2432064,-8439,-155837,-12467,0,-74,-2432064,-2276227,0,-2288694,0,0,0,0,-2432064,-8439,-155837,-12467,0
368,0.3679,0.36790001,0.36790003,0.367901,0.367901,18395001,18395002,1682964,1686945,1,0,1,0,0,-72,-2362208,-2288694,0,-2294575,0,0,0,0,-2362208,-3981,-73514,-5881,0,-72,-2362208,-2288694,0,-2294575,0,0,0,0,-2362208,-3981,-73514,-5881,0
369,0.3689,0.36890001,0.36890003,0.368901,0.368901,18445001,18445002,1630536,1628878,1,0,1,0,0,-69,-2263958,-2294575,0,-2292126,0,0,0,0,-2263958,1658,30617,2449,0,-69,-2263958,-2294575,0,-2292126,0,0,0,0,-2263958,1658,30617,2449,0
370,0.3699,0.36990001,0.36990003,0.369901,0.369901,18495001,18495002,1578107,1575892,1,0,1,0,0,-69,-2251223,-2292126,0,-2288854,0,0,0,0,-2251223,2215,40903,3272,0,-69,-2251223,-2292126,0,-2288854,0,0,0,0,-2251223,2215,40903,3272,0
371,0.3709,0.37090001,0.37090003,0.370901,0.370901,18545001,18545002,1525678,1521483,1,0,1,0,0,-67,-2211388,-2288854,0,-2282657,0,0,0,0,-2211388,4195,77466,6197,0,-67,-2211388,-2288854,0,-2282657,0,0,0,0,-2211388,4195,77466,6197,0
372,0.3719,0.37190001,0.37190003,0.371901,0.371901,18595001,18595002,1473249,1468666,1,0,1,0,0,-67,-2198026,-2282657,0,-2275887,0,0,0,0,-2198026,4583,84631,6770,0,-67,-2198026,-2282657,0,-2275887,0,0,0,0,-2198026,4583,84631,6770,0
373,0.3729,0.37290001,0.37290003,0.372901,0.372901,18645001,18645002,1420820,1415514,1,0,1,0,0,-66,-2177905,-2275887,0,-2268048,0,0,0,0,-2177905,5306,97982,7839,0,-66,-2177905,-2275887,0,-2268048,0,0,0,0,-2177905,5306,97982,7839,0
374,0.3739,0.37390001,0.37390003,0.373901,0.373901,18695001,18695002,1368392,1363602,1,0,1,0,0,-67,-2179595,-2268048,0,-2260972,0,0,0,0,-2179595,4790,88453,7076,0,-67,-2179595,-2268048,0,-2260972,0,0,0,0,-2179595,4790,88453,7076,0
375,0.3749,0.37490001,0.37490003,0.374901,0.374901,18745001,18745002,1315963,1310493,1,0,1,0,0,-66,-2159961,-2260972,0,-2252891,0,0,0,0,-2159961,5470,101011,8081,0,-66,-2159961,-2260972,0,-2252891,0,0,0,0,-2159961,5470,101011,8081,0
376,0.3759,0.37590001,0.37590003,0.375901,0.375901,18795001,18795002,1263534,1257604,1,0,1,0,0,-65,-2143386,-2252891,0,-2244131,0,0,0,0,-2143386,5930,109505,8760,0,-65,-2143386,-2252891,0,-2244131,0,0,0,0,-2143386,5930,109505,8760,0
377,0.3769,0.37690001,0.37690003,0.376901,0.376901,18845001,18845002,1211105,1209059,1,0,1,0,0,-67,-2206349,-2244131,0,-2241108,0,0,0,0,-2206349,2046,37782,3023,0,-67,-2206349,-2244131,0,-2241108,0,0,0,0,-2206349,2046,37782,3023,0
378,0.3779,0.37790001,0.37790003,0.377901,0.377901,18895001,18895002,1158676,1156418,1,0,1,0,0,-67,-2199411,-2241108,0,-2237772,0,0,0,0,-2199411,2258,41697,3336,0,-67,-2199411,-2241108,0,-2237772,0,0,0,0,-2199411,2258,41697,3336,0
379,0.3789,0.37890001,0.37890003,0.378901,0.378901,18945001,18945002,1106248,1106115,1,0,1,0,0,-68,-2235316,-2237772,0,-2237576,0,0,0,0,-2235316,133,2456,196,0,-68,-2235316,-2237772,0,-2237576,0,0,0,0,-2235316,133,2456,196,0
380,0.3799,0.37990001,0.37990003,0.379901,0.379901,18995001,18995002,1053819,1050722,1,0,1,0,0,-67,-2180386,-2237576,0,-2233001,0,0,0,0,-2180386,3097,57190,4575,0,-67,-2180386,-2237576,0,-2233001,0,0,0,0,-2180386,3097,57190,4575,0
381,0.3809,0.38090001,0.38090003,0.380901,0.380901,19045001,19045002,1001390,1000590,1,0,1,0,0,-68,-2218228,-2233001,0,-2231819,0,0,0,0,-2218228,800,14773,1182,0,-68,-2218228,-2233001,0,-2231819,0,0,0,0,-2218228,800,14773,1182,0
382,0.3819,0.38190001,0.38190003,0.381901,0.381901,19095001,19095002,948961,944728,1,0,1,0,0,-66,-2153651,-2231819,0,-2225566,0,0,0,0,-2153651,4233,78168,6253,0,-66,-2153651,-2231819,0,-2225566,0,0,0,0,-2153651,4233,78168,6253,0
383,0.3829,0.38290001,0.38290003,0.382901,0.382901,19145001,19145002,896532,895184,1,0,1,0,0,-67,-2200673,-2225566,0,-2223575,0,0,0,0,-2200673,1348,24893,1991,0,-67,-2200673,-2225566,0,-2223575,0,0,0,0,-2200673,1348,24893,1991,0
384,0.3839,0.38390001,0.38390003,0.383901,0.383901,19195001,19195002,844104,841195,1,0,1,0,0,-66,-2169857,-2223575,0,-2219278,0,0,0,0,-2169857,2909,53718,4297,0,-66,-2169857,-2223575,0,-2219278,0,0,0,0,-2169857,2909,53718,4297,0
385,0.3849,0.38490001,0.38490003,0.384901,0.384901,19245001,19245002,791675,786835,1,0,1,0,0,-65,-2129901,-2219278,0,-2212128,0,0,0,0,-2129901,4840,89377,7150,0,-65,-2129901,-2219278,0,-2212128,0,0,0,0,-2129901,4840,89377,7150,0
386,0.3859,0.38590001,0.38590003,0.385901,0.385901,19295001,19295002,739246,735349,1,0,1,0,0,-65,-2140165,-2212128,0,-2206371,0,0,0,0,-2140165,3897,71963,5757,0,-65,-2140165,-2212128,0,-2206371,0,0,0,0,-2140165,3897,71963,5757,0
387,0.3869,0.38690001,0.38690003,0.386901,0.386901,19345001,19345002,686817,683140,1,0,1,0,0,-65,-2138470,-2206371,0,-2200939,0,0,0,0,-2138470,3677,67901,5432,0,-65,-2138470,-2206371,0,-2200939,0,0,0,0,-2138470,3677,67901,5432,0
388,0.3879,0.38790001,0.38790003,0.387901,0.387901,19395001,19395002,634388,634140,1,0,1,0,0,-67,-2196359,-2200939,0,-2200573,0,0,0,0,-2196359,248,4580,366,0,-67,-2196359,-2200939,0,-2200573,0,0,0,0,-2196359,248,4580,366,0
389,0.3889,0.38890001,0.38890003,0.388901,0.388901,19445001,19445002,581960,581114,1,0,1,0,0,-67,-2184951,-2200573,0,-2199323,0,0,0,0,-2184951,846,15622,1250,0,-67,-2184951,-2200573,0,-2199323,0,0,0,0,-2184951,846,15622,1250,0
390,0.3899,0.38990001,0.38990003,0.389901,0.389901,19495001,19495002,529531,529073,1,0,1,0,0,-67,-2190865,-2199323,0,-2198646,0,0,0,0,-2190865,458,8458,677,0,-67,-2190865,-2199323,0,-2198646,0,0,0,0,-2190865,458,8458,677,0
391,0.3909,0.39090001,0.39090003,0.390901,0.390901,19545001,19545002,477102,476384,1,0,1,0,0,-67,-2185387,-2198646,0,-2197585,0,0,0,0,-2185387,718,13259,1061,0,-67,-2185387,-2198646,0,-2197585,0,0,0,0,-2185387,718,13259,1061,0
392,0.3919,0.39190001,0.39190003,0.391901,0.391901,19595001,19595002,424673,423566,1,0,1,0,0,-66,-2177143,-2197585,0,-2195950,0,0,0,0,-2177143,1107,20442,1635,0,-66,-2177143,-2197585,0,-2195950,0,0,0,0,-2177143,1107,20442,1635,0
393,0.3929,0.39290001,0.39290003,0.392901,0.392901,19645001,19645002,372244,375826,1,0,1,0,0,-69,-2262096,-2195950,0,-2201242,0,0,0,0,-2262096,-3582,-66146,-5292,0,-69,-2262096,-2195950,0,-2201242,0,0,0,0,-2262096,-3582,-66146,-5292,0
394,0.3939,0.39390001,0.39390003,0.393901,0.393901,19695001,19695002,319816,327411,1,0,1,0,0,-71,-2341493,-2201242,0,-2212462,0,0,0,0,-2341493,-7595,-140251,-11220,0,-71,-2341493,-2201242,0,-2212462,0,0,0,0,-2341493,-7595,-140251,-11220,0
395,0.3949,0.39490001,0.39490003,0.394901,0.394901,19745001,19745002,267387,278972,1,0,1,0,0,-74,-2426394,-2212462,0,-2229577,0,0,0,0,-2426394,-11585,-213932,-17115,0,-74,-2426394,-2212462,0,-2229577,0,0,0,0,-2426394,-11585,-213932,-17115,0
396,0.3959,0.39590001,0.39590003,0.395901,0.395901,19795001,19795002,214958,231483,1,0,1,0,0,-77,-2534732,-2229577,0,-2253989,0,0,0,0,-2534732,-16525,-305155,-24412,0,-77,-2534732,-2229577,0,-2253989,0,0,0,0,-2534732,-16525,-305155,-24412,0
397,0.3969,0.39690001,0.39690003,0.396901,0.396901,19845001,19845002,162529,171843,1,0,1,0,0,-74,-2425984,-2253989,0,-2267749,0,0,0,0,-2425984,-9314,-171995,-13760,0,-74,-2425984,-2253989,0,-2267749,0,0,0,0,-2425984,-9314,-171995,-13760,0
398,0.3979,0.39790001,0.39790003,0.397901,0.397901,19895001,19895002,110100,116594,1,0,1,0,0,-73,-2387669,-2267749,0,-2277343,0,0,0,0,-2387669,-6494,-119920,-9594,0,-73,-2387669,-2267749,0,-2277343,0,0,0,0,-2387669,-6494,-119920,-9594,0
399,0.3989,0.39890001,0.39890003,0.398901,0.398901,19945001,19945002,57672,58685,1,0,1,0,0,-70,-2296049,-2277343,0,-2278840,0,0,0,0,-2296049,-1013,-18706,-1497,0,-70,-2296049,-2277343,0,-2278840,0,0,0,0,-2296049,-1013,-18706,-1497,0
400,0.3999,0.39990001,0.39990003,0.399901,0.399901,19995001,19995002,5243,3375,1,0,1,0,0,-68,-2244345,-2278840,0,-2276080,0,0,0,0,-2244345,1868,34495,2760,0,-68,-2244345,-2278840,0,-2276080,0,0,0,0,-2244345,1868,34495,2760,0
401,0.4009,0.40090001,0.40090003,0.400901,0.400901,20045001,20045002,0,-49522,1,0,1,0,0,-42,-1361593,-2276080,0,-2202921,0,0,0,0,-1361593,49522,914487,73159,0,-42,-1361593,-2276080,0,-2202921,0,0,0,0,-1361593,49522,914487,73159,0
402,0.4019,0.40190001,0.40190003,0.401901,0.401901,20095001,20095002,0,-86078,1,0,1,0,0,-19,-613381,-2202921,0,-2075758,0,0,0,0,-613381,86078,1589540,127163,0,-19,-613381,-2202921,0,-2075758,0,0,0,0,-613381,86078,1589540,127163,0
403,0.4029,0.40290001,0.40290003,0.402901,0.402901,20145001,20145002,0,-101260,1,0,1,0,0,-6,-205863,-2075758,0,-1926166,0,0,0,0,-205863,101260,1869895,149592,0,-6,-205863,-2075758,0,-1926166,0,0,0,0,-205863,101260,1869895,149592,0
404,0.4039,0.40390001,0.40390003,0.403901,0.403901,20195001,20195002,0,-109013,1,0,1,0,0,3,86898,-1926166,0,-1765121,0,0,0,0,86898,109013,2013064,161045,0,3,86898,-1926166,0,-1765121,0,0,0,0,86898,109013,2013064,161045,0
405,0.4049,0.40490001,0.40490003,0.404901,0.404901,20245001,20245002,0,-116773,1,0,1,0,0,12,391242,-1765121,0,-1592612,0,0,0,0,391242,116773,2156363,172509,0,12,391242,-1765121,0,-1592612,0,0,0,0,391242,116773,2156363,172509,0
406,0.4059,0.40590001,0.40590003,0.405901,0.405901,20295001,20295002,0,-124504,1,0,1,0,0,22,706513,-1592612,0,-1408682,0,0,0,0,706513,124504,2299125,183930,0,22,706513,-1592612,0,-1408682,0,0,0,0,706513,124504,2299125,183930,0
407,0.4069,0.40690001,0.40690003,0.406901,0.406901,20345001,20345002,0,-131582,1,0,1,0,0,31,1021148,-1408682,0,-1214296,0,0,0,0,1021148,131582,2429830,194386,0,31,1021148,-1408682,0,-1214296,0,0,0,0,1021148,131582,2429830,194386,0
408,0.4079,0.40790001,0.40790003,0.407901,0.407901,20395001,20395002,0,-138382,1,0,1,0,0,41,1341104,-1214296,0,-1009864,0,0,0,0,1341104,138382,2555400,204432,0,41,1341104,-1214296,0,-1009864,0,0,0,0,1341104,138382,2555400,204432,0
409,0.4089,0.40890001,0.40890003,0.408901,0.408901,20445001,20445002,0,-144638,1,0,1,0,0,51,1661062,-1009864,0,-796190,0,0,0,0,1661062,144638,2670926,213674,0,51,1661062,-1009864,0,-796190,0,0,0,0,1661062,144638,2670926,213674,0
410,0.4099,0.40990001,0.40990003,0.409901,0.409901,20495001,20495002,0,-150254,1,0,1,0,0,60,1978442,-796190,0,-574219,0,0,0,0,1978442,150254,2774632,221971,0,60,1978442,-796190,0,-574219,0,0,0,0,1978442,150254,2774632,221971,0
411,0.4109,0.41090001,0.41090003,0.410901,0.410901,20545001,20545002,0,-155305,1,0,1,0,0,70,2293686,-574219,0,-344787,0,0,0,0,2293686,155305,2867905,229432,0,70,2293686,-574219,0,-344787,0,0,0,0,2293686,155305,2867905,229432,0
412,0.4119,0.41190001,0.41190003,0.411901,0.411901,20595001,20595002,0,-159853,1,0,1,0,0,80,2607103,-344787,0,-108636,0,0,0,0,2607103,159853,2951890,236151,0,80,2607103,-344787,0,-108636,0,0,0,0,2607103,159853,2951890,236151,0
413,0.4129,0.41290001,0.41290003,0.412901,0.412901,20645001,20645002,0,-164242,1,0,1,0,0,89,2924302,-108636,0,133999,0,0,0,0,2924302,164242,3032938,242635,0,89,2924302,-108636,0,133999,0,0,0,0,2924302,164242,3032938,242635,0
414,0.4139,0.41390001,0.41390003,0.413901,0.413901,20695001,20695002,0,-168293,1,0,1,0,0,99,3241744,133999,0,382619,0,0,0,0,3241744,168293,3107745,248620,0,99,3241744,133999,0,382619,0,0,0,0,3241744,168293,3107745,248620,0
415,0.4149,0.41490001,0.41490003,0.414901,0.414901,20745001,20745002,0,-171993,1,0,1,0,0,109,3558690,382619,0,636705,0,0,0,0,3558690,171993,3176071,254086,0,109,3558690,382619,0,636705,0,0,0,0,3558690,171993,3176071,254086,0
416,0.4159,0.41590001,0.41590003,0.415901,0.415901,20795001,20795002,0,-175236,1,0,1,0,0,118,3872662,636705,0,895582,0,0,0,0,3872662,175236,3235957,258877,0,118,3872662,636705,0,895582,0,0,0,0,3872662,175236,3235957,258877,0
417,0.4169,0.41690001,0.41690003,0.416901,0.416901,20845001,20845002,0,-177966,1,0,1,0,0,128,4181952,895582,0,1158492,0,0,0,0,4181952,177966,3286370,262910,0,128,4181952,895582,0,1158492,0,0,0,0,4181952,177966,3286370,262910,0
418,0.4179,0.41790001,0.41790003,0.417901,0.417901,20895001,20895002,0,-180228,1,0,1,0,0,137,4486632,1158492,0,1424743,0,0,0,0,4486632,180228,3328140,266251,0,137,4486632,1158492,0,1424743,0,0,0,0,4486632,180228,3328140,266251,0
419,0.4189,0.41890001,0.41890003,0.418901,0.418901,20945001,20945002,0,-182014,1,0,1,0,0,146,4785864,1424743,0,1693633,0,0,0,0,4785864,182014,3361121,268890,0,146,4785864,1424743,0,1693633,0,0,0,0,4785864,182014,3361121,268890,0
420,0.4199,0.41990001,0.41990003,0.419901,0.419901,20995001,20995002,0,-183254,1,0,1,0,0,155,5077652,1693633,0,1964355,0,0,0,0,5077652,183254,3384019,270722,0,155,5077652,1693633,0,1964355,0,0,0,0,5077652,183254,3384019,270722,0
421,0.4209,0.42090001,0.42090003,0.420901,0.420901,21045001,21045002,0,-183887,1,0,1,0,0,164,5360063,1964355,0,2236012,0,0,0,0,5360063,183887,3395708,271657,0,164,5360063,1964355,0,2236012,0,0,0,0,5360063,183887,3395708,271657,0
422,0.4219,0.42190001,0.42190003,0.421901,0.421901,21095001,21095002,0,-183796,1,0,1,0,0,172,5630040,2236012,0,2507534,0,0,0,0,5630040,183796,3394028,271522,0,172,5630040,2236012,0,2507534,0,0,0,0,5630040,183796,3394028,271522,0
423,0.4229,0.42290001,0.42290003,0.422901,0.422901,21145001,21145002,0,-182792,1,0,1,0,0,180,5883022,2507534,0,2777573,0,0,0,0,5883022,182792,3375488,270039,0,180,5883022,2507534,0,2777573,0,0,0,0,5883022,182792,3375488,270039,0
424,0.4239,0.42390001,0.42390003,0.423901,0.423901,21195001,21195002,0,-181394,1,0,1,0,0,187,6127245,2777573,0,3045547,0,0,0,0,6127245,181394,3349672,267974,0,187,6127245,2777573,0,3045547,0,0,0,0,6127245,181394,3349672,267974,0
425,0.4249,0.42490001,0.42490003,0.424901,0.424901,21245001,21245002,0,-179364,1,0,1,0,0,194,6357733,3045547,0,3310522,0,0,0,0,6357733,179364,3312186,264975,0,194,6357733,3045547,0,3310522,0,0,0,0,6357733,179364,3312186,264975,0
426,0.4259,0.42590001,0.42590003,0.425901,0.425901,21295001,21295002,0,-176544,1,0,1,0,0,201,6570633,3310522,0,3571331,0,0,0,0,6570633,176544,3260111,260809,0,201,6570633,3310522,0,3571331,0,0,0,0,6570633,176544,3260111,260809,0
427,0.4269,0.42690001,0.42690003,0.426901,0.426901,21345001,21345002,0,-172850,1,0,1,0,0,206,6763227,3571331,0,3826683,0,0,0,0,6763227,172850,3191896,255352,0,206,6763227,3571331,0,3826683,0,0,0,0,6763227,172850,3191896,255352,0
428,0.4279,0.42790001,0.42790003,0.427901,0.427901,21395001,21395002,0,-168402,1,0,1,0,0,212,6936441,3826683,0,4075464,0,0,0,0,6936441,168402,3109758,248781,0,212,6936441,3826683,0,4075464,0,0,0,0,6936441,168402,3109758,248781,0
429,0.4289,0.42890001,0.42890003,0.428901,0.428901,21445001,21445002,0,-163264,1,0,1,0,0,216,7090342,4075464,0,4316654,0,0,0,0,7090342,163264,3014878,241190,0,216,7090342,4075464,0,4316654,0,0,0,0,7090342,163264,3014878,241190,0
430,0.4299,0.42990001,0.42990003,0.429901,0.429901,21495001,21495002,0,-122861,1,0,1,0,0,201,6585439,4316654,0,4498157,0,0,0,0,6585439,122861,2268785,181503,0,201,6585439,4316654,0,4498157,0,0,0,0,6585439,122861,2268785,181503,0
431,0.4309,0.43090001,0.43090003,0.430901,0.430901,21545001,21545002,0,1955,1,0,1,0,0,136,4462055,4498157,0,4495269,0,0,0,0,4462055,-1955,-36102,-2888,0,136,4462055,4498157,0,4495269,0,0,0,0,4462055,-1955,-36102,-2888,0
432,0.4319,0.43190001,0.43190003,0.431901,0.431901,21595001,21595002,0,110906,1,0,1,0,0,75,2447248,4495269,0,4331427,0,0,0,0,2447248,-110906,-2048021,-163842,0,75,2447248,4495269,0,4331427,0,0,0,0,2447248,-110906,-2048021,-163842,0
433,0.4329,0.43290001,0.43290003,0.432901,0.432901,21645001,21645002,0,174254,1,0,1,0,0,34,1113604,4331427,0,4074001,0,0,0,0,1113604,-174254,-3217823,-257426,0,34,1113604,4331427,0,4074001,0,0,0,0,1113604,-174254,-3217823,-257426,0
434,0.4339,0.43390001,0.43390003,0.433901,0.433901,21695001,21695002,0,200746,1,0,1,0,0,11,366970,4074001,0,3777438,0,0,0,0,366970,-200746,-3707031,-296563,0,11,366970,4074001,0,3777438,0,0,0,0,366970,-200746,-3707031,-296563,0
435,0.4349,0.43490001,0.43490003,0.434901,0.434901,21745001,21745002,0,209309,1,0,1,0,0,-3,-87720,3777438,0,3468225,0,0,0,0,-87720,-209309,-3865158,-309213,0,-3,-87720,3777438,0,3468225,0,0,0,0,-87720,-209309,-3865158,-309213,0
436,0.4359,0.43590001,0.43590003,0.435901,0.435901,21795001,21795002,0,215304,1,0,1,0,0,-15,-507639,3468225,0,3150156,0,0,0,0,-507639,-215304,-3975864,-318069,0,-15,-507639,3468225,0,3150156,0,0,0,0,-507639,-215304,-3975864,-318069,0
437,0.4369,0.43690001,0.43690003,0.436901,0.436901,21845001,21845002,0,221313,1,0,1,0,0,-29,-936671,3150156,0,2823210,0,0,0,0,-936671,-221313,-4086827,-326946,0,-29,-936671,3150156,0,2823210,0,0,0,0,-936671,-221313,-4086827,-326946,0
438,0.4379,0.43790001,0.43790003,0.437901,0.437901,21895001,21895002,0,226826,1,0,1,0,0,-42,-1365422,2823210,0,2488119,0,0,0,0,-1365422,-226826,-4188632,-335091,0,-42,-1365422,2823210,0,2488119,0,0,0,0,-1365422,-226826,-4188632,-335091,0
439,0.4389,0.43890001,0.43890003,0.438901,0.438901,21945001,21945002,0,232203,1,0,1,0,0,-55,-1799806,2488119,0,2145085,0,0,0,0,-1799806,-232203,-4287925,-343034,0,-55,-1799806,2488119,0,2145085,0,0,0,0,-1799806,-232203,-4287925,-343034,0
440,0.4399,0.43990001,0.43990003,0.439901,0.439901,21995001,21995002,0,237457,1,0,1,0,0,-68,-2239862,2145085,0,1794289,0,0,0,0,-2239862,-237457,-4384947,-350796,0,-68,-2239862,2145085,0,1794289,0,0,0,0,-2239862,-237457,-4384947,-350796,0
441,0.4409,0.44090001,0.44090003,0.440901,0.440901,22045001,22045002,0,242396,1,0,1,0,0,-82,-2681863,1794289,0,1436197,0,0,0,0,-2681863,-242396,-4476152,-358092,0,-82,-2681863,1794289,0,1436197,0,0,0,0,-2681863,-242396,-4476152,-358092,0
442,0.4419,0.44190001,0.44190003,0.441901,0.441901,22095001,22095002,0,247162,1,0,1,0,0,-95,-3127965,1436197,0,1071064,0,0,0,0,-3127965,-247162,-4564162,-365133,0,-95,-3127965,1436197,0,1071064,0,0,0,0,-3127965,-247162,-4564162,-365133,0
443,0.4429,0.44290001,0.44290003,0.442901,0.442901,22145001,22145002,0,251527,1,0,1,0,0,-109,-3573704,1071064,0,699483,0,0,0,0,-3573704,-251527,-4644768,-371581,0,-109,-3573704,1071064,0,699483,0,0,0,0,-3573704,-251527,-4644768,-371581,0
444,0.4439,0.44390001,0.44390003,0.443901,0.443901,22195001,22195002,0,255402,1,0,1,0,0,-123,-4016841,699483,0,322177,0,0,0,0,-4016841,-255402,-4716324,-377306,0,-123,-4016841,699483,0,322177,0,0,0,0,-4016841,-255402,-4716324,-377306,0
445,0.4449,0.44490001,0.44490003,0.444901,0.444901,22245001,22245002,0,258639,1,0,1,0,0,-136,-4453923,322177,0,-59911,0,0,0,0,-4453923,-258639,-4776100,-382088,0,-136,-4453923,322177,0,-59911,0,0,0,0,-4453923,-258639,-4776100,-382088,0
446,0.4459,0.44590001,0.44590003,0.445901,0.445901,22295001,22295002,0,261322,1,0,1,0,0,-149,-4885556,-59911,0,-445963,0,0,0,0,-4885556,-261322,-4825645,-386052,0,-149,-4885556,-59911,0,-445963,0,0,0,0,-4885556,-261322,-4825645,-386052,0
447,0.4469,0.44690001,0.44690003,0.446901,0.446901,22345001,22345002,0,263293,1,0,1,0,0,-162,-5308005,-445963,0,-834926,0,0,0,0,-5308005,-263293,-4862042,-388963,0,-162,-5308005,-445963,0,-834926,0,0,0,0,-5308005,-263293,-4862042,-388963,0
448,0.4479,0.44790001,0.44790003,0.447901,0.447901,22395001,22395002,0,264673,1,0,1,0,0,-175,-5722451,-834926,0,-1225928,0,0,0,0,-5722451,-264673,-4887525,-391002,0,-175,-5722451,-834926,0,-1225928,0,0,0,0,-5722451,-264673,-4887525,-391002,0
449,0.4489,0.44890001,0.44890003,0.448901,0.448901,22445001,22445002,0,265749,1,0,1,0,0,-187,-6133323,-1225928,0,-1618520,0,0,0,0,-6133323,-265749,-4907395,-392592,0,-187,-6133323,-1225928,0,-1618520,0,0,0,0,-6133323,-265749,-4907395,-392592,0
450,0.4499,0.44990001,0.44990003,0.449901,0.449901,22495001,22495002,0,265822,1,0,1,0,0,-199,-6527263,-1618520,0,-2011220,0,0,0,0,-6527263,-265822,-4908743,-392700,0,-199,-6527263,-1618520,0,-2011220,0,0,0,0,-6527263,-265822,-4908743,-392700,0
451,0.4509,0.45090001,0.45090003,0.450901,0.450901,22545001,22545002,0,264809,1,0,1,0,0,-211,-6901257,-2011220,0,-2402423,0,0,0,0,-6901257,-264809,-4890037,-391203,0,-211,-6901257,-2011220,0,-2402423,0,0,0,0,-6901257,-264809,-4890037,-391203,0
452,0.4519,0.45190001,0.45190003,0.451901,0.451901,22595001,22595002,0,263160,1,0,1,0,0,-222,-7262009,-2402423,0,-2791190,0,0,0,0,-7262009,-263160,-4859586,-388767,0,-222,-7262009,-2402423,0,-2791190,0,0,0,0,-7262009,-263160,-4859586,-388767,0
453,0.4529,0.45290001,0.45290003,0.452901,0.452901,22645001,22645002,0,260879,1,0,1,0,0,-232,-7608654,-2791190,0,-3176587,0,0,0,0,-7608654,-260879,-4817464,-385397,0,-232,-7608654,-2791190,0,-3176587,0,0,0,0,-7608654,-260879,-4817464,-385397,0
454,0.4539,0.45390001,0.45390003,0.453901,0.453901,22695001,22695002,0,257561,1,0,1,0,0,-242,-7932780,-3176587,0,-3557083,0,0,0,0,-7932780,-257561,-4756193,-380496,0,-242,-7932780,-3176587,0,-3557083,0,0,0,0,-7932780,-257561,-4756193,-380496,0
455,0.4549,0.45490001,0.45490003,0.454901,0.454901,22745001,22745002,0,253341,1,0,1,0,0,-251,-8235348,-3557083,0,-3931344,0,0,0,0,-8235348,-253341,-4678265,-374261,0,-251,-8235348,-3557083,0,-3931344,0,0,0,0,-8235348,-253341,-4678265,-374261,0
456,0.4559,0.45590001,0.45590003,0.455901,0.455901,22795001,22795002,0,248164,1,0,1,0,0,-260,-8514009,-3931344,0,-4297957,0,0,0,0,-8514009,-248164,-4582665,-366613,0,-260,-8514009,-3931344,0,-4297957,0,0,0,0,-8514009,-248164,-4582665,-366613,0
457,0.4569,0.45690001,0.45690003,0.456901,0.456901,22845001,22845002,0,218234,1,0,1,0,0,-254,-8327927,-4297957,0,-4620355,0,0,0,0,-8327927,-218234,-4029970,-322398,0,-254,-8327927,-4297957,0,-4620355,0,0,0,0,-8327927,-218234,-4029970,-322398,0
458,0.4579,0.45790001,0.45790003,0.457901,0.457901,22895001,22895002,0,70564,1,0,1,0,0,-181,-5923409,-4620355,0,-4724599,0,0,0,0,-5923409,-70564,-1303054,-104244,0,-181,-5923409,-4620355,0,-4724599,0,0,0,0,-5923409,-70564,-1303054,-104244,0
459,0.4589,0.45890001,0.45890003,0.458901,0.458901,22945001,22945002,0,-60948,1,0,1,0,0,-110,-3599116,-4724599,0,-4634560,0,0,0,0,-3599116,60948,1125483,90039,0,-110,-3599116,-4724599,0,-4634560,0,0,0,0,-3599116,60948,1125483,90039,0
460,0.4599,0.45990001,0.45990003,0.459901,0.459901,22995001,22995002,0,-156622,1,0,1,0,0,-53,-1742335,-4634560,0,-4403182,0,0,0,0,-1742335,156622,2892225,231378,0,-53,-1742335,-4634560,0,-4403182,0,0,0,0,-1742335,156622,2892225,231378,0
461,0.4609,0.46090001,0.46090003,0.460901,0.460901,23045001,23045002,0,-197315,1,0,1,0,0,-23,-759508,-4403182,0,-4111688,0,0,0,0,-759508,197315,3643674,291494,0,-23,-759508,-4403182,0,-4111688,0,0,0,0,-759508,197315,3643674,291494,0
462,0.4619,0.46190001,0.46190003,0.461901,0.461901,23095001,23095002,0,-216566,1,0,1,0,0,-3,-112520,-4111688,0,-3791754,0,0,0,0,-112520,216566,3999168,319934,0,-3,-112520,-4111688,0,-3791754,0,0,0,0,-112520,216566,3999168,319934,0
463,0.4629,0.46290001,0.46290003,0.462901,0.462901,23145001,23145002,0,-228043,1,0,1,0,0,13,419351,-3791754,0,-3454865,0,0,0,0,419351,228043,4211105,336889,0,13,419351,-3791754,0,-3454865,0,0,0,0,419351,228043,4211105,336889,0
464,0.4639,0.46390001,0.46390003,0.463901,0.463901,23195001,23195002,0,-235529,1,0,1,0,0,27,894479,-3454865,0,-3106917,0,0,0,0,894479,235529,4349344,347948,0,27,894479,-3454865,0,-3106917,0,0,0,0,894479,235529,4349344,347948,0
465,0.4649,0.46490001,0.46490003,0.464901,0.464901,23245001,23245002,0,-242221,1,0,1,0,0,42,1366003,-3106917,0,-2749083,0,0,0,0,1366003,242221,4472920,357834,0,42,1366003,-3106917,0,-2749083,0,0,0,0,1366003,242221,4472920,357834,0
466,0.4659,0.46590001,0.46590003,0.465901,0.465901,23295001,23295002,0,-248525,1,0,1,0,0,56,1840249,-2749083,0,-2381936,0,0,0,0,1840249,248525,4589332,367147,0,56,1840249,-2749083,0,-2381936,0,0,0,0,1840249,248525,4589332,367147,0
467,0.4669,0.46690001,0.46690003,0.466901,0.466901,23345001,23345002,0,-254266,1,0,1,0,0,71,2313411,-2381936,0,-2006308,0,0,0,0,2313411,254266,4695347,375628,0,71,2313411,-2381936,0,-2006308,0,0,0,0,2313411,254266,4695347,375628,0
468,0.4679,0.46790001,0.46790003,0.467901,0.467901,23395001,23395002,0,-259273,1,0,1,0,0,85,2781499,-2006308,0,-1623283,0,0,0,0,2781499,259273,4787807,383025,0,85,2781499,-2006308,0,-1623283,0,0,0,0,2781499,259273,4787807,383025,0
469,0.4689,0.46890001,0.46890003,0.468901,0.468901,23445001,23445002,0,-263906,1,0,1,0,0,99,3250079,-1623283,0,-1233414,0,0,0,0,3250079,263906,4873362,389869,0,99,3250079,-1623283,0,-1233414,0,0,0,0,3250079,263906,4873362,389869,0
470,0.4699,0.46990001,0.46990003,0.469901,0.469901,23495001,23495002,0,-268186,1,0,1,0,0,113,3718983,-1233414,0,-837222,0,0,0,0,3718983,268186,4952397,396192,0,113,3718983,-1233414,0,-837222,0,0,0,0,3718983,268186,4952397,396192,0
471,0.4709,0.47090001,0.47090003,0.470901,0.470901,23545001,23545002,0,-272039,1,0,1,0,0,128,4186326,-837222,0,-435338,0,0,0,0,4186326,272039,5023548,401884,0,128,4186326,-837222,0,-435338,0,0,0,0,4186326,272039,5023548,401884,0
472,0.4719,0.47190001,0.47190003,0.471901,0.471901,23595001,23595002,0,-275414,1,0,1,0,0,142,4650534,-435338,0,-28468,0,0,0,0,4650534,275414,5085872,406870,0,142,4650534,-435338,0,-28468,0,0,0,0,4650534,275414,5085872,406870,0
473,0.4729,0.47290001,0.47290003,0.472901,0.472901,23645001,23645002,0,-278165,1,0,1,0,0,156,5108204,-28468,0,382466,0,0,0,0,5108204,278165,5136672,410934,0,156,5108204,-28468,0,382466,0,0,0,0,5108204,278165,5136672,410934,0
474,0.4739,0.47390001,0.47390003,0.473901,0.473901,23695001,23695002,0,-280256,1,0,1,0,0,170,5557751,382466,0,796489,0,0,0,0,5557751,280256,5175285,414023,0,170,5557751,382466,0,796489,0,0,0,0,5557751,280256,5175285,414023,0
475,0.4749,0.47490001,0.47490003,0.474901,0.474901,23745001,23745002,0,-281841,1,0,1,0,0,183,6001043,796489,0,1212853,0,0,0,0,6001043,281841,5204554,416364,0,183,6001043,796489,0,1212853,0,0,0,0,6001043,281841,5204554,416364,0
476,0.4759,0.47590001,0.47590003,0.475901,0.475901,23795001,23795002,0,-282909,1,0,1,0,0,196,6437129,1212853,0,1630795,0,0,0,0,6437129,282909,5224276,417942,0,196,6437129,1212853,0,1630795,0,0,0,0,6437129,282909,5224276,417942,0
477,0.4769,0.47690001,0.47690003,0.476901,0.476901,23845001,23845002,0,-282969,1,0,1,0,0,209,6856179,1630795,0,2048826,0,0,0,0,6856179,282969,5225384,418031,0,209,6856179,1630795,0,2048826,0,0,0,0,6856179,282969,5225384,418031,0
478,0.4779,0.47790001,0.47790003,0.477901,0.477901,23895001,23895002,0,-281933,1,0,1,0,0,221,7255079,2048826,0,2465326,0,0,0,0,7255079,281933,5206253,416500,0,221,7255079,2048826,0,2465326,0,0,0,0,7255079,281933,5206253,416500,0
479,0.4789,0.47890001,0.47890003,0.478901,0.478901,23945001,23945002,0,-280449,1,0,1,0,0,233,7644175,2465326,0,2879634,0,0,0,0,7644175,280449,5178849,414308,0,233,7644175,2465326,0,2879634,0,0,0,0,7644175,280449,5178849,414308,0
480,0.4799,0.47990001,0.47990003,0.479901,0.479901,23995001,23995002,0,-277991,1,0,1,0,0,245,8013093,2879634,0,3290311,0,0,0,0,8013093,277991,5133459,410677,0,245,8013093,2879634,0,3290311,0,0,0,0,8013093,277991,5133459,410677,0
481,0.4809,0.48090001,0.48090003,0.480901,0.480901,24045001,24045002,0,-274555,1,0,1,0,0,255,8360320,3290311,0,3695912,0,0,0,0,8360320,274555,5070009,405601,0,255,8360320,3290311,0,3695912,0,0,0,0,8360320,274555,5070009,405601,0
482,0.4819,0.48190001,0.48190003,0.481901,0.481901,24095001,24095002,0,-270005,1,0,1,0,0,265,8681899,3695912,0,4094791,0,0,0,0,8681899,270005,4985987,398879,0,265,8681899,3695912,0,4094791,0,0,0,0,8681899,270005,4985987,398879,0
483,0.4829,0.48290001,0.48290003,0.482901,0.482901,24145001,24145002,0,-264508,1,0,1,0,0,274,8979269,4094791,0,4485549,0,0,0,0,8979269,264508,4884478,390758,0,274,8979269,4094791,0,4485549,0,0,0,0,8979269,264508,4884478,390758,0
484,0.4839,0.48390001,0.48390003,0.483901,0.483901,24195001,24195002,0,-163795,1,0,1,0,0,229,7510233,4485549,0,4727524,0,0,0,0,7510233,163795,3024684,241975,0,229,7510233,4485549,0,4727524,0,0,0,0,7510233,163795,3024684,241975,0
485,0.4849,0.48490001,0.48490003,0.484901,0.484901,24245001,24245002,0,-7849,1,0,1,0,0,149,4872466,4727524,0,4739119,0,0,0,0,4872466,7849,144942,11595,0,149,4872466,4727524,0,4739119,0,0,0,0,4872466,7849,144942,11595,0
486,0.4859,0.48590001,0.48590003,0.485901,0.485901,24295001,24295002,0,107951,1,0,1,0,0,84,2745666,4739119,0,4579643,0,0,0,0,2745666,-107951,-1993453,-159476,0,84,2745666,4739119,0,4579643,0,0,0,0,2745666,-107951,-1993453,-159476,0
487,0.4869,0.48690001,0.48690003,0.486901,0.486901,24345001,24345002,0,183783,1,0,1,0,0,36,1185855,4579643,0,4308140,0,0,0,0,1185855,-183783,-3393788,-271503,0,36,1185855,4579643,0,4308140,0,0,0,0,1185855,-183783,-3393788,-271503,0
488,0.4879,0.48790001,0.48790003,0.487901,0.487901,24395001,24395002,0,212493,1,0,1,0,0,12,384185,4308140,0,3994224,0,0,0,0,384185,-212493,-3923955,-313916,0,12,384185,4308140,0,3994224,0,0,0,0,384185,-212493,-3923955,-313916,0
489,0.4889,0.48890001,0.48890003,0.488901,0.488901,24445001,24445002,0,221167,1,0,1,0,0,-3,-89907,3994224,0,3667493,0,0,0,0,-89907,-221167,-4084131,-326731,0,-3,-89907,3994224,0,3667493,0,0,0,0,-89907,-221167,-4084131,-326731,0
490,0.4899,0.48990001,0.48990003,0.489901,0.489901,24495001,24495002,0,227618,1,0,1,0,0,-16,-535764,3667493,0,3331232,0,0,0,0,-535764,-227618,-4203257,-336261,0,-16,-535764,3667493,0,3331232,0,0,0,0,-535764,-227618,-4203257,-336261,0
491,0.4909,0.49090001,0.49090003,0.490901,0.490901,24545001,24545002,0,234000,1,0,1,0,0,-30,-989877,3331232,0,2985543,0,0,0,0,-989877,-234000,-4321109,-345689,0,-30,-989877,3331232,0,2985543,0,0,0,0,-989877,-234000,-4321109,-345689,0
492,0.4919,0.49190001,0.49190003,0.491901,0.491901,24595001,24595002,0,239598,1,0,1,0,0,-44,-1438940,2985543,0,2631584,0,0,0,0,-1438940,-239598,-4424483,-353959,0,-44,-1438940,2985543,0,2631584,0,0,0,0,-1438940,-239598,-4424483,-353959,0
493,0.4929,0.49290001,0.49290003,0.492901,0.492901,24645001,24645002,0,244891,1,0,1,0,0,-58,-1890641,2631584,0,2269806,0,0,0,0,-1890641,-244891,-4522225,-361778,0,-58,-1890641,2631584,0,2269806,0,0,0,0,-1890641,-244891,-4522225,-361778,0
494,0.4939,0.49390001,0.49390003,0.493901,0.493901,24695001,24695002,0,250141,1,0,1,0,0,-72,-2349367,2269806,0,1900272,0,0,0,0,-2349367,-250141,-4619173,-369534,0,-72,-2349367,2269806,0,1900272,0,0,0,0,-2349367,-250141,-4619173,-369534,0
495,0.4949,0.49490001,0.49490003,0.494901,0.494901,24745001,24745002,0,255141,1,0,1,0,0,-86,-2811233,1900272,0,1523352,0,0,0,0,-2811233,-255141,-4711505,-376920,0,-86,-2811233,1900272,0,1523352,0,0,0,0,-2811233,-255141,-4711505,-376920,0
496,0.4959,0.49590001,0.49590003,0.495901,0.495901,24795001,24795002,0,259860,1,0,1,0,0,-100,-3275295,1523352,0,1139460,0,0,0,0,-3275295,-259860,-4798647,-383892,0,-100,-3275295,1523352,0,1139460,0,0,0,0,-3275295,-259860,-4798647,-383892,0
497,0.4969,0.49690001,0.49690003,0.496901,0.496901,24845001,24845002,0,264261,1,0,1,0,0,-114,-3740457,1139460,0,749067,0,0,0,0,-3740457,-264261,-4879917,-390393,0,-114,-3740457,1139460,0,749067,0,0,0,0,-3740457,-264261,-4879917,-390393,0
498,0.4979,0.49790001,0.49790003,0.497901,0.497901,24895001,24895002,0,268034,1,0,1,0,0,-128,-4200523,749067,0,353100,0,0,0,0,-4200523,-268034,-4949590,-395967,0,-128,-4200523,749067,0,353100,0,0,0,0,-4200523,-268034,-4949590,-395967,0
499,0.4989,0.49890001,0.49890003,0.498901,0.498901,24945001,24945002,0,271263,1,0,1,0,0,-142,-4656118,353100,0,-47638,0,0,0,0,-4656118,-271263,-5009218,-400738,0,-142,-4656118,353100,0,-47638,0,0,0,0,-4656118,-271263,-5009218,-400738,0
500,0.4999,0.49990001,0.49990003,0.499901,0.499901,24995001,24995002,0,273750,1,0,1,0,0,-156,-5102782,-47638,0,-452050,0,0,0,0,-5102782,-273750,-5055144,-404412,0,-156,-5102782,-47638,0,-452050,0,0,0,0,-5102782,-273750,-5055144,-404412,0
501,0.5009,0.50090001,0.50090003,0.500901,0.500901,25045001,25045002,-47186,275534,1,0,1,0,0,-196,-6411487,-452050,0,-928805,0,0,0,0,-6411487,-322720,-5959437,-476755,0,-196,-6411487,-452050,0,-928805,0,0,0,0,-6411487,-322720,-5959437,-476755,0
502,0.5019,0.50190001,0.50190003,0.501901,0.501901,25095001,25095002,-99615,276836,1,0,1,0,0,-240,-7880454,-928805,0,-1484937,0,0,0,0,-7880454,-376451,-6951649,-556132,0,-240,-7880454,-928805,0,-1484937,0,0,0,0,-7880454,-376451,-6951649,-556132,0
503,0.5029,0.50290001,0.50290003,0.502901,0.502901,25145001,25145002,-152044,277287,1,0,1,0,0,-287,-9413083,-1484937,0,-2119189,0,0,0,0,-9413083,-429331,-7928146,-634252,0,-287,-9413083,-1484937,0,-2119189,0,0,0,0,-9413083,-429331,-7928146,-634252,0
504,0.5039,0.50390001,0.50390003,0.503901,0.503901,25195001,25195002,-204472,276111,1,0,1,0,0,-336,-10993768,-2119189,0,-2829155,0,0,0,0,-10993768,-480583,-8874579,-709966,0,-336,-10993768,-2119189,0,-2829155,0,0,0,0,-10993768,-480583,-8874579,-709966,0
505,0.5049,0.50490001,0.50490003,0.504901,0.504901,25245001,25245002,-256901,274053,1,0,1,0,0,-386,-12633899,-2829155,0,-3613535,0,0,0,0,-12633899,-530954,-9804744,-784380,0,-386,-12633899,-2829155,0,-3613535,0,0,0,0,-12633899,-530954,-9804744,-784380,0
506,0.5059,0.50590001,0.50590003,0.505901,0.505901,25295001,25295002,-309330,270310,1,0,1,0,0,-437,-14317328,-3613535,0,-4469839,0,0,0,0,-14317328,-579640,-10703793,-856304,0,-437,-14317328,-3613535,0,-4469839,0,0,0,0,-14317328,-579640,-10703793,-856304,0
507,0.5069,0.50690001,0.50690003,0.506901,0.506901,25345001,25345002,-361759,264642,1,0,1,0,0,-489,-16037134,-4469839,0,-5395223,0,0,0,0,-16037134,-626401,-11567295,-925384,0,-489,-16037134,-4469839,0,-5395223,0,0,0,0,-16037134,-626401,-11567295,-925384,0
508,0.5079,0.50790001,0.50790003,0.507901,0.507901,25395001,25395002,-414188,76121,1,0,1,0,0,-441,-14449405,-5395223,0,-6119558,0,0,0,0,-14449405,-490309,-9054182,-724335,0,-441,-14449405,-5395223,0,-6119558,0,0,0,0,-14449405,-490309,-9054182,-724335,0
509,0.5089,0.50890001,0.50890003,0.508901,0.508901,25445001,25445002,-466616,-227636,1,0,1,0,0,-321,-10532629,-6119558,0,-6472604,0,0,0,0,-10532629,-238980,-4413071,-353046,0,-321,-10532629,-6119558,0,-6472604,0,0,0,0,-10532629,-238980,-4413071,-353046,0
510,0.5099,0.50990001,0.50990003,0.509901,0.509901,25495001,25495002,-519045,-480022,1,0,1,0,0,-220,-7193214,-6472604,0,-6530253,0,0,0,0,-7193214,-39023,-720610,-57649,0,-220,-7193214,-6472604,0,-6530253,0,0,0,0,-7193214,-39023,-720610,-57649,0
511,0.5109,0.51090001,0.51090003,0.510901,0.510901,25545001,25545002,-571474,-665636,1,0,1,0,0,-146,-4791431,-6530253,0,-6391147,0,0,0,0,-4791431,94162,1738822,139106,0,-146,-4791431,-6530253,0,-6391147,0,0,0,0,-4791431,94162,1738822,139106,0
512,0.5119,0.51190001,0.51190003,0.511901,0.511901,25595001,25595002,-623903,-797094,1,0,1,0,0,-97,-3192954,-6391147,0,-6135291,0,0,0,0,-3192954,173191,3198193,255856,0,-97,-3192954,-6391147,0,-6135291,0,0,0,0,-3192954,173191,3198193,255856,0
513,0.5129,0.51290001,0.51290003,0.512901,0.512901,25645001,25645002,-676332,-881111,1,0,1,0,0,-72,-2353785,-6135291,0,-5832770,0,0,0,0,-2353785,204779,3781506,302521,0,-72,-2353785,-6135291,0,-5832770,0,0,0,0,-2353785,204779,3781506,302521,0
514,0.5139,0.51390001,0.51390003,0.513901,0.513901,25695001,25695002,-728760,-938554,1,0,1,0,0,-60,-1958656,-5832770,0,-5522841,0,0,0,0,-1958656,209794,3874114,309929,0,-60,-1958656,-5832770,0,-5522841,0,0,0,0,-1958656,209794,3874114,309929,0
515,0.5149,0.51490001,0.51490003,0.514901,0.514901,25745001,25745002,-781189,-987959,1,0,1,0,0,-52,-1704569,-5522841,0,-5217379,0,0,0,0,-1704569,206770,3818272,305462,0,-52,-1704569,-5522841,0,-5217379,0,0,0,0,-1704569,206770,3818272,305462,0
516,0.5159,0.51590001,0.51590003,0.515901,0.515901,25795001,25795002,-833618,-1030894,1,0,1,0,0,-48,-1574426,-5217379,0,-4925943,0,0,0,0,-1574426,197276,3642953,291436,0,-48,-1574426,-5217379,0,-4925943,0,0,0,0,-1574426,197276,3642953,291436,0
517,0.5169,0.51690001,0.51690003,0.516901,0.516901,25845001,25845002,-886047,-1068425,1,0,1,0,0,-48,-1558100,-4925943,0,-4656516,0,0,0,0,-1558100,182378,3367843,269427,0,-48,-1558100,-4925943,0,-4656516,0,0,0,0,-1558100,182378,3367843,269427,0
518,0.5179,0.51790001,0.51790003,0.517901,0.517901,25895001,25895002,-938476,-1104442,1,0,1,0,0,-49,-1591742,-4656516,0,-4411334,0,0,0,0,-1591742,165966,3064774,245182,0,-49,-1591742,-4656516,0,-4411334,0,0,0,0,-1591742,165966,3064774,245182,0
519,0.5189,0.51890001,0.51890003,0.518901,0.518901,25945001,25945002,-990904,-1143354,1,0,1,0,0,-49,-1596150,-4411334,0,-4186119,0,0,0,0,-1596150,152450,2815184,225215,0,-49,-1596150,-4411334,0,-4186119,0,0,0,0,-1596150,152450,2815184,225215,0
520,0.5199,0.51990001,0.51990003,0.519901,0.519901,25995001,25995002,-1043333,-1182183,1,0,1,0,0,-50,-1622076,-4186119,0,-3980996,0,0,0,0,-1622076,138850,2564043,205123,0,-50,-1622076,-4186119,0,-3980996,0,0,0,0,-1622076,138850,2564043,205123,0
521,0.5209,0.52090001,0.52090003,0.520901,0.520901,26045001,26045002,-1095762,-1219398,1,0,1,0,0,-52,-1697899,-3980996,0,-3798348,0,0,0,0,-1697899,123636,2283097,182648,0,-52,-1697899,-3980996,0,-3798348,0,0,0,0,-1697899,123636,2283097,182648,0
522,0.5219,0.52190001,0.52190003,0.521901,0.521901,26095001,26095002,-1148191,-1265514,1,0,1,0,0,-50,-1631829,-3798348,0,-3625026,0,0,0,0,-1631829,117323,2166519,173322,0,-50,-1631829,-3798348,0,-3625026,0,0,0,0,-1631829,117323,2166519,173322,0
523,0.5229,0.52290001,0.52290003,0.522901,0.522901,26145001,26145002,-1200620,-1297198,1,0,1,0,0,-56,-1841590,-3625026,0,-3482351,0,0,0,0,-1841590,96578,1783436,142675,0,-56,-1841590,-3625026,0,-3482351,0,0,0,0,-1841590,96578,1783436,142675,0
524,0.5239,0.52390001,0.52390003,0.523901,0.523901,26195001,26195002,-1253048,-1337373,1,0,1,0,0,-59,-1925182,-3482351,0,-3357777,0,0,0,0,-1925182,84325,1557169,124574,0,-59,-1925182,-3482351,0,-3357777,0,0,0,0,-1925182,84325,1557169,124574,0
525,0.5249,0.52490001,0.52490003,0.524901,0.524901,26245001,26245002,-1305477,-1375336,1,0,1,0,0,-63,-2067741,-3357777,0,-3254574,0,0,0,0,-2067741,69859,1290036,103203,0,-63,-2067741,-3357777,0,-3254574,0,0,0,0,-2067741,69859,1290036,103203,0
526,0.5259,0.52590001,0.52590003,0.525901,0.525901,26295001,26295002,-1357906,-1417485,1,0,1,0,0,-66,-2154372,-3254574,0,-3166558,0,0,0,0,-2154372,59579,1100202,88016,0,-66,-2154372,-3254574,0,-3166558,0,0,0,0,-2154372,59579,1100202,88016,0
527,0.5269,0.52690001,0.52690003,0.526901,0.526901,26345001,26345002,-1410335,-1466517,1,0,1,0,0,-65,-2129086,-3166558,0,-3083560,0,0,0,0,-2129086,56182,1037472,82998,0,-65,-2129086,-3166558,0,-3083560,0,0,0,0,-2129086,56182,1037472,82998,0
528,0.5279,0.52790001,0.52790003,0.527901,0.527901,26395001,26395002,-1462764,-1514577,1,0,1,0,0,-65,-2126767,-3083560,0,-3007017,0,0,0,0,-2126767,51813,956793,76543,0,-65,-2126767,-3083560,0,-3007017,0,0,0,0,-2126767,51813,956793,76543,0
529,0.5289,0.52890001,0.52890003,0.528901,0.528901,26445001,26445002,-1515192,-1565327,1,0,1,0,0,-64,-2081210,-3007017,0,-2932952,0,0,0,0,-2081210,50135,925807,74065,0,-64,-2081210,-3007017,0,-2932952,0,0,0,0,-2081210,50135,925807,74065,0
530,0.5299,0.52990001,0.52990003,0.529901,0.529901,26495001,26495002,-1567621,-1615263,1,0,1,0,0,-63,-2053182,-2932952,0,-2862570,0,0,0,0,-2053182,47642,879770,70382,0,-63,-2053182,-2932952,0,-2862570,0,0,0,0,-2053182,47642,879770,70382,0
531,0.5309,0.53090001,0.53090003,0.530901,0.530901,26545001,26545002,-1620050,-1665905,1,0,1,0,0,-62,-2015799,-2862570,0,-2794828,0,0,0,0,-2015799,45855,846771,67742,0,-62,-2015799,-2862570,0,-2794828,0,0,0,0,-2015799,45855,846771,67742,0
532,0.5319,0.53190001,0.53190003,0.531901,0.531901,26595001,26595002,-1672479,-1714500,1,0,1,0,0,-62,-2018857,-2794828,0,-2732750,0,0,0,0,-2018857,42021,775971,62078,0,-62,-2018857,-2794828,0,-2732750,0,0,0,0,-2018857,42021,775971,62078,0
533,0.5329,0.53290001,0.53290003,0.532901,0.532901,26645001,26645002,-1724908,-1762731,1,0,1,0,0,-62,-2034300,-2732750,0,-2676874,0,0,0,0,-2034300,37823,698450,55876,0,-62,-2034300,-2732750,0,-2676874,0,0,0,0,-2034300,37823,698450,55876,0
534,0.5339,0.53390001,0.53390003,0.533901,0.533901,26695001,26695002,-1777336,-1816783,1,0,1,0,0,-59,-1948435,-2676874,0,-2618599,0,0,0,0,-1948435,39447,728439,58275,0,-59,-1948435,-2676874,0,-2618599,0,0,0,0,-1948435,39447,728439,58275,0
535,0.5349,0.53490001,0.53490003,0.534901,0.534901,26745001,26745002,-1829765,-1862305,1,0,1,0,0,-62,-2017706,-2618599,0,-2570528,0,0,0,0,-2017706,32540,600893,48071,0,-62,-2017706,-2618599,0,-2570528,0,0,0,0,-2017706,32540,600893,48071,0
536,0.5359,0.53590001,0.53590003,0.535901,0.535901,26795001,26795002,-1882194,-1910215,1,0,1,0,0,-63,-2053084,-2570528,0,-2529133,0,0,0,0,-2053084,28021,517444,41395,0,-63,-2053084,-2570528,0,-2529133,0,0,0,0,-2053084,28021,517444,41395,0
537,0.5369,0.53690001,0.53690003,0.536901,0.536901,26845001,26845002,-1934623,-1961917,1,0,1,0,0,-62,-2025114,-2529133,0,-2488812,0,0,0,0,-2025114,27294,504019,40321,0,-62,-2025114,-2529133,0,-2488812,0,0,0,0,-2025114,27294,504019,40321,0
538,0.5379,0.53790001,0.53790003,0.537901,0.537901,26895001,26895002,-1987052,-2011310,1,0,1,0,0,-62,-2040857,-2488812,0,-2452976,0,0,0,0,-2040857,24258,447955,35836,0,-62,-2040857,-2488812,0,-2452976,0,0,0,0,-2040857,24258,447955,35836,0
539,0.5389,0.53890001,0.53890003,0.538901,0.538901,26945001,26945002,-2039480,-2055247,1,0,1,0,0,-66,-2161818,-2452976,0,-2429683,0,0,0,0,-2161818,15767,291158,23293,0,-66,-2161818,-2452976,0,-2429683,0,0,0,0,-2161818,15767,291158,23293,0
540,0.5399,0.53990001,0.53990003,0.539901,0.539901,26995001,26995002,-2091909,-2109841,1,0,1,0,0,-64,-2098546,-2429683,0,-2403192,0,0,0,0,-2098546,17932,331137,26491,0,-64,-2098546,-2429683,0,-2403192,0,0,0,0,-2098546,17932,331137,26491,0
541,0.5409,0.54090001,0.54090003,0.540901,0.540901,27045001,27045002,-2144338,-2160376,1,0,1,0,0,-64,-2107030,-2403192,0,-2379499,0,0,0,0,-2107030,16038,296162,23693,0,-64,-2107030,-2403192,0,-2379499,0,0,0,0,-2107030,16038,296162,23693,0
542,0.5419,0.54190001,0.54190003,0.541901,0.541901,27095001,27095002,-2196767,-2211026,1,0,1,0,0,-65,-2116188,-2379499,0,-2358434,0,0,0,0,-2116188,14259,263311,21065,0,-65,-2116188,-2379499,0,-2358434,0,0,0,0,-2116188,14259,263311,21065,0
543,0.5429,0.54290001,0.54290003,0.542901,0.542901,27145001,27145002,-2249196,-2263227,1,0,1,0,0,-64,-2099334,-2358434,0,-2337706,0,0,0,0,-2099334,14031,259100,20728,0,-64,-2099334,-2358434,0,-2337706,0,0,0,0,-2099334,14031,259100,20728,0
544,0.5439,0.54390001,0.54390003,0.543901,0.543901,27195001,27195002,-2301624,-2312578,1,0,1,0,0,-65,-2135426,-2337706,0,-2321524,0,0,0,0,-2135426,10954,202280,16182,0,-65,-2135426,-2337706,0,-2321524,0,0,0,0,-2135426,10954,202280,16182,0
545,0.5449,0.54490001,0.54490003,0.544901,0.544901,27245001,27245002,-2354053,-2363763,1,0,1,0,0,-65,-2142216,-2321524,0,-2307179,0,0,0,0,-2142216,9710,179308,14345,0,-65,-2142216,-2321524,0,-2307179,0,0,0,0,-2142216,9710,179308,14345,0
546,0.5459,0.54590001,0.54590003,0.545901,0.545901,27295001,27295002,-2406482,-2413694,1,0,1,0,0,-66,-2174000,-2307179,0,-2296525,0,0,0,0,-2174000,7212,133179,10654,0,-66,-2174000,-2307179,0,-2296525,0,0,0,0,-2174000,7212,133179,10654,0
547,0.5469,0.54690001,0.54690003,0.546901,0.546901,27345001,27345002,-2458911,-2469528,1,0,1,0,0,-64,-2100469,-2296525,0,-2280840,0,0,0,0,-2100469,10617,196056,15685,0,-64,-2100469,-2296525,0,-2280840,0,0,0,0,-2100469,10617,196056,15685,0
548,0.5479,0.54790001,0.54790003,0.547901,0.547901,27395001,27395002,-2511340,-2519358,1,0,1,0,0,-65,-2132777,-2280840,0,-2268995,0,0,0,0,-2132777,8018,148063,11845,0,-65,-2132777,-2280840,0,-2268995,0,0,0,0,-2132777,8018,148063,11845,0
549,0.5489,0.54890001,0.54890003,0.548901,0.548901,27445001,27445002,-2563768,-2572099,1,0,1,0,0,-65,-2115152,-2268995,0,-2256688,0,0,0,0,-2115152,8331,153843,12307,0,-65,-2115152,-2268995,0,-2256688,0,0,0,0,-2115152,8331,153843,12307,0
550,0.5499,0.54990001,0.54990003,0.549901,0.549901,27495001,27495002,-2616197,-2621624,1,0,1,0,0,-66,-2156472,-2256688,0,-2248671,0,0,0,0,-2156472,5427,100216,8017,0,-66,-2156472,-2256688,0,-2248671,0,0,0,0,-2156472,5427,100216,8017,0
551,0.5509,0.55090001,0.55090003,0.550901,0.550901,27545001,27545002,-2668626,-2673418,1,0,1,0,0,-66,-2160181,-2248671,0,-2241592,0,0,0,0,-2160181,4792,88490,7079,0,-66,-2160181,-2248671,0,-2241592,0,0,0,0,-2160181,4792,88490,7079,0
552,0.5519,0.55190001,0.55190003,0.551901,0.551901,27595001,27595002,-2721055,-2724380,1,0,1,0,0,-67,-2180192,-2241592,0,-2236680,0,0,0,0,-2180192,3325,61400,4912,0,-67,-2180192,-2241592,0,-2236680,0,0,0,0,-2180192,3325,61400,4912,0
553,0.5529,0.55290001,0.55290003,0.552901,0.552901,27645001,27645002,-2773484,-2777637,1,0,1,0,0,-66,-2159990,-2236680,0,-2230545,0,0,0,0,-2159990,4153,76690,6135,0,-66,-2159990,-2236680,0,-2230545,0,0,0,0,-2159990,4153,76690,6135,0
554,0.5539,0.55390001,0.55390003,0.553901,0.553901,27695001,27695002,-2825912,-2824264,1,0,1,0,0,-69,-2260977,-2230545,0,-2232980,0,0,0,0,-2260977,-1648,-30432,-2435,0,-69,-2260977,-2230545,0,-2232980,0,0,0,0,-2260977,-1648,-30432,-2435,0
555,0.5549,0.55490001,0.55490003,0.554901,0.554901,27745001,27745002,-2878341,-2874723,1,0,1,0,0,-70,-2299791,-2232980,0,-2238325,0,0,0,0,-2299791,-3618,-66811,-5345,0,-70,-2299791,-2232980,0,-2238325,0,0,0,0,-2299791,-3618,-66811,-5345,0
556,0.5559,0.55590001,0.55590003,0.555901,0.555901,27795001,27795002,-2930770,-2920636,1,0,1,0,0,-74,-2425462,-2238325,0,-2253296,0,0,0,0,-2425462,-10134,-187137,-14971,0,-74,-2425462,-2238325,0,-2253296,0,0,0,0,-2425462,-10134,-187137,-14971,0
557,0.5569,0.55690001,0.55690003,0.556901,0.556901,27845001,27845002,-2983199,-2972691,1,0,1,0,0,-75,-2447340,-2253296,0,-2268819,0,0,0,0,-2447340,-10508,-194044,-15523,0,-75,-2447340,-2253296,0,-2268819,0,0,0,0,-2447340,-10508,-194044,-15523,0
558,0.5579,0.55790001,0.55790003,0.557901,0.557901,27895001,27895002,-3035628,-3027123,1,0,1,0,0,-74,-2425875,-2268819,0,-2281383,0,0,0,0,-2425875,-8505,-157056,-12564,0,-74,-2425875,-2268819,0,-2281383,0,0,0,0,-2425875,-8505,-157056,-12564,0
559,0.5589,0.55890001,0.55890003,0.558901,0.558901,27945001,27945002,-3088056,-3086699,1,0,1,0,0,-70,-2306442,-2281383,0,-2283388,0,0,0,0,-2306442,-1357,-25059,-2005,0,-70,-2306442,-2281383,0,-2283388,0,0,0,0,-2306442,-1357,-25059,-2005,0
560,0.5599,0.55990001,0.55990003,0.559901,0.559901,27995001,27995002,-3140485,-3142406,1,0,1,0,0,-69,-2247914,-2283388,0,-2280550,0,0,0,0,-2247914,1921,35474,2838,0,-69,-2247914,-2283388,0,-2280550,0,0,0,0,-2247914,1921,35474,2838,0
561,0.5609,0.56090001,0.56090003,0.560901,0.560901,28045001,28045002,-3192914,-3197253,1,0,1,0,0,-67,-2200425,-2280550,0,-2274140,0,0,0,0,-2200425,4339,80125,6410,0,-67,-2200425,-2280550,0,-2274140,0,0,0,0,-2200425,4339,80125,6410,0
562,0.5619,0.56190001,0.56190003,0.561901,0.561901,28095001,28095002,-3245343,-3248119,1,0,1,0,0,-68,-2222878,-2274140,0,-2270039,0,0,0,0,-2222878,2776,51262,4101,0,-68,-2222878,-2274140,0,-2270039,0,0,0,0,-2222878,2776,51262,4101,0
563,0.5629,0.56290001,0.56290003,0.562901,0.562901,28145001,28145002,-3297772,-3307589,1,0,1,0,0,-64,-2088756,-2270039,0,-2255536,0,0,0,0,-2088756,9817,181283,14503,0,-64,-2088756,-2270039,0,-2255536,0,0,0,0,-2088756,9817,181283,14503,0
564,0.5639,0.56390001,0.56390003,0.563901,0.563901,28195001,28195002,-3350200,-3357625,1,0,1,0,0,-65,-2118424,-2255536,0,-2244567,0,0,0,0,-2118424,7425,137112,10969,0,-65,-2118424,-2255536,0,-2244567,0,0,0,0,-2118424,7425,137112,10969,0
565,0.5649,0.56490001,0.56490003,0.564901,0.564901,28245001,28245002,-3402629,-3409424,1,0,1,0,0,-65,-2119089,-2244567,0,-2234529,0,0,0,0,-2119089,6795,125478,10038,0,-65,-2119089,-2244567,0,-2234529,0,0,0,0,-2119089,6795,125478,10038,0
566,0.5659,0.56590001,0.56590003,0.565901,0.565901,28295001,28295002,-3455058,-3461339,1,0,1,0,0,-65,-2118542,-2234529,0,-2225250,0,0,0,0,-2118542,6281,115987,9279,0,-65,-2118542,-2234529,0,-2225250,0,0,0,0,-2118542,6281,115987,9279,0
567,0.5669,0.56690001,0.56690003,0.566901,0.566901,28345001,28345002,-3507487,-3512675,1,0,1,0,0,-65,-2129447,-2225250,0,-2217586,0,0,0,0,-2129447,5188,95803,7664,0,-65,-2129447,-2225250,0,-2217586,0,0,0,0,-2129447,5188,95803,7664,0
568,0.5679,0.56790001,0.56790003,0.567901,0.567901,28395001,28395002,-3559916,-3563860,1,0,1,0,0,-65,-2144755,-2217586,0,-2211760,0,0,0,0,-2144755,3944,72831,5826,0,-65,-2144755,-2217586,0,-2211760,0,0,0,0,-2144755,3944,72831,5826,0
569,0.5689,0.56890001,0.56890003,0.568901,0.568901,28445001,28445002,-3612344,-3613526,1,0,1,0,0,-67,-2189933,-2211760,0,-2210014,0,0,0,0,-2189933,1182,21827,1746,0,-67,-2189933,-2211760,0,-2210014,0,0,0,0,-2189933,1182,21827,1746,0
570,0.5699,0.56990001,0.56990003,0.569901,0.569901,28495001,28495002,-3664773,-3665114,1,0,1,0,0,-67,-2203717,-2210014,0,-2209510,0,0,0,0,-2203717,341,6297,504,0,-67,-2203717,-2210014,0,-2209510,0,0,0,0,-2203717,341,6297,504,0
571,0.5709,0.57090001,0.57090003,0.570901,0.570901,28545001,28545002,-3717202,-3720874,1,0,1,0,0,-65,-2141702,-2209510,0,-2204085,0,0,0,0,-2141702,3672,67808,5425,0,-65,-2141702,-2209510,0,-2204085,0,0,0,0,-2141702,3672,67808,5425,0
572,0.5719,0.57190001,0.57190003,0.571901,0.571901,28595001,28595002,-3769631,-3775053,1,0,1,0,0,-64,-2103961,-2204085,0,-2196075,0,0,0,0,-2103961,5422,100124,8010,0,-64,-2103961,-2204085,0,-2196075,0,0,0,0,-2103961,5422,100124,8010,0
573,0.5729,0.57290001,0.57290003,0.572901,0.572901,28645001,28645002,-3822060,-3825000,1,0,1,0,0,-65,-2141784,-2196075,0,-2191732,0,0,0,0,-2141784,2940,54291,4343,0,-65,-2141784,-2196075,0,-2191732,0,0,0,0,-2141784,2940,54291,4343,0
574,0.5739,0.57390001,0.57390003,0.573901,0.573901,28695001,28695002,-3874488,-3876310,1,0,1,0,0,-66,-2158086,-2191732,0,-2189040,0,0,0,0,-2158086,1822,33646,2692,0,-66,-2158086,-2191732,0,-2189040,0,0,0,0,-2158086,1822,33646,2692,0
575,0.5749,0.57490001,0.57490003,0.574901,0.574901,28745001,28745002,-3926917,-3930605,1,0,1,0,0,-65,-2120936,-2189040,0,-2183592,0,0,0,0,-2120936,3688,68104,5448,0,-65,-2120936,-2189040,0,-2183592,0,0,0,0,-2120936,3688,68104,5448,0
576,0.5759,0.57590001,0.57590003,0.575901,0.575901,28795001,28795002,-3979346,-3981033,1,0,1,0,0,-66,-2152439,-2183592,0,-2181100,0,0,0,0,-2152439,1687,31153,2492,0,-66,-2152439,-2183592,0,-2181100,0,0,0,0,-2152439,1687,31153,2492,0
577,0.5769,0.57690001,0.57690003,0.576901,0.576901,28845001,28845002,-4031775,-4035365,1,0,1,0,0,-65,-2114806,-2181100,0,-2175796,0,0,0,0,-2114806,3590,66294,5304,0,-65,-2114806,-2181100,0,-2175796,0,0,0,0,-2114806,3590,66294,5304,0
578,0.5779,0.57790001,0.57790003,0.577901,0.577901,28895001,28895002,-4084204,-4086132,1,0,1,0,0,-65,-2140193,-2175796,0,-2172948,0,0,0,0,-2140193,1928,35603,2848,0,-65,-2140193,-2175796,0,-2172948,0,0,0,0,-2140193,1928,35603,2848,0
579,0.5789,0.57890001,0.57890003,0.578901,0.578901,28945001,28945002,-4136632,-4136944,1,0,1,0,0,-66,-2167187,-2172948,0,-2172487,0,0,0,0,-2167187,312,5761,461,0,-66,-2167187,-2172948,0,-2172487,0,0,0,0,-2167187,312,5761,461,0
580,0.5799,0.57990001,0.57990003,0.579901,0.579901,28995001,28995002,-4189061,-4188844,1,0,1,0,0,-66,-2176494,-2172487,0,-2172808,0,0,0,0,-2176494,-217,-4007,-321,0,-66,-2176494,-2172487,0,-2172808,0,0,0,0,-2176494,-217,-4007,-321,0
581,0.5809,0.58090001,0.58090003,0.580901,0.580901,29045001,29045002,-4241490,-4240087,1,0,1,0,0,-67,-2198716,-2172808,0,-2174881,0,0,0,0,-2198716,-1403,-25908,-2073,0,-67,-2198716,-2172808,0,-2174881,0,0,0,0,-2198716,-1403,-25908,-2073,0
582,0.5819,0.58190001,0.58190003,0.581901,0.581901,29095001,29095002,-4293919,-4292436,1,0,1,0,0,-67,-2202266,-2174881,0,-2177072,0,0,0,0,-2202266,-1483,-27385,-2191,0,-67,-2202266,-2174881,0,-2177072,0,0,0,0,-2202266,-1483,-27385,-2191,0
583,0.5829,0.58290001,0.58290003,0.582901,0.582901,29145001,29145002,-4346348,-4348232,1,0,1,0,0,-65,-2142282,-2177072,0,-2174289,0,0,0,0,-2142282,1884,34790,2783,0,-65,-2142282,-2177072,0,-2174289,0,0,0,0,-2142282,1884,34790,2783,0
584,0.5839,0.58390001,0.58390003,0.583901,0.583901,29195001,29195002,-4398776,-4394996,1,0,1,0,0,-68,-2244092,-2174289,0,-2179873,0,0,0,0,-2244092,-3780,-69803,-5584,0,-68,-2244092,-2174289,0,-2179873,0,0,0,0,-2244092,-3780,-69803,-5584,0
585,0.5849,0.58490001,0.58490003,0.584901,0.584901,29245001,29245002,-4451205,-4441499,1,0,1,0,0,-72,-2359107,-2179873,0,-2194212,0,0,0,0,-2359107,-9706,-179234,-14339,0,-72,-2359107,-2179873,0,-2194212,0,0,0,0,-2359107,-9706,-179234,-14339,0
586,0.5859,0.58590001,0.58590003,0.585901,0.585901,29295001,29295002,-4503634,-4487957,1,0,1,0,0,-76,-2483708,-2194212,0,-2217372,0,0,0,0,-2483708,-15677,-289496,-23160,0,-76,-2483708,-2194212,0,-2217372,0,0,0,0,-2483708,-15677,-289496,-23160,0
587,0.5869,0.58690001,0.58690003,0.586901,0.586901,29345001,29345002,-4556063,-4543011,1,0,1,0,0,-75,-2458394,-2217372,0,-2236654,0,0,0,0,-2458394,-13052,-241022,-19282,0,-75,-2458394,-2217372,0,-2236654,0,0,0,0,-2458394,-13052,-241022,-19282,0
588,0.5879,0.58790001,0.58790003,0.587901,0.587901,29395001,29395002,-4608492,-4600608,1,0,1,0,0,-73,-2382242,-2236654,0,-2248301,0,0,0,0,-2382242,-7884,-145588,-11647,0,-73,-2382242,-2236654,0,-2248301,0,0,0,0,-2382242,-7884,-145588,-11647,0
589,0.5889,0.58890001,0.58890003,0.588901,0.588901,29445001,29445002,-4660920,-4659496,1,0,1,0,0,-69,-2274597,-2248301,0,-2250405,0,0,0,0,-2274597,-1424,-26296,-2104,0,-69,-2274597,-2248301,0,-2250405,0,0,0,0,-2274597,-1424,-26296,-2104,0
590,0.5899,0.58990001,0.58990003,0.589901,0.589901,29495001,29495002,-4713349,-4715400,1,0,1,0,0,-68,-2212531,-2250405,0,-2247375,0,0,0,0,-2212531,2051,37874,3030,0,-68,-2212531,-2250405,0,-2247375,0,0,0,0,-2212531,2051,37874,3030,0
591,0.5909,0.59090001,0.59090003,0.590901,0.590901,29545001,29545002,-4765778,-4767778,1,0,1,0,0,-67,-2210442,-2247375,0,-2244420,0,0,0,0,-2210442,2000,36933,2955,0,-67,-2210442,-2247375,0,-2244420,0,0,0,0,-2210442,2000,36933,2955,0
592,0.5919,0.59190001,0.59190003,0.591901,0.591901,29595001,29595002,-4818207,-4820511,1,0,1,0,0,-67,-2201874,-2244420,0,-2241016,0,0,0,0,-2201874,2304,42546,3404,0,-67,-2201874,-2244420,0,-2241016,0,0,0,0,-2201874,2304,42546,3404,0
593,0.5929,0.59290001,0.59290003,0.592901,0.592901,29645001,29645002,-4870636,-4877340,1,0,1,0,0,-65,-2117218,-2241016,0,-2231112,0,0,0,0,-2117218,6704,123798,9904,0,-65,-2117218,-2241016,0,-2231112,0,0,0,0,-2117218,6704,123798,9904,0
594,0.5939,0.59390001,0.59390003,0.593901,0.593901,29695001,29695002,-4923064,-4930693,1,0,1,0,0,-64,-2090233,-2231112,0,-2219842,0,0,0,0,-2090233,7629,140879,11270,0,-64,-2090233,-2231112,0,-2219842,0,0,0,0,-2090233,7629,140879,11270,0
595,0.5949,0.59490001,0.59490003,0.594901,0.594901,29745001,29745002,-4975493,-4980014,1,0,1,0,0,-65,-2136356,-2219842,0,-2213163,0,0,0,0,-2136356,4521,83486,6679,0,-65,-2136356,-2219842,0,-2213163,0,0,0,0,-2136356,4521,83486,6679,0
596,0.5959,0.59590001,0.59590003,0.595901,0.595901,29795001,29795002,-5027922,-5033770,1,0,1,0,0,-64,-2105172,-2213163,0,-2204524,0,0,0,0,-2105172,5848,107991,8639,0,-64,-2105172,-2213163,0,-2204524,0,0,0,0,-2105172,5848,107991,8639,0
597,0.5969,0.59690001,0.59690003,0.596901,0.596901,29845001,29845002,-5080351,-5084595,1,0,1,0,0,-65,-2126153,-2204524,0,-2198254,0,0,0,0,-2126153,4244,78371,6270,0,-65,-2126153,-2204524,0,-2198254,0,0,0,0,-2126153,4244,78371,6270,0
598,0.5979,0.59790001,0.59790003,0.597901,0.597901,29895001,29895002,-5132780,-5135518,1,0,1,0,0,-66,-2147693,-2198254,0,-2194209,0,0,0,0,-2147693,2738,50561,4045,0,-66,-2147693,-2198254,0,-2194209,0,0,0,0,-2147693,2738,50561,4045,0
599,0.5989,0.59890001,0.59890003,0.598901,0.598901,29945001,29945002,-5185208,-5186004,1,0,1,0,0,-67,-2179510,-2194209,0,-2193033,0,0,0,0,-2179510,796,14699,1176,0,-67,-2179510,-2194209,0,-2193033,0,0,0,0,-2179510,796,14699,1176,0
600,0.5999,0.59990001,0.59990003,0.599901,0.599901,29995001,29995002,-5237637,-5236387,1,0,1,0,0,-68,-2216116,-2193033,0,-2194880,0,0,0,0,-2216116,-1250,-23083,-1847,0,-68,-2216116,-2193033,0,-2194880,0,0,0,0,-2216116,-1250,-23083,-1847,0
601,0.6009,0.60090001,0.60090003,0.600901,0.600901,30045001,30045002,-5242880,-5292688,1,0,1,0,0,-39,-1275112,-2194880,0,-2121299,0,0,0,0,-1275112,49808,919768,73581,0,-39,-1275112,-2194880,0,-2121299,0,0,0,0,-1275112,49808,919768,73581,0
602,0.6019,0.60190001,0.60190003,0.601901,0.601901,30095001,30095002,-5242880,-5328166,1,0,1,0,0,-17,-546384,-2121299,0,-1995306,0,0,0,0,-546384,85286,1574915,125993,0,-17,-546384,-2121299,0,-1995306,0,0,0,0,-546384,85286,1574915,125993,0
603,0.6029,0.60290001,0.60290003,0.602901,0.602901,30145001,30145002,-5242880,-5347854,1,0,1,0,0,-2,-56827,-1995306,0,-1840228,0,0,0,0,-56827,104974,1938479,155078,0,-2,-56827,-1995306,0,-1840228,0,0,0,0,-56827,104974,1938479,155078,0
604,0.6039,0.60390001,0.60390003,0.603901,0.603901,30195001,30195002,-5242880,-5356211,1,0,1,0,0,8,252574,-1840228,0,-1672804,0,0,0,0,252574,113331,2092802,167424,0,8,252574,-1840228,0,-1672804,0,0,0,0,252574,113331,2092802,167424,0
605,0.6049,0.60490001,0.60490003,0.604901,0.604901,30245001,30245002,-5242880,-5364445,1,0,1,0,0,17,572049,-1672804,0,-1493216,0,0,0,0,572049,121565,2244853,179588,0,17,572049,-1672804,0,-1493216,0,0,0,0,572049,121565,2244853,179588,0
606,0.6059,0.60590001,0.60590003,0.605901,0.605901,30295001,30295002,-5242880,-5372357,1,0,1,0,0,27,897742,-1493216,0,-1301939,0,0,0,0,897742,129477,2390958,191277,0,27,897742,-1493216,0,-1301939,0,0,0,0,897742,129477,2390958,191277,0
607,0.6069,0.60690001,0.60690003,0.606901,0.606901,30345001,30345002,-5242880,-5379702,1,0,1,0,0,37,1224654,-1301939,0,-1099812,0,0,0,0,1224654,136822,2526593,202127,0,37,1224654,-1301939,0,-1099812,0,0,0,0,1224654,136822,2526593,202127,0
608,0.6079,0.60790001,0.60790003,0.607901,0.607901,30395001,30395002,-5242880,-5386539,1,0,1,0,0,47,1553035,-1099812,0,-887584,0,0,0,0,1553035,143659,2652847,212228,0,47,1553035,-1099812,0,-887584,0,0,0,0,1553035,143659,2652847,212228,0
609,0.6089,0.60890001,0.60890003,0.608901,0.608901,30445001,30445002,-5242880,-5392943,1,0,1,0,0,57,1883521,-887584,0,-665896,0,0,0,0,1883521,150063,2771105,221688,0,57,1883521,-887584,0,-665896,0,0,0,0,1883521,150063,2771105,221688,0
610,0.6099,0.60990001,0.60990003,0.609901,0.609901,30495001,30495002,-5242880,-5398944,1,0,1,0,0,68,2216025,-665896,0,-435342,0,0,0,0,2216025,156064,2881921,230554,0,68,2216025,-665896,0,-435342,0,0,0,0,2216025,156064,2881921,230554,0
611,0.6109,0.61090001,0.61090003,0.610901,0.610901,30545001,30545002,-5242880,-5404359,1,0,1,0,0,78,2546574,-435342,0,-196789,0,0,0,0,2546574,161479,2981916,238553,0,78,2546574,-435342,0,-196789,0,0,0,0,2546574,161479,2981916,238553,0
612,0.6119,0.61190001,0.61190003,0.611901,0.611901,30595001,30595002,-5242880,-5408568,1,0,1,0,0,87,2862852,-196789,0,47982,0,0,0,0,2862852,165688,3059641,244771,0,87,2862852,-196789,0,47982,0,0,0,0,2862852,165688,3059641,244771,0
613,0.6129,0.61290001,0.61290003,0.612901,0.612901,30645001,30645002,-5242880,-5412487,1,0,1,0,0,97,3179992,47982,0,298543,0,0,0,0,3179992,169607,3132010,250561,0,97,3179992,47982,0,298543,0,0,0,0,3179992,169607,3132010,250561,0
614,0.6139,0.61390001,0.61390003,0.613901,0.613901,30695001,30695002,-5242880,-5416294,1,0,1,0,0,107,3500854,298543,0,554728,0,0,0,0,3500854,173414,3202311,256185,0,107,3500854,298543,0,554728,0,0,0,0,3500854,173414,3202311,256185,0
615,0.6149,0.61490001,0.61490003,0.614901,0.614901,30745001,30745002,-5242880,-5419647,1,0,1,0,0,117,3818957,554728,0,815866,0,0,0,0,3818957,176767,3264229,261138,0,117,3818957,554728,0,815866,0,0,0,0,3818957,176767,3264229,261138,0
616,0.6159,0.61590001,0.61590003,0.615901,0.615901,30795001,30795002,-5242880,-5422667,1,0,1,0,0,126,4135863,815866,0,1081466,0,0,0,0,4135863,179787,3319997,265600,0,126,4135863,815866,0,1081466,0,0,0,0,4135863,179787,3319997,265600,0
617,0.6169,0.61690001,0.61690003,0.616901,0.616901,30845001,30845002,-5242880,-5425299,1,0,1,0,0,136,4450066,1081466,0,1350954,0,0,0,0,4450066,182419,3368600,269488,0,136,4450066,1081466,0,1350954,0,0,0,0,4450066,182419,3368600,269488,0
618,0.6179,0.61790001,0.61790003,0.617901,0.617901,30895001,30895002,-5242880,-5427463,1,0,1,0,0,145,4759515,1350954,0,1623639,0,0,0,0,4759515,184583,3408561,272685,0,145,4759515,1350954,0,1623639,0,0,0,0,4759515,184583,3408561,272685,0
619,0.6189,0.61890001,0.61890003,0.618901,0.618901,30945001,30945002,-5242880,-5428618,1,0,1,0,0,154,5053529,1623639,0,1898030,0,0,0,0,5053529,185738,3429890,274391,0,154,5053529,1623639,0,1898030,0,0,0,0,5053529,185738,3429890,274391,0
620,0.6199,0.61990001,0.61990003,0.619901,0.619901,30995001,30995002,-5242880,-5428968,1,0,1,0,0,163,5334383,1898030,0,2172938,0,0,0,0,5334383,186088,3436353,274908,0,163,5334383,1898030,0,2172938,0,0,0,0,5334383,186088,3436353,274908,0
621,0.6209,0.62090001,0.62090003,0.620901,0.620901,31045001,31045002,-5242880,-5429111,1,0,1,0,0,171,5611931,2172938,0,2448058,0,0,0,0,5611931,186231,3438993,275120,0,171,5611931,2172938,0,2448058,0,0,0,0,5611931,186231,3438993,275120,0
622,0.6219,0.62190001,0.62190003,0.621901,0.621901,31095001,31095002,-5242880,-5428871,1,0,1,0,0,180,5882620,2448058,0,2722823,0,0,0,0,5882620,185991,3434562,274765,0,180,5882620,2448058,0,2722823,0,0,0,0,5882620,185991,3434562,274765,0
623,0.6229,0.62290001,0.62290003,0.622901,0.622901,31145001,31145002,-5242880,-5427330,1,0,1,0,0,187,6128928,2722823,0,2995311,0,0,0,0,6128928,184450,3406105,272488,0,187,6128928,2722823,0,2995311,0,0,0,0,6128928,184450,3406105,272488,0
624,0.6239,0.62390001,0.62390003,0.623901,0.623901,31195001,31195002,-5242880,-5425161,1,0,1,0,0,194,6361363,2995311,0,3264595,0,0,0,0,6361363,182281,3366052,269284,0,194,6361363,2995311,0,3264595,0,0,0,0,6361363,182281,3366052,269284,0
625,0.6249,0.62490001,0.62490003,0.624901,0.624901,31245001,31245002,-5242880,-5422514,1,0,1,0,0,201,6581766,3264595,0,3529969,0,0,0,0,6581766,179634,3317171,265374,0,201,6581766,3264595,0,3529969,0,0,0,0,6581766,179634,3317171,265374,0
626,0.6259,0.62590001,0.62590003,0.625901,0.625901,31295001,31295002,-5242880,-5418929,1,0,1,0,0,207,6780939,3529969,0,3790047,0,0,0,0,6780939,176049,3250970,260078,0,207,6780939,3529969,0,3790047,0,0,0,0,6780939,176049,3250970,260078,0
627,0.6269,0.62690001,0.62690003,0.626901,0.626901,31345001,31345002,-5242880,-5414686,1,0,1,0,0,212,6962664,3790047,0,4043856,0,0,0,0,6962664,171806,3172617,253809,0,212,6962664,3790047,0,4043856,0,0,0,0,6962664,171806,3172617,253809,0
628,0.6279,0.62790001,0.62790003,0.627901,0.627901,31395001,31395002,-5242880,-5409287,1,0,1,0,0,217,7116774,4043856,0,4289689,0,0,0,0,7116774,166407,3072918,245833,0,217,7116774,4043856,0,4289689,0,0,0,0,7116774,166407,3072918,245833,0
629,0.6289,0.62890001,0.62890003,0.628901,0.628901,31445001,31445002,-5242880,-5378740,1,0,1,0,0,207,6798518,4289689,0,4490395,0,0,0,0,6798518,135860,2508829,200706,0,207,6798518,4289689,0,4490395,0,0,0,0,6798518,135860,2508829,200706,0
630,0.6299,0.62990001,0.62990003,0.629901,0.629901,31495001,31495002,-5242880,-5254406,1,0,1,0,0,144,4703237,4490395,0,4507422,0,0,0,0,4703237,11526,212842,17027,0,144,4703237,4490395,0,4507422,0,0,0,0,4703237,11526,212842,17027,0
631,0.6309,0.63090001,0.63090003,0.630901,0.630901,31545001,31545002,-5242880,-5144825,1,0,1,0,0,82,2696711,4507422,0,4362565,0,0,0,0,2696711,-98055,-1810711,-144857,0,82,2696711,4507422,0,4362565,0,0,0,0,2696711,-98055,-1810711,-144857,0
632,0.6319,0.63190001,0.63190003,0.631901,0.631901,31595001,31595002,-5242880,-5056612,1,0,1,0,0,28,922888,4362565,0,4087391,0,0,0,0,922888,-186268,-3439677,-275174,0,28,922888,4362565,0,4087391,0,0,0,0,922888,-186268,-3439677,-275174,0
633,0.6329,0.63290001,0.63290003,0.632901,0.632901,31645001,31645002,-5242880,-5028373,1,0,1,0,0,4,126245,4087391,0,3770499,0,0,0,0,126245,-214507,-3961146,-316892,0,4,126245,4087391,0,3770499,0,0,0,0,126245,-214507,-3961146,-316892,0
634,0.6339,0.63390001,0.63390003,0.633901,0.633901,31695001,31695002,-5242880,-5017744,1,0,1,0,0,-12,-386925,3770499,0,3437905,0,0,0,0,-386925,-225136,-4157424,-332594,0,-12,-386925,3770499,0,3437905,0,0,0,0,-386925,-225136,-4157424,-332594,0
635,0.6349,0.63490001,0.63490003,0.634901,0.634901,31745001,31745002,-5242880,-5011532,1,0,1,0,0,-25,-834232,3437905,0,3096134,0,0,0,0,-834232,-231348,-4272137,-341771,0,-25,-834232,3437905,0,3096134,0,0,0,0,-834232,-231348,-4272137,-341771,0
636,0.6359,0.63590001,0.63590003,0.635901,0.635901,31795001,31795002,-5242880,-5005466,1,0,1,0,0,-39,-1288019,3096134,0,2745402,0,0,0,0,-1288019,-237414,-4384153,-350732,0,-39,-1288019,3096134,0,2745402,0,0,0,0,-1288019,-237414,-4384153,-350732,0
637,0.6369,0.63690001,0.63690003,0.636901,0.636901,31845001,31845002,-5242880,-4999775,1,0,1,0,0,-53,-1743843,2745402,0,2386262,0,0,0,0,-1743843,-243105,-4489245,-359140,0,-53,-1743843,2745402,0,2386262,0,0,0,0,-1743843,-243105,-4489245,-359140,0
638,0.6379,0.63790001,0.63790003,0.637901,0.637901,31895001,31895002,-5242880,-4994655,1,0,1,0,0,-67,-2197530,2386262,0,2019559,0,0,0,0,-2197530,-248225,-4583792,-366703,0,-67,-2197530,2386262,0,2019559,0,0,0,0,-2197530,-248225,-4583792,-366703,0
639,0.6389,0.63890001,0.63890003,0.638901,0.638901,31945001,31945002,-5242880,-4989971,1,0,1,0,0,-81,-2650729,2019559,0,1645936,0,0,0,0,-2650729,-252909,-4670288,-373623,0,-81,-2650729,2019559,0,1645936,0,0,0,0,-2650729,-252909,-4670288,-373623,0
640,0.6399,0.63990001,0.63990003,0.639901,0.639901,31995001,31995002,-5242880,-4985508,1,0,1,0,0,-95,-3106767,1645936,0,1265720,0,0,0,0,-3106767,-257372,-4752703,-380216,0,-95,-3106767,1645936,0,1265720,0,0,0,0,-3106767,-257372,-4752703,-380216,0
641,0.6409,0.64090001,0.64090003,0.640901,0.640901,32045001,32045002,-5242880,-4981444,1,0,1,0,0,-109,-3562030,1265720,0,879500,0,0,0,0,-3562030,-261436,-4827750,-386220,0,-109,-3562030,1265720,0,879500,0,0,0,0,-3562030,-261436,-4827750,-386220,0
642,0.6419,0.64190001,0.64190003,0.641901,0.641901,32095001,32095002,-5242880,-4977819,1,0,1,0,0,-123,-4015190,879500,0,487925,0,0,0,0,-4015190,-265061,-4894690,-391575,0,-123,-4015190,879500,0,487925,0,0,0,0,-4015190,-265061,-4894690,-391575,0
643,0.6429,0.64290001,0.64290003,0.642901,0.642901,32145001,32145002,-5242880,-4974686,1,0,1,0,0,-136,-4464620,487925,0,91721,0,0,0,0,-4464620,-268194,-4952545,-396204,0,-136,-4464620,487925,0,91721,0,0,0,0,-4464620,-268194,-4952545,-396204,0
644,0.6439,0.64390001,0.64390003,0.643901,0.643901,32195001,32195002,-5242880,-4972121,1,0,1,0,0,-150,-4908190,91721,0,-308272,0,0,0,0,-4908190,-270759,-4999911,-399993,0,-150,-4908190,91721,0,-308272,0,0,0,0,-4908190,-270759,-4999911,-399993,0
645,0.6449,0.64490001,0.64490003,0.644901,0.644901,32245001,32245002,-5242880,-4970104,1,0,1,0,0,-163,-5345429,-308272,0,-711245,0,0,0,0,-5345429,-272776,-5037157,-402973,0,-163,-5345429,-308272,0,-711245,0,0,0,0,-5345429,-272776,-5037157,-402973,0
646,0.6459,0.64590001,0.64590003,0.645901,0.645901,32295001,32295002,-5242880,-4968520,1,0,1,0,0,-176,-5777653,-711245,0,-1116558,0,0,0,0,-5777653,-274360,-5066408,-405313,0,-176,-5777653,-711245,0,-1116558,0,0,0,0,-5777653,-274360,-5066408,-405313,0
647,0.6469,0.64690001,0.64690003,0.646901,0.646901,32345001,32345002,-5242880,-4968007,1,0,1,0,0,-189,-6192439,-1116558,0,-1522629,0,0,0,0,-6192439,-274873,-5075881,-406071,0,-189,-6192439,-1116558,0,-1522629,0,0,0,0,-6192439,-274873,-5075881,-406071,0
648,0.6479,0.64790001,0.64790003,0.647901,0.647901,32395001,32395002,-5242880,-4968127,1,0,1,0,0,-201,-6596294,-1522629,0,-1928522,0,0,0,0,-6596294,-274753,-5073665,-405893,0,-201,-6596294,-1522629,0,-1928522,0,0,0,0,-6596294,-274753,-5073665,-405893,0
649,0.6489,0.64890001,0.64890003,0.648901,0.648901,32445001,32445002,-5242880,-4968773,1,0,1,0,0,-213,-6990258,-1928522,0,-2333461,0,0,0,0,-6990258,-274107,-5061736,-404939,0,-213,-6990258,-1928522,0,-2333461,0,0,0,0,-6990258,-274107,-5061736,-404939,0
650,0.6499,0.64990001,0.64990003,0.649901,0.649901,32495001,32495002,-5242880,-4970677,1,0,1,0,0,-225,-7360037,-2333461,0,-2735587,0,0,0,0,-7360037,-272203,-5026576,-402126,0,-225,-7360037,-2333461,0,-2735587,0,0,0,0,-7360037,-272203,-5026576,-402126,0
651,0.6509,0.65090001,0.65090003,0.650901,0.650901,32545001,32545002,-5242880,-4973192,1,0,1,0,0,-235,-7715721,-2735587,0,-3133998,0,0,0,0,-7715721,-269688,-4980134,-398411,0,-235,-7715721,-2735587,0,-3133998,0,0,0,0,-7715721,-269688,-4980134,-398411,0
652,0.6519,0.65190001,0.65190003,0.651901,0.651901,32595001,32595002,-5242880,-4976612,1,0,1,0,0,-246,-8050977,-3133998,0,-3527356,0,0,0,0,-8050977,-266268,-4916979,-393358,0,-246,-8050977,-3133998,0,-3527356,0,0,0,0,-8050977,-266268,-4916979,-393358,0
653,0.6529,0.65290001,0.65290003,0.652901,0.652901,32645001,32645002,-5242880,-4980763,1,0,1,0,0,-255,-8367681,-3527356,0,-3914582,0,0,0,0,-8367681,-262117,-4840325,-387226,0,-255,-8367681,-3527356,0,-3914582,0,0,0,0,-8367681,-262117,-4840325,-387226,0
654,0.6539,0.65390001,0.65390003,0.653901,0.653901,32695001,32695002,-5242880,-4986592,1,0,1,0,0,-264,-8647267,-3914582,0,-4293197,0,0,0,0,-8647267,-256288,-4732685,-378615,0,-264,-8647267,-3914582,0,-4293197,0,0,0,0,-8647267,-256288,-4732685,-378615,0
655,0.6549,0.65490001,0.65490003,0.654901,0.654901,32745001,32745002,-5242880,-5041175,1,0,1,0,0,-245,-8017938,-4293197,0,-4591176,0,0,0,0,-8017938,-201705,-3724741,-297979,0,-245,-8017938,-4293197,0,-4591176,0,0,0,0,-8017938,-201705,-3724741,-297979,0
656,0.6559,0.65590001,0.65590003,0.655901,0.655901,32795001,32795002,-5242880,-5192593,1,0,1,0,0,-168,-5519790,-4591176,0,-4665465,0,0,0,0,-5519790,-50287,-928614,-74289,0,-168,-5519790,-4591176,0,-4665465,0,0,0,0,-5519790,-50287,-928614,-74289,0
657,0.6569,0.65690001,0.65690003,0.656901,0.656901,32845001,32845002,-5242880,-5324865,1,0,1,0,0,-96,-3151507,-4665465,0,-4544348,0,0,0,0,-3151507,81985,1513958,121117,0,-96,-3151507,-4665465,0,-4544348,0,0,0,0,-3151507,81985,1513958,121117,0
658,0.6579,0.65790001,0.65790003,0.657901,0.657901,32895001,32895002,-5242880,-5415559,1,0,1,0,0,-41,-1355610,-4544348,0,-4289249,0,0,0,0,-1355610,172679,3188738,255099,0,-41,-1355610,-4544348,0,-4289249,0,0,0,0,-1355610,172679,3188738,255099,0
659,0.6589,0.65890001,0.65890003,0.658901,0.658901,32945001,32945002,-5242880,-5455299,1,0,1,0,0,-11,-366661,-4289249,0,-3975442,0,0,0,0,-366661,212419,3922588,313807,0,-11,-366661,-4289249,0,-3975442,0,0,0,0,-366661,212419,3922588,313807,0
660,0.6599,0.65990001,0.65990003,0.659901,0.659901,32995001,32995002,-5242880,-5466671,1,0,1,0,0,5,157145,-3975442,0,-3644835,0,0,0,0,157145,223791,4132587,330607,0,5,157145,-3975442,0,-3644835,0,0,0,0,157145,223791,4132587,330607,0
661,0.6609,0.66090001,0.66090003,0.660901,0.660901,33045001,33045002,-5242880,-5474141,1,0,1,0,0,19,625695,-3644835,0,-3303193,0,0,0,0,625695,231261,4270530,341642,0,19,625695,-3644835,0,-3303193,0,0,0,0,625695,231261,4270530,341642,0
662,0.6619,0.66190001,0.66190003,0.661901,0.661901,33095001,33095002,-5242880,-5481580,1,0,1,0,0,34,1104708,-3303193,0,-2950561,0,0,0,0,1104708,238700,4407901,352632,0,34,1104708,-3303193,0,-2950561,0,0,0,0,1104708,238700,4407901,352632,0
663,0.6629,0.66290001,0.66290003,0.662901,0.662901,33145001,33145002,-5242880,-5488411,1,0,1,0,0,48,1583483,-2950561,0,-2587837,0,0,0,0,1583483,245531,4534044,362724,0,48,1583483,-2950561,0,-2587837,0,0,0,0,1583483,245531,4534044,362724,0
664,0.6639,0.66390001,0.66390003,0.663901,0.663901,33195001,33195002,-5242880,-5494672,1,0,1,0,0,63,2061824,-2587837,0,-2215864,0,0,0,0,2061824,251792,4649661,371973,0,63,2061824,-2587837,0,-2215864,0,0,0,0,2061824,251792,4649661,371973,0
665,0.6649,0.66490001,0.66490003,0.664901,0.664901,33245001,33245002,-5242880,-5500298,1,0,1,0,0,77,2537688,-2215864,0,-1835580,0,0,0,0,2537688,257418,4753552,380284,0,77,2537688,-2215864,0,-1835580,0,0,0,0,2537688,257418,4753552,380284,0
666,0.6659,0.66590001,0.66590003,0.665901,0.665901,33295001,33295002,-5242880,-5505123,1,0,1,0,0,92,3007072,-1835580,0,-1448168,0,0,0,0,3007072,262243,4842652,387412,0,92,3007072,-1835580,0,-1448168,0,0,0,0,3007072,262243,4842652,387412,0
667,0.6669,0.66690001,0.66690003,0.666901,0.666901,33345001,33345002,-5242880,-5509353,1,0,1,0,0,106,3472597,-1448168,0,-1054507,0,0,0,0,3472597,266473,4920765,393661,0,106,3472597,-1448168,0,-1054507,0,0,0,0,3472597,266473,4920765,393661,0
668,0.6679,0.66790001,0.66790003,0.667901,0.667901,33395001,33395002,-5242880,-5513275,1,0,1,0,0,120,3938682,-1054507,0,-655052,0,0,0,0,3938682,270395,4993189,399455,0,120,3938682,-1054507,0,-655052,0,0,0,0,3938682,270395,4993189,399455,0
669,0.6689,0.66890001,0.66890003,0.668901,0.668901,33445001,33445002,-5242880,-5516820,1,0,1,0,0,134,4403600,-655052,0,-250360,0,0,0,0,4403600,273940,5058652,404692,0,134,4403600,-655052,0,-250360,0,0,0,0,4403600,273940,5058652,404692,0
670,0.6699,0.66990001,0.66990003,0.669901,0.669901,33495001,33495002,-5242880,-5519955,1,0,1,0,0,149,4866184,-250360,0,158964,0,0,0,0,4866184,277075,5116544,409324,0,149,4866184,-250360,0,158964,0,0,0,0,4866184,277075,5116544,409324,0
671,0.6709,0.67090001,0.67090003,0.670901,0.670901,33545001,33545002,-5242880,-5522453,1,0,1,0,0,162,5321637,158964,0,571978,0,0,0,0,5321637,279573,5162673,413014,0,162,5321637,158964,0,571978,0,0,0,0,5321637,279573,5162673,413014,0
672,0.6719,0.67190001,0.67190003,0.671901,0.671901,33595001,33595002,-5242880,-5524471,1,0,1,0,0,176,5771916,571978,0,987973,0,0,0,0,5771916,281591,5199938,415995,0,176,5771916,571978,0,987973,0,0,0,0,5771916,281591,5199938,415995,0
673,0.6729,0.67290001,0.67290003,0.672901,0.672901,33645001,33645002,-5242880,-5525630,1,0,1,0,0,189,6209313,987973,0,1405680,0,0,0,0,6209313,282750,5221340,417707,0,189,6209313,987973,0,1405680,0,0,0,0,6209313,282750,5221340,417707,0
674,0.6739,0.67390001,0.67390003,0.673901,0.673901,33695001,33695002,-5242880,-5525834,1,0,1,0,0,202,6630787,1405680,0,1823689,0,0,0,0,6630787,282954,5225107,418009,0,202,6630787,1405680,0,1823689,0,0,0,0,6630787,282954,5225107,418009,0
675,0.6749,0.67490001,0.67490003,0.674901,0.674901,33745001,33745002,-5242880,-5525651,1,0,1,0,0,215,7045417,1823689,0,2241427,0,0,0,0,7045417,282771,5221728,417738,0,215,7045417,1823689,0,2241427,0,0,0,0,7045417,282771,5221728,417738,0
676,0.6759,0.67590001,0.67590003,0.675901,0.675901,33795001,33795002,-5242880,-5524237,1,0,1,0,0,227,7437044,2241427,0,2657076,0,0,0,0,7437044,281357,5195617,415649,0,227,7437044,2241427,0,2657076,0,0,0,0,7437044,281357,5195617,415649,0
677,0.6769,0.67690001,0.67690003,0.676901,0.676901,33845001,33845002,-5242880,-5522112,1,0,1,0,0,238,7813452,2657076,0,3069586,0,0,0,0,7813452,279232,5156376,412510,0,238,7813452,2657076,0,3069586,0,0,0,0,7813452,279232,5156376,412510,0
678,0.6779,0.67790001,0.67790003,0.677901,0.677901,33895001,33895002,-5242880,-5519159,1,0,1,0,0,249,8171431,3069586,0,3477734,0,0,0,0,8171431,276279,5101845,408148,0,249,8171431,3069586,0,3477734,0,0,0,0,8171431,276279,5101845,408148,0
679,0.6789,0.67890001,0.67890003,0.678901,0.678901,33945001,33945002,-5242880,-5515200,1,0,1,0,0,260,8506471,3477734,0,3880033,0,0,0,0,8506471,272320,5028737,402299,0,260,8506471,3477734,0,3880033,0,0,0,0,8506471,272320,5028737,402299,0
680,0.6799,0.67990001,0.67990003,0.679901,0.679901,33995001,33995002,-5242880,-5510265,1,0,1,0,0,269,8817639,3880033,0,4275042,0,0,0,0,8817639,267385,4937606,395009,0,269,8817639,3880033,0,4275042,0,0,0,0,8817639,267385,4937606,395009,0
681,0.6809,0.68090001,0.68090003,0.680901,0.680901,34045001,34045002,-5242880,-5477936,1,0,1,0,0,263,8615651,4275042,0,4622291,0,0,0,0,8615651,235056,4340609,347249,0,263,8615651,4275042,0,4622291,0,0,0,0,8615651,235056,4340609,347249,0
682,0.6819,0.68190001,0.68190003,0.681901,0.681901,34095001,34095002,-5242880,-5324922,1,0,1,0,0,187,6137301,4622291,0,4743492,0,0,0,0,6137301,82042,1515010,121201,0,187,6137301,4622291,0,4743492,0,0,0,0,6137301,82042,1515010,121201,0
683,0.6829,0.68290001,0.68290003,0.682901,0.682901,34145001,34145002,-5242880,-5181503,1,0,1,0,0,110,3610087,4743492,0,4652820,0,0,0,0,3610087,-61377,-1133405,-90672,0,110,3610087,4743492,0,4652820,0,0,0,0,3610087,-61377,-1133405,-90672,0
684,0.6839,0.68390001,0.68390003,0.683901,0.683901,34195001,34195002,-5242880,-5082083,1,0,1,0,0,51,1683498,4652820,0,4415274,0,0,0,0,1683498,-160797,-2969322,-237546,0,51,1683498,4652820,0,4415274,0,0,0,0,1683498,-160797,-2969322,-237546,0
685,0.6849,0.68490001,0.68490003,0.684901,0.684901,34245001,34245002,-5242880,-5030065,1,0,1,0,0,15,485373,4415274,0,4100882,0,0,0,0,485373,-212815,-3929901,-314392,0,15,485373,4415274,0,4100882,0,0,0,0,485373,-212815,-3929901,-314392,0
686,0.6859,0.68590001,0.68590003,0.685901,0.685901,34295001,34295002,-5242880,-5010003,1,0,1,0,0,-6,-199489,4100882,0,3756852,0,0,0,0,-199489,-232877,-4300371,-344030,0,-6,-199489,4100882,0,3756852,0,0,0,0,-199489,-232877,-4300371,-344030,0
687,0.6869,0.68690001,0.68690003,0.686901,0.686901,34345001,34345002,-5242880,-5002939,1,0,1,0,0,-21,-673965,3756852,0,3402387,0,0,0,0,-673965,-239941,-4430817,-354465,0,-21,-673965,3756852,0,3402387,0,0,0,0,-673965,-239941,-4430817,-354465,0
688,0.6879,0.68790001,0.68790003,0.687901,0.687901,34395001,34395002,-5242880,-4996820,1,0,1,0,0,-35,-1141425,3402387,0,3038882,0,0,0,0,-1141425,-246060,-4543812,-363505,0,-35,-1141425,3402387,0,3038882,0,0,0,0,-1141425,-246060,-4543812,-363505,0
689,0.6889,0.68890001,0.68890003,0.688901,0.688901,34445001,34445002,-5242880,-4991202,1,0,1,0,0,-49,-1608674,3038882,0,2667077,0,0,0,0,-1608674,-251678,-4647556,-371805,0,-49,-1608674,3038882,0,2667077,0,0,0,0,-1608674,-251678,-4647556,-371805,0
690,0.6899,0.68990001,0.68990003,0.689901,0.689901,34495001,34495002,-5242880,-4985948,1,0,1,0,0,-63,-2077501,2667077,0,2287511,0,0,0,0,-2077501,-256932,-4744578,-379566,0,-63,-2077501,2667077,0,2287511,0,0,0,0,-2077501,-256932,-4744578,-379566,0
691,0.6909,0.69090001,0.69090003,0.690901,0.690901,34545001,34545002,-5242880,-4981058,1,0,1,0,0,-78,-2547367,2287511,0,1900721,0,0,0,0,-2547367,-261822,-4834878,-386790,0,-78,-2547367,2287511,0,1900721,0,0,0,0,-2547367,-261822,-4834878,-386790,0
692,0.6919,0.69190001,0.69190003,0.691901,0.691901,34595001,34595002,-5242880,-4976409,1,0,1,0,0,-92,-3020007,1900721,0,1507063,0,0,0,0,-3020007,-266471,-4920728,-393658,0,-92,-3020007,1900721,0,1507063,0,0,0,0,-3020007,-266471,-4920728,-393658,0
693,0.6929,0.69290001,0.69290003,0.692901,0.692901,34645001,34645002,-5242880,-4972086,1,0,1,0,0,-107,-3493494,1507063,0,1107018,0,0,0,0,-3493494,-270794,-5000557,-400045,0,-107,-3493494,1507063,0,1107018,0,0,0,0,-3493494,-270794,-5000557,-400045,0
694,0.6939,0.69390001,0.69390003,0.693901,0.693901,34695001,34695002,-5242880,-4968069,1,0,1,0,0,-121,-3967718,1107018,0,701039,0,0,0,0,-3967718,-274811,-5074736,-405979,0,-121,-3967718,1107018,0,701039,0,0,0,0,-3967718,-274811,-5074736,-405979,0
695,0.6949,0.69490001,0.69490003,0.694901,0.694901,34745001,34745002,-5242880,-4964701,1,0,1,0,0,-135,-4435892,701039,0,290084,0,0,0,0,-4435892,-278179,-5136931,-410955,0,-135,-4435892,701039,0,290084,0,0,0,0,-4435892,-278179,-5136931,-410955,0
696,0.6959,0.69590001,0.69590003,0.695901,0.695901,34795001,34795002,-5242880,-4961935,1,0,1,0,0,-149,-4897924,290084,0,-124957,0,0,0,0,-4897924,-280945,-5188008,-415041,0,-149,-4897924,290084,0,-124957,0,0,0,0,-4897924,-280945,-5188008,-415041,0
697,0.6969,0.69690001,0.69690003,0.696901,0.696901,34845001,34845002,-5242880,-4959687,1,0,1,0,0,-163,-5354478,-124957,0,-543319,0,0,0,0,-5354478,-283193,-5229521,-418362,0,-163,-5354478,-124957,0,-543319,0,0,0,0,-5354478,-283193,-5229521,-418362,0
698,0.6979,0.69790001,0.69790003,0.697901,0.697901,34895001,34895002,-5242880,-4958135,1,0,1,0,0,-177,-5801499,-543319,0,-963974,0,0,0,0,-5801499,-284745,-5258180,-420655,0,-177,-5801499,-543319,0,-963974,0,0,0,0,-5801499,-284745,-5258180,-420655,0
699,0.6989,0.69890001,0.69890003,0.698901,0.698901,34945001,34945002,-5242880,-4957072,1,0,1,0,0,-190,-6241784,-963974,0,-1386199,0,0,0,0,-6241784,-285808,-5277810,-422225,0,-190,-6241784,-963974,0,-1386199,0,0,0,0,-6241784,-285808,-5277810,-422225,0
700,0.6999,0.69990001,0.69990003,0.699901,0.699901,34995001,34995002,-5242880,-4957003,1,0,1,0,0,-203,-6665283,-1386199,0,-1808526,0,0,0,0,-6665283,-285877,-5279084,-422327,0,-203,-6665283,-1386199,0,-1808526,0,0,0,0,-6665283,-285877,-5279084,-422327,0
701,0.7009,0.70090001,0.70090003,0.700901,0.700901,35045001,35045002,-5242880,-4957648,1,0,1,0,0,-216,-7075699,-1808526,0,-2229900,0,0,0,0,-7075699,-285232,-5267173,-421374,0,-216,-7075699,-1808526,0,-2229900,0,0,0,0,-7075699,-285232,-5267173,-421374,0
702,0.7019,0.70190001,0.70190003,0.701901,0.701901,35095001,35095002,-5242880,-4959277,1,0,1,0,0,-228,-7466992,-2229900,0,-2648867,0,0,0,0,-7466992,-283603,-5237092,-418967,0,-228,-7466992,-2229900,0,-2648867,0,0,0,0,-7466992,-283603,-5237092,-418967,0
703,0.7029,0.70290001,0.70290003,0.702901,0.702901,35145001,35145002,-5242880,-4961585,1,0,1,0,0,-239,-7843339,-2648867,0,-3064425,0,0,0,0,-7843339,-281295,-5194472,-415558,0,-239,-7843339,-2648867,0,-3064425,0,0,0,0,-7843339,-281295,-5194472,-415558,0
704,0.7039,0.70390001,0.70390003,0.703901,0.703901,35195001,35195002,-5242880,-4964816,1,0,1,0,0,-250,-8199232,-3064425,0,-3475210,0,0,0,0,-8199232,-278064,-5134807,-410785,0,-250,-8199232,-3064425,0,-3475210,0,0,0,0,-8199232,-278064,-5134807,-410785,0
705,0.7049,0.70490001,0.70490003,0.704901,0.704901,35245001,35245002,-5242880,-4969029,1,0,1,0,0,-260,-8532219,-3475210,0,-3879771,0,0,0,0,-8532219,-273851,-5057009,-404561,0,-260,-8532219,-3475210,0,-3879771,0,0,0,0,-8532219,-273851,-5057009,-404561,0
706,0.7059,0.70590001,0.70590003,0.705901,0.705901,35295001,35295002,-5242880,-4974345,1,0,1,0,0,-270,-8838613,-3879771,0,-4276478,0,0,0,0,-8838613,-268535,-4958842,-396707,0,-270,-8838613,-3879771,0,-4276478,0,0,0,0,-8838613,-268535,-4958842,-396707,0
707,0.7069,0.70690001,0.70690003,0.706901,0.706901,35345001,35345002,-5242880,-5017458,1,0,1,0,0,-258,-8439183,-4276478,0,-4609494,0,0,0,0,-8439183,-225422,-4162705,-333016,0,-258,-8439183,-4276478,0,-4609494,0,0,0,0,-8439183,-225422,-4162705,-333016,0
708,0.7079,0.70790001,0.70790003,0.707901,0.707901,35395001,35395002,-5242880,-5168970,1,0,1,0,0,-182,-5974337,-4609494,0,-4718681,0,0,0,0,-5974337,-73910,-1364843,-109187,0,-182,-5974337,-4609494,0,-4718681,0,0,0,0,-5974337,-73910,-1364843,-109187,0
709,0.7089,0.70890001,0.70890003,0.708901,0.708901,35445001,35445002,-5242880,-5331033,1,0,1,0,0,-94,-3090823,-4718681,0,-4588452,0,0,0,0,-3090823,88153,1627858,130229,0,-94,-3090823,-4718681,0,-4588452,0,0,0,0,-3090823,88153,1627858,130229,0
710,0.7099,0.70990001,0.70990003,0.709901,0.709901,35495001,35495002,-5242880,-5417794,1,0,1,0,0,-41,-1358441,-4588452,0,-4330051,0,0,0,0,-1358441,174914,3230011,258401,0,-41,-1358441,-4588452,0,-4330051,0,0,0,0,-1358441,174914,3230011,258401,0
711,0.7109,0.71090001,0.71090003,0.710901,0.710901,35545001,35545002,-5242880,-5452038,1,0,1,0,0,-14,-467681,-4330051,0,-4021061,0,0,0,0,-467681,209158,3862370,308990,0,-14,-467681,-4330051,0,-4021061,0,0,0,0,-467681,209158,3862370,308990,0
712,0.7119,0.71190001,0.71190003,0.711901,0.711901,35595001,35595002,-5242880,-5467895,1,0,1,0,0,4,134129,-4021061,0,-3688646,0,0,0,0,134129,225015,4155190,332415,0,4,134129,-4021061,0,-3688646,0,0,0,0,134129,225015,4155190,332415,0
713,0.7129,0.71290001,0.71290003,0.712901,0.712901,35645001,35645002,-5242880,-5476574,1,0,1,0,0,19,626812,-3688646,0,-3343409,0,0,0,0,626812,233694,4315458,345237,0,19,626812,-3688646,0,-3343409,0,0,0,0,626812,233694,4315458,345237,0
714,0.7139,0.71390001,0.71390003,0.713901,0.713901,35695001,35695002,-5242880,-5483436,1,0,1,0,0,34,1098765,-3343409,0,-2988035,0,0,0,0,1098765,240556,4442174,355374,0,34,1098765,-3343409,0,-2988035,0,0,0,0,1098765,240556,4442174,355374,0
715,0.7149,0.71490001,0.71490003,0.714901,0.714901,35745001,35745002,-5242880,-5489630,1,0,1,0,0,48,1568519,-2988035,0,-2623511,0,0,0,0,1568519,246750,4556554,364524,0,48,1568519,-2988035,0,-2623511,0,0,0,0,1568519,246750,4556554,364524,0
716,0.7159,0.71590001,0.71590003,0.715901,0.715901,35795001,35795002,-5242880,-5495393,1,0,1,0,0,62,2039464,-2623511,0,-2250473,0,0,0,0,2039464,252513,4662975,373038,0,62,2039464,-2623511,0,-2250473,0,0,0,0,2039464,252513,4662975,373038,0
717,0.7169,0.71690001,0.71690003,0.716901,0.716901,35845001,35845002,-5242880,-5500596,1,0,1,0,0,77,2508582,-2250473,0,-1869748,0,0,0,0,2508582,257716,4759055,380725,0,77,2508582,-2250473,0,-1869748,0,0,0,0,2508582,257716,4759055,380725,0
718,0.7179,0.71790001,0.71790003,0.717901,0.717901,35895001,35895002,-5242880,-5505264,1,0,1,0,0,91,2975508,-1869748,0,-1482127,0,0,0,0,2975508,262384,4845256,387621,0,91,2975508,-1869748,0,-1482127,0,0,0,0,2975508,262384,4845256,387621,0
719,0.7189,0.71890001,0.71890003,0.718901,0.718901,35945001,35945002,-5242880,-5509680,1,0,1,0,0,105,3444676,-1482127,0,-1087983,0,0,0,0,3444676,266800,4926803,394144,0,105,3444676,-1482127,0,-1087983,0,0,0,0,3444676,266800,4926803,394144,0
720,0.7199,0.71990001,0.71990003,0.719901,0.719901,35995001,35995002,-5242880,-5513781,1,0,1,0,0,119,3914550,-1087983,0,-687780,0,0,0,0,3914550,270901,5002533,400203,0,119,3914550,-1087983,0,-687780,0,0,0,0,3914550,270901,5002533,400203,0
721,0.7209,0.72090001,0.72090003,0.720901,0.720901,36045001,36045002,-5242880,-5517412,1,0,1,0,0,134,4381804,-687780,0,-282213,0,0,0,0,4381804,274532,5069584,405567,0,134,4381804,-687780,0,-282213,0,0,0,0,4381804,274532,5069584,405567,0
722,0.7219,0.72190001,0.72190003,0.721901,0.721901,36095001,36095002,-5242880,-5520326,1,0,1,0,0,148,4841182,-282213,0,127659,0,0,0,0,4841182,277446,5123395,409872,0,148,4841182,-282213,0,127659,0,0,0,0,4841182,277446,5123395,409872,0
723,0.7229,0.72290001,0.72290003,0.722901,0.722901,36145001,36145002,-5242880,-5522675,1,0,1,0,0,162,5294431,127659,0,541001,0,0,0,0,5294431,279795,5166772,413342,0,162,5294431,127659,0,541001,0,0,0,0,5294431,279795,5166772,413342,0
724,0.7239,0.72390001,0.72390003,0.723901,0.723901,36195001,36195002,-5242880,-5524554,1,0,1,0,0,175,5742471,541001,0,957119,0,0,0,0,5742471,281674,5201470,416118,0,175,5742471,541001,0,957119,0,0,0,0,5742471,281674,5201470,416118,0
725,0.7249,0.72490001,0.72490003,0.724901,0.724901,36245001,36245002,-5242880,-5525866,1,0,1,0,0,189,6182817,957119,0,1375175,0,0,0,0,6182817,282986,5225698,418056,0,189,6182817,957119,0,1375175,0,0,0,0,6182817,282986,5225698,418056,0
726,0.7259,0.72590001,0.72590003,0.725901,0.725901,36295001,36295002,-5242880,-5526286,1,0,1,0,0,202,6608629,1375175,0,1793851,0,0,0,0,6608629,283406,5233454,418676,0,202,6608629,1375175,0,1793851,0,0,0,0,6608629,283406,5233454,418676,0
727,0.7269,0.72690001,0.72690003,0.726901,0.726901,36345001,36345002,-5242880,-5525817,1,0,1,0,0,214,7018644,1793851,0,2211835,0,0,0,0,7018644,282937,5224793,417984,0,214,7018644,1793851,0,2211835,0,0,0,0,7018644,282937,5224793,417984,0
728,0.7279,0.72790001,0.72790003,0.727901,0.727901,36395001,36395002,-5242880,-5524485,1,0,1,0,0,226,7412031,2211835,0,2627851,0,0,0,0,7412031,281605,5200196,416016,0,226,7412031,2211835,0,2627851,0,0,0,0,7412031,281605,5200196,416016,0
729,0.7289,0.72890001,0.72890003,0.728901,0.728901,36445001,36445002,-5242880,-5522471,1,0,1,0,0,238,7790856,2627851,0,3040891,0,0,0,0,7790856,279591,5163005,413040,0,238,7790856,2627851,0,3040891,0,0,0,0,7790856,279591,5163005,413040,0
730,0.7299,0.72990001,0.72990003,0.729901,0.729901,36495001,36495002,-5242880,-5519405,1,0,1,0,0,249,8147279,3040891,0,3449402,0,0,0,0,8147279,276525,5106388,408511,0,249,8147279,3040891,0,3449402,0,0,0,0,8147279,276525,5106388,408511,0
731,0.7309,0.73090001,0.73090003,0.730901,0.730901,36545001,36545002,-5242880,-5515391,1,0,1,0,0,259,8481666,3449402,0,3851983,0,0,0,0,8481666,272511,5032264,402581,0,259,8481666,3449402,0,3851983,0,0,0,0,8481666,272511,5032264,402581,0
732,0.7319,0.73190001,0.73190003,0.731901,0.731901,36595001,36595002,-5242880,-5510561,1,0,1,0,0,268,8795055,3851983,0,4247429,0,0,0,0,8795055,267681,4943072,395446,0,268,8795055,3851983,0,4247429,0,0,0,0,8795055,267681,4943072,395446,0
733,0.7329,0.73290001,0.73290003,0.732901,0.732901,36645001,36645002,-5242880,-5480842,1,0,1,0,0,264,8641701,4247429,0,4598971,0,0,0,0,8641701,237962,4394272,351542,0,264,8641701,4247429,0,4598971,0,0,0,0,8641701,237962,4394272,351542,0
734,0.7339,0.73390001,0.73390003,0.733901,0.733901,36695001,36695002,-5242880,-5331232,1,0,1,0,0,190,6230504,4598971,0,4729494,0,0,0,0,6230504,88352,1631533,130523,0,190,6230504,4598971,0,4729494,0,0,0,0,6230504,88352,1631533,130523,0
735,0.7349,0.73490001,0.73490003,0.734901,0.734901,36745001,36745002,-5242880,-5184540,1,0,1,0,0,111,3652171,4729494,0,4643308,0,0,0,0,3652171,-58340,-1077323,-86186,0,111,3652171,4729494,0,4643308,0,0,0,0,3652171,-58340,-1077323,-86186,0
736,0.7359,0.73590001,0.73590003,0.735901,0.735901,36795001,36795002,-5242880,-5094009,1,0,1,0,0,58,1894215,4643308,0,4423380,0,0,0,0,1894215,-148871,-2749093,-219928,0,58,1894215,4643308,0,4423380,0,0,0,0,1894215,-148871,-2749093,-219928,0
737,0.7369,0.73690001,0.73690003,0.736901,0.736901,36845001,36845002,-5242880,-5031330,1,0,1,0,0,16,516839,4423380,0,4110857,0,0,0,0,516839,-211550,-3906541,-312523,0,16,516839,4423380,0,4110857,0,0,0,0,516839,-211550,-3906541,-312523,0
738,0.7379,0.73790001,0.73790003,0.737901,0.737901,36895001,36895002,-5242880,-5006803,1,0,1,0,0,-8,-248607,4110857,0,3762100,0,0,0,0,-248607,-236077,-4359464,-348757,0,-8,-248607,4110857,0,3762100,0,0,0,0,-248607,-236077,-4359464,-348757,0
739,0.7389,0.73890001,0.73890003,0.738901,0.738901,36945001,36945002,-5242880,-4999926,1,0,1,0,0,-22,-724356,3762100,0,3403183,0,0,0,0,-724356,-242954,-4486456,-358917,0,-22,-724356,3762100,0,3403183,0,0,0,0,-724356,-242954,-4486456,-358917,0
740,0.7399,0.73990001,0.73990003,0.739901,0.739901,36995001,36995002,-5242880,-4993941,1,0,1,0,0,-36,-1193794,3403183,0,3035425,0,0,0,0,-1193794,-248939,-4596977,-367758,0,-36,-1193794,3403183,0,3035425,0,0,0,0,-1193794,-248939,-4596977,-367758,0
741,0.7409,0.74090001,0.74090003,0.740901,0.740901,37045001,37045002,-5242880,-4988469,1,0,1,0,0,-51,-1662599,3035425,0,2659583,0,0,0,0,-1662599,-254411,-4698024,-375842,0,-51,-1662599,3035425,0,2659583,0,0,0,0,-1662599,-254411,-4698024,-375842,0
742,0.7419,0.74190001,0.74190003,0.741901,0.741901,37095001,37095002,-5242880,-4983284,1,0,1,0,0,-65,-2134189,2659583,0,2276081,0,0,0,0,-2134189,-259596,-4793772,-383502,0,-65,-2134189,2659583,0,2276081,0,0,0,0,-2134189,-259596,-4793772,-383502,0
743,0.7429,0.74290001,0.74290003,0.742901,0.742901,37145001,37145002,-5242880,-4978272,1,0,1,0,0,-80,-2610244,2276081,0,1885175,0,0,0,0,-2610244,-264608,-4886325,-390906,0,-80,-2610244,2276081,0,1885175,0,0,0,0,-2610244,-264608,-4886325,-390906,0
744,0.7439,0.74390001,0.74390003,0.743901,0.743901,37195001,37195002,-5242880,-4973867,1,0,1,0,0,-94,-3082494,1885175,0,1487761,0,0,0,0,-3082494,-269013,-4967669,-397414,0,-94,-3082494,1885175,0,1487761,0,0,0,0,-3082494,-269013,-4967669,-397414,0
745,0.7449,0.74490001,0.74490003,0.744901,0.744901,37245001,37245002,-5242880,-4969502,1,0,1,0,0,-109,-3560513,1487761,0,1083899,0,0,0,0,-3560513,-273378,-5048274,-403862,0,-109,-3560513,1487761,0,1083899,0,0,0,0,-3560513,-273378,-5048274,-403862,0
746,0.7459,0.74590001,0.74590003,0.745901,0.745901,37295001,37295002,-5242880,-4965510,1,0,1,0,0,-123,-4038093,1083899,0,674140,0,0,0,0,-4038093,-277370,-5121992,-409759,0,-123,-4038093,1083899,0,674140,0,0,0,0,-4038093,-277370,-5121992,-409759,0
747,0.7469,0.74690001,0.74690003,0.746901,0.746901,37345001,37345002,-5242880,-4962165,1,0,1,0,0,-138,-4509621,674140,0,259439,0,0,0,0,-4509621,-280715,-5183761,-414701,0,-138,-4509621,674140,0,259439,0,0,0,0,-4509621,-280715,-5183761,-414701,0
748,0.7479,0.74790001,0.74790003,0.747901,0.747901,37395001,37395002,-5242880,-4959449,1,0,1,0,0,-152,-4974477,259439,0,-159274,0,0,0,0,-4974477,-283431,-5233916,-418713,0,-152,-4974477,259439,0,-159274,0,0,0,0,-4974477,-283431,-5233916,-418713,0
749,0.7489,0.74890001,0.74890003,0.748901,0.748901,37445001,37445002,-5242880,-4957433,1,0,1,0,0,-166,-5430418,-159274,0,-580966,0,0,0,0,-5430418,-285447,-5271144,-421692,0,-166,-5430418,-159274,0,-580966,0,0,0,0,-5430418,-285447,-5271144,-421692,0
750,0.7499,0.74990001,0.74990003,0.749901,0.749901,37495001,37495002,-5242880,-4955897,1,0,1,0,0,-179,-5880474,-580966,0,-1004927,0,0,0,0,-5880474,-286983,-5299508,-423961,0,-179,-5880474,-580966,0,-1004927,0,0,0,0,-5880474,-286983,-5299508,-423961,0
751,0.7509,0.75090001,0.75090003,0.750901,0.750901,37545001,37545002,-5195694,-4954797,1,0,1,0,0,-166,-5453398,-1004927,0,-1360805,0,0,0,0,-5453398,-240897,-4448471,-355878,0,-166,-5453398,-1004927,0,-1360805,0,0,0,0,-5453398,-240897,-4448471,-355878,0
752,0.7519,0.75190001,0.75190003,0.751901,0.751901,37595001,37595002,-5143265,-4954642,1,0,1,0,0,-148,-4843970,-1360805,0,-1639458,0,0,0,0,-4843970,-188623,-3483165,-278653,0,-148,-4843970,-1360805,0,-1639458,0,0,0,0,-4843970,-188623,-3483165,-278653,0
753,0.7529,0.75290001,0.75290003,0.752901,0.752901,37645001,37645002,-5090836,-4955121,1,0,1,0,0,-127,-4145609,-1639458,0,-1839950,0,0,0,0,-4145609,-135715,-2506151,-200492,0,-127,-4145609,-1639458,0,-1839950,0,0,0,0,-4145609,-135715,-2506151,-200492,0
754,0.7539,0.75390001,0.75390003,0.753901,0.753901,37695001,37695002,-5038408,-4956252,1,0,1,0,0,-102,-3357066,-1839950,0,-1961319,0,0,0,0,-3357066,-82156,-1517116,-121369,0,-102,-3357066,-1839950,0,-1961319,0,0,0,0,-3357066,-82156,-1517116,-121369,0
755,0.7549,0.75490001,0.75490003,0.754901,0.754901,37745001,37745002,-4985979,-4957643,1,0,1,0,0,-76,-2484579,-1961319,0,-2003180,0,0,0,0,-2484579,-28336,-523260,-41861,0,-76,-2484579,-1961319,0,-2003180,0,0,0,0,-2484579,-28336,-523260,-41861,0
756,0.7559,0.75590001,0.75590003,0.755901,0.755901,37795001,37795002,-4933550,-4959021,1,0,1,0,0,-47,-1532825,-2003180,0,-1965552,0,0,0,0,-1532825,25471,470355,37628,0,-47,-1532825,-2003180,0,-1965552,0,0,0,0,-1532825,25471,470355,37628,0
757,0.7569,0.75690001,0.75690003,0.756901,0.756901,37845001,37845002,-4881121,-4960662,1,0,1,0,0,-15,-496726,-1965552,0,-1848046,0,0,0,0,-496726,79541,1468826,117506,0,-15,-496726,-1965552,0,-1848046,0,0,0,0,-496726,79541,1468826,117506,0
758,0.7579,0.75790001,0.75790003,0.757901,0.757901,37895001,37895002,-4828692,-4962299,1,0,1,0,0,19,619178,-1848046,0,-1650668,0,0,0,0,619178,133607,2467224,197378,0,19,619178,-1848046,0,-1650668,0,0,0,0,619178,133607,2467224,197378,0
759,0.7589,0.75890001,0.75890003,0.758901,0.758901,37945001,37945002,-4776264,-4963918,1,0,1,0,0,55,1814603,-1650668,0,-1373446,0,0,0,0,1814603,187654,3465271,277222,0,55,1814603,-1650668,0,-1373446,0,0,0,0,1814603,187654,3465271,277222,0
760,0.7599,0.75990001,0.75990003,0.759901,0.759901,37995001,37995002,-4723835,-4965371,1,0,1,0,0,94,3086825,-1373446,0,-1016624,0,0,0,0,3086825,241536,4460271,356822,0,94,3086825,-1373446,0,-1016624,0,0,0,0,3086825,241536,4460271,356822,0
761,0.7609,0.76090001,0.76090003,0.760901,0.760901,38045001,38045002,-4671406,-4966678,1,0,1,0,0,135,4435951,-1016624,0,-580418,0,0,0,0,4435951,295272,5452575,436206,0,135,4435951,-1016624,0,-580418,0,0,0,0,4435951,295272,5452575,436206,0
762,0.7619,0.76190001,0.76190003,0.761901,0.761901,38095001,38095002,-4618977,-4967282,1,0,1,0,0,179,5851479,-580418,0,-65866,0,0,0,0,5851479,348305,6431897,514552,0,179,5851479,-580418,0,-65866,0,0,0,0,5851479,348305,6431897,514552,0
763,0.7629,0.76290001,0.76290003,0.762901,0.762901,38145001,38145002,-4566548,-4967025,1,0,1,0,0,224,7329454,-65866,0,525760,0,0,0,0,7329454,400477,7395320,591626,0,224,7329454,-65866,0,525760,0,0,0,0,7329454,400477,7395320,591626,0
764,0.7639,0.76390001,0.76390003,0.763901,0.763901,38195001,38195002,-4514120,-4965728,1,0,1,0,0,271,8865279,525760,0,1192922,0,0,0,0,8865279,451608,8339519,667162,0,271,8865279,525760,0,1192922,0,0,0,0,8865279,451608,8339519,667162,0
765,0.7649,0.76490001,0.76490003,0.764901,0.764901,38245001,38245002,-4461691,-4963707,1,0,1,0,0,319,10463289,1192922,0,1934552,0,0,0,0,10463289,502016,9270367,741630,0,319,10463289,1192922,0,1934552,0,0,0,0,10463289,502016,9270367,741630,0
766,0.7659,0.76590001,0.76590003,0.765901,0.765901,38295001,38295002,-4409262,-4960347,1,0,1,0,0,370,12111041,1934552,0,2748671,0,0,0,0,12111041,551085,10176489,814119,0,370,12111041,1934552,0,2748671,0,0,0,0,12111041,551085,10176489,814119,0
767,0.7669,0.76690001,0.76690003,0.766901,0.766901,38345001,38345002,-4356833,-4955460,1,0,1,0,0,421,13803084,2748671,0,3633024,0,0,0,0,13803084,598627,11054413,884353,0,421,13803084,2748671,0,3633024,0,0,0,0,13803084,598627,11054413,884353,0
768,0.7679,0.76790001,0.76790003,0.767901,0.767901,38395001,38395002,-4304404,-4868567,1,0,1,0,0,429,14051015,3633024,0,4466463,0,0,0,0,14051015,564163,10417991,833439,0,429,14051015,3633024,0,4466463,0,0,0,0,14051015,564163,10417991,833439,0
769,0.7689,0.76890001,0.76890003,0.768901,0.768901,38445001,38445002,-4251976,-4595962,1,0,1,0,0,330,10818604,4466463,0,4974634,0,0,0,0,10818604,343986,6352141,508171,0,330,10818604,4466463,0,4974634,0,0,0,0,10818604,343986,6352141,508171,0
770,0.7699,0.76990001,0.76990003,0.769901,0.769901,38495001,38495002,-4199547,-4338230,1,0,1,0,0,230,7535593,4974634,0,5179511,0,0,0,0,7535593,138683,2560959,204877,0,230,7535593,4974634,0,5179511,0,0,0,0,7535593,138683,2560959,204877,0
771,0.7709,0.77090001,0.77090003,0.770901,0.770901,38545001,38545002,-4147118,-4149969,1,0,1,0,0,160,5232158,5179511,0,5183723,0,0,0,0,5232158,2851,52647,4212,0,160,5232158,5179511,0,5183723,0,0,0,0,5232158,2851,52647,4212,0
772,0.7719,0.77190001,0.77190003,0.771901,0.771901,38595001,38595002,-4094689,-3994378,1,0,1,0,0,102,3331352,5183723,0,5035533,0,0,0,0,3331352,-100311,-1852371,-148190,0,102,3331352,5183723,0,5035533,0,0,0,0,3331352,-100311,-1852371,-148190,0
773,0.7729,0.77290001,0.77290003,0.772901,0.772901,38645001,38645002,-4042260,-3905313,1,0,1,0,0,76,2506632,5035533,0,4833221,0,0,0,0,2506632,-136947,-2528901,-202312,0,76,2506632,5035533,0,4833221,0,0,0,0,2506632,-136947,-2528901,-202312,0
774,0.7739,0.77390001,0.77390003,0.773901,0.773901,38695001,38695002,-3989832,-3843924,1,0,1,0,0,65,2138843,4833221,0,4617671,0,0,0,0,2138843,-145908,-2694378,-215550,0,65,2138843,4833221,0,4617671,0,0,0,0,2138843,-145908,-2694378,-215550,0
775,0.7749,0.77490001,0.77490003,0.774901,0.774901,38745001,38745002,-3937403,-3790600,1,0,1,0,0,58,1906766,4617671,0,4400799,0,0,0,0,1906766,-146803,-2710905,-216872,0,58,1906766,4617671,0,4400799,0,0,0,0,1906766,-146803,-2710905,-216872,0
776,0.7759,0.77590001,0.77590003,0.775901,0.775901,38795001,38795002,-3884974,-3742530,1,0,1,0,0,54,1770388,4400799,0,4190366,0,0,0,0,1770388,-142444,-2630411,-210433,0,54,1770388,4400799,0,4190366,0,0,0,0,1770388,-142444,-2630411,-210433,0
777,0.7769,0.77690001,0.77690003,0.776901,0.776901,38845001,38845002,-3832545,-3700144,1,0,1,0,0,53,1745412,4190366,0,3994770,0,0,0,0,1745412,-132401,-2444954,-195596,0,53,1745412,4190366,0,3994770,0,0,0,0,1745412,-132401,-2444954,-195596,0
778,0.7779,0.77790001,0.77790003,0.777901,0.777901,38895001,38895002,-3780116,-3658121,1,0,1,0,0,53,1741976,3994770,0,3814546,0,0,0,0,1741976,-121995,-2252794,-180224,0,53,1741976,3994770,0,3814546,0,0,0,0,1741976,-121995,-2252794,-180224,0
779,0.7789,0.77890001,0.77890003,0.778901,0.778901,38945001,38945002,-3727688,-3616748,1,0,1,0,0,54,1765897,3814546,0,3650654,0,0,0,0,1765897,-110940,-2048649,-163892,0,54,1765897,3814546,0,3650654,0,0,0,0,1765897,-110940,-2048649,-163892,0
780,0.7799,0.77990001,0.77990003,0.779901,0.779901,38995001,38995002,-3675259,-3573918,1,0,1,0,0,54,1779263,3650654,0,3500943,0,0,0,0,1779263,-101341,-1871391,-149711,0,54,1779263,3650654,0,3500943,0,0,0,0,1779263,-101341,-1871391,-149711,0
781,0.7809,0.78090001,0.78090003,0.780901,0.780901,39045001,39045002,-3622830,-3533123,1,0,1,0,0,56,1844389,3500943,0,3368419,0,0,0,0,1844389,-89707,-1656554,-132524,0,56,1844389,3500943,0,3368419,0,0,0,0,1844389,-89707,-1656554,-132524,0
782,0.7819,0.78190001,0.78190003,0.781901,0.781901,39095001,39095002,-3570401,-3488233,1,0,1,0,0,56,1851082,3368419,0,3247032,0,0,0,0,1851082,-82168,-1517337,-121387,0,56,1851082,3368419,0,3247032,0,0,0,0,1851082,-82168,-1517337,-121387,0
783,0.7829,0.78290001,0.78290003,0.782901,0.782901,39145001,39145002,-3517972,-3449763,1,0,1,0,0,61,1987466,3247032,0,3146267,0,0,0,0,1987466,-68209,-1259566,-100765,0,61,1987466,3247032,0,3146267,0,0,0,0,1987466,-68209,-1259566,-100765,0
784,0.7839,0.78390001,0.78390003,0.783901,0.783901,39195001,39195002,-3465544,-3406485,1,0,1,0,0,63,2055667,3146267,0,3059019,0,0,0,0,2055667,-59059,-1090600,-87248,0,63,2055667,3146267,0,3059019,0,0,0,0,2055667,-59059,-1090600,-87248,0
785,0.7849,0.78490001,0.78490003,0.784901,0.784901,39245001,39245002,-3413115,-3366777,1,0,1,0,0,67,2203329,3059019,0,2990564,0,0,0,0,2203329,-46338,-855690,-68455,0,67,2203329,3059019,0,2990564,0,0,0,0,2203329,-46338,-855690,-68455,0
786,0.7859,0.78590001,0.78590003,0.785901,0.785901,39295001,39295002,-3360686,-3318583,1,0,1,0,0,68,2213078,2990564,0,2928365,0,0,0,0,2213078,-42103,-777486,-62199,0,68,2213078,2990564,0,2928365,0,0,0,0,2213078,-42103,-777486,-62199,0
787,0.7869,0.78690001,0.78690003,0.786901,0.786901,39345001,39345002,-3308257,-3267122,1,0,1,0,0,66,2168755,2928365,0,2867596,0,0,0,0,2168755,-41135,-759610,-60769,0,66,2168755,2928365,0,2867596,0,0,0,0,2168755,-41135,-759610,-60769,0
788,0.7879,0.78790001,0.78790003,0.787901,0.787901,39395001,39395002,-3255828,-3213515,1,0,1,0,0,64,2086232,2867596,0,2805087,0,0,0,0,2086232,-42313,-781364,-62509,0,64,2086232,2867596,0,2805087,0,0,0,0,2086232,-42313,-781364,-62509,0
789,0.7889,0.78890001,0.78890003,0.788901,0.788901,39445001,39445002,-3203400,-3164600,1,0,1,0,0,64,2088595,2805087,0,2747768,0,0,0,0,2088595,-38800,-716492,-57319,0,64,2088595,2805087,0,2747768,0,0,0,0,2088595,-38800,-716492,-57319,0
790,0.7899,0.78990001,0.78990003,0.789901,0.789901,39495001,39495002,-3150971,-3114055,1,0,1,0,0,63,2066067,2747768,0,2693232,0,0,0,0,2066067,-36916,-681701,-54536,0,63,2066067,2747768,0,2693232,0,0,0,0,2066067,-36916,-681701,-54536,0
791,0.7909,0.79090001,0.79090003,0.790901,0.790901,39545001,39545002,-3098542,-3066503,1,0,1,0,0,64,2101591,2693232,0,2645901,0,0,0,0,2101591,-32039,-591641,-47331,0,64,2101591,2693232,0,2645901,0,0,0,0,2101591,-32039,-591641,-47331,0
792,0.7919,0.79190001,0.79190003,0.791901,0.791901,39595001,39595002,-3046113,-3014845,1,0,1,0,0,63,2068497,2645901,0,2599709,0,0,0,0,2068497,-31268,-577404,-46192,0,63,2068497,2645901,0,2599709,0,0,0,0,2068497,-31268,-577404,-46192,0
793,0.7929,0.79290001,0.79290003,0.792901,0.792901,39645001,39645002,-2993684,-2961446,1,0,1,0,0,61,2004393,2599709,0,2552084,0,0,0,0,2004393,-32238,-595316,-47625,0,61,2004393,2599709,0,2552084,0,0,0,0,2004393,-32238,-595316,-47625,0
794,0.7939,0.79390001,0.79390003,0.793901,0.793901,39695001,39695002,-2941256,-2915012,1,0,1,0,0,63,2067455,2552084,0,2513314,0,0,0,0,2067455,-26244,-484629,-38770,0,63,2067455,2552084,0,2513314,0,0,0,0,2067455,-26244,-484629,-38770,0
795,0.7949,0.79490001,0.79490003,0.794901,0.794901,39745001,39745002,-2888827,-2860458,1,0,1,0,0,61,1989444,2513314,0,2471404,0,0,0,0,1989444,-28369,-523870,-41910,0,61,1989444,2513314,0,2471404,0,0,0,0,1989444,-28369,-523870,-41910,0
796,0.7959,0.79590001,0.79590003,0.795901,0.795901,39795001,39795002,-2836398,-2813597,1,0,1,0,0,63,2050354,2471404,0,2437720,0,0,0,0,2050354,-22801,-421050,-33684,0,63,2050354,2471404,0,2437720,0,0,0,0,2050354,-22801,-421050,-33684,0
797,0.7969,0.79690001,0.79690003,0.796901,0.796901,39845001,39845002,-2783969,-2764445,1,0,1,0,0,63,2077184,2437720,0,2408877,0,0,0,0,2077184,-19524,-360536,-28843,0,63,2077184,2437720,0,2408877,0,0,0,0,2077184,-19524,-360536,-28843,0
798,0.7979,0.79790001,0.79790003,0.797901,0.797901,39895001,39895002,-2731540,-2715995,1,0,1,0,0,65,2121819,2408877,0,2385912,0,0,0,0,2121819,-15545,-287058,-22965,0,65,2121819,2408877,0,2385912,0,0,0,0,2121819,-15545,-287058,-22965,0
799,0.7989,0.79890001,0.79890003,0.798901,0.798901,39945001,39945002,-2679112,-2665924,1,0,1,0,0,65,2142379,2385912,0,2366429,0,0,0,0,2142379,-13188,-243533,-19483,0,65,2142379,2385912,0,2366429,0,0,0,0,2142379,-13188,-243533,-19483,0
800,0.7999,0.79990001,0.79990003,0.799901,0.799901,39995001,39995002,-2626683,-2611046,1,0,1,0,0,63,2077672,2366429,0,2343328,0,0,0,0,2077672,-15637,-288757,-23101,0,63,2077672,2366429,0,2343328,0,0,0,0,2077672,-15637,-288757,-23101,0
801,0.8009,0.80090001,0.80090003,0.800901,0.800901,40045001,40045002,-2574254,-2562895,1,0,1,0,0,65,2133570,2343328,0,2326547,0,0,0,0,2133570,-11359,-209758,-16781,0,65,2133570,2343328,0,2326547,0,0,0,0,2133570,-11359,-209758,-16781,0
802,0.8019,0.80190001,0.80190003,0.801901,0.801901,40095001,40095002,-2521825,-2511661,1,0,1,0,0,65,2138856,2326547,0,2311532,0,0,0,0,2138856,-10164,-187691,-15015,0,65,2138856,2326547,0,2311532,0,0,0,0,2138856,-10164,-187691,-15015,0
803,0.8029,0.80290001,0.80290003,0.802901,0.802901,40145001,40145002,-2469396,-2458966,1,0,1,0,0,65,2118929,2311532,0,2296124,0,0,0,0,2118929,-10430,-192603,-15408,0,65,2118929,2311532,0,2296124,0,0,0,0,2118929,-10430,-192603,-15408,0
804,0.8039,0.80390001,0.80390003,0.803901,0.803901,40195001,40195002,-2416968,-2405689,1,0,1,0,0,64,2087843,2296124,0,2279462,0,0,0,0,2087843,-11279,-208281,-16662,0,64,2087843,2296124,0,2279462,0,0,0,0,2087843,-11279,-208281,-16662,0
805,0.8049,0.80490001,0.80490003,0.804901,0.804901,40245001,40245002,-2364539,-2357863,1,0,1,0,0,66,2156181,2279462,0,2269600,0,0,0,0,2156181,-6676,-123281,-9862,0,66,2156181,2279462,0,2269600,0,0,0,0,2156181,-6676,-123281,-9862,0
806,0.8059,0.80590001,0.80590003,0.805901,0.805901,40295001,40295002,-2312110,-2302731,1,0,1,0,0,64,2096405,2269600,0,2255744,0,0,0,0,2096405,-9379,-173195,-13856,0,64,2096405,2269600,0,2255744,0,0,0,0,2096405,-9379,-173195,-13856,0
807,0.8069,0.80690001,0.80690003,0.806901,0.806901,40345001,40345002,-2259681,-2250922,1,0,1,0,0,64,2093998,2255744,0,2242804,0,0,0,0,2093998,-8759,-161746,-12940,0,64,2093998,2255744,0,2242804,0,0,0,0,2093998,-8759,-161746,-12940,0
808,0.8079,0.80790001,0.80790003,0.807901,0.807901,40395001,40395002,-2207252,-2201134,1,0,1,0,0,65,2129827,2242804,0,2233766,0,0,0,0,2129827,-6118,-112977,-9038,0,65,2129827,2242804,0,2233766,0,0,0,0,2129827,-6118,-112977,-9038,0
809,0.8089,0.80890001,0.80890003,0.808901,0.808901,40445001,40445002,-2154824,-2147282,1,0,1,0,0,64,2094493,2233766,0,2222624,0,0,0,0,2094493,-7542,-139273,-11142,0,64,2094493,2233766,0,2222624,0,0,0,0,2094493,-7542,-139273,-11142,0
810,0.8099,0.80990001,0.80990003,0.809901,0.809901,40495001,40495002,-2102395,-2098331,1,0,1,0,0,66,2147577,2222624,0,2216620,0,0,0,0,2147577,-4064,-75047,-6004,0,66,2147577,2222624,0,2216620,0,0,0,0,2147577,-4064,-75047,-6004,0
811,0.8109,0.81090001,0.81090003,0.810901,0.810901,40545001,40545002,-2049966,-2047034,1,0,1,0,0,66,2162477,2216620,0,2212289,0,0,0,0,2162477,-2932,-54143,-4331,0,66,2162477,2216620,0,2212289,0,0,0,0,2162477,-2932,-54143,-4331,0
812,0.8119,0.81190001,0.81190003,0.811901,0.811901,40595001,40595002,-1997537,-1994986,1,0,1,0,0,66,2165182,2212289,0,2208520,0,0,0,0,2165182,-2551,-47107,-3769,0,66,2165182,2212289,0,2208520,0,0,0,0,2165182,-2551,-47107,-3769,0
813,0.8129,0.81290001,0.81290003,0.812901,0.812901,40645001,40645002,-1945108,-1945625,1,0,1,0,0,68,2218067,2208520,0,2209284,0,0,0,0,2218067,517,9547,764,0,68,2218067,2208520,0,2209284,0,0,0,0,2218067,517,9547,764,0
814,0.8139,0.81390001,0.81390003,0.813901,0.813901,40695001,40695002,-1892680,-1891708,1,0,1,0,0,67,2191335,2209284,0,2207848,0,0,0,0,2191335,-972,-17949,-1436,0,67,2191335,2209284,0,2207848,0,0,0,0,2191335,-972,-17949,-1436,0
815,0.8149,0.81490001,0.81490003,0.814901,0.814901,40745001,40745002,-1840251,-1842609,1,0,1,0,0,69,2251391,2207848,0,2211331,0,0,0,0,2251391,2358,43543,3483,0,69,2251391,2207848,0,2211331,0,0,0,0,2251391,2358,43543,3483,0
816,0.8159,0.81590001,0.81590003,0.815901,0.815901,40795001,40795002,-1787822,-1800202,1,0,1,0,0,74,2439944,2211331,0,2229620,0,0,0,0,2439944,12380,228613,18289,0,74,2439944,2211331,0,2229620,0,0,0,0,2439944,12380,228613,18289,0
817,0.8169,0.81690001,0.81690003,0.816901,0.816901,40845001,40845002,-1735393,-1749242,1,0,1,0,0,76,2485359,2229620,0,2250079,0,0,0,0,2485359,13849,255739,20459,0,76,2485359,2229620,0,2250079,0,0,0,0,2485359,13849,255739,20459,0
818,0.8179,0.81790001,0.81790003,0.817901,0.817901,40895001,40895002,-1682964,-1688426,1,0,1,0,0,72,2350942,2250079,0,2258148,0,0,0,0,2350942,5462,100863,8069,0,72,2350942,2250079,0,2258148,0,0,0,0,2350942,5462,100863,8069,0
819,0.8189,0.81890001,0.81890003,0.818901,0.818901,40945001,40945002,-1630536,-1632877,1,0,1,0,0,70,2301378,2258148,0,2261606,0,0,0,0,2301378,2341,43230,3458,0,70,2301378,2258148,0,2261606,0,0,0,0,2301378,2341,43230,3458,0
820,0.8199,0.81990001,0.81990003,0.819901,0.819901,40995001,40995002,-1578107,-1577088,1,0,1,0,0,68,2242789,2261606,0,2260101,0,0,0,0,2242789,-1019,-18817,-1505,0,68,2242789,2261606,0,2260101,0,0,0,0,2242789,-1019,-18817,-1505,0
821,0.8209,0.82090001,0.82090003,0.820901,0.820901,41045001,41045002,-1525678,-1524958,1,0,1,0,0,69,2246805,2260101,0,2259037,0,0,0,0,2246805,-720,-13296,-1064,0,69,2246805,2260101,0,2259037,0,0,0,0,2246805,-720,-13296,-1064,0
822,0.8219,0.82190001,0.82190003,0.821901,0.821901,41095001,41095002,-1473249,-1467254,1,0,1,0,0,66,2148332,2259037,0,2250181,0,0,0,0,2148332,-5995,-110705,-8856,0,66,2148332,2259037,0,2250181,0,0,0,0,2148332,-5995,-110705,-8856,0
823,0.8229,0.82290001,0.82290003,0.822901,0.822901,41145001,41145002,-1420820,-1414165,1,0,1,0,0,65,2127288,2250181,0,2240350,0,0,0,0,2127288,-6655,-122893,-9831,0,65,2127288,2250181,0,2240350,0,0,0,0,2127288,-6655,-122893,-9831,0
824,0.8239,0.82390001,0.82390003,0.823901,0.823901,41195001,41195002,-1368392,-1363716,1,0,1,0,0,66,2154002,2240350,0,2233442,0,0,0,0,2154002,-4676,-86348,-6908,0,66,2154002,2240350,0,2233442,0,0,0,0,2154002,-4676,-86348,-6908,0
825,0.8249,0.82490001,0.82490003,0.824901,0.824901,41245001,41245002,-1315963,-1309418,1,0,1,0,0,64,2112580,2233442,0,2223773,0,0,0,0,2112580,-6545,-120862,-9669,0,64,2112580,2233442,0,2223773,0,0,0,0,2112580,-6545,-120862,-9669,0
826,0.8259,0.82590001,0.82590003,0.825901,0.825901,41295001,41295002,-1263534,-1255644,1,0,1,0,0,63,2078074,2223773,0,2212117,0,0,0,0,2078074,-7890,-145699,-11656,0,63,2078074,2223773,0,2212117,0,0,0,0,2078074,-7890,-145699,-11656,0
827,0.8269,0.82690001,0.82690003,0.826901,0.826901,41345001,41345002,-1211105,-1207179,1,0,1,0,0,65,2139618,2212117,0,2206317,0,0,0,0,2139618,-3926,-72499,-5800,0,65,2139618,2212117,0,2206317,0,0,0,0,2139618,-3926,-72499,-5800,0
828,0.8279,0.82790001,0.82790003,0.827901,0.827901,41395001,41395002,-1158676,-1158114,1,0,1,0,0,67,2195939,2206317,0,2205487,0,0,0,0,2195939,-562,-10378,-830,0,67,2195939,2206317,0,2205487,0,0,0,0,2195939,-562,-10378,-830,0
829,0.8289,0.82890001,0.82890003,0.828901,0.828901,41445001,41445002,-1106248,-1104414,1,0,1,0,0,66,2171620,2205487,0,2202778,0,0,0,0,2171620,-1834,-33867,-2709,0,66,2171620,2205487,0,2202778,0,0,0,0,2171620,-1834,-33867,-2709,0
830,0.8299,0.82990001,0.82990003,0.829901,0.829901,41495001,41495002,-1053819,-1052000,1,0,1,0,0,66,2169188,2202778,0,2200091,0,0,0,0,2169188,-1819,-33590,-2687,0,66,2169188,2202778,0,2200091,0,0,0,0,2169188,-1819,-33590,-2687,0
831,0.8309,0.83090001,0.83090003,0.830901,0.830901,41545001,41545002,-1001390,-999920,1,0,1,0,0,66,2172946,2200091,0,2197919,0,0,0,0,2172946,-1470,-27145,-2172,0,66,2172946,2200091,0,2197919,0,0,0,0,2172946,-1470,-27145,-2172,0
832,0.8319,0.83190001,0.83190003,0.831901,0.831901,41595001,41595002,-948961,-946313,1,0,1,0,0,66,2149020,2197919,0,2194007,0,0,0,0,2149020,-2648,-48899,-3912,0,66,2149020,2197919,0,2194007,0,0,0,0,2149020,-2648,-48899,-3912,0
833,0.8329,0.83290001,0.83290003,0.832901,0.832901,41645001,41645002,-896532,-897029,1,0,1,0,0,67,2203185,2194007,0,2194741,0,0,0,0,2203185,497,9178,734,0,67,2203185,2194007,0,2194741,0,0,0,0,2203185,497,9178,734,0
834,0.8339,0.83390001,0.83390003,0.833901,0.833901,41695001,41695002,-844104,-841935,1,0,1,0,0,66,2154688,2194741,0,2191537,0,0,0,0,2154688,-2169,-40053,-3204,0,66,2154688,2194741,0,2191537,0,0,0,0,2154688,-2169,-40053,-3204,0
835,0.8349,0.83490001,0.83490003,0.834901,0.834901,41745001,41745002,-791675,-788132,1,0,1,0,0,65,2126111,2191537,0,2186303,0,0,0,0,2126111,-3543,-65426,-5234,0,65,2126111,2191537,0,2186303,0,0,0,0,2126111,-3543,-65426,-5234,0
836,0.8359,0.83590001,0.83590003,0.835901,0.835901,41795001,41795002,-739246,-735584,1,0,1,0,0,65,2118679,2186303,0,2180893,0,0,0,0,2118679,-3662,-67624,-5410,0,65,2118679,2186303,0,2180893,0,0,0,0,2118679,-3662,-67624,-5410,0
837,0.8369,0.83690001,0.83690003,0.836901,0.836901,41845001,41845002,-686817,-683066,1,0,1,0,0,64,2111626,2180893,0,2175352,0,0,0,0,2111626,-3751,-69267,-5541,0,64,2111626,2180893,0,2175352,0,0,0,0,2111626,-3751,-69267,-5541,0
838,0.8379,0.83790001,0.83790003,0.837901,0.837901,41895001,41895002,-634388,-634235,1,0,1,0,0,66,2172527,2175352,0,2175126,0,0,0,0,2172527,-153,-2825,-226,0,66,2172527,2175352,0,2175126,0,0,0,0,2172527,-153,-2825,-226,0
839,0.8389,0.83890001,0.83890003,0.838901,0.838901,41945001,41945002,-581960,-579788,1,0,1,0,0,65,2135017,2175126,0,2171917,0,0,0,0,2135017,-2172,-40109,-3209,0,65,2135017,2175126,0,2171917,0,0,0,0,2135017,-2172,-40109,-3209,0
840,0.8399,0.83990001,0.83990003,0.839901,0.839901,41995001,41995002,-529531,-529909,1,0,1,0,0,66,2178897,2171917,0,2172475,0,0,0,0,2178897,378,6980,558,0,66,2178897,2171917,0,2172475,0,0,0,0,2178897,378,6980,558,0
841,0.8409,0.84090001,0.84090003,0.840901,0.840901,42045001,42045002,-477102,-479303,1,0,1,0,0,68,2213119,2172475,0,2175727,0,0,0,0,2213119,2201,40644,3252,0,68,2213119,2172475,0,2175727,0,0,0,0,2213119,2201,40644,3252,0
842,0.8419,0.84190001,0.84190003,0.841901,0.841901,42095001,42095002,-424673,-422589,1,0,1,0,0,65,2137243,2175727,0,2172648,0,0,0,0,2137243,-2084,-38484,-3079,0,65,2137243,2175727,0,2172648,0,0,0,0,2137243,-2084,-38484,-3079,0
843,0.8429,0.84290001,0.84290003,0.842901,0.842901,42145001,42145002,-372244,-374169,1,0,1,0,0,67,2208196,2172648,0,2175492,0,0,0,0,2208196,1925,35548,2844,0,67,2208196,2172648,0,2175492,0,0,0,0,2208196,1925,35548,2844,0
844,0.8439,0.84390001,0.84390003,0.843901,0.843901,42195001,42195002,-319816,-320160,1,0,1,0,0,67,2181844,2175492,0,2176000,0,0,0,0,2181844,344,6352,508,0,67,2181844,2175492,0,2176000,0,0,0,0,2181844,344,6352,508,0
845,0.8449,0.84490001,0.84490003,0.844901,0.844901,42245001,42245002,-267387,-270714,1,0,1,0,0,68,2237437,2176000,0,2180915,0,0,0,0,2237437,3327,61437,4915,0,68,2237437,2176000,0,2180915,0,0,0,0,2237437,3327,61437,4915,0
846,0.8459,0.84590001,0.84590003,0.845901,0.845901,42295001,42295002,-214958,-227935,1,0,1,0,0,74,2420552,2180915,0,2200086,0,0,0,0,2420552,12977,239637,19171,0,74,2420552,2180915,0,2200086,0,0,0,0,2420552,12977,239637,19171,0
847,0.8469,0.84690001,0.84690003,0.846901,0.846901,42345001,42345002,-162529,-179182,1,0,1,0,0,77,2507605,2200086,0,2224688,0,0,0,0,2507605,16653,307519,24602,0,77,2507605,2200086,0,2224688,0,0,0,0,2507605,16653,307519,24602,0
848,0.8479,0.84790001,0.84790003,0.847901,0.847901,42395001,42395002,-110100,-121233,1,0,1,0,0,74,2430273,2224688,0,2241135,0,0,0,0,2430273,11133,205585,16447,0,74,2430273,2224688,0,2241135,0,0,0,0,2430273,11133,205585,16447,0
849,0.8489,0.84890001,0.84890003,0.848901,0.848901,42445001,42445002,-57672,-64416,1,0,1,0,0,72,2365672,2241135,0,2251098,0,0,0,0,2365672,6744,124537,9963,0,72,2365672,2241135,0,2251098,0,0,0,0,2365672,6744,124537,9963,0
850,0.8499,0.84990001,0.84990003,0.849901,0.849901,42495001,42495002,-5243,-7746,1,0,1,0,0,70,2297319,2251098,0,2254796,0,0,0,0,2297319,2503,46221,3698,0,70,2297319,2251098,0,2254796,0,0,0,0,2297319,2503,46221,3698,0
851,0.8509,0.85090001,0.85090003,0.850901,0.850901,42545001,42545002,0,49286,1,0,1,0,0,41,1344667,2254796,0,2181986,0,0,0,0,1344667,-49286,-910129,-72810,0,41,1344667,2254796,0,2181986,0,0,0,0,1344667,-49286,-910129,-72810,0
852,0.8519,0.85190001,0.85190003,0.851901,0.851901,42595001,42595002,0,83790,1,0,1,0,0,19,634697,2181986,0,2058203,0,0,0,0,634697,-83790,-1547289,-123783,0,19,634697,2181986,0,2058203,0,0,0,0,634697,-83790,-1547289,-123783,0
853,0.8529,0.85290001,0.85290003,0.852901,0.852901,42645001,42645002,0,107130,1,0,1,0,0,2,79911,2058203,0,1899940,0,0,0,0,79911,-107130,-1978292,-158263,0,2,79911,2058203,0,1899940,0,0,0,0,79911,-107130,-1978292,-158263,0
854,0.8539,0.85390001,0.85390003,0.853901,0.853901,42695001,42695002,0,113387,1,0,1,0,0,-6,-193896,1899940,0,1732433,0,0,0,0,-193896,-113387,-2093836,-167507,0,-6,-193896,1899940,0,1732433,0,0,0,0,-193896,-113387,-2093836,-167507,0
855,0.8549,0.85490001,0.85490003,0.854901,0.854901,42745001,42745002,0,119687,1,0,1,0,0,-15,-477740,1732433,0,1555619,0,0,0,0,-477740,-119687,-2210173,-176814,0,-15,-477740,1732433,0,1555619,0,0,0,0,-477740,-119687,-2210173,-176814,0
856,0.8559,0.85590001,0.85590003,0.855901,0.855901,42795001,42795002,0,125845,1,0,1,0,0,-23,-768270,1555619,0,1369708,0,0,0,0,-768270,-125845,-2323889,-185911,0,-23,-768270,1555619,0,1369708,0,0,0,0,-768270,-125845,-2323889,-185911,0
857,0.8569,0.85690001,0.85690003,0.856901,0.856901,42845001,42845002,0,131431,1,0,1,0,0,-32,-1057333,1369708,0,1175545,0,0,0,0,-1057333,-131431,-2427041,-194163,0,-32,-1057333,1369708,0,1175545,0,0,0,0,-1057333,-131431,-2427041,-194163,0
858,0.8579,0.85790001,0.85790003,0.857901,0.857901,42895001,42895002,0,136738,1,0,1,0,0,-41,-1349497,1175545,0,973542,0,0,0,0,-1349497,-136738,-2525042,-202003,0,-41,-1349497,1175545,0,973542,0,0,0,0,-1349497,-136738,-2525042,-202003,0
859,0.8589,0.85890001,0.85890003,0.858901,0.858901,42945001,42945002,0,142106,1,0,1,0,0,-50,-1650627,973542,0,763608,0,0,0,0,-1650627,-142106,-2624169,-209934,0,-50,-1650627,973542,0,763608,0,0,0,0,-1650627,-142106,-2624169,-209934,0
860,0.8599,0.85990001,0.85990003,0.859901,0.859901,42995001,42995002,0,147220,1,0,1,0,0,-60,-1954997,763608,0,546120,0,0,0,0,-1954997,-147220,-2718605,-217488,0,-60,-1954997,763608,0,546120,0,0,0,0,-1954997,-147220,-2718605,-217488,0
861,0.8609,0.86090001,0.86090003,0.860901,0.860901,43045001,43045002,0,152140,1,0,1,0,0,-69,-2263340,546120,0,321363,0,0,0,0,-2263340,-152140,-2809460,-224757,0,-69,-2263340,546120,0,321363,0,0,0,0,-2263340,-152140,-2809460,-224757,0
862,0.8619,0.86190001,0.86190003,0.861901,0.861901,43095001,43095002,0,156820,1,0,1,0,0,-79,-2574519,321363,0,89692,0,0,0,0,-2574519,-156820,-2895882,-231671,0,-79,-2574519,321363,0,89692,0,0,0,0,-2574519,-156820,-2895882,-231671,0
863,0.8629,0.86290001,0.86290003,0.862901,0.862901,43145001,43145002,0,161209,1,0,1,0,0,-88,-2887238,89692,0,-148462,0,0,0,0,-2887238,-161209,-2976930,-238154,0,-88,-2887238,89692,0,-148462,0,0,0,0,-2887238,-161209,-2976930,-238154,0
864,0.8639,0.86390001,0.86390003,0.863901,0.863901,43195001,43195002,0,165183,1,0,1,0,0,-98,-3198777,-148462,0,-392487,0,0,0,0,-3198777,-165183,-3050315,-244025,0,-98,-3198777,-148462,0,-392487,0,0,0,0,-3198777,-165183,-3050315,-244025,0
865,0.8649,0.86490001,0.86490003,0.864901,0.864901,43245001,43245002,0,168674,1,0,1,0,0,-107,-3507268,-392487,0,-641670,0,0,0,0,-3507268,-168674,-3114781,-249183,0,-107,-3507268,-392487,0,-641670,0,0,0,0,-3507268,-168674,-3114781,-249183,0
866,0.8659,0.86590001,0.86590003,0.865901,0.865901,43295001,43295002,0,171735,1,0,1,0,0,-116,-3812976,-641670,0,-895375,0,0,0,0,-3812976,-171735,-3171306,-253705,0,-116,-3812976,-641670,0,-895375,0,0,0,0,-3812976,-171735,-3171306,-253705,0
867,0.8669,0.86690001,0.86690003,0.866901,0.866901,43345001,43345002,0,174288,1,0,1,0,0,-126,-4113826,-895375,0,-1152851,0,0,0,0,-4113826,-174288,-3218451,-257476,0,-126,-4113826,-895375,0,-1152851,0,0,0,0,-4113826,-174288,-3218451,-257476,0
868,0.8679,0.86790001,0.86790003,0.867901,0.867901,43395001,43395002,0,176264,1,0,1,0,0,-135,-4407791,-1152851,0,-1413246,0,0,0,0,-4407791,-176264,-3254940,-260395,0,-135,-4407791,-1152851,0,-1413246,0,0,0,0,-4407791,-176264,-3254940,-260395,0
869,0.8689,0.86890001,0.86890003,0.868901,0.868901,43445001,43445002,0,177729,1,0,1,0,0,-143,-4695239,-1413246,0,-1675806,0,0,0,0,-4695239,-177729,-3281993,-262560,0,-143,-4695239,-1413246,0,-1675806,0,0,0,0,-4695239,-177729,-3281993,-262560,0
870,0.8699,0.86990001,0.86990003,0.869901,0.869901,43495001,43495002,0,178962,1,0,1,0,0,-152,-4980568,-1675806,0,-1940187,0,0,0,0,-4980568,-178962,-3304762,-264381,0,-152,-4980568,-1675806,0,-1940187,0,0,0,0,-4980568,-178962,-3304762,-264381,0
871,0.8709,0.87090001,0.87090003,0.870901,0.870901,43545001,43545002,0,179672,1,0,1,0,0,-160,-5258060,-1940187,0,-2205617,0,0,0,0,-5258060,-179672,-3317873,-265430,0,-160,-5258060,-1940187,0,-2205617,0,0,0,0,-5258060,-179672,-3317873,-265430,0
872,0.8719,0.87190001,0.87190003,0.871901,0.871901,43595001,43595002,0,179230,1,0,1,0,0,-168,-5515328,-2205617,0,-2470394,0,0,0,0,-5515328,-179230,-3309711,-264777,0,-168,-5515328,-2205617,0,-2470394,0,0,0,0,-5515328,-179230,-3309711,-264777,0
873,0.8729,0.87290001,0.87290003,0.872901,0.872901,43645001,43645002,0,178047,1,0,1,0,0,-176,-5758259,-2470394,0,-2733423,0,0,0,0,-5758259,-178047,-3287865,-263029,0,-176,-5758259,-2470394,0,-2733423,0,0,0,0,-5758259,-178047,-3287865,-263029,0
874,0.8739,0.87390001,0.87390003,0.873901,0.873901,43695001,43695002,0,176606,1,0,1,0,0,-183,-5994679,-2733423,0,-2994323,0,0,0,0,-5994679,-176606,-3261256,-260900,0,-183,-5994679,-2733423,0,-2994323,0,0,0,0,-5994679,-176606,-3261256,-260900,0
875,0.8749,0.87490001,0.87490003,0.874901,0.874901,43745001,43745002,0,174526,1,0,1,0,0,-190,-6217169,-2994323,0,-3252151,0,0,0,0,-6217169,-174526,-3222846,-257828,0,-190,-6217169,-2994323,0,-3252151,0,0,0,0,-6217169,-174526,-3222846,-257828,0
876,0.8759,0.87590001,0.87590003,0.875901,0.875901,43795001,43795002,0,171537,1,0,1,0,0,-196,-6419801,-3252151,0,-3505563,0,0,0,0,-6419801,-171537,-3167650,-253412,0,-196,-6419801,-3252151,0,-3505563,0,0,0,0,-6419801,-171537,-3167650,-253412,0
877,0.8769,0.87690001,0.87690003,0.876901,0.876901,43845001,43845002,0,167720,1,0,1,0,0,-201,-6602727,-3505563,0,-3753336,0,0,0,0,-6602727,-167720,-3097164,-247773,0,-201,-6602727,-3505563,0,-3753336,0,0,0,0,-6602727,-167720,-3097164,-247773,0
878,0.8779,0.87790001,0.87790003,0.877901,0.877901,43895001,43895002,0,163086,1,0,1,0,0,-206,-6764927,-3753336,0,-3994263,0,0,0,0,-6764927,-163086,-3011591,-240927,0,-206,-6764927,-3753336,0,-3994263,0,0,0,0,-6764927,-163086,-3011591,-240927,0
879,0.8789,0.87890001,0.87890003,0.878901,0.878901,43945001,43945002,0,157875,1,0,1,0,0,-211,-6909627,-3994263,0,-4227492,0,0,0,0,-6909627,-157875,-2915364,-233229,0,-211,-6909627,-3994263,0,-4227492,0,0,0,0,-6909627,-157875,-2915364,-233229,0
880,0.8799,0.87990001,0.87990003,0.879901,0.879901,43995001,43995002,0,127391,1,0,1,0,0,-201,-6579930,-4227492,0,-4415687,0,0,0,0,-6579930,-127391,-2352438,-188195,0,-201,-6579930,-4227492,0,-4415687,0,0,0,0,-6579930,-127391,-2352438,-188195,0
881,0.8809,0.88090001,0.88090003,0.880901,0.880901,44045001,44045002,0,8252,1,0,1,0,0,-139,-4568071,-4415687,0,-4427878,0,0,0,0,-4568071,-8252,-152384,-12191,0,-139,-4568071,-4415687,0,-4427878,0,0,0,0,-4568071,-8252,-152384,-12191,0
882,0.8819,0.88190001,0.88190003,0.881901,0.881901,44095001,44095002,0,-101567,1,0,1,0,0,-78,-2552314,-4427878,0,-4277833,0,0,0,0,-2552314,101567,1875564,150045,0,-78,-2552314,-4427878,0,-4277833,0,0,0,0,-2552314,101567,1875564,150045,0
883,0.8829,0.88290001,0.88290003,0.882901,0.882901,44145001,44145002,0,-171351,1,0,1,0,0,-34,-1113618,-4277833,0,-4024696,0,0,0,0,-1113618,171351,3164215,253137,0,-34,-1113618,-4277833,0,-4024696,0,0,0,0,-1113618,171351,3164215,253137,0
884,0.8839,0.88390001,0.88390003,0.883901,0.883901,44195001,44195002,0,-192777,1,0,1,0,0,-14,-464822,-4024696,0,-3739906,0,0,0,0,-464822,192777,3559874,284790,0,-14,-464822,-4024696,0,-3739906,0,0,0,0,-464822,192777,3559874,284790,0
885,0.8849,0.88490001,0.88490003,0.884901,0.884901,44245001,44245002,0,-206594,1,0,1,0,0,2,75116,-3739906,0,-3434704,0,0,0,0,75116,206594,3815022,305202,0,2,75116,-3739906,0,-3434704,0,0,0,0,75116,206594,3815022,305202,0
886,0.8859,0.88590001,0.88590003,0.885901,0.885901,44295001,44295002,0,-212607,1,0,1,0,0,15,491356,-3434704,0,-3120619,0,0,0,0,491356,212607,3926060,314085,0,15,491356,-3434704,0,-3120619,0,0,0,0,491356,212607,3926060,314085,0
887,0.8869,0.88690001,0.88690003,0.886901,0.886901,44345001,44345002,0,-218671,1,0,1,0,0,28,917420,-3120619,0,-2797576,0,0,0,0,917420,218671,4038039,323043,0,28,917420,-3120619,0,-2797576,0,0,0,0,917420,218671,4038039,323043,0
888,0.8879,0.88790001,0.88790003,0.887901,0.887901,44395001,44395002,0,-224187,1,0,1,0,0,41,1342323,-2797576,0,-2466384,0,0,0,0,1342323,224187,4139899,331192,0,41,1342323,-2797576,0,-2466384,0,0,0,0,1342323,224187,4139899,331192,0
889,0.8889,0.88890001,0.88890003,0.888901,0.888901,44445001,44445002,0,-229685,1,0,1,0,0,54,1775043,-2466384,0,-2127070,0,0,0,0,1775043,229685,4241427,339314,0,54,1775043,-2466384,0,-2127070,0,0,0,0,1775043,229685,4241427,339314,0
890,0.8899,0.88990001,0.88990003,0.889901,0.889901,44495001,44495002,0,-234931,1,0,1,0,0,67,2211231,-2127070,0,-1780006,0,0,0,0,2211231,234931,4338301,347064,0,67,2211231,-2127070,0,-1780006,0,0,0,0,2211231,234931,4338301,347064,0
891,0.8909,0.89090001,0.89090003,0.890901,0.890901,44545001,44545002,0,-239910,1,0,1,0,0,81,2650239,-1780006,0,-1425586,0,0,0,0,2650239,239910,4430245,354420,0,81,2650239,-1780006,0,-1425586,0,0,0,0,2650239,239910,4430245,354420,0
892,0.8919,0.89190001,0.89190003,0.891901,0.891901,44595001,44595002,0,-244738,1,0,1,0,0,94,3093814,-1425586,0,-1064034,0,0,0,0,3093814,244738,4519400,361552,0,94,3093814,-1425586,0,-1064034,0,0,0,0,3093814,244738,4519400,361552,0
893,0.8929,0.89290001,0.89290003,0.892901,0.892901,44645001,44645002,0,-249222,1,0,1,0,0,108,3538169,-1064034,0,-695858,0,0,0,0,3538169,249222,4602203,368176,0,108,3538169,-1064034,0,-695858,0,0,0,0,3538169,249222,4602203,368176,0
894,0.8939,0.89390001,0.89390003,0.893901,0.893901,44695001,44695002,0,-253180,1,0,1,0,0,121,3979434,-695858,0,-321835,0,0,0,0,3979434,253180,4675292,374023,0,121,3979434,-695858,0,-321835,0,0,0,0,3979434,253180,4675292,374023,0
895,0.8949,0.89490001,0.89490003,0.894901,0.894901,44745001,44745002,0,-256464,1,0,1,0,0,135,4414101,-321835,0,57040,0,0,0,0,4414101,256464,4735936,378875,0,135,4414101,-321835,0,57040,0,0,0,0,4414101,256464,4735936,378875,0
896,0.8959,0.89590001,0.89590003,0.895901,0.895901,44795001,44795002,0,-259229,1,0,1,0,0,148,4844035,57040,0,440000,0,0,0,0,4844035,259229,4786995,382960,0,148,4844035,57040,0,440000,0,0,0,0,4844035,259229,4786995,382960,0
897,0.8969,0.89690001,0.89690003,0.896901,0.896901,44845001,44845002,0,-261308,1,0,1,0,0,161,5265386,440000,0,826031,0,0,0,0,5265386,261308,4825386,386031,0,161,5265386,440000,0,826031,0,0,0,0,5265386,261308,4825386,386031,0
898,0.8979,0.89790001,0.89790003,0.897901,0.897901,44895001,44895002,0,-262736,1,0,1,0,0,173,5677787,826031,0,1214172,0,0,0,0,5677787,262736,4851756,388141,0,173,5677787,826031,0,1214172,0,0,0,0,5677787,262736,4851756,388141,0
899,0.8989,0.89890001,0.89890003,0.898901,0.898901,44945001,44945002,0,-263873,1,0,1,0,0,186,6086924,1214172,0,1603992,0,0,0,0,6086924,263873,4872752,389820,0,186,6086924,1214172,0,1603992,0,0,0,0,6086924,263873,4872752,389820,0
900,0.8999,0.89990001,0.89990003,0.899901,0.899901,44995001,44995002,0,-264208,1,0,1,0,0,198,6482930,1603992,0,1994307,0,0,0,0,6482930,264208,4878938,390315,0,198,6482930,1603992,0,1994307,0,0,0,0,6482930,264208,4878938,390315,0
901,0.9009,0.90090001,0.90090003,0.900901,0.900901,45045001,45045002,0,-781225,1,0,1,0,0,501,16420625,1994307,0,3148413,0,0,0,0,16420625,781225,14426318,1154106,0,501,16420625,1994307,0,3148413,0,0,0,0,16420625,781225,14426318,1154106,0
902,0.9019,0.90190001,0.90190003,0.901901,0.901901,45095001,45095002,0,-1354876,1,0,1,0,0,860,28167930,3148413,0,5149975,0,0,0,0,28167930,1354876,25019517,2001562,0,860,28167930,3148413,0,5149975,0,0,0,0,28167930,1354876,25019517,2001562,0
903,0.9029,0.90290001,0.90290003,0.902901,0.902901,45145001,45145002,0,-1856168,1,0,1,0,0,1203,39426489,5149975,0,7892097,0,0,0,0,39426489,1856168,34276514,2742122,0,1203,39426489,5149975,0,7892097,0,0,0,0,39426489,1856168,34276514,2742122,0
904,0.9039,0.90390001,0.90390003,0.903901,0.903901,45195001,45195002,0,-1730131,1,0,1,0,0,1216,39841177,7892097,0,10448024,0,0,0,0,39841177,1730131,31949080,2555927,0,1216,39841177,7892097,0,10448024,0,0,0,0,39841177,1730131,31949080,2555927,0
905,0.9049,0.90490001,0.90490003,0.904901,0.904901,45245001,45245002,0,-1389322,1,0,1,0,0,1102,36103630,10448024,0,12500473,0,0,0,0,36103630,1389322,25655606,2052449,0,1102,36103630,10448024,0,12500473,0,0,0,0,36103630,1389322,25655606,2052449,0
906,0.9059,0.90590001,0.90590003,0.905901,0.905901,45295001,45295002,0,-1104497,1,0,1,0,0,1004,32896422,12500473,0,14132149,0,0,0,0,32896422,1104497,20395949,1631676,0,1004,32896422,12500473,0,14132149,0,0,0,0,32896422,1104497,20395949,1631676,0
907,0.9069,0.90690001,0.90690003,0.906901,0.906901,45345001,45345002,0,-885970,1,0,1,0,0,931,30492717,14132149,0,15440995,0,0,0,0,30492717,885970,16360568,1308846,0,931,30492717,14132149,0,15440995,0,0,0,0,30492717,885970,16360568,1308846,0
908,0.9079,0.90790001,0.90790003,0.907901,0.907901,45395001,45395002,0,-729045,1,0,1,0,0,882,28903743,15440995,0,16518015,0,0,0,0,28903743,729045,13462748,1077020,0,882,28903743,15440995,0,16518015,0,0,0,0,28903743,729045,13462748,1077020,0
909,0.9089,0.90890001,0.90890003,0.908901,0.908901,45445001,45445002,0,-609153,1,0,1,0,0,847,27766804,16518015,0,17417918,0,0,0,0,27766804,609153,11248789,899903,0,847,27766804,16518015,0,17417918,0,0,0,0,27766804,609153,11248789,899903,0
910,0.9099,0.90990001,0.90990003,0.909901,0.909901,45495001,45495002,0,-517612,1,0,1,0,0,823,26976285,17417918,0,18182588,0,0,0,0,26976285,517612,9558367,764670,0,823,26976285,17417918,0,18182588,0,0,0,0,26976285,517612,9558367,764670,0
911,0.9109,0.91090001,0.91090003,0.910901,0.910901,45545001,45545002,0,-447566,1,0,1,0,0,807,26447466,18182588,0,18843778,0,0,0,0,26447466,447566,8264878,661190,0,807,26447466,18182588,0,18843778,0,0,0,0,26447466,447566,8264878,661190,0
912,0.9119,0.91190001,0.91190003,0.911901,0.911901,45595001,45595002,0,-392003,1,0,1,0,0,796,26082614,18843778,0,19422885,0,0,0,0,26082614,392003,7238836,579107,0,796,26082614,18843778,0,19422885,0,0,0,0,26082614,392003,7238836,579107,0
913,0.9129,0.91290001,0.91290003,0.912901,0.912901,45645001,45645002,0,-346663,1,0,1,0,0,788,25824460,19422885,0,19935011,0,0,0,0,25824460,346663,6401575,512126,0,788,25824460,19422885,0,19935011,0,0,0,0,25824460,346663,6401575,512126,0
914,0.9139,0.91390001,0.91390003,0.913901,0.913901,45695001,45695002,0,-304310,1,0,1,0,0,780,25554484,19935011,0,20384569,0,0,0,0,25554484,304310,5619473,449558,0,780,25554484,19935011,0,20384569,0,0,0,0,25554484,304310,5619473,449558,0
915,0.9149,0.91490001,0.91490003,0.914901,0.914901,45745001,45745002,0,-271656,1,0,1,0,0,775,25401044,20384569,0,20785887,0,0,0,0,25401044,271656,5016475,401318,0,775,25401044,20384569,0,20785887,0,0,0,0,25401044,271656,5016475,401318,0
916,0.9159,0.91590001,0.91590003,0.915901,0.915901,45795001,45795002,0,-240895,1,0,1,0,0,770,25234321,20785887,0,21141762,0,0,0,0,25234321,240895,4448434,355875,0,770,25234321,20785887,0,21141762,0,0,0,0,25234321,240895,4448434,355875,0
917,0.9169,0.91690001,0.91690003,0.916901,0.916901,45845001,45845002,0,-213909,1,0,1,0,0,766,25091865,21141762,0,21457770,0,0,0,0,25091865,213909,3950103,316008,0,766,25091865,21141762,0,21457770,0,0,0,0,25091865,213909,3950103,316008,0
918,0.9179,0.91790001,0.91790003,0.917901,0.917901,45895001,45895002,0,-192244,1,0,1,0,0,763,25007801,21457770,0,21741773,0,0,0,0,25007801,192244,3550031,284003,0,763,25007801,21457770,0,21741773,0,0,0,0,25007801,192244,3550031,284003,0
919,0.9189,0.91890001,0.91890003,0.918901,0.918901,45945001,45945002,0,-173955,1,0,1,0,0,762,24954074,21741773,0,21998757,0,0,0,0,24954074,173955,3212301,256984,0,762,24954074,21741773,0,21998757,0,0,0,0,24954074,173955,3212301,256984,0
920,0.9199,0.91990001,0.91990003,0.919901,0.919901,45995001,45995002,0,-152964,1,0,1,0,0,758,24823433,21998757,0,22224731,0,0,0,0,24823433,152964,2824676,225974,0,758,24823433,21998757,0,22224731,0,0,0,0,24823433,152964,2824676,225974,0
921,0.9209,0.92090001,0.92090003,0.920901,0.920901,46045001,46045002,0,-137556,1,0,1,0,0,756,24764878,22224731,0,22427943,0,0,0,0,24764878,137556,2540147,203212,0,756,24764878,22224731,0,22427943,0,0,0,0,24764878,137556,2540147,203212,0
922,0.9219,0.92190001,0.92190003,0.921901,0.921901,46095001,46095002,0,-122678,1,0,1,0,0,754,24693349,22427943,0,22609176,0,0,0,0,24693349,122678,2265406,181233,0,754,24693349,22427943,0,22609176,0,0,0,0,24693349,122678,2265406,181233,0
923,0.9229,0.92290001,0.92290003,0.922901,0.922901,46145001,46145002,0,-108572,1,0,1,0,0,751,24614097,22609176,0,22769570,0,0,0,0,24614097,108572,2004921,160394,0,751,24614097,22609176,0,22769570,0,0,0,0,24614097,108572,2004921,160394,0
924,0.9239,0.92390001,0.92390003,0.923901,0.923901,46195001,46195002,0,-100235,1,0,1,0,0,751,24620537,22769570,0,22917647,0,0,0,0,24620537,100235,1850967,148077,0,751,24620537,22769570,0,22917647,0,0,0,0,24620537,100235,1850967,148077,0
925,0.9249,0.92490001,0.92490003,0.924901,0.924901,46245001,46245002,0,-87421,1,0,1,0,0,749,24531987,22917647,0,23046794,0,0,0,0,24531987,87421,1614340,129147,0,749,24531987,22917647,0,23046794,0,0,0,0,24531987,87421,1614340,129147,0
926,0.9259,0.92590001,0.92590003,0.925901,0.925901,46295001,46295002,0,-77458,1,0,1,0,0,747,24477155,23046794,0,23161223,0,0,0,0,24477155,77458,1430361,114429,0,747,24477155,23046794,0,23161223,0,0,0,0,24477155,77458,1430361,114429,0
927,0.9269,0.92690001,0.92690003,0.926901,0.926901,46345001,46345002,0,-72640,1,0,1,0,0,748,24502613,23161223,0,23268534,0,0,0,0,24502613,72640,1341390,107311,0,748,24502613,23161223,0,23268534,0,0,0,0,24502613,72640,1341390,107311,0
928,0.9279,0.92790001,0.92790003,0.927901,0.927901,46395001,46395002,0,-64013,1,0,1,0,0,746,24450616,23268534,0,23363101,0,0,0,0,24450616,64013,1182082,94567,0,746,24450616,23268534,0,23363101,0,0,0,0,24450616,64013,1182082,94567,0
929,0.9289,0.92890001,0.92890003,0.928901,0.928901,46445001,46445002,0,-56012,1,0,1,0,0,745,24397434,23363101,0,23445848,0,0,0,0,24397434,56012,1034333,82747,0,745,24397434,23363101,0,23445848,0,0,0,0,24397434,56012,1034333,82747,0
930,0.9299,0.92990001,0.92990003,0.929901,0.929901,46495001,46495002,0,-52741,1,0,1,0,0,745,24419778,23445848,0,23523762,0,0,0,0,24419778,52741,973930,77914,0,745,24419778,23445848,0,23523762,0,0,0,0,24419778,52741,973930,77914,0
931,0.9309,0.93090001,0.93090003,0.930901,0.930901,46545001,46545002,0,-46895,1,0,1,0,0,744,24389738,23523762,0,23593040,0,0,0,0,24389738,46895,865976,69278,0,744,24389738,23523762,0,23593040,0,0,0,0,24389738,46895,865976,69278,0
932,0.9319,0.93190001,0.93190003,0.931901,0.931901,46595001,46595002,0,-41487,1,0,1,0,0,743,24359150,23593040,0,23654329,0,0,0,0,24359150,41487,766110,61289,0,743,24359150,23593040,0,23654329,0,0,0,0,24359150,41487,766110,61289,0
933,0.9329,0.93290001,0.93290003,0.932901,0.932901,46645001,46645002,0,-36793,1,0,1,0,0,743,24333759,23654329,0,23708683,0,0,0,0,24333759,36793,679430,54354,0,743,24333759,23654329,0,23708683,0,0,0,0,24333759,36793,679430,54354,0
934,0.9339,0.93390001,0.93390003,0.933901,0.933901,46695001,46695002,0,-32803,1,0,1,0,0,742,24314432,23708683,0,23757143,0,0,0,0,24314432,32803,605749,48460,0,742,24314432,23708683,0,23757143,0,0,0,0,24314432,32803,605749,48460,0
935,0.9349,0.93490001,0.93490003,0.934901,0.934901,46745001,46745002,0,-29438,1,0,1,0,0,742,24300753,23757143,0,23800632,0,0,0,0,24300753,29438,543610,43489,0,742,24300753,23757143,0,23800632,0,0,0,0,24300753,29438,543610,43489,0
936,0.9359,0.93590001,0.93590003,0.935901,0.935901,46795001,46795002,0,-26607,1,0,1,0,0,741,24291964,23800632,0,23839939,0,0,0,0,24291964,26607,491332,39307,0,741,24291964,23800632,0,23839939,0,0,0,0,24291964,26607,491332,39307,0
937,0.9369,0.93690001,0.93690003,0.936901,0.936901,46845001,46845002,0,-24228,1,0,1,0,0,741,24287340,23839939,0,23875731,0,0,0,0,24287340,24228,447401,35792,0,741,24287340,23839939,0,23875731,0,0,0,0,24287340,24228,447401,35792,0
938,0.9379,0.93790001,0.93790003,0.937901,0.937901,46895001,46895002,0,-22229,1,0,1,0,0,741,24286218,23875731,0,23908570,0,0,0,0,24286218,22229,410487,32839,0,741,24286218,23875731,0,23908570,0,0,0,0,24286218,22229,410487,32839,0
939,0.9389,0.93890001,0.93890003,0.938901,0.938901,46945001,46945002,0,-20550,1,0,1,0,0,741,24288052,23908570,0,23938929,0,0,0,0,24288052,20550,379482,30359,0,741,24288052,23908570,0,23938929,0,0,0,0,24288052,20550,379482,30359,0
940,0.9399,0.93990001,0.93990003,0.939901,0.939901,46995001,46995002,0,-19140,1,0,1,0,0,741,24292374,23938929,0,23967205,0,0,0,0,24292374,19140,353445,28276,0,741,24292374,23938929,0,23967205,0,0,0,0,24292374,19140,353445,28276,0
941,0.9409,0.94090001,0.94090003,0.940901,0.940901,47045001,47045002,0,-15269,1,0,1,0,0,740,24249167,23967205,0,23989762,0,0,0,0,24249167,15269,281962,22557,0,740,24249167,23967205,0,23989762,0,0,0,0,24249167,15269,281962,22557,0
942,0.9419,0.94190001,0.94190003,0.941901,0.941901,47095001,47095002,0,-13259,1,0,1,0,0,740,24234606,23989762,0,24009350,0,0,0,0,24234606,13259,244844,19588,0,740,24234606,23989762,0,24009350,0,0,0,0,24234606,13259,244844,19588,0
943,0.9429,0.94290001,0.94290003,0.942901,0.942901,47145001,47145002,0,-12597,1,0,1,0,0,740,24241970,24009350,0,24027960,0,0,0,0,24241970,12597,232620,18610,0,740,24241970,24009350,0,24027960,0,0,0,0,24241970,12597,232620,18610,0
944,0.9439,0.94390001,0.94390003,0.943901,0.943901,47195001,47195002,0,-8546,1,0,1,0,0,738,24185773,24027960,0,24040585,0,0,0,0,24185773,8546,157813,12625,0,738,24185773,24027960,0,24040585,0,0,0,0,24185773,8546,157813,12625,0
945,0.9449,0.94490001,0.94490003,0.944901,0.944901,47245001,47245002,0,-6942,1,0,1,0,0,738,24168778,24040585,0,24050840,0,0,0,0,24168778,6942,128193,10255,0,738,24168778,24040585,0,24050840,0,0,0,0,24168778,6942,128193,10255,0
946,0.9459,0.94590001,0.94590003,0.945901,0.945901,47295001,47295002,0,-6924,1,0,1,0,0,738,24178701,24050840,0,24061069,0,0,0,0,24178701,6924,127861,10229,0,738,24178701,24050840,0,24061069,0,0,0,0,24178701,6924,127861,10229,0
947,0.9469,0.94690001,0.94690003,0.946901,0.946901,47345001,47345002,0,-7316,1,0,1,0,0,738,24196168,24061069,0,24071877,0,0,0,0,24196168,7316,135099,10808,0,738,24196168,24061069,0,24071877,0,0,0,0,24196168,7316,135099,10808,0
948,0.9479,0.94790001,0.94790003,0.947901,0.947901,47395001,47395002,0,-7769,1,0,1,0,0,739,24215342,24071877,0,24083354,0,0,0,0,24215342,7769,143465,11477,0,739,24215342,24071877,0,24083354,0,0,0,0,24215342,7769,143465,11477,0
949,0.9489,0.94890001,0.94890003,0.948901,0.948901,47445001,47445002,0,-8187,1,0,1,0,0,740,24234537,24083354,0,24095449,0,0,0,0,24234537,8187,151183,12095,0,740,24234537,24083354,0,24095449,0,0,0,0,24234537,8187,151183,12095,0
950,0.9499,0.94990001,0.94990003,0.949901,0.949901,47495001,47495002,0,-9248,1,0,1,0,0,741,24266225,24095449,0,24109111,0,0,0,0,24266225,9248,170776,13662,0,741,24266225,24095449,0,24109111,0,0,0,0,24266225,9248,170776,13662,0
951,0.9509,0.95090001,0.95090003,0.950901,0.950901,47545001,47545002,0,-4598,1,0,1,0,0,738,24194019,24109111,0,24115904,0,0,0,0,24194019,4598,84908,6793,0,738,24194019,24109111,0,24115904,0,0,0,0,24194019,4598,84908,6793,0
952,0.9519,0.95190001,0.95190003,0.951901,0.951901,47595001,47595002,0,-1828,1,0,1,0,0,737,24149660,24115904,0,24118605,0,0,0,0,24149660,1828,33756,2701,0,737,24149660,24115904,0,24118605,0,0,0,0,24149660,1828,33756,2701,0
953,0.9529,0.95290001,0.95290003,0.952901,0.952901,47645001,47645002,0,-2092,1,0,1,0,0,737,24157236,24118605,0,24121696,0,0,0,0,24157236,2092,38631,3091,0,737,24157236,24118605,0,24121696,0,0,0,0,24157236,2092,38631,3091,0
954,0.9539,0.95390001,0.95390003,0.953901,0.953901,47695001,47695002,0,-3107,1,0,1,0,0,738,24179071,24121696,0,24126286,0,0,0,0,24179071,3107,57375,4590,0,738,24179071,24121696,0,24126286,0,0,0,0,24179071,3107,57375,4590,0
955,0.9549,0.95490001,0.95490003,0.954901,0.954901,47745001,47745002,0,-4202,1,0,1,0,0,739,24203881,24126286,0,24132494,0,0,0,0,24203881,4202,77595,6208,0,739,24203881,24126286,0,24132494,0,0,0,0,24203881,4202,77595,6208,0
956,0.9559,0.95590001,0.95590003,0.955901,0.955901,47795001,47795002,0,-5196,1,0,1,0,0,739,24228445,24132494,0,24140170,0,0,0,0,24228445,5196,95951,7676,0,739,24228445,24132494,0,24140170,0,0,0,0,24228445,5196,95951,7676,0
957,0.9569,0.95690001,0.95690003,0.956901,0.956901,47845001,47845002,0,-5161,1,0,1,0,0,740,24235474,24140170,0,24147794,0,0,0,0,24235474,5161,95304,7624,0,740,24235474,24140170,0,24147794,0,0,0,0,24235474,5161,95304,7624,0
958,0.9579,0.95790001,0.95790003,0.957901,0.957901,47895001,47895002,0,-4103,1,0,1,0,0,739,24223561,24147794,0,24153855,0,0,0,0,24223561,4103,75767,6061,0,739,24223561,24147794,0,24153855,0,0,0,0,24223561,4103,75767,6061,0
959,0.9589,0.95890001,0.95890003,0.958901,0.958901,47945001,47945002,0,-3713,1,0,1,0,0,739,24222420,24153855,0,24159340,0,0,0,0,24222420,3713,68565,5485,0,739,24222420,24153855,0,24159340,0,0,0,0,24222420,3713,68565,5485,0
960,0.9599,0.95990001,0.95990003,0.959901,0.959901,47995001,47995002,0,-2162,1,0,1,0,0,739,24199264,24159340,0,24162534,0,0,0,0,24199264,2162,39924,3194,0,739,24199264,24159340,0,24162534,0,0,0,0,24199264,2162,39924,3194,0
961,0.9609,0.96090001,0.96090003,0.960901,0.960901,48045001,48045002,0,-1341,1,0,1,0,0,738,24187297,24162534,0,24164515,0,0,0,0,24187297,1341,24763,1981,0,738,24187297,24162534,0,24164515,0,0,0,0,24187297,1341,24763,1981,0
962,0.9619,0.96190001,0.96190003,0.961901,0.961901,48095001,48095002,0,848,1,0,1,0,0,737,24148856,24164515,0,24163262,0,0,0,0,24148856,-848,-15659,-1253,0,737,24148856,24164515,0,24163262,0,0,0,0,24148856,-848,-15659,-1253,0
963,0.9629,0.96290001,0.96290003,0.962901,0.962901,48145001,48145002,0,151,1,0,1,0,0,737,24160474,24163262,0,24163039,0,0,0,0,24160474,-151,-2788,-223,0,737,24160474,24163262,0,24163039,0,0,0,0,24160474,-151,-2788,-223,0
964,0.9639,0.96390001,0.96390003,0.963901,0.963901,48195001,48195002,0,-1210,1,0,1,0,0,738,24185383,24163039,0,24164827,0,0,0,0,24185383,1210,22344,1788,0,738,24185383,24163039,0,24164827,0,0,0,0,24185383,1210,22344,1788,0
965,0.9649,0.96490001,0.96490003,0.964901,0.964901,48245001,48245002,0,-3287,1,0,1,0,0,739,24225526,24164827,0,24169683,0,0,0,0,24225526,3287,60699,4856,0,739,24225526,24164827,0,24169683,0,0,0,0,24225526,3287,60699,4856,0
966,0.9659,0.96590001,0.96590003,0.965901,0.965901,48295001,48295002,0,-2407,1,0,1,0,0,739,24214131,24169683,0,24173239,0,0,0,0,24214131,2407,44448,3556,0,739,24214131,24169683,0,24173239,0,0,0,0,24214131,2407,44448,3556,0
967,0.9669,0.96690001,0.96690003,0.966901,0.966901,48345001,48345002,0,-490,1,0,1,0,0,738,24182287,24173239,0,24173963,0,0,0,0,24182287,490,9048,724,0,738,24182287,24173239,0,24173963,0,0,0,0,24182287,490,9048,724,0
968,0.9679,0.96790001,0.96790003,0.967901,0.967901,48395001,48395002,0,1121,1,0,1,0,0,737,24153262,24173963,0,24172307,0,0,0,0,24153262,-1121,-20701,-1656,0,737,24153262,24173963,0,24172307,0,0,0,0,24153262,-1121,-20701,-1656,0
969,0.9689,0.96890001,0.96890003,0.968901,0.968901,48445001,48445002,0,231,1,0,1,0,0,738,24168041,24172307,0,24171966,0,0,0,0,24168041,-231,-4266,-341,0,738,24168041,24172307,0,24171966,0,0,0,0,24168041,-231,-4266,-341,0
970,0.9699,0.96990001,0.96990003,0.969901,0.969901,48495001,48495002,0,-1202,1,0,1,0,0,738,24194162,24171966,0,24173742,0,0,0,0,24194162,1202,22196,1776,0,738,24194162,24171966,0,24173742,0,0,0,0,24194162,1202,22196,1776,0
971,0.9709,0.97090001,0.97090003,0.970901,0.970901,48545001,48545002,0,-459,1,0,1,0,0,738,24182218,24173742,0,24174420,0,0,0,0,24182218,459,8476,678,0,738,24182218,24173742,0,24174420,0,0,0,0,24182218,459,8476,678,0
972,0.9719,0.97190001,0.97190003,0.971901,0.971901,48595001,48595002,0,-1070,1,0,1,0,0,738,24194179,24174420,0,24176001,0,0,0,0,24194179,1070,19759,1581,0,738,24194179,24174420,0,24176001,0,0,0,0,24194179,1070,19759,1581,0
973,0.9729,0.97290001,0.97290003,0.972901,0.972901,48645001,48645002,0,274,1,0,1,0,0,738,24170941,24176001,0,24175596,0,0,0,0,24170941,-274,-5060,-405,0,738,24170941,24176001,0,24175596,0,0,0,0,24170941,-274,-5060,-405,0
974,0.9739,0.97390001,0.97390003,0.973901,0.973901,48695001,48695002,0,-92,1,0,1,0,0,738,24177295,24175596,0,24175732,0,0,0,0,24177295,92,1699,136,0,738,24177295,24175596,0,24175732,0,0,0,0,24177295,92,1699,136,0
975,0.9749,0.97490001,0.97490003,0.974901,0.974901,48745001,48745002,0,6,1,0,1,0,0,738,24175621,24175732,0,24175723,0,0,0,0,24175621,-6,-111,-9,0,738,24175621,24175732,0,24175723,0,0,0,0,24175621,-6,-111,-9,0
976,0.9759,0.97590001,0.97590003,0.975901,0.975901,48795001,48795002,0,1860,1,0,1,0,0,737,24141376,24175723,0,24172975,0,0,0,0,24141376,-1860,-34347,-2748,0,737,24141376,24175723,0,24172975,0,0,0,0,24141376,-1860,-34347,-2748,0
977,0.9769,0.97690001,0.97690003,0.976901,0.976901,48845001,48845002,0,964,1,0,1,0,0,737,24155174,24172975,0,24171551,0,0,0,0,24155174,-964,-17801,-1424,0,737,24155174,24172975,0,24171551,0,0,0,0,24155174,-964,-17801,-1424,0
978,0.9779,0.97790001,0.97790003,0.977901,0.977901,48895001,48895002,0,-538,1,0,1,0,0,738,24181486,24171551,0,24172346,0,0,0,0,24181486,538,9935,795,0,738,24181486,24171551,0,24172346,0,0,0,0,24181486,538,9935,795,0
979,0.9789,0.97890001,0.97890003,0.978901,0.978901,48945001,48945002,0,-2727,1,0,1,0,0,739,24222704,24172346,0,24176375,0,0,0,0,24222704,2727,50358,4029,0,739,24222704,24172346,0,24176375,0,0,0,0,24222704,2727,50358,4029,0
980,0.9799,0.97990001,0.97990003,0.979901,0.979901,48995001,48995002,0,-1937,1,0,1,0,0,739,24212144,24176375,0,24179237,0,0,0,0,24212144,1937,35769,2862,0,739,24212144,24176375,0,24179237,0,0,0,0,24212144,1937,35769,2862,0
981,0.9809,0.98090001,0.98090003,0.980901,0.980901,49045001,49045002,0,1896,1,0,1,0,0,737,24144225,24179237,0,24176436,0,0,0,0,24144225,-1896,-35012,-2801,0,737,24144225,24179237,0,24176436,0,0,0,0,24144225,-1896,-35012,-2801,0
982,0.9819,0.98190001,0.98190003,0.981901,0.981901,49095001,49095002,0,1781,1,0,1,0,0,737,24143548,24176436,0,24173805,0,0,0,0,24143548,-1781,-32888,-2631,0,737,24143548,24176436,0,24173805,0,0,0,0,24143548,-1781,-32888,-2631,0
983,0.9829,0.98290001,0.98290003,0.982901,0.982901,49145001,49145002,0,375,1,0,1,0,0,738,24166880,24173805,0,24173251,0,0,0,0,24166880,-375,-6925,-554,0,738,24166880,24173805,0,24173251,0,0,0,0,24166880,-375,-6925,-554,0
984,0.9839,0.98390001,0.98390003,0.983901,0.983901,49195001,49195002,0,-1208,1,0,1,0,0,738,24195558,24173251,0,24175036,0,0,0,0,24195558,1208,22307,1785,0,738,24195558,24173251,0,24175036,0,0,0,0,24195558,1208,22307,1785,0
985,0.9849,0.98490001,0.98490003,0.984901,0.984901,49245001,49245002,0,-502,1,0,1,0,0,738,24184306,24175036,0,24175778,0,0,0,0,24184306,502,9270,742,0,738,24184306,24175036,0,24175778,0,0,0,0,24184306,502,9270,742,0
986,0.9859,0.98590001,0.98590003,0.985901,0.985901,49295001,49295002,0,-1118,1,0,1,0,0,738,24196423,24175778,0,24177430,0,0,0,0,24196423,1118,20645,1652,0,738,24196423,24175778,0,24177430,0,0,0,0,24196423,1118,20645,1652,0
987,0.9869,0.98690001,0.98690003,0.986901,0.986901,49345001,49345002,0,-1490,1,0,1,0,0,739,24204945,24177430,0,24179631,0,0,0,0,24204945,1490,27515,2201,0,739,24204945,24177430,0,24179631,0,0,0,0,24204945,1490,27515,2201,0
988,0.9879,0.98790001,0.98790003,0.987901,0.987901,49395001,49395002,0,-381,1,0,1,0,0,738,24186667,24179631,0,24180194,0,0,0,0,24186667,381,7036,563,0,738,24186667,24179631,0,24180194,0,0,0,0,24186667,381,7036,563,0
989,0.9889,0.98890001,0.98890003,0.988901,0.988901,49445001,49445002,0,129,1,0,1,0,0,738,24177812,24180194,0,24180003,0,0,0,0,24177812,-129,-2382,-191,0,738,24177812,24180194,0,24180003,0,0,0,0,24177812,-129,-2382,-191,0
990,0.9899,0.98990001,0.98990003,0.989901,0.989901,49495001,49495002,0,2074,1,0,1,0,0,737,24141704,24180003,0,24176939,0,0,0,0,24141704,-2074,-38299,-3064,0,737,24141704,24180003,0,24176939,0,0,0,0,24141704,-2074,-38299,-3064,0
991,0.9909,0.99090001,0.99090003,0.990901,0.990901,49545001,49545002,0,1179,1,0,1,0,0,737,24155167,24176939,0,24175197,0,0,0,0,24155167,-1179,-21772,-1742,0,737,24155167,24176939,0,24175197,0,0,0,0,24155167,-1179,-21772,-1742,0
992,0.9919,0.99190001,0.99190003,0.991901,0.991901,49595001,49595002,0,-348,1,0,1,0,0,738,24181623,24175197,0,24175711,0,0,0,0,24181623,348,6426,514,0,738,24181623,24175197,0,24175711,0,0,0,0,24181623,348,6426,514,0
993,0.9929,0.99290001,0.99290003,0.992901,0.992901,49645001,49645002,0,-2564,1,0,1,0,0,739,24223059,24175711,0,24179499,0,0,0,0,24223059,2564,47348,3788,0,739,24223059,24175711,0,24179499,0,0,0,0,24223059,2564,47348,3788,0
994,0.9939,0.99390001,0.99390003,0.993901,0.993901,49695001,49695002,0,-1799,1,0,1,0,0,739,24212720,24179499,0,24182157,0,0,0,0,24212720,1799,33221,2658,0,739,24212720,24179499,0,24182157,0,0,0,0,24212720,1799,33221,2658,0
995,0.9949,0.99490001,0.99490003,0.994901,0.994901,49745001,49745002,0,2012,1,0,1,0,0,737,24145003,24182157,0,24179185,0,0,0,0,24145003,-2012,-37154,-2972,0,737,24145003,24182157,0,24179185,0,0,0,0,24145003,-2012,-37154,-2972,0
996,0.9959,0.99590001,0.99590003,0.995901,0.995901,49795001,49795002,0,1879,1,0,1,0,0,737,24144487,24179185,0,24176409,0,0,0,0,24144487,-1879,-34698,-2776,0,737,24144487,24179185,0,24176409,0,0,0,0,24144487,-1879,-34698,-2776,0
997,0.9969,0.99690001,0.99690003,0.996901,0.996901,49845001,49845002,0,457,1,0,1,0,0,738,24167970,24176409,0,24175734,0,0,0,0,24167970,-457,-8439,-675,0,738,24167970,24176409,0,24175734,0,0,0,0,24167970,-457,-8439,-675,0
998,0.9979,0.99790001,0.99790003,0.997901,0.997901,49895001,49895002,0,-247,1,0,1,0,0,738,24180295,24175734,0,24176099,0,0,0,0,24180295,247,4561,365,0,738,24180295,24175734,0,24176099,0,0,0,0,24180295,247,4561,365,0
999,0.9989,0.99890001,0.99890003,0.998901,0.998901,49945001,49945002,0,75,1,0,1,0,0,738,24174714,24176099,0,24175988,0,0,0,0,24174714,-75,-1385,-111,0,738,24174714,24176099,0,24175988,0,0,0,0,24174714,-75,-1385,-111,0
1000,0.9999,0.99990001,0.99990003,0.999901,0.999901,49995001,49995002,0,-188,1,0,1,0,0,738,24179460,24175988,0,24176266,0,0,0,0,24179460,188,3472,278,0,738,24179460,24175988,0,24176266,0,0,0,0,24179460,188,3472,278,0
1001,1.0009,1.00090001,1.00090003,1.000901,1.000901,50045001,50045002,0,804,1,0,1,0,0,737,24161419,24176266,0,24175078,0,0,0,0,24161419,-804,-14847,-1188,0,737,24161419,24176266,0,24175078,0,0,0,0,24161419,-804,-14847,-1188,0
1002,1.0019,1.00190001,1.00190003,1.001901,1.001901,50095001,50095002,0,-357,1,0,1,0,0,738,24181670,24175078,0,24175605,0,0,0,0,24181670,357,6592,527,0,738,24181670,24175078,0,24175605,0,0,0,0,24181670,357,6592,527,0
1003,1.0029,1.00290001,1.00290003,1.002901,1.002901,50145001,50145002,0,-433,1,0,1,0,0,738,24183601,24175605,0,24176245,0,0,0,0,24183601,433,7996,640,0,738,24183601,24175605,0,24176245,0,0,0,0,24183601,433,7996,640,0
1004,1.0039,1.00390001,1.00390003,1.003901,1.003901,50195001,50195002,0,1425,1,0,1,0,0,737,24149931,24176245,0,24174140,0,0,0,0,24149931,-1425,-26314,-2105,0,737,24149931,24176245,0,24174140,0,0,0,0,24149931,-1425,-26314,-2105,0
1005,1.0049,1.00490001,1.00490003,1.004901,1.004901,50245001,50245002,0,578,1,0,1,0,0,737,24163466,24174140,0,24173286,0,0,0,0,24163466,-578,-10674,-854,0,737,24163466,24174140,0,24173286,0,0,0,0,24163466,-578,-10674,-854,0
1006,1.0059,1.00590001,1.00590003,1.005901,1.005901,50295001,50295002,0,-868,1,0,1,0,0,738,24189315,24173286,0,24174568,0,0,0,0,24189315,868,16029,1282,0,738,24189315,24173286,0,24174568,0,0,0,0,24189315,868,16029,1282,0
1007,1.0069,1.00690001,1.00690003,1.006901,1.006901,50345001,50345002,0,-3007,1,0,1,0,0,739,24230096,24174568,0,24179010,0,0,0,0,24230096,3007,55528,4442,0,739,24230096,24174568,0,24179010,0,0,0,0,24230096,3007,55528,4442,0
1008,1.0079,1.00790001,1.00790003,1.007901,1.007901,50395001,50395002,0,-2173,1,0,1,0,0,739,24219137,24179010,0,24182220,0,0,0,0,24219137,2173,40127,3210,0,739,24219137,24179010,0,24182220,0,0,0,0,24219137,2173,40127,3210,0
1009,1.0089,1.00890001,1.00890003,1.008901,1.008901,50445001,50445002,0,-294,1,0,1,0,0,738,24187649,24182220,0,24182654,0,0,0,0,24187649,294,5429,434,0,738,24187649,24182220,0,24182654,0,0,0,0,24187649,294,5429,434,0
1010,1.0099,1.00990001,1.00990003,1.009901,1.009901,50495001,50495002,0,1286,1,0,1,0,0,737,24158906,24182654,0,24180754,0,0,0,0,24158906,-1286,-23748,-1900,0,737,24158906,24182654,0,24180754,0,0,0,0,24158906,-1286,-23748,-1900,0
1011,1.0109,1.01090001,1.01090003,1.010901,1.010901,50545001,50545002,0,370,1,0,1,0,0,738,24173921,24180754,0,24180207,0,0,0,0,24173921,-370,-6833,-547,0,738,24173921,24180754,0,24180207,0,0,0,0,24173921,-370,-6833,-547,0
1012,1.0119,1.01190001,1.01190003,1.011901,1.011901,50595001,50595002,0,-194,1,0,1,0,0,738,24183789,24180207,0,24180494,0,0,0,0,24183789,194,3582,287,0,738,24183789,24180207,0,24180494,0,0,0,0,24183789,194,3582,287,0
1013,1.0129,1.01290001,1.01290003,1.012901,1.012901,50645001,50645002,0,158,1,0,1,0,0,738,24177576,24180494,0,24180261,0,0,0,0,24177576,-158,-2918,-233,0,738,24177576,24180494,0,24180261,0,0,0,0,24177576,-158,-2918,-233,0
1014,1.0139,1.01390001,1.01390003,1.013901,1.013901,50695001,50695002,0,-1073,1,0,1,0,0,739,24200075,24180261,0,24181846,0,0,0,0,24200075,1073,19814,1585,0,739,24200075,24180261,0,24181846,0,0,0,0,24200075,1073,19814,1585,0
1015,1.0149,1.01490001,1.01490003,1.014901,1.014901,50745001,50745002,0,112,1,0,1,0,0,738,24179778,24181846,0,24181681,0,0,0,0,24179778,-112,-2068,-165,0,738,24179778,24181846,0,24181681,0,0,0,0,24179778,-112,-2068,-165,0
1016,1.0159,1.01590001,1.01590003,1.015901,1.015901,50795001,50795002,0,-277,1,0,1,0,0,738,24186796,24181681,0,24182090,0,0,0,0,24186796,277,5115,409,0,738,24186796,24181681,0,24182090,0,0,0,0,24186796,277,5115,409,0
1017,1.0169,1.01690001,1.01690003,1.016901,1.016901,50845001,50845002,0,2135,1,0,1,0,0,737,24142664,24182090,0,24178936,0,0,0,0,24142664,-2135,-39426,-3154,0,737,24142664,24182090,0,24178936,0,0,0,0,24142664,-2135,-39426,-3154,0
1018,1.0179,1.01790001,1.01790003,1.017901,1.017901,50895001,50895002,0,2131,1,0,1,0,0,737,24139584,24178936,0,24175788,0,0,0,0,24139584,-2131,-39352,-3148,0,737,24139584,24178936,0,24175788,0,0,0,0,24139584,-2131,-39352,-3148,0
1019,1.0189,1.01890001,1.01890003,1.018901,1.018901,50945001,50945002,0,728,1,0,1,0,0,737,24162345,24175788,0,24174713,0,0,0,0,24162345,-728,-13443,-1075,0,737,24162345,24175788,0,24174713,0,0,0,0,24162345,-728,-13443,-1075,0
1020,1.0199,1.01990001,1.01990003,1.019901,1.019901,50995001,50995002,0,-879,1,0,1,0,0,738,24190945,24174713,0,24176012,0,0,0,0,24190945,879,16232,1299,0,738,24190945,24174713,0,24176012,0,0,0,0,24190945,879,16232,1299,0
1021,1.0209,1.02090001,1.02090003,1.020901,1.020901,51045001,51045002,0,-3057,1,0,1,0,0,740,24232463,24176012,0,24180528,0,0,0,0,24232463,3057,56451,4516,0,740,24232463,24176012,0,24180528,0,0,0,0,24232463,3057,56451,4516,0
1022,1.0219,1.02190001,1.02190003,1.021901,1.021901,51095001,51095002,0,619,1,0,1,0,0,738,24169097,24180528,0,24179614,0,0,0,0,24169097,-619,-11431,-914,0,738,24169097,24180528,0,24179614,0,0,0,0,24169097,-619,-11431,-914,0
1023,1.0229,1.02290001,1.02290003,1.022901,1.022901,51145001,51145002,0,2559,1,0,1,0,0,736,24132359,24179614,0,24175834,0,0,0,0,24132359,-2559,-47255,-3780,0,736,24132359,24179614,0,24175834,0,0,0,0,24132359,-2559,-47255,-3780,0
1024,1.0239,1.02390001,1.02390003,1.023901,1.023901,51195001,51195002,0,1594,1,0,1,0,0,737,24146399,24175834,0,24173479,0,0,0,0,24146399,-1594,-29435,-2355,0,737,24146399,24175834,0,24173479,0,0,0,0,24146399,-1594,-29435,-2355,0
1025,1.0249,1.02490001,1.02490003,1.024901,1.024901,51245001,51245002,0,-11,1,0,1,0,0,738,24173682,24173479,0,24173495,0,0,0,0,24173682,11,203,16,0,738,24173682,24173479,0,24173495,0,0,0,0,24173682,11,203,16,0
1026,1.0259,1.02590001,1.02590003,1.025901,1.025901,51295001,51295002,0,-1601,1,0,1,0,0,739,24203060,24173495,0,24175860,0,0,0,0,24203060,1601,29565,2365,0,739,24203060,24173495,0,24175860,0,0,0,0,24203060,1601,29565,2365,0
1027,1.0269,1.02690001,1.02690003,1.026901,1.026901,51345001,51345002,0,-2119,1,0,1,0,0,739,24214990,24175860,0,24178990,0,0,0,0,24214990,2119,39130,3130,0,739,24214990,24175860,0,24178990,0,0,0,0,24214990,2119,39130,3130,0
1028,1.0279,1.02790001,1.02790003,1.027901,1.027901,51395001,51395002,0,-1541,1,0,1,0,0,739,24207447,24178990,0,24181267,0,0,0,0,24207447,1541,28457,2277,0,739,24207447,24178990,0,24181267,0,0,0,0,24207447,1541,28457,2277,0
1029,1.0289,1.02890001,1.02890003,1.028901,1.028901,51445001,51445002,0,161,1,0,1,0,0,738,24178294,24181267,0,24181029,0,0,0,0,24178294,-161,-2973,-238,0,738,24178294,24181267,0,24181029,0,0,0,0,24178294,-161,-2973,-238,0
1030,1.0299,1.02990001,1.02990003,1.029901,1.029901,51495001,51495002,0,-101,1,0,1,0,0,738,24182894,24181029,0,24181178,0,0,0,0,24182894,101,1865,149,0,738,24182894,24181029,0,24181178,0,0,0,0,24182894,101,1865,149,0
1031,1.0309,1.03090001,1.03090003,1.030901,1.030901,51545001,51545002,0,2324,1,0,1,0,0,737,24138262,24181178,0,24177745,0,0,0,0,24138262,-2324,-42916,-3433,0,737,24138262,24181178,0,24177745,0,0,0,0,24138262,-2324,-42916,-3433,0
1032,1.0319,1.03190001,1.03190003,1.031901,1.031901,51595001,51595002,0,2302,1,0,1,0,0,737,24135236,24177745,0,24174344,0,0,0,0,24135236,-2302,-42509,-3401,0,737,24135236,24177745,0,24174344,0,0,0,0,24135236,-2302,-42509,-3401,0
1033,1.0329,1.03290001,1.03290003,1.032901,1.032901,51645001,51645002,0,876,1,0,1,0,0,737,24158168,24174344,0,24173050,0,0,0,0,24158168,-876,-16176,-1294,0,737,24158168,24174344,0,24173050,0,0,0,0,24158168,-876,-16176,-1294,0
1034,1.0339,1.03390001,1.03390003,1.033901,1.033901,51695001,51695002,0,-753,1,0,1,0,0,738,24186955,24173050,0,24174162,0,0,0,0,24186955,753,13905,1112,0,738,24186955,24173050,0,24174162,0,0,0,0,24186955,753,13905,1112,0
1035,1.0349,1.03490001,1.03490003,1.034901,1.034901,51745001,51745002,0,-1472,1,0,1,0,0,739,24201344,24174162,0,24176337,0,0,0,0,24201344,1472,27182,2175,0,739,24201344,24174162,0,24176337,0,0,0,0,24201344,1472,27182,2175,0
1036,1.0359,1.03590001,1.03590003,1.035901,1.035901,51795001,51795002,0,-1956,1,0,1,0,0,739,24212457,24176337,0,24179227,0,0,0,0,24212457,1956,36120,2890,0,739,24212457,24176337,0,24179227,0,0,0,0,24212457,1956,36120,2890,0
1037,1.0369,1.03690001,1.03690003,1.036901,1.036901,51845001,51845002,0,1551,1,0,1,0,0,737,24150586,24179227,0,24176936,0,0,0,0,24150586,-1551,-28641,-2291,0,737,24150586,24179227,0,24176936,0,0,0,0,24150586,-1551,-28641,-2291,0
1038,1.0379,1.03790001,1.03790003,1.037901,1.037901,51895001,51895002,0,1391,1,0,1,0,0,737,24151249,24176936,0,24174881,0,0,0,0,24151249,-1391,-25687,-2055,0,737,24151249,24176936,0,24174881,0,0,0,0,24151249,-1391,-25687,-2055,0
1039,1.0389,1.03890001,1.03890003,1.038901,1.038901,51945001,51945002,0,16,1,0,1,0,0,738,24174586,24174881,0,24174857,0,0,0,0,24174586,-16,-295,-24,0,738,24174586,24174881,0,24174857,0,0,0,0,24174586,-16,-295,-24,0
1040,1.0399,1.03990001,1.03990003,1.039901,1.039901,51995001,51995002,0,-626,1,0,1,0,0,738,24186417,24174857,0,24175782,0,0,0,0,24186417,626,11560,925,0,738,24186417,24174857,0,24175782,0,0,0,0,24186417,626,11560,925,0
1041,1.0409,1.04090001,1.04090003,1.040901,1.040901,52045001,52045002,0,-246,1,0,1,0,0,738,24180325,24175782,0,24176145,0,0,0,0,24180325,246,4543,363,0,738,24180325,24175782,0,24176145,0,0,0,0,24180325,246,4543,363,0
1042,1.0419,1.04190001,1.04190003,1.041901,1.041901,52095001,52095002,0,-1425,1,0,1,0,0,739,24202459,24176145,0,24178250,0,0,0,0,24202459,1425,26314,2105,0,739,24202459,24176145,0,24178250,0,0,0,0,24202459,1425,26314,2105,0
1043,1.0429,1.04290001,1.04290003,1.042901,1.042901,52145001,52145002,0,-187,1,0,1,0,0,738,24181703,24178250,0,24178526,0,0,0,0,24181703,187,3453,276,0,738,24181703,24178250,0,24178526,0,0,0,0,24181703,187,3453,276,0
1044,1.0439,1.04390001,1.04390003,1.043901,1.043901,52195001,52195002,0,-530,1,0,1,0,0,738,24188313,24178526,0,24179309,0,0,0,0,24188313,530,9787,783,0,738,24188313,24178526,0,24179309,0,0,0,0,24188313,530,9787,783,0
1045,1.0449,1.04490001,1.04490003,1.044901,1.044901,52245001,52245002,0,1922,1,0,1,0,0,737,24143817,24179309,0,24176470,0,0,0,0,24143817,-1922,-35492,-2839,0,737,24143817,24179309,0,24176470,0,0,0,0,24143817,-1922,-35492,-2839,0
1046,1.0459,1.04590001,1.04590003,1.045901,1.045901,52295001,52295002,0,1952,1,0,1,0,0,737,24140424,24176470,0,24173586,0,0,0,0,24140424,-1952,-36046,-2884,0,737,24140424,24176470,0,24173586,0,0,0,0,24140424,-1952,-36046,-2884,0
1047,1.0469,1.04690001,1.04690003,1.046901,1.046901,52345001,52345002,0,577,1,0,1,0,0,737,24162931,24173586,0,24172734,0,0,0,0,24162931,-577,-10655,-852,0,737,24162931,24173586,0,24172734,0,0,0,0,24162931,-577,-10655,-852,0
1048,1.0479,1.04790001,1.04790003,1.047901,1.047901,52395001,52395002,0,-1005,1,0,1,0,0,738,24191293,24172734,0,24174219,0,0,0,0,24191293,1005,18559,1485,0,738,24191293,24172734,0,24174219,0,0,0,0,24191293,1005,18559,1485,0
1049,1.0489,1.04890001,1.04890003,1.048901,1.048901,52445001,52445002,0,-3162,1,0,1,0,0,740,24232609,24174219,0,24178890,0,0,0,0,24232609,3162,58390,4671,0,740,24232609,24174219,0,24178890,0,0,0,0,24232609,3162,58390,4671,0
1050,1.0499,1.04990001,1.04990003,1.049901,1.049901,52495001,52495002,0,530,1,0,1,0,0,738,24169103,24178890,0,24178107,0,0,0,0,24169103,-530,-9787,-783,0,738,24169103,24178890,0,24178107,0,0,0,0,24169103,-530,-9787,-783,0
1051,1.0509,1.05090001,1.05090003,1.050901,1.050901,52545001,52545002,0,522538,1,0,1,0,0,443,14528775,24178107,0,23406160,0,0,0,0,14528775,-522538,-9649332,-771947,0,443,14528775,24178107,0,23406160,0,0,0,0,14528775,-522538,-9649332,-771947,0
1052,1.0519,1.05190001,1.05190003,1.051901,1.051901,52595001,52595002,0,919221,1,0,1,0,0,196,6431569,23406160,0,22048192,0,0,0,0,6431569,-919221,-16974591,-1357968,0,196,6431569,23406160,0,22048192,0,0,0,0,6431569,-919221,-16974591,-1357968,0
1053,1.0529,1.05290001,1.05290003,1.052901,1.052901,52645001,52645002,0,1103512,1,0,1,0,0,51,1670433,22048192,0,20417971,0,0,0,0,1670433,-1103512,-20377759,-1630221,0,51,1670433,22048192,0,20417971,0,0,0,0,1670433,-1103512,-20377759,-1630221,0
1054,1.0539,1.05390001,1.05390003,1.053901,1.053901,52695001,52695002,0,1167166,1,0,1,0,0,-35,-1135241,20417971,0,18693714,0,0,0,0,-1135241,-1167166,-21553212,-1724257,0,-35,-1135241,20417971,0,18693714,0,0,0,0,-1135241,-1167166,-21553212,-1724257,0
1055,1.0549,1.05490001,1.05490003,1.054901,1.054901,52745001,52745002,0,1181025,1,0,1,0,0,-95,-3115422,18693714,0,16948983,0,0,0,0,-3115422,-1181025,-21809136,-1744731,0,-95,-3115422,18693714,0,16948983,0,0,0,0,-3115422,-1181025,-21809136,-1744731,0
1056,1.0559,1.05590001,1.05590003,1.055901,1.055901,52795001,52795002,0,1186409,1,0,1,0,0,-151,-4959576,16948983,0,15196298,0,0,0,0,-4959576,-1186409,-21908559,-1752685,0,-151,-4959576,16948983,0,15196298,0,0,0,0,-4959576,-1186409,-21908559,-1752685,0
1057,1.0569,1.05690001,1.05690003,1.056901,1.056901,52845001,52845002,0,1191283,1,0,1,0,0,-208,-6802265,15196298,0,13436413,0,0,0,0,-6802265,-1191283,-21998563,-1759885,0,-208,-6802265,15196298,0,13436413,0,0,0,0,-6802265,-1191283,-21998563,-1759885,0
1058,1.0579,1.05790001,1.05790003,1.057901,1.057901,52895001,52895002,0,1195330,1,0,1,0,0,-264,-8636883,13436413,0,11670549,0,0,0,0,-8636883,-1195330,-22073296,-1765864,0,-264,-8636883,13436413,0,11670549,0,0,0,0,-8636883,-1195330,-22073296,-1765864,0
1059,1.0589,1.05890001,1.05890003,1.058901,1.058901,52945001,52945002,0,1198121,1,0,1,0,0,-319,-10454287,11670549,0,9900562,0,0,0,0,-10454287,-1198121,-22124836,-1769987,0,-319,-10454287,11670549,0,9900562,0,0,0,0,-10454287,-1198121,-22124836,-1769987,0
1060,1.0599,1.05990001,1.05990003,1.059901,1.059901,52995001,52995002,0,1199685,1,0,1,0,0,-374,-12253155,9900562,0,8128264,0,0,0,0,-12253155,-1199685,-22153717,-1772298,0,-374,-12253155,9900562,0,8128264,0,0,0,0,-12253155,-1199685,-22153717,-1772298,0
1061,1.0609,1.06090001,1.06090003,1.060901,1.060901,53045001,53045002,0,1199753,1,0,1,0,0,-428,-14026709,8128264,0,6355866,0,0,0,0,-14026709,-1199753,-22154973,-1772398,0,-428,-14026709,8128264,0,6355866,0,0,0,0,-14026709,-1199753,-22154973,-1772398,0
1062,1.0619,1.06190001,1.06190003,1.061901,1.061901,53095001,53095002,0,1198189,1,0,1,0,0,-481,-15770225,6355866,0,4585778,0,0,0,0,-15770225,-1198189,-22126091,-1770088,0,-481,-15770225,6355866,0,4585778,0,0,0,0,-15770225,-1198189,-22126091,-1770088,0
1063,1.0629,1.06290001,1.06290003,1.062901,1.062901,53145001,53145002,0,1194725,1,0,1,0,0,-533,-17476346,4585778,0,2820808,0,0,0,0,-17476346,-1194725,-22062124,-1764970,0,-533,-17476346,4585778,0,2820808,0,0,0,0,-17476346,-1194725,-22062124,-1764970,0
1064,1.0639,1.06390001,1.06390003,1.063901,1.063901,53195001,53195002,0,1178339,1,0,1,0,0,-578,-18938728,2820808,0,1080045,0,0,0,0,-18938728,-1178339,-21759536,-1740763,0,-578,-18938728,2820808,0,1080045,0,0,0,0,-18938728,-1178339,-21759536,-1740763,0
1065,1.0649,1.06490001,1.06490003,1.064901,1.064901,53245001,53245002,0,907360,1,0,1,0,0,-478,-15675517,1080045,0,-260400,0,0,0,0,-15675517,-907360,-16755562,-1340445,0,-478,-15675517,1080045,0,-260400,0,0,0,0,-15675517,-907360,-16755562,-1340445,0
1066,1.0659,1.06590001,1.06590003,1.065901,1.065901,53295001,53295002,0,557508,1,0,1,0,0,-322,-10555498,-260400,0,-1084008,0,0,0,0,-10555498,-557508,-10295098,-823608,0,-322,-10555498,-260400,0,-1084008,0,0,0,0,-10555498,-557508,-10295098,-823608,0
1067,1.0669,1.06690001,1.06690003,1.066901,1.066901,53345001,53345002,0,279141,1,0,1,0,0,-190,-6238703,-1084008,0,-1496384,0,0,0,0,-6238703,-279141,-5154695,-412376,0,-190,-6238703,-1084008,0,-1496384,0,0,0,0,-6238703,-279141,-5154695,-412376,0
1068,1.0679,1.06790001,1.06790003,1.067901,1.067901,53395001,53395002,0,117107,1,0,1,0,0,-112,-3658914,-1496384,0,-1669386,0,0,0,0,-3658914,-117107,-2162530,-173002,0,-112,-3658914,-1496384,0,-1669386,0,0,0,0,-3658914,-117107,-2162530,-173002,0
1069,1.0689,1.06890001,1.06890003,1.068901,1.068901,53445001,53445002,0,20403,1,0,1,0,0,-62,-2046153,-1669386,0,-1699527,0,0,0,0,-2046153,-20403,-376767,-30141,0,-62,-2046153,-1669386,0,-1699527,0,0,0,0,-2046153,-20403,-376767,-30141,0
1070,1.0699,1.06990001,1.06990003,1.069901,1.069901,53495001,53495002,0,-34709,1,0,1,0,0,-32,-1058581,-1699527,0,-1648251,0,0,0,0,-1058581,34709,640946,51276,0,-32,-1058581,-1699527,0,-1648251,0,0,0,0,-1058581,34709,640946,51276,0
1071,1.0709,1.07090001,1.07090003,1.070901,1.070901,53545001,53545002,0,-62281,1,0,1,0,0,-15,-498153,-1648251,0,-1556243,0,0,0,0,-498153,62281,1150098,92008,0,-15,-498153,-1648251,0,-1556243,0,0,0,0,-498153,62281,1150098,92008,0
1072,1.0719,1.07190001,1.07190003,1.071901,1.071901,53595001,53595002,0,-68561,1,0,1,0,0,-9,-290177,-1556243,0,-1454958,0,0,0,0,-290177,68561,1266066,101285,0,-9,-290177,-1556243,0,-1454958,0,0,0,0,-290177,68561,1266066,101285,0
1073,1.0729,1.07290001,1.07290003,1.072901,1.072901,53645001,53645002,0,-74677,1,0,1,0,0,-2,-75952,-1454958,0,-1344637,0,0,0,0,-75952,74677,1379006,110321,0,-2,-75952,-1454958,0,-1344637,0,0,0,0,-75952,74677,1379006,110321,0
1074,1.0739,1.07390001,1.07390003,1.073901,1.073901,53695001,53695002,0,-80892,1,0,1,0,0,5,149137,-1344637,0,-1225135,0,0,0,0,149137,80892,1493774,119502,0,5,149137,-1344637,0,-1225135,0,0,0,0,149137,80892,1493774,119502,0
1075,1.0749,1.07490001,1.07490003,1.074901,1.074901,53745001,53745002,0,-87093,1,0,1,0,0,12,383149,-1225135,0,-1096472,0,0,0,0,383149,87093,1608284,128663,0,12,383149,-1225135,0,-1096472,0,0,0,0,383149,87093,1608284,128663,0
1076,1.0759,1.07590001,1.07590003,1.075901,1.075901,53795001,53795002,0,-93213,1,0,1,0,0,19,624825,-1096472,0,-958768,0,0,0,0,624825,93213,1721297,137704,0,19,624825,-1096472,0,-958768,0,0,0,0,624825,93213,1721297,137704,0
1077,1.0769,1.07690001,1.07690003,1.076901,1.076901,53845001,53845002,0,-98797,1,0,1,0,0,26,865645,-958768,0,-812815,0,0,0,0,865645,98797,1824413,145953,0,26,865645,-958768,0,-812815,0,0,0,0,865645,98797,1824413,145953,0
1078,1.0779,1.07790001,1.07790003,1.077901,1.077901,53895001,53895002,0,-104329,1,0,1,0,0,34,1113753,-812815,0,-658690,0,0,0,0,1113753,104329,1926568,154125,0,34,1113753,-812815,0,-658690,0,0,0,0,1113753,104329,1926568,154125,0
1079,1.0789,1.07890001,1.07890003,1.078901,1.078901,53945001,53945002,0,-109701,1,0,1,0,0,42,1367079,-658690,0,-496628,0,0,0,0,1367079,109701,2025769,162062,0,42,1367079,-658690,0,-496628,0,0,0,0,1367079,109701,2025769,162062,0
1080,1.0799,1.07990001,1.07990003,1.079901,1.079901,53995001,53995002,0,-114949,1,0,1,0,0,50,1626052,-496628,0,-326814,0,0,0,0,1626052,114949,2122680,169814,0,50,1626052,-496628,0,-326814,0,0,0,0,1626052,114949,2122680,169814,0
1081,1.0809,1.08090001,1.08090003,1.080901,1.080901,54045001,54045002,0,-120113,1,0,1,0,0,58,1891226,-326814,0,-149371,0,0,0,0,1891226,120113,2218040,177443,0,58,1891226,-326814,0,-149371,0,0,0,0,1891226,120113,2218040,177443,0
1082,1.0819,1.08190001,1.08190003,1.081901,1.081901,54095001,54095002,0,-125069,1,0,1,0,0,66,2160188,-149371,0,35394,0,0,0,0,2160188,125069,2309559,184765,0,66,2160188,-149371,0,35394,0,0,0,0,2160188,125069,2309559,184765,0
1083,1.0829,1.08290001,1.08290003,1.082901,1.082901,54145001,54145002,0,-129737,1,0,1,0,0,74,2431154,35394,0,227055,0,0,0,0,2431154,129737,2395760,191661,0,74,2431154,35394,0,227055,0,0,0,0,2431154,129737,2395760,191661,0
1084,1.0839,1.08390001,1.08390003,1.083901,1.083901,54195001,54195002,0,-134094,1,0,1,0,0,82,2703272,227055,0,425152,0,0,0,0,2703272,134094,2476217,198097,0,82,2703272,227055,0,425152,0,0,0,0,2703272,134094,2476217,198097,0
1085,1.0849,1.08490001,1.08490003,1.084901,1.084901,54245001,54245002,0,-138133,1,0,1,0,0,91,2975954,425152,0,629216,0,0,0,0,2975954,138133,2550802,204064,0,91,2975954,425152,0,629216,0,0,0,0,2975954,138133,2550802,204064,0
1086,1.0859,1.08590001,1.08590003,1.085901,1.085901,54295001,54295002,0,-141680,1,0,1,0,0,99,3245518,629216,0,838520,0,0,0,0,3245518,141680,2616302,209304,0,99,3245518,629216,0,838520,0,0,0,0,3245518,141680,2616302,209304,0
1087,1.0869,1.08690001,1.08690003,1.086901,1.086901,54345001,54345002,0,-144799,1,0,1,0,0,107,3512419,838520,0,1052432,0,0,0,0,3512419,144799,2673899,213912,0,107,3512419,838520,0,1052432,0,0,0,0,3512419,144799,2673899,213912,0
1088,1.0879,1.08790001,1.08790003,1.087901,1.087901,54395001,54395002,0,-147427,1,0,1,0,0,115,3774860,1052432,0,1270226,0,0,0,0,3774860,147427,2722428,217794,0,115,3774860,1052432,0,1270226,0,0,0,0,3774860,147427,2722428,217794,0
1089,1.0889,1.08890001,1.08890003,1.088901,1.088901,54445001,54445002,0,-149496,1,0,1,0,0,123,4030861,1270226,0,1491077,0,0,0,0,4030861,149496,2760635,220851,0,123,4030861,1270226,0,1491077,0,0,0,0,4030861,149496,2760635,220851,0
1090,1.0899,1.08990001,1.08990003,1.089901,1.089901,54495001,54495002,0,-151004,1,0,1,0,0,131,4279559,1491077,0,1714156,0,0,0,0,4279559,151004,2788482,223079,0,131,4279559,1491077,0,1714156,0,0,0,0,4279559,151004,2788482,223079,0
1091,1.0909,1.09090001,1.09090003,1.090901,1.090901,54545001,54545002,0,-152351,1,0,1,0,0,138,4527512,1714156,0,1939225,0,0,0,0,4527512,152351,2813356,225069,0,138,4527512,1714156,0,1939225,0,0,0,0,4527512,152351,2813356,225069,0
1092,1.0919,1.09190001,1.09190003,1.091901,1.091901,54595001,54595002,0,-153368,1,0,1,0,0,146,4771361,1939225,0,2165796,0,0,0,0,4771361,153368,2832136,226571,0,146,4771361,1939225,0,2165796,0,0,0,0,4771361,153368,2832136,226571,0
1093,1.0929,1.09290001,1.09290003,1.092901,1.092901,54645001,54645002,0,-153623,1,0,1,0,0,153,5002641,2165796,0,2392744,0,0,0,0,5002641,153623,2836845,226948,0,153,5002641,2165796,0,2392744,0,0,0,0,5002641,153623,2836845,226948,0
1094,1.0939,1.09390001,1.09390003,1.093901,1.093901,54695001,54695002,0,-152756,1,0,1,0,0,159,5213579,2392744,0,2618411,0,0,0,0,5213579,152756,2820835,225667,0,159,5213579,2392744,0,2618411,0,0,0,0,5213579,152756,2820835,225667,0
1095,1.0949,1.09490001,1.09490003,1.094901,1.094901,54745001,54745002,0,-151479,1,0,1,0,0,165,5415664,2618411,0,2842191,0,0,0,0,5415664,151479,2797253,223780,0,165,5415664,2618411,0,2842191,0,0,0,0,5415664,151479,2797253,223780,0
1096,1.0959,1.09590001,1.09590003,1.095901,1.095901,54795001,54795002,0,-150024,1,0,1,0,0,171,5612576,2842191,0,3063822,0,0,0,0,5612576,150024,2770385,221631,0,171,5612576,2842191,0,3063822,0,0,0,0,5612576,150024,2770385,221631,0
1097,1.0969,1.09690001,1.09690003,1.096901,1.096901,54845001,54845002,0,-147740,1,0,1,0,0,177,5792030,3063822,0,3282079,0,0,0,0,5792030,147740,2728208,218257,0,177,5792030,3063822,0,3282079,0,0,0,0,5792030,147740,2728208,218257,0
1098,1.0979,1.09790001,1.09790003,1.097901,1.097901,54895001,54895002,0,-144649,1,0,1,0,0,182,5953208,3282079,0,3495769,0,0,0,0,5953208,144649,2671129,213690,0,182,5953208,3282079,0,3495769,0,0,0,0,5953208,144649,2671129,213690,0
1099,1.0989,1.09890001,1.09890003,1.098901,1.098901,54945001,54945002,0,-140787,1,0,1,0,0,186,6095581,3495769,0,3703754,0,0,0,0,6095581,140787,2599812,207985,0,186,6095581,3495769,0,3703754,0,0,0,0,6095581,140787,2599812,207985,0
1100,1.0999,1.09990001,1.09990003,1.099901,1.099901,54995001,54995002,0,-136192,1,0,1,0,0,190,6218713,3703754,0,3904951,0,0,0,0,6218713,136192,2514959,201197,0,190,6218713,3703754,0,3904951,0,0,0,0,6218713,136192,2514959,201197,0
1101,1.1009,1.10090001,1.10090003,1.100901,1.100901,55045001,55045002,0,-130980,1,0,1,0,0,193,6323664,3904951,0,4098448,0,0,0,0,6323664,130980,2418713,193497,0,193,6323664,3904951,0,4098448,0,0,0,0,6323664,130980,2418713,193497,0
1102,1.1019,1.10190001,1.10190003,1.101901,1.101901,55095001,55095002,0,-116893,1,0,1,0,0,191,6257027,4098448,0,4271134,0,0,0,0,6257027,116893,2158579,172686,0,191,6257027,4098448,0,4271134,0,0,0,0,6257027,116893,2158579,172686,0
1103,1.1029,1.10290001,1.10290003,1.102901,1.102901,55145001,55145002,0,-14219,1,0,1,0,0,138,4533706,4271134,0,4292140,0,0,0,0,4533706,14219,262572,21006,0,138,4533706,4271134,0,4292140,0,0,0,0,4533706,14219,262572,21006,0
1104,1.1039,1.10390001,1.10390003,1.103901,1.103901,55195001,55195002,0,89790,1,0,1,0,0,80,2634053,4292140,0,4159493,0,0,0,0,2634053,-89790,-1658087,-132647,0,80,2634053,4292140,0,4159493,0,0,0,0,2634053,-89790,-1658087,-132647,0
1105,1.1049,1.10490001,1.10490003,1.104901,1.104901,55245001,55245002,0,159044,1,0,1,0,0,37,1222542,4159493,0,3924537,0,0,0,0,1222542,-159044,-2936951,-234956,0,37,1222542,4159493,0,3924537,0,0,0,0,1222542,-159044,-2936951,-234956,0
1106,1.1059,1.10590001,1.10590003,1.105901,1.105901,55295001,55295002,0,189832,1,0,1,0,0,13,419047,3924537,0,3644098,0,0,0,0,419047,-189832,-3505490,-280439,0,13,419047,3924537,0,3644098,0,0,0,0,419047,-189832,-3505490,-280439,0
1107,1.1069,1.10690001,1.10690003,1.106901,1.106901,55345001,55345002,0,197445,1,0,1,0,0,0,-1976,3644098,0,3352412,0,0,0,0,-1976,-197445,-3646074,-291686,0,0,-1976,3644098,0,3352412,0,0,0,0,-1976,-197445,-3646074,-291686,0
1108,1.1079,1.10790001,1.10790003,1.107901,1.107901,55395001,55395002,0,203438,1,0,1,0,0,-12,-404331,3352412,0,3051873,0,0,0,0,-404331,-203438,-3756743,-300539,0,-12,-404331,3352412,0,3051873,0,0,0,0,-404331,-203438,-3756743,-300539,0
1109,1.1089,1.10890001,1.10890003,1.108901,1.108901,55445001,55445002,0,209464,1,0,1,0,0,-25,-816147,3051873,0,2742431,0,0,0,0,-816147,-209464,-3868020,-309442,0,-25,-816147,3051873,0,2742431,0,0,0,0,-816147,-209464,-3868020,-309442,0
1110,1.1099,1.10990001,1.10990003,1.109901,1.109901,55495001,55495002,0,215250,1,0,1,0,0,-38,-1232435,2742431,0,2424442,0,0,0,0,-1232435,-215250,-3974866,-317989,0,-38,-1232435,2742431,0,2424442,0,0,0,0,-1232435,-215250,-3974866,-317989,0
1111,1.1109,1.11090001,1.11090003,1.110901,1.110901,55545001,55545002,0,220630,1,0,1,0,0,-50,-1649773,2424442,0,2098505,0,0,0,0,-1649773,-220630,-4074215,-325937,0,-50,-1649773,2424442,0,2098505,0,0,0,0,-1649773,-220630,-4074215,-325937,0
1112,1.1119,1.11190001,1.11190003,1.111901,1.111901,55595001,55595002,0,225645,1,0,1,0,0,-63,-2068318,2098505,0,1765159,0,0,0,0,-2068318,-225645,-4166823,-333346,0,-63,-2068318,2098505,0,1765159,0,0,0,0,-2068318,-225645,-4166823,-333346,0
1113,1.1129,1.11290001,1.11290003,1.112901,1.112901,55645001,55645002,0,230007,1,0,1,0,0,-76,-2482214,1765159,0,1425369,0,0,0,0,-2482214,-230007,-4247373,-339790,0,-76,-2482214,1765159,0,1425369,0,0,0,0,-2482214,-230007,-4247373,-339790,0
1114,1.1139,1.11390001,1.11390003,1.113901,1.113901,55695001,55695002,0,234581,1,0,1,0,0,-89,-2906469,1425369,0,1078822,0,0,0,0,-2906469,-234581,-4331838,-346547,0,-89,-2906469,1425369,0,1078822,0,0,0,0,-2906469,-234581,-4331838,-346547,0
1115,1.1149,1.11490001,1.11490003,1.114901,1.114901,55745001,55745002,0,239002,1,0,1,0,0,-102,-3334655,1078822,0,725744,0,0,0,0,-3334655,-239002,-4413477,-353078,0,-102,-3334655,1078822,0,725744,0,0,0,0,-3334655,-239002,-4413477,-353078,0
1116,1.1159,1.11590001,1.11590003,1.115901,1.115901,55795001,55795002,0,243164,1,0,1,0,0,-115,-3764590,725744,0,366517,0,0,0,0,-3764590,-243164,-4490334,-359227,0,-115,-3764590,725744,0,366517,0,0,0,0,-3764590,-243164,-4490334,-359227,0
1117,1.1169,1.11690001,1.11690003,1.116901,1.116901,55845001,55845002,0,246699,1,0,1,0,0,-128,-4189095,366517,0,2068,0,0,0,0,-4189095,-246699,-4555612,-364449,0,-128,-4189095,366517,0,2068,0,0,0,0,-4189095,-246699,-4555612,-364449,0
1118,1.1179,1.11790001,1.11790003,1.117901,1.117901,55895001,55895002,0,249716,1,0,1,0,0,-141,-4609257,2068,0,-366838,0,0,0,0,-4609257,-249716,-4611325,-368906,0,-141,-4609257,2068,0,-366838,0,0,0,0,-4609257,-249716,-4611325,-368906,0
1119,1.1189,1.11890001,1.11890003,1.118901,1.118901,55945001,55945002,0,252166,1,0,1,0,0,-153,-5023405,-366838,0,-739363,0,0,0,0,-5023405,-252166,-4656567,-372525,0,-153,-5023405,-366838,0,-739363,0,0,0,0,-5023405,-252166,-4656567,-372525,0
1120,1.1199,1.11990001,1.11990003,1.119901,1.119901,55995001,55995002,0,253854,1,0,1,0,0,-166,-5427102,-739363,0,-1114382,0,0,0,0,-5427102,-253854,-4687739,-375019,0,-166,-5427102,-739363,0,-1114382,0,0,0,0,-5427102,-253854,-4687739,-375019,0
1121,1.1209,1.12090001,1.12090003,1.120901,1.120901,56045001,56045002,0,255204,1,0,1,0,0,-178,-5827050,-1114382,0,-1491396,0,0,0,0,-5827050,-255204,-4712668,-377014,0,-178,-5827050,-1114382,0,-1491396,0,0,0,0,-5827050,-255204,-4712668,-377014,0
1122,1.1219,1.12190001,1.12190003,1.121901,1.121901,56095001,56095002,0,256071,1,0,1,0,0,-190,-6220074,-1491396,0,-1869690,0,0,0,0,-6220074,-256071,-4728678,-378294,0,-190,-6220074,-1491396,0,-1869690,0,0,0,0,-6220074,-256071,-4728678,-378294,0
1123,1.1229,1.12290001,1.12290003,1.122901,1.122901,56145001,56145002,0,255520,1,0,1,0,0,-201,-6588193,-1869690,0,-2247170,0,0,0,0,-6588193,-255520,-4718503,-377480,0,-201,-6588193,-1869690,0,-2247170,0,0,0,0,-6588193,-255520,-4718503,-377480,0
1124,1.1239,1.12390001,1.12390003,1.123901,1.123901,56195001,56195002,0,254230,1,0,1,0,0,-212,-6941852,-2247170,0,-2622745,0,0,0,0,-6941852,-254230,-4694682,-375575,0,-212,-6941852,-2247170,0,-2622745,0,0,0,0,-6941852,-254230,-4694682,-375575,0
1125,1.1249,1.12490001,1.12490003,1.124901,1.124901,56245001,56245002,0,252572,1,0,1,0,0,-222,-7286810,-2622745,0,-2995870,0,0,0,0,-7286810,-252572,-4664065,-373125,0,-222,-7286810,-2622745,0,-2995870,0,0,0,0,-7286810,-252572,-4664065,-373125,0
1126,1.1259,1.12590001,1.12590003,1.125901,1.125901,56295001,56295002,0,250030,1,0,1,0,0,-232,-7612994,-2995870,0,-3365240,0,0,0,0,-7612994,-250030,-4617124,-369370,0,-232,-7612994,-2995870,0,-3365240,0,0,0,0,-7612994,-250030,-4617124,-369370,0
1127,1.1269,1.12690001,1.12690003,1.126901,1.126901,56345001,56345002,0,246264,1,0,1,0,0,-241,-7912820,-3365240,0,-3729046,0,0,0,0,-7912820,-246264,-4547580,-363806,0,-241,-7912820,-3365240,0,-3729046,0,0,0,0,-7912820,-246264,-4547580,-363806,0
1128,1.1279,1.12790001,1.12790003,1.127901,1.127901,56395001,56395002,0,241309,1,0,1,0,0,-250,-8185125,-3729046,0,-4085532,0,0,0,0,-8185125,-241309,-4456079,-356486,0,-250,-8185125,-3729046,0,-4085532,0,0,0,0,-8185125,-241309,-4456079,-356486,0
1129,1.1289,1.12890001,1.12890003,1.128901,1.128901,56445001,56445002,0,235399,1,0,1,0,0,-257,-8432475,-4085532,0,-4433288,0,0,0,0,-8432475,-235399,-4346943,-347756,0,-257,-8432475,-4085532,0,-4433288,0,0,0,0,-8432475,-235399,-4346943,-347756,0
1130,1.1299,1.12990001,1.12990003,1.129901,1.129901,56495001,56495002,0,150089,1,0,1,0,0,-220,-7204873,-4433288,0,-4655015,0,0,0,0,-7204873,-150089,-2771585,-221727,0,-220,-7204873,-4433288,0,-4655015,0,0,0,0,-7204873,-150089,-2771585,-221727,0
1131,1.1309,1.13090001,1.13090003,1.130901,1.130901,56545001,56545002,0,6055,1,0,1,0,0,-145,-4766828,-4655015,0,-4663960,0,0,0,0,-4766828,-6055,-111813,-8945,0,-145,-4766828,-4655015,0,-4663960,0,0,0,0,-4766828,-6055,-111813,-8945,0
1132,1.1319,1.13190001,1.13190003,1.131901,1.131901,56595001,56595002,0,-109935,1,0,1,0,0,-80,-2633870,-4663960,0,-4501553,0,0,0,0,-2633870,109935,2030090,162407,0,-80,-2633870,-4663960,0,-4501553,0,0,0,0,-2633870,109935,2030090,162407,0
1133,1.1329,1.13290001,1.13290003,1.132901,1.132901,56645001,56645002,0,-181885,1,0,1,0,0,-35,-1142814,-4501553,0,-4232854,0,0,0,0,-1142814,181885,3358739,268699,0,-35,-1142814,-4501553,0,-4232854,0,0,0,0,-1142814,181885,3358739,268699,0
1134,1.1339,1.13390001,1.13390003,1.133901,1.133901,56695001,56695002,0,-213857,1,0,1,0,0,-9,-283711,-4232854,0,-3916923,0,0,0,0,-283711,213857,3949143,315931,0,-9,-283711,-4232854,0,-3916923,0,0,0,0,-283711,213857,3949143,315931,0
1135,1.1349,1.13490001,1.13490003,1.134901,1.134901,56745001,56745002,0,-222566,1,0,1,0,0,6,193043,-3916923,0,-3588126,0,0,0,0,193043,222566,4109966,328797,0,6,193043,-3916923,0,-3588126,0,0,0,0,193043,222566,4109966,328797,0
1136,1.1359,1.13590001,1.13590003,1.135901,1.135901,56795001,56795002,0,-228267,1,0,1,0,0,19,627116,-3588126,0,-3250907,0,0,0,0,627116,228267,4215242,337219,0,19,627116,-3588126,0,-3250907,0,0,0,0,627116,228267,4215242,337219,0
1137,1.1369,1.13690001,1.13690003,1.136901,1.136901,56845001,56845002,0,-233721,1,0,1,0,0,33,1065050,-3250907,0,-2905630,0,0,0,0,1065050,233721,4315957,345277,0,33,1065050,-3250907,0,-2905630,0,0,0,0,1065050,233721,4315957,345277,0
1138,1.1379,1.13790001,1.13790003,1.137901,1.137901,56895001,56895002,0,-239014,1,0,1,0,0,46,1508069,-2905630,0,-2552534,0,0,0,0,1508069,239014,4413699,353096,0,46,1508069,-2905630,0,-2552534,0,0,0,0,1508069,239014,4413699,353096,0
1139,1.1389,1.13890001,1.13890003,1.138901,1.138901,56945001,56945002,0,-244052,1,0,1,0,0,60,1954198,-2552534,0,-2191995,0,0,0,0,1954198,244052,4506732,360539,0,60,1954198,-2552534,0,-2191995,0,0,0,0,1954198,244052,4506732,360539,0
1140,1.1399,1.13990001,1.13990003,1.139901,1.139901,56995001,56995002,0,-248709,1,0,1,0,0,73,2400735,-2191995,0,-1824577,0,0,0,0,2400735,248709,4592730,367418,0,73,2400735,-2191995,0,-1824577,0,0,0,0,2400735,248709,4592730,367418,0
1141,1.1409,1.14090001,1.14090003,1.140901,1.140901,57045001,57045002,0,-253130,1,0,1,0,0,87,2849792,-1824577,0,-1450627,0,0,0,0,2849792,253130,4674369,373950,0,87,2849792,-1824577,0,-1450627,0,0,0,0,2849792,253130,4674369,373950,0
1142,1.1419,1.14190001,1.14190003,1.141901,1.141901,57095001,57095002,0,-257663,1,0,1,0,0,101,3307450,-1450627,0,-1069981,0,0,0,0,3307450,257663,4758077,380646,0,101,3307450,-1450627,0,-1069981,0,0,0,0,3307450,257663,4758077,380646,0
1143,1.1429,1.14290001,1.14290003,1.142901,1.142901,57145001,57145002,0,-261965,1,0,1,0,0,115,3767538,-1069981,0,-682979,0,0,0,0,3767538,261965,4837519,387002,0,115,3767538,-1069981,0,-682979,0,0,0,0,3767538,261965,4837519,387002,0
1144,1.1439,1.14390001,1.14390003,1.143901,1.143901,57195001,57195002,0,-265673,1,0,1,0,0,129,4223012,-682979,0,-290500,0,0,0,0,4223012,265673,4905991,392479,0,129,4223012,-682979,0,-290500,0,0,0,0,4223012,265673,4905991,392479,0
1145,1.1449,1.14490001,1.14490003,1.144901,1.144901,57245001,57245002,0,-268832,1,0,1,0,0,143,4673826,-290500,0,106646,0,0,0,0,4673826,268832,4964326,397146,0,143,4673826,-290500,0,106646,0,0,0,0,4673826,268832,4964326,397146,0
1146,1.1459,1.14590001,1.14590003,1.145901,1.145901,57295001,57295002,0,-271200,1,0,1,0,0,156,5114701,106646,0,507290,0,0,0,0,5114701,271200,5008055,400644,0,156,5114701,106646,0,507290,0,0,0,0,5114701,271200,5008055,400644,0
1147,1.1469,1.14690001,1.14690003,1.146901,1.146901,57345001,57345002,0,-272767,1,0,1,0,0,169,5544281,507290,0,910249,0,0,0,0,5544281,272767,5036991,402959,0,169,5544281,507290,0,910249,0,0,0,0,5544281,272767,5036991,402959,0
1148,1.1479,1.14790001,1.14790003,1.147901,1.147901,57395001,57395002,0,-273885,1,0,1,0,0,182,5967886,910249,0,1314860,0,0,0,0,5967886,273885,5057637,404611,0,182,5967886,910249,0,1314860,0,0,0,0,5967886,273885,5057637,404611,0
1149,1.1489,1.14890001,1.14890003,1.148901,1.148901,57445001,57445002,0,-274591,1,0,1,0,0,195,6385534,1314860,0,1720514,0,0,0,0,6385534,274591,5070674,405654,0,195,6385534,1314860,0,1720514,0,0,0,0,6385534,274591,5070674,405654,0
1150,1.1499,1.14990001,1.14990003,1.149901,1.149901,57495001,57495002,0,-274084,1,0,1,0,0,207,6781825,1720514,0,2125419,0,0,0,0,6781825,274084,5061311,404905,0,207,6781825,1720514,0,2125419,0,0,0,0,6781825,274084,5061311,404905,0
1151,1.1509,1.15090001,1.15090003,1.150901,1.150901,57545001,57545002,0,-272718,1,0,1,0,0,219,7161505,2125419,0,2528306,0,0,0,0,7161505,272718,5036086,402887,0,219,7161505,2125419,0,2528306,0,0,0,0,7161505,272718,5036086,402887,0
1152,1.1519,1.15190001,1.15190003,1.151901,1.151901,57595001,57595002,0,-270972,1,0,1,0,0,230,7532150,2528306,0,2928614,0,0,0,0,7532150,270972,5003844,400308,0,230,7532150,2528306,0,2928614,0,0,0,0,7532150,270972,5003844,400308,0
1153,1.1529,1.15290001,1.15290003,1.152901,1.152901,57645001,57645002,0,-268263,1,0,1,0,0,241,7882433,2928614,0,3324920,0,0,0,0,7882433,268263,4953819,396306,0,241,7882433,2928614,0,3324920,0,0,0,0,7882433,268263,4953819,396306,0
1154,1.1539,1.15390001,1.15390003,1.153901,1.153901,57695001,57695002,0,-264422,1,0,1,0,0,250,8207810,3324920,0,3715551,0,0,0,0,8207810,264422,4882890,390631,0,250,8207810,3324920,0,3715551,0,0,0,0,8207810,264422,4882890,390631,0
1155,1.1549,1.15490001,1.15490003,1.154901,1.154901,57745001,57745002,0,-259378,1,0,1,0,0,260,8505297,3715551,0,4098731,0,0,0,0,8505297,259378,4789746,383180,0,260,8505297,3715551,0,4098731,0,0,0,0,8505297,259378,4789746,383180,0
1156,1.1559,1.15590001,1.15590003,1.155901,1.155901,57795001,57795002,0,-253091,1,0,1,0,0,268,8772380,4098731,0,4472623,0,0,0,0,8772380,253091,4673649,373892,0,268,8772380,4098731,0,4472623,0,0,0,0,8772380,253091,4673649,373892,0
1157,1.1569,1.15690001,1.15690003,1.156901,1.156901,57845001,57845002,0,-136534,1,0,1,0,0,213,6993898,4472623,0,4674325,0,0,0,0,6993898,136534,2521275,201702,0,213,6993898,4472623,0,4674325,0,0,0,0,6993898,136534,2521275,201702,0
1158,1.1579,1.15790001,1.15790003,1.157901,1.157901,57895001,57895002,0,11885,1,0,1,0,0,136,4454853,4674325,0,4656767,0,0,0,0,4454853,-11885,-219472,-17558,0,136,4454853,4674325,0,4656767,0,0,0,0,4454853,-11885,-219472,-17558,0
1159,1.1589,1.15890001,1.15890003,1.158901,1.158901,57945001,57945002,0,118648,1,0,1,0,0,75,2465780,4656767,0,4481488,0,0,0,0,2465780,-118648,-2190987,-175279,0,75,2465780,4656767,0,4481488,0,0,0,0,2465780,-118648,-2190987,-175279,0
1160,1.1599,1.15990001,1.15990003,1.159901,1.159901,57995001,57995002,0,187259,1,0,1,0,0,31,1023511,4481488,0,4204850,0,0,0,0,1023511,-187259,-3457977,-276638,0,31,1023511,4481488,0,4204850,0,0,0,0,1023511,-187259,-3457977,-276638,0
1161,1.1609,1.16090001,1.16090003,1.160901,1.160901,58045001,58045002,0,214824,1,0,1,0,0,7,237850,4204850,0,3887490,0,0,0,0,237850,-214824,-3967000,-317360,0,7,237850,4204850,0,3887490,0,0,0,0,237850,-214824,-3967000,-317360,0
1162,1.1619,1.16190001,1.16190003,1.161901,1.161901,58095001,58095002,0,225983,1,0,1,0,0,-9,-285575,3887490,0,3553645,0,0,0,0,-285575,-225983,-4173065,-333845,0,-9,-285575,3887490,0,3553645,0,0,0,0,-285575,-225983,-4173065,-333845,0
1163,1.1629,1.16290001,1.16290003,1.162901,1.162901,58145001,58145002,0,231489,1,0,1,0,0,-22,-721095,3553645,0,3211666,0,0,0,0,-721095,-231489,-4274740,-341979,0,-22,-721095,3553645,0,3211666,0,0,0,0,-721095,-231489,-4274740,-341979,0
1164,1.1639,1.16390001,1.16390003,1.163901,1.163901,58195001,58195002,0,236922,1,0,1,0,0,-36,-1163402,3211666,0,2861661,0,0,0,0,-1163402,-236922,-4375068,-350005,0,-36,-1163402,3211666,0,2861661,0,0,0,0,-1163402,-236922,-4375068,-350005,0
1165,1.1649,1.16490001,1.16490003,1.164901,1.164901,58245001,58245002,0,242163,1,0,1,0,0,-49,-1610188,2861661,0,2503913,0,0,0,0,-1610188,-242163,-4471849,-357748,0,-49,-1610188,2861661,0,2503913,0,0,0,0,-1610188,-242163,-4471849,-357748,0
1166,1.1659,1.16590001,1.16590003,1.165901,1.165901,58295001,58295002,0,247063,1,0,1,0,0,-63,-2058421,2503913,0,2138926,0,0,0,0,-2058421,-247063,-4562334,-364987,0,-63,-2058421,2503913,0,2138926,0,0,0,0,-2058421,-247063,-4562334,-364987,0
1167,1.1669,1.16690001,1.16690003,1.166901,1.166901,58345001,58345002,0,251543,1,0,1,0,0,-76,-2506137,2138926,0,1767321,0,0,0,0,-2506137,-251543,-4645063,-371605,0,-76,-2506137,2138926,0,1767321,0,0,0,0,-2506137,-251543,-4645063,-371605,0
1168,1.1679,1.16790001,1.16790003,1.167901,1.167901,58395001,58395002,0,256005,1,0,1,0,0,-90,-2960139,1767321,0,1389124,0,0,0,0,-2960139,-256005,-4727460,-378197,0,-90,-2960139,1767321,0,1389124,0,0,0,0,-2960139,-256005,-4727460,-378197,0
1169,1.1689,1.16890001,1.16890003,1.168901,1.168901,58445001,58445002,0,260385,1,0,1,0,0,-104,-3419218,1389124,0,1004457,0,0,0,0,-3419218,-260385,-4808342,-384667,0,-104,-3419218,1389124,0,1004457,0,0,0,0,-3419218,-260385,-4808342,-384667,0
1170,1.1699,1.16990001,1.16990003,1.169901,1.169901,58495001,58495002,0,264544,1,0,1,0,0,-118,-3880686,1004457,0,613645,0,0,0,0,-3880686,-264544,-4885143,-390812,0,-118,-3880686,1004457,0,613645,0,0,0,0,-3880686,-264544,-4885143,-390812,0
1171,1.1709,1.17090001,1.17090003,1.170901,1.170901,58545001,58545002,0,268103,1,0,1,0,0,-132,-4337220,613645,0,217576,0,0,0,0,-4337220,-268103,-4950865,-396069,0,-132,-4337220,613645,0,217576,0,0,0,0,-4337220,-268103,-4950865,-396069,0
1172,1.1719,1.17190001,1.17190003,1.171901,1.171901,58595001,58595002,0,271085,1,0,1,0,0,-146,-4788355,217576,0,-182899,0,0,0,0,-4788355,-271085,-5005931,-400475,0,-146,-4788355,217576,0,-182899,0,0,0,0,-4788355,-271085,-5005931,-400475,0
1173,1.1729,1.17290001,1.17290003,1.172901,1.172901,58645001,58645002,0,273270,1,0,1,0,0,-160,-5229179,-182899,0,-586601,0,0,0,0,-5229179,-273270,-5046280,-403702,0,-160,-5229179,-182899,0,-586601,0,0,0,0,-5229179,-273270,-5046280,-403702,0
1174,1.1739,1.17390001,1.17390003,1.173901,1.173901,58695001,58695002,0,274794,1,0,1,0,0,-173,-5661023,-586601,0,-992555,0,0,0,0,-5661023,-274794,-5074422,-405954,0,-173,-5661023,-586601,0,-992555,0,0,0,0,-5661023,-274794,-5074422,-405954,0
1175,1.1749,1.17490001,1.17490003,1.174901,1.174901,58745001,58745002,0,275914,1,0,1,0,0,-186,-6087660,-992555,0,-1400163,0,0,0,0,-6087660,-275914,-5095105,-407608,0,-186,-6087660,-992555,0,-1400163,0,0,0,0,-6087660,-275914,-5095105,-407608,0
1176,1.1759,1.17590001,1.17590003,1.175901,1.175901,58795001,58795002,0,276526,1,0,1,0,0,-199,-6506569,-1400163,0,-1808676,0,0,0,0,-6506569,-276526,-5106406,-408513,0,-199,-6506569,-1400163,0,-1808676,0,0,0,0,-6506569,-276526,-5106406,-408513,0
1177,1.1769,1.17690001,1.17690003,1.176901,1.176901,58845001,58845002,0,275734,1,0,1,0,0,-211,-6900457,-1808676,0,-2216019,0,0,0,0,-6900457,-275734,-5091781,-407343,0,-211,-6900457,-1808676,0,-2216019,0,0,0,0,-6900457,-275734,-5091781,-407343,0
1178,1.1779,1.17790001,1.17790003,1.177901,1.177901,58895001,58895002,0,274361,1,0,1,0,0,-222,-7282446,-2216019,0,-2621333,0,0,0,0,-7282446,-274361,-5066427,-405314,0,-222,-7282446,-2216019,0,-2621333,0,0,0,0,-7282446,-274361,-5066427,-405314,0
1179,1.1789,1.17890001,1.17890003,1.178901,1.178901,58945001,58945002,0,272456,1,0,1,0,0,-234,-7652581,-2621333,0,-3023833,0,0,0,0,-7652581,-272456,-5031248,-402500,0,-234,-7652581,-2621333,0,-3023833,0,0,0,0,-7652581,-272456,-5031248,-402500,0
1180,1.1799,1.17990001,1.17990003,1.179901,1.179901,58995001,58995002,0,269495,1,0,1,0,0,-244,-8000403,-3023833,0,-3421959,0,0,0,0,-8000403,-269495,-4976570,-398126,0,-244,-8000403,-3023833,0,-3421959,0,0,0,0,-8000403,-269495,-4976570,-398126,0
1181,1.1809,1.18090001,1.18090003,1.180901,1.180901,59045001,59045002,0,265291,1,0,1,0,0,-254,-8320896,-3421959,0,-3813874,0,0,0,0,-8320896,-265291,-4898937,-391915,0,-254,-8320896,-3421959,0,-3813874,0,0,0,0,-8320896,-265291,-4898937,-391915,0
1182,1.1819,1.18190001,1.18190003,1.181901,1.181901,59095001,59095002,0,259879,1,0,1,0,0,-263,-8612872,-3813874,0,-4197794,0,0,0,0,-8612872,-259879,-4798998,-383920,0,-263,-8612872,-3813874,0,-4197794,0,0,0,0,-8612872,-259879,-4798998,-383920,0
1183,1.1829,1.18290001,1.18290003,1.182901,1.182901,59145001,59145002,0,243746,1,0,1,0,0,-265,-8698875,-4197794,0,-4557881,0,0,0,0,-8698875,-243746,-4501081,-360087,0,-265,-8698875,-4197794,0,-4557881,0,0,0,0,-8698875,-243746,-4501081,-360087,0
1184,1.1839,1.18390001,1.18390003,1.183901,1.183901,59195001,59195002,0,95767,1,0,1,0,0,-193,-6326341,-4557881,0,-4699358,0,0,0,0,-6326341,-95767,-1768460,-141477,0,-193,-6326341,-4557881,0,-4699358,0,0,0,0,-6326341,-95767,-1768460,-141477,0
1185,1.1849,1.18490001,1.18490003,1.184901,1.184901,59245001,59245002,0,-50798,1,0,1,0,0,-115,-3761308,-4699358,0,-4624314,0,0,0,0,-3761308,50798,938050,75044,0,-115,-3761308,-4699358,0,-4624314,0,0,0,0,-3761308,50798,938050,75044,0
1186,1.1859,1.18590001,1.18590003,1.185901,1.185901,59295001,59295002,0,-143865,1,0,1,0,0,-60,-1967663,-4624314,0,-4411782,0,0,0,0,-1967663,143865,2656651,212532,0,-60,-1967663,-4624314,0,-4411782,0,0,0,0,-1967663,143865,2656651,212532,0
1187,1.1869,1.18690001,1.18690003,1.186901,1.186901,59345001,59345002,0,-201349,1,0,1,0,0,-21,-693615,-4411782,0,-4114329,0,0,0,0,-693615,201349,3718167,297453,0,-21,-693615,-4411782,0,-4114329,0,0,0,0,-693615,201349,3718167,297453,0
1188,1.1879,1.18790001,1.18790003,1.187901,1.187901,59395001,59395002,0,-215093,1,0,1,0,0,-4,-142362,-4114329,0,-3796572,0,0,0,0,-142362,215093,3971967,317757,0,-4,-142362,-4114329,0,-3796572,0,0,0,0,-142362,215093,3971967,317757,0
1189,1.1889,1.18890001,1.18890003,1.188901,1.188901,59445001,59445002,0,-220622,1,0,1,0,0,8,277495,-3796572,0,-3470647,0,0,0,0,277495,220622,4074067,325925,0,8,277495,-3796572,0,-3470647,0,0,0,0,277495,220622,4074067,325925,0
1190,1.1899,1.18990001,1.18990003,1.189901,1.189901,59495001,59495002,0,-226160,1,0,1,0,0,22,705686,-3470647,0,-3136540,0,0,0,0,705686,226160,4176333,334107,0,22,705686,-3470647,0,-3136540,0,0,0,0,705686,226160,4176333,334107,0
1191,1.1909,1.19090001,1.19090003,1.190901,1.190901,59545001,59545002,0,-231592,1,0,1,0,0,35,1140102,-3136540,0,-2794409,0,0,0,0,1140102,231592,4276642,342131,0,35,1140102,-3136540,0,-2794409,0,0,0,0,1140102,231592,4276642,342131,0
1192,1.1919,1.19190001,1.19190003,1.191901,1.191901,59595001,59595002,0,-236860,1,0,1,0,0,48,1579514,-2794409,0,-2444495,0,0,0,0,1579514,236860,4373923,349914,0,48,1579514,-2794409,0,-2444495,0,0,0,0,1579514,236860,4373923,349914,0
1193,1.1929,1.19290001,1.19290003,1.192901,1.192901,59645001,59645002,0,-241858,1,0,1,0,0,62,2021722,-2444495,0,-2087198,0,0,0,0,2021722,241858,4466217,357297,0,62,2021722,-2444495,0,-2087198,0,0,0,0,2021722,241858,4466217,357297,0
1194,1.1939,1.19390001,1.19390003,1.193901,1.193901,59695001,59695002,0,-246446,1,0,1,0,0,75,2463742,-2087198,0,-1723123,0,0,0,0,2463742,246446,4550940,364075,0,75,2463742,-2087198,0,-1723123,0,0,0,0,2463742,246446,4550940,364075,0
1195,1.1949,1.19490001,1.19490003,1.194901,1.194901,59745001,59745002,0,-250870,1,0,1,0,0,89,2909512,-1723123,0,-1352512,0,0,0,0,2909512,250870,4632635,370611,0,89,2909512,-1723123,0,-1352512,0,0,0,0,2909512,250870,4632635,370611,0
1196,1.1959,1.19590001,1.19590003,1.195901,1.195901,59795001,59795002,0,-255298,1,0,1,0,0,103,3361892,-1352512,0,-975360,0,0,0,0,3361892,255298,4714404,377152,0,103,3361892,-1352512,0,-975360,0,0,0,0,3361892,255298,4714404,377152,0
1197,1.1969,1.19690001,1.19690003,1.196901,1.196901,59845001,59845002,0,-259574,1,0,1,0,0,117,3818006,-975360,0,-591891,0,0,0,0,3818006,259574,4793366,383469,0,117,3818006,-975360,0,-591891,0,0,0,0,3818006,259574,4793366,383469,0
1198,1.1979,1.19790001,1.19790003,1.197901,1.197901,59895001,59895002,0,-263172,1,0,1,0,0,130,4267916,-591891,0,-203106,0,0,0,0,4267916,263172,4859807,388785,0,130,4267916,-591891,0,-203106,0,0,0,0,4267916,263172,4859807,388785,0
1199,1.1989,1.19890001,1.19890003,1.198901,1.198901,59945001,59945002,0,-266192,1,0,1,0,0,144,4712469,-203106,0,190140,0,0,0,0,4712469,266192,4915575,393246,0,144,4712469,-203106,0,190140,0,0,0,0,4712469,266192,4915575,393246,0
1200,1.1999,1.19990001,1.19990003,1.199901,1.199901,59995001,59995002,0,-268413,1,0,1,0,0,157,5146729,190140,0,586667,0,0,0,0,5146729,268413,4956589,396527,0,157,5146729,190140,0,586667,0,0,0,0,5146729,268413,4956589,396527,0
