command_id,accepted_time_s,active_time_s,active_within_horizon,id_ref_A,iq_ref_A
1,5.1e-05,0.000101,1,0,0
2,0.000151,0.000201,1,0,0
3,0.000251,0.000301,1,0,0
4,0.000351,0.000401,1,0,0
5,0.000451,0.000501,1,0,0
6,0.000551,0.000601,1,0,0
7,0.000651,0.000701,1,0,0
8,0.000751,0.000801,1,0,0
9,0.000851,0.000901,1,0,0
10,0.000951,0.001001,1,0,0
11,0.001051,0.001101,1,0,0
12,0.001151,0.001201,1,0,0
13,0.001251,0.001301,1,0,0
14,0.001351,0.001401,1,0,0
15,0.001451,0.001501,1,0,0
16,0.001551,0.001601,1,0,0
17,0.001651,0.001701,1,0,0
18,0.001751,0.001801,1,0,0
19,0.001851,0.001901,1,0,0
20,0.001951,0.002001,1,0,0
21,0.002051,0.002101,1,0,0
22,0.002151,0.002201,1,0,0
23,0.002251,0.002301,1,0,0
24,0.002351,0.002401,1,0,0
25,0.002451,0.002501,1,0,0
26,0.002551,0.002601,1,0,0
27,0.002651,0.002701,1,0,0
28,0.002751,0.002801,1,0,0
29,0.002851,0.002901,1,0,0
30,0.002951,0.003001,1,0,0
31,0.003051,0.003101,1,0,0
32,0.003151,0.003201,1,0,0
33,0.003251,0.003301,1,0,0
34,0.003351,0.003401,1,0,0
35,0.003451,0.003501,1,0,0
36,0.003551,0.003601,1,0,0
37,0.003651,0.003701,1,0,0
38,0.003751,0.003801,1,0,0
39,0.003851,0.003901,1,0,0
40,0.003951,0.004001,1,0,0
41,0.004051,0.004101,1,0,0
42,0.004151,0.004201,1,0,0
43,0.004251,0.004301,1,0,0
44,0.004351,0.004401,1,0,0
45,0.004451,0.004501,1,0,0
46,0.004551,0.004601,1,0,0
47,0.004651,0.004701,1,0,0
48,0.004751,0.004801,1,0,0
49,0.004851,0.004901,1,0,0
50,0.004951,0.005001,1,0,0
51,0.005051,0.005101,1,0,0
52,0.005151,0.005201,1,0,0
53,0.005251,0.005301,1,0,0
54,0.005351,0.005401,1,0,0
55,0.005451,0.005501,1,0,0
56,0.005551,0.005601,1,0,0
57,0.005651,0.005701,1,0,0
58,0.005751,0.005801,1,0,0
59,0.005851,0.005901,1,0,0
60,0.005951,0.006001,1,0,0
61,0.006051,0.006101,1,0,0
62,0.006151,0.006201,1,0,0
63,0.006251,0.006301,1,0,0
64,0.006351,0.006401,1,0,0
65,0.006451,0.006501,1,0,0
66,0.006551,0.006601,1,0,0
67,0.006651,0.006701,1,0,0
68,0.006751,0.006801,1,0,0
69,0.006851,0.006901,1,0,0
70,0.006951,0.007001,1,0,0
71,0.007051,0.007101,1,0,0
72,0.007151,0.007201,1,0,0
73,0.007251,0.007301,1,0,0
74,0.007351,0.007401,1,0,0
75,0.007451,0.007501,1,0,0
76,0.007551,0.007601,1,0,0
77,0.007651,0.007701,1,0,0
78,0.007751,0.007801,1,0,0
79,0.007851,0.007901,1,0,0
80,0.007951,0.008001,1,0,0
81,0.008051,0.008101,1,0,0
82,0.008151,0.008201,1,0,0
83,0.008251,0.008301,1,0,0
84,0.008351,0.008401,1,0,0
85,0.008451,0.008501,1,0,0
86,0.008551,0.008601,1,0,0
87,0.008651,0.008701,1,0,0
88,0.008751,0.008801,1,0,0
89,0.008851,0.008901,1,0,0
90,0.008951,0.009001,1,0,0
91,0.009051,0.009101,1,0,0
92,0.009151,0.009201,1,0,0
93,0.009251,0.009301,1,0,0
94,0.009351,0.009401,1,0,0
95,0.009451,0.009501,1,0,0
96,0.009551,0.009601,1,0,0
97,0.009651,0.009701,1,0,0
98,0.009751,0.009801,1,0,0
99,0.009851,0.009901,1,0,0
100,0.009951,0.010001,1,0,0
101,0.010051,0.010101,1,0,0
102,0.010151,0.010201,1,0,0
103,0.010251,0.010301,1,0,0
104,0.010351,0.010401,1,0,0
105,0.010451,0.010501,1,0,0
106,0.010551,0.010601,1,0,0
107,0.010651,0.010701,1,0,0
108,0.010751,0.010801,1,0,0
109,0.010851,0.010901,1,0,0
110,0.010951,0.011001,1,0,0
111,0.011051,0.011101,1,0,0
112,0.011151,0.011201,1,0,0
113,0.011251,0.011301,1,0,0
114,0.011351,0.011401,1,0,0
115,0.011451,0.011501,1,0,0
116,0.011551,0.011601,1,0,0
117,0.011651,0.011701,1,0,0
118,0.011751,0.011801,1,0,0
119,0.011851,0.011901,1,0,0
120,0.011951,0.012001,1,0,0
121,0.012051,0.012101,1,0,0
122,0.012151,0.012201,1,0,0
123,0.012251,0.012301,1,0,0
124,0.012351,0.012401,1,0,0
125,0.012451,0.012501,1,0,0
126,0.012551,0.012601,1,0,0
127,0.012651,0.012701,1,0,0
128,0.012751,0.012801,1,0,0
129,0.012851,0.012901,1,0,0
130,0.012951,0.013001,1,0,0
131,0.013051,0.013101,1,0,0
132,0.013151,0.013201,1,0,0
133,0.013251,0.013301,1,0,0
134,0.013351,0.013401,1,0,0
135,0.013451,0.013501,1,0,0
136,0.013551,0.013601,1,0,0
137,0.013651,0.013701,1,0,0
138,0.013751,0.013801,1,0,0
139,0.013851,0.013901,1,0,0
140,0.013951,0.014001,1,0,0
141,0.014051,0.014101,1,0,0
142,0.014151,0.014201,1,0,0
143,0.014251,0.014301,1,0,0
144,0.014351,0.014401,1,0,0
145,0.014451,0.014501,1,0,0
146,0.014551,0.014601,1,0,0
147,0.014651,0.014701,1,0,0
148,0.014751,0.014801,1,0,0
149,0.014851,0.014901,1,0,0
150,0.014951,0.015001,1,0,0
151,0.015051,0.015101,1,0,0
152,0.015151,0.015201,1,0,0
153,0.015251,0.015301,1,0,0
154,0.015351,0.015401,1,0,0
155,0.015451,0.015501,1,0,0
156,0.015551,0.015601,1,0,0
157,0.015651,0.015701,1,0,0
158,0.015751,0.015801,1,0,0
159,0.015851,0.015901,1,0,0
160,0.015951,0.016001,1,0,0
161,0.016051,0.016101,1,0,0
162,0.016151,0.016201,1,0,0
163,0.016251,0.016301,1,0,0
164,0.016351,0.016401,1,0,0
165,0.016451,0.016501,1,0,0
166,0.016551,0.016601,1,0,0
167,0.016651,0.016701,1,0,0
168,0.016751,0.016801,1,0,0
169,0.016851,0.016901,1,0,0
170,0.016951,0.017001,1,0,0
171,0.017051,0.017101,1,0,0
172,0.017151,0.017201,1,0,0
173,0.017251,0.017301,1,0,0
174,0.017351,0.017401,1,0,0
175,0.017451,0.017501,1,0,0
176,0.017551,0.017601,1,0,0
177,0.017651,0.017701,1,0,0
178,0.017751,0.017801,1,0,0
179,0.017851,0.017901,1,0,0
180,0.017951,0.018001,1,0,0
181,0.018051,0.018101,1,0,0
182,0.018151,0.018201,1,0,0
183,0.018251,0.018301,1,0,0
184,0.018351,0.018401,1,0,0
185,0.018451,0.018501,1,0,0
186,0.018551,0.018601,1,0,0
187,0.018651,0.018701,1,0,0
188,0.018751,0.018801,1,0,0
189,0.018851,0.018901,1,0,0
190,0.018951,0.019001,1,0,0
191,0.019051,0.019101,1,0,0
192,0.019151,0.019201,1,0,0
193,0.019251,0.019301,1,0,0
194,0.019351,0.019401,1,0,0
195,0.019451,0.019501,1,0,0
196,0.019551,0.019601,1,0,0
197,0.019651,0.019701,1,0,0
198,0.019751,0.019801,1,0,0
199,0.019851,0.019901,1,0,0
200,0.019951,0.020001,1,0,0
201,0.020051,0.020101,1,0,0
202,0.020151,0.020201,1,0,0
203,0.020251,0.020301,1,0,0
204,0.020351,0.020401,1,0,0
205,0.020451,0.020501,1,0,0
206,0.020551,0.020601,1,0,0
207,0.020651,0.020701,1,0,0
208,0.020751,0.020801,1,0,0
209,0.020851,0.020901,1,0,0
210,0.020951,0.021001,1,0,0
211,0.021051,0.021101,1,0,0
212,0.021151,0.021201,1,0,0
213,0.021251,0.021301,1,0,0
214,0.021351,0.021401,1,0,0
215,0.021451,0.021501,1,0,0
216,0.021551,0.021601,1,0,0
217,0.021651,0.021701,1,0,0
218,0.021751,0.021801,1,0,0
219,0.021851,0.021901,1,0,0
220,0.021951,0.022001,1,0,0
221,0.022051,0.022101,1,0,0
222,0.022151,0.022201,1,0,0
223,0.022251,0.022301,1,0,0
224,0.022351,0.022401,1,0,0
225,0.022451,0.022501,1,0,0
226,0.022551,0.022601,1,0,0
227,0.022651,0.022701,1,0,0
228,0.022751,0.022801,1,0,0
229,0.022851,0.022901,1,0,0
230,0.022951,0.023001,1,0,0
231,0.023051,0.023101,1,0,0
232,0.023151,0.023201,1,0,0
233,0.023251,0.023301,1,0,0
234,0.023351,0.023401,1,0,0
235,0.023451,0.023501,1,0,0
236,0.023551,0.023601,1,0,0
237,0.023651,0.023701,1,0,0
238,0.023751,0.023801,1,0,0
239,0.023851,0.023901,1,0,0
240,0.023951,0.024001,1,0,0
241,0.024051,0.024101,1,0,0
242,0.024151,0.024201,1,0,0
243,0.024251,0.024301,1,0,0
244,0.024351,0.024401,1,0,0
245,0.024451,0.024501,1,0,0
246,0.024551,0.024601,1,0,0
247,0.024651,0.024701,1,0,0
248,0.024751,0.024801,1,0,0
249,0.024851,0.024901,1,0,0
250,0.024951,0.025001,1,0,0
251,0.025051,0.025101,1,0,0
252,0.025151,0.025201,1,0,0
253,0.025251,0.025301,1,0,0
254,0.025351,0.025401,1,0,0
255,0.025451,0.025501,1,0,0
256,0.025551,0.025601,1,0,0
257,0.025651,0.025701,1,0,0
258,0.025751,0.025801,1,0,0
259,0.025851,0.025901,1,0,0
260,0.025951,0.026001,1,0,0
261,0.026051,0.026101,1,0,0
262,0.026151,0.026201,1,0,0
263,0.026251,0.026301,1,0,0
264,0.026351,0.026401,1,0,0
265,0.026451,0.026501,1,0,0
266,0.026551,0.026601,1,0,0
267,0.026651,0.026701,1,0,0
268,0.026751,0.026801,1,0,0
269,0.026851,0.026901,1,0,0
270,0.026951,0.027001,1,0,0
271,0.027051,0.027101,1,0,0
272,0.027151,0.027201,1,0,0
273,0.027251,0.027301,1,0,0
274,0.027351,0.027401,1,0,0
275,0.027451,0.027501,1,0,0
276,0.027551,0.027601,1,0,0
277,0.027651,0.027701,1,0,0
278,0.027751,0.027801,1,0,0
279,0.027851,0.027901,1,0,0
280,0.027951,0.028001,1,0,0
281,0.028051,0.028101,1,0,0
282,0.028151,0.028201,1,0,0
283,0.028251,0.028301,1,0,0
284,0.028351,0.028401,1,0,0
285,0.028451,0.028501,1,0,0
286,0.028551,0.028601,1,0,0
287,0.028651,0.028701,1,0,0
288,0.028751,0.028801,1,0,0
289,0.028851,0.028901,1,0,0
290,0.028951,0.029001,1,0,0
291,0.029051,0.029101,1,0,0
292,0.029151,0.029201,1,0,0
293,0.029251,0.029301,1,0,0
294,0.029351,0.029401,1,0,0
295,0.029451,0.029501,1,0,0
296,0.029551,0.029601,1,0,0
297,0.029651,0.029701,1,0,0
298,0.029751,0.029801,1,0,0
299,0.029851,0.029901,1,0,0
300,0.029951,0.030001,1,0,0
301,0.030051,0.030101,1,0,0
302,0.030151,0.030201,1,0,0
303,0.030251,0.030301,1,0,0
304,0.030351,0.030401,1,0,0
305,0.030451,0.030501,1,0,0
306,0.030551,0.030601,1,0,0
307,0.030651,0.030701,1,0,0
308,0.030751,0.030801,1,0,0
309,0.030851,0.030901,1,0,0
310,0.030951,0.031001,1,0,0
311,0.031051,0.031101,1,0,0
312,0.031151,0.031201,1,0,0
313,0.031251,0.031301,1,0,0
314,0.031351,0.031401,1,0,0
315,0.031451,0.031501,1,0,0
316,0.031551,0.031601,1,0,0
317,0.031651,0.031701,1,0,0
318,0.031751,0.031801,1,0,0
319,0.031851,0.031901,1,0,0
320,0.031951,0.032001,1,0,0
321,0.032051,0.032101,1,0,0
322,0.032151,0.032201,1,0,0
323,0.032251,0.032301,1,0,0
324,0.032351,0.032401,1,0,0
325,0.032451,0.032501,1,0,0
326,0.032551,0.032601,1,0,0
327,0.032651,0.032701,1,0,0
328,0.032751,0.032801,1,0,0
329,0.032851,0.032901,1,0,0
330,0.032951,0.033001,1,0,0
331,0.033051,0.033101,1,0,0
332,0.033151,0.033201,1,0,0
333,0.033251,0.033301,1,0,0
334,0.033351,0.033401,1,0,0
335,0.033451,0.033501,1,0,0
336,0.033551,0.033601,1,0,0
337,0.033651,0.033701,1,0,0
338,0.033751,0.033801,1,0,0
339,0.033851,0.033901,1,0,0
340,0.033951,0.034001,1,0,0
341,0.034051,0.034101,1,0,0
342,0.034151,0.034201,1,0,0
343,0.034251,0.034301,1,0,0
344,0.034351,0.034401,1,0,0
345,0.034451,0.034501,1,0,0
346,0.034551,0.034601,1,0,0
347,0.034651,0.034701,1,0,0
348,0.034751,0.034801,1,0,0
349,0.034851,0.034901,1,0,0
350,0.034951,0.035001,1,0,0
351,0.035051,0.035101,1,0,0
352,0.035151,0.035201,1,0,0
353,0.035251,0.035301,1,0,0
354,0.035351,0.035401,1,0,0
355,0.035451,0.035501,1,0,0
356,0.035551,0.035601,1,0,0
357,0.035651,0.035701,1,0,0
358,0.035751,0.035801,1,0,0
359,0.035851,0.035901,1,0,0
360,0.035951,0.036001,1,0,0
361,0.036051,0.036101,1,0,0
362,0.036151,0.036201,1,0,0
363,0.036251,0.036301,1,0,0
364,0.036351,0.036401,1,0,0
365,0.036451,0.036501,1,0,0
366,0.036551,0.036601,1,0,0
367,0.036651,0.036701,1,0,0
368,0.036751,0.036801,1,0,0
369,0.036851,0.036901,1,0,0
370,0.036951,0.037001,1,0,0
371,0.037051,0.037101,1,0,0
372,0.037151,0.037201,1,0,0
373,0.037251,0.037301,1,0,0
374,0.037351,0.037401,1,0,0
375,0.037451,0.037501,1,0,0
376,0.037551,0.037601,1,0,0
377,0.037651,0.037701,1,0,0
378,0.037751,0.037801,1,0,0
379,0.037851,0.037901,1,0,0
380,0.037951,0.038001,1,0,0
381,0.038051,0.038101,1,0,0
382,0.038151,0.038201,1,0,0
383,0.038251,0.038301,1,0,0
384,0.038351,0.038401,1,0,0
385,0.038451,0.038501,1,0,0
386,0.038551,0.038601,1,0,0
387,0.038651,0.038701,1,0,0
388,0.038751,0.038801,1,0,0
389,0.038851,0.038901,1,0,0
390,0.038951,0.039001,1,0,0
391,0.039051,0.039101,1,0,0
392,0.039151,0.039201,1,0,0
393,0.039251,0.039301,1,0,0
394,0.039351,0.039401,1,0,0
395,0.039451,0.039501,1,0,0
396,0.039551,0.039601,1,0,0
397,0.039651,0.039701,1,0,0
398,0.039751,0.039801,1,0,0
399,0.039851,0.039901,1,0,0
400,0.039951,0.040001,1,0,0
401,0.040051,0.040101,1,0,0
402,0.040151,0.040201,1,0,0
403,0.040251,0.040301,1,0,0
404,0.040351,0.040401,1,0,0
405,0.040451,0.040501,1,0,0
406,0.040551,0.040601,1,0,0
407,0.040651,0.040701,1,0,0
408,0.040751,0.040801,1,0,0
409,0.040851,0.040901,1,0,0
410,0.040951,0.041001,1,0,0
411,0.041051,0.041101,1,0,0
412,0.041151,0.041201,1,0,0
413,0.041251,0.041301,1,0,0
414,0.041351,0.041401,1,0,0
415,0.041451,0.041501,1,0,0
416,0.041551,0.041601,1,0,0
417,0.041651,0.041701,1,0,0
418,0.041751,0.041801,1,0,0
419,0.041851,0.041901,1,0,0
420,0.041951,0.042001,1,0,0
421,0.042051,0.042101,1,0,0
422,0.042151,0.042201,1,0,0
423,0.042251,0.042301,1,0,0
424,0.042351,0.042401,1,0,0
425,0.042451,0.042501,1,0,0
426,0.042551,0.042601,1,0,0
427,0.042651,0.042701,1,0,0
428,0.042751,0.042801,1,0,0
429,0.042851,0.042901,1,0,0
430,0.042951,0.043001,1,0,0
431,0.043051,0.043101,1,0,0
432,0.043151,0.043201,1,0,0
433,0.043251,0.043301,1,0,0
434,0.043351,0.043401,1,0,0
435,0.043451,0.043501,1,0,0
436,0.043551,0.043601,1,0,0
437,0.043651,0.043701,1,0,0
438,0.043751,0.043801,1,0,0
439,0.043851,0.043901,1,0,0
440,0.043951,0.044001,1,0,0
441,0.044051,0.044101,1,0,0
442,0.044151,0.044201,1,0,0
443,0.044251,0.044301,1,0,0
444,0.044351,0.044401,1,0,0
445,0.044451,0.044501,1,0,0
446,0.044551,0.044601,1,0,0
447,0.044651,0.044701,1,0,0
448,0.044751,0.044801,1,0,0
449,0.044851,0.044901,1,0,0
450,0.044951,0.045001,1,0,0
451,0.045051,0.045101,1,0,0
452,0.045151,0.045201,1,0,0
453,0.045251,0.045301,1,0,0
454,0.045351,0.045401,1,0,0
455,0.045451,0.045501,1,0,0
456,0.045551,0.045601,1,0,0
457,0.045651,0.045701,1,0,0
458,0.045751,0.045801,1,0,0
459,0.045851,0.045901,1,0,0
460,0.045951,0.046001,1,0,0
461,0.046051,0.046101,1,0,0
462,0.046151,0.046201,1,0,0
463,0.046251,0.046301,1,0,0
464,0.046351,0.046401,1,0,0
465,0.046451,0.046501,1,0,0
466,0.046551,0.046601,1,0,0
467,0.046651,0.046701,1,0,0
468,0.046751,0.046801,1,0,0
469,0.046851,0.046901,1,0,0
470,0.046951,0.047001,1,0,0
471,0.047051,0.047101,1,0,0
472,0.047151,0.047201,1,0,0
473,0.047251,0.047301,1,0,0
474,0.047351,0.047401,1,0,0
475,0.047451,0.047501,1,0,0
476,0.047551,0.047601,1,0,0
477,0.047651,0.047701,1,0,0
478,0.047751,0.047801,1,0,0
479,0.047851,0.047901,1,0,0
480,0.047951,0.048001,1,0,0
481,0.048051,0.048101,1,0,0
482,0.048151,0.048201,1,0,0
483,0.048251,0.048301,1,0,0
484,0.048351,0.048401,1,0,0
485,0.048451,0.048501,1,0,0
486,0.048551,0.048601,1,0,0
487,0.048651,0.048701,1,0,0
488,0.048751,0.048801,1,0,0
489,0.048851,0.048901,1,0,0
490,0.048951,0.049001,1,0,0
491,0.049051,0.049101,1,0,0
492,0.049151,0.049201,1,0,0
493,0.049251,0.049301,1,0,0
494,0.049351,0.049401,1,0,0
495,0.049451,0.049501,1,0,0
496,0.049551,0.049601,1,0,0
497,0.049651,0.049701,1,0,0
498,0.049751,0.049801,1,0,0
499,0.049851,0.049901,1,0,0
500,0.049951,0.050001,1,0,0
501,0.050051,0.050101,1,0,0
502,0.050151,0.050201,1,0,0
503,0.050251,0.050301,1,0,0
504,0.050351,0.050401,1,0,0
505,0.050451,0.050501,1,0,0
506,0.050551,0.050601,1,0,0
507,0.050651,0.050701,1,0,0
508,0.050751,0.050801,1,0,0
509,0.050851,0.050901,1,0,0
510,0.050951,0.051001,1,0,0.000811506368370641
511,0.051051,0.051101,1,0,0.000811506368370641
512,0.051151,0.051201,1,0,0.000811506368370641
513,0.051251,0.051301,1,0,0.000811506368370641
514,0.051351,0.051401,1,0,0.000811506368370641
515,0.051451,0.051501,1,0,0.000811506368370641
516,0.051551,0.051601,1,0,0.000811506368370641
517,0.051651,0.051701,1,0,0.000811506368370641
518,0.051751,0.051801,1,0,0.000811506368370641
519,0.051851,0.051901,1,0,0.000811506368370641
520,0.051951,0.052001,1,0,0.00177613389689078
521,0.052051,0.052101,1,0,0.00177613389689078
522,0.052151,0.052201,1,0,0.00177613389689078
523,0.052251,0.052301,1,0,0.00177613389689078
524,0.052351,0.052401,1,0,0.00177613389689078
525,0.052451,0.052501,1,0,0.00177613389689078
526,0.052551,0.052601,1,0,0.00177613389689078
527,0.052651,0.052701,1,0,0.00177613389689078
528,0.052751,0.052801,1,0,0.00177613389689078
529,0.052851,0.052901,1,0,0.00177613389689078
530,0.052951,0.053001,1,0,0.00280990523358807
531,0.053051,0.053101,1,0,0.00280990523358807
532,0.053151,0.053201,1,0,0.00280990523358807
533,0.053251,0.053301,1,0,0.00280990523358807
534,0.053351,0.053401,1,0,0.00280990523358807
535,0.053451,0.053501,1,0,0.00280990523358807
536,0.053551,0.053601,1,0,0.00280990523358807
537,0.053651,0.053701,1,0,0.00280990523358807
538,0.053751,0.053801,1,0,0.00280990523358807
539,0.053851,0.053901,1,0,0.00280990523358807
540,0.053951,0.054001,1,0,0.00390617367306868
541,0.054051,0.054101,1,0,0.00390617367306868
542,0.054151,0.054201,1,0,0.00390617367306868
543,0.054251,0.054301,1,0,0.00390617367306868
544,0.054351,0.054401,1,0,0.00390617367306868
545,0.054451,0.054501,1,0,0.00390617367306868
546,0.054551,0.054601,1,0,0.00390617367306868
547,0.054651,0.054701,1,0,0.00390617367306868
548,0.054751,0.054801,1,0,0.00390617367306868
549,0.054851,0.054901,1,0,0.00390617367306868
550,0.054951,0.055001,1,0,0.00507208312048742
551,0.055051,0.055101,1,0,0.00507208312048742
552,0.055151,0.055201,1,0,0.00507208312048742
553,0.055251,0.055301,1,0,0.00507208312048742
554,0.055351,0.055401,1,0,0.00507208312048742
555,0.055451,0.055501,1,0,0.00507208312048742
556,0.055551,0.055601,1,0,0.00507208312048742
557,0.055651,0.055701,1,0,0.00507208312048742
558,0.055751,0.055801,1,0,0.00507208312048742
559,0.055851,0.055901,1,0,0.00507208312048742
560,0.055951,0.056001,1,0,0.00629957472086451
561,0.056051,0.056101,1,0,0.00629957472086451
562,0.056151,0.056201,1,0,0.00629957472086451
563,0.056251,0.056301,1,0,0.00629957472086451
564,0.056351,0.056401,1,0,0.00629957472086451
565,0.056451,0.056501,1,0,0.00629957472086451
566,0.056551,0.056601,1,0,0.00629957472086451
567,0.056651,0.056701,1,0,0.00629957472086451
568,0.056751,0.056801,1,0,0.00629957472086451
569,0.056851,0.056901,1,0,0.00629957472086451
570,0.056951,0.057001,1,0,0.00758058058662377
571,0.057051,0.057101,1,0,0.00758058058662377
572,0.057151,0.057201,1,0,0.00758058058662377
573,0.057251,0.057301,1,0,0.00758058058662377
574,0.057351,0.057401,1,0,0.00758058058662377
575,0.057451,0.057501,1,0,0.00758058058662377
576,0.057551,0.057601,1,0,0.00758058058662377
577,0.057651,0.057701,1,0,0.00758058058662377
578,0.057751,0.057801,1,0,0.00758058058662377
579,0.057851,0.057901,1,0,0.00758058058662377
580,0.057951,0.058001,1,0,0.00890601813166956
581,0.058051,0.058101,1,0,0.00890601813166956
582,0.058151,0.058201,1,0,0.00890601813166956
583,0.058251,0.058301,1,0,0.00890601813166956
584,0.058351,0.058401,1,0,0.00890601813166956
585,0.058451,0.058501,1,0,0.00890601813166956
586,0.058551,0.058601,1,0,0.00890601813166956
587,0.058651,0.058701,1,0,0.00890601813166956
588,0.058751,0.058801,1,0,0.00890601813166956
589,0.058851,0.058901,1,0,0.00890601813166956
590,0.058951,0.059001,1,0,0.0102723953286673
591,0.059051,0.059101,1,0,0.0102723953286673
592,0.059151,0.059201,1,0,0.0102723953286673
593,0.059251,0.059301,1,0,0.0102723953286673
594,0.059351,0.059401,1,0,0.0102723953286673
595,0.059451,0.059501,1,0,0.0102723953286673
596,0.059551,0.059601,1,0,0.0102723953286673
597,0.059651,0.059701,1,0,0.0102723953286673
598,0.059751,0.059801,1,0,0.0102723953286673
599,0.059851,0.059901,1,0,0.0102723953286673
600,0.059951,0.060001,1,0,0.0111351994196725
601,0.060051,0.060101,1,0,0.0111351994196725
602,0.060151,0.060201,1,0,0.0111351994196725
603,0.060251,0.060301,1,0,0.0111351994196725
604,0.060351,0.060401,1,0,0.0111351994196725
605,0.060451,0.060501,1,0,0.0111351994196725
606,0.060551,0.060601,1,0,0.0111351994196725
607,0.060651,0.060701,1,0,0.0111351994196725
608,0.060751,0.060801,1,0,0.0111351994196725
609,0.060851,0.060901,1,0,0.0111351994196725
610,0.060951,0.061001,1,0,0.00910883182746496
611,0.061051,0.061101,1,0,0.00910883182746496
612,0.061151,0.061201,1,0,0.00910883182746496
613,0.061251,0.061301,1,0,0.00910883182746496
614,0.061351,0.061401,1,0,0.00910883182746496
615,0.061451,0.061501,1,0,0.00910883182746496
616,0.061551,0.061601,1,0,0.00910883182746496
617,0.061651,0.061701,1,0,0.00910883182746496
618,0.061751,0.061801,1,0,0.00910883182746496
619,0.061851,0.061901,1,0,0.00910883182746496
620,0.061951,0.062001,1,0,0.00648347613558506
621,0.062051,0.062101,1,0,0.00648347613558506
622,0.062151,0.062201,1,0,0.00648347613558506
623,0.062251,0.062301,1,0,0.00648347613558506
624,0.062351,0.062401,1,0,0.00648347613558506
625,0.062451,0.062501,1,0,0.00648347613558506
626,0.062551,0.062601,1,0,0.00648347613558506
627,0.062651,0.062701,1,0,0.00648347613558506
628,0.062751,0.062801,1,0,0.00648347613558506
629,0.062851,0.062901,1,0,0.00648347613558506
630,0.062951,0.063001,1,0,0.00450177388420853
631,0.063051,0.063101,1,0,0.00450177388420853
632,0.063151,0.063201,1,0,0.00450177388420853
633,0.063251,0.063301,1,0,0.00450177388420853
634,0.063351,0.063401,1,0,0.00450177388420853
635,0.063451,0.063501,1,0,0.00450177388420853
636,0.063551,0.063601,1,0,0.00450177388420853
637,0.063651,0.063701,1,0,0.00450177388420853
638,0.063751,0.063801,1,0,0.00450177388420853
639,0.063851,0.063901,1,0,0.00450177388420853
640,0.063951,0.064001,1,0,0.00319490977535905
641,0.064051,0.064101,1,0,0.00319490977535905
642,0.064151,0.064201,1,0,0.00319490977535905
643,0.064251,0.064301,1,0,0.00319490977535905
644,0.064351,0.064401,1,0,0.00319490977535905
645,0.064451,0.064501,1,0,0.00319490977535905
646,0.064551,0.064601,1,0,0.00319490977535905
647,0.064651,0.064701,1,0,0.00319490977535905
648,0.064751,0.064801,1,0,0.00319490977535905
649,0.064851,0.064901,1,0,0.00319490977535905
650,0.064951,0.065001,1,0,0.0025047612382934
651,0.065051,0.065101,1,0,0.0025047612382934
652,0.065151,0.065201,1,0,0.0025047612382934
653,0.065251,0.065301,1,0,0.0025047612382934
654,0.065351,0.065401,1,0,0.0025047612382934
655,0.065451,0.065501,1,0,0.0025047612382934
656,0.065551,0.065601,1,0,0.0025047612382934
657,0.065651,0.065701,1,0,0.0025047612382934
658,0.065751,0.065801,1,0,0.0025047612382934
659,0.065851,0.065901,1,0,0.0025047612382934
660,0.065951,0.066001,1,0,0.00202169312752865
661,0.066051,0.066101,1,0,0.00202169312752865
662,0.066151,0.066201,1,0,0.00202169312752865
663,0.066251,0.066301,1,0,0.00202169312752865
664,0.066351,0.066401,1,0,0.00202169312752865
665,0.066451,0.066501,1,0,0.00202169312752865
666,0.066551,0.066601,1,0,0.00202169312752865
667,0.066651,0.066701,1,0,0.00202169312752865
668,0.066751,0.066801,1,0,0.00202169312752865
669,0.066851,0.066901,1,0,0.00202169312752865
670,0.066951,0.067001,1,0,0.00179654147603705
671,0.067051,0.067101,1,0,0.00179654147603705
672,0.067151,0.067201,1,0,0.00179654147603705
673,0.067251,0.067301,1,0,0.00179654147603705
674,0.067351,0.067401,1,0,0.00179654147603705
675,0.067451,0.067501,1,0,0.00179654147603705
676,0.067551,0.067601,1,0,0.00179654147603705
677,0.067651,0.067701,1,0,0.00179654147603705
678,0.067751,0.067801,1,0,0.00179654147603705
679,0.067851,0.067901,1,0,0.00179654147603705
680,0.067951,0.068001,1,0,0.00168744232193284
681,0.068051,0.068101,1,0,0.00168744232193284
682,0.068151,0.068201,1,0,0.00168744232193284
683,0.068251,0.068301,1,0,0.00168744232193284
684,0.068351,0.068401,1,0,0.00168744232193284
685,0.068451,0.068501,1,0,0.00168744232193284
686,0.068551,0.068601,1,0,0.00168744232193284
687,0.068651,0.068701,1,0,0.00168744232193284
688,0.068751,0.068801,1,0,0.00168744232193284
689,0.068851,0.068901,1,0,0.00168744232193284
690,0.068951,0.069001,1,0,0.00166390975594205
691,0.069051,0.069101,1,0,0.00166390975594205
692,0.069151,0.069201,1,0,0.00166390975594205
693,0.069251,0.069301,1,0,0.00166390975594205
694,0.069351,0.069401,1,0,0.00166390975594205
695,0.069451,0.069501,1,0,0.00166390975594205
696,0.069551,0.069601,1,0,0.00166390975594205
697,0.069651,0.069701,1,0,0.00166390975594205
698,0.069751,0.069801,1,0,0.00166390975594205
699,0.069851,0.069901,1,0,0.00166390975594205
700,0.069951,0.070001,1,0,0.00168487215190699
701,0.070051,0.070101,1,0,0.00168487215190699
702,0.070151,0.070201,1,0,0.00168487215190699
703,0.070251,0.070301,1,0,0.00168487215190699
704,0.070351,0.070401,1,0,0.00168487215190699
705,0.070451,0.070501,1,0,0.00168487215190699
706,0.070551,0.070601,1,0,0.00168487215190699
707,0.070651,0.070701,1,0,0.00168487215190699
708,0.070751,0.070801,1,0,0.00168487215190699
709,0.070851,0.070901,1,0,0.00168487215190699
710,0.070951,0.071001,1,0,0.00162638260091204
711,0.071051,0.071101,1,0,0.00162638260091204
712,0.071151,0.071201,1,0,0.00162638260091204
713,0.071251,0.071301,1,0,0.00162638260091204
714,0.071351,0.071401,1,0,0.00162638260091204
715,0.071451,0.071501,1,0,0.00162638260091204
716,0.071551,0.071601,1,0,0.00162638260091204
717,0.071651,0.071701,1,0,0.00162638260091204
718,0.071751,0.071801,1,0,0.00162638260091204
719,0.071851,0.071901,1,0,0.00162638260091204
720,0.071951,0.072001,1,0,0.00174600013083129
721,0.072051,0.072101,1,0,0.00174600013083129
722,0.072151,0.072201,1,0,0.00174600013083129
723,0.072251,0.072301,1,0,0.00174600013083129
724,0.072351,0.072401,1,0,0.00174600013083129
725,0.072451,0.072501,1,0,0.00174600013083129
726,0.072551,0.072601,1,0,0.00174600013083129
727,0.072651,0.072701,1,0,0.00174600013083129
728,0.072751,0.072801,1,0,0.00174600013083129
729,0.072851,0.072901,1,0,0.00174600013083129
730,0.072951,0.073001,1,0,0.00172038076753609
731,0.073051,0.073101,1,0,0.00172038076753609
732,0.073151,0.073201,1,0,0.00172038076753609
733,0.073251,0.073301,1,0,0.00172038076753609
734,0.073351,0.073401,1,0,0.00172038076753609
735,0.073451,0.073501,1,0,0.00172038076753609
736,0.073551,0.073601,1,0,0.00172038076753609
737,0.073651,0.073701,1,0,0.00172038076753609
738,0.073751,0.073801,1,0,0.00172038076753609
739,0.073851,0.073901,1,0,0.00172038076753609
740,0.073951,0.074001,1,0,0.00174177687620641
741,0.074051,0.074101,1,0,0.00174177687620641
742,0.074151,0.074201,1,0,0.00174177687620641
743,0.074251,0.074301,1,0,0.00174177687620641
744,0.074351,0.074401,1,0,0.00174177687620641
745,0.074451,0.074501,1,0,0.00174177687620641
746,0.074551,0.074601,1,0,0.00174177687620641
747,0.074651,0.074701,1,0,0.00174177687620641
748,0.074751,0.074801,1,0,0.00174177687620641
749,0.074851,0.074901,1,0,0.00174177687620641
750,0.074951,0.075001,1,0,0.00186951110262028
751,0.075051,0.075101,1,0,0.00186951110262028
752,0.075151,0.075201,1,0,0.00186951110262028
753,0.075251,0.075301,1,0,0.00186951110262028
754,0.075351,0.075401,1,0,0.00186951110262028
755,0.075451,0.075501,1,0,0.00186951110262028
756,0.075551,0.075601,1,0,0.00186951110262028
757,0.075651,0.075701,1,0,0.00186951110262028
758,0.075751,0.075801,1,0,0.00186951110262028
759,0.075851,0.075901,1,0,0.00186951110262028
760,0.075951,0.076001,1,0,0.00211502649796465
761,0.076051,0.076101,1,0,0.00211502649796465
762,0.076151,0.076201,1,0,0.00211502649796465
763,0.076251,0.076301,1,0,0.00211502649796465
764,0.076351,0.076401,1,0,0.00211502649796465
765,0.076451,0.076501,1,0,0.00211502649796465
766,0.076551,0.076601,1,0,0.00211502649796465
767,0.076651,0.076701,1,0,0.00211502649796465
768,0.076751,0.076801,1,0,0.00211502649796465
769,0.076851,0.076901,1,0,0.00211502649796465
770,0.076951,0.077001,1,0,0.00212647770794876
771,0.077051,0.077101,1,0,0.00212647770794876
772,0.077151,0.077201,1,0,0.00212647770794876
773,0.077251,0.077301,1,0,0.00212647770794876
774,0.077351,0.077401,1,0,0.00212647770794876
775,0.077451,0.077501,1,0,0.00212647770794876
776,0.077551,0.077601,1,0,0.00212647770794876
777,0.077651,0.077701,1,0,0.00212647770794876
778,0.077751,0.077801,1,0,0.00212647770794876
779,0.077851,0.077901,1,0,0.00212647770794876
780,0.077951,0.078001,1,0,0.00208298611977816
781,0.078051,0.078101,1,0,0.00208298611977816
782,0.078151,0.078201,1,0,0.00208298611977816
783,0.078251,0.078301,1,0,0.00208298611977816
784,0.078351,0.078401,1,0,0.00208298611977816
785,0.078451,0.078501,1,0,0.00208298611977816
786,0.078551,0.078601,1,0,0.00208298611977816
787,0.078651,0.078701,1,0,0.00208298611977816
788,0.078751,0.078801,1,0,0.00208298611977816
789,0.078851,0.078901,1,0,0.00208298611977816
790,0.078951,0.079001,1,0,0.00199936088007602
791,0.079051,0.079101,1,0,0.00199936088007602
792,0.079151,0.079201,1,0,0.00199936088007602
793,0.079251,0.079301,1,0,0.00199936088007602
794,0.079351,0.079401,1,0,0.00199936088007602
795,0.079451,0.079501,1,0,0.00199936088007602
796,0.079551,0.079601,1,0,0.00199936088007602
797,0.079651,0.079701,1,0,0.00199936088007602
798,0.079751,0.079801,1,0,0.00199936088007602
799,0.079851,0.079901,1,0,0.00199936088007602
800,0.079951,0.080001,1,0,0.00198156210347918
801,0.080051,0.080101,1,0,0.00198156210347918
802,0.080151,0.080201,1,0,0.00198156210347918
803,0.080251,0.080301,1,0,0.00198156210347918
804,0.080351,0.080401,1,0,0.00198156210347918
805,0.080451,0.080501,1,0,0.00198156210347918
806,0.080551,0.080601,1,0,0.00198156210347918
807,0.080651,0.080701,1,0,0.00198156210347918
808,0.080751,0.080801,1,0,0.00198156210347918
809,0.080851,0.080901,1,0,0.00198156210347918
810,0.080951,0.081001,1,0,0.00191522779834929
811,0.081051,0.081101,1,0,0.00191522779834929
812,0.081151,0.081201,1,0,0.00191522779834929
813,0.081251,0.081301,1,0,0.00191522779834929
814,0.081351,0.081401,1,0,0.00191522779834929
815,0.081451,0.081501,1,0,0.00191522779834929
816,0.081551,0.081601,1,0,0.00191522779834929
817,0.081651,0.081701,1,0,0.00191522779834929
818,0.081751,0.081801,1,0,0.00191522779834929
819,0.081851,0.081901,1,0,0.00191522779834929
820,0.081951,0.082001,1,0,0.00192710260769749
821,0.082051,0.082101,1,0,0.00192710260769749
822,0.082151,0.082201,1,0,0.00192710260769749
823,0.082251,0.082301,1,0,0.00192710260769749
824,0.082351,0.082401,1,0,0.00192710260769749
825,0.082451,0.082501,1,0,0.00192710260769749
826,0.082551,0.082601,1,0,0.00192710260769749
827,0.082651,0.082701,1,0,0.00192710260769749
828,0.082751,0.082801,1,0,0.00192710260769749
829,0.082851,0.082901,1,0,0.00192710260769749
830,0.082951,0.083001,1,0,0.00187730771514351
831,0.083051,0.083101,1,0,0.00187730771514351
832,0.083151,0.083201,1,0,0.00187730771514351
833,0.083251,0.083301,1,0,0.00187730771514351
834,0.083351,0.083401,1,0,0.00187730771514351
835,0.083451,0.083501,1,0,0.00187730771514351
836,0.083551,0.083601,1,0,0.00187730771514351
837,0.083651,0.083701,1,0,0.00187730771514351
838,0.083751,0.083801,1,0,0.00187730771514351
839,0.083851,0.083901,1,0,0.00187730771514351
840,0.083951,0.084001,1,0,0.00190714193721126
841,0.084051,0.084101,1,0,0.00190714193721126
842,0.084151,0.084201,1,0,0.00190714193721126
843,0.084251,0.084301,1,0,0.00190714193721126
844,0.084351,0.084401,1,0,0.00190714193721126
845,0.084451,0.084501,1,0,0.00190714193721126
846,0.084551,0.084601,1,0,0.00190714193721126
847,0.084651,0.084701,1,0,0.00190714193721126
848,0.084751,0.084801,1,0,0.00190714193721126
849,0.084851,0.084901,1,0,0.00190714193721126
850,0.084951,0.085001,1,0,0.0018892757120501
851,0.085051,0.085101,1,0,0.0018892757120501
852,0.085151,0.085201,1,0,0.0018892757120501
853,0.085251,0.085301,1,0,0.0018892757120501
854,0.085351,0.085401,1,0,0.0018892757120501
855,0.085451,0.085501,1,0,0.0018892757120501
856,0.085551,0.085601,1,0,0.0018892757120501
857,0.085651,0.085701,1,0,0.0018892757120501
858,0.085751,0.085801,1,0,0.0018892757120501
859,0.085851,0.085901,1,0,0.0018892757120501
860,0.085951,0.086001,1,0,0.00190252860108961
861,0.086051,0.086101,1,0,0.00190252860108961
862,0.086151,0.086201,1,0,0.00190252860108961
863,0.086251,0.086301,1,0,0.00190252860108961
864,0.086351,0.086401,1,0,0.00190252860108961
865,0.086451,0.086501,1,0,0.00190252860108961
866,0.086551,0.086601,1,0,0.00190252860108961
867,0.086651,0.086701,1,0,0.00190252860108961
868,0.086751,0.086801,1,0,0.00190252860108961
869,0.086851,0.086901,1,0,0.00190252860108961
870,0.086951,0.087001,1,0,0.00190200822084007
871,0.087051,0.087101,1,0,0.00190200822084007
872,0.087151,0.087201,1,0,0.00190200822084007
873,0.087251,0.087301,1,0,0.00190200822084007
874,0.087351,0.087401,1,0,0.00190200822084007
875,0.087451,0.087501,1,0,0.00190200822084007
876,0.087551,0.087601,1,0,0.00190200822084007
877,0.087651,0.087701,1,0,0.00190200822084007
878,0.087751,0.087801,1,0,0.00190200822084007
879,0.087851,0.087901,1,0,0.00190200822084007
880,0.087951,0.088001,1,0,0.00194056472086658
881,0.088051,0.088101,1,0,0.00194056472086658
882,0.088151,0.088201,1,0,0.00194056472086658
883,0.088251,0.088301,1,0,0.00194056472086658
884,0.088351,0.088401,1,0,0.00194056472086658
885,0.088451,0.088501,1,0,0.00194056472086658
886,0.088551,0.088601,1,0,0.00194056472086658
887,0.088651,0.088701,1,0,0.00194056472086658
888,0.088751,0.088801,1,0,0.00194056472086658
889,0.088851,0.088901,1,0,0.00194056472086658
890,0.088951,0.089001,1,0,0.00192293608227277
891,0.089051,0.089101,1,0,0.00192293608227277
892,0.089151,0.089201,1,0,0.00192293608227277
893,0.089251,0.089301,1,0,0.00192293608227277
894,0.089351,0.089401,1,0,0.00192293608227277
895,0.089451,0.089501,1,0,0.00192293608227277
896,0.089551,0.089601,1,0,0.00192293608227277
897,0.089651,0.089701,1,0,0.00192293608227277
898,0.089751,0.089801,1,0,0.00192293608227277
899,0.089851,0.089901,1,0,0.00192293608227277
900,0.089951,0.090001,1,0,0.0019556303219994
901,0.090051,0.090101,1,0,0.0019556303219994
902,0.090151,0.090201,1,0,0.0019556303219994
903,0.090251,0.090301,1,0,0.0019556303219994
904,0.090351,0.090401,1,0,0.0019556303219994
905,0.090451,0.090501,1,0,0.0019556303219994
906,0.090551,0.090601,1,0,0.0019556303219994
907,0.090651,0.090701,1,0,0.0019556303219994
908,0.090751,0.090801,1,0,0.0019556303219994
909,0.090851,0.090901,1,0,0.0019556303219994
910,0.090951,0.091001,1,0,0.00199762986639047
911,0.091051,0.091101,1,0,0.00199762986639047
912,0.091151,0.091201,1,0,0.00199762986639047
913,0.091251,0.091301,1,0,0.00199762986639047
914,0.091351,0.091401,1,0,0.00199762986639047
915,0.091451,0.091501,1,0,0.00199762986639047
916,0.091551,0.091601,1,0,0.00199762986639047
917,0.091651,0.091701,1,0,0.00199762986639047
918,0.091751,0.091801,1,0,0.00199762986639047
919,0.091851,0.091901,1,0,0.00199762986639047
920,0.091951,0.092001,1,0,0.00201383097856844
921,0.092051,0.092101,1,0,0.00201383097856844
922,0.092151,0.092201,1,0,0.00201383097856844
923,0.092251,0.092301,1,0,0.00201383097856844
924,0.092351,0.092401,1,0,0.00201383097856844
925,0.092451,0.092501,1,0,0.00201383097856844
926,0.092551,0.092601,1,0,0.00201383097856844
927,0.092651,0.092701,1,0,0.00201383097856844
928,0.092751,0.092801,1,0,0.00201383097856844
929,0.092851,0.092901,1,0,0.00201383097856844
930,0.092951,0.093001,1,0,0.00199115887958955
931,0.093051,0.093101,1,0,0.00199115887958955
932,0.093151,0.093201,1,0,0.00199115887958955
933,0.093251,0.093301,1,0,0.00199115887958955
934,0.093351,0.093401,1,0,0.00199115887958955
935,0.093451,0.093501,1,0,0.00199115887958955
936,0.093551,0.093601,1,0,0.00199115887958955
937,0.093651,0.093701,1,0,0.00199115887958955
938,0.093751,0.093801,1,0,0.00199115887958955
939,0.093851,0.093901,1,0,0.00199115887958955
940,0.093951,0.094001,1,0,0.00200250722930087
941,0.094051,0.094101,1,0,0.00200250722930087
942,0.094151,0.094201,1,0,0.00200250722930087
943,0.094251,0.094301,1,0,0.00200250722930087
944,0.094351,0.094401,1,0,0.00200250722930087
945,0.094451,0.094501,1,0,0.00200250722930087
946,0.094551,0.094601,1,0,0.00200250722930087
947,0.094651,0.094701,1,0,0.00200250722930087
948,0.094751,0.094801,1,0,0.00200250722930087
949,0.094851,0.094901,1,0,0.00200250722930087
950,0.094951,0.095001,1,0,0.0020132745336922
951,0.095051,0.095101,1,0,0.0020132745336922
952,0.095151,0.095201,1,0,0.0020132745336922
953,0.095251,0.095301,1,0,0.0020132745336922
954,0.095351,0.095401,1,0,0.0020132745336922
955,0.095451,0.095501,1,0,0.0020132745336922
956,0.095551,0.095601,1,0,0.0020132745336922
957,0.095651,0.095701,1,0,0.0020132745336922
958,0.095751,0.095801,1,0,0.0020132745336922
959,0.095851,0.095901,1,0,0.0020132745336922
960,0.095951,0.096001,1,0,0.00195112464444471
961,0.096051,0.096101,1,0,0.00195112464444471
962,0.096151,0.096201,1,0,0.00195112464444471
963,0.096251,0.096301,1,0,0.00195112464444471
964,0.096351,0.096401,1,0,0.00195112464444471
965,0.096451,0.096501,1,0,0.00195112464444471
966,0.096551,0.096601,1,0,0.00195112464444471
967,0.096651,0.096701,1,0,0.00195112464444471
968,0.096751,0.096801,1,0,0.00195112464444471
969,0.096851,0.096901,1,0,0.00195112464444471
970,0.096951,0.097001,1,0,0.00196231078846712
971,0.097051,0.097101,1,0,0.00196231078846712
972,0.097151,0.097201,1,0,0.00196231078846712
973,0.097251,0.097301,1,0,0.00196231078846712
974,0.097351,0.097401,1,0,0.00196231078846712
975,0.097451,0.097501,1,0,0.00196231078846712
976,0.097551,0.097601,1,0,0.00196231078846712
977,0.097651,0.097701,1,0,0.00196231078846712
978,0.097751,0.097801,1,0,0.00196231078846712
979,0.097851,0.097901,1,0,0.00196231078846712
980,0.097951,0.098001,1,0,0.00194946087552213
981,0.098051,0.098101,1,0,0.00194946087552213
982,0.098151,0.098201,1,0,0.00194946087552213
983,0.098251,0.098301,1,0,0.00194946087552213
984,0.098351,0.098401,1,0,0.00194946087552213
985,0.098451,0.098501,1,0,0.00194946087552213
986,0.098551,0.098601,1,0,0.00194946087552213
987,0.098651,0.098701,1,0,0.00194946087552213
988,0.098751,0.098801,1,0,0.00194946087552213
989,0.098851,0.098901,1,0,0.00194946087552213
990,0.098951,0.099001,1,0,0.00196598577827187
991,0.099051,0.099101,1,0,0.00196598577827187
992,0.099151,0.099201,1,0,0.00196598577827187
993,0.099251,0.099301,1,0,0.00196598577827187
994,0.099351,0.099401,1,0,0.00196598577827187
995,0.099451,0.099501,1,0,0.00196598577827187
996,0.099551,0.099601,1,0,0.00196598577827187
997,0.099651,0.099701,1,0,0.00196598577827187
998,0.099751,0.099801,1,0,0.00196598577827187
999,0.099851,0.099901,1,0,0.00196598577827187
1000,0.099951,0.100001,1,0,0.00201142402891904
1001,0.100051,0.100101,1,0,0.00201142402891904
1002,0.100151,0.100201,1,0,0.00201142402891904
1003,0.100251,0.100301,1,0,0.00201142402891904
1004,0.100351,0.100401,1,0,0.00201142402891904
1005,0.100451,0.100501,1,0,0.00201142402891904
1006,0.100551,0.100601,1,0,0.00201142402891904
1007,0.100651,0.100701,1,0,0.00201142402891904
1008,0.100751,0.100801,1,0,0.00201142402891904
1009,0.100851,0.100901,1,0,0.00201142402891904
1010,0.100951,0.101001,1,0,0.00200650494543066
1011,0.101051,0.101101,1,0,0.00200650494543066
1012,0.101151,0.101201,1,0,0.00200650494543066
1013,0.101251,0.101301,1,0,0.00200650494543066
1014,0.101351,0.101401,1,0,0.00200650494543066
1015,0.101451,0.101501,1,0,0.00200650494543066
1016,0.101551,0.101601,1,0,0.00200650494543066
1017,0.101651,0.101701,1,0,0.00200650494543066
1018,0.101751,0.101801,1,0,0.00200650494543066
1019,0.101851,0.101901,1,0,0.00200650494543066
1020,0.101951,0.102001,1,0,0.00203951589233896
1021,0.102051,0.102101,1,0,0.00203951589233896
1022,0.102151,0.102201,1,0,0.00203951589233896
1023,0.102251,0.102301,1,0,0.00203951589233896
1024,0.102351,0.102401,1,0,0.00203951589233896
1025,0.102451,0.102501,1,0,0.00203951589233896
1026,0.102551,0.102601,1,0,0.00203951589233896
1027,0.102651,0.102701,1,0,0.00203951589233896
1028,0.102751,0.102801,1,0,0.00203951589233896
1029,0.102851,0.102901,1,0,0.00203951589233896
1030,0.102951,0.103001,1,0,0.00199181905906805
1031,0.103051,0.103101,1,0,0.00199181905906805
1032,0.103151,0.103201,1,0,0.00199181905906805
1033,0.103251,0.103301,1,0,0.00199181905906805
1034,0.103351,0.103401,1,0,0.00199181905906805
1035,0.103451,0.103501,1,0,0.00199181905906805
1036,0.103551,0.103601,1,0,0.00199181905906805
1037,0.103651,0.103701,1,0,0.00199181905906805
1038,0.103751,0.103801,1,0,0.00199181905906805
1039,0.103851,0.103901,1,0,0.00199181905906805
1040,0.103951,0.104001,1,0,0.00193506013390387
1041,0.104051,0.104101,1,0,0.00193506013390387
1042,0.104151,0.104201,1,0,0.00193506013390387
1043,0.104251,0.104301,1,0,0.00193506013390387
1044,0.104351,0.104401,1,0,0.00193506013390387
1045,0.104451,0.104501,1,0,0.00193506013390387
1046,0.104551,0.104601,1,0,0.00193506013390387
1047,0.104651,0.104701,1,0,0.00193506013390387
1048,0.104751,0.104801,1,0,0.00193506013390387
1049,0.104851,0.104901,1,0,0.00193506013390387
1050,0.104951,0.105001,1,0,0.00197864530922586
1051,0.105051,0.105101,1,0,0.00197864530922586
1052,0.105151,0.105201,1,0,0.00197864530922586
1053,0.105251,0.105301,1,0,0.00197864530922586
1054,0.105351,0.105401,1,0,0.00197864530922586
1055,0.105451,0.105501,1,0,0.00197864530922586
1056,0.105551,0.105601,1,0,0.00197864530922586
1057,0.105651,0.105701,1,0,0.00197864530922586
1058,0.105751,0.105801,1,0,0.00197864530922586
1059,0.105851,0.105901,1,0,0.00197864530922586
1060,0.105951,0.106001,1,0,0.00214754902224504
1061,0.106051,0.106101,1,0,0.00214754902224504
1062,0.106151,0.106201,1,0,0.00214754902224504
1063,0.106251,0.106301,1,0,0.00214754902224504
1064,0.106351,0.106401,1,0,0.00214754902224504
1065,0.106451,0.106501,1,0,0.00214754902224504
1066,0.106551,0.106601,1,0,0.00214754902224504
1067,0.106651,0.106701,1,0,0.00214754902224504
1068,0.106751,0.106801,1,0,0.00214754902224504
1069,0.106851,0.106901,1,0,0.00214754902224504
1070,0.106951,0.107001,1,0,0.00241631680570236
1071,0.107051,0.107101,1,0,0.00241631680570236
1072,0.107151,0.107201,1,0,0.00241631680570236
1073,0.107251,0.107301,1,0,0.00241631680570236
1074,0.107351,0.107401,1,0,0.00241631680570236
1075,0.107451,0.107501,1,0,0.00241631680570236
1076,0.107551,0.107601,1,0,0.00241631680570236
1077,0.107651,0.107701,1,0,0.00241631680570236
1078,0.107751,0.107801,1,0,0.00241631680570236
1079,0.107851,0.107901,1,0,0.00241631680570236
1080,0.107951,0.108001,1,0,0.00236732090972273
1081,0.108051,0.108101,1,0,0.00236732090972273
1082,0.108151,0.108201,1,0,0.00236732090972273
1083,0.108251,0.108301,1,0,0.00236732090972273
1084,0.108351,0.108401,1,0,0.00236732090972273
1085,0.108451,0.108501,1,0,0.00236732090972273
1086,0.108551,0.108601,1,0,0.00236732090972273
1087,0.108651,0.108701,1,0,0.00236732090972273
1088,0.108751,0.108801,1,0,0.00236732090972273
1089,0.108851,0.108901,1,0,0.00236732090972273
1090,0.108951,0.109001,1,0,0.00223116122996607
1091,0.109051,0.109101,1,0,0.00223116122996607
1092,0.109151,0.109201,1,0,0.00223116122996607
1093,0.109251,0.109301,1,0,0.00223116122996607
1094,0.109351,0.109401,1,0,0.00223116122996607
1095,0.109451,0.109501,1,0,0.00223116122996607
1096,0.109551,0.109601,1,0,0.00223116122996607
1097,0.109651,0.109701,1,0,0.00223116122996607
1098,0.109751,0.109801,1,0,0.00223116122996607
1099,0.109851,0.109901,1,0,0.00223116122996607
1100,0.109951,0.110001,1,0,0.00215430094567857
1101,0.110051,0.110101,1,0,0.00215430094567857
1102,0.110151,0.110201,1,0,0.00215430094567857
1103,0.110251,0.110301,1,0,0.00215430094567857
1104,0.110351,0.110401,1,0,0.00215430094567857
1105,0.110451,0.110501,1,0,0.00215430094567857
1106,0.110551,0.110601,1,0,0.00215430094567857
1107,0.110651,0.110701,1,0,0.00215430094567857
1108,0.110751,0.110801,1,0,0.00215430094567857
1109,0.110851,0.110901,1,0,0.00215430094567857
1110,0.110951,0.111001,1,0,0.00206103903648891
1111,0.111051,0.111101,1,0,0.00206103903648891
1112,0.111151,0.111201,1,0,0.00206103903648891
1113,0.111251,0.111301,1,0,0.00206103903648891
1114,0.111351,0.111401,1,0,0.00206103903648891
1115,0.111451,0.111501,1,0,0.00206103903648891
1116,0.111551,0.111601,1,0,0.00206103903648891
1117,0.111651,0.111701,1,0,0.00206103903648891
1118,0.111751,0.111801,1,0,0.00206103903648891
1119,0.111851,0.111901,1,0,0.00206103903648891
1120,0.111951,0.112001,1,0,0.00204987730912371
1121,0.112051,0.112101,1,0,0.00204987730912371
1122,0.112151,0.112201,1,0,0.00204987730912371
1123,0.112251,0.112301,1,0,0.00204987730912371
1124,0.112351,0.112401,1,0,0.00204987730912371
1125,0.112451,0.112501,1,0,0.00204987730912371
1126,0.112551,0.112601,1,0,0.00204987730912371
1127,0.112651,0.112701,1,0,0.00204987730912371
1128,0.112751,0.112801,1,0,0.00204987730912371
1129,0.112851,0.112901,1,0,0.00204987730912371
1130,0.112951,0.113001,1,0,0.00197177020683749
1131,0.113051,0.113101,1,0,0.00197177020683749
1132,0.113151,0.113201,1,0,0.00197177020683749
1133,0.113251,0.113301,1,0,0.00197177020683749
1134,0.113351,0.113401,1,0,0.00197177020683749
1135,0.113451,0.113501,1,0,0.00197177020683749
1136,0.113551,0.113601,1,0,0.00197177020683749
1137,0.113651,0.113701,1,0,0.00197177020683749
1138,0.113751,0.113801,1,0,0.00197177020683749
1139,0.113851,0.113901,1,0,0.00197177020683749
1140,0.113951,0.114001,1,0,0.00201123904647019
1141,0.114051,0.114101,1,0,0.00201123904647019
1142,0.114151,0.114201,1,0,0.00201123904647019
1143,0.114251,0.114301,1,0,0.00201123904647019
1144,0.114351,0.114401,1,0,0.00201123904647019
1145,0.114451,0.114501,1,0,0.00201123904647019
1146,0.114551,0.114601,1,0,0.00201123904647019
1147,0.114651,0.114701,1,0,0.00201123904647019
1148,0.114751,0.114801,1,0,0.00201123904647019
1149,0.114851,0.114901,1,0,0.00201123904647019
1150,0.114951,0.115001,1,0,0.00198370606312248
1151,0.115051,0.115101,1,0,0.00198370606312248
1152,0.115151,0.115201,1,0,0.00198370606312248
1153,0.115251,0.115301,1,0,0.00198370606312248
1154,0.115351,0.115401,1,0,0.00198370606312248
1155,0.115451,0.115501,1,0,0.00198370606312248
1156,0.115551,0.115601,1,0,0.00198370606312248
1157,0.115651,0.115701,1,0,0.00198370606312248
1158,0.115751,0.115801,1,0,0.00198370606312248
1159,0.115851,0.115901,1,0,0.00198370606312248
1160,0.115951,0.116001,1,0,0.00193903270748553
1161,0.116051,0.116101,1,0,0.00193903270748553
1162,0.116151,0.116201,1,0,0.00193903270748553
1163,0.116251,0.116301,1,0,0.00193903270748553
1164,0.116351,0.116401,1,0,0.00193903270748553
1165,0.116451,0.116501,1,0,0.00193903270748553
1166,0.116551,0.116601,1,0,0.00193903270748553
1167,0.116651,0.116701,1,0,0.00193903270748553
1168,0.116751,0.116801,1,0,0.00193903270748553
1169,0.116851,0.116901,1,0,0.00193903270748553
1170,0.116951,0.117001,1,0,0.00198632728719597
1171,0.117051,0.117101,1,0,0.00198632728719597
1172,0.117151,0.117201,1,0,0.00198632728719597
1173,0.117251,0.117301,1,0,0.00198632728719597
1174,0.117351,0.117401,1,0,0.00198632728719597
1175,0.117451,0.117501,1,0,0.00198632728719597
1176,0.117551,0.117601,1,0,0.00198632728719597
1177,0.117651,0.117701,1,0,0.00198632728719597
1178,0.117751,0.117801,1,0,0.00198632728719597
1179,0.117851,0.117901,1,0,0.00198632728719597
1180,0.117951,0.118001,1,0,0.00199595958344173
1181,0.118051,0.118101,1,0,0.00199595958344173
1182,0.118151,0.118201,1,0,0.00199595958344173
1183,0.118251,0.118301,1,0,0.00199595958344173
1184,0.118351,0.118401,1,0,0.00199595958344173
1185,0.118451,0.118501,1,0,0.00199595958344173
1186,0.118551,0.118601,1,0,0.00199595958344173
1187,0.118651,0.118701,1,0,0.00199595958344173
1188,0.118751,0.118801,1,0,0.00199595958344173
1189,0.118851,0.118901,1,0,0.00199595958344173
1190,0.118951,0.119001,1,0,0.00195510160830947
1191,0.119051,0.119101,1,0,0.00195510160830947
1192,0.119151,0.119201,1,0,0.00195510160830947
1193,0.119251,0.119301,1,0,0.00195510160830947
1194,0.119351,0.119401,1,0,0.00195510160830947
1195,0.119451,0.119501,1,0,0.00195510160830947
1196,0.119551,0.119601,1,0,0.00195510160830947
1197,0.119651,0.119701,1,0,0.00195510160830947
1198,0.119751,0.119801,1,0,0.00195510160830947
1199,0.119851,0.119901,1,0,0.00195510160830947
1200,0.119951,0.120001,1,0,0.00199810149987738
1201,0.120051,0.120101,1,0,0.00199810149987738
1202,0.120151,0.120201,1,0,0.00199810149987738
1203,0.120251,0.120301,1,0,0.00199810149987738
1204,0.120351,0.120401,1,0,0.00199810149987738
1205,0.120451,0.120501,1,0,0.00199810149987738
1206,0.120551,0.120601,1,0,0.00199810149987738
1207,0.120651,0.120701,1,0,0.00199810149987738
1208,0.120751,0.120801,1,0,0.00199810149987738
1209,0.120851,0.120901,1,0,0.00199810149987738
1210,0.120951,0.121001,1,0,0.00203158762492762
1211,0.121051,0.121101,1,0,0.00203158762492762
1212,0.121151,0.121201,1,0,0.00203158762492762
1213,0.121251,0.121301,1,0,0.00203158762492762
1214,0.121351,0.121401,1,0,0.00203158762492762
1215,0.121451,0.121501,1,0,0.00203158762492762
1216,0.121551,0.121601,1,0,0.00203158762492762
1217,0.121651,0.121701,1,0,0.00203158762492762
1218,0.121751,0.121801,1,0,0.00203158762492762
1219,0.121851,0.121901,1,0,0.00203158762492762
1220,0.121951,0.122001,1,0,0.00207338866120978
1221,0.122051,0.122101,1,0,0.00207338866120978
1222,0.122151,0.122201,1,0,0.00207338866120978
1223,0.122251,0.122301,1,0,0.00207338866120978
1224,0.122351,0.122401,1,0,0.00207338866120978
1225,0.122451,0.122501,1,0,0.00207338866120978
1226,0.122551,0.122601,1,0,0.00207338866120978
1227,0.122651,0.122701,1,0,0.00207338866120978
1228,0.122751,0.122801,1,0,0.00207338866120978
1229,0.122851,0.122901,1,0,0.00207338866120978
1230,0.122951,0.123001,1,0,0.00202884718825495
1231,0.123051,0.123101,1,0,0.00202884718825495
1232,0.123151,0.123201,1,0,0.00202884718825495
1233,0.123251,0.123301,1,0,0.00202884718825495
1234,0.123351,0.123401,1,0,0.00202884718825495
1235,0.123451,0.123501,1,0,0.00202884718825495
1236,0.123551,0.123601,1,0,0.00202884718825495
1237,0.123651,0.123701,1,0,0.00202884718825495
1238,0.123751,0.123801,1,0,0.00202884718825495
1239,0.123851,0.123901,1,0,0.00202884718825495
1240,0.123951,0.124001,1,0,0.00202368901910065
1241,0.124051,0.124101,1,0,0.00202368901910065
1242,0.124151,0.124201,1,0,0.00202368901910065
1243,0.124251,0.124301,1,0,0.00202368901910065
1244,0.124351,0.124401,1,0,0.00202368901910065
1245,0.124451,0.124501,1,0,0.00202368901910065
1246,0.124551,0.124601,1,0,0.00202368901910065
1247,0.124651,0.124701,1,0,0.00202368901910065
1248,0.124751,0.124801,1,0,0.00202368901910065
1249,0.124851,0.124901,1,0,0.00202368901910065
1250,0.124951,0.125001,1,0,0.00197394957526111
1251,0.125051,0.125101,1,0,0.00197394957526111
1252,0.125151,0.125201,1,0,0.00197394957526111
1253,0.125251,0.125301,1,0,0.00197394957526111
1254,0.125351,0.125401,1,0,0.00197394957526111
1255,0.125451,0.125501,1,0,0.00197394957526111
1256,0.125551,0.125601,1,0,0.00197394957526111
1257,0.125651,0.125701,1,0,0.00197394957526111
1258,0.125751,0.125801,1,0,0.00197394957526111
1259,0.125851,0.125901,1,0,0.00197394957526111
1260,0.125951,0.126001,1,0,0.00198662689875131
1261,0.126051,0.126101,1,0,0.00198662689875131
1262,0.126151,0.126201,1,0,0.00198662689875131
1263,0.126251,0.126301,1,0,0.00198662689875131
1264,0.126351,0.126401,1,0,0.00198662689875131
1265,0.126451,0.126501,1,0,0.00198662689875131
1266,0.126551,0.126601,1,0,0.00198662689875131
1267,0.126651,0.126701,1,0,0.00198662689875131
1268,0.126751,0.126801,1,0,0.00198662689875131
1269,0.126851,0.126901,1,0,0.00198662689875131
1270,0.126951,0.127001,1,0,0.00197509203029307
1271,0.127051,0.127101,1,0,0.00197509203029307
1272,0.127151,0.127201,1,0,0.00197509203029307
1273,0.127251,0.127301,1,0,0.00197509203029307
1274,0.127351,0.127401,1,0,0.00197509203029307
1275,0.127451,0.127501,1,0,0.00197509203029307
1276,0.127551,0.127601,1,0,0.00197509203029307
1277,0.127651,0.127701,1,0,0.00197509203029307
1278,0.127751,0.127801,1,0,0.00197509203029307
1279,0.127851,0.127901,1,0,0.00197509203029307
1280,0.127951,0.128001,1,0,0.00202024229627446
1281,0.128051,0.128101,1,0,0.00202024229627446
1282,0.128151,0.128201,1,0,0.00202024229627446
1283,0.128251,0.128301,1,0,0.00202024229627446
1284,0.128351,0.128401,1,0,0.00202024229627446
1285,0.128451,0.128501,1,0,0.00202024229627446
1286,0.128551,0.128601,1,0,0.00202024229627446
1287,0.128651,0.128701,1,0,0.00202024229627446
1288,0.128751,0.128801,1,0,0.00202024229627446
1289,0.128851,0.128901,1,0,0.00202024229627446
1290,0.128951,0.129001,1,0,0.00202143905646389
1291,0.129051,0.129101,1,0,0.00202143905646389
1292,0.129151,0.129201,1,0,0.00202143905646389
1293,0.129251,0.129301,1,0,0.00202143905646389
1294,0.129351,0.129401,1,0,0.00202143905646389
1295,0.129451,0.129501,1,0,0.00202143905646389
1296,0.129551,0.129601,1,0,0.00202143905646389
1297,0.129651,0.129701,1,0,0.00202143905646389
1298,0.129751,0.129801,1,0,0.00202143905646389
1299,0.129851,0.129901,1,0,0.00202143905646389
1300,0.129951,0.130001,1,0,0.00204655430793989
1301,0.130051,0.130101,1,0,0.00204655430793989
1302,0.130151,0.130201,1,0,0.00204655430793989
1303,0.130251,0.130301,1,0,0.00204655430793989
1304,0.130351,0.130401,1,0,0.00204655430793989
1305,0.130451,0.130501,1,0,0.00204655430793989
1306,0.130551,0.130601,1,0,0.00204655430793989
1307,0.130651,0.130701,1,0,0.00204655430793989
1308,0.130751,0.130801,1,0,0.00204655430793989
1309,0.130851,0.130901,1,0,0.00204655430793989
1310,0.130951,0.131001,1,0,0.00203167272474071
1311,0.131051,0.131101,1,0,0.00203167272474071
1312,0.131151,0.131201,1,0,0.00203167272474071
1313,0.131251,0.131301,1,0,0.00203167272474071
1314,0.131351,0.131401,1,0,0.00203167272474071
1315,0.131451,0.131501,1,0,0.00203167272474071
1316,0.131551,0.131601,1,0,0.00203167272474071
1317,0.131651,0.131701,1,0,0.00203167272474071
1318,0.131751,0.131801,1,0,0.00203167272474071
1319,0.131851,0.131901,1,0,0.00203167272474071
1320,0.131951,0.132001,1,0,0.00201924648192827
1321,0.132051,0.132101,1,0,0.00201924648192827
1322,0.132151,0.132201,1,0,0.00201924648192827
1323,0.132251,0.132301,1,0,0.00201924648192827
1324,0.132351,0.132401,1,0,0.00201924648192827
1325,0.132451,0.132501,1,0,0.00201924648192827
1326,0.132551,0.132601,1,0,0.00201924648192827
1327,0.132651,0.132701,1,0,0.00201924648192827
1328,0.132751,0.132801,1,0,0.00201924648192827
1329,0.132851,0.132901,1,0,0.00201924648192827
1330,0.132951,0.133001,1,0,0.00201335433571998
1331,0.133051,0.133101,1,0,0.00201335433571998
1332,0.133151,0.133201,1,0,0.00201335433571998
1333,0.133251,0.133301,1,0,0.00201335433571998
1334,0.133351,0.133401,1,0,0.00201335433571998
1335,0.133451,0.133501,1,0,0.00201335433571998
1336,0.133551,0.133601,1,0,0.00201335433571998
1337,0.133651,0.133701,1,0,0.00201335433571998
1338,0.133751,0.133801,1,0,0.00201335433571998
1339,0.133851,0.133901,1,0,0.00201335433571998
1340,0.133951,0.134001,1,0,0.00196104517035082
1341,0.134051,0.134101,1,0,0.00196104517035082
1342,0.134151,0.134201,1,0,0.00196104517035082
1343,0.134251,0.134301,1,0,0.00196104517035082
1344,0.134351,0.134401,1,0,0.00196104517035082
1345,0.134451,0.134501,1,0,0.00196104517035082
1346,0.134551,0.134601,1,0,0.00196104517035082
1347,0.134651,0.134701,1,0,0.00196104517035082
1348,0.134751,0.134801,1,0,0.00196104517035082
1349,0.134851,0.134901,1,0,0.00196104517035082
1350,0.134951,0.135001,1,0,0.00199856920494357
1351,0.135051,0.135101,1,0,0.00199856920494357
1352,0.135151,0.135201,1,0,0.00199856920494357
1353,0.135251,0.135301,1,0,0.00199856920494357
1354,0.135351,0.135401,1,0,0.00199856920494357
1355,0.135451,0.135501,1,0,0.00199856920494357
1356,0.135551,0.135601,1,0,0.00199856920494357
1357,0.135651,0.135701,1,0,0.00199856920494357
1358,0.135751,0.135801,1,0,0.00199856920494357
1359,0.135851,0.135901,1,0,0.00199856920494357
1360,0.135951,0.136001,1,0,0.00215894506371974
1361,0.136051,0.136101,1,0,0.00215894506371974
1362,0.136151,0.136201,1,0,0.00215894506371974
1363,0.136251,0.136301,1,0,0.00215894506371974
1364,0.136351,0.136401,1,0,0.00215894506371974
1365,0.136451,0.136501,1,0,0.00215894506371974
1366,0.136551,0.136601,1,0,0.00215894506371974
1367,0.136651,0.136701,1,0,0.00215894506371974
1368,0.136751,0.136801,1,0,0.00215894506371974
1369,0.136851,0.136901,1,0,0.00215894506371974
1370,0.136951,0.137001,1,0,0.00241905463984172
1371,0.137051,0.137101,1,0,0.00241905463984172
1372,0.137151,0.137201,1,0,0.00241905463984172
1373,0.137251,0.137301,1,0,0.00241905463984172
1374,0.137351,0.137401,1,0,0.00241905463984172
1375,0.137451,0.137501,1,0,0.00241905463984172
1376,0.137551,0.137601,1,0,0.00241905463984172
1377,0.137651,0.137701,1,0,0.00241905463984172
1378,0.137751,0.137801,1,0,0.00241905463984172
1379,0.137851,0.137901,1,0,0.00241905463984172
1380,0.137951,0.138001,1,0,0.00233443271338753
1381,0.138051,0.138101,1,0,0.00233443271338753
1382,0.138151,0.138201,1,0,0.00233443271338753
1383,0.138251,0.138301,1,0,0.00233443271338753
1384,0.138351,0.138401,1,0,0.00233443271338753
1385,0.138451,0.138501,1,0,0.00233443271338753
1386,0.138551,0.138601,1,0,0.00233443271338753
1387,0.138651,0.138701,1,0,0.00233443271338753
1388,0.138751,0.138801,1,0,0.00233443271338753
1389,0.138851,0.138901,1,0,0.00233443271338753
1390,0.138951,0.139001,1,0,0.00221241831818864
1391,0.139051,0.139101,1,0,0.00221241831818864
1392,0.139151,0.139201,1,0,0.00221241831818864
1393,0.139251,0.139301,1,0,0.00221241831818864
1394,0.139351,0.139401,1,0,0.00221241831818864
1395,0.139451,0.139501,1,0,0.00221241831818864
1396,0.139551,0.139601,1,0,0.00221241831818864
1397,0.139651,0.139701,1,0,0.00221241831818864
1398,0.139751,0.139801,1,0,0.00221241831818864
1399,0.139851,0.139901,1,0,0.00221241831818864
1400,0.139951,0.140001,1,0,0.00215193613324657
1401,0.140051,0.140101,1,0,0.00215193613324657
1402,0.140151,0.140201,1,0,0.00215193613324657
1403,0.140251,0.140301,1,0,0.00215193613324657
1404,0.140351,0.140401,1,0,0.00215193613324657
1405,0.140451,0.140501,1,0,0.00215193613324657
1406,0.140551,0.140601,1,0,0.00215193613324657
1407,0.140651,0.140701,1,0,0.00215193613324657
1408,0.140751,0.140801,1,0,0.00215193613324657
1409,0.140851,0.140901,1,0,0.00215193613324657
1410,0.140951,0.141001,1,0,0.00210210256349406
1411,0.141051,0.141101,1,0,0.00210210256349406
1412,0.141151,0.141201,1,0,0.00210210256349406
1413,0.141251,0.141301,1,0,0.00210210256349406
1414,0.141351,0.141401,1,0,0.00210210256349406
1415,0.141451,0.141501,1,0,0.00210210256349406
1416,0.141551,0.141601,1,0,0.00210210256349406
1417,0.141651,0.141701,1,0,0.00210210256349406
1418,0.141751,0.141801,1,0,0.00210210256349406
1419,0.141851,0.141901,1,0,0.00210210256349406
1420,0.141951,0.142001,1,0,0.00206937077279605
1421,0.142051,0.142101,1,0,0.00206937077279605
1422,0.142151,0.142201,1,0,0.00206937077279605
1423,0.142251,0.142301,1,0,0.00206937077279605
1424,0.142351,0.142401,1,0,0.00206937077279605
1425,0.142451,0.142501,1,0,0.00206937077279605
1426,0.142551,0.142601,1,0,0.00206937077279605
1427,0.142651,0.142701,1,0,0.00206937077279605
1428,0.142751,0.142801,1,0,0.00206937077279605
1429,0.142851,0.142901,1,0,0.00206937077279605
1430,0.142951,0.143001,1,0,0.0020411752737023
1431,0.143051,0.143101,1,0,0.0020411752737023
1432,0.143151,0.143201,1,0,0.0020411752737023
1433,0.143251,0.143301,1,0,0.0020411752737023
1434,0.143351,0.143401,1,0,0.0020411752737023
1435,0.143451,0.143501,1,0,0.0020411752737023
1436,0.143551,0.143601,1,0,0.0020411752737023
1437,0.143651,0.143701,1,0,0.0020411752737023
1438,0.143751,0.143801,1,0,0.0020411752737023
1439,0.143851,0.143901,1,0,0.0020411752737023
1440,0.143951,0.144001,1,0,0.0019969076350353
1441,0.144051,0.144101,1,0,0.0019969076350353
1442,0.144151,0.144201,1,0,0.0019969076350353
1443,0.144251,0.144301,1,0,0.0019969076350353
1444,0.144351,0.144401,1,0,0.0019969076350353
1445,0.144451,0.144501,1,0,0.0019969076350353
1446,0.144551,0.144601,1,0,0.0019969076350353
1447,0.144651,0.144701,1,0,0.0019969076350353
1448,0.144751,0.144801,1,0,0.0019969076350353
1449,0.144851,0.144901,1,0,0.0019969076350353
1450,0.144951,0.145001,1,0,0.00200144028157974
1451,0.145051,0.145101,1,0,0.00200144028157974
1452,0.145151,0.145201,1,0,0.00200144028157974
1453,0.145251,0.145301,1,0,0.00200144028157974
1454,0.145351,0.145401,1,0,0.00200144028157974
1455,0.145451,0.145501,1,0,0.00200144028157974
1456,0.145551,0.145601,1,0,0.00200144028157974
1457,0.145651,0.145701,1,0,0.00200144028157974
1458,0.145751,0.145801,1,0,0.00200144028157974
1459,0.145851,0.145901,1,0,0.00200144028157974
1460,0.145951,0.146001,1,0,0.00194725248807762
1461,0.146051,0.146101,1,0,0.00194725248807762
1462,0.146151,0.146201,1,0,0.00194725248807762
1463,0.146251,0.146301,1,0,0.00194725248807762
1464,0.146351,0.146401,1,0,0.00194725248807762
1465,0.146451,0.146501,1,0,0.00194725248807762
1466,0.146551,0.146601,1,0,0.00194725248807762
1467,0.146651,0.146701,1,0,0.00194725248807762
1468,0.146751,0.146801,1,0,0.00194725248807762
1469,0.146851,0.146901,1,0,0.00194725248807762
1470,0.146951,0.147001,1,0,0.00198555638944836
1471,0.147051,0.147101,1,0,0.00198555638944836
1472,0.147151,0.147201,1,0,0.00198555638944836
1473,0.147251,0.147301,1,0,0.00198555638944836
1474,0.147351,0.147401,1,0,0.00198555638944836
1475,0.147451,0.147501,1,0,0.00198555638944836
1476,0.147551,0.147601,1,0,0.00198555638944836
1477,0.147651,0.147701,1,0,0.00198555638944836
1478,0.147751,0.147801,1,0,0.00198555638944836
1479,0.147851,0.147901,1,0,0.00198555638944836
1480,0.147951,0.148001,1,0,0.00202380728493233
1481,0.148051,0.148101,1,0,0.00202380728493233
1482,0.148151,0.148201,1,0,0.00202380728493233
1483,0.148251,0.148301,1,0,0.00202380728493233
1484,0.148351,0.148401,1,0,0.00202380728493233
1485,0.148451,0.148501,1,0,0.00202380728493233
1486,0.148551,0.148601,1,0,0.00202380728493233
1487,0.148651,0.148701,1,0,0.00202380728493233
1488,0.148751,0.148801,1,0,0.00202380728493233
1489,0.148851,0.148901,1,0,0.00202380728493233
1490,0.148951,0.149001,1,0,0.0020249199641883
1491,0.149051,0.149101,1,0,0.0020249199641883
1492,0.149151,0.149201,1,0,0.0020249199641883
1493,0.149251,0.149301,1,0,0.0020249199641883
1494,0.149351,0.149401,1,0,0.0020249199641883
1495,0.149451,0.149501,1,0,0.0020249199641883
1496,0.149551,0.149601,1,0,0.0020249199641883
1497,0.149651,0.149701,1,0,0.0020249199641883
1498,0.149751,0.149801,1,0,0.0020249199641883
1499,0.149851,0.149901,1,0,0.0020249199641883
1500,0.149951,0.150001,1,0,0.00201422451839596
1501,0.150051,0.150101,1,0,0.00201422451839596
1502,0.150151,0.150201,1,0,0.00201422451839596
1503,0.150251,0.150301,1,0,0.00201422451839596
1504,0.150351,0.150401,1,0,0.00201422451839596
1505,0.150451,0.150501,1,0,0.00201422451839596
1506,0.150551,0.150601,1,0,0.00201422451839596
1507,0.150651,0.150701,1,0,0.00201422451839596
1508,0.150751,0.150801,1,0,0.00201422451839596
1509,0.150851,0.150901,1,0,0.00201422451839596
1510,0.150951,0.151001,1,0,0.00118907954527332
1511,0.151051,0.151101,1,0,0.00118907954527332
1512,0.151151,0.151201,1,0,0.00118907954527332
1513,0.151251,0.151301,1,0,0.00118907954527332
1514,0.151351,0.151401,1,0,0.00118907954527332
1515,0.151451,0.151501,1,0,0.00118907954527332
1516,0.151551,0.151601,1,0,0.00118907954527332
1517,0.151651,0.151701,1,0,0.00118907954527332
1518,0.151751,0.151801,1,0,0.00118907954527332
1519,0.151851,0.151901,1,0,0.00118907954527332
1520,0.151951,0.152001,1,0,0.000522141200941956
1521,0.152051,0.152101,1,0,0.000522141200941956
1522,0.152151,0.152201,1,0,0.000522141200941956
1523,0.152251,0.152301,1,0,0.000522141200941956
1524,0.152351,0.152401,1,0,0.000522141200941956
1525,0.152451,0.152501,1,0,0.000522141200941956
1526,0.152551,0.152601,1,0,0.000522141200941956
1527,0.152651,0.152701,1,0,0.000522141200941956
1528,0.152751,0.152801,1,0,0.000522141200941956
1529,0.152851,0.152901,1,0,0.000522141200941956
1530,0.152951,0.153001,1,0,0.00013893962329865
1531,0.153051,0.153101,1,0,0.00013893962329865
1532,0.153151,0.153201,1,0,0.00013893962329865
1533,0.153251,0.153301,1,0,0.00013893962329865
1534,0.153351,0.153401,1,0,0.00013893962329865
1535,0.153451,0.153501,1,0,0.00013893962329865
1536,0.153551,0.153601,1,0,0.00013893962329865
1537,0.153651,0.153701,1,0,0.00013893962329865
1538,0.153751,0.153801,1,0,0.00013893962329865
1539,0.153851,0.153901,1,0,0.00013893962329865
1540,0.153951,0.154001,1,0,-0.000120491806016857
1541,0.154051,0.154101,1,0,-0.000120491806016857
1542,0.154151,0.154201,1,0,-0.000120491806016857
1543,0.154251,0.154301,1,0,-0.000120491806016857
1544,0.154351,0.154401,1,0,-0.000120491806016857
1545,0.154451,0.154501,1,0,-0.000120491806016857
1546,0.154551,0.154601,1,0,-0.000120491806016857
1547,0.154651,0.154701,1,0,-0.000120491806016857
1548,0.154751,0.154801,1,0,-0.000120491806016857
1549,0.154851,0.154901,1,0,-0.000120491806016857
1550,0.154951,0.155001,1,0,-0.000369449747904659
1551,0.155051,0.155101,1,0,-0.000369449747904659
1552,0.155151,0.155201,1,0,-0.000369449747904659
1553,0.155251,0.155301,1,0,-0.000369449747904659
1554,0.155351,0.155401,1,0,-0.000369449747904659
1555,0.155451,0.155501,1,0,-0.000369449747904659
1556,0.155551,0.155601,1,0,-0.000369449747904659
1557,0.155651,0.155701,1,0,-0.000369449747904659
1558,0.155751,0.155801,1,0,-0.000369449747904659
1559,0.155851,0.155901,1,0,-0.000369449747904659
1560,0.155951,0.156001,1,0,-0.000626786623627849
1561,0.156051,0.156101,1,0,-0.000626786623627849
1562,0.156151,0.156201,1,0,-0.000626786623627849
1563,0.156251,0.156301,1,0,-0.000626786623627849
1564,0.156351,0.156401,1,0,-0.000626786623627849
1565,0.156451,0.156501,1,0,-0.000626786623627849
1566,0.156551,0.156601,1,0,-0.000626786623627849
1567,0.156651,0.156701,1,0,-0.000626786623627849
1568,0.156751,0.156801,1,0,-0.000626786623627849
1569,0.156851,0.156901,1,0,-0.000626786623627849
1570,0.156951,0.157001,1,0,-0.000886726293690142
1571,0.157051,0.157101,1,0,-0.000886726293690142
1572,0.157151,0.157201,1,0,-0.000886726293690142
1573,0.157251,0.157301,1,0,-0.000886726293690142
1574,0.157351,0.157401,1,0,-0.000886726293690142
1575,0.157451,0.157501,1,0,-0.000886726293690142
1576,0.157551,0.157601,1,0,-0.000886726293690142
1577,0.157651,0.157701,1,0,-0.000886726293690142
1578,0.157751,0.157801,1,0,-0.000886726293690142
1579,0.157851,0.157901,1,0,-0.000886726293690142
1580,0.157951,0.158001,1,0,-0.00115150430395045
1581,0.158051,0.158101,1,0,-0.00115150430395045
1582,0.158151,0.158201,1,0,-0.00115150430395045
1583,0.158251,0.158301,1,0,-0.00115150430395045
1584,0.158351,0.158401,1,0,-0.00115150430395045
1585,0.158451,0.158501,1,0,-0.00115150430395045
1586,0.158551,0.158601,1,0,-0.00115150430395045
1587,0.158651,0.158701,1,0,-0.00115150430395045
1588,0.158751,0.158801,1,0,-0.00115150430395045
1589,0.158851,0.158901,1,0,-0.00115150430395045
1590,0.158951,0.159001,1,0,-0.00142237895923259
1591,0.159051,0.159101,1,0,-0.00142237895923259
1592,0.159151,0.159201,1,0,-0.00142237895923259
1593,0.159251,0.159301,1,0,-0.00142237895923259
1594,0.159351,0.159401,1,0,-0.00142237895923259
1595,0.159451,0.159501,1,0,-0.00142237895923259
1596,0.159551,0.159601,1,0,-0.00142237895923259
1597,0.159651,0.159701,1,0,-0.00142237895923259
1598,0.159751,0.159801,1,0,-0.00142237895923259
1599,0.159851,0.159901,1,0,-0.00142237895923259
1600,0.159951,0.160001,1,0,-0.0016988182211329
1601,0.160051,0.160101,1,0,-0.0016988182211329
1602,0.160151,0.160201,1,0,-0.0016988182211329
1603,0.160251,0.160301,1,0,-0.0016988182211329
1604,0.160351,0.160401,1,0,-0.0016988182211329
1605,0.160451,0.160501,1,0,-0.0016988182211329
1606,0.160551,0.160601,1,0,-0.0016988182211329
1607,0.160651,0.160701,1,0,-0.0016988182211329
1608,0.160751,0.160801,1,0,-0.0016988182211329
1609,0.160851,0.160901,1,0,-0.0016988182211329
1610,0.160951,0.161001,1,0,-0.00198048181237392
1611,0.161051,0.161101,1,0,-0.00198048181237392
1612,0.161151,0.161201,1,0,-0.00198048181237392
1613,0.161251,0.161301,1,0,-0.00198048181237392
1614,0.161351,0.161401,1,0,-0.00198048181237392
1615,0.161451,0.161501,1,0,-0.00198048181237392
1616,0.161551,0.161601,1,0,-0.00198048181237392
1617,0.161651,0.161701,1,0,-0.00198048181237392
1618,0.161751,0.161801,1,0,-0.00198048181237392
1619,0.161851,0.161901,1,0,-0.00198048181237392
1620,0.161951,0.162001,1,0,-0.00226212091767731
1621,0.162051,0.162101,1,0,-0.00226212091767731
1622,0.162151,0.162201,1,0,-0.00226212091767731
1623,0.162251,0.162301,1,0,-0.00226212091767731
1624,0.162351,0.162401,1,0,-0.00226212091767731
1625,0.162451,0.162501,1,0,-0.00226212091767731
1626,0.162551,0.162601,1,0,-0.00226212091767731
1627,0.162651,0.162701,1,0,-0.00226212091767731
1628,0.162751,0.162801,1,0,-0.00226212091767731
1629,0.162851,0.162901,1,0,-0.00226212091767731
1630,0.162951,0.163001,1,0,-0.00254662290572451
1631,0.163051,0.163101,1,0,-0.00254662290572451
1632,0.163151,0.163201,1,0,-0.00254662290572451
1633,0.163251,0.163301,1,0,-0.00254662290572451
1634,0.163351,0.163401,1,0,-0.00254662290572451
1635,0.163451,0.163501,1,0,-0.00254662290572451
1636,0.163551,0.163601,1,0,-0.00254662290572451
1637,0.163651,0.163701,1,0,-0.00254662290572451
1638,0.163751,0.163801,1,0,-0.00254662290572451
1639,0.163851,0.163901,1,0,-0.00254662290572451
1640,0.163951,0.164001,1,0,-0.00283155977878381
1641,0.164051,0.164101,1,0,-0.00283155977878381
1642,0.164151,0.164201,1,0,-0.00283155977878381
1643,0.164251,0.164301,1,0,-0.00283155977878381
1644,0.164351,0.164401,1,0,-0.00283155977878381
1645,0.164451,0.164501,1,0,-0.00283155977878381
1646,0.164551,0.164601,1,0,-0.00283155977878381
1647,0.164651,0.164701,1,0,-0.00283155977878381
1648,0.164751,0.164801,1,0,-0.00283155977878381
1649,0.164851,0.164901,1,0,-0.00283155977878381
1650,0.164951,0.165001,1,0,-0.00311382318465499
1651,0.165051,0.165101,1,0,-0.00311382318465499
1652,0.165151,0.165201,1,0,-0.00311382318465499
1653,0.165251,0.165301,1,0,-0.00311382318465499
1654,0.165351,0.165401,1,0,-0.00311382318465499
1655,0.165451,0.165501,1,0,-0.00311382318465499
1656,0.165551,0.165601,1,0,-0.00311382318465499
1657,0.165651,0.165701,1,0,-0.00311382318465499
1658,0.165751,0.165801,1,0,-0.00311382318465499
1659,0.165851,0.165901,1,0,-0.00311382318465499
1660,0.165951,0.166001,1,0,-0.00339247912756072
1661,0.166051,0.166101,1,0,-0.00339247912756072
1662,0.166151,0.166201,1,0,-0.00339247912756072
1663,0.166251,0.166301,1,0,-0.00339247912756072
1664,0.166351,0.166401,1,0,-0.00339247912756072
1665,0.166451,0.166501,1,0,-0.00339247912756072
1666,0.166551,0.166601,1,0,-0.00339247912756072
1667,0.166651,0.166701,1,0,-0.00339247912756072
1668,0.166751,0.166801,1,0,-0.00339247912756072
1669,0.166851,0.166901,1,0,-0.00339247912756072
1670,0.166951,0.167001,1,0,-0.00366828919343033
1671,0.167051,0.167101,1,0,-0.00366828919343033
1672,0.167151,0.167201,1,0,-0.00366828919343033
1673,0.167251,0.167301,1,0,-0.00366828919343033
1674,0.167351,0.167401,1,0,-0.00366828919343033
1675,0.167451,0.167501,1,0,-0.00366828919343033
1676,0.167551,0.167601,1,0,-0.00366828919343033
1677,0.167651,0.167701,1,0,-0.00366828919343033
1678,0.167751,0.167801,1,0,-0.00366828919343033
1679,0.167851,0.167901,1,0,-0.00366828919343033
1680,0.167951,0.168001,1,0,-0.00393702573341435
1681,0.168051,0.168101,1,0,-0.00393702573341435
1682,0.168151,0.168201,1,0,-0.00393702573341435
1683,0.168251,0.168301,1,0,-0.00393702573341435
1684,0.168351,0.168401,1,0,-0.00393702573341435
1685,0.168451,0.168501,1,0,-0.00393702573341435
1686,0.168551,0.168601,1,0,-0.00393702573341435
1687,0.168651,0.168701,1,0,-0.00393702573341435
1688,0.168751,0.168801,1,0,-0.00393702573341435
1689,0.168851,0.168901,1,0,-0.00393702573341435
1690,0.168951,0.169001,1,0,-0.00419755819361389
1691,0.169051,0.169101,1,0,-0.00419755819361389
1692,0.169151,0.169201,1,0,-0.00419755819361389
1693,0.169251,0.169301,1,0,-0.00419755819361389
1694,0.169351,0.169401,1,0,-0.00419755819361389
1695,0.169451,0.169501,1,0,-0.00419755819361389
1696,0.169551,0.169601,1,0,-0.00419755819361389
1697,0.169651,0.169701,1,0,-0.00419755819361389
1698,0.169751,0.169801,1,0,-0.00419755819361389
1699,0.169851,0.169901,1,0,-0.00419755819361389
1700,0.169951,0.170001,1,0,-0.00445780048145446
1701,0.170051,0.170101,1,0,-0.00445780048145446
1702,0.170151,0.170201,1,0,-0.00445780048145446
1703,0.170251,0.170301,1,0,-0.00445780048145446
1704,0.170351,0.170401,1,0,-0.00445780048145446
1705,0.170451,0.170501,1,0,-0.00445780048145446
1706,0.170551,0.170601,1,0,-0.00445780048145446
1707,0.170651,0.170701,1,0,-0.00445780048145446
1708,0.170751,0.170801,1,0,-0.00445780048145446
1709,0.170851,0.170901,1,0,-0.00445780048145446
1710,0.170951,0.171001,1,0,-0.00471257384006499
1711,0.171051,0.171101,1,0,-0.00471257384006499
1712,0.171151,0.171201,1,0,-0.00471257384006499
1713,0.171251,0.171301,1,0,-0.00471257384006499
1714,0.171351,0.171401,1,0,-0.00471257384006499
1715,0.171451,0.171501,1,0,-0.00471257384006499
1716,0.171551,0.171601,1,0,-0.00471257384006499
1717,0.171651,0.171701,1,0,-0.00471257384006499
1718,0.171751,0.171801,1,0,-0.00471257384006499
1719,0.171851,0.171901,1,0,-0.00471257384006499
1720,0.171951,0.172001,1,0,-0.00495316663952403
1721,0.172051,0.172101,1,0,-0.00495316663952403
1722,0.172151,0.172201,1,0,-0.00495316663952403
1723,0.172251,0.172301,1,0,-0.00495316663952403
1724,0.172351,0.172401,1,0,-0.00495316663952403
1725,0.172451,0.172501,1,0,-0.00495316663952403
1726,0.172551,0.172601,1,0,-0.00495316663952403
1727,0.172651,0.172701,1,0,-0.00495316663952403
1728,0.172751,0.172801,1,0,-0.00495316663952403
1729,0.172851,0.172901,1,0,-0.00495316663952403
1730,0.172951,0.173001,1,0,-0.00517808480225251
1731,0.173051,0.173101,1,0,-0.00517808480225251
1732,0.173151,0.173201,1,0,-0.00517808480225251
1733,0.173251,0.173301,1,0,-0.00517808480225251
1734,0.173351,0.173401,1,0,-0.00517808480225251
1735,0.173451,0.173501,1,0,-0.00517808480225251
1736,0.173551,0.173601,1,0,-0.00517808480225251
1737,0.173651,0.173701,1,0,-0.00517808480225251
1738,0.173751,0.173801,1,0,-0.00517808480225251
1739,0.173851,0.173901,1,0,-0.00517808480225251
1740,0.173951,0.174001,1,0,-0.00539440801075521
1741,0.174051,0.174101,1,0,-0.00539440801075521
1742,0.174151,0.174201,1,0,-0.00539440801075521
1743,0.174251,0.174301,1,0,-0.00539440801075521
1744,0.174351,0.174401,1,0,-0.00539440801075521
1745,0.174451,0.174501,1,0,-0.00539440801075521
1746,0.174551,0.174601,1,0,-0.00539440801075521
1747,0.174651,0.174701,1,0,-0.00539440801075521
1748,0.174751,0.174801,1,0,-0.00539440801075521
1749,0.174851,0.174901,1,0,-0.00539440801075521
1750,0.174951,0.175001,1,0,-0.00560169691575678
1751,0.175051,0.175101,1,0,-0.00560169691575678
1752,0.175151,0.175201,1,0,-0.00560169691575678
1753,0.175251,0.175301,1,0,-0.00560169691575678
1754,0.175351,0.175401,1,0,-0.00560169691575678
1755,0.175451,0.175501,1,0,-0.00560169691575678
1756,0.175551,0.175601,1,0,-0.00560169691575678
1757,0.175651,0.175701,1,0,-0.00560169691575678
1758,0.175751,0.175801,1,0,-0.00560169691575678
1759,0.175851,0.175901,1,0,-0.00560169691575678
1760,0.175951,0.176001,1,0,-0.00579272762753189
1761,0.176051,0.176101,1,0,-0.00579272762753189
1762,0.176151,0.176201,1,0,-0.00579272762753189
1763,0.176251,0.176301,1,0,-0.00579272762753189
1764,0.176351,0.176401,1,0,-0.00579272762753189
1765,0.176451,0.176501,1,0,-0.00579272762753189
1766,0.176551,0.176601,1,0,-0.00579272762753189
1767,0.176651,0.176701,1,0,-0.00579272762753189
1768,0.176751,0.176801,1,0,-0.00579272762753189
1769,0.176851,0.176901,1,0,-0.00579272762753189
1770,0.176951,0.177001,1,0,-0.0059645904016479
1771,0.177051,0.177101,1,0,-0.0059645904016479
1772,0.177151,0.177201,1,0,-0.0059645904016479
1773,0.177251,0.177301,1,0,-0.0059645904016479
1774,0.177351,0.177401,1,0,-0.0059645904016479
1775,0.177451,0.177501,1,0,-0.0059645904016479
1776,0.177551,0.177601,1,0,-0.0059645904016479
1777,0.177651,0.177701,1,0,-0.0059645904016479
1778,0.177751,0.177801,1,0,-0.0059645904016479
1779,0.177851,0.177901,1,0,-0.0059645904016479
1780,0.177951,0.178001,1,0,-0.00611762823647722
1781,0.178051,0.178101,1,0,-0.00611762823647722
1782,0.178151,0.178201,1,0,-0.00611762823647722
1783,0.178251,0.178301,1,0,-0.00611762823647722
1784,0.178351,0.178401,1,0,-0.00611762823647722
1785,0.178451,0.178501,1,0,-0.00611762823647722
1786,0.178551,0.178601,1,0,-0.00611762823647722
1787,0.178651,0.178701,1,0,-0.00611762823647722
1788,0.178751,0.178801,1,0,-0.00611762823647722
1789,0.178851,0.178901,1,0,-0.00611762823647722
1790,0.178951,0.179001,1,0,-0.0062527972598362
1791,0.179051,0.179101,1,0,-0.0062527972598362
1792,0.179151,0.179201,1,0,-0.0062527972598362
1793,0.179251,0.179301,1,0,-0.0062527972598362
1794,0.179351,0.179401,1,0,-0.0062527972598362
1795,0.179451,0.179501,1,0,-0.0062527972598362
1796,0.179551,0.179601,1,0,-0.0062527972598362
1797,0.179651,0.179701,1,0,-0.0062527972598362
1798,0.179751,0.179801,1,0,-0.0062527972598362
1799,0.179851,0.179901,1,0,-0.0062527972598362
1800,0.179951,0.180001,1,0,-0.00636435207407098
1801,0.180051,0.180101,1,0,-0.00636435207407098
1802,0.180151,0.180201,1,0,-0.00636435207407098
1803,0.180251,0.180301,1,0,-0.00636435207407098
1804,0.180351,0.180401,1,0,-0.00636435207407098
1805,0.180451,0.180501,1,0,-0.00636435207407098
1806,0.180551,0.180601,1,0,-0.00636435207407098
1807,0.180651,0.180701,1,0,-0.00636435207407098
1808,0.180751,0.180801,1,0,-0.00636435207407098
1809,0.180851,0.180901,1,0,-0.00636435207407098
1810,0.180951,0.181001,1,0,-0.00533511652284036
1811,0.181051,0.181101,1,0,-0.00533511652284036
1812,0.181151,0.181201,1,0,-0.00533511652284036
1813,0.181251,0.181301,1,0,-0.00533511652284036
1814,0.181351,0.181401,1,0,-0.00533511652284036
1815,0.181451,0.181501,1,0,-0.00533511652284036
1816,0.181551,0.181601,1,0,-0.00533511652284036
1817,0.181651,0.181701,1,0,-0.00533511652284036
1818,0.181751,0.181801,1,0,-0.00533511652284036
1819,0.181851,0.181901,1,0,-0.00533511652284036
1820,0.181951,0.182001,1,0,-0.0033333447577033
1821,0.182051,0.182101,1,0,-0.0033333447577033
1822,0.182151,0.182201,1,0,-0.0033333447577033
1823,0.182251,0.182301,1,0,-0.0033333447577033
1824,0.182351,0.182401,1,0,-0.0033333447577033
1825,0.182451,0.182501,1,0,-0.0033333447577033
1826,0.182551,0.182601,1,0,-0.0033333447577033
1827,0.182651,0.182701,1,0,-0.0033333447577033
1828,0.182751,0.182801,1,0,-0.0033333447577033
1829,0.182851,0.182901,1,0,-0.0033333447577033
1830,0.182951,0.183001,1,0,-0.00160756768903729
1831,0.183051,0.183101,1,0,-0.00160756768903729
1832,0.183151,0.183201,1,0,-0.00160756768903729
1833,0.183251,0.183301,1,0,-0.00160756768903729
1834,0.183351,0.183401,1,0,-0.00160756768903729
1835,0.183451,0.183501,1,0,-0.00160756768903729
1836,0.183551,0.183601,1,0,-0.00160756768903729
1837,0.183651,0.183701,1,0,-0.00160756768903729
1838,0.183751,0.183801,1,0,-0.00160756768903729
1839,0.183851,0.183901,1,0,-0.00160756768903729
1840,0.183951,0.184001,1,0,-0.000530238322189205
1841,0.184051,0.184101,1,0,-0.000530238322189205
1842,0.184151,0.184201,1,0,-0.000530238322189205
1843,0.184251,0.184301,1,0,-0.000530238322189205
1844,0.184351,0.184401,1,0,-0.000530238322189205
1845,0.184451,0.184501,1,0,-0.000530238322189205
1846,0.184551,0.184601,1,0,-0.000530238322189205
1847,0.184651,0.184701,1,0,-0.000530238322189205
1848,0.184751,0.184801,1,0,-0.000530238322189205
1849,0.184851,0.184901,1,0,-0.000530238322189205
1850,0.184951,0.185001,1,0,0.000121935185798977
1851,0.185051,0.185101,1,0,0.000121935185798977
1852,0.185151,0.185201,1,0,0.000121935185798977
1853,0.185251,0.185301,1,0,0.000121935185798977
1854,0.185351,0.185401,1,0,0.000121935185798977
1855,0.185451,0.185501,1,0,0.000121935185798977
1856,0.185551,0.185601,1,0,0.000121935185798977
1857,0.185651,0.185701,1,0,0.000121935185798977
1858,0.185751,0.185801,1,0,0.000121935185798977
1859,0.185851,0.185901,1,0,0.000121935185798977
1860,0.185951,0.186001,1,0,0.000549124931865146
1861,0.186051,0.186101,1,0,0.000549124931865146
1862,0.186151,0.186201,1,0,0.000549124931865146
1863,0.186251,0.186301,1,0,0.000549124931865146
1864,0.186351,0.186401,1,0,0.000549124931865146
1865,0.186451,0.186501,1,0,0.000549124931865146
1866,0.186551,0.186601,1,0,0.000549124931865146
1867,0.186651,0.186701,1,0,0.000549124931865146
1868,0.186751,0.186801,1,0,0.000549124931865146
1869,0.186851,0.186901,1,0,0.000549124931865146
1870,0.186951,0.187001,1,0,0.000951378532605392
1871,0.187051,0.187101,1,0,0.000951378532605392
1872,0.187151,0.187201,1,0,0.000951378532605392
1873,0.187251,0.187301,1,0,0.000951378532605392
1874,0.187351,0.187401,1,0,0.000951378532605392
1875,0.187451,0.187501,1,0,0.000951378532605392
1876,0.187551,0.187601,1,0,0.000951378532605392
1877,0.187651,0.187701,1,0,0.000951378532605392
1878,0.187751,0.187801,1,0,0.000951378532605392
1879,0.187851,0.187901,1,0,0.000951378532605392
1880,0.187951,0.188001,1,0,0.00136004878739759
1881,0.188051,0.188101,1,0,0.00136004878739759
1882,0.188151,0.188201,1,0,0.00136004878739759
1883,0.188251,0.188301,1,0,0.00136004878739759
1884,0.188351,0.188401,1,0,0.00136004878739759
1885,0.188451,0.188501,1,0,0.00136004878739759
1886,0.188551,0.188601,1,0,0.00136004878739759
1887,0.188651,0.188701,1,0,0.00136004878739759
1888,0.188751,0.188801,1,0,0.00136004878739759
1889,0.188851,0.188901,1,0,0.00136004878739759
1890,0.188951,0.189001,1,0,0.00177429788776689
1891,0.189051,0.189101,1,0,0.00177429788776689
1892,0.189151,0.189201,1,0,0.00177429788776689
1893,0.189251,0.189301,1,0,0.00177429788776689
1894,0.189351,0.189401,1,0,0.00177429788776689
1895,0.189451,0.189501,1,0,0.00177429788776689
1896,0.189551,0.189601,1,0,0.00177429788776689
1897,0.189651,0.189701,1,0,0.00177429788776689
1898,0.189751,0.189801,1,0,0.00177429788776689
1899,0.189851,0.189901,1,0,0.00177429788776689
1900,0.189951,0.190001,1,0,0.00219341948792171
1901,0.190051,0.190101,1,0,0.00219341948792171
1902,0.190151,0.190201,1,0,0.00219341948792171
1903,0.190251,0.190301,1,0,0.00219341948792171
1904,0.190351,0.190401,1,0,0.00219341948792171
1905,0.190451,0.190501,1,0,0.00219341948792171
1906,0.190551,0.190601,1,0,0.00219341948792171
1907,0.190651,0.190701,1,0,0.00219341948792171
1908,0.190751,0.190801,1,0,0.00219341948792171
1909,0.190851,0.190901,1,0,0.00219341948792171
1910,0.190951,0.191001,1,0,0.0026165243997332
1911,0.191051,0.191101,1,0,0.0026165243997332
1912,0.191151,0.191201,1,0,0.0026165243997332
1913,0.191251,0.191301,1,0,0.0026165243997332
1914,0.191351,0.191401,1,0,0.0026165243997332
1915,0.191451,0.191501,1,0,0.0026165243997332
1916,0.191551,0.191601,1,0,0.0026165243997332
1917,0.191651,0.191701,1,0,0.0026165243997332
1918,0.191751,0.191801,1,0,0.0026165243997332
1919,0.191851,0.191901,1,0,0.0026165243997332
1920,0.191951,0.192001,1,0,0.00304005238179925
1921,0.192051,0.192101,1,0,0.00304005238179925
1922,0.192151,0.192201,1,0,0.00304005238179925
1923,0.192251,0.192301,1,0,0.00304005238179925
1924,0.192351,0.192401,1,0,0.00304005238179925
1925,0.192451,0.192501,1,0,0.00304005238179925
1926,0.192551,0.192601,1,0,0.00304005238179925
1927,0.192651,0.192701,1,0,0.00304005238179925
1928,0.192751,0.192801,1,0,0.00304005238179925
1929,0.192851,0.192901,1,0,0.00304005238179925
1930,0.192951,0.193001,1,0,0.00346424351113601
1931,0.193051,0.193101,1,0,0.00346424351113601
1932,0.193151,0.193201,1,0,0.00346424351113601
1933,0.193251,0.193301,1,0,0.00346424351113601
1934,0.193351,0.193401,1,0,0.00346424351113601
1935,0.193451,0.193501,1,0,0.00346424351113601
1936,0.193551,0.193601,1,0,0.00346424351113601
1937,0.193651,0.193701,1,0,0.00346424351113601
1938,0.193751,0.193801,1,0,0.00346424351113601
1939,0.193851,0.193901,1,0,0.00346424351113601
1940,0.193951,0.194001,1,0,0.00388304367412921
1941,0.194051,0.194101,1,0,0.00388304367412921
1942,0.194151,0.194201,1,0,0.00388304367412921
1943,0.194251,0.194301,1,0,0.00388304367412921
1944,0.194351,0.194401,1,0,0.00388304367412921
1945,0.194451,0.194501,1,0,0.00388304367412921
1946,0.194551,0.194601,1,0,0.00388304367412921
1947,0.194651,0.194701,1,0,0.00388304367412921
1948,0.194751,0.194801,1,0,0.00388304367412921
1949,0.194851,0.194901,1,0,0.00388304367412921
1950,0.194951,0.195001,1,0,0.00429684711914804
1951,0.195051,0.195101,1,0,0.00429684711914804
1952,0.195151,0.195201,1,0,0.00429684711914804
1953,0.195251,0.195301,1,0,0.00429684711914804
1954,0.195351,0.195401,1,0,0.00429684711914804
1955,0.195451,0.195501,1,0,0.00429684711914804
1956,0.195551,0.195601,1,0,0.00429684711914804
1957,0.195651,0.195701,1,0,0.00429684711914804
1958,0.195751,0.195801,1,0,0.00429684711914804
1959,0.195851,0.195901,1,0,0.00429684711914804
1960,0.195951,0.196001,1,0,0.00470326839966919
1961,0.196051,0.196101,1,0,0.00470326839966919
1962,0.196151,0.196201,1,0,0.00470326839966919
1963,0.196251,0.196301,1,0,0.00470326839966919
1964,0.196351,0.196401,1,0,0.00470326839966919
1965,0.196451,0.196501,1,0,0.00470326839966919
1966,0.196551,0.196601,1,0,0.00470326839966919
1967,0.196651,0.196701,1,0,0.00470326839966919
1968,0.196751,0.196801,1,0,0.00470326839966919
1969,0.196851,0.196901,1,0,0.00470326839966919
1970,0.196951,0.197001,1,0,0.00510084848734607
1971,0.197051,0.197101,1,0,0.00510084848734607
1972,0.197151,0.197201,1,0,0.00510084848734607
1973,0.197251,0.197301,1,0,0.00510084848734607
1974,0.197351,0.197401,1,0,0.00510084848734607
1975,0.197451,0.197501,1,0,0.00510084848734607
1976,0.197551,0.197601,1,0,0.00510084848734607
1977,0.197651,0.197701,1,0,0.00510084848734607
1978,0.197751,0.197801,1,0,0.00510084848734607
1979,0.197851,0.197901,1,0,0.00510084848734607
1980,0.197951,0.198001,1,0,0.00549472794002725
1981,0.198051,0.198101,1,0,0.00549472794002725
1982,0.198151,0.198201,1,0,0.00549472794002725
1983,0.198251,0.198301,1,0,0.00549472794002725
1984,0.198351,0.198401,1,0,0.00549472794002725
1985,0.198451,0.198501,1,0,0.00549472794002725
1986,0.198551,0.198601,1,0,0.00549472794002725
1987,0.198651,0.198701,1,0,0.00549472794002725
1988,0.198751,0.198801,1,0,0.00549472794002725
1989,0.198851,0.198901,1,0,0.00549472794002725
1990,0.198951,0.199001,1,0,0.00588281549421227
1991,0.199051,0.199101,1,0,0.00588281549421227
1992,0.199151,0.199201,1,0,0.00588281549421227
1993,0.199251,0.199301,1,0,0.00588281549421227
1994,0.199351,0.199401,1,0,0.00588281549421227
1995,0.199451,0.199501,1,0,0.00588281549421227
1996,0.199551,0.199601,1,0,0.00588281549421227
1997,0.199651,0.199701,1,0,0.00588281549421227
1998,0.199751,0.199801,1,0,0.00588281549421227
1999,0.199851,0.199901,1,0,0.00588281549421227
2000,0.199951,0.200001,1,0,0.00625023954370597
2001,0.200051,0.200101,1,0,0.00625023954370597
2002,0.200151,0.200201,1,0,0.00625023954370597
2003,0.200251,0.200301,1,0,0.00625023954370597
2004,0.200351,0.200401,1,0,0.00625023954370597
2005,0.200451,0.200501,1,0,0.00625023954370597
2006,0.200551,0.200601,1,0,0.00625023954370597
2007,0.200651,0.200701,1,0,0.00625023954370597
2008,0.200751,0.200801,1,0,0.00625023954370597
2009,0.200851,0.200901,1,0,0.00625023954370597
2010,0.200951,0.201001,1,0,0.0155096008221393
2011,0.201051,0.201101,1,0,0.0155096008221393
2012,0.201151,0.201201,1,0,0.0155096008221393
2013,0.201251,0.201301,1,0,0.0155096008221393
2014,0.201351,0.201401,1,0,0.0155096008221393
2015,0.201451,0.201501,1,0,0.0155096008221393
2016,0.201551,0.201601,1,0,0.0155096008221393
2017,0.201651,0.201701,1,0,0.0155096008221393
2018,0.201751,0.201801,1,0,0.0155096008221393
2019,0.201851,0.201901,1,0,0.0155096008221393
2020,0.201951,0.202001,1,0,0.0264509841283403
2021,0.202051,0.202101,1,0,0.0264509841283403
2022,0.202151,0.202201,1,0,0.0264509841283403
2023,0.202251,0.202301,1,0,0.0264509841283403
2024,0.202351,0.202401,1,0,0.0264509841283403
2025,0.202451,0.202501,1,0,0.0264509841283403
2026,0.202551,0.202601,1,0,0.0264509841283403
2027,0.202651,0.202701,1,0,0.0264509841283403
2028,0.202751,0.202801,1,0,0.0264509841283403
2029,0.202851,0.202901,1,0,0.0264509841283403
2030,0.202951,0.203001,1,0,0.0360944503641182
2031,0.203051,0.203101,1,0,0.0360944503641182
2032,0.203151,0.203201,1,0,0.0360944503641182
2033,0.203251,0.203301,1,0,0.0360944503641182
2034,0.203351,0.203401,1,0,0.0360944503641182
2035,0.203451,0.203501,1,0,0.0360944503641182
2036,0.203551,0.203601,1,0,0.0360944503641182
2037,0.203651,0.203701,1,0,0.0360944503641182
2038,0.203751,0.203801,1,0,0.0360944503641182
2039,0.203851,0.203901,1,0,0.0360944503641182
2040,0.203951,0.204001,1,0,0.0363808534929746
2041,0.204051,0.204101,1,0,0.0363808534929746
2042,0.204151,0.204201,1,0,0.0363808534929746
2043,0.204251,0.204301,1,0,0.0363808534929746
2044,0.204351,0.204401,1,0,0.0363808534929746
2045,0.204451,0.204501,1,0,0.0363808534929746
2046,0.204551,0.204601,1,0,0.0363808534929746
2047,0.204651,0.204701,1,0,0.0363808534929746
2048,0.204751,0.204801,1,0,0.0363808534929746
2049,0.204851,0.204901,1,0,0.0363808534929746
2050,0.204951,0.205001,1,0,0.0332495713994146
2051,0.205051,0.205101,1,0,0.0332495713994146
2052,0.205151,0.205201,1,0,0.0332495713994146
2053,0.205251,0.205301,1,0,0.0332495713994146
2054,0.205351,0.205401,1,0,0.0332495713994146
2055,0.205451,0.205501,1,0,0.0332495713994146
2056,0.205551,0.205601,1,0,0.0332495713994146
2057,0.205651,0.205701,1,0,0.0332495713994146
2058,0.205751,0.205801,1,0,0.0332495713994146
2059,0.205851,0.205901,1,0,0.0332495713994146
2060,0.205951,0.206001,1,0,0.0302933797854375
2061,0.206051,0.206101,1,0,0.0302933797854375
2062,0.206151,0.206201,1,0,0.0302933797854375
2063,0.206251,0.206301,1,0,0.0302933797854375
2064,0.206351,0.206401,1,0,0.0302933797854375
2065,0.206451,0.206501,1,0,0.0302933797854375
2066,0.206551,0.206601,1,0,0.0302933797854375
2067,0.206651,0.206701,1,0,0.0302933797854375
2068,0.206751,0.206801,1,0,0.0302933797854375
2069,0.206851,0.206901,1,0,0.0302933797854375
2070,0.206951,0.207001,1,0,0.0279834831988475
2071,0.207051,0.207101,1,0,0.0279834831988475
2072,0.207151,0.207201,1,0,0.0279834831988475
2073,0.207251,0.207301,1,0,0.0279834831988475
2074,0.207351,0.207401,1,0,0.0279834831988475
2075,0.207451,0.207501,1,0,0.0279834831988475
2076,0.207551,0.207601,1,0,0.0279834831988475
2077,0.207651,0.207701,1,0,0.0279834831988475
2078,0.207751,0.207801,1,0,0.0279834831988475
2079,0.207851,0.207901,1,0,0.0279834831988475
2080,0.207951,0.208001,1,0,0.026581980473544
2081,0.208051,0.208101,1,0,0.026581980473544
2082,0.208151,0.208201,1,0,0.026581980473544
2083,0.208251,0.208301,1,0,0.026581980473544
2084,0.208351,0.208401,1,0,0.026581980473544
2085,0.208451,0.208501,1,0,0.026581980473544
2086,0.208551,0.208601,1,0,0.026581980473544
2087,0.208651,0.208701,1,0,0.026581980473544
2088,0.208751,0.208801,1,0,0.026581980473544
2089,0.208851,0.208901,1,0,0.026581980473544
2090,0.208951,0.209001,1,0,0.0256697994613087
2091,0.209051,0.209101,1,0,0.0256697994613087
2092,0.209151,0.209201,1,0,0.0256697994613087
2093,0.209251,0.209301,1,0,0.0256697994613087
2094,0.209351,0.209401,1,0,0.0256697994613087
2095,0.209451,0.209501,1,0,0.0256697994613087
2096,0.209551,0.209601,1,0,0.0256697994613087
2097,0.209651,0.209701,1,0,0.0256697994613087
2098,0.209751,0.209801,1,0,0.0256697994613087
2099,0.209851,0.209901,1,0,0.0256697994613087
2100,0.209951,0.210001,1,0,0.0251200076304388
2101,0.210051,0.210101,1,0,0.0251200076304388
2102,0.210151,0.210201,1,0,0.0251200076304388
2103,0.210251,0.210301,1,0,0.0251200076304388
2104,0.210351,0.210401,1,0,0.0251200076304388
2105,0.210451,0.210501,1,0,0.0251200076304388
2106,0.210551,0.210601,1,0,0.0251200076304388
2107,0.210651,0.210701,1,0,0.0251200076304388
2108,0.210751,0.210801,1,0,0.0251200076304388
2109,0.210851,0.210901,1,0,0.0251200076304388
2110,0.210951,0.211001,1,0,0.0246301610587704
2111,0.211051,0.211101,1,0,0.0246301610587704
2112,0.211151,0.211201,1,0,0.0246301610587704
2113,0.211251,0.211301,1,0,0.0246301610587704
2114,0.211351,0.211401,1,0,0.0246301610587704
2115,0.211451,0.211501,1,0,0.0246301610587704
2116,0.211551,0.211601,1,0,0.0246301610587704
2117,0.211651,0.211701,1,0,0.0246301610587704
2118,0.211751,0.211801,1,0,0.0246301610587704
2119,0.211851,0.211901,1,0,0.0246301610587704
2120,0.211951,0.212001,1,0,0.0243232666254377
2121,0.212051,0.212101,1,0,0.0243232666254377
2122,0.212151,0.212201,1,0,0.0243232666254377
2123,0.212251,0.212301,1,0,0.0243232666254377
2124,0.212351,0.212401,1,0,0.0243232666254377
2125,0.212451,0.212501,1,0,0.0243232666254377
2126,0.212551,0.212601,1,0,0.0243232666254377
2127,0.212651,0.212701,1,0,0.0243232666254377
2128,0.212751,0.212801,1,0,0.0243232666254377
2129,0.212851,0.212901,1,0,0.0243232666254377
2130,0.212951,0.213001,1,0,0.0240995025304698
2131,0.213051,0.213101,1,0,0.0240995025304698
2132,0.213151,0.213201,1,0,0.0240995025304698
2133,0.213251,0.213301,1,0,0.0240995025304698
2134,0.213351,0.213401,1,0,0.0240995025304698
2135,0.213451,0.213501,1,0,0.0240995025304698
2136,0.213551,0.213601,1,0,0.0240995025304698
2137,0.213651,0.213701,1,0,0.0240995025304698
2138,0.213751,0.213801,1,0,0.0240995025304698
2139,0.213851,0.213901,1,0,0.0240995025304698
2140,0.213951,0.214001,1,0,0.0239122572909774
2141,0.214051,0.214101,1,0,0.0239122572909774
2142,0.214151,0.214201,1,0,0.0239122572909774
2143,0.214251,0.214301,1,0,0.0239122572909774
2144,0.214351,0.214401,1,0,0.0239122572909774
2145,0.214451,0.214501,1,0,0.0239122572909774
2146,0.214551,0.214601,1,0,0.0239122572909774
2147,0.214651,0.214701,1,0,0.0239122572909774
2148,0.214751,0.214801,1,0,0.0239122572909774
2149,0.214851,0.214901,1,0,0.0239122572909774
2150,0.214951,0.215001,1,0,0.0237455310130186
2151,0.215051,0.215101,1,0,0.0237455310130186
2152,0.215151,0.215201,1,0,0.0237455310130186
2153,0.215251,0.215301,1,0,0.0237455310130186
2154,0.215351,0.215401,1,0,0.0237455310130186
2155,0.215451,0.215501,1,0,0.0237455310130186
2156,0.215551,0.215601,1,0,0.0237455310130186
2157,0.215651,0.215701,1,0,0.0237455310130186
2158,0.215751,0.215801,1,0,0.0237455310130186
2159,0.215851,0.215901,1,0,0.0237455310130186
2160,0.215951,0.216001,1,0,0.023646015190952
2161,0.216051,0.216101,1,0,0.023646015190952
2162,0.216151,0.216201,1,0,0.023646015190952
2163,0.216251,0.216301,1,0,0.023646015190952
2164,0.216351,0.216401,1,0,0.023646015190952
2165,0.216451,0.216501,1,0,0.023646015190952
2166,0.216551,0.216601,1,0,0.023646015190952
2167,0.216651,0.216701,1,0,0.023646015190952
2168,0.216751,0.216801,1,0,0.023646015190952
2169,0.216851,0.216901,1,0,0.023646015190952
2170,0.216951,0.217001,1,0,0.0234859869076748
2171,0.217051,0.217101,1,0,0.0234859869076748
2172,0.217151,0.217201,1,0,0.0234859869076748
2173,0.217251,0.217301,1,0,0.0234859869076748
2174,0.217351,0.217401,1,0,0.0234859869076748
2175,0.217451,0.217501,1,0,0.0234859869076748
2176,0.217551,0.217601,1,0,0.0234859869076748
2177,0.217651,0.217701,1,0,0.0234859869076748
2178,0.217751,0.217801,1,0,0.0234859869076748
2179,0.217851,0.217901,1,0,0.0234859869076748
2180,0.217951,0.218001,1,0,0.0233874604075511
2181,0.218051,0.218101,1,0,0.0233874604075511
2182,0.218151,0.218201,1,0,0.0233874604075511
2183,0.218251,0.218301,1,0,0.0233874604075511
2184,0.218351,0.218401,1,0,0.0233874604075511
2185,0.218451,0.218501,1,0,0.0233874604075511
2186,0.218551,0.218601,1,0,0.0233874604075511
2187,0.218651,0.218701,1,0,0.0233874604075511
2188,0.218751,0.218801,1,0,0.0233874604075511
2189,0.218851,0.218901,1,0,0.0233874604075511
2190,0.218951,0.219001,1,0,0.0233208785874691
2191,0.219051,0.219101,1,0,0.0233208785874691
2192,0.219151,0.219201,1,0,0.0233208785874691
2193,0.219251,0.219301,1,0,0.0233208785874691
2194,0.219351,0.219401,1,0,0.0233208785874691
2195,0.219451,0.219501,1,0,0.0233208785874691
2196,0.219551,0.219601,1,0,0.0233208785874691
2197,0.219651,0.219701,1,0,0.0233208785874691
2198,0.219751,0.219801,1,0,0.0233208785874691
2199,0.219851,0.219901,1,0,0.0233208785874691
2200,0.219951,0.220001,1,0,0.0231929695411242
2201,0.220051,0.220101,1,0,0.0231929695411242
2202,0.220151,0.220201,1,0,0.0231929695411242
2203,0.220251,0.220301,1,0,0.0231929695411242
2204,0.220351,0.220401,1,0,0.0231929695411242
2205,0.220451,0.220501,1,0,0.0231929695411242
2206,0.220551,0.220601,1,0,0.0231929695411242
2207,0.220651,0.220701,1,0,0.0231929695411242
2208,0.220751,0.220801,1,0,0.0231929695411242
2209,0.220851,0.220901,1,0,0.0231929695411242
2210,0.220951,0.221001,1,0,0.0231677493115503
2211,0.221051,0.221101,1,0,0.0231677493115503
2212,0.221151,0.221201,1,0,0.0231677493115503
2213,0.221251,0.221301,1,0,0.0231677493115503
2214,0.221351,0.221401,1,0,0.0231677493115503
2215,0.221451,0.221501,1,0,0.0231677493115503
2216,0.221551,0.221601,1,0,0.0231677493115503
2217,0.221651,0.221701,1,0,0.0231677493115503
2218,0.221751,0.221801,1,0,0.0231677493115503
2219,0.221851,0.221901,1,0,0.0231677493115503
2220,0.221951,0.222001,1,0,0.0230405234432482
2221,0.222051,0.222101,1,0,0.0230405234432482
2222,0.222151,0.222201,1,0,0.0230405234432482
2223,0.222251,0.222301,1,0,0.0230405234432482
2224,0.222351,0.222401,1,0,0.0230405234432482
2225,0.222451,0.222501,1,0,0.0230405234432482
2226,0.222551,0.222601,1,0,0.0230405234432482
2227,0.222651,0.222701,1,0,0.0230405234432482
2228,0.222751,0.222801,1,0,0.0230405234432482
2229,0.222851,0.222901,1,0,0.0230405234432482
2230,0.222951,0.223001,1,0,0.0230362164441698
2231,0.223051,0.223101,1,0,0.0230362164441698
2232,0.223151,0.223201,1,0,0.0230362164441698
2233,0.223251,0.223301,1,0,0.0230362164441698
2234,0.223351,0.223401,1,0,0.0230362164441698
2235,0.223451,0.223501,1,0,0.0230362164441698
2236,0.223551,0.223601,1,0,0.0230362164441698
2237,0.223651,0.223701,1,0,0.0230362164441698
2238,0.223751,0.223801,1,0,0.0230362164441698
2239,0.223851,0.223901,1,0,0.0230362164441698
2240,0.223951,0.224001,1,0,0.0229872002639247
2241,0.224051,0.224101,1,0,0.0229872002639247
2242,0.224151,0.224201,1,0,0.0229872002639247
2243,0.224251,0.224301,1,0,0.0229872002639247
2244,0.224351,0.224401,1,0,0.0229872002639247
2245,0.224451,0.224501,1,0,0.0229872002639247
2246,0.224551,0.224601,1,0,0.0229872002639247
2247,0.224651,0.224701,1,0,0.0229872002639247
2248,0.224751,0.224801,1,0,0.0229872002639247
2249,0.224851,0.224901,1,0,0.0229872002639247
2250,0.224951,0.225001,1,0,0.0229092169081741
2251,0.225051,0.225101,1,0,0.0229092169081741
2252,0.225151,0.225201,1,0,0.0229092169081741
2253,0.225251,0.225301,1,0,0.0229092169081741
2254,0.225351,0.225401,1,0,0.0229092169081741
2255,0.225451,0.225501,1,0,0.0229092169081741
2256,0.225551,0.225601,1,0,0.0229092169081741
2257,0.225651,0.225701,1,0,0.0229092169081741
2258,0.225751,0.225801,1,0,0.0229092169081741
2259,0.225851,0.225901,1,0,0.0229092169081741
2260,0.225951,0.226001,1,0,0.0227970970538395
2261,0.226051,0.226101,1,0,0.0227970970538395
2262,0.226151,0.226201,1,0,0.0227970970538395
2263,0.226251,0.226301,1,0,0.0227970970538395
2264,0.226351,0.226401,1,0,0.0227970970538395
2265,0.226451,0.226501,1,0,0.0227970970538395
2266,0.226551,0.226601,1,0,0.0227970970538395
2267,0.226651,0.226701,1,0,0.0227970970538395
2268,0.226751,0.226801,1,0,0.0227970970538395
2269,0.226851,0.226901,1,0,0.0227970970538395
2270,0.226951,0.227001,1,0,0.0227692429936807
2271,0.227051,0.227101,1,0,0.0227692429936807
2272,0.227151,0.227201,1,0,0.0227692429936807
2273,0.227251,0.227301,1,0,0.0227692429936807
2274,0.227351,0.227401,1,0,0.0227692429936807
2275,0.227451,0.227501,1,0,0.0227692429936807
2276,0.227551,0.227601,1,0,0.0227692429936807
2277,0.227651,0.227701,1,0,0.0227692429936807
2278,0.227751,0.227801,1,0,0.0227692429936807
2279,0.227851,0.227901,1,0,0.0227692429936807
2280,0.227951,0.228001,1,0,0.0228278365788387
2281,0.228051,0.228101,1,0,0.0228278365788387
2282,0.228151,0.228201,1,0,0.0228278365788387
2283,0.228251,0.228301,1,0,0.0228278365788387
2284,0.228351,0.228401,1,0,0.0228278365788387
2285,0.228451,0.228501,1,0,0.0228278365788387
2286,0.228551,0.228601,1,0,0.0228278365788387
2287,0.228651,0.228701,1,0,0.0228278365788387
2288,0.228751,0.228801,1,0,0.0228278365788387
2289,0.228851,0.228901,1,0,0.0228278365788387
2290,0.228951,0.229001,1,0,0.022714173245427
2291,0.229051,0.229101,1,0,0.022714173245427
2292,0.229151,0.229201,1,0,0.022714173245427
2293,0.229251,0.229301,1,0,0.022714173245427
2294,0.229351,0.229401,1,0,0.022714173245427
2295,0.229451,0.229501,1,0,0.022714173245427
2296,0.229551,0.229601,1,0,0.022714173245427
2297,0.229651,0.229701,1,0,0.022714173245427
2298,0.229751,0.229801,1,0,0.022714173245427
2299,0.229851,0.229901,1,0,0.022714173245427
2300,0.229951,0.230001,1,0,0.0227071874882339
2301,0.230051,0.230101,1,0,0.0227071874882339
2302,0.230151,0.230201,1,0,0.0227071874882339
2303,0.230251,0.230301,1,0,0.0227071874882339
2304,0.230351,0.230401,1,0,0.0227071874882339
2305,0.230451,0.230501,1,0,0.0227071874882339
2306,0.230551,0.230601,1,0,0.0227071874882339
2307,0.230651,0.230701,1,0,0.0227071874882339
2308,0.230751,0.230801,1,0,0.0227071874882339
2309,0.230851,0.230901,1,0,0.0227071874882339
2310,0.230951,0.231001,1,0,0.0226991825797138
2311,0.231051,0.231101,1,0,0.0226991825797138
2312,0.231151,0.231201,1,0,0.0226991825797138
2313,0.231251,0.231301,1,0,0.0226991825797138
2314,0.231351,0.231401,1,0,0.0226991825797138
2315,0.231451,0.231501,1,0,0.0226991825797138
2316,0.231551,0.231601,1,0,0.0226991825797138
2317,0.231651,0.231701,1,0,0.0226991825797138
2318,0.231751,0.231801,1,0,0.0226991825797138
2319,0.231851,0.231901,1,0,0.0226991825797138
2320,0.231951,0.232001,1,0,0.0226815925569793
2321,0.232051,0.232101,1,0,0.0226815925569793
2322,0.232151,0.232201,1,0,0.0226815925569793
2323,0.232251,0.232301,1,0,0.0226815925569793
2324,0.232351,0.232401,1,0,0.0226815925569793
2325,0.232451,0.232501,1,0,0.0226815925569793
2326,0.232551,0.232601,1,0,0.0226815925569793
2327,0.232651,0.232701,1,0,0.0226815925569793
2328,0.232751,0.232801,1,0,0.0226815925569793
2329,0.232851,0.232901,1,0,0.0226815925569793
2330,0.232951,0.233001,1,0,0.0226660735550767
2331,0.233051,0.233101,1,0,0.0226660735550767
2332,0.233151,0.233201,1,0,0.0226660735550767
2333,0.233251,0.233301,1,0,0.0226660735550767
2334,0.233351,0.233401,1,0,0.0226660735550767
2335,0.233451,0.233501,1,0,0.0226660735550767
2336,0.233551,0.233601,1,0,0.0226660735550767
2337,0.233651,0.233701,1,0,0.0226660735550767
2338,0.233751,0.233801,1,0,0.0226660735550767
2339,0.233851,0.233901,1,0,0.0226660735550767
2340,0.233951,0.234001,1,0,0.0226761653388621
2341,0.234051,0.234101,1,0,0.0226761653388621
2342,0.234151,0.234201,1,0,0.0226761653388621
2343,0.234251,0.234301,1,0,0.0226761653388621
2344,0.234351,0.234401,1,0,0.0226761653388621
2345,0.234451,0.234501,1,0,0.0226761653388621
2346,0.234551,0.234601,1,0,0.0226761653388621
2347,0.234651,0.234701,1,0,0.0226761653388621
2348,0.234751,0.234801,1,0,0.0226761653388621
2349,0.234851,0.234901,1,0,0.0226761653388621
2350,0.234951,0.235001,1,0,0.0226619708379532
2351,0.235051,0.235101,1,0,0.0226619708379532
2352,0.235151,0.235201,1,0,0.0226619708379532
2353,0.235251,0.235301,1,0,0.0226619708379532
2354,0.235351,0.235401,1,0,0.0226619708379532
2355,0.235451,0.235501,1,0,0.0226619708379532
2356,0.235551,0.235601,1,0,0.0226619708379532
2357,0.235651,0.235701,1,0,0.0226619708379532
2358,0.235751,0.235801,1,0,0.0226619708379532
2359,0.235851,0.235901,1,0,0.0226619708379532
2360,0.235951,0.236001,1,0,0.0226579158089599
2361,0.236051,0.236101,1,0,0.0226579158089599
2362,0.236151,0.236201,1,0,0.0226579158089599
2363,0.236251,0.236301,1,0,0.0226579158089599
2364,0.236351,0.236401,1,0,0.0226579158089599
2365,0.236451,0.236501,1,0,0.0226579158089599
2366,0.236551,0.236601,1,0,0.0226579158089599
2367,0.236651,0.236701,1,0,0.0226579158089599
2368,0.236751,0.236801,1,0,0.0226579158089599
2369,0.236851,0.236901,1,0,0.0226579158089599
2370,0.236951,0.237001,1,0,0.0226155990809942
2371,0.237051,0.237101,1,0,0.0226155990809942
2372,0.237151,0.237201,1,0,0.0226155990809942
2373,0.237251,0.237301,1,0,0.0226155990809942
2374,0.237351,0.237401,1,0,0.0226155990809942
2375,0.237451,0.237501,1,0,0.0226155990809942
2376,0.237551,0.237601,1,0,0.0226155990809942
2377,0.237651,0.237701,1,0,0.0226155990809942
2378,0.237751,0.237801,1,0,0.0226155990809942
2379,0.237851,0.237901,1,0,0.0226155990809942
2380,0.237951,0.238001,1,0,0.022604680330396
2381,0.238051,0.238101,1,0,0.022604680330396
2382,0.238151,0.238201,1,0,0.022604680330396
2383,0.238251,0.238301,1,0,0.022604680330396
2384,0.238351,0.238401,1,0,0.022604680330396
2385,0.238451,0.238501,1,0,0.022604680330396
2386,0.238551,0.238601,1,0,0.022604680330396
2387,0.238651,0.238701,1,0,0.022604680330396
2388,0.238751,0.238801,1,0,0.022604680330396
2389,0.238851,0.238901,1,0,0.022604680330396
2390,0.238951,0.239001,1,0,0.0226036071757264
2391,0.239051,0.239101,1,0,0.0226036071757264
2392,0.239151,0.239201,1,0,0.0226036071757264
2393,0.239251,0.239301,1,0,0.0226036071757264
2394,0.239351,0.239401,1,0,0.0226036071757264
2395,0.239451,0.239501,1,0,0.0226036071757264
2396,0.239551,0.239601,1,0,0.0226036071757264
2397,0.239651,0.239701,1,0,0.0226036071757264
2398,0.239751,0.239801,1,0,0.0226036071757264
2399,0.239851,0.239901,1,0,0.0226036071757264
2400,0.239951,0.240001,1,0,0.0226443233270248
2401,0.240051,0.240101,1,0,0.0226443233270248
2402,0.240151,0.240201,1,0,0.0226443233270248
2403,0.240251,0.240301,1,0,0.0226443233270248
2404,0.240351,0.240401,1,0,0.0226443233270248
2405,0.240451,0.240501,1,0,0.0226443233270248
2406,0.240551,0.240601,1,0,0.0226443233270248
2407,0.240651,0.240701,1,0,0.0226443233270248
2408,0.240751,0.240801,1,0,0.0226443233270248
2409,0.240851,0.240901,1,0,0.0226443233270248
2410,0.240951,0.241001,1,0,0.0225775037747732
2411,0.241051,0.241101,1,0,0.0225775037747732
2412,0.241151,0.241201,1,0,0.0225775037747732
2413,0.241251,0.241301,1,0,0.0225775037747732
2414,0.241351,0.241401,1,0,0.0225775037747732
2415,0.241451,0.241501,1,0,0.0225775037747732
2416,0.241551,0.241601,1,0,0.0225775037747732
2417,0.241651,0.241701,1,0,0.0225775037747732
2418,0.241751,0.241801,1,0,0.0225775037747732
2419,0.241851,0.241901,1,0,0.0225775037747732
2420,0.241951,0.242001,1,0,0.022599864159703
2421,0.242051,0.242101,1,0,0.022599864159703
2422,0.242151,0.242201,1,0,0.022599864159703
2423,0.242251,0.242301,1,0,0.022599864159703
2424,0.242351,0.242401,1,0,0.022599864159703
2425,0.242451,0.242501,1,0,0.022599864159703
2426,0.242551,0.242601,1,0,0.022599864159703
2427,0.242651,0.242701,1,0,0.022599864159703
2428,0.242751,0.242801,1,0,0.022599864159703
2429,0.242851,0.242901,1,0,0.022599864159703
2430,0.242951,0.243001,1,0,0.0225467435229024
2431,0.243051,0.243101,1,0,0.0225467435229024
2432,0.243151,0.243201,1,0,0.0225467435229024
2433,0.243251,0.243301,1,0,0.0225467435229024
2434,0.243351,0.243401,1,0,0.0225467435229024
2435,0.243451,0.243501,1,0,0.0225467435229024
2436,0.243551,0.243601,1,0,0.0225467435229024
2437,0.243651,0.243701,1,0,0.0225467435229024
2438,0.243751,0.243801,1,0,0.0225467435229024
2439,0.243851,0.243901,1,0,0.0225467435229024
2440,0.243951,0.244001,1,0,0.0225397619135045
2441,0.244051,0.244101,1,0,0.0225397619135045
2442,0.244151,0.244201,1,0,0.0225397619135045
2443,0.244251,0.244301,1,0,0.0225397619135045
2444,0.244351,0.244401,1,0,0.0225397619135045
2445,0.244451,0.244501,1,0,0.0225397619135045
2446,0.244551,0.244601,1,0,0.0225397619135045
2447,0.244651,0.244701,1,0,0.0225397619135045
2448,0.244751,0.244801,1,0,0.0225397619135045
2449,0.244851,0.244901,1,0,0.0225397619135045
2450,0.244951,0.245001,1,0,0.0225555320672395
2451,0.245051,0.245101,1,0,0.0225555320672395
2452,0.245151,0.245201,1,0,0.0225555320672395
2453,0.245251,0.245301,1,0,0.0225555320672395
2454,0.245351,0.245401,1,0,0.0225555320672395
2455,0.245451,0.245501,1,0,0.0225555320672395
2456,0.245551,0.245601,1,0,0.0225555320672395
2457,0.245651,0.245701,1,0,0.0225555320672395
2458,0.245751,0.245801,1,0,0.0225555320672395
2459,0.245851,0.245901,1,0,0.0225555320672395
2460,0.245951,0.246001,1,0,0.022644321551927
2461,0.246051,0.246101,1,0,0.022644321551927
2462,0.246151,0.246201,1,0,0.022644321551927
2463,0.246251,0.246301,1,0,0.022644321551927
2464,0.246351,0.246401,1,0,0.022644321551927
2465,0.246451,0.246501,1,0,0.022644321551927
2466,0.246551,0.246601,1,0,0.022644321551927
2467,0.246651,0.246701,1,0,0.022644321551927
2468,0.246751,0.246801,1,0,0.022644321551927
2469,0.246851,0.246901,1,0,0.022644321551927
2470,0.246951,0.247001,1,0,0.0226133581891897
2471,0.247051,0.247101,1,0,0.0226133581891897
2472,0.247151,0.247201,1,0,0.0226133581891897
2473,0.247251,0.247301,1,0,0.0226133581891897
2474,0.247351,0.247401,1,0,0.0226133581891897
2475,0.247451,0.247501,1,0,0.0226133581891897
2476,0.247551,0.247601,1,0,0.0226133581891897
2477,0.247651,0.247701,1,0,0.0226133581891897
2478,0.247751,0.247801,1,0,0.0226133581891897
2479,0.247851,0.247901,1,0,0.0226133581891897
2480,0.247951,0.248001,1,0,0.0225231898470391
2481,0.248051,0.248101,1,0,0.0225231898470391
2482,0.248151,0.248201,1,0,0.0225231898470391
2483,0.248251,0.248301,1,0,0.0225231898470391
2484,0.248351,0.248401,1,0,0.0225231898470391
2485,0.248451,0.248501,1,0,0.0225231898470391
2486,0.248551,0.248601,1,0,0.0225231898470391
2487,0.248651,0.248701,1,0,0.0225231898470391
2488,0.248751,0.248801,1,0,0.0225231898470391
2489,0.248851,0.248901,1,0,0.0225231898470391
2490,0.248951,0.249001,1,0,0.0225126148966248
2491,0.249051,0.249101,1,0,0.0225126148966248
2492,0.249151,0.249201,1,0,0.0225126148966248
2493,0.249251,0.249301,1,0,0.0225126148966248
2494,0.249351,0.249401,1,0,0.0225126148966248
2495,0.249451,0.249501,1,0,0.0225126148966248
2496,0.249551,0.249601,1,0,0.0225126148966248
2497,0.249651,0.249701,1,0,0.0225126148966248
2498,0.249751,0.249801,1,0,0.0225126148966248
2499,0.249851,0.249901,1,0,0.0225126148966248
2500,0.249951,0.250001,1,0,0.0225411045881595
2501,0.250051,0.250101,1,0,0.0225411045881595
2502,0.250151,0.250201,1,0,0.0225411045881595
2503,0.250251,0.250301,1,0,0.0225411045881595
2504,0.250351,0.250401,1,0,0.0225411045881595
2505,0.250451,0.250501,1,0,0.0225411045881595
2506,0.250551,0.250601,1,0,0.0225411045881595
2507,0.250651,0.250701,1,0,0.0225411045881595
2508,0.250751,0.250801,1,0,0.0225411045881595
2509,0.250851,0.250901,1,0,0.0225411045881595
2510,0.250951,0.251001,1,0,0.0135273416045005
2511,0.251051,0.251101,1,0,0.0135273416045005
2512,0.251151,0.251201,1,0,0.0135273416045005
2513,0.251251,0.251301,1,0,0.0135273416045005
2514,0.251351,0.251401,1,0,0.0135273416045005
2515,0.251451,0.251501,1,0,0.0135273416045005
2516,0.251551,0.251601,1,0,0.0135273416045005
2517,0.251651,0.251701,1,0,0.0135273416045005
2518,0.251751,0.251801,1,0,0.0135273416045005
2519,0.251851,0.251901,1,0,0.0135273416045005
2520,0.251951,0.252001,1,0,0.0062249629656703
2521,0.252051,0.252101,1,0,0.0062249629656703
2522,0.252151,0.252201,1,0,0.0062249629656703
2523,0.252251,0.252301,1,0,0.0062249629656703
2524,0.252351,0.252401,1,0,0.0062249629656703
2525,0.252451,0.252501,1,0,0.0062249629656703
2526,0.252551,0.252601,1,0,0.0062249629656703
2527,0.252651,0.252701,1,0,0.0062249629656703
2528,0.252751,0.252801,1,0,0.0062249629656703
2529,0.252851,0.252901,1,0,0.0062249629656703
2530,0.252951,0.253001,1,0,0.0015757390626606
2531,0.253051,0.253101,1,0,0.0015757390626606
2532,0.253151,0.253201,1,0,0.0015757390626606
2533,0.253251,0.253301,1,0,0.0015757390626606
2534,0.253351,0.253401,1,0,0.0015757390626606
2535,0.253451,0.253501,1,0,0.0015757390626606
2536,0.253551,0.253601,1,0,0.0015757390626606
2537,0.253651,0.253701,1,0,0.0015757390626606
2538,0.253751,0.253801,1,0,0.0015757390626606
2539,0.253851,0.253901,1,0,0.0015757390626606
2540,0.253951,0.254001,1,0,-0.000938619114538752
2541,0.254051,0.254101,1,0,-0.000938619114538752
2542,0.254151,0.254201,1,0,-0.000938619114538752
2543,0.254251,0.254301,1,0,-0.000938619114538752
2544,0.254351,0.254401,1,0,-0.000938619114538752
2545,0.254451,0.254501,1,0,-0.000938619114538752
2546,0.254551,0.254601,1,0,-0.000938619114538752
2547,0.254651,0.254701,1,0,-0.000938619114538752
2548,0.254751,0.254801,1,0,-0.000938619114538752
2549,0.254851,0.254901,1,0,-0.000938619114538752
2550,0.254951,0.255001,1,0,-0.00272784181389612
2551,0.255051,0.255101,1,0,-0.00272784181389612
2552,0.255151,0.255201,1,0,-0.00272784181389612
2553,0.255251,0.255301,1,0,-0.00272784181389612
2554,0.255351,0.255401,1,0,-0.00272784181389612
2555,0.255451,0.255501,1,0,-0.00272784181389612
2556,0.255551,0.255601,1,0,-0.00272784181389612
2557,0.255651,0.255701,1,0,-0.00272784181389612
2558,0.255751,0.255801,1,0,-0.00272784181389612
2559,0.255851,0.255901,1,0,-0.00272784181389612
2560,0.255951,0.256001,1,0,-0.0044633306276602
2561,0.256051,0.256101,1,0,-0.0044633306276602
2562,0.256151,0.256201,1,0,-0.0044633306276602
2563,0.256251,0.256301,1,0,-0.0044633306276602
2564,0.256351,0.256401,1,0,-0.0044633306276602
2565,0.256451,0.256501,1,0,-0.0044633306276602
2566,0.256551,0.256601,1,0,-0.0044633306276602
2567,0.256651,0.256701,1,0,-0.0044633306276602
2568,0.256751,0.256801,1,0,-0.0044633306276602
2569,0.256851,0.256901,1,0,-0.0044633306276602
2570,0.256951,0.257001,1,0,-0.00619058617888904
2571,0.257051,0.257101,1,0,-0.00619058617888904
2572,0.257151,0.257201,1,0,-0.00619058617888904
2573,0.257251,0.257301,1,0,-0.00619058617888904
2574,0.257351,0.257401,1,0,-0.00619058617888904
2575,0.257451,0.257501,1,0,-0.00619058617888904
2576,0.257551,0.257601,1,0,-0.00619058617888904
2577,0.257651,0.257701,1,0,-0.00619058617888904
2578,0.257751,0.257801,1,0,-0.00619058617888904
2579,0.257851,0.257901,1,0,-0.00619058617888904
2580,0.257951,0.258001,1,0,-0.0078902889883892
2581,0.258051,0.258101,1,0,-0.0078902889883892
2582,0.258151,0.258201,1,0,-0.0078902889883892
2583,0.258251,0.258301,1,0,-0.0078902889883892
2584,0.258351,0.258401,1,0,-0.0078902889883892
2585,0.258451,0.258501,1,0,-0.0078902889883892
2586,0.258551,0.258601,1,0,-0.0078902889883892
2587,0.258651,0.258701,1,0,-0.0078902889883892
2588,0.258751,0.258801,1,0,-0.0078902889883892
2589,0.258851,0.258901,1,0,-0.0078902889883892
2590,0.258951,0.259001,1,0,-0.00958143265072871
2591,0.259051,0.259101,1,0,-0.00958143265072871
2592,0.259151,0.259201,1,0,-0.00958143265072871
2593,0.259251,0.259301,1,0,-0.00958143265072871
2594,0.259351,0.259401,1,0,-0.00958143265072871
2595,0.259451,0.259501,1,0,-0.00958143265072871
2596,0.259551,0.259601,1,0,-0.00958143265072871
2597,0.259651,0.259701,1,0,-0.00958143265072871
2598,0.259751,0.259801,1,0,-0.00958143265072871
2599,0.259851,0.259901,1,0,-0.00958143265072871
2600,0.259951,0.260001,1,0,-0.0112537545497426
2601,0.260051,0.260101,1,0,-0.0112537545497426
2602,0.260151,0.260201,1,0,-0.0112537545497426
2603,0.260251,0.260301,1,0,-0.0112537545497426
2604,0.260351,0.260401,1,0,-0.0112537545497426
2605,0.260451,0.260501,1,0,-0.0112537545497426
2606,0.260551,0.260601,1,0,-0.0112537545497426
2607,0.260651,0.260701,1,0,-0.0112537545497426
2608,0.260751,0.260801,1,0,-0.0112537545497426
2609,0.260851,0.260901,1,0,-0.0112537545497426
2610,0.260951,0.261001,1,0,-0.0129020383039486
2611,0.261051,0.261101,1,0,-0.0129020383039486
2612,0.261151,0.261201,1,0,-0.0129020383039486
2613,0.261251,0.261301,1,0,-0.0129020383039486
2614,0.261351,0.261401,1,0,-0.0129020383039486
2615,0.261451,0.261501,1,0,-0.0129020383039486
2616,0.261551,0.261601,1,0,-0.0129020383039486
2617,0.261651,0.261701,1,0,-0.0129020383039486
2618,0.261751,0.261801,1,0,-0.0129020383039486
2619,0.261851,0.261901,1,0,-0.0129020383039486
2620,0.261951,0.262001,1,0,-0.014524911565657
2621,0.262051,0.262101,1,0,-0.014524911565657
2622,0.262151,0.262201,1,0,-0.014524911565657
2623,0.262251,0.262301,1,0,-0.014524911565657
2624,0.262351,0.262401,1,0,-0.014524911565657
2625,0.262451,0.262501,1,0,-0.014524911565657
2626,0.262551,0.262601,1,0,-0.014524911565657
2627,0.262651,0.262701,1,0,-0.014524911565657
2628,0.262751,0.262801,1,0,-0.014524911565657
2629,0.262851,0.262901,1,0,-0.014524911565657
2630,0.262951,0.263001,1,0,-0.0161139373699557
2631,0.263051,0.263101,1,0,-0.0161139373699557
2632,0.263151,0.263201,1,0,-0.0161139373699557
2633,0.263251,0.263301,1,0,-0.0161139373699557
2634,0.263351,0.263401,1,0,-0.0161139373699557
2635,0.263451,0.263501,1,0,-0.0161139373699557
2636,0.263551,0.263601,1,0,-0.0161139373699557
2637,0.263651,0.263701,1,0,-0.0161139373699557
2638,0.263751,0.263801,1,0,-0.0161139373699557
2639,0.263851,0.263901,1,0,-0.0161139373699557
2640,0.263951,0.264001,1,0,-0.0176238670960496
2641,0.264051,0.264101,1,0,-0.0176238670960496
2642,0.264151,0.264201,1,0,-0.0176238670960496
2643,0.264251,0.264301,1,0,-0.0176238670960496
2644,0.264351,0.264401,1,0,-0.0176238670960496
2645,0.264451,0.264501,1,0,-0.0176238670960496
2646,0.264551,0.264601,1,0,-0.0176238670960496
2647,0.264651,0.264701,1,0,-0.0176238670960496
2648,0.264751,0.264801,1,0,-0.0176238670960496
2649,0.264851,0.264901,1,0,-0.0176238670960496
2650,0.264951,0.265001,1,0,-0.0151273800779872
2651,0.265051,0.265101,1,0,-0.0151273800779872
2652,0.265151,0.265201,1,0,-0.0151273800779872
2653,0.265251,0.265301,1,0,-0.0151273800779872
2654,0.265351,0.265401,1,0,-0.0151273800779872
2655,0.265451,0.265501,1,0,-0.0151273800779872
2656,0.265551,0.265601,1,0,-0.0151273800779872
2657,0.265651,0.265701,1,0,-0.0151273800779872
2658,0.265751,0.265801,1,0,-0.0151273800779872
2659,0.265851,0.265901,1,0,-0.0151273800779872
2660,0.265951,0.266001,1,0,-0.0101619245444825
2661,0.266051,0.266101,1,0,-0.0101619245444825
2662,0.266151,0.266201,1,0,-0.0101619245444825
2663,0.266251,0.266301,1,0,-0.0101619245444825
2664,0.266351,0.266401,1,0,-0.0101619245444825
2665,0.266451,0.266501,1,0,-0.0101619245444825
2666,0.266551,0.266601,1,0,-0.0101619245444825
2667,0.266651,0.266701,1,0,-0.0101619245444825
2668,0.266751,0.266801,1,0,-0.0101619245444825
2669,0.266851,0.266901,1,0,-0.0101619245444825
2670,0.266951,0.267001,1,0,-0.00631290108609237
2671,0.267051,0.267101,1,0,-0.00631290108609237
2672,0.267151,0.267201,1,0,-0.00631290108609237
2673,0.267251,0.267301,1,0,-0.00631290108609237
2674,0.267351,0.267401,1,0,-0.00631290108609237
2675,0.267451,0.267501,1,0,-0.00631290108609237
2676,0.267551,0.267601,1,0,-0.00631290108609237
2677,0.267651,0.267701,1,0,-0.00631290108609237
2678,0.267751,0.267801,1,0,-0.00631290108609237
2679,0.267851,0.267901,1,0,-0.00631290108609237
2680,0.267951,0.268001,1,0,-0.00376753831442028
2681,0.268051,0.268101,1,0,-0.00376753831442028
2682,0.268151,0.268201,1,0,-0.00376753831442028
2683,0.268251,0.268301,1,0,-0.00376753831442028
2684,0.268351,0.268401,1,0,-0.00376753831442028
2685,0.268451,0.268501,1,0,-0.00376753831442028
2686,0.268551,0.268601,1,0,-0.00376753831442028
2687,0.268651,0.268701,1,0,-0.00376753831442028
2688,0.268751,0.268801,1,0,-0.00376753831442028
2689,0.268851,0.268901,1,0,-0.00376753831442028
2690,0.268951,0.269001,1,0,-0.00209512523288283
2691,0.269051,0.269101,1,0,-0.00209512523288283
2692,0.269151,0.269201,1,0,-0.00209512523288283
2693,0.269251,0.269301,1,0,-0.00209512523288283
2694,0.269351,0.269401,1,0,-0.00209512523288283
2695,0.269451,0.269501,1,0,-0.00209512523288283
2696,0.269551,0.269601,1,0,-0.00209512523288283
2697,0.269651,0.269701,1,0,-0.00209512523288283
2698,0.269751,0.269801,1,0,-0.00209512523288283
2699,0.269851,0.269901,1,0,-0.00209512523288283
2700,0.269951,0.270001,1,0,-0.000937164876019949
2701,0.270051,0.270101,1,0,-0.000937164876019949
2702,0.270151,0.270201,1,0,-0.000937164876019949
2703,0.270251,0.270301,1,0,-0.000937164876019949
2704,0.270351,0.270401,1,0,-0.000937164876019949
2705,0.270451,0.270501,1,0,-0.000937164876019949
2706,0.270551,0.270601,1,0,-0.000937164876019949
2707,0.270651,0.270701,1,0,-0.000937164876019949
2708,0.270751,0.270801,1,0,-0.000937164876019949
2709,0.270851,0.270901,1,0,-0.000937164876019949
2710,0.270951,0.271001,1,0,-0.000304456059527067
2711,0.271051,0.271101,1,0,-0.000304456059527067
2712,0.271151,0.271201,1,0,-0.000304456059527067
2713,0.271251,0.271301,1,0,-0.000304456059527067
2714,0.271351,0.271401,1,0,-0.000304456059527067
2715,0.271451,0.271501,1,0,-0.000304456059527067
2716,0.271551,0.271601,1,0,-0.000304456059527067
2717,0.271651,0.271701,1,0,-0.000304456059527067
2718,0.271751,0.271801,1,0,-0.000304456059527067
2719,0.271851,0.271901,1,0,-0.000304456059527067
2720,0.271951,0.272001,1,0,4.6930478900885e-05
2721,0.272051,0.272101,1,0,4.6930478900885e-05
2722,0.272151,0.272201,1,0,4.6930478900885e-05
2723,0.272251,0.272301,1,0,4.6930478900885e-05
2724,0.272351,0.272401,1,0,4.6930478900885e-05
2725,0.272451,0.272501,1,0,4.6930478900885e-05
2726,0.272551,0.272601,1,0,4.6930478900885e-05
2727,0.272651,0.272701,1,0,4.6930478900885e-05
2728,0.272751,0.272801,1,0,4.6930478900885e-05
2729,0.272851,0.272901,1,0,4.6930478900885e-05
2730,0.272951,0.273001,1,0,0.000284080635930004
2731,0.273051,0.273101,1,0,0.000284080635930004
2732,0.273151,0.273201,1,0,0.000284080635930004
2733,0.273251,0.273301,1,0,0.000284080635930004
2734,0.273351,0.273401,1,0,0.000284080635930004
2735,0.273451,0.273501,1,0,0.000284080635930004
2736,0.273551,0.273601,1,0,0.000284080635930004
2737,0.273651,0.273701,1,0,0.000284080635930004
2738,0.273751,0.273801,1,0,0.000284080635930004
2739,0.273851,0.273901,1,0,0.000284080635930004
2740,0.273951,0.274001,1,0,0.000527078246265823
2741,0.274051,0.274101,1,0,0.000527078246265823
2742,0.274151,0.274201,1,0,0.000527078246265823
2743,0.274251,0.274301,1,0,0.000527078246265823
2744,0.274351,0.274401,1,0,0.000527078246265823
2745,0.274451,0.274501,1,0,0.000527078246265823
2746,0.274551,0.274601,1,0,0.000527078246265823
2747,0.274651,0.274701,1,0,0.000527078246265823
2748,0.274751,0.274801,1,0,0.000527078246265823
2749,0.274851,0.274901,1,0,0.000527078246265823
2750,0.274951,0.275001,1,0,0.000777403927876205
2751,0.275051,0.275101,1,0,0.000777403927876205
2752,0.275151,0.275201,1,0,0.000777403927876205
2753,0.275251,0.275301,1,0,0.000777403927876205
2754,0.275351,0.275401,1,0,0.000777403927876205
2755,0.275451,0.275501,1,0,0.000777403927876205
2756,0.275551,0.275601,1,0,0.000777403927876205
2757,0.275651,0.275701,1,0,0.000777403927876205
2758,0.275751,0.275801,1,0,0.000777403927876205
2759,0.275851,0.275901,1,0,0.000777403927876205
2760,0.275951,0.276001,1,0,0.00103054875367194
2761,0.276051,0.276101,1,0,0.00103054875367194
2762,0.276151,0.276201,1,0,0.00103054875367194
2763,0.276251,0.276301,1,0,0.00103054875367194
2764,0.276351,0.276401,1,0,0.00103054875367194
2765,0.276451,0.276501,1,0,0.00103054875367194
2766,0.276551,0.276601,1,0,0.00103054875367194
2767,0.276651,0.276701,1,0,0.00103054875367194
2768,0.276751,0.276801,1,0,0.00103054875367194
2769,0.276851,0.276901,1,0,0.00103054875367194
2770,0.276951,0.277001,1,0,0.00128691312534214
2771,0.277051,0.277101,1,0,0.00128691312534214
2772,0.277151,0.277201,1,0,0.00128691312534214
2773,0.277251,0.277301,1,0,0.00128691312534214
2774,0.277351,0.277401,1,0,0.00128691312534214
2775,0.277451,0.277501,1,0,0.00128691312534214
2776,0.277551,0.277601,1,0,0.00128691312534214
2777,0.277651,0.277701,1,0,0.00128691312534214
2778,0.277751,0.277801,1,0,0.00128691312534214
2779,0.277851,0.277901,1,0,0.00128691312534214
2780,0.277951,0.278001,1,0,0.00154472230091902
2781,0.278051,0.278101,1,0,0.00154472230091902
2782,0.278151,0.278201,1,0,0.00154472230091902
2783,0.278251,0.278301,1,0,0.00154472230091902
2784,0.278351,0.278401,1,0,0.00154472230091902
2785,0.278451,0.278501,1,0,0.00154472230091902
2786,0.278551,0.278601,1,0,0.00154472230091902
2787,0.278651,0.278701,1,0,0.00154472230091902
2788,0.278751,0.278801,1,0,0.00154472230091902
2789,0.278851,0.278901,1,0,0.00154472230091902
2790,0.278951,0.279001,1,0,0.0018021981935153
2791,0.279051,0.279101,1,0,0.0018021981935153
2792,0.279151,0.279201,1,0,0.0018021981935153
2793,0.279251,0.279301,1,0,0.0018021981935153
2794,0.279351,0.279401,1,0,0.0018021981935153
2795,0.279451,0.279501,1,0,0.0018021981935153
2796,0.279551,0.279601,1,0,0.0018021981935153
2797,0.279651,0.279701,1,0,0.0018021981935153
2798,0.279751,0.279801,1,0,0.0018021981935153
2799,0.279851,0.279901,1,0,0.0018021981935153
2800,0.279951,0.280001,1,0,0.00205792306344892
2801,0.280051,0.280101,1,0,0.00205792306344892
2802,0.280151,0.280201,1,0,0.00205792306344892
2803,0.280251,0.280301,1,0,0.00205792306344892
2804,0.280351,0.280401,1,0,0.00205792306344892
2805,0.280451,0.280501,1,0,0.00205792306344892
2806,0.280551,0.280601,1,0,0.00205792306344892
2807,0.280651,0.280701,1,0,0.00205792306344892
2808,0.280751,0.280801,1,0,0.00205792306344892
2809,0.280851,0.280901,1,0,0.00205792306344892
2810,0.280951,0.281001,1,0,0.00231544464714366
2811,0.281051,0.281101,1,0,0.00231544464714366
2812,0.281151,0.281201,1,0,0.00231544464714366
2813,0.281251,0.281301,1,0,0.00231544464714366
2814,0.281351,0.281401,1,0,0.00231544464714366
2815,0.281451,0.281501,1,0,0.00231544464714366
2816,0.281551,0.281601,1,0,0.00231544464714366
2817,0.281651,0.281701,1,0,0.00231544464714366
2818,0.281751,0.281801,1,0,0.00231544464714366
2819,0.281851,0.281901,1,0,0.00231544464714366
2820,0.281951,0.282001,1,0,0.00257451211318036
2821,0.282051,0.282101,1,0,0.00257451211318036
2822,0.282151,0.282201,1,0,0.00257451211318036
2823,0.282251,0.282301,1,0,0.00257451211318036
2824,0.282351,0.282401,1,0,0.00257451211318036
2825,0.282451,0.282501,1,0,0.00257451211318036
2826,0.282551,0.282601,1,0,0.00257451211318036
2827,0.282651,0.282701,1,0,0.00257451211318036
2828,0.282751,0.282801,1,0,0.00257451211318036
2829,0.282851,0.282901,1,0,0.00257451211318036
2830,0.282951,0.283001,1,0,0.00283373283921961
2831,0.283051,0.283101,1,0,0.00283373283921961
2832,0.283151,0.283201,1,0,0.00283373283921961
2833,0.283251,0.283301,1,0,0.00283373283921961
2834,0.283351,0.283401,1,0,0.00283373283921961
2835,0.283451,0.283501,1,0,0.00283373283921961
2836,0.283551,0.283601,1,0,0.00283373283921961
2837,0.283651,0.283701,1,0,0.00283373283921961
2838,0.283751,0.283801,1,0,0.00283373283921961
2839,0.283851,0.283901,1,0,0.00283373283921961
2840,0.283951,0.284001,1,0,0.00309111313421945
2841,0.284051,0.284101,1,0,0.00309111313421945
2842,0.284151,0.284201,1,0,0.00309111313421945
2843,0.284251,0.284301,1,0,0.00309111313421945
2844,0.284351,0.284401,1,0,0.00309111313421945
2845,0.284451,0.284501,1,0,0.00309111313421945
2846,0.284551,0.284601,1,0,0.00309111313421945
2847,0.284651,0.284701,1,0,0.00309111313421945
2848,0.284751,0.284801,1,0,0.00309111313421945
2849,0.284851,0.284901,1,0,0.00309111313421945
2850,0.284951,0.285001,1,0,0.00334630106889673
2851,0.285051,0.285101,1,0,0.00334630106889673
2852,0.285151,0.285201,1,0,0.00334630106889673
2853,0.285251,0.285301,1,0,0.00334630106889673
2854,0.285351,0.285401,1,0,0.00334630106889673
2855,0.285451,0.285501,1,0,0.00334630106889673
2856,0.285551,0.285601,1,0,0.00334630106889673
2857,0.285651,0.285701,1,0,0.00334630106889673
2858,0.285751,0.285801,1,0,0.00334630106889673
2859,0.285851,0.285901,1,0,0.00334630106889673
2860,0.285951,0.286001,1,0,0.00359823545315398
2861,0.286051,0.286101,1,0,0.00359823545315398
2862,0.286151,0.286201,1,0,0.00359823545315398
2863,0.286251,0.286301,1,0,0.00359823545315398
2864,0.286351,0.286401,1,0,0.00359823545315398
2865,0.286451,0.286501,1,0,0.00359823545315398
2866,0.286551,0.286601,1,0,0.00359823545315398
2867,0.286651,0.286701,1,0,0.00359823545315398
2868,0.286751,0.286801,1,0,0.00359823545315398
2869,0.286851,0.286901,1,0,0.00359823545315398
2870,0.286951,0.287001,1,0,0.00384730718592819
2871,0.287051,0.287101,1,0,0.00384730718592819
2872,0.287151,0.287201,1,0,0.00384730718592819
2873,0.287251,0.287301,1,0,0.00384730718592819
2874,0.287351,0.287401,1,0,0.00384730718592819
2875,0.287451,0.287501,1,0,0.00384730718592819
2876,0.287551,0.287601,1,0,0.00384730718592819
2877,0.287651,0.287701,1,0,0.00384730718592819
2878,0.287751,0.287801,1,0,0.00384730718592819
2879,0.287851,0.287901,1,0,0.00384730718592819
2880,0.287951,0.288001,1,0,0.00409110230431148
2881,0.288051,0.288101,1,0,0.00409110230431148
2882,0.288151,0.288201,1,0,0.00409110230431148
2883,0.288251,0.288301,1,0,0.00409110230431148
2884,0.288351,0.288401,1,0,0.00409110230431148
2885,0.288451,0.288501,1,0,0.00409110230431148
2886,0.288551,0.288601,1,0,0.00409110230431148
2887,0.288651,0.288701,1,0,0.00409110230431148
2888,0.288751,0.288801,1,0,0.00409110230431148
2889,0.288851,0.288901,1,0,0.00409110230431148
2890,0.288951,0.289001,1,0,0.00432404584752483
2891,0.289051,0.289101,1,0,0.00432404584752483
2892,0.289151,0.289201,1,0,0.00432404584752483
2893,0.289251,0.289301,1,0,0.00432404584752483
2894,0.289351,0.289401,1,0,0.00432404584752483
2895,0.289451,0.289501,1,0,0.00432404584752483
2896,0.289551,0.289601,1,0,0.00432404584752483
2897,0.289651,0.289701,1,0,0.00432404584752483
2898,0.289751,0.289801,1,0,0.00432404584752483
2899,0.289851,0.289901,1,0,0.00432404584752483
2900,0.289951,0.290001,1,0,0.00454391662647144
2901,0.290051,0.290101,1,0,0.00454391662647144
2902,0.290151,0.290201,1,0,0.00454391662647144
2903,0.290251,0.290301,1,0,0.00454391662647144
2904,0.290351,0.290401,1,0,0.00454391662647144
2905,0.290451,0.290501,1,0,0.00454391662647144
2906,0.290551,0.290601,1,0,0.00454391662647144
2907,0.290651,0.290701,1,0,0.00454391662647144
2908,0.290751,0.290801,1,0,0.00454391662647144
2909,0.290851,0.290901,1,0,0.00454391662647144
2910,0.290951,0.291001,1,0,0.0047610048331438
2911,0.291051,0.291101,1,0,0.0047610048331438
2912,0.291151,0.291201,1,0,0.0047610048331438
2913,0.291251,0.291301,1,0,0.0047610048331438
2914,0.291351,0.291401,1,0,0.0047610048331438
2915,0.291451,0.291501,1,0,0.0047610048331438
2916,0.291551,0.291601,1,0,0.0047610048331438
2917,0.291651,0.291701,1,0,0.0047610048331438
2918,0.291751,0.291801,1,0,0.0047610048331438
2919,0.291851,0.291901,1,0,0.0047610048331438
2920,0.291951,0.292001,1,0,0.00497194200439781
2921,0.292051,0.292101,1,0,0.00497194200439781
2922,0.292151,0.292201,1,0,0.00497194200439781
2923,0.292251,0.292301,1,0,0.00497194200439781
2924,0.292351,0.292401,1,0,0.00497194200439781
2925,0.292451,0.292501,1,0,0.00497194200439781
2926,0.292551,0.292601,1,0,0.00497194200439781
2927,0.292651,0.292701,1,0,0.00497194200439781
2928,0.292751,0.292801,1,0,0.00497194200439781
2929,0.292851,0.292901,1,0,0.00497194200439781
2930,0.292951,0.293001,1,0,0.00516666555214342
2931,0.293051,0.293101,1,0,0.00516666555214342
2932,0.293151,0.293201,1,0,0.00516666555214342
2933,0.293251,0.293301,1,0,0.00516666555214342
2934,0.293351,0.293401,1,0,0.00516666555214342
2935,0.293451,0.293501,1,0,0.00516666555214342
2936,0.293551,0.293601,1,0,0.00516666555214342
2937,0.293651,0.293701,1,0,0.00516666555214342
2938,0.293751,0.293801,1,0,0.00516666555214342
2939,0.293851,0.293901,1,0,0.00516666555214342
2940,0.293951,0.294001,1,0,0.00534319000715452
2941,0.294051,0.294101,1,0,0.00534319000715452
2942,0.294151,0.294201,1,0,0.00534319000715452
2943,0.294251,0.294301,1,0,0.00534319000715452
2944,0.294351,0.294401,1,0,0.00534319000715452
2945,0.294451,0.294501,1,0,0.00534319000715452
2946,0.294551,0.294601,1,0,0.00534319000715452
2947,0.294651,0.294701,1,0,0.00534319000715452
2948,0.294751,0.294801,1,0,0.00534319000715452
2949,0.294851,0.294901,1,0,0.00534319000715452
2950,0.294951,0.295001,1,0,0.00550802863361202
2951,0.295051,0.295101,1,0,0.00550802863361202
2952,0.295151,0.295201,1,0,0.00550802863361202
2953,0.295251,0.295301,1,0,0.00550802863361202
2954,0.295351,0.295401,1,0,0.00550802863361202
2955,0.295451,0.295501,1,0,0.00550802863361202
2956,0.295551,0.295601,1,0,0.00550802863361202
2957,0.295651,0.295701,1,0,0.00550802863361202
2958,0.295751,0.295801,1,0,0.00550802863361202
2959,0.295851,0.295901,1,0,0.00550802863361202
2960,0.295951,0.296001,1,0,0.00565824641992002
2961,0.296051,0.296101,1,0,0.00565824641992002
2962,0.296151,0.296201,1,0,0.00565824641992002
2963,0.296251,0.296301,1,0,0.00565824641992002
2964,0.296351,0.296401,1,0,0.00565824641992002
2965,0.296451,0.296501,1,0,0.00565824641992002
2966,0.296551,0.296601,1,0,0.00565824641992002
2967,0.296651,0.296701,1,0,0.00565824641992002
2968,0.296751,0.296801,1,0,0.00565824641992002
2969,0.296851,0.296901,1,0,0.00565824641992002
2970,0.296951,0.297001,1,0,0.00579476938394974
2971,0.297051,0.297101,1,0,0.00579476938394974
2972,0.297151,0.297201,1,0,0.00579476938394974
2973,0.297251,0.297301,1,0,0.00579476938394974
2974,0.297351,0.297401,1,0,0.00579476938394974
2975,0.297451,0.297501,1,0,0.00579476938394974
2976,0.297551,0.297601,1,0,0.00579476938394974
2977,0.297651,0.297701,1,0,0.00579476938394974
2978,0.297751,0.297801,1,0,0.00579476938394974
2979,0.297851,0.297901,1,0,0.00579476938394974
2980,0.297951,0.298001,1,0,0.00590833648065681
2981,0.298051,0.298101,1,0,0.00590833648065681
2982,0.298151,0.298201,1,0,0.00590833648065681
2983,0.298251,0.298301,1,0,0.00590833648065681
2984,0.298351,0.298401,1,0,0.00590833648065681
2985,0.298451,0.298501,1,0,0.00590833648065681
2986,0.298551,0.298601,1,0,0.00590833648065681
2987,0.298651,0.298701,1,0,0.00590833648065681
2988,0.298751,0.298801,1,0,0.00590833648065681
2989,0.298851,0.298901,1,0,0.00590833648065681
2990,0.298951,0.299001,1,0,0.00598624306388944
2991,0.299051,0.299101,1,0,0.00598624306388944
2992,0.299151,0.299201,1,0,0.00598624306388944
2993,0.299251,0.299301,1,0,0.00598624306388944
2994,0.299351,0.299401,1,0,0.00598624306388944
2995,0.299451,0.299501,1,0,0.00598624306388944
2996,0.299551,0.299601,1,0,0.00598624306388944
2997,0.299651,0.299701,1,0,0.00598624306388944
2998,0.299751,0.299801,1,0,0.00598624306388944
2999,0.299851,0.299901,1,0,0.00598624306388944
3000,0.299951,0.300001,1,0,0.00545463875452008
3001,0.300051,0.300101,1,0,0.00545463875452008
3002,0.300151,0.300201,1,0,0.00545463875452008
3003,0.300251,0.300301,1,0,0.00545463875452008
3004,0.300351,0.300401,1,0,0.00545463875452008
3005,0.300451,0.300501,1,0,0.00545463875452008
3006,0.300551,0.300601,1,0,0.00545463875452008
3007,0.300651,0.300701,1,0,0.00545463875452008
3008,0.300751,0.300801,1,0,0.00545463875452008
3009,0.300851,0.300901,1,0,0.00545463875452008
3010,0.300951,0.301001,1,0,0.00274699923038798
3011,0.301051,0.301101,1,0,0.00274699923038798
3012,0.301151,0.301201,1,0,0.00274699923038798
3013,0.301251,0.301301,1,0,0.00274699923038798
3014,0.301351,0.301401,1,0,0.00274699923038798
3015,0.301451,0.301501,1,0,0.00274699923038798
3016,0.301551,0.301601,1,0,0.00274699923038798
3017,0.301651,0.301701,1,0,0.00274699923038798
3018,0.301751,0.301801,1,0,0.00274699923038798
3019,0.301851,0.301901,1,0,0.00274699923038798
3020,0.301951,0.302001,1,0,0.000508467764980794
3021,0.302051,0.302101,1,0,0.000508467764980794
3022,0.302151,0.302201,1,0,0.000508467764980794
3023,0.302251,0.302301,1,0,0.000508467764980794
3024,0.302351,0.302401,1,0,0.000508467764980794
3025,0.302451,0.302501,1,0,0.000508467764980794
3026,0.302551,0.302601,1,0,0.000508467764980794
3027,0.302651,0.302701,1,0,0.000508467764980794
3028,0.302751,0.302801,1,0,0.000508467764980794
3029,0.302851,0.302901,1,0,0.000508467764980794
3030,0.302951,0.303001,1,0,-0.000957768117103208
3031,0.303051,0.303101,1,0,-0.000957768117103208
3032,0.303151,0.303201,1,0,-0.000957768117103208
3033,0.303251,0.303301,1,0,-0.000957768117103208
3034,0.303351,0.303401,1,0,-0.000957768117103208
3035,0.303451,0.303501,1,0,-0.000957768117103208
3036,0.303551,0.303601,1,0,-0.000957768117103208
3037,0.303651,0.303701,1,0,-0.000957768117103208
3038,0.303751,0.303801,1,0,-0.000957768117103208
3039,0.303851,0.303901,1,0,-0.000957768117103208
3040,0.303951,0.304001,1,0,-0.00238085848366338
3041,0.304051,0.304101,1,0,-0.00238085848366338
3042,0.304151,0.304201,1,0,-0.00238085848366338
3043,0.304251,0.304301,1,0,-0.00238085848366338
3044,0.304351,0.304401,1,0,-0.00238085848366338
3045,0.304451,0.304501,1,0,-0.00238085848366338
3046,0.304551,0.304601,1,0,-0.00238085848366338
3047,0.304651,0.304701,1,0,-0.00238085848366338
3048,0.304751,0.304801,1,0,-0.00238085848366338
3049,0.304851,0.304901,1,0,-0.00238085848366338
3050,0.304951,0.305001,1,0,-0.00385117275380433
3051,0.305051,0.305101,1,0,-0.00385117275380433
3052,0.305151,0.305201,1,0,-0.00385117275380433
3053,0.305251,0.305301,1,0,-0.00385117275380433
3054,0.305351,0.305401,1,0,-0.00385117275380433
3055,0.305451,0.305501,1,0,-0.00385117275380433
3056,0.305551,0.305601,1,0,-0.00385117275380433
3057,0.305651,0.305701,1,0,-0.00385117275380433
3058,0.305751,0.305801,1,0,-0.00385117275380433
3059,0.305851,0.305901,1,0,-0.00385117275380433
3060,0.305951,0.306001,1,0,-0.00538320748664867
3061,0.306051,0.306101,1,0,-0.00538320748664867
3062,0.306151,0.306201,1,0,-0.00538320748664867
3063,0.306251,0.306301,1,0,-0.00538320748664867
3064,0.306351,0.306401,1,0,-0.00538320748664867
3065,0.306451,0.306501,1,0,-0.00538320748664867
3066,0.306551,0.306601,1,0,-0.00538320748664867
3067,0.306651,0.306701,1,0,-0.00538320748664867
3068,0.306751,0.306801,1,0,-0.00538320748664867
3069,0.306851,0.306901,1,0,-0.00538320748664867
3070,0.306951,0.307001,1,0,-0.00696925853471035
3071,0.307051,0.307101,1,0,-0.00696925853471035
3072,0.307151,0.307201,1,0,-0.00696925853471035
3073,0.307251,0.307301,1,0,-0.00696925853471035
3074,0.307351,0.307401,1,0,-0.00696925853471035
3075,0.307451,0.307501,1,0,-0.00696925853471035
3076,0.307551,0.307601,1,0,-0.00696925853471035
3077,0.307651,0.307701,1,0,-0.00696925853471035
3078,0.307751,0.307801,1,0,-0.00696925853471035
3079,0.307851,0.307901,1,0,-0.00696925853471035
3080,0.307951,0.308001,1,0,-0.00862123092295259
3081,0.308051,0.308101,1,0,-0.00862123092295259
3082,0.308151,0.308201,1,0,-0.00862123092295259
3083,0.308251,0.308301,1,0,-0.00862123092295259
3084,0.308351,0.308401,1,0,-0.00862123092295259
3085,0.308451,0.308501,1,0,-0.00862123092295259
3086,0.308551,0.308601,1,0,-0.00862123092295259
3087,0.308651,0.308701,1,0,-0.00862123092295259
3088,0.308751,0.308801,1,0,-0.00862123092295259
3089,0.308851,0.308901,1,0,-0.00862123092295259
3090,0.308951,0.309001,1,0,-0.0103345824145458
3091,0.309051,0.309101,1,0,-0.0103345824145458
3092,0.309151,0.309201,1,0,-0.0103345824145458
3093,0.309251,0.309301,1,0,-0.0103345824145458
3094,0.309351,0.309401,1,0,-0.0103345824145458
3095,0.309451,0.309501,1,0,-0.0103345824145458
3096,0.309551,0.309601,1,0,-0.0103345824145458
3097,0.309651,0.309701,1,0,-0.0103345824145458
3098,0.309751,0.309801,1,0,-0.0103345824145458
3099,0.309851,0.309901,1,0,-0.0103345824145458
3100,0.309951,0.310001,1,0,-0.0120946774250997
3101,0.310051,0.310101,1,0,-0.0120946774250997
3102,0.310151,0.310201,1,0,-0.0120946774250997
3103,0.310251,0.310301,1,0,-0.0120946774250997
3104,0.310351,0.310401,1,0,-0.0120946774250997
3105,0.310451,0.310501,1,0,-0.0120946774250997
3106,0.310551,0.310601,1,0,-0.0120946774250997
3107,0.310651,0.310701,1,0,-0.0120946774250997
3108,0.310751,0.310801,1,0,-0.0120946774250997
3109,0.310851,0.310901,1,0,-0.0120946774250997
3110,0.310951,0.311001,1,0,-0.0139070236052535
3111,0.311051,0.311101,1,0,-0.0139070236052535
3112,0.311151,0.311201,1,0,-0.0139070236052535
3113,0.311251,0.311301,1,0,-0.0139070236052535
3114,0.311351,0.311401,1,0,-0.0139070236052535
3115,0.311451,0.311501,1,0,-0.0139070236052535
3116,0.311551,0.311601,1,0,-0.0139070236052535
3117,0.311651,0.311701,1,0,-0.0139070236052535
3118,0.311751,0.311801,1,0,-0.0139070236052535
3119,0.311851,0.311901,1,0,-0.0139070236052535
3120,0.311951,0.312001,1,0,-0.0157568307944363
3121,0.312051,0.312101,1,0,-0.0157568307944363
3122,0.312151,0.312201,1,0,-0.0157568307944363
3123,0.312251,0.312301,1,0,-0.0157568307944363
3124,0.312351,0.312401,1,0,-0.0157568307944363
3125,0.312451,0.312501,1,0,-0.0157568307944363
3126,0.312551,0.312601,1,0,-0.0157568307944363
3127,0.312651,0.312701,1,0,-0.0157568307944363
3128,0.312751,0.312801,1,0,-0.0157568307944363
3129,0.312851,0.312901,1,0,-0.0157568307944363
3130,0.312951,0.313001,1,0,-0.017640653520761
3131,0.313051,0.313101,1,0,-0.017640653520761
3132,0.313151,0.313201,1,0,-0.017640653520761
3133,0.313251,0.313301,1,0,-0.017640653520761
3134,0.313351,0.313401,1,0,-0.017640653520761
3135,0.313451,0.313501,1,0,-0.017640653520761
3136,0.313551,0.313601,1,0,-0.017640653520761
3137,0.313651,0.313701,1,0,-0.017640653520761
3138,0.313751,0.313801,1,0,-0.017640653520761
3139,0.313851,0.313901,1,0,-0.017640653520761
3140,0.313951,0.314001,1,0,-0.0173860827384804
3141,0.314051,0.314101,1,0,-0.0173860827384804
3142,0.314151,0.314201,1,0,-0.0173860827384804
3143,0.314251,0.314301,1,0,-0.0173860827384804
3144,0.314351,0.314401,1,0,-0.0173860827384804
3145,0.314451,0.314501,1,0,-0.0173860827384804
3146,0.314551,0.314601,1,0,-0.0173860827384804
3147,0.314651,0.314701,1,0,-0.0173860827384804
3148,0.314751,0.314801,1,0,-0.0173860827384804
3149,0.314851,0.314901,1,0,-0.0173860827384804
3150,0.314951,0.315001,1,0,-0.0130481720664096
3151,0.315051,0.315101,1,0,-0.0130481720664096
3152,0.315151,0.315201,1,0,-0.0130481720664096
3153,0.315251,0.315301,1,0,-0.0130481720664096
3154,0.315351,0.315401,1,0,-0.0130481720664096
3155,0.315451,0.315501,1,0,-0.0130481720664096
3156,0.315551,0.315601,1,0,-0.0130481720664096
3157,0.315651,0.315701,1,0,-0.0130481720664096
3158,0.315751,0.315801,1,0,-0.0130481720664096
3159,0.315851,0.315901,1,0,-0.0130481720664096
3160,0.315951,0.316001,1,0,-0.00877055119215643
3161,0.316051,0.316101,1,0,-0.00877055119215643
3162,0.316151,0.316201,1,0,-0.00877055119215643
3163,0.316251,0.316301,1,0,-0.00877055119215643
3164,0.316351,0.316401,1,0,-0.00877055119215643
3165,0.316451,0.316501,1,0,-0.00877055119215643
3166,0.316551,0.316601,1,0,-0.00877055119215643
3167,0.316651,0.316701,1,0,-0.00877055119215643
3168,0.316751,0.316801,1,0,-0.00877055119215643
3169,0.316851,0.316901,1,0,-0.00877055119215643
3170,0.316951,0.317001,1,0,-0.00591114666477214
3171,0.317051,0.317101,1,0,-0.00591114666477214
3172,0.317151,0.317201,1,0,-0.00591114666477214
3173,0.317251,0.317301,1,0,-0.00591114666477214
3174,0.317351,0.317401,1,0,-0.00591114666477214
3175,0.317451,0.317501,1,0,-0.00591114666477214
3176,0.317551,0.317601,1,0,-0.00591114666477214
3177,0.317651,0.317701,1,0,-0.00591114666477214
3178,0.317751,0.317801,1,0,-0.00591114666477214
3179,0.317851,0.317901,1,0,-0.00591114666477214
3180,0.317951,0.318001,1,0,-0.00400320792404282
3181,0.318051,0.318101,1,0,-0.00400320792404282
3182,0.318151,0.318201,1,0,-0.00400320792404282
3183,0.318251,0.318301,1,0,-0.00400320792404282
3184,0.318351,0.318401,1,0,-0.00400320792404282
3185,0.318451,0.318501,1,0,-0.00400320792404282
3186,0.318551,0.318601,1,0,-0.00400320792404282
3187,0.318651,0.318701,1,0,-0.00400320792404282
3188,0.318751,0.318801,1,0,-0.00400320792404282
3189,0.318851,0.318901,1,0,-0.00400320792404282
3190,0.318951,0.319001,1,0,-0.0026219127171012
3191,0.319051,0.319101,1,0,-0.0026219127171012
3192,0.319151,0.319201,1,0,-0.0026219127171012
3193,0.319251,0.319301,1,0,-0.0026219127171012
3194,0.319351,0.319401,1,0,-0.0026219127171012
3195,0.319451,0.319501,1,0,-0.0026219127171012
3196,0.319551,0.319601,1,0,-0.0026219127171012
3197,0.319651,0.319701,1,0,-0.0026219127171012
3198,0.319751,0.319801,1,0,-0.0026219127171012
3199,0.319851,0.319901,1,0,-0.0026219127171012
3200,0.319951,0.320001,1,0,-0.00190934085138444
3201,0.320051,0.320101,1,0,-0.00190934085138444
3202,0.320151,0.320201,1,0,-0.00190934085138444
3203,0.320251,0.320301,1,0,-0.00190934085138444
3204,0.320351,0.320401,1,0,-0.00190934085138444
3205,0.320451,0.320501,1,0,-0.00190934085138444
3206,0.320551,0.320601,1,0,-0.00190934085138444
3207,0.320651,0.320701,1,0,-0.00190934085138444
3208,0.320751,0.320801,1,0,-0.00190934085138444
3209,0.320851,0.320901,1,0,-0.00190934085138444
3210,0.320951,0.321001,1,0,-0.00160457963885584
3211,0.321051,0.321101,1,0,-0.00160457963885584
3212,0.321151,0.321201,1,0,-0.00160457963885584
3213,0.321251,0.321301,1,0,-0.00160457963885584
3214,0.321351,0.321401,1,0,-0.00160457963885584
3215,0.321451,0.321501,1,0,-0.00160457963885584
3216,0.321551,0.321601,1,0,-0.00160457963885584
3217,0.321651,0.321701,1,0,-0.00160457963885584
3218,0.321751,0.321801,1,0,-0.00160457963885584
3219,0.321851,0.321901,1,0,-0.00160457963885584
3220,0.321951,0.322001,1,0,-0.00141632471836191
3221,0.322051,0.322101,1,0,-0.00141632471836191
3222,0.322151,0.322201,1,0,-0.00141632471836191
3223,0.322251,0.322301,1,0,-0.00141632471836191
3224,0.322351,0.322401,1,0,-0.00141632471836191
3225,0.322451,0.322501,1,0,-0.00141632471836191
3226,0.322551,0.322601,1,0,-0.00141632471836191
3227,0.322651,0.322701,1,0,-0.00141632471836191
3228,0.322751,0.322801,1,0,-0.00141632471836191
3229,0.322851,0.322901,1,0,-0.00141632471836191
3230,0.322951,0.323001,1,0,-0.00139843591067356
3231,0.323051,0.323101,1,0,-0.00139843591067356
3232,0.323151,0.323201,1,0,-0.00139843591067356
3233,0.323251,0.323301,1,0,-0.00139843591067356
3234,0.323351,0.323401,1,0,-0.00139843591067356
3235,0.323451,0.323501,1,0,-0.00139843591067356
3236,0.323551,0.323601,1,0,-0.00139843591067356
3237,0.323651,0.323701,1,0,-0.00139843591067356
3238,0.323751,0.323801,1,0,-0.00139843591067356
3239,0.323851,0.323901,1,0,-0.00139843591067356
3240,0.323951,0.324001,1,0,-0.00147217084423954
3241,0.324051,0.324101,1,0,-0.00147217084423954
3242,0.324151,0.324201,1,0,-0.00147217084423954
3243,0.324251,0.324301,1,0,-0.00147217084423954
3244,0.324351,0.324401,1,0,-0.00147217084423954
3245,0.324451,0.324501,1,0,-0.00147217084423954
3246,0.324551,0.324601,1,0,-0.00147217084423954
3247,0.324651,0.324701,1,0,-0.00147217084423954
3248,0.324751,0.324801,1,0,-0.00147217084423954
3249,0.324851,0.324901,1,0,-0.00147217084423954
3250,0.324951,0.325001,1,0,-0.00140884406799832
3251,0.325051,0.325101,1,0,-0.00140884406799832
3252,0.325151,0.325201,1,0,-0.00140884406799832
3253,0.325251,0.325301,1,0,-0.00140884406799832
3254,0.325351,0.325401,1,0,-0.00140884406799832
3255,0.325451,0.325501,1,0,-0.00140884406799832
3256,0.325551,0.325601,1,0,-0.00140884406799832
3257,0.325651,0.325701,1,0,-0.00140884406799832
3258,0.325751,0.325801,1,0,-0.00140884406799832
3259,0.325851,0.325901,1,0,-0.00140884406799832
3260,0.325951,0.326001,1,0,-0.0014231277235237
3261,0.326051,0.326101,1,0,-0.0014231277235237
3262,0.326151,0.326201,1,0,-0.0014231277235237
3263,0.326251,0.326301,1,0,-0.0014231277235237
3264,0.326351,0.326401,1,0,-0.0014231277235237
3265,0.326451,0.326501,1,0,-0.0014231277235237
3266,0.326551,0.326601,1,0,-0.0014231277235237
3267,0.326651,0.326701,1,0,-0.0014231277235237
3268,0.326751,0.326801,1,0,-0.0014231277235237
3269,0.326851,0.326901,1,0,-0.0014231277235237
3270,0.326951,0.327001,1,0,-0.00147719063206204
3271,0.327051,0.327101,1,0,-0.00147719063206204
3272,0.327151,0.327201,1,0,-0.00147719063206204
3273,0.327251,0.327301,1,0,-0.00147719063206204
3274,0.327351,0.327401,1,0,-0.00147719063206204
3275,0.327451,0.327501,1,0,-0.00147719063206204
3276,0.327551,0.327601,1,0,-0.00147719063206204
3277,0.327651,0.327701,1,0,-0.00147719063206204
3278,0.327751,0.327801,1,0,-0.00147719063206204
3279,0.327851,0.327901,1,0,-0.00147719063206204
3280,0.327951,0.328001,1,0,-0.00154879049124657
3281,0.328051,0.328101,1,0,-0.00154879049124657
3282,0.328151,0.328201,1,0,-0.00154879049124657
3283,0.328251,0.328301,1,0,-0.00154879049124657
3284,0.328351,0.328401,1,0,-0.00154879049124657
3285,0.328451,0.328501,1,0,-0.00154879049124657
3286,0.328551,0.328601,1,0,-0.00154879049124657
3287,0.328651,0.328701,1,0,-0.00154879049124657
3288,0.328751,0.328801,1,0,-0.00154879049124657
3289,0.328851,0.328901,1,0,-0.00154879049124657
3290,0.328951,0.329001,1,0,-0.00160870271991721
3291,0.329051,0.329101,1,0,-0.00160870271991721
3292,0.329151,0.329201,1,0,-0.00160870271991721
3293,0.329251,0.329301,1,0,-0.00160870271991721
3294,0.329351,0.329401,1,0,-0.00160870271991721
3295,0.329451,0.329501,1,0,-0.00160870271991721
3296,0.329551,0.329601,1,0,-0.00160870271991721
3297,0.329651,0.329701,1,0,-0.00160870271991721
3298,0.329751,0.329801,1,0,-0.00160870271991721
3299,0.329851,0.329901,1,0,-0.00160870271991721
3300,0.329951,0.330001,1,0,-0.00161422155418358
3301,0.330051,0.330101,1,0,-0.00161422155418358
3302,0.330151,0.330201,1,0,-0.00161422155418358
3303,0.330251,0.330301,1,0,-0.00161422155418358
3304,0.330351,0.330401,1,0,-0.00161422155418358
3305,0.330451,0.330501,1,0,-0.00161422155418358
3306,0.330551,0.330601,1,0,-0.00161422155418358
3307,0.330651,0.330701,1,0,-0.00161422155418358
3308,0.330751,0.330801,1,0,-0.00161422155418358
3309,0.330851,0.330901,1,0,-0.00161422155418358
3310,0.330951,0.331001,1,0,-0.00161394341902032
3311,0.331051,0.331101,1,0,-0.00161394341902032
3312,0.331151,0.331201,1,0,-0.00161394341902032
3313,0.331251,0.331301,1,0,-0.00161394341902032
3314,0.331351,0.331401,1,0,-0.00161394341902032
3315,0.331451,0.331501,1,0,-0.00161394341902032
3316,0.331551,0.331601,1,0,-0.00161394341902032
3317,0.331651,0.331701,1,0,-0.00161394341902032
3318,0.331751,0.331801,1,0,-0.00161394341902032
3319,0.331851,0.331901,1,0,-0.00161394341902032
3320,0.331951,0.332001,1,0,-0.00179325468131912
3321,0.332051,0.332101,1,0,-0.00179325468131912
3322,0.332151,0.332201,1,0,-0.00179325468131912
3323,0.332251,0.332301,1,0,-0.00179325468131912
3324,0.332351,0.332401,1,0,-0.00179325468131912
3325,0.332451,0.332501,1,0,-0.00179325468131912
3326,0.332551,0.332601,1,0,-0.00179325468131912
3327,0.332651,0.332701,1,0,-0.00179325468131912
3328,0.332751,0.332801,1,0,-0.00179325468131912
3329,0.332851,0.332901,1,0,-0.00179325468131912
3330,0.332951,0.333001,1,0,-0.00185657662112957
3331,0.333051,0.333101,1,0,-0.00185657662112957
3332,0.333151,0.333201,1,0,-0.00185657662112957
3333,0.333251,0.333301,1,0,-0.00185657662112957
3334,0.333351,0.333401,1,0,-0.00185657662112957
3335,0.333451,0.333501,1,0,-0.00185657662112957
3336,0.333551,0.333601,1,0,-0.00185657662112957
3337,0.333651,0.333701,1,0,-0.00185657662112957
3338,0.333751,0.333801,1,0,-0.00185657662112957
3339,0.333851,0.333901,1,0,-0.00185657662112957
3340,0.333951,0.334001,1,0,-0.00195341451302515
3341,0.334051,0.334101,1,0,-0.00195341451302515
3342,0.334151,0.334201,1,0,-0.00195341451302515
3343,0.334251,0.334301,1,0,-0.00195341451302515
3344,0.334351,0.334401,1,0,-0.00195341451302515
3345,0.334451,0.334501,1,0,-0.00195341451302515
3346,0.334551,0.334601,1,0,-0.00195341451302515
3347,0.334651,0.334701,1,0,-0.00195341451302515
3348,0.334751,0.334801,1,0,-0.00195341451302515
3349,0.334851,0.334901,1,0,-0.00195341451302515
3350,0.334951,0.335001,1,0,-0.00212269875714456
3351,0.335051,0.335101,1,0,-0.00212269875714456
3352,0.335151,0.335201,1,0,-0.00212269875714456
3353,0.335251,0.335301,1,0,-0.00212269875714456
3354,0.335351,0.335401,1,0,-0.00212269875714456
3355,0.335451,0.335501,1,0,-0.00212269875714456
3356,0.335551,0.335601,1,0,-0.00212269875714456
3357,0.335651,0.335701,1,0,-0.00212269875714456
3358,0.335751,0.335801,1,0,-0.00212269875714456
3359,0.335851,0.335901,1,0,-0.00212269875714456
3360,0.335951,0.336001,1,0,-0.0020377046285206
3361,0.336051,0.336101,1,0,-0.0020377046285206
3362,0.336151,0.336201,1,0,-0.0020377046285206
3363,0.336251,0.336301,1,0,-0.0020377046285206
3364,0.336351,0.336401,1,0,-0.0020377046285206
3365,0.336451,0.336501,1,0,-0.0020377046285206
3366,0.336551,0.336601,1,0,-0.0020377046285206
3367,0.336651,0.336701,1,0,-0.0020377046285206
3368,0.336751,0.336801,1,0,-0.0020377046285206
3369,0.336851,0.336901,1,0,-0.0020377046285206
3370,0.336951,0.337001,1,0,-0.00199994068653623
3371,0.337051,0.337101,1,0,-0.00199994068653623
3372,0.337151,0.337201,1,0,-0.00199994068653623
3373,0.337251,0.337301,1,0,-0.00199994068653623
3374,0.337351,0.337401,1,0,-0.00199994068653623
3375,0.337451,0.337501,1,0,-0.00199994068653623
3376,0.337551,0.337601,1,0,-0.00199994068653623
3377,0.337651,0.337701,1,0,-0.00199994068653623
3378,0.337751,0.337801,1,0,-0.00199994068653623
3379,0.337851,0.337901,1,0,-0.00199994068653623
3380,0.337951,0.338001,1,0,-0.00193573687113936
3381,0.338051,0.338101,1,0,-0.00193573687113936
3382,0.338151,0.338201,1,0,-0.00193573687113936
3383,0.338251,0.338301,1,0,-0.00193573687113936
3384,0.338351,0.338401,1,0,-0.00193573687113936
3385,0.338451,0.338501,1,0,-0.00193573687113936
3386,0.338551,0.338601,1,0,-0.00193573687113936
3387,0.338651,0.338701,1,0,-0.00193573687113936
3388,0.338751,0.338801,1,0,-0.00193573687113936
3389,0.338851,0.338901,1,0,-0.00193573687113936
3390,0.338951,0.339001,1,0,-0.00195137591946566
3391,0.339051,0.339101,1,0,-0.00195137591946566
3392,0.339151,0.339201,1,0,-0.00195137591946566
3393,0.339251,0.339301,1,0,-0.00195137591946566
3394,0.339351,0.339401,1,0,-0.00195137591946566
3395,0.339451,0.339501,1,0,-0.00195137591946566
3396,0.339551,0.339601,1,0,-0.00195137591946566
3397,0.339651,0.339701,1,0,-0.00195137591946566
3398,0.339751,0.339801,1,0,-0.00195137591946566
3399,0.339851,0.339901,1,0,-0.00195137591946566
3400,0.339951,0.340001,1,0,-0.00196119306033499
3401,0.340051,0.340101,1,0,-0.00196119306033499
3402,0.340151,0.340201,1,0,-0.00196119306033499
3403,0.340251,0.340301,1,0,-0.00196119306033499
3404,0.340351,0.340401,1,0,-0.00196119306033499
3405,0.340451,0.340501,1,0,-0.00196119306033499
3406,0.340551,0.340601,1,0,-0.00196119306033499
3407,0.340651,0.340701,1,0,-0.00196119306033499
3408,0.340751,0.340801,1,0,-0.00196119306033499
3409,0.340851,0.340901,1,0,-0.00196119306033499
3410,0.340951,0.341001,1,0,-0.0019743186995234
3411,0.341051,0.341101,1,0,-0.0019743186995234
3412,0.341151,0.341201,1,0,-0.0019743186995234
3413,0.341251,0.341301,1,0,-0.0019743186995234
3414,0.341351,0.341401,1,0,-0.0019743186995234
3415,0.341451,0.341501,1,0,-0.0019743186995234
3416,0.341551,0.341601,1,0,-0.0019743186995234
3417,0.341651,0.341701,1,0,-0.0019743186995234
3418,0.341751,0.341801,1,0,-0.0019743186995234
3419,0.341851,0.341901,1,0,-0.0019743186995234
3420,0.341951,0.342001,1,0,-0.00190734351544562
3421,0.342051,0.342101,1,0,-0.00190734351544562
3422,0.342151,0.342201,1,0,-0.00190734351544562
3423,0.342251,0.342301,1,0,-0.00190734351544562
3424,0.342351,0.342401,1,0,-0.00190734351544562
3425,0.342451,0.342501,1,0,-0.00190734351544562
3426,0.342551,0.342601,1,0,-0.00190734351544562
3427,0.342651,0.342701,1,0,-0.00190734351544562
3428,0.342751,0.342801,1,0,-0.00190734351544562
3429,0.342851,0.342901,1,0,-0.00190734351544562
3430,0.342951,0.343001,1,0,-0.00188588656695723
3431,0.343051,0.343101,1,0,-0.00188588656695723
3432,0.343151,0.343201,1,0,-0.00188588656695723
3433,0.343251,0.343301,1,0,-0.00188588656695723
3434,0.343351,0.343401,1,0,-0.00188588656695723
3435,0.343451,0.343501,1,0,-0.00188588656695723
3436,0.343551,0.343601,1,0,-0.00188588656695723
3437,0.343651,0.343701,1,0,-0.00188588656695723
3438,0.343751,0.343801,1,0,-0.00188588656695723
3439,0.343851,0.343901,1,0,-0.00188588656695723
3440,0.343951,0.344001,1,0,-0.00189090052336764
3441,0.344051,0.344101,1,0,-0.00189090052336764
3442,0.344151,0.344201,1,0,-0.00189090052336764
3443,0.344251,0.344301,1,0,-0.00189090052336764
3444,0.344351,0.344401,1,0,-0.00189090052336764
3445,0.344451,0.344501,1,0,-0.00189090052336764
3446,0.344551,0.344601,1,0,-0.00189090052336764
3447,0.344651,0.344701,1,0,-0.00189090052336764
3448,0.344751,0.344801,1,0,-0.00189090052336764
3449,0.344851,0.344901,1,0,-0.00189090052336764
3450,0.344951,0.345001,1,0,-0.00195535823466288
3451,0.345051,0.345101,1,0,-0.00195535823466288
3452,0.345151,0.345201,1,0,-0.00195535823466288
3453,0.345251,0.345301,1,0,-0.00195535823466288
3454,0.345351,0.345401,1,0,-0.00195535823466288
3455,0.345451,0.345501,1,0,-0.00195535823466288
3456,0.345551,0.345601,1,0,-0.00195535823466288
3457,0.345651,0.345701,1,0,-0.00195535823466288
3458,0.345751,0.345801,1,0,-0.00195535823466288
3459,0.345851,0.345901,1,0,-0.00195535823466288
3460,0.345951,0.346001,1,0,-0.00191273107693626
3461,0.346051,0.346101,1,0,-0.00191273107693626
3462,0.346151,0.346201,1,0,-0.00191273107693626
3463,0.346251,0.346301,1,0,-0.00191273107693626
3464,0.346351,0.346401,1,0,-0.00191273107693626
3465,0.346451,0.346501,1,0,-0.00191273107693626
3466,0.346551,0.346601,1,0,-0.00191273107693626
3467,0.346651,0.346701,1,0,-0.00191273107693626
3468,0.346751,0.346801,1,0,-0.00191273107693626
3469,0.346851,0.346901,1,0,-0.00191273107693626
3470,0.346951,0.347001,1,0,-0.00199434367204156
3471,0.347051,0.347101,1,0,-0.00199434367204156
3472,0.347151,0.347201,1,0,-0.00199434367204156
3473,0.347251,0.347301,1,0,-0.00199434367204156
3474,0.347351,0.347401,1,0,-0.00199434367204156
3475,0.347451,0.347501,1,0,-0.00199434367204156
3476,0.347551,0.347601,1,0,-0.00199434367204156
3477,0.347651,0.347701,1,0,-0.00199434367204156
3478,0.347751,0.347801,1,0,-0.00199434367204156
3479,0.347851,0.347901,1,0,-0.00199434367204156
3480,0.347951,0.348001,1,0,-0.00198349810444241
3481,0.348051,0.348101,1,0,-0.00198349810444241
3482,0.348151,0.348201,1,0,-0.00198349810444241
3483,0.348251,0.348301,1,0,-0.00198349810444241
3484,0.348351,0.348401,1,0,-0.00198349810444241
3485,0.348451,0.348501,1,0,-0.00198349810444241
3486,0.348551,0.348601,1,0,-0.00198349810444241
3487,0.348651,0.348701,1,0,-0.00198349810444241
3488,0.348751,0.348801,1,0,-0.00198349810444241
3489,0.348851,0.348901,1,0,-0.00198349810444241
3490,0.348951,0.349001,1,0,-0.00203525404536391
3491,0.349051,0.349101,1,0,-0.00203525404536391
3492,0.349151,0.349201,1,0,-0.00203525404536391
3493,0.349251,0.349301,1,0,-0.00203525404536391
3494,0.349351,0.349401,1,0,-0.00203525404536391
3495,0.349451,0.349501,1,0,-0.00203525404536391
3496,0.349551,0.349601,1,0,-0.00203525404536391
3497,0.349651,0.349701,1,0,-0.00203525404536391
3498,0.349751,0.349801,1,0,-0.00203525404536391
3499,0.349851,0.349901,1,0,-0.00203525404536391
3500,0.349951,0.350001,1,0,-0.00200172021945813
3501,0.350051,0.350101,1,0,-0.00200172021945813
3502,0.350151,0.350201,1,0,-0.00200172021945813
3503,0.350251,0.350301,1,0,-0.00200172021945813
3504,0.350351,0.350401,1,0,-0.00200172021945813
3505,0.350451,0.350501,1,0,-0.00200172021945813
3506,0.350551,0.350601,1,0,-0.00200172021945813
3507,0.350651,0.350701,1,0,-0.00200172021945813
3508,0.350751,0.350801,1,0,-0.00200172021945813
3509,0.350851,0.350901,1,0,-0.00200172021945813
3510,0.350951,0.351001,1,0,-0.00195165699559827
3511,0.351051,0.351101,1,0,-0.00195165699559827
3512,0.351151,0.351201,1,0,-0.00195165699559827
3513,0.351251,0.351301,1,0,-0.00195165699559827
3514,0.351351,0.351401,1,0,-0.00195165699559827
3515,0.351451,0.351501,1,0,-0.00195165699559827
3516,0.351551,0.351601,1,0,-0.00195165699559827
3517,0.351651,0.351701,1,0,-0.00195165699559827
3518,0.351751,0.351801,1,0,-0.00195165699559827
3519,0.351851,0.351901,1,0,-0.00195165699559827
3520,0.351951,0.352001,1,0,-0.00199424396601633
3521,0.352051,0.352101,1,0,-0.00199424396601633
3522,0.352151,0.352201,1,0,-0.00199424396601633
3523,0.352251,0.352301,1,0,-0.00199424396601633
3524,0.352351,0.352401,1,0,-0.00199424396601633
3525,0.352451,0.352501,1,0,-0.00199424396601633
3526,0.352551,0.352601,1,0,-0.00199424396601633
3527,0.352651,0.352701,1,0,-0.00199424396601633
3528,0.352751,0.352801,1,0,-0.00199424396601633
3529,0.352851,0.352901,1,0,-0.00199424396601633
3530,0.352951,0.353001,1,0,-0.00200190587552474
3531,0.353051,0.353101,1,0,-0.00200190587552474
3532,0.353151,0.353201,1,0,-0.00200190587552474
3533,0.353251,0.353301,1,0,-0.00200190587552474
3534,0.353351,0.353401,1,0,-0.00200190587552474
3535,0.353451,0.353501,1,0,-0.00200190587552474
3536,0.353551,0.353601,1,0,-0.00200190587552474
3537,0.353651,0.353701,1,0,-0.00200190587552474
3538,0.353751,0.353801,1,0,-0.00200190587552474
3539,0.353851,0.353901,1,0,-0.00200190587552474
3540,0.353951,0.354001,1,0,-0.00202037024840138
3541,0.354051,0.354101,1,0,-0.00202037024840138
3542,0.354151,0.354201,1,0,-0.00202037024840138
3543,0.354251,0.354301,1,0,-0.00202037024840138
3544,0.354351,0.354401,1,0,-0.00202037024840138
3545,0.354451,0.354501,1,0,-0.00202037024840138
3546,0.354551,0.354601,1,0,-0.00202037024840138
3547,0.354651,0.354701,1,0,-0.00202037024840138
3548,0.354751,0.354801,1,0,-0.00202037024840138
3549,0.354851,0.354901,1,0,-0.00202037024840138
3550,0.354951,0.355001,1,0,-0.00203833205042834
3551,0.355051,0.355101,1,0,-0.00203833205042834
3552,0.355151,0.355201,1,0,-0.00203833205042834
3553,0.355251,0.355301,1,0,-0.00203833205042834
3554,0.355351,0.355401,1,0,-0.00203833205042834
3555,0.355451,0.355501,1,0,-0.00203833205042834
3556,0.355551,0.355601,1,0,-0.00203833205042834
3557,0.355651,0.355701,1,0,-0.00203833205042834
3558,0.355751,0.355801,1,0,-0.00203833205042834
3559,0.355851,0.355901,1,0,-0.00203833205042834
3560,0.355951,0.356001,1,0,-0.00198021587578265
3561,0.356051,0.356101,1,0,-0.00198021587578265
3562,0.356151,0.356201,1,0,-0.00198021587578265
3563,0.356251,0.356301,1,0,-0.00198021587578265
3564,0.356351,0.356401,1,0,-0.00198021587578265
3565,0.356451,0.356501,1,0,-0.00198021587578265
3566,0.356551,0.356601,1,0,-0.00198021587578265
3567,0.356651,0.356701,1,0,-0.00198021587578265
3568,0.356751,0.356801,1,0,-0.00198021587578265
3569,0.356851,0.356901,1,0,-0.00198021587578265
3570,0.356951,0.357001,1,0,-0.00194969287917707
3571,0.357051,0.357101,1,0,-0.00194969287917707
3572,0.357151,0.357201,1,0,-0.00194969287917707
3573,0.357251,0.357301,1,0,-0.00194969287917707
3574,0.357351,0.357401,1,0,-0.00194969287917707
3575,0.357451,0.357501,1,0,-0.00194969287917707
3576,0.357551,0.357601,1,0,-0.00194969287917707
3577,0.357651,0.357701,1,0,-0.00194969287917707
3578,0.357751,0.357801,1,0,-0.00194969287917707
3579,0.357851,0.357901,1,0,-0.00194969287917707
3580,0.357951,0.358001,1,0,-0.00198250231821526
3581,0.358051,0.358101,1,0,-0.00198250231821526
3582,0.358151,0.358201,1,0,-0.00198250231821526
3583,0.358251,0.358301,1,0,-0.00198250231821526
3584,0.358351,0.358401,1,0,-0.00198250231821526
3585,0.358451,0.358501,1,0,-0.00198250231821526
3586,0.358551,0.358601,1,0,-0.00198250231821526
3587,0.358651,0.358701,1,0,-0.00198250231821526
3588,0.358751,0.358801,1,0,-0.00198250231821526
3589,0.358851,0.358901,1,0,-0.00198250231821526
3590,0.358951,0.359001,1,0,-0.00202920715268758
3591,0.359051,0.359101,1,0,-0.00202920715268758
3592,0.359151,0.359201,1,0,-0.00202920715268758
3593,0.359251,0.359301,1,0,-0.00202920715268758
3594,0.359351,0.359401,1,0,-0.00202920715268758
3595,0.359451,0.359501,1,0,-0.00202920715268758
3596,0.359551,0.359601,1,0,-0.00202920715268758
3597,0.359651,0.359701,1,0,-0.00202920715268758
3598,0.359751,0.359801,1,0,-0.00202920715268758
3599,0.359851,0.359901,1,0,-0.00202920715268758
3600,0.359951,0.360001,1,0,-0.00203834118096353
3601,0.360051,0.360101,1,0,-0.00203834118096353
3602,0.360151,0.360201,1,0,-0.00203834118096353
3603,0.360251,0.360301,1,0,-0.00203834118096353
3604,0.360351,0.360401,1,0,-0.00203834118096353
3605,0.360451,0.360501,1,0,-0.00203834118096353
3606,0.360551,0.360601,1,0,-0.00203834118096353
3607,0.360651,0.360701,1,0,-0.00203834118096353
3608,0.360751,0.360801,1,0,-0.00203834118096353
3609,0.360851,0.360901,1,0,-0.00203834118096353
3610,0.360951,0.361001,1,0,-0.00204368509772111
3611,0.361051,0.361101,1,0,-0.00204368509772111
3612,0.361151,0.361201,1,0,-0.00204368509772111
3613,0.361251,0.361301,1,0,-0.00204368509772111
3614,0.361351,0.361401,1,0,-0.00204368509772111
3615,0.361451,0.361501,1,0,-0.00204368509772111
3616,0.361551,0.361601,1,0,-0.00204368509772111
3617,0.361651,0.361701,1,0,-0.00204368509772111
3618,0.361751,0.361801,1,0,-0.00204368509772111
3619,0.361851,0.361901,1,0,-0.00204368509772111
3620,0.361951,0.362001,1,0,-0.00196139269235944
3621,0.362051,0.362101,1,0,-0.00196139269235944
3622,0.362151,0.362201,1,0,-0.00196139269235944
3623,0.362251,0.362301,1,0,-0.00196139269235944
3624,0.362351,0.362401,1,0,-0.00196139269235944
3625,0.362451,0.362501,1,0,-0.00196139269235944
3626,0.362551,0.362601,1,0,-0.00196139269235944
3627,0.362651,0.362701,1,0,-0.00196139269235944
3628,0.362751,0.362801,1,0,-0.00196139269235944
3629,0.362851,0.362901,1,0,-0.00196139269235944
3630,0.362951,0.363001,1,0,-0.00211388789070947
3631,0.363051,0.363101,1,0,-0.00211388789070947
3632,0.363151,0.363201,1,0,-0.00211388789070947
3633,0.363251,0.363301,1,0,-0.00211388789070947
3634,0.363351,0.363401,1,0,-0.00211388789070947
3635,0.363451,0.363501,1,0,-0.00211388789070947
3636,0.363551,0.363601,1,0,-0.00211388789070947
3637,0.363651,0.363701,1,0,-0.00211388789070947
3638,0.363751,0.363801,1,0,-0.00211388789070947
3639,0.363851,0.363901,1,0,-0.00211388789070947
3640,0.363951,0.364001,1,0,-0.00217346801003799
3641,0.364051,0.364101,1,0,-0.00217346801003799
3642,0.364151,0.364201,1,0,-0.00217346801003799
3643,0.364251,0.364301,1,0,-0.00217346801003799
3644,0.364351,0.364401,1,0,-0.00217346801003799
3645,0.364451,0.364501,1,0,-0.00217346801003799
3646,0.364551,0.364601,1,0,-0.00217346801003799
3647,0.364651,0.364701,1,0,-0.00217346801003799
3648,0.364751,0.364801,1,0,-0.00217346801003799
3649,0.364851,0.364901,1,0,-0.00217346801003799
3650,0.364951,0.365001,1,0,-0.00227871203788319
3651,0.365051,0.365101,1,0,-0.00227871203788319
3652,0.365151,0.365201,1,0,-0.00227871203788319
3653,0.365251,0.365301,1,0,-0.00227871203788319
3654,0.365351,0.365401,1,0,-0.00227871203788319
3655,0.365451,0.365501,1,0,-0.00227871203788319
3656,0.365551,0.365601,1,0,-0.00227871203788319
3657,0.365651,0.365701,1,0,-0.00227871203788319
3658,0.365751,0.365801,1,0,-0.00227871203788319
3659,0.365851,0.365901,1,0,-0.00227871203788319
3660,0.365951,0.366001,1,0,-0.00230547252586956
3661,0.366051,0.366101,1,0,-0.00230547252586956
3662,0.366151,0.366201,1,0,-0.00230547252586956
3663,0.366251,0.366301,1,0,-0.00230547252586956
3664,0.366351,0.366401,1,0,-0.00230547252586956
3665,0.366451,0.366501,1,0,-0.00230547252586956
3666,0.366551,0.366601,1,0,-0.00230547252586956
3667,0.366651,0.366701,1,0,-0.00230547252586956
3668,0.366751,0.366801,1,0,-0.00230547252586956
3669,0.366851,0.366901,1,0,-0.00230547252586956
3670,0.366951,0.367001,1,0,-0.00226503149089042
3671,0.367051,0.367101,1,0,-0.00226503149089042
3672,0.367151,0.367201,1,0,-0.00226503149089042
3673,0.367251,0.367301,1,0,-0.00226503149089042
3674,0.367351,0.367401,1,0,-0.00226503149089042
3675,0.367451,0.367501,1,0,-0.00226503149089042
3676,0.367551,0.367601,1,0,-0.00226503149089042
3677,0.367651,0.367701,1,0,-0.00226503149089042
3678,0.367751,0.367801,1,0,-0.00226503149089042
3679,0.367851,0.367901,1,0,-0.00226503149089042
3680,0.367951,0.368001,1,0,-0.00219996966552451
3681,0.368051,0.368101,1,0,-0.00219996966552451
3682,0.368151,0.368201,1,0,-0.00219996966552451
3683,0.368251,0.368301,1,0,-0.00219996966552451
3684,0.368351,0.368401,1,0,-0.00219996966552451
3685,0.368451,0.368501,1,0,-0.00219996966552451
3686,0.368551,0.368601,1,0,-0.00219996966552451
3687,0.368651,0.368701,1,0,-0.00219996966552451
3688,0.368751,0.368801,1,0,-0.00219996966552451
3689,0.368851,0.368901,1,0,-0.00219996966552451
3690,0.368951,0.369001,1,0,-0.00210847487083335
3691,0.369051,0.369101,1,0,-0.00210847487083335
3692,0.369151,0.369201,1,0,-0.00210847487083335
3693,0.369251,0.369301,1,0,-0.00210847487083335
3694,0.369351,0.369401,1,0,-0.00210847487083335
3695,0.369451,0.369501,1,0,-0.00210847487083335
3696,0.369551,0.369601,1,0,-0.00210847487083335
3697,0.369651,0.369701,1,0,-0.00210847487083335
3698,0.369751,0.369801,1,0,-0.00210847487083335
3699,0.369851,0.369901,1,0,-0.00210847487083335
3700,0.369951,0.370001,1,0,-0.00209661909324354
3701,0.370051,0.370101,1,0,-0.00209661909324354
3702,0.370151,0.370201,1,0,-0.00209661909324354
3703,0.370251,0.370301,1,0,-0.00209661909324354
3704,0.370351,0.370401,1,0,-0.00209661909324354
3705,0.370451,0.370501,1,0,-0.00209661909324354
3706,0.370551,0.370601,1,0,-0.00209661909324354
3707,0.370651,0.370701,1,0,-0.00209661909324354
3708,0.370751,0.370801,1,0,-0.00209661909324354
3709,0.370851,0.370901,1,0,-0.00209661909324354
3710,0.370951,0.371001,1,0,-0.00205950666852686
3711,0.371051,0.371101,1,0,-0.00205950666852686
3712,0.371151,0.371201,1,0,-0.00205950666852686
3713,0.371251,0.371301,1,0,-0.00205950666852686
3714,0.371351,0.371401,1,0,-0.00205950666852686
3715,0.371451,0.371501,1,0,-0.00205950666852686
3716,0.371551,0.371601,1,0,-0.00205950666852686
3717,0.371651,0.371701,1,0,-0.00205950666852686
3718,0.371751,0.371801,1,0,-0.00205950666852686
3719,0.371851,0.371901,1,0,-0.00205950666852686
3720,0.371951,0.372001,1,0,-0.00204706512989271
3721,0.372051,0.372101,1,0,-0.00204706512989271
3722,0.372151,0.372201,1,0,-0.00204706512989271
3723,0.372251,0.372301,1,0,-0.00204706512989271
3724,0.372351,0.372401,1,0,-0.00204706512989271
3725,0.372451,0.372501,1,0,-0.00204706512989271
3726,0.372551,0.372601,1,0,-0.00204706512989271
3727,0.372651,0.372701,1,0,-0.00204706512989271
3728,0.372751,0.372801,1,0,-0.00204706512989271
3729,0.372851,0.372901,1,0,-0.00204706512989271
3730,0.372951,0.373001,1,0,-0.00202831489459531
3731,0.373051,0.373101,1,0,-0.00202831489459531
3732,0.373151,0.373201,1,0,-0.00202831489459531
3733,0.373251,0.373301,1,0,-0.00202831489459531
3734,0.373351,0.373401,1,0,-0.00202831489459531
3735,0.373451,0.373501,1,0,-0.00202831489459531
3736,0.373551,0.373601,1,0,-0.00202831489459531
3737,0.373651,0.373701,1,0,-0.00202831489459531
3738,0.373751,0.373801,1,0,-0.00202831489459531
3739,0.373851,0.373901,1,0,-0.00202831489459531
3740,0.373951,0.374001,1,0,-0.00202989797128342
3741,0.374051,0.374101,1,0,-0.00202989797128342
3742,0.374151,0.374201,1,0,-0.00202989797128342
3743,0.374251,0.374301,1,0,-0.00202989797128342
3744,0.374351,0.374401,1,0,-0.00202989797128342
3745,0.374451,0.374501,1,0,-0.00202989797128342
3746,0.374551,0.374601,1,0,-0.00202989797128342
3747,0.374651,0.374701,1,0,-0.00202989797128342
3748,0.374751,0.374801,1,0,-0.00202989797128342
3749,0.374851,0.374901,1,0,-0.00202989797128342
3750,0.374951,0.375001,1,0,-0.00201161860914923
3751,0.375051,0.375101,1,0,-0.00201161860914923
3752,0.375151,0.375201,1,0,-0.00201161860914923
3753,0.375251,0.375301,1,0,-0.00201161860914923
3754,0.375351,0.375401,1,0,-0.00201161860914923
3755,0.375451,0.375501,1,0,-0.00201161860914923
3756,0.375551,0.375601,1,0,-0.00201161860914923
3757,0.375651,0.375701,1,0,-0.00201161860914923
3758,0.375751,0.375801,1,0,-0.00201161860914923
3759,0.375851,0.375901,1,0,-0.00201161860914923
3760,0.375951,0.376001,1,0,-0.0019961800134906
3761,0.376051,0.376101,1,0,-0.0019961800134906
3762,0.376151,0.376201,1,0,-0.0019961800134906
3763,0.376251,0.376301,1,0,-0.0019961800134906
3764,0.376351,0.376401,1,0,-0.0019961800134906
3765,0.376451,0.376501,1,0,-0.0019961800134906
3766,0.376551,0.376601,1,0,-0.0019961800134906
3767,0.376651,0.376701,1,0,-0.0019961800134906
3768,0.376751,0.376801,1,0,-0.0019961800134906
3769,0.376851,0.376901,1,0,-0.0019961800134906
3770,0.376951,0.377001,1,0,-0.00205481670616673
3771,0.377051,0.377101,1,0,-0.00205481670616673
3772,0.377151,0.377201,1,0,-0.00205481670616673
3773,0.377251,0.377301,1,0,-0.00205481670616673
3774,0.377351,0.377401,1,0,-0.00205481670616673
3775,0.377451,0.377501,1,0,-0.00205481670616673
3776,0.377551,0.377601,1,0,-0.00205481670616673
3777,0.377651,0.377701,1,0,-0.00205481670616673
3778,0.377751,0.377801,1,0,-0.00205481670616673
3779,0.377851,0.377901,1,0,-0.00205481670616673
3780,0.377951,0.378001,1,0,-0.00204835465425468
3781,0.378051,0.378101,1,0,-0.00204835465425468
3782,0.378151,0.378201,1,0,-0.00204835465425468
3783,0.378251,0.378301,1,0,-0.00204835465425468
3784,0.378351,0.378401,1,0,-0.00204835465425468
3785,0.378451,0.378501,1,0,-0.00204835465425468
3786,0.378551,0.378601,1,0,-0.00204835465425468
3787,0.378651,0.378701,1,0,-0.00204835465425468
3788,0.378751,0.378801,1,0,-0.00204835465425468
3789,0.378851,0.378901,1,0,-0.00204835465425468
3790,0.378951,0.379001,1,0,-0.00208180346880379
3791,0.379051,0.379101,1,0,-0.00208180346880379
3792,0.379151,0.379201,1,0,-0.00208180346880379
3793,0.379251,0.379301,1,0,-0.00208180346880379
3794,0.379351,0.379401,1,0,-0.00208180346880379
3795,0.379451,0.379501,1,0,-0.00208180346880379
3796,0.379551,0.379601,1,0,-0.00208180346880379
3797,0.379651,0.379701,1,0,-0.00208180346880379
3798,0.379751,0.379801,1,0,-0.00208180346880379
3799,0.379851,0.379901,1,0,-0.00208180346880379
3800,0.379951,0.380001,1,0,-0.00203063191286984
3801,0.380051,0.380101,1,0,-0.00203063191286984
3802,0.380151,0.380201,1,0,-0.00203063191286984
3803,0.380251,0.380301,1,0,-0.00203063191286984
3804,0.380351,0.380401,1,0,-0.00203063191286984
3805,0.380451,0.380501,1,0,-0.00203063191286984
3806,0.380551,0.380601,1,0,-0.00203063191286984
3807,0.380651,0.380701,1,0,-0.00203063191286984
3808,0.380751,0.380801,1,0,-0.00203063191286984
3809,0.380851,0.380901,1,0,-0.00203063191286984
3810,0.380951,0.381001,1,0,-0.00206588333684484
3811,0.381051,0.381101,1,0,-0.00206588333684484
3812,0.381151,0.381201,1,0,-0.00206588333684484
3813,0.381251,0.381301,1,0,-0.00206588333684484
3814,0.381351,0.381401,1,0,-0.00206588333684484
3815,0.381451,0.381501,1,0,-0.00206588333684484
3816,0.381551,0.381601,1,0,-0.00206588333684484
3817,0.381651,0.381701,1,0,-0.00206588333684484
3818,0.381751,0.381801,1,0,-0.00206588333684484
3819,0.381851,0.381901,1,0,-0.00206588333684484
3820,0.381951,0.382001,1,0,-0.0020057324494736
3821,0.382051,0.382101,1,0,-0.0020057324494736
3822,0.382151,0.382201,1,0,-0.0020057324494736
3823,0.382251,0.382301,1,0,-0.0020057324494736
3824,0.382351,0.382401,1,0,-0.0020057324494736
3825,0.382451,0.382501,1,0,-0.0020057324494736
3826,0.382551,0.382601,1,0,-0.0020057324494736
3827,0.382651,0.382701,1,0,-0.0020057324494736
3828,0.382751,0.382801,1,0,-0.0020057324494736
3829,0.382851,0.382901,1,0,-0.0020057324494736
3830,0.382951,0.383001,1,0,-0.00204951931584775
3831,0.383051,0.383101,1,0,-0.00204951931584775
3832,0.383151,0.383201,1,0,-0.00204951931584775
3833,0.383251,0.383301,1,0,-0.00204951931584775
3834,0.383351,0.383401,1,0,-0.00204951931584775
3835,0.383451,0.383501,1,0,-0.00204951931584775
3836,0.383551,0.383601,1,0,-0.00204951931584775
3837,0.383651,0.383701,1,0,-0.00204951931584775
3838,0.383751,0.383801,1,0,-0.00204951931584775
3839,0.383851,0.383901,1,0,-0.00204951931584775
3840,0.383951,0.384001,1,0,-0.0020208314846292
3841,0.384051,0.384101,1,0,-0.0020208314846292
3842,0.384151,0.384201,1,0,-0.0020208314846292
3843,0.384251,0.384301,1,0,-0.0020208314846292
3844,0.384351,0.384401,1,0,-0.0020208314846292
3845,0.384451,0.384501,1,0,-0.0020208314846292
3846,0.384551,0.384601,1,0,-0.0020208314846292
3847,0.384651,0.384701,1,0,-0.0020208314846292
3848,0.384751,0.384801,1,0,-0.0020208314846292
3849,0.384851,0.384901,1,0,-0.0020208314846292
3850,0.384951,0.385001,1,0,-0.00198361981750579
3851,0.385051,0.385101,1,0,-0.00198361981750579
3852,0.385151,0.385201,1,0,-0.00198361981750579
3853,0.385251,0.385301,1,0,-0.00198361981750579
3854,0.385351,0.385401,1,0,-0.00198361981750579
3855,0.385451,0.385501,1,0,-0.00198361981750579
3856,0.385551,0.385601,1,0,-0.00198361981750579
3857,0.385651,0.385701,1,0,-0.00198361981750579
3858,0.385751,0.385801,1,0,-0.00198361981750579
3859,0.385851,0.385901,1,0,-0.00198361981750579
3860,0.385951,0.386001,1,0,-0.00199317210204668
3861,0.386051,0.386101,1,0,-0.00199317210204668
3862,0.386151,0.386201,1,0,-0.00199317210204668
3863,0.386251,0.386301,1,0,-0.00199317210204668
3864,0.386351,0.386401,1,0,-0.00199317210204668
3865,0.386451,0.386501,1,0,-0.00199317210204668
3866,0.386551,0.386601,1,0,-0.00199317210204668
3867,0.386651,0.386701,1,0,-0.00199317210204668
3868,0.386751,0.386801,1,0,-0.00199317210204668
3869,0.386851,0.386901,1,0,-0.00199317210204668
3870,0.386951,0.387001,1,0,-0.00199158805133444
3871,0.387051,0.387101,1,0,-0.00199158805133444
3872,0.387151,0.387201,1,0,-0.00199158805133444
3873,0.387251,0.387301,1,0,-0.00199158805133444
3874,0.387351,0.387401,1,0,-0.00199158805133444
3875,0.387451,0.387501,1,0,-0.00199158805133444
3876,0.387551,0.387601,1,0,-0.00199158805133444
3877,0.387651,0.387701,1,0,-0.00199158805133444
3878,0.387751,0.387801,1,0,-0.00199158805133444
3879,0.387851,0.387901,1,0,-0.00199158805133444
3880,0.387951,0.388001,1,0,-0.00204551050417621
3881,0.388051,0.388101,1,0,-0.00204551050417621
3882,0.388151,0.388201,1,0,-0.00204551050417621
3883,0.388251,0.388301,1,0,-0.00204551050417621
3884,0.388351,0.388401,1,0,-0.00204551050417621
3885,0.388451,0.388501,1,0,-0.00204551050417621
3886,0.388551,0.388601,1,0,-0.00204551050417621
3887,0.388651,0.388701,1,0,-0.00204551050417621
3888,0.388751,0.388801,1,0,-0.00204551050417621
3889,0.388851,0.388901,1,0,-0.00204551050417621
3890,0.388951,0.389001,1,0,-0.00203488450427082
3891,0.389051,0.389101,1,0,-0.00203488450427082
3892,0.389151,0.389201,1,0,-0.00203488450427082
3893,0.389251,0.389301,1,0,-0.00203488450427082
3894,0.389351,0.389401,1,0,-0.00203488450427082
3895,0.389451,0.389501,1,0,-0.00203488450427082
3896,0.389551,0.389601,1,0,-0.00203488450427082
3897,0.389651,0.389701,1,0,-0.00203488450427082
3898,0.389751,0.389801,1,0,-0.00203488450427082
3899,0.389851,0.389901,1,0,-0.00203488450427082
3900,0.389951,0.390001,1,0,-0.00204040045332944
3901,0.390051,0.390101,1,0,-0.00204040045332944
3902,0.390151,0.390201,1,0,-0.00204040045332944
3903,0.390251,0.390301,1,0,-0.00204040045332944
3904,0.390351,0.390401,1,0,-0.00204040045332944
3905,0.390451,0.390501,1,0,-0.00204040045332944
3906,0.390551,0.390601,1,0,-0.00204040045332944
3907,0.390651,0.390701,1,0,-0.00204040045332944
3908,0.390751,0.390801,1,0,-0.00204040045332944
3909,0.390851,0.390901,1,0,-0.00204040045332944
3910,0.390951,0.391001,1,0,-0.00203529286241226
3911,0.391051,0.391101,1,0,-0.00203529286241226
3912,0.391151,0.391201,1,0,-0.00203529286241226
3913,0.391251,0.391301,1,0,-0.00203529286241226
3914,0.391351,0.391401,1,0,-0.00203529286241226
3915,0.391451,0.391501,1,0,-0.00203529286241226
3916,0.391551,0.391601,1,0,-0.00203529286241226
3917,0.391651,0.391701,1,0,-0.00203529286241226
3918,0.391751,0.391801,1,0,-0.00203529286241226
3919,0.391851,0.391901,1,0,-0.00203529286241226
3920,0.391951,0.392001,1,0,-0.00202761547920179
3921,0.392051,0.392101,1,0,-0.00202761547920179
3922,0.392151,0.392201,1,0,-0.00202761547920179
3923,0.392251,0.392301,1,0,-0.00202761547920179
3924,0.392351,0.392401,1,0,-0.00202761547920179
3925,0.392451,0.392501,1,0,-0.00202761547920179
3926,0.392551,0.392601,1,0,-0.00202761547920179
3927,0.392651,0.392701,1,0,-0.00202761547920179
3928,0.392751,0.392801,1,0,-0.00202761547920179
3929,0.392851,0.392901,1,0,-0.00202761547920179
3930,0.392951,0.393001,1,0,-0.00210672218806193
3931,0.393051,0.393101,1,0,-0.00210672218806193
3932,0.393151,0.393201,1,0,-0.00210672218806193
3933,0.393251,0.393301,1,0,-0.00210672218806193
3934,0.393351,0.393401,1,0,-0.00210672218806193
3935,0.393451,0.393501,1,0,-0.00210672218806193
3936,0.393551,0.393601,1,0,-0.00210672218806193
3937,0.393651,0.393701,1,0,-0.00210672218806193
3938,0.393751,0.393801,1,0,-0.00210672218806193
3939,0.393851,0.393901,1,0,-0.00210672218806193
3940,0.393951,0.394001,1,0,-0.00218067959700994
3941,0.394051,0.394101,1,0,-0.00218067959700994
3942,0.394151,0.394201,1,0,-0.00218067959700994
3943,0.394251,0.394301,1,0,-0.00218067959700994
3944,0.394351,0.394401,1,0,-0.00218067959700994
3945,0.394451,0.394501,1,0,-0.00218067959700994
3946,0.394551,0.394601,1,0,-0.00218067959700994
3947,0.394651,0.394701,1,0,-0.00218067959700994
3948,0.394751,0.394801,1,0,-0.00218067959700994
3949,0.394851,0.394901,1,0,-0.00218067959700994
3950,0.394951,0.395001,1,0,-0.00225974952199809
3951,0.395051,0.395101,1,0,-0.00225974952199809
3952,0.395151,0.395201,1,0,-0.00225974952199809
3953,0.395251,0.395301,1,0,-0.00225974952199809
3954,0.395351,0.395401,1,0,-0.00225974952199809
3955,0.395451,0.395501,1,0,-0.00225974952199809
3956,0.395551,0.395601,1,0,-0.00225974952199809
3957,0.395651,0.395701,1,0,-0.00225974952199809
3958,0.395751,0.395801,1,0,-0.00225974952199809
3959,0.395851,0.395901,1,0,-0.00225974952199809
3960,0.395951,0.396001,1,0,-0.00236063623970719
3961,0.396051,0.396101,1,0,-0.00236063623970719
3962,0.396151,0.396201,1,0,-0.00236063623970719
3963,0.396251,0.396301,1,0,-0.00236063623970719
3964,0.396351,0.396401,1,0,-0.00236063623970719
3965,0.396451,0.396501,1,0,-0.00236063623970719
3966,0.396551,0.396601,1,0,-0.00236063623970719
3967,0.396651,0.396701,1,0,-0.00236063623970719
3968,0.396751,0.396801,1,0,-0.00236063623970719
3969,0.396851,0.396901,1,0,-0.00236063623970719
3970,0.396951,0.397001,1,0,-0.00225936569261226
3971,0.397051,0.397101,1,0,-0.00225936569261226
3972,0.397151,0.397201,1,0,-0.00225936569261226
3973,0.397251,0.397301,1,0,-0.00225936569261226
3974,0.397351,0.397401,1,0,-0.00225936569261226
3975,0.397451,0.397501,1,0,-0.00225936569261226
3976,0.397551,0.397601,1,0,-0.00225936569261226
3977,0.397651,0.397701,1,0,-0.00225936569261226
3978,0.397751,0.397801,1,0,-0.00225936569261226
3979,0.397851,0.397901,1,0,-0.00225936569261226
3980,0.397951,0.398001,1,0,-0.00222366426889035
3981,0.398051,0.398101,1,0,-0.00222366426889035
3982,0.398151,0.398201,1,0,-0.00222366426889035
3983,0.398251,0.398301,1,0,-0.00222366426889035
3984,0.398351,0.398401,1,0,-0.00222366426889035
3985,0.398451,0.398501,1,0,-0.00222366426889035
3986,0.398551,0.398601,1,0,-0.00222366426889035
3987,0.398651,0.398701,1,0,-0.00222366426889035
3988,0.398751,0.398801,1,0,-0.00222366426889035
3989,0.398851,0.398901,1,0,-0.00222366426889035
3990,0.398951,0.399001,1,0,-0.00213835633842614
3991,0.399051,0.399101,1,0,-0.00213835633842614
3992,0.399151,0.399201,1,0,-0.00213835633842614
3993,0.399251,0.399301,1,0,-0.00213835633842614
3994,0.399351,0.399401,1,0,-0.00213835633842614
3995,0.399451,0.399501,1,0,-0.00213835633842614
3996,0.399551,0.399601,1,0,-0.00213835633842614
3997,0.399651,0.399701,1,0,-0.00213835633842614
3998,0.399751,0.399801,1,0,-0.00213835633842614
3999,0.399851,0.399901,1,0,-0.00213835633842614
4000,0.399951,0.400001,1,0,-0.00209019769825304
4001,0.400051,0.400101,1,0,-0.00209019769825304
4002,0.400151,0.400201,1,0,-0.00209019769825304
4003,0.400251,0.400301,1,0,-0.00209019769825304
4004,0.400351,0.400401,1,0,-0.00209019769825304
4005,0.400451,0.400501,1,0,-0.00209019769825304
4006,0.400551,0.400601,1,0,-0.00209019769825304
4007,0.400651,0.400701,1,0,-0.00209019769825304
4008,0.400751,0.400801,1,0,-0.00209019769825304
4009,0.400851,0.400901,1,0,-0.00209019769825304
4010,0.400951,0.401001,1,0,-0.00126806601124029
4011,0.401051,0.401101,1,0,-0.00126806601124029
4012,0.401151,0.401201,1,0,-0.00126806601124029
4013,0.401251,0.401301,1,0,-0.00126806601124029
4014,0.401351,0.401401,1,0,-0.00126806601124029
4015,0.401451,0.401501,1,0,-0.00126806601124029
4016,0.401551,0.401601,1,0,-0.00126806601124029
4017,0.401651,0.401701,1,0,-0.00126806601124029
4018,0.401751,0.401801,1,0,-0.00126806601124029
4019,0.401851,0.401901,1,0,-0.00126806601124029
4020,0.401951,0.402001,1,0,-0.000571246619733759
4021,0.402051,0.402101,1,0,-0.000571246619733759
4022,0.402151,0.402201,1,0,-0.000571246619733759
4023,0.402251,0.402301,1,0,-0.000571246619733759
4024,0.402351,0.402401,1,0,-0.000571246619733759
4025,0.402451,0.402501,1,0,-0.000571246619733759
4026,0.402551,0.402601,1,0,-0.000571246619733759
4027,0.402651,0.402701,1,0,-0.000571246619733759
4028,0.402751,0.402801,1,0,-0.000571246619733759
4029,0.402851,0.402901,1,0,-0.000571246619733759
4030,0.402951,0.403001,1,0,-0.000191708612015406
4031,0.403051,0.403101,1,0,-0.000191708612015406
4032,0.403151,0.403201,1,0,-0.000191708612015406
4033,0.403251,0.403301,1,0,-0.000191708612015406
4034,0.403351,0.403401,1,0,-0.000191708612015406
4035,0.403451,0.403501,1,0,-0.000191708612015406
4036,0.403551,0.403601,1,0,-0.000191708612015406
4037,0.403651,0.403701,1,0,-0.000191708612015406
4038,0.403751,0.403801,1,0,-0.000191708612015406
4039,0.403851,0.403901,1,0,-0.000191708612015406
4040,0.403951,0.404001,1,0,8.09430814064848e-05
4041,0.404051,0.404101,1,0,8.09430814064848e-05
4042,0.404151,0.404201,1,0,8.09430814064848e-05
4043,0.404251,0.404301,1,0,8.09430814064848e-05
4044,0.404351,0.404401,1,0,8.09430814064848e-05
4045,0.404451,0.404501,1,0,8.09430814064848e-05
4046,0.404551,0.404601,1,0,8.09430814064848e-05
4047,0.404651,0.404701,1,0,8.09430814064848e-05
4048,0.404751,0.404801,1,0,8.09430814064848e-05
4049,0.404851,0.404901,1,0,8.09430814064848e-05
4050,0.404951,0.405001,1,0,0.000364377803395616
4051,0.405051,0.405101,1,0,0.000364377803395616
4052,0.405151,0.405201,1,0,0.000364377803395616
4053,0.405251,0.405301,1,0,0.000364377803395616
4054,0.405351,0.405401,1,0,0.000364377803395616
4055,0.405451,0.405501,1,0,0.000364377803395616
4056,0.405551,0.405601,1,0,0.000364377803395616
4057,0.405651,0.405701,1,0,0.000364377803395616
4058,0.405751,0.405801,1,0,0.000364377803395616
4059,0.405851,0.405901,1,0,0.000364377803395616
4060,0.405951,0.406001,1,0,0.00065801072860415
4061,0.406051,0.406101,1,0,0.00065801072860415
4062,0.406151,0.406201,1,0,0.00065801072860415
4063,0.406251,0.406301,1,0,0.00065801072860415
4064,0.406351,0.406401,1,0,0.00065801072860415
4065,0.406451,0.406501,1,0,0.00065801072860415
4066,0.406551,0.406601,1,0,0.00065801072860415
4067,0.406651,0.406701,1,0,0.00065801072860415
4068,0.406751,0.406801,1,0,0.00065801072860415
4069,0.406851,0.406901,1,0,0.00065801072860415
4070,0.406951,0.407001,1,0,0.000951022789929844
4071,0.407051,0.407101,1,0,0.000951022789929844
4072,0.407151,0.407201,1,0,0.000951022789929844
4073,0.407251,0.407301,1,0,0.000951022789929844
4074,0.407351,0.407401,1,0,0.000951022789929844
4075,0.407451,0.407501,1,0,0.000951022789929844
4076,0.407551,0.407601,1,0,0.000951022789929844
4077,0.407651,0.407701,1,0,0.000951022789929844
4078,0.407751,0.407801,1,0,0.000951022789929844
4079,0.407851,0.407901,1,0,0.000951022789929844
4080,0.407951,0.408001,1,0,0.00124902037887263
4081,0.408051,0.408101,1,0,0.00124902037887263
4082,0.408151,0.408201,1,0,0.00124902037887263
4083,0.408251,0.408301,1,0,0.00124902037887263
4084,0.408351,0.408401,1,0,0.00124902037887263
4085,0.408451,0.408501,1,0,0.00124902037887263
4086,0.408551,0.408601,1,0,0.00124902037887263
4087,0.408651,0.408701,1,0,0.00124902037887263
4088,0.408751,0.408801,1,0,0.00124902037887263
4089,0.408851,0.408901,1,0,0.00124902037887263
4090,0.408951,0.409001,1,0,0.00154699891913944
4091,0.409051,0.409101,1,0,0.00154699891913944
4092,0.409151,0.409201,1,0,0.00154699891913944
4093,0.409251,0.409301,1,0,0.00154699891913944
4094,0.409351,0.409401,1,0,0.00154699891913944
4095,0.409451,0.409501,1,0,0.00154699891913944
4096,0.409551,0.409601,1,0,0.00154699891913944
4097,0.409651,0.409701,1,0,0.00154699891913944
4098,0.409751,0.409801,1,0,0.00154699891913944
4099,0.409851,0.409901,1,0,0.00154699891913944
4100,0.409951,0.410001,1,0,0.00184257669433786
4101,0.410051,0.410101,1,0,0.00184257669433786
4102,0.410151,0.410201,1,0,0.00184257669433786
4103,0.410251,0.410301,1,0,0.00184257669433786
4104,0.410351,0.410401,1,0,0.00184257669433786
4105,0.410451,0.410501,1,0,0.00184257669433786
4106,0.410551,0.410601,1,0,0.00184257669433786
4107,0.410651,0.410701,1,0,0.00184257669433786
4108,0.410751,0.410801,1,0,0.00184257669433786
4109,0.410851,0.410901,1,0,0.00184257669433786
4110,0.410951,0.411001,1,0,0.00213617548773891
4111,0.411051,0.411101,1,0,0.00213617548773891
4112,0.411151,0.411201,1,0,0.00213617548773891
4113,0.411251,0.411301,1,0,0.00213617548773891
4114,0.411351,0.411401,1,0,0.00213617548773891
4115,0.411451,0.411501,1,0,0.00213617548773891
4116,0.411551,0.411601,1,0,0.00213617548773891
4117,0.411651,0.411701,1,0,0.00213617548773891
4118,0.411751,0.411801,1,0,0.00213617548773891
4119,0.411851,0.411901,1,0,0.00213617548773891
4120,0.411951,0.412001,1,0,0.00242806586018541
4121,0.412051,0.412101,1,0,0.00242806586018541
4122,0.412151,0.412201,1,0,0.00242806586018541
4123,0.412251,0.412301,1,0,0.00242806586018541
4124,0.412351,0.412401,1,0,0.00242806586018541
4125,0.412451,0.412501,1,0,0.00242806586018541
4126,0.412551,0.412601,1,0,0.00242806586018541
4127,0.412651,0.412701,1,0,0.00242806586018541
4128,0.412751,0.412801,1,0,0.00242806586018541
4129,0.412851,0.412901,1,0,0.00242806586018541
4130,0.412951,0.413001,1,0,0.00272348119089946
4131,0.413051,0.413101,1,0,0.00272348119089946
4132,0.413151,0.413201,1,0,0.00272348119089946
4133,0.413251,0.413301,1,0,0.00272348119089946
4134,0.413351,0.413401,1,0,0.00272348119089946
4135,0.413451,0.413501,1,0,0.00272348119089946
4136,0.413551,0.413601,1,0,0.00272348119089946
4137,0.413651,0.413701,1,0,0.00272348119089946
4138,0.413751,0.413801,1,0,0.00272348119089946
4139,0.413851,0.413901,1,0,0.00272348119089946
4140,0.413951,0.414001,1,0,0.00301911580432911
4141,0.414051,0.414101,1,0,0.00301911580432911
4142,0.414151,0.414201,1,0,0.00301911580432911
4143,0.414251,0.414301,1,0,0.00301911580432911
4144,0.414351,0.414401,1,0,0.00301911580432911
4145,0.414451,0.414501,1,0,0.00301911580432911
4146,0.414551,0.414601,1,0,0.00301911580432911
4147,0.414651,0.414701,1,0,0.00301911580432911
4148,0.414751,0.414801,1,0,0.00301911580432911
4149,0.414851,0.414901,1,0,0.00301911580432911
4150,0.414951,0.415001,1,0,0.00331430587747991
4151,0.415051,0.415101,1,0,0.00331430587747991
4152,0.415151,0.415201,1,0,0.00331430587747991
4153,0.415251,0.415301,1,0,0.00331430587747991
4154,0.415351,0.415401,1,0,0.00331430587747991
4155,0.415451,0.415501,1,0,0.00331430587747991
4156,0.415551,0.415601,1,0,0.00331430587747991
4157,0.415651,0.415701,1,0,0.00331430587747991
4158,0.415751,0.415801,1,0,0.00331430587747991
4159,0.415851,0.415901,1,0,0.00331430587747991
4160,0.415951,0.416001,1,0,0.00360671209374281
4161,0.416051,0.416101,1,0,0.00360671209374281
4162,0.416151,0.416201,1,0,0.00360671209374281
4163,0.416251,0.416301,1,0,0.00360671209374281
4164,0.416351,0.416401,1,0,0.00360671209374281
4165,0.416451,0.416501,1,0,0.00360671209374281
4166,0.416551,0.416601,1,0,0.00360671209374281
4167,0.416651,0.416701,1,0,0.00360671209374281
4168,0.416751,0.416801,1,0,0.00360671209374281
4169,0.416851,0.416901,1,0,0.00360671209374281
4170,0.416951,0.417001,1,0,0.00389475399558453
4171,0.417051,0.417101,1,0,0.00389475399558453
4172,0.417151,0.417201,1,0,0.00389475399558453
4173,0.417251,0.417301,1,0,0.00389475399558453
4174,0.417351,0.417401,1,0,0.00389475399558453
4175,0.417451,0.417501,1,0,0.00389475399558453
4176,0.417551,0.417601,1,0,0.00389475399558453
4177,0.417651,0.417701,1,0,0.00389475399558453
4178,0.417751,0.417801,1,0,0.00389475399558453
4179,0.417851,0.417901,1,0,0.00389475399558453
4180,0.417951,0.418001,1,0,0.00417851763725991
4181,0.418051,0.418101,1,0,0.00417851763725991
4182,0.418151,0.418201,1,0,0.00417851763725991
4183,0.418251,0.418301,1,0,0.00417851763725991
4184,0.418351,0.418401,1,0,0.00417851763725991
4185,0.418451,0.418501,1,0,0.00417851763725991
4186,0.418551,0.418601,1,0,0.00417851763725991
4187,0.418651,0.418701,1,0,0.00417851763725991
4188,0.418751,0.418801,1,0,0.00417851763725991
4189,0.418851,0.418901,1,0,0.00417851763725991
4190,0.418951,0.419001,1,0,0.00445718829064329
4191,0.419051,0.419101,1,0,0.00445718829064329
4192,0.419151,0.419201,1,0,0.00445718829064329
4193,0.419251,0.419301,1,0,0.00445718829064329
4194,0.419351,0.419401,1,0,0.00445718829064329
4195,0.419451,0.419501,1,0,0.00445718829064329
4196,0.419551,0.419601,1,0,0.00445718829064329
4197,0.419651,0.419701,1,0,0.00445718829064329
4198,0.419751,0.419801,1,0,0.00445718829064329
4199,0.419851,0.419901,1,0,0.00445718829064329
4200,0.419951,0.420001,1,0,0.00472894724603644
4201,0.420051,0.420101,1,0,0.00472894724603644
4202,0.420151,0.420201,1,0,0.00472894724603644
4203,0.420251,0.420301,1,0,0.00472894724603644
4204,0.420351,0.420401,1,0,0.00472894724603644
4205,0.420451,0.420501,1,0,0.00472894724603644
4206,0.420551,0.420601,1,0,0.00472894724603644
4207,0.420651,0.420701,1,0,0.00472894724603644
4208,0.420751,0.420801,1,0,0.00472894724603644
4209,0.420851,0.420901,1,0,0.00472894724603644
4210,0.420951,0.421001,1,0,0.00499196737814255
4211,0.421051,0.421101,1,0,0.00499196737814255
4212,0.421151,0.421201,1,0,0.00499196737814255
4213,0.421251,0.421301,1,0,0.00499196737814255
4214,0.421351,0.421401,1,0,0.00499196737814255
4215,0.421451,0.421501,1,0,0.00499196737814255
4216,0.421551,0.421601,1,0,0.00499196737814255
4217,0.421651,0.421701,1,0,0.00499196737814255
4218,0.421751,0.421801,1,0,0.00499196737814255
4219,0.421851,0.421901,1,0,0.00499196737814255
4220,0.421951,0.422001,1,0,0.00524339770750788
4221,0.422051,0.422101,1,0,0.00524339770750788
4222,0.422151,0.422201,1,0,0.00524339770750788
4223,0.422251,0.422301,1,0,0.00524339770750788
4224,0.422351,0.422401,1,0,0.00524339770750788
4225,0.422451,0.422501,1,0,0.00524339770750788
4226,0.422551,0.422601,1,0,0.00524339770750788
4227,0.422651,0.422701,1,0,0.00524339770750788
4228,0.422751,0.422801,1,0,0.00524339770750788
4229,0.422851,0.422901,1,0,0.00524339770750788
4230,0.422951,0.423001,1,0,0.00547900142163896
4231,0.423051,0.423101,1,0,0.00547900142163896
4232,0.423151,0.423201,1,0,0.00547900142163896
4233,0.423251,0.423301,1,0,0.00547900142163896
4234,0.423351,0.423401,1,0,0.00547900142163896
4235,0.423451,0.423501,1,0,0.00547900142163896
4236,0.423551,0.423601,1,0,0.00547900142163896
4237,0.423651,0.423701,1,0,0.00547900142163896
4238,0.423751,0.423801,1,0,0.00547900142163896
4239,0.423851,0.423901,1,0,0.00547900142163896
4240,0.423951,0.424001,1,0,0.00570645316576284
4241,0.424051,0.424101,1,0,0.00570645316576284
4242,0.424151,0.424201,1,0,0.00570645316576284
4243,0.424251,0.424301,1,0,0.00570645316576284
4244,0.424351,0.424401,1,0,0.00570645316576284
4245,0.424451,0.424501,1,0,0.00570645316576284
4246,0.424551,0.424601,1,0,0.00570645316576284
4247,0.424651,0.424701,1,0,0.00570645316576284
4248,0.424751,0.424801,1,0,0.00570645316576284
4249,0.424851,0.424901,1,0,0.00570645316576284
4250,0.424951,0.425001,1,0,0.00592110429921414
4251,0.425051,0.425101,1,0,0.00592110429921414
4252,0.425151,0.425201,1,0,0.00592110429921414
4253,0.425251,0.425301,1,0,0.00592110429921414
4254,0.425351,0.425401,1,0,0.00592110429921414
4255,0.425451,0.425501,1,0,0.00592110429921414
4256,0.425551,0.425601,1,0,0.00592110429921414
4257,0.425651,0.425701,1,0,0.00592110429921414
4258,0.425751,0.425801,1,0,0.00592110429921414
4259,0.425851,0.425901,1,0,0.00592110429921414
4260,0.425951,0.426001,1,0,0.00611939569966728
4261,0.426051,0.426101,1,0,0.00611939569966728
4262,0.426151,0.426201,1,0,0.00611939569966728
4263,0.426251,0.426301,1,0,0.00611939569966728
4264,0.426351,0.426401,1,0,0.00611939569966728
4265,0.426451,0.426501,1,0,0.00611939569966728
4266,0.426551,0.426601,1,0,0.00611939569966728
4267,0.426651,0.426701,1,0,0.00611939569966728
4268,0.426751,0.426801,1,0,0.00611939569966728
4269,0.426851,0.426901,1,0,0.00611939569966728
4270,0.426951,0.427001,1,0,0.00629875300012053
4271,0.427051,0.427101,1,0,0.00629875300012053
4272,0.427151,0.427201,1,0,0.00629875300012053
4273,0.427251,0.427301,1,0,0.00629875300012053
4274,0.427351,0.427401,1,0,0.00629875300012053
4275,0.427451,0.427501,1,0,0.00629875300012053
4276,0.427551,0.427601,1,0,0.00629875300012053
4277,0.427651,0.427701,1,0,0.00629875300012053
4278,0.427751,0.427801,1,0,0.00629875300012053
4279,0.427851,0.427901,1,0,0.00629875300012053
4280,0.427951,0.428001,1,0,0.00646007084907826
4281,0.428051,0.428101,1,0,0.00646007084907826
4282,0.428151,0.428201,1,0,0.00646007084907826
4283,0.428251,0.428301,1,0,0.00646007084907826
4284,0.428351,0.428401,1,0,0.00646007084907826
4285,0.428451,0.428501,1,0,0.00646007084907826
4286,0.428551,0.428601,1,0,0.00646007084907826
4287,0.428651,0.428701,1,0,0.00646007084907826
4288,0.428751,0.428801,1,0,0.00646007084907826
4289,0.428851,0.428901,1,0,0.00646007084907826
4290,0.428951,0.429001,1,0,0.00660341262036906
4291,0.429051,0.429101,1,0,0.00660341262036906
4292,0.429151,0.429201,1,0,0.00660341262036906
4293,0.429251,0.429301,1,0,0.00660341262036906
4294,0.429351,0.429401,1,0,0.00660341262036906
4295,0.429451,0.429501,1,0,0.00660341262036906
4296,0.429551,0.429601,1,0,0.00660341262036906
4297,0.429651,0.429701,1,0,0.00660341262036906
4298,0.429751,0.429801,1,0,0.00660341262036906
4299,0.429851,0.429901,1,0,0.00660341262036906
4300,0.429951,0.430001,1,0,0.0061331795321195
4301,0.430051,0.430101,1,0,0.0061331795321195
4302,0.430151,0.430201,1,0,0.0061331795321195
4303,0.430251,0.430301,1,0,0.0061331795321195
4304,0.430351,0.430401,1,0,0.0061331795321195
4305,0.430451,0.430501,1,0,0.0061331795321195
4306,0.430551,0.430601,1,0,0.0061331795321195
4307,0.430651,0.430701,1,0,0.0061331795321195
4308,0.430751,0.430801,1,0,0.0061331795321195
4309,0.430851,0.430901,1,0,0.0061331795321195
4310,0.430951,0.431001,1,0,0.00415562882115605
4311,0.431051,0.431101,1,0,0.00415562882115605
4312,0.431151,0.431201,1,0,0.00415562882115605
4313,0.431251,0.431301,1,0,0.00415562882115605
4314,0.431351,0.431401,1,0,0.00415562882115605
4315,0.431451,0.431501,1,0,0.00415562882115605
4316,0.431551,0.431601,1,0,0.00415562882115605
4317,0.431651,0.431701,1,0,0.00415562882115605
4318,0.431751,0.431801,1,0,0.00415562882115605
4319,0.431851,0.431901,1,0,0.00415562882115605
4320,0.431951,0.432001,1,0,0.00227919050540184
4321,0.432051,0.432101,1,0,0.00227919050540184
4322,0.432151,0.432201,1,0,0.00227919050540184
4323,0.432251,0.432301,1,0,0.00227919050540184
4324,0.432351,0.432401,1,0,0.00227919050540184
4325,0.432451,0.432501,1,0,0.00227919050540184
4326,0.432551,0.432601,1,0,0.00227919050540184
4327,0.432651,0.432701,1,0,0.00227919050540184
4328,0.432751,0.432801,1,0,0.00227919050540184
4329,0.432851,0.432901,1,0,0.00227919050540184
4330,0.432951,0.433001,1,0,0.00103713810357017
4331,0.433051,0.433101,1,0,0.00103713810357017
4332,0.433151,0.433201,1,0,0.00103713810357017
4333,0.433251,0.433301,1,0,0.00103713810357017
4334,0.433351,0.433401,1,0,0.00103713810357017
4335,0.433451,0.433501,1,0,0.00103713810357017
4336,0.433551,0.433601,1,0,0.00103713810357017
4337,0.433651,0.433701,1,0,0.00103713810357017
4338,0.433751,0.433801,1,0,0.00103713810357017
4339,0.433851,0.433901,1,0,0.00103713810357017
4340,0.433951,0.434001,1,0,0.000341772412554176
4341,0.434051,0.434101,1,0,0.000341772412554176
4342,0.434151,0.434201,1,0,0.000341772412554176
4343,0.434251,0.434301,1,0,0.000341772412554176
4344,0.434351,0.434401,1,0,0.000341772412554176
4345,0.434451,0.434501,1,0,0.000341772412554176
4346,0.434551,0.434601,1,0,0.000341772412554176
4347,0.434651,0.434701,1,0,0.000341772412554176
4348,0.434751,0.434801,1,0,0.000341772412554176
4349,0.434851,0.434901,1,0,0.000341772412554176
4350,0.434951,0.435001,1,0,-8.16847178641039e-05
4351,0.435051,0.435101,1,0,-8.16847178641039e-05
4352,0.435151,0.435201,1,0,-8.16847178641039e-05
4353,0.435251,0.435301,1,0,-8.16847178641039e-05
4354,0.435351,0.435401,1,0,-8.16847178641039e-05
4355,0.435451,0.435501,1,0,-8.16847178641039e-05
4356,0.435551,0.435601,1,0,-8.16847178641039e-05
4357,0.435651,0.435701,1,0,-8.16847178641039e-05
4358,0.435751,0.435801,1,0,-8.16847178641039e-05
4359,0.435851,0.435901,1,0,-8.16847178641039e-05
4360,0.435951,0.436001,1,0,-0.000472766924021375
4361,0.436051,0.436101,1,0,-0.000472766924021375
4362,0.436151,0.436201,1,0,-0.000472766924021375
4363,0.436251,0.436301,1,0,-0.000472766924021375
4364,0.436351,0.436401,1,0,-0.000472766924021375
4365,0.436451,0.436501,1,0,-0.000472766924021375
4366,0.436551,0.436601,1,0,-0.000472766924021375
4367,0.436651,0.436701,1,0,-0.000472766924021375
4368,0.436751,0.436801,1,0,-0.000472766924021375
4369,0.436851,0.436901,1,0,-0.000472766924021375
4370,0.436951,0.437001,1,0,-0.000872333111806865
4371,0.437051,0.437101,1,0,-0.000872333111806865
4372,0.437151,0.437201,1,0,-0.000872333111806865
4373,0.437251,0.437301,1,0,-0.000872333111806865
4374,0.437351,0.437401,1,0,-0.000872333111806865
4375,0.437451,0.437501,1,0,-0.000872333111806865
4376,0.437551,0.437601,1,0,-0.000872333111806865
4377,0.437651,0.437701,1,0,-0.000872333111806865
4378,0.437751,0.437801,1,0,-0.000872333111806865
4379,0.437851,0.437901,1,0,-0.000872333111806865
4380,0.437951,0.438001,1,0,-0.00127163060967213
4381,0.438051,0.438101,1,0,-0.00127163060967213
4382,0.438151,0.438201,1,0,-0.00127163060967213
4383,0.438251,0.438301,1,0,-0.00127163060967213
4384,0.438351,0.438401,1,0,-0.00127163060967213
4385,0.438451,0.438501,1,0,-0.00127163060967213
4386,0.438551,0.438601,1,0,-0.00127163060967213
4387,0.438651,0.438701,1,0,-0.00127163060967213
4388,0.438751,0.438801,1,0,-0.00127163060967213
4389,0.438851,0.438901,1,0,-0.00127163060967213
4390,0.438951,0.439001,1,0,-0.00167618128979219
4391,0.439051,0.439101,1,0,-0.00167618128979219
4392,0.439151,0.439201,1,0,-0.00167618128979219
4393,0.439251,0.439301,1,0,-0.00167618128979219
4394,0.439351,0.439401,1,0,-0.00167618128979219
4395,0.439451,0.439501,1,0,-0.00167618128979219
4396,0.439551,0.439601,1,0,-0.00167618128979219
4397,0.439651,0.439701,1,0,-0.00167618128979219
4398,0.439751,0.439801,1,0,-0.00167618128979219
4399,0.439851,0.439901,1,0,-0.00167618128979219
4400,0.439951,0.440001,1,0,-0.00208602917251063
4401,0.440051,0.440101,1,0,-0.00208602917251063
4402,0.440151,0.440201,1,0,-0.00208602917251063
4403,0.440251,0.440301,1,0,-0.00208602917251063
4404,0.440351,0.440401,1,0,-0.00208602917251063
4405,0.440451,0.440501,1,0,-0.00208602917251063
4406,0.440551,0.440601,1,0,-0.00208602917251063
4407,0.440651,0.440701,1,0,-0.00208602917251063
4408,0.440751,0.440801,1,0,-0.00208602917251063
4409,0.440851,0.440901,1,0,-0.00208602917251063
4410,0.440951,0.441001,1,0,-0.00249766634783259
4411,0.441051,0.441101,1,0,-0.00249766634783259
4412,0.441151,0.441201,1,0,-0.00249766634783259
4413,0.441251,0.441301,1,0,-0.00249766634783259
4414,0.441351,0.441401,1,0,-0.00249766634783259
4415,0.441451,0.441501,1,0,-0.00249766634783259
4416,0.441551,0.441601,1,0,-0.00249766634783259
4417,0.441651,0.441701,1,0,-0.00249766634783259
4418,0.441751,0.441801,1,0,-0.00249766634783259
4419,0.441851,0.441901,1,0,-0.00249766634783259
4420,0.441951,0.442001,1,0,-0.00291312530852683
4421,0.442051,0.442101,1,0,-0.00291312530852683
4422,0.442151,0.442201,1,0,-0.00291312530852683
4423,0.442251,0.442301,1,0,-0.00291312530852683
4424,0.442351,0.442401,1,0,-0.00291312530852683
4425,0.442451,0.442501,1,0,-0.00291312530852683
4426,0.442551,0.442601,1,0,-0.00291312530852683
4427,0.442651,0.442701,1,0,-0.00291312530852683
4428,0.442751,0.442801,1,0,-0.00291312530852683
4429,0.442851,0.442901,1,0,-0.00291312530852683
4430,0.442951,0.443001,1,0,-0.00332825291863998
4431,0.443051,0.443101,1,0,-0.00332825291863998
4432,0.443151,0.443201,1,0,-0.00332825291863998
4433,0.443251,0.443301,1,0,-0.00332825291863998
4434,0.443351,0.443401,1,0,-0.00332825291863998
4435,0.443451,0.443501,1,0,-0.00332825291863998
4436,0.443551,0.443601,1,0,-0.00332825291863998
4437,0.443651,0.443701,1,0,-0.00332825291863998
4438,0.443751,0.443801,1,0,-0.00332825291863998
4439,0.443851,0.443901,1,0,-0.00332825291863998
4440,0.443951,0.444001,1,0,-0.00374097071339581
4441,0.444051,0.444101,1,0,-0.00374097071339581
4442,0.444151,0.444201,1,0,-0.00374097071339581
4443,0.444251,0.444301,1,0,-0.00374097071339581
4444,0.444351,0.444401,1,0,-0.00374097071339581
4445,0.444451,0.444501,1,0,-0.00374097071339581
4446,0.444551,0.444601,1,0,-0.00374097071339581
4447,0.444651,0.444701,1,0,-0.00374097071339581
4448,0.444751,0.444801,1,0,-0.00374097071339581
4449,0.444851,0.444901,1,0,-0.00374097071339581
4450,0.444951,0.445001,1,0,-0.00414803454586634
4451,0.445051,0.445101,1,0,-0.00414803454586634
4452,0.445151,0.445201,1,0,-0.00414803454586634
4453,0.445251,0.445301,1,0,-0.00414803454586634
4454,0.445351,0.445401,1,0,-0.00414803454586634
4455,0.445451,0.445501,1,0,-0.00414803454586634
4456,0.445551,0.445601,1,0,-0.00414803454586634
4457,0.445651,0.445701,1,0,-0.00414803454586634
4458,0.445751,0.445801,1,0,-0.00414803454586634
4459,0.445851,0.445901,1,0,-0.00414803454586634
4460,0.445951,0.446001,1,0,-0.00455001390795081
4461,0.446051,0.446101,1,0,-0.00455001390795081
4462,0.446151,0.446201,1,0,-0.00455001390795081
4463,0.446251,0.446301,1,0,-0.00455001390795081
4464,0.446351,0.446401,1,0,-0.00455001390795081
4465,0.446451,0.446501,1,0,-0.00455001390795081
4466,0.446551,0.446601,1,0,-0.00455001390795081
4467,0.446651,0.446701,1,0,-0.00455001390795081
4468,0.446751,0.446801,1,0,-0.00455001390795081
4469,0.446851,0.446901,1,0,-0.00455001390795081
4470,0.446951,0.447001,1,0,-0.00494346071120154
4471,0.447051,0.447101,1,0,-0.00494346071120154
4472,0.447151,0.447201,1,0,-0.00494346071120154
4473,0.447251,0.447301,1,0,-0.00494346071120154
4474,0.447351,0.447401,1,0,-0.00494346071120154
4475,0.447451,0.447501,1,0,-0.00494346071120154
4476,0.447551,0.447601,1,0,-0.00494346071120154
4477,0.447651,0.447701,1,0,-0.00494346071120154
4478,0.447751,0.447801,1,0,-0.00494346071120154
4479,0.447851,0.447901,1,0,-0.00494346071120154
4480,0.447951,0.448001,1,0,-0.0053294317169561
4481,0.448051,0.448101,1,0,-0.0053294317169561
4482,0.448151,0.448201,1,0,-0.0053294317169561
4483,0.448251,0.448301,1,0,-0.0053294317169561
4484,0.448351,0.448401,1,0,-0.0053294317169561
4485,0.448451,0.448501,1,0,-0.0053294317169561
4486,0.448551,0.448601,1,0,-0.0053294317169561
4487,0.448651,0.448701,1,0,-0.0053294317169561
4488,0.448751,0.448801,1,0,-0.0053294317169561
4489,0.448851,0.448901,1,0,-0.0053294317169561
4490,0.448951,0.449001,1,0,-0.0057120882327676
4491,0.449051,0.449101,1,0,-0.0057120882327676
4492,0.449151,0.449201,1,0,-0.0057120882327676
4493,0.449251,0.449301,1,0,-0.0057120882327676
4494,0.449351,0.449401,1,0,-0.0057120882327676
4495,0.449451,0.449501,1,0,-0.0057120882327676
4496,0.449551,0.449601,1,0,-0.0057120882327676
4497,0.449651,0.449701,1,0,-0.0057120882327676
4498,0.449751,0.449801,1,0,-0.0057120882327676
4499,0.449851,0.449901,1,0,-0.0057120882327676
4500,0.449951,0.450001,1,0,-0.00607898329340466
4501,0.450051,0.450101,1,0,-0.00607898329340466
4502,0.450151,0.450201,1,0,-0.00607898329340466
4503,0.450251,0.450301,1,0,-0.00607898329340466
4504,0.450351,0.450401,1,0,-0.00607898329340466
4505,0.450451,0.450501,1,0,-0.00607898329340466
4506,0.450551,0.450601,1,0,-0.00607898329340466
4507,0.450651,0.450701,1,0,-0.00607898329340466
4508,0.450751,0.450801,1,0,-0.00607898329340466
4509,0.450851,0.450901,1,0,-0.00607898329340466
4510,0.450951,0.451001,1,0,-0.00642728529589616
4511,0.451051,0.451101,1,0,-0.00642728529589616
4512,0.451151,0.451201,1,0,-0.00642728529589616
4513,0.451251,0.451301,1,0,-0.00642728529589616
4514,0.451351,0.451401,1,0,-0.00642728529589616
4515,0.451451,0.451501,1,0,-0.00642728529589616
4516,0.451551,0.451601,1,0,-0.00642728529589616
4517,0.451651,0.451701,1,0,-0.00642728529589616
4518,0.451751,0.451801,1,0,-0.00642728529589616
4519,0.451851,0.451901,1,0,-0.00642728529589616
4520,0.451951,0.452001,1,0,-0.0067632549429084
4521,0.452051,0.452101,1,0,-0.0067632549429084
4522,0.452151,0.452201,1,0,-0.0067632549429084
4523,0.452251,0.452301,1,0,-0.0067632549429084
4524,0.452351,0.452401,1,0,-0.0067632549429084
4525,0.452451,0.452501,1,0,-0.0067632549429084
4526,0.452551,0.452601,1,0,-0.0067632549429084
4527,0.452651,0.452701,1,0,-0.0067632549429084
4528,0.452751,0.452801,1,0,-0.0067632549429084
4529,0.452851,0.452901,1,0,-0.0067632549429084
4530,0.452951,0.453001,1,0,-0.0070861043514285
4531,0.453051,0.453101,1,0,-0.0070861043514285
4532,0.453151,0.453201,1,0,-0.0070861043514285
4533,0.453251,0.453301,1,0,-0.0070861043514285
4534,0.453351,0.453401,1,0,-0.0070861043514285
4535,0.453451,0.453501,1,0,-0.0070861043514285
4536,0.453551,0.453601,1,0,-0.0070861043514285
4537,0.453651,0.453701,1,0,-0.0070861043514285
4538,0.453751,0.453801,1,0,-0.0070861043514285
4539,0.453851,0.453901,1,0,-0.0070861043514285
4540,0.453951,0.454001,1,0,-0.00738797070484784
4541,0.454051,0.454101,1,0,-0.00738797070484784
4542,0.454151,0.454201,1,0,-0.00738797070484784
4543,0.454251,0.454301,1,0,-0.00738797070484784
4544,0.454351,0.454401,1,0,-0.00738797070484784
4545,0.454451,0.454501,1,0,-0.00738797070484784
4546,0.454551,0.454601,1,0,-0.00738797070484784
4547,0.454651,0.454701,1,0,-0.00738797070484784
4548,0.454751,0.454801,1,0,-0.00738797070484784
4549,0.454851,0.454901,1,0,-0.00738797070484784
4550,0.454951,0.455001,1,0,-0.00766975603572852
4551,0.455051,0.455101,1,0,-0.00766975603572852
4552,0.455151,0.455201,1,0,-0.00766975603572852
4553,0.455251,0.455301,1,0,-0.00766975603572852
4554,0.455351,0.455401,1,0,-0.00766975603572852
4555,0.455451,0.455501,1,0,-0.00766975603572852
4556,0.455551,0.455601,1,0,-0.00766975603572852
4557,0.455651,0.455701,1,0,-0.00766975603572852
4558,0.455751,0.455801,1,0,-0.00766975603572852
4559,0.455851,0.455901,1,0,-0.00766975603572852
4560,0.455951,0.456001,1,0,-0.00792927712088209
4561,0.456051,0.456101,1,0,-0.00792927712088209
4562,0.456151,0.456201,1,0,-0.00792927712088209
4563,0.456251,0.456301,1,0,-0.00792927712088209
4564,0.456351,0.456401,1,0,-0.00792927712088209
4565,0.456451,0.456501,1,0,-0.00792927712088209
4566,0.456551,0.456601,1,0,-0.00792927712088209
4567,0.456651,0.456701,1,0,-0.00792927712088209
4568,0.456751,0.456801,1,0,-0.00792927712088209
4569,0.456851,0.456901,1,0,-0.00792927712088209
4570,0.456951,0.457001,1,0,-0.00775597022970208
4571,0.457051,0.457101,1,0,-0.00775597022970208
4572,0.457151,0.457201,1,0,-0.00775597022970208
4573,0.457251,0.457301,1,0,-0.00775597022970208
4574,0.457351,0.457401,1,0,-0.00775597022970208
4575,0.457451,0.457501,1,0,-0.00775597022970208
4576,0.457551,0.457601,1,0,-0.00775597022970208
4577,0.457651,0.457701,1,0,-0.00775597022970208
4578,0.457751,0.457801,1,0,-0.00775597022970208
4579,0.457851,0.457901,1,0,-0.00775597022970208
4580,0.457951,0.458001,1,0,-0.00551658577504831
4581,0.458051,0.458101,1,0,-0.00551658577504831
4582,0.458151,0.458201,1,0,-0.00551658577504831
4583,0.458251,0.458301,1,0,-0.00551658577504831
4584,0.458351,0.458401,1,0,-0.00551658577504831
4585,0.458451,0.458501,1,0,-0.00551658577504831
4586,0.458551,0.458601,1,0,-0.00551658577504831
4587,0.458651,0.458701,1,0,-0.00551658577504831
4588,0.458751,0.458801,1,0,-0.00551658577504831
4589,0.458851,0.458901,1,0,-0.00551658577504831
4590,0.458951,0.459001,1,0,-0.00335192524446456
4591,0.459051,0.459101,1,0,-0.00335192524446456
4592,0.459151,0.459201,1,0,-0.00335192524446456
4593,0.459251,0.459301,1,0,-0.00335192524446456
4594,0.459351,0.459401,1,0,-0.00335192524446456
4595,0.459451,0.459501,1,0,-0.00335192524446456
4596,0.459551,0.459601,1,0,-0.00335192524446456
4597,0.459651,0.459701,1,0,-0.00335192524446456
4598,0.459751,0.459801,1,0,-0.00335192524446456
4599,0.459851,0.459901,1,0,-0.00335192524446456
4600,0.459951,0.460001,1,0,-0.00162266469529259
4601,0.460051,0.460101,1,0,-0.00162266469529259
4602,0.460151,0.460201,1,0,-0.00162266469529259
4603,0.460251,0.460301,1,0,-0.00162266469529259
4604,0.460351,0.460401,1,0,-0.00162266469529259
4605,0.460451,0.460501,1,0,-0.00162266469529259
4606,0.460551,0.460601,1,0,-0.00162266469529259
4607,0.460651,0.460701,1,0,-0.00162266469529259
4608,0.460751,0.460801,1,0,-0.00162266469529259
4609,0.460851,0.460901,1,0,-0.00162266469529259
4610,0.460951,0.461001,1,0,-0.000707329175047618
4611,0.461051,0.461101,1,0,-0.000707329175047618
4612,0.461151,0.461201,1,0,-0.000707329175047618
4613,0.461251,0.461301,1,0,-0.000707329175047618
4614,0.461351,0.461401,1,0,-0.000707329175047618
4615,0.461451,0.461501,1,0,-0.000707329175047618
4616,0.461551,0.461601,1,0,-0.000707329175047618
4617,0.461651,0.461701,1,0,-0.000707329175047618
4618,0.461751,0.461801,1,0,-0.000707329175047618
4619,0.461851,0.461901,1,0,-0.000707329175047618
4620,0.461951,0.462001,1,0,-0.000104787875291693
4621,0.462051,0.462101,1,0,-0.000104787875291693
4622,0.462151,0.462201,1,0,-0.000104787875291693
4623,0.462251,0.462301,1,0,-0.000104787875291693
4624,0.462351,0.462401,1,0,-0.000104787875291693
4625,0.462451,0.462501,1,0,-0.000104787875291693
4626,0.462551,0.462601,1,0,-0.000104787875291693
4627,0.462651,0.462701,1,0,-0.000104787875291693
4628,0.462751,0.462801,1,0,-0.000104787875291693
4629,0.462851,0.462901,1,0,-0.000104787875291693
4630,0.462951,0.463001,1,0,0.000390558145976077
4631,0.463051,0.463101,1,0,0.000390558145976077
4632,0.463151,0.463201,1,0,0.000390558145976077
4633,0.463251,0.463301,1,0,0.000390558145976077
4634,0.463351,0.463401,1,0,0.000390558145976077
4635,0.463451,0.463501,1,0,0.000390558145976077
4636,0.463551,0.463601,1,0,0.000390558145976077
4637,0.463651,0.463701,1,0,0.000390558145976077
4638,0.463751,0.463801,1,0,0.000390558145976077
4639,0.463851,0.463901,1,0,0.000390558145976077
4640,0.463951,0.464001,1,0,0.000833056022175209
4641,0.464051,0.464101,1,0,0.000833056022175209
4642,0.464151,0.464201,1,0,0.000833056022175209
4643,0.464251,0.464301,1,0,0.000833056022175209
4644,0.464351,0.464401,1,0,0.000833056022175209
4645,0.464451,0.464501,1,0,0.000833056022175209
4646,0.464551,0.464601,1,0,0.000833056022175209
4647,0.464651,0.464701,1,0,0.000833056022175209
4648,0.464751,0.464801,1,0,0.000833056022175209
4649,0.464851,0.464901,1,0,0.000833056022175209
4650,0.464951,0.465001,1,0,0.00127219457472844
4651,0.465051,0.465101,1,0,0.00127219457472844
4652,0.465151,0.465201,1,0,0.00127219457472844
4653,0.465251,0.465301,1,0,0.00127219457472844
4654,0.465351,0.465401,1,0,0.00127219457472844
4655,0.465451,0.465501,1,0,0.00127219457472844
4656,0.465551,0.465601,1,0,0.00127219457472844
4657,0.465651,0.465701,1,0,0.00127219457472844
4658,0.465751,0.465801,1,0,0.00127219457472844
4659,0.465851,0.465901,1,0,0.00127219457472844
4660,0.465951,0.466001,1,0,0.00171386635317801
4661,0.466051,0.466101,1,0,0.00171386635317801
4662,0.466151,0.466201,1,0,0.00171386635317801
4663,0.466251,0.466301,1,0,0.00171386635317801
4664,0.466351,0.466401,1,0,0.00171386635317801
4665,0.466451,0.466501,1,0,0.00171386635317801
4666,0.466551,0.466601,1,0,0.00171386635317801
4667,0.466651,0.466701,1,0,0.00171386635317801
4668,0.466751,0.466801,1,0,0.00171386635317801
4669,0.466851,0.466901,1,0,0.00171386635317801
4670,0.466951,0.467001,1,0,0.00215453401871038
4671,0.467051,0.467101,1,0,0.00215453401871038
4672,0.467151,0.467201,1,0,0.00215453401871038
4673,0.467251,0.467301,1,0,0.00215453401871038
4674,0.467351,0.467401,1,0,0.00215453401871038
4675,0.467451,0.467501,1,0,0.00215453401871038
4676,0.467551,0.467601,1,0,0.00215453401871038
4677,0.467651,0.467701,1,0,0.00215453401871038
4678,0.467751,0.467801,1,0,0.00215453401871038
4679,0.467851,0.467901,1,0,0.00215453401871038
4680,0.467951,0.468001,1,0,0.00259048719330996
4681,0.468051,0.468101,1,0,0.00259048719330996
4682,0.468151,0.468201,1,0,0.00259048719330996
4683,0.468251,0.468301,1,0,0.00259048719330996
4684,0.468351,0.468401,1,0,0.00259048719330996
4685,0.468451,0.468501,1,0,0.00259048719330996
4686,0.468551,0.468601,1,0,0.00259048719330996
4687,0.468651,0.468701,1,0,0.00259048719330996
4688,0.468751,0.468801,1,0,0.00259048719330996
4689,0.468851,0.468901,1,0,0.00259048719330996
4690,0.468951,0.469001,1,0,0.00302687467438159
4691,0.469051,0.469101,1,0,0.00302687467438159
4692,0.469151,0.469201,1,0,0.00302687467438159
4693,0.469251,0.469301,1,0,0.00302687467438159
4694,0.469351,0.469401,1,0,0.00302687467438159
4695,0.469451,0.469501,1,0,0.00302687467438159
4696,0.469551,0.469601,1,0,0.00302687467438159
4697,0.469651,0.469701,1,0,0.00302687467438159
4698,0.469751,0.469801,1,0,0.00302687467438159
4699,0.469851,0.469901,1,0,0.00302687467438159
4700,0.469951,0.470001,1,0,0.00346357193748722
4701,0.470051,0.470101,1,0,0.00346357193748722
4702,0.470151,0.470201,1,0,0.00346357193748722
4703,0.470251,0.470301,1,0,0.00346357193748722
4704,0.470351,0.470401,1,0,0.00346357193748722
4705,0.470451,0.470501,1,0,0.00346357193748722
4706,0.470551,0.470601,1,0,0.00346357193748722
4707,0.470651,0.470701,1,0,0.00346357193748722
4708,0.470751,0.470801,1,0,0.00346357193748722
4709,0.470851,0.470901,1,0,0.00346357193748722
4710,0.470951,0.471001,1,0,0.00389882788996172
4711,0.471051,0.471101,1,0,0.00389882788996172
4712,0.471151,0.471201,1,0,0.00389882788996172
4713,0.471251,0.471301,1,0,0.00389882788996172
4714,0.471351,0.471401,1,0,0.00389882788996172
4715,0.471451,0.471501,1,0,0.00389882788996172
4716,0.471551,0.471601,1,0,0.00389882788996172
4717,0.471651,0.471701,1,0,0.00389882788996172
4718,0.471751,0.471801,1,0,0.00389882788996172
4719,0.471851,0.471901,1,0,0.00389882788996172
4720,0.471951,0.472001,1,0,0.00433115599543158
4721,0.472051,0.472101,1,0,0.00433115599543158
4722,0.472151,0.472201,1,0,0.00433115599543158
4723,0.472251,0.472301,1,0,0.00433115599543158
4724,0.472351,0.472401,1,0,0.00433115599543158
4725,0.472451,0.472501,1,0,0.00433115599543158
4726,0.472551,0.472601,1,0,0.00433115599543158
4727,0.472651,0.472701,1,0,0.00433115599543158
4728,0.472751,0.472801,1,0,0.00433115599543158
4729,0.472851,0.472901,1,0,0.00433115599543158
4730,0.472951,0.473001,1,0,0.00475739443537914
4731,0.473051,0.473101,1,0,0.00475739443537914
4732,0.473151,0.473201,1,0,0.00475739443537914
4733,0.473251,0.473301,1,0,0.00475739443537914
4734,0.473351,0.473401,1,0,0.00475739443537914
4735,0.473451,0.473501,1,0,0.00475739443537914
4736,0.473551,0.473601,1,0,0.00475739443537914
4737,0.473651,0.473701,1,0,0.00475739443537914
4738,0.473751,0.473801,1,0,0.00475739443537914
4739,0.473851,0.473901,1,0,0.00475739443537914
4740,0.473951,0.474001,1,0,0.00517606191090778
4741,0.474051,0.474101,1,0,0.00517606191090778
4742,0.474151,0.474201,1,0,0.00517606191090778
4743,0.474251,0.474301,1,0,0.00517606191090778
4744,0.474351,0.474401,1,0,0.00517606191090778
4745,0.474451,0.474501,1,0,0.00517606191090778
4746,0.474551,0.474601,1,0,0.00517606191090778
4747,0.474651,0.474701,1,0,0.00517606191090778
4748,0.474751,0.474801,1,0,0.00517606191090778
4749,0.474851,0.474901,1,0,0.00517606191090778
4750,0.474951,0.475001,1,0,0.00558891735583225
4751,0.475051,0.475101,1,0,0.00558891735583225
4752,0.475151,0.475201,1,0,0.00558891735583225
4753,0.475251,0.475301,1,0,0.00558891735583225
4754,0.475351,0.475401,1,0,0.00558891735583225
4755,0.475451,0.475501,1,0,0.00558891735583225
4756,0.475551,0.475601,1,0,0.00558891735583225
4757,0.475651,0.475701,1,0,0.00558891735583225
4758,0.475751,0.475801,1,0,0.00558891735583225
4759,0.475851,0.475901,1,0,0.00558891735583225
4760,0.475951,0.476001,1,0,0.00599504853051996
4761,0.476051,0.476101,1,0,0.00599504853051996
4762,0.476151,0.476201,1,0,0.00599504853051996
4763,0.476251,0.476301,1,0,0.00599504853051996
4764,0.476351,0.476401,1,0,0.00599504853051996
4765,0.476451,0.476501,1,0,0.00599504853051996
4766,0.476551,0.476601,1,0,0.00599504853051996
4767,0.476651,0.476701,1,0,0.00599504853051996
4768,0.476751,0.476801,1,0,0.00599504853051996
4769,0.476851,0.476901,1,0,0.00599504853051996
4770,0.476951,0.477001,1,0,0.00638531560438864
4771,0.477051,0.477101,1,0,0.00638531560438864
4772,0.477151,0.477201,1,0,0.00638531560438864
4773,0.477251,0.477301,1,0,0.00638531560438864
4774,0.477351,0.477401,1,0,0.00638531560438864
4775,0.477451,0.477501,1,0,0.00638531560438864
4776,0.477551,0.477601,1,0,0.00638531560438864
4777,0.477651,0.477701,1,0,0.00638531560438864
4778,0.477751,0.477801,1,0,0.00638531560438864
4779,0.477851,0.477901,1,0,0.00638531560438864
4780,0.477951,0.478001,1,0,0.00675681724851975
4781,0.478051,0.478101,1,0,0.00675681724851975
4782,0.478151,0.478201,1,0,0.00675681724851975
4783,0.478251,0.478301,1,0,0.00675681724851975
4784,0.478351,0.478401,1,0,0.00675681724851975
4785,0.478451,0.478501,1,0,0.00675681724851975
4786,0.478551,0.478601,1,0,0.00675681724851975
4787,0.478651,0.478701,1,0,0.00675681724851975
4788,0.478751,0.478801,1,0,0.00675681724851975
4789,0.478851,0.478901,1,0,0.00675681724851975
4790,0.478951,0.479001,1,0,0.00711919562128533
4791,0.479051,0.479101,1,0,0.00711919562128533
4792,0.479151,0.479201,1,0,0.00711919562128533
4793,0.479251,0.479301,1,0,0.00711919562128533
4794,0.479351,0.479401,1,0,0.00711919562128533
4795,0.479451,0.479501,1,0,0.00711919562128533
4796,0.479551,0.479601,1,0,0.00711919562128533
4797,0.479651,0.479701,1,0,0.00711919562128533
4798,0.479751,0.479801,1,0,0.00711919562128533
4799,0.479851,0.479901,1,0,0.00711919562128533
4800,0.479951,0.480001,1,0,0.0074627735589662
4801,0.480051,0.480101,1,0,0.0074627735589662
4802,0.480151,0.480201,1,0,0.0074627735589662
4803,0.480251,0.480301,1,0,0.0074627735589662
4804,0.480351,0.480401,1,0,0.0074627735589662
4805,0.480451,0.480501,1,0,0.0074627735589662
4806,0.480551,0.480601,1,0,0.0074627735589662
4807,0.480651,0.480701,1,0,0.0074627735589662
4808,0.480751,0.480801,1,0,0.0074627735589662
4809,0.480851,0.480901,1,0,0.0074627735589662
4810,0.480951,0.481001,1,0,0.00778615783659731
4811,0.481051,0.481101,1,0,0.00778615783659731
4812,0.481151,0.481201,1,0,0.00778615783659731
4813,0.481251,0.481301,1,0,0.00778615783659731
4814,0.481351,0.481401,1,0,0.00778615783659731
4815,0.481451,0.481501,1,0,0.00778615783659731
4816,0.481551,0.481601,1,0,0.00778615783659731
4817,0.481651,0.481701,1,0,0.00778615783659731
4818,0.481751,0.481801,1,0,0.00778615783659731
4819,0.481851,0.481901,1,0,0.00778615783659731
4820,0.481951,0.482001,1,0,0.0080856510725288
4821,0.482051,0.482101,1,0,0.0080856510725288
4822,0.482151,0.482201,1,0,0.0080856510725288
4823,0.482251,0.482301,1,0,0.0080856510725288
4824,0.482351,0.482401,1,0,0.0080856510725288
4825,0.482451,0.482501,1,0,0.0080856510725288
4826,0.482551,0.482601,1,0,0.0080856510725288
4827,0.482651,0.482701,1,0,0.0080856510725288
4828,0.482751,0.482801,1,0,0.0080856510725288
4829,0.482851,0.482901,1,0,0.0080856510725288
4830,0.482951,0.483001,1,0,0.00836259953514843
4831,0.483051,0.483101,1,0,0.00836259953514843
4832,0.483151,0.483201,1,0,0.00836259953514843
4833,0.483251,0.483301,1,0,0.00836259953514843
4834,0.483351,0.483401,1,0,0.00836259953514843
4835,0.483451,0.483501,1,0,0.00836259953514843
4836,0.483551,0.483601,1,0,0.00836259953514843
4837,0.483651,0.483701,1,0,0.00836259953514843
4838,0.483751,0.483801,1,0,0.00836259953514843
4839,0.483851,0.483901,1,0,0.00836259953514843
4840,0.483951,0.484001,1,0,0.00699444938237491
4841,0.484051,0.484101,1,0,0.00699444938237491
4842,0.484151,0.484201,1,0,0.00699444938237491
4843,0.484251,0.484301,1,0,0.00699444938237491
4844,0.484351,0.484401,1,0,0.00699444938237491
4845,0.484451,0.484501,1,0,0.00699444938237491
4846,0.484551,0.484601,1,0,0.00699444938237491
4847,0.484651,0.484701,1,0,0.00699444938237491
4848,0.484751,0.484801,1,0,0.00699444938237491
4849,0.484851,0.484901,1,0,0.00699444938237491
4850,0.484951,0.485001,1,0,0.00453783535210371
4851,0.485051,0.485101,1,0,0.00453783535210371
4852,0.485151,0.485201,1,0,0.00453783535210371
4853,0.485251,0.485301,1,0,0.00453783535210371
4854,0.485351,0.485401,1,0,0.00453783535210371
4855,0.485451,0.485501,1,0,0.00453783535210371
4856,0.485551,0.485601,1,0,0.00453783535210371
4857,0.485651,0.485701,1,0,0.00453783535210371
4858,0.485751,0.485801,1,0,0.00453783535210371
4859,0.485851,0.485901,1,0,0.00453783535210371
4860,0.485951,0.486001,1,0,0.00255711040935616
4861,0.486051,0.486101,1,0,0.00255711040935616
4862,0.486151,0.486201,1,0,0.00255711040935616
4863,0.486251,0.486301,1,0,0.00255711040935616
4864,0.486351,0.486401,1,0,0.00255711040935616
4865,0.486451,0.486501,1,0,0.00255711040935616
4866,0.486551,0.486601,1,0,0.00255711040935616
4867,0.486651,0.486701,1,0,0.00255711040935616
4868,0.486751,0.486801,1,0,0.00255711040935616
4869,0.486851,0.486901,1,0,0.00255711040935616
4870,0.486951,0.487001,1,0,0.00110441029825192
4871,0.487051,0.487101,1,0,0.00110441029825192
4872,0.487151,0.487201,1,0,0.00110441029825192
4873,0.487251,0.487301,1,0,0.00110441029825192
4874,0.487351,0.487401,1,0,0.00110441029825192
4875,0.487451,0.487501,1,0,0.00110441029825192
4876,0.487551,0.487601,1,0,0.00110441029825192
4877,0.487651,0.487701,1,0,0.00110441029825192
4878,0.487751,0.487801,1,0,0.00110441029825192
4879,0.487851,0.487901,1,0,0.00110441029825192
4880,0.487951,0.488001,1,0,0.000357808302699357
4881,0.488051,0.488101,1,0,0.000357808302699357
4882,0.488151,0.488201,1,0,0.000357808302699357
4883,0.488251,0.488301,1,0,0.000357808302699357
4884,0.488351,0.488401,1,0,0.000357808302699357
4885,0.488451,0.488501,1,0,0.000357808302699357
4886,0.488551,0.488601,1,0,0.000357808302699357
4887,0.488651,0.488701,1,0,0.000357808302699357
4888,0.488751,0.488801,1,0,0.000357808302699357
4889,0.488851,0.488901,1,0,0.000357808302699357
4890,0.488951,0.489001,1,0,-8.37329152710477e-05
4891,0.489051,0.489101,1,0,-8.37329152710477e-05
4892,0.489151,0.489201,1,0,-8.37329152710477e-05
4893,0.489251,0.489301,1,0,-8.37329152710477e-05
4894,0.489351,0.489401,1,0,-8.37329152710477e-05
4895,0.489451,0.489501,1,0,-8.37329152710477e-05
4896,0.489551,0.489601,1,0,-8.37329152710477e-05
4897,0.489651,0.489701,1,0,-8.37329152710477e-05
4898,0.489751,0.489801,1,0,-8.37329152710477e-05
4899,0.489851,0.489901,1,0,-8.37329152710477e-05
4900,0.489951,0.490001,1,0,-0.000498959996502092
4901,0.490051,0.490101,1,0,-0.000498959996502092
4902,0.490151,0.490201,1,0,-0.000498959996502092
4903,0.490251,0.490301,1,0,-0.000498959996502092
4904,0.490351,0.490401,1,0,-0.000498959996502092
4905,0.490451,0.490501,1,0,-0.000498959996502092
4906,0.490551,0.490601,1,0,-0.000498959996502092
4907,0.490651,0.490701,1,0,-0.000498959996502092
4908,0.490751,0.490801,1,0,-0.000498959996502092
4909,0.490851,0.490901,1,0,-0.000498959996502092
4910,0.490951,0.491001,1,0,-0.000921898181182085
4911,0.491051,0.491101,1,0,-0.000921898181182085
4912,0.491151,0.491201,1,0,-0.000921898181182085
4913,0.491251,0.491301,1,0,-0.000921898181182085
4914,0.491351,0.491401,1,0,-0.000921898181182085
4915,0.491451,0.491501,1,0,-0.000921898181182085
4916,0.491551,0.491601,1,0,-0.000921898181182085
4917,0.491651,0.491701,1,0,-0.000921898181182085
4918,0.491751,0.491801,1,0,-0.000921898181182085
4919,0.491851,0.491901,1,0,-0.000921898181182085
4920,0.491951,0.492001,1,0,-0.00134011440100617
4921,0.492051,0.492101,1,0,-0.00134011440100617
4922,0.492151,0.492201,1,0,-0.00134011440100617
4923,0.492251,0.492301,1,0,-0.00134011440100617
4924,0.492351,0.492401,1,0,-0.00134011440100617
4925,0.492451,0.492501,1,0,-0.00134011440100617
4926,0.492551,0.492601,1,0,-0.00134011440100617
4927,0.492651,0.492701,1,0,-0.00134011440100617
4928,0.492751,0.492801,1,0,-0.00134011440100617
4929,0.492851,0.492901,1,0,-0.00134011440100617
4930,0.492951,0.493001,1,0,-0.00176080060884228
4931,0.493051,0.493101,1,0,-0.00176080060884228
4932,0.493151,0.493201,1,0,-0.00176080060884228
4933,0.493251,0.493301,1,0,-0.00176080060884228
4934,0.493351,0.493401,1,0,-0.00176080060884228
4935,0.493451,0.493501,1,0,-0.00176080060884228
4936,0.493551,0.493601,1,0,-0.00176080060884228
4937,0.493651,0.493701,1,0,-0.00176080060884228
4938,0.493751,0.493801,1,0,-0.00176080060884228
4939,0.493851,0.493901,1,0,-0.00176080060884228
4940,0.493951,0.494001,1,0,-0.00218801387378818
4941,0.494051,0.494101,1,0,-0.00218801387378818
4942,0.494151,0.494201,1,0,-0.00218801387378818
4943,0.494251,0.494301,1,0,-0.00218801387378818
4944,0.494351,0.494401,1,0,-0.00218801387378818
4945,0.494451,0.494501,1,0,-0.00218801387378818
4946,0.494551,0.494601,1,0,-0.00218801387378818
4947,0.494651,0.494701,1,0,-0.00218801387378818
4948,0.494751,0.494801,1,0,-0.00218801387378818
4949,0.494851,0.494901,1,0,-0.00218801387378818
4950,0.494951,0.495001,1,0,-0.0026181547922599
4951,0.495051,0.495101,1,0,-0.0026181547922599
4952,0.495151,0.495201,1,0,-0.0026181547922599
4953,0.495251,0.495301,1,0,-0.0026181547922599
4954,0.495351,0.495401,1,0,-0.0026181547922599
4955,0.495451,0.495501,1,0,-0.0026181547922599
4956,0.495551,0.495601,1,0,-0.0026181547922599
4957,0.495651,0.495701,1,0,-0.0026181547922599
4958,0.495751,0.495801,1,0,-0.0026181547922599
4959,0.495851,0.495901,1,0,-0.0026181547922599
4960,0.495951,0.496001,1,0,-0.00305035603820355
4961,0.496051,0.496101,1,0,-0.00305035603820355
4962,0.496151,0.496201,1,0,-0.00305035603820355
4963,0.496251,0.496301,1,0,-0.00305035603820355
4964,0.496351,0.496401,1,0,-0.00305035603820355
4965,0.496451,0.496501,1,0,-0.00305035603820355
4966,0.496551,0.496601,1,0,-0.00305035603820355
4967,0.496651,0.496701,1,0,-0.00305035603820355
4968,0.496751,0.496801,1,0,-0.00305035603820355
4969,0.496851,0.496901,1,0,-0.00305035603820355
4970,0.496951,0.497001,1,0,-0.00348356594643737
4971,0.497051,0.497101,1,0,-0.00348356594643737
4972,0.497151,0.497201,1,0,-0.00348356594643737
4973,0.497251,0.497301,1,0,-0.00348356594643737
4974,0.497351,0.497401,1,0,-0.00348356594643737
4975,0.497451,0.497501,1,0,-0.00348356594643737
4976,0.497551,0.497601,1,0,-0.00348356594643737
4977,0.497651,0.497701,1,0,-0.00348356594643737
4978,0.497751,0.497801,1,0,-0.00348356594643737
4979,0.497851,0.497901,1,0,-0.00348356594643737
4980,0.497951,0.498001,1,0,-0.00391203311235145
4981,0.498051,0.498101,1,0,-0.00391203311235145
4982,0.498151,0.498201,1,0,-0.00391203311235145
4983,0.498251,0.498301,1,0,-0.00391203311235145
4984,0.498351,0.498401,1,0,-0.00391203311235145
4985,0.498451,0.498501,1,0,-0.00391203311235145
4986,0.498551,0.498601,1,0,-0.00391203311235145
4987,0.498651,0.498701,1,0,-0.00391203311235145
4988,0.498751,0.498801,1,0,-0.00391203311235145
4989,0.498851,0.498901,1,0,-0.00391203311235145
4990,0.498951,0.499001,1,0,-0.00433635104068373
4991,0.499051,0.499101,1,0,-0.00433635104068373
4992,0.499151,0.499201,1,0,-0.00433635104068373
4993,0.499251,0.499301,1,0,-0.00433635104068373
4994,0.499351,0.499401,1,0,-0.00433635104068373
4995,0.499451,0.499501,1,0,-0.00433635104068373
4996,0.499551,0.499601,1,0,-0.00433635104068373
4997,0.499651,0.499701,1,0,-0.00433635104068373
4998,0.499751,0.499801,1,0,-0.00433635104068373
4999,0.499851,0.499901,1,0,-0.00433635104068373
5000,0.499951,0.500001,1,0,-0.00475232652335791
5001,0.500051,0.500101,1,0,-0.00475232652335791
5002,0.500151,0.500201,1,0,-0.00475232652335791
5003,0.500251,0.500301,1,0,-0.00475232652335791
5004,0.500351,0.500401,1,0,-0.00475232652335791
5005,0.500451,0.500501,1,0,-0.00475232652335791
5006,0.500551,0.500601,1,0,-0.00475232652335791
5007,0.500651,0.500701,1,0,-0.00475232652335791
5008,0.500751,0.500801,1,0,-0.00475232652335791
5009,0.500851,0.500901,1,0,-0.00475232652335791
5010,0.500951,0.501001,1,0,-0.00597115018585615
5011,0.501051,0.501101,1,0,-0.00597115018585615
5012,0.501151,0.501201,1,0,-0.00597115018585615
5013,0.501251,0.501301,1,0,-0.00597115018585615
5014,0.501351,0.501401,1,0,-0.00597115018585615
5015,0.501451,0.501501,1,0,-0.00597115018585615
5016,0.501551,0.501601,1,0,-0.00597115018585615
5017,0.501651,0.501701,1,0,-0.00597115018585615
5018,0.501751,0.501801,1,0,-0.00597115018585615
5019,0.501851,0.501901,1,0,-0.00597115018585615
5020,0.501951,0.502001,1,0,-0.00733924165418438
5021,0.502051,0.502101,1,0,-0.00733924165418438
5022,0.502151,0.502201,1,0,-0.00733924165418438
5023,0.502251,0.502301,1,0,-0.00733924165418438
5024,0.502351,0.502401,1,0,-0.00733924165418438
5025,0.502451,0.502501,1,0,-0.00733924165418438
5026,0.502551,0.502601,1,0,-0.00733924165418438
5027,0.502651,0.502701,1,0,-0.00733924165418438
5028,0.502751,0.502801,1,0,-0.00733924165418438
5029,0.502851,0.502901,1,0,-0.00733924165418438
5030,0.502951,0.503001,1,0,-0.00876659582565158
5031,0.503051,0.503101,1,0,-0.00876659582565158
5032,0.503151,0.503201,1,0,-0.00876659582565158
5033,0.503251,0.503301,1,0,-0.00876659582565158
5034,0.503351,0.503401,1,0,-0.00876659582565158
5035,0.503451,0.503501,1,0,-0.00876659582565158
5036,0.503551,0.503601,1,0,-0.00876659582565158
5037,0.503651,0.503701,1,0,-0.00876659582565158
5038,0.503751,0.503801,1,0,-0.00876659582565158
5039,0.503851,0.503901,1,0,-0.00876659582565158
5040,0.503951,0.504001,1,0,-0.0102387389016212
5041,0.504051,0.504101,1,0,-0.0102387389016212
5042,0.504151,0.504201,1,0,-0.0102387389016212
5043,0.504251,0.504301,1,0,-0.0102387389016212
5044,0.504351,0.504401,1,0,-0.0102387389016212
5045,0.504451,0.504501,1,0,-0.0102387389016212
5046,0.504551,0.504601,1,0,-0.0102387389016212
5047,0.504651,0.504701,1,0,-0.0102387389016212
5048,0.504751,0.504801,1,0,-0.0102387389016212
5049,0.504851,0.504901,1,0,-0.0102387389016212
5050,0.504951,0.505001,1,0,-0.0117662273064134
5051,0.505051,0.505101,1,0,-0.0117662273064134
5052,0.505151,0.505201,1,0,-0.0117662273064134
5053,0.505251,0.505301,1,0,-0.0117662273064134
5054,0.505351,0.505401,1,0,-0.0117662273064134
5055,0.505451,0.505501,1,0,-0.0117662273064134
5056,0.505551,0.505601,1,0,-0.0117662273064134
5057,0.505651,0.505701,1,0,-0.0117662273064134
5058,0.505751,0.505801,1,0,-0.0117662273064134
5059,0.505851,0.505901,1,0,-0.0117662273064134
5060,0.505951,0.506001,1,0,-0.0133340345566317
5061,0.506051,0.506101,1,0,-0.0133340345566317
5062,0.506151,0.506201,1,0,-0.0133340345566317
5063,0.506251,0.506301,1,0,-0.0133340345566317
5064,0.506351,0.506401,1,0,-0.0133340345566317
5065,0.506451,0.506501,1,0,-0.0133340345566317
5066,0.506551,0.506601,1,0,-0.0133340345566317
5067,0.506651,0.506701,1,0,-0.0133340345566317
5068,0.506751,0.506801,1,0,-0.0133340345566317
5069,0.506851,0.506901,1,0,-0.0133340345566317
5070,0.506951,0.507001,1,0,-0.0149357360827019
5071,0.507051,0.507101,1,0,-0.0149357360827019
5072,0.507151,0.507201,1,0,-0.0149357360827019
5073,0.507251,0.507301,1,0,-0.0149357360827019
5074,0.507351,0.507401,1,0,-0.0149357360827019
5075,0.507451,0.507501,1,0,-0.0149357360827019
5076,0.507551,0.507601,1,0,-0.0149357360827019
5077,0.507651,0.507701,1,0,-0.0149357360827019
5078,0.507751,0.507801,1,0,-0.0149357360827019
5079,0.507851,0.507901,1,0,-0.0149357360827019
5080,0.507951,0.508001,1,0,-0.01345704213897
5081,0.508051,0.508101,1,0,-0.01345704213897
5082,0.508151,0.508201,1,0,-0.01345704213897
5083,0.508251,0.508301,1,0,-0.01345704213897
5084,0.508351,0.508401,1,0,-0.01345704213897
5085,0.508451,0.508501,1,0,-0.01345704213897
5086,0.508551,0.508601,1,0,-0.01345704213897
5087,0.508651,0.508701,1,0,-0.01345704213897
5088,0.508751,0.508801,1,0,-0.01345704213897
5089,0.508851,0.508901,1,0,-0.01345704213897
5090,0.508951,0.509001,1,0,-0.00980927147362528
5091,0.509051,0.509101,1,0,-0.00980927147362528
5092,0.509151,0.509201,1,0,-0.00980927147362528
5093,0.509251,0.509301,1,0,-0.00980927147362528
5094,0.509351,0.509401,1,0,-0.00980927147362528
5095,0.509451,0.509501,1,0,-0.00980927147362528
5096,0.509551,0.509601,1,0,-0.00980927147362528
5097,0.509651,0.509701,1,0,-0.00980927147362528
5098,0.509751,0.509801,1,0,-0.00980927147362528
5099,0.509851,0.509901,1,0,-0.00980927147362528
5100,0.509951,0.510001,1,0,-0.0066992008342745
5101,0.510051,0.510101,1,0,-0.0066992008342745
5102,0.510151,0.510201,1,0,-0.0066992008342745
5103,0.510251,0.510301,1,0,-0.0066992008342745
5104,0.510351,0.510401,1,0,-0.0066992008342745
5105,0.510451,0.510501,1,0,-0.0066992008342745
5106,0.510551,0.510601,1,0,-0.0066992008342745
5107,0.510651,0.510701,1,0,-0.0066992008342745
5108,0.510751,0.510801,1,0,-0.0066992008342745
5109,0.510851,0.510901,1,0,-0.0066992008342745
5110,0.510951,0.511001,1,0,-0.00446236038372891
5111,0.511051,0.511101,1,0,-0.00446236038372891
5112,0.511151,0.511201,1,0,-0.00446236038372891
5113,0.511251,0.511301,1,0,-0.00446236038372891
5114,0.511351,0.511401,1,0,-0.00446236038372891
5115,0.511451,0.511501,1,0,-0.00446236038372891
5116,0.511551,0.511601,1,0,-0.00446236038372891
5117,0.511651,0.511701,1,0,-0.00446236038372891
5118,0.511751,0.511801,1,0,-0.00446236038372891
5119,0.511851,0.511901,1,0,-0.00446236038372891
5120,0.511951,0.512001,1,0,-0.0029736614709721
5121,0.512051,0.512101,1,0,-0.0029736614709721
5122,0.512151,0.512201,1,0,-0.0029736614709721
5123,0.512251,0.512301,1,0,-0.0029736614709721
5124,0.512351,0.512401,1,0,-0.0029736614709721
5125,0.512451,0.512501,1,0,-0.0029736614709721
5126,0.512551,0.512601,1,0,-0.0029736614709721
5127,0.512651,0.512701,1,0,-0.0029736614709721
5128,0.512751,0.512801,1,0,-0.0029736614709721
5129,0.512851,0.512901,1,0,-0.0029736614709721
5130,0.512951,0.513001,1,0,-0.00219212054255545
5131,0.513051,0.513101,1,0,-0.00219212054255545
5132,0.513151,0.513201,1,0,-0.00219212054255545
5133,0.513251,0.513301,1,0,-0.00219212054255545
5134,0.513351,0.513401,1,0,-0.00219212054255545
5135,0.513451,0.513501,1,0,-0.00219212054255545
5136,0.513551,0.513601,1,0,-0.00219212054255545
5137,0.513651,0.513701,1,0,-0.00219212054255545
5138,0.513751,0.513801,1,0,-0.00219212054255545
5139,0.513851,0.513901,1,0,-0.00219212054255545
5140,0.513951,0.514001,1,0,-0.001824133819195
5141,0.514051,0.514101,1,0,-0.001824133819195
5142,0.514151,0.514201,1,0,-0.001824133819195
5143,0.514251,0.514301,1,0,-0.001824133819195
5144,0.514351,0.514401,1,0,-0.001824133819195
5145,0.514451,0.514501,1,0,-0.001824133819195
5146,0.514551,0.514601,1,0,-0.001824133819195
5147,0.514651,0.514701,1,0,-0.001824133819195
5148,0.514751,0.514801,1,0,-0.001824133819195
5149,0.514851,0.514901,1,0,-0.001824133819195
5150,0.514951,0.515001,1,0,-0.00158749959394928
5151,0.515051,0.515101,1,0,-0.00158749959394928
5152,0.515151,0.515201,1,0,-0.00158749959394928
5153,0.515251,0.515301,1,0,-0.00158749959394928
5154,0.515351,0.515401,1,0,-0.00158749959394928
5155,0.515451,0.515501,1,0,-0.00158749959394928
5156,0.515551,0.515601,1,0,-0.00158749959394928
5157,0.515651,0.515701,1,0,-0.00158749959394928
5158,0.515751,0.515801,1,0,-0.00158749959394928
5159,0.515851,0.515901,1,0,-0.00158749959394928
5160,0.515951,0.516001,1,0,-0.00146629012272264
5161,0.516051,0.516101,1,0,-0.00146629012272264
5162,0.516151,0.516201,1,0,-0.00146629012272264
5163,0.516251,0.516301,1,0,-0.00146629012272264
5164,0.516351,0.516401,1,0,-0.00146629012272264
5165,0.516451,0.516501,1,0,-0.00146629012272264
5166,0.516551,0.516601,1,0,-0.00146629012272264
5167,0.516651,0.516701,1,0,-0.00146629012272264
5168,0.516751,0.516801,1,0,-0.00146629012272264
5169,0.516851,0.516901,1,0,-0.00146629012272264
5170,0.516951,0.517001,1,0,-0.0014510755458917
5171,0.517051,0.517101,1,0,-0.0014510755458917
5172,0.517151,0.517201,1,0,-0.0014510755458917
5173,0.517251,0.517301,1,0,-0.0014510755458917
5174,0.517351,0.517401,1,0,-0.0014510755458917
5175,0.517451,0.517501,1,0,-0.0014510755458917
5176,0.517551,0.517601,1,0,-0.0014510755458917
5177,0.517651,0.517701,1,0,-0.0014510755458917
5178,0.517751,0.517801,1,0,-0.0014510755458917
5179,0.517851,0.517901,1,0,-0.0014510755458917
5180,0.517951,0.518001,1,0,-0.0014824101384472
5181,0.518051,0.518101,1,0,-0.0014824101384472
5182,0.518151,0.518201,1,0,-0.0014824101384472
5183,0.518251,0.518301,1,0,-0.0014824101384472
5184,0.518351,0.518401,1,0,-0.0014824101384472
5185,0.518451,0.518501,1,0,-0.0014824101384472
5186,0.518551,0.518601,1,0,-0.0014824101384472
5187,0.518651,0.518701,1,0,-0.0014824101384472
5188,0.518751,0.518801,1,0,-0.0014824101384472
5189,0.518851,0.518901,1,0,-0.0014824101384472
5190,0.518951,0.519001,1,0,-0.00148651799869037
5191,0.519051,0.519101,1,0,-0.00148651799869037
5192,0.519151,0.519201,1,0,-0.00148651799869037
5193,0.519251,0.519301,1,0,-0.00148651799869037
5194,0.519351,0.519401,1,0,-0.00148651799869037
5195,0.519451,0.519501,1,0,-0.00148651799869037
5196,0.519551,0.519601,1,0,-0.00148651799869037
5197,0.519651,0.519701,1,0,-0.00148651799869037
5198,0.519751,0.519801,1,0,-0.00148651799869037
5199,0.519851,0.519901,1,0,-0.00148651799869037
5200,0.519951,0.520001,1,0,-0.00151066427241522
5201,0.520051,0.520101,1,0,-0.00151066427241522
5202,0.520151,0.520201,1,0,-0.00151066427241522
5203,0.520251,0.520301,1,0,-0.00151066427241522
5204,0.520351,0.520401,1,0,-0.00151066427241522
5205,0.520451,0.520501,1,0,-0.00151066427241522
5206,0.520551,0.520601,1,0,-0.00151066427241522
5207,0.520651,0.520701,1,0,-0.00151066427241522
5208,0.520751,0.520801,1,0,-0.00151066427241522
5209,0.520851,0.520901,1,0,-0.00151066427241522
5210,0.520951,0.521001,1,0,-0.00158127674658933
5211,0.521051,0.521101,1,0,-0.00158127674658933
5212,0.521151,0.521201,1,0,-0.00158127674658933
5213,0.521251,0.521301,1,0,-0.00158127674658933
5214,0.521351,0.521401,1,0,-0.00158127674658933
5215,0.521451,0.521501,1,0,-0.00158127674658933
5216,0.521551,0.521601,1,0,-0.00158127674658933
5217,0.521651,0.521701,1,0,-0.00158127674658933
5218,0.521751,0.521801,1,0,-0.00158127674658933
5219,0.521851,0.521901,1,0,-0.00158127674658933
5220,0.521951,0.522001,1,0,-0.00151975264707248
5221,0.522051,0.522101,1,0,-0.00151975264707248
5222,0.522151,0.522201,1,0,-0.00151975264707248
5223,0.522251,0.522301,1,0,-0.00151975264707248
5224,0.522351,0.522401,1,0,-0.00151975264707248
5225,0.522451,0.522501,1,0,-0.00151975264707248
5226,0.522551,0.522601,1,0,-0.00151975264707248
5227,0.522651,0.522701,1,0,-0.00151975264707248
5228,0.522751,0.522801,1,0,-0.00151975264707248
5229,0.522851,0.522901,1,0,-0.00151975264707248
5230,0.522951,0.523001,1,0,-0.00171509238749314
5231,0.523051,0.523101,1,0,-0.00171509238749314
5232,0.523151,0.523201,1,0,-0.00171509238749314
5233,0.523251,0.523301,1,0,-0.00171509238749314
5234,0.523351,0.523401,1,0,-0.00171509238749314
5235,0.523451,0.523501,1,0,-0.00171509238749314
5236,0.523551,0.523601,1,0,-0.00171509238749314
5237,0.523651,0.523701,1,0,-0.00171509238749314
5238,0.523751,0.523801,1,0,-0.00171509238749314
5239,0.523851,0.523901,1,0,-0.00171509238749314
5240,0.523951,0.524001,1,0,-0.00179295217330341
5241,0.524051,0.524101,1,0,-0.00179295217330341
5242,0.524151,0.524201,1,0,-0.00179295217330341
5243,0.524251,0.524301,1,0,-0.00179295217330341
5244,0.524351,0.524401,1,0,-0.00179295217330341
5245,0.524451,0.524501,1,0,-0.00179295217330341
5246,0.524551,0.524601,1,0,-0.00179295217330341
5247,0.524651,0.524701,1,0,-0.00179295217330341
5248,0.524751,0.524801,1,0,-0.00179295217330341
5249,0.524851,0.524901,1,0,-0.00179295217330341
5250,0.524951,0.525001,1,0,-0.00192572236606225
5251,0.525051,0.525101,1,0,-0.00192572236606225
5252,0.525151,0.525201,1,0,-0.00192572236606225
5253,0.525251,0.525301,1,0,-0.00192572236606225
5254,0.525351,0.525401,1,0,-0.00192572236606225
5255,0.525451,0.525501,1,0,-0.00192572236606225
5256,0.525551,0.525601,1,0,-0.00192572236606225
5257,0.525651,0.525701,1,0,-0.00192572236606225
5258,0.525751,0.525801,1,0,-0.00192572236606225
5259,0.525851,0.525901,1,0,-0.00192572236606225
5260,0.525951,0.526001,1,0,-0.00200640032295638
5261,0.526051,0.526101,1,0,-0.00200640032295638
5262,0.526151,0.526201,1,0,-0.00200640032295638
5263,0.526251,0.526301,1,0,-0.00200640032295638
5264,0.526351,0.526401,1,0,-0.00200640032295638
5265,0.526451,0.526501,1,0,-0.00200640032295638
5266,0.526551,0.526601,1,0,-0.00200640032295638
5267,0.526651,0.526701,1,0,-0.00200640032295638
5268,0.526751,0.526801,1,0,-0.00200640032295638
5269,0.526851,0.526901,1,0,-0.00200640032295638
5270,0.526951,0.527001,1,0,-0.00198284877877999
5271,0.527051,0.527101,1,0,-0.00198284877877999
5272,0.527151,0.527201,1,0,-0.00198284877877999
5273,0.527251,0.527301,1,0,-0.00198284877877999
5274,0.527351,0.527401,1,0,-0.00198284877877999
5275,0.527451,0.527501,1,0,-0.00198284877877999
5276,0.527551,0.527601,1,0,-0.00198284877877999
5277,0.527651,0.527701,1,0,-0.00198284877877999
5278,0.527751,0.527801,1,0,-0.00198284877877999
5279,0.527851,0.527901,1,0,-0.00198284877877999
5280,0.527951,0.528001,1,0,-0.00198068282067978
5281,0.528051,0.528101,1,0,-0.00198068282067978
5282,0.528151,0.528201,1,0,-0.00198068282067978
5283,0.528251,0.528301,1,0,-0.00198068282067978
5284,0.528351,0.528401,1,0,-0.00198068282067978
5285,0.528451,0.528501,1,0,-0.00198068282067978
5286,0.528551,0.528601,1,0,-0.00198068282067978
5287,0.528651,0.528701,1,0,-0.00198068282067978
5288,0.528751,0.528801,1,0,-0.00198068282067978
5289,0.528851,0.528901,1,0,-0.00198068282067978
5290,0.528951,0.529001,1,0,-0.00193827764132278
5291,0.529051,0.529101,1,0,-0.00193827764132278
5292,0.529151,0.529201,1,0,-0.00193827764132278
5293,0.529251,0.529301,1,0,-0.00193827764132278
5294,0.529351,0.529401,1,0,-0.00193827764132278
5295,0.529451,0.529501,1,0,-0.00193827764132278
5296,0.529551,0.529601,1,0,-0.00193827764132278
5297,0.529651,0.529701,1,0,-0.00193827764132278
5298,0.529751,0.529801,1,0,-0.00193827764132278
5299,0.529851,0.529901,1,0,-0.00193827764132278
5300,0.529951,0.530001,1,0,-0.001912173014032
5301,0.530051,0.530101,1,0,-0.001912173014032
5302,0.530151,0.530201,1,0,-0.001912173014032
5303,0.530251,0.530301,1,0,-0.001912173014032
5304,0.530351,0.530401,1,0,-0.001912173014032
5305,0.530451,0.530501,1,0,-0.001912173014032
5306,0.530551,0.530601,1,0,-0.001912173014032
5307,0.530651,0.530701,1,0,-0.001912173014032
5308,0.530751,0.530801,1,0,-0.001912173014032
5309,0.530851,0.530901,1,0,-0.001912173014032
5310,0.530951,0.531001,1,0,-0.00187735135779232
5311,0.531051,0.531101,1,0,-0.00187735135779232
5312,0.531151,0.531201,1,0,-0.00187735135779232
5313,0.531251,0.531301,1,0,-0.00187735135779232
5314,0.531351,0.531401,1,0,-0.00187735135779232
5315,0.531451,0.531501,1,0,-0.00187735135779232
5316,0.531551,0.531601,1,0,-0.00187735135779232
5317,0.531651,0.531701,1,0,-0.00187735135779232
5318,0.531751,0.531801,1,0,-0.00187735135779232
5319,0.531851,0.531901,1,0,-0.00187735135779232
5320,0.531951,0.532001,1,0,-0.00188019255313379
5321,0.532051,0.532101,1,0,-0.00188019255313379
5322,0.532151,0.532201,1,0,-0.00188019255313379
5323,0.532251,0.532301,1,0,-0.00188019255313379
5324,0.532351,0.532401,1,0,-0.00188019255313379
5325,0.532451,0.532501,1,0,-0.00188019255313379
5326,0.532551,0.532601,1,0,-0.00188019255313379
5327,0.532651,0.532701,1,0,-0.00188019255313379
5328,0.532751,0.532801,1,0,-0.00188019255313379
5329,0.532851,0.532901,1,0,-0.00188019255313379
5330,0.532951,0.533001,1,0,-0.00189457747579785
5331,0.533051,0.533101,1,0,-0.00189457747579785
5332,0.533151,0.533201,1,0,-0.00189457747579785
5333,0.533251,0.533301,1,0,-0.00189457747579785
5334,0.533351,0.533401,1,0,-0.00189457747579785
5335,0.533451,0.533501,1,0,-0.00189457747579785
5336,0.533551,0.533601,1,0,-0.00189457747579785
5337,0.533651,0.533701,1,0,-0.00189457747579785
5338,0.533751,0.533801,1,0,-0.00189457747579785
5339,0.533851,0.533901,1,0,-0.00189457747579785
5340,0.533951,0.534001,1,0,-0.00181461631909063
5341,0.534051,0.534101,1,0,-0.00181461631909063
5342,0.534151,0.534201,1,0,-0.00181461631909063
5343,0.534251,0.534301,1,0,-0.00181461631909063
5344,0.534351,0.534401,1,0,-0.00181461631909063
5345,0.534451,0.534501,1,0,-0.00181461631909063
5346,0.534551,0.534601,1,0,-0.00181461631909063
5347,0.534651,0.534701,1,0,-0.00181461631909063
5348,0.534751,0.534801,1,0,-0.00181461631909063
5349,0.534851,0.534901,1,0,-0.00181461631909063
5350,0.534951,0.535001,1,0,-0.00187912162922839
5351,0.535051,0.535101,1,0,-0.00187912162922839
5352,0.535151,0.535201,1,0,-0.00187912162922839
5353,0.535251,0.535301,1,0,-0.00187912162922839
5354,0.535351,0.535401,1,0,-0.00187912162922839
5355,0.535451,0.535501,1,0,-0.00187912162922839
5356,0.535551,0.535601,1,0,-0.00187912162922839
5357,0.535651,0.535701,1,0,-0.00187912162922839
5358,0.535751,0.535801,1,0,-0.00187912162922839
5359,0.535851,0.535901,1,0,-0.00187912162922839
5360,0.535951,0.536001,1,0,-0.00191206828784686
5361,0.536051,0.536101,1,0,-0.00191206828784686
5362,0.536151,0.536201,1,0,-0.00191206828784686
5363,0.536251,0.536301,1,0,-0.00191206828784686
5364,0.536351,0.536401,1,0,-0.00191206828784686
5365,0.536451,0.536501,1,0,-0.00191206828784686
5366,0.536551,0.536601,1,0,-0.00191206828784686
5367,0.536651,0.536701,1,0,-0.00191206828784686
5368,0.536751,0.536801,1,0,-0.00191206828784686
5369,0.536851,0.536901,1,0,-0.00191206828784686
5370,0.536951,0.537001,1,0,-0.00188601226418846
5371,0.537051,0.537101,1,0,-0.00188601226418846
5372,0.537151,0.537201,1,0,-0.00188601226418846
5373,0.537251,0.537301,1,0,-0.00188601226418846
5374,0.537351,0.537401,1,0,-0.00188601226418846
5375,0.537451,0.537501,1,0,-0.00188601226418846
5376,0.537551,0.537601,1,0,-0.00188601226418846
5377,0.537651,0.537701,1,0,-0.00188601226418846
5378,0.537751,0.537801,1,0,-0.00188601226418846
5379,0.537851,0.537901,1,0,-0.00188601226418846
5380,0.537951,0.538001,1,0,-0.00190066778855244
5381,0.538051,0.538101,1,0,-0.00190066778855244
5382,0.538151,0.538201,1,0,-0.00190066778855244
5383,0.538251,0.538301,1,0,-0.00190066778855244
5384,0.538351,0.538401,1,0,-0.00190066778855244
5385,0.538451,0.538501,1,0,-0.00190066778855244
5386,0.538551,0.538601,1,0,-0.00190066778855244
5387,0.538651,0.538701,1,0,-0.00190066778855244
5388,0.538751,0.538801,1,0,-0.00190066778855244
5389,0.538851,0.538901,1,0,-0.00190066778855244
5390,0.538951,0.539001,1,0,-0.00201334372641924
5391,0.539051,0.539101,1,0,-0.00201334372641924
5392,0.539151,0.539201,1,0,-0.00201334372641924
5393,0.539251,0.539301,1,0,-0.00201334372641924
5394,0.539351,0.539401,1,0,-0.00201334372641924
5395,0.539451,0.539501,1,0,-0.00201334372641924
5396,0.539551,0.539601,1,0,-0.00201334372641924
5397,0.539651,0.539701,1,0,-0.00201334372641924
5398,0.539751,0.539801,1,0,-0.00201334372641924
5399,0.539851,0.539901,1,0,-0.00201334372641924
5400,0.539951,0.540001,1,0,-0.00195440469547916
5401,0.540051,0.540101,1,0,-0.00195440469547916
5402,0.540151,0.540201,1,0,-0.00195440469547916
5403,0.540251,0.540301,1,0,-0.00195440469547916
5404,0.540351,0.540401,1,0,-0.00195440469547916
5405,0.540451,0.540501,1,0,-0.00195440469547916
5406,0.540551,0.540601,1,0,-0.00195440469547916
5407,0.540651,0.540701,1,0,-0.00195440469547916
5408,0.540751,0.540801,1,0,-0.00195440469547916
5409,0.540851,0.540901,1,0,-0.00195440469547916
5410,0.540951,0.541001,1,0,-0.00196231699714999
5411,0.541051,0.541101,1,0,-0.00196231699714999
5412,0.541151,0.541201,1,0,-0.00196231699714999
5413,0.541251,0.541301,1,0,-0.00196231699714999
5414,0.541351,0.541401,1,0,-0.00196231699714999
5415,0.541451,0.541501,1,0,-0.00196231699714999
5416,0.541551,0.541601,1,0,-0.00196231699714999
5417,0.541651,0.541701,1,0,-0.00196231699714999
5418,0.541751,0.541801,1,0,-0.00196231699714999
5419,0.541851,0.541901,1,0,-0.00196231699714999
5420,0.541951,0.542001,1,0,-0.00197083906718735
5421,0.542051,0.542101,1,0,-0.00197083906718735
5422,0.542151,0.542201,1,0,-0.00197083906718735
5423,0.542251,0.542301,1,0,-0.00197083906718735
5424,0.542351,0.542401,1,0,-0.00197083906718735
5425,0.542451,0.542501,1,0,-0.00197083906718735
5426,0.542551,0.542601,1,0,-0.00197083906718735
5427,0.542651,0.542701,1,0,-0.00197083906718735
5428,0.542751,0.542801,1,0,-0.00197083906718735
5429,0.542851,0.542901,1,0,-0.00197083906718735
5430,0.542951,0.543001,1,0,-0.00195513264332839
5431,0.543051,0.543101,1,0,-0.00195513264332839
5432,0.543151,0.543201,1,0,-0.00195513264332839
5433,0.543251,0.543301,1,0,-0.00195513264332839
5434,0.543351,0.543401,1,0,-0.00195513264332839
5435,0.543451,0.543501,1,0,-0.00195513264332839
5436,0.543551,0.543601,1,0,-0.00195513264332839
5437,0.543651,0.543701,1,0,-0.00195513264332839
5438,0.543751,0.543801,1,0,-0.00195513264332839
5439,0.543851,0.543901,1,0,-0.00195513264332839
5440,0.543951,0.544001,1,0,-0.00198876702209018
5441,0.544051,0.544101,1,0,-0.00198876702209018
5442,0.544151,0.544201,1,0,-0.00198876702209018
5443,0.544251,0.544301,1,0,-0.00198876702209018
5444,0.544351,0.544401,1,0,-0.00198876702209018
5445,0.544451,0.544501,1,0,-0.00198876702209018
5446,0.544551,0.544601,1,0,-0.00198876702209018
5447,0.544651,0.544701,1,0,-0.00198876702209018
5448,0.544751,0.544801,1,0,-0.00198876702209018
5449,0.544851,0.544901,1,0,-0.00198876702209018
5450,0.544951,0.545001,1,0,-0.00199508840668663
5451,0.545051,0.545101,1,0,-0.00199508840668663
5452,0.545151,0.545201,1,0,-0.00199508840668663
5453,0.545251,0.545301,1,0,-0.00199508840668663
5454,0.545351,0.545401,1,0,-0.00199508840668663
5455,0.545451,0.545501,1,0,-0.00199508840668663
5456,0.545551,0.545601,1,0,-0.00199508840668663
5457,0.545651,0.545701,1,0,-0.00199508840668663
5458,0.545751,0.545801,1,0,-0.00199508840668663
5459,0.545851,0.545901,1,0,-0.00199508840668663
5460,0.545951,0.546001,1,0,-0.00202467698829734
5461,0.546051,0.546101,1,0,-0.00202467698829734
5462,0.546151,0.546201,1,0,-0.00202467698829734
5463,0.546251,0.546301,1,0,-0.00202467698829734
5464,0.546351,0.546401,1,0,-0.00202467698829734
5465,0.546451,0.546501,1,0,-0.00202467698829734
5466,0.546551,0.546601,1,0,-0.00202467698829734
5467,0.546651,0.546701,1,0,-0.00202467698829734
5468,0.546751,0.546801,1,0,-0.00202467698829734
5469,0.546851,0.546901,1,0,-0.00202467698829734
5470,0.546951,0.547001,1,0,-0.00195620238197091
5471,0.547051,0.547101,1,0,-0.00195620238197091
5472,0.547151,0.547201,1,0,-0.00195620238197091
5473,0.547251,0.547301,1,0,-0.00195620238197091
5474,0.547351,0.547401,1,0,-0.00195620238197091
5475,0.547451,0.547501,1,0,-0.00195620238197091
5476,0.547551,0.547601,1,0,-0.00195620238197091
5477,0.547651,0.547701,1,0,-0.00195620238197091
5478,0.547751,0.547801,1,0,-0.00195620238197091
5479,0.547851,0.547901,1,0,-0.00195620238197091
5480,0.547951,0.548001,1,0,-0.00198627491441992
5481,0.548051,0.548101,1,0,-0.00198627491441992
5482,0.548151,0.548201,1,0,-0.00198627491441992
5483,0.548251,0.548301,1,0,-0.00198627491441992
5484,0.548351,0.548401,1,0,-0.00198627491441992
5485,0.548451,0.548501,1,0,-0.00198627491441992
5486,0.548551,0.548601,1,0,-0.00198627491441992
5487,0.548651,0.548701,1,0,-0.00198627491441992
5488,0.548751,0.548801,1,0,-0.00198627491441992
5489,0.548851,0.548901,1,0,-0.00198627491441992
5490,0.548951,0.549001,1,0,-0.00196988402933842
5491,0.549051,0.549101,1,0,-0.00196988402933842
5492,0.549151,0.549201,1,0,-0.00196988402933842
5493,0.549251,0.549301,1,0,-0.00196988402933842
5494,0.549351,0.549401,1,0,-0.00196988402933842
5495,0.549451,0.549501,1,0,-0.00196988402933842
5496,0.549551,0.549601,1,0,-0.00196988402933842
5497,0.549651,0.549701,1,0,-0.00196988402933842
5498,0.549751,0.549801,1,0,-0.00196988402933842
5499,0.549851,0.549901,1,0,-0.00196988402933842
5500,0.549951,0.550001,1,0,-0.00200835393282
5501,0.550051,0.550101,1,0,-0.00200835393282
5502,0.550151,0.550201,1,0,-0.00200835393282
5503,0.550251,0.550301,1,0,-0.00200835393282
5504,0.550351,0.550401,1,0,-0.00200835393282
5505,0.550451,0.550501,1,0,-0.00200835393282
5506,0.550551,0.550601,1,0,-0.00200835393282
5507,0.550651,0.550701,1,0,-0.00200835393282
5508,0.550751,0.550801,1,0,-0.00200835393282
5509,0.550851,0.550901,1,0,-0.00200835393282
5510,0.550951,0.551001,1,0,-0.00201181210038155
5511,0.551051,0.551101,1,0,-0.00201181210038155
5512,0.551151,0.551201,1,0,-0.00201181210038155
5513,0.551251,0.551301,1,0,-0.00201181210038155
5514,0.551351,0.551401,1,0,-0.00201181210038155
5515,0.551451,0.551501,1,0,-0.00201181210038155
5516,0.551551,0.551601,1,0,-0.00201181210038155
5517,0.551651,0.551701,1,0,-0.00201181210038155
5518,0.551751,0.551801,1,0,-0.00201181210038155
5519,0.551851,0.551901,1,0,-0.00201181210038155
5520,0.551951,0.552001,1,0,-0.00203044418904469
5521,0.552051,0.552101,1,0,-0.00203044418904469
5522,0.552151,0.552201,1,0,-0.00203044418904469
5523,0.552251,0.552301,1,0,-0.00203044418904469
5524,0.552351,0.552401,1,0,-0.00203044418904469
5525,0.552451,0.552501,1,0,-0.00203044418904469
5526,0.552551,0.552601,1,0,-0.00203044418904469
5527,0.552651,0.552701,1,0,-0.00203044418904469
5528,0.552751,0.552801,1,0,-0.00203044418904469
5529,0.552851,0.552901,1,0,-0.00203044418904469
5530,0.552951,0.553001,1,0,-0.00201161957204944
5531,0.553051,0.553101,1,0,-0.00201161957204944
5532,0.553151,0.553201,1,0,-0.00201161957204944
5533,0.553251,0.553301,1,0,-0.00201161957204944
5534,0.553351,0.553401,1,0,-0.00201161957204944
5535,0.553451,0.553501,1,0,-0.00201161957204944
5536,0.553551,0.553601,1,0,-0.00201161957204944
5537,0.553651,0.553701,1,0,-0.00201161957204944
5538,0.553751,0.553801,1,0,-0.00201161957204944
5539,0.553851,0.553901,1,0,-0.00201161957204944
5540,0.553951,0.554001,1,0,-0.00210569719381506
5541,0.554051,0.554101,1,0,-0.00210569719381506
5542,0.554151,0.554201,1,0,-0.00210569719381506
5543,0.554251,0.554301,1,0,-0.00210569719381506
5544,0.554351,0.554401,1,0,-0.00210569719381506
5545,0.554451,0.554501,1,0,-0.00210569719381506
5546,0.554551,0.554601,1,0,-0.00210569719381506
5547,0.554651,0.554701,1,0,-0.00210569719381506
5548,0.554751,0.554801,1,0,-0.00210569719381506
5549,0.554851,0.554901,1,0,-0.00210569719381506
5550,0.554951,0.555001,1,0,-0.00214183302915998
5551,0.555051,0.555101,1,0,-0.00214183302915998
5552,0.555151,0.555201,1,0,-0.00214183302915998
5553,0.555251,0.555301,1,0,-0.00214183302915998
5554,0.555351,0.555401,1,0,-0.00214183302915998
5555,0.555451,0.555501,1,0,-0.00214183302915998
5556,0.555551,0.555601,1,0,-0.00214183302915998
5557,0.555651,0.555701,1,0,-0.00214183302915998
5558,0.555751,0.555801,1,0,-0.00214183302915998
5559,0.555851,0.555901,1,0,-0.00214183302915998
5560,0.555951,0.556001,1,0,-0.00225886860514349
5561,0.556051,0.556101,1,0,-0.00225886860514349
5562,0.556151,0.556201,1,0,-0.00225886860514349
5563,0.556251,0.556301,1,0,-0.00225886860514349
5564,0.556351,0.556401,1,0,-0.00225886860514349
5565,0.556451,0.556501,1,0,-0.00225886860514349
5566,0.556551,0.556601,1,0,-0.00225886860514349
5567,0.556651,0.556701,1,0,-0.00225886860514349
5568,0.556751,0.556801,1,0,-0.00225886860514349
5569,0.556851,0.556901,1,0,-0.00225886860514349
5570,0.556951,0.557001,1,0,-0.00227923752885441
5571,0.557051,0.557101,1,0,-0.00227923752885441
5572,0.557151,0.557201,1,0,-0.00227923752885441
5573,0.557251,0.557301,1,0,-0.00227923752885441
5574,0.557351,0.557401,1,0,-0.00227923752885441
5575,0.557451,0.557501,1,0,-0.00227923752885441
5576,0.557551,0.557601,1,0,-0.00227923752885441
5577,0.557651,0.557701,1,0,-0.00227923752885441
5578,0.557751,0.557801,1,0,-0.00227923752885441
5579,0.557851,0.557901,1,0,-0.00227923752885441
5580,0.557951,0.558001,1,0,-0.00225924131357394
5581,0.558051,0.558101,1,0,-0.00225924131357394
5582,0.558151,0.558201,1,0,-0.00225924131357394
5583,0.558251,0.558301,1,0,-0.00225924131357394
5584,0.558351,0.558401,1,0,-0.00225924131357394
5585,0.558451,0.558501,1,0,-0.00225924131357394
5586,0.558551,0.558601,1,0,-0.00225924131357394
5587,0.558651,0.558701,1,0,-0.00225924131357394
5588,0.558751,0.558801,1,0,-0.00225924131357394
5589,0.558851,0.558901,1,0,-0.00225924131357394
5590,0.558951,0.559001,1,0,-0.0021480220582784
5591,0.559051,0.559101,1,0,-0.0021480220582784
5592,0.559151,0.559201,1,0,-0.0021480220582784
5593,0.559251,0.559301,1,0,-0.0021480220582784
5594,0.559351,0.559401,1,0,-0.0021480220582784
5595,0.559451,0.559501,1,0,-0.0021480220582784
5596,0.559551,0.559601,1,0,-0.0021480220582784
5597,0.559651,0.559701,1,0,-0.0021480220582784
5598,0.559751,0.559801,1,0,-0.0021480220582784
5599,0.559851,0.559901,1,0,-0.0021480220582784
5600,0.559951,0.560001,1,0,-0.00209352243689078
5601,0.560051,0.560101,1,0,-0.00209352243689078
5602,0.560151,0.560201,1,0,-0.00209352243689078
5603,0.560251,0.560301,1,0,-0.00209352243689078
5604,0.560351,0.560401,1,0,-0.00209352243689078
5605,0.560451,0.560501,1,0,-0.00209352243689078
5606,0.560551,0.560601,1,0,-0.00209352243689078
5607,0.560651,0.560701,1,0,-0.00209352243689078
5608,0.560751,0.560801,1,0,-0.00209352243689078
5609,0.560851,0.560901,1,0,-0.00209352243689078
5610,0.560951,0.561001,1,0,-0.00204928083825057
5611,0.561051,0.561101,1,0,-0.00204928083825057
5612,0.561151,0.561201,1,0,-0.00204928083825057
5613,0.561251,0.561301,1,0,-0.00204928083825057
5614,0.561351,0.561401,1,0,-0.00204928083825057
5615,0.561451,0.561501,1,0,-0.00204928083825057
5616,0.561551,0.561601,1,0,-0.00204928083825057
5617,0.561651,0.561701,1,0,-0.00204928083825057
5618,0.561751,0.561801,1,0,-0.00204928083825057
5619,0.561851,0.561901,1,0,-0.00204928083825057
5620,0.561951,0.562001,1,0,-0.00207019445866598
5621,0.562051,0.562101,1,0,-0.00207019445866598
5622,0.562151,0.562201,1,0,-0.00207019445866598
5623,0.562251,0.562301,1,0,-0.00207019445866598
5624,0.562351,0.562401,1,0,-0.00207019445866598
5625,0.562451,0.562501,1,0,-0.00207019445866598
5626,0.562551,0.562601,1,0,-0.00207019445866598
5627,0.562651,0.562701,1,0,-0.00207019445866598
5628,0.562751,0.562801,1,0,-0.00207019445866598
5629,0.562851,0.562901,1,0,-0.00207019445866598
5630,0.562951,0.563001,1,0,-0.00194527164725709
5631,0.563051,0.563101,1,0,-0.00194527164725709
5632,0.563151,0.563201,1,0,-0.00194527164725709
5633,0.563251,0.563301,1,0,-0.00194527164725709
5634,0.563351,0.563401,1,0,-0.00194527164725709
5635,0.563451,0.563501,1,0,-0.00194527164725709
5636,0.563551,0.563601,1,0,-0.00194527164725709
5637,0.563651,0.563701,1,0,-0.00194527164725709
5638,0.563751,0.563801,1,0,-0.00194527164725709
5639,0.563851,0.563901,1,0,-0.00194527164725709
5640,0.563951,0.564001,1,0,-0.00197291562630912
5641,0.564051,0.564101,1,0,-0.00197291562630912
5642,0.564151,0.564201,1,0,-0.00197291562630912
5643,0.564251,0.564301,1,0,-0.00197291562630912
5644,0.564351,0.564401,1,0,-0.00197291562630912
5645,0.564451,0.564501,1,0,-0.00197291562630912
5646,0.564551,0.564601,1,0,-0.00197291562630912
5647,0.564651,0.564701,1,0,-0.00197291562630912
5648,0.564751,0.564801,1,0,-0.00197291562630912
5649,0.564851,0.564901,1,0,-0.00197291562630912
5650,0.564951,0.565001,1,0,-0.0019735402329641
5651,0.565051,0.565101,1,0,-0.0019735402329641
5652,0.565151,0.565201,1,0,-0.0019735402329641
5653,0.565251,0.565301,1,0,-0.0019735402329641
5654,0.565351,0.565401,1,0,-0.0019735402329641
5655,0.565451,0.565501,1,0,-0.0019735402329641
5656,0.565551,0.565601,1,0,-0.0019735402329641
5657,0.565651,0.565701,1,0,-0.0019735402329641
5658,0.565751,0.565801,1,0,-0.0019735402329641
5659,0.565851,0.565901,1,0,-0.0019735402329641
5660,0.565951,0.566001,1,0,-0.00197302608700741
5661,0.566051,0.566101,1,0,-0.00197302608700741
5662,0.566151,0.566201,1,0,-0.00197302608700741
5663,0.566251,0.566301,1,0,-0.00197302608700741
5664,0.566351,0.566401,1,0,-0.00197302608700741
5665,0.566451,0.566501,1,0,-0.00197302608700741
5666,0.566551,0.566601,1,0,-0.00197302608700741
5667,0.566651,0.566701,1,0,-0.00197302608700741
5668,0.566751,0.566801,1,0,-0.00197302608700741
5669,0.566851,0.566901,1,0,-0.00197302608700741
5670,0.566951,0.567001,1,0,-0.00198317551841902
5671,0.567051,0.567101,1,0,-0.00198317551841902
5672,0.567151,0.567201,1,0,-0.00198317551841902
5673,0.567251,0.567301,1,0,-0.00198317551841902
5674,0.567351,0.567401,1,0,-0.00198317551841902
5675,0.567451,0.567501,1,0,-0.00198317551841902
5676,0.567551,0.567601,1,0,-0.00198317551841902
5677,0.567651,0.567701,1,0,-0.00198317551841902
5678,0.567751,0.567801,1,0,-0.00198317551841902
5679,0.567851,0.567901,1,0,-0.00198317551841902
5680,0.567951,0.568001,1,0,-0.00199743392190495
5681,0.568051,0.568101,1,0,-0.00199743392190495
5682,0.568151,0.568201,1,0,-0.00199743392190495
5683,0.568251,0.568301,1,0,-0.00199743392190495
5684,0.568351,0.568401,1,0,-0.00199743392190495
5685,0.568451,0.568501,1,0,-0.00199743392190495
5686,0.568551,0.568601,1,0,-0.00199743392190495
5687,0.568651,0.568701,1,0,-0.00199743392190495
5688,0.568751,0.568801,1,0,-0.00199743392190495
5689,0.568851,0.568901,1,0,-0.00199743392190495
5690,0.568951,0.569001,1,0,-0.00203951417785887
5691,0.569051,0.569101,1,0,-0.00203951417785887
5692,0.569151,0.569201,1,0,-0.00203951417785887
5693,0.569251,0.569301,1,0,-0.00203951417785887
5694,0.569351,0.569401,1,0,-0.00203951417785887
5695,0.569451,0.569501,1,0,-0.00203951417785887
5696,0.569551,0.569601,1,0,-0.00203951417785887
5697,0.569651,0.569701,1,0,-0.00203951417785887
5698,0.569751,0.569801,1,0,-0.00203951417785887
5699,0.569851,0.569901,1,0,-0.00203951417785887
5700,0.569951,0.570001,1,0,-0.00205235517362505
5701,0.570051,0.570101,1,0,-0.00205235517362505
5702,0.570151,0.570201,1,0,-0.00205235517362505
5703,0.570251,0.570301,1,0,-0.00205235517362505
5704,0.570351,0.570401,1,0,-0.00205235517362505
5705,0.570451,0.570501,1,0,-0.00205235517362505
5706,0.570551,0.570601,1,0,-0.00205235517362505
5707,0.570651,0.570701,1,0,-0.00205235517362505
5708,0.570751,0.570801,1,0,-0.00205235517362505
5709,0.570851,0.570901,1,0,-0.00205235517362505
5710,0.570951,0.571001,1,0,-0.00199459000438123
5711,0.571051,0.571101,1,0,-0.00199459000438123
5712,0.571151,0.571201,1,0,-0.00199459000438123
5713,0.571251,0.571301,1,0,-0.00199459000438123
5714,0.571351,0.571401,1,0,-0.00199459000438123
5715,0.571451,0.571501,1,0,-0.00199459000438123
5716,0.571551,0.571601,1,0,-0.00199459000438123
5717,0.571651,0.571701,1,0,-0.00199459000438123
5718,0.571751,0.571801,1,0,-0.00199459000438123
5719,0.571851,0.571901,1,0,-0.00199459000438123
5720,0.571951,0.572001,1,0,-0.00195944233796729
5721,0.572051,0.572101,1,0,-0.00195944233796729
5722,0.572151,0.572201,1,0,-0.00195944233796729
5723,0.572251,0.572301,1,0,-0.00195944233796729
5724,0.572351,0.572401,1,0,-0.00195944233796729
5725,0.572451,0.572501,1,0,-0.00195944233796729
5726,0.572551,0.572601,1,0,-0.00195944233796729
5727,0.572651,0.572701,1,0,-0.00195944233796729
5728,0.572751,0.572801,1,0,-0.00195944233796729
5729,0.572851,0.572901,1,0,-0.00195944233796729
5730,0.572951,0.573001,1,0,-0.00199466700172748
5731,0.573051,0.573101,1,0,-0.00199466700172748
5732,0.573151,0.573201,1,0,-0.00199466700172748
5733,0.573251,0.573301,1,0,-0.00199466700172748
5734,0.573351,0.573401,1,0,-0.00199466700172748
5735,0.573451,0.573501,1,0,-0.00199466700172748
5736,0.573551,0.573601,1,0,-0.00199466700172748
5737,0.573651,0.573701,1,0,-0.00199466700172748
5738,0.573751,0.573801,1,0,-0.00199466700172748
5739,0.573851,0.573901,1,0,-0.00199466700172748
5740,0.573951,0.574001,1,0,-0.00200986475612929
5741,0.574051,0.574101,1,0,-0.00200986475612929
5742,0.574151,0.574201,1,0,-0.00200986475612929
5743,0.574251,0.574301,1,0,-0.00200986475612929
5744,0.574351,0.574401,1,0,-0.00200986475612929
5745,0.574451,0.574501,1,0,-0.00200986475612929
5746,0.574551,0.574601,1,0,-0.00200986475612929
5747,0.574651,0.574701,1,0,-0.00200986475612929
5748,0.574751,0.574801,1,0,-0.00200986475612929
5749,0.574851,0.574901,1,0,-0.00200986475612929
5750,0.574951,0.575001,1,0,-0.00197525820426547
5751,0.575051,0.575101,1,0,-0.00197525820426547
5752,0.575151,0.575201,1,0,-0.00197525820426547
5753,0.575251,0.575301,1,0,-0.00197525820426547
5754,0.575351,0.575401,1,0,-0.00197525820426547
5755,0.575451,0.575501,1,0,-0.00197525820426547
5756,0.575551,0.575601,1,0,-0.00197525820426547
5757,0.575651,0.575701,1,0,-0.00197525820426547
5758,0.575751,0.575801,1,0,-0.00197525820426547
5759,0.575851,0.575901,1,0,-0.00197525820426547
5760,0.575951,0.576001,1,0,-0.00200459610993682
5761,0.576051,0.576101,1,0,-0.00200459610993682
5762,0.576151,0.576201,1,0,-0.00200459610993682
5763,0.576251,0.576301,1,0,-0.00200459610993682
5764,0.576351,0.576401,1,0,-0.00200459610993682
5765,0.576451,0.576501,1,0,-0.00200459610993682
5766,0.576551,0.576601,1,0,-0.00200459610993682
5767,0.576651,0.576701,1,0,-0.00200459610993682
5768,0.576751,0.576801,1,0,-0.00200459610993682
5769,0.576851,0.576901,1,0,-0.00200459610993682
5770,0.576951,0.577001,1,0,-0.00196954329199159
5771,0.577051,0.577101,1,0,-0.00196954329199159
5772,0.577151,0.577201,1,0,-0.00196954329199159
5773,0.577251,0.577301,1,0,-0.00196954329199159
5774,0.577351,0.577401,1,0,-0.00196954329199159
5775,0.577451,0.577501,1,0,-0.00196954329199159
5776,0.577551,0.577601,1,0,-0.00196954329199159
5777,0.577651,0.577701,1,0,-0.00196954329199159
5778,0.577751,0.577801,1,0,-0.00196954329199159
5779,0.577851,0.577901,1,0,-0.00196954329199159
5780,0.577951,0.578001,1,0,-0.00199318760152838
5781,0.578051,0.578101,1,0,-0.00199318760152838
5782,0.578151,0.578201,1,0,-0.00199318760152838
5783,0.578251,0.578301,1,0,-0.00199318760152838
5784,0.578351,0.578401,1,0,-0.00199318760152838
5785,0.578451,0.578501,1,0,-0.00199318760152838
5786,0.578551,0.578601,1,0,-0.00199318760152838
5787,0.578651,0.578701,1,0,-0.00199318760152838
5788,0.578751,0.578801,1,0,-0.00199318760152838
5789,0.578851,0.578901,1,0,-0.00199318760152838
5790,0.578951,0.579001,1,0,-0.00201833366137291
5791,0.579051,0.579101,1,0,-0.00201833366137291
5792,0.579151,0.579201,1,0,-0.00201833366137291
5793,0.579251,0.579301,1,0,-0.00201833366137291
5794,0.579351,0.579401,1,0,-0.00201833366137291
5795,0.579451,0.579501,1,0,-0.00201833366137291
5796,0.579551,0.579601,1,0,-0.00201833366137291
5797,0.579651,0.579701,1,0,-0.00201833366137291
5798,0.579751,0.579801,1,0,-0.00201833366137291
5799,0.579851,0.579901,1,0,-0.00201833366137291
5800,0.579951,0.580001,1,0,-0.00202699714429299
5801,0.580051,0.580101,1,0,-0.00202699714429299
5802,0.580151,0.580201,1,0,-0.00202699714429299
5803,0.580251,0.580301,1,0,-0.00202699714429299
5804,0.580351,0.580401,1,0,-0.00202699714429299
5805,0.580451,0.580501,1,0,-0.00202699714429299
5806,0.580551,0.580601,1,0,-0.00202699714429299
5807,0.580651,0.580701,1,0,-0.00202699714429299
5808,0.580751,0.580801,1,0,-0.00202699714429299
5809,0.580851,0.580901,1,0,-0.00202699714429299
5810,0.580951,0.581001,1,0,-0.0020476847216346
5811,0.581051,0.581101,1,0,-0.0020476847216346
5812,0.581151,0.581201,1,0,-0.0020476847216346
5813,0.581251,0.581301,1,0,-0.0020476847216346
5814,0.581351,0.581401,1,0,-0.0020476847216346
5815,0.581451,0.581501,1,0,-0.0020476847216346
5816,0.581551,0.581601,1,0,-0.0020476847216346
5817,0.581651,0.581701,1,0,-0.0020476847216346
5818,0.581751,0.581801,1,0,-0.0020476847216346
5819,0.581851,0.581901,1,0,-0.0020476847216346
5820,0.581951,0.582001,1,0,-0.00205099467149158
5821,0.582051,0.582101,1,0,-0.00205099467149158
5822,0.582151,0.582201,1,0,-0.00205099467149158
5823,0.582251,0.582301,1,0,-0.00205099467149158
5824,0.582351,0.582401,1,0,-0.00205099467149158
5825,0.582451,0.582501,1,0,-0.00205099467149158
5826,0.582551,0.582601,1,0,-0.00205099467149158
5827,0.582651,0.582701,1,0,-0.00205099467149158
5828,0.582751,0.582801,1,0,-0.00205099467149158
5829,0.582851,0.582901,1,0,-0.00205099467149158
5830,0.582951,0.583001,1,0,-0.00199512948062019
5831,0.583051,0.583101,1,0,-0.00199512948062019
5832,0.583151,0.583201,1,0,-0.00199512948062019
5833,0.583251,0.583301,1,0,-0.00199512948062019
5834,0.583351,0.583401,1,0,-0.00199512948062019
5835,0.583451,0.583501,1,0,-0.00199512948062019
5836,0.583551,0.583601,1,0,-0.00199512948062019
5837,0.583651,0.583701,1,0,-0.00199512948062019
5838,0.583751,0.583801,1,0,-0.00199512948062019
5839,0.583851,0.583901,1,0,-0.00199512948062019
5840,0.583951,0.584001,1,0,-0.00208995259518952
5841,0.584051,0.584101,1,0,-0.00208995259518952
5842,0.584151,0.584201,1,0,-0.00208995259518952
5843,0.584251,0.584301,1,0,-0.00208995259518952
5844,0.584351,0.584401,1,0,-0.00208995259518952
5845,0.584451,0.584501,1,0,-0.00208995259518952
5846,0.584551,0.584601,1,0,-0.00208995259518952
5847,0.584651,0.584701,1,0,-0.00208995259518952
5848,0.584751,0.584801,1,0,-0.00208995259518952
5849,0.584851,0.584901,1,0,-0.00208995259518952
5850,0.584951,0.585001,1,0,-0.00219707620588658
5851,0.585051,0.585101,1,0,-0.00219707620588658
5852,0.585151,0.585201,1,0,-0.00219707620588658
5853,0.585251,0.585301,1,0,-0.00219707620588658
5854,0.585351,0.585401,1,0,-0.00219707620588658
5855,0.585451,0.585501,1,0,-0.00219707620588658
5856,0.585551,0.585601,1,0,-0.00219707620588658
5857,0.585651,0.585701,1,0,-0.00219707620588658
5858,0.585751,0.585801,1,0,-0.00219707620588658
5859,0.585851,0.585901,1,0,-0.00219707620588658
5860,0.585951,0.586001,1,0,-0.00231310495786354
5861,0.586051,0.586101,1,0,-0.00231310495786354
5862,0.586151,0.586201,1,0,-0.00231310495786354
5863,0.586251,0.586301,1,0,-0.00231310495786354
5864,0.586351,0.586401,1,0,-0.00231310495786354
5865,0.586451,0.586501,1,0,-0.00231310495786354
5866,0.586551,0.586601,1,0,-0.00231310495786354
5867,0.586651,0.586701,1,0,-0.00231310495786354
5868,0.586751,0.586801,1,0,-0.00231310495786354
5869,0.586851,0.586901,1,0,-0.00231310495786354
5870,0.586951,0.587001,1,0,-0.0022895319447222
5871,0.587051,0.587101,1,0,-0.0022895319447222
5872,0.587151,0.587201,1,0,-0.0022895319447222
5873,0.587251,0.587301,1,0,-0.0022895319447222
5874,0.587351,0.587401,1,0,-0.0022895319447222
5875,0.587451,0.587501,1,0,-0.0022895319447222
5876,0.587551,0.587601,1,0,-0.0022895319447222
5877,0.587651,0.587701,1,0,-0.0022895319447222
5878,0.587751,0.587801,1,0,-0.0022895319447222
5879,0.587851,0.587901,1,0,-0.0022895319447222
5880,0.587951,0.588001,1,0,-0.00221859927215432
5881,0.588051,0.588101,1,0,-0.00221859927215432
5882,0.588151,0.588201,1,0,-0.00221859927215432
5883,0.588251,0.588301,1,0,-0.00221859927215432
5884,0.588351,0.588401,1,0,-0.00221859927215432
5885,0.588451,0.588501,1,0,-0.00221859927215432
5886,0.588551,0.588601,1,0,-0.00221859927215432
5887,0.588651,0.588701,1,0,-0.00221859927215432
5888,0.588751,0.588801,1,0,-0.00221859927215432
5889,0.588851,0.588901,1,0,-0.00221859927215432
5890,0.588951,0.589001,1,0,-0.00211836426621351
5891,0.589051,0.589101,1,0,-0.00211836426621351
5892,0.589151,0.589201,1,0,-0.00211836426621351
5893,0.589251,0.589301,1,0,-0.00211836426621351
5894,0.589351,0.589401,1,0,-0.00211836426621351
5895,0.589451,0.589501,1,0,-0.00211836426621351
5896,0.589551,0.589601,1,0,-0.00211836426621351
5897,0.589651,0.589701,1,0,-0.00211836426621351
5898,0.589751,0.589801,1,0,-0.00211836426621351
5899,0.589851,0.589901,1,0,-0.00211836426621351
5900,0.589951,0.590001,1,0,-0.00206056156006264
5901,0.590051,0.590101,1,0,-0.00206056156006264
5902,0.590151,0.590201,1,0,-0.00206056156006264
5903,0.590251,0.590301,1,0,-0.00206056156006264
5904,0.590351,0.590401,1,0,-0.00206056156006264
5905,0.590451,0.590501,1,0,-0.00206056156006264
5906,0.590551,0.590601,1,0,-0.00206056156006264
5907,0.590651,0.590701,1,0,-0.00206056156006264
5908,0.590751,0.590801,1,0,-0.00206056156006264
5909,0.590851,0.590901,1,0,-0.00206056156006264
5910,0.590951,0.591001,1,0,-0.00205861037365926
5911,0.591051,0.591101,1,0,-0.00205861037365926
5912,0.591151,0.591201,1,0,-0.00205861037365926
5913,0.591251,0.591301,1,0,-0.00205861037365926
5914,0.591351,0.591401,1,0,-0.00205861037365926
5915,0.591451,0.591501,1,0,-0.00205861037365926
5916,0.591551,0.591601,1,0,-0.00205861037365926
5917,0.591651,0.591701,1,0,-0.00205861037365926
5918,0.591751,0.591801,1,0,-0.00205861037365926
5919,0.591851,0.591901,1,0,-0.00205861037365926
5920,0.591951,0.592001,1,0,-0.00205062562901045
5921,0.592051,0.592101,1,0,-0.00205062562901045
5922,0.592151,0.592201,1,0,-0.00205062562901045
5923,0.592251,0.592301,1,0,-0.00205062562901045
5924,0.592351,0.592401,1,0,-0.00205062562901045
5925,0.592451,0.592501,1,0,-0.00205062562901045
5926,0.592551,0.592601,1,0,-0.00205062562901045
5927,0.592651,0.592701,1,0,-0.00205062562901045
5928,0.592751,0.592801,1,0,-0.00205062562901045
5929,0.592851,0.592901,1,0,-0.00205062562901045
5930,0.592951,0.593001,1,0,-0.00197177960866306
5931,0.593051,0.593101,1,0,-0.00197177960866306
5932,0.593151,0.593201,1,0,-0.00197177960866306
5933,0.593251,0.593301,1,0,-0.00197177960866306
5934,0.593351,0.593401,1,0,-0.00197177960866306
5935,0.593451,0.593501,1,0,-0.00197177960866306
5936,0.593551,0.593601,1,0,-0.00197177960866306
5937,0.593651,0.593701,1,0,-0.00197177960866306
5938,0.593751,0.593801,1,0,-0.00197177960866306
5939,0.593851,0.593901,1,0,-0.00197177960866306
5940,0.593951,0.594001,1,0,-0.00194665630088625
5941,0.594051,0.594101,1,0,-0.00194665630088625
5942,0.594151,0.594201,1,0,-0.00194665630088625
5943,0.594251,0.594301,1,0,-0.00194665630088625
5944,0.594351,0.594401,1,0,-0.00194665630088625
5945,0.594451,0.594501,1,0,-0.00194665630088625
5946,0.594551,0.594601,1,0,-0.00194665630088625
5947,0.594651,0.594701,1,0,-0.00194665630088625
5948,0.594751,0.594801,1,0,-0.00194665630088625
5949,0.594851,0.594901,1,0,-0.00194665630088625
5950,0.594951,0.595001,1,0,-0.00198961479492945
5951,0.595051,0.595101,1,0,-0.00198961479492945
5952,0.595151,0.595201,1,0,-0.00198961479492945
5953,0.595251,0.595301,1,0,-0.00198961479492945
5954,0.595351,0.595401,1,0,-0.00198961479492945
5955,0.595451,0.595501,1,0,-0.00198961479492945
5956,0.595551,0.595601,1,0,-0.00198961479492945
5957,0.595651,0.595701,1,0,-0.00198961479492945
5958,0.595751,0.595801,1,0,-0.00198961479492945
5959,0.595851,0.595901,1,0,-0.00198961479492945
5960,0.595951,0.596001,1,0,-0.00196057259293949
5961,0.596051,0.596101,1,0,-0.00196057259293949
5962,0.596151,0.596201,1,0,-0.00196057259293949
5963,0.596251,0.596301,1,0,-0.00196057259293949
5964,0.596351,0.596401,1,0,-0.00196057259293949
5965,0.596451,0.596501,1,0,-0.00196057259293949
5966,0.596551,0.596601,1,0,-0.00196057259293949
5967,0.596651,0.596701,1,0,-0.00196057259293949
5968,0.596751,0.596801,1,0,-0.00196057259293949
5969,0.596851,0.596901,1,0,-0.00196057259293949
5970,0.596951,0.597001,1,0,-0.00198010316056163
5971,0.597051,0.597101,1,0,-0.00198010316056163
5972,0.597151,0.597201,1,0,-0.00198010316056163
5973,0.597251,0.597301,1,0,-0.00198010316056163
5974,0.597351,0.597401,1,0,-0.00198010316056163
5975,0.597451,0.597501,1,0,-0.00198010316056163
5976,0.597551,0.597601,1,0,-0.00198010316056163
5977,0.597651,0.597701,1,0,-0.00198010316056163
5978,0.597751,0.597801,1,0,-0.00198010316056163
5979,0.597851,0.597901,1,0,-0.00198010316056163
5980,0.597951,0.598001,1,0,-0.00200015417532
5981,0.598051,0.598101,1,0,-0.00200015417532
5982,0.598151,0.598201,1,0,-0.00200015417532
5983,0.598251,0.598301,1,0,-0.00200015417532
5984,0.598351,0.598401,1,0,-0.00200015417532
5985,0.598451,0.598501,1,0,-0.00200015417532
5986,0.598551,0.598601,1,0,-0.00200015417532
5987,0.598651,0.598701,1,0,-0.00200015417532
5988,0.598751,0.598801,1,0,-0.00200015417532
5989,0.598851,0.598901,1,0,-0.00200015417532
5990,0.598951,0.599001,1,0,-0.00202979947988047
5991,0.599051,0.599101,1,0,-0.00202979947988047
5992,0.599151,0.599201,1,0,-0.00202979947988047
5993,0.599251,0.599301,1,0,-0.00202979947988047
5994,0.599351,0.599401,1,0,-0.00202979947988047
5995,0.599451,0.599501,1,0,-0.00202979947988047
5996,0.599551,0.599601,1,0,-0.00202979947988047
5997,0.599651,0.599701,1,0,-0.00202979947988047
5998,0.599751,0.599801,1,0,-0.00202979947988047
5999,0.599851,0.599901,1,0,-0.00202979947988047
6000,0.599951,0.600001,1,0,-0.00206389088709234
6001,0.600051,0.600101,1,0,-0.00206389088709234
6002,0.600151,0.600201,1,0,-0.00206389088709234
6003,0.600251,0.600301,1,0,-0.00206389088709234
6004,0.600351,0.600401,1,0,-0.00206389088709234
6005,0.600451,0.600501,1,0,-0.00206389088709234
6006,0.600551,0.600601,1,0,-0.00206389088709234
6007,0.600651,0.600701,1,0,-0.00206389088709234
6008,0.600751,0.600801,1,0,-0.00206389088709234
6009,0.600851,0.600901,1,0,-0.00206389088709234
6010,0.600951,0.601001,1,0,-0.00118751697799889
6011,0.601051,0.601101,1,0,-0.00118751697799889
6012,0.601151,0.601201,1,0,-0.00118751697799889
6013,0.601251,0.601301,1,0,-0.00118751697799889
6014,0.601351,0.601401,1,0,-0.00118751697799889
6015,0.601451,0.601501,1,0,-0.00118751697799889
6016,0.601551,0.601601,1,0,-0.00118751697799889
6017,0.601651,0.601701,1,0,-0.00118751697799889
6018,0.601751,0.601801,1,0,-0.00118751697799889
6019,0.601851,0.601901,1,0,-0.00118751697799889
6020,0.601951,0.602001,1,0,-0.000508827046629359
6021,0.602051,0.602101,1,0,-0.000508827046629359
6022,0.602151,0.602201,1,0,-0.000508827046629359
6023,0.602251,0.602301,1,0,-0.000508827046629359
6024,0.602351,0.602401,1,0,-0.000508827046629359
6025,0.602451,0.602501,1,0,-0.000508827046629359
6026,0.602551,0.602601,1,0,-0.000508827046629359
6027,0.602651,0.602701,1,0,-0.000508827046629359
6028,0.602751,0.602801,1,0,-0.000508827046629359
6029,0.602851,0.602901,1,0,-0.000508827046629359
6030,0.602951,0.603001,1,0,-5.29004394222731e-05
6031,0.603051,0.603101,1,0,-5.29004394222731e-05
6032,0.603151,0.603201,1,0,-5.29004394222731e-05
6033,0.603251,0.603301,1,0,-5.29004394222731e-05
6034,0.603351,0.603401,1,0,-5.29004394222731e-05
6035,0.603451,0.603501,1,0,-5.29004394222731e-05
6036,0.603551,0.603601,1,0,-5.29004394222731e-05
6037,0.603651,0.603701,1,0,-5.29004394222731e-05
6038,0.603751,0.603801,1,0,-5.29004394222731e-05
6039,0.603851,0.603901,1,0,-5.29004394222731e-05
6040,0.603951,0.604001,1,0,0.000235251079495294
6041,0.604051,0.604101,1,0,0.000235251079495294
6042,0.604151,0.604201,1,0,0.000235251079495294
6043,0.604251,0.604301,1,0,0.000235251079495294
6044,0.604351,0.604401,1,0,0.000235251079495294
6045,0.604451,0.604501,1,0,0.000235251079495294
6046,0.604551,0.604601,1,0,0.000235251079495294
6047,0.604651,0.604701,1,0,0.000235251079495294
6048,0.604751,0.604801,1,0,0.000235251079495294
6049,0.604851,0.604901,1,0,0.000235251079495294
6050,0.604951,0.605001,1,0,0.000532786689949306
6051,0.605051,0.605101,1,0,0.000532786689949306
6052,0.605151,0.605201,1,0,0.000532786689949306
6053,0.605251,0.605301,1,0,0.000532786689949306
6054,0.605351,0.605401,1,0,0.000532786689949306
6055,0.605451,0.605501,1,0,0.000532786689949306
6056,0.605551,0.605601,1,0,0.000532786689949306
6057,0.605651,0.605701,1,0,0.000532786689949306
6058,0.605751,0.605801,1,0,0.000532786689949306
6059,0.605851,0.605901,1,0,0.000532786689949306
6060,0.605951,0.606001,1,0,0.000836109024715967
6061,0.606051,0.606101,1,0,0.000836109024715967
6062,0.606151,0.606201,1,0,0.000836109024715967
6063,0.606251,0.606301,1,0,0.000836109024715967
6064,0.606351,0.606401,1,0,0.000836109024715967
6065,0.606451,0.606501,1,0,0.000836109024715967
6066,0.606551,0.606601,1,0,0.000836109024715967
6067,0.606651,0.606701,1,0,0.000836109024715967
6068,0.606751,0.606801,1,0,0.000836109024715967
6069,0.606851,0.606901,1,0,0.000836109024715967
6070,0.606951,0.607001,1,0,0.00114056617517295
6071,0.607051,0.607101,1,0,0.00114056617517295
6072,0.607151,0.607201,1,0,0.00114056617517295
6073,0.607251,0.607301,1,0,0.00114056617517295
6074,0.607351,0.607401,1,0,0.00114056617517295
6075,0.607451,0.607501,1,0,0.00114056617517295
6076,0.607551,0.607601,1,0,0.00114056617517295
6077,0.607651,0.607701,1,0,0.00114056617517295
6078,0.607751,0.607801,1,0,0.00114056617517295
6079,0.607851,0.607901,1,0,0.00114056617517295
6080,0.607951,0.608001,1,0,0.0014464098417036
6081,0.608051,0.608101,1,0,0.0014464098417036
6082,0.608151,0.608201,1,0,0.0014464098417036
6083,0.608251,0.608301,1,0,0.0014464098417036
6084,0.608351,0.608401,1,0,0.0014464098417036
6085,0.608451,0.608501,1,0,0.0014464098417036
6086,0.608551,0.608601,1,0,0.0014464098417036
6087,0.608651,0.608701,1,0,0.0014464098417036
6088,0.608751,0.608801,1,0,0.0014464098417036
6089,0.608851,0.608901,1,0,0.0014464098417036
6090,0.608951,0.609001,1,0,0.00175418856938691
6091,0.609051,0.609101,1,0,0.00175418856938691
6092,0.609151,0.609201,1,0,0.00175418856938691
6093,0.609251,0.609301,1,0,0.00175418856938691
6094,0.609351,0.609401,1,0,0.00175418856938691
6095,0.609451,0.609501,1,0,0.00175418856938691
6096,0.609551,0.609601,1,0,0.00175418856938691
6097,0.609651,0.609701,1,0,0.00175418856938691
6098,0.609751,0.609801,1,0,0.00175418856938691
6099,0.609851,0.609901,1,0,0.00175418856938691
6100,0.609951,0.610001,1,0,0.00206386160849529
6101,0.610051,0.610101,1,0,0.00206386160849529
6102,0.610151,0.610201,1,0,0.00206386160849529
6103,0.610251,0.610301,1,0,0.00206386160849529
6104,0.610351,0.610401,1,0,0.00206386160849529
6105,0.610451,0.610501,1,0,0.00206386160849529
6106,0.610551,0.610601,1,0,0.00206386160849529
6107,0.610651,0.610701,1,0,0.00206386160849529
6108,0.610751,0.610801,1,0,0.00206386160849529
6109,0.610851,0.610901,1,0,0.00206386160849529
6110,0.610951,0.611001,1,0,0.00237171643697448
6111,0.611051,0.611101,1,0,0.00237171643697448
6112,0.611151,0.611201,1,0,0.00237171643697448
6113,0.611251,0.611301,1,0,0.00237171643697448
6114,0.611351,0.611401,1,0,0.00237171643697448
6115,0.611451,0.611501,1,0,0.00237171643697448
6116,0.611551,0.611601,1,0,0.00237171643697448
6117,0.611651,0.611701,1,0,0.00237171643697448
6118,0.611751,0.611801,1,0,0.00237171643697448
6119,0.611851,0.611901,1,0,0.00237171643697448
6120,0.611951,0.612001,1,0,0.00266626133797819
6121,0.612051,0.612101,1,0,0.00266626133797819
6122,0.612151,0.612201,1,0,0.00266626133797819
6123,0.612251,0.612301,1,0,0.00266626133797819
6124,0.612351,0.612401,1,0,0.00266626133797819
6125,0.612451,0.612501,1,0,0.00266626133797819
6126,0.612551,0.612601,1,0,0.00266626133797819
6127,0.612651,0.612701,1,0,0.00266626133797819
6128,0.612751,0.612801,1,0,0.00266626133797819
6129,0.612851,0.612901,1,0,0.00266626133797819
6130,0.612951,0.613001,1,0,0.00296162454613452
6131,0.613051,0.613101,1,0,0.00296162454613452
6132,0.613151,0.613201,1,0,0.00296162454613452
6133,0.613251,0.613301,1,0,0.00296162454613452
6134,0.613351,0.613401,1,0,0.00296162454613452
6135,0.613451,0.613501,1,0,0.00296162454613452
6136,0.613551,0.613601,1,0,0.00296162454613452
6137,0.613651,0.613701,1,0,0.00296162454613452
6138,0.613751,0.613801,1,0,0.00296162454613452
6139,0.613851,0.613901,1,0,0.00296162454613452
6140,0.613951,0.614001,1,0,0.00326045991016781
6141,0.614051,0.614101,1,0,0.00326045991016781
6142,0.614151,0.614201,1,0,0.00326045991016781
6143,0.614251,0.614301,1,0,0.00326045991016781
6144,0.614351,0.614401,1,0,0.00326045991016781
6145,0.614451,0.614501,1,0,0.00326045991016781
6146,0.614551,0.614601,1,0,0.00326045991016781
6147,0.614651,0.614701,1,0,0.00326045991016781
6148,0.614751,0.614801,1,0,0.00326045991016781
6149,0.614851,0.614901,1,0,0.00326045991016781
6150,0.614951,0.615001,1,0,0.00355671477226618
6151,0.615051,0.615101,1,0,0.00355671477226618
6152,0.615151,0.615201,1,0,0.00355671477226618
6153,0.615251,0.615301,1,0,0.00355671477226618
6154,0.615351,0.615401,1,0,0.00355671477226618
6155,0.615451,0.615501,1,0,0.00355671477226618
6156,0.615551,0.615601,1,0,0.00355671477226618
6157,0.615651,0.615701,1,0,0.00355671477226618
6158,0.615751,0.615801,1,0,0.00355671477226618
6159,0.615851,0.615901,1,0,0.00355671477226618
6160,0.615951,0.616001,1,0,0.00385184258857027
6161,0.616051,0.616101,1,0,0.00385184258857027
6162,0.616151,0.616201,1,0,0.00385184258857027
6163,0.616251,0.616301,1,0,0.00385184258857027
6164,0.616351,0.616401,1,0,0.00385184258857027
6165,0.616451,0.616501,1,0,0.00385184258857027
6166,0.616551,0.616601,1,0,0.00385184258857027
6167,0.616651,0.616701,1,0,0.00385184258857027
6168,0.616751,0.616801,1,0,0.00385184258857027
6169,0.616851,0.616901,1,0,0.00385184258857027
6170,0.616951,0.617001,1,0,0.0041444710672837
6171,0.617051,0.617101,1,0,0.0041444710672837
6172,0.617151,0.617201,1,0,0.0041444710672837
6173,0.617251,0.617301,1,0,0.0041444710672837
6174,0.617351,0.617401,1,0,0.0041444710672837
6175,0.617451,0.617501,1,0,0.0041444710672837
6176,0.617551,0.617601,1,0,0.0041444710672837
6177,0.617651,0.617701,1,0,0.0041444710672837
6178,0.617751,0.617801,1,0,0.0041444710672837
6179,0.617851,0.617901,1,0,0.0041444710672837
6180,0.617951,0.618001,1,0,0.00443267334675073
6181,0.618051,0.618101,1,0,0.00443267334675073
6182,0.618151,0.618201,1,0,0.00443267334675073
6183,0.618251,0.618301,1,0,0.00443267334675073
6184,0.618351,0.618401,1,0,0.00443267334675073
6185,0.618451,0.618501,1,0,0.00443267334675073
6186,0.618551,0.618601,1,0,0.00443267334675073
6187,0.618651,0.618701,1,0,0.00443267334675073
6188,0.618751,0.618801,1,0,0.00443267334675073
6189,0.618851,0.618901,1,0,0.00443267334675073
6190,0.618951,0.619001,1,0,0.00470648985188687
6191,0.619051,0.619101,1,0,0.00470648985188687
6192,0.619151,0.619201,1,0,0.00470648985188687
6193,0.619251,0.619301,1,0,0.00470648985188687
6194,0.619351,0.619401,1,0,0.00470648985188687
6195,0.619451,0.619501,1,0,0.00470648985188687
6196,0.619551,0.619601,1,0,0.00470648985188687
6197,0.619651,0.619701,1,0,0.00470648985188687
6198,0.619751,0.619801,1,0,0.00470648985188687
6199,0.619851,0.619901,1,0,0.00470648985188687
6200,0.619951,0.620001,1,0,0.00496806292442378
6201,0.620051,0.620101,1,0,0.00496806292442378
6202,0.620151,0.620201,1,0,0.00496806292442378
6203,0.620251,0.620301,1,0,0.00496806292442378
6204,0.620351,0.620401,1,0,0.00496806292442378
6205,0.620451,0.620501,1,0,0.00496806292442378
6206,0.620551,0.620601,1,0,0.00496806292442378
6207,0.620651,0.620701,1,0,0.00496806292442378
6208,0.620751,0.620801,1,0,0.00496806292442378
6209,0.620851,0.620901,1,0,0.00496806292442378
6210,0.620951,0.621001,1,0,0.00522655444219975
6211,0.621051,0.621101,1,0,0.00522655444219975
6212,0.621151,0.621201,1,0,0.00522655444219975
6213,0.621251,0.621301,1,0,0.00522655444219975
6214,0.621351,0.621401,1,0,0.00522655444219975
6215,0.621451,0.621501,1,0,0.00522655444219975
6216,0.621551,0.621601,1,0,0.00522655444219975
6217,0.621651,0.621701,1,0,0.00522655444219975
6218,0.621751,0.621801,1,0,0.00522655444219975
6219,0.621851,0.621901,1,0,0.00522655444219975
6220,0.621951,0.622001,1,0,0.00547863737718811
6221,0.622051,0.622101,1,0,0.00547863737718811
6222,0.622151,0.622201,1,0,0.00547863737718811
6223,0.622251,0.622301,1,0,0.00547863737718811
6224,0.622351,0.622401,1,0,0.00547863737718811
6225,0.622451,0.622501,1,0,0.00547863737718811
6226,0.622551,0.622601,1,0,0.00547863737718811
6227,0.622651,0.622701,1,0,0.00547863737718811
6228,0.622751,0.622801,1,0,0.00547863737718811
6229,0.622851,0.622901,1,0,0.00547863737718811
6230,0.622951,0.623001,1,0,0.00570804396310351
6231,0.623051,0.623101,1,0,0.00570804396310351
6232,0.623151,0.623201,1,0,0.00570804396310351
6233,0.623251,0.623301,1,0,0.00570804396310351
6234,0.623351,0.623401,1,0,0.00570804396310351
6235,0.623451,0.623501,1,0,0.00570804396310351
6236,0.623551,0.623601,1,0,0.00570804396310351
6237,0.623651,0.623701,1,0,0.00570804396310351
6238,0.623751,0.623801,1,0,0.00570804396310351
6239,0.623851,0.623901,1,0,0.00570804396310351
6240,0.623951,0.624001,1,0,0.00592451052756287
6241,0.624051,0.624101,1,0,0.00592451052756287
6242,0.624151,0.624201,1,0,0.00592451052756287
6243,0.624251,0.624301,1,0,0.00592451052756287
6244,0.624351,0.624401,1,0,0.00592451052756287
6245,0.624451,0.624501,1,0,0.00592451052756287
6246,0.624551,0.624601,1,0,0.00592451052756287
6247,0.624651,0.624701,1,0,0.00592451052756287
6248,0.624751,0.624801,1,0,0.00592451052756287
6249,0.624851,0.624901,1,0,0.00592451052756287
6250,0.624951,0.625001,1,0,0.00612977089772254
6251,0.625051,0.625101,1,0,0.00612977089772254
6252,0.625151,0.625201,1,0,0.00612977089772254
6253,0.625251,0.625301,1,0,0.00612977089772254
6254,0.625351,0.625401,1,0,0.00612977089772254
6255,0.625451,0.625501,1,0,0.00612977089772254
6256,0.625551,0.625601,1,0,0.00612977089772254
6257,0.625651,0.625701,1,0,0.00612977089772254
6258,0.625751,0.625801,1,0,0.00612977089772254
6259,0.625851,0.625901,1,0,0.00612977089772254
6260,0.625951,0.626001,1,0,0.00631526479515577
6261,0.626051,0.626101,1,0,0.00631526479515577
6262,0.626151,0.626201,1,0,0.00631526479515577
6263,0.626251,0.626301,1,0,0.00631526479515577
6264,0.626351,0.626401,1,0,0.00631526479515577
6265,0.626451,0.626501,1,0,0.00631526479515577
6266,0.626551,0.626601,1,0,0.00631526479515577
6267,0.626651,0.626701,1,0,0.00631526479515577
6268,0.626751,0.626801,1,0,0.00631526479515577
6269,0.626851,0.626901,1,0,0.00631526479515577
6270,0.626951,0.627001,1,0,0.00648452213726083
6271,0.627051,0.627101,1,0,0.00648452213726083
6272,0.627151,0.627201,1,0,0.00648452213726083
6273,0.627251,0.627301,1,0,0.00648452213726083
6274,0.627351,0.627401,1,0,0.00648452213726083
6275,0.627451,0.627501,1,0,0.00648452213726083
6276,0.627551,0.627601,1,0,0.00648452213726083
6277,0.627651,0.627701,1,0,0.00648452213726083
6278,0.627751,0.627801,1,0,0.00648452213726083
6279,0.627851,0.627901,1,0,0.00648452213726083
6280,0.627951,0.628001,1,0,0.00662804547363492
6281,0.628051,0.628101,1,0,0.00662804547363492
6282,0.628151,0.628201,1,0,0.00662804547363492
6283,0.628251,0.628301,1,0,0.00662804547363492
6284,0.628351,0.628401,1,0,0.00662804547363492
6285,0.628451,0.628501,1,0,0.00662804547363492
6286,0.628551,0.628601,1,0,0.00662804547363492
6287,0.628651,0.628701,1,0,0.00662804547363492
6288,0.628751,0.628801,1,0,0.00662804547363492
6289,0.628851,0.628901,1,0,0.00662804547363492
6290,0.628951,0.629001,1,0,0.00633164744703394
6291,0.629051,0.629101,1,0,0.00633164744703394
6292,0.629151,0.629201,1,0,0.00633164744703394
6293,0.629251,0.629301,1,0,0.00633164744703394
6294,0.629351,0.629401,1,0,0.00633164744703394
6295,0.629451,0.629501,1,0,0.00633164744703394
6296,0.629551,0.629601,1,0,0.00633164744703394
6297,0.629651,0.629701,1,0,0.00633164744703394
6298,0.629751,0.629801,1,0,0.00633164744703394
6299,0.629851,0.629901,1,0,0.00633164744703394
6300,0.629951,0.630001,1,0,0.00438025580177369
6301,0.630051,0.630101,1,0,0.00438025580177369
6302,0.630151,0.630201,1,0,0.00438025580177369
6303,0.630251,0.630301,1,0,0.00438025580177369
6304,0.630351,0.630401,1,0,0.00438025580177369
6305,0.630451,0.630501,1,0,0.00438025580177369
6306,0.630551,0.630601,1,0,0.00438025580177369
6307,0.630651,0.630701,1,0,0.00438025580177369
6308,0.630751,0.630801,1,0,0.00438025580177369
6309,0.630851,0.630901,1,0,0.00438025580177369
6310,0.630951,0.631001,1,0,0.00251154072525201
6311,0.631051,0.631101,1,0,0.00251154072525201
6312,0.631151,0.631201,1,0,0.00251154072525201
6313,0.631251,0.631301,1,0,0.00251154072525201
6314,0.631351,0.631401,1,0,0.00251154072525201
6315,0.631451,0.631501,1,0,0.00251154072525201
6316,0.631551,0.631601,1,0,0.00251154072525201
6317,0.631651,0.631701,1,0,0.00251154072525201
6318,0.631751,0.631801,1,0,0.00251154072525201
6319,0.631851,0.631901,1,0,0.00251154072525201
6320,0.631951,0.632001,1,0,0.000859538895170898
6321,0.632051,0.632101,1,0,0.000859538895170898
6322,0.632151,0.632201,1,0,0.000859538895170898
6323,0.632251,0.632301,1,0,0.000859538895170898
6324,0.632351,0.632401,1,0,0.000859538895170898
6325,0.632451,0.632501,1,0,0.000859538895170898
6326,0.632551,0.632601,1,0,0.000859538895170898
6327,0.632651,0.632701,1,0,0.000859538895170898
6328,0.632751,0.632801,1,0,0.000859538895170898
6329,0.632851,0.632901,1,0,0.000859538895170898
6330,0.632951,0.633001,1,0,0.000117601077397294
6331,0.633051,0.633101,1,0,0.000117601077397294
6332,0.633151,0.633201,1,0,0.000117601077397294
6333,0.633251,0.633301,1,0,0.000117601077397294
6334,0.633351,0.633401,1,0,0.000117601077397294
6335,0.633451,0.633501,1,0,0.000117601077397294
6336,0.633551,0.633601,1,0,0.000117601077397294
6337,0.633651,0.633701,1,0,0.000117601077397294
6338,0.633751,0.633801,1,0,0.000117601077397294
6339,0.633851,0.633901,1,0,0.000117601077397294
6340,0.633951,0.634001,1,0,-0.000360322220300366
6341,0.634051,0.634101,1,0,-0.000360322220300366
6342,0.634151,0.634201,1,0,-0.000360322220300366
6343,0.634251,0.634301,1,0,-0.000360322220300366
6344,0.634351,0.634401,1,0,-0.000360322220300366
6345,0.634451,0.634501,1,0,-0.000360322220300366
6346,0.634551,0.634601,1,0,-0.000360322220300366
6347,0.634651,0.634701,1,0,-0.000360322220300366
6348,0.634751,0.634801,1,0,-0.000360322220300366
6349,0.634851,0.634901,1,0,-0.000360322220300366
6350,0.634951,0.635001,1,0,-0.000776916167285964
6351,0.635051,0.635101,1,0,-0.000776916167285964
6352,0.635151,0.635201,1,0,-0.000776916167285964
6353,0.635251,0.635301,1,0,-0.000776916167285964
6354,0.635351,0.635401,1,0,-0.000776916167285964
6355,0.635451,0.635501,1,0,-0.000776916167285964
6356,0.635551,0.635601,1,0,-0.000776916167285964
6357,0.635651,0.635701,1,0,-0.000776916167285964
6358,0.635751,0.635801,1,0,-0.000776916167285964
6359,0.635851,0.635901,1,0,-0.000776916167285964
6360,0.635951,0.636001,1,0,-0.00119952640865975
6361,0.636051,0.636101,1,0,-0.00119952640865975
6362,0.636151,0.636201,1,0,-0.00119952640865975
6363,0.636251,0.636301,1,0,-0.00119952640865975
6364,0.636351,0.636401,1,0,-0.00119952640865975
6365,0.636451,0.636501,1,0,-0.00119952640865975
6366,0.636551,0.636601,1,0,-0.00119952640865975
6367,0.636651,0.636701,1,0,-0.00119952640865975
6368,0.636751,0.636801,1,0,-0.00119952640865975
6369,0.636851,0.636901,1,0,-0.00119952640865975
6370,0.636951,0.637001,1,0,-0.0016240531965104
6371,0.637051,0.637101,1,0,-0.0016240531965104
6372,0.637151,0.637201,1,0,-0.0016240531965104
6373,0.637251,0.637301,1,0,-0.0016240531965104
6374,0.637351,0.637401,1,0,-0.0016240531965104
6375,0.637451,0.637501,1,0,-0.0016240531965104
6376,0.637551,0.637601,1,0,-0.0016240531965104
6377,0.637651,0.637701,1,0,-0.0016240531965104
6378,0.637751,0.637801,1,0,-0.0016240531965104
6379,0.637851,0.637901,1,0,-0.0016240531965104
6380,0.637951,0.638001,1,0,-0.0020465818529297
6381,0.638051,0.638101,1,0,-0.0020465818529297
6382,0.638151,0.638201,1,0,-0.0020465818529297
6383,0.638251,0.638301,1,0,-0.0020465818529297
6384,0.638351,0.638401,1,0,-0.0020465818529297
6385,0.638451,0.638501,1,0,-0.0020465818529297
6386,0.638551,0.638601,1,0,-0.0020465818529297
6387,0.638651,0.638701,1,0,-0.0020465818529297
6388,0.638751,0.638801,1,0,-0.0020465818529297
6389,0.638851,0.638901,1,0,-0.0020465818529297
6390,0.638951,0.639001,1,0,-0.00246865608265652
6391,0.639051,0.639101,1,0,-0.00246865608265652
6392,0.639151,0.639201,1,0,-0.00246865608265652
6393,0.639251,0.639301,1,0,-0.00246865608265652
6394,0.639351,0.639401,1,0,-0.00246865608265652
6395,0.639451,0.639501,1,0,-0.00246865608265652
6396,0.639551,0.639601,1,0,-0.00246865608265652
6397,0.639651,0.639701,1,0,-0.00246865608265652
6398,0.639751,0.639801,1,0,-0.00246865608265652
6399,0.639851,0.639901,1,0,-0.00246865608265652
6400,0.639951,0.640001,1,0,-0.00289337456489921
6401,0.640051,0.640101,1,0,-0.00289337456489921
6402,0.640151,0.640201,1,0,-0.00289337456489921
6403,0.640251,0.640301,1,0,-0.00289337456489921
6404,0.640351,0.640401,1,0,-0.00289337456489921
6405,0.640451,0.640501,1,0,-0.00289337456489921
6406,0.640551,0.640601,1,0,-0.00289337456489921
6407,0.640651,0.640701,1,0,-0.00289337456489921
6408,0.640751,0.640801,1,0,-0.00289337456489921
6409,0.640851,0.640901,1,0,-0.00289337456489921
6410,0.640951,0.641001,1,0,-0.00331737599678791
6411,0.641051,0.641101,1,0,-0.00331737599678791
6412,0.641151,0.641201,1,0,-0.00331737599678791
6413,0.641251,0.641301,1,0,-0.00331737599678791
6414,0.641351,0.641401,1,0,-0.00331737599678791
6415,0.641451,0.641501,1,0,-0.00331737599678791
6416,0.641551,0.641601,1,0,-0.00331737599678791
6417,0.641651,0.641701,1,0,-0.00331737599678791
6418,0.641751,0.641801,1,0,-0.00331737599678791
6419,0.641851,0.641901,1,0,-0.00331737599678791
6420,0.641951,0.642001,1,0,-0.00373940693071731
6421,0.642051,0.642101,1,0,-0.00373940693071731
6422,0.642151,0.642201,1,0,-0.00373940693071731
6423,0.642251,0.642301,1,0,-0.00373940693071731
6424,0.642351,0.642401,1,0,-0.00373940693071731
6425,0.642451,0.642501,1,0,-0.00373940693071731
6426,0.642551,0.642601,1,0,-0.00373940693071731
6427,0.642651,0.642701,1,0,-0.00373940693071731
6428,0.642751,0.642801,1,0,-0.00373940693071731
6429,0.642851,0.642901,1,0,-0.00373940693071731
6430,0.642951,0.643001,1,0,-0.00415797295373669
6431,0.643051,0.643101,1,0,-0.00415797295373669
6432,0.643151,0.643201,1,0,-0.00415797295373669
6433,0.643251,0.643301,1,0,-0.00415797295373669
6434,0.643351,0.643401,1,0,-0.00415797295373669
6435,0.643451,0.643501,1,0,-0.00415797295373669
6436,0.643551,0.643601,1,0,-0.00415797295373669
6437,0.643651,0.643701,1,0,-0.00415797295373669
6438,0.643751,0.643801,1,0,-0.00415797295373669
6439,0.643851,0.643901,1,0,-0.00415797295373669
6440,0.643951,0.644001,1,0,-0.00457108513694955
6441,0.644051,0.644101,1,0,-0.00457108513694955
6442,0.644151,0.644201,1,0,-0.00457108513694955
6443,0.644251,0.644301,1,0,-0.00457108513694955
6444,0.644351,0.644401,1,0,-0.00457108513694955
6445,0.644451,0.644501,1,0,-0.00457108513694955
6446,0.644551,0.644601,1,0,-0.00457108513694955
6447,0.644651,0.644701,1,0,-0.00457108513694955
6448,0.644751,0.644801,1,0,-0.00457108513694955
6449,0.644851,0.644901,1,0,-0.00457108513694955
6450,0.644951,0.645001,1,0,-0.00497828259723542
6451,0.645051,0.645101,1,0,-0.00497828259723542
6452,0.645151,0.645201,1,0,-0.00497828259723542
6453,0.645251,0.645301,1,0,-0.00497828259723542
6454,0.645351,0.645401,1,0,-0.00497828259723542
6455,0.645451,0.645501,1,0,-0.00497828259723542
6456,0.645551,0.645601,1,0,-0.00497828259723542
6457,0.645651,0.645701,1,0,-0.00497828259723542
6458,0.645751,0.645801,1,0,-0.00497828259723542
6459,0.645851,0.645901,1,0,-0.00497828259723542
6460,0.645951,0.646001,1,0,-0.00538082678441244
6461,0.646051,0.646101,1,0,-0.00538082678441244
6462,0.646151,0.646201,1,0,-0.00538082678441244
6463,0.646251,0.646301,1,0,-0.00538082678441244
6464,0.646351,0.646401,1,0,-0.00538082678441244
6465,0.646451,0.646501,1,0,-0.00538082678441244
6466,0.646551,0.646601,1,0,-0.00538082678441244
6467,0.646651,0.646701,1,0,-0.00538082678441244
6468,0.646751,0.646801,1,0,-0.00538082678441244
6469,0.646851,0.646901,1,0,-0.00538082678441244
6470,0.646951,0.647001,1,0,-0.00576712965677063
6471,0.647051,0.647101,1,0,-0.00576712965677063
6472,0.647151,0.647201,1,0,-0.00576712965677063
6473,0.647251,0.647301,1,0,-0.00576712965677063
6474,0.647351,0.647401,1,0,-0.00576712965677063
6475,0.647451,0.647501,1,0,-0.00576712965677063
6476,0.647551,0.647601,1,0,-0.00576712965677063
6477,0.647651,0.647701,1,0,-0.00576712965677063
6478,0.647751,0.647801,1,0,-0.00576712965677063
6479,0.647851,0.647901,1,0,-0.00576712965677063
6480,0.647951,0.648001,1,0,-0.006143252103087
6481,0.648051,0.648101,1,0,-0.006143252103087
6482,0.648151,0.648201,1,0,-0.006143252103087
6483,0.648251,0.648301,1,0,-0.006143252103087
6484,0.648351,0.648401,1,0,-0.006143252103087
6485,0.648451,0.648501,1,0,-0.006143252103087
6486,0.648551,0.648601,1,0,-0.006143252103087
6487,0.648651,0.648701,1,0,-0.006143252103087
6488,0.648751,0.648801,1,0,-0.006143252103087
6489,0.648851,0.648901,1,0,-0.006143252103087
6490,0.648951,0.649001,1,0,-0.00651016015377855
6491,0.649051,0.649101,1,0,-0.00651016015377855
6492,0.649151,0.649201,1,0,-0.00651016015377855
6493,0.649251,0.649301,1,0,-0.00651016015377855
6494,0.649351,0.649401,1,0,-0.00651016015377855
6495,0.649451,0.649501,1,0,-0.00651016015377855
6496,0.649551,0.649601,1,0,-0.00651016015377855
6497,0.649651,0.649701,1,0,-0.00651016015377855
6498,0.649751,0.649801,1,0,-0.00651016015377855
6499,0.649851,0.649901,1,0,-0.00651016015377855
6500,0.649951,0.650001,1,0,-0.00685454622522223
6501,0.650051,0.650101,1,0,-0.00685454622522223
6502,0.650151,0.650201,1,0,-0.00685454622522223
6503,0.650251,0.650301,1,0,-0.00685454622522223
6504,0.650351,0.650401,1,0,-0.00685454622522223
6505,0.650451,0.650501,1,0,-0.00685454622522223
6506,0.650551,0.650601,1,0,-0.00685454622522223
6507,0.650651,0.650701,1,0,-0.00685454622522223
6508,0.650751,0.650801,1,0,-0.00685454622522223
6509,0.650851,0.650901,1,0,-0.00685454622522223
6510,0.650951,0.651001,1,0,-0.00718580121727743
6511,0.651051,0.651101,1,0,-0.00718580121727743
6512,0.651151,0.651201,1,0,-0.00718580121727743
6513,0.651251,0.651301,1,0,-0.00718580121727743
6514,0.651351,0.651401,1,0,-0.00718580121727743
6515,0.651451,0.651501,1,0,-0.00718580121727743
6516,0.651551,0.651601,1,0,-0.00718580121727743
6517,0.651651,0.651701,1,0,-0.00718580121727743
6518,0.651751,0.651801,1,0,-0.00718580121727743
6519,0.651851,0.651901,1,0,-0.00718580121727743
6520,0.651951,0.652001,1,0,-0.00749802767699915
6521,0.652051,0.652101,1,0,-0.00749802767699915
6522,0.652151,0.652201,1,0,-0.00749802767699915
6523,0.652251,0.652301,1,0,-0.00749802767699915
6524,0.652351,0.652401,1,0,-0.00749802767699915
6525,0.652451,0.652501,1,0,-0.00749802767699915
6526,0.652551,0.652601,1,0,-0.00749802767699915
6527,0.652651,0.652701,1,0,-0.00749802767699915
6528,0.652751,0.652801,1,0,-0.00749802767699915
6529,0.652851,0.652901,1,0,-0.00749802767699915
6530,0.652951,0.653001,1,0,-0.0077929812432355
6531,0.653051,0.653101,1,0,-0.0077929812432355
6532,0.653151,0.653201,1,0,-0.0077929812432355
6533,0.653251,0.653301,1,0,-0.0077929812432355
6534,0.653351,0.653401,1,0,-0.0077929812432355
6535,0.653451,0.653501,1,0,-0.0077929812432355
6536,0.653551,0.653601,1,0,-0.0077929812432355
6537,0.653651,0.653701,1,0,-0.0077929812432355
6538,0.653751,0.653801,1,0,-0.0077929812432355
6539,0.653851,0.653901,1,0,-0.0077929812432355
6540,0.653951,0.654001,1,0,-0.00805335990138521
6541,0.654051,0.654101,1,0,-0.00805335990138521
6542,0.654151,0.654201,1,0,-0.00805335990138521
6543,0.654251,0.654301,1,0,-0.00805335990138521
6544,0.654351,0.654401,1,0,-0.00805335990138521
6545,0.654451,0.654501,1,0,-0.00805335990138521
6546,0.654551,0.654601,1,0,-0.00805335990138521
6547,0.654651,0.654701,1,0,-0.00805335990138521
6548,0.654751,0.654801,1,0,-0.00805335990138521
6549,0.654851,0.654901,1,0,-0.00805335990138521
6550,0.654951,0.655001,1,0,-0.00746725670058127
6551,0.655051,0.655101,1,0,-0.00746725670058127
6552,0.655151,0.655201,1,0,-0.00746725670058127
6553,0.655251,0.655301,1,0,-0.00746725670058127
6554,0.655351,0.655401,1,0,-0.00746725670058127
6555,0.655451,0.655501,1,0,-0.00746725670058127
6556,0.655551,0.655601,1,0,-0.00746725670058127
6557,0.655651,0.655701,1,0,-0.00746725670058127
6558,0.655751,0.655801,1,0,-0.00746725670058127
6559,0.655851,0.655901,1,0,-0.00746725670058127
6560,0.655951,0.656001,1,0,-0.00514067044246205
6561,0.656051,0.656101,1,0,-0.00514067044246205
6562,0.656151,0.656201,1,0,-0.00514067044246205
6563,0.656251,0.656301,1,0,-0.00514067044246205
6564,0.656351,0.656401,1,0,-0.00514067044246205
6565,0.656451,0.656501,1,0,-0.00514067044246205
6566,0.656551,0.656601,1,0,-0.00514067044246205
6567,0.656651,0.656701,1,0,-0.00514067044246205
6568,0.656751,0.656801,1,0,-0.00514067044246205
6569,0.656851,0.656901,1,0,-0.00514067044246205
6570,0.656951,0.657001,1,0,-0.00293504501356162
6571,0.657051,0.657101,1,0,-0.00293504501356162
6572,0.657151,0.657201,1,0,-0.00293504501356162
6573,0.657251,0.657301,1,0,-0.00293504501356162
6574,0.657351,0.657401,1,0,-0.00293504501356162
6575,0.657451,0.657501,1,0,-0.00293504501356162
6576,0.657551,0.657601,1,0,-0.00293504501356162
6577,0.657651,0.657701,1,0,-0.00293504501356162
6578,0.657751,0.657801,1,0,-0.00293504501356162
6579,0.657851,0.657901,1,0,-0.00293504501356162
6580,0.657951,0.658001,1,0,-0.00126248586348307
6581,0.658051,0.658101,1,0,-0.00126248586348307
6582,0.658151,0.658201,1,0,-0.00126248586348307
6583,0.658251,0.658301,1,0,-0.00126248586348307
6584,0.658351,0.658401,1,0,-0.00126248586348307
6585,0.658451,0.658501,1,0,-0.00126248586348307
6586,0.658551,0.658601,1,0,-0.00126248586348307
6587,0.658651,0.658701,1,0,-0.00126248586348307
6588,0.658751,0.658801,1,0,-0.00126248586348307
6589,0.658851,0.658901,1,0,-0.00126248586348307
6590,0.658951,0.659001,1,0,-0.00034145363918419
6591,0.659051,0.659101,1,0,-0.00034145363918419
6592,0.659151,0.659201,1,0,-0.00034145363918419
6593,0.659251,0.659301,1,0,-0.00034145363918419
6594,0.659351,0.659401,1,0,-0.00034145363918419
6595,0.659451,0.659501,1,0,-0.00034145363918419
6596,0.659551,0.659601,1,0,-0.00034145363918419
6597,0.659651,0.659701,1,0,-0.00034145363918419
6598,0.659751,0.659801,1,0,-0.00034145363918419
6599,0.659851,0.659901,1,0,-0.00034145363918419
6600,0.659951,0.660001,1,0,0.000146378951411842
6601,0.660051,0.660101,1,0,0.000146378951411842
6602,0.660151,0.660201,1,0,0.000146378951411842
6603,0.660251,0.660301,1,0,0.000146378951411842
6604,0.660351,0.660401,1,0,0.000146378951411842
6605,0.660451,0.660501,1,0,0.000146378951411842
6606,0.660551,0.660601,1,0,0.000146378951411842
6607,0.660651,0.660701,1,0,0.000146378951411842
6608,0.660751,0.660801,1,0,0.000146378951411842
6609,0.660851,0.660901,1,0,0.000146378951411842
6610,0.660951,0.661001,1,0,0.000582746454925332
6611,0.661051,0.661101,1,0,0.000582746454925332
6612,0.661151,0.661201,1,0,0.000582746454925332
6613,0.661251,0.661301,1,0,0.000582746454925332
6614,0.661351,0.661401,1,0,0.000582746454925332
6615,0.661451,0.661501,1,0,0.000582746454925332
6616,0.661551,0.661601,1,0,0.000582746454925332
6617,0.661651,0.661701,1,0,0.000582746454925332
6618,0.661751,0.661801,1,0,0.000582746454925332
6619,0.661851,0.661901,1,0,0.000582746454925332
6620,0.661951,0.662001,1,0,0.00102886059890553
6621,0.662051,0.662101,1,0,0.00102886059890553
6622,0.662151,0.662201,1,0,0.00102886059890553
6623,0.662251,0.662301,1,0,0.00102886059890553
6624,0.662351,0.662401,1,0,0.00102886059890553
6625,0.662451,0.662501,1,0,0.00102886059890553
6626,0.662551,0.662601,1,0,0.00102886059890553
6627,0.662651,0.662701,1,0,0.00102886059890553
6628,0.662751,0.662801,1,0,0.00102886059890553
6629,0.662851,0.662901,1,0,0.00102886059890553
6630,0.662951,0.663001,1,0,0.00147476637591634
6631,0.663051,0.663101,1,0,0.00147476637591634
6632,0.663151,0.663201,1,0,0.00147476637591634
6633,0.663251,0.663301,1,0,0.00147476637591634
6634,0.663351,0.663401,1,0,0.00147476637591634
6635,0.663451,0.663501,1,0,0.00147476637591634
6636,0.663551,0.663601,1,0,0.00147476637591634
6637,0.663651,0.663701,1,0,0.00147476637591634
6638,0.663751,0.663801,1,0,0.00147476637591634
6639,0.663851,0.663901,1,0,0.00147476637591634
6640,0.663951,0.664001,1,0,0.00192025001569629
6641,0.664051,0.664101,1,0,0.00192025001569629
6642,0.664151,0.664201,1,0,0.00192025001569629
6643,0.664251,0.664301,1,0,0.00192025001569629
6644,0.664351,0.664401,1,0,0.00192025001569629
6645,0.664451,0.664501,1,0,0.00192025001569629
6646,0.664551,0.664601,1,0,0.00192025001569629
6647,0.664651,0.664701,1,0,0.00192025001569629
6648,0.664751,0.664801,1,0,0.00192025001569629
6649,0.664851,0.664901,1,0,0.00192025001569629
6650,0.664951,0.665001,1,0,0.00236343163532928
6651,0.665051,0.665101,1,0,0.00236343163532928
6652,0.665151,0.665201,1,0,0.00236343163532928
6653,0.665251,0.665301,1,0,0.00236343163532928
6654,0.665351,0.665401,1,0,0.00236343163532928
6655,0.665451,0.665501,1,0,0.00236343163532928
6656,0.665551,0.665601,1,0,0.00236343163532928
6657,0.665651,0.665701,1,0,0.00236343163532928
6658,0.665751,0.665801,1,0,0.00236343163532928
6659,0.665851,0.665901,1,0,0.00236343163532928
6660,0.665951,0.666001,1,0,0.00280057900464815
6661,0.666051,0.666101,1,0,0.00280057900464815
6662,0.666151,0.666201,1,0,0.00280057900464815
6663,0.666251,0.666301,1,0,0.00280057900464815
6664,0.666351,0.666401,1,0,0.00280057900464815
6665,0.666451,0.666501,1,0,0.00280057900464815
6666,0.666551,0.666601,1,0,0.00280057900464815
6667,0.666651,0.666701,1,0,0.00280057900464815
6668,0.666751,0.666801,1,0,0.00280057900464815
6669,0.666851,0.666901,1,0,0.00280057900464815
6670,0.666951,0.667001,1,0,0.00323413195989591
6671,0.667051,0.667101,1,0,0.00323413195989591
6672,0.667151,0.667201,1,0,0.00323413195989591
6673,0.667251,0.667301,1,0,0.00323413195989591
6674,0.667351,0.667401,1,0,0.00323413195989591
6675,0.667451,0.667501,1,0,0.00323413195989591
6676,0.667551,0.667601,1,0,0.00323413195989591
6677,0.667651,0.667701,1,0,0.00323413195989591
6678,0.667751,0.667801,1,0,0.00323413195989591
6679,0.667851,0.667901,1,0,0.00323413195989591
6680,0.667951,0.668001,1,0,0.0036682118216314
6681,0.668051,0.668101,1,0,0.0036682118216314
6682,0.668151,0.668201,1,0,0.0036682118216314
6683,0.668251,0.668301,1,0,0.0036682118216314
6684,0.668351,0.668401,1,0,0.0036682118216314
6685,0.668451,0.668501,1,0,0.0036682118216314
6686,0.668551,0.668601,1,0,0.0036682118216314
6687,0.668651,0.668701,1,0,0.0036682118216314
6688,0.668751,0.668801,1,0,0.0036682118216314
6689,0.668851,0.668901,1,0,0.0036682118216314
6690,0.668951,0.669001,1,0,0.00410119942477725
6691,0.669051,0.669101,1,0,0.00410119942477725
6692,0.669151,0.669201,1,0,0.00410119942477725
6693,0.669251,0.669301,1,0,0.00410119942477725
6694,0.669351,0.669401,1,0,0.00410119942477725
6695,0.669451,0.669501,1,0,0.00410119942477725
6696,0.669551,0.669601,1,0,0.00410119942477725
6697,0.669651,0.669701,1,0,0.00410119942477725
6698,0.669751,0.669801,1,0,0.00410119942477725
6699,0.669851,0.669901,1,0,0.00410119942477725
6700,0.669951,0.670001,1,0,0.00453201330770519
6701,0.670051,0.670101,1,0,0.00453201330770519
6702,0.670151,0.670201,1,0,0.00453201330770519
6703,0.670251,0.670301,1,0,0.00453201330770519
6704,0.670351,0.670401,1,0,0.00453201330770519
6705,0.670451,0.670501,1,0,0.00453201330770519
6706,0.670551,0.670601,1,0,0.00453201330770519
6707,0.670651,0.670701,1,0,0.00453201330770519
6708,0.670751,0.670801,1,0,0.00453201330770519
6709,0.670851,0.670901,1,0,0.00453201330770519
6710,0.670951,0.671001,1,0,0.00495617886684752
6711,0.671051,0.671101,1,0,0.00495617886684752
6712,0.671151,0.671201,1,0,0.00495617886684752
6713,0.671251,0.671301,1,0,0.00495617886684752
6714,0.671351,0.671401,1,0,0.00495617886684752
6715,0.671451,0.671501,1,0,0.00495617886684752
6716,0.671551,0.671601,1,0,0.00495617886684752
6717,0.671651,0.671701,1,0,0.00495617886684752
6718,0.671751,0.671801,1,0,0.00495617886684752
6719,0.671851,0.671901,1,0,0.00495617886684752
6720,0.671951,0.672001,1,0,0.00537554000340226
6721,0.672051,0.672101,1,0,0.00537554000340226
6722,0.672151,0.672201,1,0,0.00537554000340226
6723,0.672251,0.672301,1,0,0.00537554000340226
6724,0.672351,0.672401,1,0,0.00537554000340226
6725,0.672451,0.672501,1,0,0.00537554000340226
6726,0.672551,0.672601,1,0,0.00537554000340226
6727,0.672651,0.672701,1,0,0.00537554000340226
6728,0.672751,0.672801,1,0,0.00537554000340226
6729,0.672851,0.672901,1,0,0.00537554000340226
6730,0.672951,0.673001,1,0,0.00578289462319763
6731,0.673051,0.673101,1,0,0.00578289462319763
6732,0.673151,0.673201,1,0,0.00578289462319763
6733,0.673251,0.673301,1,0,0.00578289462319763
6734,0.673351,0.673401,1,0,0.00578289462319763
6735,0.673451,0.673501,1,0,0.00578289462319763
6736,0.673551,0.673601,1,0,0.00578289462319763
6737,0.673651,0.673701,1,0,0.00578289462319763
6738,0.673751,0.673801,1,0,0.00578289462319763
6739,0.673851,0.673901,1,0,0.00578289462319763
6740,0.673951,0.674001,1,0,0.00617541994365719
6741,0.674051,0.674101,1,0,0.00617541994365719
6742,0.674151,0.674201,1,0,0.00617541994365719
6743,0.674251,0.674301,1,0,0.00617541994365719
6744,0.674351,0.674401,1,0,0.00617541994365719
6745,0.674451,0.674501,1,0,0.00617541994365719
6746,0.674551,0.674601,1,0,0.00617541994365719
6747,0.674651,0.674701,1,0,0.00617541994365719
6748,0.674751,0.674801,1,0,0.00617541994365719
6749,0.674851,0.674901,1,0,0.00617541994365719
6750,0.674951,0.675001,1,0,0.00656157926872107
6751,0.675051,0.675101,1,0,0.00656157926872107
6752,0.675151,0.675201,1,0,0.00656157926872107
6753,0.675251,0.675301,1,0,0.00656157926872107
6754,0.675351,0.675401,1,0,0.00656157926872107
6755,0.675451,0.675501,1,0,0.00656157926872107
6756,0.675551,0.675601,1,0,0.00656157926872107
6757,0.675651,0.675701,1,0,0.00656157926872107
6758,0.675751,0.675801,1,0,0.00656157926872107
6759,0.675851,0.675901,1,0,0.00656157926872107
6760,0.675951,0.676001,1,0,0.00692630496753068
6761,0.676051,0.676101,1,0,0.00692630496753068
6762,0.676151,0.676201,1,0,0.00692630496753068
6763,0.676251,0.676301,1,0,0.00692630496753068
6764,0.676351,0.676401,1,0,0.00692630496753068
6765,0.676451,0.676501,1,0,0.00692630496753068
6766,0.676551,0.676601,1,0,0.00692630496753068
6767,0.676651,0.676701,1,0,0.00692630496753068
6768,0.676751,0.676801,1,0,0.00692630496753068
6769,0.676851,0.676901,1,0,0.00692630496753068
6770,0.676951,0.677001,1,0,0.00727687514611206
6771,0.677051,0.677101,1,0,0.00727687514611206
6772,0.677151,0.677201,1,0,0.00727687514611206
6773,0.677251,0.677301,1,0,0.00727687514611206
6774,0.677351,0.677401,1,0,0.00727687514611206
6775,0.677451,0.677501,1,0,0.00727687514611206
6776,0.677551,0.677601,1,0,0.00727687514611206
6777,0.677651,0.677701,1,0,0.00727687514611206
6778,0.677751,0.677801,1,0,0.00727687514611206
6779,0.677851,0.677901,1,0,0.00727687514611206
6780,0.677951,0.678001,1,0,0.00761025483404857
6781,0.678051,0.678101,1,0,0.00761025483404857
6782,0.678151,0.678201,1,0,0.00761025483404857
6783,0.678251,0.678301,1,0,0.00761025483404857
6784,0.678351,0.678401,1,0,0.00761025483404857
6785,0.678451,0.678501,1,0,0.00761025483404857
6786,0.678551,0.678601,1,0,0.00761025483404857
6787,0.678651,0.678701,1,0,0.00761025483404857
6788,0.678751,0.678801,1,0,0.00761025483404857
6789,0.678851,0.678901,1,0,0.00761025483404857
6790,0.678951,0.679001,1,0,0.0079222849693391
6791,0.679051,0.679101,1,0,0.0079222849693391
6792,0.679151,0.679201,1,0,0.0079222849693391
6793,0.679251,0.679301,1,0,0.0079222849693391
6794,0.679351,0.679401,1,0,0.0079222849693391
6795,0.679451,0.679501,1,0,0.0079222849693391
6796,0.679551,0.679601,1,0,0.0079222849693391
6797,0.679651,0.679701,1,0,0.0079222849693391
6798,0.679751,0.679801,1,0,0.0079222849693391
6799,0.679851,0.679901,1,0,0.0079222849693391
6800,0.679951,0.680001,1,0,0.00821208142649652
6801,0.680051,0.680101,1,0,0.00821208142649652
6802,0.680151,0.680201,1,0,0.00821208142649652
6803,0.680251,0.680301,1,0,0.00821208142649652
6804,0.680351,0.680401,1,0,0.00821208142649652
6805,0.680451,0.680501,1,0,0.00821208142649652
6806,0.680551,0.680601,1,0,0.00821208142649652
6807,0.680651,0.680701,1,0,0.00821208142649652
6808,0.680751,0.680801,1,0,0.00821208142649652
6809,0.680851,0.680901,1,0,0.00821208142649652
6810,0.680951,0.681001,1,0,0.00802397711114008
6811,0.681051,0.681101,1,0,0.00802397711114008
6812,0.681151,0.681201,1,0,0.00802397711114008
6813,0.681251,0.681301,1,0,0.00802397711114008
6814,0.681351,0.681401,1,0,0.00802397711114008
6815,0.681451,0.681501,1,0,0.00802397711114008
6816,0.681551,0.681601,1,0,0.00802397711114008
6817,0.681651,0.681701,1,0,0.00802397711114008
6818,0.681751,0.681801,1,0,0.00802397711114008
6819,0.681851,0.681901,1,0,0.00802397711114008
6820,0.681951,0.682001,1,0,0.00571583671450581
6821,0.682051,0.682101,1,0,0.00571583671450581
6822,0.682151,0.682201,1,0,0.00571583671450581
6823,0.682251,0.682301,1,0,0.00571583671450581
6824,0.682351,0.682401,1,0,0.00571583671450581
6825,0.682451,0.682501,1,0,0.00571583671450581
6826,0.682551,0.682601,1,0,0.00571583671450581
6827,0.682651,0.682701,1,0,0.00571583671450581
6828,0.682751,0.682801,1,0,0.00571583671450581
6829,0.682851,0.682901,1,0,0.00571583671450581
6830,0.682951,0.683001,1,0,0.00336217029400918
6831,0.683051,0.683101,1,0,0.00336217029400918
6832,0.683151,0.683201,1,0,0.00336217029400918
6833,0.683251,0.683301,1,0,0.00336217029400918
6834,0.683351,0.683401,1,0,0.00336217029400918
6835,0.683451,0.683501,1,0,0.00336217029400918
6836,0.683551,0.683601,1,0,0.00336217029400918
6837,0.683651,0.683701,1,0,0.00336217029400918
6838,0.683751,0.683801,1,0,0.00336217029400918
6839,0.683851,0.683901,1,0,0.00336217029400918
6840,0.683951,0.684001,1,0,0.00156790592212661
6841,0.684051,0.684101,1,0,0.00156790592212661
6842,0.684151,0.684201,1,0,0.00156790592212661
6843,0.684251,0.684301,1,0,0.00156790592212661
6844,0.684351,0.684401,1,0,0.00156790592212661
6845,0.684451,0.684501,1,0,0.00156790592212661
6846,0.684551,0.684601,1,0,0.00156790592212661
6847,0.684651,0.684701,1,0,0.00156790592212661
6848,0.684751,0.684801,1,0,0.00156790592212661
6849,0.684851,0.684901,1,0,0.00156790592212661
6850,0.684951,0.685001,1,0,0.000452067664695527
6851,0.685051,0.685101,1,0,0.000452067664695527
6852,0.685151,0.685201,1,0,0.000452067664695527
6853,0.685251,0.685301,1,0,0.000452067664695527
6854,0.685351,0.685401,1,0,0.000452067664695527
6855,0.685451,0.685501,1,0,0.000452067664695527
6856,0.685551,0.685601,1,0,0.000452067664695527
6857,0.685651,0.685701,1,0,0.000452067664695527
6858,0.685751,0.685801,1,0,0.000452067664695527
6859,0.685851,0.685901,1,0,0.000452067664695527
6860,0.685951,0.686001,1,0,-0.000185760528384044
6861,0.686051,0.686101,1,0,-0.000185760528384044
6862,0.686151,0.686201,1,0,-0.000185760528384044
6863,0.686251,0.686301,1,0,-0.000185760528384044
6864,0.686351,0.686401,1,0,-0.000185760528384044
6865,0.686451,0.686501,1,0,-0.000185760528384044
6866,0.686551,0.686601,1,0,-0.000185760528384044
6867,0.686651,0.686701,1,0,-0.000185760528384044
6868,0.686751,0.686801,1,0,-0.000185760528384044
6869,0.686851,0.686901,1,0,-0.000185760528384044
6870,0.686951,0.687001,1,0,-0.000627656172755951
6871,0.687051,0.687101,1,0,-0.000627656172755951
6872,0.687151,0.687201,1,0,-0.000627656172755951
6873,0.687251,0.687301,1,0,-0.000627656172755951
6874,0.687351,0.687401,1,0,-0.000627656172755951
6875,0.687451,0.687501,1,0,-0.000627656172755951
6876,0.687551,0.687601,1,0,-0.000627656172755951
6877,0.687651,0.687701,1,0,-0.000627656172755951
6878,0.687751,0.687801,1,0,-0.000627656172755951
6879,0.687851,0.687901,1,0,-0.000627656172755951
6880,0.687951,0.688001,1,0,-0.00106300495867332
6881,0.688051,0.688101,1,0,-0.00106300495867332
6882,0.688151,0.688201,1,0,-0.00106300495867332
6883,0.688251,0.688301,1,0,-0.00106300495867332
6884,0.688351,0.688401,1,0,-0.00106300495867332
6885,0.688451,0.688501,1,0,-0.00106300495867332
6886,0.688551,0.688601,1,0,-0.00106300495867332
6887,0.688651,0.688701,1,0,-0.00106300495867332
6888,0.688751,0.688801,1,0,-0.00106300495867332
6889,0.688851,0.688901,1,0,-0.00106300495867332
6890,0.688951,0.689001,1,0,-0.00149817521134748
6891,0.689051,0.689101,1,0,-0.00149817521134748
6892,0.689151,0.689201,1,0,-0.00149817521134748
6893,0.689251,0.689301,1,0,-0.00149817521134748
6894,0.689351,0.689401,1,0,-0.00149817521134748
6895,0.689451,0.689501,1,0,-0.00149817521134748
6896,0.689551,0.689601,1,0,-0.00149817521134748
6897,0.689651,0.689701,1,0,-0.00149817521134748
6898,0.689751,0.689801,1,0,-0.00149817521134748
6899,0.689851,0.689901,1,0,-0.00149817521134748
6900,0.689951,0.690001,1,0,-0.0019348058624532
6901,0.690051,0.690101,1,0,-0.0019348058624532
6902,0.690151,0.690201,1,0,-0.0019348058624532
6903,0.690251,0.690301,1,0,-0.0019348058624532
6904,0.690351,0.690401,1,0,-0.0019348058624532
6905,0.690451,0.690501,1,0,-0.0019348058624532
6906,0.690551,0.690601,1,0,-0.0019348058624532
6907,0.690651,0.690701,1,0,-0.0019348058624532
6908,0.690751,0.690801,1,0,-0.0019348058624532
6909,0.690851,0.690901,1,0,-0.0019348058624532
6910,0.690951,0.691001,1,0,-0.0023724038360227
6911,0.691051,0.691101,1,0,-0.0023724038360227
6912,0.691151,0.691201,1,0,-0.0023724038360227
6913,0.691251,0.691301,1,0,-0.0023724038360227
6914,0.691351,0.691401,1,0,-0.0023724038360227
6915,0.691451,0.691501,1,0,-0.0023724038360227
6916,0.691551,0.691601,1,0,-0.0023724038360227
6917,0.691651,0.691701,1,0,-0.0023724038360227
6918,0.691751,0.691801,1,0,-0.0023724038360227
6919,0.691851,0.691901,1,0,-0.0023724038360227
6920,0.691951,0.692001,1,0,-0.00281258099789223
6921,0.692051,0.692101,1,0,-0.00281258099789223
6922,0.692151,0.692201,1,0,-0.00281258099789223
6923,0.692251,0.692301,1,0,-0.00281258099789223
6924,0.692351,0.692401,1,0,-0.00281258099789223
6925,0.692451,0.692501,1,0,-0.00281258099789223
6926,0.692551,0.692601,1,0,-0.00281258099789223
6927,0.692651,0.692701,1,0,-0.00281258099789223
6928,0.692751,0.692801,1,0,-0.00281258099789223
6929,0.692851,0.692901,1,0,-0.00281258099789223
6930,0.692951,0.693001,1,0,-0.00325355348248287
6931,0.693051,0.693101,1,0,-0.00325355348248287
6932,0.693151,0.693201,1,0,-0.00325355348248287
6933,0.693251,0.693301,1,0,-0.00325355348248287
6934,0.693351,0.693401,1,0,-0.00325355348248287
6935,0.693451,0.693501,1,0,-0.00325355348248287
6936,0.693551,0.693601,1,0,-0.00325355348248287
6937,0.693651,0.693701,1,0,-0.00325355348248287
6938,0.693751,0.693801,1,0,-0.00325355348248287
6939,0.693851,0.693901,1,0,-0.00325355348248287
6940,0.693951,0.694001,1,0,-0.00369521003262686
6941,0.694051,0.694101,1,0,-0.00369521003262686
6942,0.694151,0.694201,1,0,-0.00369521003262686
6943,0.694251,0.694301,1,0,-0.00369521003262686
6944,0.694351,0.694401,1,0,-0.00369521003262686
6945,0.694451,0.694501,1,0,-0.00369521003262686
6946,0.694551,0.694601,1,0,-0.00369521003262686
6947,0.694651,0.694701,1,0,-0.00369521003262686
6948,0.694751,0.694801,1,0,-0.00369521003262686
6949,0.694851,0.694901,1,0,-0.00369521003262686
6950,0.694951,0.695001,1,0,-0.00413122215380054
6951,0.695051,0.695101,1,0,-0.00413122215380054
6952,0.695151,0.695201,1,0,-0.00413122215380054
6953,0.695251,0.695301,1,0,-0.00413122215380054
6954,0.695351,0.695401,1,0,-0.00413122215380054
6955,0.695451,0.695501,1,0,-0.00413122215380054
6956,0.695551,0.695601,1,0,-0.00413122215380054
6957,0.695651,0.695701,1,0,-0.00413122215380054
6958,0.695751,0.695801,1,0,-0.00413122215380054
6959,0.695851,0.695901,1,0,-0.00413122215380054
6960,0.695951,0.696001,1,0,-0.00456152464880575
6961,0.696051,0.696101,1,0,-0.00456152464880575
6962,0.696151,0.696201,1,0,-0.00456152464880575
6963,0.696251,0.696301,1,0,-0.00456152464880575
6964,0.696351,0.696401,1,0,-0.00456152464880575
6965,0.696451,0.696501,1,0,-0.00456152464880575
6966,0.696551,0.696601,1,0,-0.00456152464880575
6967,0.696651,0.696701,1,0,-0.00456152464880575
6968,0.696751,0.696801,1,0,-0.00456152464880575
6969,0.696851,0.696901,1,0,-0.00456152464880575
6970,0.696951,0.697001,1,0,-0.00498672126066434
6971,0.697051,0.697101,1,0,-0.00498672126066434
6972,0.697151,0.697201,1,0,-0.00498672126066434
6973,0.697251,0.697301,1,0,-0.00498672126066434
6974,0.697351,0.697401,1,0,-0.00498672126066434
6975,0.697451,0.697501,1,0,-0.00498672126066434
6976,0.697551,0.697601,1,0,-0.00498672126066434
6977,0.697651,0.697701,1,0,-0.00498672126066434
6978,0.697751,0.697801,1,0,-0.00498672126066434
6979,0.697851,0.697901,1,0,-0.00498672126066434
6980,0.697951,0.698001,1,0,-0.00540305183248651
6981,0.698051,0.698101,1,0,-0.00540305183248651
6982,0.698151,0.698201,1,0,-0.00540305183248651
6983,0.698251,0.698301,1,0,-0.00540305183248651
6984,0.698351,0.698401,1,0,-0.00540305183248651
6985,0.698451,0.698501,1,0,-0.00540305183248651
6986,0.698551,0.698601,1,0,-0.00540305183248651
6987,0.698651,0.698701,1,0,-0.00540305183248651
6988,0.698751,0.698801,1,0,-0.00540305183248651
6989,0.698851,0.698901,1,0,-0.00540305183248651
6990,0.698951,0.699001,1,0,-0.00581308669860138
6991,0.699051,0.699101,1,0,-0.00581308669860138
6992,0.699151,0.699201,1,0,-0.00581308669860138
6993,0.699251,0.699301,1,0,-0.00581308669860138
6994,0.699351,0.699401,1,0,-0.00581308669860138
6995,0.699451,0.699501,1,0,-0.00581308669860138
6996,0.699551,0.699601,1,0,-0.00581308669860138
6997,0.699651,0.699701,1,0,-0.00581308669860138
6998,0.699751,0.699801,1,0,-0.00581308669860138
6999,0.699851,0.699901,1,0,-0.00581308669860138
7000,0.699951,0.700001,1,0,-0.00620751348905857
7001,0.700051,0.700101,1,0,-0.00620751348905857
7002,0.700151,0.700201,1,0,-0.00620751348905857
7003,0.700251,0.700301,1,0,-0.00620751348905857
7004,0.700351,0.700401,1,0,-0.00620751348905857
7005,0.700451,0.700501,1,0,-0.00620751348905857
7006,0.700551,0.700601,1,0,-0.00620751348905857
7007,0.700651,0.700701,1,0,-0.00620751348905857
7008,0.700751,0.700801,1,0,-0.00620751348905857
7009,0.700851,0.700901,1,0,-0.00620751348905857
7010,0.700951,0.701001,1,0,-0.00658973612486193
7011,0.701051,0.701101,1,0,-0.00658973612486193
7012,0.701151,0.701201,1,0,-0.00658973612486193
7013,0.701251,0.701301,1,0,-0.00658973612486193
7014,0.701351,0.701401,1,0,-0.00658973612486193
7015,0.701451,0.701501,1,0,-0.00658973612486193
7016,0.701551,0.701601,1,0,-0.00658973612486193
7017,0.701651,0.701701,1,0,-0.00658973612486193
7018,0.701751,0.701801,1,0,-0.00658973612486193
7019,0.701851,0.701901,1,0,-0.00658973612486193
7020,0.701951,0.702001,1,0,-0.00695416197849879
7021,0.702051,0.702101,1,0,-0.00695416197849879
7022,0.702151,0.702201,1,0,-0.00695416197849879
7023,0.702251,0.702301,1,0,-0.00695416197849879
7024,0.702351,0.702401,1,0,-0.00695416197849879
7025,0.702451,0.702501,1,0,-0.00695416197849879
7026,0.702551,0.702601,1,0,-0.00695416197849879
7027,0.702651,0.702701,1,0,-0.00695416197849879
7028,0.702751,0.702801,1,0,-0.00695416197849879
7029,0.702851,0.702901,1,0,-0.00695416197849879
7030,0.702951,0.703001,1,0,-0.00730464775349597
7031,0.703051,0.703101,1,0,-0.00730464775349597
7032,0.703151,0.703201,1,0,-0.00730464775349597
7033,0.703251,0.703301,1,0,-0.00730464775349597
7034,0.703351,0.703401,1,0,-0.00730464775349597
7035,0.703451,0.703501,1,0,-0.00730464775349597
7036,0.703551,0.703601,1,0,-0.00730464775349597
7037,0.703651,0.703701,1,0,-0.00730464775349597
7038,0.703751,0.703801,1,0,-0.00730464775349597
7039,0.703851,0.703901,1,0,-0.00730464775349597
7040,0.703951,0.704001,1,0,-0.00763610522530962
7041,0.704051,0.704101,1,0,-0.00763610522530962
7042,0.704151,0.704201,1,0,-0.00763610522530962
7043,0.704251,0.704301,1,0,-0.00763610522530962
7044,0.704351,0.704401,1,0,-0.00763610522530962
7045,0.704451,0.704501,1,0,-0.00763610522530962
7046,0.704551,0.704601,1,0,-0.00763610522530962
7047,0.704651,0.704701,1,0,-0.00763610522530962
7048,0.704751,0.704801,1,0,-0.00763610522530962
7049,0.704851,0.704901,1,0,-0.00763610522530962
7050,0.704951,0.705001,1,0,-0.00794621970485217
7051,0.705051,0.705101,1,0,-0.00794621970485217
7052,0.705151,0.705201,1,0,-0.00794621970485217
7053,0.705251,0.705301,1,0,-0.00794621970485217
7054,0.705351,0.705401,1,0,-0.00794621970485217
7055,0.705451,0.705501,1,0,-0.00794621970485217
7056,0.705551,0.705601,1,0,-0.00794621970485217
7057,0.705651,0.705701,1,0,-0.00794621970485217
7058,0.705751,0.705801,1,0,-0.00794621970485217
7059,0.705851,0.705901,1,0,-0.00794621970485217
7060,0.705951,0.706001,1,0,-0.00823158202896087
7061,0.706051,0.706101,1,0,-0.00823158202896087
7062,0.706151,0.706201,1,0,-0.00823158202896087
7063,0.706251,0.706301,1,0,-0.00823158202896087
7064,0.706351,0.706401,1,0,-0.00823158202896087
7065,0.706451,0.706501,1,0,-0.00823158202896087
7066,0.706551,0.706601,1,0,-0.00823158202896087
7067,0.706651,0.706701,1,0,-0.00823158202896087
7068,0.706751,0.706801,1,0,-0.00823158202896087
7069,0.706851,0.706901,1,0,-0.00823158202896087
7070,0.706951,0.707001,1,0,-0.00785957564770537
7071,0.707051,0.707101,1,0,-0.00785957564770537
7072,0.707151,0.707201,1,0,-0.00785957564770537
7073,0.707251,0.707301,1,0,-0.00785957564770537
7074,0.707351,0.707401,1,0,-0.00785957564770537
7075,0.707451,0.707501,1,0,-0.00785957564770537
7076,0.707551,0.707601,1,0,-0.00785957564770537
7077,0.707651,0.707701,1,0,-0.00785957564770537
7078,0.707751,0.707801,1,0,-0.00785957564770537
7079,0.707851,0.707901,1,0,-0.00785957564770537
7080,0.707951,0.708001,1,0,-0.00556400972300953
7081,0.708051,0.708101,1,0,-0.00556400972300953
7082,0.708151,0.708201,1,0,-0.00556400972300953
7083,0.708251,0.708301,1,0,-0.00556400972300953
7084,0.708351,0.708401,1,0,-0.00556400972300953
7085,0.708451,0.708501,1,0,-0.00556400972300953
7086,0.708551,0.708601,1,0,-0.00556400972300953
7087,0.708651,0.708701,1,0,-0.00556400972300953
7088,0.708751,0.708801,1,0,-0.00556400972300953
7089,0.708851,0.708901,1,0,-0.00556400972300953
7090,0.708951,0.709001,1,0,-0.00287853413180558
7091,0.709051,0.709101,1,0,-0.00287853413180558
7092,0.709151,0.709201,1,0,-0.00287853413180558
7093,0.709251,0.709301,1,0,-0.00287853413180558
7094,0.709351,0.709401,1,0,-0.00287853413180558
7095,0.709451,0.709501,1,0,-0.00287853413180558
7096,0.709551,0.709601,1,0,-0.00287853413180558
7097,0.709651,0.709701,1,0,-0.00287853413180558
7098,0.709751,0.709801,1,0,-0.00287853413180558
7099,0.709851,0.709901,1,0,-0.00287853413180558
7100,0.709951,0.710001,1,0,-0.00126513078230822
7101,0.710051,0.710101,1,0,-0.00126513078230822
7102,0.710151,0.710201,1,0,-0.00126513078230822
7103,0.710251,0.710301,1,0,-0.00126513078230822
7104,0.710351,0.710401,1,0,-0.00126513078230822
7105,0.710451,0.710501,1,0,-0.00126513078230822
7106,0.710551,0.710601,1,0,-0.00126513078230822
7107,0.710651,0.710701,1,0,-0.00126513078230822
7108,0.710751,0.710801,1,0,-0.00126513078230822
7109,0.710851,0.710901,1,0,-0.00126513078230822
7110,0.710951,0.711001,1,0,-0.000435548341729213
7111,0.711051,0.711101,1,0,-0.000435548341729213
7112,0.711151,0.711201,1,0,-0.000435548341729213
7113,0.711251,0.711301,1,0,-0.000435548341729213
7114,0.711351,0.711401,1,0,-0.000435548341729213
7115,0.711451,0.711501,1,0,-0.000435548341729213
7116,0.711551,0.711601,1,0,-0.000435548341729213
7117,0.711651,0.711701,1,0,-0.000435548341729213
7118,0.711751,0.711801,1,0,-0.000435548341729213
7119,0.711851,0.711901,1,0,-0.000435548341729213
7120,0.711951,0.712001,1,0,0.000124933832146646
7121,0.712051,0.712101,1,0,0.000124933832146646
7122,0.712151,0.712201,1,0,0.000124933832146646
7123,0.712251,0.712301,1,0,0.000124933832146646
7124,0.712351,0.712401,1,0,0.000124933832146646
7125,0.712451,0.712501,1,0,0.000124933832146646
7126,0.712551,0.712601,1,0,0.000124933832146646
7127,0.712651,0.712701,1,0,0.000124933832146646
7128,0.712751,0.712801,1,0,0.000124933832146646
7129,0.712851,0.712901,1,0,0.000124933832146646
7130,0.712951,0.713001,1,0,0.000583778570921553
7131,0.713051,0.713101,1,0,0.000583778570921553
7132,0.713151,0.713201,1,0,0.000583778570921553
7133,0.713251,0.713301,1,0,0.000583778570921553
7134,0.713351,0.713401,1,0,0.000583778570921553
7135,0.713451,0.713501,1,0,0.000583778570921553
7136,0.713551,0.713601,1,0,0.000583778570921553
7137,0.713651,0.713701,1,0,0.000583778570921553
7138,0.713751,0.713801,1,0,0.000583778570921553
7139,0.713851,0.713901,1,0,0.000583778570921553
7140,0.713951,0.714001,1,0,0.00102332797568842
7141,0.714051,0.714101,1,0,0.00102332797568842
7142,0.714151,0.714201,1,0,0.00102332797568842
7143,0.714251,0.714301,1,0,0.00102332797568842
7144,0.714351,0.714401,1,0,0.00102332797568842
7145,0.714451,0.714501,1,0,0.00102332797568842
7146,0.714551,0.714601,1,0,0.00102332797568842
7147,0.714651,0.714701,1,0,0.00102332797568842
7148,0.714751,0.714801,1,0,0.00102332797568842
7149,0.714851,0.714901,1,0,0.00102332797568842
7150,0.714951,0.715001,1,0,0.0014608199203017
7151,0.715051,0.715101,1,0,0.0014608199203017
7152,0.715151,0.715201,1,0,0.0014608199203017
7153,0.715251,0.715301,1,0,0.0014608199203017
7154,0.715351,0.715401,1,0,0.0014608199203017
7155,0.715451,0.715501,1,0,0.0014608199203017
7156,0.715551,0.715601,1,0,0.0014608199203017
7157,0.715651,0.715701,1,0,0.0014608199203017
7158,0.715751,0.715801,1,0,0.0014608199203017
7159,0.715851,0.715901,1,0,0.0014608199203017
7160,0.715951,0.716001,1,0,0.00189942807644007
7161,0.716051,0.716101,1,0,0.00189942807644007
7162,0.716151,0.716201,1,0,0.00189942807644007
7163,0.716251,0.716301,1,0,0.00189942807644007
7164,0.716351,0.716401,1,0,0.00189942807644007
7165,0.716451,0.716501,1,0,0.00189942807644007
7166,0.716551,0.716601,1,0,0.00189942807644007
7167,0.716651,0.716701,1,0,0.00189942807644007
7168,0.716751,0.716801,1,0,0.00189942807644007
7169,0.716851,0.716901,1,0,0.00189942807644007
7170,0.716951,0.717001,1,0,0.00233632635956004
7171,0.717051,0.717101,1,0,0.00233632635956004
7172,0.717151,0.717201,1,0,0.00233632635956004
7173,0.717251,0.717301,1,0,0.00233632635956004
7174,0.717351,0.717401,1,0,0.00233632635956004
7175,0.717451,0.717501,1,0,0.00233632635956004
7176,0.717551,0.717601,1,0,0.00233632635956004
7177,0.717651,0.717701,1,0,0.00233632635956004
7178,0.717751,0.717801,1,0,0.00233632635956004
7179,0.717851,0.717901,1,0,0.00233632635956004
7180,0.717951,0.718001,1,0,0.00277117602740756
7181,0.718051,0.718101,1,0,0.00277117602740756
7182,0.718151,0.718201,1,0,0.00277117602740756
7183,0.718251,0.718301,1,0,0.00277117602740756
7184,0.718351,0.718401,1,0,0.00277117602740756
7185,0.718451,0.718501,1,0,0.00277117602740756
7186,0.718551,0.718601,1,0,0.00277117602740756
7187,0.718651,0.718701,1,0,0.00277117602740756
7188,0.718751,0.718801,1,0,0.00277117602740756
7189,0.718851,0.718901,1,0,0.00277117602740756
7190,0.718951,0.719001,1,0,0.00320811931894247
7191,0.719051,0.719101,1,0,0.00320811931894247
7192,0.719151,0.719201,1,0,0.00320811931894247
7193,0.719251,0.719301,1,0,0.00320811931894247
7194,0.719351,0.719401,1,0,0.00320811931894247
7195,0.719451,0.719501,1,0,0.00320811931894247
7196,0.719551,0.719601,1,0,0.00320811931894247
7197,0.719651,0.719701,1,0,0.00320811931894247
7198,0.719751,0.719801,1,0,0.00320811931894247
7199,0.719851,0.719901,1,0,0.00320811931894247
7200,0.719951,0.720001,1,0,0.00364572419621334
7201,0.720051,0.720101,1,0,0.00364572419621334
7202,0.720151,0.720201,1,0,0.00364572419621334
7203,0.720251,0.720301,1,0,0.00364572419621334
7204,0.720351,0.720401,1,0,0.00364572419621334
7205,0.720451,0.720501,1,0,0.00364572419621334
7206,0.720551,0.720601,1,0,0.00364572419621334
7207,0.720651,0.720701,1,0,0.00364572419621334
7208,0.720751,0.720801,1,0,0.00364572419621334
7209,0.720851,0.720901,1,0,0.00364572419621334
7210,0.720951,0.721001,1,0,0.00408088918828482
7211,0.721051,0.721101,1,0,0.00408088918828482
7212,0.721151,0.721201,1,0,0.00408088918828482
7213,0.721251,0.721301,1,0,0.00408088918828482
7214,0.721351,0.721401,1,0,0.00408088918828482
7215,0.721451,0.721501,1,0,0.00408088918828482
7216,0.721551,0.721601,1,0,0.00408088918828482
7217,0.721651,0.721701,1,0,0.00408088918828482
7218,0.721751,0.721801,1,0,0.00408088918828482
7219,0.721851,0.721901,1,0,0.00408088918828482
7220,0.721951,0.722001,1,0,0.00450871349553747
7221,0.722051,0.722101,1,0,0.00450871349553747
7222,0.722151,0.722201,1,0,0.00450871349553747
7223,0.722251,0.722301,1,0,0.00450871349553747
7224,0.722351,0.722401,1,0,0.00450871349553747
7225,0.722451,0.722501,1,0,0.00450871349553747
7226,0.722551,0.722601,1,0,0.00450871349553747
7227,0.722651,0.722701,1,0,0.00450871349553747
7228,0.722751,0.722801,1,0,0.00450871349553747
7229,0.722851,0.722901,1,0,0.00450871349553747
7230,0.722951,0.723001,1,0,0.00493084629611043
7231,0.723051,0.723101,1,0,0.00493084629611043
7232,0.723151,0.723201,1,0,0.00493084629611043
7233,0.723251,0.723301,1,0,0.00493084629611043
7234,0.723351,0.723401,1,0,0.00493084629611043
7235,0.723451,0.723501,1,0,0.00493084629611043
7236,0.723551,0.723601,1,0,0.00493084629611043
7237,0.723651,0.723701,1,0,0.00493084629611043
7238,0.723751,0.723801,1,0,0.00493084629611043
7239,0.723851,0.723901,1,0,0.00493084629611043
7240,0.723951,0.724001,1,0,0.0053481039610336
7241,0.724051,0.724101,1,0,0.0053481039610336
7242,0.724151,0.724201,1,0,0.0053481039610336
7243,0.724251,0.724301,1,0,0.0053481039610336
7244,0.724351,0.724401,1,0,0.0053481039610336
7245,0.724451,0.724501,1,0,0.0053481039610336
7246,0.724551,0.724601,1,0,0.0053481039610336
7247,0.724651,0.724701,1,0,0.0053481039610336
7248,0.724751,0.724801,1,0,0.0053481039610336
7249,0.724851,0.724901,1,0,0.0053481039610336
7250,0.724951,0.725001,1,0,0.00575820750617588
7251,0.725051,0.725101,1,0,0.00575820750617588
7252,0.725151,0.725201,1,0,0.00575820750617588
7253,0.725251,0.725301,1,0,0.00575820750617588
7254,0.725351,0.725401,1,0,0.00575820750617588
7255,0.725451,0.725501,1,0,0.00575820750617588
7256,0.725551,0.725601,1,0,0.00575820750617588
7257,0.725651,0.725701,1,0,0.00575820750617588
7258,0.725751,0.725801,1,0,0.00575820750617588
7259,0.725851,0.725901,1,0,0.00575820750617588
7260,0.725951,0.726001,1,0,0.00615477371505252
7261,0.726051,0.726101,1,0,0.00615477371505252
7262,0.726151,0.726201,1,0,0.00615477371505252
7263,0.726251,0.726301,1,0,0.00615477371505252
7264,0.726351,0.726401,1,0,0.00615477371505252
7265,0.726451,0.726501,1,0,0.00615477371505252
7266,0.726551,0.726601,1,0,0.00615477371505252
7267,0.726651,0.726701,1,0,0.00615477371505252
7268,0.726751,0.726801,1,0,0.00615477371505252
7269,0.726851,0.726901,1,0,0.00615477371505252
7270,0.726951,0.727001,1,0,0.00653664326612865
7271,0.727051,0.727101,1,0,0.00653664326612865
7272,0.727151,0.727201,1,0,0.00653664326612865
7273,0.727251,0.727301,1,0,0.00653664326612865
7274,0.727351,0.727401,1,0,0.00653664326612865
7275,0.727451,0.727501,1,0,0.00653664326612865
7276,0.727551,0.727601,1,0,0.00653664326612865
7277,0.727651,0.727701,1,0,0.00653664326612865
7278,0.727751,0.727801,1,0,0.00653664326612865
7279,0.727851,0.727901,1,0,0.00653664326612865
7280,0.727951,0.728001,1,0,0.00690301573427299
7281,0.728051,0.728101,1,0,0.00690301573427299
7282,0.728151,0.728201,1,0,0.00690301573427299
7283,0.728251,0.728301,1,0,0.00690301573427299
7284,0.728351,0.728401,1,0,0.00690301573427299
7285,0.728451,0.728501,1,0,0.00690301573427299
7286,0.728551,0.728601,1,0,0.00690301573427299
7287,0.728651,0.728701,1,0,0.00690301573427299
7288,0.728751,0.728801,1,0,0.00690301573427299
7289,0.728851,0.728901,1,0,0.00690301573427299
7290,0.728951,0.729001,1,0,0.0072558169111079
7291,0.729051,0.729101,1,0,0.0072558169111079
7292,0.729151,0.729201,1,0,0.0072558169111079
7293,0.729251,0.729301,1,0,0.0072558169111079
7294,0.729351,0.729401,1,0,0.0072558169111079
7295,0.729451,0.729501,1,0,0.0072558169111079
7296,0.729551,0.729601,1,0,0.0072558169111079
7297,0.729651,0.729701,1,0,0.0072558169111079
7298,0.729751,0.729801,1,0,0.0072558169111079
7299,0.729851,0.729901,1,0,0.0072558169111079
7300,0.729951,0.730001,1,0,0.0075877664934981
7301,0.730051,0.730101,1,0,0.0075877664934981
7302,0.730151,0.730201,1,0,0.0075877664934981
7303,0.730251,0.730301,1,0,0.0075877664934981
7304,0.730351,0.730401,1,0,0.0075877664934981
7305,0.730451,0.730501,1,0,0.0075877664934981
7306,0.730551,0.730601,1,0,0.0075877664934981
7307,0.730651,0.730701,1,0,0.0075877664934981
7308,0.730751,0.730801,1,0,0.0075877664934981
7309,0.730851,0.730901,1,0,0.0075877664934981
7310,0.730951,0.731001,1,0,0.00789918814320638
7311,0.731051,0.731101,1,0,0.00789918814320638
7312,0.731151,0.731201,1,0,0.00789918814320638
7313,0.731251,0.731301,1,0,0.00789918814320638
7314,0.731351,0.731401,1,0,0.00789918814320638
7315,0.731451,0.731501,1,0,0.00789918814320638
7316,0.731551,0.731601,1,0,0.00789918814320638
7317,0.731651,0.731701,1,0,0.00789918814320638
7318,0.731751,0.731801,1,0,0.00789918814320638
7319,0.731851,0.731901,1,0,0.00789918814320638
7320,0.731951,0.732001,1,0,0.00819105352444681
7321,0.732051,0.732101,1,0,0.00819105352444681
7322,0.732151,0.732201,1,0,0.00819105352444681
7323,0.732251,0.732301,1,0,0.00819105352444681
7324,0.732351,0.732401,1,0,0.00819105352444681
7325,0.732451,0.732501,1,0,0.00819105352444681
7326,0.732551,0.732601,1,0,0.00819105352444681
7327,0.732651,0.732701,1,0,0.00819105352444681
7328,0.732751,0.732801,1,0,0.00819105352444681
7329,0.732851,0.732901,1,0,0.00819105352444681
7330,0.732951,0.733001,1,0,0.00804822587026229
7331,0.733051,0.733101,1,0,0.00804822587026229
7332,0.733151,0.733201,1,0,0.00804822587026229
7333,0.733251,0.733301,1,0,0.00804822587026229
7334,0.733351,0.733401,1,0,0.00804822587026229
7335,0.733451,0.733501,1,0,0.00804822587026229
7336,0.733551,0.733601,1,0,0.00804822587026229
7337,0.733651,0.733701,1,0,0.00804822587026229
7338,0.733751,0.733801,1,0,0.00804822587026229
7339,0.733851,0.733901,1,0,0.00804822587026229
7340,0.733951,0.734001,1,0,0.00580262236692394
7341,0.734051,0.734101,1,0,0.00580262236692394
7342,0.734151,0.734201,1,0,0.00580262236692394
7343,0.734251,0.734301,1,0,0.00580262236692394
7344,0.734351,0.734401,1,0,0.00580262236692394
7345,0.734451,0.734501,1,0,0.00580262236692394
7346,0.734551,0.734601,1,0,0.00580262236692394
7347,0.734651,0.734701,1,0,0.00580262236692394
7348,0.734751,0.734801,1,0,0.00580262236692394
7349,0.734851,0.734901,1,0,0.00580262236692394
7350,0.734951,0.735001,1,0,0.00340136720923737
7351,0.735051,0.735101,1,0,0.00340136720923737
7352,0.735151,0.735201,1,0,0.00340136720923737
7353,0.735251,0.735301,1,0,0.00340136720923737
7354,0.735351,0.735401,1,0,0.00340136720923737
7355,0.735451,0.735501,1,0,0.00340136720923737
7356,0.735551,0.735601,1,0,0.00340136720923737
7357,0.735651,0.735701,1,0,0.00340136720923737
7358,0.735751,0.735801,1,0,0.00340136720923737
7359,0.735851,0.735901,1,0,0.00340136720923737
7360,0.735951,0.736001,1,0,0.00176413603095791
7361,0.736051,0.736101,1,0,0.00176413603095791
7362,0.736151,0.736201,1,0,0.00176413603095791
7363,0.736251,0.736301,1,0,0.00176413603095791
7364,0.736351,0.736401,1,0,0.00176413603095791
7365,0.736451,0.736501,1,0,0.00176413603095791
7366,0.736551,0.736601,1,0,0.00176413603095791
7367,0.736651,0.736701,1,0,0.00176413603095791
7368,0.736751,0.736801,1,0,0.00176413603095791
7369,0.736851,0.736901,1,0,0.00176413603095791
7370,0.736951,0.737001,1,0,0.00048136844730239
7371,0.737051,0.737101,1,0,0.00048136844730239
7372,0.737151,0.737201,1,0,0.00048136844730239
7373,0.737251,0.737301,1,0,0.00048136844730239
7374,0.737351,0.737401,1,0,0.00048136844730239
7375,0.737451,0.737501,1,0,0.00048136844730239
7376,0.737551,0.737601,1,0,0.00048136844730239
7377,0.737651,0.737701,1,0,0.00048136844730239
7378,0.737751,0.737801,1,0,0.00048136844730239
7379,0.737851,0.737901,1,0,0.00048136844730239
7380,0.737951,0.738001,1,0,-0.000231517018821778
7381,0.738051,0.738101,1,0,-0.000231517018821778
7382,0.738151,0.738201,1,0,-0.000231517018821778
7383,0.738251,0.738301,1,0,-0.000231517018821778
7384,0.738351,0.738401,1,0,-0.000231517018821778
7385,0.738451,0.738501,1,0,-0.000231517018821778
7386,0.738551,0.738601,1,0,-0.000231517018821778
7387,0.738651,0.738701,1,0,-0.000231517018821778
7388,0.738751,0.738801,1,0,-0.000231517018821778
7389,0.738851,0.738901,1,0,-0.000231517018821778
7390,0.738951,0.739001,1,0,-0.000674587896979386
7391,0.739051,0.739101,1,0,-0.000674587896979386
7392,0.739151,0.739201,1,0,-0.000674587896979386
7393,0.739251,0.739301,1,0,-0.000674587896979386
7394,0.739351,0.739401,1,0,-0.000674587896979386
7395,0.739451,0.739501,1,0,-0.000674587896979386
7396,0.739551,0.739601,1,0,-0.000674587896979386
7397,0.739651,0.739701,1,0,-0.000674587896979386
7398,0.739751,0.739801,1,0,-0.000674587896979386
7399,0.739851,0.739901,1,0,-0.000674587896979386
7400,0.739951,0.740001,1,0,-0.00111178089075275
7401,0.740051,0.740101,1,0,-0.00111178089075275
7402,0.740151,0.740201,1,0,-0.00111178089075275
7403,0.740251,0.740301,1,0,-0.00111178089075275
7404,0.740351,0.740401,1,0,-0.00111178089075275
7405,0.740451,0.740501,1,0,-0.00111178089075275
7406,0.740551,0.740601,1,0,-0.00111178089075275
7407,0.740651,0.740701,1,0,-0.00111178089075275
7408,0.740751,0.740801,1,0,-0.00111178089075275
7409,0.740851,0.740901,1,0,-0.00111178089075275
7410,0.740951,0.741001,1,0,-0.00154840526068661
7411,0.741051,0.741101,1,0,-0.00154840526068661
7412,0.741151,0.741201,1,0,-0.00154840526068661
7413,0.741251,0.741301,1,0,-0.00154840526068661
7414,0.741351,0.741401,1,0,-0.00154840526068661
7415,0.741451,0.741501,1,0,-0.00154840526068661
7416,0.741551,0.741601,1,0,-0.00154840526068661
7417,0.741651,0.741701,1,0,-0.00154840526068661
7418,0.741751,0.741801,1,0,-0.00154840526068661
7419,0.741851,0.741901,1,0,-0.00154840526068661
7420,0.741951,0.742001,1,0,-0.00198760358601646
7421,0.742051,0.742101,1,0,-0.00198760358601646
7422,0.742151,0.742201,1,0,-0.00198760358601646
7423,0.742251,0.742301,1,0,-0.00198760358601646
7424,0.742351,0.742401,1,0,-0.00198760358601646
7425,0.742451,0.742501,1,0,-0.00198760358601646
7426,0.742551,0.742601,1,0,-0.00198760358601646
7427,0.742651,0.742701,1,0,-0.00198760358601646
7428,0.742751,0.742801,1,0,-0.00198760358601646
7429,0.742851,0.742901,1,0,-0.00198760358601646
7430,0.742951,0.743001,1,0,-0.0024309583105517
7431,0.743051,0.743101,1,0,-0.0024309583105517
7432,0.743151,0.743201,1,0,-0.0024309583105517
7433,0.743251,0.743301,1,0,-0.0024309583105517
7434,0.743351,0.743401,1,0,-0.0024309583105517
7435,0.743451,0.743501,1,0,-0.0024309583105517
7436,0.743551,0.743601,1,0,-0.0024309583105517
7437,0.743651,0.743701,1,0,-0.0024309583105517
7438,0.743751,0.743801,1,0,-0.0024309583105517
7439,0.743851,0.743901,1,0,-0.0024309583105517
7440,0.743951,0.744001,1,0,-0.00287078510104264
7441,0.744051,0.744101,1,0,-0.00287078510104264
7442,0.744151,0.744201,1,0,-0.00287078510104264
7443,0.744251,0.744301,1,0,-0.00287078510104264
7444,0.744351,0.744401,1,0,-0.00287078510104264
7445,0.744451,0.744501,1,0,-0.00287078510104264
7446,0.744551,0.744601,1,0,-0.00287078510104264
7447,0.744651,0.744701,1,0,-0.00287078510104264
7448,0.744751,0.744801,1,0,-0.00287078510104264
7449,0.744851,0.744901,1,0,-0.00287078510104264
7450,0.744951,0.745001,1,0,-0.0033159654493183
7451,0.745051,0.745101,1,0,-0.0033159654493183
7452,0.745151,0.745201,1,0,-0.0033159654493183
7453,0.745251,0.745301,1,0,-0.0033159654493183
7454,0.745351,0.745401,1,0,-0.0033159654493183
7455,0.745451,0.745501,1,0,-0.0033159654493183
7456,0.745551,0.745601,1,0,-0.0033159654493183
7457,0.745651,0.745701,1,0,-0.0033159654493183
7458,0.745751,0.745801,1,0,-0.0033159654493183
7459,0.745851,0.745901,1,0,-0.0033159654493183
7460,0.745951,0.746001,1,0,-0.00376074742793222
7461,0.746051,0.746101,1,0,-0.00376074742793222
7462,0.746151,0.746201,1,0,-0.00376074742793222
7463,0.746251,0.746301,1,0,-0.00376074742793222
7464,0.746351,0.746401,1,0,-0.00376074742793222
7465,0.746451,0.746501,1,0,-0.00376074742793222
7466,0.746551,0.746601,1,0,-0.00376074742793222
7467,0.746651,0.746701,1,0,-0.00376074742793222
7468,0.746751,0.746801,1,0,-0.00376074742793222
7469,0.746851,0.746901,1,0,-0.00376074742793222
7470,0.746951,0.747001,1,0,-0.00419988654645962
7471,0.747051,0.747101,1,0,-0.00419988654645962
7472,0.747151,0.747201,1,0,-0.00419988654645962
7473,0.747251,0.747301,1,0,-0.00419988654645962
7474,0.747351,0.747401,1,0,-0.00419988654645962
7475,0.747451,0.747501,1,0,-0.00419988654645962
7476,0.747551,0.747601,1,0,-0.00419988654645962
7477,0.747651,0.747701,1,0,-0.00419988654645962
7478,0.747751,0.747801,1,0,-0.00419988654645962
7479,0.747851,0.747901,1,0,-0.00419988654645962
7480,0.747951,0.748001,1,0,-0.00463282978104854
7481,0.748051,0.748101,1,0,-0.00463282978104854
7482,0.748151,0.748201,1,0,-0.00463282978104854
7483,0.748251,0.748301,1,0,-0.00463282978104854
7484,0.748351,0.748401,1,0,-0.00463282978104854
7485,0.748451,0.748501,1,0,-0.00463282978104854
7486,0.748551,0.748601,1,0,-0.00463282978104854
7487,0.748651,0.748701,1,0,-0.00463282978104854
7488,0.748751,0.748801,1,0,-0.00463282978104854
7489,0.748851,0.748901,1,0,-0.00463282978104854
7490,0.748951,0.749001,1,0,-0.00505745422310093
7491,0.749051,0.749101,1,0,-0.00505745422310093
7492,0.749151,0.749201,1,0,-0.00505745422310093
7493,0.749251,0.749301,1,0,-0.00505745422310093
7494,0.749351,0.749401,1,0,-0.00505745422310093
7495,0.749451,0.749501,1,0,-0.00505745422310093
7496,0.749551,0.749601,1,0,-0.00505745422310093
7497,0.749651,0.749701,1,0,-0.00505745422310093
7498,0.749751,0.749801,1,0,-0.00505745422310093
7499,0.749851,0.749901,1,0,-0.00505745422310093
7500,0.749951,0.750001,1,0,-0.00547660616111342
7501,0.750051,0.750101,1,0,-0.00547660616111342
7502,0.750151,0.750201,1,0,-0.00547660616111342
7503,0.750251,0.750301,1,0,-0.00547660616111342
7504,0.750351,0.750401,1,0,-0.00547660616111342
7505,0.750451,0.750501,1,0,-0.00547660616111342
7506,0.750551,0.750601,1,0,-0.00547660616111342
7507,0.750651,0.750701,1,0,-0.00547660616111342
7508,0.750751,0.750801,1,0,-0.00547660616111342
7509,0.750851,0.750901,1,0,-0.00547660616111342
7510,0.750951,0.751001,1,0,-0.00507885992366947
7511,0.751051,0.751101,1,0,-0.00507885992366947
7512,0.751151,0.751201,1,0,-0.00507885992366947
7513,0.751251,0.751301,1,0,-0.00507885992366947
7514,0.751351,0.751401,1,0,-0.00507885992366947
7515,0.751451,0.751501,1,0,-0.00507885992366947
7516,0.751551,0.751601,1,0,-0.00507885992366947
7517,0.751651,0.751701,1,0,-0.00507885992366947
7518,0.751751,0.751801,1,0,-0.00507885992366947
7519,0.751851,0.751901,1,0,-0.00507885992366947
7520,0.751951,0.752001,1,0,-0.00451128750540095
7521,0.752051,0.752101,1,0,-0.00451128750540095
7522,0.752151,0.752201,1,0,-0.00451128750540095
7523,0.752251,0.752301,1,0,-0.00451128750540095
7524,0.752351,0.752401,1,0,-0.00451128750540095
7525,0.752451,0.752501,1,0,-0.00451128750540095
7526,0.752551,0.752601,1,0,-0.00451128750540095
7527,0.752651,0.752701,1,0,-0.00451128750540095
7528,0.752751,0.752801,1,0,-0.00451128750540095
7529,0.752851,0.752901,1,0,-0.00451128750540095
7530,0.752951,0.753001,1,0,-0.00386089834819555
7531,0.753051,0.753101,1,0,-0.00386089834819555
7532,0.753151,0.753201,1,0,-0.00386089834819555
7533,0.753251,0.753301,1,0,-0.00386089834819555
7534,0.753351,0.753401,1,0,-0.00386089834819555
7535,0.753451,0.753501,1,0,-0.00386089834819555
7536,0.753551,0.753601,1,0,-0.00386089834819555
7537,0.753651,0.753701,1,0,-0.00386089834819555
7538,0.753751,0.753801,1,0,-0.00386089834819555
7539,0.753851,0.753901,1,0,-0.00386089834819555
7540,0.753951,0.754001,1,0,-0.00312649473363042
7541,0.754051,0.754101,1,0,-0.00312649473363042
7542,0.754151,0.754201,1,0,-0.00312649473363042
7543,0.754251,0.754301,1,0,-0.00312649473363042
7544,0.754351,0.754401,1,0,-0.00312649473363042
7545,0.754451,0.754501,1,0,-0.00312649473363042
7546,0.754551,0.754601,1,0,-0.00312649473363042
7547,0.754651,0.754701,1,0,-0.00312649473363042
7548,0.754751,0.754801,1,0,-0.00312649473363042
7549,0.754851,0.754901,1,0,-0.00312649473363042
7550,0.754951,0.755001,1,0,-0.00231392076747243
7551,0.755051,0.755101,1,0,-0.00231392076747243
7552,0.755151,0.755201,1,0,-0.00231392076747243
7553,0.755251,0.755301,1,0,-0.00231392076747243
7554,0.755351,0.755401,1,0,-0.00231392076747243
7555,0.755451,0.755501,1,0,-0.00231392076747243
7556,0.755551,0.755601,1,0,-0.00231392076747243
7557,0.755651,0.755701,1,0,-0.00231392076747243
7558,0.755751,0.755801,1,0,-0.00231392076747243
7559,0.755851,0.755901,1,0,-0.00231392076747243
7560,0.755951,0.756001,1,0,-0.00142753465418904
7561,0.756051,0.756101,1,0,-0.00142753465418904
7562,0.756151,0.756201,1,0,-0.00142753465418904
7563,0.756251,0.756301,1,0,-0.00142753465418904
7564,0.756351,0.756401,1,0,-0.00142753465418904
7565,0.756451,0.756501,1,0,-0.00142753465418904
7566,0.756551,0.756601,1,0,-0.00142753465418904
7567,0.756651,0.756701,1,0,-0.00142753465418904
7568,0.756751,0.756801,1,0,-0.00142753465418904
7569,0.756851,0.756901,1,0,-0.00142753465418904
7570,0.756951,0.757001,1,0,-0.000462593553068814
7571,0.757051,0.757101,1,0,-0.000462593553068814
7572,0.757151,0.757201,1,0,-0.000462593553068814
7573,0.757251,0.757301,1,0,-0.000462593553068814
7574,0.757351,0.757401,1,0,-0.000462593553068814
7575,0.757451,0.757501,1,0,-0.000462593553068814
7576,0.757551,0.757601,1,0,-0.000462593553068814
7577,0.757651,0.757701,1,0,-0.000462593553068814
7578,0.757751,0.757801,1,0,-0.000462593553068814
7579,0.757851,0.757901,1,0,-0.000462593553068814
7580,0.757951,0.758001,1,0,0.000576665923965617
7581,0.758051,0.758101,1,0,0.000576665923965617
7582,0.758151,0.758201,1,0,0.000576665923965617
7583,0.758251,0.758301,1,0,0.000576665923965617
7584,0.758351,0.758401,1,0,0.000576665923965617
7585,0.758451,0.758501,1,0,0.000576665923965617
7586,0.758551,0.758601,1,0,0.000576665923965617
7587,0.758651,0.758701,1,0,0.000576665923965617
7588,0.758751,0.758801,1,0,0.000576665923965617
7589,0.758851,0.758901,1,0,0.000576665923965617
7590,0.758951,0.759001,1,0,0.00169000852498623
7591,0.759051,0.759101,1,0,0.00169000852498623
7592,0.759151,0.759201,1,0,0.00169000852498623
7593,0.759251,0.759301,1,0,0.00169000852498623
7594,0.759351,0.759401,1,0,0.00169000852498623
7595,0.759451,0.759501,1,0,0.00169000852498623
7596,0.759551,0.759601,1,0,0.00169000852498623
7597,0.759651,0.759701,1,0,0.00169000852498623
7598,0.759751,0.759801,1,0,0.00169000852498623
7599,0.759851,0.759901,1,0,0.00169000852498623
7600,0.759951,0.760001,1,0,0.00287484721524705
7601,0.760051,0.760101,1,0,0.00287484721524705
7602,0.760151,0.760201,1,0,0.00287484721524705
7603,0.760251,0.760301,1,0,0.00287484721524705
7604,0.760351,0.760401,1,0,0.00287484721524705
7605,0.760451,0.760501,1,0,0.00287484721524705
7606,0.760551,0.760601,1,0,0.00287484721524705
7607,0.760651,0.760701,1,0,0.00287484721524705
7608,0.760751,0.760801,1,0,0.00287484721524705
7609,0.760851,0.760901,1,0,0.00287484721524705
7610,0.760951,0.761001,1,0,0.00413132323896141
7611,0.761051,0.761101,1,0,0.00413132323896141
7612,0.761151,0.761201,1,0,0.00413132323896141
7613,0.761251,0.761301,1,0,0.00413132323896141
7614,0.761351,0.761401,1,0,0.00413132323896141
7615,0.761451,0.761501,1,0,0.00413132323896141
7616,0.761551,0.761601,1,0,0.00413132323896141
7617,0.761651,0.761701,1,0,0.00413132323896141
7618,0.761751,0.761801,1,0,0.00413132323896141
7619,0.761851,0.761901,1,0,0.00413132323896141
7620,0.761951,0.762001,1,0,0.00544963516089212
7621,0.762051,0.762101,1,0,0.00544963516089212
7622,0.762151,0.762201,1,0,0.00544963516089212
7623,0.762251,0.762301,1,0,0.00544963516089212
7624,0.762351,0.762401,1,0,0.00544963516089212
7625,0.762451,0.762501,1,0,0.00544963516089212
7626,0.762551,0.762601,1,0,0.00544963516089212
7627,0.762651,0.762701,1,0,0.00544963516089212
7628,0.762751,0.762801,1,0,0.00544963516089212
7629,0.762851,0.762901,1,0,0.00544963516089212
7630,0.762951,0.763001,1,0,0.00682608775647805
7631,0.763051,0.763101,1,0,0.00682608775647805
7632,0.763151,0.763201,1,0,0.00682608775647805
7633,0.763251,0.763301,1,0,0.00682608775647805
7634,0.763351,0.763401,1,0,0.00682608775647805
7635,0.763451,0.763501,1,0,0.00682608775647805
7636,0.763551,0.763601,1,0,0.00682608775647805
7637,0.763651,0.763701,1,0,0.00682608775647805
7638,0.763751,0.763801,1,0,0.00682608775647805
7639,0.763851,0.763901,1,0,0.00682608775647805
7640,0.763951,0.764001,1,0,0.00825645388726493
7641,0.764051,0.764101,1,0,0.00825645388726493
7642,0.764151,0.764201,1,0,0.00825645388726493
7643,0.764251,0.764301,1,0,0.00825645388726493
7644,0.764351,0.764401,1,0,0.00825645388726493
7645,0.764451,0.764501,1,0,0.00825645388726493
7646,0.764551,0.764601,1,0,0.00825645388726493
7647,0.764651,0.764701,1,0,0.00825645388726493
7648,0.764751,0.764801,1,0,0.00825645388726493
7649,0.764851,0.764901,1,0,0.00825645388726493
7650,0.764951,0.765001,1,0,0.00974471854212617
7651,0.765051,0.765101,1,0,0.00974471854212617
7652,0.765151,0.765201,1,0,0.00974471854212617
7653,0.765251,0.765301,1,0,0.00974471854212617
7654,0.765351,0.765401,1,0,0.00974471854212617
7655,0.765451,0.765501,1,0,0.00974471854212617
7656,0.765551,0.765601,1,0,0.00974471854212617
7657,0.765651,0.765701,1,0,0.00974471854212617
7658,0.765751,0.765801,1,0,0.00974471854212617
7659,0.765851,0.765901,1,0,0.00974471854212617
7660,0.765951,0.766001,1,0,0.0112792975252949
7661,0.766051,0.766101,1,0,0.0112792975252949
7662,0.766151,0.766201,1,0,0.0112792975252949
7663,0.766251,0.766301,1,0,0.0112792975252949
7664,0.766351,0.766401,1,0,0.0112792975252949
7665,0.766451,0.766501,1,0,0.0112792975252949
7666,0.766551,0.766601,1,0,0.0112792975252949
7667,0.766651,0.766701,1,0,0.0112792975252949
7668,0.766751,0.766801,1,0,0.0112792975252949
7669,0.766851,0.766901,1,0,0.0112792975252949
7670,0.766951,0.767001,1,0,0.0128551384172722
7671,0.767051,0.767101,1,0,0.0128551384172722
7672,0.767151,0.767201,1,0,0.0128551384172722
7673,0.767251,0.767301,1,0,0.0128551384172722
7674,0.767351,0.767401,1,0,0.0128551384172722
7675,0.767451,0.767501,1,0,0.0128551384172722
7676,0.767551,0.767601,1,0,0.0128551384172722
7677,0.767651,0.767701,1,0,0.0128551384172722
7678,0.767751,0.767801,1,0,0.0128551384172722
7679,0.767851,0.767901,1,0,0.0128551384172722
7680,0.767951,0.768001,1,0,0.0130860262003022
7681,0.768051,0.768101,1,0,0.0130860262003022
7682,0.768151,0.768201,1,0,0.0130860262003022
7683,0.768251,0.768301,1,0,0.0130860262003022
7684,0.768351,0.768401,1,0,0.0130860262003022
7685,0.768451,0.768501,1,0,0.0130860262003022
7686,0.768551,0.768601,1,0,0.0130860262003022
7687,0.768651,0.768701,1,0,0.0130860262003022
7688,0.768751,0.768801,1,0,0.0130860262003022
7689,0.768851,0.768901,1,0,0.0130860262003022
7690,0.768951,0.769001,1,0,0.0100756370434362
7691,0.769051,0.769101,1,0,0.0100756370434362
7692,0.769151,0.769201,1,0,0.0100756370434362
7693,0.769251,0.769301,1,0,0.0100756370434362
7694,0.769351,0.769401,1,0,0.0100756370434362
7695,0.769451,0.769501,1,0,0.0100756370434362
7696,0.769551,0.769601,1,0,0.0100756370434362
7697,0.769651,0.769701,1,0,0.0100756370434362
7698,0.769751,0.769801,1,0,0.0100756370434362
7699,0.769851,0.769901,1,0,0.0100756370434362
7700,0.769951,0.770001,1,0,0.00701808729074927
7701,0.770051,0.770101,1,0,0.00701808729074927
7702,0.770151,0.770201,1,0,0.00701808729074927
7703,0.770251,0.770301,1,0,0.00701808729074927
7704,0.770351,0.770401,1,0,0.00701808729074927
7705,0.770451,0.770501,1,0,0.00701808729074927
7706,0.770551,0.770601,1,0,0.00701808729074927
7707,0.770651,0.770701,1,0,0.00701808729074927
7708,0.770751,0.770801,1,0,0.00701808729074927
7709,0.770851,0.770901,1,0,0.00701808729074927
7710,0.770951,0.771001,1,0,0.00487283985769107
7711,0.771051,0.771101,1,0,0.00487283985769107
7712,0.771151,0.771201,1,0,0.00487283985769107
7713,0.771251,0.771301,1,0,0.00487283985769107
7714,0.771351,0.771401,1,0,0.00487283985769107
7715,0.771451,0.771501,1,0,0.00487283985769107
7716,0.771551,0.771601,1,0,0.00487283985769107
7717,0.771651,0.771701,1,0,0.00487283985769107
7718,0.771751,0.771801,1,0,0.00487283985769107
7719,0.771851,0.771901,1,0,0.00487283985769107
7720,0.771951,0.772001,1,0,0.00310256603512786
7721,0.772051,0.772101,1,0,0.00310256603512786
7722,0.772151,0.772201,1,0,0.00310256603512786
7723,0.772251,0.772301,1,0,0.00310256603512786
7724,0.772351,0.772401,1,0,0.00310256603512786
7725,0.772451,0.772501,1,0,0.00310256603512786
7726,0.772551,0.772601,1,0,0.00310256603512786
7727,0.772651,0.772701,1,0,0.00310256603512786
7728,0.772751,0.772801,1,0,0.00310256603512786
7729,0.772851,0.772901,1,0,0.00310256603512786
7730,0.772951,0.773001,1,0,0.00233448377571431
7731,0.773051,0.773101,1,0,0.00233448377571431
7732,0.773151,0.773201,1,0,0.00233448377571431
7733,0.773251,0.773301,1,0,0.00233448377571431
7734,0.773351,0.773401,1,0,0.00233448377571431
7735,0.773451,0.773501,1,0,0.00233448377571431
7736,0.773551,0.773601,1,0,0.00233448377571431
7737,0.773651,0.773701,1,0,0.00233448377571431
7738,0.773751,0.773801,1,0,0.00233448377571431
7739,0.773851,0.773901,1,0,0.00233448377571431
7740,0.773951,0.774001,1,0,0.00199197322156167
7741,0.774051,0.774101,1,0,0.00199197322156167
7742,0.774151,0.774201,1,0,0.00199197322156167
7743,0.774251,0.774301,1,0,0.00199197322156167
7744,0.774351,0.774401,1,0,0.00199197322156167
7745,0.774451,0.774501,1,0,0.00199197322156167
7746,0.774551,0.774601,1,0,0.00199197322156167
7747,0.774651,0.774701,1,0,0.00199197322156167
7748,0.774751,0.774801,1,0,0.00199197322156167
7749,0.774851,0.774901,1,0,0.00199197322156167
7750,0.774951,0.775001,1,0,0.00177582944557729
7751,0.775051,0.775101,1,0,0.00177582944557729
7752,0.775151,0.775201,1,0,0.00177582944557729
7753,0.775251,0.775301,1,0,0.00177582944557729
7754,0.775351,0.775401,1,0,0.00177582944557729
7755,0.775451,0.775501,1,0,0.00177582944557729
7756,0.775551,0.775601,1,0,0.00177582944557729
7757,0.775651,0.775701,1,0,0.00177582944557729
7758,0.775751,0.775801,1,0,0.00177582944557729
7759,0.775851,0.775901,1,0,0.00177582944557729
7760,0.775951,0.776001,1,0,0.00164881990917124
7761,0.776051,0.776101,1,0,0.00164881990917124
7762,0.776151,0.776201,1,0,0.00164881990917124
7763,0.776251,0.776301,1,0,0.00164881990917124
7764,0.776351,0.776401,1,0,0.00164881990917124
7765,0.776451,0.776501,1,0,0.00164881990917124
7766,0.776551,0.776601,1,0,0.00164881990917124
7767,0.776651,0.776701,1,0,0.00164881990917124
7768,0.776751,0.776801,1,0,0.00164881990917124
7769,0.776851,0.776901,1,0,0.00164881990917124
7770,0.776951,0.777001,1,0,0.00162555301651567
7771,0.777051,0.777101,1,0,0.00162555301651567
7772,0.777151,0.777201,1,0,0.00162555301651567
7773,0.777251,0.777301,1,0,0.00162555301651567
7774,0.777351,0.777401,1,0,0.00162555301651567
7775,0.777451,0.777501,1,0,0.00162555301651567
7776,0.777551,0.777601,1,0,0.00162555301651567
7777,0.777651,0.777701,1,0,0.00162555301651567
7778,0.777751,0.777801,1,0,0.00162555301651567
7779,0.777851,0.777901,1,0,0.00162555301651567
7780,0.777951,0.778001,1,0,0.00162234795155649
7781,0.778051,0.778101,1,0,0.00162234795155649
7782,0.778151,0.778201,1,0,0.00162234795155649
7783,0.778251,0.778301,1,0,0.00162234795155649
7784,0.778351,0.778401,1,0,0.00162234795155649
7785,0.778451,0.778501,1,0,0.00162234795155649
7786,0.778551,0.778601,1,0,0.00162234795155649
7787,0.778651,0.778701,1,0,0.00162234795155649
7788,0.778751,0.778801,1,0,0.00162234795155649
7789,0.778851,0.778901,1,0,0.00162234795155649
7790,0.778951,0.779001,1,0,0.00164463666814117
7791,0.779051,0.779101,1,0,0.00164463666814117
7792,0.779151,0.779201,1,0,0.00164463666814117
7793,0.779251,0.779301,1,0,0.00164463666814117
7794,0.779351,0.779401,1,0,0.00164463666814117
7795,0.779451,0.779501,1,0,0.00164463666814117
7796,0.779551,0.779601,1,0,0.00164463666814117
7797,0.779651,0.779701,1,0,0.00164463666814117
7798,0.779751,0.779801,1,0,0.00164463666814117
7799,0.779851,0.779901,1,0,0.00164463666814117
7800,0.779951,0.780001,1,0,0.00165709064594286
7801,0.780051,0.780101,1,0,0.00165709064594286
7802,0.780151,0.780201,1,0,0.00165709064594286
7803,0.780251,0.780301,1,0,0.00165709064594286
7804,0.780351,0.780401,1,0,0.00165709064594286
7805,0.780451,0.780501,1,0,0.00165709064594286
7806,0.780551,0.780601,1,0,0.00165709064594286
7807,0.780651,0.780701,1,0,0.00165709064594286
7808,0.780751,0.780801,1,0,0.00165709064594286
7809,0.780851,0.780901,1,0,0.00165709064594286
7810,0.780951,0.781001,1,0,0.00171774154968742
7811,0.781051,0.781101,1,0,0.00171774154968742
7812,0.781151,0.781201,1,0,0.00171774154968742
7813,0.781251,0.781301,1,0,0.00171774154968742
7814,0.781351,0.781401,1,0,0.00171774154968742
7815,0.781451,0.781501,1,0,0.00171774154968742
7816,0.781551,0.781601,1,0,0.00171774154968742
7817,0.781651,0.781701,1,0,0.00171774154968742
7818,0.781751,0.781801,1,0,0.00171774154968742
7819,0.781851,0.781901,1,0,0.00171774154968742
7820,0.781951,0.782001,1,0,0.00172395712293444
7821,0.782051,0.782101,1,0,0.00172395712293444
7822,0.782151,0.782201,1,0,0.00172395712293444
7823,0.782251,0.782301,1,0,0.00172395712293444
7824,0.782351,0.782401,1,0,0.00172395712293444
7825,0.782451,0.782501,1,0,0.00172395712293444
7826,0.782551,0.782601,1,0,0.00172395712293444
7827,0.782651,0.782701,1,0,0.00172395712293444
7828,0.782751,0.782801,1,0,0.00172395712293444
7829,0.782851,0.782901,1,0,0.00172395712293444
7830,0.782951,0.783001,1,0,0.00185097926350821
7831,0.783051,0.783101,1,0,0.00185097926350821
7832,0.783151,0.783201,1,0,0.00185097926350821
7833,0.783251,0.783301,1,0,0.00185097926350821
7834,0.783351,0.783401,1,0,0.00185097926350821
7835,0.783451,0.783501,1,0,0.00185097926350821
7836,0.783551,0.783601,1,0,0.00185097926350821
7837,0.783651,0.783701,1,0,0.00185097926350821
7838,0.783751,0.783801,1,0,0.00185097926350821
7839,0.783851,0.783901,1,0,0.00185097926350821
7840,0.783951,0.784001,1,0,0.00191450897124361
7841,0.784051,0.784101,1,0,0.00191450897124361
7842,0.784151,0.784201,1,0,0.00191450897124361
7843,0.784251,0.784301,1,0,0.00191450897124361
7844,0.784351,0.784401,1,0,0.00191450897124361
7845,0.784451,0.784501,1,0,0.00191450897124361
7846,0.784551,0.784601,1,0,0.00191450897124361
7847,0.784651,0.784701,1,0,0.00191450897124361
7848,0.784751,0.784801,1,0,0.00191450897124361
7849,0.784851,0.784901,1,0,0.00191450897124361
7850,0.784951,0.785001,1,0,0.00205202263049468
7851,0.785051,0.785101,1,0,0.00205202263049468
7852,0.785151,0.785201,1,0,0.00205202263049468
7853,0.785251,0.785301,1,0,0.00205202263049468
7854,0.785351,0.785401,1,0,0.00205202263049468
7855,0.785451,0.785501,1,0,0.00205202263049468
7856,0.785551,0.785601,1,0,0.00205202263049468
7857,0.785651,0.785701,1,0,0.00205202263049468
7858,0.785751,0.785801,1,0,0.00205202263049468
7859,0.785851,0.785901,1,0,0.00205202263049468
7860,0.785951,0.786001,1,0,0.00206110886247126
7861,0.786051,0.786101,1,0,0.00206110886247126
7862,0.786151,0.786201,1,0,0.00206110886247126
7863,0.786251,0.786301,1,0,0.00206110886247126
7864,0.786351,0.786401,1,0,0.00206110886247126
7865,0.786451,0.786501,1,0,0.00206110886247126
7866,0.786551,0.786601,1,0,0.00206110886247126
7867,0.786651,0.786701,1,0,0.00206110886247126
7868,0.786751,0.786801,1,0,0.00206110886247126
7869,0.786851,0.786901,1,0,0.00206110886247126
7870,0.786951,0.787001,1,0,0.00201981817973988
7871,0.787051,0.787101,1,0,0.00201981817973988
7872,0.787151,0.787201,1,0,0.00201981817973988
7873,0.787251,0.787301,1,0,0.00201981817973988
7874,0.787351,0.787401,1,0,0.00201981817973988
7875,0.787451,0.787501,1,0,0.00201981817973988
7876,0.787551,0.787601,1,0,0.00201981817973988
7877,0.787651,0.787701,1,0,0.00201981817973988
7878,0.787751,0.787801,1,0,0.00201981817973988
7879,0.787851,0.787901,1,0,0.00201981817973988
7880,0.787951,0.788001,1,0,0.00194296040880431
7881,0.788051,0.788101,1,0,0.00194296040880431
7882,0.788151,0.788201,1,0,0.00194296040880431
7883,0.788251,0.788301,1,0,0.00194296040880431
7884,0.788351,0.788401,1,0,0.00194296040880431
7885,0.788451,0.788501,1,0,0.00194296040880431
7886,0.788551,0.788601,1,0,0.00194296040880431
7887,0.788651,0.788701,1,0,0.00194296040880431
7888,0.788751,0.788801,1,0,0.00194296040880431
7889,0.788851,0.788901,1,0,0.00194296040880431
7890,0.788951,0.789001,1,0,0.00194518034204922
7891,0.789051,0.789101,1,0,0.00194518034204922
7892,0.789151,0.789201,1,0,0.00194518034204922
7893,0.789251,0.789301,1,0,0.00194518034204922
7894,0.789351,0.789401,1,0,0.00194518034204922
7895,0.789451,0.789501,1,0,0.00194518034204922
7896,0.789551,0.789601,1,0,0.00194518034204922
7897,0.789651,0.789701,1,0,0.00194518034204922
7898,0.789751,0.789801,1,0,0.00194518034204922
7899,0.789851,0.789901,1,0,0.00194518034204922
7900,0.789951,0.790001,1,0,0.001924190413777
7901,0.790051,0.790101,1,0,0.001924190413777
7902,0.790151,0.790201,1,0,0.001924190413777
7903,0.790251,0.790301,1,0,0.001924190413777
7904,0.790351,0.790401,1,0,0.001924190413777
7905,0.790451,0.790501,1,0,0.001924190413777
7906,0.790551,0.790601,1,0,0.001924190413777
7907,0.790651,0.790701,1,0,0.001924190413777
7908,0.790751,0.790801,1,0,0.001924190413777
7909,0.790851,0.790901,1,0,0.001924190413777
7910,0.790951,0.791001,1,0,0.00195726785886734
7911,0.791051,0.791101,1,0,0.00195726785886734
7912,0.791151,0.791201,1,0,0.00195726785886734
7913,0.791251,0.791301,1,0,0.00195726785886734
7914,0.791351,0.791401,1,0,0.00195726785886734
7915,0.791451,0.791501,1,0,0.00195726785886734
7916,0.791551,0.791601,1,0,0.00195726785886734
7917,0.791651,0.791701,1,0,0.00195726785886734
7918,0.791751,0.791801,1,0,0.00195726785886734
7919,0.791851,0.791901,1,0,0.00195726785886734
7920,0.791951,0.792001,1,0,0.00192644552651861
7921,0.792051,0.792101,1,0,0.00192644552651861
7922,0.792151,0.792201,1,0,0.00192644552651861
7923,0.792251,0.792301,1,0,0.00192644552651861
7924,0.792351,0.792401,1,0,0.00192644552651861
7925,0.792451,0.792501,1,0,0.00192644552651861
7926,0.792551,0.792601,1,0,0.00192644552651861
7927,0.792651,0.792701,1,0,0.00192644552651861
7928,0.792751,0.792801,1,0,0.00192644552651861
7929,0.792851,0.792901,1,0,0.00192644552651861
7930,0.792951,0.793001,1,0,0.00186674821101381
7931,0.793051,0.793101,1,0,0.00186674821101381
7932,0.793151,0.793201,1,0,0.00186674821101381
7933,0.793251,0.793301,1,0,0.00186674821101381
7934,0.793351,0.793401,1,0,0.00186674821101381
7935,0.793451,0.793501,1,0,0.00186674821101381
7936,0.793551,0.793601,1,0,0.00186674821101381
7937,0.793651,0.793701,1,0,0.00186674821101381
7938,0.793751,0.793801,1,0,0.00186674821101381
7939,0.793851,0.793901,1,0,0.00186674821101381
7940,0.793951,0.794001,1,0,0.0019254875170846
7941,0.794051,0.794101,1,0,0.0019254875170846
7942,0.794151,0.794201,1,0,0.0019254875170846
7943,0.794251,0.794301,1,0,0.0019254875170846
7944,0.794351,0.794401,1,0,0.0019254875170846
7945,0.794451,0.794501,1,0,0.0019254875170846
7946,0.794551,0.794601,1,0,0.0019254875170846
7947,0.794651,0.794701,1,0,0.0019254875170846
7948,0.794751,0.794801,1,0,0.0019254875170846
7949,0.794851,0.794901,1,0,0.0019254875170846
7950,0.794951,0.795001,1,0,0.00185282074475595
7951,0.795051,0.795101,1,0,0.00185282074475595
7952,0.795151,0.795201,1,0,0.00185282074475595
7953,0.795251,0.795301,1,0,0.00185282074475595
7954,0.795351,0.795401,1,0,0.00185282074475595
7955,0.795451,0.795501,1,0,0.00185282074475595
7956,0.795551,0.795601,1,0,0.00185282074475595
7957,0.795651,0.795701,1,0,0.00185282074475595
7958,0.795751,0.795801,1,0,0.00185282074475595
7959,0.795851,0.795901,1,0,0.00185282074475595
7960,0.795951,0.796001,1,0,0.00190955352012377
7961,0.796051,0.796101,1,0,0.00190955352012377
7962,0.796151,0.796201,1,0,0.00190955352012377
7963,0.796251,0.796301,1,0,0.00190955352012377
7964,0.796351,0.796401,1,0,0.00190955352012377
7965,0.796451,0.796501,1,0,0.00190955352012377
7966,0.796551,0.796601,1,0,0.00190955352012377
7967,0.796651,0.796701,1,0,0.00190955352012377
7968,0.796751,0.796801,1,0,0.00190955352012377
7969,0.796851,0.796901,1,0,0.00190955352012377
7970,0.796951,0.797001,1,0,0.00193454120856016
7971,0.797051,0.797101,1,0,0.00193454120856016
7972,0.797151,0.797201,1,0,0.00193454120856016
7973,0.797251,0.797301,1,0,0.00193454120856016
7974,0.797351,0.797401,1,0,0.00193454120856016
7975,0.797451,0.797501,1,0,0.00193454120856016
7976,0.797551,0.797601,1,0,0.00193454120856016
7977,0.797651,0.797701,1,0,0.00193454120856016
7978,0.797751,0.797801,1,0,0.00193454120856016
7979,0.797851,0.797901,1,0,0.00193454120856016
7980,0.797951,0.798001,1,0,0.00197609835267807
7981,0.798051,0.798101,1,0,0.00197609835267807
7982,0.798151,0.798201,1,0,0.00197609835267807
7983,0.798251,0.798301,1,0,0.00197609835267807
7984,0.798351,0.798401,1,0,0.00197609835267807
7985,0.798451,0.798501,1,0,0.00197609835267807
7986,0.798551,0.798601,1,0,0.00197609835267807
7987,0.798651,0.798701,1,0,0.00197609835267807
7988,0.798751,0.798801,1,0,0.00197609835267807
7989,0.798851,0.798901,1,0,0.00197609835267807
7990,0.798951,0.799001,1,0,0.00199527122552639
7991,0.799051,0.799101,1,0,0.00199527122552639
7992,0.799151,0.799201,1,0,0.00199527122552639
7993,0.799251,0.799301,1,0,0.00199527122552639
7994,0.799351,0.799401,1,0,0.00199527122552639
7995,0.799451,0.799501,1,0,0.00199527122552639
7996,0.799551,0.799601,1,0,0.00199527122552639
7997,0.799651,0.799701,1,0,0.00199527122552639
7998,0.799751,0.799801,1,0,0.00199527122552639
7999,0.799851,0.799901,1,0,0.00199527122552639
8000,0.799951,0.800001,1,0,0.00193499052475122
8001,0.800051,0.800101,1,0,0.00193499052475122
8002,0.800151,0.800201,1,0,0.00193499052475122
8003,0.800251,0.800301,1,0,0.00193499052475122
8004,0.800351,0.800401,1,0,0.00193499052475122
8005,0.800451,0.800501,1,0,0.00193499052475122
8006,0.800551,0.800601,1,0,0.00193499052475122
8007,0.800651,0.800701,1,0,0.00193499052475122
8008,0.800751,0.800801,1,0,0.00193499052475122
8009,0.800851,0.800901,1,0,0.00193499052475122
8010,0.800951,0.801001,1,0,0.001987053898629
8011,0.801051,0.801101,1,0,0.001987053898629
8012,0.801151,0.801201,1,0,0.001987053898629
8013,0.801251,0.801301,1,0,0.001987053898629
8014,0.801351,0.801401,1,0,0.001987053898629
8015,0.801451,0.801501,1,0,0.001987053898629
8016,0.801551,0.801601,1,0,0.001987053898629
8017,0.801651,0.801701,1,0,0.001987053898629
8018,0.801751,0.801801,1,0,0.001987053898629
8019,0.801851,0.801901,1,0,0.001987053898629
8020,0.801951,0.802001,1,0,0.00199197415641966
8021,0.802051,0.802101,1,0,0.00199197415641966
8022,0.802151,0.802201,1,0,0.00199197415641966
8023,0.802251,0.802301,1,0,0.00199197415641966
8024,0.802351,0.802401,1,0,0.00199197415641966
8025,0.802451,0.802501,1,0,0.00199197415641966
8026,0.802551,0.802601,1,0,0.00199197415641966
8027,0.802651,0.802701,1,0,0.00199197415641966
8028,0.802751,0.802801,1,0,0.00199197415641966
8029,0.802851,0.802901,1,0,0.00199197415641966
8030,0.802951,0.803001,1,0,0.00197341689547854
8031,0.803051,0.803101,1,0,0.00197341689547854
8032,0.803151,0.803201,1,0,0.00197341689547854
8033,0.803251,0.803301,1,0,0.00197341689547854
8034,0.803351,0.803401,1,0,0.00197341689547854
8035,0.803451,0.803501,1,0,0.00197341689547854
8036,0.803551,0.803601,1,0,0.00197341689547854
8037,0.803651,0.803701,1,0,0.00197341689547854
8038,0.803751,0.803801,1,0,0.00197341689547854
8039,0.803851,0.803901,1,0,0.00197341689547854
8040,0.803951,0.804001,1,0,0.00194447683828886
8041,0.804051,0.804101,1,0,0.00194447683828886
8042,0.804151,0.804201,1,0,0.00194447683828886
8043,0.804251,0.804301,1,0,0.00194447683828886
8044,0.804351,0.804401,1,0,0.00194447683828886
8045,0.804451,0.804501,1,0,0.00194447683828886
8046,0.804551,0.804601,1,0,0.00194447683828886
8047,0.804651,0.804701,1,0,0.00194447683828886
8048,0.804751,0.804801,1,0,0.00194447683828886
8049,0.804851,0.804901,1,0,0.00194447683828886
8050,0.804951,0.805001,1,0,0.00200812214035843
8051,0.805051,0.805101,1,0,0.00200812214035843
8052,0.805151,0.805201,1,0,0.00200812214035843
8053,0.805251,0.805301,1,0,0.00200812214035843
8054,0.805351,0.805401,1,0,0.00200812214035843
8055,0.805451,0.805501,1,0,0.00200812214035843
8056,0.805551,0.805601,1,0,0.00200812214035843
8057,0.805651,0.805701,1,0,0.00200812214035843
8058,0.805751,0.805801,1,0,0.00200812214035843
8059,0.805851,0.805901,1,0,0.00200812214035843
8060,0.805951,0.806001,1,0,0.00195244258274401
8061,0.806051,0.806101,1,0,0.00195244258274401
8062,0.806151,0.806201,1,0,0.00195244258274401
8063,0.806251,0.806301,1,0,0.00195244258274401
8064,0.806351,0.806401,1,0,0.00195244258274401
8065,0.806451,0.806501,1,0,0.00195244258274401
8066,0.806551,0.806601,1,0,0.00195244258274401
8067,0.806651,0.806701,1,0,0.00195244258274401
8068,0.806751,0.806801,1,0,0.00195244258274401
8069,0.806851,0.806901,1,0,0.00195244258274401
8070,0.806951,0.807001,1,0,0.00195018766101434
8071,0.807051,0.807101,1,0,0.00195018766101434
8072,0.807151,0.807201,1,0,0.00195018766101434
8073,0.807251,0.807301,1,0,0.00195018766101434
8074,0.807351,0.807401,1,0,0.00195018766101434
8075,0.807451,0.807501,1,0,0.00195018766101434
8076,0.807551,0.807601,1,0,0.00195018766101434
8077,0.807651,0.807701,1,0,0.00195018766101434
8078,0.807751,0.807801,1,0,0.00195018766101434
8079,0.807851,0.807901,1,0,0.00195018766101434
8080,0.807951,0.808001,1,0,0.0019835581588568
8081,0.808051,0.808101,1,0,0.0019835581588568
8082,0.808151,0.808201,1,0,0.0019835581588568
8083,0.808251,0.808301,1,0,0.0019835581588568
8084,0.808351,0.808401,1,0,0.0019835581588568
8085,0.808451,0.808501,1,0,0.0019835581588568
8086,0.808551,0.808601,1,0,0.0019835581588568
8087,0.808651,0.808701,1,0,0.0019835581588568
8088,0.808751,0.808801,1,0,0.0019835581588568
8089,0.808851,0.808901,1,0,0.0019835581588568
8090,0.808951,0.809001,1,0,0.00195066900225616
8091,0.809051,0.809101,1,0,0.00195066900225616
8092,0.809151,0.809201,1,0,0.00195066900225616
8093,0.809251,0.809301,1,0,0.00195066900225616
8094,0.809351,0.809401,1,0,0.00195066900225616
8095,0.809451,0.809501,1,0,0.00195066900225616
8096,0.809551,0.809601,1,0,0.00195066900225616
8097,0.809651,0.809701,1,0,0.00195066900225616
8098,0.809751,0.809801,1,0,0.00195066900225616
8099,0.809851,0.809901,1,0,0.00195066900225616
8100,0.809951,0.810001,1,0,0.00200010509501579
8101,0.810051,0.810101,1,0,0.00200010509501579
8102,0.810151,0.810201,1,0,0.00200010509501579
8103,0.810251,0.810301,1,0,0.00200010509501579
8104,0.810351,0.810401,1,0,0.00200010509501579
8105,0.810451,0.810501,1,0,0.00200010509501579
8106,0.810551,0.810601,1,0,0.00200010509501579
8107,0.810651,0.810701,1,0,0.00200010509501579
8108,0.810751,0.810801,1,0,0.00200010509501579
8109,0.810851,0.810901,1,0,0.00200010509501579
8110,0.810951,0.811001,1,0,0.00201398264054716
8111,0.811051,0.811101,1,0,0.00201398264054716
8112,0.811151,0.811201,1,0,0.00201398264054716
8113,0.811251,0.811301,1,0,0.00201398264054716
8114,0.811351,0.811401,1,0,0.00201398264054716
8115,0.811451,0.811501,1,0,0.00201398264054716
8116,0.811551,0.811601,1,0,0.00201398264054716
8117,0.811651,0.811701,1,0,0.00201398264054716
8118,0.811751,0.811801,1,0,0.00201398264054716
8119,0.811851,0.811901,1,0,0.00201398264054716
8120,0.811951,0.812001,1,0,0.00201649772139124
8121,0.812051,0.812101,1,0,0.00201649772139124
8122,0.812151,0.812201,1,0,0.00201649772139124
8123,0.812251,0.812301,1,0,0.00201649772139124
8124,0.812351,0.812401,1,0,0.00201649772139124
8125,0.812451,0.812501,1,0,0.00201649772139124
8126,0.812551,0.812601,1,0,0.00201649772139124
8127,0.812651,0.812701,1,0,0.00201649772139124
8128,0.812751,0.812801,1,0,0.00201649772139124
8129,0.812851,0.812901,1,0,0.00201649772139124
8130,0.812951,0.813001,1,0,0.00206574703125855
8131,0.813051,0.813101,1,0,0.00206574703125855
8132,0.813151,0.813201,1,0,0.00206574703125855
8133,0.813251,0.813301,1,0,0.00206574703125855
8134,0.813351,0.813401,1,0,0.00206574703125855
8135,0.813451,0.813501,1,0,0.00206574703125855
8136,0.813551,0.813601,1,0,0.00206574703125855
8137,0.813651,0.813701,1,0,0.00206574703125855
8138,0.813751,0.813801,1,0,0.00206574703125855
8139,0.813851,0.813901,1,0,0.00206574703125855
8140,0.813951,0.814001,1,0,0.002040853635214
8141,0.814051,0.814101,1,0,0.002040853635214
8142,0.814151,0.814201,1,0,0.002040853635214
8143,0.814251,0.814301,1,0,0.002040853635214
8144,0.814351,0.814401,1,0,0.002040853635214
8145,0.814451,0.814501,1,0,0.002040853635214
8146,0.814551,0.814601,1,0,0.002040853635214
8147,0.814651,0.814701,1,0,0.002040853635214
8148,0.814751,0.814801,1,0,0.002040853635214
8149,0.814851,0.814901,1,0,0.002040853635214
8150,0.814951,0.815001,1,0,0.00209678471752047
8151,0.815051,0.815101,1,0,0.00209678471752047
8152,0.815151,0.815201,1,0,0.00209678471752047
8153,0.815251,0.815301,1,0,0.00209678471752047
8154,0.815351,0.815401,1,0,0.00209678471752047
8155,0.815451,0.815501,1,0,0.00209678471752047
8156,0.815551,0.815601,1,0,0.00209678471752047
8157,0.815651,0.815701,1,0,0.00209678471752047
8158,0.815751,0.815801,1,0,0.00209678471752047
8159,0.815851,0.815901,1,0,0.00209678471752047
8160,0.815951,0.816001,1,0,0.002272395372638
8161,0.816051,0.816101,1,0,0.002272395372638
8162,0.816151,0.816201,1,0,0.002272395372638
8163,0.816251,0.816301,1,0,0.002272395372638
8164,0.816351,0.816401,1,0,0.002272395372638
8165,0.816451,0.816501,1,0,0.002272395372638
8166,0.816551,0.816601,1,0,0.002272395372638
8167,0.816651,0.816701,1,0,0.002272395372638
8168,0.816751,0.816801,1,0,0.002272395372638
8169,0.816851,0.816901,1,0,0.002272395372638
8170,0.816951,0.817001,1,0,0.00231467799175829
8171,0.817051,0.817101,1,0,0.00231467799175829
8172,0.817151,0.817201,1,0,0.00231467799175829
8173,0.817251,0.817301,1,0,0.00231467799175829
8174,0.817351,0.817401,1,0,0.00231467799175829
8175,0.817451,0.817501,1,0,0.00231467799175829
8176,0.817551,0.817601,1,0,0.00231467799175829
8177,0.817651,0.817701,1,0,0.00231467799175829
8178,0.817751,0.817801,1,0,0.00231467799175829
8179,0.817851,0.817901,1,0,0.00231467799175829
8180,0.817951,0.818001,1,0,0.00218949353039426
8181,0.818051,0.818101,1,0,0.00218949353039426
8182,0.818151,0.818201,1,0,0.00218949353039426
8183,0.818251,0.818301,1,0,0.00218949353039426
8184,0.818351,0.818401,1,0,0.00218949353039426
8185,0.818451,0.818501,1,0,0.00218949353039426
8186,0.818551,0.818601,1,0,0.00218949353039426
8187,0.818651,0.818701,1,0,0.00218949353039426
8188,0.818751,0.818801,1,0,0.00218949353039426
8189,0.818851,0.818901,1,0,0.00218949353039426
8190,0.818951,0.819001,1,0,0.00214335202077175
8191,0.819051,0.819101,1,0,0.00214335202077175
8192,0.819151,0.819201,1,0,0.00214335202077175
8193,0.819251,0.819301,1,0,0.00214335202077175
8194,0.819351,0.819401,1,0,0.00214335202077175
8195,0.819451,0.819501,1,0,0.00214335202077175
8196,0.819551,0.819601,1,0,0.00214335202077175
8197,0.819651,0.819701,1,0,0.00214335202077175
8198,0.819751,0.819801,1,0,0.00214335202077175
8199,0.819851,0.819901,1,0,0.00214335202077175
8200,0.819951,0.820001,1,0,0.00208877773675824
8201,0.820051,0.820101,1,0,0.00208877773675824
8202,0.820151,0.820201,1,0,0.00208877773675824
8203,0.820251,0.820301,1,0,0.00208877773675824
8204,0.820351,0.820401,1,0,0.00208877773675824
8205,0.820451,0.820501,1,0,0.00208877773675824
8206,0.820551,0.820601,1,0,0.00208877773675824
8207,0.820651,0.820701,1,0,0.00208877773675824
8208,0.820751,0.820801,1,0,0.00208877773675824
8209,0.820851,0.820901,1,0,0.00208877773675824
8210,0.820951,0.821001,1,0,0.00209251952879668
8211,0.821051,0.821101,1,0,0.00209251952879668
8212,0.821151,0.821201,1,0,0.00209251952879668
8213,0.821251,0.821301,1,0,0.00209251952879668
8214,0.821351,0.821401,1,0,0.00209251952879668
8215,0.821451,0.821501,1,0,0.00209251952879668
8216,0.821551,0.821601,1,0,0.00209251952879668
8217,0.821651,0.821701,1,0,0.00209251952879668
8218,0.821751,0.821801,1,0,0.00209251952879668
8219,0.821851,0.821901,1,0,0.00209251952879668
8220,0.821951,0.822001,1,0,0.00200080441429069
8221,0.822051,0.822101,1,0,0.00200080441429069
8222,0.822151,0.822201,1,0,0.00200080441429069
8223,0.822251,0.822301,1,0,0.00200080441429069
8224,0.822351,0.822401,1,0,0.00200080441429069
8225,0.822451,0.822501,1,0,0.00200080441429069
8226,0.822551,0.822601,1,0,0.00200080441429069
8227,0.822651,0.822701,1,0,0.00200080441429069
8228,0.822751,0.822801,1,0,0.00200080441429069
8229,0.822851,0.822901,1,0,0.00200080441429069
8230,0.822951,0.823001,1,0,0.00198120148074586
8231,0.823051,0.823101,1,0,0.00198120148074586
8232,0.823151,0.823201,1,0,0.00198120148074586
8233,0.823251,0.823301,1,0,0.00198120148074586
8234,0.823351,0.823401,1,0,0.00198120148074586
8235,0.823451,0.823501,1,0,0.00198120148074586
8236,0.823551,0.823601,1,0,0.00198120148074586
8237,0.823651,0.823701,1,0,0.00198120148074586
8238,0.823751,0.823801,1,0,0.00198120148074586
8239,0.823851,0.823901,1,0,0.00198120148074586
8240,0.823951,0.824001,1,0,0.00200609347543104
8241,0.824051,0.824101,1,0,0.00200609347543104
8242,0.824151,0.824201,1,0,0.00200609347543104
8243,0.824251,0.824301,1,0,0.00200609347543104
8244,0.824351,0.824401,1,0,0.00200609347543104
8245,0.824451,0.824501,1,0,0.00200609347543104
8246,0.824551,0.824601,1,0,0.00200609347543104
8247,0.824651,0.824701,1,0,0.00200609347543104
8248,0.824751,0.824801,1,0,0.00200609347543104
8249,0.824851,0.824901,1,0,0.00200609347543104
8250,0.824951,0.825001,1,0,0.00196751701902624
8251,0.825051,0.825101,1,0,0.00196751701902624
8252,0.825151,0.825201,1,0,0.00196751701902624
8253,0.825251,0.825301,1,0,0.00196751701902624
8254,0.825351,0.825401,1,0,0.00196751701902624
8255,0.825451,0.825501,1,0,0.00196751701902624
8256,0.825551,0.825601,1,0,0.00196751701902624
8257,0.825651,0.825701,1,0,0.00196751701902624
8258,0.825751,0.825801,1,0,0.00196751701902624
8259,0.825851,0.825901,1,0,0.00196751701902624
8260,0.825951,0.826001,1,0,0.00193537959115916
8261,0.826051,0.826101,1,0,0.00193537959115916
8262,0.826151,0.826201,1,0,0.00193537959115916
8263,0.826251,0.826301,1,0,0.00193537959115916
8264,0.826351,0.826401,1,0,0.00193537959115916
8265,0.826451,0.826501,1,0,0.00193537959115916
8266,0.826551,0.826601,1,0,0.00193537959115916
8267,0.826651,0.826701,1,0,0.00193537959115916
8268,0.826751,0.826801,1,0,0.00193537959115916
8269,0.826851,0.826901,1,0,0.00193537959115916
8270,0.826951,0.827001,1,0,0.00199268614251537
8271,0.827051,0.827101,1,0,0.00199268614251537
8272,0.827151,0.827201,1,0,0.00199268614251537
8273,0.827251,0.827301,1,0,0.00199268614251537
8274,0.827351,0.827401,1,0,0.00199268614251537
8275,0.827451,0.827501,1,0,0.00199268614251537
8276,0.827551,0.827601,1,0,0.00199268614251537
8277,0.827651,0.827701,1,0,0.00199268614251537
8278,0.827751,0.827801,1,0,0.00199268614251537
8279,0.827851,0.827901,1,0,0.00199268614251537
8280,0.827951,0.828001,1,0,0.00204513541811375
8281,0.828051,0.828101,1,0,0.00204513541811375
8282,0.828151,0.828201,1,0,0.00204513541811375
8283,0.828251,0.828301,1,0,0.00204513541811375
8284,0.828351,0.828401,1,0,0.00204513541811375
8285,0.828451,0.828501,1,0,0.00204513541811375
8286,0.828551,0.828601,1,0,0.00204513541811375
8287,0.828651,0.828701,1,0,0.00204513541811375
8288,0.828751,0.828801,1,0,0.00204513541811375
8289,0.828851,0.828901,1,0,0.00204513541811375
8290,0.828951,0.829001,1,0,0.00202250608068528
8291,0.829051,0.829101,1,0,0.00202250608068528
8292,0.829151,0.829201,1,0,0.00202250608068528
8293,0.829251,0.829301,1,0,0.00202250608068528
8294,0.829351,0.829401,1,0,0.00202250608068528
8295,0.829451,0.829501,1,0,0.00202250608068528
8296,0.829551,0.829601,1,0,0.00202250608068528
8297,0.829651,0.829701,1,0,0.00202250608068528
8298,0.829751,0.829801,1,0,0.00202250608068528
8299,0.829851,0.829901,1,0,0.00202250608068528
8300,0.829951,0.830001,1,0,0.00202023234708207
8301,0.830051,0.830101,1,0,0.00202023234708207
8302,0.830151,0.830201,1,0,0.00202023234708207
8303,0.830251,0.830301,1,0,0.00202023234708207
8304,0.830351,0.830401,1,0,0.00202023234708207
8305,0.830451,0.830501,1,0,0.00202023234708207
8306,0.830551,0.830601,1,0,0.00202023234708207
8307,0.830651,0.830701,1,0,0.00202023234708207
8308,0.830751,0.830801,1,0,0.00202023234708207
8309,0.830851,0.830901,1,0,0.00202023234708207
8310,0.830951,0.831001,1,0,0.0020237275598941
8311,0.831051,0.831101,1,0,0.0020237275598941
8312,0.831151,0.831201,1,0,0.0020237275598941
8313,0.831251,0.831301,1,0,0.0020237275598941
8314,0.831351,0.831401,1,0,0.0020237275598941
8315,0.831451,0.831501,1,0,0.0020237275598941
8316,0.831551,0.831601,1,0,0.0020237275598941
8317,0.831651,0.831701,1,0,0.0020237275598941
8318,0.831751,0.831801,1,0,0.0020237275598941
8319,0.831851,0.831901,1,0,0.0020237275598941
8320,0.831951,0.832001,1,0,0.00200144567018696
8321,0.832051,0.832101,1,0,0.00200144567018696
8322,0.832151,0.832201,1,0,0.00200144567018696
8323,0.832251,0.832301,1,0,0.00200144567018696
8324,0.832351,0.832401,1,0,0.00200144567018696
8325,0.832451,0.832501,1,0,0.00200144567018696
8326,0.832551,0.832601,1,0,0.00200144567018696
8327,0.832651,0.832701,1,0,0.00200144567018696
8328,0.832751,0.832801,1,0,0.00200144567018696
8329,0.832851,0.832901,1,0,0.00200144567018696
8330,0.832951,0.833001,1,0,0.00205188774381748
8331,0.833051,0.833101,1,0,0.00205188774381748
8332,0.833151,0.833201,1,0,0.00205188774381748
8333,0.833251,0.833301,1,0,0.00205188774381748
8334,0.833351,0.833401,1,0,0.00205188774381748
8335,0.833451,0.833501,1,0,0.00205188774381748
8336,0.833551,0.833601,1,0,0.00205188774381748
8337,0.833651,0.833701,1,0,0.00205188774381748
8338,0.833751,0.833801,1,0,0.00205188774381748
8339,0.833851,0.833901,1,0,0.00205188774381748
8340,0.833951,0.834001,1,0,0.00200672510500437
8341,0.834051,0.834101,1,0,0.00200672510500437
8342,0.834151,0.834201,1,0,0.00200672510500437
8343,0.834251,0.834301,1,0,0.00200672510500437
8344,0.834351,0.834401,1,0,0.00200672510500437
8345,0.834451,0.834501,1,0,0.00200672510500437
8346,0.834551,0.834601,1,0,0.00200672510500437
8347,0.834651,0.834701,1,0,0.00200672510500437
8348,0.834751,0.834801,1,0,0.00200672510500437
8349,0.834851,0.834901,1,0,0.00200672510500437
8350,0.834951,0.835001,1,0,0.00198010587523972
8351,0.835051,0.835101,1,0,0.00198010587523972
8352,0.835151,0.835201,1,0,0.00198010587523972
8353,0.835251,0.835301,1,0,0.00198010587523972
8354,0.835351,0.835401,1,0,0.00198010587523972
8355,0.835451,0.835501,1,0,0.00198010587523972
8356,0.835551,0.835601,1,0,0.00198010587523972
8357,0.835651,0.835701,1,0,0.00198010587523972
8358,0.835751,0.835801,1,0,0.00198010587523972
8359,0.835851,0.835901,1,0,0.00198010587523972
8360,0.835951,0.836001,1,0,0.00197318068375608
8361,0.836051,0.836101,1,0,0.00197318068375608
8362,0.836151,0.836201,1,0,0.00197318068375608
8363,0.836251,0.836301,1,0,0.00197318068375608
8364,0.836351,0.836401,1,0,0.00197318068375608
8365,0.836451,0.836501,1,0,0.00197318068375608
8366,0.836551,0.836601,1,0,0.00197318068375608
8367,0.836651,0.836701,1,0,0.00197318068375608
8368,0.836751,0.836801,1,0,0.00197318068375608
8369,0.836851,0.836901,1,0,0.00197318068375608
8370,0.836951,0.837001,1,0,0.00196660657637921
8371,0.837051,0.837101,1,0,0.00196660657637921
8372,0.837151,0.837201,1,0,0.00196660657637921
8373,0.837251,0.837301,1,0,0.00196660657637921
8374,0.837351,0.837401,1,0,0.00196660657637921
8375,0.837451,0.837501,1,0,0.00196660657637921
8376,0.837551,0.837601,1,0,0.00196660657637921
8377,0.837651,0.837701,1,0,0.00196660657637921
8378,0.837751,0.837801,1,0,0.00196660657637921
8379,0.837851,0.837901,1,0,0.00196660657637921
8380,0.837951,0.838001,1,0,0.00202332617029026
8381,0.838051,0.838101,1,0,0.00202332617029026
8382,0.838151,0.838201,1,0,0.00202332617029026
8383,0.838251,0.838301,1,0,0.00202332617029026
8384,0.838351,0.838401,1,0,0.00202332617029026
8385,0.838451,0.838501,1,0,0.00202332617029026
8386,0.838551,0.838601,1,0,0.00202332617029026
8387,0.838651,0.838701,1,0,0.00202332617029026
8388,0.838751,0.838801,1,0,0.00202332617029026
8389,0.838851,0.838901,1,0,0.00202332617029026
8390,0.838951,0.839001,1,0,0.00198839946447625
8391,0.839051,0.839101,1,0,0.00198839946447625
8392,0.839151,0.839201,1,0,0.00198839946447625
8393,0.839251,0.839301,1,0,0.00198839946447625
8394,0.839351,0.839401,1,0,0.00198839946447625
8395,0.839451,0.839501,1,0,0.00198839946447625
8396,0.839551,0.839601,1,0,0.00198839946447625
8397,0.839651,0.839701,1,0,0.00198839946447625
8398,0.839751,0.839801,1,0,0.00198839946447625
8399,0.839851,0.839901,1,0,0.00198839946447625
8400,0.839951,0.840001,1,0,0.00202926341586906
8401,0.840051,0.840101,1,0,0.00202926341586906
8402,0.840151,0.840201,1,0,0.00202926341586906
8403,0.840251,0.840301,1,0,0.00202926341586906
8404,0.840351,0.840401,1,0,0.00202926341586906
8405,0.840451,0.840501,1,0,0.00202926341586906
8406,0.840551,0.840601,1,0,0.00202926341586906
8407,0.840651,0.840701,1,0,0.00202926341586906
8408,0.840751,0.840801,1,0,0.00202926341586906
8409,0.840851,0.840901,1,0,0.00202926341586906
8410,0.840951,0.841001,1,0,0.00206113597190261
8411,0.841051,0.841101,1,0,0.00206113597190261
8412,0.841151,0.841201,1,0,0.00206113597190261
8413,0.841251,0.841301,1,0,0.00206113597190261
8414,0.841351,0.841401,1,0,0.00206113597190261
8415,0.841451,0.841501,1,0,0.00206113597190261
8416,0.841551,0.841601,1,0,0.00206113597190261
8417,0.841651,0.841701,1,0,0.00206113597190261
8418,0.841751,0.841801,1,0,0.00206113597190261
8419,0.841851,0.841901,1,0,0.00206113597190261
8420,0.841951,0.842001,1,0,0.00199046217703282
8421,0.842051,0.842101,1,0,0.00199046217703282
8422,0.842151,0.842201,1,0,0.00199046217703282
8423,0.842251,0.842301,1,0,0.00199046217703282
8424,0.842351,0.842401,1,0,0.00199046217703282
8425,0.842451,0.842501,1,0,0.00199046217703282
8426,0.842551,0.842601,1,0,0.00199046217703282
8427,0.842651,0.842701,1,0,0.00199046217703282
8428,0.842751,0.842801,1,0,0.00199046217703282
8429,0.842851,0.842901,1,0,0.00199046217703282
8430,0.842951,0.843001,1,0,0.00205654382822686
8431,0.843051,0.843101,1,0,0.00205654382822686
8432,0.843151,0.843201,1,0,0.00205654382822686
8433,0.843251,0.843301,1,0,0.00205654382822686
8434,0.843351,0.843401,1,0,0.00205654382822686
8435,0.843451,0.843501,1,0,0.00205654382822686
8436,0.843551,0.843601,1,0,0.00205654382822686
8437,0.843651,0.843701,1,0,0.00205654382822686
8438,0.843751,0.843801,1,0,0.00205654382822686
8439,0.843851,0.843901,1,0,0.00205654382822686
8440,0.843951,0.844001,1,0,0.00203201141922678
8441,0.844051,0.844101,1,0,0.00203201141922678
8442,0.844151,0.844201,1,0,0.00203201141922678
8443,0.844251,0.844301,1,0,0.00203201141922678
8444,0.844351,0.844401,1,0,0.00203201141922678
8445,0.844451,0.844501,1,0,0.00203201141922678
8446,0.844551,0.844601,1,0,0.00203201141922678
8447,0.844651,0.844701,1,0,0.00203201141922678
8448,0.844751,0.844801,1,0,0.00203201141922678
8449,0.844851,0.844901,1,0,0.00203201141922678
8450,0.844951,0.845001,1,0,0.00208379397794166
8451,0.845051,0.845101,1,0,0.00208379397794166
8452,0.845151,0.845201,1,0,0.00208379397794166
8453,0.845251,0.845301,1,0,0.00208379397794166
8454,0.845351,0.845401,1,0,0.00208379397794166
8455,0.845451,0.845501,1,0,0.00208379397794166
8456,0.845551,0.845601,1,0,0.00208379397794166
8457,0.845651,0.845701,1,0,0.00208379397794166
8458,0.845751,0.845801,1,0,0.00208379397794166
8459,0.845851,0.845901,1,0,0.00208379397794166
8460,0.845951,0.846001,1,0,0.00225431906812481
8461,0.846051,0.846101,1,0,0.00225431906812481
8462,0.846151,0.846201,1,0,0.00225431906812481
8463,0.846251,0.846301,1,0,0.00225431906812481
8464,0.846351,0.846401,1,0,0.00225431906812481
8465,0.846451,0.846501,1,0,0.00225431906812481
8466,0.846551,0.846601,1,0,0.00225431906812481
8467,0.846651,0.846701,1,0,0.00225431906812481
8468,0.846751,0.846801,1,0,0.00225431906812481
8469,0.846851,0.846901,1,0,0.00225431906812481
8470,0.846951,0.847001,1,0,0.00233538663325612
8471,0.847051,0.847101,1,0,0.00233538663325612
8472,0.847151,0.847201,1,0,0.00233538663325612
8473,0.847251,0.847301,1,0,0.00233538663325612
8474,0.847351,0.847401,1,0,0.00233538663325612
8475,0.847451,0.847501,1,0,0.00233538663325612
8476,0.847551,0.847601,1,0,0.00233538663325612
8477,0.847651,0.847701,1,0,0.00233538663325612
8478,0.847751,0.847801,1,0,0.00233538663325612
8479,0.847851,0.847901,1,0,0.00233538663325612
8480,0.847951,0.848001,1,0,0.00226336747944999
8481,0.848051,0.848101,1,0,0.00226336747944999
8482,0.848151,0.848201,1,0,0.00226336747944999
8483,0.848251,0.848301,1,0,0.00226336747944999
8484,0.848351,0.848401,1,0,0.00226336747944999
8485,0.848451,0.848501,1,0,0.00226336747944999
8486,0.848551,0.848601,1,0,0.00226336747944999
8487,0.848651,0.848701,1,0,0.00226336747944999
8488,0.848751,0.848801,1,0,0.00226336747944999
8489,0.848851,0.848901,1,0,0.00226336747944999
8490,0.848951,0.849001,1,0,0.00220321656126558
8491,0.849051,0.849101,1,0,0.00220321656126558
8492,0.849151,0.849201,1,0,0.00220321656126558
8493,0.849251,0.849301,1,0,0.00220321656126558
8494,0.849351,0.849401,1,0,0.00220321656126558
8495,0.849451,0.849501,1,0,0.00220321656126558
8496,0.849551,0.849601,1,0,0.00220321656126558
8497,0.849651,0.849701,1,0,0.00220321656126558
8498,0.849751,0.849801,1,0,0.00220321656126558
8499,0.849851,0.849901,1,0,0.00220321656126558
8500,0.849951,0.850001,1,0,0.00213955993927008
8501,0.850051,0.850101,1,0,0.00213955993927008
8502,0.850151,0.850201,1,0,0.00213955993927008
8503,0.850251,0.850301,1,0,0.00213955993927008
8504,0.850351,0.850401,1,0,0.00213955993927008
8505,0.850451,0.850501,1,0,0.00213955993927008
8506,0.850551,0.850601,1,0,0.00213955993927008
8507,0.850651,0.850701,1,0,0.00213955993927008
8508,0.850751,0.850801,1,0,0.00213955993927008
8509,0.850851,0.850901,1,0,0.00213955993927008
8510,0.850951,0.851001,1,0,0.00125233418757896
8511,0.851051,0.851101,1,0,0.00125233418757896
8512,0.851151,0.851201,1,0,0.00125233418757896
8513,0.851251,0.851301,1,0,0.00125233418757896
8514,0.851351,0.851401,1,0,0.00125233418757896
8515,0.851451,0.851501,1,0,0.00125233418757896
8516,0.851551,0.851601,1,0,0.00125233418757896
8517,0.851651,0.851701,1,0,0.00125233418757896
8518,0.851751,0.851801,1,0,0.00125233418757896
8519,0.851851,0.851901,1,0,0.00125233418757896
8520,0.851951,0.852001,1,0,0.000591117372830192
8521,0.852051,0.852101,1,0,0.000591117372830192
8522,0.852151,0.852201,1,0,0.000591117372830192
8523,0.852251,0.852301,1,0,0.000591117372830192
8524,0.852351,0.852401,1,0,0.000591117372830192
8525,0.852451,0.852501,1,0,0.000591117372830192
8526,0.852551,0.852601,1,0,0.000591117372830192
8527,0.852651,0.852701,1,0,0.000591117372830192
8528,0.852751,0.852801,1,0,0.000591117372830192
8529,0.852851,0.852901,1,0,0.000591117372830192
8530,0.852951,0.853001,1,0,7.44249018488901e-05
8531,0.853051,0.853101,1,0,7.44249018488901e-05
8532,0.853151,0.853201,1,0,7.44249018488901e-05
8533,0.853251,0.853301,1,0,7.44249018488901e-05
8534,0.853351,0.853401,1,0,7.44249018488901e-05
8535,0.853451,0.853501,1,0,7.44249018488901e-05
8536,0.853551,0.853601,1,0,7.44249018488901e-05
8537,0.853651,0.853701,1,0,7.44249018488901e-05
8538,0.853751,0.853801,1,0,7.44249018488901e-05
8539,0.853851,0.853901,1,0,7.44249018488901e-05
8540,0.853951,0.854001,1,0,-0.000180575457596277
8541,0.854051,0.854101,1,0,-0.000180575457596277
8542,0.854151,0.854201,1,0,-0.000180575457596277
8543,0.854251,0.854301,1,0,-0.000180575457596277
8544,0.854351,0.854401,1,0,-0.000180575457596277
8545,0.854451,0.854501,1,0,-0.000180575457596277
8546,0.854551,0.854601,1,0,-0.000180575457596277
8547,0.854651,0.854701,1,0,-0.000180575457596277
8548,0.854751,0.854801,1,0,-0.000180575457596277
8549,0.854851,0.854901,1,0,-0.000180575457596277
8550,0.854951,0.855001,1,0,-0.000444922503878793
8551,0.855051,0.855101,1,0,-0.000444922503878793
8552,0.855151,0.855201,1,0,-0.000444922503878793
8553,0.855251,0.855301,1,0,-0.000444922503878793
8554,0.855351,0.855401,1,0,-0.000444922503878793
8555,0.855451,0.855501,1,0,-0.000444922503878793
8556,0.855551,0.855601,1,0,-0.000444922503878793
8557,0.855651,0.855701,1,0,-0.000444922503878793
8558,0.855751,0.855801,1,0,-0.000444922503878793
8559,0.855851,0.855901,1,0,-0.000444922503878793
8560,0.855951,0.856001,1,0,-0.000715502088143713
8561,0.856051,0.856101,1,0,-0.000715502088143713
8562,0.856151,0.856201,1,0,-0.000715502088143713
8563,0.856251,0.856301,1,0,-0.000715502088143713
8564,0.856351,0.856401,1,0,-0.000715502088143713
8565,0.856451,0.856501,1,0,-0.000715502088143713
8566,0.856551,0.856601,1,0,-0.000715502088143713
8567,0.856651,0.856701,1,0,-0.000715502088143713
8568,0.856751,0.856801,1,0,-0.000715502088143713
8569,0.856851,0.856901,1,0,-0.000715502088143713
8570,0.856951,0.857001,1,0,-0.000984709230327884
8571,0.857051,0.857101,1,0,-0.000984709230327884
8572,0.857151,0.857201,1,0,-0.000984709230327884
8573,0.857251,0.857301,1,0,-0.000984709230327884
8574,0.857351,0.857401,1,0,-0.000984709230327884
8575,0.857451,0.857501,1,0,-0.000984709230327884
8576,0.857551,0.857601,1,0,-0.000984709230327884
8577,0.857651,0.857701,1,0,-0.000984709230327884
8578,0.857751,0.857801,1,0,-0.000984709230327884
8579,0.857851,0.857901,1,0,-0.000984709230327884
8580,0.857951,0.858001,1,0,-0.00125681738617883
8581,0.858051,0.858101,1,0,-0.00125681738617883
8582,0.858151,0.858201,1,0,-0.00125681738617883
8583,0.858251,0.858301,1,0,-0.00125681738617883
8584,0.858351,0.858401,1,0,-0.00125681738617883
8585,0.858451,0.858501,1,0,-0.00125681738617883
8586,0.858551,0.858601,1,0,-0.00125681738617883
8587,0.858651,0.858701,1,0,-0.00125681738617883
8588,0.858751,0.858801,1,0,-0.00125681738617883
8589,0.858851,0.858901,1,0,-0.00125681738617883
8590,0.858951,0.859001,1,0,-0.00153726741488069
8591,0.859051,0.859101,1,0,-0.00153726741488069
8592,0.859151,0.859201,1,0,-0.00153726741488069
8593,0.859251,0.859301,1,0,-0.00153726741488069
8594,0.859351,0.859401,1,0,-0.00153726741488069
8595,0.859451,0.859501,1,0,-0.00153726741488069
8596,0.859551,0.859601,1,0,-0.00153726741488069
8597,0.859651,0.859701,1,0,-0.00153726741488069
8598,0.859751,0.859801,1,0,-0.00153726741488069
8599,0.859851,0.859901,1,0,-0.00153726741488069
8600,0.859951,0.860001,1,0,-0.00182073445091873
8601,0.860051,0.860101,1,0,-0.00182073445091873
8602,0.860151,0.860201,1,0,-0.00182073445091873
8603,0.860251,0.860301,1,0,-0.00182073445091873
8604,0.860351,0.860401,1,0,-0.00182073445091873
8605,0.860451,0.860501,1,0,-0.00182073445091873
8606,0.860551,0.860601,1,0,-0.00182073445091873
8607,0.860651,0.860701,1,0,-0.00182073445091873
8608,0.860751,0.860801,1,0,-0.00182073445091873
8609,0.860851,0.860901,1,0,-0.00182073445091873
8610,0.860951,0.861001,1,0,-0.00210788675318015
8611,0.861051,0.861101,1,0,-0.00210788675318015
8612,0.861151,0.861201,1,0,-0.00210788675318015
8613,0.861251,0.861301,1,0,-0.00210788675318015
8614,0.861351,0.861401,1,0,-0.00210788675318015
8615,0.861451,0.861501,1,0,-0.00210788675318015
8616,0.861551,0.861601,1,0,-0.00210788675318015
8617,0.861651,0.861701,1,0,-0.00210788675318015
8618,0.861751,0.861801,1,0,-0.00210788675318015
8619,0.861851,0.861901,1,0,-0.00210788675318015
8620,0.861951,0.862001,1,0,-0.00239770495258575
8621,0.862051,0.862101,1,0,-0.00239770495258575
8622,0.862151,0.862201,1,0,-0.00239770495258575
8623,0.862251,0.862301,1,0,-0.00239770495258575
8624,0.862351,0.862401,1,0,-0.00239770495258575
8625,0.862451,0.862501,1,0,-0.00239770495258575
8626,0.862551,0.862601,1,0,-0.00239770495258575
8627,0.862651,0.862701,1,0,-0.00239770495258575
8628,0.862751,0.862801,1,0,-0.00239770495258575
8629,0.862851,0.862901,1,0,-0.00239770495258575
8630,0.862951,0.863001,1,0,-0.00268894280831796
8631,0.863051,0.863101,1,0,-0.00268894280831796
8632,0.863151,0.863201,1,0,-0.00268894280831796
8633,0.863251,0.863301,1,0,-0.00268894280831796
8634,0.863351,0.863401,1,0,-0.00268894280831796
8635,0.863451,0.863501,1,0,-0.00268894280831796
8636,0.863551,0.863601,1,0,-0.00268894280831796
8637,0.863651,0.863701,1,0,-0.00268894280831796
8638,0.863751,0.863801,1,0,-0.00268894280831796
8639,0.863851,0.863901,1,0,-0.00268894280831796
8640,0.863951,0.864001,1,0,-0.00297908004218618
8641,0.864051,0.864101,1,0,-0.00297908004218618
8642,0.864151,0.864201,1,0,-0.00297908004218618
8643,0.864251,0.864301,1,0,-0.00297908004218618
8644,0.864351,0.864401,1,0,-0.00297908004218618
8645,0.864451,0.864501,1,0,-0.00297908004218618
8646,0.864551,0.864601,1,0,-0.00297908004218618
8647,0.864651,0.864701,1,0,-0.00297908004218618
8648,0.864751,0.864801,1,0,-0.00297908004218618
8649,0.864851,0.864901,1,0,-0.00297908004218618
8650,0.864951,0.865001,1,0,-0.00326639643843419
8651,0.865051,0.865101,1,0,-0.00326639643843419
8652,0.865151,0.865201,1,0,-0.00326639643843419
8653,0.865251,0.865301,1,0,-0.00326639643843419
8654,0.865351,0.865401,1,0,-0.00326639643843419
8655,0.865451,0.865501,1,0,-0.00326639643843419
8656,0.865551,0.865601,1,0,-0.00326639643843419
8657,0.865651,0.865701,1,0,-0.00326639643843419
8658,0.865751,0.865801,1,0,-0.00326639643843419
8659,0.865851,0.865901,1,0,-0.00326639643843419
8660,0.865951,0.866001,1,0,-0.00355110979680667
8661,0.866051,0.866101,1,0,-0.00355110979680667
8662,0.866151,0.866201,1,0,-0.00355110979680667
8663,0.866251,0.866301,1,0,-0.00355110979680667
8664,0.866351,0.866401,1,0,-0.00355110979680667
8665,0.866451,0.866501,1,0,-0.00355110979680667
8666,0.866551,0.866601,1,0,-0.00355110979680667
8667,0.866651,0.866701,1,0,-0.00355110979680667
8668,0.866751,0.866801,1,0,-0.00355110979680667
8669,0.866851,0.866901,1,0,-0.00355110979680667
8670,0.866951,0.867001,1,0,-0.00383129455591338
8671,0.867051,0.867101,1,0,-0.00383129455591338
8672,0.867151,0.867201,1,0,-0.00383129455591338
8673,0.867251,0.867301,1,0,-0.00383129455591338
8674,0.867351,0.867401,1,0,-0.00383129455591338
8675,0.867451,0.867501,1,0,-0.00383129455591338
8676,0.867551,0.867601,1,0,-0.00383129455591338
8677,0.867651,0.867701,1,0,-0.00383129455591338
8678,0.867751,0.867801,1,0,-0.00383129455591338
8679,0.867851,0.867901,1,0,-0.00383129455591338
8680,0.867951,0.868001,1,0,-0.00410507675507807
8681,0.868051,0.868101,1,0,-0.00410507675507807
8682,0.868151,0.868201,1,0,-0.00410507675507807
8683,0.868251,0.868301,1,0,-0.00410507675507807
8684,0.868351,0.868401,1,0,-0.00410507675507807
8685,0.868451,0.868501,1,0,-0.00410507675507807
8686,0.868551,0.868601,1,0,-0.00410507675507807
8687,0.868651,0.868701,1,0,-0.00410507675507807
8688,0.868751,0.868801,1,0,-0.00410507675507807
8689,0.868851,0.868901,1,0,-0.00410507675507807
8690,0.868951,0.869001,1,0,-0.00437277762656543
8691,0.869051,0.869101,1,0,-0.00437277762656543
8692,0.869151,0.869201,1,0,-0.00437277762656543
8693,0.869251,0.869301,1,0,-0.00437277762656543
8694,0.869351,0.869401,1,0,-0.00437277762656543
8695,0.869451,0.869501,1,0,-0.00437277762656543
8696,0.869551,0.869601,1,0,-0.00437277762656543
8697,0.869651,0.869701,1,0,-0.00437277762656543
8698,0.869751,0.869801,1,0,-0.00437277762656543
8699,0.869851,0.869901,1,0,-0.00437277762656543
8700,0.869951,0.870001,1,0,-0.00463850561915488
8701,0.870051,0.870101,1,0,-0.00463850561915488
8702,0.870151,0.870201,1,0,-0.00463850561915488
8703,0.870251,0.870301,1,0,-0.00463850561915488
8704,0.870351,0.870401,1,0,-0.00463850561915488
8705,0.870451,0.870501,1,0,-0.00463850561915488
8706,0.870551,0.870601,1,0,-0.00463850561915488
8707,0.870651,0.870701,1,0,-0.00463850561915488
8708,0.870751,0.870801,1,0,-0.00463850561915488
8709,0.870851,0.870901,1,0,-0.00463850561915488
8710,0.870951,0.871001,1,0,-0.00489695189540165
8711,0.871051,0.871101,1,0,-0.00489695189540165
8712,0.871151,0.871201,1,0,-0.00489695189540165
8713,0.871251,0.871301,1,0,-0.00489695189540165
8714,0.871351,0.871401,1,0,-0.00489695189540165
8715,0.871451,0.871501,1,0,-0.00489695189540165
8716,0.871551,0.871601,1,0,-0.00489695189540165
8717,0.871651,0.871701,1,0,-0.00489695189540165
8718,0.871751,0.871801,1,0,-0.00489695189540165
8719,0.871851,0.871901,1,0,-0.00489695189540165
8720,0.871951,0.872001,1,0,-0.00513654756225394
8721,0.872051,0.872101,1,0,-0.00513654756225394
8722,0.872151,0.872201,1,0,-0.00513654756225394
8723,0.872251,0.872301,1,0,-0.00513654756225394
8724,0.872351,0.872401,1,0,-0.00513654756225394
8725,0.872451,0.872501,1,0,-0.00513654756225394
8726,0.872551,0.872601,1,0,-0.00513654756225394
8727,0.872651,0.872701,1,0,-0.00513654756225394
8728,0.872751,0.872801,1,0,-0.00513654756225394
8729,0.872851,0.872901,1,0,-0.00513654756225394
8730,0.872951,0.873001,1,0,-0.00536278542239695
8731,0.873051,0.873101,1,0,-0.00536278542239695
8732,0.873151,0.873201,1,0,-0.00536278542239695
8733,0.873251,0.873301,1,0,-0.00536278542239695
8734,0.873351,0.873401,1,0,-0.00536278542239695
8735,0.873451,0.873501,1,0,-0.00536278542239695
8736,0.873551,0.873601,1,0,-0.00536278542239695
8737,0.873651,0.873701,1,0,-0.00536278542239695
8738,0.873751,0.873801,1,0,-0.00536278542239695
8739,0.873851,0.873901,1,0,-0.00536278542239695
8740,0.873951,0.874001,1,0,-0.00558297943711362
8741,0.874051,0.874101,1,0,-0.00558297943711362
8742,0.874151,0.874201,1,0,-0.00558297943711362
8743,0.874251,0.874301,1,0,-0.00558297943711362
8744,0.874351,0.874401,1,0,-0.00558297943711362
8745,0.874451,0.874501,1,0,-0.00558297943711362
8746,0.874551,0.874601,1,0,-0.00558297943711362
8747,0.874651,0.874701,1,0,-0.00558297943711362
8748,0.874751,0.874801,1,0,-0.00558297943711362
8749,0.874851,0.874901,1,0,-0.00558297943711362
8750,0.874951,0.875001,1,0,-0.00579018679059143
8751,0.875051,0.875101,1,0,-0.00579018679059143
8752,0.875151,0.875201,1,0,-0.00579018679059143
8753,0.875251,0.875301,1,0,-0.00579018679059143
8754,0.875351,0.875401,1,0,-0.00579018679059143
8755,0.875451,0.875501,1,0,-0.00579018679059143
8756,0.875551,0.875601,1,0,-0.00579018679059143
8757,0.875651,0.875701,1,0,-0.00579018679059143
8758,0.875751,0.875801,1,0,-0.00579018679059143
8759,0.875851,0.875901,1,0,-0.00579018679059143
8760,0.875951,0.876001,1,0,-0.0059788958388174
8761,0.876051,0.876101,1,0,-0.0059788958388174
8762,0.876151,0.876201,1,0,-0.0059788958388174
8763,0.876251,0.876301,1,0,-0.0059788958388174
8764,0.876351,0.876401,1,0,-0.0059788958388174
8765,0.876451,0.876501,1,0,-0.0059788958388174
8766,0.876551,0.876601,1,0,-0.0059788958388174
8767,0.876651,0.876701,1,0,-0.0059788958388174
8768,0.876751,0.876801,1,0,-0.0059788958388174
8769,0.876851,0.876901,1,0,-0.0059788958388174
8770,0.876951,0.877001,1,0,-0.00614925862232654
8771,0.877051,0.877101,1,0,-0.00614925862232654
8772,0.877151,0.877201,1,0,-0.00614925862232654
8773,0.877251,0.877301,1,0,-0.00614925862232654
8774,0.877351,0.877401,1,0,-0.00614925862232654
8775,0.877451,0.877501,1,0,-0.00614925862232654
8776,0.877551,0.877601,1,0,-0.00614925862232654
8777,0.877651,0.877701,1,0,-0.00614925862232654
8778,0.877751,0.877801,1,0,-0.00614925862232654
8779,0.877851,0.877901,1,0,-0.00614925862232654
8780,0.877951,0.878001,1,0,-0.00630031956804399
8781,0.878051,0.878101,1,0,-0.00630031956804399
8782,0.878151,0.878201,1,0,-0.00630031956804399
8783,0.878251,0.878301,1,0,-0.00630031956804399
8784,0.878351,0.878401,1,0,-0.00630031956804399
8785,0.878451,0.878501,1,0,-0.00630031956804399
8786,0.878551,0.878601,1,0,-0.00630031956804399
8787,0.878651,0.878701,1,0,-0.00630031956804399
8788,0.878751,0.878801,1,0,-0.00630031956804399
8789,0.878851,0.878901,1,0,-0.00630031956804399
8790,0.878951,0.879001,1,0,-0.00643508768497306
8791,0.879051,0.879101,1,0,-0.00643508768497306
8792,0.879151,0.879201,1,0,-0.00643508768497306
8793,0.879251,0.879301,1,0,-0.00643508768497306
8794,0.879351,0.879401,1,0,-0.00643508768497306
8795,0.879451,0.879501,1,0,-0.00643508768497306
8796,0.879551,0.879601,1,0,-0.00643508768497306
8797,0.879651,0.879701,1,0,-0.00643508768497306
8798,0.879751,0.879801,1,0,-0.00643508768497306
8799,0.879851,0.879901,1,0,-0.00643508768497306
8800,0.879951,0.880001,1,0,-0.00612802519606017
8801,0.880051,0.880101,1,0,-0.00612802519606017
8802,0.880151,0.880201,1,0,-0.00612802519606017
8803,0.880251,0.880301,1,0,-0.00612802519606017
8804,0.880351,0.880401,1,0,-0.00612802519606017
8805,0.880451,0.880501,1,0,-0.00612802519606017
8806,0.880551,0.880601,1,0,-0.00612802519606017
8807,0.880651,0.880701,1,0,-0.00612802519606017
8808,0.880751,0.880801,1,0,-0.00612802519606017
8809,0.880851,0.880901,1,0,-0.00612802519606017
8810,0.880951,0.881001,1,0,-0.00425433615202363
8811,0.881051,0.881101,1,0,-0.00425433615202363
8812,0.881151,0.881201,1,0,-0.00425433615202363
8813,0.881251,0.881301,1,0,-0.00425433615202363
8814,0.881351,0.881401,1,0,-0.00425433615202363
8815,0.881451,0.881501,1,0,-0.00425433615202363
8816,0.881551,0.881601,1,0,-0.00425433615202363
8817,0.881651,0.881701,1,0,-0.00425433615202363
8818,0.881751,0.881801,1,0,-0.00425433615202363
8819,0.881851,0.881901,1,0,-0.00425433615202363
8820,0.881951,0.882001,1,0,-0.00237701779983766
8821,0.882051,0.882101,1,0,-0.00237701779983766
8822,0.882151,0.882201,1,0,-0.00237701779983766
8823,0.882251,0.882301,1,0,-0.00237701779983766
8824,0.882351,0.882401,1,0,-0.00237701779983766
8825,0.882451,0.882501,1,0,-0.00237701779983766
8826,0.882551,0.882601,1,0,-0.00237701779983766
8827,0.882651,0.882701,1,0,-0.00237701779983766
8828,0.882751,0.882801,1,0,-0.00237701779983766
8829,0.882851,0.882901,1,0,-0.00237701779983766
8830,0.882951,0.883001,1,0,-0.00103712827566545
8831,0.883051,0.883101,1,0,-0.00103712827566545
8832,0.883151,0.883201,1,0,-0.00103712827566545
8833,0.883251,0.883301,1,0,-0.00103712827566545
8834,0.883351,0.883401,1,0,-0.00103712827566545
8835,0.883451,0.883501,1,0,-0.00103712827566545
8836,0.883551,0.883601,1,0,-0.00103712827566545
8837,0.883651,0.883701,1,0,-0.00103712827566545
8838,0.883751,0.883801,1,0,-0.00103712827566545
8839,0.883851,0.883901,1,0,-0.00103712827566545
8840,0.883951,0.884001,1,0,-0.000432897403608857
8841,0.884051,0.884101,1,0,-0.000432897403608857
8842,0.884151,0.884201,1,0,-0.000432897403608857
8843,0.884251,0.884301,1,0,-0.000432897403608857
8844,0.884351,0.884401,1,0,-0.000432897403608857
8845,0.884451,0.884501,1,0,-0.000432897403608857
8846,0.884551,0.884601,1,0,-0.000432897403608857
8847,0.884651,0.884701,1,0,-0.000432897403608857
8848,0.884751,0.884801,1,0,-0.000432897403608857
8849,0.884851,0.884901,1,0,-0.000432897403608857
8850,0.884951,0.885001,1,0,6.99626594172637e-05
8851,0.885051,0.885101,1,0,6.99626594172637e-05
8852,0.885151,0.885201,1,0,6.99626594172637e-05
8853,0.885251,0.885301,1,0,6.99626594172637e-05
8854,0.885351,0.885401,1,0,6.99626594172637e-05
8855,0.885451,0.885501,1,0,6.99626594172637e-05
8856,0.885551,0.885601,1,0,6.99626594172637e-05
8857,0.885651,0.885701,1,0,6.99626594172637e-05
8858,0.885751,0.885801,1,0,6.99626594172637e-05
8859,0.885851,0.885901,1,0,6.99626594172637e-05
8860,0.885951,0.886001,1,0,0.000457624159242563
8861,0.886051,0.886101,1,0,0.000457624159242563
8862,0.886151,0.886201,1,0,0.000457624159242563
8863,0.886251,0.886301,1,0,0.000457624159242563
8864,0.886351,0.886401,1,0,0.000457624159242563
8865,0.886451,0.886501,1,0,0.000457624159242563
8866,0.886551,0.886601,1,0,0.000457624159242563
8867,0.886651,0.886701,1,0,0.000457624159242563
8868,0.886751,0.886801,1,0,0.000457624159242563
8869,0.886851,0.886901,1,0,0.000457624159242563
8870,0.886951,0.887001,1,0,0.000854414306575148
8871,0.887051,0.887101,1,0,0.000854414306575148
8872,0.887151,0.887201,1,0,0.000854414306575148
8873,0.887251,0.887301,1,0,0.000854414306575148
8874,0.887351,0.887401,1,0,0.000854414306575148
8875,0.887451,0.887501,1,0,0.000854414306575148
8876,0.887551,0.887601,1,0,0.000854414306575148
8877,0.887651,0.887701,1,0,0.000854414306575148
8878,0.887751,0.887801,1,0,0.000854414306575148
8879,0.887851,0.887901,1,0,0.000854414306575148
8880,0.887951,0.888001,1,0,0.00125014663309508
8881,0.888051,0.888101,1,0,0.00125014663309508
8882,0.888151,0.888201,1,0,0.00125014663309508
8883,0.888251,0.888301,1,0,0.00125014663309508
8884,0.888351,0.888401,1,0,0.00125014663309508
8885,0.888451,0.888501,1,0,0.00125014663309508
8886,0.888551,0.888601,1,0,0.00125014663309508
8887,0.888651,0.888701,1,0,0.00125014663309508
8888,0.888751,0.888801,1,0,0.00125014663309508
8889,0.888851,0.888901,1,0,0.00125014663309508
8890,0.888951,0.889001,1,0,0.0016531361382896
8891,0.889051,0.889101,1,0,0.0016531361382896
8892,0.889151,0.889201,1,0,0.0016531361382896
8893,0.889251,0.889301,1,0,0.0016531361382896
8894,0.889351,0.889401,1,0,0.0016531361382896
8895,0.889451,0.889501,1,0,0.0016531361382896
8896,0.889551,0.889601,1,0,0.0016531361382896
8897,0.889651,0.889701,1,0,0.0016531361382896
8898,0.889751,0.889801,1,0,0.0016531361382896
8899,0.889851,0.889901,1,0,0.0016531361382896
8900,0.889951,0.890001,1,0,0.00205936975538844
8901,0.890051,0.890101,1,0,0.00205936975538844
8902,0.890151,0.890201,1,0,0.00205936975538844
8903,0.890251,0.890301,1,0,0.00205936975538844
8904,0.890351,0.890401,1,0,0.00205936975538844
8905,0.890451,0.890501,1,0,0.00205936975538844
8906,0.890551,0.890601,1,0,0.00205936975538844
8907,0.890651,0.890701,1,0,0.00205936975538844
8908,0.890751,0.890801,1,0,0.00205936975538844
8909,0.890851,0.890901,1,0,0.00205936975538844
8910,0.890951,0.891001,1,0,0.00246823008478154
8911,0.891051,0.891101,1,0,0.00246823008478154
8912,0.891151,0.891201,1,0,0.00246823008478154
8913,0.891251,0.891301,1,0,0.00246823008478154
8914,0.891351,0.891401,1,0,0.00246823008478154
8915,0.891451,0.891501,1,0,0.00246823008478154
8916,0.891551,0.891601,1,0,0.00246823008478154
8917,0.891651,0.891701,1,0,0.00246823008478154
8918,0.891751,0.891801,1,0,0.00246823008478154
8919,0.891851,0.891901,1,0,0.00246823008478154
8920,0.891951,0.892001,1,0,0.00288135063463406
8921,0.892051,0.892101,1,0,0.00288135063463406
8922,0.892151,0.892201,1,0,0.00288135063463406
8923,0.892251,0.892301,1,0,0.00288135063463406
8924,0.892351,0.892401,1,0,0.00288135063463406
8925,0.892451,0.892501,1,0,0.00288135063463406
8926,0.892551,0.892601,1,0,0.00288135063463406
8927,0.892651,0.892701,1,0,0.00288135063463406
8928,0.892751,0.892801,1,0,0.00288135063463406
8929,0.892851,0.892901,1,0,0.00288135063463406
8930,0.892951,0.893001,1,0,0.00329517801720269
8931,0.893051,0.893101,1,0,0.00329517801720269
8932,0.893151,0.893201,1,0,0.00329517801720269
8933,0.893251,0.893301,1,0,0.00329517801720269
8934,0.893351,0.893401,1,0,0.00329517801720269
8935,0.893451,0.893501,1,0,0.00329517801720269
8936,0.893551,0.893601,1,0,0.00329517801720269
8937,0.893651,0.893701,1,0,0.00329517801720269
8938,0.893751,0.893801,1,0,0.00329517801720269
8939,0.893851,0.893901,1,0,0.00329517801720269
8940,0.893951,0.894001,1,0,0.00370613629868698
8941,0.894051,0.894101,1,0,0.00370613629868698
8942,0.894151,0.894201,1,0,0.00370613629868698
8943,0.894251,0.894301,1,0,0.00370613629868698
8944,0.894351,0.894401,1,0,0.00370613629868698
8945,0.894451,0.894501,1,0,0.00370613629868698
8946,0.894551,0.894601,1,0,0.00370613629868698
8947,0.894651,0.894701,1,0,0.00370613629868698
8948,0.894751,0.894801,1,0,0.00370613629868698
8949,0.894851,0.894901,1,0,0.00370613629868698
8950,0.894951,0.895001,1,0,0.00411095806736853
8951,0.895051,0.895101,1,0,0.00411095806736853
8952,0.895151,0.895201,1,0,0.00411095806736853
8953,0.895251,0.895301,1,0,0.00411095806736853
8954,0.895351,0.895401,1,0,0.00411095806736853
8955,0.895451,0.895501,1,0,0.00411095806736853
8956,0.895551,0.895601,1,0,0.00411095806736853
8957,0.895651,0.895701,1,0,0.00411095806736853
8958,0.895751,0.895801,1,0,0.00411095806736853
8959,0.895851,0.895901,1,0,0.00411095806736853
8960,0.895951,0.896001,1,0,0.0045113611631954
8961,0.896051,0.896101,1,0,0.0045113611631954
8962,0.896151,0.896201,1,0,0.0045113611631954
8963,0.896251,0.896301,1,0,0.0045113611631954
8964,0.896351,0.896401,1,0,0.0045113611631954
8965,0.896451,0.896501,1,0,0.0045113611631954
8966,0.896551,0.896601,1,0,0.0045113611631954
8967,0.896651,0.896701,1,0,0.0045113611631954
8968,0.896751,0.896801,1,0,0.0045113611631954
8969,0.896851,0.896901,1,0,0.0045113611631954
8970,0.896951,0.897001,1,0,0.0049037798010316
8971,0.897051,0.897101,1,0,0.0049037798010316
8972,0.897151,0.897201,1,0,0.0049037798010316
8973,0.897251,0.897301,1,0,0.0049037798010316
8974,0.897351,0.897401,1,0,0.0049037798010316
8975,0.897451,0.897501,1,0,0.0049037798010316
8976,0.897551,0.897601,1,0,0.0049037798010316
8977,0.897651,0.897701,1,0,0.0049037798010316
8978,0.897751,0.897801,1,0,0.0049037798010316
8979,0.897851,0.897901,1,0,0.0049037798010316
8980,0.897951,0.898001,1,0,0.00528785308665902
8981,0.898051,0.898101,1,0,0.00528785308665902
8982,0.898151,0.898201,1,0,0.00528785308665902
8983,0.898251,0.898301,1,0,0.00528785308665902
8984,0.898351,0.898401,1,0,0.00528785308665902
8985,0.898451,0.898501,1,0,0.00528785308665902
8986,0.898551,0.898601,1,0,0.00528785308665902
8987,0.898651,0.898701,1,0,0.00528785308665902
8988,0.898751,0.898801,1,0,0.00528785308665902
8989,0.898851,0.898901,1,0,0.00528785308665902
8990,0.898951,0.899001,1,0,0.00566890052165739
8991,0.899051,0.899101,1,0,0.00566890052165739
8992,0.899151,0.899201,1,0,0.00566890052165739
8993,0.899251,0.899301,1,0,0.00566890052165739
8994,0.899351,0.899401,1,0,0.00566890052165739
8995,0.899451,0.899501,1,0,0.00566890052165739
8996,0.899551,0.899601,1,0,0.00566890052165739
8997,0.899651,0.899701,1,0,0.00566890052165739
8998,0.899751,0.899801,1,0,0.00566890052165739
8999,0.899851,0.899901,1,0,0.00566890052165739
9000,0.899951,0.900001,1,0,0.00603769774107384
9001,0.900051,0.900101,1,0,0.00603769774107384
9002,0.900151,0.900201,1,0,0.00603769774107384
9003,0.900251,0.900301,1,0,0.00603769774107384
9004,0.900351,0.900401,1,0,0.00603769774107384
9005,0.900451,0.900501,1,0,0.00603769774107384
9006,0.900551,0.900601,1,0,0.00603769774107384
9007,0.900651,0.900701,1,0,0.00603769774107384
9008,0.900751,0.900801,1,0,0.00603769774107384
9009,0.900851,0.900901,1,0,0.00603769774107384
9010,0.900951,0.901001,1,0,0.0152929016173647
9011,0.901051,0.901101,1,0,0.0152929016173647
9012,0.901151,0.901201,1,0,0.0152929016173647
9013,0.901251,0.901301,1,0,0.0152929016173647
9014,0.901351,0.901401,1,0,0.0152929016173647
9015,0.901451,0.901501,1,0,0.0152929016173647
9016,0.901551,0.901601,1,0,0.0152929016173647
9017,0.901651,0.901701,1,0,0.0152929016173647
9018,0.901751,0.901801,1,0,0.0152929016173647
9019,0.901851,0.901901,1,0,0.0152929016173647
9020,0.901951,0.902001,1,0,0.0262334292036702
9021,0.902051,0.902101,1,0,0.0262334292036702
9022,0.902151,0.902201,1,0,0.0262334292036702
9023,0.902251,0.902301,1,0,0.0262334292036702
9024,0.902351,0.902401,1,0,0.0262334292036702
9025,0.902451,0.902501,1,0,0.0262334292036702
9026,0.902551,0.902601,1,0,0.0262334292036702
9027,0.902651,0.902701,1,0,0.0262334292036702
9028,0.902751,0.902801,1,0,0.0262334292036702
9029,0.902851,0.902901,1,0,0.0262334292036702
9030,0.902951,0.903001,1,0,0.0367187755146418
9031,0.903051,0.903101,1,0,0.0367187755146418
9032,0.903151,0.903201,1,0,0.0367187755146418
9033,0.903251,0.903301,1,0,0.0367187755146418
9034,0.903351,0.903401,1,0,0.0367187755146418
9035,0.903451,0.903501,1,0,0.0367187755146418
9036,0.903551,0.903601,1,0,0.0367187755146418
9037,0.903651,0.903701,1,0,0.0367187755146418
9038,0.903751,0.903801,1,0,0.0367187755146418
9039,0.903851,0.903901,1,0,0.0367187755146418
9040,0.903951,0.904001,1,0,0.037104996307132
9041,0.904051,0.904101,1,0,0.037104996307132
9042,0.904151,0.904201,1,0,0.037104996307132
9043,0.904251,0.904301,1,0,0.037104996307132
9044,0.904351,0.904401,1,0,0.037104996307132
9045,0.904451,0.904501,1,0,0.037104996307132
9046,0.904551,0.904601,1,0,0.037104996307132
9047,0.904651,0.904701,1,0,0.037104996307132
9048,0.904751,0.904801,1,0,0.037104996307132
9049,0.904851,0.904901,1,0,0.037104996307132
9050,0.904951,0.905001,1,0,0.0336241348457587
9051,0.905051,0.905101,1,0,0.0336241348457587
9052,0.905151,0.905201,1,0,0.0336241348457587
9053,0.905251,0.905301,1,0,0.0336241348457587
9054,0.905351,0.905401,1,0,0.0336241348457587
9055,0.905451,0.905501,1,0,0.0336241348457587
9056,0.905551,0.905601,1,0,0.0336241348457587
9057,0.905651,0.905701,1,0,0.0336241348457587
9058,0.905751,0.905801,1,0,0.0336241348457587
9059,0.905851,0.905901,1,0,0.0336241348457587
9060,0.905951,0.906001,1,0,0.030637175806102
9061,0.906051,0.906101,1,0,0.030637175806102
9062,0.906151,0.906201,1,0,0.030637175806102
9063,0.906251,0.906301,1,0,0.030637175806102
9064,0.906351,0.906401,1,0,0.030637175806102
9065,0.906451,0.906501,1,0,0.030637175806102
9066,0.906551,0.906601,1,0,0.030637175806102
9067,0.906651,0.906701,1,0,0.030637175806102
9068,0.906751,0.906801,1,0,0.030637175806102
9069,0.906851,0.906901,1,0,0.030637175806102
9070,0.906951,0.907001,1,0,0.0283985540013121
9071,0.907051,0.907101,1,0,0.0283985540013121
9072,0.907151,0.907201,1,0,0.0283985540013121
9073,0.907251,0.907301,1,0,0.0283985540013121
9074,0.907351,0.907401,1,0,0.0283985540013121
9075,0.907451,0.907501,1,0,0.0283985540013121
9076,0.907551,0.907601,1,0,0.0283985540013121
9077,0.907651,0.907701,1,0,0.0283985540013121
9078,0.907751,0.907801,1,0,0.0283985540013121
9079,0.907851,0.907901,1,0,0.0283985540013121
9080,0.907951,0.908001,1,0,0.0269187150436512
9081,0.908051,0.908101,1,0,0.0269187150436512
9082,0.908151,0.908201,1,0,0.0269187150436512
9083,0.908251,0.908301,1,0,0.0269187150436512
9084,0.908351,0.908401,1,0,0.0269187150436512
9085,0.908451,0.908501,1,0,0.0269187150436512
9086,0.908551,0.908601,1,0,0.0269187150436512
9087,0.908651,0.908701,1,0,0.0269187150436512
9088,0.908751,0.908801,1,0,0.0269187150436512
9089,0.908851,0.908901,1,0,0.0269187150436512
9090,0.908951,0.909001,1,0,0.0258598580622845
9091,0.909051,0.909101,1,0,0.0258598580622845
9092,0.909151,0.909201,1,0,0.0258598580622845
9093,0.909251,0.909301,1,0,0.0258598580622845
9094,0.909351,0.909401,1,0,0.0258598580622845
9095,0.909451,0.909501,1,0,0.0258598580622845
9096,0.909551,0.909601,1,0,0.0258598580622845
9097,0.909651,0.909701,1,0,0.0258598580622845
9098,0.909751,0.909801,1,0,0.0258598580622845
9099,0.909851,0.909901,1,0,0.0258598580622845
9100,0.909951,0.910001,1,0,0.0251236223099789
9101,0.910051,0.910101,1,0,0.0251236223099789
9102,0.910151,0.910201,1,0,0.0251236223099789
9103,0.910251,0.910301,1,0,0.0251236223099789
9104,0.910351,0.910401,1,0,0.0251236223099789
9105,0.910451,0.910501,1,0,0.0251236223099789
9106,0.910551,0.910601,1,0,0.0251236223099789
9107,0.910651,0.910701,1,0,0.0251236223099789
9108,0.910751,0.910801,1,0,0.0251236223099789
9109,0.910851,0.910901,1,0,0.0251236223099789
9110,0.910951,0.911001,1,0,0.0246311179969451
9111,0.911051,0.911101,1,0,0.0246311179969451
9112,0.911151,0.911201,1,0,0.0246311179969451
9113,0.911251,0.911301,1,0,0.0246311179969451
9114,0.911351,0.911401,1,0,0.0246311179969451
9115,0.911451,0.911501,1,0,0.0246311179969451
9116,0.911551,0.911601,1,0,0.0246311179969451
9117,0.911651,0.911701,1,0,0.0246311179969451
9118,0.911751,0.911801,1,0,0.0246311179969451
9119,0.911851,0.911901,1,0,0.0246311179969451
9120,0.911951,0.912001,1,0,0.0242913309152411
9121,0.912051,0.912101,1,0,0.0242913309152411
9122,0.912151,0.912201,1,0,0.0242913309152411
9123,0.912251,0.912301,1,0,0.0242913309152411
9124,0.912351,0.912401,1,0,0.0242913309152411
9125,0.912451,0.912501,1,0,0.0242913309152411
9126,0.912551,0.912601,1,0,0.0242913309152411
9127,0.912651,0.912701,1,0,0.0242913309152411
9128,0.912751,0.912801,1,0,0.0242913309152411
9129,0.912851,0.912901,1,0,0.0242913309152411
9130,0.912951,0.913001,1,0,0.0240509113304988
9131,0.913051,0.913101,1,0,0.0240509113304988
9132,0.913151,0.913201,1,0,0.0240509113304988
9133,0.913251,0.913301,1,0,0.0240509113304988
9134,0.913351,0.913401,1,0,0.0240509113304988
9135,0.913451,0.913501,1,0,0.0240509113304988
9136,0.913551,0.913601,1,0,0.0240509113304988
9137,0.913651,0.913701,1,0,0.0240509113304988
9138,0.913751,0.913801,1,0,0.0240509113304988
9139,0.913851,0.913901,1,0,0.0240509113304988
9140,0.913951,0.914001,1,0,0.0237994754338404
9141,0.914051,0.914101,1,0,0.0237994754338404
9142,0.914151,0.914201,1,0,0.0237994754338404
9143,0.914251,0.914301,1,0,0.0237994754338404
9144,0.914351,0.914401,1,0,0.0237994754338404
9145,0.914451,0.914501,1,0,0.0237994754338404
9146,0.914551,0.914601,1,0,0.0237994754338404
9147,0.914651,0.914701,1,0,0.0237994754338404
9148,0.914751,0.914801,1,0,0.0237994754338404
9149,0.914851,0.914901,1,0,0.0237994754338404
9150,0.914951,0.915001,1,0,0.0236565691934866
9151,0.915051,0.915101,1,0,0.0236565691934866
9152,0.915151,0.915201,1,0,0.0236565691934866
9153,0.915251,0.915301,1,0,0.0236565691934866
9154,0.915351,0.915401,1,0,0.0236565691934866
9155,0.915451,0.915501,1,0,0.0236565691934866
9156,0.915551,0.915601,1,0,0.0236565691934866
9157,0.915651,0.915701,1,0,0.0236565691934866
9158,0.915751,0.915801,1,0,0.0236565691934866
9159,0.915851,0.915901,1,0,0.0236565691934866
9160,0.915951,0.916001,1,0,0.0235013010303695
9161,0.916051,0.916101,1,0,0.0235013010303695
9162,0.916151,0.916201,1,0,0.0235013010303695
9163,0.916251,0.916301,1,0,0.0235013010303695
9164,0.916351,0.916401,1,0,0.0235013010303695
9165,0.916451,0.916501,1,0,0.0235013010303695
9166,0.916551,0.916601,1,0,0.0235013010303695
9167,0.916651,0.916701,1,0,0.0235013010303695
9168,0.916751,0.916801,1,0,0.0235013010303695
9169,0.916851,0.916901,1,0,0.0235013010303695
9170,0.916951,0.917001,1,0,0.0233686294109687
9171,0.917051,0.917101,1,0,0.0233686294109687
9172,0.917151,0.917201,1,0,0.0233686294109687
9173,0.917251,0.917301,1,0,0.0233686294109687
9174,0.917351,0.917401,1,0,0.0233686294109687
9175,0.917451,0.917501,1,0,0.0233686294109687
9176,0.917551,0.917601,1,0,0.0233686294109687
9177,0.917651,0.917701,1,0,0.0233686294109687
9178,0.917751,0.917801,1,0,0.0233686294109687
9179,0.917851,0.917901,1,0,0.0233686294109687
9180,0.917951,0.918001,1,0,0.0232903408014595
9181,0.918051,0.918101,1,0,0.0232903408014595
9182,0.918151,0.918201,1,0,0.0232903408014595
9183,0.918251,0.918301,1,0,0.0232903408014595
9184,0.918351,0.918401,1,0,0.0232903408014595
9185,0.918451,0.918501,1,0,0.0232903408014595
9186,0.918551,0.918601,1,0,0.0232903408014595
9187,0.918651,0.918701,1,0,0.0232903408014595
9188,0.918751,0.918801,1,0,0.0232903408014595
9189,0.918851,0.918901,1,0,0.0232903408014595
9190,0.918951,0.919001,1,0,0.0232402895387328
9191,0.919051,0.919101,1,0,0.0232402895387328
9192,0.919151,0.919201,1,0,0.0232402895387328
9193,0.919251,0.919301,1,0,0.0232402895387328
9194,0.919351,0.919401,1,0,0.0232402895387328
9195,0.919451,0.919501,1,0,0.0232402895387328
9196,0.919551,0.919601,1,0,0.0232402895387328
9197,0.919651,0.919701,1,0,0.0232402895387328
9198,0.919751,0.919801,1,0,0.0232402895387328
9199,0.919851,0.919901,1,0,0.0232402895387328
9200,0.919951,0.920001,1,0,0.0231186292029943
9201,0.920051,0.920101,1,0,0.0231186292029943
9202,0.920151,0.920201,1,0,0.0231186292029943
9203,0.920251,0.920301,1,0,0.0231186292029943
9204,0.920351,0.920401,1,0,0.0231186292029943
9205,0.920451,0.920501,1,0,0.0231186292029943
9206,0.920551,0.920601,1,0,0.0231186292029943
9207,0.920651,0.920701,1,0,0.0231186292029943
9208,0.920751,0.920801,1,0,0.0231186292029943
9209,0.920851,0.920901,1,0,0.0231186292029943
9210,0.920951,0.921001,1,0,0.0230640946233218
9211,0.921051,0.921101,1,0,0.0230640946233218
9212,0.921151,0.921201,1,0,0.0230640946233218
9213,0.921251,0.921301,1,0,0.0230640946233218
9214,0.921351,0.921401,1,0,0.0230640946233218
9215,0.921451,0.921501,1,0,0.0230640946233218
9216,0.921551,0.921601,1,0,0.0230640946233218
9217,0.921651,0.921701,1,0,0.0230640946233218
9218,0.921751,0.921801,1,0,0.0230640946233218
9219,0.921851,0.921901,1,0,0.0230640946233218
9220,0.921951,0.922001,1,0,0.0229974684991524
9221,0.922051,0.922101,1,0,0.0229974684991524
9222,0.922151,0.922201,1,0,0.0229974684991524
9223,0.922251,0.922301,1,0,0.0229974684991524
9224,0.922351,0.922401,1,0,0.0229974684991524
9225,0.922451,0.922501,1,0,0.0229974684991524
9226,0.922551,0.922601,1,0,0.0229974684991524
9227,0.922651,0.922701,1,0,0.0229974684991524
9228,0.922751,0.922801,1,0,0.0229974684991524
9229,0.922851,0.922901,1,0,0.0229974684991524
9230,0.922951,0.923001,1,0,0.022923658325928
9231,0.923051,0.923101,1,0,0.022923658325928
9232,0.923151,0.923201,1,0,0.022923658325928
9233,0.923251,0.923301,1,0,0.022923658325928
9234,0.923351,0.923401,1,0,0.022923658325928
9235,0.923451,0.923501,1,0,0.022923658325928
9236,0.923551,0.923601,1,0,0.022923658325928
9237,0.923651,0.923701,1,0,0.022923658325928
9238,0.923751,0.923801,1,0,0.022923658325928
9239,0.923851,0.923901,1,0,0.022923658325928
9240,0.923951,0.924001,1,0,0.0229296588197777
9241,0.924051,0.924101,1,0,0.0229296588197777
9242,0.924151,0.924201,1,0,0.0229296588197777
9243,0.924251,0.924301,1,0,0.0229296588197777
9244,0.924351,0.924401,1,0,0.0229296588197777
9245,0.924451,0.924501,1,0,0.0229296588197777
9246,0.924551,0.924601,1,0,0.0229296588197777
9247,0.924651,0.924701,1,0,0.0229296588197777
9248,0.924751,0.924801,1,0,0.0229296588197777
9249,0.924851,0.924901,1,0,0.0229296588197777
9250,0.924951,0.925001,1,0,0.0228471880130323
9251,0.925051,0.925101,1,0,0.0228471880130323
9252,0.925151,0.925201,1,0,0.0228471880130323
9253,0.925251,0.925301,1,0,0.0228471880130323
9254,0.925351,0.925401,1,0,0.0228471880130323
9255,0.925451,0.925501,1,0,0.0228471880130323
9256,0.925551,0.925601,1,0,0.0228471880130323
9257,0.925651,0.925701,1,0,0.0228471880130323
9258,0.925751,0.925801,1,0,0.0228471880130323
9259,0.925851,0.925901,1,0,0.0228471880130323
9260,0.925951,0.926001,1,0,0.0227961249704725
9261,0.926051,0.926101,1,0,0.0227961249704725
9262,0.926151,0.926201,1,0,0.0227961249704725
9263,0.926251,0.926301,1,0,0.0227961249704725
9264,0.926351,0.926401,1,0,0.0227961249704725
9265,0.926451,0.926501,1,0,0.0227961249704725
9266,0.926551,0.926601,1,0,0.0227961249704725
9267,0.926651,0.926701,1,0,0.0227961249704725
9268,0.926751,0.926801,1,0,0.0227961249704725
9269,0.926851,0.926901,1,0,0.0227961249704725
9270,0.926951,0.927001,1,0,0.0228198301423782
9271,0.927051,0.927101,1,0,0.0228198301423782
9272,0.927151,0.927201,1,0,0.0228198301423782
9273,0.927251,0.927301,1,0,0.0228198301423782
9274,0.927351,0.927401,1,0,0.0228198301423782
9275,0.927451,0.927501,1,0,0.0228198301423782
9276,0.927551,0.927601,1,0,0.0228198301423782
9277,0.927651,0.927701,1,0,0.0228198301423782
9278,0.927751,0.927801,1,0,0.0228198301423782
9279,0.927851,0.927901,1,0,0.0228198301423782
9280,0.927951,0.928001,1,0,0.0227714139830677
9281,0.928051,0.928101,1,0,0.0227714139830677
9282,0.928151,0.928201,1,0,0.0227714139830677
9283,0.928251,0.928301,1,0,0.0227714139830677
9284,0.928351,0.928401,1,0,0.0227714139830677
9285,0.928451,0.928501,1,0,0.0227714139830677
9286,0.928551,0.928601,1,0,0.0227714139830677
9287,0.928651,0.928701,1,0,0.0227714139830677
9288,0.928751,0.928801,1,0,0.0227714139830677
9289,0.928851,0.928901,1,0,0.0227714139830677
9290,0.928951,0.929001,1,0,0.0227218824799162
9291,0.929051,0.929101,1,0,0.0227218824799162
9292,0.929151,0.929201,1,0,0.0227218824799162
9293,0.929251,0.929301,1,0,0.0227218824799162
9294,0.929351,0.929401,1,0,0.0227218824799162
9295,0.929451,0.929501,1,0,0.0227218824799162
9296,0.929551,0.929601,1,0,0.0227218824799162
9297,0.929651,0.929701,1,0,0.0227218824799162
9298,0.929751,0.929801,1,0,0.0227218824799162
9299,0.929851,0.929901,1,0,0.0227218824799162
9300,0.929951,0.930001,1,0,0.0227426938200246
9301,0.930051,0.930101,1,0,0.0227426938200246
9302,0.930151,0.930201,1,0,0.0227426938200246
9303,0.930251,0.930301,1,0,0.0227426938200246
9304,0.930351,0.930401,1,0,0.0227426938200246
9305,0.930451,0.930501,1,0,0.0227426938200246
9306,0.930551,0.930601,1,0,0.0227426938200246
9307,0.930651,0.930701,1,0,0.0227426938200246
9308,0.930751,0.930801,1,0,0.0227426938200246
9309,0.930851,0.930901,1,0,0.0227426938200246
9310,0.930951,0.931001,1,0,0.0227147121635461
9311,0.931051,0.931101,1,0,0.0227147121635461
9312,0.931151,0.931201,1,0,0.0227147121635461
9313,0.931251,0.931301,1,0,0.0227147121635461
9314,0.931351,0.931401,1,0,0.0227147121635461
9315,0.931451,0.931501,1,0,0.0227147121635461
9316,0.931551,0.931601,1,0,0.0227147121635461
9317,0.931651,0.931701,1,0,0.0227147121635461
9318,0.931751,0.931801,1,0,0.0227147121635461
9319,0.931851,0.931901,1,0,0.0227147121635461
9320,0.931951,0.932001,1,0,0.022686228006556
9321,0.932051,0.932101,1,0,0.022686228006556
9322,0.932151,0.932201,1,0,0.022686228006556
9323,0.932251,0.932301,1,0,0.022686228006556
9324,0.932351,0.932401,1,0,0.022686228006556
9325,0.932451,0.932501,1,0,0.022686228006556
9326,0.932551,0.932601,1,0,0.022686228006556
9327,0.932651,0.932701,1,0,0.022686228006556
9328,0.932751,0.932801,1,0,0.022686228006556
9329,0.932851,0.932901,1,0,0.022686228006556
9330,0.932951,0.933001,1,0,0.0226625734028127
9331,0.933051,0.933101,1,0,0.0226625734028127
9332,0.933151,0.933201,1,0,0.0226625734028127
9333,0.933251,0.933301,1,0,0.0226625734028127
9334,0.933351,0.933401,1,0,0.0226625734028127
9335,0.933451,0.933501,1,0,0.0226625734028127
9336,0.933551,0.933601,1,0,0.0226625734028127
9337,0.933651,0.933701,1,0,0.0226625734028127
9338,0.933751,0.933801,1,0,0.0226625734028127
9339,0.933851,0.933901,1,0,0.0226625734028127
9340,0.933951,0.934001,1,0,0.0226445804933094
9341,0.934051,0.934101,1,0,0.0226445804933094
9342,0.934151,0.934201,1,0,0.0226445804933094
9343,0.934251,0.934301,1,0,0.0226445804933094
9344,0.934351,0.934401,1,0,0.0226445804933094
9345,0.934451,0.934501,1,0,0.0226445804933094
9346,0.934551,0.934601,1,0,0.0226445804933094
9347,0.934651,0.934701,1,0,0.0226445804933094
9348,0.934751,0.934801,1,0,0.0226445804933094
9349,0.934851,0.934901,1,0,0.0226445804933094
9350,0.934951,0.935001,1,0,0.0226318373607184
9351,0.935051,0.935101,1,0,0.0226318373607184
9352,0.935151,0.935201,1,0,0.0226318373607184
9353,0.935251,0.935301,1,0,0.0226318373607184
9354,0.935351,0.935401,1,0,0.0226318373607184
9355,0.935451,0.935501,1,0,0.0226318373607184
9356,0.935551,0.935601,1,0,0.0226318373607184
9357,0.935651,0.935701,1,0,0.0226318373607184
9358,0.935751,0.935801,1,0,0.0226318373607184
9359,0.935851,0.935901,1,0,0.0226318373607184
9360,0.935951,0.936001,1,0,0.0226236527744244
9361,0.936051,0.936101,1,0,0.0226236527744244
9362,0.936151,0.936201,1,0,0.0226236527744244
9363,0.936251,0.936301,1,0,0.0226236527744244
9364,0.936351,0.936401,1,0,0.0226236527744244
9365,0.936451,0.936501,1,0,0.0226236527744244
9366,0.936551,0.936601,1,0,0.0226236527744244
9367,0.936651,0.936701,1,0,0.0226236527744244
9368,0.936751,0.936801,1,0,0.0226236527744244
9369,0.936851,0.936901,1,0,0.0226236527744244
9370,0.936951,0.937001,1,0,0.0226193430523823
9371,0.937051,0.937101,1,0,0.0226193430523823
9372,0.937151,0.937201,1,0,0.0226193430523823
9373,0.937251,0.937301,1,0,0.0226193430523823
9374,0.937351,0.937401,1,0,0.0226193430523823
9375,0.937451,0.937501,1,0,0.0226193430523823
9376,0.937551,0.937601,1,0,0.0226193430523823
9377,0.937651,0.937701,1,0,0.0226193430523823
9378,0.937751,0.937801,1,0,0.0226193430523823
9379,0.937851,0.937901,1,0,0.0226193430523823
9380,0.937951,0.938001,1,0,0.022618301921062
9381,0.938051,0.938101,1,0,0.022618301921062
9382,0.938151,0.938201,1,0,0.022618301921062
9383,0.938251,0.938301,1,0,0.022618301921062
9384,0.938351,0.938401,1,0,0.022618301921062
9385,0.938451,0.938501,1,0,0.022618301921062
9386,0.938551,0.938601,1,0,0.022618301921062
9387,0.938651,0.938701,1,0,0.022618301921062
9388,0.938751,0.938801,1,0,0.022618301921062
9389,0.938851,0.938901,1,0,0.022618301921062
9390,0.938951,0.939001,1,0,0.0226200104767538
9391,0.939051,0.939101,1,0,0.0226200104767538
9392,0.939151,0.939201,1,0,0.0226200104767538
9393,0.939251,0.939301,1,0,0.0226200104767538
9394,0.939351,0.939401,1,0,0.0226200104767538
9395,0.939451,0.939501,1,0,0.0226200104767538
9396,0.939551,0.939601,1,0,0.0226200104767538
9397,0.939651,0.939701,1,0,0.0226200104767538
9398,0.939751,0.939801,1,0,0.0226200104767538
9399,0.939851,0.939901,1,0,0.0226200104767538
9400,0.939951,0.940001,1,0,0.0226240300242802
9401,0.940051,0.940101,1,0,0.0226240300242802
9402,0.940151,0.940201,1,0,0.0226240300242802
9403,0.940251,0.940301,1,0,0.0226240300242802
9404,0.940351,0.940401,1,0,0.0226240300242802
9405,0.940451,0.940501,1,0,0.0226240300242802
9406,0.940551,0.940601,1,0,0.0226240300242802
9407,0.940651,0.940701,1,0,0.0226240300242802
9408,0.940751,0.940801,1,0,0.0226240300242802
9409,0.940851,0.940901,1,0,0.0226240300242802
9410,0.940951,0.941001,1,0,0.0225837919522845
9411,0.941051,0.941101,1,0,0.0225837919522845
9412,0.941151,0.941201,1,0,0.0225837919522845
9413,0.941251,0.941301,1,0,0.0225837919522845
9414,0.941351,0.941401,1,0,0.0225837919522845
9415,0.941451,0.941501,1,0,0.0225837919522845
9416,0.941551,0.941601,1,0,0.0225837919522845
9417,0.941651,0.941701,1,0,0.0225837919522845
9418,0.941751,0.941801,1,0,0.0225837919522845
9419,0.941851,0.941901,1,0,0.0225837919522845
9420,0.941951,0.942001,1,0,0.0225702368014509
9421,0.942051,0.942101,1,0,0.0225702368014509
9422,0.942151,0.942201,1,0,0.0225702368014509
9423,0.942251,0.942301,1,0,0.0225702368014509
9424,0.942351,0.942401,1,0,0.0225702368014509
9425,0.942451,0.942501,1,0,0.0225702368014509
9426,0.942551,0.942601,1,0,0.0225702368014509
9427,0.942651,0.942701,1,0,0.0225702368014509
9428,0.942751,0.942801,1,0,0.0225702368014509
9429,0.942851,0.942901,1,0,0.0225702368014509
9430,0.942951,0.943001,1,0,0.02257708641279
9431,0.943051,0.943101,1,0,0.02257708641279
9432,0.943151,0.943201,1,0,0.02257708641279
9433,0.943251,0.943301,1,0,0.02257708641279
9434,0.943351,0.943401,1,0,0.02257708641279
9435,0.943451,0.943501,1,0,0.02257708641279
9436,0.943551,0.943601,1,0,0.02257708641279
9437,0.943651,0.943701,1,0,0.02257708641279
9438,0.943751,0.943801,1,0,0.02257708641279
9439,0.943851,0.943901,1,0,0.02257708641279
9440,0.943951,0.944001,1,0,0.022524751991052
9441,0.944051,0.944101,1,0,0.022524751991052
9442,0.944151,0.944201,1,0,0.022524751991052
9443,0.944251,0.944301,1,0,0.022524751991052
9444,0.944351,0.944401,1,0,0.022524751991052
9445,0.944451,0.944501,1,0,0.022524751991052
9446,0.944551,0.944601,1,0,0.022524751991052
9447,0.944651,0.944701,1,0,0.022524751991052
9448,0.944751,0.944801,1,0,0.022524751991052
9449,0.944851,0.944901,1,0,0.022524751991052
9450,0.944951,0.945001,1,0,0.022508931991299
9451,0.945051,0.945101,1,0,0.022508931991299
9452,0.945151,0.945201,1,0,0.022508931991299
9453,0.945251,0.945301,1,0,0.022508931991299
9454,0.945351,0.945401,1,0,0.022508931991299
9455,0.945451,0.945501,1,0,0.022508931991299
9456,0.945551,0.945601,1,0,0.022508931991299
9457,0.945651,0.945701,1,0,0.022508931991299
9458,0.945751,0.945801,1,0,0.022508931991299
9459,0.945851,0.945901,1,0,0.022508931991299
9460,0.945951,0.946001,1,0,0.0225181729586917
9461,0.946051,0.946101,1,0,0.0225181729586917
9462,0.946151,0.946201,1,0,0.0225181729586917
9463,0.946251,0.946301,1,0,0.0225181729586917
9464,0.946351,0.946401,1,0,0.0225181729586917
9465,0.946451,0.946501,1,0,0.0225181729586917
9466,0.946551,0.946601,1,0,0.0225181729586917
9467,0.946651,0.946701,1,0,0.0225181729586917
9468,0.946751,0.946801,1,0,0.0225181729586917
9469,0.946851,0.946901,1,0,0.0225181729586917
9470,0.946951,0.947001,1,0,0.0225344297251641
9471,0.947051,0.947101,1,0,0.0225344297251641
9472,0.947151,0.947201,1,0,0.0225344297251641
9473,0.947251,0.947301,1,0,0.0225344297251641
9474,0.947351,0.947401,1,0,0.0225344297251641
9475,0.947451,0.947501,1,0,0.0225344297251641
9476,0.947551,0.947601,1,0,0.0225344297251641
9477,0.947651,0.947701,1,0,0.0225344297251641
9478,0.947751,0.947801,1,0,0.0225344297251641
9479,0.947851,0.947901,1,0,0.0225344297251641
9480,0.947951,0.948001,1,0,0.0225522862644374
9481,0.948051,0.948101,1,0,0.0225522862644374
9482,0.948151,0.948201,1,0,0.0225522862644374
9483,0.948251,0.948301,1,0,0.0225522862644374
9484,0.948351,0.948401,1,0,0.0225522862644374
9485,0.948451,0.948501,1,0,0.0225522862644374
9486,0.948551,0.948601,1,0,0.0225522862644374
9487,0.948651,0.948701,1,0,0.0225522862644374
9488,0.948751,0.948801,1,0,0.0225522862644374
9489,0.948851,0.948901,1,0,0.0225522862644374
9490,0.948951,0.949001,1,0,0.0225701707671632
9491,0.949051,0.949101,1,0,0.0225701707671632
9492,0.949151,0.949201,1,0,0.0225701707671632
9493,0.949251,0.949301,1,0,0.0225701707671632
9494,0.949351,0.949401,1,0,0.0225701707671632
9495,0.949451,0.949501,1,0,0.0225701707671632
9496,0.949551,0.949601,1,0,0.0225701707671632
9497,0.949651,0.949701,1,0,0.0225701707671632
9498,0.949751,0.949801,1,0,0.0225701707671632
9499,0.949851,0.949901,1,0,0.0225701707671632
9500,0.949951,0.950001,1,0,0.0225996745286198
9501,0.950051,0.950101,1,0,0.0225996745286198
9502,0.950151,0.950201,1,0,0.0225996745286198
9503,0.950251,0.950301,1,0,0.0225996745286198
9504,0.950351,0.950401,1,0,0.0225996745286198
9505,0.950451,0.950501,1,0,0.0225996745286198
9506,0.950551,0.950601,1,0,0.0225996745286198
9507,0.950651,0.950701,1,0,0.0225996745286198
9508,0.950751,0.950801,1,0,0.0225996745286198
9509,0.950851,0.950901,1,0,0.0225996745286198
9510,0.950951,0.951001,1,0,0.0225324271876186
9511,0.951051,0.951101,1,0,0.0225324271876186
9512,0.951151,0.951201,1,0,0.0225324271876186
9513,0.951251,0.951301,1,0,0.0225324271876186
9514,0.951351,0.951401,1,0,0.0225324271876186
9515,0.951451,0.951501,1,0,0.0225324271876186
9516,0.951551,0.951601,1,0,0.0225324271876186
9517,0.951651,0.951701,1,0,0.0225324271876186
9518,0.951751,0.951801,1,0,0.0225324271876186
9519,0.951851,0.951901,1,0,0.0225324271876186
9520,0.951951,0.952001,1,0,0.0224911143542113
9521,0.952051,0.952101,1,0,0.0224911143542113
9522,0.952151,0.952201,1,0,0.0224911143542113
9523,0.952251,0.952301,1,0,0.0224911143542113
9524,0.952351,0.952401,1,0,0.0224911143542113
9525,0.952451,0.952501,1,0,0.0224911143542113
9526,0.952551,0.952601,1,0,0.0224911143542113
9527,0.952651,0.952701,1,0,0.0224911143542113
9528,0.952751,0.952801,1,0,0.0224911143542113
9529,0.952851,0.952901,1,0,0.0224911143542113
9530,0.952951,0.953001,1,0,0.0224981779449156
9531,0.953051,0.953101,1,0,0.0224981779449156
9532,0.953151,0.953201,1,0,0.0224981779449156
9533,0.953251,0.953301,1,0,0.0224981779449156
9534,0.953351,0.953401,1,0,0.0224981779449156
9535,0.953451,0.953501,1,0,0.0224981779449156
9536,0.953551,0.953601,1,0,0.0224981779449156
9537,0.953651,0.953701,1,0,0.0224981779449156
9538,0.953751,0.953801,1,0,0.0224981779449156
9539,0.953851,0.953901,1,0,0.0224981779449156
9540,0.953951,0.954001,1,0,0.0225185095778986
9541,0.954051,0.954101,1,0,0.0225185095778986
9542,0.954151,0.954201,1,0,0.0225185095778986
9543,0.954251,0.954301,1,0,0.0225185095778986
9544,0.954351,0.954401,1,0,0.0225185095778986
9545,0.954451,0.954501,1,0,0.0225185095778986
9546,0.954551,0.954601,1,0,0.0225185095778986
9547,0.954651,0.954701,1,0,0.0225185095778986
9548,0.954751,0.954801,1,0,0.0225185095778986
9549,0.954851,0.954901,1,0,0.0225185095778986
9550,0.954951,0.955001,1,0,0.0225416139887233
9551,0.955051,0.955101,1,0,0.0225416139887233
9552,0.955151,0.955201,1,0,0.0225416139887233
9553,0.955251,0.955301,1,0,0.0225416139887233
9554,0.955351,0.955401,1,0,0.0225416139887233
9555,0.955451,0.955501,1,0,0.0225416139887233
9556,0.955551,0.955601,1,0,0.0225416139887233
9557,0.955651,0.955701,1,0,0.0225416139887233
9558,0.955751,0.955801,1,0,0.0225416139887233
9559,0.955851,0.955901,1,0,0.0225416139887233
9560,0.955951,0.956001,1,0,0.0225644851802246
9561,0.956051,0.956101,1,0,0.0225644851802246
9562,0.956151,0.956201,1,0,0.0225644851802246
9563,0.956251,0.956301,1,0,0.0225644851802246
9564,0.956351,0.956401,1,0,0.0225644851802246
9565,0.956451,0.956501,1,0,0.0225644851802246
9566,0.956551,0.956601,1,0,0.0225644851802246
9567,0.956651,0.956701,1,0,0.0225644851802246
9568,0.956751,0.956801,1,0,0.0225644851802246
9569,0.956851,0.956901,1,0,0.0225644851802246
9570,0.956951,0.957001,1,0,0.0225710443084213
9571,0.957051,0.957101,1,0,0.0225710443084213
9572,0.957151,0.957201,1,0,0.0225710443084213
9573,0.957251,0.957301,1,0,0.0225710443084213
9574,0.957351,0.957401,1,0,0.0225710443084213
9575,0.957451,0.957501,1,0,0.0225710443084213
9576,0.957551,0.957601,1,0,0.0225710443084213
9577,0.957651,0.957701,1,0,0.0225710443084213
9578,0.957751,0.957801,1,0,0.0225710443084213
9579,0.957851,0.957901,1,0,0.0225710443084213
9580,0.957951,0.958001,1,0,0.0225599470040016
9581,0.958051,0.958101,1,0,0.0225599470040016
9582,0.958151,0.958201,1,0,0.0225599470040016
9583,0.958251,0.958301,1,0,0.0225599470040016
9584,0.958351,0.958401,1,0,0.0225599470040016
9585,0.958451,0.958501,1,0,0.0225599470040016
9586,0.958551,0.958601,1,0,0.0225599470040016
9587,0.958651,0.958701,1,0,0.0225599470040016
9588,0.958751,0.958801,1,0,0.0225599470040016
9589,0.958851,0.958901,1,0,0.0225599470040016
9590,0.958951,0.959001,1,0,0.0225588825081324
9591,0.959051,0.959101,1,0,0.0225588825081324
9592,0.959151,0.959201,1,0,0.0225588825081324
9593,0.959251,0.959301,1,0,0.0225588825081324
9594,0.959351,0.959401,1,0,0.0225588825081324
9595,0.959451,0.959501,1,0,0.0225588825081324
9596,0.959551,0.959601,1,0,0.0225588825081324
9597,0.959651,0.959701,1,0,0.0225588825081324
9598,0.959751,0.959801,1,0,0.0225588825081324
9599,0.959851,0.959901,1,0,0.0225588825081324
9600,0.959951,0.960001,1,0,0.02253731525321
9601,0.960051,0.960101,1,0,0.02253731525321
9602,0.960151,0.960201,1,0,0.02253731525321
9603,0.960251,0.960301,1,0,0.02253731525321
9604,0.960351,0.960401,1,0,0.02253731525321
9605,0.960451,0.960501,1,0,0.02253731525321
9606,0.960551,0.960601,1,0,0.02253731525321
9607,0.960651,0.960701,1,0,0.02253731525321
9608,0.960751,0.960801,1,0,0.02253731525321
9609,0.960851,0.960901,1,0,0.02253731525321
9610,0.960951,0.961001,1,0,0.0225261640093377
9611,0.961051,0.961101,1,0,0.0225261640093377
9612,0.961151,0.961201,1,0,0.0225261640093377
9613,0.961251,0.961301,1,0,0.0225261640093377
9614,0.961351,0.961401,1,0,0.0225261640093377
9615,0.961451,0.961501,1,0,0.0225261640093377
9616,0.961551,0.961601,1,0,0.0225261640093377
9617,0.961651,0.961701,1,0,0.0225261640093377
9618,0.961751,0.961801,1,0,0.0225261640093377
9619,0.961851,0.961901,1,0,0.0225261640093377
9620,0.961951,0.962001,1,0,0.0224903633761659
9621,0.962051,0.962101,1,0,0.0224903633761659
9622,0.962151,0.962201,1,0,0.0224903633761659
9623,0.962251,0.962301,1,0,0.0224903633761659
9624,0.962351,0.962401,1,0,0.0224903633761659
9625,0.962451,0.962501,1,0,0.0224903633761659
9626,0.962551,0.962601,1,0,0.0224903633761659
9627,0.962651,0.962701,1,0,0.0224903633761659
9628,0.962751,0.962801,1,0,0.0224903633761659
9629,0.962851,0.962901,1,0,0.0224903633761659
9630,0.962951,0.963001,1,0,0.0225011822753399
9631,0.963051,0.963101,1,0,0.0225011822753399
9632,0.963151,0.963201,1,0,0.0225011822753399
9633,0.963251,0.963301,1,0,0.0225011822753399
9634,0.963351,0.963401,1,0,0.0225011822753399
9635,0.963451,0.963501,1,0,0.0225011822753399
9636,0.963551,0.963601,1,0,0.0225011822753399
9637,0.963651,0.963701,1,0,0.0225011822753399
9638,0.963751,0.963801,1,0,0.0225011822753399
9639,0.963851,0.963901,1,0,0.0225011822753399
9640,0.963951,0.964001,1,0,0.0225243792140078
9641,0.964051,0.964101,1,0,0.0225243792140078
9642,0.964151,0.964201,1,0,0.0225243792140078
9643,0.964251,0.964301,1,0,0.0225243792140078
9644,0.964351,0.964401,1,0,0.0225243792140078
9645,0.964451,0.964501,1,0,0.0225243792140078
9646,0.964551,0.964601,1,0,0.0225243792140078
9647,0.964651,0.964701,1,0,0.0225243792140078
9648,0.964751,0.964801,1,0,0.0225243792140078
9649,0.964851,0.964901,1,0,0.0225243792140078
9650,0.964951,0.965001,1,0,0.0225617779412861
9651,0.965051,0.965101,1,0,0.0225617779412861
9652,0.965151,0.965201,1,0,0.0225617779412861
9653,0.965251,0.965301,1,0,0.0225617779412861
9654,0.965351,0.965401,1,0,0.0225617779412861
9655,0.965451,0.965501,1,0,0.0225617779412861
9656,0.965551,0.965601,1,0,0.0225617779412861
9657,0.965651,0.965701,1,0,0.0225617779412861
9658,0.965751,0.965801,1,0,0.0225617779412861
9659,0.965851,0.965901,1,0,0.0225617779412861
9660,0.965951,0.966001,1,0,0.0225511549844251
9661,0.966051,0.966101,1,0,0.0225511549844251
9662,0.966151,0.966201,1,0,0.0225511549844251
9663,0.966251,0.966301,1,0,0.0225511549844251
9664,0.966351,0.966401,1,0,0.0225511549844251
9665,0.966451,0.966501,1,0,0.0225511549844251
9666,0.966551,0.966601,1,0,0.0225511549844251
9667,0.966651,0.966701,1,0,0.0225511549844251
9668,0.966751,0.966801,1,0,0.0225511549844251
9669,0.966851,0.966901,1,0,0.0225511549844251
9670,0.966951,0.967001,1,0,0.0225215082960449
9671,0.967051,0.967101,1,0,0.0225215082960449
9672,0.967151,0.967201,1,0,0.0225215082960449
9673,0.967251,0.967301,1,0,0.0225215082960449
9674,0.967351,0.967401,1,0,0.0225215082960449
9675,0.967451,0.967501,1,0,0.0225215082960449
9676,0.967551,0.967601,1,0,0.0225215082960449
9677,0.967651,0.967701,1,0,0.0225215082960449
9678,0.967751,0.967801,1,0,0.0225215082960449
9679,0.967851,0.967901,1,0,0.0225215082960449
9680,0.967951,0.968001,1,0,0.0224944714293557
9681,0.968051,0.968101,1,0,0.0224944714293557
9682,0.968151,0.968201,1,0,0.0224944714293557
9683,0.968251,0.968301,1,0,0.0224944714293557
9684,0.968351,0.968401,1,0,0.0224944714293557
9685,0.968451,0.968501,1,0,0.0224944714293557
9686,0.968551,0.968601,1,0,0.0224944714293557
9687,0.968651,0.968701,1,0,0.0224944714293557
9688,0.968751,0.968801,1,0,0.0224944714293557
9689,0.968851,0.968901,1,0,0.0224944714293557
9690,0.968951,0.969001,1,0,0.0225082320183619
9691,0.969051,0.969101,1,0,0.0225082320183619
9692,0.969151,0.969201,1,0,0.0225082320183619
9693,0.969251,0.969301,1,0,0.0225082320183619
9694,0.969351,0.969401,1,0,0.0225082320183619
9695,0.969451,0.969501,1,0,0.0225082320183619
9696,0.969551,0.969601,1,0,0.0225082320183619
9697,0.969651,0.969701,1,0,0.0225082320183619
9698,0.969751,0.969801,1,0,0.0225082320183619
9699,0.969851,0.969901,1,0,0.0225082320183619
9700,0.969951,0.970001,1,0,0.0225325692107561
9701,0.970051,0.970101,1,0,0.0225325692107561
9702,0.970151,0.970201,1,0,0.0225325692107561
9703,0.970251,0.970301,1,0,0.0225325692107561
9704,0.970351,0.970401,1,0,0.0225325692107561
9705,0.970451,0.970501,1,0,0.0225325692107561
9706,0.970551,0.970601,1,0,0.0225325692107561
9707,0.970651,0.970701,1,0,0.0225325692107561
9708,0.970751,0.970801,1,0,0.0225325692107561
9709,0.970851,0.970901,1,0,0.0225325692107561
9710,0.970951,0.971001,1,0,0.0225214410471765
9711,0.971051,0.971101,1,0,0.0225214410471765
9712,0.971151,0.971201,1,0,0.0225214410471765
9713,0.971251,0.971301,1,0,0.0225214410471765
9714,0.971351,0.971401,1,0,0.0225214410471765
9715,0.971451,0.971501,1,0,0.0225214410471765
9716,0.971551,0.971601,1,0,0.0225214410471765
9717,0.971651,0.971701,1,0,0.0225214410471765
9718,0.971751,0.971801,1,0,0.0225214410471765
9719,0.971851,0.971901,1,0,0.0225214410471765
9720,0.971951,0.972001,1,0,0.0225325821440846
9721,0.972051,0.972101,1,0,0.0225325821440846
9722,0.972151,0.972201,1,0,0.0225325821440846
9723,0.972251,0.972301,1,0,0.0225325821440846
9724,0.972351,0.972401,1,0,0.0225325821440846
9725,0.972451,0.972501,1,0,0.0225325821440846
9726,0.972551,0.972601,1,0,0.0225325821440846
9727,0.972651,0.972701,1,0,0.0225325821440846
9728,0.972751,0.972801,1,0,0.0225325821440846
9729,0.972851,0.972901,1,0,0.0225325821440846
9730,0.972951,0.973001,1,0,0.0225109366417381
9731,0.973051,0.973101,1,0,0.0225109366417381
9732,0.973151,0.973201,1,0,0.0225109366417381
9733,0.973251,0.973301,1,0,0.0225109366417381
9734,0.973351,0.973401,1,0,0.0225109366417381
9735,0.973451,0.973501,1,0,0.0225109366417381
9736,0.973551,0.973601,1,0,0.0225109366417381
9737,0.973651,0.973701,1,0,0.0225109366417381
9738,0.973751,0.973801,1,0,0.0225109366417381
9739,0.973851,0.973901,1,0,0.0225109366417381
9740,0.973951,0.974001,1,0,0.0225168618727411
9741,0.974051,0.974101,1,0,0.0225168618727411
9742,0.974151,0.974201,1,0,0.0225168618727411
9743,0.974251,0.974301,1,0,0.0225168618727411
9744,0.974351,0.974401,1,0,0.0225168618727411
9745,0.974451,0.974501,1,0,0.0225168618727411
9746,0.974551,0.974601,1,0,0.0225168618727411
9747,0.974651,0.974701,1,0,0.0225168618727411
9748,0.974751,0.974801,1,0,0.0225168618727411
9749,0.974851,0.974901,1,0,0.0225168618727411
9750,0.974951,0.975001,1,0,0.0225152911989971
9751,0.975051,0.975101,1,0,0.0225152911989971
9752,0.975151,0.975201,1,0,0.0225152911989971
9753,0.975251,0.975301,1,0,0.0225152911989971
9754,0.975351,0.975401,1,0,0.0225152911989971
9755,0.975451,0.975501,1,0,0.0225152911989971
9756,0.975551,0.975601,1,0,0.0225152911989971
9757,0.975651,0.975701,1,0,0.0225152911989971
9758,0.975751,0.975801,1,0,0.0225152911989971
9759,0.975851,0.975901,1,0,0.0225152911989971
9760,0.975951,0.976001,1,0,0.0224834040927404
9761,0.976051,0.976101,1,0,0.0224834040927404
9762,0.976151,0.976201,1,0,0.0224834040927404
9763,0.976251,0.976301,1,0,0.0224834040927404
9764,0.976351,0.976401,1,0,0.0224834040927404
9765,0.976451,0.976501,1,0,0.0224834040927404
9766,0.976551,0.976601,1,0,0.0224834040927404
9767,0.976651,0.976701,1,0,0.0224834040927404
9768,0.976751,0.976801,1,0,0.0224834040927404
9769,0.976851,0.976901,1,0,0.0224834040927404
9770,0.976951,0.977001,1,0,0.0224962456143757
9771,0.977051,0.977101,1,0,0.0224962456143757
9772,0.977151,0.977201,1,0,0.0224962456143757
9773,0.977251,0.977301,1,0,0.0224962456143757
9774,0.977351,0.977401,1,0,0.0224962456143757
9775,0.977451,0.977501,1,0,0.0224962456143757
9776,0.977551,0.977601,1,0,0.0224962456143757
9777,0.977651,0.977701,1,0,0.0224962456143757
9778,0.977751,0.977801,1,0,0.0224962456143757
9779,0.977851,0.977901,1,0,0.0224962456143757
9780,0.977951,0.978001,1,0,0.0225207579024663
9781,0.978051,0.978101,1,0,0.0225207579024663
9782,0.978151,0.978201,1,0,0.0225207579024663
9783,0.978251,0.978301,1,0,0.0225207579024663
9784,0.978351,0.978401,1,0,0.0225207579024663
9785,0.978451,0.978501,1,0,0.0225207579024663
9786,0.978551,0.978601,1,0,0.0225207579024663
9787,0.978651,0.978701,1,0,0.0225207579024663
9788,0.978751,0.978801,1,0,0.0225207579024663
9789,0.978851,0.978901,1,0,0.0225207579024663
9790,0.978951,0.979001,1,0,0.0225591431811731
9791,0.979051,0.979101,1,0,0.0225591431811731
9792,0.979151,0.979201,1,0,0.0225591431811731
9793,0.979251,0.979301,1,0,0.0225591431811731
9794,0.979351,0.979401,1,0,0.0225591431811731
9795,0.979451,0.979501,1,0,0.0225591431811731
9796,0.979551,0.979601,1,0,0.0225591431811731
9797,0.979651,0.979701,1,0,0.0225591431811731
9798,0.979751,0.979801,1,0,0.0225591431811731
9799,0.979851,0.979901,1,0,0.0225591431811731
9800,0.979951,0.980001,1,0,0.0225493075285787
9801,0.980051,0.980101,1,0,0.0225493075285787
9802,0.980151,0.980201,1,0,0.0225493075285787
9803,0.980251,0.980301,1,0,0.0225493075285787
9804,0.980351,0.980401,1,0,0.0225493075285787
9805,0.980451,0.980501,1,0,0.0225493075285787
9806,0.980551,0.980601,1,0,0.0225493075285787
9807,0.980651,0.980701,1,0,0.0225493075285787
9808,0.980751,0.980801,1,0,0.0225493075285787
9809,0.980851,0.980901,1,0,0.0225493075285787
9810,0.980951,0.981001,1,0,0.0224860562801643
9811,0.981051,0.981101,1,0,0.0224860562801643
9812,0.981151,0.981201,1,0,0.0224860562801643
9813,0.981251,0.981301,1,0,0.0224860562801643
9814,0.981351,0.981401,1,0,0.0224860562801643
9815,0.981451,0.981501,1,0,0.0224860562801643
9816,0.981551,0.981601,1,0,0.0224860562801643
9817,0.981651,0.981701,1,0,0.0224860562801643
9818,0.981751,0.981801,1,0,0.0224860562801643
9819,0.981851,0.981901,1,0,0.0224860562801643
9820,0.981951,0.982001,1,0,0.0224854167364061
9821,0.982051,0.982101,1,0,0.0224854167364061
9822,0.982151,0.982201,1,0,0.0224854167364061
9823,0.982251,0.982301,1,0,0.0224854167364061
9824,0.982351,0.982401,1,0,0.0224854167364061
9825,0.982451,0.982501,1,0,0.0224854167364061
9826,0.982551,0.982601,1,0,0.0224854167364061
9827,0.982651,0.982701,1,0,0.0224854167364061
9828,0.982751,0.982801,1,0,0.0224854167364061
9829,0.982851,0.982901,1,0,0.0224854167364061
9830,0.982951,0.983001,1,0,0.0225071567516865
9831,0.983051,0.983101,1,0,0.0225071567516865
9832,0.983151,0.983201,1,0,0.0225071567516865
9833,0.983251,0.983301,1,0,0.0225071567516865
9834,0.983351,0.983401,1,0,0.0225071567516865
9835,0.983451,0.983501,1,0,0.0225071567516865
9836,0.983551,0.983601,1,0,0.0225071567516865
9837,0.983651,0.983701,1,0,0.0225071567516865
9838,0.983751,0.983801,1,0,0.0225071567516865
9839,0.983851,0.983901,1,0,0.0225071567516865
9840,0.983951,0.984001,1,0,0.0225338544651926
9841,0.984051,0.984101,1,0,0.0225338544651926
9842,0.984151,0.984201,1,0,0.0225338544651926
9843,0.984251,0.984301,1,0,0.0225338544651926
9844,0.984351,0.984401,1,0,0.0225338544651926
9845,0.984451,0.984501,1,0,0.0225338544651926
9846,0.984551,0.984601,1,0,0.0225338544651926
9847,0.984651,0.984701,1,0,0.0225338544651926
9848,0.984751,0.984801,1,0,0.0225338544651926
9849,0.984851,0.984901,1,0,0.0225338544651926
9850,0.984951,0.985001,1,0,0.0225233814541654
9851,0.985051,0.985101,1,0,0.0225233814541654
9852,0.985151,0.985201,1,0,0.0225233814541654
9853,0.985251,0.985301,1,0,0.0225233814541654
9854,0.985351,0.985401,1,0,0.0225233814541654
9855,0.985451,0.985501,1,0,0.0225233814541654
9856,0.985551,0.985601,1,0,0.0225233814541654
9857,0.985651,0.985701,1,0,0.0225233814541654
9858,0.985751,0.985801,1,0,0.0225233814541654
9859,0.985851,0.985901,1,0,0.0225233814541654
9860,0.985951,0.986001,1,0,0.0225346711795704
9861,0.986051,0.986101,1,0,0.0225346711795704
9862,0.986151,0.986201,1,0,0.0225346711795704
9863,0.986251,0.986301,1,0,0.0225346711795704
9864,0.986351,0.986401,1,0,0.0225346711795704
9865,0.986451,0.986501,1,0,0.0225346711795704
9866,0.986551,0.986601,1,0,0.0225346711795704
9867,0.986651,0.986701,1,0,0.0225346711795704
9868,0.986751,0.986801,1,0,0.0225346711795704
9869,0.986851,0.986901,1,0,0.0225346711795704
9870,0.986951,0.987001,1,0,0.022542596542638
9871,0.987051,0.987101,1,0,0.022542596542638
9872,0.987151,0.987201,1,0,0.022542596542638
9873,0.987251,0.987301,1,0,0.022542596542638
9874,0.987351,0.987401,1,0,0.022542596542638
9875,0.987451,0.987501,1,0,0.022542596542638
9876,0.987551,0.987601,1,0,0.022542596542638
9877,0.987651,0.987701,1,0,0.022542596542638
9878,0.987751,0.987801,1,0,0.022542596542638
9879,0.987851,0.987901,1,0,0.022542596542638
9880,0.987951,0.988001,1,0,0.022525579815717
9881,0.988051,0.988101,1,0,0.022525579815717
9882,0.988151,0.988201,1,0,0.022525579815717
9883,0.988251,0.988301,1,0,0.022525579815717
9884,0.988351,0.988401,1,0,0.022525579815717
9885,0.988451,0.988501,1,0,0.022525579815717
9886,0.988551,0.988601,1,0,0.022525579815717
9887,0.988651,0.988701,1,0,0.022525579815717
9888,0.988751,0.988801,1,0,0.022525579815717
9889,0.988851,0.988901,1,0,0.022525579815717
9890,0.988951,0.989001,1,0,0.0225173352545797
9891,0.989051,0.989101,1,0,0.0225173352545797
9892,0.989151,0.989201,1,0,0.0225173352545797
9893,0.989251,0.989301,1,0,0.0225173352545797
9894,0.989351,0.989401,1,0,0.0225173352545797
9895,0.989451,0.989501,1,0,0.0225173352545797
9896,0.989551,0.989601,1,0,0.0225173352545797
9897,0.989651,0.989701,1,0,0.0225173352545797
9898,0.989751,0.989801,1,0,0.0225173352545797
9899,0.989851,0.989901,1,0,0.0225173352545797
9900,0.989951,0.990001,1,0,0.0224836974072523
9901,0.990051,0.990101,1,0,0.0224836974072523
9902,0.990151,0.990201,1,0,0.0224836974072523
9903,0.990251,0.990301,1,0,0.0224836974072523
9904,0.990351,0.990401,1,0,0.0224836974072523
9905,0.990451,0.990501,1,0,0.0224836974072523
9906,0.990551,0.990601,1,0,0.0224836974072523
9907,0.990651,0.990701,1,0,0.0224836974072523
9908,0.990751,0.990801,1,0,0.0224836974072523
9909,0.990851,0.990901,1,0,0.0224836974072523
9910,0.990951,0.991001,1,0,0.0224962471579294
9911,0.991051,0.991101,1,0,0.0224962471579294
9912,0.991151,0.991201,1,0,0.0224962471579294
9913,0.991251,0.991301,1,0,0.0224962471579294
9914,0.991351,0.991401,1,0,0.0224962471579294
9915,0.991451,0.991501,1,0,0.0224962471579294
9916,0.991551,0.991601,1,0,0.0224962471579294
9917,0.991651,0.991701,1,0,0.0224962471579294
9918,0.991751,0.991801,1,0,0.0224962471579294
9919,0.991851,0.991901,1,0,0.0224962471579294
9920,0.991951,0.992001,1,0,0.022520874964839
9921,0.992051,0.992101,1,0,0.022520874964839
9922,0.992151,0.992201,1,0,0.022520874964839
9923,0.992251,0.992301,1,0,0.022520874964839
9924,0.992351,0.992401,1,0,0.022520874964839
9925,0.992451,0.992501,1,0,0.022520874964839
9926,0.992551,0.992601,1,0,0.022520874964839
9927,0.992651,0.992701,1,0,0.022520874964839
9928,0.992751,0.992801,1,0,0.022520874964839
9929,0.992851,0.992901,1,0,0.022520874964839
9930,0.992951,0.993001,1,0,0.0225594695135907
9931,0.993051,0.993101,1,0,0.0225594695135907
9932,0.993151,0.993201,1,0,0.0225594695135907
9933,0.993251,0.993301,1,0,0.0225594695135907
9934,0.993351,0.993401,1,0,0.0225594695135907
9935,0.993451,0.993501,1,0,0.0225594695135907
9936,0.993551,0.993601,1,0,0.0225594695135907
9937,0.993651,0.993701,1,0,0.0225594695135907
9938,0.993751,0.993801,1,0,0.0225594695135907
9939,0.993851,0.993901,1,0,0.0225594695135907
9940,0.993951,0.994001,1,0,0.0225498440444116
9941,0.994051,0.994101,1,0,0.0225498440444116
9942,0.994151,0.994201,1,0,0.0225498440444116
9943,0.994251,0.994301,1,0,0.0225498440444116
9944,0.994351,0.994401,1,0,0.0225498440444116
9945,0.994451,0.994501,1,0,0.0225498440444116
9946,0.994551,0.994601,1,0,0.0225498440444116
9947,0.994651,0.994701,1,0,0.0225498440444116
9948,0.994751,0.994801,1,0,0.0225498440444116
9949,0.994851,0.994901,1,0,0.0225498440444116
9950,0.994951,0.995001,1,0,0.0224867762065449
9951,0.995051,0.995101,1,0,0.0224867762065449
9952,0.995151,0.995201,1,0,0.0224867762065449
9953,0.995251,0.995301,1,0,0.0224867762065449
9954,0.995351,0.995401,1,0,0.0224867762065449
9955,0.995451,0.995501,1,0,0.0224867762065449
9956,0.995551,0.995601,1,0,0.0224867762065449
9957,0.995651,0.995701,1,0,0.0224867762065449
9958,0.995751,0.995801,1,0,0.0224867762065449
9959,0.995851,0.995901,1,0,0.0224867762065449
9960,0.995951,0.996001,1,0,0.0224862904583276
9961,0.996051,0.996101,1,0,0.0224862904583276
9962,0.996151,0.996201,1,0,0.0224862904583276
9963,0.996251,0.996301,1,0,0.0224862904583276
9964,0.996351,0.996401,1,0,0.0224862904583276
9965,0.996451,0.996501,1,0,0.0224862904583276
9966,0.996551,0.996601,1,0,0.0224862904583276
9967,0.996651,0.996701,1,0,0.0224862904583276
9968,0.996751,0.996801,1,0,0.0224862904583276
9969,0.996851,0.996901,1,0,0.0224862904583276
9970,0.996951,0.997001,1,0,0.0225081645711536
9971,0.997051,0.997101,1,0,0.0225081645711536
9972,0.997151,0.997201,1,0,0.0225081645711536
9973,0.997251,0.997301,1,0,0.0225081645711536
9974,0.997351,0.997401,1,0,0.0225081645711536
9975,0.997451,0.997501,1,0,0.0225081645711536
9976,0.997551,0.997601,1,0,0.0225081645711536
9977,0.997651,0.997701,1,0,0.0225081645711536
9978,0.997751,0.997801,1,0,0.0225081645711536
9979,0.997851,0.997901,1,0,0.0225081645711536
9980,0.997951,0.998001,1,0,0.0225196449208888
9981,0.998051,0.998101,1,0,0.0225196449208888
9982,0.998151,0.998201,1,0,0.0225196449208888
9983,0.998251,0.998301,1,0,0.0225196449208888
9984,0.998351,0.998401,1,0,0.0225196449208888
9985,0.998451,0.998501,1,0,0.0225196449208888
9986,0.998551,0.998601,1,0,0.0225196449208888
9987,0.998651,0.998701,1,0,0.0225196449208888
9988,0.998751,0.998801,1,0,0.0225196449208888
9989,0.998851,0.998901,1,0,0.0225196449208888
9990,0.998951,0.999001,1,0,0.0225144415019064
9991,0.999051,0.999101,1,0,0.0225144415019064
9992,0.999151,0.999201,1,0,0.0225144415019064
9993,0.999251,0.999301,1,0,0.0225144415019064
9994,0.999351,0.999401,1,0,0.0225144415019064
9995,0.999451,0.999501,1,0,0.0225144415019064
9996,0.999551,0.999601,1,0,0.0225144415019064
9997,0.999651,0.999701,1,0,0.0225144415019064
9998,0.999751,0.999801,1,0,0.0225144415019064
9999,0.999851,0.999901,1,0,0.0225144415019064
10000,0.999951,1.000001,1,0,0.0225188619561935
10001,1.000051,1.000101,1,0,0.0225188619561935
10002,1.000151,1.000201,1,0,0.0225188619561935
10003,1.000251,1.000301,1,0,0.0225188619561935
10004,1.000351,1.000401,1,0,0.0225188619561935
10005,1.000451,1.000501,1,0,0.0225188619561935
10006,1.000551,1.000601,1,0,0.0225188619561935
10007,1.000651,1.000701,1,0,0.0225188619561935
10008,1.000751,1.000801,1,0,0.0225188619561935
10009,1.000851,1.000901,1,0,0.0225188619561935
10010,1.000951,1.001001,1,0,0.0225020662263407
10011,1.001051,1.001101,1,0,0.0225020662263407
10012,1.001151,1.001201,1,0,0.0225020662263407
10013,1.001251,1.001301,1,0,0.0225020662263407
10014,1.001351,1.001401,1,0,0.0225020662263407
10015,1.001451,1.001501,1,0,0.0225020662263407
10016,1.001551,1.001601,1,0,0.0225020662263407
10017,1.001651,1.001701,1,0,0.0225020662263407
10018,1.001751,1.001801,1,0,0.0225020662263407
10019,1.001851,1.001901,1,0,0.0225020662263407
10020,1.001951,1.002001,1,0,0.0225209304492902
10021,1.002051,1.002101,1,0,0.0225209304492902
10022,1.002151,1.002201,1,0,0.0225209304492902
10023,1.002251,1.002301,1,0,0.0225209304492902
10024,1.002351,1.002401,1,0,0.0225209304492902
10025,1.002451,1.002501,1,0,0.0225209304492902
10026,1.002551,1.002601,1,0,0.0225209304492902
10027,1.002651,1.002701,1,0,0.0225209304492902
10028,1.002751,1.002801,1,0,0.0225209304492902
10029,1.002851,1.002901,1,0,0.0225209304492902
10030,1.002951,1.003001,1,0,0.0225227260494182
10031,1.003051,1.003101,1,0,0.0225227260494182
10032,1.003151,1.003201,1,0,0.0225227260494182
10033,1.003251,1.003301,1,0,0.0225227260494182
10034,1.003351,1.003401,1,0,0.0225227260494182
10035,1.003451,1.003501,1,0,0.0225227260494182
10036,1.003551,1.003601,1,0,0.0225227260494182
10037,1.003651,1.003701,1,0,0.0225227260494182
10038,1.003751,1.003801,1,0,0.0225227260494182
10039,1.003851,1.003901,1,0,0.0225227260494182
10040,1.003951,1.004001,1,0,0.0224913736056451
10041,1.004051,1.004101,1,0,0.0224913736056451
10042,1.004151,1.004201,1,0,0.0224913736056451
10043,1.004251,1.004301,1,0,0.0224913736056451
10044,1.004351,1.004401,1,0,0.0224913736056451
10045,1.004451,1.004501,1,0,0.0224913736056451
10046,1.004551,1.004601,1,0,0.0224913736056451
10047,1.004651,1.004701,1,0,0.0224913736056451
10048,1.004751,1.004801,1,0,0.0224913736056451
10049,1.004851,1.004901,1,0,0.0224913736056451
10050,1.004951,1.005001,1,0,0.0225039651642059
10051,1.005051,1.005101,1,0,0.0225039651642059
10052,1.005151,1.005201,1,0,0.0225039651642059
10053,1.005251,1.005301,1,0,0.0225039651642059
10054,1.005351,1.005401,1,0,0.0225039651642059
10055,1.005451,1.005501,1,0,0.0225039651642059
10056,1.005551,1.005601,1,0,0.0225039651642059
10057,1.005651,1.005701,1,0,0.0225039651642059
10058,1.005751,1.005801,1,0,0.0225039651642059
10059,1.005851,1.005901,1,0,0.0225039651642059
10060,1.005951,1.006001,1,0,0.0225280529413749
10061,1.006051,1.006101,1,0,0.0225280529413749
10062,1.006151,1.006201,1,0,0.0225280529413749
10063,1.006251,1.006301,1,0,0.0225280529413749
10064,1.006351,1.006401,1,0,0.0225280529413749
10065,1.006451,1.006501,1,0,0.0225280529413749
10066,1.006551,1.006601,1,0,0.0225280529413749
10067,1.006651,1.006701,1,0,0.0225280529413749
10068,1.006751,1.006801,1,0,0.0225280529413749
10069,1.006851,1.006901,1,0,0.0225280529413749
10070,1.006951,1.007001,1,0,0.0225660180313356
10071,1.007051,1.007101,1,0,0.0225660180313356
10072,1.007151,1.007201,1,0,0.0225660180313356
10073,1.007251,1.007301,1,0,0.0225660180313356
10074,1.007351,1.007401,1,0,0.0225660180313356
10075,1.007451,1.007501,1,0,0.0225660180313356
10076,1.007551,1.007601,1,0,0.0225660180313356
10077,1.007651,1.007701,1,0,0.0225660180313356
10078,1.007751,1.007801,1,0,0.0225660180313356
10079,1.007851,1.007901,1,0,0.0225660180313356
10080,1.007951,1.008001,1,0,0.02255581258978
10081,1.008051,1.008101,1,0,0.02255581258978
10082,1.008151,1.008201,1,0,0.02255581258978
10083,1.008251,1.008301,1,0,0.02255581258978
10084,1.008351,1.008401,1,0,0.02255581258978
10085,1.008451,1.008501,1,0,0.02255581258978
10086,1.008551,1.008601,1,0,0.02255581258978
10087,1.008651,1.008701,1,0,0.02255581258978
10088,1.008751,1.008801,1,0,0.02255581258978
10089,1.008851,1.008901,1,0,0.02255581258978
10090,1.008951,1.009001,1,0,0.0225264952734268
10091,1.009051,1.009101,1,0,0.0225264952734268
10092,1.009151,1.009201,1,0,0.0225264952734268
10093,1.009251,1.009301,1,0,0.0225264952734268
10094,1.009351,1.009401,1,0,0.0225264952734268
10095,1.009451,1.009501,1,0,0.0225264952734268
10096,1.009551,1.009601,1,0,0.0225264952734268
10097,1.009651,1.009701,1,0,0.0225264952734268
10098,1.009751,1.009801,1,0,0.0225264952734268
10099,1.009851,1.009901,1,0,0.0225264952734268
10100,1.009951,1.010001,1,0,0.02249972604274
10101,1.010051,1.010101,1,0,0.02249972604274
10102,1.010151,1.010201,1,0,0.02249972604274
10103,1.010251,1.010301,1,0,0.02249972604274
10104,1.010351,1.010401,1,0,0.02249972604274
10105,1.010451,1.010501,1,0,0.02249972604274
10106,1.010551,1.010601,1,0,0.02249972604274
10107,1.010651,1.010701,1,0,0.02249972604274
10108,1.010751,1.010801,1,0,0.02249972604274
10109,1.010851,1.010901,1,0,0.02249972604274
10110,1.010951,1.011001,1,0,0.0225137094816957
10111,1.011051,1.011101,1,0,0.0225137094816957
10112,1.011151,1.011201,1,0,0.0225137094816957
10113,1.011251,1.011301,1,0,0.0225137094816957
10114,1.011351,1.011401,1,0,0.0225137094816957
10115,1.011451,1.011501,1,0,0.0225137094816957
10116,1.011551,1.011601,1,0,0.0225137094816957
10117,1.011651,1.011701,1,0,0.0225137094816957
10118,1.011751,1.011801,1,0,0.0225137094816957
10119,1.011851,1.011901,1,0,0.0225137094816957
10120,1.011951,1.012001,1,0,0.0225229068901294
10121,1.012051,1.012101,1,0,0.0225229068901294
10122,1.012151,1.012201,1,0,0.0225229068901294
10123,1.012251,1.012301,1,0,0.0225229068901294
10124,1.012351,1.012401,1,0,0.0225229068901294
10125,1.012451,1.012501,1,0,0.0225229068901294
10126,1.012551,1.012601,1,0,0.0225229068901294
10127,1.012651,1.012701,1,0,0.0225229068901294
10128,1.012751,1.012801,1,0,0.0225229068901294
10129,1.012851,1.012901,1,0,0.0225229068901294
10130,1.012951,1.013001,1,0,0.0225171143552152
10131,1.013051,1.013101,1,0,0.0225171143552152
10132,1.013151,1.013201,1,0,0.0225171143552152
10133,1.013251,1.013301,1,0,0.0225171143552152
10134,1.013351,1.013401,1,0,0.0225171143552152
10135,1.013451,1.013501,1,0,0.0225171143552152
10136,1.013551,1.013601,1,0,0.0225171143552152
10137,1.013651,1.013701,1,0,0.0225171143552152
10138,1.013751,1.013801,1,0,0.0225171143552152
10139,1.013851,1.013901,1,0,0.0225171143552152
10140,1.013951,1.014001,1,0,0.0225380699207844
10141,1.014051,1.014101,1,0,0.0225380699207844
10142,1.014151,1.014201,1,0,0.0225380699207844
10143,1.014251,1.014301,1,0,0.0225380699207844
10144,1.014351,1.014401,1,0,0.0225380699207844
10145,1.014451,1.014501,1,0,0.0225380699207844
10146,1.014551,1.014601,1,0,0.0225380699207844
10147,1.014651,1.014701,1,0,0.0225380699207844
10148,1.014751,1.014801,1,0,0.0225380699207844
10149,1.014851,1.014901,1,0,0.0225380699207844
10150,1.014951,1.015001,1,0,0.0225191659228665
10151,1.015051,1.015101,1,0,0.0225191659228665
10152,1.015151,1.015201,1,0,0.0225191659228665
10153,1.015251,1.015301,1,0,0.0225191659228665
10154,1.015351,1.015401,1,0,0.0225191659228665
10155,1.015451,1.015501,1,0,0.0225191659228665
10156,1.015551,1.015601,1,0,0.0225191659228665
10157,1.015651,1.015701,1,0,0.0225191659228665
10158,1.015751,1.015801,1,0,0.0225191659228665
10159,1.015851,1.015901,1,0,0.0225191659228665
10160,1.015951,1.016001,1,0,0.0225257076082529
10161,1.016051,1.016101,1,0,0.0225257076082529
10162,1.016151,1.016201,1,0,0.0225257076082529
10163,1.016251,1.016301,1,0,0.0225257076082529
10164,1.016351,1.016401,1,0,0.0225257076082529
10165,1.016451,1.016501,1,0,0.0225257076082529
10166,1.016551,1.016601,1,0,0.0225257076082529
10167,1.016651,1.016701,1,0,0.0225257076082529
10168,1.016751,1.016801,1,0,0.0225257076082529
10169,1.016851,1.016901,1,0,0.0225257076082529
10170,1.016951,1.017001,1,0,0.0224846049513109
10171,1.017051,1.017101,1,0,0.0224846049513109
10172,1.017151,1.017201,1,0,0.0224846049513109
10173,1.017251,1.017301,1,0,0.0224846049513109
10174,1.017351,1.017401,1,0,0.0224846049513109
10175,1.017451,1.017501,1,0,0.0224846049513109
10176,1.017551,1.017601,1,0,0.0224846049513109
10177,1.017651,1.017701,1,0,0.0224846049513109
10178,1.017751,1.017801,1,0,0.0224846049513109
10179,1.017851,1.017901,1,0,0.0224846049513109
10180,1.017951,1.018001,1,0,0.0224817335777397
10181,1.018051,1.018101,1,0,0.0224817335777397
10182,1.018151,1.018201,1,0,0.0224817335777397
10183,1.018251,1.018301,1,0,0.0224817335777397
10184,1.018351,1.018401,1,0,0.0224817335777397
10185,1.018451,1.018501,1,0,0.0224817335777397
10186,1.018551,1.018601,1,0,0.0224817335777397
10187,1.018651,1.018701,1,0,0.0224817335777397
10188,1.018751,1.018801,1,0,0.0224817335777397
10189,1.018851,1.018901,1,0,0.0224817335777397
10190,1.018951,1.019001,1,0,0.0225029283116485
10191,1.019051,1.019101,1,0,0.0225029283116485
10192,1.019151,1.019201,1,0,0.0225029283116485
10193,1.019251,1.019301,1,0,0.0225029283116485
10194,1.019351,1.019401,1,0,0.0225029283116485
10195,1.019451,1.019501,1,0,0.0225029283116485
10196,1.019551,1.019601,1,0,0.0225029283116485
10197,1.019651,1.019701,1,0,0.0225029283116485
10198,1.019751,1.019801,1,0,0.0225029283116485
10199,1.019851,1.019901,1,0,0.0225029283116485
10200,1.019951,1.020001,1,0,0.0225295571355151
10201,1.020051,1.020101,1,0,0.0225295571355151
10202,1.020151,1.020201,1,0,0.0225295571355151
10203,1.020251,1.020301,1,0,0.0225295571355151
10204,1.020351,1.020401,1,0,0.0225295571355151
10205,1.020451,1.020501,1,0,0.0225295571355151
10206,1.020551,1.020601,1,0,0.0225295571355151
10207,1.020651,1.020701,1,0,0.0225295571355151
10208,1.020751,1.020801,1,0,0.0225295571355151
10209,1.020851,1.020901,1,0,0.0225295571355151
10210,1.020951,1.021001,1,0,0.0225682226655363
10211,1.021051,1.021101,1,0,0.0225682226655363
10212,1.021151,1.021201,1,0,0.0225682226655363
10213,1.021251,1.021301,1,0,0.0225682226655363
10214,1.021351,1.021401,1,0,0.0225682226655363
10215,1.021451,1.021501,1,0,0.0225682226655363
10216,1.021551,1.021601,1,0,0.0225682226655363
10217,1.021651,1.021701,1,0,0.0225682226655363
10218,1.021751,1.021801,1,0,0.0225682226655363
10219,1.021851,1.021901,1,0,0.0225682226655363
10220,1.021951,1.022001,1,0,0.0225092239980677
10221,1.022051,1.022101,1,0,0.0225092239980677
10222,1.022151,1.022201,1,0,0.0225092239980677
10223,1.022251,1.022301,1,0,0.0225092239980677
10224,1.022351,1.022401,1,0,0.0225092239980677
10225,1.022451,1.022501,1,0,0.0225092239980677
10226,1.022551,1.022601,1,0,0.0225092239980677
10227,1.022651,1.022701,1,0,0.0225092239980677
10228,1.022751,1.022801,1,0,0.0225092239980677
10229,1.022851,1.022901,1,0,0.0225092239980677
10230,1.022951,1.023001,1,0,0.022475008311756
10231,1.023051,1.023101,1,0,0.022475008311756
10232,1.023151,1.023201,1,0,0.022475008311756
10233,1.023251,1.023301,1,0,0.022475008311756
10234,1.023351,1.023401,1,0,0.022475008311756
10235,1.023451,1.023501,1,0,0.022475008311756
10236,1.023551,1.023601,1,0,0.022475008311756
10237,1.023651,1.023701,1,0,0.022475008311756
10238,1.023751,1.023801,1,0,0.022475008311756
10239,1.023851,1.023901,1,0,0.022475008311756
10240,1.023951,1.024001,1,0,0.0224880849462788
10241,1.024051,1.024101,1,0,0.0224880849462788
10242,1.024151,1.024201,1,0,0.0224880849462788
10243,1.024251,1.024301,1,0,0.0224880849462788
10244,1.024351,1.024401,1,0,0.0224880849462788
10245,1.024451,1.024501,1,0,0.0224880849462788
10246,1.024551,1.024601,1,0,0.0224880849462788
10247,1.024651,1.024701,1,0,0.0224880849462788
10248,1.024751,1.024801,1,0,0.0224880849462788
10249,1.024851,1.024901,1,0,0.0224880849462788
10250,1.024951,1.025001,1,0,0.0225134786000907
10251,1.025051,1.025101,1,0,0.0225134786000907
10252,1.025151,1.025201,1,0,0.0225134786000907
10253,1.025251,1.025301,1,0,0.0225134786000907
10254,1.025351,1.025401,1,0,0.0225134786000907
10255,1.025451,1.025501,1,0,0.0225134786000907
10256,1.025551,1.025601,1,0,0.0225134786000907
10257,1.025651,1.025701,1,0,0.0225134786000907
10258,1.025751,1.025801,1,0,0.0225134786000907
10259,1.025851,1.025901,1,0,0.0225134786000907
10260,1.025951,1.026001,1,0,0.0225408394066226
10261,1.026051,1.026101,1,0,0.0225408394066226
10262,1.026151,1.026201,1,0,0.0225408394066226
10263,1.026251,1.026301,1,0,0.0225408394066226
10264,1.026351,1.026401,1,0,0.0225408394066226
10265,1.026451,1.026501,1,0,0.0225408394066226
10266,1.026551,1.026601,1,0,0.0225408394066226
10267,1.026651,1.026701,1,0,0.0225408394066226
10268,1.026751,1.026801,1,0,0.0225408394066226
10269,1.026851,1.026901,1,0,0.0225408394066226
10270,1.026951,1.027001,1,0,0.0225519607899536
10271,1.027051,1.027101,1,0,0.0225519607899536
10272,1.027151,1.027201,1,0,0.0225519607899536
10273,1.027251,1.027301,1,0,0.0225519607899536
10274,1.027351,1.027401,1,0,0.0225519607899536
10275,1.027451,1.027501,1,0,0.0225519607899536
10276,1.027551,1.027601,1,0,0.0225519607899536
10277,1.027651,1.027701,1,0,0.0225519607899536
10278,1.027751,1.027801,1,0,0.0225519607899536
10279,1.027851,1.027901,1,0,0.0225519607899536
10280,1.027951,1.028001,1,0,0.0225449370764056
10281,1.028051,1.028101,1,0,0.0225449370764056
10282,1.028151,1.028201,1,0,0.0225449370764056
10283,1.028251,1.028301,1,0,0.0225449370764056
10284,1.028351,1.028401,1,0,0.0225449370764056
10285,1.028451,1.028501,1,0,0.0225449370764056
10286,1.028551,1.028601,1,0,0.0225449370764056
10287,1.028651,1.028701,1,0,0.0225449370764056
10288,1.028751,1.028801,1,0,0.0225449370764056
10289,1.028851,1.028901,1,0,0.0225449370764056
10290,1.028951,1.029001,1,0,0.0225177886213561
10291,1.029051,1.029101,1,0,0.0225177886213561
10292,1.029151,1.029201,1,0,0.0225177886213561
10293,1.029251,1.029301,1,0,0.0225177886213561
10294,1.029351,1.029401,1,0,0.0225177886213561
10295,1.029451,1.029501,1,0,0.0225177886213561
10296,1.029551,1.029601,1,0,0.0225177886213561
10297,1.029651,1.029701,1,0,0.0225177886213561
10298,1.029751,1.029801,1,0,0.0225177886213561
10299,1.029851,1.029901,1,0,0.0225177886213561
10300,1.029951,1.030001,1,0,0.0225220726050697
10301,1.030051,1.030101,1,0,0.0225220726050697
10302,1.030151,1.030201,1,0,0.0225220726050697
10303,1.030251,1.030301,1,0,0.0225220726050697
10304,1.030351,1.030401,1,0,0.0225220726050697
10305,1.030451,1.030501,1,0,0.0225220726050697
10306,1.030551,1.030601,1,0,0.0225220726050697
10307,1.030651,1.030701,1,0,0.0225220726050697
10308,1.030751,1.030801,1,0,0.0225220726050697
10309,1.030851,1.030901,1,0,0.0225220726050697
10310,1.030951,1.031001,1,0,0.0224805047579779
10311,1.031051,1.031101,1,0,0.0224805047579779
10312,1.031151,1.031201,1,0,0.0224805047579779
10313,1.031251,1.031301,1,0,0.0224805047579779
10314,1.031351,1.031401,1,0,0.0224805047579779
10315,1.031451,1.031501,1,0,0.0224805047579779
10316,1.031551,1.031601,1,0,0.0224805047579779
10317,1.031651,1.031701,1,0,0.0224805047579779
10318,1.031751,1.031801,1,0,0.0224805047579779
10319,1.031851,1.031901,1,0,0.0224805047579779
10320,1.031951,1.032001,1,0,0.0224776797601603
10321,1.032051,1.032101,1,0,0.0224776797601603
10322,1.032151,1.032201,1,0,0.0224776797601603
10323,1.032251,1.032301,1,0,0.0224776797601603
10324,1.032351,1.032401,1,0,0.0224776797601603
10325,1.032451,1.032501,1,0,0.0224776797601603
10326,1.032551,1.032601,1,0,0.0224776797601603
10327,1.032651,1.032701,1,0,0.0224776797601603
10328,1.032751,1.032801,1,0,0.0224776797601603
10329,1.032851,1.032901,1,0,0.0224776797601603
10330,1.032951,1.033001,1,0,0.0224990412397672
10331,1.033051,1.033101,1,0,0.0224990412397672
10332,1.033151,1.033201,1,0,0.0224990412397672
10333,1.033251,1.033301,1,0,0.0224990412397672
10334,1.033351,1.033401,1,0,0.0224990412397672
10335,1.033451,1.033501,1,0,0.0224990412397672
10336,1.033551,1.033601,1,0,0.0224990412397672
10337,1.033651,1.033701,1,0,0.0224990412397672
10338,1.033751,1.033801,1,0,0.0224990412397672
10339,1.033851,1.033901,1,0,0.0224990412397672
10340,1.033951,1.034001,1,0,0.022525848682615
10341,1.034051,1.034101,1,0,0.022525848682615
10342,1.034151,1.034201,1,0,0.022525848682615
10343,1.034251,1.034301,1,0,0.022525848682615
10344,1.034351,1.034401,1,0,0.022525848682615
10345,1.034451,1.034501,1,0,0.022525848682615
10346,1.034551,1.034601,1,0,0.022525848682615
10347,1.034651,1.034701,1,0,0.022525848682615
10348,1.034751,1.034801,1,0,0.022525848682615
10349,1.034851,1.034901,1,0,0.022525848682615
10350,1.034951,1.035001,1,0,0.0225392463991198
10351,1.035051,1.035101,1,0,0.0225392463991198
10352,1.035151,1.035201,1,0,0.0225392463991198
10353,1.035251,1.035301,1,0,0.0225392463991198
10354,1.035351,1.035401,1,0,0.0225392463991198
10355,1.035451,1.035501,1,0,0.0225392463991198
10356,1.035551,1.035601,1,0,0.0225392463991198
10357,1.035651,1.035701,1,0,0.0225392463991198
10358,1.035751,1.035801,1,0,0.0225392463991198
10359,1.035851,1.035901,1,0,0.0225392463991198
10360,1.035951,1.036001,1,0,0.0225496067014664
10361,1.036051,1.036101,1,0,0.0225496067014664
10362,1.036151,1.036201,1,0,0.0225496067014664
10363,1.036251,1.036301,1,0,0.0225496067014664
10364,1.036351,1.036401,1,0,0.0225496067014664
10365,1.036451,1.036501,1,0,0.0225496067014664
10366,1.036551,1.036601,1,0,0.0225496067014664
10367,1.036651,1.036701,1,0,0.0225496067014664
10368,1.036751,1.036801,1,0,0.0225496067014664
10369,1.036851,1.036901,1,0,0.0225496067014664
10370,1.036951,1.037001,1,0,0.0224919807135648
10371,1.037051,1.037101,1,0,0.0224919807135648
10372,1.037151,1.037201,1,0,0.0224919807135648
10373,1.037251,1.037301,1,0,0.0224919807135648
10374,1.037351,1.037401,1,0,0.0224919807135648
10375,1.037451,1.037501,1,0,0.0224919807135648
10376,1.037551,1.037601,1,0,0.0224919807135648
10377,1.037651,1.037701,1,0,0.0224919807135648
10378,1.037751,1.037801,1,0,0.0224919807135648
10379,1.037851,1.037901,1,0,0.0224919807135648
10380,1.037951,1.038001,1,0,0.02249259415915
10381,1.038051,1.038101,1,0,0.02249259415915
10382,1.038151,1.038201,1,0,0.02249259415915
10383,1.038251,1.038301,1,0,0.02249259415915
10384,1.038351,1.038401,1,0,0.02249259415915
10385,1.038451,1.038501,1,0,0.02249259415915
10386,1.038551,1.038601,1,0,0.02249259415915
10387,1.038651,1.038701,1,0,0.02249259415915
10388,1.038751,1.038801,1,0,0.02249259415915
10389,1.038851,1.038901,1,0,0.02249259415915
10390,1.038951,1.039001,1,0,0.0225143254445531
10391,1.039051,1.039101,1,0,0.0225143254445531
10392,1.039151,1.039201,1,0,0.0225143254445531
10393,1.039251,1.039301,1,0,0.0225143254445531
10394,1.039351,1.039401,1,0,0.0225143254445531
10395,1.039451,1.039501,1,0,0.0225143254445531
10396,1.039551,1.039601,1,0,0.0225143254445531
10397,1.039651,1.039701,1,0,0.0225143254445531
10398,1.039751,1.039801,1,0,0.0225143254445531
10399,1.039851,1.039901,1,0,0.0225143254445531
10400,1.039951,1.040001,1,0,0.0225253561416851
10401,1.040051,1.040101,1,0,0.0225253561416851
10402,1.040151,1.040201,1,0,0.0225253561416851
10403,1.040251,1.040301,1,0,0.0225253561416851
10404,1.040351,1.040401,1,0,0.0225253561416851
10405,1.040451,1.040501,1,0,0.0225253561416851
10406,1.040551,1.040601,1,0,0.0225253561416851
10407,1.040651,1.040701,1,0,0.0225253561416851
10408,1.040751,1.040801,1,0,0.0225253561416851
10409,1.040851,1.040901,1,0,0.0225253561416851
10410,1.040951,1.041001,1,0,0.0225196745713818
10411,1.041051,1.041101,1,0,0.0225196745713818
10412,1.041151,1.041201,1,0,0.0225196745713818
10413,1.041251,1.041301,1,0,0.0225196745713818
10414,1.041351,1.041401,1,0,0.0225196745713818
10415,1.041451,1.041501,1,0,0.0225196745713818
10416,1.041551,1.041601,1,0,0.0225196745713818
10417,1.041651,1.041701,1,0,0.0225196745713818
10418,1.041751,1.041801,1,0,0.0225196745713818
10419,1.041851,1.041901,1,0,0.0225196745713818
10420,1.041951,1.042001,1,0,0.0225402892006197
10421,1.042051,1.042101,1,0,0.0225402892006197
10422,1.042151,1.042201,1,0,0.0225402892006197
10423,1.042251,1.042301,1,0,0.0225402892006197
10424,1.042351,1.042401,1,0,0.0225402892006197
10425,1.042451,1.042501,1,0,0.0225402892006197
10426,1.042551,1.042601,1,0,0.0225402892006197
10427,1.042651,1.042701,1,0,0.0225402892006197
10428,1.042751,1.042801,1,0,0.0225402892006197
10429,1.042851,1.042901,1,0,0.0225402892006197
10430,1.042951,1.043001,1,0,0.0225209672975123
10431,1.043051,1.043101,1,0,0.0225209672975123
10432,1.043151,1.043201,1,0,0.0225209672975123
10433,1.043251,1.043301,1,0,0.0225209672975123
10434,1.043351,1.043401,1,0,0.0225209672975123
10435,1.043451,1.043501,1,0,0.0225209672975123
10436,1.043551,1.043601,1,0,0.0225209672975123
10437,1.043651,1.043701,1,0,0.0225209672975123
10438,1.043751,1.043801,1,0,0.0225209672975123
10439,1.043851,1.043901,1,0,0.0225209672975123
10440,1.043951,1.044001,1,0,0.0225271172278226
10441,1.044051,1.044101,1,0,0.0225271172278226
10442,1.044151,1.044201,1,0,0.0225271172278226
10443,1.044251,1.044301,1,0,0.0225271172278226
10444,1.044351,1.044401,1,0,0.0225271172278226
10445,1.044451,1.044501,1,0,0.0225271172278226
10446,1.044551,1.044601,1,0,0.0225271172278226
10447,1.044651,1.044701,1,0,0.0225271172278226
10448,1.044751,1.044801,1,0,0.0225271172278226
10449,1.044851,1.044901,1,0,0.0225271172278226
10450,1.044951,1.045001,1,0,0.0224856765961912
10451,1.045051,1.045101,1,0,0.0224856765961912
10452,1.045151,1.045201,1,0,0.0224856765961912
10453,1.045251,1.045301,1,0,0.0224856765961912
10454,1.045351,1.045401,1,0,0.0224856765961912
10455,1.045451,1.045501,1,0,0.0224856765961912
10456,1.045551,1.045601,1,0,0.0224856765961912
10457,1.045651,1.045701,1,0,0.0224856765961912
10458,1.045751,1.045801,1,0,0.0224856765961912
10459,1.045851,1.045901,1,0,0.0224856765961912
10460,1.045951,1.046001,1,0,0.0224825192818102
10461,1.046051,1.046101,1,0,0.0224825192818102
10462,1.046151,1.046201,1,0,0.0224825192818102
10463,1.046251,1.046301,1,0,0.0224825192818102
10464,1.046351,1.046401,1,0,0.0224825192818102
10465,1.046451,1.046501,1,0,0.0224825192818102
10466,1.046551,1.046601,1,0,0.0224825192818102
10467,1.046651,1.046701,1,0,0.0224825192818102
10468,1.046751,1.046801,1,0,0.0224825192818102
10469,1.046851,1.046901,1,0,0.0224825192818102
10470,1.046951,1.047001,1,0,0.0225034690757338
10471,1.047051,1.047101,1,0,0.0225034690757338
10472,1.047151,1.047201,1,0,0.0225034690757338
10473,1.047251,1.047301,1,0,0.0225034690757338
10474,1.047351,1.047401,1,0,0.0225034690757338
10475,1.047451,1.047501,1,0,0.0225034690757338
10476,1.047551,1.047601,1,0,0.0225034690757338
10477,1.047651,1.047701,1,0,0.0225034690757338
10478,1.047751,1.047801,1,0,0.0225034690757338
10479,1.047851,1.047901,1,0,0.0225034690757338
10480,1.047951,1.048001,1,0,0.0225298857446142
10481,1.048051,1.048101,1,0,0.0225298857446142
10482,1.048151,1.048201,1,0,0.0225298857446142
10483,1.048251,1.048301,1,0,0.0225298857446142
10484,1.048351,1.048401,1,0,0.0225298857446142
10485,1.048451,1.048501,1,0,0.0225298857446142
10486,1.048551,1.048601,1,0,0.0225298857446142
10487,1.048651,1.048701,1,0,0.0225298857446142
10488,1.048751,1.048801,1,0,0.0225298857446142
10489,1.048851,1.048901,1,0,0.0225298857446142
10490,1.048951,1.049001,1,0,0.0225683725277448
10491,1.049051,1.049101,1,0,0.0225683725277448
10492,1.049151,1.049201,1,0,0.0225683725277448
10493,1.049251,1.049301,1,0,0.0225683725277448
10494,1.049351,1.049401,1,0,0.0225683725277448
10495,1.049451,1.049501,1,0,0.0225683725277448
10496,1.049551,1.049601,1,0,0.0225683725277448
10497,1.049651,1.049701,1,0,0.0225683725277448
10498,1.049751,1.049801,1,0,0.0225683725277448
10499,1.049851,1.049901,1,0,0.0225683725277448
10500,1.049951,1.050001,1,0,0.0225092269504604
10501,1.050051,1.050101,1,0,0.0225092269504604
10502,1.050151,1.050201,1,0,0.0225092269504604
10503,1.050251,1.050301,1,0,0.0225092269504604
10504,1.050351,1.050401,1,0,0.0225092269504604
10505,1.050451,1.050501,1,0,0.0225092269504604
10506,1.050551,1.050601,1,0,0.0225092269504604
10507,1.050651,1.050701,1,0,0.0225092269504604
10508,1.050751,1.050801,1,0,0.0225092269504604
10509,1.050851,1.050901,1,0,0.0225092269504604
10510,1.050951,1.051001,1,0,0.0135309629789217
10511,1.051051,1.051101,1,0,0.0135309629789217
10512,1.051151,1.051201,1,0,0.0135309629789217
10513,1.051251,1.051301,1,0,0.0135309629789217
10514,1.051351,1.051401,1,0,0.0135309629789217
10515,1.051451,1.051501,1,0,0.0135309629789217
10516,1.051551,1.051601,1,0,0.0135309629789217
10517,1.051651,1.051701,1,0,0.0135309629789217
10518,1.051751,1.051801,1,0,0.0135309629789217
10519,1.051851,1.051901,1,0,0.0135309629789217
10520,1.051951,1.052001,1,0,0.00598986309648308
10521,1.052051,1.052101,1,0,0.00598986309648308
10522,1.052151,1.052201,1,0,0.00598986309648308
10523,1.052251,1.052301,1,0,0.00598986309648308
10524,1.052351,1.052401,1,0,0.00598986309648308
10525,1.052451,1.052501,1,0,0.00598986309648308
10526,1.052551,1.052601,1,0,0.00598986309648308
10527,1.052651,1.052701,1,0,0.00598986309648308
10528,1.052751,1.052801,1,0,0.00598986309648308
10529,1.052851,1.052901,1,0,0.00598986309648308
10530,1.052951,1.053001,1,0,0.00155569793180425
10531,1.053051,1.053101,1,0,0.00155569793180425
10532,1.053151,1.053201,1,0,0.00155569793180425
10533,1.053251,1.053301,1,0,0.00155569793180425
10534,1.053351,1.053401,1,0,0.00155569793180425
10535,1.053451,1.053501,1,0,0.00155569793180425
10536,1.053551,1.053601,1,0,0.00155569793180425
10537,1.053651,1.053701,1,0,0.00155569793180425
10538,1.053751,1.053801,1,0,0.00155569793180425
10539,1.053851,1.053901,1,0,0.00155569793180425
10540,1.053951,1.054001,1,0,-0.00105727834790029
10541,1.054051,1.054101,1,0,-0.00105727834790029
10542,1.054151,1.054201,1,0,-0.00105727834790029
10543,1.054251,1.054301,1,0,-0.00105727834790029
10544,1.054351,1.054401,1,0,-0.00105727834790029
10545,1.054451,1.054501,1,0,-0.00105727834790029
10546,1.054551,1.054601,1,0,-0.00105727834790029
10547,1.054651,1.054701,1,0,-0.00105727834790029
10548,1.054751,1.054801,1,0,-0.00105727834790029
10549,1.054851,1.054901,1,0,-0.00105727834790029
10550,1.054951,1.055001,1,0,-0.00290147503091229
10551,1.055051,1.055101,1,0,-0.00290147503091229
10552,1.055151,1.055201,1,0,-0.00290147503091229
10553,1.055251,1.055301,1,0,-0.00290147503091229
10554,1.055351,1.055401,1,0,-0.00290147503091229
10555,1.055451,1.055501,1,0,-0.00290147503091229
10556,1.055551,1.055601,1,0,-0.00290147503091229
10557,1.055651,1.055701,1,0,-0.00290147503091229
10558,1.055751,1.055801,1,0,-0.00290147503091229
10559,1.055851,1.055901,1,0,-0.00290147503091229
10560,1.055951,1.056001,1,0,-0.00461897072512419
10561,1.056051,1.056101,1,0,-0.00461897072512419
10562,1.056151,1.056201,1,0,-0.00461897072512419
10563,1.056251,1.056301,1,0,-0.00461897072512419
10564,1.056351,1.056401,1,0,-0.00461897072512419
10565,1.056451,1.056501,1,0,-0.00461897072512419
10566,1.056551,1.056601,1,0,-0.00461897072512419
10567,1.056651,1.056701,1,0,-0.00461897072512419
10568,1.056751,1.056801,1,0,-0.00461897072512419
10569,1.056851,1.056901,1,0,-0.00461897072512419
10570,1.056951,1.057001,1,0,-0.00633510787757265
10571,1.057051,1.057101,1,0,-0.00633510787757265
10572,1.057151,1.057201,1,0,-0.00633510787757265
10573,1.057251,1.057301,1,0,-0.00633510787757265
10574,1.057351,1.057401,1,0,-0.00633510787757265
10575,1.057451,1.057501,1,0,-0.00633510787757265
10576,1.057551,1.057601,1,0,-0.00633510787757265
10577,1.057651,1.057701,1,0,-0.00633510787757265
10578,1.057751,1.057801,1,0,-0.00633510787757265
10579,1.057851,1.057901,1,0,-0.00633510787757265
10580,1.057951,1.058001,1,0,-0.00804372763831469
10581,1.058051,1.058101,1,0,-0.00804372763831469
10582,1.058151,1.058201,1,0,-0.00804372763831469
10583,1.058251,1.058301,1,0,-0.00804372763831469
10584,1.058351,1.058401,1,0,-0.00804372763831469
10585,1.058451,1.058501,1,0,-0.00804372763831469
10586,1.058551,1.058601,1,0,-0.00804372763831469
10587,1.058651,1.058701,1,0,-0.00804372763831469
10588,1.058751,1.058801,1,0,-0.00804372763831469
10589,1.058851,1.058901,1,0,-0.00804372763831469
10590,1.058951,1.059001,1,0,-0.00973632667601005
10591,1.059051,1.059101,1,0,-0.00973632667601005
10592,1.059151,1.059201,1,0,-0.00973632667601005
10593,1.059251,1.059301,1,0,-0.00973632667601005
10594,1.059351,1.059401,1,0,-0.00973632667601005
10595,1.059451,1.059501,1,0,-0.00973632667601005
10596,1.059551,1.059601,1,0,-0.00973632667601005
10597,1.059651,1.059701,1,0,-0.00973632667601005
10598,1.059751,1.059801,1,0,-0.00973632667601005
10599,1.059851,1.059901,1,0,-0.00973632667601005
10600,1.059951,1.060001,1,0,-0.0114116449821091
10601,1.060051,1.060101,1,0,-0.0114116449821091
10602,1.060151,1.060201,1,0,-0.0114116449821091
10603,1.060251,1.060301,1,0,-0.0114116449821091
10604,1.060351,1.060401,1,0,-0.0114116449821091
10605,1.060451,1.060501,1,0,-0.0114116449821091
10606,1.060551,1.060601,1,0,-0.0114116449821091
10607,1.060651,1.060701,1,0,-0.0114116449821091
10608,1.060751,1.060801,1,0,-0.0114116449821091
10609,1.060851,1.060901,1,0,-0.0114116449821091
10610,1.060951,1.061001,1,0,-0.0130633906532475
10611,1.061051,1.061101,1,0,-0.0130633906532475
10612,1.061151,1.061201,1,0,-0.0130633906532475
10613,1.061251,1.061301,1,0,-0.0130633906532475
10614,1.061351,1.061401,1,0,-0.0130633906532475
10615,1.061451,1.061501,1,0,-0.0130633906532475
10616,1.061551,1.061601,1,0,-0.0130633906532475
10617,1.061651,1.061701,1,0,-0.0130633906532475
10618,1.061751,1.061801,1,0,-0.0130633906532475
10619,1.061851,1.061901,1,0,-0.0130633906532475
10620,1.061951,1.062001,1,0,-0.0146871648871607
10621,1.062051,1.062101,1,0,-0.0146871648871607
10622,1.062151,1.062201,1,0,-0.0146871648871607
10623,1.062251,1.062301,1,0,-0.0146871648871607
10624,1.062351,1.062401,1,0,-0.0146871648871607
10625,1.062451,1.062501,1,0,-0.0146871648871607
10626,1.062551,1.062601,1,0,-0.0146871648871607
10627,1.062651,1.062701,1,0,-0.0146871648871607
10628,1.062751,1.062801,1,0,-0.0146871648871607
10629,1.062851,1.062901,1,0,-0.0146871648871607
10630,1.062951,1.063001,1,0,-0.0162761276348684
10631,1.063051,1.063101,1,0,-0.0162761276348684
10632,1.063151,1.063201,1,0,-0.0162761276348684
10633,1.063251,1.063301,1,0,-0.0162761276348684
10634,1.063351,1.063401,1,0,-0.0162761276348684
10635,1.063451,1.063501,1,0,-0.0162761276348684
10636,1.063551,1.063601,1,0,-0.0162761276348684
10637,1.063651,1.063701,1,0,-0.0162761276348684
10638,1.063751,1.063801,1,0,-0.0162761276348684
10639,1.063851,1.063901,1,0,-0.0162761276348684
10640,1.063951,1.064001,1,0,-0.0176380640989891
10641,1.064051,1.064101,1,0,-0.0176380640989891
10642,1.064151,1.064201,1,0,-0.0176380640989891
10643,1.064251,1.064301,1,0,-0.0176380640989891
10644,1.064351,1.064401,1,0,-0.0176380640989891
10645,1.064451,1.064501,1,0,-0.0176380640989891
10646,1.064551,1.064601,1,0,-0.0176380640989891
10647,1.064651,1.064701,1,0,-0.0176380640989891
10648,1.064751,1.064801,1,0,-0.0176380640989891
10649,1.064851,1.064901,1,0,-0.0176380640989891
10650,1.064951,1.065001,1,0,-0.0145989619644751
10651,1.065051,1.065101,1,0,-0.0145989619644751
10652,1.065151,1.065201,1,0,-0.0145989619644751
10653,1.065251,1.065301,1,0,-0.0145989619644751
10654,1.065351,1.065401,1,0,-0.0145989619644751
10655,1.065451,1.065501,1,0,-0.0145989619644751
10656,1.065551,1.065601,1,0,-0.0145989619644751
10657,1.065651,1.065701,1,0,-0.0145989619644751
10658,1.065751,1.065801,1,0,-0.0145989619644751
10659,1.065851,1.065901,1,0,-0.0145989619644751
10660,1.065951,1.066001,1,0,-0.00983057876418451
10661,1.066051,1.066101,1,0,-0.00983057876418451
10662,1.066151,1.066201,1,0,-0.00983057876418451
10663,1.066251,1.066301,1,0,-0.00983057876418451
10664,1.066351,1.066401,1,0,-0.00983057876418451
10665,1.066451,1.066501,1,0,-0.00983057876418451
10666,1.066551,1.066601,1,0,-0.00983057876418451
10667,1.066651,1.066701,1,0,-0.00983057876418451
10668,1.066751,1.066801,1,0,-0.00983057876418451
10669,1.066851,1.066901,1,0,-0.00983057876418451
10670,1.066951,1.067001,1,0,-0.00581024522001418
10671,1.067051,1.067101,1,0,-0.00581024522001418
10672,1.067151,1.067201,1,0,-0.00581024522001418
10673,1.067251,1.067301,1,0,-0.00581024522001418
10674,1.067351,1.067401,1,0,-0.00581024522001418
10675,1.067451,1.067501,1,0,-0.00581024522001418
10676,1.067551,1.067601,1,0,-0.00581024522001418
10677,1.067651,1.067701,1,0,-0.00581024522001418
10678,1.067751,1.067801,1,0,-0.00581024522001418
10679,1.067851,1.067901,1,0,-0.00581024522001418
10680,1.067951,1.068001,1,0,-0.00340763605396834
10681,1.068051,1.068101,1,0,-0.00340763605396834
10682,1.068151,1.068201,1,0,-0.00340763605396834
10683,1.068251,1.068301,1,0,-0.00340763605396834
10684,1.068351,1.068401,1,0,-0.00340763605396834
10685,1.068451,1.068501,1,0,-0.00340763605396834
10686,1.068551,1.068601,1,0,-0.00340763605396834
10687,1.068651,1.068701,1,0,-0.00340763605396834
10688,1.068751,1.068801,1,0,-0.00340763605396834
10689,1.068851,1.068901,1,0,-0.00340763605396834
10690,1.068951,1.069001,1,0,-0.00190563719232844
10691,1.069051,1.069101,1,0,-0.00190563719232844
10692,1.069151,1.069201,1,0,-0.00190563719232844
10693,1.069251,1.069301,1,0,-0.00190563719232844
10694,1.069351,1.069401,1,0,-0.00190563719232844
10695,1.069451,1.069501,1,0,-0.00190563719232844
10696,1.069551,1.069601,1,0,-0.00190563719232844
10697,1.069651,1.069701,1,0,-0.00190563719232844
10698,1.069751,1.069801,1,0,-0.00190563719232844
10699,1.069851,1.069901,1,0,-0.00190563719232844
10700,1.069951,1.070001,1,0,-0.000985885260920349
10701,1.070051,1.070101,1,0,-0.000985885260920349
10702,1.070151,1.070201,1,0,-0.000985885260920349
10703,1.070251,1.070301,1,0,-0.000985885260920349
10704,1.070351,1.070401,1,0,-0.000985885260920349
10705,1.070451,1.070501,1,0,-0.000985885260920349
10706,1.070551,1.070601,1,0,-0.000985885260920349
10707,1.070651,1.070701,1,0,-0.000985885260920349
10708,1.070751,1.070801,1,0,-0.000985885260920349
10709,1.070851,1.070901,1,0,-0.000985885260920349
10710,1.070951,1.071001,1,0,-0.000463941004143208
10711,1.071051,1.071101,1,0,-0.000463941004143208
10712,1.071151,1.071201,1,0,-0.000463941004143208
10713,1.071251,1.071301,1,0,-0.000463941004143208
10714,1.071351,1.071401,1,0,-0.000463941004143208
10715,1.071451,1.071501,1,0,-0.000463941004143208
10716,1.071551,1.071601,1,0,-0.000463941004143208
10717,1.071651,1.071701,1,0,-0.000463941004143208
10718,1.071751,1.071801,1,0,-0.000463941004143208
10719,1.071851,1.071901,1,0,-0.000463941004143208
10720,1.071951,1.072001,1,0,-0.000270250323568085
10721,1.072051,1.072101,1,0,-0.000270250323568085
10722,1.072151,1.072201,1,0,-0.000270250323568085
10723,1.072251,1.072301,1,0,-0.000270250323568085
10724,1.072351,1.072401,1,0,-0.000270250323568085
10725,1.072451,1.072501,1,0,-0.000270250323568085
10726,1.072551,1.072601,1,0,-0.000270250323568085
10727,1.072651,1.072701,1,0,-0.000270250323568085
10728,1.072751,1.072801,1,0,-0.000270250323568085
10729,1.072851,1.072901,1,0,-0.000270250323568085
10730,1.072951,1.073001,1,0,-7.07467386880003e-05
10731,1.073051,1.073101,1,0,-7.07467386880003e-05
10732,1.073151,1.073201,1,0,-7.07467386880003e-05
10733,1.073251,1.073301,1,0,-7.07467386880003e-05
10734,1.073351,1.073401,1,0,-7.07467386880003e-05
10735,1.073451,1.073501,1,0,-7.07467386880003e-05
10736,1.073551,1.073601,1,0,-7.07467386880003e-05
10737,1.073651,1.073701,1,0,-7.07467386880003e-05
10738,1.073751,1.073801,1,0,-7.07467386880003e-05
10739,1.073851,1.073901,1,0,-7.07467386880003e-05
10740,1.073951,1.074001,1,0,0.000138888626599256
10741,1.074051,1.074101,1,0,0.000138888626599256
10742,1.074151,1.074201,1,0,0.000138888626599256
10743,1.074251,1.074301,1,0,0.000138888626599256
10744,1.074351,1.074401,1,0,0.000138888626599256
10745,1.074451,1.074501,1,0,0.000138888626599256
10746,1.074551,1.074601,1,0,0.000138888626599256
10747,1.074651,1.074701,1,0,0.000138888626599256
10748,1.074751,1.074801,1,0,0.000138888626599256
10749,1.074851,1.074901,1,0,0.000138888626599256
10750,1.074951,1.075001,1,0,0.000356835837000974
10751,1.075051,1.075101,1,0,0.000356835837000974
10752,1.075151,1.075201,1,0,0.000356835837000974
10753,1.075251,1.075301,1,0,0.000356835837000974
10754,1.075351,1.075401,1,0,0.000356835837000974
10755,1.075451,1.075501,1,0,0.000356835837000974
10756,1.075551,1.075601,1,0,0.000356835837000974
10757,1.075651,1.075701,1,0,0.000356835837000974
10758,1.075751,1.075801,1,0,0.000356835837000974
10759,1.075851,1.075901,1,0,0.000356835837000974
10760,1.075951,1.076001,1,0,0.000581914433424968
10761,1.076051,1.076101,1,0,0.000581914433424968
10762,1.076151,1.076201,1,0,0.000581914433424968
10763,1.076251,1.076301,1,0,0.000581914433424968
10764,1.076351,1.076401,1,0,0.000581914433424968
10765,1.076451,1.076501,1,0,0.000581914433424968
10766,1.076551,1.076601,1,0,0.000581914433424968
10767,1.076651,1.076701,1,0,0.000581914433424968
10768,1.076751,1.076801,1,0,0.000581914433424968
10769,1.076851,1.076901,1,0,0.000581914433424968
10770,1.076951,1.077001,1,0,0.000806187749340577
10771,1.077051,1.077101,1,0,0.000806187749340577
10772,1.077151,1.077201,1,0,0.000806187749340577
10773,1.077251,1.077301,1,0,0.000806187749340577
10774,1.077351,1.077401,1,0,0.000806187749340577
10775,1.077451,1.077501,1,0,0.000806187749340577
10776,1.077551,1.077601,1,0,0.000806187749340577
10777,1.077651,1.077701,1,0,0.000806187749340577
10778,1.077751,1.077801,1,0,0.000806187749340577
10779,1.077851,1.077901,1,0,0.000806187749340577
10780,1.077951,1.078001,1,0,0.00103726048080079
10781,1.078051,1.078101,1,0,0.00103726048080079
10782,1.078151,1.078201,1,0,0.00103726048080079
10783,1.078251,1.078301,1,0,0.00103726048080079
10784,1.078351,1.078401,1,0,0.00103726048080079
10785,1.078451,1.078501,1,0,0.00103726048080079
10786,1.078551,1.078601,1,0,0.00103726048080079
10787,1.078651,1.078701,1,0,0.00103726048080079
10788,1.078751,1.078801,1,0,0.00103726048080079
10789,1.078851,1.078901,1,0,0.00103726048080079
10790,1.078951,1.079001,1,0,0.00127319565916728
10791,1.079051,1.079101,1,0,0.00127319565916728
10792,1.079151,1.079201,1,0,0.00127319565916728
10793,1.079251,1.079301,1,0,0.00127319565916728
10794,1.079351,1.079401,1,0,0.00127319565916728
10795,1.079451,1.079501,1,0,0.00127319565916728
10796,1.079551,1.079601,1,0,0.00127319565916728
10797,1.079651,1.079701,1,0,0.00127319565916728
10798,1.079751,1.079801,1,0,0.00127319565916728
10799,1.079851,1.079901,1,0,0.00127319565916728
10800,1.079951,1.080001,1,0,0.0015143714822365
10801,1.080051,1.080101,1,0,0.0015143714822365
10802,1.080151,1.080201,1,0,0.0015143714822365
10803,1.080251,1.080301,1,0,0.0015143714822365
10804,1.080351,1.080401,1,0,0.0015143714822365
10805,1.080451,1.080501,1,0,0.0015143714822365
10806,1.080551,1.080601,1,0,0.0015143714822365
10807,1.080651,1.080701,1,0,0.0015143714822365
10808,1.080751,1.080801,1,0,0.0015143714822365
10809,1.080851,1.080901,1,0,0.0015143714822365
10810,1.080951,1.081001,1,0,0.0017613375078894
10811,1.081051,1.081101,1,0,0.0017613375078894
10812,1.081151,1.081201,1,0,0.0017613375078894
10813,1.081251,1.081301,1,0,0.0017613375078894
10814,1.081351,1.081401,1,0,0.0017613375078894
10815,1.081451,1.081501,1,0,0.0017613375078894
10816,1.081551,1.081601,1,0,0.0017613375078894
10817,1.081651,1.081701,1,0,0.0017613375078894
10818,1.081751,1.081801,1,0,0.0017613375078894
10819,1.081851,1.081901,1,0,0.0017613375078894
10820,1.081951,1.082001,1,0,0.00201183428312074
10821,1.082051,1.082101,1,0,0.00201183428312074
10822,1.082151,1.082201,1,0,0.00201183428312074
10823,1.082251,1.082301,1,0,0.00201183428312074
10824,1.082351,1.082401,1,0,0.00201183428312074
10825,1.082451,1.082501,1,0,0.00201183428312074
10826,1.082551,1.082601,1,0,0.00201183428312074
10827,1.082651,1.082701,1,0,0.00201183428312074
10828,1.082751,1.082801,1,0,0.00201183428312074
10829,1.082851,1.082901,1,0,0.00201183428312074
10830,1.082951,1.083001,1,0,0.00226418945250624
10831,1.083051,1.083101,1,0,0.00226418945250624
10832,1.083151,1.083201,1,0,0.00226418945250624
10833,1.083251,1.083301,1,0,0.00226418945250624
10834,1.083351,1.083401,1,0,0.00226418945250624
10835,1.083451,1.083501,1,0,0.00226418945250624
10836,1.083551,1.083601,1,0,0.00226418945250624
10837,1.083651,1.083701,1,0,0.00226418945250624
10838,1.083751,1.083801,1,0,0.00226418945250624
10839,1.083851,1.083901,1,0,0.00226418945250624
10840,1.083951,1.084001,1,0,0.00251762109982139
10841,1.084051,1.084101,1,0,0.00251762109982139
10842,1.084151,1.084201,1,0,0.00251762109982139
10843,1.084251,1.084301,1,0,0.00251762109982139
10844,1.084351,1.084401,1,0,0.00251762109982139
10845,1.084451,1.084501,1,0,0.00251762109982139
10846,1.084551,1.084601,1,0,0.00251762109982139
10847,1.084651,1.084701,1,0,0.00251762109982139
10848,1.084751,1.084801,1,0,0.00251762109982139
10849,1.084851,1.084901,1,0,0.00251762109982139
10850,1.084951,1.085001,1,0,0.00277156663651789
10851,1.085051,1.085101,1,0,0.00277156663651789
10852,1.085151,1.085201,1,0,0.00277156663651789
10853,1.085251,1.085301,1,0,0.00277156663651789
10854,1.085351,1.085401,1,0,0.00277156663651789
10855,1.085451,1.085501,1,0,0.00277156663651789
10856,1.085551,1.085601,1,0,0.00277156663651789
10857,1.085651,1.085701,1,0,0.00277156663651789
10858,1.085751,1.085801,1,0,0.00277156663651789
10859,1.085851,1.085901,1,0,0.00277156663651789
10860,1.085951,1.086001,1,0,0.00302262857502975
10861,1.086051,1.086101,1,0,0.00302262857502975
10862,1.086151,1.086201,1,0,0.00302262857502975
10863,1.086251,1.086301,1,0,0.00302262857502975
10864,1.086351,1.086401,1,0,0.00302262857502975
10865,1.086451,1.086501,1,0,0.00302262857502975
10866,1.086551,1.086601,1,0,0.00302262857502975
10867,1.086651,1.086701,1,0,0.00302262857502975
10868,1.086751,1.086801,1,0,0.00302262857502975
10869,1.086851,1.086901,1,0,0.00302262857502975
10870,1.086951,1.087001,1,0,0.00327119429131435
10871,1.087051,1.087101,1,0,0.00327119429131435
10872,1.087151,1.087201,1,0,0.00327119429131435
10873,1.087251,1.087301,1,0,0.00327119429131435
10874,1.087351,1.087401,1,0,0.00327119429131435
10875,1.087451,1.087501,1,0,0.00327119429131435
10876,1.087551,1.087601,1,0,0.00327119429131435
10877,1.087651,1.087701,1,0,0.00327119429131435
10878,1.087751,1.087801,1,0,0.00327119429131435
10879,1.087851,1.087901,1,0,0.00327119429131435
10880,1.087951,1.088001,1,0,0.00351560708511564
10881,1.088051,1.088101,1,0,0.00351560708511564
10882,1.088151,1.088201,1,0,0.00351560708511564
10883,1.088251,1.088301,1,0,0.00351560708511564
10884,1.088351,1.088401,1,0,0.00351560708511564
10885,1.088451,1.088501,1,0,0.00351560708511564
10886,1.088551,1.088601,1,0,0.00351560708511564
10887,1.088651,1.088701,1,0,0.00351560708511564
10888,1.088751,1.088801,1,0,0.00351560708511564
10889,1.088851,1.088901,1,0,0.00351560708511564
10890,1.088951,1.089001,1,0,0.00375403795353433
10891,1.089051,1.089101,1,0,0.00375403795353433
10892,1.089151,1.089201,1,0,0.00375403795353433
10893,1.089251,1.089301,1,0,0.00375403795353433
10894,1.089351,1.089401,1,0,0.00375403795353433
10895,1.089451,1.089501,1,0,0.00375403795353433
10896,1.089551,1.089601,1,0,0.00375403795353433
10897,1.089651,1.089701,1,0,0.00375403795353433
10898,1.089751,1.089801,1,0,0.00375403795353433
10899,1.089851,1.089901,1,0,0.00375403795353433
10900,1.089951,1.090001,1,0,0.00398564412163952
10901,1.090051,1.090101,1,0,0.00398564412163952
10902,1.090151,1.090201,1,0,0.00398564412163952
10903,1.090251,1.090301,1,0,0.00398564412163952
10904,1.090351,1.090401,1,0,0.00398564412163952
10905,1.090451,1.090501,1,0,0.00398564412163952
10906,1.090551,1.090601,1,0,0.00398564412163952
10907,1.090651,1.090701,1,0,0.00398564412163952
10908,1.090751,1.090801,1,0,0.00398564412163952
10909,1.090851,1.090901,1,0,0.00398564412163952
10910,1.090951,1.091001,1,0,0.00421657952307136
10911,1.091051,1.091101,1,0,0.00421657952307136
10912,1.091151,1.091201,1,0,0.00421657952307136
10913,1.091251,1.091301,1,0,0.00421657952307136
10914,1.091351,1.091401,1,0,0.00421657952307136
10915,1.091451,1.091501,1,0,0.00421657952307136
10916,1.091551,1.091601,1,0,0.00421657952307136
10917,1.091651,1.091701,1,0,0.00421657952307136
10918,1.091751,1.091801,1,0,0.00421657952307136
10919,1.091851,1.091901,1,0,0.00421657952307136
10920,1.091951,1.092001,1,0,0.00444367813262526
10921,1.092051,1.092101,1,0,0.00444367813262526
10922,1.092151,1.092201,1,0,0.00444367813262526
10923,1.092251,1.092301,1,0,0.00444367813262526
10924,1.092351,1.092401,1,0,0.00444367813262526
10925,1.092451,1.092501,1,0,0.00444367813262526
10926,1.092551,1.092601,1,0,0.00444367813262526
10927,1.092651,1.092701,1,0,0.00444367813262526
10928,1.092751,1.092801,1,0,0.00444367813262526
10929,1.092851,1.092901,1,0,0.00444367813262526
10930,1.092951,1.093001,1,0,0.00465907110219015
10931,1.093051,1.093101,1,0,0.00465907110219015
10932,1.093151,1.093201,1,0,0.00465907110219015
10933,1.093251,1.093301,1,0,0.00465907110219015
10934,1.093351,1.093401,1,0,0.00465907110219015
10935,1.093451,1.093501,1,0,0.00465907110219015
10936,1.093551,1.093601,1,0,0.00465907110219015
10937,1.093651,1.093701,1,0,0.00465907110219015
10938,1.093751,1.093801,1,0,0.00465907110219015
10939,1.093851,1.093901,1,0,0.00465907110219015
10940,1.093951,1.094001,1,0,0.00485551988728016
10941,1.094051,1.094101,1,0,0.00485551988728016
10942,1.094151,1.094201,1,0,0.00485551988728016
10943,1.094251,1.094301,1,0,0.00485551988728016
10944,1.094351,1.094401,1,0,0.00485551988728016
10945,1.094451,1.094501,1,0,0.00485551988728016
10946,1.094551,1.094601,1,0,0.00485551988728016
10947,1.094651,1.094701,1,0,0.00485551988728016
10948,1.094751,1.094801,1,0,0.00485551988728016
10949,1.094851,1.094901,1,0,0.00485551988728016
10950,1.094951,1.095001,1,0,0.00504372847982166
10951,1.095051,1.095101,1,0,0.00504372847982166
10952,1.095151,1.095201,1,0,0.00504372847982166
10953,1.095251,1.095301,1,0,0.00504372847982166
10954,1.095351,1.095401,1,0,0.00504372847982166
10955,1.095451,1.095501,1,0,0.00504372847982166
10956,1.095551,1.095601,1,0,0.00504372847982166
10957,1.095651,1.095701,1,0,0.00504372847982166
10958,1.095751,1.095801,1,0,0.00504372847982166
10959,1.095851,1.095901,1,0,0.00504372847982166
10960,1.095951,1.096001,1,0,0.0052271243848179
10961,1.096051,1.096101,1,0,0.0052271243848179
10962,1.096151,1.096201,1,0,0.0052271243848179
10963,1.096251,1.096301,1,0,0.0052271243848179
10964,1.096351,1.096401,1,0,0.0052271243848179
10965,1.096451,1.096501,1,0,0.0052271243848179
10966,1.096551,1.096601,1,0,0.0052271243848179
10967,1.096651,1.096701,1,0,0.0052271243848179
10968,1.096751,1.096801,1,0,0.0052271243848179
10969,1.096851,1.096901,1,0,0.0052271243848179
10970,1.096951,1.097001,1,0,0.00539424130187531
10971,1.097051,1.097101,1,0,0.00539424130187531
10972,1.097151,1.097201,1,0,0.00539424130187531
10973,1.097251,1.097301,1,0,0.00539424130187531
10974,1.097351,1.097401,1,0,0.00539424130187531
10975,1.097451,1.097501,1,0,0.00539424130187531
10976,1.097551,1.097601,1,0,0.00539424130187531
10977,1.097651,1.097701,1,0,0.00539424130187531
10978,1.097751,1.097801,1,0,0.00539424130187531
10979,1.097851,1.097901,1,0,0.00539424130187531
10980,1.097951,1.098001,1,0,0.00554434570557726
10981,1.098051,1.098101,1,0,0.00554434570557726
10982,1.098151,1.098201,1,0,0.00554434570557726
10983,1.098251,1.098301,1,0,0.00554434570557726
10984,1.098351,1.098401,1,0,0.00554434570557726
10985,1.098451,1.098501,1,0,0.00554434570557726
10986,1.098551,1.098601,1,0,0.00554434570557726
10987,1.098651,1.098701,1,0,0.00554434570557726
10988,1.098751,1.098801,1,0,0.00554434570557726
10989,1.098851,1.098901,1,0,0.00554434570557726
10990,1.098951,1.099001,1,0,0.00567695341679467
10991,1.099051,1.099101,1,0,0.00567695341679467
10992,1.099151,1.099201,1,0,0.00567695341679467
10993,1.099251,1.099301,1,0,0.00567695341679467
10994,1.099351,1.099401,1,0,0.00567695341679467
10995,1.099451,1.099501,1,0,0.00567695341679467
10996,1.099551,1.099601,1,0,0.00567695341679467
10997,1.099651,1.099701,1,0,0.00567695341679467
10998,1.099751,1.099801,1,0,0.00567695341679467
10999,1.099851,1.099901,1,0,0.00567695341679467
11000,1.099951,1.100001,1,0,0.0057916237909461
11001,1.100051,1.100101,1,0,0.0057916237909461
11002,1.100151,1.100201,1,0,0.0057916237909461
11003,1.100251,1.100301,1,0,0.0057916237909461
11004,1.100351,1.100401,1,0,0.0057916237909461
11005,1.100451,1.100501,1,0,0.0057916237909461
11006,1.100551,1.100601,1,0,0.0057916237909461
11007,1.100651,1.100701,1,0,0.0057916237909461
11008,1.100751,1.100801,1,0,0.0057916237909461
11009,1.100851,1.100901,1,0,0.0057916237909461
11010,1.100951,1.101001,1,0,0.00588936386646613
11011,1.101051,1.101101,1,0,0.00588936386646613
11012,1.101151,1.101201,1,0,0.00588936386646613
11013,1.101251,1.101301,1,0,0.00588936386646613
11014,1.101351,1.101401,1,0,0.00588936386646613
11015,1.101451,1.101501,1,0,0.00588936386646613
11016,1.101551,1.101601,1,0,0.00588936386646613
11017,1.101651,1.101701,1,0,0.00588936386646613
11018,1.101751,1.101801,1,0,0.00588936386646613
11019,1.101851,1.101901,1,0,0.00588936386646613
11020,1.101951,1.102001,1,0,0.0058272994278397
11021,1.102051,1.102101,1,0,0.0058272994278397
11022,1.102151,1.102201,1,0,0.0058272994278397
11023,1.102251,1.102301,1,0,0.0058272994278397
11024,1.102351,1.102401,1,0,0.0058272994278397
11025,1.102451,1.102501,1,0,0.0058272994278397
11026,1.102551,1.102601,1,0,0.0058272994278397
11027,1.102651,1.102701,1,0,0.0058272994278397
11028,1.102751,1.102801,1,0,0.0058272994278397
11029,1.102851,1.102901,1,0,0.0058272994278397
11030,1.102951,1.103001,1,0,0.00422234377914443
11031,1.103051,1.103101,1,0,0.00422234377914443
11032,1.103151,1.103201,1,0,0.00422234377914443
11033,1.103251,1.103301,1,0,0.00422234377914443
11034,1.103351,1.103401,1,0,0.00422234377914443
11035,1.103451,1.103501,1,0,0.00422234377914443
11036,1.103551,1.103601,1,0,0.00422234377914443
11037,1.103651,1.103701,1,0,0.00422234377914443
11038,1.103751,1.103801,1,0,0.00422234377914443
11039,1.103851,1.103901,1,0,0.00422234377914443
11040,1.103951,1.104001,1,0,0.00245315140261543
11041,1.104051,1.104101,1,0,0.00245315140261543
11042,1.104151,1.104201,1,0,0.00245315140261543
11043,1.104251,1.104301,1,0,0.00245315140261543
11044,1.104351,1.104401,1,0,0.00245315140261543
11045,1.104451,1.104501,1,0,0.00245315140261543
11046,1.104551,1.104601,1,0,0.00245315140261543
11047,1.104651,1.104701,1,0,0.00245315140261543
11048,1.104751,1.104801,1,0,0.00245315140261543
11049,1.104851,1.104901,1,0,0.00245315140261543
11050,1.104951,1.105001,1,0,0.00113857246510517
11051,1.105051,1.105101,1,0,0.00113857246510517
11052,1.105151,1.105201,1,0,0.00113857246510517
11053,1.105251,1.105301,1,0,0.00113857246510517
11054,1.105351,1.105401,1,0,0.00113857246510517
11055,1.105451,1.105501,1,0,0.00113857246510517
11056,1.105551,1.105601,1,0,0.00113857246510517
11057,1.105651,1.105701,1,0,0.00113857246510517
11058,1.105751,1.105801,1,0,0.00113857246510517
11059,1.105851,1.105901,1,0,0.00113857246510517
11060,1.105951,1.106001,1,0,0.000390258610228212
11061,1.106051,1.106101,1,0,0.000390258610228212
11062,1.106151,1.106201,1,0,0.000390258610228212
11063,1.106251,1.106301,1,0,0.000390258610228212
11064,1.106351,1.106401,1,0,0.000390258610228212
11065,1.106451,1.106501,1,0,0.000390258610228212
11066,1.106551,1.106601,1,0,0.000390258610228212
11067,1.106651,1.106701,1,0,0.000390258610228212
11068,1.106751,1.106801,1,0,0.000390258610228212
11069,1.106851,1.106901,1,0,0.000390258610228212
11070,1.106951,1.107001,1,0,-1.84938288981182e-06
11071,1.107051,1.107101,1,0,-1.84938288981182e-06
11072,1.107151,1.107201,1,0,-1.84938288981182e-06
11073,1.107251,1.107301,1,0,-1.84938288981182e-06
11074,1.107351,1.107401,1,0,-1.84938288981182e-06
11075,1.107451,1.107501,1,0,-1.84938288981182e-06
11076,1.107551,1.107601,1,0,-1.84938288981182e-06
11077,1.107651,1.107701,1,0,-1.84938288981182e-06
11078,1.107751,1.107801,1,0,-1.84938288981182e-06
11079,1.107851,1.107901,1,0,-1.84938288981182e-06
11080,1.107951,1.108001,1,0,-0.000376561422118653
11081,1.108051,1.108101,1,0,-0.000376561422118653
11082,1.108151,1.108201,1,0,-0.000376561422118653
11083,1.108251,1.108301,1,0,-0.000376561422118653
11084,1.108351,1.108401,1,0,-0.000376561422118653
11085,1.108451,1.108501,1,0,-0.000376561422118653
11086,1.108551,1.108601,1,0,-0.000376561422118653
11087,1.108651,1.108701,1,0,-0.000376561422118653
11088,1.108751,1.108801,1,0,-0.000376561422118653
11089,1.108851,1.108901,1,0,-0.000376561422118653
11090,1.108951,1.109001,1,0,-0.000760095024313255
11091,1.109051,1.109101,1,0,-0.000760095024313255
11092,1.109151,1.109201,1,0,-0.000760095024313255
11093,1.109251,1.109301,1,0,-0.000760095024313255
11094,1.109351,1.109401,1,0,-0.000760095024313255
11095,1.109451,1.109501,1,0,-0.000760095024313255
11096,1.109551,1.109601,1,0,-0.000760095024313255
11097,1.109651,1.109701,1,0,-0.000760095024313255
11098,1.109751,1.109801,1,0,-0.000760095024313255
11099,1.109851,1.109901,1,0,-0.000760095024313255
11100,1.109951,1.110001,1,0,-0.0011477907286354
11101,1.110051,1.110101,1,0,-0.0011477907286354
11102,1.110151,1.110201,1,0,-0.0011477907286354
11103,1.110251,1.110301,1,0,-0.0011477907286354
11104,1.110351,1.110401,1,0,-0.0011477907286354
11105,1.110451,1.110501,1,0,-0.0011477907286354
11106,1.110551,1.110601,1,0,-0.0011477907286354
11107,1.110651,1.110701,1,0,-0.0011477907286354
11108,1.110751,1.110801,1,0,-0.0011477907286354
11109,1.110851,1.110901,1,0,-0.0011477907286354
11110,1.110951,1.111001,1,0,-0.00153647203896286
11111,1.111051,1.111101,1,0,-0.00153647203896286
11112,1.111151,1.111201,1,0,-0.00153647203896286
11113,1.111251,1.111301,1,0,-0.00153647203896286
11114,1.111351,1.111401,1,0,-0.00153647203896286
11115,1.111451,1.111501,1,0,-0.00153647203896286
11116,1.111551,1.111601,1,0,-0.00153647203896286
11117,1.111651,1.111701,1,0,-0.00153647203896286
11118,1.111751,1.111801,1,0,-0.00153647203896286
11119,1.111851,1.111901,1,0,-0.00153647203896286
11120,1.111951,1.112001,1,0,-0.00192627792575418
11121,1.112051,1.112101,1,0,-0.00192627792575418
11122,1.112151,1.112201,1,0,-0.00192627792575418
11123,1.112251,1.112301,1,0,-0.00192627792575418
11124,1.112351,1.112401,1,0,-0.00192627792575418
11125,1.112451,1.112501,1,0,-0.00192627792575418
11126,1.112551,1.112601,1,0,-0.00192627792575418
11127,1.112651,1.112701,1,0,-0.00192627792575418
11128,1.112751,1.112801,1,0,-0.00192627792575418
11129,1.112851,1.112901,1,0,-0.00192627792575418
11130,1.112951,1.113001,1,0,-0.00231175012974449
11131,1.113051,1.113101,1,0,-0.00231175012974449
11132,1.113151,1.113201,1,0,-0.00231175012974449
11133,1.113251,1.113301,1,0,-0.00231175012974449
11134,1.113351,1.113401,1,0,-0.00231175012974449
11135,1.113451,1.113501,1,0,-0.00231175012974449
11136,1.113551,1.113601,1,0,-0.00231175012974449
11137,1.113651,1.113701,1,0,-0.00231175012974449
11138,1.113751,1.113801,1,0,-0.00231175012974449
11139,1.113851,1.113901,1,0,-0.00231175012974449
11140,1.113951,1.114001,1,0,-0.00270686760758915
11141,1.114051,1.114101,1,0,-0.00270686760758915
11142,1.114151,1.114201,1,0,-0.00270686760758915
11143,1.114251,1.114301,1,0,-0.00270686760758915
11144,1.114351,1.114401,1,0,-0.00270686760758915
11145,1.114451,1.114501,1,0,-0.00270686760758915
11146,1.114551,1.114601,1,0,-0.00270686760758915
11147,1.114651,1.114701,1,0,-0.00270686760758915
11148,1.114751,1.114801,1,0,-0.00270686760758915
11149,1.114851,1.114901,1,0,-0.00270686760758915
11150,1.114951,1.115001,1,0,-0.00310563723805536
11151,1.115051,1.115101,1,0,-0.00310563723805536
11152,1.115151,1.115201,1,0,-0.00310563723805536
11153,1.115251,1.115301,1,0,-0.00310563723805536
11154,1.115351,1.115401,1,0,-0.00310563723805536
11155,1.115451,1.115501,1,0,-0.00310563723805536
11156,1.115551,1.115601,1,0,-0.00310563723805536
11157,1.115651,1.115701,1,0,-0.00310563723805536
11158,1.115751,1.115801,1,0,-0.00310563723805536
11159,1.115851,1.115901,1,0,-0.00310563723805536
11160,1.115951,1.116001,1,0,-0.00350605423043677
11161,1.116051,1.116101,1,0,-0.00350605423043677
11162,1.116151,1.116201,1,0,-0.00350605423043677
11163,1.116251,1.116301,1,0,-0.00350605423043677
11164,1.116351,1.116401,1,0,-0.00350605423043677
11165,1.116451,1.116501,1,0,-0.00350605423043677
11166,1.116551,1.116601,1,0,-0.00350605423043677
11167,1.116651,1.116701,1,0,-0.00350605423043677
11168,1.116751,1.116801,1,0,-0.00350605423043677
11169,1.116851,1.116901,1,0,-0.00350605423043677
11170,1.116951,1.117001,1,0,-0.00390140465790724
11171,1.117051,1.117101,1,0,-0.00390140465790724
11172,1.117151,1.117201,1,0,-0.00390140465790724
11173,1.117251,1.117301,1,0,-0.00390140465790724
11174,1.117351,1.117401,1,0,-0.00390140465790724
11175,1.117451,1.117501,1,0,-0.00390140465790724
11176,1.117551,1.117601,1,0,-0.00390140465790724
11177,1.117651,1.117701,1,0,-0.00390140465790724
11178,1.117751,1.117801,1,0,-0.00390140465790724
11179,1.117851,1.117901,1,0,-0.00390140465790724
11180,1.117951,1.118001,1,0,-0.00429270089963563
11181,1.118051,1.118101,1,0,-0.00429270089963563
11182,1.118151,1.118201,1,0,-0.00429270089963563
11183,1.118251,1.118301,1,0,-0.00429270089963563
11184,1.118351,1.118401,1,0,-0.00429270089963563
11185,1.118451,1.118501,1,0,-0.00429270089963563
11186,1.118551,1.118601,1,0,-0.00429270089963563
11187,1.118651,1.118701,1,0,-0.00429270089963563
11188,1.118751,1.118801,1,0,-0.00429270089963563
11189,1.118851,1.118901,1,0,-0.00429270089963563
11190,1.118951,1.119001,1,0,-0.00467842141113968
11191,1.119051,1.119101,1,0,-0.00467842141113968
11192,1.119151,1.119201,1,0,-0.00467842141113968
11193,1.119251,1.119301,1,0,-0.00467842141113968
11194,1.119351,1.119401,1,0,-0.00467842141113968
11195,1.119451,1.119501,1,0,-0.00467842141113968
11196,1.119551,1.119601,1,0,-0.00467842141113968
11197,1.119651,1.119701,1,0,-0.00467842141113968
11198,1.119751,1.119801,1,0,-0.00467842141113968
11199,1.119851,1.119901,1,0,-0.00467842141113968
11200,1.119951,1.120001,1,0,-0.00505437844204825
11201,1.120051,1.120101,1,0,-0.00505437844204825
11202,1.120151,1.120201,1,0,-0.00505437844204825
11203,1.120251,1.120301,1,0,-0.00505437844204825
11204,1.120351,1.120401,1,0,-0.00505437844204825
11205,1.120451,1.120501,1,0,-0.00505437844204825
11206,1.120551,1.120601,1,0,-0.00505437844204825
11207,1.120651,1.120701,1,0,-0.00505437844204825
11208,1.120751,1.120801,1,0,-0.00505437844204825
11209,1.120851,1.120901,1,0,-0.00505437844204825
11210,1.120951,1.121001,1,0,-0.00542685911517638
11211,1.121051,1.121101,1,0,-0.00542685911517638
11212,1.121151,1.121201,1,0,-0.00542685911517638
11213,1.121251,1.121301,1,0,-0.00542685911517638
11214,1.121351,1.121401,1,0,-0.00542685911517638
11215,1.121451,1.121501,1,0,-0.00542685911517638
11216,1.121551,1.121601,1,0,-0.00542685911517638
11217,1.121651,1.121701,1,0,-0.00542685911517638
11218,1.121751,1.121801,1,0,-0.00542685911517638
11219,1.121851,1.121901,1,0,-0.00542685911517638
11220,1.121951,1.122001,1,0,-0.00579289672758957
11221,1.122051,1.122101,1,0,-0.00579289672758957
11222,1.122151,1.122201,1,0,-0.00579289672758957
11223,1.122251,1.122301,1,0,-0.00579289672758957
11224,1.122351,1.122401,1,0,-0.00579289672758957
11225,1.122451,1.122501,1,0,-0.00579289672758957
11226,1.122551,1.122601,1,0,-0.00579289672758957
11227,1.122651,1.122701,1,0,-0.00579289672758957
11228,1.122751,1.122801,1,0,-0.00579289672758957
11229,1.122851,1.122901,1,0,-0.00579289672758957
11230,1.122951,1.123001,1,0,-0.00613573687444459
11231,1.123051,1.123101,1,0,-0.00613573687444459
11232,1.123151,1.123201,1,0,-0.00613573687444459
11233,1.123251,1.123301,1,0,-0.00613573687444459
11234,1.123351,1.123401,1,0,-0.00613573687444459
11235,1.123451,1.123501,1,0,-0.00613573687444459
11236,1.123551,1.123601,1,0,-0.00613573687444459
11237,1.123651,1.123701,1,0,-0.00613573687444459
11238,1.123751,1.123801,1,0,-0.00613573687444459
11239,1.123851,1.123901,1,0,-0.00613573687444459
11240,1.123951,1.124001,1,0,-0.00646509926358789
11241,1.124051,1.124101,1,0,-0.00646509926358789
11242,1.124151,1.124201,1,0,-0.00646509926358789
11243,1.124251,1.124301,1,0,-0.00646509926358789
11244,1.124351,1.124401,1,0,-0.00646509926358789
11245,1.124451,1.124501,1,0,-0.00646509926358789
11246,1.124551,1.124601,1,0,-0.00646509926358789
11247,1.124651,1.124701,1,0,-0.00646509926358789
11248,1.124751,1.124801,1,0,-0.00646509926358789
11249,1.124851,1.124901,1,0,-0.00646509926358789
11250,1.124951,1.125001,1,0,-0.00678638003961565
11251,1.125051,1.125101,1,0,-0.00678638003961565
11252,1.125151,1.125201,1,0,-0.00678638003961565
11253,1.125251,1.125301,1,0,-0.00678638003961565
11254,1.125351,1.125401,1,0,-0.00678638003961565
11255,1.125451,1.125501,1,0,-0.00678638003961565
11256,1.125551,1.125601,1,0,-0.00678638003961565
11257,1.125651,1.125701,1,0,-0.00678638003961565
11258,1.125751,1.125801,1,0,-0.00678638003961565
11259,1.125851,1.125901,1,0,-0.00678638003961565
11260,1.125951,1.126001,1,0,-0.00709016408579771
11261,1.126051,1.126101,1,0,-0.00709016408579771
11262,1.126151,1.126201,1,0,-0.00709016408579771
11263,1.126251,1.126301,1,0,-0.00709016408579771
11264,1.126351,1.126401,1,0,-0.00709016408579771
11265,1.126451,1.126501,1,0,-0.00709016408579771
11266,1.126551,1.126601,1,0,-0.00709016408579771
11267,1.126651,1.126701,1,0,-0.00709016408579771
11268,1.126751,1.126801,1,0,-0.00709016408579771
11269,1.126851,1.126901,1,0,-0.00709016408579771
11270,1.126951,1.127001,1,0,-0.00736939874362408
11271,1.127051,1.127101,1,0,-0.00736939874362408
11272,1.127151,1.127201,1,0,-0.00736939874362408
11273,1.127251,1.127301,1,0,-0.00736939874362408
11274,1.127351,1.127401,1,0,-0.00736939874362408
11275,1.127451,1.127501,1,0,-0.00736939874362408
11276,1.127551,1.127601,1,0,-0.00736939874362408
11277,1.127651,1.127701,1,0,-0.00736939874362408
11278,1.127751,1.127801,1,0,-0.00736939874362408
11279,1.127851,1.127901,1,0,-0.00736939874362408
11280,1.127951,1.128001,1,0,-0.00762300439675432
11281,1.128051,1.128101,1,0,-0.00762300439675432
11282,1.128151,1.128201,1,0,-0.00762300439675432
11283,1.128251,1.128301,1,0,-0.00762300439675432
11284,1.128351,1.128401,1,0,-0.00762300439675432
11285,1.128451,1.128501,1,0,-0.00762300439675432
11286,1.128551,1.128601,1,0,-0.00762300439675432
11287,1.128651,1.128701,1,0,-0.00762300439675432
11288,1.128751,1.128801,1,0,-0.00762300439675432
11289,1.128851,1.128901,1,0,-0.00762300439675432
11290,1.128951,1.129001,1,0,-0.00785335348715297
11291,1.129051,1.129101,1,0,-0.00785335348715297
11292,1.129151,1.129201,1,0,-0.00785335348715297
11293,1.129251,1.129301,1,0,-0.00785335348715297
11294,1.129351,1.129401,1,0,-0.00785335348715297
11295,1.129451,1.129501,1,0,-0.00785335348715297
11296,1.129551,1.129601,1,0,-0.00785335348715297
11297,1.129651,1.129701,1,0,-0.00785335348715297
11298,1.129751,1.129801,1,0,-0.00785335348715297
11299,1.129851,1.129901,1,0,-0.00785335348715297
11300,1.129951,1.130001,1,0,-0.00671006108597509
11301,1.130051,1.130101,1,0,-0.00671006108597509
11302,1.130151,1.130201,1,0,-0.00671006108597509
11303,1.130251,1.130301,1,0,-0.00671006108597509
11304,1.130351,1.130401,1,0,-0.00671006108597509
11305,1.130451,1.130501,1,0,-0.00671006108597509
11306,1.130551,1.130601,1,0,-0.00671006108597509
11307,1.130651,1.130701,1,0,-0.00671006108597509
11308,1.130751,1.130801,1,0,-0.00671006108597509
11309,1.130851,1.130901,1,0,-0.00671006108597509
11310,1.130951,1.131001,1,0,-0.00443946137406933
11311,1.131051,1.131101,1,0,-0.00443946137406933
11312,1.131151,1.131201,1,0,-0.00443946137406933
11313,1.131251,1.131301,1,0,-0.00443946137406933
11314,1.131351,1.131401,1,0,-0.00443946137406933
11315,1.131451,1.131501,1,0,-0.00443946137406933
11316,1.131551,1.131601,1,0,-0.00443946137406933
11317,1.131651,1.131701,1,0,-0.00443946137406933
11318,1.131751,1.131801,1,0,-0.00443946137406933
11319,1.131851,1.131901,1,0,-0.00443946137406933
11320,1.131951,1.132001,1,0,-0.00245297942505432
11321,1.132051,1.132101,1,0,-0.00245297942505432
11322,1.132151,1.132201,1,0,-0.00245297942505432
11323,1.132251,1.132301,1,0,-0.00245297942505432
11324,1.132351,1.132401,1,0,-0.00245297942505432
11325,1.132451,1.132501,1,0,-0.00245297942505432
11326,1.132551,1.132601,1,0,-0.00245297942505432
11327,1.132651,1.132701,1,0,-0.00245297942505432
11328,1.132751,1.132801,1,0,-0.00245297942505432
11329,1.132851,1.132901,1,0,-0.00245297942505432
11330,1.132951,1.133001,1,0,-0.00106433111160589
11331,1.133051,1.133101,1,0,-0.00106433111160589
11332,1.133151,1.133201,1,0,-0.00106433111160589
11333,1.133251,1.133301,1,0,-0.00106433111160589
11334,1.133351,1.133401,1,0,-0.00106433111160589
11335,1.133451,1.133501,1,0,-0.00106433111160589
11336,1.133551,1.133601,1,0,-0.00106433111160589
11337,1.133651,1.133701,1,0,-0.00106433111160589
11338,1.133751,1.133801,1,0,-0.00106433111160589
11339,1.133851,1.133901,1,0,-0.00106433111160589
11340,1.133951,1.134001,1,0,-0.000264222935931801
11341,1.134051,1.134101,1,0,-0.000264222935931801
11342,1.134151,1.134201,1,0,-0.000264222935931801
11343,1.134251,1.134301,1,0,-0.000264222935931801
11344,1.134351,1.134401,1,0,-0.000264222935931801
11345,1.134451,1.134501,1,0,-0.000264222935931801
11346,1.134551,1.134601,1,0,-0.000264222935931801
11347,1.134651,1.134701,1,0,-0.000264222935931801
11348,1.134751,1.134801,1,0,-0.000264222935931801
11349,1.134851,1.134901,1,0,-0.000264222935931801
11350,1.134951,1.135001,1,0,0.000179775374100465
11351,1.135051,1.135101,1,0,0.000179775374100465
11352,1.135151,1.135201,1,0,0.000179775374100465
11353,1.135251,1.135301,1,0,0.000179775374100465
11354,1.135351,1.135401,1,0,0.000179775374100465
11355,1.135451,1.135501,1,0,0.000179775374100465
11356,1.135551,1.135601,1,0,0.000179775374100465
11357,1.135651,1.135701,1,0,0.000179775374100465
11358,1.135751,1.135801,1,0,0.000179775374100465
11359,1.135851,1.135901,1,0,0.000179775374100465
11360,1.135951,1.136001,1,0,0.000584043371173189
11361,1.136051,1.136101,1,0,0.000584043371173189
11362,1.136151,1.136201,1,0,0.000584043371173189
11363,1.136251,1.136301,1,0,0.000584043371173189
11364,1.136351,1.136401,1,0,0.000584043371173189
11365,1.136451,1.136501,1,0,0.000584043371173189
11366,1.136551,1.136601,1,0,0.000584043371173189
11367,1.136651,1.136701,1,0,0.000584043371173189
11368,1.136751,1.136801,1,0,0.000584043371173189
11369,1.136851,1.136901,1,0,0.000584043371173189
11370,1.136951,1.137001,1,0,0.000991899564512776
11371,1.137051,1.137101,1,0,0.000991899564512776
11372,1.137151,1.137201,1,0,0.000991899564512776
11373,1.137251,1.137301,1,0,0.000991899564512776
11374,1.137351,1.137401,1,0,0.000991899564512776
11375,1.137451,1.137501,1,0,0.000991899564512776
11376,1.137551,1.137601,1,0,0.000991899564512776
11377,1.137651,1.137701,1,0,0.000991899564512776
11378,1.137751,1.137801,1,0,0.000991899564512776
11379,1.137851,1.137901,1,0,0.000991899564512776
11380,1.137951,1.138001,1,0,0.00140449988553472
11381,1.138051,1.138101,1,0,0.00140449988553472
11382,1.138151,1.138201,1,0,0.00140449988553472
11383,1.138251,1.138301,1,0,0.00140449988553472
11384,1.138351,1.138401,1,0,0.00140449988553472
11385,1.138451,1.138501,1,0,0.00140449988553472
11386,1.138551,1.138601,1,0,0.00140449988553472
11387,1.138651,1.138701,1,0,0.00140449988553472
11388,1.138751,1.138801,1,0,0.00140449988553472
11389,1.138851,1.138901,1,0,0.00140449988553472
11390,1.138951,1.139001,1,0,0.00181998557921034
11391,1.139051,1.139101,1,0,0.00181998557921034
11392,1.139151,1.139201,1,0,0.00181998557921034
11393,1.139251,1.139301,1,0,0.00181998557921034
11394,1.139351,1.139401,1,0,0.00181998557921034
11395,1.139451,1.139501,1,0,0.00181998557921034
11396,1.139551,1.139601,1,0,0.00181998557921034
11397,1.139651,1.139701,1,0,0.00181998557921034
11398,1.139751,1.139801,1,0,0.00181998557921034
11399,1.139851,1.139901,1,0,0.00181998557921034
11400,1.139951,1.140001,1,0,0.00223584956017191
11401,1.140051,1.140101,1,0,0.00223584956017191
11402,1.140151,1.140201,1,0,0.00223584956017191
11403,1.140251,1.140301,1,0,0.00223584956017191
11404,1.140351,1.140401,1,0,0.00223584956017191
11405,1.140451,1.140501,1,0,0.00223584956017191
11406,1.140551,1.140601,1,0,0.00223584956017191
11407,1.140651,1.140701,1,0,0.00223584956017191
11408,1.140751,1.140801,1,0,0.00223584956017191
11409,1.140851,1.140901,1,0,0.00223584956017191
11410,1.140951,1.141001,1,0,0.00265406649859895
11411,1.141051,1.141101,1,0,0.00265406649859895
11412,1.141151,1.141201,1,0,0.00265406649859895
11413,1.141251,1.141301,1,0,0.00265406649859895
11414,1.141351,1.141401,1,0,0.00265406649859895
11415,1.141451,1.141501,1,0,0.00265406649859895
11416,1.141551,1.141601,1,0,0.00265406649859895
11417,1.141651,1.141701,1,0,0.00265406649859895
11418,1.141751,1.141801,1,0,0.00265406649859895
11419,1.141851,1.141901,1,0,0.00265406649859895
11420,1.141951,1.142001,1,0,0.0030802964175612
11421,1.142051,1.142101,1,0,0.0030802964175612
11422,1.142151,1.142201,1,0,0.0030802964175612
11423,1.142251,1.142301,1,0,0.0030802964175612
11424,1.142351,1.142401,1,0,0.0030802964175612
11425,1.142451,1.142501,1,0,0.0030802964175612
11426,1.142551,1.142601,1,0,0.0030802964175612
11427,1.142651,1.142701,1,0,0.0030802964175612
11428,1.142751,1.142801,1,0,0.0030802964175612
11429,1.142851,1.142901,1,0,0.0030802964175612
11430,1.142951,1.143001,1,0,0.00350878244723719
11431,1.143051,1.143101,1,0,0.00350878244723719
11432,1.143151,1.143201,1,0,0.00350878244723719
11433,1.143251,1.143301,1,0,0.00350878244723719
11434,1.143351,1.143401,1,0,0.00350878244723719
11435,1.143451,1.143501,1,0,0.00350878244723719
11436,1.143551,1.143601,1,0,0.00350878244723719
11437,1.143651,1.143701,1,0,0.00350878244723719
11438,1.143751,1.143801,1,0,0.00350878244723719
11439,1.143851,1.143901,1,0,0.00350878244723719
11440,1.143951,1.144001,1,0,0.00393298769631107
11441,1.144051,1.144101,1,0,0.00393298769631107
11442,1.144151,1.144201,1,0,0.00393298769631107
11443,1.144251,1.144301,1,0,0.00393298769631107
11444,1.144351,1.144401,1,0,0.00393298769631107
11445,1.144451,1.144501,1,0,0.00393298769631107
11446,1.144551,1.144601,1,0,0.00393298769631107
11447,1.144651,1.144701,1,0,0.00393298769631107
11448,1.144751,1.144801,1,0,0.00393298769631107
11449,1.144851,1.144901,1,0,0.00393298769631107
11450,1.144951,1.145001,1,0,0.00435283579787442
11451,1.145051,1.145101,1,0,0.00435283579787442
11452,1.145151,1.145201,1,0,0.00435283579787442
11453,1.145251,1.145301,1,0,0.00435283579787442
11454,1.145351,1.145401,1,0,0.00435283579787442
11455,1.145451,1.145501,1,0,0.00435283579787442
11456,1.145551,1.145601,1,0,0.00435283579787442
11457,1.145651,1.145701,1,0,0.00435283579787442
11458,1.145751,1.145801,1,0,0.00435283579787442
11459,1.145851,1.145901,1,0,0.00435283579787442
11460,1.145951,1.146001,1,0,0.00476343958487084
11461,1.146051,1.146101,1,0,0.00476343958487084
11462,1.146151,1.146201,1,0,0.00476343958487084
11463,1.146251,1.146301,1,0,0.00476343958487084
11464,1.146351,1.146401,1,0,0.00476343958487084
11465,1.146451,1.146501,1,0,0.00476343958487084
11466,1.146551,1.146601,1,0,0.00476343958487084
11467,1.146651,1.146701,1,0,0.00476343958487084
11468,1.146751,1.146801,1,0,0.00476343958487084
11469,1.146851,1.146901,1,0,0.00476343958487084
11470,1.146951,1.147001,1,0,0.00516351658023656
11471,1.147051,1.147101,1,0,0.00516351658023656
11472,1.147151,1.147201,1,0,0.00516351658023656
11473,1.147251,1.147301,1,0,0.00516351658023656
11474,1.147351,1.147401,1,0,0.00516351658023656
11475,1.147451,1.147501,1,0,0.00516351658023656
11476,1.147551,1.147601,1,0,0.00516351658023656
11477,1.147651,1.147701,1,0,0.00516351658023656
11478,1.147751,1.147801,1,0,0.00516351658023656
11479,1.147851,1.147901,1,0,0.00516351658023656
11480,1.147951,1.148001,1,0,0.00555802552517376
11481,1.148051,1.148101,1,0,0.00555802552517376
11482,1.148151,1.148201,1,0,0.00555802552517376
11483,1.148251,1.148301,1,0,0.00555802552517376
11484,1.148351,1.148401,1,0,0.00555802552517376
11485,1.148451,1.148501,1,0,0.00555802552517376
11486,1.148551,1.148601,1,0,0.00555802552517376
11487,1.148651,1.148701,1,0,0.00555802552517376
11488,1.148751,1.148801,1,0,0.00555802552517376
11489,1.148851,1.148901,1,0,0.00555802552517376
11490,1.148951,1.149001,1,0,0.00594699398755666
11491,1.149051,1.149101,1,0,0.00594699398755666
11492,1.149151,1.149201,1,0,0.00594699398755666
11493,1.149251,1.149301,1,0,0.00594699398755666
11494,1.149351,1.149401,1,0,0.00594699398755666
11495,1.149451,1.149501,1,0,0.00594699398755666
11496,1.149551,1.149601,1,0,0.00594699398755666
11497,1.149651,1.149701,1,0,0.00594699398755666
11498,1.149751,1.149801,1,0,0.00594699398755666
11499,1.149851,1.149901,1,0,0.00594699398755666
11500,1.149951,1.150001,1,0,0.00631606182366648
11501,1.150051,1.150101,1,0,0.00631606182366648
11502,1.150151,1.150201,1,0,0.00631606182366648
11503,1.150251,1.150301,1,0,0.00631606182366648
11504,1.150351,1.150401,1,0,0.00631606182366648
11505,1.150451,1.150501,1,0,0.00631606182366648
11506,1.150551,1.150601,1,0,0.00631606182366648
11507,1.150651,1.150701,1,0,0.00631606182366648
11508,1.150751,1.150801,1,0,0.00631606182366648
11509,1.150851,1.150901,1,0,0.00631606182366648
11510,1.150951,1.151001,1,0,0.00666966226522354
11511,1.151051,1.151101,1,0,0.00666966226522354
11512,1.151151,1.151201,1,0,0.00666966226522354
11513,1.151251,1.151301,1,0,0.00666966226522354
11514,1.151351,1.151401,1,0,0.00666966226522354
11515,1.151451,1.151501,1,0,0.00666966226522354
11516,1.151551,1.151601,1,0,0.00666966226522354
11517,1.151651,1.151701,1,0,0.00666966226522354
11518,1.151751,1.151801,1,0,0.00666966226522354
11519,1.151851,1.151901,1,0,0.00666966226522354
11520,1.151951,1.152001,1,0,0.00701485575739929
11521,1.152051,1.152101,1,0,0.00701485575739929
11522,1.152151,1.152201,1,0,0.00701485575739929
11523,1.152251,1.152301,1,0,0.00701485575739929
11524,1.152351,1.152401,1,0,0.00701485575739929
11525,1.152451,1.152501,1,0,0.00701485575739929
11526,1.152551,1.152601,1,0,0.00701485575739929
11527,1.152651,1.152701,1,0,0.00701485575739929
11528,1.152751,1.152801,1,0,0.00701485575739929
11529,1.152851,1.152901,1,0,0.00701485575739929
11530,1.152951,1.153001,1,0,0.00734108979812644
11531,1.153051,1.153101,1,0,0.00734108979812644
11532,1.153151,1.153201,1,0,0.00734108979812644
11533,1.153251,1.153301,1,0,0.00734108979812644
11534,1.153351,1.153401,1,0,0.00734108979812644
11535,1.153451,1.153501,1,0,0.00734108979812644
11536,1.153551,1.153601,1,0,0.00734108979812644
11537,1.153651,1.153701,1,0,0.00734108979812644
11538,1.153751,1.153801,1,0,0.00734108979812644
11539,1.153851,1.153901,1,0,0.00734108979812644
11540,1.153951,1.154001,1,0,0.00764411691483144
11541,1.154051,1.154101,1,0,0.00764411691483144
11542,1.154151,1.154201,1,0,0.00764411691483144
11543,1.154251,1.154301,1,0,0.00764411691483144
11544,1.154351,1.154401,1,0,0.00764411691483144
11545,1.154451,1.154501,1,0,0.00764411691483144
11546,1.154551,1.154601,1,0,0.00764411691483144
11547,1.154651,1.154701,1,0,0.00764411691483144
11548,1.154751,1.154801,1,0,0.00764411691483144
11549,1.154851,1.154901,1,0,0.00764411691483144
11550,1.154951,1.155001,1,0,0.00792117285000685
11551,1.155051,1.155101,1,0,0.00792117285000685
11552,1.155151,1.155201,1,0,0.00792117285000685
11553,1.155251,1.155301,1,0,0.00792117285000685
11554,1.155351,1.155401,1,0,0.00792117285000685
11555,1.155451,1.155501,1,0,0.00792117285000685
11556,1.155551,1.155601,1,0,0.00792117285000685
11557,1.155651,1.155701,1,0,0.00792117285000685
11558,1.155751,1.155801,1,0,0.00792117285000685
11559,1.155851,1.155901,1,0,0.00792117285000685
11560,1.155951,1.156001,1,0,0.00816990893006817
11561,1.156051,1.156101,1,0,0.00816990893006817
11562,1.156151,1.156201,1,0,0.00816990893006817
11563,1.156251,1.156301,1,0,0.00816990893006817
11564,1.156351,1.156401,1,0,0.00816990893006817
11565,1.156451,1.156501,1,0,0.00816990893006817
11566,1.156551,1.156601,1,0,0.00816990893006817
11567,1.156651,1.156701,1,0,0.00816990893006817
11568,1.156751,1.156801,1,0,0.00816990893006817
11569,1.156851,1.156901,1,0,0.00816990893006817
11570,1.156951,1.157001,1,0,0.00651356951430893
11571,1.157051,1.157101,1,0,0.00651356951430893
11572,1.157151,1.157201,1,0,0.00651356951430893
11573,1.157251,1.157301,1,0,0.00651356951430893
11574,1.157351,1.157401,1,0,0.00651356951430893
11575,1.157451,1.157501,1,0,0.00651356951430893
11576,1.157551,1.157601,1,0,0.00651356951430893
11577,1.157651,1.157701,1,0,0.00651356951430893
11578,1.157751,1.157801,1,0,0.00651356951430893
11579,1.157851,1.157901,1,0,0.00651356951430893
11580,1.157951,1.158001,1,0,0.00414889888543316
11581,1.158051,1.158101,1,0,0.00414889888543316
11582,1.158151,1.158201,1,0,0.00414889888543316
11583,1.158251,1.158301,1,0,0.00414889888543316
11584,1.158351,1.158401,1,0,0.00414889888543316
11585,1.158451,1.158501,1,0,0.00414889888543316
11586,1.158551,1.158601,1,0,0.00414889888543316
11587,1.158651,1.158701,1,0,0.00414889888543316
11588,1.158751,1.158801,1,0,0.00414889888543316
11589,1.158851,1.158901,1,0,0.00414889888543316
11590,1.158951,1.159001,1,0,0.00229642402723136
11591,1.159051,1.159101,1,0,0.00229642402723136
11592,1.159151,1.159201,1,0,0.00229642402723136
11593,1.159251,1.159301,1,0,0.00229642402723136
11594,1.159351,1.159401,1,0,0.00229642402723136
11595,1.159451,1.159501,1,0,0.00229642402723136
11596,1.159551,1.159601,1,0,0.00229642402723136
11597,1.159651,1.159701,1,0,0.00229642402723136
11598,1.159751,1.159801,1,0,0.00229642402723136
11599,1.159851,1.159901,1,0,0.00229642402723136
11600,1.159951,1.160001,1,0,0.000953211597791782
11601,1.160051,1.160101,1,0,0.000953211597791782
11602,1.160151,1.160201,1,0,0.000953211597791782
11603,1.160251,1.160301,1,0,0.000953211597791782
11604,1.160351,1.160401,1,0,0.000953211597791782
11605,1.160451,1.160501,1,0,0.000953211597791782
11606,1.160551,1.160601,1,0,0.000953211597791782
11607,1.160651,1.160701,1,0,0.000953211597791782
11608,1.160751,1.160801,1,0,0.000953211597791782
11609,1.160851,1.160901,1,0,0.000953211597791782
11610,1.160951,1.161001,1,0,0.000221518123561168
11611,1.161051,1.161101,1,0,0.000221518123561168
11612,1.161151,1.161201,1,0,0.000221518123561168
11613,1.161251,1.161301,1,0,0.000221518123561168
11614,1.161351,1.161401,1,0,0.000221518123561168
11615,1.161451,1.161501,1,0,0.000221518123561168
11616,1.161551,1.161601,1,0,0.000221518123561168
11617,1.161651,1.161701,1,0,0.000221518123561168
11618,1.161751,1.161801,1,0,0.000221518123561168
11619,1.161851,1.161901,1,0,0.000221518123561168
11620,1.161951,1.162001,1,0,-0.000265963094541477
11621,1.162051,1.162101,1,0,-0.000265963094541477
11622,1.162151,1.162201,1,0,-0.000265963094541477
11623,1.162251,1.162301,1,0,-0.000265963094541477
11624,1.162351,1.162401,1,0,-0.000265963094541477
11625,1.162451,1.162501,1,0,-0.000265963094541477
11626,1.162551,1.162601,1,0,-0.000265963094541477
11627,1.162651,1.162701,1,0,-0.000265963094541477
11628,1.162751,1.162801,1,0,-0.000265963094541477
11629,1.162851,1.162901,1,0,-0.000265963094541477
11630,1.162951,1.163001,1,0,-0.000671582976121753
11631,1.163051,1.163101,1,0,-0.000671582976121753
11632,1.163151,1.163201,1,0,-0.000671582976121753
11633,1.163251,1.163301,1,0,-0.000671582976121753
11634,1.163351,1.163401,1,0,-0.000671582976121753
11635,1.163451,1.163501,1,0,-0.000671582976121753
11636,1.163551,1.163601,1,0,-0.000671582976121753
11637,1.163651,1.163701,1,0,-0.000671582976121753
11638,1.163751,1.163801,1,0,-0.000671582976121753
11639,1.163851,1.163901,1,0,-0.000671582976121753
11640,1.163951,1.164001,1,0,-0.00108350190800251
11641,1.164051,1.164101,1,0,-0.00108350190800251
11642,1.164151,1.164201,1,0,-0.00108350190800251
11643,1.164251,1.164301,1,0,-0.00108350190800251
11644,1.164351,1.164401,1,0,-0.00108350190800251
11645,1.164451,1.164501,1,0,-0.00108350190800251
11646,1.164551,1.164601,1,0,-0.00108350190800251
11647,1.164651,1.164701,1,0,-0.00108350190800251
11648,1.164751,1.164801,1,0,-0.00108350190800251
11649,1.164851,1.164901,1,0,-0.00108350190800251
11650,1.164951,1.165001,1,0,-0.00149961192441231
11651,1.165051,1.165101,1,0,-0.00149961192441231
11652,1.165151,1.165201,1,0,-0.00149961192441231
11653,1.165251,1.165301,1,0,-0.00149961192441231
11654,1.165351,1.165401,1,0,-0.00149961192441231
11655,1.165451,1.165501,1,0,-0.00149961192441231
11656,1.165551,1.165601,1,0,-0.00149961192441231
11657,1.165651,1.165701,1,0,-0.00149961192441231
11658,1.165751,1.165801,1,0,-0.00149961192441231
11659,1.165851,1.165901,1,0,-0.00149961192441231
11660,1.165951,1.166001,1,0,-0.00191706035281316
11661,1.166051,1.166101,1,0,-0.00191706035281316
11662,1.166151,1.166201,1,0,-0.00191706035281316
11663,1.166251,1.166301,1,0,-0.00191706035281316
11664,1.166351,1.166401,1,0,-0.00191706035281316
11665,1.166451,1.166501,1,0,-0.00191706035281316
11666,1.166551,1.166601,1,0,-0.00191706035281316
11667,1.166651,1.166701,1,0,-0.00191706035281316
11668,1.166751,1.166801,1,0,-0.00191706035281316
11669,1.166851,1.166901,1,0,-0.00191706035281316
11670,1.166951,1.167001,1,0,-0.00233402575485202
11671,1.167051,1.167101,1,0,-0.00233402575485202
11672,1.167151,1.167201,1,0,-0.00233402575485202
11673,1.167251,1.167301,1,0,-0.00233402575485202
11674,1.167351,1.167401,1,0,-0.00233402575485202
11675,1.167451,1.167501,1,0,-0.00233402575485202
11676,1.167551,1.167601,1,0,-0.00233402575485202
11677,1.167651,1.167701,1,0,-0.00233402575485202
11678,1.167751,1.167801,1,0,-0.00233402575485202
11679,1.167851,1.167901,1,0,-0.00233402575485202
11680,1.167951,1.168001,1,0,-0.002756855537008
11681,1.168051,1.168101,1,0,-0.002756855537008
11682,1.168151,1.168201,1,0,-0.002756855537008
11683,1.168251,1.168301,1,0,-0.002756855537008
11684,1.168351,1.168401,1,0,-0.002756855537008
11685,1.168451,1.168501,1,0,-0.002756855537008
11686,1.168551,1.168601,1,0,-0.002756855537008
11687,1.168651,1.168701,1,0,-0.002756855537008
11688,1.168751,1.168801,1,0,-0.002756855537008
11689,1.168851,1.168901,1,0,-0.002756855537008
11690,1.168951,1.169001,1,0,-0.0031844082969063
11691,1.169051,1.169101,1,0,-0.0031844082969063
11692,1.169151,1.169201,1,0,-0.0031844082969063
11693,1.169251,1.169301,1,0,-0.0031844082969063
11694,1.169351,1.169401,1,0,-0.0031844082969063
11695,1.169451,1.169501,1,0,-0.0031844082969063
11696,1.169551,1.169601,1,0,-0.0031844082969063
11697,1.169651,1.169701,1,0,-0.0031844082969063
11698,1.169751,1.169801,1,0,-0.0031844082969063
11699,1.169851,1.169901,1,0,-0.0031844082969063
11700,1.169951,1.170001,1,0,-0.00361417377913923
11701,1.170051,1.170101,1,0,-0.00361417377913923
11702,1.170151,1.170201,1,0,-0.00361417377913923
11703,1.170251,1.170301,1,0,-0.00361417377913923
11704,1.170351,1.170401,1,0,-0.00361417377913923
11705,1.170451,1.170501,1,0,-0.00361417377913923
11706,1.170551,1.170601,1,0,-0.00361417377913923
11707,1.170651,1.170701,1,0,-0.00361417377913923
11708,1.170751,1.170801,1,0,-0.00361417377913923
11709,1.170851,1.170901,1,0,-0.00361417377913923
11710,1.170951,1.171001,1,0,-0.0040393613605919
11711,1.171051,1.171101,1,0,-0.0040393613605919
11712,1.171151,1.171201,1,0,-0.0040393613605919
11713,1.171251,1.171301,1,0,-0.0040393613605919
11714,1.171351,1.171401,1,0,-0.0040393613605919
11715,1.171451,1.171501,1,0,-0.0040393613605919
11716,1.171551,1.171601,1,0,-0.0040393613605919
11717,1.171651,1.171701,1,0,-0.0040393613605919
11718,1.171751,1.171801,1,0,-0.0040393613605919
11719,1.171851,1.171901,1,0,-0.0040393613605919
11720,1.171951,1.172001,1,0,-0.00445950293383885
11721,1.172051,1.172101,1,0,-0.00445950293383885
11722,1.172151,1.172201,1,0,-0.00445950293383885
11723,1.172251,1.172301,1,0,-0.00445950293383885
11724,1.172351,1.172401,1,0,-0.00445950293383885
11725,1.172451,1.172501,1,0,-0.00445950293383885
11726,1.172551,1.172601,1,0,-0.00445950293383885
11727,1.172651,1.172701,1,0,-0.00445950293383885
11728,1.172751,1.172801,1,0,-0.00445950293383885
11729,1.172851,1.172901,1,0,-0.00445950293383885
11730,1.172951,1.173001,1,0,-0.00487005611356206
11731,1.173051,1.173101,1,0,-0.00487005611356206
11732,1.173151,1.173201,1,0,-0.00487005611356206
11733,1.173251,1.173301,1,0,-0.00487005611356206
11734,1.173351,1.173401,1,0,-0.00487005611356206
11735,1.173451,1.173501,1,0,-0.00487005611356206
11736,1.173551,1.173601,1,0,-0.00487005611356206
11737,1.173651,1.173701,1,0,-0.00487005611356206
11738,1.173751,1.173801,1,0,-0.00487005611356206
11739,1.173851,1.173901,1,0,-0.00487005611356206
11740,1.173951,1.174001,1,0,-0.00527224031846786
11741,1.174051,1.174101,1,0,-0.00527224031846786
11742,1.174151,1.174201,1,0,-0.00527224031846786
11743,1.174251,1.174301,1,0,-0.00527224031846786
11744,1.174351,1.174401,1,0,-0.00527224031846786
11745,1.174451,1.174501,1,0,-0.00527224031846786
11746,1.174551,1.174601,1,0,-0.00527224031846786
11747,1.174651,1.174701,1,0,-0.00527224031846786
11748,1.174751,1.174801,1,0,-0.00527224031846786
11749,1.174851,1.174901,1,0,-0.00527224031846786
11750,1.174951,1.175001,1,0,-0.00566957217297158
11751,1.175051,1.175101,1,0,-0.00566957217297158
11752,1.175151,1.175201,1,0,-0.00566957217297158
11753,1.175251,1.175301,1,0,-0.00566957217297158
11754,1.175351,1.175401,1,0,-0.00566957217297158
11755,1.175451,1.175501,1,0,-0.00566957217297158
11756,1.175551,1.175601,1,0,-0.00566957217297158
11757,1.175651,1.175701,1,0,-0.00566957217297158
11758,1.175751,1.175801,1,0,-0.00566957217297158
11759,1.175851,1.175901,1,0,-0.00566957217297158
11760,1.175951,1.176001,1,0,-0.00605972161903141
11761,1.176051,1.176101,1,0,-0.00605972161903141
11762,1.176151,1.176201,1,0,-0.00605972161903141
11763,1.176251,1.176301,1,0,-0.00605972161903141
11764,1.176351,1.176401,1,0,-0.00605972161903141
11765,1.176451,1.176501,1,0,-0.00605972161903141
11766,1.176551,1.176601,1,0,-0.00605972161903141
11767,1.176651,1.176701,1,0,-0.00605972161903141
11768,1.176751,1.176801,1,0,-0.00605972161903141
11769,1.176851,1.176901,1,0,-0.00605972161903141
11770,1.176951,1.177001,1,0,-0.00642656345154749
11771,1.177051,1.177101,1,0,-0.00642656345154749
11772,1.177151,1.177201,1,0,-0.00642656345154749
11773,1.177251,1.177301,1,0,-0.00642656345154749
11774,1.177351,1.177401,1,0,-0.00642656345154749
11775,1.177451,1.177501,1,0,-0.00642656345154749
11776,1.177551,1.177601,1,0,-0.00642656345154749
11777,1.177651,1.177701,1,0,-0.00642656345154749
11778,1.177751,1.177801,1,0,-0.00642656345154749
11779,1.177851,1.177901,1,0,-0.00642656345154749
11780,1.177951,1.178001,1,0,-0.00678231204684097
11781,1.178051,1.178101,1,0,-0.00678231204684097
11782,1.178151,1.178201,1,0,-0.00678231204684097
11783,1.178251,1.178301,1,0,-0.00678231204684097
11784,1.178351,1.178401,1,0,-0.00678231204684097
11785,1.178451,1.178501,1,0,-0.00678231204684097
11786,1.178551,1.178601,1,0,-0.00678231204684097
11787,1.178651,1.178701,1,0,-0.00678231204684097
11788,1.178751,1.178801,1,0,-0.00678231204684097
11789,1.178851,1.178901,1,0,-0.00678231204684097
11790,1.178951,1.179001,1,0,-0.00712701873565953
11791,1.179051,1.179101,1,0,-0.00712701873565953
11792,1.179151,1.179201,1,0,-0.00712701873565953
11793,1.179251,1.179301,1,0,-0.00712701873565953
11794,1.179351,1.179401,1,0,-0.00712701873565953
11795,1.179451,1.179501,1,0,-0.00712701873565953
11796,1.179551,1.179601,1,0,-0.00712701873565953
11797,1.179651,1.179701,1,0,-0.00712701873565953
11798,1.179751,1.179801,1,0,-0.00712701873565953
11799,1.179851,1.179901,1,0,-0.00712701873565953
11800,1.179951,1.180001,1,0,-0.00745095495342748
11801,1.180051,1.180101,1,0,-0.00745095495342748
11802,1.180151,1.180201,1,0,-0.00745095495342748
11803,1.180251,1.180301,1,0,-0.00745095495342748
11804,1.180351,1.180401,1,0,-0.00745095495342748
11805,1.180451,1.180501,1,0,-0.00745095495342748
11806,1.180551,1.180601,1,0,-0.00745095495342748
11807,1.180651,1.180701,1,0,-0.00745095495342748
11808,1.180751,1.180801,1,0,-0.00745095495342748
11809,1.180851,1.180901,1,0,-0.00745095495342748
11810,1.180951,1.181001,1,0,-0.00774944281467446
11811,1.181051,1.181101,1,0,-0.00774944281467446
11812,1.181151,1.181201,1,0,-0.00774944281467446
11813,1.181251,1.181301,1,0,-0.00774944281467446
11814,1.181351,1.181401,1,0,-0.00774944281467446
11815,1.181451,1.181501,1,0,-0.00774944281467446
11816,1.181551,1.181601,1,0,-0.00774944281467446
11817,1.181651,1.181701,1,0,-0.00774944281467446
11818,1.181751,1.181801,1,0,-0.00774944281467446
11819,1.181851,1.181901,1,0,-0.00774944281467446
11820,1.181951,1.182001,1,0,-0.0080213651953938
11821,1.182051,1.182101,1,0,-0.0080213651953938
11822,1.182151,1.182201,1,0,-0.0080213651953938
11823,1.182251,1.182301,1,0,-0.0080213651953938
11824,1.182351,1.182401,1,0,-0.0080213651953938
11825,1.182451,1.182501,1,0,-0.0080213651953938
11826,1.182551,1.182601,1,0,-0.0080213651953938
11827,1.182651,1.182701,1,0,-0.0080213651953938
11828,1.182751,1.182801,1,0,-0.0080213651953938
11829,1.182851,1.182901,1,0,-0.0080213651953938
11830,1.182951,1.183001,1,0,-0.00810146328881772
11831,1.183051,1.183101,1,0,-0.00810146328881772
11832,1.183151,1.183201,1,0,-0.00810146328881772
11833,1.183251,1.183301,1,0,-0.00810146328881772
11834,1.183351,1.183401,1,0,-0.00810146328881772
11835,1.183451,1.183501,1,0,-0.00810146328881772
11836,1.183551,1.183601,1,0,-0.00810146328881772
11837,1.183651,1.183701,1,0,-0.00810146328881772
11838,1.183751,1.183801,1,0,-0.00810146328881772
11839,1.183851,1.183901,1,0,-0.00810146328881772
11840,1.183951,1.184001,1,0,-0.00589187260440429
11841,1.184051,1.184101,1,0,-0.00589187260440429
11842,1.184151,1.184201,1,0,-0.00589187260440429
11843,1.184251,1.184301,1,0,-0.00589187260440429
11844,1.184351,1.184401,1,0,-0.00589187260440429
11845,1.184451,1.184501,1,0,-0.00589187260440429
11846,1.184551,1.184601,1,0,-0.00589187260440429
11847,1.184651,1.184701,1,0,-0.00589187260440429
11848,1.184751,1.184801,1,0,-0.00589187260440429
11849,1.184851,1.184901,1,0,-0.00589187260440429
11850,1.184951,1.185001,1,0,-0.00350298849812898
11851,1.185051,1.185101,1,0,-0.00350298849812898
11852,1.185151,1.185201,1,0,-0.00350298849812898
11853,1.185251,1.185301,1,0,-0.00350298849812898
11854,1.185351,1.185401,1,0,-0.00350298849812898
11855,1.185451,1.185501,1,0,-0.00350298849812898
11856,1.185551,1.185601,1,0,-0.00350298849812898
11857,1.185651,1.185701,1,0,-0.00350298849812898
11858,1.185751,1.185801,1,0,-0.00350298849812898
11859,1.185851,1.185901,1,0,-0.00350298849812898
11860,1.185951,1.186001,1,0,-0.00183253005814937
11861,1.186051,1.186101,1,0,-0.00183253005814937
11862,1.186151,1.186201,1,0,-0.00183253005814937
11863,1.186251,1.186301,1,0,-0.00183253005814937
11864,1.186351,1.186401,1,0,-0.00183253005814937
11865,1.186451,1.186501,1,0,-0.00183253005814937
11866,1.186551,1.186601,1,0,-0.00183253005814937
11867,1.186651,1.186701,1,0,-0.00183253005814937
11868,1.186751,1.186801,1,0,-0.00183253005814937
11869,1.186851,1.186901,1,0,-0.00183253005814937
11870,1.186951,1.187001,1,0,-0.000645985171491328
11871,1.187051,1.187101,1,0,-0.000645985171491328
11872,1.187151,1.187201,1,0,-0.000645985171491328
11873,1.187251,1.187301,1,0,-0.000645985171491328
11874,1.187351,1.187401,1,0,-0.000645985171491328
11875,1.187451,1.187501,1,0,-0.000645985171491328
11876,1.187551,1.187601,1,0,-0.000645985171491328
11877,1.187651,1.187701,1,0,-0.000645985171491328
11878,1.187751,1.187801,1,0,-0.000645985171491328
11879,1.187851,1.187901,1,0,-0.000645985171491328
11880,1.187951,1.188001,1,0,-0.000132590312710696
11881,1.188051,1.188101,1,0,-0.000132590312710696
11882,1.188151,1.188201,1,0,-0.000132590312710696
11883,1.188251,1.188301,1,0,-0.000132590312710696
11884,1.188351,1.188401,1,0,-0.000132590312710696
11885,1.188451,1.188501,1,0,-0.000132590312710696
11886,1.188551,1.188601,1,0,-0.000132590312710696
11887,1.188651,1.188701,1,0,-0.000132590312710696
11888,1.188751,1.188801,1,0,-0.000132590312710696
11889,1.188851,1.188901,1,0,-0.000132590312710696
11890,1.188951,1.189001,1,0,0.00025843525924364
11891,1.189051,1.189101,1,0,0.00025843525924364
11892,1.189151,1.189201,1,0,0.00025843525924364
11893,1.189251,1.189301,1,0,0.00025843525924364
11894,1.189351,1.189401,1,0,0.00025843525924364
11895,1.189451,1.189501,1,0,0.00025843525924364
11896,1.189551,1.189601,1,0,0.00025843525924364
11897,1.189651,1.189701,1,0,0.00025843525924364
11898,1.189751,1.189801,1,0,0.00025843525924364
11899,1.189851,1.189901,1,0,0.00025843525924364
11900,1.189951,1.190001,1,0,0.000657226573259345
11901,1.190051,1.190101,1,0,0.000657226573259345
11902,1.190151,1.190201,1,0,0.000657226573259345
11903,1.190251,1.190301,1,0,0.000657226573259345
11904,1.190351,1.190401,1,0,0.000657226573259345
11905,1.190451,1.190501,1,0,0.000657226573259345
11906,1.190551,1.190601,1,0,0.000657226573259345
11907,1.190651,1.190701,1,0,0.000657226573259345
11908,1.190751,1.190801,1,0,0.000657226573259345
11909,1.190851,1.190901,1,0,0.000657226573259345
11910,1.190951,1.191001,1,0,0.00106179395868734
11911,1.191051,1.191101,1,0,0.00106179395868734
11912,1.191151,1.191201,1,0,0.00106179395868734
11913,1.191251,1.191301,1,0,0.00106179395868734
11914,1.191351,1.191401,1,0,0.00106179395868734
11915,1.191451,1.191501,1,0,0.00106179395868734
11916,1.191551,1.191601,1,0,0.00106179395868734
11917,1.191651,1.191701,1,0,0.00106179395868734
11918,1.191751,1.191801,1,0,0.00106179395868734
11919,1.191851,1.191901,1,0,0.00106179395868734
11920,1.191951,1.192001,1,0,0.00147103289738526
11921,1.192051,1.192101,1,0,0.00147103289738526
11922,1.192151,1.192201,1,0,0.00147103289738526
11923,1.192251,1.192301,1,0,0.00147103289738526
11924,1.192351,1.192401,1,0,0.00147103289738526
11925,1.192451,1.192501,1,0,0.00147103289738526
11926,1.192551,1.192601,1,0,0.00147103289738526
11927,1.192651,1.192701,1,0,0.00147103289738526
11928,1.192751,1.192801,1,0,0.00147103289738526
11929,1.192851,1.192901,1,0,0.00147103289738526
11930,1.192951,1.193001,1,0,0.00188287502234037
11931,1.193051,1.193101,1,0,0.00188287502234037
11932,1.193151,1.193201,1,0,0.00188287502234037
11933,1.193251,1.193301,1,0,0.00188287502234037
11934,1.193351,1.193401,1,0,0.00188287502234037
11935,1.193451,1.193501,1,0,0.00188287502234037
11936,1.193551,1.193601,1,0,0.00188287502234037
11937,1.193651,1.193701,1,0,0.00188287502234037
11938,1.193751,1.193801,1,0,0.00188287502234037
11939,1.193851,1.193901,1,0,0.00188287502234037
11940,1.193951,1.194001,1,0,0.00229453533067966
11941,1.194051,1.194101,1,0,0.00229453533067966
11942,1.194151,1.194201,1,0,0.00229453533067966
11943,1.194251,1.194301,1,0,0.00229453533067966
11944,1.194351,1.194401,1,0,0.00229453533067966
11945,1.194451,1.194501,1,0,0.00229453533067966
11946,1.194551,1.194601,1,0,0.00229453533067966
11947,1.194651,1.194701,1,0,0.00229453533067966
11948,1.194751,1.194801,1,0,0.00229453533067966
11949,1.194851,1.194901,1,0,0.00229453533067966
11950,1.194951,1.195001,1,0,0.00270968589868142
11951,1.195051,1.195101,1,0,0.00270968589868142
11952,1.195151,1.195201,1,0,0.00270968589868142
11953,1.195251,1.195301,1,0,0.00270968589868142
11954,1.195351,1.195401,1,0,0.00270968589868142
11955,1.195451,1.195501,1,0,0.00270968589868142
11956,1.195551,1.195601,1,0,0.00270968589868142
11957,1.195651,1.195701,1,0,0.00270968589868142
11958,1.195751,1.195801,1,0,0.00270968589868142
11959,1.195851,1.195901,1,0,0.00270968589868142
11960,1.195951,1.196001,1,0,0.00313100488482701
11961,1.196051,1.196101,1,0,0.00313100488482701
11962,1.196151,1.196201,1,0,0.00313100488482701
11963,1.196251,1.196301,1,0,0.00313100488482701
11964,1.196351,1.196401,1,0,0.00313100488482701
11965,1.196451,1.196501,1,0,0.00313100488482701
11966,1.196551,1.196601,1,0,0.00313100488482701
11967,1.196651,1.196701,1,0,0.00313100488482701
11968,1.196751,1.196801,1,0,0.00313100488482701
11969,1.196851,1.196901,1,0,0.00313100488482701
11970,1.196951,1.197001,1,0,0.00355578889743281
11971,1.197051,1.197101,1,0,0.00355578889743281
11972,1.197151,1.197201,1,0,0.00355578889743281
11973,1.197251,1.197301,1,0,0.00355578889743281
11974,1.197351,1.197401,1,0,0.00355578889743281
11975,1.197451,1.197501,1,0,0.00355578889743281
11976,1.197551,1.197601,1,0,0.00355578889743281
11977,1.197651,1.197701,1,0,0.00355578889743281
11978,1.197751,1.197801,1,0,0.00355578889743281
11979,1.197851,1.197901,1,0,0.00355578889743281
11980,1.197951,1.198001,1,0,0.00397481332112549
11981,1.198051,1.198101,1,0,0.00397481332112549
11982,1.198151,1.198201,1,0,0.00397481332112549
11983,1.198251,1.198301,1,0,0.00397481332112549
11984,1.198351,1.198401,1,0,0.00397481332112549
11985,1.198451,1.198501,1,0,0.00397481332112549
11986,1.198551,1.198601,1,0,0.00397481332112549
11987,1.198651,1.198701,1,0,0.00397481332112549
11988,1.198751,1.198801,1,0,0.00397481332112549
11989,1.198851,1.198901,1,0,0.00397481332112549
11990,1.198951,1.199001,1,0,0.00438882195432183
11991,1.199051,1.199101,1,0,0.00438882195432183
11992,1.199151,1.199201,1,0,0.00438882195432183
11993,1.199251,1.199301,1,0,0.00438882195432183
11994,1.199351,1.199401,1,0,0.00438882195432183
11995,1.199451,1.199501,1,0,0.00438882195432183
11996,1.199551,1.199601,1,0,0.00438882195432183
11997,1.199651,1.199701,1,0,0.00438882195432183
11998,1.199751,1.199801,1,0,0.00438882195432183
11999,1.199851,1.199901,1,0,0.00438882195432183
12000,1.199951,0,0,0,0.00479325740179637
