source_time_s,physical_result_time_s,observed_result_time_s,source_observed_time_s,input_acceptance_cycle,result_cycle,v_ref_raw,v_meas_raw,enable,pi_reset,angle_init,test_mode,iq_ref_A,iq_ref_raw
0.0009,0.00090003,0.000901,0.000901,45001,45002,0,0,1,0,0,0,0,0
0.0019,0.00190003,0.001901,0.001901,95001,95002,0,0,1,0,0,0,0,0
0.0029,0.00290003,0.002901,0.002901,145001,145002,0,0,1,0,0,0,0,0
0.0039,0.00390003,0.003901,0.003901,195001,195002,0,0,1,0,0,0,0,0
0.0049,0.00490003,0.004901,0.004901,245001,245002,0,0,1,0,0,0,0,0
0.0059,0.00590003,0.005901,0.005901,295001,295002,0,0,1,0,0,0,0,0
0.0069,0.00690003,0.006901,0.006901,345001,345002,0,0,1,0,0,0,0,0
0.0079,0.00790003,0.007901,0.007901,395001,395002,0,0,1,0,0,0,0,0
0.0089,0.00890003,0.008901,0.008901,445001,445002,0,0,1,0,0,0,0,0
0.0099,0.00990003,0.009901,0.009901,495001,495002,0,0,1,0,0,0,0,0
0.0109,0.01090003,0.010901,0.010901,545001,545002,0,0,1,0,0,0,0,0
0.0119,0.01190003,0.011901,0.011901,595001,595002,0,0,1,0,0,0,0,0
0.0129,0.01290003,0.012901,0.012901,645001,645002,0,0,1,0,0,0,0,0
0.0139,0.01390003,0.013901,0.013901,695001,695002,0,0,1,0,0,0,0,0
0.0149,0.01490003,0.014901,0.014901,745001,745002,0,0,1,0,0,0,0,0
0.0159,0.01590003,0.015901,0.015901,795001,795002,0,0,1,0,0,0,0,0
0.0169,0.01690003,0.016901,0.016901,845001,845002,0,0,1,0,0,0,0,0
0.0179,0.01790003,0.017901,0.017901,895001,895002,0,0,1,0,0,0,0,0
0.0189,0.01890003,0.018901,0.018901,945001,945002,0,0,1,0,0,0,0,0
0.0199,0.01990003,0.019901,0.019901,995001,995002,0,0,1,0,0,0,0,0
0.0209,0.02090003,0.020901,0.020901,1045001,1045002,0,0,1,0,0,0,0,0
0.0219,0.02190003,0.021901,0.021901,1095001,1095002,0,0,1,0,0,0,0,0
0.0229,0.02290003,0.022901,0.022901,1145001,1145002,0,0,1,0,0,0,0,0
0.0239,0.02390003,0.023901,0.023901,1195001,1195002,0,0,1,0,0,0,0,0
0.0249,0.02490003,0.024901,0.024901,1245001,1245002,0,0,1,0,0,0,0,0
0.0259,0.02590003,0.025901,0.025901,1295001,1295002,0,0,1,0,0,0,0,0
0.0269,0.02690003,0.026901,0.026901,1345001,1345002,0,0,1,0,0,0,0,0
0.0279,0.02790003,0.027901,0.027901,1395001,1395002,0,0,1,0,0,0,0,0
0.0289,0.02890003,0.028901,0.028901,1445001,1445002,0,0,1,0,0,0,0,0
0.0299,0.02990003,0.029901,0.029901,1495001,1495002,0,0,1,0,0,0,0,0
0.0309,0.03090003,0.030901,0.030901,1545001,1545002,0,0,1,0,0,0,0,0
0.0319,0.03190003,0.031901,0.031901,1595001,1595002,0,0,1,0,0,0,0,0
0.0329,0.03290003,0.032901,0.032901,1645001,1645002,0,0,1,0,0,0,0,0
0.0339,0.03390003,0.033901,0.033901,1695001,1695002,0,0,1,0,0,0,0,0
0.0349,0.03490003,0.034901,0.034901,1745001,1745002,0,0,1,0,0,0,0,0
0.0359,0.03590003,0.035901,0.035901,1795001,1795002,0,0,1,0,0,0,0,0
0.0369,0.03690003,0.036901,0.036901,1845001,1845002,0,0,1,0,0,0,0,0
0.0379,0.03790003,0.037901,0.037901,1895001,1895002,0,0,1,0,0,0,0,0
0.0389,0.03890003,0.038901,0.038901,1945001,1945002,0,0,1,0,0,0,0,0
0.0399,0.03990003,0.039901,0.039901,1995001,1995002,0,0,1,0,0,0,0,0
0.0409,0.04090003,0.040901,0.040901,2045001,2045002,0,0,1,0,0,0,0,0
0.0419,0.04190003,0.041901,0.041901,2095001,2095002,0,0,1,0,0,0,0,0
0.0429,0.04290003,0.042901,0.042901,2145001,2145002,0,0,1,0,0,0,0,0
0.0439,0.04390003,0.043901,0.043901,2195001,2195002,0,0,1,0,0,0,0,0
0.0449,0.04490003,0.044901,0.044901,2245001,2245002,0,0,1,0,0,0,0,0
0.0459,0.04590003,0.045901,0.045901,2295001,2295002,0,0,1,0,0,0,0,0
0.0469,0.04690003,0.046901,0.046901,2345001,2345002,0,0,1,0,0,0,0,0
0.0479,0.04790003,0.047901,0.047901,2395001,2395002,0,0,1,0,0,0,0,0
0.0489,0.04890003,0.048901,0.048901,2445001,2445002,0,0,1,0,0,0,0,0
0.0499,0.04990003,0.049901,0.049901,2495001,2495002,0,0,1,0,0,0,0,0
0.0509,0.05090003,0.050901,0.050901,2545001,2545002,47186,0,1,0,0,0,0.000823974609375,27
0.0519,0.05190003,0.051901,0.051901,2595001,2595002,99615,8980,1,0,0,0,0.001617431640625,53
0.0529,0.05290003,0.052901,0.052901,2645001,2645002,152044,42895,1,0,0,0,0.0020751953125,68
0.0539,0.05390003,0.053901,0.053901,2695001,2695002,204472,93312,1,0,0,0,0.00225830078125,74
0.0549,0.05490003,0.054901,0.054901,2745001,2745002,256901,150712,1,0,0,0,0.0023193359375,76
0.0559,0.05590003,0.055901,0.055901,2795001,2795002,309330,212864,1,0,0,0,0.002288818359375,75
0.0569,0.05690003,0.056901,0.056901,2845001,2845002,361759,272357,1,0,0,0,0.0023193359375,76
0.0579,0.05790003,0.057901,0.057901,2895001,2895002,414188,331297,1,0,0,0,0.0023193359375,76
0.0589,0.05890003,0.058901,0.058901,2945001,2945002,466616,390932,1,0,0,0,0.0023193359375,76
0.0599,0.05990003,0.059901,0.059901,2995001,2995002,519045,450162,1,0,0,0,0.002288818359375,75
0.0609,0.06090003,0.060901,0.060901,3045001,3045002,571474,510114,1,0,0,0,0.00225830078125,74
0.0619,0.06190003,0.061901,0.061901,3095001,3095002,623903,571702,1,0,0,0,0.002197265625,72
0.0629,0.06290003,0.062901,0.062901,3145001,3145002,676332,626631,1,0,0,0,0.002227783203125,73
0.0639,0.06390003,0.063901,0.063901,3195001,3195002,728760,683160,1,0,0,0,0.002227783203125,73
0.0649,0.06490003,0.064901,0.064901,3245001,3245002,781189,742280,1,0,0,0,0.002166748046875,71
0.0659,0.06590003,0.065901,0.065901,3295001,3295002,833618,798686,1,0,0,0,0.00213623046875,70
0.0669,0.06690003,0.066901,0.066901,3345001,3345002,886047,858378,1,0,0,0,0.0020751953125,68
0.0679,0.06790003,0.067901,0.067901,3395001,3395002,938476,911352,1,0,0,0,0.002105712890625,69
0.0689,0.06890003,0.068901,0.068901,3445001,3445002,990904,966372,1,0,0,0,0.002105712890625,69
0.0699,0.06990003,0.069901,0.069901,3495001,3495002,1043333,1020925,1,0,0,0,0.002105712890625,69
0.0709,0.07090003,0.070901,0.070901,3545001,3545002,1095762,1075091,1,0,0,0,0.002105712890625,69
0.0719,0.07190003,0.071901,0.071901,3595001,3595002,1148191,1132242,1,0,0,0,0.002044677734375,67
0.0729,0.07290003,0.072901,0.072901,3645001,3645002,1200620,1180266,1,0,0,0,0.00213623046875,70
0.0739,0.07390003,0.073901,0.073901,3695001,3695002,1253048,1236394,1,0,0,0,0.002105712890625,69
0.0749,0.07490003,0.074901,0.074901,3745001,3745002,1305477,1288370,1,0,0,0,0.00213623046875,70
0.0759,0.07590003,0.075901,0.075901,3795001,3795002,1357906,1333504,1,0,0,0,0.002288818359375,75
0.0769,0.07690003,0.076901,0.076901,3845001,3845002,1410335,1382704,1,0,0,0,0.00238037109375,78
0.0779,0.07790003,0.077901,0.077901,3895001,3895002,1462764,1439939,1,0,0,0,0.0023193359375,76
0.0789,0.07890003,0.078901,0.078901,3945001,3945002,1515192,1498716,1,0,0,0,0.00225830078125,74
0.0799,0.07990003,0.079901,0.079901,3995001,3995002,1567621,1558194,1,0,0,0,0.00213623046875,70
0.0809,0.08090003,0.080901,0.080901,4045001,4045002,1620050,1615110,1,0,0,0,0.0020751953125,68
0.0819,0.08190003,0.081901,0.081901,4095001,4095002,1672479,1668970,1,0,0,0,0.0020751953125,68
0.0829,0.08290003,0.082901,0.082901,4145001,4145002,1724908,1723540,1,0,0,0,0.002044677734375,67
0.0839,0.08390003,0.083901,0.083901,4195001,4195002,1777336,1776939,1,0,0,0,0.00201416015625,66
0.0849,0.08490003,0.084901,0.084901,4245001,4245002,1829765,1833327,1,0,0,0,0.001953125,64
0.0859,0.08590003,0.085901,0.085901,4295001,4295002,1882194,1883317,1,0,0,0,0.001983642578125,65
0.0869,0.08690003,0.086901,0.086901,4345001,4345002,1934623,1933916,1,0,0,0,0.00201416015625,66
0.0879,0.08790003,0.087901,0.087901,4395001,4395002,1987052,1986025,1,0,0,0,0.00201416015625,66
0.0889,0.08890003,0.088901,0.088901,4445001,4445002,2039480,2039613,1,0,0,0,0.00201416015625,66
0.0899,0.08990003,0.089901,0.089901,4495001,4495002,2091909,2089274,1,0,0,0,0.002044677734375,67
0.0909,0.09090003,0.090901,0.090901,4545001,4545002,2144338,2143357,1,0,0,0,0.002044677734375,67
0.0919,0.09190003,0.091901,0.091901,4595001,4595002,2196767,2196997,1,0,0,0,0.00201416015625,66
0.0929,0.09290003,0.092901,0.092901,4645001,4645002,2249196,2249721,1,0,0,0,0.00201416015625,66
0.0939,0.09390003,0.093901,0.093901,4695001,4695002,2301624,2302329,1,0,0,0,0.00201416015625,66
0.0949,0.09490003,0.094901,0.094901,4745001,4745002,2354053,2356130,1,0,0,0,0.001983642578125,65
0.0959,0.09590003,0.095901,0.095901,4795001,4795002,2406482,2407887,1,0,0,0,0.001983642578125,65
0.0969,0.09690003,0.096901,0.096901,4845001,4845002,2458911,2460141,1,0,0,0,0.001983642578125,65
0.0979,0.09790003,0.097901,0.097901,4895001,4895002,2511340,2510490,1,0,0,0,0.00201416015625,66
0.0989,0.09890003,0.098901,0.098901,4945001,4945002,2563768,2565102,1,0,0,0,0.001983642578125,65
0.0999,0.09990003,0.099901,0.099901,4995001,4995002,2616197,2615153,1,0,0,0,0.00201416015625,66
0.1009,0.10090003,0.100901,0.100901,5045001,5045002,2668626,2665278,1,0,0,0,0.0020751953125,68
0.1019,0.10190003,0.101901,0.101901,5095001,5095002,2721055,2723562,1,0,0,0,0.001983642578125,65
0.1029,0.10290003,0.102901,0.102901,5145001,5145002,2773484,2769992,1,0,0,0,0.0020751953125,68
0.1039,0.10390003,0.103901,0.103901,5195001,5195002,2825912,2824073,1,0,0,0,0.002044677734375,67
0.1049,0.10490003,0.104901,0.104901,5245001,5245002,2878341,2874042,1,0,0,0,0.0020751953125,68
0.1059,0.10590003,0.105901,0.105901,5295001,5295002,2930770,2917401,1,0,0,0,0.00225830078125,74
0.1069,0.10690003,0.106901,0.106901,5345001,5345002,2983199,2966703,1,0,0,0,0.0023193359375,76
0.1079,0.10790003,0.107901,0.107901,5395001,5395002,3035628,3021332,1,0,0,0,0.0023193359375,76
0.1089,0.10890003,0.108901,0.108901,5445001,5445002,3088056,3081762,1,0,0,0,0.002197265625,72
0.1099,0.10990003,0.109901,0.109901,5495001,5495002,3140485,3138077,1,0,0,0,0.00213623046875,70
0.1109,0.11090003,0.110901,0.110901,5545001,5545002,3192914,3197015,1,0,0,0,0.00201416015625,66
0.1119,0.11190003,0.111901,0.111901,5595001,5595002,3245343,3249604,1,0,0,0,0.00201416015625,66
0.1129,0.11290003,0.112901,0.112901,5645001,5645002,3297772,3303748,1,0,0,0,0.001983642578125,65
0.1139,0.11390003,0.113901,0.113901,5695001,5695002,3350200,3355965,1,0,0,0,0.001983642578125,65
0.1149,0.11490003,0.114901,0.114901,5745001,5745002,3402629,3407901,1,0,0,0,0.001983642578125,65
0.1159,0.11590003,0.115901,0.115901,5795001,5795002,3455058,3457710,1,0,0,0,0.00201416015625,66
0.1169,0.11690003,0.116901,0.116901,5845001,5845002,3507487,3510598,1,0,0,0,0.00201416015625,66
0.1179,0.11790003,0.117901,0.117901,5895001,5895002,3559916,3561677,1,0,0,0,0.00201416015625,66
0.1189,0.11890003,0.118901,0.118901,5945001,5945002,3612344,3614210,1,0,0,0,0.00201416015625,66
0.1199,0.11990003,0.119901,0.119901,5995001,5995002,3664773,3667717,1,0,0,0,0.001983642578125,65
0.1209,0.12090003,0.120901,0.120901,6045001,6045002,3717202,3720227,1,0,0,0,0.001983642578125,65
0.1219,0.12190003,0.121901,0.121901,6095001,6095002,3769631,3772077,1,0,0,0,0.001983642578125,65
0.1229,0.12290003,0.122901,0.122901,6145001,6145002,3822060,3820600,1,0,0,0,0.002044677734375,67
0.1239,0.12390003,0.123901,0.123901,6195001,6195002,3874488,3876470,1,0,0,0,0.00201416015625,66
0.1249,0.12490003,0.124901,0.124901,6245001,6245002,3926917,3928790,1,0,0,0,0.00201416015625,66
0.1259,0.12590003,0.125901,0.125901,6295001,6295002,3979346,3979295,1,0,0,0,0.002044677734375,67
0.1269,0.12690003,0.126901,0.126901,6345001,6345002,4031775,4035042,1,0,0,0,0.001983642578125,65
0.1279,0.12790003,0.127901,0.127901,6395001,6395002,4084204,4085113,1,0,0,0,0.00201416015625,66
0.1289,0.12890003,0.128901,0.128901,6445001,6445002,4136632,4139637,1,0,0,0,0.001983642578125,65
0.1299,0.12990003,0.129901,0.129901,6495001,6495002,4189061,4189742,1,0,0,0,0.00201416015625,66
0.1309,0.13090003,0.130901,0.130901,6545001,6545002,4241490,4239947,1,0,0,0,0.002044677734375,67
0.1319,0.13190003,0.131901,0.131901,6595001,6595002,4293919,4295457,1,0,0,0,0.001983642578125,65
0.1329,0.13290003,0.132901,0.132901,6645001,6645002,4346348,4344230,1,0,0,0,0.002044677734375,67
0.1339,0.13390003,0.133901,0.133901,6695001,6695002,4398776,4398949,1,0,0,0,0.00201416015625,66
0.1349,0.13490003,0.134901,0.134901,6745001,6745002,4451205,4449111,1,0,0,0,0.002044677734375,67
0.1359,0.13590003,0.135901,0.135901,6795001,6795002,4503634,4492556,1,0,0,0,0.002227783203125,73
0.1369,0.13690003,0.136901,0.136901,6845001,6845002,4556063,4538454,1,0,0,0,0.002349853515625,77
0.1379,0.13790003,0.137901,0.137901,6895001,6895002,4608492,4594838,1,0,0,0,0.002288818359375,75
0.1389,0.13890003,0.138901,0.138901,6945001,6945002,4660920,4654091,1,0,0,0,0.002197265625,72
0.1399,0.13990003,0.139901,0.139901,6995001,6995002,4713349,4711572,1,0,0,0,0.00213623046875,70
0.1409,0.14090003,0.140901,0.140901,7045001,7045002,4765778,4768630,1,0,0,0,0.002044677734375,67
0.1419,0.14190003,0.141901,0.141901,7095001,7095002,4818207,4819910,1,0,0,0,0.0020751953125,68
0.1429,0.14290003,0.142901,0.142901,7145001,7145002,4870636,4876730,1,0,0,0,0.001983642578125,65
0.1439,0.14390003,0.143901,0.143901,7195001,7195002,4923064,4926758,1,0,0,0,0.00201416015625,66
0.1449,0.14490003,0.144901,0.144901,7245001,7245002,4975493,4979971,1,0,0,0,0.00201416015625,66
0.1459,0.14590003,0.145901,0.145901,7295001,7295002,5027922,5032601,1,0,0,0,0.001983642578125,65
0.1469,0.14690003,0.146901,0.146901,7345001,7345002,5080351,5087177,1,0,0,0,0.001953125,64
0.1479,0.14790003,0.147901,0.147901,7395001,7395002,5132780,5138331,1,0,0,0,0.001953125,64
0.1489,0.14890003,0.148901,0.148901,7445001,7445002,5185208,5183493,1,0,0,0,0.0020751953125,68
0.1499,0.14990003,0.149901,0.149901,7495001,7495002,5237637,5239059,1,0,0,0,0.00201416015625,66
0.1509,0.15090003,0.150901,0.150901,7545001,7545002,5242880,5291431,1,0,0,0,0.001220703125,40
0.1519,0.15190003,0.151901,0.151901,7595001,7595002,5242880,5325480,1,0,0,0,0.00054931640625,18
0.1529,0.15290003,0.152901,0.152901,7645001,7645002,5242880,5346263,1,0,0,0,9.1552734375e-05,3
0.1539,0.15390003,0.153901,0.153901,7695001,7695002,5242880,5350229,1,0,0,0,-0.0001220703125,-4
0.1549,0.15490003,0.154901,0.154901,7745001,7745002,5242880,5349314,1,0,0,0,-0.000244140625,-8
0.1559,0.15590003,0.155901,0.155901,7795001,7795002,5242880,5341590,1,0,0,0,-0.000274658203125,-9
0.1569,0.15690003,0.156901,0.156901,7845001,7845002,5242880,5335428,1,0,0,0,-0.00030517578125,-10
0.1579,0.15790003,0.157901,0.157901,7895001,7895002,5242880,5331080,1,0,0,0,-0.000335693359375,-11
0.1589,0.15890003,0.158901,0.158901,7945001,7945002,5242880,5319197,1,0,0,0,-0.000274658203125,-9
0.1599,0.15990003,0.159901,0.159901,7995001,7995002,5242880,5312121,1,0,0,0,-0.000244140625,-8
0.1609,0.16090003,0.160901,0.160901,8045001,8045002,5242880,5306963,1,0,0,0,-0.000244140625,-8
0.1619,0.16190003,0.161901,0.161901,8095001,8095002,5242880,5298095,1,0,0,0,-0.00018310546875,-6
0.1629,0.16290003,0.162901,0.162901,8145001,8145002,5242880,5295591,1,0,0,0,-0.000213623046875,-7
0.1639,0.16390003,0.163901,0.163901,8195001,8195002,5242880,5290089,1,0,0,0,-0.000213623046875,-7
0.1649,0.16490003,0.164901,0.164901,8245001,8245002,5242880,5286645,1,0,0,0,-0.000213623046875,-7
0.1659,0.16590003,0.165901,0.165901,8295001,8295002,5242880,5279401,1,0,0,0,-0.000152587890625,-5
0.1669,0.16690003,0.166901,0.166901,8345001,8345002,5242880,5274493,1,0,0,0,-0.0001220703125,-4
0.1679,0.16790003,0.167901,0.167901,8395001,8395002,5242880,5272979,1,0,0,0,-0.0001220703125,-4
0.1689,0.16890003,0.168901,0.168901,8445001,8445002,5242880,5267791,1,0,0,0,-9.1552734375e-05,-3
0.1699,0.16990003,0.169901,0.169901,8495001,8495002,5242880,5264741,1,0,0,0,-6.103515625e-05,-2
0.1709,0.17090003,0.170901,0.170901,8545001,8545002,5242880,5264781,1,0,0,0,-9.1552734375e-05,-3
0.1719,0.17190003,0.171901,0.171901,8595001,8595002,5242880,5262064,1,0,0,0,-6.103515625e-05,-2
0.1729,0.17290003,0.172901,0.172901,8645001,8645002,5242880,5260966,1,0,0,0,-9.1552734375e-05,-3
0.1739,0.17390003,0.173901,0.173901,8695001,8695002,5242880,5256894,1,0,0,0,-3.0517578125e-05,-1
0.1749,0.17490003,0.174901,0.174901,8745001,8745002,5242880,5258345,1,0,0,0,-9.1552734375e-05,-3
0.1759,0.17590003,0.175901,0.175901,8795001,8795002,5242880,5257783,1,0,0,0,-9.1552734375e-05,-3
0.1769,0.17690003,0.176901,0.176901,8845001,8845002,5242880,5250767,1,0,0,0,0,0
0.1779,0.17790003,0.177901,0.177901,8895001,8895002,5242880,5249235,1,0,0,0,3.0517578125e-05,1
0.1789,0.17890003,0.178901,0.178901,8945001,8945002,5242880,5248513,1,0,0,0,3.0517578125e-05,1
0.1799,0.17990003,0.179901,0.179901,8995001,8995002,5242880,5248926,1,0,0,0,0,0
0.1809,0.18090003,0.180901,0.180901,9045001,9045002,5242880,5249923,1,0,0,0,0,0
0.1819,0.18190003,0.181901,0.181901,9095001,9095002,5242880,5249902,1,0,0,0,-3.0517578125e-05,-1
0.1829,0.18290003,0.182901,0.182901,9145001,9145002,5242880,5250354,1,0,0,0,-3.0517578125e-05,-1
0.1839,0.18390003,0.183901,0.183901,9195001,9195002,5242880,5251917,1,0,0,0,-9.1552734375e-05,-3
0.1849,0.18490003,0.184901,0.184901,9245001,9245002,5242880,5249144,1,0,0,0,-3.0517578125e-05,-1
0.1859,0.18590003,0.185901,0.185901,9295001,9295002,5242880,5245266,1,0,0,0,0,0
0.1869,0.18690003,0.186901,0.186901,9345001,9345002,5242880,5245290,1,0,0,0,0,0
0.1879,0.18790003,0.187901,0.187901,9395001,9395002,5242880,5246685,1,0,0,0,-3.0517578125e-05,-1
0.1889,0.18890003,0.188901,0.188901,9445001,9445002,5242880,5247762,1,0,0,0,-3.0517578125e-05,-1
0.1899,0.18990003,0.189901,0.189901,9495001,9495002,5242880,5249380,1,0,0,0,-6.103515625e-05,-2
0.1909,0.19090003,0.190901,0.190901,9545001,9545002,5242880,5244156,1,0,0,0,0,0
0.1919,0.19190003,0.191901,0.191901,9595001,9595002,5242880,5243997,1,0,0,0,0,0
0.1929,0.19290003,0.192901,0.192901,9645001,9645002,5242880,5243844,1,0,0,0,0,0
0.1939,0.19390003,0.193901,0.193901,9695001,9695002,5242880,5245033,1,0,0,0,0,0
0.1949,0.19490003,0.194901,0.194901,9745001,9745002,5242880,5243493,1,0,0,0,0,0
0.1959,0.19590003,0.195901,0.195901,9795001,9795002,5242880,5242374,1,0,0,0,3.0517578125e-05,1
0.1969,0.19690003,0.196901,0.196901,9845001,9845002,5242880,5242876,1,0,0,0,3.0517578125e-05,1
0.1979,0.19790003,0.197901,0.197901,9895001,9895002,5242880,5245152,1,0,0,0,-3.0517578125e-05,-1
0.1989,0.19890003,0.198901,0.198901,9945001,9945002,5242880,5244353,1,0,0,0,0,0
0.1999,0.19990003,0.199901,0.199901,9995001,9995002,5242880,5241956,1,0,0,0,3.0517578125e-05,1
0.2009,0.20090003,0.200901,0.200901,10045001,10045002,5242880,4724595,1,0,0,0,0.008941650390625,293
0.2019,0.20190003,0.201901,0.201901,10095001,10095002,5242880,4310380,1,0,0,0,0.016754150390625,549
0.2029,0.20290003,0.202901,0.202901,10145001,10145002,5242880,4105636,1,0,0,0,0.021575927734375,707
0.2039,0.20390003,0.203901,0.203901,10195001,10195002,5242880,4047096,1,0,0,0,0.024139404296875,791
0.2049,0.20490003,0.204901,0.204901,10245001,10245002,5242880,4063317,1,0,0,0,0.0255126953125,836
0.2059,0.20590003,0.205901,0.205901,10295001,10295002,5242880,4128501,1,0,0,0,0.0260009765625,852
0.2069,0.20690003,0.206901,0.206901,10345001,10345002,5242880,4216952,1,0,0,0,0.026031494140625,853
0.2079,0.20790003,0.207901,0.207901,10395001,10395002,5242880,4305985,1,0,0,0,0.025909423828125,849
0.2089,0.20890003,0.208901,0.208901,10445001,10445002,5242880,4396371,1,0,0,0,0.025634765625,840
0.2099,0.20990003,0.209901,0.209901,10495001,10495002,5242880,4478257,1,0,0,0,0.025390625,832
0.2109,0.21090003,0.210901,0.210901,10545001,10545002,5242880,4555325,1,0,0,0,0.025115966796875,823
0.2119,0.21190003,0.211901,0.211901,10595001,10595002,5242880,4623288,1,0,0,0,0.02490234375,816
0.2129,0.21290003,0.212901,0.212901,10645001,10645002,5242880,4686232,1,0,0,0,0.024658203125,808
0.2139,0.21390003,0.213901,0.213901,10695001,10695002,5242880,4741827,1,0,0,0,0.02447509765625,802
0.2149,0.21490003,0.214901,0.214901,10745001,10745002,5242880,4794612,1,0,0,0,0.024261474609375,795
0.2159,0.21590003,0.215901,0.215901,10795001,10795002,5242880,4842807,1,0,0,0,0.0240478515625,788
0.2169,0.21690003,0.216901,0.216901,10845001,10845002,5242880,4882428,1,0,0,0,0.02392578125,784
0.2179,0.21790003,0.217901,0.217901,10895001,10895002,5242880,4920013,1,0,0,0,0.023773193359375,779
0.2189,0.21890003,0.218901,0.218901,10945001,10945002,5242880,4956238,1,0,0,0,0.023590087890625,773
0.2199,0.21990003,0.219901,0.219901,10995001,10995002,5242880,4983275,1,0,0,0,0.023529052734375,771
0.2209,0.22090003,0.220901,0.220901,11045001,11045002,5242880,5009670,1,0,0,0,0.023406982421875,767
0.2219,0.22190003,0.221901,0.221901,11095001,11095002,5242880,5034601,1,0,0,0,0.0233154296875,764
0.2229,0.22290003,0.222901,0.222901,11145001,11145002,5242880,5052841,1,0,0,0,0.023284912109375,763
0.2239,0.22390003,0.223901,0.223901,11195001,11195002,5242880,5075855,1,0,0,0,0.023162841796875,759
0.2249,0.22490003,0.224901,0.224901,11245001,11245002,5242880,5092570,1,0,0,0,0.023101806640625,757
0.2259,0.22590003,0.225901,0.225901,11295001,11295002,5242880,5109769,1,0,0,0,0.02301025390625,754
0.2269,0.22690003,0.226901,0.226901,11345001,11345002,5242880,5119230,1,0,0,0,0.02301025390625,754
0.2279,0.22790003,0.227901,0.227901,11395001,11395002,5242880,5130891,1,0,0,0,0.022979736328125,753
0.2289,0.22890003,0.228901,0.228901,11445001,11445002,5242880,5146999,1,0,0,0,0.022857666015625,749
0.2299,0.22990003,0.229901,0.229901,11495001,11495002,5242880,5152297,1,0,0,0,0.022918701171875,751
0.2309,0.23090003,0.230901,0.230901,11545001,11545002,5242880,5163554,1,0,0,0,0.0228271484375,748
0.2319,0.23190003,0.231901,0.231901,11595001,11595002,5242880,5175024,1,0,0,0,0.02276611328125,746
0.2329,0.23290003,0.232901,0.232901,11645001,11645002,5242880,5179124,1,0,0,0,0.02276611328125,746
0.2339,0.23390003,0.233901,0.233901,11695001,11695002,5242880,5184262,1,0,0,0,0.02276611328125,746
0.2349,0.23490003,0.234901,0.234901,11745001,11745002,5242880,5191521,1,0,0,0,0.022735595703125,745
0.2359,0.23590003,0.235901,0.235901,11795001,11795002,5242880,5194873,1,0,0,0,0.022735595703125,745
0.2369,0.23690003,0.236901,0.236901,11845001,11845002,5242880,5203589,1,0,0,0,0.022674560546875,743
0.2379,0.23790003,0.237901,0.237901,11895001,11895002,5242880,5205794,1,0,0,0,0.022674560546875,743
0.2389,0.23890003,0.238901,0.238901,11945001,11945002,5242880,5214296,1,0,0,0,0.0225830078125,740
0.2399,0.23990003,0.239901,0.239901,11995001,11995002,5242880,5213965,1,0,0,0,0.022613525390625,741
0.2409,0.24090003,0.240901,0.240901,12045001,12045002,5242880,5214224,1,0,0,0,0.022674560546875,743
0.2419,0.24190003,0.241901,0.241901,12095001,12095002,5242880,5221358,1,0,0,0,0.0225830078125,740
0.2429,0.24290003,0.242901,0.242901,12145001,12145002,5242880,5224179,1,0,0,0,0.022552490234375,739
0.2439,0.24390003,0.243901,0.243901,12195001,12195002,5242880,5224437,1,0,0,0,0.0225830078125,740
0.2449,0.24490003,0.244901,0.244901,12245001,12245002,5242880,5225983,1,0,0,0,0.0225830078125,740
0.2459,0.24590003,0.245901,0.245901,12295001,12295002,5242880,5223891,1,0,0,0,0.02264404296875,742
0.2469,0.24690003,0.246901,0.246901,12345001,12345002,5242880,5230377,1,0,0,0,0.022552490234375,739
0.2479,0.24790003,0.247901,0.247901,12395001,12395002,5242880,5231337,1,0,0,0,0.022552490234375,739
0.2489,0.24890003,0.248901,0.248901,12445001,12445002,5242880,5233127,1,0,0,0,0.022552490234375,739
0.2499,0.24990003,0.249901,0.249901,12495001,12495002,5242880,5228895,1,0,0,0,0.022613525390625,741
0.2509,0.25090003,0.250901,0.250901,12545001,12545002,5242880,5752375,1,0,0,0,0.013641357421875,447
0.2519,0.25190003,0.251901,0.251901,12595001,12595002,5242880,6168717,1,0,0,0,0.005767822265625,189
0.2529,0.25290003,0.252901,0.252901,12645001,12645002,5242880,6379136,1,0,0,0,0.000885009765625,29
0.2539,0.25390003,0.253901,0.253901,12695001,12695002,5242880,6434173,1,0,0,0,-0.001617431640625,-53
0.2549,0.25490003,0.254901,0.254901,12745001,12745002,5242880,6412383,1,0,0,0,-0.002899169921875,-95
0.2559,0.25590003,0.255901,0.255901,12795001,12795002,5242880,6351213,1,0,0,0,-0.003448486328125,-113
0.2569,0.25690003,0.256901,0.256901,12845001,12845002,5242880,6266009,1,0,0,0,-0.003509521484375,-115
0.2579,0.25790003,0.257901,0.257901,12895001,12895002,5242880,6176471,1,0,0,0,-0.00335693359375,-110
0.2589,0.25890003,0.258901,0.258901,12945001,12945002,5242880,6090351,1,0,0,0,-0.003173828125,-104
0.2599,0.25990003,0.259901,0.259901,12995001,12995002,5242880,6007863,1,0,0,0,-0.0029296875,-96
0.2609,0.26090003,0.260901,0.260901,13045001,13045002,5242880,5925309,1,0,0,0,-0.0025634765625,-84
0.2619,0.26190003,0.261901,0.261901,13095001,13095002,5242880,5862124,1,0,0,0,-0.002410888671875,-79
0.2629,0.26290003,0.262901,0.262901,13145001,13145002,5242880,5799215,1,0,0,0,-0.002166748046875,-71
0.2639,0.26390003,0.263901,0.263901,13195001,13195002,5242880,5738158,1,0,0,0,-0.00189208984375,-62
0.2649,0.26490003,0.264901,0.264901,13245001,13245002,5242880,5686656,1,0,0,0,-0.001678466796875,-55
0.2659,0.26590003,0.265901,0.265901,13295001,13295002,5242880,5643792,1,0,0,0,-0.001556396484375,-51
0.2669,0.26690003,0.266901,0.266901,13345001,13345002,5242880,5603537,1,0,0,0,-0.001434326171875,-47
0.2679,0.26790003,0.267901,0.267901,13395001,13395002,5242880,5567612,1,0,0,0,-0.001312255859375,-43
0.2689,0.26890003,0.268901,0.268901,13445001,13445002,5242880,5531640,1,0,0,0,-0.001129150390625,-37
0.2699,0.26990003,0.269901,0.269901,13495001,13495002,5242880,5500504,1,0,0,0,-0.0009765625,-32
0.2709,0.27090003,0.270901,0.270901,13545001,13545002,5242880,5472359,1,0,0,0,-0.0008544921875,-28
0.2719,0.27190003,0.271901,0.271901,13595001,13595002,5242880,5453161,1,0,0,0,-0.0008544921875,-28
0.2729,0.27290003,0.272901,0.272901,13645001,13645002,5242880,5429463,1,0,0,0,-0.000732421875,-24
0.2739,0.27390003,0.273901,0.273901,13695001,13695002,5242880,5411665,1,0,0,0,-0.00067138671875,-22
0.2749,0.27490003,0.274901,0.274901,13745001,13745002,5242880,5390726,1,0,0,0,-0.00054931640625,-18
0.2759,0.27590003,0.275901,0.275901,13795001,13795002,5242880,5378411,1,0,0,0,-0.00054931640625,-18
0.2769,0.27690003,0.276901,0.276901,13845001,13845002,5242880,5360447,1,0,0,0,-0.00042724609375,-14
0.2779,0.27790003,0.277901,0.277901,13895001,13895002,5242880,5348326,1,0,0,0,-0.0003662109375,-12
0.2789,0.27890003,0.278901,0.278901,13945001,13945002,5242880,5339200,1,0,0,0,-0.0003662109375,-12
0.2799,0.27990003,0.279901,0.279901,13995001,13995002,5242880,5332783,1,0,0,0,-0.0003662109375,-12
0.2809,0.28090003,0.280901,0.280901,14045001,14045002,5242880,5324152,1,0,0,0,-0.0003662109375,-12
0.2819,0.28190003,0.281901,0.281901,14095001,14095002,5242880,5309843,1,0,0,0,-0.000213623046875,-7
0.2829,0.28290003,0.282901,0.282901,14145001,14145002,5242880,5306652,1,0,0,0,-0.000244140625,-8
0.2839,0.28390003,0.283901,0.283901,14195001,14195002,5242880,5296829,1,0,0,0,-0.00018310546875,-6
0.2849,0.28490003,0.284901,0.284901,14245001,14245002,5242880,5291739,1,0,0,0,-0.000152587890625,-5
0.2859,0.28590003,0.285901,0.285901,14295001,14295002,5242880,5288856,1,0,0,0,-0.00018310546875,-6
0.2869,0.28690003,0.286901,0.286901,14345001,14345002,5242880,5286225,1,0,0,0,-0.000213623046875,-7
0.2879,0.28790003,0.287901,0.287901,14395001,14395002,5242880,5277928,1,0,0,0,-0.0001220703125,-4
0.2889,0.28890003,0.288901,0.288901,14445001,14445002,5242880,5273801,1,0,0,0,-9.1552734375e-05,-3
0.2899,0.28990003,0.289901,0.289901,14495001,14495002,5242880,5275971,1,0,0,0,-0.00018310546875,-6
0.2909,0.29090003,0.290901,0.290901,14545001,14545002,5242880,5269657,1,0,0,0,-0.0001220703125,-4
0.2919,0.29190003,0.291901,0.291901,14595001,14595002,5242880,5265577,1,0,0,0,-9.1552734375e-05,-3
0.2929,0.29290003,0.292901,0.292901,14645001,14645002,5242880,5261971,1,0,0,0,-6.103515625e-05,-2
0.2939,0.29390003,0.293901,0.293901,14695001,14695002,5242880,5263670,1,0,0,0,-9.1552734375e-05,-3
0.2949,0.29490003,0.294901,0.294901,14745001,14745002,5242880,5259073,1,0,0,0,-6.103515625e-05,-2
0.2959,0.29590003,0.295901,0.295901,14795001,14795002,5242880,5257453,1,0,0,0,-6.103515625e-05,-2
0.2969,0.29690003,0.296901,0.296901,14845001,14845002,5242880,5257438,1,0,0,0,-6.103515625e-05,-2
0.2979,0.29790003,0.297901,0.297901,14895001,14895002,5242880,5254771,1,0,0,0,-3.0517578125e-05,-1
0.2989,0.29890003,0.298901,0.298901,14945001,14945002,5242880,5252823,1,0,0,0,-3.0517578125e-05,-1
0.2999,0.29990003,0.299901,0.299901,14995001,14995002,5242880,5256109,1,0,0,0,-9.1552734375e-05,-3
0.3009,0.30090003,0.300901,0.300901,15045001,15045002,5195694,5253685,1,0,0,0,-0.000885009765625,-29
0.3019,0.30190003,0.301901,0.301901,15095001,15095002,5143265,5233680,1,0,0,0,-0.00152587890625,-50
0.3029,0.30290003,0.302901,0.302901,15145001,15145002,5090836,5199706,1,0,0,0,-0.001953125,-64
0.3039,0.30390003,0.303901,0.303901,15195001,15195002,5038408,5143830,1,0,0,0,-0.002044677734375,-67
0.3049,0.30490003,0.304901,0.304901,15245001,15245002,4985979,5101593,1,0,0,0,-0.00238037109375,-78
0.3059,0.30590003,0.305901,0.305901,15295001,15295002,4933550,5051580,1,0,0,0,-0.0025634765625,-84
0.3069,0.30690003,0.306901,0.306901,15345001,15345002,4881121,4992904,1,0,0,0,-0.00262451171875,-86
0.3079,0.30790003,0.307901,0.307901,15395001,15395002,4828692,4929190,1,0,0,0,-0.002593994140625,-85
0.3089,0.30890003,0.308901,0.308901,15445001,15445002,4776264,4863707,1,0,0,0,-0.00250244140625,-82
0.3099,0.30990003,0.309901,0.309901,15495001,15495002,4723835,4798195,1,0,0,0,-0.002410888671875,-79
0.3109,0.31090003,0.310901,0.310901,15545001,15545002,4671406,4732483,1,0,0,0,-0.00225830078125,-74
0.3119,0.31190003,0.311901,0.311901,15595001,15595002,4618977,4674398,1,0,0,0,-0.00225830078125,-74
0.3129,0.31290003,0.312901,0.312901,15645001,15645002,4566548,4614912,1,0,0,0,-0.002197265625,-72
0.3139,0.31390003,0.313901,0.313901,15695001,15695002,4514120,4554870,1,0,0,0,-0.00213623046875,-70
0.3149,0.31490003,0.314901,0.314901,15745001,15745002,4461691,4497596,1,0,0,0,-0.002105712890625,-69
0.3159,0.31590003,0.315901,0.315901,15795001,15795002,4409262,4441470,1,0,0,0,-0.002105712890625,-69
0.3169,0.31690003,0.316901,0.316901,15845001,15845002,4356833,4390315,1,0,0,0,-0.002166748046875,-71
0.3179,0.31790003,0.317901,0.317901,15895001,15895002,4304404,4332750,1,0,0,0,-0.00213623046875,-70
0.3189,0.31890003,0.318901,0.318901,15945001,15945002,4251976,4276643,1,0,0,0,-0.002105712890625,-69
0.3199,0.31990003,0.319901,0.319901,15995001,15995002,4199547,4223079,1,0,0,0,-0.002105712890625,-69
0.3209,0.32090003,0.320901,0.320901,16045001,16045002,4147118,4169032,1,0,0,0,-0.00213623046875,-70
0.3219,0.32190003,0.321901,0.321901,16095001,16095002,4094689,4114701,1,0,0,0,-0.00213623046875,-70
0.3229,0.32290003,0.322901,0.322901,16145001,16145002,4042260,4054917,1,0,0,0,-0.00201416015625,-66
0.3239,0.32390003,0.323901,0.323901,16195001,16195002,3989832,4003450,1,0,0,0,-0.002044677734375,-67
0.3249,0.32490003,0.324901,0.324901,16245001,16245002,3937403,3948675,1,0,0,0,-0.002044677734375,-67
0.3259,0.32590003,0.325901,0.325901,16295001,16295002,3884974,3896057,1,0,0,0,-0.002044677734375,-67
0.3269,0.32690003,0.326901,0.326901,16345001,16345002,3832545,3841498,1,0,0,0,-0.00201416015625,-66
0.3279,0.32790003,0.327901,0.327901,16395001,16395002,3780116,3791242,1,0,0,0,-0.0020751953125,-68
0.3289,0.32890003,0.328901,0.328901,16445001,16445002,3727688,3736902,1,0,0,0,-0.002044677734375,-67
0.3299,0.32990003,0.329901,0.329901,16495001,16495002,3675259,3685575,1,0,0,0,-0.0020751953125,-68
0.3309,0.33090003,0.330901,0.330901,16545001,16545002,3622830,3633002,1,0,0,0,-0.002105712890625,-69
0.3319,0.33190003,0.331901,0.331901,16595001,16595002,3570401,3575120,1,0,0,0,-0.00201416015625,-66
0.3329,0.33290003,0.332901,0.332901,16645001,16645002,3517972,3522083,1,0,0,0,-0.00201416015625,-66
0.3339,0.33390003,0.333901,0.333901,16695001,16695002,3465544,3480461,1,0,0,0,-0.002197265625,-72
0.3349,0.33490003,0.334901,0.334901,16745001,16745002,3413115,3435277,1,0,0,0,-0.002349853515625,-77
0.3359,0.33590003,0.335901,0.335901,16795001,16795002,3360686,3380452,1,0,0,0,-0.002349853515625,-77
0.3369,0.33690003,0.336901,0.336901,16845001,16845002,3308257,3322676,1,0,0,0,-0.002288818359375,-75
0.3379,0.33790003,0.337901,0.337901,16895001,16895002,3255828,3261917,1,0,0,0,-0.002166748046875,-71
0.3389,0.33890003,0.338901,0.338901,16945001,16945002,3203400,3204124,1,0,0,0,-0.0020751953125,-68
0.3399,0.33990003,0.339901,0.339901,16995001,16995002,3150971,3150673,1,0,0,0,-0.002044677734375,-67
0.3409,0.34090003,0.340901,0.340901,17045001,17045002,3098542,3096905,1,0,0,0,-0.002044677734375,-67
0.3419,0.34190003,0.341901,0.341901,17095001,17095002,3046113,3045299,1,0,0,0,-0.002044677734375,-67
0.3429,0.34290003,0.342901,0.342901,17145001,17145002,2993684,2990789,1,0,0,0,-0.00201416015625,-66
0.3439,0.34390003,0.343901,0.343901,17195001,17195002,2941256,2935432,1,0,0,0,-0.001953125,-64
0.3449,0.34490003,0.344901,0.344901,17245001,17245002,2888827,2883760,1,0,0,0,-0.001953125,-64
0.3459,0.34590003,0.345901,0.345901,17295001,17295002,2836398,2832942,1,0,0,0,-0.001983642578125,-65
0.3469,0.34690003,0.346901,0.346901,17345001,17345002,2783969,2782854,1,0,0,0,-0.00201416015625,-66
0.3479,0.34790003,0.347901,0.347901,17395001,17395002,2731540,2731510,1,0,0,0,-0.002044677734375,-67
0.3489,0.34890003,0.348901,0.348901,17445001,17445002,2679112,2679293,1,0,0,0,-0.002044677734375,-67
0.3499,0.34990003,0.349901,0.349901,17495001,17495002,2626683,2625261,1,0,0,0,-0.00201416015625,-66
0.3509,0.35090003,0.350901,0.350901,17545001,17545002,2574254,2574044,1,0,0,0,-0.00201416015625,-66
0.3519,0.35190003,0.351901,0.351901,17595001,17595002,2521825,2519003,1,0,0,0,-0.001983642578125,-65
0.3529,0.35290003,0.352901,0.352901,17645001,17645002,2469396,2470599,1,0,0,0,-0.002044677734375,-67
0.3539,0.35390003,0.353901,0.353901,17695001,17695002,2416968,2413976,1,0,0,0,-0.001983642578125,-65
0.3549,0.35490003,0.354901,0.354901,17745001,17745002,2364539,2364238,1,0,0,0,-0.00201416015625,-66
0.3559,0.35590003,0.355901,0.355901,17795001,17795002,2312110,2310428,1,0,0,0,-0.001983642578125,-65
0.3569,0.35690003,0.356901,0.356901,17845001,17845002,2259681,2256393,1,0,0,0,-0.001953125,-64
0.3579,0.35790003,0.357901,0.357901,17895001,17895002,2207252,2205723,1,0,0,0,-0.001983642578125,-65
0.3589,0.35890003,0.358901,0.358901,17945001,17945002,2154824,2155395,1,0,0,0,-0.00201416015625,-66
0.3599,0.35990003,0.359901,0.359901,17995001,17995002,2102395,2102863,1,0,0,0,-0.00201416015625,-66
0.3609,0.36090003,0.360901,0.360901,18045001,18045002,2049966,2051252,1,0,0,0,-0.002044677734375,-67
0.3619,0.36190003,0.361901,0.361901,18095001,18095002,1997537,1999375,1,0,0,0,-0.002044677734375,-67
0.3629,0.36290003,0.362901,0.362901,18145001,18145002,1945108,1948982,1,0,0,0,-0.0020751953125,-68
0.3639,0.36390003,0.363901,0.363901,18195001,18195002,1892680,1895861,1,0,0,0,-0.0020751953125,-68
0.3649,0.36490003,0.364901,0.364901,18245001,18245002,1840251,1847748,1,0,0,0,-0.002166748046875,-71
0.3659,0.36590003,0.365901,0.365901,18295001,18295002,1787822,1806405,1,0,0,0,-0.002349853515625,-77
0.3669,0.36690003,0.366901,0.366901,18345001,18345002,1735393,1751187,1,0,0,0,-0.002349853515625,-77
0.3679,0.36790003,0.367901,0.367901,18395001,18395002,1682964,1689627,1,0,0,0,-0.002197265625,-72
0.3689,0.36890003,0.368901,0.368901,18445001,18445002,1630536,1632059,1,0,0,0,-0.00213623046875,-70
0.3699,0.36990003,0.369901,0.369901,18495001,18495002,1578107,1577070,1,0,0,0,-0.0020751953125,-68
0.3709,0.37090003,0.370901,0.370901,18545001,18545002,1525678,1522808,1,0,0,0,-0.002044677734375,-67
0.3719,0.37190003,0.371901,0.371901,18595001,18595002,1473249,1468667,1,0,0,0,-0.00201416015625,-66
0.3729,0.37290003,0.372901,0.372901,18645001,18645002,1420820,1415945,1,0,0,0,-0.00201416015625,-66
0.3739,0.37390003,0.373901,0.373901,18695001,18695002,1368392,1362108,1,0,0,0,-0.001983642578125,-65
0.3749,0.37490003,0.374901,0.374901,18745001,18745002,1315963,1309824,1,0,0,0,-0.001953125,-64
0.3759,0.37590003,0.375901,0.375901,18795001,18795002,1263534,1260272,1,0,0,0,-0.00201416015625,-66
0.3769,0.37690003,0.376901,0.376901,18845001,18845002,1211105,1206570,1,0,0,0,-0.001983642578125,-65
0.3779,0.37790003,0.377901,0.377901,18895001,18895002,1158676,1157027,1,0,0,0,-0.00201416015625,-66
0.3789,0.37890003,0.378901,0.378901,18945001,18945002,1106248,1103785,1,0,0,0,-0.00201416015625,-66
0.3799,0.37990003,0.379901,0.379901,18995001,18995002,1053819,1051337,1,0,0,0,-0.00201416015625,-66
0.3809,0.38090003,0.380901,0.380901,19045001,19045002,1001390,999614,1,0,0,0,-0.00201416015625,-66
0.3819,0.38190003,0.381901,0.381901,19095001,19095002,948961,945904,1,0,0,0,-0.001983642578125,-65
0.3829,0.38290003,0.382901,0.382901,19145001,19145002,896532,892131,1,0,0,0,-0.001953125,-64
0.3839,0.38390003,0.383901,0.383901,19195001,19195002,844104,844814,1,0,0,0,-0.002044677734375,-67
0.3849,0.38490003,0.384901,0.384901,19245001,19245002,791675,787990,1,0,0,0,-0.001953125,-64
0.3859,0.38590003,0.385901,0.385901,19295001,19295002,739246,735000,1,0,0,0,-0.001953125,-64
0.3869,0.38690003,0.386901,0.386901,19345001,19345002,686817,683929,1,0,0,0,-0.001983642578125,-65
0.3879,0.38790003,0.387901,0.387901,19395001,19395002,634388,632447,1,0,0,0,-0.001983642578125,-65
0.3889,0.38890003,0.388901,0.388901,19445001,19445002,581960,580491,1,0,0,0,-0.001983642578125,-65
0.3899,0.38990003,0.389901,0.389901,19495001,19495002,529531,530758,1,0,0,0,-0.002044677734375,-67
0.3909,0.39090003,0.390901,0.390901,19545001,19545002,477102,477827,1,0,0,0,-0.00201416015625,-66
0.3919,0.39190003,0.391901,0.391901,19595001,19595002,424673,424130,1,0,0,0,-0.00201416015625,-66
0.3929,0.39290003,0.392901,0.392901,19645001,19645002,372244,378071,1,0,0,0,-0.002105712890625,-69
0.3939,0.39390003,0.393901,0.393901,19695001,19695002,319816,326721,1,0,0,0,-0.00213623046875,-70
0.3949,0.39490003,0.394901,0.394901,19745001,19745002,267387,277229,1,0,0,0,-0.002197265625,-72
0.3959,0.39590003,0.395901,0.395901,19795001,19795002,214958,233714,1,0,0,0,-0.00238037109375,-78
0.3969,0.39690003,0.396901,0.396901,19845001,19845002,162529,175579,1,0,0,0,-0.002288818359375,-75
0.3979,0.39790003,0.397901,0.397901,19895001,19895002,110100,116955,1,0,0,0,-0.002197265625,-72
0.3989,0.39890003,0.398901,0.398901,19945001,19945002,57672,59542,1,0,0,0,-0.00213623046875,-70
0.3999,0.39990003,0.399901,0.399901,19995001,19995002,5243,4509,1,0,0,0,-0.0020751953125,-68
0.4009,0.40090003,0.400901,0.400901,20045001,20045002,0,-49636,1,0,0,0,-0.001251220703125,-41
0.4019,0.40190003,0.401901,0.401901,20095001,20095002,0,-85920,1,0,0,0,-0.00054931640625,-18
0.4029,0.40290003,0.402901,0.402901,20145001,20145002,0,-110107,1,0,0,0,-3.0517578125e-05,-1
0.4039,0.40390003,0.403901,0.403901,20195001,20195002,0,-105488,1,0,0,0,6.103515625e-05,2
0.4049,0.40490003,0.404901,0.404901,20245001,20245002,0,-109255,1,0,0,0,0.000274658203125,9
0.4059,0.40590003,0.405901,0.405901,20295001,20295002,0,-98532,1,0,0,0,0.000244140625,8
0.4069,0.40690003,0.406901,0.406901,20345001,20345002,0,-93733,1,0,0,0,0.000274658203125,9
0.4079,0.40790003,0.407901,0.407901,20395001,20395002,0,-90654,1,0,0,0,0.0003662109375,12
0.4089,0.40890003,0.408901,0.408901,20445001,20445002,0,-79792,1,0,0,0,0.00030517578125,10
0.4099,0.40990003,0.409901,0.409901,20495001,20495002,0,-68137,1,0,0,0,0.000213623046875,7
0.4109,0.41090003,0.410901,0.410901,20545001,20545002,0,-57572,1,0,0,0,0.0001220703125,4
0.4119,0.41190003,0.411901,0.411901,20595001,20595002,0,-58700,1,0,0,0,0.000213623046875,7
0.4129,0.41290003,0.412901,0.412901,20645001,20645002,0,-52743,1,0,0,0,0.00018310546875,6
0.4139,0.41390003,0.413901,0.413901,20695001,20695002,0,-45353,1,0,0,0,0.000152587890625,5
0.4149,0.41490003,0.414901,0.414901,20745001,20745002,0,-42733,1,0,0,0,0.000152587890625,5
0.4159,0.41590003,0.415901,0.415901,20795001,20795002,0,-50301,1,0,0,0,0.000335693359375,11
0.4169,0.41690003,0.416901,0.416901,20845001,20845002,0,-46657,1,0,0,0,0.0003662109375,12
0.4179,0.41790003,0.417901,0.417901,20895001,20895002,0,-40538,1,0,0,0,0.00030517578125,10
0.4189,0.41890003,0.418901,0.418901,20945001,20945002,0,-34462,1,0,0,0,0.000274658203125,9
0.4199,0.41990003,0.419901,0.419901,20995001,20995002,0,-29072,1,0,0,0,0.000213623046875,7
0.4209,0.42090003,0.420901,0.420901,21045001,21045002,0,-24457,1,0,0,0,0.00018310546875,6
0.4219,0.42190003,0.421901,0.421901,21095001,21095002,0,-20555,1,0,0,0,0.000152587890625,5
0.4229,0.42290003,0.422901,0.422901,21145001,21145002,0,-17268,1,0,0,0,0.0001220703125,4
0.4239,0.42390003,0.423901,0.423901,21195001,21195002,0,-14506,1,0,0,0,9.1552734375e-05,3
0.4249,0.42490003,0.424901,0.424901,21245001,21245002,0,-12184,1,0,0,0,6.103515625e-05,2
0.4259,0.42590003,0.425901,0.425901,21295001,21295002,0,-10234,1,0,0,0,6.103515625e-05,2
0.4269,0.42690003,0.426901,0.426901,21345001,21345002,0,-8596,1,0,0,0,3.0517578125e-05,1
0.4279,0.42790003,0.427901,0.427901,21395001,21395002,0,-7220,1,0,0,0,3.0517578125e-05,1
0.4289,0.42890003,0.428901,0.428901,21445001,21445002,0,-6065,1,0,0,0,3.0517578125e-05,1
0.4299,0.42990003,0.429901,0.429901,21495001,21495002,0,-5094,1,0,0,0,0,0
0.4309,0.43090003,0.430901,0.430901,21545001,21545002,0,-4279,1,0,0,0,0,0
0.4319,0.43190003,0.431901,0.431901,21595001,21595002,0,-3594,1,0,0,0,0,0
0.4329,0.43290003,0.432901,0.432901,21645001,21645002,0,-3019,1,0,0,0,0,0
0.4339,0.43390003,0.433901,0.433901,21695001,21695002,0,-2535,1,0,0,0,0,0
0.4349,0.43490003,0.434901,0.434901,21745001,21745002,0,-2130,1,0,0,0,0,0
0.4359,0.43590003,0.435901,0.435901,21795001,21795002,0,-1789,1,0,0,0,-3.0517578125e-05,-1
0.4369,0.43690003,0.436901,0.436901,21845001,21845002,0,-1502,1,0,0,0,-3.0517578125e-05,-1
0.4379,0.43790003,0.437901,0.437901,21895001,21895002,0,-1262,1,0,0,0,-3.0517578125e-05,-1
0.4389,0.43890003,0.438901,0.438901,21945001,21945002,0,-1060,1,0,0,0,-3.0517578125e-05,-1
0.4399,0.43990003,0.439901,0.439901,21995001,21995002,0,-890,1,0,0,0,-3.0517578125e-05,-1
0.4409,0.44090003,0.440901,0.440901,22045001,22045002,0,-748,1,0,0,0,-3.0517578125e-05,-1
0.4419,0.44190003,0.441901,0.441901,22095001,22095002,0,-628,1,0,0,0,-3.0517578125e-05,-1
0.4429,0.44290003,0.442901,0.442901,22145001,22145002,0,-528,1,0,0,0,-3.0517578125e-05,-1
0.4439,0.44390003,0.443901,0.443901,22195001,22195002,0,-443,1,0,0,0,-3.0517578125e-05,-1
0.4449,0.44490003,0.444901,0.444901,22245001,22245002,0,-372,1,0,0,0,-3.0517578125e-05,-1
0.4459,0.44590003,0.445901,0.445901,22295001,22295002,0,-313,1,0,0,0,-3.0517578125e-05,-1
0.4469,0.44690003,0.446901,0.446901,22345001,22345002,0,-263,1,0,0,0,-3.0517578125e-05,-1
0.4479,0.44790003,0.447901,0.447901,22395001,22395002,0,-221,1,0,0,0,-3.0517578125e-05,-1
0.4489,0.44890003,0.448901,0.448901,22445001,22445002,0,-185,1,0,0,0,-3.0517578125e-05,-1
0.4499,0.44990003,0.449901,0.449901,22495001,22495002,0,-156,1,0,0,0,-3.0517578125e-05,-1
0.4509,0.45090003,0.450901,0.450901,22545001,22545002,0,-131,1,0,0,0,-3.0517578125e-05,-1
0.4519,0.45190003,0.451901,0.451901,22595001,22595002,0,-110,1,0,0,0,-3.0517578125e-05,-1
0.4529,0.45290003,0.452901,0.452901,22645001,22645002,0,-92,1,0,0,0,-3.0517578125e-05,-1
0.4539,0.45390003,0.453901,0.453901,22695001,22695002,0,-77,1,0,0,0,-3.0517578125e-05,-1
0.4549,0.45490003,0.454901,0.454901,22745001,22745002,0,-65,1,0,0,0,-3.0517578125e-05,-1
0.4559,0.45590003,0.455901,0.455901,22795001,22795002,0,-55,1,0,0,0,-3.0517578125e-05,-1
0.4569,0.45690003,0.456901,0.456901,22845001,22845002,0,-46,1,0,0,0,-3.0517578125e-05,-1
0.4579,0.45790003,0.457901,0.457901,22895001,22895002,0,-39,1,0,0,0,-3.0517578125e-05,-1
0.4589,0.45890003,0.458901,0.458901,22945001,22945002,0,-32,1,0,0,0,-3.0517578125e-05,-1
0.4599,0.45990003,0.459901,0.459901,22995001,22995002,0,-27,1,0,0,0,-3.0517578125e-05,-1
0.4609,0.46090003,0.460901,0.460901,23045001,23045002,0,-23,1,0,0,0,-3.0517578125e-05,-1
0.4619,0.46190003,0.461901,0.461901,23095001,23095002,0,-19,1,0,0,0,-3.0517578125e-05,-1
0.4629,0.46290003,0.462901,0.462901,23145001,23145002,0,-16,1,0,0,0,-3.0517578125e-05,-1
0.4639,0.46390003,0.463901,0.463901,23195001,23195002,0,-14,1,0,0,0,-3.0517578125e-05,-1
0.4649,0.46490003,0.464901,0.464901,23245001,23245002,0,-11,1,0,0,0,-3.0517578125e-05,-1
0.4659,0.46590003,0.465901,0.465901,23295001,23295002,0,-10,1,0,0,0,-3.0517578125e-05,-1
0.4669,0.46690003,0.466901,0.466901,23345001,23345002,0,-8,1,0,0,0,-3.0517578125e-05,-1
0.4679,0.46790003,0.467901,0.467901,23395001,23395002,0,-7,1,0,0,0,-3.0517578125e-05,-1
0.4689,0.46890003,0.468901,0.468901,23445001,23445002,0,-6,1,0,0,0,-3.0517578125e-05,-1
0.4699,0.46990003,0.469901,0.469901,23495001,23495002,0,-5,1,0,0,0,-3.0517578125e-05,-1
0.4709,0.47090003,0.470901,0.470901,23545001,23545002,0,-4,1,0,0,0,-3.0517578125e-05,-1
0.4719,0.47190003,0.471901,0.471901,23595001,23595002,0,-3,1,0,0,0,-3.0517578125e-05,-1
0.4729,0.47290003,0.472901,0.472901,23645001,23645002,0,-3,1,0,0,0,-3.0517578125e-05,-1
0.4739,0.47390003,0.473901,0.473901,23695001,23695002,0,-2,1,0,0,0,-3.0517578125e-05,-1
0.4749,0.47490003,0.474901,0.474901,23745001,23745002,0,-16675,1,0,0,0,0.000244140625,8
0.4759,0.47590003,0.475901,0.475901,23795001,23795002,0,-19553,1,0,0,0,0.000335693359375,11
0.4769,0.47690003,0.476901,0.476901,23845001,23845002,0,-18120,1,0,0,0,0.000335693359375,11
0.4779,0.47790003,0.477901,0.477901,23895001,23895002,0,-15739,1,0,0,0,0.00030517578125,10
0.4789,0.47890003,0.478901,0.478901,23945001,23945002,0,-13379,1,0,0,0,0.00030517578125,10
0.4799,0.47990003,0.479901,0.479901,23995001,23995002,0,3571,1,0,0,0,3.0517578125e-05,1
0.4809,0.48090003,0.480901,0.480901,24045001,24045002,0,10014,1,0,0,0,-9.1552734375e-05,-3
0.4819,0.48190003,0.481901,0.481901,24095001,24095002,0,10557,1,0,0,0,-0.0001220703125,-4
0.4829,0.48290003,0.482901,0.482901,24145001,24145002,0,9524,1,0,0,0,-0.0001220703125,-4
0.4839,0.48390003,0.483901,0.483901,24195001,24195002,0,8201,1,0,0,0,-9.1552734375e-05,-3
0.4849,0.48490003,0.484901,0.484901,24245001,24245002,0,6949,1,0,0,0,-9.1552734375e-05,-3
0.4859,0.48590003,0.485901,0.485901,24295001,24295002,0,5856,1,0,0,0,-9.1552734375e-05,-3
0.4869,0.48690003,0.486901,0.486901,24345001,24345002,0,4924,1,0,0,0,-9.1552734375e-05,-3
0.4879,0.48790003,0.487901,0.487901,24395001,24395002,0,4138,1,0,0,0,-6.103515625e-05,-2
0.4889,0.48890003,0.488901,0.488901,24445001,24445002,0,3476,1,0,0,0,-6.103515625e-05,-2
0.4899,0.48990003,0.489901,0.489901,24495001,24495002,0,2920,1,0,0,0,-6.103515625e-05,-2
0.4909,0.49090003,0.490901,0.490901,24545001,24545002,0,2453,1,0,0,0,-6.103515625e-05,-2
0.4919,0.49190003,0.491901,0.491901,24595001,24595002,0,2060,1,0,0,0,-6.103515625e-05,-2
0.4929,0.49290003,0.492901,0.492901,24645001,24645002,0,1730,1,0,0,0,-6.103515625e-05,-2
0.4939,0.49390003,0.493901,0.493901,24695001,24695002,0,1453,1,0,0,0,-6.103515625e-05,-2
0.4949,0.49490003,0.494901,0.494901,24745001,24745002,0,1221,1,0,0,0,-3.0517578125e-05,-1
0.4959,0.49590003,0.495901,0.495901,24795001,24795002,0,1025,1,0,0,0,-3.0517578125e-05,-1
0.4969,0.49690003,0.496901,0.496901,24845001,24845002,0,861,1,0,0,0,-3.0517578125e-05,-1
0.4979,0.49790003,0.497901,0.497901,24895001,24895002,0,723,1,0,0,0,-3.0517578125e-05,-1
0.4989,0.49890003,0.498901,0.498901,24945001,24945002,0,608,1,0,0,0,-3.0517578125e-05,-1
0.4999,0.49990003,0.499901,0.499901,24995001,24995002,0,510,1,0,0,0,-3.0517578125e-05,-1
0.5009,0.50090003,0.500901,0.500901,25045001,25045002,-47186,429,1,0,0,0,-0.0008544921875,-28
0.5019,0.50190003,0.501901,0.501901,25095001,25095002,-99615,-28191,1,0,0,0,-0.001312255859375,-43
0.5029,0.50290003,0.502901,0.502901,25145001,25145002,-152044,-53814,1,0,0,0,-0.00189208984375,-62
0.5039,0.50390003,0.503901,0.503901,25195001,25195002,-204472,-98683,1,0,0,0,-0.00213623046875,-70
0.5049,0.50490003,0.504901,0.504901,25245001,25245002,-256901,-154800,1,0,0,0,-0.002227783203125,-73
0.5059,0.50590003,0.505901,0.505901,25295001,25295002,-309330,-212649,1,0,0,0,-0.002288818359375,-75
0.5069,0.50690003,0.506901,0.506901,25345001,25345002,-361759,-271769,1,0,0,0,-0.002288818359375,-75
0.5079,0.50790003,0.507901,0.507901,25395001,25395002,-414188,-332759,1,0,0,0,-0.00225830078125,-74
0.5089,0.50890003,0.508901,0.508901,25445001,25445002,-466616,-390226,1,0,0,0,-0.002288818359375,-75
0.5099,0.50990003,0.509901,0.509901,25495001,25495002,-519045,-448044,1,0,0,0,-0.0023193359375,-76
0.5109,0.51090003,0.510901,0.510901,25545001,25545002,-571474,-508781,1,0,0,0,-0.00225830078125,-74
0.5119,0.51190003,0.511901,0.511901,25595001,25595002,-623903,-571109,1,0,0,0,-0.002166748046875,-71
0.5129,0.51290003,0.512901,0.512901,25645001,25645002,-676332,-623775,1,0,0,0,-0.00225830078125,-74
0.5139,0.51390003,0.513901,0.513901,25695001,25695002,-728760,-685152,1,0,0,0,-0.002166748046875,-71
0.5149,0.51490003,0.514901,0.514901,25745001,25745002,-781189,-743088,1,0,0,0,-0.00213623046875,-70
0.5159,0.51590003,0.515901,0.515901,25795001,25795002,-833618,-794792,1,0,0,0,-0.002197265625,-72
0.5169,0.51690003,0.516901,0.516901,25845001,25845002,-886047,-854841,1,0,0,0,-0.00213623046875,-70
0.5179,0.51790003,0.517901,0.517901,25895001,25895002,-938476,-910102,1,0,0,0,-0.002105712890625,-69
0.5189,0.51890003,0.518901,0.518901,25945001,25945002,-990904,-966377,1,0,0,0,-0.0020751953125,-68
0.5199,0.51990003,0.519901,0.519901,25995001,25995002,-1043333,-1021484,1,0,0,0,-0.0020751953125,-68
0.5209,0.52090003,0.520901,0.520901,26045001,26045002,-1095762,-1074098,1,0,0,0,-0.002105712890625,-69
0.5219,0.52190003,0.521901,0.521901,26095001,26095002,-1148191,-1126675,1,0,0,0,-0.00213623046875,-70
0.5229,0.52290003,0.522901,0.522901,26145001,26145002,-1200620,-1184332,1,0,0,0,-0.0020751953125,-68
0.5239,0.52390003,0.523901,0.523901,26195001,26195002,-1253048,-1243868,1,0,0,0,-0.001983642578125,-65
0.5249,0.52490003,0.524901,0.524901,26245001,26245002,-1305477,-1292265,1,0,0,0,-0.002044677734375,-67
0.5259,0.52590003,0.525901,0.525901,26295001,26295002,-1357906,-1334005,1,0,0,0,-0.00225830078125,-74
0.5269,0.52690003,0.526901,0.526901,26345001,26345002,-1410335,-1377675,1,0,0,0,-0.00244140625,-80
0.5279,0.52790003,0.527901,0.527901,26395001,26395002,-1462764,-1436402,1,0,0,0,-0.00238037109375,-78
0.5289,0.52890003,0.528901,0.528901,26445001,26445002,-1515192,-1497908,1,0,0,0,-0.00225830078125,-74
0.5299,0.52990003,0.529901,0.529901,26495001,26495002,-1567621,-1556971,1,0,0,0,-0.002166748046875,-71
0.5309,0.53090003,0.530901,0.530901,26545001,26545002,-1620050,-1612150,1,0,0,0,-0.00213623046875,-70
0.5319,0.53190003,0.531901,0.531901,26595001,26595002,-1672479,-1665490,1,0,0,0,-0.00213623046875,-70
0.5329,0.53290003,0.532901,0.532901,26645001,26645002,-1724908,-1727709,1,0,0,0,-0.001953125,-64
0.5339,0.53390003,0.533901,0.533901,26695001,26695002,-1777336,-1778856,1,0,0,0,-0.001983642578125,-65
0.5349,0.53490003,0.534901,0.534901,26745001,26745002,-1829765,-1828916,1,0,0,0,-0.00201416015625,-66
0.5359,0.53590003,0.535901,0.535901,26795001,26795002,-1882194,-1881895,1,0,0,0,-0.00201416015625,-66
0.5369,0.53690003,0.536901,0.536901,26845001,26845002,-1934623,-1932960,1,0,0,0,-0.002044677734375,-67
0.5379,0.53790003,0.537901,0.537901,26895001,26895002,-1987052,-1986146,1,0,0,0,-0.002044677734375,-67
0.5389,0.53890003,0.538901,0.538901,26945001,26945002,-2039480,-2038873,1,0,0,0,-0.00201416015625,-66
0.5399,0.53990003,0.539901,0.539901,26995001,26995002,-2091909,-2092127,1,0,0,0,-0.00201416015625,-66
0.5409,0.54090003,0.540901,0.540901,27045001,27045002,-2144338,-2144180,1,0,0,0,-0.00201416015625,-66
0.5419,0.54190003,0.541901,0.541901,27095001,27095002,-2196767,-2197988,1,0,0,0,-0.001983642578125,-65
0.5429,0.54290003,0.542901,0.542901,27145001,27145002,-2249196,-2247048,1,0,0,0,-0.002044677734375,-67
0.5439,0.54390003,0.543901,0.543901,27195001,27195002,-2301624,-2303228,1,0,0,0,-0.001983642578125,-65
0.5449,0.54490003,0.544901,0.544901,27245001,27245002,-2354053,-2354925,1,0,0,0,-0.00201416015625,-66
0.5459,0.54590003,0.545901,0.545901,27295001,27295002,-2406482,-2406260,1,0,0,0,-0.00201416015625,-66
0.5469,0.54690003,0.546901,0.546901,27345001,27345002,-2458911,-2459326,1,0,0,0,-0.00201416015625,-66
0.5479,0.54790003,0.547901,0.547901,27395001,27395002,-2511340,-2513020,1,0,0,0,-0.001983642578125,-65
0.5489,0.54890003,0.548901,0.548901,27445001,27445002,-2563768,-2564048,1,0,0,0,-0.00201416015625,-66
0.5499,0.54990003,0.549901,0.549901,27495001,27495002,-2616197,-2614615,1,0,0,0,-0.002044677734375,-67
0.5509,0.55090003,0.550901,0.550901,27545001,27545002,-2668626,-2668318,1,0,0,0,-0.00201416015625,-66
0.5519,0.55190003,0.551901,0.551901,27595001,27595002,-2721055,-2718491,1,0,0,0,-0.002044677734375,-67
0.5529,0.55290003,0.552901,0.552901,27645001,27645002,-2773484,-2774819,1,0,0,0,-0.001983642578125,-65
0.5539,0.55390003,0.553901,0.553901,27695001,27695002,-2825912,-2822804,1,0,0,0,-0.0020751953125,-68
0.5549,0.55490003,0.554901,0.554901,27745001,27745002,-2878341,-2867478,1,0,0,0,-0.002197265625,-72
0.5559,0.55590003,0.555901,0.555901,27795001,27795002,-2930770,-2912709,1,0,0,0,-0.002349853515625,-77
0.5569,0.55690003,0.556901,0.556901,27845001,27845002,-2983199,-2968434,1,0,0,0,-0.0023193359375,-76
0.5579,0.55790003,0.557901,0.557901,27895001,27895002,-3035628,-3028692,1,0,0,0,-0.002197265625,-72
0.5589,0.55890003,0.558901,0.558901,27945001,27945002,-3088056,-3085559,1,0,0,0,-0.00213623046875,-70
0.5599,0.55990003,0.559901,0.559901,27995001,27995002,-3140485,-3141730,1,0,0,0,-0.0020751953125,-68
0.5609,0.56090003,0.560901,0.560901,28045001,28045002,-3192914,-3194710,1,0,0,0,-0.0020751953125,-68
0.5619,0.56190003,0.561901,0.561901,28095001,28095002,-3245343,-3250102,1,0,0,0,-0.00201416015625,-66
0.5629,0.56290003,0.562901,0.562901,28145001,28145002,-3297772,-3305270,1,0,0,0,-0.001953125,-64
0.5639,0.56390003,0.563901,0.563901,28195001,28195002,-3350200,-3354726,1,0,0,0,-0.001983642578125,-65
0.5649,0.56490003,0.564901,0.564901,28245001,28245002,-3402629,-3407042,1,0,0,0,-0.001983642578125,-65
0.5659,0.56590003,0.565901,0.565901,28295001,28295002,-3455058,-3460621,1,0,0,0,-0.001953125,-64
0.5669,0.56690003,0.566901,0.566901,28345001,28345002,-3507487,-3511592,1,0,0,0,-0.001983642578125,-65
0.5679,0.56790003,0.567901,0.567901,28395001,28395002,-3559916,-3561466,1,0,0,0,-0.00201416015625,-66
0.5689,0.56890003,0.568901,0.568901,28445001,28445002,-3612344,-3612677,1,0,0,0,-0.002044677734375,-67
0.5699,0.56990003,0.569901,0.569901,28495001,28495002,-3664773,-3664556,1,0,0,0,-0.002044677734375,-67
0.5709,0.57090003,0.570901,0.570901,28545001,28545002,-3717202,-3719832,1,0,0,0,-0.001983642578125,-65
0.5719,0.57190003,0.571901,0.571901,28595001,28595002,-3769631,-3770178,1,0,0,0,-0.002044677734375,-67
0.5729,0.57290003,0.572901,0.572901,28645001,28645002,-3822060,-3820107,1,0,0,0,-0.0020751953125,-68
0.5739,0.57390003,0.573901,0.573901,28695001,28695002,-3874488,-3877792,1,0,0,0,-0.001983642578125,-65
0.5749,0.57490003,0.574901,0.574901,28745001,28745002,-3926917,-3931252,1,0,0,0,-0.001953125,-64
0.5759,0.57590003,0.575901,0.575901,28795001,28795002,-3979346,-3981963,1,0,0,0,-0.001983642578125,-65
0.5769,0.57690003,0.576901,0.576901,28845001,28845002,-4031775,-4032897,1,0,0,0,-0.00201416015625,-66
0.5779,0.57790003,0.577901,0.577901,28895001,28895002,-4084204,-4086492,1,0,0,0,-0.001983642578125,-65
0.5789,0.57890003,0.578901,0.578901,28945001,28945002,-4136632,-4136875,1,0,0,0,-0.00201416015625,-66
0.5799,0.57990003,0.579901,0.579901,28995001,28995002,-4189061,-4188096,1,0,0,0,-0.002044677734375,-67
0.5809,0.58090003,0.580901,0.580901,29045001,29045002,-4241490,-4241059,1,0,0,0,-0.002044677734375,-67
0.5819,0.58190003,0.581901,0.581901,29095001,29095002,-4293919,-4292140,1,0,0,0,-0.002044677734375,-67
0.5829,0.58290003,0.582901,0.582901,29145001,29145002,-4346348,-4351473,1,0,0,0,-0.001953125,-64
0.5839,0.58390003,0.583901,0.583901,29195001,29195002,-4398776,-4394291,1,0,0,0,-0.002105712890625,-69
0.5849,0.58490003,0.584901,0.584901,29245001,29245002,-4451205,-4444871,1,0,0,0,-0.00213623046875,-70
0.5859,0.58590003,0.585901,0.585901,29295001,29295002,-4503634,-4492275,1,0,0,0,-0.002227783203125,-73
0.5869,0.58690003,0.586901,0.586901,29345001,29345002,-4556063,-4540384,1,0,0,0,-0.0023193359375,-76
0.5879,0.58790003,0.587901,0.587901,29395001,29395002,-4608492,-4597975,1,0,0,0,-0.00225830078125,-74
0.5889,0.58890003,0.588901,0.588901,29445001,29445002,-4660920,-4656150,1,0,0,0,-0.002166748046875,-71
0.5899,0.58990003,0.589901,0.589901,29495001,29495002,-4713349,-4711405,1,0,0,0,-0.00213623046875,-70
0.5909,0.59090003,0.590901,0.590901,29545001,29545002,-4765778,-4768203,1,0,0,0,-0.002044677734375,-67
0.5919,0.59190003,0.591901,0.591901,29595001,29595002,-4818207,-4820000,1,0,0,0,-0.0020751953125,-68
0.5929,0.59290003,0.592901,0.592901,29645001,29645002,-4870636,-4876645,1,0,0,0,-0.001983642578125,-65
0.5939,0.59390003,0.593901,0.593901,29695001,29695002,-4923064,-4928030,1,0,0,0,-0.001983642578125,-65
0.5949,0.59490003,0.594901,0.594901,29745001,29745002,-4975493,-4982240,1,0,0,0,-0.001953125,-64
0.5959,0.59590003,0.595901,0.595901,29795001,29795002,-5027922,-5033452,1,0,0,0,-0.001983642578125,-65
0.5969,0.59690003,0.596901,0.596901,29845001,29845002,-5080351,-5086064,1,0,0,0,-0.001953125,-64
0.5979,0.59790003,0.597901,0.597901,29895001,29895002,-5132780,-5134138,1,0,0,0,-0.00201416015625,-66
0.5989,0.59890003,0.598901,0.598901,29945001,29945002,-5185208,-5191532,1,0,0,0,-0.001953125,-64
0.5999,0.59990003,0.599901,0.599901,29995001,29995002,-5237637,-5236024,1,0,0,0,-0.0020751953125,-68
0.6009,0.60090003,0.600901,0.600901,30045001,30045002,-5242880,-5292129,1,0,0,0,-0.001190185546875,-39
0.6019,0.60190003,0.601901,0.601901,30095001,30095002,-5242880,-5325009,1,0,0,0,-0.00054931640625,-18
0.6029,0.60290003,0.602901,0.602901,30145001,30145002,-5242880,-5345750,1,0,0,0,-9.1552734375e-05,-3
0.6039,0.60390003,0.603901,0.603901,30195001,30195002,-5242880,-5350931,1,0,0,0,0.000152587890625,5
0.6049,0.60490003,0.604901,0.604901,30245001,30245002,-5242880,-5349026,1,0,0,0,0.000244140625,8
0.6059,0.60590003,0.605901,0.605901,30295001,30295002,-5242880,-5341583,1,0,0,0,0.000274658203125,9
0.6069,0.60690003,0.606901,0.606901,30345001,30345002,-5242880,-5335440,1,0,0,0,0.00030517578125,10
0.6079,0.60790003,0.607901,0.607901,30395001,30395002,-5242880,-5329489,1,0,0,0,0.000335693359375,11
0.6089,0.60890003,0.608901,0.608901,30445001,30445002,-5242880,-5319437,1,0,0,0,0.000274658203125,9
0.6099,0.60990003,0.609901,0.609901,30495001,30495002,-5242880,-5312007,1,0,0,0,0.000244140625,8
0.6109,0.61090003,0.610901,0.610901,30545001,30545002,-5242880,-5308193,1,0,0,0,0.000274658203125,9
0.6119,0.61190003,0.611901,0.611901,30595001,30595002,-5242880,-5296572,1,0,0,0,0.00018310546875,6
0.6129,0.61290003,0.612901,0.612901,30645001,30645002,-5242880,-5290144,1,0,0,0,0.0001220703125,4
0.6139,0.61390003,0.613901,0.613901,30695001,30695002,-5242880,-5286820,1,0,0,0,0.000152587890625,5
0.6149,0.61490003,0.614901,0.614901,30745001,30745002,-5242880,-5282105,1,0,0,0,0.0001220703125,4
0.6159,0.61590003,0.615901,0.615901,30795001,30795002,-5242880,-5283324,1,0,0,0,0.00018310546875,6
0.6169,0.61690003,0.616901,0.616901,30845001,30845002,-5242880,-5277828,1,0,0,0,0.000152587890625,5
0.6179,0.61790003,0.617901,0.617901,30895001,30895002,-5242880,-5271795,1,0,0,0,9.1552734375e-05,3
0.6189,0.61890003,0.618901,0.618901,30945001,30945002,-5242880,-5273371,1,0,0,0,0.00018310546875,6
0.6199,0.61990003,0.619901,0.619901,30995001,30995002,-5242880,-5266605,1,0,0,0,9.1552734375e-05,3
0.6209,0.62090003,0.620901,0.620901,31045001,31045002,-5242880,-5264272,1,0,0,0,9.1552734375e-05,3
0.6219,0.62190003,0.621901,0.621901,31095001,31095002,-5242880,-5260484,1,0,0,0,6.103515625e-05,2
0.6229,0.62290003,0.622901,0.622901,31145001,31145002,-5242880,-5259420,1,0,0,0,6.103515625e-05,2
0.6239,0.62390003,0.623901,0.623901,31195001,31195002,-5242880,-5258498,1,0,0,0,6.103515625e-05,2
0.6249,0.62490003,0.624901,0.624901,31245001,31245002,-5242880,-5255972,1,0,0,0,3.0517578125e-05,1
0.6259,0.62590003,0.625901,0.625901,31295001,31295002,-5242880,-5255897,1,0,0,0,6.103515625e-05,2
0.6269,0.62690003,0.626901,0.626901,31345001,31345002,-5242880,-5253495,1,0,0,0,3.0517578125e-05,1
0.6279,0.62790003,0.627901,0.627901,31395001,31395002,-5242880,-5254121,1,0,0,0,6.103515625e-05,2
0.6289,0.62890003,0.628901,0.628901,31445001,31445002,-5242880,-5249845,1,0,0,0,0,0
0.6299,0.62990003,0.629901,0.629901,31495001,31495002,-5242880,-5251034,1,0,0,0,3.0517578125e-05,1
0.6309,0.63090003,0.630901,0.630901,31545001,31545002,-5242880,-5252225,1,0,0,0,6.103515625e-05,2
0.6319,0.63190003,0.631901,0.631901,31595001,31595002,-5242880,-5250285,1,0,0,0,3.0517578125e-05,1
0.6329,0.63290003,0.632901,0.632901,31645001,31645002,-5242880,-5249533,1,0,0,0,3.0517578125e-05,1
0.6339,0.63390003,0.633901,0.633901,31695001,31695002,-5242880,-5248689,1,0,0,0,3.0517578125e-05,1
0.6349,0.63490003,0.634901,0.634901,31745001,31745002,-5242880,-5246020,1,0,0,0,0,0
0.6359,0.63590003,0.635901,0.635901,31795001,31795002,-5242880,-5251061,1,0,0,0,9.1552734375e-05,3
0.6369,0.63690003,0.636901,0.636901,31845001,31845002,-5242880,-5246207,1,0,0,0,3.0517578125e-05,1
0.6379,0.63790003,0.637901,0.637901,31895001,31895002,-5242880,-5243712,1,0,0,0,-3.0517578125e-05,-1
0.6389,0.63890003,0.638901,0.638901,31945001,31945002,-5242880,-5243061,1,0,0,0,-3.0517578125e-05,-1
0.6399,0.63990003,0.639901,0.639901,31995001,31995002,-5242880,-5248308,1,0,0,0,6.103515625e-05,2
0.6409,0.64090003,0.640901,0.640901,32045001,32045002,-5242880,-5242114,1,0,0,0,-3.0517578125e-05,-1
0.6419,0.64190003,0.641901,0.641901,32095001,32095002,-5242880,-5246772,1,0,0,0,3.0517578125e-05,1
0.6429,0.64290003,0.642901,0.642901,32145001,32145002,-5242880,-5242703,1,0,0,0,-3.0517578125e-05,-1
0.6439,0.64390003,0.643901,0.643901,32195001,32195002,-5242880,-5245152,1,0,0,0,3.0517578125e-05,1
0.6449,0.64490003,0.644901,0.644901,32245001,32245002,-5242880,-5245533,1,0,0,0,3.0517578125e-05,1
0.6459,0.64590003,0.645901,0.645901,32295001,32295002,-5242880,-5245093,1,0,0,0,3.0517578125e-05,1
0.6469,0.64690003,0.646901,0.646901,32345001,32345002,-5242880,-5243919,1,0,0,0,0,0
0.6479,0.64790003,0.647901,0.647901,32395001,32395002,-5242880,-5242288,1,0,0,0,-3.0517578125e-05,-1
0.6489,0.64890003,0.648901,0.648901,32445001,32445002,-5242880,-5245514,1,0,0,0,3.0517578125e-05,1
0.6499,0.64990003,0.649901,0.649901,32495001,32495002,-5242880,-5242202,1,0,0,0,-3.0517578125e-05,-1
0.6509,0.65090003,0.650901,0.650901,32545001,32545002,-5242880,-5244389,1,0,0,0,3.0517578125e-05,1
0.6519,0.65190003,0.651901,0.651901,32595001,32595002,-5242880,-5243884,1,0,0,0,0,0
0.6529,0.65290003,0.652901,0.652901,32645001,32645002,-5242880,-5241299,1,0,0,0,-3.0517578125e-05,-1
0.6539,0.65390003,0.653901,0.653901,32695001,32695002,-5242880,-5243650,1,0,0,0,0,0
0.6549,0.65490003,0.654901,0.654901,32745001,32745002,-5242880,-5243299,1,0,0,0,0,0
0.6559,0.65590003,0.655901,0.655901,32795001,32795002,-5242880,-5244229,1,0,0,0,3.0517578125e-05,1
0.6569,0.65690003,0.656901,0.656901,32845001,32845002,-5242880,-5243286,1,0,0,0,0,0
0.6579,0.65790003,0.657901,0.657901,32895001,32895002,-5242880,-5241438,1,0,0,0,-3.0517578125e-05,-1
0.6589,0.65890003,0.658901,0.658901,32945001,32945002,-5242880,-5244591,1,0,0,0,3.0517578125e-05,1
0.6599,0.65990003,0.659901,0.659901,32995001,32995002,-5242880,-5241120,1,0,0,0,-3.0517578125e-05,-1
0.6609,0.66090003,0.660901,0.660901,33045001,33045002,-5242880,-5239714,1,0,0,0,-6.103515625e-05,-2
0.6619,0.66190003,0.661901,0.661901,33095001,33095002,-5242880,-5245228,1,0,0,0,3.0517578125e-05,1
0.6629,0.66290003,0.662901,0.662901,33145001,33145002,-5242880,-5243870,1,0,0,0,0,0
0.6639,0.66390003,0.663901,0.663901,33195001,33195002,-5242880,-5241505,1,0,0,0,-3.0517578125e-05,-1
0.6649,0.66490003,0.664901,0.664901,33245001,33245002,-5242880,-5246179,1,0,0,0,6.103515625e-05,2
0.6659,0.66590003,0.665901,0.665901,33295001,33295002,-5242880,-5242210,1,0,0,0,0,0
0.6669,0.66690003,0.666901,0.666901,33345001,33345002,-5242880,-5242005,1,0,0,0,-3.0517578125e-05,-1
0.6679,0.66790003,0.667901,0.667901,33395001,33395002,-5242880,-5244143,1,0,0,0,3.0517578125e-05,1
0.6689,0.66890003,0.668901,0.668901,33445001,33445002,-5242880,-5241332,1,0,0,0,-3.0517578125e-05,-1
0.6699,0.66990003,0.669901,0.669901,33495001,33495002,-5242880,-5240850,1,0,0,0,-3.0517578125e-05,-1
0.6709,0.67090003,0.670901,0.670901,33545001,33545002,-5242880,-5245969,1,0,0,0,3.0517578125e-05,1
0.6719,0.67190003,0.671901,0.671901,33595001,33595002,-5242880,-5241722,1,0,0,0,-3.0517578125e-05,-1
0.6729,0.67290003,0.672901,0.672901,33645001,33645002,-5242880,-5243379,1,0,0,0,0,0
0.6739,0.67390003,0.673901,0.673901,33695001,33695002,-5242880,-5243212,1,0,0,0,0,0
0.6749,0.67490003,0.674901,0.674901,33745001,33745002,-5242880,-5241487,1,0,0,0,-3.0517578125e-05,-1
0.6759,0.67590003,0.675901,0.675901,33795001,33795002,-5242880,-5242330,1,0,0,0,-3.0517578125e-05,-1
0.6769,0.67690003,0.676901,0.676901,33845001,33845002,-5242880,-5245368,1,0,0,0,3.0517578125e-05,1
0.6779,0.67790003,0.677901,0.677901,33895001,33895002,-5242880,-5245131,1,0,0,0,3.0517578125e-05,1
0.6789,0.67890003,0.678901,0.678901,33945001,33945002,-5242880,-5240360,1,0,0,0,-3.0517578125e-05,-1
0.6799,0.67990003,0.679901,0.679901,33995001,33995002,-5242880,-5244539,1,0,0,0,3.0517578125e-05,1
0.6809,0.68090003,0.680901,0.680901,34045001,34045002,-5242880,-5242503,1,0,0,0,0,0
0.6819,0.68190003,0.681901,0.681901,34095001,34095002,-5242880,-5241202,1,0,0,0,-3.0517578125e-05,-1
0.6829,0.68290003,0.682901,0.682901,34145001,34145002,-5242880,-5243871,1,0,0,0,0,0
0.6839,0.68390003,0.683901,0.683901,34195001,34195002,-5242880,-5242955,1,0,0,0,0,0
0.6849,0.68490003,0.684901,0.684901,34245001,34245002,-5242880,-5243099,1,0,0,0,0,0
0.6859,0.68590003,0.685901,0.685901,34295001,34295002,-5242880,-5240661,1,0,0,0,-3.0517578125e-05,-1
0.6869,0.68690003,0.686901,0.686901,34345001,34345002,-5242880,-5245134,1,0,0,0,3.0517578125e-05,1
0.6879,0.68790003,0.687901,0.687901,34395001,34395002,-5242880,-5243676,1,0,0,0,0,0
0.6889,0.68890003,0.688901,0.688901,34445001,34445002,-5242880,-5241156,1,0,0,0,-3.0517578125e-05,-1
0.6899,0.68990003,0.689901,0.689901,34495001,34495002,-5242880,-5240799,1,0,0,0,-3.0517578125e-05,-1
0.6909,0.69090003,0.690901,0.690901,34545001,34545002,-5242880,-5245641,1,0,0,0,3.0517578125e-05,1
0.6919,0.69190003,0.691901,0.691901,34595001,34595002,-5242880,-5241322,1,0,0,0,-3.0517578125e-05,-1
0.6929,0.69290003,0.692901,0.692901,34645001,34645002,-5242880,-5241162,1,0,0,0,-3.0517578125e-05,-1
0.6939,0.69390003,0.693901,0.693901,34695001,34695002,-5242880,-5242879,1,0,0,0,0,0
0.6949,0.69490003,0.694901,0.694901,34745001,34745002,-5242880,-5242935,1,0,0,0,0,0
0.6959,0.69590003,0.695901,0.695901,34795001,34795002,-5242880,-5247412,1,0,0,0,6.103515625e-05,2
0.6969,0.69690003,0.696901,0.696901,34845001,34845002,-5242880,-5242480,1,0,0,0,0,0
0.6979,0.69790003,0.697901,0.697901,34895001,34895002,-5242880,-5243669,1,0,0,0,0,0
0.6989,0.69890003,0.698901,0.698901,34945001,34945002,-5242880,-5242604,1,0,0,0,0,0
0.6999,0.69990003,0.699901,0.699901,34995001,34995002,-5242880,-5240360,1,0,0,0,-3.0517578125e-05,-1
0.7009,0.70090003,0.700901,0.700901,35045001,35045002,-5242880,-5240785,1,0,0,0,-3.0517578125e-05,-1
0.7019,0.70190003,0.701901,0.701901,35095001,35095002,-5242880,-5241124,1,0,0,0,-3.0517578125e-05,-1
0.7029,0.70290003,0.702901,0.702901,35145001,35145002,-5242880,-5245921,1,0,0,0,3.0517578125e-05,1
0.7039,0.70390003,0.703901,0.703901,35195001,35195002,-5242880,-5244100,1,0,0,0,0,0
0.7049,0.70490003,0.704901,0.704901,35245001,35245002,-5242880,-5241328,1,0,0,0,-3.0517578125e-05,-1
0.7059,0.70590003,0.705901,0.705901,35295001,35295002,-5242880,-5242007,1,0,0,0,-3.0517578125e-05,-1
0.7069,0.70690003,0.706901,0.706901,35345001,35345002,-5242880,-5241356,1,0,0,0,-3.0517578125e-05,-1
0.7079,0.70790003,0.707901,0.707901,35395001,35395002,-5242880,-5245969,1,0,0,0,3.0517578125e-05,1
0.7089,0.70890003,0.708901,0.708901,35445001,35445002,-5242880,-5247952,1,0,0,0,9.1552734375e-05,3
0.7099,0.70990003,0.709901,0.709901,35495001,35495002,-5242880,-5241332,1,0,0,0,-3.0517578125e-05,-1
0.7109,0.71090003,0.710901,0.710901,35545001,35545002,-5242880,-5243091,1,0,0,0,0,0
0.7119,0.71190003,0.711901,0.711901,35595001,35595002,-5242880,-5243917,1,0,0,0,3.0517578125e-05,1
0.7129,0.71290003,0.712901,0.712901,35645001,35645002,-5242880,-5241536,1,0,0,0,-3.0517578125e-05,-1
0.7139,0.71390003,0.713901,0.713901,35695001,35695002,-5242880,-5239716,1,0,0,0,-6.103515625e-05,-2
0.7149,0.71490003,0.714901,0.714901,35745001,35745002,-5242880,-5241402,1,0,0,0,-3.0517578125e-05,-1
0.7159,0.71590003,0.715901,0.715901,35795001,35795002,-5242880,-5242405,1,0,0,0,-3.0517578125e-05,-1
0.7169,0.71690003,0.716901,0.716901,35845001,35845002,-5242880,-5244004,1,0,0,0,0,0
0.7179,0.71790003,0.717901,0.717901,35895001,35895002,-5242880,-5243483,1,0,0,0,0,0
0.7189,0.71890003,0.718901,0.718901,35945001,35945002,-5242880,-5247485,1,0,0,0,6.103515625e-05,2
0.7199,0.71990003,0.719901,0.719901,35995001,35995002,-5242880,-5241895,1,0,0,0,-3.0517578125e-05,-1
0.7209,0.72090003,0.720901,0.720901,36045001,36045002,-5242880,-5241798,1,0,0,0,-3.0517578125e-05,-1
0.7219,0.72190003,0.721901,0.721901,36095001,36095002,-5242880,-5243525,1,0,0,0,0,0
0.7229,0.72290003,0.722901,0.722901,36145001,36145002,-5242880,-5244251,1,0,0,0,3.0517578125e-05,1
0.7239,0.72390003,0.723901,0.723901,36195001,36195002,-5242880,-5246535,1,0,0,0,6.103515625e-05,2
0.7249,0.72490003,0.724901,0.724901,36245001,36245002,-5242880,-5241494,1,0,0,0,-3.0517578125e-05,-1
0.7259,0.72590003,0.725901,0.725901,36295001,36295002,-5242880,-5241465,1,0,0,0,-3.0517578125e-05,-1
0.7269,0.72690003,0.726901,0.726901,36345001,36345002,-5242880,-5241960,1,0,0,0,0,0
0.7279,0.72790003,0.727901,0.727901,36395001,36395002,-5242880,-5241832,1,0,0,0,-3.0517578125e-05,-1
0.7289,0.72890003,0.728901,0.728901,36445001,36445002,-5242880,-5246062,1,0,0,0,6.103515625e-05,2
0.7299,0.72990003,0.729901,0.729901,36495001,36495002,-5242880,-5245347,1,0,0,0,3.0517578125e-05,1
0.7309,0.73090003,0.730901,0.730901,36545001,36545002,-5242880,-5242014,1,0,0,0,0,0
0.7319,0.73190003,0.731901,0.731901,36595001,36595002,-5242880,-5240911,1,0,0,0,-3.0517578125e-05,-1
0.7329,0.73290003,0.732901,0.732901,36645001,36645002,-5242880,-5242329,1,0,0,0,0,0
0.7339,0.73390003,0.733901,0.733901,36695001,36695002,-5242880,-5243017,1,0,0,0,0,0
0.7349,0.73490003,0.734901,0.734901,36745001,36745002,-5242880,-5243262,1,0,0,0,0,0
0.7359,0.73590003,0.735901,0.735901,36795001,36795002,-5242880,-5246885,1,0,0,0,6.103515625e-05,2
0.7369,0.73690003,0.736901,0.736901,36845001,36845002,-5242880,-5241412,1,0,0,0,-3.0517578125e-05,-1
0.7379,0.73790003,0.737901,0.737901,36895001,36895002,-5242880,-5240406,1,0,0,0,-3.0517578125e-05,-1
0.7389,0.73890003,0.738901,0.738901,36945001,36945002,-5242880,-5241463,1,0,0,0,-3.0517578125e-05,-1
0.7399,0.73990003,0.739901,0.739901,36995001,36995002,-5242880,-5243251,1,0,0,0,0,0
0.7409,0.74090003,0.740901,0.740901,37045001,37045002,-5242880,-5244439,1,0,0,0,3.0517578125e-05,1
0.7419,0.74190003,0.741901,0.741901,37095001,37095002,-5242880,-5246153,1,0,0,0,6.103515625e-05,2
0.7429,0.74290003,0.742901,0.742901,37145001,37145002,-5242880,-5240831,1,0,0,0,-3.0517578125e-05,-1
0.7439,0.74390003,0.743901,0.743901,37195001,37195002,-5242880,-5240561,1,0,0,0,-3.0517578125e-05,-1
0.7449,0.74490003,0.744901,0.744901,37245001,37245002,-5242880,-5240946,1,0,0,0,-3.0517578125e-05,-1
0.7459,0.74590003,0.745901,0.745901,37295001,37295002,-5242880,-5242226,1,0,0,0,0,0
0.7469,0.74690003,0.746901,0.746901,37345001,37345002,-5242880,-5243931,1,0,0,0,3.0517578125e-05,1
0.7479,0.74790003,0.747901,0.747901,37395001,37395002,-5242880,-5243831,1,0,0,0,3.0517578125e-05,1
0.7489,0.74890003,0.748901,0.748901,37445001,37445002,-5242880,-5244581,1,0,0,0,3.0517578125e-05,1
0.7499,0.74990003,0.749901,0.749901,37495001,37495002,-5242880,-5242369,1,0,0,0,0,0
0.7509,0.75090003,0.750901,0.750901,37545001,37545002,-5195694,-5240795,1,0,0,0,0.00079345703125,26
0.7519,0.75190003,0.751901,0.751901,37595001,37595002,-5143265,-5225845,1,0,0,0,0.001495361328125,49
0.7529,0.75290003,0.752901,0.752901,37645001,37645002,-5090836,-5189789,1,0,0,0,0.00189208984375,62
0.7539,0.75390003,0.753901,0.753901,37695001,37695002,-5038408,-5139041,1,0,0,0,0.002044677734375,67
0.7549,0.75490003,0.754901,0.754901,37745001,37745002,-4985979,-5095755,1,0,0,0,0.002349853515625,77
0.7559,0.75590003,0.755901,0.755901,37795001,37795002,-4933550,-5043395,1,0,0,0,0.00250244140625,82
0.7569,0.75690003,0.756901,0.756901,37845001,37845002,-4881121,-4992983,1,0,0,0,0.002685546875,88
0.7579,0.75790003,0.757901,0.757901,37895001,37895002,-4828692,-4925433,1,0,0,0,0.0025634765625,84
0.7589,0.75890003,0.758901,0.758901,37945001,37945002,-4776264,-4858921,1,0,0,0,0.002471923828125,81
0.7599,0.75990003,0.759901,0.759901,37995001,37995002,-4723835,-4796076,1,0,0,0,0.002410888671875,79
0.7609,0.76090003,0.760901,0.760901,38045001,38045002,-4671406,-4730341,1,0,0,0,0.00225830078125,74
0.7619,0.76190003,0.761901,0.761901,38095001,38095002,-4618977,-4674299,1,0,0,0,0.002288818359375,75
0.7629,0.76290003,0.762901,0.762901,38145001,38145002,-4566548,-4612518,1,0,0,0,0.002197265625,72
0.7639,0.76390003,0.763901,0.763901,38195001,38195002,-4514120,-4549946,1,0,0,0,0.002105712890625,69
0.7649,0.76490003,0.764901,0.764901,38245001,38245002,-4461691,-4497325,1,0,0,0,0.00213623046875,70
0.7659,0.76590003,0.765901,0.765901,38295001,38295002,-4409262,-4441726,1,0,0,0,0.00213623046875,70
0.7669,0.76690003,0.766901,0.766901,38345001,38345002,-4356833,-4387891,1,0,0,0,0.002166748046875,71
0.7679,0.76790003,0.767901,0.767901,38395001,38395002,-4304404,-4329757,1,0,0,0,0.002105712890625,69
0.7689,0.76890003,0.768901,0.768901,38445001,38445002,-4251976,-4278437,1,0,0,0,0.00213623046875,70
0.7699,0.76990003,0.769901,0.769901,38495001,38495002,-4199547,-4220059,1,0,0,0,0.0020751953125,68
0.7709,0.77090003,0.770901,0.770901,38545001,38545002,-4147118,-4165871,1,0,0,0,0.0020751953125,68
0.7719,0.77190003,0.771901,0.771901,38595001,38595002,-4094689,-4112058,1,0,0,0,0.0020751953125,68
0.7729,0.77290003,0.772901,0.772901,38645001,38645002,-4042260,-4057040,1,0,0,0,0.0020751953125,68
0.7739,0.77390003,0.773901,0.773901,38695001,38695002,-3989832,-4007657,1,0,0,0,0.00213623046875,70
0.7749,0.77490003,0.774901,0.774901,38745001,38745002,-3937403,-3951604,1,0,0,0,0.002105712890625,69
0.7759,0.77590003,0.775901,0.775901,38795001,38795002,-3884974,-3896234,1,0,0,0,0.0020751953125,68
0.7769,0.77690003,0.776901,0.776901,38845001,38845002,-3832545,-3838675,1,0,0,0,0.001983642578125,65
0.7779,0.77790003,0.777901,0.777901,38895001,38895002,-3780116,-3786924,1,0,0,0,0.00201416015625,66
0.7789,0.77890003,0.778901,0.778901,38945001,38945002,-3727688,-3732015,1,0,0,0,0.001983642578125,65
0.7799,0.77990003,0.779901,0.779901,38995001,38995002,-3675259,-3682036,1,0,0,0,0.002044677734375,67
0.7809,0.78090003,0.780901,0.780901,39045001,39045002,-3622830,-3630093,1,0,0,0,0.002044677734375,67
0.7819,0.78190003,0.781901,0.781901,39095001,39095002,-3570401,-3573520,1,0,0,0,0.001983642578125,65
0.7829,0.78290003,0.782901,0.782901,39145001,39145002,-3517972,-3527576,1,0,0,0,0.002105712890625,69
0.7839,0.78390003,0.783901,0.783901,39195001,39195002,-3465544,-3473745,1,0,0,0,0.002105712890625,69
0.7849,0.78490003,0.784901,0.784901,39245001,39245002,-3413115,-3423843,1,0,0,0,0.00213623046875,70
0.7859,0.78590003,0.785901,0.785901,39295001,39295002,-3360686,-3380451,1,0,0,0,0.0023193359375,76
0.7869,0.78690003,0.786901,0.786901,39345001,39345002,-3308257,-3328653,1,0,0,0,0.002349853515625,77
0.7879,0.78790003,0.787901,0.787901,39395001,39395002,-3255828,-3267071,1,0,0,0,0.002227783203125,73
0.7889,0.78890003,0.788901,0.788901,39445001,39445002,-3203400,-3210840,1,0,0,0,0.002166748046875,71
0.7899,0.78990003,0.789901,0.789901,39495001,39495002,-3150971,-3154515,1,0,0,0,0.002105712890625,69
0.7909,0.79090003,0.790901,0.790901,39545001,39545002,-3098542,-3098625,1,0,0,0,0.0020751953125,68
0.7919,0.79190003,0.791901,0.791901,39595001,39595002,-3046113,-3045074,1,0,0,0,0.002044677734375,67
0.7929,0.79290003,0.792901,0.792901,39645001,39645002,-2993684,-2988305,1,0,0,0,0.001983642578125,65
0.7939,0.79390003,0.793901,0.793901,39695001,39695002,-2941256,-2939501,1,0,0,0,0.00201416015625,66
0.7949,0.79490003,0.794901,0.794901,39745001,39745002,-2888827,-2885489,1,0,0,0,0.001983642578125,65
0.7959,0.79590003,0.795901,0.795901,39795001,39795002,-2836398,-2831597,1,0,0,0,0.001953125,64
0.7969,0.79690003,0.796901,0.796901,39845001,39845002,-2783969,-2782923,1,0,0,0,0.00201416015625,66
0.7979,0.79790003,0.797901,0.797901,39895001,39895002,-2731540,-2731352,1,0,0,0,0.002044677734375,67
0.7989,0.79890003,0.798901,0.798901,39945001,39945002,-2679112,-2681377,1,0,0,0,0.0020751953125,68
0.7999,0.79990003,0.799901,0.799901,39995001,39995002,-2626683,-2623900,1,0,0,0,0.001983642578125,65
0.8009,0.80090003,0.800901,0.800901,40045001,40045002,-2574254,-2571126,1,0,0,0,0.001983642578125,65
0.8019,0.80190003,0.801901,0.801901,40095001,40095002,-2521825,-2520552,1,0,0,0,0.00201416015625,66
0.8029,0.80290003,0.802901,0.802901,40145001,40145002,-2469396,-2468167,1,0,0,0,0.00201416015625,66
0.8039,0.80390003,0.803901,0.803901,40195001,40195002,-2416968,-2413532,1,0,0,0,0.001983642578125,65
0.8049,0.80490003,0.804901,0.804901,40245001,40245002,-2364539,-2365750,1,0,0,0,0.002044677734375,67
0.8059,0.80590003,0.805901,0.805901,40295001,40295002,-2312110,-2308080,1,0,0,0,0.001953125,64
0.8069,0.80690003,0.806901,0.806901,40345001,40345002,-2259681,-2258716,1,0,0,0,0.00201416015625,66
0.8079,0.80790003,0.807901,0.807901,40395001,40395002,-2207252,-2203661,1,0,0,0,0.001953125,64
0.8089,0.80890003,0.808901,0.808901,40445001,40445002,-2154824,-2153013,1,0,0,0,0.001983642578125,65
0.8099,0.80990003,0.809901,0.809901,40495001,40495002,-2102395,-2104550,1,0,0,0,0.002044677734375,67
0.8109,0.81090003,0.810901,0.810901,40545001,40545002,-2049966,-2051215,1,0,0,0,0.002044677734375,67
0.8119,0.81190003,0.811901,0.811901,40595001,40595002,-1997537,-1995272,1,0,0,0,0.001983642578125,65
0.8129,0.81290003,0.812901,0.812901,40645001,40645002,-1945108,-1949128,1,0,0,0,0.0020751953125,68
0.8139,0.81390003,0.813901,0.813901,40695001,40695002,-1892680,-1898179,1,0,0,0,0.002105712890625,69
0.8149,0.81490003,0.814901,0.814901,40745001,40745002,-1840251,-1849125,1,0,0,0,0.002166748046875,71
0.8159,0.81590003,0.815901,0.815901,40795001,40795002,-1787822,-1806002,1,0,0,0,0.002349853515625,77
0.8169,0.81690003,0.816901,0.816901,40845001,40845002,-1735393,-1748860,1,0,0,0,0.002288818359375,75
0.8179,0.81790003,0.817901,0.817901,40895001,40895002,-1682964,-1689451,1,0,0,0,0.002197265625,72
0.8189,0.81890003,0.818901,0.818901,40945001,40945002,-1630536,-1631795,1,0,0,0,0.002105712890625,69
0.8199,0.81990003,0.819901,0.819901,40995001,40995002,-1578107,-1576650,1,0,0,0,0.0020751953125,68
0.8209,0.82090003,0.820901,0.820901,41045001,41045002,-1525678,-1525032,1,0,0,0,0.0020751953125,68
0.8219,0.82190003,0.821901,0.821901,41095001,41095002,-1473249,-1470021,1,0,0,0,0.002044677734375,67
0.8229,0.82290003,0.822901,0.822901,41145001,41145002,-1420820,-1415873,1,0,0,0,0.00201416015625,66
0.8239,0.82390003,0.823901,0.823901,41195001,41195002,-1368392,-1360102,1,0,0,0,0.001922607421875,63
0.8249,0.82490003,0.824901,0.824901,41245001,41245002,-1315963,-1309718,1,0,0,0,0.001953125,64
0.8259,0.82590003,0.825901,0.825901,41295001,41295002,-1263534,-1258732,1,0,0,0,0.001983642578125,65
0.8269,0.82690003,0.826901,0.826901,41345001,41345002,-1211105,-1209908,1,0,0,0,0.002044677734375,67
0.8279,0.82790003,0.827901,0.827901,41395001,41395002,-1158676,-1153647,1,0,0,0,0.001953125,64
0.8289,0.82890003,0.828901,0.828901,41445001,41445002,-1106248,-1106047,1,0,0,0,0.002044677734375,67
0.8299,0.82990003,0.829901,0.829901,41495001,41495002,-1053819,-1052044,1,0,0,0,0.00201416015625,66
0.8309,0.83090003,0.830901,0.830901,41545001,41545002,-1001390,-998922,1,0,0,0,0.00201416015625,66
0.8319,0.83190003,0.831901,0.831901,41595001,41595002,-948961,-948016,1,0,0,0,0.00201416015625,66
0.8329,0.83290003,0.832901,0.832901,41645001,41645002,-896532,-895340,1,0,0,0,0.00201416015625,66
0.8339,0.83390003,0.833901,0.833901,41695001,41695002,-844104,-840450,1,0,0,0,0.001983642578125,65
0.8349,0.83490003,0.834901,0.834901,41745001,41745002,-791675,-792408,1,0,0,0,0.002044677734375,67
0.8359,0.83590003,0.835901,0.835901,41795001,41795002,-739246,-736703,1,0,0,0,0.001983642578125,65
0.8369,0.83690003,0.836901,0.836901,41845001,41845002,-686817,-685418,1,0,0,0,0.00201416015625,66
0.8379,0.83790003,0.837901,0.837901,41895001,41895002,-634388,-633965,1,0,0,0,0.00201416015625,66
0.8389,0.83890003,0.838901,0.838901,41945001,41945002,-581960,-579610,1,0,0,0,0.001983642578125,65
0.8399,0.83990003,0.839901,0.839901,41995001,41995002,-529531,-530082,1,0,0,0,0.002044677734375,67
0.8409,0.84090003,0.840901,0.840901,42045001,42045002,-477102,-476479,1,0,0,0,0.00201416015625,66
0.8419,0.84190003,0.841901,0.841901,42095001,42095002,-424673,-420503,1,0,0,0,0.001953125,64
0.8429,0.84290003,0.842901,0.842901,42145001,42145002,-372244,-376221,1,0,0,0,0.0020751953125,68
0.8439,0.84390003,0.843901,0.843901,42195001,42195002,-319816,-323498,1,0,0,0,0.0020751953125,68
0.8449,0.84490003,0.844901,0.844901,42245001,42245002,-267387,-274012,1,0,0,0,0.00213623046875,70
0.8459,0.84590003,0.845901,0.845901,42295001,42295002,-214958,-230856,1,0,0,0,0.0023193359375,76
0.8469,0.84690003,0.846901,0.846901,42345001,42345002,-162529,-179135,1,0,0,0,0.002349853515625,77
0.8479,0.84790003,0.847901,0.847901,42395001,42395002,-110100,-117642,1,0,0,0,0.002197265625,72
0.8489,0.84890003,0.848901,0.848901,42445001,42445002,-57672,-61512,1,0,0,0,0.002166748046875,71
0.8499,0.84990003,0.849901,0.849901,42495001,42495002,-5243,-5232,1,0,0,0,0.002105712890625,69
0.8509,0.85090003,0.850901,0.850901,42545001,42545002,0,50632,1,0,0,0,0.001220703125,40
0.8519,0.85190003,0.851901,0.851901,42595001,42595002,0,88836,1,0,0,0,0.00048828125,16
0.8529,0.85290003,0.852901,0.852901,42645001,42645002,0,105019,1,0,0,0,9.1552734375e-05,3
0.8539,0.85390003,0.853901,0.853901,42695001,42695002,0,114326,1,0,0,0,-0.000213623046875,-7
0.8549,0.85490003,0.854901,0.854901,42745001,42745002,0,104468,1,0,0,0,-0.00018310546875,-6
0.8559,0.85590003,0.855901,0.855901,42795001,42795002,0,104141,1,0,0,0,-0.000335693359375,-11
0.8569,0.85690003,0.856901,0.856901,42845001,42845002,0,96245,1,0,0,0,-0.000335693359375,-11
0.8579,0.85790003,0.857901,0.857901,42895001,42895002,0,83524,1,0,0,0,-0.000244140625,-8
0.8589,0.85890003,0.858901,0.858901,42945001,42945002,0,70976,1,0,0,0,-0.000152587890625,-5
0.8599,0.85990003,0.859901,0.859901,42995001,42995002,0,74852,1,0,0,0,-0.00030517578125,-10
0.8609,0.86090003,0.860901,0.860901,43045001,43045002,0,70039,1,0,0,0,-0.000335693359375,-11
0.8619,0.86190003,0.861901,0.861901,43095001,43095002,0,61021,1,0,0,0,-0.000274658203125,-9
0.8629,0.86290003,0.862901,0.862901,43145001,43145002,0,51925,1,0,0,0,-0.000213623046875,-7
0.8639,0.86390003,0.863901,0.863901,43195001,43195002,0,43819,1,0,0,0,-0.0001220703125,-4
0.8649,0.86490003,0.864901,0.864901,43245001,43245002,0,36869,1,0,0,0,-9.1552734375e-05,-3
0.8659,0.86590003,0.865901,0.865901,43295001,43295002,0,30987,1,0,0,0,-3.0517578125e-05,-1
0.8669,0.86690003,0.866901,0.866901,43345001,43345002,0,36871,1,0,0,0,-0.00018310546875,-6
0.8679,0.86790003,0.867901,0.867901,43395001,43395002,0,41087,1,0,0,0,-0.00030517578125,-10
0.8689,0.86890003,0.868901,0.868901,43445001,43445002,0,37606,1,0,0,0,-0.00030517578125,-10
0.8699,0.86990003,0.869901,0.869901,43495001,43495002,0,32534,1,0,0,0,-0.000244140625,-8
0.8709,0.87090003,0.870901,0.870901,43545001,43545002,0,27616,1,0,0,0,-0.000213623046875,-7
0.8719,0.87190003,0.871901,0.871901,43595001,43595002,0,23285,1,0,0,0,-0.00018310546875,-6
0.8729,0.87290003,0.872901,0.872901,43645001,43645002,0,19585,1,0,0,0,-0.000152587890625,-5
0.8739,0.87390003,0.873901,0.873901,43695001,43695002,0,16458,1,0,0,0,-0.0001220703125,-4
0.8749,0.87490003,0.874901,0.874901,43745001,43745002,0,13827,1,0,0,0,-9.1552734375e-05,-3
0.8759,0.87590003,0.875901,0.875901,43795001,43795002,0,11614,1,0,0,0,-9.1552734375e-05,-3
0.8769,0.87690003,0.876901,0.876901,43845001,43845002,0,9756,1,0,0,0,-6.103515625e-05,-2
0.8779,0.87790003,0.877901,0.877901,43895001,43895002,0,8194,1,0,0,0,-6.103515625e-05,-2
0.8789,0.87890003,0.878901,0.878901,43945001,43945002,0,6883,1,0,0,0,-3.0517578125e-05,-1
0.8799,0.87990003,0.879901,0.879901,43995001,43995002,0,5781,1,0,0,0,-3.0517578125e-05,-1
0.8809,0.88090003,0.880901,0.880901,44045001,44045002,0,4856,1,0,0,0,-3.0517578125e-05,-1
0.8819,0.88190003,0.881901,0.881901,44095001,44095002,0,4079,1,0,0,0,0,0
0.8829,0.88290003,0.882901,0.882901,44145001,44145002,0,3426,1,0,0,0,0,0
0.8839,0.88390003,0.883901,0.883901,44195001,44195002,0,2877,1,0,0,0,0,0
0.8849,0.88490003,0.884901,0.884901,44245001,44245002,0,2417,1,0,0,0,0,0
0.8859,0.88590003,0.885901,0.885901,44295001,44295002,0,2030,1,0,0,0,0,0
0.8869,0.88690003,0.886901,0.886901,44345001,44345002,0,1705,1,0,0,0,0,0
0.8879,0.88790003,0.887901,0.887901,44395001,44395002,0,1432,1,0,0,0,0,0
0.8889,0.88890003,0.888901,0.888901,44445001,44445002,0,1203,1,0,0,0,0,0
0.8899,0.88990003,0.889901,0.889901,44495001,44495002,0,1010,1,0,0,0,0,0
0.8909,0.89090003,0.890901,0.890901,44545001,44545002,0,849,1,0,0,0,0,0
0.8919,0.89190003,0.891901,0.891901,44595001,44595002,0,713,1,0,0,0,0,0
0.8929,0.89290003,0.892901,0.892901,44645001,44645002,0,599,1,0,0,0,3.0517578125e-05,1
0.8939,0.89390003,0.893901,0.893901,44695001,44695002,0,503,1,0,0,0,3.0517578125e-05,1
0.8949,0.89490003,0.894901,0.894901,44745001,44745002,0,422,1,0,0,0,3.0517578125e-05,1
0.8959,0.89590003,0.895901,0.895901,44795001,44795002,0,355,1,0,0,0,3.0517578125e-05,1
0.8969,0.89690003,0.896901,0.896901,44845001,44845002,0,298,1,0,0,0,3.0517578125e-05,1
0.8979,0.89790003,0.897901,0.897901,44895001,44895002,0,250,1,0,0,0,3.0517578125e-05,1
0.8989,0.89890003,0.898901,0.898901,44945001,44945002,0,210,1,0,0,0,3.0517578125e-05,1
0.8999,0.89990003,0.899901,0.899901,44995001,44995002,0,177,1,0,0,0,3.0517578125e-05,1
0.9009,0.90090003,0.900901,0.900901,45045001,45045002,0,-513847,1,0,0,0,0.00885009765625,290
0.9019,0.90190003,0.901901,0.901901,45095001,45095002,0,-938370,1,0,0,0,0.016876220703125,553
0.9029,0.90290003,0.902901,0.902901,45145001,45145002,0,-1146096,1,0,0,0,0.021728515625,712
0.9039,0.90390003,0.903901,0.903901,45195001,45195002,0,-1207174,1,0,0,0,0.02435302734375,798
0.9049,0.90490003,0.904901,0.904901,45245001,45245002,0,-1179430,1,0,0,0,0.025543212890625,837
0.9059,0.90590003,0.905901,0.905901,45295001,45295002,0,-1112517,1,0,0,0,0.0260009765625,852
0.9069,0.90690003,0.906901,0.906901,45345001,45345002,0,-1030535,1,0,0,0,0.026123046875,856
0.9079,0.90790003,0.907901,0.907901,45395001,45395002,0,-939230,1,0,0,0,0.025970458984375,851
0.9089,0.90890003,0.908901,0.908901,45445001,45445002,0,-851261,1,0,0,0,0.0257568359375,844
0.9099,0.90990003,0.909901,0.909901,45495001,45495002,0,-766653,1,0,0,0,0.025482177734375,835
0.9109,0.91090003,0.910901,0.910901,45545001,45545002,0,-688585,1,0,0,0,0.025177001953125,825
0.9119,0.91190003,0.911901,0.911901,45595001,45595002,0,-614439,1,0,0,0,0.024871826171875,815
0.9129,0.91290003,0.912901,0.912901,45645001,45645002,0,-549651,1,0,0,0,0.02459716796875,806
0.9139,0.91390003,0.913901,0.913901,45695001,45695002,0,-496310,1,0,0,0,0.024444580078125,801
0.9149,0.91490003,0.914901,0.914901,45745001,45745002,0,-444931,1,0,0,0,0.02423095703125,794
0.9159,0.91590003,0.915901,0.915901,45795001,45795002,0,-400207,1,0,0,0,0.024078369140625,789
0.9169,0.91690003,0.916901,0.916901,45845001,45845002,0,-357984,1,0,0,0,0.023895263671875,783
0.9179,0.91790003,0.917901,0.917901,45895001,45895002,0,-322631,1,0,0,0,0.023773193359375,779
0.9189,0.91890003,0.918901,0.918901,45945001,45945002,0,-288138,1,0,0,0,0.02362060546875,774
0.9199,0.91990003,0.919901,0.919901,45995001,45995002,0,-255706,1,0,0,0,0.023468017578125,769
0.9209,0.92090003,0.920901,0.920901,46045001,46045002,0,-231968,1,0,0,0,0.023406982421875,767
0.9219,0.92190003,0.921901,0.921901,46095001,46095002,0,-206569,1,0,0,0,0.023284912109375,763
0.9229,0.92290003,0.922901,0.922901,46145001,46145002,0,-189960,1,0,0,0,0.023284912109375,763
0.9239,0.92390003,0.923901,0.923901,46195001,46195002,0,-169013,1,0,0,0,0.023193359375,760
0.9249,0.92490003,0.924901,0.924901,46245001,46245002,0,-148927,1,0,0,0,0.0230712890625,756
0.9259,0.92590003,0.925901,0.925901,46295001,46295002,0,-134571,1,0,0,0,0.023040771484375,755
0.9269,0.92690003,0.926901,0.926901,46345001,46345002,0,-118014,1,0,0,0,0.02294921875,752
0.9279,0.92790003,0.927901,0.927901,46395001,46395002,0,-109683,1,0,0,0,0.02294921875,752
0.9289,0.92890003,0.928901,0.928901,46445001,46445002,0,-96652,1,0,0,0,0.02288818359375,750
0.9299,0.92990003,0.929901,0.929901,46495001,46495002,0,-86357,1,0,0,0,0.022857666015625,749
0.9309,0.93090003,0.930901,0.930901,46545001,46545002,0,-80780,1,0,0,0,0.022857666015625,749
0.9319,0.93190003,0.931901,0.931901,46595001,46595002,0,-71671,1,0,0,0,0.0228271484375,748
0.9329,0.93290003,0.932901,0.932901,46645001,46645002,0,-62791,1,0,0,0,0.02276611328125,746
0.9339,0.93390003,0.933901,0.933901,46695001,46695002,0,-54958,1,0,0,0,0.022705078125,744
0.9349,0.93490003,0.934901,0.934901,46745001,46745002,0,-49423,1,0,0,0,0.022705078125,744
0.9359,0.93590003,0.935901,0.935901,46795001,46795002,0,-44308,1,0,0,0,0.022674560546875,743
0.9369,0.93690003,0.936901,0.936901,46845001,46845002,0,-39237,1,0,0,0,0.02264404296875,742
0.9379,0.93790003,0.937901,0.937901,46895001,46895002,0,-34741,1,0,0,0,0.02264404296875,742
0.9389,0.93890003,0.938901,0.938901,46945001,46945002,0,-30892,1,0,0,0,0.022613525390625,741
0.9399,0.93990003,0.939901,0.939901,46995001,46995002,0,-27637,1,0,0,0,0.022613525390625,741
0.9409,0.94090003,0.940901,0.940901,47045001,47045002,0,-24896,1,0,0,0,0.0225830078125,740
0.9419,0.94190003,0.941901,0.941901,47095001,47095002,0,-26947,1,0,0,0,0.022674560546875,743
0.9429,0.94290003,0.942901,0.942901,47145001,47145002,0,-24607,1,0,0,0,0.02264404296875,742
0.9439,0.94390003,0.943901,0.943901,47195001,47195002,0,-19444,1,0,0,0,0.022613525390625,741
0.9449,0.94490003,0.944901,0.944901,47245001,47245002,0,-17122,1,0,0,0,0.0225830078125,740
0.9459,0.94590003,0.945901,0.945901,47295001,47295002,0,-15789,1,0,0,0,0.0225830078125,740
0.9469,0.94690003,0.946901,0.946901,47345001,47345002,0,-14850,1,0,0,0,0.0225830078125,740
0.9479,0.94790003,0.947901,0.947901,47395001,47395002,0,-14814,1,0,0,0,0.022613525390625,741
0.9489,0.94890003,0.948901,0.948901,47445001,47445002,0,-12110,1,0,0,0,0.0225830078125,740
0.9499,0.94990003,0.949901,0.949901,47495001,47495002,0,-11494,1,0,0,0,0.0225830078125,740
0.9509,0.95090003,0.950901,0.950901,47545001,47545002,0,-6644,1,0,0,0,0.02252197265625,738
0.9519,0.95190003,0.951901,0.951901,47595001,47595002,0,-5549,1,0,0,0,0.02252197265625,738
0.9529,0.95290003,0.952901,0.952901,47645001,47645002,0,-5831,1,0,0,0,0.02252197265625,738
0.9539,0.95390003,0.953901,0.953901,47695001,47695002,0,-6436,1,0,0,0,0.022552490234375,739
0.9549,0.95490003,0.954901,0.954901,47745001,47745002,0,-7056,1,0,0,0,0.022552490234375,739
0.9559,0.95590003,0.955901,0.955901,47795001,47795002,0,-5454,1,0,0,0,0.022552490234375,739
0.9569,0.95690003,0.956901,0.956901,47845001,47845002,0,-5290,1,0,0,0,0.022552490234375,739
0.9579,0.95790003,0.957901,0.957901,47895001,47895002,0,-4998,1,0,0,0,0.022552490234375,739
0.9589,0.95890003,0.958901,0.958901,47945001,47945002,0,-3330,1,0,0,0,0.02252197265625,738
0.9599,0.95990003,0.959901,0.959901,47995001,47995002,0,-3859,1,0,0,0,0.022552490234375,739
0.9609,0.96090003,0.960901,0.960901,48045001,48045002,0,-1085,1,0,0,0,0.022491455078125,737
0.9619,0.96190003,0.961901,0.961901,48095001,48095002,0,-639,1,0,0,0,0.022491455078125,737
0.9629,0.96290003,0.962901,0.962901,48145001,48145002,0,-1619,1,0,0,0,0.02252197265625,738
0.9639,0.96390003,0.963901,0.963901,48195001,48195002,0,-2857,1,0,0,0,0.022552490234375,739
0.9649,0.96490003,0.964901,0.964901,48245001,48245002,0,-4712,1,0,0,0,0.0225830078125,740
0.9659,0.96590003,0.965901,0.965901,48295001,48295002,0,-763,1,0,0,0,0.02252197265625,738
0.9669,0.96690003,0.966901,0.966901,48345001,48345002,0,1401,1,0,0,0,0.022491455078125,737
0.9679,0.96790003,0.967901,0.967901,48395001,48395002,0,621,1,0,0,0,0.022491455078125,737
0.9689,0.96890003,0.968901,0.968901,48445001,48445002,0,-828,1,0,0,0,0.02252197265625,738
0.9699,0.96990003,0.969901,0.969901,48495001,48495002,0,-2288,1,0,0,0,0.022552490234375,739
0.9709,0.97090003,0.970901,0.970901,48545001,48545002,0,-1431,1,0,0,0,0.02252197265625,738
0.9719,0.97190003,0.971901,0.971901,48595001,48595002,0,-1906,1,0,0,0,0.022552490234375,739
0.9729,0.97290003,0.972901,0.972901,48645001,48645002,0,-435,1,0,0,0,0.02252197265625,738
0.9739,0.97390003,0.973901,0.973901,48695001,48695002,0,-690,1,0,0,0,0.02252197265625,738
0.9749,0.97490003,0.974901,0.974901,48745001,48745002,0,-497,1,0,0,0,0.02252197265625,738
0.9759,0.97590003,0.975901,0.975901,48795001,48795002,0,1436,1,0,0,0,0.022491455078125,737
0.9769,0.97690003,0.976901,0.976901,48845001,48845002,0,608,1,0,0,0,0.022491455078125,737
0.9779,0.97790003,0.977901,0.977901,48895001,48895002,0,-838,1,0,0,0,0.02252197265625,738
0.9789,0.97890003,0.978901,0.978901,48945001,48945002,0,-2980,1,0,0,0,0.022552490234375,739
0.9799,0.97990003,0.979901,0.979901,48995001,48995002,0,-2150,1,0,0,0,0.022552490234375,739
0.9809,0.98090003,0.980901,0.980901,49045001,49045002,0,-276,1,0,0,0,0.02252197265625,738
0.9819,0.98190003,0.981901,0.981901,49095001,49095002,0,1300,1,0,0,0,0.022491455078125,737
0.9829,0.98290003,0.982901,0.982901,49145001,49145002,0,389,1,0,0,0,0.02252197265625,738
0.9839,0.98390003,0.983901,0.983901,49195001,49195002,0,-168,1,0,0,0,0.02252197265625,738
0.9849,0.98490003,0.984901,0.984901,49245001,49245002,0,183,1,0,0,0,0.02252197265625,738
0.9859,0.98590003,0.985901,0.985901,49295001,49295002,0,-1052,1,0,0,0,0.02252197265625,738
0.9869,0.98690003,0.986901,0.986901,49345001,49345002,0,129,1,0,0,0,0.02252197265625,738
0.9879,0.98790003,0.987901,0.987901,49395001,49395002,0,-263,1,0,0,0,0.02252197265625,738
0.9889,0.98890003,0.988901,0.988901,49445001,49445002,0,-153,1,0,0,0,0.02252197265625,738
0.9899,0.98990003,0.989901,0.989901,49495001,49495002,0,1721,1,0,0,0,0.022491455078125,737
0.9909,0.99090003,0.990901,0.990901,49545001,49545002,0,846,1,0,0,0,0.022491455078125,737
0.9919,0.99190003,0.991901,0.991901,49595001,49595002,0,-639,1,0,0,0,0.02252197265625,738
0.9929,0.99290003,0.992901,0.992901,49645001,49645002,0,-2813,1,0,0,0,0.022552490234375,739
0.9939,0.99390003,0.993901,0.993901,49695001,49695002,0,-2010,1,0,0,0,0.022552490234375,739
0.9949,0.99490003,0.994901,0.994901,49745001,49745002,0,-158,1,0,0,0,0.02252197265625,738
0.9959,0.99590003,0.995901,0.995901,49795001,49795002,0,1399,1,0,0,0,0.022491455078125,737
0.9969,0.99690003,0.996901,0.996901,49845001,49845002,0,464,1,0,0,0,0.02252197265625,738
0.9979,0.99790003,0.997901,0.997901,49895001,49895002,0,-116,1,0,0,0,0.02252197265625,738
0.9989,0.99890003,0.998901,0.998901,49945001,49945002,0,223,1,0,0,0,0.02252197265625,738
0.9999,0.99990003,0.999901,0.999901,49995001,49995002,0,-53,1,0,0,0,0.02252197265625,738
1.0009,1.00090003,1.000901,1.000901,50045001,50045002,0,924,1,0,0,0,0.022491455078125,737
1.0019,1.00190003,1.001901,1.001901,50095001,50095002,0,-242,1,0,0,0,0.02252197265625,738
1.0029,1.00290003,1.002901,1.002901,50145001,50145002,0,-333,1,0,0,0,0.02252197265625,738
1.0039,1.00390003,1.003901,1.003901,50195001,50195002,0,1509,1,0,0,0,0.022491455078125,737
1.0049,1.00490003,1.004901,1.004901,50245001,50245002,0,649,1,0,0,0,0.022491455078125,737
1.0059,1.00590003,1.005901,1.005901,50295001,50295002,0,-809,1,0,0,0,0.02252197265625,738
1.0069,1.00690003,1.006901,1.006901,50345001,50345002,0,-2958,1,0,0,0,0.022552490234375,739
1.0079,1.00790003,1.007901,1.007901,50395001,50395002,0,-2132,1,0,0,0,0.022552490234375,739
1.0089,1.00890003,1.008901,1.008901,50445001,50445002,0,-261,1,0,0,0,0.02252197265625,738
1.0099,1.00990003,1.009901,1.009901,50495001,50495002,0,1313,1,0,0,0,0.022491455078125,737
1.0109,1.01090003,1.010901,1.010901,50545001,50545002,0,392,1,0,0,0,0.02252197265625,738
1.0119,1.01190003,1.011901,1.011901,50595001,50595002,0,-177,1,0,0,0,0.02252197265625,738
1.0129,1.01290003,1.012901,1.012901,50645001,50645002,0,172,1,0,0,0,0.02252197265625,738
1.0139,1.01390003,1.013901,1.013901,50695001,50695002,0,-1062,1,0,0,0,0.022552490234375,739
1.0149,1.01490003,1.014901,1.014901,50745001,50745002,0,120,1,0,0,0,0.02252197265625,738
1.0159,1.01590003,1.015901,1.015901,50795001,50795002,0,-271,1,0,0,0,0.02252197265625,738
1.0169,1.01690003,1.016901,1.016901,50845001,50845002,0,2139,1,0,0,0,0.022491455078125,737
1.0179,1.01790003,1.017901,1.017901,50895001,50895002,0,2134,1,0,0,0,0.022491455078125,737
1.0189,1.01890003,1.018901,1.018901,50945001,50945002,0,744,1,0,0,0,0.022491455078125,737
1.0199,1.01990003,1.019901,1.019901,50995001,50995002,0,-859,1,0,0,0,0.02252197265625,738
1.0209,1.02090003,1.020901,1.020901,51045001,51045002,0,-3039,1,0,0,0,0.0225830078125,740
1.0219,1.02190003,1.021901,1.021901,51095001,51095002,0,633,1,0,0,0,0.02252197265625,738
1.0229,1.02290003,1.022901,1.022901,51145001,51145002,0,2570,1,0,0,0,0.0224609375,736
1.0239,1.02390003,1.023901,1.023901,51195001,51195002,0,1603,1,0,0,0,0.022491455078125,737
1.0249,1.02490003,1.024901,1.024901,51245001,51245002,0,-4,1,0,0,0,0.02252197265625,738
1.0259,1.02590003,1.025901,1.025901,51295001,51295002,0,-1596,1,0,0,0,0.022552490234375,739
1.0269,1.02690003,1.026901,1.026901,51345001,51345002,0,-850,1,0,0,0,0.02252197265625,738
1.0279,1.02790003,1.027901,1.027901,51395001,51395002,0,-1418,1,0,0,0,0.022552490234375,739
1.0289,1.02890003,1.028901,1.028901,51445001,51445002,0,-25,1,0,0,0,0.02252197265625,738
1.0299,1.02990003,1.029901,1.029901,51495001,51495002,0,-346,1,0,0,0,0.02252197265625,738
1.0309,1.03090003,1.030901,1.030901,51545001,51545002,0,2091,1,0,0,0,0.022491455078125,737
1.0319,1.03190003,1.031901,1.031901,51595001,51595002,0,2097,1,0,0,0,0.022491455078125,737
1.0329,1.03290003,1.032901,1.032901,51645001,51645002,0,700,1,0,0,0,0.022491455078125,737
1.0339,1.03390003,1.033901,1.033901,51695001,51695002,0,-902,1,0,0,0,0.02252197265625,738
1.0349,1.03490003,1.034901,1.034901,51745001,51745002,0,-3077,1,0,0,0,0.0225830078125,740
1.0359,1.03590003,1.035901,1.035901,51795001,51795002,0,-2245,1,0,0,0,0.022552490234375,739
1.0369,1.03690003,1.036901,1.036901,51845001,51845002,0,1646,1,0,0,0,0.022491455078125,737
1.0379,1.03790003,1.037901,1.037901,51895001,51895002,0,1577,1,0,0,0,0.022491455078125,737
1.0389,1.03890003,1.038901,1.038901,51945001,51945002,0,204,1,0,0,0,0.02252197265625,738
1.0399,1.03990003,1.039901,1.039901,51995001,51995002,0,-460,1,0,0,0,0.02252197265625,738
1.0409,1.04090003,1.040901,1.040901,52045001,52045002,0,-104,1,0,0,0,0.02252197265625,738
1.0419,1.04190003,1.041901,1.041901,52095001,52095002,0,-339,1,0,0,0,0.02252197265625,738
1.0429,1.04290003,1.042901,1.042901,52145001,52145002,0,676,1,0,0,0,0.02252197265625,738
1.0439,1.04390003,1.043901,1.043901,52195001,52195002,0,-466,1,0,0,0,0.02252197265625,738
1.0449,1.04490003,1.044901,1.044901,52245001,52245002,0,1773,1,0,0,0,0.022491455078125,737
1.0459,1.04590003,1.045901,1.045901,52295001,52295002,0,1765,1,0,0,0,0.022491455078125,737
1.0469,1.04690003,1.046901,1.046901,52345001,52345002,0,401,1,0,0,0,0.022491455078125,737
1.0479,1.04790003,1.047901,1.047901,52395001,52395002,0,-1160,1,0,0,0,0.02252197265625,738
1.0489,1.04890003,1.048901,1.048901,52445001,52445002,0,-3296,1,0,0,0,0.0225830078125,740
1.0499,1.04990003,1.049901,1.049901,52495001,52495002,0,-2429,1,0,0,0,0.022552490234375,739
1.0509,1.05090003,1.050901,1.050901,52545001,52545002,0,523132,1,0,0,0,0.013519287109375,443
1.0519,1.05190003,1.051901,1.051901,52595001,52595002,0,943185,1,0,0,0,0.005584716796875,183
1.0529,1.05290003,1.052901,1.052901,52645001,52645002,0,1139239,1,0,0,0,0.00091552734375,30
1.0539,1.05390003,1.053901,1.053901,52695001,52695002,0,1207330,1,0,0,0,-0.0018310546875,-60
1.0549,1.05490003,1.054901,1.054901,52745001,52745002,0,1179600,1,0,0,0,-0.003021240234375,-99
1.0559,1.05590003,1.055901,1.055901,52795001,52795002,0,1109858,1,0,0,0,-0.003448486328125,-113
1.0569,1.05690003,1.056901,1.056901,52845001,52845002,0,1021668,1,0,0,0,-0.003448486328125,-113
1.0579,1.05790003,1.057901,1.057901,52895001,52895002,0,926937,1,0,0,0,-0.00323486328125,-106
1.0589,1.05890003,1.058901,1.058901,52945001,52945002,0,840924,1,0,0,0,-0.003021240234375,-99
1.0599,1.05990003,1.059901,1.059901,52995001,52995002,0,764576,1,0,0,0,-0.00286865234375,-94
1.0609,1.06090003,1.060901,1.060901,53045001,53045002,0,686747,1,0,0,0,-0.0025634765625,-84
1.0619,1.06190003,1.061901,1.061901,53095001,53095002,0,616409,1,0,0,0,-0.0023193359375,-76
1.0629,1.06290003,1.062901,1.062901,53145001,53145002,0,557262,1,0,0,0,-0.00213623046875,-70
1.0639,1.06390003,1.063901,1.063901,53195001,53195002,0,502175,1,0,0,0,-0.001953125,-64
1.0649,1.06490003,1.064901,1.064901,53245001,53245002,0,449870,1,0,0,0,-0.001739501953125,-57
1.0659,1.06590003,1.065901,1.065901,53295001,53295002,0,404091,1,0,0,0,-0.0015869140625,-52
1.0669,1.06690003,1.066901,1.066901,53345001,53345002,0,361069,1,0,0,0,-0.00140380859375,-46
1.0679,1.06790003,1.067901,1.067901,53395001,53395002,0,320632,1,0,0,0,-0.001190185546875,-39
1.0689,1.06890003,1.068901,1.068901,53445001,53445002,0,289606,1,0,0,0,-0.0010986328125,-36
1.0699,1.06990003,1.069901,1.069901,53495001,53495002,0,262806,1,0,0,0,-0.00103759765625,-34
1.0709,1.07090003,1.070901,1.070901,53545001,53545002,0,233524,1,0,0,0,-0.00091552734375,-30
1.0719,1.07190003,1.071901,1.071901,53595001,53595002,0,212496,1,0,0,0,-0.0008544921875,-28
1.0729,1.07290003,1.072901,1.072901,53645001,53645002,0,188667,1,0,0,0,-0.000732421875,-24
1.0739,1.07390003,1.073901,1.073901,53695001,53695002,0,163094,1,0,0,0,-0.000579833984375,-19
1.0749,1.07490003,1.074901,1.074901,53745001,53745002,0,154189,1,0,0,0,-0.000640869140625,-21
1.0759,1.07590003,1.075901,1.075901,53795001,53795002,0,134772,1,0,0,0,-0.000518798828125,-17
1.0769,1.07690003,1.076901,1.076901,53845001,53845002,0,114810,1,0,0,0,-0.0003662109375,-12
1.0779,1.07790003,1.077901,1.077901,53895001,53895002,0,111911,1,0,0,0,-0.000457763671875,-15
1.0789,1.07890003,1.078901,1.078901,53945001,53945002,0,101240,1,0,0,0,-0.00042724609375,-14
1.0799,1.07990003,1.079901,1.079901,53995001,53995002,0,87251,1,0,0,0,-0.000335693359375,-11
1.0809,1.08090003,1.080901,1.080901,54045001,54045002,0,73964,1,0,0,0,-0.000213623046875,-7
1.0819,1.08190003,1.081901,1.081901,54095001,54095002,0,74771,1,0,0,0,-0.000335693359375,-11
1.0829,1.08290003,1.082901,1.082901,54145001,54145002,0,71853,1,0,0,0,-0.000396728515625,-13
1.0839,1.08390003,1.083901,1.083901,54195001,54195002,0,63121,1,0,0,0,-0.000335693359375,-11
1.0849,1.08490003,1.084901,1.084901,54245001,54245002,0,53865,1,0,0,0,-0.000274658203125,-9
1.0859,1.08590003,1.085901,1.085901,54295001,54295002,0,45503,1,0,0,0,-0.000213623046875,-7
1.0869,1.08690003,1.086901,1.086901,54345001,54345002,0,38299,1,0,0,0,-0.000152587890625,-5
1.0879,1.08790003,1.087901,1.087901,54395001,54395002,0,32193,1,0,0,0,-9.1552734375e-05,-3
1.0889,1.08890003,1.088901,1.088901,54445001,54445002,0,27048,1,0,0,0,-3.0517578125e-05,-1
1.0899,1.08990003,1.089901,1.089901,54495001,54495002,0,22721,1,0,0,0,0,0
1.0909,1.09090003,1.090901,1.090901,54545001,54545002,0,19085,1,0,0,0,3.0517578125e-05,1
1.0919,1.09190003,1.091901,1.091901,54595001,54595002,0,16030,1,0,0,0,6.103515625e-05,2
1.0929,1.09290003,1.092901,1.092901,54645001,54645002,0,29444,1,0,0,0,-0.000213623046875,-7
1.0939,1.09390003,1.093901,1.093901,54695001,54695002,0,31030,1,0,0,0,-0.000274658203125,-9
1.0949,1.09490003,1.094901,1.094901,54745001,54745002,0,27990,1,0,0,0,-0.000244140625,-8
1.0959,1.09590003,1.095901,1.095901,54795001,54795002,0,24100,1,0,0,0,-0.000244140625,-8
1.0969,1.09690003,1.096901,1.096901,54845001,54845002,0,20423,1,0,0,0,-0.000213623046875,-7
1.0979,1.09790003,1.097901,1.097901,54895001,54895002,0,17209,1,0,0,0,-0.00018310546875,-6
1.0989,1.09890003,1.098901,1.098901,54945001,54945002,0,14471,1,0,0,0,-0.000152587890625,-5
1.0999,1.09990003,1.099901,1.099901,54995001,54995002,0,12160,1,0,0,0,-0.0001220703125,-4
1.1009,1.10090003,1.100901,1.100901,55045001,55045002,0,10216,1,0,0,0,-0.0001220703125,-4
1.1019,1.10190003,1.101901,1.101901,55095001,55095002,0,8581,1,0,0,0,-9.1552734375e-05,-3
1.1029,1.10290003,1.102901,1.102901,55145001,55145002,0,7208,1,0,0,0,-9.1552734375e-05,-3
1.1039,1.10390003,1.103901,1.103901,55195001,55195002,0,6054,1,0,0,0,-9.1552734375e-05,-3
1.1049,1.10490003,1.104901,1.104901,55245001,55245002,0,5085,1,0,0,0,-6.103515625e-05,-2
1.1059,1.10590003,1.105901,1.105901,55295001,55295002,0,4271,1,0,0,0,-6.103515625e-05,-2
1.1069,1.10690003,1.106901,1.106901,55345001,55345002,0,3588,1,0,0,0,-6.103515625e-05,-2
1.1079,1.10790003,1.107901,1.107901,55395001,55395002,0,3013,1,0,0,0,-6.103515625e-05,-2
1.1089,1.10890003,1.108901,1.108901,55445001,55445002,0,2531,1,0,0,0,-6.103515625e-05,-2
1.1099,1.10990003,1.109901,1.109901,55495001,55495002,0,-14690,1,0,0,0,0.000244140625,8
1.1109,1.11090003,1.110901,1.110901,55545001,55545002,0,-17934,1,0,0,0,0.000335693359375,11
1.1119,1.11190003,1.111901,1.111901,55595001,55595002,0,-16775,1,0,0,0,0.000335693359375,11
1.1129,1.11290003,1.112901,1.112901,55645001,55645002,0,-14614,1,0,0,0,0.00030517578125,10
1.1139,1.11390003,1.113901,1.113901,55695001,55695002,0,-8080,1,0,0,0,0.000213623046875,7
1.1149,1.11490003,1.114901,1.114901,55745001,55745002,0,7597,1,0,0,0,-3.0517578125e-05,-1
1.1159,1.11590003,1.115901,1.115901,55795001,55795002,0,10781,1,0,0,0,-9.1552734375e-05,-3
1.1169,1.11690003,1.116901,1.116901,55845001,55845002,0,10401,1,0,0,0,-0.0001220703125,-4
1.1179,1.11790003,1.117901,1.117901,55895001,55895002,0,9148,1,0,0,0,-9.1552734375e-05,-3
1.1189,1.11890003,1.118901,1.118901,55945001,55945002,0,7810,1,0,0,0,-9.1552734375e-05,-3
1.1199,1.11990003,1.119901,1.119901,55995001,55995002,0,6599,1,0,0,0,-9.1552734375e-05,-3
1.1209,1.12090003,1.120901,1.120901,56045001,56045002,0,5554,1,0,0,0,-6.103515625e-05,-2
1.1219,1.12190003,1.121901,1.121901,56095001,56095002,0,4669,1,0,0,0,-6.103515625e-05,-2
1.1229,1.12290003,1.122901,1.122901,56145001,56145002,0,3923,1,0,0,0,-6.103515625e-05,-2
1.1239,1.12390003,1.123901,1.123901,56195001,56195002,0,3295,1,0,0,0,-6.103515625e-05,-2
1.1249,1.12490003,1.124901,1.124901,56245001,56245002,0,2768,1,0,0,0,-6.103515625e-05,-2
1.1259,1.12590003,1.125901,1.125901,56295001,56295002,0,2325,1,0,0,0,-6.103515625e-05,-2
1.1269,1.12690003,1.126901,1.126901,56345001,56345002,0,1953,1,0,0,0,-3.0517578125e-05,-1
1.1279,1.12790003,1.127901,1.127901,56395001,56395002,0,1640,1,0,0,0,-3.0517578125e-05,-1
1.1289,1.12890003,1.128901,1.128901,56445001,56445002,0,1378,1,0,0,0,-3.0517578125e-05,-1
1.1299,1.12990003,1.129901,1.129901,56495001,56495002,0,1157,1,0,0,0,-3.0517578125e-05,-1
1.1309,1.13090003,1.130901,1.130901,56545001,56545002,0,972,1,0,0,0,-3.0517578125e-05,-1
1.1319,1.13190003,1.131901,1.131901,56595001,56595002,0,816,1,0,0,0,-3.0517578125e-05,-1
1.1329,1.13290003,1.132901,1.132901,56645001,56645002,0,686,1,0,0,0,-3.0517578125e-05,-1
1.1339,1.13390003,1.133901,1.133901,56695001,56695002,0,576,1,0,0,0,-3.0517578125e-05,-1
1.1349,1.13490003,1.134901,1.134901,56745001,56745002,0,484,1,0,0,0,-3.0517578125e-05,-1
1.1359,1.13590003,1.135901,1.135901,56795001,56795002,0,406,1,0,0,0,-3.0517578125e-05,-1
1.1369,1.13690003,1.136901,1.136901,56845001,56845002,0,341,1,0,0,0,-3.0517578125e-05,-1
1.1379,1.13790003,1.137901,1.137901,56895001,56895002,0,287,1,0,0,0,-3.0517578125e-05,-1
1.1389,1.13890003,1.138901,1.138901,56945001,56945002,0,241,1,0,0,0,-3.0517578125e-05,-1
1.1399,1.13990003,1.139901,1.139901,56995001,56995002,0,202,1,0,0,0,-3.0517578125e-05,-1
1.1409,1.14090003,1.140901,1.140901,57045001,57045002,0,170,1,0,0,0,-3.0517578125e-05,-1
1.1419,1.14190003,1.141901,1.141901,57095001,57095002,0,143,1,0,0,0,-3.0517578125e-05,-1
1.1429,1.14290003,1.142901,1.142901,57145001,57145002,0,120,1,0,0,0,-3.0517578125e-05,-1
1.1439,1.14390003,1.143901,1.143901,57195001,57195002,0,-1409,1,0,0,0,0,0
1.1449,1.14490003,1.144901,1.144901,57245001,57245002,0,-17430,1,0,0,0,0.000274658203125,9
1.1459,1.14590003,1.145901,1.145901,57295001,57295002,0,-19611,1,0,0,0,0.000335693359375,11
1.1469,1.14690003,1.146901,1.146901,57345001,57345002,0,-17992,1,0,0,0,0.000335693359375,11
1.1479,1.14790003,1.147901,1.147901,57395001,57395002,0,-15578,1,0,0,0,0.00030517578125,10
1.1489,1.14890003,1.148901,1.148901,57445001,57445002,0,-13227,1,0,0,0,0.00030517578125,10
1.1499,1.14990003,1.149901,1.149901,57495001,57495002,0,5663,1,0,0,0,0,0
1.1509,1.15090003,1.150901,1.150901,57545001,57545002,0,10339,1,0,0,0,-9.1552734375e-05,-3
1.1519,1.15190003,1.151901,1.151901,57595001,57595002,0,10392,1,0,0,0,-0.0001220703125,-4
1.1529,1.15290003,1.152901,1.152901,57645001,57645002,0,9251,1,0,0,0,-9.1552734375e-05,-3
1.1539,1.15390003,1.153901,1.153901,57695001,57695002,0,7930,1,0,0,0,-9.1552734375e-05,-3
1.1549,1.15490003,1.154901,1.154901,57745001,57745002,0,6709,1,0,0,0,-9.1552734375e-05,-3
1.1559,1.15590003,1.155901,1.155901,57795001,57795002,0,5651,1,0,0,0,-6.103515625e-05,-2
1.1569,1.15690003,1.156901,1.156901,57845001,57845002,0,4751,1,0,0,0,-6.103515625e-05,-2
1.1579,1.15790003,1.157901,1.157901,57895001,57895002,0,3992,1,0,0,0,-6.103515625e-05,-2
1.1589,1.15890003,1.158901,1.158901,57945001,57945002,0,3353,1,0,0,0,-6.103515625e-05,-2
1.1599,1.15990003,1.159901,1.159901,57995001,57995002,0,2817,1,0,0,0,-6.103515625e-05,-2
1.1609,1.16090003,1.160901,1.160901,58045001,58045002,0,2366,1,0,0,0,-6.103515625e-05,-2
1.1619,1.16190003,1.161901,1.161901,58095001,58095002,0,1987,1,0,0,0,-3.0517578125e-05,-1
1.1629,1.16290003,1.162901,1.162901,58145001,58145002,0,1669,1,0,0,0,-3.0517578125e-05,-1
1.1639,1.16390003,1.163901,1.163901,58195001,58195002,0,1402,1,0,0,0,-3.0517578125e-05,-1
1.1649,1.16490003,1.164901,1.164901,58245001,58245002,0,1178,1,0,0,0,-3.0517578125e-05,-1
1.1659,1.16590003,1.165901,1.165901,58295001,58295002,0,989,1,0,0,0,-3.0517578125e-05,-1
1.1669,1.16690003,1.166901,1.166901,58345001,58345002,0,831,1,0,0,0,-3.0517578125e-05,-1
1.1679,1.16790003,1.167901,1.167901,58395001,58395002,0,698,1,0,0,0,-3.0517578125e-05,-1
1.1689,1.16890003,1.168901,1.168901,58445001,58445002,0,586,1,0,0,0,-3.0517578125e-05,-1
1.1699,1.16990003,1.169901,1.169901,58495001,58495002,0,492,1,0,0,0,-3.0517578125e-05,-1
1.1709,1.17090003,1.170901,1.170901,58545001,58545002,0,414,1,0,0,0,-3.0517578125e-05,-1
1.1719,1.17190003,1.171901,1.171901,58595001,58595002,0,347,1,0,0,0,-3.0517578125e-05,-1
1.1729,1.17290003,1.172901,1.172901,58645001,58645002,0,292,1,0,0,0,-3.0517578125e-05,-1
1.1739,1.17390003,1.173901,1.173901,58695001,58695002,0,245,1,0,0,0,-3.0517578125e-05,-1
1.1749,1.17490003,1.174901,1.174901,58745001,58745002,0,206,1,0,0,0,-3.0517578125e-05,-1
1.1759,1.17590003,1.175901,1.175901,58795001,58795002,0,173,1,0,0,0,-3.0517578125e-05,-1
1.1769,1.17690003,1.176901,1.176901,58845001,58845002,0,145,1,0,0,0,-3.0517578125e-05,-1
1.1779,1.17790003,1.177901,1.177901,58895001,58895002,0,122,1,0,0,0,-3.0517578125e-05,-1
1.1789,1.17890003,1.178901,1.178901,58945001,58945002,0,102,1,0,0,0,-3.0517578125e-05,-1
1.1799,1.17990003,1.179901,1.179901,58995001,58995002,0,86,1,0,0,0,-3.0517578125e-05,-1
1.1809,1.18090003,1.180901,1.180901,59045001,59045002,0,-4283,1,0,0,0,6.103515625e-05,2
1.1819,1.18190003,1.181901,1.181901,59095001,59095002,0,-18030,1,0,0,0,0.000274658203125,9
1.1829,1.18290003,1.182901,1.182901,59145001,59145002,0,-19559,1,0,0,0,0.000335693359375,11
1.1839,1.18390003,1.183901,1.183901,59195001,59195002,0,-17779,1,0,0,0,0.000335693359375,11
1.1849,1.18490003,1.184901,1.184901,59245001,59245002,0,-15347,1,0,0,0,0.00030517578125,10
1.1859,1.18590003,1.185901,1.185901,59295001,59295002,0,-8661,1,0,0,0,0.000213623046875,7
1.1869,1.18690003,1.186901,1.186901,59345001,59345002,0,7119,1,0,0,0,-3.0517578125e-05,-1
1.1879,1.18790003,1.187901,1.187901,59395001,59395002,0,10382,1,0,0,0,-9.1552734375e-05,-3
1.1889,1.18890003,1.188901,1.188901,59445001,59445002,0,10068,1,0,0,0,-0.0001220703125,-4
1.1899,1.18990003,1.189901,1.189901,59495001,59495002,0,8868,1,0,0,0,-9.1552734375e-05,-3
1.1909,1.19090003,1.190901,1.190901,59545001,59545002,0,7575,1,0,0,0,-9.1552734375e-05,-3
1.1919,1.19190003,1.191901,1.191901,59595001,59595002,0,6401,1,0,0,0,-9.1552734375e-05,-3
1.1929,1.19290003,1.192901,1.192901,59645001,59645002,0,5388,1,0,0,0,-6.103515625e-05,-2
1.1939,1.19390003,1.193901,1.193901,59695001,59695002,0,4530,1,0,0,0,-6.103515625e-05,-2
1.1949,1.19490003,1.194901,1.194901,59745001,59745002,0,3806,1,0,0,0,-6.103515625e-05,-2
1.1959,1.19590003,1.195901,1.195901,59795001,59795002,0,3197,1,0,0,0,-6.103515625e-05,-2
1.1969,1.19690003,1.196901,1.196901,59845001,59845002,0,2685,1,0,0,0,-6.103515625e-05,-2
1.1979,1.19790003,1.197901,1.197901,59895001,59895002,0,2256,1,0,0,0,-6.103515625e-05,-2
1.1989,1.19890003,1.198901,1.198901,59945001,59945002,0,1895,1,0,0,0,-3.0517578125e-05,-1
1.1999,1.19990003,1.199901,1.199901,59995001,59995002,0,1591,1,0,0,0,-3.0517578125e-05,-1
