event_id,source_time_s,physical_capture_time_s,physical_result_time_s,observed_capture_time_s,observed_result_time_s,input_capture_cycle,result_cycle,v_ref_raw,v_meas_raw,enable,pi_reset,sample_tick,angle_init,test_mode,golden_iq_ref_A,golden_iq_unlimited_A,golden_integrator_A,golden_saturation_active,golden_integrator_next_A,golden_previous_excess_A,golden_excess_next_A,golden_hard_reset,golden_int_reset,golden_iq_limited_A,golden_error_mmps,golden_P_A,golden_KiTs_A,golden_AW_A,observed_iq_ref_A,observed_iq_unlimited_A,observed_integrator_A,observed_saturation_active,observed_integrator_next_A,observed_previous_excess_A,observed_excess_next_A,observed_hard_reset,observed_int_reset,observed_iq_limited_A,observed_error_mmps,observed_P_A,observed_KiTs_A,observed_AW_A
1,0.0009,0.00090001,0.00090003,0.000901,0.000901,45001,45002,0,0,1,0,1,0,0,0,0,0,0,0,0,0,0,0,0,0,0,0,0,0,0,0,0,0,0,0,0,0,0,0,0,0,0
2,0.0019,0.00190001,0.00190003,0.001901,0.001901,95001,95002,0,0,1,0,1,0,0,0,0,0,0,0,0,0,0,0,0,0,0,0,0,0,0,0,0,0,0,0,0,0,0,0,0,0,0
3,0.0029,0.00290001,0.00290003,0.002901,0.002901,145001,145002,0,0,1,0,1,0,0,0,0,0,0,0,0,0,0,0,0,0,0,0,0,0,0,0,0,0,0,0,0,0,0,0,0,0,0
4,0.0039,0.00390001,0.00390003,0.003901,0.003901,195001,195002,0,0,1,0,1,0,0,0,0,0,0,0,0,0,0,0,0,0,0,0,0,0,0,0,0,0,0,0,0,0,0,0,0,0,0
5,0.0049,0.00490001,0.00490003,0.004901,0.004901,245001,245002,0,0,1,0,1,0,0,0,0,0,0,0,0,0,0,0,0,0,0,0,0,0,0,0,0,0,0,0,0,0,0,0,0,0,0
6,0.0059,0.00590001,0.00590003,0.005901,0.005901,295001,295002,0,0,1,0,1,0,0,0,0,0,0,0,0,0,0,0,0,0,0,0,0,0,0,0,0,0,0,0,0,0,0,0,0,0,0
7,0.0069,0.00690001,0.00690003,0.006901,0.006901,345001,345002,0,0,1,0,1,0,0,0,0,0,0,0,0,0,0,0,0,0,0,0,0,0,0,0,0,0,0,0,0,0,0,0,0,0,0
8,0.0079,0.00790001,0.00790003,0.007901,0.007901,395001,395002,0,0,1,0,1,0,0,0,0,0,0,0,0,0,0,0,0,0,0,0,0,0,0,0,0,0,0,0,0,0,0,0,0,0,0
9,0.0089,0.00890001,0.00890003,0.008901,0.008901,445001,445002,0,0,1,0,1,0,0,0,0,0,0,0,0,0,0,0,0,0,0,0,0,0,0,0,0,0,0,0,0,0,0,0,0,0,0
10,0.0099,0.00990001,0.00990003,0.009901,0.009901,495001,495002,0,0,1,0,1,0,0,0,0,0,0,0,0,0,0,0,0,0,0,0,0,0,0,0,0,0,0,0,0,0,0,0,0,0,0
11,0.0109,0.01090001,0.01090003,0.010901,0.010901,545001,545002,0,0,1,0,1,0,0,0,0,0,0,0,0,0,0,0,0,0,0,0,0,0,0,0,0,0,0,0,0,0,0,0,0,0,0
12,0.0119,0.01190001,0.01190003,0.011901,0.011901,595001,595002,0,0,1,0,1,0,0,0,0,0,0,0,0,0,0,0,0,0,0,0,0,0,0,0,0,0,0,0,0,0,0,0,0,0,0
13,0.0129,0.01290001,0.01290003,0.012901,0.012901,645001,645002,0,0,1,0,1,0,0,0,0,0,0,0,0,0,0,0,0,0,0,0,0,0,0,0,0,0,0,0,0,0,0,0,0,0,0
14,0.0139,0.01390001,0.01390003,0.013901,0.013901,695001,695002,0,0,1,0,1,0,0,0,0,0,0,0,0,0,0,0,0,0,0,0,0,0,0,0,0,0,0,0,0,0,0,0,0,0,0
15,0.0149,0.01490001,0.01490003,0.014901,0.014901,745001,745002,0,0,1,0,1,0,0,0,0,0,0,0,0,0,0,0,0,0,0,0,0,0,0,0,0,0,0,0,0,0,0,0,0,0,0
16,0.0159,0.01590001,0.01590003,0.015901,0.015901,795001,795002,0,0,1,0,1,0,0,0,0,0,0,0,0,0,0,0,0,0,0,0,0,0,0,0,0,0,0,0,0,0,0,0,0,0,0
17,0.0169,0.01690001,0.01690003,0.016901,0.016901,845001,845002,0,0,1,0,1,0,0,0,0,0,0,0,0,0,0,0,0,0,0,0,0,0,0,0,0,0,0,0,0,0,0,0,0,0,0
18,0.0179,0.01790001,0.01790003,0.017901,0.017901,895001,895002,0,0,1,0,1,0,0,0,0,0,0,0,0,0,0,0,0,0,0,0,0,0,0,0,0,0,0,0,0,0,0,0,0,0,0
19,0.0189,0.01890001,0.01890003,0.018901,0.018901,945001,945002,0,0,1,0,1,0,0,0,0,0,0,0,0,0,0,0,0,0,0,0,0,0,0,0,0,0,0,0,0,0,0,0,0,0,0
20,0.0199,0.01990001,0.01990003,0.019901,0.019901,995001,995002,0,0,1,0,1,0,0,0,0,0,0,0,0,0,0,0,0,0,0,0,0,0,0,0,0,0,0,0,0,0,0,0,0,0,0
21,0.0209,0.02090001,0.02090003,0.020901,0.020901,1045001,1045002,0,0,1,0,1,0,0,0,0,0,0,0,0,0,0,0,0,0,0,0,0,0,0,0,0,0,0,0,0,0,0,0,0,0,0
22,0.0219,0.02190001,0.02190003,0.021901,0.021901,1095001,1095002,0,0,1,0,1,0,0,0,0,0,0,0,0,0,0,0,0,0,0,0,0,0,0,0,0,0,0,0,0,0,0,0,0,0,0
23,0.0229,0.02290001,0.02290003,0.022901,0.022901,1145001,1145002,0,0,1,0,1,0,0,0,0,0,0,0,0,0,0,0,0,0,0,0,0,0,0,0,0,0,0,0,0,0,0,0,0,0,0
24,0.0239,0.02390001,0.02390003,0.023901,0.023901,1195001,1195002,0,0,1,0,1,0,0,0,0,0,0,0,0,0,0,0,0,0,0,0,0,0,0,0,0,0,0,0,0,0,0,0,0,0,0
25,0.0249,0.02490001,0.02490003,0.024901,0.024901,1245001,1245002,0,0,1,0,1,0,0,0,0,0,0,0,0,0,0,0,0,0,0,0,0,0,0,0,0,0,0,0,0,0,0,0,0,0,0
26,0.0259,0.02590001,0.02590003,0.025901,0.025901,1295001,1295002,0,0,1,0,1,0,0,0,0,0,0,0,0,0,0,0,0,0,0,0,0,0,0,0,0,0,0,0,0,0,0,0,0,0,0
27,0.0269,0.02690001,0.02690003,0.026901,0.026901,1345001,1345002,0,0,1,0,1,0,0,0,0,0,0,0,0,0,0,0,0,0,0,0,0,0,0,0,0,0,0,0,0,0,0,0,0,0,0
28,0.0279,0.02790001,0.02790003,0.027901,0.027901,1395001,1395002,0,0,1,0,1,0,0,0,0,0,0,0,0,0,0,0,0,0,0,0,0,0,0,0,0,0,0,0,0,0,0,0,0,0,0
29,0.0289,0.02890001,0.02890003,0.028901,0.028901,1445001,1445002,0,0,1,0,1,0,0,0,0,0,0,0,0,0,0,0,0,0,0,0,0,0,0,0,0,0,0,0,0,0,0,0,0,0,0
30,0.0299,0.02990001,0.02990003,0.029901,0.029901,1495001,1495002,0,0,1,0,1,0,0,0,0,0,0,0,0,0,0,0,0,0,0,0,0,0,0,0,0,0,0,0,0,0,0,0,0,0,0
31,0.0309,0.03090001,0.03090003,0.030901,0.030901,1545001,1545002,0,0,1,0,1,0,0,0,0,0,0,0,0,0,0,0,0,0,0,0,0,0,0,0,0,0,0,0,0,0,0,0,0,0,0
32,0.0319,0.03190001,0.03190003,0.031901,0.031901,1595001,1595002,0,0,1,0,1,0,0,0,0,0,0,0,0,0,0,0,0,0,0,0,0,0,0,0,0,0,0,0,0,0,0,0,0,0,0
33,0.0329,0.03290001,0.03290003,0.032901,0.032901,1645001,1645002,0,0,1,0,1,0,0,0,0,0,0,0,0,0,0,0,0,0,0,0,0,0,0,0,0,0,0,0,0,0,0,0,0,0,0
34,0.0339,0.03390001,0.03390003,0.033901,0.033901,1695001,1695002,0,0,1,0,1,0,0,0,0,0,0,0,0,0,0,0,0,0,0,0,0,0,0,0,0,0,0,0,0,0,0,0,0,0,0
35,0.0349,0.03490001,0.03490003,0.034901,0.034901,1745001,1745002,0,0,1,0,1,0,0,0,0,0,0,0,0,0,0,0,0,0,0,0,0,0,0,0,0,0,0,0,0,0,0,0,0,0,0
36,0.0359,0.03590001,0.03590003,0.035901,0.035901,1795001,1795002,0,0,1,0,1,0,0,0,0,0,0,0,0,0,0,0,0,0,0,0,0,0,0,0,0,0,0,0,0,0,0,0,0,0,0
37,0.0369,0.03690001,0.03690003,0.036901,0.036901,1845001,1845002,0,0,1,0,1,0,0,0,0,0,0,0,0,0,0,0,0,0,0,0,0,0,0,0,0,0,0,0,0,0,0,0,0,0,0
38,0.0379,0.03790001,0.03790003,0.037901,0.037901,1895001,1895002,0,0,1,0,1,0,0,0,0,0,0,0,0,0,0,0,0,0,0,0,0,0,0,0,0,0,0,0,0,0,0,0,0,0,0
39,0.0389,0.03890001,0.03890003,0.038901,0.038901,1945001,1945002,0,0,1,0,1,0,0,0,0,0,0,0,0,0,0,0,0,0,0,0,0,0,0,0,0,0,0,0,0,0,0,0,0,0,0
40,0.0399,0.03990001,0.03990003,0.039901,0.039901,1995001,1995002,0,0,1,0,1,0,0,0,0,0,0,0,0,0,0,0,0,0,0,0,0,0,0,0,0,0,0,0,0,0,0,0,0,0,0
41,0.0409,0.04090001,0.04090003,0.040901,0.040901,2045001,2045002,0,0,1,0,1,0,0,0,0,0,0,0,0,0,0,0,0,0,0,0,0,0,0,0,0,0,0,0,0,0,0,0,0,0,0
42,0.0419,0.04190001,0.04190003,0.041901,0.041901,2095001,2095002,0,0,1,0,1,0,0,0,0,0,0,0,0,0,0,0,0,0,0,0,0,0,0,0,0,0,0,0,0,0,0,0,0,0,0
43,0.0429,0.04290001,0.04290003,0.042901,0.042901,2145001,2145002,0,0,1,0,1,0,0,0,0,0,0,0,0,0,0,0,0,0,0,0,0,0,0,0,0,0,0,0,0,0,0,0,0,0,0
44,0.0439,0.04390001,0.04390003,0.043901,0.043901,2195001,2195002,0,0,1,0,1,0,0,0,0,0,0,0,0,0,0,0,0,0,0,0,0,0,0,0,0,0,0,0,0,0,0,0,0,0,0
45,0.0449,0.04490001,0.04490003,0.044901,0.044901,2245001,2245002,0,0,1,0,1,0,0,0,0,0,0,0,0,0,0,0,0,0,0,0,0,0,0,0,0,0,0,0,0,0,0,0,0,0,0
46,0.0459,0.04590001,0.04590003,0.045901,0.045901,2295001,2295002,0,0,1,0,1,0,0,0,0,0,0,0,0,0,0,0,0,0,0,0,0,0,0,0,0,0,0,0,0,0,0,0,0,0,0
47,0.0469,0.04690001,0.04690003,0.046901,0.046901,2345001,2345002,0,0,1,0,1,0,0,0,0,0,0,0,0,0,0,0,0,0,0,0,0,0,0,0,0,0,0,0,0,0,0,0,0,0,0
48,0.0479,0.04790001,0.04790003,0.047901,0.047901,2395001,2395002,0,0,1,0,1,0,0,0,0,0,0,0,0,0,0,0,0,0,0,0,0,0,0,0,0,0,0,0,0,0,0,0,0,0,0
49,0.0489,0.04890001,0.04890003,0.048901,0.048901,2445001,2445002,0,0,1,0,1,0,0,0,0,0,0,0,0,0,0,0,0,0,0,0,0,0,0,0,0,0,0,0,0,0,0,0,0,0,0
50,0.0499,0.04990001,0.04990003,0.049901,0.049901,2495001,2495002,0,0,1,0,1,0,0,0,0,0,0,0,0,0,0,0,0,0,0,0,0,0,0,0,0,0,0,0,0,0,0,0,0,0,0
51,0.0509,0.05090001,0.05090003,0.050901,0.050901,2545001,2545002,47186,0,1,0,1,0,0,27,871350,0,0,69708,0,0,0,0,871350,47186,871350,69708,0,27,871350,0,0,69708,0,0,0,0,871350,47186,871350,69708,0
52,0.0519,0.05190001,0.05190003,0.051901,0.051901,2595001,2595002,99615,98,1,0,1,0,0,58,1907417,69708,0,216725,0,0,0,0,1907417,99517,1837709,147017,0,58,1907417,69708,0,216725,0,0,0,0,1907417,99517,1837709,147017,0
53,0.0529,0.05290001,0.05290003,0.052901,0.052901,2645001,2645002,152044,351,1,0,1,0,0,92,3017930,216725,0,440821,0,0,0,0,3017930,151693,2801205,224096,0,92,3017930,216725,0,440821,0,0,0,0,3017930,151693,2801205,224096,0
54,0.0539,0.05390001,0.05390003,0.053901,0.053901,2695001,2695002,204472,1094,1,0,1,0,0,128,4196456,440821,0,741272,0,0,0,0,4196456,203378,3755635,300451,0,128,4196456,440821,0,741272,0,0,0,0,4196456,203378,3755635,300451,0
55,0.0549,0.05490001,0.05490003,0.054901,0.054901,2745001,2745002,256901,1992,1,0,1,0,0,166,5448492,741272,0,1117850,0,0,0,0,5448492,254909,4707220,376578,0,166,5448492,741272,0,1117850,0,0,0,0,5448492,254909,4707220,376578,0
56,0.0559,0.05590001,0.05590003,0.055901,0.055901,2795001,2795002,309330,3367,1,0,1,0,0,207,6767848,1117850,0,1569850,0,0,0,0,6767848,305963,5649998,452000,0,207,6767848,1117850,0,1569850,0,0,0,0,6767848,305963,5649998,452000,0
57,0.0569,0.05690001,0.05690003,0.056901,0.056901,2845001,2845002,361759,5639,1,0,1,0,0,249,8146061,1569850,0,2095947,0,0,0,0,8146061,356120,6576211,526097,0,249,8146061,1569850,0,2095947,0,0,0,0,8146061,356120,6576211,526097,0
58,0.0579,0.05790001,0.05790003,0.057901,0.057901,2895001,2895002,414188,9343,1,0,1,0,0,292,9571927,2095947,0,2694026,0,0,0,0,9571927,404845,7475980,598079,0,292,9571927,2095947,0,2694026,0,0,0,0,9571927,404845,7475980,598079,0
59,0.0589,0.05890001,0.05890003,0.058901,0.058901,2945001,2945002,466616,14498,1,0,1,0,0,337,11042963,2694026,0,3361941,0,0,0,0,11042963,452118,8348937,667915,0,337,11042963,2694026,0,3361941,0,0,0,0,11042963,452118,8348937,667915,0
60,0.0599,0.05990001,0.05990003,0.059901,0.059901,2995001,2995002,519045,42401,1,0,1,0,0,371,12163782,3361941,0,4066088,0,0,0,0,12163782,476644,8801841,704147,0,371,12163782,3361941,0,4066088,0,0,0,0,12163782,476644,8801841,704147,0
61,0.0609,0.06090001,0.06090003,0.060901,0.060901,3045001,3045002,571474,239776,1,0,1,0,0,311,10191316,4066088,0,4556106,0,0,0,0,10191316,331698,6125228,490018,0,311,10191316,4066088,0,4556106,0,0,0,0,10191316,331698,6125228,490018,0
62,0.0619,0.06190001,0.06190003,0.061901,0.061901,3095001,3095002,623903,478116,1,0,1,0,0,221,7248249,4556106,0,4771478,0,0,0,0,7248249,145787,2692143,215372,0,221,7248249,4556106,0,4771478,0,0,0,0,7248249,145787,2692143,215372,0
63,0.0629,0.06290001,0.06290003,0.062901,0.062901,3145001,3145002,676332,671657,1,0,1,0,0,148,4857808,4771478,0,4778384,0,0,0,0,4857808,4675,86330,6906,0,148,4857808,4771478,0,4778384,0,0,0,0,4857808,4675,86330,6906,0
64,0.0639,0.06390001,0.06390003,0.063901,0.063901,3195001,3195002,728760,807184,1,0,1,0,0,102,3330185,4778384,0,4662528,0,0,0,0,3330185,-78424,-1448199,-115856,0,102,3330185,4778384,0,4662528,0,0,0,0,3330185,-78424,-1448199,-115856,0
65,0.0649,0.06490001,0.06490003,0.064901,0.064901,3245001,3245002,781189,905568,1,0,1,0,0,72,2365711,4662528,0,4478783,0,0,0,0,2365711,-124379,-2296817,-183745,0,72,2365711,4662528,0,4478783,0,0,0,0,2365711,-124379,-2296817,-183745,0
66,0.0659,0.06590001,0.06590003,0.065901,0.065901,3295001,3295002,833618,967522,1,0,1,0,0,61,2006075,4478783,0,4280966,0,0,0,0,2006075,-133904,-2472708,-197817,0,61,2006075,4478783,0,4280966,0,0,0,0,2006075,-133904,-2472708,-197817,0
67,0.0669,0.06690001,0.06690003,0.066901,0.066901,3345001,3345002,886047,1019936,1,0,1,0,0,55,1808534,4280966,0,4083171,0,0,0,0,1808534,-133889,-2472432,-197795,0,55,1808534,4280966,0,4083171,0,0,0,0,1808534,-133889,-2472432,-197795,0
68,0.0679,0.06790001,0.06790003,0.067901,0.067901,3395001,3395002,938476,1064624,1,0,1,0,0,54,1753687,4083171,0,3896812,0,0,0,0,1753687,-126148,-2329484,-186359,0,54,1753687,4083171,0,3896812,0,0,0,0,1753687,-126148,-2329484,-186359,0
69,0.0689,0.06890001,0.06890003,0.068901,0.068901,3445001,3445002,990904,1108453,1,0,1,0,0,53,1726119,3896812,0,3723157,0,0,0,0,1726119,-117549,-2170693,-173655,0,53,1726119,3896812,0,3723157,0,0,0,0,1726119,-117549,-2170693,-173655,0
70,0.0699,0.06990001,0.06990003,0.069901,0.069901,3495001,3495002,1043333,1149931,1,0,1,0,0,54,1754689,3723157,0,3565680,0,0,0,0,1754689,-106598,-1968468,-157477,0,54,1754689,3723157,0,3565680,0,0,0,0,1754689,-106598,-1968468,-157477,0
71,0.0709,0.07090001,0.07090003,0.070901,0.070901,3545001,3545002,1095762,1194647,1,0,1,0,0,53,1739642,3565680,0,3419597,0,0,0,0,1739642,-98885,-1826038,-146083,0,53,1739642,3565680,0,3419597,0,0,0,0,1739642,-98885,-1826038,-146083,0
72,0.0719,0.07190001,0.07190003,0.071901,0.071901,3595001,3595002,1148191,1231512,1,0,1,0,0,57,1880968,3419597,0,3296507,0,0,0,0,1880968,-83321,-1538629,-123090,0,57,1880968,3419597,0,3296507,0,0,0,0,1880968,-83321,-1538629,-123090,0
73,0.0729,0.07290001,0.07290003,0.072901,0.072901,3645001,3645002,1200620,1278629,1,0,1,0,0,57,1855971,3296507,0,3181264,0,0,0,0,1855971,-78009,-1440536,-115243,0,57,1855971,3296507,0,3181264,0,0,0,0,1855971,-78009,-1440536,-115243,0
74,0.0739,0.07390001,0.07390003,0.073901,0.073901,3695001,3695002,1253048,1323597,1,0,1,0,0,57,1878487,3181264,0,3077042,0,0,0,0,1878487,-70549,-1302777,-104222,0,57,1878487,3181264,0,3077042,0,0,0,0,1878487,-70549,-1302777,-104222,0
75,0.0749,0.07490001,0.07490003,0.074901,0.074901,3745001,3745002,1305477,1363017,1,0,1,0,0,61,2014492,3077042,0,2992038,0,0,0,0,2014492,-57540,-1062550,-85004,0,61,2014492,3077042,0,2992038,0,0,0,0,2014492,-57540,-1062550,-85004,0
76,0.0759,0.07590001,0.07590003,0.075901,0.075901,3795001,3795002,1357906,1396632,1,0,1,0,0,69,2276913,2992038,0,2934828,0,0,0,0,2276913,-38726,-715125,-57210,0,69,2276913,2992038,0,2934828,0,0,0,0,2276913,-38726,-715125,-57210,0
77,0.0769,0.07690001,0.07690003,0.076901,0.076901,3845001,3845002,1410335,1441516,1,0,1,0,0,72,2359031,2934828,0,2888764,0,0,0,0,2359031,-31181,-575797,-46064,0,72,2359031,2934828,0,2888764,0,0,0,0,2359031,-31181,-575797,-46064,0
78,0.0779,0.07790001,0.07790003,0.077901,0.077901,3895001,3895002,1462764,1496943,1,0,1,0,0,69,2257605,2888764,0,2838271,0,0,0,0,2257605,-34179,-631159,-50493,0,69,2257605,2888764,0,2838271,0,0,0,0,2257605,-34179,-631159,-50493,0
79,0.0789,0.07890001,0.07890003,0.078901,0.078901,3945001,3945002,1515192,1552390,1,0,1,0,0,66,2151362,2838271,0,2783318,0,0,0,0,2151362,-37198,-686909,-54953,0,66,2151362,2838271,0,2783318,0,0,0,0,2151362,-37198,-686909,-54953,0
80,0.0799,0.07990001,0.07990003,0.079901,0.079901,3995001,3995002,1567621,1604994,1,0,1,0,0,64,2093178,2783318,0,2728107,0,0,0,0,2093178,-37373,-690140,-55211,0,64,2093178,2783318,0,2728107,0,0,0,0,2093178,-37373,-690140,-55211,0
81,0.0809,0.08090001,0.08090003,0.080901,0.080901,4045001,4045002,1620050,1656936,1,0,1,0,0,62,2046960,2728107,0,2673615,0,0,0,0,2046960,-36886,-681147,-54492,0,62,2046960,2728107,0,2673615,0,0,0,0,2046960,-36886,-681147,-54492,0
82,0.0819,0.08190001,0.08190003,0.081901,0.081901,4095001,4095002,1672479,1705321,1,0,1,0,0,63,2067145,2673615,0,2625097,0,0,0,0,2067145,-32842,-606470,-48518,0,63,2067145,2673615,0,2625097,0,0,0,0,2067145,-32842,-606470,-48518,0
83,0.0829,0.08290001,0.08290003,0.082901,0.082901,4145001,4145002,1724908,1757906,1,0,1,0,0,62,2015747,2625097,0,2576349,0,0,0,0,2015747,-32998,-609350,-48748,0,62,2015747,2625097,0,2576349,0,0,0,0,2015747,-32998,-609350,-48748,0
84,0.0839,0.08390001,0.08390003,0.083901,0.083901,4195001,4195002,1777336,1805934,1,0,1,0,0,63,2048250,2576349,0,2534101,0,0,0,0,2048250,-28598,-528099,-42248,0,63,2048250,2576349,0,2534101,0,0,0,0,2048250,-28598,-528099,-42248,0
85,0.0849,0.08490001,0.08490003,0.084901,0.084901,4245001,4245002,1829765,1856416,1,0,1,0,0,62,2041956,2534101,0,2494729,0,0,0,0,2041956,-26651,-492145,-39372,0,62,2041956,2534101,0,2494729,0,0,0,0,2041956,-26651,-492145,-39372,0
86,0.0859,0.08590001,0.08590003,0.085901,0.085901,4295001,4295002,1882194,1908005,1,0,1,0,0,62,2018096,2494729,0,2456598,0,0,0,0,2018096,-25811,-476633,-38131,0,62,2018096,2494729,0,2456598,0,0,0,0,2018096,-25811,-476633,-38131,0
87,0.0869,0.08690001,0.08690003,0.086901,0.086901,4345001,4345002,1934623,1958376,1,0,1,0,0,62,2017968,2456598,0,2421508,0,0,0,0,2017968,-23753,-438630,-35090,0,62,2017968,2456598,0,2421508,0,0,0,0,2017968,-23753,-438630,-35090,0
88,0.0879,0.08790001,0.08790003,0.087901,0.087901,4395001,4395002,1987052,2007422,1,0,1,0,0,62,2045350,2421508,0,2391415,0,0,0,0,2045350,-20370,-376158,-30093,0,62,2045350,2421508,0,2391415,0,0,0,0,2045350,-20370,-376158,-30093,0
89,0.0889,0.08890001,0.08890003,0.088901,0.088901,4445001,4445002,2039480,2056985,1,0,1,0,0,63,2068163,2391415,0,2365555,0,0,0,0,2068163,-17505,-323252,-25860,0,63,2068163,2391415,0,2365555,0,0,0,0,2068163,-17505,-323252,-25860,0
90,0.0899,0.08990001,0.08990003,0.089901,0.089901,4495001,4495002,2091909,2105511,1,0,1,0,0,65,2114377,2365555,0,2345461,0,0,0,0,2114377,-13602,-251178,-20094,0,65,2114377,2365555,0,2345461,0,0,0,0,2114377,-13602,-251178,-20094,0
91,0.0909,0.09090001,0.09090003,0.090901,0.090901,4545001,4545002,2144338,2157146,1,0,1,0,0,64,2108945,2345461,0,2326540,0,0,0,0,2108945,-12808,-236516,-18921,0,64,2108945,2345461,0,2326540,0,0,0,0,2108945,-12808,-236516,-18921,0
92,0.0919,0.09190001,0.09190003,0.091901,0.091901,4595001,4595002,2196767,2205931,1,0,1,0,0,66,2157315,2326540,0,2313002,0,0,0,0,2157315,-9164,-169225,-13538,0,66,2157315,2326540,0,2313002,0,0,0,0,2157315,-9164,-169225,-13538,0
93,0.0929,0.09290001,0.09290003,0.092901,0.092901,4645001,4645002,2249196,2257494,1,0,1,0,0,66,2159769,2313002,0,2300743,0,0,0,0,2159769,-8298,-153233,-12259,0,66,2159769,2313002,0,2300743,0,0,0,0,2159769,-8298,-153233,-12259,0
94,0.0939,0.09390001,0.09390003,0.093901,0.093901,4695001,4695002,2301624,2311847,1,0,1,0,0,64,2111962,2300743,0,2285641,0,0,0,0,2111962,-10223,-188781,-15102,0,64,2111962,2300743,0,2285641,0,0,0,0,2111962,-10223,-188781,-15102,0
95,0.0949,0.09490001,0.09490003,0.094901,0.094901,4745001,4745002,2354053,2363243,1,0,1,0,0,65,2115936,2285641,0,2272065,0,0,0,0,2115936,-9190,-169705,-13576,0,65,2115936,2285641,0,2272065,0,0,0,0,2115936,-9190,-169705,-13576,0
96,0.0959,0.09590001,0.09590003,0.095901,0.095901,4795001,4795002,2406482,2416042,1,0,1,0,0,64,2095527,2272065,0,2257942,0,0,0,0,2095527,-9560,-176538,-14123,0,64,2095527,2272065,0,2257942,0,0,0,0,2095527,-9560,-176538,-14123,0
97,0.0969,0.09690001,0.09690003,0.096901,0.096901,4845001,4845002,2458911,2466385,1,0,1,0,0,65,2119925,2257942,0,2246901,0,0,0,0,2119925,-7474,-138017,-11041,0,65,2119925,2257942,0,2246901,0,0,0,0,2119925,-7474,-138017,-11041,0
98,0.0979,0.09790001,0.09790003,0.097901,0.097901,4895001,4895002,2511340,2518841,1,0,1,0,0,64,2108385,2246901,0,2235820,0,0,0,0,2108385,-7501,-138516,-11081,0,64,2108385,2246901,0,2235820,0,0,0,0,2108385,-7501,-138516,-11081,0
99,0.0989,0.09890001,0.09890003,0.098901,0.098901,4945001,4945002,2563768,2569737,1,0,1,0,0,65,2125595,2235820,0,2227002,0,0,0,0,2125595,-5969,-110225,-8818,0,65,2125595,2235820,0,2227002,0,0,0,0,2125595,-5969,-110225,-8818,0
100,0.0999,0.09990001,0.09990003,0.099901,0.099901,4995001,4995002,2616197,2619114,1,0,1,0,0,66,2173136,2227002,0,2222693,0,0,0,0,2173136,-2917,-53866,-4309,0,66,2173136,2227002,0,2222693,0,0,0,0,2173136,-2917,-53866,-4309,0
101,0.1009,0.10090001,0.10090003,0.100901,0.100901,5045001,5045002,2668626,2671667,1,0,1,0,0,66,2166537,2222693,0,2218201,0,0,0,0,2166537,-3041,-56156,-4492,0,66,2166537,2222693,0,2218201,0,0,0,0,2166537,-3041,-56156,-4492,0
102,0.1019,0.10190001,0.10190003,0.101901,0.101901,5095001,5095002,2721055,2721995,1,0,1,0,0,67,2200843,2218201,0,2216812,0,0,0,0,2200843,-940,-17358,-1389,0,67,2200843,2218201,0,2216812,0,0,0,0,2200843,-940,-17358,-1389,0
103,0.1029,0.10290001,0.10290003,0.102901,0.102901,5145001,5145002,2773484,2777175,1,0,1,0,0,66,2148653,2216812,0,2211359,0,0,0,0,2148653,-3691,-68159,-5453,0,66,2148653,2216812,0,2211359,0,0,0,0,2148653,-3691,-68159,-5453,0
104,0.1039,0.10390001,0.10390003,0.103901,0.103901,5195001,5195002,2825912,2832655,1,0,1,0,0,64,2086841,2211359,0,2201398,0,0,0,0,2086841,-6743,-124518,-9961,0,64,2086841,2211359,0,2201398,0,0,0,0,2086841,-6743,-124518,-9961,0
105,0.1049,0.10490001,0.10490003,0.104901,0.104901,5245001,5245002,2878341,2882048,1,0,1,0,0,65,2132944,2201398,0,2195922,0,0,0,0,2132944,-3707,-68454,-5476,0,65,2132944,2201398,0,2195922,0,0,0,0,2132944,-3707,-68454,-5476,0
106,0.1059,0.10590001,0.10590003,0.105901,0.105901,5295001,5295002,2930770,2924391,1,0,1,0,0,71,2313718,2195922,0,2205346,0,0,0,0,2313718,6379,117796,9424,0,71,2313718,2195922,0,2205346,0,0,0,0,2313718,6379,117796,9424,0
107,0.1069,0.10690001,0.10690003,0.106901,0.106901,5345001,5345002,2983199,2964575,1,0,1,0,0,78,2549262,2205346,0,2232859,0,0,0,0,2549262,18624,343916,27513,0,78,2549262,2205346,0,2232859,0,0,0,0,2549262,18624,343916,27513,0
108,0.1079,0.10790001,0.10790003,0.107901,0.107901,5395001,5395002,3035628,3020924,1,0,1,0,0,76,2504387,2232859,0,2254581,0,0,0,0,2504387,14704,271528,21722,0,76,2504387,2232859,0,2254581,0,0,0,0,2504387,14704,271528,21722,0
109,0.1089,0.10890001,0.10890003,0.108901,0.108901,5445001,5445002,3088056,3080606,1,0,1,0,0,73,2392155,2254581,0,2265587,0,0,0,0,2392155,7450,137574,11006,0,73,2392155,2254581,0,2265587,0,0,0,0,2392155,7450,137574,11006,0
110,0.1099,0.10990001,0.10990003,0.109901,0.109901,5495001,5495002,3140485,3137589,1,0,1,0,0,71,2319065,2265587,0,2269865,0,0,0,0,2319065,2896,53478,4278,0,71,2319065,2265587,0,2269865,0,0,0,0,2319065,2896,53478,4278,0
111,0.1109,0.11090001,0.11090003,0.110901,0.110901,5545001,5545002,3192914,3192714,1,0,1,0,0,69,2273558,2269865,0,2270160,0,0,0,0,2273558,200,3693,295,0,69,2273558,2269865,0,2270160,0,0,0,0,2273558,200,3693,295,0
112,0.1119,0.11190001,0.11190003,0.111901,0.111901,5595001,5595002,3245343,3251311,1,0,1,0,0,66,2159953,2270160,0,2261343,0,0,0,0,2159953,-5968,-110207,-8817,0,66,2159953,2270160,0,2261343,0,0,0,0,2159953,-5968,-110207,-8817,0
113,0.1129,0.11290001,0.11290003,0.112901,0.112901,5645001,5645002,3297772,3307925,1,0,1,0,0,63,2073855,2261343,0,2246344,0,0,0,0,2073855,-10153,-187488,-14999,0,63,2073855,2261343,0,2246344,0,0,0,0,2073855,-10153,-187488,-14999,0
114,0.1139,0.11390001,0.11390003,0.113901,0.113901,5695001,5695002,3350200,3354814,1,0,1,0,0,66,2161141,2246344,0,2239528,0,0,0,0,2161141,-4614,-85203,-6816,0,66,2161141,2246344,0,2239528,0,0,0,0,2161141,-4614,-85203,-6816,0
115,0.1149,0.11490001,0.11490003,0.114901,0.114901,5745001,5745002,3402629,3407815,1,0,1,0,0,65,2143762,2239528,0,2231867,0,0,0,0,2143762,-5186,-95766,-7661,0,65,2143762,2239528,0,2231867,0,0,0,0,2143762,-5186,-95766,-7661,0
116,0.1159,0.11590001,0.11590003,0.115901,0.115901,5795001,5795002,3455058,3459181,1,0,1,0,0,66,2155731,2231867,0,2225776,0,0,0,0,2155731,-4123,-76136,-6091,0,66,2155731,2231867,0,2225776,0,0,0,0,2155731,-4123,-76136,-6091,0
117,0.1169,0.11690001,0.11690003,0.116901,0.116901,5845001,5845002,3507487,3512915,1,0,1,0,0,65,2125541,2225776,0,2217757,0,0,0,0,2125541,-5428,-100235,-8019,0,65,2125541,2225776,0,2217757,0,0,0,0,2125541,-5428,-100235,-8019,0
118,0.1179,0.11790001,0.11790003,0.117901,0.117901,5895001,5895002,3559916,3563681,1,0,1,0,0,66,2148231,2217757,0,2212195,0,0,0,0,2148231,-3765,-69526,-5562,0,66,2148231,2217757,0,2212195,0,0,0,0,2148231,-3765,-69526,-5562,0
119,0.1189,0.11890001,0.11890003,0.118901,0.118901,5945001,5945002,3612344,3618242,1,0,1,0,0,64,2103281,2212195,0,2203482,0,0,0,0,2103281,-5898,-108914,-8713,0,64,2103281,2212195,0,2203482,0,0,0,0,2103281,-5898,-108914,-8713,0
120,0.1199,0.11990001,0.11990003,0.119901,0.119901,5995001,5995002,3664773,3667484,1,0,1,0,0,66,2153420,2203482,0,2199477,0,0,0,0,2153420,-2711,-50062,-4005,0,66,2153420,2203482,0,2199477,0,0,0,0,2153420,-2711,-50062,-4005,0
121,0.1209,0.12090001,0.12090003,0.120901,0.120901,6045001,6045002,3717202,3718423,1,0,1,0,0,66,2176930,2199477,0,2197673,0,0,0,0,2176930,-1221,-22547,-1804,0,66,2176930,2199477,0,2197673,0,0,0,0,2176930,-1221,-22547,-1804,0
122,0.1219,0.12190001,0.12190003,0.121901,0.121901,6095001,6095002,3769631,3769463,1,0,1,0,0,67,2200775,2197673,0,2197921,0,0,0,0,2200775,168,3102,248,0,67,2200775,2197673,0,2197921,0,0,0,0,2200775,168,3102,248,0
123,0.1229,0.12290001,0.12290003,0.122901,0.122901,6145001,6145002,3822060,3822857,1,0,1,0,0,67,2183203,2197921,0,2196744,0,0,0,0,2183203,-797,-14718,-1177,0,67,2183203,2197921,0,2196744,0,0,0,0,2183203,-797,-14718,-1177,0
124,0.1239,0.12390001,0.12390003,0.123901,0.123901,6195001,6195002,3874488,3878536,1,0,1,0,0,65,2121993,2196744,0,2190764,0,0,0,0,2121993,-4048,-74751,-5980,0,65,2121993,2196744,0,2190764,0,0,0,0,2121993,-4048,-74751,-5980,0
125,0.1249,0.12490001,0.12490003,0.124901,0.124901,6245001,6245002,3926917,3930767,1,0,1,0,0,65,2119669,2190764,0,2185076,0,0,0,0,2119669,-3850,-71095,-5688,0,65,2119669,2190764,0,2185076,0,0,0,0,2119669,-3850,-71095,-5688,0
126,0.1259,0.12590001,0.12590003,0.125901,0.125901,6295001,6295002,3979346,3983220,1,0,1,0,0,65,2113538,2185076,0,2179353,0,0,0,0,2113538,-3874,-71538,-5723,0,65,2113538,2185076,0,2179353,0,0,0,0,2113538,-3874,-71538,-5723,0
127,0.1269,0.12690001,0.12690003,0.126901,0.126901,6345001,6345002,4031775,4034206,1,0,1,0,0,65,2134461,2179353,0,2175762,0,0,0,0,2134461,-2431,-44892,-3591,0,65,2134461,2179353,0,2175762,0,0,0,0,2134461,-2431,-44892,-3591,0
128,0.1279,0.12790001,0.12790003,0.127901,0.127901,6395001,6395002,4084204,4083364,1,0,1,0,0,67,2191274,2175762,0,2177003,0,0,0,0,2191274,840,15512,1241,0,67,2191274,2175762,0,2177003,0,0,0,0,2191274,840,15512,1241,0
129,0.1289,0.12890001,0.12890003,0.128901,0.128901,6445001,6445002,4136632,4138583,1,0,1,0,0,65,2140975,2177003,0,2174121,0,0,0,0,2140975,-1951,-36028,-2882,0,65,2140975,2177003,0,2174121,0,0,0,0,2140975,-1951,-36028,-2882,0
130,0.1299,0.12990001,0.12990003,0.129901,0.129901,6495001,6495002,4189061,4187408,1,0,1,0,0,67,2204646,2174121,0,2176563,0,0,0,0,2204646,1653,30525,2442,0,67,2204646,2174121,0,2176563,0,0,0,0,2204646,1653,30525,2442,0
131,0.1309,0.13090001,0.13090003,0.130901,0.130901,6545001,6545002,4241490,4240310,1,0,1,0,0,67,2198353,2176563,0,2178306,0,0,0,0,2198353,1180,21790,1743,0,67,2198353,2176563,0,2178306,0,0,0,0,2198353,1180,21790,1743,0
132,0.1319,0.13190001,0.13190003,0.131901,0.131901,6595001,6595002,4293919,4293466,1,0,1,0,0,67,2186671,2178306,0,2178975,0,0,0,0,2186671,453,8365,669,0,67,2186671,2178306,0,2178975,0,0,0,0,2186671,453,8365,669,0
133,0.1329,0.13290001,0.13290003,0.132901,0.132901,6645001,6645002,4346348,4346305,1,0,1,0,0,67,2179769,2178975,0,2179039,0,0,0,0,2179769,43,794,64,0,67,2179769,2178975,0,2179039,0,0,0,0,2179769,43,794,64,0
134,0.1339,0.13390001,0.13390003,0.133901,0.133901,6695001,6695002,4398776,4401838,1,0,1,0,0,65,2122495,2179039,0,2174515,0,0,0,0,2122495,-3062,-56544,-4524,0,65,2122495,2179039,0,2174515,0,0,0,0,2122495,-3062,-56544,-4524,0
135,0.1349,0.13490001,0.13490003,0.134901,0.134901,6745001,6745002,4451205,4451901,1,0,1,0,0,66,2161662,2174515,0,2173487,0,0,0,0,2161662,-696,-12853,-1028,0,66,2161662,2174515,0,2173487,0,0,0,0,2161662,-696,-12853,-1028,0
136,0.1359,0.13590001,0.13590003,0.135901,0.135901,6795001,6795002,4503634,4495002,1,0,1,0,0,71,2332888,2173487,0,2186239,0,0,0,0,2332888,8632,159401,12752,0,71,2332888,2173487,0,2186239,0,0,0,0,2332888,8632,159401,12752,0
137,0.1369,0.13690001,0.13690003,0.136901,0.136901,6845001,6845002,4556063,4535888,1,0,1,0,0,78,2558796,2186239,0,2216044,0,0,0,0,2558796,20175,372557,29805,0,78,2558796,2186239,0,2216044,0,0,0,0,2558796,20175,372557,29805,0
138,0.1379,0.13790001,0.13790003,0.137901,0.137901,6895001,6895002,4608492,4592848,1,0,1,0,0,76,2504930,2216044,0,2239155,0,0,0,0,2504930,15644,288886,23111,0,76,2504930,2216044,0,2239155,0,0,0,0,2504930,15644,288886,23111,0
139,0.1389,0.13890001,0.13890003,0.138901,0.138901,6945001,6945002,4660920,4653054,1,0,1,0,0,73,2384411,2239155,0,2250775,0,0,0,0,2384411,7866,145256,11620,0,73,2384411,2239155,0,2250775,0,0,0,0,2384411,7866,145256,11620,0
140,0.1399,0.13990001,0.13990003,0.139901,0.139901,6995001,6995002,4713349,4710487,1,0,1,0,0,70,2303625,2250775,0,2255003,0,0,0,0,2303625,2862,52850,4228,0,70,2303625,2250775,0,2255003,0,0,0,0,2303625,2862,52850,4228,0
141,0.1409,0.14090001,0.14090003,0.140901,0.140901,7045001,7045002,4765778,4765997,1,0,1,0,0,69,2250959,2255003,0,2254679,0,0,0,0,2250959,-219,-4044,-324,0,69,2250959,2255003,0,2254679,0,0,0,0,2250959,-219,-4044,-324,0
142,0.1419,0.14190001,0.14190003,0.141901,0.141901,7095001,7095002,4818207,4821466,1,0,1,0,0,67,2194497,2254679,0,2249864,0,0,0,0,2194497,-3259,-60182,-4815,0,67,2194497,2254679,0,2249864,0,0,0,0,2194497,-3259,-60182,-4815,0
143,0.1429,0.14290001,0.14290003,0.142901,0.142901,7145001,7145002,4870636,4877432,1,0,1,0,0,65,2124367,2249864,0,2239824,0,0,0,0,2124367,-6796,-125497,-10040,0,65,2124367,2249864,0,2239824,0,0,0,0,2124367,-6796,-125497,-10040,0
144,0.1439,0.14390001,0.14390003,0.143901,0.143901,7195001,7195002,4923064,4928375,1,0,1,0,0,65,2141750,2239824,0,2231978,0,0,0,0,2141750,-5311,-98074,-7846,0,65,2141750,2239824,0,2231978,0,0,0,0,2141750,-5311,-98074,-7846,0
145,0.1449,0.14490001,0.14490003,0.144901,0.144901,7245001,7245002,4975493,4982261,1,0,1,0,0,64,2106998,2231978,0,2221980,0,0,0,0,2106998,-6768,-124980,-9998,0,64,2106998,2231978,0,2221980,0,0,0,0,2106998,-6768,-124980,-9998,0
146,0.1459,0.14590001,0.14590003,0.145901,0.145901,7295001,7295002,5027922,5034369,1,0,1,0,0,64,2102928,2221980,0,2212456,0,0,0,0,2102928,-6447,-119052,-9524,0,64,2102928,2221980,0,2212456,0,0,0,0,2102928,-6447,-119052,-9524,0
147,0.1469,0.14690001,0.14690003,0.146901,0.146901,7345001,7345002,5080351,5083749,1,0,1,0,0,66,2149708,2212456,0,2207436,0,0,0,0,2149708,-3398,-62748,-5020,0,66,2149708,2212456,0,2207436,0,0,0,0,2149708,-3398,-62748,-5020,0
148,0.1479,0.14790001,0.14790003,0.147901,0.147901,7395001,7395002,5132780,5133670,1,0,1,0,0,67,2191001,2207436,0,2206121,0,0,0,0,2191001,-890,-16435,-1315,0,67,2191001,2207436,0,2206121,0,0,0,0,2191001,-890,-16435,-1315,0
149,0.1489,0.14890001,0.14890003,0.148901,0.148901,7445001,7445002,5185208,5186028,1,0,1,0,0,67,2190979,2206121,0,2204910,0,0,0,0,2190979,-820,-15142,-1211,0,67,2190979,2206121,0,2204910,0,0,0,0,2190979,-820,-15142,-1211,0
150,0.1499,0.14990001,0.14990003,0.149901,0.149901,7495001,7495002,5237637,5242064,1,0,1,0,0,65,2123160,2204910,0,2198370,0,0,0,0,2123160,-4427,-81750,-6540,0,65,2123160,2204910,0,2198370,0,0,0,0,2123160,-4427,-81750,-6540,0
151,0.1509,0.15090001,0.15090003,0.150901,0.150901,7545001,7545002,5242880,5292633,1,0,1,0,0,39,1279617,2198370,0,2124870,0,0,0,0,1279617,-49753,-918753,-73500,0,39,1279617,2198370,0,2124870,0,0,0,0,1279617,-49753,-918753,-73500,0
152,0.1519,0.15190001,0.15190003,0.151901,0.151901,7595001,7595002,5242880,5326814,1,0,1,0,0,18,574921,2124870,0,2000874,0,0,0,0,574921,-83934,-1549949,-123996,0,18,574921,2124870,0,2000874,0,0,0,0,574921,-83934,-1549949,-123996,0
153,0.1529,0.15290001,0.15290003,0.152901,0.152901,7645001,7645002,5242880,5346803,1,0,1,0,0,2,81803,2000874,0,1847348,0,0,0,0,81803,-103923,-1919071,-153526,0,2,81803,2000874,0,1847348,0,0,0,0,81803,-103923,-1919071,-153526,0
154,0.1539,0.15390001,0.15390003,0.153901,0.153901,7695001,7695002,5242880,5355108,1,0,1,0,0,-7,-225085,1847348,0,1681553,0,0,0,0,-225085,-112228,-2072433,-165795,0,-7,-225085,1847348,0,1681553,0,0,0,0,-225085,-112228,-2072433,-165795,0
155,0.1549,0.15490001,0.15490003,0.154901,0.154901,7745001,7745002,5242880,5360946,1,0,1,0,0,-15,-498687,1681553,0,1507134,0,0,0,0,-498687,-118066,-2180240,-174419,0,-15,-498687,1681553,0,1507134,0,0,0,0,-498687,-118066,-2180240,-174419,0
156,0.1559,0.15590001,0.15590003,0.155901,0.155901,7795001,7795002,5242880,5366884,1,0,1,0,0,-24,-782758,1507134,0,1323943,0,0,0,0,-782758,-124004,-2289892,-183191,0,-24,-782758,1507134,0,1323943,0,0,0,0,-782758,-124004,-2289892,-183191,0
157,0.1569,0.15690001,0.15690003,0.156901,0.156901,7845001,7845002,5242880,5372379,1,0,1,0,0,-33,-1067422,1323943,0,1132634,0,0,0,0,-1067422,-129499,-2391365,-191309,0,-33,-1067422,1323943,0,1132634,0,0,0,0,-1067422,-129499,-2391365,-191309,0
158,0.1579,0.15790001,0.15790003,0.157901,0.157901,7895001,7895002,5242880,5377822,1,0,1,0,0,-41,-1359242,1132634,0,933284,0,0,0,0,-1359242,-134942,-2491876,-199350,0,-41,-1359242,1132634,0,933284,0,0,0,0,-1359242,-134942,-2491876,-199350,0
159,0.1589,0.15890001,0.15890003,0.158901,0.158901,7945001,7945002,5242880,5382985,1,0,1,0,0,-50,-1653934,933284,0,726307,0,0,0,0,-1653934,-140105,-2587218,-206977,0,-50,-1653934,933284,0,726307,0,0,0,0,-1653934,-140105,-2587218,-206977,0
160,0.1599,0.15990001,0.15990003,0.159901,0.159901,7995001,7995002,5242880,5388162,1,0,1,0,0,-60,-1956511,726307,0,511682,0,0,0,0,-1956511,-145282,-2682818,-214625,0,-60,-1956511,726307,0,511682,0,0,0,0,-1956511,-145282,-2682818,-214625,0
161,0.1609,0.16090001,0.16090003,0.160901,0.160901,8045001,8045002,5242880,5392989,1,0,1,0,0,-69,-2260273,511682,0,289926,0,0,0,0,-2260273,-150109,-2771955,-221756,0,-69,-2260273,511682,0,289926,0,0,0,0,-2260273,-150109,-2771955,-221756,0
162,0.1619,0.16190001,0.16190003,0.161901,0.161901,8095001,8095002,5242880,5397662,1,0,1,0,0,-78,-2568321,289926,0,61266,0,0,0,0,-2568321,-154782,-2858247,-228660,0,-78,-2568321,289926,0,61266,0,0,0,0,-2568321,-154782,-2858247,-228660,0
163,0.1629,0.16290001,0.16290003,0.162901,0.162901,8145001,8145002,5242880,5402112,1,0,1,0,0,-88,-2879156,61266,0,-173968,0,0,0,0,-2879156,-159232,-2940422,-235234,0,-88,-2879156,61266,0,-173968,0,0,0,0,-2879156,-159232,-2940422,-235234,0
164,0.1639,0.16390001,0.16390003,0.163901,0.163901,8195001,8195002,5242880,5406159,1,0,1,0,0,-97,-3189123,-173968,0,-415180,0,0,0,0,-3189123,-163279,-3015155,-241212,0,-97,-3189123,-173968,0,-415180,0,0,0,0,-3189123,-163279,-3015155,-241212,0
165,0.1649,0.16490001,0.16490003,0.164901,0.164901,8245001,8245002,5242880,5409698,1,0,1,0,0,-107,-3495688,-415180,0,-661621,0,0,0,0,-3495688,-166818,-3080508,-246441,0,-107,-3495688,-415180,0,-661621,0,0,0,0,-3495688,-166818,-3080508,-246441,0
166,0.1659,0.16590001,0.16590003,0.165901,0.165901,8295001,8295002,5242880,5412780,1,0,1,0,0,-116,-3799042,-661621,0,-912615,0,0,0,0,-3799042,-169900,-3137421,-250994,0,-116,-3799042,-661621,0,-912615,0,0,0,0,-3799042,-169900,-3137421,-250994,0
167,0.1669,0.16690001,0.16690003,0.166901,0.166901,8345001,8345002,5242880,5415345,1,0,1,0,0,-125,-4097402,-912615,0,-1167398,0,0,0,0,-4097402,-172465,-3184787,-254783,0,-125,-4097402,-912615,0,-1167398,0,0,0,0,-4097402,-172465,-3184787,-254783,0
168,0.1679,0.16790001,0.16790003,0.167901,0.167901,8395001,8395002,5242880,5417220,1,0,1,0,0,-134,-4386809,-1167398,0,-1424951,0,0,0,0,-4386809,-174340,-3219411,-257553,0,-134,-4386809,-1167398,0,-1424951,0,0,0,0,-4386809,-174340,-3219411,-257553,0
169,0.1689,0.16890001,0.16890003,0.168901,0.168901,8445001,8445002,5242880,5418643,1,0,1,0,0,-143,-4670639,-1424951,0,-1684606,0,0,0,0,-4670639,-175763,-3245688,-259655,0,-143,-4670639,-1424951,0,-1684606,0,0,0,0,-4670639,-175763,-3245688,-259655,0
170,0.1699,0.16990001,0.16990003,0.169901,0.169901,8495001,8495002,5242880,5419931,1,0,1,0,0,-151,-4954079,-1684606,0,-1946164,0,0,0,0,-4954079,-177051,-3269473,-261558,0,-151,-4954079,-1684606,0,-1946164,0,0,0,0,-4954079,-177051,-3269473,-261558,0
171,0.1709,0.17090001,0.17090003,0.170901,0.170901,8545001,8545002,5242880,5420638,1,0,1,0,0,-160,-5228693,-1946164,0,-2208766,0,0,0,0,-5228693,-177758,-3282529,-262602,0,-160,-5228693,-1946164,0,-2208766,0,0,0,0,-5228693,-177758,-3282529,-262602,0
172,0.1719,0.17190001,0.17190003,0.171901,0.171901,8595001,8595002,5242880,5420298,1,0,1,0,0,-167,-5485016,-2208766,0,-2470866,0,0,0,0,-5485016,-177418,-3276250,-262100,0,-167,-5485016,-2208766,0,-2470866,0,0,0,0,-5485016,-177418,-3276250,-262100,0
173,0.1729,0.17290001,0.17290003,0.172901,0.172901,8645001,8645002,5242880,5419164,1,0,1,0,0,-175,-5726175,-2470866,0,-2731291,0,0,0,0,-5726175,-176284,-3255309,-260425,0,-175,-5726175,-2470866,0,-2731291,0,0,0,0,-5726175,-176284,-3255309,-260425,0
174,0.1739,0.17390001,0.17390003,0.173901,0.173901,8695001,8695002,5242880,5417792,1,0,1,0,0,-182,-5961265,-2731291,0,-2989689,0,0,0,0,-5961265,-174912,-3229974,-258398,0,-182,-5961265,-2731291,0,-2989689,0,0,0,0,-5961265,-174912,-3229974,-258398,0
175,0.1749,0.17490001,0.17490003,0.174901,0.174901,8745001,8745002,5242880,5415846,1,0,1,0,0,-189,-6183727,-2989689,0,-3245212,0,0,0,0,-6183727,-172966,-3194038,-255523,0,-189,-6183727,-2989689,0,-3245212,0,0,0,0,-6183727,-172966,-3194038,-255523,0
176,0.1759,0.17590001,0.17590003,0.175901,0.175901,8795001,8795002,5242880,5412959,1,0,1,0,0,-195,-6385938,-3245212,0,-3496470,0,0,0,0,-6385938,-170079,-3140726,-251258,0,-195,-6385938,-3245212,0,-3496470,0,0,0,0,-6385938,-170079,-3140726,-251258,0
177,0.1769,0.17690001,0.17690003,0.176901,0.176901,8845001,8845002,5242880,5409217,1,0,1,0,0,-200,-6568095,-3496470,0,-3742200,0,0,0,0,-6568095,-166337,-3071625,-245730,0,-200,-6568095,-3496470,0,-3742200,0,0,0,0,-6568095,-166337,-3071625,-245730,0
178,0.1779,0.17790001,0.17790003,0.177901,0.177901,8895001,8895002,5242880,5404656,1,0,1,0,0,-205,-6729601,-3742200,0,-3981192,0,0,0,0,-6729601,-161776,-2987401,-238992,0,-205,-6729601,-3742200,0,-3981192,0,0,0,0,-6729601,-161776,-2987401,-238992,0
179,0.1789,0.17890001,0.17890003,0.178901,0.178901,8945001,8945002,5242880,5399495,1,0,1,0,0,-210,-6873288,-3981192,0,-4212560,0,0,0,0,-6873288,-156615,-2892096,-231368,0,-210,-6873288,-3981192,0,-4212560,0,0,0,0,-6873288,-156615,-2892096,-231368,0
180,0.1799,0.17990001,0.17990003,0.179901,0.179901,8995001,8995002,5242880,5380589,1,0,1,0,0,-206,-6755533,-4212560,0,-4415998,0,0,0,0,-6755533,-137709,-2542973,-203438,0,-206,-6755533,-4212560,0,-4415998,0,0,0,0,-6755533,-137709,-2542973,-203438,0
181,0.1809,0.18090001,0.18090003,0.180901,0.180901,9045001,9045002,5242880,5268412,1,0,1,0,0,-149,-4887479,-4415998,0,-4453716,0,0,0,0,-4887479,-25532,-471481,-37718,0,-149,-4887479,-4415998,0,-4453716,0,0,0,0,-4887479,-25532,-471481,-37718,0
182,0.1819,0.18190001,0.18190003,0.181901,0.181901,9095001,9095002,5242880,5148214,1,0,1,0,0,-83,-2705587,-4453716,0,-4313866,0,0,0,0,-2705587,94666,1748129,139850,0,-83,-2705587,-4453716,0,-4313866,0,0,0,0,-2705587,94666,1748129,139850,0
183,0.1829,0.18290001,0.18290003,0.182901,0.182901,9145001,9145002,5242880,5070748,1,0,1,0,0,-35,-1135229,-4313866,0,-4059575,0,0,0,0,-1135229,172132,3178637,254291,0,-35,-1135229,-4313866,0,-4059575,0,0,0,0,-1135229,172132,3178637,254291,0
184,0.1839,0.18390001,0.18390003,0.183901,0.183901,9195001,9195002,5242880,5027283,1,0,1,0,0,-2,-78301,-4059575,0,-3741073,0,0,0,0,-78301,215597,3981274,318502,0,-2,-78301,-4059575,0,-3741073,0,0,0,0,-78301,215597,3981274,318502,0
185,0.1849,0.18490001,0.18490003,0.184901,0.184901,9245001,9245002,5242880,5010248,1,0,1,0,0,17,554774,-3741073,0,-3397405,0,0,0,0,554774,232632,4295847,343668,0,17,554774,-3741073,0,-3397405,0,0,0,0,554774,232632,4295847,343668,0
186,0.1859,0.18590001,0.18590003,0.185901,0.185901,9295001,9295002,5242880,5004053,1,0,1,0,0,31,1012841,-3397405,0,-3044585,0,0,0,0,1012841,238827,4410246,352820,0,31,1012841,-3397405,0,-3044585,0,0,0,0,1012841,238827,4410246,352820,0
187,0.1869,0.18690001,0.18690003,0.186901,0.186901,9345001,9345002,5242880,4998453,1,0,1,0,0,45,1469072,-3044585,0,-2683492,0,0,0,0,1469072,244427,4513657,361093,0,45,1469072,-3044585,0,-2683492,0,0,0,0,1469072,244427,4513657,361093,0
188,0.1879,0.18790001,0.18790003,0.187901,0.187901,9395001,9395002,5242880,4993021,1,0,1,0,0,59,1930474,-2683492,0,-2314375,0,0,0,0,1930474,249859,4613966,369117,0,59,1930474,-2683492,0,-2314375,0,0,0,0,1930474,249859,4613966,369117,0
189,0.1889,0.18890001,0.18890003,0.188901,0.188901,9445001,9445002,5242880,4987739,1,0,1,0,0,73,2397130,-2314375,0,-1937455,0,0,0,0,2397130,255141,4711505,376920,0,73,2397130,-2314375,0,-1937455,0,0,0,0,2397130,255141,4711505,376920,0
190,0.1899,0.18990001,0.18990003,0.189901,0.189901,9495001,9495002,5242880,4982653,1,0,1,0,0,88,2867969,-1937455,0,-1553021,0,0,0,0,2867969,260227,4805424,384434,0,88,2867969,-1937455,0,-1553021,0,0,0,0,2867969,260227,4805424,384434,0
191,0.1909,0.19090001,0.19090003,0.190901,0.190901,9545001,9545002,5242880,4977963,1,0,1,0,0,102,3339010,-1553021,0,-1161658,0,0,0,0,3339010,264917,4892031,391363,0,102,3339010,-1553021,0,-1161658,0,0,0,0,3339010,264917,4892031,391363,0
192,0.1919,0.19190001,0.19190003,0.191901,0.191901,9595001,9595002,5242880,4973640,1,0,1,0,0,116,3810203,-1161658,0,-763909,0,0,0,0,3810203,269240,4971861,397749,0,116,3810203,-1161658,0,-763909,0,0,0,0,3810203,269240,4971861,397749,0
193,0.1929,0.19290001,0.19290003,0.192901,0.192901,9645001,9645002,5242880,4969855,1,0,1,0,0,131,4277847,-763909,0,-360568,0,0,0,0,4277847,273025,5041756,403341,0,131,4277847,-763909,0,-360568,0,0,0,0,4277847,273025,5041756,403341,0
194,0.1939,0.19390001,0.19390003,0.193901,0.193901,9695001,9695002,5242880,4966709,1,0,1,0,0,145,4739282,-360568,0,47420,0,0,0,0,4739282,276171,5099850,407988,0,145,4739282,-360568,0,47420,0,0,0,0,4739282,276171,5099850,407988,0
195,0.1949,0.19490001,0.19490003,0.194901,0.194901,9745001,9745002,5242880,4964218,1,0,1,0,0,158,5193270,47420,0,459088,0,0,0,0,5193270,278662,5145850,411668,0,158,5193270,47420,0,459088,0,0,0,0,5193270,278662,5145850,411668,0
196,0.1959,0.19590001,0.19590003,0.195901,0.195901,9795001,9795002,5242880,4962513,1,0,1,0,0,172,5636423,459088,0,873275,0,0,0,0,5636423,280367,5177335,414187,0,172,5636423,459088,0,873275,0,0,0,0,5636423,280367,5177335,414187,0
197,0.1969,0.19690001,0.19690003,0.196901,0.196901,9845001,9845002,5242880,4961183,1,0,1,0,0,185,6075170,873275,0,1289427,0,0,0,0,6075170,281697,5201895,416152,0,185,6075170,873275,0,1289427,0,0,0,0,6075170,281697,5201895,416152,0
198,0.1979,0.19790001,0.19790003,0.197901,0.197901,9895001,9895002,5242880,4960281,1,0,1,0,0,199,6507979,1289427,0,1706911,0,0,0,0,6507979,282599,5218552,417484,0,199,6507979,1289427,0,1706911,0,0,0,0,6507979,282599,5218552,417484,0
199,0.1989,0.19890001,0.19890003,0.198901,0.198901,9945001,9945002,5242880,4960675,1,0,1,0,0,211,6918187,1706911,0,2123813,0,0,0,0,6918187,282205,5211276,416902,0,211,6918187,1706911,0,2123813,0,0,0,0,6918187,282205,5211276,416902,0
200,0.1999,0.19990001,0.19990003,0.199901,0.199901,9995001,9995002,5242880,4961951,1,0,1,0,0,223,7311526,2123813,0,2538830,0,0,0,0,7311526,280929,5187713,415017,0,223,7311526,2123813,0,2538830,0,0,0,0,7311526,280929,5187713,415017,0
201,0.2009,0.20090001,0.20090003,0.200901,0.200901,10045001,10045002,5242880,4445683,1,0,1,0,0,527,17260091,2538830,0,3716531,0,0,0,0,17260091,797197,14721261,1177701,0,527,17260091,2538830,0,3716531,0,0,0,0,17260091,797197,14721261,1177701,0
202,0.2019,0.20190001,0.20190003,0.201901,0.201901,10095001,10095002,5242880,3873393,1,0,1,0,0,885,29005859,3716531,0,5739678,0,0,0,0,29005859,1369487,25289328,2023147,0,885,29005859,3716531,0,5739678,0,0,0,0,29005859,1369487,25289328,2023147,0
203,0.2029,0.20290001,0.20290003,0.202901,0.202901,10145001,10145002,5242880,3510540,1,0,1,0,0,1151,37729550,5739678,0,8298868,0,0,0,0,37729550,1732340,31989872,2559190,0,1151,37729550,5739678,0,8298868,0,0,0,0,37729550,1732340,31989872,2559190,0
204,0.2039,0.20390001,0.20390003,0.203901,0.203901,10195001,10195002,5242880,3656723,1,0,1,0,0,1147,37589284,8298868,0,10642102,0,0,0,0,37589284,1586157,29290416,2343234,0,1147,37589284,8298868,0,10642102,0,0,0,0,37589284,1586157,29290416,2343234,0
205,0.2049,0.20490001,0.20490003,0.204901,0.204901,10245001,10245002,5242880,3946044,1,0,1,0,0,1056,34589836,10642102,0,12557921,0,0,0,0,34589836,1296836,23947734,1915819,0,1056,34589836,10642102,0,12557921,0,0,0,0,34589836,1296836,23947734,1915819,0
206,0.2059,0.20590001,0.20590003,0.205901,0.205901,10295001,10295002,5242880,4208133,1,0,1,0,0,966,31665847,12557921,0,14086555,0,0,0,0,31665847,1034747,19107926,1528634,0,966,31665847,12557921,0,14086555,0,0,0,0,31665847,1034747,19107926,1528634,0
207,0.2069,0.20690001,0.20690003,0.206901,0.206901,10345001,10345002,5242880,4416472,1,0,1,0,0,896,29347235,14086555,0,15307410,0,0,0,0,29347235,826408,15260680,1220855,0,896,29347235,14086555,0,15307410,0,0,0,0,29347235,826408,15260680,1220855,0
208,0.2079,0.20790001,0.20790003,0.207901,0.207901,10395001,10395002,5242880,4556180,1,0,1,0,0,854,27988203,15307410,0,16321874,0,0,0,0,27988203,686700,12680793,1014464,0,854,27988203,15307410,0,16321874,0,0,0,0,27988203,686700,12680793,1014464,0
209,0.2089,0.20890001,0.20890003,0.208901,0.208901,10445001,10445002,5242880,4652433,1,0,1,0,0,831,27225232,16321874,0,17194143,0,0,0,0,27225232,590447,10903358,872269,0,831,27225232,16321874,0,17194143,0,0,0,0,27225232,590447,10903358,872269,0
210,0.2099,0.20990001,0.20990003,0.209901,0.209901,10495001,10495002,5242880,4727467,1,0,1,0,0,815,26711903,17194143,0,17955564,0,0,0,0,26711903,515413,9517760,761421,0,815,26711903,17194143,0,17955564,0,0,0,0,26711903,515413,9517760,761421,0
211,0.2109,0.21090001,0.21090003,0.210901,0.210901,10545001,10545002,5242880,4788895,1,0,1,0,0,804,26338977,17955564,0,18626237,0,0,0,0,26338977,453985,8383413,670673,0,804,26338977,17955564,0,18626237,0,0,0,0,26338977,453985,8383413,670673,0
212,0.2119,0.21190001,0.21190003,0.211901,0.211901,10595001,10595002,5242880,4839807,1,0,1,0,0,796,26069495,18626237,0,19221698,0,0,0,0,26069495,403073,7443258,595461,0,796,26069495,18626237,0,19221698,0,0,0,0,26069495,403073,7443258,595461,0
213,0.2129,0.21290001,0.21290003,0.212901,0.212901,10645001,10645002,5242880,4882372,1,0,1,0,0,790,25878939,19221698,0,19754277,0,0,0,0,25878939,360508,6657241,532579,0,790,25878939,19221698,0,19754277,0,0,0,0,25878939,360508,6657241,532579,0
214,0.2139,0.21390001,0.21390003,0.213901,0.213901,10695001,10695002,5242880,4924094,1,0,1,0,0,783,25641068,19754277,0,20225220,0,0,0,0,25641068,318786,5886791,470943,0,783,25641068,19754277,0,20225220,0,0,0,0,25641068,318786,5886791,470943,0
215,0.2149,0.21490001,0.21490003,0.214901,0.214901,10745001,10745002,5242880,4961598,1,0,1,0,0,776,25419452,20225220,0,20640759,0,0,0,0,25419452,281282,5194232,415539,0,776,25419452,20225220,0,20640759,0,0,0,0,25419452,281282,5194232,415539,0
216,0.2159,0.21590001,0.21590003,0.215901,0.215901,10795001,10795002,5242880,4990750,1,0,1,0,0,772,25296662,20640759,0,21013231,0,0,0,0,25296662,252130,4655903,372472,0,772,25296662,20640759,0,21013231,0,0,0,0,25296662,252130,4655903,372472,0
217,0.2169,0.21690001,0.21690003,0.216901,0.216901,10845001,10845002,5242880,5013436,1,0,1,0,0,771,25250208,21013231,0,21352189,0,0,0,0,25250208,229444,4236977,338958,0,771,25250208,21013231,0,21352189,0,0,0,0,25250208,229444,4236977,338958,0
218,0.2179,0.21790001,0.21790003,0.217901,0.217901,10895001,10895002,5242880,5038351,1,0,1,0,0,767,25129078,21352189,0,21654340,0,0,0,0,25129078,204529,3776889,302151,0,767,25129078,21352189,0,21654340,0,0,0,0,25129078,204529,3776889,302151,0
219,0.2189,0.21890001,0.21890003,0.218901,0.218901,10945001,10945002,5242880,5063458,1,0,1,0,0,762,24967597,21654340,0,21919401,0,0,0,0,24967597,179422,3313257,265061,0,762,24967597,21654340,0,21919401,0,0,0,0,24967597,179422,3313257,265061,0
220,0.2199,0.21990001,0.21990003,0.219901,0.219901,10995001,10995002,5242880,5080926,1,0,1,0,0,760,24910089,21919401,0,22158656,0,0,0,0,24910089,161954,2990688,239255,0,760,24910089,21919401,0,22158656,0,0,0,0,24910089,161954,2990688,239255,0
221,0.2209,0.22090001,0.22090003,0.220901,0.220901,11045001,11045002,5242880,5094011,1,0,1,0,0,760,24907712,22158656,0,22378581,0,0,0,0,24907712,148869,2749056,219925,0,760,24907712,22158656,0,22378581,0,0,0,0,24907712,148869,2749056,219925,0
222,0.2219,0.22190001,0.22190003,0.221901,0.221901,11095001,11095002,5242880,5112256,1,0,1,0,0,757,24790720,22378581,0,22571552,0,0,0,0,24790720,130624,2412139,192971,0,757,24790720,22378581,0,22571552,0,0,0,0,24790720,130624,2412139,192971,0
223,0.2229,0.22290001,0.22290003,0.222901,0.222901,11145001,11145002,5242880,5128355,1,0,1,0,0,753,24686402,22571552,0,22740740,0,0,0,0,24686402,114525,2114850,169188,0,753,24686402,22571552,0,22740740,0,0,0,0,24686402,114525,2114850,169188,0
224,0.2239,0.22390001,0.22390003,0.223901,0.223901,11195001,11195002,5242880,5142544,1,0,1,0,0,751,24593572,22740740,0,22888967,0,0,0,0,24593572,100336,1852832,148227,0,751,24593572,22740740,0,22888967,0,0,0,0,24593572,100336,1852832,148227,0
225,0.2249,0.22490001,0.22490003,0.224901,0.224901,11245001,11245002,5242880,5152900,1,0,1,0,0,749,24550563,22888967,0,23021895,0,0,0,0,24550563,89980,1661596,132928,0,749,24550563,22888967,0,23021895,0,0,0,0,24550563,89980,1661596,132928,0
226,0.2259,0.22590001,0.22590003,0.225901,0.225901,11295001,11295002,5242880,5161380,1,0,1,0,0,749,24526897,23021895,0,23142295,0,0,0,0,24526897,81500,1505002,120400,0,749,24526897,23021895,0,23142295,0,0,0,0,24526897,81500,1505002,120400,0
227,0.2269,0.22690001,0.22690003,0.226901,0.226901,11345001,11345002,5242880,5166223,1,0,1,0,0,749,24557864,23142295,0,23255541,0,0,0,0,24557864,76657,1415569,113246,0,749,24557864,23142295,0,23255541,0,0,0,0,24557864,76657,1415569,113246,0
228,0.2279,0.22790001,0.22790003,0.227901,0.227901,11395001,11395002,5242880,5177783,1,0,1,0,0,746,24457640,23255541,0,23351709,0,0,0,0,24457640,65097,1202099,96168,0,746,24457640,23255541,0,23351709,0,0,0,0,24457640,65097,1202099,96168,0
229,0.2289,0.22890001,0.22890003,0.228901,0.228901,11445001,11445002,5242880,5181407,1,0,1,0,0,747,24486887,23351709,0,23442523,0,0,0,0,24486887,61473,1135178,90814,0,747,24486887,23351709,0,23442523,0,0,0,0,24486887,61473,1135178,90814,0
230,0.2299,0.22990001,0.22990003,0.229901,0.229901,11495001,11495002,5242880,5192155,1,0,1,0,0,744,24379225,23442523,0,23517459,0,0,0,0,24379225,50725,936702,74936,0,744,24379225,23442523,0,23517459,0,0,0,0,24379225,50725,936702,74936,0
231,0.2309,0.23090001,0.23090003,0.230901,0.230901,11545001,11545002,5242880,5193344,1,0,1,0,0,746,24432205,23517459,0,23590639,0,0,0,0,24432205,49536,914746,73180,0,746,24432205,23517459,0,23590639,0,0,0,0,24432205,49536,914746,73180,0
232,0.2319,0.23190001,0.23190003,0.231901,0.231901,11595001,11595002,5242880,5203158,1,0,1,0,0,742,24324156,23590639,0,23649320,0,0,0,0,24324156,39722,733517,58681,0,742,24324156,23590639,0,23649320,0,0,0,0,24324156,39722,733517,58681,0
233,0.2329,0.23290001,0.23290003,0.232901,0.232901,11645001,11645002,5242880,5202335,1,0,1,0,0,745,24398035,23649320,0,23709217,0,0,0,0,24398035,40545,748715,59897,0,745,24398035,23649320,0,23709217,0,0,0,0,24398035,40545,748715,59897,0
234,0.2339,0.23390001,0.23390003,0.233901,0.233901,11695001,11695002,5242880,5210421,1,0,1,0,0,742,24308614,23709217,0,23757169,0,0,0,0,24308614,32459,599397,47952,0,742,24308614,23709217,0,23757169,0,0,0,0,24308614,32459,599397,47952,0
235,0.2349,0.23490001,0.23490003,0.234901,0.234901,11745001,11745002,5242880,5214561,1,0,1,0,0,741,24280116,23757169,0,23799005,0,0,0,0,24280116,28319,522947,41836,0,741,24280116,23757169,0,23799005,0,0,0,0,24280116,28319,522947,41836,0
236,0.2359,0.23590001,0.23590003,0.235901,0.235901,11795001,11795002,5242880,5214435,1,0,1,0,0,742,24324278,23799005,0,23841027,0,0,0,0,24324278,28445,525273,42022,0,742,24324278,23799005,0,23841027,0,0,0,0,24324278,28445,525273,42022,0
237,0.2369,0.23690001,0.23690003,0.236901,0.236901,11845001,11845002,5242880,5215505,1,0,1,0,0,743,24346541,23841027,0,23881468,0,0,0,0,24346541,27375,505514,40441,0,743,24346541,23841027,0,23881468,0,0,0,0,24346541,27375,505514,40441,0
238,0.2379,0.23790001,0.23790003,0.237901,0.237901,11895001,11895002,5242880,5223065,1,0,1,0,0,740,24247377,23881468,0,23910741,0,0,0,0,24247377,19815,365909,29273,0,740,24247377,23881468,0,23910741,0,0,0,0,24247377,19815,365909,29273,0
239,0.2389,0.23890001,0.23890003,0.238901,0.238901,11945001,11945002,5242880,5224374,1,0,1,0,0,740,24252478,23910741,0,23938080,0,0,0,0,24252478,18506,341737,27339,0,740,24252478,23910741,0,23938080,0,0,0,0,24252478,18506,341737,27339,0
240,0.2399,0.23990001,0.23990003,0.239901,0.239901,11995001,11995002,5242880,5224617,1,0,1,0,0,741,24275330,23938080,0,23965060,0,0,0,0,24275330,18263,337250,26980,0,741,24275330,23938080,0,23965060,0,0,0,0,24275330,18263,337250,26980,0
241,0.2409,0.24090001,0.24090003,0.240901,0.240901,12045001,12045002,5242880,5228707,1,0,1,0,0,739,24226783,23965060,0,23985998,0,0,0,0,24226783,14173,261723,20938,0,739,24226783,23965060,0,23985998,0,0,0,0,24226783,14173,261723,20938,0
242,0.2419,0.24190001,0.24190003,0.241901,0.241901,12095001,12095002,5242880,5228139,1,0,1,0,0,740,24258209,23985998,0,24007775,0,0,0,0,24258209,14741,272211,21777,0,740,24258209,23985998,0,24007775,0,0,0,0,24258209,14741,272211,21777,0
243,0.2429,0.24290001,0.24290003,0.242901,0.242901,12145001,12145002,5242880,5230128,1,0,1,0,0,740,24243257,24007775,0,24026614,0,0,0,0,24243257,12752,235482,18839,0,740,24243257,24007775,0,24026614,0,0,0,0,24243257,12752,235482,18839,0
244,0.2439,0.24390001,0.24390003,0.243901,0.243901,12195001,12195002,5242880,5228779,1,0,1,0,0,741,24287007,24026614,0,24047445,0,0,0,0,24287007,14101,260393,20831,0,741,24287007,24026614,0,24047445,0,0,0,0,24287007,14101,260393,20831,0
245,0.2449,0.24490001,0.24490003,0.244901,0.244901,12245001,12245002,5242880,5233862,1,0,1,0,0,739,24213974,24047445,0,24060767,0,0,0,0,24213974,9018,166529,13322,0,739,24213974,24047445,0,24060767,0,0,0,0,24213974,9018,166529,13322,0
246,0.2459,0.24590001,0.24590003,0.245901,0.245901,12295001,12295002,5242880,5235162,1,0,1,0,0,739,24203290,24060767,0,24072169,0,0,0,0,24203290,7718,142523,11402,0,739,24203290,24060767,0,24072169,0,0,0,0,24203290,7718,142523,11402,0
247,0.2469,0.24690001,0.24690003,0.246901,0.246901,12345001,12345002,5242880,5235147,1,0,1,0,0,739,24214969,24072169,0,24083593,0,0,0,0,24214969,7733,142800,11424,0,739,24214969,24072169,0,24083593,0,0,0,0,24214969,7733,142800,11424,0
248,0.2479,0.24790001,0.24790003,0.247901,0.247901,12395001,12395002,5242880,5230443,1,0,1,0,0,742,24313258,24083593,0,24101966,0,0,0,0,24313258,12437,229665,18373,0,742,24313258,24083593,0,24101966,0,0,0,0,24313258,12437,229665,18373,0
249,0.2489,0.24890001,0.24890003,0.248901,0.248901,12445001,12445002,5242880,5238526,1,0,1,0,0,738,24182368,24101966,0,24108398,0,0,0,0,24182368,4354,80402,6432,0,738,24182368,24101966,0,24108398,0,0,0,0,24182368,4354,80402,6432,0
250,0.2499,0.24990001,0.24990003,0.249901,0.249901,12495001,12495002,5242880,5236907,1,0,1,0,0,739,24218697,24108398,0,24117222,0,0,0,0,24218697,5973,110299,8824,0,739,24218697,24108398,0,24117222,0,0,0,0,24218697,5973,110299,8824,0
251,0.2509,0.25090001,0.25090003,0.250901,0.250901,12545001,12545002,5242880,5751979,1,0,1,0,0,449,14716058,24117222,0,23365129,0,0,0,0,14716058,-509099,-9401164,-752093,0,449,14716058,24117222,0,23365129,0,0,0,0,14716058,-509099,-9401164,-752093,0
252,0.2519,0.25190001,0.25190003,0.251901,0.251901,12595001,12595002,5242880,6168191,1,0,1,0,0,192,6278079,23365129,0,21998165,0,0,0,0,6278079,-925311,-17087050,-1366964,0,192,6278079,23365129,0,21998165,0,0,0,0,6278079,-925311,-17087050,-1366964,0
253,0.2529,0.25290001,0.25290003,0.252901,0.252901,12645001,12645002,5242880,6383342,1,0,1,0,0,29,938077,21998165,0,20313358,0,0,0,0,938077,-1140462,-21060088,-1684807,0,29,938077,21998165,0,20313358,0,0,0,0,938077,-1140462,-21060088,-1684807,0
254,0.2539,0.25390001,0.25390003,0.253901,0.253901,12695001,12695002,5242880,6439755,1,0,1,0,0,-55,-1788469,20313358,0,18545212,0,0,0,0,-1788469,-1196875,-22101827,-1768146,0,-55,-1788469,20313358,0,18545212,0,0,0,0,-1788469,-1196875,-22101827,-1768146,0
255,0.2549,0.25490001,0.25490003,0.254901,0.254901,12745001,12745002,5242880,6447662,1,0,1,0,0,-113,-3702627,18545212,0,16765384,0,0,0,0,-3702627,-1204782,-22247839,-1779828,0,-113,-3702627,18545212,0,16765384,0,0,0,0,-3702627,-1204782,-22247839,-1779828,0
256,0.2559,0.25590001,0.25590003,0.255901,0.255901,12795001,12795002,5242880,6454761,1,0,1,0,0,-171,-5613548,16765384,0,14975069,0,0,0,0,-5613548,-1211881,-22378932,-1790315,0,-171,-5613548,16765384,0,14975069,0,0,0,0,-5613548,-1211881,-22378932,-1790315,0
257,0.2569,0.25690001,0.25690003,0.256901,0.256901,12845001,12845002,5242880,6460404,1,0,1,0,0,-229,-7508068,14975069,0,13176418,0,0,0,0,-7508068,-1217524,-22483137,-1798651,0,-229,-7508068,14975069,0,13176418,0,0,0,0,-7508068,-1217524,-22483137,-1798651,0
258,0.2579,0.25790001,0.25790003,0.257901,0.257901,12895001,12895002,5242880,6464199,1,0,1,0,0,-286,-9376798,13176418,0,11372160,0,0,0,0,-9376798,-1221319,-22553216,-1804258,0,-286,-9376798,13176418,0,11372160,0,0,0,0,-9376798,-1221319,-22553216,-1804258,0
259,0.2589,0.25890001,0.25890003,0.258901,0.258901,12945001,12945002,5242880,6467305,1,0,1,0,0,-343,-11238413,11372160,0,9563314,0,0,0,0,-11238413,-1224425,-22610573,-1808846,0,-343,-11238413,11372160,0,9563314,0,0,0,0,-11238413,-1224425,-22610573,-1808846,0
260,0.2599,0.25990001,0.25990003,0.259901,0.259901,12995001,12995002,5242880,6468583,1,0,1,0,0,-399,-13070858,9563314,0,7752580,0,0,0,0,-13070858,-1225703,-22634172,-1810734,0,-399,-13070858,9563314,0,7752580,0,0,0,0,-13070858,-1225703,-22634172,-1810734,0
261,0.2609,0.26090001,0.26090003,0.260901,0.260901,13045001,13045002,5242880,6468624,1,0,1,0,0,-454,-14882350,7752580,0,5941785,0,0,0,0,-14882350,-1225744,-22634930,-1810795,0,-454,-14882350,7752580,0,5941785,0,0,0,0,-14882350,-1225744,-22634930,-1810795,0
262,0.2619,0.26190001,0.26190003,0.261901,0.261901,13095001,13095002,5242880,6466622,1,0,1,0,0,-508,-16656175,5941785,0,4133948,0,0,0,0,-16656175,-1223742,-22597960,-1807837,0,-508,-16656175,5941785,0,4133948,0,0,0,0,-16656175,-1223742,-22597960,-1807837,0
263,0.2629,0.26290001,0.26290003,0.262901,0.262901,13145001,13145002,5242880,6462797,1,0,1,0,0,-561,-18393379,4133948,0,2331762,0,0,0,0,-18393379,-1219917,-22527327,-1802186,0,-561,-18393379,4133948,0,2331762,0,0,0,0,-18393379,-1219917,-22527327,-1802186,0
264,0.2639,0.26390001,0.26390003,0.263901,0.263901,13195001,13195002,5242880,6398719,1,0,1,0,0,-580,-19012282,2331762,0,624238,0,0,0,0,-19012282,-1155839,-21344044,-1707524,0,-580,-19012282,2331762,0,624238,0,0,0,0,-19012282,-1155839,-21344044,-1707524,0
265,0.2649,0.26490001,0.26490003,0.264901,0.264901,13245001,13245002,5242880,6058709,1,0,1,0,0,-441,-14441087,624238,0,-580988,0,0,0,0,-14441087,-815829,-15065325,-1205226,0,-441,-14441087,624238,0,-580988,0,0,0,0,-14441087,-815829,-15065325,-1205226,0
266,0.2659,0.26590001,0.26590003,0.265901,0.265901,13295001,13295002,5242880,5709448,1,0,1,0,0,-281,-9196762,-580988,0,-1270250,0,0,0,0,-9196762,-466568,-8615774,-689262,0,-281,-9196762,-580988,0,-1270250,0,0,0,0,-9196762,-466568,-8615774,-689262,0
267,0.2669,0.26690001,0.26690003,0.266901,0.266901,13345001,13345002,5242880,5464793,1,0,1,0,0,-164,-5368157,-1270250,0,-1598083,0,0,0,0,-5368157,-221913,-4097907,-327833,0,-164,-5368157,-1270250,0,-1598083,0,0,0,0,-5368157,-221913,-4097907,-327833,0
268,0.2679,0.26790001,0.26790003,0.267901,0.267901,13395001,13395002,5242880,5312869,1,0,1,0,0,-88,-2890519,-1598083,0,-1701478,0,0,0,0,-2890519,-69989,-1292436,-103395,0,-88,-2890519,-1598083,0,-1701478,0,0,0,0,-2890519,-69989,-1292436,-103395,0
269,0.2689,0.26890001,0.26890003,0.268901,0.268901,13445001,13445002,5242880,5224308,1,0,1,0,0,-41,-1358522,-1701478,0,-1674042,0,0,0,0,-1358522,18572,342956,27436,0,-41,-1358522,-1701478,0,-1674042,0,0,0,0,-1358522,18572,342956,27436,0
270,0.2699,0.26990001,0.26990003,0.269901,0.269901,13495001,13495002,5242880,5177034,1,0,1,0,0,-14,-458111,-1674042,0,-1576768,0,0,0,0,-458111,65846,1215931,97274,0,-14,-458111,-1674042,0,-1576768,0,0,0,0,-458111,65846,1215931,97274,0
271,0.2709,0.27090001,0.27090003,0.270901,0.270901,13545001,13545002,5242880,5157694,1,0,1,0,0,0,-3700,-1576768,0,-1450923,0,0,0,0,-3700,85186,1573068,125845,0,0,-3700,-1576768,0,-1450923,0,0,0,0,-3700,85186,1573068,125845,0
272,0.2719,0.27190001,0.27190003,0.271901,0.271901,13595001,13595002,5242880,5149113,1,0,1,0,0,9,280604,-1450923,0,-1312401,0,0,0,0,280604,93767,1731527,138522,0,9,280604,-1450923,0,-1312401,0,0,0,0,280604,93767,1731527,138522,0
273,0.2729,0.27290001,0.27290003,0.272901,0.272901,13645001,13645002,5242880,5142693,1,0,1,0,0,16,537680,-1312401,0,-1164394,0,0,0,0,537680,100187,1850081,148007,0,16,537680,-1312401,0,-1164394,0,0,0,0,537680,100187,1850081,148007,0
274,0.2739,0.27390001,0.27390003,0.273901,0.273901,13695001,13695002,5242880,5136289,1,0,1,0,0,25,803945,-1164394,0,-1006927,0,0,0,0,803945,106591,1968339,157467,0,25,803945,-1164394,0,-1006927,0,0,0,0,803945,106591,1968339,157467,0
275,0.2749,0.27490001,0.27490003,0.274901,0.274901,13745001,13745002,5242880,5130236,1,0,1,0,0,33,1073188,-1006927,0,-840518,0,0,0,0,1073188,112644,2080115,166409,0,33,1073188,-1006927,0,-840518,0,0,0,0,1073188,112644,2080115,166409,0
276,0.2759,0.27590001,0.27590003,0.275901,0.275901,13795001,13795002,5242880,5124484,1,0,1,0,0,41,1345815,-840518,0,-665611,0,0,0,0,1345815,118396,2186333,174907,0,41,1345815,-840518,0,-665611,0,0,0,0,1345815,118396,2186333,174907,0
277,0.2769,0.27690001,0.27690003,0.276901,0.276901,13845001,13845002,5242880,5119074,1,0,1,0,0,49,1620625,-665611,0,-482712,0,0,0,0,1620625,123806,2286236,182899,0,49,1620625,-665611,0,-482712,0,0,0,0,1620625,123806,2286236,182899,0
278,0.2779,0.27790001,0.27790003,0.277901,0.277901,13895001,13895002,5242880,5114098,1,0,1,0,0,58,1895412,-482712,0,-292462,0,0,0,0,1895412,128782,2378124,190250,0,58,1895412,-482712,0,-292462,0,0,0,0,1895412,128782,2378124,190250,0
279,0.2789,0.27890001,0.27890003,0.278901,0.278901,13945001,13945002,5242880,5109624,1,0,1,0,0,66,2168280,-292462,0,-95603,0,0,0,0,2168280,133256,2460742,196859,0,66,2168280,-292462,0,-95603,0,0,0,0,2168280,133256,2460742,196859,0
280,0.2799,0.27990001,0.27990003,0.279901,0.279901,13995001,13995002,5242880,5105428,1,0,1,0,0,75,2442624,-95603,0,107455,0,0,0,0,2442624,137452,2538227,203058,0,75,2442624,-95603,0,107455,0,0,0,0,2442624,137452,2538227,203058,0
281,0.2809,0.28090001,0.28090003,0.280901,0.280901,14045001,14045002,5242880,5101492,1,0,1,0,0,83,2718365,107455,0,316328,0,0,0,0,2718365,141388,2610910,208873,0,83,2718365,107455,0,316328,0,0,0,0,2718365,141388,2610910,208873,0
282,0.2819,0.28190001,0.28190003,0.281901,0.281901,14095001,14095002,5242880,5097880,1,0,1,0,0,91,2993938,316328,0,530537,0,0,0,0,2993938,145000,2677610,214209,0,91,2993938,316328,0,530537,0,0,0,0,2993938,145000,2677610,214209,0
283,0.2829,0.28290001,0.28290003,0.282901,0.282901,14145001,14145002,5242880,5094635,1,0,1,0,0,100,3268070,530537,0,749540,0,0,0,0,3268070,148245,2737533,219003,0,100,3268070,530537,0,749540,0,0,0,0,3268070,148245,2737533,219003,0
284,0.2839,0.28390001,0.28390003,0.283901,0.283901,14195001,14195002,5242880,5091743,1,0,1,0,0,108,3540478,749540,0,972815,0,0,0,0,3540478,151137,2790938,223275,0,108,3540478,749540,0,972815,0,0,0,0,3540478,151137,2790938,223275,0
285,0.2849,0.28490001,0.28490003,0.284901,0.284901,14245001,14245002,5242880,5089249,1,0,1,0,0,116,3809808,972815,0,1199774,0,0,0,0,3809808,153631,2836993,226959,0,116,3809808,972815,0,1199774,0,0,0,0,3809808,153631,2836993,226959,0
286,0.2859,0.28590001,0.28590003,0.285901,0.285901,14295001,14295002,5242880,5087117,1,0,1,0,0,124,4076137,1199774,0,1429883,0,0,0,0,4076137,155763,2876363,230109,0,124,4076137,1199774,0,1429883,0,0,0,0,4076137,155763,2876363,230109,0
287,0.2869,0.28690001,0.28690003,0.286901,0.286901,14345001,14345002,5242880,5085394,1,0,1,0,0,132,4338063,1429883,0,1662537,0,0,0,0,4338063,157486,2908180,232654,0,132,4338063,1429883,0,1662537,0,0,0,0,4338063,157486,2908180,232654,0
288,0.2879,0.28790001,0.28790003,0.287901,0.287901,14395001,14395002,5242880,5084338,1,0,1,0,0,140,4590218,1662537,0,1896752,0,0,0,0,4590218,158542,2927681,234215,0,140,4590218,1662537,0,1896752,0,0,0,0,4590218,158542,2927681,234215,0
289,0.2889,0.28890001,0.28890003,0.288901,0.288901,14445001,14445002,5242880,5084284,1,0,1,0,0,147,4825430,1896752,0,2131046,0,0,0,0,4825430,158596,2928678,234294,0,147,4825430,1896752,0,2131046,0,0,0,0,4825430,158596,2928678,234294,0
290,0.2899,0.28990001,0.28990003,0.289901,0.289901,14495001,14495002,5242880,5084516,1,0,1,0,0,154,5055440,2131046,0,2364998,0,0,0,0,5055440,158364,2924394,233952,0,154,5055440,2131046,0,2364998,0,0,0,0,5055440,158364,2924394,233952,0
291,0.2909,0.29090001,0.29090003,0.290901,0.290901,14545001,14545002,5242880,5084869,1,0,1,0,0,161,5282873,2364998,0,2598428,0,0,0,0,5282873,158011,2917875,233430,0,161,5282873,2364998,0,2598428,0,0,0,0,5282873,158011,2917875,233430,0
292,0.2919,0.29190001,0.29190003,0.291901,0.291901,14595001,14595002,5242880,5086158,1,0,1,0,0,168,5492500,2598428,0,2829954,0,0,0,0,5492500,156722,2894072,231526,0,168,5492500,2598428,0,2829954,0,0,0,0,5492500,156722,2894072,231526,0
293,0.2929,0.29290001,0.29290003,0.292901,0.292901,14645001,14645002,5242880,5088381,1,0,1,0,0,173,5682975,2829954,0,3058196,0,0,0,0,5682975,154499,2853021,228242,0,173,5682975,2829954,0,3058196,0,0,0,0,5682975,154499,2853021,228242,0
294,0.2939,0.29390001,0.29390003,0.293901,0.293901,14695001,14695002,5242880,5091055,1,0,1,0,0,179,5861839,3058196,0,3282487,0,0,0,0,5861839,151825,2803643,224291,0,179,5861839,3058196,0,3282487,0,0,0,0,5861839,151825,2803643,224291,0
295,0.2949,0.29490001,0.29490003,0.294901,0.294901,14745001,14745002,5242880,5094393,1,0,1,0,0,184,6024489,3282487,0,3501847,0,0,0,0,6024489,148487,2742002,219360,0,184,6024489,3282487,0,3501847,0,0,0,0,6024489,148487,2742002,219360,0
296,0.2959,0.29590001,0.29590003,0.295901,0.295901,14795001,14795002,5242880,5098204,1,0,1,0,0,188,6173474,3501847,0,3715577,0,0,0,0,6173474,144676,2671627,213730,0,188,6173474,3501847,0,3715577,0,0,0,0,6173474,144676,2671627,213730,0
297,0.2969,0.29690001,0.29690003,0.296901,0.296901,14845001,14845002,5242880,5102853,1,0,1,0,0,192,6301355,3715577,0,3922439,0,0,0,0,6301355,140027,2585778,206862,0,192,6301355,3715577,0,3922439,0,0,0,0,6301355,140027,2585778,206862,0
298,0.2979,0.29790001,0.29790003,0.297901,0.297901,14895001,14895002,5242880,5109100,1,0,1,0,0,195,6392858,3922439,0,4120073,0,0,0,0,6392858,133780,2470419,197634,0,195,6392858,3922439,0,4120073,0,0,0,0,6392858,133780,2470419,197634,0
299,0.2989,0.29890001,0.29890003,0.298901,0.298901,14945001,14945002,5242880,5132381,1,0,1,0,0,188,6160578,4120073,0,4283313,0,0,0,0,6160578,110499,2040505,163240,0,188,6160578,4120073,0,4283313,0,0,0,0,6160578,110499,2040505,163240,0
300,0.2999,0.29990001,0.29990003,0.299901,0.299901,14995001,14995002,5242880,5240540,1,0,1,0,0,132,4326524,4283313,0,4286770,0,0,0,0,4326524,2340,43211,3457,0,132,4326524,4283313,0,4286770,0,0,0,0,4326524,2340,43211,3457,0
301,0.3009,0.30090001,0.30090003,0.300901,0.300901,15045001,15045002,5195694,5345080,1,0,1,0,0,47,1528167,4286770,0,4066082,0,0,0,0,1528167,-149386,-2758603,-220688,0,47,1528167,4286770,0,4066082,0,0,0,0,1528167,-149386,-2758603,-220688,0
302,0.3019,0.30190001,0.30190003,0.301901,0.301901,15095001,15095002,5143265,5392527,1,0,1,0,0,-16,-536859,4066082,0,3697847,0,0,0,0,-536859,-249262,-4602941,-368235,0,-16,-536859,4066082,0,3697847,0,0,0,0,-536859,-249262,-4602941,-368235,0
303,0.3029,0.30290001,0.30290003,0.302901,0.302901,15145001,15145002,5090836,5403041,1,0,1,0,0,-63,-2067417,3697847,0,3236626,0,0,0,0,-2067417,-312205,-5765264,-461221,0,-63,-2067417,3697847,0,3236626,0,0,0,0,-2067417,-312205,-5765264,-461221,0
304,0.3039,0.30390001,0.30390003,0.303901,0.303901,15195001,15195002,5038408,5410347,1,0,1,0,0,-111,-3631703,3236626,0,2687160,0,0,0,0,-3631703,-371939,-6868329,-549466,0,-111,-3631703,3236626,0,2687160,0,0,0,0,-3631703,-371939,-6868329,-549466,0
305,0.3049,0.30490001,0.30490003,0.304901,0.304901,15245001,15245002,4985979,5416420,1,0,1,0,0,-161,-5261483,2687160,0,2051268,0,0,0,0,-5261483,-430441,-7948643,-635892,0,-161,-5261483,2687160,0,2051268,0,0,0,0,-5261483,-430441,-7948643,-635892,0
306,0.3059,0.30590001,0.30590003,0.305901,0.305901,15295001,15295002,4933550,5421073,1,0,1,0,0,-212,-6951467,2051268,0,1331049,0,0,0,0,-6951467,-487523,-9002735,-720219,0,-212,-6951467,2051268,0,1331049,0,0,0,0,-6951467,-487523,-9002735,-720219,0
307,0.3069,0.30690001,0.30690003,0.306901,0.306901,15345001,15345002,4881121,5424866,1,0,1,0,0,-266,-8709897,1331049,0,527773,0,0,0,0,-8709897,-543745,-10040946,-803276,0,-266,-8709897,1331049,0,527773,0,0,0,0,-8709897,-543745,-10040946,-803276,0
308,0.3079,0.30790001,0.30790003,0.307901,0.307901,15395001,15395002,4828692,5427789,1,0,1,0,0,-322,-10535319,527773,0,-357275,0,0,0,0,-10535319,-599097,-11063092,-885048,0,-322,-10535319,527773,0,-357275,0,0,0,0,-10535319,-599097,-11063092,-885048,0
309,0.3089,0.30890001,0.30890003,0.308901,0.308901,15445001,15445002,4776264,5429617,1,0,1,0,0,-379,-12422273,-357275,0,-1322475,0,0,0,0,-12422273,-653353,-12064998,-965200,0,-379,-12422273,-357275,0,-1322475,0,0,0,0,-12422273,-653353,-12064998,-965200,0
310,0.3099,0.30990001,0.30990003,0.309901,0.309901,15495001,15495002,4723835,5429804,1,0,1,0,0,-438,-14359095,-1322475,0,-2365405,0,0,0,0,-14359095,-705969,-13036620,-1042930,0,-438,-14359095,-1322475,0,-2365405,0,0,0,0,-14359095,-705969,-13036620,-1042930,0
311,0.3109,0.31090001,0.31090003,0.310901,0.310901,15545001,15545002,4671406,5428082,1,0,1,0,0,-499,-16338394,-2365405,0,-3483244,0,0,0,0,-16338394,-756676,-13972989,-1117839,0,-499,-16338394,-2365405,0,-3483244,0,0,0,0,-16338394,-756676,-13972989,-1117839,0
312,0.3119,0.31190001,0.31190003,0.311901,0.311901,15595001,15595002,4618977,5424665,1,0,1,0,0,-560,-18361303,-3483244,0,-4673489,0,0,0,0,-18361303,-805688,-14878059,-1190245,0,-560,-18361303,-3483244,0,-4673489,0,0,0,0,-18361303,-805688,-14878059,-1190245,0
313,0.3129,0.31290001,0.31290003,0.312901,0.312901,15645001,15645002,4566548,5391930,1,0,1,0,0,-608,-19915223,-4673489,0,-5892828,0,0,0,0,-19915223,-825382,-15241734,-1219339,0,-608,-19915223,-4673489,0,-5892828,0,0,0,0,-19915223,-825382,-15241734,-1219339,0
314,0.3139,0.31390001,0.31390003,0.313901,0.313901,15695001,15695002,4514120,5073994,1,0,1,0,0,-495,-16231617,-5892828,0,-6719931,0,0,0,0,-16231617,-559874,-10338789,-827103,0,-495,-16231617,-5892828,0,-6719931,0,0,0,0,-16231617,-559874,-10338789,-827103,0
315,0.3149,0.31490001,0.31490003,0.314901,0.314901,15745001,15745002,4461691,4695363,1,0,1,0,0,-337,-11034983,-6719931,0,-7065135,0,0,0,0,-11034983,-233672,-4315052,-345204,0,-337,-11034983,-6719931,0,-7065135,0,0,0,0,-11034983,-233672,-4315052,-345204,0
316,0.3159,0.31590001,0.31590003,0.315901,0.315901,15795001,15795002,4409262,4404495,1,0,1,0,0,-213,-6977106,-7065135,0,-7058093,0,0,0,0,-6977106,4767,88029,7042,0,-213,-6977106,-7065135,0,-7058093,0,0,0,0,-6977106,4767,88029,7042,0
317,0.3169,0.31690001,0.31690003,0.316901,0.316901,15845001,15845002,4356833,4215888,1,0,1,0,0,-136,-4455363,-7058093,0,-6849875,0,0,0,0,-4455363,140945,2602730,208218,0,-136,-4455363,-7058093,0,-6849875,0,0,0,0,-4455363,140945,2602730,208218,0
318,0.3179,0.31790001,0.31790003,0.317901,0.317901,15895001,15895002,4304404,4091252,1,0,1,0,0,-89,-2913751,-6849875,0,-6534985,0,0,0,0,-2913751,213152,3936124,314890,0,-89,-2913751,-6849875,0,-6534985,0,0,0,0,-2913751,213152,3936124,314890,0
319,0.3189,0.31890001,0.31890003,0.318901,0.318901,15945001,15945002,4251976,4006864,1,0,1,0,0,-61,-2008679,-6534985,0,-6172880,0,0,0,0,-2008679,245112,4526306,362105,0,-61,-2008679,-6534985,0,-6172880,0,0,0,0,-2008679,245112,4526306,362105,0
320,0.3199,0.31990001,0.31990003,0.319901,0.319901,15995001,15995002,4199547,3954892,1,0,1,0,0,-51,-1655013,-6172880,0,-5811451,0,0,0,0,-1655013,244655,4517867,361429,0,-51,-1655013,-6172880,0,-5811451,0,0,0,0,-1655013,244655,4517867,361429,0
321,0.3209,0.32090001,0.32090003,0.320901,0.320901,16045001,16045002,4147118,3915229,1,0,1,0,0,-47,-1529324,-5811451,0,-5468881,0,0,0,0,-1529324,231889,4282127,342570,0,-47,-1529324,-5811451,0,-5468881,0,0,0,0,-1529324,231889,4282127,342570,0
322,0.3219,0.32190001,0.32190003,0.321901,0.321901,16095001,16095002,4094689,3873395,1,0,1,0,0,-42,-1382404,-5468881,0,-5141963,0,0,0,0,-1382404,221294,4086477,326918,0,-42,-1382404,-5468881,0,-5141963,0,0,0,0,-1382404,221294,4086477,326918,0
323,0.3229,0.32290001,0.32290003,0.322901,0.322901,16145001,16145002,4042260,3840881,1,0,1,0,0,-43,-1423242,-5141963,0,-4844465,0,0,0,0,-1423242,201379,3718721,297498,0,-43,-1423242,-5141963,0,-4844465,0,0,0,0,-1423242,201379,3718721,297498,0
324,0.3239,0.32390001,0.32390003,0.323901,0.323901,16195001,16195002,3989832,3805651,1,0,1,0,0,-44,-1443327,-4844465,0,-4572374,0,0,0,0,-1443327,184181,3401138,272091,0,-44,-1443327,-4844465,0,-4572374,0,0,0,0,-1443327,184181,3401138,272091,0
325,0.3249,0.32490001,0.32490003,0.324901,0.324901,16245001,16245002,3937403,3769509,1,0,1,0,0,-45,-1471997,-4572374,0,-4324344,0,0,0,0,-1471997,167894,3100377,248030,0,-45,-1471997,-4572374,0,-4324344,0,0,0,0,-1471997,167894,3100377,248030,0
326,0.3259,0.32590001,0.32590003,0.325901,0.325901,16295001,16295002,3884974,3736459,1,0,1,0,0,-48,-1581825,-4324344,0,-4104942,0,0,0,0,-1581825,148515,2742519,219402,0,-48,-1581825,-4324344,0,-4104942,0,0,0,0,-1581825,148515,2742519,219402,0
327,0.3269,0.32690001,0.32690003,0.326901,0.326901,16345001,16345002,3832545,3700752,1,0,1,0,0,-51,-1671216,-4104942,0,-3910244,0,0,0,0,-1671216,131793,2433726,194698,0,-51,-1671216,-4104942,0,-3910244,0,0,0,0,-1671216,131793,2433726,194698,0
328,0.3279,0.32790001,0.32790003,0.327901,0.327901,16395001,16395002,3780116,3661013,1,0,1,0,0,-52,-1710855,-3910244,0,-3734293,0,0,0,0,-1710855,119103,2199389,175951,0,-52,-1710855,-3910244,0,-3734293,0,0,0,0,-1710855,119103,2199389,175951,0
329,0.3289,0.32890001,0.32890003,0.328901,0.328901,16445001,16445002,3727688,3618745,1,0,1,0,0,-53,-1722521,-3734293,0,-3573351,0,0,0,0,-1722521,108943,2011772,160942,0,-53,-1722521,-3734293,0,-3573351,0,0,0,0,-1722521,108943,2011772,160942,0
330,0.3299,0.32990001,0.32990003,0.329901,0.329901,16495001,16495002,3675259,3578029,1,0,1,0,0,-54,-1777875,-3573351,0,-3429713,0,0,0,0,-1777875,97230,1795476,143638,0,-54,-1777875,-3573351,0,-3429713,0,0,0,0,-1777875,97230,1795476,143638,0
331,0.3309,0.33090001,0.33090003,0.330901,0.330901,16545001,16545002,3622830,3539258,1,0,1,0,0,-58,-1886449,-3429713,0,-3306252,0,0,0,0,-1886449,83572,1543264,123461,0,-58,-1886449,-3429713,0,-3306252,0,0,0,0,-1886449,83572,1543264,123461,0
332,0.3319,0.33190001,0.33190003,0.331901,0.331901,16595001,16595002,3570401,3490336,1,0,1,0,0,-56,-1827749,-3306252,0,-3187972,0,0,0,0,-1827749,80065,1478503,118280,0,-56,-1827749,-3306252,0,-3187972,0,0,0,0,-1827749,80065,1478503,118280,0
333,0.3329,0.33290001,0.33290003,0.332901,0.332901,16645001,16645002,3517972,3442787,1,0,1,0,0,-55,-1799585,-3187972,0,-3076901,0,0,0,0,-1799585,75185,1388387,111071,0,-55,-1799585,-3187972,0,-3076901,0,0,0,0,-1799585,75185,1388387,111071,0
334,0.3339,0.33390001,0.33390003,0.333901,0.333901,16695001,16695002,3465544,3400817,1,0,1,0,0,-57,-1881634,-3076901,0,-2981280,0,0,0,0,-1881634,64727,1195267,95621,0,-57,-1881634,-3076901,0,-2981280,0,0,0,0,-1881634,64727,1195267,95621,0
335,0.3349,0.33490001,0.33490003,0.334901,0.334901,16745001,16745002,3413115,3364889,1,0,1,0,0,-64,-2090725,-2981280,0,-2910036,0,0,0,0,-2090725,48226,890555,71244,0,-64,-2090725,-2981280,0,-2910036,0,0,0,0,-2090725,48226,890555,71244,0
336,0.3359,0.33590001,0.33590003,0.335901,0.335901,16795001,16795002,3360686,3334451,1,0,1,0,0,-74,-2425573,-2910036,0,-2871279,0,0,0,0,-2425573,26235,484463,38757,0,-74,-2425573,-2910036,0,-2871279,0,0,0,0,-2425573,26235,484463,38757,0
337,0.3369,0.33690001,0.33690003,0.336901,0.336901,16845001,16845002,3308257,3283157,1,0,1,0,0,-73,-2407775,-2871279,0,-2834199,0,0,0,0,-2407775,25100,463504,37080,0,-73,-2407775,-2871279,0,-2834199,0,0,0,0,-2407775,25100,463504,37080,0
338,0.3379,0.33790001,0.33790003,0.337901,0.337901,16895001,16895002,3255828,3227065,1,0,1,0,0,-70,-2303053,-2834199,0,-2791707,0,0,0,0,-2303053,28763,531146,42492,0,-70,-2303053,-2834199,0,-2791707,0,0,0,0,-2303053,28763,531146,42492,0
339,0.3389,0.33890001,0.33890003,0.338901,0.338901,16945001,16945002,3203400,3171784,1,0,1,0,0,-67,-2207877,-2791707,0,-2745001,0,0,0,0,-2207877,31616,583830,46706,0,-67,-2207877,-2791707,0,-2745001,0,0,0,0,-2207877,31616,583830,46706,0
340,0.3399,0.33990001,0.33990003,0.339901,0.339901,16995001,16995002,3150971,3120624,1,0,1,0,0,-67,-2184605,-2745001,0,-2700169,0,0,0,0,-2184605,30347,560396,44832,0,-67,-2184605,-2745001,0,-2700169,0,0,0,0,-2184605,30347,560396,44832,0
341,0.3409,0.34090001,0.34090003,0.340901,0.340901,17045001,17045002,3098542,3068640,1,0,1,0,0,-66,-2147990,-2700169,0,-2655995,0,0,0,0,-2147990,29902,552179,44174,0,-66,-2147990,-2700169,0,-2655995,0,0,0,0,-2147990,29902,552179,44174,0
342,0.3419,0.34190001,0.34190003,0.341901,0.341901,17095001,17095002,3046113,3012449,1,0,1,0,0,-62,-2034346,-2655995,0,-2606263,0,0,0,0,-2034346,33664,621649,49732,0,-62,-2034346,-2655995,0,-2606263,0,0,0,0,-2034346,33664,621649,49732,0
343,0.3429,0.34290001,0.34290003,0.342901,0.342901,17145001,17145002,2993684,2963212,1,0,1,0,0,-62,-2043559,-2606263,0,-2561247,0,0,0,0,-2043559,30472,562704,45016,0,-62,-2043559,-2606263,0,-2561247,0,0,0,0,-2043559,30472,562704,45016,0
344,0.3439,0.34390001,0.34390003,0.343901,0.343901,17195001,17195002,2941256,2914852,1,0,1,0,0,-63,-2073663,-2561247,0,-2522240,0,0,0,0,-2073663,26404,487584,39007,0,-63,-2073663,-2561247,0,-2522240,0,0,0,0,-2073663,26404,487584,39007,0
345,0.3449,0.34490001,0.34490003,0.344901,0.344901,17245001,17245002,2888827,2863340,1,0,1,0,0,-63,-2051590,-2522240,0,-2484588,0,0,0,0,-2051590,25487,470650,37652,0,-63,-2051590,-2522240,0,-2484588,0,0,0,0,-2051590,25487,470650,37652,0
346,0.3459,0.34590001,0.34590003,0.345901,0.345901,17295001,17295002,2836398,2814341,1,0,1,0,0,-63,-2077277,-2484588,0,-2452003,0,0,0,0,-2077277,22057,407311,32585,0,-63,-2077277,-2484588,0,-2452003,0,0,0,0,-2077277,22057,407311,32585,0
347,0.3469,0.34690001,0.34690003,0.346901,0.346901,17345001,17345002,2783969,2766776,1,0,1,0,0,-65,-2134512,-2452003,0,-2426604,0,0,0,0,-2134512,17193,317491,25399,0,-65,-2134512,-2452003,0,-2426604,0,0,0,0,-2134512,17193,317491,25399,0
348,0.3479,0.34790001,0.34790003,0.347901,0.347901,17395001,17395002,2731540,2719646,1,0,1,0,0,-67,-2206966,-2426604,0,-2409033,0,0,0,0,-2206966,11894,219638,17571,0,-67,-2206966,-2426604,0,-2409033,0,0,0,0,-2206966,11894,219638,17571,0
349,0.3489,0.34890001,0.34890003,0.348901,0.348901,17445001,17445002,2679112,2666926,1,0,1,0,0,-67,-2184003,-2409033,0,-2391031,0,0,0,0,-2184003,12186,225030,18002,0,-67,-2184003,-2409033,0,-2391031,0,0,0,0,-2184003,12186,225030,18002,0
350,0.3499,0.34990001,0.34990003,0.349901,0.349901,17495001,17495002,2626683,2612069,1,0,1,0,0,-65,-2121165,-2391031,0,-2369442,0,0,0,0,-2121165,14614,269866,21589,0,-65,-2121165,-2391031,0,-2369442,0,0,0,0,-2121165,14614,269866,21589,0
351,0.3509,0.35090001,0.35090003,0.350901,0.350901,17545001,17545002,2574254,2562249,1,0,1,0,0,-66,-2147754,-2369442,0,-2351707,0,0,0,0,-2147754,12005,221688,17735,0,-66,-2147754,-2369442,0,-2351707,0,0,0,0,-2147754,12005,221688,17735,0
352,0.3519,0.35190001,0.35190003,0.351901,0.351901,17595001,17595002,2521825,2512461,1,0,1,0,0,-66,-2178789,-2351707,0,-2337874,0,0,0,0,-2178789,9364,172918,13833,0,-66,-2178789,-2351707,0,-2337874,0,0,0,0,-2178789,9364,172918,13833,0
353,0.3529,0.35290001,0.35290003,0.352901,0.352901,17645001,17645002,2469396,2460385,1,0,1,0,0,-66,-2171474,-2337874,0,-2324562,0,0,0,0,-2171474,9011,166400,13312,0,-66,-2171474,-2337874,0,-2324562,0,0,0,0,-2171474,9011,166400,13312,0
354,0.3539,0.35390001,0.35390003,0.353901,0.353901,17695001,17695002,2416968,2407596,1,0,1,0,0,-66,-2151496,-2324562,0,-2310717,0,0,0,0,-2151496,9372,173066,13845,0,-66,-2151496,-2324562,0,-2310717,0,0,0,0,-2151496,9372,173066,13845,0
355,0.3549,0.35490001,0.35490003,0.354901,0.354901,17745001,17745002,2364539,2356291,1,0,1,0,0,-66,-2158407,-2310717,0,-2298532,0,0,0,0,-2158407,8248,152310,12185,0,-66,-2158407,-2310717,0,-2298532,0,0,0,0,-2158407,8248,152310,12185,0
356,0.3559,0.35590001,0.35590003,0.355901,0.355901,17795001,17795002,2312110,2301076,1,0,1,0,0,-64,-2094775,-2298532,0,-2282231,0,0,0,0,-2094775,11034,203757,16301,0,-64,-2094775,-2298532,0,-2282231,0,0,0,0,-2094775,11034,203757,16301,0
357,0.3569,0.35690001,0.35690003,0.356901,0.356901,17845001,17845002,2259681,2251050,1,0,1,0,0,-65,-2122849,-2282231,0,-2269480,0,0,0,0,-2122849,8631,159382,12751,0,-65,-2122849,-2282231,0,-2269480,0,0,0,0,-2122849,8631,159382,12751,0
358,0.3579,0.35790001,0.35790003,0.357901,0.357901,17895001,17895002,2207252,2201299,1,0,1,0,0,-66,-2159550,-2269480,0,-2260686,0,0,0,0,-2159550,5953,109930,8794,0,-66,-2159550,-2269480,0,-2260686,0,0,0,0,-2159550,5953,109930,8794,0
359,0.3589,0.35890001,0.35890003,0.358901,0.358901,17945001,17945002,2154824,2150384,1,0,1,0,0,-66,-2178696,-2260686,0,-2254127,0,0,0,0,-2178696,4440,81990,6559,0,-66,-2178696,-2260686,0,-2254127,0,0,0,0,-2178696,4440,81990,6559,0
360,0.3599,0.35990001,0.35990003,0.359901,0.359901,17995001,17995002,2102395,2099975,1,0,1,0,0,-67,-2209439,-2254127,0,-2250552,0,0,0,0,-2209439,2420,44688,3575,0,-67,-2209439,-2254127,0,-2250552,0,0,0,0,-2209439,2420,44688,3575,0
361,0.3609,0.36090001,0.36090003,0.360901,0.360901,18045001,18045002,2049966,2048299,1,0,1,0,0,-68,-2219769,-2250552,0,-2248089,0,0,0,0,-2219769,1667,30783,2463,0,-68,-2219769,-2250552,0,-2248089,0,0,0,0,-2219769,1667,30783,2463,0
362,0.3619,0.36190001,0.36190003,0.361901,0.361901,18095001,18095002,1997537,1993055,1,0,1,0,0,-66,-2165323,-2248089,0,-2241468,0,0,0,0,-2165323,4482,82766,6621,0,-66,-2165323,-2248089,0,-2241468,0,0,0,0,-2165323,4482,82766,6621,0
363,0.3629,0.36290001,0.36290003,0.362901,0.362901,18145001,18145002,1945108,1943266,1,0,1,0,0,-67,-2207453,-2241468,0,-2238747,0,0,0,0,-2207453,1842,34015,2721,0,-67,-2207453,-2241468,0,-2238747,0,0,0,0,-2207453,1842,34015,2721,0
364,0.3639,0.36390001,0.36390003,0.363901,0.363901,18195001,18195002,1892680,1899981,1,0,1,0,0,-72,-2373569,-2238747,0,-2249533,0,0,0,0,-2373569,-7301,-134822,-10786,0,-72,-2373569,-2238747,0,-2249533,0,0,0,0,-2373569,-7301,-134822,-10786,0
365,0.3649,0.36490001,0.36490003,0.364901,0.364901,18245001,18245002,1840251,1854534,1,0,1,0,0,-77,-2513287,-2249533,0,-2270633,0,0,0,0,-2513287,-14283,-263754,-21100,0,-77,-2513287,-2249533,0,-2270633,0,0,0,0,-2513287,-14283,-263754,-21100,0
366,0.3659,0.36590001,0.36590003,0.365901,0.365901,18295001,18295002,1787822,1799804,1,0,1,0,0,-76,-2491896,-2270633,0,-2288334,0,0,0,0,-2491896,-11982,-221263,-17701,0,-76,-2491896,-2270633,0,-2288334,0,0,0,0,-2491896,-11982,-221263,-17701,0
367,0.3669,0.36690001,0.36690003,0.366901,0.366901,18345001,18345002,1735393,1744951,1,0,1,0,0,-75,-2464835,-2288334,0,-2302454,0,0,0,0,-2464835,-9558,-176501,-14120,0,-75,-2464835,-2288334,0,-2302454,0,0,0,0,-2464835,-9558,-176501,-14120,0
368,0.3679,0.36790001,0.36790003,0.367901,0.367901,18395001,18395002,1682964,1684164,1,0,1,0,0,-71,-2324614,-2302454,0,-2304227,0,0,0,0,-2324614,-1200,-22160,-1773,0,-71,-2324614,-2302454,0,-2304227,0,0,0,0,-2324614,-1200,-22160,-1773,0
369,0.3689,0.36890001,0.36890003,0.368901,0.368901,18445001,18445002,1630536,1629607,1,0,1,0,0,-70,-2287072,-2304227,0,-2302855,0,0,0,0,-2287072,929,17155,1372,0,-70,-2287072,-2304227,0,-2302855,0,0,0,0,-2287072,929,17155,1372,0
370,0.3699,0.36990001,0.36990003,0.369901,0.369901,18495001,18495002,1578107,1574865,1,0,1,0,0,-68,-2242987,-2302855,0,-2298066,0,0,0,0,-2242987,3242,59868,4789,0,-68,-2242987,-2302855,0,-2298066,0,0,0,0,-2242987,3242,59868,4789,0
371,0.3709,0.37090001,0.37090003,0.370901,0.370901,18545001,18545002,1525678,1522892,1,0,1,0,0,-69,-2246619,-2298066,0,-2293950,0,0,0,0,-2246619,2786,51447,4116,0,-69,-2246619,-2298066,0,-2293950,0,0,0,0,-2246619,2786,51447,4116,0
372,0.3719,0.37190001,0.37190003,0.371901,0.371901,18595001,18595002,1473249,1464994,1,0,1,0,0,-65,-2141511,-2293950,0,-2281755,0,0,0,0,-2141511,8255,152439,12195,0,-65,-2141511,-2293950,0,-2281755,0,0,0,0,-2141511,8255,152439,12195,0
373,0.3729,0.37290001,0.37290003,0.372901,0.372901,18645001,18645002,1420820,1412439,1,0,1,0,0,-65,-2126989,-2281755,0,-2269374,0,0,0,0,-2126989,8381,154766,12381,0,-65,-2126989,-2281755,0,-2269374,0,0,0,0,-2126989,8381,154766,12381,0
374,0.3739,0.37390001,0.37390003,0.373901,0.373901,18695001,18695002,1368392,1365227,1,0,1,0,0,-67,-2210928,-2269374,0,-2264698,0,0,0,0,-2210928,3165,58446,4676,0,-67,-2210928,-2269374,0,-2264698,0,0,0,0,-2210928,3165,58446,4676,0
375,0.3749,0.37490001,0.37490003,0.374901,0.374901,18745001,18745002,1315963,1308702,1,0,1,0,0,-65,-2130614,-2264698,0,-2253971,0,0,0,0,-2130614,7261,134084,10727,0,-65,-2130614,-2264698,0,-2253971,0,0,0,0,-2130614,7261,134084,10727,0
376,0.3759,0.37590001,0.37590003,0.375901,0.375901,18795001,18795002,1263534,1255602,1,0,1,0,0,-64,-2107496,-2253971,0,-2242253,0,0,0,0,-2107496,7932,146475,11718,0,-64,-2107496,-2253971,0,-2242253,0,0,0,0,-2107496,7932,146475,11718,0
377,0.3769,0.37690001,0.37690003,0.376901,0.376901,18845001,18845002,1211105,1208559,1,0,1,0,0,-67,-2195238,-2242253,0,-2238492,0,0,0,0,-2195238,2546,47015,3761,0,-67,-2195238,-2242253,0,-2238492,0,0,0,0,-2195238,2546,47015,3761,0
378,0.3779,0.37790001,0.37790003,0.377901,0.377901,18895001,18895002,1158676,1156003,1,0,1,0,0,-67,-2189132,-2238492,0,-2234543,0,0,0,0,-2189132,2673,49360,3949,0,-67,-2189132,-2238492,0,-2234543,0,0,0,0,-2189132,2673,49360,3949,0
379,0.3789,0.37890001,0.37890003,0.378901,0.378901,18945001,18945002,1106248,1100802,1,0,1,0,0,-65,-2133976,-2234543,0,-2226498,0,0,0,0,-2133976,5446,100567,8045,0,-65,-2133976,-2234543,0,-2226498,0,0,0,0,-2133976,5446,100567,8045,0
380,0.3799,0.37990001,0.37990003,0.379901,0.379901,18995001,18995002,1053819,1054814,1,0,1,0,0,-69,-2244872,-2226498,0,-2227968,0,0,0,0,-2244872,-995,-18374,-1470,0,-69,-2244872,-2226498,0,-2227968,0,0,0,0,-2244872,-995,-18374,-1470,0
381,0.3809,0.38090001,0.38090003,0.380901,0.380901,19045001,19045002,1001390,1000155,1,0,1,0,0,-67,-2205162,-2227968,0,-2226144,0,0,0,0,-2205162,1235,22806,1824,0,-67,-2205162,-2227968,0,-2226144,0,0,0,0,-2205162,1235,22806,1824,0
382,0.3819,0.38190001,0.38190003,0.381901,0.381901,19095001,19095002,948961,945450,1,0,1,0,0,-66,-2161309,-2226144,0,-2220957,0,0,0,0,-2161309,3511,64835,5187,0,-66,-2161309,-2226144,0,-2220957,0,0,0,0,-2161309,3511,64835,5187,0
383,0.3829,0.38290001,0.38290003,0.382901,0.382901,19145001,19145002,896532,898452,1,0,1,0,0,-69,-2256412,-2220957,0,-2223793,0,0,0,0,-2256412,-1920,-35455,-2836,0,-69,-2256412,-2220957,0,-2223793,0,0,0,0,-2256412,-1920,-35455,-2836,0
384,0.3839,0.38390001,0.38390003,0.383901,0.383901,19195001,19195002,844104,841338,1,0,1,0,0,-66,-2172715,-2223793,0,-2219707,0,0,0,0,-2172715,2766,51078,4086,0,-66,-2172715,-2223793,0,-2219707,0,0,0,0,-2172715,2766,51078,4086,0
385,0.3849,0.38490001,0.38490003,0.384901,0.384901,19245001,19245002,791675,793023,1,0,1,0,0,-68,-2244600,-2219707,0,-2221698,0,0,0,0,-2244600,-1348,-24893,-1991,0,-68,-2244600,-2219707,0,-2221698,0,0,0,0,-2244600,-1348,-24893,-1991,0
386,0.3859,0.38590001,0.38590003,0.385901,0.385901,19295001,19295002,739246,735928,1,0,1,0,0,-66,-2160427,-2221698,0,-2216796,0,0,0,0,-2160427,3318,61271,4902,0,-66,-2160427,-2221698,0,-2216796,0,0,0,0,-2160427,3318,61271,4902,0
387,0.3869,0.38690001,0.38690003,0.386901,0.386901,19345001,19345002,686817,681611,1,0,1,0,0,-65,-2120661,-2216796,0,-2209105,0,0,0,0,-2120661,5206,96135,7691,0,-65,-2120661,-2216796,0,-2209105,0,0,0,0,-2120661,5206,96135,7691,0
388,0.3879,0.38790001,0.38790003,0.387901,0.387901,19395001,19395002,634388,631634,1,0,1,0,0,-66,-2158249,-2209105,0,-2205037,0,0,0,0,-2158249,2754,50856,4068,0,-66,-2158249,-2209105,0,-2205037,0,0,0,0,-2158249,2754,50856,4068,0
389,0.3889,0.38890001,0.38890003,0.388901,0.388901,19445001,19445002,581960,581565,1,0,1,0,0,-67,-2197743,-2205037,0,-2204453,0,0,0,0,-2197743,395,7294,584,0,-67,-2197743,-2205037,0,-2204453,0,0,0,0,-2197743,395,7294,584,0
390,0.3899,0.38990001,0.38990003,0.389901,0.389901,19495001,19495002,529531,526546,1,0,1,0,0,-66,-2149331,-2204453,0,-2200043,0,0,0,0,-2149331,2985,55122,4410,0,-66,-2149331,-2204453,0,-2200043,0,0,0,0,-2149331,2985,55122,4410,0
391,0.3909,0.39090001,0.39090003,0.390901,0.390901,19545001,19545002,477102,475316,1,0,1,0,0,-66,-2167062,-2200043,0,-2197405,0,0,0,0,-2167062,1786,32981,2638,0,-66,-2167062,-2200043,0,-2197405,0,0,0,0,-2167062,1786,32981,2638,0
392,0.3919,0.39190001,0.39190003,0.391901,0.391901,19595001,19595002,424673,426103,1,0,1,0,0,-68,-2223812,-2197405,0,-2199518,0,0,0,0,-2223812,-1430,-26407,-2113,0,-68,-2223812,-2197405,0,-2199518,0,0,0,0,-2223812,-1430,-26407,-2113,0
393,0.3929,0.39290001,0.39290003,0.392901,0.392901,19645001,19645002,372244,366679,1,0,1,0,0,-64,-2096753,-2199518,0,-2191297,0,0,0,0,-2096753,5565,102765,8221,0,-64,-2096753,-2199518,0,-2191297,0,0,0,0,-2096753,5565,102765,8221,0
394,0.3939,0.39390001,0.39390003,0.393901,0.393901,19695001,19695002,319816,325984,1,0,1,0,0,-70,-2305197,-2191297,0,-2200409,0,0,0,0,-2305197,-6168,-113900,-9112,0,-70,-2305197,-2191297,0,-2200409,0,0,0,0,-2305197,-6168,-113900,-9112,0
395,0.3949,0.39490001,0.39490003,0.394901,0.394901,19745001,19745002,267387,282170,1,0,1,0,0,-75,-2473396,-2200409,0,-2222248,0,0,0,0,-2473396,-14783,-272987,-21839,0,-75,-2473396,-2200409,0,-2222248,0,0,0,0,-2473396,-14783,-272987,-21839,0
396,0.3959,0.39590001,0.39590003,0.395901,0.395901,19795001,19795002,214958,235528,1,0,1,0,0,-79,-2602099,-2222248,0,-2252636,0,0,0,0,-2602099,-20570,-379851,-30388,0,-79,-2602099,-2222248,0,-2252636,0,0,0,0,-2602099,-20570,-379851,-30388,0
397,0.3969,0.39690001,0.39690003,0.396901,0.396901,19845001,19845002,162529,175661,1,0,1,0,0,-76,-2495135,-2252636,0,-2272036,0,0,0,0,-2495135,-13132,-242499,-19400,0,-76,-2495135,-2252636,0,-2272036,0,0,0,0,-2495135,-13132,-242499,-19400,0
398,0.3979,0.39790001,0.39790003,0.397901,0.397901,19895001,19895002,110100,117078,1,0,1,0,0,-73,-2400894,-2272036,0,-2282345,0,0,0,0,-2400894,-6978,-128858,-10309,0,-73,-2400894,-2272036,0,-2282345,0,0,0,0,-2400894,-6978,-128858,-10309,0
399,0.3989,0.39890001,0.39890003,0.398901,0.398901,19945001,19945002,57672,58854,1,0,1,0,0,-70,-2304172,-2282345,0,-2284091,0,0,0,0,-2304172,-1182,-21827,-1746,0,-70,-2304172,-2282345,0,-2284091,0,0,0,0,-2304172,-1182,-21827,-1746,0
400,0.3999,0.39990001,0.39990003,0.399901,0.399901,19995001,19995002,5243,4883,1,0,1,0,0,-70,-2277443,-2284091,0,-2283559,0,0,0,0,-2277443,360,6648,532,0,-70,-2277443,-2284091,0,-2283559,0,0,0,0,-2277443,360,6648,532,0
401,0.4009,0.40090001,0.40090003,0.400901,0.400901,20045001,20045002,0,-52121,1,0,1,0,0,-40,-1321078,-2283559,0,-2206561,0,0,0,0,-1321078,52121,962481,76998,0,-40,-1321078,-2283559,0,-2206561,0,0,0,0,-1321078,52121,962481,76998,0
402,0.4019,0.40190001,0.40190003,0.401901,0.401901,20095001,20095002,0,-88816,1,0,1,0,0,-17,-566460,-2206561,0,-2075353,0,0,0,0,-566460,88816,1640101,131208,0,-17,-566460,-2206561,0,-2075353,0,0,0,0,-566460,88816,1640101,131208,0
403,0.4029,0.40290001,0.40290003,0.402901,0.402901,20145001,20145002,0,-106533,1,0,1,0,0,-3,-108085,-2075353,0,-1917972,0,0,0,0,-108085,106533,1967268,157381,0,-3,-108085,-2075353,0,-1917972,0,0,0,0,-108085,106533,1967268,157381,0
404,0.4039,0.40390001,0.40390003,0.403901,0.403901,20195001,20195002,0,-117199,1,0,1,0,0,8,246257,-1917972,0,-1744834,0,0,0,0,246257,117199,2164229,173138,0,8,246257,-1917972,0,-1744834,0,0,0,0,246257,117199,2164229,173138,0
405,0.4049,0.40490001,0.40490003,0.404901,0.404901,20245001,20245002,0,-124956,1,0,1,0,0,17,562638,-1744834,0,-1560236,0,0,0,0,562638,124956,2307472,184598,0,17,562638,-1744834,0,-1560236,0,0,0,0,562638,124956,2307472,184598,0
406,0.4059,0.40590001,0.40590003,0.405901,0.405901,20295001,20295002,0,-132246,1,0,1,0,0,27,881855,-1560236,0,-1364869,0,0,0,0,881855,132246,2442091,195367,0,27,881855,-1560236,0,-1364869,0,0,0,0,881855,132246,2442091,195367,0
407,0.4069,0.40690001,0.40690003,0.406901,0.406901,20345001,20345002,0,-139172,1,0,1,0,0,37,1205120,-1364869,0,-1159270,0,0,0,0,1205120,139172,2569989,205599,0,37,1205120,-1364869,0,-1159270,0,0,0,0,1205120,139172,2569989,205599,0
408,0.4079,0.40790001,0.40790003,0.407901,0.407901,20395001,20395002,0,-145629,1,0,1,0,0,47,1529956,-1159270,0,-944132,0,0,0,0,1529956,145629,2689226,215138,0,47,1529956,-1159270,0,-944132,0,0,0,0,1529956,145629,2689226,215138,0
409,0.4089,0.40890001,0.40890003,0.408901,0.408901,20445001,20445002,0,-151489,1,0,1,0,0,57,1853306,-944132,0,-720337,0,0,0,0,1853306,151489,2797438,223795,0,57,1853306,-944132,0,-720337,0,0,0,0,1853306,151489,2797438,223795,0
410,0.4099,0.40990001,0.40990003,0.409901,0.409901,20495001,20495002,0,-156845,1,0,1,0,0,66,2176006,-720337,0,-488629,0,0,0,0,2176006,156845,2896343,231708,0,66,2176006,-720337,0,-488629,0,0,0,0,2176006,156845,2896343,231708,0
411,0.4109,0.41090001,0.41090003,0.410901,0.410901,20545001,20545002,0,-161637,1,0,1,0,0,76,2496205,-488629,0,-249842,0,0,0,0,2496205,161637,2984834,238787,0,76,2496205,-488629,0,-249842,0,0,0,0,2496205,161637,2984834,238787,0
412,0.4119,0.41190001,0.41190003,0.411901,0.411901,20595001,20595002,0,-166084,1,0,1,0,0,86,2817111,-249842,0,-4486,0,0,0,0,2817111,166084,3066953,245356,0,86,2817111,-249842,0,-4486,0,0,0,0,2817111,166084,3066953,245356,0
413,0.4129,0.41290001,0.41290003,0.412901,0.412901,20645001,20645002,0,-170270,1,0,1,0,0,96,3139767,-4486,0,247054,0,0,0,0,3139767,170270,3144253,251540,0,96,3139767,-4486,0,247054,0,0,0,0,3139767,170270,3144253,251540,0
414,0.4139,0.41390001,0.41390003,0.413901,0.413901,20695001,20695002,0,-174139,1,0,1,0,0,106,3462753,247054,0,504310,0,0,0,0,3462753,174139,3215699,257256,0,106,3462753,247054,0,504310,0,0,0,0,3462753,174139,3215699,257256,0
415,0.4149,0.41490001,0.41490003,0.414901,0.414901,20745001,20745002,0,-177545,1,0,1,0,0,115,3782905,504310,0,766598,0,0,0,0,3782905,177545,3278595,262288,0,115,3782905,504310,0,766598,0,0,0,0,3782905,177545,3278595,262288,0
416,0.4159,0.41590001,0.41590003,0.415901,0.415901,20795001,20795002,0,-180533,1,0,1,0,0,125,4100371,766598,0,1033300,0,0,0,0,4100371,180533,3333773,266702,0,125,4100371,766598,0,1033300,0,0,0,0,4100371,180533,3333773,266702,0
417,0.4169,0.41690001,0.41690003,0.416901,0.416901,20845001,20845002,0,-183007,1,0,1,0,0,135,4412758,1033300,0,1303657,0,0,0,0,4412758,183007,3379458,270357,0,135,4412758,1033300,0,1303657,0,0,0,0,4412758,183007,3379458,270357,0
418,0.4179,0.41790001,0.41790003,0.417901,0.417901,20895001,20895002,0,-184896,1,0,1,0,0,144,4717998,1303657,0,1576804,0,0,0,0,4717998,184896,3414341,273147,0,144,4717998,1303657,0,1576804,0,0,0,0,4717998,184896,3414341,273147,0
419,0.4189,0.41890001,0.41890003,0.418901,0.418901,20945001,20945002,0,-186418,1,0,1,0,0,153,5019251,1576804,0,1852200,0,0,0,0,5019251,186418,3442447,275396,0,153,5019251,1576804,0,1852200,0,0,0,0,5019251,186418,3442447,275396,0
420,0.4199,0.41990001,0.41990003,0.419901,0.419901,20995001,20995002,0,-187287,1,0,1,0,0,162,5310694,1852200,0,2128880,0,0,0,0,5310694,187287,3458494,276680,0,162,5310694,1852200,0,2128880,0,0,0,0,5310694,187287,3458494,276680,0
421,0.4209,0.42090001,0.42090003,0.420901,0.420901,21045001,21045002,0,-187483,1,0,1,0,0,171,5590993,2128880,0,2405849,0,0,0,0,5590993,187483,3462113,276969,0,171,5590993,2128880,0,2405849,0,0,0,0,5590993,187483,3462113,276969,0
422,0.4219,0.42190001,0.42190003,0.421901,0.421901,21095001,21095002,0,-186817,1,0,1,0,0,179,5855664,2405849,0,2681834,0,0,0,0,5855664,186817,3449815,275985,0,179,5855664,2405849,0,2681834,0,0,0,0,5855664,186817,3449815,275985,0
423,0.4229,0.42290001,0.42290003,0.422901,0.422901,21145001,21145002,0,-185487,1,0,1,0,0,186,6107089,2681834,0,2955854,0,0,0,0,6107089,185487,3425255,274020,0,186,6107089,2681834,0,2955854,0,0,0,0,6107089,185487,3425255,274020,0
424,0.4239,0.42390001,0.42390003,0.423901,0.423901,21195001,21195002,0,-183779,1,0,1,0,0,194,6349568,2955854,0,3227351,0,0,0,0,6349568,183779,3393714,271497,0,194,6349568,2955854,0,3227351,0,0,0,0,6349568,183779,3393714,271497,0
425,0.4249,0.42490001,0.42490003,0.424901,0.424901,21245001,21245002,0,-181211,1,0,1,0,0,201,6573644,3227351,0,3495054,0,0,0,0,6573644,181211,3346293,267703,0,201,6573644,3227351,0,3495054,0,0,0,0,6573644,181211,3346293,267703,0
426,0.4259,0.42590001,0.42590003,0.425901,0.425901,21295001,21295002,0,-177839,1,0,1,0,0,207,6779078,3495054,0,3757776,0,0,0,0,6779078,177839,3284024,262722,0,207,6779078,3495054,0,3757776,0,0,0,0,6779078,177839,3284024,262722,0
427,0.4269,0.42690001,0.42690003,0.426901,0.426901,21345001,21345002,0,-173549,1,0,1,0,0,212,6962580,3757776,0,4014160,0,0,0,0,6962580,173549,3204804,256384,0,212,6962580,3757776,0,4014160,0,0,0,0,6962580,173549,3204804,256384,0
428,0.4279,0.42790001,0.42790003,0.427901,0.427901,21395001,21395002,0,-168589,1,0,1,0,0,218,7127371,4014160,0,4263217,0,0,0,0,7127371,168589,3113211,249057,0,218,7127371,4014160,0,4263217,0,0,0,0,7127371,168589,3113211,249057,0
429,0.4289,0.42890001,0.42890003,0.428901,0.428901,21445001,21445002,0,-155124,1,0,1,0,0,218,7127780,4263217,0,4492382,0,0,0,0,7127780,155124,2864563,229165,0,218,7127780,4263217,0,4492382,0,0,0,0,7127780,155124,2864563,229165,0
430,0.4299,0.42990001,0.42990003,0.429901,0.429901,21495001,21495002,0,-41047,1,0,1,0,0,160,5250367,4492382,0,4553021,0,0,0,0,5250367,41047,757985,60639,0,160,5250367,4492382,0,4553021,0,0,0,0,5250367,41047,757985,60639,0
431,0.4309,0.43090001,0.43090003,0.430901,0.430901,21545001,21545002,0,77063,1,0,1,0,0,96,3129954,4553021,0,4439176,0,0,0,0,3129954,-77063,-1423067,-113845,0,96,3129954,4553021,0,4439176,0,0,0,0,3129954,-77063,-1423067,-113845,0
432,0.4319,0.43190001,0.43190003,0.431901,0.431901,21595001,21595002,0,163003,1,0,1,0,0,44,1429117,4439176,0,4198371,0,0,0,0,1429117,-163003,-3010059,-240805,0,44,1429117,4439176,0,4198371,0,0,0,0,1429117,-163003,-3010059,-240805,0
433,0.4329,0.43290001,0.43290003,0.432901,0.432901,21645001,21645002,0,210940,1,0,1,0,0,9,303094,4198371,0,3886749,0,0,0,0,303094,-210940,-3895277,-311622,0,9,303094,4198371,0,3886749,0,0,0,0,303094,-210940,-3895277,-311622,0
434,0.4339,0.43390001,0.43390003,0.433901,0.433901,21695001,21695002,0,223898,1,0,1,0,0,-8,-247814,3886749,0,3555984,0,0,0,0,-247814,-223898,-4134563,-330765,0,-8,-247814,3886749,0,3555984,0,0,0,0,-247814,-223898,-4134563,-330765,0
435,0.4349,0.43490001,0.43490003,0.434901,0.434901,21745001,21745002,0,229856,1,0,1,0,0,-21,-688601,3555984,0,3216417,0,0,0,0,-688601,-229856,-4244585,-339567,0,-21,-688601,3555984,0,3216417,0,0,0,0,-688601,-229856,-4244585,-339567,0
436,0.4359,0.43590001,0.43590003,0.435901,0.435901,21795001,21795002,0,235551,1,0,1,0,0,-35,-1133333,3216417,0,2868437,0,0,0,0,-1133333,-235551,-4349750,-347980,0,-35,-1133333,3216417,0,2868437,0,0,0,0,-1133333,-235551,-4349750,-347980,0
437,0.4369,0.43690001,0.43690003,0.436901,0.436901,21845001,21845002,0,241075,1,0,1,0,0,-48,-1583321,2868437,0,2512296,0,0,0,0,-1583321,-241075,-4451758,-356141,0,-48,-1583321,2868437,0,2512296,0,0,0,0,-1583321,-241075,-4451758,-356141,0
438,0.4379,0.43790001,0.43790003,0.437901,0.437901,21895001,21895002,0,246365,1,0,1,0,0,-62,-2037149,2512296,0,2148340,0,0,0,0,-2037149,-246365,-4549445,-363956,0,-62,-2037149,2512296,0,2148340,0,0,0,0,-2037149,-246365,-4549445,-363956,0
439,0.4389,0.43890001,0.43890003,0.438901,0.438901,21945001,21945002,0,251529,1,0,1,0,0,-76,-2496464,2148340,0,1776756,0,0,0,0,-2496464,-251529,-4644804,-371584,0,-76,-2496464,2148340,0,1776756,0,0,0,0,-2496464,-251529,-4644804,-371584,0
440,0.4399,0.43990001,0.43990003,0.439901,0.439901,21995001,21995002,0,256376,1,0,1,0,0,-90,-2957555,1776756,0,1398011,0,0,0,0,-2957555,-256376,-4734311,-378745,0,-90,-2957555,1776756,0,1398011,0,0,0,0,-2957555,-256376,-4734311,-378745,0
441,0.4409,0.44090001,0.44090003,0.440901,0.440901,22045001,22045002,0,261022,1,0,1,0,0,-104,-3422094,1398011,0,1012403,0,0,0,0,-3422094,-261022,-4820105,-385608,0,-104,-3422094,1398011,0,1012403,0,0,0,0,-3422094,-261022,-4820105,-385608,0
442,0.4419,0.44190001,0.44190003,0.441901,0.441901,22095001,22095002,0,265197,1,0,1,0,0,-119,-3884799,1012403,0,620627,0,0,0,0,-3884799,-265197,-4897202,-391776,0,-119,-3884799,1012403,0,620627,0,0,0,0,-3884799,-265197,-4897202,-391776,0
443,0.4429,0.44290001,0.44290003,0.442901,0.442901,22145001,22145002,0,268743,1,0,1,0,0,-133,-4342056,620627,0,223612,0,0,0,0,-4342056,-268743,-4962683,-397015,0,-133,-4342056,620627,0,223612,0,0,0,0,-4342056,-268743,-4962683,-397015,0
444,0.4439,0.44390001,0.44390003,0.443901,0.443901,22195001,22195002,0,271696,1,0,1,0,0,-146,-4793602,223612,0,-177765,0,0,0,0,-4793602,-271696,-5017214,-401377,0,-146,-4793602,223612,0,-177765,0,0,0,0,-4793602,-271696,-5017214,-401377,0
445,0.4449,0.44490001,0.44490003,0.444901,0.444901,22245001,22245002,0,274000,1,0,1,0,0,-160,-5237525,-177765,0,-582546,0,0,0,0,-5237525,-274000,-5059760,-404781,0,-160,-5237525,-177765,0,-582546,0,0,0,0,-5237525,-274000,-5059760,-404781,0
446,0.4459,0.44590001,0.44590003,0.445901,0.445901,22295001,22295002,0,275613,1,0,1,0,0,-173,-5672092,-582546,0,-989710,0,0,0,0,-5672092,-275613,-5089546,-407164,0,-173,-5672092,-582546,0,-989710,0,0,0,0,-5672092,-275613,-5089546,-407164,0
447,0.4469,0.44690001,0.44690003,0.446901,0.446901,22345001,22345002,0,276839,1,0,1,0,0,-186,-6101896,-989710,0,-1398685,0,0,0,0,-6101896,-276839,-5112186,-408975,0,-186,-6101896,-989710,0,-1398685,0,0,0,0,-6101896,-276839,-5112186,-408975,0
448,0.4479,0.44790001,0.44790003,0.447901,0.447901,22395001,22395002,0,277415,1,0,1,0,0,-199,-6521508,-1398685,0,-1808511,0,0,0,0,-6521508,-277415,-5122823,-409826,0,-199,-6521508,-1398685,0,-1808511,0,0,0,0,-6521508,-277415,-5122823,-409826,0
449,0.4489,0.44890001,0.44890003,0.448901,0.448901,22445001,22445002,0,276833,1,0,1,0,0,-211,-6920586,-1808511,0,-2217477,0,0,0,0,-6920586,-276833,-5112075,-408966,0,-211,-6920586,-1808511,0,-2217477,0,0,0,0,-6920586,-276833,-5112075,-408966,0
450,0.4499,0.44990001,0.44990003,0.449901,0.449901,22495001,22495002,0,275430,1,0,1,0,0,-223,-7303644,-2217477,0,-2624370,0,0,0,0,-7303644,-275430,-5086167,-406893,0,-223,-7303644,-2217477,0,-2624370,0,0,0,0,-7303644,-275430,-5086167,-406893,0
451,0.4509,0.45090001,0.45090003,0.450901,0.450901,22545001,22545002,0,273536,1,0,1,0,0,-234,-7675562,-2624370,0,-3028465,0,0,0,0,-7675562,-273536,-5051192,-404095,0,-234,-7675562,-2624370,0,-3028465,0,0,0,0,-7675562,-273536,-5051192,-404095,0
452,0.4519,0.45190001,0.45190003,0.451901,0.451901,22595001,22595002,0,270623,1,0,1,0,0,-245,-8025865,-3028465,0,-3428257,0,0,0,0,-8025865,-270623,-4997400,-399792,0,-245,-8025865,-3028465,0,-3428257,0,0,0,0,-8025865,-270623,-4997400,-399792,0
453,0.4529,0.45290001,0.45290003,0.452901,0.452901,22645001,22645002,0,266709,1,0,1,0,0,-255,-8353380,-3428257,0,-3822267,0,0,0,0,-8353380,-266709,-4925123,-394010,0,-255,-8353380,-3428257,0,-3822267,0,0,0,0,-8353380,-266709,-4925123,-394010,0
454,0.4539,0.45390001,0.45390003,0.453901,0.453901,22695001,22695002,0,261993,1,0,1,0,0,-264,-8660303,-3822267,0,-4209310,0,0,0,0,-8660303,-261993,-4838036,-387043,0,-264,-8660303,-3822267,0,-4209310,0,0,0,0,-8660303,-261993,-4838036,-387043,0
455,0.4549,0.45490001,0.45490003,0.454901,0.454901,22745001,22745002,0,250973,1,0,1,0,0,-270,-8843847,-4209310,0,-4580073,0,0,0,0,-8843847,-250973,-4634537,-370763,0,-270,-8843847,-4209310,0,-4580073,0,0,0,0,-8843847,-250973,-4634537,-370763,0
456,0.4559,0.45590001,0.45590003,0.455901,0.455901,22795001,22795002,0,122079,1,0,1,0,0,-209,-6834418,-4580073,0,-4760421,0,0,0,0,-6834418,-122079,-2254345,-180348,0,-209,-6834418,-4580073,0,-4760421,0,0,0,0,-6834418,-122079,-2254345,-180348,0
457,0.4569,0.45690001,0.45690003,0.456901,0.456901,22845001,22845002,0,-32052,1,0,1,0,0,-127,-4168540,-4760421,0,-4713070,0,0,0,0,-4168540,32052,591881,47351,0,-127,-4168540,-4760421,0,-4713070,0,0,0,0,-4168540,32052,591881,47351,0
458,0.4579,0.45790001,0.45790003,0.457901,0.457901,22895001,22895002,0,-145039,1,0,1,0,0,-62,-2034739,-4713070,0,-4498804,0,0,0,0,-2034739,145039,2678331,214266,0,-62,-2034739,-4713070,0,-4498804,0,0,0,0,-2034739,145039,2678331,214266,0
459,0.4589,0.45890001,0.45890003,0.458901,0.458901,22945001,22945002,0,-200843,1,0,1,0,0,-24,-789981,-4498804,0,-4202098,0,0,0,0,-789981,200843,3708823,296706,0,-24,-789981,-4498804,0,-4202098,0,0,0,0,-789981,200843,3708823,296706,0
460,0.4599,0.45990001,0.45990003,0.459901,0.459901,22995001,22995002,0,-228749,1,0,1,0,0,1,22045,-4202098,0,-3864167,0,0,0,0,22045,228749,4224143,337931,0,1,22045,-4202098,0,-3864167,0,0,0,0,22045,228749,4224143,337931,0
461,0.4609,0.46090001,0.46090003,0.460901,0.460901,23045001,23045002,0,-236050,1,0,1,0,0,15,494798,-3864167,0,-3515450,0,0,0,0,494798,236050,4358965,348717,0,15,494798,-3864167,0,-3515450,0,0,0,0,494798,236050,4358965,348717,0
462,0.4619,0.46190001,0.46190003,0.461901,0.461901,23095001,23095002,0,-243345,1,0,1,0,0,30,978226,-3515450,0,-3155956,0,0,0,0,978226,243345,4493676,359494,0,30,978226,-3515450,0,-3155956,0,0,0,0,978226,243345,4493676,359494,0
463,0.4629,0.46290001,0.46290003,0.462901,0.462901,23145001,23145002,0,-250041,1,0,1,0,0,45,1461371,-3155956,0,-2786570,0,0,0,0,1461371,250041,4617327,369386,0,45,1461371,-3155956,0,-2786570,0,0,0,0,1461371,250041,4617327,369386,0
464,0.4639,0.46390001,0.46390003,0.463901,0.463901,23195001,23195002,0,-256302,1,0,1,0,0,59,1946374,-2786570,0,-2407934,0,0,0,0,1946374,256302,4732944,378636,0,59,1946374,-2786570,0,-2407934,0,0,0,0,1946374,256302,4732944,378636,0
465,0.4649,0.46490001,0.46490003,0.464901,0.464901,23245001,23245002,0,-261929,1,0,1,0,0,74,2428920,-2407934,0,-2020986,0,0,0,0,2428920,261929,4836854,386948,0,74,2428920,-2407934,0,-2020986,0,0,0,0,2428920,261929,4836854,386948,0
466,0.4659,0.46590001,0.46590003,0.465901,0.465901,23295001,23295002,0,-267011,1,0,1,0,0,89,2909713,-2020986,0,-1626530,0,0,0,0,2909713,267011,4930699,394456,0,89,2909713,-2020986,0,-1626530,0,0,0,0,2909713,267011,4930699,394456,0
467,0.4669,0.46690001,0.46690003,0.466901,0.466901,23345001,23345002,0,-271591,1,0,1,0,0,103,3388745,-1626530,0,-1225308,0,0,0,0,3388745,271591,5015275,401222,0,103,3388745,-1626530,0,-1225308,0,0,0,0,3388745,271591,5015275,401222,0
468,0.4679,0.46790001,0.46790003,0.467901,0.467901,23395001,23395002,0,-275819,1,0,1,0,0,118,3868042,-1225308,0,-817840,0,0,0,0,3868042,275819,5093350,407468,0,118,3868042,-1225308,0,-817840,0,0,0,0,3868042,275819,5093350,407468,0
469,0.4689,0.46890001,0.46890003,0.468901,0.468901,23445001,23445002,0,-279678,1,0,1,0,0,133,4346772,-817840,0,-404671,0,0,0,0,4346772,279678,5164612,413169,0,133,4346772,-817840,0,-404671,0,0,0,0,4346772,279678,5164612,413169,0
470,0.4699,0.46990001,0.46990003,0.469901,0.469901,23495001,23495002,0,-282951,1,0,1,0,0,147,4820381,-404671,0,13333,0,0,0,0,4820381,282951,5225052,418004,0,147,4820381,-404671,0,13333,0,0,0,0,4820381,282951,5225052,418004,0
471,0.4709,0.47090001,0.47090003,0.470901,0.470901,23545001,23545002,0,-285547,1,0,1,0,0,161,5286323,13333,0,435172,0,0,0,0,5286323,285547,5272990,421839,0,161,5286323,13333,0,435172,0,0,0,0,5286323,285547,5272990,421839,0
472,0.4719,0.47190001,0.47190003,0.471901,0.471901,23595001,23595002,0,-287634,1,0,1,0,0,175,5746701,435172,0,860094,0,0,0,0,5746701,287634,5311529,424922,0,175,5746701,435172,0,860094,0,0,0,0,5746701,287634,5311529,424922,0
473,0.4729,0.47290001,0.47290003,0.472901,0.472901,23645001,23645002,0,-289166,1,0,1,0,0,189,6199914,860094,0,1287280,0,0,0,0,6199914,289166,5339820,427186,0,189,6199914,860094,0,1287280,0,0,0,0,6199914,289166,5339820,427186,0
474,0.4739,0.47390001,0.47390003,0.473901,0.473901,23695001,23695002,0,-290053,1,0,1,0,0,203,6643479,1287280,0,1715776,0,0,0,0,6643479,290053,5356199,428496,0,203,6643479,1287280,0,1715776,0,0,0,0,6643479,290053,5356199,428496,0
475,0.4749,0.47490001,0.47490003,0.474901,0.474901,23745001,23745002,0,-289919,1,0,1,0,0,216,7069501,1715776,0,2144074,0,0,0,0,7069501,289919,5353725,428298,0,216,7069501,1715776,0,2144074,0,0,0,0,7069501,289919,5353725,428298,0
476,0.4759,0.47590001,0.47590003,0.475901,0.475901,23795001,23795002,0,-288818,1,0,1,0,0,228,7477468,2144074,0,2570746,0,0,0,0,7477468,288818,5333394,426672,0,228,7477468,2144074,0,2570746,0,0,0,0,7477468,288818,5333394,426672,0
477,0.4769,0.47690001,0.47690003,0.476901,0.476901,23845001,23845002,0,-287189,1,0,1,0,0,240,7874058,2570746,0,2995011,0,0,0,0,7874058,287189,5303312,424265,0,240,7874058,2570746,0,2995011,0,0,0,0,7874058,287189,5303312,424265,0
478,0.4779,0.47790001,0.47790003,0.477901,0.477901,23895001,23895002,0,-284511,1,0,1,0,0,252,8248870,2995011,0,3415320,0,0,0,0,8248870,284511,5253859,420309,0,252,8248870,2995011,0,3415320,0,0,0,0,8248870,284511,5253859,420309,0
479,0.4789,0.47890001,0.47890003,0.478901,0.478901,23945001,23945002,0,-280758,1,0,1,0,0,262,8599875,3415320,0,3830085,0,0,0,0,8599875,280758,5184555,414765,0,262,8599875,3415320,0,3830085,0,0,0,0,8599875,280758,5184555,414765,0
480,0.4799,0.47990001,0.47990003,0.479901,0.479901,23995001,23995002,0,-275977,1,0,1,0,0,272,8926353,3830085,0,4237787,0,0,0,0,8926353,275977,5096268,407702,0,272,8926353,3830085,0,4237787,0,0,0,0,8926353,275977,5096268,407702,0
481,0.4809,0.48090001,0.48090003,0.480901,0.480901,24045001,24045002,0,-266390,1,0,1,0,0,279,9157019,4237787,0,4631326,0,0,0,0,9157019,266390,4919232,393539,0,279,9157019,4237787,0,4631326,0,0,0,0,9157019,266390,4919232,393539,0
482,0.4819,0.48190001,0.48190003,0.481901,0.481901,24095001,24095002,0,-125746,1,0,1,0,0,212,6953387,4631326,0,4817091,0,0,0,0,6953387,125746,2322061,185765,0,212,6953387,4631326,0,4817091,0,0,0,0,6953387,125746,2322061,185765,0
483,0.4829,0.48290001,0.48290003,0.482901,0.482901,24145001,24145002,0,37448,1,0,1,0,0,126,4125566,4817091,0,4761769,0,0,0,0,4125566,-37448,-691525,-55322,0,126,4125566,4817091,0,4761769,0,0,0,0,4125566,-37448,-691525,-55322,0
484,0.4839,0.48390001,0.48390003,0.483901,0.483901,24195001,24195002,0,146721,1,0,1,0,0,63,2052378,4761769,0,4545018,0,0,0,0,2052378,-146721,-2709391,-216751,0,63,2052378,4761769,0,4545018,0,0,0,0,2052378,-146721,-2709391,-216751,0
485,0.4849,0.48490001,0.48490003,0.484901,0.484901,24245001,24245002,0,206246,1,0,1,0,0,22,736422,4545018,0,4240330,0,0,0,0,736422,-206246,-3808596,-304688,0,22,736422,4545018,0,4240330,0,0,0,0,736422,-206246,-3808596,-304688,0
486,0.4859,0.48590001,0.48590003,0.485901,0.485901,24295001,24295002,0,224772,1,0,1,0,0,3,89628,4240330,0,3908274,0,0,0,0,89628,-224772,-4150702,-332056,0,3,89628,4240330,0,3908274,0,0,0,0,89628,-224772,-4150702,-332056,0
487,0.4869,0.48690001,0.48690003,0.486901,0.486901,24345001,24345002,0,233348,1,0,1,0,0,-12,-400795,3908274,0,3563548,0,0,0,0,-400795,-233348,-4309069,-344726,0,-12,-400795,3908274,0,3563548,0,0,0,0,-400795,-233348,-4309069,-344726,0
488,0.4879,0.48790001,0.48790003,0.487901,0.487901,24395001,24395002,0,239697,1,0,1,0,0,-26,-862763,3563548,0,3209443,0,0,0,0,-862763,-239697,-4426311,-354105,0,-26,-862763,3563548,0,3209443,0,0,0,0,-862763,-239697,-4426311,-354105,0
489,0.4889,0.48890001,0.48890003,0.488901,0.488901,24445001,24445002,0,245255,1,0,1,0,0,-40,-1319504,3209443,0,2847127,0,0,0,0,-1319504,-245255,-4528947,-362316,0,-40,-1319504,3209443,0,2847127,0,0,0,0,-1319504,-245255,-4528947,-362316,0
490,0.4899,0.48990001,0.48990003,0.489901,0.489901,24495001,24495002,0,250595,1,0,1,0,0,-54,-1780430,2847127,0,2476922,0,0,0,0,-1780430,-250595,-4627557,-370205,0,-54,-1780430,2847127,0,2476922,0,0,0,0,-1780430,-250595,-4627557,-370205,0
491,0.4909,0.49090001,0.49090003,0.490901,0.490901,24545001,24545002,0,255871,1,0,1,0,0,-69,-2248063,2476922,0,2098923,0,0,0,0,-2248063,-255871,-4724985,-377999,0,-69,-2248063,2476922,0,2098923,0,0,0,0,-2248063,-255871,-4724985,-377999,0
492,0.4919,0.49190001,0.49190003,0.491901,0.491901,24595001,24595002,0,260999,1,0,1,0,0,-83,-2720757,2098923,0,1713349,0,0,0,0,-2720757,-260999,-4819680,-385574,0,-83,-2720757,2098923,0,1713349,0,0,0,0,-2720757,-260999,-4819680,-385574,0
493,0.4929,0.49290001,0.49290003,0.492901,0.492901,24645001,24645002,0,265823,1,0,1,0,0,-98,-3195412,1713349,0,1320648,0,0,0,0,-3195412,-265823,-4908761,-392701,0,-98,-3195412,1713349,0,1320648,0,0,0,0,-3195412,-265823,-4908761,-392701,0
494,0.4939,0.49390001,0.49390003,0.493901,0.493901,24695001,24695002,0,270330,1,0,1,0,0,-112,-3671341,1320648,0,921289,0,0,0,0,-3671341,-270330,-4991989,-399359,0,-112,-3671341,1320648,0,921289,0,0,0,0,-3671341,-270330,-4991989,-399359,0
495,0.4949,0.49490001,0.49490003,0.494901,0.494901,24745001,24745002,0,274385,1,0,1,0,0,-127,-4145581,921289,0,515939,0,0,0,0,-4145581,-274385,-5066870,-405350,0,-127,-4145581,921289,0,515939,0,0,0,0,-4145581,-274385,-5066870,-405350,0
496,0.4959,0.49590001,0.49590003,0.495901,0.495901,24795001,24795002,0,277798,1,0,1,0,0,-141,-4613956,515939,0,105547,0,0,0,0,-4613956,-277798,-5129895,-410392,0,-141,-4613956,515939,0,105547,0,0,0,0,-4613956,-277798,-5129895,-410392,0
497,0.4969,0.49690001,0.49690003,0.496901,0.496901,24845001,24845002,0,280506,1,0,1,0,0,-155,-5074355,105547,0,-308845,0,0,0,0,-5074355,-280506,-5179902,-414392,0,-155,-5074355,105547,0,-308845,0,0,0,0,-5074355,-280506,-5179902,-414392,0
498,0.4979,0.49790001,0.49790003,0.497901,0.497901,24895001,24895002,0,282536,1,0,1,0,0,-169,-5526233,-308845,0,-726236,0,0,0,0,-5526233,-282536,-5217388,-417391,0,-169,-5526233,-308845,0,-726236,0,0,0,0,-5526233,-282536,-5217388,-417391,0
499,0.4989,0.49890001,0.49890003,0.498901,0.498901,24945001,24945002,0,283894,1,0,1,0,0,-182,-5968702,-726236,0,-1145633,0,0,0,0,-5968702,-283894,-5242466,-419397,0,-182,-5968702,-726236,0,-1145633,0,0,0,0,-5968702,-283894,-5242466,-419397,0
500,0.4999,0.49990001,0.49990003,0.499901,0.499901,24995001,24995002,0,284975,1,0,1,0,0,-196,-6408061,-1145633,0,-1566627,0,0,0,0,-6408061,-284975,-5262428,-420994,0,-196,-6408061,-1145633,0,-1566627,0,0,0,0,-6408061,-284975,-5262428,-420994,0
501,0.5009,0.50090001,0.50090003,0.500901,0.500901,25045001,25045002,-47186,285074,1,0,1,0,0,-235,-7702233,-1566627,0,-2057476,0,0,0,0,-7702233,-332260,-6135606,-490849,0,-235,-7702233,-1566627,0,-2057476,0,0,0,0,-7702233,-332260,-6135606,-490849,0
502,0.5019,0.50190001,0.50190003,0.501901,0.501901,25095001,25095002,-99615,283878,1,0,1,0,0,-279,-9139164,-2057476,0,-2624011,0,0,0,0,-9139164,-383493,-7081688,-566535,0,-279,-9139164,-2057476,0,-2624011,0,0,0,0,-9139164,-383493,-7081688,-566535,0
503,0.5029,0.50290001,0.50290003,0.502901,0.502901,25145001,25145002,-152044,282019,1,0,1,0,0,-325,-10639539,-2624011,0,-3265253,0,0,0,0,-10639539,-434063,-8015528,-641242,0,-325,-10639539,-2624011,0,-3265253,0,0,0,0,-10639539,-434063,-8015528,-641242,0
504,0.5039,0.50390001,0.50390003,0.503901,0.503901,25195001,25195002,-204472,278839,1,0,1,0,0,-372,-12190208,-3265253,0,-3979250,0,0,0,0,-12190208,-483311,-8924955,-713997,0,-372,-12190208,-3265253,0,-3979250,0,0,0,0,-12190208,-483311,-8924955,-713997,0
505,0.5049,0.50490001,0.50490003,0.504901,0.504901,25245001,25245002,-256901,274247,1,0,1,0,0,-421,-13787577,-3979250,0,-4763916,0,0,0,0,-13787577,-531148,-9808327,-784666,0,-421,-13787577,-3979250,0,-4763916,0,0,0,0,-13787577,-531148,-9808327,-784666,0
506,0.5059,0.50590001,0.50590003,0.505901,0.505901,25295001,25295002,-309330,227303,1,0,1,0,0,-448,-14673530,-4763916,0,-5556685,0,0,0,0,-14673530,-536633,-9909614,-792769,0,-448,-14673530,-4763916,0,-5556685,0,0,0,0,-14673530,-536633,-9909614,-792769,0
507,0.5069,0.50690001,0.50690003,0.506901,0.506901,25345001,25345002,-361759,-28979,1,0,1,0,0,-357,-11701893,-5556685,0,-6048302,0,0,0,0,-11701893,-332780,-6145208,-491617,0,-357,-11701893,-5556685,0,-6048302,0,0,0,0,-11701893,-332780,-6145208,-491617,0
508,0.5079,0.50790001,0.50790003,0.507901,0.507901,25395001,25395002,-414188,-305835,1,0,1,0,0,-246,-8049179,-6048302,0,-6208372,0,0,0,0,-8049179,-108353,-2000877,-160070,0,-246,-8049179,-6048302,0,-6208372,0,0,0,0,-8049179,-108353,-2000877,-160070,0
509,0.5089,0.50890001,0.50890003,0.508901,0.508901,25445001,25445002,-466616,-521677,1,0,1,0,0,-158,-5191600,-6208372,0,-6127030,0,0,0,0,-5191600,55061,1016772,81342,0,-158,-5191600,-6208372,0,-6127030,0,0,0,0,-5191600,55061,1016772,81342,0
510,0.5099,0.50990001,0.50990003,0.509901,0.509901,25495001,25495002,-519045,-662827,1,0,1,0,0,-106,-3471912,-6127030,0,-5914620,0,0,0,0,-3471912,143782,2655118,212410,0,-106,-3471912,-6127030,0,-5914620,0,0,0,0,-3471912,143782,2655118,212410,0
511,0.5109,0.51090001,0.51090003,0.510901,0.510901,25545001,25545002,-571474,-761319,1,0,1,0,0,-74,-2408889,-5914620,0,-5634161,0,0,0,0,-2408889,189845,3505731,280459,0,-74,-2408889,-5914620,0,-5634161,0,0,0,0,-2408889,189845,3505731,280459,0
512,0.5119,0.51190001,0.51190003,0.511901,0.511901,25595001,25595002,-623903,-825100,1,0,1,0,0,-59,-1918801,-5634161,0,-5336932,0,0,0,0,-1918801,201197,3715360,297229,0,-59,-1918801,-5634161,0,-5336932,0,0,0,0,-1918801,201197,3715360,297229,0
513,0.5129,0.51290001,0.51290003,0.512901,0.512901,25645001,25645002,-676332,-873007,1,0,1,0,0,-52,-1705077,-5336932,0,-5046384,0,0,0,0,-1705077,196675,3631855,290548,0,-52,-1705077,-5336932,0,-5046384,0,0,0,0,-1705077,196675,3631855,290548,0
514,0.5139,0.51390001,0.51390003,0.513901,0.513901,25695001,25695002,-728760,-914429,1,0,1,0,0,-49,-1617769,-5046384,0,-4772095,0,0,0,0,-1617769,185669,3428615,274289,0,-49,-1617769,-5046384,0,-4772095,0,0,0,0,-1617769,185669,3428615,274289,0
515,0.5149,0.51490001,0.51490003,0.514901,0.514901,25745001,25745002,-781189,-956576,1,0,1,0,0,-47,-1533350,-4772095,0,-4512995,0,0,0,0,-1533350,175387,3238745,259100,0,-47,-1533350,-4772095,0,-4512995,0,0,0,0,-1533350,175387,3238745,259100,0
516,0.5159,0.51590001,0.51590003,0.515901,0.515901,25795001,25795002,-833618,-994184,1,0,1,0,0,-47,-1547939,-4512995,0,-4275790,0,0,0,0,-1547939,160566,2965056,237205,0,-47,-1547939,-4512995,0,-4275790,0,0,0,0,-1547939,160566,2965056,237205,0
517,0.5169,0.51690001,0.51690003,0.516901,0.516901,25845001,25845002,-886047,-1031344,1,0,1,0,0,-49,-1592695,-4275790,0,-4061142,0,0,0,0,-1592695,145297,2683095,214648,0,-49,-1592695,-4275790,0,-4061142,0,0,0,0,-1592695,145297,2683095,214648,0
518,0.5179,0.51790001,0.51790003,0.517901,0.517901,25895001,25895002,-938476,-1068832,1,0,1,0,0,-50,-1653952,-4061142,0,-3868567,0,0,0,0,-1653952,130356,2407190,192575,0,-50,-1653952,-4061142,0,-3868567,0,0,0,0,-1653952,130356,2407190,192575,0
519,0.5189,0.51890001,0.51890003,0.518901,0.518901,25945001,25945002,-990904,-1106843,1,0,1,0,0,-53,-1727605,-3868567,0,-3697290,0,0,0,0,-1727605,115939,2140962,171277,0,-53,-1727605,-3868567,0,-3697290,0,0,0,0,-1727605,115939,2140962,171277,0
520,0.5199,0.51990001,0.51990003,0.519901,0.519901,25995001,25995002,-1043333,-1147593,1,0,1,0,0,-54,-1771996,-3697290,0,-3543266,0,0,0,0,-1771996,104260,1925294,154024,0,-54,-1771996,-3697290,0,-3543266,0,0,0,0,-1771996,104260,1925294,154024,0
521,0.5209,0.52090001,0.52090003,0.520901,0.520901,26045001,26045002,-1095762,-1188939,1,0,1,0,0,-56,-1822634,-3543266,0,-3405615,0,0,0,0,-1822634,93177,1720632,137651,0,-56,-1822634,-3543266,0,-3405615,0,0,0,0,-1822634,93177,1720632,137651,0
522,0.5219,0.52190001,0.52190003,0.521901,0.521901,26095001,26095002,-1148191,-1236665,1,0,1,0,0,-54,-1771830,-3405615,0,-3274912,0,0,0,0,-1771830,88474,1633785,130703,0,-54,-1771830,-3405615,0,-3274912,0,0,0,0,-1771830,88474,1633785,130703,0
523,0.5229,0.52290001,0.52290003,0.522901,0.522901,26145001,26145002,-1200620,-1272696,1,0,1,0,0,-59,-1943937,-3274912,0,-3168434,0,0,0,0,-1943937,72076,1330975,106478,0,-59,-1943937,-3274912,0,-3168434,0,0,0,0,-1943937,72076,1330975,106478,0
524,0.5239,0.52390001,0.52390003,0.523901,0.523901,26195001,26195002,-1253048,-1314161,1,0,1,0,0,-62,-2039904,-3168434,0,-3078152,0,0,0,0,-2039904,61113,1128530,90282,0,-62,-2039904,-3168434,0,-3078152,0,0,0,0,-2039904,61113,1128530,90282,0
525,0.5249,0.52490001,0.52490003,0.524901,0.524901,26245001,26245002,-1305477,-1354997,1,0,1,0,0,-66,-2163702,-3078152,0,-3004996,0,0,0,0,-2163702,49520,914450,73156,0,-66,-2163702,-3078152,0,-3004996,0,0,0,0,-2163702,49520,914450,73156,0
526,0.5259,0.52590001,0.52590003,0.525901,0.525901,26295001,26295002,-1357906,-1395520,1,0,1,0,0,-71,-2310405,-3004996,0,-2949429,0,0,0,0,-2310405,37614,694591,55567,0,-71,-2310405,-3004996,0,-2949429,0,0,0,0,-2310405,37614,694591,55567,0
527,0.5269,0.52690001,0.52690003,0.526901,0.526901,26345001,26345002,-1410335,-1450961,1,0,1,0,0,-67,-2199218,-2949429,0,-2889412,0,0,0,0,-2199218,40626,750211,60017,0,-67,-2199218,-2949429,0,-2889412,0,0,0,0,-2199218,40626,750211,60017,0
528,0.5279,0.52790001,0.52790003,0.527901,0.527901,26395001,26395002,-1462764,-1500872,1,0,1,0,0,-67,-2185699,-2889412,0,-2833115,0,0,0,0,-2185699,38108,703713,56297,0,-67,-2185699,-2889412,0,-2833115,0,0,0,0,-2185699,38108,703713,56297,0
529,0.5289,0.52890001,0.52890003,0.528901,0.528901,26445001,26445002,-1515192,-1554619,1,0,1,0,0,-64,-2105045,-2833115,0,-2774869,0,0,0,0,-2105045,39427,728070,58246,0,-64,-2105045,-2833115,0,-2774869,0,0,0,0,-2105045,39427,728070,58246,0
530,0.5299,0.52990001,0.52990003,0.529901,0.529901,26495001,26495002,-1567621,-1604265,1,0,1,0,0,-64,-2098191,-2774869,0,-2720735,0,0,0,0,-2098191,36644,676678,54134,0,-64,-2098191,-2774869,0,-2720735,0,0,0,0,-2098191,36644,676678,54134,0
531,0.5309,0.53090001,0.53090003,0.530901,0.530901,26545001,26545002,-1620050,-1654379,1,0,1,0,0,-64,-2086806,-2720735,0,-2670021,0,0,0,0,-2086806,34329,633929,50714,0,-64,-2086806,-2720735,0,-2670021,0,0,0,0,-2086806,34329,633929,50714,0
532,0.5319,0.53190001,0.53190003,0.531901,0.531901,26595001,26595002,-1672479,-1707899,1,0,1,0,0,-62,-2015945,-2670021,0,-2617695,0,0,0,0,-2015945,35420,654076,52326,0,-62,-2015945,-2670021,0,-2617695,0,0,0,0,-2015945,35420,654076,52326,0
533,0.5329,0.53290001,0.53290003,0.532901,0.532901,26645001,26645002,-1724908,-1759245,1,0,1,0,0,-61,-1983618,-2617695,0,-2566969,0,0,0,0,-1983618,34337,634077,50726,0,-61,-1983618,-2617695,0,-2566969,0,0,0,0,-1983618,34337,634077,50726,0
534,0.5339,0.53390001,0.53390003,0.533901,0.533901,26695001,26695002,-1777336,-1805618,1,0,1,0,0,-62,-2044706,-2566969,0,-2525188,0,0,0,0,-2044706,28282,522263,41781,0,-62,-2044706,-2566969,0,-2525188,0,0,0,0,-2044706,28282,522263,41781,0
535,0.5349,0.53490001,0.53490003,0.534901,0.534901,26745001,26745002,-1829765,-1853921,1,0,1,0,0,-63,-2079117,-2525188,0,-2489502,0,0,0,0,-2079117,24156,446071,35686,0,-63,-2079117,-2525188,0,-2489502,0,0,0,0,-2079117,24156,446071,35686,0
536,0.5359,0.53590001,0.53590003,0.535901,0.535901,26795001,26795002,-1882194,-1905486,1,0,1,0,0,-63,-2059385,-2489502,0,-2455093,0,0,0,0,-2059385,23292,430117,34409,0,-63,-2059385,-2489502,0,-2455093,0,0,0,0,-2059385,23292,430117,34409,0
537,0.5369,0.53690001,0.53690003,0.536901,0.536901,26845001,26845002,-1934623,-1953762,1,0,1,0,0,-64,-2101667,-2455093,0,-2426819,0,0,0,0,-2101667,19139,353426,28274,0,-64,-2101667,-2455093,0,-2426819,0,0,0,0,-2101667,19139,353426,28274,0
538,0.5379,0.53790001,0.53790003,0.537901,0.537901,26895001,26895002,-1987052,-2003202,1,0,1,0,0,-65,-2128589,-2426819,0,-2402961,0,0,0,0,-2128589,16150,298230,23858,0,-65,-2128589,-2426819,0,-2402961,0,0,0,0,-2128589,16150,298230,23858,0
539,0.5389,0.53890001,0.53890003,0.538901,0.538901,26945001,26945002,-2039480,-2057384,1,0,1,0,0,-63,-2072341,-2402961,0,-2376511,0,0,0,0,-2072341,17904,330620,26450,0,-63,-2072341,-2402961,0,-2376511,0,0,0,0,-2072341,17904,330620,26450,0
540,0.5399,0.53990001,0.53990003,0.539901,0.539901,26995001,26995002,-2091909,-2105035,1,0,1,0,0,-65,-2134123,-2376511,0,-2357120,0,0,0,0,-2134123,13126,242388,19391,0,-65,-2134123,-2376511,0,-2357120,0,0,0,0,-2134123,13126,242388,19391,0
541,0.5409,0.54090001,0.54090003,0.540901,0.540901,27045001,27045002,-2144338,-2155140,1,0,1,0,0,-66,-2157647,-2357120,0,-2341162,0,0,0,0,-2157647,10802,199473,15958,0,-66,-2157647,-2357120,0,-2341162,0,0,0,0,-2157647,10802,199473,15958,0
542,0.5419,0.54190001,0.54190003,0.541901,0.541901,27095001,27095002,-2196767,-2208133,1,0,1,0,0,-65,-2131274,-2341162,0,-2324371,0,0,0,0,-2131274,11366,209888,16791,0,-65,-2131274,-2341162,0,-2324371,0,0,0,0,-2131274,11366,209888,16791,0
543,0.5429,0.54290001,0.54290003,0.542901,0.542901,27145001,27145002,-2249196,-2257882,1,0,1,0,0,-66,-2163973,-2324371,0,-2311539,0,0,0,0,-2163973,8686,160398,12832,0,-66,-2163973,-2324371,0,-2311539,0,0,0,0,-2163973,8686,160398,12832,0
544,0.5439,0.54390001,0.54390003,0.543901,0.543901,27195001,27195002,-2301624,-2310488,1,0,1,0,0,-66,-2147854,-2311539,0,-2298444,0,0,0,0,-2147854,8864,163685,13095,0,-66,-2147854,-2311539,0,-2298444,0,0,0,0,-2147854,8864,163685,13095,0
545,0.5449,0.54490001,0.54490003,0.544901,0.544901,27245001,27245002,-2354053,-2363922,1,0,1,0,0,-65,-2116200,-2298444,0,-2283865,0,0,0,0,-2116200,9869,182244,14579,0,-65,-2116200,-2298444,0,-2283865,0,0,0,0,-2116200,9869,182244,14579,0
546,0.5459,0.54590001,0.54590003,0.545901,0.545901,27295001,27295002,-2406482,-2416665,1,0,1,0,0,-64,-2095823,-2283865,0,-2268822,0,0,0,0,-2095823,10183,188042,15043,0,-64,-2095823,-2283865,0,-2268822,0,0,0,0,-2095823,10183,188042,15043,0
547,0.5469,0.54690001,0.54690003,0.546901,0.546901,27345001,27345002,-2458911,-2467559,1,0,1,0,0,-64,-2109126,-2268822,0,-2256046,0,0,0,0,-2109126,8648,159696,12776,0,-64,-2109126,-2268822,0,-2256046,0,0,0,0,-2109126,8648,159696,12776,0
548,0.5479,0.54790001,0.54790003,0.547901,0.547901,27395001,27395002,-2511340,-2517222,1,0,1,0,0,-66,-2147427,-2256046,0,-2247357,0,0,0,0,-2147427,5882,108619,8689,0,-66,-2147427,-2256046,0,-2247357,0,0,0,0,-2147427,5882,108619,8689,0
549,0.5489,0.54890001,0.54890003,0.548901,0.548901,27445001,27445002,-2563768,-2568391,1,0,1,0,0,-66,-2161987,-2247357,0,-2240527,0,0,0,0,-2161987,4623,85370,6830,0,-66,-2161987,-2247357,0,-2240527,0,0,0,0,-2161987,4623,85370,6830,0
550,0.5499,0.54990001,0.54990003,0.549901,0.549901,27495001,27495002,-2616197,-2622284,1,0,1,0,0,-65,-2128123,-2240527,0,-2231535,0,0,0,0,-2128123,6087,112404,8992,0,-65,-2128123,-2240527,0,-2231535,0,0,0,0,-2128123,6087,112404,8992,0
551,0.5509,0.55090001,0.55090003,0.550901,0.550901,27545001,27545002,-2668626,-2671992,1,0,1,0,0,-66,-2169378,-2231535,0,-2226562,0,0,0,0,-2169378,3366,62157,4973,0,-66,-2169378,-2231535,0,-2226562,0,0,0,0,-2169378,3366,62157,4973,0
552,0.5519,0.55190001,0.55190003,0.551901,0.551901,27595001,27595002,-2721055,-2726486,1,0,1,0,0,-65,-2126272,-2226562,0,-2218539,0,0,0,0,-2126272,5431,100290,8023,0,-65,-2126272,-2226562,0,-2218539,0,0,0,0,-2126272,5431,100290,8023,0
553,0.5529,0.55290001,0.55290003,0.552901,0.552901,27645001,27645002,-2773484,-2772993,1,0,1,0,0,-68,-2227606,-2218539,0,-2219264,0,0,0,0,-2227606,-491,-9067,-725,0,-68,-2227606,-2218539,0,-2219264,0,0,0,0,-2227606,-491,-9067,-725,0
554,0.5539,0.55390001,0.55390003,0.553901,0.553901,27695001,27695002,-2825912,-2828600,1,0,1,0,0,-66,-2169627,-2219264,0,-2215293,0,0,0,0,-2169627,2688,49637,3971,0,-66,-2169627,-2219264,0,-2215293,0,0,0,0,-2169627,2688,49637,3971,0
555,0.5549,0.55490001,0.55490003,0.554901,0.554901,27745001,27745002,-2878341,-2880893,1,0,1,0,0,-66,-2168167,-2215293,0,-2211523,0,0,0,0,-2168167,2552,47126,3770,0,-66,-2168167,-2215293,0,-2211523,0,0,0,0,-2168167,2552,47126,3770,0
556,0.5559,0.55590001,0.55590003,0.555901,0.555901,27795001,27795002,-2930770,-2926602,1,0,1,0,0,-70,-2288490,-2211523,0,-2217680,0,0,0,0,-2288490,-4168,-76967,-6157,0,-70,-2288490,-2211523,0,-2217680,0,0,0,0,-2288490,-4168,-76967,-6157,0
557,0.5569,0.55690001,0.55690003,0.556901,0.556901,27845001,27845002,-2983199,-2965604,1,0,1,0,0,-78,-2542594,-2217680,0,-2243673,0,0,0,0,-2542594,-17595,-324914,-25993,0,-78,-2542594,-2217680,0,-2243673,0,0,0,0,-2542594,-17595,-324914,-25993,0
558,0.5579,0.55790001,0.55790003,0.557901,0.557901,27895001,27895002,-3035628,-3021249,1,0,1,0,0,-77,-2509200,-2243673,0,-2264915,0,0,0,0,-2509200,-14379,-265527,-21242,0,-77,-2509200,-2243673,0,-2264915,0,0,0,0,-2509200,-14379,-265527,-21242,0
559,0.5589,0.55890001,0.55890003,0.558901,0.558901,27945001,27945002,-3088056,-3079684,1,0,1,0,0,-74,-2419515,-2264915,0,-2277283,0,0,0,0,-2419515,-8372,-154600,-12368,0,-74,-2419515,-2264915,0,-2277283,0,0,0,0,-2419515,-8372,-154600,-12368,0
560,0.5599,0.55990001,0.55990003,0.559901,0.559901,27995001,27995002,-3140485,-3138424,1,0,1,0,0,-71,-2315342,-2277283,0,-2280328,0,0,0,0,-2315342,-2061,-38059,-3045,0,-71,-2315342,-2277283,0,-2280328,0,0,0,0,-2315342,-2061,-38059,-3045,0
561,0.5609,0.56090001,0.56090003,0.560901,0.560901,28045001,28045002,-3192914,-3195045,1,0,1,0,0,-68,-2240976,-2280328,0,-2277180,0,0,0,0,-2240976,2131,39352,3148,0,-68,-2240976,-2280328,0,-2277180,0,0,0,0,-2240976,2131,39352,3148,0
562,0.5619,0.56190001,0.56190003,0.561901,0.561901,28095001,28095002,-3245343,-3249361,1,0,1,0,0,-67,-2202982,-2277180,0,-2271244,0,0,0,0,-2202982,4018,74198,5936,0,-67,-2202982,-2277180,0,-2271244,0,0,0,0,-2202982,4018,74198,5936,0
563,0.5629,0.56290001,0.56290003,0.562901,0.562901,28145001,28145002,-3297772,-3306057,1,0,1,0,0,-65,-2118251,-2271244,0,-2259005,0,0,0,0,-2118251,8285,152993,12239,0,-65,-2118251,-2271244,0,-2259005,0,0,0,0,-2118251,8285,152993,12239,0
564,0.5639,0.56390001,0.56390003,0.563901,0.563901,28195001,28195002,-3350200,-3358416,1,0,1,0,0,-64,-2107286,-2259005,0,-2246867,0,0,0,0,-2107286,8216,151719,12138,0,-64,-2107286,-2259005,0,-2246867,0,0,0,0,-2107286,8216,151719,12138,0
565,0.5649,0.56490001,0.56490003,0.564901,0.564901,28245001,28245002,-3402629,-3410214,1,0,1,0,0,-64,-2106800,-2246867,0,-2235662,0,0,0,0,-2106800,7585,140067,11205,0,-64,-2106800,-2246867,0,-2235662,0,0,0,0,-2106800,7585,140067,11205,0
566,0.5659,0.56590001,0.56590003,0.565901,0.565901,28295001,28295002,-3455058,-3460836,1,0,1,0,0,-65,-2128964,-2235662,0,-2227126,0,0,0,0,-2128964,5778,106698,8536,0,-65,-2128964,-2235662,0,-2227126,0,0,0,0,-2128964,5778,106698,8536,0
567,0.5669,0.56690001,0.56690003,0.566901,0.566901,28345001,28345002,-3507487,-3512065,1,0,1,0,0,-65,-2142587,-2227126,0,-2220363,0,0,0,0,-2142587,4578,84539,6763,0,-65,-2142587,-2227126,0,-2220363,0,0,0,0,-2142587,4578,84539,6763,0
568,0.5679,0.56790001,0.56790003,0.567901,0.567901,28395001,28395002,-3559916,-3562418,1,0,1,0,0,-66,-2174160,-2220363,0,-2216667,0,0,0,0,-2174160,2502,46203,3696,0,-66,-2174160,-2220363,0,-2216667,0,0,0,0,-2174160,2502,46203,3696,0
569,0.5689,0.56890001,0.56890003,0.568901,0.568901,28445001,28445002,-3612344,-3612165,1,0,1,0,0,-68,-2219972,-2216667,0,-2216931,0,0,0,0,-2219972,-179,-3305,-264,0,-68,-2219972,-2216667,0,-2216931,0,0,0,0,-2219972,-179,-3305,-264,0
570,0.5699,0.56990001,0.56990003,0.569901,0.569901,28495001,28495002,-3664773,-3667157,1,0,1,0,0,-66,-2172907,-2216931,0,-2213409,0,0,0,0,-2172907,2384,44024,3522,0,-66,-2172907,-2216931,0,-2213409,0,0,0,0,-2172907,2384,44024,3522,0
571,0.5709,0.57090001,0.57090003,0.570901,0.570901,28545001,28545002,-3717202,-3718645,1,0,1,0,0,-67,-2186762,-2213409,0,-2211277,0,0,0,0,-2186762,1443,26647,2132,0,-67,-2186762,-2213409,0,-2211277,0,0,0,0,-2186762,1443,26647,2132,0
572,0.5719,0.57190001,0.57190003,0.571901,0.571901,28595001,28595002,-3769631,-3773974,1,0,1,0,0,-65,-2131078,-2211277,0,-2204861,0,0,0,0,-2131078,4343,80199,6416,0,-65,-2131078,-2211277,0,-2204861,0,0,0,0,-2131078,4343,80199,6416,0
573,0.5729,0.57290001,0.57290003,0.572901,0.572901,28645001,28645002,-3822060,-3824397,1,0,1,0,0,-66,-2161705,-2204861,0,-2201409,0,0,0,0,-2161705,2337,43156,3452,0,-66,-2161705,-2204861,0,-2201409,0,0,0,0,-2161705,2337,43156,3452,0
574,0.5739,0.57390001,0.57390003,0.573901,0.573901,28695001,28695002,-3874488,-3877118,1,0,1,0,0,-66,-2152843,-2201409,0,-2197524,0,0,0,0,-2152843,2630,48566,3885,0,-66,-2152843,-2201409,0,-2197524,0,0,0,0,-2152843,2630,48566,3885,0
575,0.5749,0.57490001,0.57490003,0.574901,0.574901,28745001,28745002,-3926917,-3932550,1,0,1,0,0,-64,-2093503,-2197524,0,-2189202,0,0,0,0,-2093503,5633,104021,8322,0,-64,-2093503,-2197524,0,-2189202,0,0,0,0,-2093503,5633,104021,8322,0
576,0.5759,0.57590001,0.57590003,0.575901,0.575901,28795001,28795002,-3979346,-3983425,1,0,1,0,0,-65,-2113878,-2189202,0,-2183176,0,0,0,0,-2113878,4079,75324,6026,0,-65,-2113878,-2189202,0,-2183176,0,0,0,0,-2113878,4079,75324,6026,0
577,0.5769,0.57690001,0.57690003,0.576901,0.576901,28845001,28845002,-4031775,-4032916,1,0,1,0,0,-66,-2162106,-2183176,0,-2181490,0,0,0,0,-2162106,1141,21070,1686,0,-66,-2162106,-2183176,0,-2181490,0,0,0,0,-2162106,1141,21070,1686,0
578,0.5779,0.57790001,0.57790003,0.577901,0.577901,28895001,28895002,-4084204,-4087117,1,0,1,0,0,-65,-2127698,-2181490,0,-2177187,0,0,0,0,-2127698,2913,53792,4303,0,-65,-2127698,-2181490,0,-2177187,0,0,0,0,-2127698,2913,53792,4303,0
579,0.5789,0.57890001,0.57890003,0.578901,0.578901,28945001,28945002,-4136632,-4139328,1,0,1,0,0,-65,-2127402,-2177187,0,-2173204,0,0,0,0,-2127402,2696,49785,3983,0,-65,-2127402,-2177187,0,-2173204,0,0,0,0,-2127402,2696,49785,3983,0
580,0.5799,0.57990001,0.57990003,0.579901,0.579901,28995001,28995002,-4189061,-4189756,1,0,1,0,0,-66,-2160370,-2173204,0,-2172177,0,0,0,0,-2160370,695,12834,1027,0,-66,-2160370,-2173204,0,-2172177,0,0,0,0,-2160370,695,12834,1027,0
581,0.5809,0.58090001,0.58090003,0.580901,0.580901,29045001,29045002,-4241490,-4242200,1,0,1,0,0,-66,-2159066,-2172177,0,-2171128,0,0,0,0,-2159066,710,13111,1049,0,-66,-2159066,-2172177,0,-2171128,0,0,0,0,-2159066,710,13111,1049,0
582,0.5819,0.58190001,0.58190003,0.581901,0.581901,29095001,29095002,-4293919,-4293508,1,0,1,0,0,-66,-2178718,-2171128,0,-2171735,0,0,0,0,-2178718,-411,-7590,-607,0,-66,-2178718,-2171128,0,-2171735,0,0,0,0,-2178718,-411,-7590,-607,0
583,0.5829,0.58290001,0.58290003,0.582901,0.582901,29145001,29145002,-4346348,-4342655,1,0,1,0,0,-68,-2239931,-2171735,0,-2177191,0,0,0,0,-2239931,-3693,-68196,-5456,0,-68,-2239931,-2171735,0,-2177191,0,0,0,0,-2239931,-3693,-68196,-5456,0
584,0.5839,0.58390001,0.58390003,0.583901,0.583901,29195001,29195002,-4398776,-4395536,1,0,1,0,0,-68,-2237022,-2177191,0,-2181977,0,0,0,0,-2237022,-3240,-59831,-4786,0,-68,-2237022,-2177191,0,-2181977,0,0,0,0,-2237022,-3240,-59831,-4786,0
585,0.5849,0.58490001,0.58490003,0.584901,0.584901,29245001,29245002,-4451205,-4448699,1,0,1,0,0,-68,-2228253,-2181977,0,-2185679,0,0,0,0,-2228253,-2506,-46276,-3702,0,-68,-2228253,-2181977,0,-2185679,0,0,0,0,-2228253,-2506,-46276,-3702,0
586,0.5859,0.58590001,0.58590003,0.585901,0.585901,29295001,29295002,-4503634,-4496079,1,0,1,0,0,-71,-2325192,-2185679,0,-2196840,0,0,0,0,-2325192,-7555,-139513,-11161,0,-71,-2325192,-2185679,0,-2196840,0,0,0,0,-2325192,-7555,-139513,-11161,0
587,0.5869,0.58690001,0.58690003,0.586901,0.586901,29345001,29345002,-4556063,-4538249,1,0,1,0,0,-77,-2525798,-2196840,0,-2223157,0,0,0,0,-2525798,-17814,-328958,-26317,0,-77,-2525798,-2196840,0,-2223157,0,0,0,0,-2525798,-17814,-328958,-26317,0
588,0.5879,0.58790001,0.58790003,0.587901,0.587901,29395001,29395002,-4608492,-4597548,1,0,1,0,0,-74,-2425252,-2223157,0,-2239325,0,0,0,0,-2425252,-10944,-202095,-16168,0,-74,-2425252,-2223157,0,-2239325,0,0,0,0,-2425252,-10944,-202095,-16168,0
589,0.5889,0.58890001,0.58890003,0.588901,0.588901,29445001,29445002,-4660920,-4653914,1,0,1,0,0,-72,-2368700,-2239325,0,-2249675,0,0,0,0,-2368700,-7006,-129375,-10350,0,-72,-2368700,-2239325,0,-2249675,0,0,0,0,-2368700,-7006,-129375,-10350,0
590,0.5899,0.58990001,0.58990003,0.589901,0.589901,29495001,29495002,-4713349,-4709696,1,0,1,0,0,-71,-2317132,-2249675,0,-2255072,0,0,0,0,-2317132,-3653,-67457,-5397,0,-71,-2317132,-2249675,0,-2255072,0,0,0,0,-2317132,-3653,-67457,-5397,0
591,0.5909,0.59090001,0.59090003,0.590901,0.590901,29545001,29545002,-4765778,-4766329,1,0,1,0,0,-69,-2244897,-2255072,0,-2254258,0,0,0,0,-2244897,551,10175,814,0,-69,-2244897,-2255072,0,-2254258,0,0,0,0,-2244897,551,10175,814,0
592,0.5919,0.59190001,0.59190003,0.591901,0.591901,29595001,29595002,-4818207,-4821413,1,0,1,0,0,-67,-2195055,-2254258,0,-2249522,0,0,0,0,-2195055,3206,59203,4736,0,-67,-2195055,-2254258,0,-2249522,0,0,0,0,-2195055,3206,59203,4736,0
593,0.5929,0.59290001,0.59290003,0.592901,0.592901,29645001,29645002,-4870636,-4875193,1,0,1,0,0,-66,-2165371,-2249522,0,-2242790,0,0,0,0,-2165371,4557,84151,6732,0,-66,-2165371,-2249522,0,-2242790,0,0,0,0,-2165371,4557,84151,6732,0
594,0.5939,0.59390001,0.59390003,0.593901,0.593901,29695001,29695002,-4923064,-4929380,1,0,1,0,0,-65,-2126157,-2242790,0,-2233459,0,0,0,0,-2126157,6316,116633,9331,0,-65,-2126157,-2242790,0,-2233459,0,0,0,0,-2126157,6316,116633,9331,0
595,0.5949,0.59490001,0.59490003,0.594901,0.594901,29745001,29745002,-4975493,-4983946,1,0,1,0,0,-63,-2077364,-2233459,0,-2220971,0,0,0,0,-2077364,8453,156095,12488,0,-63,-2077364,-2233459,0,-2220971,0,0,0,0,-2077364,8453,156095,12488,0
596,0.5959,0.59590001,0.59590003,0.595901,0.595901,29795001,29795002,-5027922,-5034880,1,0,1,0,0,-64,-2092483,-2220971,0,-2210692,0,0,0,0,-2092483,6958,128488,10279,0,-64,-2092483,-2220971,0,-2210692,0,0,0,0,-2092483,6958,128488,10279,0
597,0.5969,0.59690001,0.59690003,0.596901,0.596901,29845001,29845002,-5080351,-5087207,1,0,1,0,0,-64,-2084087,-2210692,0,-2200564,0,0,0,0,-2084087,6856,126605,10128,0,-64,-2084087,-2210692,0,-2200564,0,0,0,0,-2084087,6856,126605,10128,0
598,0.5979,0.59790001,0.59790003,0.597901,0.597901,29895001,29895002,-5132780,-5134973,1,0,1,0,0,-66,-2160067,-2200564,0,-2197324,0,0,0,0,-2160067,2193,40497,3240,0,-66,-2160067,-2200564,0,-2197324,0,0,0,0,-2160067,2193,40497,3240,0
599,0.5989,0.59890001,0.59890003,0.598901,0.598901,29945001,29945002,-5185208,-5192119,1,0,1,0,0,-63,-2069704,-2197324,0,-2187114,0,0,0,0,-2069704,6911,127620,10210,0,-63,-2069704,-2197324,0,-2187114,0,0,0,0,-2069704,6911,127620,10210,0
600,0.5999,0.59990001,0.59990003,0.599901,0.599901,29995001,29995002,-5237637,-5236408,1,0,1,0,0,-67,-2209809,-2187114,0,-2188930,0,0,0,0,-2209809,-1229,-22695,-1816,0,-67,-2209809,-2187114,0,-2188930,0,0,0,0,-2209809,-1229,-22695,-1816,0
601,0.6009,0.60090001,0.60090003,0.600901,0.600901,30045001,30045002,-5242880,-5292095,1,0,1,0,0,-39,-1280112,-2188930,0,-2116225,0,0,0,0,-1280112,49215,908818,72705,0,-39,-1280112,-2188930,0,-2116225,0,0,0,0,-1280112,49215,908818,72705,0
602,0.6019,0.60190001,0.60190003,0.601901,0.601901,30095001,30095002,-5242880,-5324767,1,0,1,0,0,-18,-604077,-2116225,0,-1995253,0,0,0,0,-604077,81887,1512148,120972,0,-18,-604077,-2116225,0,-1995253,0,0,0,0,-604077,81887,1512148,120972,0
603,0.6029,0.60290001,0.60290003,0.602901,0.602901,30145001,30145002,-5242880,-5346579,1,0,1,0,0,-2,-80318,-1995253,0,-1842058,0,0,0,0,-80318,103699,1914935,153195,0,-2,-80318,-1995253,0,-1842058,0,0,0,0,-80318,103699,1914935,153195,0
604,0.6039,0.60390001,0.60390003,0.603901,0.603901,30195001,30195002,-5242880,-5357018,1,0,1,0,0,8,265646,-1842058,0,-1673442,0,0,0,0,265646,114138,2107704,168616,0,8,265646,-1842058,0,-1673442,0,0,0,0,265646,114138,2107704,168616,0
605,0.6049,0.60490001,0.60490003,0.604901,0.604901,30245001,30245002,-5242880,-5365360,1,0,1,0,0,18,588308,-1673442,0,-1492502,0,0,0,0,588308,122480,2261750,180940,0,18,588308,-1673442,0,-1492502,0,0,0,0,588308,122480,2261750,180940,0
606,0.6059,0.60590001,0.60590003,0.605901,0.605901,30295001,30295002,-5242880,-5373329,1,0,1,0,0,28,916406,-1492502,0,-1299789,0,0,0,0,916406,130449,2408908,192713,0,28,916406,-1492502,0,-1299789,0,0,0,0,916406,130449,2408908,192713,0
607,0.6069,0.60690001,0.60690003,0.606901,0.606901,30345001,30345002,-5242880,-5380684,1,0,1,0,0,38,1244938,-1299789,0,-1096211,0,0,0,0,1244938,137804,2544727,203578,0,38,1244938,-1299789,0,-1096211,0,0,0,0,1244938,137804,2544727,203578,0
608,0.6079,0.60790001,0.60790003,0.607901,0.607901,30395001,30395002,-5242880,-5387517,1,0,1,0,0,48,1574696,-1096211,0,-882538,0,0,0,0,1574696,144637,2670907,213673,0,48,1574696,-1096211,0,-882538,0,0,0,0,1574696,144637,2670907,213673,0
609,0.6089,0.60890001,0.60890003,0.608901,0.608901,30445001,30445002,-5242880,-5393964,1,0,1,0,0,58,1907421,-882538,0,-659341,0,0,0,0,1907421,151084,2789959,223197,0,58,1907421,-882538,0,-659341,0,0,0,0,1907421,151084,2789959,223197,0
610,0.6099,0.60990001,0.60990003,0.609901,0.609901,30495001,30495002,-5242880,-5399953,1,0,1,0,0,68,2241213,-659341,0,-427297,0,0,0,0,2241213,157073,2900554,232044,0,68,2241213,-659341,0,-427297,0,0,0,0,2241213,157073,2900554,232044,0
611,0.6109,0.61090001,0.61090003,0.610901,0.610901,30545001,30545002,-5242880,-5405488,1,0,1,0,0,79,2575468,-427297,0,-187076,0,0,0,0,2575468,162608,3002765,240221,0,79,2575468,-427297,0,-187076,0,0,0,0,2575468,162608,3002765,240221,0
612,0.6119,0.61190001,0.61190003,0.611901,0.611901,30595001,30595002,-5242880,-5409700,1,0,1,0,0,88,2893469,-187076,0,59368,0,0,0,0,2893469,166820,3080545,246444,0,88,2893469,-187076,0,59368,0,0,0,0,2893469,166820,3080545,246444,0
613,0.6129,0.61290001,0.61290003,0.612901,0.612901,30645001,30645002,-5242880,-5413615,1,0,1,0,0,98,3212208,59368,0,311595,0,0,0,0,3212208,170735,3152840,252227,0,98,3212208,59368,0,311595,0,0,0,0,3212208,170735,3152840,252227,0
614,0.6139,0.61390001,0.61390003,0.613901,0.613901,30695001,30695002,-5242880,-5417357,1,0,1,0,0,108,3533536,311595,0,569350,0,0,0,0,3533536,174477,3221941,257755,0,108,3533536,311595,0,569350,0,0,0,0,3533536,174477,3221941,257755,0
615,0.6149,0.61490001,0.61490003,0.614901,0.614901,30745001,30745002,-5242880,-5420734,1,0,1,0,0,118,3853651,569350,0,832094,0,0,0,0,3853651,177854,3284301,262744,0,118,3853651,569350,0,832094,0,0,0,0,3853651,177854,3284301,262744,0
616,0.6159,0.61590001,0.61590003,0.615901,0.615901,30795001,30795002,-5242880,-5423707,1,0,1,0,0,127,4171296,832094,0,1099230,0,0,0,0,4171296,180827,3339202,267136,0,127,4171296,832094,0,1099230,0,0,0,0,4171296,180827,3339202,267136,0
617,0.6169,0.61690001,0.61690003,0.616901,0.616901,30845001,30845002,-5242880,-5426313,1,0,1,0,0,137,4486555,1099230,0,1370216,0,0,0,0,4486555,183433,3387325,270986,0,137,4486555,1099230,0,1370216,0,0,0,0,4486555,183433,3387325,270986,0
618,0.6179,0.61790001,0.61790003,0.617901,0.617901,30895001,30895002,-5242880,-5428456,1,0,1,0,0,146,4797114,1370216,0,1644368,0,0,0,0,4797114,185576,3426898,274152,0,146,4797114,1370216,0,1644368,0,0,0,0,4797114,185576,3426898,274152,0
619,0.6189,0.61890001,0.61890003,0.618901,0.618901,30945001,30945002,-5242880,-5429630,1,0,1,0,0,155,5092945,1644368,0,1920254,0,0,0,0,5092945,186750,3448577,275886,0,155,5092945,1644368,0,1920254,0,0,0,0,5092945,186750,3448577,275886,0
620,0.6199,0.61990001,0.61990003,0.619901,0.619901,30995001,30995002,-5242880,-5429991,1,0,1,0,0,164,5375498,1920254,0,2196674,0,0,0,0,5375498,187111,3455244,276420,0,164,5375498,1920254,0,2196674,0,0,0,0,5375498,187111,3455244,276420,0
621,0.6209,0.62090001,0.62090003,0.620901,0.620901,31045001,31045002,-5242880,-5430168,1,0,1,0,0,173,5655186,2196674,0,2473355,0,0,0,0,5655186,187288,3458512,276681,0,173,5655186,2196674,0,2473355,0,0,0,0,5655186,187288,3458512,276681,0
622,0.6219,0.62190001,0.62190003,0.621901,0.621901,31095001,31095002,-5242880,-5429897,1,0,1,0,0,181,5926863,2473355,0,2749636,0,0,0,0,5926863,187017,3453508,276281,0,181,5926863,2473355,0,2749636,0,0,0,0,5926863,187017,3453508,276281,0
623,0.6229,0.62290001,0.62290003,0.622901,0.622901,31145001,31145002,-5242880,-5428387,1,0,1,0,0,188,6175260,2749636,0,3023686,0,0,0,0,6175260,185507,3425624,274050,0,188,6175260,2749636,0,3023686,0,0,0,0,6175260,185507,3425624,274050,0
624,0.6239,0.62390001,0.62390003,0.623901,0.623901,31195001,31195002,-5242880,-5426235,1,0,1,0,0,196,6409570,3023686,0,3294557,0,0,0,0,6409570,183355,3385884,270871,0,196,6409570,3023686,0,3294557,0,0,0,0,6409570,183355,3385884,270871,0
625,0.6249,0.62490001,0.62490003,0.624901,0.624901,31245001,31245002,-5242880,-5423564,1,0,1,0,0,202,6631118,3294557,0,3561482,0,0,0,0,6631118,180684,3336561,266925,0,202,6631118,3294557,0,3561482,0,0,0,0,6631118,180684,3336561,266925,0
626,0.6259,0.62590001,0.62590003,0.625901,0.625901,31295001,31295002,-5242880,-5420109,1,0,1,0,0,209,6834242,3561482,0,3823303,0,0,0,0,6834242,177229,3272760,261821,0,209,6834242,3561482,0,3823303,0,0,0,0,6834242,177229,3272760,261821,0
627,0.6269,0.62690001,0.62690003,0.626901,0.626901,31345001,31345002,-5242880,-5415864,1,0,1,0,0,214,7017674,3823303,0,4078853,0,0,0,0,7017674,172984,3194371,255550,0,214,7017674,3823303,0,4078853,0,0,0,0,7017674,172984,3194371,255550,0
628,0.6279,0.62790001,0.62790003,0.627901,0.627901,31395001,31395002,-5242880,-5410527,1,0,1,0,0,219,7174669,4078853,0,4326518,0,0,0,0,7174669,167647,3095816,247665,0,219,7174669,4078853,0,4326518,0,0,0,0,7174669,167647,3095816,247665,0
629,0.6289,0.62890001,0.62890003,0.628901,0.628901,31445001,31445002,-5242880,-5378741,1,0,1,0,0,209,6835365,4326518,0,4527226,0,0,0,0,6835365,135861,2508847,200708,0,209,6835365,4326518,0,4527226,0,0,0,0,6835365,135861,2508847,200708,0
630,0.6299,0.62990001,0.62990003,0.629901,0.629901,31495001,31495002,-5242880,-5254454,1,0,1,0,0,145,4740955,4527226,0,4544324,0,0,0,0,4740955,11574,213729,17098,0,145,4740955,4527226,0,4544324,0,0,0,0,4740955,11574,213729,17098,0
631,0.6309,0.63090001,0.63090003,0.630901,0.630901,31545001,31545002,-5242880,-5129939,1,0,1,0,0,75,2458724,4544324,0,4377476,0,0,0,0,2458724,-112941,-2085600,-166848,0,75,2458724,4544324,0,4377476,0,0,0,0,2458724,-112941,-2085600,-166848,0
632,0.6319,0.63190001,0.63190003,0.631901,0.631901,31595001,31595002,-5242880,-5053853,1,0,1,0,0,27,886851,4377476,0,4098226,0,0,0,0,886851,-189027,-3490625,-279250,0,27,886851,4377476,0,4098226,0,0,0,0,886851,-189027,-3490625,-279250,0
633,0.6329,0.63290001,0.63290003,0.632901,0.632901,31645001,31645002,-5242880,-5025342,1,0,1,0,0,2,81109,4098226,0,3776857,0,0,0,0,81109,-217538,-4017117,-321369,0,2,81109,4098226,0,3776857,0,0,0,0,81109,-217538,-4017117,-321369,0
634,0.6339,0.63390001,0.63390003,0.633901,0.633901,31695001,31695002,-5242880,-5010625,1,0,1,0,0,-16,-512028,3776857,0,3433746,0,0,0,0,-512028,-232255,-4288885,-343111,0,-16,-512028,3776857,0,3433746,0,0,0,0,-512028,-232255,-4288885,-343111,0
635,0.6349,0.63490001,0.63490003,0.634901,0.634901,31745001,31745002,-5242880,-5004095,1,0,1,0,0,-30,-975724,3433746,0,3080988,0,0,0,0,-975724,-238785,-4409470,-352758,0,-30,-975724,3433746,0,3080988,0,0,0,0,-975724,-238785,-4409470,-352758,0
636,0.6359,0.63590001,0.63590003,0.635901,0.635901,31795001,31795002,-5242880,-4998052,1,0,1,0,0,-44,-1440074,3080988,0,2719303,0,0,0,0,-1440074,-244828,-4521062,-361685,0,-44,-1440074,3080988,0,2719303,0,0,0,0,-1440074,-244828,-4521062,-361685,0
637,0.6369,0.63690001,0.63690003,0.636901,0.636901,31845001,31845002,-5242880,-4992436,1,0,1,0,0,-58,-1905466,2719303,0,2349321,0,0,0,0,-1905466,-250444,-4624769,-369982,0,-58,-1905466,2719303,0,2349321,0,0,0,0,-1905466,-250444,-4624769,-369982,0
638,0.6379,0.63790001,0.63790003,0.637901,0.637901,31895001,31895002,-5242880,-4987350,1,0,1,0,0,-72,-2369367,2349321,0,1971826,0,0,0,0,-2369367,-255530,-4718688,-377495,0,-72,-2369367,2349321,0,1971826,0,0,0,0,-2369367,-255530,-4718688,-377495,0
639,0.6389,0.63890001,0.63890003,0.638901,0.638901,31945001,31945002,-5242880,-4982715,1,0,1,0,0,-86,-2832453,1971826,0,1587484,0,0,0,0,-2832453,-260165,-4804279,-384342,0,-86,-2832453,1971826,0,1587484,0,0,0,0,-2832453,-260165,-4804279,-384342,0
640,0.6399,0.63990001,0.63990003,0.639901,0.639901,31995001,31995002,-5242880,-4978289,1,0,1,0,0,-101,-3298527,1587484,0,1196603,0,0,0,0,-3298527,-264591,-4886011,-390881,0,-101,-3298527,1587484,0,1196603,0,0,0,0,-3298527,-264591,-4886011,-390881,0
641,0.6409,0.64090001,0.64090003,0.640901,0.640901,32045001,32045002,-5242880,-4974293,1,0,1,0,0,-115,-3763199,1196603,0,799819,0,0,0,0,-3763199,-268587,-4959802,-396784,0,-115,-3763199,1196603,0,799819,0,0,0,0,-3763199,-268587,-4959802,-396784,0
642,0.6419,0.64190001,0.64190003,0.641901,0.641901,32095001,32095002,-5242880,-4970732,1,0,1,0,0,-129,-4225742,799819,0,397774,0,0,0,0,-4225742,-272148,-5025561,-402045,0,-129,-4225742,799819,0,397774,0,0,0,0,-4225742,-272148,-5025561,-402045,0
643,0.6429,0.64290001,0.64290003,0.642901,0.642901,32145001,32145002,-5242880,-4967735,1,0,1,0,0,-143,-4683130,397774,0,-8698,0,0,0,0,-4683130,-275145,-5080904,-406472,0,-143,-4683130,397774,0,-8698,0,0,0,0,-4683130,-275145,-5080904,-406472,0
644,0.6439,0.64390001,0.64390003,0.643901,0.643901,32195001,32195002,-5242880,-4965303,1,0,1,0,0,-157,-5134512,-8698,0,-418763,0,0,0,0,-5134512,-277577,-5125814,-410065,0,-157,-5134512,-8698,0,-418763,0,0,0,0,-5134512,-277577,-5125814,-410065,0
645,0.6449,0.64490001,0.64490003,0.644901,0.644901,32245001,32245002,-5242880,-4963356,1,0,1,0,0,-170,-5580531,-418763,0,-831705,0,0,0,0,-5580531,-279524,-5161768,-412942,0,-170,-5580531,-418763,0,-831705,0,0,0,0,-5580531,-279524,-5161768,-412942,0
646,0.6459,0.64590001,0.64590003,0.645901,0.645901,32295001,32295002,-5242880,-4961954,1,0,1,0,0,-184,-6019363,-831705,0,-1246718,0,0,0,0,-6019363,-280926,-5187658,-415013,0,-184,-6019363,-831705,0,-1246718,0,0,0,0,-6019363,-280926,-5187658,-415013,0
647,0.6469,0.64690001,0.64690003,0.646901,0.646901,32345001,32345002,-5242880,-4961724,1,0,1,0,0,-196,-6438623,-1246718,0,-1662070,0,0,0,0,-6438623,-281156,-5191905,-415352,0,-196,-6438623,-1246718,0,-1662070,0,0,0,0,-6438623,-281156,-5191905,-415352,0
648,0.6479,0.64790001,0.64790003,0.647901,0.647901,32395001,32395002,-5242880,-4961876,1,0,1,0,0,-209,-6851168,-1662070,0,-2077198,0,0,0,0,-6851168,-281004,-5189098,-415128,0,-209,-6851168,-1662070,0,-2077198,0,0,0,0,-6851168,-281004,-5189098,-415128,0
649,0.6489,0.64890001,0.64890003,0.648901,0.648901,32445001,32445002,-5242880,-4962872,1,0,1,0,0,-221,-7247904,-2077198,0,-2490855,0,0,0,0,-7247904,-280008,-5170706,-413657,0,-221,-7247904,-2077198,0,-2490855,0,0,0,0,-7247904,-280008,-5170706,-413657,0
650,0.6499,0.64990001,0.64990003,0.649901,0.649901,32495001,32495002,-5242880,-4964967,1,0,1,0,0,-233,-7622874,-2490855,0,-2901417,0,0,0,0,-7622874,-277913,-5132019,-410562,0,-233,-7622874,-2490855,0,-2901417,0,0,0,0,-7622874,-277913,-5132019,-410562,0
651,0.6509,0.65090001,0.65090003,0.650901,0.650901,32545001,32545002,-5242880,-4967767,1,0,1,0,0,-244,-7981730,-2901417,0,-3307842,0,0,0,0,-7981730,-275113,-5080313,-406425,0,-244,-7981730,-2901417,0,-3307842,0,0,0,0,-7981730,-275113,-5080313,-406425,0
652,0.6519,0.65190001,0.65190003,0.651901,0.651901,32595001,32595002,-5242880,-4971451,1,0,1,0,0,-254,-8320125,-3307842,0,-3708825,0,0,0,0,-8320125,-271429,-5012283,-400983,0,-254,-8320125,-3307842,0,-3708825,0,0,0,0,-8320125,-271429,-5012283,-400983,0
653,0.6529,0.65290001,0.65290003,0.652901,0.652901,32645001,32645002,-5242880,-4975963,1,0,1,0,0,-264,-8637789,-3708825,0,-4103142,0,0,0,0,-8637789,-266917,-4928964,-394317,0,-264,-8637789,-3708825,0,-4103142,0,0,0,0,-8637789,-266917,-4928964,-394317,0
654,0.6539,0.65390001,0.65390003,0.653901,0.653901,32695001,32695002,-5242880,-4982780,1,0,1,0,0,-272,-8906221,-4103142,0,-4487388,0,0,0,0,-8906221,-260100,-4803079,-384246,0,-272,-8906221,-4103142,0,-4487388,0,0,0,0,-8906221,-260100,-4803079,-384246,0
655,0.6549,0.65490001,0.65490003,0.654901,0.654901,32745001,32745002,-5242880,-5081657,1,0,1,0,0,-228,-7464577,-4487388,0,-4725563,0,0,0,0,-7464577,-161223,-2977189,-238175,0,-228,-7464577,-4487388,0,-4725563,0,0,0,0,-7464577,-161223,-2977189,-238175,0
656,0.6559,0.65590001,0.65590003,0.655901,0.655901,32795001,32795002,-5242880,-5256645,1,0,1,0,0,-136,-4471375,-4725563,0,-4705228,0,0,0,0,-4471375,13765,254188,20335,0,-136,-4471375,-4725563,0,-4705228,0,0,0,0,-4471375,13765,254188,20335,0
657,0.6569,0.65690001,0.65690003,0.656901,0.656901,32845001,32845002,-5242880,-5377662,1,0,1,0,0,-68,-2216306,-4705228,0,-4506114,0,0,0,0,-2216306,134782,2488922,199114,0,-68,-2216306,-4705228,0,-4506114,0,0,0,0,-2216306,134782,2488922,199114,0
658,0.6579,0.65790001,0.65790003,0.657901,0.657901,32895001,32895002,-5242880,-5449200,1,0,1,0,0,-21,-696152,-4506114,0,-4201317,0,0,0,0,-696152,206320,3809962,304797,0,-21,-696152,-4506114,0,-4201317,0,0,0,0,-696152,206320,3809962,304797,0
659,0.6589,0.65890001,0.65890003,0.658901,0.658901,32945001,32945002,-5242880,-5474664,1,0,1,0,0,2,78871,-4201317,0,-3858902,0,0,0,0,78871,231784,4280188,342415,0,2,78871,-4201317,0,-3858902,0,0,0,0,78871,231784,4280188,342415,0
660,0.6599,0.65990001,0.65990003,0.659901,0.659901,32995001,32995002,-5242880,-5484565,1,0,1,0,0,18,604120,-3858902,0,-3501860,0,0,0,0,604120,241685,4463022,357042,0,18,604120,-3858902,0,-3501860,0,0,0,0,604120,241685,4463022,357042,0
661,0.6609,0.66090001,0.66090003,0.660901,0.660901,33045001,33045002,-5242880,-5492059,1,0,1,0,0,34,1099549,-3501860,0,-3133747,0,0,0,0,1099549,249179,4601409,368113,0,34,1099549,-3501860,0,-3133747,0,0,0,0,1099549,249179,4601409,368113,0
662,0.6619,0.66190001,0.66190003,0.661901,0.661901,33095001,33095002,-5242880,-5499012,1,0,1,0,0,49,1596058,-3133747,0,-2755363,0,0,0,0,1596058,256132,4729805,378384,0,49,1596058,-3133747,0,-2755363,0,0,0,0,1596058,256132,4729805,378384,0
663,0.6629,0.66290001,0.66290003,0.662901,0.662901,33145001,33145002,-5242880,-5505353,1,0,1,0,0,64,2091536,-2755363,0,-2367611,0,0,0,0,2091536,262473,4846899,387752,0,64,2091536,-2755363,0,-2367611,0,0,0,0,2091536,262473,4846899,387752,0
664,0.6639,0.66390001,0.66390003,0.663901,0.663901,33195001,33195002,-5242880,-5511059,1,0,1,0,0,79,2584657,-2367611,0,-1971429,0,0,0,0,2584657,268179,4952268,396182,0,79,2584657,-2367611,0,-1971429,0,0,0,0,2584657,268179,4952268,396182,0
665,0.6649,0.66490001,0.66490003,0.664901,0.664901,33245001,33245002,-5242880,-5515951,1,0,1,0,0,94,3071176,-1971429,0,-1568021,0,0,0,0,3071176,273071,5042605,403408,0,94,3071176,-1971429,0,-1568021,0,0,0,0,3071176,273071,5042605,403408,0
666,0.6659,0.66590001,0.66590003,0.665901,0.665901,33295001,33295002,-5242880,-5520192,1,0,1,0,0,108,3552900,-1568021,0,-1158347,0,0,0,0,3552900,277312,5120921,409674,0,108,3552900,-1568021,0,-1158347,0,0,0,0,3552900,277312,5120921,409674,0
667,0.6669,0.66690001,0.66690003,0.666901,0.666901,33345001,33345002,-5242880,-5524140,1,0,1,0,0,123,4035478,-1158347,0,-742841,0,0,0,0,4035478,281260,5193825,415506,0,123,4035478,-1158347,0,-742841,0,0,0,0,4035478,281260,5193825,415506,0
668,0.6679,0.66790001,0.66790003,0.667901,0.667901,33395001,33395002,-5242880,-5527747,1,0,1,0,0,138,4517592,-742841,0,-322006,0,0,0,0,4517592,284867,5260433,420835,0,138,4517592,-742841,0,-322006,0,0,0,0,4517592,284867,5260433,420835,0
669,0.6689,0.66890001,0.66890003,0.668901,0.668901,33445001,33445002,-5242880,-5531152,1,0,1,0,0,153,5001305,-322006,0,103859,0,0,0,0,5001305,288272,5323311,425865,0,153,5001305,-322006,0,103859,0,0,0,0,5001305,288272,5323311,425865,0
670,0.6699,0.66990001,0.66990003,0.669901,0.669901,33495001,33495002,-5242880,-5533674,1,0,1,0,0,167,5473742,103859,0,533450,0,0,0,0,5473742,290794,5369883,429591,0,167,5473742,103859,0,533450,0,0,0,0,5473742,290794,5369883,429591,0
671,0.6709,0.67090001,0.67090003,0.670901,0.670901,33545001,33545002,-5242880,-5535710,1,0,1,0,0,181,5940930,533450,0,966049,0,0,0,0,5940930,292830,5407480,432599,0,181,5940930,533450,0,966049,0,0,0,0,5940930,292830,5407480,432599,0
672,0.6719,0.67190001,0.67190003,0.671901,0.671901,33595001,33595002,-5242880,-5536774,1,0,1,0,0,195,6393177,966049,0,1400219,0,0,0,0,6393177,293894,5427128,434170,0,195,6393177,966049,0,1400219,0,0,0,0,6393177,293894,5427128,434170,0
673,0.6729,0.67290001,0.67290003,0.672901,0.672901,33645001,33645002,-5242880,-5536883,1,0,1,0,0,208,6829360,1400219,0,1834550,0,0,0,0,6829360,294003,5429141,434331,0,208,6829360,1400219,0,1834550,0,0,0,0,6829360,294003,5429141,434331,0
674,0.6739,0.67390001,0.67390003,0.673901,0.673901,33695001,33695002,-5242880,-5536623,1,0,1,0,0,222,7258890,1834550,0,2268497,0,0,0,0,7258890,293743,5424340,433947,0,222,7258890,1834550,0,2268497,0,0,0,0,7258890,293743,5424340,433947,0
675,0.6749,0.67490001,0.67490003,0.674901,0.674901,33745001,33745002,-5242880,-5535112,1,0,1,0,0,234,7664934,2268497,0,2700212,0,0,0,0,7664934,292232,5396437,431715,0,234,7664934,2268497,0,2700212,0,0,0,0,7664934,292232,5396437,431715,0
676,0.6759,0.67590001,0.67590003,0.675901,0.675901,33795001,33795002,-5242880,-5532934,1,0,1,0,0,246,8056430,2700212,0,3128710,0,0,0,0,8056430,290054,5356218,428498,0,246,8056430,2700212,0,3128710,0,0,0,0,8056430,290054,5356218,428498,0
677,0.6769,0.67690001,0.67690003,0.676901,0.676901,33845001,33845002,-5242880,-5529834,1,0,1,0,0,257,8427682,3128710,0,3552628,0,0,0,0,8427682,286954,5298972,423918,0,257,8427682,3128710,0,3552628,0,0,0,0,8427682,286954,5298972,423918,0
678,0.6779,0.67790001,0.67790003,0.677901,0.677901,33895001,33895002,-5242880,-5525790,1,0,1,0,0,268,8776923,3552628,0,3970572,0,0,0,0,8776923,282910,5224295,417944,0,268,8776923,3552628,0,3970572,0,0,0,0,8776923,282910,5224295,417944,0
679,0.6789,0.67890001,0.67890003,0.678901,0.678901,33945001,33945002,-5242880,-5520644,1,0,1,0,0,278,9099839,3970572,0,4380913,0,0,0,0,9099839,277764,5129267,410341,0,278,9099839,3970572,0,4380913,0,0,0,0,9099839,277764,5129267,410341,0
680,0.6799,0.67990001,0.67990003,0.679901,0.679901,33995001,33995002,-5242880,-5462851,1,0,1,0,0,258,8442959,4380913,0,4705877,0,0,0,0,8442959,219971,4062046,324964,0,258,8442959,4380913,0,4705877,0,0,0,0,8442959,219971,4062046,324964,0
681,0.6809,0.68090001,0.68090003,0.680901,0.680901,34045001,34045002,-5242880,-5299256,1,0,1,0,0,175,5746932,4705877,0,4789161,0,0,0,0,5746932,56376,1041055,83284,0,175,5746932,4705877,0,4789161,0,0,0,0,5746932,56376,1041055,83284,0
682,0.6819,0.68190001,0.68190003,0.681901,0.681901,34095001,34095002,-5242880,-5155557,1,0,1,0,0,97,3176630,4789161,0,4660159,0,0,0,0,3176630,-87323,-1612531,-129002,0,97,3176630,4789161,0,4660159,0,0,0,0,3176630,-87323,-1612531,-129002,0
683,0.6829,0.68290001,0.68290003,0.682901,0.682901,34145001,34145002,-5242880,-5068043,1,0,1,0,0,44,1431570,4660159,0,4401872,0,0,0,0,1431570,-174837,-3228589,-258287,0,44,1431570,4660159,0,4401872,0,0,0,0,1431570,-174837,-3228589,-258287,0
684,0.6839,0.68390001,0.68390003,0.683901,0.683901,34195001,34195002,-5242880,-5012070,1,0,1,0,0,4,139670,4401872,0,4060896,0,0,0,0,139670,-230810,-4262202,-340976,0,4,139670,4401872,0,4060896,0,0,0,0,139670,-230810,-4262202,-340976,0
685,0.6849,0.68490001,0.68490003,0.684901,0.684901,34245001,34245002,-5242880,-4991882,1,0,1,0,0,-18,-574103,4060896,0,3690096,0,0,0,0,-574103,-250998,-4634999,-370800,0,-18,-574103,4060896,0,3690096,0,0,0,0,-574103,-250998,-4634999,-370800,0
686,0.6859,0.68590001,0.68590003,0.685901,0.685901,34295001,34295002,-5242880,-4984801,1,0,1,0,0,-33,-1075663,3690096,0,3308835,0,0,0,0,-1075663,-258079,-4765759,-381261,0,-33,-1075663,3690096,0,3308835,0,0,0,0,-1075663,-258079,-4765759,-381261,0
687,0.6869,0.68690001,0.68690003,0.686901,0.686901,34345001,34345002,-5242880,-4978928,1,0,1,0,0,-48,-1565376,3308835,0,2918898,0,0,0,0,-1565376,-263952,-4874211,-389937,0,-48,-1565376,3308835,0,2918898,0,0,0,0,-1565376,-263952,-4874211,-389937,0
688,0.6879,0.68790001,0.68790003,0.687901,0.687901,34395001,34395002,-5242880,-4973494,1,0,1,0,0,-63,-2055659,2918898,0,2520933,0,0,0,0,-2055659,-269386,-4974557,-397965,0,-63,-2055659,2918898,0,2520933,0,0,0,0,-2055659,-269386,-4974557,-397965,0
689,0.6889,0.68890001,0.68890003,0.688901,0.688901,34445001,34445002,-5242880,-4968449,1,0,1,0,0,-78,-2546786,2520933,0,2115515,0,0,0,0,-2546786,-274431,-5067719,-405418,0,-78,-2546786,2520933,0,2115515,0,0,0,0,-2546786,-274431,-5067719,-405418,0
690,0.6899,0.68990001,0.68990003,0.689901,0.689901,34495001,34495002,-5242880,-4963719,1,0,1,0,0,-93,-3039550,2115515,0,1703110,0,0,0,0,-3039550,-279161,-5155065,-412405,0,-93,-3039550,2115515,0,1703110,0,0,0,0,-3039550,-279161,-5155065,-412405,0
691,0.6909,0.69090001,0.69090003,0.690901,0.690901,34545001,34545002,-5242880,-4959348,1,0,1,0,0,-108,-3532671,1703110,0,1284247,0,0,0,0,-3532671,-283532,-5235781,-418863,0,-108,-3532671,1703110,0,1284247,0,0,0,0,-3532671,-283532,-5235781,-418863,0
692,0.6919,0.69190001,0.69190003,0.691901,0.691901,34595001,34595002,-5242880,-4955172,1,0,1,0,0,-123,-4028649,1284247,0,859215,0,0,0,0,-4028649,-287708,-5312896,-425032,0,-123,-4028649,1284247,0,859215,0,0,0,0,-4028649,-287708,-5312896,-425032,0
693,0.6929,0.69290001,0.69290003,0.692901,0.692901,34645001,34645002,-5242880,-4951660,1,0,1,0,0,-138,-4518535,859215,0,428995,0,0,0,0,-4518535,-291220,-5377750,-430220,0,-138,-4518535,859215,0,428995,0,0,0,0,-4518535,-291220,-5377750,-430220,0
694,0.6939,0.69390001,0.69390003,0.693901,0.693901,34695001,34695002,-5242880,-4948833,1,0,1,0,0,-153,-5000959,428995,0,-5401,0,0,0,0,-5000959,-294047,-5429954,-434396,0,-153,-5000959,428995,0,-5401,0,0,0,0,-5000959,-294047,-5429954,-434396,0
695,0.6949,0.69490001,0.69490003,0.694901,0.694901,34745001,34745002,-5242880,-4946516,1,0,1,0,0,-167,-5478141,-5401,0,-443220,0,0,0,0,-5478141,-296364,-5472740,-437819,0,-167,-5478141,-5401,0,-443220,0,0,0,0,-5478141,-296364,-5472740,-437819,0
696,0.6959,0.69590001,0.69590003,0.695901,0.695901,34795001,34795002,-5242880,-4944877,1,0,1,0,0,-181,-5946226,-443220,0,-883461,0,0,0,0,-5946226,-298003,-5503006,-440241,0,-181,-5946226,-443220,0,-883461,0,0,0,0,-5946226,-298003,-5503006,-440241,0
697,0.6969,0.69690001,0.69690003,0.696901,0.696901,34845001,34845002,-5242880,-4943758,1,0,1,0,0,-196,-6407131,-883461,0,-1325355,0,0,0,0,-6407131,-299122,-5523670,-441894,0,-196,-6407131,-883461,0,-1325355,0,0,0,0,-6407131,-299122,-5523670,-441894,0
698,0.6979,0.69790001,0.69790003,0.697901,0.697901,34895001,34895002,-5242880,-4943627,1,0,1,0,0,-209,-6851444,-1325355,0,-1767442,0,0,0,0,-6851444,-299253,-5526089,-442087,0,-209,-6851444,-1325355,0,-1767442,0,0,0,0,-6851444,-299253,-5526089,-442087,0
699,0.6989,0.69890001,0.69890003,0.698901,0.698901,34945001,34945002,-5242880,-4944196,1,0,1,0,0,-222,-7283024,-1767442,0,-2208689,0,0,0,0,-7283024,-298684,-5515582,-441247,0,-222,-7283024,-1767442,0,-2208689,0,0,0,0,-7283024,-298684,-5515582,-441247,0
700,0.6999,0.69990001,0.69990003,0.699901,0.699901,34995001,34995002,-5242880,-4945761,1,0,1,0,0,-235,-7695371,-2208689,0,-2647624,0,0,0,0,-7695371,-297119,-5486682,-438935,0,-235,-7695371,-2208689,0,-2647624,0,0,0,0,-7695371,-297119,-5486682,-438935,0
701,0.7009,0.70090001,0.70090003,0.700901,0.700901,35045001,35045002,-5242880,-4948071,1,0,1,0,0,-247,-8091649,-2647624,0,-3083146,0,0,0,0,-8091649,-294809,-5444025,-435522,0,-247,-8091649,-2647624,0,-3083146,0,0,0,0,-8091649,-294809,-5444025,-435522,0
702,0.7019,0.70190001,0.70190003,0.701901,0.701901,35095001,35095002,-5242880,-4951371,1,0,1,0,0,-258,-8466232,-3083146,0,-3513793,0,0,0,0,-8466232,-291509,-5383086,-430647,0,-258,-8466232,-3083146,0,-3513793,0,0,0,0,-8466232,-291509,-5383086,-430647,0
703,0.7029,0.70290001,0.70290003,0.702901,0.702901,35145001,35145002,-5242880,-4955620,1,0,1,0,0,-269,-8818416,-3513793,0,-3938163,0,0,0,0,-8818416,-287260,-5304623,-424370,0,-269,-8818416,-3513793,0,-3938163,0,0,0,0,-8818416,-287260,-5304623,-424370,0
704,0.7039,0.70390001,0.70390003,0.703901,0.703901,35195001,35195002,-5242880,-4961211,1,0,1,0,0,-279,-9139541,-3938163,0,-4354273,0,0,0,0,-9139541,-281669,-5201378,-416110,0,-279,-9139541,-3938163,0,-4354273,0,0,0,0,-9139541,-281669,-5201378,-416110,0
705,0.7049,0.70490001,0.70490003,0.704901,0.704901,35245001,35245002,-5242880,-5017138,1,0,1,0,0,-260,-8522888,-4354273,0,-4687762,0,0,0,0,-8522888,-225742,-4168615,-333489,0,-260,-8522888,-4354273,0,-4687762,0,0,0,0,-8522888,-225742,-4168615,-333489,0
706,0.7059,0.70590001,0.70590003,0.705901,0.705901,35295001,35295002,-5242880,-5186893,1,0,1,0,0,-175,-5721634,-4687762,0,-4770472,0,0,0,0,-5721634,-55987,-1033872,-82710,0,-175,-5721634,-4687762,0,-4770472,0,0,0,0,-5721634,-55987,-1033872,-82710,0
707,0.7069,0.70690001,0.70690003,0.706901,0.706901,35345001,35345002,-5242880,-5341001,1,0,1,0,0,-90,-2958542,-4770472,0,-4625518,0,0,0,0,-2958542,98121,1811930,144954,0,-90,-2958542,-4770472,0,-4625518,0,0,0,0,-2958542,98121,1811930,144954,0
708,0.7079,0.70790001,0.70790003,0.707901,0.707901,35395001,35395002,-5242880,-5433033,1,0,1,0,0,-34,-1114100,-4625518,0,-4344604,0,0,0,0,-1114100,190153,3511418,280914,0,-34,-1114100,-4625518,0,-4344604,0,0,0,0,-1114100,190153,3511418,280914,0
709,0.7089,0.70890001,0.70890003,0.708901,0.708901,35445001,35445002,-5242880,-5468776,1,0,1,0,0,-5,-173146,-4344604,0,-4010887,0,0,0,0,-173146,225896,4171458,333717,0,-5,-173146,-4344604,0,-4010887,0,0,0,0,-173146,225896,4171458,333717,0
710,0.7099,0.70990001,0.70990003,0.709901,0.709901,35495001,35495002,-5242880,-5485067,1,0,1,0,0,14,461405,-4010887,0,-3653104,0,0,0,0,461405,242187,4472292,357783,0,14,461405,-4010887,0,-3653104,0,0,0,0,461405,242187,4472292,357783,0
711,0.7109,0.71090001,0.71090003,0.710901,0.710901,35545001,35545002,-5242880,-5491965,1,0,1,0,0,29,946569,-3653104,0,-3285130,0,0,0,0,946569,249085,4599673,367974,0,29,946569,-3653104,0,-3285130,0,0,0,0,946569,249085,4599673,367974,0
712,0.7119,0.71190001,0.71190003,0.711901,0.711901,35595001,35595002,-5242880,-5498505,1,0,1,0,0,44,1435312,-3285130,0,-2907495,0,0,0,0,1435312,255625,4720442,377635,0,44,1435312,-3285130,0,-2907495,0,0,0,0,1435312,255625,4720442,377635,0
713,0.7129,0.71290001,0.71290003,0.712901,0.712901,35645001,35645002,-5242880,-5504630,1,0,1,0,0,59,1926053,-2907495,0,-2520811,0,0,0,0,1926053,261750,4833548,386684,0,59,1926053,-2907495,0,-2520811,0,0,0,0,1926053,261750,4833548,386684,0
714,0.7139,0.71390001,0.71390003,0.713901,0.713901,35695001,35695002,-5242880,-5510049,1,0,1,0,0,74,2412806,-2520811,0,-2126122,0,0,0,0,2412806,267169,4933617,394689,0,74,2412806,-2520811,0,-2126122,0,0,0,0,2412806,267169,4933617,394689,0
715,0.7149,0.71490001,0.71490003,0.714901,0.714901,35745001,35745002,-5242880,-5514934,1,0,1,0,0,88,2897703,-2126122,0,-1724216,0,0,0,0,2897703,272054,5023825,401906,0,88,2897703,-2126122,0,-1724216,0,0,0,0,2897703,272054,5023825,401906,0
716,0.7159,0.71590001,0.71590003,0.715901,0.715901,35795001,35795002,-5242880,-5519470,1,0,1,0,0,103,3383372,-1724216,0,-1315609,0,0,0,0,3383372,276590,5107588,408607,0,103,3383372,-1724216,0,-1315609,0,0,0,0,3383372,276590,5107588,408607,0
717,0.7169,0.71690001,0.71690003,0.716901,0.716901,35845001,35845002,-5242880,-5523692,1,0,1,0,0,118,3869943,-1315609,0,-900765,0,0,0,0,3869943,280812,5185552,414844,0,118,3869943,-1315609,0,-900765,0,0,0,0,3869943,280812,5185552,414844,0
718,0.7179,0.71790001,0.71790003,0.717901,0.717901,35895001,35895002,-5242880,-5527359,1,0,1,0,0,133,4352503,-900765,0,-480503,0,0,0,0,4352503,284479,5253268,420262,0,133,4352503,-900765,0,-480503,0,0,0,0,4352503,284479,5253268,420262,0
719,0.7189,0.71890001,0.71890003,0.718901,0.718901,35945001,35945002,-5242880,-5530552,1,0,1,0,0,147,4831728,-480503,0,-55524,0,0,0,0,4831728,287672,5312231,424979,0,147,4831728,-480503,0,-55524,0,0,0,0,4831728,287672,5312231,424979,0
720,0.7199,0.71990001,0.71990003,0.719901,0.719901,35995001,35995002,-5242880,-5533101,1,0,1,0,0,162,5303778,-55524,0,373220,0,0,0,0,5303778,290221,5359302,428744,0,162,5303778,-55524,0,373220,0,0,0,0,5303778,290221,5359302,428744,0
721,0.7209,0.72090001,0.72090003,0.720901,0.720901,36045001,36045002,-5242880,-5535036,1,0,1,0,0,176,5768254,373220,0,804823,0,0,0,0,5768254,292156,5395034,431603,0,176,5768254,373220,0,804823,0,0,0,0,5768254,292156,5395034,431603,0
722,0.7219,0.72190001,0.72190003,0.721901,0.721901,36095001,36095002,-5242880,-5536547,1,0,1,0,0,190,6227759,804823,0,1238658,0,0,0,0,6227759,293667,5422936,433835,0,190,6227759,804823,0,1238658,0,0,0,0,6227759,293667,5422936,433835,0
723,0.7229,0.72290001,0.72290003,0.722901,0.722901,36145001,36145002,-5242880,-5537073,1,0,1,0,0,204,6671308,1238658,0,1673270,0,0,0,0,6671308,294193,5432650,434612,0,204,6671308,1238658,0,1673270,0,0,0,0,6671308,294193,5432650,434612,0
724,0.7239,0.72390001,0.72390003,0.723901,0.723901,36195001,36195002,-5242880,-5536829,1,0,1,0,0,217,7101414,1673270,0,2107522,0,0,0,0,7101414,293949,5428144,434252,0,217,7101414,1673270,0,2107522,0,0,0,0,7101414,293949,5428144,434252,0
725,0.7249,0.72490001,0.72490003,0.724901,0.724901,36245001,36245002,-5242880,-5535563,1,0,1,0,0,229,7512288,2107522,0,2539903,0,0,0,0,7512288,292683,5404766,432381,0,229,7512288,2107522,0,2539903,0,0,0,0,7512288,292683,5404766,432381,0
726,0.7259,0.72590001,0.72590003,0.725901,0.725901,36295001,36295002,-5242880,-5533745,1,0,1,0,0,241,7911097,2539903,0,2969599,0,0,0,0,7911097,290865,5371194,429696,0,241,7911097,2539903,0,2969599,0,0,0,0,7911097,290865,5371194,429696,0
727,0.7269,0.72690001,0.72690003,0.726901,0.726901,36345001,36345002,-5242880,-5530921,1,0,1,0,0,253,8288644,2969599,0,3395123,0,0,0,0,8288644,288041,5319045,425524,0,253,8288644,2969599,0,3395123,0,0,0,0,8288644,288041,5319045,425524,0
728,0.7279,0.72790001,0.72790003,0.727901,0.727901,36395001,36395002,-5242880,-5527011,1,0,1,0,0,264,8641965,3395123,0,3814870,0,0,0,0,8641965,284131,5246842,419747,0,264,8641965,3395123,0,3814870,0,0,0,0,8641965,284131,5246842,419747,0
729,0.7289,0.72890001,0.72890003,0.728901,0.728901,36445001,36445002,-5242880,-5522280,1,0,1,0,0,274,8974348,3814870,0,4227628,0,0,0,0,8974348,279400,5159478,412758,0,274,8974348,3814870,0,4227628,0,0,0,0,8974348,279400,5159478,412758,0
730,0.7299,0.72990001,0.72990003,0.729901,0.729901,36495001,36495002,-5242880,-5504508,1,0,1,0,0,276,9058923,4227628,0,4614132,0,0,0,0,9058923,261628,4831295,386504,0,276,9058923,4227628,0,4614132,0,0,0,0,9058923,261628,4831295,386504,0
731,0.7309,0.73090001,0.73090003,0.730901,0.730901,36545001,36545002,-5242880,-5353287,1,0,1,0,0,203,6652938,4614132,0,4777237,0,0,0,0,6652938,110407,2038806,163105,0,203,6652938,4614132,0,4777237,0,0,0,0,6652938,110407,2038806,163105,0
732,0.7319,0.73190001,0.73190003,0.731901,0.731901,36595001,36595002,-5242880,-5194221,1,0,1,0,0,118,3878686,4777237,0,4705353,0,0,0,0,3878686,-48659,-898551,-71884,0,118,3878686,4777237,0,4705353,0,0,0,0,3878686,-48659,-898551,-71884,0
733,0.7329,0.73290001,0.73290003,0.732901,0.732901,36645001,36645002,-5242880,-5094730,1,0,1,0,0,60,1969574,4705353,0,4486491,0,0,0,0,1969574,-148150,-2735779,-218862,0,60,1969574,4705353,0,4486491,0,0,0,0,1969574,-148150,-2735779,-218862,0
734,0.7339,0.73390001,0.73390003,0.733901,0.733901,36695001,36695002,-5242880,-5018327,1,0,1,0,0,10,339833,4486491,0,4154758,0,0,0,0,339833,-224553,-4146658,-331733,0,10,339833,4486491,0,4154758,0,0,0,0,339833,-224553,-4146658,-331733,0
735,0.7349,0.73490001,0.73490003,0.734901,0.734901,36745001,36745002,-5242880,-4994705,1,0,1,0,0,-13,-428111,4154758,0,3788128,0,0,0,0,-428111,-248175,-4582869,-366630,0,-13,-428111,4154758,0,3788128,0,0,0,0,-428111,-248175,-4582869,-366630,0
736,0.7359,0.73590001,0.73590003,0.735901,0.735901,36795001,36795002,-5242880,-4988029,1,0,1,0,0,-28,-918021,3788128,0,3411636,0,0,0,0,-918021,-254851,-4706149,-376492,0,-28,-918021,3788128,0,3411636,0,0,0,0,-918021,-254851,-4706149,-376492,0
737,0.7369,0.73690001,0.73690003,0.736901,0.736901,36845001,36845002,-5242880,-4982242,1,0,1,0,0,-43,-1401378,3411636,0,3026595,0,0,0,0,-1401378,-260638,-4813014,-385041,0,-43,-1401378,3411636,0,3026595,0,0,0,0,-1401378,-260638,-4813014,-385041,0
738,0.7379,0.73790001,0.73790003,0.737901,0.737901,36895001,36895002,-5242880,-4976831,1,0,1,0,0,-58,-1886340,3026595,0,2633560,0,0,0,0,-1886340,-266049,-4912935,-393035,0,-58,-1886340,3026595,0,2633560,0,0,0,0,-1886340,-266049,-4912935,-393035,0
739,0.7389,0.73890001,0.73890003,0.738901,0.738901,36945001,36945002,-5242880,-4971697,1,0,1,0,0,-72,-2374181,2633560,0,2232941,0,0,0,0,-2374181,-271183,-5007741,-400619,0,-72,-2374181,2633560,0,2232941,0,0,0,0,-2374181,-271183,-5007741,-400619,0
740,0.7399,0.73990001,0.73990003,0.739901,0.739901,36995001,36995002,-5242880,-4966875,1,0,1,0,0,-87,-2863844,2232941,0,1825198,0,0,0,0,-2863844,-276005,-5096785,-407743,0,-87,-2863844,2232941,0,1825198,0,0,0,0,-2863844,-276005,-5096785,-407743,0
741,0.7409,0.74090001,0.74090003,0.740901,0.740901,37045001,37045002,-5242880,-4962293,1,0,1,0,0,-102,-3356200,1825198,0,1410686,0,0,0,0,-3356200,-280587,-5181398,-414512,0,-102,-3356200,1825198,0,1410686,0,0,0,0,-3356200,-280587,-5181398,-414512,0
742,0.7419,0.74190001,0.74190003,0.741901,0.741901,37095001,37095002,-5242880,-4957991,1,0,1,0,0,-117,-3850153,1410686,0,989819,0,0,0,0,-3850153,-284889,-5260839,-420867,0,-117,-3850153,1410686,0,989819,0,0,0,0,-3850153,-284889,-5260839,-420867,0
743,0.7429,0.74290001,0.74290003,0.742901,0.742901,37145001,37145002,-5242880,-4954243,1,0,1,0,0,-132,-4340232,989819,0,563415,0,0,0,0,-4340232,-288637,-5330051,-426404,0,-132,-4340232,989819,0,563415,0,0,0,0,-4340232,-288637,-5330051,-426404,0
744,0.7439,0.74390001,0.74390003,0.743901,0.743901,37195001,37195002,-5242880,-4951129,1,0,1,0,0,-147,-4824140,563415,0,132411,0,0,0,0,-4824140,-291751,-5387555,-431004,0,-147,-4824140,563415,0,132411,0,0,0,0,-4824140,-291751,-5387555,-431004,0
745,0.7449,0.74490001,0.74490003,0.744901,0.744901,37245001,37245002,-5242880,-4948624,1,0,1,0,0,-162,-5301402,132411,0,-302294,0,0,0,0,-5301402,-294256,-5433813,-434705,0,-162,-5301402,132411,0,-302294,0,0,0,0,-5301402,-294256,-5433813,-434705,0
746,0.7459,0.74590001,0.74590003,0.745901,0.745901,37295001,37295002,-5242880,-4946895,1,0,1,0,0,-176,-5768035,-302294,0,-739553,0,0,0,0,-5768035,-295985,-5465741,-437259,0,-176,-5768035,-302294,0,-739553,0,0,0,0,-5768035,-295985,-5465741,-437259,0
747,0.7469,0.74690001,0.74690003,0.746901,0.746901,37345001,37345002,-5242880,-4945545,1,0,1,0,0,-190,-6230224,-739553,0,-1178807,0,0,0,0,-6230224,-297335,-5490671,-439254,0,-190,-6230224,-739553,0,-1178807,0,0,0,0,-6230224,-297335,-5490671,-439254,0
748,0.7479,0.74790001,0.74790003,0.747901,0.747901,37395001,37395002,-5242880,-4944912,1,0,1,0,0,-204,-6681167,-1178807,0,-1618996,0,0,0,0,-6681167,-297968,-5502360,-440189,0,-204,-6681167,-1178807,0,-1618996,0,0,0,0,-6681167,-297968,-5502360,-440189,0
749,0.7489,0.74890001,0.74890003,0.748901,0.748901,37445001,37445002,-5242880,-4945317,1,0,1,0,0,-217,-7113877,-1618996,0,-2058587,0,0,0,0,-7113877,-297563,-5494881,-439591,0,-217,-7113877,-1618996,0,-2058587,0,0,0,0,-7113877,-297563,-5494881,-439591,0
750,0.7499,0.74990001,0.74990003,0.749901,0.749901,37495001,37495002,-5242880,-4946788,1,0,1,0,0,-230,-7526304,-2058587,0,-2496004,0,0,0,0,-7526304,-296092,-5467717,-437417,0,-230,-7526304,-2058587,0,-2496004,0,0,0,0,-7526304,-296092,-5467717,-437417,0
751,0.7509,0.75090001,0.75090003,0.750901,0.750901,37545001,37545002,-5195694,-4948670,1,0,1,0,0,-215,-7057618,-2496004,0,-2860933,0,0,0,0,-7057618,-247024,-4561614,-364929,0,-215,-7057618,-2496004,0,-2860933,0,0,0,0,-7057618,-247024,-4561614,-364929,0
752,0.7519,0.75190001,0.75190003,0.751901,0.751901,37595001,37595002,-5143265,-4951555,1,0,1,0,0,-195,-6401103,-2860933,0,-3144147,0,0,0,0,-6401103,-191710,-3540170,-283214,0,-195,-6401103,-2860933,0,-3144147,0,0,0,0,-6401103,-191710,-3540170,-283214,0
753,0.7529,0.75290001,0.75290003,0.752901,0.752901,37645001,37645002,-5090836,-4955274,1,0,1,0,0,-172,-5647473,-3144147,0,-3344413,0,0,0,0,-5647473,-135562,-2503326,-200266,0,-172,-5647473,-3144147,0,-3344413,0,0,0,0,-5647473,-135562,-2503326,-200266,0
754,0.7539,0.75390001,0.75390003,0.753901,0.753901,37695001,37695002,-5038408,-4959655,1,0,1,0,0,-146,-4798688,-3344413,0,-3460755,0,0,0,0,-4798688,-78753,-1454275,-116342,0,-146,-4798688,-3344413,0,-3460755,0,0,0,0,-4798688,-78753,-1454275,-116342,0
755,0.7549,0.75490001,0.75490003,0.754901,0.754901,37745001,37745002,-4985979,-4964331,1,0,1,0,0,-118,-3860513,-3460755,0,-3492736,0,0,0,0,-3860513,-21648,-399758,-31981,0,-118,-3860513,-3460755,0,-3492736,0,0,0,0,-3860513,-21648,-399758,-31981,0
756,0.7559,0.75590001,0.75590003,0.755901,0.755901,37795001,37795002,-4933550,-4969474,1,0,1,0,0,-86,-2829353,-3492736,0,-3439665,0,0,0,0,-2829353,35924,663383,53071,0,-86,-2829353,-3492736,0,-3439665,0,0,0,0,-2829353,35924,663383,53071,0
757,0.7569,0.75690001,0.75690003,0.756901,0.756901,37845001,37845002,-4881121,-4975192,1,0,1,0,0,-52,-1702524,-3439665,0,-3300694,0,0,0,0,-1702524,94071,1737141,138971,0,-52,-1702524,-3439665,0,-3300694,0,0,0,0,-1702524,94071,1737141,138971,0
758,0.7579,0.75790001,0.75790003,0.757901,0.757901,37895001,37895002,-4828692,-4981249,1,0,1,0,0,-15,-483534,-3300694,0,-3075321,0,0,0,0,-483534,152557,2817160,225373,0,-15,-483534,-3300694,0,-3075321,0,0,0,0,-483534,152557,2817160,225373,0
759,0.7589,0.75890001,0.75890003,0.758901,0.758901,37945001,37945002,-4776264,-4987278,1,0,1,0,0,25,821322,-3075321,0,-2763589,0,0,0,0,821322,211014,3896643,311732,0,25,821322,-3075321,0,-2763589,0,0,0,0,821322,211014,3896643,311732,0
760,0.7599,0.75990001,0.75990003,0.759901,0.759901,37995001,37995002,-4723835,-4993077,1,0,1,0,0,67,2208309,-2763589,0,-2365837,0,0,0,0,2208309,269242,4971898,397752,0,67,2208309,-2763589,0,-2365837,0,0,0,0,2208309,269242,4971898,397752,0
761,0.7609,0.76090001,0.76090003,0.760901,0.760901,38045001,38045002,-4671406,-4998363,1,0,1,0,0,112,3671842,-2365837,0,-1882823,0,0,0,0,3671842,326957,6037679,483014,0,112,3671842,-2365837,0,-1882823,0,0,0,0,3671842,326957,6037679,483014,0
762,0.7619,0.76190001,0.76190003,0.761901,0.761901,38095001,38095002,-4618977,-5003256,1,0,1,0,0,159,5213380,-1882823,0,-1315127,0,0,0,0,5213380,384279,7096203,567696,0,159,5213380,-1882823,0,-1315127,0,0,0,0,5213380,384279,7096203,567696,0
763,0.7629,0.76290001,0.76290003,0.762901,0.762901,38145001,38145002,-4566548,-5007650,1,0,1,0,0,208,6830385,-1315127,0,-663486,0,0,0,0,6830385,441102,8145512,651641,0,208,6830385,-1315127,0,-663486,0,0,0,0,6830385,441102,8145512,651641,0
764,0.7639,0.76390001,0.76390003,0.763901,0.763901,38195001,38195002,-4514120,-5011106,1,0,1,0,0,260,8513996,-663486,0,70713,0,0,0,0,8513996,496986,9177482,734199,0,260,8513996,-663486,0,70713,0,0,0,0,8513996,496986,9177482,734199,0
765,0.7649,0.76490001,0.76490003,0.764901,0.764901,38245001,38245002,-4461691,-5013436,1,0,1,0,0,313,10259390,70713,0,885807,0,0,0,0,10259390,551745,10188677,815094,0,313,10259390,70713,0,885807,0,0,0,0,10259390,551745,10188677,815094,0
766,0.7659,0.76590001,0.76590003,0.765901,0.765901,38295001,38295002,-4409262,-5014821,1,0,1,0,0,368,12068228,885807,0,1780401,0,0,0,0,12068228,605559,11182421,894594,0,368,12068228,885807,0,1780401,0,0,0,0,12068228,605559,11182421,894594,0
767,0.7669,0.76690001,0.76690003,0.766901,0.766901,38345001,38345002,-4356833,-5014470,1,0,1,0,0,425,13924509,1780401,0,2751930,0,0,0,0,13924509,657637,12144108,971529,0,425,13924509,1780401,0,2751930,0,0,0,0,13924509,657637,12144108,971529,0
768,0.7679,0.76790001,0.76790003,0.767901,0.767901,38395001,38395002,-4304404,-5012630,1,0,1,0,0,483,15830228,2751930,0,3798194,0,0,0,0,15830228,708226,13078298,1046264,0,483,15830228,2751930,0,3798194,0,0,0,0,15830228,708226,13078298,1046264,0
769,0.7689,0.76890001,0.76890003,0.768901,0.768901,38445001,38445002,-4251976,-5008896,1,0,1,0,0,542,17775689,3798194,0,4916394,0,0,0,0,17775689,756920,13977495,1118200,0,542,17775689,3798194,0,4916394,0,0,0,0,17775689,756920,13977495,1118200,0
770,0.7699,0.76990001,0.76990003,0.769901,0.769901,38495001,38495002,-4199547,-4974281,1,0,1,0,0,587,19222847,4916394,0,6060911,0,0,0,0,19222847,774734,14306453,1144517,0,587,19222847,4916394,0,6060911,0,0,0,0,19222847,774734,14306453,1144517,0
771,0.7709,0.77090001,0.77090003,0.770901,0.770901,38545001,38545002,-4147118,-4662080,1,0,1,0,0,475,15570342,6060911,0,6821666,0,0,0,0,15570342,514962,9509431,760755,0,475,15570342,6060911,0,6821666,0,0,0,0,15570342,514962,9509431,760755,0
772,0.7719,0.77190001,0.77190003,0.771901,0.771901,38595001,38595002,-4094689,-4291025,1,0,1,0,0,319,10447261,6821666,0,7111714,0,0,0,0,10447261,196336,3625595,290048,0,319,10447261,6821666,0,7111714,0,0,0,0,10447261,196336,3625595,290048,0
773,0.7729,0.77290001,0.77290003,0.772901,0.772901,38645001,38645002,-4042260,-4011394,1,0,1,0,0,200,6541734,7111714,0,7066116,0,0,0,0,6541734,-30866,-569980,-45598,0,200,6541734,7111714,0,7066116,0,0,0,0,6541734,-30866,-569980,-45598,0
774,0.7739,0.77390001,0.77390003,0.773901,0.773901,38695001,38695002,-3989832,-3830005,1,0,1,0,0,126,4114706,7066116,0,6830003,0,0,0,0,4114706,-159827,-2951410,-236113,0,126,4114706,7066116,0,6830003,0,0,0,0,4114706,-159827,-2951410,-236113,0
775,0.7749,0.77490001,0.77490003,0.774901,0.774901,38745001,38745002,-3937403,-3712190,1,0,1,0,0,82,2671157,6830003,0,6497295,0,0,0,0,2671157,-225213,-4158846,-332708,0,82,2671157,6830003,0,6497295,0,0,0,0,2671157,-225213,-4158846,-332708,0
776,0.7759,0.77590001,0.77590003,0.775901,0.775901,38795001,38795002,-3884974,-3634373,1,0,1,0,0,57,1869627,6497295,0,6127082,0,0,0,0,1869627,-250601,-4627668,-370213,0,57,1869627,6497295,0,6127082,0,0,0,0,1869627,-250601,-4627668,-370213,0
777,0.7769,0.77690001,0.77690003,0.776901,0.776901,38845001,38845002,-3832545,-3591792,1,0,1,0,0,51,1681270,6127082,0,5771417,0,0,0,0,1681270,-240753,-4445812,-355665,0,51,1681270,6127082,0,5771417,0,0,0,0,1681270,-240753,-4445812,-355665,0
778,0.7779,0.77790001,0.77790003,0.777901,0.777901,38895001,38895002,-3780116,-3546934,1,0,1,0,0,45,1465413,5771417,0,5426937,0,0,0,0,1465413,-233182,-4306004,-344480,0,45,1465413,5771417,0,5426937,0,0,0,0,1465413,-233182,-4306004,-344480,0
779,0.7789,0.77890001,0.77890003,0.778901,0.778901,38945001,38945002,-3727688,-3508849,1,0,1,0,0,42,1385795,5426937,0,5103646,0,0,0,0,1385795,-218839,-4041142,-323291,0,42,1385795,5426937,0,5103646,0,0,0,0,1385795,-218839,-4041142,-323291,0
780,0.7799,0.77990001,0.77990003,0.779901,0.779901,38995001,38995002,-3675259,-3474584,1,0,1,0,0,43,1397926,5103646,0,4807188,0,0,0,0,1397926,-200675,-3705720,-296458,0,43,1397926,5103646,0,4807188,0,0,0,0,1397926,-200675,-3705720,-296458,0
781,0.7809,0.78090001,0.78090003,0.780901,0.780901,39045001,39045002,-3622830,-3440363,1,0,1,0,0,44,1437702,4807188,0,4537629,0,0,0,0,1437702,-182467,-3369486,-269559,0,44,1437702,4807188,0,4537629,0,0,0,0,1437702,-182467,-3369486,-269559,0
782,0.7819,0.78190001,0.78190003,0.781901,0.781901,39095001,39095002,-3570401,-3399222,1,0,1,0,0,42,1376590,4537629,0,4284746,0,0,0,0,1376590,-171179,-3161039,-252883,0,42,1376590,4537629,0,4284746,0,0,0,0,1376590,-171179,-3161039,-252883,0
783,0.7829,0.78290001,0.78290003,0.782901,0.782901,39145001,39145002,-3517972,-3376850,1,0,1,0,0,51,1678748,4284746,0,4076266,0,0,0,0,1678748,-141122,-2605998,-208480,0,51,1678748,4284746,0,4076266,0,0,0,0,1678748,-141122,-2605998,-208480,0
784,0.7839,0.78390001,0.78390003,0.783901,0.783901,39195001,39195002,-3465544,-3347215,1,0,1,0,0,58,1891170,4076266,0,3901458,0,0,0,0,1891170,-118329,-2185096,-174808,0,58,1891170,4076266,0,3901458,0,0,0,0,1891170,-118329,-2185096,-174808,0
785,0.7849,0.78490001,0.78490003,0.784901,0.784901,39245001,39245002,-3413115,-3313240,1,0,1,0,0,63,2057138,3901458,0,3753912,0,0,0,0,2057138,-99875,-1844320,-147546,0,63,2057138,3901458,0,3753912,0,0,0,0,2057138,-99875,-1844320,-147546,0
786,0.7859,0.78590001,0.78590003,0.785901,0.785901,39295001,39295002,-3360686,-3266346,1,0,1,0,0,61,2011803,3753912,0,3614543,0,0,0,0,2011803,-94340,-1742109,-139369,0,61,2011803,3753912,0,3614543,0,0,0,0,2011803,-94340,-1742109,-139369,0
787,0.7869,0.78690001,0.78690003,0.786901,0.786901,39345001,39345002,-3308257,-3218102,1,0,1,0,0,60,1949716,3614543,0,3481357,0,0,0,0,1949716,-90155,-1664827,-133186,0,60,1949716,3614543,0,3481357,0,0,0,0,1949716,-90155,-1664827,-133186,0
788,0.7879,0.78790001,0.78790003,0.787901,0.787901,39395001,39395002,-3255828,-3170047,1,0,1,0,0,58,1897301,3481357,0,3354633,0,0,0,0,1897301,-85781,-1584056,-126724,0,58,1897301,3481357,0,3354633,0,0,0,0,1897301,-85781,-1584056,-126724,0
789,0.7889,0.78890001,0.78890003,0.788901,0.788901,39445001,39445002,-3203400,-3125061,1,0,1,0,0,58,1908003,3354633,0,3238903,0,0,0,0,1908003,-78339,-1446630,-115730,0,58,1908003,3354633,0,3238903,0,0,0,0,1908003,-78339,-1446630,-115730,0
790,0.7899,0.78990001,0.78990003,0.789901,0.789901,39495001,39495002,-3150971,-3078667,1,0,1,0,0,58,1903717,3238903,0,3132088,0,0,0,0,1903717,-72304,-1335186,-106815,0,58,1903717,3238903,0,3132088,0,0,0,0,1903717,-72304,-1335186,-106815,0
791,0.7909,0.79090001,0.79090003,0.790901,0.790901,39545001,39545002,-3098542,-3034603,1,0,1,0,0,60,1951373,3132088,0,3037631,0,0,0,0,1951373,-63939,-1180715,-94457,0,60,1951373,3132088,0,3037631,0,0,0,0,1951373,-63939,-1180715,-94457,0
792,0.7919,0.79190001,0.79190003,0.791901,0.791901,39595001,39595002,-3046113,-2984060,1,0,1,0,0,58,1891743,3037631,0,2945960,0,0,0,0,1891743,-62053,-1145888,-91671,0,58,1891743,3037631,0,2945960,0,0,0,0,1891743,-62053,-1145888,-91671,0
793,0.7929,0.79290001,0.79290003,0.792901,0.792901,39645001,39645002,-2993684,-2936813,1,0,1,0,0,58,1895764,2945960,0,2861944,0,0,0,0,1895764,-56871,-1050196,-84016,0,58,1895764,2945960,0,2861944,0,0,0,0,1895764,-56871,-1050196,-84016,0
794,0.7939,0.79390001,0.79390003,0.793901,0.793901,39695001,39695002,-2941256,-2892898,1,0,1,0,0,60,1968952,2861944,0,2790505,0,0,0,0,1968952,-48358,-892992,-71439,0,60,1968952,2861944,0,2790505,0,0,0,0,1968952,-48358,-892992,-71439,0
795,0.7949,0.79490001,0.79490003,0.794901,0.794901,39745001,39745002,-2888827,-2843740,1,0,1,0,0,60,1957916,2790505,0,2723898,0,0,0,0,1957916,-45087,-832589,-66607,0,60,1957916,2790505,0,2723898,0,0,0,0,1957916,-45087,-832589,-66607,0
796,0.7959,0.79590001,0.79590003,0.795901,0.795901,39795001,39795002,-2836398,-2795199,1,0,1,0,0,60,1963106,2723898,0,2663035,0,0,0,0,1963106,-41199,-760792,-60863,0,60,1963106,2723898,0,2663035,0,0,0,0,1963106,-41199,-760792,-60863,0
797,0.7969,0.79690001,0.79690003,0.796901,0.796901,39845001,39845002,-2783969,-2747854,1,0,1,0,0,61,1996125,2663035,0,2609682,0,0,0,0,1996125,-36115,-666910,-53353,0,61,1996125,2663035,0,2609682,0,0,0,0,1996125,-36115,-666910,-53353,0
798,0.7979,0.79790001,0.79790003,0.797901,0.797901,39895001,39895002,-2731540,-2701494,1,0,1,0,0,63,2054844,2609682,0,2565295,0,0,0,0,2054844,-30046,-554838,-44387,0,63,2054844,2609682,0,2565295,0,0,0,0,2054844,-30046,-554838,-44387,0
799,0.7989,0.79890001,0.79890003,0.798901,0.798901,39945001,39945002,-2679112,-2654233,1,0,1,0,0,64,2105872,2565295,0,2528541,0,0,0,0,2105872,-24879,-459423,-36754,0,64,2105872,2565295,0,2528541,0,0,0,0,2105872,-24879,-459423,-36754,0
800,0.7999,0.79990001,0.79990003,0.799901,0.799901,39995001,39995002,-2626683,-2600481,1,0,1,0,0,62,2044688,2528541,0,2489833,0,0,0,0,2044688,-26202,-483853,-38708,0,62,2044688,2528541,0,2489833,0,0,0,0,2044688,-26202,-483853,-38708,0
801,0.8009,0.80090001,0.80090003,0.800901,0.800901,40045001,40045002,-2574254,-2551281,1,0,1,0,0,63,2065607,2489833,0,2455895,0,0,0,0,2065607,-22973,-424226,-33938,0,63,2065607,2489833,0,2455895,0,0,0,0,2065607,-22973,-424226,-33938,0
802,0.8019,0.80190001,0.80190003,0.801901,0.801901,40095001,40095002,-2521825,-2503844,1,0,1,0,0,65,2123853,2455895,0,2429332,0,0,0,0,2123853,-17981,-332042,-26563,0,65,2123853,2455895,0,2429332,0,0,0,0,2123853,-17981,-332042,-26563,0
803,0.8029,0.80290001,0.80290003,0.802901,0.802901,40145001,40145002,-2469396,-2453308,1,0,1,0,0,65,2132247,2429332,0,2405565,0,0,0,0,2132247,-16088,-297085,-23767,0,65,2132247,2429332,0,2405565,0,0,0,0,2132247,-16088,-297085,-23767,0
804,0.8039,0.80390001,0.80390003,0.803901,0.803901,40195001,40195002,-2416968,-2402792,1,0,1,0,0,65,2143787,2405565,0,2384623,0,0,0,0,2143787,-14176,-261778,-20942,0,65,2143787,2405565,0,2384623,0,0,0,0,2143787,-14176,-261778,-20942,0
805,0.8049,0.80490001,0.80490003,0.804901,0.804901,40245001,40245002,-2364539,-2346185,1,0,1,0,0,62,2045693,2384623,0,2357509,0,0,0,0,2045693,-18354,-338930,-27114,0,62,2045693,2384623,0,2357509,0,0,0,0,2045693,-18354,-338930,-27114,0
806,0.8059,0.80590001,0.80590003,0.805901,0.805901,40295001,40295002,-2312110,-2296483,1,0,1,0,0,63,2068936,2357509,0,2334423,0,0,0,0,2068936,-15627,-288573,-23086,0,63,2068936,2357509,0,2334423,0,0,0,0,2068936,-15627,-288573,-23086,0
807,0.8069,0.80690001,0.80690003,0.806901,0.806901,40345001,40345002,-2259681,-2244824,1,0,1,0,0,63,2060070,2334423,0,2312475,0,0,0,0,2060070,-14857,-274353,-21948,0,63,2060070,2334423,0,2312475,0,0,0,0,2060070,-14857,-274353,-21948,0
808,0.8079,0.80790001,0.80790003,0.807901,0.807901,40395001,40395002,-2207252,-2194784,1,0,1,0,0,64,2082237,2312475,0,2294056,0,0,0,0,2082237,-12468,-230238,-18419,0,64,2082237,2312475,0,2294056,0,0,0,0,2082237,-12468,-230238,-18419,0
809,0.8089,0.80890001,0.80890003,0.808901,0.808901,40445001,40445002,-2154824,-2146062,1,0,1,0,0,65,2132254,2294056,0,2281112,0,0,0,0,2132254,-8762,-161802,-12944,0,65,2132254,2294056,0,2281112,0,0,0,0,2132254,-8762,-161802,-12944,0
810,0.8099,0.80990001,0.80990003,0.809901,0.809901,40495001,40495002,-2102395,-2092946,1,0,1,0,0,64,2106624,2281112,0,2267153,0,0,0,0,2106624,-9449,-174488,-13959,0,64,2106624,2281112,0,2267153,0,0,0,0,2106624,-9449,-174488,-13959,0
811,0.8109,0.81090001,0.81090003,0.810901,0.810901,40545001,40545002,-2049966,-2041434,1,0,1,0,0,64,2109599,2267153,0,2254549,0,0,0,0,2109599,-8532,-157554,-12604,0,64,2109599,2267153,0,2254549,0,0,0,0,2109599,-8532,-157554,-12604,0
812,0.8119,0.81190001,0.81190003,0.811901,0.811901,40595001,40595002,-1997537,-1994547,1,0,1,0,0,67,2199335,2254549,0,2250132,0,0,0,0,2199335,-2990,-55214,-4417,0,67,2199335,2254549,0,2250132,0,0,0,0,2199335,-2990,-55214,-4417,0
813,0.8129,0.81290001,0.81290003,0.812901,0.812901,40645001,40645002,-1945108,-1936281,1,0,1,0,0,64,2087130,2250132,0,2237092,0,0,0,0,2087130,-8827,-163002,-13040,0,64,2087130,2250132,0,2237092,0,0,0,0,2087130,-8827,-163002,-13040,0
814,0.8139,0.81390001,0.81390003,0.813901,0.813901,40695001,40695002,-1892680,-1891951,1,0,1,0,0,68,2223630,2237092,0,2236015,0,0,0,0,2223630,-729,-13462,-1077,0,68,2223630,2237092,0,2236015,0,0,0,0,2223630,-729,-13462,-1077,0
815,0.8149,0.81490001,0.81490003,0.814901,0.814901,40745001,40745002,-1840251,-1852089,1,0,1,0,0,75,2454619,2236015,0,2253503,0,0,0,0,2454619,11838,218604,17488,0,75,2454619,2236015,0,2253503,0,0,0,0,2454619,11838,218604,17488,0
816,0.8159,0.81590001,0.81590003,0.815901,0.815901,40795001,40795002,-1787822,-1802022,1,0,1,0,0,77,2515724,2253503,0,2274481,0,0,0,0,2515724,14200,262221,20978,0,77,2515724,2253503,0,2274481,0,0,0,0,2515724,14200,262221,20978,0
817,0.8169,0.81690001,0.81690003,0.816901,0.816901,40845001,40845002,-1735393,-1744397,1,0,1,0,0,74,2440751,2274481,0,2287783,0,0,0,0,2440751,9004,166270,13302,0,74,2440751,2274481,0,2287783,0,0,0,0,2440751,9004,166270,13302,0
818,0.8179,0.81790001,0.81790003,0.817901,0.817901,40895001,40895002,-1682964,-1687414,1,0,1,0,0,72,2369958,2287783,0,2294357,0,0,0,0,2369958,4450,82175,6574,0,72,2369958,2287783,0,2294357,0,0,0,0,2369958,4450,82175,6574,0
819,0.8189,0.81890001,0.81890003,0.818901,0.818901,40945001,40945002,-1630536,-1631093,1,0,1,0,0,70,2304643,2294357,0,2295180,0,0,0,0,2304643,557,10286,823,0,70,2304643,2294357,0,2295180,0,0,0,0,2304643,557,10286,823,0
820,0.8199,0.81990001,0.81990003,0.819901,0.819901,40995001,40995002,-1578107,-1574363,1,0,1,0,0,68,2226042,2295180,0,2289649,0,0,0,0,2226042,-3744,-69138,-5531,0,68,2226042,2295180,0,2289649,0,0,0,0,2226042,-3744,-69138,-5531,0
821,0.8209,0.82090001,0.82090003,0.820901,0.820901,41045001,41045002,-1525678,-1519964,1,0,1,0,0,67,2184133,2289649,0,2281208,0,0,0,0,2184133,-5714,-105516,-8441,0,67,2184133,2289649,0,2281208,0,0,0,0,2184133,-5714,-105516,-8441,0
822,0.8219,0.82190001,0.82190003,0.821901,0.821901,41095001,41095002,-1473249,-1462961,1,0,1,0,0,64,2091227,2281208,0,2266010,0,0,0,0,2091227,-10288,-189981,-15198,0,64,2091227,2281208,0,2266010,0,0,0,0,2091227,-10288,-189981,-15198,0
823,0.8229,0.82290001,0.82290003,0.822901,0.822901,41145001,41145002,-1420820,-1414519,1,0,1,0,0,66,2149654,2266010,0,2256702,0,0,0,0,2149654,-6301,-116356,-9308,0,66,2149654,2266010,0,2256702,0,0,0,0,2149654,-6301,-116356,-9308,0
824,0.8239,0.82390001,0.82390003,0.823901,0.823901,41195001,41195002,-1368392,-1361476,1,0,1,0,0,65,2128989,2256702,0,2246485,0,0,0,0,2128989,-6916,-127713,-10217,0,65,2128989,2256702,0,2246485,0,0,0,0,2128989,-6916,-127713,-10217,0
825,0.8249,0.82490001,0.82490003,0.824901,0.824901,41245001,41245002,-1315963,-1308333,1,0,1,0,0,64,2105587,2246485,0,2235213,0,0,0,0,2105587,-7630,-140898,-11272,0,64,2105587,2246485,0,2235213,0,0,0,0,2105587,-7630,-140898,-11272,0
826,0.8259,0.82590001,0.82590003,0.825901,0.825901,41295001,41295002,-1263534,-1255078,1,0,1,0,0,63,2079062,2235213,0,2222721,0,0,0,0,2079062,-8456,-156151,-12492,0,63,2079062,2235213,0,2222721,0,0,0,0,2079062,-8456,-156151,-12492,0
827,0.8269,0.82690001,0.82690003,0.826901,0.826901,41345001,41345002,-1211105,-1206795,1,0,1,0,0,65,2143131,2222721,0,2216354,0,0,0,0,2143131,-4310,-79590,-6367,0,65,2143131,2222721,0,2216354,0,0,0,0,2143131,-4310,-79590,-6367,0
828,0.8279,0.82790001,0.82790003,0.827901,0.827901,41395001,41395002,-1158676,-1158362,1,0,1,0,0,67,2210556,2216354,0,2215890,0,0,0,0,2210556,-314,-5798,-464,0,67,2210556,2216354,0,2215890,0,0,0,0,2210556,-314,-5798,-464,0
829,0.8289,0.82890001,0.82890003,0.828901,0.828901,41445001,41445002,-1106248,-1106914,1,0,1,0,0,68,2228189,2215890,0,2216874,0,0,0,0,2228189,666,12299,984,0,68,2228189,2215890,0,2216874,0,0,0,0,2228189,666,12299,984,0
830,0.8299,0.82990001,0.82990003,0.829901,0.829901,41495001,41495002,-1053819,-1050482,1,0,1,0,0,66,2155252,2216874,0,2211944,0,0,0,0,2155252,-3337,-61622,-4930,0,66,2155252,2216874,0,2211944,0,0,0,0,2155252,-3337,-61622,-4930,0
831,0.8309,0.83090001,0.83090003,0.830901,0.830901,41545001,41545002,-1001390,-998326,1,0,1,0,0,66,2155363,2211944,0,2207418,0,0,0,0,2155363,-3064,-56581,-4526,0,66,2155363,2211944,0,2207418,0,0,0,0,2155363,-3064,-56581,-4526,0
832,0.8319,0.83190001,0.83190003,0.831901,0.831901,41595001,41595002,-948961,-947451,1,0,1,0,0,67,2179534,2207418,0,2205187,0,0,0,0,2179534,-1510,-27884,-2231,0,67,2179534,2207418,0,2205187,0,0,0,0,2179534,-1510,-27884,-2231,0
833,0.8329,0.83290001,0.83290003,0.832901,0.832901,41645001,41645002,-896532,-891248,1,0,1,0,0,64,2107611,2205187,0,2197381,0,0,0,0,2107611,-5284,-97576,-7806,0,64,2107611,2205187,0,2197381,0,0,0,0,2107611,-5284,-97576,-7806,0
834,0.8339,0.83390001,0.83390003,0.833901,0.833901,41695001,41695002,-844104,-842613,1,0,1,0,0,66,2169848,2197381,0,2195178,0,0,0,0,2169848,-1491,-27533,-2203,0,66,2169848,2197381,0,2195178,0,0,0,0,2169848,-1491,-27533,-2203,0
835,0.8349,0.83490001,0.83490003,0.834901,0.834901,41745001,41745002,-791675,-790195,1,0,1,0,0,66,2167848,2195178,0,2192992,0,0,0,0,2167848,-1480,-27330,-2186,0,66,2167848,2195178,0,2192992,0,0,0,0,2167848,-1480,-27330,-2186,0
836,0.8359,0.83590001,0.83590003,0.835901,0.835901,41795001,41795002,-739246,-736362,1,0,1,0,0,65,2139735,2192992,0,2188731,0,0,0,0,2139735,-2884,-53257,-4261,0,65,2139735,2192992,0,2188731,0,0,0,0,2139735,-2884,-53257,-4261,0
837,0.8369,0.83690001,0.83690003,0.836901,0.836901,41845001,41845002,-686817,-684381,1,0,1,0,0,65,2143747,2188731,0,2185132,0,0,0,0,2143747,-2436,-44984,-3599,0,65,2143747,2188731,0,2185132,0,0,0,0,2143747,-2436,-44984,-3599,0
838,0.8379,0.83790001,0.83790003,0.837901,0.837901,41895001,41895002,-634388,-631101,1,0,1,0,0,65,2124433,2185132,0,2180276,0,0,0,0,2124433,-3287,-60699,-4856,0,65,2124433,2185132,0,2180276,0,0,0,0,2124433,-3287,-60699,-4856,0
839,0.8389,0.83890001,0.83890003,0.838901,0.838901,41945001,41945002,-581960,-580162,1,0,1,0,0,66,2147074,2180276,0,2177620,0,0,0,0,2147074,-1798,-33202,-2656,0,66,2147074,2180276,0,2177620,0,0,0,0,2147074,-1798,-33202,-2656,0
840,0.8399,0.83990001,0.83990003,0.839901,0.839901,41995001,41995002,-529531,-527200,1,0,1,0,0,65,2134575,2177620,0,2174176,0,0,0,0,2134575,-2331,-43045,-3444,0,65,2134575,2177620,0,2174176,0,0,0,0,2134575,-2331,-43045,-3444,0
841,0.8409,0.84090001,0.84090003,0.840901,0.840901,42045001,42045002,-477102,-475189,1,0,1,0,0,65,2138850,2174176,0,2171350,0,0,0,0,2138850,-1913,-35326,-2826,0,65,2138850,2174176,0,2171350,0,0,0,0,2138850,-1913,-35326,-2826,0
842,0.8419,0.84190001,0.84190003,0.841901,0.841901,42095001,42095002,-424673,-426526,1,0,1,0,0,67,2205568,2171350,0,2174087,0,0,0,0,2205568,1853,34218,2737,0,67,2205568,2171350,0,2174087,0,0,0,0,2205568,1853,34218,2737,0
843,0.8429,0.84290001,0.84290003,0.842901,0.842901,42145001,42145002,-372244,-369144,1,0,1,0,0,65,2116842,2174087,0,2169507,0,0,0,0,2116842,-3100,-57245,-4580,0,65,2116842,2174087,0,2169507,0,0,0,0,2116842,-3100,-57245,-4580,0
844,0.8439,0.84390001,0.84390003,0.843901,0.843901,42195001,42195002,-319816,-313391,1,0,1,0,0,63,2050861,2169507,0,2160015,0,0,0,0,2050861,-6425,-118646,-9492,0,63,2050861,2169507,0,2160015,0,0,0,0,2050861,-6425,-118646,-9492,0
845,0.8449,0.84490001,0.84490003,0.844901,0.844901,42245001,42245002,-267387,-264249,1,0,1,0,0,64,2102068,2160015,0,2155379,0,0,0,0,2102068,-3138,-57947,-4636,0,64,2102068,2160015,0,2155379,0,0,0,0,2102068,-3138,-57947,-4636,0
846,0.8459,0.84590001,0.84590003,0.845901,0.845901,42295001,42295002,-214958,-222266,1,0,1,0,0,70,2290331,2155379,0,2166175,0,0,0,0,2290331,7308,134952,10796,0,70,2290331,2155379,0,2166175,0,0,0,0,2290331,7308,134952,10796,0
847,0.8469,0.84690001,0.84690003,0.846901,0.846901,42345001,42345002,-162529,-186786,1,0,1,0,0,80,2614112,2166175,0,2202010,0,0,0,0,2614112,24257,447937,35835,0,80,2614112,2166175,0,2202010,0,0,0,0,2614112,24257,447937,35835,0
848,0.8479,0.84790001,0.84790003,0.847901,0.847901,42395001,42395002,-110100,-129264,1,0,1,0,0,78,2555898,2202010,0,2230321,0,0,0,0,2555898,19164,353888,28311,0,78,2555898,2202010,0,2230321,0,0,0,0,2555898,19164,353888,28311,0
849,0.8489,0.84890001,0.84890003,0.848901,0.848901,42445001,42445002,-57672,-67913,1,0,1,0,0,74,2419434,2230321,0,2245450,0,0,0,0,2419434,10241,189113,15129,0,74,2419434,2230321,0,2245450,0,0,0,0,2419434,10241,189113,15129,0
850,0.8499,0.84990001,0.84990003,0.849901,0.849901,42495001,42495002,-5243,-9593,1,0,1,0,0,71,2325778,2245450,0,2251876,0,0,0,0,2325778,4350,80328,6426,0,71,2325778,2245450,0,2251876,0,0,0,0,2325778,4350,80328,6426,0
851,0.8509,0.85090001,0.85090003,0.850901,0.850901,42545001,42545002,0,45673,1,0,1,0,0,43,1408466,2251876,0,2184403,0,0,0,0,1408466,-45673,-843410,-67473,0,43,1408466,2251876,0,2184403,0,0,0,0,1408466,-45673,-843410,-67473,0
852,0.8519,0.85190001,0.85190003,0.851901,0.851901,42595001,42595002,0,86816,1,0,1,0,0,18,581235,2184403,0,2056150,0,0,0,0,581235,-86816,-1603168,-128253,0,18,581235,2184403,0,2056150,0,0,0,0,581235,-86816,-1603168,-128253,0
853,0.8529,0.85290001,0.85290003,0.852901,0.852901,42645001,42645002,0,112364,1,0,1,0,0,-1,-18795,2056150,0,1890154,0,0,0,0,-18795,-112364,-2074945,-165996,0,-1,-18795,2056150,0,1890154,0,0,0,0,-18795,-112364,-2074945,-165996,0
854,0.8539,0.85390001,0.85390003,0.853901,0.853901,42695001,42695002,0,118657,1,0,1,0,0,-9,-300999,1890154,0,1714862,0,0,0,0,-300999,-118657,-2191153,-175292,0,-9,-300999,1890154,0,1714862,0,0,0,0,-300999,-118657,-2191153,-175292,0
855,0.8549,0.85490001,0.85490003,0.854901,0.854901,42745001,42745002,0,124991,1,0,1,0,0,-18,-593257,1714862,0,1530212,0,0,0,0,-593257,-124991,-2308119,-184650,0,-18,-593257,1714862,0,1530212,0,0,0,0,-593257,-124991,-2308119,-184650,0
856,0.8559,0.85590001,0.85590003,0.855901,0.855901,42795001,42795002,0,130720,1,0,1,0,0,-27,-883700,1530212,0,1337099,0,0,0,0,-883700,-130720,-2413912,-193113,0,-27,-883700,1530212,0,1337099,0,0,0,0,-883700,-130720,-2413912,-193113,0
857,0.8569,0.85690001,0.85690003,0.856901,0.856901,42845001,42845002,0,136378,1,0,1,0,0,-36,-1181295,1337099,0,1135627,0,0,0,0,-1181295,-136378,-2518394,-201472,0,-36,-1181295,1337099,0,1135627,0,0,0,0,-1181295,-136378,-2518394,-201472,0
858,0.8579,0.85790001,0.85790003,0.857901,0.857901,42895001,42895002,0,141762,1,0,1,0,0,-45,-1482190,1135627,0,926202,0,0,0,0,-1482190,-141762,-2617817,-209425,0,-45,-1482190,1135627,0,926202,0,0,0,0,-1482190,-141762,-2617817,-209425,0
859,0.8589,0.85890001,0.85890003,0.858901,0.858901,42945001,42945002,0,146971,1,0,1,0,0,-55,-1787805,926202,0,709081,0,0,0,0,-1787805,-146971,-2714007,-217121,0,-55,-1787805,926202,0,709081,0,0,0,0,-1787805,-146971,-2714007,-217121,0
860,0.8599,0.85990001,0.85990003,0.859901,0.859901,42995001,42995002,0,152013,1,0,1,0,0,-64,-2098033,709081,0,484512,0,0,0,0,-2098033,-152013,-2807114,-224569,0,-64,-2098033,709081,0,484512,0,0,0,0,-2098033,-152013,-2807114,-224569,0
861,0.8609,0.86090001,0.86090003,0.860901,0.860901,43045001,43045002,0,156948,1,0,1,0,0,-74,-2413733,484512,0,252652,0,0,0,0,-2413733,-156948,-2898245,-231860,0,-74,-2413733,484512,0,252652,0,0,0,0,-2413733,-156948,-2898245,-231860,0
862,0.8619,0.86190001,0.86190003,0.861901,0.861901,43095001,43095002,0,161512,1,0,1,0,0,-83,-2729874,252652,0,14050,0,0,0,0,-2729874,-161512,-2982526,-238602,0,-83,-2729874,252652,0,14050,0,0,0,0,-2729874,-161512,-2982526,-238602,0
863,0.8629,0.86290001,0.86290003,0.862901,0.862901,43145001,43145002,0,165823,1,0,1,0,0,-93,-3048084,14050,0,-230921,0,0,0,0,-3048084,-165823,-3062134,-244971,0,-93,-3048084,14050,0,-230921,0,0,0,0,-3048084,-165823,-3062134,-244971,0
864,0.8639,0.86390001,0.86390003,0.863901,0.863901,43195001,43195002,0,169770,1,0,1,0,0,-103,-3365941,-230921,0,-481723,0,0,0,0,-3365941,-169770,-3135020,-250802,0,-103,-3365941,-230921,0,-481723,0,0,0,0,-3365941,-169770,-3135020,-250802,0
865,0.8649,0.86490001,0.86490003,0.864901,0.864901,43245001,43245002,0,173137,1,0,1,0,0,-112,-3678919,-481723,0,-737499,0,0,0,0,-3678919,-173137,-3197196,-255776,0,-112,-3678919,-481723,0,-737499,0,0,0,0,-3678919,-173137,-3197196,-255776,0
866,0.8659,0.86590001,0.86590003,0.865901,0.865901,43295001,43295002,0,176001,1,0,1,0,0,-122,-3987582,-737499,0,-997506,0,0,0,0,-3987582,-176001,-3250083,-260007,0,-122,-3987582,-737499,0,-997506,0,0,0,0,-3987582,-176001,-3250083,-260007,0
867,0.8669,0.86690001,0.86690003,0.866901,0.866901,43345001,43345002,0,178285,1,0,1,0,0,-131,-4289766,-997506,0,-1260887,0,0,0,0,-4289766,-178285,-3292260,-263381,0,-131,-4289766,-997506,0,-1260887,0,0,0,0,-4289766,-178285,-3292260,-263381,0
868,0.8679,0.86790001,0.86790003,0.867901,0.867901,43395001,43395002,0,179922,1,0,1,0,0,-140,-4583377,-1260887,0,-1526686,0,0,0,0,-4583377,-179922,-3322490,-265799,0,-140,-4583377,-1260887,0,-1526686,0,0,0,0,-4583377,-179922,-3322490,-265799,0
869,0.8689,0.86890001,0.86890003,0.868901,0.868901,43445001,43445002,0,181275,1,0,1,0,0,-149,-4874161,-1526686,0,-1794484,0,0,0,0,-4874161,-181275,-3347475,-267798,0,-149,-4874161,-1526686,0,-1794484,0,0,0,0,-4874161,-181275,-3347475,-267798,0
870,0.8699,0.86990001,0.86990003,0.869901,0.869901,43495001,43495002,0,182358,1,0,1,0,0,-158,-5161958,-1794484,0,-2063882,0,0,0,0,-5161958,-182358,-3367474,-269398,0,-158,-5161958,-1794484,0,-2063882,0,0,0,0,-5161958,-182358,-3367474,-269398,0
871,0.8709,0.87090001,0.87090003,0.870901,0.870901,43545001,43545002,0,182590,1,0,1,0,0,-166,-5435640,-2063882,0,-2333623,0,0,0,0,-5435640,-182590,-3371758,-269741,0,-166,-5435640,-2063882,0,-2333623,0,0,0,0,-5435640,-182590,-3371758,-269741,0
872,0.8719,0.87190001,0.87190003,0.871901,0.871901,43595001,43595002,0,181824,1,0,1,0,0,-174,-5691236,-2333623,0,-2602232,0,0,0,0,-5691236,-181824,-3357613,-268609,0,-174,-5691236,-2333623,0,-2602232,0,0,0,0,-5691236,-181824,-3357613,-268609,0
873,0.8729,0.87290001,0.87290003,0.872901,0.872901,43645001,43645002,0,180541,1,0,1,0,0,-181,-5936152,-2602232,0,-2868946,0,0,0,0,-5936152,-180541,-3333920,-266714,0,-181,-5936152,-2602232,0,-2868946,0,0,0,0,-5936152,-180541,-3333920,-266714,0
874,0.8739,0.87390001,0.87390003,0.873901,0.873901,43695001,43695002,0,178879,1,0,1,0,0,-188,-6172175,-2868946,0,-3133204,0,0,0,0,-6172175,-178879,-3303229,-264258,0,-188,-6172175,-2868946,0,-3133204,0,0,0,0,-6172175,-178879,-3303229,-264258,0
875,0.8749,0.87490001,0.87490003,0.874901,0.874901,43745001,43745002,0,176367,1,0,1,0,0,-195,-6390046,-3133204,0,-3393751,0,0,0,0,-6390046,-176367,-3256842,-260547,0,-195,-6390046,-3133204,0,-3393751,0,0,0,0,-6390046,-176367,-3256842,-260547,0
876,0.8759,0.87590001,0.87590003,0.875901,0.875901,43795001,43795002,0,173077,1,0,1,0,0,-201,-6589839,-3393751,0,-3649438,0,0,0,0,-6589839,-173077,-3196088,-255687,0,-201,-6589839,-3393751,0,-3649438,0,0,0,0,-6589839,-173077,-3196088,-255687,0
877,0.8769,0.87690001,0.87690003,0.876901,0.876901,43845001,43845002,0,168821,1,0,1,0,0,-207,-6766934,-3649438,0,-3898838,0,0,0,0,-6766934,-168821,-3117496,-249400,0,-207,-6766934,-3649438,0,-3898838,0,0,0,0,-6766934,-168821,-3117496,-249400,0
878,0.8779,0.87790001,0.87790003,0.877901,0.877901,43895001,43895002,0,163929,1,0,1,0,0,-211,-6925996,-3898838,0,-4141011,0,0,0,0,-6925996,-163929,-3027158,-242173,0,-211,-6925996,-3898838,0,-4141011,0,0,0,0,-6925996,-163929,-3027158,-242173,0
879,0.8789,0.87890001,0.87890003,0.878901,0.878901,43945001,43945002,0,158161,1,0,1,0,0,-216,-7061656,-4141011,0,-4374663,0,0,0,0,-7061656,-158161,-2920645,-233652,0,-216,-7061656,-4141011,0,-4374663,0,0,0,0,-7061656,-158161,-2920645,-233652,0
880,0.8799,0.87990001,0.87990003,0.879901,0.879901,43995001,43995002,0,72184,1,0,1,0,0,-174,-5707633,-4374663,0,-4481301,0,0,0,0,-5707633,-72184,-1332970,-106638,0,-174,-5707633,-4374663,0,-4481301,0,0,0,0,-5707633,-72184,-1332970,-106638,0
881,0.8809,0.88090001,0.88090003,0.880901,0.880901,44045001,44045002,0,-52557,1,0,1,0,0,-107,-3510769,-4481301,0,-4403658,0,0,0,0,-3510769,52557,970532,77643,0,-107,-3510769,-4481301,0,-4403658,0,0,0,0,-3510769,52557,970532,77643,0
882,0.8819,0.88190001,0.88190003,0.881901,0.881901,44095001,44095002,0,-150335,1,0,1,0,0,-50,-1627530,-4403658,0,-4181568,0,0,0,0,-1627530,150335,2776128,222090,0,-50,-1627530,-4403658,0,-4181568,0,0,0,0,-1627530,150335,2776128,222090,0
883,0.8829,0.88290001,0.88290003,0.882901,0.882901,44145001,44145002,0,-193430,1,0,1,0,0,-19,-609636,-4181568,0,-3895813,0,0,0,0,-609636,193430,3571932,285755,0,-19,-609636,-4181568,0,-3895813,0,0,0,0,-609636,193430,3571932,285755,0
884,0.8839,0.88390001,0.88390003,0.883901,0.883901,44195001,44195002,0,-211416,1,0,1,0,0,0,8254,-3895813,0,-3583488,0,0,0,0,8254,211416,3904067,312325,0,0,8254,-3895813,0,-3583488,0,0,0,0,8254,211416,3904067,312325,0
885,0.8849,0.88490001,0.88490003,0.884901,0.884901,44245001,44245002,0,-223049,1,0,1,0,0,16,535397,-3583488,0,-3253977,0,0,0,0,535397,223049,4118885,329511,0,16,535397,-3583488,0,-3253977,0,0,0,0,535397,223049,4118885,329511,0
886,0.8859,0.88590001,0.88590003,0.885901,0.885901,44295001,44295002,0,-228981,1,0,1,0,0,30,974450,-3253977,0,-2915703,0,0,0,0,974450,228981,4228427,338274,0,30,974450,-3253977,0,-2915703,0,0,0,0,974450,228981,4228427,338274,0
887,0.8869,0.88690001,0.88690003,0.886901,0.886901,44345001,44345002,0,-234620,1,0,1,0,0,43,1416855,-2915703,0,-2569098,0,0,0,0,1416855,234620,4332558,346605,0,43,1416855,-2915703,0,-2569098,0,0,0,0,1416855,234620,4332558,346605,0
888,0.8879,0.88790001,0.88790003,0.887901,0.887901,44395001,44395002,0,-240097,1,0,1,0,0,57,1864600,-2569098,0,-2214402,0,0,0,0,1864600,240097,4433698,354696,0,57,1864600,-2569098,0,-2214402,0,0,0,0,1864600,240097,4433698,354696,0
889,0.8889,0.88890001,0.88890003,0.888901,0.888901,44445001,44445002,0,-245337,1,0,1,0,0,71,2316059,-2214402,0,-1851965,0,0,0,0,2316059,245337,4530461,362437,0,71,2316059,-2214402,0,-1851965,0,0,0,0,2316059,245337,4530461,362437,0
890,0.8899,0.88990001,0.88990003,0.889901,0.889901,44495001,44495002,0,-250403,1,0,1,0,0,85,2772046,-1851965,0,-1482044,0,0,0,0,2772046,250403,4624011,369921,0,85,2772046,-1851965,0,-1482044,0,0,0,0,2772046,250403,4624011,369921,0
891,0.8909,0.89090001,0.89090003,0.890901,0.890901,44545001,44545002,0,-255244,1,0,1,0,0,99,3231363,-1482044,0,-1104971,0,0,0,0,3231363,255244,4713407,377073,0,99,3231363,-1482044,0,-1104971,0,0,0,0,3231363,255244,4713407,377073,0
892,0.8919,0.89190001,0.89190003,0.891901,0.891901,44595001,44595002,0,-259655,1,0,1,0,0,113,3689890,-1104971,0,-721382,0,0,0,0,3689890,259655,4794861,383589,0,113,3689890,-1104971,0,-721382,0,0,0,0,3689890,259655,4794861,383589,0
893,0.8929,0.89290001,0.89290003,0.892901,0.892901,44645001,44645002,0,-263554,1,0,1,0,0,127,4145479,-721382,0,-332033,0,0,0,0,4145479,263554,4866861,389349,0,127,4145479,-721382,0,-332033,0,0,0,0,4145479,263554,4866861,389349,0
894,0.8939,0.89390001,0.89390003,0.893901,0.893901,44695001,44695002,0,-266768,1,0,1,0,0,140,4594179,-332033,0,62064,0,0,0,0,4594179,266768,4926212,394097,0,140,4594179,-332033,0,62064,0,0,0,0,4594179,266768,4926212,394097,0
895,0.8949,0.89490001,0.89490003,0.894901,0.894901,44745001,44745002,0,-269429,1,0,1,0,0,154,5037415,62064,0,460092,0,0,0,0,5037415,269429,4975351,398028,0,154,5037415,62064,0,460092,0,0,0,0,5037415,269429,4975351,398028,0
896,0.8959,0.89590001,0.89590003,0.895901,0.895901,44795001,44795002,0,-271349,1,0,1,0,0,167,5470898,460092,0,860957,0,0,0,0,5470898,271349,5010806,400865,0,167,5470898,460092,0,860957,0,0,0,0,5470898,271349,5010806,400865,0
897,0.8969,0.89690001,0.89690003,0.896901,0.896901,44845001,44845002,0,-272723,1,0,1,0,0,180,5897136,860957,0,1263851,0,0,0,0,5897136,272723,5036179,402894,0,180,5897136,860957,0,1263851,0,0,0,0,5897136,272723,5036179,402894,0
898,0.8979,0.89790001,0.89790003,0.897901,0.897901,44895001,44895002,0,-273768,1,0,1,0,0,193,6319327,1263851,0,1668289,0,0,0,0,6319327,273768,5055476,404438,0,193,6319327,1263851,0,1668289,0,0,0,0,6319327,273768,5055476,404438,0
899,0.8989,0.89890001,0.89890003,0.898901,0.898901,44945001,44945002,0,-273679,1,0,1,0,0,205,6722122,1668289,0,2072596,0,0,0,0,6722122,273679,5053833,404307,0,205,6722122,1668289,0,2072596,0,0,0,0,6722122,273679,5053833,404307,0
900,0.8999,0.89990001,0.89990003,0.899901,0.899901,44995001,44995002,0,-272618,1,0,1,0,0,217,7106836,2072596,0,2475335,0,0,0,0,7106836,272618,5034240,402739,0,217,7106836,2072596,0,2475335,0,0,0,0,7106836,272618,5034240,402739,0
901,0.9009,0.90090001,0.90090003,0.900901,0.900901,45045001,45045002,0,-789027,1,0,1,0,0,520,17045727,2475335,0,3640967,0,0,0,0,17045727,789027,14570392,1165632,0,520,17045727,2475335,0,3640967,0,0,0,0,17045727,789027,14570392,1165632,0
902,0.9019,0.90190001,0.90190003,0.901901,0.901901,45095001,45095002,0,-1361663,1,0,1,0,0,878,28785815,3640967,0,5652555,0,0,0,0,28785815,1361663,25144848,2011588,0,878,28785815,3640967,0,5652555,0,0,0,0,28785815,1361663,25144848,2011588,0
903,0.9029,0.90290001,0.90290003,0.902901,0.902901,45145001,45145002,0,-1753537,1,0,1,0,0,1161,38033857,5652555,0,8243060,0,0,0,0,38033857,1753537,32381302,2590505,0,1161,38033857,5652555,0,8243060,0,0,0,0,38033857,1753537,32381302,2590505,0
904,0.9039,0.90390001,0.90390003,0.903901,0.903901,45195001,45195002,0,-1614973,1,0,1,0,0,1162,38065601,8243060,0,10628864,0,0,0,0,38065601,1614973,29822541,2385804,0,1162,38065601,8243060,0,10628864,0,0,0,0,38065601,1614973,29822541,2385804,0
905,0.9049,0.90490001,0.90490003,0.904901,0.904901,45245001,45245002,0,-1312246,1,0,1,0,0,1064,34861164,10628864,0,12567448,0,0,0,0,34861164,1312246,24232300,1938584,0,1064,34861164,10628864,0,12567448,0,0,0,0,34861164,1312246,24232300,1938584,0
906,0.9059,0.90590001,0.90590003,0.905901,0.905901,45295001,45295002,0,-1043887,1,0,1,0,0,972,31844156,12567448,0,14109585,0,0,0,0,31844156,1043887,19276708,1542137,0,972,31844156,12567448,0,14109585,0,0,0,0,31844156,1043887,19276708,1542137,0
907,0.9069,0.90690001,0.90690003,0.906901,0.906901,45345001,45345002,0,-842111,1,0,1,0,0,905,29660241,14109585,0,15353638,0,0,0,0,29660241,842111,15550656,1244053,0,905,29660241,14109585,0,15353638,0,0,0,0,29660241,842111,15550656,1244053,0
908,0.9079,0.90790001,0.90790003,0.907901,0.907901,45395001,45395002,0,-692146,1,0,1,0,0,859,28134999,15353638,0,16376147,0,0,0,0,28134999,692146,12781361,1022509,0,859,28134999,15353638,0,16376147,0,0,0,0,28134999,692146,12781361,1022509,0
909,0.9089,0.90890001,0.90890003,0.908901,0.908901,45445001,45445002,0,-590481,1,0,1,0,0,833,27280133,16376147,0,17248466,0,0,0,0,27280133,590481,10903986,872319,0,833,27280133,16376147,0,17248466,0,0,0,0,27280133,590481,10903986,872319,0
910,0.9099,0.90990001,0.90990003,0.909901,0.909901,45495001,45495002,0,-516539,1,0,1,0,0,817,26787019,17248466,0,18011550,0,0,0,0,26787019,516539,9538553,763084,0,817,26787019,17248466,0,18011550,0,0,0,0,26787019,516539,9538553,763084,0
911,0.9109,0.91090001,0.91090003,0.910901,0.910901,45545001,45545002,0,-451026,1,0,1,0,0,804,26340322,18011550,0,18677852,0,0,0,0,26340322,451026,8328772,666302,0,804,26340322,18011550,0,18677852,0,0,0,0,26340322,451026,8328772,666302,0
912,0.9119,0.91190001,0.91190003,0.911901,0.911901,45595001,45595002,0,-394741,1,0,1,0,0,792,25967249,18677852,0,19261004,0,0,0,0,25967249,394741,7289397,583152,0,792,25967249,18677852,0,19261004,0,0,0,0,25967249,394741,7289397,583152,0
913,0.9129,0.91290001,0.91290003,0.912901,0.912901,45645001,45645002,0,-350639,1,0,1,0,0,785,25736001,19261004,0,19779004,0,0,0,0,25736001,350639,6474997,518000,0,785,25736001,19261004,0,19779004,0,0,0,0,25736001,350639,6474997,518000,0
914,0.9139,0.91390001,0.91390003,0.913901,0.913901,45695001,45695002,0,-313141,1,0,1,0,0,780,25561553,19779004,0,20241608,0,0,0,0,25561553,313141,5782549,462604,0,780,25561553,19779004,0,20241608,0,0,0,0,25561553,313141,5782549,462604,0
915,0.9149,0.91490001,0.91490003,0.914901,0.914901,45745001,45745002,0,-280057,1,0,1,0,0,776,25413218,20241608,0,20655337,0,0,0,0,25413218,280057,5171610,413729,0,776,25413218,20241608,0,20655337,0,0,0,0,25413218,280057,5171610,413729,0
916,0.9159,0.91590001,0.91590003,0.915901,0.915901,45795001,45795002,0,-248708,1,0,1,0,0,771,25248048,20655337,0,21022754,0,0,0,0,25248048,248708,4592711,367417,0,771,25248048,20655337,0,21022754,0,0,0,0,25248048,248708,4592711,367417,0
917,0.9169,0.91690001,0.91690003,0.916901,0.916901,45845001,45845002,0,-219865,1,0,1,0,0,765,25082842,21022754,0,21347561,0,0,0,0,25082842,219865,4060088,324807,0,765,25082842,21022754,0,21347561,0,0,0,0,25082842,219865,4060088,324807,0
918,0.9179,0.91790001,0.91790003,0.917901,0.917901,45895001,45895002,0,-196939,1,0,1,0,0,762,24984291,21347561,0,21638499,0,0,0,0,24984291,196939,3636730,290938,0,762,24984291,21347561,0,21638499,0,0,0,0,24984291,196939,3636730,290938,0
919,0.9189,0.91890001,0.91890003,0.918901,0.918901,45945001,45945002,0,-177228,1,0,1,0,0,760,24911241,21638499,0,21900318,0,0,0,0,24911241,177228,3272742,261819,0,760,24911241,21638499,0,21900318,0,0,0,0,24911241,177228,3272742,261819,0
920,0.9199,0.91990001,0.91990003,0.919901,0.919901,45995001,45995002,0,-161180,1,0,1,0,0,759,24876713,21900318,0,22138430,0,0,0,0,24876713,161180,2976395,238112,0,759,24876713,21900318,0,22138430,0,0,0,0,24876713,161180,2976395,238112,0
921,0.9209,0.92090001,0.92090003,0.920901,0.920901,46045001,46045002,0,-142947,1,0,1,0,0,756,24778129,22138430,0,22349606,0,0,0,0,24778129,142947,2639699,211176,0,756,24778129,22138430,0,22349606,0,0,0,0,24778129,142947,2639699,211176,0
922,0.9219,0.92190001,0.92190003,0.921901,0.921901,46095001,46095002,0,-129731,1,0,1,0,0,755,24745255,22349606,0,22541258,0,0,0,0,24745255,129731,2395649,191652,0,755,24745255,22349606,0,22541258,0,0,0,0,24745255,129731,2395649,191652,0
923,0.9229,0.92290001,0.92290003,0.922901,0.922901,46145001,46145002,0,-113547,1,0,1,0,0,752,24638048,22541258,0,22709001,0,0,0,0,24638048,113547,2096790,167743,0,752,24638048,22541258,0,22709001,0,0,0,0,24638048,113547,2096790,167743,0
924,0.9239,0.92390001,0.92390003,0.923901,0.923901,46195001,46195002,0,-103753,1,0,1,0,0,751,24624933,22709001,0,22862276,0,0,0,0,24624933,103753,1915932,153275,0,751,24624933,22709001,0,22862276,0,0,0,0,24624933,103753,1915932,153275,0
925,0.9249,0.92490001,0.92490003,0.924901,0.924901,46245001,46245002,0,-93506,1,0,1,0,0,750,24588984,22862276,0,23000413,0,0,0,0,24588984,93506,1726708,138137,0,750,24588984,22862276,0,23000413,0,0,0,0,24588984,93506,1726708,138137,0
926,0.9259,0.92590001,0.92590003,0.925901,0.925901,46295001,46295002,0,-82065,1,0,1,0,0,748,24515848,23000413,0,23121648,0,0,0,0,24515848,82065,1515435,121235,0,748,24515848,23000413,0,23121648,0,0,0,0,24515848,82065,1515435,121235,0
927,0.9269,0.92690001,0.92690003,0.926901,0.926901,46345001,46345002,0,-73805,1,0,1,0,0,747,24484552,23121648,0,23230680,0,0,0,0,24484552,73805,1362904,109032,0,747,24484552,23121648,0,23230680,0,0,0,0,24484552,73805,1362904,109032,0
928,0.9279,0.92790001,0.92790003,0.927901,0.927901,46395001,46395002,0,-64823,1,0,1,0,0,745,24427720,23230680,0,23326443,0,0,0,0,24427720,64823,1197040,95763,0,745,24427720,23230680,0,23326443,0,0,0,0,24427720,64823,1197040,95763,0
929,0.9289,0.92890001,0.92890003,0.928901,0.928901,46445001,46445002,0,-62503,1,0,1,0,0,747,24480641,23326443,0,23418779,0,0,0,0,24480641,62503,1154198,92336,0,747,24480641,23326443,0,23418779,0,0,0,0,24480641,62503,1154198,92336,0
930,0.9299,0.92990001,0.92990003,0.929901,0.929901,46495001,46495002,0,-55426,1,0,1,0,0,746,24442291,23418779,0,23500660,0,0,0,0,24442291,55426,1023512,81881,0,746,24442291,23418779,0,23500660,0,0,0,0,24442291,55426,1023512,81881,0
931,0.9309,0.93090001,0.93090003,0.930901,0.930901,46545001,46545002,0,-48874,1,0,1,0,0,745,24403181,23500660,0,23572862,0,0,0,0,24403181,48874,902521,72202,0,745,24403181,23500660,0,23572862,0,0,0,0,24403181,48874,902521,72202,0
932,0.9319,0.93190001,0.93190003,0.931901,0.931901,46595001,46595002,0,-43183,1,0,1,0,0,744,24370291,23572862,0,23636656,0,0,0,0,24370291,43183,797429,63794,0,744,24370291,23572862,0,23636656,0,0,0,0,24370291,43183,797429,63794,0
933,0.9329,0.93290001,0.93290003,0.932901,0.932901,46645001,46645002,0,-38347,1,0,1,0,0,743,24344782,23636656,0,23693306,0,0,0,0,24344782,38347,708126,56650,0,743,24344782,23636656,0,23693306,0,0,0,0,24344782,38347,708126,56650,0
934,0.9339,0.93390001,0.93390003,0.933901,0.933901,46695001,46695002,0,-34267,1,0,1,0,0,742,24326090,23693306,0,23743929,0,0,0,0,24326090,34267,632784,50623,0,742,24326090,23693306,0,23743929,0,0,0,0,24326090,34267,632784,50623,0
935,0.9349,0.93490001,0.93490003,0.934901,0.934901,46745001,46745002,0,-30835,1,0,1,0,0,742,24313337,23743929,0,23789482,0,0,0,0,24313337,30835,569408,45553,0,742,24313337,23743929,0,23789482,0,0,0,0,24313337,30835,569408,45553,0
936,0.9359,0.93590001,0.93590003,0.935901,0.935901,46795001,46795002,0,-27951,1,0,1,0,0,742,24305633,23789482,0,23830774,0,0,0,0,24305633,27951,516151,41292,0,742,24305633,23789482,0,23830774,0,0,0,0,24305633,27951,516151,41292,0
937,0.9369,0.93690001,0.93690003,0.936901,0.936901,46845001,46845002,0,-25527,1,0,1,0,0,742,24302163,23830774,0,23868485,0,0,0,0,24302163,25527,471389,37711,0,742,24302163,23830774,0,23868485,0,0,0,0,24302163,25527,471389,37711,0
938,0.9379,0.93790001,0.93790003,0.937901,0.937901,46895001,46895002,0,-23492,1,0,1,0,0,742,24302295,23868485,0,23903190,0,0,0,0,24302295,23492,433810,34705,0,742,24302295,23868485,0,23903190,0,0,0,0,24302295,23492,433810,34705,0
939,0.9389,0.93890001,0.93890003,0.938901,0.938901,46945001,46945002,0,-16945,1,0,1,0,0,739,24216101,23903190,0,23928223,0,0,0,0,24216101,16945,312911,25033,0,739,24216101,23903190,0,23928223,0,0,0,0,24216101,16945,312911,25033,0
940,0.9399,0.93990001,0.93990003,0.939901,0.939901,46995001,46995002,0,-14268,1,0,1,0,0,738,24191700,23928223,0,23949301,0,0,0,0,24191700,14268,263477,21078,0,738,24191700,23928223,0,23949301,0,0,0,0,24191700,14268,263477,21078,0
941,0.9409,0.94090001,0.94090003,0.940901,0.940901,47045001,47045002,0,-13175,1,0,1,0,0,738,24192594,23949301,0,23968764,0,0,0,0,24192594,13175,243293,19463,0,738,24192594,23949301,0,23968764,0,0,0,0,24192594,13175,243293,19463,0
942,0.9419,0.94190001,0.94190003,0.941901,0.941901,47095001,47095002,0,-12610,1,0,1,0,0,739,24201624,23968764,0,23987393,0,0,0,0,24201624,12610,232860,18629,0,739,24201624,23968764,0,23987393,0,0,0,0,24201624,12610,232860,18629,0
943,0.9429,0.94290001,0.94290003,0.942901,0.942901,47145001,47145002,0,-12243,1,0,1,0,0,739,24213476,23987393,0,24005480,0,0,0,0,24213476,12243,226083,18087,0,739,24213476,23987393,0,24005480,0,0,0,0,24213476,12243,226083,18087,0
944,0.9439,0.94390001,0.94390003,0.943901,0.943901,47195001,47195002,0,-11968,1,0,1,0,0,739,24226484,24005480,0,24023160,0,0,0,0,24226484,11968,221004,17680,0,739,24226484,24005480,0,24023160,0,0,0,0,24226484,11968,221004,17680,0
945,0.9449,0.94490001,0.94490003,0.944901,0.944901,47245001,47245002,0,-11747,1,0,1,0,0,740,24240083,24023160,0,24040514,0,0,0,0,24240083,11747,216923,17354,0,740,24240083,24023160,0,24040514,0,0,0,0,24240083,11747,216923,17354,0
946,0.9459,0.94590001,0.94590003,0.945901,0.945901,47295001,47295002,0,-11564,1,0,1,0,0,740,24254058,24040514,0,24057598,0,0,0,0,24254058,11564,213544,17084,0,740,24254058,24040514,0,24057598,0,0,0,0,24254058,11564,213544,17084,0
947,0.9469,0.94690001,0.94690003,0.946901,0.946901,47345001,47345002,0,-10520,1,0,1,0,0,740,24251863,24057598,0,24073139,0,0,0,0,24251863,10520,194265,15541,0,740,24251863,24057598,0,24073139,0,0,0,0,24251863,10520,194265,15541,0
948,0.9479,0.94790001,0.94790003,0.947901,0.947901,47395001,47395002,0,-8608,1,0,1,0,0,740,24232097,24073139,0,24085856,0,0,0,0,24232097,8608,158958,12717,0,740,24232097,24073139,0,24085856,0,0,0,0,24232097,8608,158958,12717,0
949,0.9489,0.94890001,0.94890003,0.948901,0.948901,47445001,47445002,0,-8464,1,0,1,0,0,740,24242155,24085856,0,24098360,0,0,0,0,24242155,8464,156299,12504,0,740,24242155,24085856,0,24098360,0,0,0,0,24242155,8464,156299,12504,0
950,0.9499,0.94990001,0.94990003,0.949901,0.949901,47495001,47495002,0,-6105,1,0,1,0,0,739,24211097,24098360,0,24107379,0,0,0,0,24211097,6105,112737,9019,0,739,24211097,24098360,0,24107379,0,0,0,0,24211097,6105,112737,9019,0
951,0.9509,0.95090001,0.95090003,0.950901,0.950901,47545001,47545002,0,-5502,1,0,1,0,0,739,24208980,24107379,0,24115507,0,0,0,0,24208980,5502,101601,8128,0,739,24208980,24107379,0,24115507,0,0,0,0,24208980,5502,101601,8128,0
952,0.9519,0.95190001,0.95190003,0.951901,0.951901,47595001,47595002,0,-4553,1,0,1,0,0,739,24199584,24115507,0,24122233,0,0,0,0,24199584,4553,84077,6726,0,739,24199584,24115507,0,24122233,0,0,0,0,24199584,4553,84077,6726,0
953,0.9529,0.95290001,0.95290003,0.952901,0.952901,47645001,47645002,0,-1974,1,0,1,0,0,737,24158685,24122233,0,24125149,0,0,0,0,24158685,1974,36452,2916,0,737,24158685,24122233,0,24125149,0,0,0,0,24158685,1974,36452,2916,0
954,0.9539,0.95390001,0.95390003,0.953901,0.953901,47695001,47695002,0,-2257,1,0,1,0,0,738,24166827,24125149,0,24128483,0,0,0,0,24166827,2257,41678,3334,0,738,24166827,24125149,0,24128483,0,0,0,0,24166827,2257,41678,3334,0
955,0.9549,0.95490001,0.95490003,0.954901,0.954901,47745001,47745002,0,-3244,1,0,1,0,0,738,24188388,24128483,0,24133275,0,0,0,0,24188388,3244,59905,4792,0,738,24188388,24128483,0,24133275,0,0,0,0,24188388,3244,59905,4792,0
956,0.9559,0.95590001,0.95590003,0.955901,0.955901,47795001,47795002,0,-3521,1,0,1,0,0,738,24198295,24133275,0,24138477,0,0,0,0,24198295,3521,65020,5202,0,738,24198295,24133275,0,24138477,0,0,0,0,24198295,3521,65020,5202,0
957,0.9569,0.95690001,0.95690003,0.956901,0.956901,47845001,47845002,0,-3665,1,0,1,0,0,739,24206156,24138477,0,24143891,0,0,0,0,24206156,3665,67679,5414,0,739,24206156,24138477,0,24143891,0,0,0,0,24206156,3665,67679,5414,0
958,0.9579,0.95790001,0.95790003,0.957901,0.957901,47895001,47895002,0,-1872,1,0,1,0,0,738,24178460,24143891,0,24146657,0,0,0,0,24178460,1872,34569,2766,0,738,24178460,24143891,0,24146657,0,0,0,0,24178460,1872,34569,2766,0
959,0.9589,0.95890001,0.95890003,0.958901,0.958901,47945001,47945002,0,-139,1,0,1,0,0,737,24149224,24146657,0,24146862,0,0,0,0,24149224,139,2567,205,0,737,24149224,24146657,0,24146862,0,0,0,0,24149224,139,2567,205,0
960,0.9599,0.95990001,0.95990003,0.959901,0.959901,47995001,47995002,0,-857,1,0,1,0,0,737,24162688,24146862,0,24148128,0,0,0,0,24162688,857,15826,1266,0,737,24162688,24146862,0,24148128,0,0,0,0,24162688,857,15826,1266,0
961,0.9609,0.96090001,0.96090003,0.960901,0.960901,48045001,48045002,0,-2125,1,0,1,0,0,738,24187369,24148128,0,24151267,0,0,0,0,24187369,2125,39241,3139,0,738,24187369,24148128,0,24151267,0,0,0,0,24187369,2125,39241,3139,0
962,0.9619,0.96190001,0.96190003,0.961901,0.961901,48095001,48095002,0,-3394,1,0,1,0,0,739,24213942,24151267,0,24156281,0,0,0,0,24213942,3394,62675,5014,0,739,24213942,24151267,0,24156281,0,0,0,0,24213942,3394,62675,5014,0
963,0.9629,0.96290001,0.96290003,0.962901,0.962901,48145001,48145002,0,-3631,1,0,1,0,0,739,24223332,24156281,0,24161645,0,0,0,0,24223332,3631,67051,5364,0,739,24223332,24156281,0,24161645,0,0,0,0,24223332,3631,67051,5364,0
964,0.9639,0.96390001,0.96390003,0.963901,0.963901,48195001,48195002,0,-2813,1,0,1,0,0,739,24213591,24161645,0,24165801,0,0,0,0,24213591,2813,51946,4156,0,739,24213591,24161645,0,24165801,0,0,0,0,24213591,2813,51946,4156,0
965,0.9649,0.96490001,0.96490003,0.964901,0.964901,48245001,48245002,0,-2628,1,0,1,0,0,739,24214330,24165801,0,24169683,0,0,0,0,24214330,2628,48529,3882,0,739,24214330,24165801,0,24169683,0,0,0,0,24214330,2628,48529,3882,0
966,0.9659,0.96590001,0.96590003,0.965901,0.965901,48295001,48295002,0,-1250,1,0,1,0,0,738,24192766,24169683,0,24171530,0,0,0,0,24192766,1250,23083,1847,0,738,24192766,24169683,0,24171530,0,0,0,0,24192766,1250,23083,1847,0
967,0.9669,0.96690001,0.96690003,0.966901,0.966901,48345001,48345002,0,-2084,1,0,1,0,0,739,24210014,24171530,0,24174609,0,0,0,0,24210014,2084,38484,3079,0,739,24210014,24171530,0,24174609,0,0,0,0,24210014,2084,38484,3079,0
968,0.9679,0.96790001,0.96790003,0.967901,0.967901,48395001,48395002,0,415,1,0,1,0,0,738,24166945,24174609,0,24173996,0,0,0,0,24166945,-415,-7664,-613,0,738,24166945,24174609,0,24173996,0,0,0,0,24166945,-415,-7664,-613,0
969,0.9689,0.96890001,0.96890003,0.968901,0.968901,48445001,48445002,0,624,1,0,1,0,0,737,24162473,24173996,0,24173074,0,0,0,0,24162473,-624,-11523,-922,0,737,24162473,24173996,0,24173074,0,0,0,0,24162473,-624,-11523,-922,0
970,0.9699,0.96990001,0.96990003,0.969901,0.969901,48495001,48495002,0,-1254,1,0,1,0,0,738,24196231,24173074,0,24174927,0,0,0,0,24196231,1254,23157,1853,0,738,24196231,24173074,0,24174927,0,0,0,0,24196231,1254,23157,1853,0
971,0.9709,0.97090001,0.97090003,0.970901,0.970901,48545001,48545002,0,-548,1,0,1,0,0,738,24185047,24174927,0,24175737,0,0,0,0,24185047,548,10120,810,0,738,24185047,24174927,0,24175737,0,0,0,0,24185047,548,10120,810,0
972,0.9719,0.97190001,0.97190003,0.971901,0.971901,48595001,48595002,0,-1729,1,0,1,0,0,739,24207665,24175737,0,24178291,0,0,0,0,24207665,1729,31928,2554,0,739,24207665,24175737,0,24178291,0,0,0,0,24207665,1729,31928,2554,0
973,0.9729,0.97290001,0.97290003,0.972901,0.972901,48645001,48645002,0,1574,1,0,1,0,0,737,24149225,24178291,0,24175966,0,0,0,0,24149225,-1574,-29066,-2325,0,737,24149225,24178291,0,24175966,0,0,0,0,24149225,-1574,-29066,-2325,0
974,0.9739,0.97390001,0.97390003,0.973901,0.973901,48695001,48695002,0,1359,1,0,1,0,0,737,24150870,24175966,0,24173958,0,0,0,0,24150870,-1359,-25096,-2008,0,737,24150870,24175966,0,24173958,0,0,0,0,24150870,-1359,-25096,-2008,0
975,0.9749,0.97490001,0.97490003,0.974901,0.974901,48745001,48745002,0,-26,1,0,1,0,0,738,24174438,24173958,0,24173996,0,0,0,0,24174438,26,480,38,0,738,24174438,24173958,0,24173996,0,0,0,0,24174438,26,480,38,0
976,0.9759,0.97590001,0.97590003,0.975901,0.975901,48795001,48795002,0,-667,1,0,1,0,0,738,24186313,24173996,0,24174981,0,0,0,0,24186313,667,12317,985,0,738,24186313,24173996,0,24174981,0,0,0,0,24186313,667,12317,985,0
977,0.9769,0.97690001,0.97690003,0.976901,0.976901,48845001,48845002,0,-281,1,0,1,0,0,738,24180170,24174981,0,24175396,0,0,0,0,24180170,281,5189,415,0,738,24180170,24174981,0,24175396,0,0,0,0,24180170,281,5189,415,0
978,0.9779,0.97790001,0.97790003,0.977901,0.977901,48895001,48895002,0,-1455,1,0,1,0,0,739,24202264,24175396,0,24177545,0,0,0,0,24202264,1455,26868,2149,0,739,24202264,24175396,0,24177545,0,0,0,0,24202264,1455,26868,2149,0
979,0.9789,0.97890001,0.97890003,0.978901,0.978901,48945001,48945002,0,-213,1,0,1,0,0,738,24181478,24177545,0,24177860,0,0,0,0,24181478,213,3933,315,0,738,24181478,24177545,0,24177860,0,0,0,0,24181478,213,3933,315,0
980,0.9799,0.97990001,0.97990003,0.979901,0.979901,48995001,48995002,0,-552,1,0,1,0,0,738,24188053,24177860,0,24178675,0,0,0,0,24188053,552,10193,815,0,738,24188053,24177860,0,24178675,0,0,0,0,24188053,552,10193,815,0
981,0.9809,0.98090001,0.98090003,0.980901,0.980901,49045001,49045002,0,1904,1,0,1,0,0,737,24143515,24178675,0,24175862,0,0,0,0,24143515,-1904,-35160,-2813,0,737,24143515,24178675,0,24175862,0,0,0,0,24143515,-1904,-35160,-2813,0
982,0.9819,0.98190001,0.98190003,0.981901,0.981901,49095001,49095002,0,1937,1,0,1,0,0,737,24140093,24175862,0,24173000,0,0,0,0,24140093,-1937,-35769,-2862,0,737,24140093,24175862,0,24173000,0,0,0,0,24140093,-1937,-35769,-2862,0
983,0.9829,0.98290001,0.98290003,0.982901,0.982901,49145001,49145002,0,565,1,0,1,0,0,737,24162567,24173000,0,24172165,0,0,0,0,24162567,-565,-10433,-835,0,737,24162567,24173000,0,24172165,0,0,0,0,24162567,-565,-10433,-835,0
984,0.9839,0.98390001,0.98390003,0.983901,0.983901,49195001,49195002,0,-1015,1,0,1,0,0,738,24190908,24172165,0,24173664,0,0,0,0,24190908,1015,18743,1499,0,738,24190908,24172165,0,24173664,0,0,0,0,24190908,1015,18743,1499,0
985,0.9849,0.98490001,0.98490003,0.984901,0.984901,49245001,49245002,0,-3171,1,0,1,0,0,740,24232221,24173664,0,24178349,0,0,0,0,24232221,3171,58557,4685,0,740,24232221,24173664,0,24178349,0,0,0,0,24232221,3171,58557,4685,0
986,0.9859,0.98590001,0.98590003,0.985901,0.985901,49295001,49295002,0,522,1,0,1,0,0,738,24168710,24178349,0,24177578,0,0,0,0,24168710,-522,-9639,-771,0,738,24168710,24178349,0,24177578,0,0,0,0,24168710,-522,-9639,-771,0
987,0.9869,0.98690001,0.98690003,0.986901,0.986901,49345001,49345002,0,2478,1,0,1,0,0,736,24131819,24177578,0,24173917,0,0,0,0,24131819,-2478,-45759,-3661,0,736,24131819,24177578,0,24173917,0,0,0,0,24131819,-2478,-45759,-3661,0
988,0.9879,0.98790001,0.98790003,0.987901,0.987901,49395001,49395002,0,1526,1,0,1,0,0,737,24145737,24173917,0,24171663,0,0,0,0,24145737,-1526,-28180,-2254,0,737,24145737,24173917,0,24171663,0,0,0,0,24145737,-1526,-28180,-2254,0
989,0.9889,0.98890001,0.98890003,0.988901,0.988901,49445001,49445002,0,-68,1,0,1,0,0,738,24172919,24171663,0,24171763,0,0,0,0,24172919,68,1256,100,0,738,24172919,24171663,0,24171763,0,0,0,0,24172919,68,1256,100,0
990,0.9899,0.98990001,0.98990003,0.989901,0.989901,49495001,49495002,0,-1649,1,0,1,0,0,739,24202214,24171763,0,24174199,0,0,0,0,24202214,1649,30451,2436,0,739,24202214,24171763,0,24174199,0,0,0,0,24202214,1649,30451,2436,0
991,0.9909,0.99090001,0.99090003,0.990901,0.990901,49545001,49545002,0,-894,1,0,1,0,0,738,24190708,24174199,0,24175520,0,0,0,0,24190708,894,16509,1321,0,738,24190708,24174199,0,24175520,0,0,0,0,24190708,894,16509,1321,0
992,0.9919,0.99190001,0.99190003,0.991901,0.991901,49595001,49595002,0,-1454,1,0,1,0,0,739,24202370,24175520,0,24177668,0,0,0,0,24202370,1454,26850,2148,0,739,24202370,24175520,0,24177668,0,0,0,0,24202370,1454,26850,2148,0
993,0.9929,0.99290001,0.99290003,0.992901,0.992901,49645001,49645002,0,-54,1,0,1,0,0,738,24178665,24177668,0,24177748,0,0,0,0,24178665,54,997,80,0,738,24178665,24177668,0,24177748,0,0,0,0,24178665,54,997,80,0
994,0.9939,0.99390001,0.99390003,0.993901,0.993901,49695001,49695002,0,-370,1,0,1,0,0,738,24184581,24177748,0,24178295,0,0,0,0,24184581,370,6833,547,0,738,24184581,24177748,0,24178295,0,0,0,0,24184581,370,6833,547,0
995,0.9949,0.99490001,0.99490003,0.994901,0.994901,49745001,49745002,0,2071,1,0,1,0,0,737,24140051,24178295,0,24175236,0,0,0,0,24140051,-2071,-38244,-3059,0,737,24140051,24178295,0,24175236,0,0,0,0,24140051,-2071,-38244,-3059,0
996,0.9959,0.99590001,0.99590003,0.995901,0.995901,49795001,49795002,0,2082,1,0,1,0,0,737,24136789,24175236,0,24172160,0,0,0,0,24136789,-2082,-38447,-3076,0,737,24136789,24175236,0,24172160,0,0,0,0,24136789,-2082,-38447,-3076,0
997,0.9969,0.99690001,0.99690003,0.996901,0.996901,49845001,49845002,0,688,1,0,1,0,0,737,24159455,24172160,0,24171144,0,0,0,0,24159455,-688,-12705,-1016,0,737,24159455,24172160,0,24171144,0,0,0,0,24159455,-688,-12705,-1016,0
998,0.9979,0.99790001,0.99790003,0.997901,0.997901,49895001,49895002,0,-911,1,0,1,0,0,738,24187967,24171144,0,24172490,0,0,0,0,24187967,911,16823,1346,0,738,24187967,24171144,0,24172490,0,0,0,0,24187967,911,16823,1346,0
999,0.9989,0.99890001,0.99890003,0.998901,0.998901,49945001,49945002,0,-3084,1,0,1,0,0,739,24229440,24172490,0,24177046,0,0,0,0,24229440,3084,56950,4556,0,739,24229440,24172490,0,24177046,0,0,0,0,24229440,3084,56950,4556,0
1000,0.9999,0.99990001,0.99990003,0.999901,0.999901,49995001,49995002,0,-2250,1,0,1,0,0,739,24218595,24177046,0,24180370,0,0,0,0,24218595,2250,41549,3324,0,739,24218595,24177046,0,24180370,0,0,0,0,24218595,2250,41549,3324,0
1001,1.0009,1.00090001,1.00090003,1.000901,1.000901,50045001,50045002,0,-363,1,0,1,0,0,738,24187073,24180370,0,24180906,0,0,0,0,24187073,363,6703,536,0,738,24187073,24180370,0,24180906,0,0,0,0,24187073,363,6703,536,0
1002,1.0019,1.00190001,1.00190003,1.001901,1.001901,50095001,50095002,0,1227,1,0,1,0,0,737,24158248,24180906,0,24179093,0,0,0,0,24158248,-1227,-22658,-1813,0,737,24158248,24180906,0,24179093,0,0,0,0,24158248,-1227,-22658,-1813,0
1003,1.0029,1.00290001,1.00290003,1.002901,1.002901,50145001,50145002,0,319,1,0,1,0,0,738,24173202,24179093,0,24178622,0,0,0,0,24173202,-319,-5891,-471,0,738,24173202,24179093,0,24178622,0,0,0,0,24173202,-319,-5891,-471,0
1004,1.0039,1.00390001,1.00390003,1.003901,1.003901,50195001,50195002,0,-237,1,0,1,0,0,738,24182999,24178622,0,24178972,0,0,0,0,24182999,237,4377,350,0,738,24182999,24178622,0,24178972,0,0,0,0,24182999,237,4377,350,0
1005,1.0049,1.00490001,1.00490003,1.004901,1.004901,50245001,50245002,0,122,1,0,1,0,0,738,24176719,24178972,0,24178792,0,0,0,0,24176719,-122,-2253,-180,0,738,24176719,24178972,0,24178792,0,0,0,0,24176719,-122,-2253,-180,0
1006,1.0059,1.00590001,1.00590003,1.005901,1.005901,50295001,50295002,0,-1103,1,0,1,0,0,738,24199160,24178792,0,24180421,0,0,0,0,24199160,1103,20368,1629,0,738,24199160,24178792,0,24180421,0,0,0,0,24199160,1103,20368,1629,0
1007,1.0069,1.00690001,1.00690003,1.006901,1.006901,50345001,50345002,0,87,1,0,1,0,0,738,24178814,24180421,0,24180292,0,0,0,0,24178814,-87,-1607,-129,0,738,24178814,24180421,0,24180292,0,0,0,0,24178814,-87,-1607,-129,0
1008,1.0079,1.00790001,1.00790003,1.007901,1.007901,50395001,50395002,0,-298,1,0,1,0,0,738,24185795,24180292,0,24180732,0,0,0,0,24185795,298,5503,440,0,738,24185795,24180292,0,24180732,0,0,0,0,24185795,298,5503,440,0
1009,1.0089,1.00890001,1.00890003,1.008901,1.008901,50445001,50445002,0,-181,1,0,1,0,0,738,24184074,24180732,0,24180999,0,0,0,0,24184074,181,3342,267,0,738,24184074,24180732,0,24180999,0,0,0,0,24184074,181,3342,267,0
1010,1.0099,1.00990001,1.00990003,1.009901,1.009901,50495001,50495002,0,1698,1,0,1,0,0,737,24149643,24180999,0,24178491,0,0,0,0,24149643,-1698,-31356,-2508,0,737,24149643,24180999,0,24178491,0,0,0,0,24149643,-1698,-31356,-2508,0
1011,1.0109,1.01090001,1.01090003,1.010901,1.010901,50545001,50545002,0,827,1,0,1,0,0,737,24163219,24178491,0,24177269,0,0,0,0,24163219,-827,-15272,-1222,0,737,24163219,24178491,0,24177269,0,0,0,0,24163219,-827,-15272,-1222,0
1012,1.0119,1.01190001,1.01190003,1.011901,1.011901,50595001,50595002,0,-654,1,0,1,0,0,738,24189346,24177269,0,24178235,0,0,0,0,24189346,654,12077,966,0,738,24189346,24177269,0,24178235,0,0,0,0,24189346,654,12077,966,0
1013,1.0129,1.01290001,1.01290003,1.012901,1.012901,50645001,50645002,0,-2824,1,0,1,0,0,739,24230384,24178235,0,24182407,0,0,0,0,24230384,2824,52149,4172,0,739,24230384,24178235,0,24182407,0,0,0,0,24230384,2824,52149,4172,0
1014,1.0139,1.01390001,1.01390003,1.013901,1.013901,50695001,50695002,0,-2019,1,0,1,0,0,739,24219690,24182407,0,24185390,0,0,0,0,24219690,2019,37283,2983,0,739,24219690,24182407,0,24185390,0,0,0,0,24219690,2019,37283,2983,0
1015,1.0149,1.01490001,1.01490003,1.014901,1.014901,50745001,50745002,0,1827,1,0,1,0,0,737,24151652,24185390,0,24182691,0,0,0,0,24151652,-1827,-33738,-2699,0,737,24151652,24185390,0,24182691,0,0,0,0,24151652,-1827,-33738,-2699,0
1016,1.0159,1.01590001,1.01590003,1.015901,1.015901,50795001,50795002,0,1724,1,0,1,0,0,737,24150855,24182691,0,24180144,0,0,0,0,24150855,-1724,-31836,-2547,0,737,24150855,24182691,0,24180144,0,0,0,0,24150855,-1724,-31836,-2547,0
1017,1.0169,1.01690001,1.01690003,1.016901,1.016901,50845001,50845002,0,326,1,0,1,0,0,738,24174124,24180144,0,24179662,0,0,0,0,24174124,-326,-6020,-482,0,738,24174124,24180144,0,24179662,0,0,0,0,24174124,-326,-6020,-482,0
1018,1.0179,1.01790001,1.01790003,1.017901,1.017901,50895001,50895002,0,-1248,1,0,1,0,0,739,24202708,24179662,0,24181506,0,0,0,0,24202708,1248,23046,1844,0,739,24202708,24179662,0,24181506,0,0,0,0,24202708,1248,23046,1844,0
1019,1.0189,1.01890001,1.01890003,1.018901,1.018901,50945001,50945002,0,-536,1,0,1,0,0,738,24191404,24181506,0,24182298,0,0,0,0,24191404,536,9898,792,0,738,24191404,24181506,0,24182298,0,0,0,0,24191404,536,9898,792,0
1020,1.0199,1.01990001,1.01990003,1.019901,1.019901,50995001,50995002,0,-1147,1,0,1,0,0,739,24203479,24182298,0,24183992,0,0,0,0,24203479,1147,21181,1694,0,739,24203479,24182298,0,24183992,0,0,0,0,24203479,1147,21181,1694,0
1021,1.0209,1.02090001,1.02090003,1.020901,1.020901,51045001,51045002,0,206,1,0,1,0,0,738,24180188,24183992,0,24183688,0,0,0,0,24180188,-206,-3804,-304,0,738,24180188,24183992,0,24183688,0,0,0,0,24180188,-206,-3804,-304,0
1022,1.0219,1.02190001,1.02190003,1.021901,1.021901,51095001,51095002,0,-150,1,0,1,0,0,738,24186458,24183688,0,24183910,0,0,0,0,24186458,150,2770,222,0,738,24186458,24183688,0,24183910,0,0,0,0,24186458,150,2770,222,0
1023,1.0229,1.02290001,1.02290003,1.022901,1.022901,51145001,51145002,0,2256,1,0,1,0,0,737,24142250,24183910,0,24180577,0,0,0,0,24142250,-2256,-41660,-3333,0,737,24142250,24183910,0,24180577,0,0,0,0,24142250,-2256,-41660,-3333,0
1024,1.0239,1.02390001,1.02390003,1.023901,1.023901,51195001,51195002,0,2237,1,0,1,0,0,737,24139268,24180577,0,24177272,0,0,0,0,24139268,-2237,-41309,-3305,0,737,24139268,24180577,0,24177272,0,0,0,0,24139268,-2237,-41309,-3305,0
1025,1.0249,1.02490001,1.02490003,1.024901,1.024901,51245001,51245002,0,818,1,0,1,0,0,737,24162167,24177272,0,24176064,0,0,0,0,24162167,-818,-15105,-1208,0,737,24162167,24177272,0,24176064,0,0,0,0,24162167,-818,-15105,-1208,0
1026,1.0259,1.02590001,1.02590003,1.025901,1.025901,51295001,51295002,0,-802,1,0,1,0,0,738,24190874,24176064,0,24177249,0,0,0,0,24190874,802,14810,1185,0,738,24190874,24176064,0,24177249,0,0,0,0,24190874,802,14810,1185,0
1027,1.0269,1.02690001,1.02690003,1.026901,1.026901,51345001,51345002,0,-2992,1,0,1,0,0,740,24232500,24177249,0,24181669,0,0,0,0,24232500,2992,55251,4420,0,740,24232500,24177249,0,24181669,0,0,0,0,24232500,2992,55251,4420,0
1028,1.0279,1.02790001,1.02790003,1.027901,1.027901,51395001,51395002,0,673,1,0,1,0,0,738,24169241,24181669,0,24180675,0,0,0,0,24169241,-673,-12428,-994,0,738,24169241,24181669,0,24180675,0,0,0,0,24169241,-673,-12428,-994,0
1029,1.0289,1.02890001,1.02890003,1.028901,1.028901,51445001,51445002,0,2604,1,0,1,0,0,736,24132589,24180675,0,24176828,0,0,0,0,24132589,-2604,-48086,-3847,0,736,24132589,24180675,0,24176828,0,0,0,0,24132589,-2604,-48086,-3847,0
1030,1.0299,1.02990001,1.02990003,1.029901,1.029901,51495001,51495002,0,1632,1,0,1,0,0,737,24146691,24176828,0,24174417,0,0,0,0,24146691,-1632,-30137,-2411,0,737,24146691,24176828,0,24174417,0,0,0,0,24146691,-1632,-30137,-2411,0
1031,1.0309,1.03090001,1.03090003,1.030901,1.030901,51545001,51545002,0,22,1,0,1,0,0,738,24174011,24174417,0,24174384,0,0,0,0,24174011,-22,-406,-33,0,738,24174011,24174417,0,24174384,0,0,0,0,24174011,-22,-406,-33,0
1032,1.0319,1.03190001,1.03190003,1.031901,1.031901,51595001,51595002,0,-1574,1,0,1,0,0,739,24203450,24174384,0,24176709,0,0,0,0,24203450,1574,29066,2325,0,739,24203450,24174384,0,24176709,0,0,0,0,24203450,1574,29066,2325,0
1033,1.0329,1.03290001,1.03290003,1.032901,1.032901,51645001,51645002,0,-831,1,0,1,0,0,738,24192054,24176709,0,24177937,0,0,0,0,24192054,831,15345,1228,0,738,24192054,24176709,0,24177937,0,0,0,0,24192054,831,15345,1228,0
1034,1.0339,1.03390001,1.03390003,1.033901,1.033901,51695001,51695002,0,-1401,1,0,1,0,0,739,24203808,24177937,0,24180007,0,0,0,0,24203808,1401,25871,2070,0,739,24203808,24177937,0,24180007,0,0,0,0,24203808,1401,25871,2070,0
1035,1.0349,1.03490001,1.03490003,1.034901,1.034901,51745001,51745002,0,-10,1,0,1,0,0,738,24180192,24180007,0,24180022,0,0,0,0,24180192,10,185,15,0,738,24180192,24180007,0,24180022,0,0,0,0,24180192,10,185,15,0
1036,1.0359,1.03590001,1.03590003,1.035901,1.035901,51795001,51795002,0,-332,1,0,1,0,0,738,24186153,24180022,0,24180512,0,0,0,0,24186153,332,6131,490,0,738,24186153,24180022,0,24180512,0,0,0,0,24186153,332,6131,490,0
1037,1.0369,1.03690001,1.03690003,1.036901,1.036901,51845001,51845002,0,2103,1,0,1,0,0,737,24141677,24180512,0,24177405,0,0,0,0,24141677,-2103,-38835,-3107,0,737,24141677,24180512,0,24177405,0,0,0,0,24141677,-2103,-38835,-3107,0
1038,1.0379,1.03790001,1.03790003,1.037901,1.037901,51895001,51895002,0,2109,1,0,1,0,0,737,24138460,24177405,0,24174289,0,0,0,0,24138460,-2109,-38945,-3116,0,737,24138460,24177405,0,24174289,0,0,0,0,24138460,-2109,-38945,-3116,0
1039,1.0389,1.03890001,1.03890003,1.038901,1.038901,51945001,51945002,0,710,1,0,1,0,0,737,24161178,24174289,0,24173240,0,0,0,0,24161178,-710,-13111,-1049,0,737,24161178,24174289,0,24173240,0,0,0,0,24161178,-710,-13111,-1049,0
1040,1.0399,1.03990001,1.03990003,1.039901,1.039901,51995001,51995002,0,-893,1,0,1,0,0,738,24189730,24173240,0,24174559,0,0,0,0,24189730,893,16490,1319,0,738,24189730,24173240,0,24174559,0,0,0,0,24189730,893,16490,1319,0
1041,1.0409,1.04090001,1.04090003,1.040901,1.040901,52045001,52045002,0,-3068,1,0,1,0,0,739,24231214,24174559,0,24179091,0,0,0,0,24231214,3068,56655,4532,0,739,24231214,24174559,0,24179091,0,0,0,0,24231214,3068,56655,4532,0
1042,1.0419,1.04190001,1.04190003,1.041901,1.041901,52095001,52095002,0,-2237,1,0,1,0,0,739,24220400,24179091,0,24182396,0,0,0,0,24220400,2237,41309,3305,0,739,24220400,24179091,0,24182396,0,0,0,0,24220400,2237,41309,3305,0
1043,1.0429,1.04290001,1.04290003,1.042901,1.042901,52145001,52145002,0,1640,1,0,1,0,0,737,24152111,24182396,0,24179973,0,0,0,0,24152111,-1640,-30285,-2423,0,737,24152111,24182396,0,24179973,0,0,0,0,24152111,-1640,-30285,-2423,0
1044,1.0439,1.04390001,1.04390003,1.043901,1.043901,52195001,52195002,0,1565,1,0,1,0,0,737,24151073,24179973,0,24177661,0,0,0,0,24151073,-1565,-28900,-2312,0,737,24151073,24179973,0,24177661,0,0,0,0,24151073,-1565,-28900,-2312,0
1045,1.0449,1.04490001,1.04490003,1.044901,1.044901,52245001,52245002,0,193,1,0,1,0,0,738,24174097,24177661,0,24177376,0,0,0,0,24174097,-193,-3564,-285,0,738,24174097,24177661,0,24177376,0,0,0,0,24174097,-193,-3564,-285,0
1046,1.0459,1.04590001,1.04590003,1.045901,1.045901,52295001,52295002,0,-1360,1,0,1,0,0,739,24202490,24177376,0,24179385,0,0,0,0,24202490,1360,25114,2009,0,739,24202490,24177376,0,24179385,0,0,0,0,24202490,1360,25114,2009,0
1047,1.0469,1.04690001,1.04690003,1.046901,1.046901,52345001,52345002,0,-630,1,0,1,0,0,738,24191019,24179385,0,24180316,0,0,0,0,24191019,630,11634,931,0,738,24191019,24179385,0,24180316,0,0,0,0,24191019,630,11634,931,0
1048,1.0479,1.04790001,1.04790003,1.047901,1.047901,52395001,52395002,0,-1226,1,0,1,0,0,739,24202956,24180316,0,24182127,0,0,0,0,24202956,1226,22640,1811,0,739,24202956,24180316,0,24182127,0,0,0,0,24202956,1226,22640,1811,0
1049,1.0489,1.04890001,1.04890003,1.048901,1.048901,52445001,52445002,0,139,1,0,1,0,0,738,24179560,24182127,0,24181922,0,0,0,0,24179560,-139,-2567,-205,0,738,24179560,24182127,0,24181922,0,0,0,0,24179560,-139,-2567,-205,0
1050,1.0499,1.04990001,1.04990003,1.049901,1.049901,52495001,52495002,0,-207,1,0,1,0,0,738,24185745,24181922,0,24182228,0,0,0,0,24185745,207,3823,306,0,738,24185745,24181922,0,24182228,0,0,0,0,24185745,207,3823,306,0
1051,1.0509,1.05090001,1.05090003,1.050901,1.050901,52545001,52545002,0,520056,1,0,1,0,0,445,14578729,24182228,0,23413948,0,0,0,0,14578729,-520056,-9603499,-768280,0,445,14578729,24182228,0,23413948,0,0,0,0,14578729,-520056,-9603499,-768280,0
1052,1.0519,1.05190001,1.05190003,1.051901,1.051901,52595001,52595002,0,935788,1,0,1,0,0,187,6133427,23413948,0,22031506,0,0,0,0,6133427,-935788,-17280521,-1382442,0,187,6133427,23413948,0,22031506,0,0,0,0,6133427,-935788,-17280521,-1382442,0
1053,1.0529,1.05290001,1.05290003,1.052901,1.052901,52645001,52645002,0,1140174,1,0,1,0,0,30,976736,22031506,0,20347124,0,0,0,0,976736,-1140174,-21054770,-1684382,0,30,976736,22031506,0,20347124,0,0,0,0,976736,-1140174,-21054770,-1684382,0
1054,1.0539,1.05390001,1.05390003,1.053901,1.053901,52695001,52695002,0,1204317,1,0,1,0,0,-58,-1892129,20347124,0,18567983,0,0,0,0,-1892129,-1204317,-22239253,-1779141,0,-58,-1892129,20347124,0,18567983,0,0,0,0,-1892129,-1204317,-22239253,-1779141,0
1055,1.0549,1.05490001,1.05490003,1.054901,1.054901,52745001,52745002,0,1216607,1,0,1,0,0,-119,-3898220,18567983,0,16770686,0,0,0,0,-3898220,-1216607,-22466203,-1797297,0,-119,-3898220,18567983,0,16770686,0,0,0,0,-3898220,-1216607,-22466203,-1797297,0
1056,1.0559,1.05590001,1.05590003,1.055901,1.055901,52795001,52795002,0,1221867,1,0,1,0,0,-177,-5792650,16770686,0,14965619,0,0,0,0,-5792650,-1221867,-22563336,-1805067,0,-177,-5792650,16770686,0,14965619,0,0,0,0,-5792650,-1221867,-22563336,-1805067,0
1057,1.0569,1.05690001,1.05690003,1.056901,1.056901,52845001,52845002,0,1226489,1,0,1,0,0,-234,-7683068,14965619,0,13153724,0,0,0,0,-7683068,-1226489,-22648687,-1811895,0,-234,-7683068,14965619,0,13153724,0,0,0,0,-7683068,-1226489,-22648687,-1811895,0
1058,1.0579,1.05790001,1.05790003,1.057901,1.057901,52895001,52895002,0,1230150,1,0,1,0,0,-292,-9562568,13153724,0,11336420,0,0,0,0,-9562568,-1230150,-22716292,-1817304,0,-292,-9562568,13153724,0,11336420,0,0,0,0,-9562568,-1230150,-22716292,-1817304,0
1059,1.0589,1.05890001,1.05890003,1.058901,1.058901,52945001,52945002,0,1232516,1,0,1,0,0,-349,-11423563,11336420,0,9515621,0,0,0,0,-11423563,-1232516,-22759983,-1820799,0,-349,-11423563,11336420,0,9515621,0,0,0,0,-11423563,-1232516,-22759983,-1820799,0
1060,1.0599,1.05990001,1.05990003,1.059901,1.059901,52995001,52995002,0,1233726,1,0,1,0,0,-405,-13266706,9515621,0,7693034,0,0,0,0,-13266706,-1233726,-22782327,-1822587,0,-405,-13266706,9515621,0,7693034,0,0,0,0,-13266706,-1233726,-22782327,-1822587,0
1061,1.0609,1.06090001,1.06090003,1.060901,1.060901,53045001,53045002,0,1233146,1,0,1,0,0,-460,-15078583,7693034,0,5871304,0,0,0,0,-15078583,-1233146,-22771617,-1821730,0,-460,-15078583,7693034,0,5871304,0,0,0,0,-15078583,-1233146,-22771617,-1821730,0
1062,1.0619,1.06190001,1.06190003,1.061901,1.061901,53095001,53095002,0,1230969,1,0,1,0,0,-515,-16860112,5871304,0,4052790,0,0,0,0,-16860112,-1230969,-22731416,-1818514,0,-515,-16860112,5871304,0,4052790,0,0,0,0,-16860112,-1230969,-22731416,-1818514,0
1063,1.0629,1.06290001,1.06290003,1.062901,1.062901,53145001,53145002,0,1226611,1,0,1,0,0,-568,-18598150,4052790,0,2240714,0,0,0,0,-18598150,-1226611,-22650940,-1812076,0,-568,-18598150,4052790,0,2240714,0,0,0,0,-18598150,-1226611,-22650940,-1812076,0
1064,1.0639,1.06390001,1.06390003,1.063901,1.063901,53195001,53195002,0,1140743,1,0,1,0,0,-574,-18824563,2240714,0,555491,0,0,0,0,-18824563,-1140743,-21065277,-1685223,0,-574,-18824563,2240714,0,555491,0,0,0,0,-18824563,-1140743,-21065277,-1685223,0
1065,1.0649,1.06490001,1.06490003,1.064901,1.064901,53245001,53245002,0,789911,1,0,1,0,0,-428,-14031225,555491,0,-611447,0,0,0,0,-14031225,-789911,-14586716,-1166938,0,-428,-14031225,555491,0,-611447,0,0,0,0,-14031225,-789911,-14586716,-1166938,0
1066,1.0659,1.06590001,1.06590003,1.065901,1.065901,53295001,53295002,0,440480,1,0,1,0,0,-267,-8745473,-611447,0,-1262169,0,0,0,0,-8745473,-440480,-8134026,-650722,0,-267,-8745473,-611447,0,-1262169,0,0,0,0,-8745473,-440480,-8134026,-650722,0
1067,1.0669,1.06690001,1.06690003,1.066901,1.066901,53345001,53345002,0,197461,1,0,1,0,0,-150,-4908539,-1262169,0,-1553879,0,0,0,0,-4908539,-197461,-3646370,-291710,0,-150,-4908539,-1262169,0,-1553879,0,0,0,0,-4908539,-197461,-3646370,-291710,0
1068,1.0679,1.06790001,1.06790003,1.067901,1.067901,53395001,53395002,0,51959,1,0,1,0,0,-77,-2513368,-1553879,0,-1630638,0,0,0,0,-2513368,-51959,-959489,-76759,0,-77,-2513368,-1553879,0,-1630638,0,0,0,0,-2513368,-51959,-959489,-76759,0
1069,1.0689,1.06890001,1.06890003,1.068901,1.068901,53445001,53445002,0,-22985,1,0,1,0,0,-37,-1206191,-1630638,0,-1596682,0,0,0,0,-1206191,22985,424447,33956,0,-37,-1206191,-1630638,0,-1596682,0,0,0,0,-1206191,22985,424447,33956,0
1070,1.0699,1.06990001,1.06990003,1.069901,1.069901,53495001,53495002,0,-56956,1,0,1,0,0,-17,-544917,-1596682,0,-1512541,0,0,0,0,-544917,56956,1051765,84141,0,-17,-544917,-1596682,0,-1512541,0,0,0,0,-544917,56956,1051765,84141,0
1071,1.0709,1.07090001,1.07090003,1.070901,1.070901,53545001,53545002,0,-75787,1,0,1,0,0,-3,-113037,-1512541,0,-1400581,0,0,0,0,-113037,75787,1399504,111960,0,-3,-113037,-1512541,0,-1400581,0,0,0,0,-113037,75787,1399504,111960,0
1072,1.0719,1.07190001,1.07190003,1.071901,1.071901,53595001,53595002,0,-82090,1,0,1,0,0,4,115316,-1400581,0,-1279309,0,0,0,0,115316,82090,1515897,121272,0,4,115316,-1400581,0,-1279309,0,0,0,0,115316,82090,1515897,121272,0
1073,1.0729,1.07290001,1.07290003,1.072901,1.072901,53645001,53645002,0,-88192,1,0,1,0,0,11,349269,-1279309,0,-1149023,0,0,0,0,349269,88192,1628578,130286,0,11,349269,-1279309,0,-1149023,0,0,0,0,349269,88192,1628578,130286,0
1074,1.0739,1.07390001,1.07390003,1.073901,1.073901,53695001,53695002,0,-94322,1,0,1,0,0,18,592753,-1149023,0,-1009681,0,0,0,0,592753,94322,1741776,139342,0,18,592753,-1149023,0,-1009681,0,0,0,0,592753,94322,1741776,139342,0
1075,1.0749,1.07490001,1.07490003,1.074901,1.074901,53745001,53745002,0,-99775,1,0,1,0,0,25,832792,-1009681,0,-862283,0,0,0,0,832792,99775,1842473,147398,0,25,832792,-1009681,0,-862283,0,0,0,0,832792,99775,1842473,147398,0
1076,1.0759,1.07590001,1.07590003,1.075901,1.075901,53795001,53795002,0,-105222,1,0,1,0,0,33,1080776,-862283,0,-706838,0,0,0,0,1080776,105222,1943059,155445,0,33,1080776,-862283,0,-706838,0,0,0,0,1080776,105222,1943059,155445,0
1077,1.0769,1.07690001,1.07690003,1.076901,1.076901,53845001,53845002,0,-110632,1,0,1,0,0,41,1336123,-706838,0,-543401,0,0,0,0,1336123,110632,2042961,163437,0,41,1336123,-706838,0,-543401,0,0,0,0,1336123,110632,2042961,163437,0
1078,1.0779,1.07790001,1.07790003,1.077901,1.077901,53895001,53895002,0,-115876,1,0,1,0,0,49,1596397,-543401,0,-372217,0,0,0,0,1596397,115876,2139798,171184,0,49,1596397,-543401,0,-372217,0,0,0,0,1596397,115876,2139798,171184,0
1079,1.0789,1.07890001,1.07890003,1.078901,1.078901,53945001,53945002,0,-120940,1,0,1,0,0,57,1861095,-372217,0,-193552,0,0,0,0,1861095,120940,2233312,178665,0,57,1861095,-372217,0,-193552,0,0,0,0,1861095,120940,2233312,178665,0
1080,1.0799,1.07990001,1.07990003,1.079901,1.079901,53995001,53995002,0,-125917,1,0,1,0,0,65,2131666,-193552,0,-7534,0,0,0,0,2131666,125917,2325218,186018,0,65,2131666,-193552,0,-7534,0,0,0,0,2131666,125917,2325218,186018,0
1081,1.0809,1.08090001,1.08090003,1.080901,1.080901,54045001,54045002,0,-130626,1,0,1,0,0,73,2404642,-7534,0,185440,0,0,0,0,2404642,130626,2412176,192974,0,73,2404642,-7534,0,185440,0,0,0,0,2404642,130626,2412176,192974,0
1082,1.0819,1.08190001,1.08190003,1.081901,1.081901,54095001,54095002,0,-135097,1,0,1,0,0,82,2680179,185440,0,385019,0,0,0,0,2680179,135097,2494739,199579,0,82,2680179,185440,0,385019,0,0,0,0,2680179,135097,2494739,199579,0
1083,1.0829,1.08290001,1.08290003,1.082901,1.082901,54145001,54145002,0,-139218,1,0,1,0,0,90,2955857,385019,0,590686,0,0,0,0,2955857,139218,2570838,205667,0,90,2955857,385019,0,590686,0,0,0,0,2955857,139218,2570838,205667,0
1084,1.0839,1.08390001,1.08390003,1.083901,1.083901,54195001,54195002,0,-142824,1,0,1,0,0,99,3228114,590686,0,801680,0,0,0,0,3228114,142824,2637428,210994,0,99,3228114,590686,0,801680,0,0,0,0,3228114,142824,2637428,210994,0
1085,1.0849,1.08490001,1.08490003,1.084901,1.084901,54245001,54245002,0,-145962,1,0,1,0,0,107,3497055,801680,0,1017310,0,0,0,0,3497055,145962,2695375,215630,0,107,3497055,801680,0,1017310,0,0,0,0,3497055,145962,2695375,215630,0
1086,1.0859,1.08590001,1.08590003,1.085901,1.085901,54295001,54295002,0,-148658,1,0,1,0,0,115,3762470,1017310,0,1236923,0,0,0,0,3762470,148658,2745160,219613,0,115,3762470,1017310,0,1236923,0,0,0,0,3762470,148658,2745160,219613,0
1087,1.0869,1.08690001,1.08690003,1.086901,1.086901,54345001,54345002,0,-150810,1,0,1,0,0,123,4021822,1236923,0,1459715,0,0,0,0,4021822,150810,2784899,222792,0,123,4021822,1236923,0,1459715,0,0,0,0,4021822,150810,2784899,222792,0
1088,1.0879,1.08790001,1.08790003,1.087901,1.087901,54395001,54395002,0,-152386,1,0,1,0,0,130,4273717,1459715,0,1684835,0,0,0,0,4273717,152386,2814002,225120,0,130,4273717,1459715,0,1684835,0,0,0,0,4273717,152386,2814002,225120,0
1089,1.0889,1.08890001,1.08890003,1.088901,1.088901,54445001,54445002,0,-153699,1,0,1,0,0,138,4523083,1684835,0,1911895,0,0,0,0,4523083,153699,2838248,227060,0,138,4523083,1684835,0,1911895,0,0,0,0,4523083,153699,2838248,227060,0
1090,1.0899,1.08990001,1.08990003,1.089901,1.089901,54495001,54495002,0,-154786,1,0,1,0,0,146,4770216,1911895,0,2140561,0,0,0,0,4770216,154786,2858321,228666,0,146,4770216,1911895,0,2140561,0,0,0,0,4770216,154786,2858321,228666,0
1091,1.0909,1.09090001,1.09090003,1.090901,1.090901,54545001,54545002,0,-155010,1,0,1,0,0,153,5003019,2140561,0,2369558,0,0,0,0,5003019,155010,2862458,228997,0,153,5003019,2140561,0,2369558,0,0,0,0,5003019,155010,2862458,228997,0
1092,1.0919,1.09190001,1.09190003,1.091901,1.091901,54595001,54595002,0,-154279,1,0,1,0,0,159,5218517,2369558,0,2597475,0,0,0,0,5218517,154279,2848959,227917,0,159,5218517,2369558,0,2597475,0,0,0,0,5218517,154279,2848959,227917,0
1093,1.0929,1.09290001,1.09290003,1.092901,1.092901,54645001,54645002,0,-153018,1,0,1,0,0,166,5423148,2597475,0,2823529,0,0,0,0,5423148,153018,2825673,226054,0,166,5423148,2597475,0,2823529,0,0,0,0,5423148,153018,2825673,226054,0
1094,1.0939,1.09390001,1.09390003,1.093901,1.093901,54695001,54695002,0,-151577,1,0,1,0,0,172,5622592,2823529,0,3047454,0,0,0,0,5622592,151577,2799063,223925,0,172,5622592,2823529,0,3047454,0,0,0,0,5622592,151577,2799063,223925,0
1095,1.0949,1.09490001,1.09490003,1.094901,1.094901,54745001,54745002,0,-149381,1,0,1,0,0,177,5805965,3047454,0,3268135,0,0,0,0,5805965,149381,2758511,220681,0,177,5805965,3047454,0,3268135,0,0,0,0,5805965,149381,2758511,220681,0
1096,1.0959,1.09590001,1.09590003,1.095901,1.095901,54795001,54795002,0,-146365,1,0,1,0,0,182,5970952,3268135,0,3484360,0,0,0,0,5970952,146365,2702817,216225,0,182,5970952,3268135,0,3484360,0,0,0,0,5970952,146365,2702817,216225,0
1097,1.0969,1.09690001,1.09690003,1.096901,1.096901,54845001,54845002,0,-142546,1,0,1,0,0,187,6116654,3484360,0,3694944,0,0,0,0,6116654,142546,2632294,210584,0,187,6116654,3484360,0,3694944,0,0,0,0,6116654,142546,2632294,210584,0
1098,1.0979,1.09790001,1.09790003,1.097901,1.097901,54895001,54895002,0,-137968,1,0,1,0,0,191,6242699,3694944,0,3898764,0,0,0,0,6242699,137968,2547755,203820,0,191,6242699,3694944,0,3898764,0,0,0,0,6242699,137968,2547755,203820,0
1099,1.0989,1.09890001,1.09890003,1.098901,1.098901,54945001,54945002,0,-132836,1,0,1,0,0,194,6351751,3898764,0,4095003,0,0,0,0,6351751,132836,2452987,196239,0,194,6351751,3898764,0,4095003,0,0,0,0,6351751,132836,2452987,196239,0
1100,1.0999,1.09990001,1.09990003,1.099901,1.099901,54995001,54995002,0,-118973,1,0,1,0,0,192,6291992,4095003,0,4270762,0,0,0,0,6291992,118973,2196989,175759,0,192,6291992,4095003,0,4270762,0,0,0,0,6291992,118973,2196989,175759,0
1101,1.1009,1.10090001,1.10090003,1.100901,1.100901,55045001,55045002,0,-19915,1,0,1,0,0,142,4638518,4270762,0,4300182,0,0,0,0,4638518,19915,367756,29420,0,142,4638518,4270762,0,4300182,0,0,0,0,4638518,19915,367756,29420,0
1102,1.1019,1.10190001,1.10190003,1.101901,1.101901,55095001,55095002,0,87952,1,0,1,0,0,82,2676036,4300182,0,4170250,0,0,0,0,2676036,-87952,-1624146,-129932,0,82,2676036,4300182,0,4170250,0,0,0,0,2676036,-87952,-1624146,-129932,0
1103,1.1029,1.10290001,1.10290003,1.102901,1.102901,55145001,55145002,0,162576,1,0,1,0,0,36,1168076,4170250,0,3930076,0,0,0,0,1168076,-162576,-3002174,-240174,0,36,1168076,4170250,0,3930076,0,0,0,0,1168076,-162576,-3002174,-240174,0
1104,1.1039,1.10390001,1.10390003,1.103901,1.103901,55195001,55195002,0,199048,1,0,1,0,0,8,254400,3930076,0,3636022,0,0,0,0,254400,-199048,-3675676,-294054,0,8,254400,3930076,0,3636022,0,0,0,0,254400,-199048,-3675676,-294054,0
1105,1.1049,1.10490001,1.10490003,1.104901,1.104901,55245001,55245002,0,211619,1,0,1,0,0,-8,-271793,3636022,0,3323397,0,0,0,0,-271793,-211619,-3907815,-312625,0,-8,-271793,3636022,0,3323397,0,0,0,0,-271793,-211619,-3907815,-312625,0
1106,1.1059,1.10590001,1.10590003,1.105901,1.105901,55295001,55295002,0,217652,1,0,1,0,0,-21,-695825,3323397,0,3001859,0,0,0,0,-695825,-217652,-4019222,-321538,0,-21,-695825,3323397,0,3001859,0,0,0,0,-695825,-217652,-4019222,-321538,0
1107,1.1069,1.10690001,1.10690003,1.106901,1.106901,55345001,55345002,0,223320,1,0,1,0,0,-34,-1122030,3001859,0,2671948,0,0,0,0,-1122030,-223320,-4123889,-329911,0,-34,-1122030,3001859,0,2671948,0,0,0,0,-1122030,-223320,-4123889,-329911,0
1108,1.1079,1.10790001,1.10790003,1.107901,1.107901,55395001,55395002,0,228832,1,0,1,0,0,-47,-1553727,2671948,0,2333894,0,0,0,0,-1553727,-228832,-4225675,-338054,0,-47,-1553727,2671948,0,2333894,0,0,0,0,-1553727,-228832,-4225675,-338054,0
1109,1.1089,1.10890001,1.10890003,1.108901,1.108901,55445001,55445002,0,234222,1,0,1,0,0,-61,-1991315,2333894,0,1987877,0,0,0,0,-1991315,-234222,-4325209,-346017,0,-61,-1991315,2333894,0,1987877,0,0,0,0,-1991315,-234222,-4325209,-346017,0
1110,1.1099,1.10990001,1.10990003,1.109901,1.109901,55495001,55495002,0,239408,1,0,1,0,0,-74,-2433098,1987877,0,1634199,0,0,0,0,-2433098,-239408,-4420975,-353678,0,-74,-2433098,1987877,0,1634199,0,0,0,0,-2433098,-239408,-4420975,-353678,0
1111,1.1109,1.11090001,1.11090003,1.110901,1.110901,55545001,55545002,0,244341,1,0,1,0,0,-88,-2877870,1634199,0,1273233,0,0,0,0,-2877870,-244341,-4512069,-360966,0,-88,-2877870,1634199,0,1273233,0,0,0,0,-2877870,-244341,-4512069,-360966,0
1112,1.1119,1.11190001,1.11190003,1.111901,1.111901,55595001,55595002,0,249024,1,0,1,0,0,-101,-3325313,1273233,0,905349,0,0,0,0,-3325313,-249024,-4598546,-367884,0,-101,-3325313,1273233,0,905349,0,0,0,0,-3325313,-249024,-4598546,-367884,0
1113,1.1129,1.11290001,1.11290003,1.112901,1.112901,55645001,55645002,0,253336,1,0,1,0,0,-115,-3772824,905349,0,531095,0,0,0,0,-3772824,-253336,-4678173,-374254,0,-115,-3772824,905349,0,531095,0,0,0,0,-3772824,-253336,-4678173,-374254,0
1114,1.1139,1.11390001,1.11390003,1.113901,1.113901,55695001,55695002,0,257077,1,0,1,0,0,-129,-4216160,531095,0,151314,0,0,0,0,-4216160,-257077,-4747255,-379781,0,-129,-4216160,531095,0,151314,0,0,0,0,-4216160,-257077,-4747255,-379781,0
1115,1.1149,1.11490001,1.11490003,1.114901,1.114901,55745001,55745002,0,260178,1,0,1,0,0,-142,-4653205,151314,0,-233048,0,0,0,0,-4653205,-260178,-4804519,-384362,0,-142,-4653205,151314,0,-233048,0,0,0,0,-4653205,-260178,-4804519,-384362,0
1116,1.1159,1.11590001,1.11590003,1.115901,1.115901,55795001,55795002,0,262670,1,0,1,0,0,-155,-5083585,-233048,0,-621091,0,0,0,0,-5083585,-262670,-4850537,-388043,0,-155,-5083585,-233048,0,-621091,0,0,0,0,-5083585,-262670,-4850537,-388043,0
1117,1.1169,1.11690001,1.11690003,1.116901,1.116901,55845001,55845002,0,264418,1,0,1,0,0,-168,-5503907,-621091,0,-1011716,0,0,0,0,-5503907,-264418,-4882816,-390625,0,-168,-5503907,-621091,0,-1011716,0,0,0,0,-5503907,-264418,-4882816,-390625,0
1118,1.1179,1.11790001,1.11790003,1.117901,1.117901,55895001,55895002,0,265735,1,0,1,0,0,-181,-5918852,-1011716,0,-1404287,0,0,0,0,-5918852,-265735,-4907136,-392571,0,-181,-5918852,-1011716,0,-1404287,0,0,0,0,-5918852,-265735,-4907136,-392571,0
1119,1.1189,1.11890001,1.11890003,1.118901,1.118901,55945001,55945002,0,266638,1,0,1,0,0,-193,-6328098,-1404287,0,-1798192,0,0,0,0,-6328098,-266638,-4923811,-393905,0,-193,-6328098,-1404287,0,-1798192,0,0,0,0,-6328098,-266638,-4923811,-393905,0
1120,1.1199,1.11990001,1.11990003,1.119901,1.119901,55995001,55995002,0,266284,1,0,1,0,0,-205,-6715466,-1798192,0,-2191574,0,0,0,0,-6715466,-266284,-4917274,-393382,0,-205,-6715466,-1798192,0,-2191574,0,0,0,0,-6715466,-266284,-4917274,-393382,0
1121,1.1209,1.12090001,1.12090003,1.120901,1.120901,56045001,56045002,0,265150,1,0,1,0,0,-216,-7087908,-2191574,0,-2583281,0,0,0,0,-7087908,-265150,-4896334,-391707,0,-216,-7087908,-2191574,0,-2583281,0,0,0,0,-7087908,-265150,-4896334,-391707,0
1122,1.1219,1.12190001,1.12190003,1.121901,1.121901,56095001,56095002,0,263525,1,0,1,0,0,-227,-7449607,-2583281,0,-2972587,0,0,0,0,-7449607,-263525,-4866326,-389306,0,-227,-7449607,-2583281,0,-2972587,0,0,0,0,-7449607,-263525,-4866326,-389306,0
1123,1.1229,1.12290001,1.12290003,1.122901,1.122901,56145001,56145002,0,260901,1,0,1,0,0,-238,-7790457,-2972587,0,-3358017,0,0,0,0,-7790457,-260901,-4817870,-385430,0,-238,-7790457,-2972587,0,-3358017,0,0,0,0,-7790457,-260901,-4817870,-385430,0
1124,1.1239,1.12390001,1.12390003,1.123901,1.123901,56195001,56195002,0,257318,1,0,1,0,0,-247,-8109723,-3358017,0,-3738154,0,0,0,0,-8109723,-257318,-4751706,-380137,0,-247,-8109723,-3358017,0,-3738154,0,0,0,0,-8109723,-257318,-4751706,-380137,0
1125,1.1249,1.12490001,1.12490003,1.124901,1.124901,56245001,56245002,0,252743,1,0,1,0,0,-257,-8405377,-3738154,0,-4111532,0,0,0,0,-8405377,-252743,-4667223,-373378,0,-257,-8405377,-3738154,0,-4111532,0,0,0,0,-8405377,-252743,-4667223,-373378,0
1126,1.1259,1.12590001,1.12590003,1.125901,1.125901,56295001,56295002,0,247252,1,0,1,0,0,-265,-8677356,-4111532,0,-4476798,0,0,0,0,-8677356,-247252,-4565824,-365266,0,-265,-8677356,-4111532,0,-4476798,0,0,0,0,-8677356,-247252,-4565824,-365266,0
1127,1.1269,1.12690001,1.12690003,1.126901,1.126901,56345001,56345002,0,156636,1,0,1,0,0,-225,-7369282,-4476798,0,-4708197,0,0,0,0,-7369282,-156636,-2892484,-231399,0,-225,-7369282,-4476798,0,-4708197,0,0,0,0,-7369282,-156636,-2892484,-231399,0
1128,1.1279,1.12790001,1.12790003,1.127901,1.127901,56395001,56395002,0,-2761,1,0,1,0,0,-142,-4657212,-4708197,0,-4704118,0,0,0,0,-4657212,2761,50985,4079,0,-142,-4657212,-4708197,0,-4704118,0,0,0,0,-4657212,2761,50985,4079,0
1129,1.1289,1.12890001,1.12890003,1.128901,1.128901,56445001,56445002,0,-127496,1,0,1,0,0,-72,-2349741,-4704118,0,-4515768,0,0,0,0,-2349741,127496,2354377,188350,0,-72,-2349741,-4704118,0,-4515768,0,0,0,0,-2349741,127496,2354377,188350,0
1130,1.1299,1.12990001,1.12990003,1.129901,1.129901,56495001,56495002,0,-192467,1,0,1,0,0,-29,-961619,-4515768,0,-4231436,0,0,0,0,-961619,192467,3554149,284332,0,-29,-961619,-4515768,0,-4231436,0,0,0,0,-961619,192467,3554149,284332,0
1131,1.1309,1.13090001,1.13090003,1.130901,1.130901,56545001,56545002,0,-223163,1,0,1,0,0,-3,-110446,-4231436,0,-3901757,0,0,0,0,-110446,223163,4120990,329679,0,-3,-110446,-4231436,0,-3901757,0,0,0,0,-110446,223163,4120990,329679,0
1132,1.1319,1.13190001,1.13190003,1.131901,1.131901,56595001,56595002,0,-231646,1,0,1,0,0,11,375882,-3901757,0,-3559546,0,0,0,0,375882,231646,4277639,342211,0,11,375882,-3901757,0,-3559546,0,0,0,0,375882,231646,4277639,342211,0
1133,1.1329,1.13290001,1.13290003,1.132901,1.132901,56645001,56645002,0,-237333,1,0,1,0,0,25,823111,-3559546,0,-3208933,0,0,0,0,823111,237333,4382657,350613,0,25,823111,-3559546,0,-3208933,0,0,0,0,823111,237333,4382657,350613,0
1134,1.1339,1.13390001,1.13390003,1.133901,1.133901,56695001,56695002,0,-242852,1,0,1,0,0,39,1275640,-3208933,0,-2850167,0,0,0,0,1275640,242852,4484573,358766,0,39,1275640,-3208933,0,-2850167,0,0,0,0,1275640,242852,4484573,358766,0
1135,1.1349,1.13490001,1.13490003,1.134901,1.134901,56745001,56745002,0,-248157,1,0,1,0,0,53,1732369,-2850167,0,-2483564,0,0,0,0,1732369,248157,4582536,366603,0,53,1732369,-2850167,0,-2483564,0,0,0,0,1732369,248157,4582536,366603,0
1136,1.1359,1.13590001,1.13590003,1.135901,1.135901,56795001,56795002,0,-253206,1,0,1,0,0,67,2192208,-2483564,0,-2109502,0,0,0,0,2192208,253206,4675772,374062,0,67,2192208,-2483564,0,-2109502,0,0,0,0,2192208,253206,4675772,374062,0
1137,1.1369,1.13690001,1.13690003,1.136901,1.136901,56845001,56845002,0,-257949,1,0,1,0,0,81,2653856,-2109502,0,-1728433,0,0,0,0,2653856,257949,4763358,381069,0,81,2653856,-2109502,0,-1728433,0,0,0,0,2653856,257949,4763358,381069,0
1138,1.1379,1.13790001,1.13790003,1.137901,1.137901,56895001,56895002,0,-262781,1,0,1,0,0,95,3124154,-1728433,0,-1340226,0,0,0,0,3124154,262781,4852587,388207,0,95,3124154,-1728433,0,-1340226,0,0,0,0,3124154,262781,4852587,388207,0
1139,1.1389,1.13890001,1.13890003,1.138901,1.138901,56945001,56945002,0,-267349,1,0,1,0,0,110,3596715,-1340226,0,-945271,0,0,0,0,3596715,267349,4936941,394955,0,110,3596715,-1340226,0,-945271,0,0,0,0,3596715,267349,4936941,394955,0
1140,1.1399,1.13990001,1.13990003,1.139901,1.139901,56995001,56995002,0,-271564,1,0,1,0,0,124,4069505,-945271,0,-544089,0,0,0,0,4069505,271564,5014776,401182,0,124,4069505,-945271,0,-544089,0,0,0,0,4069505,271564,5014776,401182,0
1141,1.1409,1.14090001,1.14090003,1.140901,1.140901,57045001,57045002,0,-275137,1,0,1,0,0,138,4536667,-544089,0,-137628,0,0,0,0,4536667,275137,5080756,406461,0,138,4536667,-544089,0,-137628,0,0,0,0,4536667,275137,5080756,406461,0
1142,1.1419,1.14190001,1.14190003,1.141901,1.141901,57095001,57095002,0,-277926,1,0,1,0,0,152,4994631,-137628,0,272953,0,0,0,0,4994631,277926,5132259,410581,0,152,4994631,-137628,0,272953,0,0,0,0,4994631,277926,5132259,410581,0
1143,1.1429,1.14290001,1.14290003,1.142901,1.142901,57145001,57145002,0,-279954,1,0,1,0,0,166,5442661,272953,0,686530,0,0,0,0,5442661,279954,5169708,413577,0,166,5442661,272953,0,686530,0,0,0,0,5442661,279954,5169708,413577,0
1144,1.1439,1.14390001,1.14390003,1.143901,1.143901,57195001,57195002,0,-281273,1,0,1,0,0,179,5880595,686530,0,1102055,0,0,0,0,5880595,281273,5194065,415525,0,179,5880595,686530,0,1102055,0,0,0,0,5880595,281273,5194065,415525,0
1145,1.1449,1.14490001,1.14490003,1.144901,1.144901,57245001,57245002,0,-282266,1,0,1,0,0,193,6314457,1102055,0,1519047,0,0,0,0,6314457,282266,5212402,416992,0,193,6314457,1102055,0,1519047,0,0,0,0,6314457,282266,5212402,416992,0
1146,1.1459,1.14590001,1.14590003,1.145901,1.145901,57295001,57295002,0,-282416,1,0,1,0,0,206,6734219,1519047,0,1936261,0,0,0,0,6734219,282416,5215172,417214,0,206,6734219,1519047,0,1936261,0,0,0,0,6734219,282416,5215172,417214,0
1147,1.1469,1.14690001,1.14690003,1.146901,1.146901,57345001,57345002,0,-281664,1,0,1,0,0,218,7137547,1936261,0,2352364,0,0,0,0,7137547,281664,5201286,416103,0,218,7137547,1936261,0,2352364,0,0,0,0,7137547,281664,5201286,416103,0
1148,1.1479,1.14790001,1.14790003,1.147901,1.147901,57395001,57395002,0,-280489,1,0,1,0,0,230,7531952,2352364,0,2766731,0,0,0,0,7531952,280489,5179588,414367,0,230,7531952,2352364,0,2766731,0,0,0,0,7531952,280489,5179588,414367,0
1149,1.1489,1.14890001,1.14890003,1.148901,1.148901,57445001,57445002,0,-278329,1,0,1,0,0,241,7906432,2766731,0,3177907,0,0,0,0,7906432,278329,5139701,411176,0,241,7906432,2766731,0,3177907,0,0,0,0,7906432,278329,5139701,411176,0
1150,1.1499,1.14990001,1.14990003,1.149901,1.149901,57495001,57495002,0,-275016,1,0,1,0,0,252,8256429,3177907,0,3584189,0,0,0,0,8256429,275016,5078522,406282,0,252,8256429,3177907,0,3584189,0,0,0,0,8256429,275016,5078522,406282,0
1151,1.1509,1.15090001,1.15090003,1.150901,1.150901,57545001,57545002,0,-270641,1,0,1,0,0,262,8581921,3584189,0,3984008,0,0,0,0,8581921,270641,4997732,399819,0,262,8581921,3584189,0,3984008,0,0,0,0,8581921,270641,4997732,399819,0
1152,1.1519,1.15190001,1.15190003,1.151901,1.151901,57595001,57595002,0,-265704,1,0,1,0,0,271,8890572,3984008,0,4376533,0,0,0,0,8890572,265704,4906564,392525,0,271,8890572,3984008,0,4376533,0,0,0,0,8890572,265704,4906564,392525,0
1153,1.1529,1.15290001,1.15290003,1.152901,1.152901,57645001,57645002,0,-206128,1,0,1,0,0,250,8182950,4376533,0,4681046,0,0,0,0,8182950,206128,3806417,304513,0,250,8182950,4376533,0,4681046,0,0,0,0,8182950,206128,3806417,304513,0
1154,1.1539,1.15390001,1.15390003,1.153901,1.153901,57695001,57695002,0,-41146,1,0,1,0,0,166,5440859,4681046,0,4741831,0,0,0,0,5440859,41146,759813,60785,0,166,5440859,4681046,0,4741831,0,0,0,0,5440859,41146,759813,60785,0
1155,1.1549,1.15490001,1.15490003,1.154901,1.154901,57745001,57745002,0,96333,1,0,1,0,0,90,2962919,4741831,0,4599518,0,0,0,0,2962919,-96333,-1778912,-142313,0,90,2962919,4741831,0,4599518,0,0,0,0,2962919,-96333,-1778912,-142313,0
1156,1.1559,1.15590001,1.15590003,1.155901,1.155901,57795001,57795002,0,180204,1,0,1,0,0,39,1271821,4599518,0,4333302,0,0,0,0,1271821,-180204,-3327697,-266216,0,39,1271821,4599518,0,4333302,0,0,0,0,1271821,-180204,-3327697,-266216,0
1157,1.1569,1.15690001,1.15690003,1.156901,1.156901,57845001,57845002,0,215426,1,0,1,0,0,11,355186,4333302,0,4015053,0,0,0,0,355186,-215426,-3978116,-318249,0,11,355186,4333302,0,4015053,0,0,0,0,355186,-215426,-3978116,-318249,0
1158,1.1579,1.15790001,1.15790003,1.157901,1.157901,57895001,57895002,0,223741,1,0,1,0,0,-4,-116611,4015053,0,3684520,0,0,0,0,-116611,-223741,-4131664,-330533,0,-4,-116611,4015053,0,3684520,0,0,0,0,-116611,-223741,-4131664,-330533,0
1159,1.1589,1.15890001,1.15890003,1.158901,1.158901,57945001,57945002,0,229474,1,0,1,0,0,-17,-553011,3684520,0,3345517,0,0,0,0,-553011,-229474,-4237531,-339003,0,-17,-553011,3684520,0,3345517,0,0,0,0,-553011,-229474,-4237531,-339003,0
1160,1.1599,1.15990001,1.15990003,1.159901,1.159901,57995001,57995002,0,235053,1,0,1,0,0,-30,-995037,3345517,0,2998273,0,0,0,0,-995037,-235053,-4340554,-347244,0,-30,-995037,3345517,0,2998273,0,0,0,0,-995037,-235053,-4340554,-347244,0
1161,1.1609,1.16090001,1.16090003,1.160901,1.160901,58045001,58045002,0,240591,1,0,1,0,0,-44,-1444547,2998273,0,2642847,0,0,0,0,-1444547,-240591,-4442820,-355426,0,-44,-1444547,2998273,0,2642847,0,0,0,0,-1444547,-240591,-4442820,-355426,0
1162,1.1619,1.16190001,1.16190003,1.161901,1.161901,58095001,58095002,0,245752,1,0,1,0,0,-58,-1895278,2642847,0,2279797,0,0,0,0,-1895278,-245752,-4538125,-363050,0,-58,-1895278,2642847,0,2279797,0,0,0,0,-1895278,-245752,-4538125,-363050,0
1163,1.1629,1.16290001,1.16290003,1.162901,1.162901,58145001,58145002,0,250748,1,0,1,0,0,-72,-2350585,2279797,0,1909366,0,0,0,0,-2350585,-250748,-4630382,-370431,0,-72,-2350585,2279797,0,1909366,0,0,0,0,-2350585,-250748,-4630382,-370431,0
1164,1.1639,1.16390001,1.16390003,1.163901,1.163901,58195001,58195002,0,255426,1,0,1,0,0,-86,-2807402,1909366,0,1532025,0,0,0,0,-2807402,-255426,-4716768,-377341,0,-86,-2807402,1909366,0,1532025,0,0,0,0,-2807402,-255426,-4716768,-377341,0
1165,1.1649,1.16490001,1.16490003,1.164901,1.164901,58245001,58245002,0,260213,1,0,1,0,0,-100,-3273141,1532025,0,1147612,0,0,0,0,-3273141,-260213,-4805166,-384413,0,-100,-3273141,1532025,0,1147612,0,0,0,0,-3273141,-260213,-4805166,-384413,0
1166,1.1659,1.16590001,1.16590003,1.165901,1.165901,58295001,58295002,0,264656,1,0,1,0,0,-114,-3739599,1147612,0,756635,0,0,0,0,-3739599,-264656,-4887211,-390977,0,-114,-3739599,1147612,0,756635,0,0,0,0,-3739599,-264656,-4887211,-390977,0
1167,1.1669,1.16690001,1.16690003,1.166901,1.166901,58345001,58345002,0,268666,1,0,1,0,0,-128,-4204626,756635,0,359734,0,0,0,0,-4204626,-268666,-4961261,-396901,0,-128,-4204626,756635,0,359734,0,0,0,0,-4204626,-268666,-4961261,-396901,0
1168,1.1679,1.16790001,1.16790003,1.167901,1.167901,58395001,58395002,0,271988,1,0,1,0,0,-142,-4662872,359734,0,-42075,0,0,0,0,-4662872,-271988,-5022606,-401809,0,-142,-4662872,359734,0,-42075,0,0,0,0,-4662872,-271988,-5022606,-401809,0
1169,1.1689,1.16890001,1.16890003,1.168901,1.168901,58445001,58445002,0,274540,1,0,1,0,0,-156,-5111807,-42075,0,-447654,0,0,0,0,-5111807,-274540,-5069732,-405579,0,-156,-5111807,-42075,0,-447654,0,0,0,0,-5111807,-274540,-5069732,-405579,0
1170,1.1699,1.16990001,1.16990003,1.169901,1.169901,58495001,58495002,0,276299,1,0,1,0,0,-169,-5549868,-447654,0,-855831,0,0,0,0,-5549868,-276299,-5102214,-408177,0,-169,-5549868,-447654,0,-855831,0,0,0,0,-5549868,-276299,-5102214,-408177,0
1171,1.1709,1.17090001,1.17090003,1.170901,1.170901,58545001,58545002,0,277547,1,0,1,0,0,-183,-5981091,-855831,0,-1265852,0,0,0,0,-5981091,-277547,-5125260,-410021,0,-183,-5981091,-855831,0,-1265852,0,0,0,0,-5981091,-277547,-5125260,-410021,0
1172,1.1719,1.17190001,1.17190003,1.171901,1.171901,58595001,58595002,0,278482,1,0,1,0,0,-196,-6408378,-1265852,0,-1677254,0,0,0,0,-6408378,-278482,-5142526,-411402,0,-196,-6408378,-1265852,0,-1677254,0,0,0,0,-6408378,-278482,-5142526,-411402,0
1173,1.1729,1.17290001,1.17290003,1.172901,1.172901,58645001,58645002,0,278248,1,0,1,0,0,-208,-6815459,-1677254,0,-2088310,0,0,0,0,-6815459,-278248,-5138205,-411056,0,-208,-6815459,-1677254,0,-2088310,0,0,0,0,-6815459,-278248,-5138205,-411056,0
1174,1.1739,1.17390001,1.17390003,1.173901,1.173901,58695001,58695002,0,277015,1,0,1,0,0,-220,-7203746,-2088310,0,-2497545,0,0,0,0,-7203746,-277015,-5115436,-409235,0,-220,-7203746,-2088310,0,-2497545,0,0,0,0,-7203746,-277015,-5115436,-409235,0
1175,1.1749,1.17490001,1.17490003,1.174901,1.174901,58745001,58745002,0,275485,1,0,1,0,0,-231,-7584728,-2497545,0,-2904520,0,0,0,0,-7584728,-275485,-5087183,-406975,0,-231,-7584728,-2497545,0,-2904520,0,0,0,0,-7584728,-275485,-5087183,-406975,0
1176,1.1759,1.17590001,1.17590003,1.175901,1.175901,58795001,58795002,0,273065,1,0,1,0,0,-243,-7947014,-2904520,0,-3307920,0,0,0,0,-7947014,-273065,-5042494,-403400,0,-243,-7947014,-2904520,0,-3307920,0,0,0,0,-7947014,-273065,-5042494,-403400,0
1177,1.1769,1.17690001,1.17690003,1.176901,1.176901,58845001,58845002,0,269386,1,0,1,0,0,-253,-8282477,-3307920,0,-3705885,0,0,0,0,-8282477,-269386,-4974557,-397965,0,-253,-8282477,-3307920,0,-3705885,0,0,0,0,-8282477,-269386,-4974557,-397965,0
1178,1.1779,1.17790001,1.17790003,1.177901,1.177901,58895001,58895002,0,264468,1,0,1,0,0,-262,-8589625,-3705885,0,-4096584,0,0,0,0,-8589625,-264468,-4883740,-390699,0,-262,-8589625,-3705885,0,-4096584,0,0,0,0,-8589625,-264468,-4883740,-390699,0
1179,1.1789,1.17890001,1.17890003,1.178901,1.178901,58945001,58945002,0,258168,1,0,1,0,0,-271,-8863986,-4096584,0,-4477976,0,0,0,0,-8863986,-258168,-4767402,-381392,0,-271,-8863986,-4096584,0,-4477976,0,0,0,0,-8863986,-258168,-4767402,-381392,0
1180,1.1799,1.17990001,1.17990003,1.179901,1.179901,58995001,58995002,0,165967,1,0,1,0,0,-230,-7542769,-4477976,0,-4723159,0,0,0,0,-7542769,-165967,-3064793,-245183,0,-230,-7542769,-4477976,0,-4723159,0,0,0,0,-7542769,-165967,-3064793,-245183,0
1181,1.1809,1.18090001,1.18090003,1.180901,1.180901,59045001,59045002,0,5126,1,0,1,0,0,-147,-4817817,-4723159,0,-4730732,0,0,0,0,-4817817,-5126,-94658,-7573,0,-147,-4817817,-4723159,0,-4730732,0,0,0,0,-4817817,-5126,-94658,-7573,0
1182,1.1819,1.18190001,1.18190003,1.181901,1.181901,59095001,59095002,0,-122365,1,0,1,0,0,-75,-2471106,-4730732,0,-4549962,0,0,0,0,-2471106,122365,2259626,180770,0,-75,-2471106,-4730732,0,-4549962,0,0,0,0,-2471106,122365,2259626,180770,0
1183,1.1829,1.18290001,1.18290003,1.182901,1.182901,59145001,59145002,0,-193743,1,0,1,0,0,-30,-972250,-4549962,0,-4263745,0,0,0,0,-972250,193743,3577712,286217,0,-30,-972250,-4549962,0,-4263745,0,0,0,0,-972250,193743,3577712,286217,0
1184,1.1839,1.18390001,1.18390003,1.183901,1.183901,59195001,59195002,0,-221222,1,0,1,0,0,-5,-178598,-4263745,0,-3936933,0,0,0,0,-178598,221222,4085147,326812,0,-5,-178598,-4263745,0,-3936933,0,0,0,0,-178598,221222,4085147,326812,0
1185,1.1849,1.18490001,1.18490003,1.184901,1.184901,59245001,59245002,0,-234773,1,0,1,0,0,12,398451,-3936933,0,-3590102,0,0,0,0,398451,234773,4335384,346831,0,12,398451,-3936933,0,-3590102,0,0,0,0,398451,234773,4335384,346831,0
1186,1.1859,1.18590001,1.18590003,1.185901,1.185901,59295001,59295002,0,-241587,1,0,1,0,0,27,871111,-3590102,0,-3233205,0,0,0,0,871111,241587,4461213,356897,0,27,871111,-3590102,0,-3233205,0,0,0,0,871111,241587,4461213,356897,0
1187,1.1869,1.18690001,1.18690003,1.186901,1.186901,59345001,59345002,0,-246978,1,0,1,0,0,41,1327559,-3233205,0,-2868344,0,0,0,0,1327559,246978,4560764,364861,0,41,1327559,-3233205,0,-2868344,0,0,0,0,1327559,246978,4560764,364861,0
1188,1.1879,1.18790001,1.18790003,1.187901,1.187901,59395001,59395002,0,-252083,1,0,1,0,0,55,1786691,-2868344,0,-2495941,0,0,0,0,1786691,252083,4655035,372403,0,55,1786691,-2868344,0,-2495941,0,0,0,0,1786691,252083,4655035,372403,0
1189,1.1889,1.18890001,1.18890003,1.188901,1.188901,59445001,59445002,0,-256868,1,0,1,0,0,69,2247455,-2495941,0,-2116469,0,0,0,0,2247455,256868,4743396,379472,0,69,2247455,-2495941,0,-2116469,0,0,0,0,2247455,256868,4743396,379472,0
1190,1.1899,1.18990001,1.18990003,1.189901,1.189901,59495001,59495002,0,-261336,1,0,1,0,0,83,2709434,-2116469,0,-1730397,0,0,0,0,2709434,261336,4825903,386072,0,83,2709434,-2116469,0,-1730397,0,0,0,0,2709434,261336,4825903,386072,0
1191,1.1909,1.19090001,1.19090003,1.190901,1.190901,59545001,59545002,0,-265826,1,0,1,0,0,97,3178420,-1730397,0,-1337692,0,0,0,0,3178420,265826,4908817,392705,0,97,3178420,-1730397,0,-1337692,0,0,0,0,3178420,265826,4908817,392705,0
1192,1.1919,1.19190001,1.19190003,1.191901,1.191901,59595001,59595002,0,-270166,1,0,1,0,0,111,3651268,-1337692,0,-938575,0,0,0,0,3651268,270166,4988960,399117,0,111,3651268,-1337692,0,-938575,0,0,0,0,3651268,270166,4988960,399117,0
1193,1.1929,1.19290001,1.19290003,1.192901,1.192901,59645001,59645002,0,-274114,1,0,1,0,0,126,4123290,-938575,0,-533626,0,0,0,0,4123290,274114,5061865,404949,0,126,4123290,-938575,0,-533626,0,0,0,0,4123290,274114,5061865,404949,0
1194,1.1939,1.19390001,1.19390003,1.193901,1.193901,59695001,59695002,0,-277492,1,0,1,0,0,140,4590618,-533626,0,-123686,0,0,0,0,4590618,277492,5124244,409940,0,140,4590618,-533626,0,-123686,0,0,0,0,4590618,277492,5124244,409940,0
1195,1.1949,1.19490001,1.19490003,1.194901,1.194901,59745001,59745002,0,-280152,1,0,1,0,0,154,5049679,-123686,0,290183,0,0,0,0,5049679,280152,5173365,413869,0,154,5049679,-123686,0,290183,0,0,0,0,5049679,280152,5173365,413869,0
1196,1.1959,1.19590001,1.19590003,1.195901,1.195901,59795001,59795002,0,-282029,1,0,1,0,0,168,5498209,290183,0,706825,0,0,0,0,5498209,282029,5208026,416642,0,168,5498209,290183,0,706825,0,0,0,0,5498209,282029,5208026,416642,0
1197,1.1969,1.19690001,1.19690003,1.196901,1.196901,59845001,59845002,0,-283266,1,0,1,0,0,181,5937694,706825,0,1125295,0,0,0,0,5937694,283266,5230869,418470,0,181,5937694,706825,0,1125295,0,0,0,0,5937694,283266,5230869,418470,0
1198,1.1979,1.19790001,1.19790003,1.197901,1.197901,59895001,59895002,0,-284166,1,0,1,0,0,194,6372783,1125295,0,1545094,0,0,0,0,6372783,284166,5247488,419799,0,194,6372783,1125295,0,1545094,0,0,0,0,6372783,284166,5247488,419799,0
1199,1.1989,1.19890001,1.19890003,1.198901,1.198901,59945001,59945002,0,-284139,1,0,1,0,0,207,6792084,1545094,0,1964853,0,0,0,0,6792084,284139,5246990,419759,0,207,6792084,1545094,0,1964853,0,0,0,0,6792084,284139,5246990,419759,0
1200,1.1999,1.19990001,1.19990003,1.199901,1.199901,59995001,59995002,0,-283008,1,0,1,0,0,219,7190957,1964853,0,2382941,0,0,0,0,7190957,283008,5226104,418088,0,219,7190957,1964853,0,2382941,0,0,0,0,7190957,283008,5226104,418088,0
