time_s,v_ref_mmps,v_mmps,speed_pi_iq_ref_A,iq_A,result_count,new_result,accepted_id,active_id,fault_code,needs_reset,x_ref_mm,x_mm,iq_ref_A
0,0,0,0,0,0,0,0,0,0,0,0,0,0
0.0001,0,0,0,0,0,0,1,0,0,0,0,0,0
0.0002,0,0,0,0,0,0,2,1,0,0,0,0,0
0.0003,0,0,0,0,0,0,3,2,0,0,0,0,0
0.0004,0,0,0,0,0,0,4,3,0,0,0,0,0
0.0005,0,0,0,0,0,0,5,4,0,0,0,0,0
0.0006,0,0,0,0,0,0,6,5,0,0,0,0,0
0.0007,0,0,0,0,0,0,7,6,0,0,0,0,0
0.0008,0,0,0,0,0,0,8,7,0,0,0,0,0
0.0009,0,0,0,0,1,1,9,8,0,0,0,0,0
0.001,0,0,0,0,1,0,10,9,0,0,0,0,0
0.0011,0,0,0,0,1,0,11,10,0,0,0,0,0
0.0012,0,0,0,0,1,0,12,11,0,0,0,0,0
0.0013,0,0,0,0,1,0,13,12,0,0,0,0,0
0.0014,0,0,0,0,1,0,14,13,0,0,0,0,0
0.0015,0,0,0,0,1,0,15,14,0,0,0,0,0
0.0016,0,0,0,0,1,0,16,15,0,0,0,0,0
0.0017,0,0,0,0,1,0,17,16,0,0,0,0,0
0.0018,0,0,0,0,1,0,18,17,0,0,0,0,0
0.0019,0,0,0,0,2,1,19,18,0,0,0,0,0
0.002,0,0,0,0,2,0,20,19,0,0,0,0,0
0.0021,0,0,0,0,2,0,21,20,0,0,0,0,0
0.0022,0,0,0,0,2,0,22,21,0,0,0,0,0
0.0023,0,0,0,0,2,0,23,22,0,0,0,0,0
0.0024,0,0,0,0,2,0,24,23,0,0,0,0,0
0.0025,0,0,0,0,2,0,25,24,0,0,0,0,0
0.0026,0,0,0,0,2,0,26,25,0,0,0,0,0
0.0027,0,0,0,0,2,0,27,26,0,0,0,0,0
0.0028,0,0,0,0,2,0,28,27,0,0,0,0,0
0.0029,0,0,0,0,3,1,29,28,0,0,0,0,0
0.003,0,0,0,0,3,0,30,29,0,0,0,0,0
0.0031,0,0,0,0,3,0,31,30,0,0,0,0,0
0.0032,0,0,0,0,3,0,32,31,0,0,0,0,0
0.0033,0,0,0,0,3,0,33,32,0,0,0,0,0
0.0034,0,0,0,0,3,0,34,33,0,0,0,0,0
0.0035,0,0,0,0,3,0,35,34,0,0,0,0,0
0.0036,0,0,0,0,3,0,36,35,0,0,0,0,0
0.0037,0,0,0,0,3,0,37,36,0,0,0,0,0
0.0038,0,0,0,0,3,0,38,37,0,0,0,0,0
0.0039,0,0,0,0,4,1,39,38,0,0,0,0,0
0.004,0,0,0,0,4,0,40,39,0,0,0,0,0
0.0041,0,0,0,0,4,0,41,40,0,0,0,0,0
0.0042,0,0,0,0,4,0,42,41,0,0,0,0,0
0.0043,0,0,0,0,4,0,43,42,0,0,0,0,0
0.0044,0,0,0,0,4,0,44,43,0,0,0,0,0
0.0045,0,0,0,0,4,0,45,44,0,0,0,0,0
0.0046,0,0,0,0,4,0,46,45,0,0,0,0,0
0.0047,0,0,0,0,4,0,47,46,0,0,0,0,0
0.0048,0,0,0,0,4,0,48,47,0,0,0,0,0
0.0049,0,0,0,0,5,1,49,48,0,0,0,0,0
0.005,0,0,0,0,5,0,50,49,0,0,0,0,0
0.0051,0,0,0,0,5,0,51,50,0,0,0,0,0
0.0052,0,0,0,0,5,0,52,51,0,0,0,0,0
0.0053,0,0,0,0,5,0,53,52,0,0,0,0,0
0.0054,0,0,0,0,5,0,54,53,0,0,0,0,0
0.0055,0,0,0,0,5,0,55,54,0,0,0,0,0
0.0056,0,0,0,0,5,0,56,55,0,0,0,0,0
0.0057,0,0,0,0,5,0,57,56,0,0,0,0,0
0.0058,0,0,0,0,5,0,58,57,0,0,0,0,0
0.0059,0,0,0,0,6,1,59,58,0,0,0,0,0
0.006,0,0,0,0,6,0,60,59,0,0,0,0,0
0.0061,0,0,0,0,6,0,61,60,0,0,0,0,0
0.0062,0,0,0,0,6,0,62,61,0,0,0,0,0
0.0063,0,0,0,0,6,0,63,62,0,0,0,0,0
0.0064,0,0,0,0,6,0,64,63,0,0,0,0,0
0.0065,0,0,0,0,6,0,65,64,0,0,0,0,0
0.0066,0,0,0,0,6,0,66,65,0,0,0,0,0
0.0067,0,0,0,0,6,0,67,66,0,0,0,0,0
0.0068,0,0,0,0,6,0,68,67,0,0,0,0,0
0.0069,0,0,0,0,7,1,69,68,0,0,0,0,0
0.007,0,0,0,0,7,0,70,69,0,0,0,0,0
0.0071,0,0,0,0,7,0,71,70,0,0,0,0,0
0.0072,0,0,0,0,7,0,72,71,0,0,0,0,0
0.0073,0,0,0,0,7,0,73,72,0,0,0,0,0
0.0074,0,0,0,0,7,0,74,73,0,0,0,0,0
0.0075,0,0,0,0,7,0,75,74,0,0,0,0,0
0.0076,0,0,0,0,7,0,76,75,0,0,0,0,0
0.0077,0,0,0,0,7,0,77,76,0,0,0,0,0
0.0078,0,0,0,0,7,0,78,77,0,0,0,0,0
0.0079,0,0,0,0,8,1,79,78,0,0,0,0,0
0.008,0,0,0,0,8,0,80,79,0,0,0,0,0
0.0081,0,0,0,0,8,0,81,80,0,0,0,0,0
0.0082,0,0,0,0,8,0,82,81,0,0,0,0,0
0.0083,0,0,0,0,8,0,83,82,0,0,0,0,0
0.0084,0,0,0,0,8,0,84,83,0,0,0,0,0
0.0085,0,0,0,0,8,0,85,84,0,0,0,0,0
0.0086,0,0,0,0,8,0,86,85,0,0,0,0,0
0.0087,0,0,0,0,8,0,87,86,0,0,0,0,0
0.0088,0,0,0,0,8,0,88,87,0,0,0,0,0
0.0089,0,0,0,0,9,1,89,88,0,0,0,0,0
0.009,0,0,0,0,9,0,90,89,0,0,0,0,0
0.0091,0,0,0,0,9,0,91,90,0,0,0,0,0
0.0092,0,0,0,0,9,0,92,91,0,0,0,0,0
0.0093,0,0,0,0,9,0,93,92,0,0,0,0,0
0.0094,0,0,0,0,9,0,94,93,0,0,0,0,0
0.0095,0,0,0,0,9,0,95,94,0,0,0,0,0
0.0096,0,0,0,0,9,0,96,95,0,0,0,0,0
0.0097,0,0,0,0,9,0,97,96,0,0,0,0,0
0.0098,0,0,0,0,9,0,98,97,0,0,0,0,0
0.0099,0,0,0,0,10,1,99,98,0,0,0,0,0
0.01,0,0,0,0,10,0,100,99,0,0,0,0,0
0.0101,0,0,0,0,10,0,101,100,0,0,0,0,0
0.0102,0,0,0,0,10,0,102,101,0,0,0,0,0
0.0103,0,0,0,0,10,0,103,102,0,0,0,0,0
0.0104,0,0,0,0,10,0,104,103,0,0,0,0,0
0.0105,0,0,0,0,10,0,105,104,0,0,0,0,0
0.0106,0,0,0,0,10,0,106,105,0,0,0,0,0
0.0107,0,0,0,0,10,0,107,106,0,0,0,0,0
0.0108,0,0,0,0,10,0,108,107,0,0,0,0,0
0.0109,0,0,0,0,11,1,109,108,0,0,0,0,0
0.011,0,0,0,0,11,0,110,109,0,0,0,0,0
0.0111,0,0,0,0,11,0,111,110,0,0,0,0,0
0.0112,0,0,0,0,11,0,112,111,0,0,0,0,0
0.0113,0,0,0,0,11,0,113,112,0,0,0,0,0
0.0114,0,0,0,0,11,0,114,113,0,0,0,0,0
0.0115,0,0,0,0,11,0,115,114,0,0,0,0,0
0.0116,0,0,0,0,11,0,116,115,0,0,0,0,0
0.0117,0,0,0,0,11,0,117,116,0,0,0,0,0
0.0118,0,0,0,0,11,0,118,117,0,0,0,0,0
0.0119,0,0,0,0,12,1,119,118,0,0,0,0,0
0.012,0,0,0,0,12,0,120,119,0,0,0,0,0
0.0121,0,0,0,0,12,0,121,120,0,0,0,0,0
0.0122,0,0,0,0,12,0,122,121,0,0,0,0,0
0.0123,0,0,0,0,12,0,123,122,0,0,0,0,0
0.0124,0,0,0,0,12,0,124,123,0,0,0,0,0
0.0125,0,0,0,0,12,0,125,124,0,0,0,0,0
0.0126,0,0,0,0,12,0,126,125,0,0,0,0,0
0.0127,0,0,0,0,12,0,127,126,0,0,0,0,0
0.0128,0,0,0,0,12,0,128,127,0,0,0,0,0
0.0129,0,0,0,0,13,1,129,128,0,0,0,0,0
0.013,0,0,0,0,13,0,130,129,0,0,0,0,0
0.0131,0,0,0,0,13,0,131,130,0,0,0,0,0
0.0132,0,0,0,0,13,0,132,131,0,0,0,0,0
0.0133,0,0,0,0,13,0,133,132,0,0,0,0,0
0.0134,0,0,0,0,13,0,134,133,0,0,0,0,0
0.0135,0,0,0,0,13,0,135,134,0,0,0,0,0
0.0136,0,0,0,0,13,0,136,135,0,0,0,0,0
0.0137,0,0,0,0,13,0,137,136,0,0,0,0,0
0.0138,0,0,0,0,13,0,138,137,0,0,0,0,0
0.0139,0,0,0,0,14,1,139,138,0,0,0,0,0
0.014,0,0,0,0,14,0,140,139,0,0,0,0,0
0.0141,0,0,0,0,14,0,141,140,0,0,0,0,0
0.0142,0,0,0,0,14,0,142,141,0,0,0,0,0
0.0143,0,0,0,0,14,0,143,142,0,0,0,0,0
0.0144,0,0,0,0,14,0,144,143,0,0,0,0,0
0.0145,0,0,0,0,14,0,145,144,0,0,0,0,0
0.0146,0,0,0,0,14,0,146,145,0,0,0,0,0
0.0147,0,0,0,0,14,0,147,146,0,0,0,0,0
0.0148,0,0,0,0,14,0,148,147,0,0,0,0,0
0.0149,0,0,0,0,15,1,149,148,0,0,0,0,0
0.015,0,0,0,0,15,0,150,149,0,0,0,0,0
0.0151,0,0,0,0,15,0,151,150,0,0,0,0,0
0.0152,0,0,0,0,15,0,152,151,0,0,0,0,0
0.0153,0,0,0,0,15,0,153,152,0,0,0,0,0
0.0154,0,0,0,0,15,0,154,153,0,0,0,0,0
0.0155,0,0,0,0,15,0,155,154,0,0,0,0,0
0.0156,0,0,0,0,15,0,156,155,0,0,0,0,0
0.0157,0,0,0,0,15,0,157,156,0,0,0,0,0
0.0158,0,0,0,0,15,0,158,157,0,0,0,0,0
0.0159,0,0,0,0,16,1,159,158,0,0,0,0,0
0.016,0,0,0,0,16,0,160,159,0,0,0,0,0
0.0161,0,0,0,0,16,0,161,160,0,0,0,0,0
0.0162,0,0,0,0,16,0,162,161,0,0,0,0,0
0.0163,0,0,0,0,16,0,163,162,0,0,0,0,0
0.0164,0,0,0,0,16,0,164,163,0,0,0,0,0
0.0165,0,0,0,0,16,0,165,164,0,0,0,0,0
0.0166,0,0,0,0,16,0,166,165,0,0,0,0,0
0.0167,0,0,0,0,16,0,167,166,0,0,0,0,0
0.0168,0,0,0,0,16,0,168,167,0,0,0,0,0
0.0169,0,0,0,0,17,1,169,168,0,0,0,0,0
0.017,0,0,0,0,17,0,170,169,0,0,0,0,0
0.0171,0,0,0,0,17,0,171,170,0,0,0,0,0
0.0172,0,0,0,0,17,0,172,171,0,0,0,0,0
0.0173,0,0,0,0,17,0,173,172,0,0,0,0,0
0.0174,0,0,0,0,17,0,174,173,0,0,0,0,0
0.0175,0,0,0,0,17,0,175,174,0,0,0,0,0
0.0176,0,0,0,0,17,0,176,175,0,0,0,0,0
0.0177,0,0,0,0,17,0,177,176,0,0,0,0,0
0.0178,0,0,0,0,17,0,178,177,0,0,0,0,0
0.0179,0,0,0,0,18,1,179,178,0,0,0,0,0
0.018,0,0,0,0,18,0,180,179,0,0,0,0,0
0.0181,0,0,0,0,18,0,181,180,0,0,0,0,0
0.0182,0,0,0,0,18,0,182,181,0,0,0,0,0
0.0183,0,0,0,0,18,0,183,182,0,0,0,0,0
0.0184,0,0,0,0,18,0,184,183,0,0,0,0,0
0.0185,0,0,0,0,18,0,185,184,0,0,0,0,0
0.0186,0,0,0,0,18,0,186,185,0,0,0,0,0
0.0187,0,0,0,0,18,0,187,186,0,0,0,0,0
0.0188,0,0,0,0,18,0,188,187,0,0,0,0,0
0.0189,0,0,0,0,19,1,189,188,0,0,0,0,0
0.019,0,0,0,0,19,0,190,189,0,0,0,0,0
0.0191,0,0,0,0,19,0,191,190,0,0,0,0,0
0.0192,0,0,0,0,19,0,192,191,0,0,0,0,0
0.0193,0,0,0,0,19,0,193,192,0,0,0,0,0
0.0194,0,0,0,0,19,0,194,193,0,0,0,0,0
0.0195,0,0,0,0,19,0,195,194,0,0,0,0,0
0.0196,0,0,0,0,19,0,196,195,0,0,0,0,0
0.0197,0,0,0,0,19,0,197,196,0,0,0,0,0
0.0198,0,0,0,0,19,0,198,197,0,0,0,0,0
0.0199,0,0,0,0,20,1,199,198,0,0,0,0,0
0.02,0,0,0,0,20,0,200,199,0,0,0,0,0
0.0201,0,0,0,0,20,0,201,200,0,0,0,0,0
0.0202,0,0,0,0,20,0,202,201,0,0,0,0,0
0.0203,0,0,0,0,20,0,203,202,0,0,0,0,0
0.0204,0,0,0,0,20,0,204,203,0,0,0,0,0
0.0205,0,0,0,0,20,0,205,204,0,0,0,0,0
0.0206,0,0,0,0,20,0,206,205,0,0,0,0,0
0.0207,0,0,0,0,20,0,207,206,0,0,0,0,0
0.0208,0,0,0,0,20,0,208,207,0,0,0,0,0
0.0209,0,0,0,0,21,1,209,208,0,0,0,0,0
0.021,0,0,0,0,21,0,210,209,0,0,0,0,0
0.0211,0,0,0,0,21,0,211,210,0,0,0,0,0
0.0212,0,0,0,0,21,0,212,211,0,0,0,0,0
0.0213,0,0,0,0,21,0,213,212,0,0,0,0,0
0.0214,0,0,0,0,21,0,214,213,0,0,0,0,0
0.0215,0,0,0,0,21,0,215,214,0,0,0,0,0
0.0216,0,0,0,0,21,0,216,215,0,0,0,0,0
0.0217,0,0,0,0,21,0,217,216,0,0,0,0,0
0.0218,0,0,0,0,21,0,218,217,0,0,0,0,0
0.0219,0,0,0,0,22,1,219,218,0,0,0,0,0
0.022,0,0,0,0,22,0,220,219,0,0,0,0,0
0.0221,0,0,0,0,22,0,221,220,0,0,0,0,0
0.0222,0,0,0,0,22,0,222,221,0,0,0,0,0
0.0223,0,0,0,0,22,0,223,222,0,0,0,0,0
0.0224,0,0,0,0,22,0,224,223,0,0,0,0,0
0.0225,0,0,0,0,22,0,225,224,0,0,0,0,0
0.0226,0,0,0,0,22,0,226,225,0,0,0,0,0
0.0227,0,0,0,0,22,0,227,226,0,0,0,0,0
0.0228,0,0,0,0,22,0,228,227,0,0,0,0,0
0.0229,0,0,0,0,23,1,229,228,0,0,0,0,0
0.023,0,0,0,0,23,0,230,229,0,0,0,0,0
0.0231,0,0,0,0,23,0,231,230,0,0,0,0,0
0.0232,0,0,0,0,23,0,232,231,0,0,0,0,0
0.0233,0,0,0,0,23,0,233,232,0,0,0,0,0
0.0234,0,0,0,0,23,0,234,233,0,0,0,0,0
0.0235,0,0,0,0,23,0,235,234,0,0,0,0,0
0.0236,0,0,0,0,23,0,236,235,0,0,0,0,0
0.0237,0,0,0,0,23,0,237,236,0,0,0,0,0
0.0238,0,0,0,0,23,0,238,237,0,0,0,0,0
0.0239,0,0,0,0,24,1,239,238,0,0,0,0,0
0.024,0,0,0,0,24,0,240,239,0,0,0,0,0
0.0241,0,0,0,0,24,0,241,240,0,0,0,0,0
0.0242,0,0,0,0,24,0,242,241,0,0,0,0,0
0.0243,0,0,0,0,24,0,243,242,0,0,0,0,0
0.0244,0,0,0,0,24,0,244,243,0,0,0,0,0
0.0245,0,0,0,0,24,0,245,244,0,0,0,0,0
0.0246,0,0,0,0,24,0,246,245,0,0,0,0,0
0.0247,0,0,0,0,24,0,247,246,0,0,0,0,0
0.0248,0,0,0,0,24,0,248,247,0,0,0,0,0
0.0249,0,0,0,0,25,1,249,248,0,0,0,0,0
0.025,0,0,0,0,25,0,250,249,0,0,0,0,0
0.0251,0,0,0,0,25,0,251,250,0,0,0,0,0
0.0252,0,0,0,0,25,0,252,251,0,0,0,0,0
0.0253,0,0,0,0,25,0,253,252,0,0,0,0,0
0.0254,0,0,0,0,25,0,254,253,0,0,0,0,0
0.0255,0,0,0,0,25,0,255,254,0,0,0,0,0
0.0256,0,0,0,0,25,0,256,255,0,0,0,0,0
0.0257,0,0,0,0,25,0,257,256,0,0,0,0,0
0.0258,0,0,0,0,25,0,258,257,0,0,0,0,0
0.0259,0,0,0,0,26,1,259,258,0,0,0,0,0
0.026,0,0,0,0,26,0,260,259,0,0,0,0,0
0.0261,0,0,0,0,26,0,261,260,0,0,0,0,0
0.0262,0,0,0,0,26,0,262,261,0,0,0,0,0
0.0263,0,0,0,0,26,0,263,262,0,0,0,0,0
0.0264,0,0,0,0,26,0,264,263,0,0,0,0,0
0.0265,0,0,0,0,26,0,265,264,0,0,0,0,0
0.0266,0,0,0,0,26,0,266,265,0,0,0,0,0
0.0267,0,0,0,0,26,0,267,266,0,0,0,0,0
0.0268,0,0,0,0,26,0,268,267,0,0,0,0,0
0.0269,0,0,0,0,27,1,269,268,0,0,0,0,0
0.027,0,0,0,0,27,0,270,269,0,0,0,0,0
0.0271,0,0,0,0,27,0,271,270,0,0,0,0,0
0.0272,0,0,0,0,27,0,272,271,0,0,0,0,0
0.0273,0,0,0,0,27,0,273,272,0,0,0,0,0
0.0274,0,0,0,0,27,0,274,273,0,0,0,0,0
0.0275,0,0,0,0,27,0,275,274,0,0,0,0,0
0.0276,0,0,0,0,27,0,276,275,0,0,0,0,0
0.0277,0,0,0,0,27,0,277,276,0,0,0,0,0
0.0278,0,0,0,0,27,0,278,277,0,0,0,0,0
0.0279,0,0,0,0,28,1,279,278,0,0,0,0,0
0.028,0,0,0,0,28,0,280,279,0,0,0,0,0
0.0281,0,0,0,0,28,0,281,280,0,0,0,0,0
0.0282,0,0,0,0,28,0,282,281,0,0,0,0,0
0.0283,0,0,0,0,28,0,283,282,0,0,0,0,0
0.0284,0,0,0,0,28,0,284,283,0,0,0,0,0
0.0285,0,0,0,0,28,0,285,284,0,0,0,0,0
0.0286,0,0,0,0,28,0,286,285,0,0,0,0,0
0.0287,0,0,0,0,28,0,287,286,0,0,0,0,0
0.0288,0,0,0,0,28,0,288,287,0,0,0,0,0
0.0289,0,0,0,0,29,1,289,288,0,0,0,0,0
0.029,0,0,0,0,29,0,290,289,0,0,0,0,0
0.0291,0,0,0,0,29,0,291,290,0,0,0,0,0
0.0292,0,0,0,0,29,0,292,291,0,0,0,0,0
0.0293,0,0,0,0,29,0,293,292,0,0,0,0,0
0.0294,0,0,0,0,29,0,294,293,0,0,0,0,0
0.0295,0,0,0,0,29,0,295,294,0,0,0,0,0
0.0296,0,0,0,0,29,0,296,295,0,0,0,0,0
0.0297,0,0,0,0,29,0,297,296,0,0,0,0,0
0.0298,0,0,0,0,29,0,298,297,0,0,0,0,0
0.0299,0,0,0,0,30,1,299,298,0,0,0,0,0
0.03,0,0,0,0,30,0,300,299,0,0,0,0,0
0.0301,0,0,0,0,30,0,301,300,0,0,0,0,0
0.0302,0,0,0,0,30,0,302,301,0,0,0,0,0
0.0303,0,0,0,0,30,0,303,302,0,0,0,0,0
0.0304,0,0,0,0,30,0,304,303,0,0,0,0,0
0.0305,0,0,0,0,30,0,305,304,0,0,0,0,0
0.0306,0,0,0,0,30,0,306,305,0,0,0,0,0
0.0307,0,0,0,0,30,0,307,306,0,0,0,0,0
0.0308,0,0,0,0,30,0,308,307,0,0,0,0,0
0.0309,0,0,0,0,31,1,309,308,0,0,0,0,0
0.031,0,0,0,0,31,0,310,309,0,0,0,0,0
0.0311,0,0,0,0,31,0,311,310,0,0,0,0,0
0.0312,0,0,0,0,31,0,312,311,0,0,0,0,0
0.0313,0,0,0,0,31,0,313,312,0,0,0,0,0
0.0314,0,0,0,0,31,0,314,313,0,0,0,0,0
0.0315,0,0,0,0,31,0,315,314,0,0,0,0,0
0.0316,0,0,0,0,31,0,316,315,0,0,0,0,0
0.0317,0,0,0,0,31,0,317,316,0,0,0,0,0
0.0318,0,0,0,0,31,0,318,317,0,0,0,0,0
0.0319,0,0,0,0,32,1,319,318,0,0,0,0,0
0.032,0,0,0,0,32,0,320,319,0,0,0,0,0
0.0321,0,0,0,0,32,0,321,320,0,0,0,0,0
0.0322,0,0,0,0,32,0,322,321,0,0,0,0,0
0.0323,0,0,0,0,32,0,323,322,0,0,0,0,0
0.0324,0,0,0,0,32,0,324,323,0,0,0,0,0
0.0325,0,0,0,0,32,0,325,324,0,0,0,0,0
0.0326,0,0,0,0,32,0,326,325,0,0,0,0,0
0.0327,0,0,0,0,32,0,327,326,0,0,0,0,0
0.0328,0,0,0,0,32,0,328,327,0,0,0,0,0
0.0329,0,0,0,0,33,1,329,328,0,0,0,0,0
0.033,0,0,0,0,33,0,330,329,0,0,0,0,0
0.0331,0,0,0,0,33,0,331,330,0,0,0,0,0
0.0332,0,0,0,0,33,0,332,331,0,0,0,0,0
0.0333,0,0,0,0,33,0,333,332,0,0,0,0,0
0.0334,0,0,0,0,33,0,334,333,0,0,0,0,0
0.0335,0,0,0,0,33,0,335,334,0,0,0,0,0
0.0336,0,0,0,0,33,0,336,335,0,0,0,0,0
0.0337,0,0,0,0,33,0,337,336,0,0,0,0,0
0.0338,0,0,0,0,33,0,338,337,0,0,0,0,0
0.0339,0,0,0,0,34,1,339,338,0,0,0,0,0
0.034,0,0,0,0,34,0,340,339,0,0,0,0,0
0.0341,0,0,0,0,34,0,341,340,0,0,0,0,0
0.0342,0,0,0,0,34,0,342,341,0,0,0,0,0
0.0343,0,0,0,0,34,0,343,342,0,0,0,0,0
0.0344,0,0,0,0,34,0,344,343,0,0,0,0,0
0.0345,0,0,0,0,34,0,345,344,0,0,0,0,0
0.0346,0,0,0,0,34,0,346,345,0,0,0,0,0
0.0347,0,0,0,0,34,0,347,346,0,0,0,0,0
0.0348,0,0,0,0,34,0,348,347,0,0,0,0,0
0.0349,0,0,0,0,35,1,349,348,0,0,0,0,0
0.035,0,0,0,0,35,0,350,349,0,0,0,0,0
0.0351,0,0,0,0,35,0,351,350,0,0,0,0,0
0.0352,0,0,0,0,35,0,352,351,0,0,0,0,0
0.0353,0,0,0,0,35,0,353,352,0,0,0,0,0
0.0354,0,0,0,0,35,0,354,353,0,0,0,0,0
0.0355,0,0,0,0,35,0,355,354,0,0,0,0,0
0.0356,0,0,0,0,35,0,356,355,0,0,0,0,0
0.0357,0,0,0,0,35,0,357,356,0,0,0,0,0
0.0358,0,0,0,0,35,0,358,357,0,0,0,0,0
0.0359,0,0,0,0,36,1,359,358,0,0,0,0,0
0.036,0,0,0,0,36,0,360,359,0,0,0,0,0
0.0361,0,0,0,0,36,0,361,360,0,0,0,0,0
0.0362,0,0,0,0,36,0,362,361,0,0,0,0,0
0.0363,0,0,0,0,36,0,363,362,0,0,0,0,0
0.0364,0,0,0,0,36,0,364,363,0,0,0,0,0
0.0365,0,0,0,0,36,0,365,364,0,0,0,0,0
0.0366,0,0,0,0,36,0,366,365,0,0,0,0,0
0.0367,0,0,0,0,36,0,367,366,0,0,0,0,0
0.0368,0,0,0,0,36,0,368,367,0,0,0,0,0
0.0369,0,0,0,0,37,1,369,368,0,0,0,0,0
0.037,0,0,0,0,37,0,370,369,0,0,0,0,0
0.0371,0,0,0,0,37,0,371,370,0,0,0,0,0
0.0372,0,0,0,0,37,0,372,371,0,0,0,0,0
0.0373,0,0,0,0,37,0,373,372,0,0,0,0,0
0.0374,0,0,0,0,37,0,374,373,0,0,0,0,0
0.0375,0,0,0,0,37,0,375,374,0,0,0,0,0
0.0376,0,0,0,0,37,0,376,375,0,0,0,0,0
0.0377,0,0,0,0,37,0,377,376,0,0,0,0,0
0.0378,0,0,0,0,37,0,378,377,0,0,0,0,0
0.0379,0,0,0,0,38,1,379,378,0,0,0,0,0
0.038,0,0,0,0,38,0,380,379,0,0,0,0,0
0.0381,0,0,0,0,38,0,381,380,0,0,0,0,0
0.0382,0,0,0,0,38,0,382,381,0,0,0,0,0
0.0383,0,0,0,0,38,0,383,382,0,0,0,0,0
0.0384,0,0,0,0,38,0,384,383,0,0,0,0,0
0.0385,0,0,0,0,38,0,385,384,0,0,0,0,0
0.0386,0,0,0,0,38,0,386,385,0,0,0,0,0
0.0387,0,0,0,0,38,0,387,386,0,0,0,0,0
0.0388,0,0,0,0,38,0,388,387,0,0,0,0,0
0.0389,0,0,0,0,39,1,389,388,0,0,0,0,0
0.039,0,0,0,0,39,0,390,389,0,0,0,0,0
0.0391,0,0,0,0,39,0,391,390,0,0,0,0,0
0.0392,0,0,0,0,39,0,392,391,0,0,0,0,0
0.0393,0,0,0,0,39,0,393,392,0,0,0,0,0
0.0394,0,0,0,0,39,0,394,393,0,0,0,0,0
0.0395,0,0,0,0,39,0,395,394,0,0,0,0,0
0.0396,0,0,0,0,39,0,396,395,0,0,0,0,0
0.0397,0,0,0,0,39,0,397,396,0,0,0,0,0
0.0398,0,0,0,0,39,0,398,397,0,0,0,0,0
0.0399,0,0,0,0,40,1,399,398,0,0,0,0,0
0.04,0,0,0,0,40,0,400,399,0,0,0,0,0
0.0401,0,0,0,0,40,0,401,400,0,0,0,0,0
0.0402,0,0,0,0,40,0,402,401,0,0,0,0,0
0.0403,0,0,0,0,40,0,403,402,0,0,0,0,0
0.0404,0,0,0,0,40,0,404,403,0,0,0,0,0
0.0405,0,0,0,0,40,0,405,404,0,0,0,0,0
0.0406,0,0,0,0,40,0,406,405,0,0,0,0,0
0.0407,0,0,0,0,40,0,407,406,0,0,0,0,0
0.0408,0,0,0,0,40,0,408,407,0,0,0,0,0
0.0409,0,0,0,0,41,1,409,408,0,0,0,0,0
0.041,0,0,0,0,41,0,410,409,0,0,0,0,0
0.0411,0,0,0,0,41,0,411,410,0,0,0,0,0
0.0412,0,0,0,0,41,0,412,411,0,0,0,0,0
0.0413,0,0,0,0,41,0,413,412,0,0,0,0,0
0.0414,0,0,0,0,41,0,414,413,0,0,0,0,0
0.0415,0,0,0,0,41,0,415,414,0,0,0,0,0
0.0416,0,0,0,0,41,0,416,415,0,0,0,0,0
0.0417,0,0,0,0,41,0,417,416,0,0,0,0,0
0.0418,0,0,0,0,41,0,418,417,0,0,0,0,0
0.0419,0,0,0,0,42,1,419,418,0,0,0,0,0
0.042,0,0,0,0,42,0,420,419,0,0,0,0,0
0.0421,0,0,0,0,42,0,421,420,0,0,0,0,0
0.0422,0,0,0,0,42,0,422,421,0,0,0,0,0
0.0423,0,0,0,0,42,0,423,422,0,0,0,0,0
0.0424,0,0,0,0,42,0,424,423,0,0,0,0,0
0.0425,0,0,0,0,42,0,425,424,0,0,0,0,0
0.0426,0,0,0,0,42,0,426,425,0,0,0,0,0
0.0427,0,0,0,0,42,0,427,426,0,0,0,0,0
0.0428,0,0,0,0,42,0,428,427,0,0,0,0,0
0.0429,0,0,0,0,43,1,429,428,0,0,0,0,0
0.043,0,0,0,0,43,0,430,429,0,0,0,0,0
0.0431,0,0,0,0,43,0,431,430,0,0,0,0,0
0.0432,0,0,0,0,43,0,432,431,0,0,0,0,0
0.0433,0,0,0,0,43,0,433,432,0,0,0,0,0
0.0434,0,0,0,0,43,0,434,433,0,0,0,0,0
0.0435,0,0,0,0,43,0,435,434,0,0,0,0,0
0.0436,0,0,0,0,43,0,436,435,0,0,0,0,0
0.0437,0,0,0,0,43,0,437,436,0,0,0,0,0
0.0438,0,0,0,0,43,0,438,437,0,0,0,0,0
0.0439,0,0,0,0,44,1,439,438,0,0,0,0,0
0.044,0,0,0,0,44,0,440,439,0,0,0,0,0
0.0441,0,0,0,0,44,0,441,440,0,0,0,0,0
0.0442,0,0,0,0,44,0,442,441,0,0,0,0,0
0.0443,0,0,0,0,44,0,443,442,0,0,0,0,0
0.0444,0,0,0,0,44,0,444,443,0,0,0,0,0
0.0445,0,0,0,0,44,0,445,444,0,0,0,0,0
0.0446,0,0,0,0,44,0,446,445,0,0,0,0,0
0.0447,0,0,0,0,44,0,447,446,0,0,0,0,0
0.0448,0,0,0,0,44,0,448,447,0,0,0,0,0
0.0449,0,0,0,0,45,1,449,448,0,0,0,0,0
0.045,0,0,0,0,45,0,450,449,0,0,0,0,0
0.0451,0,0,0,0,45,0,451,450,0,0,0,0,0
0.0452,0,0,0,0,45,0,452,451,0,0,0,0,0
0.0453,0,0,0,0,45,0,453,452,0,0,0,0,0
0.0454,0,0,0,0,45,0,454,453,0,0,0,0,0
0.0455,0,0,0,0,45,0,455,454,0,0,0,0,0
0.0456,0,0,0,0,45,0,456,455,0,0,0,0,0
0.0457,0,0,0,0,45,0,457,456,0,0,0,0,0
0.0458,0,0,0,0,45,0,458,457,0,0,0,0,0
0.0459,0,0,0,0,46,1,459,458,0,0,0,0,0
0.046,0,0,0,0,46,0,460,459,0,0,0,0,0
0.0461,0,0,0,0,46,0,461,460,0,0,0,0,0
0.0462,0,0,0,0,46,0,462,461,0,0,0,0,0
0.0463,0,0,0,0,46,0,463,462,0,0,0,0,0
0.0464,0,0,0,0,46,0,464,463,0,0,0,0,0
0.0465,0,0,0,0,46,0,465,464,0,0,0,0,0
0.0466,0,0,0,0,46,0,466,465,0,0,0,0,0
0.0467,0,0,0,0,46,0,467,466,0,0,0,0,0
0.0468,0,0,0,0,46,0,468,467,0,0,0,0,0
0.0469,0,0,0,0,47,1,469,468,0,0,0,0,0
0.047,0,0,0,0,47,0,470,469,0,0,0,0,0
0.0471,0,0,0,0,47,0,471,470,0,0,0,0,0
0.0472,0,0,0,0,47,0,472,471,0,0,0,0,0
0.0473,0,0,0,0,47,0,473,472,0,0,0,0,0
0.0474,0,0,0,0,47,0,474,473,0,0,0,0,0
0.0475,0,0,0,0,47,0,475,474,0,0,0,0,0
0.0476,0,0,0,0,47,0,476,475,0,0,0,0,0
0.0477,0,0,0,0,47,0,477,476,0,0,0,0,0
0.0478,0,0,0,0,47,0,478,477,0,0,0,0,0
0.0479,0,0,0,0,48,1,479,478,0,0,0,0,0
0.048,0,0,0,0,48,0,480,479,0,0,0,0,0
0.0481,0,0,0,0,48,0,481,480,0,0,0,0,0
0.0482,0,0,0,0,48,0,482,481,0,0,0,0,0
0.0483,0,0,0,0,48,0,483,482,0,0,0,0,0
0.0484,0,0,0,0,48,0,484,483,0,0,0,0,0
0.0485,0,0,0,0,48,0,485,484,0,0,0,0,0
0.0486,0,0,0,0,48,0,486,485,0,0,0,0,0
0.0487,0,0,0,0,48,0,487,486,0,0,0,0,0
0.0488,0,0,0,0,48,0,488,487,0,0,0,0,0
0.0489,0,0,0,0,49,1,489,488,0,0,0,0,0
0.049,0,0,0,0,49,0,490,489,0,0,0,0,0
0.0491,0,0,0,0,49,0,491,490,0,0,0,0,0
0.0492,0,0,0,0,49,0,492,491,0,0,0,0,0
0.0493,0,0,0,0,49,0,493,492,0,0,0,0,0
0.0494,0,0,0,0,49,0,494,493,0,0,0,0,0
0.0495,0,0,0,0,49,0,495,494,0,0,0,0,0
0.0496,0,0,0,0,49,0,496,495,0,0,0,0,0
0.0497,0,0,0,0,49,0,497,496,0,0,0,0,0
0.0498,0,0,0,0,49,0,498,497,0,0,0,0,0
0.0499,0,0,0,0,50,1,499,498,0,0,0,0,0
0.05,0,0,0,0,50,0,500,499,0,0,0,0,0
0.0501,0,0,0,0,50,0,501,500,0,0,1.89508288242326e-13,0,0
0.0502,0,0,0,0,50,0,502,501,0,0,3.03019184010001e-12,0,0
0.0503,0,0,0,0,50,0,503,502,0,0,1.53305245286403e-11,0,0
0.0504,0,0,0,0,50,0,504,503,0,0,4.84209978849226e-11,0,0
0.0505,0,0,0,0,50,0,505,504,0,0,1.18139596378601e-10,0,0
0.0506,0,0,0,0,50,0,506,505,0,0,2.44817288232954e-10,0,0
0.0507,0,0,0,0,50,0,507,506,0,0,4.53263531774439e-10,0,0
0.0508,0,0,0,0,50,0,508,507,0,0,7.72751797316612e-10,0,0
0.0509,0,0,0,0,51,1,509,508,0,0,1.23700510457855e-09,0,0
0.051,0,0,0,0,51,0,510,509,0,0,1.88418157563787e-09,0,0
0.0511,0,0,0,0,51,0,511,510,0,0,2.75686000341781e-09,0,0
0.0512,0,0,0,0,51,0,512,511,0,0,3.90202543570944e-09,0,0
0.0513,0,0,0,0,51,0,513,512,0,0,5.37105477472749e-09,0,0
0.0514,0,0,0,0,51,0,514,513,0,0,7.21970239220122e-09,0,0
0.0515,0,0,0,0,51,0,515,514,0,0,9.50808576000003e-09,0,0
0.0516,0,0,0,0,51,0,516,515,0,0,1.23006710962922e-08,0,0
0.0517,0,0,0,0,51,0,517,516,0,0,1.56662590272402e-08,0,0
0.0518,0,0,0,0,51,0,518,517,0,0,1.9677970264228e-08,0,0
0.0519,0,0,0,0,52,1,519,518,0,0,2.44132312966245e-08,0,0
0.052,0,0,0,0,52,0,520,519,0,0,2.99537601000824e-08,0,0
0.0521,0,0,0,0,52,0,521,520,0,0,3.63855518603672e-08,0,0
0.0522,0,0,0,0,52,0,522,521,0,0,4.37988647127271e-08,0,0
0.0523,0,0,0,0,52,0,523,522,0,0,5.22882054967903e-08,0,0
0.0524,0,0,0,0,52,0,524,523,0,0,6.19523155270041e-08,0,0
0.0525,0,0,0,0,52,0,525,524,0,0,7.28941563786011e-08,0,0
0.0526,0,0,0,0,52,0,526,525,0,0,8.52208956891046e-08,0,0
0.0527,0,0,0,0,52,0,527,526,0,0,9.90438929753704e-08,0,0
0.0528,0,0,0,0,52,0,528,527,0,0,1.14478685466154e-07,0,0
0.0529,0,0,0,0,53,1,529,528,0,0,1.31644973950224e-07,0,0
0.053,0,0,0,0,53,0,530,529,0,0,1.50666608640001e-07,0,0
0.0531,0,0,0,0,53,0,531,530,0,0,1.71671575050732e-07,0,0
0.0532,0,0,0,0,53,0,532,531,0,0,1.94791979895209e-07,0,0
0.0533,0,0,0,0,53,0,533,532,0,0,2.20164036994006e-07,0,0
0.0534,0,0,0,0,53,0,534,533,0,0,2.47928053201267e-07,0,0
0.0535,0,0,0,0,53,0,535,534,0,0,2.78228414346009e-07,0,0
0.0536,0,0,0,0,53,0,536,535,0,0,3.11213571188981e-07,0,0
0.0537,0,0,0,0,53,0,537,536,0,0,3.47036025395049e-07,0,0
0.0538,0,0,0,0,53,0,538,537,0,0,3.85852315521099e-07,0,0
0.0539,0,0,0,0,54,1,539,538,0,0,4.2782300301951e-07,0,0
0.054,0,0,0,0,54,0,540,539,0,0,4.73112658257118e-07,0,0
0.0541,0,0,0,0,54,0,541,540,0,0,5.2188984654976e-07,0,0
0.0542,0,0,0,0,54,0,542,541,0,0,5.74327114212312e-07,0,0
0.0543,0,0,0,0,54,0,543,542,0,0,6.30600974624282e-07,0,0
0.0544,0,0,0,0,54,0,544,543,0,0,6.9089189431095e-07,0,0
0.0545,0,0,0,0,54,0,545,544,0,0,7.55384279039998e-07,0,0
0.0546,0,0,0,0,54,0,546,545,0,0,8.2426645993374e-07,0,0
0.0547,0,0,0,0,54,0,547,546,0,0,8.97730679596816e-07,0,0
0.0548,0,0,0,0,54,0,548,547,0,0,9.75973078259465e-07,0,0
0.0549,0,0,0,0,55,1,549,548,0,0,1.05919367993635e-06,0,0
0.055,0,0,0,0,55,0,550,549,0,0,1.14759637860082e-06,0,0
0.0551,0,0,0,0,55,0,551,550,0,0,1.24138892437488e-06,0,0
0.0552,0,0,0,0,55,0,552,551,0,0,1.34078290973448e-06,0,0
0.0553,0,0,0,0,55,0,553,552,0,0,1.44599375573051e-06,0,0
0.0554,0,0,0,0,55,0,554,553,0,0,1.5572406982253e-06,0,0
0.0555,0,0,0,0,55,0,555,554,0,0,1.67474677414452e-06,0,0
0.0556,0,0,0,0,55,0,556,555,0,0,1.79873880774485e-06,0,0
0.0557,0,0,0,0,55,0,557,556,0,0,1.92944739689693e-06,0,0
0.0558,0,0,0,0,55,0,558,557,0,0,2.06710689938405e-06,0,0
0.0559,0,0,0,0,56,1,559,558,0,0,2.21195541921625e-06,0,0
0.056,0,0,0,0,56,0,560,559,0,0,2.36423479296e-06,0,0
0.0561,0,0,0,0,56,0,561,560,0,0,2.52419057608345e-06,0,0
0.0562,0,0,0,0,56,0,562,561,0,0,2.69207202931712e-06,0,0
0.0563,0,0,0,0,56,0,563,562,0,0,2.8681321050302e-06,0,0
0.0564,0,0,0,0,56,0,564,563,0,0,3.0526274336224e-06,0,0
0.0565,0,0,0,0,56,0,565,564,0,0,3.24581830993119e-06,0,0
0.0566,0,0,0,0,56,0,566,565,0,0,3.44796867965485e-06,0,0
0.0567,0,0,0,0,56,0,567,566,0,0,3.65934612579073e-06,0,0
0.0568,0,0,0,0,56,0,568,567,0,0,3.88022185508929e-06,0,0
0.0569,0,0,0,0,57,1,569,568,0,0,4.11087068452357e-06,0,0
0.057,0,0,0,0,57,0,570,569,0,0,4.35157102777415e-06,0,0
0.0571,0,0,0,0,57,0,571,570,0,0,4.60260488172985e-06,0,0
0.0572,0,0,0,0,57,0,572,571,0,0,4.86425781300363e-06,0,0
0.0573,0,0,0,0,57,0,573,572,0,0,5.13681894446439e-06,0,0
0.0574,0,0,0,0,57,0,574,573,0,0,5.42058094178396e-06,0,0
0.0575,0,0,0,0,57,0,575,574,0,0,5.71584e-06,0,0
0.0576,0,0,0,0,57,0,576,575,0,0,6.022895830094e-06,0,0
0.0577,0,0,0,0,57,0,577,576,0,0,6.34205164558519e-06,0,0
0.0578,0,0,0,0,57,0,578,577,0,0,6.67361414913983e-06,0,0
0.0579,0,0,0,0,58,1,579,578,0,0,7.01789351919593e-06,0,0
0.058,0,0,0,0,58,0,580,579,0,0,7.37520339660378e-06,0,0
0.0581,0,0,0,0,58,0,581,580,0,0,7.74586087128172e-06,0,0
0.0582,0,0,0,0,58,0,582,581,0,0,8.13018646888755e-06,0,0
0.0583,0,0,0,0,58,0,583,582,0,0,8.52850413750572e-06,0,0
0.0584,0,0,0,0,58,0,584,583,0,0,8.9411412343495e-06,0,0
0.0585,0,0,0,0,58,0,585,584,0,0,9.36842851247934e-06,0,0
0.0586,0,0,0,0,58,0,586,585,0,0,9.81070010753623e-06,0,0
0.0587,0,0,0,0,58,0,587,586,0,0,1.02682935244908e-05,0,0
0.0588,0,0,0,0,58,0,588,587,0,0,1.07415496244082e-05,0,0
0.0589,0,0,0,0,59,1,589,588,0,0,1.1230812611228e-05,0,0
0.059,0,0,0,0,59,0,590,589,0,0,1.173643001856e-05,0,0
0.0591,0,0,0,0,59,0,591,590,0,0,1.22587526964955e-05,0,0
0.0592,0,0,0,0,59,0,592,591,0,0,1.27981347984341e-05,0,0
0.0593,0,0,0,0,59,0,593,592,0,0,1.33549337679259e-05,0,0
0.0594,0,0,0,0,59,0,594,593,0,0,1.39295103255295e-05,0,0
0.0595,0,0,0,0,59,0,595,594,0,0,1.45222284556853e-05,0,0
0.0596,0,0,0,0,59,0,596,595,0,0,1.51334553936042e-05,0,0
0.0597,0,0,0,0,59,0,597,596,0,0,1.57635616121727e-05,0,0
0.0598,0,0,0,0,59,0,598,597,0,0,1.6412920808872e-05,0,0
0.0599,0,0,0,0,60,1,599,598,0,0,1.70819098927143e-05,0,0
0.06,0,0,0,0,60,0,600,599,0,0,1.77709089711934e-05,0,0
0.0601,0,0,0,0,60,0,601,600,0,0,1.84803013372514e-05,0,0
0.0602,0,0,0,0,60,0,602,601,0,0,1.92104734562609e-05,0,0
0.0603,0,0,0,0,60,0,603,602,0,0,1.99618149530225e-05,0,0
0.0604,0,0,0,0,60,0,604,603,0,0,2.07347185987782e-05,0,0
0.0605,0,0,0,0,60,0,605,604,0,0,2.152958029824e-05,0,0
0.0606,0,0,0,0,60,0,606,605,0,0,2.23467990766341e-05,0,0
0.0607,0,0,0,0,60,0,607,606,0,0,2.31867770667609e-05,0,0
0.0608,0,0,0,0,60,0,608,607,0,0,2.40499194960701e-05,0,0
0.0609,0,0,0,0,61,1,609,608,0,0,2.49366346737517e-05,0,0
0.061,0,0,0,0,61,0,610,609,0,0,2.58473339778423e-05,0,0
0.0611,0,0,0,0,61,0,611,610,0,0,2.67824318423472e-05,0,0
0.0612,0,0,0,0,61,0,612,611,0,0,2.77423457443779e-05,0,0
0.0613,0,0,0,0,61,0,613,612,0,0,2.87274961913045e-05,0,0
0.0614,0,0,0,0,61,0,614,613,0,0,2.97383067079252e-05,0,0
0.0615,0,0,0,0,61,0,615,614,0,0,3.07752038236497e-05,0,0
0.0616,0,0,0,0,61,0,616,615,0,0,3.18386170596989e-05,0,0
0.0617,0,0,0,0,61,0,617,616,0,0,3.29289789163202e-05,0,0
0.0618,0,0,0,0,61,0,618,617,0,0,3.40467248600181e-05,0,0
0.0619,0,0,0,0,62,1,619,618,0,0,3.51922933108005e-05,0,0
0.062,0,0,0,0,62,0,620,619,0,0,3.636612562944e-05,0,0
0.0621,0,0,0,0,62,0,621,620,0,0,3.7568666104752e-05,0,0
0.0622,0,0,0,0,62,0,622,621,0,0,3.88003619408867e-05,0,0
0.0623,0,0,0,0,62,0,623,622,0,0,4.00616632446379e-05,0,0
0.0624,0,0,0,0,62,0,624,623,0,0,4.13530230127669e-05,0,0
0.0625,0,0,0,0,62,0,625,624,0,0,4.26748971193415e-05,0,0
0.0626,0,0,0,0,62,0,626,625,0,0,4.40277443030915e-05,0,0
0.0627,0,0,0,0,62,0,627,626,0,0,4.54120261547788e-05,0,0
0.0628,0,0,0,0,62,0,628,627,0,0,4.68282071045835e-05,0,0
0.0629,0,0,0,0,63,1,629,628,0,0,4.82767544095053e-05,0,0
0.063,0,0,0,0,63,0,630,629,0,0,4.97581381407815e-05,0,0
0.0631,0,0,0,0,63,0,631,630,0,0,5.12728311713182e-05,0,0
0.0632,0,0,0,0,63,0,632,631,0,0,5.28213091631393e-05,0,0
0.0633,0,0,0,0,63,0,633,632,0,0,5.44040505548501e-05,0,0
0.0634,0,0,0,0,63,0,634,633,0,0,5.60215365491165e-05,0,0
0.0635,0,0,0,0,63,0,635,634,0,0,5.767425110016e-05,0,0
0.0636,0,0,0,0,63,0,636,635,0,0,5.93626809012672e-05,0,0
0.0637,0,0,0,0,63,0,637,636,0,0,6.10873153723166e-05,0,0
0.0638,0,0,0,0,63,0,638,637,0,0,6.28486466473192e-05,0,0
0.0639,0,0,0,0,64,1,639,638,0,0,6.46471695619758e-05,0,0
0.064,0,0,0,0,64,0,640,639,0,0,6.64833816412497e-05,0,0
0.0641,0,0,0,0,64,0,641,640,0,0,6.83577830869539e-05,0,0
0.0642,0,0,0,0,64,0,642,641,0,0,7.02708767653553e-05,0,0
0.0643,0,0,0,0,64,0,643,642,0,0,7.22231681947932e-05,0,0
0.0644,0,0,0,0,64,0,644,643,0,0,7.4215165533314e-05,0,0
0.0645,0,0,0,0,64,0,645,644,0,0,7.62473795663223e-05,0,0
0.0646,0,0,0,0,64,0,646,645,0,0,7.83203236942447e-05,0,0
0.0647,0,0,0,0,64,0,647,646,0,0,8.04345139202124e-05,0,0
0.0648,0,0,0,0,64,0,648,647,0,0,8.25904688377571e-05,0,0
0.0649,0,0,0,0,65,1,649,648,0,0,8.47887096185244e-05,0,0
0.065,0,0,0,0,65,0,650,649,0,0,8.702976e-05,0,0
0.0651,0,0,0,0,65,0,651,650,0,0,8.9314146273254e-05,0,0
0.0652,0,0,0,0,65,0,652,651,0,0,9.16423972706996e-05,0,0
0.0653,0,0,0,0,65,0,653,652,0,0,9.4015044353867e-05,0,0
0.0654,0,0,0,0,65,0,654,653,0,0,9.64326214011948e-05,0,0
0.0655,0,0,0,0,65,0,655,654,0,0,9.88956647958334e-05,0,0
0.0656,0,0,0,0,65,0,656,655,0,0,0.000101404713413467,0,0
0.0657,0,0,0,0,65,0,657,656,0,0,0.000103960308610151,0,0
0.0658,0,0,0,0,65,0,658,657,0,0,0.000106562994210162,0,0
0.0659,0,0,0,0,66,1,659,658,0,0,0.000109213316493866,0,0
0.066,0,0,0,0,66,0,660,659,0,0,0.000111911824185605,0,0
0.0661,0,0,0,0,66,0,661,660,0,0,0.00011465906844159,0,0
0.0662,0,0,0,0,66,0,662,661,0,0,0.000117455602837818,0,0
0.0663,0,0,0,0,66,0,663,662,0,0,0.000120301983358002,0,0
0.0664,0,0,0,0,66,0,664,663,0,0,0.000123198768381518,0,0
0.0665,0,0,0,0,66,0,665,664,0,0,0.00012614651867136,0,0
0.0666,0,0,0,0,66,0,666,665,0,0,0.000129145797362122,0,0
0.0667,0,0,0,0,66,0,667,666,0,0,0.000132197169947989,0,0
0.0668,0,0,0,0,66,0,668,667,0,0,0.000135301204270739,0,0
0.0669,0,0,0,0,67,1,669,668,0,0,0.000138458470507777,0,0
0.067,0,0,0,0,67,0,670,669,0,0,0.000141669541160159,0,0
0.0671,0,0,0,0,67,0,671,670,0,0,0.00014493499104066,0,0
0.0672,0,0,0,0,67,0,672,671,0,0,0.000148255397261834,0,0
0.0673,0,0,0,0,67,0,673,672,0,0,0.000151631339224101,0,0
0.0674,0,0,0,0,67,0,674,673,0,0,0.000155063398603854,0,0
0.0675,0,0,0,0,67,0,675,674,0,0,0.000158552159341564,0,0
0.0676,0,0,0,0,67,0,676,675,0,0,0.000162098207629921,0,0
0.0677,0,0,0,0,67,0,677,676,0,0,0.000165702131901979,0,0
0.0678,0,0,0,0,67,0,678,677,0,0,0.000169364522819313,0,0
0.0679,0,0,0,0,68,1,679,678,0,0,0.000173085973260207,0,0
0.068,0,0,0,0,68,0,680,679,0,0,0.00017686707830784,0,0
0.0681,0,0,0,0,68,0,681,680,0,0,0.000180708435238499,0,0
0.0682,0,0,0,0,68,0,682,681,0,0,0.000184610643509801,0,0
0.0683,0,0,0,0,68,0,683,682,0,0,0.000188574304748938,0,0
0.0684,0,0,0,0,68,0,684,683,0,0,0.00019260002274093,0,0
0.0685,0,0,0,0,68,0,685,684,0,0,0.000196688403416894,0,0
0.0686,0,0,0,0,68,0,686,685,0,0,0.000200840054842338,0,0
0.0687,0,0,0,0,68,0,687,686,0,0,0.000205055587205455,0,0
0.0688,0,0,0,0,68,0,688,687,0,0,0.000209335612805449,0,0
0.0689,0,0,0,0,69,1,689,688,0,0,0.000213680746040863,0,0
0.069,0,0,0,0,69,0,690,689,0,0,0.000218091603397931,0,0
0.0691,0,0,0,0,69,0,691,690,0,0,0.000222568803438943,0,0
0.0692,0,0,0,0,69,0,692,691,0,0,0.00022711296679062,0,0
0.0693,0,0,0,0,69,0,693,692,0,0,0.000231724716132519,0,0
0.0694,0,0,0,0,69,0,694,693,0,0,0.000236404676185437,0,0
0.0695,0,0,0,0,69,0,695,694,0,0,0.00024115347369984,0,0
0.0696,0,0,0,0,69,0,696,695,0,0,0.000245971737444305,0,0
0.0697,0,0,0,0,69,0,697,696,0,0,0.000250860098193977,0,0
0.0698,0,0,0,0,69,0,698,697,0,0,0.000255819188719048,0,0
0.0699,0,0,0,0,70,1,699,698,0,0,0.000260849643773239,0,0
0.07,0,0,0,0,70,0,700,699,0,0,0.000265952100082305,0,0
0.0701,0,0,0,0,70,0,701,700,0,0,0.000271127196332561,0,0
0.0702,0,0,0,0,70,0,702,701,0,0,0.00027637557315941,0,0
0.0703,0,0,0,0,70,0,703,702,0,0,0.000281697873135904,0,0
0.0704,0,0,0,0,70,0,704,703,0,0,0.000287094740761298,0,0
0.0705,0,0,0,0,70,0,705,704,0,0,0.000292566822449641,0,0
0.0706,0,0,0,0,70,0,706,705,0,0,0.000298114766518373,0,0
0.0707,0,0,0,0,70,0,707,706,0,0,0.000303739223176933,0,0
0.0708,0,0,0,0,70,0,708,707,0,0,0.000309440844515397,0,0
0.0709,0,0,0,0,71,1,709,708,0,0,0.000315220284493111,0,0
0.071,0,0,0,0,71,0,710,709,0,0,0.00032107819892736,0,0
0.0711,0,0,0,0,71,0,711,710,0,0,0.000327015245482038,0,0
0.0712,0,0,0,0,71,0,712,711,0,0,0.000333032083656343,0,0
0.0713,0,0,0,0,71,0,713,712,0,0,0.00033912937477348,0,0
0.0714,0,0,0,0,71,0,714,713,0,0,0.000345307781969384,0,0
0.0715,0,0,0,0,71,0,715,714,0,0,0.000351567970181457,0,0
0.0716,0,0,0,0,71,0,716,715,0,0,0.000357910606137325,0,0
0.0717,0,0,0,0,71,0,717,716,0,0,0.0003643363583436,0,0
0.0718,0,0,0,0,71,0,718,717,0,0,0.000370845897074671,0,0
0.0719,0,0,0,0,72,1,719,718,0,0,0.000377439894361497,0,0
0.072,0,0,0,0,72,0,720,719,0,0,0.000384119023980426,0,0
0.0721,0,0,0,0,72,0,721,720,0,0,0.000390883961442027,0,0
0.0722,0,0,0,0,72,0,722,721,0,0,0.000397735383979933,0,0
0.0723,0,0,0,0,72,0,723,722,0,0,0.000404673970539704,0,0
0.0724,0,0,0,0,72,0,724,723,0,0,0.000411700401767706,0,0
0.0725,0,0,0,0,72,0,725,724,0,0,0.000418815360000001,0,0
0.0726,0,0,0,0,72,0,726,725,0,0,0.000426019529251254,0,0
0.0727,0,0,0,0,72,0,727,726,0,0,0.000433313595203668,0,0
0.0728,0,0,0,0,72,0,728,727,0,0,0.000440698245195906,0,0
0.0729,0,0,0,0,73,1,729,728,0,0,0.000448174168212062,0,0
0.073,0,0,0,0,73,0,730,729,0,0,0.000455742054870619,0,0
0.0731,0,0,0,0,73,0,731,730,0,0,0.000463402597413444,0,0
0.0732,0,0,0,0,73,0,732,731,0,0,0.000471156489694788,0,0
0.0733,0,0,0,0,73,0,733,732,0,0,0.000479004427170299,0,0
0.0734,0,0,0,0,73,0,734,733,0,0,0.000486947106886056,0,0
0.0735,0,0,0,0,73,0,735,734,0,0,0.000494985227467621,0,0
0.0736,0,0,0,0,73,0,736,735,0,0,0.000503119489109098,0,0
0.0737,0,0,0,0,73,0,737,736,0,0,0.000511350593562217,0,0
0.0738,0,0,0,0,73,0,738,737,0,0,0.000519679244125425,0,0
0.0739,0,0,0,0,74,1,739,738,0,0,0.000528106145632996,0,0
0.074,0,0,0,0,74,0,740,739,0,0,0.000536632004444161,0,0
0.0741,0,0,0,0,74,0,741,740,0,0,0.000545257528432243,0,0
0.0742,0,0,0,0,74,0,742,741,0,0,0.000553983426973824,0,0
0.0743,0,0,0,0,74,0,743,742,0,0,0.000562810410937906,0,0
0.0744,0,0,0,0,74,0,744,743,0,0,0.000571739192675105,0,0
0.0745,0,0,0,0,74,0,745,744,0,0,0.000580770486006855,0,0
0.0746,0,0,0,0,74,0,746,745,0,0,0.000589905006214628,0,0
0.0747,0,0,0,0,74,0,747,746,0,0,0.000599143470029162,0,0
0.0748,0,0,0,0,74,0,748,747,0,0,0.000608486595619719,0,0
0.0749,0,0,0,0,75,1,749,748,0,0,0.000617935102583345,0,0
0.075,0,0,0,0,75,0,750,749,0,0,0.000627489711934156,0,0
0.0751,0,0,0,0,75,0,751,750,0,0,0.000637151146092632,0,0
0.0752,0,0,0,0,75,0,752,751,0,0,0.000646920128874928,0,0
0.0753,0,0,0,0,75,0,753,752,0,0,0.000656797385482205,0,0
0.0754,0,0,0,0,75,0,754,753,0,0,0.000666783642489971,0,0
0.0755,0,0,0,0,75,0,755,754,0,0,0.00067687962783744,0,0
0.0756,0,0,0,0,75,0,756,755,0,0,0.00068708607081691,0,0
0.0757,0,0,0,0,75,0,757,756,0,0,0.000697403702063148,0,0
0.0758,0,0,0,0,75,0,758,757,0,0,0.000707833253542799,0,0
0.0759,0,0,0,0,76,1,759,758,0,0,0.000718375458543802,0,0
0.076,0,0,0,0,76,0,760,759,0,0,0.000729031051664834,0,0
0.0761,0,0,0,0,76,0,761,760,0,0,0.00073980076880476,0,0
0.0762,0,0,0,0,76,0,762,761,0,0,0.000750685347152093,0,0
0.0763,0,0,0,0,76,0,763,762,0,0,0.000761685525174488,0,0
0.0764,0,0,0,0,76,0,764,763,0,0,0.000772802042608234,0,0
0.0765,0,0,0,0,76,0,765,764,0,0,0.000784035640447768,0,0
0.0766,0,0,0,0,76,0,766,765,0,0,0.000795387060935213,0,0
0.0767,0,0,0,0,76,0,767,766,0,0,0.000806857047549912,0,0
0.0768,0,0,0,0,76,0,768,767,0,0,0.000818446344997996,0,0
0.0769,0,0,0,0,77,1,769,768,0,0,0.000830155699201957,0,0
0.077,0,0,0,0,77,0,770,769,0,0,0.00084198585729024,0,0
0.0771,0,0,0,0,77,0,771,770,0,0,0.000853937567586858,0,0
0.0772,0,0,0,0,77,0,772,771,0,0,0.000866011579601003,0,0
0.0773,0,0,0,0,77,0,773,772,0,0,0.000878208644016692,0,0
0.0774,0,0,0,0,77,0,774,773,0,0,0.000890529512682418,0,0
0.0775,0,0,0,0,77,0,775,774,0,0,0.000902974938600822,0,0
0.0776,0,0,0,0,77,0,776,775,0,0,0.000915545675918381,0,0
0.0777,0,0,0,0,77,0,777,776,0,0,0.000928242479915097,0,0
0.0778,0,0,0,0,77,0,778,777,0,0,0.000941066106994226,0,0
0.0779,0,0,0,0,78,1,779,778,0,0,0.000954017314672001,0,0
0.078,0,0,0,0,78,0,780,779,0,0,0.000967096861567389,0,0
0.0781,0,0,0,0,78,0,781,780,0,0,0.000980305507391841,0,0
0.0782,0,0,0,0,78,0,782,781,0,0,0.00099364401293908,0,0
0.0783,0,0,0,0,78,0,783,782,0,0,0.00100711314007489,0,0
0.0784,0,0,0,0,78,0,784,783,0,0,0.00102071365172693,0,0
0.0785,0,0,0,0,78,0,785,784,0,0,0.00103444631187456,0,0
0.0786,0,0,0,0,78,0,786,785,0,0,0.00104831188553866,0,0
0.0787,0,0,0,0,78,0,787,786,0,0,0.00106231113877153,0,0
0.0788,0,0,0,0,78,0,788,787,0,0,0.00107644483864671,0,0
0.0789,0,0,0,0,79,1,789,788,0,0,0.00109071375324891,0,0
0.079,0,0,0,0,79,0,790,789,0,0,0.00110511865166389,0,0
0.0791,0,0,0,0,79,0,791,790,0,0,0.00111966030396837,0,0
0.0792,0,0,0,0,79,0,792,791,0,0,0.00113433948121999,0,0
0.0793,0,0,0,0,79,0,793,792,0,0,0.00114915695544726,0,0
0.0794,0,0,0,0,79,0,794,793,0,0,0.00116411349963947,0,0
0.0795,0,0,0,0,79,0,795,794,0,0,0.00117920988773675,0,0
0.0796,0,0,0,0,79,0,796,795,0,0,0.00119444689462001,0,0
0.0797,0,0,0,0,79,0,797,796,0,0,0.00120982529610097,0,0
0.0798,0,0,0,0,79,0,798,797,0,0,0.00122534586891217,0,0
0.0799,0,0,0,0,80,1,799,798,0,0,0.00124100939069706,0,0
0.08,0,0,0,0,80,0,800,799,0,0,0.00125681664,0,0
0.0801,0,0,0,0,80,0,801,800,0,0,0.00127276839625636,0,0
0.0802,0,0,0,0,80,0,802,801,0,0,0.00128886543978262,0,0
0.0803,0,0,0,0,80,0,803,802,0,0,0.00130510855176646,0,0
0.0804,0,0,0,0,80,0,804,803,0,0,0.00132149851425686,0,0
0.0805,0,0,0,0,80,0,805,804,0,0,0.00133803611015429,0,0
0.0806,0,0,0,0,80,0,806,805,0,0,0.00135472212320081,0,0
0.0807,0,0,0,0,80,0,807,806,0,0,0.00137155733797027,0,0
0.0808,0,0,0,0,80,0,808,807,0,0,0.00138854253985845,0,0
0.0809,0,0,0,0,81,1,809,808,0,0,0.00140567851507332,0,0
0.081,0,0,0,0,81,0,810,809,0,0,0.00142296605062519,0,0
0.0811,0,0,0,0,81,0,811,810,0,0,0.00144040593431699,0,0
0.0812,0,0,0,0,81,0,812,811,0,0,0.00145799895473449,0,0
0.0813,0,0,0,0,81,0,813,812,0,0,0.00147574590123654,0,0
0.0814,0,0,0,0,81,0,814,813,0,0,0.00149364756394539,0,0
0.0815,0,0,0,0,81,0,815,814,0,0,0.00151170473373696,0,0
0.0816,0,0,0,0,81,0,816,815,0,0,0.00152991820223113,0,0
0.0817,0,0,0,0,81,0,817,816,0,0,0.00154828876178207,0,0
0.0818,0,0,0,0,81,0,818,817,0,0,0.00156681720546862,0,0
0.0819,0,0,0,0,82,1,819,818,0,0,0.00158550432708458,0,0
0.082,0,0,0,0,82,0,820,819,0,0,0.00160435092112911,0,0
0.0821,0,0,0,0,82,0,821,820,0,0,0.00162335778279711,0,0
0.0822,0,0,0,0,82,0,822,821,0,0,0.00164252570796963,0,0
0.0823,0,0,0,0,82,0,823,822,0,0,0.00166185549320426,0,0
0.0824,0,0,0,0,82,0,824,823,0,0,0.00168134793572559,0,0
0.0825,0,0,0,0,82,0,825,824,0,0,0.00170100383341564,0,0
0.0826,0,0,0,0,82,0,826,825,0,0,0.00172082398480432,0,0
0.0827,0,0,0,0,82,0,827,826,0,0,0.00174080918905991,0,0
0.0828,0,0,0,0,82,0,828,827,0,0,0.00176096024597956,0,0
0.0829,0,0,0,0,83,1,829,828,0,0,0.0017812779559798,0,0
0.083,0,0,0,0,83,0,830,829,0,0,0.00180176312008704,0,0
0.0831,0,0,0,0,83,0,831,830,0,0,0.00182241653992814,0,0
0.0832,0,0,0,0,83,0,832,831,0,0,0.00184323901772094,0,0
0.0833,0,0,0,0,83,0,833,832,0,0,0.00186423135626485,0,0
0.0834,0,0,0,0,83,0,834,833,0,0,0.00188539435893144,0,0
0.0835,0,0,0,0,83,0,835,834,0,0,0.001906728829655,0,0
0.0836,0,0,0,0,83,0,836,835,0,0,0.00192823557292322,0,0
0.0837,0,0,0,0,83,0,837,836,0,0,0.00194991539376776,0,0
0.0838,0,0,0,0,83,0,838,837,0,0,0.00197176909775495,0,0
0.0839,0,0,0,0,84,1,839,838,0,0,0.00199379749097643,0,0
0.084,0,0,0,0,84,0,840,839,0,0,0.00201600138003983,0,0
0.0841,0,0,0,0,84,0,841,840,0,0,0.00203838157205945,0,0
0.0842,0,0,0,0,84,0,842,841,0,0,0.002060938874647,0,0
0.0843,0,0,0,0,84,0,843,842,0,0,0.00208367409590231,0,0
0.0844,0,0,0,0,84,0,844,843,0,0,0.00210658804440409,0,0
0.0845,0,0,0,0,84,0,845,844,0,0,0.00212968152920064,0,0
0.0846,0,0,0,0,84,0,846,845,0,0,0.00215295535980068,0,0
0.0847,0,0,0,0,84,0,847,846,0,0,0.00217641034616409,0,0
0.0848,0,0,0,0,84,0,848,847,0,0,0.00220004729869277,0,0
0.0849,0,0,0,0,85,1,849,848,0,0,0.00222386702822137,0,0
0.085,0,0,0,0,85,0,850,849,0,0,0.00224787034600823,0,0
0.0851,0,0,0,0,85,0,851,850,0,0,0.00227205806372615,0,0
0.0852,0,0,0,0,85,0,852,851,0,0,0.0022964309934533,0,0
0.0853,0,0,0,0,85,0,853,852,0,0,0.00232098994766408,0,0
0.0854,0,0,0,0,85,0,854,853,0,0,0.00234573573922002,0,0
0.0855,0,0,0,0,85,0,855,854,0,0,0.00237066918136069,0,0
0.0856,0,0,0,0,85,0,856,855,0,0,0.00239579108769466,0,0
0.0857,0,0,0,0,85,0,857,856,0,0,0.00242110227219038,0,0
0.0858,0,0,0,0,85,0,858,857,0,0,0.0024466035491672,0,0
0.0859,0,0,0,0,86,1,859,858,0,0,0.00247229573328632,0,0
0.086,0,0,0,0,86,0,860,859,0,0,0.00249817963954176,0,0
0.0861,0,0,0,0,86,0,861,860,0,0,0.00252425608325141,0,0
0.0862,0,0,0,0,86,0,862,861,0,0,0.00255052588004801,0,0
0.0863,0,0,0,0,86,0,863,862,0,0,0.00257698984587022,0,0
0.0864,0,0,0,0,86,0,864,863,0,0,0.00260364879695363,0,0
0.0865,0,0,0,0,86,0,865,864,0,0,0.00263050354982187,0,0
0.0866,0,0,0,0,86,0,866,865,0,0,0.00265755492127769,0,0
0.0867,0,0,0,0,86,0,867,866,0,0,0.002684803728394,0,0
0.0868,0,0,0,0,86,0,868,867,0,0,0.00271225078850508,0,0
0.0869,0,0,0,0,87,1,869,868,0,0,0.00273989691919764,0,0
0.087,0,0,0,0,87,0,870,869,0,0,0.00276774293830197,0,0
0.0871,0,0,0,0,87,0,871,870,0,0,0.00279578966388313,0,0
0.0872,0,0,0,0,87,0,872,871,0,0,0.00282403791423211,0,0
0.0873,0,0,0,0,87,0,873,872,0,0,0.00285248850785703,0,0
0.0874,0,0,0,0,87,0,874,873,0,0,0.00288114226347432,0,0
0.0875,0,0,0,0,87,0,875,874,0,0,0.00291,0,0
0.0876,0,0,0,0,87,0,876,875,0,0,0.00293906253654084,0,0
0.0877,0,0,0,0,87,0,877,876,0,0,0.0029683306923857,0,0
0.0878,0,0,0,0,87,0,878,877,0,0,0.00299780528699672,0,0
0.0879,0,0,0,0,88,1,879,878,0,0,0.00302748714000067,0,0
0.088,0,0,0,0,88,0,880,879,0,0,0.00305737707118019,0,0
0.0881,0,0,0,0,88,0,881,880,0,0,0.00308747590046517,0,0
0.0882,0,0,0,0,88,0,882,881,0,0,0.00311778444792405,0,0
0.0883,0,0,0,0,88,0,883,882,0,0,0.00314830353375515,0,0
0.0884,0,0,0,0,88,0,884,883,0,0,0.00317903397827805,0,0
0.0885,0,0,0,0,88,0,885,884,0,0,0.00320997660192499,0,0
0.0886,0,0,0,0,88,0,886,885,0,0,0.00324113222523221,0,0
0.0887,0,0,0,0,88,0,887,886,0,0,0.00327250166883143,0,0
0.0888,0,0,0,0,88,0,888,887,0,0,0.00330408575344122,0,0
0.0889,0,0,0,0,89,1,889,888,0,0,0.00333588529985845,0,0
0.089,0,0,0,0,89,0,890,889,0,0,0.00336790112894976,0,0
0.0891,0,0,0,0,89,0,891,890,0,0,0.00340013406164303,0,0
0.0892,0,0,0,0,89,0,892,891,0,0,0.00343258491891887,0,0
0.0893,0,0,0,0,89,0,893,892,0,0,0.00346525452180209,0,0
0.0894,0,0,0,0,89,0,894,893,0,0,0.00349814369135327,0,0
0.0895,0,0,0,0,89,0,895,894,0,0,0.00353125324866025,0,0
0.0896,0,0,0,0,89,0,896,895,0,0,0.0035645840148297,0,0
0.0897,0,0,0,0,89,0,897,896,0,0,0.00359813681097869,0,0
0.0898,0,0,0,0,89,0,898,897,0,0,0.00363191245822625,0,0
0.0899,0,0,0,0,90,1,899,898,0,0,0.00366591177768498,0,0
0.09,0,0,0,0,90,0,900,899,0,0,0.00370013559045268,0,0
0.0901,0,0,0,0,90,0,901,900,0,0,0.00373458471760391,0,0
0.0902,0,0,0,0,90,0,902,901,0,0,0.00376925998018172,0,0
0.0903,0,0,0,0,90,0,903,902,0,0,0.00380416219918926,0,0
0.0904,0,0,0,0,90,0,904,903,0,0,0.00383929219558143,0,0
0.0905,0,0,0,0,90,0,905,904,0,0,0.00387465079025664,0,0
0.0906,0,0,0,0,90,0,906,905,0,0,0.00391023880404844,0,0
0.0907,0,0,0,0,90,0,907,906,0,0,0.0039460570577173,0,0
0.0908,0,0,0,0,90,0,908,907,0,0,0.00398210637194229,0,0
0.0909,0,0,0,0,91,1,909,908,0,0,0.0040183875673129,0,0
0.091,0,0,0,0,91,0,910,909,0,0,0.00405490146432072,0,0
0.0911,0,0,0,0,91,0,911,910,0,0,0.0040916488833513,0,0
0.0912,0,0,0,0,91,0,912,911,0,0,0.00412863064467592,0,0
0.0913,0,0,0,0,91,0,913,912,0,0,0.00416584756844338,0,0
0.0914,0,0,0,0,91,0,914,913,0,0,0.00420330047467187,0,0
0.0915,0,0,0,0,91,0,915,914,0,0,0.00424099018324077,0,0
0.0916,0,0,0,0,91,0,916,915,0,0,0.00427891751388257,0,0
0.0917,0,0,0,0,91,0,917,916,0,0,0.00431708328617467,0,0
0.0918,0,0,0,0,91,0,918,917,0,0,0.00435548831953134,0,0
0.0919,0,0,0,0,92,1,919,918,0,0,0.00439413343319557,0,0
0.092,0,0,0,0,92,0,920,919,0,0,0.00443301944623104,0,0
0.0921,0,0,0,0,92,0,921,920,0,0,0.00447214717751403,0,0
0.0922,0,0,0,0,92,0,922,921,0,0,0.00451151744572539,0,0
0.0923,0,0,0,0,92,0,923,922,0,0,0.00455113106934247,0,0
0.0924,0,0,0,0,92,0,924,923,0,0,0.00459098886663117,0,0
0.0925,0,0,0,0,92,0,925,924,0,0,0.00463109165563786,0,0
0.0926,0,0,0,0,92,0,926,925,0,0,0.00467144025418148,0,0
0.0927,0,0,0,0,92,0,927,926,0,0,0.0047120354798455,0,0
0.0928,0,0,0,0,92,0,928,927,0,0,0.00475287814997001,0,0
0.0929,0,0,0,0,93,1,929,928,0,0,0.00479396908164375,0,0
0.093,0,0,0,0,93,0,930,929,0,0,0.00483530909169622,0,0
0.0931,0,0,0,0,93,0,931,930,0,0,0.00487689899668975,0,0
0.0932,0,0,0,0,93,0,932,931,0,0,0.00491873961291163,0,0
0.0933,0,0,0,0,93,0,933,932,0,0,0.00496083175636619,0,0
0.0934,0,0,0,0,93,0,934,933,0,0,0.005003176242767,0,0
0.0935,0,0,0,0,93,0,935,934,0,0,0.00504577388752896,0,0
0.0936,0,0,0,0,93,0,936,935,0,0,0.00508862550576054,0,0
0.0937,0,0,0,0,93,0,937,936,0,0,0.00513173191225592,0,0
0.0938,0,0,0,0,93,0,938,937,0,0,0.0051750939214872,0,0
0.0939,0,0,0,0,94,1,939,938,0,0,0.0052187123475966,0,0
0.094,0,0,0,0,94,0,940,939,0,0,0.00526258800438875,0,0
0.0941,0,0,0,0,94,0,941,940,0,0,0.00530672170532287,0,0
0.0942,0,0,0,0,94,0,942,941,0,0,0.00535111426350509,0,0
0.0943,0,0,0,0,94,0,943,942,0,0,0.00539576649168069,0,0
0.0944,0,0,0,0,94,0,944,943,0,0,0.0054406792022264,0,0
0.0945,0,0,0,0,94,0,945,944,0,0,0.00548585320714273,0,0
0.0946,0,0,0,0,94,0,946,945,0,0,0.00553128931804631,0,0
0.0947,0,0,0,0,94,0,947,946,0,0,0.00557698834616217,0,0
0.0948,0,0,0,0,94,0,948,947,0,0,0.00562295110231614,0,0
0.0949,0,0,0,0,95,1,949,948,0,0,0.00566917839692723,0,0
0.095,0,0,0,0,95,0,950,949,0,0,0.00571567104,0,0
0.0951,0,0,0,0,95,0,951,950,0,0,0.00576242984111697,0,0
0.0952,0,0,0,0,95,0,952,951,0,0,0.00580945560943103,0,0
0.0953,0,0,0,0,95,0,953,952,0,0,0.0058567491536579,0,0
0.0954,0,0,0,0,95,0,954,953,0,0,0.00590431128206853,0,0
0.0955,0,0,0,0,95,0,955,954,0,0,0.00595214280248164,0,0
0.0956,0,0,0,0,95,0,956,955,0,0,0.00600024452225613,0,0
0.0957,0,0,0,0,95,0,957,956,0,0,0.00604861724828361,0,0
0.0958,0,0,0,0,95,0,958,957,0,0,0.00609726178698093,0,0
0.0959,0,0,0,0,96,1,959,958,0,0,0.00614617894428265,0,0
0.096,0,0,0,0,96,0,960,959,0,0,0.00619536952563366,0,0
0.0961,0,0,0,0,96,0,961,960,0,0,0.00624483433598168,0,0
0.0962,0,0,0,0,96,0,962,961,0,0,0.00629457417976985,0,0
0.0963,0,0,0,0,96,0,963,962,0,0,0.00634458986092932,0,0
0.0964,0,0,0,0,96,0,964,963,0,0,0.00639488218287188,0,0
0.0965,0,0,0,0,96,0,965,964,0,0,0.00644545194848256,0,0
0.0966,0,0,0,0,96,0,966,965,0,0,0.00649629996011224,0,0
0.0967,0,0,0,0,96,0,967,966,0,0,0.00654742701957035,0,0
0.0968,0,0,0,0,96,0,968,967,0,0,0.00659883392811752,0,0
0.0969,0,0,0,0,97,1,969,968,0,0,0.00665052148645824,0,0
0.097,0,0,0,0,97,0,970,969,0,0,0.00670249049473361,0,0
0.0971,0,0,0,0,97,0,971,970,0,0,0.00675474175251401,0,0
0.0972,0,0,0,0,97,0,972,971,0,0,0.00680727605879182,0,0
0.0973,0,0,0,0,97,0,973,972,0,0,0.00686009421197423,0,0
0.0974,0,0,0,0,97,0,974,973,0,0,0.00691319700987593,0,0
0.0975,0,0,0,0,97,0,975,974,0,0,0.00696658524971194,0,0
0.0976,0,0,0,0,97,0,976,975,0,0,0.00702025972809035,0,0
0.0977,0,0,0,0,97,0,977,976,0,0,0.00707422124100517,0,0
0.0978,0,0,0,0,97,0,978,977,0,0,0.00712847058382915,0,0
0.0979,0,0,0,0,98,1,979,978,0,0,0.0071830085513066,0,0
0.098,0,0,0,0,98,0,980,979,0,0,0.00723783593754624,0,0
0.0981,0,0,0,0,98,0,981,980,0,0,0.0072929535360141,0,0
0.0982,0,0,0,0,98,0,982,981,0,0,0.00734836213952638,0,0
0.0983,0,0,0,0,98,0,983,982,0,0,0.00740406254024233,0,0
0.0984,0,0,0,0,98,0,984,983,0,0,0.00746005552965725,0,0
0.0985,0,0,0,0,98,0,985,984,0,0,0.00751634189859532,0,0
0.0986,0,0,0,0,98,0,986,985,0,0,0.00757292243720262,0,0
0.0987,0,0,0,0,98,0,987,986,0,0,0.00762979793494004,0,0
0.0988,0,0,0,0,98,0,988,987,0,0,0.0076869691805763,0,0
0.0989,0,0,0,0,99,1,989,988,0,0,0.00774443696218093,0,0
0.099,0,0,0,0,99,0,990,989,0,0,0.00780220206711729,0,0
0.0991,0,0,0,0,99,0,991,990,0,0,0.00786026528203553,0,0
0.0992,0,0,0,0,99,0,992,991,0,0,0.00791862739286574,0,0
0.0993,0,0,0,0,99,0,993,992,0,0,0.00797728918481093,0,0
0.0994,0,0,0,0,99,0,994,993,0,0,0.00803625144234013,0,0
0.0995,0,0,0,0,99,0,995,994,0,0,0.00809551494918145,0,0
0.0996,0,0,0,0,99,0,996,995,0,0,0.00815508048831519,0,0
0.0997,0,0,0,0,99,0,997,996,0,0,0.00821494884196702,0,0
0.0998,0,0,0,0,99,0,998,997,0,0,0.00827512079160101,0,0
0.0999,0,0,0,0,100,1,999,998,0,0,0.00833559711791287,0,0
0.1,0,0,0,0,100,0,1000,999,0,0,0.00839637860082305,0,0
0.1001,0,0,0,0,100,0,1001,1000,0,0,0.00845746601946996,0,0
0.1002,0,0,0,0,100,0,1002,1001,0,0,0.00851886015220315,0,0
0.1003,0,0,0,0,100,0,1003,1002,0,0,0.00858056177657653,0,0
0.1004,0,0,0,0,100,0,1004,1003,0,0,0.00864257166934158,0,0
0.1005,0,0,0,0,100,0,1005,1004,0,0,0.00870489060644064,0,0
0.1006,0,0,0,0,100,0,1006,1005,0,0,0.00876751936300007,0,0
0.1007,0,0,0,0,100,0,1007,1006,0,0,0.00883045871332363,0,0
0.1008,0,0,0,0,100,0,1008,1007,0,0,0.00889370943088573,0,0
0.1009,0,0,0,0,101,1,1009,1008,0,0,0.0089572722883247,0,0
0.101,0,0,0,0,101,0,1010,1009,0,0,0.00902114805743616,0,0
0.1011,0,0,0,0,101,0,1011,1010,0,0,0.00908533750916633,0,0
0.1012,0,0,0,0,101,0,1012,1011,0,0,0.00914984141360539,0,0
0.1013,0,0,0,0,101,0,1013,1012,0,0,0.00921466053998085,0,0
0.1014,0,0,0,0,101,0,1014,1013,0,0,0.00927979565665089,0,0
0.1015,0,0,0,0,101,0,1015,1014,0,0,0.00934524753109784,0,0
0.1016,0,0,0,0,101,0,1016,1015,0,0,0.00941101692992154,0,0
0.1017,0,0,0,0,101,0,1017,1016,0,0,0.00947710461883272,0,0
0.1018,0,0,0,0,101,0,1018,1017,0,0,0.00954351136264659,0,0
0.1019,0,0,0,0,102,1,1019,1018,0,0,0.00961023792527615,0,0
0.102,0,0,0,0,102,0,1020,1019,0,0,0.00967728506972573,0,0
0.1021,0,0,0,0,102,0,1021,1020,0,0,0.0097446535580845,0,0
0.1022,0,0,0,0,102,0,1022,1021,0,0,0.00981234415151993,0,0
0.1023,0,0,0,0,102,0,1023,1022,0,0,0.00988035761027136,0,0
0.1024,0,0,0,0,102,0,1024,1023,0,0,0.00994869469364351,0,0
0.1025,0,0,0,0,102,0,1025,1024,0,0,0.01001735616,0,0
0.1026,0,0,0,0,102,0,1026,1025,0,0,0.010086342766757,0,0
0.1027,0,0,0,0,102,0,1027,1026,0,0,0.0101556552703767,0,0
0.1028,0,0,0,0,102,0,1028,1027,0,0,0.0102252944263612,0,0
0.1029,0,0,0,0,103,1,1029,1028,0,0,0.0102952609892455,0,0
0.103,0,0,0,0,103,0,1030,1029,0,0,0.010365555712592,0,0
0.1031,0,0,0,0,103,0,1031,1030,0,0,0.0104361793489833,0,0
0.1032,0,0,0,0,103,0,1032,1031,0,0,0.0105071326500164,0,0
0.1033,0,0,0,0,103,0,1033,1032,0,0,0.0105784163662963,0,0
0.1034,0,0,0,0,103,0,1034,1033,0,0,0.0106500312474295,0,0
0.1035,0,0,0,0,103,0,1035,1034,0,0,0.0107219780420179,0,0
0.1036,0,0,0,0,103,0,1036,1035,0,0,0.0107942574976523,0,0
0.1037,0,0,0,0,103,0,1037,1036,0,0,0.0108668703609065,0,0
0.1038,0,0,0,0,103,0,1038,1037,0,0,0.0109398173773307,0,0
0.1039,0,0,0,0,104,1,1039,1038,0,0,0.0110130992914455,0,0
0.104,0,0,0,0,104,0,1040,1039,0,0,0.0110867168467354,0,0
0.1041,0,0,0,0,104,0,1041,1040,0,0,0.011160670785643,0,0
0.1042,0,0,0,0,104,0,1042,1041,0,0,0.0112349618495626,0,0
0.1043,0,0,0,0,104,0,1043,1042,0,0,0.0113095907788341,0,0
0.1044,0,0,0,0,104,0,1044,1043,0,0,0.0113845583127366,0,0
0.1045,0,0,0,0,104,0,1045,1044,0,0,0.0114598651894825,0,0
0.1046,0,0,0,0,104,0,1046,1045,0,0,0.0115355121462116,0,0
0.1047,0,0,0,0,104,0,1047,1046,0,0,0.0116114999189845,0,0
0.1048,0,0,0,0,104,0,1048,1047,0,0,0.0116878292427767,0,0
0.1049,0,0,0,0,105,1,1049,1048,0,0,0.0117645008514728,0,0
0.105,0,0,0,0,105,0,1050,1049,0,0,0.0118415154778601,0,0
0.1051,0,0,0,0,105,0,1051,1050,0,0,0.0119188738536226,0,0
0.1052,0,0,0,0,105,0,1052,1051,0,0,0.011996576709335,0,0
0.1053,0,0,0,0,105,0,1053,1052,0,0,0.0120746247744571,0,0
0.1054,0,0,0,0,105,0,1054,1053,0,0,0.012153018777327,0,0
0.1055,0,0,0,0,105,0,1055,1054,0,0,0.0122317594451558,0,0
0.1056,0,0,0,0,105,0,1056,1055,0,0,0.0123108475040214,0,0
0.1057,0,0,0,0,105,0,1057,1056,0,0,0.0123902836788623,0,0
0.1058,0,0,0,0,105,0,1058,1057,0,0,0.0124700686934722,0,0
0.1059,0,0,0,0,106,1,1059,1058,0,0,0.0125502032704936,0,0
0.106,0,0,0,0,106,0,1060,1059,0,0,0.0126306881314122,0,0
0.1061,0,0,0,0,106,0,1061,1060,0,0,0.0127115239965508,0,0
0.1062,0,0,0,0,106,0,1062,1061,0,0,0.0127927115850636,0,0
0.1063,0,0,0,0,106,0,1063,1062,0,0,0.0128742516149303,0,0
0.1064,0,0,0,0,106,0,1064,1063,0,0,0.01295614480295,0,0
0.1065,0,0,0,0,106,0,1065,1064,0,0,0.013038391864736,0,0
0.1066,0,0,0,0,106,0,1066,1065,0,0,0.0131209935147092,0,0
0.1067,0,0,0,0,106,0,1067,1066,0,0,0.013203950466093,0,0
0.1068,0,0,0,0,106,0,1068,1067,0,0,0.013287263430907,0,0
0.1069,0,0,0,0,107,1,1069,1068,0,0,0.0133709331199615,0,0
0.107,0,0,0,0,107,0,1070,1069,0,0,0.0134549602428518,0,0
0.1071,0,0,0,0,107,0,1071,1070,0,0,0.0135393455079524,0,0
0.1072,0,0,0,0,107,0,1072,1071,0,0,0.0136240896224111,0,0
0.1073,0,0,0,0,107,0,1073,1072,0,0,0.0137091932921436,0,0
0.1074,0,0,0,0,107,0,1074,1073,0,0,0.0137946572218275,0,0
0.1075,0,0,0,0,107,0,1075,1074,0,0,0.0138804821148971,0,0
0.1076,0,0,0,0,107,0,1076,1075,0,0,0.0139666686735372,0,0
0.1077,0,0,0,0,107,0,1077,1076,0,0,0.0140532175986777,0,0
0.1078,0,0,0,0,107,0,1078,1077,0,0,0.0141401295899882,0,0
0.1079,0,0,0,0,108,1,1079,1078,0,0,0.0142274053458719,0,0
0.108,0,0,0,0,108,0,1080,1079,0,0,0.0143150455634606,0,0
0.1081,0,0,0,0,108,0,1081,1080,0,0,0.0144030509386085,0,0
0.1082,0,0,0,0,108,0,1082,1081,0,0,0.0144914221658872,0,0
0.1083,0,0,0,0,108,0,1083,1082,0,0,0.0145801599385797,0,0
0.1084,0,0,0,0,108,0,1084,1083,0,0,0.0146692649486752,0,0
0.1085,0,0,0,0,108,0,1085,1084,0,0,0.0147587378868634,0,0
0.1086,0,0,0,0,108,0,1086,1085,0,0,0.014848579442529,0,0
0.1087,0,0,0,0,108,0,1087,1086,0,0,0.0149387903037466,0,0
0.1088,0,0,0,0,108,0,1088,1087,0,0,0.0150293711572744,0,0
0.1089,0,0,0,0,109,1,1089,1088,0,0,0.0151203226885496,0,0
0.109,0,0,0,0,109,0,1090,1089,0,0,0.0152116455816825,0,0
0.1091,0,0,0,0,109,0,1091,1090,0,0,0.0153033405194513,0,0
0.1092,0,0,0,0,109,0,1092,1091,0,0,0.0153954081832964,0,0
0.1093,0,0,0,0,109,0,1093,1092,0,0,0.0154878492533153,0,0
0.1094,0,0,0,0,109,0,1094,1093,0,0,0.0155806644082573,0,0
0.1095,0,0,0,0,109,0,1095,1094,0,0,0.0156738543255176,0,0
0.1096,0,0,0,0,109,0,1096,1095,0,0,0.0157674196811326,0,0
0.1097,0,0,0,0,109,0,1097,1096,0,0,0.0158613611497742,0,0
0.1098,0,0,0,0,109,0,1098,1097,0,0,0.0159556794047446,0,0
0.1099,0,0,0,0,110,1,1099,1098,0,0,0.0160503751179709,0,0
0.11,0,0,0,0,110,0,1100,1099,0,0,0.01614544896,0,0
0.1101,0,0,0,0,110,0,1101,1100,0,0,0.0162409015999932,0,0
0.1102,0,0,0,0,110,0,1102,1101,0,0,0.016336733705721,0,0
0.1103,0,0,0,0,110,0,1103,1102,0,0,0.0164329459435578,0,0
0.1104,0,0,0,0,110,0,1104,1103,0,0,0.0165295389784768,0,0
0.1105,0,0,0,0,110,0,1105,1104,0,0,0.0166265134740445,0,0
0.1106,0,0,0,0,110,0,1106,1105,0,0,0.0167238700924162,0,0
0.1107,0,0,0,0,110,0,1107,1106,0,0,0.0168216094943299,0,0
0.1108,0,0,0,0,110,0,1108,1107,0,0,0.0169197323391019,0,0
0.1109,0,0,0,0,111,1,1109,1108,0,0,0.0170182392846211,0,0
0.111,0,0,0,0,111,0,1110,1109,0,0,0.0171171309873444,0,0
0.1111,0,0,0,0,111,0,1111,1110,0,0,0.0172164081022911,0,0
0.1112,0,0,0,0,111,0,1112,1111,0,0,0.0173160712830383,0,0
0.1113,0,0,0,0,111,0,1113,1112,0,0,0.0174161211817153,0,0
0.1114,0,0,0,0,111,0,1114,1113,0,0,0.0175165584489989,0,0
0.1115,0,0,0,0,111,0,1115,1114,0,0,0.0176173837341082,0,0
0.1116,0,0,0,0,111,0,1116,1115,0,0,0.0177185976847996,0,0
0.1117,0,0,0,0,111,0,1117,1116,0,0,0.0178202009473619,0,0
0.1118,0,0,0,0,111,0,1118,1117,0,0,0.017922194166611,0,0
0.1119,0,0,0,0,112,1,1119,1118,0,0,0.0180245779858853,0,0
0.112,0,0,0,0,112,0,1120,1119,0,0,0.0181273530470403,0,0
0.1121,0,0,0,0,112,0,1121,1120,0,0,0.0182305199904441,0,0
0.1122,0,0,0,0,112,0,1122,1121,0,0,0.0183340794549722,0,0
0.1123,0,0,0,0,112,0,1123,1122,0,0,0.0184380320780023,0,0
0.1124,0,0,0,0,112,0,1124,1123,0,0,0.0185423784954101,0,0
0.1125,0,0,0,0,112,0,1125,1124,0,0,0.0186471193415638,0,0
0.1126,0,0,0,0,112,0,1126,1125,0,0,0.0187522552493195,0,0
0.1127,0,0,0,0,112,0,1127,1126,0,0,0.0188577868500162,0,0
0.1128,0,0,0,0,112,0,1128,1127,0,0,0.018963714773471,0,0
0.1129,0,0,0,0,113,1,1129,1128,0,0,0.0190700396479745,0,0
0.113,0,0,0,0,113,0,1130,1129,0,0,0.0191767621002854,0,0
0.1131,0,0,0,0,113,0,1131,1130,0,0,0.0192838827556265,0,0
0.1132,0,0,0,0,113,0,1132,1131,0,0,0.0193914022376792,0,0
0.1133,0,0,0,0,113,0,1133,1132,0,0,0.019499321168579,0,0
0.1134,0,0,0,0,113,0,1134,1133,0,0,0.0196076401689109,0,0
0.1135,0,0,0,0,113,0,1135,1134,0,0,0.0197163598577045,0,0
0.1136,0,0,0,0,113,0,1136,1135,0,0,0.0198254808524293,0,0
0.1137,0,0,0,0,113,0,1137,1136,0,0,0.01993500376899,0,0
0.1138,0,0,0,0,113,0,1138,1137,0,0,0.0200449292217218,0,0
0.1139,0,0,0,0,114,1,1139,1138,0,0,0.0201552578233856,0,0
0.114,0,0,0,0,114,0,1140,1139,0,0,0.0202659901851636,0,0
0.1141,0,0,0,0,114,0,1141,1140,0,0,0.0203771269166547,0,0
0.1142,0,0,0,0,114,0,1142,1141,0,0,0.0204886686258693,0,0
0.1143,0,0,0,0,114,0,1143,1142,0,0,0.0206006159192253,0,0
0.1144,0,0,0,0,114,0,1144,1143,0,0,0.0207129694015434,0,0
0.1145,0,0,0,0,114,0,1145,1144,0,0,0.0208257296760422,0,0
0.1146,0,0,0,0,114,0,1146,1145,0,0,0.020938897344334,0,0
0.1147,0,0,0,0,114,0,1147,1146,0,0,0.0210524730064198,0,0
0.1148,0,0,0,0,114,0,1148,1147,0,0,0.0211664572606854,0,0
0.1149,0,0,0,0,115,1,1149,1148,0,0,0.0212808507038963,0,0
0.115,0,0,0,0,115,0,1150,1149,0,0,0.0213956539311934,0,0
0.1151,0,0,0,0,115,0,1151,1150,0,0,0.0215108675360888,0,0
0.1152,0,0,0,0,115,0,1152,1151,0,0,0.0216264921104607,0,0
0.1153,0,0,0,0,115,0,1153,1152,0,0,0.0217425282445495,0,0
0.1154,0,0,0,0,115,0,1154,1153,0,0,0.0218589765269532,0,0
0.1155,0,0,0,0,115,0,1155,1154,0,0,0.0219758375446228,0,0
0.1156,0,0,0,0,115,0,1156,1155,0,0,0.0220931118828581,0,0
0.1157,0,0,0,0,115,0,1157,1156,0,0,0.0222108001253031,0,0
0.1158,0,0,0,0,115,0,1158,1157,0,0,0.0223289028539419,0,0
0.1159,0,0,0,0,116,1,1159,1158,0,0,0.0224474206490941,0,0
0.116,0,0,0,0,116,0,1160,1159,0,0,0.0225663540894106,0,0
0.1161,0,0,0,0,116,0,1161,1160,0,0,0.0226857037518689,0,0
0.1162,0,0,0,0,116,0,1162,1161,0,0,0.0228054702117696,0,0
0.1163,0,0,0,0,116,0,1163,1162,0,0,0.0229256540427309,0,0
0.1164,0,0,0,0,116,0,1164,1163,0,0,0.0230462558166857,0,0
0.1165,0,0,0,0,116,0,1165,1164,0,0,0.023167276103876,0,0
0.1166,0,0,0,0,116,0,1166,1165,0,0,0.0232887154728497,0,0
0.1167,0,0,0,0,116,0,1167,1166,0,0,0.0234105744904555,0,0
0.1168,0,0,0,0,116,0,1168,1167,0,0,0.0235328537218395,0,0
0.1169,0,0,0,0,117,1,1169,1168,0,0,0.0236555537304402,0,0
0.117,0,0,0,0,117,0,1170,1169,0,0,0.023778675077985,0,0
0.1171,0,0,0,0,117,0,1171,1170,0,0,0.0239022183244856,0,0
0.1172,0,0,0,0,117,0,1172,1171,0,0,0.0240261840282338,0,0
0.1173,0,0,0,0,117,0,1173,1172,0,0,0.0241505727457977,0,0
0.1174,0,0,0,0,117,0,1174,1173,0,0,0.0242753850320171,0,0
0.1175,0,0,0,0,117,0,1175,1174,0,0,0.02440062144,0,0
0.1176,0,0,0,0,117,0,1176,1175,0,0,0.0245262825211179,0,0
0.1177,0,0,0,0,117,0,1177,1176,0,0,0.0246523688250019,0,0
0.1178,0,0,0,0,117,0,1178,1177,0,0,0.0247788808995389,0,0
0.1179,0,0,0,0,118,1,1179,1178,0,0,0.0249058192908672,0,0
0.118,0,0,0,0,118,0,1180,1179,0,0,0.0250331845433727,0,0
0.1181,0,0,0,0,118,0,1181,1180,0,0,0.0251609771996845,0,0
0.1182,0,0,0,0,118,0,1182,1181,0,0,0.0252891978006716,0,0
0.1183,0,0,0,0,118,0,1183,1182,0,0,0.0254178468854381,0,0
0.1184,0,0,0,0,118,0,1184,1183,0,0,0.0255469249913197,0,0
0.1185,0,0,0,0,118,0,1185,1184,0,0,0.0256764326538797,0,0
0.1186,0,0,0,0,118,0,1186,1185,0,0,0.025806370406905,0,0
0.1187,0,0,0,0,118,0,1187,1186,0,0,0.0259367387824019,0,0
0.1188,0,0,0,0,118,0,1188,1187,0,0,0.0260675383105929,0,0
0.1189,0,0,0,0,119,1,1189,1188,0,0,0.0261987695199119,0,0
0.119,0,0,0,0,119,0,1190,1189,0,0,0.026330432937001,0,0
0.1191,0,0,0,0,119,0,1191,1190,0,0,0.0264625290867063,0,0
0.1192,0,0,0,0,119,0,1192,1191,0,0,0.0265950584920742,0,0
0.1193,0,0,0,0,119,0,1193,1192,0,0,0.0267280216743475,0,0
0.1194,0,0,0,0,119,0,1194,1193,0,0,0.0268614191529615,0,0
0.1195,0,0,0,0,119,0,1195,1194,0,0,0.0269952514455404,0,0
0.1196,0,0,0,0,119,0,1196,1195,0,0,0.0271295190678932,0,0
0.1197,0,0,0,0,119,0,1197,1196,0,0,0.0272642225340103,0,0
0.1198,0,0,0,0,119,0,1198,1197,0,0,0.0273993623560594,0,0
0.1199,0.005,0,9.01673742634056e-05,0,120,1,1199,1198,0,0,0.0275349390443821,0,9.01673742634056e-05
0.12,0.01,0,9.01673742634056e-05,0,120,0,1200,1199,0,0,0.0276709531074897,0,9.01673742634056e-05
0.1201,0.015,0,9.01673742634056e-05,0,120,0,1201,1200,0,0,0.02780740505206,0,9.01673742634056e-05
0.1202,0.02,0,9.01673742634056e-05,0,120,0,1202,1201,0,0,0.0279442953829333,0,9.01673742634056e-05
0.1203,0.025,0,9.01673742634056e-05,0,120,0,1203,1202,0,0,0.0280816246031087,0,9.01673742634056e-05
0.1204,0.03,0,9.01673742634056e-05,0,120,0,1204,1203,0,0,0.0282193932137406,0,9.01673742634056e-05
0.1205,0.035,0,9.01673742634056e-05,0,120,0,1205,1204,0,0,0.0283576017141351,0,9.01673742634056e-05
0.1206,0.04,0,9.01673742634056e-05,0,120,0,1206,1205,0,0,0.0284962506017458,0,9.01673742634056e-05
0.1207,0.045,0,9.01673742634056e-05,0,120,0,1207,1206,0,0,0.0286353403721712,0,9.01673742634056e-05
0.1208,0.05,0,9.01673742634056e-05,0,120,0,1208,1207,0,0,0.02877487151915,0,9.01673742634056e-05
0.1209,0.055,0,0.000999054506838534,0,121,1,1209,1208,0,0,0.0289148445345584,0,0.000999054506838534
0.121,0.06,0,0.000999054506838534,0,121,0,1210,1209,0,0,0.0290552599084058,0,0.000999054506838534
0.1211,0.065,0,0.000999054506838534,0,121,0,1211,1210,0,0,0.029196118128832,0,0.000999054506838534
0.1212,0.07,0,0.000999054506838534,0,121,0,1212,1211,0,0,0.0293374196821028,0,0.000999054506838534
0.1213,0.075,0.00143959697443321,0.000999054506838534,0.00117726343522554,121,0,1213,1212,0,0,0.0294791650526074,4.70724873117609e-08,0.000999054506838534
0.1214,0.08,0.0041536110148221,0.000999054506838534,0.00103651257518204,121,0,1214,1213,0,0,0.0296213547228539,3.28481843533627e-07,0.000999054506838534
0.1215,0.085,0.00651503157906674,0.000999054506838534,0.000900537776537541,121,0,1215,1214,0,0,0.0297639891734668,8.63498713564012e-07,0.000999054506838534
0.1216,0.09,0.00856382731593085,0.000999054506838534,0.000780100614205699,121,0,1216,1215,0,0,0.0299070688831827,1.61886670918384e-06,0.000999054506838534
0.1217,0.095,0.0103357632391465,0.000999054506838534,0.000673459491071004,121,0,1217,1216,0,0,0.0300505943288473,2.56512913611506e-06,0.000999054506838534
0.1218,0.1,0.0118625947928738,0.000999054506838534,0.000579067451383811,121,0,1218,1217,0,0,0.0301945659854118,3.6762033691795e-06,0.000999054506838534
0.1219,0.105,0.0131725159744697,0.00174252930325225,0.000495550437451531,122,1,1219,1218,0,0,0.0303389843259296,4.92900251963e-06,0.00174252930325225
0.122,0.11,0.0142905573974328,0.00174252930325225,0.000421687975095674,122,0,1220,1219,0,0,0.0304838498215527,6.30309938740143e-06,0.00174252930325225
0.1221,0.115,0.0166785368607283,0.00174252930325225,0.0015336594518054,122,0,1221,1220,0,0,0.0306291629415281,7.82750046192105e-06,0.00174252930325225
0.1222,0.12,0.0216305965598896,0.00174252930325225,0.00251248771042723,122,0,1222,1221,0,0,0.0307749241531952,9.72057269511231e-06,0.00174252930325225
0.1223,0.125,0.027372054484429,0.00174252930325225,0.0021848301629199,122,0,1223,1222,0,0,0.0309211339219816,1.21747417939953e-05,0.00174252930325225
0.1224,0.13,0.0323314083280031,0.00174252930325225,0.00188347914838441,122,0,1224,1223,0,0,0.0310677927114001,1.51635641368164e-05,0.00174252930325225
0.1225,0.135,0.036598182635987,0.00174252930325225,0.00161677999126918,122,0,1225,1224,0,0,0.0312149009830453,1.86133344330152e-05,0.00174252930325225
0.1226,0.14,0.0402521355993783,0.00174252930325225,0.00138084493516369,122,0,1226,1225,0,0,0.0313624591965903,2.24588218279621e-05,0.00174252930325225
0.1227,0.145,0.043364074950016,0.00174252930325225,0.00117222078354703,122,0,1227,1226,0,0,0.0315104678097835,2.66423194004016e-05,0.00174252930325225
0.1228,0.15,0.0474364554207862,0.00174252930325225,0.00216510378940458,122,0,1228,1227,0,0,0.031658927278445,3.11598721152052e-05,0.00174252930325225
0.1229,0.155,0.052359893607092,0.00206999594672264,0.00186149193135169,123,1,1229,1228,0,0,0.0318078380564638,3.61536461016148e-05,0.00206999594672264
0.123,0.16,0.0565569036525962,0.00206999594672264,0.00158175586046302,123,0,1230,1229,0,0,0.0319572005957939,4.16030767529652e-05,0.00206999594672264
0.1231,0.165,0.0615510052922839,0.00206999594672264,0.00251177143944882,123,0,1231,1230,0,0,0.0321070153464516,4.74868161393885e-05,0.00206999594672264
0.1232,0.165768658976406,0.067251790072473,0.00206999594672264,0.00215261052527281,123,0,1232,1231,0,0,0.0322572827565122,5.39316535328951e-05,0.00206999594672264
0.1233,0.165768658976406,0.0720986149787433,0.00206999594672264,0.00182382118549677,123,0,1233,1232,0,0,0.0324080032721063,6.0903437319545e-05,0.00206999594672264
0.1234,0.165768658976406,0.0761903518797065,0.00206999594672264,0.00153328523547247,123,0,1234,1233,0,0,0.0325591773374173,6.8321748748753e-05,0.00206999594672264
0.1235,0.165768658976406,0.0810546363235323,0.00206999594672264,0.0024539667822691,123,0,1235,1234,0,0,0.0327108053946778,7.61625968556534e-05,0.00206999594672264
0.1236,0.165768658976406,0.0866044291484412,0.00206999594672264,0.00208676946037603,123,0,1236,1235,0,0,0.0328628878841663,8.45504867083552e-05,0.00206999594672264
0.1237,0.165768658976406,0.0912820694272198,0.00206999594672264,0.00175109198290816,123,0,1237,1236,0,0,0.0330154252442045,9.34492998678406e-05,0.00206999594672264
0.1238,0.165768658976406,0.0966286643238461,0.00206999594672264,0.00263194700512805,123,0,1238,1237,0,0,0.0331684179111538,0.000102824004097204,0.00206999594672264
0.1239,0.165768658976406,0.102569405641669,0.00150681693713087,0.00222963975916313,124,1,1239,1238,0,0,0.0333218663194124,0.000112789362775027,0.00150681693713087
0.124,0.165768658976406,0.107557485810769,0.00150681693713087,0.00186303747894533,124,0,1240,1239,0,0,0.0334757709014118,0.000123300669316616,0.00150681693713087
0.1241,0.165768658976406,0.111704044846597,0.00150681693713087,0.00153941735193428,124,0,1241,1240,0,0,0.0336301320876143,0.000134268254413991,0.00150681693713087
0.1242,0.165768658976406,0.115107997618048,0.00150681693713087,0.00125394311290374,124,0,1242,1241,0,0,0.0337849503065096,0.000145612960598924,0.00150681693713087
0.1243,0.165768658976406,0.117857125157191,0.00150681693713087,0.00100231931670385,124,0,1243,1242,0,0,0.0339402259846115,0.000157264959766054,0.00150681693713087
0.1244,0.165768658976406,0.121468916756632,0.00150681693713087,0.00195799435301704,124,0,1244,1243,0,0,0.0340959595464554,0.000169209775138924,0.00150681693713087
0.1245,0.165768658976406,0.125847302129646,0.00150681693713087,0.00162230217500993,124,0,1245,1244,0,0,0.0342521514145947,0.000181580467644968,0.00150681693713087
0.1246,0.165768658976406,0.129426580109167,0.00150681693713087,0.00131502387524468,124,0,1246,1245,0,0,0.0344088020095984,0.000194348621615793,0.00150681693713087
0.1247,0.165768658976406,0.132301101156916,0.00150681693713087,0.00104424846719372,124,0,1247,1246,0,0,0.0345659117500475,0.000207439075525268,0.00150681693713087
0.1248,0.165768658976406,0.135994456693605,0.00150681693713087,0.00198312431012488,124,0,1248,1247,0,0,0.0347234810525325,0.000220832667584299,0.00150681693713087
0.1249,0.165768658976406,0.140415987877813,0.000915487719773049,0.0016327189055201,125,1,1249,1248,0,0,0.0348815103316499,0.000234658349048775,0.000915487719773049
0.125,0.165768658976406,0.144004791611395,0.000915487719773049,0.00131257672036415,125,0,1250,1249,0,0,0.03504,0.000248884104754557,0.000915487719773049
0.1251,0.165768658976406,0.146859471716791,0.000915487719773049,0.00103057663645468,125,0,1251,1250,0,0,0.0351989504681832,0.000263431625984781,0.000915487719773049
0.1252,0.165768658976406,0.149067792288916,0.000915487719773049,0.000782416979800822,125,0,1252,1251,0,0,0.0353583621447976,0.000278231932186005,0.000915487719773049
0.1253,0.165768658976406,0.150707614510383,0.000915487719773049,0.000564277286982634,125,0,1253,1252,0,0,0.0355182354364357,0.000293224319233348,0.000915487719773049
0.1254,0.165768658976406,0.153287601506497,0.000915487719773049,0.00155002797607211,125,0,1254,1253,0,0,0.035678570747682,0.000308402497560108,0.000915487719773049
0.1255,0.165768658976406,0.156703828590118,0.000915487719773049,0.00124137799010198,125,0,1255,1254,0,0,0.0358393684811097,0.000323906881745867,0.000915487719773049
0.1256,0.165768658976406,0.15938360365825,0.000915487719773049,0.000958441622968458,125,0,1256,1255,0,0,0.0360006290372779,0.000339715667925716,0.000915487719773049
0.1257,0.165768658976406,0.161415053490723,0.000915487719773049,0.000709603968636265,125,0,1257,1256,0,0,0.0361623528147289,0.000355759646017449,0.000915487719773049
0.1258,0.165768658976406,0.162876630640094,0.000915487719773049,0.000491013055452254,125,0,1258,1257,0,0,0.0363245402099855,0.000371977945239569,0.000915487719773049
0.1259,0.165768658976406,0.165277517116198,0.000503723697989818,0.00147651135832881,126,1,1259,1258,0,0,0.0364871916175478,0.000388364164845222,0.000503723697989818
0.126,0.165768658976406,0.168514242839638,0.000503723697989818,0.00116778304461914,126,0,1260,1259,0,0,0.0366503074298906,0.000405058656876167,0.000503723697989818
0.1261,0.165768658976406,0.171014513327444,0.000503723697989818,0.000884920443330248,126,0,1261,1260,0,0,0.0368138880374608,0.000422039597512387,0.000503723697989818
0.1262,0.165768658976406,0.172866802463728,0.000503723697989818,0.000636289180966869,126,0,1262,1261,0,0,0.0369779338286742,0.000439237793927253,0.000503723697989818
0.1263,0.165768658976406,0.174149865138139,0.000503723697989818,0.000418020035797305,126,0,1263,1262,0,0,0.0371424451899133,0.000456592425044201,0.000503723697989818
0.1264,0.165768658976406,0.174933549061315,0.000503723697989818,0.000226676767357657,126,0,1264,1263,0,0,0.0373074225055242,0.000474050095564376,0.000503723697989818
0.1265,0.165768658976406,0.175279791605678,0.000503723697989818,5.92077386797794e-05,126,0,1265,1264,0,0,0.0374728661578137,0.000491563995576254,0.000503723697989818
0.1266,0.165768658976406,0.175243505265837,0.000503723697989818,-8.70970574323977e-05,126,0,1266,1265,0,0,0.0376387765270473,0.000509093154226096,0.000503723697989818
0.1267,0.165768658976406,0.176312961152673,0.000503723697989818,0.000962619261719901,126,0,1267,1266,0,0,0.0378051539914457,0.000526648849426604,0.000503723697989818
0.1268,0.165768658976406,0.17836611377553,0.000503723697989818,0.000710941965932743,126,0,1268,1267,0,0,0.0379719989271827,0.000544387138700223,0.000503723697989818
0.1269,0.165768658976406,0.179814167857924,0.000242285931947506,0.000478763832715522,127,1,1269,1268,0,0,0.0381393117083823,0.000562300150907155,0.000242285931947506
0.127,0.165768658976406,0.180730939375192,0.000242285931947506,0.000275161529333986,127,0,1270,1269,0,0,0.038307092707116,0.000580331088862791,0.000242285931947506
0.1271,0.165768658976406,0.181182162347589,0.000242285931947506,9.6897453156236e-05,127,0,1271,1270,0,0,0.0384753422934004,0.000598430143990421,0.000242285931947506
0.1272,0.165768658976406,0.181226117802298,0.000242285931947506,-5.89035674569953e-05,127,0,1272,1271,0,0,0.0386440608351944,0.000616553704821147,0.000242285931947506
0.1273,0.165768658976406,0.180914468185501,0.000242285931947506,-0.00019479477046665,127,0,1273,1272,0,0,0.0388132486983967,0.000634663653821607,0.000242285931947506
0.1274,0.165768658976406,0.181732595508449,0.000242285931947506,0.000864219998805736,127,0,1274,1273,0,0,0.0389829062468433,0.000652773815442852,0.000242285931947506
0.1275,0.165768658976406,0.183555885849798,0.000242285931947506,0.000620849742889886,127,0,1275,1274,0,0,0.0391530338423045,0.000671042521024862,0.000242285931947506
0.1276,0.165768658976406,0.184793260388023,0.000242285931947506,0.000396097162588578,127,0,1276,1275,0,0,0.0393236318444832,0.000689463930785003,0.000242285931947506
0.1277,0.165768658976406,0.185516504649563,0.000242285931947506,0.000199136585029085,127,0,1277,1276,0,0,0.0394947006110113,0.000707983063318989,0.000242285931947506
0.1278,0.165768658976406,0.185789547066339,0.000242285931947506,2.68171726882244e-05,127,0,1278,1277,0,0,0.0396662404974481,0.00072655173413772,0.000242285931947506
0.1279,0.165768658976406,0.185669062854332,0.000116438683768051,-0.000123659159019089,128,1,1279,1278,0,0,0.0398382518572773,0.000745127785386875,0.000116438683768051
0.128,0.165768658976406,0.18520528614347,0.000116438683768051,-0.000254777158248102,128,0,1280,1279,0,0,0.0400107350419046,0.000763674401527393,0.000116438683768051
0.1281,0.165768658976406,0.184442731358731,0.000116438683768051,-0.000368743250155579,128,0,1281,1280,0,0,0.0401836904006556,0.00078215950164733,0.000116438683768051
0.1282,0.165768658976406,0.18486043095919,0.000116438683768051,0.000709746792006124,128,0,1282,1281,0,0,0.0403571182807724,0.000800602272329158,0.000116438683768051
0.1283,0.165768658976406,0.186328130753804,0.000116438683768051,0.000483675634981219,128,0,1283,1282,0,0,0.0405310190274124,0.000819165807898319,0.000116438683768051
0.1284,0.165768658976406,0.187249741706335,0.000116438683768051,0.000274289071071556,128,0,1284,1283,0,0,0.040705392983645,0.000837848499340176,0.000116438683768051
0.1285,0.165768658976406,0.187692598802066,0.000116438683768051,9.09773666031866e-05,128,0,1285,1284,0,0,0.0408802404904493,0.000856599123253032,0.000116438683768051
0.1286,0.165768658976406,0.187716677090753,0.000116438683768051,-6.9218497442782e-05,128,0,1286,1285,0,0,0.0410555618867122,0.000875372833196188,0.000116438683768051
0.1287,0.165768658976406,0.187375140031825,0.000116438683768051,-0.000208926213561599,128,0,1287,1286,0,0,0.0412313575092255,0.000894130436321744,0.000116438683768051
0.1288,0.165768658976406,0.186715102294004,0.000116438683768051,-0.000330479170891803,128,0,1288,1287,0,0,0.0414076276926836,0.000912837750727115,0.000116438683768051
0.1289,0.165768658976406,0.187217904284038,5.97978161634048e-05,0.000741314086983863,129,1,1289,1288,0,0,0.0415843727696815,0.000931512107271183,5.97978161634048e-05
0.129,0.165768658976406,0.188755340147465,5.97978161634048e-05,0.000509336070301596,129,0,1290,1289,0,0,0.0417615930707122,0.000950314962243282,5.97978161634048e-05
0.1291,0.165768658976406,0.189733138603725,5.97978161634048e-05,0.0002947436107796,129,0,1291,1290,0,0,0.0419392889241643,0.000969243261784871,5.97978161634048e-05
0.1292,0.165768658976406,0.190220247595963,5.97978161634048e-05,0.000106847965022921,129,0,1292,1291,0,0,0.0421174606563199,0.000988244509086043,5.97978161634048e-05
0.1293,0.165768658976406,0.190278073242067,5.97978161634048e-05,-5.7380057975255e-05,129,0,1293,1292,0,0,0.0422961085913524,0.00100727273641039,5.97978161634048e-05
0.1294,0.165768658976406,0.189961048526795,5.97978161634048e-05,-0.00020063047236951,129,0,1294,1293,0,0,0.0424752330513239,0.00102628776456511,5.97978161634048e-05
0.1295,0.165768658976406,0.189317414175023,5.97978161634048e-05,-0.000325292015722499,129,0,1295,1294,0,0,0.042654834356183,0.00104525454501167,5.97978161634048e-05
0.1296,0.165768658976406,0.188389912267109,5.97978161634048e-05,-0.000433485815550187,129,0,1296,1295,0,0,0.0428349128237631,0.00106414257565854,5.97978161634048e-05
0.1297,0.165768658976406,0.188655999308972,5.97978161634048e-05,0.00065016813259341,129,0,1297,1296,0,0,0.0430154687697795,0.00108297245458913,5.97978161634048e-05
0.1298,0.165768658976406,0.189984019646343,5.97978161634048e-05,0.000428719830086898,129,0,1298,1297,0,0,0.0431965025078275,0.00110190853884348,5.97978161634048e-05
0.1299,0.170768658976406,0.190776637806262,5.48445048772599e-05,0.000223474883262738,130,1,1299,1298,0,0,0.0433780143493801,0.00112095034980199,5.48445048772599e-05
0.13,0.175768658976406,0.191100080064905,5.48445048772599e-05,4.3876705241257e-05,130,0,1300,1299,0,0,0.043560004603786,0.00114004767676742,5.48445048772599e-05
0.1301,0.180768658976406,0.191013335136448,5.48445048772599e-05,-0.000112986502178153,130,0,1301,1300,0,0,0.0437424735782674,0.00115915658131065,5.48445048772599e-05
0.1302,0.185768658976406,0.190568688874516,5.48445048772599e-05,-0.000249700474929606,130,0,1302,1301,0,0,0.0439254215779176,0.00117823868545099,5.48445048772599e-05
0.1303,0.190768658976406,0.189812474951622,5.48445048772599e-05,-0.000368561322006923,130,0,1303,1302,0,0,0.0441088489056993,0.00119726053926975,5.48445048772599e-05
0.1304,0.195768658976406,0.190225338616321,5.48445048772599e-05,0.000705655534970399,130,0,1304,1303,0,0,0.0442927558624421,0.00121624013184366,5.48445048772599e-05
0.1305,0.200768658976406,0.191678455139427,5.48445048772599e-05,0.000475862050070847,130,0,1305,1304,0,0,0.0444771427468405,0.0012353395120149,5.48445048772599e-05
0.1306,0.205768658976406,0.192577002152325,5.48445048772599e-05,0.000263241207861503,130,0,1306,1305,0,0,0.0446620098554521,0.00125455616001267,5.48445048772599e-05
0.1307,0.210768658976406,0.192989436738287,5.48445048772599e-05,7.71275098039085e-05,130,0,1307,1306,0,0,0.0448473574826952,0.00127383806104646,5.48445048772599e-05
0.1308,0.215768658976406,0.192976727683811,5.48445048772599e-05,-8.5487577374594e-05,130,0,1308,1307,0,0,0.0450331859208467,0.00129313968301554,5.48445048772599e-05
0.1309,0.220768658976406,0.192592918214083,0.000894899329804961,-0.000227275708433011,131,1,1309,1308,0,0,0.0452194954600405,0.00131242124103116,0.000894899329804961
0.131,0.225768658976406,0.191885901574547,0.000894899329804961,-0.000350609303309821,131,0,1310,1309,0,0,0.045406286388265,0.00133164804401734,0.000894899329804961
0.1311,0.230768658976406,0.192337706905451,0.000894899329804961,0.000719668437692293,131,0,1311,1310,0,0,0.0455935589913613,0.001350836986981,0.000894899329804961
0.1312,0.235768658976406,0.195260334302314,0.000894899329804961,0.00166367270099506,131,0,1312,1311,0,0,0.0457813135530216,0.00137019622769293,0.000894899329804961
0.1313,0.240768658976406,0.198894870780752,0.000894899329804961,0.00130725530214773,131,0,1313,1312,0,0,0.0459695503547862,0.00138990966299404,0.000894899329804961
0.1314,0.245768658976406,0.201683729114607,0.000894899329804961,0.000982493606258518,131,0,1314,1313,0,0,0.0461582696760426,0.00140994380368572,0.000894899329804961
0.1315,0.250768658976406,0.2037287036539,0.000894899329804961,0.000697098488412208,131,0,1315,1314,0,0,0.0463474717940231,0.00143021920732973,0.000894899329804961
0.1316,0.255768658976406,0.205120362484,0.000894899329804961,0.000446619249966329,131,0,1316,1315,0,0,0.0465371569838029,0.00145066605918436,0.000894899329804961
0.1317,0.260768658976406,0.207378624896082,0.000894899329804961,0.00140436668202346,131,0,1317,1316,0,0,0.0467273255182981,0.00147127015650887,0.000894899329804961
0.1318,0.265768658976406,0.210409534253738,0.000894899329804961,0.0010715528712901,131,0,1318,1317,0,0,0.046917977668264,0.00149216506128707,0.000894899329804961
0.1319,0.270768658976406,0.21264922280688,0.00147553672892655,0.00076785093127939,132,1,1319,1318,0,0,0.0471091137022931,0.00151332305611797,0.00147553672892655
0.132,0.275768658976406,0.214193626231588,0.00147553672892655,0.000501254281140209,132,0,1320,1319,0,0,0.0473007338868133,0.00153466984854667,0.00147553672892655
0.1321,0.280768658976406,0.216567701433451,0.00147553672892655,0.0014448266533587,132,0,1321,1320,0,0,0.0474928384860859,0.00155618729327703,0.00147553672892655
0.1322,0.285768658976406,0.221121557598992,0.00147553672892655,0.00227682413987036,132,0,1322,1321,0,0,0.0476854277622041,0.00157805255727043,0.00147553672892655
0.1323,0.290768658976406,0.226130110826418,0.00147553672892655,0.00182144728958262,132,0,1323,1322,0,0,0.0478785019750908,0.00160042214138032,0.00147553672892655
0.1324,0.295768658976406,0.230065801434332,0.00147553672892655,0.0014093068031138,132,0,1324,1323,0,0,0.0480720613824971,0.00162323835139832,0.00147553672892655
0.1325,0.300768658976406,0.23305707480201,0.00147553672892655,0.00104681088208905,132,0,1325,1324,0,0,0.04826610624,0.00164640037215819,0.00147553672892655
0.1326,0.305768658976406,0.23665774803172,0.00147553672892655,0.00190561523823726,132,0,1326,1325,0,0,0.0484606368010015,0.00166986660236843,0.00147553672892655
0.1327,0.310768658976406,0.240803952015827,0.00147553672892655,0.00148546193456585,132,0,1327,1326,0,0,0.0486556533167262,0.00169374640287061,0.00147553672892655
0.1328,0.315768658976406,0.24395852227409,0.00147553672892655,0.00110471841895092,132,0,1328,1327,0,0,0.0488511560362194,0.00171799069301087,0.00147553672892655
0.1329,0.320768658976406,0.24768068886279,0.00182931904063801,0.00194748187258762,133,1,1329,1328,0,0,0.0490471452063463,0.0017425534081363,0.00182931904063801
0.133,0.325768658976406,0.251911659571583,0.00182931904063801,0.00151324496110157,133,0,1330,1329,0,0,0.0492436210717889,0.00176753998511389,0.00182931904063801
0.1331,0.330768658976406,0.255118772683703,0.00182931904063801,0.00112015363838989,133,0,1331,1330,0,0,0.0494405838750458,0.00179289789801789,0.00182931904063801
0.1332,0.335768658976406,0.258865251131653,0.00182931904063801,0.00195210838189225,133,0,1332,1331,0,0,0.0496380338564294,0.00181857806145616,0.00182931904063801
0.1333,0.340768658976406,0.264535439722298,0.00182931904063801,0.00268569059246918,133,0,1333,1332,0,0,0.0498359712540647,0.00184473034046872,0.00182931904063801
0.1334,0.345768658976406,0.270434634791295,0.00182931904063801,0.00214361341569421,133,0,1334,1333,0,0,0.0500343963038878,0.00187148716289921,0.00182931904063801
0.1335,0.350768658976406,0.275062232686329,0.00182931904063801,0.00165516650003496,133,0,1335,1334,0,0,0.0502333092396437,0.00189876962667168,0.00182931904063801
0.1336,0.355768658976406,0.278570593615995,0.00182931904063801,0.00122558477845598,133,0,1336,1335,0,0,0.0504327102928855,0.0019264582508102,0.00182931904063801
0.1337,0.360768658976406,0.282534748536448,0.00182931904063801,0.00202548195401887,133,0,1337,1336,0,0,0.050632599692972,0.00195449502332874,0.00182931904063801
0.1338,0.365768658976406,0.288349240390862,0.00182931904063801,0.00273093811189379,133,0,1338,1337,0,0,0.0508329776670666,0.0019830219671362,0.00182931904063801
0.1339,0.370768658976406,0.2943284095989,0.00199521469012873,0.00216422118620555,134,1,1339,1338,0,0,0.0510338444401356,0.00201216462949215,0.00199521469012873
0.134,0.375768658976406,0.298979671698139,0.00199521469012873,0.00165422544218289,134,0,1340,1339,0,0,0.0512352002349466,0.0020418380803993,0.00199521469012873
0.1341,0.380768658976406,0.302462495923014,0.00199521469012873,0.00120583470031809,134,0,1341,1340,0,0,0.051437045272067,0.00207191756692589,0.00199521469012873
0.1342,0.385768658976406,0.306358214005831,0.00199521469012873,0.00198935086798802,134,0,1342,1341,0,0,0.0516393797698626,0.00210234047522464,0.00199521469012873
0.1343,0.390768658976406,0.312066951947232,0.00199521469012873,0.00268057716940015,134,0,1343,1342,0,0,0.0518422039444959,0.00213324482018328,0.00199521469012873
0.1344,0.395768658976406,0.317907995925748,0.00199521469012873,0.00210153570143708,134,0,1344,1343,0,0,0.0520455180099247,0.00216475266716869,0.00199521469012873
0.1345,0.400768658976406,0.322393141352967,0.00199521469012873,0.00158090244021419,134,0,1345,1344,0,0,0.0522493221779004,0.00219677607029523,0.00199521469012873
0.1346,0.405768658976406,0.327125331824693,0.00199521469012873,0.00230063080151378,134,0,1346,1345,0,0,0.0524536166579672,0.00222923474584714,0.00199521469012873
0.1347,0.410768658976406,0.332084553562011,0.00199521469012873,0.00175830955600686,134,0,1347,1346,0,0,0.0526584016574598,0.00226220403381627,0.00199521469012873
0.1348,0.415768658976406,0.335772540330874,0.00199521469012873,0.00127039375897388,134,0,1348,1347,0,0,0.0528636773815026,0.002295604967957,0.00199521469012873
0.1349,0.420768658976406,0.339783018015195,0.00218746256013962,0.00201928222250329,135,1,1349,1348,0,0,0.053069444033008,0.00232936526557674,0.00218746256013962
0.135,0.425768658976406,0.345527377543072,0.00218746256013962,0.00268022280021512,135,0,1350,1349,0,0,0.0532757018126749,0.00236361447017791,0.00218746256013962
0.1351,0.430768658976406,0.351334891563876,0.00218746256013962,0.00207474439848039,135,0,1351,1350,0,0,0.0534824509189878,0.00239846723768661,0.00218746256013962
0.1352,0.435768658976406,0.35572620664078,0.00218746256013962,0.00153108502067572,135,0,1352,1351,0,0,0.0536896915482149,0.00243382915410221,0.00218746256013962
0.1353,0.440768658976406,0.360312109342544,0.00218746256013962,0.00223080917000822,135,0,1353,1352,0,0,0.053897423894407,0.00246961430180649,0.00218746256013962
0.1354,0.445768658976406,0.3665191305863,0.00218746256013962,0.00284842369960476,135,0,1354,1353,0,0,0.0541056481493961,0.0025059401984726,0.00218746256013962
0.1355,0.450768658976406,0.372689977127738,0.00218746256013962,0.00220479939130425,135,0,1355,1354,0,0,0.0543143645027942,0.00254291090206957,0.00218746256013962
0.1356,0.455768658976406,0.377357214545971,0.00218746256013962,0.00162758973127167,135,0,1356,1355,0,0,0.0545235731419919,0.00258042266755634,0.00218746256013962
0.1357,0.460768658976406,0.382142202810203,0.00218746256013962,0.00229784009754334,135,0,1357,1356,0,0,0.054733274252157,0.00261838137023796,0.00218746256013962
0.1358,0.465768658976406,0.388480851185536,0.00218746256013962,0.00288959631417254,135,0,1358,1357,0,0,0.0549434680162334,0.00265689731771425,0.00218746256013962
0.1359,0.470768658976406,0.394724183465571,0.00221519237882351,0.00222331972994622,136,1,1359,1358,0,0,0.0551541546149398,0.0026960682421315,0.00221519237882351
0.136,0.475768658976406,0.399412139732145,0.00221519237882351,0.00162630021826858,136,0,1360,1359,0,0,0.0553653342267684,0.00273578485674233,0.00221519237882351
0.1361,0.480768658976406,0.404172617423912,0.00221519237882351,0.00227926025443455,136,0,1361,1360,0,0,0.0555770070279837,0.00277594819033465,0.00221519237882351
0.1362,0.485768658976406,0.41044731998116,0.00221519237882351,0.00285595893218662,136,0,1362,1361,0,0,0.0557891731926214,0.00281666432020932,0.00221519237882351
0.1363,0.489655407990719,0.416592405344503,0.00221519237882351,0.00217660299022298,136,0,1363,1362,0,0,0.056001832892487,0.00285802729430659,0.00221519237882351
0.1364,0.489655407990719,0.421152361648704,0.00221519237882351,0.00156825621062121,136,0,1364,1363,0,0,0.0562149862971547,0.00289992462549604,0.00221519237882351
0.1365,0.489655407990719,0.425759113961214,0.00221519237882351,0.00221144031972768,136,0,1365,1364,0,0,0.0564286335739665,0.00294225457071143,0.00221519237882351
0.1366,0.489655407990719,0.4318579312867,0.00221519237882351,0.00277973618515206,136,0,1366,1365,0,0,0.0566427748880304,0.00298512081483212,0.00221519237882351
0.1367,0.489655407990719,0.437808126904816,0.00221519237882351,0.00209319231359887,136,0,1367,1366,0,0,0.05685741040222,0.00302861534922046,0.00221519237882351
0.1368,0.489655407990719,0.443596576979149,0.00221519237882351,0.0026559953753259,136,0,1368,1367,0,0,0.0570725402771729,0.00307267099979765,0.00221519237882351
0.1369,0.489655407990719,0.450692494460197,0.00165619065429817,0.00315326478183645,137,1,1369,1368,0,0,0.0572881646712898,0.00311737179122256,0.00165619065429817
0.137,0.489655407990719,0.457476721775135,0.00165619065429817,0.00240399763329969,137,0,1370,1369,0,0,0.0575042837407334,0.00316279234217304,0.00165619065429817
0.1371,0.489655407990719,0.462515646795551,0.00165619065429817,0.00173418336350597,137,0,1371,1370,0,0,0.0577208976394273,0.00320880306410835,0.00165619065429817
0.1372,0.489655407990719,0.466021024186613,0.00165619065429817,0.00114612618045402,137,0,1372,1371,0,0,0.0579380065190549,0.00325524010517068,0.00165619065429817
0.1373,0.489655407990719,0.469620532855529,0.00165619065429817,0.0018078371809288,137,0,1373,1372,0,0,0.0581556105290582,0.00330200668131253,0.00165619065429817
0.1374,0.489655407990719,0.474755372767156,0.00165619065429817,0.00239308543234136,137,0,1374,1373,0,0,0.0583737098166373,0.00334921100569517,0.00165619065429817
0.1375,0.489655407990719,0.479781221644206,0.00165619065429817,0.00172208677137259,137,0,1375,1374,0,0,0.058592304526749,0.00339694921294074,0.00165619065429817
0.1376,0.489655407990719,0.483242108584788,0.00165619065429817,0.00112191325107029,137,0,1376,1375,0,0,0.0588113948021056,0.00344511085564428,0.00165619065429817
0.1377,0.489655407990719,0.486769518940399,0.00165619065429817,0.00177309417058772,137,0,1377,1376,0,0,0.0590309807831746,0.00349359618553186,0.00165619065429817
0.1378,0.489655407990719,0.491808299766199,0.00165619065429817,0.00234921739362246,137,0,1378,1377,0,0,0.0592510626081768,0.00354251083919473,0.00165619065429817
0.1379,0.489655407990719,0.49671735877507,0.000882413358785046,0.00167033786406885,138,1,1379,1378,0,0,0.0594716404130864,0.00359194871833451,0.000882413358785046
0.138,0.489655407990719,0.500043584693508,0.000882413358785046,0.00106338476502266,138,0,1380,1379,0,0,0.0596927143316294,0.00364179744692525,0.000882413358785046
0.1381,0.489655407990719,0.501981396784305,0.000882413358785046,0.000531497203468612,138,0,1381,1380,0,0,0.0599142844952825,0.00369190854494713,0.000882413358785046
0.1382,0.489655407990719,0.502703463984913,0.000882413358785046,6.61646524293927e-05,138,0,1382,1381,0,0,0.060136351033273,0.00374215189121541,0.000882413358785046
0.1383,0.489655407990719,0.503802460898144,0.000882413358785046,0.000837092729108485,138,0,1383,1382,0,0,0.060358914072577,0.00379246071478061,0.000882413358785046
0.1384,0.489655407990719,0.506688484626715,0.000882413358785046,0.00151955584818432,138,0,1384,1383,0,0,0.0605819737379193,0.00384296993844032,0.000882413358785046
0.1385,0.489655407990719,0.509689575886207,0.000882413358785046,0.000935107107776595,138,0,1385,1384,0,0,0.0608055301517722,0.00389379947114514,0.000882413358785046
0.1386,0.489655407990719,0.511325205576313,0.000882413358785046,0.000412006462545581,138,0,1386,1385,0,0,0.0610295834343544,0.00394486003155651,0.000882413358785046
0.1387,0.489655407990719,0.513205035838055,0.000882413358785046,0.00113183848037302,138,0,1387,1386,0,0,0.0612541337036308,0.00399607071972645,0.000882413358785046
0.1388,0.489655407990719,0.516754520202027,0.000882413358785046,0.00176912852495495,138,0,1388,1387,0,0,0.0614791810753112,0.00404755396091569,0.000882413358785046
0.1389,0.489655407990719,0.520315331345407,0.000446671792913178,0.00114476437898679,139,1,1389,1388,0,0,0.0617047256628495,0.00409941861511667,0.000446671792913178
0.139,0.489655407990719,0.522419040420395,0.000446671792913178,0.000586415041069462,139,0,1390,1389,0,0,0.0619307675774433,0.00415156563789696,0.000446671792913178
0.1391,0.489655407990719,0.523246452496647,0.000446671792913178,9.78768743828036e-05,139,0,1391,1390,0,0,0.0621573069280329,0.00420385843506919,0.000446671792913178
0.1392,0.489655407990719,0.522958135593066,0.000446671792913178,-0.000328776754197683,139,0,1392,1391,0,0,0.0623843438213005,0.00425617748626095,0.000446671792913178
0.1393,0.489655407990719,0.523136007731015,0.000446671792913178,0.000476678470503477,139,0,1393,1392,0,0,0.0626118783616694,0.00430846547911382,0.000446671792913178
0.1394,0.489655407990719,0.525180603763826,0.000446671792913178,0.00118997782706719,139,0,1394,1393,0,0,0.0628399106513038,0.00436086577965399,0.000446671792913178
0.1395,0.489655407990719,0.527411463275086,0.000446671792913178,0.000633083851127579,139,0,1395,1394,0,0,0.0630684407901074,0.0044135058374069,0.000446671792913178
0.1396,0.489655407990719,0.528340498678991,0.000446671792913178,0.000134620194749179,139,0,1396,1395,0,0,0.0632974688757231,0.00446630310908691,0.000446671792913178
0.1397,0.489655407990719,0.528131054218388,0.000446671792913178,-0.000300768758431955,139,0,1397,1396,0,0,0.0635269950035325,0.00451913564674497,0.000446671792913178
0.1398,0.489655407990719,0.528367786285805,0.000446671792913178,0.000497006940877141,139,0,1398,1397,0,0,0.0637570192666547,0.00457194400121632,0.000446671792913178
0.1399,0.494655407990719,0.530453658819993,0.000309777497071235,0.00120356326837586,140,1,1399,1398,0,0,0.0639875417559462,0.00462486965994183,0.000309777497071235
0.14,0.499655407990719,0.532710365848616,0.000309777497071235,0.000640756807791294,140,0,1400,1399,0,0,0.06421856256,0.00467803842290398,0.000309777497071235
0.1401,0.504655407990719,0.53365173028715,0.000309777497071235,0.00013711708676206,140,0,1401,1400,0,0,0.0644500817651451,0.00473136630040283,0.000309777497071235
0.1402,0.509655407990719,0.533442790222502,0.000309777497071235,-0.000302795083579925,140,0,1402,1401,0,0,0.0646820994554459,0.00478473007818602,0.000309777497071235
0.1403,0.514655407990719,0.533669703490128,0.000309777497071235,0.000491036015334496,140,0,1403,1402,0,0,0.0649146157127013,0.00483806920045602,0.000309777497071235
0.1404,0.519655407990719,0.535736764635863,0.000309777497071235,0.0011941604744514,140,0,1404,1403,0,0,0.0651476306164449,0.00489152418953915,0.000309777497071235
0.1405,0.524655407990719,0.537966846635861,0.000309777497071235,0.00062837637492209,140,0,1405,1404,0,0,0.0653811442439437,0.00494522000570677,0.000309777497071235
0.1406,0.529655407990719,0.538874816649354,0.000309777497071235,0.000122161265065411,140,0,1406,1405,0,0,0.0656151566701979,0.00499907193064214,0.000309777497071235
0.1407,0.534655407990719,0.538626637379827,0.000309777497071235,-0.000319970179877844,140,0,1407,1406,0,0,0.0658496679679404,0.0050529561198601,0.000309777497071235
0.1408,0.539655407990719,0.53880928506526,0.000309777497071235,0.000471956779894937,140,0,1408,1407,0,0,0.0660846782076362,0.00510681147442948,0.000309777497071235
0.1409,0.544655407990719,0.540827778374864,0.000972724467105835,0.00117345588858889,141,1,1409,1408,0,0,0.066320187457482,0.00516077805062217,0.000972724467105835
0.141,0.549655407990719,0.543005630753061,0.000972724467105835,0.000606292961572947,141,0,1410,1409,0,0,0.0665561957834058,0.00521498041084354,0.000972724467105835
0.1411,0.554655407990719,0.543858275522963,0.000972724467105835,9.89168699782847e-05,141,0,1411,1410,0,0,0.0667927032490661,0.00526933349920664,0.000972724467105835
0.1412,0.559655407990719,0.54499177232492,0.000972724467105835,0.000833080104046506,141,0,1412,1411,0,0,0.0670297099158521,0.00532376025942066,0.000972724467105835
0.1413,0.564655407990719,0.54782835912839,0.000972724467105835,0.00148345746236084,141,0,1413,1412,0,0,0.0672672158428825,0.00537838661968289,0.000972724467105835
0.1414,0.569655407990719,0.550706837236804,0.000972724467105835,0.000871069583698755,141,0,1414,1413,0,0,0.0675052210870058,0.0054333246387407,0.000972724467105835
0.1415,0.574655407990719,0.552156212237617,0.000972724467105835,0.00032370342593232,141,0,1415,1414,0,0,0.0677437257027994,0.00548847819921976,0.000972724467105835
0.1416,0.579655407990719,0.553794592172655,0.000972724467105835,0.00102252355686418,141,0,1416,1415,0,0,0.0679827297425696,0.00554376046363224,0.000972724467105835
0.1417,0.584655407990719,0.557054909937487,0.000972724467105835,0.00164168260925854,141,0,1417,1416,0,0,0.068222233256351,0.0055992887154842,0.000972724467105835
0.1418,0.589655407990719,0.560285459641445,0.000972724467105835,0.001001737436905,141,0,1418,1417,0,0,0.0684622362919063,0.00565516737763212,0.000972724467105835
0.1419,0.594655407990719,0.562023671927451,0.00149768463337304,0.000430063038941926,142,1,1419,1418,0,0,0.0687027388947257,0.00571129359218366,0.00149768463337304
0.142,0.599655407990719,0.563895131498278,0.00149768463337304,0.00110745809141542,142,0,1420,1419,0,0,0.0689437411080272,0.00576757457575612,0.00149768463337304
0.1421,0.604655407990719,0.567339405616418,0.00149768463337304,0.00170775028916386,142,0,1421,1420,0,0,0.0691852429727554,0.00582412237110032,0.00149768463337304
0.1422,0.609655407990719,0.572150271416793,0.00149768463337304,0.00222847110689503,142,0,1422,1421,0,0,0.0694272445275821,0.00588108385846522,0.00149768463337304
0.1423,0.614655407990719,0.576705201572772,0.00149768463337304,0.00150146194299887,142,0,1423,1422,0,0,0.0696697458089057,0.00593853938430664,0.00149768463337304
0.1424,0.619655407990719,0.579567805660387,0.00149768463337304,0.000852820722199664,142,0,1424,1423,0,0,0.0699127468508506,0.00599636479580399,0.00149768463337304
0.1425,0.624655407990719,0.582386907230452,0.00149768463337304,0.00146221180759735,142,0,1425,1424,0,0,0.0701562476852675,0.00605444848410196,0.00149768463337304
0.1426,0.629655407990719,0.58662270104239,0.00149768463337304,0.00200245543892231,142,0,1426,1425,0,0,0.0704002483417329,0.00611288585852167,0.00149768463337304
0.1427,0.634655407990719,0.590647675687026,0.00149768463337304,0.00129292506762907,142,0,1427,1426,0,0,0.0706447488475489,0.00617176203905543,0.00149768463337304
0.1428,0.639655407990719,0.593020731826733,0.00149768463337304,0.000659944555366022,142,0,1428,1427,0,0,0.0708897492277433,0.0062309571468441,0.00149768463337304
0.1429,0.644655407990719,0.59538650432436,0.00184478766429893,0.00128337900461627,143,1,1429,1428,0,0,0.0711352495050689,0.00629036340236605,0.00184478766429893
0.143,0.649655407990719,0.59920146151097,0.00184478766429893,0.00183622704937482,143,0,1430,1429,0,0,0.0713812497000039,0.00635007964874359,0.00184478766429893
0.1431,0.654655407990719,0.604274372970996,0.00184478766429893,0.00231528381929856,143,0,1431,1430,0,0,0.0716277498307513,0.00641024116034175,0.00184478766429893
0.1432,0.659655407990719,0.608996008763386,0.00184478766429893,0.00155173680617275,143,0,1432,1431,0,0,0.0718747499132391,0.0064709180913951,0.00184478766429893
0.1433,0.664655407990719,0.613381367068552,0.00184478766429893,0.00204836628887239,143,0,1433,1432,0,0,0.0721222499611202,0.00653202442307169,0.00184478766429893
0.1434,0.669655407990719,0.618924546496422,0.00184478766429893,0.00248904368793675,143,0,1434,1433,0,0,0.0723702499857719,0.00659362798405754,0.00184478766429893
0.1435,0.674655407990719,0.624028402721052,0.00184478766429893,0.00169165819589638,143,0,1435,1434,0,0,0.0726187499962963,0.00665578954059027,0.00184478766429893
0.1436,0.679655407990719,0.627278786386967,0.00184478766429893,0.000981215307464257,143,0,1436,1435,0,0,0.07286774999952,0.00671836772424398,0.00184478766429893
0.1437,0.684655407990719,0.630344247261628,0.00184478766429893,0.00153640919374747,143,0,1437,1436,0,0,0.0731172499999941,0.00678123580769363,0.00184478766429893
0.1438,0.689655407990719,0.634702473046223,0.00184478766429893,0.00202919860619849,143,0,1438,1437,0,0,0.0733672499999941,0.00684447594165436,0.00184478766429893
0.1439,0.694655407990719,0.640181058724813,0.00200973909943828,0.00245545507736118,144,1,1439,1438,0,0,0.07361774999952,0.00690820870915454,0.00200973909943828
0.144,0.699655407990719,0.645187473606566,0.00200973909943828,0.00164554587839464,144,0,1440,1439,0,0,0.0738687499962963,0.00697249134828517,0.00200973909943828
0.1441,0.704655407990719,0.649751526764252,0.00200973909943828,0.00210152272057443,144,0,1441,1440,0,0,0.0741202499857719,0.00703722649865809,0.00200973909943828
0.1442,0.709655407990719,0.655380450666083,0.00200973909943828,0.00250661012906344,144,0,1442,1441,0,0,0.0743722499611201,0.007102472043818,0.00200973909943828
0.1443,0.714655407990719,0.660488745691918,0.00200973909943828,0.00167812282159183,144,0,1443,1442,0,0,0.0746247499132391,0.00716828004306118,0.00200973909943828
0.1444,0.719655407990719,0.665112181218577,0.00200973909943828,0.00211781914969721,144,0,1444,1443,0,0,0.0748777498307512,0.00723454859119294,0.00200973909943828
0.1445,0.724655407990719,0.670763274760423,0.00200973909943828,0.00250866316799348,144,0,1445,1444,0,0,0.0751312497000039,0.00730133158888762,0.00200973909943828
0.1446,0.729655407990719,0.675861212143823,0.00200973909943828,0.00166773828624948,144,0,1446,1445,0,0,0.0753852495050689,0.00736867761080254,0.00200973909943828
0.1447,0.734655407990719,0.68044591566133,0.00200973909943828,0.00209659739412712,144,0,1447,1446,0,0,0.0756397492277432,0.00743648170876272,0.00200973909943828
0.1448,0.739655407990719,0.686033582852463,0.00200973909943828,0.00247802215466558,144,0,1448,1447,0,0,0.0758947488475489,0.00750479513187654,0.00200973909943828
0.1449,0.744655407990719,0.691046659727117,0.00207271825013901,0.00162893402386643,145,1,1449,1448,0,0,0.0761502483417329,0.00757366415004002,0.00207271825013901
0.145,0.749655407990719,0.695527955897881,0.00207271825013901,0.00205074203058296,145,0,1450,1449,0,0,0.0764062476852675,0.00764298181751055,0.00207271825013901
0.1451,0.754655407990719,0.700996225157991,0.00207271825013901,0.00242610016610115,145,0,1451,1450,0,0,0.0766627468508506,0.00771279765784383,0.00207271825013901
0.1452,0.759655407990719,0.707315772406861,0.00207271825013901,0.00274907958131839,145,0,1452,1451,0,0,0.0769197458089057,0.00778320352864286,0.00207271825013901
0.1453,0.764655407990719,0.712926632320676,0.00207271825013901,0.0018484486681164,145,0,1453,1452,0,0,0.0771772445275822,0.00785423140431148,0.00207271825013901
0.1454,0.769655407990719,0.716447901817077,0.00207271825013901,0.001047575881611,145,0,1454,1453,0,0,0.0774352429727554,0.007925714658995,0.00207271825013901
0.1455,0.774655407990719,0.719577608432049,0.00207271825013901,0.00152370159381604,145,0,1455,1454,0,0,0.0776937411080272,0.00799750444229919,0.00207271825013901
0.1456,0.779655407990719,0.723819571291307,0.00207271825013901,0.00194749376086811,145,0,1456,1455,0,0,0.0779527388947257,0.00806966356068758,0.00207271825013901
0.1457,0.784655407990719,0.729024545323479,0.00207271825013901,0.00231367756719045,145,0,1457,1456,0,0,0.0782122362919062,0.00814229571605351,0.00207271825013901
0.1458,0.789655407990719,0.735060117580175,0.00207271825013901,0.00262886547404335,145,0,1458,1457,0,0,0.078472233256351,0.00821549052059014,0.00207271825013901
0.1459,0.794655407990719,0.741809095262588,0.00213630904917892,0.00289892825791363,146,1,1459,1458,0,0,0.0787327297425696,0.00828932511367748,0.00213630904917892
0.146,0.799655407990719,0.747728201772297,0.00213630904917892,0.00195181492633173,146,0,1460,1459,0,0,0.0789937257027994,0.00836381852521944,0.00213630904917892
0.1461,0.804655407990719,0.751451336343695,0.00213630904917892,0.00111016612930097,146,0,1461,1460,0,0,0.0792552210870058,0.00843879275849422,0.00213630904917892
0.1462,0.809655407990719,0.754689653383357,0.00213630904917892,0.00155057588278304,146,0,1462,1461,0,0,0.0795172158428825,0.0085140889878811,0.00213630904917892
0.1463,0.814655407990719,0.758958611097809,0.00213630904917892,0.00194313824820414,146,0,1463,1462,0,0,0.0797797099158521,0.00858976128218481,0.00213630904917892
0.1464,0.819655407990719,0.764119282335652,0.00213630904917892,0.00228206871737628,146,0,1464,1463,0,0,0.0800427032490661,0.00866590570284484,0.00213630904917892
0.1465,0.824655407990719,0.770048398779588,0.00213630904917892,0.00257352713975044,146,0,1465,1464,0,0,0.0803061957834058,0.00874260519415379,0.00213630904917892
0.1466,0.829655407990719,0.776636870388968,0.00213630904917892,0.00282298238281459,146,0,1466,1465,0,0,0.080570187457482,0.0088199310894503,0.00213630904917892
0.1467,0.834655407990719,0.782348598253501,0.00213630904917892,0.00185802664137134,146,0,1467,1466,0,0,0.0808346782076361,0.00889789737616459,0.00213630904917892
0.1468,0.839655407990719,0.787263434175703,0.00213630904917892,0.00217824654714764,146,0,1468,1467,0,0,0.0810996679679404,0.00897636876386333,0.00213630904917892
0.1469,0.844655407990719,0.792932979420131,0.00219228172461773,0.00246467808246359,147,1,1469,1468,0,0,0.0813651566701979,0.00905536992383489,0.00219228172461773
0.147,0.849655407990719,0.799250661530237,0.00219228172461773,0.00270995538421557,147,0,1470,1469,0,0,0.0816311442439437,0.00913497095810223,0.00219228172461773
0.1471,0.854655407990719,0.806121926345302,0.00219228172461773,0.00291883377379758,147,0,1471,1470,0,0,0.0818976306164449,0.00921523190320794,0.00219228172461773
0.1472,0.859655407990719,0.812023568254252,0.00219228172461773,0.00191827178565535,147,0,1472,1471,0,0,0.0821646157127013,0.00929615682044181,0.00219228172461773
0.1473,0.864655407990719,0.817046873470553,0.00219228172461773,0.00220729316453457,147,0,1473,1472,0,0,0.0824320994554459,0.00937760170890563,0.00219228172461773
0.1474,0.865978786112096,0.822753582057927,0.00219228172461773,0.00246643415057033,147,0,1474,1473,0,0,0.0827000817651451,0.00945958360744695,0.00219228172461773
0.1475,0.865978786112096,0.829046109902531,0.00219228172461773,0.00268788504308198,147,0,1475,1474,0,0,0.0829685625600001,0.00954216594144326,0.00219228172461773
0.1476,0.865978786112096,0.834398273241777,0.00219228172461773,0.00169874419149629,147,0,1476,1475,0,0,0.0832375417559462,0.00962535584557751,0.00219228172461773
0.1477,0.865978786112096,0.838898701984402,0.00219228172461773,0.00199815949474315,147,0,1477,1476,0,0,0.0835070192666547,0.0097090121107795,0.00219228172461773
0.1478,0.865978786112096,0.844106765968409,0.00219228172461773,0.00226677767438293,147,0,1478,1477,0,0,0.0837769950035325,0.00979315431653324,0.00219228172461773
0.1479,0.865978786112096,0.849922765262666,0.00162371126708853,0.00249688720554358,148,1,1479,1478,0,0,0.0840474688757231,0.00987784820467363,0.00162371126708853
0.148,0.865978786112096,0.856258222655287,0.00162371126708853,0.0026929365570701,148,0,1480,1479,0,0,0.0843184407901074,0.00996315009863742,0.00162371126708853
0.1481,0.865978786112096,0.861595303370603,0.00162371126708853,0.00168161197647029,148,0,1481,1480,0,0,0.0845899106513038,0.0100490609186478,0.00162371126708853
0.1482,0.865978786112096,0.864590441296775,0.00162371126708853,0.000784432475109034,148,0,1482,1481,0,0,0.0848618783616694,0.0101353869557097,0.00162371126708853
0.1483,0.865978786112096,0.866974743679068,0.00162371126708853,0.00117699616375582,148,0,1483,1482,0,0,0.0851343438213005,0.0102219557950373,0.00162371126708853
0.1484,0.865978786112096,0.870281329735472,0.00162371126708853,0.00152851330309557,148,0,1484,1483,0,0,0.0854073069280329,0.0103088097958287,0.00162371126708853
0.1485,0.865978786112096,0.874386898851406,0.00162371126708853,0.00183241454824626,148,0,1485,1484,0,0,0.0856807675774434,0.0103960349732989,0.00162371126708853
0.1486,0.865978786112096,0.879182002841063,0.00162371126708853,0.00209416301194748,148,0,1486,1485,0,0,0.0859547256628495,0.0104837056969607,0.00162371126708853
0.1487,0.865978786112096,0.883130172121943,0.00162371126708853,0.00114134636473307,148,0,1487,1486,0,0,0.0862291810753112,0.010571838953959,0.00162371126708853
0.1488,0.865978786112096,0.886310877102451,0.00162371126708853,0.00147354696024818,148,0,1488,1487,0,0,0.0865041337036308,0.010660302415972,0.00162371126708853
0.1489,0.865978786112096,0.890275329007919,0.000919177991405086,0.00177179797155138,149,1,1489,1488,0,0,0.0867795834343544,0.0107491236778025,0.000919177991405086
0.149,0.865978786112096,0.894916559076154,0.000919177991405086,0.00202873119327035,149,0,1490,1489,0,0,0.0870555301517721,0.0108383757256643,0.000919177991405086
0.1491,0.865978786112096,0.898700015840659,0.000919177991405086,0.00107183755161337,149,0,1491,1490,0,0,0.0873319737379194,0.0109280743679453,0.000919177991405086
0.1492,0.865978786112096,0.900267268964307,0.000919177991405086,0.000223350723410183,149,0,1492,1491,0,0,0.087608914072577,0.011018039205674,0.000919177991405086
0.1493,0.865978786112096,0.901336206967141,0.000919177991405086,0.000659503754272634,149,0,1493,1492,0,0,0.087886351033273,0.0111081097307394,0.000919177991405086
0.1494,0.865978786112096,0.903428192581969,0.000919177991405086,0.00105007126276262,149,0,1494,1493,0,0,0.0881642844952825,0.011198338960958,0.000919177991405086
0.1495,0.865978786112096,0.906409468019041,0.000919177991405086,0.0013889852045053,149,0,1495,1494,0,0,0.0884427143316294,0.0112888224601131,0.000919177991405086
0.1496,0.865978786112096,0.908721686228184,0.000919177991405086,0.000504891495389972,149,0,1496,1495,0,0,0.0887216404130865,0.0113795960863872,0.000919177991405086
0.1497,0.865978786112096,0.910424876210257,0.000919177991405086,0.000898312238729677,149,0,1497,1496,0,0,0.0890010626081768,0.0114705443177448,0.000919177991405086
0.1498,0.865978786112096,0.913052971856177,0.000919177991405086,0.00125111578135249,149,0,1498,1497,0,0,0.0892809807831746,0.0115617097203821,0.000919177991405086
0.1499,0.870978786112096,0.916483649831639,0.00050166618353743,0.00155667574254515,150,1,1499,1498,0,0,0.0895613948021056,0.0116531786212485,0.00050166618353743
0.15,0.875978786112096,0.919168712215149,0.00050166618353743,0.00064314218058538,150,0,1500,1499,0,0,0.089842304526749,0.0117449787202437,0.00050166618353743
0.1501,0.880978786112096,0.91973759951567,0.00050166618353743,-0.00016666590842066,150,0,1501,1500,0,0,0.0901237098166373,0.0118369402218701,0.00050166618353743
0.1502,0.885978786112096,0.919897418737858,0.00050166618353743,0.000304004504111176,150,0,1502,1501,0,0,0.0904056105290582,0.0119289120766123,0.00050166618353743
0.1503,0.890978786112096,0.921159948618719,0.00050166618353743,0.000725390229746911,150,0,1503,1502,0,0,0.0906880065190549,0.0120209557431833,0.00050166618353743
0.1504,0.895978786112096,0.923382911401379,0.00050166618353743,0.00109183371825796,150,0,1504,1503,0,0,0.0909708976394273,0.0121131743215839,0.00050166618353743
0.1505,0.900978786112096,0.925000385361869,0.00050166618353743,0.000232345698693284,150,0,1505,1504,0,0,0.0912542837407334,0.0122056104019389,0.00050166618353743
0.1506,0.905978786112096,0.924626068552668,0.00050166618353743,-0.000529490452441031,150,0,1506,1505,0,0,0.0915381646712899,0.0122981074066302,0.00050166618353743
0.1507,0.910978786112096,0.923953085344587,0.00050166618353743,-1.62427215394122e-05,150,0,1507,1506,0,0,0.0918225402771729,0.0123905260186242,0.00050166618353743
0.1508,0.915978786112096,0.924480795238868,0.00050166618353743,0.000442928979196851,150,0,1508,1507,0,0,0.09210741040222,0.0124829381097804,0.00050166618353743
0.1509,0.920978786112096,0.92605589007437,0.00116507030722548,0.000842902907739764,151,1,1509,1508,0,0,0.0923927748880304,0.0125754560214418,0.00116507030722548
0.151,0.925978786112096,0.928542247109839,0.00116507030722548,0.00119042821374841,151,0,1510,1509,0,0,0.0926786335739664,0.0126681776167639,0.00116507030722548
0.1511,0.930978786112096,0.931819279325504,0.00116507030722548,0.00149149780024549,151,0,1511,1510,0,0,0.0929649862971547,0.0127611879310265,0.00116507030722548
0.1512,0.935978786112096,0.935780194358502,0.00116507030722548,0.00175143283750809,151,0,1512,1511,0,0,0.093251832892487,0.0128545606373045,0.00116507030722548
0.1513,0.940978786112096,0.938890852357069,0.00116507030722548,0.000797695482948697,151,0,1513,1512,0,0,0.0935391731926214,0.0129483122754115,0.00116507030722548
0.1514,0.945978786112096,0.941232763435592,0.00116507030722548,0.00112975572489811,151,0,1514,1513,0,0,0.0938270070279837,0.0130423102880441,0.00116507030722548
0.1515,0.950978786112096,0.944358921379558,0.00116507030722548,0.00142854820626702,151,0,1515,1514,0,0,0.0941153342267683,0.0131365822319834,0.00116507030722548
0.1516,0.955978786112096,0.948163912974035,0.00116507030722548,0.00168661704697901,151,0,1516,1515,0,0,0.0944041546149398,0.0132312012222202,0.00116507030722548
0.1517,0.960978786112096,0.951114541140078,0.00116507030722548,0.00073137586294481,151,0,1517,1516,0,0,0.0946934680162334,0.0133261833413055,0.00116507030722548
0.1518,0.965978786112096,0.953293146831771,0.00116507030722548,0.00106225137774404,151,0,1518,1517,0,0,0.094983274252157,0.0134213956633034,0.00116507030722548
0.1519,0.970978786112096,0.956253455352914,0.00151485238966648,0.00136014003960413,152,1,1519,1518,0,0,0.0952735731419919,0.0135168654544263,0.00151485238966648
0.152,0.975978786112096,0.959890697052792,0.00151485238966648,0.00161755202263285,152,0,1520,1519,0,0,0.0955643645027942,0.0136126656078082,0.00151485238966648
0.1521,0.980978786112096,0.964111835895688,0.00151485238966648,0.00183913312147266,152,0,1521,1520,0,0,0.0958556481493962,0.0137088591169977,0.00151485238966648
0.1522,0.985978786112096,0.968834529250271,0.00151485238966648,0.00202900804059209,152,0,1522,1521,0,0,0.096147423894407,0.0138055002118613,0.00151485238966648
0.1523,0.990978786112096,0.972546332767742,0.00151485238966648,0.00101357644978799,152,0,1523,1522,0,0,0.0964396915482149,0.0139025882949179,0.00151485238966648
0.1524,0.995978786112096,0.975348005489271,0.00151485238966648,0.00129136419841258,152,0,1524,1523,0,0,0.0967324509189878,0.0139999757176077,0.00151485238966648
0.1525,1.0009787861121,0.978809617220131,0.00151485238966648,0.0015424679063255,152,0,1525,1524,0,0,0.0970257018126749,0.0140976767606307,0.00151485238966648
0.1526,1.0059787861121,0.982840901380676,0.00151485238966648,0.00175868727473831,152,0,1526,1525,0,0,0.097319444033008,0.0141957528730901,0.00151485238966648
0.1527,1.0109787861121,0.987361689411806,0.00151485238966648,0.00194403709597142,152,0,1527,1526,0,0,0.0976136773815026,0.0142942569722332,0.00151485238966648
0.1528,1.0159787861121,0.990861458183515,0.00151485238966648,0.000924819566819933,152,0,1528,1527,0,0,0.0979084016574599,0.0143931873525974,0.00151485238966648
0.1529,1.0209787861121,0.993442663304239,0.00176711939647463,0.00119947375382193,153,1,1529,1528,0,0,0.0982036166579672,0.0144923954384257,0.00176711939647463
0.153,1.0259787861121,0.996676871754263,0.00176711939647463,0.00144801952508964,153,0,1530,1529,0,0,0.0984993221779004,0.0145918947428038,0.00176711939647463
0.1531,1.0309787861121,1.00047513740407,0.00176711939647463,0.00166218838428667,153,0,1531,1530,0,0,0.0987955180099247,0.0146917460880163,0.00176711939647463
0.1532,1.0359787861121,1.00475845521382,0.00176711939647463,0.00184593461046066,153,0,1532,1531,0,0,0.0990922039444959,0.0147920018886121,0.00176711939647463
0.1533,1.0409787861121,1.00945692168125,0.00176711939647463,0.0020027688108474,153,0,1533,1532,0,0,0.0993893797698626,0.0148927071181857,0.00176711939647463
0.1534,1.0459787861121,1.0145087134133,0.00176711939647463,0.00213580751335734,153,0,1534,1533,0,0,0.099687045272067,0.0149939001679615,0.00176711939647463
0.1535,1.05097878611209,1.0198591798744,0.00176711939647463,0.00224781721897275,153,0,1535,1534,0,0,0.0999852002349465,0.0150956136089997,0.00176711939647463
0.1536,1.05597878611209,1.02402044239667,0.00176711939647463,0.00116399158850297,153,0,1536,1535,0,0,0.100283844440136,0.0151978277963696,0.00176711939647463
0.1537,1.06097878611209,1.0271150484994,0.00176711939647463,0.00138178467981811,153,0,1537,1536,0,0,0.100582977667067,0.0153003783504292,0.00176711939647463
0.1538,1.06597878611209,1.03073239002968,0.00176711939647463,0.00158034199835095,153,0,1538,1537,0,0,0.100882599692972,0.0154032648751005,0.00176711939647463
0.1539,1.07097878611209,1.03479933268858,0.00196271444003125,0.00175061835999801,154,1,1539,1538,0,0,0.101182710292886,0.0155065359643597,0.00196271444003125
0.154,1.07597878611209,1.03925089527872,0.00196271444003125,0.00189587826668722,154,0,1540,1539,0,0,0.101483309239644,0.0156102332953576,0.00196271444003125
0.1541,1.08097878611209,1.0440296102479,0.00196271444003125,0.00201901975001359,154,0,1541,1540,0,0,0.101784396303888,0.0157143924265036,0.00196271444003125
0.1542,1.08597878611209,1.04908467999934,0.00196271444003125,0.00212261533764637,154,0,1542,1541,0,0,0.102085971254065,0.0158190435062349,0.00196271444003125
0.1543,1.09097878611209,1.05437122751861,0.00196271444003125,0.0022089484432286,154,0,1543,1542,0,0,0.102388033856429,0.0159242119021779,0.00196271444003125
0.1544,1.09597878611209,1.05984963078085,0.00196271444003125,0.00228004569097625,154,0,1544,1543,0,0,0.102690583875046,0.0160299187596018,0.00196271444003125
0.1545,1.10097878611209,1.06548493157861,0.00196271444003125,0.00233770562908162,154,0,1545,1544,0,0,0.102993621071789,0.0161361814970711,0.00196271444003125
0.1546,1.10597878611209,1.07124631045614,0.00196271444003125,0.002383524235302,154,0,1546,1545,0,0,0.103297145206346,0.0162430142463174,0.00196271444003125
0.1547,1.11097878611209,1.077106620365,0.00196271444003125,0.00241891757305659,154,0,1547,1546,0,0,0.103601156036219,0.0163504282425702,0.00196271444003125
0.1548,1.11597878611209,1.08160237763443,0.00196271444003125,0.00126788022950537,154,0,1548,1547,0,0,0.103905653316726,0.0164583850984678,0.00196271444003125
0.1549,1.12097878611209,1.08487776352105,0.00201349536066583,0.00142680061117116,155,1,1549,1548,0,0,0.104210636801002,0.0165667039920412,0.00201349536066583
0.155,1.12597878611209,1.0885413513874,0.00201349536066583,0.00157387862760306,155,0,1550,1549,0,0,0.10451610624,0.0166753701244325,0.00201349536066583
0.1551,1.13097878611209,1.0925370114046,0.00201349536066583,0.00169922911908091,155,0,1551,1550,0,0,0.104822061382497,0.0167844194950775,0.00201349536066583
0.1552,1.13597878611209,1.09681483325561,0.00201349536066583,0.00180537067935498,155,0,1552,1551,0,0,0.105128501975091,0.0168938827894081,0.00201349536066583
0.1553,1.14097878611209,1.10133070325251,0.00201349536066583,0.00189453899016442,155,0,1553,1552,0,0,0.105435427762204,0.017003785994511,0.00201349536066583
0.1554,1.14597878611209,1.10604565301887,0.00201349536066583,0.00196871844999956,155,0,1554,1553,0,0,0.105742838486086,0.0171141509459078,0.00201349536066583
0.1555,1.15097878611209,1.11092528099077,0.00201349536066583,0.00202967026944679,155,0,1555,1554,0,0,0.106050733886813,0.0172249958128787,0.00201349536066583
0.1556,1.15597878611209,1.11593923860147,0.00201349536066583,0.002078957427808,155,0,1556,1555,0,0,0.106359113702293,0.0173363355292026,0.00201349536066583
0.1557,1.16097878611209,1.12106077392346,0.00201349536066583,0.00211796684159961,155,0,1557,1556,0,0,0.106667977668264,0.017448182175416,0.00201349536066583
0.1558,1.16597878611209,1.12626632634865,0.00201349536066583,0.0021479290563729,155,0,1558,1557,0,0,0.106977325518298,0.0175605453180133,0.00201349536066583
0.1559,1.17097878611209,1.1315351666048,0.00212585614874178,0.00216993573850955,156,1,1559,1558,0,0,0.107287156983803,0.0176734323104036,0.00212585614874178
0.156,1.17597878611209,1.13684907704295,0.00212585614874178,0.00218495521274338,156,0,1560,1559,0,0,0.107597471794023,0.0177868485599028,0.00212585614874178
0.1561,1.18097878611209,1.14219206769648,0.00212585614874178,0.00219384626370905,156,0,1561,1560,0,0,0.107908269676043,0.0179007977645596,0.00212585614874178
0.1562,1.18597878611209,1.14755012411519,0.00212585614874178,0.00219737039543367,156,0,1562,1561,0,0,0.108219550354786,0.0180152821231932,0.00212585614874178
0.1563,1.19097878611209,1.15291098342396,0.00212585614874178,0.00219620272102712,156,0,1563,1562,0,0,0.108531313553022,0.0181303025216371,0.00212585614874178
0.1564,1.19597878611209,1.15826393545244,0.00212585614874178,0.00219094163558538,156,0,1564,1563,0,0,0.108843558991361,0.0182458586978569,0.00212585614874178
0.1565,1.20097878611209,1.16359964613422,0.00212585614874178,0.00218211740822928,156,0,1565,1564,0,0,0.109156286388265,0.0183619493883037,0.00212585614874178
0.1566,1.20597878611209,1.1689100006871,0.00212585614874178,0.00217019981401878,156,0,1566,1565,0,0,0.109469495460041,0.0184785724576068,0.00212585614874178
0.1567,1.21097878611209,1.17418796436392,0.00212585614874178,0.00215560491299546,156,0,1567,1566,0,0,0.109783185920847,0.0185957250134715,0.00212585614874178
0.1568,1.21597878611209,1.17942745881037,0.00212585614874178,0.00213870107162621,156,0,1568,1567,0,0,0.110097357482695,0.0187134035084398,0.00212585614874178
0.1569,1.22097878611209,1.18462325228559,0.00212707167491294,0.00211981431127853,157,1,1569,1568,0,0,0.110412009855452,0.0188316038299868,0.00212707167491294
0.157,1.22597878611209,1.18977086219623,0.00212707167491294,0.00209923305890462,157,0,1570,1569,0,0,0.11072714274684,0.0189503213802612,0.00212707167491294
0.1571,1.23097878611209,1.19486646856748,0.00212707167491294,0.00207721236671428,157,0,1571,1570,0,0,0.111042755862442,0.0190695511466303,0.00212707167491294
0.1572,1.23597878611209,1.19990683722883,0.00212707167491294,0.00205397766015669,157,0,1572,1571,0,0,0.111358848905699,0.0191892877640641,0.00212707167491294
0.1573,1.24097878611209,1.2048892516283,0.00212707167491294,0.00202972806690533,157,0,1573,1572,0,0,0.111675421577918,0.0193095255702723,0.00212707167491294
0.1574,1.24597878611209,1.20981145231069,0.00212707167491294,0.00200463937365417,157,0,1574,1573,0,0,0.111992473578267,0.0194302586544106,0.00212707167491294
0.1575,1.25097878611209,1.21467158320282,0.00212707167491294,0.00197886665230449,157,0,1575,1574,0,0,0.112310004603786,0.0195514809000777,0.00212707167491294
0.1576,1.25597878611209,1.21946814394469,0.00212707167491294,0.00195254659247739,157,0,1576,1575,0,0,0.11262801434938,0.0196731860232468,0.00212707167491294
0.1577,1.26097878611209,1.22419994759045,0.00212707167491294,0.00192579957316118,157,0,1577,1576,0,0,0.112946502507828,0.0197953676057007,0.00212707167491294
0.1578,1.26597878611209,1.22886608307846,0.00212707167491294,0.00189873150263786,157,0,1578,1577,0,0,0.11326546876978,0.0199180191244783,0.00212707167491294
0.1579,1.27097878611209,1.23346588193714,0.0022003924123883,0.00187143545257761,158,1,1579,1578,0,0,0.113584912823763,0.0200411339777814,0.0022003924123883
0.158,1.27398075597886,1.23799888875261,0.0022003924123883,0.00184399310929807,158,0,1580,1579,0,0,0.113904834356183,0.0201647055077429,0.0022003924123883
0.1581,1.27398075597886,1.24246483497717,0.0022003924123883,0.00181647606261657,158,0,1581,1580,0,0,0.114225233051324,0.0202887270204092,0.0022003924123883
0.1582,1.27398075597886,1.2468636157048,0.0022003924123883,0.00178894695044129,158,0,1582,1581,0,0,0.114546108591352,0.0204131918032544,0.0022003924123883
0.1583,1.27398075597886,1.25119526908149,0.0022003924123883,0.00176146047522065,158,0,1583,1582,0,0,0.11486746065632,0.0205380931405045,0.0022003924123883
0.1584,1.27398075597886,1.25545995805539,0.0022003924123883,0.00173406430656926,158,0,1584,1583,0,0,0.115189288924164,0.0206634243265207,0.0022003924123883
0.1585,1.27398075597886,1.25965795420476,0.0022003924123883,0.00170679988278967,158,0,1585,1584,0,0,0.115511593070712,0.0207891786774631,0.0022003924123883
0.1586,1.27398075597886,1.2637896234109,0.0022003924123883,0.00167970312258791,158,0,1586,1585,0,0,0.115834372769682,0.0209153495414299,0.0022003924123883
0.1587,1.27398075597886,1.26785541316938,0.0022003924123883,0.00165280505701926,158,0,1587,1586,0,0,0.116157627692684,0.0210419303072464,0.0022003924123883
0.1588,1.27398075597886,1.27185584135583,0.0022003924123883,0.001626132390579,158,0,1588,1587,0,0,0.116481357509225,0.0211689144120598,0.0022003924123883
0.1589,1.27398075597886,1.27579148628325,0.00154536968001626,0.00159970799935741,159,1,1589,1588,0,0,0.116805561886712,0.0212962953478739,0.00154536968001626
0.159,1.27398075597886,1.27966297790588,0.00154536968001626,0.0015735513732934,159,0,1590,1589,0,0,0.117130240490449,0.0214240666671491,0.00154536968001626
0.1591,1.27398075597886,1.28347099004099,0.00154536968001626,0.0015476790087756,159,0,1591,1590,0,0,0.117455392983645,0.0215522219875734,0.00154536968001626
0.1592,1.27398075597886,1.28721623349423,0.00154536968001626,0.0015221047571412,159,0,1592,1591,0,0,0.117781019027412,0.0216807549961013,0.00154536968001626
0.1593,1.27398075597886,1.29089944998706,0.00154536968001626,0.00149684013400337,159,0,1593,1592,0,0,0.118107118280772,0.0218096594523453,0.00154536968001626
0.1594,1.27398075597886,1.294521406796,0.00154536968001626,0.00147189459378671,159,0,1594,1593,0,0,0.118433690400656,0.0219389291913974,0.00154536968001626
0.1595,1.27398075597886,1.29808289202372,0.00154536968001626,0.0014472757733613,159,0,1595,1594,0,0,0.118760735041905,0.0220685581261449,0.00154536968001626
0.1596,1.27398075597886,1.30158471043071,0.00154536968001626,0.00142298970823103,159,0,1596,1595,0,0,0.119088251857277,0.0221985402491425,0.00154536968001626
0.1597,1.27398075597886,1.30502767976444,0.00154536968001626,0.00139904102434601,159,0,1597,1596,0,0,0.119416240497448,0.0223288696340925,0.00154536968001626
0.1598,1.27398075597886,1.30841262752983,0.00154536968001626,0.00137543310826566,159,0,1598,1597,0,0,0.119744700611011,0.0224595404369802,0.00154536968001626
0.1599,1.27898075597886,1.31174038815124,0.000984641135709072,0.00135216825809475,160,1,1599,1598,0,0,0.120073631844483,0.0225905468969059,0.000984641135709072
0.16,1.28398075597886,1.31501180048164,0.000984641135709072,0.0013292478173437,160,0,1600,1599,0,0,0.120403033842305,0.0227218833366512,0.000984641135709072
0.1601,1.28898075597886,1.31822770561981,0.000984641135709072,0.00130667229362433,160,0,1601,1600,0,0,0.120732906246843,0.0228535441630109,0.000984641135709072
0.1602,1.29398075597886,1.32138894500046,0.000984641135709072,0.00128444146387865,160,0,1602,1601,0,0,0.121063248698397,0.0229855238669214,0.000984641135709072
0.1603,1.29898075597886,1.32449635872637,0.000984641135709072,0.00126255446764841,160,0,1603,1602,0,0,0.121394060835194,0.0231178170234093,0.000984641135709072
0.1604,1.30398075597886,1.32755078411512,0.000984641135709072,0.00124100988972505,160,0,1604,1603,0,0,0.1217253422934,0.0232504182913854,0.000984641135709072
0.1605,1.30898075597886,1.33055305443571,0.000984641135709072,0.00121980583336948,160,0,1605,1604,0,0,0.122057092707116,0.0233833224133011,0.000984641135709072
0.1606,1.31398075597886,1.33350399781364,0.000984641135709072,0.00119893998515864,160,0,1606,1605,0,0,0.122389311708382,0.0235165242146888,0.000984641135709072
0.1607,1.31898075597886,1.33640443628499,0.000984641135709072,0.00117840967239748,160,0,1607,1606,0,0,0.122721998927183,0.0236500186035995,0.000984641135709072
0.1608,1.32398075597886,1.33925518498246,0.000984641135709072,0.00115821191393004,160,0,1608,1607,0,0,0.123055153991446,0.0237838005699521,0.000984641135709072
0.1609,1.32898075597886,1.34205705143816,0.00129233849310404,0.00113834346509022,161,1,1609,1608,0,0,0.123388776527047,0.023917865184808,0.00129233849310404
0.161,1.33398075597886,1.34481083498968,0.00129233849310404,0.00111880085745015,161,0,1610,1609,0,0,0.123722866157814,0.0240522075995808,0.00129233849310404
0.1611,1.33898075597886,1.34751732627745,0.00129233849310404,0.00109958043395022,161,0,1611,1610,0,0,0.124057422505524,0.0241868230451911,0.00129233849310404
0.1612,1.34398075597886,1.35017730682272,0.00129233849310404,0.00108067837992984,161,0,1612,1611,0,0,0.124392445189913,0.0243217068311753,0.00129233849310404
0.1613,1.34898075597886,1.35279154867686,0.00129233849310404,0.00106209075051987,161,0,1613,1612,0,0,0.124727933828674,0.024456854344756,0.00129233849310404
0.1614,1.35398075597886,1.35536081413345,0.00129233849310404,0.00104381349480599,161,0,1614,1613,0,0,0.125063888037461,0.0245922610498799,0.00129233849310404
0.1615,1.35898075597886,1.35788585549579,0.00129233849310404,0.00102584247712673,161,0,1615,1614,0,0,0.125400307429891,0.0247279224862304,0.00129233849310404
0.1616,1.36398075597886,1.36036741489326,0.00129233849310404,0.00100817349582908,161,0,1616,1615,0,0,0.125737191617548,0.0248638342682188,0.00129233849310404
0.1617,1.36898075597886,1.36280622414071,0.00129233849310404,0.000990802299768397,161,0,1617,1616,0,0,0.126074540209986,0.02499999208396,0.00129233849310404
0.1618,1.37398075597886,1.36520300463556,0.00129233849310404,0.000973724602807498,161,0,1618,1617,0,0,0.126412352814729,0.0251363916942353,0.00129233849310404
0.1619,1.37898075597885,1.36755846728813,0.00171526821067337,0.000956936096541054,162,1,1619,1618,0,0,0.126750629037278,0.025273028931447,0.00171526821067337
0.162,1.38398075597885,1.3698733124811,0.00171526821067337,0.000940432461446225,162,0,1620,1619,0,0,0.12708936848111,0.0254098996985677,0.00171526821067337
0.1621,1.38898075597885,1.37358782189623,0.00171526821067337,0.00210146859925164,162,0,1621,1620,0,0,0.127428570747682,0.0255470470404061,0.00171526821067337
0.1622,1.39398075597885,1.37853749543156,0.00171526821067337,0.00194477135365864,162,0,1622,1621,0,0,0.127768235436436,0.0256846542616235,0.00171526821067337
0.1623,1.39898075597885,1.38309599714444,0.00171526821067337,0.00179312209911428,162,0,1623,1622,0,0,0.128108362144798,0.0258227367411479,0.00171526821067337
0.1624,1.40398075597885,1.38730395389144,0.00171526821067337,0.00165727809220789,162,0,1624,1623,0,0,0.128448950468183,0.0259612573974248,0.00171526821067337
0.1625,1.40898075597885,1.39119777849823,0.00171526821067337,0.00153549348912506,162,0,1625,1624,0,0,0.12879,0.0261001830138992,0.00171526821067337
0.1626,1.41398075597885,1.39480986389585,0.00171526821067337,0.00142621711839838,162,0,1626,1625,0,0,0.12913151033165,0.0262394838123544,0.00171526821067337
0.1627,1.41898075597885,1.39816903132425,0.00171526821067337,0.00132807074179806,162,0,1627,1626,0,0,0.129473481052533,0.0263791330735513,0.00171526821067337
0.1628,1.42398075597885,1.40130092848561,0.00171526821067337,0.00123982974338739,162,0,1628,1627,0,0,0.129815911750048,0.0265191068001601,0.00171526821067337
0.1629,1.42898075597885,1.40422838323755,0.00197213463065276,0.00116040597551811,163,1,1629,1628,0,0,0.130158802009598,0.0266593834172638,0.00197213463065276
0.163,1.43398075597885,1.40841130911813,0.00197213463065276,0.00226609132009697,163,0,1630,1629,0,0,0.130502151414595,0.0267999905785386,0.00197213463065276
0.1631,1.43898075597885,1.41370262245753,0.00197213463065276,0.00206075860571079,163,0,1631,1630,0,0,0.130845959546455,0.0269410980488185,0.00197213463065276
0.1632,1.44398075597885,1.41849143620912,0.00197213463065276,0.00186642948120013,163,0,1632,1631,0,0,0.131190225984612,0.0270827093095372,0.00197213463065276
0.1633,1.44898075597885,1.4228320776872,0.00197213463065276,0.00169318691346131,163,0,1633,1632,0,0,0.13153495030651,0.0272247768382497,0.00197213463065276
0.1634,1.45398075597885,1.42677310795411,0.00197213463065276,0.00153868624781921,163,0,1634,1633,0,0,0.131880132087614,0.0273672582691864,0.00197213463065276
0.1635,1.45898075597885,1.43179728074047,0.00197213463065276,0.00257810309329913,163,0,1635,1634,0,0,0.132225770901412,0.0275101628924358,0.00197213463065276
0.1636,1.46398075597885,1.43777778362786,0.00197213463065276,0.00231431956913246,163,0,1636,1635,0,0,0.132571866319412,0.0276536442635463,0.00197213463065276
0.1637,1.46898075597885,1.44312171915793,0.00197213463065276,0.00206847665934789,163,0,1637,1636,0,0,0.132918417911154,0.0277976915666116,0.00197213463065276
0.1638,1.47398075597885,1.44789937711016,0.00197213463065276,0.00184987540480126,163,0,1638,1637,0,0,0.133265425244204,0.0279422446784543,0.00197213463065276
0.1639,1.47898075597885,1.45217348093183,0.00204490136301757,0.00165547669058617,164,1,1639,1638,0,0,0.133612887884166,0.0280872501379364,0.00204490136301757
0.164,1.48398075597885,1.45599975700116,0.00204490136301757,0.00148258080654319,164,0,1640,1639,0,0,0.133960805394678,0.0282326604030065,0.00204490136301757
0.1641,1.48898075597885,1.46086730668404,0.00204490136301757,0.0025060477738215,164,0,1641,1640,0,0,0.134309177337417,0.0283784802627255,0.00204490136301757
0.1642,1.49398075597885,1.46665493990458,0.00204490136301757,0.00222848043376596,164,0,1642,1641,0,0,0.134658003272106,0.0285248593697369,0.00204490136301757
0.1643,1.49898075597885,1.47177473757691,0.00204490136301757,0.00197077086820373,164,0,1643,1642,0,0,0.135007282756512,0.0286717835349698,0.00204490136301757
0.1644,1.50398075597885,1.47630139530681,0.00204490136301757,0.0017419994401495,164,0,1644,1643,0,0,0.135357015346452,0.0288191897310042,0.00204490136301757
0.1645,1.50898075597885,1.4817411248204,0.00204490136301757,0.0027161891417207,164,0,1645,1644,0,0,0.135707200595794,0.0289670690796681,0.00204490136301757
0.1646,1.51398075597885,1.48798792022911,0.00204490136301757,0.00239520004393584,164,0,1646,1645,0,0,0.136057838056464,0.0291155591801454,0.00204490136301757
0.1647,1.51898075597885,1.49346733589219,0.00204490136301757,0.00209926388144467,164,0,1647,1646,0,0,0.136408927278445,0.0292646352219667,0.00204490136301757
0.1648,1.52398075597885,1.4982660209174,0.00204490136301757,0.00183687474958289,164,0,1648,1647,0,0,0.136760467809783,0.0294142248269141,0.00204490136301757
0.1649,1.52898075597885,1.50246120052064,0.0020783870446825,0.00160427694512904,165,1,1649,1648,0,0,0.13711245919659,0.0295642638209548,0.0020783870446825
0.165,1.53398075597885,1.50756104333081,0.0020783870446825,0.00257539216104599,165,0,1650,1649,0,0,0.137464900983045,0.0297147423882956,0.0020783870446825
0.1651,1.53898075597885,1.51346126829432,0.0020783870446825,0.00225199143280917,165,0,1651,1650,0,0,0.1378177927114,0.0298657973744528,0.0020783870446825
0.1652,1.54398075597885,1.51858894871634,0.0020783870446825,0.00195422665513703,165,0,1652,1651,0,0,0.138171133921982,0.0300174033773946,0.0020783870446825
0.1653,1.54898075597885,1.52303206927961,0.0020783870446825,0.00169052137458962,165,0,1653,1652,0,0,0.138524924153195,0.0301694875699692,0.0020783870446825
0.1654,1.55398075597885,1.52830861821474,0.0020783870446825,0.00263431481664843,165,0,1654,1653,0,0,0.138879162941528,0.0303220325268224,0.0020783870446825
0.1655,1.55898075597885,1.53432302425447,0.0020783870446825,0.00228695024184893,165,0,1655,1654,0,0,0.139233849821553,0.0304751684098213,0.0020783870446825
0.1656,1.56398075597885,1.53951008488532,0.0020783870446825,0.00196819894194058,165,0,1656,1655,0,0,0.13958898432593,0.030628863954517,0.0020783870446825
0.1657,1.56898075597885,1.54396463309009,0.0020783870446825,0.00168614669614738,165,0,1657,1656,0,0,0.139944565985412,0.0307830411995311,0.0020783870446825
0.1658,1.57398075597885,1.54921072757394,0.0020783870446825,0.00261393254003847,165,0,1658,1657,0,0,0.140300594328847,0.0309376782308465,0.0020783870446825
0.1659,1.57898075597885,1.5551581774101,0.002068010358685,0.00225263389423968,166,1,1659,1658,0,0,0.140657068883183,0.0310929012938545,0.002068010358685
0.166,1.58398075597885,1.56024654760846,0.002068010358685,0.00192178526384404,166,0,1660,1659,0,0,0.141013989173467,0.0312486757147389,0.002068010358685
0.1661,1.58898075597885,1.56457489390555,0.002068010358685,0.00162926241450267,166,0,1661,1660,0,0,0.141371354722854,0.0314049205719962,0.002068010358685
0.1662,1.59398075597885,1.56967101404627,0.002068010358685,0.00254801766124806,166,0,1662,1661,0,0,0.141729165052607,0.0315616113893417,0.002068010358685
0.1663,1.59898075597885,1.57544802727424,0.002068010358685,0.00217896339849907,166,0,1663,1662,0,0,0.142087419682103,0.0317188722021325,0.002068010358685
0.1664,1.60398075597885,1.58034842801997,0.002068010358685,0.00184148686681645,166,0,1664,1663,0,0,0.142446118128832,0.0318766664383277,0.002068010358685
0.1665,1.60898075597885,1.58447386278121,0.002068010358685,0.00154333334314474,166,0,1665,1664,0,0,0.142805259908406,0.0320349115540357,0.002068010358685
0.1666,1.61398075597885,1.58935441942414,0.002068010358685,0.00245733904995701,166,0,1666,1665,0,0,0.143164844534558,0.0321935816944856,0.002068010358685
0.1667,1.61898075597885,1.59490524107567,0.002068010358685,0.00208431411387173,166,0,1667,1666,0,0,0.14352487151915,0.0323527997321005,0.002068010358685
0.1668,1.62398075597885,1.59957060975201,0.002068010358685,0.00174355422861354,166,0,1668,1667,0,0,0.143885340372171,0.0325125281223789,0.002068010358685
0.1669,1.62898075597885,1.60489333773653,0.00210715464800184,0.00261998022416117,167,1,1669,1668,0,0,0.144246250601746,0.0326727305893122,0.00210715464800184
0.167,1.63398075597885,1.61080013583664,0.00210715464800184,0.00221383652083316,167,0,1670,1669,0,0,0.144607601714135,0.0328335208131711,0.00210715464800184
0.1671,1.63898075597885,1.61574555069211,0.00210715464800184,0.00184391577571459,167,0,1671,1670,0,0,0.144969393213741,0.0329948531482947,0.00210715464800184
0.1672,1.64398075597885,1.62128150114161,0.00210715464800184,0.00269469204127738,167,0,1672,1671,0,0,0.145331624603109,0.0331566841855082,0.00210715464800184
0.1673,1.64898075597885,1.6273427767771,0.00210715464800184,0.00226601356175446,167,0,1673,1672,0,0,0.145694295382933,0.0333191213306682,0.00210715464800184
0.1674,1.65398075597885,1.63239109025427,0.00210715464800184,0.00187632053216275,167,0,1674,1673,0,0,0.14605740505206,0.0334821134255069,0.00210715464800184
0.1675,1.65898075597885,1.6365451269546,0.00210715464800184,0.00153251785012413,167,0,1675,1674,0,0,0.14642095310749,0.0336455651516813,0.00210715464800184
0.1676,1.66398075597885,1.64135007826642,0.00210715464800184,0.00240669477101757,167,0,1676,1675,0,0,0.146784939044382,0.0338094394861575,0.00210715464800184
0.1677,1.66898075597885,1.64817406176361,0.00210715464800184,0.00317625616123707,167,0,1677,1676,0,0,0.14714936235606,0.0339738966289043,0.00210715464800184
0.1678,1.67398075597885,1.65530804240031,0.00210715464800184,0.00266464648259125,167,0,1678,1677,0,0,0.14751422253401,0.034139077815693,0.00210715464800184
0.1679,1.67898075597885,1.66123875002658,0.00202747520313046,0.00220178956323072,168,1,1679,1678,0,0,0.147879519067893,0.0343049116036273,0.00202747520313046
0.168,1.68398075597885,1.66610734663561,0.00202747520313046,0.00179349057295664,168,0,1680,1679,0,0,0.14824525144554,0.0344712847782371,0.00202747520313046
0.1681,1.68898075597885,1.67003938052489,0.00202747520313046,0.00143360597633226,168,0,1681,1680,0,0,0.148611419152961,0.0346380974680075,0.00202747520313046
0.1682,1.69398075597885,1.67458584416097,0.00202747520313046,0.00229393494321527,168,0,1682,1681,0,0,0.148978021674348,0.0348053087143634,0.00202747520313046
0.1683,1.69898075597885,1.67968040220766,0.00202747520313046,0.00187437012874107,168,0,1683,1682,0,0,0.149345058492074,0.0349730282559892,0.00202747520313046
0.1684,1.70398075597885,1.68378374226616,0.00202747520313046,0.00149338920585385,168,0,1684,1683,0,0,0.149712529086706,0.0351412071600377,0.00202747520313046
0.1685,1.7046278688467,1.68845319918336,0.00202747520313046,0.00233518664824899,168,0,1685,1684,0,0,0.150080432937001,0.0353097993076381,0.00202747520313046
0.1686,1.7046278688467,1.69506792576433,0.00202747520313046,0.0030766207826832,168,0,1686,1685,0,0,0.150448769519912,0.0354789569763433,0.00202747520313046
0.1687,1.7046278688467,1.70192866417355,0.00202747520313046,0.00254065079574345,168,0,1687,1686,0,0,0.150817538310593,0.0356488145195136,0.00202747520313046
0.1688,1.7046278688467,1.70753080279116,0.00202747520313046,0.00205676827405781,168,0,1688,1687,0,0,0.151186738782402,0.0358192945331099,0.00202747520313046
0.1689,1.7046278688467,1.71202316801405,0.00159975824484581,0.00163039528236656,169,1,1689,1688,0,0,0.151556370406905,0.0359902786571634,0.00159975824484581
0.169,1.7046278688467,1.71553809075966,0.00159975824484581,0.00125504816312082,169,0,1690,1689,0,0,0.15192643265388,0.0361616625965785,0.00159975824484581
0.1691,1.7046278688467,1.71819297582647,0.00159975824484581,0.000924968520156333,169,0,1691,1690,0,0,0.15229692499132,0.0363333545357582,0.00159975824484581
0.1692,1.7046278688467,1.72153155813877,0.00159975824484581,0.00181229702234582,169,0,1692,1691,0,0,0.152667846885438,0.0365053208024382,0.00159975824484581
0.1693,1.7046278688467,1.72692062049669,0.00159975824484581,0.00259448693833196,169,0,1693,1692,0,0,0.153039197800672,0.0366777248077947,0.00159975824484581
0.1694,1.7046278688467,1.73264990495358,0.00159975824484581,0.00209502605336408,169,0,1694,1693,0,0,0.153410977199684,0.03685071087097,0.00159975824484581
0.1695,1.7046278688467,1.7372050155173,0.00159975824484581,0.00164387447397436,169,0,1695,1694,0,0,0.153783184543373,0.0370242105150975,0.00159975824484581
0.1696,1.7046278688467,1.74072607366413,0.00159975824484581,0.00124687109544251,169,0,1696,1695,0,0,0.154155819290867,0.037198113383427,0.00159975824484581
0.1697,1.7046278688467,1.74333766518908,0.00159975824484581,0.000897902625685359,169,0,1697,1696,0,0,0.154528880899539,0.0373723223620446,0.00159975824484581
0.1698,1.7046278688467,1.74658988845585,0.00159975824484581,0.00176879408787333,169,0,1698,1697,0,0,0.154902368825002,0.0375467991572015,0.00159975824484581
0.1699,1.7096278688467,1.75185516432284,0.00096094728001744,0.00253671945970916,170,1,1699,1698,0,0,0.155276282521118,0.0377217031582877,0.00096094728001744
0.17,1.7146278688467,1.75742823004456,0.00096094728001744,0.00202491854970412,170,0,1700,1699,0,0,0.15565062144,0.0378971751940066,0.00096094728001744
0.1701,1.7196278688467,1.76179911280056,0.00096094728001744,0.00156313027556491,170,0,1701,1700,0,0,0.156025385032017,0.0380731437677128,0.00096094728001744
0.1702,1.7246278688467,1.76511184870871,0.00096094728001744,0.00115699764645741,170,0,1702,1701,0,0,0.156400572745798,0.0382494959195074,0.00096094728001744
0.1703,1.7296278688467,1.76749448734724,0.00096094728001744,0.000800233466720538,170,0,1703,1702,0,0,0.156776184028234,0.0384261323010276,0.00096094728001744
0.1704,1.7346278688467,1.76906060471871,0.00096094728001744,0.000487254040839734,170,0,1704,1703,0,0,0.157152218324486,0.0386029656381188,0.00096094728001744
0.1705,1.7396278688467,1.76991092290019,0.00096094728001744,0.000213100571153333,170,0,1705,1704,0,0,0.157528675077985,0.0387799193652484,0.00096094728001744
0.1706,1.7446278688467,1.77157433375949,0.00096094728001744,0.00115062297516532,170,0,1706,1705,0,0,0.15790555373044,0.038956973484845,0.00096094728001744
0.1707,1.7496278688467,1.77396482811347,0.00096094728001744,0.000800653536551756,170,0,1707,1706,0,0,0.158282853721839,0.0391342566089196,0.00096094728001744
0.1708,1.7546278688467,1.77552899252911,0.00096094728001744,0.000485296974967877,170,0,1708,1707,0,0,0.158660574490456,0.0393117369311893,0.00096094728001744
0.1709,1.7596278688467,1.77636860081647,0.00135963819240569,0.000206311774530343,171,1,1709,1708,0,0,0.15903871547285,0.0394893370658106,0.00135963819240569
0.171,1.7646278688467,1.77801021499763,0.00135963819240569,0.00113960130819296,171,0,1710,1709,0,0,0.159417276103876,0.0396670359603559,0.00135963819240569
0.1711,1.7696278688467,1.78180885727706,0.00135963819240569,0.00196321042919986,171,0,1711,1710,0,0,0.159796255816686,0.0398450082632631,0.00135963819240569
0.1712,1.7746278688467,1.78604380252718,0.00135963819240569,0.00150112576015622,171,0,1712,1711,0,0,0.160175654042731,0.040023408420209,0.00135963819240569
0.1713,1.7796278688467,1.78919133237835,0.00135963819240569,0.00108374751188209,171,0,1713,1712,0,0,0.16055547021177,0.0402021770920064,0.00135963819240569
0.1714,1.7846278688467,1.79138326122836,0.00135963819240569,0.000717307230648231,171,0,1714,1713,0,0,0.160935703751869,0.0403812121785682,0.00135963819240569
0.1715,1.7896278688467,1.79417635605843,0.00135963819240569,0.00157329340477156,171,0,1715,1714,0,0,0.161316354089411,0.0405604711096489,0.00135963819240569
0.1716,1.7946278688467,1.79894893543855,0.00135963819240569,0.00232858427933839,171,0,1716,1715,0,0,0.161697420649094,0.0407401096260126,0.00135963819240569
0.1717,1.7996278688467,1.80400095376439,0.00135963819240569,0.0018061571727015,171,0,1717,1716,0,0,0.162078902853942,0.0409202654631451,0.00135963819240569
0.1718,1.8046278688467,1.80782704746117,0.00135963819240569,0.00133551491261171,171,0,1718,1717,0,0,0.162460800125303,0.0411008645222698,0.00135963819240569
0.1719,1.8096278688467,1.81057532035839,0.00162029443286839,0.000922092474835223,172,1,1719,1718,0,0,0.162843111882858,0.0412817916749039,0.00162029443286839
0.172,1.8146278688467,1.81237741103273,0.00162029443286839,0.000559418049896606,172,0,1720,1719,0,0,0.163225837544623,0.0414629457866994,0.00162029443286839
0.1721,1.8196278688467,1.81478964297749,0.00162029443286839,0.00141899635692931,172,0,1721,1720,0,0,0.163608976526953,0.0416442852070061,0.00162029443286839
0.1722,1.8246278688467,1.81918993013567,0.00162029443286839,0.00217772128718564,172,0,1722,1721,0,0,0.16399252824455,0.0418259665537699,0.00162029443286839
0.1723,1.8296278688467,1.82387785843269,0.00162029443286839,0.00165858415507035,172,0,1723,1722,0,0,0.164376492110461,0.0420081284010186,0.00162029443286839
0.1724,1.8346278688467,1.82734772672317,0.00162029443286839,0.0011910991347876,172,0,1724,1723,0,0,0.164760867536089,0.0421906974532549,0.00162029443286839
0.1725,1.8396278688467,1.83118691101409,0.00162029443286839,0.00195796377808345,172,0,1725,1724,0,0,0.165145653931193,0.0423736064248877,0.00162029443286839
0.1726,1.8446278688467,1.83680116827006,0.00162029443286839,0.00263471437712835,172,0,1726,1725,0,0,0.165530850703896,0.0425569892571758,0.00162029443286839
0.1727,1.8496278688467,1.84251480199368,0.00162029443286839,0.00204313642220318,172,0,1727,1726,0,0,0.165916457260685,0.0427409644739663,0.00162029443286839
0.1728,1.8546278688467,1.84684405160003,0.00162029443286839,0.00151167226876783,172,0,1728,1727,0,0,0.16630247300642,0.042925441061151,0.00162029443286839
0.1729,1.8596278688467,1.84995618376544,0.00181042749813366,0.00104481603569471,173,1,1729,1728,0,0,0.166688897344334,0.0431102890119939,0.00181042749813366
0.173,1.8646278688467,1.8534394162446,0.00181042749813366,0.00181251168262354,173,0,1730,1729,0,0,0.167075729676042,0.0432954411928315,0.00181042749813366
0.1731,1.8696278688467,1.85869996633291,0.00181042749813366,0.00249026868967833,173,0,1731,1730,0,0,0.167462969401543,0.0434810317466855,0.00181042749813366
0.1732,1.8746278688467,1.86406253626789,0.00181042749813366,0.00189984882795659,173,0,1732,1731,0,0,0.167850615919225,0.043667179442087,0.00181042749813366
0.1733,1.8796278688467,1.86804370842877,0.00181042749813366,0.0013696724297232,173,0,1733,1732,0,0,0.168238668625869,0.0438537935466906,0.00181042749813366
0.1734,1.8846278688467,1.87081104245838,0.00181042749813366,0.000904214639563177,173,0,1734,1733,0,0,0.168627126916655,0.0440407443672822,0.00181042749813366
0.1735,1.8896278688467,1.87395300485988,0.00181042749813366,0.00167340211868408,173,0,1735,1734,0,0,0.169015990185164,0.0442279651107944,0.00181042749813366
0.1736,1.8946278688467,1.87887602322153,0.00181042749813366,0.00235273010906765,173,0,1736,1735,0,0,0.169405257823386,0.0444155902837534,0.00181042749813366
0.1737,1.89962786884669,1.88390497741775,0.00181042749813366,0.00176394782425097,173,0,1737,1736,0,0,0.169794929221722,0.044603739037574,0.00181042749813366
0.1738,1.90462786884669,1.88755659733986,0.00181042749813366,0.00123546344608003,173,0,1738,1737,0,0,0.17018500376899,0.0447923210390586,0.00181042749813366
0.1739,1.90962786884669,1.89143814393662,0.00197799048235649,0.00194899230011672,174,1,1739,1738,0,0,0.170575480852429,0.0449812540794706,0.00197799048235649
0.174,1.91462786884669,1.89697300164289,0.00197799048235649,0.00257920137616004,174,0,1740,1739,0,0,0.170966359857705,0.0451706590513749,0.00197799048235649
0.1741,1.91962786884669,1.90250110043306,0.00197799048235649,0.00194710426232998,174,0,1741,1740,0,0,0.171357640168911,0.0453606430916422,0.00197799048235649
0.1742,1.92462786884669,1.90655252570482,0.00197799048235649,0.00138045490060224,174,0,1742,1741,0,0,0.171749321168579,0.0455511052720037,0.00197799048235649
0.1743,1.92962786884669,1.91074638774061,0.00197799048235649,0.00206038753814383,174,0,1743,1742,0,0,0.172141402237679,0.0457419540481579,0.00197799048235649
0.1744,1.93462786884669,1.91651658369026,0.00197799048235649,0.002661053979256,174,0,1744,1743,0,0,0.172533882755627,0.0459333020945358,0.00197799048235649
0.1745,1.93962786884669,1.92221237026624,0.00197799048235649,0.00200301027749554,174,0,1745,1744,0,0,0.172926762100286,0.0461252493212673,0.00197799048235649
0.1746,1.94462786884669,1.92637210522481,0.00197799048235649,0.00141360313227868,174,0,1746,1745,0,0,0.173320039647975,0.0463176884528021,0.00197799048235649
0.1747,1.94962786884669,1.93062223368993,0.00197799048235649,0.00207360511297689,174,0,1747,1746,0,0,0.173713714773471,0.0465105223774593,0.00197799048235649
0.1748,1.95462786884669,1.93640315618475,0.00197799048235649,0.00265684774995971,174,0,1748,1747,0,0,0.174107786850016,0.0467038588937746,0.00197799048235649
0.1749,1.95962786884669,1.94206989555815,0.00199283972111584,0.00198360269619286,175,1,1749,1748,0,0,0.17450225524932,0.0468977936490973,0.00199283972111584
0.175,1.96462786884669,1.94616591989373,0.00199283972111584,0.00138096317237958,175,0,1750,1749,0,0,0.174897119341564,0.0470922156486189,0.00199283972111584
0.1751,1.96962786884669,1.95032220112984,0.00199283972111584,0.00202947665214716,175,0,1751,1750,0,0,0.17529237849541,0.0472870245429717,0.00199283972111584
0.1752,1.97462786884669,1.95598314961341,0.00199283972111584,0.00260277573689873,175,0,1752,1751,0,0,0.175688032078002,0.0474823253195628,0.00199283972111584
0.1753,1.97962786884669,1.9615073401476,0.00199283972111584,0.0019209554640913,175,0,1753,1752,0,0,0.176084079454972,0.0476782111924769,0.00199283972111584
0.1754,1.98462786884669,1.965441385078,0.00199283972111584,0.0013109512901722,175,0,1754,1753,0,0,0.176480519990444,0.0478745690682725,0.00199283972111584
0.1755,1.98962786884669,1.96941903744903,0.00199283972111584,0.00195317061039274,175,0,1755,1754,0,0,0.17687735304704,0.048071296795039,0.00199283972111584
0.1756,1.99462786884669,1.9748871674838,0.00199283972111584,0.0025211226380015,175,0,1756,1755,0,0,0.177274577985885,0.0482684978195105,0.00199283972111584
0.1757,1.99962786884669,1.9802065259044,0.00199283972111584,0.00183479289252452,175,0,1757,1756,0,0,0.177672194166611,0.0484662640467488,0.00199283972111584
0.1758,2.00462786884669,1.9839256477248,0.00199283972111584,0.00122101863811005,175,0,1758,1757,0,0,0.178070200947362,0.0486644812791151,0.00199283972111584
0.1759,2.00962786884669,1.98767998264825,0.00209733560676304,0.00186012010410844,176,1,1759,1758,0,0,0.1784685976848,0.0488630464413566,0.00209733560676304
0.176,2.01462786884669,1.99291789817271,0.00209733560676304,0.00242553013817101,176,0,1760,1759,0,0,0.178867383734108,0.0490620622164417,0.00209733560676304
0.1761,2.01962786884669,1.99944104446536,0.00209733560676304,0.00291441427851721,176,0,1761,1760,0,0,0.179266558448999,0.0492616669583852,0.00209733560676304
0.1762,2.02462786884669,2.00563394302054,0.00209733560676304,0.00215830402135575,176,0,1762,1761,0,0,0.179666121181715,0.0494619332327677,0.00209733560676304
0.1763,2.02962786884669,2.01006650080663,0.00209733560676304,0.00148299073621915,176,0,1763,1762,0,0,0.180066071283038,0.0496627297735213,0.00209733560676304
0.1764,2.03462786884669,2.01439313163681,0.00209733560676304,0.00206786570302222,176,0,1764,1763,0,0,0.180466408102291,0.0498639384525925,0.00209733560676304
0.1765,2.03962786884669,2.02007903011323,0.00209733560676304,0.00258553799614392,176,0,1765,1764,0,0,0.180867130987344,0.050065648688639,0.00209733560676304
0.1766,2.04462786884669,2.02550119925292,0.00209733560676304,0.00185519377441456,176,0,1766,1765,0,0,0.181268239284621,0.0502679400864666,0.00209733560676304
0.1767,2.04962786884669,2.03066216034629,0.00209733560676304,0.00238020511860139,176,0,1767,1766,0,0,0.181669732339102,0.0504707347522444,0.00209733560676304
0.1768,2.05462786884669,2.03704495510709,0.00209733560676304,0.0028450167934203,176,0,1768,1767,0,0,0.18207160949433,0.0506741074626157,0.00209733560676304
0.1769,2.05962786884669,2.0430427033866,0.00203229084949239,0.00206802765355645,177,1,1769,1768,0,0,0.182473870092416,0.0508781248927837,0.00203229084949239
0.177,2.06462786884669,2.04723265291016,0.00203229084949239,0.00137466272089765,177,0,1770,1769,0,0,0.182876513474045,0.0510826506676249,0.00203229084949239
0.1771,2.06962786884669,2.05127571493245,0.00203229084949239,0.00194398797354275,177,0,1771,1770,0,0,0.183279538978477,0.0512875622415263,0.00203229084949239
0.1772,2.07462786884669,2.05664283500737,0.00203229084949239,0.0024483255318443,177,0,1772,1771,0,0,0.183682945943558,0.0514929452275987,0.00203229084949239
0.1773,2.07962786884669,2.06315568261673,0.00203229084949239,0.00288385300823046,177,0,1773,1772,0,0,0.184086733705721,0.0516989230386509,0.00203229084949239
0.1774,2.08462786884669,2.06921652630549,0.00203229084949239,0.00208122618073321,177,0,1774,1773,0,0,0.184490901599993,0.0519055551862289,0.00203229084949239
0.1775,2.08962786884669,2.07341100037551,0.00203229084949239,0.00136545559590147,177,0,1775,1774,0,0,0.18489544896,0.0521126990230305,0.00203229084949239
0.1776,2.09462786884669,2.0774074485046,0.00203229084949239,0.00191523914666497,177,0,1776,1775,0,0,0.185300375117971,0.0523202265217474,0.00203229084949239
0.1777,2.09962786884669,2.08268340304856,0.00203229084949239,0.00240257347821053,177,0,1777,1776,0,0,0.185705679404745,0.0525282185143125,0.00203229084949239
0.1778,2.10462786884669,2.08906637026716,0.00203229084949239,0.00282334651121763,177,0,1778,1777,0,0,0.186111361149774,0.052736794253183,0.00203229084949239
0.1779,2.10962786884669,2.09496378949647,0.00202157404458035,0.00200795749455823,178,1,1779,1778,0,0,0.186517419681133,0.0529460096395903,0.00202157404458035
0.178,2.11462786884669,2.09896587364306,0.00202157404458035,0.0012811877992635,178,0,1780,1779,0,0,0.186923854325518,0.0531557189031273,0.00202157404458035
0.1781,2.11962786884669,2.10274501744133,0.00202157404458035,0.00182153182515159,178,0,1781,1780,0,0,0.187330664408257,0.0533657913246054,0.00202157404458035
0.1782,2.12462786884669,2.10778233766891,0.00202157404458035,0.00230080698572909,178,0,1782,1781,0,0,0.187737849253315,0.0535763054255905,0.00202157404458035
0.1783,2.12962786884669,2.11390851164343,0.00202157404458035,0.00271474138641291,178,0,1783,1782,0,0,0.188145408183297,0.053787378485759,0.00202157404458035
0.1784,2.13462786884669,2.1195337828043,0.00202157404458035,0.00189359312979306,178,0,1784,1783,0,0,0.188553340519451,0.053999064732123,0.00202157404458035
0.1785,2.13962786884669,2.123250841556,0.00202157404458035,0.00116201685154455,178,0,1785,1784,0,0,0.188961645581683,0.0542112169840072,0.00202157404458035
0.1786,2.14462786884669,2.12673426842046,0.00202157404458035,0.00169839444723054,178,0,1786,1785,0,0,0.18937032268855,0.0544237033449749,0.00202157404458035
0.1787,2.14620074598226,2.1314671088586,0.00202157404458035,0.00217444496158141,178,0,1787,1786,0,0,0.189779371157274,0.0546366013649079,0.00202157404458035
0.1788,2.14620074598226,2.13728174164143,0.00202157404458035,0.00258580848422285,178,0,1788,1787,0,0,0.190188790303747,0.0548500275332096,0.00202157404458035
0.1789,2.14620074598226,2.14258991002921,0.00184340120223299,0.0017626657653263,179,1,1789,1788,0,0,0.190598579442529,0.055064035446566,0.00184340120223299
0.179,2.14620074598226,2.14742519736844,0.00184340120223299,0.00220684503094029,179,0,1790,1789,0,0,0.191008737886863,0.0552785245066127,0.00184340120223299
0.1791,2.14620074598226,2.15329816538528,0.00184340120223299,0.00260142989175572,179,0,1791,1790,0,0,0.191419264948675,0.0554935497126142,0.00184340120223299
0.1792,2.14620074598226,2.15862632100891,0.00184340120223299,0.00176361068972154,179,0,1792,1791,0,0,0.19183015993858,0.0557091605562139,0.00184340120223299
0.1793,2.14620074598226,2.16200850912069,0.00184340120223299,0.00101773273169294,179,0,1793,1792,0,0,0.192241422165887,0.0559252057767164,0.00184340120223299
0.1794,2.14620074598226,2.16512475266884,0.00184340120223299,0.00154190325895966,179,0,1794,1793,0,0,0.192653050938608,0.0561415499771608,0.00184340120223299
0.1795,2.14620074598226,2.1694678091325,0.00184340120223299,0.00201161121721818,179,0,1795,1794,0,0,0.193065045563461,0.0563582678794052,0.00184340120223299
0.1796,2.14620074598226,2.17487378079784,0.00184340120223299,0.00241379278743571,179,0,1796,1795,0,0,0.193477405345872,0.0565754740766072,0.00184340120223299
0.1797,2.14620074598226,2.17975263453736,0.00184340120223299,0.0015829286895568,179,0,1797,1796,0,0,0.193890129589988,0.0567932200998675,0.00184340120223299
0.1798,2.14620074598226,2.18414140227574,0.00184340120223299,0.00202071205278724,179,0,1798,1797,0,0,0.194303217598678,0.0570114034597509,0.00184340120223299
0.1799,2.15120074598226,2.18955368919918,0.0010918577193963,0.00241007183359858,180,1,1799,1798,0,0,0.194716668673537,0.0572300775888225,0.0010918577193963
0.18,2.15620074598226,2.19440968987628,0.0010918577193963,0.00156806114958899,180,0,1800,1799,0,0,0.195130482114897,0.0574492906984053,0.0010918577193963
0.1801,2.16120074598226,2.19731061791272,0.0010918577193963,0.000818900967533371,180,0,1801,1800,0,0,0.195544657221828,0.0576688905001999,0.0010918577193963
0.1802,2.16620074598226,2.19849900818786,0.0010918577193963,0.000163346355597293,180,0,1802,1801,0,0,0.195959193292143,0.0578886937204363,0.0010918577193963
0.1803,2.17120074598226,2.19962972834706,0.0010918577193963,0.000768011683199845,180,0,1803,1802,0,0,0.196374089622411,0.0581085870503072,0.0010918577193963
0.1804,2.17620074598226,2.20216800502993,0.0010918577193963,0.00130546949867863,180,0,1804,1803,0,0,0.196789345507953,0.0583286647364807,0.0010918577193963
0.1805,2.18120074598226,2.20593036032675,0.0010918577193963,0.0017721156306682,180,0,1805,1804,0,0,0.197204960242852,0.0585490582823796,0.0010918577193963
0.1806,2.18620074598226,2.2093144242794,0.0010918577193963,0.000998805058299631,180,0,1806,1805,0,0,0.197620933119962,0.0587698348009999,0.0010918577193963
0.1807,2.19120074598226,2.21090164003281,0.0010918577193963,0.000310715980741917,180,0,1807,1806,0,0,0.198037263430907,0.0589908588054267,0.0010918577193963
0.1808,2.19620074598226,2.21235654642408,0.0010918577193963,0.000886695583645048,180,0,1808,1807,0,0,0.198453950466093,0.0592120090291182,0.0010918577193963
0.1809,2.20120074598226,2.21515322743376,0.00147655188607449,0.00139888356840735,181,1,1809,1808,0,0,0.198870993514709,0.059433372702059,0.00147655188607449
0.181,2.20620074598226,2.21911606504574,0.00147655188607449,0.00184329051128821,181,0,1810,1809,0,0,0.199288391864736,0.0596550751463815,0.00147655188607449
0.1811,2.21120074598226,2.22408923207328,0.00147655188607449,0.00222767037589409,181,0,1811,1810,0,0,0.19970614480295,0.0598772251066014,0.00147655188607449
0.1812,2.21620074598226,2.22849518091727,0.00147655188607449,0.00138166771751203,181,0,1812,1811,0,0,0.20012425161493,0.0600998695741185,0.00147655188607449
0.1813,2.22120074598226,2.23093738798816,0.00147655188607449,0.000629383602183248,181,0,1813,1812,0,0,0.200542711585064,0.060322855281888,0.00147655188607449
0.1814,2.22620074598226,2.23309994558745,0.00147655188607449,0.00114870849542998,181,0,1814,1813,0,0,0.200961523996551,0.0605460452613646,0.00147655188607449
0.1815,2.23120074598226,2.23647429116242,0.00147655188607449,0.00161093443033541,181,0,1815,1814,0,0,0.201380688131412,0.0607695128847578,0.00147655188607449
0.1816,2.23620074598226,2.24090020749213,0.00147655188607449,0.00201131809585249,181,0,1816,1815,0,0,0.201800203270493,0.0609933712532077,0.00147655188607449
0.1817,2.24120074598226,2.24479596514834,0.00147655188607449,0.00117970463517557,181,0,1817,1816,0,0,0.202220068693472,0.061217671271168,0.00147655188607449
0.1818,2.24620074598226,2.24820088572348,0.00147655188607449,0.00161761067048861,181,0,1818,1817,0,0,0.202640283678862,0.0614423102612299,0.00147655188607449
0.1819,2.25120074598226,2.25263056896268,0.00168224999483036,0.00200785723335555,182,1,1819,1818,0,0,0.203060847504022,0.0616673416817742,0.00168224999483036
0.182,2.25620074598226,2.25650695610123,0.00168224999483036,0.00116740194226731,182,0,1820,1819,0,0,0.203481759445156,0.0618928139568738,0.00168224999483036
0.1821,2.26120074598226,2.25987234607053,0.00168224999483036,0.0015976128493311,182,0,1821,1820,0,0,0.203903018777327,0.0621186222457775,0.00168224999483036
0.1822,2.26620074598226,2.26424497590217,0.00168224999483036,0.00198118066785566,182,0,1822,1821,0,0,0.204324624774457,0.062344818124053,0.00168224999483036
0.1823,2.27120074598226,2.26948869033401,0.00168224999483036,0.00231218548438307,182,0,1823,1822,0,0,0.204746576709335,0.0625714954530257,0.00168224999483036
0.1824,2.27620074598226,2.27404311469399,0.00168224999483036,0.00141942867247761,182,0,1824,1823,0,0,0.205168873853623,0.0627986881668221,0.00168224999483036
0.1825,2.28120074598226,2.27796651781047,0.00168224999483036,0.00180349602305893,182,0,1825,1824,0,0,0.20559151547786,0.0630262786317136,0.00168224999483036
0.1826,2.28620074598226,2.28279130836081,0.00168224999483036,0.00214638564813095,182,0,1826,1825,0,0,0.206014500851473,0.0632543071364422,0.00168224999483036
0.1827,2.29120074598226,2.28695434217333,0.00168224999483036,0.00126432435288492,182,0,1827,1826,0,0,0.206437829242777,0.0634828105206938,0.00168224999483036
0.1828,2.29620074598226,2.29051114565677,0.00168224999483036,0.00165802727337252,182,0,1828,1827,0,0,0.206861499918985,0.0637116737656929,0.00168224999483036
0.1829,2.30120074598226,2.29499168493022,0.00181794284379152,0.00200960913080568,183,1,1829,1828,0,0,0.207285512146212,0.0639409395159947,0.00181794284379152
0.183,2.30620074598226,2.3002702063793,0.00181794284379152,0.00231263722880424,183,0,1830,1829,0,0,0.207709865189483,0.0641706938078284,0.00181794284379152
0.1831,2.31120074598226,2.30479555813291,0.00181794284379152,0.00139545887277989,183,0,1831,1830,0,0,0.208134558312737,0.0644009637308409,0.00181794284379152
0.1832,2.31620074598226,2.30863418177152,0.00181794284379152,0.00175825268583591,183,0,1832,1831,0,0,0.208559590778834,0.0646316256761742,0.00181794284379152
0.1833,2.32120074598226,2.31332572621614,0.00181794284379152,0.00208265916272901,183,0,1833,1832,0,0,0.208984961849563,0.0648627147275477,0.00181794284379152
0.1834,2.32620074598226,2.31875302806312,0.00181794284379152,0.0023618236924367,183,0,1834,1833,0,0,0.209410670785643,0.0650943102734885,0.00181794284379152
0.1835,2.33120074598226,2.32337255530466,0.00181794284379152,0.00142371964573105,183,0,1835,1834,0,0,0.209836716846735,0.0653264335659545,0.00181794284379152
0.1836,2.33620074598226,2.32725750574268,0.00181794284379152,0.00176819123548782,183,0,1836,1835,0,0,0.210263099291446,0.0655589558768313,0.00181794284379152
0.1837,2.34120074598226,2.33195351750738,0.00181794284379152,0.00207658430285089,183,0,1837,1836,0,0,0.210689817377331,0.0657919078074273,0.00181794284379152
0.1838,2.34620074598226,2.33734873721866,0.00181794284379152,0.00234178181404419,183,0,1838,1837,0,0,0.211116870360907,0.0660253648285052,0.00181794284379152
0.1839,2.35120074598226,2.34190433975849,0.00188257608101455,0.00139152489326544,184,1,1839,1838,0,0,0.211544257497652,0.0662593447747916,0.00188257608101455
0.184,2.35620074598226,2.34569769231611,0.00188257608101455,0.00172544914659528,184,0,1840,1839,0,0,0.211971978042018,0.0664937159445431,0.00188257608101455
0.1841,2.36120074598226,2.35027812509159,0.00188257608101455,0.00202471755944351,184,0,1841,1840,0,0,0.21240003124743,0.0667285063582263,0.00188257608101455
0.1842,2.36620074598226,2.35553705495567,0.00188257608101455,0.00228204996269647,184,0,1842,1841,0,0,0.212828416366296,0.0669637892536884,0.00188257608101455
0.1843,2.37120074598226,2.35993855251238,0.00188257608101455,0.00132504344302646,184,0,1843,1842,0,0,0.213257132650016,0.0671995805408374,0.00188257608101455
0.1844,2.37620074598226,2.3635625461842,0.00188257608101455,0.00165320329764338,184,0,1844,1843,0,0,0.213686179348983,0.0674357468658484,0.00188257608101455
0.1845,2.38120074598226,2.36796063041091,0.00188257608101455,0.00194757925594574,184,0,1845,1844,0,0,0.214115555712592,0.0676723148381805,0.00188257608101455
0.1846,2.38620074598226,2.37302622469725,0.00188257608101455,0.00220078981647262,184,0,1846,1845,0,0,0.214545260989246,0.0679093564979058,0.00188257608101455
0.1847,2.39120074598226,2.37866473046265,0.00188257608101455,0.00241757639980538,184,0,1847,1846,0,0,0.214975294426361,0.0681469338169702,0.00188257608101455
0.1848,2.39620074598226,2.38335290214193,0.00188257608101455,0.00142491508143903,184,0,1848,1847,0,0,0.215405655270377,0.0683850527872005,0.00188257608101455
0.1849,2.40120074598226,2.3871819185739,0.00198114946531917,0.00172175650905035,185,1,1849,1848,0,0,0.215836342766757,0.0686235713327703,0.00198114946531917
0.185,2.40620074598226,2.39171335152616,0.00198114946531917,0.00198866093332655,185,0,1850,1849,0,0,0.21626735616,0.0688625084018345,0.00198114946531917
0.1851,2.41120074598226,2.39684946982492,0.00198114946531917,0.00221781113497241,185,0,1851,1850,0,0,0.216698694693644,0.069101929313965,0.00198114946531917
0.1852,2.41620074598226,2.40250352115644,0.00198114946531917,0.00241356158091737,185,0,1852,1851,0,0,0.217130357610271,0.0693418901548964,0.00198114946531917
0.1853,2.42120074598226,2.40716526576541,0.00198114946531917,0.00140749827193465,185,0,1853,1852,0,0,0.21756234415152,0.0695823919676183,0.00198114946531917
0.1854,2.42620074598226,2.41093138526331,0.00198114946531917,0.00168778252883766,185,0,1854,1853,0,0,0.217994653558085,0.069823288973932,0.00198114946531917
0.1855,2.43120074598226,2.41536207347635,0.00198114946531917,0.00194025050820857,185,0,1855,1854,0,0,0.218427285069726,0.0700645962964248,0.00198114946531917
0.1856,2.43620074598226,2.42036459723528,0.00198114946531917,0.00215689038552279,185,0,1856,1855,0,0,0.218860237925276,0.0703063757222717,0.00198114946531917
0.1857,2.44120074598226,2.42585663232235,0.00198114946531917,0.00234183626784343,185,0,1857,1856,0,0,0.219293511362646,0.0705486802758993,0.00198114946531917
0.1858,2.44620074598226,2.43176536966329,0.00198114946531917,0.00249875816914671,185,0,1858,1857,0,0,0.219727104618833,0.0707915552297513,0.00198114946531917
0.1859,2.45120074598226,2.43658688965534,0.00201210455808133,0.00145368302718403,186,1,1859,1858,0,0,0.220161016929922,0.0710349919306697,0.00201210455808133
0.186,2.45620074598226,2.44042950343069,0.00201210455808133,0.00170471141498471,186,0,1860,1859,0,0,0.220595247531098,0.0712788354798407,0.00201210455808133
0.1861,2.46120074598226,2.44486996680549,0.00201210455808133,0.00193165582058094,186,0,1861,1860,0,0,0.221029795656651,0.0715230936171388,0.00201210455808133
0.1862,2.46620074598226,2.44982400855897,0.00201210455808133,0.00212603264966416,186,0,1862,1861,0,0,0.221464660539981,0.0717678218852648,0.00201210455808133
0.1863,2.47120074598226,2.45521680232079,0.00201210455808133,0.00229160460971526,186,0,1863,1862,0,0,0.221899841413606,0.072013067861626,0.00201210455808133
0.1864,2.47620074598226,2.46098218195968,0.00201210455808133,0.00243171194016611,186,0,1864,1863,0,0,0.222335337509166,0.0722588720782662,0.00201210455808133
0.1865,2.48120074598226,2.46706166897903,0.00201210455808133,0.00254931964148669,186,0,1865,1864,0,0,0.222771148057436,0.0725052688387858,0.00201210455808133
0.1866,2.48620074598226,2.47196405335392,0.00201210455808133,0.00146983015636095,186,0,1866,1865,0,0,0.223207272288325,0.0727522398723645,0.00201210455808133
0.1867,2.49120074598226,2.47580891240314,0.00201210455808133,0.00169078470353458,186,0,1867,1866,0,0,0.223643709430886,0.0729996218607118,0.00201210455808133
0.1868,2.49620074598226,2.48018298628704,0.00201210455808133,0.00189150383195701,186,0,1868,1867,0,0,0.224080458713324,0.0732474151860207,0.00201210455808133
0.1869,2.50120074598226,2.48501085387696,0.00206160904850344,0.00206306554980348,187,1,1869,1868,0,0,0.224517519363,0.0734956689745114,0.00206160904850344
0.187,2.50620074598226,2.49022552972103,0.00206160904850344,0.00220884327693887,187,0,1870,1869,0,0,0.224954890606441,0.0737444252211663,0.00206160904850344
0.1871,2.51120074598226,2.49576779253347,0.00206160904850344,0.00233183160092154,187,0,1871,1870,0,0,0.225392571669341,0.0739937196144538,0.00206160904850344
0.1872,2.51620074598226,2.50158531304874,0.00206160904850344,0.00243468862833386,187,0,1872,1871,0,0,0.225830561776577,0.0742435822687121,0.00206160904850344
0.1873,2.52120074598226,2.50763187938079,0.00206160904850344,0.00251977360474072,187,0,1873,1872,0,0,0.226268860152203,0.0744940383742408,0.00206160904850344
0.1874,2.52620074598226,2.51386670899437,0.00206160904850344,0.00258918033179899,187,0,1874,1873,0,0,0.22670746601947,0.0747451087743028,0.00206160904850344
0.1875,2.53120074598226,2.51881428493136,0.00206160904850344,0.00146753972049492,187,0,1875,1874,0,0,0.227146378600823,0.0749967634061653,0.00206160904850344
0.1876,2.53620074598226,2.5226080937121,0.00206160904850344,0.00165170141951454,187,0,1876,1875,0,0,0.227585597117913,0.0752488286390067,0.00206160904850344
0.1877,2.54120074598226,2.52684720048433,0.00206160904850344,0.00182037827180347,187,0,1877,1876,0,0,0.228025120791601,0.0755012958532817,0.00206160904850344
0.1878,2.54620074598226,2.53146710773843,0.00206160904850344,0.00196410655515696,187,0,1878,1877,0,0,0.228464948841967,0.0757542063352633,0.00206160904850344
0.1879,2.55120074598226,2.53641050659924,0.00205972524730542,0.00208577864599003,188,1,1879,1878,0,0,0.228905080488315,0.0760075952693858,0.00205972524730542
0.188,2.55620074598226,2.54162674508345,0.00205972524730542,0.00218796201322512,188,0,1880,1879,0,0,0.229345514949182,0.0762614924453198,0.00205972524730542
0.1881,2.56120074598226,2.54707108010072,0.00205972524730542,0.00227293554243142,188,0,1881,1880,0,0,0.22978625144234,0.076515922885897,0.00205972524730542
0.1882,2.56620074598225,2.55270401308374,0.00205972524730542,0.00234272180195983,188,0,1882,1881,0,0,0.230227289184811,0.0767709074044569,0.00205972524730542
0.1883,2.57120074598225,2.55849069990413,0.00205972524730542,0.0023991157043694,188,0,1883,1882,0,0,0.230668627392866,0.077026463099507,0.00205972524730542
0.1884,2.57620074598225,2.56440042677523,0.00205972524730542,0.00244370996580634,188,0,1884,1883,0,0,0.231110265282036,0.0772826037937062,0.00205972524730542
0.1885,2.58120074598225,2.57040614476961,0.00205972524730542,0.00247791772101875,188,0,1885,1884,0,0,0.231552202067117,0.0775393404233976,0.00205972524730542
0.1886,2.58470500386372,2.57504450709281,0.00205972524730542,0.0013257682427205,188,0,1886,1885,0,0,0.231994436962181,0.0777966343132909,0.00205972524730542
0.1887,2.58470500386372,2.57845977547093,0.00205972524730542,0.00148356868433608,188,0,1887,1886,0,0,0.232436969180576,0.0780543043667728,0.00205972524730542
0.1888,2.58470500386372,2.58226055153787,0.00205972524730542,0.00162955849132892,188,0,1888,1887,0,0,0.23287979793494,0.0783123355133014,0.00205972524730542
0.1889,2.58470500386372,2.58639078142986,0.00178394296277894,0.00175385093049674,189,1,1889,1888,0,0,0.233322922437203,0.0785707634866834,0.00178394296277894
0.189,2.58470500386372,2.59080062621808,0.00178394296277894,0.00185896281084348,189,0,1890,1889,0,0,0.233766341898595,0.078829618714088,0.00178394296277894
0.1891,2.58470500386372,2.59544603945897,0.00178394296277894,0.00194712820053994,189,0,1891,1890,0,0,0.234210055529657,0.0790889269312697,0.00178394296277894
0.1892,2.58470500386372,2.60028811627137,0.00178394296277894,0.00202033003715612,189,0,1892,1891,0,0,0.234654062540242,0.0793487097289536,0.00178394296277894
0.1893,2.58470500386372,2.60529943626388,0.00178394296277894,0.00208599432513942,189,0,1893,1892,0,0,0.235098362139526,0.0796089852639865,0.00178394296277894
0.1894,2.58470500386372,2.61044894891915,0.00178394296277894,0.00213368958084066,189,0,1894,1893,0,0,0.235542953536014,0.0798697691393547,0.00178394296277894
0.1895,2.58470500386372,2.61570213221783,0.00178394296277894,0.00217114758215722,189,0,1895,1894,0,0,0.235987835937546,0.0801310733047223,0.00178394296277894
0.1896,2.58470500386372,2.62103566035162,0.00178394296277894,0.00219965043604619,189,0,1896,1895,0,0,0.236433008551307,0.0803929069476221,0.00178394296277894
0.1897,2.58470500386372,2.62642901800032,0.00178394296277894,0.00222028115665299,189,0,1897,1896,0,0,0.236878470583829,0.0806552770650032,0.00178394296277894
0.1898,2.58470500386372,2.63042463606855,0.00178394296277894,0.00105677915322802,189,0,1898,1897,0,0,0.237324221241005,0.0809181416573052,0.00178394296277894
0.1899,2.58970500386372,2.63317187516603,0.00102805262538251,0.00120518467225785,190,1,1899,1898,0,0,0.23777025972809,0.0811813168473486,0.00102805262538251
0.19,2.59470500386372,2.63628383312054,0.00102805262538251,0.00134350984255654,190,0,1900,1899,0,0,0.238216585249712,0.0814447852632718,0.00102805262538251
0.1901,2.59970500386372,2.6397084254236,0.00102805262538251,0.00146166304671963,190,0,1901,1900,0,0,0.238663197009876,0.0817085807606492,0.00102805262538251
0.1902,2.60470500386372,2.64339931094303,0.00102805262538251,0.00156197924882864,190,0,1902,1901,0,0,0.239110094211974,0.0819727322615415,0.00102805262538251
0.1903,2.60970500386372,2.64587597888391,0.00102805262538251,0.000469311384819895,190,0,1903,1902,0,0,0.239557276058792,0.0822372172544975,0.00102805262538251
0.1904,2.61470500386372,2.64726740680177,0.00102805262538251,0.000680684703269767,190,0,1904,1903,0,0,0.240004741752514,0.082501869185545,0.00102805262538251
0.1905,2.61970500386372,2.64916858231165,0.00102805262538251,0.000874990497349588,190,0,1905,1904,0,0,0.240452490494734,0.0827666860823801,0.00102805262538251
0.1906,2.62470500386372,2.65151133321518,0.00102805262538251,0.00104291676729902,190,0,1906,1905,0,0,0.240900521486458,0.0830317154912549,0.00102805262538251
0.1907,2.62970500386372,2.65423502560726,0.00102805262538251,0.00118749102103843,190,0,1907,1906,0,0,0.241348833928118,0.0832969985067572,0.00102805262538251
0.1908,2.63470500386372,2.65728599410899,0.00102805262538251,0.00131140118543356,190,0,1908,1907,0,0,0.24179742701957,0.0835625705119332,0.00102805262538251
0.1909,2.63970500386372,2.66061676007783,0.0013720910276805,0.00141703356306919,191,1,1909,1908,0,0,0.242246299960112,0.0838284618356687,0.0013720910276805
0.191,2.64470500386372,2.66418533720542,0.0013720910276805,0.00150650654864356,191,0,1910,1909,0,0,0.242695451948483,0.0840946983363046,0.0013720910276805
0.1911,2.64970500386372,2.66795461474028,0.0013720910276805,0.00158170057866844,191,0,1911,1910,0,0,0.243144882182872,0.0843613019197306,0.0013720910276805
0.1912,2.65470500386372,2.67189180966345,0.0013720910276805,0.00164428473524469,191,0,1912,1911,0,0,0.243594589860929,0.0846282909992824,0.0013720910276805
0.1913,2.65970500386372,2.67596798011355,0.0013720910276805,0.00169574037767944,191,0,1913,1912,0,0,0.24404457417977,0.0848956809039489,0.0013720910276805
0.1914,2.66470500386372,2.6801575932187,0.0013720910276805,0.0017373821339585,191,0,1914,1913,0,0,0.244494834335982,0.085163484240669,0.0013720910276805
0.1915,2.66970500386372,2.68299860176804,0.0013720910276805,0.00059316022212937,191,0,1915,1914,0,0,0.244945369525634,0.0854316641452414,0.0013720910276805
0.1916,2.67470500386372,2.68463635615656,0.0013720910276805,0.000759287806415939,191,0,1916,1915,0,0,0.245396178944283,0.0857000414519698,0.0013720910276805
0.1917,2.67970500386372,2.68668035990914,0.0013720910276805,0.000913945347005346,191,0,1917,1916,0,0,0.245847261786981,0.085968603120129,0.0013720910276805
0.1918,2.68470500386372,2.68907531637079,0.0013720910276805,0.0010471861818833,191,0,1918,1917,0,0,0.246298617248284,0.0862373869963956,0.0013720910276805
0.1919,2.68970500386372,2.69177200611599,0.00168175849397128,0.00116147418634483,192,1,1919,1918,0,0,0.246750244522256,0.0865064256895692,0.00168175849397128
0.192,2.69470500386372,2.69472688079409,0.00168175849397128,0.00125899677947603,192,0,1920,1919,0,0,0.247202142802482,0.0867757471728474,0.00168175849397128
0.1921,2.69970500386372,2.69790142666794,0.00168175849397128,0.00134169582613041,192,0,1921,1920,0,0,0.247654311282068,0.0870453753188,0.00168175849397128
0.1922,2.70470500386372,2.70126159929792,0.00168175849397128,0.00141129508673113,192,0,1922,1921,0,0,0.248106749153658,0.0873153303742896,0.00168175849397128
0.1923,2.70970500386372,2.70477732142359,0.00168175849397128,0.00146932460052069,192,0,1923,1922,0,0,0.248559455609431,0.0875856293820494,0.00168175849397128
0.1924,2.71470500386372,2.70842203698255,0.00168175849397128,0.00151714234480436,192,0,1924,1923,0,0,0.249012429841117,0.0878562865548856,0.00168175849397128
0.1925,2.71970500386372,2.71217231499524,0.00168175849397128,0.00155595347447044,192,0,1925,1924,0,0,0.24946567104,0.0881273136077977,0.00168175849397128
0.1926,2.72470500386372,2.71600749774459,0.00168175849397128,0.00158682741208088,192,0,1926,1925,0,0,0.249919178396927,0.0883987200527244,0.00168175849397128
0.1927,2.72970500386372,2.71990938830199,0.00168175849397128,0.00161071302863365,192,0,1927,1926,0,0,0.250372951102316,0.0886705134600933,0.00168175849397128
0.1928,2.73470500386372,2.72386970607556,0.00168175849397128,0.00163478256202994,192,0,1928,1927,0,0,0.250826988346162,0.0889426999436183,0.00168175849397128
0.1929,2.73970500386372,2.72787352365121,0.00192941440933932,0.00164638215600153,193,1,1929,1928,0,0,0.251281289318046,0.0892152848683944,0.00192941440933932
0.193,2.74470500386372,2.73189973990636,0.00192941440933932,0.0016532655286391,193,0,1930,1929,0,0,0.251735853207143,0.0894882713782751,0.00192941440933932
0.1931,2.74970500386372,2.73593772458872,0.00192941440933932,0.00165607861779303,193,0,1931,1930,0,0,0.252190679202226,0.0897616611751025,0.00192941440933932
0.1932,2.75470500386372,2.73997817747172,0.00192941440933932,0.00165533339686329,193,0,1932,1931,0,0,0.252645766491681,0.0900354549649456,0.00192941440933932
0.1933,2.75970500386372,2.74401297578801,0.00192941440933932,0.00165148363029666,193,0,1933,1932,0,0,0.253101114263505,0.0903096525833189,0.00192941440933932
0.1934,2.76470500386372,2.748035040241,0.00192941440933932,0.00164493139702377,193,0,1934,1933,0,0,0.253556721705323,0.0905842531061631,0.00192941440933932
0.1935,2.76970500386372,2.7520382160343,0.00192941440933932,0.00163603288436922,193,0,1935,1934,0,0,0.254012588004389,0.0908592549481854,0.00192941440933932
0.1936,2.77470500386372,2.75601716723954,0.00192941440933932,0.00162510353400045,193,0,1936,1935,0,0,0.254468712347597,0.0911346559499757,0.00192941440933932
0.1937,2.77970500386372,2.75996728301093,0.00192941440933932,0.00161242261236077,193,0,1937,1936,0,0,0.254925093921487,0.0914104534551588,0.00192941440933932
0.1938,2.78470500386372,2.7638845943215,0.00192941440933932,0.00159823726993123,193,0,1938,1937,0,0,0.255381731912256,0.0916866443786978,0.00192941440933932
0.1939,2.78970500386372,2.76776570004433,0.00212876260823993,0.00158276614647179,194,1,1939,1938,0,0,0.255838625505761,0.0919632252673442,0.00212876260823993
0.194,2.79470500386372,2.77160770133345,0.00212876260823993,0.00156620257300195,194,0,1940,1939,0,0,0.256295773887529,0.0922401923531144,0.00212876260823993
0.1941,2.79970500386372,2.77540814337604,0.00212876260823993,0.00154871741560601,194,0,1941,1940,0,0,0.256753176242767,0.0925175416005767,0.00212876260823993
0.1942,2.80470500386372,2.77916496369138,0.00212876260823993,0.0015304616011071,194,0,1942,1941,0,0,0.257210831756366,0.0927952687486439,0.00212876260823993
0.1943,2.80970500386372,2.78287644624417,0.00212876260823993,0.00151156836017733,194,0,1943,1942,0,0,0.257668739612912,0.0930733693474901,0.00212876260823993
0.1944,2.81470500386372,2.78654118072157,0.00212876260823993,0.00149215521947465,194,0,1944,1943,0,0,0.25812689899669,0.0933518387911381,0.00212876260823993
0.1945,2.81970500386372,2.79015802639636,0.00212876260823993,0.00147232577086568,194,0,1945,1944,0,0,0.258585309091696,0.0936306723462076,0.00212876260823993
0.1946,2.82470500386372,2.7937260800629,0.00212876260823993,0.00145217124265618,194,0,1946,1945,0,0,0.259043969081644,0.0939098651772542,0.00212876260823993
0.1947,2.82970500386372,2.79868417468063,0.00212876260823993,0.00260897806600702,194,0,1947,1946,0,0,0.25950287814997,0.0941894594392898,0.00212876260823993
0.1948,2.83470500386372,2.80486662741796,0.00212876260823993,0.00244766011061867,194,0,1948,1947,0,0,0.259962035479845,0.0944696374122666,0.00212876260823993
0.1949,2.83970500386372,2.81064615790942,0.00228880404298939,0.00229100567023245,195,1,1949,1948,0,0,0.260421440254182,0.094750413347656,0.00228880404298939
0.195,2.84470500386372,2.81606252579251,0.00228880404298939,0.00214983003396753,195,0,1950,1949,0,0,0.260881091655638,0.0950317489447426,0.00228880404298939
0.1951,2.84970500386372,2.82115141125283,0.00228880404298939,0.0020224391457978,195,0,1951,1950,0,0,0.261340988866631,0.095313609687888,0.00228880404298939
0.1952,2.85470500386372,2.82594459348326,0.00228880404298939,0.0019073275705293,195,0,1952,1951,0,0,0.261801131069342,0.0955959644325372,0.00228880404298939
0.1953,2.85970500386372,2.83047038496102,0.00228880404298939,0.00180315743548363,195,0,1953,1952,0,0,0.262261517445725,0.0958787850370442,0.00228880404298939
0.1954,2.86470500386372,2.8347540172417,0.00228880404298939,0.00170873972419171,195,0,1954,1953,0,0,0.262722147177514,0.0961620460354776,0.00228880404298939
0.1955,2.86970500386372,2.84025750738606,0.00228880404298939,0.00280022105384524,195,0,1955,1954,0,0,0.263183019446231,0.0964457714169255,0.00228880404298939
0.1956,2.87470500386372,2.84683574284863,0.00228880404298939,0.00258151133604824,195,0,1956,1955,0,0,0.263644133433196,0.0967301274816771,0.00228880404298939
0.1957,2.87970500386372,2.85288812757466,0.00228880404298939,0.00238140389495659,195,0,1957,1956,0,0,0.264105488319531,0.0970151147172407,0.00228880404298939
0.1958,2.88470500386372,2.85846967241314,0.00228880404298939,0.00219530000723934,195,0,1958,1957,0,0,0.264567083286175,0.0973006836027587,0.00228880404298939
0.1959,2.88970500386372,2.86362086882856,0.00227708222585633,0.00202853429956221,196,1,1959,1958,0,0,0.265028917513883,0.0975867889457914,0.00227708222585633
0.196,2.89470500386372,2.86838643921418,0.00227708222585633,0.00187903717421377,196,0,1960,1959,0,0,0.265490990183241,0.0978733899687733,0.00227708222585633
0.1961,2.89970500386372,2.87424569164026,0.00227708222585633,0.00292210471316065,196,0,1961,1960,0,0,0.265953300474672,0.0981604971873126,0.00227708222585633
0.1962,2.90470500386372,2.88106885440246,0.00227708222585633,0.00266089789443365,196,0,1962,1961,0,0,0.266415847568443,0.0984482650587182,0.00227708222585633
0.1963,2.90970500386372,2.88726050509768,0.00227708222585633,0.00241663345529905,196,0,1963,1962,0,0,0.266878630644676,0.0987366833986175,0.00227708222585633
0.1964,2.91470500386372,2.89288864923532,0.00227708222585633,0.00219873583983769,196,0,1964,1963,0,0,0.267341648883351,0.0990256924737691,0.00227708222585633
0.1965,2.91970500386372,2.89801401122555,0.00227708222585633,0.00200427586770061,196,0,1965,1964,0,0,0.267804901464321,0.0993152389989488,0.00227708222585633
0.1966,2.92470500386372,2.90269057123046,0.00227708222585633,0.0018306512552571,196,0,1966,1965,0,0,0.268268387567313,0.0996052754208845,0.00227708222585633
0.1967,2.92970500386372,2.90840583615433,0.00227708222585633,0.0028527491311245,196,0,1967,1966,0,0,0.268732106371942,0.0998958063517486,0.00227708222585633
0.1968,2.93470500386372,2.91503729989022,0.00227708222585633,0.00257337402187747,196,0,1968,1967,0,0,0.269196057057717,0.100186981118033,0.00227708222585633
0.1969,2.93970500386372,2.92099597713764,0.00218171440308551,0.00231341954111342,197,1,1969,1968,0,0,0.269660238804049,0.100478785089423,0.00218171440308551
0.197,2.94470500386372,2.92635556934604,0.00218171440308551,0.00208202543752009,197,0,1970,1969,0,0,0.270124650790257,0.100771154692973,0.00218171440308551
0.1971,2.94970500386372,2.93118184164484,0.00218171440308551,0.0018760098042311,197,0,1971,1970,0,0,0.270589292195582,0.101064033340266,0.00218171440308551
0.1972,2.95470500386372,2.93553323323738,0.00218171440308551,0.00169254600388541,197,0,1972,1971,0,0,0.271054162199189,0.10135737064954,0.00218171440308551
0.1973,2.95970500386372,2.94090119092145,0.00218171440308551,0.00270631972715905,197,0,1973,1972,0,0,0.271519259980182,0.101651168824216,0.00218171440308551
0.1974,2.96470500386372,2.94716669322199,0.00218171440308551,0.0024199635573707,197,0,1974,1973,0,0,0.271984584717604,0.101945575152889,0.00218171440308551
0.1975,2.96970500386372,2.95274383550153,0.00218171440308551,0.00215421166099267,197,0,1975,1974,0,0,0.272450135590453,0.102240573295562,0.00218171440308551
0.1976,2.97470500386372,2.95770903559215,0.00218171440308551,0.00191806452709963,197,0,1976,1975,0,0,0.272915911777685,0.102536098259228,0.00218171440308551
0.1977,2.97970500386372,2.96213045459955,0.00218171440308551,0.00170821669297068,197,0,1977,1976,0,0,0.273381912458226,0.102832092290869,0.00218171440308551
0.1978,2.98470500386372,2.96750815658327,0.00218171440308551,0.0026989266761504,197,0,1978,1977,0,0,0.273848136810978,0.103128551139113,0.00218171440308551
0.1979,2.98970500386372,2.97373076112563,0.00215938784584923,0.00239245358506864,198,1,1979,1978,0,0,0.27431458401483,0.103425616450069,0.00215938784584923
0.198,2.99470500386372,2.97921913786336,0.00215938784584923,0.0021091940912642,198,0,1980,1979,0,0,0.27478125324866,0.103723266961724,0.00215938784584923
0.1981,2.99970500386372,2.98405570429539,0.00215938784584923,0.00185785092216994,198,0,1981,1980,0,0,0.275248143691353,0.104021433397335,0.00215938784584923
0.1982,3.00470500386372,2.98832300645946,0.00215938784584923,0.00164227912217148,198,0,1982,1981,0,0,0.275715254521802,0.10432005458196,0.00215938784584923
0.1983,3.00495674337632,2.9935248113149,0.00215938784584923,0.00262078183052356,198,0,1983,1982,0,0,0.276182584918919,0.104619124228306,0.00215938784584923
0.1984,3.00495674337632,2.99954365016455,0.00215938784584923,0.00230373308107072,198,0,1984,1983,0,0,0.276650134061643,0.104918781333439,0.00215938784584923
0.1985,3.00495674337632,3.00480432268971,0.00215938784584923,0.00201141103369662,198,0,1985,1984,0,0,0.27711790112895,0.105219002046972,0.00215938784584923
0.1986,3.00495674337632,3.00939272320199,0.00215938784584923,0.00175234389251375,198,0,1986,1985,0,0,0.277585885299858,0.10551971487396,0.00215938784584923
0.1987,3.00495674337632,3.01482491101172,0.00215938784584923,0.00269999803400687,198,0,1987,1986,0,0,0.278054085753441,0.105820903521814,0.00215938784584923
0.1988,3.00495674337632,3.02100369068838,0.00215938784584923,0.00235593999360551,198,0,1988,1987,0,0,0.278522501668831,0.106122699103316,0.00215938784584923
0.1989,3.00495674337632,3.02636250939591,0.00150834208630121,0.00203994051421858,199,1,1989,1988,0,0,0.278991132225232,0.106425071160703,0.00150834208630121
0.199,3.00495674337632,3.03099492551389,0.00150834208630121,0.00176015005856651,199,0,1990,1989,0,0,0.279459976601925,0.106727942406619,0.00150834208630121
0.1991,3.00495674337632,3.03498428415986,0.00150834208630121,0.00151250842467127,199,0,1991,1990,0,0,0.279929033978278,0.107031244408965,0.00150834208630121
0.1992,3.00495674337632,3.0384045829177,0.00150834208630121,0.0012934091916149,199,0,1992,1991,0,0,0.280398303533755,0.10733491659822,0.00150834208630121
0.1993,3.00495674337632,3.04132151657966,0.00150834208630121,0.00109964902942397,199,0,1993,1992,0,0,0.280867784447924,0.107638905385436,0.00150834208630121
0.1994,3.00495674337632,3.0452329103659,0.00150834208630121,0.00210557089767961,199,0,1994,1993,0,0,0.281337475900465,0.107943210448301,0.00150834208630121
0.1995,3.00495674337632,3.05002536374428,0.00150834208630121,0.00181352889267258,199,0,1995,1994,0,0,0.28180737707118,0.108247977148708,0.00150834208630121
0.1996,3.00495674337632,3.054117921501,0.00150834208630121,0.00154398466589066,199,0,1996,1995,0,0,0.282277487140001,0.1085531877487,0.00150834208630121
0.1997,3.00495674337632,3.05759133384606,0.00150834208630121,0.00130570538854162,199,0,1997,1996,0,0,0.282747805286997,0.108858776320908,0.00150834208630121
0.1998,3.00495674337632,3.06051755776254,0.00150834208630121,0.00109517879598561,199,0,1998,1997,0,0,0.283218330692386,0.109164684584093,0.00150834208630121
0.1999,3.00995674337632,3.06439996689066,0.000881680299915791,0.00208647136689398,200,1,1999,1998,0,0,0.283689062536541,0.10947090811388,0.000881680299915791
0.2,3.01495674337632,3.06913008051809,0.000881680299915791,0.00178169812719052,200,0,2000,1999,0,0,0.28416,0.109777588693062,0.000881680299915791
