0 0 1 0 0 0 0 0 0 0 0 0 0 0 0 0 0 0 0 0 0
0 0 1 0 0 0 0 0 0 0 0 0 0 0 0 0 0 0 0 0 0
0 0 1 0 0 0 0 0 0 0 0 0 0 0 0 0 0 0 0 0 0
0 0 1 0 0 0 0 0 0 0 0 0 0 0 0 0 0 0 0 0 0
0 0 1 0 0 0 0 0 0 0 0 0 0 0 0 0 0 0 0 0 0
0 0 1 0 0 0 0 0 0 0 0 0 0 0 0 0 0 0 0 0 0
0 0 1 0 0 0 0 0 0 0 0 0 0 0 0 0 0 0 0 0 0
0 0 1 0 0 0 0 0 0 0 0 0 0 0 0 0 0 0 0 0 0
0 0 1 0 0 0 0 0 0 0 0 0 0 0 0 0 0 0 0 0 0
0 0 1 0 1 0 0 0 0 0 0 0 0 0 0 0 0 0 0 0 0
0 0 1 0 0 0 0 0 0 0 0 0 0 0 0 0 0 0 0 0 0
0 0 1 0 0 0 0 0 0 0 0 0 0 0 0 0 0 0 0 0 0
0 0 1 0 0 0 0 0 0 0 0 0 0 0 0 0 0 0 0 0 0
0 0 1 0 0 0 0 0 0 0 0 0 0 0 0 0 0 0 0 0 0
0 0 1 0 0 0 0 0 0 0 0 0 0 0 0 0 0 0 0 0 0
0 0 1 0 0 0 0 0 0 0 0 0 0 0 0 0 0 0 0 0 0
0 0 1 0 0 0 0 0 0 0 0 0 0 0 0 0 0 0 0 0 0
0 0 1 0 0 0 0 0 0 0 0 0 0 0 0 0 0 0 0 0 0
0 0 1 0 0 0 0 0 0 0 0 0 0 0 0 0 0 0 0 0 0
0 0 1 0 1 0 0 0 0 0 0 0 0 0 0 0 0 0 0 0 0
0 0 1 0 0 0 0 0 0 0 0 0 0 0 0 0 0 0 0 0 0
0 0 1 0 0 0 0 0 0 0 0 0 0 0 0 0 0 0 0 0 0
0 0 1 0 0 0 0 0 0 0 0 0 0 0 0 0 0 0 0 0 0
0 0 1 0 0 0 0 0 0 0 0 0 0 0 0 0 0 0 0 0 0
0 0 1 0 0 0 0 0 0 0 0 0 0 0 0 0 0 0 0 0 0
0 0 1 0 0 0 0 0 0 0 0 0 0 0 0 0 0 0 0 0 0
0 0 1 0 0 0 0 0 0 0 0 0 0 0 0 0 0 0 0 0 0
0 0 1 0 0 0 0 0 0 0 0 0 0 0 0 0 0 0 0 0 0
0 0 1 0 0 0 0 0 0 0 0 0 0 0 0 0 0 0 0 0 0
0 0 1 0 1 0 0 0 0 0 0 0 0 0 0 0 0 0 0 0 0
0 0 1 0 0 0 0 0 0 0 0 0 0 0 0 0 0 0 0 0 0
0 0 1 0 0 0 0 0 0 0 0 0 0 0 0 0 0 0 0 0 0
0 0 1 0 0 0 0 0 0 0 0 0 0 0 0 0 0 0 0 0 0
0 0 1 0 0 0 0 0 0 0 0 0 0 0 0 0 0 0 0 0 0
0 0 1 0 0 0 0 0 0 0 0 0 0 0 0 0 0 0 0 0 0
0 0 1 0 0 0 0 0 0 0 0 0 0 0 0 0 0 0 0 0 0
0 0 1 0 0 0 0 0 0 0 0 0 0 0 0 0 0 0 0 0 0
0 0 1 0 0 0 0 0 0 0 0 0 0 0 0 0 0 0 0 0 0
0 0 1 0 0 0 0 0 0 0 0 0 0 0 0 0 0 0 0 0 0
0 0 1 0 1 0 0 0 0 0 0 0 0 0 0 0 0 0 0 0 0
2097152 0 1 0 0 0 0 0 0 0 0 0 0 0 0 0 0 0 0 0 0
2097152 0 1 0 0 0 0 0 0 0 0 0 0 0 0 0 0 0 0 0 0
2097152 0 1 0 0 0 0 0 0 0 0 0 0 0 0 0 0 0 0 0 0
2097152 0 1 0 0 0 0 0 0 0 0 0 0 0 0 0 0 0 0 0 0
2097152 0 1 0 0 0 0 0 0 0 0 0 0 0 0 0 0 0 0 0 0
2097152 0 1 0 0 0 0 0 0 0 0 0 0 0 0 0 0 0 0 0 0
2097152 0 1 0 0 0 0 0 0 0 0 0 0 0 0 0 0 0 0 0 0
2097152 0 1 0 0 0 0 0 0 0 0 0 0 0 0 0 0 0 0 0 0
2097152 0 1 0 0 0 0 0 0 0 0 0 0 0 0 0 0 0 0 0 0
2097152 0 1 0 1 0 0 1182 38726592 0 0 3098128 0 0 0 0 38726592 2097152 38726592 3098128 0
2097152 0 1 0 0 0 0 1182 38726592 0 0 3098128 0 0 0 0 38726592 2097152 38726592 3098128 0
2097152 0 1 0 0 0 0 1182 38726592 0 0 3098128 0 0 0 0 38726592 2097152 38726592 3098128 0
2097152 0 1 0 0 0 0 1182 38726592 0 0 3098128 0 0 0 0 38726592 2097152 38726592 3098128 0
2097152 0 1 0 0 0 0 1182 38726592 0 0 3098128 0 0 0 0 38726592 2097152 38726592 3098128 0
2097152 0 1 0 0 0 0 1182 38726592 0 0 3098128 0 0 0 0 38726592 2097152 38726592 3098128 0
2097152 0 1 0 0 0 0 1182 38726592 0 0 3098128 0 0 0 0 38726592 2097152 38726592 3098128 0
2097152 0 1 0 0 0 0 1182 38726592 0 0 3098128 0 0 0 0 38726592 2097152 38726592 3098128 0
2097152 0 1 0 0 0 0 1182 38726592 0 0 3098128 0 0 0 0 38726592 2097152 38726592 3098128 0
2097152 0 1 0 0 0 0 1182 38726592 0 0 3098128 0 0 0 0 38726592 2097152 38726592 3098128 0
2097152 0 1 0 1 0 0 1276 41824720 3098128 0 6196256 0 0 0 0 41824720 2097152 38726592 3098128 0
2097152 0 1 0 0 0 0 1276 41824720 3098128 0 6196256 0 0 0 0 41824720 2097152 38726592 3098128 0
2097152 0 1 0 0 0 0 1276 41824720 3098128 0 6196256 0 0 0 0 41824720 2097152 38726592 3098128 0
2097152 0 1 0 0 0 0 1276 41824720 3098128 0 6196256 0 0 0 0 41824720 2097152 38726592 3098128 0
2097152 0 1 0 0 0 0 1276 41824720 3098128 0 6196256 0 0 0 0 41824720 2097152 38726592 3098128 0
2097152 0 1 0 0 0 0 1276 41824720 3098128 0 6196256 0 0 0 0 41824720 2097152 38726592 3098128 0
2097152 0 1 0 0 0 0 1276 41824720 3098128 0 6196256 0 0 0 0 41824720 2097152 38726592 3098128 0
2097152 0 1 0 0 0 0 1276 41824720 3098128 0 6196256 0 0 0 0 41824720 2097152 38726592 3098128 0
2097152 0 1 0 0 0 0 1276 41824720 3098128 0 6196256 0 0 0 0 41824720 2097152 38726592 3098128 0
2097152 0 1 0 0 0 0 1276 41824720 3098128 0 6196256 0 0 0 0 41824720 2097152 38726592 3098128 0
2097152 0 1 0 1 0 0 1371 44922848 6196256 0 9294384 0 0 0 0 44922848 2097152 38726592 3098128 0
2097152 0 1 0 0 0 0 1371 44922848 6196256 0 9294384 0 0 0 0 44922848 2097152 38726592 3098128 0
2097152 0 1 0 0 0 0 1371 44922848 6196256 0 9294384 0 0 0 0 44922848 2097152 38726592 3098128 0
2097152 0 1 0 0 0 0 1371 44922848 6196256 0 9294384 0 0 0 0 44922848 2097152 38726592 3098128 0
2097152 0 1 0 0 0 0 1371 44922848 6196256 0 9294384 0 0 0 0 44922848 2097152 38726592 3098128 0
2097152 0 1 0 0 0 0 1371 44922848 6196256 0 9294384 0 0 0 0 44922848 2097152 38726592 3098128 0
2097152 0 1 0 0 0 0 1371 44922848 6196256 0 9294384 0 0 0 0 44922848 2097152 38726592 3098128 0
2097152 0 1 0 0 0 0 1371 44922848 6196256 0 9294384 0 0 0 0 44922848 2097152 38726592 3098128 0
2097152 0 1 0 0 0 0 1371 44922848 6196256 0 9294384 0 0 0 0 44922848 2097152 38726592 3098128 0
2097152 0 1 0 0 0 0 1371 44922848 6196256 0 9294384 0 0 0 0 44922848 2097152 38726592 3098128 0
2097152 0 1 0 1 0 0 1465 48020976 9294384 0 12392512 0 0 0 0 48020976 2097152 38726592 3098128 0
2097152 0 1 0 0 0 0 1465 48020976 9294384 0 12392512 0 0 0 0 48020976 2097152 38726592 3098128 0
2097152 0 1 0 0 0 0 1465 48020976 9294384 0 12392512 0 0 0 0 48020976 2097152 38726592 3098128 0
2097152 0 1 0 0 0 0 1465 48020976 9294384 0 12392512 0 0 0 0 48020976 2097152 38726592 3098128 0
2097152 0 1 0 0 0 0 1465 48020976 9294384 0 12392512 0 0 0 0 48020976 2097152 38726592 3098128 0
2097152 0 1 0 0 0 0 1465 48020976 9294384 0 12392512 0 0 0 0 48020976 2097152 38726592 3098128 0
2097152 0 1 0 0 0 0 1465 48020976 9294384 0 12392512 0 0 0 0 48020976 2097152 38726592 3098128 0
2097152 0 1 0 0 0 0 1465 48020976 9294384 0 12392512 0 0 0 0 48020976 2097152 38726592 3098128 0
2097152 0 1 0 0 0 0 1465 48020976 9294384 0 12392512 0 0 0 0 48020976 2097152 38726592 3098128 0
2097152 0 1 0 0 0 0 1465 48020976 9294384 0 12392512 0 0 0 0 48020976 2097152 38726592 3098128 0
2097152 0 1 0 1 0 0 1560 51119104 12392512 0 15490640 0 0 0 0 51119104 2097152 38726592 3098128 0
2097152 0 1 0 0 0 0 1560 51119104 12392512 0 15490640 0 0 0 0 51119104 2097152 38726592 3098128 0
2097152 0 1 0 0 0 0 1560 51119104 12392512 0 15490640 0 0 0 0 51119104 2097152 38726592 3098128 0
2097152 0 1 0 0 0 0 1560 51119104 12392512 0 15490640 0 0 0 0 51119104 2097152 38726592 3098128 0
2097152 0 1 0 0 0 0 1560 51119104 12392512 0 15490640 0 0 0 0 51119104 2097152 38726592 3098128 0
2097152 0 1 0 0 0 0 1560 51119104 12392512 0 15490640 0 0 0 0 51119104 2097152 38726592 3098128 0
2097152 0 1 0 0 0 0 1560 51119104 12392512 0 15490640 0 0 0 0 51119104 2097152 38726592 3098128 0
2097152 0 1 0 0 0 0 1560 51119104 12392512 0 15490640 0 0 0 0 51119104 2097152 38726592 3098128 0
2097152 0 1 0 0 0 0 1560 51119104 12392512 0 15490640 0 0 0 0 51119104 2097152 38726592 3098128 0
2097152 0 1 0 0 0 0 1560 51119104 12392512 0 15490640 0 0 0 0 51119104 2097152 38726592 3098128 0
2097152 0 1 0 1 0 0 1655 54217232 15490640 0 18588768 0 0 0 0 54217232 2097152 38726592 3098128 0
2097152 0 1 0 0 0 0 1655 54217232 15490640 0 18588768 0 0 0 0 54217232 2097152 38726592 3098128 0
2097152 0 1 0 0 0 0 1655 54217232 15490640 0 18588768 0 0 0 0 54217232 2097152 38726592 3098128 0
2097152 0 1 0 0 0 0 1655 54217232 15490640 0 18588768 0 0 0 0 54217232 2097152 38726592 3098128 0
2097152 0 1 0 0 0 0 1655 54217232 15490640 0 18588768 0 0 0 0 54217232 2097152 38726592 3098128 0
2097152 0 1 0 0 0 0 1655 54217232 15490640 0 18588768 0 0 0 0 54217232 2097152 38726592 3098128 0
2097152 0 1 0 0 0 0 1655 54217232 15490640 0 18588768 0 0 0 0 54217232 2097152 38726592 3098128 0
2097152 0 1 0 0 0 0 1655 54217232 15490640 0 18588768 0 0 0 0 54217232 2097152 38726592 3098128 0
2097152 0 1 0 0 0 0 1655 54217232 15490640 0 18588768 0 0 0 0 54217232 2097152 38726592 3098128 0
2097152 0 1 0 0 0 0 1655 54217232 15490640 0 18588768 0 0 0 0 54217232 2097152 38726592 3098128 0
2097152 0 1 0 1 0 0 1749 57315360 18588768 0 21686896 0 0 0 0 57315360 2097152 38726592 3098128 0
2097152 0 1 0 0 0 0 1749 57315360 18588768 0 21686896 0 0 0 0 57315360 2097152 38726592 3098128 0
2097152 0 1 0 0 0 0 1749 57315360 18588768 0 21686896 0 0 0 0 57315360 2097152 38726592 3098128 0
2097152 0 1 0 0 0 0 1749 57315360 18588768 0 21686896 0 0 0 0 57315360 2097152 38726592 3098128 0
2097152 0 1 0 0 0 0 1749 57315360 18588768 0 21686896 0 0 0 0 57315360 2097152 38726592 3098128 0
2097152 0 1 0 0 0 0 1749 57315360 18588768 0 21686896 0 0 0 0 57315360 2097152 38726592 3098128 0
2097152 0 1 0 0 0 0 1749 57315360 18588768 0 21686896 0 0 0 0 57315360 2097152 38726592 3098128 0
2097152 0 1 0 0 0 0 1749 57315360 18588768 0 21686896 0 0 0 0 57315360 2097152 38726592 3098128 0
2097152 0 1 0 0 0 0 1749 57315360 18588768 0 21686896 0 0 0 0 57315360 2097152 38726592 3098128 0
2097152 0 1 0 0 0 0 1749 57315360 18588768 0 21686896 0 0 0 0 57315360 2097152 38726592 3098128 0
2097152 0 1 0 1 0 0 1844 60413488 21686896 0 24785024 0 0 0 0 60413488 2097152 38726592 3098128 0
2097152 0 1 0 0 0 0 1844 60413488 21686896 0 24785024 0 0 0 0 60413488 2097152 38726592 3098128 0
2097152 0 1 0 0 0 0 1844 60413488 21686896 0 24785024 0 0 0 0 60413488 2097152 38726592 3098128 0
2097152 0 1 0 0 0 0 1844 60413488 21686896 0 24785024 0 0 0 0 60413488 2097152 38726592 3098128 0
2097152 0 1 0 0 0 0 1844 60413488 21686896 0 24785024 0 0 0 0 60413488 2097152 38726592 3098128 0
2097152 0 1 0 0 0 0 1844 60413488 21686896 0 24785024 0 0 0 0 60413488 2097152 38726592 3098128 0
2097152 0 1 0 0 0 0 1844 60413488 21686896 0 24785024 0 0 0 0 60413488 2097152 38726592 3098128 0
2097152 0 1 0 0 0 0 1844 60413488 21686896 0 24785024 0 0 0 0 60413488 2097152 38726592 3098128 0
2097152 0 1 0 0 0 0 1844 60413488 21686896 0 24785024 0 0 0 0 60413488 2097152 38726592 3098128 0
2097152 0 1 0 0 0 0 1844 60413488 21686896 0 24785024 0 0 0 0 60413488 2097152 38726592 3098128 0
2097152 0 1 0 1 0 0 1938 63511616 24785024 0 27883152 0 0 0 0 63511616 2097152 38726592 3098128 0
2097152 0 1 0 0 0 0 1938 63511616 24785024 0 27883152 0 0 0 0 63511616 2097152 38726592 3098128 0
2097152 0 1 0 0 0 0 1938 63511616 24785024 0 27883152 0 0 0 0 63511616 2097152 38726592 3098128 0
2097152 0 1 0 0 0 0 1938 63511616 24785024 0 27883152 0 0 0 0 63511616 2097152 38726592 3098128 0
2097152 0 1 0 0 0 0 1938 63511616 24785024 0 27883152 0 0 0 0 63511616 2097152 38726592 3098128 0
2097152 0 1 0 0 0 0 1938 63511616 24785024 0 27883152 0 0 0 0 63511616 2097152 38726592 3098128 0
2097152 0 1 0 0 0 0 1938 63511616 24785024 0 27883152 0 0 0 0 63511616 2097152 38726592 3098128 0
2097152 0 1 0 0 0 0 1938 63511616 24785024 0 27883152 0 0 0 0 63511616 2097152 38726592 3098128 0
2097152 0 1 0 0 0 0 1938 63511616 24785024 0 27883152 0 0 0 0 63511616 2097152 38726592 3098128 0
2097152 0 1 0 0 0 0 1938 63511616 24785024 0 27883152 0 0 0 0 63511616 2097152 38726592 3098128 0
2097152 0 1 0 1 0 0 2033 66609744 27883152 0 30981280 0 0 0 0 66609744 2097152 38726592 3098128 0
2097152 0 1 0 0 0 0 2033 66609744 27883152 0 30981280 0 0 0 0 66609744 2097152 38726592 3098128 0
2097152 0 1 0 0 0 0 2033 66609744 27883152 0 30981280 0 0 0 0 66609744 2097152 38726592 3098128 0
2097152 0 1 0 0 0 0 2033 66609744 27883152 0 30981280 0 0 0 0 66609744 2097152 38726592 3098128 0
2097152 0 1 0 0 0 0 2033 66609744 27883152 0 30981280 0 0 0 0 66609744 2097152 38726592 3098128 0
2097152 0 1 0 0 0 0 2033 66609744 27883152 0 30981280 0 0 0 0 66609744 2097152 38726592 3098128 0
2097152 0 1 0 0 0 0 2033 66609744 27883152 0 30981280 0 0 0 0 66609744 2097152 38726592 3098128 0
2097152 0 1 0 0 0 0 2033 66609744 27883152 0 30981280 0 0 0 0 66609744 2097152 38726592 3098128 0
2097152 0 1 0 0 0 0 2033 66609744 27883152 0 30981280 0 0 0 0 66609744 2097152 38726592 3098128 0
2097152 0 1 0 0 0 0 2033 66609744 27883152 0 30981280 0 0 0 0 66609744 2097152 38726592 3098128 0
2097152 0 1 0 1 0 0 2127 69707872 30981280 0 34079408 0 0 0 0 69707872 2097152 38726592 3098128 0
2097152 0 1 0 0 0 0 2127 69707872 30981280 0 34079408 0 0 0 0 69707872 2097152 38726592 3098128 0
2097152 0 1 0 0 0 0 2127 69707872 30981280 0 34079408 0 0 0 0 69707872 2097152 38726592 3098128 0
2097152 0 1 0 0 0 0 2127 69707872 30981280 0 34079408 0 0 0 0 69707872 2097152 38726592 3098128 0
2097152 0 1 0 0 0 0 2127 69707872 30981280 0 34079408 0 0 0 0 69707872 2097152 38726592 3098128 0
2097152 0 1 0 0 0 0 2127 69707872 30981280 0 34079408 0 0 0 0 69707872 2097152 38726592 3098128 0
2097152 0 1 0 0 0 0 2127 69707872 30981280 0 34079408 0 0 0 0 69707872 2097152 38726592 3098128 0
2097152 0 1 0 0 0 0 2127 69707872 30981280 0 34079408 0 0 0 0 69707872 2097152 38726592 3098128 0
2097152 0 1 0 0 0 0 2127 69707872 30981280 0 34079408 0 0 0 0 69707872 2097152 38726592 3098128 0
2097152 0 1 0 0 0 0 2127 69707872 30981280 0 34079408 0 0 0 0 69707872 2097152 38726592 3098128 0
2097152 0 1 0 1 0 0 2222 72806000 34079408 0 37177536 0 0 0 0 72806000 2097152 38726592 3098128 0
-2097152 0 1 0 0 0 0 2222 72806000 34079408 0 37177536 0 0 0 0 72806000 2097152 38726592 3098128 0
-2097152 0 1 0 0 0 0 2222 72806000 34079408 0 37177536 0 0 0 0 72806000 2097152 38726592 3098128 0
-2097152 0 1 0 0 0 0 2222 72806000 34079408 0 37177536 0 0 0 0 72806000 2097152 38726592 3098128 0
-2097152 0 1 0 0 0 0 2222 72806000 34079408 0 37177536 0 0 0 0 72806000 2097152 38726592 3098128 0
-2097152 0 1 0 0 0 0 2222 72806000 34079408 0 37177536 0 0 0 0 72806000 2097152 38726592 3098128 0
-2097152 0 1 0 0 0 0 2222 72806000 34079408 0 37177536 0 0 0 0 72806000 2097152 38726592 3098128 0
-2097152 0 1 0 0 0 0 2222 72806000 34079408 0 37177536 0 0 0 0 72806000 2097152 38726592 3098128 0
-2097152 0 1 0 0 0 0 2222 72806000 34079408 0 37177536 0 0 0 0 72806000 2097152 38726592 3098128 0
-2097152 0 1 0 0 0 0 2222 72806000 34079408 0 37177536 0 0 0 0 72806000 2097152 38726592 3098128 0
-2097152 0 1 0 1 0 0 -47 -1549056 37177536 0 34079408 0 0 0 0 -1549056 -2097152 -38726592 -3098128 0
-2097152 0 1 0 0 0 0 -47 -1549056 37177536 0 34079408 0 0 0 0 -1549056 -2097152 -38726592 -3098128 0
-2097152 0 1 0 0 0 0 -47 -1549056 37177536 0 34079408 0 0 0 0 -1549056 -2097152 -38726592 -3098128 0
-2097152 0 1 0 0 0 0 -47 -1549056 37177536 0 34079408 0 0 0 0 -1549056 -2097152 -38726592 -3098128 0
-2097152 0 1 0 0 0 0 -47 -1549056 37177536 0 34079408 0 0 0 0 -1549056 -2097152 -38726592 -3098128 0
-2097152 0 1 0 0 0 0 -47 -1549056 37177536 0 34079408 0 0 0 0 -1549056 -2097152 -38726592 -3098128 0
-2097152 0 1 0 0 0 0 -47 -1549056 37177536 0 34079408 0 0 0 0 -1549056 -2097152 -38726592 -3098128 0
-2097152 0 1 0 0 0 0 -47 -1549056 37177536 0 34079408 0 0 0 0 -1549056 -2097152 -38726592 -3098128 0
-2097152 0 1 0 0 0 0 -47 -1549056 37177536 0 34079408 0 0 0 0 -1549056 -2097152 -38726592 -3098128 0
-2097152 0 1 0 0 0 0 -47 -1549056 37177536 0 34079408 0 0 0 0 -1549056 -2097152 -38726592 -3098128 0
-2097152 0 1 0 1 0 0 -142 -4647184 34079408 0 30981280 0 0 0 0 -4647184 -2097152 -38726592 -3098128 0
-2097152 0 1 0 0 0 0 -142 -4647184 34079408 0 30981280 0 0 0 0 -4647184 -2097152 -38726592 -3098128 0
-2097152 0 1 0 0 0 0 -142 -4647184 34079408 0 30981280 0 0 0 0 -4647184 -2097152 -38726592 -3098128 0
-2097152 0 1 0 0 0 0 -142 -4647184 34079408 0 30981280 0 0 0 0 -4647184 -2097152 -38726592 -3098128 0
-2097152 0 1 0 0 0 0 -142 -4647184 34079408 0 30981280 0 0 0 0 -4647184 -2097152 -38726592 -3098128 0
-2097152 0 1 0 0 0 0 -142 -4647184 34079408 0 30981280 0 0 0 0 -4647184 -2097152 -38726592 -3098128 0
-2097152 0 1 0 0 0 0 -142 -4647184 34079408 0 30981280 0 0 0 0 -4647184 -2097152 -38726592 -3098128 0
-2097152 0 1 0 0 0 0 -142 -4647184 34079408 0 30981280 0 0 0 0 -4647184 -2097152 -38726592 -3098128 0
-2097152 0 1 0 0 0 0 -142 -4647184 34079408 0 30981280 0 0 0 0 -4647184 -2097152 -38726592 -3098128 0
-2097152 0 1 0 0 0 0 -142 -4647184 34079408 0 30981280 0 0 0 0 -4647184 -2097152 -38726592 -3098128 0
-2097152 0 1 0 1 0 0 -236 -7745312 30981280 0 27883152 0 0 0 0 -7745312 -2097152 -38726592 -3098128 0
-2097152 0 1 0 0 0 0 -236 -7745312 30981280 0 27883152 0 0 0 0 -7745312 -2097152 -38726592 -3098128 0
-2097152 0 1 0 0 0 0 -236 -7745312 30981280 0 27883152 0 0 0 0 -7745312 -2097152 -38726592 -3098128 0
-2097152 0 1 0 0 0 0 -236 -7745312 30981280 0 27883152 0 0 0 0 -7745312 -2097152 -38726592 -3098128 0
-2097152 0 1 0 0 0 0 -236 -7745312 30981280 0 27883152 0 0 0 0 -7745312 -2097152 -38726592 -3098128 0
-2097152 0 1 0 0 0 0 -236 -7745312 30981280 0 27883152 0 0 0 0 -7745312 -2097152 -38726592 -3098128 0
-2097152 0 1 0 0 0 0 -236 -7745312 30981280 0 27883152 0 0 0 0 -7745312 -2097152 -38726592 -3098128 0
-2097152 0 1 0 0 0 0 -236 -7745312 30981280 0 27883152 0 0 0 0 -7745312 -2097152 -38726592 -3098128 0
-2097152 0 1 0 0 0 0 -236 -7745312 30981280 0 27883152 0 0 0 0 -7745312 -2097152 -38726592 -3098128 0
-2097152 0 1 0 0 0 0 -236 -7745312 30981280 0 27883152 0 0 0 0 -7745312 -2097152 -38726592 -3098128 0
-2097152 0 1 0 1 0 0 -331 -10843440 27883152 0 24785024 0 0 0 0 -10843440 -2097152 -38726592 -3098128 0
-2097152 0 1 0 0 0 0 -331 -10843440 27883152 0 24785024 0 0 0 0 -10843440 -2097152 -38726592 -3098128 0
-2097152 0 1 0 0 0 0 -331 -10843440 27883152 0 24785024 0 0 0 0 -10843440 -2097152 -38726592 -3098128 0
-2097152 0 1 0 0 0 0 -331 -10843440 27883152 0 24785024 0 0 0 0 -10843440 -2097152 -38726592 -3098128 0
-2097152 0 1 0 0 0 0 -331 -10843440 27883152 0 24785024 0 0 0 0 -10843440 -2097152 -38726592 -3098128 0
-2097152 0 1 0 0 0 0 -331 -10843440 27883152 0 24785024 0 0 0 0 -10843440 -2097152 -38726592 -3098128 0
-2097152 0 1 0 0 0 0 -331 -10843440 27883152 0 24785024 0 0 0 0 -10843440 -2097152 -38726592 -3098128 0
-2097152 0 1 0 0 0 0 -331 -10843440 27883152 0 24785024 0 0 0 0 -10843440 -2097152 -38726592 -3098128 0
-2097152 0 1 0 0 0 0 -331 -10843440 27883152 0 24785024 0 0 0 0 -10843440 -2097152 -38726592 -3098128 0
-2097152 0 1 0 0 0 0 -331 -10843440 27883152 0 24785024 0 0 0 0 -10843440 -2097152 -38726592 -3098128 0
-2097152 0 1 0 1 0 0 -425 -13941568 24785024 0 21686896 0 0 0 0 -13941568 -2097152 -38726592 -3098128 0
-2097152 0 1 0 0 0 0 -425 -13941568 24785024 0 21686896 0 0 0 0 -13941568 -2097152 -38726592 -3098128 0
-2097152 0 1 0 0 0 0 -425 -13941568 24785024 0 21686896 0 0 0 0 -13941568 -2097152 -38726592 -3098128 0
-2097152 0 1 0 0 0 0 -425 -13941568 24785024 0 21686896 0 0 0 0 -13941568 -2097152 -38726592 -3098128 0
-2097152 0 1 0 0 0 0 -425 -13941568 24785024 0 21686896 0 0 0 0 -13941568 -2097152 -38726592 -3098128 0
-2097152 0 1 0 0 0 0 -425 -13941568 24785024 0 21686896 0 0 0 0 -13941568 -2097152 -38726592 -3098128 0
-2097152 0 1 0 0 0 0 -425 -13941568 24785024 0 21686896 0 0 0 0 -13941568 -2097152 -38726592 -3098128 0
-2097152 0 1 0 0 0 0 -425 -13941568 24785024 0 21686896 0 0 0 0 -13941568 -2097152 -38726592 -3098128 0
-2097152 0 1 0 0 0 0 -425 -13941568 24785024 0 21686896 0 0 0 0 -13941568 -2097152 -38726592 -3098128 0
-2097152 0 1 0 0 0 0 -425 -13941568 24785024 0 21686896 0 0 0 0 -13941568 -2097152 -38726592 -3098128 0
-2097152 0 1 0 1 0 0 -520 -17039696 21686896 0 18588768 0 0 0 0 -17039696 -2097152 -38726592 -3098128 0
-2097152 0 1 0 0 0 0 -520 -17039696 21686896 0 18588768 0 0 0 0 -17039696 -2097152 -38726592 -3098128 0
-2097152 0 1 0 0 0 0 -520 -17039696 21686896 0 18588768 0 0 0 0 -17039696 -2097152 -38726592 -3098128 0
-2097152 0 1 0 0 0 0 -520 -17039696 21686896 0 18588768 0 0 0 0 -17039696 -2097152 -38726592 -3098128 0
-2097152 0 1 0 0 0 0 -520 -17039696 21686896 0 18588768 0 0 0 0 -17039696 -2097152 -38726592 -3098128 0
-2097152 0 1 0 0 0 0 -520 -17039696 21686896 0 18588768 0 0 0 0 -17039696 -2097152 -38726592 -3098128 0
-2097152 0 1 0 0 0 0 -520 -17039696 21686896 0 18588768 0 0 0 0 -17039696 -2097152 -38726592 -3098128 0
-2097152 0 1 0 0 0 0 -520 -17039696 21686896 0 18588768 0 0 0 0 -17039696 -2097152 -38726592 -3098128 0
-2097152 0 1 0 0 0 0 -520 -17039696 21686896 0 18588768 0 0 0 0 -17039696 -2097152 -38726592 -3098128 0
-2097152 0 1 0 0 0 0 -520 -17039696 21686896 0 18588768 0 0 0 0 -17039696 -2097152 -38726592 -3098128 0
-2097152 0 1 0 1 0 0 -615 -20137824 18588768 0 15490640 0 0 0 0 -20137824 -2097152 -38726592 -3098128 0
-2097152 0 1 0 0 0 0 -615 -20137824 18588768 0 15490640 0 0 0 0 -20137824 -2097152 -38726592 -3098128 0
-2097152 0 1 0 0 0 0 -615 -20137824 18588768 0 15490640 0 0 0 0 -20137824 -2097152 -38726592 -3098128 0
-2097152 0 1 0 0 0 0 -615 -20137824 18588768 0 15490640 0 0 0 0 -20137824 -2097152 -38726592 -3098128 0
-2097152 0 1 0 0 0 0 -615 -20137824 18588768 0 15490640 0 0 0 0 -20137824 -2097152 -38726592 -3098128 0
-2097152 0 1 0 0 0 0 -615 -20137824 18588768 0 15490640 0 0 0 0 -20137824 -2097152 -38726592 -3098128 0
-2097152 0 1 0 0 0 0 -615 -20137824 18588768 0 15490640 0 0 0 0 -20137824 -2097152 -38726592 -3098128 0
-2097152 0 1 0 0 0 0 -615 -20137824 18588768 0 15490640 0 0 0 0 -20137824 -2097152 -38726592 -3098128 0
-2097152 0 1 0 0 0 0 -615 -20137824 18588768 0 15490640 0 0 0 0 -20137824 -2097152 -38726592 -3098128 0
-2097152 0 1 0 0 0 0 -615 -20137824 18588768 0 15490640 0 0 0 0 -20137824 -2097152 -38726592 -3098128 0
-2097152 0 1 0 1 0 0 -709 -23235952 15490640 0 12392512 0 0 0 0 -23235952 -2097152 -38726592 -3098128 0
-2097152 0 1 0 0 0 0 -709 -23235952 15490640 0 12392512 0 0 0 0 -23235952 -2097152 -38726592 -3098128 0
-2097152 0 1 0 0 0 0 -709 -23235952 15490640 0 12392512 0 0 0 0 -23235952 -2097152 -38726592 -3098128 0
-2097152 0 1 0 0 0 0 -709 -23235952 15490640 0 12392512 0 0 0 0 -23235952 -2097152 -38726592 -3098128 0
-2097152 0 1 0 0 0 0 -709 -23235952 15490640 0 12392512 0 0 0 0 -23235952 -2097152 -38726592 -3098128 0
-2097152 0 1 0 0 0 0 -709 -23235952 15490640 0 12392512 0 0 0 0 -23235952 -2097152 -38726592 -3098128 0
-2097152 0 1 0 0 0 0 -709 -23235952 15490640 0 12392512 0 0 0 0 -23235952 -2097152 -38726592 -3098128 0
-2097152 0 1 0 0 0 0 -709 -23235952 15490640 0 12392512 0 0 0 0 -23235952 -2097152 -38726592 -3098128 0
-2097152 0 1 0 0 0 0 -709 -23235952 15490640 0 12392512 0 0 0 0 -23235952 -2097152 -38726592 -3098128 0
-2097152 0 1 0 0 0 0 -709 -23235952 15490640 0 12392512 0 0 0 0 -23235952 -2097152 -38726592 -3098128 0
-2097152 0 1 0 1 0 0 -804 -26334080 12392512 0 9294384 0 0 0 0 -26334080 -2097152 -38726592 -3098128 0
-2097152 0 1 0 0 0 0 -804 -26334080 12392512 0 9294384 0 0 0 0 -26334080 -2097152 -38726592 -3098128 0
-2097152 0 1 0 0 0 0 -804 -26334080 12392512 0 9294384 0 0 0 0 -26334080 -2097152 -38726592 -3098128 0
-2097152 0 1 0 0 0 0 -804 -26334080 12392512 0 9294384 0 0 0 0 -26334080 -2097152 -38726592 -3098128 0
-2097152 0 1 0 0 0 0 -804 -26334080 12392512 0 9294384 0 0 0 0 -26334080 -2097152 -38726592 -3098128 0
-2097152 0 1 0 0 0 0 -804 -26334080 12392512 0 9294384 0 0 0 0 -26334080 -2097152 -38726592 -3098128 0
-2097152 0 1 0 0 0 0 -804 -26334080 12392512 0 9294384 0 0 0 0 -26334080 -2097152 -38726592 -3098128 0
-2097152 0 1 0 0 0 0 -804 -26334080 12392512 0 9294384 0 0 0 0 -26334080 -2097152 -38726592 -3098128 0
-2097152 0 1 0 0 0 0 -804 -26334080 12392512 0 9294384 0 0 0 0 -26334080 -2097152 -38726592 -3098128 0
-2097152 0 1 0 0 0 0 -804 -26334080 12392512 0 9294384 0 0 0 0 -26334080 -2097152 -38726592 -3098128 0
-2097152 0 1 0 1 0 0 -898 -29432208 9294384 0 6196256 0 0 0 0 -29432208 -2097152 -38726592 -3098128 0
-2097152 0 1 0 0 0 0 -898 -29432208 9294384 0 6196256 0 0 0 0 -29432208 -2097152 -38726592 -3098128 0
-2097152 0 1 0 0 0 0 -898 -29432208 9294384 0 6196256 0 0 0 0 -29432208 -2097152 -38726592 -3098128 0
-2097152 0 1 0 0 0 0 -898 -29432208 9294384 0 6196256 0 0 0 0 -29432208 -2097152 -38726592 -3098128 0
-2097152 0 1 0 0 0 0 -898 -29432208 9294384 0 6196256 0 0 0 0 -29432208 -2097152 -38726592 -3098128 0
-2097152 0 1 0 0 0 0 -898 -29432208 9294384 0 6196256 0 0 0 0 -29432208 -2097152 -38726592 -3098128 0
-2097152 0 1 0 0 0 0 -898 -29432208 9294384 0 6196256 0 0 0 0 -29432208 -2097152 -38726592 -3098128 0
-2097152 0 1 0 0 0 0 -898 -29432208 9294384 0 6196256 0 0 0 0 -29432208 -2097152 -38726592 -3098128 0
-2097152 0 1 0 0 0 0 -898 -29432208 9294384 0 6196256 0 0 0 0 -29432208 -2097152 -38726592 -3098128 0
-2097152 0 1 0 0 0 0 -898 -29432208 9294384 0 6196256 0 0 0 0 -29432208 -2097152 -38726592 -3098128 0
-2097152 0 1 0 1 0 0 -993 -32530336 6196256 0 3098128 0 0 0 0 -32530336 -2097152 -38726592 -3098128 0
-2097152 0 1 0 0 0 0 -993 -32530336 6196256 0 3098128 0 0 0 0 -32530336 -2097152 -38726592 -3098128 0
-2097152 0 1 0 0 0 0 -993 -32530336 6196256 0 3098128 0 0 0 0 -32530336 -2097152 -38726592 -3098128 0
-2097152 0 1 0 0 0 0 -993 -32530336 6196256 0 3098128 0 0 0 0 -32530336 -2097152 -38726592 -3098128 0
-2097152 0 1 0 0 0 0 -993 -32530336 6196256 0 3098128 0 0 0 0 -32530336 -2097152 -38726592 -3098128 0
-2097152 0 1 0 0 0 0 -993 -32530336 6196256 0 3098128 0 0 0 0 -32530336 -2097152 -38726592 -3098128 0
-2097152 0 1 0 0 0 0 -993 -32530336 6196256 0 3098128 0 0 0 0 -32530336 -2097152 -38726592 -3098128 0
-2097152 0 1 0 0 0 0 -993 -32530336 6196256 0 3098128 0 0 0 0 -32530336 -2097152 -38726592 -3098128 0
-2097152 0 1 0 0 0 0 -993 -32530336 6196256 0 3098128 0 0 0 0 -32530336 -2097152 -38726592 -3098128 0
-2097152 0 1 0 0 0 0 -993 -32530336 6196256 0 3098128 0 0 0 0 -32530336 -2097152 -38726592 -3098128 0
-2097152 0 1 0 1 0 0 -1087 -35628464 3098128 0 0 0 0 0 0 -35628464 -2097152 -38726592 -3098128 0
116292174 0 1 0 0 0 0 -1087 -35628464 3098128 0 0 0 0 0 0 -35628464 -2097152 -38726592 -3098128 0
116292174 0 1 0 0 0 0 -1087 -35628464 3098128 0 0 0 0 0 0 -35628464 -2097152 -38726592 -3098128 0
116292174 0 1 0 0 0 0 -1087 -35628464 3098128 0 0 0 0 0 0 -35628464 -2097152 -38726592 -3098128 0
116292174 0 1 0 0 0 0 -1087 -35628464 3098128 0 0 0 0 0 0 -35628464 -2097152 -38726592 -3098128 0
116292174 0 1 0 0 0 0 -1087 -35628464 3098128 0 0 0 0 0 0 -35628464 -2097152 -38726592 -3098128 0
116292174 0 1 0 0 0 0 -1087 -35628464 3098128 0 0 0 0 0 0 -35628464 -2097152 -38726592 -3098128 0
116292174 0 1 0 0 0 0 -1087 -35628464 3098128 0 0 0 0 0 0 -35628464 -2097152 -38726592 -3098128 0
116292174 0 1 0 0 0 0 -1087 -35628464 3098128 0 0 0 0 0 0 -35628464 -2097152 -38726592 -3098128 0
116292174 0 1 0 0 0 0 -1087 -35628464 3098128 0 0 0 0 0 0 -35628464 -2097152 -38726592 -3098128 0
116292174 0 1 0 1 0 0 32768 2147483623 0 1 171798725 0 1073741799 0 0 1073741824 116292174 2147483623 171798725 0
116292174 0 1 0 0 0 0 32768 2147483623 0 1 171798725 0 1073741799 0 0 1073741824 116292174 2147483623 171798725 0
116292174 0 1 0 0 0 0 32768 2147483623 0 1 171798725 0 1073741799 0 0 1073741824 116292174 2147483623 171798725 0
116292174 0 1 0 0 0 0 32768 2147483623 0 1 171798725 0 1073741799 0 0 1073741824 116292174 2147483623 171798725 0
116292174 0 1 0 0 0 0 32768 2147483623 0 1 171798725 0 1073741799 0 0 1073741824 116292174 2147483623 171798725 0
116292174 0 1 0 0 0 0 32768 2147483623 0 1 171798725 0 1073741799 0 0 1073741824 116292174 2147483623 171798725 0
116292174 0 1 0 0 0 0 32768 2147483623 0 1 171798725 0 1073741799 0 0 1073741824 116292174 2147483623 171798725 0
116292174 0 1 0 0 0 0 32768 2147483623 0 1 171798725 0 1073741799 0 0 1073741824 116292174 2147483623 171798725 0
116292174 0 1 0 0 0 0 32768 2147483623 0 1 171798725 0 1073741799 0 0 1073741824 116292174 2147483623 171798725 0
116292174 0 1 0 0 0 0 32768 2147483623 0 1 171798725 0 1073741799 0 0 1073741824 116292174 2147483623 171798725 0
116292174 0 1 0 1 0 0 32768 2319282348 171798725 1 257698106 1073741799 1245540524 0 0 1073741824 116292174 2147483623 171798725 85899344
116292174 0 1 0 0 0 0 32768 2319282348 171798725 1 257698106 1073741799 1245540524 0 0 1073741824 116292174 2147483623 171798725 85899344
116292174 0 1 0 0 0 0 32768 2319282348 171798725 1 257698106 1073741799 1245540524 0 0 1073741824 116292174 2147483623 171798725 85899344
116292174 0 1 0 0 0 0 32768 2319282348 171798725 1 257698106 1073741799 1245540524 0 0 1073741824 116292174 2147483623 171798725 85899344
116292174 0 1 0 0 0 0 32768 2319282348 171798725 1 257698106 1073741799 1245540524 0 0 1073741824 116292174 2147483623 171798725 85899344
116292174 0 1 0 0 0 0 32768 2319282348 171798725 1 257698106 1073741799 1245540524 0 0 1073741824 116292174 2147483623 171798725 85899344
116292174 0 1 0 0 0 0 32768 2319282348 171798725 1 257698106 1073741799 1245540524 0 0 1073741824 116292174 2147483623 171798725 85899344
116292174 0 1 0 0 0 0 32768 2319282348 171798725 1 257698106 1073741799 1245540524 0 0 1073741824 116292174 2147483623 171798725 85899344
116292174 0 1 0 0 0 0 32768 2319282348 171798725 1 257698106 1073741799 1245540524 0 0 1073741824 116292174 2147483623 171798725 85899344
116292174 0 1 0 0 0 0 32768 2319282348 171798725 1 257698106 1073741799 1245540524 0 0 1073741824 116292174 2147483623 171798725 85899344
116292174 0 1 0 1 0 0 32768 2405181729 257698106 1 329853589 1245540524 1331439905 0 0 1073741824 116292174 2147483623 171798725 99643242
116292174 0 1 0 0 0 0 32768 2405181729 257698106 1 329853589 1245540524 1331439905 0 0 1073741824 116292174 2147483623 171798725 99643242
116292174 0 1 0 0 0 0 32768 2405181729 257698106 1 329853589 1245540524 1331439905 0 0 1073741824 116292174 2147483623 171798725 99643242
116292174 0 1 0 0 0 0 32768 2405181729 257698106 1 329853589 1245540524 1331439905 0 0 1073741824 116292174 2147483623 171798725 99643242
116292174 0 1 0 0 0 0 32768 2405181729 257698106 1 329853589 1245540524 1331439905 0 0 1073741824 116292174 2147483623 171798725 99643242
116292174 0 1 0 0 0 0 32768 2405181729 257698106 1 329853589 1245540524 1331439905 0 0 1073741824 116292174 2147483623 171798725 99643242
116292174 0 1 0 0 0 0 32768 2405181729 257698106 1 329853589 1245540524 1331439905 0 0 1073741824 116292174 2147483623 171798725 99643242
116292174 0 1 0 0 0 0 32768 2405181729 257698106 1 329853589 1245540524 1331439905 0 0 1073741824 116292174 2147483623 171798725 99643242
116292174 0 1 0 0 0 0 32768 2405181729 257698106 1 329853589 1245540524 1331439905 0 0 1073741824 116292174 2147483623 171798725 99643242
116292174 0 1 0 0 0 0 32768 2405181729 257698106 1 329853589 1245540524 1331439905 0 0 1073741824 116292174 2147483623 171798725 99643242
116292174 0 1 0 1 0 0 32768 2477337212 329853589 1 395137122 1331439905 1403595388 0 0 1073741824 116292174 2147483623 171798725 106515192
116292174 0 1 0 0 0 0 32768 2477337212 329853589 1 395137122 1331439905 1403595388 0 0 1073741824 116292174 2147483623 171798725 106515192
116292174 0 1 0 0 0 0 32768 2477337212 329853589 1 395137122 1331439905 1403595388 0 0 1073741824 116292174 2147483623 171798725 106515192
116292174 0 1 0 0 0 0 32768 2477337212 329853589 1 395137122 1331439905 1403595388 0 0 1073741824 116292174 2147483623 171798725 106515192
116292174 0 1 0 0 0 0 32768 2477337212 329853589 1 395137122 1331439905 1403595388 0 0 1073741824 116292174 2147483623 171798725 106515192
116292174 0 1 0 0 0 0 32768 2477337212 329853589 1 395137122 1331439905 1403595388 0 0 1073741824 116292174 2147483623 171798725 106515192
116292174 0 1 0 0 0 0 32768 2477337212 329853589 1 395137122 1331439905 1403595388 0 0 1073741824 116292174 2147483623 171798725 106515192
116292174 0 1 0 0 0 0 32768 2477337212 329853589 1 395137122 1331439905 1403595388 0 0 1073741824 116292174 2147483623 171798725 106515192
116292174 0 1 0 0 0 0 32768 2477337212 329853589 1 395137122 1331439905 1403595388 0 0 1073741824 116292174 2147483623 171798725 106515192
116292174 0 1 0 0 0 0 32768 2477337212 329853589 1 395137122 1331439905 1403595388 0 0 1073741824 116292174 2147483623 171798725 106515192
116292174 0 1 0 1 0 0 32768 2542620745 395137122 1 454648216 1403595388 1468878921 0 0 1073741824 116292174 2147483623 171798725 112287631
116292174 0 1 0 0 0 0 32768 2542620745 395137122 1 454648216 1403595388 1468878921 0 0 1073741824 116292174 2147483623 171798725 112287631
116292174 0 1 0 0 0 0 32768 2542620745 395137122 1 454648216 1403595388 1468878921 0 0 1073741824 116292174 2147483623 171798725 112287631
116292174 0 1 0 0 0 0 32768 2542620745 395137122 1 454648216 1403595388 1468878921 0 0 1073741824 116292174 2147483623 171798725 112287631
116292174 0 1 0 0 0 0 32768 2542620745 395137122 1 454648216 1403595388 1468878921 0 0 1073741824 116292174 2147483623 171798725 112287631
116292174 0 1 0 0 0 0 32768 2542620745 395137122 1 454648216 1403595388 1468878921 0 0 1073741824 116292174 2147483623 171798725 112287631
116292174 0 1 0 0 0 0 32768 2542620745 395137122 1 454648216 1403595388 1468878921 0 0 1073741824 116292174 2147483623 171798725 112287631
116292174 0 1 0 0 0 0 32768 2542620745 395137122 1 454648216 1403595388 1468878921 0 0 1073741824 116292174 2147483623 171798725 112287631
116292174 0 1 0 0 0 0 32768 2542620745 395137122 1 454648216 1403595388 1468878921 0 0 1073741824 116292174 2147483623 171798725 112287631
116292174 0 1 0 0 0 0 32768 2542620745 395137122 1 454648216 1403595388 1468878921 0 0 1073741824 116292174 2147483623 171798725 112287631
116292174 0 1 0 1 0 0 32768 2602131839 454648216 1 508936627 1468878921 1528390015 0 0 1073741824 116292174 2147483623 171798725 117510314
116292174 0 1 0 0 0 0 32768 2602131839 454648216 1 508936627 1468878921 1528390015 0 0 1073741824 116292174 2147483623 171798725 117510314
116292174 0 1 0 0 0 0 32768 2602131839 454648216 1 508936627 1468878921 1528390015 0 0 1073741824 116292174 2147483623 171798725 117510314
116292174 0 1 0 0 0 0 32768 2602131839 454648216 1 508936627 1468878921 1528390015 0 0 1073741824 116292174 2147483623 171798725 117510314
116292174 0 1 0 0 0 0 32768 2602131839 454648216 1 508936627 1468878921 1528390015 0 0 1073741824 116292174 2147483623 171798725 117510314
116292174 0 1 0 0 0 0 32768 2602131839 454648216 1 508936627 1468878921 1528390015 0 0 1073741824 116292174 2147483623 171798725 117510314
116292174 0 1 0 0 0 0 32768 2602131839 454648216 1 508936627 1468878921 1528390015 0 0 1073741824 116292174 2147483623 171798725 117510314
116292174 0 1 0 0 0 0 32768 2602131839 454648216 1 508936627 1468878921 1528390015 0 0 1073741824 116292174 2147483623 171798725 117510314
116292174 0 1 0 0 0 0 32768 2602131839 454648216 1 508936627 1468878921 1528390015 0 0 1073741824 116292174 2147483623 171798725 117510314
116292174 0 1 0 0 0 0 32768 2602131839 454648216 1 508936627 1468878921 1528390015 0 0 1073741824 116292174 2147483623 171798725 117510314
116292174 0 1 0 1 0 0 32768 2656420250 508936627 1 536870912 1528390015 1582678426 0 0 1073741824 116292174 2147483623 171798725 122271201
116292174 0 1 0 0 0 0 32768 2656420250 508936627 1 536870912 1528390015 1582678426 0 0 1073741824 116292174 2147483623 171798725 122271201
116292174 0 1 0 0 0 0 32768 2656420250 508936627 1 536870912 1528390015 1582678426 0 0 1073741824 116292174 2147483623 171798725 122271201
116292174 0 1 0 0 0 0 32768 2656420250 508936627 1 536870912 1528390015 1582678426 0 0 1073741824 116292174 2147483623 171798725 122271201
116292174 0 1 0 0 0 0 32768 2656420250 508936627 1 536870912 1528390015 1582678426 0 0 1073741824 116292174 2147483623 171798725 122271201
116292174 0 1 0 0 0 0 32768 2656420250 508936627 1 536870912 1528390015 1582678426 0 0 1073741824 116292174 2147483623 171798725 122271201
116292174 0 1 0 0 0 0 32768 2656420250 508936627 1 536870912 1528390015 1582678426 0 0 1073741824 116292174 2147483623 171798725 122271201
116292174 0 1 0 0 0 0 32768 2656420250 508936627 1 536870912 1528390015 1582678426 0 0 1073741824 116292174 2147483623 171798725 122271201
116292174 0 1 0 0 0 0 32768 2656420250 508936627 1 536870912 1528390015 1582678426 0 0 1073741824 116292174 2147483623 171798725 122271201
116292174 0 1 0 0 0 0 32768 2656420250 508936627 1 536870912 1528390015 1582678426 0 0 1073741824 116292174 2147483623 171798725 122271201
116292174 0 1 0 1 0 0 32768 2684354535 536870912 1 536870912 1582678426 1610612711 0 0 1073741824 116292174 2147483623 171798725 126614274
116292174 0 1 0 0 0 0 32768 2684354535 536870912 1 536870912 1582678426 1610612711 0 0 1073741824 116292174 2147483623 171798725 126614274
116292174 0 1 0 0 0 0 32768 2684354535 536870912 1 536870912 1582678426 1610612711 0 0 1073741824 116292174 2147483623 171798725 126614274
116292174 0 1 0 0 0 0 32768 2684354535 536870912 1 536870912 1582678426 1610612711 0 0 1073741824 116292174 2147483623 171798725 126614274
116292174 0 1 0 0 0 0 32768 2684354535 536870912 1 536870912 1582678426 1610612711 0 0 1073741824 116292174 2147483623 171798725 126614274
116292174 0 1 0 0 0 0 32768 2684354535 536870912 1 536870912 1582678426 1610612711 0 0 1073741824 116292174 2147483623 171798725 126614274
116292174 0 1 0 0 0 0 32768 2684354535 536870912 1 536870912 1582678426 1610612711 0 0 1073741824 116292174 2147483623 171798725 126614274
116292174 0 1 0 0 0 0 32768 2684354535 536870912 1 536870912 1582678426 1610612711 0 0 1073741824 116292174 2147483623 171798725 126614274
116292174 0 1 0 0 0 0 32768 2684354535 536870912 1 536870912 1582678426 1610612711 0 0 1073741824 116292174 2147483623 171798725 126614274
116292174 0 1 0 0 0 0 32768 2684354535 536870912 1 536870912 1582678426 1610612711 0 0 1073741824 116292174 2147483623 171798725 126614274
116292174 0 1 0 1 0 0 32768 2684354535 536870912 1 536870912 1610612711 1610612711 0 0 1073741824 116292174 2147483623 171798725 128849017
116292174 0 1 0 0 0 0 32768 2684354535 536870912 1 536870912 1610612711 1610612711 0 0 1073741824 116292174 2147483623 171798725 128849017
116292174 0 1 0 0 0 0 32768 2684354535 536870912 1 536870912 1610612711 1610612711 0 0 1073741824 116292174 2147483623 171798725 128849017
116292174 0 1 0 0 0 0 32768 2684354535 536870912 1 536870912 1610612711 1610612711 0 0 1073741824 116292174 2147483623 171798725 128849017
116292174 0 1 0 0 0 0 32768 2684354535 536870912 1 536870912 1610612711 1610612711 0 0 1073741824 116292174 2147483623 171798725 128849017
116292174 0 1 0 0 0 0 32768 2684354535 536870912 1 536870912 1610612711 1610612711 0 0 1073741824 116292174 2147483623 171798725 128849017
116292174 0 1 0 0 0 0 32768 2684354535 536870912 1 536870912 1610612711 1610612711 0 0 1073741824 116292174 2147483623 171798725 128849017
116292174 0 1 0 0 0 0 32768 2684354535 536870912 1 536870912 1610612711 1610612711 0 0 1073741824 116292174 2147483623 171798725 128849017
116292174 0 1 0 0 0 0 32768 2684354535 536870912 1 536870912 1610612711 1610612711 0 0 1073741824 116292174 2147483623 171798725 128849017
116292174 0 1 0 0 0 0 32768 2684354535 536870912 1 536870912 1610612711 1610612711 0 0 1073741824 116292174 2147483623 171798725 128849017
116292174 0 1 0 1 0 0 32768 2684354535 536870912 1 536870912 1610612711 1610612711 0 0 1073741824 116292174 2147483623 171798725 128849017
116292174 0 1 0 0 0 0 32768 2684354535 536870912 1 536870912 1610612711 1610612711 0 0 1073741824 116292174 2147483623 171798725 128849017
116292174 0 1 0 0 0 0 32768 2684354535 536870912 1 536870912 1610612711 1610612711 0 0 1073741824 116292174 2147483623 171798725 128849017
116292174 0 1 0 0 0 0 32768 2684354535 536870912 1 536870912 1610612711 1610612711 0 0 1073741824 116292174 2147483623 171798725 128849017
116292174 0 1 0 0 0 0 32768 2684354535 536870912 1 536870912 1610612711 1610612711 0 0 1073741824 116292174 2147483623 171798725 128849017
116292174 0 1 0 0 0 0 32768 2684354535 536870912 1 536870912 1610612711 1610612711 0 0 1073741824 116292174 2147483623 171798725 128849017
116292174 0 1 0 0 0 0 32768 2684354535 536870912 1 536870912 1610612711 1610612711 0 0 1073741824 116292174 2147483623 171798725 128849017
116292174 0 1 0 0 0 0 32768 2684354535 536870912 1 536870912 1610612711 1610612711 0 0 1073741824 116292174 2147483623 171798725 128849017
116292174 0 1 0 0 0 0 32768 2684354535 536870912 1 536870912 1610612711 1610612711 0 0 1073741824 116292174 2147483623 171798725 128849017
116292174 0 1 0 0 0 0 32768 2684354535 536870912 1 536870912 1610612711 1610612711 0 0 1073741824 116292174 2147483623 171798725 128849017
116292174 0 1 0 1 0 0 32768 2684354535 536870912 1 536870912 1610612711 1610612711 0 0 1073741824 116292174 2147483623 171798725 128849017
116292174 0 1 0 0 0 0 32768 2684354535 536870912 1 536870912 1610612711 1610612711 0 0 1073741824 116292174 2147483623 171798725 128849017
116292174 0 1 0 0 0 0 32768 2684354535 536870912 1 536870912 1610612711 1610612711 0 0 1073741824 116292174 2147483623 171798725 128849017
116292174 0 1 0 0 0 0 32768 2684354535 536870912 1 536870912 1610612711 1610612711 0 0 1073741824 116292174 2147483623 171798725 128849017
116292174 0 1 0 0 0 0 32768 2684354535 536870912 1 536870912 1610612711 1610612711 0 0 1073741824 116292174 2147483623 171798725 128849017
116292174 0 1 0 0 0 0 32768 2684354535 536870912 1 536870912 1610612711 1610612711 0 0 1073741824 116292174 2147483623 171798725 128849017
116292174 0 1 0 0 0 0 32768 2684354535 536870912 1 536870912 1610612711 1610612711 0 0 1073741824 116292174 2147483623 171798725 128849017
116292174 0 1 0 0 0 0 32768 2684354535 536870912 1 536870912 1610612711 1610612711 0 0 1073741824 116292174 2147483623 171798725 128849017
116292174 0 1 0 0 0 0 32768 2684354535 536870912 1 536870912 1610612711 1610612711 0 0 1073741824 116292174 2147483623 171798725 128849017
116292174 0 1 0 0 0 0 32768 2684354535 536870912 1 536870912 1610612711 1610612711 0 0 1073741824 116292174 2147483623 171798725 128849017
116292174 0 1 0 1 0 0 32768 2684354535 536870912 1 536870912 1610612711 1610612711 0 0 1073741824 116292174 2147483623 171798725 128849017
116292174 0 1 0 0 0 0 32768 2684354535 536870912 1 536870912 1610612711 1610612711 0 0 1073741824 116292174 2147483623 171798725 128849017
116292174 0 1 0 0 0 0 32768 2684354535 536870912 1 536870912 1610612711 1610612711 0 0 1073741824 116292174 2147483623 171798725 128849017
116292174 0 1 0 0 0 0 32768 2684354535 536870912 1 536870912 1610612711 1610612711 0 0 1073741824 116292174 2147483623 171798725 128849017
116292174 0 1 0 0 0 0 32768 2684354535 536870912 1 536870912 1610612711 1610612711 0 0 1073741824 116292174 2147483623 171798725 128849017
116292174 0 1 0 0 0 0 32768 2684354535 536870912 1 536870912 1610612711 1610612711 0 0 1073741824 116292174 2147483623 171798725 128849017
116292174 0 1 0 0 0 0 32768 2684354535 536870912 1 536870912 1610612711 1610612711 0 0 1073741824 116292174 2147483623 171798725 128849017
116292174 0 1 0 0 0 0 32768 2684354535 536870912 1 536870912 1610612711 1610612711 0 0 1073741824 116292174 2147483623 171798725 128849017
116292174 0 1 0 0 0 0 32768 2684354535 536870912 1 536870912 1610612711 1610612711 0 0 1073741824 116292174 2147483623 171798725 128849017
116292174 0 1 0 0 0 0 32768 2684354535 536870912 1 536870912 1610612711 1610612711 0 0 1073741824 116292174 2147483623 171798725 128849017
116292174 0 1 0 1 0 0 32768 2684354535 536870912 1 536870912 1610612711 1610612711 0 0 1073741824 116292174 2147483623 171798725 128849017
116292174 0 1 0 0 0 0 32768 2684354535 536870912 1 536870912 1610612711 1610612711 0 0 1073741824 116292174 2147483623 171798725 128849017
116292174 0 1 0 0 0 0 32768 2684354535 536870912 1 536870912 1610612711 1610612711 0 0 1073741824 116292174 2147483623 171798725 128849017
116292174 0 1 0 0 0 0 32768 2684354535 536870912 1 536870912 1610612711 1610612711 0 0 1073741824 116292174 2147483623 171798725 128849017
116292174 0 1 0 0 0 0 32768 2684354535 536870912 1 536870912 1610612711 1610612711 0 0 1073741824 116292174 2147483623 171798725 128849017
116292174 0 1 0 0 0 0 32768 2684354535 536870912 1 536870912 1610612711 1610612711 0 0 1073741824 116292174 2147483623 171798725 128849017
116292174 0 1 0 0 0 0 32768 2684354535 536870912 1 536870912 1610612711 1610612711 0 0 1073741824 116292174 2147483623 171798725 128849017
116292174 0 1 0 0 0 0 32768 2684354535 536870912 1 536870912 1610612711 1610612711 0 0 1073741824 116292174 2147483623 171798725 128849017
116292174 0 1 0 0 0 0 32768 2684354535 536870912 1 536870912 1610612711 1610612711 0 0 1073741824 116292174 2147483623 171798725 128849017
116292174 0 1 0 0 0 0 32768 2684354535 536870912 1 536870912 1610612711 1610612711 0 0 1073741824 116292174 2147483623 171798725 128849017
116292174 0 1 0 1 0 0 32768 2684354535 536870912 1 536870912 1610612711 1610612711 0 0 1073741824 116292174 2147483623 171798725 128849017
116292174 0 1 0 0 0 0 32768 2684354535 536870912 1 536870912 1610612711 1610612711 0 0 1073741824 116292174 2147483623 171798725 128849017
116292174 0 1 0 0 0 0 32768 2684354535 536870912 1 536870912 1610612711 1610612711 0 0 1073741824 116292174 2147483623 171798725 128849017
116292174 0 1 0 0 0 0 32768 2684354535 536870912 1 536870912 1610612711 1610612711 0 0 1073741824 116292174 2147483623 171798725 128849017
116292174 0 1 0 0 0 0 32768 2684354535 536870912 1 536870912 1610612711 1610612711 0 0 1073741824 116292174 2147483623 171798725 128849017
116292174 0 1 0 0 0 0 32768 2684354535 536870912 1 536870912 1610612711 1610612711 0 0 1073741824 116292174 2147483623 171798725 128849017
116292174 0 1 0 0 0 0 32768 2684354535 536870912 1 536870912 1610612711 1610612711 0 0 1073741824 116292174 2147483623 171798725 128849017
116292174 0 1 0 0 0 0 32768 2684354535 536870912 1 536870912 1610612711 1610612711 0 0 1073741824 116292174 2147483623 171798725 128849017
116292174 0 1 0 0 0 0 32768 2684354535 536870912 1 536870912 1610612711 1610612711 0 0 1073741824 116292174 2147483623 171798725 128849017
116292174 0 1 0 0 0 0 32768 2684354535 536870912 1 536870912 1610612711 1610612711 0 0 1073741824 116292174 2147483623 171798725 128849017
116292174 0 1 0 1 0 0 32768 2684354535 536870912 1 536870912 1610612711 1610612711 0 0 1073741824 116292174 2147483623 171798725 128849017
116292174 0 1 0 0 0 0 32768 2684354535 536870912 1 536870912 1610612711 1610612711 0 0 1073741824 116292174 2147483623 171798725 128849017
116292174 0 1 0 0 0 0 32768 2684354535 536870912 1 536870912 1610612711 1610612711 0 0 1073741824 116292174 2147483623 171798725 128849017
116292174 0 1 0 0 0 0 32768 2684354535 536870912 1 536870912 1610612711 1610612711 0 0 1073741824 116292174 2147483623 171798725 128849017
116292174 0 1 0 0 0 0 32768 2684354535 536870912 1 536870912 1610612711 1610612711 0 0 1073741824 116292174 2147483623 171798725 128849017
116292174 0 1 0 0 0 0 32768 2684354535 536870912 1 536870912 1610612711 1610612711 0 0 1073741824 116292174 2147483623 171798725 128849017
116292174 0 1 0 0 0 0 32768 2684354535 536870912 1 536870912 1610612711 1610612711 0 0 1073741824 116292174 2147483623 171798725 128849017
116292174 0 1 0 0 0 0 32768 2684354535 536870912 1 536870912 1610612711 1610612711 0 0 1073741824 116292174 2147483623 171798725 128849017
116292174 0 1 0 0 0 0 32768 2684354535 536870912 1 536870912 1610612711 1610612711 0 0 1073741824 116292174 2147483623 171798725 128849017
116292174 0 1 0 0 0 0 32768 2684354535 536870912 1 536870912 1610612711 1610612711 0 0 1073741824 116292174 2147483623 171798725 128849017
116292174 0 1 0 1 0 0 32768 2684354535 536870912 1 536870912 1610612711 1610612711 0 0 1073741824 116292174 2147483623 171798725 128849017
116292174 0 1 0 0 0 0 32768 2684354535 536870912 1 536870912 1610612711 1610612711 0 0 1073741824 116292174 2147483623 171798725 128849017
116292174 0 1 0 0 0 0 32768 2684354535 536870912 1 536870912 1610612711 1610612711 0 0 1073741824 116292174 2147483623 171798725 128849017
116292174 0 1 0 0 0 0 32768 2684354535 536870912 1 536870912 1610612711 1610612711 0 0 1073741824 116292174 2147483623 171798725 128849017
116292174 0 1 0 0 0 0 32768 2684354535 536870912 1 536870912 1610612711 1610612711 0 0 1073741824 116292174 2147483623 171798725 128849017
116292174 0 1 0 0 0 0 32768 2684354535 536870912 1 536870912 1610612711 1610612711 0 0 1073741824 116292174 2147483623 171798725 128849017
116292174 0 1 0 0 0 0 32768 2684354535 536870912 1 536870912 1610612711 1610612711 0 0 1073741824 116292174 2147483623 171798725 128849017
116292174 0 1 0 0 0 0 32768 2684354535 536870912 1 536870912 1610612711 1610612711 0 0 1073741824 116292174 2147483623 171798725 128849017
116292174 0 1 0 0 0 0 32768 2684354535 536870912 1 536870912 1610612711 1610612711 0 0 1073741824 116292174 2147483623 171798725 128849017
116292174 0 1 0 0 0 0 32768 2684354535 536870912 1 536870912 1610612711 1610612711 0 0 1073741824 116292174 2147483623 171798725 128849017
116292174 0 1 1 1 0 0 0 2684354535 536870912 1 0 1610612711 1610612711 1 1 1073741824 116292174 2147483623 171798725 128849017
116292174 0 1 0 0 0 0 0 2684354535 536870912 1 0 1610612711 1610612711 1 1 1073741824 116292174 2147483623 171798725 128849017
116292174 0 1 0 0 0 0 0 2684354535 536870912 1 0 1610612711 1610612711 1 1 1073741824 116292174 2147483623 171798725 128849017
116292174 0 1 0 0 0 0 0 2684354535 536870912 1 0 1610612711 1610612711 1 1 1073741824 116292174 2147483623 171798725 128849017
116292174 0 1 0 0 0 0 0 2684354535 536870912 1 0 1610612711 1610612711 1 1 1073741824 116292174 2147483623 171798725 128849017
116292174 0 1 0 0 0 0 0 2684354535 536870912 1 0 1610612711 1610612711 1 1 1073741824 116292174 2147483623 171798725 128849017
116292174 0 1 0 0 0 0 0 2684354535 536870912 1 0 1610612711 1610612711 1 1 1073741824 116292174 2147483623 171798725 128849017
116292174 0 1 0 0 0 0 0 2684354535 536870912 1 0 1610612711 1610612711 1 1 1073741824 116292174 2147483623 171798725 128849017
116292174 0 1 0 0 0 0 0 2684354535 536870912 1 0 1610612711 1610612711 1 1 1073741824 116292174 2147483623 171798725 128849017
116292174 0 1 0 0 0 0 0 2684354535 536870912 1 0 1610612711 1610612711 1 1 1073741824 116292174 2147483623 171798725 128849017
116292174 0 1 0 1 0 0 32768 2147483623 0 1 42949708 1610612711 1073741799 0 0 1073741824 116292174 2147483623 171798725 128849017
116292174 0 1 0 0 0 0 32768 2147483623 0 1 42949708 1610612711 1073741799 0 0 1073741824 116292174 2147483623 171798725 128849017
116292174 0 1 0 0 0 0 32768 2147483623 0 1 42949708 1610612711 1073741799 0 0 1073741824 116292174 2147483623 171798725 128849017
116292174 0 1 0 0 0 0 32768 2147483623 0 1 42949708 1610612711 1073741799 0 0 1073741824 116292174 2147483623 171798725 128849017
116292174 0 1 0 0 0 0 32768 2147483623 0 1 42949708 1610612711 1073741799 0 0 1073741824 116292174 2147483623 171798725 128849017
116292174 0 1 0 0 0 0 32768 2147483623 0 1 42949708 1610612711 1073741799 0 0 1073741824 116292174 2147483623 171798725 128849017
116292174 0 1 0 0 0 0 32768 2147483623 0 1 42949708 1610612711 1073741799 0 0 1073741824 116292174 2147483623 171798725 128849017
116292174 0 1 0 0 0 0 32768 2147483623 0 1 42949708 1610612711 1073741799 0 0 1073741824 116292174 2147483623 171798725 128849017
116292174 0 1 0 0 0 0 32768 2147483623 0 1 42949708 1610612711 1073741799 0 0 1073741824 116292174 2147483623 171798725 128849017
116292174 0 1 0 0 0 0 32768 2147483623 0 1 42949708 1610612711 1073741799 0 0 1073741824 116292174 2147483623 171798725 128849017
116292174 0 1 0 1 0 0 32768 2190433331 42949708 1 128849089 1073741799 1116691507 0 0 1073741824 116292174 2147483623 171798725 85899344
116292174 0 1 0 0 0 0 32768 2190433331 42949708 1 128849089 1073741799 1116691507 0 0 1073741824 116292174 2147483623 171798725 85899344
116292174 0 1 0 0 0 0 32768 2190433331 42949708 1 128849089 1073741799 1116691507 0 0 1073741824 116292174 2147483623 171798725 85899344
116292174 0 1 0 0 0 0 32768 2190433331 42949708 1 128849089 1073741799 1116691507 0 0 1073741824 116292174 2147483623 171798725 85899344
116292174 0 1 0 0 0 0 32768 2190433331 42949708 1 128849089 1073741799 1116691507 0 0 1073741824 116292174 2147483623 171798725 85899344
116292174 0 1 0 0 0 0 32768 2190433331 42949708 1 128849089 1073741799 1116691507 0 0 1073741824 116292174 2147483623 171798725 85899344
116292174 0 1 0 0 0 0 32768 2190433331 42949708 1 128849089 1073741799 1116691507 0 0 1073741824 116292174 2147483623 171798725 85899344
116292174 0 1 0 0 0 0 32768 2190433331 42949708 1 128849089 1073741799 1116691507 0 0 1073741824 116292174 2147483623 171798725 85899344
116292174 0 1 0 0 0 0 32768 2190433331 42949708 1 128849089 1073741799 1116691507 0 0 1073741824 116292174 2147483623 171798725 85899344
116292174 0 1 0 0 0 0 32768 2190433331 42949708 1 128849089 1073741799 1116691507 0 0 1073741824 116292174 2147483623 171798725 85899344
116292174 0 1 0 1 0 0 32768 2276332712 128849089 1 211312493 1116691507 1202590888 0 0 1073741824 116292174 2147483623 171798725 89335321
116292174 0 1 0 0 0 0 32768 2276332712 128849089 1 211312493 1116691507 1202590888 0 0 1073741824 116292174 2147483623 171798725 89335321
116292174 0 1 0 0 0 0 32768 2276332712 128849089 1 211312493 1116691507 1202590888 0 0 1073741824 116292174 2147483623 171798725 89335321
116292174 0 1 0 0 0 0 32768 2276332712 128849089 1 211312493 1116691507 1202590888 0 0 1073741824 116292174 2147483623 171798725 89335321
116292174 0 1 0 0 0 0 32768 2276332712 128849089 1 211312493 1116691507 1202590888 0 0 1073741824 116292174 2147483623 171798725 89335321
116292174 0 1 0 0 0 0 32768 2276332712 128849089 1 211312493 1116691507 1202590888 0 0 1073741824 116292174 2147483623 171798725 89335321
116292174 0 1 0 0 0 0 32768 2276332712 128849089 1 211312493 1116691507 1202590888 0 0 1073741824 116292174 2147483623 171798725 89335321
116292174 0 1 0 0 0 0 32768 2276332712 128849089 1 211312493 1116691507 1202590888 0 0 1073741824 116292174 2147483623 171798725 89335321
116292174 0 1 0 0 0 0 32768 2276332712 128849089 1 211312493 1116691507 1202590888 0 0 1073741824 116292174 2147483623 171798725 89335321
116292174 0 1 0 0 0 0 32768 2276332712 128849089 1 211312493 1116691507 1202590888 0 0 1073741824 116292174 2147483623 171798725 89335321
116292174 0 1 0 1 0 0 32768 2358796116 211312493 1 286903947 1202590888 1285054292 0 0 1073741824 116292174 2147483623 171798725 96207271
116292174 0 1 0 0 0 0 32768 2358796116 211312493 1 286903947 1202590888 1285054292 0 0 1073741824 116292174 2147483623 171798725 96207271
116292174 0 1 0 0 0 0 32768 2358796116 211312493 1 286903947 1202590888 1285054292 0 0 1073741824 116292174 2147483623 171798725 96207271
116292174 0 1 0 0 0 0 32768 2358796116 211312493 1 286903947 1202590888 1285054292 0 0 1073741824 116292174 2147483623 171798725 96207271
116292174 0 1 0 0 0 0 32768 2358796116 211312493 1 286903947 1202590888 1285054292 0 0 1073741824 116292174 2147483623 171798725 96207271
116292174 0 1 0 0 0 0 32768 2358796116 211312493 1 286903947 1202590888 1285054292 0 0 1073741824 116292174 2147483623 171798725 96207271
116292174 0 1 0 0 0 0 32768 2358796116 211312493 1 286903947 1202590888 1285054292 0 0 1073741824 116292174 2147483623 171798725 96207271
116292174 0 1 0 0 0 0 32768 2358796116 211312493 1 286903947 1202590888 1285054292 0 0 1073741824 116292174 2147483623 171798725 96207271
116292174 0 1 0 0 0 0 32768 2358796116 211312493 1 286903947 1202590888 1285054292 0 0 1073741824 116292174 2147483623 171798725 96207271
116292174 0 1 0 0 0 0 32768 2358796116 211312493 1 286903947 1202590888 1285054292 0 0 1073741824 116292174 2147483623 171798725 96207271
116292174 0 1 0 1 0 0 32768 2434387570 286903947 1 355898329 1285054292 1360645746 0 0 1073741824 116292174 2147483623 171798725 102804343
116292174 0 0 0 0 0 0 32768 2434387570 286903947 1 355898329 1285054292 1360645746 0 0 1073741824 116292174 2147483623 171798725 102804343
116292174 0 0 0 0 0 0 32768 2434387570 286903947 1 355898329 1285054292 1360645746 0 0 1073741824 116292174 2147483623 171798725 102804343
116292174 0 0 0 0 0 0 32768 2434387570 286903947 1 355898329 1285054292 1360645746 0 0 1073741824 116292174 2147483623 171798725 102804343
116292174 0 0 0 0 0 0 32768 2434387570 286903947 1 355898329 1285054292 1360645746 0 0 1073741824 116292174 2147483623 171798725 102804343
116292174 0 0 0 0 0 0 32768 2434387570 286903947 1 355898329 1285054292 1360645746 0 0 1073741824 116292174 2147483623 171798725 102804343
116292174 0 0 0 0 0 0 32768 2434387570 286903947 1 355898329 1285054292 1360645746 0 0 1073741824 116292174 2147483623 171798725 102804343
116292174 0 0 0 0 0 0 32768 2434387570 286903947 1 355898329 1285054292 1360645746 0 0 1073741824 116292174 2147483623 171798725 102804343
116292174 0 0 0 0 0 0 32768 2434387570 286903947 1 355898329 1285054292 1360645746 0 0 1073741824 116292174 2147483623 171798725 102804343
116292174 0 0 0 0 0 0 32768 2434387570 286903947 1 355898329 1285054292 1360645746 0 0 1073741824 116292174 2147483623 171798725 102804343
116292174 0 0 0 1 0 0 0 2503381952 355898329 1 0 1360645746 1429640128 1 1 1073741824 116292174 2147483623 171798725 108851660
116292174 0 0 0 0 0 0 0 2503381952 355898329 1 0 1360645746 1429640128 1 1 1073741824 116292174 2147483623 171798725 108851660
116292174 0 0 0 0 0 0 0 2503381952 355898329 1 0 1360645746 1429640128 1 1 1073741824 116292174 2147483623 171798725 108851660
116292174 0 0 0 0 0 0 0 2503381952 355898329 1 0 1360645746 1429640128 1 1 1073741824 116292174 2147483623 171798725 108851660
116292174 0 0 0 0 0 0 0 2503381952 355898329 1 0 1360645746 1429640128 1 1 1073741824 116292174 2147483623 171798725 108851660
116292174 0 0 0 0 0 0 0 2503381952 355898329 1 0 1360645746 1429640128 1 1 1073741824 116292174 2147483623 171798725 108851660
116292174 0 0 0 0 0 0 0 2503381952 355898329 1 0 1360645746 1429640128 1 1 1073741824 116292174 2147483623 171798725 108851660
116292174 0 0 0 0 0 0 0 2503381952 355898329 1 0 1360645746 1429640128 1 1 1073741824 116292174 2147483623 171798725 108851660
116292174 0 0 0 0 0 0 0 2503381952 355898329 1 0 1360645746 1429640128 1 1 1073741824 116292174 2147483623 171798725 108851660
116292174 0 0 0 0 0 0 0 2503381952 355898329 1 0 1360645746 1429640128 1 1 1073741824 116292174 2147483623 171798725 108851660
116292174 0 0 0 1 0 0 0 2147483623 0 1 0 1429640128 1073741799 1 1 1073741824 116292174 2147483623 171798725 114371210
116292174 0 1 0 0 0 0 0 2147483623 0 1 0 1429640128 1073741799 1 1 1073741824 116292174 2147483623 171798725 114371210
116292174 0 1 0 0 0 0 0 2147483623 0 1 0 1429640128 1073741799 1 1 1073741824 116292174 2147483623 171798725 114371210
116292174 0 1 0 0 0 0 0 2147483623 0 1 0 1429640128 1073741799 1 1 1073741824 116292174 2147483623 171798725 114371210
116292174 0 1 0 0 0 0 0 2147483623 0 1 0 1429640128 1073741799 1 1 1073741824 116292174 2147483623 171798725 114371210
116292174 0 1 0 0 0 0 0 2147483623 0 1 0 1429640128 1073741799 1 1 1073741824 116292174 2147483623 171798725 114371210
116292174 0 1 0 0 0 0 0 2147483623 0 1 0 1429640128 1073741799 1 1 1073741824 116292174 2147483623 171798725 114371210
116292174 0 1 0 0 0 0 0 2147483623 0 1 0 1429640128 1073741799 1 1 1073741824 116292174 2147483623 171798725 114371210
116292174 0 1 0 0 0 0 0 2147483623 0 1 0 1429640128 1073741799 1 1 1073741824 116292174 2147483623 171798725 114371210
116292174 0 1 0 0 0 0 0 2147483623 0 1 0 1429640128 1073741799 1 1 1073741824 116292174 2147483623 171798725 114371210
116292174 0 1 0 1 0 0 32768 2147483623 0 1 85899381 1073741799 1073741799 0 0 1073741824 116292174 2147483623 171798725 85899344
116292174 0 1 0 0 0 0 32768 2147483623 0 1 85899381 1073741799 1073741799 0 0 1073741824 116292174 2147483623 171798725 85899344
116292174 0 1 0 0 0 0 32768 2147483623 0 1 85899381 1073741799 1073741799 0 0 1073741824 116292174 2147483623 171798725 85899344
116292174 0 1 0 0 0 0 32768 2147483623 0 1 85899381 1073741799 1073741799 0 0 1073741824 116292174 2147483623 171798725 85899344
116292174 0 1 0 0 0 0 32768 2147483623 0 1 85899381 1073741799 1073741799 0 0 1073741824 116292174 2147483623 171798725 85899344
116292174 0 1 0 0 0 0 32768 2147483623 0 1 85899381 1073741799 1073741799 0 0 1073741824 116292174 2147483623 171798725 85899344
116292174 0 1 0 0 0 0 32768 2147483623 0 1 85899381 1073741799 1073741799 0 0 1073741824 116292174 2147483623 171798725 85899344
116292174 0 1 0 0 0 0 32768 2147483623 0 1 85899381 1073741799 1073741799 0 0 1073741824 116292174 2147483623 171798725 85899344
116292174 0 1 0 0 0 0 32768 2147483623 0 1 85899381 1073741799 1073741799 0 0 1073741824 116292174 2147483623 171798725 85899344
116292174 0 1 0 0 0 0 32768 2147483623 0 1 85899381 1073741799 1073741799 0 0 1073741824 116292174 2147483623 171798725 85899344
116292174 0 1 0 1 0 0 32768 2233383004 85899381 1 171798762 1073741799 1159641180 0 0 1073741824 116292174 2147483623 171798725 85899344
116292174 0 1 0 0 0 0 32768 2233383004 85899381 1 171798762 1073741799 1159641180 0 0 1073741824 116292174 2147483623 171798725 85899344
116292174 0 1 0 0 0 0 32768 2233383004 85899381 1 171798762 1073741799 1159641180 0 0 1073741824 116292174 2147483623 171798725 85899344
116292174 0 1 0 0 0 0 32768 2233383004 85899381 1 171798762 1073741799 1159641180 0 0 1073741824 116292174 2147483623 171798725 85899344
116292174 0 1 0 0 0 0 32768 2233383004 85899381 1 171798762 1073741799 1159641180 0 0 1073741824 116292174 2147483623 171798725 85899344
116292174 0 1 0 0 0 0 32768 2233383004 85899381 1 171798762 1073741799 1159641180 0 0 1073741824 116292174 2147483623 171798725 85899344
116292174 0 1 0 0 0 0 32768 2233383004 85899381 1 171798762 1073741799 1159641180 0 0 1073741824 116292174 2147483623 171798725 85899344
116292174 0 1 0 0 0 0 32768 2233383004 85899381 1 171798762 1073741799 1159641180 0 0 1073741824 116292174 2147483623 171798725 85899344
116292174 0 1 0 0 0 0 32768 2233383004 85899381 1 171798762 1073741799 1159641180 0 0 1073741824 116292174 2147483623 171798725 85899344
116292174 0 1 0 0 0 0 32768 2233383004 85899381 1 171798762 1073741799 1159641180 0 0 1073741824 116292174 2147483623 171798725 85899344
116292174 0 1 0 1 0 0 32768 2319282385 171798762 1 250826193 1159641180 1245540561 0 0 1073741824 116292174 2147483623 171798725 92771294
116292174 0 1 0 0 0 0 32768 2319282385 171798762 1 250826193 1159641180 1245540561 0 0 1073741824 116292174 2147483623 171798725 92771294
116292174 0 1 0 0 0 0 32768 2319282385 171798762 1 250826193 1159641180 1245540561 0 0 1073741824 116292174 2147483623 171798725 92771294
116292174 0 1 0 0 0 0 32768 2319282385 171798762 1 250826193 1159641180 1245540561 0 0 1073741824 116292174 2147483623 171798725 92771294
116292174 0 1 0 0 0 0 32768 2319282385 171798762 1 250826193 1159641180 1245540561 0 0 1073741824 116292174 2147483623 171798725 92771294
116292174 0 1 0 0 0 0 32768 2319282385 171798762 1 250826193 1159641180 1245540561 0 0 1073741824 116292174 2147483623 171798725 92771294
116292174 0 1 0 0 0 0 32768 2319282385 171798762 1 250826193 1159641180 1245540561 0 0 1073741824 116292174 2147483623 171798725 92771294
116292174 0 1 0 0 0 0 32768 2319282385 171798762 1 250826193 1159641180 1245540561 0 0 1073741824 116292174 2147483623 171798725 92771294
116292174 0 1 0 0 0 0 32768 2319282385 171798762 1 250826193 1159641180 1245540561 0 0 1073741824 116292174 2147483623 171798725 92771294
116292174 0 1 0 0 0 0 32768 2319282385 171798762 1 250826193 1159641180 1245540561 0 0 1073741824 116292174 2147483623 171798725 92771294
116292174 0 1 0 1 0 0 32768 2398309816 250826193 1 322981673 1245540561 1324567992 0 0 1073741824 116292174 2147483623 171798725 99643245
116292174 0 1 0 0 0 0 32768 2398309816 250826193 1 322981673 1245540561 1324567992 0 0 1073741824 116292174 2147483623 171798725 99643245
116292174 0 1 0 0 0 0 32768 2398309816 250826193 1 322981673 1245540561 1324567992 0 0 1073741824 116292174 2147483623 171798725 99643245
116292174 0 1 0 0 0 0 32768 2398309816 250826193 1 322981673 1245540561 1324567992 0 0 1073741824 116292174 2147483623 171798725 99643245
116292174 0 1 0 0 0 0 32768 2398309816 250826193 1 322981673 1245540561 1324567992 0 0 1073741824 116292174 2147483623 171798725 99643245
116292174 0 1 0 0 0 0 32768 2398309816 250826193 1 322981673 1245540561 1324567992 0 0 1073741824 116292174 2147483623 171798725 99643245
116292174 0 1 0 0 0 0 32768 2398309816 250826193 1 322981673 1245540561 1324567992 0 0 1073741824 116292174 2147483623 171798725 99643245
116292174 0 1 0 0 0 0 32768 2398309816 250826193 1 322981673 1245540561 1324567992 0 0 1073741824 116292174 2147483623 171798725 99643245
116292174 0 1 0 0 0 0 32768 2398309816 250826193 1 322981673 1245540561 1324567992 0 0 1073741824 116292174 2147483623 171798725 99643245
116292174 0 1 0 0 0 0 32768 2398309816 250826193 1 322981673 1245540561 1324567992 0 0 1073741824 116292174 2147483623 171798725 99643245
116292174 0 1 0 1 0 0 32768 2470465296 322981673 1 388814959 1324567992 1396723472 0 0 1073741824 116292174 2147483623 171798725 105965439
116292174 0 1 0 0 0 0 32768 2470465296 322981673 1 388814959 1324567992 1396723472 0 0 1073741824 116292174 2147483623 171798725 105965439
116292174 0 1 0 0 0 0 32768 2470465296 322981673 1 388814959 1324567992 1396723472 0 0 1073741824 116292174 2147483623 171798725 105965439
116292174 0 1 0 0 0 0 32768 2470465296 322981673 1 388814959 1324567992 1396723472 0 0 1073741824 116292174 2147483623 171798725 105965439
116292174 0 1 0 0 0 0 32768 2470465296 322981673 1 388814959 1324567992 1396723472 0 0 1073741824 116292174 2147483623 171798725 105965439
116292174 0 1 0 0 0 0 32768 2470465296 322981673 1 388814959 1324567992 1396723472 0 0 1073741824 116292174 2147483623 171798725 105965439
116292174 0 1 0 0 0 0 32768 2470465296 322981673 1 388814959 1324567992 1396723472 0 0 1073741824 116292174 2147483623 171798725 105965439
116292174 0 1 0 0 0 0 32768 2470465296 322981673 1 388814959 1324567992 1396723472 0 0 1073741824 116292174 2147483623 171798725 105965439
116292174 0 1 0 0 0 0 32768 2470465296 322981673 1 388814959 1324567992 1396723472 0 0 1073741824 116292174 2147483623 171798725 105965439
116292174 0 1 0 0 0 0 32768 2470465296 322981673 1 388814959 1324567992 1396723472 0 0 1073741824 116292174 2147483623 171798725 105965439
116292174 0 1 0 1 0 0 32768 2536298582 388814959 1 448875806 1396723472 1462556758 0 0 1073741824 116292174 2147483623 171798725 111737878
116292174 0 1 0 0 0 0 32768 2536298582 388814959 1 448875806 1396723472 1462556758 0 0 1073741824 116292174 2147483623 171798725 111737878
116292174 0 1 0 0 0 0 32768 2536298582 388814959 1 448875806 1396723472 1462556758 0 0 1073741824 116292174 2147483623 171798725 111737878
116292174 0 1 0 0 0 0 32768 2536298582 388814959 1 448875806 1396723472 1462556758 0 0 1073741824 116292174 2147483623 171798725 111737878
116292174 0 1 0 0 0 0 32768 2536298582 388814959 1 448875806 1396723472 1462556758 0 0 1073741824 116292174 2147483623 171798725 111737878
116292174 0 1 0 0 0 0 32768 2536298582 388814959 1 448875806 1396723472 1462556758 0 0 1073741824 116292174 2147483623 171798725 111737878
116292174 0 1 0 0 0 0 32768 2536298582 388814959 1 448875806 1396723472 1462556758 0 0 1073741824 116292174 2147483623 171798725 111737878
116292174 0 1 0 0 0 0 32768 2536298582 388814959 1 448875806 1396723472 1462556758 0 0 1073741824 116292174 2147483623 171798725 111737878
116292174 0 1 0 0 0 0 32768 2536298582 388814959 1 448875806 1396723472 1462556758 0 0 1073741824 116292174 2147483623 171798725 111737878
116292174 0 1 0 0 0 0 32768 2536298582 388814959 1 448875806 1396723472 1462556758 0 0 1073741824 116292174 2147483623 171798725 111737878
116292174 0 1 0 1 0 0 32768 2596359429 448875806 1 503669990 1462556758 1522617605 0 0 1073741824 116292174 2147483623 171798725 117004541
116292174 0 1 0 0 0 0 32768 2596359429 448875806 1 503669990 1462556758 1522617605 0 0 1073741824 116292174 2147483623 171798725 117004541
116292174 0 1 0 0 0 0 32768 2596359429 448875806 1 503669990 1462556758 1522617605 0 0 1073741824 116292174 2147483623 171798725 117004541
116292174 0 1 0 0 0 0 32768 2596359429 448875806 1 503669990 1462556758 1522617605 0 0 1073741824 116292174 2147483623 171798725 117004541
116292174 0 1 0 0 0 0 32768 2596359429 448875806 1 503669990 1462556758 1522617605 0 0 1073741824 116292174 2147483623 171798725 117004541
116292174 0 1 0 0 0 0 32768 2596359429 448875806 1 503669990 1462556758 1522617605 0 0 1073741824 116292174 2147483623 171798725 117004541
116292174 0 1 0 0 0 0 32768 2596359429 448875806 1 503669990 1462556758 1522617605 0 0 1073741824 116292174 2147483623 171798725 117004541
116292174 0 1 0 0 0 0 32768 2596359429 448875806 1 503669990 1462556758 1522617605 0 0 1073741824 116292174 2147483623 171798725 117004541
116292174 0 1 0 0 0 0 32768 2596359429 448875806 1 503669990 1462556758 1522617605 0 0 1073741824 116292174 2147483623 171798725 117004541
116292174 0 1 0 0 0 0 32768 2596359429 448875806 1 503669990 1462556758 1522617605 0 0 1073741824 116292174 2147483623 171798725 117004541
116292174 0 1 0 1 0 0 32768 2651153613 503669990 1 536870912 1522617605 1577411789 0 0 1073741824 116292174 2147483623 171798725 121809409
116292174 0 1 0 0 0 0 32768 2651153613 503669990 1 536870912 1522617605 1577411789 0 0 1073741824 116292174 2147483623 171798725 121809409
116292174 0 1 0 0 0 0 32768 2651153613 503669990 1 536870912 1522617605 1577411789 0 0 1073741824 116292174 2147483623 171798725 121809409
116292174 0 1 0 0 0 0 32768 2651153613 503669990 1 536870912 1522617605 1577411789 0 0 1073741824 116292174 2147483623 171798725 121809409
116292174 0 1 0 0 0 0 32768 2651153613 503669990 1 536870912 1522617605 1577411789 0 0 1073741824 116292174 2147483623 171798725 121809409
116292174 0 1 0 0 0 0 32768 2651153613 503669990 1 536870912 1522617605 1577411789 0 0 1073741824 116292174 2147483623 171798725 121809409
116292174 0 1 0 0 0 0 32768 2651153613 503669990 1 536870912 1522617605 1577411789 0 0 1073741824 116292174 2147483623 171798725 121809409
116292174 0 1 0 0 0 0 32768 2651153613 503669990 1 536870912 1522617605 1577411789 0 0 1073741824 116292174 2147483623 171798725 121809409
116292174 0 1 0 0 0 0 32768 2651153613 503669990 1 536870912 1522617605 1577411789 0 0 1073741824 116292174 2147483623 171798725 121809409
116292174 0 1 0 0 0 0 32768 2651153613 503669990 1 536870912 1522617605 1577411789 0 0 1073741824 116292174 2147483623 171798725 121809409
116292174 0 1 0 1 0 0 32768 2684354535 536870912 1 536870912 1577411789 1610612711 0 0 1073741824 116292174 2147483623 171798725 126192943
116292174 0 1 0 0 0 0 32768 2684354535 536870912 1 536870912 1577411789 1610612711 0 0 1073741824 116292174 2147483623 171798725 126192943
116292174 0 1 0 0 0 0 32768 2684354535 536870912 1 536870912 1577411789 1610612711 0 0 1073741824 116292174 2147483623 171798725 126192943
116292174 0 1 0 0 0 0 32768 2684354535 536870912 1 536870912 1577411789 1610612711 0 0 1073741824 116292174 2147483623 171798725 126192943
116292174 0 1 0 0 0 0 32768 2684354535 536870912 1 536870912 1577411789 1610612711 0 0 1073741824 116292174 2147483623 171798725 126192943
116292174 0 1 0 0 0 0 32768 2684354535 536870912 1 536870912 1577411789 1610612711 0 0 1073741824 116292174 2147483623 171798725 126192943
116292174 0 1 0 0 0 0 32768 2684354535 536870912 1 536870912 1577411789 1610612711 0 0 1073741824 116292174 2147483623 171798725 126192943
116292174 0 1 0 0 0 0 32768 2684354535 536870912 1 536870912 1577411789 1610612711 0 0 1073741824 116292174 2147483623 171798725 126192943
116292174 0 1 0 0 0 0 32768 2684354535 536870912 1 536870912 1577411789 1610612711 0 0 1073741824 116292174 2147483623 171798725 126192943
116292174 0 1 0 0 0 0 32768 2684354535 536870912 1 536870912 1577411789 1610612711 0 0 1073741824 116292174 2147483623 171798725 126192943
116292174 0 1 0 1 0 0 32768 2684354535 536870912 1 536870912 1610612711 1610612711 0 0 1073741824 116292174 2147483623 171798725 128849017
116292174 0 1 0 0 0 0 32768 2684354535 536870912 1 536870912 1610612711 1610612711 0 0 1073741824 116292174 2147483623 171798725 128849017
116292174 0 1 0 0 0 0 32768 2684354535 536870912 1 536870912 1610612711 1610612711 0 0 1073741824 116292174 2147483623 171798725 128849017
116292174 0 1 0 0 0 0 32768 2684354535 536870912 1 536870912 1610612711 1610612711 0 0 1073741824 116292174 2147483623 171798725 128849017
116292174 0 1 0 0 0 0 32768 2684354535 536870912 1 536870912 1610612711 1610612711 0 0 1073741824 116292174 2147483623 171798725 128849017
116292174 0 1 0 0 0 0 32768 2684354535 536870912 1 536870912 1610612711 1610612711 0 0 1073741824 116292174 2147483623 171798725 128849017
116292174 0 1 0 0 0 0 32768 2684354535 536870912 1 536870912 1610612711 1610612711 0 0 1073741824 116292174 2147483623 171798725 128849017
116292174 0 1 0 0 0 0 32768 2684354535 536870912 1 536870912 1610612711 1610612711 0 0 1073741824 116292174 2147483623 171798725 128849017
116292174 0 1 0 0 0 0 32768 2684354535 536870912 1 536870912 1610612711 1610612711 0 0 1073741824 116292174 2147483623 171798725 128849017
116292174 0 1 0 0 0 0 32768 2684354535 536870912 1 536870912 1610612711 1610612711 0 0 1073741824 116292174 2147483623 171798725 128849017
116292174 0 1 0 1 0 0 32768 2684354535 536870912 1 536870912 1610612711 1610612711 0 0 1073741824 116292174 2147483623 171798725 128849017
116292174 0 1 0 0 0 0 32768 2684354535 536870912 1 536870912 1610612711 1610612711 0 0 1073741824 116292174 2147483623 171798725 128849017
116292174 0 1 0 0 0 0 32768 2684354535 536870912 1 536870912 1610612711 1610612711 0 0 1073741824 116292174 2147483623 171798725 128849017
116292174 0 1 0 0 0 0 32768 2684354535 536870912 1 536870912 1610612711 1610612711 0 0 1073741824 116292174 2147483623 171798725 128849017
116292174 0 1 0 0 0 0 32768 2684354535 536870912 1 536870912 1610612711 1610612711 0 0 1073741824 116292174 2147483623 171798725 128849017
116292174 0 1 0 0 0 0 32768 2684354535 536870912 1 536870912 1610612711 1610612711 0 0 1073741824 116292174 2147483623 171798725 128849017
116292174 0 1 0 0 0 0 32768 2684354535 536870912 1 536870912 1610612711 1610612711 0 0 1073741824 116292174 2147483623 171798725 128849017
116292174 0 1 0 0 0 0 32768 2684354535 536870912 1 536870912 1610612711 1610612711 0 0 1073741824 116292174 2147483623 171798725 128849017
116292174 0 1 0 0 0 0 32768 2684354535 536870912 1 536870912 1610612711 1610612711 0 0 1073741824 116292174 2147483623 171798725 128849017
116292174 0 1 0 0 0 0 32768 2684354535 536870912 1 536870912 1610612711 1610612711 0 0 1073741824 116292174 2147483623 171798725 128849017
116292174 0 1 0 1 0 0 32768 2684354535 536870912 1 536870912 1610612711 1610612711 0 0 1073741824 116292174 2147483623 171798725 128849017
116292174 0 1 0 0 0 0 32768 2684354535 536870912 1 536870912 1610612711 1610612711 0 0 1073741824 116292174 2147483623 171798725 128849017
116292174 0 1 0 0 0 0 32768 2684354535 536870912 1 536870912 1610612711 1610612711 0 0 1073741824 116292174 2147483623 171798725 128849017
116292174 0 1 0 0 0 0 32768 2684354535 536870912 1 536870912 1610612711 1610612711 0 0 1073741824 116292174 2147483623 171798725 128849017
116292174 0 1 0 0 0 0 32768 2684354535 536870912 1 536870912 1610612711 1610612711 0 0 1073741824 116292174 2147483623 171798725 128849017
116292174 0 1 0 0 0 0 32768 2684354535 536870912 1 536870912 1610612711 1610612711 0 0 1073741824 116292174 2147483623 171798725 128849017
116292174 0 1 0 0 0 0 32768 2684354535 536870912 1 536870912 1610612711 1610612711 0 0 1073741824 116292174 2147483623 171798725 128849017
116292174 0 1 0 0 0 0 32768 2684354535 536870912 1 536870912 1610612711 1610612711 0 0 1073741824 116292174 2147483623 171798725 128849017
116292174 0 1 0 0 0 0 32768 2684354535 536870912 1 536870912 1610612711 1610612711 0 0 1073741824 116292174 2147483623 171798725 128849017
116292174 0 1 0 0 0 0 32768 2684354535 536870912 1 536870912 1610612711 1610612711 0 0 1073741824 116292174 2147483623 171798725 128849017
116292174 0 1 0 1 0 0 32768 2684354535 536870912 1 536870912 1610612711 1610612711 0 0 1073741824 116292174 2147483623 171798725 128849017
116292174 0 1 0 0 0 0 32768 2684354535 536870912 1 536870912 1610612711 1610612711 0 0 1073741824 116292174 2147483623 171798725 128849017
116292174 0 1 0 0 0 0 32768 2684354535 536870912 1 536870912 1610612711 1610612711 0 0 1073741824 116292174 2147483623 171798725 128849017
116292174 0 1 0 0 0 0 32768 2684354535 536870912 1 536870912 1610612711 1610612711 0 0 1073741824 116292174 2147483623 171798725 128849017
116292174 0 1 0 0 0 0 32768 2684354535 536870912 1 536870912 1610612711 1610612711 0 0 1073741824 116292174 2147483623 171798725 128849017
116292174 0 1 0 0 0 0 32768 2684354535 536870912 1 536870912 1610612711 1610612711 0 0 1073741824 116292174 2147483623 171798725 128849017
116292174 0 1 0 0 0 0 32768 2684354535 536870912 1 536870912 1610612711 1610612711 0 0 1073741824 116292174 2147483623 171798725 128849017
116292174 0 1 0 0 0 0 32768 2684354535 536870912 1 536870912 1610612711 1610612711 0 0 1073741824 116292174 2147483623 171798725 128849017
116292174 0 1 0 0 0 0 32768 2684354535 536870912 1 536870912 1610612711 1610612711 0 0 1073741824 116292174 2147483623 171798725 128849017
116292174 0 1 0 0 0 0 32768 2684354535 536870912 1 536870912 1610612711 1610612711 0 0 1073741824 116292174 2147483623 171798725 128849017
116292174 0 1 0 1 0 0 32768 2684354535 536870912 1 536870912 1610612711 1610612711 0 0 1073741824 116292174 2147483623 171798725 128849017
116292174 0 1 0 0 0 0 32768 2684354535 536870912 1 536870912 1610612711 1610612711 0 0 1073741824 116292174 2147483623 171798725 128849017
116292174 0 1 0 0 0 0 32768 2684354535 536870912 1 536870912 1610612711 1610612711 0 0 1073741824 116292174 2147483623 171798725 128849017
116292174 0 1 0 0 0 0 32768 2684354535 536870912 1 536870912 1610612711 1610612711 0 0 1073741824 116292174 2147483623 171798725 128849017
116292174 0 1 0 0 0 0 32768 2684354535 536870912 1 536870912 1610612711 1610612711 0 0 1073741824 116292174 2147483623 171798725 128849017
116292174 0 1 0 0 0 0 32768 2684354535 536870912 1 536870912 1610612711 1610612711 0 0 1073741824 116292174 2147483623 171798725 128849017
116292174 0 1 0 0 0 0 32768 2684354535 536870912 1 536870912 1610612711 1610612711 0 0 1073741824 116292174 2147483623 171798725 128849017
116292174 0 1 0 0 0 0 32768 2684354535 536870912 1 536870912 1610612711 1610612711 0 0 1073741824 116292174 2147483623 171798725 128849017
116292174 0 1 0 0 0 0 32768 2684354535 536870912 1 536870912 1610612711 1610612711 0 0 1073741824 116292174 2147483623 171798725 128849017
116292174 0 1 0 0 0 0 32768 2684354535 536870912 1 536870912 1610612711 1610612711 0 0 1073741824 116292174 2147483623 171798725 128849017
116292174 0 1 0 1 0 0 32768 2684354535 536870912 1 536870912 1610612711 1610612711 0 0 1073741824 116292174 2147483623 171798725 128849017
116292174 0 1 0 0 0 0 32768 2684354535 536870912 1 536870912 1610612711 1610612711 0 0 1073741824 116292174 2147483623 171798725 128849017
116292174 0 1 0 0 0 0 32768 2684354535 536870912 1 536870912 1610612711 1610612711 0 0 1073741824 116292174 2147483623 171798725 128849017
116292174 0 1 0 0 0 0 32768 2684354535 536870912 1 536870912 1610612711 1610612711 0 0 1073741824 116292174 2147483623 171798725 128849017
116292174 0 1 0 0 0 0 32768 2684354535 536870912 1 536870912 1610612711 1610612711 0 0 1073741824 116292174 2147483623 171798725 128849017
116292174 0 1 0 0 0 0 32768 2684354535 536870912 1 536870912 1610612711 1610612711 0 0 1073741824 116292174 2147483623 171798725 128849017
116292174 0 1 0 0 0 0 32768 2684354535 536870912 1 536870912 1610612711 1610612711 0 0 1073741824 116292174 2147483623 171798725 128849017
116292174 0 1 0 0 0 0 32768 2684354535 536870912 1 536870912 1610612711 1610612711 0 0 1073741824 116292174 2147483623 171798725 128849017
116292174 0 1 0 0 0 0 32768 2684354535 536870912 1 536870912 1610612711 1610612711 0 0 1073741824 116292174 2147483623 171798725 128849017
116292174 0 1 0 0 0 0 32768 2684354535 536870912 1 536870912 1610612711 1610612711 0 0 1073741824 116292174 2147483623 171798725 128849017
116292174 0 1 0 1 0 0 32768 2684354535 536870912 1 536870912 1610612711 1610612711 0 0 1073741824 116292174 2147483623 171798725 128849017
0 0 1 0 0 0 0 32768 2684354535 536870912 1 536870912 1610612711 1610612711 0 0 1073741824 116292174 2147483623 171798725 128849017
0 0 1 0 0 0 0 32768 2684354535 536870912 1 536870912 1610612711 1610612711 0 0 1073741824 116292174 2147483623 171798725 128849017
0 0 1 0 0 0 0 32768 2684354535 536870912 1 536870912 1610612711 1610612711 0 0 1073741824 116292174 2147483623 171798725 128849017
0 0 1 0 0 0 0 32768 2684354535 536870912 1 536870912 1610612711 1610612711 0 0 1073741824 116292174 2147483623 171798725 128849017
0 0 1 0 0 0 0 32768 2684354535 536870912 1 536870912 1610612711 1610612711 0 0 1073741824 116292174 2147483623 171798725 128849017
0 0 1 0 0 0 0 32768 2684354535 536870912 1 536870912 1610612711 1610612711 0 0 1073741824 116292174 2147483623 171798725 128849017
0 0 1 0 0 0 0 32768 2684354535 536870912 1 536870912 1610612711 1610612711 0 0 1073741824 116292174 2147483623 171798725 128849017
0 0 1 0 0 0 0 32768 2684354535 536870912 1 536870912 1610612711 1610612711 0 0 1073741824 116292174 2147483623 171798725 128849017
0 0 1 0 0 0 0 32768 2684354535 536870912 1 536870912 1610612711 1610612711 0 0 1073741824 116292174 2147483623 171798725 128849017
0 0 1 0 1 0 0 16384 536870912 536870912 0 408021895 1610612711 0 0 0 536870912 0 0 0 128849017
0 0 1 0 0 0 0 16384 536870912 536870912 0 408021895 1610612711 0 0 0 536870912 0 0 0 128849017
0 0 1 0 0 0 0 16384 536870912 536870912 0 408021895 1610612711 0 0 0 536870912 0 0 0 128849017
0 0 1 0 0 0 0 16384 536870912 536870912 0 408021895 1610612711 0 0 0 536870912 0 0 0 128849017
0 0 1 0 0 0 0 16384 536870912 536870912 0 408021895 1610612711 0 0 0 536870912 0 0 0 128849017
0 0 1 0 0 0 0 16384 536870912 536870912 0 408021895 1610612711 0 0 0 536870912 0 0 0 128849017
0 0 1 0 0 0 0 16384 536870912 536870912 0 408021895 1610612711 0 0 0 536870912 0 0 0 128849017
0 0 1 0 0 0 0 16384 536870912 536870912 0 408021895 1610612711 0 0 0 536870912 0 0 0 128849017
0 0 1 0 0 0 0 16384 536870912 536870912 0 408021895 1610612711 0 0 0 536870912 0 0 0 128849017
0 0 1 0 0 0 0 16384 536870912 536870912 0 408021895 1610612711 0 0 0 536870912 0 0 0 128849017
0 0 1 0 1 0 0 12452 408021895 408021895 0 408021895 0 0 0 0 408021895 0 0 0 0
0 0 1 0 0 0 0 12452 408021895 408021895 0 408021895 0 0 0 0 408021895 0 0 0 0
0 0 1 0 0 0 0 12452 408021895 408021895 0 408021895 0 0 0 0 408021895 0 0 0 0
0 0 1 0 0 0 0 12452 408021895 408021895 0 408021895 0 0 0 0 408021895 0 0 0 0
0 0 1 0 0 0 0 12452 408021895 408021895 0 408021895 0 0 0 0 408021895 0 0 0 0
0 0 1 0 0 0 0 12452 408021895 408021895 0 408021895 0 0 0 0 408021895 0 0 0 0
0 0 1 0 0 0 0 12452 408021895 408021895 0 408021895 0 0 0 0 408021895 0 0 0 0
0 0 1 0 0 0 0 12452 408021895 408021895 0 408021895 0 0 0 0 408021895 0 0 0 0
0 0 1 0 0 0 0 12452 408021895 408021895 0 408021895 0 0 0 0 408021895 0 0 0 0
0 0 1 0 0 0 0 12452 408021895 408021895 0 408021895 0 0 0 0 408021895 0 0 0 0
0 0 1 0 1 0 0 12452 408021895 408021895 0 408021895 0 0 0 0 408021895 0 0 0 0
0 0 1 0 0 0 0 12452 408021895 408021895 0 408021895 0 0 0 0 408021895 0 0 0 0
0 0 1 0 0 0 0 12452 408021895 408021895 0 408021895 0 0 0 0 408021895 0 0 0 0
0 0 1 0 0 0 0 12452 408021895 408021895 0 408021895 0 0 0 0 408021895 0 0 0 0
0 0 1 0 0 0 0 12452 408021895 408021895 0 408021895 0 0 0 0 408021895 0 0 0 0
0 0 1 0 0 0 0 12452 408021895 408021895 0 408021895 0 0 0 0 408021895 0 0 0 0
0 0 1 0 0 0 0 12452 408021895 408021895 0 408021895 0 0 0 0 408021895 0 0 0 0
0 0 1 0 0 0 0 12452 408021895 408021895 0 408021895 0 0 0 0 408021895 0 0 0 0
0 0 1 0 0 0 0 12452 408021895 408021895 0 408021895 0 0 0 0 408021895 0 0 0 0
0 0 1 0 0 0 0 12452 408021895 408021895 0 408021895 0 0 0 0 408021895 0 0 0 0
0 0 1 0 1 0 0 12452 408021895 408021895 0 408021895 0 0 0 0 408021895 0 0 0 0
0 0 1 0 0 0 0 12452 408021895 408021895 0 408021895 0 0 0 0 408021895 0 0 0 0
0 0 1 0 0 0 0 12452 408021895 408021895 0 408021895 0 0 0 0 408021895 0 0 0 0
0 0 1 0 0 0 0 12452 408021895 408021895 0 408021895 0 0 0 0 408021895 0 0 0 0
0 0 1 0 0 0 0 12452 408021895 408021895 0 408021895 0 0 0 0 408021895 0 0 0 0
0 0 1 0 0 0 0 12452 408021895 408021895 0 408021895 0 0 0 0 408021895 0 0 0 0
0 0 1 0 0 0 0 12452 408021895 408021895 0 408021895 0 0 0 0 408021895 0 0 0 0
0 0 1 0 0 0 0 12452 408021895 408021895 0 408021895 0 0 0 0 408021895 0 0 0 0
0 0 1 0 0 0 0 12452 408021895 408021895 0 408021895 0 0 0 0 408021895 0 0 0 0
0 0 1 0 0 0 0 12452 408021895 408021895 0 408021895 0 0 0 0 408021895 0 0 0 0
0 0 1 0 1 0 0 12452 408021895 408021895 0 408021895 0 0 0 0 408021895 0 0 0 0
0 0 1 0 0 0 0 12452 408021895 408021895 0 408021895 0 0 0 0 408021895 0 0 0 0
0 0 1 0 0 0 0 12452 408021895 408021895 0 408021895 0 0 0 0 408021895 0 0 0 0
0 0 1 0 0 0 0 12452 408021895 408021895 0 408021895 0 0 0 0 408021895 0 0 0 0
0 0 1 0 0 0 0 12452 408021895 408021895 0 408021895 0 0 0 0 408021895 0 0 0 0
0 0 1 0 0 0 0 12452 408021895 408021895 0 408021895 0 0 0 0 408021895 0 0 0 0
0 0 1 0 0 0 0 12452 408021895 408021895 0 408021895 0 0 0 0 408021895 0 0 0 0
0 0 1 0 0 0 0 12452 408021895 408021895 0 408021895 0 0 0 0 408021895 0 0 0 0
0 0 1 0 0 0 0 12452 408021895 408021895 0 408021895 0 0 0 0 408021895 0 0 0 0
0 0 1 0 0 0 0 12452 408021895 408021895 0 408021895 0 0 0 0 408021895 0 0 0 0
0 0 1 0 1 0 0 12452 408021895 408021895 0 408021895 0 0 0 0 408021895 0 0 0 0
0 0 1 0 0 0 0 12452 408021895 408021895 0 408021895 0 0 0 0 408021895 0 0 0 0
0 0 1 0 0 0 0 12452 408021895 408021895 0 408021895 0 0 0 0 408021895 0 0 0 0
0 0 1 0 0 0 0 12452 408021895 408021895 0 408021895 0 0 0 0 408021895 0 0 0 0
0 0 1 0 0 0 0 12452 408021895 408021895 0 408021895 0 0 0 0 408021895 0 0 0 0
0 0 1 0 0 0 0 12452 408021895 408021895 0 408021895 0 0 0 0 408021895 0 0 0 0
0 0 1 0 0 0 0 12452 408021895 408021895 0 408021895 0 0 0 0 408021895 0 0 0 0
0 0 1 0 0 0 0 12452 408021895 408021895 0 408021895 0 0 0 0 408021895 0 0 0 0
0 0 1 0 0 0 0 12452 408021895 408021895 0 408021895 0 0 0 0 408021895 0 0 0 0
0 0 1 0 0 0 0 12452 408021895 408021895 0 408021895 0 0 0 0 408021895 0 0 0 0
0 0 1 0 1 0 0 12452 408021895 408021895 0 408021895 0 0 0 0 408021895 0 0 0 0
0 0 1 0 0 0 0 12452 408021895 408021895 0 408021895 0 0 0 0 408021895 0 0 0 0
0 0 1 0 0 0 0 12452 408021895 408021895 0 408021895 0 0 0 0 408021895 0 0 0 0
0 0 1 0 0 0 0 12452 408021895 408021895 0 408021895 0 0 0 0 408021895 0 0 0 0
0 0 1 0 0 0 0 12452 408021895 408021895 0 408021895 0 0 0 0 408021895 0 0 0 0
0 0 1 0 0 0 0 12452 408021895 408021895 0 408021895 0 0 0 0 408021895 0 0 0 0
0 0 1 0 0 0 0 12452 408021895 408021895 0 408021895 0 0 0 0 408021895 0 0 0 0
0 0 1 0 0 0 0 12452 408021895 408021895 0 408021895 0 0 0 0 408021895 0 0 0 0
0 0 1 0 0 0 0 12452 408021895 408021895 0 408021895 0 0 0 0 408021895 0 0 0 0
0 0 1 0 0 0 0 12452 408021895 408021895 0 408021895 0 0 0 0 408021895 0 0 0 0
0 0 1 0 1 0 0 12452 408021895 408021895 0 408021895 0 0 0 0 408021895 0 0 0 0
0 0 1 0 0 0 0 12452 408021895 408021895 0 408021895 0 0 0 0 408021895 0 0 0 0
0 0 1 0 0 0 0 12452 408021895 408021895 0 408021895 0 0 0 0 408021895 0 0 0 0
0 0 1 0 0 0 0 12452 408021895 408021895 0 408021895 0 0 0 0 408021895 0 0 0 0
0 0 1 0 0 0 0 12452 408021895 408021895 0 408021895 0 0 0 0 408021895 0 0 0 0
0 0 1 0 0 0 0 12452 408021895 408021895 0 408021895 0 0 0 0 408021895 0 0 0 0
0 0 1 0 0 0 0 12452 408021895 408021895 0 408021895 0 0 0 0 408021895 0 0 0 0
0 0 1 0 0 0 0 12452 408021895 408021895 0 408021895 0 0 0 0 408021895 0 0 0 0
0 0 1 0 0 0 0 12452 408021895 408021895 0 408021895 0 0 0 0 408021895 0 0 0 0
0 0 1 0 0 0 0 12452 408021895 408021895 0 408021895 0 0 0 0 408021895 0 0 0 0
0 0 1 0 1 0 0 12452 408021895 408021895 0 408021895 0 0 0 0 408021895 0 0 0 0
0 0 1 0 0 0 0 12452 408021895 408021895 0 408021895 0 0 0 0 408021895 0 0 0 0
0 0 1 0 0 0 0 12452 408021895 408021895 0 408021895 0 0 0 0 408021895 0 0 0 0
0 0 1 0 0 0 0 12452 408021895 408021895 0 408021895 0 0 0 0 408021895 0 0 0 0
0 0 1 0 0 0 0 12452 408021895 408021895 0 408021895 0 0 0 0 408021895 0 0 0 0
0 0 1 0 0 0 0 12452 408021895 408021895 0 408021895 0 0 0 0 408021895 0 0 0 0
0 0 1 0 0 0 0 12452 408021895 408021895 0 408021895 0 0 0 0 408021895 0 0 0 0
0 0 1 0 0 0 0 12452 408021895 408021895 0 408021895 0 0 0 0 408021895 0 0 0 0
0 0 1 0 0 0 0 12452 408021895 408021895 0 408021895 0 0 0 0 408021895 0 0 0 0
0 0 1 0 0 0 0 12452 408021895 408021895 0 408021895 0 0 0 0 408021895 0 0 0 0
0 0 1 0 1 0 0 12452 408021895 408021895 0 408021895 0 0 0 0 408021895 0 0 0 0
-116292174 0 1 0 0 0 0 12452 408021895 408021895 0 408021895 0 0 0 0 408021895 0 0 0 0
-116292174 0 1 0 0 0 0 12452 408021895 408021895 0 408021895 0 0 0 0 408021895 0 0 0 0
-116292174 0 1 0 0 0 0 12452 408021895 408021895 0 408021895 0 0 0 0 408021895 0 0 0 0
-116292174 0 1 0 0 0 0 12452 408021895 408021895 0 408021895 0 0 0 0 408021895 0 0 0 0
-116292174 0 1 0 0 0 0 12452 408021895 408021895 0 408021895 0 0 0 0 408021895 0 0 0 0
-116292174 0 1 0 0 0 0 12452 408021895 408021895 0 408021895 0 0 0 0 408021895 0 0 0 0
-116292174 0 1 0 0 0 0 12452 408021895 408021895 0 408021895 0 0 0 0 408021895 0 0 0 0
-116292174 0 1 0 0 0 0 12452 408021895 408021895 0 408021895 0 0 0 0 408021895 0 0 0 0
-116292174 0 1 0 0 0 0 12452 408021895 408021895 0 408021895 0 0 0 0 408021895 0 0 0 0
-116292174 0 1 0 1 0 0 -32768 -1739461728 408021895 1 236223170 0 -665719904 0 0 -1073741824 -116292174 -2147483623 -171798725 0
-116292174 0 1 0 0 0 0 -32768 -1739461728 408021895 1 236223170 0 -665719904 0 0 -1073741824 -116292174 -2147483623 -171798725 0
-116292174 0 1 0 0 0 0 -32768 -1739461728 408021895 1 236223170 0 -665719904 0 0 -1073741824 -116292174 -2147483623 -171798725 0
-116292174 0 1 0 0 0 0 -32768 -1739461728 408021895 1 236223170 0 -665719904 0 0 -1073741824 -116292174 -2147483623 -171798725 0
-116292174 0 1 0 0 0 0 -32768 -1739461728 408021895 1 236223170 0 -665719904 0 0 -1073741824 -116292174 -2147483623 -171798725 0
-116292174 0 1 0 0 0 0 -32768 -1739461728 408021895 1 236223170 0 -665719904 0 0 -1073741824 -116292174 -2147483623 -171798725 0
-116292174 0 1 0 0 0 0 -32768 -1739461728 408021895 1 236223170 0 -665719904 0 0 -1073741824 -116292174 -2147483623 -171798725 0
-116292174 0 1 0 0 0 0 -32768 -1739461728 408021895 1 236223170 0 -665719904 0 0 -1073741824 -116292174 -2147483623 -171798725 0
-116292174 0 1 0 0 0 0 -32768 -1739461728 408021895 1 236223170 0 -665719904 0 0 -1073741824 -116292174 -2147483623 -171798725 0
-116292174 0 1 0 0 0 0 -32768 -1739461728 408021895 1 236223170 0 -665719904 0 0 -1073741824 -116292174 -2147483623 -171798725 0
-116292174 0 1 0 1 0 0 -32768 -1911260453 236223170 1 117682037 -665719904 -837518629 0 0 -1073741824 -116292174 -2147483623 -171798725 -53257592
-116292174 0 1 0 0 0 0 -32768 -1911260453 236223170 1 117682037 -665719904 -837518629 0 0 -1073741824 -116292174 -2147483623 -171798725 -53257592
-116292174 0 1 0 0 0 0 -32768 -1911260453 236223170 1 117682037 -665719904 -837518629 0 0 -1073741824 -116292174 -2147483623 -171798725 -53257592
-116292174 0 1 0 0 0 0 -32768 -1911260453 236223170 1 117682037 -665719904 -837518629 0 0 -1073741824 -116292174 -2147483623 -171798725 -53257592
-116292174 0 1 0 0 0 0 -32768 -1911260453 236223170 1 117682037 -665719904 -837518629 0 0 -1073741824 -116292174 -2147483623 -171798725 -53257592
-116292174 0 1 0 0 0 0 -32768 -1911260453 236223170 1 117682037 -665719904 -837518629 0 0 -1073741824 -116292174 -2147483623 -171798725 -53257592
-116292174 0 1 0 0 0 0 -32768 -1911260453 236223170 1 117682037 -665719904 -837518629 0 0 -1073741824 -116292174 -2147483623 -171798725 -53257592
-116292174 0 1 0 0 0 0 -32768 -1911260453 236223170 1 117682037 -665719904 -837518629 0 0 -1073741824 -116292174 -2147483623 -171798725 -53257592
-116292174 0 1 0 0 0 0 -32768 -1911260453 236223170 1 117682037 -665719904 -837518629 0 0 -1073741824 -116292174 -2147483623 -171798725 -53257592
-116292174 0 1 0 0 0 0 -32768 -1911260453 236223170 1 117682037 -665719904 -837518629 0 0 -1073741824 -116292174 -2147483623 -171798725 -53257592
-116292174 0 1 0 1 0 0 -32768 -2029801586 117682037 1 12884802 -837518629 -956059762 0 0 -1073741824 -116292174 -2147483623 -171798725 -67001490
-116292174 0 1 0 0 0 0 -32768 -2029801586 117682037 1 12884802 -837518629 -956059762 0 0 -1073741824 -116292174 -2147483623 -171798725 -67001490
-116292174 0 1 0 0 0 0 -32768 -2029801586 117682037 1 12884802 -837518629 -956059762 0 0 -1073741824 -116292174 -2147483623 -171798725 -67001490
-116292174 0 1 0 0 0 0 -32768 -2029801586 117682037 1 12884802 -837518629 -956059762 0 0 -1073741824 -116292174 -2147483623 -171798725 -67001490
-116292174 0 1 0 0 0 0 -32768 -2029801586 117682037 1 12884802 -837518629 -956059762 0 0 -1073741824 -116292174 -2147483623 -171798725 -67001490
-116292174 0 1 0 0 0 0 -32768 -2029801586 117682037 1 12884802 -837518629 -956059762 0 0 -1073741824 -116292174 -2147483623 -171798725 -67001490
-116292174 0 1 0 0 0 0 -32768 -2029801586 117682037 1 12884802 -837518629 -956059762 0 0 -1073741824 -116292174 -2147483623 -171798725 -67001490
-116292174 0 1 0 0 0 0 -32768 -2029801586 117682037 1 12884802 -837518629 -956059762 0 0 -1073741824 -116292174 -2147483623 -171798725 -67001490
-116292174 0 1 0 0 0 0 -32768 -2029801586 117682037 1 12884802 -837518629 -956059762 0 0 -1073741824 -116292174 -2147483623 -171798725 -67001490
-116292174 0 1 0 0 0 0 -32768 -2029801586 117682037 1 12884802 -837518629 -956059762 0 0 -1073741824 -116292174 -2147483623 -171798725 -67001490
-116292174 0 1 0 1 0 0 -32768 -2134598821 12884802 1 -82429142 -956059762 -1060856997 0 0 -1073741824 -116292174 -2147483623 -171798725 -76484781
-116292174 0 1 0 0 0 0 -32768 -2134598821 12884802 1 -82429142 -956059762 -1060856997 0 0 -1073741824 -116292174 -2147483623 -171798725 -76484781
-116292174 0 1 0 0 0 0 -32768 -2134598821 12884802 1 -82429142 -956059762 -1060856997 0 0 -1073741824 -116292174 -2147483623 -171798725 -76484781
-116292174 0 1 0 0 0 0 -32768 -2134598821 12884802 1 -82429142 -956059762 -1060856997 0 0 -1073741824 -116292174 -2147483623 -171798725 -76484781
-116292174 0 1 0 0 0 0 -32768 -2134598821 12884802 1 -82429142 -956059762 -1060856997 0 0 -1073741824 -116292174 -2147483623 -171798725 -76484781
-116292174 0 1 0 0 0 0 -32768 -2134598821 12884802 1 -82429142 -956059762 -1060856997 0 0 -1073741824 -116292174 -2147483623 -171798725 -76484781
-116292174 0 1 0 0 0 0 -32768 -2134598821 12884802 1 -82429142 -956059762 -1060856997 0 0 -1073741824 -116292174 -2147483623 -171798725 -76484781
-116292174 0 1 0 0 0 0 -32768 -2134598821 12884802 1 -82429142 -956059762 -1060856997 0 0 -1073741824 -116292174 -2147483623 -171798725 -76484781
-116292174 0 1 0 0 0 0 -32768 -2134598821 12884802 1 -82429142 -956059762 -1060856997 0 0 -1073741824 -116292174 -2147483623 -171798725 -76484781
-116292174 0 1 0 0 0 0 -32768 -2134598821 12884802 1 -82429142 -956059762 -1060856997 0 0 -1073741824 -116292174 -2147483623 -171798725 -76484781
-116292174 0 1 0 1 0 0 -32768 -2229912765 -82429142 1 -169359307 -1060856997 -1156170941 0 0 -1073741824 -116292174 -2147483623 -171798725 -84868560
-116292174 0 1 0 0 0 0 -32768 -2229912765 -82429142 1 -169359307 -1060856997 -1156170941 0 0 -1073741824 -116292174 -2147483623 -171798725 -84868560
-116292174 0 1 0 0 0 0 -32768 -2229912765 -82429142 1 -169359307 -1060856997 -1156170941 0 0 -1073741824 -116292174 -2147483623 -171798725 -84868560
-116292174 0 1 0 0 0 0 -32768 -2229912765 -82429142 1 -169359307 -1060856997 -1156170941 0 0 -1073741824 -116292174 -2147483623 -171798725 -84868560
-116292174 0 1 0 0 0 0 -32768 -2229912765 -82429142 1 -169359307 -1060856997 -1156170941 0 0 -1073741824 -116292174 -2147483623 -171798725 -84868560
-116292174 0 1 0 0 0 0 -32768 -2229912765 -82429142 1 -169359307 -1060856997 -1156170941 0 0 -1073741824 -116292174 -2147483623 -171798725 -84868560
-116292174 0 1 0 0 0 0 -32768 -2229912765 -82429142 1 -169359307 -1060856997 -1156170941 0 0 -1073741824 -116292174 -2147483623 -171798725 -84868560
-116292174 0 1 0 0 0 0 -32768 -2229912765 -82429142 1 -169359307 -1060856997 -1156170941 0 0 -1073741824 -116292174 -2147483623 -171798725 -84868560
-116292174 0 1 0 0 0 0 -32768 -2229912765 -82429142 1 -169359307 -1060856997 -1156170941 0 0 -1073741824 -116292174 -2147483623 -171798725 -84868560
-116292174 0 1 0 0 0 0 -32768 -2229912765 -82429142 1 -169359307 -1060856997 -1156170941 0 0 -1073741824 -116292174 -2147483623 -171798725 -84868560
-116292174 0 1 0 1 0 0 -32768 -2316842930 -169359307 1 -248664357 -1156170941 -1243101106 0 0 -1073741824 -116292174 -2147483623 -171798725 -92493675
-116292174 0 1 0 0 0 0 -32768 -2316842930 -169359307 1 -248664357 -1156170941 -1243101106 0 0 -1073741824 -116292174 -2147483623 -171798725 -92493675
-116292174 0 1 0 0 0 0 -32768 -2316842930 -169359307 1 -248664357 -1156170941 -1243101106 0 0 -1073741824 -116292174 -2147483623 -171798725 -92493675
-116292174 0 1 0 0 0 0 -32768 -2316842930 -169359307 1 -248664357 -1156170941 -1243101106 0 0 -1073741824 -116292174 -2147483623 -171798725 -92493675
-116292174 0 1 0 0 0 0 -32768 -2316842930 -169359307 1 -248664357 -1156170941 -1243101106 0 0 -1073741824 -116292174 -2147483623 -171798725 -92493675
-116292174 0 1 0 0 0 0 -32768 -2316842930 -169359307 1 -248664357 -1156170941 -1243101106 0 0 -1073741824 -116292174 -2147483623 -171798725 -92493675
-116292174 0 1 0 0 0 0 -32768 -2316842930 -169359307 1 -248664357 -1156170941 -1243101106 0 0 -1073741824 -116292174 -2147483623 -171798725 -92493675
-116292174 0 1 0 0 0 0 -32768 -2316842930 -169359307 1 -248664357 -1156170941 -1243101106 0 0 -1073741824 -116292174 -2147483623 -171798725 -92493675
-116292174 0 1 0 0 0 0 -32768 -2316842930 -169359307 1 -248664357 -1156170941 -1243101106 0 0 -1073741824 -116292174 -2147483623 -171798725 -92493675
-116292174 0 1 0 0 0 0 -32768 -2316842930 -169359307 1 -248664357 -1156170941 -1243101106 0 0 -1073741824 -116292174 -2147483623 -171798725 -92493675
-116292174 0 1 0 1 0 0 -32768 -2396147980 -248664357 1 -321014993 -1243101106 -1322406156 0 0 -1073741824 -116292174 -2147483623 -171798725 -99448089
-116292174 0 1 0 0 0 0 -32768 -2396147980 -248664357 1 -321014993 -1243101106 -1322406156 0 0 -1073741824 -116292174 -2147483623 -171798725 -99448089
-116292174 0 1 0 0 0 0 -32768 -2396147980 -248664357 1 -321014993 -1243101106 -1322406156 0 0 -1073741824 -116292174 -2147483623 -171798725 -99448089
-116292174 0 1 0 0 0 0 -32768 -2396147980 -248664357 1 -321014993 -1243101106 -1322406156 0 0 -1073741824 -116292174 -2147483623 -171798725 -99448089
-116292174 0 1 0 0 0 0 -32768 -2396147980 -248664357 1 -321014993 -1243101106 -1322406156 0 0 -1073741824 -116292174 -2147483623 -171798725 -99448089
-116292174 0 1 0 0 0 0 -32768 -2396147980 -248664357 1 -321014993 -1243101106 -1322406156 0 0 -1073741824 -116292174 -2147483623 -171798725 -99448089
-116292174 0 1 0 0 0 0 -32768 -2396147980 -248664357 1 -321014993 -1243101106 -1322406156 0 0 -1073741824 -116292174 -2147483623 -171798725 -99448089
-116292174 0 1 0 0 0 0 -32768 -2396147980 -248664357 1 -321014993 -1243101106 -1322406156 0 0 -1073741824 -116292174 -2147483623 -171798725 -99448089
-116292174 0 1 0 0 0 0 -32768 -2396147980 -248664357 1 -321014993 -1243101106 -1322406156 0 0 -1073741824 -116292174 -2147483623 -171798725 -99448089
-116292174 0 1 0 0 0 0 -32768 -2396147980 -248664357 1 -321014993 -1243101106 -1322406156 0 0 -1073741824 -116292174 -2147483623 -171798725 -99448089
-116292174 0 1 0 1 0 0 -32768 -2468498616 -321014993 1 -387021225 -1322406156 -1394756792 0 0 -1073741824 -116292174 -2147483623 -171798725 -105792493
-116292174 0 1 0 0 0 0 -32768 -2468498616 -321014993 1 -387021225 -1322406156 -1394756792 0 0 -1073741824 -116292174 -2147483623 -171798725 -105792493
-116292174 0 1 0 0 0 0 -32768 -2468498616 -321014993 1 -387021225 -1322406156 -1394756792 0 0 -1073741824 -116292174 -2147483623 -171798725 -105792493
-116292174 0 1 0 0 0 0 -32768 -2468498616 -321014993 1 -387021225 -1322406156 -1394756792 0 0 -1073741824 -116292174 -2147483623 -171798725 -105792493
-116292174 0 1 0 0 0 0 -32768 -2468498616 -321014993 1 -387021225 -1322406156 -1394756792 0 0 -1073741824 -116292174 -2147483623 -171798725 -105792493
-116292174 0 1 0 0 0 0 -32768 -2468498616 -321014993 1 -387021225 -1322406156 -1394756792 0 0 -1073741824 -116292174 -2147483623 -171798725 -105792493
-116292174 0 1 0 0 0 0 -32768 -2468498616 -321014993 1 -387021225 -1322406156 -1394756792 0 0 -1073741824 -116292174 -2147483623 -171798725 -105792493
-116292174 0 1 0 0 0 0 -32768 -2468498616 -321014993 1 -387021225 -1322406156 -1394756792 0 0 -1073741824 -116292174 -2147483623 -171798725 -105792493
-116292174 0 1 0 0 0 0 -32768 -2468498616 -321014993 1 -387021225 -1322406156 -1394756792 0 0 -1073741824 -116292174 -2147483623 -171798725 -105792493
-116292174 0 1 0 0 0 0 -32768 -2468498616 -321014993 1 -387021225 -1322406156 -1394756792 0 0 -1073741824 -116292174 -2147483623 -171798725 -105792493
-116292174 0 1 0 1 0 0 -32768 -2534504848 -387021225 1 -447239407 -1394756792 -1460763024 0 0 -1073741824 -116292174 -2147483623 -171798725 -111580543
-116292174 0 1 0 0 0 0 -32768 -2534504848 -387021225 1 -447239407 -1394756792 -1460763024 0 0 -1073741824 -116292174 -2147483623 -171798725 -111580543
-116292174 0 1 0 0 0 0 -32768 -2534504848 -387021225 1 -447239407 -1394756792 -1460763024 0 0 -1073741824 -116292174 -2147483623 -171798725 -111580543
-116292174 0 1 0 0 0 0 -32768 -2534504848 -387021225 1 -447239407 -1394756792 -1460763024 0 0 -1073741824 -116292174 -2147483623 -171798725 -111580543
-116292174 0 1 0 0 0 0 -32768 -2534504848 -387021225 1 -447239407 -1394756792 -1460763024 0 0 -1073741824 -116292174 -2147483623 -171798725 -111580543
-116292174 0 1 0 0 0 0 -32768 -2534504848 -387021225 1 -447239407 -1394756792 -1460763024 0 0 -1073741824 -116292174 -2147483623 -171798725 -111580543
-116292174 0 1 0 0 0 0 -32768 -2534504848 -387021225 1 -447239407 -1394756792 -1460763024 0 0 -1073741824 -116292174 -2147483623 -171798725 -111580543
-116292174 0 1 0 0 0 0 -32768 -2534504848 -387021225 1 -447239407 -1394756792 -1460763024 0 0 -1073741824 -116292174 -2147483623 -171798725 -111580543
-116292174 0 1 0 0 0 0 -32768 -2534504848 -387021225 1 -447239407 -1394756792 -1460763024 0 0 -1073741824 -116292174 -2147483623 -171798725 -111580543
-116292174 0 1 0 0 0 0 -32768 -2534504848 -387021225 1 -447239407 -1394756792 -1460763024 0 0 -1073741824 -116292174 -2147483623 -171798725 -111580543
-116292174 0 1 0 1 0 0 -32768 -2594723030 -447239407 1 -502177090 -1460763024 -1520981206 0 0 -1073741824 -116292174 -2147483623 -171798725 -116861042
-116292174 0 1 0 0 0 0 -32768 -2594723030 -447239407 1 -502177090 -1460763024 -1520981206 0 0 -1073741824 -116292174 -2147483623 -171798725 -116861042
-116292174 0 1 0 0 0 0 -32768 -2594723030 -447239407 1 -502177090 -1460763024 -1520981206 0 0 -1073741824 -116292174 -2147483623 -171798725 -116861042
-116292174 0 1 0 0 0 0 -32768 -2594723030 -447239407 1 -502177090 -1460763024 -1520981206 0 0 -1073741824 -116292174 -2147483623 -171798725 -116861042
-116292174 0 1 0 0 0 0 -32768 -2594723030 -447239407 1 -502177090 -1460763024 -1520981206 0 0 -1073741824 -116292174 -2147483623 -171798725 -116861042
-116292174 0 1 0 0 0 0 -32768 -2594723030 -447239407 1 -502177090 -1460763024 -1520981206 0 0 -1073741824 -116292174 -2147483623 -171798725 -116861042
-116292174 0 1 0 0 0 0 -32768 -2594723030 -447239407 1 -502177090 -1460763024 -1520981206 0 0 -1073741824 -116292174 -2147483623 -171798725 -116861042
-116292174 0 1 0 0 0 0 -32768 -2594723030 -447239407 1 -502177090 -1460763024 -1520981206 0 0 -1073741824 -116292174 -2147483623 -171798725 -116861042
-116292174 0 1 0 0 0 0 -32768 -2594723030 -447239407 1 -502177090 -1460763024 -1520981206 0 0 -1073741824 -116292174 -2147483623 -171798725 -116861042
-116292174 0 1 0 0 0 0 -32768 -2594723030 -447239407 1 -502177090 -1460763024 -1520981206 0 0 -1073741824 -116292174 -2147483623 -171798725 -116861042
-116292174 0 1 0 1 0 0 -32768 -2649660713 -502177090 1 -536870912 -1520981206 -1575918889 0 0 -1073741824 -116292174 -2147483623 -171798725 -121678497
-116292174 0 1 0 0 0 0 -32768 -2649660713 -502177090 1 -536870912 -1520981206 -1575918889 0 0 -1073741824 -116292174 -2147483623 -171798725 -121678497
-116292174 0 1 0 0 0 0 -32768 -2649660713 -502177090 1 -536870912 -1520981206 -1575918889 0 0 -1073741824 -116292174 -2147483623 -171798725 -121678497
-116292174 0 1 0 0 0 0 -32768 -2649660713 -502177090 1 -536870912 -1520981206 -1575918889 0 0 -1073741824 -116292174 -2147483623 -171798725 -121678497
-116292174 0 1 0 0 0 0 -32768 -2649660713 -502177090 1 -536870912 -1520981206 -1575918889 0 0 -1073741824 -116292174 -2147483623 -171798725 -121678497
-116292174 0 1 0 0 0 0 -32768 -2649660713 -502177090 1 -536870912 -1520981206 -1575918889 0 0 -1073741824 -116292174 -2147483623 -171798725 -121678497
-116292174 0 1 0 0 0 0 -32768 -2649660713 -502177090 1 -536870912 -1520981206 -1575918889 0 0 -1073741824 -116292174 -2147483623 -171798725 -121678497
-116292174 0 1 0 0 0 0 -32768 -2649660713 -502177090 1 -536870912 -1520981206 -1575918889 0 0 -1073741824 -116292174 -2147483623 -171798725 -121678497
-116292174 0 1 0 0 0 0 -32768 -2649660713 -502177090 1 -536870912 -1520981206 -1575918889 0 0 -1073741824 -116292174 -2147483623 -171798725 -121678497
-116292174 0 1 0 0 0 0 -32768 -2649660713 -502177090 1 -536870912 -1520981206 -1575918889 0 0 -1073741824 -116292174 -2147483623 -171798725 -121678497
-116292174 0 1 0 1 0 0 -32768 -2684354535 -536870912 1 -536870912 -1575918889 -1610612711 0 0 -1073741824 -116292174 -2147483623 -171798725 -126073511
-116292174 0 1 0 0 0 0 -32768 -2684354535 -536870912 1 -536870912 -1575918889 -1610612711 0 0 -1073741824 -116292174 -2147483623 -171798725 -126073511
-116292174 0 1 0 0 0 0 -32768 -2684354535 -536870912 1 -536870912 -1575918889 -1610612711 0 0 -1073741824 -116292174 -2147483623 -171798725 -126073511
-116292174 0 1 0 0 0 0 -32768 -2684354535 -536870912 1 -536870912 -1575918889 -1610612711 0 0 -1073741824 -116292174 -2147483623 -171798725 -126073511
-116292174 0 1 0 0 0 0 -32768 -2684354535 -536870912 1 -536870912 -1575918889 -1610612711 0 0 -1073741824 -116292174 -2147483623 -171798725 -126073511
-116292174 0 1 0 0 0 0 -32768 -2684354535 -536870912 1 -536870912 -1575918889 -1610612711 0 0 -1073741824 -116292174 -2147483623 -171798725 -126073511
-116292174 0 1 0 0 0 0 -32768 -2684354535 -536870912 1 -536870912 -1575918889 -1610612711 0 0 -1073741824 -116292174 -2147483623 -171798725 -126073511
-116292174 0 1 0 0 0 0 -32768 -2684354535 -536870912 1 -536870912 -1575918889 -1610612711 0 0 -1073741824 -116292174 -2147483623 -171798725 -126073511
-116292174 0 1 0 0 0 0 -32768 -2684354535 -536870912 1 -536870912 -1575918889 -1610612711 0 0 -1073741824 -116292174 -2147483623 -171798725 -126073511
-116292174 0 1 0 0 0 0 -32768 -2684354535 -536870912 1 -536870912 -1575918889 -1610612711 0 0 -1073741824 -116292174 -2147483623 -171798725 -126073511
-116292174 0 1 0 1 0 0 -32768 -2684354535 -536870912 1 -536870912 -1610612711 -1610612711 0 0 -1073741824 -116292174 -2147483623 -171798725 -128849017
-116292174 0 1 0 0 0 0 -32768 -2684354535 -536870912 1 -536870912 -1610612711 -1610612711 0 0 -1073741824 -116292174 -2147483623 -171798725 -128849017
-116292174 0 1 0 0 0 0 -32768 -2684354535 -536870912 1 -536870912 -1610612711 -1610612711 0 0 -1073741824 -116292174 -2147483623 -171798725 -128849017
-116292174 0 1 0 0 0 0 -32768 -2684354535 -536870912 1 -536870912 -1610612711 -1610612711 0 0 -1073741824 -116292174 -2147483623 -171798725 -128849017
-116292174 0 1 0 0 0 0 -32768 -2684354535 -536870912 1 -536870912 -1610612711 -1610612711 0 0 -1073741824 -116292174 -2147483623 -171798725 -128849017
-116292174 0 1 0 0 0 0 -32768 -2684354535 -536870912 1 -536870912 -1610612711 -1610612711 0 0 -1073741824 -116292174 -2147483623 -171798725 -128849017
-116292174 0 1 0 0 0 0 -32768 -2684354535 -536870912 1 -536870912 -1610612711 -1610612711 0 0 -1073741824 -116292174 -2147483623 -171798725 -128849017
-116292174 0 1 0 0 0 0 -32768 -2684354535 -536870912 1 -536870912 -1610612711 -1610612711 0 0 -1073741824 -116292174 -2147483623 -171798725 -128849017
-116292174 0 1 0 0 0 0 -32768 -2684354535 -536870912 1 -536870912 -1610612711 -1610612711 0 0 -1073741824 -116292174 -2147483623 -171798725 -128849017
-116292174 0 1 0 0 0 0 -32768 -2684354535 -536870912 1 -536870912 -1610612711 -1610612711 0 0 -1073741824 -116292174 -2147483623 -171798725 -128849017
-116292174 0 1 0 1 0 0 -32768 -2684354535 -536870912 1 -536870912 -1610612711 -1610612711 0 0 -1073741824 -116292174 -2147483623 -171798725 -128849017
-116292174 0 1 0 0 0 0 -32768 -2684354535 -536870912 1 -536870912 -1610612711 -1610612711 0 0 -1073741824 -116292174 -2147483623 -171798725 -128849017
-116292174 0 1 0 0 0 0 -32768 -2684354535 -536870912 1 -536870912 -1610612711 -1610612711 0 0 -1073741824 -116292174 -2147483623 -171798725 -128849017
-116292174 0 1 0 0 0 0 -32768 -2684354535 -536870912 1 -536870912 -1610612711 -1610612711 0 0 -1073741824 -116292174 -2147483623 -171798725 -128849017
-116292174 0 1 0 0 0 0 -32768 -2684354535 -536870912 1 -536870912 -1610612711 -1610612711 0 0 -1073741824 -116292174 -2147483623 -171798725 -128849017
-116292174 0 1 0 0 0 0 -32768 -2684354535 -536870912 1 -536870912 -1610612711 -1610612711 0 0 -1073741824 -116292174 -2147483623 -171798725 -128849017
-116292174 0 1 0 0 0 0 -32768 -2684354535 -536870912 1 -536870912 -1610612711 -1610612711 0 0 -1073741824 -116292174 -2147483623 -171798725 -128849017
-116292174 0 1 0 0 0 0 -32768 -2684354535 -536870912 1 -536870912 -1610612711 -1610612711 0 0 -1073741824 -116292174 -2147483623 -171798725 -128849017
-116292174 0 1 0 0 0 0 -32768 -2684354535 -536870912 1 -536870912 -1610612711 -1610612711 0 0 -1073741824 -116292174 -2147483623 -171798725 -128849017
-116292174 0 1 0 0 0 0 -32768 -2684354535 -536870912 1 -536870912 -1610612711 -1610612711 0 0 -1073741824 -116292174 -2147483623 -171798725 -128849017
-116292174 0 1 0 1 0 0 -32768 -2684354535 -536870912 1 -536870912 -1610612711 -1610612711 0 0 -1073741824 -116292174 -2147483623 -171798725 -128849017
-116292174 0 1 0 0 0 0 -32768 -2684354535 -536870912 1 -536870912 -1610612711 -1610612711 0 0 -1073741824 -116292174 -2147483623 -171798725 -128849017
-116292174 0 1 0 0 0 0 -32768 -2684354535 -536870912 1 -536870912 -1610612711 -1610612711 0 0 -1073741824 -116292174 -2147483623 -171798725 -128849017
-116292174 0 1 0 0 0 0 -32768 -2684354535 -536870912 1 -536870912 -1610612711 -1610612711 0 0 -1073741824 -116292174 -2147483623 -171798725 -128849017
-116292174 0 1 0 0 0 0 -32768 -2684354535 -536870912 1 -536870912 -1610612711 -1610612711 0 0 -1073741824 -116292174 -2147483623 -171798725 -128849017
-116292174 0 1 0 0 0 0 -32768 -2684354535 -536870912 1 -536870912 -1610612711 -1610612711 0 0 -1073741824 -116292174 -2147483623 -171798725 -128849017
-116292174 0 1 0 0 0 0 -32768 -2684354535 -536870912 1 -536870912 -1610612711 -1610612711 0 0 -1073741824 -116292174 -2147483623 -171798725 -128849017
-116292174 0 1 0 0 0 0 -32768 -2684354535 -536870912 1 -536870912 -1610612711 -1610612711 0 0 -1073741824 -116292174 -2147483623 -171798725 -128849017
-116292174 0 1 0 0 0 0 -32768 -2684354535 -536870912 1 -536870912 -1610612711 -1610612711 0 0 -1073741824 -116292174 -2147483623 -171798725 -128849017
-116292174 0 1 0 0 0 0 -32768 -2684354535 -536870912 1 -536870912 -1610612711 -1610612711 0 0 -1073741824 -116292174 -2147483623 -171798725 -128849017
-116292174 0 1 0 1 0 0 -32768 -2684354535 -536870912 1 -536870912 -1610612711 -1610612711 0 0 -1073741824 -116292174 -2147483623 -171798725 -128849017
-116292174 0 1 0 0 0 0 -32768 -2684354535 -536870912 1 -536870912 -1610612711 -1610612711 0 0 -1073741824 -116292174 -2147483623 -171798725 -128849017
-116292174 0 1 0 0 0 0 -32768 -2684354535 -536870912 1 -536870912 -1610612711 -1610612711 0 0 -1073741824 -116292174 -2147483623 -171798725 -128849017
-116292174 0 1 0 0 0 0 -32768 -2684354535 -536870912 1 -536870912 -1610612711 -1610612711 0 0 -1073741824 -116292174 -2147483623 -171798725 -128849017
-116292174 0 1 0 0 0 0 -32768 -2684354535 -536870912 1 -536870912 -1610612711 -1610612711 0 0 -1073741824 -116292174 -2147483623 -171798725 -128849017
-116292174 0 1 0 0 0 0 -32768 -2684354535 -536870912 1 -536870912 -1610612711 -1610612711 0 0 -1073741824 -116292174 -2147483623 -171798725 -128849017
-116292174 0 1 0 0 0 0 -32768 -2684354535 -536870912 1 -536870912 -1610612711 -1610612711 0 0 -1073741824 -116292174 -2147483623 -171798725 -128849017
-116292174 0 1 0 0 0 0 -32768 -2684354535 -536870912 1 -536870912 -1610612711 -1610612711 0 0 -1073741824 -116292174 -2147483623 -171798725 -128849017
-116292174 0 1 0 0 0 0 -32768 -2684354535 -536870912 1 -536870912 -1610612711 -1610612711 0 0 -1073741824 -116292174 -2147483623 -171798725 -128849017
-116292174 0 1 0 0 0 0 -32768 -2684354535 -536870912 1 -536870912 -1610612711 -1610612711 0 0 -1073741824 -116292174 -2147483623 -171798725 -128849017
-116292174 0 1 0 1 0 0 -32768 -2684354535 -536870912 1 -536870912 -1610612711 -1610612711 0 0 -1073741824 -116292174 -2147483623 -171798725 -128849017
-116292174 0 1 0 0 0 0 -32768 -2684354535 -536870912 1 -536870912 -1610612711 -1610612711 0 0 -1073741824 -116292174 -2147483623 -171798725 -128849017
-116292174 0 1 0 0 0 0 -32768 -2684354535 -536870912 1 -536870912 -1610612711 -1610612711 0 0 -1073741824 -116292174 -2147483623 -171798725 -128849017
-116292174 0 1 0 0 0 0 -32768 -2684354535 -536870912 1 -536870912 -1610612711 -1610612711 0 0 -1073741824 -116292174 -2147483623 -171798725 -128849017
-116292174 0 1 0 0 0 0 -32768 -2684354535 -536870912 1 -536870912 -1610612711 -1610612711 0 0 -1073741824 -116292174 -2147483623 -171798725 -128849017
-116292174 0 1 0 0 0 0 -32768 -2684354535 -536870912 1 -536870912 -1610612711 -1610612711 0 0 -1073741824 -116292174 -2147483623 -171798725 -128849017
-116292174 0 1 0 0 0 0 -32768 -2684354535 -536870912 1 -536870912 -1610612711 -1610612711 0 0 -1073741824 -116292174 -2147483623 -171798725 -128849017
-116292174 0 1 0 0 0 0 -32768 -2684354535 -536870912 1 -536870912 -1610612711 -1610612711 0 0 -1073741824 -116292174 -2147483623 -171798725 -128849017
-116292174 0 1 0 0 0 0 -32768 -2684354535 -536870912 1 -536870912 -1610612711 -1610612711 0 0 -1073741824 -116292174 -2147483623 -171798725 -128849017
-116292174 0 1 0 0 0 0 -32768 -2684354535 -536870912 1 -536870912 -1610612711 -1610612711 0 0 -1073741824 -116292174 -2147483623 -171798725 -128849017
-116292174 0 1 0 1 0 0 -32768 -2684354535 -536870912 1 -536870912 -1610612711 -1610612711 0 0 -1073741824 -116292174 -2147483623 -171798725 -128849017
-116292174 0 1 0 0 0 0 -32768 -2684354535 -536870912 1 -536870912 -1610612711 -1610612711 0 0 -1073741824 -116292174 -2147483623 -171798725 -128849017
-116292174 0 1 0 0 0 0 -32768 -2684354535 -536870912 1 -536870912 -1610612711 -1610612711 0 0 -1073741824 -116292174 -2147483623 -171798725 -128849017
-116292174 0 1 0 0 0 0 -32768 -2684354535 -536870912 1 -536870912 -1610612711 -1610612711 0 0 -1073741824 -116292174 -2147483623 -171798725 -128849017
-116292174 0 1 0 0 0 0 -32768 -2684354535 -536870912 1 -536870912 -1610612711 -1610612711 0 0 -1073741824 -116292174 -2147483623 -171798725 -128849017
-116292174 0 1 0 0 0 0 -32768 -2684354535 -536870912 1 -536870912 -1610612711 -1610612711 0 0 -1073741824 -116292174 -2147483623 -171798725 -128849017
-116292174 0 1 0 0 0 0 -32768 -2684354535 -536870912 1 -536870912 -1610612711 -1610612711 0 0 -1073741824 -116292174 -2147483623 -171798725 -128849017
-116292174 0 1 0 0 0 0 -32768 -2684354535 -536870912 1 -536870912 -1610612711 -1610612711 0 0 -1073741824 -116292174 -2147483623 -171798725 -128849017
-116292174 0 1 0 0 0 0 -32768 -2684354535 -536870912 1 -536870912 -1610612711 -1610612711 0 0 -1073741824 -116292174 -2147483623 -171798725 -128849017
-116292174 0 1 0 0 0 0 -32768 -2684354535 -536870912 1 -536870912 -1610612711 -1610612711 0 0 -1073741824 -116292174 -2147483623 -171798725 -128849017
-116292174 0 1 0 1 0 0 -32768 -2684354535 -536870912 1 -536870912 -1610612711 -1610612711 0 0 -1073741824 -116292174 -2147483623 -171798725 -128849017
-116292174 0 1 0 0 0 0 -32768 -2684354535 -536870912 1 -536870912 -1610612711 -1610612711 0 0 -1073741824 -116292174 -2147483623 -171798725 -128849017
-116292174 0 1 0 0 0 0 -32768 -2684354535 -536870912 1 -536870912 -1610612711 -1610612711 0 0 -1073741824 -116292174 -2147483623 -171798725 -128849017
-116292174 0 1 0 0 0 0 -32768 -2684354535 -536870912 1 -536870912 -1610612711 -1610612711 0 0 -1073741824 -116292174 -2147483623 -171798725 -128849017
-116292174 0 1 0 0 0 0 -32768 -2684354535 -536870912 1 -536870912 -1610612711 -1610612711 0 0 -1073741824 -116292174 -2147483623 -171798725 -128849017
-116292174 0 1 0 0 0 0 -32768 -2684354535 -536870912 1 -536870912 -1610612711 -1610612711 0 0 -1073741824 -116292174 -2147483623 -171798725 -128849017
-116292174 0 1 0 0 0 0 -32768 -2684354535 -536870912 1 -536870912 -1610612711 -1610612711 0 0 -1073741824 -116292174 -2147483623 -171798725 -128849017
-116292174 0 1 0 0 0 0 -32768 -2684354535 -536870912 1 -536870912 -1610612711 -1610612711 0 0 -1073741824 -116292174 -2147483623 -171798725 -128849017
-116292174 0 1 0 0 0 0 -32768 -2684354535 -536870912 1 -536870912 -1610612711 -1610612711 0 0 -1073741824 -116292174 -2147483623 -171798725 -128849017
-116292174 0 1 0 0 0 0 -32768 -2684354535 -536870912 1 -536870912 -1610612711 -1610612711 0 0 -1073741824 -116292174 -2147483623 -171798725 -128849017
-116292174 0 1 0 1 0 0 -32768 -2684354535 -536870912 1 -536870912 -1610612711 -1610612711 0 0 -1073741824 -116292174 -2147483623 -171798725 -128849017
-116292174 0 1 0 0 0 0 -32768 -2684354535 -536870912 1 -536870912 -1610612711 -1610612711 0 0 -1073741824 -116292174 -2147483623 -171798725 -128849017
-116292174 0 1 0 0 0 0 -32768 -2684354535 -536870912 1 -536870912 -1610612711 -1610612711 0 0 -1073741824 -116292174 -2147483623 -171798725 -128849017
-116292174 0 1 0 0 0 0 -32768 -2684354535 -536870912 1 -536870912 -1610612711 -1610612711 0 0 -1073741824 -116292174 -2147483623 -171798725 -128849017
-116292174 0 1 0 0 0 0 -32768 -2684354535 -536870912 1 -536870912 -1610612711 -1610612711 0 0 -1073741824 -116292174 -2147483623 -171798725 -128849017
-116292174 0 1 0 0 0 0 -32768 -2684354535 -536870912 1 -536870912 -1610612711 -1610612711 0 0 -1073741824 -116292174 -2147483623 -171798725 -128849017
-116292174 0 1 0 0 0 0 -32768 -2684354535 -536870912 1 -536870912 -1610612711 -1610612711 0 0 -1073741824 -116292174 -2147483623 -171798725 -128849017
-116292174 0 1 0 0 0 0 -32768 -2684354535 -536870912 1 -536870912 -1610612711 -1610612711 0 0 -1073741824 -116292174 -2147483623 -171798725 -128849017
-116292174 0 1 0 0 0 0 -32768 -2684354535 -536870912 1 -536870912 -1610612711 -1610612711 0 0 -1073741824 -116292174 -2147483623 -171798725 -128849017
-116292174 0 1 0 0 0 0 -32768 -2684354535 -536870912 1 -536870912 -1610612711 -1610612711 0 0 -1073741824 -116292174 -2147483623 -171798725 -128849017
-116292174 0 1 0 1 0 0 -32768 -2684354535 -536870912 1 -536870912 -1610612711 -1610612711 0 0 -1073741824 -116292174 -2147483623 -171798725 -128849017
-116292174 0 1 0 0 0 0 -32768 -2684354535 -536870912 1 -536870912 -1610612711 -1610612711 0 0 -1073741824 -116292174 -2147483623 -171798725 -128849017
-116292174 0 1 0 0 0 0 -32768 -2684354535 -536870912 1 -536870912 -1610612711 -1610612711 0 0 -1073741824 -116292174 -2147483623 -171798725 -128849017
-116292174 0 1 0 0 0 0 -32768 -2684354535 -536870912 1 -536870912 -1610612711 -1610612711 0 0 -1073741824 -116292174 -2147483623 -171798725 -128849017
-116292174 0 1 0 0 0 0 -32768 -2684354535 -536870912 1 -536870912 -1610612711 -1610612711 0 0 -1073741824 -116292174 -2147483623 -171798725 -128849017
-116292174 0 1 0 0 0 0 -32768 -2684354535 -536870912 1 -536870912 -1610612711 -1610612711 0 0 -1073741824 -116292174 -2147483623 -171798725 -128849017
-116292174 0 1 0 0 0 0 -32768 -2684354535 -536870912 1 -536870912 -1610612711 -1610612711 0 0 -1073741824 -116292174 -2147483623 -171798725 -128849017
-116292174 0 1 0 0 0 0 -32768 -2684354535 -536870912 1 -536870912 -1610612711 -1610612711 0 0 -1073741824 -116292174 -2147483623 -171798725 -128849017
-116292174 0 1 0 0 0 0 -32768 -2684354535 -536870912 1 -536870912 -1610612711 -1610612711 0 0 -1073741824 -116292174 -2147483623 -171798725 -128849017
-116292174 0 1 0 0 0 0 -32768 -2684354535 -536870912 1 -536870912 -1610612711 -1610612711 0 0 -1073741824 -116292174 -2147483623 -171798725 -128849017
-116292174 0 1 0 1 0 0 -32768 -2684354535 -536870912 1 -536870912 -1610612711 -1610612711 0 0 -1073741824 -116292174 -2147483623 -171798725 -128849017
-116292174 0 1 0 0 0 0 -32768 -2684354535 -536870912 1 -536870912 -1610612711 -1610612711 0 0 -1073741824 -116292174 -2147483623 -171798725 -128849017
-116292174 0 1 0 0 0 0 -32768 -2684354535 -536870912 1 -536870912 -1610612711 -1610612711 0 0 -1073741824 -116292174 -2147483623 -171798725 -128849017
-116292174 0 1 0 0 0 0 -32768 -2684354535 -536870912 1 -536870912 -1610612711 -1610612711 0 0 -1073741824 -116292174 -2147483623 -171798725 -128849017
-116292174 0 1 0 0 0 0 -32768 -2684354535 -536870912 1 -536870912 -1610612711 -1610612711 0 0 -1073741824 -116292174 -2147483623 -171798725 -128849017
-116292174 0 1 0 0 0 0 -32768 -2684354535 -536870912 1 -536870912 -1610612711 -1610612711 0 0 -1073741824 -116292174 -2147483623 -171798725 -128849017
-116292174 0 1 0 0 0 0 -32768 -2684354535 -536870912 1 -536870912 -1610612711 -1610612711 0 0 -1073741824 -116292174 -2147483623 -171798725 -128849017
-116292174 0 1 0 0 0 0 -32768 -2684354535 -536870912 1 -536870912 -1610612711 -1610612711 0 0 -1073741824 -116292174 -2147483623 -171798725 -128849017
-116292174 0 1 0 0 0 0 -32768 -2684354535 -536870912 1 -536870912 -1610612711 -1610612711 0 0 -1073741824 -116292174 -2147483623 -171798725 -128849017
-116292174 0 1 0 0 0 0 -32768 -2684354535 -536870912 1 -536870912 -1610612711 -1610612711 0 0 -1073741824 -116292174 -2147483623 -171798725 -128849017
-116292174 0 1 0 1 0 0 -32768 -2684354535 -536870912 1 -536870912 -1610612711 -1610612711 0 0 -1073741824 -116292174 -2147483623 -171798725 -128849017
-116292174 0 1 0 0 0 0 -32768 -2684354535 -536870912 1 -536870912 -1610612711 -1610612711 0 0 -1073741824 -116292174 -2147483623 -171798725 -128849017
-116292174 0 1 0 0 0 0 -32768 -2684354535 -536870912 1 -536870912 -1610612711 -1610612711 0 0 -1073741824 -116292174 -2147483623 -171798725 -128849017
-116292174 0 1 0 0 0 0 -32768 -2684354535 -536870912 1 -536870912 -1610612711 -1610612711 0 0 -1073741824 -116292174 -2147483623 -171798725 -128849017
-116292174 0 1 0 0 0 0 -32768 -2684354535 -536870912 1 -536870912 -1610612711 -1610612711 0 0 -1073741824 -116292174 -2147483623 -171798725 -128849017
-116292174 0 1 0 0 0 0 -32768 -2684354535 -536870912 1 -536870912 -1610612711 -1610612711 0 0 -1073741824 -116292174 -2147483623 -171798725 -128849017
-116292174 0 1 0 0 0 0 -32768 -2684354535 -536870912 1 -536870912 -1610612711 -1610612711 0 0 -1073741824 -116292174 -2147483623 -171798725 -128849017
-116292174 0 1 0 0 0 0 -32768 -2684354535 -536870912 1 -536870912 -1610612711 -1610612711 0 0 -1073741824 -116292174 -2147483623 -171798725 -128849017
-116292174 0 1 0 0 0 0 -32768 -2684354535 -536870912 1 -536870912 -1610612711 -1610612711 0 0 -1073741824 -116292174 -2147483623 -171798725 -128849017
-116292174 0 1 0 0 0 0 -32768 -2684354535 -536870912 1 -536870912 -1610612711 -1610612711 0 0 -1073741824 -116292174 -2147483623 -171798725 -128849017
-116292174 0 1 0 1 0 0 -32768 -2684354535 -536870912 1 -536870912 -1610612711 -1610612711 0 0 -1073741824 -116292174 -2147483623 -171798725 -128849017
-116292174 0 1 0 0 0 0 -32768 -2684354535 -536870912 1 -536870912 -1610612711 -1610612711 0 0 -1073741824 -116292174 -2147483623 -171798725 -128849017
-116292174 0 1 0 0 0 0 -32768 -2684354535 -536870912 1 -536870912 -1610612711 -1610612711 0 0 -1073741824 -116292174 -2147483623 -171798725 -128849017
-116292174 0 1 0 0 0 0 -32768 -2684354535 -536870912 1 -536870912 -1610612711 -1610612711 0 0 -1073741824 -116292174 -2147483623 -171798725 -128849017
-116292174 0 1 0 0 0 0 -32768 -2684354535 -536870912 1 -536870912 -1610612711 -1610612711 0 0 -1073741824 -116292174 -2147483623 -171798725 -128849017
-116292174 0 1 0 0 0 0 -32768 -2684354535 -536870912 1 -536870912 -1610612711 -1610612711 0 0 -1073741824 -116292174 -2147483623 -171798725 -128849017
-116292174 0 1 0 0 0 0 -32768 -2684354535 -536870912 1 -536870912 -1610612711 -1610612711 0 0 -1073741824 -116292174 -2147483623 -171798725 -128849017
-116292174 0 1 0 0 0 0 -32768 -2684354535 -536870912 1 -536870912 -1610612711 -1610612711 0 0 -1073741824 -116292174 -2147483623 -171798725 -128849017
-116292174 0 1 0 0 0 0 -32768 -2684354535 -536870912 1 -536870912 -1610612711 -1610612711 0 0 -1073741824 -116292174 -2147483623 -171798725 -128849017
-116292174 0 1 0 0 0 0 -32768 -2684354535 -536870912 1 -536870912 -1610612711 -1610612711 0 0 -1073741824 -116292174 -2147483623 -171798725 -128849017
-116292174 0 1 0 1 0 0 -32768 -2684354535 -536870912 1 -536870912 -1610612711 -1610612711 0 0 -1073741824 -116292174 -2147483623 -171798725 -128849017
-116292174 0 1 0 0 0 0 -32768 -2684354535 -536870912 1 -536870912 -1610612711 -1610612711 0 0 -1073741824 -116292174 -2147483623 -171798725 -128849017
-116292174 0 1 0 0 0 0 -32768 -2684354535 -536870912 1 -536870912 -1610612711 -1610612711 0 0 -1073741824 -116292174 -2147483623 -171798725 -128849017
-116292174 0 1 0 0 0 0 -32768 -2684354535 -536870912 1 -536870912 -1610612711 -1610612711 0 0 -1073741824 -116292174 -2147483623 -171798725 -128849017
-116292174 0 1 0 0 0 0 -32768 -2684354535 -536870912 1 -536870912 -1610612711 -1610612711 0 0 -1073741824 -116292174 -2147483623 -171798725 -128849017
-116292174 0 1 0 0 0 0 -32768 -2684354535 -536870912 1 -536870912 -1610612711 -1610612711 0 0 -1073741824 -116292174 -2147483623 -171798725 -128849017
-116292174 0 1 0 0 0 0 -32768 -2684354535 -536870912 1 -536870912 -1610612711 -1610612711 0 0 -1073741824 -116292174 -2147483623 -171798725 -128849017
-116292174 0 1 0 0 0 0 -32768 -2684354535 -536870912 1 -536870912 -1610612711 -1610612711 0 0 -1073741824 -116292174 -2147483623 -171798725 -128849017
-116292174 0 1 0 0 0 0 -32768 -2684354535 -536870912 1 -536870912 -1610612711 -1610612711 0 0 -1073741824 -116292174 -2147483623 -171798725 -128849017
-116292174 0 1 0 0 0 0 -32768 -2684354535 -536870912 1 -536870912 -1610612711 -1610612711 0 0 -1073741824 -116292174 -2147483623 -171798725 -128849017
-116292174 0 1 0 1 0 0 -32768 -2684354535 -536870912 1 -536870912 -1610612711 -1610612711 0 0 -1073741824 -116292174 -2147483623 -171798725 -128849017
-116292174 0 1 0 0 0 0 -32768 -2684354535 -536870912 1 -536870912 -1610612711 -1610612711 0 0 -1073741824 -116292174 -2147483623 -171798725 -128849017
-116292174 0 1 0 0 0 0 -32768 -2684354535 -536870912 1 -536870912 -1610612711 -1610612711 0 0 -1073741824 -116292174 -2147483623 -171798725 -128849017
-116292174 0 1 0 0 0 0 -32768 -2684354535 -536870912 1 -536870912 -1610612711 -1610612711 0 0 -1073741824 -116292174 -2147483623 -171798725 -128849017
-116292174 0 1 0 0 0 0 -32768 -2684354535 -536870912 1 -536870912 -1610612711 -1610612711 0 0 -1073741824 -116292174 -2147483623 -171798725 -128849017
-116292174 0 1 0 0 0 0 -32768 -2684354535 -536870912 1 -536870912 -1610612711 -1610612711 0 0 -1073741824 -116292174 -2147483623 -171798725 -128849017
-116292174 0 1 0 0 0 0 -32768 -2684354535 -536870912 1 -536870912 -1610612711 -1610612711 0 0 -1073741824 -116292174 -2147483623 -171798725 -128849017
-116292174 0 1 0 0 0 0 -32768 -2684354535 -536870912 1 -536870912 -1610612711 -1610612711 0 0 -1073741824 -116292174 -2147483623 -171798725 -128849017
-116292174 0 1 0 0 0 0 -32768 -2684354535 -536870912 1 -536870912 -1610612711 -1610612711 0 0 -1073741824 -116292174 -2147483623 -171798725 -128849017
-116292174 0 1 0 0 0 0 -32768 -2684354535 -536870912 1 -536870912 -1610612711 -1610612711 0 0 -1073741824 -116292174 -2147483623 -171798725 -128849017
-116292174 0 1 0 1 0 0 -32768 -2684354535 -536870912 1 -536870912 -1610612711 -1610612711 0 0 -1073741824 -116292174 -2147483623 -171798725 -128849017
-116292174 0 1 0 0 0 0 -32768 -2684354535 -536870912 1 -536870912 -1610612711 -1610612711 0 0 -1073741824 -116292174 -2147483623 -171798725 -128849017
-116292174 0 1 0 0 0 0 -32768 -2684354535 -536870912 1 -536870912 -1610612711 -1610612711 0 0 -1073741824 -116292174 -2147483623 -171798725 -128849017
-116292174 0 1 0 0 0 0 -32768 -2684354535 -536870912 1 -536870912 -1610612711 -1610612711 0 0 -1073741824 -116292174 -2147483623 -171798725 -128849017
-116292174 0 1 0 0 0 0 -32768 -2684354535 -536870912 1 -536870912 -1610612711 -1610612711 0 0 -1073741824 -116292174 -2147483623 -171798725 -128849017
-116292174 0 1 0 0 0 0 -32768 -2684354535 -536870912 1 -536870912 -1610612711 -1610612711 0 0 -1073741824 -116292174 -2147483623 -171798725 -128849017
-116292174 0 1 0 0 0 0 -32768 -2684354535 -536870912 1 -536870912 -1610612711 -1610612711 0 0 -1073741824 -116292174 -2147483623 -171798725 -128849017
-116292174 0 1 0 0 0 0 -32768 -2684354535 -536870912 1 -536870912 -1610612711 -1610612711 0 0 -1073741824 -116292174 -2147483623 -171798725 -128849017
-116292174 0 1 0 0 0 0 -32768 -2684354535 -536870912 1 -536870912 -1610612711 -1610612711 0 0 -1073741824 -116292174 -2147483623 -171798725 -128849017
-116292174 0 1 0 0 0 0 -32768 -2684354535 -536870912 1 -536870912 -1610612711 -1610612711 0 0 -1073741824 -116292174 -2147483623 -171798725 -128849017
-116292174 0 1 0 1 0 0 -32768 -2684354535 -536870912 1 -536870912 -1610612711 -1610612711 0 0 -1073741824 -116292174 -2147483623 -171798725 -128849017
-116292174 0 1 0 0 0 0 -32768 -2684354535 -536870912 1 -536870912 -1610612711 -1610612711 0 0 -1073741824 -116292174 -2147483623 -171798725 -128849017
-116292174 0 1 0 0 0 0 -32768 -2684354535 -536870912 1 -536870912 -1610612711 -1610612711 0 0 -1073741824 -116292174 -2147483623 -171798725 -128849017
-116292174 0 1 0 0 0 0 -32768 -2684354535 -536870912 1 -536870912 -1610612711 -1610612711 0 0 -1073741824 -116292174 -2147483623 -171798725 -128849017
-116292174 0 1 0 0 0 0 -32768 -2684354535 -536870912 1 -536870912 -1610612711 -1610612711 0 0 -1073741824 -116292174 -2147483623 -171798725 -128849017
-116292174 0 1 0 0 0 0 -32768 -2684354535 -536870912 1 -536870912 -1610612711 -1610612711 0 0 -1073741824 -116292174 -2147483623 -171798725 -128849017
-116292174 0 1 0 0 0 0 -32768 -2684354535 -536870912 1 -536870912 -1610612711 -1610612711 0 0 -1073741824 -116292174 -2147483623 -171798725 -128849017
-116292174 0 1 0 0 0 0 -32768 -2684354535 -536870912 1 -536870912 -1610612711 -1610612711 0 0 -1073741824 -116292174 -2147483623 -171798725 -128849017
-116292174 0 1 0 0 0 0 -32768 -2684354535 -536870912 1 -536870912 -1610612711 -1610612711 0 0 -1073741824 -116292174 -2147483623 -171798725 -128849017
-116292174 0 1 0 0 0 0 -32768 -2684354535 -536870912 1 -536870912 -1610612711 -1610612711 0 0 -1073741824 -116292174 -2147483623 -171798725 -128849017
-116292174 0 1 0 1 0 0 -32768 -2684354535 -536870912 1 -536870912 -1610612711 -1610612711 0 0 -1073741824 -116292174 -2147483623 -171798725 -128849017
-116292174 0 1 0 0 0 0 -32768 -2684354535 -536870912 1 -536870912 -1610612711 -1610612711 0 0 -1073741824 -116292174 -2147483623 -171798725 -128849017
-116292174 0 1 0 0 0 0 -32768 -2684354535 -536870912 1 -536870912 -1610612711 -1610612711 0 0 -1073741824 -116292174 -2147483623 -171798725 -128849017
-116292174 0 1 0 0 0 0 -32768 -2684354535 -536870912 1 -536870912 -1610612711 -1610612711 0 0 -1073741824 -116292174 -2147483623 -171798725 -128849017
-116292174 0 1 0 0 0 0 -32768 -2684354535 -536870912 1 -536870912 -1610612711 -1610612711 0 0 -1073741824 -116292174 -2147483623 -171798725 -128849017
-116292174 0 1 0 0 0 0 -32768 -2684354535 -536870912 1 -536870912 -1610612711 -1610612711 0 0 -1073741824 -116292174 -2147483623 -171798725 -128849017
-116292174 0 1 0 0 0 0 -32768 -2684354535 -536870912 1 -536870912 -1610612711 -1610612711 0 0 -1073741824 -116292174 -2147483623 -171798725 -128849017
-116292174 0 1 0 0 0 0 -32768 -2684354535 -536870912 1 -536870912 -1610612711 -1610612711 0 0 -1073741824 -116292174 -2147483623 -171798725 -128849017
-116292174 0 1 0 0 0 0 -32768 -2684354535 -536870912 1 -536870912 -1610612711 -1610612711 0 0 -1073741824 -116292174 -2147483623 -171798725 -128849017
-116292174 0 1 0 0 0 0 -32768 -2684354535 -536870912 1 -536870912 -1610612711 -1610612711 0 0 -1073741824 -116292174 -2147483623 -171798725 -128849017
-116292174 0 1 0 1 0 0 -32768 -2684354535 -536870912 1 -536870912 -1610612711 -1610612711 0 0 -1073741824 -116292174 -2147483623 -171798725 -128849017
-116292174 0 1 0 0 0 0 -32768 -2684354535 -536870912 1 -536870912 -1610612711 -1610612711 0 0 -1073741824 -116292174 -2147483623 -171798725 -128849017
-116292174 0 1 0 0 0 0 -32768 -2684354535 -536870912 1 -536870912 -1610612711 -1610612711 0 0 -1073741824 -116292174 -2147483623 -171798725 -128849017
-116292174 0 1 0 0 0 0 -32768 -2684354535 -536870912 1 -536870912 -1610612711 -1610612711 0 0 -1073741824 -116292174 -2147483623 -171798725 -128849017
-116292174 0 1 0 0 0 0 -32768 -2684354535 -536870912 1 -536870912 -1610612711 -1610612711 0 0 -1073741824 -116292174 -2147483623 -171798725 -128849017
-116292174 0 1 0 0 0 0 -32768 -2684354535 -536870912 1 -536870912 -1610612711 -1610612711 0 0 -1073741824 -116292174 -2147483623 -171798725 -128849017
-116292174 0 1 0 0 0 0 -32768 -2684354535 -536870912 1 -536870912 -1610612711 -1610612711 0 0 -1073741824 -116292174 -2147483623 -171798725 -128849017
-116292174 0 1 0 0 0 0 -32768 -2684354535 -536870912 1 -536870912 -1610612711 -1610612711 0 0 -1073741824 -116292174 -2147483623 -171798725 -128849017
-116292174 0 1 0 0 0 0 -32768 -2684354535 -536870912 1 -536870912 -1610612711 -1610612711 0 0 -1073741824 -116292174 -2147483623 -171798725 -128849017
-116292174 0 1 0 0 0 0 -32768 -2684354535 -536870912 1 -536870912 -1610612711 -1610612711 0 0 -1073741824 -116292174 -2147483623 -171798725 -128849017
-116292174 0 1 0 1 0 0 -32768 -2684354535 -536870912 1 -536870912 -1610612711 -1610612711 0 0 -1073741824 -116292174 -2147483623 -171798725 -128849017
-116292174 0 1 0 0 0 0 -32768 -2684354535 -536870912 1 -536870912 -1610612711 -1610612711 0 0 -1073741824 -116292174 -2147483623 -171798725 -128849017
-116292174 0 1 0 0 0 0 -32768 -2684354535 -536870912 1 -536870912 -1610612711 -1610612711 0 0 -1073741824 -116292174 -2147483623 -171798725 -128849017
-116292174 0 1 0 0 0 0 -32768 -2684354535 -536870912 1 -536870912 -1610612711 -1610612711 0 0 -1073741824 -116292174 -2147483623 -171798725 -128849017
-116292174 0 1 0 0 0 0 -32768 -2684354535 -536870912 1 -536870912 -1610612711 -1610612711 0 0 -1073741824 -116292174 -2147483623 -171798725 -128849017
-116292174 0 1 0 0 0 0 -32768 -2684354535 -536870912 1 -536870912 -1610612711 -1610612711 0 0 -1073741824 -116292174 -2147483623 -171798725 -128849017
-116292174 0 1 0 0 0 0 -32768 -2684354535 -536870912 1 -536870912 -1610612711 -1610612711 0 0 -1073741824 -116292174 -2147483623 -171798725 -128849017
-116292174 0 1 0 0 0 0 -32768 -2684354535 -536870912 1 -536870912 -1610612711 -1610612711 0 0 -1073741824 -116292174 -2147483623 -171798725 -128849017
-116292174 0 1 0 0 0 0 -32768 -2684354535 -536870912 1 -536870912 -1610612711 -1610612711 0 0 -1073741824 -116292174 -2147483623 -171798725 -128849017
-116292174 0 1 0 0 0 0 -32768 -2684354535 -536870912 1 -536870912 -1610612711 -1610612711 0 0 -1073741824 -116292174 -2147483623 -171798725 -128849017
-116292174 0 1 0 1 0 0 -32768 -2684354535 -536870912 1 -536870912 -1610612711 -1610612711 0 0 -1073741824 -116292174 -2147483623 -171798725 -128849017
-116292174 0 1 0 0 0 0 -32768 -2684354535 -536870912 1 -536870912 -1610612711 -1610612711 0 0 -1073741824 -116292174 -2147483623 -171798725 -128849017
-116292174 0 1 0 0 0 0 -32768 -2684354535 -536870912 1 -536870912 -1610612711 -1610612711 0 0 -1073741824 -116292174 -2147483623 -171798725 -128849017
-116292174 0 1 0 0 0 0 -32768 -2684354535 -536870912 1 -536870912 -1610612711 -1610612711 0 0 -1073741824 -116292174 -2147483623 -171798725 -128849017
-116292174 0 1 0 0 0 0 -32768 -2684354535 -536870912 1 -536870912 -1610612711 -1610612711 0 0 -1073741824 -116292174 -2147483623 -171798725 -128849017
-116292174 0 1 0 0 0 0 -32768 -2684354535 -536870912 1 -536870912 -1610612711 -1610612711 0 0 -1073741824 -116292174 -2147483623 -171798725 -128849017
-116292174 0 1 0 0 0 0 -32768 -2684354535 -536870912 1 -536870912 -1610612711 -1610612711 0 0 -1073741824 -116292174 -2147483623 -171798725 -128849017
-116292174 0 1 0 0 0 0 -32768 -2684354535 -536870912 1 -536870912 -1610612711 -1610612711 0 0 -1073741824 -116292174 -2147483623 -171798725 -128849017
-116292174 0 1 0 0 0 0 -32768 -2684354535 -536870912 1 -536870912 -1610612711 -1610612711 0 0 -1073741824 -116292174 -2147483623 -171798725 -128849017
-116292174 0 1 0 0 0 0 -32768 -2684354535 -536870912 1 -536870912 -1610612711 -1610612711 0 0 -1073741824 -116292174 -2147483623 -171798725 -128849017
-116292174 0 1 0 1 0 0 -32768 -2684354535 -536870912 1 -536870912 -1610612711 -1610612711 0 0 -1073741824 -116292174 -2147483623 -171798725 -128849017
-116292174 0 1 0 0 0 0 -32768 -2684354535 -536870912 1 -536870912 -1610612711 -1610612711 0 0 -1073741824 -116292174 -2147483623 -171798725 -128849017
-116292174 0 1 0 0 0 0 -32768 -2684354535 -536870912 1 -536870912 -1610612711 -1610612711 0 0 -1073741824 -116292174 -2147483623 -171798725 -128849017
-116292174 0 1 0 0 0 0 -32768 -2684354535 -536870912 1 -536870912 -1610612711 -1610612711 0 0 -1073741824 -116292174 -2147483623 -171798725 -128849017
-116292174 0 1 0 0 0 0 -32768 -2684354535 -536870912 1 -536870912 -1610612711 -1610612711 0 0 -1073741824 -116292174 -2147483623 -171798725 -128849017
-116292174 0 1 0 0 0 0 -32768 -2684354535 -536870912 1 -536870912 -1610612711 -1610612711 0 0 -1073741824 -116292174 -2147483623 -171798725 -128849017
-116292174 0 1 0 0 0 0 -32768 -2684354535 -536870912 1 -536870912 -1610612711 -1610612711 0 0 -1073741824 -116292174 -2147483623 -171798725 -128849017
-116292174 0 1 0 0 0 0 -32768 -2684354535 -536870912 1 -536870912 -1610612711 -1610612711 0 0 -1073741824 -116292174 -2147483623 -171798725 -128849017
-116292174 0 1 0 0 0 0 -32768 -2684354535 -536870912 1 -536870912 -1610612711 -1610612711 0 0 -1073741824 -116292174 -2147483623 -171798725 -128849017
-116292174 0 1 0 0 0 0 -32768 -2684354535 -536870912 1 -536870912 -1610612711 -1610612711 0 0 -1073741824 -116292174 -2147483623 -171798725 -128849017
-116292174 0 1 0 1 0 0 -32768 -2684354535 -536870912 1 -536870912 -1610612711 -1610612711 0 0 -1073741824 -116292174 -2147483623 -171798725 -128849017
-116292174 0 1 0 0 0 0 -32768 -2684354535 -536870912 1 -536870912 -1610612711 -1610612711 0 0 -1073741824 -116292174 -2147483623 -171798725 -128849017
-116292174 0 1 0 0 0 0 -32768 -2684354535 -536870912 1 -536870912 -1610612711 -1610612711 0 0 -1073741824 -116292174 -2147483623 -171798725 -128849017
-116292174 0 1 0 0 0 0 -32768 -2684354535 -536870912 1 -536870912 -1610612711 -1610612711 0 0 -1073741824 -116292174 -2147483623 -171798725 -128849017
-116292174 0 1 0 0 0 0 -32768 -2684354535 -536870912 1 -536870912 -1610612711 -1610612711 0 0 -1073741824 -116292174 -2147483623 -171798725 -128849017
-116292174 0 1 0 0 0 0 -32768 -2684354535 -536870912 1 -536870912 -1610612711 -1610612711 0 0 -1073741824 -116292174 -2147483623 -171798725 -128849017
-116292174 0 1 0 0 0 0 -32768 -2684354535 -536870912 1 -536870912 -1610612711 -1610612711 0 0 -1073741824 -116292174 -2147483623 -171798725 -128849017
-116292174 0 1 0 0 0 0 -32768 -2684354535 -536870912 1 -536870912 -1610612711 -1610612711 0 0 -1073741824 -116292174 -2147483623 -171798725 -128849017
-116292174 0 1 0 0 0 0 -32768 -2684354535 -536870912 1 -536870912 -1610612711 -1610612711 0 0 -1073741824 -116292174 -2147483623 -171798725 -128849017
-116292174 0 1 0 0 0 0 -32768 -2684354535 -536870912 1 -536870912 -1610612711 -1610612711 0 0 -1073741824 -116292174 -2147483623 -171798725 -128849017
-116292174 0 1 0 1 0 0 -32768 -2684354535 -536870912 1 -536870912 -1610612711 -1610612711 0 0 -1073741824 -116292174 -2147483623 -171798725 -128849017
-116292174 0 1 0 0 0 0 -32768 -2684354535 -536870912 1 -536870912 -1610612711 -1610612711 0 0 -1073741824 -116292174 -2147483623 -171798725 -128849017
-116292174 0 1 0 0 0 0 -32768 -2684354535 -536870912 1 -536870912 -1610612711 -1610612711 0 0 -1073741824 -116292174 -2147483623 -171798725 -128849017
-116292174 0 1 0 0 0 0 -32768 -2684354535 -536870912 1 -536870912 -1610612711 -1610612711 0 0 -1073741824 -116292174 -2147483623 -171798725 -128849017
-116292174 0 1 0 0 0 0 -32768 -2684354535 -536870912 1 -536870912 -1610612711 -1610612711 0 0 -1073741824 -116292174 -2147483623 -171798725 -128849017
-116292174 0 1 0 0 0 0 -32768 -2684354535 -536870912 1 -536870912 -1610612711 -1610612711 0 0 -1073741824 -116292174 -2147483623 -171798725 -128849017
-116292174 0 1 0 0 0 0 -32768 -2684354535 -536870912 1 -536870912 -1610612711 -1610612711 0 0 -1073741824 -116292174 -2147483623 -171798725 -128849017
-116292174 0 1 0 0 0 0 -32768 -2684354535 -536870912 1 -536870912 -1610612711 -1610612711 0 0 -1073741824 -116292174 -2147483623 -171798725 -128849017
-116292174 0 1 0 0 0 0 -32768 -2684354535 -536870912 1 -536870912 -1610612711 -1610612711 0 0 -1073741824 -116292174 -2147483623 -171798725 -128849017
-116292174 0 1 0 0 0 0 -32768 -2684354535 -536870912 1 -536870912 -1610612711 -1610612711 0 0 -1073741824 -116292174 -2147483623 -171798725 -128849017
-116292174 0 1 0 1 0 0 -32768 -2684354535 -536870912 1 -536870912 -1610612711 -1610612711 0 0 -1073741824 -116292174 -2147483623 -171798725 -128849017
-116292174 0 1 0 0 0 0 -32768 -2684354535 -536870912 1 -536870912 -1610612711 -1610612711 0 0 -1073741824 -116292174 -2147483623 -171798725 -128849017
-116292174 0 1 0 0 0 0 -32768 -2684354535 -536870912 1 -536870912 -1610612711 -1610612711 0 0 -1073741824 -116292174 -2147483623 -171798725 -128849017
-116292174 0 1 0 0 0 0 -32768 -2684354535 -536870912 1 -536870912 -1610612711 -1610612711 0 0 -1073741824 -116292174 -2147483623 -171798725 -128849017
-116292174 0 1 0 0 0 0 -32768 -2684354535 -536870912 1 -536870912 -1610612711 -1610612711 0 0 -1073741824 -116292174 -2147483623 -171798725 -128849017
-116292174 0 1 0 0 0 0 -32768 -2684354535 -536870912 1 -536870912 -1610612711 -1610612711 0 0 -1073741824 -116292174 -2147483623 -171798725 -128849017
-116292174 0 1 0 0 0 0 -32768 -2684354535 -536870912 1 -536870912 -1610612711 -1610612711 0 0 -1073741824 -116292174 -2147483623 -171798725 -128849017
-116292174 0 1 0 0 0 0 -32768 -2684354535 -536870912 1 -536870912 -1610612711 -1610612711 0 0 -1073741824 -116292174 -2147483623 -171798725 -128849017
-116292174 0 1 0 0 0 0 -32768 -2684354535 -536870912 1 -536870912 -1610612711 -1610612711 0 0 -1073741824 -116292174 -2147483623 -171798725 -128849017
-116292174 0 1 0 0 0 0 -32768 -2684354535 -536870912 1 -536870912 -1610612711 -1610612711 0 0 -1073741824 -116292174 -2147483623 -171798725 -128849017
-116292174 0 1 0 1 0 0 -32768 -2684354535 -536870912 1 -536870912 -1610612711 -1610612711 0 0 -1073741824 -116292174 -2147483623 -171798725 -128849017
-116292174 0 1 0 0 0 0 -32768 -2684354535 -536870912 1 -536870912 -1610612711 -1610612711 0 0 -1073741824 -116292174 -2147483623 -171798725 -128849017
-116292174 0 1 0 0 0 0 -32768 -2684354535 -536870912 1 -536870912 -1610612711 -1610612711 0 0 -1073741824 -116292174 -2147483623 -171798725 -128849017
-116292174 0 1 0 0 0 0 -32768 -2684354535 -536870912 1 -536870912 -1610612711 -1610612711 0 0 -1073741824 -116292174 -2147483623 -171798725 -128849017
-116292174 0 1 0 0 0 0 -32768 -2684354535 -536870912 1 -536870912 -1610612711 -1610612711 0 0 -1073741824 -116292174 -2147483623 -171798725 -128849017
-116292174 0 1 0 0 0 0 -32768 -2684354535 -536870912 1 -536870912 -1610612711 -1610612711 0 0 -1073741824 -116292174 -2147483623 -171798725 -128849017
-116292174 0 1 0 0 0 0 -32768 -2684354535 -536870912 1 -536870912 -1610612711 -1610612711 0 0 -1073741824 -116292174 -2147483623 -171798725 -128849017
-116292174 0 1 0 0 0 0 -32768 -2684354535 -536870912 1 -536870912 -1610612711 -1610612711 0 0 -1073741824 -116292174 -2147483623 -171798725 -128849017
-116292174 0 1 0 0 0 0 -32768 -2684354535 -536870912 1 -536870912 -1610612711 -1610612711 0 0 -1073741824 -116292174 -2147483623 -171798725 -128849017
-116292174 0 1 0 0 0 0 -32768 -2684354535 -536870912 1 -536870912 -1610612711 -1610612711 0 0 -1073741824 -116292174 -2147483623 -171798725 -128849017
-116292174 0 1 0 1 0 0 -32768 -2684354535 -536870912 1 -536870912 -1610612711 -1610612711 0 0 -1073741824 -116292174 -2147483623 -171798725 -128849017
-116292174 0 1 0 0 0 0 -32768 -2684354535 -536870912 1 -536870912 -1610612711 -1610612711 0 0 -1073741824 -116292174 -2147483623 -171798725 -128849017
-116292174 0 1 0 0 0 0 -32768 -2684354535 -536870912 1 -536870912 -1610612711 -1610612711 0 0 -1073741824 -116292174 -2147483623 -171798725 -128849017
-116292174 0 1 0 0 0 0 -32768 -2684354535 -536870912 1 -536870912 -1610612711 -1610612711 0 0 -1073741824 -116292174 -2147483623 -171798725 -128849017
-116292174 0 1 0 0 0 0 -32768 -2684354535 -536870912 1 -536870912 -1610612711 -1610612711 0 0 -1073741824 -116292174 -2147483623 -171798725 -128849017
-116292174 0 1 0 0 0 0 -32768 -2684354535 -536870912 1 -536870912 -1610612711 -1610612711 0 0 -1073741824 -116292174 -2147483623 -171798725 -128849017
-116292174 0 1 0 0 0 0 -32768 -2684354535 -536870912 1 -536870912 -1610612711 -1610612711 0 0 -1073741824 -116292174 -2147483623 -171798725 -128849017
-116292174 0 1 0 0 0 0 -32768 -2684354535 -536870912 1 -536870912 -1610612711 -1610612711 0 0 -1073741824 -116292174 -2147483623 -171798725 -128849017
-116292174 0 1 0 0 0 0 -32768 -2684354535 -536870912 1 -536870912 -1610612711 -1610612711 0 0 -1073741824 -116292174 -2147483623 -171798725 -128849017
-116292174 0 1 0 0 0 0 -32768 -2684354535 -536870912 1 -536870912 -1610612711 -1610612711 0 0 -1073741824 -116292174 -2147483623 -171798725 -128849017
-116292174 0 1 0 1 0 0 -32768 -2684354535 -536870912 1 -536870912 -1610612711 -1610612711 0 0 -1073741824 -116292174 -2147483623 -171798725 -128849017
-116292174 0 1 0 0 0 0 -32768 -2684354535 -536870912 1 -536870912 -1610612711 -1610612711 0 0 -1073741824 -116292174 -2147483623 -171798725 -128849017
-116292174 0 1 0 0 0 0 -32768 -2684354535 -536870912 1 -536870912 -1610612711 -1610612711 0 0 -1073741824 -116292174 -2147483623 -171798725 -128849017
-116292174 0 1 0 0 0 0 -32768 -2684354535 -536870912 1 -536870912 -1610612711 -1610612711 0 0 -1073741824 -116292174 -2147483623 -171798725 -128849017
-116292174 0 1 0 0 0 0 -32768 -2684354535 -536870912 1 -536870912 -1610612711 -1610612711 0 0 -1073741824 -116292174 -2147483623 -171798725 -128849017
-116292174 0 1 0 0 0 0 -32768 -2684354535 -536870912 1 -536870912 -1610612711 -1610612711 0 0 -1073741824 -116292174 -2147483623 -171798725 -128849017
-116292174 0 1 0 0 0 0 -32768 -2684354535 -536870912 1 -536870912 -1610612711 -1610612711 0 0 -1073741824 -116292174 -2147483623 -171798725 -128849017
-116292174 0 1 0 0 0 0 -32768 -2684354535 -536870912 1 -536870912 -1610612711 -1610612711 0 0 -1073741824 -116292174 -2147483623 -171798725 -128849017
-116292174 0 1 0 0 0 0 -32768 -2684354535 -536870912 1 -536870912 -1610612711 -1610612711 0 0 -1073741824 -116292174 -2147483623 -171798725 -128849017
-116292174 0 1 0 0 0 0 -32768 -2684354535 -536870912 1 -536870912 -1610612711 -1610612711 0 0 -1073741824 -116292174 -2147483623 -171798725 -128849017
-116292174 0 1 0 1 0 0 -32768 -2684354535 -536870912 1 -536870912 -1610612711 -1610612711 0 0 -1073741824 -116292174 -2147483623 -171798725 -128849017
116292174 0 1 0 0 0 0 -32768 -2684354535 -536870912 1 -536870912 -1610612711 -1610612711 0 0 -1073741824 -116292174 -2147483623 -171798725 -128849017
116292174 0 1 0 0 0 0 -32768 -2684354535 -536870912 1 -536870912 -1610612711 -1610612711 0 0 -1073741824 -116292174 -2147483623 -171798725 -128849017
116292174 0 1 0 0 0 0 -32768 -2684354535 -536870912 1 -536870912 -1610612711 -1610612711 0 0 -1073741824 -116292174 -2147483623 -171798725 -128849017
116292174 0 1 0 0 0 0 -32768 -2684354535 -536870912 1 -536870912 -1610612711 -1610612711 0 0 -1073741824 -116292174 -2147483623 -171798725 -128849017
116292174 0 1 0 0 0 0 -32768 -2684354535 -536870912 1 -536870912 -1610612711 -1610612711 0 0 -1073741824 -116292174 -2147483623 -171798725 -128849017
116292174 0 1 0 0 0 0 -32768 -2684354535 -536870912 1 -536870912 -1610612711 -1610612711 0 0 -1073741824 -116292174 -2147483623 -171798725 -128849017
116292174 0 1 0 0 0 0 -32768 -2684354535 -536870912 1 -536870912 -1610612711 -1610612711 0 0 -1073741824 -116292174 -2147483623 -171798725 -128849017
116292174 0 1 0 0 0 0 -32768 -2684354535 -536870912 1 -536870912 -1610612711 -1610612711 0 0 -1073741824 -116292174 -2147483623 -171798725 -128849017
116292174 0 1 0 0 0 0 -32768 -2684354535 -536870912 1 -536870912 -1610612711 -1610612711 0 0 -1073741824 -116292174 -2147483623 -171798725 -128849017
116292174 0 1 0 1 0 0 32768 1610612711 -536870912 1 -236223170 -1610612711 536870887 0 0 1073741824 116292174 2147483623 171798725 -128849017
116292174 0 1 0 0 0 0 32768 1610612711 -536870912 1 -236223170 -1610612711 536870887 0 0 1073741824 116292174 2147483623 171798725 -128849017
116292174 0 1 0 0 0 0 32768 1610612711 -536870912 1 -236223170 -1610612711 536870887 0 0 1073741824 116292174 2147483623 171798725 -128849017
116292174 0 1 0 0 0 0 32768 1610612711 -536870912 1 -236223170 -1610612711 536870887 0 0 1073741824 116292174 2147483623 171798725 -128849017
116292174 0 1 0 0 0 0 32768 1610612711 -536870912 1 -236223170 -1610612711 536870887 0 0 1073741824 116292174 2147483623 171798725 -128849017
116292174 0 1 0 0 0 0 32768 1610612711 -536870912 1 -236223170 -1610612711 536870887 0 0 1073741824 116292174 2147483623 171798725 -128849017
116292174 0 1 0 0 0 0 32768 1610612711 -536870912 1 -236223170 -1610612711 536870887 0 0 1073741824 116292174 2147483623 171798725 -128849017
116292174 0 1 0 0 0 0 32768 1610612711 -536870912 1 -236223170 -1610612711 536870887 0 0 1073741824 116292174 2147483623 171798725 -128849017
116292174 0 1 0 0 0 0 32768 1610612711 -536870912 1 -236223170 -1610612711 536870887 0 0 1073741824 116292174 2147483623 171798725 -128849017
116292174 0 1 0 0 0 0 32768 1610612711 -536870912 1 -236223170 -1610612711 536870887 0 0 1073741824 116292174 2147483623 171798725 -128849017
116292174 0 1 0 1 0 0 32768 1911260453 -236223170 1 -107374116 536870887 837518629 0 0 1073741824 116292174 2147483623 171798725 42949671
116292174 0 1 0 0 0 0 32768 1911260453 -236223170 1 -107374116 536870887 837518629 0 0 1073741824 116292174 2147483623 171798725 42949671
116292174 0 1 0 0 0 0 32768 1911260453 -236223170 1 -107374116 536870887 837518629 0 0 1073741824 116292174 2147483623 171798725 42949671
116292174 0 1 0 0 0 0 32768 1911260453 -236223170 1 -107374116 536870887 837518629 0 0 1073741824 116292174 2147483623 171798725 42949671
116292174 0 1 0 0 0 0 32768 1911260453 -236223170 1 -107374116 536870887 837518629 0 0 1073741824 116292174 2147483623 171798725 42949671
116292174 0 1 0 0 0 0 32768 1911260453 -236223170 1 -107374116 536870887 837518629 0 0 1073741824 116292174 2147483623 171798725 42949671
116292174 0 1 0 0 0 0 32768 1911260453 -236223170 1 -107374116 536870887 837518629 0 0 1073741824 116292174 2147483623 171798725 42949671
116292174 0 1 0 0 0 0 32768 1911260453 -236223170 1 -107374116 536870887 837518629 0 0 1073741824 116292174 2147483623 171798725 42949671
116292174 0 1 0 0 0 0 32768 1911260453 -236223170 1 -107374116 536870887 837518629 0 0 1073741824 116292174 2147483623 171798725 42949671
116292174 0 1 0 0 0 0 32768 1911260453 -236223170 1 -107374116 536870887 837518629 0 0 1073741824 116292174 2147483623 171798725 42949671
116292174 0 1 0 1 0 0 32768 2040109507 -107374116 1 -2576881 837518629 966367683 0 0 1073741824 116292174 2147483623 171798725 67001490
116292174 0 1 0 0 0 0 32768 2040109507 -107374116 1 -2576881 837518629 966367683 0 0 1073741824 116292174 2147483623 171798725 67001490
116292174 0 1 0 0 0 0 32768 2040109507 -107374116 1 -2576881 837518629 966367683 0 0 1073741824 116292174 2147483623 171798725 67001490
116292174 0 1 0 0 0 0 32768 2040109507 -107374116 1 -2576881 837518629 966367683 0 0 1073741824 116292174 2147483623 171798725 67001490
116292174 0 1 0 0 0 0 32768 2040109507 -107374116 1 -2576881 837518629 966367683 0 0 1073741824 116292174 2147483623 171798725 67001490
116292174 0 1 0 0 0 0 32768 2040109507 -107374116 1 -2576881 837518629 966367683 0 0 1073741824 116292174 2147483623 171798725 67001490
116292174 0 1 0 0 0 0 32768 2040109507 -107374116 1 -2576881 837518629 966367683 0 0 1073741824 116292174 2147483623 171798725 67001490
116292174 0 1 0 0 0 0 32768 2040109507 -107374116 1 -2576881 837518629 966367683 0 0 1073741824 116292174 2147483623 171798725 67001490
116292174 0 1 0 0 0 0 32768 2040109507 -107374116 1 -2576881 837518629 966367683 0 0 1073741824 116292174 2147483623 171798725 67001490
116292174 0 1 0 0 0 0 32768 2040109507 -107374116 1 -2576881 837518629 966367683 0 0 1073741824 116292174 2147483623 171798725 67001490
116292174 0 1 0 1 0 0 32768 2144906742 -2576881 1 91912429 966367683 1071164918 0 0 1073741824 116292174 2147483623 171798725 77309415
116292174 0 1 0 0 0 0 32768 2144906742 -2576881 1 91912429 966367683 1071164918 0 0 1073741824 116292174 2147483623 171798725 77309415
116292174 0 1 0 0 0 0 32768 2144906742 -2576881 1 91912429 966367683 1071164918 0 0 1073741824 116292174 2147483623 171798725 77309415
116292174 0 1 0 0 0 0 32768 2144906742 -2576881 1 91912429 966367683 1071164918 0 0 1073741824 116292174 2147483623 171798725 77309415
116292174 0 1 0 0 0 0 32768 2144906742 -2576881 1 91912429 966367683 1071164918 0 0 1073741824 116292174 2147483623 171798725 77309415
116292174 0 1 0 0 0 0 32768 2144906742 -2576881 1 91912429 966367683 1071164918 0 0 1073741824 116292174 2147483623 171798725 77309415
116292174 0 1 0 0 0 0 32768 2144906742 -2576881 1 91912429 966367683 1071164918 0 0 1073741824 116292174 2147483623 171798725 77309415
116292174 0 1 0 0 0 0 32768 2144906742 -2576881 1 91912429 966367683 1071164918 0 0 1073741824 116292174 2147483623 171798725 77309415
116292174 0 1 0 0 0 0 32768 2144906742 -2576881 1 91912429 966367683 1071164918 0 0 1073741824 116292174 2147483623 171798725 77309415
116292174 0 1 0 0 0 0 32768 2144906742 -2576881 1 91912429 966367683 1071164918 0 0 1073741824 116292174 2147483623 171798725 77309415
116292174 0 1 0 1 0 0 32768 2239396052 91912429 1 178017960 1071164918 1165654228 0 0 1073741824 116292174 2147483623 171798725 85693194
116292174 0 1 0 0 0 0 32768 2239396052 91912429 1 178017960 1071164918 1165654228 0 0 1073741824 116292174 2147483623 171798725 85693194
116292174 0 1 0 0 0 0 32768 2239396052 91912429 1 178017960 1071164918 1165654228 0 0 1073741824 116292174 2147483623 171798725 85693194
116292174 0 1 0 0 0 0 32768 2239396052 91912429 1 178017960 1071164918 1165654228 0 0 1073741824 116292174 2147483623 171798725 85693194
116292174 0 1 0 0 0 0 32768 2239396052 91912429 1 178017960 1071164918 1165654228 0 0 1073741824 116292174 2147483623 171798725 85693194
116292174 0 1 0 0 0 0 32768 2239396052 91912429 1 178017960 1071164918 1165654228 0 0 1073741824 116292174 2147483623 171798725 85693194
116292174 0 1 0 0 0 0 32768 2239396052 91912429 1 178017960 1071164918 1165654228 0 0 1073741824 116292174 2147483623 171798725 85693194
116292174 0 1 0 0 0 0 32768 2239396052 91912429 1 178017960 1071164918 1165654228 0 0 1073741824 116292174 2147483623 171798725 85693194
116292174 0 1 0 0 0 0 32768 2239396052 91912429 1 178017960 1071164918 1165654228 0 0 1073741824 116292174 2147483623 171798725 85693194
116292174 0 1 0 0 0 0 32768 2239396052 91912429 1 178017960 1071164918 1165654228 0 0 1073741824 116292174 2147483623 171798725 85693194
116292174 0 1 0 1 0 0 32768 2325501583 178017960 1 256564347 1165654228 1251759759 0 0 1073741824 116292174 2147483623 171798725 93252338
116292174 0 1 0 0 0 0 32768 2325501583 178017960 1 256564347 1165654228 1251759759 0 0 1073741824 116292174 2147483623 171798725 93252338
116292174 0 1 0 0 0 0 32768 2325501583 178017960 1 256564347 1165654228 1251759759 0 0 1073741824 116292174 2147483623 171798725 93252338
116292174 0 1 0 0 0 0 32768 2325501583 178017960 1 256564347 1165654228 1251759759 0 0 1073741824 116292174 2147483623 171798725 93252338
116292174 0 1 0 0 0 0 32768 2325501583 178017960 1 256564347 1165654228 1251759759 0 0 1073741824 116292174 2147483623 171798725 93252338
116292174 0 1 0 0 0 0 32768 2325501583 178017960 1 256564347 1165654228 1251759759 0 0 1073741824 116292174 2147483623 171798725 93252338
116292174 0 1 0 0 0 0 32768 2325501583 178017960 1 256564347 1165654228 1251759759 0 0 1073741824 116292174 2147483623 171798725 93252338
116292174 0 1 0 0 0 0 32768 2325501583 178017960 1 256564347 1165654228 1251759759 0 0 1073741824 116292174 2147483623 171798725 93252338
116292174 0 1 0 0 0 0 32768 2325501583 178017960 1 256564347 1165654228 1251759759 0 0 1073741824 116292174 2147483623 171798725 93252338
116292174 0 1 0 0 0 0 32768 2325501583 178017960 1 256564347 1165654228 1251759759 0 0 1073741824 116292174 2147483623 171798725 93252338
116292174 0 1 0 1 0 0 32768 2404047970 256564347 1 328222291 1251759759 1330306146 0 0 1073741824 116292174 2147483623 171798725 100140781
116292174 0 1 0 0 0 0 32768 2404047970 256564347 1 328222291 1251759759 1330306146 0 0 1073741824 116292174 2147483623 171798725 100140781
116292174 0 1 0 0 0 0 32768 2404047970 256564347 1 328222291 1251759759 1330306146 0 0 1073741824 116292174 2147483623 171798725 100140781
116292174 0 1 0 0 0 0 32768 2404047970 256564347 1 328222291 1251759759 1330306146 0 0 1073741824 116292174 2147483623 171798725 100140781
116292174 0 1 0 0 0 0 32768 2404047970 256564347 1 328222291 1251759759 1330306146 0 0 1073741824 116292174 2147483623 171798725 100140781
116292174 0 1 0 0 0 0 32768 2404047970 256564347 1 328222291 1251759759 1330306146 0 0 1073741824 116292174 2147483623 171798725 100140781
116292174 0 1 0 0 0 0 32768 2404047970 256564347 1 328222291 1251759759 1330306146 0 0 1073741824 116292174 2147483623 171798725 100140781
116292174 0 1 0 0 0 0 32768 2404047970 256564347 1 328222291 1251759759 1330306146 0 0 1073741824 116292174 2147483623 171798725 100140781
116292174 0 1 0 0 0 0 32768 2404047970 256564347 1 328222291 1251759759 1330306146 0 0 1073741824 116292174 2147483623 171798725 100140781
116292174 0 1 0 0 0 0 32768 2404047970 256564347 1 328222291 1251759759 1330306146 0 0 1073741824 116292174 2147483623 171798725 100140781
116292174 0 1 0 1 0 0 32768 2475705914 328222291 1 393596524 1330306146 1401964090 0 0 1073741824 116292174 2147483623 171798725 106424492
116292174 0 1 0 0 0 0 32768 2475705914 328222291 1 393596524 1330306146 1401964090 0 0 1073741824 116292174 2147483623 171798725 106424492
116292174 0 1 0 0 0 0 32768 2475705914 328222291 1 393596524 1330306146 1401964090 0 0 1073741824 116292174 2147483623 171798725 106424492
116292174 0 1 0 0 0 0 32768 2475705914 328222291 1 393596524 1330306146 1401964090 0 0 1073741824 116292174 2147483623 171798725 106424492
116292174 0 1 0 0 0 0 32768 2475705914 328222291 1 393596524 1330306146 1401964090 0 0 1073741824 116292174 2147483623 171798725 106424492
116292174 0 1 0 0 0 0 32768 2475705914 328222291 1 393596524 1330306146 1401964090 0 0 1073741824 116292174 2147483623 171798725 106424492
116292174 0 1 0 0 0 0 32768 2475705914 328222291 1 393596524 1330306146 1401964090 0 0 1073741824 116292174 2147483623 171798725 106424492
116292174 0 1 0 0 0 0 32768 2475705914 328222291 1 393596524 1330306146 1401964090 0 0 1073741824 116292174 2147483623 171798725 106424492
116292174 0 1 0 0 0 0 32768 2475705914 328222291 1 393596524 1330306146 1401964090 0 0 1073741824 116292174 2147483623 171798725 106424492
116292174 0 1 0 0 0 0 32768 2475705914 328222291 1 393596524 1330306146 1401964090 0 0 1073741824 116292174 2147483623 171798725 106424492
116292174 0 1 0 1 0 0 32768 2541080147 393596524 1 453238122 1401964090 1467338323 0 0 1073741824 116292174 2147483623 171798725 112157127
116292174 0 1 0 0 0 0 32768 2541080147 393596524 1 453238122 1401964090 1467338323 0 0 1073741824 116292174 2147483623 171798725 112157127
116292174 0 1 0 0 0 0 32768 2541080147 393596524 1 453238122 1401964090 1467338323 0 0 1073741824 116292174 2147483623 171798725 112157127
116292174 0 1 0 0 0 0 32768 2541080147 393596524 1 453238122 1401964090 1467338323 0 0 1073741824 116292174 2147483623 171798725 112157127
116292174 0 1 0 0 0 0 32768 2541080147 393596524 1 453238122 1401964090 1467338323 0 0 1073741824 116292174 2147483623 171798725 112157127
116292174 0 1 0 0 0 0 32768 2541080147 393596524 1 453238122 1401964090 1467338323 0 0 1073741824 116292174 2147483623 171798725 112157127
116292174 0 1 0 0 0 0 32768 2541080147 393596524 1 453238122 1401964090 1467338323 0 0 1073741824 116292174 2147483623 171798725 112157127
116292174 0 1 0 0 0 0 32768 2541080147 393596524 1 453238122 1401964090 1467338323 0 0 1073741824 116292174 2147483623 171798725 112157127
116292174 0 1 0 0 0 0 32768 2541080147 393596524 1 453238122 1401964090 1467338323 0 0 1073741824 116292174 2147483623 171798725 112157127
116292174 0 1 0 0 0 0 32768 2541080147 393596524 1 453238122 1401964090 1467338323 0 0 1073741824 116292174 2147483623 171798725 112157127
116292174 0 1 0 1 0 0 32768 2600721745 453238122 1 507649781 1467338323 1526979921 0 0 1073741824 116292174 2147483623 171798725 117387066
116292174 0 1 0 0 0 0 32768 2600721745 453238122 1 507649781 1467338323 1526979921 0 0 1073741824 116292174 2147483623 171798725 117387066
116292174 0 1 0 0 0 0 32768 2600721745 453238122 1 507649781 1467338323 1526979921 0 0 1073741824 116292174 2147483623 171798725 117387066
116292174 0 1 0 0 0 0 32768 2600721745 453238122 1 507649781 1467338323 1526979921 0 0 1073741824 116292174 2147483623 171798725 117387066
116292174 0 1 0 0 0 0 32768 2600721745 453238122 1 507649781 1467338323 1526979921 0 0 1073741824 116292174 2147483623 171798725 117387066
116292174 0 1 0 0 0 0 32768 2600721745 453238122 1 507649781 1467338323 1526979921 0 0 1073741824 116292174 2147483623 171798725 117387066
116292174 0 1 0 0 0 0 32768 2600721745 453238122 1 507649781 1467338323 1526979921 0 0 1073741824 116292174 2147483623 171798725 117387066
116292174 0 1 0 0 0 0 32768 2600721745 453238122 1 507649781 1467338323 1526979921 0 0 1073741824 116292174 2147483623 171798725 117387066
116292174 0 1 0 0 0 0 32768 2600721745 453238122 1 507649781 1467338323 1526979921 0 0 1073741824 116292174 2147483623 171798725 117387066
116292174 0 1 0 0 0 0 32768 2600721745 453238122 1 507649781 1467338323 1526979921 0 0 1073741824 116292174 2147483623 171798725 117387066
116292174 0 1 0 1 0 0 32768 2655133404 507649781 1 536870912 1526979921 1581391580 0 0 1073741824 116292174 2147483623 171798725 122158394
116292174 0 1 0 0 0 0 32768 2655133404 507649781 1 536870912 1526979921 1581391580 0 0 1073741824 116292174 2147483623 171798725 122158394
116292174 0 1 0 0 0 0 32768 2655133404 507649781 1 536870912 1526979921 1581391580 0 0 1073741824 116292174 2147483623 171798725 122158394
116292174 0 1 0 0 0 0 32768 2655133404 507649781 1 536870912 1526979921 1581391580 0 0 1073741824 116292174 2147483623 171798725 122158394
116292174 0 1 0 0 0 0 32768 2655133404 507649781 1 536870912 1526979921 1581391580 0 0 1073741824 116292174 2147483623 171798725 122158394
116292174 0 1 0 0 0 0 32768 2655133404 507649781 1 536870912 1526979921 1581391580 0 0 1073741824 116292174 2147483623 171798725 122158394
116292174 0 1 0 0 0 0 32768 2655133404 507649781 1 536870912 1526979921 1581391580 0 0 1073741824 116292174 2147483623 171798725 122158394
116292174 0 1 0 0 0 0 32768 2655133404 507649781 1 536870912 1526979921 1581391580 0 0 1073741824 116292174 2147483623 171798725 122158394
116292174 0 1 0 0 0 0 32768 2655133404 507649781 1 536870912 1526979921 1581391580 0 0 1073741824 116292174 2147483623 171798725 122158394
116292174 0 1 0 0 0 0 32768 2655133404 507649781 1 536870912 1526979921 1581391580 0 0 1073741824 116292174 2147483623 171798725 122158394
116292174 0 1 0 1 0 0 32768 2684354535 536870912 1 536870912 1581391580 1610612711 0 0 1073741824 116292174 2147483623 171798725 126511327
116292174 0 1 0 0 0 0 32768 2684354535 536870912 1 536870912 1581391580 1610612711 0 0 1073741824 116292174 2147483623 171798725 126511327
116292174 0 1 0 0 0 0 32768 2684354535 536870912 1 536870912 1581391580 1610612711 0 0 1073741824 116292174 2147483623 171798725 126511327
116292174 0 1 0 0 0 0 32768 2684354535 536870912 1 536870912 1581391580 1610612711 0 0 1073741824 116292174 2147483623 171798725 126511327
116292174 0 1 0 0 0 0 32768 2684354535 536870912 1 536870912 1581391580 1610612711 0 0 1073741824 116292174 2147483623 171798725 126511327
116292174 0 1 0 0 0 0 32768 2684354535 536870912 1 536870912 1581391580 1610612711 0 0 1073741824 116292174 2147483623 171798725 126511327
116292174 0 1 0 0 0 0 32768 2684354535 536870912 1 536870912 1581391580 1610612711 0 0 1073741824 116292174 2147483623 171798725 126511327
116292174 0 1 0 0 0 0 32768 2684354535 536870912 1 536870912 1581391580 1610612711 0 0 1073741824 116292174 2147483623 171798725 126511327
116292174 0 1 0 0 0 0 32768 2684354535 536870912 1 536870912 1581391580 1610612711 0 0 1073741824 116292174 2147483623 171798725 126511327
116292174 0 1 0 0 0 0 32768 2684354535 536870912 1 536870912 1581391580 1610612711 0 0 1073741824 116292174 2147483623 171798725 126511327
116292174 0 1 0 1 0 0 32768 2684354535 536870912 1 536870912 1610612711 1610612711 0 0 1073741824 116292174 2147483623 171798725 128849017
116292174 0 1 0 0 0 0 32768 2684354535 536870912 1 536870912 1610612711 1610612711 0 0 1073741824 116292174 2147483623 171798725 128849017
116292174 0 1 0 0 0 0 32768 2684354535 536870912 1 536870912 1610612711 1610612711 0 0 1073741824 116292174 2147483623 171798725 128849017
116292174 0 1 0 0 0 0 32768 2684354535 536870912 1 536870912 1610612711 1610612711 0 0 1073741824 116292174 2147483623 171798725 128849017
116292174 0 1 0 0 0 0 32768 2684354535 536870912 1 536870912 1610612711 1610612711 0 0 1073741824 116292174 2147483623 171798725 128849017
116292174 0 1 0 0 0 0 32768 2684354535 536870912 1 536870912 1610612711 1610612711 0 0 1073741824 116292174 2147483623 171798725 128849017
116292174 0 1 0 0 0 0 32768 2684354535 536870912 1 536870912 1610612711 1610612711 0 0 1073741824 116292174 2147483623 171798725 128849017
116292174 0 1 0 0 0 0 32768 2684354535 536870912 1 536870912 1610612711 1610612711 0 0 1073741824 116292174 2147483623 171798725 128849017
116292174 0 1 0 0 0 0 32768 2684354535 536870912 1 536870912 1610612711 1610612711 0 0 1073741824 116292174 2147483623 171798725 128849017
116292174 0 1 0 0 0 0 32768 2684354535 536870912 1 536870912 1610612711 1610612711 0 0 1073741824 116292174 2147483623 171798725 128849017
116292174 0 1 0 1 0 0 32768 2684354535 536870912 1 536870912 1610612711 1610612711 0 0 1073741824 116292174 2147483623 171798725 128849017
116292174 0 1 0 0 0 0 32768 2684354535 536870912 1 536870912 1610612711 1610612711 0 0 1073741824 116292174 2147483623 171798725 128849017
116292174 0 1 0 0 0 0 32768 2684354535 536870912 1 536870912 1610612711 1610612711 0 0 1073741824 116292174 2147483623 171798725 128849017
116292174 0 1 0 0 0 0 32768 2684354535 536870912 1 536870912 1610612711 1610612711 0 0 1073741824 116292174 2147483623 171798725 128849017
116292174 0 1 0 0 0 0 32768 2684354535 536870912 1 536870912 1610612711 1610612711 0 0 1073741824 116292174 2147483623 171798725 128849017
116292174 0 1 0 0 0 0 32768 2684354535 536870912 1 536870912 1610612711 1610612711 0 0 1073741824 116292174 2147483623 171798725 128849017
116292174 0 1 0 0 0 0 32768 2684354535 536870912 1 536870912 1610612711 1610612711 0 0 1073741824 116292174 2147483623 171798725 128849017
116292174 0 1 0 0 0 0 32768 2684354535 536870912 1 536870912 1610612711 1610612711 0 0 1073741824 116292174 2147483623 171798725 128849017
116292174 0 1 0 0 0 0 32768 2684354535 536870912 1 536870912 1610612711 1610612711 0 0 1073741824 116292174 2147483623 171798725 128849017
116292174 0 1 0 0 0 0 32768 2684354535 536870912 1 536870912 1610612711 1610612711 0 0 1073741824 116292174 2147483623 171798725 128849017
116292174 0 1 0 1 0 0 32768 2684354535 536870912 1 536870912 1610612711 1610612711 0 0 1073741824 116292174 2147483623 171798725 128849017
116292174 0 1 0 0 0 0 32768 2684354535 536870912 1 536870912 1610612711 1610612711 0 0 1073741824 116292174 2147483623 171798725 128849017
116292174 0 1 0 0 0 0 32768 2684354535 536870912 1 536870912 1610612711 1610612711 0 0 1073741824 116292174 2147483623 171798725 128849017
116292174 0 1 0 0 0 0 32768 2684354535 536870912 1 536870912 1610612711 1610612711 0 0 1073741824 116292174 2147483623 171798725 128849017
116292174 0 1 0 0 0 0 32768 2684354535 536870912 1 536870912 1610612711 1610612711 0 0 1073741824 116292174 2147483623 171798725 128849017
116292174 0 1 0 0 0 0 32768 2684354535 536870912 1 536870912 1610612711 1610612711 0 0 1073741824 116292174 2147483623 171798725 128849017
116292174 0 1 0 0 0 0 32768 2684354535 536870912 1 536870912 1610612711 1610612711 0 0 1073741824 116292174 2147483623 171798725 128849017
116292174 0 1 0 0 0 0 32768 2684354535 536870912 1 536870912 1610612711 1610612711 0 0 1073741824 116292174 2147483623 171798725 128849017
116292174 0 1 0 0 0 0 32768 2684354535 536870912 1 536870912 1610612711 1610612711 0 0 1073741824 116292174 2147483623 171798725 128849017
116292174 0 1 0 0 0 0 32768 2684354535 536870912 1 536870912 1610612711 1610612711 0 0 1073741824 116292174 2147483623 171798725 128849017
116292174 0 1 0 1 0 0 32768 2684354535 536870912 1 536870912 1610612711 1610612711 0 0 1073741824 116292174 2147483623 171798725 128849017
116292174 0 1 0 0 0 0 32768 2684354535 536870912 1 536870912 1610612711 1610612711 0 0 1073741824 116292174 2147483623 171798725 128849017
116292174 0 1 0 0 0 0 32768 2684354535 536870912 1 536870912 1610612711 1610612711 0 0 1073741824 116292174 2147483623 171798725 128849017
116292174 0 1 0 0 0 0 32768 2684354535 536870912 1 536870912 1610612711 1610612711 0 0 1073741824 116292174 2147483623 171798725 128849017
116292174 0 1 0 0 0 0 32768 2684354535 536870912 1 536870912 1610612711 1610612711 0 0 1073741824 116292174 2147483623 171798725 128849017
116292174 0 1 0 0 0 0 32768 2684354535 536870912 1 536870912 1610612711 1610612711 0 0 1073741824 116292174 2147483623 171798725 128849017
116292174 0 1 0 0 0 0 32768 2684354535 536870912 1 536870912 1610612711 1610612711 0 0 1073741824 116292174 2147483623 171798725 128849017
116292174 0 1 0 0 0 0 32768 2684354535 536870912 1 536870912 1610612711 1610612711 0 0 1073741824 116292174 2147483623 171798725 128849017
116292174 0 1 0 0 0 0 32768 2684354535 536870912 1 536870912 1610612711 1610612711 0 0 1073741824 116292174 2147483623 171798725 128849017
116292174 0 1 0 0 0 0 32768 2684354535 536870912 1 536870912 1610612711 1610612711 0 0 1073741824 116292174 2147483623 171798725 128849017
116292174 0 1 0 1 0 0 32768 2684354535 536870912 1 536870912 1610612711 1610612711 0 0 1073741824 116292174 2147483623 171798725 128849017
116292174 0 1 0 0 0 0 32768 2684354535 536870912 1 536870912 1610612711 1610612711 0 0 1073741824 116292174 2147483623 171798725 128849017
116292174 0 1 0 0 0 0 32768 2684354535 536870912 1 536870912 1610612711 1610612711 0 0 1073741824 116292174 2147483623 171798725 128849017
116292174 0 1 0 0 0 0 32768 2684354535 536870912 1 536870912 1610612711 1610612711 0 0 1073741824 116292174 2147483623 171798725 128849017
116292174 0 1 0 0 0 0 32768 2684354535 536870912 1 536870912 1610612711 1610612711 0 0 1073741824 116292174 2147483623 171798725 128849017
116292174 0 1 0 0 0 0 32768 2684354535 536870912 1 536870912 1610612711 1610612711 0 0 1073741824 116292174 2147483623 171798725 128849017
116292174 0 1 0 0 0 0 32768 2684354535 536870912 1 536870912 1610612711 1610612711 0 0 1073741824 116292174 2147483623 171798725 128849017
116292174 0 1 0 0 0 0 32768 2684354535 536870912 1 536870912 1610612711 1610612711 0 0 1073741824 116292174 2147483623 171798725 128849017
116292174 0 1 0 0 0 0 32768 2684354535 536870912 1 536870912 1610612711 1610612711 0 0 1073741824 116292174 2147483623 171798725 128849017
116292174 0 1 0 0 0 0 32768 2684354535 536870912 1 536870912 1610612711 1610612711 0 0 1073741824 116292174 2147483623 171798725 128849017
116292174 0 1 0 1 0 0 32768 2684354535 536870912 1 536870912 1610612711 1610612711 0 0 1073741824 116292174 2147483623 171798725 128849017
116292174 0 1 0 0 0 0 32768 2684354535 536870912 1 536870912 1610612711 1610612711 0 0 1073741824 116292174 2147483623 171798725 128849017
116292174 0 1 0 0 0 0 32768 2684354535 536870912 1 536870912 1610612711 1610612711 0 0 1073741824 116292174 2147483623 171798725 128849017
116292174 0 1 0 0 0 0 32768 2684354535 536870912 1 536870912 1610612711 1610612711 0 0 1073741824 116292174 2147483623 171798725 128849017
116292174 0 1 0 0 0 0 32768 2684354535 536870912 1 536870912 1610612711 1610612711 0 0 1073741824 116292174 2147483623 171798725 128849017
116292174 0 1 0 0 0 0 32768 2684354535 536870912 1 536870912 1610612711 1610612711 0 0 1073741824 116292174 2147483623 171798725 128849017
116292174 0 1 0 0 0 0 32768 2684354535 536870912 1 536870912 1610612711 1610612711 0 0 1073741824 116292174 2147483623 171798725 128849017
116292174 0 1 0 0 0 0 32768 2684354535 536870912 1 536870912 1610612711 1610612711 0 0 1073741824 116292174 2147483623 171798725 128849017
116292174 0 1 0 0 0 0 32768 2684354535 536870912 1 536870912 1610612711 1610612711 0 0 1073741824 116292174 2147483623 171798725 128849017
116292174 0 1 0 0 0 0 32768 2684354535 536870912 1 536870912 1610612711 1610612711 0 0 1073741824 116292174 2147483623 171798725 128849017
116292174 0 1 0 1 0 0 32768 2684354535 536870912 1 536870912 1610612711 1610612711 0 0 1073741824 116292174 2147483623 171798725 128849017
116292174 0 1 0 0 0 0 32768 2684354535 536870912 1 536870912 1610612711 1610612711 0 0 1073741824 116292174 2147483623 171798725 128849017
116292174 0 1 0 0 0 0 32768 2684354535 536870912 1 536870912 1610612711 1610612711 0 0 1073741824 116292174 2147483623 171798725 128849017
116292174 0 1 0 0 0 0 32768 2684354535 536870912 1 536870912 1610612711 1610612711 0 0 1073741824 116292174 2147483623 171798725 128849017
116292174 0 1 0 0 0 0 32768 2684354535 536870912 1 536870912 1610612711 1610612711 0 0 1073741824 116292174 2147483623 171798725 128849017
116292174 0 1 0 0 0 0 32768 2684354535 536870912 1 536870912 1610612711 1610612711 0 0 1073741824 116292174 2147483623 171798725 128849017
116292174 0 1 0 0 0 0 32768 2684354535 536870912 1 536870912 1610612711 1610612711 0 0 1073741824 116292174 2147483623 171798725 128849017
116292174 0 1 0 0 0 0 32768 2684354535 536870912 1 536870912 1610612711 1610612711 0 0 1073741824 116292174 2147483623 171798725 128849017
116292174 0 1 0 0 0 0 32768 2684354535 536870912 1 536870912 1610612711 1610612711 0 0 1073741824 116292174 2147483623 171798725 128849017
116292174 0 1 0 0 0 0 32768 2684354535 536870912 1 536870912 1610612711 1610612711 0 0 1073741824 116292174 2147483623 171798725 128849017
116292174 0 1 0 1 0 0 32768 2684354535 536870912 1 536870912 1610612711 1610612711 0 0 1073741824 116292174 2147483623 171798725 128849017
116292174 0 1 0 0 0 0 32768 2684354535 536870912 1 536870912 1610612711 1610612711 0 0 1073741824 116292174 2147483623 171798725 128849017
116292174 0 1 0 0 0 0 32768 2684354535 536870912 1 536870912 1610612711 1610612711 0 0 1073741824 116292174 2147483623 171798725 128849017
116292174 0 1 0 0 0 0 32768 2684354535 536870912 1 536870912 1610612711 1610612711 0 0 1073741824 116292174 2147483623 171798725 128849017
116292174 0 1 0 0 0 0 32768 2684354535 536870912 1 536870912 1610612711 1610612711 0 0 1073741824 116292174 2147483623 171798725 128849017
116292174 0 1 0 0 0 0 32768 2684354535 536870912 1 536870912 1610612711 1610612711 0 0 1073741824 116292174 2147483623 171798725 128849017
116292174 0 1 0 0 0 0 32768 2684354535 536870912 1 536870912 1610612711 1610612711 0 0 1073741824 116292174 2147483623 171798725 128849017
116292174 0 1 0 0 0 0 32768 2684354535 536870912 1 536870912 1610612711 1610612711 0 0 1073741824 116292174 2147483623 171798725 128849017
116292174 0 1 0 0 0 0 32768 2684354535 536870912 1 536870912 1610612711 1610612711 0 0 1073741824 116292174 2147483623 171798725 128849017
116292174 0 1 0 0 0 0 32768 2684354535 536870912 1 536870912 1610612711 1610612711 0 0 1073741824 116292174 2147483623 171798725 128849017
116292174 0 1 0 1 0 0 32768 2684354535 536870912 1 536870912 1610612711 1610612711 0 0 1073741824 116292174 2147483623 171798725 128849017
116292174 0 1 0 0 0 0 32768 2684354535 536870912 1 536870912 1610612711 1610612711 0 0 1073741824 116292174 2147483623 171798725 128849017
116292174 0 1 0 0 0 0 32768 2684354535 536870912 1 536870912 1610612711 1610612711 0 0 1073741824 116292174 2147483623 171798725 128849017
116292174 0 1 0 0 0 0 32768 2684354535 536870912 1 536870912 1610612711 1610612711 0 0 1073741824 116292174 2147483623 171798725 128849017
116292174 0 1 0 0 0 0 32768 2684354535 536870912 1 536870912 1610612711 1610612711 0 0 1073741824 116292174 2147483623 171798725 128849017
116292174 0 1 0 0 0 0 32768 2684354535 536870912 1 536870912 1610612711 1610612711 0 0 1073741824 116292174 2147483623 171798725 128849017
116292174 0 1 0 0 0 0 32768 2684354535 536870912 1 536870912 1610612711 1610612711 0 0 1073741824 116292174 2147483623 171798725 128849017
116292174 0 1 0 0 0 0 32768 2684354535 536870912 1 536870912 1610612711 1610612711 0 0 1073741824 116292174 2147483623 171798725 128849017
116292174 0 1 0 0 0 0 32768 2684354535 536870912 1 536870912 1610612711 1610612711 0 0 1073741824 116292174 2147483623 171798725 128849017
116292174 0 1 0 0 0 0 32768 2684354535 536870912 1 536870912 1610612711 1610612711 0 0 1073741824 116292174 2147483623 171798725 128849017
116292174 0 1 0 1 0 0 32768 2684354535 536870912 1 536870912 1610612711 1610612711 0 0 1073741824 116292174 2147483623 171798725 128849017
116292174 0 1 0 0 0 0 32768 2684354535 536870912 1 536870912 1610612711 1610612711 0 0 1073741824 116292174 2147483623 171798725 128849017
116292174 0 1 0 0 0 0 32768 2684354535 536870912 1 536870912 1610612711 1610612711 0 0 1073741824 116292174 2147483623 171798725 128849017
116292174 0 1 0 0 0 0 32768 2684354535 536870912 1 536870912 1610612711 1610612711 0 0 1073741824 116292174 2147483623 171798725 128849017
116292174 0 1 0 0 0 0 32768 2684354535 536870912 1 536870912 1610612711 1610612711 0 0 1073741824 116292174 2147483623 171798725 128849017
116292174 0 1 0 0 0 0 32768 2684354535 536870912 1 536870912 1610612711 1610612711 0 0 1073741824 116292174 2147483623 171798725 128849017
116292174 0 1 0 0 0 0 32768 2684354535 536870912 1 536870912 1610612711 1610612711 0 0 1073741824 116292174 2147483623 171798725 128849017
116292174 0 1 0 0 0 0 32768 2684354535 536870912 1 536870912 1610612711 1610612711 0 0 1073741824 116292174 2147483623 171798725 128849017
116292174 0 1 0 0 0 0 32768 2684354535 536870912 1 536870912 1610612711 1610612711 0 0 1073741824 116292174 2147483623 171798725 128849017
116292174 0 1 0 0 0 0 32768 2684354535 536870912 1 536870912 1610612711 1610612711 0 0 1073741824 116292174 2147483623 171798725 128849017
116292174 0 1 0 1 0 0 32768 2684354535 536870912 1 536870912 1610612711 1610612711 0 0 1073741824 116292174 2147483623 171798725 128849017
116292174 0 1 0 0 0 0 32768 2684354535 536870912 1 536870912 1610612711 1610612711 0 0 1073741824 116292174 2147483623 171798725 128849017
116292174 0 1 0 0 0 0 32768 2684354535 536870912 1 536870912 1610612711 1610612711 0 0 1073741824 116292174 2147483623 171798725 128849017
116292174 0 1 0 0 0 0 32768 2684354535 536870912 1 536870912 1610612711 1610612711 0 0 1073741824 116292174 2147483623 171798725 128849017
116292174 0 1 0 0 0 0 32768 2684354535 536870912 1 536870912 1610612711 1610612711 0 0 1073741824 116292174 2147483623 171798725 128849017
116292174 0 1 0 0 0 0 32768 2684354535 536870912 1 536870912 1610612711 1610612711 0 0 1073741824 116292174 2147483623 171798725 128849017
116292174 0 1 0 0 0 0 32768 2684354535 536870912 1 536870912 1610612711 1610612711 0 0 1073741824 116292174 2147483623 171798725 128849017
116292174 0 1 0 0 0 0 32768 2684354535 536870912 1 536870912 1610612711 1610612711 0 0 1073741824 116292174 2147483623 171798725 128849017
116292174 0 1 0 0 0 0 32768 2684354535 536870912 1 536870912 1610612711 1610612711 0 0 1073741824 116292174 2147483623 171798725 128849017
116292174 0 1 0 0 0 0 32768 2684354535 536870912 1 536870912 1610612711 1610612711 0 0 1073741824 116292174 2147483623 171798725 128849017
116292174 0 1 0 1 0 0 32768 2684354535 536870912 1 536870912 1610612711 1610612711 0 0 1073741824 116292174 2147483623 171798725 128849017
116292174 0 1 0 0 0 0 32768 2684354535 536870912 1 536870912 1610612711 1610612711 0 0 1073741824 116292174 2147483623 171798725 128849017
116292174 0 1 0 0 0 0 32768 2684354535 536870912 1 536870912 1610612711 1610612711 0 0 1073741824 116292174 2147483623 171798725 128849017
116292174 0 1 0 0 0 0 32768 2684354535 536870912 1 536870912 1610612711 1610612711 0 0 1073741824 116292174 2147483623 171798725 128849017
116292174 0 1 0 0 0 0 32768 2684354535 536870912 1 536870912 1610612711 1610612711 0 0 1073741824 116292174 2147483623 171798725 128849017
116292174 0 1 0 0 0 0 32768 2684354535 536870912 1 536870912 1610612711 1610612711 0 0 1073741824 116292174 2147483623 171798725 128849017
116292174 0 1 0 0 0 0 32768 2684354535 536870912 1 536870912 1610612711 1610612711 0 0 1073741824 116292174 2147483623 171798725 128849017
116292174 0 1 0 0 0 0 32768 2684354535 536870912 1 536870912 1610612711 1610612711 0 0 1073741824 116292174 2147483623 171798725 128849017
116292174 0 1 0 0 0 0 32768 2684354535 536870912 1 536870912 1610612711 1610612711 0 0 1073741824 116292174 2147483623 171798725 128849017
116292174 0 1 0 0 0 0 32768 2684354535 536870912 1 536870912 1610612711 1610612711 0 0 1073741824 116292174 2147483623 171798725 128849017
116292174 0 1 0 1 0 0 32768 2684354535 536870912 1 536870912 1610612711 1610612711 0 0 1073741824 116292174 2147483623 171798725 128849017
116292174 0 1 0 0 0 0 32768 2684354535 536870912 1 536870912 1610612711 1610612711 0 0 1073741824 116292174 2147483623 171798725 128849017
116292174 0 1 0 0 0 0 32768 2684354535 536870912 1 536870912 1610612711 1610612711 0 0 1073741824 116292174 2147483623 171798725 128849017
116292174 0 1 0 0 0 0 32768 2684354535 536870912 1 536870912 1610612711 1610612711 0 0 1073741824 116292174 2147483623 171798725 128849017
116292174 0 1 0 0 0 0 32768 2684354535 536870912 1 536870912 1610612711 1610612711 0 0 1073741824 116292174 2147483623 171798725 128849017
116292174 0 1 0 0 0 0 32768 2684354535 536870912 1 536870912 1610612711 1610612711 0 0 1073741824 116292174 2147483623 171798725 128849017
116292174 0 1 0 0 0 0 32768 2684354535 536870912 1 536870912 1610612711 1610612711 0 0 1073741824 116292174 2147483623 171798725 128849017
116292174 0 1 0 0 0 0 32768 2684354535 536870912 1 536870912 1610612711 1610612711 0 0 1073741824 116292174 2147483623 171798725 128849017
116292174 0 1 0 0 0 0 32768 2684354535 536870912 1 536870912 1610612711 1610612711 0 0 1073741824 116292174 2147483623 171798725 128849017
116292174 0 1 0 0 0 0 32768 2684354535 536870912 1 536870912 1610612711 1610612711 0 0 1073741824 116292174 2147483623 171798725 128849017
116292174 0 1 0 1 0 0 32768 2684354535 536870912 1 536870912 1610612711 1610612711 0 0 1073741824 116292174 2147483623 171798725 128849017
116292174 0 1 0 0 0 0 32768 2684354535 536870912 1 536870912 1610612711 1610612711 0 0 1073741824 116292174 2147483623 171798725 128849017
116292174 0 1 0 0 0 0 32768 2684354535 536870912 1 536870912 1610612711 1610612711 0 0 1073741824 116292174 2147483623 171798725 128849017
116292174 0 1 0 0 0 0 32768 2684354535 536870912 1 536870912 1610612711 1610612711 0 0 1073741824 116292174 2147483623 171798725 128849017
116292174 0 1 0 0 0 0 32768 2684354535 536870912 1 536870912 1610612711 1610612711 0 0 1073741824 116292174 2147483623 171798725 128849017
116292174 0 1 0 0 0 0 32768 2684354535 536870912 1 536870912 1610612711 1610612711 0 0 1073741824 116292174 2147483623 171798725 128849017
116292174 0 1 0 0 0 0 32768 2684354535 536870912 1 536870912 1610612711 1610612711 0 0 1073741824 116292174 2147483623 171798725 128849017
116292174 0 1 0 0 0 0 32768 2684354535 536870912 1 536870912 1610612711 1610612711 0 0 1073741824 116292174 2147483623 171798725 128849017
116292174 0 1 0 0 0 0 32768 2684354535 536870912 1 536870912 1610612711 1610612711 0 0 1073741824 116292174 2147483623 171798725 128849017
116292174 0 1 0 0 0 0 32768 2684354535 536870912 1 536870912 1610612711 1610612711 0 0 1073741824 116292174 2147483623 171798725 128849017
116292174 0 1 0 1 0 0 32768 2684354535 536870912 1 536870912 1610612711 1610612711 0 0 1073741824 116292174 2147483623 171798725 128849017
116292174 0 1 0 0 0 0 32768 2684354535 536870912 1 536870912 1610612711 1610612711 0 0 1073741824 116292174 2147483623 171798725 128849017
116292174 0 1 0 0 0 0 32768 2684354535 536870912 1 536870912 1610612711 1610612711 0 0 1073741824 116292174 2147483623 171798725 128849017
116292174 0 1 0 0 0 0 32768 2684354535 536870912 1 536870912 1610612711 1610612711 0 0 1073741824 116292174 2147483623 171798725 128849017
116292174 0 1 0 0 0 0 32768 2684354535 536870912 1 536870912 1610612711 1610612711 0 0 1073741824 116292174 2147483623 171798725 128849017
116292174 0 1 0 0 0 0 32768 2684354535 536870912 1 536870912 1610612711 1610612711 0 0 1073741824 116292174 2147483623 171798725 128849017
116292174 0 1 0 0 0 0 32768 2684354535 536870912 1 536870912 1610612711 1610612711 0 0 1073741824 116292174 2147483623 171798725 128849017
116292174 0 1 0 0 0 0 32768 2684354535 536870912 1 536870912 1610612711 1610612711 0 0 1073741824 116292174 2147483623 171798725 128849017
116292174 0 1 0 0 0 0 32768 2684354535 536870912 1 536870912 1610612711 1610612711 0 0 1073741824 116292174 2147483623 171798725 128849017
116292174 0 1 0 0 0 0 32768 2684354535 536870912 1 536870912 1610612711 1610612711 0 0 1073741824 116292174 2147483623 171798725 128849017
116292174 0 1 0 1 0 0 32768 2684354535 536870912 1 536870912 1610612711 1610612711 0 0 1073741824 116292174 2147483623 171798725 128849017
116292174 0 1 0 0 0 0 32768 2684354535 536870912 1 536870912 1610612711 1610612711 0 0 1073741824 116292174 2147483623 171798725 128849017
116292174 0 1 0 0 0 0 32768 2684354535 536870912 1 536870912 1610612711 1610612711 0 0 1073741824 116292174 2147483623 171798725 128849017
116292174 0 1 0 0 0 0 32768 2684354535 536870912 1 536870912 1610612711 1610612711 0 0 1073741824 116292174 2147483623 171798725 128849017
116292174 0 1 0 0 0 0 32768 2684354535 536870912 1 536870912 1610612711 1610612711 0 0 1073741824 116292174 2147483623 171798725 128849017
116292174 0 1 0 0 0 0 32768 2684354535 536870912 1 536870912 1610612711 1610612711 0 0 1073741824 116292174 2147483623 171798725 128849017
116292174 0 1 0 0 0 0 32768 2684354535 536870912 1 536870912 1610612711 1610612711 0 0 1073741824 116292174 2147483623 171798725 128849017
116292174 0 1 0 0 0 0 32768 2684354535 536870912 1 536870912 1610612711 1610612711 0 0 1073741824 116292174 2147483623 171798725 128849017
116292174 0 1 0 0 0 0 32768 2684354535 536870912 1 536870912 1610612711 1610612711 0 0 1073741824 116292174 2147483623 171798725 128849017
116292174 0 1 0 0 0 0 32768 2684354535 536870912 1 536870912 1610612711 1610612711 0 0 1073741824 116292174 2147483623 171798725 128849017
116292174 0 1 0 1 0 0 32768 2684354535 536870912 1 536870912 1610612711 1610612711 0 0 1073741824 116292174 2147483623 171798725 128849017
116292174 0 1 0 0 0 0 32768 2684354535 536870912 1 536870912 1610612711 1610612711 0 0 1073741824 116292174 2147483623 171798725 128849017
116292174 0 1 0 0 0 0 32768 2684354535 536870912 1 536870912 1610612711 1610612711 0 0 1073741824 116292174 2147483623 171798725 128849017
116292174 0 1 0 0 0 0 32768 2684354535 536870912 1 536870912 1610612711 1610612711 0 0 1073741824 116292174 2147483623 171798725 128849017
116292174 0 1 0 0 0 0 32768 2684354535 536870912 1 536870912 1610612711 1610612711 0 0 1073741824 116292174 2147483623 171798725 128849017
116292174 0 1 0 0 0 0 32768 2684354535 536870912 1 536870912 1610612711 1610612711 0 0 1073741824 116292174 2147483623 171798725 128849017
116292174 0 1 0 0 0 0 32768 2684354535 536870912 1 536870912 1610612711 1610612711 0 0 1073741824 116292174 2147483623 171798725 128849017
116292174 0 1 0 0 0 0 32768 2684354535 536870912 1 536870912 1610612711 1610612711 0 0 1073741824 116292174 2147483623 171798725 128849017
116292174 0 1 0 0 0 0 32768 2684354535 536870912 1 536870912 1610612711 1610612711 0 0 1073741824 116292174 2147483623 171798725 128849017
116292174 0 1 0 0 0 0 32768 2684354535 536870912 1 536870912 1610612711 1610612711 0 0 1073741824 116292174 2147483623 171798725 128849017
116292174 0 1 0 1 0 0 32768 2684354535 536870912 1 536870912 1610612711 1610612711 0 0 1073741824 116292174 2147483623 171798725 128849017
-116292174 0 1 0 0 0 0 32768 2684354535 536870912 1 536870912 1610612711 1610612711 0 0 1073741824 116292174 2147483623 171798725 128849017
-116292174 0 1 0 0 0 0 32768 2684354535 536870912 1 536870912 1610612711 1610612711 0 0 1073741824 116292174 2147483623 171798725 128849017
-116292174 0 1 0 0 0 0 32768 2684354535 536870912 1 536870912 1610612711 1610612711 0 0 1073741824 116292174 2147483623 171798725 128849017
-116292174 0 1 0 0 0 0 32768 2684354535 536870912 1 536870912 1610612711 1610612711 0 0 1073741824 116292174 2147483623 171798725 128849017
-116292174 0 1 0 0 0 0 32768 2684354535 536870912 1 536870912 1610612711 1610612711 0 0 1073741824 116292174 2147483623 171798725 128849017
-116292174 0 1 0 0 0 0 32768 2684354535 536870912 1 536870912 1610612711 1610612711 0 0 1073741824 116292174 2147483623 171798725 128849017
-116292174 0 1 0 0 0 0 32768 2684354535 536870912 1 536870912 1610612711 1610612711 0 0 1073741824 116292174 2147483623 171798725 128849017
-116292174 0 1 0 0 0 0 32768 2684354535 536870912 1 536870912 1610612711 1610612711 0 0 1073741824 116292174 2147483623 171798725 128849017
-116292174 0 1 0 0 0 0 32768 2684354535 536870912 1 536870912 1610612711 1610612711 0 0 1073741824 116292174 2147483623 171798725 128849017
-116292174 0 1 0 1 0 0 -32768 -1610612711 536870912 1 236223170 1610612711 -536870887 0 0 -1073741824 -116292174 -2147483623 -171798725 128849017
-116292174 0 1 0 0 0 0 -32768 -1610612711 536870912 1 236223170 1610612711 -536870887 0 0 -1073741824 -116292174 -2147483623 -171798725 128849017
-116292174 0 1 0 0 0 0 -32768 -1610612711 536870912 1 236223170 1610612711 -536870887 0 0 -1073741824 -116292174 -2147483623 -171798725 128849017
-116292174 0 1 0 0 0 0 -32768 -1610612711 536870912 1 236223170 1610612711 -536870887 0 0 -1073741824 -116292174 -2147483623 -171798725 128849017
-116292174 0 1 0 0 0 0 -32768 -1610612711 536870912 1 236223170 1610612711 -536870887 0 0 -1073741824 -116292174 -2147483623 -171798725 128849017
-116292174 0 1 0 0 0 0 -32768 -1610612711 536870912 1 236223170 1610612711 -536870887 0 0 -1073741824 -116292174 -2147483623 -171798725 128849017
-116292174 0 1 0 0 0 0 -32768 -1610612711 536870912 1 236223170 1610612711 -536870887 0 0 -1073741824 -116292174 -2147483623 -171798725 128849017
-116292174 0 1 0 0 0 0 -32768 -1610612711 536870912 1 236223170 1610612711 -536870887 0 0 -1073741824 -116292174 -2147483623 -171798725 128849017
-116292174 0 1 0 0 0 0 -32768 -1610612711 536870912 1 236223170 1610612711 -536870887 0 0 -1073741824 -116292174 -2147483623 -171798725 128849017
-116292174 0 1 0 0 0 0 -32768 -1610612711 536870912 1 236223170 1610612711 -536870887 0 0 -1073741824 -116292174 -2147483623 -171798725 128849017
-116292174 0 1 0 1 0 0 -32768 -1911260453 236223170 1 107374116 -536870887 -837518629 0 0 -1073741824 -116292174 -2147483623 -171798725 -42949671
-116292174 0 1 0 0 0 0 -32768 -1911260453 236223170 1 107374116 -536870887 -837518629 0 0 -1073741824 -116292174 -2147483623 -171798725 -42949671
-116292174 0 1 0 0 0 0 -32768 -1911260453 236223170 1 107374116 -536870887 -837518629 0 0 -1073741824 -116292174 -2147483623 -171798725 -42949671
-116292174 0 1 0 0 0 0 -32768 -1911260453 236223170 1 107374116 -536870887 -837518629 0 0 -1073741824 -116292174 -2147483623 -171798725 -42949671
-116292174 0 1 0 0 0 0 -32768 -1911260453 236223170 1 107374116 -536870887 -837518629 0 0 -1073741824 -116292174 -2147483623 -171798725 -42949671
-116292174 0 1 0 0 0 0 -32768 -1911260453 236223170 1 107374116 -536870887 -837518629 0 0 -1073741824 -116292174 -2147483623 -171798725 -42949671
-116292174 0 1 0 0 0 0 -32768 -1911260453 236223170 1 107374116 -536870887 -837518629 0 0 -1073741824 -116292174 -2147483623 -171798725 -42949671
-116292174 0 1 0 0 0 0 -32768 -1911260453 236223170 1 107374116 -536870887 -837518629 0 0 -1073741824 -116292174 -2147483623 -171798725 -42949671
-116292174 0 1 0 0 0 0 -32768 -1911260453 236223170 1 107374116 -536870887 -837518629 0 0 -1073741824 -116292174 -2147483623 -171798725 -42949671
-116292174 0 1 0 0 0 0 -32768 -1911260453 236223170 1 107374116 -536870887 -837518629 0 0 -1073741824 -116292174 -2147483623 -171798725 -42949671
-116292174 0 1 0 1 0 0 -32768 -2040109507 107374116 1 2576881 -837518629 -966367683 0 0 -1073741824 -116292174 -2147483623 -171798725 -67001490
-116292174 0 1 0 0 0 0 -32768 -2040109507 107374116 1 2576881 -837518629 -966367683 0 0 -1073741824 -116292174 -2147483623 -171798725 -67001490
-116292174 0 1 0 0 0 0 -32768 -2040109507 107374116 1 2576881 -837518629 -966367683 0 0 -1073741824 -116292174 -2147483623 -171798725 -67001490
-116292174 0 1 0 0 0 0 -32768 -2040109507 107374116 1 2576881 -837518629 -966367683 0 0 -1073741824 -116292174 -2147483623 -171798725 -67001490
-116292174 0 1 0 0 0 0 -32768 -2040109507 107374116 1 2576881 -837518629 -966367683 0 0 -1073741824 -116292174 -2147483623 -171798725 -67001490
-116292174 0 1 0 0 0 0 -32768 -2040109507 107374116 1 2576881 -837518629 -966367683 0 0 -1073741824 -116292174 -2147483623 -171798725 -67001490
-116292174 0 1 0 0 0 0 -32768 -2040109507 107374116 1 2576881 -837518629 -966367683 0 0 -1073741824 -116292174 -2147483623 -171798725 -67001490
-116292174 0 1 0 0 0 0 -32768 -2040109507 107374116 1 2576881 -837518629 -966367683 0 0 -1073741824 -116292174 -2147483623 -171798725 -67001490
-116292174 0 1 0 0 0 0 -32768 -2040109507 107374116 1 2576881 -837518629 -966367683 0 0 -1073741824 -116292174 -2147483623 -171798725 -67001490
-116292174 0 1 0 0 0 0 -32768 -2040109507 107374116 1 2576881 -837518629 -966367683 0 0 -1073741824 -116292174 -2147483623 -171798725 -67001490
-116292174 0 1 0 1 0 0 -32768 -2144906742 2576881 1 -91912429 -966367683 -1071164918 0 0 -1073741824 -116292174 -2147483623 -171798725 -77309415
-116292174 0 1 0 0 0 0 -32768 -2144906742 2576881 1 -91912429 -966367683 -1071164918 0 0 -1073741824 -116292174 -2147483623 -171798725 -77309415
-116292174 0 1 0 0 0 0 -32768 -2144906742 2576881 1 -91912429 -966367683 -1071164918 0 0 -1073741824 -116292174 -2147483623 -171798725 -77309415
-116292174 0 1 0 0 0 0 -32768 -2144906742 2576881 1 -91912429 -966367683 -1071164918 0 0 -1073741824 -116292174 -2147483623 -171798725 -77309415
-116292174 0 1 0 0 0 0 -32768 -2144906742 2576881 1 -91912429 -966367683 -1071164918 0 0 -1073741824 -116292174 -2147483623 -171798725 -77309415
-116292174 0 1 0 0 0 0 -32768 -2144906742 2576881 1 -91912429 -966367683 -1071164918 0 0 -1073741824 -116292174 -2147483623 -171798725 -77309415
-116292174 0 1 0 0 0 0 -32768 -2144906742 2576881 1 -91912429 -966367683 -1071164918 0 0 -1073741824 -116292174 -2147483623 -171798725 -77309415
-116292174 0 1 0 0 0 0 -32768 -2144906742 2576881 1 -91912429 -966367683 -1071164918 0 0 -1073741824 -116292174 -2147483623 -171798725 -77309415
-116292174 0 1 0 0 0 0 -32768 -2144906742 2576881 1 -91912429 -966367683 -1071164918 0 0 -1073741824 -116292174 -2147483623 -171798725 -77309415
-116292174 0 1 0 0 0 0 -32768 -2144906742 2576881 1 -91912429 -966367683 -1071164918 0 0 -1073741824 -116292174 -2147483623 -171798725 -77309415
-116292174 0 1 0 1 0 0 -32768 -2239396052 -91912429 1 -178017960 -1071164918 -1165654228 0 0 -1073741824 -116292174 -2147483623 -171798725 -85693194
-116292174 0 1 0 0 0 0 -32768 -2239396052 -91912429 1 -178017960 -1071164918 -1165654228 0 0 -1073741824 -116292174 -2147483623 -171798725 -85693194
-116292174 0 1 0 0 0 0 -32768 -2239396052 -91912429 1 -178017960 -1071164918 -1165654228 0 0 -1073741824 -116292174 -2147483623 -171798725 -85693194
-116292174 0 1 0 0 0 0 -32768 -2239396052 -91912429 1 -178017960 -1071164918 -1165654228 0 0 -1073741824 -116292174 -2147483623 -171798725 -85693194
-116292174 0 1 0 0 0 0 -32768 -2239396052 -91912429 1 -178017960 -1071164918 -1165654228 0 0 -1073741824 -116292174 -2147483623 -171798725 -85693194
-116292174 0 1 0 0 0 0 -32768 -2239396052 -91912429 1 -178017960 -1071164918 -1165654228 0 0 -1073741824 -116292174 -2147483623 -171798725 -85693194
-116292174 0 1 0 0 0 0 -32768 -2239396052 -91912429 1 -178017960 -1071164918 -1165654228 0 0 -1073741824 -116292174 -2147483623 -171798725 -85693194
-116292174 0 1 0 0 0 0 -32768 -2239396052 -91912429 1 -178017960 -1071164918 -1165654228 0 0 -1073741824 -116292174 -2147483623 -171798725 -85693194
-116292174 0 1 0 0 0 0 -32768 -2239396052 -91912429 1 -178017960 -1071164918 -1165654228 0 0 -1073741824 -116292174 -2147483623 -171798725 -85693194
-116292174 0 1 0 0 0 0 -32768 -2239396052 -91912429 1 -178017960 -1071164918 -1165654228 0 0 -1073741824 -116292174 -2147483623 -171798725 -85693194
-116292174 0 1 0 1 0 0 -32768 -2325501583 -178017960 1 -256564347 -1165654228 -1251759759 0 0 -1073741824 -116292174 -2147483623 -171798725 -93252338
-116292174 0 1 0 0 0 0 -32768 -2325501583 -178017960 1 -256564347 -1165654228 -1251759759 0 0 -1073741824 -116292174 -2147483623 -171798725 -93252338
-116292174 0 1 0 0 0 0 -32768 -2325501583 -178017960 1 -256564347 -1165654228 -1251759759 0 0 -1073741824 -116292174 -2147483623 -171798725 -93252338
-116292174 0 1 0 0 0 0 -32768 -2325501583 -178017960 1 -256564347 -1165654228 -1251759759 0 0 -1073741824 -116292174 -2147483623 -171798725 -93252338
-116292174 0 1 0 0 0 0 -32768 -2325501583 -178017960 1 -256564347 -1165654228 -1251759759 0 0 -1073741824 -116292174 -2147483623 -171798725 -93252338
-116292174 0 1 0 0 0 0 -32768 -2325501583 -178017960 1 -256564347 -1165654228 -1251759759 0 0 -1073741824 -116292174 -2147483623 -171798725 -93252338
-116292174 0 1 0 0 0 0 -32768 -2325501583 -178017960 1 -256564347 -1165654228 -1251759759 0 0 -1073741824 -116292174 -2147483623 -171798725 -93252338
-116292174 0 1 0 0 0 0 -32768 -2325501583 -178017960 1 -256564347 -1165654228 -1251759759 0 0 -1073741824 -116292174 -2147483623 -171798725 -93252338
-116292174 0 1 0 0 0 0 -32768 -2325501583 -178017960 1 -256564347 -1165654228 -1251759759 0 0 -1073741824 -116292174 -2147483623 -171798725 -93252338
-116292174 0 1 0 0 0 0 -32768 -2325501583 -178017960 1 -256564347 -1165654228 -1251759759 0 0 -1073741824 -116292174 -2147483623 -171798725 -93252338
-116292174 0 1 0 1 0 0 -32768 -2404047970 -256564347 1 -328222291 -1251759759 -1330306146 0 0 -1073741824 -116292174 -2147483623 -171798725 -100140781
-116292174 0 1 0 0 0 0 -32768 -2404047970 -256564347 1 -328222291 -1251759759 -1330306146 0 0 -1073741824 -116292174 -2147483623 -171798725 -100140781
-116292174 0 1 0 0 0 0 -32768 -2404047970 -256564347 1 -328222291 -1251759759 -1330306146 0 0 -1073741824 -116292174 -2147483623 -171798725 -100140781
-116292174 0 1 0 0 0 0 -32768 -2404047970 -256564347 1 -328222291 -1251759759 -1330306146 0 0 -1073741824 -116292174 -2147483623 -171798725 -100140781
-116292174 0 1 0 0 0 0 -32768 -2404047970 -256564347 1 -328222291 -1251759759 -1330306146 0 0 -1073741824 -116292174 -2147483623 -171798725 -100140781
-116292174 0 1 0 0 0 0 -32768 -2404047970 -256564347 1 -328222291 -1251759759 -1330306146 0 0 -1073741824 -116292174 -2147483623 -171798725 -100140781
-116292174 0 1 0 0 0 0 -32768 -2404047970 -256564347 1 -328222291 -1251759759 -1330306146 0 0 -1073741824 -116292174 -2147483623 -171798725 -100140781
-116292174 0 1 0 0 0 0 -32768 -2404047970 -256564347 1 -328222291 -1251759759 -1330306146 0 0 -1073741824 -116292174 -2147483623 -171798725 -100140781
-116292174 0 1 0 0 0 0 -32768 -2404047970 -256564347 1 -328222291 -1251759759 -1330306146 0 0 -1073741824 -116292174 -2147483623 -171798725 -100140781
-116292174 0 1 0 0 0 0 -32768 -2404047970 -256564347 1 -328222291 -1251759759 -1330306146 0 0 -1073741824 -116292174 -2147483623 -171798725 -100140781
-116292174 0 1 0 1 0 0 -32768 -2475705914 -328222291 1 -393596524 -1330306146 -1401964090 0 0 -1073741824 -116292174 -2147483623 -171798725 -106424492
-116292174 0 1 0 0 0 0 -32768 -2475705914 -328222291 1 -393596524 -1330306146 -1401964090 0 0 -1073741824 -116292174 -2147483623 -171798725 -106424492
-116292174 0 1 0 0 0 0 -32768 -2475705914 -328222291 1 -393596524 -1330306146 -1401964090 0 0 -1073741824 -116292174 -2147483623 -171798725 -106424492
-116292174 0 1 0 0 0 0 -32768 -2475705914 -328222291 1 -393596524 -1330306146 -1401964090 0 0 -1073741824 -116292174 -2147483623 -171798725 -106424492
-116292174 0 1 0 0 0 0 -32768 -2475705914 -328222291 1 -393596524 -1330306146 -1401964090 0 0 -1073741824 -116292174 -2147483623 -171798725 -106424492
-116292174 0 1 0 0 0 0 -32768 -2475705914 -328222291 1 -393596524 -1330306146 -1401964090 0 0 -1073741824 -116292174 -2147483623 -171798725 -106424492
-116292174 0 1 0 0 0 0 -32768 -2475705914 -328222291 1 -393596524 -1330306146 -1401964090 0 0 -1073741824 -116292174 -2147483623 -171798725 -106424492
-116292174 0 1 0 0 0 0 -32768 -2475705914 -328222291 1 -393596524 -1330306146 -1401964090 0 0 -1073741824 -116292174 -2147483623 -171798725 -106424492
-116292174 0 1 0 0 0 0 -32768 -2475705914 -328222291 1 -393596524 -1330306146 -1401964090 0 0 -1073741824 -116292174 -2147483623 -171798725 -106424492
-116292174 0 1 0 0 0 0 -32768 -2475705914 -328222291 1 -393596524 -1330306146 -1401964090 0 0 -1073741824 -116292174 -2147483623 -171798725 -106424492
-116292174 0 1 0 1 0 0 -32768 -2541080147 -393596524 1 -453238122 -1401964090 -1467338323 0 0 -1073741824 -116292174 -2147483623 -171798725 -112157127
-116292174 0 1 0 0 0 0 -32768 -2541080147 -393596524 1 -453238122 -1401964090 -1467338323 0 0 -1073741824 -116292174 -2147483623 -171798725 -112157127
-116292174 0 1 0 0 0 0 -32768 -2541080147 -393596524 1 -453238122 -1401964090 -1467338323 0 0 -1073741824 -116292174 -2147483623 -171798725 -112157127
-116292174 0 1 0 0 0 0 -32768 -2541080147 -393596524 1 -453238122 -1401964090 -1467338323 0 0 -1073741824 -116292174 -2147483623 -171798725 -112157127
-116292174 0 1 0 0 0 0 -32768 -2541080147 -393596524 1 -453238122 -1401964090 -1467338323 0 0 -1073741824 -116292174 -2147483623 -171798725 -112157127
-116292174 0 1 0 0 0 0 -32768 -2541080147 -393596524 1 -453238122 -1401964090 -1467338323 0 0 -1073741824 -116292174 -2147483623 -171798725 -112157127
-116292174 0 1 0 0 0 0 -32768 -2541080147 -393596524 1 -453238122 -1401964090 -1467338323 0 0 -1073741824 -116292174 -2147483623 -171798725 -112157127
-116292174 0 1 0 0 0 0 -32768 -2541080147 -393596524 1 -453238122 -1401964090 -1467338323 0 0 -1073741824 -116292174 -2147483623 -171798725 -112157127
-116292174 0 1 0 0 0 0 -32768 -2541080147 -393596524 1 -453238122 -1401964090 -1467338323 0 0 -1073741824 -116292174 -2147483623 -171798725 -112157127
-116292174 0 1 0 0 0 0 -32768 -2541080147 -393596524 1 -453238122 -1401964090 -1467338323 0 0 -1073741824 -116292174 -2147483623 -171798725 -112157127
-116292174 0 1 0 1 0 0 -32768 -2600721745 -453238122 1 -507649781 -1467338323 -1526979921 0 0 -1073741824 -116292174 -2147483623 -171798725 -117387066
-116292174 0 1 0 0 0 0 -32768 -2600721745 -453238122 1 -507649781 -1467338323 -1526979921 0 0 -1073741824 -116292174 -2147483623 -171798725 -117387066
-116292174 0 1 0 0 0 0 -32768 -2600721745 -453238122 1 -507649781 -1467338323 -1526979921 0 0 -1073741824 -116292174 -2147483623 -171798725 -117387066
-116292174 0 1 0 0 0 0 -32768 -2600721745 -453238122 1 -507649781 -1467338323 -1526979921 0 0 -1073741824 -116292174 -2147483623 -171798725 -117387066
-116292174 0 1 0 0 0 0 -32768 -2600721745 -453238122 1 -507649781 -1467338323 -1526979921 0 0 -1073741824 -116292174 -2147483623 -171798725 -117387066
-116292174 0 1 0 0 0 0 -32768 -2600721745 -453238122 1 -507649781 -1467338323 -1526979921 0 0 -1073741824 -116292174 -2147483623 -171798725 -117387066
-116292174 0 1 0 0 0 0 -32768 -2600721745 -453238122 1 -507649781 -1467338323 -1526979921 0 0 -1073741824 -116292174 -2147483623 -171798725 -117387066
-116292174 0 1 0 0 0 0 -32768 -2600721745 -453238122 1 -507649781 -1467338323 -1526979921 0 0 -1073741824 -116292174 -2147483623 -171798725 -117387066
-116292174 0 1 0 0 0 0 -32768 -2600721745 -453238122 1 -507649781 -1467338323 -1526979921 0 0 -1073741824 -116292174 -2147483623 -171798725 -117387066
-116292174 0 1 0 0 0 0 -32768 -2600721745 -453238122 1 -507649781 -1467338323 -1526979921 0 0 -1073741824 -116292174 -2147483623 -171798725 -117387066
-116292174 0 1 0 1 0 0 -32768 -2655133404 -507649781 1 -536870912 -1526979921 -1581391580 0 0 -1073741824 -116292174 -2147483623 -171798725 -122158394
-116292174 0 1 0 0 0 0 -32768 -2655133404 -507649781 1 -536870912 -1526979921 -1581391580 0 0 -1073741824 -116292174 -2147483623 -171798725 -122158394
-116292174 0 1 0 0 0 0 -32768 -2655133404 -507649781 1 -536870912 -1526979921 -1581391580 0 0 -1073741824 -116292174 -2147483623 -171798725 -122158394
-116292174 0 1 0 0 0 0 -32768 -2655133404 -507649781 1 -536870912 -1526979921 -1581391580 0 0 -1073741824 -116292174 -2147483623 -171798725 -122158394
-116292174 0 1 0 0 0 0 -32768 -2655133404 -507649781 1 -536870912 -1526979921 -1581391580 0 0 -1073741824 -116292174 -2147483623 -171798725 -122158394
-116292174 0 1 0 0 0 0 -32768 -2655133404 -507649781 1 -536870912 -1526979921 -1581391580 0 0 -1073741824 -116292174 -2147483623 -171798725 -122158394
-116292174 0 1 0 0 0 0 -32768 -2655133404 -507649781 1 -536870912 -1526979921 -1581391580 0 0 -1073741824 -116292174 -2147483623 -171798725 -122158394
-116292174 0 1 0 0 0 0 -32768 -2655133404 -507649781 1 -536870912 -1526979921 -1581391580 0 0 -1073741824 -116292174 -2147483623 -171798725 -122158394
-116292174 0 1 0 0 0 0 -32768 -2655133404 -507649781 1 -536870912 -1526979921 -1581391580 0 0 -1073741824 -116292174 -2147483623 -171798725 -122158394
-116292174 0 1 0 0 0 0 -32768 -2655133404 -507649781 1 -536870912 -1526979921 -1581391580 0 0 -1073741824 -116292174 -2147483623 -171798725 -122158394
-116292174 0 1 0 1 0 0 -32768 -2684354535 -536870912 1 -536870912 -1581391580 -1610612711 0 0 -1073741824 -116292174 -2147483623 -171798725 -126511327
-116292174 0 1 0 0 0 0 -32768 -2684354535 -536870912 1 -536870912 -1581391580 -1610612711 0 0 -1073741824 -116292174 -2147483623 -171798725 -126511327
-116292174 0 1 0 0 0 0 -32768 -2684354535 -536870912 1 -536870912 -1581391580 -1610612711 0 0 -1073741824 -116292174 -2147483623 -171798725 -126511327
-116292174 0 1 0 0 0 0 -32768 -2684354535 -536870912 1 -536870912 -1581391580 -1610612711 0 0 -1073741824 -116292174 -2147483623 -171798725 -126511327
-116292174 0 1 0 0 0 0 -32768 -2684354535 -536870912 1 -536870912 -1581391580 -1610612711 0 0 -1073741824 -116292174 -2147483623 -171798725 -126511327
-116292174 0 1 0 0 0 0 -32768 -2684354535 -536870912 1 -536870912 -1581391580 -1610612711 0 0 -1073741824 -116292174 -2147483623 -171798725 -126511327
-116292174 0 1 0 0 0 0 -32768 -2684354535 -536870912 1 -536870912 -1581391580 -1610612711 0 0 -1073741824 -116292174 -2147483623 -171798725 -126511327
-116292174 0 1 0 0 0 0 -32768 -2684354535 -536870912 1 -536870912 -1581391580 -1610612711 0 0 -1073741824 -116292174 -2147483623 -171798725 -126511327
-116292174 0 1 0 0 0 0 -32768 -2684354535 -536870912 1 -536870912 -1581391580 -1610612711 0 0 -1073741824 -116292174 -2147483623 -171798725 -126511327
-116292174 0 1 0 0 0 0 -32768 -2684354535 -536870912 1 -536870912 -1581391580 -1610612711 0 0 -1073741824 -116292174 -2147483623 -171798725 -126511327
-116292174 0 1 0 1 0 0 -32768 -2684354535 -536870912 1 -536870912 -1610612711 -1610612711 0 0 -1073741824 -116292174 -2147483623 -171798725 -128849017
-116292174 0 1 0 0 0 0 -32768 -2684354535 -536870912 1 -536870912 -1610612711 -1610612711 0 0 -1073741824 -116292174 -2147483623 -171798725 -128849017
-116292174 0 1 0 0 0 0 -32768 -2684354535 -536870912 1 -536870912 -1610612711 -1610612711 0 0 -1073741824 -116292174 -2147483623 -171798725 -128849017
-116292174 0 1 0 0 0 0 -32768 -2684354535 -536870912 1 -536870912 -1610612711 -1610612711 0 0 -1073741824 -116292174 -2147483623 -171798725 -128849017
-116292174 0 1 0 0 0 0 -32768 -2684354535 -536870912 1 -536870912 -1610612711 -1610612711 0 0 -1073741824 -116292174 -2147483623 -171798725 -128849017
-116292174 0 1 0 0 0 0 -32768 -2684354535 -536870912 1 -536870912 -1610612711 -1610612711 0 0 -1073741824 -116292174 -2147483623 -171798725 -128849017
-116292174 0 1 0 0 0 0 -32768 -2684354535 -536870912 1 -536870912 -1610612711 -1610612711 0 0 -1073741824 -116292174 -2147483623 -171798725 -128849017
-116292174 0 1 0 0 0 0 -32768 -2684354535 -536870912 1 -536870912 -1610612711 -1610612711 0 0 -1073741824 -116292174 -2147483623 -171798725 -128849017
-116292174 0 1 0 0 0 0 -32768 -2684354535 -536870912 1 -536870912 -1610612711 -1610612711 0 0 -1073741824 -116292174 -2147483623 -171798725 -128849017
-116292174 0 1 0 0 0 0 -32768 -2684354535 -536870912 1 -536870912 -1610612711 -1610612711 0 0 -1073741824 -116292174 -2147483623 -171798725 -128849017
-116292174 0 1 0 1 0 0 -32768 -2684354535 -536870912 1 -536870912 -1610612711 -1610612711 0 0 -1073741824 -116292174 -2147483623 -171798725 -128849017
-116292174 0 1 0 0 0 0 -32768 -2684354535 -536870912 1 -536870912 -1610612711 -1610612711 0 0 -1073741824 -116292174 -2147483623 -171798725 -128849017
-116292174 0 1 0 0 0 0 -32768 -2684354535 -536870912 1 -536870912 -1610612711 -1610612711 0 0 -1073741824 -116292174 -2147483623 -171798725 -128849017
-116292174 0 1 0 0 0 0 -32768 -2684354535 -536870912 1 -536870912 -1610612711 -1610612711 0 0 -1073741824 -116292174 -2147483623 -171798725 -128849017
-116292174 0 1 0 0 0 0 -32768 -2684354535 -536870912 1 -536870912 -1610612711 -1610612711 0 0 -1073741824 -116292174 -2147483623 -171798725 -128849017
-116292174 0 1 0 0 0 0 -32768 -2684354535 -536870912 1 -536870912 -1610612711 -1610612711 0 0 -1073741824 -116292174 -2147483623 -171798725 -128849017
-116292174 0 1 0 0 0 0 -32768 -2684354535 -536870912 1 -536870912 -1610612711 -1610612711 0 0 -1073741824 -116292174 -2147483623 -171798725 -128849017
-116292174 0 1 0 0 0 0 -32768 -2684354535 -536870912 1 -536870912 -1610612711 -1610612711 0 0 -1073741824 -116292174 -2147483623 -171798725 -128849017
-116292174 0 1 0 0 0 0 -32768 -2684354535 -536870912 1 -536870912 -1610612711 -1610612711 0 0 -1073741824 -116292174 -2147483623 -171798725 -128849017
-116292174 0 1 0 0 0 0 -32768 -2684354535 -536870912 1 -536870912 -1610612711 -1610612711 0 0 -1073741824 -116292174 -2147483623 -171798725 -128849017
-116292174 0 1 0 1 0 0 -32768 -2684354535 -536870912 1 -536870912 -1610612711 -1610612711 0 0 -1073741824 -116292174 -2147483623 -171798725 -128849017
-116292174 0 1 0 0 0 0 -32768 -2684354535 -536870912 1 -536870912 -1610612711 -1610612711 0 0 -1073741824 -116292174 -2147483623 -171798725 -128849017
-116292174 0 1 0 0 0 0 -32768 -2684354535 -536870912 1 -536870912 -1610612711 -1610612711 0 0 -1073741824 -116292174 -2147483623 -171798725 -128849017
-116292174 0 1 0 0 0 0 -32768 -2684354535 -536870912 1 -536870912 -1610612711 -1610612711 0 0 -1073741824 -116292174 -2147483623 -171798725 -128849017
-116292174 0 1 0 0 0 0 -32768 -2684354535 -536870912 1 -536870912 -1610612711 -1610612711 0 0 -1073741824 -116292174 -2147483623 -171798725 -128849017
-116292174 0 1 0 0 0 0 -32768 -2684354535 -536870912 1 -536870912 -1610612711 -1610612711 0 0 -1073741824 -116292174 -2147483623 -171798725 -128849017
-116292174 0 1 0 0 0 0 -32768 -2684354535 -536870912 1 -536870912 -1610612711 -1610612711 0 0 -1073741824 -116292174 -2147483623 -171798725 -128849017
-116292174 0 1 0 0 0 0 -32768 -2684354535 -536870912 1 -536870912 -1610612711 -1610612711 0 0 -1073741824 -116292174 -2147483623 -171798725 -128849017
-116292174 0 1 0 0 0 0 -32768 -2684354535 -536870912 1 -536870912 -1610612711 -1610612711 0 0 -1073741824 -116292174 -2147483623 -171798725 -128849017
-116292174 0 1 0 0 0 0 -32768 -2684354535 -536870912 1 -536870912 -1610612711 -1610612711 0 0 -1073741824 -116292174 -2147483623 -171798725 -128849017
-116292174 0 1 0 1 0 0 -32768 -2684354535 -536870912 1 -536870912 -1610612711 -1610612711 0 0 -1073741824 -116292174 -2147483623 -171798725 -128849017
-116292174 0 1 0 0 0 0 -32768 -2684354535 -536870912 1 -536870912 -1610612711 -1610612711 0 0 -1073741824 -116292174 -2147483623 -171798725 -128849017
-116292174 0 1 0 0 0 0 -32768 -2684354535 -536870912 1 -536870912 -1610612711 -1610612711 0 0 -1073741824 -116292174 -2147483623 -171798725 -128849017
-116292174 0 1 0 0 0 0 -32768 -2684354535 -536870912 1 -536870912 -1610612711 -1610612711 0 0 -1073741824 -116292174 -2147483623 -171798725 -128849017
-116292174 0 1 0 0 0 0 -32768 -2684354535 -536870912 1 -536870912 -1610612711 -1610612711 0 0 -1073741824 -116292174 -2147483623 -171798725 -128849017
-116292174 0 1 0 0 0 0 -32768 -2684354535 -536870912 1 -536870912 -1610612711 -1610612711 0 0 -1073741824 -116292174 -2147483623 -171798725 -128849017
-116292174 0 1 0 0 0 0 -32768 -2684354535 -536870912 1 -536870912 -1610612711 -1610612711 0 0 -1073741824 -116292174 -2147483623 -171798725 -128849017
-116292174 0 1 0 0 0 0 -32768 -2684354535 -536870912 1 -536870912 -1610612711 -1610612711 0 0 -1073741824 -116292174 -2147483623 -171798725 -128849017
-116292174 0 1 0 0 0 0 -32768 -2684354535 -536870912 1 -536870912 -1610612711 -1610612711 0 0 -1073741824 -116292174 -2147483623 -171798725 -128849017
-116292174 0 1 0 0 0 0 -32768 -2684354535 -536870912 1 -536870912 -1610612711 -1610612711 0 0 -1073741824 -116292174 -2147483623 -171798725 -128849017
-116292174 0 1 0 1 0 0 -32768 -2684354535 -536870912 1 -536870912 -1610612711 -1610612711 0 0 -1073741824 -116292174 -2147483623 -171798725 -128849017
-116292174 0 1 0 0 0 0 -32768 -2684354535 -536870912 1 -536870912 -1610612711 -1610612711 0 0 -1073741824 -116292174 -2147483623 -171798725 -128849017
-116292174 0 1 0 0 0 0 -32768 -2684354535 -536870912 1 -536870912 -1610612711 -1610612711 0 0 -1073741824 -116292174 -2147483623 -171798725 -128849017
-116292174 0 1 0 0 0 0 -32768 -2684354535 -536870912 1 -536870912 -1610612711 -1610612711 0 0 -1073741824 -116292174 -2147483623 -171798725 -128849017
-116292174 0 1 0 0 0 0 -32768 -2684354535 -536870912 1 -536870912 -1610612711 -1610612711 0 0 -1073741824 -116292174 -2147483623 -171798725 -128849017
-116292174 0 1 0 0 0 0 -32768 -2684354535 -536870912 1 -536870912 -1610612711 -1610612711 0 0 -1073741824 -116292174 -2147483623 -171798725 -128849017
-116292174 0 1 0 0 0 0 -32768 -2684354535 -536870912 1 -536870912 -1610612711 -1610612711 0 0 -1073741824 -116292174 -2147483623 -171798725 -128849017
-116292174 0 1 0 0 0 0 -32768 -2684354535 -536870912 1 -536870912 -1610612711 -1610612711 0 0 -1073741824 -116292174 -2147483623 -171798725 -128849017
-116292174 0 1 0 0 0 0 -32768 -2684354535 -536870912 1 -536870912 -1610612711 -1610612711 0 0 -1073741824 -116292174 -2147483623 -171798725 -128849017
-116292174 0 1 0 0 0 0 -32768 -2684354535 -536870912 1 -536870912 -1610612711 -1610612711 0 0 -1073741824 -116292174 -2147483623 -171798725 -128849017
-116292174 0 1 0 1 0 0 -32768 -2684354535 -536870912 1 -536870912 -1610612711 -1610612711 0 0 -1073741824 -116292174 -2147483623 -171798725 -128849017
-116292174 0 1 0 0 0 0 -32768 -2684354535 -536870912 1 -536870912 -1610612711 -1610612711 0 0 -1073741824 -116292174 -2147483623 -171798725 -128849017
-116292174 0 1 0 0 0 0 -32768 -2684354535 -536870912 1 -536870912 -1610612711 -1610612711 0 0 -1073741824 -116292174 -2147483623 -171798725 -128849017
-116292174 0 1 0 0 0 0 -32768 -2684354535 -536870912 1 -536870912 -1610612711 -1610612711 0 0 -1073741824 -116292174 -2147483623 -171798725 -128849017
-116292174 0 1 0 0 0 0 -32768 -2684354535 -536870912 1 -536870912 -1610612711 -1610612711 0 0 -1073741824 -116292174 -2147483623 -171798725 -128849017
-116292174 0 1 0 0 0 0 -32768 -2684354535 -536870912 1 -536870912 -1610612711 -1610612711 0 0 -1073741824 -116292174 -2147483623 -171798725 -128849017
-116292174 0 1 0 0 0 0 -32768 -2684354535 -536870912 1 -536870912 -1610612711 -1610612711 0 0 -1073741824 -116292174 -2147483623 -171798725 -128849017
-116292174 0 1 0 0 0 0 -32768 -2684354535 -536870912 1 -536870912 -1610612711 -1610612711 0 0 -1073741824 -116292174 -2147483623 -171798725 -128849017
-116292174 0 1 0 0 0 0 -32768 -2684354535 -536870912 1 -536870912 -1610612711 -1610612711 0 0 -1073741824 -116292174 -2147483623 -171798725 -128849017
-116292174 0 1 0 0 0 0 -32768 -2684354535 -536870912 1 -536870912 -1610612711 -1610612711 0 0 -1073741824 -116292174 -2147483623 -171798725 -128849017
-116292174 0 1 0 1 0 0 -32768 -2684354535 -536870912 1 -536870912 -1610612711 -1610612711 0 0 -1073741824 -116292174 -2147483623 -171798725 -128849017
-116292174 0 1 0 0 0 0 -32768 -2684354535 -536870912 1 -536870912 -1610612711 -1610612711 0 0 -1073741824 -116292174 -2147483623 -171798725 -128849017
-116292174 0 1 0 0 0 0 -32768 -2684354535 -536870912 1 -536870912 -1610612711 -1610612711 0 0 -1073741824 -116292174 -2147483623 -171798725 -128849017
-116292174 0 1 0 0 0 0 -32768 -2684354535 -536870912 1 -536870912 -1610612711 -1610612711 0 0 -1073741824 -116292174 -2147483623 -171798725 -128849017
-116292174 0 1 0 0 0 0 -32768 -2684354535 -536870912 1 -536870912 -1610612711 -1610612711 0 0 -1073741824 -116292174 -2147483623 -171798725 -128849017
-116292174 0 1 0 0 0 0 -32768 -2684354535 -536870912 1 -536870912 -1610612711 -1610612711 0 0 -1073741824 -116292174 -2147483623 -171798725 -128849017
-116292174 0 1 0 0 0 0 -32768 -2684354535 -536870912 1 -536870912 -1610612711 -1610612711 0 0 -1073741824 -116292174 -2147483623 -171798725 -128849017
-116292174 0 1 0 0 0 0 -32768 -2684354535 -536870912 1 -536870912 -1610612711 -1610612711 0 0 -1073741824 -116292174 -2147483623 -171798725 -128849017
-116292174 0 1 0 0 0 0 -32768 -2684354535 -536870912 1 -536870912 -1610612711 -1610612711 0 0 -1073741824 -116292174 -2147483623 -171798725 -128849017
-116292174 0 1 0 0 0 0 -32768 -2684354535 -536870912 1 -536870912 -1610612711 -1610612711 0 0 -1073741824 -116292174 -2147483623 -171798725 -128849017
-116292174 0 1 0 1 0 0 -32768 -2684354535 -536870912 1 -536870912 -1610612711 -1610612711 0 0 -1073741824 -116292174 -2147483623 -171798725 -128849017
-116292174 0 1 0 0 0 0 -32768 -2684354535 -536870912 1 -536870912 -1610612711 -1610612711 0 0 -1073741824 -116292174 -2147483623 -171798725 -128849017
-116292174 0 1 0 0 0 0 -32768 -2684354535 -536870912 1 -536870912 -1610612711 -1610612711 0 0 -1073741824 -116292174 -2147483623 -171798725 -128849017
-116292174 0 1 0 0 0 0 -32768 -2684354535 -536870912 1 -536870912 -1610612711 -1610612711 0 0 -1073741824 -116292174 -2147483623 -171798725 -128849017
-116292174 0 1 0 0 0 0 -32768 -2684354535 -536870912 1 -536870912 -1610612711 -1610612711 0 0 -1073741824 -116292174 -2147483623 -171798725 -128849017
-116292174 0 1 0 0 0 0 -32768 -2684354535 -536870912 1 -536870912 -1610612711 -1610612711 0 0 -1073741824 -116292174 -2147483623 -171798725 -128849017
-116292174 0 1 0 0 0 0 -32768 -2684354535 -536870912 1 -536870912 -1610612711 -1610612711 0 0 -1073741824 -116292174 -2147483623 -171798725 -128849017
-116292174 0 1 0 0 0 0 -32768 -2684354535 -536870912 1 -536870912 -1610612711 -1610612711 0 0 -1073741824 -116292174 -2147483623 -171798725 -128849017
-116292174 0 1 0 0 0 0 -32768 -2684354535 -536870912 1 -536870912 -1610612711 -1610612711 0 0 -1073741824 -116292174 -2147483623 -171798725 -128849017
-116292174 0 1 0 0 0 0 -32768 -2684354535 -536870912 1 -536870912 -1610612711 -1610612711 0 0 -1073741824 -116292174 -2147483623 -171798725 -128849017
-116292174 0 1 0 1 0 0 -32768 -2684354535 -536870912 1 -536870912 -1610612711 -1610612711 0 0 -1073741824 -116292174 -2147483623 -171798725 -128849017
-116292174 0 1 0 0 0 0 -32768 -2684354535 -536870912 1 -536870912 -1610612711 -1610612711 0 0 -1073741824 -116292174 -2147483623 -171798725 -128849017
-116292174 0 1 0 0 0 0 -32768 -2684354535 -536870912 1 -536870912 -1610612711 -1610612711 0 0 -1073741824 -116292174 -2147483623 -171798725 -128849017
-116292174 0 1 0 0 0 0 -32768 -2684354535 -536870912 1 -536870912 -1610612711 -1610612711 0 0 -1073741824 -116292174 -2147483623 -171798725 -128849017
-116292174 0 1 0 0 0 0 -32768 -2684354535 -536870912 1 -536870912 -1610612711 -1610612711 0 0 -1073741824 -116292174 -2147483623 -171798725 -128849017
-116292174 0 1 0 0 0 0 -32768 -2684354535 -536870912 1 -536870912 -1610612711 -1610612711 0 0 -1073741824 -116292174 -2147483623 -171798725 -128849017
-116292174 0 1 0 0 0 0 -32768 -2684354535 -536870912 1 -536870912 -1610612711 -1610612711 0 0 -1073741824 -116292174 -2147483623 -171798725 -128849017
-116292174 0 1 0 0 0 0 -32768 -2684354535 -536870912 1 -536870912 -1610612711 -1610612711 0 0 -1073741824 -116292174 -2147483623 -171798725 -128849017
-116292174 0 1 0 0 0 0 -32768 -2684354535 -536870912 1 -536870912 -1610612711 -1610612711 0 0 -1073741824 -116292174 -2147483623 -171798725 -128849017
-116292174 0 1 0 0 0 0 -32768 -2684354535 -536870912 1 -536870912 -1610612711 -1610612711 0 0 -1073741824 -116292174 -2147483623 -171798725 -128849017
-116292174 0 1 0 1 0 0 -32768 -2684354535 -536870912 1 -536870912 -1610612711 -1610612711 0 0 -1073741824 -116292174 -2147483623 -171798725 -128849017
-116292174 0 1 0 0 0 0 -32768 -2684354535 -536870912 1 -536870912 -1610612711 -1610612711 0 0 -1073741824 -116292174 -2147483623 -171798725 -128849017
-116292174 0 1 0 0 0 0 -32768 -2684354535 -536870912 1 -536870912 -1610612711 -1610612711 0 0 -1073741824 -116292174 -2147483623 -171798725 -128849017
-116292174 0 1 0 0 0 0 -32768 -2684354535 -536870912 1 -536870912 -1610612711 -1610612711 0 0 -1073741824 -116292174 -2147483623 -171798725 -128849017
-116292174 0 1 0 0 0 0 -32768 -2684354535 -536870912 1 -536870912 -1610612711 -1610612711 0 0 -1073741824 -116292174 -2147483623 -171798725 -128849017
-116292174 0 1 0 0 0 0 -32768 -2684354535 -536870912 1 -536870912 -1610612711 -1610612711 0 0 -1073741824 -116292174 -2147483623 -171798725 -128849017
-116292174 0 1 0 0 0 0 -32768 -2684354535 -536870912 1 -536870912 -1610612711 -1610612711 0 0 -1073741824 -116292174 -2147483623 -171798725 -128849017
-116292174 0 1 0 0 0 0 -32768 -2684354535 -536870912 1 -536870912 -1610612711 -1610612711 0 0 -1073741824 -116292174 -2147483623 -171798725 -128849017
-116292174 0 1 0 0 0 0 -32768 -2684354535 -536870912 1 -536870912 -1610612711 -1610612711 0 0 -1073741824 -116292174 -2147483623 -171798725 -128849017
-116292174 0 1 0 0 0 0 -32768 -2684354535 -536870912 1 -536870912 -1610612711 -1610612711 0 0 -1073741824 -116292174 -2147483623 -171798725 -128849017
-116292174 0 1 0 1 0 0 -32768 -2684354535 -536870912 1 -536870912 -1610612711 -1610612711 0 0 -1073741824 -116292174 -2147483623 -171798725 -128849017
-116292174 0 1 0 0 0 0 -32768 -2684354535 -536870912 1 -536870912 -1610612711 -1610612711 0 0 -1073741824 -116292174 -2147483623 -171798725 -128849017
-116292174 0 1 0 0 0 0 -32768 -2684354535 -536870912 1 -536870912 -1610612711 -1610612711 0 0 -1073741824 -116292174 -2147483623 -171798725 -128849017
-116292174 0 1 0 0 0 0 -32768 -2684354535 -536870912 1 -536870912 -1610612711 -1610612711 0 0 -1073741824 -116292174 -2147483623 -171798725 -128849017
-116292174 0 1 0 0 0 0 -32768 -2684354535 -536870912 1 -536870912 -1610612711 -1610612711 0 0 -1073741824 -116292174 -2147483623 -171798725 -128849017
-116292174 0 1 0 0 0 0 -32768 -2684354535 -536870912 1 -536870912 -1610612711 -1610612711 0 0 -1073741824 -116292174 -2147483623 -171798725 -128849017
-116292174 0 1 0 0 0 0 -32768 -2684354535 -536870912 1 -536870912 -1610612711 -1610612711 0 0 -1073741824 -116292174 -2147483623 -171798725 -128849017
-116292174 0 1 0 0 0 0 -32768 -2684354535 -536870912 1 -536870912 -1610612711 -1610612711 0 0 -1073741824 -116292174 -2147483623 -171798725 -128849017
-116292174 0 1 0 0 0 0 -32768 -2684354535 -536870912 1 -536870912 -1610612711 -1610612711 0 0 -1073741824 -116292174 -2147483623 -171798725 -128849017
-116292174 0 1 0 0 0 0 -32768 -2684354535 -536870912 1 -536870912 -1610612711 -1610612711 0 0 -1073741824 -116292174 -2147483623 -171798725 -128849017
-116292174 0 1 0 1 0 0 -32768 -2684354535 -536870912 1 -536870912 -1610612711 -1610612711 0 0 -1073741824 -116292174 -2147483623 -171798725 -128849017
-116292174 0 1 0 0 0 0 -32768 -2684354535 -536870912 1 -536870912 -1610612711 -1610612711 0 0 -1073741824 -116292174 -2147483623 -171798725 -128849017
-116292174 0 1 0 0 0 0 -32768 -2684354535 -536870912 1 -536870912 -1610612711 -1610612711 0 0 -1073741824 -116292174 -2147483623 -171798725 -128849017
-116292174 0 1 0 0 0 0 -32768 -2684354535 -536870912 1 -536870912 -1610612711 -1610612711 0 0 -1073741824 -116292174 -2147483623 -171798725 -128849017
-116292174 0 1 0 0 0 0 -32768 -2684354535 -536870912 1 -536870912 -1610612711 -1610612711 0 0 -1073741824 -116292174 -2147483623 -171798725 -128849017
-116292174 0 1 0 0 0 0 -32768 -2684354535 -536870912 1 -536870912 -1610612711 -1610612711 0 0 -1073741824 -116292174 -2147483623 -171798725 -128849017
-116292174 0 1 0 0 0 0 -32768 -2684354535 -536870912 1 -536870912 -1610612711 -1610612711 0 0 -1073741824 -116292174 -2147483623 -171798725 -128849017
-116292174 0 1 0 0 0 0 -32768 -2684354535 -536870912 1 -536870912 -1610612711 -1610612711 0 0 -1073741824 -116292174 -2147483623 -171798725 -128849017
-116292174 0 1 0 0 0 0 -32768 -2684354535 -536870912 1 -536870912 -1610612711 -1610612711 0 0 -1073741824 -116292174 -2147483623 -171798725 -128849017
-116292174 0 1 0 0 0 0 -32768 -2684354535 -536870912 1 -536870912 -1610612711 -1610612711 0 0 -1073741824 -116292174 -2147483623 -171798725 -128849017
-116292174 0 1 0 1 0 0 -32768 -2684354535 -536870912 1 -536870912 -1610612711 -1610612711 0 0 -1073741824 -116292174 -2147483623 -171798725 -128849017
-116292174 0 1 0 0 0 0 -32768 -2684354535 -536870912 1 -536870912 -1610612711 -1610612711 0 0 -1073741824 -116292174 -2147483623 -171798725 -128849017
-116292174 0 1 0 0 0 0 -32768 -2684354535 -536870912 1 -536870912 -1610612711 -1610612711 0 0 -1073741824 -116292174 -2147483623 -171798725 -128849017
-116292174 0 1 0 0 0 0 -32768 -2684354535 -536870912 1 -536870912 -1610612711 -1610612711 0 0 -1073741824 -116292174 -2147483623 -171798725 -128849017
-116292174 0 1 0 0 0 0 -32768 -2684354535 -536870912 1 -536870912 -1610612711 -1610612711 0 0 -1073741824 -116292174 -2147483623 -171798725 -128849017
-116292174 0 1 0 0 0 0 -32768 -2684354535 -536870912 1 -536870912 -1610612711 -1610612711 0 0 -1073741824 -116292174 -2147483623 -171798725 -128849017
-116292174 0 1 0 0 0 0 -32768 -2684354535 -536870912 1 -536870912 -1610612711 -1610612711 0 0 -1073741824 -116292174 -2147483623 -171798725 -128849017
-116292174 0 1 0 0 0 0 -32768 -2684354535 -536870912 1 -536870912 -1610612711 -1610612711 0 0 -1073741824 -116292174 -2147483623 -171798725 -128849017
-116292174 0 1 0 0 0 0 -32768 -2684354535 -536870912 1 -536870912 -1610612711 -1610612711 0 0 -1073741824 -116292174 -2147483623 -171798725 -128849017
-116292174 0 1 0 0 0 0 -32768 -2684354535 -536870912 1 -536870912 -1610612711 -1610612711 0 0 -1073741824 -116292174 -2147483623 -171798725 -128849017
-116292174 0 1 0 1 0 0 -32768 -2684354535 -536870912 1 -536870912 -1610612711 -1610612711 0 0 -1073741824 -116292174 -2147483623 -171798725 -128849017
-116292174 0 1 0 0 0 0 -32768 -2684354535 -536870912 1 -536870912 -1610612711 -1610612711 0 0 -1073741824 -116292174 -2147483623 -171798725 -128849017
-116292174 0 1 0 0 0 0 -32768 -2684354535 -536870912 1 -536870912 -1610612711 -1610612711 0 0 -1073741824 -116292174 -2147483623 -171798725 -128849017
-116292174 0 1 0 0 0 0 -32768 -2684354535 -536870912 1 -536870912 -1610612711 -1610612711 0 0 -1073741824 -116292174 -2147483623 -171798725 -128849017
-116292174 0 1 0 0 0 0 -32768 -2684354535 -536870912 1 -536870912 -1610612711 -1610612711 0 0 -1073741824 -116292174 -2147483623 -171798725 -128849017
-116292174 0 1 0 0 0 0 -32768 -2684354535 -536870912 1 -536870912 -1610612711 -1610612711 0 0 -1073741824 -116292174 -2147483623 -171798725 -128849017
-116292174 0 1 0 0 0 0 -32768 -2684354535 -536870912 1 -536870912 -1610612711 -1610612711 0 0 -1073741824 -116292174 -2147483623 -171798725 -128849017
-116292174 0 1 0 0 0 0 -32768 -2684354535 -536870912 1 -536870912 -1610612711 -1610612711 0 0 -1073741824 -116292174 -2147483623 -171798725 -128849017
-116292174 0 1 0 0 0 0 -32768 -2684354535 -536870912 1 -536870912 -1610612711 -1610612711 0 0 -1073741824 -116292174 -2147483623 -171798725 -128849017
-116292174 0 1 0 0 0 0 -32768 -2684354535 -536870912 1 -536870912 -1610612711 -1610612711 0 0 -1073741824 -116292174 -2147483623 -171798725 -128849017
-116292174 0 1 0 1 0 0 -32768 -2684354535 -536870912 1 -536870912 -1610612711 -1610612711 0 0 -1073741824 -116292174 -2147483623 -171798725 -128849017
-116292174 0 1 0 0 0 0 -32768 -2684354535 -536870912 1 -536870912 -1610612711 -1610612711 0 0 -1073741824 -116292174 -2147483623 -171798725 -128849017
-116292174 0 1 0 0 0 0 -32768 -2684354535 -536870912 1 -536870912 -1610612711 -1610612711 0 0 -1073741824 -116292174 -2147483623 -171798725 -128849017
-116292174 0 1 0 0 0 0 -32768 -2684354535 -536870912 1 -536870912 -1610612711 -1610612711 0 0 -1073741824 -116292174 -2147483623 -171798725 -128849017
-116292174 0 1 0 0 0 0 -32768 -2684354535 -536870912 1 -536870912 -1610612711 -1610612711 0 0 -1073741824 -116292174 -2147483623 -171798725 -128849017
-116292174 0 1 0 0 0 0 -32768 -2684354535 -536870912 1 -536870912 -1610612711 -1610612711 0 0 -1073741824 -116292174 -2147483623 -171798725 -128849017
-116292174 0 1 0 0 0 0 -32768 -2684354535 -536870912 1 -536870912 -1610612711 -1610612711 0 0 -1073741824 -116292174 -2147483623 -171798725 -128849017
-116292174 0 1 0 0 0 0 -32768 -2684354535 -536870912 1 -536870912 -1610612711 -1610612711 0 0 -1073741824 -116292174 -2147483623 -171798725 -128849017
-116292174 0 1 0 0 0 0 -32768 -2684354535 -536870912 1 -536870912 -1610612711 -1610612711 0 0 -1073741824 -116292174 -2147483623 -171798725 -128849017
-116292174 0 1 0 0 0 0 -32768 -2684354535 -536870912 1 -536870912 -1610612711 -1610612711 0 0 -1073741824 -116292174 -2147483623 -171798725 -128849017
-116292174 0 1 0 1 0 0 -32768 -2684354535 -536870912 1 -536870912 -1610612711 -1610612711 0 0 -1073741824 -116292174 -2147483623 -171798725 -128849017
-116292174 0 1 0 0 0 0 -32768 -2684354535 -536870912 1 -536870912 -1610612711 -1610612711 0 0 -1073741824 -116292174 -2147483623 -171798725 -128849017
-116292174 0 1 0 0 0 0 -32768 -2684354535 -536870912 1 -536870912 -1610612711 -1610612711 0 0 -1073741824 -116292174 -2147483623 -171798725 -128849017
-116292174 0 1 0 0 0 0 -32768 -2684354535 -536870912 1 -536870912 -1610612711 -1610612711 0 0 -1073741824 -116292174 -2147483623 -171798725 -128849017
-116292174 0 1 0 0 0 0 -32768 -2684354535 -536870912 1 -536870912 -1610612711 -1610612711 0 0 -1073741824 -116292174 -2147483623 -171798725 -128849017
-116292174 0 1 0 0 0 0 -32768 -2684354535 -536870912 1 -536870912 -1610612711 -1610612711 0 0 -1073741824 -116292174 -2147483623 -171798725 -128849017
-116292174 0 1 0 0 0 0 -32768 -2684354535 -536870912 1 -536870912 -1610612711 -1610612711 0 0 -1073741824 -116292174 -2147483623 -171798725 -128849017
-116292174 0 1 0 0 0 0 -32768 -2684354535 -536870912 1 -536870912 -1610612711 -1610612711 0 0 -1073741824 -116292174 -2147483623 -171798725 -128849017
-116292174 0 1 0 0 0 0 -32768 -2684354535 -536870912 1 -536870912 -1610612711 -1610612711 0 0 -1073741824 -116292174 -2147483623 -171798725 -128849017
-116292174 0 1 0 0 0 0 -32768 -2684354535 -536870912 1 -536870912 -1610612711 -1610612711 0 0 -1073741824 -116292174 -2147483623 -171798725 -128849017
-116292174 0 1 0 1 0 0 -32768 -2684354535 -536870912 1 -536870912 -1610612711 -1610612711 0 0 -1073741824 -116292174 -2147483623 -171798725 -128849017
-116292174 0 1 0 0 0 0 -32768 -2684354535 -536870912 1 -536870912 -1610612711 -1610612711 0 0 -1073741824 -116292174 -2147483623 -171798725 -128849017
-116292174 0 1 0 0 0 0 -32768 -2684354535 -536870912 1 -536870912 -1610612711 -1610612711 0 0 -1073741824 -116292174 -2147483623 -171798725 -128849017
-116292174 0 1 0 0 0 0 -32768 -2684354535 -536870912 1 -536870912 -1610612711 -1610612711 0 0 -1073741824 -116292174 -2147483623 -171798725 -128849017
-116292174 0 1 0 0 0 0 -32768 -2684354535 -536870912 1 -536870912 -1610612711 -1610612711 0 0 -1073741824 -116292174 -2147483623 -171798725 -128849017
-116292174 0 1 0 0 0 0 -32768 -2684354535 -536870912 1 -536870912 -1610612711 -1610612711 0 0 -1073741824 -116292174 -2147483623 -171798725 -128849017
-116292174 0 1 0 0 0 0 -32768 -2684354535 -536870912 1 -536870912 -1610612711 -1610612711 0 0 -1073741824 -116292174 -2147483623 -171798725 -128849017
-116292174 0 1 0 0 0 0 -32768 -2684354535 -536870912 1 -536870912 -1610612711 -1610612711 0 0 -1073741824 -116292174 -2147483623 -171798725 -128849017
-116292174 0 1 0 0 0 0 -32768 -2684354535 -536870912 1 -536870912 -1610612711 -1610612711 0 0 -1073741824 -116292174 -2147483623 -171798725 -128849017
-116292174 0 1 0 0 0 0 -32768 -2684354535 -536870912 1 -536870912 -1610612711 -1610612711 0 0 -1073741824 -116292174 -2147483623 -171798725 -128849017
-116292174 0 1 0 1 0 0 -32768 -2684354535 -536870912 1 -536870912 -1610612711 -1610612711 0 0 -1073741824 -116292174 -2147483623 -171798725 -128849017
0 0 1 0 0 0 0 -32768 -2684354535 -536870912 1 -536870912 -1610612711 -1610612711 0 0 -1073741824 -116292174 -2147483623 -171798725 -128849017
0 0 1 0 0 0 0 -32768 -2684354535 -536870912 1 -536870912 -1610612711 -1610612711 0 0 -1073741824 -116292174 -2147483623 -171798725 -128849017
0 0 1 0 0 0 0 -32768 -2684354535 -536870912 1 -536870912 -1610612711 -1610612711 0 0 -1073741824 -116292174 -2147483623 -171798725 -128849017
0 0 1 0 0 0 0 -32768 -2684354535 -536870912 1 -536870912 -1610612711 -1610612711 0 0 -1073741824 -116292174 -2147483623 -171798725 -128849017
0 0 1 0 0 0 0 -32768 -2684354535 -536870912 1 -536870912 -1610612711 -1610612711 0 0 -1073741824 -116292174 -2147483623 -171798725 -128849017
0 0 1 0 0 0 0 -32768 -2684354535 -536870912 1 -536870912 -1610612711 -1610612711 0 0 -1073741824 -116292174 -2147483623 -171798725 -128849017
0 0 1 0 0 0 0 -32768 -2684354535 -536870912 1 -536870912 -1610612711 -1610612711 0 0 -1073741824 -116292174 -2147483623 -171798725 -128849017
0 0 1 0 0 0 0 -32768 -2684354535 -536870912 1 -536870912 -1610612711 -1610612711 0 0 -1073741824 -116292174 -2147483623 -171798725 -128849017
0 0 1 0 0 0 0 -32768 -2684354535 -536870912 1 -536870912 -1610612711 -1610612711 0 0 -1073741824 -116292174 -2147483623 -171798725 -128849017
0 0 1 0 1 0 0 -16384 -536870912 -536870912 0 -408021895 -1610612711 0 0 0 -536870912 0 0 0 -128849017
0 0 1 0 0 0 0 -16384 -536870912 -536870912 0 -408021895 -1610612711 0 0 0 -536870912 0 0 0 -128849017
0 0 1 0 0 0 0 -16384 -536870912 -536870912 0 -408021895 -1610612711 0 0 0 -536870912 0 0 0 -128849017
0 0 1 0 0 0 0 -16384 -536870912 -536870912 0 -408021895 -1610612711 0 0 0 -536870912 0 0 0 -128849017
0 0 1 0 0 0 0 -16384 -536870912 -536870912 0 -408021895 -1610612711 0 0 0 -536870912 0 0 0 -128849017
0 0 1 0 0 0 0 -16384 -536870912 -536870912 0 -408021895 -1610612711 0 0 0 -536870912 0 0 0 -128849017
0 0 1 0 0 0 0 -16384 -536870912 -536870912 0 -408021895 -1610612711 0 0 0 -536870912 0 0 0 -128849017
0 0 1 0 0 0 0 -16384 -536870912 -536870912 0 -408021895 -1610612711 0 0 0 -536870912 0 0 0 -128849017
0 0 1 0 0 0 0 -16384 -536870912 -536870912 0 -408021895 -1610612711 0 0 0 -536870912 0 0 0 -128849017
0 0 1 0 0 0 0 -16384 -536870912 -536870912 0 -408021895 -1610612711 0 0 0 -536870912 0 0 0 -128849017
0 0 1 0 1 0 0 -12452 -408021895 -408021895 0 -408021895 0 0 0 0 -408021895 0 0 0 0
0 0 1 0 0 0 0 -12452 -408021895 -408021895 0 -408021895 0 0 0 0 -408021895 0 0 0 0
0 0 1 0 0 0 0 -12452 -408021895 -408021895 0 -408021895 0 0 0 0 -408021895 0 0 0 0
0 0 1 0 0 0 0 -12452 -408021895 -408021895 0 -408021895 0 0 0 0 -408021895 0 0 0 0
0 0 1 0 0 0 0 -12452 -408021895 -408021895 0 -408021895 0 0 0 0 -408021895 0 0 0 0
0 0 1 0 0 0 0 -12452 -408021895 -408021895 0 -408021895 0 0 0 0 -408021895 0 0 0 0
0 0 1 0 0 0 0 -12452 -408021895 -408021895 0 -408021895 0 0 0 0 -408021895 0 0 0 0
0 0 1 0 0 0 0 -12452 -408021895 -408021895 0 -408021895 0 0 0 0 -408021895 0 0 0 0
0 0 1 0 0 0 0 -12452 -408021895 -408021895 0 -408021895 0 0 0 0 -408021895 0 0 0 0
0 0 1 0 0 0 0 -12452 -408021895 -408021895 0 -408021895 0 0 0 0 -408021895 0 0 0 0
0 0 1 0 1 0 0 -12452 -408021895 -408021895 0 -408021895 0 0 0 0 -408021895 0 0 0 0
0 0 1 0 0 0 0 -12452 -408021895 -408021895 0 -408021895 0 0 0 0 -408021895 0 0 0 0
0 0 1 0 0 0 0 -12452 -408021895 -408021895 0 -408021895 0 0 0 0 -408021895 0 0 0 0
0 0 1 0 0 0 0 -12452 -408021895 -408021895 0 -408021895 0 0 0 0 -408021895 0 0 0 0
0 0 1 0 0 0 0 -12452 -408021895 -408021895 0 -408021895 0 0 0 0 -408021895 0 0 0 0
0 0 1 0 0 0 0 -12452 -408021895 -408021895 0 -408021895 0 0 0 0 -408021895 0 0 0 0
0 0 1 0 0 0 0 -12452 -408021895 -408021895 0 -408021895 0 0 0 0 -408021895 0 0 0 0
0 0 1 0 0 0 0 -12452 -408021895 -408021895 0 -408021895 0 0 0 0 -408021895 0 0 0 0
0 0 1 0 0 0 0 -12452 -408021895 -408021895 0 -408021895 0 0 0 0 -408021895 0 0 0 0
0 0 1 0 0 0 0 -12452 -408021895 -408021895 0 -408021895 0 0 0 0 -408021895 0 0 0 0
0 0 1 0 1 0 0 -12452 -408021895 -408021895 0 -408021895 0 0 0 0 -408021895 0 0 0 0
0 0 1 0 0 0 0 -12452 -408021895 -408021895 0 -408021895 0 0 0 0 -408021895 0 0 0 0
0 0 1 0 0 0 0 -12452 -408021895 -408021895 0 -408021895 0 0 0 0 -408021895 0 0 0 0
0 0 1 0 0 0 0 -12452 -408021895 -408021895 0 -408021895 0 0 0 0 -408021895 0 0 0 0
0 0 1 0 0 0 0 -12452 -408021895 -408021895 0 -408021895 0 0 0 0 -408021895 0 0 0 0
0 0 1 0 0 0 0 -12452 -408021895 -408021895 0 -408021895 0 0 0 0 -408021895 0 0 0 0
0 0 1 0 0 0 0 -12452 -408021895 -408021895 0 -408021895 0 0 0 0 -408021895 0 0 0 0
0 0 1 0 0 0 0 -12452 -408021895 -408021895 0 -408021895 0 0 0 0 -408021895 0 0 0 0
0 0 1 0 0 0 0 -12452 -408021895 -408021895 0 -408021895 0 0 0 0 -408021895 0 0 0 0
0 0 1 0 0 0 0 -12452 -408021895 -408021895 0 -408021895 0 0 0 0 -408021895 0 0 0 0
0 0 1 0 1 0 0 -12452 -408021895 -408021895 0 -408021895 0 0 0 0 -408021895 0 0 0 0
0 0 1 0 0 0 0 -12452 -408021895 -408021895 0 -408021895 0 0 0 0 -408021895 0 0 0 0
0 0 1 0 0 0 0 -12452 -408021895 -408021895 0 -408021895 0 0 0 0 -408021895 0 0 0 0
0 0 1 0 0 0 0 -12452 -408021895 -408021895 0 -408021895 0 0 0 0 -408021895 0 0 0 0
0 0 1 0 0 0 0 -12452 -408021895 -408021895 0 -408021895 0 0 0 0 -408021895 0 0 0 0
0 0 1 0 0 0 0 -12452 -408021895 -408021895 0 -408021895 0 0 0 0 -408021895 0 0 0 0
0 0 1 0 0 0 0 -12452 -408021895 -408021895 0 -408021895 0 0 0 0 -408021895 0 0 0 0
0 0 1 0 0 0 0 -12452 -408021895 -408021895 0 -408021895 0 0 0 0 -408021895 0 0 0 0
0 0 1 0 0 0 0 -12452 -408021895 -408021895 0 -408021895 0 0 0 0 -408021895 0 0 0 0
0 0 1 0 0 0 0 -12452 -408021895 -408021895 0 -408021895 0 0 0 0 -408021895 0 0 0 0
0 0 1 0 1 0 0 -12452 -408021895 -408021895 0 -408021895 0 0 0 0 -408021895 0 0 0 0
0 0 1 0 0 0 0 -12452 -408021895 -408021895 0 -408021895 0 0 0 0 -408021895 0 0 0 0
0 0 1 0 0 0 0 -12452 -408021895 -408021895 0 -408021895 0 0 0 0 -408021895 0 0 0 0
0 0 1 0 0 0 0 -12452 -408021895 -408021895 0 -408021895 0 0 0 0 -408021895 0 0 0 0
0 0 1 0 0 0 0 -12452 -408021895 -408021895 0 -408021895 0 0 0 0 -408021895 0 0 0 0
0 0 1 0 0 0 0 -12452 -408021895 -408021895 0 -408021895 0 0 0 0 -408021895 0 0 0 0
0 0 1 0 0 0 0 -12452 -408021895 -408021895 0 -408021895 0 0 0 0 -408021895 0 0 0 0
0 0 1 0 0 0 0 -12452 -408021895 -408021895 0 -408021895 0 0 0 0 -408021895 0 0 0 0
0 0 1 0 0 0 0 -12452 -408021895 -408021895 0 -408021895 0 0 0 0 -408021895 0 0 0 0
0 0 1 0 0 0 0 -12452 -408021895 -408021895 0 -408021895 0 0 0 0 -408021895 0 0 0 0
0 0 1 0 1 0 0 -12452 -408021895 -408021895 0 -408021895 0 0 0 0 -408021895 0 0 0 0
0 0 1 0 0 0 0 -12452 -408021895 -408021895 0 -408021895 0 0 0 0 -408021895 0 0 0 0
0 0 1 0 0 0 0 -12452 -408021895 -408021895 0 -408021895 0 0 0 0 -408021895 0 0 0 0
0 0 1 0 0 0 0 -12452 -408021895 -408021895 0 -408021895 0 0 0 0 -408021895 0 0 0 0
0 0 1 0 0 0 0 -12452 -408021895 -408021895 0 -408021895 0 0 0 0 -408021895 0 0 0 0
0 0 1 0 0 0 0 -12452 -408021895 -408021895 0 -408021895 0 0 0 0 -408021895 0 0 0 0
0 0 1 0 0 0 0 -12452 -408021895 -408021895 0 -408021895 0 0 0 0 -408021895 0 0 0 0
0 0 1 0 0 0 0 -12452 -408021895 -408021895 0 -408021895 0 0 0 0 -408021895 0 0 0 0
0 0 1 0 0 0 0 -12452 -408021895 -408021895 0 -408021895 0 0 0 0 -408021895 0 0 0 0
0 0 1 0 0 0 0 -12452 -408021895 -408021895 0 -408021895 0 0 0 0 -408021895 0 0 0 0
0 0 1 0 1 0 0 -12452 -408021895 -408021895 0 -408021895 0 0 0 0 -408021895 0 0 0 0
0 0 1 0 0 0 0 -12452 -408021895 -408021895 0 -408021895 0 0 0 0 -408021895 0 0 0 0
0 0 1 0 0 0 0 -12452 -408021895 -408021895 0 -408021895 0 0 0 0 -408021895 0 0 0 0
0 0 1 0 0 0 0 -12452 -408021895 -408021895 0 -408021895 0 0 0 0 -408021895 0 0 0 0
0 0 1 0 0 0 0 -12452 -408021895 -408021895 0 -408021895 0 0 0 0 -408021895 0 0 0 0
0 0 1 0 0 0 0 -12452 -408021895 -408021895 0 -408021895 0 0 0 0 -408021895 0 0 0 0
0 0 1 0 0 0 0 -12452 -408021895 -408021895 0 -408021895 0 0 0 0 -408021895 0 0 0 0
0 0 1 0 0 0 0 -12452 -408021895 -408021895 0 -408021895 0 0 0 0 -408021895 0 0 0 0
0 0 1 0 0 0 0 -12452 -408021895 -408021895 0 -408021895 0 0 0 0 -408021895 0 0 0 0
0 0 1 0 0 0 0 -12452 -408021895 -408021895 0 -408021895 0 0 0 0 -408021895 0 0 0 0
0 0 1 0 1 0 0 -12452 -408021895 -408021895 0 -408021895 0 0 0 0 -408021895 0 0 0 0
0 0 1 0 0 0 0 -12452 -408021895 -408021895 0 -408021895 0 0 0 0 -408021895 0 0 0 0
0 0 1 0 0 0 0 -12452 -408021895 -408021895 0 -408021895 0 0 0 0 -408021895 0 0 0 0
0 0 1 0 0 0 0 -12452 -408021895 -408021895 0 -408021895 0 0 0 0 -408021895 0 0 0 0
0 0 1 0 0 0 0 -12452 -408021895 -408021895 0 -408021895 0 0 0 0 -408021895 0 0 0 0
0 0 1 0 0 0 0 -12452 -408021895 -408021895 0 -408021895 0 0 0 0 -408021895 0 0 0 0
0 0 1 0 0 0 0 -12452 -408021895 -408021895 0 -408021895 0 0 0 0 -408021895 0 0 0 0
0 0 1 0 0 0 0 -12452 -408021895 -408021895 0 -408021895 0 0 0 0 -408021895 0 0 0 0
0 0 1 0 0 0 0 -12452 -408021895 -408021895 0 -408021895 0 0 0 0 -408021895 0 0 0 0
0 0 1 0 0 0 0 -12452 -408021895 -408021895 0 -408021895 0 0 0 0 -408021895 0 0 0 0
0 0 1 0 1 0 0 -12452 -408021895 -408021895 0 -408021895 0 0 0 0 -408021895 0 0 0 0
0 0 1 0 0 0 0 -12452 -408021895 -408021895 0 -408021895 0 0 0 0 -408021895 0 0 0 0
0 0 1 0 0 0 0 -12452 -408021895 -408021895 0 -408021895 0 0 0 0 -408021895 0 0 0 0
0 0 1 0 0 0 0 -12452 -408021895 -408021895 0 -408021895 0 0 0 0 -408021895 0 0 0 0
0 0 1 0 0 0 0 -12452 -408021895 -408021895 0 -408021895 0 0 0 0 -408021895 0 0 0 0
0 0 1 0 0 0 0 -12452 -408021895 -408021895 0 -408021895 0 0 0 0 -408021895 0 0 0 0
0 0 1 0 0 0 0 -12452 -408021895 -408021895 0 -408021895 0 0 0 0 -408021895 0 0 0 0
0 0 1 0 0 0 0 -12452 -408021895 -408021895 0 -408021895 0 0 0 0 -408021895 0 0 0 0
0 0 1 0 0 0 0 -12452 -408021895 -408021895 0 -408021895 0 0 0 0 -408021895 0 0 0 0
0 0 1 0 0 0 0 -12452 -408021895 -408021895 0 -408021895 0 0 0 0 -408021895 0 0 0 0
0 0 1 0 1 0 0 -12452 -408021895 -408021895 0 -408021895 0 0 0 0 -408021895 0 0 0 0
0 0 1 0 0 0 0 -12452 -408021895 -408021895 0 -408021895 0 0 0 0 -408021895 0 0 0 0
0 0 1 0 0 0 0 -12452 -408021895 -408021895 0 -408021895 0 0 0 0 -408021895 0 0 0 0
0 0 1 0 0 0 0 -12452 -408021895 -408021895 0 -408021895 0 0 0 0 -408021895 0 0 0 0
0 0 1 0 0 0 0 -12452 -408021895 -408021895 0 -408021895 0 0 0 0 -408021895 0 0 0 0
0 0 1 0 0 0 0 -12452 -408021895 -408021895 0 -408021895 0 0 0 0 -408021895 0 0 0 0
0 0 1 0 0 0 0 -12452 -408021895 -408021895 0 -408021895 0 0 0 0 -408021895 0 0 0 0
0 0 1 0 0 0 0 -12452 -408021895 -408021895 0 -408021895 0 0 0 0 -408021895 0 0 0 0
0 0 1 0 0 0 0 -12452 -408021895 -408021895 0 -408021895 0 0 0 0 -408021895 0 0 0 0
0 0 1 0 0 0 0 -12452 -408021895 -408021895 0 -408021895 0 0 0 0 -408021895 0 0 0 0
0 0 1 0 1 0 0 -12452 -408021895 -408021895 0 -408021895 0 0 0 0 -408021895 0 0 0 0
0 0 1 0 0 0 0 -12452 -408021895 -408021895 0 -408021895 0 0 0 0 -408021895 0 0 0 0
0 0 1 0 0 0 0 -12452 -408021895 -408021895 0 -408021895 0 0 0 0 -408021895 0 0 0 0
0 0 1 0 0 0 0 -12452 -408021895 -408021895 0 -408021895 0 0 0 0 -408021895 0 0 0 0
0 0 1 0 0 0 0 -12452 -408021895 -408021895 0 -408021895 0 0 0 0 -408021895 0 0 0 0
0 0 1 0 0 0 0 -12452 -408021895 -408021895 0 -408021895 0 0 0 0 -408021895 0 0 0 0
0 0 1 0 0 0 0 -12452 -408021895 -408021895 0 -408021895 0 0 0 0 -408021895 0 0 0 0
0 0 1 0 0 0 0 -12452 -408021895 -408021895 0 -408021895 0 0 0 0 -408021895 0 0 0 0
0 0 1 0 0 0 0 -12452 -408021895 -408021895 0 -408021895 0 0 0 0 -408021895 0 0 0 0
0 0 1 0 0 0 0 -12452 -408021895 -408021895 0 -408021895 0 0 0 0 -408021895 0 0 0 0
0 0 1 0 1 0 0 -12452 -408021895 -408021895 0 -408021895 0 0 0 0 -408021895 0 0 0 0
0 0 1 0 0 0 0 -12452 -408021895 -408021895 0 -408021895 0 0 0 0 -408021895 0 0 0 0
0 0 1 0 0 0 0 -12452 -408021895 -408021895 0 -408021895 0 0 0 0 -408021895 0 0 0 0
0 0 1 0 0 0 0 -12452 -408021895 -408021895 0 -408021895 0 0 0 0 -408021895 0 0 0 0
0 0 1 0 0 0 0 -12452 -408021895 -408021895 0 -408021895 0 0 0 0 -408021895 0 0 0 0
0 0 1 0 0 0 0 -12452 -408021895 -408021895 0 -408021895 0 0 0 0 -408021895 0 0 0 0
0 0 1 0 0 0 0 -12452 -408021895 -408021895 0 -408021895 0 0 0 0 -408021895 0 0 0 0
0 0 1 0 0 0 0 -12452 -408021895 -408021895 0 -408021895 0 0 0 0 -408021895 0 0 0 0
0 0 1 0 0 0 0 -12452 -408021895 -408021895 0 -408021895 0 0 0 0 -408021895 0 0 0 0
0 0 1 0 0 0 0 -12452 -408021895 -408021895 0 -408021895 0 0 0 0 -408021895 0 0 0 0
0 0 1 0 1 0 0 -12452 -408021895 -408021895 0 -408021895 0 0 0 0 -408021895 0 0 0 0
0 0 1 0 0 0 0 -12452 -408021895 -408021895 0 -408021895 0 0 0 0 -408021895 0 0 0 0
0 0 1 0 0 0 0 -12452 -408021895 -408021895 0 -408021895 0 0 0 0 -408021895 0 0 0 0
0 0 1 0 0 0 0 -12452 -408021895 -408021895 0 -408021895 0 0 0 0 -408021895 0 0 0 0
0 0 1 0 0 0 0 -12452 -408021895 -408021895 0 -408021895 0 0 0 0 -408021895 0 0 0 0
0 0 1 0 0 0 0 -12452 -408021895 -408021895 0 -408021895 0 0 0 0 -408021895 0 0 0 0
0 0 1 0 0 0 0 -12452 -408021895 -408021895 0 -408021895 0 0 0 0 -408021895 0 0 0 0
0 0 1 0 0 0 0 -12452 -408021895 -408021895 0 -408021895 0 0 0 0 -408021895 0 0 0 0
0 0 1 0 0 0 0 -12452 -408021895 -408021895 0 -408021895 0 0 0 0 -408021895 0 0 0 0
0 0 1 0 0 0 0 -12452 -408021895 -408021895 0 -408021895 0 0 0 0 -408021895 0 0 0 0
0 0 1 0 1 0 0 -12452 -408021895 -408021895 0 -408021895 0 0 0 0 -408021895 0 0 0 0
2097152 0 1 0 0 0 0 -12452 -408021895 -408021895 0 -408021895 0 0 0 0 -408021895 0 0 0 0
2097152 0 1 0 0 0 0 -12452 -408021895 -408021895 0 -408021895 0 0 0 0 -408021895 0 0 0 0
2097152 0 1 0 0 0 0 -12452 -408021895 -408021895 0 -408021895 0 0 0 0 -408021895 0 0 0 0
2097152 0 1 0 0 0 0 -12452 -408021895 -408021895 0 -408021895 0 0 0 0 -408021895 0 0 0 0
2097152 0 1 0 0 0 0 -12452 -408021895 -408021895 0 -408021895 0 0 0 0 -408021895 0 0 0 0
2097152 0 1 0 0 0 0 -12452 -408021895 -408021895 0 -408021895 0 0 0 0 -408021895 0 0 0 0
2097152 0 1 0 0 0 0 -12452 -408021895 -408021895 0 -408021895 0 0 0 0 -408021895 0 0 0 0
2097152 0 1 0 0 0 0 -12452 -408021895 -408021895 0 -408021895 0 0 0 0 -408021895 0 0 0 0
2097152 0 1 0 0 0 0 -12452 -408021895 -408021895 0 -408021895 0 0 0 0 -408021895 0 0 0 0
2097152 0 1 0 1 0 0 -11270 -369295303 -408021895 0 -404923767 0 0 0 0 -369295303 2097152 38726592 3098128 0
2097152 0 1 0 0 0 0 -11270 -369295303 -408021895 0 -404923767 0 0 0 0 -369295303 2097152 38726592 3098128 0
2097152 0 1 0 0 0 0 -11270 -369295303 -408021895 0 -404923767 0 0 0 0 -369295303 2097152 38726592 3098128 0
2097152 0 1 0 0 0 0 -11270 -369295303 -408021895 0 -404923767 0 0 0 0 -369295303 2097152 38726592 3098128 0
2097152 0 1 0 0 0 0 -11270 -369295303 -408021895 0 -404923767 0 0 0 0 -369295303 2097152 38726592 3098128 0
2097152 0 1 0 0 0 0 -11270 -369295303 -408021895 0 -404923767 0 0 0 0 -369295303 2097152 38726592 3098128 0
2097152 0 1 0 0 0 0 -11270 -369295303 -408021895 0 -404923767 0 0 0 0 -369295303 2097152 38726592 3098128 0
2097152 0 1 0 0 0 0 -11270 -369295303 -408021895 0 -404923767 0 0 0 0 -369295303 2097152 38726592 3098128 0
2097152 0 1 0 0 0 0 -11270 -369295303 -408021895 0 -404923767 0 0 0 0 -369295303 2097152 38726592 3098128 0
2097152 0 1 0 0 0 0 -11270 -369295303 -408021895 0 -404923767 0 0 0 0 -369295303 2097152 38726592 3098128 0
2097152 0 1 0 1 0 0 -11175 -366197175 -404923767 0 -401825639 0 0 0 0 -366197175 2097152 38726592 3098128 0
5242880 10485760 1 0 0 0 0 -11175 -366197175 -404923767 0 -401825639 0 0 0 0 -366197175 2097152 38726592 3098128 0
5242880 10485760 1 0 0 0 0 -11175 -366197175 -404923767 0 -401825639 0 0 0 0 -366197175 2097152 38726592 3098128 0
5242880 10485760 1 0 0 0 0 -11175 -366197175 -404923767 0 -401825639 0 0 0 0 -366197175 2097152 38726592 3098128 0
5242880 10485760 1 0 0 0 0 -11175 -366197175 -404923767 0 -401825639 0 0 0 0 -366197175 2097152 38726592 3098128 0
5242880 10485760 1 0 0 0 0 -11175 -366197175 -404923767 0 -401825639 0 0 0 0 -366197175 2097152 38726592 3098128 0
5242880 10485760 1 0 0 0 0 -11175 -366197175 -404923767 0 -401825639 0 0 0 0 -366197175 2097152 38726592 3098128 0
5242880 10485760 1 0 0 0 0 -11175 -366197175 -404923767 0 -401825639 0 0 0 0 -366197175 2097152 38726592 3098128 0
5242880 10485760 1 0 0 0 0 -11175 -366197175 -404923767 0 -401825639 0 0 0 0 -366197175 2097152 38726592 3098128 0
5242880 10485760 1 0 0 0 0 -11175 -366197175 -404923767 0 -401825639 0 0 0 0 -366197175 2097152 38726592 3098128 0
5242880 10485760 1 0 1 0 0 -15217 -498642119 -401825639 0 0 0 0 0 1 -498642119 -5242880 -96816480 -7745320 0
5242880 10485760 1 0 0 0 0 -15217 -498642119 -401825639 0 0 0 0 0 1 -498642119 -5242880 -96816480 -7745320 0
5242880 10485760 1 0 0 0 0 -15217 -498642119 -401825639 0 0 0 0 0 1 -498642119 -5242880 -96816480 -7745320 0
5242880 10485760 1 0 0 0 0 -15217 -498642119 -401825639 0 0 0 0 0 1 -498642119 -5242880 -96816480 -7745320 0
5242880 10485760 1 0 0 0 0 -15217 -498642119 -401825639 0 0 0 0 0 1 -498642119 -5242880 -96816480 -7745320 0
5242880 10485760 1 0 0 0 0 -15217 -498642119 -401825639 0 0 0 0 0 1 -498642119 -5242880 -96816480 -7745320 0
5242880 10485760 1 0 0 0 0 -15217 -498642119 -401825639 0 0 0 0 0 1 -498642119 -5242880 -96816480 -7745320 0
5242880 10485760 1 0 0 0 0 -15217 -498642119 -401825639 0 0 0 0 0 1 -498642119 -5242880 -96816480 -7745320 0
5242880 10485760 1 0 0 0 0 -15217 -498642119 -401825639 0 0 0 0 0 1 -498642119 -5242880 -96816480 -7745320 0
5242880 10485760 1 0 0 0 0 -15217 -498642119 -401825639 0 0 0 0 0 1 -498642119 -5242880 -96816480 -7745320 0
5242880 10485760 1 0 1 0 0 -2955 -96816480 0 0 0 0 0 0 1 -96816480 -5242880 -96816480 -7745320 0
5242880 10485760 1 0 0 0 0 -2955 -96816480 0 0 0 0 0 0 1 -96816480 -5242880 -96816480 -7745320 0
5242880 10485760 1 0 0 0 0 -2955 -96816480 0 0 0 0 0 0 1 -96816480 -5242880 -96816480 -7745320 0
5242880 10485760 1 0 0 0 0 -2955 -96816480 0 0 0 0 0 0 1 -96816480 -5242880 -96816480 -7745320 0
5242880 10485760 1 0 0 0 0 -2955 -96816480 0 0 0 0 0 0 1 -96816480 -5242880 -96816480 -7745320 0
5242880 10485760 1 0 0 0 0 -2955 -96816480 0 0 0 0 0 0 1 -96816480 -5242880 -96816480 -7745320 0
5242880 10485760 1 0 0 0 0 -2955 -96816480 0 0 0 0 0 0 1 -96816480 -5242880 -96816480 -7745320 0
5242880 10485760 1 0 0 0 0 -2955 -96816480 0 0 0 0 0 0 1 -96816480 -5242880 -96816480 -7745320 0
5242880 10485760 1 0 0 0 0 -2955 -96816480 0 0 0 0 0 0 1 -96816480 -5242880 -96816480 -7745320 0
5242880 10485760 1 0 0 0 0 -2955 -96816480 0 0 0 0 0 0 1 -96816480 -5242880 -96816480 -7745320 0
5242880 10485760 1 0 1 0 0 -2955 -96816480 0 0 0 0 0 0 1 -96816480 -5242880 -96816480 -7745320 0
2097152 0 1 0 0 0 0 -2955 -96816480 0 0 0 0 0 0 1 -96816480 -5242880 -96816480 -7745320 0
2097152 0 1 0 0 0 0 -2955 -96816480 0 0 0 0 0 0 1 -96816480 -5242880 -96816480 -7745320 0
2097152 0 1 0 0 0 0 -2955 -96816480 0 0 0 0 0 0 1 -96816480 -5242880 -96816480 -7745320 0
2097152 0 1 0 0 0 0 -2955 -96816480 0 0 0 0 0 0 1 -96816480 -5242880 -96816480 -7745320 0
2097152 0 1 0 0 0 0 -2955 -96816480 0 0 0 0 0 0 1 -96816480 -5242880 -96816480 -7745320 0
2097152 0 1 0 0 0 0 -2955 -96816480 0 0 0 0 0 0 1 -96816480 -5242880 -96816480 -7745320 0
2097152 0 1 0 0 0 0 -2955 -96816480 0 0 0 0 0 0 1 -96816480 -5242880 -96816480 -7745320 0
2097152 0 1 0 0 0 0 -2955 -96816480 0 0 0 0 0 0 1 -96816480 -5242880 -96816480 -7745320 0
2097152 0 1 0 0 0 0 -2955 -96816480 0 0 0 0 0 0 1 -96816480 -5242880 -96816480 -7745320 0
2097152 0 1 0 1 0 0 1182 38726592 0 0 3098128 0 0 0 0 38726592 2097152 38726592 3098128 0
2097152 0 1 0 0 0 0 1182 38726592 0 0 3098128 0 0 0 0 38726592 2097152 38726592 3098128 0
2097152 0 1 0 0 0 0 1182 38726592 0 0 3098128 0 0 0 0 38726592 2097152 38726592 3098128 0
2097152 0 1 0 0 0 0 1182 38726592 0 0 3098128 0 0 0 0 38726592 2097152 38726592 3098128 0
2097152 0 1 0 0 0 0 1182 38726592 0 0 3098128 0 0 0 0 38726592 2097152 38726592 3098128 0
2097152 0 1 0 0 0 0 1182 38726592 0 0 3098128 0 0 0 0 38726592 2097152 38726592 3098128 0
2097152 0 1 0 0 0 0 1182 38726592 0 0 3098128 0 0 0 0 38726592 2097152 38726592 3098128 0
2097152 0 1 0 0 0 0 1182 38726592 0 0 3098128 0 0 0 0 38726592 2097152 38726592 3098128 0
2097152 0 1 0 0 0 0 1182 38726592 0 0 3098128 0 0 0 0 38726592 2097152 38726592 3098128 0
2097152 0 1 0 0 0 0 1182 38726592 0 0 3098128 0 0 0 0 38726592 2097152 38726592 3098128 0
2097152 0 1 0 1 0 0 1276 41824720 3098128 0 6196256 0 0 0 0 41824720 2097152 38726592 3098128 0
2097152 0 1 0 0 0 0 1276 41824720 3098128 0 6196256 0 0 0 0 41824720 2097152 38726592 3098128 0
2097152 0 1 0 0 0 0 1276 41824720 3098128 0 6196256 0 0 0 0 41824720 2097152 38726592 3098128 0
2097152 0 1 0 0 0 0 1276 41824720 3098128 0 6196256 0 0 0 0 41824720 2097152 38726592 3098128 0
2097152 0 1 0 0 0 0 1276 41824720 3098128 0 6196256 0 0 0 0 41824720 2097152 38726592 3098128 0
2097152 0 1 0 0 0 0 1276 41824720 3098128 0 6196256 0 0 0 0 41824720 2097152 38726592 3098128 0
2097152 0 1 0 0 0 0 1276 41824720 3098128 0 6196256 0 0 0 0 41824720 2097152 38726592 3098128 0
2097152 0 1 0 0 0 0 1276 41824720 3098128 0 6196256 0 0 0 0 41824720 2097152 38726592 3098128 0
2097152 0 1 0 0 0 0 1276 41824720 3098128 0 6196256 0 0 0 0 41824720 2097152 38726592 3098128 0
2097152 0 1 0 0 0 0 1276 41824720 3098128 0 6196256 0 0 0 0 41824720 2097152 38726592 3098128 0
2097152 0 1 0 1 0 0 1371 44922848 6196256 0 9294384 0 0 0 0 44922848 2097152 38726592 3098128 0
2097152 0 1 0 0 0 0 1371 44922848 6196256 0 9294384 0 0 0 0 44922848 2097152 38726592 3098128 0
2097152 0 1 0 0 0 0 1371 44922848 6196256 0 9294384 0 0 0 0 44922848 2097152 38726592 3098128 0
2097152 0 1 0 0 0 0 1371 44922848 6196256 0 9294384 0 0 0 0 44922848 2097152 38726592 3098128 0
2097152 0 1 0 0 0 0 1371 44922848 6196256 0 9294384 0 0 0 0 44922848 2097152 38726592 3098128 0
2097152 0 1 0 0 0 0 1371 44922848 6196256 0 9294384 0 0 0 0 44922848 2097152 38726592 3098128 0
2097152 0 1 0 0 0 0 1371 44922848 6196256 0 9294384 0 0 0 0 44922848 2097152 38726592 3098128 0
2097152 0 1 0 0 0 0 1371 44922848 6196256 0 9294384 0 0 0 0 44922848 2097152 38726592 3098128 0
2097152 0 1 0 0 0 0 1371 44922848 6196256 0 9294384 0 0 0 0 44922848 2097152 38726592 3098128 0
2097152 0 1 0 0 0 0 1371 44922848 6196256 0 9294384 0 0 0 0 44922848 2097152 38726592 3098128 0
2097152 0 1 0 1 0 0 1465 48020976 9294384 0 12392512 0 0 0 0 48020976 2097152 38726592 3098128 0
2097152 0 1 0 0 0 0 1465 48020976 9294384 0 12392512 0 0 0 0 48020976 2097152 38726592 3098128 0
2097152 0 1 0 0 0 0 1465 48020976 9294384 0 12392512 0 0 0 0 48020976 2097152 38726592 3098128 0
2097152 0 1 0 0 0 0 1465 48020976 9294384 0 12392512 0 0 0 0 48020976 2097152 38726592 3098128 0
2097152 0 1 0 0 0 0 1465 48020976 9294384 0 12392512 0 0 0 0 48020976 2097152 38726592 3098128 0
2097152 0 1 0 0 0 0 1465 48020976 9294384 0 12392512 0 0 0 0 48020976 2097152 38726592 3098128 0
2097152 0 1 0 0 0 0 1465 48020976 9294384 0 12392512 0 0 0 0 48020976 2097152 38726592 3098128 0
2097152 0 1 0 0 0 0 1465 48020976 9294384 0 12392512 0 0 0 0 48020976 2097152 38726592 3098128 0
2097152 0 1 0 0 0 0 1465 48020976 9294384 0 12392512 0 0 0 0 48020976 2097152 38726592 3098128 0
2097152 0 1 0 0 0 0 1465 48020976 9294384 0 12392512 0 0 0 0 48020976 2097152 38726592 3098128 0
2097152 0 1 0 1 0 0 1560 51119104 12392512 0 15490640 0 0 0 0 51119104 2097152 38726592 3098128 0
2097152 0 1 0 0 0 0 1560 51119104 12392512 0 15490640 0 0 0 0 51119104 2097152 38726592 3098128 0
2097152 0 1 0 0 0 0 1560 51119104 12392512 0 15490640 0 0 0 0 51119104 2097152 38726592 3098128 0
2097152 0 1 0 0 0 0 1560 51119104 12392512 0 15490640 0 0 0 0 51119104 2097152 38726592 3098128 0
2097152 0 1 0 0 0 0 1560 51119104 12392512 0 15490640 0 0 0 0 51119104 2097152 38726592 3098128 0
2097152 0 1 0 0 0 0 1560 51119104 12392512 0 15490640 0 0 0 0 51119104 2097152 38726592 3098128 0
2097152 0 1 0 0 0 0 1560 51119104 12392512 0 15490640 0 0 0 0 51119104 2097152 38726592 3098128 0
2097152 0 1 0 0 0 0 1560 51119104 12392512 0 15490640 0 0 0 0 51119104 2097152 38726592 3098128 0
2097152 0 1 0 0 0 0 1560 51119104 12392512 0 15490640 0 0 0 0 51119104 2097152 38726592 3098128 0
2097152 0 1 0 0 0 0 1560 51119104 12392512 0 15490640 0 0 0 0 51119104 2097152 38726592 3098128 0
2097152 0 1 0 1 0 0 1655 54217232 15490640 0 18588768 0 0 0 0 54217232 2097152 38726592 3098128 0
2097152 0 1 0 0 0 0 1655 54217232 15490640 0 18588768 0 0 0 0 54217232 2097152 38726592 3098128 0
2097152 0 1 0 0 0 0 1655 54217232 15490640 0 18588768 0 0 0 0 54217232 2097152 38726592 3098128 0
2097152 0 1 0 0 0 0 1655 54217232 15490640 0 18588768 0 0 0 0 54217232 2097152 38726592 3098128 0
2097152 0 1 0 0 0 0 1655 54217232 15490640 0 18588768 0 0 0 0 54217232 2097152 38726592 3098128 0
2097152 0 1 0 0 0 0 1655 54217232 15490640 0 18588768 0 0 0 0 54217232 2097152 38726592 3098128 0
2097152 0 1 0 0 0 0 1655 54217232 15490640 0 18588768 0 0 0 0 54217232 2097152 38726592 3098128 0
2097152 0 1 0 0 0 0 1655 54217232 15490640 0 18588768 0 0 0 0 54217232 2097152 38726592 3098128 0
2097152 0 1 0 0 0 0 1655 54217232 15490640 0 18588768 0 0 0 0 54217232 2097152 38726592 3098128 0
2097152 0 1 0 0 0 0 1655 54217232 15490640 0 18588768 0 0 0 0 54217232 2097152 38726592 3098128 0
2097152 0 1 0 1 0 0 1749 57315360 18588768 0 21686896 0 0 0 0 57315360 2097152 38726592 3098128 0
2097152 0 1 0 0 0 0 1749 57315360 18588768 0 21686896 0 0 0 0 57315360 2097152 38726592 3098128 0
2097152 0 1 0 0 0 0 1749 57315360 18588768 0 21686896 0 0 0 0 57315360 2097152 38726592 3098128 0
2097152 0 1 0 0 0 0 1749 57315360 18588768 0 21686896 0 0 0 0 57315360 2097152 38726592 3098128 0
2097152 0 1 0 0 0 0 1749 57315360 18588768 0 21686896 0 0 0 0 57315360 2097152 38726592 3098128 0
2097152 0 1 0 0 0 0 1749 57315360 18588768 0 21686896 0 0 0 0 57315360 2097152 38726592 3098128 0
2097152 0 1 0 0 0 0 1749 57315360 18588768 0 21686896 0 0 0 0 57315360 2097152 38726592 3098128 0
2097152 0 1 0 0 0 0 1749 57315360 18588768 0 21686896 0 0 0 0 57315360 2097152 38726592 3098128 0
2097152 0 1 0 0 0 0 1749 57315360 18588768 0 21686896 0 0 0 0 57315360 2097152 38726592 3098128 0
2097152 0 1 1 0 0 0 1749 57315360 18588768 0 21686896 0 0 0 0 57315360 2097152 38726592 3098128 0
2097152 0 1 1 1 0 0 0 60413488 21686896 0 0 0 0 1 1 60413488 2097152 38726592 3098128 0
2097152 0 1 1 0 0 0 0 60413488 21686896 0 0 0 0 1 1 60413488 2097152 38726592 3098128 0
2097152 0 1 0 0 0 0 0 60413488 21686896 0 0 0 0 1 1 60413488 2097152 38726592 3098128 0
2097152 0 1 0 0 0 0 0 60413488 21686896 0 0 0 0 1 1 60413488 2097152 38726592 3098128 0
2097152 0 1 0 0 0 0 0 60413488 21686896 0 0 0 0 1 1 60413488 2097152 38726592 3098128 0
2097152 0 1 0 0 0 0 0 60413488 21686896 0 0 0 0 1 1 60413488 2097152 38726592 3098128 0
2097152 0 1 0 0 0 0 0 60413488 21686896 0 0 0 0 1 1 60413488 2097152 38726592 3098128 0
2097152 0 1 0 0 0 0 0 60413488 21686896 0 0 0 0 1 1 60413488 2097152 38726592 3098128 0
2097152 0 1 0 0 0 0 0 60413488 21686896 0 0 0 0 1 1 60413488 2097152 38726592 3098128 0
2097152 0 1 0 0 0 0 0 60413488 21686896 0 0 0 0 1 1 60413488 2097152 38726592 3098128 0
2097152 0 1 0 1 0 0 1182 38726592 0 0 3098128 0 0 0 0 38726592 2097152 38726592 3098128 0
2097152 0 1 0 0 0 0 1182 38726592 0 0 3098128 0 0 0 0 38726592 2097152 38726592 3098128 0
2097152 0 1 0 0 0 0 1182 38726592 0 0 3098128 0 0 0 0 38726592 2097152 38726592 3098128 0
2097152 0 1 0 0 0 0 1182 38726592 0 0 3098128 0 0 0 0 38726592 2097152 38726592 3098128 0
2097152 0 1 0 0 0 0 1182 38726592 0 0 3098128 0 0 0 0 38726592 2097152 38726592 3098128 0
2097152 0 1 0 0 0 0 1182 38726592 0 0 3098128 0 0 0 0 38726592 2097152 38726592 3098128 0
2097152 0 1 0 0 0 0 1182 38726592 0 0 3098128 0 0 0 0 38726592 2097152 38726592 3098128 0
2097152 0 1 0 0 0 0 1182 38726592 0 0 3098128 0 0 0 0 38726592 2097152 38726592 3098128 0
2097152 0 1 0 0 0 0 1182 38726592 0 0 3098128 0 0 0 0 38726592 2097152 38726592 3098128 0
2097152 0 1 0 0 0 0 1182 38726592 0 0 3098128 0 0 0 0 38726592 2097152 38726592 3098128 0
2097152 0 1 0 1 0 0 1276 41824720 3098128 0 6196256 0 0 0 0 41824720 2097152 38726592 3098128 0
2097152 0 1 0 0 0 0 1276 41824720 3098128 0 6196256 0 0 0 0 41824720 2097152 38726592 3098128 0
2097152 0 1 0 0 0 0 1276 41824720 3098128 0 6196256 0 0 0 0 41824720 2097152 38726592 3098128 0
2097152 0 1 0 0 0 0 1276 41824720 3098128 0 6196256 0 0 0 0 41824720 2097152 38726592 3098128 0
2097152 0 1 0 0 0 0 1276 41824720 3098128 0 6196256 0 0 0 0 41824720 2097152 38726592 3098128 0
2097152 0 1 0 0 0 0 1276 41824720 3098128 0 6196256 0 0 0 0 41824720 2097152 38726592 3098128 0
2097152 0 1 0 0 0 0 1276 41824720 3098128 0 6196256 0 0 0 0 41824720 2097152 38726592 3098128 0
2097152 0 1 0 0 0 0 1276 41824720 3098128 0 6196256 0 0 0 0 41824720 2097152 38726592 3098128 0
2097152 0 1 0 0 0 0 1276 41824720 3098128 0 6196256 0 0 0 0 41824720 2097152 38726592 3098128 0
2097152 0 1 0 0 0 0 1276 41824720 3098128 0 6196256 0 0 0 0 41824720 2097152 38726592 3098128 0
2097152 0 1 0 1 0 0 1371 44922848 6196256 0 9294384 0 0 0 0 44922848 2097152 38726592 3098128 0
2097152 0 1 0 0 0 0 1371 44922848 6196256 0 9294384 0 0 0 0 44922848 2097152 38726592 3098128 0
2097152 0 1 0 0 0 0 1371 44922848 6196256 0 9294384 0 0 0 0 44922848 2097152 38726592 3098128 0
2097152 0 1 0 0 0 0 1371 44922848 6196256 0 9294384 0 0 0 0 44922848 2097152 38726592 3098128 0
2097152 0 1 0 0 0 0 1371 44922848 6196256 0 9294384 0 0 0 0 44922848 2097152 38726592 3098128 0
2097152 0 1 0 0 0 0 1371 44922848 6196256 0 9294384 0 0 0 0 44922848 2097152 38726592 3098128 0
2097152 0 1 0 0 0 0 1371 44922848 6196256 0 9294384 0 0 0 0 44922848 2097152 38726592 3098128 0
2097152 0 1 0 0 0 0 1371 44922848 6196256 0 9294384 0 0 0 0 44922848 2097152 38726592 3098128 0
2097152 0 1 0 0 0 0 1371 44922848 6196256 0 9294384 0 0 0 0 44922848 2097152 38726592 3098128 0
2097152 0 1 0 0 0 0 1371 44922848 6196256 0 9294384 0 0 0 0 44922848 2097152 38726592 3098128 0
2097152 0 1 0 1 0 0 1465 48020976 9294384 0 12392512 0 0 0 0 48020976 2097152 38726592 3098128 0
2097152 0 1 1 0 0 0 1465 48020976 9294384 0 12392512 0 0 0 0 48020976 2097152 38726592 3098128 0
2097152 0 1 1 0 0 0 1465 48020976 9294384 0 12392512 0 0 0 0 48020976 2097152 38726592 3098128 0
2097152 0 1 1 0 0 0 1465 48020976 9294384 0 12392512 0 0 0 0 48020976 2097152 38726592 3098128 0
2097152 0 1 0 0 0 0 1465 48020976 9294384 0 12392512 0 0 0 0 48020976 2097152 38726592 3098128 0
2097152 0 1 0 0 0 0 1465 48020976 9294384 0 12392512 0 0 0 0 48020976 2097152 38726592 3098128 0
2097152 0 1 0 0 0 0 1465 48020976 9294384 0 12392512 0 0 0 0 48020976 2097152 38726592 3098128 0
2097152 0 1 0 0 0 0 1465 48020976 9294384 0 12392512 0 0 0 0 48020976 2097152 38726592 3098128 0
2097152 0 1 0 0 0 0 1465 48020976 9294384 0 12392512 0 0 0 0 48020976 2097152 38726592 3098128 0
2097152 0 1 0 0 0 0 1465 48020976 9294384 0 12392512 0 0 0 0 48020976 2097152 38726592 3098128 0
2097152 0 1 0 1 0 0 1560 51119104 12392512 0 15490640 0 0 0 0 51119104 2097152 38726592 3098128 0
2097152 0 1 0 0 0 0 1560 51119104 12392512 0 15490640 0 0 0 0 51119104 2097152 38726592 3098128 0
2097152 0 1 0 0 0 0 1560 51119104 12392512 0 15490640 0 0 0 0 51119104 2097152 38726592 3098128 0
2097152 0 1 0 0 0 0 1560 51119104 12392512 0 15490640 0 0 0 0 51119104 2097152 38726592 3098128 0
2097152 0 1 0 0 0 0 1560 51119104 12392512 0 15490640 0 0 0 0 51119104 2097152 38726592 3098128 0
2097152 0 1 0 0 0 0 1560 51119104 12392512 0 15490640 0 0 0 0 51119104 2097152 38726592 3098128 0
2097152 0 1 0 0 0 0 1560 51119104 12392512 0 15490640 0 0 0 0 51119104 2097152 38726592 3098128 0
2097152 0 1 0 0 0 0 1560 51119104 12392512 0 15490640 0 0 0 0 51119104 2097152 38726592 3098128 0
2097152 0 1 0 0 0 0 1560 51119104 12392512 0 15490640 0 0 0 0 51119104 2097152 38726592 3098128 0
2097152 0 1 0 0 0 0 1560 51119104 12392512 0 15490640 0 0 0 0 51119104 2097152 38726592 3098128 0
2097152 0 1 0 1 0 0 1655 54217232 15490640 0 18588768 0 0 0 0 54217232 2097152 38726592 3098128 0
2097152 0 1 0 0 0 0 1655 54217232 15490640 0 18588768 0 0 0 0 54217232 2097152 38726592 3098128 0
2097152 0 1 0 0 0 0 1655 54217232 15490640 0 18588768 0 0 0 0 54217232 2097152 38726592 3098128 0
2097152 0 1 0 0 0 0 1655 54217232 15490640 0 18588768 0 0 0 0 54217232 2097152 38726592 3098128 0
2097152 0 1 0 0 0 0 1655 54217232 15490640 0 18588768 0 0 0 0 54217232 2097152 38726592 3098128 0
2097152 0 1 0 0 0 0 1655 54217232 15490640 0 18588768 0 0 0 0 54217232 2097152 38726592 3098128 0
2097152 0 1 0 0 0 0 1655 54217232 15490640 0 18588768 0 0 0 0 54217232 2097152 38726592 3098128 0
2097152 0 1 0 0 0 0 1655 54217232 15490640 0 18588768 0 0 0 0 54217232 2097152 38726592 3098128 0
2097152 0 1 0 0 0 0 1655 54217232 15490640 0 18588768 0 0 0 0 54217232 2097152 38726592 3098128 0
2097152 0 1 0 0 0 0 1655 54217232 15490640 0 18588768 0 0 0 0 54217232 2097152 38726592 3098128 0
2097152 0 1 0 1 0 0 1749 57315360 18588768 0 21686896 0 0 0 0 57315360 2097152 38726592 3098128 0
2097152 0 1 0 0 0 0 1749 57315360 18588768 0 21686896 0 0 0 0 57315360 2097152 38726592 3098128 0
2097152 0 1 0 0 0 0 1749 57315360 18588768 0 21686896 0 0 0 0 57315360 2097152 38726592 3098128 0
2097152 0 1 0 0 0 0 1749 57315360 18588768 0 21686896 0 0 0 0 57315360 2097152 38726592 3098128 0
2097152 0 1 0 0 0 0 1749 57315360 18588768 0 21686896 0 0 0 0 57315360 2097152 38726592 3098128 0
2097152 0 1 0 0 0 0 1749 57315360 18588768 0 21686896 0 0 0 0 57315360 2097152 38726592 3098128 0
2097152 0 1 0 0 0 0 1749 57315360 18588768 0 21686896 0 0 0 0 57315360 2097152 38726592 3098128 0
2097152 0 1 0 0 0 0 1749 57315360 18588768 0 21686896 0 0 0 0 57315360 2097152 38726592 3098128 0
2097152 0 1 0 0 0 0 1749 57315360 18588768 0 21686896 0 0 0 0 57315360 2097152 38726592 3098128 0
2097152 0 1 0 0 0 0 1749 57315360 18588768 0 21686896 0 0 0 0 57315360 2097152 38726592 3098128 0
2097152 0 1 1 1 0 0 0 60413488 21686896 0 0 0 0 1 1 60413488 2097152 38726592 3098128 0
2097152 0 1 0 0 0 0 0 60413488 21686896 0 0 0 0 1 1 60413488 2097152 38726592 3098128 0
2097152 0 1 0 0 0 0 0 60413488 21686896 0 0 0 0 1 1 60413488 2097152 38726592 3098128 0
2097152 0 1 0 0 0 0 0 60413488 21686896 0 0 0 0 1 1 60413488 2097152 38726592 3098128 0
2097152 0 1 0 0 0 0 0 60413488 21686896 0 0 0 0 1 1 60413488 2097152 38726592 3098128 0
2097152 0 1 0 0 0 0 0 60413488 21686896 0 0 0 0 1 1 60413488 2097152 38726592 3098128 0
2097152 0 1 0 0 0 0 0 60413488 21686896 0 0 0 0 1 1 60413488 2097152 38726592 3098128 0
2097152 0 1 0 0 0 0 0 60413488 21686896 0 0 0 0 1 1 60413488 2097152 38726592 3098128 0
2097152 0 1 0 0 0 0 0 60413488 21686896 0 0 0 0 1 1 60413488 2097152 38726592 3098128 0
2097152 0 1 0 0 0 0 0 60413488 21686896 0 0 0 0 1 1 60413488 2097152 38726592 3098128 0
2097152 0 1 0 1 0 0 1182 38726592 0 0 3098128 0 0 0 0 38726592 2097152 38726592 3098128 0
2097152 0 1 0 0 0 0 1182 38726592 0 0 3098128 0 0 0 0 38726592 2097152 38726592 3098128 0
2097152 0 1 0 0 0 0 1182 38726592 0 0 3098128 0 0 0 0 38726592 2097152 38726592 3098128 0
2097152 0 1 0 0 0 0 1182 38726592 0 0 3098128 0 0 0 0 38726592 2097152 38726592 3098128 0
2097152 0 1 0 0 0 0 1182 38726592 0 0 3098128 0 0 0 0 38726592 2097152 38726592 3098128 0
2097152 0 1 0 0 0 0 1182 38726592 0 0 3098128 0 0 0 0 38726592 2097152 38726592 3098128 0
2097152 0 1 0 0 0 0 1182 38726592 0 0 3098128 0 0 0 0 38726592 2097152 38726592 3098128 0
2097152 0 1 0 0 0 0 1182 38726592 0 0 3098128 0 0 0 0 38726592 2097152 38726592 3098128 0
2097152 0 1 0 0 0 0 1182 38726592 0 0 3098128 0 0 0 0 38726592 2097152 38726592 3098128 0
2097152 0 1 0 0 0 0 1182 38726592 0 0 3098128 0 0 0 0 38726592 2097152 38726592 3098128 0
2097152 0 1 0 1 0 0 1276 41824720 3098128 0 6196256 0 0 0 0 41824720 2097152 38726592 3098128 0
2097152 0 1 0 0 0 0 1276 41824720 3098128 0 6196256 0 0 0 0 41824720 2097152 38726592 3098128 0
2097152 0 1 0 0 0 0 1276 41824720 3098128 0 6196256 0 0 0 0 41824720 2097152 38726592 3098128 0
2097152 0 1 0 0 0 0 1276 41824720 3098128 0 6196256 0 0 0 0 41824720 2097152 38726592 3098128 0
2097152 0 1 0 0 0 0 1276 41824720 3098128 0 6196256 0 0 0 0 41824720 2097152 38726592 3098128 0
2097152 0 1 0 0 0 0 1276 41824720 3098128 0 6196256 0 0 0 0 41824720 2097152 38726592 3098128 0
2097152 0 1 0 0 0 0 1276 41824720 3098128 0 6196256 0 0 0 0 41824720 2097152 38726592 3098128 0
2097152 0 1 0 0 0 0 1276 41824720 3098128 0 6196256 0 0 0 0 41824720 2097152 38726592 3098128 0
2097152 0 1 0 0 0 0 1276 41824720 3098128 0 6196256 0 0 0 0 41824720 2097152 38726592 3098128 0
2097152 0 1 0 0 0 0 1276 41824720 3098128 0 6196256 0 0 0 0 41824720 2097152 38726592 3098128 0
2097152 0 1 0 1 0 0 1371 44922848 6196256 0 9294384 0 0 0 0 44922848 2097152 38726592 3098128 0
2097152 0 1 0 0 0 0 1371 44922848 6196256 0 9294384 0 0 0 0 44922848 2097152 38726592 3098128 0
2097152 0 1 0 0 0 0 1371 44922848 6196256 0 9294384 0 0 0 0 44922848 2097152 38726592 3098128 0
2097152 0 1 0 0 0 0 1371 44922848 6196256 0 9294384 0 0 0 0 44922848 2097152 38726592 3098128 0
2097152 0 1 0 0 0 0 1371 44922848 6196256 0 9294384 0 0 0 0 44922848 2097152 38726592 3098128 0
2097152 0 1 0 0 0 0 1371 44922848 6196256 0 9294384 0 0 0 0 44922848 2097152 38726592 3098128 0
2097152 0 1 0 0 0 0 1371 44922848 6196256 0 9294384 0 0 0 0 44922848 2097152 38726592 3098128 0
2097152 0 1 0 0 0 0 1371 44922848 6196256 0 9294384 0 0 0 0 44922848 2097152 38726592 3098128 0
2097152 0 1 0 0 0 0 1371 44922848 6196256 0 9294384 0 0 0 0 44922848 2097152 38726592 3098128 0
2097152 0 1 0 0 0 0 1371 44922848 6196256 0 9294384 0 0 0 0 44922848 2097152 38726592 3098128 0
2097152 0 1 0 1 0 0 1465 48020976 9294384 0 12392512 0 0 0 0 48020976 2097152 38726592 3098128 0
2097152 0 0 0 0 0 0 1465 48020976 9294384 0 12392512 0 0 0 0 48020976 2097152 38726592 3098128 0
2097152 0 0 0 0 0 0 1465 48020976 9294384 0 12392512 0 0 0 0 48020976 2097152 38726592 3098128 0
2097152 0 0 0 0 0 0 1465 48020976 9294384 0 12392512 0 0 0 0 48020976 2097152 38726592 3098128 0
2097152 0 0 0 0 0 0 1465 48020976 9294384 0 12392512 0 0 0 0 48020976 2097152 38726592 3098128 0
2097152 0 0 0 0 0 0 1465 48020976 9294384 0 12392512 0 0 0 0 48020976 2097152 38726592 3098128 0
2097152 0 0 0 0 0 0 1465 48020976 9294384 0 12392512 0 0 0 0 48020976 2097152 38726592 3098128 0
2097152 0 0 0 0 0 0 1465 48020976 9294384 0 12392512 0 0 0 0 48020976 2097152 38726592 3098128 0
2097152 0 0 0 0 0 0 1465 48020976 9294384 0 12392512 0 0 0 0 48020976 2097152 38726592 3098128 0
2097152 0 0 0 0 0 0 1465 48020976 9294384 0 12392512 0 0 0 0 48020976 2097152 38726592 3098128 0
2097152 0 0 0 1 0 0 0 51119104 12392512 0 0 0 0 1 1 51119104 2097152 38726592 3098128 0
2097152 0 0 0 0 0 0 0 51119104 12392512 0 0 0 0 1 1 51119104 2097152 38726592 3098128 0
2097152 0 0 0 0 0 0 0 51119104 12392512 0 0 0 0 1 1 51119104 2097152 38726592 3098128 0
2097152 0 0 0 0 0 0 0 51119104 12392512 0 0 0 0 1 1 51119104 2097152 38726592 3098128 0
2097152 0 0 0 0 0 0 0 51119104 12392512 0 0 0 0 1 1 51119104 2097152 38726592 3098128 0
2097152 0 0 0 0 0 0 0 51119104 12392512 0 0 0 0 1 1 51119104 2097152 38726592 3098128 0
2097152 0 0 0 0 0 0 0 51119104 12392512 0 0 0 0 1 1 51119104 2097152 38726592 3098128 0
2097152 0 0 0 0 0 0 0 51119104 12392512 0 0 0 0 1 1 51119104 2097152 38726592 3098128 0
2097152 0 0 0 0 0 0 0 51119104 12392512 0 0 0 0 1 1 51119104 2097152 38726592 3098128 0
2097152 0 0 0 0 0 0 0 51119104 12392512 0 0 0 0 1 1 51119104 2097152 38726592 3098128 0
2097152 0 0 0 1 0 0 0 38726592 0 0 0 0 0 1 1 38726592 2097152 38726592 3098128 0
2097152 0 0 0 0 0 0 0 38726592 0 0 0 0 0 1 1 38726592 2097152 38726592 3098128 0
2097152 0 0 0 0 0 0 0 38726592 0 0 0 0 0 1 1 38726592 2097152 38726592 3098128 0
2097152 0 0 0 0 0 0 0 38726592 0 0 0 0 0 1 1 38726592 2097152 38726592 3098128 0
2097152 0 0 0 0 0 0 0 38726592 0 0 0 0 0 1 1 38726592 2097152 38726592 3098128 0
2097152 0 0 0 0 0 0 0 38726592 0 0 0 0 0 1 1 38726592 2097152 38726592 3098128 0
2097152 0 0 0 0 0 0 0 38726592 0 0 0 0 0 1 1 38726592 2097152 38726592 3098128 0
2097152 0 0 0 0 0 0 0 38726592 0 0 0 0 0 1 1 38726592 2097152 38726592 3098128 0
2097152 0 0 0 0 0 0 0 38726592 0 0 0 0 0 1 1 38726592 2097152 38726592 3098128 0
2097152 0 0 0 0 0 0 0 38726592 0 0 0 0 0 1 1 38726592 2097152 38726592 3098128 0
2097152 0 0 0 1 0 0 0 38726592 0 0 0 0 0 1 1 38726592 2097152 38726592 3098128 0
2097152 0 0 0 0 0 0 0 38726592 0 0 0 0 0 1 1 38726592 2097152 38726592 3098128 0
2097152 0 0 0 0 0 0 0 38726592 0 0 0 0 0 1 1 38726592 2097152 38726592 3098128 0
2097152 0 0 0 0 0 0 0 38726592 0 0 0 0 0 1 1 38726592 2097152 38726592 3098128 0
2097152 0 0 0 0 0 0 0 38726592 0 0 0 0 0 1 1 38726592 2097152 38726592 3098128 0
2097152 0 0 0 0 0 0 0 38726592 0 0 0 0 0 1 1 38726592 2097152 38726592 3098128 0
2097152 0 0 0 0 0 0 0 38726592 0 0 0 0 0 1 1 38726592 2097152 38726592 3098128 0
2097152 0 0 0 0 0 0 0 38726592 0 0 0 0 0 1 1 38726592 2097152 38726592 3098128 0
2097152 0 0 0 0 0 0 0 38726592 0 0 0 0 0 1 1 38726592 2097152 38726592 3098128 0
2097152 0 0 0 0 0 0 0 38726592 0 0 0 0 0 1 1 38726592 2097152 38726592 3098128 0
2097152 0 0 0 1 0 0 0 38726592 0 0 0 0 0 1 1 38726592 2097152 38726592 3098128 0
2097152 0 0 0 0 0 0 0 38726592 0 0 0 0 0 1 1 38726592 2097152 38726592 3098128 0
2097152 0 0 0 0 0 0 0 38726592 0 0 0 0 0 1 1 38726592 2097152 38726592 3098128 0
2097152 0 0 0 0 0 0 0 38726592 0 0 0 0 0 1 1 38726592 2097152 38726592 3098128 0
2097152 0 0 0 0 0 0 0 38726592 0 0 0 0 0 1 1 38726592 2097152 38726592 3098128 0
2097152 0 0 0 0 0 0 0 38726592 0 0 0 0 0 1 1 38726592 2097152 38726592 3098128 0
2097152 0 0 0 0 0 0 0 38726592 0 0 0 0 0 1 1 38726592 2097152 38726592 3098128 0
2097152 0 0 0 0 0 0 0 38726592 0 0 0 0 0 1 1 38726592 2097152 38726592 3098128 0
2097152 0 0 0 0 0 0 0 38726592 0 0 0 0 0 1 1 38726592 2097152 38726592 3098128 0
2097152 0 0 0 0 0 0 0 38726592 0 0 0 0 0 1 1 38726592 2097152 38726592 3098128 0
2097152 0 0 0 1 0 0 0 38726592 0 0 0 0 0 1 1 38726592 2097152 38726592 3098128 0
2097152 0 0 0 0 0 0 0 38726592 0 0 0 0 0 1 1 38726592 2097152 38726592 3098128 0
2097152 0 0 0 0 0 0 0 38726592 0 0 0 0 0 1 1 38726592 2097152 38726592 3098128 0
2097152 0 0 0 0 0 0 0 38726592 0 0 0 0 0 1 1 38726592 2097152 38726592 3098128 0
2097152 0 0 0 0 0 0 0 38726592 0 0 0 0 0 1 1 38726592 2097152 38726592 3098128 0
2097152 0 0 0 0 0 0 0 38726592 0 0 0 0 0 1 1 38726592 2097152 38726592 3098128 0
2097152 0 0 0 0 0 0 0 38726592 0 0 0 0 0 1 1 38726592 2097152 38726592 3098128 0
2097152 0 0 0 0 0 0 0 38726592 0 0 0 0 0 1 1 38726592 2097152 38726592 3098128 0
2097152 0 0 0 0 0 0 0 38726592 0 0 0 0 0 1 1 38726592 2097152 38726592 3098128 0
2097152 0 0 0 0 0 0 0 38726592 0 0 0 0 0 1 1 38726592 2097152 38726592 3098128 0
2097152 0 0 0 1 0 0 0 38726592 0 0 0 0 0 1 1 38726592 2097152 38726592 3098128 0
2097152 0 1 0 0 0 0 0 38726592 0 0 0 0 0 1 1 38726592 2097152 38726592 3098128 0
2097152 0 1 0 0 0 0 0 38726592 0 0 0 0 0 1 1 38726592 2097152 38726592 3098128 0
2097152 0 1 0 0 0 0 0 38726592 0 0 0 0 0 1 1 38726592 2097152 38726592 3098128 0
2097152 0 1 0 0 0 0 0 38726592 0 0 0 0 0 1 1 38726592 2097152 38726592 3098128 0
2097152 0 1 0 0 0 0 0 38726592 0 0 0 0 0 1 1 38726592 2097152 38726592 3098128 0
2097152 0 1 0 0 0 0 0 38726592 0 0 0 0 0 1 1 38726592 2097152 38726592 3098128 0
2097152 0 1 0 0 0 0 0 38726592 0 0 0 0 0 1 1 38726592 2097152 38726592 3098128 0
2097152 0 1 0 0 0 0 0 38726592 0 0 0 0 0 1 1 38726592 2097152 38726592 3098128 0
2097152 0 1 0 0 0 0 0 38726592 0 0 0 0 0 1 1 38726592 2097152 38726592 3098128 0
2097152 0 1 0 1 0 0 1182 38726592 0 0 3098128 0 0 0 0 38726592 2097152 38726592 3098128 0
2097152 0 1 0 0 0 0 1182 38726592 0 0 3098128 0 0 0 0 38726592 2097152 38726592 3098128 0
2097152 0 1 0 0 0 0 1182 38726592 0 0 3098128 0 0 0 0 38726592 2097152 38726592 3098128 0
2097152 0 1 0 0 0 0 1182 38726592 0 0 3098128 0 0 0 0 38726592 2097152 38726592 3098128 0
2097152 0 1 0 0 0 0 1182 38726592 0 0 3098128 0 0 0 0 38726592 2097152 38726592 3098128 0
2097152 0 1 0 0 0 0 1182 38726592 0 0 3098128 0 0 0 0 38726592 2097152 38726592 3098128 0
2097152 0 1 0 0 0 0 1182 38726592 0 0 3098128 0 0 0 0 38726592 2097152 38726592 3098128 0
2097152 0 1 0 0 0 0 1182 38726592 0 0 3098128 0 0 0 0 38726592 2097152 38726592 3098128 0
2097152 0 1 0 0 0 0 1182 38726592 0 0 3098128 0 0 0 0 38726592 2097152 38726592 3098128 0
2097152 0 1 0 0 0 0 1182 38726592 0 0 3098128 0 0 0 0 38726592 2097152 38726592 3098128 0
2097152 0 1 0 1 0 0 1276 41824720 3098128 0 6196256 0 0 0 0 41824720 2097152 38726592 3098128 0
2097152 0 1 0 0 0 0 1276 41824720 3098128 0 6196256 0 0 0 0 41824720 2097152 38726592 3098128 0
2097152 0 1 0 0 0 0 1276 41824720 3098128 0 6196256 0 0 0 0 41824720 2097152 38726592 3098128 0
2097152 0 1 0 0 0 0 1276 41824720 3098128 0 6196256 0 0 0 0 41824720 2097152 38726592 3098128 0
2097152 0 1 0 0 0 0 1276 41824720 3098128 0 6196256 0 0 0 0 41824720 2097152 38726592 3098128 0
2097152 0 1 0 0 0 0 1276 41824720 3098128 0 6196256 0 0 0 0 41824720 2097152 38726592 3098128 0
2097152 0 1 0 0 0 0 1276 41824720 3098128 0 6196256 0 0 0 0 41824720 2097152 38726592 3098128 0
2097152 0 1 0 0 0 0 1276 41824720 3098128 0 6196256 0 0 0 0 41824720 2097152 38726592 3098128 0
2097152 0 1 0 0 0 0 1276 41824720 3098128 0 6196256 0 0 0 0 41824720 2097152 38726592 3098128 0
2097152 0 1 0 0 0 0 1276 41824720 3098128 0 6196256 0 0 0 0 41824720 2097152 38726592 3098128 0
2097152 0 1 0 1 1 0 0 44922848 6196256 0 0 0 0 1 1 44922848 2097152 38726592 3098128 0
2097152 0 1 0 0 0 0 0 44922848 6196256 0 0 0 0 1 1 44922848 2097152 38726592 3098128 0
2097152 0 1 0 0 0 0 0 44922848 6196256 0 0 0 0 1 1 44922848 2097152 38726592 3098128 0
2097152 0 1 0 0 0 0 0 44922848 6196256 0 0 0 0 1 1 44922848 2097152 38726592 3098128 0
2097152 0 1 0 0 0 0 0 44922848 6196256 0 0 0 0 1 1 44922848 2097152 38726592 3098128 0
2097152 0 1 0 0 0 0 0 44922848 6196256 0 0 0 0 1 1 44922848 2097152 38726592 3098128 0
2097152 0 1 0 0 0 0 0 44922848 6196256 0 0 0 0 1 1 44922848 2097152 38726592 3098128 0
2097152 0 1 0 0 0 0 0 44922848 6196256 0 0 0 0 1 1 44922848 2097152 38726592 3098128 0
2097152 0 1 0 0 0 0 0 44922848 6196256 0 0 0 0 1 1 44922848 2097152 38726592 3098128 0
2097152 0 1 0 0 0 0 0 44922848 6196256 0 0 0 0 1 1 44922848 2097152 38726592 3098128 0
2097152 0 1 0 1 0 0 1182 38726592 0 0 3098128 0 0 0 0 38726592 2097152 38726592 3098128 0
2097152 0 1 0 0 0 0 1182 38726592 0 0 3098128 0 0 0 0 38726592 2097152 38726592 3098128 0
2097152 0 1 0 0 0 0 1182 38726592 0 0 3098128 0 0 0 0 38726592 2097152 38726592 3098128 0
2097152 0 1 0 0 0 0 1182 38726592 0 0 3098128 0 0 0 0 38726592 2097152 38726592 3098128 0
2097152 0 1 0 0 0 0 1182 38726592 0 0 3098128 0 0 0 0 38726592 2097152 38726592 3098128 0
2097152 0 1 0 0 0 0 1182 38726592 0 0 3098128 0 0 0 0 38726592 2097152 38726592 3098128 0
2097152 0 1 0 0 0 0 1182 38726592 0 0 3098128 0 0 0 0 38726592 2097152 38726592 3098128 0
2097152 0 1 0 0 0 0 1182 38726592 0 0 3098128 0 0 0 0 38726592 2097152 38726592 3098128 0
2097152 0 1 0 0 0 0 1182 38726592 0 0 3098128 0 0 0 0 38726592 2097152 38726592 3098128 0
2097152 0 1 0 0 0 0 1182 38726592 0 0 3098128 0 0 0 0 38726592 2097152 38726592 3098128 0
2097152 0 1 0 1 0 0 1276 41824720 3098128 0 6196256 0 0 0 0 41824720 2097152 38726592 3098128 0
2097152 0 1 0 0 0 0 1276 41824720 3098128 0 6196256 0 0 0 0 41824720 2097152 38726592 3098128 0
2097152 0 1 0 0 0 0 1276 41824720 3098128 0 6196256 0 0 0 0 41824720 2097152 38726592 3098128 0
2097152 0 1 0 0 0 0 1276 41824720 3098128 0 6196256 0 0 0 0 41824720 2097152 38726592 3098128 0
2097152 0 1 0 0 0 0 1276 41824720 3098128 0 6196256 0 0 0 0 41824720 2097152 38726592 3098128 0
2097152 0 1 0 0 0 0 1276 41824720 3098128 0 6196256 0 0 0 0 41824720 2097152 38726592 3098128 0
2097152 0 1 0 0 0 0 1276 41824720 3098128 0 6196256 0 0 0 0 41824720 2097152 38726592 3098128 0
2097152 0 1 0 0 0 0 1276 41824720 3098128 0 6196256 0 0 0 0 41824720 2097152 38726592 3098128 0
2097152 0 1 0 0 0 0 1276 41824720 3098128 0 6196256 0 0 0 0 41824720 2097152 38726592 3098128 0
2097152 0 1 0 0 0 0 1276 41824720 3098128 0 6196256 0 0 0 0 41824720 2097152 38726592 3098128 0
2097152 0 1 0 1 0 1 0 44922848 6196256 0 0 0 0 1 1 44922848 2097152 38726592 3098128 0
2097152 0 1 0 0 0 0 0 44922848 6196256 0 0 0 0 1 1 44922848 2097152 38726592 3098128 0
2097152 0 1 0 0 0 0 0 44922848 6196256 0 0 0 0 1 1 44922848 2097152 38726592 3098128 0
2097152 0 1 0 0 0 0 0 44922848 6196256 0 0 0 0 1 1 44922848 2097152 38726592 3098128 0
2097152 0 1 0 0 0 0 0 44922848 6196256 0 0 0 0 1 1 44922848 2097152 38726592 3098128 0
2097152 0 1 0 0 0 0 0 44922848 6196256 0 0 0 0 1 1 44922848 2097152 38726592 3098128 0
2097152 0 1 0 0 0 0 0 44922848 6196256 0 0 0 0 1 1 44922848 2097152 38726592 3098128 0
2097152 0 1 0 0 0 0 0 44922848 6196256 0 0 0 0 1 1 44922848 2097152 38726592 3098128 0
2097152 0 1 0 0 0 0 0 44922848 6196256 0 0 0 0 1 1 44922848 2097152 38726592 3098128 0
2097152 0 1 0 0 0 0 0 44922848 6196256 0 0 0 0 1 1 44922848 2097152 38726592 3098128 0
2097152 0 1 0 1 0 0 1182 38726592 0 0 3098128 0 0 0 0 38726592 2097152 38726592 3098128 0
129447 -245954 1 0 0 0 0 1182 38726592 0 0 3098128 0 0 0 0 38726592 2097152 38726592 3098128 0
129447 -245954 1 0 0 0 0 1182 38726592 0 0 3098128 0 0 0 0 38726592 2097152 38726592 3098128 0
129447 -245954 1 0 0 0 0 1182 38726592 0 0 3098128 0 0 0 0 38726592 2097152 38726592 3098128 0
129447 -245954 1 0 0 0 0 1182 38726592 0 0 3098128 0 0 0 0 38726592 2097152 38726592 3098128 0
129447 -245954 1 0 0 0 0 1182 38726592 0 0 3098128 0 0 0 0 38726592 2097152 38726592 3098128 0
129447 -245954 1 0 0 0 0 1182 38726592 0 0 3098128 0 0 0 0 38726592 2097152 38726592 3098128 0
129447 -245954 1 0 0 0 0 1182 38726592 0 0 3098128 0 0 0 0 38726592 2097152 38726592 3098128 0
129447 -245954 1 0 0 0 0 1182 38726592 0 0 3098128 0 0 0 0 38726592 2097152 38726592 3098128 0
129447 -245954 1 0 0 0 0 1182 38726592 0 0 3098128 0 0 0 0 38726592 2097152 38726592 3098128 0
129447 -245954 1 0 1 0 0 306 10030387 3098128 0 3652709 0 0 0 0 10030387 375401 6932259 554581 0
129447 -245954 1 0 0 0 0 306 10030387 3098128 0 3652709 0 0 0 0 10030387 375401 6932259 554581 0
129447 -245954 1 0 0 0 0 306 10030387 3098128 0 3652709 0 0 0 0 10030387 375401 6932259 554581 0
129447 -245954 1 0 0 0 0 306 10030387 3098128 0 3652709 0 0 0 0 10030387 375401 6932259 554581 0
129447 -245954 1 0 0 0 0 306 10030387 3098128 0 3652709 0 0 0 0 10030387 375401 6932259 554581 0
129447 -245954 1 0 0 0 0 306 10030387 3098128 0 3652709 0 0 0 0 10030387 375401 6932259 554581 0
129447 -245954 1 0 0 0 0 306 10030387 3098128 0 3652709 0 0 0 0 10030387 375401 6932259 554581 0
129447 -245954 1 0 0 0 0 306 10030387 3098128 0 3652709 0 0 0 0 10030387 375401 6932259 554581 0
129447 -245954 1 0 0 0 0 306 10030387 3098128 0 3652709 0 0 0 0 10030387 375401 6932259 554581 0
129447 -245954 1 0 0 0 0 306 10030387 3098128 0 3652709 0 0 0 0 10030387 375401 6932259 554581 0
129447 -245954 1 0 1 0 0 323 10584968 3652709 0 4207290 0 0 0 0 10584968 375401 6932259 554581 0
129447 -245954 1 0 0 0 0 323 10584968 3652709 0 4207290 0 0 0 0 10584968 375401 6932259 554581 0
129447 -245954 1 0 0 0 0 323 10584968 3652709 0 4207290 0 0 0 0 10584968 375401 6932259 554581 0
129447 -245954 1 0 0 0 0 323 10584968 3652709 0 4207290 0 0 0 0 10584968 375401 6932259 554581 0
129447 -245954 1 0 0 0 0 323 10584968 3652709 0 4207290 0 0 0 0 10584968 375401 6932259 554581 0
129447 -245954 1 0 0 0 0 323 10584968 3652709 0 4207290 0 0 0 0 10584968 375401 6932259 554581 0
129447 -245954 1 0 0 0 0 323 10584968 3652709 0 4207290 0 0 0 0 10584968 375401 6932259 554581 0
129447 -245954 1 0 0 0 0 323 10584968 3652709 0 4207290 0 0 0 0 10584968 375401 6932259 554581 0
129447 -245954 1 0 0 0 0 323 10584968 3652709 0 4207290 0 0 0 0 10584968 375401 6932259 554581 0
129447 -245954 1 0 0 0 0 323 10584968 3652709 0 4207290 0 0 0 0 10584968 375401 6932259 554581 0
129447 -245954 1 0 1 0 0 340 11139549 4207290 0 4761871 0 0 0 0 11139549 375401 6932259 554581 0
129447 -245954 1 0 0 0 0 340 11139549 4207290 0 4761871 0 0 0 0 11139549 375401 6932259 554581 0
129447 -245954 1 0 0 0 0 340 11139549 4207290 0 4761871 0 0 0 0 11139549 375401 6932259 554581 0
129447 -245954 1 0 0 0 0 340 11139549 4207290 0 4761871 0 0 0 0 11139549 375401 6932259 554581 0
129447 -245954 1 0 0 0 0 340 11139549 4207290 0 4761871 0 0 0 0 11139549 375401 6932259 554581 0
129447 -245954 1 0 0 0 0 340 11139549 4207290 0 4761871 0 0 0 0 11139549 375401 6932259 554581 0
129447 -245954 1 0 0 0 0 340 11139549 4207290 0 4761871 0 0 0 0 11139549 375401 6932259 554581 0
129447 -245954 1 0 0 0 0 340 11139549 4207290 0 4761871 0 0 0 0 11139549 375401 6932259 554581 0
129447 -245954 1 0 0 0 0 340 11139549 4207290 0 4761871 0 0 0 0 11139549 375401 6932259 554581 0
129447 -245954 1 0 0 0 0 340 11139549 4207290 0 4761871 0 0 0 0 11139549 375401 6932259 554581 0
129447 -245954 1 0 1 0 0 357 11694130 4761871 0 5316452 0 0 0 0 11694130 375401 6932259 554581 0
129447 -245954 1 0 0 0 0 357 11694130 4761871 0 5316452 0 0 0 0 11694130 375401 6932259 554581 0
129447 -245954 1 0 0 0 0 357 11694130 4761871 0 5316452 0 0 0 0 11694130 375401 6932259 554581 0
129447 -245954 1 0 0 0 0 357 11694130 4761871 0 5316452 0 0 0 0 11694130 375401 6932259 554581 0
129447 -245954 1 0 0 0 0 357 11694130 4761871 0 5316452 0 0 0 0 11694130 375401 6932259 554581 0
129447 -245954 1 0 0 0 0 357 11694130 4761871 0 5316452 0 0 0 0 11694130 375401 6932259 554581 0
129447 -245954 1 0 0 0 0 357 11694130 4761871 0 5316452 0 0 0 0 11694130 375401 6932259 554581 0
129447 -245954 1 0 0 0 0 357 11694130 4761871 0 5316452 0 0 0 0 11694130 375401 6932259 554581 0
129447 -245954 1 0 0 0 0 357 11694130 4761871 0 5316452 0 0 0 0 11694130 375401 6932259 554581 0
129447 -245954 1 0 0 0 0 357 11694130 4761871 0 5316452 0 0 0 0 11694130 375401 6932259 554581 0
129447 -245954 1 0 1 0 0 374 12248711 5316452 0 5871033 0 0 0 0 12248711 375401 6932259 554581 0
129447 -245954 1 0 0 0 0 374 12248711 5316452 0 5871033 0 0 0 0 12248711 375401 6932259 554581 0
129447 -245954 1 0 0 0 0 374 12248711 5316452 0 5871033 0 0 0 0 12248711 375401 6932259 554581 0
129447 -245954 1 0 0 0 0 374 12248711 5316452 0 5871033 0 0 0 0 12248711 375401 6932259 554581 0
129447 -245954 1 0 0 0 0 374 12248711 5316452 0 5871033 0 0 0 0 12248711 375401 6932259 554581 0
129447 -245954 1 0 0 0 0 374 12248711 5316452 0 5871033 0 0 0 0 12248711 375401 6932259 554581 0
129447 -245954 1 0 0 0 0 374 12248711 5316452 0 5871033 0 0 0 0 12248711 375401 6932259 554581 0
129447 -245954 1 0 0 0 0 374 12248711 5316452 0 5871033 0 0 0 0 12248711 375401 6932259 554581 0
129447 -245954 1 0 0 0 0 374 12248711 5316452 0 5871033 0 0 0 0 12248711 375401 6932259 554581 0
129447 -245954 1 0 0 0 0 374 12248711 5316452 0 5871033 0 0 0 0 12248711 375401 6932259 554581 0
129447 -245954 1 0 1 0 0 391 12803292 5871033 0 6425614 0 0 0 0 12803292 375401 6932259 554581 0
129447 -245954 1 0 0 0 0 391 12803292 5871033 0 6425614 0 0 0 0 12803292 375401 6932259 554581 0
129447 -245954 1 0 0 0 0 391 12803292 5871033 0 6425614 0 0 0 0 12803292 375401 6932259 554581 0
129447 -245954 1 0 0 0 0 391 12803292 5871033 0 6425614 0 0 0 0 12803292 375401 6932259 554581 0
129447 -245954 1 0 0 0 0 391 12803292 5871033 0 6425614 0 0 0 0 12803292 375401 6932259 554581 0
129447 -245954 1 0 0 0 0 391 12803292 5871033 0 6425614 0 0 0 0 12803292 375401 6932259 554581 0
129447 -245954 1 0 0 0 0 391 12803292 5871033 0 6425614 0 0 0 0 12803292 375401 6932259 554581 0
129447 -245954 1 0 0 0 0 391 12803292 5871033 0 6425614 0 0 0 0 12803292 375401 6932259 554581 0
129447 -245954 1 0 0 0 0 391 12803292 5871033 0 6425614 0 0 0 0 12803292 375401 6932259 554581 0
129447 -245954 1 0 0 0 0 391 12803292 5871033 0 6425614 0 0 0 0 12803292 375401 6932259 554581 0
129447 -245954 1 0 1 0 0 408 13357873 6425614 0 6980195 0 0 0 0 13357873 375401 6932259 554581 0
129447 -245954 1 0 0 0 0 408 13357873 6425614 0 6980195 0 0 0 0 13357873 375401 6932259 554581 0
129447 -245954 1 0 0 0 0 408 13357873 6425614 0 6980195 0 0 0 0 13357873 375401 6932259 554581 0
129447 -245954 1 0 0 0 0 408 13357873 6425614 0 6980195 0 0 0 0 13357873 375401 6932259 554581 0
129447 -245954 1 0 0 0 0 408 13357873 6425614 0 6980195 0 0 0 0 13357873 375401 6932259 554581 0
129447 -245954 1 0 0 0 0 408 13357873 6425614 0 6980195 0 0 0 0 13357873 375401 6932259 554581 0
129447 -245954 1 0 0 0 0 408 13357873 6425614 0 6980195 0 0 0 0 13357873 375401 6932259 554581 0
129447 -245954 1 0 0 0 0 408 13357873 6425614 0 6980195 0 0 0 0 13357873 375401 6932259 554581 0
129447 -245954 1 0 0 0 0 408 13357873 6425614 0 6980195 0 0 0 0 13357873 375401 6932259 554581 0
129447 -245954 1 0 0 0 0 408 13357873 6425614 0 6980195 0 0 0 0 13357873 375401 6932259 554581 0
129447 -245954 1 0 1 0 0 425 13912454 6980195 0 7534776 0 0 0 0 13912454 375401 6932259 554581 0
129447 -245954 1 0 0 0 0 425 13912454 6980195 0 7534776 0 0 0 0 13912454 375401 6932259 554581 0
129447 -245954 1 0 0 0 0 425 13912454 6980195 0 7534776 0 0 0 0 13912454 375401 6932259 554581 0
129447 -245954 1 0 0 0 0 425 13912454 6980195 0 7534776 0 0 0 0 13912454 375401 6932259 554581 0
129447 -245954 1 0 0 0 0 425 13912454 6980195 0 7534776 0 0 0 0 13912454 375401 6932259 554581 0
129447 -245954 1 0 0 0 0 425 13912454 6980195 0 7534776 0 0 0 0 13912454 375401 6932259 554581 0
129447 -245954 1 0 0 0 0 425 13912454 6980195 0 7534776 0 0 0 0 13912454 375401 6932259 554581 0
129447 -245954 1 0 0 0 0 425 13912454 6980195 0 7534776 0 0 0 0 13912454 375401 6932259 554581 0
129447 -245954 1 0 0 0 0 425 13912454 6980195 0 7534776 0 0 0 0 13912454 375401 6932259 554581 0
129447 -245954 1 0 0 0 0 425 13912454 6980195 0 7534776 0 0 0 0 13912454 375401 6932259 554581 0
129447 -245954 1 0 1 0 0 441 14467035 7534776 0 8089357 0 0 0 0 14467035 375401 6932259 554581 0
524288 10485760 1 0 0 0 0 441 14467035 7534776 0 8089357 0 0 0 0 14467035 375401 6932259 554581 0
524288 10485760 1 0 0 0 0 441 14467035 7534776 0 8089357 0 0 0 0 14467035 375401 6932259 554581 0
524288 10485760 1 0 0 0 0 441 14467035 7534776 0 8089357 0 0 0 0 14467035 375401 6932259 554581 0
524288 10485760 1 0 0 0 0 441 14467035 7534776 0 8089357 0 0 0 0 14467035 375401 6932259 554581 0
524288 10485760 1 0 0 0 0 441 14467035 7534776 0 8089357 0 0 0 0 14467035 375401 6932259 554581 0
524288 10485760 1 0 0 0 0 441 14467035 7534776 0 8089357 0 0 0 0 14467035 375401 6932259 554581 0
524288 10485760 1 0 0 0 0 441 14467035 7534776 0 8089357 0 0 0 0 14467035 375401 6932259 554581 0
524288 10485760 1 0 0 0 0 441 14467035 7534776 0 8089357 0 0 0 0 14467035 375401 6932259 554581 0
524288 10485760 1 0 0 0 0 441 14467035 7534776 0 8089357 0 0 0 0 14467035 375401 6932259 554581 0
524288 10485760 1 0 1 0 0 -5367 -175861955 8089357 0 -6626751 0 0 0 0 -175861955 -9961472 -183951312 -14716108 0
524288 10485760 1 0 0 0 0 -5367 -175861955 8089357 0 -6626751 0 0 0 0 -175861955 -9961472 -183951312 -14716108 0
524288 10485760 1 0 0 0 0 -5367 -175861955 8089357 0 -6626751 0 0 0 0 -175861955 -9961472 -183951312 -14716108 0
524288 10485760 1 0 0 0 0 -5367 -175861955 8089357 0 -6626751 0 0 0 0 -175861955 -9961472 -183951312 -14716108 0
524288 10485760 1 0 0 0 0 -5367 -175861955 8089357 0 -6626751 0 0 0 0 -175861955 -9961472 -183951312 -14716108 0
524288 10485760 1 0 0 0 0 -5367 -175861955 8089357 0 -6626751 0 0 0 0 -175861955 -9961472 -183951312 -14716108 0
524288 10485760 1 0 0 0 0 -5367 -175861955 8089357 0 -6626751 0 0 0 0 -175861955 -9961472 -183951312 -14716108 0
524288 10485760 1 0 0 0 0 -5367 -175861955 8089357 0 -6626751 0 0 0 0 -175861955 -9961472 -183951312 -14716108 0
524288 10485760 1 0 0 0 0 -5367 -175861955 8089357 0 -6626751 0 0 0 0 -175861955 -9961472 -183951312 -14716108 0
524288 10485760 1 0 0 0 0 -5367 -175861955 8089357 0 -6626751 0 0 0 0 -175861955 -9961472 -183951312 -14716108 0
524288 10485760 1 0 1 0 0 -5816 -190578063 -6626751 0 -21342859 0 0 0 0 -190578063 -9961472 -183951312 -14716108 0
524288 10485760 1 0 0 0 0 -5816 -190578063 -6626751 0 -21342859 0 0 0 0 -190578063 -9961472 -183951312 -14716108 0
524288 10485760 1 0 0 0 0 -5816 -190578063 -6626751 0 -21342859 0 0 0 0 -190578063 -9961472 -183951312 -14716108 0
524288 10485760 1 0 0 0 0 -5816 -190578063 -6626751 0 -21342859 0 0 0 0 -190578063 -9961472 -183951312 -14716108 0
524288 10485760 1 0 0 0 0 -5816 -190578063 -6626751 0 -21342859 0 0 0 0 -190578063 -9961472 -183951312 -14716108 0
524288 10485760 1 0 0 0 0 -5816 -190578063 -6626751 0 -21342859 0 0 0 0 -190578063 -9961472 -183951312 -14716108 0
524288 10485760 1 0 0 0 0 -5816 -190578063 -6626751 0 -21342859 0 0 0 0 -190578063 -9961472 -183951312 -14716108 0
524288 10485760 1 0 0 0 0 -5816 -190578063 -6626751 0 -21342859 0 0 0 0 -190578063 -9961472 -183951312 -14716108 0
524288 10485760 1 0 0 0 0 -5816 -190578063 -6626751 0 -21342859 0 0 0 0 -190578063 -9961472 -183951312 -14716108 0
524288 10485760 1 0 0 0 0 -5816 -190578063 -6626751 0 -21342859 0 0 0 0 -190578063 -9961472 -183951312 -14716108 0
524288 10485760 1 0 1 0 0 -6265 -205294171 -21342859 0 -36058967 0 0 0 0 -205294171 -9961472 -183951312 -14716108 0
524288 10485760 1 0 0 0 0 -6265 -205294171 -21342859 0 -36058967 0 0 0 0 -205294171 -9961472 -183951312 -14716108 0
524288 10485760 1 0 0 0 0 -6265 -205294171 -21342859 0 -36058967 0 0 0 0 -205294171 -9961472 -183951312 -14716108 0
524288 10485760 1 0 0 0 0 -6265 -205294171 -21342859 0 -36058967 0 0 0 0 -205294171 -9961472 -183951312 -14716108 0
524288 10485760 1 0 0 0 0 -6265 -205294171 -21342859 0 -36058967 0 0 0 0 -205294171 -9961472 -183951312 -14716108 0
524288 10485760 1 0 0 0 0 -6265 -205294171 -21342859 0 -36058967 0 0 0 0 -205294171 -9961472 -183951312 -14716108 0
524288 10485760 1 0 0 0 0 -6265 -205294171 -21342859 0 -36058967 0 0 0 0 -205294171 -9961472 -183951312 -14716108 0
524288 10485760 1 0 0 0 0 -6265 -205294171 -21342859 0 -36058967 0 0 0 0 -205294171 -9961472 -183951312 -14716108 0
524288 10485760 1 0 0 0 0 -6265 -205294171 -21342859 0 -36058967 0 0 0 0 -205294171 -9961472 -183951312 -14716108 0
524288 10485760 1 0 0 0 0 -6265 -205294171 -21342859 0 -36058967 0 0 0 0 -205294171 -9961472 -183951312 -14716108 0
524288 10485760 1 0 1 0 0 -6714 -220010279 -36058967 0 -50775075 0 0 0 0 -220010279 -9961472 -183951312 -14716108 0
5242880 8388608 1 0 0 0 0 -6714 -220010279 -36058967 0 -50775075 0 0 0 0 -220010279 -9961472 -183951312 -14716108 0
5242880 8388608 1 0 0 0 0 -6714 -220010279 -36058967 0 -50775075 0 0 0 0 -220010279 -9961472 -183951312 -14716108 0
5242880 8388608 1 0 0 0 0 -6714 -220010279 -36058967 0 -50775075 0 0 0 0 -220010279 -9961472 -183951312 -14716108 0
5242880 8388608 1 0 0 0 0 -6714 -220010279 -36058967 0 -50775075 0 0 0 0 -220010279 -9961472 -183951312 -14716108 0
5242880 8388608 1 0 0 0 0 -6714 -220010279 -36058967 0 -50775075 0 0 0 0 -220010279 -9961472 -183951312 -14716108 0
5242880 8388608 1 0 0 0 0 -6714 -220010279 -36058967 0 -50775075 0 0 0 0 -220010279 -9961472 -183951312 -14716108 0
5242880 8388608 1 0 0 0 0 -6714 -220010279 -36058967 0 -50775075 0 0 0 0 -220010279 -9961472 -183951312 -14716108 0
5242880 8388608 1 0 0 0 0 -6714 -220010279 -36058967 0 -50775075 0 0 0 0 -220010279 -9961472 -183951312 -14716108 0
5242880 8388608 1 0 0 0 0 -6714 -220010279 -36058967 0 -50775075 0 0 0 0 -220010279 -9961472 -183951312 -14716108 0
5242880 8388608 1 0 1 0 0 -3322 -108864963 -50775075 0 -55422267 0 0 0 0 -108864963 -3145728 -58089888 -4647192 0
5242880 8388608 1 0 0 0 0 -3322 -108864963 -50775075 0 -55422267 0 0 0 0 -108864963 -3145728 -58089888 -4647192 0
5242880 8388608 1 0 0 0 0 -3322 -108864963 -50775075 0 -55422267 0 0 0 0 -108864963 -3145728 -58089888 -4647192 0
5242880 8388608 1 0 0 0 0 -3322 -108864963 -50775075 0 -55422267 0 0 0 0 -108864963 -3145728 -58089888 -4647192 0
5242880 8388608 1 0 0 0 0 -3322 -108864963 -50775075 0 -55422267 0 0 0 0 -108864963 -3145728 -58089888 -4647192 0
5242880 8388608 1 0 0 0 0 -3322 -108864963 -50775075 0 -55422267 0 0 0 0 -108864963 -3145728 -58089888 -4647192 0
5242880 8388608 1 0 0 0 0 -3322 -108864963 -50775075 0 -55422267 0 0 0 0 -108864963 -3145728 -58089888 -4647192 0
5242880 8388608 1 0 0 0 0 -3322 -108864963 -50775075 0 -55422267 0 0 0 0 -108864963 -3145728 -58089888 -4647192 0
5242880 8388608 1 0 0 0 0 -3322 -108864963 -50775075 0 -55422267 0 0 0 0 -108864963 -3145728 -58089888 -4647192 0
5242880 8388608 1 0 0 0 0 -3322 -108864963 -50775075 0 -55422267 0 0 0 0 -108864963 -3145728 -58089888 -4647192 0
5242880 8388608 1 0 1 0 0 -3464 -113512155 -55422267 0 -60069459 0 0 0 0 -113512155 -3145728 -58089888 -4647192 0
5242880 8388608 1 0 0 0 0 -3464 -113512155 -55422267 0 -60069459 0 0 0 0 -113512155 -3145728 -58089888 -4647192 0
5242880 8388608 1 0 0 0 0 -3464 -113512155 -55422267 0 -60069459 0 0 0 0 -113512155 -3145728 -58089888 -4647192 0
5242880 8388608 1 0 0 0 0 -3464 -113512155 -55422267 0 -60069459 0 0 0 0 -113512155 -3145728 -58089888 -4647192 0
5242880 8388608 1 0 0 0 0 -3464 -113512155 -55422267 0 -60069459 0 0 0 0 -113512155 -3145728 -58089888 -4647192 0
5242880 8388608 1 0 0 0 0 -3464 -113512155 -55422267 0 -60069459 0 0 0 0 -113512155 -3145728 -58089888 -4647192 0
5242880 8388608 1 0 0 0 0 -3464 -113512155 -55422267 0 -60069459 0 0 0 0 -113512155 -3145728 -58089888 -4647192 0
5242880 8388608 1 0 0 0 0 -3464 -113512155 -55422267 0 -60069459 0 0 0 0 -113512155 -3145728 -58089888 -4647192 0
5242880 8388608 1 0 0 0 0 -3464 -113512155 -55422267 0 -60069459 0 0 0 0 -113512155 -3145728 -58089888 -4647192 0
5242880 8388608 1 0 0 0 0 -3464 -113512155 -55422267 0 -60069459 0 0 0 0 -113512155 -3145728 -58089888 -4647192 0
5242880 8388608 1 0 1 0 0 -3606 -118159347 -60069459 0 -64716651 0 0 0 0 -118159347 -3145728 -58089888 -4647192 0
5242880 8388608 1 0 0 0 0 -3606 -118159347 -60069459 0 -64716651 0 0 0 0 -118159347 -3145728 -58089888 -4647192 0
5242880 8388608 1 0 0 0 0 -3606 -118159347 -60069459 0 -64716651 0 0 0 0 -118159347 -3145728 -58089888 -4647192 0
5242880 8388608 1 0 0 0 0 -3606 -118159347 -60069459 0 -64716651 0 0 0 0 -118159347 -3145728 -58089888 -4647192 0
5242880 8388608 1 0 0 0 0 -3606 -118159347 -60069459 0 -64716651 0 0 0 0 -118159347 -3145728 -58089888 -4647192 0
5242880 8388608 1 0 0 0 0 -3606 -118159347 -60069459 0 -64716651 0 0 0 0 -118159347 -3145728 -58089888 -4647192 0
5242880 8388608 1 0 0 0 0 -3606 -118159347 -60069459 0 -64716651 0 0 0 0 -118159347 -3145728 -58089888 -4647192 0
5242880 8388608 1 0 0 0 0 -3606 -118159347 -60069459 0 -64716651 0 0 0 0 -118159347 -3145728 -58089888 -4647192 0
5242880 8388608 1 0 0 0 0 -3606 -118159347 -60069459 0 -64716651 0 0 0 0 -118159347 -3145728 -58089888 -4647192 0
5242880 8388608 1 0 0 0 0 -3606 -118159347 -60069459 0 -64716651 0 0 0 0 -118159347 -3145728 -58089888 -4647192 0
5242880 8388608 1 0 1 0 0 -3748 -122806539 -64716651 0 -69363843 0 0 0 0 -122806539 -3145728 -58089888 -4647192 0
5242880 8388713 1 0 0 0 0 -3748 -122806539 -64716651 0 -69363843 0 0 0 0 -122806539 -3145728 -58089888 -4647192 0
5242880 8388713 1 0 0 0 0 -3748 -122806539 -64716651 0 -69363843 0 0 0 0 -122806539 -3145728 -58089888 -4647192 0
5242880 8388713 1 0 0 0 0 -3748 -122806539 -64716651 0 -69363843 0 0 0 0 -122806539 -3145728 -58089888 -4647192 0
5242880 8388713 1 0 0 0 0 -3748 -122806539 -64716651 0 -69363843 0 0 0 0 -122806539 -3145728 -58089888 -4647192 0
5242880 8388713 1 0 0 0 0 -3748 -122806539 -64716651 0 -69363843 0 0 0 0 -122806539 -3145728 -58089888 -4647192 0
5242880 8388713 1 0 0 0 0 -3748 -122806539 -64716651 0 -69363843 0 0 0 0 -122806539 -3145728 -58089888 -4647192 0
5242880 8388713 1 0 0 0 0 -3748 -122806539 -64716651 0 -69363843 0 0 0 0 -122806539 -3145728 -58089888 -4647192 0
5242880 8388713 1 0 0 0 0 -3748 -122806539 -64716651 0 -69363843 0 0 0 0 -122806539 -3145728 -58089888 -4647192 0
5242880 8388713 1 0 0 0 0 -3748 -122806539 -64716651 0 -69363843 0 0 0 0 -122806539 -3145728 -58089888 -4647192 0
5242880 8388713 1 0 1 0 0 -3890 -127455670 -69363843 0 0 0 0 0 1 -127455670 -3145833 -58091827 -4647347 0
5242880 8388713 1 0 0 0 0 -3890 -127455670 -69363843 0 0 0 0 0 1 -127455670 -3145833 -58091827 -4647347 0
5242880 8388713 1 0 0 0 0 -3890 -127455670 -69363843 0 0 0 0 0 1 -127455670 -3145833 -58091827 -4647347 0
5242880 8388713 1 0 0 0 0 -3890 -127455670 -69363843 0 0 0 0 0 1 -127455670 -3145833 -58091827 -4647347 0
5242880 8388713 1 0 0 0 0 -3890 -127455670 -69363843 0 0 0 0 0 1 -127455670 -3145833 -58091827 -4647347 0
5242880 8388713 1 0 0 0 0 -3890 -127455670 -69363843 0 0 0 0 0 1 -127455670 -3145833 -58091827 -4647347 0
5242880 8388713 1 0 0 0 0 -3890 -127455670 -69363843 0 0 0 0 0 1 -127455670 -3145833 -58091827 -4647347 0
5242880 8388713 1 0 0 0 0 -3890 -127455670 -69363843 0 0 0 0 0 1 -127455670 -3145833 -58091827 -4647347 0
5242880 8388713 1 0 0 0 0 -3890 -127455670 -69363843 0 0 0 0 0 1 -127455670 -3145833 -58091827 -4647347 0
5242880 8388713 1 0 0 0 0 -3890 -127455670 -69363843 0 0 0 0 0 1 -127455670 -3145833 -58091827 -4647347 0
5242880 8388713 1 0 1 0 0 -1773 -58091827 0 0 0 0 0 0 1 -58091827 -3145833 -58091827 -4647347 0
5242880 8388713 1 0 0 0 0 -1773 -58091827 0 0 0 0 0 0 1 -58091827 -3145833 -58091827 -4647347 0
5242880 8388713 1 0 0 0 0 -1773 -58091827 0 0 0 0 0 0 1 -58091827 -3145833 -58091827 -4647347 0
5242880 8388713 1 0 0 0 0 -1773 -58091827 0 0 0 0 0 0 1 -58091827 -3145833 -58091827 -4647347 0
5242880 8388713 1 0 0 0 0 -1773 -58091827 0 0 0 0 0 0 1 -58091827 -3145833 -58091827 -4647347 0
5242880 8388713 1 0 0 0 0 -1773 -58091827 0 0 0 0 0 0 1 -58091827 -3145833 -58091827 -4647347 0
5242880 8388713 1 0 0 0 0 -1773 -58091827 0 0 0 0 0 0 1 -58091827 -3145833 -58091827 -4647347 0
5242880 8388713 1 0 0 0 0 -1773 -58091827 0 0 0 0 0 0 1 -58091827 -3145833 -58091827 -4647347 0
5242880 8388713 1 0 0 0 0 -1773 -58091827 0 0 0 0 0 0 1 -58091827 -3145833 -58091827 -4647347 0
5242880 8388713 1 0 0 0 0 -1773 -58091827 0 0 0 0 0 0 1 -58091827 -3145833 -58091827 -4647347 0
5242880 8388713 1 0 1 0 0 -1773 -58091827 0 0 0 0 0 0 1 -58091827 -3145833 -58091827 -4647347 0
129447 -245954 1 0 0 0 0 -1773 -58091827 0 0 0 0 0 0 1 -58091827 -3145833 -58091827 -4647347 0
129447 -245954 1 0 0 0 0 -1773 -58091827 0 0 0 0 0 0 1 -58091827 -3145833 -58091827 -4647347 0
129447 -245954 1 0 0 0 0 -1773 -58091827 0 0 0 0 0 0 1 -58091827 -3145833 -58091827 -4647347 0
129447 -245954 1 0 0 0 0 -1773 -58091827 0 0 0 0 0 0 1 -58091827 -3145833 -58091827 -4647347 0
129447 -245954 1 0 0 0 0 -1773 -58091827 0 0 0 0 0 0 1 -58091827 -3145833 -58091827 -4647347 0
129447 -245954 1 0 0 0 0 -1773 -58091827 0 0 0 0 0 0 1 -58091827 -3145833 -58091827 -4647347 0
129447 -245954 1 0 0 0 0 -1773 -58091827 0 0 0 0 0 0 1 -58091827 -3145833 -58091827 -4647347 0
129447 -245954 1 0 0 0 0 -1773 -58091827 0 0 0 0 0 0 1 -58091827 -3145833 -58091827 -4647347 0
129447 -245954 1 0 0 0 0 -1773 -58091827 0 0 0 0 0 0 1 -58091827 -3145833 -58091827 -4647347 0
129447 -245954 1 0 1 0 0 212 6932259 0 0 554581 0 0 0 0 6932259 375401 6932259 554581 0
129447 -245954 1 0 0 0 0 212 6932259 0 0 554581 0 0 0 0 6932259 375401 6932259 554581 0
129447 -245954 1 0 0 0 0 212 6932259 0 0 554581 0 0 0 0 6932259 375401 6932259 554581 0
129447 -245954 1 0 0 0 0 212 6932259 0 0 554581 0 0 0 0 6932259 375401 6932259 554581 0
129447 -245954 1 0 0 0 0 212 6932259 0 0 554581 0 0 0 0 6932259 375401 6932259 554581 0
129447 -245954 1 0 0 0 0 212 6932259 0 0 554581 0 0 0 0 6932259 375401 6932259 554581 0
129447 -245954 1 0 0 0 0 212 6932259 0 0 554581 0 0 0 0 6932259 375401 6932259 554581 0
129447 -245954 1 0 0 0 0 212 6932259 0 0 554581 0 0 0 0 6932259 375401 6932259 554581 0
129447 -245954 1 0 0 0 0 212 6932259 0 0 554581 0 0 0 0 6932259 375401 6932259 554581 0
129447 -245954 1 0 0 0 0 212 6932259 0 0 554581 0 0 0 0 6932259 375401 6932259 554581 0
129447 -245954 1 0 1 0 0 228 7486840 554581 0 1109162 0 0 0 0 7486840 375401 6932259 554581 0
129447 -245954 1 0 0 0 0 228 7486840 554581 0 1109162 0 0 0 0 7486840 375401 6932259 554581 0
129447 -245954 1 0 0 0 0 228 7486840 554581 0 1109162 0 0 0 0 7486840 375401 6932259 554581 0
129447 -245954 1 0 0 0 0 228 7486840 554581 0 1109162 0 0 0 0 7486840 375401 6932259 554581 0
129447 -245954 1 0 0 0 0 228 7486840 554581 0 1109162 0 0 0 0 7486840 375401 6932259 554581 0
129447 -245954 1 0 0 0 0 228 7486840 554581 0 1109162 0 0 0 0 7486840 375401 6932259 554581 0
129447 -245954 1 0 0 0 0 228 7486840 554581 0 1109162 0 0 0 0 7486840 375401 6932259 554581 0
129447 -245954 1 0 0 0 0 228 7486840 554581 0 1109162 0 0 0 0 7486840 375401 6932259 554581 0
129447 -245954 1 0 0 0 0 228 7486840 554581 0 1109162 0 0 0 0 7486840 375401 6932259 554581 0
129447 -245954 1 0 0 0 0 228 7486840 554581 0 1109162 0 0 0 0 7486840 375401 6932259 554581 0
129447 -245954 1 0 1 0 0 245 8041421 1109162 0 1663743 0 0 0 0 8041421 375401 6932259 554581 0
129447 -245954 1 0 0 0 0 245 8041421 1109162 0 1663743 0 0 0 0 8041421 375401 6932259 554581 0
129447 -245954 1 0 0 0 0 245 8041421 1109162 0 1663743 0 0 0 0 8041421 375401 6932259 554581 0
129447 -245954 1 0 0 0 0 245 8041421 1109162 0 1663743 0 0 0 0 8041421 375401 6932259 554581 0
129447 -245954 1 0 0 0 0 245 8041421 1109162 0 1663743 0 0 0 0 8041421 375401 6932259 554581 0
129447 -245954 1 0 0 0 0 245 8041421 1109162 0 1663743 0 0 0 0 8041421 375401 6932259 554581 0
129447 -245954 1 0 0 0 0 245 8041421 1109162 0 1663743 0 0 0 0 8041421 375401 6932259 554581 0
129447 -245954 1 0 0 0 0 245 8041421 1109162 0 1663743 0 0 0 0 8041421 375401 6932259 554581 0
129447 -245954 1 0 0 0 0 245 8041421 1109162 0 1663743 0 0 0 0 8041421 375401 6932259 554581 0
129447 -245954 1 0 0 0 0 245 8041421 1109162 0 1663743 0 0 0 0 8041421 375401 6932259 554581 0
129447 -245954 1 0 1 0 0 262 8596002 1663743 0 2218324 0 0 0 0 8596002 375401 6932259 554581 0
129447 -245954 1 0 0 0 0 262 8596002 1663743 0 2218324 0 0 0 0 8596002 375401 6932259 554581 0
129447 -245954 1 0 0 0 0 262 8596002 1663743 0 2218324 0 0 0 0 8596002 375401 6932259 554581 0
129447 -245954 1 0 0 0 0 262 8596002 1663743 0 2218324 0 0 0 0 8596002 375401 6932259 554581 0
129447 -245954 1 0 0 0 0 262 8596002 1663743 0 2218324 0 0 0 0 8596002 375401 6932259 554581 0
129447 -245954 1 0 0 0 0 262 8596002 1663743 0 2218324 0 0 0 0 8596002 375401 6932259 554581 0
129447 -245954 1 0 0 0 0 262 8596002 1663743 0 2218324 0 0 0 0 8596002 375401 6932259 554581 0
129447 -245954 1 0 0 0 0 262 8596002 1663743 0 2218324 0 0 0 0 8596002 375401 6932259 554581 0
129447 -245954 1 0 0 0 0 262 8596002 1663743 0 2218324 0 0 0 0 8596002 375401 6932259 554581 0
129447 -245954 1 0 0 0 0 262 8596002 1663743 0 2218324 0 0 0 0 8596002 375401 6932259 554581 0
129447 -245954 1 0 1 0 0 279 9150583 2218324 0 2772905 0 0 0 0 9150583 375401 6932259 554581 0
129447 -245954 1 0 0 0 0 279 9150583 2218324 0 2772905 0 0 0 0 9150583 375401 6932259 554581 0
129447 -245954 1 0 0 0 0 279 9150583 2218324 0 2772905 0 0 0 0 9150583 375401 6932259 554581 0
129447 -245954 1 0 0 0 0 279 9150583 2218324 0 2772905 0 0 0 0 9150583 375401 6932259 554581 0
129447 -245954 1 0 0 0 0 279 9150583 2218324 0 2772905 0 0 0 0 9150583 375401 6932259 554581 0
129447 -245954 1 0 0 0 0 279 9150583 2218324 0 2772905 0 0 0 0 9150583 375401 6932259 554581 0
129447 -245954 1 0 0 0 0 279 9150583 2218324 0 2772905 0 0 0 0 9150583 375401 6932259 554581 0
129447 -245954 1 0 0 0 0 279 9150583 2218324 0 2772905 0 0 0 0 9150583 375401 6932259 554581 0
129447 -245954 1 0 0 0 0 279 9150583 2218324 0 2772905 0 0 0 0 9150583 375401 6932259 554581 0
129447 -245954 1 0 0 0 0 279 9150583 2218324 0 2772905 0 0 0 0 9150583 375401 6932259 554581 0
129447 -245954 1 0 1 0 0 296 9705164 2772905 0 3327486 0 0 0 0 9705164 375401 6932259 554581 0
129447 -245954 1 0 0 0 0 296 9705164 2772905 0 3327486 0 0 0 0 9705164 375401 6932259 554581 0
129447 -245954 1 0 0 0 0 296 9705164 2772905 0 3327486 0 0 0 0 9705164 375401 6932259 554581 0
129447 -245954 1 0 0 0 0 296 9705164 2772905 0 3327486 0 0 0 0 9705164 375401 6932259 554581 0
129447 -245954 1 0 0 0 0 296 9705164 2772905 0 3327486 0 0 0 0 9705164 375401 6932259 554581 0
129447 -245954 1 0 0 0 0 296 9705164 2772905 0 3327486 0 0 0 0 9705164 375401 6932259 554581 0
129447 -245954 1 0 0 0 0 296 9705164 2772905 0 3327486 0 0 0 0 9705164 375401 6932259 554581 0
129447 -245954 1 0 0 0 0 296 9705164 2772905 0 3327486 0 0 0 0 9705164 375401 6932259 554581 0
129447 -245954 1 0 0 0 0 296 9705164 2772905 0 3327486 0 0 0 0 9705164 375401 6932259 554581 0
129447 -245954 1 0 0 0 0 296 9705164 2772905 0 3327486 0 0 0 0 9705164 375401 6932259 554581 0
129447 -245954 1 0 1 0 0 313 10259745 3327486 0 3882067 0 0 0 0 10259745 375401 6932259 554581 0
