0 0 1 0 0 0 0 0 0 0 0 0 0 0 0 0 0 0 0 0 0
-2147483648 -2147483648 1 1 1 0 0 0 0 0 0 0 0 0 1 1 0 0 0 0 0
0 0 1 0 0 0 0 0 0 0 0 0 0 0 1 1 0 0 0 0 0
-2147483647 -2147483648 1 0 1 0 0 0 18 0 0 1 0 0 0 0 18 1 18 1 0
0 0 1 0 0 0 0 0 18 0 0 1 0 0 0 0 18 1 18 1 0
-8388609 -2147483648 1 0 1 0 0 32768 39501123823 1 1 0 0 38427381999 0 1 1073741824 2139095039 39501123822 3160090559 0
0 0 1 0 0 0 0 32768 39501123823 1 1 0 0 38427381999 0 1 1073741824 2139095039 39501123822 3160090559 0
-8388608 -2147483648 1 0 1 0 0 32768 39501123840 0 1 0 38427381999 38427382016 0 1 1073741824 2139095040 39501123840 3160090560 3074190563
0 0 1 0 0 0 0 32768 39501123840 0 1 0 38427381999 38427382016 0 1 1073741824 2139095040 39501123840 3160090560 3074190563
-8388607 -2147483648 1 0 1 0 0 32768 39501123858 0 1 0 38427382016 38427382034 0 1 1073741824 2139095041 39501123858 3160090561 3074190564
0 0 1 0 0 0 0 32768 39501123858 0 1 0 38427382016 38427382034 0 1 1073741824 2139095041 39501123858 3160090561 3074190564
-3670017 -2147483648 1 0 1 0 0 32768 39588258654 0 1 0 38427382034 38514516830 0 1 1073741824 2143813631 39588258654 3167061347 3074190566
0 0 1 0 0 0 0 32768 39588258654 0 1 0 38427382034 38514516830 0 1 1073741824 2143813631 39588258654 3167061347 3074190566
-3670016 -2147483648 0 0 1 0 0 0 39588258672 0 1 0 38514516830 38514516848 1 1 1073741824 2143813632 39588258672 3167061348 3081161349
0 0 1 0 0 0 0 0 39588258672 0 1 0 38514516830 38514516848 1 1 1073741824 2143813632 39588258672 3167061348 3081161349
-3670015 -2147483648 1 0 1 0 0 32768 39588258690 0 1 0 38514516848 38514516866 0 1 1073741824 2143813633 39588258690 3167061349 3081161351
0 0 1 0 0 0 0 32768 39588258690 0 1 0 38514516848 38514516866 0 1 1073741824 2143813633 39588258690 3167061349 3081161351
-3145729 -2147483648 1 0 1 0 0 32768 39597940302 0 1 0 38514516866 38524198478 0 1 1073741824 2144337919 39597940302 3167835879 3081161352
0 0 1 0 0 0 0 32768 39597940302 0 1 0 38514516866 38524198478 0 1 1073741824 2144337919 39597940302 3167835879 3081161352
-3145728 -2147483648 1 0 1 0 0 32768 39597940320 0 1 0 38524198478 38524198496 0 1 1073741824 2144337920 39597940320 3167835880 3081935881
0 0 1 0 0 0 0 32768 39597940320 0 1 0 38524198478 38524198496 0 1 1073741824 2144337920 39597940320 3167835880 3081935881
-3145727 -2147483648 1 0 1 1 0 0 39597940338 0 1 0 38524198496 38524198514 1 1 1073741824 2144337921 39597940338 3167835881 3081935883
0 0 1 0 0 0 0 0 39597940338 0 1 0 38524198496 38524198514 1 1 1073741824 2144337921 39597940338 3167835881 3081935883
-524289 -2147483648 1 0 1 0 0 32768 39646348542 0 1 0 38524198514 38572606718 0 1 1073741824 2146959359 39646348542 3171708539 3081935884
0 0 1 0 0 0 0 32768 39646348542 0 1 0 38524198514 38572606718 0 1 1073741824 2146959359 39646348542 3171708539 3081935884
-524288 -2147483648 1 0 1 0 0 32768 39646348560 0 1 85900000 38572606718 38572606736 0 0 1073741824 2146959360 39646348560 3171708540 3085808540
0 0 1 0 0 0 0 32768 39646348560 0 1 85900000 38572606718 38572606736 0 0 1073741824 2146959360 39646348560 3171708540 3085808540
-524287 -2147483648 1 0 1 0 0 32768 39732248578 85900000 1 171799999 38572606736 38658506754 0 0 1073741824 2146959361 39646348578 3171708541 3085808542
0 0 1 0 0 0 0 32768 39732248578 85900000 1 171799999 38572606736 38658506754 0 0 1073741824 2146959361 39646348578 3171708541 3085808542
-1 -2147483648 1 0 1 0 0 32768 39827830189 171799999 1 251602527 38658506754 38754088365 0 0 1073741824 2147483647 39656030190 3172483071 3092680543
0 0 1 0 0 0 0 32768 39827830189 171799999 1 251602527 38658506754 38754088365 0 0 1073741824 2147483647 39656030190 3172483071 3092680543
0 -2147483648 1 0 1 0 0 32768 39907632735 251602527 1 323758527 38754088365 38833890911 0 0 1073741824 2147483648 39656030208 3172483072 3100327072
0 0 1 0 0 0 0 32768 39907632735 251602527 1 323758527 38754088365 38833890911 0 0 1073741824 2147483648 39656030208 3172483072 3100327072
1 -2147483648 1 0 1 0 1 0 39979788753 323758527 1 0 38833890911 38906046929 1 1 1073741824 2147483649 39656030226 3172483073 3106711276
0 0 1 0 0 0 0 0 39979788753 323758527 1 0 38833890911 38906046929 1 1 1073741824 2147483649 39656030226 3172483073 3106711276
524287 -2147483648 1 0 1 0 0 32768 39665711838 0 1 60773846 38906046929 38591970014 0 0 1073741824 2148007935 39665711838 3173257603 3112483757
0 0 1 0 0 0 0 32768 39665711838 0 1 60773846 38906046929 38591970014 0 0 1073741824 2148007935 39665711838 3173257603 3112483757
524288 -2147483648 1 0 1 0 0 32768 39726485702 60773846 1 146673846 38591970014 38652743878 0 0 1073741824 2148007936 39665711856 3173257604 3087357604
0 0 1 0 0 0 0 32768 39726485702 60773846 1 146673846 38591970014 38652743878 0 0 1073741824 2148007936 39665711856 3173257604 3087357604
524289 -2147483648 1 0 1 0 0 32768 39812385720 146673846 1 227711938 38652743878 38738643896 0 0 1073741824 2148007937 39665711874 3173257605 3092219513
0 0 1 0 0 0 0 32768 39812385720 146673846 1 227711938 38652743878 38738643896 0 0 1073741824 2148007937 39665711874 3173257605 3092219513
3145727 -2147483648 1 0 1 0 0 32768 39941832016 227711938 1 305750686 38738643896 38868090192 0 0 1073741824 2150629375 39714120078 3177130263 3099091515
0 0 1 0 0 0 0 32768 39941832016 227711938 1 305750686 38738643896 38868090192 0 0 1073741824 2150629375 39714120078 3177130263 3099091515
3145728 -2147483648 1 0 1 0 0 32768 40019870782 305750686 1 373433732 38868090192 38946128958 0 0 1073741824 2150629376 39714120096 3177130264 3109447218
0 0 1 0 0 0 0 32768 40019870782 305750686 1 373433732 38868090192 38946128958 0 0 1073741824 2150629376 39714120096 3177130264 3109447218
3145729 -2147483648 1 0 1 0 0 32768 40087553846 373433732 1 434873677 38946128958 39013812022 0 0 1073741824 2150629377 39714120114 3177130265 3115690320
0 0 1 0 0 0 0 32768 40087553846 373433732 1 434873677 38946128958 39013812022 0 0 1073741824 2150629377 39714120114 3177130265 3115690320
3670015 -2147483648 1 0 1 0 0 32768 40158675403 434873677 1 491673507 39013812022 39084933579 0 0 1073741824 2151153663 39723801726 3177904795 3121104965
0 0 1 0 0 0 0 32768 40158675403 434873677 1 491673507 39013812022 39084933579 0 0 1073741824 2151153663 39723801726 3177904795 3121104965
3670016 -2147483648 1 0 1 0 0 32768 40215475251 491673507 1 536870912 39084933579 39141733427 0 0 1073741824 2151153664 39723801744 3177904796 3126794689
0 0 1 0 0 0 0 32768 40215475251 491673507 1 536870912 39084933579 39141733427 0 0 1073741824 2151153664 39723801744 3177904796 3126794689
3670017 -2147483648 1 0 1 0 0 32768 40260672674 536870912 1 536870912 39141733427 39186930850 0 0 1073741824 2151153665 39723801762 3177904797 3131338677
0 0 1 0 0 0 0 32768 40260672674 536870912 1 536870912 39141733427 39186930850 0 0 1073741824 2151153665 39723801762 3177904797 3131338677
8388607 -2147483648 1 0 1 0 0 32768 40347807470 536870912 1 536870912 39186930850 39274065646 0 0 1073741824 2155872255 39810936558 3184875583 3134954471
0 0 1 0 0 0 0 32768 40347807470 536870912 1 536870912 39186930850 39274065646 0 0 1073741824 2155872255 39810936558 3184875583 3134954471
8388608 -2147483648 1 0 1 0 0 32768 40347807488 536870912 1 536870912 39274065646 39274065664 0 0 1073741824 2155872256 39810936576 3184875584 3141925255
0 0 1 0 0 0 0 32768 40347807488 536870912 1 536870912 39274065646 39274065664 0 0 1073741824 2155872256 39810936576 3184875584 3141925255
8388609 -2147483648 1 0 1 0 0 32768 40347807506 536870912 1 536870912 39274065664 39274065682 0 0 1073741824 2155872257 39810936594 3184875585 3141925256
0 0 1 0 0 0 0 32768 40347807506 536870912 1 536870912 39274065664 39274065682 0 0 1073741824 2155872257 39810936594 3184875585 3141925256
2147483646 -2147483648 0 0 1 0 0 0 79848931291 536870912 1 0 39274065682 78775189467 1 1 1073741824 4294967294 79312060379 6344966141 3141925257
0 0 1 0 0 0 0 0 79848931291 536870912 1 0 39274065682 78775189467 1 1 1073741824 4294967294 79312060379 6344966141 3141925257
2147483647 -2147483648 1 0 1 0 0 32768 79312060398 0 1 42950980 78775189467 78238318574 0 0 1073741824 4294967295 79312060398 6344966143 6302015163
0 0 1 0 0 0 0 32768 79312060398 0 1 42950980 78775189467 78238318574 0 0 1073741824 4294967295 79312060398 6344966143 6302015163
-2147483648 -2147483647 1 1 1 0 0 0 42950962 42950980 0 0 78238318574 0 1 1 42950962 -1 -18 -1 6259065492
0 0 1 0 0 0 0 0 42950962 42950980 0 0 78238318574 0 1 1 42950962 -1 -18 -1 6259065492
-2147483647 -2147483647 1 0 1 0 0 0 0 0 0 0 0 0 0 0 0 0 0 0 0
0 0 1 0 0 0 0 0 0 0 0 0 0 0 0 0 0 0 0 0 0
-8388609 -2147483647 1 0 1 0 0 32768 39501123803 0 1 0 0 38427381979 0 1 1073741824 2139095038 39501123803 3160090557 0
0 0 1 0 0 0 0 32768 39501123803 0 1 0 0 38427381979 0 1 1073741824 2139095038 39501123803 3160090557 0
-8388608 -2147483647 1 0 1 0 0 32768 39501123822 0 1 0 38427381979 38427381998 0 1 1073741824 2139095039 39501123822 3160090559 3074190561
0 0 1 0 0 0 0 32768 39501123822 0 1 0 38427381979 38427381998 0 1 1073741824 2139095039 39501123822 3160090559 3074190561
-8388607 -2147483647 1 0 1 0 0 32768 39501123840 0 1 0 38427381998 38427382016 0 1 1073741824 2139095040 39501123840 3160090560 3074190563
0 0 1 0 0 0 0 32768 39501123840 0 1 0 38427381998 38427382016 0 1 1073741824 2139095040 39501123840 3160090560 3074190563
-3670017 -2147483647 1 0 1 0 0 32768 39588258635 0 1 0 38427382016 38514516811 0 1 1073741824 2143813630 39588258635 3167061345 3074190564
0 0 1 0 0 0 0 32768 39588258635 0 1 0 38427382016 38514516811 0 1 1073741824 2143813630 39588258635 3167061345 3074190564
-3670016 -2147483647 1 0 1 0 0 32768 39588258654 0 1 0 38514516811 38514516830 0 1 1073741824 2143813631 39588258654 3167061347 3081161348
0 0 1 0 0 0 0 32768 39588258654 0 1 0 38514516811 38514516830 0 1 1073741824 2143813631 39588258654 3167061347 3081161348
-3670015 -2147483647 1 0 1 0 0 32768 39588258672 0 1 0 38514516830 38514516848 0 1 1073741824 2143813632 39588258672 3167061348 3081161349
0 0 1 0 0 0 0 32768 39588258672 0 1 0 38514516830 38514516848 0 1 1073741824 2143813632 39588258672 3167061348 3081161349
-3145729 -2147483647 1 0 1 0 0 32768 39597940283 0 1 0 38514516848 38524198459 0 1 1073741824 2144337918 39597940283 3167835877 3081161351
0 0 1 0 0 0 0 32768 39597940283 0 1 0 38514516848 38524198459 0 1 1073741824 2144337918 39597940283 3167835877 3081161351
-3145728 -2147483647 1 0 1 0 0 32768 39597940302 0 1 0 38524198459 38524198478 0 1 1073741824 2144337919 39597940302 3167835879 3081935880
0 0 1 0 0 0 0 32768 39597940302 0 1 0 38524198459 38524198478 0 1 1073741824 2144337919 39597940302 3167835879 3081935880
-3145727 -2147483647 1 0 1 0 0 32768 39597940320 0 1 0 38524198478 38524198496 0 1 1073741824 2144337920 39597940320 3167835880 3081935881
0 0 1 0 0 0 0 32768 39597940320 0 1 0 38524198478 38524198496 0 1 1073741824 2144337920 39597940320 3167835880 3081935881
-524289 -2147483647 1 0 1 0 0 32768 39646348523 0 1 0 38524198496 38572606699 0 1 1073741824 2146959358 39646348523 3171708537 3081935883
0 0 1 0 0 0 0 32768 39646348523 0 1 0 38524198496 38572606699 0 1 1073741824 2146959358 39646348523 3171708537 3081935883
-524288 -2147483647 1 0 1 0 0 32768 39646348542 0 1 85900000 38572606699 38572606718 0 0 1073741824 2146959359 39646348542 3171708539 3085808539
0 0 1 0 0 0 0 32768 39646348542 0 1 85900000 38572606699 38572606718 0 0 1073741824 2146959359 39646348542 3171708539 3085808539
-524287 -2147483647 1 0 1 0 0 32768 39732248560 85900000 1 171800000 38572606718 38658506736 0 0 1073741824 2146959360 39646348560 3171708540 3085808540
0 0 1 0 0 0 0 32768 39732248560 85900000 1 171800000 38572606718 38658506736 0 0 1073741824 2146959360 39646348560 3171708540 3085808540
-1 -2147483647 1 0 1 0 0 32768 39827830171 171800000 1 251602527 38658506736 38754088347 0 0 1073741824 2147483646 39656030171 3172483069 3092680542
0 0 1 0 0 0 0 32768 39827830171 171800000 1 251602527 38658506736 38754088347 0 0 1073741824 2147483646 39656030171 3172483069 3092680542
0 -2147483647 1 0 1 0 0 32768 39907632717 251602527 1 323758527 38754088347 38833890893 0 0 1073741824 2147483647 39656030190 3172483071 3100327071
0 0 1 0 0 0 0 32768 39907632717 251602527 1 323758527 38754088347 38833890893 0 0 1073741824 2147483647 39656030190 3172483071 3100327071
1 -2147483647 1 0 1 0 0 32768 39979788735 323758527 1 389530325 38833890893 38906046911 0 0 1073741824 2147483648 39656030208 3172483072 3106711274
0 0 1 0 0 0 0 32768 39979788735 323758527 1 389530325 38833890893 38906046911 0 0 1073741824 2147483648 39656030208 3172483072 3106711274
524287 -2147483647 1 0 1 0 0 32768 40055242144 389530325 1 450304170 38906046911 38981500320 0 0 1073741824 2148007934 39665711819 3173257601 3112483756
0 0 1 0 0 0 0 32768 40055242144 389530325 1 450304170 38906046911 38981500320 0 0 1073741824 2148007934 39665711819 3173257601 3112483756
524288 -2147483647 1 0 1 0 0 32768 40116016008 450304170 1 505041744 38981500320 39042274184 0 0 1073741824 2148007935 39665711838 3173257603 3118520029
0 0 1 0 0 0 0 32768 40116016008 450304170 1 505041744 38981500320 39042274184 0 0 1073741824 2148007935 39665711838 3173257603 3118520029
524289 -2147483647 1 0 1 0 0 32768 40170753600 505041744 1 536870912 39042274184 39097011776 0 0 1073741824 2148007936 39665711856 3173257604 3123381938
0 0 1 0 0 0 0 32768 40170753600 505041744 1 536870912 39042274184 39097011776 0 0 1073741824 2148007936 39665711856 3173257604 3123381938
3145727 -2147483647 1 0 1 0 0 32768 40250990971 536870912 1 536870912 39097011776 39177249147 0 0 1073741824 2150629374 39714120059 3177130261 3127760945
0 0 1 0 0 0 0 32768 40250990971 536870912 1 536870912 39097011776 39177249147 0 0 1073741824 2150629374 39714120059 3177130261 3127760945
3145728 -2147483647 0 0 1 0 0 0 40250990990 536870912 1 0 39177249147 39177249166 1 1 1073741824 2150629375 39714120078 3177130263 3134179935
0 0 1 0 0 0 0 0 40250990990 536870912 1 0 39177249147 39177249166 1 1 1073741824 2150629375 39714120078 3177130263 3134179935
3145729 -2147483647 1 0 1 0 0 32768 39714120096 0 1 42950328 39177249166 38640378272 0 0 1073741824 2150629376 39714120096 3177130264 3134179936
0 0 1 0 0 0 0 32768 39714120096 0 1 42950328 39177249166 38640378272 0 0 1073741824 2150629376 39714120096 3177130264 3134179936
3670015 -2147483647 1 0 1 0 0 32768 39766752035 42950328 1 129624856 38640378272 38693010211 0 0 1073741824 2151153662 39723801707 3177904793 3091230265
0 0 1 0 0 0 0 32768 39766752035 42950328 1 129624856 38640378272 38693010211 0 0 1073741824 2151153662 39723801707 3177904793 3091230265
3670016 -2147483647 1 0 1 0 0 32768 39853426582 129624856 1 212088831 38693010211 38779684758 0 0 1073741824 2151153663 39723801726 3177904795 3095440820
0 0 1 0 0 0 0 32768 39853426582 129624856 1 212088831 38693010211 38779684758 0 0 1073741824 2151153663 39723801726 3177904795 3095440820
3670017 -2147483647 1 0 1 0 0 32768 39935890575 212088831 1 287618843 38779684758 38862148751 0 0 1073741824 2151153664 39723801744 3177904796 3102374784
0 0 1 0 0 0 0 32768 39935890575 212088831 1 287618843 38779684758 38862148751 0 0 1073741824 2151153664 39723801744 3177904796 3102374784
8388607 -2147483647 1 0 1 0 0 32768 40098555382 287618843 1 363522521 38862148751 39024813558 0 0 1073741824 2155872254 39810936539 3184875581 3108971903
0 0 1 0 0 0 0 32768 40098555382 287618843 1 363522521 38862148751 39024813558 0 0 1073741824 2155872254 39810936539 3184875581 3108971903
8388608 -2147483647 1 0 1 0 0 32768 40174459079 363522521 1 426413016 39024813558 39100717255 0 0 1073741824 2155872255 39810936558 3184875583 3121985088
0 0 1 0 0 0 0 32768 40174459079 363522521 1 426413016 39024813558 39100717255 0 0 1073741824 2155872255 39810936558 3184875583 3121985088
8388609 -2147483647 1 0 1 0 0 32768 40237349592 426413016 1 483231217 39100717255 39163607768 0 0 1073741824 2155872256 39810936576 3184875584 3128057383
0 0 1 0 0 0 0 32768 40237349592 426413016 1 483231217 39100717255 39163607768 0 0 1073741824 2155872256 39810936576 3184875584 3128057383
2147483646 -2147483647 1 0 1 0 0 32768 79795291578 483231217 1 536870912 39163607768 78721549754 0 0 1073741824 4294967293 79312060361 6344966140 3133088624
0 0 1 0 0 0 0 32768 79795291578 483231217 1 536870912 39163607768 78721549754 0 0 1073741824 4294967293 79312060361 6344966140 3133088624
2147483647 -2147483647 1 0 1 0 0 32768 79848931291 536870912 1 536870912 78721549754 78775189467 0 0 1073741824 4294967294 79312060379 6344966141 6297723986
0 0 1 0 0 0 0 32768 79848931291 536870912 1 536870912 78721549754 78775189467 0 0 1073741824 4294967294 79312060379 6344966141 6297723986
-2147483648 -8388609 1 1 1 0 0 0 -38964252910 536870912 1 0 78775189467 -37890511086 1 1 -1073741824 -2139095039 -39501123822 -3160090559 6302015163
0 0 1 0 0 0 0 0 -38964252910 536870912 1 0 78775189467 -37890511086 1 1 -1073741824 -2139095039 -39501123822 -3160090559 6302015163
-2147483647 -8388609 1 0 1 0 0 -32768 -39501123803 0 1 -128849667 -37890511086 -38427381979 0 0 -1073741824 -2139095038 -39501123803 -3160090557 -3031240890
0 0 1 0 0 0 0 -32768 -39501123803 0 1 -128849667 -37890511086 -38427381979 0 0 -1073741824 -2139095038 -39501123803 -3160090557 -3031240890
-8388609 -8388609 1 0 1 0 0 -3932 -128849667 -128849667 0 536870912 -38427381979 0 0 0 -128849667 0 0 0 -3074190561
0 0 1 0 0 0 0 -3932 -128849667 -128849667 0 536870912 -38427381979 0 0 0 -128849667 0 0 0 -3074190561
-8388608 -8388609 1 0 1 0 0 16384 536870930 536870912 0 536870912 0 0 0 0 536870930 1 18 1 0
0 0 1 0 0 0 0 16384 536870930 536870912 0 536870912 0 0 0 0 536870930 1 18 1 0
-8388607 -8388609 1 0 1 0 0 16384 536870949 536870912 0 536870912 0 0 0 0 536870949 2 37 3 0
0 0 1 0 0 0 0 16384 536870949 536870912 0 536870912 0 0 0 0 536870949 2 37 3 0
-3670017 -8388609 1 0 1 0 0 19043 624005744 536870912 0 0 0 0 0 1 624005744 4718592 87134832 6970788 0
0 0 1 0 0 0 0 19043 624005744 536870912 0 0 0 0 0 1 624005744 4718592 87134832 6970788 0
-3670016 -8388609 1 0 1 0 0 2659 87134850 0 0 0 0 0 0 1 87134850 4718593 87134850 6970789 0
0 0 1 0 0 0 0 2659 87134850 0 0 0 0 0 0 1 87134850 4718593 87134850 6970789 0
-3670015 -8388609 1 0 1 0 0 2659 87134869 0 0 0 0 0 0 1 87134869 4718594 87134869 6970791 0
0 0 1 0 0 0 0 2659 87134869 0 0 0 0 0 0 1 87134869 4718594 87134869 6970791 0
-3145729 -8388609 1 0 1 0 0 2955 96816480 0 0 0 0 0 0 1 96816480 5242880 96816480 7745320 0
0 0 1 0 0 0 0 2955 96816480 0 0 0 0 0 0 1 96816480 5242880 96816480 7745320 0
-3145728 -8388609 1 0 1 0 0 2955 96816498 0 0 0 0 0 0 1 96816498 5242881 96816498 7745321 0
0 0 1 0 0 0 0 2955 96816498 0 0 0 0 0 0 1 96816498 5242881 96816498 7745321 0
-3145727 -8388609 1 0 1 0 0 2955 96816517 0 0 0 0 0 0 1 96816517 5242882 96816517 7745323 0
0 0 1 0 0 0 0 2955 96816517 0 0 0 0 0 0 1 96816517 5242882 96816517 7745323 0
-524289 -8388609 1 0 1 0 0 4432 145224720 0 0 0 0 0 0 1 145224720 7864320 145224720 11617980 0
0 0 1 0 0 0 0 4432 145224720 0 0 0 0 0 0 1 145224720 7864320 145224720 11617980 0
-524288 -8388609 1 0 1 0 0 4432 145224738 0 0 11617981 0 0 0 0 145224738 7864321 145224738 11617981 0
0 0 1 0 0 0 0 4432 145224738 0 0 11617981 0 0 0 0 145224738 7864321 145224738 11617981 0
-524287 -8388609 0 0 1 0 0 0 156842738 11617981 0 0 0 0 1 1 156842738 7864322 145224757 11617983 0
0 0 1 0 0 0 0 0 156842738 11617981 0 0 0 0 1 1 156842738 7864322 145224757 11617983 0
-1 -8388609 1 0 1 0 0 4727 154906368 0 0 12392512 0 0 0 0 154906368 8388608 154906368 12392512 0
0 0 1 0 0 0 0 4727 154906368 0 0 12392512 0 0 0 0 154906368 8388608 154906368 12392512 0
0 -8388609 1 0 1 1 0 0 167298898 12392512 0 0 0 0 1 1 167298898 8388609 154906386 12392513 0
0 0 1 0 0 0 0 0 167298898 12392512 0 0 0 0 1 1 167298898 8388609 154906386 12392513 0
1 -8388609 1 0 1 0 0 4727 154906405 0 0 12392515 0 0 0 0 154906405 8388610 154906405 12392515 0
0 0 1 0 0 0 0 4727 154906405 0 0 12392515 0 0 0 0 154906405 8388610 154906405 12392515 0
524287 -8388609 1 0 1 0 0 5401 176980531 12392515 0 25559559 0 0 0 0 176980531 8912896 164588016 13167044 0
0 0 1 0 0 0 0 5401 176980531 12392515 0 25559559 0 0 0 0 176980531 8912896 164588016 13167044 0
524288 -8388609 1 0 1 0 0 5803 190147593 25559559 0 38726604 0 0 0 0 190147593 8912897 164588034 13167045 0
0 0 1 0 0 0 0 5803 190147593 25559559 0 38726604 0 0 0 0 190147593 8912897 164588034 13167045 0
524289 -8388609 1 0 1 0 0 6205 203314657 38726604 0 51893651 0 0 0 0 203314657 8912898 164588053 13167047 0
0 0 1 0 0 0 0 6205 203314657 38726604 0 51893651 0 0 0 0 203314657 8912898 164588053 13167047 0
3145727 -8388609 1 0 1 0 0 8084 264889907 51893651 0 68933355 0 0 0 0 264889907 11534336 212996256 17039704 0
0 0 1 0 0 0 0 8084 264889907 51893651 0 68933355 0 0 0 0 264889907 11534336 212996256 17039704 0
3145728 -8388609 1 0 1 0 0 8604 281929629 68933355 0 85973060 0 0 0 0 281929629 11534337 212996274 17039705 0
0 0 1 0 0 0 0 8604 281929629 68933355 0 85973060 0 0 0 0 281929629 11534337 212996274 17039705 0
3145729 -8388609 1 0 1 0 0 9124 298969353 85973060 0 103012767 0 0 0 0 298969353 11534338 212996293 17039707 0
0 0 1 0 0 0 0 9124 298969353 85973060 0 103012767 0 0 0 0 298969353 11534338 212996293 17039707 0
3670015 -8388609 1 0 1 0 0 9939 325690671 103012767 0 120827003 0 0 0 0 325690671 12058624 222677904 17814236 0
0 0 1 0 0 0 0 9939 325690671 103012767 0 120827003 0 0 0 0 325690671 12058624 222677904 17814236 0
3670016 -8388609 1 0 1 0 0 10483 343504925 120827003 0 138641240 0 0 0 0 343504925 12058625 222677922 17814237 0
0 0 1 0 0 0 0 10483 343504925 120827003 0 138641240 0 0 0 0 343504925 12058625 222677922 17814237 0
3670017 -8388609 1 0 1 0 1 0 361319181 138641240 0 0 0 0 1 1 361319181 12058626 222677941 17814239 0
0 0 1 0 0 0 0 0 361319181 138641240 0 0 0 0 1 1 361319181 12058626 222677941 17814239 0
8388607 -8388609 1 0 1 0 0 9455 309812736 0 0 24785024 0 0 0 0 309812736 16777216 309812736 24785024 0
0 0 1 0 0 0 0 9455 309812736 0 0 24785024 0 0 0 0 309812736 16777216 309812736 24785024 0
8388608 -8388609 1 0 1 0 0 10211 334597778 24785024 0 49570049 0 0 0 0 334597778 16777217 309812754 24785025 0
0 0 1 0 0 0 0 10211 334597778 24785024 0 49570049 0 0 0 0 334597778 16777217 309812754 24785025 0
8388609 -8388609 1 0 1 0 0 10967 359382822 49570049 0 74355076 0 0 0 0 359382822 16777218 309812773 24785027 0
0 0 1 0 0 0 0 10967 359382822 49570049 0 74355076 0 0 0 0 359382822 16777218 309812773 24785027 0
2147483646 -8388609 1 0 1 0 0 32768 39885291634 74355076 1 536870912 0 38811549810 0 0 1073741824 2155872255 39810936558 3184875583 0
0 0 1 0 0 0 0 32768 39885291634 74355076 1 536870912 0 38811549810 0 0 1073741824 2155872255 39810936558 3184875583 0
2147483647 -8388609 1 0 1 0 0 32768 40347807488 536870912 1 536870912 38811549810 39274065664 0 0 1073741824 2155872256 39810936576 3184875584 3104923988
0 0 1 0 0 0 0 32768 40347807488 536870912 1 536870912 38811549810 39274065664 0 0 1073741824 2155872256 39810936576 3184875584 3104923988
-2147483648 -8388608 1 1 1 0 0 0 -38964252928 536870912 1 0 39274065664 -37890511104 1 1 -1073741824 -2139095040 -39501123840 -3160090560 3141925256
0 0 1 0 0 0 0 0 -38964252928 536870912 1 0 39274065664 -37890511104 1 1 -1073741824 -2139095040 -39501123840 -3160090560 3141925256
-2147483647 -8388608 1 0 1 0 0 -32768 -39501123822 0 1 -128849668 -37890511104 -38427381998 0 0 -1073741824 -2139095039 -39501123822 -3160090559 -3031240891
0 0 1 0 0 0 0 -32768 -39501123822 0 1 -128849668 -37890511104 -38427381998 0 0 -1073741824 -2139095039 -39501123822 -3160090559 -3031240891
-8388609 -8388608 1 0 1 0 0 -3932 -128849686 -128849668 0 536870912 -38427381998 0 0 0 -128849686 -1 -18 -1 -3074190563
0 0 1 0 0 0 0 -3932 -128849686 -128849668 0 536870912 -38427381998 0 0 0 -128849686 -1 -18 -1 -3074190563
-8388608 -8388608 1 0 1 0 0 16384 536870912 536870912 0 536870912 0 0 0 0 536870912 0 0 0 0
0 0 1 0 0 0 0 16384 536870912 536870912 0 536870912 0 0 0 0 536870912 0 0 0 0
-8388607 -8388608 1 0 1 0 0 16384 536870930 536870912 0 536870912 0 0 0 0 536870930 1 18 1 0
0 0 1 0 0 0 0 16384 536870930 536870912 0 536870912 0 0 0 0 536870930 1 18 1 0
-3670017 -8388608 0 0 1 0 0 0 624005726 536870912 0 0 0 0 1 1 624005726 4718591 87134814 6970787 0
0 0 1 0 0 0 0 0 624005726 536870912 0 0 0 0 1 1 624005726 4718591 87134814 6970787 0
-3670016 -8388608 1 0 1 0 0 2659 87134832 0 0 0 0 0 0 1 87134832 4718592 87134832 6970788 0
0 0 1 0 0 0 0 2659 87134832 0 0 0 0 0 0 1 87134832 4718592 87134832 6970788 0
-3670015 -8388608 1 0 1 0 0 2659 87134850 0 0 0 0 0 0 1 87134850 4718593 87134850 6970789 0
0 0 1 0 0 0 0 2659 87134850 0 0 0 0 0 0 1 87134850 4718593 87134850 6970789 0
-3145729 -8388608 1 0 1 0 0 2955 96816462 0 0 0 0 0 0 1 96816462 5242879 96816462 7745319 0
0 0 1 0 0 0 0 2955 96816462 0 0 0 0 0 0 1 96816462 5242879 96816462 7745319 0
-3145728 -8388608 1 0 1 0 0 2955 96816480 0 0 0 0 0 0 1 96816480 5242880 96816480 7745320 0
0 0 1 0 0 0 0 2955 96816480 0 0 0 0 0 0 1 96816480 5242880 96816480 7745320 0
-3145727 -8388608 1 0 1 0 0 2955 96816498 0 0 0 0 0 0 1 96816498 5242881 96816498 7745321 0
0 0 1 0 0 0 0 2955 96816498 0 0 0 0 0 0 1 96816498 5242881 96816498 7745321 0
-524289 -8388608 1 0 1 0 0 4432 145224702 0 0 0 0 0 0 1 145224702 7864319 145224702 11617979 0
0 0 1 0 0 0 0 4432 145224702 0 0 0 0 0 0 1 145224702 7864319 145224702 11617979 0
-524288 -8388608 1 0 1 0 0 4432 145224720 0 0 11617980 0 0 0 0 145224720 7864320 145224720 11617980 0
0 0 1 0 0 0 0 4432 145224720 0 0 11617980 0 0 0 0 145224720 7864320 145224720 11617980 0
-524287 -8388608 1 0 1 0 0 4786 156842718 11617980 0 23235961 0 0 0 0 156842718 7864321 145224738 11617981 0
0 0 1 0 0 0 0 4786 156842718 11617980 0 23235961 0 0 0 0 156842718 7864321 145224738 11617981 0
-1 -8388608 1 0 1 0 0 5436 178142311 23235961 0 35628472 0 0 0 0 178142311 8388607 154906350 12392511 0
0 0 1 0 0 0 0 5436 178142311 23235961 0 35628472 0 0 0 0 178142311 8388607 154906350 12392511 0
0 -8388608 1 0 1 0 0 5815 190534840 35628472 0 48020984 0 0 0 0 190534840 8388608 154906368 12392512 0
0 0 1 0 0 0 0 5815 190534840 35628472 0 48020984 0 0 0 0 190534840 8388608 154906368 12392512 0
1 -8388608 1 0 1 0 0 6193 202927370 48020984 0 60413497 0 0 0 0 202927370 8388609 154906386 12392513 0
0 0 1 0 0 0 0 6193 202927370 48020984 0 60413497 0 0 0 0 202927370 8388609 154906386 12392513 0
524287 -8388608 1 0 1 0 0 6867 225001495 60413497 0 73580540 0 0 0 0 225001495 8912895 164587998 13167043 0
0 0 1 0 0 0 0 6867 225001495 60413497 0 73580540 0 0 0 0 225001495 8912895 164587998 13167043 0
524288 -8388608 1 0 1 0 0 7268 238168556 73580540 0 86747584 0 0 0 0 238168556 8912896 164588016 13167044 0
0 0 1 0 0 0 0 7268 238168556 73580540 0 86747584 0 0 0 0 238168556 8912896 164588016 13167044 0
524289 -8388608 1 0 1 0 0 7670 251335618 86747584 0 99914629 0 0 0 0 251335618 8912897 164588034 13167045 0
0 0 1 0 0 0 0 7670 251335618 86747584 0 99914629 0 0 0 0 251335618 8912897 164588034 13167045 0
3145727 -8388608 1 0 1 0 0 9549 312910867 99914629 0 116954332 0 0 0 0 312910867 11534335 212996238 17039703 0
0 0 1 0 0 0 0 9549 312910867 99914629 0 116954332 0 0 0 0 312910867 11534335 212996238 17039703 0
3145728 -8388608 1 0 1 0 0 10069 329950588 116954332 0 133994036 0 0 0 0 329950588 11534336 212996256 17039704 0
0 0 1 0 0 0 0 10069 329950588 116954332 0 133994036 0 0 0 0 329950588 11534336 212996256 17039704 0
3145729 -8388608 1 0 1 0 0 10589 346990310 133994036 0 151033741 0 0 0 0 346990310 11534337 212996274 17039705 0
0 0 1 0 0 0 0 10589 346990310 133994036 0 151033741 0 0 0 0 346990310 11534337 212996274 17039705 0
3670015 -8388608 1 0 1 0 0 11405 373711627 151033741 0 168847976 0 0 0 0 373711627 12058623 222677886 17814235 0
0 0 1 0 0 0 0 11405 373711627 151033741 0 168847976 0 0 0 0 373711627 12058623 222677886 17814235 0
3670016 -8388608 1 0 1 0 0 11948 391525880 168847976 0 186662212 0 0 0 0 391525880 12058624 222677904 17814236 0
0 0 1 0 0 0 0 11948 391525880 168847976 0 186662212 0 0 0 0 391525880 12058624 222677904 17814236 0
3670017 -8388608 1 0 1 0 0 12492 409340134 186662212 0 204476449 0 0 0 0 409340134 12058625 222677922 17814237 0
0 0 1 0 0 0 0 12492 409340134 186662212 0 204476449 0 0 0 0 409340134 12058625 222677922 17814237 0
8388607 -8388608 1 0 1 0 0 15695 514289167 204476449 0 229261472 0 0 0 0 514289167 16777215 309812718 24785023 0
0 0 1 0 0 0 0 15695 514289167 204476449 0 229261472 0 0 0 0 514289167 16777215 309812718 24785023 0
8388608 -8388608 1 0 1 0 0 16451 539074208 229261472 0 254046496 0 0 0 0 539074208 16777216 309812736 24785024 0
0 0 1 0 0 0 0 16451 539074208 229261472 0 254046496 0 0 0 0 539074208 16777216 309812736 24785024 0
8388609 -8388608 0 0 1 0 0 0 563859250 254046496 0 0 0 0 1 1 563859250 16777217 309812754 24785025 0
0 0 1 0 0 0 0 0 563859250 254046496 0 0 0 0 1 1 563859250 16777217 309812754 24785025 0
2147483646 -8388608 1 0 1 0 0 32768 39810936539 0 1 536870912 0 38737194715 0 0 1073741824 2155872254 39810936539 3184875581 0
0 0 1 0 0 0 0 32768 39810936539 0 1 536870912 0 38737194715 0 0 1073741824 2155872254 39810936539 3184875581 0
2147483647 -8388608 1 0 1 0 0 32768 40347807470 536870912 1 536870912 38737194715 39274065646 0 0 1073741824 2155872255 39810936558 3184875583 3098975580
0 0 1 0 0 0 0 32768 40347807470 536870912 1 536870912 38737194715 39274065646 0 0 1073741824 2155872255 39810936558 3184875583 3098975580
-2147483648 -8388607 1 1 1 0 0 0 -38964252946 536870912 1 0 39274065646 -37890511122 1 1 -1073741824 -2139095041 -39501123858 -3160090561 3141925255
0 0 1 0 0 0 0 0 -38964252946 536870912 1 0 39274065646 -37890511122 1 1 -1073741824 -2139095041 -39501123858 -3160090561 3141925255
-2147483647 -8388607 1 0 1 0 0 -32768 -39501123840 0 1 -128849667 -37890511122 -38427382016 0 0 -1073741824 -2139095040 -39501123840 -3160090560 -3031240893
0 0 1 0 0 0 0 -32768 -39501123840 0 1 -128849667 -37890511122 -38427382016 0 0 -1073741824 -2139095040 -39501123840 -3160090560 -3031240893
-8388609 -8388607 1 0 1 0 0 -3932 -128849704 -128849667 0 536870912 -38427382016 0 0 0 -128849704 -2 -37 -3 -3074190564
0 0 1 0 0 0 0 -3932 -128849704 -128849667 0 536870912 -38427382016 0 0 0 -128849704 -2 -37 -3 -3074190564
-8388608 -8388607 1 0 1 0 0 16384 536870894 536870912 0 536870911 0 0 0 0 536870894 -1 -18 -1 0
0 0 1 0 0 0 0 16384 536870894 536870912 0 536870911 0 0 0 0 536870894 -1 -18 -1 0
-8388607 -8388607 1 0 1 0 0 16384 536870911 536870911 0 536870911 0 0 0 0 536870911 0 0 0 0
0 0 1 0 0 0 0 16384 536870911 536870911 0 536870911 0 0 0 0 536870911 0 0 0 0
-3670017 -8388607 1 0 1 0 0 19043 624005706 536870911 0 0 0 0 0 1 624005706 4718590 87134795 6970785 0
0 0 1 0 0 0 0 19043 624005706 536870911 0 0 0 0 0 1 624005706 4718590 87134795 6970785 0
-3670016 -8388607 1 0 1 0 0 2659 87134814 0 0 0 0 0 0 1 87134814 4718591 87134814 6970787 0
0 0 1 0 0 0 0 2659 87134814 0 0 0 0 0 0 1 87134814 4718591 87134814 6970787 0
-3670015 -8388607 1 0 1 0 0 2659 87134832 0 0 0 0 0 0 1 87134832 4718592 87134832 6970788 0
0 0 1 0 0 0 0 2659 87134832 0 0 0 0 0 0 1 87134832 4718592 87134832 6970788 0
-3145729 -8388607 1 0 1 0 0 2955 96816443 0 0 0 0 0 0 1 96816443 5242878 96816443 7745317 0
0 0 1 0 0 0 0 2955 96816443 0 0 0 0 0 0 1 96816443 5242878 96816443 7745317 0
-3145728 -8388607 1 0 1 0 0 2955 96816462 0 0 0 0 0 0 1 96816462 5242879 96816462 7745319 0
0 0 1 0 0 0 0 2955 96816462 0 0 0 0 0 0 1 96816462 5242879 96816462 7745319 0
-3145727 -8388607 1 0 1 0 0 2955 96816480 0 0 0 0 0 0 1 96816480 5242880 96816480 7745320 0
0 0 1 0 0 0 0 2955 96816480 0 0 0 0 0 0 1 96816480 5242880 96816480 7745320 0
-524289 -8388607 1 0 1 0 0 4432 145224683 0 0 0 0 0 0 1 145224683 7864318 145224683 11617977 0
0 0 1 0 0 0 0 4432 145224683 0 0 0 0 0 0 1 145224683 7864318 145224683 11617977 0
-524288 -8388607 1 0 1 0 0 4432 145224702 0 0 11617979 0 0 0 0 145224702 7864319 145224702 11617979 0
0 0 1 0 0 0 0 4432 145224702 0 0 11617979 0 0 0 0 145224702 7864319 145224702 11617979 0
-524287 -8388607 1 0 1 0 0 4786 156842699 11617979 0 23235959 0 0 0 0 156842699 7864320 145224720 11617980 0
0 0 1 0 0 0 0 4786 156842699 11617979 0 23235959 0 0 0 0 156842699 7864320 145224720 11617980 0
-1 -8388607 1 0 1 0 0 5436 178142290 23235959 0 35628468 0 0 0 0 178142290 8388606 154906331 12392509 0
0 0 1 0 0 0 0 5436 178142290 23235959 0 35628468 0 0 0 0 178142290 8388606 154906331 12392509 0
0 -8388607 1 0 1 0 0 5815 190534818 35628468 0 48020979 0 0 0 0 190534818 8388607 154906350 12392511 0
0 0 1 0 0 0 0 5815 190534818 35628468 0 48020979 0 0 0 0 190534818 8388607 154906350 12392511 0
1 -8388607 1 0 1 0 0 6193 202927347 48020979 0 60413491 0 0 0 0 202927347 8388608 154906368 12392512 0
0 0 1 0 0 0 0 6193 202927347 48020979 0 60413491 0 0 0 0 202927347 8388608 154906368 12392512 0
524287 -8388607 1 0 1 0 0 6866 225001470 60413491 0 73580532 0 0 0 0 225001470 8912894 164587979 13167041 0
0 0 1 0 0 0 0 6866 225001470 60413491 0 73580532 0 0 0 0 225001470 8912894 164587979 13167041 0
524288 -8388607 1 0 1 0 0 7268 238168530 73580532 0 86747575 0 0 0 0 238168530 8912895 164587998 13167043 0
0 0 1 0 0 0 0 7268 238168530 73580532 0 86747575 0 0 0 0 238168530 8912895 164587998 13167043 0
524289 -8388607 1 0 1 0 0 7670 251335591 86747575 0 99914619 0 0 0 0 251335591 8912896 164588016 13167044 0
0 0 1 0 0 0 0 7670 251335591 86747575 0 99914619 0 0 0 0 251335591 8912896 164588016 13167044 0
3145727 -8388607 0 0 1 1 0 0 312910838 99914619 0 0 0 0 1 1 312910838 11534334 212996219 17039701 0
0 0 1 0 0 0 0 0 312910838 99914619 0 0 0 0 1 1 312910838 11534334 212996219 17039701 0
3145728 -8388607 1 0 1 0 0 6500 212996238 0 0 17039703 0 0 0 0 212996238 11534335 212996238 17039703 0
0 0 1 0 0 0 0 6500 212996238 0 0 17039703 0 0 0 0 212996238 11534335 212996238 17039703 0
3145729 -8388607 1 0 1 0 0 7020 230035959 17039703 0 34079407 0 0 0 0 230035959 11534336 212996256 17039704 0
0 0 1 0 0 0 0 7020 230035959 17039703 0 34079407 0 0 0 0 230035959 11534336 212996256 17039704 0
3670015 -8388607 1 0 1 0 0 7836 256757274 34079407 0 51893640 0 0 0 0 256757274 12058622 222677867 17814233 0
0 0 1 0 0 0 0 7836 256757274 34079407 0 51893640 0 0 0 0 256757274 12058622 222677867 17814233 0
3670016 -8388607 1 0 1 0 0 8379 274571526 51893640 0 69707875 0 0 0 0 274571526 12058623 222677886 17814235 0
0 0 1 0 0 0 0 8379 274571526 51893640 0 69707875 0 0 0 0 274571526 12058623 222677886 17814235 0
3670017 -8388607 1 0 1 0 0 8923 292385779 69707875 0 87522111 0 0 0 0 292385779 12058624 222677904 17814236 0
0 0 1 0 0 0 0 8923 292385779 69707875 0 87522111 0 0 0 0 292385779 12058624 222677904 17814236 0
8388607 -8388607 1 0 1 0 0 12126 397334810 87522111 0 112307132 0 0 0 0 397334810 16777214 309812699 24785021 0
0 0 1 0 0 0 0 12126 397334810 87522111 0 112307132 0 0 0 0 397334810 16777214 309812699 24785021 0
8388608 -8388607 1 0 1 0 0 12882 422119850 112307132 0 137092155 0 0 0 0 422119850 16777215 309812718 24785023 0
0 0 1 0 0 0 0 12882 422119850 112307132 0 137092155 0 0 0 0 422119850 16777215 309812718 24785023 0
8388609 -8388607 1 0 1 0 0 13638 446904891 137092155 0 161877179 0 0 0 0 446904891 16777216 309812736 24785024 0
0 0 1 0 0 0 0 13638 446904891 137092155 0 161877179 0 0 0 0 446904891 16777216 309812736 24785024 0
2147483646 -8388607 1 0 1 0 0 32768 39972813700 161877179 1 536870912 0 38899071876 0 0 1073741824 2155872253 39810936521 3184875580 0
0 0 1 0 0 0 0 32768 39972813700 161877179 1 536870912 0 38899071876 0 0 1073741824 2155872253 39810936521 3184875580 0
2147483647 -8388607 1 0 1 0 0 32768 40347807451 536870912 1 536870912 38899071876 39274065627 0 0 1073741824 2155872254 39810936539 3184875581 3111925753
0 0 1 0 0 0 0 32768 40347807451 536870912 1 536870912 38899071876 39274065627 0 0 1073741824 2155872254 39810936539 3184875581 3111925753
-2147483648 -3670017 1 1 1 0 0 0 -39051387742 536870912 1 0 39274065627 -37977645918 1 1 -1073741824 -2143813631 -39588258654 -3167061347 3141925253
0 0 1 0 0 0 0 0 -39051387742 536870912 1 0 39274065627 -37977645918 1 1 -1073741824 -2143813631 -39588258654 -3167061347 3141925253
-2147483647 -3670017 1 0 1 0 0 -32768 -39588258635 0 1 -128849669 -37977645918 -38514516811 0 0 -1073741824 -2143813630 -39588258635 -3167061345 -3038211676
0 0 1 0 0 0 0 -32768 -39588258635 0 1 -128849669 -37977645918 -38514516811 0 0 -1073741824 -2143813630 -39588258635 -3167061345 -3038211676
-8388609 -3670017 1 0 1 0 0 -6591 -215984501 -128849669 0 536870912 -38514516811 0 0 0 -215984501 -4718592 -87134832 -6970788 -3081161348
0 0 1 0 0 0 0 -6591 -215984501 -128849669 0 536870912 -38514516811 0 0 0 -215984501 -4718592 -87134832 -6970788 -3081161348
-8388608 -3670017 1 0 1 0 1 0 449736098 536870912 0 0 0 0 1 1 449736098 -4718591 -87134814 -6970787 0
0 0 1 0 0 0 0 0 449736098 536870912 0 0 0 0 1 1 449736098 -4718591 -87134814 -6970787 0
-8388607 -3670017 1 0 1 0 0 -2659 -87134795 0 0 -6970785 0 0 0 0 -87134795 -4718590 -87134795 -6970785 0
0 0 1 0 0 0 0 -2659 -87134795 0 0 -6970785 0 0 0 0 -87134795 -4718590 -87134795 -6970785 0
-3670017 -3670017 1 0 1 0 0 -213 -6970785 -6970785 0 -6970785 0 0 0 0 -6970785 0 0 0 0
0 0 1 0 0 0 0 -213 -6970785 -6970785 0 -6970785 0 0 0 0 -6970785 0 0 0 0
-3670016 -3670017 1 0 1 0 0 -213 -6970767 -6970785 0 -6970784 0 0 0 0 -6970767 1 18 1 0
0 0 1 0 0 0 0 -213 -6970767 -6970785 0 -6970784 0 0 0 0 -6970767 1 18 1 0
-3670015 -3670017 1 0 1 0 0 -213 -6970747 -6970784 0 -6970781 0 0 0 0 -6970747 2 37 3 0
0 0 1 0 0 0 0 -213 -6970747 -6970784 0 -6970781 0 0 0 0 -6970747 2 37 3 0
-3145729 -3670017 1 0 1 0 0 83 2710867 -6970781 0 -6196249 0 0 0 0 2710867 524288 9681648 774532 0
0 0 1 0 0 0 0 83 2710867 -6970781 0 -6196249 0 0 0 0 2710867 524288 9681648 774532 0
-3145728 -3670017 1 0 1 0 0 106 3485417 -6196249 0 -5421716 0 0 0 0 3485417 524289 9681666 774533 0
0 0 1 0 0 0 0 106 3485417 -6196249 0 -5421716 0 0 0 0 3485417 524289 9681666 774533 0
-3145727 -3670017 1 0 1 0 0 130 4259969 -5421716 0 -4647181 0 0 0 0 4259969 524290 9681685 774535 0
0 0 1 0 0 0 0 130 4259969 -5421716 0 -4647181 0 0 0 0 4259969 524290 9681685 774535 0
-524289 -3670017 1 0 1 0 0 1631 53442707 -4647181 0 11 0 0 0 0 53442707 3145728 58089888 4647192 0
0 0 1 0 0 0 0 1631 53442707 -4647181 0 11 0 0 0 0 53442707 3145728 58089888 4647192 0
-524288 -3670017 0 0 1 0 0 0 58089917 11 0 0 0 0 1 1 58089917 3145729 58089906 4647193 0
0 0 1 0 0 0 0 0 58089917 11 0 0 0 0 1 1 58089917 3145729 58089906 4647193 0
-524287 -3670017 1 0 1 0 0 1773 58089925 0 0 4647195 0 0 0 0 58089925 3145730 58089925 4647195 0
0 0 1 0 0 0 0 1773 58089925 0 0 4647195 0 0 0 0 58089925 3145730 58089925 4647195 0
-1 -3670017 1 0 1 0 0 2210 72418731 4647195 0 10068919 0 0 0 0 72418731 3670016 67771536 5421724 0
0 0 1 0 0 0 0 2210 72418731 4647195 0 10068919 0 0 0 0 72418731 3670016 67771536 5421724 0
0 -3670017 1 0 1 0 0 2376 77840473 10068919 0 15490644 0 0 0 0 77840473 3670017 67771554 5421725 0
0 0 1 0 0 0 0 2376 77840473 10068919 0 15490644 0 0 0 0 77840473 3670017 67771554 5421725 0
1 -3670017 1 0 1 0 0 2541 83262217 15490644 0 20912371 0 0 0 0 83262217 3670018 67771573 5421727 0
0 0 1 0 0 0 0 2541 83262217 15490644 0 20912371 0 0 0 0 83262217 3670018 67771573 5421727 0
524287 -3670017 1 0 1 0 0 3002 98365555 20912371 0 27108627 0 0 0 0 98365555 4194304 77453184 6196256 0
0 0 1 0 0 0 0 3002 98365555 20912371 0 27108627 0 0 0 0 98365555 4194304 77453184 6196256 0
524288 -3670017 1 0 1 0 0 3191 104561829 27108627 0 33304884 0 0 0 0 104561829 4194305 77453202 6196257 0
0 0 1 0 0 0 0 3191 104561829 27108627 0 33304884 0 0 0 0 104561829 4194305 77453202 6196257 0
524289 -3670017 1 0 1 0 0 3380 110758105 33304884 0 39501143 0 0 0 0 110758105 4194306 77453221 6196259 0
0 0 1 0 0 0 0 3380 110758105 33304884 0 39501143 0 0 0 0 110758105 4194306 77453221 6196259 0
3145727 -3670017 1 0 1 0 0 5046 165362567 39501143 0 49570059 0 0 0 0 165362567 6815744 125861424 10068916 0
0 0 1 0 0 0 0 5046 165362567 39501143 0 49570059 0 0 0 0 165362567 6815744 125861424 10068916 0
3145728 -3670017 1 0 1 0 0 5354 175431501 49570059 0 59638976 0 0 0 0 175431501 6815745 125861442 10068917 0
0 0 1 0 0 0 0 5354 175431501 49570059 0 59638976 0 0 0 0 175431501 6815745 125861442 10068917 0
3145729 -3670017 1 0 1 0 0 5661 185500437 59638976 0 69707895 0 0 0 0 185500437 6815746 125861461 10068919 0
0 0 1 0 0 0 0 5661 185500437 59638976 0 69707895 0 0 0 0 185500437 6815746 125861461 10068919 0
3670015 -3670017 1 0 1 0 0 6264 205250967 69707895 0 80551343 0 0 0 0 205250967 7340032 135543072 10843448 0
0 0 1 0 0 0 0 6264 205250967 69707895 0 80551343 0 0 0 0 205250967 7340032 135543072 10843448 0
3670016 -3670017 1 0 1 0 0 6595 216094433 80551343 0 91394792 0 0 0 0 216094433 7340033 135543090 10843449 0
0 0 1 0 0 0 0 6595 216094433 80551343 0 91394792 0 0 0 0 216094433 7340033 135543090 10843449 0
3670017 -3670017 1 0 1 0 0 6926 226937901 91394792 0 102238243 0 0 0 0 226937901 7340034 135543109 10843451 0
0 0 1 0 0 0 0 6926 226937901 91394792 0 102238243 0 0 0 0 226937901 7340034 135543109 10843451 0
8388607 -3670017 1 0 1 0 0 9916 324916147 102238243 0 120052479 0 0 0 0 324916147 12058624 222677904 17814236 0
0 0 1 0 0 0 0 9916 324916147 102238243 0 120052479 0 0 0 0 324916147 12058624 222677904 17814236 0
8388608 -3670017 1 0 1 0 0 10459 342730401 120052479 0 137866716 0 0 0 0 342730401 12058625 222677922 17814237 0
0 0 1 0 0 0 0 10459 342730401 120052479 0 137866716 0 0 0 0 342730401 12058625 222677922 17814237 0
8388609 -3670017 1 0 1 0 0 11003 360544657 137866716 0 155680955 0 0 0 0 360544657 12058626 222677941 17814239 0
0 0 1 0 0 0 0 11003 360544657 137866716 0 155680955 0 0 0 0 360544657 12058626 222677941 17814239 0
2147483646 -3670017 1 0 1 0 0 32768 39879482681 155680955 1 536870912 0 38805740857 0 0 1073741824 2151153663 39723801726 3177904795 0
0 0 1 0 0 0 0 32768 39879482681 155680955 1 536870912 0 38805740857 0 0 1073741824 2151153663 39723801726 3177904795 0
2147483647 -3670017 1 0 1 0 0 32768 40260672656 536870912 1 536870912 38805740857 39186930832 0 0 1073741824 2151153664 39723801744 3177904796 3104459271
0 0 1 0 0 0 0 32768 40260672656 536870912 1 536870912 38805740857 39186930832 0 0 1073741824 2151153664 39723801744 3177904796 3104459271
-2147483648 -3670016 1 1 1 0 0 0 -39051387760 536870912 1 0 39186930832 -37977645936 1 1 -1073741824 -2143813632 -39588258672 -3167061348 3134954469
0 0 1 0 0 0 0 0 -39051387760 536870912 1 0 39186930832 -37977645936 1 1 -1073741824 -2143813632 -39588258672 -3167061348 3134954469
-2147483647 -3670016 1 0 1 0 0 -32768 -39588258654 0 1 -128849669 -37977645936 -38514516830 0 0 -1073741824 -2143813631 -39588258654 -3167061347 -3038211678
0 0 1 0 0 0 0 -32768 -39588258654 0 1 -128849669 -37977645936 -38514516830 0 0 -1073741824 -2143813631 -39588258654 -3167061347 -3038211678
-8388609 -3670016 1 0 1 0 0 -6591 -215984519 -128849669 0 536870912 -38514516830 0 0 0 -215984519 -4718593 -87134850 -6970789 -3081161349
0 0 1 0 0 0 0 -6591 -215984519 -128849669 0 536870912 -38514516830 0 0 0 -215984519 -4718593 -87134850 -6970789 -3081161349
-8388608 -3670016 1 0 1 0 0 13725 449736080 536870912 0 529900124 0 0 0 0 449736080 -4718592 -87134832 -6970788 0
0 0 1 0 0 0 0 13725 449736080 536870912 0 529900124 0 0 0 0 449736080 -4718592 -87134832 -6970788 0
-8388607 -3670016 0 0 1 0 0 0 442765310 529900124 0 0 0 0 1 1 442765310 -4718591 -87134814 -6970787 0
0 0 1 0 0 0 0 0 442765310 529900124 0 0 0 0 1 1 442765310 -4718591 -87134814 -6970787 0
-3670017 -3670016 1 0 1 0 0 0 -18 0 0 -1 0 0 0 0 -18 -1 -18 -1 0
0 0 1 0 0 0 0 0 -18 0 0 -1 0 0 0 0 -18 -1 -18 -1 0
-3670016 -3670016 1 0 1 0 0 0 -1 -1 0 -1 0 0 0 0 -1 0 0 0 0
0 0 1 0 0 0 0 0 -1 -1 0 -1 0 0 0 0 -1 0 0 0 0
-3670015 -3670016 1 0 1 0 0 0 17 -1 0 0 0 0 0 0 17 1 18 1 0
0 0 1 0 0 0 0 0 17 -1 0 0 0 0 0 0 17 1 18 1 0
-3145729 -3670016 1 0 1 0 0 295 9681630 0 0 774531 0 0 0 0 9681630 524287 9681630 774531 0
0 0 1 0 0 0 0 295 9681630 0 0 774531 0 0 0 0 9681630 524287 9681630 774531 0
-3145728 -3670016 1 0 1 0 0 319 10456179 774531 0 1549063 0 0 0 0 10456179 524288 9681648 774532 0
0 0 1 0 0 0 0 319 10456179 774531 0 1549063 0 0 0 0 10456179 524288 9681648 774532 0
-3145727 -3670016 1 0 1 0 0 343 11230729 1549063 0 2323596 0 0 0 0 11230729 524289 9681666 774533 0
0 0 1 0 0 0 0 343 11230729 1549063 0 2323596 0 0 0 0 11230729 524289 9681666 774533 0
-524289 -3670016 1 0 1 0 0 1844 60413466 2323596 0 6970787 0 0 0 0 60413466 3145727 58089870 4647191 0
0 0 1 0 0 0 0 1844 60413466 2323596 0 6970787 0 0 0 0 60413466 3145727 58089870 4647191 0
-524288 -3670016 1 0 1 0 0 1985 65060675 6970787 0 11617979 0 0 0 0 65060675 3145728 58089888 4647192 0
0 0 1 0 0 0 0 1985 65060675 6970787 0 11617979 0 0 0 0 65060675 3145728 58089888 4647192 0
-524287 -3670016 1 0 1 0 0 2127 69707885 11617979 0 16265172 0 0 0 0 69707885 3145729 58089906 4647193 0
0 0 1 0 0 0 0 2127 69707885 11617979 0 16265172 0 0 0 0 69707885 3145729 58089906 4647193 0
-1 -3670016 1 0 1 0 0 2565 84036690 16265172 0 21686895 0 0 0 0 84036690 3670015 67771518 5421723 0
0 0 1 0 0 0 0 2565 84036690 16265172 0 21686895 0 0 0 0 84036690 3670015 67771518 5421723 0
0 -3670016 1 0 1 0 0 2730 89458431 21686895 0 27108619 0 0 0 0 89458431 3670016 67771536 5421724 0
0 0 1 0 0 0 0 2730 89458431 21686895 0 27108619 0 0 0 0 89458431 3670016 67771536 5421724 0
1 -3670016 1 0 1 0 0 2896 94880173 27108619 0 32530344 0 0 0 0 94880173 3670017 67771554 5421725 0
0 0 1 0 0 0 0 2896 94880173 27108619 0 32530344 0 0 0 0 94880173 3670017 67771554 5421725 0
524287 -3670016 1 0 1 0 0 3356 109983510 32530344 0 38726599 0 0 0 0 109983510 4194303 77453166 6196255 0
0 0 1 0 0 0 0 3356 109983510 32530344 0 38726599 0 0 0 0 109983510 4194303 77453166 6196255 0
524288 -3670016 1 0 1 0 0 3546 116179783 38726599 0 44922855 0 0 0 0 116179783 4194304 77453184 6196256 0
0 0 1 0 0 0 0 3546 116179783 38726599 0 44922855 0 0 0 0 116179783 4194304 77453184 6196256 0
524289 -3670016 1 0 1 0 0 3735 122376057 44922855 0 51119112 0 0 0 0 122376057 4194305 77453202 6196257 0
0 0 1 0 0 0 0 3735 122376057 44922855 0 51119112 0 0 0 0 122376057 4194305 77453202 6196257 0
3145727 -3670016 1 0 1 0 0 5401 176980518 51119112 0 61188027 0 0 0 0 176980518 6815743 125861406 10068915 0
0 0 1 0 0 0 0 5401 176980518 51119112 0 61188027 0 0 0 0 176980518 6815743 125861406 10068915 0
3145728 -3670016 1 0 1 0 0 5708 187049451 61188027 0 71256943 0 0 0 0 187049451 6815744 125861424 10068916 0
0 0 1 0 0 0 0 5708 187049451 61188027 0 71256943 0 0 0 0 187049451 6815744 125861424 10068916 0
3145729 -3670016 1 0 1 0 0 6016 197118385 71256943 0 81325860 0 0 0 0 197118385 6815745 125861442 10068917 0
0 0 1 0 0 0 0 6016 197118385 71256943 0 81325860 0 0 0 0 197118385 6815745 125861442 10068917 0
3670015 -3670016 1 0 1 0 0 6618 216868914 81325860 0 92169307 0 0 0 0 216868914 7340031 135543054 10843447 0
0 0 1 0 0 0 0 6618 216868914 81325860 0 92169307 0 0 0 0 216868914 7340031 135543054 10843447 0
3670016 -3670016 1 0 1 0 0 6949 227712379 92169307 0 103012755 0 0 0 0 227712379 7340032 135543072 10843448 0
0 0 1 0 0 0 0 6949 227712379 92169307 0 103012755 0 0 0 0 227712379 7340032 135543072 10843448 0
3670017 -3670016 1 0 1 1 0 0 238555845 103012755 0 0 0 0 1 1 238555845 7340033 135543090 10843449 0
0 0 1 0 0 0 0 0 238555845 103012755 0 0 0 0 1 1 238555845 7340033 135543090 10843449 0
8388607 -3670016 1 0 1 0 0 6796 222677886 0 0 17814235 0 0 0 0 222677886 12058623 222677886 17814235 0
0 0 1 0 0 0 0 6796 222677886 0 0 17814235 0 0 0 0 222677886 12058623 222677886 17814235 0
8388608 -3670016 0 0 1 0 0 0 240492139 17814235 0 0 0 0 1 1 240492139 12058624 222677904 17814236 0
0 0 1 0 0 0 0 0 240492139 17814235 0 0 0 0 1 1 240492139 12058624 222677904 17814236 0
8388609 -3670016 1 0 1 0 0 6796 222677922 0 0 17814237 0 0 0 0 222677922 12058625 222677922 17814237 0
0 0 1 0 0 0 0 6796 222677922 0 0 17814237 0 0 0 0 222677922 12058625 222677922 17814237 0
2147483646 -3670016 1 0 1 0 0 32768 39741615944 17814237 1 536870912 0 38667874120 0 0 1073741824 2151153662 39723801707 3177904793 0
0 0 1 0 0 0 0 32768 39741615944 17814237 1 536870912 0 38667874120 0 0 1073741824 2151153662 39723801707 3177904793 0
2147483647 -3670016 1 0 1 0 0 32768 40260672638 536870912 1 536870912 38667874120 39186930814 0 0 1073741824 2151153663 39723801726 3177904795 3093429932
0 0 1 0 0 0 0 32768 40260672638 536870912 1 536870912 38667874120 39186930814 0 0 1073741824 2151153663 39723801726 3177904795 3093429932
-2147483648 -3670015 1 1 1 0 0 0 -39051387778 536870912 1 0 39186930814 -37977645954 1 1 -1073741824 -2143813633 -39588258690 -3167061349 3134954468
0 0 1 0 0 0 0 0 -39051387778 536870912 1 0 39186930814 -37977645954 1 1 -1073741824 -2143813633 -39588258690 -3167061349 3134954468
-2147483647 -3670015 1 0 1 0 0 -32768 -39588258672 0 1 -128849669 -37977645954 -38514516848 0 0 -1073741824 -2143813632 -39588258672 -3167061348 -3038211679
0 0 1 0 0 0 0 -32768 -39588258672 0 1 -128849669 -37977645954 -38514516848 0 0 -1073741824 -2143813632 -39588258672 -3167061348 -3038211679
-8388609 -3670015 1 0 1 0 0 -6591 -215984538 -128849669 0 536870912 -38514516848 0 0 0 -215984538 -4718594 -87134869 -6970791 -3081161351
0 0 1 0 0 0 0 -6591 -215984538 -128849669 0 536870912 -38514516848 0 0 0 -215984538 -4718594 -87134869 -6970791 -3081161351
-8388608 -3670015 1 0 1 0 0 13725 449736062 536870912 0 529900123 0 0 0 0 449736062 -4718593 -87134850 -6970789 0
0 0 1 0 0 0 0 13725 449736062 536870912 0 529900123 0 0 0 0 449736062 -4718593 -87134850 -6970789 0
-8388607 -3670015 1 0 1 0 0 13512 442765291 529900123 0 522929335 0 0 0 0 442765291 -4718592 -87134832 -6970788 0
0 0 1 0 0 0 0 13512 442765291 529900123 0 522929335 0 0 0 0 442765291 -4718592 -87134832 -6970788 0
-3670017 -3670015 1 0 1 0 0 15959 522929298 522929335 0 522929332 0 0 0 0 522929298 -2 -37 -3 0
0 0 1 0 0 0 0 15959 522929298 522929335 0 522929332 0 0 0 0 522929298 -2 -37 -3 0
-3670016 -3670015 1 0 1 0 0 15959 522929314 522929332 0 522929331 0 0 0 0 522929314 -1 -18 -1 0
0 0 1 0 0 0 0 15959 522929314 522929332 0 522929331 0 0 0 0 522929314 -1 -18 -1 0
-3670015 -3670015 1 0 1 0 0 15959 522929331 522929331 0 522929331 0 0 0 0 522929331 0 0 0 0
0 0 1 0 0 0 0 15959 522929331 522929331 0 522929331 0 0 0 0 522929331 0 0 0 0
-3145729 -3670015 1 0 1 0 0 16254 532610942 522929331 0 523703860 0 0 0 0 532610942 524286 9681611 774529 0
0 0 1 0 0 0 0 16254 532610942 522929331 0 523703860 0 0 0 0 532610942 524286 9681611 774529 0
-3145728 -3670015 1 0 1 0 0 16278 533385490 523703860 0 524478391 0 0 0 0 533385490 524287 9681630 774531 0
0 0 1 0 0 0 0 16278 533385490 523703860 0 524478391 0 0 0 0 533385490 524287 9681630 774531 0
-3145727 -3670015 1 0 1 0 0 16301 534160039 524478391 0 525252923 0 0 0 0 534160039 524288 9681648 774532 0
0 0 1 0 0 0 0 16301 534160039 524478391 0 525252923 0 0 0 0 534160039 524288 9681648 774532 0
-524289 -3670015 1 0 1 0 0 17802 583342774 525252923 0 529900112 0 0 0 0 583342774 3145726 58089851 4647189 0
0 0 1 0 0 0 0 17802 583342774 525252923 0 529900112 0 0 0 0 583342774 3145726 58089851 4647189 0
-524288 -3670015 1 0 1 0 1 0 587989982 529900112 0 0 0 0 1 1 587989982 3145727 58089870 4647191 0
0 0 1 0 0 0 0 0 587989982 529900112 0 0 0 0 1 1 587989982 3145727 58089870 4647191 0
-524287 -3670015 1 0 1 0 0 1773 58089888 0 0 4647192 0 0 0 0 58089888 3145728 58089888 4647192 0
0 0 1 0 0 0 0 1773 58089888 0 0 4647192 0 0 0 0 58089888 3145728 58089888 4647192 0
-1 -3670015 1 0 1 0 0 2210 72418691 4647192 0 10068913 0 0 0 0 72418691 3670014 67771499 5421721 0
0 0 1 0 0 0 0 2210 72418691 4647192 0 10068913 0 0 0 0 72418691 3670014 67771499 5421721 0
0 -3670015 1 0 1 0 0 2376 77840431 10068913 0 15490636 0 0 0 0 77840431 3670015 67771518 5421723 0
0 0 1 0 0 0 0 2376 77840431 10068913 0 15490636 0 0 0 0 77840431 3670015 67771518 5421723 0
1 -3670015 1 0 1 0 0 2541 83262172 15490636 0 20912360 0 0 0 0 83262172 3670016 67771536 5421724 0
0 0 1 0 0 0 0 2541 83262172 15490636 0 20912360 0 0 0 0 83262172 3670016 67771536 5421724 0
524287 -3670015 1 0 1 0 0 3002 98365507 20912360 0 27108613 0 0 0 0 98365507 4194302 77453147 6196253 0
0 0 1 0 0 0 0 3002 98365507 20912360 0 27108613 0 0 0 0 98365507 4194302 77453147 6196253 0
524288 -3670015 1 0 1 0 0 3191 104561779 27108613 0 33304868 0 0 0 0 104561779 4194303 77453166 6196255 0
0 0 1 0 0 0 0 3191 104561779 27108613 0 33304868 0 0 0 0 104561779 4194303 77453166 6196255 0
524289 -3670015 0 0 1 0 0 0 110758052 33304868 0 0 0 0 1 1 110758052 4194304 77453184 6196256 0
0 0 1 0 0 0 0 0 110758052 33304868 0 0 0 0 1 1 110758052 4194304 77453184 6196256 0
3145727 -3670015 1 0 1 0 0 3841 125861387 0 0 10068913 0 0 0 0 125861387 6815742 125861387 10068913 0
0 0 1 0 0 0 0 3841 125861387 0 0 10068913 0 0 0 0 125861387 6815742 125861387 10068913 0
3145728 -3670015 1 0 1 0 0 4148 135930319 10068913 0 20137828 0 0 0 0 135930319 6815743 125861406 10068915 0
0 0 1 0 0 0 0 4148 135930319 10068913 0 20137828 0 0 0 0 135930319 6815743 125861406 10068915 0
3145729 -3670015 1 0 1 0 0 4456 145999252 20137828 0 30206744 0 0 0 0 145999252 6815744 125861424 10068916 0
0 0 1 0 0 0 0 4456 145999252 20137828 0 30206744 0 0 0 0 145999252 6815744 125861424 10068916 0
3670015 -3670015 1 0 1 0 0 5058 165749779 30206744 0 41050189 0 0 0 0 165749779 7340030 135543035 10843445 0
0 0 1 0 0 0 0 5058 165749779 30206744 0 41050189 0 0 0 0 165749779 7340030 135543035 10843445 0
3670016 -3670015 1 0 1 0 0 5389 176593243 41050189 0 51893636 0 0 0 0 176593243 7340031 135543054 10843447 0
0 0 1 0 0 0 0 5389 176593243 41050189 0 51893636 0 0 0 0 176593243 7340031 135543054 10843447 0
3670017 -3670015 1 0 1 0 0 5720 187436708 51893636 0 62737084 0 0 0 0 187436708 7340032 135543072 10843448 0
0 0 1 0 0 0 0 5720 187436708 51893636 0 62737084 0 0 0 0 187436708 7340032 135543072 10843448 0
8388607 -3670015 1 0 1 0 0 8710 285414951 62737084 0 80551317 0 0 0 0 285414951 12058622 222677867 17814233 0
0 0 1 0 0 0 0 8710 285414951 62737084 0 80551317 0 0 0 0 285414951 12058622 222677867 17814233 0
8388608 -3670015 1 0 1 0 0 9254 303229203 80551317 0 98365552 0 0 0 0 303229203 12058623 222677886 17814235 0
0 0 1 0 0 0 0 9254 303229203 80551317 0 98365552 0 0 0 0 303229203 12058623 222677886 17814235 0
8388609 -3670015 1 0 1 0 0 9797 321043456 98365552 0 116179788 0 0 0 0 321043456 12058624 222677904 17814236 0
0 0 1 0 0 0 0 9797 321043456 98365552 0 116179788 0 0 0 0 321043456 12058624 222677904 17814236 0
2147483646 -3670015 1 0 1 0 0 32768 39839981477 116179788 1 536870912 0 38766239653 0 0 1073741824 2151153661 39723801689 3177904792 0
0 0 1 0 0 0 0 32768 39839981477 116179788 1 536870912 0 38766239653 0 0 1073741824 2151153661 39723801689 3177904792 0
2147483647 -3670015 1 0 1 0 0 32768 40260672619 536870912 1 536870912 38766239653 39186930795 0 0 1073741824 2151153662 39723801707 3177904793 3101299175
0 0 1 0 0 0 0 32768 40260672619 536870912 1 536870912 38766239653 39186930795 0 0 1073741824 2151153662 39723801707 3177904793 3101299175
-2147483648 -3145729 1 1 1 0 0 0 -39061069390 536870912 1 0 39186930795 -37987327566 1 1 -1073741824 -2144337919 -39597940302 -3167835879 3134954467
0 0 1 0 0 0 0 0 -39061069390 536870912 1 0 39186930795 -37987327566 1 1 -1073741824 -2144337919 -39597940302 -3167835879 3134954467
-2147483647 -3145729 1 0 1 0 0 -32768 -39597940283 0 1 -128849669 -37987327566 -38524198459 0 0 -1073741824 -2144337918 -39597940283 -3167835877 -3038986208
0 0 1 0 0 0 0 -32768 -39597940283 0 1 -128849669 -37987327566 -38524198459 0 0 -1073741824 -2144337918 -39597940283 -3167835877 -3038986208
-8388609 -3145729 1 0 1 0 0 -6887 -225666149 -128849669 0 536870912 -38524198459 0 0 0 -225666149 -5242880 -96816480 -7745320 -3081935880
0 0 1 0 0 0 0 -6887 -225666149 -128849669 0 536870912 -38524198459 0 0 0 -225666149 -5242880 -96816480 -7745320 -3081935880
-8388608 -3145729 1 0 1 0 0 13429 440054450 536870912 0 529125593 0 0 0 0 440054450 -5242879 -96816462 -7745319 0
0 0 1 0 0 0 0 13429 440054450 536870912 0 529125593 0 0 0 0 440054450 -5242879 -96816462 -7745319 0
-8388607 -3145729 1 0 1 0 0 13193 432309150 529125593 0 521380276 0 0 0 0 432309150 -5242878 -96816443 -7745317 0
0 0 1 0 0 0 0 13193 432309150 529125593 0 521380276 0 0 0 0 432309150 -5242878 -96816443 -7745317 0
-3670017 -3145729 1 0 1 0 0 15616 511698628 521380276 0 520605744 0 0 0 0 511698628 -524288 -9681648 -774532 0
0 0 1 0 0 0 0 15616 511698628 521380276 0 520605744 0 0 0 0 511698628 -524288 -9681648 -774532 0
-3670016 -3145729 1 0 1 0 0 15592 510924114 520605744 0 519831213 0 0 0 0 510924114 -524287 -9681630 -774531 0
0 0 1 0 0 0 0 15592 510924114 520605744 0 519831213 0 0 0 0 510924114 -524287 -9681630 -774531 0
-3670015 -3145729 1 0 1 0 0 15569 510149602 519831213 0 519056684 0 0 0 0 510149602 -524286 -9681611 -774529 0
0 0 1 0 0 0 0 15569 510149602 519831213 0 519056684 0 0 0 0 510149602 -524286 -9681611 -774529 0
-3145729 -3145729 1 0 1 0 0 15840 519056684 519056684 0 519056684 0 0 0 0 519056684 0 0 0 0
0 0 1 0 0 0 0 15840 519056684 519056684 0 519056684 0 0 0 0 519056684 0 0 0 0
-3145728 -3145729 1 0 1 0 0 15840 519056702 519056684 0 519056685 0 0 0 0 519056702 1 18 1 0
0 0 1 0 0 0 0 15840 519056702 519056684 0 519056685 0 0 0 0 519056702 1 18 1 0
-3145727 -3145729 1 0 1 0 0 15840 519056722 519056685 0 519056688 0 0 0 0 519056722 2 37 3 0
0 0 1 0 0 0 0 15840 519056722 519056685 0 519056688 0 0 0 0 519056722 2 37 3 0
-524289 -3145729 0 0 1 0 0 0 567464928 519056688 0 0 0 0 1 1 567464928 2621440 48408240 3872660 0
0 0 1 0 0 0 0 0 567464928 519056688 0 0 0 0 1 1 567464928 2621440 48408240 3872660 0
-524288 -3145729 1 0 1 0 0 1477 48408258 0 0 3872661 0 0 0 0 48408258 2621441 48408258 3872661 0
0 0 1 0 0 0 0 1477 48408258 0 0 3872661 0 0 0 0 48408258 2621441 48408258 3872661 0
-524287 -3145729 1 0 1 0 0 1595 52280938 3872661 0 7745324 0 0 0 0 52280938 2621442 48408277 3872663 0
0 0 1 0 0 0 0 1595 52280938 3872661 0 7745324 0 0 0 0 52280938 2621442 48408277 3872663 0
-1 -3145729 1 0 1 0 0 2009 65835212 7745324 0 12392516 0 0 0 0 65835212 3145728 58089888 4647192 0
0 0 1 0 0 0 0 2009 65835212 7745324 0 12392516 0 0 0 0 65835212 3145728 58089888 4647192 0
0 -3145729 1 0 1 0 0 2151 70482422 12392516 0 17039709 0 0 0 0 70482422 3145729 58089906 4647193 0
0 0 1 0 0 0 0 2151 70482422 12392516 0 17039709 0 0 0 0 70482422 3145729 58089906 4647193 0
1 -3145729 1 0 1 0 0 2293 75129634 17039709 0 21686904 0 0 0 0 75129634 3145730 58089925 4647195 0
0 0 1 0 0 0 0 2293 75129634 17039709 0 21686904 0 0 0 0 75129634 3145730 58089925 4647195 0
524287 -3145729 1 0 1 0 0 2730 89458440 21686904 0 27108628 0 0 0 0 89458440 3670016 67771536 5421724 0
0 0 1 0 0 0 0 2730 89458440 21686904 0 27108628 0 0 0 0 89458440 3670016 67771536 5421724 0
524288 -3145729 1 0 1 0 0 2896 94880182 27108628 0 32530353 0 0 0 0 94880182 3670017 67771554 5421725 0
0 0 1 0 0 0 0 2896 94880182 27108628 0 32530353 0 0 0 0 94880182 3670017 67771554 5421725 0
524289 -3145729 1 0 1 0 0 3061 100301926 32530353 0 37952080 0 0 0 0 100301926 3670018 67771573 5421727 0
0 0 1 0 0 0 0 3061 100301926 32530353 0 37952080 0 0 0 0 100301926 3670018 67771573 5421727 0
3145727 -3145729 1 0 1 0 0 4704 154131856 37952080 0 47246464 0 0 0 0 154131856 6291456 116179776 9294384 0
0 0 1 0 0 0 0 4704 154131856 37952080 0 47246464 0 0 0 0 154131856 6291456 116179776 9294384 0
3145728 -3145729 1 0 1 0 0 4987 163426258 47246464 0 56540849 0 0 0 0 163426258 6291457 116179794 9294385 0
0 0 1 0 0 0 0 4987 163426258 47246464 0 56540849 0 0 0 0 163426258 6291457 116179794 9294385 0
3145729 -3145729 1 0 1 0 0 5271 172720662 56540849 0 65835236 0 0 0 0 172720662 6291458 116179813 9294387 0
0 0 1 0 0 0 0 5271 172720662 56540849 0 65835236 0 0 0 0 172720662 6291458 116179813 9294387 0
3670015 -3145729 1 0 1 0 0 5850 191696660 65835236 0 75904152 0 0 0 0 191696660 6815744 125861424 10068916 0
0 0 1 0 0 0 0 5850 191696660 65835236 0 75904152 0 0 0 0 191696660 6815744 125861424 10068916 0
3670016 -3145729 1 0 1 0 0 6157 201765594 75904152 0 85973069 0 0 0 0 201765594 6815745 125861442 10068917 0
0 0 1 0 0 0 0 6157 201765594 75904152 0 85973069 0 0 0 0 201765594 6815745 125861442 10068917 0
3670017 -3145729 1 0 1 0 0 6465 211834530 85973069 0 96041988 0 0 0 0 211834530 6815746 125861461 10068919 0
0 0 1 0 0 0 0 6465 211834530 85973069 0 96041988 0 0 0 0 211834530 6815746 125861461 10068919 0
8388607 -3145729 1 0 1 0 0 9431 309038244 96041988 0 113081692 0 0 0 0 309038244 11534336 212996256 17039704 0
0 0 1 0 0 0 0 9431 309038244 96041988 0 113081692 0 0 0 0 309038244 11534336 212996256 17039704 0
8388608 -3145729 1 0 1 0 0 9951 326077966 113081692 0 130121397 0 0 0 0 326077966 11534337 212996274 17039705 0
0 0 1 0 0 0 0 9951 326077966 113081692 0 130121397 0 0 0 0 326077966 11534337 212996274 17039705 0
8388609 -3145729 1 0 1 0 0 10471 343117690 130121397 0 147161104 0 0 0 0 343117690 11534338 212996293 17039707 0
0 0 1 0 0 0 0 10471 343117690 130121397 0 147161104 0 0 0 0 343117690 11534338 212996293 17039707 0
2147483646 -3145729 1 0 1 0 0 32768 39861281182 147161104 1 536870912 0 38787539358 0 0 1073741824 2150629375 39714120078 3177130263 0
0 0 1 0 0 0 0 32768 39861281182 147161104 1 536870912 0 38787539358 0 0 1073741824 2150629375 39714120078 3177130263 0
2147483647 -3145729 1 0 1 1 0 0 40250991008 536870912 1 0 38787539358 39177249184 1 1 1073741824 2150629376 39714120096 3177130264 3103003152
0 0 1 0 0 0 0 0 40250991008 536870912 1 0 38787539358 39177249184 1 1 1073741824 2150629376 39714120096 3177130264 3103003152
-2147483648 -3145728 1 1 1 0 0 0 -39597940320 0 1 0 39177249184 -38524198496 1 1 -1073741824 -2144337920 -39597940320 -3167835880 3134179938
0 0 1 0 0 0 0 0 -39597940320 0 1 0 39177249184 -38524198496 1 1 -1073741824 -2144337920 -39597940320 -3167835880 3134179938
-2147483647 -3145728 1 0 1 0 0 -32768 -39597940302 0 1 -85899996 -38524198496 -38524198478 0 0 -1073741824 -2144337919 -39597940302 -3167835879 -3081935883
0 0 1 0 0 0 0 -32768 -39597940302 0 1 -85899996 -38524198496 -38524198478 0 0 -1073741824 -2144337919 -39597940302 -3167835879 -3081935883
-8388609 -3145728 1 0 1 0 0 -5576 -182716494 -85899996 0 536870912 -38524198478 0 0 0 -182716494 -5242881 -96816498 -7745321 -3081935881
0 0 1 0 0 0 0 -5576 -182716494 -85899996 0 536870912 -38524198478 0 0 0 -182716494 -5242881 -96816498 -7745321 -3081935881
-8388608 -3145728 0 0 1 0 0 0 440054432 536870912 0 0 0 0 1 1 440054432 -5242880 -96816480 -7745320 0
0 0 1 0 0 0 0 0 440054432 536870912 0 0 0 0 1 1 440054432 -5242880 -96816480 -7745320 0
-8388607 -3145728 1 0 1 0 0 -2955 -96816462 0 0 -7745319 0 0 0 0 -96816462 -5242879 -96816462 -7745319 0
0 0 1 0 0 0 0 -2955 -96816462 0 0 -7745319 0 0 0 0 -96816462 -5242879 -96816462 -7745319 0
-3670017 -3145728 1 0 1 0 0 -532 -17426985 -7745319 0 -8519852 0 0 0 0 -17426985 -524289 -9681666 -774533 0
0 0 1 0 0 0 0 -532 -17426985 -7745319 0 -8519852 0 0 0 0 -17426985 -524289 -9681666 -774533 0
-3670016 -3145728 1 0 1 0 0 -555 -18201500 -8519852 0 -9294384 0 0 0 0 -18201500 -524288 -9681648 -774532 0
0 0 1 0 0 0 0 -555 -18201500 -8519852 0 -9294384 0 0 0 0 -18201500 -524288 -9681648 -774532 0
-3670015 -3145728 1 0 1 0 0 -579 -18976014 -9294384 0 -10068915 0 0 0 0 -18976014 -524287 -9681630 -774531 0
0 0 1 0 0 0 0 -579 -18976014 -9294384 0 -10068915 0 0 0 0 -18976014 -524287 -9681630 -774531 0
-3145729 -3145728 1 0 1 0 0 -307 -10068933 -10068915 0 -10068916 0 0 0 0 -10068933 -1 -18 -1 0
0 0 1 0 0 0 0 -307 -10068933 -10068915 0 -10068916 0 0 0 0 -10068933 -1 -18 -1 0
-3145728 -3145728 1 0 1 0 0 -307 -10068916 -10068916 0 -10068916 0 0 0 0 -10068916 0 0 0 0
0 0 1 0 0 0 0 -307 -10068916 -10068916 0 -10068916 0 0 0 0 -10068916 0 0 0 0
-3145727 -3145728 1 0 1 0 0 -307 -10068898 -10068916 0 -10068915 0 0 0 0 -10068898 1 18 1 0
0 0 1 0 0 0 0 -307 -10068898 -10068916 0 -10068915 0 0 0 0 -10068898 1 18 1 0
-524289 -3145728 1 0 1 0 0 1170 38339307 -10068915 0 -6196256 0 0 0 0 38339307 2621439 48408222 3872659 0
0 0 1 0 0 0 0 1170 38339307 -10068915 0 -6196256 0 0 0 0 38339307 2621439 48408222 3872659 0
-524288 -3145728 1 0 1 0 0 1288 42211984 -6196256 0 -2323596 0 0 0 0 42211984 2621440 48408240 3872660 0
0 0 1 0 0 0 0 1288 42211984 -6196256 0 -2323596 0 0 0 0 42211984 2621440 48408240 3872660 0
-524287 -3145728 1 0 1 0 0 1406 46084662 -2323596 0 1549065 0 0 0 0 46084662 2621441 48408258 3872661 0
0 0 1 0 0 0 0 1406 46084662 -2323596 0 1549065 0 0 0 0 46084662 2621441 48408258 3872661 0
-1 -3145728 1 0 1 0 0 1820 59638935 1549065 0 6196256 0 0 0 0 59638935 3145727 58089870 4647191 0
0 0 1 0 0 0 0 1820 59638935 1549065 0 6196256 0 0 0 0 59638935 3145727 58089870 4647191 0
0 -3145728 1 0 1 0 0 1962 64286144 6196256 0 10843448 0 0 0 0 64286144 3145728 58089888 4647192 0
0 0 1 0 0 0 0 1962 64286144 6196256 0 10843448 0 0 0 0 64286144 3145728 58089888 4647192 0
1 -3145728 1 0 1 0 0 2104 68933354 10843448 0 15490641 0 0 0 0 68933354 3145729 58089906 4647193 0
0 0 1 0 0 0 0 2104 68933354 10843448 0 15490641 0 0 0 0 68933354 3145729 58089906 4647193 0
524287 -3145728 1 0 1 0 0 2541 83262159 15490641 0 20912364 0 0 0 0 83262159 3670015 67771518 5421723 0
0 0 1 0 0 0 0 2541 83262159 15490641 0 20912364 0 0 0 0 83262159 3670015 67771518 5421723 0
524288 -3145728 1 0 1 0 0 2706 88683900 20912364 0 26334088 0 0 0 0 88683900 3670016 67771536 5421724 0
0 0 1 0 0 0 0 2706 88683900 20912364 0 26334088 0 0 0 0 88683900 3670016 67771536 5421724 0
524289 -3145728 1 0 1 0 0 2872 94105642 26334088 0 31755813 0 0 0 0 94105642 3670017 67771554 5421725 0
0 0 1 0 0 0 0 2872 94105642 26334088 0 31755813 0 0 0 0 94105642 3670017 67771554 5421725 0
3145727 -3145728 1 0 1 0 0 4515 147935571 31755813 0 41050196 0 0 0 0 147935571 6291455 116179758 9294383 0
0 0 1 0 0 0 0 4515 147935571 31755813 0 41050196 0 0 0 0 147935571 6291455 116179758 9294383 0
3145728 -3145728 1 0 1 0 1 0 157229972 41050196 0 0 0 0 1 1 157229972 6291456 116179776 9294384 0
0 0 1 0 0 0 0 0 157229972 41050196 0 0 0 0 1 1 157229972 6291456 116179776 9294384 0
3145729 -3145728 1 0 1 0 0 3546 116179794 0 0 9294385 0 0 0 0 116179794 6291457 116179794 9294385 0
0 0 1 0 0 0 0 3546 116179794 0 0 9294385 0 0 0 0 116179794 6291457 116179794 9294385 0
3670015 -3145728 1 0 1 0 0 4125 135155791 9294385 0 19363300 0 0 0 0 135155791 6815743 125861406 10068915 0
0 0 1 0 0 0 0 4125 135155791 9294385 0 19363300 0 0 0 0 135155791 6815743 125861406 10068915 0
3670016 -3145728 1 0 1 0 0 4432 145224724 19363300 0 29432216 0 0 0 0 145224724 6815744 125861424 10068916 0
0 0 1 0 0 0 0 4432 145224724 19363300 0 29432216 0 0 0 0 145224724 6815744 125861424 10068916 0
3670017 -3145728 1 0 1 0 0 4739 155293658 29432216 0 39501133 0 0 0 0 155293658 6815745 125861442 10068917 0
0 0 1 0 0 0 0 4739 155293658 29432216 0 39501133 0 0 0 0 155293658 6815745 125861442 10068917 0
8388607 -3145728 0 0 1 0 0 0 252497371 39501133 0 0 0 0 1 1 252497371 11534335 212996238 17039703 0
0 0 1 0 0 0 0 0 252497371 39501133 0 0 0 0 1 1 252497371 11534335 212996238 17039703 0
8388608 -3145728 1 0 1 0 0 6500 212996256 0 0 17039704 0 0 0 0 212996256 11534336 212996256 17039704 0
0 0 1 0 0 0 0 6500 212996256 0 0 17039704 0 0 0 0 212996256 11534336 212996256 17039704 0
8388609 -3145728 1 0 1 0 0 7020 230035978 17039704 0 34079409 0 0 0 0 230035978 11534337 212996274 17039705 0
0 0 1 0 0 0 0 7020 230035978 17039704 0 34079409 0 0 0 0 230035978 11534337 212996274 17039705 0
2147483646 -3145728 1 0 1 0 0 32768 39748199468 34079409 1 536870912 0 38674457644 0 0 1073741824 2150629374 39714120059 3177130261 0
0 0 1 0 0 0 0 32768 39748199468 34079409 1 536870912 0 38674457644 0 0 1073741824 2150629374 39714120059 3177130261 0
2147483647 -3145728 1 0 1 0 0 32768 40250990990 536870912 1 536870912 38674457644 39177249166 0 0 1073741824 2150629375 39714120078 3177130263 3093956614
0 0 1 0 0 0 0 32768 40250990990 536870912 1 536870912 38674457644 39177249166 0 0 1073741824 2150629375 39714120078 3177130263 3093956614
-2147483648 -3145727 1 1 1 0 0 0 -39061069426 536870912 1 0 39177249166 -37987327602 1 1 -1073741824 -2144337921 -39597940338 -3167835881 3134179936
0 0 1 0 0 0 0 0 -39061069426 536870912 1 0 39177249166 -37987327602 1 1 -1073741824 -2144337921 -39597940338 -3167835881 3134179936
-2147483647 -3145727 1 0 1 0 0 -32768 -39597940320 0 1 -128849669 -37987327602 -38524198496 0 0 -1073741824 -2144337920 -39597940320 -3167835880 -3038986211
0 0 1 0 0 0 0 -32768 -39597940320 0 1 -128849669 -37987327602 -38524198496 0 0 -1073741824 -2144337920 -39597940320 -3167835880 -3038986211
-8388609 -3145727 1 0 1 0 0 -6887 -225666186 -128849669 0 536870912 -38524198496 0 0 0 -225666186 -5242882 -96816517 -7745323 -3081935883
0 0 1 0 0 0 0 -6887 -225666186 -128849669 0 536870912 -38524198496 0 0 0 -225666186 -5242882 -96816517 -7745323 -3081935883
-8388608 -3145727 1 0 1 0 0 13429 440054414 536870912 0 529125591 0 0 0 0 440054414 -5242881 -96816498 -7745321 0
0 0 1 0 0 0 0 13429 440054414 536870912 0 529125591 0 0 0 0 440054414 -5242881 -96816498 -7745321 0
-8388607 -3145727 1 0 1 0 0 13193 432309111 529125591 0 521380271 0 0 0 0 432309111 -5242880 -96816480 -7745320 0
0 0 1 0 0 0 0 13193 432309111 529125591 0 521380271 0 0 0 0 432309111 -5242880 -96816480 -7745320 0
-3670017 -3145727 1 0 1 0 0 15616 511698586 521380271 0 520605736 0 0 0 0 511698586 -524290 -9681685 -774535 0
0 0 1 0 0 0 0 15616 511698586 521380271 0 520605736 0 0 0 0 511698586 -524290 -9681685 -774535 0
-3670016 -3145727 1 0 1 0 0 15592 510924070 520605736 0 519831203 0 0 0 0 510924070 -524289 -9681666 -774533 0
0 0 1 0 0 0 0 15592 510924070 520605736 0 519831203 0 0 0 0 510924070 -524289 -9681666 -774533 0
-3670015 -3145727 1 0 1 0 0 15569 510149555 519831203 0 519056671 0 0 0 0 510149555 -524288 -9681648 -774532 0
0 0 1 0 0 0 0 15569 510149555 519831203 0 519056671 0 0 0 0 510149555 -524288 -9681648 -774532 0
-3145729 -3145727 1 0 1 0 0 15840 519056634 519056671 0 519056668 0 0 0 0 519056634 -2 -37 -3 0
0 0 1 0 0 0 0 15840 519056634 519056671 0 519056668 0 0 0 0 519056634 -2 -37 -3 0
-3145728 -3145727 1 0 1 0 0 15840 519056650 519056668 0 519056667 0 0 0 0 519056650 -1 -18 -1 0
0 0 1 0 0 0 0 15840 519056650 519056668 0 519056667 0 0 0 0 519056650 -1 -18 -1 0
-3145727 -3145727 1 0 1 0 0 15840 519056667 519056667 0 519056667 0 0 0 0 519056667 0 0 0 0
0 0 1 0 0 0 0 15840 519056667 519056667 0 519056667 0 0 0 0 519056667 0 0 0 0
-524289 -3145727 1 0 1 0 0 17318 567464870 519056667 0 522929324 0 0 0 0 567464870 2621438 48408203 3872657 0
0 0 1 0 0 0 0 17318 567464870 519056667 0 522929324 0 0 0 0 567464870 2621438 48408203 3872657 0
-524288 -3145727 1 0 1 0 0 17436 571337546 522929324 0 526801983 0 0 0 0 571337546 2621439 48408222 3872659 0
0 0 1 0 0 0 0 17436 571337546 522929324 0 526801983 0 0 0 0 571337546 2621439 48408222 3872659 0
-524287 -3145727 1 0 1 0 0 17554 575210223 526801983 0 530674643 0 0 0 0 575210223 2621440 48408240 3872660 0
0 0 1 0 0 0 0 17554 575210223 526801983 0 530674643 0 0 0 0 575210223 2621440 48408240 3872660 0
-1 -3145727 1 0 1 0 0 17968 588764494 530674643 0 535321832 0 0 0 0 588764494 3145726 58089851 4647189 0
0 0 1 0 0 0 0 17968 588764494 530674643 0 535321832 0 0 0 0 588764494 3145726 58089851 4647189 0
0 -3145727 1 0 1 0 0 18109 593411702 535321832 0 536870912 0 0 0 0 593411702 3145727 58089870 4647191 0
0 0 1 0 0 0 0 18109 593411702 535321832 0 536870912 0 0 0 0 593411702 3145727 58089870 4647191 0
1 -3145727 1 0 1 0 0 18157 594960800 536870912 0 536870912 0 0 0 0 594960800 3145728 58089888 4647192 0
0 0 1 0 0 0 0 18157 594960800 536870912 0 536870912 0 0 0 0 594960800 3145728 58089888 4647192 0
524287 -3145727 1 0 1 0 0 18452 604642411 536870912 0 536870912 0 0 0 0 604642411 3670014 67771499 5421721 0
0 0 1 0 0 0 0 18452 604642411 536870912 0 536870912 0 0 0 0 604642411 3670014 67771499 5421721 0
524288 -3145727 0 0 1 0 0 0 604642430 536870912 0 0 0 0 1 1 604642430 3670015 67771518 5421723 0
0 0 1 0 0 0 0 0 604642430 536870912 0 0 0 0 1 1 604642430 3670015 67771518 5421723 0
524289 -3145727 1 0 1 0 0 2068 67771536 0 0 5421724 0 0 0 0 67771536 3670016 67771536 5421724 0
0 0 1 0 0 0 0 2068 67771536 0 0 5421724 0 0 0 0 67771536 3670016 67771536 5421724 0
3145727 -3145727 1 0 1 0 0 3711 121601463 5421724 0 14716105 0 0 0 0 121601463 6291454 116179739 9294381 0
0 0 1 0 0 0 0 3711 121601463 5421724 0 14716105 0 0 0 0 121601463 6291454 116179739 9294381 0
3145728 -3145727 1 0 1 0 0 3995 130895863 14716105 0 24010488 0 0 0 0 130895863 6291455 116179758 9294383 0
0 0 1 0 0 0 0 3995 130895863 14716105 0 24010488 0 0 0 0 130895863 6291455 116179758 9294383 0
3145729 -3145727 1 0 1 0 0 4278 140190264 24010488 0 33304872 0 0 0 0 140190264 6291456 116179776 9294384 0
0 0 1 0 0 0 0 4278 140190264 24010488 0 33304872 0 0 0 0 140190264 6291456 116179776 9294384 0
3670015 -3145727 1 0 1 0 0 4857 159166259 33304872 0 43373785 0 0 0 0 159166259 6815742 125861387 10068913 0
0 0 1 0 0 0 0 4857 159166259 33304872 0 43373785 0 0 0 0 159166259 6815742 125861387 10068913 0
3670016 -3145727 1 0 1 0 0 5165 169235191 43373785 0 53442700 0 0 0 0 169235191 6815743 125861406 10068915 0
0 0 1 0 0 0 0 5165 169235191 43373785 0 53442700 0 0 0 0 169235191 6815743 125861406 10068915 0
3670017 -3145727 1 0 1 0 0 5472 179304124 53442700 0 63511616 0 0 0 0 179304124 6815744 125861424 10068916 0
0 0 1 0 0 0 0 5472 179304124 53442700 0 63511616 0 0 0 0 179304124 6815744 125861424 10068916 0
8388607 -3145727 1 0 1 0 0 8438 276507835 63511616 0 80551317 0 0 0 0 276507835 11534334 212996219 17039701 0
0 0 1 0 0 0 0 8438 276507835 63511616 0 80551317 0 0 0 0 276507835 11534334 212996219 17039701 0
8388608 -3145727 1 0 1 0 0 8958 293547555 80551317 0 97591020 0 0 0 0 293547555 11534335 212996238 17039703 0
0 0 1 0 0 0 0 8958 293547555 80551317 0 97591020 0 0 0 0 293547555 11534335 212996238 17039703 0
8388609 -3145727 1 0 1 0 0 9478 310587276 97591020 0 114630724 0 0 0 0 310587276 11534336 212996256 17039704 0
0 0 1 0 0 0 0 9478 310587276 97591020 0 114630724 0 0 0 0 310587276 11534336 212996256 17039704 0
2147483646 -3145727 1 0 1 0 0 32768 39828750765 114630724 1 536870912 0 38755008941 0 0 1073741824 2150629373 39714120041 3177130260 0
0 0 1 0 0 0 0 32768 39828750765 114630724 1 536870912 0 38755008941 0 0 1073741824 2150629373 39714120041 3177130260 0
2147483647 -3145727 1 0 1 0 0 32768 40250990971 536870912 1 536870912 38755008941 39177249147 0 0 1073741824 2150629374 39714120059 3177130261 3100400718
0 0 1 0 0 0 0 32768 40250990971 536870912 1 536870912 38755008941 39177249147 0 0 1073741824 2150629374 39714120059 3177130261 3100400718
-2147483648 -524289 1 1 1 0 0 0 -39109477630 536870912 1 0 39177249147 -38035735806 1 1 -1073741824 -2146959359 -39646348542 -3171708539 3134179935
0 0 1 0 0 0 0 0 -39109477630 536870912 1 0 39177249147 -38035735806 1 1 -1073741824 -2146959359 -39646348542 -3171708539 3134179935
-2147483647 -524289 1 0 1 0 0 -32768 -39646348523 0 1 -128849670 -38035735806 -38572606699 0 0 -1073741824 -2146959358 -39646348523 -3171708537 -3042858867
0 0 1 0 0 0 0 -32768 -39646348523 0 1 -128849670 -38035735806 -38572606699 0 0 -1073741824 -2146959358 -39646348523 -3171708537 -3042858867
-8388609 -524289 1 0 1 0 0 -8364 -274074390 -128849670 0 536870912 -38572606699 0 0 0 -274074390 -7864320 -145224720 -11617980 -3085808539
0 0 1 0 0 0 0 -8364 -274074390 -128849670 0 536870912 -38572606699 0 0 0 -274074390 -7864320 -145224720 -11617980 -3085808539
-8388608 -524289 1 0 1 0 0 11952 391646210 536870912 0 525252933 0 0 0 0 391646210 -7864319 -145224702 -11617979 0
0 0 1 0 0 0 0 11952 391646210 536870912 0 525252933 0 0 0 0 391646210 -7864319 -145224702 -11617979 0
-8388607 -524289 1 0 1 1 0 0 380028250 525252933 0 0 0 0 1 1 380028250 -7864318 -145224683 -11617977 0
0 0 1 0 0 0 0 0 380028250 525252933 0 0 0 0 1 1 380028250 -7864318 -145224683 -11617977 0
-3670017 -524289 1 0 1 0 0 -1773 -58089888 0 0 -4647192 0 0 0 0 -58089888 -3145728 -58089888 -4647192 0
0 0 1 0 0 0 0 -1773 -58089888 0 0 -4647192 0 0 0 0 -58089888 -3145728 -58089888 -4647192 0
-3670016 -524289 1 0 1 0 0 -1915 -62737062 -4647192 0 -9294383 0 0 0 0 -62737062 -3145727 -58089870 -4647191 0
0 0 1 0 0 0 0 -1915 -62737062 -4647192 0 -9294383 0 0 0 0 -62737062 -3145727 -58089870 -4647191 0
-3670015 -524289 1 0 1 0 0 -2056 -67384234 -9294383 0 -13941572 0 0 0 0 -67384234 -3145726 -58089851 -4647189 0
0 0 1 0 0 0 0 -2056 -67384234 -9294383 0 -13941572 0 0 0 0 -67384234 -3145726 -58089851 -4647189 0
-3145729 -524289 1 0 1 0 0 -1903 -62349812 -13941572 0 -17814232 0 0 0 0 -62349812 -2621440 -48408240 -3872660 0
0 0 1 0 0 0 0 -1903 -62349812 -13941572 0 -17814232 0 0 0 0 -62349812 -2621440 -48408240 -3872660 0
-3145728 -524289 1 0 1 0 0 -2021 -66222454 -17814232 0 -21686891 0 0 0 0 -66222454 -2621439 -48408222 -3872659 0
0 0 1 0 0 0 0 -2021 -66222454 -17814232 0 -21686891 0 0 0 0 -66222454 -2621439 -48408222 -3872659 0
-3145727 -524289 0 0 1 0 0 0 -70095094 -21686891 0 0 0 0 1 1 -70095094 -2621438 -48408203 -3872657 0
0 0 1 0 0 0 0 0 -70095094 -21686891 0 0 0 0 1 1 -70095094 -2621438 -48408203 -3872657 0
-524289 -524289 1 0 1 0 0 0 0 0 0 0 0 0 0 0 0 0 0 0 0
0 0 1 0 0 0 0 0 0 0 0 0 0 0 0 0 0 0 0 0 0
-524288 -524289 1 0 1 0 0 0 18 0 0 1 0 0 0 0 18 1 18 1 0
0 0 1 0 0 0 0 0 18 0 0 1 0 0 0 0 18 1 18 1 0
-524287 -524289 1 0 1 0 0 0 38 1 0 4 0 0 0 0 38 2 37 3 0
0 0 1 0 0 0 0 0 38 1 0 4 0 0 0 0 38 2 37 3 0
-1 -524289 1 0 1 0 0 295 9681652 4 0 774536 0 0 0 0 9681652 524288 9681648 774532 0
0 0 1 0 0 0 0 295 9681652 4 0 774536 0 0 0 0 9681652 524288 9681648 774532 0
0 -524289 1 0 1 0 0 319 10456202 774536 0 1549069 0 0 0 0 10456202 524289 9681666 774533 0
0 0 1 0 0 0 0 319 10456202 774536 0 1549069 0 0 0 0 10456202 524289 9681666 774533 0
1 -524289 1 0 1 0 0 343 11230754 1549069 0 2323604 0 0 0 0 11230754 524290 9681685 774535 0
0 0 1 0 0 0 0 343 11230754 1549069 0 2323604 0 0 0 0 11230754 524290 9681685 774535 0
524287 -524289 1 0 1 0 0 662 21686900 2323604 0 3872668 0 0 0 0 21686900 1048576 19363296 1549064 0
0 0 1 0 0 0 0 662 21686900 2323604 0 3872668 0 0 0 0 21686900 1048576 19363296 1549064 0
524288 -524289 1 0 1 0 0 709 23235982 3872668 0 5421733 0 0 0 0 23235982 1048577 19363314 1549065 0
0 0 1 0 0 0 0 709 23235982 3872668 0 5421733 0 0 0 0 23235982 1048577 19363314 1549065 0
524289 -524289 1 0 1 0 0 756 24785066 5421733 0 6970800 0 0 0 0 24785066 1048578 19363333 1549067 0
0 0 1 0 0 0 0 756 24785066 5421733 0 6970800 0 0 0 0 24785066 1048578 19363333 1549067 0
3145727 -524289 1 0 1 0 0 2281 74742336 6970800 0 12392524 0 0 0 0 74742336 3670016 67771536 5421724 0
0 0 1 0 0 0 0 2281 74742336 6970800 0 12392524 0 0 0 0 74742336 3670016 67771536 5421724 0
3145728 -524289 1 0 1 0 0 2446 80164078 12392524 0 17814249 0 0 0 0 80164078 3670017 67771554 5421725 0
0 0 1 0 0 0 0 2446 80164078 12392524 0 17814249 0 0 0 0 80164078 3670017 67771554 5421725 0
3145729 -524289 1 0 1 0 0 2612 85585822 17814249 0 23235976 0 0 0 0 85585822 3670018 67771573 5421727 0
0 0 1 0 0 0 0 2612 85585822 17814249 0 23235976 0 0 0 0 85585822 3670018 67771573 5421727 0
3670015 -524289 1 0 1 0 0 3073 100689160 23235976 0 29432232 0 0 0 0 100689160 4194304 77453184 6196256 0
0 0 1 0 0 0 0 3073 100689160 23235976 0 29432232 0 0 0 0 100689160 4194304 77453184 6196256 0
3670016 -524289 1 0 1 0 0 3262 106885434 29432232 0 35628489 0 0 0 0 106885434 4194305 77453202 6196257 0
0 0 1 0 0 0 0 3262 106885434 29432232 0 35628489 0 0 0 0 106885434 4194305 77453202 6196257 0
3670017 -524289 1 0 1 0 0 3451 113081710 35628489 0 41824748 0 0 0 0 113081710 4194306 77453221 6196259 0
0 0 1 0 0 0 0 3451 113081710 35628489 0 41824748 0 0 0 0 113081710 4194306 77453221 6196259 0
8388607 -524289 1 0 1 0 0 6299 206412764 41824748 0 54991792 0 0 0 0 206412764 8912896 164588016 13167044 0
0 0 1 0 0 0 0 6299 206412764 41824748 0 54991792 0 0 0 0 206412764 8912896 164588016 13167044 0
8388608 -524289 1 0 1 0 0 6701 219579826 54991792 0 68158837 0 0 0 0 219579826 8912897 164588034 13167045 0
0 0 1 0 0 0 0 6701 219579826 54991792 0 68158837 0 0 0 0 219579826 8912897 164588034 13167045 0
8388609 -524289 1 0 1 0 0 7103 232746890 68158837 0 81325884 0 0 0 0 232746890 8912898 164588053 13167047 0
0 0 1 0 0 0 0 7103 232746890 68158837 0 81325884 0 0 0 0 232746890 8912898 164588053 13167047 0
2147483646 -524289 1 0 1 0 0 32768 39747037722 81325884 1 536870912 0 38673295898 0 0 1073741824 2148007935 39665711838 3173257603 0
0 0 1 0 0 0 0 32768 39747037722 81325884 1 536870912 0 38673295898 0 0 1073741824 2148007935 39665711838 3173257603 0
2147483647 -524289 1 0 1 0 1 0 40202582768 536870912 1 0 38673295898 39128840944 1 1 1073741824 2148007936 39665711856 3173257604 3093863675
0 0 1 0 0 0 0 0 40202582768 536870912 1 0 38673295898 39128840944 1 1 1073741824 2148007936 39665711856 3173257604 3093863675
-2147483648 -524288 1 1 1 0 0 0 -39646348560 0 1 0 39128840944 -38572606736 1 1 -1073741824 -2146959360 -39646348560 -3171708540 3130307278
0 0 1 0 0 0 0 0 -39646348560 0 1 0 39128840944 -38572606736 1 1 -1073741824 -2146959360 -39646348560 -3171708540 3130307278
-2147483647 -524288 1 0 1 0 0 -32768 -39646348542 0 1 -85899997 -38572606736 -38572606718 0 0 -1073741824 -2146959359 -39646348542 -3171708539 -3085808542
0 0 1 0 0 0 0 -32768 -39646348542 0 1 -85899997 -38572606736 -38572606718 0 0 -1073741824 -2146959359 -39646348542 -3171708539 -3085808542
-8388609 -524288 0 0 1 0 0 0 -231124735 -85899997 0 0 -38572606718 0 1 1 -231124735 -7864321 -145224738 -11617981 -3085808540
0 0 1 0 0 0 0 0 -231124735 -85899997 0 0 -38572606718 0 1 1 -231124735 -7864321 -145224738 -11617981 -3085808540
-8388608 -524288 1 0 1 0 0 -4432 -145224720 0 0 -11617980 0 0 0 0 -145224720 -7864320 -145224720 -11617980 0
0 0 1 0 0 0 0 -4432 -145224720 0 0 -11617980 0 0 0 0 -145224720 -7864320 -145224720 -11617980 0
-8388607 -524288 1 0 1 0 0 -4786 -156842682 -11617980 0 -23235959 0 0 0 0 -156842682 -7864319 -145224702 -11617979 0
0 0 1 0 0 0 0 -4786 -156842682 -11617980 0 -23235959 0 0 0 0 -156842682 -7864319 -145224702 -11617979 0
-3670017 -524288 1 0 1 0 0 -2482 -81325865 -23235959 0 -27883152 0 0 0 0 -81325865 -3145729 -58089906 -4647193 0
0 0 1 0 0 0 0 -2482 -81325865 -23235959 0 -27883152 0 0 0 0 -81325865 -3145729 -58089906 -4647193 0
-3670016 -524288 1 0 1 0 0 -2624 -85973040 -27883152 0 -32530344 0 0 0 0 -85973040 -3145728 -58089888 -4647192 0
0 0 1 0 0 0 0 -2624 -85973040 -27883152 0 -32530344 0 0 0 0 -85973040 -3145728 -58089888 -4647192 0
-3670015 -524288 1 0 1 0 0 -2766 -90620214 -32530344 0 -37177535 0 0 0 0 -90620214 -3145727 -58089870 -4647191 0
0 0 1 0 0 0 0 -2766 -90620214 -32530344 0 -37177535 0 0 0 0 -90620214 -3145727 -58089870 -4647191 0
-3145729 -524288 1 0 1 0 0 -2612 -85585793 -37177535 0 -41050196 0 0 0 0 -85585793 -2621441 -48408258 -3872661 0
0 0 1 0 0 0 0 -2612 -85585793 -37177535 0 -41050196 0 0 0 0 -85585793 -2621441 -48408258 -3872661 0
-3145728 -524288 1 0 1 0 0 -2730 -89458436 -41050196 0 -44922856 0 0 0 0 -89458436 -2621440 -48408240 -3872660 0
0 0 1 0 0 0 0 -2730 -89458436 -41050196 0 -44922856 0 0 0 0 -89458436 -2621440 -48408240 -3872660 0
-3145727 -524288 1 0 1 0 0 -2848 -93331078 -44922856 0 -48795515 0 0 0 0 -93331078 -2621439 -48408222 -3872659 0
0 0 1 0 0 0 0 -2848 -93331078 -44922856 0 -48795515 0 0 0 0 -93331078 -2621439 -48408222 -3872659 0
-524289 -524288 1 0 1 0 0 -1489 -48795533 -48795515 0 -48795516 0 0 0 0 -48795533 -1 -18 -1 0
0 0 1 0 0 0 0 -1489 -48795533 -48795515 0 -48795516 0 0 0 0 -48795533 -1 -18 -1 0
-524288 -524288 1 0 1 0 0 -1489 -48795516 -48795516 0 -48795516 0 0 0 0 -48795516 0 0 0 0
0 0 1 0 0 0 0 -1489 -48795516 -48795516 0 -48795516 0 0 0 0 -48795516 0 0 0 0
-524287 -524288 1 0 1 0 0 -1489 -48795498 -48795516 0 -48795515 0 0 0 0 -48795498 1 18 1 0
0 0 1 0 0 0 0 -1489 -48795498 -48795516 0 -48795515 0 0 0 0 -48795498 1 18 1 0
-1 -524288 1 0 1 0 0 -1194 -39113885 -48795515 0 -48020984 0 0 0 0 -39113885 524287 9681630 774531 0
0 0 1 0 0 0 0 -1194 -39113885 -48795515 0 -48020984 0 0 0 0 -39113885 524287 9681630 774531 0
0 -524288 1 0 1 0 0 -1170 -38339336 -48020984 0 -47246452 0 0 0 0 -38339336 524288 9681648 774532 0
0 0 1 0 0 0 0 -1170 -38339336 -48020984 0 -47246452 0 0 0 0 -38339336 524288 9681648 774532 0
1 -524288 1 0 1 0 0 -1146 -37564786 -47246452 0 -46471919 0 0 0 0 -37564786 524289 9681666 774533 0
0 0 1 0 0 0 0 -1146 -37564786 -47246452 0 -46471919 0 0 0 0 -37564786 524289 9681666 774533 0
524287 -524288 1 0 1 0 0 -827 -27108641 -46471919 0 -44922856 0 0 0 0 -27108641 1048575 19363278 1549063 0
0 0 1 0 0 0 0 -827 -27108641 -46471919 0 -44922856 0 0 0 0 -27108641 1048575 19363278 1549063 0
524288 -524288 1 0 1 0 0 -780 -25559560 -44922856 0 -43373792 0 0 0 0 -25559560 1048576 19363296 1549064 0
0 0 1 0 0 0 0 -780 -25559560 -44922856 0 -43373792 0 0 0 0 -25559560 1048576 19363296 1549064 0
524289 -524288 1 0 1 0 0 -733 -24010478 -43373792 0 -41824727 0 0 0 0 -24010478 1048577 19363314 1549065 0
0 0 1 0 0 0 0 -733 -24010478 -43373792 0 -41824727 0 0 0 0 -24010478 1048577 19363314 1549065 0
3145727 -524288 1 0 1 0 0 792 25946791 -41824727 0 -36403004 0 0 0 0 25946791 3670015 67771518 5421723 0
0 0 1 0 0 0 0 792 25946791 -41824727 0 -36403004 0 0 0 0 25946791 3670015 67771518 5421723 0
3145728 -524288 1 0 1 0 0 957 31368532 -36403004 0 -30981280 0 0 0 0 31368532 3670016 67771536 5421724 0
0 0 1 0 0 0 0 957 31368532 -36403004 0 -30981280 0 0 0 0 31368532 3670016 67771536 5421724 0
3145729 -524288 1 0 1 0 0 1123 36790274 -30981280 0 -25559555 0 0 0 0 36790274 3670017 67771554 5421725 0
0 0 1 0 0 0 0 1123 36790274 -30981280 0 -25559555 0 0 0 0 36790274 3670017 67771554 5421725 0
3670015 -524288 1 0 1 0 0 1584 51893611 -25559555 0 -19363300 0 0 0 0 51893611 4194303 77453166 6196255 0
0 0 1 0 0 0 0 1584 51893611 -25559555 0 -19363300 0 0 0 0 51893611 4194303 77453166 6196255 0
3670016 -524288 1 0 1 0 0 1773 58089884 -19363300 0 -13167044 0 0 0 0 58089884 4194304 77453184 6196256 0
0 0 1 0 0 0 0 1773 58089884 -19363300 0 -13167044 0 0 0 0 58089884 4194304 77453184 6196256 0
3670017 -524288 0 0 1 0 0 0 64286158 -13167044 0 0 0 0 1 1 64286158 4194305 77453202 6196257 0
0 0 1 0 0 0 0 0 64286158 -13167044 0 0 0 0 1 1 64286158 4194305 77453202 6196257 0
8388607 -524288 1 0 1 0 0 5023 164587998 0 0 13167043 0 0 0 0 164587998 8912895 164587998 13167043 0
0 0 1 0 0 0 0 5023 164587998 0 0 13167043 0 0 0 0 164587998 8912895 164587998 13167043 0
8388608 -524288 1 0 1 0 0 5425 177755059 13167043 0 26334087 0 0 0 0 177755059 8912896 164588016 13167044 0
0 0 1 0 0 0 0 5425 177755059 13167043 0 26334087 0 0 0 0 177755059 8912896 164588016 13167044 0
8388609 -524288 1 0 1 0 0 5826 190922121 26334087 0 39501132 0 0 0 0 190922121 8912897 164588034 13167045 0
0 0 1 0 0 0 0 5826 190922121 26334087 0 39501132 0 0 0 0 190922121 8912897 164588034 13167045 0
2147483646 -524288 1 0 1 0 0 32768 39705212951 39501132 1 536870912 0 38631471127 0 0 1073741824 2148007934 39665711819 3173257601 0
0 0 1 0 0 0 0 32768 39705212951 39501132 1 536870912 0 38631471127 0 0 1073741824 2148007934 39665711819 3173257601 0
2147483647 -524288 1 0 1 0 0 32768 40202582750 536870912 1 536870912 38631471127 39128840926 0 0 1073741824 2148007935 39665711838 3173257603 3090517693
0 0 1 0 0 0 0 32768 40202582750 536870912 1 536870912 38631471127 39128840926 0 0 1073741824 2148007935 39665711838 3173257603 3090517693
-2147483648 -524287 1 1 1 0 0 0 -39109477666 536870912 1 0 39128840926 -38035735842 1 1 -1073741824 -2146959361 -39646348578 -3171708541 3130307277
0 0 1 0 0 0 0 0 -39109477666 536870912 1 0 39128840926 -38035735842 1 1 -1073741824 -2146959361 -39646348578 -3171708541 3130307277
-2147483647 -524287 1 0 1 0 0 -32768 -39646348560 0 1 -128849670 -38035735842 -38572606736 0 0 -1073741824 -2146959360 -39646348560 -3171708540 -3042858870
0 0 1 0 0 0 0 -32768 -39646348560 0 1 -128849670 -38035735842 -38572606736 0 0 -1073741824 -2146959360 -39646348560 -3171708540 -3042858870
-8388609 -524287 1 0 1 0 0 -8364 -274074427 -128849670 0 536870912 -38572606736 0 0 0 -274074427 -7864322 -145224757 -11617983 -3085808542
0 0 1 0 0 0 0 -8364 -274074427 -128849670 0 536870912 -38572606736 0 0 0 -274074427 -7864322 -145224757 -11617983 -3085808542
-8388608 -524287 1 0 1 0 0 11952 391646174 536870912 0 525252931 0 0 0 0 391646174 -7864321 -145224738 -11617981 0
0 0 1 0 0 0 0 11952 391646174 536870912 0 525252931 0 0 0 0 391646174 -7864321 -145224738 -11617981 0
-8388607 -524287 1 0 1 0 0 11598 380028211 525252931 0 513634951 0 0 0 0 380028211 -7864320 -145224720 -11617980 0
0 0 1 0 0 0 0 11598 380028211 525252931 0 513634951 0 0 0 0 380028211 -7864320 -145224720 -11617980 0
-3670017 -524287 1 0 1 0 0 13902 455545026 513634951 0 508987756 0 0 0 0 455545026 -3145730 -58089925 -4647195 0
0 0 1 0 0 0 0 13902 455545026 513634951 0 508987756 0 0 0 0 455545026 -3145730 -58089925 -4647195 0
-3670016 -524287 1 0 1 0 0 13760 450897850 508987756 0 504340563 0 0 0 0 450897850 -3145729 -58089906 -4647193 0
0 0 1 0 0 0 0 13760 450897850 508987756 0 504340563 0 0 0 0 450897850 -3145729 -58089906 -4647193 0
-3670015 -524287 1 0 1 0 0 13618 446250675 504340563 0 499693371 0 0 0 0 446250675 -3145728 -58089888 -4647192 0
0 0 1 0 0 0 0 13618 446250675 504340563 0 499693371 0 0 0 0 446250675 -3145728 -58089888 -4647192 0
-3145729 -524287 1 0 1 0 0 13772 451285094 499693371 0 495820708 0 0 0 0 451285094 -2621442 -48408277 -3872663 0
0 0 1 0 0 0 0 13772 451285094 499693371 0 495820708 0 0 0 0 451285094 -2621442 -48408277 -3872663 0
-3145728 -524287 1 0 1 1 0 0 447412450 495820708 0 0 0 0 1 1 447412450 -2621441 -48408258 -3872661 0
0 0 1 0 0 0 0 0 447412450 495820708 0 0 0 0 1 1 447412450 -2621441 -48408258 -3872661 0
-3145727 -524287 1 0 1 0 0 -1477 -48408240 0 0 -3872660 0 0 0 0 -48408240 -2621440 -48408240 -3872660 0
0 0 1 0 0 0 0 -1477 -48408240 0 0 -3872660 0 0 0 0 -48408240 -2621440 -48408240 -3872660 0
-524289 -524287 1 0 1 0 0 -118 -3872697 -3872660 0 -3872663 0 0 0 0 -3872697 -2 -37 -3 0
0 0 1 0 0 0 0 -118 -3872697 -3872660 0 -3872663 0 0 0 0 -3872697 -2 -37 -3 0
-524288 -524287 1 0 1 0 0 -118 -3872681 -3872663 0 -3872664 0 0 0 0 -3872681 -1 -18 -1 0
0 0 1 0 0 0 0 -118 -3872681 -3872663 0 -3872664 0 0 0 0 -3872681 -1 -18 -1 0
-524287 -524287 1 0 1 0 0 -118 -3872664 -3872664 0 -3872664 0 0 0 0 -3872664 0 0 0 0
0 0 1 0 0 0 0 -118 -3872664 -3872664 0 -3872664 0 0 0 0 -3872664 0 0 0 0
-1 -524287 1 0 1 0 0 177 5808947 -3872664 0 -3098135 0 0 0 0 5808947 524286 9681611 774529 0
0 0 1 0 0 0 0 177 5808947 -3872664 0 -3098135 0 0 0 0 5808947 524286 9681611 774529 0
0 -524287 1 0 1 0 0 201 6583495 -3098135 0 -2323604 0 0 0 0 6583495 524287 9681630 774531 0
0 0 1 0 0 0 0 201 6583495 -3098135 0 -2323604 0 0 0 0 6583495 524287 9681630 774531 0
1 -524287 1 0 1 0 0 225 7358044 -2323604 0 -1549072 0 0 0 0 7358044 524288 9681648 774532 0
0 0 1 0 0 0 0 225 7358044 -2323604 0 -1549072 0 0 0 0 7358044 524288 9681648 774532 0
524287 -524287 0 0 1 0 0 0 17814187 -1549072 0 0 0 0 1 1 17814187 1048574 19363259 1549061 0
0 0 1 0 0 0 0 0 17814187 -1549072 0 0 0 0 1 1 17814187 1048574 19363259 1549061 0
524288 -524287 1 0 1 0 0 591 19363278 0 0 1549063 0 0 0 0 19363278 1048575 19363278 1549063 0
0 0 1 0 0 0 0 591 19363278 0 0 1549063 0 0 0 0 19363278 1048575 19363278 1549063 0
524289 -524287 1 0 1 0 0 638 20912359 1549063 0 3098127 0 0 0 0 20912359 1048576 19363296 1549064 0
0 0 1 0 0 0 0 638 20912359 1549063 0 3098127 0 0 0 0 20912359 1048576 19363296 1549064 0
3145727 -524287 1 0 1 0 0 2163 70869626 3098127 0 8519848 0 0 0 0 70869626 3670014 67771499 5421721 0
0 0 1 0 0 0 0 2163 70869626 3098127 0 8519848 0 0 0 0 70869626 3670014 67771499 5421721 0
3145728 -524287 1 0 1 0 0 2328 76291366 8519848 0 13941571 0 0 0 0 76291366 3670015 67771518 5421723 0
0 0 1 0 0 0 0 2328 76291366 8519848 0 13941571 0 0 0 0 76291366 3670015 67771518 5421723 0
3145729 -524287 1 0 1 0 0 2494 81713107 13941571 0 19363295 0 0 0 0 81713107 3670016 67771536 5421724 0
0 0 1 0 0 0 0 2494 81713107 13941571 0 19363295 0 0 0 0 81713107 3670016 67771536 5421724 0
3670015 -524287 1 0 1 0 0 2955 96816442 19363295 0 25559548 0 0 0 0 96816442 4194302 77453147 6196253 0
0 0 1 0 0 0 0 2955 96816442 19363295 0 25559548 0 0 0 0 96816442 4194302 77453147 6196253 0
3670016 -524287 1 0 1 0 0 3144 103012714 25559548 0 31755803 0 0 0 0 103012714 4194303 77453166 6196255 0
0 0 1 0 0 0 0 3144 103012714 25559548 0 31755803 0 0 0 0 103012714 4194303 77453166 6196255 0
3670017 -524287 1 0 1 0 0 3333 109208987 31755803 0 37952059 0 0 0 0 109208987 4194304 77453184 6196256 0
0 0 1 0 0 0 0 3333 109208987 31755803 0 37952059 0 0 0 0 109208987 4194304 77453184 6196256 0
8388607 -524287 1 0 1 0 0 6181 202540038 37952059 0 51119100 0 0 0 0 202540038 8912894 164587979 13167041 0
0 0 1 0 0 0 0 6181 202540038 37952059 0 51119100 0 0 0 0 202540038 8912894 164587979 13167041 0
8388608 -524287 1 0 1 0 0 6583 215707098 51119100 0 64286143 0 0 0 0 215707098 8912895 164587998 13167043 0
0 0 1 0 0 0 0 6583 215707098 51119100 0 64286143 0 0 0 0 215707098 8912895 164587998 13167043 0
8388609 -524287 1 0 1 0 0 6985 228874159 64286143 0 77453187 0 0 0 0 228874159 8912896 164588016 13167044 0
0 0 1 0 0 0 0 6985 228874159 64286143 0 77453187 0 0 0 0 228874159 8912896 164588016 13167044 0
2147483646 -524287 1 0 1 0 0 32768 39743164988 77453187 1 536870912 0 38669423164 0 0 1073741824 2148007933 39665711801 3173257600 0
0 0 1 0 0 0 0 32768 39743164988 77453187 1 536870912 0 38669423164 0 0 1073741824 2148007933 39665711801 3173257600 0
2147483647 -524287 1 0 1 0 0 32768 40202582731 536870912 1 536870912 38669423164 39128840907 0 0 1073741824 2148007934 39665711819 3173257601 3093553856
0 0 1 0 0 0 0 32768 40202582731 536870912 1 536870912 38669423164 39128840907 0 0 1073741824 2148007934 39665711819 3173257601 3093553856
-2147483648 -1 1 1 1 0 0 0 -39119159278 536870912 1 0 39128840907 -38045417454 1 1 -1073741824 -2147483647 -39656030190 -3172483071 3130307275
0 0 1 0 0 0 0 0 -39119159278 536870912 1 0 39128840907 -38045417454 1 1 -1073741824 -2147483647 -39656030190 -3172483071 3130307275
-2147483647 -1 1 0 1 0 0 -32768 -39656030171 0 1 -128849670 -38045417454 -38582288347 0 0 -1073741824 -2147483646 -39656030171 -3172483069 -3043633399
0 0 1 0 0 0 0 -32768 -39656030171 0 1 -128849670 -38045417454 -38582288347 0 0 -1073741824 -2147483646 -39656030171 -3172483069 -3043633399
-8388609 -1 1 0 1 0 0 -8660 -283756038 -128849670 0 536870912 -38582288347 0 0 0 -283756038 -8388608 -154906368 -12392512 -3086583071
0 0 1 0 0 0 0 -8660 -283756038 -128849670 0 536870912 -38582288347 0 0 0 -283756038 -8388608 -154906368 -12392512 -3086583071
-8388608 -1 1 0 1 0 0 11657 381964562 536870912 0 524478401 0 0 0 0 381964562 -8388607 -154906350 -12392511 0
0 0 1 0 0 0 0 11657 381964562 536870912 0 524478401 0 0 0 0 381964562 -8388607 -154906350 -12392511 0
-8388607 -1 1 0 1 0 0 11278 369572070 524478401 0 512085892 0 0 0 0 369572070 -8388606 -154906331 -12392509 0
0 0 1 0 0 0 0 11278 369572070 524478401 0 512085892 0 0 0 0 369572070 -8388606 -154906331 -12392509 0
-3670017 -1 1 0 1 0 0 13559 444314356 512085892 0 506664168 0 0 0 0 444314356 -3670016 -67771536 -5421724 0
0 0 1 0 0 0 0 13559 444314356 512085892 0 506664168 0 0 0 0 444314356 -3670016 -67771536 -5421724 0
-3670016 -1 1 0 1 0 0 13394 438892650 506664168 0 501242445 0 0 0 0 438892650 -3670015 -67771518 -5421723 0
0 0 1 0 0 0 0 13394 438892650 506664168 0 501242445 0 0 0 0 438892650 -3670015 -67771518 -5421723 0
-3670015 -1 1 0 1 0 0 13228 433470946 501242445 0 495820724 0 0 0 0 433470946 -3670014 -67771499 -5421721 0
0 0 1 0 0 0 0 13228 433470946 501242445 0 495820724 0 0 0 0 433470946 -3670014 -67771499 -5421721 0
-3145729 -1 1 0 1 0 1 0 437730836 495820724 0 0 0 0 1 1 437730836 -3145728 -58089888 -4647192 0
0 0 1 0 0 0 0 0 437730836 495820724 0 0 0 0 1 1 437730836 -3145728 -58089888 -4647192 0
-3145728 -1 0 0 1 0 0 0 -58089870 0 0 0 0 0 1 1 -58089870 -3145727 -58089870 -4647191 0
0 0 1 0 0 0 0 0 -58089870 0 0 0 0 0 1 1 -58089870 -3145727 -58089870 -4647191 0
-3145727 -1 1 0 1 0 0 -1773 -58089851 0 0 -4647189 0 0 0 0 -58089851 -3145726 -58089851 -4647189 0
0 0 1 0 0 0 0 -1773 -58089851 0 0 -4647189 0 0 0 0 -58089851 -3145726 -58089851 -4647189 0
-524289 -1 1 0 1 0 0 -437 -14328837 -4647189 0 -5421721 0 0 0 0 -14328837 -524288 -9681648 -774532 0
0 0 1 0 0 0 0 -437 -14328837 -4647189 0 -5421721 0 0 0 0 -14328837 -524288 -9681648 -774532 0
-524288 -1 1 0 1 0 0 -461 -15103351 -5421721 0 -6196252 0 0 0 0 -15103351 -524287 -9681630 -774531 0
0 0 1 0 0 0 0 -461 -15103351 -5421721 0 -6196252 0 0 0 0 -15103351 -524287 -9681630 -774531 0
-524287 -1 1 0 1 0 0 -485 -15877863 -6196252 0 -6970781 0 0 0 0 -15877863 -524286 -9681611 -774529 0
0 0 1 0 0 0 0 -485 -15877863 -6196252 0 -6970781 0 0 0 0 -15877863 -524286 -9681611 -774529 0
-1 -1 1 0 1 0 0 -213 -6970781 -6970781 0 -6970781 0 0 0 0 -6970781 0 0 0 0
0 0 1 0 0 0 0 -213 -6970781 -6970781 0 -6970781 0 0 0 0 -6970781 0 0 0 0
0 -1 1 0 1 0 0 -213 -6970763 -6970781 0 -6970780 0 0 0 0 -6970763 1 18 1 0
0 0 1 0 0 0 0 -213 -6970763 -6970781 0 -6970780 0 0 0 0 -6970763 1 18 1 0
1 -1 1 0 1 0 0 -213 -6970743 -6970780 0 -6970777 0 0 0 0 -6970743 2 37 3 0
0 0 1 0 0 0 0 -213 -6970743 -6970780 0 -6970777 0 0 0 0 -6970743 2 37 3 0
524287 -1 1 0 1 0 0 83 2710871 -6970777 0 -6196245 0 0 0 0 2710871 524288 9681648 774532 0
0 0 1 0 0 0 0 83 2710871 -6970777 0 -6196245 0 0 0 0 2710871 524288 9681648 774532 0
524288 -1 1 0 1 0 0 106 3485421 -6196245 0 -5421712 0 0 0 0 3485421 524289 9681666 774533 0
0 0 1 0 0 0 0 106 3485421 -6196245 0 -5421712 0 0 0 0 3485421 524289 9681666 774533 0
524289 -1 1 0 1 0 0 130 4259973 -5421712 0 -4647177 0 0 0 0 4259973 524290 9681685 774535 0
0 0 1 0 0 0 0 130 4259973 -5421712 0 -4647177 0 0 0 0 4259973 524290 9681685 774535 0
3145727 -1 1 0 1 0 0 1631 53442711 -4647177 0 15 0 0 0 0 53442711 3145728 58089888 4647192 0
0 0 1 0 0 0 0 1631 53442711 -4647177 0 15 0 0 0 0 53442711 3145728 58089888 4647192 0
3145728 -1 1 0 1 0 0 1773 58089921 15 0 4647208 0 0 0 0 58089921 3145729 58089906 4647193 0
0 0 1 0 0 0 0 1773 58089921 15 0 4647208 0 0 0 0 58089921 3145729 58089906 4647193 0
3145729 -1 1 0 1 0 0 1915 62737133 4647208 0 9294403 0 0 0 0 62737133 3145730 58089925 4647195 0
0 0 1 0 0 0 0 1915 62737133 4647208 0 9294403 0 0 0 0 62737133 3145730 58089925 4647195 0
3670015 -1 1 0 1 0 0 2352 77065939 9294403 0 14716127 0 0 0 0 77065939 3670016 67771536 5421724 0
0 0 1 0 0 0 0 2352 77065939 9294403 0 14716127 0 0 0 0 77065939 3670016 67771536 5421724 0
3670016 -1 1 0 1 0 0 2517 82487681 14716127 0 20137852 0 0 0 0 82487681 3670017 67771554 5421725 0
0 0 1 0 0 0 0 2517 82487681 14716127 0 20137852 0 0 0 0 82487681 3670017 67771554 5421725 0
3670017 -1 1 0 1 0 0 2683 87909425 20137852 0 25559579 0 0 0 0 87909425 3670018 67771573 5421727 0
0 0 1 0 0 0 0 2683 87909425 20137852 0 25559579 0 0 0 0 87909425 3670018 67771573 5421727 0
8388607 -1 1 0 1 0 0 5507 180465947 25559579 0 37952091 0 0 0 0 180465947 8388608 154906368 12392512 0
0 0 1 0 0 0 0 5507 180465947 25559579 0 37952091 0 0 0 0 180465947 8388608 154906368 12392512 0
8388608 -1 1 0 1 0 0 5886 192858477 37952091 0 50344604 0 0 0 0 192858477 8388609 154906386 12392513 0
0 0 1 0 0 0 0 5886 192858477 37952091 0 50344604 0 0 0 0 192858477 8388609 154906386 12392513 0
8388609 -1 1 0 1 0 0 6264 205251009 50344604 0 62737119 0 0 0 0 205251009 8388610 154906405 12392515 0
0 0 1 0 0 0 0 6264 205251009 50344604 0 62737119 0 0 0 0 205251009 8388610 154906405 12392515 0
2147483646 -1 1 0 1 0 0 32768 39718767309 62737119 1 536870912 0 38645025485 0 0 1073741824 2147483647 39656030190 3172483071 0
0 0 1 0 0 0 0 32768 39718767309 62737119 1 536870912 0 38645025485 0 0 1073741824 2147483647 39656030190 3172483071 0
2147483647 -1 1 0 1 0 0 32768 40192901120 536870912 1 536870912 38645025485 39119159296 0 0 1073741824 2147483648 39656030208 3172483072 3091602042
0 0 1 0 0 0 0 32768 40192901120 536870912 1 536870912 38645025485 39119159296 0 0 1073741824 2147483648 39656030208 3172483072 3091602042
-2147483648 0 1 1 1 0 0 0 -39119159296 536870912 1 0 39119159296 -38045417472 1 1 -1073741824 -2147483648 -39656030208 -3172483072 3129532747
0 0 1 0 0 0 0 0 -39119159296 536870912 1 0 39119159296 -38045417472 1 1 -1073741824 -2147483648 -39656030208 -3172483072 3129532747
-2147483647 0 0 0 1 0 0 0 -39656030190 0 1 0 -38045417472 -38582288366 1 1 -1073741824 -2147483647 -39656030190 -3172483071 -3043633401
0 0 1 0 0 0 0 0 -39656030190 0 1 0 -38045417472 -38582288366 1 1 -1073741824 -2147483647 -39656030190 -3172483071 -3043633401
-8388609 0 1 0 1 0 0 -4727 -154906386 0 0 536870912 -38582288366 0 0 0 -154906386 -8388609 -154906386 -12392513 -3086583072
0 0 1 0 0 0 0 -4727 -154906386 0 0 536870912 -38582288366 0 0 0 -154906386 -8388609 -154906386 -12392513 -3086583072
-8388608 0 1 0 1 0 0 11657 381964544 536870912 0 524478400 0 0 0 0 381964544 -8388608 -154906368 -12392512 0
0 0 1 0 0 0 0 11657 381964544 536870912 0 524478400 0 0 0 0 381964544 -8388608 -154906368 -12392512 0
-8388607 0 1 0 1 0 0 11278 369572050 524478400 0 512085889 0 0 0 0 369572050 -8388607 -154906350 -12392511 0
0 0 1 0 0 0 0 11278 369572050 524478400 0 512085889 0 0 0 0 369572050 -8388607 -154906350 -12392511 0
-3670017 0 1 0 1 0 0 13559 444314335 512085889 0 506664164 0 0 0 0 444314335 -3670017 -67771554 -5421725 0
0 0 1 0 0 0 0 13559 444314335 512085889 0 506664164 0 0 0 0 444314335 -3670017 -67771554 -5421725 0
-3670016 0 1 0 1 0 0 13394 438892628 506664164 0 501242440 0 0 0 0 438892628 -3670016 -67771536 -5421724 0
0 0 1 0 0 0 0 13394 438892628 506664164 0 501242440 0 0 0 0 438892628 -3670016 -67771536 -5421724 0
-3670015 0 1 0 1 0 0 13228 433470922 501242440 0 495820717 0 0 0 0 433470922 -3670015 -67771518 -5421723 0
0 0 1 0 0 0 0 13228 433470922 501242440 0 495820717 0 0 0 0 433470922 -3670015 -67771518 -5421723 0
-3145729 0 1 0 1 0 0 13358 437730811 495820717 0 491173524 0 0 0 0 437730811 -3145729 -58089906 -4647193 0
0 0 1 0 0 0 0 13358 437730811 495820717 0 491173524 0 0 0 0 437730811 -3145729 -58089906 -4647193 0
-3145728 0 1 0 1 0 0 13217 433083636 491173524 0 486526332 0 0 0 0 433083636 -3145728 -58089888 -4647192 0
0 0 1 0 0 0 0 13217 433083636 491173524 0 486526332 0 0 0 0 433083636 -3145728 -58089888 -4647192 0
-3145727 0 1 0 1 0 0 13075 428436462 486526332 0 481879141 0 0 0 0 428436462 -3145727 -58089870 -4647191 0
0 0 1 0 0 0 0 13075 428436462 486526332 0 481879141 0 0 0 0 428436462 -3145727 -58089870 -4647191 0
-524289 0 1 0 1 0 0 14410 472197475 481879141 0 481104608 0 0 0 0 472197475 -524289 -9681666 -774533 0
0 0 1 0 0 0 0 14410 472197475 481879141 0 481104608 0 0 0 0 472197475 -524289 -9681666 -774533 0
-524288 0 1 0 1 0 0 14387 471422960 481104608 0 480330076 0 0 0 0 471422960 -524288 -9681648 -774532 0
0 0 1 0 0 0 0 14387 471422960 481104608 0 480330076 0 0 0 0 471422960 -524288 -9681648 -774532 0
-524287 0 1 0 1 0 0 14363 470648446 480330076 0 479555545 0 0 0 0 470648446 -524287 -9681630 -774531 0
0 0 1 0 0 0 0 14363 470648446 480330076 0 479555545 0 0 0 0 470648446 -524287 -9681630 -774531 0
-1 0 1 0 1 1 0 0 479555527 479555545 0 0 0 0 1 1 479555527 -1 -18 -1 0
0 0 1 0 0 0 0 0 479555527 479555545 0 0 0 0 1 1 479555527 -1 -18 -1 0
0 0 1 0 1 0 0 0 0 0 0 0 0 0 0 0 0 0 0 0 0
0 0 1 0 0 0 0 0 0 0 0 0 0 0 0 0 0 0 0 0 0
1 0 1 0 1 0 0 0 18 0 0 1 0 0 0 0 18 1 18 1 0
0 0 1 0 0 0 0 0 18 0 0 1 0 0 0 0 18 1 18 1 0
524287 0 1 0 1 0 0 295 9681631 1 0 774532 0 0 0 0 9681631 524287 9681630 774531 0
0 0 1 0 0 0 0 295 9681631 1 0 774532 0 0 0 0 9681631 524287 9681630 774531 0
524288 0 1 0 1 0 0 319 10456180 774532 0 1549064 0 0 0 0 10456180 524288 9681648 774532 0
0 0 1 0 0 0 0 319 10456180 774532 0 1549064 0 0 0 0 10456180 524288 9681648 774532 0
524289 0 1 0 1 0 0 343 11230730 1549064 0 2323597 0 0 0 0 11230730 524289 9681666 774533 0
0 0 1 0 0 0 0 343 11230730 1549064 0 2323597 0 0 0 0 11230730 524289 9681666 774533 0
3145727 0 1 0 1 0 0 1844 60413467 2323597 0 6970788 0 0 0 0 60413467 3145727 58089870 4647191 0
0 0 1 0 0 0 0 1844 60413467 2323597 0 6970788 0 0 0 0 60413467 3145727 58089870 4647191 0
3145728 0 1 0 1 0 0 1985 65060676 6970788 0 11617980 0 0 0 0 65060676 3145728 58089888 4647192 0
0 0 1 0 0 0 0 1985 65060676 6970788 0 11617980 0 0 0 0 65060676 3145728 58089888 4647192 0
3145729 0 1 0 1 0 0 2127 69707886 11617980 0 16265173 0 0 0 0 69707886 3145729 58089906 4647193 0
0 0 1 0 0 0 0 2127 69707886 11617980 0 16265173 0 0 0 0 69707886 3145729 58089906 4647193 0
3670015 0 1 0 1 0 0 2565 84036691 16265173 0 21686896 0 0 0 0 84036691 3670015 67771518 5421723 0
0 0 1 0 0 0 0 2565 84036691 16265173 0 21686896 0 0 0 0 84036691 3670015 67771518 5421723 0
3670016 0 0 0 1 0 0 0 89458432 21686896 0 0 0 0 1 1 89458432 3670016 67771536 5421724 0
0 0 1 0 0 0 0 0 89458432 21686896 0 0 0 0 1 1 89458432 3670016 67771536 5421724 0
3670017 0 1 0 1 0 0 2068 67771554 0 0 5421725 0 0 0 0 67771554 3670017 67771554 5421725 0
0 0 1 0 0 0 0 2068 67771554 0 0 5421725 0 0 0 0 67771554 3670017 67771554 5421725 0
8388607 0 1 0 1 0 0 4893 160328075 5421725 0 17814236 0 0 0 0 160328075 8388607 154906350 12392511 0
0 0 1 0 0 0 0 4893 160328075 5421725 0 17814236 0 0 0 0 160328075 8388607 154906350 12392511 0
8388608 0 1 0 1 0 0 5271 172720604 17814236 0 30206748 0 0 0 0 172720604 8388608 154906368 12392512 0
0 0 1 0 0 0 0 5271 172720604 17814236 0 30206748 0 0 0 0 172720604 8388608 154906368 12392512 0
8388609 0 1 0 1 0 0 5649 185113134 30206748 0 42599261 0 0 0 0 185113134 8388609 154906386 12392513 0
0 0 1 0 0 0 0 5649 185113134 30206748 0 42599261 0 0 0 0 185113134 8388609 154906386 12392513 0
2147483646 0 1 0 1 0 0 32768 39698629432 42599261 1 536870912 0 38624887608 0 0 1073741824 2147483646 39656030171 3172483069 0
0 0 1 0 0 0 0 32768 39698629432 42599261 1 536870912 0 38624887608 0 0 1073741824 2147483646 39656030171 3172483069 0
2147483647 0 1 0 1 0 0 32768 40192901102 536870912 1 536870912 38624887608 39119159278 0 0 1073741824 2147483647 39656030190 3172483071 3089991012
0 0 1 0 0 0 0 32768 40192901102 536870912 1 536870912 38624887608 39119159278 0 0 1073741824 2147483647 39656030190 3172483071 3089991012
-2147483648 1 1 1 1 0 0 0 -39119159314 536870912 1 0 39119159278 -38045417490 1 1 -1073741824 -2147483649 -39656030226 -3172483073 3129532745
0 0 1 0 0 0 0 0 -39119159314 536870912 1 0 39119159278 -38045417490 1 1 -1073741824 -2147483649 -39656030226 -3172483073 3129532745
-2147483647 1 1 0 1 0 0 -32768 -39656030208 0 1 -128849670 -38045417490 -38582288384 0 0 -1073741824 -2147483648 -39656030208 -3172483072 -3043633402
0 0 1 0 0 0 0 -32768 -39656030208 0 1 -128849670 -38045417490 -38582288384 0 0 -1073741824 -2147483648 -39656030208 -3172483072 -3043633402
-8388609 1 1 0 1 0 0 -8660 -283756075 -128849670 0 536870912 -38582288384 0 0 0 -283756075 -8388610 -154906405 -12392515 -3086583074
0 0 1 0 0 0 0 -8660 -283756075 -128849670 0 536870912 -38582288384 0 0 0 -283756075 -8388610 -154906405 -12392515 -3086583074
-8388608 1 1 0 1 0 0 11657 381964526 536870912 0 524478399 0 0 0 0 381964526 -8388609 -154906386 -12392513 0
0 0 1 0 0 0 0 11657 381964526 536870912 0 524478399 0 0 0 0 381964526 -8388609 -154906386 -12392513 0
-8388607 1 1 0 1 0 0 11278 369572031 524478399 0 512085887 0 0 0 0 369572031 -8388608 -154906368 -12392512 0
0 0 1 0 0 0 0 11278 369572031 524478399 0 512085887 0 0 0 0 369572031 -8388608 -154906368 -12392512 0
-3670017 1 1 0 1 0 0 13559 444314314 512085887 0 506664160 0 0 0 0 444314314 -3670018 -67771573 -5421727 0
0 0 1 0 0 0 0 13559 444314314 512085887 0 506664160 0 0 0 0 444314314 -3670018 -67771573 -5421727 0
-3670016 1 1 0 1 0 0 13394 438892606 506664160 0 501242435 0 0 0 0 438892606 -3670017 -67771554 -5421725 0
0 0 1 0 0 0 0 13394 438892606 506664160 0 501242435 0 0 0 0 438892606 -3670017 -67771554 -5421725 0
-3670015 1 1 0 1 0 0 13228 433470899 501242435 0 495820711 0 0 0 0 433470899 -3670016 -67771536 -5421724 0
0 0 1 0 0 0 0 13228 433470899 501242435 0 495820711 0 0 0 0 433470899 -3670016 -67771536 -5421724 0
-3145729 1 1 0 1 0 0 13358 437730786 495820711 0 491173516 0 0 0 0 437730786 -3145730 -58089925 -4647195 0
0 0 1 0 0 0 0 13358 437730786 495820711 0 491173516 0 0 0 0 437730786 -3145730 -58089925 -4647195 0
-3145728 1 1 0 1 0 0 13217 433083610 491173516 0 486526323 0 0 0 0 433083610 -3145729 -58089906 -4647193 0
0 0 1 0 0 0 0 13217 433083610 491173516 0 486526323 0 0 0 0 433083610 -3145729 -58089906 -4647193 0
-3145727 1 1 0 1 0 0 13075 428436435 486526323 0 481879131 0 0 0 0 428436435 -3145728 -58089888 -4647192 0
0 0 1 0 0 0 0 13075 428436435 486526323 0 481879131 0 0 0 0 428436435 -3145728 -58089888 -4647192 0
-524289 1 1 0 1 0 0 14410 472197446 481879131 0 481104596 0 0 0 0 472197446 -524290 -9681685 -774535 0
0 0 1 0 0 0 0 14410 472197446 481879131 0 481104596 0 0 0 0 472197446 -524290 -9681685 -774535 0
-524288 1 1 0 1 0 0 14387 471422930 481104596 0 480330063 0 0 0 0 471422930 -524289 -9681666 -774533 0
0 0 1 0 0 0 0 14387 471422930 481104596 0 480330063 0 0 0 0 471422930 -524289 -9681666 -774533 0
-524287 1 1 0 1 0 0 14363 470648415 480330063 0 479555531 0 0 0 0 470648415 -524288 -9681648 -774532 0
0 0 1 0 0 0 0 14363 470648415 480330063 0 479555531 0 0 0 0 470648415 -524288 -9681648 -774532 0
-1 1 1 0 1 0 0 14635 479555494 479555531 0 479555528 0 0 0 0 479555494 -2 -37 -3 0
0 0 1 0 0 0 0 14635 479555494 479555531 0 479555528 0 0 0 0 479555494 -2 -37 -3 0
0 1 1 0 1 0 0 14635 479555510 479555528 0 479555527 0 0 0 0 479555510 -1 -18 -1 0
0 0 1 0 0 0 0 14635 479555510 479555528 0 479555527 0 0 0 0 479555510 -1 -18 -1 0
1 1 0 0 1 0 0 0 479555527 479555527 0 0 0 0 1 1 479555527 0 0 0 0
0 0 1 0 0 0 0 0 479555527 479555527 0 0 0 0 1 1 479555527 0 0 0 0
524287 1 1 0 1 0 1 0 9681611 0 0 0 0 0 1 1 9681611 524286 9681611 774529 0
0 0 1 0 0 0 0 0 9681611 0 0 0 0 0 1 1 9681611 524286 9681611 774529 0
524288 1 1 0 1 0 0 295 9681630 0 0 774531 0 0 0 0 9681630 524287 9681630 774531 0
0 0 1 0 0 0 0 295 9681630 0 0 774531 0 0 0 0 9681630 524287 9681630 774531 0
524289 1 1 0 1 0 0 319 10456179 774531 0 1549063 0 0 0 0 10456179 524288 9681648 774532 0
0 0 1 0 0 0 0 319 10456179 774531 0 1549063 0 0 0 0 10456179 524288 9681648 774532 0
3145727 1 1 0 1 0 0 1820 59638914 1549063 0 6196252 0 0 0 0 59638914 3145726 58089851 4647189 0
0 0 1 0 0 0 0 1820 59638914 1549063 0 6196252 0 0 0 0 59638914 3145726 58089851 4647189 0
3145728 1 1 0 1 0 0 1962 64286122 6196252 0 10843443 0 0 0 0 64286122 3145727 58089870 4647191 0
0 0 1 0 0 0 0 1962 64286122 6196252 0 10843443 0 0 0 0 64286122 3145727 58089870 4647191 0
3145729 1 1 0 1 0 0 2104 68933331 10843443 0 15490635 0 0 0 0 68933331 3145728 58089888 4647192 0
0 0 1 0 0 0 0 2104 68933331 10843443 0 15490635 0 0 0 0 68933331 3145728 58089888 4647192 0
3670015 1 1 0 1 0 0 2541 83262134 15490635 0 20912356 0 0 0 0 83262134 3670014 67771499 5421721 0
0 0 1 0 0 0 0 2541 83262134 15490635 0 20912356 0 0 0 0 83262134 3670014 67771499 5421721 0
3670016 1 1 0 1 0 0 2706 88683874 20912356 0 26334079 0 0 0 0 88683874 3670015 67771518 5421723 0
0 0 1 0 0 0 0 2706 88683874 20912356 0 26334079 0 0 0 0 88683874 3670015 67771518 5421723 0
3670017 1 1 0 1 0 0 2872 94105615 26334079 0 31755803 0 0 0 0 94105615 3670016 67771536 5421724 0
0 0 1 0 0 0 0 2872 94105615 26334079 0 31755803 0 0 0 0 94105615 3670016 67771536 5421724 0
8388607 1 1 0 1 0 0 5696 186662134 31755803 0 44148312 0 0 0 0 186662134 8388606 154906331 12392509 0
0 0 1 0 0 0 0 5696 186662134 31755803 0 44148312 0 0 0 0 186662134 8388606 154906331 12392509 0
8388608 1 1 0 1 0 0 6075 199054662 44148312 0 56540823 0 0 0 0 199054662 8388607 154906350 12392511 0
0 0 1 0 0 0 0 6075 199054662 44148312 0 56540823 0 0 0 0 199054662 8388607 154906350 12392511 0
8388609 1 1 0 1 0 0 6453 211447191 56540823 0 68933335 0 0 0 0 211447191 8388608 154906368 12392512 0
0 0 1 0 0 0 0 6453 211447191 56540823 0 68933335 0 0 0 0 211447191 8388608 154906368 12392512 0
2147483646 1 1 0 1 0 0 32768 39724963488 68933335 1 536870912 0 38651221664 0 0 1073741824 2147483645 39656030153 3172483068 0
0 0 1 0 0 0 0 32768 39724963488 68933335 1 536870912 0 38651221664 0 0 1073741824 2147483645 39656030153 3172483068 0
2147483647 1 1 0 1 0 0 32768 40192901083 536870912 1 536870912 38651221664 39119159259 0 0 1073741824 2147483646 39656030171 3172483069 3092097736
0 0 1 0 0 0 0 32768 40192901083 536870912 1 536870912 38651221664 39119159259 0 0 1073741824 2147483646 39656030171 3172483069 3092097736
-2147483648 524287 1 1 1 0 0 0 -39128840926 536870912 1 0 39119159259 -38055099102 1 1 -1073741824 -2148007935 -39665711838 -3173257603 3129532744
0 0 1 0 0 0 0 0 -39128840926 536870912 1 0 39119159259 -38055099102 1 1 -1073741824 -2148007935 -39665711838 -3173257603 3129532744
-2147483647 524287 1 0 1 0 0 -32768 -39665711819 0 1 -128849670 -38055099102 -38591969995 0 0 -1073741824 -2148007934 -39665711819 -3173257601 -3044407931
0 0 1 0 0 0 0 -32768 -39665711819 0 1 -128849670 -38055099102 -38591969995 0 0 -1073741824 -2148007934 -39665711819 -3173257601 -3044407931
-8388609 524287 1 0 1 0 0 -8955 -293437686 -128849670 0 536870912 -38591969995 0 0 0 -293437686 -8912896 -164588016 -13167044 -3087357602
0 0 1 0 0 0 0 -8955 -293437686 -128849670 0 536870912 -38591969995 0 0 0 -293437686 -8912896 -164588016 -13167044 -3087357602
-8388608 524287 1 0 1 0 0 11361 372282914 536870912 0 523703869 0 0 0 0 372282914 -8912895 -164587998 -13167043 0
0 0 1 0 0 0 0 11361 372282914 536870912 0 523703869 0 0 0 0 372282914 -8912895 -164587998 -13167043 0
-8388607 524287 1 0 1 0 0 10959 359115890 523703869 0 510536828 0 0 0 0 359115890 -8912894 -164587979 -13167041 0
0 0 1 0 0 0 0 10959 359115890 523703869 0 510536828 0 0 0 0 359115890 -8912894 -164587979 -13167041 0
-3670017 524287 1 0 1 0 0 13217 433083644 510536828 0 504340572 0 0 0 0 433083644 -4194304 -77453184 -6196256 0
0 0 1 0 0 0 0 13217 433083644 510536828 0 504340572 0 0 0 0 433083644 -4194304 -77453184 -6196256 0
-3670016 524287 1 0 1 0 0 13028 426887406 504340572 0 498144317 0 0 0 0 426887406 -4194303 -77453166 -6196255 0
0 0 1 0 0 0 0 13028 426887406 504340572 0 498144317 0 0 0 0 426887406 -4194303 -77453166 -6196255 0
-3670015 524287 1 0 1 0 0 12838 420691170 498144317 0 491948064 0 0 0 0 420691170 -4194302 -77453147 -6196253 0
0 0 1 0 0 0 0 12838 420691170 498144317 0 491948064 0 0 0 0 420691170 -4194302 -77453147 -6196253 0
-3145729 524287 0 0 1 0 0 0 424176528 491948064 0 0 0 0 1 1 424176528 -3670016 -67771536 -5421724 0
0 0 1 0 0 0 0 0 424176528 491948064 0 0 0 0 1 1 424176528 -3670016 -67771536 -5421724 0
-3145728 524287 1 0 1 0 0 -2068 -67771518 0 0 -5421723 0 0 0 0 -67771518 -3670015 -67771518 -5421723 0
0 0 1 0 0 0 0 -2068 -67771518 0 0 -5421723 0 0 0 0 -67771518 -3670015 -67771518 -5421723 0
-3145727 524287 1 0 1 0 0 -2234 -73193222 -5421723 0 -10843444 0 0 0 0 -73193222 -3670014 -67771499 -5421721 0
0 0 1 0 0 0 0 -2234 -73193222 -5421723 0 -10843444 0 0 0 0 -73193222 -3670014 -67771499 -5421721 0
-524289 524287 1 0 1 0 0 -922 -30206740 -10843444 0 -12392508 0 0 0 0 -30206740 -1048576 -19363296 -1549064 0
0 0 1 0 0 0 0 -922 -30206740 -10843444 0 -12392508 0 0 0 0 -30206740 -1048576 -19363296 -1549064 0
-524288 524287 1 0 1 0 0 -969 -31755786 -12392508 0 -13941571 0 0 0 0 -31755786 -1048575 -19363278 -1549063 0
0 0 1 0 0 0 0 -969 -31755786 -12392508 0 -13941571 0 0 0 0 -31755786 -1048575 -19363278 -1549063 0
-524287 524287 1 0 1 0 0 -1016 -33304830 -13941571 0 -15490632 0 0 0 0 -33304830 -1048574 -19363259 -1549061 0
0 0 1 0 0 0 0 -1016 -33304830 -13941571 0 -15490632 0 0 0 0 -33304830 -1048574 -19363259 -1549061 0
-1 524287 1 0 1 0 0 -768 -25172280 -15490632 0 -16265164 0 0 0 0 -25172280 -524288 -9681648 -774532 0
0 0 1 0 0 0 0 -768 -25172280 -15490632 0 -16265164 0 0 0 0 -25172280 -524288 -9681648 -774532 0
0 524287 1 0 1 0 0 -792 -25946794 -16265164 0 -17039695 0 0 0 0 -25946794 -524287 -9681630 -774531 0
0 0 1 0 0 0 0 -792 -25946794 -16265164 0 -17039695 0 0 0 0 -25946794 -524287 -9681630 -774531 0
1 524287 1 0 1 0 0 -815 -26721306 -17039695 0 -17814224 0 0 0 0 -26721306 -524286 -9681611 -774529 0
0 0 1 0 0 0 0 -815 -26721306 -17039695 0 -17814224 0 0 0 0 -26721306 -524286 -9681611 -774529 0
524287 524287 1 0 1 0 0 -544 -17814224 -17814224 0 -17814224 0 0 0 0 -17814224 0 0 0 0
0 0 1 0 0 0 0 -544 -17814224 -17814224 0 -17814224 0 0 0 0 -17814224 0 0 0 0
524288 524287 1 0 1 0 0 -544 -17814206 -17814224 0 -17814223 0 0 0 0 -17814206 1 18 1 0
0 0 1 0 0 0 0 -544 -17814206 -17814224 0 -17814223 0 0 0 0 -17814206 1 18 1 0
524289 524287 1 0 1 1 0 0 -17814186 -17814223 0 0 0 0 1 1 -17814186 2 37 3 0
0 0 1 0 0 0 0 0 -17814186 -17814223 0 0 0 0 1 1 -17814186 2 37 3 0
3145727 524287 1 0 1 0 0 1477 48408240 0 0 3872660 0 0 0 0 48408240 2621440 48408240 3872660 0
0 0 1 0 0 0 0 1477 48408240 0 0 3872660 0 0 0 0 48408240 2621440 48408240 3872660 0
3145728 524287 1 0 1 0 0 1595 52280918 3872660 0 7745321 0 0 0 0 52280918 2621441 48408258 3872661 0
0 0 1 0 0 0 0 1595 52280918 3872660 0 7745321 0 0 0 0 52280918 2621441 48408258 3872661 0
3145729 524287 1 0 1 0 0 1714 56153598 7745321 0 11617984 0 0 0 0 56153598 2621442 48408277 3872663 0
0 0 1 0 0 0 0 1714 56153598 7745321 0 11617984 0 0 0 0 56153598 2621442 48408277 3872663 0
3670015 524287 1 0 1 0 0 2127 69707872 11617984 0 16265176 0 0 0 0 69707872 3145728 58089888 4647192 0
0 0 1 0 0 0 0 2127 69707872 11617984 0 16265176 0 0 0 0 69707872 3145728 58089888 4647192 0
3670016 524287 1 0 1 0 0 2269 74355082 16265176 0 20912369 0 0 0 0 74355082 3145729 58089906 4647193 0
0 0 1 0 0 0 0 2269 74355082 16265176 0 20912369 0 0 0 0 74355082 3145729 58089906 4647193 0
3670017 524287 1 0 1 0 0 2411 79002294 20912369 0 25559564 0 0 0 0 79002294 3145730 58089925 4647195 0
0 0 1 0 0 0 0 2411 79002294 20912369 0 25559564 0 0 0 0 79002294 3145730 58089925 4647195 0
8388607 524287 1 0 1 0 0 5212 170784284 25559564 0 37177544 0 0 0 0 170784284 7864320 145224720 11617980 0
0 0 1 0 0 0 0 5212 170784284 25559564 0 37177544 0 0 0 0 170784284 7864320 145224720 11617980 0
8388608 524287 1 0 1 0 0 5566 182402282 37177544 0 48795525 0 0 0 0 182402282 7864321 145224738 11617981 0
0 0 1 0 0 0 0 5566 182402282 37177544 0 48795525 0 0 0 0 182402282 7864321 145224738 11617981 0
8388609 524287 1 0 1 0 0 5921 194020282 48795525 0 60413508 0 0 0 0 194020282 7864322 145224757 11617983 0
0 0 1 0 0 0 0 5921 194020282 48795525 0 60413508 0 0 0 0 194020282 7864322 145224757 11617983 0
2147483646 524287 1 0 1 0 0 32768 39706762050 60413508 1 536870912 0 38633020226 0 0 1073741824 2146959359 39646348542 3171708539 0
0 0 1 0 0 0 0 32768 39706762050 60413508 1 536870912 0 38633020226 0 0 1073741824 2146959359 39646348542 3171708539 0
2147483647 524287 1 0 1 0 0 32768 40183219472 536870912 1 536870912 38633020226 39109477648 0 0 1073741824 2146959360 39646348560 3171708540 3090641621
0 0 1 0 0 0 0 32768 40183219472 536870912 1 536870912 38633020226 39109477648 0 0 1073741824 2146959360 39646348560 3171708540 3090641621
-2147483648 524288 0 1 1 0 0 0 -39128840944 536870912 1 0 39109477648 -38055099120 1 1 -1073741824 -2148007936 -39665711856 -3173257604 3128758215
0 0 1 0 0 0 0 0 -39128840944 536870912 1 0 39109477648 -38055099120 1 1 -1073741824 -2148007936 -39665711856 -3173257604 3128758215
-2147483647 524288 1 0 1 0 0 -32768 -39665711838 0 1 -128849671 -38055099120 -38591970014 0 0 -1073741824 -2148007935 -39665711838 -3173257603 -3044407932
0 0 1 0 0 0 0 -32768 -39665711838 0 1 -128849671 -38055099120 -38591970014 0 0 -1073741824 -2148007935 -39665711838 -3173257603 -3044407932
-8388609 524288 1 0 1 0 0 -8955 -293437705 -128849671 0 536870912 -38591970014 0 0 0 -293437705 -8912897 -164588034 -13167045 -3087357604
0 0 1 0 0 0 0 -8955 -293437705 -128849671 0 536870912 -38591970014 0 0 0 -293437705 -8912897 -164588034 -13167045 -3087357604
-8388608 524288 1 0 1 0 0 11361 372282896 536870912 0 523703868 0 0 0 0 372282896 -8912896 -164588016 -13167044 0
0 0 1 0 0 0 0 11361 372282896 536870912 0 523703868 0 0 0 0 372282896 -8912896 -164588016 -13167044 0
-8388607 524288 1 0 1 0 0 10959 359115870 523703868 0 510536825 0 0 0 0 359115870 -8912895 -164587998 -13167043 0
0 0 1 0 0 0 0 10959 359115870 523703868 0 510536825 0 0 0 0 359115870 -8912895 -164587998 -13167043 0
-3670017 524288 1 0 1 0 0 13217 433083623 510536825 0 504340568 0 0 0 0 433083623 -4194305 -77453202 -6196257 0
0 0 1 0 0 0 0 13217 433083623 510536825 0 504340568 0 0 0 0 433083623 -4194305 -77453202 -6196257 0
-3670016 524288 1 0 1 0 0 13028 426887384 504340568 0 498144312 0 0 0 0 426887384 -4194304 -77453184 -6196256 0
0 0 1 0 0 0 0 13028 426887384 504340568 0 498144312 0 0 0 0 426887384 -4194304 -77453184 -6196256 0
-3670015 524288 1 0 1 0 0 12838 420691146 498144312 0 491948057 0 0 0 0 420691146 -4194303 -77453166 -6196255 0
0 0 1 0 0 0 0 12838 420691146 498144312 0 491948057 0 0 0 0 420691146 -4194303 -77453166 -6196255 0
-3145729 524288 1 0 1 0 0 12945 424176503 491948057 0 486526332 0 0 0 0 424176503 -3670017 -67771554 -5421725 0
0 0 1 0 0 0 0 12945 424176503 491948057 0 486526332 0 0 0 0 424176503 -3670017 -67771554 -5421725 0
-3145728 524288 1 0 1 0 0 12779 418754796 486526332 0 481104608 0 0 0 0 418754796 -3670016 -67771536 -5421724 0
0 0 1 0 0 0 0 12779 418754796 486526332 0 481104608 0 0 0 0 418754796 -3670016 -67771536 -5421724 0
-3145727 524288 1 0 1 0 0 12614 413333090 481104608 0 475682885 0 0 0 0 413333090 -3670015 -67771518 -5421723 0
0 0 1 0 0 0 0 12614 413333090 481104608 0 475682885 0 0 0 0 413333090 -3670015 -67771518 -5421723 0
-524289 524288 1 0 1 0 0 13926 456319571 475682885 0 474133820 0 0 0 0 456319571 -1048577 -19363314 -1549065 0
0 0 1 0 0 0 0 13926 456319571 475682885 0 474133820 0 0 0 0 456319571 -1048577 -19363314 -1549065 0
-524288 524288 1 0 1 0 0 13878 454770524 474133820 0 472584756 0 0 0 0 454770524 -1048576 -19363296 -1549064 0
0 0 1 0 0 0 0 13878 454770524 474133820 0 472584756 0 0 0 0 454770524 -1048576 -19363296 -1549064 0
-524287 524288 1 0 1 0 0 13831 453221478 472584756 0 471035693 0 0 0 0 453221478 -1048575 -19363278 -1549063 0
0 0 1 0 0 0 0 13831 453221478 472584756 0 471035693 0 0 0 0 453221478 -1048575 -19363278 -1549063 0
-1 524288 1 0 1 0 0 14079 461354027 471035693 0 470261160 0 0 0 0 461354027 -524289 -9681666 -774533 0
0 0 1 0 0 0 0 14079 461354027 471035693 0 470261160 0 0 0 0 461354027 -524289 -9681666 -774533 0
0 524288 1 0 1 0 0 14056 460579512 470261160 0 469486628 0 0 0 0 460579512 -524288 -9681648 -774532 0
0 0 1 0 0 0 0 14056 460579512 470261160 0 469486628 0 0 0 0 460579512 -524288 -9681648 -774532 0
1 524288 1 0 1 0 0 14032 459804998 469486628 0 468712097 0 0 0 0 459804998 -524287 -9681630 -774531 0
0 0 1 0 0 0 0 14032 459804998 469486628 0 468712097 0 0 0 0 459804998 -524287 -9681630 -774531 0
524287 524288 1 0 1 0 0 14304 468712079 468712097 0 468712096 0 0 0 0 468712079 -1 -18 -1 0
0 0 1 0 0 0 0 14304 468712079 468712097 0 468712096 0 0 0 0 468712079 -1 -18 -1 0
524288 524288 1 0 1 0 0 14304 468712096 468712096 0 468712096 0 0 0 0 468712096 0 0 0 0
0 0 1 0 0 0 0 14304 468712096 468712096 0 468712096 0 0 0 0 468712096 0 0 0 0
524289 524288 1 0 1 0 0 14304 468712114 468712096 0 468712097 0 0 0 0 468712114 1 18 1 0
0 0 1 0 0 0 0 14304 468712114 468712096 0 468712097 0 0 0 0 468712114 1 18 1 0
3145727 524288 1 0 1 0 0 15781 517120319 468712097 0 472584756 0 0 0 0 517120319 2621439 48408222 3872659 0
0 0 1 0 0 0 0 15781 517120319 468712097 0 472584756 0 0 0 0 517120319 2621439 48408222 3872659 0
3145728 524288 1 0 1 0 0 15899 520992996 472584756 0 476457416 0 0 0 0 520992996 2621440 48408240 3872660 0
0 0 1 0 0 0 0 15899 520992996 472584756 0 476457416 0 0 0 0 520992996 2621440 48408240 3872660 0
3145729 524288 1 0 1 0 0 16018 524865674 476457416 0 480330077 0 0 0 0 524865674 2621441 48408258 3872661 0
0 0 1 0 0 0 0 16018 524865674 476457416 0 480330077 0 0 0 0 524865674 2621441 48408258 3872661 0
3670015 524288 0 0 1 0 0 0 538419947 480330077 0 0 0 0 1 1 538419947 3145727 58089870 4647191 0
0 0 1 0 0 0 0 0 538419947 480330077 0 0 0 0 1 1 538419947 3145727 58089870 4647191 0
3670016 524288 1 0 1 0 0 1773 58089888 0 0 4647192 0 0 0 0 58089888 3145728 58089888 4647192 0
0 0 1 0 0 0 0 1773 58089888 0 0 4647192 0 0 0 0 58089888 3145728 58089888 4647192 0
3670017 524288 1 0 1 0 0 1915 62737098 4647192 0 9294385 0 0 0 0 62737098 3145729 58089906 4647193 0
0 0 1 0 0 0 0 1915 62737098 4647192 0 9294385 0 0 0 0 62737098 3145729 58089906 4647193 0
8388607 524288 1 0 1 0 1 0 154519087 9294385 0 0 0 0 1 1 154519087 7864319 145224702 11617979 0
0 0 1 0 0 0 0 0 154519087 9294385 0 0 0 0 1 1 154519087 7864319 145224702 11617979 0
8388608 524288 1 0 1 0 0 4432 145224720 0 0 11617980 0 0 0 0 145224720 7864320 145224720 11617980 0
0 0 1 0 0 0 0 4432 145224720 0 0 11617980 0 0 0 0 145224720 7864320 145224720 11617980 0
8388609 524288 1 0 1 0 0 4786 156842718 11617980 0 23235961 0 0 0 0 156842718 7864321 145224738 11617981 0
0 0 1 0 0 0 0 4786 156842718 11617980 0 23235961 0 0 0 0 156842718 7864321 145224738 11617981 0
2147483646 524288 1 0 1 0 0 32768 39669584484 23235961 1 536870912 0 38595842660 0 0 1073741824 2146959358 39646348523 3171708537 0
0 0 1 0 0 0 0 32768 39669584484 23235961 1 536870912 0 38595842660 0 0 1073741824 2146959358 39646348523 3171708537 0
2147483647 524288 1 0 1 0 0 32768 40183219454 536870912 1 536870912 38595842660 39109477630 0 0 1073741824 2146959359 39646348542 3171708539 3087667416
0 0 1 0 0 0 0 32768 40183219454 536870912 1 536870912 38595842660 39109477630 0 0 1073741824 2146959359 39646348542 3171708539 3087667416
-2147483648 524289 1 1 1 0 0 0 -39128840962 536870912 1 0 39109477630 -38055099138 1 1 -1073741824 -2148007937 -39665711874 -3173257605 3128758213
0 0 1 0 0 0 0 0 -39128840962 536870912 1 0 39109477630 -38055099138 1 1 -1073741824 -2148007937 -39665711874 -3173257605 3128758213
-2147483647 524289 1 0 1 0 0 -32768 -39665711856 0 1 -128849670 -38055099138 -38591970032 0 0 -1073741824 -2148007936 -39665711856 -3173257604 -3044407934
0 0 1 0 0 0 0 -32768 -39665711856 0 1 -128849670 -38055099138 -38591970032 0 0 -1073741824 -2148007936 -39665711856 -3173257604 -3044407934
-8388609 524289 1 0 1 0 0 -8955 -293437723 -128849670 0 536870912 -38591970032 0 0 0 -293437723 -8912898 -164588053 -13167047 -3087357605
0 0 1 0 0 0 0 -8955 -293437723 -128849670 0 536870912 -38591970032 0 0 0 -293437723 -8912898 -164588053 -13167047 -3087357605
-8388608 524289 1 0 1 0 0 11361 372282878 536870912 0 523703867 0 0 0 0 372282878 -8912897 -164588034 -13167045 0
0 0 1 0 0 0 0 11361 372282878 536870912 0 523703867 0 0 0 0 372282878 -8912897 -164588034 -13167045 0
-8388607 524289 1 0 1 0 0 10959 359115851 523703867 0 510536823 0 0 0 0 359115851 -8912896 -164588016 -13167044 0
0 0 1 0 0 0 0 10959 359115851 523703867 0 510536823 0 0 0 0 359115851 -8912896 -164588016 -13167044 0
-3670017 524289 1 0 1 0 0 13217 433083602 510536823 0 504340564 0 0 0 0 433083602 -4194306 -77453221 -6196259 0
0 0 1 0 0 0 0 13217 433083602 510536823 0 504340564 0 0 0 0 433083602 -4194306 -77453221 -6196259 0
-3670016 524289 1 0 1 0 0 13028 426887362 504340564 0 498144307 0 0 0 0 426887362 -4194305 -77453202 -6196257 0
0 0 1 0 0 0 0 13028 426887362 504340564 0 498144307 0 0 0 0 426887362 -4194305 -77453202 -6196257 0
-3670015 524289 1 0 1 0 0 12838 420691123 498144307 0 491948051 0 0 0 0 420691123 -4194304 -77453184 -6196256 0
0 0 1 0 0 0 0 12838 420691123 498144307 0 491948051 0 0 0 0 420691123 -4194304 -77453184 -6196256 0
-3145729 524289 1 0 1 0 0 12945 424176478 491948051 0 486526324 0 0 0 0 424176478 -3670018 -67771573 -5421727 0
0 0 1 0 0 0 0 12945 424176478 491948051 0 486526324 0 0 0 0 424176478 -3670018 -67771573 -5421727 0
-3145728 524289 1 0 1 0 0 12779 418754770 486526324 0 481104599 0 0 0 0 418754770 -3670017 -67771554 -5421725 0
0 0 1 0 0 0 0 12779 418754770 486526324 0 481104599 0 0 0 0 418754770 -3670017 -67771554 -5421725 0
-3145727 524289 1 0 1 0 0 12614 413333063 481104599 0 475682875 0 0 0 0 413333063 -3670016 -67771536 -5421724 0
0 0 1 0 0 0 0 12614 413333063 481104599 0 475682875 0 0 0 0 413333063 -3670016 -67771536 -5421724 0
-524289 524289 1 0 1 0 0 13926 456319542 475682875 0 474133808 0 0 0 0 456319542 -1048578 -19363333 -1549067 0
0 0 1 0 0 0 0 13926 456319542 475682875 0 474133808 0 0 0 0 456319542 -1048578 -19363333 -1549067 0
-524288 524289 1 0 1 0 0 13878 454770494 474133808 0 472584743 0 0 0 0 454770494 -1048577 -19363314 -1549065 0
0 0 1 0 0 0 0 13878 454770494 474133808 0 472584743 0 0 0 0 454770494 -1048577 -19363314 -1549065 0
-524287 524289 1 0 1 0 0 13831 453221447 472584743 0 471035679 0 0 0 0 453221447 -1048576 -19363296 -1549064 0
0 0 1 0 0 0 0 13831 453221447 472584743 0 471035679 0 0 0 0 453221447 -1048576 -19363296 -1549064 0
-1 524289 1 0 1 0 0 14079 461353994 471035679 0 470261144 0 0 0 0 461353994 -524290 -9681685 -774535 0
0 0 1 0 0 0 0 14079 461353994 471035679 0 470261144 0 0 0 0 461353994 -524290 -9681685 -774535 0
0 524289 0 0 1 0 0 0 460579478 470261144 0 0 0 0 1 1 460579478 -524289 -9681666 -774533 0
0 0 1 0 0 0 0 0 460579478 470261144 0 0 0 0 1 1 460579478 -524289 -9681666 -774533 0
1 524289 1 0 1 0 0 -295 -9681648 0 0 -774532 0 0 0 0 -9681648 -524288 -9681648 -774532 0
0 0 1 0 0 0 0 -295 -9681648 0 0 -774532 0 0 0 0 -9681648 -524288 -9681648 -774532 0
524287 524289 1 0 1 0 0 -24 -774569 -774532 0 -774535 0 0 0 0 -774569 -2 -37 -3 0
0 0 1 0 0 0 0 -24 -774569 -774532 0 -774535 0 0 0 0 -774569 -2 -37 -3 0
524288 524289 1 0 1 0 0 -24 -774553 -774535 0 -774536 0 0 0 0 -774553 -1 -18 -1 0
0 0 1 0 0 0 0 -24 -774553 -774535 0 -774536 0 0 0 0 -774553 -1 -18 -1 0
524289 524289 1 0 1 0 0 -24 -774536 -774536 0 -774536 0 0 0 0 -774536 0 0 0 0
0 0 1 0 0 0 0 -24 -774536 -774536 0 -774536 0 0 0 0 -774536 0 0 0 0
3145727 524289 1 0 1 0 0 1454 47633667 -774536 0 3098121 0 0 0 0 47633667 2621438 48408203 3872657 0
0 0 1 0 0 0 0 1454 47633667 -774536 0 3098121 0 0 0 0 47633667 2621438 48408203 3872657 0
3145728 524289 1 0 1 0 0 1572 51506343 3098121 0 6970780 0 0 0 0 51506343 2621439 48408222 3872659 0
0 0 1 0 0 0 0 1572 51506343 3098121 0 6970780 0 0 0 0 51506343 2621439 48408222 3872659 0
3145729 524289 1 0 1 0 0 1690 55379020 6970780 0 10843440 0 0 0 0 55379020 2621440 48408240 3872660 0
0 0 1 0 0 0 0 1690 55379020 6970780 0 10843440 0 0 0 0 55379020 2621440 48408240 3872660 0
3670015 524289 1 0 1 0 0 2104 68933291 10843440 0 15490629 0 0 0 0 68933291 3145726 58089851 4647189 0
0 0 1 0 0 0 0 2104 68933291 10843440 0 15490629 0 0 0 0 68933291 3145726 58089851 4647189 0
3670016 524289 1 0 1 1 0 0 73580499 15490629 0 0 0 0 1 1 73580499 3145727 58089870 4647191 0
0 0 1 0 0 0 0 0 73580499 15490629 0 0 0 0 1 1 73580499 3145727 58089870 4647191 0
3670017 524289 1 0 1 0 0 1773 58089888 0 0 4647192 0 0 0 0 58089888 3145728 58089888 4647192 0
0 0 1 0 0 0 0 1773 58089888 0 0 4647192 0 0 0 0 58089888 3145728 58089888 4647192 0
8388607 524289 1 0 1 0 0 4574 149871875 4647192 0 16265169 0 0 0 0 149871875 7864318 145224683 11617977 0
0 0 1 0 0 0 0 4574 149871875 4647192 0 16265169 0 0 0 0 149871875 7864318 145224683 11617977 0
8388608 524289 1 0 1 0 0 4928 161489871 16265169 0 27883148 0 0 0 0 161489871 7864319 145224702 11617979 0
0 0 1 0 0 0 0 4928 161489871 16265169 0 27883148 0 0 0 0 161489871 7864319 145224702 11617979 0
8388609 524289 1 0 1 0 0 5283 173107868 27883148 0 39501128 0 0 0 0 173107868 7864320 145224720 11617980 0
0 0 1 0 0 0 0 5283 173107868 27883148 0 39501128 0 0 0 0 173107868 7864320 145224720 11617980 0
2147483646 524289 1 0 1 0 0 32768 39685849633 39501128 1 536870912 0 38612107809 0 0 1073741824 2146959357 39646348505 3171708536 0
0 0 1 0 0 0 0 32768 39685849633 39501128 1 536870912 0 38612107809 0 0 1073741824 2146959357 39646348505 3171708536 0
2147483647 524289 1 0 1 0 0 32768 40183219435 536870912 1 536870912 38612107809 39109477611 0 0 1073741824 2146959358 39646348523 3171708537 3088968628
0 0 1 0 0 0 0 32768 40183219435 536870912 1 536870912 38612107809 39109477611 0 0 1073741824 2146959358 39646348523 3171708537 3088968628
-2147483648 3145727 1 1 1 0 0 0 -39177249166 536870912 1 0 39109477611 -38103507342 1 1 -1073741824 -2150629375 -39714120078 -3177130263 3128758212
0 0 1 0 0 0 0 0 -39177249166 536870912 1 0 39109477611 -38103507342 1 1 -1073741824 -2150629375 -39714120078 -3177130263 3128758212
-2147483647 3145727 1 0 1 0 0 -32768 -39714120059 0 1 -128849671 -38103507342 -38640378235 0 0 -1073741824 -2150629374 -39714120059 -3177130261 -3048280590
0 0 1 0 0 0 0 -32768 -39714120059 0 1 -128849671 -38103507342 -38640378235 0 0 -1073741824 -2150629374 -39714120059 -3177130261 -3048280590
-8388609 3145727 1 0 1 0 0 -10432 -341845927 -128849671 0 536870912 -38640378235 0 0 0 -341845927 -11534336 -212996256 -17039704 -3091230262
0 0 1 0 0 0 0 -10432 -341845927 -128849671 0 536870912 -38640378235 0 0 0 -341845927 -11534336 -212996256 -17039704 -3091230262
-8388608 3145727 1 0 1 0 0 9884 323874674 536870912 0 519831209 0 0 0 0 323874674 -11534335 -212996238 -17039703 0
0 0 1 0 0 0 0 9884 323874674 536870912 0 519831209 0 0 0 0 323874674 -11534335 -212996238 -17039703 0
-8388607 3145727 1 0 1 0 0 9364 306834990 519831209 0 502791508 0 0 0 0 306834990 -11534334 -212996219 -17039701 0
0 0 1 0 0 0 0 9364 306834990 519831209 0 502791508 0 0 0 0 306834990 -11534334 -212996219 -17039701 0
-3670017 3145727 1 0 1 0 0 11503 376930084 502791508 0 492722592 0 0 0 0 376930084 -6815744 -125861424 -10068916 0
0 0 1 0 0 0 0 11503 376930084 502791508 0 492722592 0 0 0 0 376930084 -6815744 -125861424 -10068916 0
-3670016 3145727 1 0 1 0 0 11196 366861186 492722592 0 482653677 0 0 0 0 366861186 -6815743 -125861406 -10068915 0
0 0 1 0 0 0 0 11196 366861186 492722592 0 482653677 0 0 0 0 366861186 -6815743 -125861406 -10068915 0
-3670015 3145727 0 0 1 0 0 0 356792290 482653677 0 0 0 0 1 1 356792290 -6815742 -125861387 -10068913 0
0 0 1 0 0 0 0 0 356792290 482653677 0 0 0 0 1 1 356792290 -6815742 -125861387 -10068913 0
-3145729 3145727 1 0 1 0 0 -3546 -116179776 0 0 -9294384 0 0 0 0 -116179776 -6291456 -116179776 -9294384 0
0 0 1 0 0 0 0 -3546 -116179776 0 0 -9294384 0 0 0 0 -116179776 -6291456 -116179776 -9294384 0
-3145728 3145727 1 0 1 0 0 -3829 -125474142 -9294384 0 -18588767 0 0 0 0 -125474142 -6291455 -116179758 -9294383 0
0 0 1 0 0 0 0 -3829 -125474142 -9294384 0 -18588767 0 0 0 0 -125474142 -6291455 -116179758 -9294383 0
-3145727 3145727 1 0 1 0 0 -4113 -134768506 -18588767 0 -27883148 0 0 0 0 -134768506 -6291454 -116179739 -9294381 0
0 0 1 0 0 0 0 -4113 -134768506 -18588767 0 -27883148 0 0 0 0 -134768506 -6291454 -116179739 -9294381 0
-524289 3145727 1 0 1 0 0 -2919 -95654684 -27883148 0 -33304872 0 0 0 0 -95654684 -3670016 -67771536 -5421724 0
0 0 1 0 0 0 0 -2919 -95654684 -27883148 0 -33304872 0 0 0 0 -95654684 -3670016 -67771536 -5421724 0
-524288 3145727 1 0 1 0 0 -3085 -101076390 -33304872 0 -38726595 0 0 0 0 -101076390 -3670015 -67771518 -5421723 0
0 0 1 0 0 0 0 -3085 -101076390 -33304872 0 -38726595 0 0 0 0 -101076390 -3670015 -67771518 -5421723 0
-524287 3145727 1 0 1 0 0 -3250 -106498094 -38726595 0 -44148316 0 0 0 0 -106498094 -3670014 -67771499 -5421721 0
0 0 1 0 0 0 0 -3250 -106498094 -38726595 0 -44148316 0 0 0 0 -106498094 -3670014 -67771499 -5421721 0
-1 3145727 1 0 1 0 0 -3120 -102238204 -44148316 0 -48795508 0 0 0 0 -102238204 -3145728 -58089888 -4647192 0
0 0 1 0 0 0 0 -3120 -102238204 -44148316 0 -48795508 0 0 0 0 -102238204 -3145728 -58089888 -4647192 0
0 3145727 1 0 1 0 0 -3262 -106885378 -48795508 0 -53442699 0 0 0 0 -106885378 -3145727 -58089870 -4647191 0
0 0 1 0 0 0 0 -3262 -106885378 -48795508 0 -53442699 0 0 0 0 -106885378 -3145727 -58089870 -4647191 0
1 3145727 1 0 1 0 0 -3404 -111532550 -53442699 0 -58089888 0 0 0 0 -111532550 -3145726 -58089851 -4647189 0
0 0 1 0 0 0 0 -3404 -111532550 -53442699 0 -58089888 0 0 0 0 -111532550 -3145726 -58089851 -4647189 0
524287 3145727 1 0 1 0 0 -3250 -106498128 -58089888 0 -61962548 0 0 0 0 -106498128 -2621440 -48408240 -3872660 0
0 0 1 0 0 0 0 -3250 -106498128 -58089888 0 -61962548 0 0 0 0 -106498128 -2621440 -48408240 -3872660 0
524288 3145727 1 0 1 0 0 -3368 -110370770 -61962548 0 -65835207 0 0 0 0 -110370770 -2621439 -48408222 -3872659 0
0 0 1 0 0 0 0 -3368 -110370770 -61962548 0 -65835207 0 0 0 0 -110370770 -2621439 -48408222 -3872659 0
524289 3145727 1 0 1 0 0 -3486 -114243410 -65835207 0 -69707864 0 0 0 0 -114243410 -2621438 -48408203 -3872657 0
0 0 1 0 0 0 0 -3486 -114243410 -65835207 0 -69707864 0 0 0 0 -114243410 -2621438 -48408203 -3872657 0
3145727 3145727 1 0 1 0 0 -2127 -69707864 -69707864 0 -69707864 0 0 0 0 -69707864 0 0 0 0
0 0 1 0 0 0 0 -2127 -69707864 -69707864 0 -69707864 0 0 0 0 -69707864 0 0 0 0
3145728 3145727 1 0 1 0 0 -2127 -69707846 -69707864 0 -69707863 0 0 0 0 -69707846 1 18 1 0
0 0 1 0 0 0 0 -2127 -69707846 -69707864 0 -69707863 0 0 0 0 -69707846 1 18 1 0
3145729 3145727 1 0 1 0 0 -2127 -69707826 -69707863 0 -69707860 0 0 0 0 -69707826 2 37 3 0
0 0 1 0 0 0 0 -2127 -69707826 -69707863 0 -69707860 0 0 0 0 -69707826 2 37 3 0
3670015 3145727 1 0 1 0 0 -1832 -60026212 -69707860 0 -68933328 0 0 0 0 -60026212 524288 9681648 774532 0
0 0 1 0 0 0 0 -1832 -60026212 -69707860 0 -68933328 0 0 0 0 -60026212 524288 9681648 774532 0
3670016 3145727 1 0 1 0 0 -1808 -59251662 -68933328 0 -68158795 0 0 0 0 -59251662 524289 9681666 774533 0
0 0 1 0 0 0 0 -1808 -59251662 -68933328 0 -68158795 0 0 0 0 -59251662 524289 9681666 774533 0
3670017 3145727 1 0 1 0 0 -1785 -58477110 -68158795 0 -67384260 0 0 0 0 -58477110 524290 9681685 774535 0
0 0 1 0 0 0 0 -1785 -58477110 -68158795 0 -67384260 0 0 0 0 -58477110 524290 9681685 774535 0
8388607 3145727 1 0 1 0 0 898 29432220 -67384260 0 -59638940 0 0 0 0 29432220 5242880 96816480 7745320 0
0 0 1 0 0 0 0 898 29432220 -67384260 0 -59638940 0 0 0 0 29432220 5242880 96816480 7745320 0
8388608 3145727 1 0 1 0 0 1135 37177558 -59638940 0 -51893619 0 0 0 0 37177558 5242881 96816498 7745321 0
0 0 1 0 0 0 0 1135 37177558 -59638940 0 -51893619 0 0 0 0 37177558 5242881 96816498 7745321 0
8388609 3145727 1 0 1 0 0 1371 44922898 -51893619 0 -44148296 0 0 0 0 44922898 5242882 96816517 7745323 0
0 0 1 0 0 0 0 1371 44922898 -51893619 0 -44148296 0 0 0 0 44922898 5242882 96816517 7745323 0
2147483646 3145727 1 0 1 0 0 32768 39553792006 -44148296 1 536870912 0 38480050182 0 0 1073741824 2144337919 39597940302 3167835879 0
0 0 1 0 0 0 0 32768 39553792006 -44148296 1 536870912 0 38480050182 0 0 1073741824 2144337919 39597940302 3167835879 0
2147483647 3145727 0 0 1 0 0 0 40134811232 536870912 1 0 38480050182 39061069408 1 1 1073741824 2144337920 39597940320 3167835880 3078404017
0 0 1 0 0 0 0 0 40134811232 536870912 1 0 38480050182 39061069408 1 1 1073741824 2144337920 39597940320 3167835880 3078404017
-2147483648 3145728 1 1 1 0 0 0 -39714120096 0 1 0 39061069408 -38640378272 1 1 -1073741824 -2150629376 -39714120096 -3177130264 3124885556
0 0 1 0 0 0 0 0 -39714120096 0 1 0 39061069408 -38640378272 1 1 -1073741824 -2150629376 -39714120096 -3177130264 3124885556
-2147483647 3145728 1 0 1 0 0 -32768 -39714120078 0 1 -85899998 -38640378272 -38640378254 0 0 -1073741824 -2150629375 -39714120078 -3177130263 -3091230265
0 0 1 0 0 0 0 -32768 -39714120078 0 1 -85899998 -38640378272 -38640378254 0 0 -1073741824 -2150629375 -39714120078 -3177130263 -3091230265
-8388609 3145728 1 0 1 0 0 -9122 -298896272 -85899998 0 536870912 -38640378254 0 0 0 -298896272 -11534337 -212996274 -17039705 -3091230263
0 0 1 0 0 0 0 -9122 -298896272 -85899998 0 536870912 -38640378254 0 0 0 -298896272 -11534337 -212996274 -17039705 -3091230263
-8388608 3145728 1 0 1 0 0 9884 323874656 536870912 0 519831208 0 0 0 0 323874656 -11534336 -212996256 -17039704 0
0 0 1 0 0 0 0 9884 323874656 536870912 0 519831208 0 0 0 0 323874656 -11534336 -212996256 -17039704 0
-8388607 3145728 1 0 1 0 1 0 306834970 519831208 0 0 0 0 1 1 306834970 -11534335 -212996238 -17039703 0
0 0 1 0 0 0 0 0 306834970 519831208 0 0 0 0 1 1 306834970 -11534335 -212996238 -17039703 0
-3670017 3145728 1 0 1 0 0 -3841 -125861442 0 0 -10068917 0 0 0 0 -125861442 -6815745 -125861442 -10068917 0
0 0 1 0 0 0 0 -3841 -125861442 0 0 -10068917 0 0 0 0 -125861442 -6815745 -125861442 -10068917 0
-3670016 3145728 1 0 1 0 0 -4148 -135930341 -10068917 0 -20137833 0 0 0 0 -135930341 -6815744 -125861424 -10068916 0
0 0 1 0 0 0 0 -4148 -135930341 -10068917 0 -20137833 0 0 0 0 -135930341 -6815744 -125861424 -10068916 0
-3670015 3145728 1 0 1 0 0 -4456 -145999239 -20137833 0 -30206748 0 0 0 0 -145999239 -6815743 -125861406 -10068915 0
0 0 1 0 0 0 0 -4456 -145999239 -20137833 0 -30206748 0 0 0 0 -145999239 -6815743 -125861406 -10068915 0
-3145729 3145728 1 0 1 0 0 -4467 -146386542 -30206748 0 -39501133 0 0 0 0 -146386542 -6291457 -116179794 -9294385 0
0 0 1 0 0 0 0 -4467 -146386542 -30206748 0 -39501133 0 0 0 0 -146386542 -6291457 -116179794 -9294385 0
-3145728 3145728 1 0 1 0 0 -4751 -155680909 -39501133 0 -48795517 0 0 0 0 -155680909 -6291456 -116179776 -9294384 0
0 0 1 0 0 0 0 -4751 -155680909 -39501133 0 -48795517 0 0 0 0 -155680909 -6291456 -116179776 -9294384 0
-3145727 3145728 1 0 1 0 0 -5035 -164975275 -48795517 0 -58089900 0 0 0 0 -164975275 -6291455 -116179758 -9294383 0
0 0 1 0 0 0 0 -5035 -164975275 -48795517 0 -58089900 0 0 0 0 -164975275 -6291455 -116179758 -9294383 0
-524289 3145728 1 0 1 0 0 -3841 -125861454 -58089900 0 -63511625 0 0 0 0 -125861454 -3670017 -67771554 -5421725 0
0 0 1 0 0 0 0 -3841 -125861454 -58089900 0 -63511625 0 0 0 0 -125861454 -3670017 -67771554 -5421725 0
-524288 3145728 1 0 1 0 0 -4006 -131283161 -63511625 0 -68933349 0 0 0 0 -131283161 -3670016 -67771536 -5421724 0
0 0 1 0 0 0 0 -4006 -131283161 -63511625 0 -68933349 0 0 0 0 -131283161 -3670016 -67771536 -5421724 0
-524287 3145728 1 0 1 0 0 -4172 -136704867 -68933349 0 -74355072 0 0 0 0 -136704867 -3670015 -67771518 -5421723 0
0 0 1 0 0 0 0 -4172 -136704867 -68933349 0 -74355072 0 0 0 0 -136704867 -3670015 -67771518 -5421723 0
-1 3145728 1 0 1 0 0 -4042 -132444978 -74355072 0 -79002265 0 0 0 0 -132444978 -3145729 -58089906 -4647193 0
0 0 1 0 0 0 0 -4042 -132444978 -74355072 0 -79002265 0 0 0 0 -132444978 -3145729 -58089906 -4647193 0
0 3145728 1 0 1 0 0 -4184 -137092153 -79002265 0 -83649457 0 0 0 0 -137092153 -3145728 -58089888 -4647192 0
0 0 1 0 0 0 0 -4184 -137092153 -79002265 0 -83649457 0 0 0 0 -137092153 -3145728 -58089888 -4647192 0
1 3145728 1 0 1 0 0 -4326 -141739327 -83649457 0 -88296648 0 0 0 0 -141739327 -3145727 -58089870 -4647191 0
0 0 1 0 0 0 0 -4326 -141739327 -83649457 0 -88296648 0 0 0 0 -141739327 -3145727 -58089870 -4647191 0
524287 3145728 1 0 1 0 0 -4172 -136704906 -88296648 0 -92169309 0 0 0 0 -136704906 -2621441 -48408258 -3872661 0
0 0 1 0 0 0 0 -4172 -136704906 -88296648 0 -92169309 0 0 0 0 -136704906 -2621441 -48408258 -3872661 0
524288 3145728 1 0 1 0 0 -4290 -140577549 -92169309 0 -96041969 0 0 0 0 -140577549 -2621440 -48408240 -3872660 0
0 0 1 0 0 0 0 -4290 -140577549 -92169309 0 -96041969 0 0 0 0 -140577549 -2621440 -48408240 -3872660 0
524289 3145728 1 0 1 0 0 -4408 -144450191 -96041969 0 -99914628 0 0 0 0 -144450191 -2621439 -48408222 -3872659 0
0 0 1 0 0 0 0 -4408 -144450191 -96041969 0 -99914628 0 0 0 0 -144450191 -2621439 -48408222 -3872659 0
3145727 3145728 1 0 1 0 0 -3049 -99914646 -99914628 0 -99914629 0 0 0 0 -99914646 -1 -18 -1 0
0 0 1 0 0 0 0 -3049 -99914646 -99914628 0 -99914629 0 0 0 0 -99914646 -1 -18 -1 0
3145728 3145728 1 0 1 0 0 -3049 -99914629 -99914629 0 -99914629 0 0 0 0 -99914629 0 0 0 0
0 0 1 0 0 0 0 -3049 -99914629 -99914629 0 -99914629 0 0 0 0 -99914629 0 0 0 0
3145729 3145728 0 0 1 0 0 0 -99914611 -99914629 0 0 0 0 1 1 -99914611 1 18 1 0
0 0 1 0 0 0 0 0 -99914611 -99914629 0 0 0 0 1 1 -99914611 1 18 1 0
3670015 3145728 1 0 1 0 0 295 9681630 0 0 774531 0 0 0 0 9681630 524287 9681630 774531 0
0 0 1 0 0 0 0 295 9681630 0 0 774531 0 0 0 0 9681630 524287 9681630 774531 0
3670016 3145728 1 0 1 0 0 319 10456179 774531 0 1549063 0 0 0 0 10456179 524288 9681648 774532 0
0 0 1 0 0 0 0 319 10456179 774531 0 1549063 0 0 0 0 10456179 524288 9681648 774532 0
3670017 3145728 1 0 1 0 0 343 11230729 1549063 0 2323596 0 0 0 0 11230729 524289 9681666 774533 0
0 0 1 0 0 0 0 343 11230729 1549063 0 2323596 0 0 0 0 11230729 524289 9681666 774533 0
8388607 3145728 1 0 1 0 0 3026 99140058 2323596 0 10068915 0 0 0 0 99140058 5242879 96816462 7745319 0
0 0 1 0 0 0 0 3026 99140058 2323596 0 10068915 0 0 0 0 99140058 5242879 96816462 7745319 0
8388608 3145728 1 0 1 0 0 3262 106885395 10068915 0 17814235 0 0 0 0 106885395 5242880 96816480 7745320 0
0 0 1 0 0 0 0 3262 106885395 10068915 0 17814235 0 0 0 0 106885395 5242880 96816480 7745320 0
8388609 3145728 1 0 1 0 0 3498 114630733 17814235 0 25559556 0 0 0 0 114630733 5242881 96816498 7745321 0
0 0 1 0 0 0 0 3498 114630733 17814235 0 25559556 0 0 0 0 114630733 5242881 96816498 7745321 0
2147483646 3145728 1 0 1 1 0 0 39623499839 25559556 1 0 0 38549758015 1 1 1073741824 2144337918 39597940283 3167835877 0
0 0 1 0 0 0 0 0 39623499839 25559556 1 0 0 38549758015 1 1 1073741824 2144337918 39597940283 3167835877 0
2147483647 3145728 1 0 1 0 0 32768 39597940302 0 1 83855235 38549758015 38524198478 0 0 1073741824 2144337919 39597940302 3167835879 3083980644
0 0 1 0 0 0 0 32768 39597940302 0 1 83855235 38549758015 38524198478 0 0 1073741824 2144337919 39597940302 3167835879 3083980644
-2147483648 3145729 1 1 1 0 0 0 -39630264879 83855235 1 0 38524198478 -38556523055 1 1 -1073741824 -2150629377 -39714120114 -3177130265 3081935881
0 0 1 0 0 0 0 0 -39630264879 83855235 1 0 38524198478 -38556523055 1 1 -1073741824 -2150629377 -39714120114 -3177130265 3081935881
-2147483647 3145729 1 0 1 0 0 -32768 -39714120096 0 1 -92608417 -38556523055 -38640378272 0 0 -1073741824 -2150629376 -39714120096 -3177130264 -3084521847
0 0 1 0 0 0 0 -32768 -39714120096 0 1 -92608417 -38556523055 -38640378272 0 0 -1073741824 -2150629376 -39714120096 -3177130264 -3084521847
-8388609 3145729 1 0 1 0 0 -9326 -305604710 -92608417 0 536870912 -38640378272 0 0 0 -305604710 -11534338 -212996293 -17039707 -3091230265
0 0 1 0 0 0 0 -9326 -305604710 -92608417 0 536870912 -38640378272 0 0 0 -305604710 -11534338 -212996293 -17039707 -3091230265
-8388608 3145729 1 0 1 0 0 9884 323874638 536870912 0 519831207 0 0 0 0 323874638 -11534337 -212996274 -17039705 0
0 0 1 0 0 0 0 9884 323874638 536870912 0 519831207 0 0 0 0 323874638 -11534337 -212996274 -17039705 0
-8388607 3145729 1 0 1 0 0 9364 306834951 519831207 0 502791503 0 0 0 0 306834951 -11534336 -212996256 -17039704 0
0 0 1 0 0 0 0 9364 306834951 519831207 0 502791503 0 0 0 0 306834951 -11534336 -212996256 -17039704 0
-3670017 3145729 1 0 1 0 0 11503 376930042 502791503 0 492722584 0 0 0 0 376930042 -6815746 -125861461 -10068919 0
0 0 1 0 0 0 0 11503 376930042 502791503 0 492722584 0 0 0 0 376930042 -6815746 -125861461 -10068919 0
-3670016 3145729 1 0 1 0 0 11196 366861142 492722584 0 482653667 0 0 0 0 366861142 -6815745 -125861442 -10068917 0
0 0 1 0 0 0 0 11196 366861142 492722584 0 482653667 0 0 0 0 366861142 -6815745 -125861442 -10068917 0
-3670015 3145729 1 0 1 0 0 10888 356792243 482653667 0 472584751 0 0 0 0 356792243 -6815744 -125861424 -10068916 0
0 0 1 0 0 0 0 10888 356792243 482653667 0 472584751 0 0 0 0 356792243 -6815744 -125861424 -10068916 0
-3145729 3145729 1 0 1 0 0 10877 356404938 472584751 0 463290364 0 0 0 0 356404938 -6291458 -116179813 -9294387 0
0 0 1 0 0 0 0 10877 356404938 472584751 0 463290364 0 0 0 0 356404938 -6291458 -116179813 -9294387 0
-3145728 3145729 1 0 1 0 0 10593 347110570 463290364 0 453995979 0 0 0 0 347110570 -6291457 -116179794 -9294385 0
0 0 1 0 0 0 0 10593 347110570 463290364 0 453995979 0 0 0 0 347110570 -6291457 -116179794 -9294385 0
-3145727 3145729 1 0 1 0 0 10309 337816203 453995979 0 444701595 0 0 0 0 337816203 -6291456 -116179776 -9294384 0
0 0 1 0 0 0 0 10309 337816203 453995979 0 444701595 0 0 0 0 337816203 -6291456 -116179776 -9294384 0
-524289 3145729 1 0 1 0 0 11503 376930022 444701595 0 439279868 0 0 0 0 376930022 -3670018 -67771573 -5421727 0
0 0 1 0 0 0 0 11503 376930022 444701595 0 439279868 0 0 0 0 376930022 -3670018 -67771573 -5421727 0
-524288 3145729 1 0 1 0 0 11338 371508314 439279868 0 433858143 0 0 0 0 371508314 -3670017 -67771554 -5421725 0
0 0 1 0 0 0 0 11338 371508314 439279868 0 433858143 0 0 0 0 371508314 -3670017 -67771554 -5421725 0
-524287 3145729 1 0 1 0 0 11172 366086607 433858143 0 428436419 0 0 0 0 366086607 -3670016 -67771536 -5421724 0
0 0 1 0 0 0 0 11172 366086607 433858143 0 428436419 0 0 0 0 366086607 -3670016 -67771536 -5421724 0
-1 3145729 0 0 1 0 0 0 370346494 428436419 0 0 0 0 1 1 370346494 -3145730 -58089925 -4647195 0
0 0 1 0 0 0 0 0 370346494 428436419 0 0 0 0 1 1 370346494 -3145730 -58089925 -4647195 0
0 3145729 1 0 1 0 0 -1773 -58089906 0 0 -4647193 0 0 0 0 -58089906 -3145729 -58089906 -4647193 0
0 0 1 0 0 0 0 -1773 -58089906 0 0 -4647193 0 0 0 0 -58089906 -3145729 -58089906 -4647193 0
1 3145729 1 0 1 0 0 -1915 -62737081 -4647193 0 -9294385 0 0 0 0 -62737081 -3145728 -58089888 -4647192 0
0 0 1 0 0 0 0 -1915 -62737081 -4647193 0 -9294385 0 0 0 0 -62737081 -3145728 -58089888 -4647192 0
524287 3145729 1 0 1 0 0 -1761 -57702662 -9294385 0 -13167048 0 0 0 0 -57702662 -2621442 -48408277 -3872663 0
0 0 1 0 0 0 0 -1761 -57702662 -9294385 0 -13167048 0 0 0 0 -57702662 -2621442 -48408277 -3872663 0
524288 3145729 1 0 1 0 0 -1879 -61575306 -13167048 0 -17039709 0 0 0 0 -61575306 -2621441 -48408258 -3872661 0
0 0 1 0 0 0 0 -1879 -61575306 -13167048 0 -17039709 0 0 0 0 -61575306 -2621441 -48408258 -3872661 0
524289 3145729 1 0 1 0 0 -1997 -65447949 -17039709 0 -20912369 0 0 0 0 -65447949 -2621440 -48408240 -3872660 0
0 0 1 0 0 0 0 -1997 -65447949 -17039709 0 -20912369 0 0 0 0 -65447949 -2621440 -48408240 -3872660 0
3145727 3145729 1 0 1 0 0 -638 -20912406 -20912369 0 -20912372 0 0 0 0 -20912406 -2 -37 -3 0
0 0 1 0 0 0 0 -638 -20912406 -20912369 0 -20912372 0 0 0 0 -20912406 -2 -37 -3 0
3145728 3145729 1 0 1 0 0 -638 -20912390 -20912372 0 -20912373 0 0 0 0 -20912390 -1 -18 -1 0
0 0 1 0 0 0 0 -638 -20912390 -20912372 0 -20912373 0 0 0 0 -20912390 -1 -18 -1 0
3145729 3145729 1 0 1 0 0 -638 -20912373 -20912373 0 -20912373 0 0 0 0 -20912373 0 0 0 0
0 0 1 0 0 0 0 -638 -20912373 -20912373 0 -20912373 0 0 0 0 -20912373 0 0 0 0
3670015 3145729 1 0 1 0 0 -343 -11230762 -20912373 0 -20137844 0 0 0 0 -11230762 524286 9681611 774529 0
0 0 1 0 0 0 0 -343 -11230762 -20912373 0 -20137844 0 0 0 0 -11230762 524286 9681611 774529 0
3670016 3145729 1 0 1 0 0 -319 -10456214 -20137844 0 -19363313 0 0 0 0 -10456214 524287 9681630 774531 0
0 0 1 0 0 0 0 -319 -10456214 -20137844 0 -19363313 0 0 0 0 -10456214 524287 9681630 774531 0
3670017 3145729 1 0 1 0 0 -295 -9681665 -19363313 0 -18588781 0 0 0 0 -9681665 524288 9681648 774532 0
0 0 1 0 0 0 0 -295 -9681665 -19363313 0 -18588781 0 0 0 0 -9681665 524288 9681648 774532 0
8388607 3145729 1 0 1 0 0 2387 78227662 -18588781 0 -10843464 0 0 0 0 78227662 5242878 96816443 7745317 0
0 0 1 0 0 0 0 2387 78227662 -18588781 0 -10843464 0 0 0 0 78227662 5242878 96816443 7745317 0
8388608 3145729 1 0 1 0 0 2624 85972998 -10843464 0 -3098145 0 0 0 0 85972998 5242879 96816462 7745319 0
0 0 1 0 0 0 0 2624 85972998 -10843464 0 -3098145 0 0 0 0 85972998 5242879 96816462 7745319 0
8388609 3145729 1 0 1 0 0 2860 93718335 -3098145 0 4647175 0 0 0 0 93718335 5242880 96816480 7745320 0
0 0 1 0 0 0 0 2860 93718335 -3098145 0 4647175 0 0 0 0 93718335 5242880 96816480 7745320 0
2147483646 3145729 1 0 1 0 0 32768 39602587440 4647175 1 536870912 0 38528845616 0 0 1073741824 2144337917 39597940265 3167835876 0
0 0 1 0 0 0 0 32768 39602587440 4647175 1 536870912 0 38528845616 0 0 1073741824 2144337917 39597940265 3167835876 0
2147483647 3145729 1 0 1 0 0 32768 40134811195 536870912 1 536870912 38528845616 39061069371 0 0 1073741824 2144337918 39597940283 3167835877 3082307652
0 0 1 0 0 0 0 32768 40134811195 536870912 1 536870912 38528845616 39061069371 0 0 1073741824 2144337918 39597940283 3167835877 3082307652
-2147483648 3670015 1 1 1 0 0 0 -39186930814 536870912 1 0 39061069371 -38113188990 1 1 -1073741824 -2151153663 -39723801726 -3177904795 3124885553
0 0 1 0 0 0 0 0 -39186930814 536870912 1 0 39061069371 -38113188990 1 1 -1073741824 -2151153663 -39723801726 -3177904795 3124885553
-2147483647 3670015 1 0 1 0 0 -32768 -39723801707 0 1 -128849671 -38113188990 -38650059883 0 0 -1073741824 -2151153662 -39723801707 -3177904793 -3049055122
0 0 1 0 0 0 0 -32768 -39723801707 0 1 -128849671 -38113188990 -38650059883 0 0 -1073741824 -2151153662 -39723801707 -3177904793 -3049055122
-8388609 3670015 1 0 1 0 0 -10728 -351527575 -128849671 0 536870912 -38650059883 0 0 0 -351527575 -12058624 -222677904 -17814236 -3092004794
0 0 1 0 0 0 0 -10728 -351527575 -128849671 0 536870912 -38650059883 0 0 0 -351527575 -12058624 -222677904 -17814236 -3092004794
-8388608 3670015 1 0 1 0 0 9588 314193026 536870912 0 519056677 0 0 0 0 314193026 -12058623 -222677886 -17814235 0
0 0 1 0 0 0 0 9588 314193026 536870912 0 519056677 0 0 0 0 314193026 -12058623 -222677886 -17814235 0
-8388607 3670015 1 0 1 0 0 9045 296378810 519056677 0 501242444 0 0 0 0 296378810 -12058622 -222677867 -17814233 0
0 0 1 0 0 0 0 9045 296378810 519056677 0 501242444 0 0 0 0 296378810 -12058622 -222677867 -17814233 0
-3670017 3670015 1 0 1 0 0 11160 365699372 501242444 0 490398996 0 0 0 0 365699372 -7340032 -135543072 -10843448 0
0 0 1 0 0 0 0 11160 365699372 501242444 0 490398996 0 0 0 0 365699372 -7340032 -135543072 -10843448 0
-3670016 3670015 0 0 1 0 0 0 354855942 490398996 0 0 0 0 1 1 354855942 -7340031 -135543054 -10843447 0
0 0 1 0 0 0 0 0 354855942 490398996 0 0 0 0 1 1 354855942 -7340031 -135543054 -10843447 0
-3670015 3670015 1 0 1 0 0 -4136 -135543035 0 0 -10843445 0 0 0 0 -135543035 -7340030 -135543035 -10843445 0
0 0 1 0 0 0 0 -4136 -135543035 0 0 -10843445 0 0 0 0 -135543035 -7340030 -135543035 -10843445 0
-3145729 3670015 1 0 1 0 0 -4172 -136704869 -10843445 0 -20912361 0 0 0 0 -136704869 -6815744 -125861424 -10068916 0
0 0 1 0 0 0 0 -4172 -136704869 -10843445 0 -20912361 0 0 0 0 -136704869 -6815744 -125861424 -10068916 0
-3145728 3670015 1 0 1 0 0 -4479 -146773767 -20912361 0 -30981276 0 0 0 0 -146773767 -6815743 -125861406 -10068915 0
0 0 1 0 0 0 0 -4479 -146773767 -20912361 0 -30981276 0 0 0 0 -146773767 -6815743 -125861406 -10068915 0
-3145727 3670015 1 0 1 0 0 -4786 -156842663 -30981276 0 -41050189 0 0 0 0 -156842663 -6815742 -125861387 -10068913 0
0 0 1 0 0 0 0 -4786 -156842663 -30981276 0 -41050189 0 0 0 0 -156842663 -6815742 -125861387 -10068913 0
-524289 3670015 1 0 1 0 0 -3616 -118503373 -41050189 0 -47246445 0 0 0 0 -118503373 -4194304 -77453184 -6196256 0
0 0 1 0 0 0 0 -3616 -118503373 -41050189 0 -47246445 0 0 0 0 -118503373 -4194304 -77453184 -6196256 0
-524288 3670015 1 0 1 0 0 -3806 -124699611 -47246445 0 -53442700 0 0 0 0 -124699611 -4194303 -77453166 -6196255 0
0 0 1 0 0 0 0 -3806 -124699611 -47246445 0 -53442700 0 0 0 0 -124699611 -4194303 -77453166 -6196255 0
-524287 3670015 1 0 1 0 1 0 -130895847 -53442700 0 0 0 0 1 1 -130895847 -4194302 -77453147 -6196253 0
0 0 1 0 0 0 0 0 -130895847 -53442700 0 0 0 0 1 1 -130895847 -4194302 -77453147 -6196253 0
-1 3670015 1 0 1 0 0 -2068 -67771536 0 0 -5421724 0 0 0 0 -67771536 -3670016 -67771536 -5421724 0
0 0 1 0 0 0 0 -2068 -67771536 0 0 -5421724 0 0 0 0 -67771536 -3670016 -67771536 -5421724 0
0 3670015 1 0 1 0 0 -2234 -73193242 -5421724 0 -10843447 0 0 0 0 -73193242 -3670015 -67771518 -5421723 0
0 0 1 0 0 0 0 -2234 -73193242 -5421724 0 -10843447 0 0 0 0 -73193242 -3670015 -67771518 -5421723 0
1 3670015 1 0 1 0 0 -2399 -78614946 -10843447 0 -16265168 0 0 0 0 -78614946 -3670014 -67771499 -5421721 0
0 0 1 0 0 0 0 -2399 -78614946 -10843447 0 -16265168 0 0 0 0 -78614946 -3670014 -67771499 -5421721 0
524287 3670015 1 0 1 0 0 -2269 -74355056 -16265168 0 -20912360 0 0 0 0 -74355056 -3145728 -58089888 -4647192 0
0 0 1 0 0 0 0 -2269 -74355056 -16265168 0 -20912360 0 0 0 0 -74355056 -3145728 -58089888 -4647192 0
524288 3670015 1 0 1 0 0 -2411 -79002230 -20912360 0 -25559551 0 0 0 0 -79002230 -3145727 -58089870 -4647191 0
0 0 1 0 0 0 0 -2411 -79002230 -20912360 0 -25559551 0 0 0 0 -79002230 -3145727 -58089870 -4647191 0
524289 3670015 1 0 1 0 0 -2553 -83649402 -25559551 0 -30206740 0 0 0 0 -83649402 -3145726 -58089851 -4647189 0
0 0 1 0 0 0 0 -2553 -83649402 -25559551 0 -30206740 0 0 0 0 -83649402 -3145726 -58089851 -4647189 0
3145727 3670015 1 0 1 0 0 -1217 -39888388 -30206740 0 -30981272 0 0 0 0 -39888388 -524288 -9681648 -774532 0
0 0 1 0 0 0 0 -1217 -39888388 -30206740 0 -30981272 0 0 0 0 -39888388 -524288 -9681648 -774532 0
3145728 3670015 1 0 1 0 0 -1241 -40662902 -30981272 0 -31755803 0 0 0 0 -40662902 -524287 -9681630 -774531 0
0 0 1 0 0 0 0 -1241 -40662902 -30981272 0 -31755803 0 0 0 0 -40662902 -524287 -9681630 -774531 0
3145729 3670015 1 0 1 0 0 -1265 -41437414 -31755803 0 -32530332 0 0 0 0 -41437414 -524286 -9681611 -774529 0
0 0 1 0 0 0 0 -1265 -41437414 -31755803 0 -32530332 0 0 0 0 -41437414 -524286 -9681611 -774529 0
3670015 3670015 1 0 1 0 0 -993 -32530332 -32530332 0 -32530332 0 0 0 0 -32530332 0 0 0 0
0 0 1 0 0 0 0 -993 -32530332 -32530332 0 -32530332 0 0 0 0 -32530332 0 0 0 0
3670016 3670015 1 0 1 0 0 -993 -32530314 -32530332 0 -32530331 0 0 0 0 -32530314 1 18 1 0
0 0 1 0 0 0 0 -993 -32530314 -32530332 0 -32530331 0 0 0 0 -32530314 1 18 1 0
3670017 3670015 1 0 1 0 0 -993 -32530294 -32530331 0 -32530328 0 0 0 0 -32530294 2 37 3 0
0 0 1 0 0 0 0 -993 -32530294 -32530331 0 -32530328 0 0 0 0 -32530294 2 37 3 0
8388607 3670015 1 0 1 0 0 1666 54604504 -32530328 0 -25559540 0 0 0 0 54604504 4718592 87134832 6970788 0
0 0 1 0 0 0 0 1666 54604504 -32530328 0 -25559540 0 0 0 0 54604504 4718592 87134832 6970788 0
8388608 3670015 1 0 1 0 0 1879 61575310 -25559540 0 -18588751 0 0 0 0 61575310 4718593 87134850 6970789 0
0 0 1 0 0 0 0 1879 61575310 -25559540 0 -18588751 0 0 0 0 61575310 4718593 87134850 6970789 0
8388609 3670015 1 0 1 0 0 2092 68546118 -18588751 0 -11617960 0 0 0 0 68546118 4718594 87134869 6970791 0
0 0 1 0 0 0 0 2092 68546118 -18588751 0 -11617960 0 0 0 0 68546118 4718594 87134869 6970791 0
2147483646 3670015 0 0 1 0 0 0 39576640694 -11617960 1 0 0 38502898870 1 1 1073741824 2143813631 39588258654 3167061347 0
0 0 1 0 0 0 0 0 39576640694 -11617960 1 0 0 38502898870 1 1 1073741824 2143813631 39588258654 3167061347 0
2147483647 3670015 1 0 1 0 0 32768 39588258672 0 1 86829436 38502898870 38514516848 0 0 1073741824 2143813632 39588258672 3167061348 3080231912
0 0 1 0 0 0 0 32768 39588258672 0 1 86829436 38502898870 38514516848 0 0 1073741824 2143813632 39588258672 3167061348 3080231912
-2147483648 3670016 1 1 1 0 0 0 -39636972308 86829436 1 0 38514516848 -38563230484 1 1 -1073741824 -2151153664 -39723801744 -3177904796 3081161351
0 0 1 0 0 0 0 0 -39636972308 86829436 1 0 38514516848 -38563230484 1 1 -1073741824 -2151153664 -39723801744 -3177904796 3081161351
-2147483647 3670016 1 0 1 0 0 -32768 -39723801726 0 1 -92846353 -38563230484 -38650059902 0 0 -1073741824 -2151153663 -39723801726 -3177904795 -3085058442
0 0 1 0 0 0 0 -32768 -39723801726 0 1 -92846353 -38563230484 -38650059902 0 0 -1073741824 -2151153663 -39723801726 -3177904795 -3085058442
-8388609 3670016 1 0 1 0 0 -9629 -315524275 -92846353 0 536870912 -38650059902 0 0 0 -315524275 -12058625 -222677922 -17814237 -3092004795
0 0 1 0 0 0 0 -9629 -315524275 -92846353 0 536870912 -38650059902 0 0 0 -315524275 -12058625 -222677922 -17814237 -3092004795
-8388608 3670016 1 0 1 1 0 0 314193008 536870912 0 0 0 0 1 1 314193008 -12058624 -222677904 -17814236 0
0 0 1 0 0 0 0 0 314193008 536870912 0 0 0 0 1 1 314193008 -12058624 -222677904 -17814236 0
-8388607 3670016 1 0 1 0 0 -6796 -222677886 0 0 -17814235 0 0 0 0 -222677886 -12058623 -222677886 -17814235 0
0 0 1 0 0 0 0 -6796 -222677886 0 0 -17814235 0 0 0 0 -222677886 -12058623 -222677886 -17814235 0
-3670017 3670016 1 0 1 0 0 -4680 -153357325 -17814235 0 -28657684 0 0 0 0 -153357325 -7340033 -135543090 -10843449 0
0 0 1 0 0 0 0 -4680 -153357325 -17814235 0 -28657684 0 0 0 0 -153357325 -7340033 -135543090 -10843449 0
-3670016 3670016 1 0 1 0 0 -5011 -164200756 -28657684 0 -39501132 0 0 0 0 -164200756 -7340032 -135543072 -10843448 0
0 0 1 0 0 0 0 -5011 -164200756 -28657684 0 -39501132 0 0 0 0 -164200756 -7340032 -135543072 -10843448 0
-3670015 3670016 1 0 1 0 0 -5342 -175044186 -39501132 0 -50344579 0 0 0 0 -175044186 -7340031 -135543054 -10843447 0
0 0 1 0 0 0 0 -5342 -175044186 -39501132 0 -50344579 0 0 0 0 -175044186 -7340031 -135543054 -10843447 0
-3145729 3670016 1 0 1 0 0 -5377 -176206021 -50344579 0 -60413496 0 0 0 0 -176206021 -6815745 -125861442 -10068917 0
0 0 1 0 0 0 0 -5377 -176206021 -50344579 0 -60413496 0 0 0 0 -176206021 -6815745 -125861442 -10068917 0
-3145728 3670016 1 0 1 0 0 -5685 -186274920 -60413496 0 -70482412 0 0 0 0 -186274920 -6815744 -125861424 -10068916 0
0 0 1 0 0 0 0 -5685 -186274920 -60413496 0 -70482412 0 0 0 0 -186274920 -6815744 -125861424 -10068916 0
-3145727 3670016 1 0 1 0 0 -5992 -196343818 -70482412 0 -80551327 0 0 0 0 -196343818 -6815743 -125861406 -10068915 0
0 0 1 0 0 0 0 -5992 -196343818 -70482412 0 -80551327 0 0 0 0 -196343818 -6815743 -125861406 -10068915 0
-524289 3670016 1 0 1 0 0 -4822 -158004529 -80551327 0 -86747584 0 0 0 0 -158004529 -4194305 -77453202 -6196257 0
0 0 1 0 0 0 0 -4822 -158004529 -80551327 0 -86747584 0 0 0 0 -158004529 -4194305 -77453202 -6196257 0
-524288 3670016 1 0 1 0 0 -5011 -164200768 -86747584 0 -92943840 0 0 0 0 -164200768 -4194304 -77453184 -6196256 0
0 0 1 0 0 0 0 -5011 -164200768 -86747584 0 -92943840 0 0 0 0 -164200768 -4194304 -77453184 -6196256 0
-524287 3670016 1 0 1 0 0 -5200 -170397006 -92943840 0 -99140095 0 0 0 0 -170397006 -4194303 -77453166 -6196255 0
0 0 1 0 0 0 0 -5200 -170397006 -92943840 0 -99140095 0 0 0 0 -170397006 -4194303 -77453166 -6196255 0
-1 3670016 1 0 1 0 0 -5094 -166911649 -99140095 0 -104561820 0 0 0 0 -166911649 -3670017 -67771554 -5421725 0
0 0 1 0 0 0 0 -5094 -166911649 -99140095 0 -104561820 0 0 0 0 -166911649 -3670017 -67771554 -5421725 0
0 3670016 1 0 1 0 0 -5259 -172333356 -104561820 0 -109983544 0 0 0 0 -172333356 -3670016 -67771536 -5421724 0
0 0 1 0 0 0 0 -5259 -172333356 -104561820 0 -109983544 0 0 0 0 -172333356 -3670016 -67771536 -5421724 0
1 3670016 1 0 1 0 0 -5425 -177755062 -109983544 0 -115405267 0 0 0 0 -177755062 -3670015 -67771518 -5421723 0
0 0 1 0 0 0 0 -5425 -177755062 -109983544 0 -115405267 0 0 0 0 -177755062 -3670015 -67771518 -5421723 0
524287 3670016 1 0 1 0 0 -5295 -173495173 -115405267 0 -120052460 0 0 0 0 -173495173 -3145729 -58089906 -4647193 0
0 0 1 0 0 0 0 -5295 -173495173 -115405267 0 -120052460 0 0 0 0 -173495173 -3145729 -58089906 -4647193 0
524288 3670016 1 0 1 0 0 -5436 -178142348 -120052460 0 -124699652 0 0 0 0 -178142348 -3145728 -58089888 -4647192 0
0 0 1 0 0 0 0 -5436 -178142348 -120052460 0 -124699652 0 0 0 0 -178142348 -3145728 -58089888 -4647192 0
524289 3670016 1 0 1 0 0 -5578 -182789522 -124699652 0 -129346843 0 0 0 0 -182789522 -3145727 -58089870 -4647191 0
0 0 1 0 0 0 0 -5578 -182789522 -124699652 0 -129346843 0 0 0 0 -182789522 -3145727 -58089870 -4647191 0
3145727 3670016 1 0 1 0 0 -4243 -139028509 -129346843 0 -130121376 0 0 0 0 -139028509 -524289 -9681666 -774533 0
0 0 1 0 0 0 0 -4243 -139028509 -129346843 0 -130121376 0 0 0 0 -139028509 -524289 -9681666 -774533 0
3145728 3670016 0 0 1 0 0 0 -139803024 -130121376 0 0 0 0 1 1 -139803024 -524288 -9681648 -774532 0
0 0 1 0 0 0 0 0 -139803024 -130121376 0 0 0 0 1 1 -139803024 -524288 -9681648 -774532 0
3145729 3670016 1 0 1 0 0 -295 -9681630 0 0 -774531 0 0 0 0 -9681630 -524287 -9681630 -774531 0
0 0 1 0 0 0 0 -295 -9681630 0 0 -774531 0 0 0 0 -9681630 -524287 -9681630 -774531 0
3670015 3670016 1 0 1 0 0 -24 -774549 -774531 0 -774532 0 0 0 0 -774549 -1 -18 -1 0
0 0 1 0 0 0 0 -24 -774549 -774531 0 -774532 0 0 0 0 -774549 -1 -18 -1 0
3670016 3670016 1 0 1 0 0 -24 -774532 -774532 0 -774532 0 0 0 0 -774532 0 0 0 0
0 0 1 0 0 0 0 -24 -774532 -774532 0 -774532 0 0 0 0 -774532 0 0 0 0
3670017 3670016 1 0 1 0 0 -24 -774514 -774532 0 -774531 0 0 0 0 -774514 1 18 1 0
0 0 1 0 0 0 0 -24 -774514 -774532 0 -774531 0 0 0 0 -774514 1 18 1 0
8388607 3670016 1 0 1 0 0 2636 86360283 -774531 0 6196256 0 0 0 0 86360283 4718591 87134814 6970787 0
0 0 1 0 0 0 0 2636 86360283 -774531 0 6196256 0 0 0 0 86360283 4718591 87134814 6970787 0
8388608 3670016 1 0 1 0 0 2848 93331088 6196256 0 13167044 0 0 0 0 93331088 4718592 87134832 6970788 0
0 0 1 0 0 0 0 2848 93331088 6196256 0 13167044 0 0 0 0 93331088 4718592 87134832 6970788 0
8388609 3670016 1 0 1 0 0 3061 100301894 13167044 0 20137833 0 0 0 0 100301894 4718593 87134850 6970789 0
0 0 1 0 0 0 0 3061 100301894 13167044 0 20137833 0 0 0 0 100301894 4718593 87134850 6970789 0
2147483646 3670016 1 0 1 0 0 32768 39608396468 20137833 1 536870912 0 38534654644 0 0 1073741824 2143813630 39588258635 3167061345 0
0 0 1 0 0 0 0 32768 39608396468 20137833 1 536870912 0 38534654644 0 0 1073741824 2143813630 39588258635 3167061345 0
2147483647 3670016 1 0 1 0 0 32768 40125129566 536870912 1 536870912 38534654644 39051387742 0 0 1073741824 2143813631 39588258654 3167061347 3082772374
0 0 1 0 0 0 0 32768 40125129566 536870912 1 536870912 38534654644 39051387742 0 0 1073741824 2143813631 39588258654 3167061347 3082772374
-2147483648 3670017 1 1 1 0 0 0 -39186930850 536870912 1 0 39051387742 -38113189026 1 1 -1073741824 -2151153665 -39723801762 -3177904797 3124111022
0 0 1 0 0 0 0 0 -39186930850 536870912 1 0 39051387742 -38113189026 1 1 -1073741824 -2151153665 -39723801762 -3177904797 3124111022
-2147483647 3670017 1 0 1 0 0 -32768 -39723801744 0 1 -128849671 -38113189026 -38650059920 0 0 -1073741824 -2151153664 -39723801744 -3177904796 -3049055125
0 0 1 0 0 0 0 -32768 -39723801744 0 1 -128849671 -38113189026 -38650059920 0 0 -1073741824 -2151153664 -39723801744 -3177904796 -3049055125
-8388609 3670017 1 0 1 0 0 -10728 -351527612 -128849671 0 536870912 -38650059920 0 0 0 -351527612 -12058626 -222677941 -17814239 -3092004796
0 0 1 0 0 0 0 -10728 -351527612 -128849671 0 536870912 -38650059920 0 0 0 -351527612 -12058626 -222677941 -17814239 -3092004796
-8388608 3670017 1 0 1 0 0 9588 314192990 536870912 0 519056675 0 0 0 0 314192990 -12058625 -222677922 -17814237 0
0 0 1 0 0 0 0 9588 314192990 536870912 0 519056675 0 0 0 0 314192990 -12058625 -222677922 -17814237 0
-8388607 3670017 1 0 1 0 0 9045 296378771 519056675 0 501242439 0 0 0 0 296378771 -12058624 -222677904 -17814236 0
0 0 1 0 0 0 0 9045 296378771 519056675 0 501242439 0 0 0 0 296378771 -12058624 -222677904 -17814236 0
-3670017 3670017 1 0 1 0 0 11160 365699330 501242439 0 490398988 0 0 0 0 365699330 -7340034 -135543109 -10843451 0
0 0 1 0 0 0 0 11160 365699330 501242439 0 490398988 0 0 0 0 365699330 -7340034 -135543109 -10843451 0
-3670016 3670017 1 0 1 0 0 10829 354855898 490398988 0 479555539 0 0 0 0 354855898 -7340033 -135543090 -10843449 0
0 0 1 0 0 0 0 10829 354855898 490398988 0 479555539 0 0 0 0 354855898 -7340033 -135543090 -10843449 0
-3670015 3670017 1 0 1 0 0 10498 344012467 479555539 0 468712091 0 0 0 0 344012467 -7340032 -135543072 -10843448 0
0 0 1 0 0 0 0 10498 344012467 479555539 0 468712091 0 0 0 0 344012467 -7340032 -135543072 -10843448 0
-3145729 3670017 1 0 1 0 0 10463 342850630 468712091 0 458643172 0 0 0 0 342850630 -6815746 -125861461 -10068919 0
0 0 1 0 0 0 0 10463 342850630 468712091 0 458643172 0 0 0 0 342850630 -6815746 -125861461 -10068919 0
-3145728 3670017 1 0 1 0 0 10156 332781730 458643172 0 448574255 0 0 0 0 332781730 -6815745 -125861442 -10068917 0
0 0 1 0 0 0 0 10156 332781730 458643172 0 448574255 0 0 0 0 332781730 -6815745 -125861442 -10068917 0
-3145727 3670017 1 0 1 0 0 9848 322712831 448574255 0 438505339 0 0 0 0 322712831 -6815744 -125861424 -10068916 0
0 0 1 0 0 0 0 9848 322712831 448574255 0 438505339 0 0 0 0 322712831 -6815744 -125861424 -10068916 0
-524289 3670017 1 0 1 0 0 11018 361052118 438505339 0 432309080 0 0 0 0 361052118 -4194306 -77453221 -6196259 0
0 0 1 0 0 0 0 11018 361052118 438505339 0 432309080 0 0 0 0 361052118 -4194306 -77453221 -6196259 0
-524288 3670017 1 0 1 0 0 10829 354855878 432309080 0 426112823 0 0 0 0 354855878 -4194305 -77453202 -6196257 0
0 0 1 0 0 0 0 10829 354855878 432309080 0 426112823 0 0 0 0 354855878 -4194305 -77453202 -6196257 0
-524287 3670017 0 0 1 0 0 0 348659639 426112823 0 0 0 0 1 1 348659639 -4194304 -77453184 -6196256 0
0 0 1 0 0 0 0 0 348659639 426112823 0 0 0 0 1 1 348659639 -4194304 -77453184 -6196256 0
-1 3670017 1 0 1 0 0 -2068 -67771573 0 0 -5421727 0 0 0 0 -67771573 -3670018 -67771573 -5421727 0
0 0 1 0 0 0 0 -2068 -67771573 0 0 -5421727 0 0 0 0 -67771573 -3670018 -67771573 -5421727 0
0 3670017 1 0 1 0 0 -2234 -73193281 -5421727 0 -10843452 0 0 0 0 -73193281 -3670017 -67771554 -5421725 0
0 0 1 0 0 0 0 -2234 -73193281 -5421727 0 -10843452 0 0 0 0 -73193281 -3670017 -67771554 -5421725 0
1 3670017 1 0 1 0 0 -2399 -78614988 -10843452 0 -16265176 0 0 0 0 -78614988 -3670016 -67771536 -5421724 0
0 0 1 0 0 0 0 -2399 -78614988 -10843452 0 -16265176 0 0 0 0 -78614988 -3670016 -67771536 -5421724 0
524287 3670017 1 0 1 0 0 -2269 -74355101 -16265176 0 -20912371 0 0 0 0 -74355101 -3145730 -58089925 -4647195 0
0 0 1 0 0 0 0 -2269 -74355101 -16265176 0 -20912371 0 0 0 0 -74355101 -3145730 -58089925 -4647195 0
524288 3670017 1 0 1 0 0 -2411 -79002277 -20912371 0 -25559564 0 0 0 0 -79002277 -3145729 -58089906 -4647193 0
0 0 1 0 0 0 0 -2411 -79002277 -20912371 0 -25559564 0 0 0 0 -79002277 -3145729 -58089906 -4647193 0
524289 3670017 1 0 1 0 0 -2553 -83649452 -25559564 0 -30206756 0 0 0 0 -83649452 -3145728 -58089888 -4647192 0
0 0 1 0 0 0 0 -2553 -83649452 -25559564 0 -30206756 0 0 0 0 -83649452 -3145728 -58089888 -4647192 0
3145727 3670017 1 0 1 0 0 -1217 -39888441 -30206756 0 -30981291 0 0 0 0 -39888441 -524290 -9681685 -774535 0
0 0 1 0 0 0 0 -1217 -39888441 -30206756 0 -30981291 0 0 0 0 -39888441 -524290 -9681685 -774535 0
3145728 3670017 1 0 1 0 0 -1241 -40662957 -30981291 0 -31755824 0 0 0 0 -40662957 -524289 -9681666 -774533 0
0 0 1 0 0 0 0 -1241 -40662957 -30981291 0 -31755824 0 0 0 0 -40662957 -524289 -9681666 -774533 0
3145729 3670017 1 0 1 0 1 0 -41437472 -31755824 0 0 0 0 1 1 -41437472 -524288 -9681648 -774532 0
0 0 1 0 0 0 0 0 -41437472 -31755824 0 0 0 0 1 1 -41437472 -524288 -9681648 -774532 0
3670015 3670017 1 0 1 0 0 0 -37 0 0 -3 0 0 0 0 -37 -2 -37 -3 0
0 0 1 0 0 0 0 0 -37 0 0 -3 0 0 0 0 -37 -2 -37 -3 0
3670016 3670017 1 0 1 0 0 0 -21 -3 0 -4 0 0 0 0 -21 -1 -18 -1 0
0 0 1 0 0 0 0 0 -21 -3 0 -4 0 0 0 0 -21 -1 -18 -1 0
3670017 3670017 1 0 1 0 0 0 -4 -4 0 -4 0 0 0 0 -4 0 0 0 0
0 0 1 0 0 0 0 0 -4 -4 0 -4 0 0 0 0 -4 0 0 0 0
8388607 3670017 1 0 1 0 0 2659 87134791 -4 0 6970781 0 0 0 0 87134791 4718590 87134795 6970785 0
0 0 1 0 0 0 0 2659 87134791 -4 0 6970781 0 0 0 0 87134791 4718590 87134795 6970785 0
8388608 3670017 1 0 1 0 0 2872 94105595 6970781 0 13941568 0 0 0 0 94105595 4718591 87134814 6970787 0
0 0 1 0 0 0 0 2872 94105595 6970781 0 13941568 0 0 0 0 94105595 4718591 87134814 6970787 0
8388609 3670017 1 0 1 0 0 3085 101076400 13941568 0 20912356 0 0 0 0 101076400 4718592 87134832 6970788 0
0 0 1 0 0 0 0 3085 101076400 13941568 0 20912356 0 0 0 0 101076400 4718592 87134832 6970788 0
2147483646 3670017 1 0 1 0 0 32768 39609170973 20912356 1 536870912 0 38535429149 0 0 1073741824 2143813629 39588258617 3167061344 0
0 0 1 0 0 0 0 32768 39609170973 20912356 1 536870912 0 38535429149 0 0 1073741824 2143813629 39588258617 3167061344 0
2147483647 3670017 1 0 1 0 0 32768 40125129547 536870912 1 536870912 38535429149 39051387723 0 0 1073741824 2143813630 39588258635 3167061345 3082834335
0 0 1 0 0 0 0 32768 40125129547 536870912 1 536870912 38535429149 39051387723 0 0 1073741824 2143813630 39588258635 3167061345 3082834335
-2147483648 8388607 1 1 1 0 0 0 -39274065646 536870912 1 0 39051387723 -38200323822 1 1 -1073741824 -2155872255 -39810936558 -3184875583 3124111021
0 0 1 0 0 0 0 0 -39274065646 536870912 1 0 39051387723 -38200323822 1 1 -1073741824 -2155872255 -39810936558 -3184875583 3124111021
-2147483647 8388607 1 0 1 0 0 -32768 -39810936539 0 1 -128849672 -38200323822 -38737194715 0 0 -1073741824 -2155872254 -39810936539 -3184875581 -3056025909
0 0 1 0 0 0 0 -32768 -39810936539 0 1 -128849672 -38200323822 -38737194715 0 0 -1073741824 -2155872254 -39810936539 -3184875581 -3056025909
-8388609 8388607 1 0 1 0 0 -13387 -438662408 -128849672 0 536870912 -38737194715 0 0 0 -438662408 -16777216 -309812736 -24785024 -3098975580
0 0 1 0 0 0 0 -13387 -438662408 -128849672 0 536870912 -38737194715 0 0 0 -438662408 -16777216 -309812736 -24785024 -3098975580
-8388608 8388607 1 0 1 0 0 6929 227058194 536870912 0 512085889 0 0 0 0 227058194 -16777215 -309812718 -24785023 0
0 0 1 0 0 0 0 6929 227058194 536870912 0 512085889 0 0 0 0 227058194 -16777215 -309812718 -24785023 0
-8388607 8388607 1 0 1 0 0 6173 202273190 512085889 0 487300868 0 0 0 0 202273190 -16777214 -309812699 -24785021 0
0 0 1 0 0 0 0 6173 202273190 512085889 0 487300868 0 0 0 0 202273190 -16777214 -309812699 -24785021 0
-3670017 8388607 0 0 1 0 0 0 264622964 487300868 0 0 0 0 1 1 264622964 -12058624 -222677904 -17814236 0
0 0 1 0 0 0 0 0 264622964 487300868 0 0 0 0 1 1 264622964 -12058624 -222677904 -17814236 0
-3670016 8388607 1 0 1 0 0 -6796 -222677886 0 0 -17814235 0 0 0 0 -222677886 -12058623 -222677886 -17814235 0
0 0 1 0 0 0 0 -6796 -222677886 0 0 -17814235 0 0 0 0 -222677886 -12058623 -222677886 -17814235 0
-3670015 8388607 1 0 1 0 0 -7339 -240492102 -17814235 0 -35628468 0 0 0 0 -240492102 -12058622 -222677867 -17814233 0
0 0 1 0 0 0 0 -7339 -240492102 -17814235 0 -35628468 0 0 0 0 -240492102 -12058622 -222677867 -17814233 0
-3145729 8388607 1 0 1 1 0 0 -248624724 -35628468 0 0 0 0 1 1 -248624724 -11534336 -212996256 -17039704 0
0 0 1 0 0 0 0 0 -248624724 -35628468 0 0 0 0 1 1 -248624724 -11534336 -212996256 -17039704 0
-3145728 8388607 1 0 1 0 0 -6500 -212996238 0 0 -17039703 0 0 0 0 -212996238 -11534335 -212996238 -17039703 0
0 0 1 0 0 0 0 -6500 -212996238 0 0 -17039703 0 0 0 0 -212996238 -11534335 -212996238 -17039703 0
-3145727 8388607 1 0 1 0 0 -7020 -230035922 -17039703 0 -34079404 0 0 0 0 -230035922 -11534334 -212996219 -17039701 0
0 0 1 0 0 0 0 -7020 -230035922 -17039703 0 -34079404 0 0 0 0 -230035922 -11534334 -212996219 -17039701 0
-524289 8388607 1 0 1 0 0 -6063 -198667420 -34079404 0 -47246448 0 0 0 0 -198667420 -8912896 -164588016 -13167044 0
0 0 1 0 0 0 0 -6063 -198667420 -34079404 0 -47246448 0 0 0 0 -198667420 -8912896 -164588016 -13167044 0
-524288 8388607 1 0 1 0 0 -6465 -211834446 -47246448 0 -60413491 0 0 0 0 -211834446 -8912895 -164587998 -13167043 0
0 0 1 0 0 0 0 -6465 -211834446 -47246448 0 -60413491 0 0 0 0 -211834446 -8912895 -164587998 -13167043 0
-524287 8388607 1 0 1 0 0 -6866 -225001470 -60413491 0 -73580532 0 0 0 0 -225001470 -8912894 -164587979 -13167041 0
0 0 1 0 0 0 0 -6866 -225001470 -60413491 0 -73580532 0 0 0 0 -225001470 -8912894 -164587979 -13167041 0
-1 8388607 1 0 1 0 0 -6973 -228486900 -73580532 0 -85973044 0 0 0 0 -228486900 -8388608 -154906368 -12392512 0
0 0 1 0 0 0 0 -6973 -228486900 -73580532 0 -85973044 0 0 0 0 -228486900 -8388608 -154906368 -12392512 0
0 8388607 1 0 1 0 0 -7351 -240879394 -85973044 0 -98365555 0 0 0 0 -240879394 -8388607 -154906350 -12392511 0
0 0 1 0 0 0 0 -7351 -240879394 -85973044 0 -98365555 0 0 0 0 -240879394 -8388607 -154906350 -12392511 0
1 8388607 1 0 1 0 0 -7729 -253271886 -98365555 0 -110758064 0 0 0 0 -253271886 -8388606 -154906331 -12392509 0
0 0 1 0 0 0 0 -7729 -253271886 -98365555 0 -110758064 0 0 0 0 -253271886 -8388606 -154906331 -12392509 0
524287 8388607 1 0 1 0 0 -7812 -255982784 -110758064 0 -122376044 0 0 0 0 -255982784 -7864320 -145224720 -11617980 0
0 0 1 0 0 0 0 -7812 -255982784 -110758064 0 -122376044 0 0 0 0 -255982784 -7864320 -145224720 -11617980 0
524288 8388607 1 0 1 0 0 -8167 -267600746 -122376044 0 -133994023 0 0 0 0 -267600746 -7864319 -145224702 -11617979 0
0 0 1 0 0 0 0 -8167 -267600746 -122376044 0 -133994023 0 0 0 0 -267600746 -7864319 -145224702 -11617979 0
524289 8388607 1 0 1 0 0 -8521 -279218706 -133994023 0 0 0 0 0 1 -279218706 -7864318 -145224683 -11617977 0
0 0 1 0 0 0 0 -8521 -279218706 -133994023 0 0 0 0 0 1 -279218706 -7864318 -145224683 -11617977 0
3145727 8388607 1 0 1 0 0 -2955 -96816480 0 0 0 0 0 0 1 -96816480 -5242880 -96816480 -7745320 0
0 0 1 0 0 0 0 -2955 -96816480 0 0 0 0 0 0 1 -96816480 -5242880 -96816480 -7745320 0
3145728 8388607 1 0 1 0 0 -2955 -96816462 0 0 0 0 0 0 1 -96816462 -5242879 -96816462 -7745319 0
0 0 1 0 0 0 0 -2955 -96816462 0 0 0 0 0 0 1 -96816462 -5242879 -96816462 -7745319 0
3145729 8388607 1 0 1 0 0 -2955 -96816443 0 0 0 0 0 0 1 -96816443 -5242878 -96816443 -7745317 0
0 0 1 0 0 0 0 -2955 -96816443 0 0 0 0 0 0 1 -96816443 -5242878 -96816443 -7745317 0
3670015 8388607 1 0 1 0 0 -2659 -87134832 0 0 0 0 0 0 1 -87134832 -4718592 -87134832 -6970788 0
0 0 1 0 0 0 0 -2659 -87134832 0 0 0 0 0 0 1 -87134832 -4718592 -87134832 -6970788 0
3670016 8388607 1 0 1 0 0 -2659 -87134814 0 0 0 0 0 0 1 -87134814 -4718591 -87134814 -6970787 0
0 0 1 0 0 0 0 -2659 -87134814 0 0 0 0 0 0 1 -87134814 -4718591 -87134814 -6970787 0
3670017 8388607 1 0 1 0 0 -2659 -87134795 0 0 0 0 0 0 1 -87134795 -4718590 -87134795 -6970785 0
0 0 1 0 0 0 0 -2659 -87134795 0 0 0 0 0 0 1 -87134795 -4718590 -87134795 -6970785 0
8388607 8388607 1 0 1 0 0 0 0 0 0 0 0 0 0 0 0 0 0 0 0
0 0 1 0 0 0 0 0 0 0 0 0 0 0 0 0 0 0 0 0 0
8388608 8388607 1 0 1 0 0 0 18 0 0 1 0 0 0 0 18 1 18 1 0
0 0 1 0 0 0 0 0 18 0 0 1 0 0 0 0 18 1 18 1 0
8388609 8388607 0 0 1 0 0 0 38 1 0 0 0 0 1 1 38 2 37 3 0
0 0 1 0 0 0 0 0 38 1 0 0 0 0 1 1 38 2 37 3 0
2147483646 8388607 1 0 1 0 0 32768 39501123822 0 1 536870912 0 38427381998 0 0 1073741824 2139095039 39501123822 3160090559 0
0 0 1 0 0 0 0 32768 39501123822 0 1 536870912 0 38427381998 0 0 1073741824 2139095039 39501123822 3160090559 0
2147483647 8388607 1 0 1 0 0 32768 40037994752 536870912 1 536870912 38427381998 38964252928 0 0 1073741824 2139095040 39501123840 3160090560 3074190563
0 0 1 0 0 0 0 32768 40037994752 536870912 1 536870912 38427381998 38964252928 0 0 1073741824 2139095040 39501123840 3160090560 3074190563
-2147483648 8388608 1 1 1 0 0 0 -39274065664 536870912 1 0 38964252928 -38200323840 1 1 -1073741824 -2155872256 -39810936576 -3184875584 3117140237
0 0 1 0 0 0 0 0 -39274065664 536870912 1 0 38964252928 -38200323840 1 1 -1073741824 -2155872256 -39810936576 -3184875584 3117140237
-2147483647 8388608 1 0 1 0 0 -32768 -39810936558 0 1 -128849673 -38200323840 -38737194734 0 0 -1073741824 -2155872255 -39810936558 -3184875583 -3056025910
0 0 1 0 0 0 0 -32768 -39810936558 0 1 -128849673 -38200323840 -38737194734 0 0 -1073741824 -2155872255 -39810936558 -3184875583 -3056025910
-8388609 8388608 1 0 1 0 0 -13387 -438662427 -128849673 0 536870912 -38737194734 0 0 0 -438662427 -16777217 -309812754 -24785025 -3098975582
0 0 1 0 0 0 0 -13387 -438662427 -128849673 0 536870912 -38737194734 0 0 0 -438662427 -16777217 -309812754 -24785025 -3098975582
-8388608 8388608 1 0 1 0 0 6929 227058176 536870912 0 512085888 0 0 0 0 227058176 -16777216 -309812736 -24785024 0
0 0 1 0 0 0 0 6929 227058176 536870912 0 512085888 0 0 0 0 227058176 -16777216 -309812736 -24785024 0
-8388607 8388608 1 0 1 0 0 6173 202273170 512085888 0 487300865 0 0 0 0 202273170 -16777215 -309812718 -24785023 0
0 0 1 0 0 0 0 6173 202273170 512085888 0 487300865 0 0 0 0 202273170 -16777215 -309812718 -24785023 0
-3670017 8388608 1 0 1 0 0 8076 264622943 487300865 0 469486628 0 0 0 0 264622943 -12058625 -222677922 -17814237 0
0 0 1 0 0 0 0 8076 264622943 487300865 0 469486628 0 0 0 0 264622943 -12058625 -222677922 -17814237 0
-3670016 8388608 1 0 1 0 0 7532 246808724 469486628 0 451672392 0 0 0 0 246808724 -12058624 -222677904 -17814236 0
0 0 1 0 0 0 0 7532 246808724 469486628 0 451672392 0 0 0 0 246808724 -12058624 -222677904 -17814236 0
-3670015 8388608 1 0 1 0 0 6988 228994506 451672392 0 433858157 0 0 0 0 228994506 -12058623 -222677886 -17814235 0
0 0 1 0 0 0 0 6988 228994506 451672392 0 433858157 0 0 0 0 228994506 -12058623 -222677886 -17814235 0
-3145729 8388608 1 0 1 0 0 6740 220861883 433858157 0 416818452 0 0 0 0 220861883 -11534337 -212996274 -17039705 0
0 0 1 0 0 0 0 6740 220861883 433858157 0 416818452 0 0 0 0 220861883 -11534337 -212996274 -17039705 0
-3145728 8388608 1 0 1 0 0 6220 203822196 416818452 0 399778748 0 0 0 0 203822196 -11534336 -212996256 -17039704 0
0 0 1 0 0 0 0 6220 203822196 416818452 0 399778748 0 0 0 0 203822196 -11534336 -212996256 -17039704 0
-3145727 8388608 1 0 1 0 0 5700 186782510 399778748 0 382739045 0 0 0 0 186782510 -11534335 -212996238 -17039703 0
0 0 1 0 0 0 0 5700 186782510 399778748 0 382739045 0 0 0 0 186782510 -11534335 -212996238 -17039703 0
-524289 8388608 1 0 1 0 0 6657 218151011 382739045 0 369572000 0 0 0 0 218151011 -8912897 -164588034 -13167045 0
0 0 1 0 0 0 0 6657 218151011 382739045 0 369572000 0 0 0 0 218151011 -8912897 -164588034 -13167045 0
-524288 8388608 1 0 1 0 0 6256 204983984 369572000 0 356404956 0 0 0 0 204983984 -8912896 -164588016 -13167044 0
0 0 1 0 0 0 0 6256 204983984 369572000 0 356404956 0 0 0 0 204983984 -8912896 -164588016 -13167044 0
-524287 8388608 1 0 1 0 0 5854 191816958 356404956 0 343237913 0 0 0 0 191816958 -8912895 -164587998 -13167043 0
0 0 1 0 0 0 0 5854 191816958 356404956 0 343237913 0 0 0 0 191816958 -8912895 -164587998 -13167043 0
-1 8388608 1 0 1 0 0 5747 188331527 343237913 0 330845400 0 0 0 0 188331527 -8388609 -154906386 -12392513 0
0 0 1 0 0 0 0 5747 188331527 343237913 0 330845400 0 0 0 0 188331527 -8388609 -154906386 -12392513 0
0 8388608 1 0 1 0 0 5369 175939032 330845400 0 318452888 0 0 0 0 175939032 -8388608 -154906368 -12392512 0
0 0 1 0 0 0 0 5369 175939032 330845400 0 318452888 0 0 0 0 175939032 -8388608 -154906368 -12392512 0
1 8388608 1 0 1 0 0 4991 163546538 318452888 0 306060377 0 0 0 0 163546538 -8388607 -154906350 -12392511 0
0 0 1 0 0 0 0 4991 163546538 318452888 0 306060377 0 0 0 0 163546538 -8388607 -154906350 -12392511 0
524287 8388608 1 0 1 0 0 4908 160835639 306060377 0 294442396 0 0 0 0 160835639 -7864321 -145224738 -11617981 0
0 0 1 0 0 0 0 4908 160835639 306060377 0 294442396 0 0 0 0 160835639 -7864321 -145224738 -11617981 0
524288 8388608 1 0 1 0 0 4554 149217676 294442396 0 282824416 0 0 0 0 149217676 -7864320 -145224720 -11617980 0
0 0 1 0 0 0 0 4554 149217676 294442396 0 282824416 0 0 0 0 149217676 -7864320 -145224720 -11617980 0
524289 8388608 1 0 1 0 0 4199 137599714 282824416 0 0 0 0 0 1 137599714 -7864319 -145224702 -11617979 0
0 0 1 0 0 0 0 4199 137599714 282824416 0 0 0 0 0 1 137599714 -7864319 -145224702 -11617979 0
3145727 8388608 0 0 1 0 0 0 -96816498 0 0 0 0 0 1 1 -96816498 -5242881 -96816498 -7745321 0
0 0 1 0 0 0 0 0 -96816498 0 0 0 0 0 1 1 -96816498 -5242881 -96816498 -7745321 0
3145728 8388608 1 0 1 0 0 -2955 -96816480 0 0 0 0 0 0 1 -96816480 -5242880 -96816480 -7745320 0
0 0 1 0 0 0 0 -2955 -96816480 0 0 0 0 0 0 1 -96816480 -5242880 -96816480 -7745320 0
3145729 8388608 1 0 1 0 0 -2955 -96816462 0 0 0 0 0 0 1 -96816462 -5242879 -96816462 -7745319 0
0 0 1 0 0 0 0 -2955 -96816462 0 0 0 0 0 0 1 -96816462 -5242879 -96816462 -7745319 0
3670015 8388608 1 0 1 0 0 -2659 -87134850 0 0 0 0 0 0 1 -87134850 -4718593 -87134850 -6970789 0
0 0 1 0 0 0 0 -2659 -87134850 0 0 0 0 0 0 1 -87134850 -4718593 -87134850 -6970789 0
3670016 8388608 1 0 1 0 0 -2659 -87134832 0 0 0 0 0 0 1 -87134832 -4718592 -87134832 -6970788 0
0 0 1 0 0 0 0 -2659 -87134832 0 0 0 0 0 0 1 -87134832 -4718592 -87134832 -6970788 0
3670017 8388608 1 0 1 0 0 -2659 -87134814 0 0 0 0 0 0 1 -87134814 -4718591 -87134814 -6970787 0
0 0 1 0 0 0 0 -2659 -87134814 0 0 0 0 0 0 1 -87134814 -4718591 -87134814 -6970787 0
8388607 8388608 1 0 1 0 0 0 -18 0 0 -1 0 0 0 0 -18 -1 -18 -1 0
0 0 1 0 0 0 0 0 -18 0 0 -1 0 0 0 0 -18 -1 -18 -1 0
8388608 8388608 1 0 1 0 0 0 -1 -1 0 -1 0 0 0 0 -1 0 0 0 0
0 0 1 0 0 0 0 0 -1 -1 0 -1 0 0 0 0 -1 0 0 0 0
8388609 8388608 1 0 1 0 0 0 17 -1 0 0 0 0 0 0 17 1 18 1 0
0 0 1 0 0 0 0 0 17 -1 0 0 0 0 0 0 17 1 18 1 0
2147483646 8388608 1 0 1 0 0 32768 39501123803 0 1 536870912 0 38427381979 0 0 1073741824 2139095038 39501123803 3160090557 0
0 0 1 0 0 0 0 32768 39501123803 0 1 536870912 0 38427381979 0 0 1073741824 2139095038 39501123803 3160090557 0
2147483647 8388608 1 0 1 0 0 32768 40037994734 536870912 1 536870912 38427381979 38964252910 0 0 1073741824 2139095039 39501123822 3160090559 3074190561
0 0 1 0 0 0 0 32768 40037994734 536870912 1 536870912 38427381979 38964252910 0 0 1073741824 2139095039 39501123822 3160090559 3074190561
-2147483648 8388609 1 1 1 0 1 0 -39274065682 536870912 1 0 38964252910 -38200323858 1 1 -1073741824 -2155872257 -39810936594 -3184875585 3117140236
0 0 1 0 0 0 0 0 -39274065682 536870912 1 0 38964252910 -38200323858 1 1 -1073741824 -2155872257 -39810936594 -3184875585 3117140236
-2147483647 8388609 1 0 1 0 0 -32768 -39810936576 0 1 -128849673 -38200323858 -38737194752 0 0 -1073741824 -2155872256 -39810936576 -3184875584 -3056025911
0 0 1 0 0 0 0 -32768 -39810936576 0 1 -128849673 -38200323858 -38737194752 0 0 -1073741824 -2155872256 -39810936576 -3184875584 -3056025911
-8388609 8388609 1 0 1 0 0 -13387 -438662446 -128849673 0 536870912 -38737194752 0 0 0 -438662446 -16777218 -309812773 -24785027 -3098975583
0 0 1 0 0 0 0 -13387 -438662446 -128849673 0 536870912 -38737194752 0 0 0 -438662446 -16777218 -309812773 -24785027 -3098975583
-8388608 8388609 1 0 1 0 0 6929 227058158 536870912 0 512085887 0 0 0 0 227058158 -16777217 -309812754 -24785025 0
0 0 1 0 0 0 0 6929 227058158 536870912 0 512085887 0 0 0 0 227058158 -16777217 -309812754 -24785025 0
-8388607 8388609 1 0 1 0 0 6173 202273151 512085887 0 487300863 0 0 0 0 202273151 -16777216 -309812736 -24785024 0
0 0 1 0 0 0 0 6173 202273151 512085887 0 487300863 0 0 0 0 202273151 -16777216 -309812736 -24785024 0
-3670017 8388609 1 0 1 0 0 8076 264622922 487300863 0 469486624 0 0 0 0 264622922 -12058626 -222677941 -17814239 0
0 0 1 0 0 0 0 8076 264622922 487300863 0 469486624 0 0 0 0 264622922 -12058626 -222677941 -17814239 0
-3670016 8388609 1 0 1 0 0 7532 246808702 469486624 0 451672387 0 0 0 0 246808702 -12058625 -222677922 -17814237 0
0 0 1 0 0 0 0 7532 246808702 469486624 0 451672387 0 0 0 0 246808702 -12058625 -222677922 -17814237 0
-3670015 8388609 1 0 1 0 0 6988 228994483 451672387 0 433858151 0 0 0 0 228994483 -12058624 -222677904 -17814236 0
0 0 1 0 0 0 0 6988 228994483 451672387 0 433858151 0 0 0 0 228994483 -12058624 -222677904 -17814236 0
-3145729 8388609 1 0 1 0 0 6740 220861858 433858151 0 416818444 0 0 0 0 220861858 -11534338 -212996293 -17039707 0
0 0 1 0 0 0 0 6740 220861858 433858151 0 416818444 0 0 0 0 220861858 -11534338 -212996293 -17039707 0
-3145728 8388609 1 0 1 0 0 6220 203822170 416818444 0 399778739 0 0 0 0 203822170 -11534337 -212996274 -17039705 0
0 0 1 0 0 0 0 6220 203822170 416818444 0 399778739 0 0 0 0 203822170 -11534337 -212996274 -17039705 0
-3145727 8388609 1 0 1 0 0 5700 186782483 399778739 0 382739035 0 0 0 0 186782483 -11534336 -212996256 -17039704 0
0 0 1 0 0 0 0 5700 186782483 399778739 0 382739035 0 0 0 0 186782483 -11534336 -212996256 -17039704 0
-524289 8388609 1 0 1 0 0 6657 218150982 382739035 0 369571988 0 0 0 0 218150982 -8912898 -164588053 -13167047 0
0 0 1 0 0 0 0 6657 218150982 382739035 0 369571988 0 0 0 0 218150982 -8912898 -164588053 -13167047 0
-524288 8388609 0 0 1 0 0 0 204983954 369571988 0 0 0 0 1 1 204983954 -8912897 -164588034 -13167045 0
0 0 1 0 0 0 0 0 204983954 369571988 0 0 0 0 1 1 204983954 -8912897 -164588034 -13167045 0
-524287 8388609 1 0 1 1 0 0 -164588016 0 0 0 0 0 1 1 -164588016 -8912896 -164588016 -13167044 0
0 0 1 0 0 0 0 0 -164588016 0 0 0 0 0 1 1 -164588016 -8912896 -164588016 -13167044 0
-1 8388609 1 0 1 0 0 -4727 -154906405 0 0 -12392515 0 0 0 0 -154906405 -8388610 -154906405 -12392515 0
0 0 1 0 0 0 0 -4727 -154906405 0 0 -12392515 0 0 0 0 -154906405 -8388610 -154906405 -12392515 0
0 8388609 1 0 1 0 0 -5106 -167298901 -12392515 0 -24785028 0 0 0 0 -167298901 -8388609 -154906386 -12392513 0
0 0 1 0 0 0 0 -5106 -167298901 -12392515 0 -24785028 0 0 0 0 -167298901 -8388609 -154906386 -12392513 0
1 8388609 1 0 1 0 0 -5484 -179691396 -24785028 0 -37177540 0 0 0 0 -179691396 -8388608 -154906368 -12392512 0
0 0 1 0 0 0 0 -5484 -179691396 -24785028 0 -37177540 0 0 0 0 -179691396 -8388608 -154906368 -12392512 0
524287 8388609 1 0 1 0 0 -5566 -182402297 -37177540 0 -48795523 0 0 0 0 -182402297 -7864322 -145224757 -11617983 0
0 0 1 0 0 0 0 -5566 -182402297 -37177540 0 -48795523 0 0 0 0 -182402297 -7864322 -145224757 -11617983 0
524288 8388609 1 0 1 0 0 -5921 -194020261 -48795523 0 -60413504 0 0 0 0 -194020261 -7864321 -145224738 -11617981 0
0 0 1 0 0 0 0 -5921 -194020261 -48795523 0 -60413504 0 0 0 0 -194020261 -7864321 -145224738 -11617981 0
524289 8388609 1 0 1 0 0 -6276 -205638224 -60413504 0 0 0 0 0 1 -205638224 -7864320 -145224720 -11617980 0
0 0 1 0 0 0 0 -6276 -205638224 -60413504 0 0 0 0 0 1 -205638224 -7864320 -145224720 -11617980 0
3145727 8388609 1 0 1 0 0 -2955 -96816517 0 0 0 0 0 0 1 -96816517 -5242882 -96816517 -7745323 0
0 0 1 0 0 0 0 -2955 -96816517 0 0 0 0 0 0 1 -96816517 -5242882 -96816517 -7745323 0
3145728 8388609 1 0 1 0 0 -2955 -96816498 0 0 0 0 0 0 1 -96816498 -5242881 -96816498 -7745321 0
0 0 1 0 0 0 0 -2955 -96816498 0 0 0 0 0 0 1 -96816498 -5242881 -96816498 -7745321 0
3145729 8388609 1 0 1 0 0 -2955 -96816480 0 0 0 0 0 0 1 -96816480 -5242880 -96816480 -7745320 0
0 0 1 0 0 0 0 -2955 -96816480 0 0 0 0 0 0 1 -96816480 -5242880 -96816480 -7745320 0
3670015 8388609 1 0 1 0 0 -2659 -87134869 0 0 0 0 0 0 1 -87134869 -4718594 -87134869 -6970791 0
0 0 1 0 0 0 0 -2659 -87134869 0 0 0 0 0 0 1 -87134869 -4718594 -87134869 -6970791 0
3670016 8388609 1 0 1 0 0 -2659 -87134850 0 0 0 0 0 0 1 -87134850 -4718593 -87134850 -6970789 0
0 0 1 0 0 0 0 -2659 -87134850 0 0 0 0 0 0 1 -87134850 -4718593 -87134850 -6970789 0
3670017 8388609 1 0 1 0 0 -2659 -87134832 0 0 0 0 0 0 1 -87134832 -4718592 -87134832 -6970788 0
0 0 1 0 0 0 0 -2659 -87134832 0 0 0 0 0 0 1 -87134832 -4718592 -87134832 -6970788 0
8388607 8388609 1 0 1 0 0 0 -37 0 0 -3 0 0 0 0 -37 -2 -37 -3 0
0 0 1 0 0 0 0 0 -37 0 0 -3 0 0 0 0 -37 -2 -37 -3 0
8388608 8388609 1 0 1 0 0 0 -21 -3 0 -4 0 0 0 0 -21 -1 -18 -1 0
0 0 1 0 0 0 0 0 -21 -3 0 -4 0 0 0 0 -21 -1 -18 -1 0
8388609 8388609 1 0 1 0 0 0 -4 -4 0 -4 0 0 0 0 -4 0 0 0 0
0 0 1 0 0 0 0 0 -4 -4 0 -4 0 0 0 0 -4 0 0 0 0
2147483646 8388609 1 0 1 0 0 32768 39501123781 -4 1 536870912 0 38427381957 0 0 1073741824 2139095037 39501123785 3160090556 0
0 0 1 0 0 0 0 32768 39501123781 -4 1 536870912 0 38427381957 0 0 1073741824 2139095037 39501123785 3160090556 0
2147483647 8388609 1 0 1 0 0 32768 40037994715 536870912 1 536870912 38427381957 38964252891 0 0 1073741824 2139095038 39501123803 3160090557 3074190559
0 0 1 0 0 0 0 32768 40037994715 536870912 1 536870912 38427381957 38964252891 0 0 1073741824 2139095038 39501123803 3160090557 3074190559
-2147483648 2147483646 1 1 1 0 0 0 -78775189467 536870912 1 0 38964252891 -77701447643 1 1 -1073741824 -4294967294 -79312060379 -6344966141 3117140234
0 0 1 0 0 0 0 0 -78775189467 536870912 1 0 38964252891 -77701447643 1 1 -1073741824 -4294967294 -79312060379 -6344966141 3117140234
-2147483647 2147483646 1 0 1 0 0 -32768 -79312060361 0 1 -128850323 -77701447643 -78238318537 0 0 -1073741824 -4294967293 -79312060361 -6344966140 -6216115817
0 0 1 0 0 0 0 -32768 -79312060361 0 1 -128850323 -77701447643 -78238318537 0 0 -1073741824 -4294967293 -79312060361 -6344966140 -6216115817
-8388609 2147483646 1 0 1 0 0 -32768 -39939786881 -128850323 1 536870912 -78238318537 -38866045057 0 0 -1073741824 -2155872255 -39810936558 -3184875583 -6259065489
0 0 1 0 0 0 0 -32768 -39939786881 -128850323 1 536870912 -78238318537 -38866045057 0 0 -1073741824 -2155872255 -39810936558 -3184875583 -6259065489
-8388608 2147483646 1 0 1 0 0 -32768 -39274065627 536870912 1 461278938 -38866045057 -38200323803 0 0 -1073741824 -2155872254 -39810936539 -3184875581 -3109283607
0 0 1 0 0 0 0 -32768 -39274065627 536870912 1 461278938 -38866045057 -38200323803 0 0 -1073741824 -2155872254 -39810936539 -3184875581 -3109283607
-8388607 2147483646 0 0 1 0 0 0 -39349657583 461278938 1 0 -38200323803 -38275915759 1 1 -1073741824 -2155872253 -39810936521 -3184875580 -3056025907
0 0 1 0 0 0 0 0 -39349657583 461278938 1 0 -38200323803 -38275915759 1 1 -1073741824 -2155872253 -39810936521 -3184875580 -3056025907
-3670017 2147483646 1 0 1 0 0 -32768 -39723801726 0 1 -115831531 -38275915759 -38650059902 0 0 -1073741824 -2151153663 -39723801726 -3177904795 -3062073264
0 0 1 0 0 0 0 -32768 -39723801726 0 1 -115831531 -38275915759 -38650059902 0 0 -1073741824 -2151153663 -39723801726 -3177904795 -3062073264
-3670016 2147483646 1 0 1 0 0 -32768 -39839633238 -115831531 1 -201731529 -38650059902 -38765891414 0 0 -1073741824 -2151153662 -39723801707 -3177904793 -3092004795
0 0 1 0 0 0 0 -32768 -39839633238 -115831531 1 -201731529 -38650059902 -38765891414 0 0 -1073741824 -2151153662 -39723801707 -3177904793 -3092004795
-3670015 2147483646 1 0 1 0 0 -32768 -39925533218 -201731529 1 -278365005 -38765891414 -38851791394 0 0 -1073741824 -2151153661 -39723801689 -3177904792 -3101271316
0 0 1 0 0 0 0 -32768 -39925533218 -201731529 1 -278365005 -38765891414 -38851791394 0 0 -1073741824 -2151153661 -39723801689 -3177904792 -3101271316
-3145729 2147483646 1 0 1 0 0 -32768 -39992485083 -278365005 1 -347351954 -38851791394 -38918743259 0 0 -1073741824 -2150629375 -39714120078 -3177130263 -3108143314
0 0 1 0 0 0 0 -32768 -39992485083 -278365005 1 -347351954 -38851791394 -38918743259 0 0 -1073741824 -2150629375 -39714120078 -3177130263 -3108143314
-3145728 2147483646 1 0 1 0 0 -32768 -40061472013 -347351954 1 -410982751 -38918743259 -38987730189 0 0 -1073741824 -2150629374 -39714120059 -3177130261 -3113499464
0 0 1 0 0 0 0 -32768 -40061472013 -347351954 1 -410982751 -38918743259 -38987730189 0 0 -1073741824 -2150629374 -39714120059 -3177130261 -3113499464
-3145727 2147483646 1 0 1 0 0 -32768 -40125102792 -410982751 1 -469094593 -38987730189 -39051360968 0 0 -1073741824 -2150629373 -39714120041 -3177130260 -3119018418
0 0 1 0 0 0 0 -32768 -40125102792 -410982751 1 -469094593 -38987730189 -39051360968 0 0 -1073741824 -2150629373 -39714120041 -3177130260 -3119018418
-524289 2147483646 1 0 1 0 0 -32768 -40134806431 -469094593 1 -518243316 -39051360968 -39061064607 0 0 -1073741824 -2148007935 -39665711838 -3173257603 -3124108880
0 0 1 0 0 0 0 -32768 -40134806431 -469094593 1 -518243316 -39051360968 -39061064607 0 0 -1073741824 -2148007935 -39665711838 -3173257603 -3124108880
-524288 2147483646 1 0 1 0 0 -32768 -40183955135 -518243316 1 -536870912 -39061064607 -39110213311 0 0 -1073741824 -2148007934 -39665711819 -3173257601 -3124885171
0 0 1 0 0 0 0 -32768 -40183955135 -518243316 1 -536870912 -39061064607 -39110213311 0 0 -1073741824 -2148007934 -39665711819 -3173257601 -3124885171
-524287 2147483646 1 0 1 0 0 -32768 -40202582713 -536870912 1 -536870912 -39110213311 -39128840889 0 0 -1073741824 -2148007933 -39665711801 -3173257600 -3128817068
0 0 1 0 0 0 0 -32768 -40202582713 -536870912 1 -536870912 -39110213311 -39128840889 0 0 -1073741824 -2148007933 -39665711801 -3173257600 -3128817068
-1 2147483646 1 0 1 0 0 -32768 -40192901102 -536870912 1 -536870912 -39128840889 -39119159278 0 0 -1073741824 -2147483647 -39656030190 -3172483071 -3130307274
0 0 1 0 0 0 0 -32768 -40192901102 -536870912 1 -536870912 -39128840889 -39119159278 0 0 -1073741824 -2147483647 -39656030190 -3172483071 -3130307274
0 2147483646 1 0 1 0 0 -32768 -40192901083 -536870912 1 -536870912 -39119159278 -39119159259 0 0 -1073741824 -2147483646 -39656030171 -3172483069 -3129532745
0 0 1 0 0 0 0 -32768 -40192901083 -536870912 1 -536870912 -39119159278 -39119159259 0 0 -1073741824 -2147483646 -39656030171 -3172483069 -3129532745
1 2147483646 1 0 1 0 0 -32768 -40192901065 -536870912 1 -536870912 -39119159259 -39119159241 0 0 -1073741824 -2147483645 -39656030153 -3172483068 -3129532744
0 0 1 0 0 0 0 -32768 -40192901065 -536870912 1 -536870912 -39119159259 -39119159241 0 0 -1073741824 -2147483645 -39656030153 -3172483068 -3129532744
524287 2147483646 1 0 1 0 0 -32768 -40183219454 -536870912 1 -536870912 -39119159241 -39109477630 0 0 -1073741824 -2146959359 -39646348542 -3171708539 -3129532742
0 0 1 0 0 0 0 -32768 -40183219454 -536870912 1 -536870912 -39119159241 -39109477630 0 0 -1073741824 -2146959359 -39646348542 -3171708539 -3129532742
524288 2147483646 1 0 1 0 0 -32768 -40183219435 -536870912 1 -536870912 -39109477630 -39109477611 0 0 -1073741824 -2146959358 -39646348523 -3171708537 -3128758213
0 0 1 0 0 0 0 -32768 -40183219435 -536870912 1 -536870912 -39109477630 -39109477611 0 0 -1073741824 -2146959358 -39646348523 -3171708537 -3128758213
524289 2147483646 1 0 1 0 0 -32768 -40183219417 -536870912 1 0 -39109477611 -39109477593 0 1 -1073741824 -2146959357 -39646348505 -3171708536 -3128758212
0 0 1 0 0 0 0 -32768 -40183219417 -536870912 1 0 -39109477611 -39109477593 0 1 -1073741824 -2146959357 -39646348505 -3171708536 -3128758212
3145727 2147483646 1 0 1 0 0 -32768 -39597940302 0 1 0 -39109477593 -38524198478 0 1 -1073741824 -2144337919 -39597940302 -3167835879 -3128758210
0 0 1 0 0 0 0 -32768 -39597940302 0 1 0 -39109477593 -38524198478 0 1 -1073741824 -2144337919 -39597940302 -3167835879 -3128758210
3145728 2147483646 1 0 1 0 0 -32768 -39597940283 0 1 0 -38524198478 -38524198459 0 1 -1073741824 -2144337918 -39597940283 -3167835877 -3081935881
0 0 1 0 0 0 0 -32768 -39597940283 0 1 0 -38524198478 -38524198459 0 1 -1073741824 -2144337918 -39597940283 -3167835877 -3081935881
3145729 2147483646 1 0 1 0 0 -32768 -39597940265 0 1 0 -38524198459 -38524198441 0 1 -1073741824 -2144337917 -39597940265 -3167835876 -3081935880
0 0 1 0 0 0 0 -32768 -39597940265 0 1 0 -38524198459 -38524198441 0 1 -1073741824 -2144337917 -39597940265 -3167835876 -3081935880
3670015 2147483646 1 0 1 0 0 -32768 -39588258654 0 1 0 -38524198441 -38514516830 0 1 -1073741824 -2143813631 -39588258654 -3167061347 -3081935878
0 0 1 0 0 0 0 -32768 -39588258654 0 1 0 -38524198441 -38514516830 0 1 -1073741824 -2143813631 -39588258654 -3167061347 -3081935878
3670016 2147483646 1 0 1 0 0 -32768 -39588258635 0 1 0 -38514516830 -38514516811 0 1 -1073741824 -2143813630 -39588258635 -3167061345 -3081161349
0 0 1 0 0 0 0 -32768 -39588258635 0 1 0 -38514516830 -38514516811 0 1 -1073741824 -2143813630 -39588258635 -3167061345 -3081161349
3670017 2147483646 1 0 1 0 0 -32768 -39588258617 0 1 0 -38514516811 -38514516793 0 1 -1073741824 -2143813629 -39588258617 -3167061344 -3081161348
0 0 1 0 0 0 0 -32768 -39588258617 0 1 0 -38514516811 -38514516793 0 1 -1073741824 -2143813629 -39588258617 -3167061344 -3081161348
8388607 2147483646 1 0 1 0 0 -32768 -39501123822 0 1 0 -38514516793 -38427381998 0 1 -1073741824 -2139095039 -39501123822 -3160090559 -3081161346
0 0 1 0 0 0 0 -32768 -39501123822 0 1 0 -38514516793 -38427381998 0 1 -1073741824 -2139095039 -39501123822 -3160090559 -3081161346
8388608 2147483646 0 0 1 0 0 0 -39501123803 0 1 0 -38427381998 -38427381979 1 1 -1073741824 -2139095038 -39501123803 -3160090557 -3074190563
0 0 1 0 0 0 0 0 -39501123803 0 1 0 -38427381998 -38427381979 1 1 -1073741824 -2139095038 -39501123803 -3160090557 -3074190563
8388609 2147483646 1 0 1 0 0 -32768 -39501123785 0 1 0 -38427381979 -38427381961 0 1 -1073741824 -2139095037 -39501123785 -3160090556 -3074190561
0 0 1 0 0 0 0 -32768 -39501123785 0 1 0 -38427381979 -38427381961 0 1 -1073741824 -2139095037 -39501123785 -3160090556 -3074190561
2147483646 2147483646 1 0 1 0 0 0 0 0 0 536870912 -38427381961 0 0 0 0 0 0 0 -3074190560
0 0 1 0 0 0 0 0 0 0 0 536870912 -38427381961 0 0 0 0 0 0 0 -3074190560
2147483647 2147483646 1 0 1 0 0 16384 536870930 536870912 0 536870912 0 0 0 0 536870930 1 18 1 0
0 0 1 0 0 0 0 16384 536870930 536870912 0 536870912 0 0 0 0 536870930 1 18 1 0
-2147483648 2147483647 1 1 1 0 0 0 -78775189486 536870912 1 0 0 -77701447662 1 1 -1073741824 -4294967295 -79312060398 -6344966143 0
0 0 1 0 0 0 0 0 -78775189486 536870912 1 0 0 -77701447662 1 1 -1073741824 -4294967295 -79312060398 -6344966143 0
-2147483647 2147483647 1 0 1 0 0 -32768 -79312060379 0 1 -128850322 -77701447662 -78238318555 0 0 -1073741824 -4294967294 -79312060379 -6344966141 -6216115819
0 0 1 0 0 0 0 -32768 -79312060379 0 1 -128850322 -77701447662 -78238318555 0 0 -1073741824 -4294967294 -79312060379 -6344966141 -6216115819
-8388609 2147483647 1 0 1 0 0 -32768 -39939786898 -128850322 1 536870912 -78238318555 -38866045074 0 0 -1073741824 -2155872256 -39810936576 -3184875584 -6259065490
0 0 1 0 0 0 0 -32768 -39939786898 -128850322 1 536870912 -78238318555 -38866045074 0 0 -1073741824 -2155872256 -39810936576 -3184875584 -6259065490
-8388608 2147483647 1 0 1 0 0 -32768 -39274065646 536870912 1 461278938 -38866045074 -38200323822 0 0 -1073741824 -2155872255 -39810936558 -3184875583 -3109283609
0 0 1 0 0 0 0 -32768 -39274065646 536870912 1 461278938 -38866045074 -38200323822 0 0 -1073741824 -2155872255 -39810936558 -3184875583 -3109283609
-8388607 2147483647 1 0 1 0 0 -32768 -39349657601 461278938 1 332429266 -38200323822 -38275915777 0 0 -1073741824 -2155872254 -39810936539 -3184875581 -3056025909
0 0 1 0 0 0 0 -32768 -39349657601 461278938 1 332429266 -38200323822 -38275915777 0 0 -1073741824 -2155872254 -39810936539 -3184875581 -3056025909
-3670017 2147483647 1 0 1 0 0 -32768 -39391372478 332429266 1 216597735 -38275915777 -38317630654 0 0 -1073741824 -2151153664 -39723801744 -3177904796 -3062073265
0 0 1 0 0 0 0 -32768 -39391372478 332429266 1 216597735 -38275915777 -38317630654 0 0 -1073741824 -2151153664 -39723801744 -3177904796 -3062073265
-3670016 2147483647 1 0 1 0 0 -32768 -39507203991 216597735 1 104103395 -38317630654 -38433462167 0 0 -1073741824 -2151153663 -39723801726 -3177904795 -3065410455
0 0 1 0 0 0 0 -32768 -39507203991 216597735 1 104103395 -38317630654 -38433462167 0 0 -1073741824 -2151153663 -39723801726 -3177904795 -3065410455
-3670015 2147483647 1 0 1 0 0 -32768 -39619698312 104103395 1 875578 -38433462167 -38545956488 0 0 -1073741824 -2151153662 -39723801707 -3177904793 -3074676976
0 0 1 0 0 0 0 -32768 -39619698312 104103395 1 875578 -38433462167 -38545956488 0 0 -1073741824 -2151153662 -39723801707 -3177904793 -3074676976
-3145729 2147483647 1 0 1 0 0 -32768 -39713244518 875578 1 -92578164 -38545956488 -38639502694 0 0 -1073741824 -2150629376 -39714120096 -3177130264 -3083676522
0 0 1 0 0 0 0 -32768 -39713244518 875578 1 -92578164 -38545956488 -38639502694 0 0 -1073741824 -2150629376 -39714120096 -3177130264 -3083676522
-3145728 2147483647 1 0 1 0 1 0 -39806698242 -92578164 1 0 -38639502694 -38732956418 1 1 -1073741824 -2150629375 -39714120078 -3177130263 -3091160218
0 0 1 0 0 0 0 0 -39806698242 -92578164 1 0 -38639502694 -38732956418 1 1 -1073741824 -2150629375 -39714120078 -3177130263 -3091160218
-3145727 2147483647 1 0 1 0 0 -32768 -39714120059 0 1 -78493745 -38732956418 -38640378235 0 0 -1073741824 -2150629374 -39714120059 -3177130261 -3098636516
0 0 1 0 0 0 0 -32768 -39714120059 0 1 -78493745 -38732956418 -38640378235 0 0 -1073741824 -2150629374 -39714120059 -3177130261 -3098636516
-524289 2147483647 1 0 1 0 0 -32768 -39744205601 -78493745 1 -160521087 -38640378235 -38670463777 0 0 -1073741824 -2148007936 -39665711856 -3173257604 -3091230262
0 0 1 0 0 0 0 -32768 -39744205601 -78493745 1 -160521087 -38640378235 -38670463777 0 0 -1073741824 -2148007936 -39665711856 -3173257604 -3091230262
-524288 2147483647 1 0 1 0 0 -32768 -39826232925 -160521087 1 -240141585 -38670463777 -38752491101 0 0 -1073741824 -2148007935 -39665711838 -3173257603 -3093637105
0 0 1 0 0 0 0 -32768 -39826232925 -160521087 1 -240141585 -38670463777 -38752491101 0 0 -1073741824 -2148007935 -39665711838 -3173257603 -3093637105
-524287 2147483647 1 0 1 0 0 -32768 -39905853404 -240141585 1 -313199895 -38752491101 -38832111580 0 0 -1073741824 -2148007934 -39665711819 -3173257601 -3100199291
0 0 1 0 0 0 0 -32768 -39905853404 -240141585 1 -313199895 -38752491101 -38832111580 0 0 -1073741824 -2148007934 -39665711819 -3173257601 -3100199291
-1 2147483647 1 0 1 0 0 -32768 -39969230103 -313199895 1 -379114038 -38832111580 -38895488279 0 0 -1073741824 -2147483648 -39656030208 -3172483072 -3106568929
0 0 1 0 0 0 0 -32768 -39969230103 -313199895 1 -379114038 -38832111580 -38895488279 0 0 -1073741824 -2147483648 -39656030208 -3172483072 -3106568929
0 2147483647 1 0 1 0 0 -32768 -40035144228 -379114038 1 -439958044 -38895488279 -38961402404 0 0 -1073741824 -2147483647 -39656030190 -3172483071 -3111639065
0 0 1 0 0 0 0 -32768 -40035144228 -379114038 1 -439958044 -38895488279 -38961402404 0 0 -1073741824 -2147483647 -39656030190 -3172483071 -3111639065
1 2147483647 1 0 1 0 0 -32768 -40095988215 -439958044 1 -495528918 -38961402404 -39022246391 0 0 -1073741824 -2147483646 -39656030171 -3172483069 -3116912195
0 0 1 0 0 0 0 -32768 -40095988215 -439958044 1 -495528918 -38961402404 -39022246391 0 0 -1073741824 -2147483646 -39656030171 -3172483069 -3116912195
524287 2147483647 1 0 1 0 0 -32768 -40141877478 -495528918 1 -536870912 -39022246391 -39068135654 0 0 -1073741824 -2146959360 -39646348560 -3171708540 -3121779714
0 0 1 0 0 0 0 -32768 -40141877478 -495528918 1 -536870912 -39022246391 -39068135654 0 0 -1073741824 -2146959360 -39646348560 -3171708540 -3121779714
524288 2147483647 1 0 1 1 0 0 -40183219454 -536870912 1 0 -39068135654 -39109477630 1 1 -1073741824 -2146959359 -39646348542 -3171708539 -3125450855
0 0 1 0 0 0 0 0 -40183219454 -536870912 1 0 -39068135654 -39109477630 1 1 -1073741824 -2146959359 -39646348542 -3171708539 -3125450855
524289 2147483647 0 0 1 0 0 0 -39646348523 0 1 0 -39109477630 -38572606699 1 1 -1073741824 -2146959358 -39646348523 -3171708537 -3128758213
0 0 1 0 0 0 0 0 -39646348523 0 1 0 -39109477630 -38572606699 1 1 -1073741824 -2146959358 -39646348523 -3171708537 -3128758213
3145727 2147483647 1 0 1 0 0 -32768 -39597940320 0 1 0 -38572606699 -38524198496 0 1 -1073741824 -2144337920 -39597940320 -3167835880 -3085808539
0 0 1 0 0 0 0 -32768 -39597940320 0 1 0 -38572606699 -38524198496 0 1 -1073741824 -2144337920 -39597940320 -3167835880 -3085808539
3145728 2147483647 1 0 1 0 0 -32768 -39597940302 0 1 0 -38524198496 -38524198478 0 1 -1073741824 -2144337919 -39597940302 -3167835879 -3081935883
0 0 1 0 0 0 0 -32768 -39597940302 0 1 0 -38524198496 -38524198478 0 1 -1073741824 -2144337919 -39597940302 -3167835879 -3081935883
3145729 2147483647 1 0 1 0 0 -32768 -39597940283 0 1 0 -38524198478 -38524198459 0 1 -1073741824 -2144337918 -39597940283 -3167835877 -3081935881
0 0 1 0 0 0 0 -32768 -39597940283 0 1 0 -38524198478 -38524198459 0 1 -1073741824 -2144337918 -39597940283 -3167835877 -3081935881
3670015 2147483647 1 0 1 0 0 -32768 -39588258672 0 1 0 -38524198459 -38514516848 0 1 -1073741824 -2143813632 -39588258672 -3167061348 -3081935880
0 0 1 0 0 0 0 -32768 -39588258672 0 1 0 -38524198459 -38514516848 0 1 -1073741824 -2143813632 -39588258672 -3167061348 -3081935880
3670016 2147483647 1 0 1 0 0 -32768 -39588258654 0 1 0 -38514516848 -38514516830 0 1 -1073741824 -2143813631 -39588258654 -3167061347 -3081161351
0 0 1 0 0 0 0 -32768 -39588258654 0 1 0 -38514516848 -38514516830 0 1 -1073741824 -2143813631 -39588258654 -3167061347 -3081161351
3670017 2147483647 1 0 1 0 0 -32768 -39588258635 0 1 0 -38514516830 -38514516811 0 1 -1073741824 -2143813630 -39588258635 -3167061345 -3081161349
0 0 1 0 0 0 0 -32768 -39588258635 0 1 0 -38514516830 -38514516811 0 1 -1073741824 -2143813630 -39588258635 -3167061345 -3081161349
8388607 2147483647 1 0 1 0 0 -32768 -39501123840 0 1 0 -38514516811 -38427382016 0 1 -1073741824 -2139095040 -39501123840 -3160090560 -3081161348
0 0 1 0 0 0 0 -32768 -39501123840 0 1 0 -38514516811 -38427382016 0 1 -1073741824 -2139095040 -39501123840 -3160090560 -3081161348
8388608 2147483647 1 0 1 0 0 -32768 -39501123822 0 1 0 -38427382016 -38427381998 0 1 -1073741824 -2139095039 -39501123822 -3160090559 -3074190564
0 0 1 0 0 0 0 -32768 -39501123822 0 1 0 -38427382016 -38427381998 0 1 -1073741824 -2139095039 -39501123822 -3160090559 -3074190564
8388609 2147483647 1 0 1 0 0 -32768 -39501123803 0 1 0 -38427381998 -38427381979 0 1 -1073741824 -2139095038 -39501123803 -3160090557 -3074190563
0 0 1 0 0 0 0 -32768 -39501123803 0 1 0 -38427381998 -38427381979 0 1 -1073741824 -2139095038 -39501123803 -3160090557 -3074190563
2147483646 2147483647 1 0 1 0 0 0 -18 0 0 536870912 -38427381979 0 0 0 -18 -1 -18 -1 -3074190561
0 0 1 0 0 0 0 0 -18 0 0 536870912 -38427381979 0 0 0 -18 -1 -18 -1 -3074190561
2147483647 2147483647 1 0 1 0 0 16384 536870912 536870912 0 536870912 0 0 0 0 536870912 0 0 0 0
0 0 1 0 0 0 0 16384 536870912 536870912 0 536870912 0 0 0 0 536870912 0 0 0 0
1651853466 -1332279831 1 1 1 0 0 0 55642706191 536870912 1 0 0 54568964367 1 1 1073741824 2984133297 55105835279 4408467733 0
0 0 1 0 0 0 0 0 55642706191 536870912 1 0 0 54568964367 1 1 1073741824 2984133297 55105835279 4408467733 0
-2069702340 -674502314 1 0 1 0 0 -32768 -25764151652 0 1 -536870912 54568964367 -24690409828 0 0 -1073741824 -1395200026 -25764151652 -2061132558 4365517153
0 0 1 0 0 0 0 -32768 -25764151652 0 1 -536870912 54568964367 -24690409828 0 0 -1073741824 -1395200026 -25764151652 -2061132558 4365517153
48334668 -2042160223 1 0 1 0 0 32768 38066789062 -536870912 1 536870912 -24690409828 36993047238 0 0 1073741824 2090494891 38603659974 3088293436 -1975232788
0 0 1 0 0 0 0 32768 38066789062 -536870912 1 536870912 -24690409828 36993047238 0 0 1073741824 2090494891 38603659974 3088293436 -1975232788
1268469461 254640447 1 0 1 0 0 32768 19258519406 536870912 1 -536870912 36993047238 18184777582 0 0 1073741824 1013829014 18721648494 1497732189 2959443782
0 0 1 0 0 0 0 32768 19258519406 536870912 1 -536870912 36993047238 18184777582 0 0 1073741824 1013829014 18721648494 1497732189 2959443782
-61367962 -2144132266 1 0 1 0 0 32768 37924033893 -536870912 1 0 18184777582 36850292069 0 1 1073741824 2082764304 38460904805 3076873020 1454782208
0 0 1 0 0 0 0 32768 37924033893 -536870912 1 0 18184777582 36850292069 0 1 1073741824 2082764304 38460904805 3076873020 1454782208
-1200371944 -932613952 1 0 1 0 0 -32768 -4944493537 0 1 -536870912 36850292069 -3870751713 0 0 -1073741824 -267757992 -4944493537 -395559565 2948023368
0 0 1 0 0 0 0 -32768 -4944493537 0 1 -536870912 36850292069 -3870751713 0 0 -1073741824 -267757992 -4944493537 -395559565 2948023368
1654135051 1993741545 1 0 1 0 0 -32768 -6808138867 -536870912 1 0 -3870751713 -5734397043 0 1 -1073741824 -339606494 -6271267955 -501701540 -309660137
0 0 1 0 0 0 0 -32768 -6808138867 -536870912 1 0 -3870751713 -5734397043 0 1 -1073741824 -339606494 -6271267955 -501701540 -309660137
-1000312110 -1485366790 1 0 1 0 0 32768 8957154603 0 1 0 -5734397043 7883412779 0 1 1073741824 485054680 8957154603 716572516 -458751764
0 0 1 0 0 0 0 32768 8957154603 0 1 0 -5734397043 7883412779 0 1 1073741824 485054680 8957154603 716572516 -458751764
-1501629640 1266984865 1 0 1 0 0 -32768 -51126005335 0 1 -536870912 7883412779 -50052263511 0 0 -1073741824 -2768614505 -51126005335 -4090081272 630673023
0 0 1 0 0 0 0 -32768 -51126005335 0 1 -536870912 7883412779 -50052263511 0 0 -1073741824 -2768614505 -51126005335 -4090081272 630673023
1025306796 -528789838 1 0 1 0 0 32768 28161509689 -536870912 1 536870912 -50052263511 27087767865 0 0 1073741824 1554096634 28698380601 2295870922 -4004181085
0 0 1 0 0 0 0 32768 28161509689 -536870912 1 536870912 -50052263511 27087767865 0 0 1073741824 1554096634 28698380601 2295870922 -4004181085
1745655873 -1833920726 1 0 1 0 0 32768 66638327784 536870912 1 536870912 27087767865 65564585960 0 0 1073741824 3579576599 66101456872 5288117642 2167021431
0 0 1 0 0 0 0 32768 66638327784 536870912 1 536870912 27087767865 65564585960 0 0 1073741824 3579576599 66101456872 5288117642 2167021431
-347485014 998553981 0 0 1 0 0 0 -24319459471 536870912 1 0 65564585960 -23245717647 1 1 -1073741824 -1346038995 -24856330383 -1988506841 5245166882
0 0 1 0 0 0 0 0 -24319459471 536870912 1 0 65564585960 -23245717647 1 1 -1073741824 -1346038995 -24856330383 -1988506841 5245166882
1118086238 899909005 1 0 1 0 0 32768 4028921454 0 1 536870912 -23245717647 2955179630 0 0 1073741824 218177233 4028921454 322313783 -1859657413
0 0 1 0 0 0 0 32768 4028921454 0 1 536870912 -23245717647 2955179630 0 0 1073741824 218177233 4028921454 322313783 -1859657413
-879665672 -1717891121 1 0 1 0 0 32768 16015775144 536870912 1 0 2955179630 14942033320 0 1 1073741824 838225449 15478904232 1238312594 236414371
0 0 1 0 0 0 0 32768 16015775144 536870912 1 0 2955179630 14942033320 0 1 1073741824 838225449 15478904232 1238312594 236414371
1601155498 1424767579 1 0 1 0 0 32768 3257228362 0 1 -536870912 14942033320 2183486538 0 0 1073741824 176387919 3257228362 260578323 1195362667
0 0 1 0 0 0 0 32768 3257228362 0 1 -536870912 14942033320 2183486538 0 0 1073741824 176387919 3257228362 260578323 1195362667
2135078802 -894833792 1 0 1 0 0 32768 55414337595 -536870912 1 536870912 2183486538 54340595771 0 0 1073741824 3029912594 55951208507 4476097605 174678923
0 0 1 0 0 0 0 32768 55414337595 -536870912 1 536870912 2183486538 54340595771 0 0 1073741824 3029912594 55951208507 4476097605 174678923
1648588270 -1121212958 1 0 1 0 0 32768 51684790604 536870912 1 281457667 54340595771 50611048780 0 0 1073741824 2769801228 51147919692 4091834421 4347247666
0 0 1 0 0 0 0 32768 51684790604 536870912 1 281457667 54340595771 50611048780 0 0 1073741824 2769801228 51147919692 4091834421 4347247666
1663689195 -2070645225 1 0 1 0 0 32768 69240715496 281457667 1 536870912 50611048780 68166973672 0 0 1073741824 3734334420 68959257829 5516741766 4048883906
0 0 1 0 0 0 0 32768 69240715496 281457667 1 536870912 50611048780 68166973672 0 0 1073741824 3734334420 68959257829 5516741766 4048883906
-1545790053 1371708149 1 0 1 0 0 -32768 -53338462173 536870912 1 -536870912 68166973672 -52264720349 0 0 -1073741824 -2917498202 -53875333085 -4310027537 5453357899
0 0 1 0 0 0 0 -32768 -53338462173 536870912 1 -536870912 68166973672 -52264720349 0 0 -1073741824 -2917498202 -53875333085 -4310027537 5453357899
-1524746198 -2060985544 1 0 1 0 0 32768 9365473967 -536870912 1 0 -52264720349 8291732143 0 1 1073741824 536239346 9902344879 792187754 -4181177632
0 0 1 0 0 0 0 32768 9365473967 -536870912 1 0 -52264720349 8291732143 0 1 1073741824 536239346 9902344879 792187754 -4181177632
2001426215 1193530153 1 0 1 0 0 32768 14918833338 0 1 530168342 8291732143 13845091514 0 0 1073741824 807896062 14918833338 1193506914 663338572
0 0 1 0 0 0 0 32768 14918833338 0 1 530168342 8291732143 13845091514 0 0 1073741824 807896062 14918833338 1193506914 663338572
-3262592 -714085887 1 0 1 0 0 32768 13656428970 530168342 1 0 13845091514 12582687146 0 1 1073741824 710823295 13126260628 1050101067 1107607322
0 0 1 0 0 0 0 32768 13656428970 530168342 1 0 13845091514 12582687146 0 1 1073741824 710823295 13126260628 1050101067 1107607322
-936571320 476146720 1 0 1 0 0 -32768 -26087644170 0 1 -536870912 12582687146 -25013902346 0 0 -1073741824 -1412718040 -26087644170 -2087011965 1006614973
0 0 1 0 0 0 0 -32768 -26087644170 0 1 -536870912 12582687146 -25013902346 0 0 -1073741824 -1412718040 -26087644170 -2087011965 1006614973
-1117057597 -1185812640 1 0 1 0 0 22363 732778831 -536870912 0 0 -25013902346 0 0 1 732778831 68755043 1269649743 101572000 -2001112190
0 0 1 0 0 0 0 22363 732778831 -536870912 0 0 -25013902346 0 0 1 732778831 68755043 1269649743 101572000 -2001112190
-1923922685 -947468533 1 0 1 0 0 -32768 -18031473899 0 1 -536870912 0 -16957732075 0 0 -1073741824 -976454152 -18031473899 -1442518210 0
0 0 1 0 0 0 0 -32768 -18031473899 0 1 -536870912 0 -16957732075 0 0 -1073741824 -976454152 -18031473899 -1442518210 0
405535777 -1259741128 1 0 1 0 0 32768 30214595490 -536870912 1 536870912 -16957732075 29140853666 0 0 1073741824 1665276905 30751466402 2460117820 -1356618567
0 0 1 0 0 0 0 32768 30214595490 -536870912 1 536870912 -16957732075 29140853666 0 0 1073741824 1665276905 30751466402 2460117820 -1356618567
-734197307 603938885 1 0 1 0 0 -32768 -24173524113 536870912 1 -536870912 29140853666 -23099782289 0 0 -1073741824 -1338136192 -24710395025 -1976832010 2331268295
0 0 1 0 0 0 0 -32768 -24173524113 536870912 1 -536870912 29140853666 -23099782289 0 0 -1073741824 -1338136192 -24710395025 -1976832010 2331268295
-251813357 -2023555417 1 0 1 0 0 32768 32180610647 -536870912 1 0 -23099782289 31106868823 0 1 1073741824 1771742060 32717481559 2617399065 -1847982585
0 0 1 0 0 0 0 32768 32180610647 -536870912 1 0 -23099782289 31106868823 0 1 1073741824 1771742060 32717481559 2617399065 -1847982585
-763292766 1072027293 1 0 1 0 0 -32768 -33891530568 0 1 -536870912 31106868823 -32817788744 0 0 -1073741824 -1835320059 -33891530568 -2711323006 2488549508
0 0 1 0 0 0 0 -32768 -33891530568 0 1 -536870912 31106868823 -32817788744 0 0 -1073741824 -1835320059 -33891530568 -2711323006 2488549508
687660229 -1575219684 1 0 1 0 0 32768 41250098814 -536870912 1 536870912 -32817788744 40176356990 0 0 1073741824 2262879913 41786969726 3342958269 -2625423102
0 0 1 0 0 0 0 32768 41250098814 -536870912 1 536870912 -32817788744 40176356990 0 0 1073741824 2262879913 41786969726 3342958269 -2625423102
1836663469 -240367011 1 0 1 0 0 32768 38891893328 536870912 1 391164777 40176356990 37818151504 0 0 1073741824 2077030480 38355022416 3068402427 3214108562
0 0 1 0 0 0 0 32768 38891893328 536870912 1 391164777 40176356990 37818151504 0 0 1073741824 2077030480 38355022416 3068402427 3214108562
275124624 1590762402 1 1 1 0 0 0 -23903768279 391164777 1 0 37818151504 -22830026455 1 1 -1073741824 -1315637778 -24294933056 -1943595046 3025452123
0 0 1 0 0 0 0 0 -23903768279 391164777 1 0 37818151504 -22830026455 1 1 -1073741824 -1315637778 -24294933056 -1943595046 3025452123
171179187 1310597275 1 0 1 0 0 -32768 -21040811258 0 1 0 -22830026455 -19967069434 0 1 -1073741824 -1139418088 -21040811258 -1683265248 -1826402118
0 0 1 0 0 0 0 -32768 -21040811258 0 1 0 -22830026455 -19967069434 0 1 -1073741824 -1139418088 -21040811258 -1683265248 -1826402118
167474694 -1084916040 1 0 1 0 0 32768 23126995554 0 1 536870912 -19967069434 22053253730 0 0 1073741824 1252390734 23126995554 1850160027 -1597365556
0 0 1 0 0 0 0 32768 23126995554 0 1 536870912 -19967069434 22053253730 0 0 1073741824 1252390734 23126995554 1850160027 -1597365556
1742945831 -1374855560 0 0 1 0 0 0 58111058384 536870912 1 0 22053253730 57037316560 1 1 1073741824 3117801391 57574187472 4605935949 1764260300
0 0 1 0 0 0 0 0 58111058384 536870912 1 0 22053253730 57037316560 1 1 1073741824 3117801391 57574187472 4605935949 1764260300
-2131847968 956744046 1 0 1 0 0 -32768 -57034798994 0 1 -536870912 57037316560 -55961057170 0 0 -1073741824 -3088592014 -57034798994 -4562784862 4562985329
0 0 1 0 0 0 0 -32768 -57034798994 0 1 -536870912 57037316560 -55961057170 0 0 -1073741824 -3088592014 -57034798994 -4562784862 4562985329
-2004150287 908156149 1 0 1 0 0 -32768 -54316331402 -536870912 1 -362344062 -55961057170 -53242589578 0 0 -1073741824 -2912306436 -53779460490 -4302357728 -4476884578
0 0 1 0 0 0 0 -32768 -54316331402 -536870912 1 -362344062 -55961057170 -53242589578 0 0 -1073741824 -2912306436 -53779460490 -4302357728 -4476884578
-352087347 2000827525 1 0 1 0 0 -32768 -43811924378 -362344062 1 421095965 -53242589578 -42738182554 0 0 -1073741824 -2352914872 -43449580316 -3475967143 -4259407170
0 0 1 0 0 0 0 -32768 -43811924378 -362344062 1 421095965 -53242589578 -42738182554 0 0 -1073741824 -2352914872 -43449580316 -3475967143 -4259407170
140647864 410631408 1 0 1 0 0 -32768 -4564495234 421095965 1 0 -42738182554 -3490753410 0 1 -1073741824 -269983544 -4985591199 -398847378 -3419054608
0 0 1 0 0 0 0 -32768 -4564495234 421095965 1 0 -42738182554 -3490753410 0 1 -1073741824 -269983544 -4985591199 -398847378 -3419054608
748210065 -923516572 1 0 1 0 0 32768 30870568946 0 1 536870912 -3490753410 29796827122 0 0 1073741824 1671726637 30870568946 2469646026 -279260273
0 0 1 0 0 0 0 32768 30870568946 0 1 536870912 -3490753410 29796827122 0 0 1073741824 1671726637 30870568946 2469646026 -279260273
-1066017436 -2123053559 1 0 1 0 0 32768 20056393896 536870912 1 0 29796827122 18982652072 0 1 1073741824 1057036123 19519522984 1561562161 2383746172
0 0 1 0 0 0 0 32768 20056393896 536870912 1 0 29796827122 18982652072 0 1 1073741824 1057036123 19519522984 1561562161 2383746172
-752908175 -835734116 1 0 1 0 0 32768 1529486858 0 1 0 18982652072 455745034 0 1 1073741824 82825941 1529486858 122358974 1518612167
0 0 1 0 0 0 0 32768 1529486858 0 1 0 18982652072 455745034 0 1 1073741824 82825941 1529486858 122358974 1518612167
-2115889886 -2131160382 1 0 1 0 0 8606 281989225 0 0 0 455745034 0 0 1 281989225 15270496 281989225 22559143 36459603
0 0 1 0 0 0 0 8606 281989225 0 0 0 455745034 0 0 1 281989225 15270496 281989225 22559143 36459603
1693086377 -219423703 1 0 1 0 0 32768 35316942961 0 1 536870912 0 34243201137 0 0 1073741824 1912510080 35316942961 2825356021 0
0 0 1 0 0 0 0 32768 35316942961 0 1 536870912 0 34243201137 0 0 1073741824 1912510080 35316942961 2825356021 0
-1920925228 2052967420 1 0 1 0 0 -32768 -72846135771 536870912 1 -536870912 34243201137 -71772393947 0 0 -1073741824 -3973892648 -73383006683 -5870641747 2739456094
0 0 1 0 0 0 0 -32768 -72846135771 536870912 1 -536870912 34243201137 -71772393947 0 0 -1073741824 -3973892648 -73383006683 -5870641747 2739456094
-1660351623 -449245269 1 0 1 0 0 -32768 -22901497625 -536870912 1 536870912 -71772393947 -21827755801 0 0 -1073741824 -1211106354 -22364626713 -1789170507 -5741791521
0 0 1 0 0 0 0 -32768 -22901497625 -536870912 1 536870912 -71772393947 -21827755801 0 0 -1073741824 -1211106354 -22364626713 -1789170507 -5741791521
-386395994 -1369097511 1 0 1 0 0 32768 18683710391 536870912 1 0 -21827755801 17609968567 0 1 1073741824 982701517 18146839479 1451747458 -1746220466
0 0 1 0 0 0 0 32768 18683710391 536870912 1 0 -21827755801 17609968567 0 1 1073741824 982701517 18146839479 1451747458 -1746220466
2091041290 1936456918 1 0 1 0 0 32768 2854598000 0 1 -536870912 17609968567 1780856176 0 0 1073741824 154584372 2854598000 228367887 1408797487
0 0 1 0 0 0 0 32768 2854598000 0 1 -536870912 17609968567 1780856176 0 0 1073741824 154584372 2854598000 228367887 1408797487
-1092071922 515071659 1 0 1 0 0 -32768 -30214831187 -536870912 1 -536870912 1780856176 -29141089363 0 0 -1073741824 -1607143581 -29677960275 -2374237312 142468494
0 0 1 0 0 0 0 -32768 -30214831187 -536870912 1 -536870912 1780856176 -29141089363 0 0 -1073741824 -1607143581 -29677960275 -2374237312 142468494
1749490108 1995521186 1 0 1 0 1 0 -5080149214 -536870912 1 0 -29141089363 -4006407390 1 1 -1073741824 -246031078 -4543278302 -363462339 -2331287151
0 0 1 0 0 0 0 0 -5080149214 -536870912 1 0 -29141089363 -4006407390 1 1 -1073741824 -246031078 -4543278302 -363462339 -2331287151
-1088073553 -1990726328 1 0 1 0 0 32768 16668637149 0 1 0 -4006407390 15594895325 0 1 1073741824 902652775 16668637149 1333491247 -320512591
0 0 1 0 0 0 0 32768 16668637149 0 1 0 -4006407390 15594895325 0 1 1073741824 902652775 16668637149 1333491247 -320512591
-1696545990 -1587794268 1 0 1 0 0 -32768 -2008239540 0 1 -536870912 15594895325 -934497716 0 0 -1073741824 -108751722 -2008239540 -160659196 1247591627
0 0 1 0 0 0 0 -32768 -2008239540 0 1 -536870912 15594895325 -934497716 0 0 -1073741824 -108751722 -2008239540 -160659196 1247591627
-884171686 2121417182 1 0 1 0 0 -32768 -56038910731 -536870912 1 -536870912 -934497716 -54965168907 0 0 -1073741824 -3005588868 -55502039819 -4440164103 -74759817
0 0 1 0 0 0 0 -32768 -56038910731 -536870912 1 -536870912 -934497716 -54965168907 0 0 -1073741824 -3005588868 -55502039819 -4440164103 -74759817
-265315206 -1965913798 1 0 1 0 0 32768 30866855584 -536870912 1 0 -54965168907 29793113760 0 1 1073741824 1700598592 31403726496 2512298639 -4397213517
0 0 1 0 0 0 0 32768 30866855584 -536870912 1 0 -54965168907 29793113760 0 1 1073741824 1700598592 31403726496 2512298639 -4397213517
-405414218 1241202861 1 0 1 1 0 0 -30406888866 0 1 0 29793113760 -29333147042 1 1 -1073741824 -1646617079 -30406888866 -2432551612 2383449103
0 0 1 0 0 0 0 0 -30406888866 0 1 0 29793113760 -29333147042 1 1 -1073741824 -1646617079 -30406888866 -2432551612 2383449103
1634181204 666237090 1 0 1 0 0 32768 17874325171 0 1 536870912 -29333147042 16800583347 0 0 1073741824 967944114 17874325171 1429946309 -2346651766
0 0 1 0 0 0 0 32768 17874325171 0 1 536870912 -29333147042 16800583347 0 0 1073741824 967944114 17874325171 1429946309 -2346651766
-1294243521 1279649127 1 0 1 0 0 -32768 -46993346464 536870912 1 -536870912 16800583347 -45919604640 0 0 -1073741824 -2573892648 -47530217376 -3802418176 1344046669
0 0 1 0 0 0 0 -32768 -46993346464 536870912 1 -536870912 16800583347 -45919604640 0 0 -1073741824 -2573892648 -47530217376 -3802418176 1344046669
277644669 -1368990967 0 0 1 0 0 0 29870360633 -536870912 1 0 -45919604640 28796618809 1 1 1073741824 1646635636 30407231545 2432579026 -3673568375
0 0 1 0 0 0 0 0 29870360633 -536870912 1 0 -45919604640 28796618809 1 1 1073741824 1646635636 30407231545 2432579026 -3673568375
-1270625819 -496977227 1 0 1 0 0 -32768 -14286410033 0 1 -536870912 28796618809 -13212668209 0 0 -1073741824 -773648592 -14286410033 -1142913039 2303729507
0 0 1 0 0 0 0 -32768 -14286410033 0 1 -536870912 28796618809 -13212668209 0 0 -1073741824 -773648592 -14286410033 -1142913039 2303729507
914289433 -587793406 1 0 1 0 0 32768 27201008486 -536870912 1 536870912 -13212668209 26127266662 0 0 1073741824 1502082839 27737879398 2219030810 -1057013458
0 0 1 0 0 0 0 32768 27201008486 -536870912 1 536870912 -13212668209 26127266662 0 0 1073741824 1502082839 27737879398 2219030810 -1057013458
-1196867802 -1879143960 1 0 1 0 0 32768 13135972170 536870912 1 0 26127266662 12062230346 0 1 1073741824 682276158 12599101258 1007928309 2090181335
0 0 1 0 0 0 0 32768 13135972170 536870912 1 0 26127266662 12062230346 0 1 1073741824 682276158 12599101258 1007928309 2090181335
1091256569 -79076011 1 0 1 0 0 32768 21611686864 0 1 536870912 12062230346 20537945040 0 0 1073741824 1170332580 21611686864 1728935306 964978429
0 0 1 0 0 0 0 32768 21611686864 0 1 536870912 12062230346 20537945040 0 0 1073741824 1170332580 21611686864 1728935306 964978429
-105662551 581119747 1 1 1 0 0 0 -12145441981 536870912 1 0 20537945040 -11071700157 1 1 -1073741824 -686782298 -12682312893 -1014585241 1643035605
0 0 1 0 0 0 0 0 -12145441981 536870912 1 0 20537945040 -11071700157 1 1 -1073741824 -686782298 -12682312893 -1014585241 1643035605
758851864 561053968 1 0 1 0 0 32768 3652590950 0 1 536870912 -11071700157 2578849126 0 0 1073741824 197797896 3652590950 292207336 -885736013
0 0 1 0 0 0 0 32768 3652590950 0 1 536870912 -11071700157 2578849126 0 0 1073741824 197797896 3652590950 292207336 -885736013
1380651424 -1029523180 1 0 1 0 0 32768 45043825362 536870912 1 536870912 2578849126 43970083538 0 0 1073741824 2410174604 44506954450 3560557091 206307930
0 0 1 0 0 0 0 32768 45043825362 536870912 1 536870912 2578849126 43970083538 0 0 1073741824 2410174604 44506954450 3560557091 206307930
1432857817 -1821801293 1 0 1 0 0 32768 60638311080 536870912 1 536870912 43970083538 59564569256 0 0 1073741824 3254659110 60101440168 4808116207 3517606686
0 0 1 0 0 0 0 32768 60638311080 536870912 1 536870912 43970083538 59564569256 0 0 1073741824 3254659110 60101440168 4808116207 3517606686
1844023930 2028552921 1 0 1 0 0 -32768 -2870692749 536870912 1 0 59564569256 -1796950925 0 1 -1073741824 -184528991 -3407563661 -272605149 4765165545
0 0 1 0 0 0 0 -32768 -2870692749 536870912 1 0 59564569256 -1796950925 0 1 -1073741824 -184528991 -3407563661 -272605149 4765165545
1881188139 921222044 1 0 1 0 0 32768 17727000854 0 1 536870912 -1796950925 16653259030 0 0 1073741824 959966095 17727000854 1418160361 -143756074
0 0 1 0 0 0 0 32768 17727000854 0 1 536870912 -1796950925 16653259030 0 0 1073741824 959966095 17727000854 1418160361 -143756074
1141122370 779914445 1 0 1 0 0 32768 7207036898 536870912 1 -261776423 16653259030 6133295074 0 0 1073741824 361207925 6670165986 533613389 1332260724
0 0 1 0 0 0 0 32768 7207036898 536870912 1 -261776423 16653259030 6133295074 0 0 1073741824 361207925 6670165986 533613389 1332260724
-908648900 -1979689126 1 0 1 0 0 32768 19516350221 -261776423 1 0 6133295074 18442608397 0 1 1073741824 1071040226 19778126644 1582250458 490663606
0 0 1 0 0 0 0 32768 19516350221 -261776423 1 0 6133295074 18442608397 0 1 1073741824 1071040226 19778126644 1582250458 490663606
-1575011874 559026809 1 0 1 0 0 -32768 -39407751746 0 1 -536870912 18442608397 -38334009922 0 0 -1073741824 -2134038683 -39407751746 -3152620791 1475408673
0 0 1 0 0 0 0 -32768 -39407751746 0 1 -536870912 18442608397 -38334009922 0 0 -1073741824 -2134038683 -39407751746 -3152620791 1475408673
2028555911 -1308215389 1 0 1 0 0 32768 61080875790 -536870912 1 536870912 -38334009922 60007133966 0 0 1073741824 3336771300 61617746702 4929420754 -3066720797
0 0 1 0 0 0 0 32768 61080875790 -536870912 1 536870912 -38334009922 60007133966 0 0 1073741824 3336771300 61617746702 4929420754 -3066720797
-87719383 -722739368 1 0 1 0 0 32768 12263326539 536870912 1 0 60007133966 11189584715 0 1 1073741824 635019985 11726455627 938116644 4800570722
0 0 1 0 0 0 0 32768 12263326539 536870912 1 0 60007133966 11189584715 0 1 1073741824 635019985 11726455627 938116644 4800570722
-937049426 -1910524123 1 0 1 0 0 32768 17976454455 0 1 0 11189584715 16902712631 0 1 1073741824 973474697 17976454455 1438116653 895166778
0 0 1 0 0 0 0 32768 17976454455 0 1 0 11189584715 16902712631 0 1 1073741824 973474697 17976454455 1438116653 895166778
-873318282 -2048638050 1 0 1 0 0 32768 21703781664 0 1 0 16902712631 20630039840 0 1 1073741824 1175319768 21703781664 1736302892 1352217012
0 0 1 0 0 0 0 32768 21703781664 0 1 0 16902712631 20630039840 0 1 1073741824 1175319768 21703781664 1736302892 1352217012
352329418 1488041254 1 0 1 0 0 -32768 -20972370578 0 1 0 20630039840 -19898628754 0 1 -1073741824 -1135711836 -20972370578 -1677789993 1650403189
0 0 1 0 0 0 0 -32768 -20972370578 0 1 0 20630039840 -19898628754 0 1 -1073741824 -1135711836 -20972370578 -1677789993 1650403189
469832798 -1759397268 1 0 1 0 0 32768 41165582295 0 1 536870912 -19898628754 40091840471 0 0 1073741824 2229230066 41165582295 3293247264 -1591890302
0 0 1 0 0 0 0 32768 41165582295 0 1 536870912 -19898628754 40091840471 0 0 1073741824 2229230066 41165582295 3293247264 -1591890302
-285803482 -2126021373 1 0 1 0 0 32768 34518846208 536870912 1 0 40091840471 33445104384 0 1 1073741824 1840217891 33981975296 2718558585 3207347241
0 0 1 0 0 0 0 32768 34518846208 536870912 1 0 40091840471 33445104384 0 1 1073741824 1840217891 33981975296 2718558585 3207347241
-1564508131 1535624376 1 0 1 0 0 -32768 -57247908947 0 1 -536870912 33445104384 -56174167123 0 0 -1073741824 -3100132507 -57247908947 -4579833662 2675608353
0 0 1 0 0 0 0 -32768 -57247908947 0 1 -536870912 33445104384 -56174167123 0 0 -1073741824 -3100132507 -57247908947 -4579833662 2675608353
-550128035 258320712 1 0 1 0 0 -32768 -15465910284 -536870912 1 536870912 -56174167123 -14392168460 0 0 -1073741824 -808448747 -14929039372 -1194323397 -4493933374
0 0 1 0 0 0 0 -32768 -15465910284 -536870912 1 536870912 -56174167123 -14392168460 0 0 -1073741824 -808448747 -14929039372 -1194323397 -4493933374
1819962424 -1481194563 0 0 1 0 0 0 61496953807 536870912 1 0 -14392168460 60423211983 1 1 1073741824 3301156987 60960082895 4876807639 -1151373478
0 0 1 0 0 0 0 0 61496953807 536870912 1 0 -14392168460 60423211983 1 1 1073741824 3301156987 60960082895 4876807639 -1151373478
-664827224 -1827110260 1 0 1 0 0 32768 21463041746 0 1 0 60423211983 20389299922 0 1 1073741824 1162283036 21463041746 1717043694 4833856963
0 0 1 0 0 0 0 32768 21463041746 0 1 0 60423211983 20389299922 0 1 1073741824 1162283036 21463041746 1717043694 4833856963
1004971091 -1909810593 1 0 1 0 0 32768 53825169108 0 1 536870912 20389299922 52751427284 0 0 1073741824 2914781684 53825169108 4306014418 1631143995
0 0 1 0 0 0 0 32768 53825169108 0 1 536870912 20389299922 52751427284 0 0 1073741824 2914781684 53825169108 4306014418 1631143995
770764870 165950845 1 0 1 0 0 32768 11705534882 536870912 1 -536870912 52751427284 10631793058 0 0 1073741824 604814025 11168663970 893493302 4220114187
0 0 1 0 0 0 0 32768 11705534882 536870912 1 -536870912 52751427284 10631793058 0 0 1073741824 604814025 11168663970 893493302 4220114187
-2027391184 -1999190597 1 0 1 0 0 -32276 -1057630793 -536870912 0 -536870912 10631793058 0 0 0 -1057630793 -28200587 -520759881 -41660799 850543445
0 0 1 0 0 0 0 -32276 -1057630793 -536870912 0 -536870912 10631793058 0 0 0 -1057630793 -28200587 -520759881 -41660799 850543445
-521524582 -598145803 1 0 1 0 0 26796 878037862 -536870912 0 0 0 0 0 1 878037862 76621221 1414908774 113192725 0
0 0 1 0 0 0 0 26796 878037862 -536870912 0 0 0 0 0 1 878037862 76621221 1414908774 113192725 0
1126098280 -977793183 1 0 1 0 0 32768 38851044798 0 1 536870912 0 37777302974 0 0 1073741824 2103891463 38851044798 3108084226 0
0 0 1 0 0 0 0 32768 38851044798 0 1 536870912 0 37777302974 0 0 1073741824 2103891463 38851044798 3108084226 0
-2056287292 1286328120 1 0 1 0 0 -32768 -61188794788 536870912 1 -536870912 37777302974 -60115052964 0 0 -1073741824 -3342615412 -61725665700 -4938054276 3022184241
0 0 1 0 0 0 0 -32768 -61188794788 536870912 1 -536870912 37777302974 -60115052964 0 0 -1073741824 -3342615412 -61725665700 -4938054276 3022184241
522562977 -586314465 1 0 1 0 0 32768 19939968284 -536870912 1 536870912 -60115052964 18866226460 0 0 1073741824 1108877442 20476839196 1638147474 -4809204242
0 0 1 0 0 0 0 32768 19939968284 -536870912 1 536870912 -60115052964 18866226460 0 0 1073741824 1108877442 20476839196 1638147474 -4809204242
47045258 -820711565 1 0 1 0 0 32768 16561109708 536870912 1 309512162 18866226460 15487367884 0 0 1073741824 867756823 16024238796 1281939368 1509298118
0 0 1 0 0 0 0 32768 16561109708 536870912 1 309512162 18866226460 15487367884 0 0 1073741824 867756823 16024238796 1281939368 1509298118
807764377 1011502288 1 0 1 0 0 -32768 -3452768757 309512162 1 0 15487367884 -2379026933 0 1 -1073741824 -203737911 -3762280919 -300982536 1238989432
0 0 1 0 0 0 0 -32768 -3452768757 309512162 1 0 15487367884 -2379026933 0 1 -1073741824 -203737911 -3762280919 -300982536 1238989432
-987847165 1307305621 1 0 1 0 0 -32768 -42382929574 0 1 -536870912 -2379026933 -41309187750 0 0 -1073741824 -2295152786 -42382929574 -3390635066 -190322155
0 0 1 0 0 0 0 -32768 -42382929574 0 1 -536870912 -2379026933 -41309187750 0 0 -1073741824 -2295152786 -42382929574 -3390635066 -190322155
-522939821 -335866942 1 0 1 0 0 -32768 -3991410716 -536870912 1 536870912 -41309187750 -2917668892 0 0 -1073741824 -187072879 -3454539804 -276363241 -3304735023
0 0 1 0 0 0 0 -32768 -3991410716 -536870912 1 536870912 -41309187750 -2917668892 0 0 -1073741824 -187072879 -3454539804 -276363241 -3304735023
-846571394 -981297305 1 1 1 0 0 0 3024757049 536870912 1 0 -2917668892 1951015225 1 1 1073741824 134725911 2487886137 199030932 -233413512
0 0 1 0 0 0 0 0 3024757049 536870912 1 0 -2917668892 1951015225 1 1 1073741824 134725911 2487886137 199030932 -233413512
-1146326254 -328670849 1 0 1 0 0 -32768 -15099052079 0 1 -536870912 1951015225 -14025310255 0 0 -1073741824 -817655405 -15099052079 -1207924416 156081218
0 0 1 0 0 0 0 -32768 -15099052079 0 1 -536870912 1951015225 -14025310255 0 0 -1073741824 -817655405 -15099052079 -1207924416 156081218
1073956226 1196375115 1 0 1 0 0 -32768 -2797492158 -536870912 1 0 -14025310255 -1723750334 0 1 -1073741824 -122418889 -2260621246 -180849737 -1122024821
0 0 1 0 0 0 0 -32768 -2797492158 -536870912 1 0 -14025310255 -1723750334 0 1 -1073741824 -122418889 -2260621246 -180849737 -1122024821
-1870142782 -1322266963 1 0 1 0 0 -32768 -10117227225 0 1 -536870912 -1723750334 -9043485401 0 0 -1073741824 -547875819 -10117227225 -809378345 -137900027
0 0 1 0 0 0 0 -32768 -10117227225 0 1 -536870912 -1723750334 -9043485401 0 0 -1073741824 -547875819 -10117227225 -809378345 -137900027
218199972 1252179220 1 0 1 0 0 -32768 -19630619231 -536870912 1 0 -9043485401 -18556877407 0 1 -1073741824 -1033979248 -19093748319 -1527500181 -723478833
0 0 1 0 0 0 0 -32768 -19630619231 -536870912 1 0 -9043485401 -18556877407 0 1 -1073741824 -1033979248 -19093748319 -1527500181 -723478833
-1871362185 250168449 1 0 1 0 0 -32768 -39176774635 0 1 -536870912 -18556877407 -38103032811 0 0 -1073741824 -2121530634 -39176774635 -3134142618 -1484550194
0 0 1 0 0 0 0 -32768 -39176774635 0 1 -536870912 -18556877407 -38103032811 0 0 -1073741824 -2121530634 -39176774635 -3134142618 -1484550194
289117313 1997202269 1 0 1 0 0 -32768 -32078842687 -536870912 1 0 -38103032811 -31005100863 0 1 -1073741824 -1708084956 -31541971775 -2523358263 -3048242628
0 0 1 0 0 0 0 -32768 -32078842687 -536870912 1 0 -38103032811 -31005100863 0 1 -1073741824 -1708084956 -31541971775 -2523358263 -3048242628
924277173 613225105 1 0 1 0 0 32768 5743973984 0 1 536870912 -31005100863 4670232160 0 0 1073741824 311052068 5743973984 459518014 -2480408071
0 0 1 0 0 0 0 32768 5743973984 0 1 536870912 -31005100863 4670232160 0 0 1073741824 311052068 5743973984 459518014 -2480408071
-1554896892 -1233257178 1 0 1 0 0 -32768 -5402617487 536870912 1 -311906831 4670232160 -4328875663 0 0 -1073741824 -321639714 -5939488399 -475159170 373618573
0 0 1 0 0 0 0 -32768 -5402617487 536870912 1 -311906831 4670232160 -4328875663 0 0 -1073741824 -321639714 -5939488399 -475159170 373618573
733609680 -1778679495 1 0 1 0 0 32768 46080723682 -311906831 1 536870912 -4328875663 45006981858 0 0 1073741824 2512289175 46392630513 3711411208 -346310053
0 0 1 0 0 0 0 32768 46080723682 -311906831 1 536870912 -4328875663 45006981858 0 0 1073741824 2512289175 46392630513 3711411208 -346310053
-582094501 934020577 0 0 1 0 0 0 -27460131714 536870912 1 0 45006981858 -26386389890 1 1 -1073741824 -1516115078 -27997002626 -2239760673 3600558552
0 0 1 0 0 0 0 0 -27460131714 536870912 1 0 45006981858 -26386389890 1 1 -1073741824 -1516115078 -27997002626 -2239760673 3600558552
-1970713216 -454826188 1 0 1 0 0 -32768 -27992791391 0 1 -128512581 -26386389890 -26919049567 0 0 -1073741824 -1515887028 -27992791391 -2239423774 -2110911193
0 0 1 0 0 0 0 -32768 -27992791391 0 1 -128512581 -26386389890 -26919049567 0 0 -1073741824 -1515887028 -27992791391 -2239423774 -2110911193
1648311125 -1881183466 1 0 1 0 0 32768 65048116005 -128512581 1 536870912 -26919049567 63974374181 0 0 1073741824 3529494591 65176628586 5214131364 -2153523967
0 0 1 0 0 0 0 32768 65048116005 -128512581 1 536870912 -26919049567 63974374181 0 0 1073741824 3529494591 65176628586 5214131364 -2153523967
-1519002294 692587967 1 0 1 0 0 -32768 -40302969838 536870912 1 -536870912 63974374181 -39229228014 0 0 -1073741824 -2211590261 -40839840750 -3267187935 5117949939
0 0 1 0 0 0 0 -32768 -40302969838 536870912 1 -536870912 63974374181 -39229228014 0 0 -1073741824 -2211590261 -40839840750 -3267187935 5117949939
-1514809331 1844835181 1 0 1 0 0 -32768 -62577000708 -536870912 1 -536870912 -39229228014 -61503258884 0 0 -1073741824 -3359644512 -62040129796 -4963211409 -3138338244
0 0 1 0 0 0 0 -32768 -62577000708 -536870912 1 -536870912 -39229228014 -61503258884 0 0 -1073741824 -3359644512 -62040129796 -4963211409 -3138338244
-495712125 444392178 1 0 1 0 0 -32768 -17897098392 -536870912 1 536870912 -61503258884 -16823356568 0 0 -1073741824 -940104303 -17360227480 -1388818485 -4920260715
0 0 1 0 0 0 0 -32768 -17897098392 -536870912 1 536870912 -61503258884 -16823356568 0 0 -1073741824 -940104303 -17360227480 -1388818485 -4920260715
1946735924 -993292801 1 0 1 0 0 32768 54828258900 536870912 1 536870912 -16823356568 53754517076 0 0 1073741824 2940028725 54291387988 4343311936 -1345868527
0 0 1 0 0 0 0 32768 54828258900 536870912 1 536870912 -16823356568 53754517076 0 0 1073741824 2940028725 54291387988 4343311936 -1345868527
927549520 -230436091 1 0 1 0 0 32768 21920555213 536870912 1 -536870912 53754517076 20846813389 0 0 1073741824 1157985611 21383684301 1710695097 4300361370
0 0 1 0 0 0 0 32768 21920555213 536870912 1 -536870912 53754517076 20846813389 0 0 1073741824 1157985611 21383684301 1710695097 4300361370
585546019 -1511986029 1 0 1 0 0 32768 38196739160 -536870912 1 536870912 20846813389 37122997336 0 0 1073741824 2097532048 38733610072 3098689446 1667745073
0 0 1 0 0 0 0 32768 38196739160 -536870912 1 536870912 20846813389 37122997336 0 0 1073741824 2097532048 38733610072 3098689446 1667745073
-317624845 70450890 1 0 1 0 0 -32768 -6629443525 536870912 1 -536870912 37122997336 -5555701701 0 0 -1073741824 -388075735 -7166314437 -573305273 2969839790
0 0 1 0 0 0 0 -32768 -6629443525 536870912 1 -536870912 37122997336 -5555701701 0 0 -1073741824 -388075735 -7166314437 -573305273 2969839790
1925071417 1103949226 1 0 1 0 0 32768 14626199802 -536870912 1 536870912 -5555701701 13552457978 0 0 1073741824 821122191 15163070714 1213045908 -444456136
0 0 1 0 0 0 0 32768 14626199802 -536870912 1 536870912 -5555701701 13552457978 0 0 1073741824 821122191 15163070714 1213045908 -444456136
586014972 1183629859 1 0 1 0 0 -32768 -10498851774 536870912 1 0 13552457978 -9425109950 0 1 -1073741824 -597614887 -11035722686 -882857997 1084196639
0 0 1 0 0 0 0 -32768 -10498851774 536870912 1 0 13552457978 -9425109950 0 1 -1073741824 -597614887 -11035722686 -882857997 1084196639
-1759099528 -1044544980 1 0 1 0 0 -32768 -13195162984 0 1 -301604460 -9425109950 -12121421160 0 0 -1073741824 -714554548 -13195162984 -1055613257 -754008797
0 0 1 0 0 0 0 -32768 -13195162984 0 1 -301604460 -9425109950 -12121421160 0 0 -1073741824 -714554548 -13195162984 -1055613257 -754008797
651015526 -650686888 1 0 1 0 0 32768 23735994289 -301604460 1 536870912 -12121421160 22662252465 0 0 1073741824 1301702414 24037598749 1923008297 -969713694
0 0 1 0 0 0 0 32768 23735994289 -301604460 1 536870912 -12121421160 22662252465 0 0 1073741824 1301702414 24037598749 1923008297 -969713694
1028915473 238676102 1 0 1 0 0 32768 15129650884 536870912 1 -108686648 22662252465 14055909060 0 0 1073741824 790239371 14592779972 1167422639 1812980199
0 0 1 0 0 0 0 32768 15129650884 536870912 1 -108686648 22662252465 14055909060 0 0 1073741824 790239371 14592779972 1167422639 1812980199
408228597 440047045 1 0 1 0 0 -21248 -696254957 -108686648 0 0 14055909060 0 0 1 -696254957 -31818448 -587568309 -47005474 1124472726
0 0 1 0 0 0 0 -21248 -696254957 -108686648 0 0 14055909060 0 0 1 -696254957 -31818448 -587568309 -47005474 1124472726
882948678 842053229 1 0 1 0 0 23046 755186733 0 0 60414951 0 0 0 0 755186733 40895449 755186733 60414951 0
0 0 1 0 0 0 0 23046 755186733 0 0 60414951 0 0 0 0 755186733 40895449 755186733 60414951 0
-1224141841 -1230181383 1 0 1 0 1 0 171942813 60414951 0 0 0 0 1 1 171942813 6039542 111527862 8922231 0
0 0 1 0 0 0 0 0 171942813 60414951 0 0 0 0 1 1 171942813 6039542 111527862 8922231 0
761990665 -1251242356 1 0 1 1 0 0 37176920798 0 1 0 0 36103178974 1 1 1073741824 2013233021 37176920798 2974154278 0
0 0 1 0 0 0 0 0 37176920798 0 1 0 0 36103178974 1 1 1073741824 2013233021 37176920798 2974154278 0
-1622974063 -1513317542 1 0 1 0 0 -32768 -2024947810 0 1 -536870912 36103178974 -951205986 0 0 -1073741824 -109656521 -2024947810 -161995858 2888254321
0 0 1 0 0 0 0 -32768 -2024947810 0 1 -536870912 36103178974 -951205986 0 0 -1073741824 -109656521 -2024947810 -161995858 2888254321
1619901457 -406701581 1 0 1 0 0 32768 36886944338 -536870912 1 536870912 -951205986 35813202514 0 0 1073741824 2026603038 37423815250 2993905838 -76096479
0 0 1 0 0 0 0 32768 36886944338 -536870912 1 536870912 -951205986 35813202514 0 0 1073741824 2026603038 37423815250 2993905838 -76096479
195480336 -1434874318 1 1 1 0 0 0 30643453316 536870912 1 0 35813202514 29569711492 1 1 1073741824 1630354654 30106582404 2408527090 2865056204
0 0 1 0 0 0 0 0 30643453316 536870912 1 0 35813202514 29569711492 1 1 1073741824 1630354654 30106582404 2408527090 2865056204
1186009062 -807391094 1 0 1 0 0 32768 36810681598 0 1 536870912 29569711492 35736939774 0 0 1073741824 1993400156 36810681598 2944855136 2365576922
0 0 1 0 0 0 0 32768 36810681598 0 1 536870912 29569711492 35736939774 0 0 1073741824 1993400156 36810681598 2944855136 2365576922
1136317381 230853409 0 0 1 0 0 0 17257420407 536870912 1 0 35736939774 16183678583 1 1 1073741824 905463972 16720549495 1337644236 2858955185
0 0 1 0 0 0 0 0 17257420407 536870912 1 0 35736939774 16183678583 1 1 1073741824 905463972 16720549495 1337644236 2858955185
-1308731762 2070154042 1 0 1 0 0 -32768 -62395444844 0 1 -536870912 16183678583 -61321703020 0 0 -1073741824 -3378885804 -62395444844 -4991636619 1294694288
0 0 1 0 0 0 0 -32768 -62395444844 0 1 -536870912 16183678583 -61321703020 0 0 -1073741824 -3378885804 -62395444844 -4991636619 1294694288
504256576 -1093848116 1 0 1 0 0 32768 28974174725 -536870912 1 536870912 -61321703020 27900432901 0 0 1073741824 1598104692 29511045637 2360884139 -4905736246
0 0 1 0 0 0 0 32768 28974174725 -536870912 1 536870912 -61321703020 27900432901 0 0 1073741824 1598104692 29511045637 2360884139 -4905736246
-653461697 -854844367 1 0 1 0 0 32768 4255659296 536870912 1 0 27900432901 3181917472 0 1 1073741824 201382670 3718788384 297503132 2232034634
0 0 1 0 0 0 0 32768 4255659296 536870912 1 0 27900432901 3181917472 0 1 1073741824 201382670 3718788384 297503132 2232034634
1729715521 598584357 1 0 1 0 0 32768 20887782615 0 1 536870912 3181917472 19814040791 0 0 1073741824 1131131164 20887782615 1671022954 254553398
0 0 1 0 0 0 0 32768 20887782615 0 1 536870912 3181917472 19814040791 0 0 1073741824 1131131164 20887782615 1671022954 254553398
-132342524 331063434 1 0 1 0 0 -32768 -8020512371 536870912 1 -536870912 19814040791 -6946770547 0 0 -1073741824 -463405958 -8557383283 -684590804 1585123265
0 0 1 0 0 0 0 -32768 -8020512371 536870912 1 -536870912 19814040791 -6946770547 0 0 -1073741824 -463405958 -8557383283 -684590804 1585123265
1824149285 271926821 1 0 1 0 0 32768 28126900744 -536870912 1 536870912 -6946770547 27053158920 0 0 1073741824 1552222464 28663771656 2293102206 -555741644
0 0 1 0 0 0 0 32768 28126900744 -536870912 1 536870912 -6946770547 27053158920 0 0 1073741824 1552222464 28663771656 2293102206 -555741644
-978018453 1082969901 1 0 1 0 0 -32768 -37521913145 536870912 1 -536870912 27053158920 -36448171321 0 0 -1073741824 -2060988354 -38058784057 -3044703354 2164252716
0 0 1 0 0 0 0 -32768 -37521913145 536870912 1 -536870912 27053158920 -36448171321 0 0 -1073741824 -2060988354 -38058784057 -3044703354 2164252716
-575439572 -1032989294 1 0 1 0 0 32768 7912369488 -536870912 1 0 -36448171321 6838627664 0 1 1073741824 457549722 8449240400 675939372 -2915853708
0 0 1 0 0 0 0 32768 7912369488 -536870912 1 0 -36448171321 6838627664 0 1 1073741824 457549722 8449240400 675939372 -2915853708
507042303 1712259712 1 0 1 0 0 -32768 -22255879817 0 1 0 6838627664 -21182137993 0 1 -1073741824 -1205217409 -22255879817 -1780470753 547090214
0 0 1 0 0 0 0 -32768 -22255879817 0 1 0 6838627664 -21182137993 0 1 -1073741824 -1205217409 -22255879817 -1780470753 547090214
-1699737792 -1238953421 1 0 1 0 0 -32768 -8508972328 0 1 536870912 -21182137993 -7435230504 0 0 -1073741824 -460784371 -8508972328 -680717927 -1694571041
0 0 1 0 0 0 0 -32768 -8508972328 0 1 536870912 -21182137993 -7435230504 0 0 -1073741824 -460784371 -8508972328 -680717927 -1694571041
880764426 1739882104 1 0 1 0 0 -32768 -15327835030 536870912 1 0 -7435230504 -14254093206 0 1 -1073741824 -859117678 -15864705942 -1269176738 -594818441
0 0 1 0 0 0 0 -32768 -15327835030 536870912 1 0 -7435230504 -14254093206 0 1 -1073741824 -859117678 -15864705942 -1269176738 -594818441
-2090996904 1646437536 1 0 1 0 0 -32768 -69016503661 0 1 -536870912 -14254093206 -67942761837 0 0 -1073741824 -3737434440 -69016503661 -5521321433 -1140327458
0 0 1 0 0 0 0 -32768 -69016503661 0 1 -536870912 -14254093206 -67942761837 0 0 -1073741824 -3737434440 -69016503661 -5521321433 -1140327458
1144687554 -2116086422 1 0 1 0 0 32768 59677488072 -536870912 1 536870912 -67942761837 58603746248 0 0 1073741824 3260773976 60214358984 4817149714 -5435420952
0 0 1 0 0 0 0 32768 59677488072 -536870912 1 536870912 -67942761837 58603746248 0 0 1073741824 3260773976 60214358984 4817149714 -5435420952
1657056640 628797553 1 0 1 0 0 32768 19524989147 536870912 1 -536870912 58603746248 18451247323 0 0 1073741824 1028259087 18988118235 1519049773 4688299704
0 0 1 0 0 0 0 32768 19524989147 536870912 1 -536870912 58603746248 18451247323 0 0 1073741824 1028259087 18988118235 1519049773 4688299704
-1217289855 -44212869 1 0 1 0 0 -32768 -22199236740 -536870912 1 -536870912 18451247323 -21125494916 0 0 -1073741824 -1173076986 -21662365828 -1732989624 1476099787
0 0 1 0 0 0 0 -32768 -22199236740 -536870912 1 -536870912 18451247323 -21125494916 0 0 -1073741824 -1173076986 -21662365828 -1732989624 1476099787
-446183449 411993657 1 0 1 0 0 -32768 -16384207990 -536870912 1 -114618545 -21125494916 -15310466166 0 0 -1073741824 -858177106 -15847337078 -1267787228 -1690039595
0 0 1 0 0 0 0 -32768 -16384207990 -536870912 1 -114618545 -21125494916 -15310466166 0 0 -1073741824 -858177106 -15847337078 -1267787228 -1690039595
920164607 1947954367 1 0 1 0 0 -32768 -19094070057 -114618545 1 0 -15310466166 -18020328233 0 1 -1073741824 -1027789760 -18979451512 -1518356435 -1224837294
0 0 1 0 0 0 0 -32768 -19094070057 -114618545 1 0 -15310466166 -18020328233 0 1 -1073741824 -1027789760 -18979451512 -1518356435 -1224837294
954100754 -1132181118 1 0 1 0 0 32768 38525861194 0 1 536870912 -18020328233 37452119370 0 0 1073741824 2086281872 38525861194 3082069532 -1441626260
0 0 1 0 0 0 0 32768 38525861194 0 1 536870912 -18020328233 37452119370 0 0 1073741824 2086281872 38525861194 3082069532 -1441626260
-88828953 -429576112 1 0 1 0 0 32768 6829202704 536870912 1 0 37452119370 5755460880 0 1 1073741824 340747159 6292331792 503386647 2996169552
0 0 1 0 0 0 0 32768 6829202704 536870912 1 0 37452119370 5755460880 0 1 1073741824 340747159 6292331792 503386647 2996169552
451206081 -968024234 1 0 1 0 0 32768 26207901651 0 1 536870912 5755460880 25134159827 0 0 1073741824 1419230315 26207901651 2096632565 460436871
0 0 1 0 0 0 0 32768 26207901651 0 1 536870912 5755460880 25134159827 0 0 1073741824 1419230315 26207901651 2096632565 460436871
-63537119 -59214555 1 0 1 0 0 13948 457049243 536870912 0 -536870912 25134159827 0 0 0 457049243 -4322564 -79821669 -6385735 2010732788
0 0 1 0 0 0 0 13948 457049243 536870912 0 -536870912 25134159827 0 0 0 457049243 -4322564 -79821669 -6385735 2010732788
1741322824 1516990922 1 0 1 0 0 32768 3605704372 -536870912 1 -205464821 0 2531962548 0 0 1073741824 224331902 4142575284 331406091 0
0 0 1 0 0 0 0 32768 3605704372 -536870912 1 -205464821 0 2531962548 0 0 1073741824 224331902 4142575284 331406091 0
710120272 -1482658787 0 0 1 0 0 0 40287003042 -205464821 1 0 2531962548 39213261218 1 1 1073741824 2192779059 40492467863 3239398098 202557004
0 0 1 0 0 0 0 0 40287003042 -205464821 1 0 2531962548 39213261218 1 1 1073741824 2192779059 40492467863 3239398098 202557004
486887365 2140380774 1 0 1 0 0 -32768 -30533869088 0 1 0 39213261218 -29460127264 0 1 -1073741824 -1653493409 -30533869088 -2442710032 3137060900
0 0 1 0 0 0 0 -32768 -30533869088 0 1 0 39213261218 -29460127264 0 1 -1073741824 -1653493409 -30533869088 -2442710032 3137060900
-1144516458 969418020 1 0 1 0 0 -32768 -39036501906 0 1 -536870912 -29460127264 -37962760082 0 0 -1073741824 -2113934478 -39036501906 -3122920798 -2356810183
0 0 1 0 0 0 0 -32768 -39036501906 0 1 -536870912 -29460127264 -37962760082 0 0 -1073741824 -2113934478 -39036501906 -3122920798 -2356810183
1230500766 970494070 1 0 1 0 0 32768 4264485038 -536870912 1 536870912 -37962760082 3190743214 0 0 1073741824 260006696 4801355950 384108555 -3037020809
0 0 1 0 0 0 0 32768 4264485038 -536870912 1 536870912 -37962760082 3190743214 0 0 1073741824 260006696 4801355950 384108555 -3037020809
-243515896 236947289 1 0 1 0 0 -32768 -8335495868 536870912 1 -428178034 3190743214 -7261754044 0 0 -1073741824 -480463185 -8872366780 -709789489 255259457
0 0 1 0 0 0 0 -32768 -8335495868 536870912 1 -428178034 3190743214 -7261754044 0 0 -1073741824 -480463185 -8872366780 -709789489 255259457
-567142348 -730145425 1 0 1 0 0 32768 2581882113 -428178034 1 0 -7261754044 1508140289 0 1 1073741824 163003077 3010060147 240804862 -580940324
0 0 1 0 0 0 0 32768 2581882113 -428178034 1 0 -7261754044 1508140289 0 1 1073741824 163003077 3010060147 240804862 -580940324
1025922793 1001928518 1 1 1 0 0 0 443084954 0 0 0 1508140289 0 1 1 443084954 23994275 443084954 35446804 120651223
0 0 1 0 0 0 0 0 443084954 0 0 0 1508140289 0 1 1 443084954 23994275 443084954 35446804 120651223
-2042980074 1648055500 1 0 1 0 0 -32768 -68159689299 0 1 -536870912 0 -67085947475 0 0 -1073741824 -3691035574 -68159689299 -5452776270 0
0 0 1 0 0 0 0 -32768 -68159689299 0 1 -536870912 0 -67085947475 0 0 -1073741824 -3691035574 -68159689299 -5452776270 0
-1047663481 1622184808 1 0 1 0 0 -32768 -49839031838 -536870912 1 536870912 -67085947475 -48765290014 0 0 -1073741824 -2669848289 -49302160926 -3944173689 -5366875803
0 0 1 0 0 0 0 -32768 -49839031838 -536870912 1 536870912 -67085947475 -48765290014 0 0 -1073741824 -2669848289 -49302160926 -3944173689 -5366875803
1671588347 1472596957 1 0 1 0 0 32768 4211501255 536870912 1 536870912 -48765290014 3137759431 0 0 1073741824 198991390 3674630343 293970488 -3901223205
0 0 1 0 0 0 0 32768 4211501255 536870912 1 536870912 -48765290014 3137759431 0 0 1073741824 198991390 3674630343 293970488 -3901223205
604255899 -397349106 1 0 1 0 0 32768 19032787457 536870912 1 536870912 3137759431 17959045633 0 0 1073741824 1001605005 18495916545 1479673629 251020755
0 0 1 0 0 0 0 32768 19032787457 536870912 1 536870912 3137759431 17959045633 0 0 1073741824 1001605005 18495916545 1479673629 251020755
1740924504 1519807734 1 0 1 0 0 32768 4620074674 536870912 1 -536870912 17959045633 3546332850 0 0 1073741824 221116770 4083203762 326656368 1436723652
0 0 1 0 0 0 0 32768 4620074674 536870912 1 -536870912 17959045633 3546332850 0 0 1073741824 221116770 4083203762 326656368 1436723652
963410837 -395972390 1 0 1 0 0 32768 24565877770 -536870912 1 536870912 3546332850 23492135946 0 0 1073741824 1359383227 25102748682 2008220309 283706628
0 0 1 0 0 0 0 32768 24565877770 -536870912 1 536870912 3546332850 23492135946 0 0 1073741824 1359383227 25102748682 2008220309 283706628
2074098517 1735015431 1 0 1 0 0 32768 6798473469 536870912 1 -536870912 23492135946 5724731645 0 0 1073741824 339083086 6261602557 500928308 1879370877
0 0 1 0 0 0 0 32768 6798473469 536870912 1 -536870912 23492135946 5724731645 0 0 1073741824 339083086 6261602557 500928308 1879370877
-1775062796 1301834177 1 0 1 0 0 -32768 -57355706027 -536870912 1 -536870912 5724731645 -56281964203 0 0 -1073741824 -3076896973 -56818835115 -4545507748 457978532
0 0 1 0 0 0 0 -32768 -57355706027 -536870912 1 -536870912 5724731645 -56281964203 0 0 -1073741824 -3076896973 -56818835115 -4545507748 457978532
2067162930 -1504342409 1 0 1 0 0 32768 65415539829 -536870912 1 536870912 -56281964203 64341798005 0 0 1073741824 3571505339 65952410741 5276193949 -4502557140
0 0 1 0 0 0 0 32768 65415539829 -536870912 1 536870912 -56281964203 64341798005 0 0 1073741824 3571505339 65952410741 5276193949 -4502557140
-1560276292 892641813 1 0 1 0 0 -32768 -44759396913 536870912 1 -536870912 64341798005 -43685655089 0 0 -1073741824 -2452918105 -45296267825 -3623702175 5147343845
0 0 1 0 0 0 0 -32768 -44759396913 536870912 1 -536870912 64341798005 -43685655089 0 0 -1073741824 -2452918105 -45296267825 -3623702175 5147343845
-23313436 118518089 1 0 1 0 0 -32768 -3155971293 -536870912 1 536870912 -43685655089 -2082229469 0 0 -1073741824 -141831525 -2619100381 -209528074 -3494852410
0 0 1 0 0 0 0 -32768 -3155971293 -536870912 1 536870912 -43685655089 -2082229469 0 0 -1073741824 -141831525 -2619100381 -209528074 -3494852410
2033429914 412704780 1 0 1 0 0 32768 30465631921 536870912 1 536870912 -2082229469 29391890097 0 0 1073741824 1620725134 29928761009 2394301375 -166578358
0 0 1 0 0 0 0 32768 30465631921 536870912 1 536870912 -2082229469 29391890097 0 0 1073741824 1620725134 29928761009 2394301375 -166578358
-1403144913 -521936003 1 0 1 0 0 -32768 -15735777863 536870912 1 -536870912 29391890097 -14662036039 0 0 -1073741824 -881208910 -16272648775 -1301812171 2351351210
0 0 1 0 0 0 0 -32768 -15735777863 536870912 1 -536870912 29391890097 -14662036039 0 0 -1073741824 -881208910 -16272648775 -1301812171 2351351210
-1716036659 -56619340 1 0 1 0 0 -32768 -31180132569 -536870912 1 -536870912 -14662036039 -30106390745 0 0 -1073741824 -1659417319 -30643261657 -2451461439 -1172962884
0 0 1 0 0 0 0 -32768 -31180132569 -536870912 1 -536870912 -14662036039 -30106390745 0 0 -1073741824 -1659417319 -30643261657 -2451461439 -1172962884
1072567085 1026401689 1 0 1 0 0 9632 315632128 -536870912 0 536870912 -30106390745 0 0 0 315632128 46165396 852503040 68200257 -2408511262
0 0 1 0 0 0 0 9632 315632128 -536870912 0 536870912 -30106390745 0 0 0 315632128 46165396 852503040 68200257 -2408511262
1509725484 1829108709 1 0 1 0 0 -32768 -5360948534 536870912 1 0 0 -4287206710 0 1 -1073741824 -319383225 -5897819446 -471825653 0
0 0 1 0 0 0 0 -32768 -5360948534 536870912 1 0 0 -4287206710 0 1 -1073741824 -319383225 -5897819446 -471825653 0
887416601 -2101058146 0 0 1 0 0 0 55186005702 0 1 0 -4287206710 54112263878 1 1 1073741824 2988474747 55186005702 4414881368 -342976537
0 0 1 0 0 0 0 0 55186005702 0 1 0 -4287206710 54112263878 1 1 1073741824 2988474747 55186005702 4414881368 -342976537
-565524541 1574706376 1 0 1 0 0 -32768 -39522099261 0 1 -536870912 54112263878 -38448357437 0 0 -1073741824 -2140230917 -39522099261 -3161768594 4328981114
0 0 1 0 0 0 0 -32768 -39522099261 0 1 -536870912 54112263878 -38448357437 0 0 -1073741824 -2140230917 -39522099261 -3161768594 4328981114
-216973449 -602649971 1 0 1 0 0 32768 6585138991 -536870912 1 0 -38448357437 5511397167 0 1 1073741824 385676522 7122009903 569760910 -3075868598
0 0 1 0 0 0 0 32768 6585138991 -536870912 1 0 -38448357437 5511397167 0 1 1073741824 385676522 7122009903 569760910 -3075868598
841708530 -33204875 1 0 1 0 0 32768 16156394229 0 1 536870912 5511397167 15082652405 0 0 1073741824 874913405 16156394229 1292511805 440911774
0 0 1 0 0 0 0 32768 16156394229 0 1 536870912 5511397167 15082652405 0 0 1073741824 874913405 16156394229 1292511805 440911774
288531210 1907378835 1 0 1 0 0 -32768 -29357219494 536870912 1 0 15082652405 -28283477670 0 1 -1073741824 -1618847625 -29894090406 -2391527727 1206612194
0 0 1 0 0 0 0 -32768 -29357219494 536870912 1 0 15082652405 -28283477670 0 1 -1073741824 -1618847625 -29894090406 -2391527727 1206612194
714297367 1997946726 1 0 1 0 0 -32768 -23704226016 0 1 0 -28283477670 -22630484192 0 1 -1073741824 -1283649359 -23704226016 -1896338473 -2262678216
0 0 1 0 0 0 0 -32768 -23704226016 0 1 0 -28283477670 -22630484192 0 1 -1073741824 -1283649359 -23704226016 -1896338473 -2262678216
1670979440 293026408 1 0 1 0 0 32768 25445663865 0 1 536870912 -22630484192 24371922041 0 0 1073741824 1377953032 25445663865 2035653530 -1810438737
0 0 1 0 0 0 0 32768 25445663865 0 1 536870912 -22630484192 24371922041 0 0 1073741824 1377953032 25445663865 2035653530 -1810438737
-1221452357 859396440 1 0 1 0 0 -32768 -37888661608 536870912 1 -536870912 24371922041 -36814919784 0 0 -1073741824 -2080848797 -38425532520 -3074043237 1949753765
0 0 1 0 0 0 0 -32768 -37888661608 536870912 1 -536870912 24371922041 -36814919784 0 0 -1073741824 -2080848797 -38425532520 -3074043237 1949753765
1731472056 1306205589 1 0 1 0 0 32768 7316217924 -536870912 1 536870912 -36814919784 6242476100 0 0 1073741824 425266467 7853088836 628247237 -2945193585
0 0 1 0 0 0 0 32768 7316217924 -536870912 1 536870912 -36814919784 6242476100 0 0 1073741824 425266467 7853088836 628247237 -2945193585
-1136999528 470993229 1 0 1 0 0 -32768 -29156770483 536870912 1 -536870912 6242476100 -28083028659 0 0 -1073741824 -1607992757 -29693641395 -2375491802 499398088
0 0 1 0 0 0 0 -32768 -29156770483 536870912 1 -536870912 6242476100 -28083028659 0 0 -1073741824 -1607992757 -29693641395 -2375491802 499398088
-966707748 -1221308136 1 0 1 0 0 32768 4164650651 -536870912 1 0 -28083028659 3090908827 0 1 1073741824 254600388 4701521563 376121803 -2246642295
0 0 1 0 0 0 0 32768 4164650651 -536870912 1 0 -28083028659 3090908827 0 1 1073741824 254600388 4701521563 376121803 -2246642295
1025890235 1758332363 1 0 1 0 0 -32768 -13525480010 0 1 0 3090908827 -12451738186 0 1 -1073741824 -732442128 -13525480010 -1082038624 247272706
0 0 1 0 0 0 0 -32768 -13525480010 0 1 0 3090908827 -12451738186 0 1 -1073741824 -732442128 -13525480010 -1082038624 247272706
-860393096 1816024395 1 0 1 0 0 -32768 -49423469637 0 1 -536870912 -12451738186 -48349727813 0 0 -1073741824 -2676417491 -49423469637 -3953878388 -996139056
0 0 1 0 0 0 0 -32768 -49423469637 0 1 -536870912 -12451738186 -48349727813 0 0 -1073741824 -2676417491 -49423469637 -3953878388 -996139056
-2068884316 1266218448 1 0 1 0 0 -32768 -62123805965 -536870912 1 -536870912 -48349727813 -61050064141 0 0 -1073741824 -3335102764 -61586935053 -4926955822 -3867978229
0 0 1 0 0 0 0 -32768 -62123805965 -536870912 1 -536870912 -48349727813 -61050064141 0 0 -1073741824 -3335102764 -61586935053 -4926955822 -3867978229
1754980319 1016705198 1 1 1 0 0 0 13096322769 -536870912 1 0 -61050064141 12022580945 1 1 1073741824 738275121 13633193681 1090655720 -4884005136
0 0 1 0 0 0 0 0 13096322769 -536870912 1 0 -61050064141 12022580945 1 1 1073741824 738275121 13633193681 1090655720 -4884005136
1855154724 1623044603 1 0 1 0 0 32768 4286210039 0 1 -536870912 12022580945 3212468215 0 0 1073741824 232110121 4286210039 342896874 961806476
0 0 1 0 0 0 0 32768 4286210039 0 1 -536870912 12022580945 3212468215 0 0 1073741824 232110121 4286210039 342896874 961806476
-1900062441 279223114 1 0 1 1 0 0 -40780163978 -536870912 1 0 3212468215 -39706422154 1 1 -1073741824 -2179285555 -40243293066 -3219464110 256997457
0 0 1 0 0 0 0 0 -40780163978 -536870912 1 0 3212468215 -39706422154 1 1 -1073741824 -2179285555 -40243293066 -3219464110 256997457
1192780484 2055477107 1 0 1 0 0 -32768 -15930795736 0 1 0 -39706422154 -14857053912 0 1 -1073741824 -862696623 -15930795736 -1274463922 -3176513775
0 0 1 0 0 0 0 -32768 -15930795736 0 1 0 -39706422154 -14857053912 0 1 -1073741824 -862696623 -15930795736 -1274463922 -3176513775
1283034139 -1944367353 1 0 1 0 0 32768 59598093415 0 1 536870912 -14857053912 58524351591 0 0 1073741824 3227401492 59598093415 4767848458 -1188564314
0 0 1 0 0 0 0 32768 59598093415 0 1 536870912 -14857053912 58524351591 0 0 1073741824 3227401492 59598093415 4767848458 -1188564314
66432961 1852307852 1 0 1 0 1 0 -32441591434 536870912 1 0 58524351591 -31367849610 1 1 -1073741824 -1785874891 -32978462346 -2638277533 4681948132
0 0 1 0 0 0 0 0 -32441591434 536870912 1 0 58524351591 -31367849610 1 1 -1073741824 -1785874891 -32978462346 -2638277533 4681948132
2128456500 -1791990832 1 0 1 0 0 32768 72396070616 0 1 536870912 -31367849610 71322328792 0 0 1073741824 3920447332 72396070616 5791686846 -2509427971
0 0 1 0 0 0 0 32768 72396070616 0 1 536870912 -31367849610 71322328792 0 0 1073741824 3920447332 72396070616 5791686846 -2509427971
260347824 -1597639458 1 0 1 0 0 32768 34846980723 536870912 1 -536870912 71322328792 33773238899 0 0 1073741824 1857987282 34310109811 2744809352 5705786309
0 0 1 0 0 0 0 32768 34846980723 536870912 1 -536870912 71322328792 33773238899 0 0 1073741824 1857987282 34310109811 2744809352 5705786309
-1336250608 -1023094791 1 0 1 0 0 -32768 -6319693310 -536870912 1 -536870912 33773238899 -5245951486 0 0 -1073741824 -313155817 -5782822398 -462625887 2701859114
0 0 1 0 0 0 0 -32768 -6319693310 -536870912 1 -536870912 33773238899 -5245951486 0 0 -1073741824 -313155817 -5782822398 -462625887 2701859114
-1412563287 1133666695 0 0 1 0 0 0 -47556261805 -536870912 1 0 -5245951486 -46482519981 1 1 -1073741824 -2546229982 -47019390893 -3761552049 -419676119
0 0 1 0 0 0 0 0 -47556261805 -536870912 1 0 -5245951486 -46482519981 1 1 -1073741824 -2546229982 -47019390893 -3761552049 -419676119
2139165335 -1530880559 1 0 1 0 0 32768 67772088031 0 1 536870912 -46482519981 66698346207 0 0 1073741824 3670045894 67772088031 5421768162 -3718601602
0 0 1 0 0 0 0 32768 67772088031 0 1 536870912 -46482519981 66698346207 0 0 1073741824 3670045894 67772088031 5421768162 -3718601602
712491617 -1388519090 1 0 1 0 0 32768 39334718868 536870912 1 -536870912 66698346207 38260977044 0 0 1073741824 2101010707 38797847956 3103828478 5335867702
0 0 1 0 0 0 0 32768 39334718868 536870912 1 -536870912 66698346207 38260977044 0 0 1073741824 2101010707 38797847956 3103828478 5335867702
-523415857 -299251726 1 0 1 0 0 -32768 -4676348090 -536870912 1 -536870912 38260977044 -3602606266 0 0 -1073741824 -224164131 -4139477178 -331158243 3060878166
0 0 1 0 0 0 0 -32768 -4676348090 -536870912 1 -536870912 38260977044 -3602606266 0 0 -1073741824 -224164131 -4139477178 -331158243 3060878166
-116195266 564409794 1 0 1 0 0 -32768 -13105113210 -536870912 1 -536870912 -3602606266 -12031371386 0 0 -1073741824 -680605060 -12568242298 -1005459592 -288208502
0 0 1 0 0 0 0 -32768 -13105113210 -536870912 1 -536870912 -3602606266 -12031371386 0 0 -1073741824 -680605060 -12568242298 -1005459592 -288208502
2023031432 -2132660052 1 0 1 0 0 32768 76203283630 -536870912 1 536870912 -12031371386 75129541806 0 0 1073741824 4155691484 76740154542 6139213632 -962509712
0 0 1 0 0 0 0 32768 76203283630 -536870912 1 536870912 -12031371386 75129541806 0 0 1073741824 4155691484 76740154542 6139213632 -962509712
-1068565448 -2055272678 1 0 1 0 0 32768 18757681001 536870912 1 0 75129541806 17683939177 0 1 1073741824 986707230 18220810089 1457665108 6010363350
0 0 1 0 0 0 0 32768 18757681001 536870912 1 0 75129541806 17683939177 0 1 1073741824 986707230 18220810089 1457665108 6010363350
-2102161614 411355125 1 0 1 0 0 -32768 -46415299051 0 1 -536870912 17683939177 -45341557227 0 0 -1073741824 -2513516739 -46415299051 -3713224691 1414715135
0 0 1 0 0 0 0 -32768 -46415299051 0 1 -536870912 17683939177 -45341557227 0 0 -1073741824 -2513516739 -46415299051 -3713224691 1414715135
644900636 1569823562 1 0 1 0 0 -32768 -17616754863 -536870912 1 0 -45341557227 -16543013039 0 1 -1073741824 -924922926 -17079883951 -1366390998 -3627324582
0 0 1 0 0 0 0 -32768 -17616754863 -536870912 1 0 -45341557227 -16543013039 0 1 -1073741824 -924922926 -17079883951 -1366390998 -3627324582
1358010504 1513895005 1 0 1 0 0 -32768 -2878606543 0 1 0 -16543013039 -1804864719 0 1 -1073741824 -155884501 -2878606543 -230288571 -1323441044
0 0 1 0 0 0 0 -32768 -2878606543 0 1 0 -16543013039 -1804864719 0 1 -1073741824 -155884501 -2878606543 -230288571 -1323441044
1209929904 -63032754 1 0 1 0 0 32768 23506882423 0 1 536870912 -1804864719 22433140599 0 0 1073741824 1272962658 23506882423 1880550982 -144389178
0 0 1 0 0 0 0 32768 23506882423 0 1 536870912 -1804864719 22433140599 0 0 1073741824 1272962658 23506882423 1880550982 -144389178
-1408419512 1442866979 1 0 1 0 0 -32768 -52115778306 536870912 1 -536870912 22433140599 -51042036482 0 0 -1073741824 -2851286491 -52652649218 -4212212808 1794651250
0 0 1 0 0 0 0 -32768 -52115778306 536870912 1 -536870912 22433140599 -51042036482 0 0 -1073741824 -2851286491 -52652649218 -4212212808 1794651250
48569891 728266512 1 0 1 0 0 -32768 -13088337723 -536870912 1 0 -51042036482 -12014595899 0 1 -1073741824 -679696621 -12551466811 -1004117552 -4083362922
0 0 1 0 0 0 0 -32768 -13088337723 -536870912 1 0 -51042036482 -12014595899 0 1 -1073741824 -679696621 -12551466811 -1004117552 -4083362922
1944449046 770392618 1 0 1 0 0 32768 21680452477 0 1 536870912 -12014595899 20606710653 0 0 1073741824 1174056428 21680452477 1734436556 -961167673
0 0 1 0 0 0 0 32768 21680452477 0 1 536870912 -12014595899 20606710653 0 0 1073741824 1174056428 21680452477 1734436556 -961167673
1959665024 -1416152853 1 0 1 0 0 32768 62875662563 536870912 1 536870912 20606710653 61801920739 0 0 1073741824 3375817877 62338791651 4987104362 1648536854
0 0 1 0 0 0 0 32768 62875662563 536870912 1 536870912 20606710653 61801920739 0 0 1073741824 3375817877 62338791651 4987104362 1648536854
336366717 1016319190 1 0 1 0 0 -32768 -12019320533 536870912 1 0 61801920739 -10945578709 0 1 -1073741824 -679952473 -12556191445 -1004495523 4944153664
0 0 1 0 0 0 0 -32768 -12019320533 536870912 1 0 61801920739 -10945578709 0 1 -1073741824 -679952473 -12556191445 -1004495523 4944153664
1109571950 -469756736 1 0 1 0 0 32768 29164322689 0 1 536870912 -10945578709 28090580865 0 0 1073741824 1579328686 29164322689 2333146297 -875646298
0 0 1 0 0 0 0 32768 29164322689 0 1 536870912 -10945578709 28090580865 0 0 1073741824 1579328686 29164322689 2333146297 -875646298
-717434023 -503741049 1 0 1 0 0 -32768 -3409242969 536870912 1 -536870912 28090580865 -2335501145 0 0 -1073741824 -213692974 -3946113881 -315689176 2247246471
0 0 1 0 0 0 0 -32768 -3409242969 536870912 1 -536870912 28090580865 -2335501145 0 0 -1073741824 -213692974 -3946113881 -315689176 2247246471
564620858 -912095137 1 0 1 0 0 32768 26732577291 -536870912 1 536870912 -2335501145 25658835467 0 0 1073741824 1476715995 27269448203 2181556307 -186840092
0 0 1 0 0 0 0 32768 26732577291 -536870912 1 536870912 -2335501145 25658835467 0 0 1073741824 1476715995 27269448203 2181556307 -186840092
1343874267 1912611416 1 0 1 0 0 -32768 -9965587434 536870912 1 0 25658835467 -8891845610 0 1 -1073741824 -568737149 -10502458346 -840196841 2052706839
0 0 1 0 0 0 0 -32768 -9965587434 536870912 1 0 25658835467 -8891845610 0 1 -1073741824 -568737149 -10502458346 -840196841 2052706839
1873066503 277828438 1 0 1 0 0 32768 29458109706 0 1 536870912 -8891845610 28384367882 0 0 1073741824 1595238065 29458109706 2356649263 -711347649
0 0 1 0 0 0 0 32768 29458109706 0 1 536870912 -8891845610 28384367882 0 0 1073741824 1595238065 29458109706 2356649263 -711347649
1109312432 -935899219 1 0 1 0 0 32768 38304317984 536870912 1 536870912 28384367882 37230576160 0 0 1073741824 2045211651 37767447072 3021396390 2270749433
0 0 1 0 0 0 0 32768 38304317984 536870912 1 536870912 28384367882 37230576160 0 0 1073741824 2045211651 37767447072 3021396390 2270749433
-1810090899 352243193 1 1 1 0 0 0 -39393391724 536870912 1 0 37230576160 -38319649900 1 1 -1073741824 -2162334092 -39930262636 -3194421671 2978446096
0 0 1 0 0 0 0 0 -39393391724 536870912 1 0 37230576160 -38319649900 1 1 -1073741824 -2162334092 -39930262636 -3194421671 2978446096
448675430 1902732572 0 0 1 0 0 0 -26851023523 0 1 0 -38319649900 -25777281699 1 1 -1073741824 -1454057142 -26851023523 -2148082326 -3065571995
0 0 1 0 0 0 0 0 -26851023523 0 1 0 -38319649900 -25777281699 1 1 -1073741824 -1454057142 -26851023523 -2148082326 -3065571995
968502261 -1862508183 1 0 1 0 0 32768 52278226095 0 1 536870912 -25777281699 51204484271 0 0 1073741824 2831010444 52278226095 4182258952 -2062182538
0 0 1 0 0 0 0 32768 52278226095 0 1 536870912 -25777281699 51204484271 0 0 1073741824 2831010444 52278226095 4182258952 -2062182538
64359582 943075113 1 0 1 0 0 -32768 -15689734433 536870912 1 0 51204484271 -14615992609 0 1 -1073741824 -878715531 -16226605345 -1298128696 4096358745
0 0 1 0 0 0 0 -32768 -15689734433 536870912 1 0 51204484271 -14615992609 0 1 -1073741824 -878715531 -16226605345 -1298128696 4096358745
-248675379 1156349599 1 0 1 0 0 -32768 -25945581948 0 1 -536870912 -14615992609 -24871840124 0 0 -1073741824 -1405024978 -25945581948 -2075646985 -1169279410
0 0 1 0 0 0 0 -32768 -25945581948 0 1 -536870912 -14615992609 -24871840124 0 0 -1073741824 -1405024978 -25945581948 -2075646985 -1169279410
-1784851486 -1048831520 1 0 1 0 0 -32768 -14128420274 -536870912 1 365552126 -24871840124 -13054678450 0 0 -1073741824 -736019966 -13591549362 -1087324174 -1989747212
0 0 1 0 0 0 0 -32768 -14128420274 -536870912 1 365552126 -24871840124 -13054678450 0 0 -1073741824 -736019966 -13591549362 -1087324174 -1989747212
58190253 1912086550 1 0 1 0 0 -32768 -33869012419 365552126 1 0 -13054678450 -32795270595 0 1 -1073741824 -1853896297 -34234564545 -2738765729 -1044374277
0 0 1 0 0 0 0 -32768 -33869012419 365552126 1 0 -13054678450 -32795270595 0 1 -1073741824 -1853896297 -34234564545 -2738765729 -1044374277
-966025788 982717942 1 0 1 0 0 -32768 -35986043617 0 1 -255262434 -32795270595 -34912301793 0 0 -1073741824 -1948743730 -35986043617 -2878884084 -2623621650
0 0 1 0 0 0 0 -32768 -35986043617 0 1 -255262434 -32795270595 -34912301793 0 0 -1073741824 -1948743730 -35986043617 -2878884084 -2623621650
-114900972 -1739239275 1 0 1 0 0 32768 29740220359 -255262434 1 0 -34912301793 28666478535 0 1 1073741824 1624338303 29995482793 2399639119 -2792984146
0 0 1 0 0 0 0 32768 29740220359 -255262434 1 0 -34912301793 28666478535 0 1 1073741824 1624338303 29995482793 2399639119 -2792984146
1924125076 -1725366297 1 0 1 0 0 32768 67392522530 0 1 536870912 28666478535 66318780706 0 0 1073741824 3649491373 67392522530 5391402916 2293318285
0 0 1 0 0 0 0 32768 67392522530 0 1 536870912 28666478535 66318780706 0 0 1073741824 3649491373 67392522530 5391402916 2293318285
993900012 -2031228479 1 0 1 0 0 32768 56399734843 536870912 1 -299601511 66318780706 55325993019 0 0 1073741824 3025128491 55862863931 4469030038 5305502461
0 0 1 0 0 0 0 32768 56399734843 536870912 1 -299601511 66318780706 55325993019 0 0 1073741824 3025128491 55862863931 4469030038 5305502461
-1561482215 1408052534 1 0 1 0 0 -32768 -55135855943 -299601511 1 -536870912 55325993019 -54062114119 0 0 -1073741824 -2969534749 -54836254432 -4386901261 4426079446
0 0 1 0 0 0 0 -32768 -55135855943 -299601511 1 -536870912 55325993019 -54062114119 0 0 -1073741824 -2969534749 -54836254432 -4386901261 4426079446
493465368 678745628 1 0 1 0 0 -32768 -3958307715 -536870912 1 0 -54062114119 -2884565891 0 1 -1073741824 -185280260 -3421436803 -273715001 -4324969134
0 0 1 0 0 0 0 -32768 -3958307715 -536870912 1 0 -54062114119 -2884565891 0 1 -1073741824 -185280260 -3421436803 -273715001 -4324969134
1290550022 170292115 1 0 1 0 0 32768 20686994028 0 1 536870912 -2884565891 19613252204 0 0 1073741824 1120257907 20686994028 1654959864 -230765271
0 0 1 0 0 0 0 32768 20686994028 0 1 536870912 -2884565891 19613252204 0 0 1073741824 1120257907 20686994028 1654959864 -230765271
-1761627084 -1516082732 1 0 1 0 0 -32768 -3997419372 536870912 1 -536870912 19613252204 -2923677548 0 0 -1073741824 -245544352 -4534290284 -362743298 1569060178
0 0 1 0 0 0 0 -32768 -3997419372 536870912 1 -536870912 19613252204 -2923677548 0 0 -1073741824 -245544352 -4534290284 -362743298 1569060178
-2073810737 856936985 1 0 1 0 0 -32768 -54656873318 -536870912 1 -536870912 -2923677548 -53583131494 0 0 -1073741824 -2930747722 -54120002406 -4329601087 -233894204
0 0 1 0 0 0 0 -32768 -54656873318 -536870912 1 -536870912 -2923677548 -53583131494 0 0 -1073741824 -2930747722 -54120002406 -4329601087 -233894204
1896379558 1559334782 1 0 1 0 0 32768 5687091646 -536870912 1 536870912 -53583131494 4613349822 0 0 1073741824 337044776 6223962558 497917107 -4286650524
0 0 1 0 0 0 0 32768 5687091646 -536870912 1 536870912 -53583131494 4613349822 0 0 1073741824 337044776 6223962558 497917107 -4286650524
27761182 -1852224404 1 0 1 0 0 32768 35253207522 536870912 1 536870912 4613349822 34179465698 0 0 1073741824 1879985586 34716336610 2777307503 369067986
0 0 1 0 0 0 0 32768 35253207522 536870912 1 536870912 4613349822 34179465698 0 0 1073741824 1879985586 34716336610 2777307503 369067986
-896149447 1738370317 1 0 1 0 0 -32768 -48112903647 536870912 1 -536870912 34179465698 -47039161823 0 0 -1073741824 -2634519764 -48649774559 -3891982769 2734357258
0 0 1 0 0 0 0 -32768 -48112903647 536870912 1 -536870912 34179465698 -47039161823 0 0 -1073741824 -2634519764 -48649774559 -3891982769 2734357258
-1308416350 350978661 1 0 1 0 0 -32768 -31179720623 -536870912 1 536870912 -47039161823 -30105978799 0 0 -1073741824 -1659395011 -30642849711 -2451428483 -3763132949
0 0 1 0 0 0 0 -32768 -31179720623 -536870912 1 536870912 -47039161823 -30105978799 0 0 -1073741824 -1659395011 -30642849711 -2451428483 -3763132949
1464793061 -708193545 1 0 1 0 0 32768 40663845834 536870912 1 536870912 -30105978799 39590104010 0 0 1073741824 2172986606 40126974922 3210158657 -2408478306
0 0 1 0 0 0 0 32768 40663845834 536870912 1 536870912 -30105978799 39590104010 0 0 1073741824 2172986606 40126974922 3210158657 -2408478306
-1476929158 -1106668339 1 0 1 0 0 -32768 -6300468332 536870912 1 -536870912 39590104010 -5226726508 0 0 -1073741824 -370260819 -6837339244 -546987253 3167208324
0 0 1 0 0 0 0 -32768 -6300468332 536870912 1 -536870912 39590104010 -5226726508 0 0 -1073741824 -370260819 -6837339244 -546987253 3167208324
-2080587839 660195696 1 0 1 0 0 -32768 -51148941816 -536870912 1 -536870912 -5226726508 -50075199992 0 0 -1073741824 -2740783535 -50612070904 -4048966509 -418138121
0 0 1 0 0 0 0 -32768 -51148941816 -536870912 1 -536870912 -5226726508 -50075199992 0 0 -1073741824 -2740783535 -50612070904 -4048966509 -418138121
72785578 552541911 1 0 1 0 0 -32768 -9396184766 -536870912 1 0 -50075199992 -8322442942 0 1 -1073741824 -479756333 -8859313854 -708745255 -4006016003
0 0 1 0 0 0 0 -32768 -9396184766 -536870912 1 0 -50075199992 -8322442942 0 1 -1073741824 -479756333 -8859313854 -708745255 -4006016003
1627205042 641475026 0 0 1 0 0 0 18202764583 0 1 0 -8322442942 17129022759 1 1 1073741824 985730016 18202764583 1456221467 -665795436
0 0 1 0 0 0 0 0 18202764583 0 1 0 -8322442942 17129022759 1 1 1073741824 985730016 18202764583 1456221467 -665795436
809799899 1442393354 1 0 1 0 0 -32768 -11681646649 0 1 0 17129022759 -10607904825 0 1 -1073741824 -632593455 -11681646649 -934531925 1370321822
0 0 1 0 0 0 0 -32768 -11681646649 0 1 0 17129022759 -10607904825 0 1 -1073741824 -632593455 -11681646649 -934531925 1370321822
-947656244 -1358495445 1 0 1 0 0 32768 7586670930 0 1 0 -10607904825 6512929106 0 1 1073741824 410839201 7586670930 606933800 -848632387
0 0 1 0 0 0 0 32768 7586670930 0 1 0 -10607904825 6512929106 0 1 1073741824 410839201 7586670930 606933800 -848632387
-1943435020 72672490 1 0 1 0 0 -32768 -37230001911 0 1 -536870912 6512929106 -36156260087 0 0 -1073741824 -2016107510 -37230001911 -2978400768 521034329
0 0 1 0 0 0 0 -32768 -37230001911 0 1 -536870912 6512929106 -36156260087 0 0 -1073741824 -2016107510 -37230001911 -2978400768 521034329
62234293 1169552289 1 0 1 0 0 -32768 -20984912945 -536870912 1 0 -36156260087 -19911171121 0 1 -1073741824 -1107317996 -20448042033 -1635843701 -2892500810
0 0 1 0 0 0 0 -32768 -20984912945 -536870912 1 0 -36156260087 -19911171121 0 1 -1073741824 -1107317996 -20448042033 -1635843701 -2892500810
-1028765735 723928663 1 0 1 0 0 -32768 -32365742136 0 1 -536870912 -19911171121 -31292000312 0 0 -1073741824 -1752694398 -32365742136 -2589259906 -1592893691
0 0 1 0 0 0 0 -32768 -32365742136 0 1 -536870912 -19911171121 -31292000312 0 0 -1073741824 -1752694398 -32365742136 -2589259906 -1592893691
-256149380 1368132051 1 0 1 0 0 -32768 -30531303491 -536870912 1 -433065987 -31292000312 -29457561667 0 0 -1073741824 -1624281431 -29994432579 -2399555102 -2503360027
0 0 1 0 0 0 0 -32768 -30531303491 -536870912 1 -433065987 -31292000312 -29457561667 0 0 -1073741824 -1624281431 -29994432579 -2399555102 -2503360027
772442557 -501941383 1 1 1 0 0 0 23100062225 -433065987 1 0 -29457561667 22026320401 1 1 1073741824 1274383940 23533128212 1882650646 -2356604936
0 0 1 0 0 0 0 0 23100062225 -433065987 1 0 -29457561667 22026320401 1 1 1073741824 1274383940 23533128212 1882650646 -2356604936
306686721 1151296084 1 0 1 0 0 -32768 -15596791363 0 1 0 22026320401 -14523049539 0 1 -1073741824 -844609363 -15596791363 -1247743567 1762105634
0 0 1 0 0 0 0 -32768 -15596791363 0 1 0 22026320401 -14523049539 0 1 -1073741824 -844609363 -15596791363 -1247743567 1762105634
1674748481 -1997593314 1 0 1 0 0 32768 67814484777 0 1 536870912 -14523049539 66740742953 0 0 1073741824 3672341795 67814484777 5425159903 -1161843964
0 0 1 0 0 0 0 32768 67814484777 0 1 536870912 -14523049539 66740742953 0 0 1073741824 3672341795 67814484777 5425159903 -1161843964
90250312 -480575267 1 0 1 0 0 32768 11077894787 536870912 1 -536870912 66740742953 10004152963 0 0 1073741824 570825579 10541023875 843282084 5339259441
0 0 1 0 0 0 0 32768 11077894787 536870912 1 -536870912 66740742953 10004152963 0 0 1073741824 570825579 10541023875 843282084 5339259441
-669981441 2120524382 1 0 1 0 0 -32768 -52067127413 -536870912 1 -536870912 10004152963 -50993385589 0 0 -1073741824 -2790505823 -51530256501 -4122421372 800332238
0 0 1 0 0 0 0 -32768 -52067127413 -536870912 1 -536870912 10004152963 -50993385589 0 0 -1073741824 -2790505823 -51530256501 -4122421372 800332238
-89514683 -1713519408 1 0 1 0 0 32768 29452451937 -536870912 1 0 -50993385589 28378710113 0 1 1073741824 1624004725 29989322849 2399146324 -4079470851
0 0 1 0 0 0 0 32768 29452451937 -536870912 1 0 -50993385589 28378710113 0 1 1073741824 1624004725 29989322849 2399146324 -4079470851
-614198628 1505867610 1 0 1 0 0 -32768 -39149732691 0 1 -536870912 28378710113 -38075990867 0 0 -1073741824 -2120066238 -39149732691 -3131979262 2270296811
0 0 1 0 0 0 0 -32768 -39149732691 0 1 -536870912 28378710113 -38075990867 0 0 -1073741824 -2120066238 -39149732691 -3131979262 2270296811
-1010759838 -555803556 1 0 1 1 0 0 -8938220128 -536870912 1 0 -38075990867 -7864478304 1 1 -1073741824 -454956282 -8401349216 -672108076 -3046079272
0 0 1 0 0 0 0 0 -8938220128 -536870912 1 0 -38075990867 -7864478304 1 1 -1073741824 -454956282 -8401349216 -672108076 -3046079272
-628639588 1568828968 1 0 1 0 0 -32768 -40579065419 0 1 -536870912 -7864478304 -39505323595 0 0 -1073741824 -2197468556 -40579065419 -3246325904 -629158265
0 0 1 0 0 0 0 -32768 -40579065419 0 1 -536870912 -7864478304 -39505323595 0 0 -1073741824 -2197468556 -40579065419 -3246325904 -629158265
-12381701 -902880471 1 0 1 0 0 32768 15907327001 -536870912 1 0 -39505323595 14833585177 0 1 1073741824 890498770 16444197913 1315536105 -3160425891
0 0 1 0 0 0 0 32768 15907327001 -536870912 1 0 -39505323595 14833585177 0 1 1073741824 890498770 16444197913 1315536105 -3160425891
1855099393 635991644 1 0 1 0 0 32768 22512382698 0 1 536870912 14833585177 21438640874 0 0 1073741824 1219107749 22512382698 1800990988 1186686815
0 0 1 0 0 0 0 32768 22512382698 0 1 536870912 14833585177 21438640874 0 0 1073741824 1219107749 22512382698 1800990988 1186686815
-1412067992 1543022605 1 0 1 0 0 -32768 -54032653792 536870912 1 -536870912 21438640874 -52958911968 0 0 -1073741824 -2955090597 -54569524704 -4365562878 1715091272
0 0 1 0 0 0 0 -32768 -54032653792 536870912 1 -536870912 21438640874 -52958911968 0 0 -1073741824 -2955090597 -54569524704 -4365562878 1715091272
1495440207 482066236 1 0 1 0 0 32768 18176374632 -536870912 1 536870912 -52958911968 17102632808 0 0 1073741824 1013373971 18713245544 1497059953 -4236712961
0 0 1 0 0 0 0 32768 18176374632 -536870912 1 536870912 -52958911968 17102632808 0 0 1073741824 1013373971 18713245544 1497059953 -4236712961
331547671 683810846 1 0 1 0 0 -32768 -5968118834 536870912 1 0 17102632808 -4894377010 0 1 -1073741824 -352263175 -6504989746 -520399287 1368210626
0 0 1 0 0 0 0 -32768 -5968118834 536870912 1 0 17102632808 -4894377010 0 1 -1073741824 -352263175 -6504989746 -520399287 1368210626
-659992719 -506364558 1 0 1 0 1 0 -2836940341 0 1 0 -4894377010 -1763198517 1 1 -1073741824 -153628161 -2836940341 -226955274 -391550161
0 0 1 0 0 0 0 0 -2836940341 0 1 0 -4894377010 -1763198517 1 1 -1073741824 -153628161 -2836940341 -226955274 -391550161
974666313 580239706 1 0 1 0 0 32768 7283591406 0 1 536870912 -1763198517 6209849582 0 0 1073741824 394426607 7283591406 582687433 -141055881
0 0 1 0 0 0 0 32768 7283591406 0 1 536870912 -1763198517 6209849582 0 0 1073741824 394426607 7283591406 582687433 -141055881
-94257080 -1748474467 0 0 1 0 0 0 31084109179 536870912 1 0 6209849582 30010367355 1 1 1073741824 1654217387 30547238267 2443779566 496787967
0 0 1 0 0 0 0 0 31084109179 536870912 1 0 6209849582 30010367355 1 1 1073741824 1654217387 30547238267 2443779566 496787967
-1278155927 144669559 1 0 1 0 0 -32768 -26274291078 0 1 -536870912 30010367355 -25200549254 0 0 -1073741824 -1422825486 -26274291078 -2101943720 2400829391
0 0 1 0 0 0 0 -32768 -26274291078 0 1 -536870912 30010367355 -25200549254 0 0 -1073741824 -1422825486 -26274291078 -2101943720 2400829391
-220239286 -1765484137 1 0 1 0 0 32768 27998050202 -536870912 1 0 -25200549254 26924308378 0 1 1073741824 1545244851 28534921114 2282794161 -2016043942
0 0 1 0 0 0 0 32768 27998050202 -536870912 1 0 -25200549254 26924308378 0 1 1073741824 1545244851 28534921114 2282794161 -2016043942
-588471787 -399244726 1 0 1 0 0 -32768 -3494319528 0 1 -536870912 26924308378 -2420577704 0 0 -1073741824 -189227061 -3494319528 -279545620 2153944672
0 0 1 0 0 0 0 -32768 -3494319528 0 1 -536870912 26924308378 -2420577704 0 0 -1073741824 -189227061 -3494319528 -279545620 2153944672
1478689952 856260122 1 0 1 0 0 32768 10957091412 -536870912 1 536870912 -2420577704 9883349588 0 0 1073741824 622429830 11493962324 919517176 -193646217
0 0 1 0 0 0 0 32768 10957091412 -536870912 1 536870912 -2420577704 9883349588 0 0 1073741824 622429830 11493962324 919517176 -193646217
-1538440132 338388084 1 0 1 0 0 -32768 -34121160826 536870912 1 -536870912 9883349588 -33047419002 0 0 -1073741824 -1876828216 -34658031738 -2772643112 790667968
0 0 1 0 0 0 0 -32768 -34121160826 536870912 1 -536870912 9883349588 -33047419002 0 0 -1073741824 -1876828216 -34658031738 -2772643112 790667968
-2100700036 -926622118 1 0 1 0 0 -32768 -22217720229 -536870912 1 372454307 -33047419002 -21143978405 0 0 -1073741824 -1174077918 -21680849317 -1734468304 -2643793523
0 0 1 0 0 0 0 -32768 -22217720229 -536870912 1 372454307 -33047419002 -21143978405 0 0 -1073741824 -1174077918 -21680849317 -1734468304 -2643793523
-1114570770 254247340 1 0 1 0 0 -32768 -24904521548 372454307 1 41814095 -21143978405 -23830779724 0 0 -1073741824 -1368818110 -25276975855 -2022158486 -1691518274
0 0 1 0 0 0 0 -32768 -24904521548 372454307 1 41814095 -21143978405 -23830779724 0 0 -1073741824 -1368818110 -25276975855 -2022158486 -1691518274
-218861987 2028914300 1 0 1 0 0 -32768 -41466247874 41814095 1 -536870912 -23830779724 -40392506050 0 0 -1073741824 -2247776287 -41508061969 -3320645643 -1906462380
0 0 1 0 0 0 0 -32768 -41466247874 41814095 1 -536870912 -23830779724 -40392506050 0 0 -1073741824 -2247776287 -41508061969 -3320645643 -1906462380
-689036650 1452359375 1 0 1 0 0 -32768 -40080485381 -536870912 1 -468960236 -40392506050 -39006743557 0 0 -1073741824 -2141396025 -39543614469 -3163489811 -3231400487
0 0 1 0 0 0 0 -32768 -40080485381 -536870912 1 -468960236 -40392506050 -39006743557 0 0 -1073741824 -2141396025 -39543614469 -3163489811 -3231400487
-1930780996 -1763205071 1 0 1 0 0 -32768 -3563463866 -468960236 1 536870912 -39006743557 -2489722042 0 0 -1073741824 -167575925 -3094503630 -247560342 -3120539487
0 0 1 0 0 0 0 -32768 -3563463866 -468960236 1 536870912 -39006743557 -2489722042 0 0 -1073741824 -167575925 -3094503630 -247560342 -3120539487
-447503839 -2030413824 1 0 1 0 0 32768 29767326865 536870912 1 0 -2489722042 28693585041 0 1 1073741824 1582909985 29230455953 2338436959 -199177764
0 0 1 0 0 0 0 32768 29767326865 536870912 1 0 -2489722042 28693585041 0 1 1073741824 1582909985 29230455953 2338436959 -199177764
-345648951 733624668 1 0 1 0 0 -32768 -19930166769 0 1 -536870912 28693585041 -18856424945 0 0 -1073741824 -1079273619 -19930166769 -1594413671 2295486805
0 0 1 0 0 0 0 -32768 -19930166769 0 1 -536870912 28693585041 -18856424945 0 0 -1073741824 -1079273619 -19930166769 -1594413671 2295486805
-1702145772 -943532182 1 0 1 0 0 -32768 -14545640417 -536870912 1 -149058707 -18856424945 -13471898593 0 0 -1073741824 -758613590 -14008769505 -1120701792 -1508513997
0 0 1 0 0 0 0 -32768 -14545640417 -536870912 1 -149058707 -18856424945 -13471898593 0 0 -1073741824 -758613590 -14008769505 -1120701792 -1508513997
-1592204281 1572521148 1 0 1 0 0 -32768 -58589758514 -149058707 1 -536870912 -13471898593 -57516016690 0 0 -1073741824 -3164725429 -58440699807 -4675256950 -1077751888
0 0 1 0 0 0 0 -32768 -58589758514 -149058707 1 -536870912 -13471898593 -57516016690 0 0 -1073741824 -3164725429 -58440699807 -4675256950 -1077751888
-2132735567 715786809 1 1 1 0 0 0 -53138477213 -536870912 1 0 -57516016690 -52064735389 1 1 -1073741824 -2848522376 -52601606301 -4208129373 -4601281339
0 0 1 0 0 0 0 0 -53138477213 -536870912 1 0 -57516016690 -52064735389 1 1 -1073741824 -2848522376 -52601606301 -4208129373 -4601281339
1582022668 -1522228417 1 0 1 0 0 32768 57323963754 0 1 536870912 -52064735389 56250221930 0 0 1073741824 3104251085 57323963754 4585918048 -4165178835
0 0 1 0 0 0 0 32768 57323963754 0 1 536870912 -52064735389 56250221930 0 0 1073741824 3104251085 57323963754 4585918048 -4165178835
-1499996456 -523688191 1 0 1 0 0 -32768 -17491908998 536870912 1 -536870912 56250221930 -16418167174 0 0 -1073741824 -976308265 -18028779910 -1442302691 4500017759
0 0 1 0 0 0 0 -32768 -17491908998 536870912 1 -536870912 56250221930 -16418167174 0 0 -1073741824 -976308265 -18028779910 -1442302691 4500017759
1123449827 -2120324432 1 0 1 0 0 32768 59363566571 -536870912 1 536870912 -16418167174 58289824747 0 0 1073741824 3243774259 59900437483 4792035989 -1313453375
0 0 1 0 0 0 0 32768 59363566571 -536870912 1 536870912 -16418167174 58289824747 0 0 1073741824 3243774259 59900437483 4792035989 -1313453375
-1505819159 118842403 1 0 1 0 0 -32768 -29464581272 536870912 1 -536870912 58289824747 -28390839448 0 0 -1073741824 -1624661562 -30001452184 -2400116670 4663185984
0 0 1 0 0 0 0 -32768 -29464581272 536870912 1 -536870912 58289824747 -28390839448 0 0 -1073741824 -1624661562 -30001452184 -2400116670 4663185984
-896534777 -546190537 1 0 1 0 0 -32768 -7006425070 -536870912 1 536870912 -28390839448 -5932683246 0 0 -1073741824 -350344240 -6469554158 -517564440 -2271267158
0 0 1 0 0 0 0 -32768 -7006425070 -536870912 1 536870912 -28390839448 -5932683246 0 0 -1073741824 -350344240 -6469554158 -517564440 -2271267158
1519947341 219176348 1 0 1 0 0 32768 24557269782 536870912 1 536870912 -5932683246 23483527958 0 0 1073741824 1300770993 24020398870 1921632307 -474614660
0 0 1 0 0 0 0 32768 24557269782 536870912 1 536870912 -5932683246 23483527958 0 0 1073741824 1300770993 24020398870 1921632307 -474614660
619908771 -991305967 1 0 1 0 0 32768 30290010304 536870912 1 536870912 23483527958 29216268480 0 0 1073741824 1611214738 29753139392 2380251643 1878682238
0 0 1 0 0 0 0 32768 30290010304 536870912 1 536870912 23483527958 29216268480 0 0 1073741824 1611214738 29753139392 2380251643 1878682238
50814270 -157174622 0 0 1 0 0 0 4377651628 536870912 1 0 29216268480 3303909804 1 1 1073741824 207988892 3840780716 307262521 2337301481
0 0 1 0 0 0 0 0 4377651628 536870912 1 0 29216268480 3303909804 1 1 1073741824 207988892 3840780716 307262521 2337301481
-1563197700 -1778383159 1 0 1 0 0 32768 3973674524 0 1 0 3303909804 2899932700 0 1 1073741824 215185459 3973674524 317894028 264312785
0 0 1 0 0 0 0 32768 3973674524 0 1 0 3303909804 2899932700 0 1 1073741824 215185459 3973674524 317894028 264312785
421422767 1050327868 1 0 1 0 0 -32768 -11613536479 0 1 0 2899932700 -10539794655 0 1 -1073741824 -628905101 -11613536479 -929083110 231994616
0 0 1 0 0 0 0 -32768 -11613536479 0 1 0 2899932700 -10539794655 0 1 -1073741824 -628905101 -11613536479 -929083110 231994616
1879653984 -1244890744 1 0 1 0 0 32768 57698711809 0 1 536870912 -10539794655 56624969985 0 0 1073741824 3124544728 57698711809 4615897898 -843183573
0 0 1 0 0 0 0 32768 57698711809 0 1 536870912 -10539794655 56624969985 0 0 1073741824 3124544728 57698711809 4615897898 -843183573
1218819907 2096937658 1 0 1 0 0 -32768 -15678695662 536870912 1 0 56624969985 -14604953838 0 1 -1073741824 -878117751 -16215566574 -1297245594 4529997603
0 0 1 0 0 0 0 -32768 -15678695662 536870912 1 0 56624969985 -14604953838 0 1 -1073741824 -878117751 -16215566574 -1297245594 4529997603
1011288615 438493926 1 0 1 0 0 32768 10577386008 0 1 536870912 -14604953838 9503644184 0 0 1073741824 572794689 10577386008 846191055 -1168396308
0 0 1 0 0 0 0 32768 10577386008 0 1 536870912 -14604953838 9503644184 0 0 1073741824 572794689 10577386008 846191055 -1168396308
2104832685 -427244769 1 0 1 0 0 32768 47294917288 536870912 1 536870912 9503644184 46221175464 0 0 1073741824 2532077454 46758046376 3740644483 760291535
0 0 1 0 0 0 0 32768 47294917288 536870912 1 536870912 9503644184 46221175464 0 0 1073741824 2532077454 46758046376 3740644483 760291535
1984075360 -670038195 1 0 1 0 0 32768 49548469864 536870912 1 536870912 46221175464 48474728040 0 0 1073741824 2654113555 49011598952 3920928726 3697694041
0 0 1 0 0 0 0 32768 49548469864 536870912 1 536870912 46221175464 48474728040 0 0 1073741824 2654113555 49011598952 3920928726 3697694041
-908207401 -1130602743 1 0 1 0 0 32768 4643685140 536870912 1 0 48474728040 3569943316 0 1 1073741824 222395342 4106814228 328545206 3877978247
0 0 1 0 0 0 0 32768 4643685140 536870912 1 0 48474728040 3569943316 0 1 1073741824 222395342 4106814228 328545206 3877978247
-1991886618 -574031714 1 0 1 0 0 -32768 -26182502929 0 1 -536870912 3569943316 -25108761105 0 0 -1073741824 -1417854904 -26182502929 -2094600667 285595466
0 0 1 0 0 0 0 -32768 -26182502929 0 1 -536870912 3569943316 -25108761105 0 0 -1073741824 -1417854904 -26182502929 -2094600667 285595466
1627185321 1915415123 1 0 1 0 0 -32768 -5859402586 -536870912 1 0 -25108761105 -4785660762 0 1 -1073741824 -288229802 -5322531674 -425802622 -2008700890
0 0 1 0 0 0 0 -32768 -5859402586 -536870912 1 0 -25108761105 -4785660762 0 1 -1073741824 -288229802 -5322531674 -425802622 -2008700890
-1606525482 1918072526 1 0 1 0 0 -32768 -65086206922 0 1 -536870912 -4785660762 -64012465098 0 0 -1073741824 -3524598008 -65086206922 -5206897629 -382852861
0 0 1 0 0 0 0 -32768 -65086206922 0 1 -536870912 -4785660762 -64012465098 0 0 -1073741824 -3524598008 -65086206922 -5206897629 -382852861
-1582321313 202391307 1 0 1 0 0 -32768 -33493870439 -536870912 1 536870912 -64012465098 -32420128615 0 0 -1073741824 -1784712620 -32956999527 -2636560507 -5120997213
0 0 1 0 0 0 0 -32768 -33493870439 -536870912 1 536870912 -64012465098 -32420128615 0 0 -1073741824 -1784712620 -32956999527 -2636560507 -5120997213
-155290262 -363523801 1 0 1 0 0 32768 4382169348 536870912 1 0 -32420128615 3308427524 0 1 1073741824 208233539 3845298436 307623938 -2593610292
0 0 1 0 0 0 0 32768 4382169348 536870912 1 0 -32420128615 3308427524 0 1 1073741824 208233539 3845298436 307623938 -2593610292
-1545071485 1640617249 1 0 1 0 0 -32768 -58827814026 0 1 -536870912 3308427524 -57754072202 0 0 -1073741824 -3185688734 -58827814026 -4706226094 264674202
0 0 1 0 0 0 0 -32768 -58827814026 0 1 -536870912 3308427524 -57754072202 0 0 -1073741824 -3185688734 -58827814026 -4706226094 264674202
1635380050 -1520522721 1 0 1 0 0 32768 57740907239 -536870912 1 536870912 -57754072202 56667165415 0 0 1073741824 3155902771 58277778151 4662223215 -4620325780
0 0 1 0 0 0 0 32768 57740907239 -536870912 1 536870912 -57754072202 56667165415 0 0 1073741824 3155902771 58277778151 4662223215 -4620325780
-1311613088 1430662246 1 0 1 0 0 -32768 -50102747967 536870912 1 -536870912 56667165415 -49029006143 0 0 -1073741824 -2742275334 -50639618879 -4051170347 4533373237
0 0 1 0 0 0 0 -32768 -50102747967 536870912 1 -536870912 56667165415 -49029006143 0 0 -1073741824 -2742275334 -50639618879 -4051170347 4533373237
653608628 -1346083085 1 0 1 0 0 32768 36389992327 -536870912 1 536870912 -49029006143 35316250503 0 0 1073741824 1999691713 36926863239 2954149669 -3922320495
0 0 1 0 0 0 0 32768 36389992327 -536870912 1 536870912 -49029006143 35316250503 0 0 1073741824 1999691713 36926863239 2954149669 -3922320495
-1053946892 662482300 1 0 1 0 0 -32768 -31159187846 536870912 1 -536870912 35316250503 -30085446022 0 0 -1073741824 -1716429192 -31696058758 -2535685224 2825300043
0 0 1 0 0 0 0 -32768 -31159187846 536870912 1 -536870912 35316250503 -30085446022 0 0 -1073741824 -1716429192 -31696058758 -2535685224 2825300043
1950202848 891263134 1 0 1 0 0 32768 19017804313 -536870912 1 536870912 -30085446022 17944062489 0 0 1073741824 1058939714 19554675225 1564374341 -2406835684
0 0 1 0 0 0 0 32768 19017804313 -536870912 1 536870912 -30085446022 17944062489 0 0 1073741824 1058939714 19554675225 1564374341 -2406835684
-2053326733 1193756249 1 0 1 0 0 -32768 -59424666370 536870912 1 -536870912 17944062489 -58350924546 0 0 -1073741824 -3247082982 -59961537282 -4796923973 1435525000
0 0 1 0 0 0 0 -32768 -59424666370 536870912 1 -536870912 17944062489 -58350924546 0 0 -1073741824 -3247082982 -59961537282 -4796923973 1435525000
-334235689 185890695 1 0 1 0 0 -32768 -10141669354 -536870912 1 536870912 -58350924546 -9067927530 0 0 -1073741824 -520126384 -9604798442 -768384034 -4668073968
0 0 1 0 0 0 0 -32768 -10141669354 -536870912 1 536870912 -58350924546 -9067927530 0 0 -1073741824 -520126384 -9604798442 -768384034 -4668073968
1157898671 711685860 1 0 1 0 0 32768 8776760761 536870912 1 536870912 -9067927530 7703018937 0 0 1073741824 446212811 8239889849 659191324 -725434203
0 0 1 0 0 0 0 32768 8776760761 536870912 1 536870912 -9067927530 7703018937 0 0 1073741824 446212811 8239889849 659191324 -725434203
-1401213409 -2000303701 0 1 1 0 0 0 11599838837 536870912 1 0 7703018937 10526097013 1 1 1073741824 599090292 11062967925 885037617 616241516
0 0 1 0 0 0 0 0 11599838837 536870912 1 0 7703018937 10526097013 1 1 1073741824 599090292 11062967925 885037617 616241516
962773404 -1093114407 1 0 1 0 0 32768 37964596011 0 1 536870912 10526097013 36890854187 0 0 1073741824 2055887811 37964596011 3037168308 842087762
0 0 1 0 0 0 0 32768 37964596011 0 1 536870912 10526097013 36890854187 0 0 1073741824 2055887811 37964596011 3037168308 842087762
-420711219 -1778621715 1 0 1 0 0 32768 25612423734 536870912 1 0 36890854187 24538681910 0 1 1073741824 1357910496 25075552822 2006044640 2951268338
0 0 1 0 0 0 0 32768 25612423734 536870912 1 0 36890854187 24538681910 0 1 1073741824 1357910496 25075552822 2006044640 2951268338
-1190026644 1603692893 1 0 1 0 0 -32768 -51589601837 0 1 -536870912 24538681910 -50515860013 0 0 -1073741824 -2793719537 -51589601837 -4127169000 1963094555
0 0 1 0 0 0 0 -32768 -51589601837 0 1 -536870912 24538681910 -50515860013 0 0 -1073741824 -2793719537 -51589601837 -4127169000 1963094555
-605460600 -119100926 1 0 1 0 0 -32768 -9518123897 -536870912 1 536870912 -50515860013 -8444382073 0 0 -1073741824 -486359674 -8981252985 -718500387 -4041268805
0 0 1 0 0 0 0 -32768 -9518123897 -536870912 1 536870912 -50515860013 -8444382073 0 0 -1073741824 -486359674 -8981252985 -718500387 -4041268805
1962871771 400963183 1 0 1 0 0 32768 29379509228 536870912 1 536870912 -8444382073 28305767404 0 0 1073741824 1561908588 28842638316 2307411542 -675550566
0 0 1 0 0 0 0 32768 29379509228 536870912 1 536870912 -8444382073 28305767404 0 0 1073741824 1561908588 28842638316 2307411542 -675550566
-130200284 -1516385614 1 0 1 0 0 32768 26134554681 536870912 1 0 28305767404 25060812857 0 1 1073741824 1386185330 25597683769 2047815125 2264461394
0 0 1 0 0 0 0 32768 26134554681 536870912 1 0 28305767404 25060812857 0 1 1073741824 1386185330 25597683769 2047815125 2264461394
1839064212 1370693898 1 0 1 0 0 32768 8649056461 0 1 -536870912 25060812857 7575314637 0 0 1073741824 468370314 8649056461 691924660 2004865030
0 0 1 0 0 0 0 32768 8649056461 0 1 -536870912 25060812857 7575314637 0 0 1073741824 468370314 8649056461 691924660 2004865030
-650030957 -1975222113 1 0 1 0 0 32768 23934477479 -536870912 1 0 7575314637 22860735655 0 1 1073741824 1325191156 24471348391 1957708276 606025172
0 0 1 0 0 0 0 32768 23934477479 -536870912 1 0 7575314637 22860735655 0 1 1073741824 1325191156 24471348391 1957708276 606025172
1496086707 -405701157 1 0 1 0 0 32768 35118943539 0 1 536870912 22860735655 34045201715 0 0 1073741824 1901787864 35118943539 2809516063 1828858854
0 0 1 0 0 0 0 32768 35118943539 0 1 536870912 22860735655 34045201715 0 0 1073741824 1901787864 35118943539 2809516063 1828858854
-1573505223 -108806527 1 0 1 0 0 -32768 -26510662506 536870912 1 -536870912 34045201715 -25436920682 0 0 -1073741824 -1464698696 -27047533418 -2163803120 2723616140
0 0 1 0 0 0 0 -32768 -26510662506 536870912 1 -536870912 34045201715 -25436920682 0 0 -1073741824 -1464698696 -27047533418 -2163803120 2723616140
-2068356945 1269410461 1 0 1 0 0 -32768 -62173011985 -536870912 1 -536870912 -25436920682 -61099270161 0 0 -1073741824 -3337767406 -61636141073 -4930892304 -2034953656
0 0 1 0 0 0 0 -32768 -62173011985 -536870912 1 -536870912 -25436920682 -61099270161 0 0 -1073741824 -3337767406 -61636141073 -4930892304 -2034953656
-1826093575 1251223248 1 0 1 1 0 0 -57363459094 -536870912 1 0 -61099270161 -56289717270 1 1 -1073741824 -3077316823 -56826588182 -4546127994 -4887941617
0 0 1 0 0 0 0 0 -57363459094 -536870912 1 0 -61099270161 -56289717270 1 1 -1073741824 -3077316823 -56826588182 -4546127994 -4887941617
-60767475 -644119890 1 0 1 0 0 32768 10772347912 0 1 0 -56289717270 9698606088 0 1 1073741824 583352415 10772347912 861788011 -4503177386
0 0 1 0 0 0 0 32768 10772347912 0 1 0 -56289717270 9698606088 0 1 1073741824 583352415 10772347912 861788011 -4503177386
506058309 -1656120564 1 0 1 0 0 32768 39927396319 0 1 536870912 9698606088 38853654495 0 0 1073741824 2162178873 39927396319 3194192365 775888488
0 0 1 0 0 0 0 32768 39927396319 0 1 536870912 9698606088 38853654495 0 0 1073741824 2162178873 39927396319 3194192365 775888488
-532756533 720578190 1 0 1 0 0 -32768 -22607556605 536870912 1 -536870912 38853654495 -21533814781 0 0 -1073741824 -1253334723 -23144427517 -1851554584 3108292362
0 0 1 0 0 0 0 -32768 -22607556605 536870912 1 -536870912 38853654495 -21533814781 0 0 -1073741824 -1253334723 -23144427517 -1851554584 3108292362
-5692441 1960013530 1 0 1 0 0 -32768 -36836143988 -536870912 1 -536870912 -21533814781 -35762402164 0 0 -1073741824 -1965705971 -36299273076 -2903942446 -1722705184
0 0 1 0 0 0 0 -32768 -36836143988 -536870912 1 -536870912 -21533814781 -35762402164 0 0 -1073741824 -1965705971 -36299273076 -2903942446 -1722705184
-936953759 -1338311242 1 0 1 0 0 32768 6874707977 -536870912 1 0 -35762402164 5800966153 0 1 1073741824 401357483 7411578889 592926434 -2860992176
0 0 1 0 0 0 0 32768 6874707977 -536870912 1 0 -35762402164 5800966153 0 1 1073741824 401357483 7411578889 592926434 -2860992176
1968511282 1214882653 1 0 1 0 0 32768 13916715829 0 1 536870912 5800966153 12842974005 0 0 1073741824 753628629 13916715829 1113337496 464077293
0 0 1 0 0 0 0 32768 13916715829 0 1 536870912 5800966153 12842974005 0 0 1073741824 753628629 13916715829 1113337496 464077293
1210265930 -1219929142 1 0 1 0 0 32768 45413528891 536870912 1 536870912 12842974005 44339787067 0 0 1073741824 2430195072 44876657979 3590133380 1027437921
0 0 1 0 0 0 0 32768 45413528891 536870912 1 536870912 12842974005 44339787067 0 0 1073741824 2430195072 44876657979 3590133380 1027437921
-119141812 182675926 1 0 1 0 0 -32768 -5036579366 536870912 1 -536870912 44339787067 -3962837542 0 0 -1073741824 -301817738 -5573450278 -445876114 3547182969
0 0 1 0 0 0 0 -32768 -5036579366 536870912 1 -536870912 44339787067 -3962837542 0 0 -1073741824 -301817738 -5573450278 -445876114 3547182969
-2104564783 -39747843 1 0 1 0 0 -32768 -38666354702 -536870912 1 -536870912 -3962837542 -37592612878 0 0 -1073741824 -2064816940 -38129483790 -3050359333 -317027004
0 0 1 0 0 0 0 -32768 -38666354702 -536870912 1 -536870912 -3962837542 -37592612878 0 0 -1073741824 -2064816940 -38129483790 -3050359333 -317027004
-1682533843 598981283 1 0 1 0 0 -32768 -42667963664 -536870912 1 -536870912 -37592612878 -41594221840 0 0 -1073741824 -2281515126 -42131092752 -3370488116 -3007409033
0 0 1 0 0 0 0 -32768 -42667963664 -536870912 1 -536870912 -37592612878 -41594221840 0 0 -1073741824 -2281515126 -42131092752 -3370488116 -3007409033
-263810118 -436780867 0 0 1 0 1 0 2657255038 -536870912 1 0 -41594221840 1583513214 1 1 1073741824 172970749 3194125950 255530129 -3327537750
0 0 1 0 0 0 0 0 2657255038 -536870912 1 0 -41594221840 1583513214 1 1 1073741824 172970749 3194125950 255530129 -3327537750
214560589 53412182 1 0 1 0 0 32768 2975811295 0 1 111383896 1583513214 1902069471 0 0 1073741824 161148407 2975811295 238064953 126681057
0 0 1 0 0 0 0 32768 2975811295 0 1 111383896 1583513214 1902069471 0 0 1073741824 161148407 2975811295 238064953 126681057
-2069708645 741666482 1 0 1 0 0 -32768 -51804250976 111383896 1 -536870912 1902069471 -50730509152 0 0 -1073741824 -2811375127 -51915634872 -4153251648 152165558
0 0 1 0 0 0 0 -32768 -51804250976 111383896 1 -536870912 1902069471 -50730509152 0 0 -1073741824 -2811375127 -51915634872 -4153251648 152165558
-1170116004 -611127032 1 0 1 0 0 -32768 -10859316710 -536870912 1 536870912 -50730509152 -9785574886 0 0 -1073741824 -558988972 -10322445798 -825795834 -4058440736
0 0 1 0 0 0 0 -32768 -10859316710 -536870912 1 536870912 -50730509152 -9785574886 0 0 -1073741824 -558988972 -10322445798 -825795834 -4058440736
-631013031 1875833927 1 0 1 0 0 -32768 -45755262109 536870912 1 -536870912 -9785574886 -44681520285 0 0 -1073741824 -2506846958 -46292133021 -3703371407 -782845992
0 0 1 0 0 0 0 -32768 -45755262109 536870912 1 -536870912 -9785574886 -44681520285 0 0 -1073741824 -2506846958 -46292133021 -3703371407 -782845992
-2006008877 1711853680 1 0 1 0 0 -32768 -69191954739 -536870912 1 -536870912 -44681520285 -68118212915 0 0 -1073741824 -3717862557 -68655083827 -5492407841 -3574521626
0 0 1 0 0 0 0 -32768 -69191954739 -536870912 1 -536870912 -44681520285 -68118212915 0 0 -1073741824 -3717862557 -68655083827 -5492407841 -3574521626
1335588871 -1384116324 1 0 1 0 0 32768 49685961504 -536870912 1 536870912 -68118212915 48612219680 0 0 1073741824 2719705195 50222832416 4017827423 -5449457038
0 0 1 0 0 0 0 32768 49685961504 -536870912 1 536870912 -68118212915 48612219680 0 0 1073741824 2719705195 50222832416 4017827423 -5449457038
-953811217 -446646008 1 0 1 0 0 -32768 -8828582868 536870912 1 -536870912 48612219680 -7754841044 0 0 -1073741824 -507165209 -9365453780 -749236457 3888977578
0 0 1 0 0 0 0 -32768 -8828582868 536870912 1 -536870912 48612219680 -7754841044 0 0 -1073741824 -507165209 -9365453780 -749236457 3888977578
1424561779 1900963943 1 1 1 0 0 0 -9334245749 -536870912 1 0 -7754841044 -8260503925 1 1 -1073741824 -476402164 -8797374837 -703790132 -620387284
0 0 1 0 0 0 0 0 -9334245749 -536870912 1 0 -7754841044 -8260503925 1 1 -1073741824 -476402164 -8797374837 -703790132 -620387284
-568531064 1800230139 1 0 1 0 0 -32768 -43742203071 0 1 -536870912 -8260503925 -42668461247 0 0 -1073741824 -2368761203 -43742203071 -3499376969 -660840315
0 0 1 0 0 0 0 -32768 -43742203071 0 1 -536870912 -8260503925 -42668461247 0 0 -1073741824 -2368761203 -43742203071 -3499376969 -660840315
1536393452 -116535367 1 0 1 0 0 32768 29986572300 -536870912 1 536870912 -42668461247 28912830476 0 0 1073741824 1652928819 30523443212 2441875961 -3413476903
0 0 1 0 0 0 0 32768 29986572300 -536870912 1 536870912 -42668461247 28912830476 0 0 1073741824 1652928819 30523443212 2441875961 -3413476903
-742858012 -1895109157 1 0 1 0 0 32768 21814660969 536870912 1 0 28912830476 20740919145 0 1 1073741824 1152251145 21277790057 1702223556 2313026440
0 0 1 0 0 0 0 32768 21814660969 536870912 1 0 28912830476 20740919145 0 1 1073741824 1152251145 21277790057 1702223556 2313026440
-471878405 1868293262 1 0 1 0 0 -32768 -43214260749 0 1 -536870912 20740919145 -42140518925 0 0 -1073741824 -2340171667 -43214260749 -3457141574 1659273533
0 0 1 0 0 0 0 -32768 -43214260749 0 1 -536870912 20740919145 -42140518925 0 0 -1073741824 -2340171667 -43214260749 -3457141574 1659273533
1317332504 846847584 1 0 1 0 0 32768 8151234451 -536870912 1 536870912 -42140518925 7077492627 0 0 1073741824 470484920 8688105363 695048573 -3371241517
0 0 1 0 0 0 0 32768 8151234451 -536870912 1 536870912 -42140518925 7077492627 0 0 1073741824 470484920 8688105363 695048573 -3371241517
146151152 -136330160 1 0 1 0 0 32768 5753249371 536870912 1 387981864 7077492627 4679507547 0 0 1073741824 282481312 5216378459 417310363 566199411
0 0 1 0 0 0 0 32768 5753249371 536870912 1 387981864 7077492627 4679507547 0 0 1073741824 282481312 5216378459 417310363 566199411
-1485371680 -1158903461 1 0 1 0 0 -32768 -5640671051 387981864 1 -468671073 4679507547 -4566929227 0 0 -1073741824 -326468219 -6028652915 -482292333 374360604
0 0 1 0 0 0 0 -32768 -5640671051 387981864 1 -468671073 4679507547 -4566929227 0 0 -1073741824 -326468219 -6028652915 -482292333 374360604
-499214373 -302073014 1 0 1 0 0 -32768 -4109138229 -468671073 1 -394554167 -4566929227 -3035396405 0 0 -1073741824 -197141359 -3640467156 -291237433 -365354339
0 0 1 0 0 0 0 -32768 -4109138229 -468671073 1 -394554167 -4566929227 -3035396405 0 0 -1073741824 -197141359 -3640467156 -291237433 -365354339
114994670 -1013903332 1 0 1 0 0 32768 20451990258 -394554167 1 536870912 -3035396405 19378248434 0 0 1073741824 1128898002 20846544425 1667723898 -242831713
0 0 1 0 0 0 0 32768 20451990258 -394554167 1 536870912 -3035396405 19378248434 0 0 1073741824 1128898002 20846544425 1667723898 -242831713
-227411046 -1567425122 1 0 1 0 0 32768 25281943465 536870912 1 0 19378248434 24208201641 0 1 1073741824 1340014076 24745072553 1979606213 1550259876
0 0 1 0 0 0 0 32768 25281943465 536870912 1 0 19378248434 24208201641 0 1 1073741824 1340014076 24745072553 1979606213 1550259876
-767602536 654120742 1 0 1 0 0 -32768 -26253937399 0 1 -536870912 24208201641 -25180195575 0 0 -1073741824 -1421723278 -26253937399 -2100315426 1936656133
0 0 1 0 0 0 0 -32768 -26253937399 0 1 -536870912 24208201641 -25180195575 0 0 -1073741824 -1421723278 -26253937399 -2100315426 1936656133
2036405328 -591337107 1 0 1 0 0 32768 47987751605 -536870912 1 536870912 -25180195575 46914009781 0 0 1073741824 2627742435 48524622517 3881970603 -2014415648
0 0 1 0 0 0 0 32768 47987751605 -536870912 1 536870912 -25180195575 46914009781 0 0 1073741824 2627742435 48524622517 3881970603 -2014415648
-1623787204 -1835934519 1 0 1 0 0 32768 4454442224 536870912 1 0 46914009781 3380700400 0 1 1073741824 212147315 3917571312 313405770 3753120786
0 0 1 0 0 0 0 32768 4454442224 536870912 1 0 46914009781 3380700400 0 1 1073741824 212147315 3917571312 313405770 3753120786
1584416180 1102111249 1 0 1 0 0 32768 8906376973 0 1 442054273 3380700400 7832635149 0 0 1073741824 482304931 8906376973 712510305 270456032
0 0 1 0 0 0 0 32768 8906376973 0 1 442054273 3380700400 7832635149 0 0 1073741824 482304931 8906376973 712510305 270456032
-244160479 -543829672 0 0 1 0 0 0 5975828922 442054273 1 0 7832635149 4902087098 1 1 1073741824 299669193 5533774649 442702063 626610813
0 0 1 0 0 0 0 0 5975828922 442054273 1 0 7832635149 4902087098 1 1 1073741824 299669193 5533774649 442702063 626610813
-1070735897 -972653013 1 0 1 0 0 -32768 -1811225810 0 1 -536870912 4902087098 -737483986 0 0 -1073741824 -98082884 -1811225810 -144898095 392166968
0 0 1 0 0 0 0 -32768 -1811225810 0 1 -536870912 4902087098 -737483986 0 0 -1073741824 -98082884 -1811225810 -144898095 392166968
409928239 -1248998520 1 0 1 0 0 32768 30097331928 -536870912 1 536870912 -737483986 29023590104 0 0 1073741824 1658926759 30634202840 2450736733 -58998719
0 0 1 0 0 0 0 32768 30097331928 -536870912 1 536870912 -737483986 29023590104 0 0 1073741824 1658926759 30634202840 2450736733 -58998719
733470989 1777086259 1 0 1 0 0 -32768 -18734818868 536870912 1 0 29023590104 -17661077044 0 1 -1073741824 -1043615270 -19271689780 -1541735501 2321887210
0 0 1 0 0 0 0 -32768 -18734818868 536870912 1 0 29023590104 -17661077044 0 1 -1073741824 -1043615270 -19271689780 -1541735501 2321887210
-1532817379 -372747077 1 0 1 0 0 -32768 -21422180785 0 1 -300888652 -17661077044 -20348438961 0 0 -1073741824 -1160070302 -21422180785 -1713774817 -1412886165
0 0 1 0 0 0 0 -32768 -21422180785 0 1 -300888652 -17661077044 -20348438961 0 0 -1073741824 -1160070302 -21422180785 -1713774817 -1412886165
1592344406 -1163110191 1 0 1 0 0 32768 50582102162 -300888652 1 536870912 -20348438961 49508360338 0 0 1073741824 2755454597 50882990814 4070640106 -1627875118
0 0 1 0 0 0 0 32768 50582102162 -300888652 1 536870912 -20348438961 49508360338 0 0 1073741824 2755454597 50882990814 4070640106 -1627875118
-1476313363 -701808947 1 0 1 0 0 -32768 -13765343005 536870912 1 -536870912 49508360338 -12691601181 0 0 -1073741824 -774504416 -14302213917 -1144177350 3960668831
0 0 1 0 0 0 0 -32768 -13765343005 536870912 1 -536870912 49508360338 -12691601181 0 0 -1073741824 -774504416 -14302213917 -1144177350 3960668831
793383768 540699577 1 0 1 0 0 32768 4129265624 -536870912 1 536870912 -12691601181 3055523800 0 0 1073741824 252684191 4666136536 373291000 -1015328095
0 0 1 0 0 0 0 32768 4129265624 -536870912 1 536870912 -12691601181 3055523800 0 0 1073741824 252684191 4666136536 373291000 -1015328095
-1548528786 -1368864729 1 0 1 0 0 -32768 -2780855525 536870912 1 27010838 3055523800 -1707113701 0 0 -1073741824 -179664057 -3317726437 -265418170 244441904
0 0 1 0 0 0 0 -32768 -2780855525 536870912 1 27010838 3055523800 -1707113701 0 0 -1073741824 -179664057 -3317726437 -265418170 244441904
-703142385 -1046342234 1 0 1 0 0 32768 6364634685 27010838 1 0 -1707113701 5290892861 0 1 1073741824 343199849 6337623847 507010013 -136569096
0 0 1 0 0 0 0 32768 6364634685 27010838 1 0 -1707113701 5290892861 0 1 1073741824 343199849 6337623847 507010013 -136569096
-822868860 2050329657 1 0 1 0 0 -32768 -53057282783 0 1 -536870912 5290892861 -51983540959 0 0 -1073741824 -2873198517 -53057282783 -4244583499 423271429
0 0 1 0 0 0 0 -32768 -53057282783 0 1 -536870912 5290892861 -51983540959 0 0 -1073741824 -2873198517 -53057282783 -4244583499 423271429
-1157781073 539932902 1 0 1 0 0 -32768 -31887329268 -536870912 1 536870912 -51983540959 -30813587444 0 0 -1073741824 -1697713975 -31350458356 -2508037187 -4158683281
0 0 1 0 0 0 0 -32768 -31887329268 -536870912 1 536870912 -51983540959 -30813587444 0 0 -1073741824 -1697713975 -31350458356 -2508037187 -4158683281
826314634 -1876211284 1 0 1 0 0 32768 50442466022 536870912 1 536870912 -30813587444 49368724198 0 0 1073741824 2702525918 49905595110 3992448434 -2465086998
0 0 1 0 0 0 0 32768 50442466022 536870912 1 536870912 -30813587444 49368724198 0 0 1073741824 2702525918 49905595110 3992448434 -2465086998
1548933652 -301657770 1 0 1 0 0 32768 34710406716 536870912 1 -536870912 49368724198 33636664892 0 0 1073741824 1850591422 34173535804 2733883429 3949497940
0 0 1 0 0 0 0 32768 34710406716 536870912 1 -536870912 49368724198 33636664892 0 0 1073741824 1850591422 34173535804 2733883429 3949497940
-776111319 -952117903 1 0 1 0 0 32768 2713315611 -536870912 1 0 33636664892 1639573787 0 1 1073741824 176006584 3250186523 260014976 2690933194
0 0 1 0 0 0 0 32768 2713315611 -536870912 1 0 33636664892 1639573787 0 1 1073741824 176006584 3250186523 260014976 2690933194
50029795 -2021896154 1 0 1 0 0 32768 38260760727 0 1 536870912 1639573787 37187018903 0 0 1073741824 2071925949 38260760727 3060861490 131165903
0 0 1 0 0 0 0 32768 38260760727 0 1 536870912 1639573787 37187018903 0 0 1073741824 2071925949 38260760727 3060861490 131165903
-269948953 1126286012 1 1 1 0 0 0 -25246392211 536870912 1 0 37187018903 -24172650387 1 1 -1073741824 -1396234965 -25783263123 -2062661476 2974961515
0 0 1 0 0 0 0 0 -25246392211 536870912 1 0 37187018903 -24172650387 1 1 -1073741824 -1396234965 -25783263123 -2062661476 2974961515
-1020541206 763515519 1 0 1 0 0 -32768 -32944887588 0 1 -536870912 -24172650387 -31871145764 0 0 -1073741824 -1784056725 -32944887588 -2635591551 -1933812033
0 0 1 0 0 0 0 -32768 -32944887588 0 1 -536870912 -24172650387 -31871145764 0 0 -1073741824 -1784056725 -32944887588 -2635591551 -1933812033
-1727686839 1562739070 1 0 1 0 0 -32768 -61298790737 -536870912 1 -536870912 -31871145764 -60225048913 0 0 -1073741824 -3290425909 -60761919825 -4860954590 -2549691663
0 0 1 0 0 0 0 -32768 -61298790737 -536870912 1 -536870912 -31871145764 -60225048913 0 0 -1073741824 -3290425909 -60761919825 -4860954590 -2549691663
251150753 -342837352 1 0 1 0 0 32768 10431878609 -536870912 1 536870912 -60225048913 9358136785 0 0 1073741824 593988105 10968749521 877500143 -4818003918
0 0 1 0 0 0 0 32768 10431878609 -536870912 1 536870912 -60225048913 9358136785 0 0 1073741824 593988105 10968749521 877500143 -4818003918
-1827112895 2094968326 1 0 1 0 0 -32768 -71889371552 536870912 1 -536870912 9358136785 -70815629728 0 0 -1073741824 -3922081221 -72426242464 -5794100594 748650943
0 0 1 0 0 0 0 -32768 -71889371552 536870912 1 -536870912 9358136785 -70815629728 0 0 -1073741824 -3922081221 -72426242464 -5794100594 748650943
-1588198106 -560852184 1 0 1 0 0 -32768 -19508126388 -536870912 1 536870912 -70815629728 -18434384564 0 0 -1073741824 -1027345922 -18971255476 -1517700752 -5665250384
0 0 1 0 0 0 0 -32768 -19508126388 -536870912 1 536870912 -70815629728 -18434384564 0 0 -1073741824 -1027345922 -18971255476 -1517700752 -5665250384
1231006333 -351508264 1 0 1 0 0 32768 29760025520 536870912 1 536870912 -18434384564 28686283696 0 0 1073741824 1582514597 29223154608 2337852852 -1474750766
0 0 1 0 0 0 0 32768 29760025520 536870912 1 536870912 -18434384564 28686283696 0 0 1073741824 1582514597 29223154608 2337852852 -1474750766
-1179627549 -673737135 0 0 1 0 0 0 -8805042149 536870912 1 0 28686283696 -7731300325 1 1 -1073741824 -505890414 -9341913061 -747353199 2294902698
0 0 1 0 0 0 0 0 -8805042149 536870912 1 0 28686283696 -7731300325 1 1 -1073741824 -505890414 -9341913061 -747353199 2294902698
1772286988 1649255904 1 0 1 0 0 32768 2271926209 0 1 536870912 -7731300325 1198184385 0 0 1073741824 123031084 2271926209 181754134 -618504027
0 0 1 0 0 0 0 32768 2271926209 0 1 536870912 -7731300325 1198184385 0 0 1073741824 123031084 2271926209 181754134 -618504027
-601497227 -1442983944 1 0 1 0 0 32768 16075998626 536870912 1 0 1198184385 15002256802 0 1 1073741824 841486717 15539127714 1243130474 95854751
0 0 1 0 0 0 0 32768 16075998626 536870912 1 0 1198184385 15002256802 0 1 1073741824 841486717 15539127714 1243130474 95854751
-501493049 1026171163 1 0 1 0 0 -32768 -28210272146 0 1 -536870912 15002256802 -27136530322 0 0 -1073741824 -1527664212 -28210272146 -2256822238 1200180545
0 0 1 0 0 0 0 -32768 -28210272146 0 1 -536870912 15002256802 -27136530322 0 0 -1073741824 -1527664212 -28210272146 -2256822238 1200180545
933381463 1417592706 1 0 1 0 0 -32768 -9478450373 -536870912 1 0 -27136530322 -8404708549 0 1 -1073741824 -484211243 -8941579461 -715326505 -2170922428
0 0 1 0 0 0 0 -32768 -9478450373 -536870912 1 0 -27136530322 -8404708549 0 1 -1073741824 -484211243 -8941579461 -715326505 -2170922428
-1412507476 -1297275790 1 0 1 0 0 -32768 -2127900357 0 1 502144621 -8404708549 -1054158533 0 0 -1073741824 -115231686 -2127900357 -170232064 -672376685
0 0 1 0 0 0 0 -32768 -2127900357 0 1 502144621 -8404708549 -1054158533 0 0 -1073741824 -115231686 -2127900357 -170232064 -672376685
431654908 -332127381 1 0 1 0 0 32768 14606360759 502144621 1 536870912 -1054158533 13532618935 0 0 1073741824 763782289 14104216138 1128337524 -84332683
0 0 1 0 0 0 0 32768 14606360759 502144621 1 536870912 -1054158533 13532618935 0 0 1073741824 763782289 14104216138 1128337524 -84332683
-1687079052 -1702922589 1 0 1 0 0 25313 829442072 536870912 0 0 13532618935 0 0 1 829442072 15843537 292571160 23405698 1082609516
0 0 1 0 0 0 0 25313 829442072 536870912 0 0 13532618935 0 0 1 829442072 15843537 292571160 23405698 1082609516
929679172 -1342590492 1 0 1 0 0 32768 41960363479 0 1 536870912 0 40886621655 0 0 1073741824 2272269664 41960363479 3356829772 0
0 0 1 0 0 0 0 32768 41960363479 0 1 536870912 0 40886621655 0 0 1073741824 2272269664 41960363479 3356829772 0
1606878661 1207488852 1 0 1 0 0 32768 7912114186 536870912 1 -536870912 40886621655 6838372362 0 0 1073741824 399389809 7375243274 590019584 3270929735
0 0 1 0 0 0 0 32768 7912114186 536870912 1 -536870912 40886621655 6838372362 0 0 1073741824 399389809 7375243274 590019584 3270929735
1694535501 -740826718 1 0 1 1 0 0 44435205040 -536870912 1 0 6838372362 43361463216 1 1 1073741824 2435362219 44972075952 3597766819 547069789
0 0 1 0 0 0 0 0 44435205040 -536870912 1 0 6838372362 43361463216 1 1 1073741824 2435362219 44972075952 3597766819 547069789
-529509175 1474985088 1 0 1 0 0 -32768 -37015548463 0 1 -536870912 43361463216 -35941806639 0 0 -1073741824 -2004494263 -37015548463 -2961244489 3468917061
0 0 1 0 0 0 0 -32768 -37015548463 0 1 -536870912 43361463216 -35941806639 0 0 -1073741824 -2004494263 -37015548463 -2961244489 3468917061
-37315463 1166158325 1 0 1 0 0 -32768 -22760552539 -536870912 1 536870912 -35941806639 -21686810715 0 0 -1073741824 -1203473788 -22223681627 -1777894897 -2875344534
0 0 1 0 0 0 0 -32768 -22760552539 -536870912 1 536870912 -35941806639 -21686810715 0 0 -1073741824 -1203473788 -22223681627 -1777894897 -2875344534
261299205 1241163293 1 0 1 0 0 -32768 -17557571814 536870912 1 0 -21686810715 -16483829990 0 1 -1073741824 -979864088 -18094442726 -1447555717 -1734944859
0 0 1 0 0 0 0 -32768 -17557571814 536870912 1 0 -21686810715 -16483829990 0 1 -1073741824 -979864088 -18094442726 -1447555717 -1734944859
-398254569 767387172 1 0 1 0 0 -32768 -21525064526 0 1 -403299118 -16483829990 -20451322702 0 0 -1073741824 -1165641741 -21525064526 -1722005518 -1318706400
0 0 1 0 0 0 0 -32768 -21525064526 0 1 -403299118 -16483829990 -20451322702 0 0 -1073741824 -1165641741 -21525064526 -1722005518 -1318706400
1592274170 1345596410 1 0 1 0 0 32768 4151920993 -403299118 1 536870912 -20451322702 3078179169 0 0 1073741824 246677760 4555220111 364417684 -1636105818
0 0 1 0 0 0 0 32768 4151920993 -403299118 1 536870912 -20451322702 3078179169 0 0 1073741824 246677760 4555220111 364417684 -1636105818
2088986768 582759617 1 0 1 0 0 32768 28351280328 536870912 1 536870912 3078179169 27277538504 0 0 1073741824 1506227151 27814409416 2225153213 246254334
0 0 1 0 0 0 0 32768 28351280328 536870912 1 536870912 3078179169 27277538504 0 0 1073741824 1506227151 27814409416 2225153213 246254334
97684428 1701700928 1 0 1 0 0 -32768 -29083343816 536870912 1 0 27277538504 -28009601992 0 1 -1073741824 -1604016500 -29620214728 -2369617668 2182203082
0 0 1 0 0 0 0 -32768 -29083343816 536870912 1 0 27277538504 -28009601992 0 1 -1073741824 -1604016500 -29620214728 -2369617668 2182203082
1528023174 -443098680 1 0 1 0 0 32768 36399284278 0 1 536870912 -28009601992 35325542454 0 0 1073741824 1971121854 36399284278 2911943344 -2240768161
0 0 1 0 0 0 0 32768 36399284278 0 1 536870912 -28009601992 35325542454 0 0 1073741824 1971121854 36399284278 2911943344 -2240768161
-2083299941 -199784919 1 0 1 0 0 -32768 -34244641245 536870912 1 -536870912 35325542454 -33170899421 0 0 -1073741824 -1883515022 -34781512157 -2782521547 2826043399
0 0 1 0 0 0 0 -32768 -34244641245 536870912 1 -536870912 35325542454 -33170899421 0 0 -1073741824 -1883515022 -34781512157 -2782521547 2826043399
-90099589 -2138445429 1 0 1 0 0 32768 37288452966 -536870912 1 0 -33170899421 36214711142 0 1 1073741824 2048345840 37825323878 3026026535 -2653671956
0 0 1 0 0 0 0 32768 37288452966 -536870912 1 0 -33170899421 36214711142 0 1 1073741824 2048345840 37825323878 3026026535 -2653671956
-155589191 651912995 1 0 1 0 0 -32768 -14911559914 0 1 -536870912 36214711142 -13837818090 0 0 -1073741824 -807502186 -14911559914 -1192925040 2897176894
0 0 1 0 0 0 0 -32768 -14911559914 0 1 -536870912 36214711142 -13837818090 0 0 -1073741824 -807502186 -14911559914 -1192925040 2897176894
-1791315537 -347340368 1 0 1 0 0 -32768 -27201717918 -536870912 1 -536870912 -13837818090 -26127976094 0 0 -1073741824 -1443975169 -26664847006 -2133188201 -1107025448
0 0 1 0 0 0 0 -32768 -27201717918 -536870912 1 -536870912 -13837818090 -26127976094 0 0 -1073741824 -1443975169 -26664847006 -2133188201 -1107025448
-1175912581 1515806195 0 0 1 0 0 0 -50242898332 -536870912 1 0 -26127976094 -49169156508 1 1 -1073741824 -2691718776 -49706027420 -3976483015 -2090238089
0 0 1 0 0 0 0 0 -50242898332 -536870912 1 0 -26127976094 -49169156508 1 1 -1073741824 -2691718776 -49706027420 -3976483015 -2090238089
-328255204 1627073550 1 1 1 0 0 0 -36107644502 0 1 0 -49169156508 -35033902678 1 1 -1073741824 -1955328754 -36107644502 -2888612157 -3933532524
0 0 1 0 0 0 0 0 -36107644502 0 1 0 -49169156508 -35033902678 1 1 -1073741824 -1955328754 -36107644502 -2888612157 -3933532524
747980796 -1917292388 1 0 1 0 1 0 49217675765 0 1 0 -35033902678 48143933941 1 1 1073741824 2665273184 49217675765 3937414875 -2802712217
0 0 1 0 0 0 0 0 49217675765 0 1 0 -35033902678 48143933941 1 1 1073741824 2665273184 49217675765 3937414875 -2802712217
-400362161 -1494180366 1 0 1 0 0 32768 20198751138 0 1 0 48143933941 19125009314 0 1 1073741824 1093818205 20198751138 1615900425 3851514719
0 0 1 0 0 0 0 32768 20198751138 0 1 0 48143933941 19125009314 0 1 1073741824 1093818205 20198751138 1615900425 3851514719
1402016502 249694924 1 0 1 0 0 32768 21279090693 0 1 172326860 19125009314 20205348869 0 0 1073741824 1152321578 21279090693 1702327607 1530000747
0 0 1 0 0 0 0 32768 21279090693 0 1 172326860 19125009314 20205348869 0 0 1073741824 1152321578 21279090693 1702327607 1530000747
-28519144 1158565174 1 0 1 0 0 -32768 -21748702256 172326860 1 -536870912 20205348869 -20674960432 0 0 -1073741824 -1187084318 -21921029116 -1753682692 1616427911
0 0 1 0 0 0 0 -32768 -21748702256 172326860 1 -536870912 20205348869 -20674960432 0 0 -1073741824 -1187084318 -21921029116 -1753682692 1616427911
1512679512 1384994370 1 0 1 0 0 32768 1820998426 -536870912 1 536870912 -20674960432 747256602 0 0 1073741824 127685142 2357869338 188629586 -1653996836
0 0 1 0 0 0 0 32768 1820998426 -536870912 1 536870912 -20674960432 747256602 0 0 1073741824 127685142 2357869338 188629586 -1653996836
1856571189 491958910 1 0 1 0 0 32768 25736180722 536870912 1 536870912 747256602 24662438898 0 0 1073741824 1364612279 25199309810 2015945201 59780528
0 0 1 0 0 0 0 32768 25736180722 536870912 1 536870912 747256602 24662438898 0 0 1073741824 1364612279 25199309810 2015945201 59780528
990170744 596271441 1 0 1 0 0 32768 7810724975 536870912 1 -536870912 24662438898 6736983151 0 0 1073741824 393899303 7273854063 581908445 1972995114
0 0 1 0 0 0 0 32768 7810724975 536870912 1 -536870912 24662438898 6736983151 0 0 1073741824 393899303 7273854063 581908445 1972995114
2830866 1952863683 1 0 1 0 0 -32768 -36546719168 -536870912 1 0 6736983151 -35472977344 0 1 -1073741824 -1950032817 -36009848256 -2880788456 538958653
0 0 1 0 0 0 0 -32768 -36546719168 -536870912 1 0 6736983151 -35472977344 0 1 -1073741824 -1950032817 -36009848256 -2880788456 538958653
1849260729 -1642945162 1 0 1 0 0 32768 64488045082 0 1 536870912 -35472977344 63414303258 0 0 1073741824 3492205891 64488045082 5159044672 -2837838190
0 0 1 0 0 0 0 32768 64488045082 0 1 536870912 -35472977344 63414303258 0 0 1073741824 3492205891 64488045082 5159044672 -2837838190
676969113 271587536 1 0 1 0 0 32768 8022759840 536870912 1 -536870912 63414303258 6949018016 0 0 1073741824 405381577 7485888928 598871238 5073144265
0 0 1 0 0 0 0 32768 8022759840 536870912 1 -536870912 63414303258 6949018016 0 0 1073741824 405381577 7485888928 598871238 5073144265
1241628776 -625118010 1 0 1 0 0 32768 33934994336 -536870912 1 536870912 6949018016 32861252512 0 0 1073741824 1866746786 34471865248 2757749790 555921442
0 0 1 0 0 0 0 32768 33934994336 -536870912 1 536870912 6949018016 32861252512 0 0 1073741824 1866746786 34471865248 2757749790 555921442
-1486445822 -1148191157 1 0 1 0 0 -32768 -5709433792 536870912 1 -536870912 32861252512 -4635691968 0 0 -1073741824 -338254665 -6246304704 -499704480 2628900203
0 0 1 0 0 0 0 -32768 -5709433792 536870912 1 -536870912 32861252512 -4635691968 0 0 -1073741824 -338254665 -6246304704 -499704480 2628900203
-1220894152 -1907712112 1 0 1 0 0 32768 12146100525 -536870912 1 0 -4635691968 11072358701 0 1 1073741824 686817960 12682971437 1014637925 -370855358
0 0 1 0 0 0 0 32768 12146100525 -536870912 1 0 -4635691968 11072358701 0 1 1073741824 686817960 12682971437 1014637925 -370855358
1050373425 2044847891 1 0 1 0 0 -32768 -18364242029 0 1 0 11072358701 -17290500205 0 1 -1073741824 -994474466 -18364242029 -1469139666 885788697
0 0 1 0 0 0 0 -32768 -18364242029 0 1 0 11072358701 -17290500205 0 1 -1073741824 -994474466 -18364242029 -1469139666 885788697
495766514 627787266 1 0 1 0 0 -32768 -2437931918 0 1 0 -17290500205 -1364190094 0 1 -1073741824 -132020752 -2437931918 -195034594 -1383240018
0 0 1 0 0 0 0 -32768 -2437931918 0 1 0 -17290500205 -1364190094 0 1 -1073741824 -132020752 -2437931918 -195034594 -1383240018
-857671403 526525214 1 0 1 0 0 -32768 -25560959642 0 1 -536870912 -1364190094 -24487217818 0 0 -1073741824 -1384196617 -25560959642 -2044877194 -109135208
0 0 1 0 0 0 0 -32768 -25560959642 0 1 -536870912 -1364190094 -24487217818 0 0 -1073741824 -1384196617 -25560959642 -2044877194 -109135208
-226797500 -1241911387 1 0 1 0 0 32768 18208504404 -536870912 1 0 -24487217818 17134762580 0 1 1073741824 1015113887 18745375316 1499630335 -1958977427
0 0 1 0 0 0 0 32768 18208504404 -536870912 1 0 -24487217818 17134762580 0 1 1073741824 1015113887 18745375316 1499630335 -1958977427
1341847118 1707379655 1 0 1 0 0 -32768 -6750025474 0 1 0 17134762580 -5676283650 0 1 -1073741824 -365532537 -6750025474 -540002149 1370781008
0 0 1 0 0 0 0 -32768 -6750025474 0 1 0 17134762580 -5676283650 0 1 -1073741824 -365532537 -6750025474 -540002149 1370781008
843875822 779425025 1 0 1 0 0 32768 1190166340 0 1 536870912 -5676283650 116424516 0 0 1073741824 64450797 1190166340 95213327 -454102692
0 0 1 0 0 0 0 32768 1190166340 0 1 536870912 -5676283650 116424516 0 0 1073741824 64450797 1190166340 95213327 -454102692
-535514886 985145955 1 0 1 0 0 -32768 -27544075037 536870912 1 -536870912 116424516 -26470333213 0 0 -1073741824 -1520660841 -28080945949 -2246476140 9313961
0 0 1 0 0 0 0 -32768 -27544075037 536870912 1 -536870912 116424516 -26470333213 0 0 -1073741824 -1520660841 -28080945949 -2246476140 9313961
-1759031183 -639988092 1 0 1 0 0 -32768 -21201431810 -536870912 1 -72409466 -26470333213 -20127689986 0 0 -1073741824 -1119043091 -20664560898 -1653165213 -2117626659
0 0 1 0 0 0 0 -32768 -21201431810 -536870912 1 -72409466 -26470333213 -20127689986 0 0 -1073741824 -1119043091 -20664560898 -1653165213 -2117626659
-1949122504 -658191453 0 0 1 0 0 0 -23911101231 -72409466 1 0 -20127689986 -22837359407 1 1 -1073741824 -1290931051 -23838691765 -1907095735 -1610215200
0 0 1 0 0 0 0 0 -23911101231 -72409466 1 0 -20127689986 -22837359407 1 1 -1073741824 -1290931051 -23838691765 -1907095735 -1610215200
-1935920471 -1436341362 1 0 1 0 0 -32768 -9225366748 0 1 536870912 -22837359407 -8151624924 0 0 -1073741824 -499579109 -9225366748 -738029492 -1826988754
0 0 1 0 0 0 0 -32768 -9225366748 0 1 536870912 -22837359407 -8151624924 0 0 -1073741824 -499579109 -9225366748 -738029492 -1826988754
-888690688 1504729544 1 0 1 0 0 -32768 -43660692645 536870912 1 -536870912 -8151624924 -42586950821 0 0 -1073741824 -2393420232 -44197563557 -3535805815 -652129995
0 0 1 0 0 0 0 -32768 -43660692645 536870912 1 -536870912 -8151624924 -42586950821 0 0 -1073741824 -2393420232 -44197563557 -3535805815 -652129995
176114512 -336764389 1 0 1 0 0 32768 8934093493 -536870912 1 536870912 -42586950821 7860351669 0 0 1073741824 512878901 9470964405 757677309 -3406956069
0 0 1 0 0 0 0 32768 8934093493 -536870912 1 536870912 -42586950821 7860351669 0 0 1073741824 512878901 9470964405 757677309 -3406956069
1318984753 -20921810 1 0 1 0 0 32768 25279958100 536870912 1 536870912 7860351669 24206216276 0 0 1073741824 1339906563 24743087188 1979447384 628828134
0 0 1 0 0 0 0 32768 25279958100 536870912 1 536870912 7860351669 24206216276 0 0 1073741824 1339906563 24743087188 1979447384 628828134
-719304725 1015718813 1 0 1 0 0 -32768 -31502556209 536870912 1 -536870912 24206216276 -30428814385 0 0 -1073741824 -1735023538 -32039427121 -2563154699 1936497304
0 0 1 0 0 0 0 -32768 -31502556209 536870912 1 -536870912 24206216276 -30428814385 0 0 -1073741824 -1735023538 -32039427121 -2563154699 1936497304
-1580068568 -45741273 1 0 1 0 0 -32768 -28870185401 -536870912 1 -369231386 -30428814385 -27796443577 0 0 -1073741824 -1534327295 -28333314489 -2266665627 -2434305153
0 0 1 0 0 0 0 -32768 -28870185401 -536870912 1 -369231386 -30428814385 -27796443577 0 0 -1073741824 -1534327295 -28333314489 -2266665627 -2434305153
-1232558905 -183726670 1 0 1 0 0 -32768 -19737259093 -369231386 1 305041565 -27796443577 -18663517269 0 0 -1073741824 -1048832235 -19368027707 -1549442537 -2223715488
0 0 1 0 0 0 0 -32768 -19737259093 -369231386 1 305041565 -27796443577 -18663517269 0 0 -1073741824 -1048832235 -19368027707 -1549442537 -2223715488
487617938 407088912 1 0 1 0 0 32768 1792112952 305041565 1 536870912 -18663517269 718371128 0 0 1073741824 80529026 1487071387 118965736 -1493081383
0 0 1 0 0 0 0 32768 1792112952 305041565 1 536870912 -18663517269 718371128 0 0 1073741824 80529026 1487071387 118965736 -1493081383
48793921 1486771204 1 1 1 0 0 0 -26017217463 536870912 1 0 718371128 -24943475639 1 1 -1073741824 -1437977283 -26554088375 -2124327509 57469690
0 0 1 0 0 0 0 0 -26017217463 536870912 1 0 718371128 -24943475639 1 1 -1073741824 -1437977283 -26554088375 -2124327509 57469690
2084717265 -584158053 1 0 1 0 0 32768 49284193773 0 1 536870912 -24943475639 48210451949 0 0 1073741824 2668875318 49284193773 3942736316 -1995478053
0 0 1 0 0 0 0 32768 49284193773 0 1 536870912 -24943475639 48210451949 0 0 1073741824 2668875318 49284193773 3942736316 -1995478053
1636529451 -1170230415 1 0 1 0 0 32768 52367279091 536870912 1 536870912 48210451949 51293537267 0 0 1073741824 2806759866 51830408179 4146433511 3856836160
0 0 1 0 0 0 0 32768 52367279091 536870912 1 536870912 48210451949 51293537267 0 0 1073741824 2806759866 51830408179 4146433511 3856836160
-611304017 -570262231 1 0 1 0 0 -6745 -221018121 536870912 0 -536870912 51293537267 0 0 0 -221018121 -41041786 -757889033 -60631135 4103482985
0 0 1 0 0 0 0 -6745 -221018121 536870912 0 -536870912 51293537267 0 0 0 -221018121 -41041786 -757889033 -60631135 4103482985
-1246721605 645003774 1 0 1 0 0 -32768 -35469997804 -536870912 1 -536870912 0 -34396255980 0 0 -1073741824 -1891725379 -34933126892 -2794650729 0
0 0 1 0 0 0 0 -32768 -35469997804 -536870912 1 -536870912 0 -34396255980 0 0 -1073741824 -1891725379 -34933126892 -2794650729 0
1945999581 -1220789585 1 0 1 0 0 32768 57941938436 -536870912 1 536870912 -34396255980 56868196612 0 0 1073741824 3166789166 58478809348 4678305714 -2751700481
0 0 1 0 0 0 0 32768 57941938436 -536870912 1 536870912 -34396255980 56868196612 0 0 1073741824 3166789166 58478809348 4678305714 -2751700481
1147208381 -1148595192 1 0 1 0 0 32768 42931818099 536870912 1 -536870912 56868196612 41858076275 0 0 1073741824 2295803573 42394947187 3391596476 4549455733
0 0 1 0 0 0 0 32768 42931818099 536870912 1 -536870912 56868196612 41858076275 0 0 1073741824 2295803573 42394947187 3391596476 4549455733
-1160578226 -378797456 1 0 1 0 0 -32768 -14973452005 -536870912 1 -536870912 41858076275 -13899710181 0 0 -1073741824 -781780770 -14436581093 -1154926726 3348646105
0 0 1 0 0 0 0 -32768 -14973452005 -536870912 1 -536870912 41858076275 -13899710181 0 0 -1073741824 -781780770 -14436581093 -1154926726 3348646105
-1678155462 1679863150 1 0 1 0 0 -32768 -62546976386 -536870912 1 -536870912 -13899710181 -61473234562 0 0 -1073741824 -3358018612 -62010105474 -4960809463 -1111976816
0 0 1 0 0 0 0 -32768 -62546976386 -536870912 1 -536870912 -13899710181 -61473234562 0 0 -1073741824 -3358018612 -62010105474 -4960809463 -1111976816
1385185778 1372008859 1 0 1 0 0 -8958 -293542262 -536870912 0 536870912 -61473234562 0 0 0 -293542262 13176919 243328650 19466296 -4917858770
0 0 1 0 0 0 0 -8958 -293542262 -536870912 0 536870912 -61473234562 0 0 0 -293542262 13176919 243328650 19466296 -4917858770
-556729324 1863904452 1 0 1 0 0 -32768 -44163225516 536870912 1 -536870912 0 -43089483692 0 0 -1073741824 -2420633776 -44700096428 -3576008453 0
0 0 1 0 0 0 0 -32768 -44163225516 536870912 1 -536870912 0 -43089483692 0 0 -1073741824 -2420633776 -44700096428 -3576008453 0
-926815333 -1656672436 1 0 1 0 0 32768 12940873308 -536870912 1 0 -43089483692 11867131484 0 1 1073741824 729857103 13477744220 1078219760 -3447158699
0 0 1 0 0 0 0 32768 12940873308 -536870912 1 0 -43089483692 11867131484 0 1 1073741824 729857103 13477744220 1078219760 -3447158699
341230133 -833336233 1 0 1 0 0 32768 21689869133 0 1 536870912 11867131484 20616127309 0 0 1073741824 1174566366 21689869133 1735189889 949370520
0 0 1 0 0 0 0 32768 21689869133 0 1 536870912 11867131484 20616127309 0 0 1073741824 1174566366 21689869133 1735189889 949370520
1684713080 -524748603 1 0 1 0 0 32768 41337404749 536870912 1 536870912 20616127309 40263662925 0 0 1073741824 2209461683 40800533837 3264043381 1649290186
0 0 1 0 0 0 0 32768 41337404749 536870912 1 536870912 20616127309 40263662925 0 0 1073741824 2209461683 40800533837 3264043381 1649290186
278915767 1934856399 0 0 1 0 0 0 -30042189276 536870912 1 0 40263662925 -28968447452 1 1 -1073741824 -1655940632 -30579060188 -2446325320 3221093037
0 0 1 0 0 0 0 0 -30042189276 536870912 1 0 40263662925 -28968447452 1 1 -1073741824 -1655940632 -30579060188 -2446325320 3221093037
387606072 -77238310 1 0 1 0 0 32768 8583945620 0 1 536870912 -28968447452 7510203796 0 0 1073741824 464844382 8583945620 686715791 -2317475798
0 0 1 0 0 0 0 32768 8583945620 0 1 536870912 -28968447452 7510203796 0 0 1073741824 464844382 8583945620 686715791 -2317475798
-1878600534 -1704338300 1 0 1 0 0 -32768 -2681103959 536870912 1 -321383435 7510203796 -1607362135 0 0 -1073741824 -174262234 -3217974871 -257438043 600816304
0 0 1 0 0 0 0 -32768 -2681103959 536870912 1 -321383435 7510203796 -1607362135 0 0 -1073741824 -174262234 -3217974871 -257438043 600816304
-1500872527 -1258940161 1 0 1 0 0 -32768 -4788973781 -321383435 1 -536870912 -1607362135 -3715231957 0 0 -1073741824 -241932366 -4467590346 -357407302 -128588971
0 0 1 0 0 0 0 -32768 -4788973781 -321383435 1 -536870912 -1607362135 -3715231957 0 0 -1073741824 -241932366 -4467590346 -357407302 -128588971
-1066358208 -1081197779 1 0 1 0 0 -8021 -262839267 -536870912 0 0 -3715231957 0 0 1 -262839267 14839571 274031645 21922536 -297218557
0 0 1 0 0 0 0 -8021 -262839267 -536870912 0 0 -3715231957 0 0 1 -262839267 14839571 274031645 21922536 -297218557
1182952428 649381020 1 0 1 0 0 32768 9853077994 0 1 536870912 0 8779336170 0 0 1073741824 533571408 9853077994 788246402 0
0 0 1 0 0 0 0 32768 9853077994 0 1 536870912 0 8779336170 0 0 1073741824 533571408 9853077994 788246402 0
171319352 1128985106 1 0 1 0 0 -32768 -17147651205 536870912 1 0 8779336170 -16073909381 0 1 -1073741824 -957665754 -17684522117 -1414762062 702346894
0 0 1 0 0 0 0 -32768 -17147651205 536870912 1 0 8779336170 -16073909381 0 1 -1073741824 -957665754 -17684522117 -1414762062 702346894
1114049351 1667106110 1 0 1 0 0 -32768 -10212899904 0 1 0 -16073909381 -9139158080 0 1 -1073741824 -553056759 -10212899904 -817032161 -1285912752
0 0 1 0 0 0 0 -32768 -10212899904 0 1 0 -16073909381 -9139158080 0 1 -1073741824 -553056759 -10212899904 -817032161 -1285912752
-1852737039 478985381 1 0 1 1 0 0 -43058234604 0 1 0 -9139158080 -41984492780 1 1 -1073741824 -2331722420 -43058234604 -3444659480 -731132647
0 0 1 0 0 0 0 0 -43058234604 0 1 0 -9139158080 -41984492780 1 1 -1073741824 -2331722420 -43058234604 -3444659480 -731132647
298575607 -1281963564 1 0 1 0 0 32768 29186675842 0 1 536870912 -41984492780 28112934018 0 0 1073741824 1580539171 29186675842 2334934550 -3358759426
0 0 1 0 0 0 0 32768 29186675842 0 1 536870912 -41984492780 28112934018 0 0 1073741824 1580539171 29186675842 2334934550 -3358759426
-146265512 643467707 1 0 1 0 0 -32768 -14046562316 536870912 1 -536870912 28112934018 -12972820492 0 0 -1073741824 -789733219 -14583433228 -1166674899 2249034724
0 0 1 0 0 0 0 -32768 -14046562316 536870912 1 -536870912 28112934018 -12972820492 0 0 -1073741824 -789733219 -14583433228 -1166674899 2249034724
-613433231 -1857552922 1 0 1 0 0 32768 22437389262 -536870912 1 0 -12972820492 21363647438 0 1 1073741824 1244119691 22974260174 1837941194 -1037825640
0 0 1 0 0 0 0 32768 22437389262 -536870912 1 0 -12972820492 21363647438 0 1 1073741824 1244119691 22974260174 1837941194 -1037825640
-1335023241 908600696 1 0 1 0 0 -32768 -41431383519 0 1 -536870912 21363647438 -40357641695 0 0 -1073741824 -2243623937 -41431383519 -3314511366 1709091797
0 0 1 0 0 0 0 -32768 -41431383519 0 1 -536870912 21363647438 -40357641695 0 0 -1073741824 -2243623937 -41431383519 -3314511366 1709091797
1540217035 -143679345 1 0 1 0 0 32768 30558427893 -536870912 1 536870912 -40357641695 29484686069 0 0 1073741824 1683896380 31095298805 2487624418 -3228611339
0 0 1 0 0 0 0 32768 30558427893 -536870912 1 536870912 -40357641695 29484686069 0 0 1073741824 1683896380 31095298805 2487624418 -3228611339
-196064517 28277969 1 0 1 0 0 -32768 -3605899819 536870912 1 -536870912 29484686069 -2532157995 0 0 -1073741824 -224342486 -4142770731 -331421727 2358774888
0 0 1 0 0 0 0 -32768 -3605899819 536870912 1 -536870912 29484686069 -2532157995 0 0 -1073741824 -224342486 -4142770731 -331421727 2358774888
520128500 -915394408 1 0 1 0 0 32768 25971894292 -536870912 1 536870912 -2532157995 24898152468 0 0 1073741824 1435522908 26508765204 2120701654 -202572640
0 0 1 0 0 0 0 32768 25971894292 -536870912 1 536870912 -2532157995 24898152468 0 0 1073741824 1435522908 26508765204 2120701654 -202572640
2125289900 1156178305 1 0 1 0 0 32768 18432755112 536870912 1 -23310255 24898152468 17359013288 0 0 1073741824 969111595 17895884200 1431671032 1991852199
0 0 1 0 0 0 0 32768 18432755112 536870912 1 -23310255 24898152468 17359013288 0 0 1073741824 969111595 17895884200 1431671032 1991852199
-772797775 -2011891009 1 1 1 0 0 0 22858129966 -23310255 1 0 17359013288 21784388142 1 1 1073741824 1239093234 22881440221 1830515596 1388721064
0 0 1 0 0 0 0 0 22858129966 -23310255 1 0 17359013288 21784388142 1 1 1073741824 1239093234 22881440221 1830515596 1388721064
296250553 1879736793 1 0 1 0 0 -32768 -29241097238 0 1 0 21784388142 -28167355414 0 1 -1073741824 -1583486240 -29241097238 -2339288262 1742751053
0 0 1 0 0 0 0 -32768 -29241097238 0 1 0 21784388142 -28167355414 0 1 -1073741824 -1583486240 -29241097238 -2339288262 1742751053
1804902134 1649745134 1 0 1 0 0 32768 2865172307 0 1 536870912 -28167355414 1791430483 0 0 1073741824 155157000 2865172307 229213832 -2253388435
0 0 1 0 0 0 0 32768 2865172307 0 1 536870912 -28167355414 1791430483 0 0 1073741824 155157000 2865172307 229213832 -2253388435
287507288 -1486589395 1 0 1 0 0 32768 33297833594 536870912 1 536870912 1791430483 32224091770 0 0 1073741824 1774096683 32760962682 2620877556 143314439
0 0 1 0 0 0 0 32768 33297833594 536870912 1 536870912 1791430483 32224091770 0 0 1073741824 1774096683 32760962682 2620877556 143314439
1722407790 846907354 1 0 1 0 0 32768 16704105419 536870912 1 -536870912 32224091770 15630363595 0 0 1073741824 875500436 16167234507 1293379028 2577927344
0 0 1 0 0 0 0 32768 16704105419 536870912 1 -536870912 32224091770 15630363595 0 0 1073741824 875500436 16167234507 1293379028 2577927344
-1183390004 -840100428 1 0 1 0 0 -32768 -6876151683 -536870912 1 -536870912 15630363595 -5802409859 0 0 -1073741824 -343289576 -6339280771 -507142566 1250429089
0 0 1 0 0 0 0 -32768 -6876151683 -536870912 1 -536870912 15630363595 -5802409859 0 0 -1073741824 -343289576 -6339280771 -507142566 1250429089
1065311227 -2112367809 0 0 1 0 0 0 58143033804 -536870912 1 0 -5802409859 57069291980 1 1 1073741824 3177679036 58679904716 4694393347 -464192789
0 0 1 0 0 0 0 0 58143033804 -536870912 1 0 -5802409859 57069291980 1 1 1073741824 3177679036 58679904716 4694393347 -464192789
559302689 -26926834 1 0 1 0 0 32768 10825477388 0 1 -536870912 57069291980 9751735564 0 0 1073741824 586229523 10825477388 866038370 4565543363
0 0 1 0 0 0 0 32768 10825477388 0 1 -536870912 57069291980 9751735564 0 0 1073741824 586229523 10825477388 866038370 4565543363
-703562715 -112240794 1 0 1 0 0 -32768 -11456385938 -536870912 1 -536870912 9751735564 -10382644114 0 0 -1073741824 -591321921 -10919515026 -873561383 780138846
0 0 1 0 0 0 0 -32768 -11456385938 -536870912 1 -536870912 9751735564 -10382644114 0 0 -1073741824 -591321921 -10919515026 -873561383 780138846
-2007682679 1508226092 1 0 1 0 0 -32768 -65462619968 -536870912 1 -536870912 -10382644114 -64388878144 0 0 -1073741824 -3515908771 -64925749056 -5194060997 -830611530
0 0 1 0 0 0 0 -32768 -65462619968 -536870912 1 -536870912 -10382644114 -64388878144 0 0 -1073741824 -3515908771 -64925749056 -5194060997 -830611530
-1672438208 751263578 1 0 1 0 1 0 -45293622066 -536870912 1 0 -64388878144 -44219880242 1 1 -1073741824 -2423701786 -44756751154 -3580540832 -5151110256
0 0 1 0 0 0 0 0 -45293622066 -536870912 1 0 -64388878144 -44219880242 1 1 -1073741824 -2423701786 -44756751154 -3580540832 -5151110256
949370345 -1155303643 1 0 1 0 0 32768 38865495122 0 1 536870912 -44219880242 37791753298 0 0 1073741824 2104673988 38865495122 3109240252 -3537590423
0 0 1 0 0 0 0 32768 38865495122 0 1 536870912 -44219880242 37791753298 0 0 1073741824 2104673988 38865495122 3109240252 -3537590423
3331816 1278381165 1 0 1 0 0 -32768 -23008544927 536870912 1 0 37791753298 -21934803103 0 1 -1073741824 -1275049349 -23545415839 -1883633656 3023340267
0 0 1 0 0 0 0 -32768 -23008544927 536870912 1 0 37791753298 -21934803103 0 1 -1073741824 -1275049349 -23545415839 -1883633656 3023340267
-827543598 1852748563 1 0 1 0 0 -32768 -49495020370 0 1 -536870912 -21934803103 -48421278546 0 0 -1073741824 -2680292161 -49495020370 -3959602448 -1754784250
0 0 1 0 0 0 0 -32768 -49495020370 0 1 -536870912 -21934803103 -48421278546 0 0 -1073741824 -2680292161 -49495020370 -3959602448 -1754784250
1497567527 -73478331 1 0 1 0 0 32768 28474498772 -536870912 1 536870912 -48421278546 27400756948 0 0 1073741824 1571045858 29011369684 2320910054 -3873702287
0 0 1 0 0 0 0 32768 28474498772 -536870912 1 536870912 -48421278546 27400756948 0 0 1073741824 1571045858 29011369684 2320910054 -3873702287
-1917953294 -2077623003 1 0 1 0 0 32768 3485376159 536870912 1 0 27400756948 2411634335 0 1 1073741824 159669709 2948505247 235880468 2192060558
0 0 1 0 0 0 0 32768 3485376159 536870912 1 0 27400756948 2411634335 0 1 1073741824 159669709 2948505247 235880468 2192060558
1541326373 -1471445851 1 0 1 0 0 32768 55634689669 0 1 536870912 2411634335 54560947845 0 0 1073741824 3012772224 55634689669 4450776093 192930747
0 0 1 0 0 0 0 32768 55634689669 0 1 536870912 2411634335 54560947845 0 0 1073741824 3012772224 55634689669 4450776093 192930747
1046132528 -1007678429 1 0 1 0 0 32768 38463115160 536870912 1 -536870912 54560947845 37389373336 0 0 1073741824 2053810957 37926244248 3034100167 4364875832
0 0 1 0 0 0 0 32768 38463115160 536870912 1 -536870912 54560947845 37389373336 0 0 1073741824 2053810957 37926244248 3034100167 4364875832
240925777 1918711938 1 0 1 0 0 -32768 -31519336713 -536870912 1 0 37389373336 -30445594889 0 1 -1073741824 -1677786161 -30982465801 -2478597776 2991149870
0 0 1 0 0 0 0 -32768 -31519336713 -536870912 1 0 37389373336 -30445594889 0 1 -1073741824 -1677786161 -30982465801 -2478597776 2991149870
853010659 -529581801 1 0 1 0 0 32768 25531336832 0 1 536870912 -30445594889 24457595008 0 0 1073741824 1382592460 25531336832 2042507369 -2435647593
0 0 1 0 0 0 0 32768 25531336832 0 1 536870912 -30445594889 24457595008 0 0 1073741824 1382592460 25531336832 2042507369 -2435647593
1097754242 -818849327 1 0 1 0 0 32768 35929405379 536870912 1 536870912 24457595008 34855663555 0 0 1073741824 1916603569 35392534467 2831403342 1956607602
0 0 1 0 0 0 0 32768 35929405379 536870912 1 536870912 24457595008 34855663555 0 0 1073741824 1916603569 35392534467 2831403342 1956607602
-627905357 63233931 1 0 1 0 0 -32768 -12225899370 536870912 1 -536870912 34855663555 -11152157546 0 0 -1073741824 -691139288 -12762770282 -1021021833 2788453087
0 0 1 0 0 0 0 -32768 -12225899370 536870912 1 -536870912 34855663555 -11152157546 0 0 -1073741824 -691139288 -12762770282 -1021021833 2788453087
121311392 1186558356 1 0 1 0 0 -32768 -20208017569 -536870912 1 0 -11152157546 -19134275745 0 1 -1073741824 -1065246964 -19671146657 -1573692058 -892172605
0 0 1 0 0 0 0 -32768 -20208017569 -536870912 1 0 -11152157546 -19134275745 0 1 -1073741824 -1065246964 -19671146657 -1573692058 -892172605
1633419554 -1133062121 1 0 1 0 0 32768 51086619903 0 1 536870912 -19134275745 50012878079 0 0 1073741824 2766481675 51086619903 4086930437 -1530742061
0 0 1 0 0 0 0 32768 51086619903 0 1 536870912 -19134275745 50012878079 0 0 1073741824 2766481675 51086619903 4086930437 -1530742061
1213246899 1047621219 1 0 1 0 0 32768 3595360775 536870912 1 -536870912 50012878079 2521618951 0 0 1073741824 165625680 3058489863 244679240 4001030250
0 0 1 0 0 0 0 32768 3595360775 536870912 1 -536870912 50012878079 2521618951 0 0 1073741824 165625680 3058489863 244679240 4001030250
218008841 -77393563 1 0 1 0 0 32768 4918112025 -536870912 1 -302201703 2521618951 3844370201 0 0 1073741824 295402404 5454982937 436398725 201729516
0 0 1 0 0 0 0 32768 4918112025 -536870912 1 -302201703 2521618951 3844370201 0 0 1073741824 295402404 5454982937 436398725 201729516
-773634891 -856900407 1 0 1 0 0 32768 1235402470 -302201703 1 0 3844370201 161660646 0 1 1073741824 83265516 1537604173 123008359 307549616
0 0 1 0 0 0 0 32768 1235402470 -302201703 1 0 3844370201 161660646 0 1 1073741824 83265516 1537604173 123008359 307549616
-1242778997 1977338838 1 0 1 0 0 -32768 -59463591379 0 1 -536870912 161660646 -58389849555 0 0 -1073741824 -3220117835 -59463591379 -4757088293 12932852
0 0 1 0 0 0 0 -32768 -59463591379 0 1 -536870912 161660646 -58389849555 0 0 -1073741824 -3220117835 -59463591379 -4757088293 12932852
-1686156949 -1950187386 1 0 1 0 0 32768 4338788558 -536870912 1 0 -58389849555 3265046734 0 1 1073741824 264030437 4875659470 390052838 -4671187969
0 0 1 0 0 0 0 32768 4338788558 -536870912 1 0 -58389849555 3265046734 0 1 1073741824 264030437 4875659470 390052838 -4671187969
239901800 -156961320 0 0 1 0 0 0 7328584732 0 1 0 3265046734 6254842908 1 1 1073741824 396863120 7328584732 586286900 261203739
0 0 1 0 0 0 0 0 7328584732 0 1 0 3265046734 6254842908 1 1 1073741824 396863120 7328584732 586286900 261203739
-951522406 1501438692 1 0 1 0 0 -32768 -45297061746 0 1 -536870912 6254842908 -44223319922 0 0 -1073741824 -2452961098 -45297061746 -3623765688 500387433
0 0 1 0 0 0 0 -32768 -45297061746 0 1 -536870912 6254842908 -44223319922 0 0 -1073741824 -2452961098 -45297061746 -3623765688 500387433
39894165 -1400376326 1 1 1 0 0 0 26059564480 -536870912 1 0 -44223319922 24985822656 1 1 1073741824 1440270491 26596435392 2127715271 -3537865597
0 0 1 0 0 0 0 0 26059564480 -536870912 1 0 -44223319922 24985822656 1 1 1073741824 1440270491 26596435392 2127715271 -3537865597
-1550079728 -206965669 1 0 1 0 0 -32768 -24802317702 0 1 -536870912 24985822656 -23728575878 0 0 -1073741824 -1343114059 -24802317702 -1984185826 1998865814
0 0 1 0 0 0 0 -32768 -24802317702 0 1 -536870912 24985822656 -23728575878 0 0 -1073741824 -1343114059 -24802317702 -1984185826 1998865814
1565833174 -597941133 1 0 1 0 0 32768 39419987135 -536870912 1 536870912 -23728575878 38346245311 0 0 1073741824 2163774307 39956858047 3196549304 -1898286072
0 0 1 0 0 0 0 32768 39419987135 -536870912 1 536870912 -23728575878 38346245311 0 0 1073741824 2163774307 39956858047 3196549304 -1898286072
-633094357 972015849 1 0 1 0 0 -32768 -29103540495 536870912 1 -536870912 38346245311 -28029798671 0 0 -1073741824 -1605110206 -29640411407 -2371233402 3067699628
0 0 1 0 0 0 0 -32768 -29103540495 536870912 1 -536870912 38346245311 -28029798671 0 0 -1073741824 -1605110206 -29640411407 -2371233402 3067699628
-17351933 -1859081677 1 0 1 0 0 32768 33473022682 -536870912 1 0 -28029798671 32399280858 0 1 1073741824 1841729744 34009893594 2720792050 -2242383896
0 0 1 0 0 0 0 32768 33473022682 -536870912 1 0 -28029798671 32399280858 0 1 1073741824 1841729744 34009893594 2720792050 -2242383896
1953205263 118702389 1 0 1 0 0 32768 33876440203 0 1 118173305 32399280858 32802698379 0 0 1073741824 1834502874 33876440203 2710115776 2591942471
0 0 1 0 0 0 0 32768 33876440203 0 1 118173305 32399280858 32802698379 0 0 1073741824 1834502874 33876440203 2710115776 2591942471
-880579774 10363468 1 0 1 0 0 -32768 -16334232352 118173305 1 -536870912 32802698379 -15260490528 0 0 -1073741824 -890943242 -16452405657 -1316192724 2624215873
0 0 1 0 0 0 0 -32768 -16334232352 118173305 1 -536870912 32802698379 -15260490528 0 0 -1073741824 -890943242 -16452405657 -1316192724 2624215873
1482159260 1612713525 1 0 1 0 0 -32768 -2947722274 -536870912 1 0 -15260490528 -1873980450 0 1 -1073741824 -130554265 -2410851362 -192868149 -1220839243
0 0 1 0 0 0 0 -32768 -2947722274 -536870912 1 0 -15260490528 -1873980450 0 1 -1073741824 -130554265 -2410851362 -192868149 -1220839243
-1988491520 -845241769 1 0 1 0 0 -32768 -21111567812 0 1 -536870912 -1873980450 -20037825988 0 0 -1073741824 -1143249751 -21111567812 -1688925774 -149918436
0 0 1 0 0 0 0 -32768 -21111567812 0 1 -536870912 -1873980450 -20037825988 0 0 -1073741824 -1143249751 -21111567812 -1688925774 -149918436
315498944 357291708 1 0 1 0 0 -32768 -1308627714 -536870912 1 0 -20037825988 -234885890 0 1 -1073741824 -41792764 -771756802 -61740557 -1603026081
0 0 1 0 0 0 0 -32768 -1308627714 -536870912 1 0 -20037825988 -234885890 0 1 -1073741824 -41792764 -771756802 -61740557 -1603026081
189023936 1557694241 1 0 1 0 0 -32768 -25274246447 0 1 0 -234885890 -24200504623 0 1 -1073741824 -1368670305 -25274246447 -2021940133 -18790871
0 0 1 0 0 0 0 -32768 -25274246447 0 1 0 -234885890 -24200504623 0 1 -1073741824 -1368670305 -25274246447 -2021940133 -18790871
-604302801 -1322198698 1 0 1 0 0 32768 13256865264 0 1 0 -24200504623 12183123440 0 1 1073741824 717895897 13256865264 1060549440 -1936040372
0 0 1 0 0 0 0 32768 13256865264 0 1 0 -24200504623 12183123440 0 1 1073741824 717895897 13256865264 1060549440 -1936040372
-1938761864 -1117485395 1 0 1 0 0 -32768 -15165919654 0 1 -536870912 12183123440 -14092177830 0 0 -1073741824 -821276469 -15165919654 -1213273823 974649876
0 0 1 0 0 0 0 -32768 -15165919654 0 1 -536870912 12183123440 -14092177830 0 0 -1073741824 -821276469 -15165919654 -1213273823 974649876
-903575390 -429922114 1 0 1 0 0 -32768 -9283484018 -536870912 1 -109225878 -14092177830 -8209742194 0 0 -1073741824 -473653276 -8746613106 -699729193 -1127374227
0 0 1 0 0 0 0 -32768 -9283484018 -536870912 1 -109225878 -14092177830 -8209742194 0 0 -1073741824 -473653276 -8746613106 -699729193 -1127374227
2094233509 85624927 1 0 1 0 0 32768 36982298743 -109225878 1 536870912 -8209742194 35908556919 0 0 1073741824 2008608582 37091524621 2967322583 -656779376
0 0 1 0 0 0 0 32768 36982298743 -109225878 1 536870912 -8209742194 35908556919 0 0 1073741824 2008608582 37091524621 2967322583 -656779376
238063939 1563097951 1 0 1 0 0 -32768 -23931575614 536870912 1 0 35908556919 -22857833790 0 1 -1073741824 -1325034012 -24468446526 -1957476126 2872684556
0 0 1 0 0 0 0 -32768 -23931575614 536870912 1 0 35908556919 -22857833790 0 1 -1073741824 -1325034012 -24468446526 -1957476126 2872684556
1464696645 440800147 1 0 1 0 0 32768 18907557453 0 1 536870912 -22857833790 17833815629 0 0 1073741824 1023896498 18907557453 1512604909 -1828626705
0 0 1 0 0 0 0 32768 18907557453 0 1 536870912 -22857833790 17833815629 0 0 1073741824 1023896498 18907557453 1512604909 -1828626705
-1417179504 1194595049 1 0 1 0 0 -32768 -47692884256 536870912 1 -536870912 17833815629 -46619142432 0 0 -1073741824 -2611774553 -48229755168 -3858381210 1426705252
0 0 1 0 0 0 0 -32768 -47692884256 536870912 1 -536870912 17833815629 -46619142432 0 0 -1073741824 -2611774553 -48229755168 -3858381210 1426705252
-521383003 833323337 1 0 1 0 0 -32768 -25553254898 -536870912 1 536870912 -46619142432 -24479513074 0 0 -1073741824 -1354706340 -25016383986 -2001311132 -3729531398
0 0 1 0 0 0 0 -32768 -25553254898 -536870912 1 536870912 -46619142432 -24479513074 0 0 -1073741824 -1354706340 -25016383986 -2001311132 -3729531398
1071011883 -625531542 1 0 1 0 0 32768 31865713566 536870912 1 536870912 -24479513074 30791971742 0 0 1073741824 1696543425 31328842654 2506307930 -1958361048
0 0 1 0 0 0 0 32768 31865713566 536870912 1 536870912 -24479513074 30791971742 0 0 1073741824 1696543425 31328842654 2506307930 -1958361048
-1448860222 1777443512 1 0 1 0 0 -32768 -59040950998 536870912 1 -536870912 30791971742 -57967209174 0 0 -1073741824 -3226303734 -59577821910 -4766226737 2463357742
0 0 1 0 0 0 0 -32768 -59040950998 536870912 1 -536870912 30791971742 -57967209174 0 0 -1073741824 -3226303734 -59577821910 -4766226737 2463357742
-1350814232 911492579 0 0 1 0 0 0 -42313257578 -536870912 1 0 -57967209174 -41239515754 1 1 -1073741824 -2262306811 -41776386666 -3342111624 -4637376738
0 0 1 0 0 0 0 0 -42313257578 -536870912 1 0 -57967209174 -41239515754 1 1 -1073741824 -2262306811 -41776386666 -3342111624 -4637376738
-2063671900 -1807555082 1 0 1 0 0 -32768 -4729524381 0 1 536870912 -41239515754 -3655782557 0 0 -1073741824 -256116818 -4729524381 -378362029 -3299161263
0 0 1 0 0 0 0 -32768 -4729524381 0 1 536870912 -41239515754 -3655782557 0 0 -1073741824 -256116818 -4729524381 -378362029 -3299161263
658963569 -85221777 1 0 1 0 0 32768 14279204451 536870912 1 536870912 -3655782557 13205462627 0 0 1073741824 744185346 13742333539 1099386910 -292462605
0 0 1 0 0 0 0 32768 14279204451 536870912 1 536870912 -3655782557 13205462627 0 0 1073741824 744185346 13742333539 1099386910 -292462605
771871430 716676467 1 0 1 0 0 32768 1556116447 536870912 1 -438026439 13205462627 482374623 0 0 1073741824 55194963 1019245535 81539660 1056437011
0 0 1 0 0 0 0 32768 1556116447 536870912 1 -438026439 13205462627 482374623 0 0 1073741824 55194963 1019245535 81539660 1056437011
1944684286 587476010 1 0 1 0 0 32768 24624558993 -438026439 1 536870912 482374623 23550817169 0 0 1073741824 1357208276 25062585432 2005007249 38589970
0 0 1 0 0 0 0 32768 24624558993 -438026439 1 536870912 482374623 23550817169 0 0 1073741824 1357208276 25062585432 2005007249 38589970
795166750 251094778 1 0 1 0 0 32768 10583855240 536870912 1 -536870912 23550817169 9510113416 0 0 1073741824 544071972 10046984328 803758912 1884065375
0 0 1 0 0 0 0 32768 10583855240 536870912 1 -536870912 23550817169 9510113416 0 0 1073741824 544071972 10046984328 803758912 1884065375
1279805544 1745287335 1 0 1 1 0 0 -9132587104 -536870912 1 0 9510113416 -8058845280 1 1 -1073741824 -465481791 -8595716192 -687657437 760809074
0 0 1 0 0 0 0 0 -9132587104 -536870912 1 0 9510113416 -8058845280 1 1 -1073741824 -465481791 -8595716192 -687657437 760809074
-890451282 1301683901 1 0 1 0 0 -32768 -40480577870 0 1 -536870912 -8058845280 -39406836046 0 0 -1073741824 -2192135183 -40480577870 -3238446899 -644707623
0 0 1 0 0 0 0 -32768 -40480577870 0 1 -536870912 -8058845280 -39406836046 0 0 -1073741824 -2192135183 -40480577870 -3238446899 -644707623
-2056808039 1039025384 1 0 1 0 0 -32768 -57705391779 -536870912 1 -536870912 -39406836046 -56631649955 0 0 -1073741824 -3095833423 -57168520867 -4573482614 -3152546887
0 0 1 0 0 0 0 -32768 -57705391779 -536870912 1 -536870912 -39406836046 -56631649955 0 0 -1073741824 -3095833423 -57168520867 -4573482614 -3152546887
1107908291 899676330 1 0 1 0 0 32768 3308398384 -536870912 1 536870912 -56631649955 2234656560 0 0 1073741824 208231961 3845269296 307621607 -4530532001
0 0 1 0 0 0 0 32768 3308398384 -536870912 1 536870912 -56631649955 2234656560 0 0 1073741824 208231961 3845269296 307621607 -4530532001
1874698117 1853085188 1 1 1 0 0 0 935981269 536870912 0 0 2234656560 0 1 1 935981269 21612929 399110357 31928835 178772525
0 0 1 0 0 0 0 0 935981269 536870912 0 0 2234656560 0 1 1 935981269 21612929 399110357 31928835 178772525
648734577 -2023531717 1 0 1 0 0 32768 49346812479 0 1 536870912 0 48273070655 0 0 1073741824 2672266294 49346812479 3947745814 0
0 0 1 0 0 0 0 32768 49346812479 0 1 536870912 0 48273070655 0 0 1073741824 2672266294 49346812479 3947745814 0
1010232051 -1563988244 1 0 1 0 0 32768 48073138709 536870912 1 477927465 48273070655 46999396885 0 0 1073741824 2574220295 47536267797 3802902209 3861845656
0 0 1 0 0 0 0 32768 48073138709 536870912 1 477927465 48273070655 46999396885 0 0 1073741824 2574220295 47536267797 3802902209 3861845656
1074608693 1119841482 1 0 1 0 0 -10906 -357353795 477927465 0 0 46999396885 0 0 1 -357353795 -45232789 -835281260 -66822515 3759951754
0 0 1 0 0 0 0 -10906 -357353795 477927465 0 0 46999396885 0 0 1 -357353795 -45232789 -835281260 -66822515 3759951754
-824123138 -1515242421 1 0 1 0 0 32768 12762400864 0 1 0 0 11688659040 0 1 1073741824 691119283 12762400864 1020992280 0
0 0 1 0 0 0 0 32768 12762400864 0 1 0 0 11688659040 0 1 1073741824 691119283 12762400864 1020992280 0
2115702223 -914890559 1 0 1 0 0 32768 55963769048 0 1 536870912 11688659040 54890027224 0 0 1073741824 3030592782 55963769048 4477102449 935092724
0 0 1 0 0 0 0 32768 55963769048 0 1 536870912 11688659040 54890027224 0 0 1073741824 3030592782 55963769048 4477102449 935092724
262648591 -1140062282 1 0 1 0 0 32768 26439719953 536870912 1 -536870912 54890027224 25365978129 0 0 1073741824 1402710873 25902849041 2072228351 4391202182
0 0 1 0 0 0 0 32768 26439719953 536870912 1 -536870912 54890027224 25365978129 0 0 1073741824 1402710873 25902849041 2072228351 4391202182
1767117491 -2088242865 1 0 1 0 0 32768 70657285506 -536870912 1 536870912 25365978129 69583543682 0 0 1073741824 3855360356 71194156418 5695533690 2029278252
0 0 1 0 0 0 0 32768 70657285506 -536870912 1 536870912 25365978129 69583543682 0 0 1073741824 3855360356 71194156418 5695533690 2029278252
301639598 99001450 1 0 1 0 0 32768 4278843302 536870912 1 -536870912 69583543682 3205101478 0 0 1073741824 202638148 3741972390 299357853 5566683500
0 0 1 0 0 0 0 32768 4278843302 536870912 1 -536870912 69583543682 3205101478 0 0 1073741824 202638148 3741972390 299357853 5566683500
1737215592 635361580 1 0 1 0 0 32768 19810271673 -536870912 1 536870912 3205101478 18736529849 0 0 1073741824 1101854012 20347142585 1627771743 256408118
0 0 1 0 0 0 0 32768 19810271673 -536870912 1 536870912 3205101478 18736529849 0 0 1073741824 1101854012 20347142585 1627771743 256408118
539407538 -464785449 1 0 1 0 0 32768 19080577852 536870912 1 521445385 18736529849 18006836028 0 0 1073741824 1004192987 18543706940 1483496862 1498922389
0 0 1 0 0 0 0 32768 19080577852 536870912 1 521445385 18736529849 18006836028 0 0 1073741824 1004192987 18543706940 1483496862 1498922389
-1308276210 -1752285181 1 0 1 0 0 32768 8720638512 521445385 1 0 18006836028 7646896688 0 1 1073741824 444008971 8199193127 655935586 1440546884
0 0 1 0 0 0 0 32768 8720638512 521445385 1 0 18006836028 7646896688 0 1 1073741824 444008971 8199193127 655935586 1440546884
-979200859 -1633593470 1 0 1 0 0 32768 12084195926 0 1 0 7646896688 11010454102 0 1 1073741824 654392611 12084195926 966735874 611751736
0 0 1 0 0 0 0 32768 12084195926 0 1 0 7646896688 11010454102 0 1 1073741824 654392611 12084195926 966735874 611751736
1294992756 -1315450608 0 0 1 0 0 0 48205173062 0 1 0 11010454102 47131431238 1 1 1073741824 2610443364 48205173062 3856414642 880836329
0 0 1 0 0 0 0 0 48205173062 0 1 0 11010454102 47131431238 1 1 1073741824 2610443364 48205173062 3856414642 880836329
-111418305 -2133287740 1 0 1 0 0 32768 37336403220 0 1 0 47131431238 36262661396 0 1 1073741824 2021869435 37336403220 2986912875 3770514503
0 0 1 0 0 0 0 32768 37336403220 0 1 0 47131431238 36262661396 0 1 1073741824 2021869435 37336403220 2986912875 3770514503
-1399234166 -971180100 1 0 1 0 0 -32768 -7904565414 0 1 -536870912 36262661396 -6830823590 0 0 -1073741824 -428054066 -7904565414 -632365364 2901012914
0 0 1 0 0 0 0 -32768 -7904565414 0 1 -536870912 36262661396 -6830823590 0 0 -1073741824 -428054066 -7904565414 -632365364 2901012914
886118326 -900574508 1 0 1 0 0 32768 32456695797 -536870912 1 536870912 -6830823590 31382953973 0 0 1073741824 1786692834 32993566709 2639485882 -546465888
0 0 1 0 0 0 0 32768 32456695797 -536870912 1 536870912 -6830823590 31382953973 0 0 1073741824 1786692834 32993566709 2639485882 -546465888
427136554 1822075824 1 0 1 0 0 -32768 -25222465547 536870912 1 0 31382953973 -24148723723 0 1 -1073741824 -1394939270 -25759336459 -2060747342 2510636320
0 0 1 0 0 0 0 -32768 -25222465547 536870912 1 0 31382953973 -24148723723 0 1 -1073741824 -1394939270 -25759336459 -2060747342 2510636320
-715726383 -585008331 1 0 1 0 0 -32768 -2413875898 0 1 536870912 -24148723723 -1340134074 0 0 -1073741824 -130718052 -2413875898 -193110112 -1931897900
0 0 1 0 0 0 0 -32768 -2413875898 0 1 536870912 -24148723723 -1340134074 0 0 -1073741824 -130718052 -2413875898 -193110112 -1931897900
1199708144 -209803564 1 0 1 0 1 0 26565306064 536870912 1 0 -1340134074 25491564240 1 1 1073741824 1409511708 26028435152 2082275242 -107210726
0 0 1 0 0 0 0 0 26565306064 536870912 1 0 -1340134074 25491564240 1 1 1073741824 1409511708 26028435152 2082275242 -107210726
1367659146 1735479187 1 0 1 0 0 -32768 -6792267159 0 1 0 25491564240 -5718525335 0 1 -1073741824 -367820041 -6792267159 -543381485 2039325141
0 0 1 0 0 0 0 -32768 -6792267159 0 1 0 25491564240 -5718525335 0 1 -1073741824 -367820041 -6792267159 -543381485 2039325141
2097544165 2025966072 1 0 1 0 0 32768 1321780970 0 1 536870912 -5718525335 248039146 0 0 1073741824 71578093 1321780970 105742499 -457482027
0 0 1 0 0 0 0 32768 1321780970 0 1 536870912 -5718525335 248039146 0 0 1073741824 71578093 1321780970 105742499 -457482027
1430879643 -654347410 1 0 1 0 0 32768 39043253525 536870912 1 536870912 248039146 37969511701 0 0 1073741824 2085227053 38506382613 3080511245 19843132
0 0 1 0 0 0 0 32768 39043253525 536870912 1 536870912 248039146 37969511701 0 0 1073741824 2085227053 38506382613 3080511245 19843132
2111207979 -624926182 1 0 1 0 0 32768 51063085183 536870912 1 536870912 37969511701 49989343359 0 0 1073741824 2736134161 50526214271 4042097977 3037560939
0 0 1 0 0 0 0 32768 51063085183 536870912 1 536870912 37969511701 49989343359 0 0 1073741824 2736134161 50526214271 4042097977 3037560939
-896430716 -207209639 1 0 1 0 0 -32768 -12190477152 536870912 1 -536870912 49989343359 -11116735328 0 0 -1073741824 -689221077 -12727348064 -1018188055 3999147472
0 0 1 0 0 0 0 -32768 -12190477152 536870912 1 -536870912 49989343359 -11116735328 0 0 -1073741824 -689221077 -12727348064 -1018188055 3999147472
1882213580 1208138485 1 0 1 0 0 32768 11910787236 -536870912 1 536870912 -11116735328 10837045412 0 0 1073741824 674075095 12447658148 995812858 -889338827
0 0 1 0 0 0 0 32768 11910787236 -536870912 1 536870912 -11116735328 10837045412 0 0 1073741824 674075095 12447658148 995812858 -889338827
-1813896796 1556108977 1 0 1 0 0 -32768 -61694592811 536870912 1 -536870912 10837045412 -60620850987 0 0 -1073741824 -3370005773 -62231463723 -4978518126 866963634
0 0 1 0 0 0 0 -32768 -61694592811 536870912 1 -536870912 10837045412 -60620850987 0 0 -1073741824 -3370005773 -62231463723 -4978518126 866963634
215098056 1344371091 1 0 1 0 0 -32768 -21390340800 -536870912 1 0 -60620850987 -20316598976 0 1 -1073741824 -1129273035 -20853469888 -1668277936 -4849668083
0 0 1 0 0 0 0 -32768 -21390340800 -536870912 1 0 -60620850987 -20316598976 0 1 -1073741824 -1129273035 -20853469888 -1668277936 -4849668083
-464210524 -300376717 1 0 1 0 0 -32768 -3025400638 0 1 536870912 -20316598976 -1951658814 0 0 -1073741824 -163833807 -3025400638 -242032101 -1625327920
0 0 1 0 0 0 0 -32768 -3025400638 0 1 536870912 -20316598976 -1951658814 0 0 -1073741824 -163833807 -3025400638 -242032101 -1625327920
1470387357 -282660785 1 0 1 0 0 32768 32909145383 536870912 1 536870912 -1951658814 31835403559 0 0 1073741824 1753048142 32372274471 2589782493 -156132705
0 0 1 0 0 0 0 32768 32909145383 536870912 1 536870912 -1951658814 31835403559 0 0 1073741824 1753048142 32372274471 2589782493 -156132705
1402953191 -1855616991 1 0 1 0 0 32768 60710534024 536870912 1 536870912 31835403559 59636792200 0 0 1073741824 3258570182 60173663112 4813894043 2546832287
0 0 1 0 0 0 0 32768 60710534024 536870912 1 536870912 31835403559 59636792200 0 0 1073741824 3258570182 60173663112 4813894043 2546832287
1624005556 690779358 1 1 1 0 0 0 17770085392 536870912 1 0 59636792200 16696343568 1 1 1073741824 933226198 17233214480 1378657443 4770943380
0 0 1 0 0 0 0 0 17770085392 536870912 1 0 59636792200 16696343568 1 1 1073741824 933226198 17233214480 1378657443 4770943380
-1994355935 -1304272732 1 0 1 0 0 -32768 -12743268322 0 1 -536870912 16696343568 -11669526498 0 0 -1073741824 -690083203 -12743268322 -1019461676 1335707487
0 0 1 0 0 0 0 -32768 -12743268322 0 1 -536870912 16696343568 -11669526498 0 0 -1073741824 -690083203 -12743268322 -1019461676 1335707487
-103393247 870455575 1 0 1 0 0 -32768 -18520234063 -536870912 1 -536870912 -11669526498 -17446492239 0 0 -1073741824 -973848822 -17983363151 -1438669349 -933562121
0 0 1 0 0 0 0 -32768 -18520234063 -536870912 1 -536870912 -11669526498 -17446492239 0 0 -1073741824 -973848822 -17983363151 -1438669349 -933562121
-664195204 -238146650 1 0 1 0 0 -32768 -8404401984 -536870912 1 229445852 -17446492239 -7330660160 0 0 -1073741824 -426048554 -7867531072 -629402616 -1395719380
0 0 1 0 0 0 0 -32768 -8404401984 -536870912 1 229445852 -17446492239 -7330660160 0 0 -1073741824 -426048554 -7867531072 -629402616 -1395719380
188571698 1807698979 1 0 1 0 0 -32768 -29669808760 229445852 1 0 -7330660160 -28596066936 0 1 -1073741824 -1619127281 -29899254612 -2391940863 -586452813
0 0 1 0 0 0 0 -32768 -29669808760 229445852 1 0 -7330660160 -28596066936 0 1 -1073741824 -1619127281 -29899254612 -2391940863 -586452813
423875456 -423852911 0 0 1 0 0 0 15654387758 0 1 0 -28596066936 14580645934 1 1 1073741824 847728367 15654387758 1252351279 -2287685357
0 0 1 0 0 0 0 0 15654387758 0 1 0 -28596066936 14580645934 1 1 1073741824 847728367 15654387758 1252351279 -2287685357
1284931395 285576813 1 0 1 0 0 32768 18454359608 0 1 309897398 14580645934 17380617784 0 0 1073741824 999354582 18454359608 1476349074 1166451676
0 0 1 0 0 0 0 32768 18454359608 0 1 309897398 14580645934 17380617784 0 0 1073741824 999354582 18454359608 1476349074 1166451676
-1107226458 136132827 1 0 1 0 0 -32768 -22650320907 309897398 1 -536870912 17380617784 -21576579083 0 0 -1073741824 -1243359285 -22960218305 -1836817844 1390449424
0 0 1 0 0 0 0 -32768 -22650320907 309897398 1 -536870912 17380617784 -21576579083 0 0 -1073741824 -1243359285 -22960218305 -1836817844 1390449424
126493848 -385378981 1 0 1 0 0 32768 8915515088 -536870912 1 536870912 -21576579083 7841773264 0 0 1073741824 511872829 9452386000 756191036 -1726126328
0 0 1 0 0 0 0 32768 8915515088 -536870912 1 536870912 -21576579083 7841773264 0 0 1073741824 511872829 9452386000 756191036 -1726126328
1799798242 -1309992142 1 0 1 0 0 32768 57963124902 536870912 1 536870912 7841773264 56889383078 0 0 1073741824 3109790384 57426253990 4594101268 627341862
0 0 1 0 0 0 0 32768 57963124902 536870912 1 536870912 7841773264 56889383078 0 0 1073741824 3109790384 57426253990 4594101268 627341862
342891682 439180968 1 0 1 0 0 -32768 -1241233819 536870912 1 0 56889383078 -167491995 0 1 -1073741824 -96289286 -1778104731 -142248408 4551150650
0 0 1 0 0 0 0 -32768 -1241233819 536870912 1 0 56889383078 -167491995 0 1 -1073741824 -96289286 -1778104731 -142248408 4551150650
1877436764 -362067443 1 0 1 0 0 32768 41355307439 0 1 536870912 -167491995 40281565615 0 0 1073741824 2239504207 41355307439 3308425279 -13399360
0 0 1 0 0 0 0 32768 41355307439 0 1 536870912 -167491995 40281565615 0 0 1073741824 2239504207 41355307439 3308425279 -13399360
-716757508 2104099933 1 0 1 0 0 -32768 -51553867007 536870912 1 -536870912 40281565615 -50480125183 0 0 -1073741824 -2820857441 -52090737919 -4167259894 3222525252
0 0 1 0 0 0 0 -32768 -51553867007 536870912 1 -536870912 40281565615 -50480125183 0 0 -1073741824 -2820857441 -52090737919 -4167259894 3222525252
-1421453898 -131854190 1 0 1 0 0 -32768 -24350977727 -536870912 1 536870912 -50480125183 -23277235903 0 0 -1073741824 -1289599708 -23814106815 -1905128939 -4038410018
0 0 1 0 0 0 0 -32768 -24350977727 -536870912 1 536870912 -50480125183 -23277235903 0 0 -1073741824 -1289599708 -23814106815 -1905128939 -4038410018
-576098699 -240432227 1 0 1 0 0 -32768 -5661639501 536870912 1 536870912 -23277235903 -4587897677 0 0 -1073741824 -335666472 -6198510413 -495880935 -1862178874
0 0 1 0 0 0 0 -32768 -5661639501 536870912 1 536870912 -23277235903 -4587897677 0 0 -1073741824 -335666472 -6198510413 -495880935 -1862178874
-1338795652 -642188902 1 0 1 0 0 -32768 -12326863043 536870912 1 -125196202 -4587897677 -11253121219 0 0 -1073741824 -696606750 -12863733955 -1029098929 -367031815
0 0 1 0 0 0 0 -32768 -12326863043 536870912 1 -125196202 -4587897677 -11253121219 0 0 -1073741824 -696606750 -12863733955 -1029098929 -367031815
2049379092 -237463744 1 0 1 0 0 32768 42104279524 -125196202 1 536870912 -11253121219 41030537700 0 0 1073741824 2286842836 42229475726 3378358756 -900249698
0 0 1 0 0 0 0 32768 42104279524 -125196202 1 536870912 -11253121219 41030537700 0 0 1073741824 2286842836 42229475726 3378358756 -900249698
355112258 1827397630 1 0 1 0 0 -32768 -26650760175 536870912 1 0 41030537700 -25577018351 0 1 -1073741824 -1472285372 -27187631087 -2175010936 3282443019
0 0 1 0 0 0 0 -32768 -26650760175 536870912 1 0 41030537700 -25577018351 0 1 -1073741824 -1472285372 -27187631087 -2175010936 3282443019
-1341925456 -1356311807 1 0 1 0 0 8107 265662358 0 0 0 -25577018351 0 0 1 265662358 14386351 265662358 21252993 -2046161470
0 0 1 0 0 0 0 8107 265662358 0 0 0 -25577018351 0 0 1 265662358 14386351 265662358 21252993 -2046161470
-1441194582 -364606159 1 0 1 0 0 -32768 -19880581193 0 1 -536870912 0 -18806839369 0 0 -1073741824 -1076588423 -19880581193 -1590446824 0
0 0 1 0 0 0 0 -32768 -19880581193 0 1 -536870912 0 -18806839369 0 0 -1073741824 -1076588423 -19880581193 -1590446824 0
-235487617 1235239998 1 0 1 0 0 -32768 -27695736025 -536870912 1 -536870912 -18806839369 -26621994201 0 0 -1073741824 -1470727615 -27158865113 -2172709658 -1504547151
0 0 1 0 0 0 0 -32768 -27695736025 -536870912 1 -536870912 -18806839369 -26621994201 0 0 -1073741824 -1470727615 -27158865113 -2172709658 -1504547151
1169507171 -722075292 1 0 1 0 0 32768 34393616854 -536870912 1 536870912 -26621994201 33319875030 0 0 1073741824 1891582463 34930487766 2794439599 -2129759538
0 0 1 0 0 0 0 32768 34393616854 -536870912 1 536870912 -26621994201 33319875030 0 0 1073741824 1891582463 34930487766 2794439599 -2129759538
130050164 -1139360782 1 0 1 0 0 32768 23978166434 536870912 1 -253415064 33319875030 22904424610 0 0 1073741824 1269410946 23441295522 1875304029 2665590005
0 0 1 0 0 0 0 32768 23978166434 536870912 1 -253415064 33319875030 22904424610 0 0 1073741824 1269410946 23441295522 1875304029 2665590005
-1450133314 1364552054 1 0 1 0 0 -32768 -52230177766 -253415064 1 -536870912 22904424610 -51156435942 0 0 -1073741824 -2814685368 -51976762702 -4158141875 1832353971
0 0 1 0 0 0 0 -32768 -52230177766 -253415064 1 -536870912 22904424610 -51156435942 0 0 -1073741824 -2814685368 -51976762702 -4158141875 1832353971
-1631479786 -1005217247 1 0 1 0 0 -32768 -12101609106 -536870912 1 536870912 -51156435942 -11027867282 0 0 -1073741824 -626262539 -11564738194 -925179247 -4092514879
0 0 1 0 0 0 0 -32768 -12101609106 -536870912 1 536870912 -51156435942 -11027867282 0 0 -1073741824 -626262539 -11564738194 -925179247 -4092514879
-292229131 -526911959 1 0 1 0 0 32768 4870589274 536870912 1 0 -11027867282 3796847450 0 1 1073741824 234682828 4333718362 346697541 -882229383
0 0 1 0 0 0 0 32768 4870589274 536870912 1 0 -11027867282 3796847450 0 1 1073741824 234682828 4333718362 346697541 -882229383
537018954 1819477095 1 0 1 0 0 -32768 -23682228653 0 1 0 3796847450 -22608486829 0 1 -1073741824 -1282458141 -23682228653 -1894578684 303747796
0 0 1 0 0 0 0 -32768 -23682228653 0 1 0 3796847450 -22608486829 0 1 -1073741824 -1282458141 -23682228653 -1894578684 303747796
-1073047617 -2102784861 1 0 1 0 0 32768 19015414293 0 1 0 -22608486829 17941672469 0 1 1073741824 1029737244 19015414293 1521233458 -1808678948
0 0 1 0 0 0 0 32768 19015414293 0 1 0 -22608486829 17941672469 0 1 1073741824 1029737244 19015414293 1521233458 -1808678948
-1979606054 1333175878 0 0 1 0 0 0 -61174752362 0 1 0 17941672469 -60101010538 1 1 -1073741824 -3312781932 -61174752362 -4893981200 1435333799
0 0 1 0 0 0 0 0 -61174752362 0 1 0 17941672469 -60101010538 1 1 -1073741824 -3312781932 -61174752362 -4893981200 1435333799
-1969916513 -2182673 1 0 1 0 0 -32768 -36336720269 0 1 536870912 -60101010538 -35262978445 0 0 -1073741824 -1967733840 -36336720269 -2906938222 -4808080848
0 0 1 0 0 0 0 -32768 -36336720269 0 1 536870912 -60101010538 -35262978445 0 0 -1073741824 -1967733840 -36336720269 -2906938222 -4808080848
6663769 -109485309 1 0 1 0 0 32768 2681712085 536870912 1 536870912 -35262978445 1607970261 0 0 1073741824 116149078 2144841173 171587329 -2821038278
0 0 1 0 0 0 0 32768 2681712085 536870912 1 536870912 -35262978445 1607970261 0 0 1073741824 116149078 2144841173 171587329 -2821038278
2053519999 1578892545 1 1 1 0 0 0 9301473460 536870912 1 0 1607970261 8227731636 1 1 1073741824 474627454 8764602548 701168349 128637621
0 0 1 0 0 0 0 0 9301473460 536870912 1 0 1607970261 8227731636 1 1 1073741824 474627454 8764602548 701168349 128637621
-687234437 1463828488 1 0 1 1 0 0 -39722126132 0 1 0 8227731636 -38648384308 1 1 -1073741824 -2151062925 -39722126132 -3177770747 658218531
0 0 1 0 0 0 0 0 -39722126132 0 1 0 8227731636 -38648384308 1 1 -1073741824 -2151062925 -39722126132 -3177770747 658218531
-1971742924 -1367028430 1 0 1 0 0 -32768 -11166826003 0 1 536870912 -38648384308 -10093084179 0 0 -1073741824 -604714494 -11166826003 -893346265 -3091870748
0 0 1 0 0 0 0 -32768 -11166826003 0 1 536870912 -38648384308 -10093084179 0 0 -1073741824 -604714494 -11166826003 -893346265 -3091870748
-2135560439 2079436417 1 0 1 0 0 -32768 -77298433121 536870912 1 -536870912 -10093084179 -76224691297 0 0 -1073741824 -4214996856 -77835304033 -6226825609 -807446735
0 0 1 0 0 0 0 -32768 -77298433121 536870912 1 -536870912 -10093084179 -76224691297 0 0 -1073741824 -4214996856 -77835304033 -6226825609 -807446735
-51255936 -1243329337 1 0 1 0 0 32768 21476287998 -536870912 1 0 -76224691297 20402546174 0 1 1073741824 1192073401 22013158910 1761053077 -6097975309
0 0 1 0 0 0 0 32768 21476287998 -536870912 1 0 -76224691297 20402546174 0 1 1073741824 1192073401 22013158910 1761053077 -6097975309
-973995881 -663099704 1 0 1 0 0 -32768 -5741095257 0 1 -536870912 20402546174 -4667353433 0 0 -1073741824 -310896177 -5741095257 -459287715 1632203695
0 0 1 0 0 0 0 -32768 -5741095257 0 1 -536870912 20402546174 -4667353433 0 0 -1073741824 -310896177 -5741095257 -459287715 1632203695
2090408801 -113573194 1 0 1 0 0 32768 40162473483 -536870912 1 536870912 -4667353433 39088731659 0 0 1073741824 2203981995 40699344395 3255948224 -373388275
0 0 1 0 0 0 0 32768 40162473483 -536870912 1 536870912 -4667353433 39088731659 0 0 1073741824 2203981995 40699344395 3255948224 -373388275
-295306535 719535198 1 0 1 0 0 -32768 -18203478733 536870912 1 -536870912 39088731659 -17129736909 0 0 -1073741824 -1014841733 -18740349645 -1499228281 3127098536
0 0 1 0 0 0 0 -32768 -18203478733 536870912 1 -536870912 39088731659 -17129736909 0 0 -1073741824 -1014841733 -18740349645 -1499228281 3127098536
708240846 2013891143 1 0 1 0 0 -32768 -24647372367 -536870912 1 0 -17129736909 -23573630543 0 1 -1073741824 -1305650297 -24110501455 -1928840515 -1370378954
0 0 1 0 0 0 0 -32768 -24647372367 -536870912 1 0 -17129736909 -23573630543 0 1 -1073741824 -1305650297 -24110501455 -1928840515 -1370378954
1713714748 1591804483 1 0 1 0 0 32768 2251228854 0 1 536870912 -23573630543 1177487030 0 0 1073741824 121910265 2251228854 180098346 -1885890445
0 0 1 0 0 0 0 32768 2251228854 0 1 536870912 -23573630543 1177487030 0 0 1073741824 121910265 2251228854 180098346 -1885890445
465843230 -1408776725 1 0 1 0 0 32768 35154124288 536870912 1 536870912 1177487030 34080382464 0 0 1073741824 1874619955 34617253376 2769380842 94198962
0 0 1 0 0 0 0 32768 35154124288 536870912 1 536870912 1177487030 34080382464 0 0 1073741824 1874619955 34617253376 2769380842 94198962
1819233143 -870730375 1 0 1 0 0 32768 50210485250 536870912 1 536870912 34080382464 49136743426 0 0 1073741824 2689963518 49673614338 3973889968 2726430600
0 0 1 0 0 0 0 32768 50210485250 536870912 1 536870912 34080382464 49136743426 0 0 1073741824 2689963518 49673614338 3973889968 2726430600
162264970 -675098727 1 0 1 0 0 32768 15999861792 536870912 1 -536870912 49136743426 14926119968 0 0 1073741824 837363697 15462990880 1237039526 3930939478
0 0 1 0 0 0 0 32768 15999861792 536870912 1 -536870912 49136743426 14926119968 0 0 1073741824 837363697 15462990880 1237039526 3930939478
910212400 91868 1 0 1 0 0 32768 16269667915 -536870912 1 -386437127 14926119968 15195926091 0 0 1073741824 910120532 16806538827 1344523384 1194089599
0 0 1 0 0 0 0 32768 16269667915 -536870912 1 -386437127 14926119968 15195926091 0 0 1073741824 910120532 16806538827 1344523384 1194089599
-860042398 -9739435 1 0 1 0 0 -32768 -16088368091 -386437127 1 -536870912 15195926091 -15014626267 0 0 -1073741824 -850302963 -15701930964 -1256154737 1215674088
0 0 1 0 0 0 0 -32768 -16088368091 -386437127 1 -536870912 15195926091 -15014626267 0 0 -1073741824 -850302963 -15701930964 -1256154737 1215674088
-1906772352 1148716751 1 0 1 0 0 -32768 -56960382347 -536870912 1 -536870912 -15014626267 -55886640523 0 0 -1073741824 -3055489103 -56423511435 -4513881847 -1201170102
0 0 1 0 0 0 0 -32768 -56960382347 -536870912 1 -536870912 -15014626267 -55886640523 0 0 -1073741824 -3055489103 -56423511435 -4513881847 -1201170102
413349917 -667756719 1 0 1 0 0 32768 19427144858 -536870912 1 536870912 -55886640523 18353403034 0 0 1073741824 1081106636 19964015770 1597121592 -4470931246
0 0 1 0 0 0 0 32768 19427144858 -536870912 1 536870912 -55886640523 18353403034 0 0 1073741824 1081106636 19964015770 1597121592 -4470931246
-855579355 -1686977953 1 0 1 0 0 32768 15889708615 536870912 1 0 18353403034 14815966791 0 1 1073741824 831398598 15352837703 1228227270 1468272244
0 0 1 0 0 0 0 32768 15889708615 536870912 1 0 18353403034 14815966791 0 1 1073741824 831398598 15352837703 1228227270 1468272244
1936265447 1188789106 1 0 1 0 0 32768 13803105968 0 1 -81028638 14815966791 12729364144 0 0 1073741824 747476341 13803105968 1104248706 1185277344
0 0 1 0 0 0 0 32768 13803105968 0 1 -81028638 14815966791 12729364144 0 0 1073741824 747476341 13803105968 1104248706 1185277344
381136332 -1380051811 1 0 1 0 0 32768 32441561355 -81028638 1 536870912 12729364144 31367819531 0 0 1073741824 1761188143 32522589993 2601807737 1018349132
0 0 1 0 0 0 0 32768 32441561355 -81028638 1 536870912 12729364144 31367819531 0 0 1073741824 1761188143 32522589993 2601807737 1018349132
1870507295 623234555 0 0 1 0 0 0 23569356166 536870912 1 0 31367819531 22495614342 1 1 1073741824 1247272740 23032485254 1842599201 2509425565
0 0 1 0 0 0 0 0 23569356166 536870912 1 0 31367819531 22495614342 1 1 1073741824 1247272740 23032485254 1842599201 2509425565
1078799508 -1869349703 1 0 1 0 0 32768 54441343140 0 1 536870912 22495614342 53367601316 0 0 1073741824 2948149211 54441343140 4355308351 1799649149
0 0 1 0 0 0 0 32768 54441343140 0 1 536870912 22495614342 53367601316 0 0 1073741824 2948149211 54441343140 4355308351 1799649149
1438966796 -2109313834 1 0 1 0 0 32768 66060407718 536870912 1 536870912 53367601316 64986665894 0 0 1073741824 3548280630 65523536806 5241884027 4269408109
0 0 1 0 0 0 0 32768 66060407718 536870912 1 536870912 53367601316 64986665894 0 0 1073741824 3548280630 65523536806 5241884027 4269408109
2050837090 1186545925 1 0 1 0 0 32768 16497111904 536870912 1 -536870912 64986665894 15423370080 0 0 1073741824 864291165 15960240992 1276819543 5198933276
0 0 1 0 0 0 0 32768 16497111904 536870912 1 -536870912 64986665894 15423370080 0 0 1073741824 864291165 15960240992 1276819543 5198933276
-628860606 597267542 1 0 1 0 0 -32768 -23178894250 -536870912 1 -536870912 15423370080 -22105152426 0 0 -1073741824 -1226128148 -22642023338 -1811362241 1233869608
0 0 1 0 0 0 0 -32768 -23178894250 -536870912 1 -536870912 15423370080 -22105152426 0 0 -1073741824 -1226128148 -22642023338 -1811362241 1233869608
-1969494354 1995930212 1 0 1 0 0 -32768 -73763503638 -536870912 1 -536870912 -22105152426 -72689761814 0 0 -1073741824 -3965424566 -73226632726 -5858131828 -1768412196
0 0 1 0 0 0 0 -32768 -73763503638 -536870912 1 -536870912 -22105152426 -72689761814 0 0 -1073741824 -3965424566 -73226632726 -5858131828 -1768412196
149852353 -605481664 1 0 1 0 0 32768 13411337086 -536870912 1 536870912 -72689761814 12337595262 0 0 1073741824 755334017 13948207998 1115856870 -5815180951
0 0 1 0 0 0 0 32768 13411337086 -536870912 1 536870912 -72689761814 12337595262 0 0 1073741824 755334017 13948207998 1115856870 -5815180951
293363006 -415575146 1 0 1 0 0 32768 13628319966 536870912 1 536870912 12337595262 12554578142 0 0 1073741824 708938152 13091449054 1047316141 987007622
0 0 1 0 0 0 0 32768 13628319966 536870912 1 536870912 12337595262 12554578142 0 0 1073741824 708938152 13091449054 1047316141 987007622
-1928059958 -981964533 1 0 1 0 1 0 -16933990293 536870912 1 0 12554578142 -15860248469 1 1 -1073741824 -946095425 -17470861205 -1397669185 1004366252
0 0 1 0 0 0 0 0 -16933990293 536870912 1 0 12554578142 -15860248469 1 1 -1073741824 -946095425 -17470861205 -1397669185 1004366252
-406582601 1722038636 1 0 1 0 0 -32768 -39307711681 0 1 -536870912 -15860248469 -38233969857 0 0 -1073741824 -2128621237 -39307711681 -3144617584 -1268819879
0 0 1 0 0 0 0 -32768 -39307711681 0 1 -536870912 -15860248469 -38233969857 0 0 -1073741824 -2128621237 -39307711681 -3144617584 -1268819879
-1201725712 1163752755 1 0 1 0 0 -32768 -44218454067 -536870912 1 -536870912 -38233969857 -43144712243 0 0 -1073741824 -2365478467 -43681583155 -3494527374 -3058717591
0 0 1 0 0 0 0 -32768 -44218454067 -536870912 1 -536870912 -38233969857 -43144712243 0 0 -1073741824 -2365478467 -43681583155 -3494527374 -3058717591
300343651 235698541 1 1 1 0 0 0 656883666 -536870912 0 0 -43144712243 0 1 1 656883666 64645110 1193754578 95500386 -3451576983
0 0 1 0 0 0 0 0 656883666 -536870912 0 0 -43144712243 0 1 1 656883666 64645110 1193754578 95500386 -3451576983
909527723 -1424953767 1 0 1 0 0 32768 43109184358 0 1 536870912 0 42035442534 0 0 1073741824 2334481490 43109184358 3448735461 0
0 0 1 0 0 0 0 32768 43109184358 0 1 536870912 0 42035442534 0 0 1073741824 2334481490 43109184358 3448735461 0
-1826089652 1152302384 1 0 1 0 0 -32768 -54462944645 536870912 1 -536870912 42035442534 -53389202821 0 0 -1073741824 -2978392036 -54999815557 -4399986153 3362835406
0 0 1 0 0 0 0 -32768 -54462944645 536870912 1 -536870912 42035442534 -53389202821 0 0 -1073741824 -2978392036 -54999815557 -4399986153 3362835406
307202514 580793798 1 0 1 0 0 -32768 -5589083642 -536870912 1 0 -53389202821 -4515341818 0 1 -1073741824 -273591284 -5052212730 -404177102 -4271136230
0 0 1 0 0 0 0 -32768 -5589083642 -536870912 1 0 -53389202821 -4515341818 0 1 -1073741824 -273591284 -5052212730 -404177102 -4271136230
-1062777588 -784633794 1 0 1 0 0 -32768 -5136280645 0 1 -49675190 -4515341818 -4062538821 0 0 -1073741824 -278143794 -5136280645 -410902536 -361227346
0 0 1 0 0 0 0 -32768 -5136280645 0 1 -49675190 -4515341818 -4062538821 0 0 -1073741824 -278143794 -5136280645 -410902536 -361227346
303549387 -1718910441 1 0 1 0 0 32768 37297630392 -49675190 1 536870912 -4062538821 36223888568 0 0 1073741824 2022459828 37347305582 2987785064 -325003106
0 0 1 0 0 0 0 32768 37297630392 -49675190 1 536870912 -4062538821 36223888568 0 0 1073741824 2022459828 37347305582 2987785064 -325003106
-540705587 547749466 1 0 1 0 0 -32768 -19562842770 536870912 1 -536870912 36223888568 -18489100946 0 0 -1073741824 -1088455053 -20099713682 -1607977427 2897911088
0 0 1 0 0 0 0 -32768 -19562842770 536870912 1 -536870912 36223888568 -18489100946 0 0 -1073741824 -1088455053 -20099713682 -1607977427 2897911088
1756769285 -1895689527 1 0 1 0 0 32768 66910449172 -536870912 1 536870912 -18489100946 65836707348 0 0 1073741824 3652458812 67447320084 5395786721 -1479128077
0 0 1 0 0 0 0 32768 66910449172 -536870912 1 536870912 -18489100946 65836707348 0 0 1073741824 3652458812 67447320084 5395786721 -1479128077
365574931 1180614100 1 0 1 0 0 -32768 -14513869026 536870912 1 0 65836707348 -13440127202 0 1 -1073741824 -815039169 -15050739938 -1204059444 5266936593
0 0 1 0 0 0 0 -32768 -14513869026 536870912 1 0 65836707348 -13440127202 0 1 -1073741824 -815039169 -15050739938 -1204059444 5266936593
294621620 1406386567 1 0 1 0 0 -32768 -20530160667 0 1 0 -13440127202 -19456418843 0 1 -1073741824 -1111764947 -20530160667 -1642413193 -1075210177
0 0 1 0 0 0 0 -32768 -20530160667 0 1 0 -13440127202 -19456418843 0 1 -1073741824 -1111764947 -20530160667 -1642413193 -1075210177
1381996590 1007872326 1 0 1 0 0 32768 6908682694 0 1 536870912 -19456418843 5834940870 0 0 1073741824 374124264 6908682694 552694730 -1556513509
0 0 1 0 0 0 0 32768 6908682694 0 1 536870912 -19456418843 5834940870 0 0 1073741824 374124264 6908682694 552694730 -1556513509
1286270957 1274176863 1 0 1 0 0 23200 760203815 536870912 0 87942278 5834940870 0 0 0 760203815 12094094 223332903 17866636 466795270
0 0 1 0 0 0 0 23200 760203815 536870912 0 87942278 5834940870 0 0 0 760203815 12094094 223332903 17866636 466795270
-927002551 -1117925966 0 0 1 0 0 0 3613587151 87942278 1 0 0 2539845327 1 1 1073741824 190923415 3525644873 282051648 0
0 0 1 0 0 0 0 0 3613587151 87942278 1 0 0 2539845327 1 1 1073741824 190923415 3525644873 282051648 0
-663109033 1250374535 1 0 1 0 0 -32768 -35334919661 0 1 -536870912 2539845327 -34261177837 0 0 -1073741824 -1913483568 -35334919661 -2826794157 203187626
0 0 1 0 0 0 0 -32768 -35334919661 0 1 -536870912 2539845327 -34261177837 0 0 -1073741824 -1913483568 -35334919661 -2826794157 203187626
-433769479 -686502534 1 0 1 0 0 32768 4130167961 -536870912 1 0 -34261177837 3056426137 0 1 1073741824 252733055 4667038873 373363187 -2740894230
0 0 1 0 0 0 0 32768 4130167961 -536870912 1 0 -34261177837 3056426137 0 1 1073741824 252733055 4667038873 373363187 -2740894230
961381087 -148925437 1 0 1 0 0 32768 20503229022 0 1 536870912 3056426137 19429487198 0 0 1073741824 1110306524 20503229022 1640258661 244514091
0 0 1 0 0 0 0 32768 20503229022 0 1 536870912 3056426137 19429487198 0 0 1073741824 1110306524 20503229022 1640258661 244514091
-1615875507 -192098123 1 0 1 0 0 -32768 -25754998180 536870912 1 -536870912 19429487198 -24681256356 0 0 -1073741824 -1423777384 -26291869092 -2103349962 1554358977
0 0 1 0 0 0 0 -32768 -25754998180 536870912 1 -536870912 19429487198 -24681256356 0 0 -1073741824 -1423777384 -26291869092 -2103349962 1554358977
-1891627968 -1151744082 1 0 1 0 0 -32768 -14199772495 -536870912 1 344597246 -24681256356 -13126030671 0 0 -1073741824 -739883886 -13662901583 -1093032352 -1974500510
0 0 1 0 0 0 0 -32768 -14199772495 -536870912 1 344597246 -24681256356 -13126030671 0 0 -1073741824 -739883886 -13662901583 -1093032352 -1974500510
643367756 -1915108455 1 0 1 0 0 32768 47590130410 344597246 1 536870912 -13126030671 46516388586 0 0 1073741824 2558476211 47245533164 3779643434 -1050082455
0 0 1 0 0 0 0 32768 47590130410 344597246 1 536870912 -13126030671 46516388586 0 0 1073741824 2558476211 47245533164 3779643434 -1050082455
-891125542 745398597 1 0 1 0 0 -32768 -29683638917 536870912 1 -536870912 46516388586 -28609897093 0 0 -1073741824 -1636524139 -30220509829 -2417641286 3721311090
0 0 1 0 0 0 0 -32768 -29683638917 536870912 1 -536870912 46516388586 -28609897093 0 0 -1073741824 -1636524139 -30220509829 -2417641286 3721311090
1886863924 157767449 1 0 1 0 0 32768 31393105416 -536870912 1 536870912 -28609897093 30319363592 0 0 1073741824 1729096475 31929976328 2554398634 -2288791770
0 0 1 0 0 0 0 32768 31393105416 -536870912 1 536870912 -28609897093 30319363592 0 0 1073741824 1729096475 31929976328 2554398634 -2288791770
1838683936 -1868169123 1 0 1 0 0 32768 68988650287 536870912 1 536870912 30319363592 67914908463 0 0 1073741824 3706853059 68451779375 5476143481 2425549090
0 0 1 0 0 0 0 32768 68988650287 536870912 1 536870912 30319363592 67914908463 0 0 1073741824 3706853059 68451779375 5476143481 2425549090
-946593751 -271989186 1 0 1 0 0 -32768 -11920564577 536870912 1 -536870912 67914908463 -10846822753 0 0 -1073741824 -674604565 -12457435489 -996595045 5433192682
0 0 1 0 0 0 0 -32768 -11920564577 536870912 1 -536870912 67914908463 -10846822753 0 0 -1073741824 -674604565 -12457435489 -996595045 5433192682
-1322338398 491229019 1 0 1 0 0 -32768 -34026711144 -536870912 1 -536870912 -10846822753 -32952969320 0 0 -1073741824 -1813567417 -33489840232 -2679187772 -867745821
0 0 1 0 0 0 0 -32768 -34026711144 -536870912 1 -536870912 -10846822753 -32952969320 0 0 -1073741824 -1813567417 -33489840232 -2679187772 -867745821
-2016115219 -982354702 1 0 1 0 0 -32768 -19626580083 -536870912 1 536870912 -32952969320 -18552838259 0 0 -1073741824 -1033760517 -19089709171 -1527177049 -2636237548
0 0 1 0 0 0 0 -32768 -19626580083 -536870912 1 536870912 -32952969320 -18552838259 0 0 -1073741824 -1033760517 -19089709171 -1527177049 -2636237548
172954614 -2133855967 1 0 1 0 0 32768 43135076570 536870912 1 536870912 -18552838259 42061334746 0 0 1073741824 2306810581 42598205658 3407857157 -1484227062
0 0 1 0 0 0 0 32768 43135076570 536870912 1 536870912 -18552838259 42061334746 0 0 1073741824 2306810581 42598205658 3407857157 -1484227062
2014790610 -79928706 1 0 1 0 0 32768 39218540293 536870912 1 266498319 42061334746 38144798469 0 0 1073741824 2094719316 38681669381 3094534190 3364906783
0 0 1 0 0 0 0 32768 39218540293 536870912 1 266498319 42061334746 38144798469 0 0 1073741824 2094719316 38681669381 3094534190 3364906783
-1516451509 1827501238 1 0 1 0 0 -32768 -61483862981 266498319 1 -536870912 38144798469 -60410121157 0 0 -1073741824 -3343952747 -61750361300 -4940029924 3051583880
0 0 1 0 0 0 0 -32768 -61483862981 266498319 1 -536870912 38144798469 -60410121157 0 0 -1073741824 -3343952747 -61750361300 -4940029924 3051583880
-101583686 837937032 1 0 1 0 0 -32768 -17886321749 -536870912 1 536870912 -60410121157 -16812579925 0 0 -1073741824 -939520718 -17349450837 -1387956354 -4832809697
0 0 1 0 0 0 0 -32768 -17886321749 -536870912 1 536870912 -60410121157 -16812579925 0 0 -1073741824 -939520718 -17349450837 -1387956354 -4832809697
1767411144 -1782633474 1 0 1 0 0 32768 66092982011 536870912 1 536870912 -16812579925 65019240187 0 0 1073741824 3550044618 65556111099 5244489971 -1345006395
0 0 1 0 0 0 0 32768 66092982011 536870912 1 536870912 -16812579925 65019240187 0 0 1073741824 3550044618 65556111099 5244489971 -1345006395
914598858 -685392107 1 0 1 0 0 32768 30082748991 536870912 1 -536870912 65019240187 29009007167 0 0 1073741824 1599990965 29545878079 2363670735 5201539220
0 0 1 0 0 0 0 32768 30082748991 536870912 1 -536870912 65019240187 29009007167 0 0 1073741824 1599990965 29545878079 2363670735 5201539220
-1663613675 1789385993 1 1 1 0 0 0 -64300922978 -536870912 1 0 29009007167 -63227181154 1 1 -1073741824 -3452999668 -63764052066 -5101125219 2320720576
0 0 1 0 0 0 0 0 -64300922978 -536870912 1 0 29009007167 -63227181154 1 1 -1073741824 -3452999668 -63764052066 -5101125219 2320720576
108699115 616849524 1 0 1 0 0 -32768 -9383646757 0 1 0 -63227181154 -8309904933 0 1 -1073741824 -508150409 -9383646757 -750691896 -5058174497
0 0 1 0 0 0 0 -32768 -9383646757 0 1 0 -63227181154 -8309904933 0 1 -1073741824 -508150409 -9383646757 -750691896 -5058174497
-626313497 -669075759 1 0 1 0 0 24099 789659821 0 0 0 -8309904933 0 0 1 789659821 42762262 789659821 63172799 -664792395
0 0 1 0 0 0 0 24099 789659821 0 0 0 -8309904933 0 0 1 789659821 42762262 789659821 63172799 -664792395
511937219 -249349403 1 0 1 0 0 32768 14058130458 0 1 536870912 0 12984388634 0 0 1073741824 761286622 14058130458 1124650669 0
0 0 1 0 0 0 0 32768 14058130458 0 1 536870912 0 12984388634 0 0 1073741824 761286622 14058130458 1124650669 0
1052420108 294997779 0 0 1 0 0 0 14523642260 536870912 1 0 12984388634 13449900436 1 1 1073741824 757422329 13986771348 1118941939 1038751092
0 0 1 0 0 0 0 0 14523642260 536870912 1 0 12984388634 13449900436 1 1 1073741824 757422329 13986771348 1118941939 1038751092
-1396802541 -1977646750 1 0 1 0 0 32768 10726030682 0 1 0 13449900436 9652288858 0 1 1073741824 580844209 10726030682 858082632 1075992036
0 0 1 0 0 0 0 32768 10726030682 0 1 0 13449900436 9652288858 0 1 1073741824 580844209 10726030682 858082632 1075992036
1233576740 1440915484 1 0 1 1 0 0 -3828774903 0 1 0 9652288858 -2755033079 1 1 -1073741824 -207338744 -3828774903 -306302055 772183109
0 0 1 0 0 0 0 0 -3828774903 0 1 0 9652288858 -2755033079 1 1 -1073741824 -207338744 -3828774903 -306302055 772183109
-1643498129 697534829 1 0 1 0 0 -32768 -43230165588 0 1 -536870912 -2755033079 -42156423764 0 0 -1073741824 -2341032958 -43230165588 -3458413961 -220402647
0 0 1 0 0 0 0 -32768 -43230165588 0 1 -536870912 -2755033079 -42156423764 0 0 -1073741824 -2341032958 -43230165588 -3458413961 -220402647
-943656356 -1825224985 1 0 1 0 0 32768 15742420534 -536870912 1 0 -42156423764 14668678710 0 1 1073741824 881568629 16279291446 1302343585 -3372513904
0 0 1 0 0 0 0 32768 15742420534 -536870912 1 0 -42156423764 14668678710 0 1 1073741824 881568629 16279291446 1302343585 -3372513904
1300958750 408778649 1 0 1 0 0 32768 16475245839 0 1 144525641 14668678710 15401504015 0 0 1073741824 892180101 16475245839 1318019939 1173494298
0 0 1 0 0 0 0 32768 16475245839 0 1 144525641 14668678710 15401504015 0 0 1073741824 892180101 16475245839 1318019939 1173494298
-883924052 745844407 1 0 1 0 0 -32768 -29951231923 144525641 1 -536870912 15401504015 -28877490099 0 0 -1073741824 -1629768459 -30095757564 -2407661102 1232120322
0 0 1 0 0 0 0 -32768 -29951231923 144525641 1 -536870912 15401504015 -28877490099 0 0 -1073741824 -1629768459 -30095757564 -2407661102 1232120322
-128908505 -1102219471 1 0 1 0 0 32768 17436560041 -536870912 1 0 -28877490099 16362818217 0 1 1073741824 973310966 17973430953 1437874773 -2310199210
0 0 1 0 0 0 0 32768 17436560041 -536870912 1 0 -28877490099 16362818217 0 1 1073741824 973310966 17973430953 1437874773 -2310199210
614570151 -1678041617 1 0 1 0 0 32768 42336006429 0 1 536870912 16362818217 41262264605 0 0 1073741824 2292611768 42336006429 3386881214 1309025459
0 0 1 0 0 0 0 32768 42336006429 0 1 536870912 16362818217 41262264605 0 0 1073741824 2292611768 42336006429 3386881214 1309025459
-1274766667 -2108666565 1 0 1 0 0 32768 15935898316 536870912 1 0 41262264605 14862156492 0 1 1073741824 833899898 15399027404 1231922447 3300981171
0 0 1 0 0 0 0 32768 15935898316 536870912 1 0 41262264605 14862156492 0 1 1073741824 833899898 15399027404 1231922447 3300981171
-66501528 1438393003 1 0 1 0 0 -32768 -27789800885 0 1 -536870912 14862156492 -26716059061 0 0 -1073741824 -1504894531 -27789800885 -2223184530 1188972520
0 0 1 0 0 0 0 -32768 -27789800885 0 1 -536870912 14862156492 -26716059061 0 0 -1073741824 -1504894531 -27789800885 -2223184530 1188972520
-1350713802 -298246188 1 0 1 0 0 -32768 -19972030538 -536870912 1 45600724 -26716059061 -18898288714 0 0 -1073741824 -1052467614 -19435159626 -1554813091 -2137284727
0 0 1 0 0 0 0 -32768 -19972030538 -536870912 1 45600724 -26716059061 -18898288714 0 0 -1073741824 -1052467614 -19435159626 -1554813091 -2137284727
-4837927 1955286520 1 0 1 0 0 -32768 -36150602378 45600724 1 -536870912 -18898288714 -35076860554 0 0 -1073741824 -1960124447 -36196203102 -2895696846 -1511863099
0 0 1 0 0 0 0 -32768 -36150602378 45600724 1 -536870912 -18898288714 -35076860554 0 0 -1073741824 -1960124447 -36196203102 -2895696846 -1511863099
-1183155838 -1088941972 1 0 1 0 0 -32768 -2276650360 -536870912 1 536870912 -35076860554 -1202908536 0 0 -1073741824 -94213866 -1739779448 -139182385 -2806148847
0 0 1 0 0 0 0 -32768 -2276650360 -536870912 1 536870912 -35076860554 -1202908536 0 0 -1073741824 -94213866 -1739779448 -139182385 -2806148847
869403071 1377351232 1 0 1 0 0 -32768 -8843041077 536870912 1 0 -1202908536 -7769299253 0 1 -1073741824 -507948161 -9379911989 -750393114 -96232683
0 0 1 0 0 0 0 -32768 -8843041077 536870912 1 0 -1202908536 -7769299253 0 1 -1073741824 -507948161 -9379911989 -750393114 -96232683
1480222458 1956532796 1 0 1 0 0 -32768 -8795679152 0 1 0 -7769299253 -7721937328 0 1 -1073741824 -476310338 -8795679152 -703654478 -621543941
0 0 1 0 0 0 0 -32768 -8795679152 0 1 0 -7769299253 -7721937328 0 1 -1073741824 -476310338 -8795679152 -703654478 -621543941
807015901 1794847711 1 0 1 0 0 -32768 -18241576896 0 1 0 -7721937328 -17167835072 0 1 -1073741824 -987831810 -18241576896 -1459326453 -617754987
0 0 1 0 0 0 0 -32768 -18241576896 0 1 0 -7721937328 -17167835072 0 1 -1073741824 -987831810 -18241576896 -1459326453 -617754987
-1484490059 -1792509314 1 0 1 0 0 32768 5687969216 0 1 0 -17167835072 4614227392 0 1 1073741824 308019255 5687969216 455037631 -1373426807
0 0 1 0 0 0 0 32768 5687969216 0 1 0 -17167835072 4614227392 0 1 1073741824 308019255 5687969216 455037631 -1373426807
-1439063936 471258951 1 0 1 0 0 -32768 -35276553647 0 1 -536870912 4614227392 -34202811823 0 0 -1073741824 -1910322887 -35276553647 -2822124875 369138192
0 0 1 0 0 0 0 -32768 -35276553647 0 1 -536870912 4614227392 -34202811823 0 0 -1073741824 -1910322887 -35276553647 -2822124875 369138192
-148277048 1323156272 1 0 1 0 0 -32768 -27708767770 -536870912 1 25601838 -34202811823 -26635025946 0 0 -1073741824 -1471433320 -27171896858 -2173752198 -2736224948
0 0 1 0 0 0 0 -32768 -27708767770 -536870912 1 25601838 -34202811823 -26635025946 0 0 -1073741824 -1471433320 -27171896858 -2173752198 -2736224948
-1277254913 -599791607 1 0 1 0 0 -32768 -12484623957 25601838 1 536870912 -26635025946 -11410882133 0 0 -1073741824 -677463306 -12510225795 -1000818270 -2130802078
0 0 1 0 0 0 0 -32768 -12484623957 25601838 1 536870912 -26635025946 -11410882133 0 0 -1073741824 -677463306 -12510225795 -1000818270 -2130802078
-2057210140 286997263 1 0 1 0 0 -32768 -42751914860 536870912 1 -536870912 -11410882133 -41678173036 0 0 -1073741824 -2344207403 -43288785772 -3463103577 -912870571
0 0 1 0 0 0 0 -32768 -42751914860 536870912 1 -536870912 -11410882133 -41678173036 0 0 -1073741824 -2344207403 -43288785772 -3463103577 -912870571
-1983025492 567337049 1 0 1 0 0 -32768 -47632574789 -536870912 1 -536870912 -41678173036 -46558832965 0 0 -1073741824 -2550362541 -47095703877 -3767657088 -3334253846
0 0 1 0 0 0 0 -32768 -47632574789 -536870912 1 -536870912 -41678173036 -46558832965 0 0 -1073741824 -2550362541 -47095703877 -3767657088 -3334253846
643161691 -877384800 0 0 1 0 0 0 27541963419 -536870912 1 0 -46558832965 26468221595 1 1 1073741824 1520546491 28078834331 2246307210 -3724706641
0 0 1 0 0 0 0 0 27541963419 -536870912 1 0 -46558832965 26468221595 1 1 1073741824 1520546491 28078834331 2246307210 -3724706641
-1807387808 -1885088553 1 0 1 0 0 32768 1434843564 0 1 0 26468221595 361101740 0 1 1073741824 77700745 1434843564 114787509 2117457730
0 0 1 0 0 0 0 32768 1434843564 0 1 0 26468221595 361101740 0 1 1073741824 77700745 1434843564 114787509 2117457730
1470307378 -1185739133 1 0 1 0 0 32768 49047293455 0 1 536870912 361101740 47973551631 0 0 1073741824 2656046511 49047293455 3923784287 28888139
0 0 1 0 0 0 0 32768 49047293455 0 1 536870912 361101740 47973551631 0 0 1073741824 2656046511 49047293455 3923784287 28888139
757765470 -645748672 1 0 1 0 0 32768 26454553342 536870912 1 -536870912 47973551631 25380811518 0 0 1073741824 1403514142 25917682430 2073415023 3837884134
0 0 1 0 0 0 0 32768 26454553342 536870912 1 -536870912 47973551631 25380811518 0 0 1073741824 1403514142 25917682430 2073415023 3837884134
-582335525 1435575578 1 1 1 0 0 0 -37800178473 -536870912 1 0 25380811518 -36726436649 1 1 -1073741824 -2017911103 -37263307561 -2981065221 2030464923
0 0 1 0 0 0 0 0 -37800178473 -536870912 1 0 25380811518 -36726436649 1 1 -1073741824 -2017911103 -37263307561 -2981065221 2030464923
1616912029 -1804550650 1 0 1 0 0 32768 63181681258 0 1 536870912 -36726436649 62107939434 0 0 1073741824 3421462679 63181681258 5054535545 -2938114935
0 0 1 0 0 0 0 32768 63181681258 0 1 536870912 -36726436649 62107939434 0 0 1073741824 3421462679 63181681258 5054535545 -2938114935
-762493532 -1020688715 1 0 1 0 0 32768 5304774959 536870912 1 0 62107939434 4231033135 0 1 1073741824 258195183 4767904047 381432403 4968635159
0 0 1 0 0 0 0 32768 5304774959 536870912 1 0 62107939434 4231033135 0 1 1073741824 258195183 4767904047 381432403 4968635159
-226770055 2021067429 1 0 1 0 0 -32768 -41509192050 0 1 -536870912 4231033135 -40435450226 0 0 -1073741824 -2247837484 -41509192050 -3320736050 338482651
0 0 1 0 0 0 0 -32768 -41509192050 0 1 -536870912 4231033135 -40435450226 0 0 -1073741824 -2247837484 -41509192050 -3320736050 338482651
-682671625 1487866718 1 0 1 0 0 -32768 -40618635529 -536870912 1 -508576723 -40435450226 -39544893705 0 0 -1073741824 -2170538343 -40081764617 -3206541832 -3234836021
0 0 1 0 0 0 0 -32768 -40618635529 -536870912 1 -508576723 -40435450226 -39544893705 0 0 -1073741824 -2170538343 -40081764617 -3206541832 -3234836021
-1191370208 1678038808 1 0 1 0 0 -32768 -53495881527 -508576723 1 -536870912 -39544893705 -52422139703 0 0 -1073741824 -2869409016 -52987304804 -4238985260 -3163591499
0 0 1 0 0 0 0 -32768 -53495881527 -508576723 1 -536870912 -39544893705 -52422139703 0 0 -1073741824 -2869409016 -52987304804 -4238985260 -3163591499
880585200 -796188899 1 0 1 0 1 0 30426905871 -536870912 1 0 -52422139703 29353164047 1 1 1073741824 1676774099 30963776783 2477102654 -4193771180
0 0 1 0 0 0 0 0 30426905871 -536870912 1 0 -52422139703 29353164047 1 1 1073741824 1676774099 30963776783 2477102654 -4193771180
-1759299464 -1899324449 1 0 1 0 0 32768 2585740311 0 1 0 29353164047 1511998487 0 1 1073741824 140024985 2585740311 206859268 2348253126
0 0 1 0 0 0 0 32768 2585740311 0 1 0 29353164047 1511998487 0 1 1073741824 140024985 2585740311 206859268 2348253126
-1494872966 845004467 1 0 1 0 0 -32768 -43208827342 0 1 -536870912 1511998487 -42135085518 0 0 -1073741824 -2339877433 -43208827342 -3456706901 120959879
0 0 1 0 0 0 0 -32768 -43208827342 0 1 -536870912 1511998487 -42135085518 0 0 -1073741824 -2339877433 -43208827342 -3456706901 120959879
1801689299 984340839 1 0 1 0 0 32768 14556513035 -536870912 1 536870912 -42135085518 13482771211 0 0 1073741824 817348460 15093383947 1207470965 -3370806845
0 0 1 0 0 0 0 32768 14556513035 -536870912 1 536870912 -42135085518 13482771211 0 0 1073741824 817348460 15093383947 1207470965 -3370806845
1727017520 -148245714 1 0 1 0 0 32768 35166003257 536870912 1 536870912 13482771211 34092261433 0 0 1073741824 1875263234 34629132345 2770331160 1078621698
0 0 1 0 0 0 0 32768 35166003257 536870912 1 536870912 13482771211 34092261433 0 0 1073741824 1875263234 34629132345 2770331160 1078621698
284981237 -320854798 1 0 1 0 0 32768 11724407603 536870912 1 -536870912 34092261433 10650665779 0 0 1073741824 605836035 11187536691 895003120 2727380917
0 0 1 0 0 0 0 32768 11724407603 536870912 1 -536870912 34092261433 10650665779 0 0 1073741824 605836035 11187536691 895003120 2727380917
1631295672 991075992 1 0 1 0 0 32768 11285603729 -536870912 1 -443126008 10650665779 10211861905 0 0 1073741824 640219680 11822474641 945798167 852053263
0 0 1 0 0 0 0 32768 11285603729 -536870912 1 -443126008 10650665779 10211861905 0 0 1073741824 640219680 11822474641 945798167 852053263
-1854779121 458978417 1 0 1 0 0 -32768 -43169616106 -443126008 1 -536870912 10211861905 -42095874282 0 0 -1073741824 -2313757538 -42726490098 -3418119914 816948953
0 0 1 0 0 0 0 -32768 -43169616106 -443126008 1 -536870912 10211861905 -42095874282 0 0 -1073741824 -2313757538 -42726490098 -3418119914 816948953
-139721548 894582349 1 0 1 0 0 -32768 -19636614289 -536870912 1 536870912 -42095874282 -18562872465 0 0 -1073741824 -1034303897 -19099743377 -1527979786 -3367669946
0 0 1 0 0 0 0 -32768 -19636614289 -536870912 1 536870912 -42095874282 -18562872465 0 0 -1073741824 -1034303897 -19099743377 -1527979786 -3367669946
2016708304 -495910291 1 0 1 0 0 32768 46935584587 536870912 1 536870912 -18562872465 45861842763 0 0 1073741824 2512618595 46398713675 3711897861 -1485029799
0 0 1 0 0 0 0 32768 46935584587 536870912 1 536870912 -18562872465 45861842763 0 0 1073741824 2512618595 46398713675 3711897861 -1485029799
-2100954264 -597299151 1 0 1 0 0 -32768 -27230042535 536870912 1 -536870912 45861842763 -26156300711 0 0 -1073741824 -1503655113 -27766913447 -2221353535 3668947424
0 0 1 0 0 0 0 -32768 -27230042535 536870912 1 -536870912 45861842763 -26156300711 0 0 -1073741824 -1503655113 -27766913447 -2221353535 3668947424
-1446137457 -1841883415 1 0 1 0 0 32768 6771083996 -536870912 1 0 -26156300711 5697342172 0 1 1073741824 395745958 7307954908 584636513 -2092504059
0 0 1 0 0 0 0 32768 6771083996 -536870912 1 0 -26156300711 5697342172 0 1 1073741824 395745958 7307954908 584636513 -2092504059
-90485514 2139274457 1 0 1 0 0 -32768 -41175367668 0 1 -536870912 5697342172 -40101625844 0 0 -1073741824 -2229759971 -41175367668 -3294030094 455787374
0 0 1 0 0 0 0 -32768 -41175367668 0 1 -536870912 5697342172 -40101625844 0 0 -1073741824 -2229759971 -41175367668 -3294030094 455787374
-250340691 1243926087 0 0 1 0 0 0 -28130416755 -536870912 1 0 -40101625844 -27056674931 1 1 -1073741824 -1494266778 -27593545843 -2207484123 -3208130071
0 0 1 0 0 0 0 0 -28130416755 -536870912 1 0 -40101625844 -27056674931 1 1 -1073741824 -1494266778 -27593545843 -2207484123 -3208130071
2136136577 -1679650555 1 0 1 0 0 32768 70463386259 0 1 536870912 -27056674931 69389644435 0 0 1073741824 3815787132 70463386259 5637072065 -2164533996
0 0 1 0 0 0 0 32768 70463386259 0 1 536870912 -27056674931 69389644435 0 0 1073741824 3815787132 70463386259 5637072065 -2164533996
-1575649245 -1883568331 1 0 1 0 0 32768 6222990379 536870912 1 0 69389644435 5149248555 0 1 1073741824 307919086 5686119467 454889651 5551171560
0 0 1 0 0 0 0 32768 6222990379 536870912 1 0 69389644435 5149248555 0 1 1073741824 307919086 5686119467 454889651 5551171560
-992673331 1617900464 1 0 1 0 0 -32768 -48207581637 0 1 -536870912 5149248555 -47133839813 0 0 -1073741824 -2610573795 -48207581637 -3856607328 411939885
0 0 1 0 0 0 0 -32768 -48207581637 0 1 -536870912 5149248555 -47133839813 0 0 -1073741824 -2610573795 -48207581637 -3856607328 411939885
-1003612638 1614302258 1 0 1 0 0 -32768 -48880015361 -536870912 1 -536870912 -47133839813 -47806273537 0 0 -1073741824 -2617914896 -48343144449 -3867452355 -3770707189
0 0 1 0 0 0 0 -32768 -48880015361 -536870912 1 -536870912 -47133839813 -47806273537 0 0 -1073741824 -2617914896 -48343144449 -3867452355 -3770707189
-1841282693 -337683723 1 0 1 0 0 -32768 -28302747607 -536870912 1 536870912 -47806273537 -27229005783 0 0 -1073741824 -1503598970 -27765876695 -2221270594 -3824501887
0 0 1 0 0 0 0 -32768 -28302747607 -536870912 1 536870912 -47806273537 -27229005783 0 0 -1073741824 -1503598970 -27765876695 -2221270594 -3824501887
32712561 809793557 1 0 1 0 0 -32768 -13812922848 536870912 1 0 -27229005783 -12739181024 0 1 -1073741824 -777080996 -14349793760 -1147983738 -2178320465
0 0 1 0 0 0 0 -32768 -13812922848 536870912 1 0 -27229005783 -12739181024 0 1 -1073741824 -777080996 -14349793760 -1147983738 -2178320465
861767783 679633790 1 0 1 0 0 32768 3363336962 0 1 536870912 -12739181024 2289595138 0 0 1073741824 182133993 3363336962 269067013 -1019134483
0 0 1 0 0 0 0 32768 3363336962 0 1 536870912 -12739181024 2289595138 0 0 1073741824 182133993 3363336962 269067013 -1019134483
-1542669280 -999239007 1 0 1 0 0 -32768 -9498263624 536870912 1 -449107628 2289595138 -8424521800 0 0 -1073741824 -543430273 -10035134536 -802810929 183167611
0 0 1 0 0 0 0 -32768 -9498263624 536870912 1 -449107628 2289595138 -8424521800 0 0 -1073741824 -543430273 -10035134536 -802810929 183167611
532110240 -445613147 1 0 1 0 0 32768 17605804318 -449107628 1 536870912 -8424521800 16532062494 0 0 1073741824 977723387 18054911946 1444393254 -673961745
0 0 1 0 0 0 0 32768 17605804318 -449107628 1 536870912 -8424521800 16532062494 0 0 1073741824 977723387 18054911946 1444393254 -673961745
-1152670281 -1204058588 1 0 1 0 0 32768 1485821679 536870912 1 0 16532062494 412079855 0 1 1073741824 51388307 948950767 75916077 1322565001
0 0 1 0 0 0 0 32768 1485821679 536870912 1 0 16532062494 412079855 0 1 1073741824 51388307 948950767 75916077 1322565001
750682471 661544955 1 0 1 0 0 32768 1646038157 0 1 98716692 412079855 572296333 0 0 1073741824 89137516 1646038157 131683080 32966388
0 0 1 0 0 0 0 32768 1646038157 0 1 98716692 412079855 572296333 0 0 1073741824 89137516 1646038157 131683080 32966388
-461519645 -1021593129 1 1 1 0 0 0 10441189391 98716692 1 0 572296333 9367447567 1 1 1073741824 560073484 10342472699 827397987 45783707
0 0 1 0 0 0 0 0 10441189391 98716692 1 0 572296333 9367447567 1 1 1073741824 560073484 10342472699 827397987 45783707
1795567675 -2060260135 1 0 1 0 0 32768 71202788553 0 1 536870912 9367447567 70129046729 0 0 1073741824 3855827810 71202788553 5696224261 749395806
0 0 1 0 0 0 0 32768 71202788553 0 1 536870912 9367447567 70129046729 0 0 1073741824 3855827810 71202788553 5696224261 749395806
1397372651 138556996 1 0 1 0 0 32768 23782510844 536870912 1 -536870912 70129046729 22708769020 0 0 1073741824 1258815655 23245639932 1859651579 5610323744
0 0 1 0 0 0 0 32768 23782510844 536870912 1 -536870912 70129046729 22708769020 0 0 1073741824 1258815655 23245639932 1859651579 5610323744
-1632055239 -1335811082 1 0 1 0 0 -32768 -6007397894 -536870912 1 -536870912 22708769020 -4933656070 0 0 -1073741824 -296244157 -5470526982 -437642249 1816701523
0 0 1 0 0 0 0 -32768 -6007397894 -536870912 1 -536870912 22708769020 -4933656070 0 0 -1073741824 -296244157 -5470526982 -437642249 1816701523
189401170 -1555499415 1 0 1 0 0 32768 31684948506 -536870912 1 536870912 -4933656070 30611206682 0 0 1073741824 1744900585 32221819418 2577746086 -394692486
0 0 1 0 0 0 0 32768 31684948506 -536870912 1 536870912 -4933656070 30611206682 0 0 1073741824 1744900585 32221819418 2577746086 -394692486
-1137540714 305815154 1 0 1 0 0 -32768 -26116539909 536870912 1 -536870912 30611206682 -25042798085 0 0 -1073741824 -1443355868 -26653410821 -2132273306 2448896537
0 0 1 0 0 0 0 -32768 -26116539909 536870912 1 -536870912 30611206682 -25042798085 0 0 -1073741824 -1443355868 -26653410821 -2132273306 2448896537
403995327 -456391458 1 0 1 0 0 32768 15351270713 -536870912 1 536870912 -25042798085 14277528889 0 0 1073741824 860386785 15888141625 1271051593 -2003423849
0 0 1 0 0 0 0 32768 15351270713 -536870912 1 536870912 -25042798085 14277528889 0 0 1073741824 860386785 15888141625 1271051593 -2003423849
-729674100 -973805512 1 0 1 0 0 32768 5045069453 536870912 1 0 14277528889 3971327629 0 1 1073741824 244131412 4508198541 360655958 1142202312
0 0 1 0 0 0 0 32768 5045069453 536870912 1 0 14277528889 3971327629 0 1 1073741824 244131412 4508198541 360655958 1142202312
-360144672 -1193591628 1 0 1 0 0 32768 15390663251 0 1 0 3971327629 14316921427 0 1 1073741824 833446956 15390663251 1231253314 317706211
0 0 1 0 0 0 0 32768 15390663251 0 1 0 3971327629 14316921427 0 1 1073741824 833446956 15390663251 1231253314 317706211
42301557 -961419522 1 0 1 0 0 32768 18534992556 0 1 337445996 14316921427 17461250732 0 0 1073741824 1003721079 18534992556 1482799711 1145353715
0 0 1 0 0 0 0 32768 18534992556 0 1 337445996 14316921427 17461250732 0 0 1073741824 1003721079 18534992556 1482799711 1145353715
1239493296 -1218253127 1 0 1 0 0 32768 45722874884 337445996 1 536870912 17461250732 44649133060 0 0 1073741824 2457746423 45385428888 3630835061 1396900060
0 0 1 0 0 0 0 32768 45722874884 337445996 1 536870912 17461250732 44649133060 0 0 1073741824 2457746423 45385428888 3630835061 1396900060
1777503095 157297931 0 0 1 1 0 0 30456030011 536870912 1 0 44649133060 29382288187 1 1 1073741824 1620205164 29919159099 2393533222 3571930648
0 0 1 0 0 0 0 0 30456030011 536870912 1 0 44649133060 29382288187 1 1 1073741824 1620205164 29919159099 2393533222 3571930648
-235769804 -398555177 1 0 1 0 0 32768 3006039965 0 1 0 29382288187 1932298141 0 1 1073741824 162785373 3006039965 240483247 2350583057
0 0 1 0 0 0 0 32768 3006039965 0 1 0 29382288187 1932298141 0 1 1073741824 162785373 3006039965 240483247 2350583057
1331869582 25612246 1 0 1 0 0 32768 24121711206 0 1 536870912 1932298141 23047969382 0 0 1073741824 1306257336 24121711206 1929737295 154583851
0 0 1 0 0 0 0 32768 24121711206 0 1 536870912 1932298141 23047969382 0 0 1073741824 1306257336 24121711206 1929737295 154583851
1486864483 -8923013 1 0 1 0 0 32768 28158498756 536870912 1 536870912 23047969382 27084756932 0 0 1073741824 1495787496 27621627844 2209730684 1843837552
0 0 1 0 0 0 0 32768 28158498756 536870912 1 536870912 23047969382 27084756932 0 0 1073741824 1495787496 27621627844 2209730684 1843837552
1473421282 -1928958223 1 0 1 0 0 32768 63366156972 536870912 1 536870912 27084756932 62292415148 0 0 1073741824 3402379505 62829286060 5026343923 2166780557
0 0 1 0 0 0 0 32768 63366156972 536870912 1 536870912 27084756932 62292415148 0 0 1073741824 3402379505 62829286060 5026343923 2166780557
-1206019510 82099962 1 0 1 0 0 -32768 -23249901453 536870912 1 -536870912 62292415148 -22176159629 0 0 -1073741824 -1288119472 -23786772365 -1902942182 4983393216
0 0 1 0 0 0 0 -32768 -23249901453 536870912 1 -536870912 62292415148 -22176159629 0 0 -1073741824 -1288119472 -23786772365 -1902942182 4983393216
-1178209244 707033335 1 0 1 0 0 -32768 -35350284617 -536870912 1 -536870912 -22176159629 -34276542793 0 0 -1073741824 -1885242579 -34813413705 -2785073672 -1774092772
0 0 1 0 0 0 0 -32768 -35350284617 -536870912 1 -536870912 -22176159629 -34276542793 0 0 -1073741824 -1885242579 -34813413705 -2785073672 -1774092772
605054703 1896332365 1 0 1 0 0 -32768 -24381963292 -536870912 1 0 -34276542793 -23308221468 0 1 -1073741824 -1291277662 -23845092380 -1907607784 -2742123426
0 0 1 0 0 0 0 -32768 -24381963292 -536870912 1 0 -34276542793 -23308221468 0 1 -1073741824 -1291277662 -23845092380 -1907607784 -2742123426
1700582210 1053896208 1 0 1 0 0 32768 11941883541 0 1 536870912 -23308221468 10868141717 0 0 1073741824 646686002 11941883541 955350881 -1864657719
0 0 1 0 0 0 0 32768 11941883541 0 1 536870912 -23308221468 10868141717 0 0 1073741824 646686002 11941883541 955350881 -1864657719
-1455441480 -558982939 1 0 1 0 0 -32768 -16017381790 536870912 1 -536870912 10868141717 -14943639966 0 0 -1073741824 -896458541 -16554252702 -1324340490 869451338
0 0 1 0 0 0 0 -32768 -16017381790 536870912 1 -536870912 10868141717 -14943639966 0 0 -1073741824 -896458541 -16554252702 -1324340490 869451338
-1501664470 400760517 1 0 1 0 0 -32768 -35667579741 -536870912 1 -536870912 -14943639966 -34593837917 0 0 -1073741824 -1902424987 -35130708829 -2810457287 -1195491198
0 0 1 0 0 0 0 -32768 -35667579741 -536870912 1 -536870912 -14943639966 -34593837917 0 0 -1073741824 -1902424987 -35130708829 -2810457287 -1195491198
-1719546216 -1825234685 1 0 1 0 0 32768 1414801746 -536870912 1 0 -34593837917 341059922 0 1 1073741824 105688469 1951672658 156133845 -2767507036
0 0 1 0 0 0 0 32768 1414801746 -536870912 1 0 -34593837917 341059922 0 1 1073741824 105688469 1951672658 156133845 -2767507036
915045489 1011219751 1 0 1 0 0 -32768 -1775980666 0 1 0 341059922 -702238842 0 1 -1073741824 -96174262 -1775980666 -142078483 27284794
0 0 1 0 0 0 0 -32768 -1775980666 0 1 0 341059922 -702238842 0 1 -1073741824 -96174262 -1775980666 -142078483 27284794
-940530192 1237919159 1 0 1 0 0 -32768 -40227851490 0 1 -536870912 -702238842 -39154109666 0 0 -1073741824 -2178449351 -40227851490 -3218228784 -56179107
0 0 1 0 0 0 0 -32768 -40227851490 0 1 -536870912 -702238842 -39154109666 0 0 -1073741824 -2178449351 -40227851490 -3218228784 -56179107
1477876307 1269439348 1 0 1 0 0 32768 3312183934 -536870912 1 536870912 -39154109666 2238442110 0 0 1073741824 208436959 3849054846 307924451 -3132328776
0 0 1 0 0 0 0 32768 3312183934 -536870912 1 536870912 -39154109666 2238442110 0 0 1073741824 208436959 3849054846 307924451 -3132328776
31054757 774637759 1 0 1 0 0 -32768 -13194339576 536870912 1 0 2238442110 -12120597752 0 1 -1073741824 -743583002 -13731210488 -1098497066 179075369
0 0 1 0 0 0 0 -32768 -13194339576 536870912 1 0 2238442110 -12120597752 0 1 -1073741824 -743583002 -13731210488 -1098497066 179075369
1261463537 1674687215 1 0 1 0 0 -32768 -7630703346 0 1 0 -12120597752 -6556961522 0 1 -1073741824 -413223678 -7630703346 -610456394 -969647821
0 0 1 0 0 0 0 -32768 -7630703346 0 1 0 -12120597752 -6556961522 0 1 -1073741824 -413223678 -7630703346 -610456394 -969647821
2063054223 879310641 1 0 1 0 0 32768 21859338156 0 1 536870912 -6556961522 20785596332 0 0 1073741824 1183743582 21859338156 1748747414 -524556922
0 0 1 0 0 0 0 32768 21859338156 0 1 536870912 -6556961522 20785596332 0 0 1073741824 1183743582 21859338156 1748747414 -524556922
-959315033 1237450185 1 0 1 0 0 -32768 -40029206472 536870912 1 -536870912 20785596332 -38955464648 0 0 -1073741824 -2196765218 -40566077384 -3245286861 1662847708
0 0 1 0 0 0 0 -32768 -40029206472 536870912 1 -536870912 20785596332 -38955464648 0 0 -1073741824 -2196765218 -40566077384 -3245286861 1662847708
79824941 99719916 1 0 1 0 0 -27596 -904257053 -536870912 0 0 -38955464648 0 0 1 -904257053 -19894975 -367386141 -29390897 -3116437175
0 0 1 0 0 0 0 -27596 -904257053 -536870912 0 0 -38955464648 0 0 1 -904257053 -19894975 -367386141 -29390897 -3116437175
-952962850 -1060958215 1 1 1 0 0 0 1994272441 0 1 0 0 920530617 1 1 1073741824 107995365 1994272441 159541828 0
0 0 1 0 0 0 0 0 1994272441 0 1 0 0 920530617 1 1 1073741824 107995365 1994272441 159541828 0
-705569587 1330379265 1 0 1 0 0 -32768 -37596397650 0 1 -536870912 920530617 -36522655826 0 0 -1073741824 -2035948852 -37596397650 -3007712433 73642449
0 0 1 0 0 0 0 -32768 -37596397650 0 1 -536870912 920530617 -36522655826 0 0 -1073741824 -2035948852 -37596397650 -3007712433 73642449
-568248094 -6367729 1 0 1 0 0 -32768 -10912709978 -536870912 1 536870912 -36522655826 -9838968154 0 0 -1073741824 -561880365 -10375839066 -830067297 -2921812469
0 0 1 0 0 0 0 -32768 -10912709978 -536870912 1 536870912 -36522655826 -9838968154 0 0 -1073741824 -561880365 -10375839066 -830067297 -2921812469
-1436285659 -1987968064 0 0 1 0 0 0 10724391612 536870912 1 0 -9838968154 9650649788 1 1 1073741824 551682405 10187520700 815001824 -787117453
0 0 1 0 0 0 0 0 10724391612 536870912 1 0 -9838968154 9650649788 1 1 1073741824 551682405 10187520700 815001824 -787117453
729172273 -1118224318 1 0 1 0 0 32768 34114539166 0 1 536870912 9650649788 33040797342 0 0 1073741824 1847396591 34114539166 2729163697 772051984
0 0 1 0 0 0 0 32768 34114539166 0 1 536870912 9650649788 33040797342 0 0 1073741824 1847396591 34114539166 2729163697 772051984
-855633772 1158618885 1 0 1 0 0 -32768 -36658878768 536870912 1 -536870912 33040797342 -35585136944 0 0 -1073741824 -2014252657 -37195749680 -2975660589 2643263790
0 0 1 0 0 0 0 -32768 -36658878768 536870912 1 -536870912 33040797342 -35585136944 0 0 -1073741824 -2014252657 -37195749680 -2975660589 2643263790
-137499947 -2015245280 1 0 1 0 0 32768 34138096563 -536870912 1 0 -35585136944 33064354739 0 1 1073741824 1877745333 34674967475 2773997971 -2846810958
0 0 1 0 0 0 0 32768 34138096563 -536870912 1 0 -35585136944 33064354739 0 1 1073741824 1877745333 34674967475 2773997971 -2846810958
-1960671059 1052871779 1 0 1 0 0 -32768 -55648920041 0 1 -536870912 33064354739 -54575178217 0 0 -1073741824 -3013542838 -55648920041 -4451914523 2645148382
0 0 1 0 0 0 0 -32768 -55648920041 0 1 -536870912 33064354739 -54575178217 0 0 -1073741824 -3013542838 -55648920041 -4451914523 2645148382
-135846476 -1704741319 1 0 1 0 0 32768 28434777531 -536870912 1 0 -54575178217 27361035707 0 1 1073741824 1568894843 28971648443 2317732354 -4366014261
0 0 1 0 0 0 0 32768 28434777531 -536870912 1 0 -54575178217 27361035707 0 1 1073741824 1568894843 28971648443 2317732354 -4366014261
-267077247 356553102 1 0 1 0 0 -32768 -11516131441 0 1 -536870912 27361035707 -10442389617 0 0 -1073741824 -623630349 -11516131441 -921290706 2188882859
0 0 1 0 0 0 0 -32768 -11516131441 0 1 -536870912 27361035707 -10442389617 0 0 -1073741824 -623630349 -11516131441 -921290706 2188882859
763902873 -769651371 1 0 1 0 0 32768 27782168203 -536870912 1 536870912 -10442389617 26708426379 0 0 1073741824 1533554244 28319039115 2265523597 -835391170
0 0 1 0 0 0 0 32768 27782168203 -536870912 1 536870912 -10442389617 26708426379 0 0 1073741824 1533554244 28319039115 2265523597 -835391170
-1417504470 -77690635 1 0 1 0 0 -32768 -24204503935 536870912 1 -536870912 26708426379 -23130762111 0 0 -1073741824 -1339813835 -24741374847 -1979310397 2136674112
0 0 1 0 0 0 0 -32768 -24204503935 536870912 1 -536870912 26708426379 -23130762111 0 0 -1073741824 -1339813835 -24741374847 -1979310397 2136674112
-875317835 949298129 1 0 1 0 0 -32768 -34230736685 -536870912 1 -536870912 -23130762111 -33156994861 0 0 -1073741824 -1824615964 -33693865773 -2695509819 -1850460971
0 0 1 0 0 0 0 -32768 -34230736685 -536870912 1 -536870912 -23130762111 -33156994861 0 0 -1073741824 -1824615964 -33693865773 -2695509819 -1850460971
-1170730605 1601099987 1 0 1 0 0 -32768 -51722265404 -536870912 1 -536870912 -33156994861 -50648523580 0 0 -1073741824 -2771830592 -51185394492 -4094832405 -2652559591
0 0 1 0 0 0 0 -32768 -51722265404 -536870912 1 -536870912 -33156994861 -50648523580 0 0 -1073741824 -2771830592 -51185394492 -4094832405 -2652559591
1051484247 -163991018 1 0 1 0 0 32768 21908433326 -536870912 1 536870912 -50648523580 20834691502 0 0 1073741824 1215475265 22445304238 1795624710 -4051881890
0 0 1 0 0 0 0 32768 21908433326 -536870912 1 536870912 -50648523580 20834691502 0 0 1073741824 1215475265 22445304238 1795624710 -4051881890
845251686 1111265460 1 0 1 0 1 0 -4375413411 536870912 1 0 20834691502 -3301671587 1 1 -1073741824 -266013774 -4912284323 -392982827 1666775322
0 0 1 0 0 0 0 0 -4375413411 536870912 1 0 20834691502 -3301671587 1 1 -1073741824 -266013774 -4912284323 -392982827 1666775322
-2014718585 -175419321 1 0 1 0 0 -32768 -33965011674 0 1 -536870912 -3301671587 -32891269850 0 0 -1073741824 -1839299264 -33965011674 -2717201495 -264133727
0 0 1 0 0 0 0 -32768 -33965011674 0 1 -536870912 -3301671587 -32891269850 0 0 -1073741824 -1839299264 -33965011674 -2717201495 -264133727
-720514506 1895294007 1 0 1 0 0 -32768 -48841118307 -536870912 1 -536870912 -32891269850 -47767376483 0 0 -1073741824 -2615808513 -48304247395 -3864340590 -2631301590
0 0 1 0 0 0 0 -32768 -48841118307 -536870912 1 -536870912 -32891269850 -47767376483 0 0 -1073741824 -2615808513 -48304247395 -3864340590 -2631301590
-1529009709 -1884038589 1 0 1 0 0 32768 6019191111 -536870912 1 0 -47767376483 4945449287 0 1 1073741824 355028880 6556062023 524485070 -3821390122
0 0 1 0 0 0 0 32768 6019191111 -536870912 1 0 -47767376483 4945449287 0 1 1073741824 355028880 6556062023 524485070 -3821390122
-1017773529 -1122494525 1 0 1 0 0 32768 1933807033 0 1 0 4945449287 860065209 0 1 1073741824 104720996 1933807033 154704595 395635943
0 0 1 0 0 0 0 32768 1933807033 0 1 0 4945449287 860065209 0 1 1073741824 104720996 1933807033 154704595 395635943
1931086444 1889370248 1 0 1 0 0 23509 770342876 0 0 -7177774 860065209 0 0 0 770342876 41716196 770342876 61627443 68805217
0 0 1 0 0 0 0 23509 770342876 0 0 -7177774 860065209 0 0 0 770342876 41716196 770342876 61627443 68805217
1538049778 -1426247405 1 0 1 0 0 32768 54732358308 -7177774 1 536870912 0 53658616484 0 0 1073741824 2964297183 54739536082 4379163791 0
0 0 1 0 0 0 0 32768 54732358308 -7177774 1 536870912 0 53658616484 0 0 1073741824 2964297183 54739536082 4379163791 0
1444332796 403716273 1 0 1 0 0 32768 19753184996 536870912 1 -536870912 53658616484 18679443172 0 0 1073741824 1040616523 19216314084 1537305444 4292689323
0 0 1 0 0 0 0 32768 19753184996 536870912 1 -536870912 53658616484 18679443172 0 0 1073741824 1040616523 19216314084 1537305444 4292689323
-1019495465 -1736990802 1 0 1 0 0 32768 12712597499 -536870912 1 0 18679443172 11638855675 0 1 1073741824 717495337 13249468411 1059957692 1494355455
0 0 1 0 0 0 0 32768 12712597499 -536870912 1 0 18679443172 11638855675 0 1 1073741824 717495337 13249468411 1059957692 1494355455
1875719859 2005663232 1 0 1 0 0 -32768 -2399570460 0 1 0 11638855675 -1325828636 0 1 -1073741824 -129943373 -2399570460 -191965676 931108455
0 0 1 0 0 0 0 -32768 -2399570460 0 1 0 11638855675 -1325828636 0 1 -1073741824 -129943373 -2399570460 -191965676 931108455
-1295214497 -1770183897 1 0 1 0 0 32768 8770917018 0 1 0 -1325828636 7697175194 0 1 1073741824 474969400 8770917018 701673506 -106066291
0 0 1 0 0 0 0 32768 8770917018 0 1 0 -1325828636 7697175194 0 1 1073741824 474969400 8770917018 701673506 -106066291
-1470214738 -1094707612 0 0 1 0 0 0 -6934219008 0 1 0 7697175194 -5860477184 1 1 -1073741824 -375507126 -6934219008 -554737635 615774016
0 0 1 0 0 0 0 0 -6934219008 0 1 0 7697175194 -5860477184 1 1 -1073741824 -375507126 -6934219008 -554737635 615774016
2053802841 -2109472278 1 0 1 0 0 32768 76880196055 0 1 536870912 -5860477184 75806454231 0 0 1073741824 4163275119 76880196055 6150416955 -468838175
0 0 1 0 0 0 0 32768 76880196055 0 1 536870912 -5860477184 75806454231 0 0 1073741824 4163275119 76880196055 6150416955 -468838175
-602009892 -961711932 1 0 1 0 0 32768 7179228807 536870912 1 0 75806454231 6105486983 0 1 1073741824 359702040 6642357895 531388741 6064516344
0 0 1 0 0 0 0 32768 7179228807 536870912 1 0 75806454231 6105486983 0 1 1073741824 359702040 6642357895 531388741 6064516344
-313442906 701673076 1 0 1 0 0 -32768 -18745414003 0 1 -536870912 6105486983 -17671672179 0 0 -1073741824 -1015115982 -18745414003 -1499633430 488438959
0 0 1 0 0 0 0 -32768 -18745414003 0 1 -536870912 6105486983 -17671672179 0 0 -1073741824 -1015115982 -18745414003 -1499633430 488438959
-1038276063 1006178102 1 0 1 0 0 -32768 -38290330037 -536870912 1 -536870912 -17671672179 -37216588213 0 0 -1073741824 -2044454165 -37753459125 -3020277354 -1413733776
0 0 1 0 0 0 0 -32768 -38290330037 -536870912 1 -536870912 -17671672179 -37216588213 0 0 -1073741824 -2044454165 -37753459125 -3020277354 -1413733776
-2006274805 648177078 1 1 1 0 0 0 -49554717523 -536870912 1 0 -37216588213 -48480975699 1 1 -1073741824 -2654451883 -49017846611 -3921428539 -2977327060
0 0 1 0 0 0 0 0 -49554717523 -536870912 1 0 -37216588213 -48480975699 1 1 -1073741824 -2654451883 -49017846611 -3921428539 -2977327060
-1733850921 461301525 1 0 1 0 0 -32768 -40536295487 0 1 536870912 -48480975699 -39462553663 0 0 -1073741824 -2195152446 -40536295487 -3242904309 -3878478060
0 0 1 0 0 0 0 -32768 -40536295487 0 1 536870912 -48480975699 -39462553663 0 0 -1073741824 -2195152446 -40536295487 -3242904309 -3878478060
171405425 736862681 1 0 1 0 0 -32768 -9905020017 536870912 1 0 -39462553663 -8831278193 0 1 -1073741824 -565457256 -10441890929 -835351447 -3157004296
0 0 1 0 0 0 0 -32768 -9905020017 536870912 1 0 -39462553663 -8831278193 0 1 -1073741824 -565457256 -10441890929 -835351447 -3157004296
-2030233921 -842875335 1 0 1 0 0 -32768 -21926093825 0 1 -536870912 -8831278193 -20852352001 0 0 -1073741824 -1187358586 -21926093825 -1754087868 -706502256
0 0 1 0 0 0 0 -32768 -21926093825 0 1 -536870912 -8831278193 -20852352001 0 0 -1073741824 -1187358586 -21926093825 -1754087868 -706502256
-1903735138 -676625362 1 0 1 0 0 -32768 -23197021266 -536870912 1 -536870912 -20852352001 -22123279442 0 0 -1073741824 -1227109776 -22660150354 -1812812403 -1668188162
0 0 1 0 0 0 0 -32768 -23197021266 -536870912 1 -536870912 -20852352001 -22123279442 0 0 -1073741824 -1227109776 -22660150354 -1812812403 -1668188162
1431249846 -1456451674 1 0 1 0 0 32768 52788228357 -536870912 1 536870912 -22123279442 51714486533 0 0 1073741824 2887701520 53325099269 4266008823 -1769862357
0 0 1 0 0 0 0 32768 52788228357 -536870912 1 536870912 -22123279442 51714486533 0 0 1073741824 2887701520 53325099269 4266008823 -1769862357
-715226400 -63256622 1 0 1 0 0 -32768 -11502584306 536870912 1 -536870912 51714486533 -10428842482 0 0 -1073741824 -651969778 -12039455218 -963156616 4137158926
0 0 1 0 0 0 0 -32768 -11502584306 536870912 1 -536870912 51714486533 -10428842482 0 0 -1073741824 -651969778 -12039455218 -963156616 4137158926
-1900019797 1628572742 1 0 1 0 0 -32768 -65696841955 -536870912 1 -536870912 -10428842482 -64623100131 0 0 -1073741824 -3528592539 -65159971043 -5212798760 -834307399
0 0 1 0 0 0 0 -32768 -65696841955 -536870912 1 -536870912 -10428842482 -64623100131 0 0 -1073741824 -3528592539 -65159971043 -5212798760 -834307399
-184549687 -256348544 1 0 1 0 0 24078 788986747 -536870912 0 0 -64623100131 0 0 1 788986747 71798857 1325857659 106068635 -5169848015
0 0 1 0 0 0 0 24078 788986747 -536870912 0 0 -64623100131 0 0 1 788986747 71798857 1325857659 106068635 -5169848015
142433654 455150073 1 0 1 0 0 -32768 -5774708352 0 1 0 0 -4700966528 0 1 -1073741824 -312716419 -5774708352 -461976764 0
0 0 1 0 0 0 0 -32768 -5774708352 0 1 0 0 -4700966528 0 1 -1073741824 -312716419 -5774708352 -461976764 0
-1290245098 -1705128900 1 0 1 0 0 32768 7661359657 0 1 0 -4700966528 6587617833 0 1 1073741824 414883802 7661359657 612908899 -376077323
0 0 1 0 0 0 0 32768 7661359657 0 1 0 -4700966528 6587617833 0 1 1073741824 414883802 7661359657 612908899 -376077323
266492932 -1156485743 1 0 1 0 0 32768 26277119909 0 1 536870912 6587617833 25203378085 0 0 1073741824 1422978675 26277119909 2102170027 527009427
0 0 1 0 0 0 0 32768 26277119909 0 1 536870912 6587617833 25203378085 0 0 1073741824 1422978675 26277119909 2102170027 527009427
1130130805 -134114354 1 0 1 0 0 32768 23882773575 536870912 1 388273262 25203378085 22809031751 0 0 1073741824 1264245159 23345902663 1867672599 2016270249
0 0 1 0 0 0 0 32768 23882773575 536870912 1 388273262 25203378085 22809031751 0 0 1073741824 1264245159 23345902663 1867672599 2016270249
1342771993 -1685321445 1 0 1 0 0 32768 56305888729 388273262 1 536870912 22809031751 55232146905 0 0 1073741824 3028093438 55917615467 4473410161 1824722542
0 0 1 0 0 0 0 32768 56305888729 388273262 1 536870912 22809031751 55232146905 0 0 1073741824 3028093438 55917615467 4473410161 1824722542
1670868795 -1599558669 1 0 1 0 0 32768 60929493890 536870912 1 536870912 55232146905 59855752066 0 0 1073741824 3270427464 60392622978 4831410836 4418571757
0 0 1 0 0 0 0 32768 60929493890 536870912 1 536870912 55232146905 59855752066 0 0 1073741824 3270427464 60392622978 4831410836 4418571757
164655738 -1213037737 1 0 1 0 0 32768 25977741725 536870912 1 -536870912 59855752066 24903999901 0 0 1073741824 1377693475 25440870813 2035270085 4788460170
0 0 1 0 0 0 0 32768 25977741725 536870912 1 -536870912 59855752066 24903999901 0 0 1073741824 1377693475 25440870813 2035270085 4788460170
56299439 284505045 1 0 1 1 0 0 -4750979091 -536870912 1 0 24903999901 -3677237267 1 1 -1073741824 -228205606 -4214108179 -337128724 1992319994
0 0 1 0 0 0 0 0 -4750979091 -536870912 1 0 24903999901 -3677237267 1 1 -1073741824 -228205606 -4214108179 -337128724 1992319994
694285378 -4013957 1 0 1 0 0 32768 12894989701 0 1 536870912 -3677237267 11821247877 0 0 1073741824 698299335 12894989701 1031599389 -294178982
0 0 1 0 0 0 0 32768 12894989701 0 1 536870912 -3677237267 11821247877 0 0 1073741824 698299335 12894989701 1031599389 -294178982
-1733587634 458477754 0 0 1 0 0 0 -39942418104 536870912 1 0 11821247877 -38868676280 1 1 -1073741824 -2192065388 -40479289016 -3238343790 945699831
0 0 1 0 0 0 0 0 -39942418104 536870912 1 0 11821247877 -38868676280 1 1 -1073741824 -2192065388 -40479289016 -3238343790 945699831
1646253383 679909678 1 0 1 0 0 32768 17844771574 0 1 536870912 -38868676280 16771029750 0 0 1073741824 966343705 17844771574 1427582021 -3109494105
0 0 1 0 0 0 0 32768 17844771574 0 1 536870912 -38868676280 16771029750 0 0 1073741824 966343705 17844771574 1427582021 -3109494105
1251176134 -938606636 1 0 1 0 0 32768 40974008469 536870912 1 536870912 16771029750 39900266645 0 0 1073741824 2189782770 40437137557 3234971673 1341682381
0 0 1 0 0 0 0 32768 40974008469 536870912 1 536870912 16771029750 39900266645 0 0 1073741824 2189782770 40437137557 3234971673 1341682381
81682299 -1169322221 1 0 1 0 0 32768 23638268253 536870912 1 -536870912 39900266645 22564526429 0 0 1073741824 1251004520 23101397341 1848112169 3192021335
0 0 1 0 0 0 0 32768 23638268253 536870912 1 -536870912 39900266645 22564526429 0 0 1073741824 1251004520 23101397341 1848112169 3192021335
-916035916 1955975259 1 0 1 0 0 -32768 -53572227907 -536870912 1 -536870912 22564526429 -52498486083 0 0 -1073741824 -2872011175 -53035356995 -4242829436 1805162116
0 0 1 0 0 0 0 -32768 -53572227907 -536870912 1 -536870912 22564526429 -52498486083 0 0 -1073741824 -2872011175 -53035356995 -4242829436 1805162116
-1289708406 1418657601 1 0 1 0 0 -32768 -50550310729 -536870912 1 -338068033 -52498486083 -49476568905 0 0 -1073741824 -2708366007 -50013439817 -4001076012 -4199878891
0 0 1 0 0 0 0 -32768 -50550310729 -536870912 1 -338068033 -52498486083 -49476568905 0 0 -1073741824 -2708366007 -50013439817 -4001076012 -4199878891
975629458 1444478188 1 0 1 0 0 -32768 -8995959057 -338068033 1 0 -49476568905 -7922217233 0 1 -1073741824 -468848730 -8657891024 -692631425 -3958125516
0 0 1 0 0 0 0 -32768 -8995959057 -338068033 1 0 -49476568905 -7922217233 0 1 -1073741824 -468848730 -8657891024 -692631425 -3958125516
-508767833 -272060848 1 0 1 0 0 -32768 -4371097008 0 1 284089546 -7922217233 -3297355184 0 0 -1073741824 -236706985 -4371097008 -349687833 -633777379
0 0 1 0 0 0 0 -32768 -4371097008 0 1 284089546 -7922217233 -3297355184 0 0 -1073741824 -236706985 -4371097008 -349687833 -633777379
386404034 1602265729 1 0 1 0 0 -32768 -22168350616 284089546 1 0 -3297355184 -21094608792 0 1 -1073741824 -1215861695 -22452440162 -1796195584 -263788415
0 0 1 0 0 0 0 -32768 -22168350616 284089546 1 0 -3297355184 -21094608792 0 1 -1073741824 -1215861695 -22452440162 -1796195584 -263788415
68262300 539051465 1 0 1 0 0 -32768 -8693723636 0 1 0 -21094608792 -7619981812 0 1 -1073741824 -470789165 -8693723636 -695498035 -1687568705
0 0 1 0 0 0 0 -32768 -8693723636 0 1 0 -21094608792 -7619981812 0 1 -1073741824 -470789165 -8693723636 -695498035 -1687568705
-1635515644 -877739342 1 0 1 0 0 -32768 -13993307912 0 1 -509866318 -7619981812 -12919566088 0 0 -1073741824 -757776302 -13993307912 -1119464864 -609598546
0 0 1 0 0 0 0 -32768 -13993307912 0 1 -509866318 -7619981812 -12919566088 0 0 -1073741824 -757776302 -13993307912 -1119464864 -609598546
-461753718 1533133580 1 0 1 0 0 -32768 -37348009893 -509866318 1 -536870912 -12919566088 -36274268069 0 0 -1073741824 -1994887298 -36838143575 -2947052095 -1033565288
0 0 1 0 0 0 0 -32768 -37348009893 -509866318 1 -536870912 -12919566088 -36274268069 0 0 -1073741824 -1994887298 -36838143575 -2947052095 -1033565288
923979936 -1272678364 1 0 1 0 0 32768 40027232094 -536870912 1 536870912 -36274268069 38953490270 0 0 1073741824 2196658300 40564103006 3245128911 -2901941448
0 0 1 0 0 0 0 32768 40027232094 -536870912 1 536870912 -36274268069 38953490270 0 0 1073741824 2196658300 40564103006 3245128911 -2901941448
1473199046 -1344648281 1 1 1 0 0 0 52572023229 536870912 1 0 38953490270 51498281405 1 1 1073741824 2817847327 52035152317 4162813045 3116279225
0 0 1 0 0 0 0 0 52572023229 536870912 1 0 38953490270 51498281405 1 1 1073741824 2817847327 52035152317 4162813045 3116279225
646052006 -1700714630 1 0 1 0 0 32768 43336045280 0 1 -536870912 51498281405 42262303456 0 0 1073741824 2346766636 43336045280 3466884339 4119862516
0 0 1 0 0 0 0 32768 43336045280 0 1 -536870912 51498281405 42262303456 0 0 1073741824 2346766636 43336045280 3466884339 4119862516
1632503041 1379061525 1 0 1 0 0 32768 4143250599 -536870912 1 -536870912 42262303456 3069508775 0 0 1073741824 253441516 4680121511 374409798 3380984280
0 0 1 0 0 0 0 32768 4143250599 -536870912 1 -536870912 42262303456 3069508775 0 0 1073741824 253441516 4680121511 374409798 3380984280
-1158565485 355240322 1 0 1 0 0 -32768 -28491229897 -536870912 1 -536870912 3069508775 -27417488073 0 0 -1073741824 -1513805807 -27954358985 -2236349181 245560702
0 0 1 0 0 0 0 -32768 -28491229897 -536870912 1 -536870912 3069508775 -27417488073 0 0 -1073741824 -1513805807 -27954358985 -2236349181 245560702
2076919359 -1563615973 1 0 1 0 0 32768 66690266875 -536870912 1 536870912 -27417488073 65616525051 0 0 1073741824 3640535332 67227137787 5378172134 -2193399048
0 0 1 0 0 0 0 32768 66690266875 -536870912 1 536870912 -27417488073 65616525051 0 0 1073741824 3640535332 67227137787 5378172134 -2193399048
-1010681786 -1659253755 1 0 1 0 0 32768 12513581244 536870912 1 0 65616525051 11439839420 0 1 1073741824 648571969 11976710332 958137024 5249322009
0 0 1 0 0 0 0 32768 12513581244 536870912 1 0 65616525051 11439839420 0 1 1073741824 648571969 11976710332 958137024 5249322009
-481586334 1410493093 1 0 1 0 0 -32768 -34939664841 0 1 -536870912 11439839420 -33865923017 0 0 -1073741824 -1892079427 -34939664841 -2795173765 915187154
0 0 1 0 0 0 0 -32768 -34939664841 0 1 -536870912 11439839420 -33865923017 0 0 -1073741824 -1892079427 -34939664841 -2795173765 915187154
-1935328458 -777724863 1 0 1 0 0 -32768 -21913500799 -536870912 1 462272188 -33865923017 -20839758975 0 0 -1073741824 -1157603595 -21376629887 -1710130744 -2709273844
0 0 1 0 0 0 0 -32768 -21913500799 -536870912 1 462272188 -33865923017 -20839758975 0 0 -1073741824 -1157603595 -21376629887 -1710130744 -2709273844
1906879369 -499789202 1 0 1 0 0 32768 44904483257 462272188 1 536870912 -20839758975 43830741433 0 0 1073741824 2406668571 44442211069 3555377620 -1667180720
0 0 1 0 0 0 0 32768 44904483257 462272188 1 536870912 -20839758975 43830741433 0 0 1073741824 2406668571 44442211069 3555377620 -1667180720
2088914847 1447659661 1 0 1 0 0 32768 12378467494 536870912 1 -536870912 43830741433 11304725670 0 0 1073741824 641255186 11841596582 947327922 3506459318
0 0 1 0 0 0 0 32768 12378467494 536870912 1 -536870912 43830741433 11304725670 0 0 1073741824 641255186 11841596582 947327922 3506459318
405689642 -1452806079 0 0 1 0 0 0 33782627875 -536870912 1 0 11304725670 32708886051 1 1 1073741824 1858495721 34319498787 2745560470 904378054
0 0 1 0 0 0 0 0 33782627875 -536870912 1 0 11304725670 32708886051 1 1 1073741824 1858495721 34319498787 2745560470 904378054
-1512423690 403810997 1 0 1 0 0 -32768 -35385722589 0 1 -536870912 32708886051 -34311980765 0 0 -1073741824 -1916234687 -35385722589 -2830858392 2616710887
0 0 1 0 0 0 0 -32768 -35385722589 0 1 -536870912 32708886051 -34311980765 0 0 -1073741824 -1916234687 -35385722589 -2830858392 2616710887
1385845164 1508900454 1 0 1 0 0 -32768 -2809244116 -536870912 1 0 -34311980765 -1735502292 0 1 -1073741824 -123055290 -2272373204 -181789894 -2744958464
0 0 1 0 0 0 0 -32768 -2809244116 -536870912 1 0 -34311980765 -1735502292 0 1 -1073741824 -123055290 -2272373204 -181789894 -2744958464
-97509108 842268940 1 0 1 0 0 -32768 -17354202764 0 1 -536870912 -1735502292 -16280460940 0 0 -1073741824 -939778048 -17354202764 -1388336508 -138840183
0 0 1 0 0 0 0 -32768 -17354202764 0 1 -536870912 -1735502292 -16280460940 0 0 -1073741824 -939778048 -17354202764 -1388336508 -138840183
549351491 1240255346 1 0 1 0 0 -32768 -13295293622 -536870912 1 0 -16280460940 -12221551798 0 1 -1073741824 -690903855 -12758422710 -1020674028 -1302436876
0 0 1 0 0 0 0 -32768 -13295293622 -536870912 1 0 -16280460940 -12221551798 0 1 -1073741824 -690903855 -12758422710 -1020674028 -1302436876
-1445373981 394263264 1 0 1 0 0 -32768 -33971252925 0 1 -536870912 -12221551798 -32897511101 0 0 -1073741824 -1839637245 -33971252925 -2717700795 -977724145
0 0 1 0 0 0 0 -32768 -33971252925 0 1 -536870912 -12221551798 -32897511101 0 0 -1073741824 -1839637245 -33971252925 -2717700795 -977724145
1107186057 -2033019729 1 0 1 0 0 32768 57451042349 -536870912 1 536870912 -32897511101 56377300525 0 0 1073741824 3140205786 57987913261 4639034019 -2631800891
0 0 1 0 0 0 0 32768 57451042349 -536870912 1 536870912 -32897511101 56377300525 0 0 1073741824 3140205786 57987913261 4639034019 -2631800891
-1903151845 990033690 1 0 1 0 0 -32768 -52889497703 536870912 1 -536870912 56377300525 -51815755879 0 0 -1073741824 -2893185535 -53426368615 -4274110372 4510184046
0 0 1 0 0 0 0 -32768 -52889497703 536870912 1 -536870912 56377300525 -51815755879 0 0 -1073741824 -2893185535 -53426368615 -4274110372 4510184046
47123507 -1216415711 1 0 1 0 0 32768 22795995648 -536870912 1 536870912 -51815755879 21722253824 0 0 1073741824 1263539218 23332866560 1866629710 -4145260474
0 0 1 0 0 0 0 32768 22795995648 -536870912 1 536870912 -51815755879 21722253824 0 0 1073741824 1263539218 23332866560 1866629710 -4145260474
-111693539 87289853 1 0 1 0 0 -32768 -3137611737 536870912 1 -536870912 21722253824 -2063869913 0 0 -1073741824 -198983392 -3674482649 -293958673 1737780308
0 0 1 0 0 0 0 -32768 -3137611737 536870912 1 -536870912 21722253824 -2063869913 0 0 -1073741824 -198983392 -3674482649 -293958673 1737780308
-1335290719 1738246507 1 0 1 0 0 -32768 -57293664005 -536870912 1 -536870912 -2063869913 -56219922181 0 0 -1073741824 -3073537226 -56756793093 -4540544385 -165109593
0 0 1 0 0 0 0 -32768 -57293664005 -536870912 1 -536870912 -2063869913 -56219922181 0 0 -1073741824 -3073537226 -56756793093 -4540544385 -165109593
1051063751 -240869049 1 0 1 0 0 32768 23320319429 -536870912 1 536870912 -56219922181 22246577605 0 0 1073741824 1291932800 23857190341 1908575622 -4497593779
0 0 1 0 0 0 0 32768 23320319429 -536870912 1 536870912 -56219922181 22246577605 0 0 1073741824 1291932800 23857190341 1908575622 -4497593779
-877913140 -620290814 1 0 1 0 0 -32768 -4220454599 536870912 1 -536870912 22246577605 -3146712775 0 0 -1073741824 -257622326 -4757325511 -380586119 1779726210
0 0 1 0 0 0 0 -32768 -4220454599 536870912 1 -536870912 22246577605 -3146712775 0 0 -1073741824 -257622326 -4757325511 -380586119 1779726210
1663035745 -1728344139 1 0 1 0 0 32768 62089293088 -536870912 1 536870912 -3146712775 61015551264 0 0 1073741824 3391379884 62626164000 5010094155 -251737022
0 0 1 0 0 0 0 32768 62089293088 -536870912 1 536870912 -3146712775 61015551264 0 0 1073741824 3391379884 62626164000 5010094155 -251737022
-483780286 90690133 1 0 1 0 1 0 -10071459592 536870912 1 0 61015551264 -8997717768 1 1 -1073741824 -574470419 -10608330504 -848666616 4881244106
0 0 1 0 0 0 0 0 -10071459592 536870912 1 0 61015551264 -8997717768 1 1 -1073741824 -574470419 -10608330504 -848666616 4881244106
1294416851 1733284929 1 0 1 0 0 -32768 -8104259967 0 1 0 -8997717768 -7030518143 0 1 -1073741824 -438868078 -8104259967 -648340931 -719817422
0 0 1 0 0 0 0 -32768 -8104259967 0 1 0 -8997717768 -7030518143 0 1 -1073741824 -438868078 -8104259967 -648340931 -719817422
1857479207 -1044684886 1 0 1 0 0 32768 53592169164 0 1 536870912 -7030518143 52518427340 0 0 1073741824 2902164093 53592169164 4287374419 -562441452
0 0 1 0 0 0 0 32768 53592169164 0 1 536870912 -7030518143 52518427340 0 0 1073741824 2902164093 53592169164 4287374419 -562441452
162528617 1371391669 1 0 1 0 0 -32768 -21786330362 536870912 1 0 52518427340 -20712588538 0 1 -1073741824 -1208863052 -22323201274 -1785856471 4201474191
0 0 1 0 0 0 0 -32768 -21786330362 536870912 1 0 52518427340 -20712588538 0 1 -1073741824 -1208863052 -22323201274 -1785856471 4201474191
-729658051 -2018867119 1 0 1 0 0 32768 23806893148 0 1 0 -20712588538 22733151324 0 1 1073741824 1289209068 23806893148 1904551845 -1657007085
0 0 1 0 0 0 0 32768 23806893148 0 1 0 -20712588538 22733151324 0 1 1073741824 1289209068 23806893148 1904551845 -1657007085
-1428151036 651383565 1 0 1 0 0 -32768 -38401264211 0 1 -536870912 22733151324 -37327522387 0 0 -1073741824 -2079534601 -38401264211 -3072101772 1818652108
0 0 1 0 0 0 0 -32768 -38401264211 0 1 -536870912 22733151324 -37327522387 0 0 -1073741824 -2079534601 -38401264211 -3072101772 1818652108
696476064 -1209428171 1 0 1 0 0 32768 34658086678 -536870912 1 536870912 -37327522387 33584344854 0 0 1073741824 1905904235 35194957590 2815597189 -2986201794
0 0 1 0 0 0 0 32768 34658086678 -536870912 1 536870912 -37327522387 33584344854 0 0 1073741824 1905904235 35194957590 2815597189 -2986201794
1952678363 -2052594529 1 1 1 0 0 0 74499353907 536870912 1 0 33584344854 73425612083 1 1 1073741824 4005272892 73962482995 5916999862 2686747591
0 0 1 0 0 0 0 0 74499353907 536870912 1 0 33584344854 73425612083 1 1 1073741824 4005272892 73962482995 5916999862 2686747591
1455070303 433887587 1 0 1 0 0 32768 18857444000 0 1 -536870912 73425612083 17783702176 0 0 1073741824 1021182716 18857444000 1508595832 5874048972
0 0 1 0 0 0 0 32768 18857444000 0 1 -536870912 73425612083 17783702176 0 0 1073741824 1021182716 18857444000 1508595832 5874048972
1287529162 358353931 0 0 1 0 0 0 16621537285 -536870912 1 0 17783702176 15547795461 1 1 1073741824 929175231 17158408197 1372672939 1422696175
0 0 1 0 0 0 0 0 16621537285 -536870912 1 0 17783702176 15547795461 1 1 1073741824 929175231 17158408197 1372672939 1422696175
1458790482 -1077705003 1 0 1 0 0 32768 46839630965 0 1 536870912 15547795461 45765889141 0 0 1073741824 2536495485 46839630965 3747171251 1243823638
0 0 1 0 0 0 0 32768 46839630965 0 1 536870912 15547795461 45765889141 0 0 1073741824 2536495485 46839630965 3747171251 1243823638
-929809255 -1390439343 1 0 1 0 0 32768 9042994207 536870912 1 0 45765889141 7969252383 0 1 1073741824 460630088 8506123295 680490004 3661271135
0 0 1 0 0 0 0 32768 9042994207 536870912 1 0 45765889141 7969252383 0 1 1073741824 460630088 8506123295 680490004 3661271135
-154492008 778561039 1 0 1 0 0 -32768 -17230017026 0 1 -536870912 7969252383 -16156275202 0 0 -1073741824 -933053047 -17230017026 -1378401647 637540191
0 0 1 0 0 0 0 -32768 -17230017026 0 1 -536870912 7969252383 -16156275202 0 0 -1073741824 -933053047 -17230017026 -1378401647 637540191
1269193040 550024549 1 0 1 0 0 32768 12743494426 -536870912 1 536870912 -16156275202 11669752602 0 0 1073741824 719168491 13280365338 1062429447 -1292502017
0 0 1 0 0 0 0 32768 12743494426 -536870912 1 536870912 -16156275202 11669752602 0 0 1073741824 719168491 13280365338 1062429447 -1292502017
472038319 1340722976 1 0 1 0 0 -32768 -15504501525 536870912 1 0 11669752602 -14430759701 0 1 -1073741824 -868684657 -16041372437 -1283310060 933580209
0 0 1 0 0 0 0 -32768 -15504501525 536870912 1 0 11669752602 -14430759701 0 1 -1073741824 -868684657 -16041372437 -1283310060 933580209
2086467797 -1081074902 1 0 1 0 0 32768 58492724298 0 1 536870912 -14430759701 57418982474 0 0 1073741824 3167542699 58492724298 4679418910 -1154460777
0 0 1 0 0 0 0 32768 58492724298 0 1 536870912 -14430759701 57418982474 0 0 1073741824 3167542699 58492724298 4679418910 -1154460777
-1376688546 1016324810 1 0 1 0 0 -32768 -43653179160 536870912 1 -536870912 57418982474 -42579437336 0 0 -1073741824 -2393013356 -44190050072 -3535204736 4593518602
0 0 1 0 0 0 0 -32768 -43653179160 536870912 1 -536870912 57418982474 -42579437336 0 0 -1073741824 -2393013356 -44190050072 -3535204736 4593518602
1126275407 -641739737 1 0 1 0 0 32768 32111788380 -536870912 1 536870912 -42579437336 31038046556 0 0 1073741824 1768015144 32648659292 2611893283 -3406354990
0 0 1 0 0 0 0 32768 32111788380 -536870912 1 536870912 -42579437336 31038046556 0 0 1073741824 1768015144 32648659292 2611893283 -3406354990
1646689355 800512982 1 0 1 0 0 32768 16162599117 536870912 1 -536870912 31038046556 15088857293 0 0 1073741824 846176373 15625728205 1250058515 2483043727
0 0 1 0 0 0 0 32768 16162599117 536870912 1 -536870912 31038046556 15088857293 0 0 1073741824 846176373 15625728205 1250058515 2483043727
1641940674 235950308 1 0 1 0 0 32768 25426538159 -536870912 1 333093658 15088857293 24352796335 0 0 1073741824 1405990366 25963409071 2077073155 1207108585
0 0 1 0 0 0 0 32768 25426538159 -536870912 1 333093658 15088857293 24352796335 0 0 1073741824 1405990366 25963409071 2077073155 1207108585
-29338308 1415201826 1 0 1 0 0 -32768 -26342186149 333093658 1 -536870912 24352796335 -25268444325 0 0 -1073741824 -1444540134 -26675279807 -2134022825 1948223709
0 0 1 0 0 0 0 -32768 -26342186149 333093658 1 -536870912 24352796335 -25268444325 0 0 -1073741824 -1444540134 -26675279807 -2134022825 1948223709
1276010182 -515988811 1 0 1 0 0 32768 32554680805 -536870912 1 536870912 -25268444325 31480938981 0 0 1073741824 1791998993 33091551717 2647324684 -2021475548
0 0 1 0 0 0 0 32768 32554680805 -536870912 1 536870912 -25268444325 31480938981 0 0 1073741824 1791998993 33091551717 2647324684 -2021475548
134624400 -1295933052 1 0 1 0 0 32768 26953942625 536870912 1 131761965 31480938981 25880200801 0 0 1073741824 1430557452 26417071713 2113366174 2518475121
0 0 1 0 0 0 0 32768 26953942625 536870912 1 131761965 31480938981 25880200801 0 0 1073741824 1430557452 26417071713 2113366174 2518475121
-1947353707 1769404403 1 0 1 0 0 -32768 -68502926836 131761965 1 -536870912 25880200801 -67429185012 0 0 -1073741824 -3716758110 -68634688801 -5490776238 2070416066
0 0 1 0 0 0 0 -32768 -68502926836 131761965 1 -536870912 25880200801 -67429185012 0 0 -1073741824 -3716758110 -68634688801 -5490776238 2070416066
1629589381 531869163 1 0 1 0 0 32768 19733935883 -536870912 1 536870912 -67429185012 18660194059 0 0 1073741824 1097720218 20270806795 1621664879 -5394334806
0 0 1 0 0 0 0 32768 19733935883 -536870912 1 536870912 -67429185012 18660194059 0 0 1073741824 1097720218 20270806795 1621664879 -5394334806
-80011868 -273334702 1 0 1 0 0 32768 4106824123 536870912 1 0 18660194059 3033082299 0 1 1073741824 193322834 3569953211 285596316 1492815526
0 0 1 0 0 0 0 32768 4106824123 536870912 1 0 18660194059 3033082299 0 1 1073741824 193322834 3569953211 285596316 1492815526
1539851593 -1340898784 1 0 1 0 0 32768 53196737530 0 1 536870912 3033082299 52122995706 0 0 1073741824 2880750377 53196737530 4255739882 242646584
0 0 1 0 0 0 0 32768 53196737530 0 1 536870912 3033082299 52122995706 0 0 1073741824 2880750377 53196737530 4255739882 242646584
-933126758 1368176475 1 0 1 0 0 -32768 -41959634526 536870912 1 -536870912 52122995706 -40885892702 0 0 -1073741824 -2301303233 -42496505438 -3399721137 4169839660
0 0 1 0 0 0 0 -32768 -41959634526 536870912 1 -536870912 52122995706 -40885892702 0 0 -1073741824 -2301303233 -42496505438 -3399721137 4169839660
-364332680 1925114719 1 0 1 1 0 0 -42814443223 -536870912 1 0 -40885892702 -41740701399 1 1 -1073741824 -2289447399 -42277572311 -3382206484 -3270871419
0 0 1 0 0 0 0 0 -42814443223 -536870912 1 0 -40885892702 -41740701399 1 1 -1073741824 -2289447399 -42277572311 -3382206484 -3270871419
520665412 462865262 1 0 1 0 0 32573 1067353643 0 0 536870912 -41740701399 0 0 0 1067353643 57800150 1067353643 85388309 -3339256115
0 0 1 0 0 0 0 32573 1067353643 0 0 536870912 -41740701399 0 0 0 1067353643 57800150 1067353643 85388309 -3339256115
-1333349620 -730271080 1 0 1 0 0 -32768 -10599745109 536870912 1 -354058554 0 -9526003285 0 0 -1073741824 -603078540 -11136616021 -890929466 0
0 0 1 0 0 0 0 -32768 -10599745109 536870912 1 -354058554 0 -9526003285 0 0 -1073741824 -603078540 -11136616021 -890929466 0
-753056240 972245990 1 0 1 0 0 -32768 -32213969299 -354058554 1 -536870912 -9526003285 -31140227475 0 0 -1073741824 -1725302230 -31859910745 -2548793386 -762080264
0 0 1 0 0 0 0 -32768 -32213969299 -354058554 1 -536870912 -9526003285 -31140227475 0 0 -1073741824 -1725302230 -31859910745 -2548793386 -762080264
1119463462 -1771298521 0 0 1 0 0 0 52844743718 -536870912 1 0 -31140227475 51771001894 1 1 1073741824 2890761983 53381614630 4270530053 -2491218200
0 0 1 0 0 0 0 0 52844743718 -536870912 1 0 -31140227475 51771001894 1 1 1073741824 2890761983 53381614630 4270530053 -2491218200
2037137150 1450244392 1 0 1 0 0 32768 10837724870 0 1 -536870912 51771001894 9763983046 0 0 1073741824 586892758 10837724870 867018169 4141680155
0 0 1 0 0 0 0 32768 10837724870 0 1 -536870912 51771001894 9763983046 0 0 1073741824 586892758 10837724870 867018169 4141680155
342584822 1321544885 1 0 1 0 0 -32768 -18614619661 -536870912 1 0 9763983046 -17540877837 0 1 -1073741824 -978960063 -18077748749 -1446220199 781118644
0 0 1 0 0 0 0 -32768 -18614619661 -536870912 1 0 9763983046 -17540877837 0 1 -1073741824 -978960063 -18077748749 -1446220199 781118644
528316883 -1647142950 1 0 1 0 0 32768 40172646220 0 1 536870912 -17540877837 39098904396 0 0 1073741824 2175459833 40172646220 3213812361 -1403270228
0 0 1 0 0 0 0 32768 40172646220 0 1 536870912 -17540877837 39098904396 0 0 1073741824 2175459833 40172646220 3213812361 -1403270228
91855169 1244979368 1 0 1 0 0 -32768 -20757041203 536870912 1 0 39098904396 -19683299379 0 1 -1073741824 -1153124199 -21293912115 -1703513321 3127912355
0 0 1 0 0 0 0 -32768 -20757041203 536870912 1 0 39098904396 -19683299379 0 1 -1073741824 -1153124199 -21293912115 -1703513321 3127912355
518355065 1250015105 1 0 1 0 0 -32768 -13511037756 0 1 0 -19683299379 -12437295932 0 1 -1073741824 -731660040 -13511037756 -1080883244 -1574663952
0 0 1 0 0 0 0 -32768 -13511037756 0 1 0 -19683299379 -12437295932 0 1 -1073741824 -731660040 -13511037756 -1080883244 -1574663952
-1879091001 -240829227 1 1 1 0 0 0 -30252597480 0 1 0 -12437295932 -29178855656 1 1 -1073741824 -1638261774 -30252597480 -2420208298 -994983675
0 0 1 0 0 0 0 0 -30252597480 0 1 0 -12437295932 -29178855656 1 1 -1073741824 -1638261774 -30252597480 -2420208298 -994983675
-1993495600 1300049021 1 0 1 0 0 -32768 -60819510828 0 1 -536870912 -29178855656 -59745769004 0 0 -1073741824 -3293544621 -60819510828 -4865561871 -2334308455
0 0 1 0 0 0 0 -32768 -60819510828 0 1 -536870912 -29178855656 -59745769004 0 0 -1073741824 -3293544621 -60819510828 -4865561871 -2334308455
-1147032307 -1632883122 1 0 1 0 0 32768 8434985341 -536870912 1 0 -59745769004 7361243517 0 1 1073741824 485850815 8971856253 717748649 -4779661525
0 0 1 0 0 0 0 32768 8434985341 -536870912 1 0 -59745769004 7361243517 0 1 1073741824 485850815 8971856253 717748649 -4779661525
1566480838 -2000858927 1 0 1 0 0 32768 65875488093 0 1 536870912 7361243517 64801746269 0 0 1073741824 3567339765 65875488093 5270040136 588899482
0 0 1 0 0 0 0 32768 65875488093 0 1 536870912 7361243517 64801746269 0 0 1073741824 3567339765 65875488093 5270040136 588899482
823814589 -1775803572 1 0 1 0 0 32768 48542142765 536870912 1 -536870912 64801746269 47468400941 0 0 1073741824 2599618161 48005271853 3840422542 5184139706
0 0 1 0 0 0 0 32768 48542142765 536870912 1 -536870912 64801746269 47468400941 0 0 1073741824 2599618161 48005271853 3840422542 5184139706
-1741862882 1411865487 1 0 1 0 0 -32768 -58774495951 -536870912 1 -536870912 47468400941 -57700754127 0 0 -1073741824 -3153728369 -58237625039 -4659010966 3797472079
0 0 1 0 0 0 0 -32768 -58774495951 -536870912 1 -536870912 47468400941 -57700754127 0 0 -1073741824 -3153728369 -58237625039 -4659010966 3797472079
1478894005 -623534541 1 0 1 0 0 32768 38287159254 -536870912 1 536870912 -57700754127 37213417430 0 0 1073741824 2102428546 38824030166 3105923055 -4616060334
0 0 1 0 0 0 0 32768 38287159254 -536870912 1 536870912 -57700754127 37213417430 0 0 1073741824 2102428546 38824030166 3105923055 -4616060334
794177811 -1324353858 1 0 1 0 0 32768 39658265825 536870912 1 536870912 37213417430 38584524001 0 0 1073741824 2118531669 39121394913 3129712240 2977073397
0 0 1 0 0 0 0 32768 39658265825 536870912 1 536870912 37213417430 38584524001 0 0 1073741824 2118531669 39121394913 3129712240 2977073397
-533601832 1425025283 1 0 1 0 0 -32768 -35631682041 536870912 1 -536870912 38584524001 -34557940217 0 0 -1073741824 -1958627115 -36168552953 -2893484834 3086761923
0 0 1 0 0 0 0 -32768 -35631682041 536870912 1 -536870912 38584524001 -34557940217 0 0 -1073741824 -1958627115 -36168552953 -2893484834 3086761923
-850356724 573549995 1 0 1 0 0 -32768 -26831128340 -536870912 1 124223279 -34557940217 -25757386516 0 0 -1073741824 -1423906719 -26294257428 -2103541029 -2764635220
0 0 1 0 0 0 0 -32768 -26831128340 -536870912 1 124223279 -34557940217 -25757386516 0 0 -1073741824 -1423906719 -26294257428 -2103541029 -2764635220
-1767205085 -1075695039 1 0 1 0 0 -32768 -12645393523 124223279 1 536870912 -25757386516 -11571651699 0 0 -1073741824 -691510046 -12769616802 -1021569555 -2060590923
0 0 1 0 0 0 0 -32768 -12645393523 124223279 1 536870912 -25757386516 -11571651699 0 0 -1073741824 -691510046 -12769616802 -1021569555 -2060590923
1956148030 1285028438 1 0 1 0 0 32768 12929951920 536870912 1 536870912 -11571651699 11856210096 0 0 1073741824 671119592 12393081008 991446685 -925732137
0 0 1 0 0 0 0 32768 12929951920 536870912 1 536870912 -11571651699 11856210096 0 0 1073741824 671119592 12393081008 991446685 -925732137
916521203 -843501457 1 0 1 0 0 32768 33037938772 536870912 1 536870912 11856210096 31964196948 0 0 1073741824 1760022660 32501067860 2600085966 948496809
0 0 1 0 0 0 0 32768 33037938772 536870912 1 536870912 11856210096 31964196948 0 0 1073741824 1760022660 32501067860 2600085966 948496809
-1682597583 1273074889 1 0 1 0 0 -32768 -54043398858 536870912 1 -536870912 31964196948 -52969657034 0 0 -1073741824 -2955672472 -54580269770 -4366422484 2557135758
0 0 1 0 0 0 0 -32768 -54043398858 536870912 1 -536870912 31964196948 -52969657034 0 0 -1073741824 -2955672472 -54580269770 -4366422484 2557135758
1506690934 -1710340632 1 0 1 0 0 32768 58869728566 -536870912 1 536870912 -52969657034 57795986742 0 0 1073741824 3217031566 59406599478 4752528940 -4237572567
0 0 1 0 0 0 0 32768 58869728566 -536870912 1 536870912 -52969657034 57795986742 0 0 1073741824 3217031566 59406599478 4752528940 -4237572567
71886871 1361058829 1 0 1 0 0 -32768 -23269336952 536870912 1 0 57795986742 -22195595128 0 1 -1073741824 -1289171958 -23806207864 -1904497023 4623678944
0 0 1 0 0 0 0 -32768 -23269336952 536870912 1 0 57795986742 -22195595128 0 1 -1073741824 -1289171958 -23806207864 -1904497023 4623678944
670530566 2032330046 1 0 1 0 0 -32768 -25147367882 0 1 0 -22195595128 -24073626058 0 1 -1073741824 -1361799480 -25147367882 -2011789846 -1775647612
0 0 1 0 0 0 0 -32768 -25147367882 0 1 0 -22195595128 -24073626058 0 1 -1073741824 -1361799480 -25147367882 -2011789846 -1775647612
216696483 -1004886546 0 0 1 0 0 0 22558091907 0 1 0 -24073626058 21484350083 1 1 1073741824 1221583029 22558091907 1804647725 -1925890086
0 0 1 0 0 0 0 0 22558091907 0 1 0 -24073626058 21484350083 1 1 1073741824 1221583029 22558091907 1804647725 -1925890086
-647332499 2119831694 1 0 1 0 0 -32768 -51099223470 0 1 -536870912 21484350083 -50025481646 0 0 -1073741824 -2767164193 -51099223470 -4087938722 1718748008
0 0 1 0 0 0 0 -32768 -51099223470 0 1 -536870912 21484350083 -50025481646 0 0 -1073741824 -2767164193 -51099223470 -4087938722 1718748008
-1037952905 -86697845 1 0 1 0 0 -32768 -18103011371 -536870912 1 536870912 -50025481646 -17029269547 0 0 -1073741824 -951255060 -17566140459 -1405291527 -4002038535
0 0 1 0 0 0 0 -32768 -18103011371 -536870912 1 536870912 -50025481646 -17029269547 0 0 -1073741824 -951255060 -17566140459 -1405291527 -4002038535
-1901754752 -1754523255 1 0 1 0 0 -32768 -2181946853 536870912 1 536870912 -17029269547 -1108205029 0 0 -1073741824 -147231497 -2718817765 -217505466 -1362341565
0 0 1 0 0 0 0 -32768 -2181946853 536870912 1 536870912 -17029269547 -1108205029 0 0 -1073741824 -147231497 -2718817765 -217505466 -1362341565
-310227536 1467251573 1 0 1 0 0 -32768 -32286552589 536870912 1 -536870912 -1108205029 -31212810765 0 0 -1073741824 -1777479109 -32823423501 -2625874423 -88656402
0 0 1 0 0 0 0 -32768 -32286552589 536870912 1 -536870912 -1108205029 -31212810765 0 0 -1073741824 -1777479109 -32823423501 -2625874423 -88656402
-359604858 -123136692 1 0 1 0 0 -32768 -4903557822 -536870912 1 536870912 -31212810765 -3829815998 0 0 -1073741824 -236468166 -4366686910 -349335025 -2497024864
0 0 1 0 0 0 0 -32768 -4903557822 -536870912 1 536870912 -31212810765 -3829815998 0 0 -1073741824 -236468166 -4366686910 -349335025 -2497024864
-1337025871 -2019403072 1 0 1 0 0 32768 13137838059 536870912 1 0 -3829815998 12064096235 0 1 1073741824 682377201 12600967147 1008077580 -306385280
0 0 1 0 0 0 0 32768 13137838059 536870912 1 0 -3829815998 12064096235 0 1 1073741824 682377201 12600967147 1008077580 -306385280
771537801 -2068314437 1 0 1 0 0 32768 52441501122 0 1 536870912 12064096235 51367759298 0 0 1073741824 2839852238 52441501122 4195320956 965127700
0 0 1 0 0 0 0 32768 52441501122 0 1 536870912 12064096235 51367759298 0 0 1073741824 2839852238 52441501122 4195320956 965127700
-1245298152 -1959020022 1 0 1 0 0 32768 13716657432 536870912 1 0 51367759298 12642915608 0 1 1073741824 713721870 13179786520 1054383139 4109420748
0 0 1 0 0 0 0 32768 13716657432 536870912 1 0 51367759298 12642915608 0 1 1073741824 713721870 13179786520 1054383139 4109420748
559018286 -665288227 1 0 1 0 0 32768 22608384520 0 1 536870912 12642915608 21534642696 0 0 1073741824 1224306513 22608384520 1808671135 1011433250
0 0 1 0 0 0 0 32768 22608384520 0 1 536870912 12642915608 21534642696 0 0 1073741824 1224306513 22608384520 1808671135 1011433250
686788310 -208145980 1 0 1 0 0 32768 17062976371 536870912 1 136188205 21534642696 15989234547 0 0 1073741824 894934290 16526105459 1322088710 1722771417
0 0 1 0 0 0 0 32768 17062976371 536870912 1 136188205 21534642696 15989234547 0 0 1073741824 894934290 16526105459 1322088710 1722771417
-801935069 -1068233991 1 0 1 0 0 32768 5053738150 136188205 1 0 15989234547 3979996326 0 1 1073741824 266298922 4917549945 393404077 1279138765
0 0 1 0 0 0 0 32768 5053738150 136188205 1 0 15989234547 3979996326 0 1 1073741824 266298922 4917549945 393404077 1279138765
-279202397 -1683974716 1 0 1 0 0 32768 25940916276 0 1 0 3979996326 24867174452 0 1 1073741824 1404772319 25940916276 2075273731 318399706
0 0 1 0 0 0 0 32768 25940916276 0 1 0 3979996326 24867174452 0 1 1073741824 1404772319 25940916276 2075273731 318399706
-955545903 1979985191 1 0 1 0 0 -32768 -54208333483 0 1 -536870912 24867174452 -53134591659 0 0 -1073741824 -2935531094 -54208333483 -4336667574 1989373958
0 0 1 0 0 0 0 -32768 -54208333483 0 1 -536870912 24867174452 -53134591659 0 0 -1073741824 -2935531094 -54208333483 -4336667574 1989373958
-1612213387 -1804239372 1 1 1 0 0 0 3009134325 -536870912 1 0 -53134591659 1935392501 1 1 1073741824 192025985 3546005237 283680478 -4250767337
0 0 1 0 0 0 0 0 3009134325 -536870912 1 0 -53134591659 1935392501 1 1 1073741824 192025985 3546005237 283680478 -4250767337
-1686194287 674834661 1 0 1 0 0 -32768 -43599417100 0 1 -536870912 1935392501 -42525675276 0 0 -1073741824 -2361028948 -43599417100 -3487954089 154831400
0 0 1 0 0 0 0 -32768 -43599417100 0 1 -536870912 1935392501 -42525675276 0 0 -1073741824 -2361028948 -43599417100 -3487954089 154831400
690926703 -945716121 1 0 1 0 1 0 29685830587 -536870912 1 0 -42525675276 28612088763 1 1 1073741824 1636642824 30222701499 2417816619 -3402054025
0 0 1 0 0 0 0 0 29685830587 -536870912 1 0 -42525675276 28612088763 1 1 1073741824 1636642824 30222701499 2417816619 -3402054025
1465549120 1369003318 1 0 1 0 0 32768 1782841627 0 1 -536870912 28612088763 709099803 0 0 1073741824 96545802 1782841627 142627360 2288967103
0 0 1 0 0 0 0 32768 1782841627 0 1 -536870912 28612088763 709099803 0 0 1073741824 96545802 1782841627 142627360 2288967103
-1475195690 -1050198443 1 0 1 0 0 -32768 -8384988257 -536870912 1 -536870912 709099803 -7311246433 0 0 -1073741824 -424997247 -7848117345 -627849517 56727984
0 0 1 0 0 0 0 -32768 -8384988257 -536870912 1 -536870912 709099803 -7311246433 0 0 -1073741824 -424997247 -7848117345 -627849517 56727984
-1241215660 -1416527728 1 0 1 0 0 32768 2700490486 -536870912 1 0 -7311246433 1626748662 0 1 1073741824 175312068 3237361398 258988965 -584899715
0 0 1 0 0 0 0 32768 2700490486 -536870912 1 0 -7311246433 1626748662 0 1 1073741824 175312068 3237361398 258988965 -584899715
-1566836253 -1846641081 1 0 1 0 0 32768 5166953761 0 1 0 1626748662 4093211937 0 1 1073741824 279804828 5166953761 413356386 130139893
0 0 1 0 0 0 0 32768 5166953761 0 1 0 1626748662 4093211937 0 1 1073741824 279804828 5166953761 413356386 130139893
-522329365 -874429473 1 0 1 0 0 32768 6501978505 0 1 0 4093211937 5428236681 0 1 1073741824 352100108 6501978505 520158388 327456955
0 0 1 0 0 0 0 32768 6501978505 0 1 0 4093211937 5428236681 0 1 1073741824 352100108 6501978505 520158388 327456955
602502382 2097055969 1 0 1 0 0 -32768 -27598842137 0 1 0 5428236681 -26525100313 0 1 -1073741824 -1494553587 -27598842137 -2207907827 434258935
0 0 1 0 0 0 0 -32768 -27598842137 0 1 0 5428236681 -26525100313 0 1 -1073741824 -1494553587 -27598842137 -2207907827 434258935
174914603 1795476505 0 0 1 0 0 0 -29925746722 0 1 0 -26525100313 -28852004898 1 1 -1073741824 -1620561902 -29925746722 -2394060232 -2122008027
0 0 1 0 0 0 0 0 -29925746722 0 1 0 -26525100313 -28852004898 1 1 -1073741824 -1620561902 -29925746722 -2394060232 -2122008027
1213768423 762024553 1 0 1 0 0 32768 8342027923 0 1 536870912 -28852004898 7268286099 0 0 1073741824 451743870 8342027923 667362372 -2308160394
0 0 1 0 0 0 0 32768 8342027923 0 1 536870912 -28852004898 7268286099 0 0 1073741824 451743870 8342027923 667362372 -2308160394
-424741863 1736703173 1 0 1 0 0 -32768 -39376974169 536870912 1 -536870912 7268286099 -38303232345 0 0 -1073741824 -2161445036 -39913845081 -3193108266 581462888
0 0 1 0 0 0 0 -32768 -39376974169 536870912 1 -536870912 7268286099 -38303232345 0 0 -1073741824 -2161445036 -39913845081 -3193108266 581462888
628997688 1823957001 1 0 1 0 0 -32768 -22603321876 -536870912 1 0 -38303232345 -21529580052 0 1 -1073741824 -1194959313 -22066450964 -1765316442 -3064258590
0 0 1 0 0 0 0 -32768 -22603321876 -536870912 1 0 -38303232345 -21529580052 0 1 -1073741824 -1194959313 -22066450964 -1765316442 -3064258590
538716786 424572641 1 0 1 0 0 32768 2107817522 0 1 536870912 -21529580052 1034075698 0 0 1073741824 114144145 2107817522 168625437 -1722366406
0 0 1 0 0 0 0 32768 2107817522 0 1 536870912 -21529580052 1034075698 0 0 1073741824 114144145 2107817522 168625437 -1722366406
833645976 627397083 1 0 1 0 0 32768 4345520323 536870912 1 536870912 1034075698 3271778499 0 0 1073741824 206248893 3808649411 304692016 82726056
0 0 1 0 0 0 0 32768 4345520323 536870912 1 536870912 1034075698 3271778499 0 0 1073741824 206248893 3808649411 304692016 82726056
-90795027 -698626912 1 0 1 0 0 32768 11761263524 536870912 1 0 3271778499 10687521700 0 1 1073741824 607831885 11224392612 897951594 261742280
0 0 1 0 0 0 0 32768 11761263524 536870912 1 0 3271778499 10687521700 0 1 1073741824 607831885 11224392612 897951594 261742280
2044477306 -1497320804 1 0 1 0 0 32768 65403828789 0 1 536870912 10687521700 64330086965 0 0 1073741824 3541798110 65403828789 5232307384 855001737
0 0 1 0 0 0 0 32768 65403828789 0 1 536870912 10687521700 64330086965 0 0 1073741824 3541798110 65403828789 5232307384 855001737
-1616725491 -1590955317 1 0 1 0 0 1861 60991713 536870912 0 -536870912 64330086965 0 0 0 60991713 -25770174 -475879199 -38070344 5146406962
0 0 1 0 0 0 0 1861 60991713 536870912 0 -536870912 64330086965 0 0 0 60991713 -25770174 -475879199 -38070344 5146406962
1641464357 1406466120 1 0 1 0 0 32768 3802671880 -536870912 1 -189707417 0 2728930056 0 0 1073741824 234998237 4339542792 347163495 0
0 0 1 0 0 0 0 32768 3802671880 -536870912 1 -189707417 0 2728930056 0 0 1073741824 234998237 4339542792 347163495 0
1051524282 593581006 1 0 1 0 0 32768 8266800461 -189707417 1 268498948 2728930056 7193058637 0 0 1073741824 457943276 8456507878 676520770 218314405
0 0 1 0 0 0 0 32768 8266800461 -189707417 1 268498948 2728930056 7193058637 0 0 1073741824 457943276 8456507878 676520770 218314405
2134996050 809820392 1 0 1 0 0 32768 24739561148 268498948 1 536870912 7193058637 23665819324 0 0 1073741824 1325175658 24471062200 1957685380 575444691
0 0 1 0 0 0 0 32768 24739561148 268498948 1 536870912 7193058637 23665819324 0 0 1073741824 1325175658 24471062200 1957685380 575444691
1314740043 770908727 1 0 1 0 0 32768 10579411220 536870912 1 -536870912 23665819324 9505669396 0 0 1073741824 543831316 10042540308 803403391 1893265548
0 0 1 0 0 0 0 32768 10579411220 536870912 1 -536870912 23665819324 9505669396 0 0 1073741824 543831316 10042540308 803403391 1893265548
-313460033 935140210 1 0 1 0 0 -32768 -23593870205 -536870912 1 -536870912 9505669396 -22520128381 0 0 -1073741824 -1248600243 -23056999293 -1844560324 760453552
0 0 1 0 0 0 0 -32768 -23593870205 -536870912 1 -536870912 9505669396 -22520128381 0 0 -1073741824 -1248600243 -23056999293 -1844560324 760453552
871308127 -437403011 1 0 1 0 0 32768 23630152884 -536870912 1 536870912 -22520128381 22556411060 0 0 1073741824 1308711138 24167023796 1933362303 -1801610272
0 0 1 0 0 0 0 32768 23630152884 -536870912 1 536870912 -22520128381 22556411060 0 0 1073741824 1308711138 24167023796 1933362303 -1801610272
704691624 1039165305 1 0 1 0 0 -32768 -5639613091 536870912 1 0 22556411060 -4565871267 0 1 -1073741824 -334473681 -6176484003 -494118822 1804512886
0 0 1 0 0 0 0 -32768 -5639613091 536870912 1 0 22556411060 -4565871267 0 1 -1073741824 -334473681 -6176484003 -494118822 1804512886
-1227004360 -1735281971 1 0 1 0 0 32768 9385995705 0 1 0 -4565871267 8312253881 0 1 1073741824 508277611 9385995705 750879811 -365269702
0 0 1 0 0 0 0 32768 9385995705 0 1 0 -4565871267 8312253881 0 1 1073741824 508277611 9385995705 750879811 -365269702
707160359 1145497757 1 0 1 1 0 0 -8094460283 0 1 0 8312253881 -7020718459 1 1 -1073741824 -438337398 -8094460283 -647556956 664980311
0 0 1 0 0 0 0 0 -8094460283 0 1 0 8312253881 -7020718459 1 1 -1073741824 -438337398 -8094460283 -647556956 664980311
1977737214 -551036372 1 0 1 0 0 32768 46697036231 0 1 536870912 -7020718459 45623294407 0 0 1073741824 2528773586 46697036231 3735763670 -561657477
0 0 1 0 0 0 0 32768 46697036231 0 1 536870912 -7020718459 45623294407 0 0 1073741824 2528773586 46697036231 3735763670 -561657477
-2112633188 -574810658 1 0 1 0 0 -32768 -27860987559 536870912 1 -536870912 45623294407 -26787245735 0 0 -1073741824 -1537822530 -28397858471 -2271829147 3649863556
0 0 1 0 0 0 0 -32768 -27860987559 536870912 1 -536870912 45623294407 -26787245735 0 0 -1073741824 -1537822530 -28397858471 -2271829147 3649863556
-2040623588 -1268591631 1 0 1 0 0 -32768 -14793427714 -536870912 1 465583969 -26787245735 -13719685890 0 0 -1073741824 -772031957 -14256556802 -1140524780 -2142979661
0 0 1 0 0 0 0 -32768 -14793427714 -536870912 1 465583969 -26787245735 -13719685890 0 0 -1073741824 -772031957 -14256556802 -1140524780 -2142979661
-409038163 658693623 1 0 1 0 0 -32768 -19251448102 465583969 1 -14204051 -13719685890 -18177706278 0 0 -1073741824 -1067731786 -19717032071 -1577362892 -1097574872
0 0 1 0 0 0 0 -32768 -19251448102 465583969 1 -14204051 -13719685890 -18177706278 0 0 -1073741824 -1067731786 -19717032071 -1577362892 -1097574872
886212838 1124266510 1 1 1 0 0 0 -4410169355 -14204051 1 0 -18177706278 -3336427531 1 1 -1073741824 -238053672 -4395965304 -351677297 -1454216504
0 0 1 0 0 0 0 0 -4410169355 -14204051 1 0 -18177706278 -3336427531 1 1 -1073741824 -238053672 -4395965304 -351677297 -1454216504
-1005871096 363225170 0 0 1 0 0 0 -25282112361 0 1 0 -3336427531 -24208370537 1 1 -1073741824 -1369096266 -25282112361 -2022569407 -266914203
0 0 1 0 0 0 0 0 -25282112361 0 1 0 -3336427531 -24208370537 1 1 -1073741824 -1369096266 -25282112361 -2022569407 -266914203
-2092331412 655116794 1 0 1 0 0 -32768 -50735142572 0 1 -536870912 -24208370537 -49661400748 0 0 -1073741824 -2747448206 -50735142572 -4058812244 -1936669645
0 0 1 0 0 0 0 -32768 -50735142572 0 1 -536870912 -24208370537 -49661400748 0 0 -1073741824 -2747448206 -50735142572 -4058812244 -1936669645
-601484268 -1557893283 1 0 1 0 0 32768 17124443914 -536870912 1 0 -49661400748 16050702090 0 1 1073741824 956409015 17661314826 1412905478 -3972912064
0 0 1 0 0 0 0 32768 17124443914 -536870912 1 0 -49661400748 16050702090 0 1 1073741824 956409015 17661314826 1412905478 -3972912064
-346036470 -1596760726 1 0 1 0 0 32768 23096221908 0 1 0 16050702090 22022480084 0 1 1073741824 1250724256 23096221908 1847698134 1284056168
0 0 1 0 0 0 0 32768 23096221908 0 1 0 16050702090 22022480084 0 1 1073741824 1250724256 23096221908 1847698134 1284056168
-1033308227 1329603192 1 0 1 0 0 -32768 -43634179333 0 1 -536870912 22022480084 -42560437509 0 0 -1073741824 -2362911419 -43634179333 -3490735068 1761798408
0 0 1 0 0 0 0 -32768 -43634179333 0 1 -536870912 22022480084 -42560437509 0 0 -1073741824 -2362911419 -43634179333 -3490735068 1761798408
1497478025 -1920149657 1 0 1 0 0 32768 62573992225 -536870912 1 536870912 -42560437509 61500250401 0 0 1073741824 3417627682 63110863137 5048870094 -3404835004
0 0 1 0 0 0 0 32768 62573992225 -536870912 1 536870912 -42560437509 61500250401 0 0 1073741824 3417627682 63110863137 5048870094 -3404835004
-1084752984 1209609104 1 0 1 0 0 -32768 -41831457412 536870912 1 -536870912 61500250401 -40757715588 0 0 -1073741824 -2294362088 -42368328324 -3389466966 4920020037
0 0 1 0 0 0 0 -32768 -41831457412 536870912 1 -536870912 61500250401 -40757715588 0 0 -1073741824 -2294362088 -42368328324 -3389466966 4920020037
-1263701202 -1726410165 1 0 1 0 0 32768 8007641467 -536870912 1 0 -40757715588 6933899643 0 1 1073741824 462708963 8544512379 683561132 -3260617250
0 0 1 0 0 0 0 32768 8007641467 -536870912 1 0 -40757715588 6933899643 0 1 1073741824 462708963 8544512379 683561132 -3260617250
1707050483 282108892 1 0 1 0 0 32768 26313367662 0 1 536870912 6933899643 25239625838 0 0 1073741824 1424941591 26313367662 2105069848 554711972
0 0 1 0 0 0 0 32768 26313367662 0 1 536870912 6933899643 25239625838 0 0 1073741824 1424941591 26313367662 2105069848 554711972
-1611619977 1858738535 1 0 1 0 0 -32768 -63547734395 536870912 1 -536870912 25239625838 -62473992571 0 0 -1073741824 -3470358512 -64084605307 -5126769484 2019170069
0 0 1 0 0 0 0 -32768 -63547734395 536870912 1 -536870912 25239625838 -62473992571 0 0 -1073741824 -3470358512 -64084605307 -5126769484 2019170069
407660165 1639276819 1 0 1 0 0 -32768 -23280246528 -536870912 1 0 -62473992571 -22206504704 0 1 -1073741824 -1231616654 -22743375616 -1819470425 -4997919410
0 0 1 0 0 0 0 -32768 -23280246528 -536870912 1 0 -62473992571 -22206504704 0 1 -1073741824 -1231616654 -22743375616 -1819470425 -4997919410
-394735535 1878323038 1 0 1 0 0 -32768 -41974931692 0 1 -536870912 -22206504704 -40901189868 0 0 -1073741824 -2273058573 -41974931692 -3357995229 -1776520378
0 0 1 0 0 0 0 -32768 -41974931692 0 1 -536870912 -22206504704 -40901189868 0 0 -1073741824 -2273058573 -41974931692 -3357995229 -1776520378
-678356282 -2013477616 1 0 1 0 0 32768 24117850907 -536870912 1 0 -40901189868 23044109083 0 1 1073741824 1335121334 24654721819 1972378153 -3272095192
0 0 1 0 0 0 0 32768 24117850907 -536870912 1 0 -40901189868 23044109083 0 1 1073741824 1335121334 24654721819 1972378153 -3272095192
-1683610763 -737636716 1 0 1 0 0 -32768 -17468619805 0 1 -536870912 23044109083 -16394877981 0 0 -1073741824 -945974047 -17468619805 -1397489873 1843528728
0 0 1 0 0 0 0 -32768 -17468619805 0 1 -536870912 23044109083 -16394877981 0 0 -1073741824 -945974047 -17468619805 -1397489873 1843528728
-1934224348 -907599358 1 0 1 0 0 -32768 -19494813457 -536870912 1 -536870912 -16394877981 -18421071633 0 0 -1073741824 -1026624990 -18957942545 -1516635717 -1311590240
0 0 1 0 0 0 0 -32768 -19494813457 -536870912 1 -536870912 -16394877981 -18421071633 0 0 -1073741824 -1026624990 -18957942545 -1516635717 -1311590240
-3492524 1732843109 1 0 1 0 0 -32768 -32600527545 -536870912 1 -536870912 -18421071633 -31526785721 0 0 -1073741824 -1736335633 -32063656633 -2565093060 -1473685732
0 0 1 0 0 0 0 -32768 -32600527545 -536870912 1 -536870912 -18421071633 -31526785721 0 0 -1073741824 -1736335633 -32063656633 -2565093060 -1473685732
-1528356788 1637707899 1 0 1 0 0 -32768 -59002301829 -536870912 1 -536870912 -31526785721 -57928560005 0 0 -1073741824 -3166064687 -58465430917 -4677235440 -2522142860
0 0 1 0 0 0 0 -32768 -59002301829 -536870912 1 -536870912 -31526785721 -57928560005 0 0 -1073741824 -3166064687 -58465430917 -4677235440 -2522142860
-133051538 -673844430 1 0 1 0 0 32768 9449561013 -536870912 1 0 -57928560005 8375819189 0 1 1073741824 540792892 9986431925 798914719 -4634284805
0 0 1 0 0 0 0 32768 9449561013 -536870912 1 0 -57928560005 8375819189 0 1 1073741824 540792892 9986431925 798914719 -4634284805
-312453768 1189207434 1 0 1 0 0 -32768 -27730093332 0 1 -536870912 8375819189 -26656351508 0 0 -1073741824 -1501661202 -27730093332 -2218407925 670065536
0 0 1 0 0 0 0 -32768 -27730093332 0 1 -536870912 8375819189 -26656351508 0 0 -1073741824 -1501661202 -27730093332 -2218407925 670065536
1154987294 895005283 1 0 1 0 0 32768 4264029198 -536870912 1 536870912 -26656351508 3190287374 0 0 1073741824 259982011 4800900110 384072088 -2132508123
0 0 1 0 0 0 0 32768 4264029198 -536870912 1 536870912 -26656351508 3190287374 0 0 1073741824 259982011 4800900110 384072088 -2132508123
-1679596261 -928682416 1 0 1 0 0 -32768 -13329712961 536870912 1 -536870912 3190287374 -12255971137 0 0 -1073741824 -750913845 -13866583873 -1109326939 255222990
0 0 1 0 0 0 0 -32768 -13329712961 536870912 1 -536870912 3190287374 -12255971137 0 0 -1073741824 -750913845 -13866583873 -1109326939 255222990
-1745475224 -1300559262 1 0 1 0 0 -32768 -8752812787 -536870912 1 -213668706 -12255971137 -7679070963 0 0 -1073741824 -444915962 -8215941875 -657275486 -980477692
0 0 1 0 0 0 0 -32768 -8752812787 -536870912 1 -213668706 -12255971137 -7679070963 0 0 -1073741824 -444915962 -8215941875 -657275486 -980477692
752150879 1420320534 1 0 1 0 0 -32768 -12552275357 -213668706 1 0 -7679070963 -11478533533 0 1 -1073741824 -668169655 -12338606651 -987088736 -614325678
0 0 1 0 0 0 0 -32768 -12552275357 -213668706 1 0 -7679070963 -11478533533 0 1 -1073741824 -668169655 -12338606651 -987088736 -614325678
697690107 -1747808952 0 0 1 0 0 0 45159265659 0 1 0 -11478533533 44085523835 1 1 1073741824 2445499059 45159265659 3612741999 -918282683
0 0 1 0 0 0 0 0 45159265659 0 1 0 -11478533533 44085523835 1 1 1073741824 2445499059 45159265659 3612741999 -918282683
996745667 -418786826 1 0 1 0 0 32768 26139616642 0 1 -536870912 44085523835 25065874818 0 0 1073741824 1415532493 26139616642 2091169763 3526841910
0 0 1 0 0 0 0 32768 26139616642 0 1 -536870912 44085523835 25065874818 0 0 1073741824 1415532493 26139616642 2091169763 3526841910
986502576 -1593913810 1 0 1 0 0 32768 47113815624 -536870912 1 536870912 25065874818 46040073800 0 0 1073741824 2580416386 47650686536 3812055710 2005269987
0 0 1 0 0 0 0 32768 47113815624 -536870912 1 536870912 25065874818 46040073800 0 0 1073741824 2580416386 47650686536 3812055710 2005269987
1233694048 -335278672 1 0 1 0 0 32768 29509957453 536870912 1 -536870912 46040073800 28436215629 0 0 1073741824 1568972720 28973086541 2317847402 3683205907
0 0 1 0 0 0 0 32768 29509957453 536870912 1 -536870912 46040073800 28436215629 0 0 1073741824 1568972720 28973086541 2317847402 3683205907
-1666358720 1352523175 1 0 1 0 0 -32768 -56284383464 -536870912 1 -536870912 28436215629 -55210641640 0 0 -1073741824 -3018881895 -55747512552 -4459801925 2274897252
0 0 1 0 0 0 0 -32768 -56284383464 -536870912 1 -536870912 28436215629 -55210641640 0 0 -1073741824 -3018881895 -55747512552 -4459801925 2274897252
1259740936 -1468694541 1 0 1 0 0 32768 49847177319 -536870912 1 536870912 -55210641640 48773435495 0 0 1073741824 2728435477 50384048231 4030724691 -4416851335
0 0 1 0 0 0 0 32768 49847177319 -536870912 1 536870912 -55210641640 48773435495 0 0 1073741824 2728435477 50384048231 4030724691 -4416851335
1539170531 -1372413618 1 0 1 0 0 32768 54302993450 536870912 1 536870912 48773435495 53229251626 0 0 1073741824 2911584149 53766122538 4301290692 3901874843
0 0 1 0 0 0 0 32768 54302993450 536870912 1 536870912 48773435495 53229251626 0 0 1073741824 2911584149 53766122538 4301290692 3901874843
1510485558 1117253877 1 1 1 0 0 0 7798396482 536870912 1 0 53229251626 6724654658 1 1 1073741824 393231681 7261525570 580922166 4258340134
0 0 1 0 0 0 0 0 7798396482 536870912 1 0 53229251626 6724654658 1 1 1073741824 393231681 7261525570 580922166 4258340134
1598300754 1607910501 1 0 1 0 0 -5416 -177456260 0 0 0 6724654658 0 0 1 -177456260 -9609747 -177456260 -14196504 537972373
0 0 1 0 0 0 0 -5416 -177456260 0 0 0 6724654658 0 0 1 -177456260 -9609747 -177456260 -14196504 537972373
1503349005 1722567997 1 0 1 0 0 -32768 -4048158866 0 1 0 0 -2974417042 0 1 -1073741824 -219218992 -4048158866 -323852776 0
0 0 1 0 0 0 0 -32768 -4048158866 0 1 0 0 -2974417042 0 1 -1073741824 -219218992 -4048158866 -323852776 0
5851579 -1206562820 1 0 1 0 0 32768 22388781435 0 1 536870912 -2974417042 21315039611 0 0 1073741824 1212414399 22388781435 1791102885 -237953364
0 0 1 0 0 0 0 32768 22388781435 0 1 536870912 -2974417042 21315039611 0 0 1073741824 1212414399 22388781435 1791102885 -237953364
-2029763388 479843874 1 0 1 0 0 -32768 -45806234650 536870912 1 -536870912 21315039611 -44732492826 0 0 -1073741824 -2509607262 -46343105562 -3707449211 1705203170
0 0 1 0 0 0 0 -32768 -45806234650 536870912 1 -536870912 21315039611 -44732492826 0 0 -1073741824 -2509607262 -46343105562 -3707449211 1705203170
-200177333 -1193410166 1 0 1 0 0 32768 17804442777 -536870912 1 0 -44732492826 16730700953 0 1 1073741824 993232833 18341313689 1467305398 -3578599429
0 0 1 0 0 0 0 32768 17804442777 -536870912 1 0 -44732492826 16730700953 0 1 1073741824 993232833 18341313689 1467305398 -3578599429
-662739866 -893274549 1 0 1 0 0 32768 4257117562 0 1 0 16730700953 3183375738 0 1 1073741824 230534683 4257117562 340569475 1338456077
0 0 1 0 0 0 0 32768 4257117562 0 1 0 16730700953 3183375738 0 1 1073741824 230534683 4257117562 340569475 1338456077
842488035 87903663 1 0 1 0 0 32768 13934364845 0 1 536870912 3183375738 12860623021 0 0 1073741824 754584372 13934364845 1114749418 254670059
0 0 1 0 0 0 0 32768 13934364845 0 1 536870912 3183375738 12860623021 0 0 1073741824 754584372 13934364845 1114749418 254670059
-751731169 -1472729274 1 0 1 0 0 32768 13851022411 536870912 1 0 12860623021 12777280587 0 1 1073741824 720998105 13314151499 1065132340 1028849843
0 0 1 0 0 0 0 32768 13851022411 536870912 1 0 12860623021 12777280587 0 1 1073741824 720998105 13314151499 1065132340 1028849843
-486264227 251279025 1 0 1 0 0 -32768 -13619678785 0 1 -536870912 12777280587 -12545936961 0 0 -1073741824 -737543252 -13619678785 -1089574528 1022182448
0 0 1 0 0 0 0 -32768 -13619678785 0 1 -536870912 12777280587 -12545936961 0 0 -1073741824 -737543252 -13619678785 -1089574528 1022182448
-714361726 -436999743 1 0 1 0 0 -32768 -5658714418 -536870912 1 57056481 -12545936961 -4584972594 0 0 -1073741824 -277361983 -5121843506 -409747565 -1003674958
0 0 1 0 0 0 0 -32768 -5658714418 -536870912 1 57056481 -12545936961 -4584972594 0 0 -1073741824 -277361983 -5121843506 -409747565 -1003674958
1341817195 69489834 1 0 1 0 1 0 23552207333 57056481 1 0 -4584972594 22478465509 1 1 1073741824 1272327361 23495150852 1879612456 -366797808
0 0 1 0 0 0 0 0 23552207333 57056481 1 0 -4584972594 22478465509 1 1 1073741824 1272327361 23495150852 1879612456 -366797808
-1345825841 -1900690214 1 0 1 0 0 32768 10246279806 0 1 0 22478465509 9172537982 0 1 1073741824 554864373 10246279806 819702554 1798277242
0 0 1 0 0 0 0 32768 10246279806 0 1 0 22478465509 9172537982 0 1 1073741824 554864373 10246279806 819702554 1798277242
470911391 1291518280 1 0 1 0 0 -32768 -15153555003 0 1 0 9172537982 -14079813179 0 1 -1073741824 -820606889 -15153555003 -1212284651 733803039
0 0 1 0 0 0 0 -32768 -15153555003 0 1 0 9172537982 -14079813179 0 1 -1073741824 -820606889 -15153555003 -1212284651 733803039
1572461653 2087121675 1 0 1 0 0 -32768 -9503855081 0 1 0 -14079813179 -8430113257 0 1 -1073741824 -514660022 -9503855081 -760308564 -1126385055
0 0 1 0 0 0 0 -32768 -9503855081 0 1 0 -14079813179 -8430113257 0 1 -1073741824 -514660022 -9503855081 -760308564 -1126385055
-97266209 993426711 1 0 1 0 0 -32768 -20141038756 0 1 -536870912 -8430113257 -19067296932 0 0 -1073741824 -1090692920 -20141038756 -1611283433 -674409061
0 0 1 0 0 0 0 -32768 -20141038756 0 1 -536870912 -8430113257 -19067296932 0 0 -1073741824 -1090692920 -20141038756 -1611283433 -674409061
-1268021220 -1166253255 0 0 1 0 0 0 -2416146453 -536870912 1 0 -19067296932 -1342404629 1 1 -1073741824 -101767965 -1879275541 -150342074 -1525383756
0 0 1 0 0 0 0 0 -2416146453 -536870912 1 0 -19067296932 -1342404629 1 1 -1073741824 -101767965 -1879275541 -150342074 -1525383756
-852815163 -767682924 1 0 1 0 0 -32768 -1572075599 0 1 -18373704 -1342404629 -498333775 0 0 -1073741824 -85132239 -1572075599 -125766074 -107392370
0 0 1 0 0 0 0 -32768 -1572075599 0 1 -18373704 -1342404629 -498333775 0 0 -1073741824 -85132239 -1572075599 -125766074 -107392370
-1077860606 1670963204 1 0 1 0 0 -32768 -50778918562 -18373704 1 -536870912 -498333775 -49705176738 0 0 -1073741824 -2748823810 -50760544858 -4060844428 -39866702
0 0 1 0 0 0 0 -32768 -50778918562 -18373704 1 -536870912 -498333775 -49705176738 0 0 -1073741824 -2748823810 -50760544858 -4060844428 -39866702
-687894583 1568512887 1 0 1 0 0 -32768 -42204318706 -536870912 1 106146719 -49705176738 -41130576882 0 0 -1073741824 -2256407470 -41667447794 -3333396512 -3976414143
0 0 1 0 0 0 0 -32768 -42204318706 -536870912 1 106146719 -49705176738 -41130576882 0 0 -1073741824 -2256407470 -41667447794 -3333396512 -3976414143
407138653 932486526 1 0 1 0 0 -32768 -9595073191 106146719 1 0 -41130576882 -8521331367 0 1 -1073741824 -525347873 -9701219910 -776097753 -3290446154
0 0 1 0 0 0 0 -32768 -9595073191 106146719 1 0 -41130576882 -8521331367 0 1 -1073741824 -525347873 -9701219910 -776097753 -3290446154
-1626308804 -912074264 1 0 1 0 0 -32768 -13189253627 0 1 -373433998 -8521331367 -12115511803 0 0 -1073741824 -714234540 -13189253627 -1055140508 -681706510
0 0 1 0 0 0 0 -32768 -13189253627 0 1 -373433998 -8521331367 -12115511803 0 0 -1073741824 -714234540 -13189253627 -1055140508 -681706510
-1487539668 1762339506 1 0 1 0 0 -32768 -60386606539 -373433998 1 -536870912 -12115511803 -59312864715 0 0 -1073741824 -3249879174 -60013172541 -4801054795 -969240945
0 0 1 0 0 0 0 -32768 -60386606539 -373433998 1 -536870912 -12115511803 -59312864715 0 0 -1073741824 -3249879174 -60013172541 -4801054795 -969240945
-1037788464 562385661 1 0 1 0 0 -32768 -30086131275 -536870912 1 536870912 -59312864715 -29012389451 0 0 -1073741824 -1600174125 -29549260363 -2363941317 -4745029182
0 0 1 0 0 0 0 -32768 -30086131275 -536870912 1 536870912 -59312864715 -29012389451 0 0 -1073741824 -1600174125 -29549260363 -2363941317 -4745029182
-125991903 -139265915 1 0 1 0 0 23865 781992509 536870912 0 0 -29012389451 0 0 1 781992509 13274012 245121597 19609732 -2320991158
0 0 1 0 0 0 0 23865 781992509 536870912 0 0 -29012389451 0 0 1 781992509 13274012 245121597 19609732 -2320991158
-2080968101 -1849198712 1 0 1 0 0 -32768 -4279917987 0 1 -342393510 0 -3206176163 0 0 -1073741824 -231769389 -4279917987 -342393510 0
0 0 1 0 0 0 0 -32768 -4279917987 0 1 -342393510 0 -3206176163 0 0 -1073741824 -231769389 -4279917987 -342393510 0
1146384771 -559797393 1 0 1 0 0 32768 31164440779 -342393510 1 536870912 -3206176163 30090698955 0 0 1073741824 1706182164 31506834289 2520547264 -256494093
0 0 1 0 0 0 0 32768 31164440779 -342393510 1 536870912 -3206176163 30090698955 0 0 1073741824 1706182164 31506834289 2520547264 -256494093
-1341293777 -1821209908 1 0 1 0 0 32768 9399135640 536870912 1 0 30090698955 8325393816 0 1 1073741824 479916131 8862264728 708981325 2407255919
0 0 1 0 0 0 0 32768 9399135640 536870912 1 0 30090698955 8325393816 0 1 1073741824 479916131 8862264728 708981325 2407255919
-64560673 -1410898163 1 0 1 0 0 32768 24861842475 0 1 0 8325393816 23788100651 0 1 1073741824 1346337490 24861842475 1988947809 666031506
0 0 1 0 0 0 0 32768 24861842475 0 1 0 8325393816 23788100651 0 1 1073741824 1346337490 24861842475 1988947809 666031506
-157031248 332418346 1 0 1 0 0 -32768 -9038312307 0 1 -536870912 23788100651 -7964570483 0 0 -1073741824 -489449594 -9038312307 -723065134 1903048054
0 0 1 0 0 0 0 -32768 -9038312307 0 1 -536870912 23788100651 -7964570483 0 0 -1073741824 -489449594 -9038312307 -723065134 1903048054
-6825615 -316150203 1 0 1 0 0 32768 5175202946 -536870912 1 0 -7964570483 4101461122 0 1 1073741824 309324588 5712073858 456966003 -637165639
0 0 1 0 0 0 0 32768 5175202946 -536870912 1 0 -7964570483 4101461122 0 1 1073741824 309324588 5712073858 456966003 -637165639
-588262934 -1022149246 1 1 1 1 0 0 8012265291 0 1 0 4101461122 6938523467 1 1 1073741824 433886312 8012265291 640981356 328116890
0 0 1 0 0 0 0 0 8012265291 0 1 0 4101461122 6938523467 1 1 1073741824 433886312 8012265291 640981356 328116890
-1516275407 394367901 1 0 1 0 0 -32768 -35282470630 0 1 -536870912 6938523467 -34208728806 0 0 -1073741824 -1910643308 -35282470630 -2822598233 555081878
0 0 1 0 0 0 0 -32768 -35282470630 0 1 -536870912 6938523467 -34208728806 0 0 -1073741824 -1910643308 -35282470630 -2822598233 555081878
1117586708 -1977906081 1 0 1 0 0 32768 56625359712 -536870912 1 536870912 -34208728806 55551617888 0 0 1073741824 3095492789 57162230624 4572979395 -2736698307
0 0 1 0 0 0 0 32768 56625359712 -536870912 1 536870912 -34208728806 55551617888 0 0 1073741824 3095492789 57162230624 4572979395 -2736698307
418502000 -1915457378 1 0 1 0 0 32768 43636413805 536870912 1 -459294379 55551617888 42562671981 0 0 1073741824 2333959378 43099542893 3447964144 4444129435
0 0 1 0 0 0 0 32768 43636413805 536870912 1 -459294379 55551617888 42562671981 0 0 1073741824 2333959378 43099542893 3447964144 4444129435
-1986040417 2027543588 1 0 1 0 0 -32768 -74575252697 -459294379 1 -536870912 42562671981 -73501510873 0 0 -1073741824 -4013584005 -74115958318 -5929277890 3405013762
0 0 1 0 0 0 0 -32768 -74575252697 -459294379 1 -536870912 42562671981 -73501510873 0 0 -1073741824 -4013584005 -74115958318 -5929277890 3405013762
820659014 1565301710 1 0 1 0 0 -32768 -14287650004 -536870912 1 0 -73501510873 -13213908180 0 1 -1073741824 -744642696 -13750779092 -1100062555 -5880120875
0 0 1 0 0 0 0 -32768 -14287650004 -536870912 1 0 -73501510873 -13213908180 0 1 -1073741824 -744642696 -13750779092 -1100062555 -5880120875
2093745158 -278877422 1 0 1 0 0 32768 43813508332 0 1 536870912 -13213908180 42739766508 0 0 1073741824 2372622580 43813508332 3505081391 -1057112655
0 0 1 0 0 0 0 32768 43813508332 0 1 536870912 -13213908180 42739766508 0 0 1073741824 2372622580 43813508332 3505081391 -1057112655
371899297 64928809 1 0 1 0 0 32768 6205473305 536870912 1 -536870912 42739766508 5131731481 0 0 1073741824 306970488 5668602393 453488285 3419181324
0 0 1 0 0 0 0 32768 6205473305 536870912 1 -536870912 42739766508 5131731481 0 0 1073741824 306970488 5668602393 453488285 3419181324
-1086065743 -1084603053 0 0 1 0 0 0 -563881352 -536870912 0 0 5131731481 0 1 1 -563881352 -1462690 -27010440 -2160836 410538519
0 0 1 0 0 0 0 0 -563881352 -536870912 0 0 5131731481 0 1 1 -563881352 -1462690 -27010440 -2160836 410538519
-1439705567 512087164 1 0 1 0 0 -32768 -36042347318 0 1 -536870912 0 -34968605494 0 0 -1073741824 -1951792731 -36042347318 -2883388381 0
0 0 1 0 0 0 0 -32768 -36042347318 0 1 -536870912 0 -34968605494 0 0 -1073741824 -1951792731 -36042347318 -2883388381 0
-2005238456 2146606986 1 0 1 0 0 -32768 -77206003373 -536870912 1 -536870912 -34968605494 -76132261549 0 0 -1073741824 -4151845442 -76669132461 -6133531864 -2797488442
0 0 1 0 0 0 0 -32768 -77206003373 -536870912 1 -536870912 -34968605494 -76132261549 0 0 -1073741824 -4151845442 -76669132461 -6133531864 -2797488442
-1572227889 243670759 1 0 1 0 0 -32768 -34069760304 -536870912 1 536870912 -76132261549 -32996018480 0 0 -1073741824 -1815898648 -33532889392 -2682631706 -6090580930
0 0 1 0 0 0 0 -32768 -34069760304 -536870912 1 536870912 -76132261549 -32996018480 0 0 -1073741824 -1815898648 -33532889392 -2682631706 -6090580930
-1746065904 -1403918838 1 0 1 0 0 -32768 -5781311952 536870912 1 536870912 -32996018480 -4707570128 0 0 -1073741824 -342147066 -6318182864 -505454734 -2639681481
0 0 1 0 0 0 0 -32768 -5781311952 536870912 1 536870912 -32996018480 -4707570128 0 0 -1073741824 -342147066 -6318182864 -505454734 -2639681481
1830329598 2016550012 1 0 1 0 0 -32768 -2901927036 536870912 1 0 -4707570128 -1828185212 0 1 -1073741824 -186220414 -3438797948 -275103893 -376605611
0 0 1 0 0 0 0 -32768 -2901927036 536870912 1 0 -4707570128 -1828185212 0 1 -1073741824 -186220414 -3438797948 -275103893 -376605611
-632137142 798037818 1 0 1 0 0 -32768 -26410008509 0 1 -536870912 -1828185212 -25336266685 0 0 -1073741824 -1430174960 -26410008509 -2112801117 -146254817
0 0 1 0 0 0 0 -32768 -26410008509 0 1 -536870912 -1828185212 -25336266685 0 0 -1073741824 -1430174960 -26410008509 -2112801117 -146254817
-389384199 -1548430474 1 0 1 0 0 32768 20866399905 -536870912 1 0 -25336266685 19792658081 0 1 1073741824 1159046275 21403270817 1712262019 -2026901337
0 0 1 0 0 0 0 32768 20866399905 -536870912 1 0 -25336266685 19792658081 0 1 1073741824 1159046275 21403270817 1712262019 -2026901337
-370311864 -518613135 1 0 1 0 0 32768 2738572509 0 1 0 19792658081 1664830685 0 1 1073741824 148301271 2738572509 219085846 1583412648
0 0 1 0 0 0 0 32768 2738572509 0 1 0 19792658081 1664830685 0 1 1073741824 148301271 2738572509 219085846 1583412648
1152160772 918148040 1 0 1 0 0 32768 4321344182 0 1 212521151 1664830685 3247602358 0 0 1073741824 234012732 4321344182 345707606 133186455
0 0 1 0 0 0 0 32768 4321344182 0 1 212521151 1664830685 3247602358 0 0 1073741824 234012732 4321344182 345707606 133186455
-1773352284 712351988 1 0 1 0 0 -32768 -45689185151 212521151 1 -536870912 3247602358 -44615443327 0 0 -1073741824 -2485704272 -45901706302 -3672137263 259808189
0 0 1 0 0 0 0 -32768 -45689185151 212521151 1 -536870912 3247602358 -44615443327 0 0 -1073741824 -2485704272 -45901706302 -3672137263 259808189
1040058619 -1913696342 1 0 1 0 0 32768 54007989567 -536870912 1 536870912 -44615443327 52934247743 0 0 1073741824 2953754961 54544860479 4363589740 -3569235469
0 0 1 0 0 0 0 32768 54007989567 -536870912 1 536870912 -44615443327 52934247743 0 0 1073741824 2953754961 54544860479 4363589740 -3569235469
1624105008 1347377934 1 0 1 0 0 32768 5646990012 536870912 1 -536870912 52934247743 4573248188 0 0 1073741824 276727074 5110119100 408809612 4234739823
0 0 1 0 0 0 0 32768 5646990012 536870912 1 -536870912 52934247743 4573248188 0 0 1073741824 276727074 5110119100 408809612 4234739823
1910722700 -955259967 1 0 1 0 0 32768 52387161978 -536870912 1 536870912 4573248188 51313420154 0 0 1073741824 2865982667 52924032890 4233923506 365859855
0 0 1 0 0 0 0 32768 52387161978 -536870912 1 536870912 4573248188 51313420154 0 0 1073741824 2865982667 52924032890 4233923506 365859855
74302874 1856497412 1 0 1 0 0 -32768 -32373629013 536870912 1 0 51313420154 -31299887189 0 1 -1073741824 -1782194538 -32910499925 -2632840538 4105073616
0 0 1 0 0 0 0 -32768 -32373629013 536870912 1 0 51313420154 -31299887189 0 1 -1073741824 -1782194538 -32910499925 -2632840538 4105073616
-1193919209 -1658750777 1 0 1 0 0 32768 8583708993 0 1 0 -31299887189 7509967169 0 1 1073741824 464831568 8583708993 686696861 -2503990977
0 0 1 0 0 0 0 32768 8583708993 0 1 0 -31299887189 7509967169 0 1 1073741824 464831568 8583708993 686696861 -2503990977
1424859610 -313529630 1 0 1 0 0 32768 32101579110 0 1 536870912 7509967169 31027837286 0 0 1073741824 1738389240 32101579110 2568126859 600797374
0 0 1 0 0 0 0 32768 32101579110 0 1 536870912 7509967169 31027837286 0 0 1073741824 1738389240 32101579110 2568126859 600797374
1821522087 1660337788 1 0 1 0 0 32768 3513344999 536870912 1 -536870912 31027837286 2439603175 0 0 1073741824 161184299 2976474087 238117976 2482226985
0 0 1 0 0 0 0 32768 3513344999 536870912 1 -536870912 31027837286 2439603175 0 0 1073741824 161184299 2976474087 238117976 2482226985
1792593026 353051585 1 0 1 0 0 32768 26046101640 -536870912 1 536870912 2439603175 24972359816 0 0 1073741824 1439541441 26582972552 2126638243 195168254
0 0 1 0 0 0 0 32768 26046101640 -536870912 1 536870912 2439603175 24972359816 0 0 1073741824 1439541441 26582972552 2126638243 195168254
273990849 -1682658205 1 0 1 0 0 32768 36668896441 536870912 1 536870912 24972359816 35595154617 0 0 1073741824 1956649054 36132025529 2890562639 1997788787
0 0 1 0 0 0 0 32768 36668896441 536870912 1 536870912 24972359816 35595154617 0 0 1073741824 1956649054 36132025529 2890562639 1997788787
1647477195 1237528274 1 0 1 0 0 32768 8107101684 536870912 1 -536870912 35595154617 7033359860 0 0 1073741824 409948921 7570230772 605618587 2847612372
0 0 1 0 0 0 0 32768 8107101684 536870912 1 -536870912 35595154617 7033359860 0 0 1073741824 409948921 7570230772 605618587 2847612372
-747423486 1457814406 1 0 1 0 0 -32768 -41259407050 -536870912 1 -536870912 7033359860 -40185665226 0 0 -1073741824 -2205237892 -40722536138 -3257803564 562668789
0 0 1 0 0 0 0 -32768 -41259407050 -536870912 1 -536870912 7033359860 -40185665226 0 0 -1073741824 -2205237892 -40722536138 -3257803564 562668789
-842692693 350038593 1 0 1 0 0 -32768 -22562178509 -536870912 1 536870912 -40185665226 -21488436685 0 0 -1073741824 -1192731286 -22025307597 -1762024972 -3214853221
0 0 1 0 0 0 0 -32768 -22562178509 -536870912 1 536870912 -40185665226 -21488436685 0 0 -1073741824 -1192731286 -22025307597 -1762024972 -3214853221
1588899086 -1631675856 0 1 1 0 0 0 60008903356 536870912 1 0 -21488436685 58935161532 1 1 1073741824 3220574942 59472032444 4757763578 -1719074936
0 0 1 0 0 0 0 0 60008903356 536870912 1 0 -21488436685 58935161532 1 1 1073741824 3220574942 59472032444 4757763578 -1719074936
-233022302 139527212 1 0 1 0 0 -32768 -6879602923 0 1 -536870912 58935161532 -5805861099 0 0 -1073741824 -372549514 -6879602923 -550368348 4714812927
0 0 1 0 0 0 0 -32768 -6879602923 0 1 -536870912 58935161532 -5805861099 0 0 -1073741824 -372549514 -6879602923 -550368348 4714812927
514694358 -1549117751 1 0 1 0 0 32768 37574057390 -536870912 1 536870912 -5805861099 36500315566 0 0 1073741824 2063812109 38110928302 3048874894 -464468888
0 0 1 0 0 0 0 32768 37574057390 -536870912 1 536870912 -5805861099 36500315566 0 0 1073741824 2063812109 38110928302 3048874894 -464468888
-231925335 1957144999 1 0 1 0 0 -32768 -39887110604 536870912 1 -536870912 36500315566 -38813368780 0 0 -1073741824 -2189070334 -40423981516 -3233919189 2920025248
0 0 1 0 0 0 0 -32768 -39887110604 536870912 1 -536870912 36500315566 -38813368780 0 0 -1073741824 -2189070334 -40423981516 -3233919189 2920025248
705377506 -1714489014 1 0 1 0 0 32768 44149057154 -536870912 1 536870912 -38813368780 43075315330 0 0 1073741824 2419866520 44685928066 3574874984 -3105069505
0 0 1 0 0 0 0 32768 44149057154 -536870912 1 536870912 -38813368780 43075315330 0 0 1073741824 2419866520 44685928066 3574874984 -3105069505
-1985997946 -638229211 1 0 1 0 0 -32768 -24351401331 536870912 1 -536870912 43075315330 -23277659507 0 0 -1073741824 -1347768735 -24888272243 -1991062191 3446025230
0 0 1 0 0 0 0 -32768 -24351401331 536870912 1 -536870912 43075315330 -23277659507 0 0 -1073741824 -1347768735 -24888272243 -1991062191 3446025230
-2093339886 1251233530 1 0 1 0 0 -32768 -62298693658 -536870912 1 -536870912 -23277659507 -61224951834 0 0 -1073741824 -3344573416 -61761822746 -4940946840 -1862212762
0 0 1 0 0 0 0 -32768 -62298693658 -536870912 1 -536870912 -23277659507 -61224951834 0 0 -1073741824 -3344573416 -61761822746 -4940946840 -1862212762
793790890 -447407951 1 0 1 0 0 32768 22383452034 -536870912 1 536870912 -61224951834 21309710210 0 0 1073741824 1241198841 22920322946 1833626214 -4897996151
0 0 1 0 0 0 0 32768 22383452034 -536870912 1 536870912 -61224951834 21309710210 0 0 1073741824 1241198841 22920322946 1833626214 -4897996151
-1417296677 394119579 1 0 1 0 0 -32768 -32913245383 536870912 1 -536870912 21309710210 -31839503559 0 0 -1073741824 -1811416256 -33450116295 -2676009856 1704776818
0 0 1 0 0 0 0 -32768 -32913245383 536870912 1 -536870912 21309710210 -31839503559 0 0 -1073741824 -1811416256 -33450116295 -2676009856 1704776818
-1342441927 -1028829597 1 0 1 0 0 -32768 -6328123406 -536870912 1 536870912 -31839503559 -5254381582 0 0 -1073741824 -313612330 -5791252494 -463300295 -2547160287
0 0 1 0 0 0 0 -32768 -6328123406 -536870912 1 536870912 -31839503559 -5254381582 0 0 -1073741824 -313612330 -5791252494 -463300295 -2547160287
990563495 1269200912 1 0 1 0 0 -32768 -4608525113 536870912 1 0 -5254381582 -3534783289 0 1 -1073741824 -278637417 -5145396025 -411631767 -420350527
0 0 1 0 0 0 0 -32768 -4608525113 536870912 1 0 -5254381582 -3534783289 0 1 -1073741824 -278637417 -5145396025 -411631767 -420350527
-1037794280 1174802585 1 0 1 0 0 -32768 -40858428980 0 1 -536870912 -3534783289 -39784687156 0 0 -1073741824 -2212596865 -40858428980 -3268674994 -282782663
0 0 1 0 0 0 0 -32768 -40858428980 0 1 -536870912 -3534783289 -39784687156 0 0 -1073741824 -2212596865 -40858428980 -3268674994 -282782663
1444236744 -1372595309 1 0 1 0 0 32768 51479533073 -536870912 1 536870912 -39784687156 50405791249 0 0 1073741824 2816832053 52016403985 4161313178 -3182774975
0 0 1 0 0 0 0 32768 51479533073 -536870912 1 536870912 -39784687156 50405791249 0 0 1073741824 2816832053 52016403985 4161313178 -3182774975
-956460190 1693355409 1 0 1 0 0 -32768 -48395360790 536870912 1 -536870912 50405791249 -47321618966 0 0 -1073741824 -2649815599 -48932231702 -3914579345 4032463304
0 0 1 0 0 0 0 -32768 -48395360790 536870912 1 -536870912 50405791249 -47321618966 0 0 -1073741824 -2649815599 -48932231702 -3914579345 4032463304
1779380561 1007826537 1 0 1 0 0 32768 13710860246 -536870912 1 536870912 -47321618966 12637118422 0 0 1073741824 771554024 14247731158 1139818728 -3785729521
0 0 1 0 0 0 0 32768 13710860246 -536870912 1 536870912 -47321618966 12637118422 0 0 1073741824 771554024 14247731158 1139818728 -3785729521
2078385693 555600462 1 0 1 0 0 32768 28657046438 536870912 1 536870912 12637118422 27583304614 0 0 1073741824 1522785231 28120175526 2249614507 1010969475
0 0 1 0 0 0 0 32768 28657046438 536870912 1 536870912 12637118422 27583304614 0 0 1073741824 1522785231 28120175526 2249614507 1010969475
-636929464 -1431737895 1 0 1 0 0 32768 15214024416 536870912 1 0 27583304614 14140282592 0 1 1073741824 794808431 14677153504 1174172523 2206664371
0 0 1 0 0 0 0 32768 15214024416 536870912 1 0 27583304614 14140282592 0 1 1073741824 794808431 14677153504 1174172523 2206664371
-1573931446 1745654585 1 0 1 0 0 -32768 -61300398746 0 1 -536870912 14140282592 -60226656922 0 0 -1073741824 -3319586031 -61300398746 -4904032913 1131222608
0 0 1 0 0 0 0 -32768 -61300398746 0 1 -536870912 14140282592 -60226656922 0 0 -1073741824 -3319586031 -61300398746 -4904032913 1131222608
508791372 -2005252753 1 0 1 0 0 32768 45888166996 -536870912 1 536870912 -60226656922 44814425172 0 0 1073741824 2514044125 46425037908 3714003800 -4818132558
0 0 1 0 0 0 0 32768 45888166996 -536870912 1 536870912 -60226656922 44814425172 0 0 1073741824 2514044125 46425037908 3714003800 -4818132558
1034678540 -1963085540 1 0 1 0 0 32768 55894416020 536870912 1 536870912 44814425172 54820674196 0 0 1073741824 2997764080 55357545108 4428604523 3585154017
0 0 1 0 0 0 0 32768 55894416020 536870912 1 536870912 44814425172 54820674196 0 0 1073741824 2997764080 55357545108 4428604523 3585154017
1496701633 -646593864 1 0 1 0 1 0 40115561559 536870912 1 0 54820674196 39041819735 1 1 1073741824 2143295497 39578690647 3166295906 4385653940
0 0 1 0 0 0 0 0 40115561559 536870912 1 0 54820674196 39041819735 1 1 1073741824 2143295497 39578690647 3166295906 4385653940
-1061482981 -2066498579 1 0 1 0 0 32768 18558897504 0 1 0 39041819735 17485155680 0 1 1073741824 1005015598 18558897504 1484712107 3123345582
0 0 1 0 0 0 0 32768 18558897504 0 1 0 39041819735 17485155680 0 1 1073741824 1005015598 18558897504 1484712107 3123345582
-312861794 1790357946 1 0 1 0 0 -32768 -38838640574 0 1 -536870912 17485155680 -37764898750 0 0 -1073741824 -2103219740 -38838640574 -3107091888 1398812456
0 0 1 0 0 0 0 -32768 -38838640574 0 1 -536870912 17485155680 -37764898750 0 0 -1073741824 -2103219740 -38838640574 -3107091888 1398812456
133899019 -1651245173 0 0 1 0 0 0 32428098144 -536870912 1 0 -37764898750 31354356320 1 1 1073741824 1785144192 32964969056 2637198069 -3021191903
0 0 1 0 0 0 0 0 32428098144 -536870912 1 0 -37764898750 31354356320 1 1 1073741824 1785144192 32964969056 2637198069 -3021191903
403566820 -1125577752 1 0 1 0 0 32768 28237608885 0 1 -249339331 31354356320 27163867061 0 0 1073741824 1529144572 28237608885 2259009177 2508348508
0 0 1 0 0 0 0 32768 28237608885 0 1 -249339331 31354356320 27163867061 0 0 1073741824 1529144572 28237608885 2259009177 2508348508
1927562975 293456952 1 0 1 0 0 32768 29926516896 -249339331 1 -8379701 27163867061 28852775072 0 0 1073741824 1634106023 30175856227 2414068997 2173109367
0 0 1 0 0 0 0 32768 29926516896 -249339331 1 -8379701 27163867061 28852775072 0 0 1073741824 1634106023 30175856227 2414068997 2173109367
-216383503 -1874159254 1 0 1 0 0 32768 30604568305 -8379701 1 0 28852775072 29530826481 0 1 1073741824 1657775751 30612948006 2449036346 2308222008
0 0 1 0 0 0 0 32768 30604568305 -8379701 1 0 28852775072 29530826481 0 1 1073741824 1657775751 30612948006 2449036346 2308222008
530002289 -2089182426 1 0 1 0 0 32768 48366593280 0 1 536870912 29530826481 47292851456 0 0 1073741824 2619184715 48366593280 3869328262 2362466121
0 0 1 0 0 0 0 32768 48366593280 0 1 536870912 29530826481 47292851456 0 0 1073741824 2619184715 48366593280 3869328262 2362466121
-845401357 105235704 1 0 1 0 0 -32768 -17017857406 536870912 1 -536870912 47292851456 -15944115582 0 0 -1073741824 -950637061 -17554728318 -1404378556 3783428120
0 0 1 0 0 0 0 -32768 -17017857406 536870912 1 -536870912 47292851456 -15944115582 0 0 -1073741824 -950637061 -17554728318 -1404378556 3783428120
2147292354 -1878298260 1 0 1 0 0 32768 73800804787 -536870912 1 536870912 -15944115582 72727062963 0 0 1073741824 4025590614 74337675699 5947015284 -1275529248
0 0 1 0 0 0 0 32768 73800804787 -536870912 1 536870912 -15944115582 72727062963 0 0 1073741824 4025590614 74337675699 5947015284 -1275529248
1986619370 2139093815 1 0 1 0 0 -32768 -2278764589 536870912 1 0 72727062963 -1205022765 0 1 -1073741824 -152474445 -2815635501 -225250887 5818165042
0 0 1 0 0 0 0 -32768 -2278764589 536870912 1 0 72727062963 -1205022765 0 1 -1073741824 -152474445 -2815635501 -225250887 5818165042
1194310307 2085243806 1 1 1 0 0 0 -16452225740 0 1 0 -1205022765 -15378483916 1 1 -1073741824 -890933499 -16452225740 -1316178331 -96401821
0 0 1 0 0 0 0 0 -16452225740 0 1 0 -1205022765 -15378483916 1 1 -1073741824 -890933499 -16452225740 -1316178331 -96401821
1764872001 1612864076 1 0 1 0 0 32768 2807020613 0 1 536870912 -15378483916 1733278789 0 0 1073741824 152007925 2807020613 224561695 -1230278714
0 0 1 0 0 0 0 32768 2807020613 0 1 536870912 -15378483916 1733278789 0 0 1073741824 152007925 2807020613 224561695 -1230278714
1332735273 -1227948117 1 0 1 0 0 32768 47823162457 536870912 1 536870912 1733278789 46749420633 0 0 1073741824 2560683390 47286291545 3782904105 138662303
0 0 1 0 0 0 0 32768 47823162457 536870912 1 536870912 1733278789 46749420633 0 0 1073741824 2560683390 47286291545 3782904105 138662303
-739508446 1054806880 1 0 1 0 0 -32768 -32597454854 536870912 1 -536870912 46749420633 -31523713030 0 0 -1073741824 -1794315326 -33134325766 -2650746609 3739953654
0 0 1 0 0 0 0 -32768 -32597454854 536870912 1 -536870912 46749420633 -31523713030 0 0 -1073741824 -1794315326 -33134325766 -2650746609 3739953654
-640592136 -1923715617 1 0 1 0 0 32768 23157644094 -536870912 1 0 -31523713030 22083902270 0 1 1073741824 1283123481 23694515006 1895561592 -2521897045
0 0 1 0 0 0 0 32768 23157644094 -536870912 1 0 -31523713030 22083902270 0 1 1073741824 1283123481 23694515006 1895561592 -2521897045
-394017652 1082264131 1 0 1 1 0 0 -27261429924 0 1 0 22083902270 -26187688100 1 1 -1073741824 -1476281783 -27261429924 -2180914844 1766712183
0 0 1 0 0 0 0 0 -27261429924 0 1 0 22083902270 -26187688100 1 1 -1073741824 -1476281783 -27261429924 -2180914844 1766712183
-476724857 -1964299321 1 0 1 0 0 32768 27469963711 0 1 0 -26187688100 26396221887 0 1 1073741824 1487574464 27469963711 2197597551 -2095015050
0 0 1 0 0 0 0 32768 27469963711 0 1 0 -26187688100 26396221887 0 1 1073741824 1487574464 27469963711 2197597551 -2095015050
1774505709 1414924437 1 0 1 0 0 32768 6640127760 0 1 -536870912 26396221887 5566385936 0 0 1073741824 359581272 6640127760 531210331 2111697753
0 0 1 0 0 0 0 32768 6640127760 0 1 -536870912 26396221887 5566385936 0 0 1073741824 359581272 6640127760 531210331 2111697753
-471578309 498929951 1 0 1 0 0 -32768 -18458546316 -536870912 1 -536870912 5566385936 -17384804492 0 0 -1073741824 -970508260 -17921675404 -1433734329 445310875
0 0 1 0 0 0 0 -32768 -18458546316 -536870912 1 -536870912 5566385936 -17384804492 0 0 -1073741824 -970508260 -17921675404 -1433734329 445310875
861830306 -890787450 1 0 1 0 0 32768 31827455932 -536870912 1 536870912 -17384804492 30753714108 0 0 1073741824 1752617756 32364326844 2589146682 -1390784361
0 0 1 0 0 0 0 32768 31827455932 -536870912 1 536870912 -17384804492 30753714108 0 0 1073741824 1752617756 32364326844 2589146682 -1390784361
-1943665740 -1225003953 1 0 1 0 0 -32768 -12734137489 536870912 1 -536870912 30753714108 -11660395665 0 0 -1073741824 -718661787 -13271008401 -1061680891 2460297131
0 0 1 0 0 0 0 -32768 -12734137489 536870912 1 -536870912 30753714108 -11660395665 0 0 -1073741824 -718661787 -13271008401 -1061680891 2460297131
-1928551148 827569500 1 0 1 0 0 -32768 -51432161209 -536870912 1 -536870912 -11660395665 -50358419385 0 0 -1073741824 -2756120648 -50895290297 -4071624065 -932831654
0 0 1 0 0 0 0 -32768 -51432161209 -536870912 1 -536870912 -11660395665 -50358419385 0 0 -1073741824 -2756120648 -50895290297 -4071624065 -932831654
462647440 1578078248 1 0 1 0 0 -32768 -21134726387 -536870912 1 0 -50358419385 -20060984563 0 1 -1073741824 -1115430808 -20597855475 -1647828778 -4028673555
0 0 1 0 0 0 0 -32768 -21134726387 -536870912 1 0 -50358419385 -20060984563 0 1 -1073741824 -1115430808 -20597855475 -1647828778 -4028673555
1763836200 40574057 1 0 1 0 0 32768 31822237931 0 1 536870912 -20060984563 30748496107 0 0 1073741824 1723262143 31822237931 2545779560 -1604878767
0 0 1 0 0 0 0 32768 31822237931 0 1 536870912 -20060984563 30748496107 0 0 1073741824 1723262143 31822237931 2545779560 -1604878767
796047407 -471478557 1 0 1 0 0 32768 23943357832 536870912 1 -50489439 30748496107 22869616008 0 0 1073741824 1267525964 23406486920 1872519340 2459879691
0 0 1 0 0 0 0 32768 23943357832 536870912 1 -50489439 30748496107 22869616008 0 0 1073741824 1267525964 23406486920 1872519340 2459879691
-1202269434 1309043420 0 0 1 0 0 0 -46425090937 -50489439 1 0 22869616008 -45351349113 1 1 -1073741824 -2511312854 -46374601498 -3709968886 1829569282
0 0 1 0 0 0 0 0 -46425090937 -50489439 1 0 22869616008 -45351349113 1 1 -1073741824 -2511312854 -46374601498 -3709968886 1829569282
31465893 -1473791488 1 0 1 0 0 32768 27796501374 0 1 536870912 -45351349113 26722759550 0 0 1073741824 1505257381 27796501374 2223720569 -3628107932
0 0 1 0 0 0 0 32768 27796501374 0 1 536870912 -45351349113 26722759550 0 0 1073741824 1505257381 27796501374 2223720569 -3628107932
-1296964939 -1376172933 1 0 1 0 0 32768 1999547755 536870912 1 0 26722759550 925805931 0 1 1073741824 79207994 1462676843 117014172 2137820766
0 0 1 0 0 0 0 32768 1999547755 536870912 1 0 26722759550 925805931 0 1 1073741824 79207994 1462676843 117014172 2137820766
-2083762644 1675142405 1 0 1 0 0 -32768 -69412985897 0 1 -536870912 925805931 -68339244073 0 0 -1073741824 -3758905049 -69412985897 -5553040019 74064475
0 0 1 0 0 0 0 -32768 -69412985897 0 1 -536870912 925805931 -68339244073 0 0 -1073741824 -3758905049 -69412985897 -5553040019 74064475
1369763145 1651115001 1 0 1 0 0 -32768 -5732392522 -536870912 1 0 -68339244073 -4658650698 0 1 -1073741824 -281351856 -5195521610 -415641815 -5467139531
0 0 1 0 0 0 0 -32768 -5732392522 -536870912 1 0 -68339244073 -4658650698 0 1 -1073741824 -281351856 -5195521610 -415641815 -5467139531
2145924614 -1772807578 1 0 1 0 0 32768 72364398364 0 1 536870912 -4658650698 71290656540 0 0 1073741824 3918732192 72364398364 5789153065 -372692056
0 0 1 0 0 0 0 32768 72364398364 0 1 536870912 -4658650698 71290656540 0 0 1073741824 3918732192 72364398364 5789153065 -372692056
-1386235185 106776816 1 0 1 0 0 -32768 -27033503870 536870912 1 -536870912 71290656540 -25959762046 0 0 -1073741824 -1493012001 -27570374782 -2205630438 5703252529
0 0 1 0 0 0 0 -32768 -27033503870 536870912 1 -536870912 71290656540 -25959762046 0 0 -1073741824 -1493012001 -27570374782 -2205630438 5703252529
1698157381 -1882693717 1 0 1 0 0 32768 65588121213 -536870912 1 536870912 -25959762046 64514379389 0 0 1073741824 3580851098 66124992125 5290000463 -2076780966
0 0 1 0 0 0 0 32768 65588121213 -536870912 1 536870912 -25959762046 64514379389 0 0 1073741824 3580851098 66124992125 5290000463 -2076780966
-1767927932 878292364 1 0 1 0 0 -32768 -48328968925 536870912 1 -536870912 64514379389 -47255227101 0 0 -1073741824 -2646220296 -48865839837 -3909267995 5161150356
0 0 1 0 0 0 0 -32768 -48328968925 536870912 1 -536870912 64514379389 -47255227101 0 0 -1073741824 -2646220296 -48865839837 -3909267995 5161150356
1235372713 1896864942 1 0 1 0 0 -32768 -12752170358 -536870912 1 0 -47255227101 -11678428534 0 1 -1073741824 -661492229 -12215299446 -977224158 -3780418172
0 0 1 0 0 0 0 -32768 -12752170358 -536870912 1 0 -47255227101 -11678428534 0 1 -1073741824 -661492229 -12215299446 -977224158 -3780418172
-651605521 -923041243 1 0 1 0 0 32768 5012407522 0 1 0 -11678428534 3938665698 0 1 1073741824 271435722 5012407522 400992685 -934274284
0 0 1 0 0 0 0 32768 5012407522 0 1 0 -11678428534 3938665698 0 1 1073741824 271435722 5012407522 400992685 -934274284
882339193 -1235866706 1 0 1 0 0 32768 39115379154 0 1 536870912 3938665698 38041637330 0 0 1073741824 2118205899 39115379154 3129230979 315093256
0 0 1 0 0 0 0 32768 39115379154 0 1 536870912 3938665698 38041637330 0 0 1073741824 2118205899 39115379154 3129230979 315093256
1275856941 -1219256218 1 0 1 0 0 32768 46612324338 536870912 1 536870912 38041637330 45538582514 0 0 1073741824 2495113159 46075453426 3686037035 3043330989
0 0 1 0 0 0 0 32768 46612324338 536870912 1 536870912 38041637330 45538582514 0 0 1073741824 2495113159 46075453426 3686037035 3043330989
-1651461698 -1892624091 1 0 1 0 0 32768 4990242723 536870912 1 0 45538582514 3916500899 0 1 1073741824 241162393 4453371811 356269818 3643086605
0 0 1 0 0 0 0 32768 4990242723 536870912 1 0 45538582514 3916500899 0 1 1073741824 241162393 4453371811 356269818 3643086605
341872977 1790589243 1 0 1 0 0 -32768 -26752397421 0 1 0 3916500899 -25678655597 0 1 -1073741824 -1448716266 -26752397421 -2140192236 313320072
0 0 1 0 0 0 0 -32768 -26752397421 0 1 0 3916500899 -25678655597 0 1 -1073741824 -1448716266 -26752397421 -2140192236 313320072
1459175868 -503845173 1 0 1 0 0 32768 36249692412 0 1 536870912 -25678655597 35175950588 0 0 1073741824 1963021041 36249692412 2899975992 -2054292450
0 0 1 0 0 0 0 32768 36249692412 0 1 536870912 -25678655597 35175950588 0 0 1073741824 1963021041 36249692412 2899975992 -2054292450
-1696760282 -1442491760 1 1 1 0 0 0 -4158522321 536870912 1 0 35175950588 -3084780497 1 1 -1073741824 -254268522 -4695393233 -375631536 2814076050
0 0 1 0 0 0 0 0 -4158522321 536870912 1 0 35175950588 -3084780497 1 1 -1073741824 -254268522 -4695393233 -375631536 2814076050
2006359349 1794427977 1 0 1 0 0 32768 3913583648 0 1 536870912 -3084780497 2839841824 0 0 1073741824 211931372 3913583648 313086757 -246782440
0 0 1 0 0 0 0 32768 3913583648 0 1 536870912 -3084780497 2839841824 0 0 1073741824 211931372 3913583648 313086757 -246782440
-1685544615 -637351249 1 0 1 0 0 -32768 -18819359262 536870912 1 -536870912 2839841824 -17745617438 0 0 -1073741824 -1048193366 -19356230174 -1548498734 227187346
0 0 1 0 0 0 0 -32768 -18819359262 536870912 1 -536870912 2839841824 -17745617438 0 0 -1073741824 -1048193366 -19356230174 -1548498734 227187346
1795187202 1140912227 1 0 1 0 0 32768 11545152715 -536870912 1 536870912 -17745617438 10471410891 0 0 1073741824 654274975 12082023627 966562090 -1419649396
0 0 1 0 0 0 0 32768 11545152715 -536870912 1 536870912 -17745617438 10471410891 0 0 1073741824 654274975 12082023627 966562090 -1419649396
1059405750 -112360499 1 0 1 0 0 32768 22175032306 536870912 1 536870912 10471410891 21101290482 0 0 1073741824 1171766249 21638161394 1731053269 837712872
0 0 1 0 0 0 0 32768 22175032306 536870912 1 536870912 10471410891 21101290482 0 0 1073741824 1171766249 21638161394 1731053269 837712872
-1074304033 2063414946 1 0 1 0 0 -32768 -57405120279 536870912 1 -536870912 21101290482 -56331378455 0 0 -1073741824 -3137718979 -57941991191 -4635360253 1688103240
0 0 1 0 0 0 0 -32768 -57405120279 536870912 1 -536870912 21101290482 -56331378455 0 0 -1073741824 -3137718979 -57941991191 -4635360253 1688103240
-527547955 -304212443 1 0 1 0 0 -32768 -4661046581 -536870912 1 536870912 -56331378455 -3587304757 0 0 -1073741824 -223335512 -4124175669 -329934122 -4506510281
0 0 1 0 0 0 0 -32768 -4661046581 -536870912 1 536870912 -56331378455 -3587304757 0 0 -1073741824 -223335512 -4124175669 -329934122 -4506510281
-833737250 2068172133 0 0 1 0 0 0 -53050594706 536870912 1 0 -3587304757 -51976852882 1 1 -1073741824 -2901909383 -53587465618 -4286998135 -286984381
0 0 1 0 0 0 0 0 -53050594706 536870912 1 0 -3587304757 -51976852882 1 1 -1073741824 -2901909383 -53587465618 -4286998135 -286984381
-132151343 1407201828 1 0 1 0 0 -32768 -28426123713 0 1 536870912 -51976852882 -27352381889 0 0 -1073741824 -1539353171 -28426123713 -2274090367 -4158148234
0 0 1 0 0 0 0 -32768 -28426123713 0 1 536870912 -51976852882 -27352381889 0 0 -1073741824 -1539353171 -28426123713 -2274090367 -4158148234
32321026 614062536 1 0 1 0 0 -32768 -10205729580 536870912 1 0 -27352381889 -9131987756 0 1 -1073741824 -581741510 -10742600492 -859408217 -2188190553
0 0 1 0 0 0 0 -32768 -10205729580 536870912 1 0 -27352381889 -9131987756 0 1 -1073741824 -581741510 -10742600492 -859408217 -2188190553
1215296016 -170253030 1 0 1 0 0 32768 25585933972 0 1 536870912 -9131987756 24512192148 0 0 1073741824 1385549046 25585933972 2046875141 -730559021
0 0 1 0 0 0 0 32768 25585933972 0 1 536870912 -9131987756 24512192148 0 0 1073741824 1385549046 25585933972 2046875141 -730559021
1480691880 -1375249119 1 0 1 0 0 32768 53275471569 536870912 1 536870912 24512192148 52201729745 0 0 1073741824 2855940999 52738600657 4219088924 1960975374
0 0 1 0 0 0 0 32768 53275471569 536870912 1 536870912 24512192148 52201729745 0 0 1073741824 2855940999 52738600657 4219088924 1960975374
-1412809674 -516763119 1 0 1 0 0 -32768 -16009773942 536870912 1 -536870912 52201729745 -14936032118 0 0 -1073741824 -896046555 -16546644854 -1323731862 4176138383
0 0 1 0 0 0 0 -32768 -16009773942 536870912 1 -536870912 52201729745 -14936032118 0 0 -1073741824 -896046555 -16546644854 -1323731862 4176138383
-775240078 561738462 1 0 1 0 0 -32768 -25225888414 -536870912 1 -536870912 -14936032118 -24152146590 0 0 -1073741824 -1336978540 -24689017502 -1975121808 -1194882571
0 0 1 0 0 0 0 -32768 -25225888414 -536870912 1 -536870912 -14936032118 -24152146590 0 0 -1073741824 -1336978540 -24689017502 -1975121808 -1194882571
1953490927 612061372 1 0 1 0 0 32768 24234340270 -536870912 1 536870912 -24152146590 23160598446 0 0 1073741824 1341429555 24771211182 1981697304 -1932171729
0 0 1 0 0 0 0 32768 24234340270 -536870912 1 536870912 -24152146590 23160598446 0 0 1073741824 1341429555 24771211182 1981697304 -1932171729
-654185892 1082749519 1 0 1 0 0 -32768 -31537861388 536870912 1 -536870912 23160598446 -30464119564 0 0 -1073741824 -1736935411 -32074732300 -2565979114 1852847877
0 0 1 0 0 0 0 -32768 -31537861388 536870912 1 -536870912 23160598446 -30464119564 0 0 -1073741824 -1736935411 -32074732300 -2565979114 1852847877
-252155103 1864998099 1 0 1 0 0 -32768 -39632810670 -536870912 1 -536870912 -30464119564 -38559068846 0 0 -1073741824 -2117153202 -39095939758 -3127675827 -2437129567
0 0 1 0 0 0 0 -32768 -39632810670 -536870912 1 -536870912 -30464119564 -38559068846 0 0 -1073741824 -2117153202 -39095939758 -3127675827 -2437129567
1083138049 168409961 1 0 1 0 0 32768 16354752325 -536870912 1 536870912 -38559068846 15281010501 0 0 1073741824 914728088 16891623237 1351330138 -3084725511
0 0 1 0 0 0 0 32768 16354752325 -536870912 1 536870912 -38559068846 15281010501 0 0 1073741824 914728088 16891623237 1351330138 -3084725511
-199623388 -1535889212 1 0 1 0 0 32768 25212727202 536870912 1 0 15281010501 24138985378 0 1 1073741824 1336265824 24675856290 1974068911 1222480841
0 0 1 0 0 0 0 32768 25212727202 536870912 1 0 15281010501 24138985378 0 1 1073741824 1336265824 24675856290 1974068911 1222480841
667655435 1713113956 1 0 1 0 0 -32768 -19305727766 0 1 0 24138985378 -18231985942 0 1 -1073741824 -1045458521 -19305727766 -1544458540 1931118832
0 0 1 0 0 0 0 -32768 -19305727766 0 1 0 24138985378 -18231985942 0 1 -1073741824 -1045458521 -19305727766 -1544458540 1931118832
277896766 -1178536481 1 0 1 0 0 32768 26894901338 0 1 536870912 -18231985942 25821159514 0 0 1073741824 1456433247 26894901338 2151592552 -1458558877
0 0 1 0 0 0 0 32768 26894901338 0 1 536870912 -18231985942 25821159514 0 0 1073741824 1456433247 26894901338 2151592552 -1458558877
-1614331229 -1615885150 1 0 1 0 0 17260 565566049 536870912 0 -536870912 25821159514 0 0 0 565566049 1553921 28695137 2295611 2065692763
0 0 1 0 0 0 0 17260 565566049 536870912 0 -536870912 25821159514 0 0 0 565566049 1553921 28695137 2295611 2065692763
1333895439 1208042406 1 0 1 0 0 32768 1787166192 -536870912 1 -350947905 0 713424368 0 0 1073741824 125853033 2324037104 185923007 0
0 0 1 0 0 0 0 32768 1787166192 -536870912 1 -350947905 0 713424368 0 0 1073741824 125853033 2324037104 185923007 0
-1355464518 2058212087 1 0 1 0 0 -32768 -63388849355 -350947905 1 -536870912 713424368 -62315107531 0 0 -1073741824 -3413676605 -63037901450 -5043033158 57073949
0 0 1 0 0 0 0 -32768 -63388849355 -350947905 1 -536870912 713424368 -62315107531 0 0 -1073741824 -3413676605 -63037901450 -5043033158 57073949
-747401437 -48009874 1 0 1 0 0 -32768 -13452029998 -536870912 1 536870912 -62315107531 -12378288174 0 0 -1073741824 -699391563 -12915159086 -1033212940 -4985208607
0 0 1 0 0 0 0 -32768 -13452029998 -536870912 1 536870912 -62315107531 -12378288174 0 0 -1073741824 -699391563 -12915159086 -1033212940 -4985208607
-379729313 -1917014682 1 0 1 0 0 32768 28924810018 536870912 1 0 -12378288174 27851068194 0 1 1073741824 1537285369 28387939106 2271035598 -990263055
0 0 1 0 0 0 0 32768 28924810018 536870912 1 0 -12378288174 27851068194 0 1 1073741824 1537285369 28387939106 2271035598 -990263055
-1521970196 -955963119 1 0 1 0 0 -32768 -10452044077 0 1 -536870912 27851068194 -9378302253 0 0 -1073741824 -566007077 -10452044077 -836163699 2228085458
0 0 1 0 0 0 0 -32768 -10452044077 0 1 -536870912 27851068194 -9378302253 0 0 -1073741824 -566007077 -10452044077 -836163699 2228085458
-603057082 -1563886985 1 0 1 0 0 32768 17206081261 -536870912 1 0 -9378302253 16132339437 0 1 1073741824 960829903 17742952173 1419436467 -750264181
0 0 1 0 0 0 0 32768 17206081261 -536870912 1 0 -9378302253 16132339437 0 1 1073741824 960829903 17742952173 1419436467 -750264181
1425485140 -1784976455 1 0 1 0 0 32768 59285276566 0 1 536870912 16132339437 58211534742 0 0 1073741824 3210461595 59285276566 4742823105 1290587156
0 0 1 0 0 0 0 32768 59285276566 0 1 536870912 16132339437 58211534742 0 0 1073741824 3210461595 59285276566 4742823105 1290587156
-658825303 471501283 1 0 1 0 1 0 -20336054142 536870912 1 0 58211534742 -19262312318 1 1 -1073741824 -1130326586 -20872925054 -1669834349 4656922784
0 0 1 0 0 0 0 0 -20336054142 536870912 1 0 58211534742 -19262312318 1 1 -1073741824 -1130326586 -20872925054 -1669834349 4656922784
-687183886 1458913547 0 0 1 0 0 0 -39630431976 0 1 0 -19262312318 -38556690152 1 1 -1073741824 -2146097433 -39630431976 -3170435213 -1540984987
0 0 1 0 0 0 0 0 -39630431976 0 1 0 -19262312318 -38556690152 1 1 -1073741824 -2146097433 -39630431976 -3170435213 -1540984987
588265862 -1181851523 1 1 1 0 0 0 32687479859 0 1 0 -38556690152 31613738035 1 1 1073741824 1770117385 32687479859 2614998929 -3084535215
0 0 1 0 0 0 0 0 32687479859 0 1 0 -38556690152 31613738035 1 1 1073741824 1770117385 32687479859 2614998929 -3084535215
1232755381 1601522433 1 0 1 0 0 -32768 -6809754928 0 1 0 31613738035 -5736013104 0 1 -1073741824 -368767052 -6809754928 -544780507 2529099045
0 0 1 0 0 0 0 -32768 -6809754928 0 1 0 31613738035 -5736013104 0 1 -1073741824 -368767052 -6809754928 -544780507 2529099045
-1492896583 -225732249 1 0 1 0 0 -32768 -23399808960 0 1 -536870912 -5736013104 -22326067136 0 0 -1073741824 -1267164334 -23399808960 -1871985103 -458881049
0 0 1 0 0 0 0 -32768 -23399808960 0 1 -536870912 -5736013104 -22326067136 0 0 -1073741824 -1267164334 -23399808960 -1871985103 -458881049
-1959419525 2107411290 1 0 1 0 0 -32768 -75636099631 -536870912 1 -536870912 -22326067136 -74562357807 0 0 -1073741824 -4066830815 -75099228719 -6007939539 -1786085373
0 0 1 0 0 0 0 -32768 -75636099631 -536870912 1 -536870912 -22326067136 -74562357807 0 0 -1073741824 -4066830815 -75099228719 -6007939539 -1786085373
668718617 70775975 1 0 1 0 0 32768 10504904189 -536870912 1 536870912 -74562357807 9431162365 0 0 1073741824 597942642 11041775101 883342191 -5964988630
0 0 1 0 0 0 0 32768 10504904189 -536870912 1 536870912 -74562357807 9431162365 0 0 1073741824 597942642 11041775101 883342191 -5964988630
1581963912 -275215286 1 0 1 0 0 32768 34832058420 536870912 1 536870912 9431162365 33758316596 0 0 1073741824 1857179198 34295187508 2743615567 754492990
0 0 1 0 0 0 0 32768 34832058420 536870912 1 536870912 9431162365 33758316596 0 0 1073741824 1857179198 34295187508 2743615567 754492990
-1088273555 1014489423 1 0 1 0 0 -32768 -38293334968 536870912 1 -536870912 33758316596 -37219593144 0 0 -1073741824 -2102762978 -38830205880 -3106417112 2700665330
0 0 1 0 0 0 0 -32768 -38293334968 536870912 1 -536870912 33758316596 -37219593144 0 0 -1073741824 -2102762978 -38830205880 -3106417112 2700665330
-1037980720 1299123611 1 0 1 0 0 -32768 -43694489381 -536870912 1 -536870912 -37219593144 -42620747557 0 0 -1073741824 -2337104331 -43157618469 -3452610191 -2977567454
0 0 1 0 0 0 0 -32768 -43694489381 -536870912 1 -536870912 -37219593144 -42620747557 0 0 -1073741824 -2337104331 -43157618469 -3452610191 -2977567454
544548745 -718273114 1 0 1 0 0 32768 22782748697 -536870912 1 536870912 -42620747557 21709006873 0 0 1073741824 1262821859 23319619609 1865569954 -3409659808
0 0 1 0 0 0 0 32768 22782748697 -536870912 1 536870912 -42620747557 21709006873 0 0 1073741824 1262821859 23319619609 1865569954 -3409659808
1650943652 616866242 1 0 1 0 0 32768 19632431917 536870912 1 327795557 21709006873 18558690093 0 0 1073741824 1034077410 19095561005 1527645196 1736720551
0 0 1 0 0 0 0 32768 19632431917 536870912 1 327795557 21709006873 18558690093 0 0 1073741824 1034077410 19095561005 1527645196 1736720551
-464049552 -697568086 1 0 1 1 0 0 4640013742 327795557 1 0 18558690093 3566271918 1 1 1073741824 233518534 4312218185 344977526 1484695209
0 0 1 0 0 0 0 0 4640013742 327795557 1 0 18558690093 3566271918 1 1 1073741824 233518534 4312218185 344977526 1484695209
-1107840034 1405736646 1 0 1 0 0 -32768 -46416405939 0 1 -536870912 3566271918 -45342664115 0 0 -1073741824 -2513576680 -46416405939 -3713313242 285301754
0 0 1 0 0 0 0 -32768 -46416405939 0 1 -536870912 3566271918 -45342664115 0 0 -1073741824 -2513576680 -46416405939 -3713313242 285301754
-525220489 55350119 1 0 1 0 0 -32768 -11257849202 -536870912 1 536870912 -45342664115 -10184107378 0 0 -1073741824 -580570608 -10720978290 -857678440 -3627413133
0 0 1 0 0 0 0 -32768 -11257849202 -536870912 1 536870912 -45342664115 -10184107378 0 0 -1073741824 -580570608 -10720978290 -857678440 -3627413133
1566966328 738213551 1 0 1 0 0 32768 15840850148 536870912 1 536870912 -10184107378 14767108324 0 0 1073741824 828752777 15303979236 1224318592 -814728591
0 0 1 0 0 0 0 32768 15840850148 536870912 1 536870912 -10184107378 14767108324 0 0 1073741824 828752777 15303979236 1224318592 -814728591
935640130 272478408 1 0 1 0 0 32768 12782999680 536870912 1 335192749 14767108324 11709257856 0 0 1073741824 663161722 12246128768 979690504 1181368667
0 0 1 0 0 0 0 32768 12782999680 536870912 1 335192749 14767108324 11709257856 0 0 1073741824 663161722 12246128768 979690504 1181368667
292215859 -514790733 1 0 1 0 0 32768 15237600886 335192749 1 536870912 11709257856 14163859062 0 0 1073741824 807006592 14902408137 1192192897 936740629
0 0 1 0 0 0 0 32768 15237600886 335192749 1 536870912 11709257856 14163859062 0 0 1073741824 807006592 14902408137 1192192897 936740629
976041185 -945894042 1 0 1 0 0 32768 36027861258 536870912 1 536870912 14163859062 34954119434 0 0 1073741824 1921935227 35490990346 2839279814 1133108726
0 0 1 0 0 0 0 32768 36027861258 536870912 1 536870912 14163859062 34954119434 0 0 1073741824 1921935227 35490990346 2839279814 1133108726
-770839778 222681856 1 0 1 0 0 -32768 -17809775856 536870912 1 -536870912 34954119434 -16736034032 0 0 -1073741824 -993521634 -18346646768 -1467732045 2796329557
0 0 1 0 0 0 0 -32768 -17809775856 536870912 1 -536870912 34954119434 -16736034032 0 0 -1073741824 -993521634 -18346646768 -1467732045 2796329557
-460561119 1005660673 1 0 1 0 0 -32768 -27612530244 -536870912 1 -536870912 -16736034032 -26538788420 0 0 -1073741824 -1466221792 -27075659332 -2166053194 -1338882724
0 0 1 0 0 0 0 -32768 -27612530244 -536870912 1 -536870912 -16736034032 -26538788420 0 0 -1073741824 -1466221792 -27075659332 -2166053194 -1338882724
8364712 -193436233 1 0 1 0 0 32768 3189641454 -536870912 1 536870912 -26538788420 2115899630 0 0 1073741824 201800945 3726512366 298121051 -2123103076
0 0 1 0 0 0 0 32768 3189641454 -536870912 1 536870912 -26538788420 2115899630 0 0 1073741824 201800945 3726512366 298121051 -2123103076
-43327435 1366919979 1 0 1 0 0 -32768 -25505149991 536870912 1 -536870912 2115899630 -24431408167 0 0 -1073741824 -1410247414 -26042020903 -2083362103 169271971
0 0 1 0 0 0 0 -32768 -25505149991 536870912 1 -536870912 2115899630 -24431408167 0 0 -1073741824 -1410247414 -26042020903 -2083362103 169271971
-1163087419 1535263099 1 0 1 0 0 -32768 -50365361924 -536870912 1 -536870912 -24431408167 -49291620100 0 0 -1073741824 -2698350518 -49828491012 -3986280104 -1954512655
0 0 1 0 0 0 0 -32768 -50365361924 -536870912 1 -536870912 -24431408167 -49291620100 0 0 -1073741824 -2698350518 -49828491012 -3986280104 -1954512655
-1231006860 -1798450231 0 0 1 0 0 0 9941696169 -536870912 1 0 -49291620100 8867954345 1 1 1073741824 567443371 10478567081 838285540 -3943329612
0 0 1 0 0 0 0 0 9941696169 -536870912 1 0 -49291620100 8867954345 1 1 1073741824 567443371 10478567081 838285540 -3943329612
643971550 1000262916 1 0 1 0 0 -32768 -6579375441 0 1 0 8867954345 -5505633617 0 1 -1073741824 -356291366 -6579375441 -526350144 709436348
0 0 1 0 0 0 0 -32768 -6579375441 0 1 0 8867954345 -5505633617 0 1 -1073741824 -356291366 -6579375441 -526350144 709436348
1955310480 493523593 1 0 1 0 0 32768 26993763143 0 1 536870912 -5505633617 25920021319 0 0 1073741824 1461786887 26993763143 2159501498 -440450690
0 0 1 0 0 0 0 32768 26993763143 0 1 536870912 -5505633617 25920021319 0 0 1073741824 1461786887 26993763143 2159501498 -440450690
-1174522826 111035321 1 0 1 0 0 -32768 -23202603314 536870912 1 -536870912 25920021319 -22128861490 0 0 -1073741824 -1285558147 -23739474226 -1899158330 2073601707
0 0 1 0 0 0 0 -32768 -23202603314 536870912 1 -536870912 25920021319 -22128861490 0 0 -1073741824 -1285558147 -23739474226 -1899158330 2073601707
172170110 1736322375 1 0 1 0 0 -32768 -29420941591 -536870912 1 0 -22128861490 -28347199767 0 1 -1073741824 -1564152265 -28884070679 -2310726132 -1770308921
0 0 1 0 0 0 0 -32768 -29420941591 -536870912 1 0 -22128861490 -28347199767 0 1 -1073741824 -1564152265 -28884070679 -2310726132 -1770308921
1857432928 276769157 1 0 1 0 0 32768 29188976740 0 1 536870912 -28347199767 28115234916 0 0 1073741824 1580663771 29188976740 2335118622 -2267775983
0 0 1 0 0 0 0 32768 29188976740 0 1 536870912 -28347199767 28115234916 0 0 1073741824 1580663771 29188976740 2335118622 -2267775983
-359524037 -373531824 1 0 1 0 0 24278 795542602 536870912 0 0 28115234916 0 0 1 795542602 14007787 258671690 20693739 2249218795
0 0 1 0 0 0 0 24278 795542602 536870912 0 0 28115234916 0 0 1 795542602 14007787 258671690 20693739 2249218795
-511685814 1904492609 1 0 1 0 0 -32768 -44617822641 0 1 -536870912 0 -43544080817 0 0 -1073741824 -2416178423 -44617822641 -3569426549 0
0 0 1 0 0 0 0 -32768 -44617822641 0 1 -536870912 0 -43544080817 0 0 -1073741824 -2416178423 -44617822641 -3569426549 0
-811396609 -1768015649 1 0 1 0 0 32768 17128322294 -536870912 1 0 -43544080817 16054580470 0 1 1073741824 956619040 17665193206 1413215748 -3483526469
0 0 1 0 0 0 0 32768 17128322294 -536870912 1 0 -43544080817 16054580470 0 1 1073741824 956619040 17665193206 1413215748 -3483526469
292451728 902689933 1 1 1 0 0 0 -11268828386 0 1 0 16054580470 -10195086562 1 1 -1073741824 -610238205 -11268828386 -901506457 1284366439
0 0 1 0 0 0 0 0 -11268828386 0 1 0 16054580470 -10195086562 1 1 -1073741824 -610238205 -11268828386 -901506457 1284366439
643889717 -1734626391 1 0 1 0 0 32768 43922339859 0 1 536870912 -10195086562 42848598035 0 0 1073741824 2378516108 43922339859 3513787915 -815606926
0 0 1 0 0 0 0 32768 43922339859 0 1 536870912 -10195086562 42848598035 0 0 1073741824 2378516108 43922339859 3513787915 -815606926
-1118309061 324733330 1 0 1 0 0 -32768 -26110751156 536870912 1 -536870912 42848598035 -25037009332 0 0 -1073741824 -1443042391 -26647622068 -2131810206 3427887846
0 0 1 0 0 0 0 -32768 -26110751156 536870912 1 -536870912 42848598035 -25037009332 0 0 -1073741824 -1443042391 -26647622068 -2131810206 3427887846
-315184642 -464440425 1 0 1 0 0 32768 2219327881 -536870912 1 0 -25037009332 1145586057 0 1 1073741824 149255783 2756198793 220495949 -2002960748
0 0 1 0 0 0 0 32768 2219327881 -536870912 1 0 -25037009332 1145586057 0 1 1073741824 149255783 2756198793 220495949 -2002960748
313114509 -34472946 1 0 1 0 0 32768 6418646600 0 1 421844949 1145586057 5344904776 0 0 1073741824 347587455 6418646600 513491834 91646885
0 0 1 0 0 0 0 32768 6418646600 0 1 421844949 1145586057 5344904776 0 0 1073741824 347587455 6418646600 513491834 91646885
1341692371 -727755501 1 0 1 0 0 32768 38636844817 421844949 1 536870912 5344904776 37563102993 0 0 1073741824 2069447872 38214999868 3057200621 427592382
0 0 1 0 0 0 0 32768 38636844817 421844949 1 536870912 5344904776 37563102993 0 0 1073741824 2069447872 38214999868 3057200621 427592382
1164216767 -1664137690 1 0 1 0 0 32768 52766050813 536870912 1 536870912 37563102993 51692308989 0 0 1073741824 2828354457 52229179901 4178335255 3005048242
0 0 1 0 0 0 0 32768 52766050813 536870912 1 536870912 37563102993 51692308989 0 0 1073741824 2828354457 52229179901 4178335255 3005048242
926030773 -1789064781 1 0 1 0 0 32768 50674580416 536870912 1 412503778 51692308989 49600838592 0 0 1073741824 2715095554 50137709504 4011017589 4135384723
0 0 1 0 0 0 0 32768 50674580416 536870912 1 412503778 51692308989 49600838592 0 0 1073741824 2715095554 50137709504 4011017589 4135384723
-529855397 -1788396336 1 0 1 0 0 32768 23653070728 412503778 1 0 49600838592 22579328904 0 1 1073741824 1258540939 23240566950 1859245740 3968067091
0 0 1 0 0 0 0 32768 23653070728 412503778 1 0 49600838592 22579328904 0 1 1073741824 1258540939 23240566950 1859245740 3968067091
1841600292 1614174172 1 0 1 0 0 32768 4199713974 0 1 -536870912 22579328904 3125972150 0 0 1073741824 227426120 4199713974 335977187 1806346314
0 0 1 0 0 0 0 32768 4199713974 0 1 -536870912 22579328904 3125972150 0 0 1073741824 227426120 4199713974 335977187 1806346314
-851712417 1684934849 1 0 1 0 0 -32768 -47379304707 -536870912 1 -536870912 3125972150 -46305562883 0 0 -1073741824 -2536647266 -46842433795 -3747395478 250077772
0 0 1 0 0 0 0 -32768 -47379304707 -536870912 1 -536870912 3125972150 -46305562883 0 0 -1073741824 -2536647266 -46842433795 -3747395478 250077772
1832248614 848119139 1 0 1 0 0 32768 17636337636 -536870912 1 536870912 -46305562883 16562595812 0 0 1073741824 984129475 18173208548 1453856984 -3704445034
0 0 1 0 0 0 0 32768 17636337636 -536870912 1 536870912 -46305562883 16562595812 0 0 1073741824 984129475 18173208548 1453856984 -3704445034
-668323784 -509960526 1 0 1 0 0 -32768 -2387509047 536870912 1 -536870912 16562595812 -1313767223 0 0 -1073741824 -158363258 -2924379959 -233950445 1325007666
0 0 1 0 0 0 0 -32768 -2387509047 536870912 1 -536870912 16562595812 -1313767223 0 0 -1073741824 -158363258 -2924379959 -233950445 1325007666
1752604212 -1350102319 1 0 1 0 0 32768 56758570678 -536870912 1 536870912 -1313767223 55684828854 0 0 1073741824 3102706531 57295441590 4583636274 -105101378
0 0 1 0 0 0 0 32768 56758570678 -536870912 1 536870912 -1313767223 55684828854 0 0 1073741824 3102706531 57295441590 4583636274 -105101378
-786844517 -679977899 0 0 1 0 0 0 -1436557773 536870912 1 0 55684828854 -362815949 1 1 -1073741824 -106866618 -1973428685 -157874327 4454786312
0 0 1 0 0 0 0 0 -1436557773 536870912 1 0 55684828854 -362815949 1 1 -1073741824 -106866618 -1973428685 -157874327 4454786312
1779885865 1027828193 1 0 1 0 0 32768 13887706100 0 1 536870912 -362815949 12813964276 0 0 1073741824 752057672 13887706100 1111016718 -29025276
0 0 1 0 0 0 0 32768 13887706100 0 1 536870912 -362815949 12813964276 0 0 1073741824 752057672 13887706100 1111016718 -29025276
142928758 230609988 1 0 1 0 0 -32768 -1082275063 536870912 1 0 12813964276 -8533239 0 1 -1073741824 -87681230 -1619145975 -129531705 1025117143
0 0 1 0 0 0 0 -32768 -1082275063 536870912 1 0 12813964276 -8533239 0 1 -1073741824 -87681230 -1619145975 -129531705 1025117143
2047537064 -1272125488 1 0 1 0 0 32768 61301811804 0 1 536870912 -8533239 60228069980 0 0 1073741824 3319662552 61301811804 4904145957 -682659
0 0 1 0 0 0 0 32768 61301811804 0 1 536870912 -8533239 60228069980 0 0 1073741824 3319662552 61301811804 4904145957 -682659
-468506784 505236243 1 0 1 0 0 -32768 -17444538599 536870912 1 -536870912 60228069980 -16370796775 0 0 -1073741824 -973743027 -17981409511 -1438513058 4818245603
0 0 1 0 0 0 0 -32768 -17444538599 536870912 1 -536870912 60228069980 -16370796775 0 0 -1073741824 -973743027 -17981409511 -1438513058 4818245603
1625988731 -1277358994 1 0 1 0 0 32768 53077155530 -536870912 1 536870912 -16370796775 52003413706 0 0 1073741824 2903347725 53614026442 4289123001 -1309663743
0 0 1 0 0 0 0 32768 53077155530 -536870912 1 536870912 -16370796775 52003413706 0 0 1073741824 2903347725 53614026442 4289123001 -1309663743
498556997 -1143598620 1 0 1 0 0 32768 30861373180 536870912 1 -536870912 52003413706 29787631356 0 0 1073741824 1642155617 30324502268 2425960683 4160273100
0 0 1 0 0 0 0 32768 30861373180 536870912 1 -536870912 52003413706 29787631356 0 0 1073741824 1642155617 30324502268 2425960683 4160273100
1604735637 -1938977315 1 0 1 0 0 32768 64902317882 -536870912 1 536870912 29787631356 63828576058 0 0 1073741824 3543712952 65439188794 5235136185 2383010511
0 0 1 0 0 0 0 32768 64902317882 -536870912 1 536870912 29787631356 63828576058 0 0 1073741824 3543712952 65439188794 5235136185 2383010511
-915060396 -1826983053 1 0 1 0 0 32768 17376688280 536870912 1 0 63828576058 16302946456 0 1 1073741824 911922657 16839817368 1347185668 5106286089
0 0 1 0 0 0 0 32768 17376688280 536870912 1 0 63828576058 16302946456 0 1 1073741824 911922657 16839817368 1347185668 5106286089
1866929582 813954156 1 0 1 0 0 32768 19444537024 0 1 251327565 16302946456 18370795200 0 0 1073741824 1052975426 19444537024 1555563283 1304235718
0 0 1 0 0 0 0 32768 19444537024 0 1 251327565 16302946456 18370795200 0 0 1073741824 1052975426 19444537024 1555563283 1304235718
-418620915 628529532 1 0 1 0 0 -32768 -19085643777 251327565 1 -536870912 18370795200 -18011901953 0 0 -1073741824 -1047150447 -19336971342 -1546958027 1469663617
0 0 1 0 0 0 0 -32768 -19085643777 251327565 1 -536870912 18370795200 -18011901953 0 0 -1073741824 -1047150447 -19336971342 -1546958027 1469663617
-941106818 -1345390917 1 0 1 0 0 32768 6928751682 -536870912 1 0 -18011901953 5855009858 0 1 1073741824 404284099 7465622594 597249931 -1440952158
0 0 1 0 0 0 0 32768 6928751682 -536870912 1 0 -18011901953 5855009858 0 1 1073741824 404284099 7465622594 597249931 -1440952158
1869634269 566313761 1 0 1 0 0 32768 24067478923 0 1 536870912 5855009858 22993737099 0 0 1073741824 1303320508 24067478923 1925398712 468400789
0 0 1 0 0 0 0 32768 24067478923 0 1 536870912 5855009858 22993737099 0 0 1073741824 1303320508 24067478923 1925398712 468400789
519677362 1949099778 1 0 1 0 0 -32768 -25859240910 536870912 1 0 22993737099 -24785499086 0 1 -1073741824 -1429422416 -26396111822 -2111689382 1839498970
0 0 1 0 0 0 0 -32768 -25859240910 536870912 1 0 22993737099 -24785499086 0 1 -1073741824 -1429422416 -26396111822 -2111689382 1839498970
-1309242487 434830166 1 0 1 0 0 -32768 -32206530595 0 1 -536870912 -24785499086 -31132788771 0 0 -1073741824 -1744072653 -32206530595 -2576522980 -1982839929
0 0 1 0 0 0 0 -32768 -32206530595 0 1 -536870912 -24785499086 -31132788771 0 0 -1073741824 -1744072653 -32206530595 -2576522980 -1982839929
612363608 292081927 1 0 1 0 0 32768 5377539672 -536870912 1 536870912 -31132788771 4303797848 0 0 1073741824 320281681 5914410584 473152944 -2490623104
0 0 1 0 0 0 0 32768 5377539672 -536870912 1 536870912 -31132788771 4303797848 0 0 1073741824 320281681 5914410584 473152944 -2490623104
1535633133 -1545727512 1 0 1 0 0 32768 57438133436 536870912 1 536870912 4303797848 56364391612 0 0 1073741824 3081360645 56901262524 4552101942 344303828
0 0 1 0 0 0 0 32768 57438133436 536870912 1 536870912 4303797848 56364391612 0 0 1073741824 3081360645 56901262524 4552101942 344303828
-281525145 -1445949607 1 1 1 0 0 0 22039456826 536870912 1 0 56364391612 20965715002 1 1 1073741824 1164424462 21502585914 1720207228 4509151333
0 0 1 0 0 0 0 0 22039456826 536870912 1 0 56364391612 20965715002 1 1 1073741824 1164424462 21502585914 1720207228 4509151333
961107224 -1697436424 1 0 1 0 0 32768 49093406282 0 1 536870912 20965715002 48019664458 0 0 1073741824 2658543648 49093406282 3927473314 1677257202
0 0 1 0 0 0 0 32768 49093406282 0 1 536870912 20965715002 48019664458 0 0 1073741824 2658543648 49093406282 3927473314 1677257202
1147993413 1775513946 1 0 1 0 0 -32768 -11051097749 536870912 1 0 48019664458 -9977355925 0 1 -1073741824 -627520533 -11587968661 -927037684 3841573160
0 0 1 0 0 0 0 -32768 -11051097749 536870912 1 0 48019664458 -9977355925 0 1 -1073741824 -627520533 -11587968661 -927037684 3841573160
-280126481 -1957050220 1 0 1 0 0 32768 30966540077 0 1 0 -9977355925 29892798253 0 1 1073741824 1676923739 30966540077 2477323718 -798188475
0 0 1 0 0 0 0 32768 30966540077 0 1 0 -9977355925 29892798253 0 1 1073741824 1676923739 30966540077 2477323718 -798188475
413487491 1677079048 1 0 1 0 0 -32768 -23333833066 0 1 0 29892798253 -22260091242 0 1 -1073741824 -1263591557 -23333833066 -1866707031 2391423862
0 0 1 0 0 0 0 -32768 -23333833066 0 1 0 29892798253 -22260091242 0 1 -1073741824 -1263591557 -23333833066 -1866707031 2391423862
-2071501282 -1921234389 1 0 1 0 0 -32768 -2774870232 0 1 536870912 -22260091242 -1701128408 0 0 -1073741824 -150266893 -2774870232 -221989664 -1780807301
0 0 1 0 0 0 0 -32768 -2774870232 0 1 536870912 -22260091242 -1701128408 0 0 -1073741824 -150266893 -2774870232 -221989664 -1780807301
-493499419 1969454558 0 0 1 0 0 0 -44944722116 536870912 1 0 -1701128408 -43870980292 1 1 -1073741824 -2462953977 -45481593028 -3638528194 -136090273
0 0 1 0 0 0 0 0 -44944722116 536870912 1 0 -1701128408 -43870980292 1 1 -1073741824 -2462953977 -45481593028 -3638528194 -136090273
1350309931 1862206257 1 0 1 0 1 0 -9452819902 0 1 0 -43870980292 -8379078078 1 1 -1073741824 -511896326 -9452819902 -756225748 -3509678427
0 0 1 0 0 0 0 0 -9452819902 0 1 0 -43870980292 -8379078078 1 1 -1073741824 -511896326 -9452819902 -756225748 -3509678427
232600281 -2091251064 1 0 1 0 0 32768 42912885144 0 1 536870912 -8379078078 41839143320 0 0 1073741824 2323851345 42912885144 3433031521 -670326247
0 0 1 0 0 0 0 32768 42912885144 0 1 536870912 -8379078078 41839143320 0 0 1073741824 2323851345 42912885144 3433031521 -670326247
1074028645 -1690428062 1 0 1 0 0 32768 51586097193 536870912 1 536870912 41839143320 50512355369 0 0 1073741824 2764456707 51049226281 4083938946 3347131469
0 0 1 0 0 0 0 32768 51586097193 536870912 1 536870912 41839143320 50512355369 0 0 1073741824 2764456707 51049226281 4083938946 3347131469
-1074569951 1344044670 1 0 1 0 0 -32768 -44125939238 536870912 1 -536870912 50512355369 -43052197414 0 0 -1073741824 -2418614621 -44662810150 -3573025550 4040988433
0 0 1 0 0 0 0 -32768 -44125939238 536870912 1 -536870912 50512355369 -43052197414 0 0 -1073741824 -2418614621 -44662810150 -3573025550 4040988433
628699927 20965615 1 0 1 0 0 32768 10685719890 -536870912 1 536870912 -43052197414 9611978066 0 0 1073741824 607734312 11222590802 897807450 -3444175796
0 0 1 0 0 0 0 32768 10685719890 -536870912 1 536870912 -43052197414 9611978066 0 0 1073741824 607734312 11222590802 897807450 -3444175796
808740039 2105808962 1 0 1 0 0 -32768 -23415164504 536870912 1 0 9611978066 -22341422680 0 1 -1073741824 -1297068923 -23952035416 -1916163229 768958246
0 0 1 0 0 0 0 -32768 -23415164504 536870912 1 0 9611978066 -22341422680 0 1 -1073741824 -1297068923 -23952035416 -1916163229 768958246
334578198 -524203416 1 0 1 0 0 32768 15858500091 0 1 536870912 -22341422680 14784758267 0 0 1073741824 858781614 15858500091 1268680269 -1787313816
0 0 1 0 0 0 0 32768 15858500091 0 1 536870912 -22341422680 14784758267 0 0 1073741824 858781614 15858500091 1268680269 -1787313816
1384032690 -1543885111 1 0 1 0 0 32768 54604615209 536870912 1 536870912 14784758267 53530873385 0 0 1073741824 2927917801 54067744297 4325420437 1182780662
0 0 1 0 0 0 0 32768 54604615209 536870912 1 536870912 14784758267 53530873385 0 0 1073741824 2927917801 54067744297 4325420437 1182780662
-1704703810 1539550784 1 0 1 1 0 0 -59372436571 536870912 1 0 53530873385 -58298694747 1 1 -1073741824 -3244254594 -59909307483 -4792745589 4282469875
0 0 1 0 0 0 0 0 -59372436571 536870912 1 0 53530873385 -58298694747 1 1 -1073741824 -3244254594 -59909307483 -4792745589 4282469875
1425612034 1019040163 1 0 1 0 0 32768 7507869228 0 1 536870912 -58298694747 6434127404 0 0 1073741824 406571871 7507869228 600629662 -4663895584
0 0 1 0 0 0 0 32768 7507869228 0 1 536870912 -58298694747 6434127404 0 0 1073741824 406571871 7507869228 600629662 -4663895584
-83615586 798230417 1 0 1 0 0 -32768 -15747542600 536870912 1 -536870912 6434127404 -14673800776 0 0 -1073741824 -881846003 -16284413512 -1302753350 514730193
0 0 1 0 0 0 0 -32768 -15747542600 536870912 1 -536870912 6434127404 -14673800776 0 0 -1073741824 -881846003 -16284413512 -1302753350 514730193
1736637176 449918108 1 0 1 0 0 32768 23224041204 -536870912 1 536870912 -14673800776 22150299380 0 0 1073741824 1286719068 23760912116 1900873362 -1173904063
0 0 1 0 0 0 0 32768 23224041204 -536870912 1 536870912 -14673800776 22150299380 0 0 1073741824 1286719068 23760912116 1900873362 -1173904063
-1533989659 680199220 1 0 1 0 0 -32768 -40350956641 536870912 1 -536870912 22150299380 -39277214817 0 0 -1073741824 -2214188879 -40887827553 -3271026880 1772023952
0 0 1 0 0 0 0 -32768 -40350956641 536870912 1 -536870912 22150299380 -39277214817 0 0 -1073741824 -2214188879 -40887827553 -3271026880 1772023952
-541454996 -2050406560 1 0 1 0 0 32768 27327848272 -536870912 1 0 -39277214817 26254106448 0 1 1073741824 1508951564 27864719184 2229177995 -3142177188
0 0 1 0 0 0 0 32768 27327848272 -536870912 1 0 -39277214817 26254106448 0 1 1073741824 1508951564 27864719184 2229177995 -3142177188
-1338581187 -1495322113 1 0 1 0 0 32768 2894421525 0 1 0 26254106448 1820679701 0 1 1073741824 156740926 2894421525 231553770 2100328518
0 0 1 0 0 0 0 32768 2894421525 0 1 0 26254106448 1820679701 0 1 1073741824 156740926 2894421525 231553770 2100328518
-1393305524 -1948127508 1 0 1 0 0 32768 10245497039 0 1 0 1820679701 9171755215 0 1 1073741824 554821984 10245497039 819639932 145654376
0 0 1 0 0 0 0 32768 10245497039 0 1 0 1820679701 9171755215 0 1 1073741824 554821984 10245497039 819639932 145654376
-1442572931 1314692461 1 0 1 0 0 -32768 -50916429458 0 1 -536870912 9171755215 -49842687634 0 0 -1073741824 -2757265392 -50916429458 -4073315198 733740418
0 0 1 0 0 0 0 -32768 -50916429458 0 1 -536870912 9171755215 -49842687634 0 0 -1073741824 -2757265392 -50916429458 -4073315198 733740418
539871987 -1939274306 1 0 1 0 0 32768 45243733926 -536870912 1 536870912 -49842687634 44169992102 0 0 1073741824 2479146293 45780604838 3662449144 -3987415014
0 0 1 0 0 0 0 32768 45243733926 -536870912 1 536870912 -49842687634 44169992102 0 0 1073741824 2479146293 45780604838 3662449144 -3987415014
96761331 1248054337 1 0 1 0 0 -32768 -20723225884 536870912 1 0 44169992102 -19649484060 0 1 -1073741824 -1151293006 -21260096796 -1700808095 3533599371
0 0 1 0 0 0 0 -32768 -20723225884 536870912 1 0 44169992102 -19649484060 0 1 -1073741824 -1151293006 -21260096796 -1700808095 3533599371
1947587714 1881409272 1 0 1 0 0 32768 1222069513 0 1 536870912 -19649484060 148327689 0 0 1073741824 66178442 1222069513 97765581 -1571958726
0 0 1 0 0 0 0 32768 1222069513 0 1 536870912 -19649484060 148327689 0 0 1073741824 66178442 1222069513 97765581 -1571958726
79465209 -1081367657 1 0 1 0 0 32768 21973133416 536870912 1 536870912 148327689 20899391592 0 0 1073741824 1160832866 21436262504 1714901355 11866215
0 0 1 0 0 0 0 32768 21973133416 536870912 1 536870912 148327689 20899391592 0 0 1073741824 1160832866 21436262504 1714901355 11866215
1551169194 -2085999046 1 0 1 0 0 32768 67701831042 536870912 1 536870912 20899391592 66628089218 0 0 1073741824 3637168240 67164960130 5373197920 1671951329
0 0 1 0 0 0 0 32768 67701831042 536870912 1 536870912 20899391592 66628089218 0 0 1073741824 3637168240 67164960130 5373197920 1671951329
-980754910 1039126417 0 0 1 0 0 0 -36762819353 536870912 1 0 66628089218 -35689077529 1 1 -1073741824 -2019881327 -37299690265 -2983975838 5330247142
0 0 1 0 0 0 0 0 -36762819353 536870912 1 0 66628089218 -35689077529 1 1 -1073741824 -2019881327 -37299690265 -2983975838 5330247142
1056970437 -1722959748 1 0 1 0 0 32768 51334963829 0 1 536870912 -35689077529 50261222005 0 0 1073741824 2779930185 51334963829 4106797955 -2855126205
0 0 1 0 0 0 0 32768 51334963829 0 1 536870912 -35689077529 50261222005 0 0 1073741824 2779930185 51334963829 4106797955 -2855126205
-1657650933 1562575463 1 1 1 0 0 0 -58928725185 536870912 1 0 50261222005 -57854983361 1 1 -1073741824 -3220226396 -59465596097 -4757248670 4020897764
0 0 1 0 0 0 0 0 -58928725185 536870912 1 0 50261222005 -57854983361 1 1 -1073741824 -3220226396 -59465596097 -4757248670 4020897764
-483311628 -2031096177 1 0 1 0 0 32768 28581819884 0 1 0 -57854983361 27508078060 0 1 1073741824 1547784549 28581819884 2286546063 -4628398673
0 0 1 0 0 0 0 32768 28581819884 0 1 0 -57854983361 27508078060 0 1 1073741824 1547784549 28581819884 2286546063 -4628398673
-1694943323 -548411555 1 0 1 0 0 -32768 -21172174451 0 1 -536870912 27508078060 -20098432627 0 0 -1073741824 -1146531768 -21172174451 -1693774306 2200646247
0 0 1 0 0 0 0 -32768 -21172174451 0 1 -536870912 27508078060 -20098432627 0 0 -1073741824 -1146531768 -21172174451 -1693774306 2200646247
407204235 -999044271 1 0 1 0 0 32768 25431305044 -536870912 1 536870912 -20098432627 24357563220 0 0 1073741824 1406248506 25968175956 2077454506 -1607874612
0 0 1 0 0 0 0 32768 25431305044 -536870912 1 536870912 -20098432627 24357563220 0 0 1073741824 1406248506 25968175956 2077454506 -1607874612
-530674976 276828780 1 0 1 0 0 -32768 -14374717994 536870912 1 -536870912 24357563220 -13300976170 0 0 -1073741824 -807503756 -14911588906 -1192927359 1948605059
0 0 1 0 0 0 0 -32768 -14374717994 536870912 1 -536870912 24357563220 -13300976170 0 0 -1073741824 -807503756 -14911588906 -1192927359 1948605059
-1081983915 1490597994 1 0 1 0 0 -32768 -48042883817 -536870912 1 -536870912 -13300976170 -46969141993 0 0 -1073741824 -2572581909 -47506012905 -3800481818 -1064078095
0 0 1 0 0 0 0 -32768 -48042883817 -536870912 1 -536870912 -13300976170 -46969141993 0 0 -1073741824 -2572581909 -47506012905 -3800481818 -1064078095
-1737138529 1107394666 1 0 1 0 0 -32768 -53064811888 -536870912 1 -536870912 -46969141993 -51991070064 0 0 -1073741824 -2844533195 -52527940976 -4202236146 -3757531363
0 0 1 0 0 0 0 -32768 -53064811888 -536870912 1 -536870912 -46969141993 -51991070064 0 0 -1073741824 -2844533195 -52527940976 -4202236146 -3757531363
-1162208862 496031084 1 0 1 0 0 -32768 -31158390872 -536870912 1 536870912 -51991070064 -30084649048 0 0 -1073741824 -1658239946 -30621519960 -2449722103 -4159285609
0 0 1 0 0 0 0 -32768 -31158390872 -536870912 1 536870912 -51991070064 -30084649048 0 0 -1073741824 -1658239946 -30621519960 -2449722103 -4159285609
-618862793 163756572 1 0 1 0 0 -32768 -13915195910 536870912 1 536870912 -30084649048 -12841454086 0 0 -1073741824 -782619365 -14452066822 -1156165585 -2406771926
0 0 1 0 0 0 0 -32768 -13915195910 536870912 1 536870912 -30084649048 -12841454086 0 0 -1073741824 -782619365 -14452066822 -1156165585 -2406771926
-1208804960 -594336245 1 0 1 0 0 -32768 -10810079248 536870912 1 536870912 -12841454086 -9736337424 0 0 -1073741824 -614468715 -11346950160 -907756200 -1027316328
0 0 1 0 0 0 0 -32768 -10810079248 536870912 1 536870912 -12841454086 -9736337424 0 0 -1073741824 -614468715 -11346950160 -907756200 -1027316328
1274252625 1198265770 1 0 1 0 0 32768 1940065307 536870912 1 536870912 -9736337424 866323483 0 0 1073741824 75986855 1403194395 112255575 -778906995
0 0 1 0 0 0 0 32768 1940065307 536870912 1 536870912 -9736337424 866323483 0 0 1073741824 75986855 1403194395 112255575 -778906995
1280699243 -1491182044 1 0 1 0 0 32768 51723201552 536870912 1 536870912 866323483 50649459728 0 0 1073741824 2771881287 51186330640 4094907297 69305879
0 0 1 0 0 0 0 32768 51723201552 536870912 1 536870912 866323483 50649459728 0 0 1073741824 2771881287 51186330640 4094907297 69305879
48532534 -2096345105 1 0 1 0 0 32768 40144777833 536870912 1 -346452662 50649459728 39071036009 0 0 1073741824 2144877639 39607906921 3168633208 4051956782
0 0 1 0 0 0 0 32768 40144777833 536870912 1 -346452662 50649459728 39071036009 0 0 1073741824 2144877639 39607906921 3168633208 4051956782
-350572737 1089791024 1 0 1 0 0 -32768 -26944610403 -346452662 1 -536870912 39071036009 -25870868579 0 0 -1073741824 -1440363761 -26598157741 -2127853059 3125682884
0 0 1 0 0 0 0 -32768 -26944610403 -346452662 1 -536870912 39071036009 -25870868579 0 0 -1073741824 -1440363761 -26598157741 -2127853059 3125682884
-10244335 -1546694923 1 0 1 0 0 32768 27835652896 -536870912 1 0 -25870868579 26761911072 0 1 1073741824 1536450588 28372523808 2269802374 -2069669488
0 0 1 0 0 0 0 32768 27835652896 -536870912 1 0 -25870868579 26761911072 0 1 1073741824 1536450588 28372523808 2269802374 -2069669488
1347386213 520631110 1 0 1 0 0 32768 15267089633 0 1 -536870912 26761911072 14193347809 0 0 1073741824 826755103 15267089633 1221367423 2140952888
0 0 1 0 0 0 0 32768 15267089633 0 1 -536870912 26761911072 14193347809 0 0 1073741824 826755103 15267089633 1221367423 2140952888
-1536799266 -1201397555 1 0 1 0 0 -32768 -6730492175 -536870912 1 -536870912 14193347809 -5656750351 0 0 -1073741824 -335401711 -6193621263 -495489803 1135467826
0 0 1 0 0 0 0 -32768 -6730492175 -536870912 1 -536870912 14193347809 -5656750351 0 0 -1073741824 -335401711 -6193621263 -495489803 1135467826
-943228701 1021195303 1 0 1 0 0 -32768 -36812470829 -536870912 1 -536870912 -5656750351 -35738729005 0 0 -1073741824 -1964424004 -36275599917 -2902048593 -452540029
0 0 1 0 0 0 0 -32768 -36812470829 -536870912 1 -536870912 -5656750351 -35738729005 0 0 -1073741824 -1964424004 -36275599917 -2902048593 -452540029
-331327844 1496380215 1 0 1 0 0 -32768 -34287836172 -536870912 1 -377850368 -35738729005 -33214094348 0 0 -1073741824 -1827708059 -33750965260 -2700077779 -2859098323
0 0 1 0 0 0 0 -32768 -34287836172 -536870912 1 -377850368 -35738729005 -33214094348 0 0 -1073741824 -1827708059 -33750965260 -2700077779 -2859098323
2109816483 -282944675 1 0 1 0 0 32768 43807542545 -377850368 1 536870912 -33214094348 42733800721 0 0 1073741824 2392761158 44185392913 3534832163 -2657127550
0 0 1 0 0 0 0 32768 43807542545 -377850368 1 536870912 -33214094348 42733800721 0 0 1073741824 2392761158 44185392913 3534832163 -2657127550
-270827034 729693056 1 0 1 0 0 -32768 -17939011291 536870912 1 -536870912 42733800721 -16865269467 0 0 -1073741824 -1000520090 -18475882203 -1478070882 3418704061
0 0 1 0 0 0 0 -32768 -17939011291 536870912 1 -536870912 42733800721 -16865269467 0 0 -1073741824 -1000520090 -18475882203 -1478070882 3418704061
1830886216 1281607428 0 0 1 0 0 0 9606263929 -536870912 1 0 -16865269467 8532522105 1 1 1073741824 549278788 10143134841 811450955 -1349221559
0 0 1 0 0 0 0 0 9606263929 -536870912 1 0 -16865269467 8532522105 1 1 1073741824 549278788 10143134841 811450955 -1349221559
891940498 1448593723 1 0 1 0 0 -32768 -10279313245 0 1 0 8532522105 -9205571421 0 1 -1073741824 -556653225 -10279313245 -822345229 682601769
0 0 1 0 0 0 0 -32768 -10279313245 0 1 0 8532522105 -9205571421 0 1 -1073741824 -556653225 -10279313245 -822345229 682601769
-98137642 1475797535 1 0 1 0 0 -32768 -29064724652 0 1 -536870912 -9205571421 -27990982828 0 0 -1073741824 -1573935177 -29064724652 -2325178453 -736445714
0 0 1 0 0 0 0 -32768 -29064724652 0 1 -536870912 -9205571421 -27990982828 0 0 -1073741824 -1573935177 -29064724652 -2325178453 -736445714
-1852882627 -627916262 1 0 1 0 0 -32768 -23157440442 -536870912 1 -107238220 -27990982828 -22083698618 0 0 -1073741824 -1224966365 -22620569530 -1809645936 -2239278628
0 0 1 0 0 0 0 -32768 -23157440442 -536870912 1 -107238220 -27990982828 -22083698618 0 0 -1073741824 -1224966365 -22620569530 -1809645936 -2239278628
610055093 337127950 1 0 1 0 0 32768 4932710297 -107238220 1 536870912 -22083698618 3858968473 0 0 1073741824 272927143 5039948517 403195965 -1766695891
0 0 1 0 0 0 0 32768 4932710297 -107238220 1 536870912 -22083698618 3858968473 0 0 1073741824 272927143 5039948517 403195965 -1766695891
-585437845 -191489445 1 0 1 0 0 -32768 -6737889790 536870912 1 -353827542 3858968473 -5664147966 0 0 -1073741824 -393948400 -7274760702 -581980976 308717478
0 0 1 0 0 0 0 -32768 -6737889790 536870912 1 -353827542 3858968473 -5664147966 0 0 -1073741824 -393948400 -7274760702 -581980976 308717478
-554491786 298446836 1 0 1 0 0 -32768 -16104429318 -353827542 1 -536870912 -5664147966 -15030687494 0 0 -1073741824 -852938622 -15750601776 -1260048402 -453131838
0 0 1 0 0 0 0 -32768 -16104429318 -353827542 1 -536870912 -5664147966 -15030687494 0 0 -1073741824 -852938622 -15750601776 -1260048402 -453131838
1472250304 905490234 1 0 1 0 0 32768 9929078143 -536870912 1 536870912 -15030687494 8855336319 0 0 1073741824 566760070 10465949055 837276097 -1202455001
0 0 1 0 0 0 0 32768 9929078143 -536870912 1 536870912 -15030687494 8855336319 0 0 1073741824 566760070 10465949055 837276097 -1202455001
-2078260055 -1620061653 1 0 1 0 0 -32768 -7924348193 536870912 1 -536870912 8855336319 -6850606369 0 0 -1073741824 -458198402 -8461219105 -676897668 708426906
0 0 1 0 0 0 0 -32768 -7924348193 536870912 1 -536870912 8855336319 -6850606369 0 0 -1073741824 -458198402 -8461219105 -676897668 708426906
1083014136 -1641348891 1 0 1 0 0 32768 49771974325 -536870912 1 536870912 -6850606369 48698232501 0 0 1073741824 2724363027 50308845237 4024708450 -548048510
0 0 1 0 0 0 0 32768 49771974325 -536870912 1 536870912 -6850606369 48698232501 0 0 1073741824 2724363027 50308845237 4024708450 -548048510
968640659 -101341010 1 1 1 0 0 0 20295449948 536870912 1 0 48698232501 19221708124 1 1 1073741824 1069981669 19758579036 1580686649 3895858604
0 0 1 0 0 0 0 0 20295449948 536870912 1 0 48698232501 19221708124 1 1 1073741824 1069981669 19758579036 1580686649 3895858604
-1785004852 271480621 1 0 1 0 0 -32768 -37975632604 0 1 -536870912 19221708124 -36901890780 0 0 -1073741824 -2056485473 -37975632604 -3038051236 1537736651
0 0 1 0 0 0 0 -32768 -37975632604 0 1 -536870912 19221708124 -36901890780 0 0 -1073741824 -2056485473 -37975632604 -3038051236 1537736651
360059205 -497273299 1 0 1 0 0 32768 15294869511 -536870912 1 536870912 -36901890780 14221127687 0 0 1073741824 857332504 15831740423 1266539495 -2952151265
0 0 1 0 0 0 0 32768 15294869511 -536870912 1 536870912 -36901890780 14221127687 0 0 1073741824 857332504 15831740423 1266539495 -2952151265
-762676034 -1140409005 1 0 1 0 0 32768 7512192993 536870912 1 0 14221127687 6438451169 0 1 1073741824 377732971 6975322081 558025882 1137690216
0 0 1 0 0 0 0 32768 7512192993 536870912 1 0 14221127687 6438451169 0 1 1073741824 377732971 6975322081 558025882 1137690216
865365628 1830423324 1 0 1 0 0 -32768 -17821023774 0 1 0 6438451169 -16747281950 0 1 -1073741824 -965057696 -17821023774 -1425682196 515076094
0 0 1 0 0 0 0 -32768 -17821023774 0 1 0 6438451169 -16747281950 0 1 -1073741824 -965057696 -17821023774 -1425682196 515076094
-371874169 1172477912 1 0 1 0 0 -32768 -28518434975 0 1 -536870912 -16747281950 -27444693151 0 0 -1073741824 -1544352081 -28518434975 -2281475269 -1339782557
0 0 1 0 0 0 0 -32768 -28518434975 0 1 -536870912 -16747281950 -27444693151 0 0 -1073741824 -1544352081 -28518434975 -2281475269 -1339782557
584857452 -900812567 1 0 1 0 0 32768 26897924788 -536870912 1 536870912 -27444693151 25824182964 0 0 1073741824 1485670019 27434795700 2194784109 -2195575454
0 0 1 0 0 0 0 32768 26897924788 -536870912 1 536870912 -27444693151 25824182964 0 0 1073741824 1485670019 27434795700 2194784109 -2195575454
-1300612237 1519216861 1 0 1 0 0 -32768 -51534877339 536870912 1 -536870912 25824182964 -50461135515 0 0 -1073741824 -2819829098 -52071748251 -4165740721 2065934639
0 0 1 0 0 0 0 -32768 -51534877339 536870912 1 -536870912 25824182964 -50461135515 0 0 -1073741824 -2819829098 -52071748251 -4165740721 2065934639
886907092 -1909212676 1 0 1 0 0 32768 51097054258 -536870912 1 536870912 -50461135515 50023312434 0 0 1073741824 2796119768 51633925170 4130714867 -4036890845
0 0 1 0 0 0 0 32768 51097054258 -536870912 1 536870912 -50461135515 50023312434 0 0 1073741824 2796119768 51633925170 4130714867 -4036890845
1462876616 2038128236 1 0 1 0 0 -32768 -10085885467 536870912 1 0 50023312434 -9012143643 0 1 -1073741824 -575251620 -10622756379 -849820686 4001864998
0 0 1 0 0 0 0 -32768 -10085885467 536870912 1 0 50023312434 -9012143643 0 1 -1073741824 -575251620 -10622756379 -849820686 4001864998
-1930964587 -915107248 1 0 1 0 0 -32768 -18759104108 0 1 -536870912 -9012143643 -17685362284 0 0 -1073741824 -1015857339 -18759104108 -1500728639 -720971492
0 0 1 0 0 0 0 -32768 -18759104108 0 1 -536870912 -9012143643 -17685362284 0 0 -1073741824 -1015857339 -18759104108 -1500728639 -720971492
299429705 -420935868 1 0 1 0 0 32768 12765600076 -536870912 1 536870912 -17685362284 11691858252 0 0 1073741824 720365573 13302470988 1064197899 -1414828984
0 0 1 0 0 0 0 32768 12765600076 -536870912 1 536870912 -17685362284 11691858252 0 0 1073741824 720365573 13302470988 1064197899 -1414828984
-56441705 315068585 1 0 1 0 0 -32768 -6323541411 536870912 1 -536870912 11691858252 -5249799587 0 0 -1073741824 -371510290 -6860412323 -548833099 935348661
0 0 1 0 0 0 0 -32768 -6323541411 536870912 1 -536870912 11691858252 -5249799587 0 0 -1073741824 -371510290 -6860412323 -548833099 935348661
-1258151826 1916423888 0 0 1 0 0 0 -59159468821 -536870912 1 0 -5249799587 -58085726997 1 1 -1073741824 -3174575714 -58622597909 -4689808801 -419983967
0 0 1 0 0 0 0 0 -59159468821 -536870912 1 0 -5249799587 -58085726997 1 1 -1073741824 -3174575714 -58622597909 -4689808801 -419983967
352161654 922192363 1 0 1 0 0 -32768 -10526345584 0 1 0 -58085726997 -9452603760 0 1 -1073741824 -570030709 -10526345584 -842107821 -4646858164
0 0 1 0 0 0 0 -32768 -10526345584 0 1 0 -58085726997 -9452603760 0 1 -1073741824 -570030709 -10526345584 -842107821 -4646858164
-318762256 -443131760 1 0 1 0 0 32768 2296641845 0 1 0 -9452603760 1222900021 0 1 1073741824 124369504 2296641845 183731386 -756208302
0 0 1 0 0 0 0 32768 2296641845 0 1 0 -9452603760 1222900021 0 1 1073741824 124369504 2296641845 183731386 -756208302
819160457 2088731403 1 0 1 0 1 0 -23444250126 0 1 0 1222900021 -22370508302 1 1 -1073741824 -1269570946 -23444250126 -1875540398 97832002
0 0 1 0 0 0 0 0 -23444250126 0 1 0 1222900021 -22370508302 1 1 -1073741824 -1269570946 -23444250126 -1875540398 97832002
1280169804 -1411143951 1 0 1 0 0 32768 49698548190 0 1 536870912 -22370508302 48624806366 0 0 1073741824 2691313755 49698548190 3975884677 -1789640666
0 0 1 0 0 0 0 32768 49698548190 0 1 536870912 -22370508302 48624806366 0 0 1073741824 2691313755 49698548190 3975884677 -1789640666
1342442472 -23241715 1 0 1 0 0 32768 25755974873 536870912 1 -536870912 48624806366 24682233049 0 0 1073741824 1365684187 25219103961 2017528734 3889984513
0 0 1 0 0 0 0 32768 25755974873 536870912 1 -536870912 48624806366 24682233049 0 0 1073741824 1365684187 25219103961 2017528734 3889984513
335869342 -584798278 1 0 1 0 0 32768 16464433375 -536870912 1 -536870912 24682233049 15390691551 0 0 1073741824 920667620 17001304287 1360104624 1974578646
0 0 1 0 0 0 0 32768 16464433375 -536870912 1 -536870912 24682233049 15390691551 0 0 1073741824 920667620 17001304287 1360104624 1974578646
1448614076 355010988 1 0 1 1 0 0 19657907816 -536870912 1 0 15390691551 18584165992 1 1 1073741824 1093603088 20194778728 1615582632 1231255325
0 0 1 0 0 0 0 0 19657907816 -536870912 1 0 15390691551 18584165992 1 1 1073741824 1093603088 20194778728 1615582632 1231255325
-1377366862 -1737303874 1 0 1 0 0 32768 6646696953 0 1 0 18584165992 5572955129 0 1 1073741824 359937012 6646696953 531735866 1486733281
0 0 1 0 0 0 0 32768 6646696953 0 1 0 18584165992 5572955129 0 1 1073741824 359937012 6646696953 531735866 1486733281
-1772743192 -1501021077 1 0 1 0 0 -32768 -5017696135 0 1 -536870912 5572955129 -3943954311 0 0 -1073741824 -271722115 -5017696135 -401415774 445836411
0 0 1 0 0 0 0 -32768 -5017696135 0 1 -536870912 5572955129 -3943954311 0 0 -1073741824 -271722115 -5017696135 -401415774 445836411
1253286509 -27513215 1 0 1 0 0 32768 23114732951 -536870912 1 536870912 -3943954311 22040991127 0 0 1073741824 1280799724 23651603863 1892128700 -315516345
0 0 1 0 0 0 0 32768 23114732951 -536870912 1 536870912 -3943954311 22040991127 0 0 1073741824 1280799724 23651603863 1892128700 -315516345
-573334754 -156594047 1 0 1 0 0 -32768 -7158778869 536870912 1 -536870912 22040991127 -6085037045 0 0 -1073741824 -416740707 -7695649781 -615652110 1763279292
0 0 1 0 0 0 0 -32768 -7158778869 536870912 1 -536870912 22040991127 -6085037045 0 0 -1073741824 -416740707 -7695649781 -615652110 1763279292
-96155737 255292803 1 0 1 0 0 -32768 -7026817381 -536870912 1 -536870912 -6085037045 -5953075557 0 0 -1073741824 -351448540 -6489946469 -519195825 -486802964
0 0 1 0 0 0 0 -32768 -7026817381 -536870912 1 -536870912 -6085037045 -5953075557 0 0 -1073741824 -351448540 -6489946469 -519195825 -486802964
25849037 -168751649 1 0 1 0 0 32768 3056679469 -536870912 1 226859223 -5953075557 1982937645 0 0 1073741824 194600686 3593550381 287484090 -476246045
0 0 1 0 0 0 0 32768 3056679469 -536870912 1 226859223 -5953075557 1982937645 0 0 1073741824 194600686 3593550381 287484090 -476246045
845626864 1797917343 1 0 1 0 0 -32768 -17358401572 226859223 1 0 1982937645 -16284659748 0 1 -1073741824 -952290479 -17585260795 -1406821154 158635012
0 0 1 0 0 0 0 -32768 -17358401572 226859223 1 0 1982937645 -16284659748 0 1 -1073741824 -952290479 -17585260795 -1406821154 158635012
-1640764740 -827317199 1 0 1 0 0 -32768 -15021348492 0 1 101064653 -16284659748 -13947606668 0 0 -1073741824 -813447541 -15021348492 -1201708128 -1302772781
0 0 1 0 0 0 0 -32768 -15021348492 0 1 101064653 -16284659748 -13947606668 0 0 -1073741824 -813447541 -15021348492 -1201708128 -1302772781
-1490936443 1167463284 1 0 1 0 0 -32768 -48989683943 101064653 1 -536870912 -13947606668 -47915942119 0 0 -1073741824 -2658399727 -49090748596 -3927260699 -1115808534
0 0 1 0 0 0 0 -32768 -48989683943 101064653 1 -536870912 -13947606668 -47915942119 0 0 -1073741824 -2658399727 -49090748596 -3927260699 -1115808534
1814473227 1175664311 1 0 1 0 0 32768 11259552168 -536870912 1 536870912 -47915942119 10185810344 0 0 1073741824 638808916 11796423080 943714041 -3833275373
0 0 1 0 0 0 0 32768 11259552168 -536870912 1 536870912 -47915942119 10185810344 0 0 1073741824 638808916 11796423080 943714041 -3833275373
494731517 -2145166007 1 1 1 0 0 0 49285952683 536870912 1 0 10185810344 48212210859 1 1 1073741824 2639897524 48749081771 3899927347 814864828
0 0 1 0 0 0 0 0 49285952683 536870912 1 0 10185810344 48212210859 1 1 1073741824 2639897524 48749081771 3899927347 814864828
1252493532 -274819372 1 0 1 0 0 32768 28203784795 0 1 -536870912 48212210859 27130042971 0 0 1073741824 1527312904 28203784795 2256303250 3856976872
0 0 1 0 0 0 0 32768 28203784795 0 1 -536870912 48212210859 27130042971 0 0 1073741824 1527312904 28203784795 2256303250 3856976872
291869043 293629183 1 0 1 0 0 -17376 -569374147 -536870912 0 -536870912 27130042971 0 0 0 -569374147 -1760140 -32503235 -2600259 2170403440
0 0 1 0 0 0 0 -17376 -569374147 -536870912 0 -536870912 27130042971 0 0 0 -569374147 -1760140 -32503235 -2600259 2170403440
1622533286 -534239078 1 0 1 0 0 32768 39290687309 -536870912 1 536870912 0 38216945485 0 0 1073741824 2156772364 39827558221 3186205316 0
0 0 1 0 0 0 0 32768 39290687309 -536870912 1 536870912 0 38216945485 0 0 1073741824 2156772364 39827558221 3186205316 0
862580221 1853822457 1 0 1 0 0 -32768 -17767683859 536870912 1 0 38216945485 -16693942035 0 1 -1073741824 -991242236 -18304554771 -1464364684 3057355642
0 0 1 0 0 0 0 -32768 -17767683859 536870912 1 0 38216945485 -16693942035 0 1 -1073741824 -991242236 -18304554771 -1464364684 3057355642
-815303560 -1490439376 0 0 1 0 0 0 12467245717 0 1 0 -16693942035 11393503893 1 1 1073741824 675135816 12467245717 997379863 -1335515364
0 0 1 0 0 0 0 0 12467245717 0 1 0 -16693942035 11393503893 1 1 1073741824 675135816 12467245717 997379863 -1335515364
-1996620095 206825257 1 0 1 0 0 -32768 -40689434596 0 1 -536870912 11393503893 -39615692772 0 0 -1073741824 -2203445352 -40689434596 -3255155440 911480312
0 0 1 0 0 0 0 -32768 -40689434596 0 1 -536870912 11393503893 -39615692772 0 0 -1073741824 -2203445352 -40689434596 -3255155440 911480312
-1027629962 1147342471 1 0 1 0 0 -32768 -40700516668 -536870912 1 -536870912 -39615692772 -39626774844 0 0 -1073741824 -2174972433 -40163645756 -3213092324 -3169255425
0 0 1 0 0 0 0 -32768 -40700516668 -536870912 1 -536870912 -39615692772 -39626774844 0 0 -1073741824 -2174972433 -40163645756 -3213092324 -3169255425
-389242534 -47099850 1 0 1 0 0 -32768 -6854972856 -536870912 1 536870912 -39626774844 -5781231032 0 0 -1073741824 -342142684 -6318101944 -505448260 -3170141990
0 0 1 0 0 0 0 -32768 -6854972856 -536870912 1 536870912 -39626774844 -5781231032 0 0 -1073741824 -342142684 -6318101944 -505448260 -3170141990
-812403903 -1301844708 1 0 1 0 0 32768 9575020919 536870912 1 0 -5781231032 8501279095 0 1 1073741824 489440805 9038150007 723052150 -462498483
0 0 1 0 0 0 0 32768 9575020919 536870912 1 0 -5781231032 8501279095 0 1 1073741824 489440805 9038150007 723052150 -462498483
769603417 1611562383 1 0 1 0 0 -32768 -15547848395 0 1 0 8501279095 -14474106571 0 1 -1073741824 -841958966 -15547848395 -1243828129 680102328
0 0 1 0 0 0 0 -32768 -15547848395 0 1 0 8501279095 -14474106571 0 1 -1073741824 -841958966 -15547848395 -1243828129 680102328
-850344848 1115783784 1 0 1 0 0 -32768 -36307078052 0 1 -536870912 -14474106571 -35233336228 0 0 -1073741824 -1966128632 -36307078052 -2904566844 -1157928527
0 0 1 0 0 0 0 -32768 -36307078052 0 1 -536870912 -14474106571 -35233336228 0 0 -1073741824 -1966128632 -36307078052 -2904566844 -1157928527
57720519 -502366237 1 0 1 0 0 32768 9805846871 -536870912 1 536870912 -35233336228 8732105047 0 0 1073741824 560086756 10342717783 827417594 -2818666901
0 0 1 0 0 0 0 32768 9805846871 -536870912 1 536870912 -35233336228 8732105047 0 0 1073741824 560086756 10342717783 827417594 -2818666901
-1156056706 743028796 1 0 1 0 0 -32768 -34532170058 536870912 1 -536870912 8732105047 -33458428234 0 0 -1073741824 -1899085502 -35069040970 -2805523857 698568404
0 0 1 0 0 0 0 -32768 -34532170058 536870912 1 -536870912 8732105047 -33458428234 0 0 -1073741824 -1899085502 -35069040970 -2805523857 698568404
-1499719630 1140720235 1 0 1 0 0 -32768 -49295967702 -536870912 1 -536870912 -33458428234 -48222225878 0 0 -1073741824 -2640439865 -48759096790 -3900728549 -2676674261
0 0 1 0 0 0 0 -32768 -49295967702 -536870912 1 -536870912 -33458428234 -48222225878 0 0 -1073741824 -2640439865 -48759096790 -3900728549 -2676674261
1484146680 1466408763 1 0 1 0 0 -6388 -209317604 -536870912 0 536870912 -48222225878 0 0 0 -209317604 17737917 327553308 26204270 -3857778074
0 0 1 0 0 0 0 -6388 -209317604 -536870912 0 536870912 -48222225878 0 0 0 -209317604 17737917 327553308 26204270 -3857778074
-1007784356 1199080575 1 0 1 0 0 -32768 -40215710580 536870912 1 -536870912 0 -39141968756 0 0 -1073741824 -2206864931 -40752581492 -3260207193 0
0 0 1 0 0 0 0 -32768 -40215710580 536870912 1 -536870912 0 -39141968756 0 0 -1073741824 -2206864931 -40752581492 -3260207193 0
47170251 -1846529880 1 0 1 0 0 32768 34432722300 -536870912 1 536870912 -39141968756 33358980476 0 0 1073741824 1893700131 34969593212 2797568035 -3131357503
0 0 1 0 0 0 0 32768 34432722300 -536870912 1 536870912 -39141968756 33358980476 0 0 1073741824 1893700131 34969593212 2797568035 -3131357503
-1312888938 -72947952 1 0 1 0 0 -32768 -22360224134 536870912 1 -536870912 33358980476 -21286482310 0 0 -1073741824 -1239940986 -22897095046 -1831767982 2668718441
0 0 1 0 0 0 0 -32768 -22360224134 536870912 1 -536870912 33358980476 -21286482310 0 0 -1073741824 -1239940986 -22897095046 -1831767982 2668718441
-13090776 1337677020 1 0 1 0 0 -32768 -25480524649 -536870912 1 -536870912 -21286482310 -24406782825 0 0 -1073741824 -1350767796 -24943653737 -1995492711 -1702918586
0 0 1 0 0 0 0 -32768 -25480524649 -536870912 1 -536870912 -21286482310 -24406782825 0 0 -1073741824 -1350767796 -24943653737 -1995492711 -1702918586
1373991908 -1117864701 1 0 1 0 0 32768 45478446156 -536870912 1 536870912 -24406782825 44404704332 0 0 1073741824 2491856609 46015317068 3681226126 -1952542628
0 0 1 0 0 0 0 32768 45478446156 -536870912 1 536870912 -24406782825 44404704332 0 0 1073741824 2491856609 46015317068 3681226126 -1952542628
-1414235124 453779012 1 0 1 0 0 -32768 -33958397574 536870912 1 -536870912 44404704332 -32884655750 0 0 -1073741824 -1868014136 -34495268486 -2759622049 3552376350
0 0 1 0 0 0 0 -32768 -33958397574 536870912 1 -536870912 44404704332 -32884655750 0 0 -1073741824 -1868014136 -34495268486 -2759622049 3552376350
1733098145 999966698 1 0 1 0 0 32768 13001338255 -536870912 1 536870912 -32884655750 11927596431 0 0 1073741824 733131447 13538209167 1083056957 -2630772462
0 0 1 0 0 0 0 32768 13001338255 -536870912 1 536870912 -32884655750 11927596431 0 0 1073741824 733131447 13538209167 1083056957 -2630772462
458724302 -868091653 1 0 1 0 0 32768 25038223293 536870912 1 536870912 11927596431 23964481469 0 0 1073741824 1326815955 24501352381 1960108595 954207715
0 0 1 0 0 0 0 32768 25038223293 536870912 1 536870912 11927596431 23964481469 0 0 1073741824 1326815955 24501352381 1960108595 954207715
1112827774 371717303 1 0 1 0 0 32768 14222422955 536870912 1 -285443217 23964481469 13148681131 0 0 1073741824 741110471 13685552043 1094844390 1917158519
0 0 1 0 0 0 0 32768 14222422955 536870912 1 -285443217 23964481469 13148681131 0 0 1073741824 741110471 13685552043 1094844390 1917158519
1001246482 -2055247457 1 0 1 0 0 32768 56156623799 -285443217 1 536870912 13148681131 55082881975 0 0 1073741824 3056493939 56442067016 4515366294 1051894491
0 0 1 0 0 0 0 32768 56156623799 -285443217 1 536870912 13148681131 55082881975 0 0 1073741824 3056493939 56442067016 4515366294 1051894491
-1379546848 1550137385 1 0 1 0 0 -32768 -53563492810 536870912 1 -536870912 55082881975 -52489750986 0 0 -1073741824 -2929684233 -54100363722 -4328029992 4406630562
0 0 1 0 0 0 0 -32768 -53563492810 536870912 1 -536870912 55082881975 -52489750986 0 0 -1073741824 -2929684233 -54100363722 -4328029992 4406630562
-904019132 2021396469 1 0 1 0 0 -32768 -54558408888 -536870912 1 -536870912 -52489750986 -53484667064 0 0 -1073741824 -2925415601 -54021537976 -4321723931 -4199180083
0 0 1 0 0 0 0 -32768 -54558408888 -536870912 1 -536870912 -52489750986 -53484667064 0 0 -1073741824 -2925415601 -54021537976 -4321723931 -4199180083
1403665437 -783020221 0 0 1 0 0 0 39843074514 -536870912 1 0 -53484667064 38769332690 1 1 1073741824 2186685658 40379945426 3230396301 -4278773369
0 0 1 0 0 0 0 0 39843074514 -536870912 1 0 -53484667064 38769332690 1 1 1073741824 2186685658 40379945426 3230396301 -4278773369
1560175455 1100888600 1 0 1 0 0 32768 8481318781 0 1 -536870912 38769332690 7407576957 0 0 1073741824 459286855 8481318781 678505643 3101546618
0 0 1 0 0 0 0 32768 8481318781 0 1 -536870912 38769332690 7407576957 0 0 1073741824 459286855 8481318781 678505643 3101546618
-837195257 1194359442 1 0 1 0 0 -32768 -38052124911 -536870912 1 -536870912 7407576957 -36978383087 0 0 -1073741824 -2031554699 -37515253999 -3001220940 592606157
0 0 1 0 0 0 0 -32768 -38052124911 -536870912 1 -536870912 7407576957 -36978383087 0 0 -1073741824 -2031554699 -37515253999 -3001220940 592606157
-530140125 1416817334 1 1 1 0 0 0 -36489928752 -536870912 1 0 -36978383087 -35416186928 1 1 -1073741824 -1946957459 -35953057840 -2876245221 -2958270650
0 0 1 0 0 0 0 0 -36489928752 -536870912 1 0 -36978383087 -35416186928 1 1 -1073741824 -1946957459 -35953057840 -2876245221 -2958270650
1716849848 -1716089265 1 0 1 0 0 32768 63393608279 0 1 536870912 -35416186928 62319866455 0 0 1073741824 3432939113 63393608279 5071489710 -2833294957
0 0 1 0 0 0 0 32768 63393608279 0 1 536870912 -35416186928 62319866455 0 0 1073741824 3432939113 63393608279 5071489710 -2833294957
870843621 -1115607358 1 0 1 0 0 32768 37219227075 536870912 1 -536870912 62319866455 36145485251 0 0 1073741824 1986450979 36682356163 2934589099 4985589321
0 0 1 0 0 0 0 32768 37219227075 536870912 1 -536870912 62319866455 36145485251 0 0 1073741824 1986450979 36682356163 2934589099 4985589321
505662334 747936408 1 0 1 0 0 -32768 -5010771333 -536870912 1 0 36145485251 -3937029509 0 1 -1073741824 -242274074 -4473900421 -357912108 2891638823
0 0 1 0 0 0 0 -32768 -5010771333 -536870912 1 0 36145485251 -3937029509 0 1 -1073741824 -242274074 -4473900421 -357912108 2891638823
-467202810 1665517322 1 0 1 0 0 -32768 -39383403016 0 1 -536870912 -3937029509 -38309661192 0 0 -1073741824 -2132720132 -39383403016 -3150672892 -314962361
0 0 1 0 0 0 0 -32768 -39383403016 0 1 -536870912 -3937029509 -38309661192 0 0 -1073741824 -2132720132 -39383403016 -3150672892 -314962361
-529085431 -696658138 1 0 1 0 0 32768 2557573293 -536870912 1 0 -38309661192 1483831469 0 1 1073741824 167572707 3094444205 247555588 -3064772898
0 0 1 0 0 0 0 32768 2557573293 -536870912 1 0 -38309661192 1483831469 0 1 1073741824 167572707 3094444205 247555588 -3064772898
-223934072 -1780387679 1 0 1 0 0 32768 28741905120 0 1 0 1483831469 27668163296 0 1 1073741824 1556453607 28741905120 2299352885 118706518
0 0 1 0 0 0 0 32768 28741905120 0 1 0 1483831469 27668163296 0 1 1073741824 1556453607 28741905120 2299352885 118706518
2048512244 -1138960235 1 0 1 0 0 32768 58860753157 0 1 536870912 27668163296 57787011333 0 0 1073741824 3187472479 58860753157 4708861225 2213453066
0 0 1 0 0 0 0 32768 58860753157 0 1 536870912 27668163296 57787011333 0 0 1073741824 3187472479 58860753157 4708861225 2213453066
-2049334043 1552335004 1 0 1 0 0 -32768 -65972551248 536870912 1 -536870912 57787011333 -64898809424 0 0 -1073741824 -3601669047 -66509422160 -5320754872 4622960911
0 0 1 0 0 0 0 -32768 -65972551248 536870912 1 -536870912 57787011333 -64898809424 0 0 -1073741824 -3601669047 -66509422160 -5320754872 4622960911
-1992976785 1362827457 1 0 1 0 0 -32768 -62506085214 -536870912 1 -302504321 -64898809424 -61432343390 0 0 -1073741824 -3355804242 -61969214302 -4957538168 -5191904759
0 0 1 0 0 0 0 -32768 -62506085214 -536870912 1 -302504321 -64898809424 -61432343390 0 0 -1073741824 -3355804242 -61969214302 -4957538168 -5191904759
-1661649316 1577289473 1 0 1 0 0 -32768 -60113648670 -302504321 1 -172809381 -61432343390 -59039906846 0 0 -1073741824 -3238938789 -59811144349 -4784892536 -4914587476
0 0 1 0 0 0 0 -32768 -60113648670 -302504321 1 -172809381 -61432343390 -59039906846 0 0 -1073741824 -3238938789 -59811144349 -4784892536 -4914587476
-557928759 2103555787 1 0 1 0 0 -32768 -49320523103 -172809381 1 536870912 -59039906846 -48246781279 0 0 -1073741824 -2661484546 -49147713722 -3931817910 -4723192552
0 0 1 0 0 0 0 -32768 -49320523103 -172809381 1 536870912 -59039906846 -48246781279 0 0 -1073741824 -2661484546 -49147713722 -3931817910 -4723192552
952050234 -1462095342 1 0 1 0 0 32768 45117154435 536870912 1 536870912 -48246781279 44043412611 0 0 1073741824 2414145576 44580283523 3566423419 -3859742506
0 0 1 0 0 0 0 32768 45117154435 536870912 1 536870912 -48246781279 44043412611 0 0 1073741824 2414145576 44580283523 3566423419 -3859742506
-1965617935 1163694934 1 0 1 0 0 -32768 -57249890714 536870912 1 -536870912 44043412611 -56176148890 0 0 -1073741824 -3129312869 -57786761626 -4622941885 3523473012
0 0 1 0 0 0 0 -32768 -57249890714 536870912 1 -536870912 44043412611 -56176148890 0 0 -1073741824 -3129312869 -57786761626 -4622941885 3523473012
-1032830394 -116204983 1 0 1 0 0 -32768 -17463530643 -536870912 1 536870912 -56176148890 -16389788819 0 0 -1073741824 -916625411 -16926659731 -1354133058 -4494091915
0 0 1 0 0 0 0 -32768 -17463530643 -536870912 1 536870912 -56176148890 -16389788819 0 0 -1073741824 -916625411 -16926659731 -1354133058 -4494091915
53534847 1485102761 1 0 1 0 0 -32768 -25898860273 536870912 1 0 -16389788819 -24825118449 0 1 -1073741824 -1431567914 -26435731185 -2114858932 -1311183107
0 0 1 0 0 0 0 -32768 -25898860273 536870912 1 0 -16389788819 -24825118449 0 1 -1073741824 -1431567914 -26435731185 -2114858932 -1311183107
-1623734185 221543081 1 0 1 0 0 -32768 -34075403122 0 1 -536870912 -24825118449 -33001661298 0 0 -1073741824 -1845277266 -34075403122 -2726032813 -1986009478
0 0 1 0 0 0 0 -32768 -34075403122 0 1 -536870912 -24825118449 -33001661298 0 0 -1073741824 -1845277266 -34075403122 -2726032813 -1986009478
325289008 -1376501971 1 0 1 0 0 32768 30888874534 -536870912 1 536870912 -33001661298 29815132710 0 0 1073741824 1701790979 31425745446 2514060155 -2640132906
0 0 1 0 0 0 0 32768 30888874534 -536870912 1 536870912 -33001661298 29815132710 0 0 1073741824 1701790979 31425745446 2514060155 -2640132906
952129734 -220935263 1 0 1 0 0 32768 22199015348 536870912 1 -115367794 29815132710 21125273524 0 0 1073741824 1173064997 21662144436 1732971913 2385210619
0 0 1 0 0 0 0 32768 22199015348 536870912 1 -115367794 29815132710 21125273524 0 0 1073741824 1173064997 21662144436 1732971913 2385210619
-192090486 -1144387598 1 0 1 0 0 32768 17470015487 -115367794 1 0 21125273524 16396273663 0 1 1073741824 952297112 17585383281 1406830953 1690021883
0 0 1 0 0 0 0 32768 17470015487 -115367794 1 0 21125273524 16396273663 0 1 1073741824 952297112 17585383281 1406830953 1690021883
-676683267 1935088096 0 0 1 0 0 0 -48229696261 0 1 0 16396273663 -47155954437 1 1 -1073741824 -2611771363 -48229696261 -3858376498 1311701894
0 0 1 0 0 0 0 0 -48229696261 0 1 0 16396273663 -47155954437 1 1 -1073741824 -2611771363 -48229696261 -3858376498 1311701894
-714949195 -1677984505 1 0 1 0 0 32768 17783677832 0 1 0 -47155954437 16709936008 0 1 1073741824 963035310 17783677832 1422694520 -3772476358
0 0 1 0 0 0 0 32768 17783677832 0 1 0 -47155954437 16709936008 0 1 1073741824 963035310 17783677832 1422694520 -3772476358
656855566 1328400300 1 0 1 0 0 -32768 -12400931799 0 1 0 16709936008 -11327189975 0 1 -1073741824 -671544734 -12400931799 -992074749 1336794882
0 0 1 0 0 0 0 -32768 -12400931799 0 1 0 16709936008 -11327189975 0 1 -1073741824 -671544734 -12400931799 -992074749 1336794882
1778402807 -1453039503 1 0 1 0 0 32768 59672712284 0 1 536870912 -11327189975 58598970460 0 0 1073741824 3231442310 59672712284 4773817969 -906175199
0 0 1 0 0 0 0 32768 59672712284 0 1 536870912 -11327189975 58598970460 0 0 1073741824 3231442310 59672712284 4773817969 -906175199
-1658785536 1133757889 1 0 1 0 0 -32768 -51031012514 536870912 1 -536870912 58598970460 -49957270690 0 0 -1073741824 -2792543425 -51567883426 -4125431526 4687917641
0 0 1 0 0 0 0 -32768 -51031012514 536870912 1 -536870912 58598970460 -49957270690 0 0 -1073741824 -2792543425 -51567883426 -4125431526 4687917641
1049466499 157726781 1 0 1 1 1 0 15930242692 -536870912 1 0 -49957270690 14856500868 1 1 1073741824 891739718 16467113604 1317369360 -3996581659
0 0 1 0 0 0 0 0 15930242692 -536870912 1 0 -49957270690 14856500868 1 1 1073741824 891739718 16467113604 1317369360 -3996581659
778097628 -833100288 1 0 1 0 0 32768 29752828753 0 1 536870912 14856500868 28679086929 0 0 1073741824 1611197916 29752828753 2380226792 1188520071
0 0 1 0 0 0 0 32768 29752828753 0 1 536870912 14856500868 28679086929 0 0 1073741824 1611197916 29752828753 2380226792 1188520071
-1878975336 184480423 1 0 1 0 0 -32768 -37567476932 536870912 1 -536870912 28679086929 -36493735108 0 0 -1073741824 -2063455759 -38104347844 -3048348457 2294326956
0 0 1 0 0 0 0 -32768 -37567476932 536870912 1 -536870912 28679086929 -36493735108 0 0 -1073741824 -2063455759 -38104347844 -3048348457 2294326956
1538151463 1051727363 1 0 1 0 0 32768 8445571782 -536870912 1 536870912 -36493735108 7371829958 0 0 1073741824 486424100 8982442694 718595564 -2919498811
0 0 1 0 0 0 0 32768 8445571782 -536870912 1 536870912 -36493735108 7371829958 0 0 1073741824 486424100 8982442694 718595564 -2919498811
-1660255404 -1464585608 1 0 1 0 0 -32768 -3076421952 536870912 1 -341938974 7371829958 -2002680128 0 0 -1073741824 -195669796 -3613292864 -289063489 589746397
0 0 1 0 0 0 0 -32768 -3076421952 536870912 1 -341938974 7371829958 -2002680128 0 0 -1073741824 -195669796 -3613292864 -289063489 589746397
1126216384 1432301722 1 0 1 0 0 -32768 -5994195941 -341938974 1 0 -2002680128 -4920454117 0 1 -1073741824 -306085338 -5652256967 -452180651 -160214410
0 0 1 0 0 0 0 -32768 -5994195941 -341938974 1 0 -2002680128 -4920454117 0 1 -1073741824 -306085338 -5652256967 -452180651 -160214410
1968533868 1511959026 1 1 1 0 0 0 8431237995 0 1 0 -4920454117 7357496171 1 1 1073741824 456574842 8431237995 674499179 -393636330
0 0 1 0 0 0 0 0 8431237995 0 1 0 -4920454117 7357496171 1 1 1073741824 456574842 8431237995 674499179 -393636330
158892968 1346698847 1 0 1 0 0 -32768 -21934353662 0 1 0 7357496171 -20860611838 0 1 -1073741824 -1187805879 -21934353662 -1754748655 588599694
0 0 1 0 0 0 0 -32768 -21934353662 0 1 0 7357496171 -20860611838 0 1 -1073741824 -1187805879 -21934353662 -1754748655 588599694
1712805983 566318340 1 0 1 0 0 32768 21171359627 0 1 536870912 -20860611838 20097617803 0 0 1073741824 1146487643 21171359627 1693709120 -1668848949
0 0 1 0 0 0 0 32768 21171359627 0 1 536870912 -20860611838 20097617803 0 0 1073741824 1146487643 21171359627 1693709120 -1668848949
-908418043 250509795 1 0 1 0 0 -32768 -20864212815 536870912 1 -536870912 20097617803 -19790470991 0 0 -1073741824 -1158927838 -21401083727 -1712087052 1607809426
0 0 1 0 0 0 0 -32768 -20864212815 536870912 1 -536870912 20097617803 -19790470991 0 0 -1073741824 -1158927838 -21401083727 -1712087052 1607809426
561297014 2112972185 1 0 1 0 0 -32768 -29190536104 -536870912 1 0 -19790470991 -28116794280 0 1 -1073741824 -1551675171 -28653665192 -2292293689 -1583237681
0 0 1 0 0 0 0 -32768 -29190536104 -536870912 1 0 -19790470991 -28116794280 0 1 -1073741824 -1551675171 -28653665192 -2292293689 -1583237681
570516952 -695288052 1 0 1 0 0 32768 23374707194 0 1 536870912 -28116794280 22300965370 0 0 1073741824 1265805004 23374707194 1869976962 -2249343544
0 0 1 0 0 0 0 32768 23374707194 0 1 536870912 -28116794280 22300965370 0 0 1073741824 1265805004 23374707194 1869976962 -2249343544
-1055692848 -98402487 1 0 1 0 0 -32768 -17140719094 536870912 1 -536870912 22300965370 -16066977270 0 0 -1073741824 -957290361 -17677590006 -1414207493 1784077231
0 0 1 0 0 0 0 -32768 -17140719094 536870912 1 -536870912 22300965370 -16066977270 0 0 -1073741824 -957290361 -17677590006 -1414207493 1784077231
1924214595 1833970194 1 0 1 0 0 32768 1129607292 -536870912 1 536870912 -16066977270 55865468 0 0 1073741824 90244401 1666478204 133318284 -1285358183
0 0 1 0 0 0 0 32768 1129607292 -536870912 1 536870912 -16066977270 55865468 0 0 1073741824 90244401 1666478204 133318284 -1285358183
162138178 -927518722 1 0 1 0 0 32768 20658778235 536870912 1 536870912 55865468 19585036411 0 0 1073741824 1089656900 20121907323 1609752918 4469237
0 0 1 0 0 0 0 32768 20658778235 536870912 1 536870912 55865468 19585036411 0 0 1073741824 1089656900 20121907323 1609752918 4469237
1513883714 -1263572861 1 0 1 0 0 32768 51826156370 536870912 1 536870912 19585036411 50752414546 0 0 1073741824 2777456575 51289285458 4103143684 1566802914
0 0 1 0 0 0 0 32768 51826156370 536870912 1 536870912 19585036411 50752414546 0 0 1073741824 2777456575 51289285458 4103143684 1566802914
-1539599567 402009716 1 0 1 0 0 -32768 -35317426023 536870912 1 -536870912 50752414546 -34243684199 0 0 -1073741824 -1941609283 -35854296935 -2868344347 4060193167
0 0 1 0 0 0 0 -32768 -35317426023 536870912 1 -536870912 50752414546 -34243684199 0 0 -1073741824 -1941609283 -35854296935 -2868344347 4060193167
-1409148408 655720551 1 0 1 0 0 -32768 -38667315300 -536870912 1 -536870912 -34243684199 -37593573476 0 0 -1073741824 -2064868959 -38130444388 -3050436181 -2739494738
0 0 1 0 0 0 0 -32768 -38667315300 -536870912 1 -536870912 -34243684199 -37593573476 0 0 -1073741824 -2064868959 -38130444388 -3050436181 -2739494738
-608295815 1418123251 0 0 1 0 0 0 -37957288884 -536870912 1 0 -37593573476 -36883547060 1 1 -1073741824 -2026419066 -37420417972 -2993634056 -3007485881
0 0 1 0 0 0 0 0 -37957288884 -536870912 1 0 -37593573476 -36883547060 1 1 -1073741824 -2026419066 -37420417972 -2993634056 -3007485881
-1766852774 2032955523 1 0 1 0 0 -32768 -70168316649 0 1 -536870912 -36883547060 -69094574825 0 0 -1073741824 -3799808297 -70168316649 -5613466491 -2950683768
0 0 1 0 0 0 0 -32768 -70168316649 0 1 -536870912 -36883547060 -69094574825 0 0 -1073741824 -3799808297 -70168316649 -5613466491 -2950683768
1113733574 1633319037 1 0 1 0 0 -32768 -10131680556 -536870912 1 0 -69094574825 -9057938732 0 1 -1073741824 -519585463 -9594809644 -767584930 -5527565991
0 0 1 0 0 0 0 -32768 -10131680556 -536870912 1 0 -69094574825 -9057938732 0 1 -1073741824 -519585463 -9594809644 -767584930 -5527565991
-2103417870 -1102879345 1 0 1 0 0 -32768 -18476222629 0 1 -536870912 -9057938732 -17402480805 0 0 -1073741824 -1000538525 -18476222629 -1478098116 -724635099
0 0 1 0 0 0 0 -32768 -18476222629 0 1 -536870912 -9057938732 -17402480805 0 0 -1073741824 -1000538525 -18476222629 -1478098116 -724635099
1336018978 1532857572 1 0 1 0 0 -32768 -4171747125 -536870912 1 0 -17402480805 -3098005301 0 1 -1073741824 -196838594 -3634876213 -290790157 -1392198466
0 0 1 0 0 0 0 -32768 -4171747125 -536870912 1 0 -17402480805 -3098005301 0 1 -1073741824 -196838594 -3634876213 -290790157 -1392198466
-321416851 1330983549 1 0 1 0 0 -32768 -30513685280 0 1 -536870912 -3098005301 -29439943456 0 0 -1073741824 -1652400400 -30513685280 -2441095327 -247840424
0 0 1 0 0 0 0 -32768 -30513685280 0 1 -536870912 -3098005301 -29439943456 0 0 -1073741824 -1652400400 -30513685280 -2441095327 -247840424
-7849248 -788933840 1 0 1 0 0 32768 13886854365 -536870912 1 0 -29439943456 12813112541 0 1 1073741824 781084592 14423725277 1153898261 -2355195479
0 0 1 0 0 0 0 32768 13886854365 -536870912 1 0 -29439943456 12813112541 0 1 1073741824 781084592 14423725277 1153898261 -2355195479
-1090455835 342724846 1 0 1 0 0 -32768 -26465512989 0 1 -536870912 12813112541 -25391771165 0 0 -1073741824 -1433180681 -26465512989 -2117241476 1025049004
0 0 1 0 0 0 0 -32768 -26465512989 0 1 -536870912 12813112541 -25391771165 0 0 -1073741824 -1433180681 -26465512989 -2117241476 1025049004
-583428808 1017535114 1 0 1 0 0 -32768 -30100715886 -536870912 1 -536870912 -25391771165 -29026974062 0 0 -1073741824 -1600963922 -29563844974 -2365108086 -2031341695
0 0 1 0 0 0 0 -32768 -30100715886 -536870912 1 -536870912 -25391771165 -29026974062 0 0 -1073741824 -1600963922 -29563844974 -2365108086 -2031341695
-725698591 -1600633452 1 0 1 0 0 32768 15619919530 -536870912 1 0 -29026974062 14546177706 0 1 1073741824 874934861 16156790442 1292543502 -2322157927
0 0 1 0 0 0 0 32768 15619919530 -536870912 1 0 -29026974062 14546177706 0 1 1073741824 874934861 16156790442 1292543502 -2322157927
-667507050 1854820795 1 0 1 0 0 -32768 -46578007385 0 1 -536870912 14546177706 -45504265561 0 0 -1073741824 -2522327845 -46578007385 -3726241361 1163694218
0 0 1 0 0 0 0 -32768 -46578007385 0 1 -536870912 14546177706 -45504265561 0 0 -1073741824 -2522327845 -46578007385 -3726241361 1163694218
962457122 360275866 1 0 1 0 0 32768 10583175614 -536870912 1 536870912 -45504265561 9509433790 0 0 1073741824 602181256 11120046526 889603906 -3640341248
0 0 1 0 0 0 0 32768 10583175614 -536870912 1 536870912 -45504265561 9509433790 0 0 1073741824 602181256 11120046526 889603906 -3640341248
409597648 -1668669645 1 0 1 0 0 32768 38914732661 536870912 1 536870912 9509433790 37840990837 0 0 1073741824 2078267293 38377861749 3070229574 760754704
0 0 1 0 0 0 0 32768 38914732661 536870912 1 536870912 9509433790 37840990837 0 0 1073741824 2078267293 38377861749 3070229574 760754704
-533904379 -1541642771 1 0 1 0 0 32768 19146048287 536870912 1 0 37840990837 18072306463 0 1 1073741824 1007738392 18609177375 1488734498 3027279270
0 0 1 0 0 0 0 32768 19146048287 536870912 1 0 37840990837 18072306463 0 1 1073741824 1007738392 18609177375 1488734498 3027279270
1699101692 -795892264 1 0 1 0 0 32768 46073252190 0 1 536870912 18072306463 44999510366 0 0 1073741824 2494993956 46073252190 3685860937 1445784518
0 0 1 0 0 0 0 32768 46073252190 0 1 536870912 18072306463 44999510366 0 0 1073741824 2494993956 46073252190 3685860937 1445784518
-1750482149 -1695664110 1 0 1 0 0 -14508 -475414240 536870912 0 -536870912 44999510366 0 0 0 -475414240 -54818039 -1012285152 -80982829 3599960833
0 0 1 0 0 0 0 -14508 -475414240 536870912 0 -536870912 44999510366 0 0 0 -475414240 -54818039 -1012285152 -80982829 3599960833
-92322507 2129880675 1 0 1 0 0 -32768 -41572692813 -536870912 1 -536870912 0 -40498950989 0 0 -1073741824 -2222203182 -41035821901 -3282866430 0
0 0 1 0 0 0 0 -32768 -41572692813 -536870912 1 -536870912 0 -40498950989 0 0 -1073741824 -2222203182 -41035821901 -3282866430 0
1465666478 1784023547 1 0 1 0 0 -32768 -6415741076 -536870912 1 0 -40498950989 -5341999252 0 1 -1073741824 -318357069 -5878870164 -470309710 -3239916082
0 0 1 0 0 0 0 -32768 -6415741076 -536870912 1 0 -40498950989 -5341999252 0 1 -1073741824 -318357069 -5878870164 -470309710 -3239916082
-638687855 -1139205018 1 0 1 0 0 32768 9242689114 0 1 0 -5341999252 8168947290 0 1 1073741824 500517163 9242689114 739415282 -427359941
0 0 1 0 0 0 0 32768 9242689114 0 1 0 -5341999252 8168947290 0 1 1073741824 500517163 9242689114 739415282 -427359941
515089099 1071629607 1 1 1 0 0 0 -10277231781 0 1 0 8168947290 -9203489957 1 1 -1073741824 -556540508 -10277231781 -822178712 653515784
0 0 1 0 0 0 0 0 -10277231781 0 1 0 8168947290 -9203489957 1 1 -1073741824 -556540508 -10277231781 -822178712 653515784
-2090592458 2011962049 1 0 1 0 0 -32768 -75758912349 0 1 -536870912 -9203489957 -74685170525 0 0 -1073741824 -4102554507 -75758912349 -6060714240 -736279197
0 0 1 0 0 0 0 -32768 -75758912349 0 1 -536870912 -9203489957 -74685170525 0 0 -1073741824 -4102554507 -75758912349 -6060714240 -736279197
1805056047 919563525 1 0 1 0 0 32768 15814880234 -536870912 1 536870912 -74685170525 14741138410 0 0 1073741824 885492522 16351751146 1308140362 -5974813648
0 0 1 0 0 0 0 32768 15814880234 -536870912 1 536870912 -74685170525 14741138410 0 0 1073741824 885492522 16351751146 1308140362 -5974813648
-972200787 -1219286141 1 0 1 0 0 32768 5099617768 536870912 1 0 14741138410 4025875944 0 1 1073741824 247085354 4562746856 365019824 1179291074
0 0 1 0 0 0 0 32768 5099617768 536870912 1 0 14741138410 4025875944 0 1 1073741824 247085354 4562746856 365019824 1179291074
1058170054 -1332306072 0 0 1 0 0 0 44143196877 0 1 0 4025875944 43069455053 1 1 1073741824 2390476126 44143196877 3531456480 322070076
0 0 1 0 0 0 0 0 44143196877 0 1 0 4025875944 43069455053 1 1 1073741824 2390476126 44143196877 3531456480 322070076
-330880490 -1200259652 1 0 1 0 0 32768 16054197359 0 1 0 43069455053 14980455535 0 1 1073741824 869379162 16054197359 1284336054 3445556407
0 0 1 0 0 0 0 32768 16054197359 0 1 0 43069455053 14980455535 0 1 1073741824 869379162 16054197359 1284336054 3445556407
778187543 620655038 1 0 1 0 0 32768 2909039043 0 1 -536870912 14980455535 1835297219 0 0 1073741824 157532505 2909039043 232723172 1198436444
0 0 1 0 0 0 0 32768 2909039043 0 1 -536870912 14980455535 1835297219 0 0 1073741824 157532505 2909039043 232723172 1198436444
1770549124 1181791793 1 0 1 0 0 32768 10335285682 -536870912 1 186078017 1835297219 9261543858 0 0 1073741824 588757331 10872156594 869772707 146823778
0 0 1 0 0 0 0 32768 10335285682 -536870912 1 186078017 1835297219 9261543858 0 0 1073741824 588757331 10872156594 869772707 146823778
904194240 2136966852 1 0 1 0 0 -32768 -22578643841 186078017 1 0 9261543858 -21504902017 0 1 -1073741824 -1232772612 -22764721858 -1821178125 740923509
0 0 1 0 0 0 0 -32768 -22578643841 186078017 1 0 9261543858 -21504902017 0 1 -1073741824 -1232772612 -22764721858 -1821178125 740923509
-1428605877 -1197058221 1 0 1 0 0 -32768 -4275823404 0 1 536870912 -21504902017 -3202081580 0 0 -1073741824 -231547656 -4275823404 -342065943 -1720392163
0 0 1 0 0 0 0 -32768 -4275823404 0 1 536870912 -21504902017 -3202081580 0 0 -1073741824 -231547656 -4275823404 -342065943 -1720392163
33687847 -282122040 1 0 1 0 0 32768 6368704105 536870912 1 536870912 -3202081580 5294962281 0 0 1073741824 315809887 5831833193 466546752 -256166527
0 0 1 0 0 0 0 32768 6368704105 536870912 1 536870912 -3202081580 5294962281 0 0 1073741824 315809887 5831833193 466546752 -256166527
-645380528 1420065230 1 0 1 0 0 -32768 -37604224806 536870912 1 -536870912 5294962281 -36530482982 0 0 -1073741824 -2065445758 -38141095718 -3051288288 423596983
0 0 1 0 0 0 0 -32768 -37604224806 536870912 1 -536870912 5294962281 -36530482982 0 0 -1073741824 -2065445758 -38141095718 -3051288288 423596983
-1797564287 -1645459046 1 0 1 0 0 -32768 -3345688589 -536870912 1 536870912 -36530482982 -2271946765 0 0 -1073741824 -152105241 -2808817677 -224705461 -2922438641
0 0 1 0 0 0 0 -32768 -3345688589 -536870912 1 536870912 -36530482982 -2271946765 0 0 -1073741824 -152105241 -2808817677 -224705461 -2922438641
-533535951 -1939394845 1 0 1 0 0 32768 26497852184 536870912 1 0 -2271946765 25424110360 0 1 1073741824 1405858894 25960981272 2076878931 -181755741
0 0 1 0 0 0 0 32768 26497852184 536870912 1 0 -2271946765 25424110360 0 1 1073741824 1405858894 25960981272 2076878931 -181755741
632575370 -598980066 1 0 1 0 0 32768 22742245147 0 1 -214548843 25424110360 21668503323 0 0 1073741824 1231555436 22742245147 1819379988 2033928831
0 0 1 0 0 0 0 32768 22742245147 0 1 -214548843 25424110360 21668503323 0 0 1073741824 1231555436 22742245147 1819379988 2033928831
2105454871 -1848927000 1 0 1 0 0 32768 72808166406 -214548843 1 536870912 21668503323 71734424582 0 0 1073741824 3954381871 73022715249 5841818427 1733480267
0 0 1 0 0 0 0 32768 72808166406 -214548843 1 536870912 21668503323 71734424582 0 0 1073741824 3954381871 73022715249 5841818427 1733480267
-2110738162 1645943190 1 0 1 0 0 -32768 -68835051578 536870912 1 -536870912 71734424582 -67761309754 0 0 -1073741824 -3756681352 -69371922490 -5549754946 5738753972
0 0 1 0 0 0 0 -32768 -68835051578 536870912 1 -536870912 71734424582 -67761309754 0 0 -1073741824 -3756681352 -69371922490 -5549754946 5738753972
-1253969383 -410977027 1 0 1 0 0 -32768 -16103802174 -536870912 1 536870912 -67761309754 -15030060350 0 0 -1073741824 -842992356 -15566931262 -1245354758 -5420904785
0 0 1 0 0 0 0 -32768 -16103802174 -536870912 1 536870912 -67761309754 -15030060350 0 0 -1073741824 -842992356 -15566931262 -1245354758 -5420904785
1507988451 767045305 1 0 1 0 0 32768 14219333085 536870912 1 536870912 -15030060350 13145591261 0 0 1073741824 740943146 13682462173 1094597200 -1202404829
0 0 1 0 0 0 0 32768 14219333085 536870912 1 536870912 -15030060350 13145591261 0 0 1073741824 740943146 13682462173 1094597200 -1202404829
-2063908711 -132538181 1 0 1 0 0 -32768 -35128354363 536870912 1 -536870912 13145591261 -34054612539 0 0 -1073741824 -1931370530 -35665225275 -2853218611 1051647302
0 0 1 0 0 0 0 -32768 -35128354363 536870912 1 -536870912 13145591261 -34054612539 0 0 -1073741824 -1931370530 -35665225275 -2853218611 1051647302
1136884391 1749723216 1 0 1 0 0 -32768 -11853723070 -536870912 1 0 -34054612539 -10779981246 0 1 -1073741824 -612838825 -11316852158 -905348360 -2724369006
0 0 1 0 0 0 0 -32768 -11853723070 -536870912 1 0 -34054612539 -10779981246 0 1 -1073741824 -612838825 -11316852158 -905348360 -2724369006
-1812508228 1424080321 1 0 1 0 0 -32768 -59767744164 0 1 -536870912 -10779981246 -58694002340 0 0 -1073741824 -3236588549 -59767744164 -4781420521 -862398500
0 0 1 0 0 0 0 -32768 -59767744164 0 1 -536870912 -10779981246 -58694002340 0 0 -1073741824 -3236588549 -59767744164 -4781420521 -862398500
-361875179 -517995906 1 0 1 0 0 32768 2346097846 -536870912 1 0 -58694002340 1272356022 0 1 1073741824 156120727 2882968758 230637548 -4695520192
0 0 1 0 0 0 0 32768 2346097846 -536870912 1 0 -58694002340 1272356022 0 1 1073741824 156120727 2882968758 230637548 -4695520192
1702201273 -2082260115 1 0 1 0 0 32768 69884916359 0 1 536870912 1272356022 68811174535 0 0 1073741824 3784461388 69884916359 5590794464 101788482
0 0 1 0 0 0 0 32768 69884916359 0 1 536870912 1272356022 68811174535 0 0 1073741824 3784461388 69884916359 5590794464 101788482
-663921265 2052160222 1 0 1 0 0 -32768 -49619045104 536870912 1 -536870912 68811174535 -48545303280 0 0 -1073741824 -2716081487 -50155916016 -4012474110 5504893968
0 0 1 0 0 0 0 -32768 -49619045104 536870912 1 -536870912 68811174535 -48545303280 0 0 -1073741824 -2716081487 -50155916016 -4012474110 5504893968
1503120962 -1366876692 1 0 1 0 0 32768 52461303845 -536870912 1 536870912 -48545303280 51387562021 0 0 1073741824 2869997654 52998174757 4239854856 -3883624266
0 0 1 0 0 0 0 32768 52461303845 -536870912 1 536870912 -48545303280 51387562021 0 0 1073741824 2869997654 52998174757 4239854856 -3883624266
-468603144 1769417271 1 0 1 0 0 -32768 -40791036412 536870912 1 -536870912 51387562021 -39717294588 0 0 -1073741824 -2238020415 -41327907324 -3306233269 4111004966
0 0 1 0 0 0 0 -32768 -40791036412 536870912 1 -536870912 51387562021 -39717294588 0 0 -1073741824 -2238020415 -41327907324 -3306233269 4111004966
-1393386664 -1374845241 0 0 1 0 0 0 -879261985 -536870912 0 0 -39717294588 0 1 1 -879261985 -18541423 -342391073 -27391292 -3177383570
0 0 1 0 0 0 0 0 -879261985 -536870912 0 0 -39717294588 0 1 1 -879261985 -18541423 -342391073 -27391292 -3177383570
-136048388 1033114521 1 0 1 0 0 -32768 -21590087394 0 1 -536870912 0 -20516345570 0 0 -1073741824 -1169162909 -21590087394 -1727207348 0
0 0 1 0 0 0 0 -32768 -21590087394 0 1 -536870912 0 -20516345570 0 0 -1073741824 -1169162909 -21590087394 -1727207348 0
492882474 -1018511280 1 0 1 0 0 32768 27372946432 -536870912 1 536870912 -20516345570 26299204608 0 0 1073741824 1511393754 27909817344 2232785849 -1641307647
0 0 1 0 0 0 0 32768 27372946432 -536870912 1 536870912 -20516345570 26299204608 0 0 1073741824 1511393754 27909817344 2232785849 -1641307647
2103793806 -1039690700 1 0 1 1 0 0 58585329928 536870912 1 0 26299204608 57511588104 1 1 1073741824 3143484506 58048459016 4643877681 2103936371
0 0 1 0 0 0 0 0 58585329928 536870912 1 0 26299204608 57511588104 1 1 1073741824 3143484506 58048459016 4643877681 2103936371
-1284393726 -1483551955 1 1 1 0 0 0 3677711238 0 1 0 57511588104 2603969414 1 1 1073741824 199158229 3677711238 294216960 4600927053
0 0 1 0 0 0 0 0 3677711238 0 1 0 57511588104 2603969414 1 1 1073741824 199158229 3677711238 294216960 4600927053
1334752786 -754279548 1 0 1 0 0 32768 38576651990 0 1 536870912 2603969414 37502910166 0 0 1073741824 2089032334 38576651990 3086132797 208317553
0 0 1 0 0 0 0 32768 38576651990 0 1 536870912 2603969414 37502910166 0 0 1073741824 2089032334 38576651990 3086132797 208317553
-244302462 1485586126 1 0 1 0 0 -32768 -31407732795 536870912 1 -536870912 37502910166 -30333990971 0 0 -1073741824 -1729888588 -31944603707 -2555568824 3000232816
0 0 1 0 0 0 0 -32768 -31407732795 536870912 1 -536870912 37502910166 -30333990971 0 0 -1073741824 -1729888588 -31944603707 -2555568824 3000232816
1376506626 -103415944 1 0 1 0 1 0 26791790797 -536870912 1 0 -30333990971 25718048973 1 1 1073741824 1479922570 27328661709 2186293388 -2426719280
0 0 1 0 0 0 0 0 26791790797 -536870912 1 0 -30333990971 25718048973 1 1 1073741824 1479922570 27328661709 2186293388 -2426719280
-139746677 -836002642 1 0 1 0 0 32768 12857256262 0 1 0 25718048973 11783514438 0 1 1073741824 696255965 12857256262 1028580713 2057443920
0 0 1 0 0 0 0 32768 12857256262 0 1 0 25718048973 11783514438 0 1 1073741824 696255965 12857256262 1028580713 2057443920
-2084227739 1831528076 1 0 1 0 0 -32768 -72309435758 0 1 -536870912 11783514438 -71235693934 0 0 -1073741824 -3915755815 -72309435758 -5784756056 942681156
0 0 1 0 0 0 0 -32768 -72309435758 0 1 -536870912 11783514438 -71235693934 0 0 -1073741824 -3915755815 -72309435758 -5784756056 942681156
-1950889598 -2056297385 1 0 1 0 0 32768 1409618594 -536870912 1 0 -71235693934 335876770 0 1 1073741824 105407787 1946489506 155719193 -5698855520
0 0 1 0 0 0 0 32768 1409618594 -536870912 1 0 -71235693934 335876770 0 1 1073741824 105407787 1946489506 155719193 -5698855520
389687965 -714049546 1 0 1 0 0 32768 20381923801 0 1 536870912 335876770 19308181977 0 0 1073741824 1103737511 20381923801 1630554241 26870142
0 0 1 0 0 0 0 32768 20381923801 0 1 536870912 335876770 19308181977 0 0 1073741824 1103737511 20381923801 1630554241 26870142
-1353802135 1053023478 1 0 1 0 0 -32768 -43908240139 536870912 1 -536870912 19308181977 -42834498315 0 0 -1073741824 -2406825613 -44445111051 -3555609619 1544654560
0 0 1 0 0 0 0 -32768 -43908240139 536870912 1 -536870912 19308181977 -42834498315 0 0 -1073741824 -2406825613 -44445111051 -3555609619 1544654560
-1829362403 1201784076 1 0 1 0 0 -32768 -56510864683 -536870912 1 -536870912 -42834498315 -55437122859 0 0 -1073741824 -3031146479 -55973993771 -4477920427 -3426759868
0 0 1 0 0 0 0 -32768 -56510864683 -536870912 1 -536870912 -42834498315 -55437122859 0 0 -1073741824 -3031146479 -55973993771 -4477920427 -3426759868
1333497921 210386262 1 0 1 0 0 32768 20202821294 -536870912 1 536870912 -55437122859 19129079470 0 0 1073741824 1123111659 20739692206 1659175719 -4434969833
0 0 1 0 0 0 0 32768 20202821294 -536870912 1 536870912 -55437122859 19129079470 0 0 1073741824 1123111659 20739692206 1659175719 -4434969833
1378154280 -2042732030 1 0 1 0 0 32768 63707908779 536870912 1 536870912 19129079470 62634166955 0 0 1073741824 3420886310 63171037867 5053684073 1530326359
0 0 1 0 0 0 0 32768 63707908779 536870912 1 536870912 19129079470 62634166955 0 0 1073741824 3420886310 63171037867 5053684073 1530326359
2018686032 -2140975292 1 0 1 0 0 32768 77350333624 536870912 1 536870912 62634166955 76276591800 0 0 1073741824 4159661324 76813462712 6145078286 5010733361
0 0 1 0 0 0 0 32768 77350333624 536870912 1 536870912 62634166955 76276591800 0 0 1073741824 4159661324 76813462712 6145078286 5010733361
1760639450 534349560 1 0 1 0 0 32768 23181881023 536870912 1 -536870912 76276591800 22108139199 0 0 1073741824 1226289890 22645010111 1811601183 6102127350
0 0 1 0 0 0 0 32768 23181881023 536870912 1 -536870912 76276591800 22108139199 0 0 1073741824 1226289890 22645010111 1811601183 6102127350
446926285 2121854903 1 0 1 0 0 -32768 -31466568530 -536870912 1 0 22108139199 -30392826706 0 1 -1073741824 -1674928618 -30929697618 -2474376321 1768651138
0 0 1 0 0 0 0 -32768 -31466568530 -536870912 1 0 22108139199 -30392826706 0 1 -1073741824 -1674928618 -30929697618 -2474376321 1768651138
-1190055490 468454894 1 0 1 0 0 -32768 -30626513943 0 1 -18695483 -30392826706 -29552772119 0 0 -1073741824 -1658510384 -30626513943 -2450121622 -2431426139
0 0 1 0 0 0 0 -32768 -30626513943 0 1 -18695483 -30392826706 -29552772119 0 0 -1073741824 -1658510384 -30626513943 -2450121622 -2431426139
-1183933888 443868896 1 0 1 0 0 -32768 -30078154346 -18695483 1 -59230917 -29552772119 -29004412522 0 0 -1073741824 -1627802784 -30059458863 -2404757206 -2364221772
0 0 1 0 0 0 0 -32768 -30078154346 -18695483 1 -59230917 -29552772119 -29004412522 0 0 -1073741824 -1627802784 -30059458863 -2404757206 -2364221772
128254927 -1510895770 1 0 1 0 0 32768 30209781663 -59230917 1 536870912 -29004412522 29136039839 0 0 1073741824 1639150697 30269012580 2421521507 -2320353004
0 0 1 0 0 0 0 32768 30209781663 -59230917 1 536870912 -29004412522 29136039839 0 0 1073741824 1639150697 30269012580 2421521507 -2320353004
-1786029771 -537319353 1 0 1 0 0 -32768 -22522162903 536870912 1 -536870912 29136039839 -21448421079 0 0 -1073741824 -1248710418 -23059033815 -1844723086 2330883189
0 0 1 0 0 0 0 -32768 -22522162903 536870912 1 -536870912 29136039839 -21448421079 0 0 -1073741824 -1248710418 -23059033815 -1844723086 2330883189
2127635461 1179335057 0 0 1 0 0 0 16974708048 -536870912 1 0 -21448421079 15900966224 1 1 1073741824 948300404 17511578960 1400926606 -1715873688
0 0 1 0 0 0 0 0 16974708048 -536870912 1 0 -21448421079 15900966224 1 1 1073741824 948300404 17511578960 1400926606 -1715873688
-1302757738 2075384457 1 0 1 0 0 -32768 -62381713154 0 1 -536870912 15900966224 -61307971330 0 0 -1073741824 -3378142195 -62381713154 -4990538083 1272077299
0 0 1 0 0 0 0 -32768 -62381713154 0 1 -536870912 15900966224 -61307971330 0 0 -1073741824 -3378142195 -62381713154 -4990538083 1272077299
139234545 -2091622264 1 0 1 0 0 32768 40658751271 -536870912 1 536870912 -61307971330 39585009447 0 0 1073741824 2230856809 41195622183 3295650455 -4904637711
0 0 1 0 0 0 0 32768 40658751271 -536870912 1 536870912 -61307971330 39585009447 0 0 1073741824 2230856809 41195622183 3295650455 -4904637711
-581227931 -2109421444 1 0 1 0 0 32768 28756917277 536870912 1 0 39585009447 27683175453 0 1 1073741824 1528193513 28220046365 2257604176 3166800759
0 0 1 0 0 0 0 32768 28756917277 536870912 1 0 39585009447 27683175453 0 1 1073741824 1528193513 28220046365 2257604176 3166800759
-1275757533 -1143134780 1 0 1 0 0 -32768 -2449048636 0 1 -536870912 27683175453 -1375306812 0 0 -1073741824 -132622753 -2449048636 -195923931 2214654038
0 0 1 0 0 0 0 -32768 -2449048636 0 1 -536870912 27683175453 -1375306812 0 0 -1073741824 -132622753 -2449048636 -195923931 2214654038
140835697 849903009 1 0 1 0 0 -32768 -13630705070 -536870912 1 0 -1375306812 -12556963246 0 1 -1073741824 -709067312 -13093834158 -1047506949 -110024545
0 0 1 0 0 0 0 -32768 -13630705070 -536870912 1 0 -1375306812 -12556963246 0 1 -1073741824 -709067312 -13093834158 -1047506949 -110024545
-1830921420 -792613327 1 0 1 0 0 -32768 -19173685974 0 1 -529338134 -12556963246 -18099944150 0 0 -1073741824 -1038308093 -19173685974 -1533895195 -1004557061
0 0 1 0 0 0 0 -32768 -19173685974 0 1 -529338134 -12556963246 -18099944150 0 0 -1073741824 -1038308093 -19173685974 -1533895195 -1004557061
1828386335 -228581828 1 0 1 0 0 32768 37455207958 -529338134 1 536870912 -18099944150 36381466134 0 0 1073741824 2056968163 37984546092 3038764315 -1447995533
0 0 1 0 0 0 0 32768 37455207958 -529338134 1 536870912 -18099944150 36381466134 0 0 1073741824 2056968163 37984546092 3038764315 -1447995533
-1538341675 579516990 1 0 1 0 0 -32768 -38572096122 536870912 1 -536870912 36381466134 -37498354298 0 0 -1073741824 -2117858665 -39108967034 -3128718009 2910517293
0 0 1 0 0 0 0 -32768 -38572096122 536870912 1 -536870912 36381466134 -37498354298 0 0 -1073741824 -2117858665 -39108967034 -3128718009 2910517293
-1140463328 -1845582877 1 0 1 0 0 32768 12484062757 -536870912 1 0 -37498354298 11410320933 0 1 1073741824 705119549 13020933669 1041674909 -2999868347
0 0 1 0 0 0 0 32768 12484062757 -536870912 1 0 -37498354298 11410320933 0 1 1073741824 705119549 13020933669 1041674909 -2999868347
-1368476944 804157556 1 0 1 0 0 -32768 -40120472835 0 1 -536870912 11410320933 -39046731011 0 0 -1073741824 -2172634500 -40120472835 -3209638490 912825675
0 0 1 0 0 0 0 -32768 -40120472835 0 1 -536870912 11410320933 -39046731011 0 0 -1073741824 -2172634500 -40120472835 -3209638490 912825675
-1597391729 -1949643840 1 0 1 0 0 32768 5967914523 -536870912 1 0 -39046731011 4894172699 0 1 1073741824 352252111 6504785435 520382942 -3123738484
0 0 1 0 0 0 0 32768 5967914523 -536870912 1 0 -39046731011 4894172699 0 1 1073741824 352252111 6504785435 520382942 -3123738484
245869130 -795148122 1 1 1 0 0 0 19223714058 0 1 0 4894172699 18149972234 1 1 1073741824 1041017252 19223714058 1537897442 391533816
0 0 1 0 0 0 0 0 19223714058 0 1 0 4894172699 18149972234 1 1 1073741824 1041017252 19223714058 1537897442 391533816
-2020599744 -2015568878 1 0 1 0 0 -2835 -92901371 0 0 -536870912 18149972234 0 0 0 -92901371 -5030866 -92901371 -7432111 1451997780
0 0 1 0 0 0 0 -2835 -92901371 0 0 -536870912 18149972234 0 0 0 -92901371 -5030866 -92901371 -7432111 1451997780
987611575 1379878199 1 0 1 0 0 -32768 -7780575471 -536870912 1 0 0 -6706833647 0 1 -1073741824 -392266624 -7243704559 -579496484 0
0 0 1 0 0 0 0 -32768 -7780575471 -536870912 1 0 0 -6706833647 0 1 -1073741824 -392266624 -7243704559 -579496484 0
850238337 594031303 1 0 1 0 0 32768 4731190335 0 1 536870912 -6706833647 3657448511 0 0 1073741824 256207034 4731190335 378495305 -536546692
0 0 1 0 0 0 0 32768 4731190335 0 1 536870912 -6706833647 3657448511 0 0 1073741824 256207034 4731190335 378495305 -536546692
-960945105 1627117413 1 0 1 0 0 -32768 -47255011224 536870912 1 -536870912 3657448511 -46181269400 0 0 -1073741824 -2588062518 -47791882136 -3823351361 292595881
0 0 1 0 0 0 0 -32768 -47255011224 536870912 1 -536870912 3657448511 -46181269400 0 0 -1073741824 -2588062518 -47791882136 -3823351361 292595881
-798903593 -1409444563 1 0 1 0 0 32768 10737548417 -536870912 1 0 -46181269400 9663806593 0 1 1073741824 610540970 11274419329 901953733 -3694501555
0 0 1 0 0 0 0 32768 10737548417 -536870912 1 0 -46181269400 9663806593 0 1 1073741824 610540970 11274419329 901953733 -3694501555
710392541 -2095430499 1 0 1 0 0 32768 51813108489 0 1 536870912 9663806593 50739366665 0 0 1073741824 2805823040 51813108489 4145049535 773104528
0 0 1 0 0 0 0 32768 51813108489 0 1 536870912 9663806593 50739366665 0 0 1073741824 2805823040 51813108489 4145049535 773104528
1759769051 -821725061 1 0 1 0 0 32768 48207459036 536870912 1 291369413 50739366665 47133717212 0 0 1073741824 2581494112 47670588124 3813647838 4059149337
0 0 1 0 0 0 0 32768 48207459036 536870912 1 291369413 50739366665 47133717212 0 0 1073741824 2581494112 47670588124 3813647838 4059149337
-1610983455 -649372028 1 0 1 0 0 -32768 -17466014599 291369413 1 -536870912 47133717212 -16392272775 0 0 -1073741824 -961611427 -17757384012 -1420591014 3770697380
0 0 1 0 0 0 0 -32768 -17466014599 291369413 1 -536870912 47133717212 -16392272775 0 0 -1073741824 -961611427 -17757384012 -1420591014 3770697380
1674404660 -1818806297 1 0 1 0 0 32768 63969733999 -536870912 1 536870912 -16392272775 62895992175 0 0 1073741824 3493210957 64506604911 5160529459 -1311381823
0 0 1 0 0 0 0 32768 63969733999 -536870912 1 536870912 -16392272775 62895992175 0 0 1073741824 3493210957 64506604911 5160529459 -1311381823
-1261745724 222372928 1 0 1 0 0 -32768 -26869276814 536870912 1 -536870912 62895992175 -25795534990 0 0 -1073741824 -1484118652 -27406147726 -2192492271 5031679379
0 0 1 0 0 0 0 -32768 -26869276814 536870912 1 -536870912 62895992175 -25795534990 0 0 -1073741824 -1484118652 -27406147726 -2192492271 5031679379
-1711763005 -1083613746 0 0 1 0 0 0 -12136449802 -536870912 1 0 -25795534990 -11062707978 1 1 -1073741824 -628149259 -11599578890 -927966503 -2063642801
0 0 1 0 0 0 0 0 -12136449802 -536870912 1 0 -25795534990 -11062707978 1 1 -1073741824 -628149259 -11599578890 -927966503 -2063642801
-430136361 47628134 1 0 1 0 0 -32768 -8822532020 0 1 179213932 -11062707978 -7748790196 0 0 -1073741824 -477764495 -8822532020 -705802707 -885016639
0 0 1 0 0 0 0 -32768 -8822532020 0 1 179213932 -11062707978 -7748790196 0 0 -1073741824 -477764495 -8822532020 -705802707 -885016639
-287092246 684891053 1 0 1 0 0 -32768 -17769699953 179213932 1 -536870912 -7748790196 -16695958129 0 0 -1073741824 -971983299 -17948913885 -1435913407 -619903216
0 0 1 0 0 0 0 -32768 -17769699953 179213932 1 -536870912 -7748790196 -16695958129 0 0 -1073741824 -971983299 -17948913885 -1435913407 -619903216
1428170708 677046194 1 0 1 0 0 32768 13333603233 -536870912 1 536870912 -16695958129 12259861409 0 0 1073741824 751124514 13870474145 1109638161 -1335676652
0 0 1 0 0 0 0 32768 13333603233 -536870912 1 536870912 -16695958129 12259861409 0 0 1073741824 751124514 13870474145 1109638161 -1335676652
218384821 1572734124 1 0 1 0 0 -32768 -24472919929 536870912 1 0 12259861409 -23399178105 0 1 -1073741824 -1354349303 -25009790841 -2000783681 980788914
0 0 1 0 0 0 0 -32768 -24472919929 536870912 1 0 12259861409 -23399178105 0 1 -1073741824 -1354349303 -25009790841 -2000783681 980788914
-131362396 -806502875 1 0 1 0 0 32768 12467331826 0 1 0 -23399178105 11393590002 0 1 1073741824 675140479 12467331826 997386752 -1871934250
0 0 1 0 0 0 0 32768 12467331826 0 1 0 -23399178105 11393590002 0 1 1073741824 675140479 12467331826 997386752 -1871934250
-1582165346 -674965068 1 0 1 0 0 -32768 -16752612604 0 1 -536870912 11393590002 -15678870780 0 0 -1073741824 -907200278 -16752612604 -1340209285 911487201
0 0 1 0 0 0 0 -32768 -16752612604 0 1 -536870912 11393590002 -15678870780 0 0 -1073741824 -907200278 -16752612604 -1340209285 911487201
-398380228 111005458 1 0 1 0 0 -32768 -9943328638 -536870912 1 -35078022 -15678870780 -8869586814 0 0 -1073741824 -509385686 -9406457726 -752516774 -1254309664
0 0 1 0 0 0 0 -32768 -9943328638 -536870912 1 -35078022 -15678870780 -8869586814 0 0 -1073741824 -509385686 -9406457726 -752516774 -1254309664
-30702347 502939575 1 0 1 0 0 -32768 -9889458147 -35078022 1 -113861649 -8869586814 -8815716323 0 0 -1073741824 -533641922 -9854380125 -788350573 -709566946
0 0 1 0 0 0 0 -32768 -9889458147 -35078022 1 -113861649 -8869586814 -8815716323 0 0 -1073741824 -533641922 -9854380125 -788350573 -709566946
-1840253266 2066018368 1 0 1 0 0 -32768 -72248159884 -113861649 1 -536870912 -8815716323 -71174418060 0 0 -1073741824 -3906271634 -72134298235 -5770745051 -705257306
0 0 1 0 0 0 0 -32768 -72248159884 -113861649 1 -536870912 -8815716323 -71174418060 0 0 -1073741824 -3906271634 -72134298235 -5770745051 -705257306
-1035462979 -931382906 1 0 1 0 0 -32768 -2458842482 -536870912 1 536870912 -71174418060 -1385100658 0 0 -1073741824 -104080073 -1921971570 -153757757 -5693953450
0 0 1 0 0 0 0 -32768 -2458842482 -536870912 1 536870912 -71174418060 -1385100658 0 0 -1073741824 -104080073 -1921971570 -153757757 -5693953450
1398237508 1488112556 1 0 1 0 0 -32768 -1122786716 536870912 1 0 -1385100658 -49044892 0 1 -1073741824 -89875048 -1659657628 -132772638 -110808053
0 0 1 0 0 0 0 -32768 -1122786716 536870912 1 0 -1385100658 -49044892 0 1 -1073741824 -89875048 -1659657628 -132772638 -110808053
1177796732 215586227 1 0 1 0 0 32768 17768446753 0 1 536870912 -49044892 16694704929 0 0 1073741824 962210505 17768446753 1421476034 -3923591
0 0 1 0 0 0 0 32768 17768446753 0 1 536870912 -49044892 16694704929 0 0 1073741824 962210505 17768446753 1421476034 -3923591
-828516278 351732695 1 0 1 0 0 -32768 -21257934823 536870912 1 -536870912 16694704929 -20184192999 0 0 -1073741824 -1180248973 -21794805735 -1743584819 1335576396
0 0 1 0 0 0 0 -32768 -21257934823 536870912 1 -536870912 16694704929 -20184192999 0 0 -1073741824 -1180248973 -21794805735 -1743584819 1335576396
2014881366 811563376 1 0 1 0 0 32768 21683933705 -536870912 1 536870912 -20184192999 20610191881 0 0 1073741824 1203317990 22220804617 1777664737 -1614735441
0 0 1 0 0 0 0 32768 21683933705 -536870912 1 536870912 -20184192999 20610191881 0 0 1073741824 1203317990 22220804617 1777664737 -1614735441
-2000208087 1768254740 1 0 1 0 0 -32768 -69052611571 536870912 1 -536870912 20610191881 -67978869747 0 0 -1073741824 -3768462827 -69589482483 -5567159749 1648815352
0 0 1 0 0 0 0 -32768 -69052611571 536870912 1 -536870912 20610191881 -67978869747 0 0 -1073741824 -3768462827 -69589482483 -5567159749 1648815352
403538114 -352505132 1 0 1 0 0 32768 13424433906 -536870912 1 536870912 -67978869747 12350692082 0 0 1073741824 756043246 13961304818 1116904616 -5438309585
0 0 1 0 0 0 0 32768 13424433906 -536870912 1 536870912 -67978869747 12350692082 0 0 1073741824 756043246 13961304818 1116904616 -5438309585
-1385803604 1629314211 1 0 1 0 0 -32768 -55141133092 536870912 1 -536870912 12350692082 -54067391268 0 0 -1073741824 -3015117815 -55678004004 -4454241240 988055367
0 0 1 0 0 0 0 -32768 -55141133092 536870912 1 -536870912 12350692082 -54067391268 0 0 -1073741824 -3015117815 -55678004004 -4454241240 988055367
435161884 235005617 1 0 1 0 0 32768 3159270373 -536870912 1 536870912 -54067391268 2085528549 0 0 1073741824 200156267 3696141285 295691364 -4325391305
0 0 1 0 0 0 0 32768 3159270373 -536870912 1 536870912 -54067391268 2085528549 0 0 1073741824 200156267 3696141285 295691364 -4325391305
598020427 1435123814 1 0 1 0 0 -32768 -14921313011 536870912 1 0 2085528549 -13847571187 0 1 -1073741824 -837103387 -15458183923 -1236654969 166842284
0 0 1 0 0 0 0 -32768 -14921313011 536870912 1 0 2085528549 -13847571187 0 1 -1073741824 -837103387 -15458183923 -1236654969 166842284
-761677882 -1244003642 1 1 1 0 0 0 8906761607 0 1 0 -13847571187 7833019783 1 1 1073741824 482325760 8906761607 712541076 -1107805696
0 0 1 0 0 0 0 0 8906761607 0 1 0 -13847571187 7833019783 1 1 1073741824 482325760 8906761607 712541076 -1107805696
18687189 -1834292986 1 0 1 0 0 32768 34217647181 0 1 536870912 7833019783 33143905357 0 0 1073741824 1852980175 34217647181 2737412340 626641583
0 0 1 0 0 0 0 32768 34217647181 0 1 536870912 7833019783 33143905357 0 0 1073741824 1852980175 34217647181 2737412340 626641583
-63224970 1050052102 1 0 1 0 0 -32768 -20021213075 536870912 1 -536870912 33143905357 -18947471251 0 0 -1073741824 -1113277072 -20558083987 -1644647059 2651512431
0 0 1 0 0 0 0 -32768 -20021213075 536870912 1 -536870912 33143905357 -18947471251 0 0 -1073741824 -1113277072 -20558083987 -1644647059 2651512431
1132023243 -1490279117 0 0 1 0 0 0 47887293668 -536870912 1 0 -18947471251 46813551844 1 1 1073741824 2622302360 48424164580 3873933967 -1515797701
0 0 1 0 0 0 0 0 47887293668 -536870912 1 0 -18947471251 46813551844 1 1 1073741824 2622302360 48424164580 3873933967 -1515797701
1901205981 -317802089 1 0 1 1 0 0 40976820074 0 1 0 46813551844 39903078250 1 1 1073741824 2219008070 40976820074 3278146283 3745084151
0 0 1 0 0 0 0 0 40976820074 0 1 0 46813551844 39903078250 1 1 1073741824 2219008070 40976820074 3278146283 3745084151
1578851756 -732326216 1 0 1 0 0 32768 42678855114 0 1 222062851 39903078250 41605113290 0 0 1073741824 2311177972 42678855114 3414309114 3192246263
0 0 1 0 0 0 0 32768 42678855114 0 1 222062851 39903078250 41605113290 0 0 1073741824 2311177972 42678855114 3414309114 3192246263
-2003246206 1108770958 1 0 1 0 0 -32768 -57245311477 222062851 1 -536870912 41605113290 -56171569653 0 0 -1073741824 -3112017164 -57467374328 -4597390896 3328409066
0 0 1 0 0 0 0 -32768 -57245311477 222062851 1 -536870912 41605113290 -56171569653 0 0 -1073741824 -3112017164 -57467374328 -4597390896 3328409066
-531945197 2025118599 1 0 1 0 0 -32768 -47756322027 -536870912 1 179297794 -56171569653 -46682580203 0 0 -1073741824 -2557063796 -47219451115 -3777556870 -4493725576
0 0 1 0 0 0 0 -32768 -47756322027 -536870912 1 179297794 -56171569653 -46682580203 0 0 -1073741824 -2557063796 -47219451115 -3777556870 -4493725576
-1427951853 822628413 1 0 1 0 0 -32768 -41380543231 179297794 1 536870912 -46682580203 -40306801407 0 0 -1073741824 -2250580266 -41559841025 -3324787969 -3734606420
0 0 1 0 0 0 0 -32768 -41380543231 179297794 1 536870912 -46682580203 -40306801407 0 0 -1073741824 -2250580266 -41559841025 -3324787969 -3734606420
2067657782 -1258118429 1 0 1 0 0 32768 61951579243 536870912 1 536870912 -40306801407 60877837419 0 0 1073741824 3325776211 61414708331 4913177681 -3224544116
0 0 1 0 0 0 0 32768 61951579243 536870912 1 536870912 -40306801407 60877837419 0 0 1073741824 3325776211 61414708331 4913177681 -3224544116
1178904729 1900591638 1 0 1 0 0 -32768 -12790000234 536870912 1 0 60877837419 -11716258410 0 1 -1073741824 -721686909 -13326871146 -1066149912 4870226998
0 0 1 0 0 0 0 -32768 -12790000234 536870912 1 0 60877837419 -11716258410 0 1 -1073741824 -721686909 -13326871146 -1066149912 4870226998
-1308227520 1587817999 1 0 1 0 0 -32768 -53479181875 0 1 -536870912 -11716258410 -52405440051 0 0 -1073741824 -2896045519 -53479181875 -4278335434 -937300674
0 0 1 0 0 0 0 -32768 -53479181875 0 1 -536870912 -11716258410 -52405440051 0 0 -1073741824 -2896045519 -53479181875 -4278335434 -937300674
1847296130 932096250 1 0 1 0 1 0 16363464567 -536870912 1 0 -52405440051 15289722743 1 1 1073741824 915199880 16900335479 1352027118 -4192435208
0 0 1 0 0 0 0 0 16363464567 -536870912 1 0 -52405440051 15289722743 1 1 1073741824 915199880 16900335479 1352027118 -4192435208
-268367320 -1759653554 1 0 1 0 0 32768 27538506288 0 1 0 15289722743 26464764464 0 1 1073741824 1491286234 27538506288 2203080958 1223177821
0 0 1 0 0 0 0 32768 27538506288 0 1 0 15289722743 26464764464 0 1 1073741824 1491286234 27538506288 2203080958 1223177821
1555606049 1089961074 1 0 1 0 0 32768 8598729593 0 1 -536870912 26464764464 7524987769 0 0 1073741824 465644975 8598729593 687898510 2117181159
0 0 1 0 0 0 0 32768 8598729593 0 1 -536870912 26464764464 7524987769 0 0 1073741824 465644975 8598729593 687898510 2117181159
124933036 265490118 1 0 1 0 0 -32768 -3132437074 -536870912 1 0 7524987769 -2058695250 0 1 -1073741824 -140557082 -2595566162 -207645336 601999022
0 0 1 0 0 0 0 -32768 -3132437074 -536870912 1 0 7524987769 -2058695250 0 1 -1073741824 -140557082 -2595566162 -207645336 601999022
2098967056 -1622510510 1 0 1 0 0 32768 68721839588 0 1 536870912 -2058695250 67648097764 0 0 1073741824 3721477566 68721839588 5497748303 -164695620
0 0 1 0 0 0 0 32768 68721839588 0 1 536870912 -2058695250 67648097764 0 0 1073741824 3721477566 68721839588 5497748303 -164695620
-38933704 -1570442017 1 0 1 0 0 32768 28818129296 536870912 1 0 67648097764 27744387472 0 1 1073741824 1531508313 28281258384 2262501138 5411847826
0 0 1 0 0 0 0 32768 28818129296 536870912 1 0 67648097764 27744387472 0 1 1073741824 1531508313 28281258384 2262501138 5411847826
-466264605 614345817 1 0 1 0 0 -32768 -19954852545 0 1 -536870912 27744387472 -18881110721 0 0 -1073741824 -1080610422 -19954852545 -1596388533 2219551000
0 0 1 0 0 0 0 -32768 -19954852545 0 1 -536870912 27744387472 -18881110721 0 0 -1073741824 -1080610422 -19954852545 -1596388533 2219551000
402459573 -438514944 1 0 1 0 0 32768 14992798374 -536870912 1 536870912 -18881110721 13919056550 0 0 1073741824 840974517 15529669286 1242373800 -1510488859
0 0 1 0 0 0 0 32768 14992798374 -536870912 1 536870912 -18881110721 13919056550 0 0 1073741824 840974517 15529669286 1242373800 -1510488859
1553043871 -148887517 1 0 1 0 0 32768 31965209189 536870912 1 536870912 13919056550 30891467365 0 0 1073741824 1701931388 31428338277 2514267582 1113524525
0 0 1 0 0 0 0 32768 31965209189 536870912 1 536870912 13919056550 30891467365 0 0 1073741824 1701931388 31428338277 2514267582 1113524525
-50917880 -322741301 1 0 1 0 0 32768 5556437792 536870912 1 0 30891467365 4482695968 0 1 1073741824 271823421 5019566880 401565433 2471317392
0 0 1 0 0 0 0 32768 5556437792 536870912 1 0 30891467365 4482695968 0 1 1073741824 271823421 5019566880 401565433 2471317392
290729094 744881584 1 0 1 0 0 -32768 -8386506169 0 1 0 4482695968 -7312764345 0 1 -1073741824 -454152490 -8386506169 -670920632 358615678
0 0 1 0 0 0 0 -32768 -8386506169 0 1 0 4482695968 -7312764345 0 1 -1073741824 -454152490 -8386506169 -670920632 358615678
63368960 1475880061 1 0 1 0 0 -32768 -26083822777 0 1 0 -7312764345 -25010080953 0 1 -1073741824 -1412511101 -26083822777 -2086706253 -585021148
0 0 1 0 0 0 0 -32768 -26083822777 0 1 0 -7312764345 -25010080953 0 1 -1073741824 -1412511101 -26083822777 -2086706253 -585021148
1344781115 -359151687 1 0 1 0 0 32768 31465296945 0 1 536870912 -25010080953 30391555121 0 0 1073741824 1703932802 31465296945 2517224276 -2000806478
0 0 1 0 0 0 0 32768 31465296945 0 1 536870912 -25010080953 30391555121 0 0 1073741824 1703932802 31465296945 2517224276 -2000806478
-764140967 -491622762 1 0 1 0 0 -32768 -4495526042 536870912 1 -536870912 30391555121 -3421784218 0 0 -1073741824 -272518205 -5032396954 -402591840 2431324412
0 0 1 0 0 0 0 -32768 -4495526042 536870912 1 -536870912 30391555121 -3421784218 0 0 -1073741824 -272518205 -5032396954 -402591840 2431324412
-208704260 -722969006 0 0 1 0 0 0 8959684892 -536870912 1 0 -3421784218 7885943068 1 1 1073741824 514264746 9496555804 759724621 -273742738
0 0 1 0 0 0 0 0 8959684892 -536870912 1 0 -3421784218 7885943068 1 1 1073741824 514264746 9496555804 759724621 -273742738
1914279054 1500565409 1 0 1 0 0 32768 7639751212 0 1 -19695223 7885943068 6566009388 0 0 1073741824 413713645 7639751212 611180223 630875446
0 0 1 0 0 0 0 32768 7639751212 0 1 -19695223 7885943068 6566009388 0 0 1073741824 413713645 7639751212 611180223 630875446
-249509118 -32090366 1 0 1 0 0 -32768 -4034610356 -19695223 1 -536870912 6566009388 -2960868532 0 0 -1073741824 -217418752 -4014915133 -321193277 525280752
0 0 1 0 0 0 0 -32768 -4034610356 -19695223 1 -536870912 6566009388 -2960868532 0 0 -1073741824 -217418752 -4014915133 -321193277 525280752
-1873608469 1581393085 1 0 1 0 0 -32768 -64337890362 -536870912 1 -536870912 -2960868532 -63264148538 0 0 -1073741824 -3455001554 -63801019450 -5104082610 -236869483
0 0 1 0 0 0 0 -32768 -64337890362 -536870912 1 -536870912 -2960868532 -63264148538 0 0 -1073741824 -3455001554 -63801019450 -5104082610 -236869483
1238270404 775575672 1 0 1 0 0 32768 8007378673 -536870912 1 536870912 -63264148538 6933636849 0 0 1073741824 462694732 8544249585 683540108 -5061131888
0 0 1 0 0 0 0 32768 8007378673 -536870912 1 536870912 -63264148538 6933636849 0 0 1073741824 462694732 8544249585 683540108 -5061131888
-449752380 1663307713 1 1 1 0 0 0 -38483484357 536870912 1 0 6933636849 -37409742533 1 1 -1073741824 -2113060093 -39020355269 -3121629066 554690948
0 0 1 0 0 0 0 0 -38483484357 536870912 1 0 6933636849 -37409742533 1 1 -1073741824 -2113060093 -39020355269 -3121629066 554690948
688590320 2086627856 1 0 1 0 0 -32768 -25816549901 0 1 0 -37409742533 -24742808077 0 1 -1073741824 -1398037536 -25816549901 -2065324419 -2992779405
0 0 1 0 0 0 0 -32768 -25816549901 0 1 0 -37409742533 -24742808077 0 1 -1073741824 -1398037536 -25816549901 -2065324419 -2992779405
1838726499 433073650 1 0 1 0 0 32768 25957176388 0 1 536870912 -24742808077 24883434564 0 0 1073741824 1405652849 25957176388 2076574540 -1979424648
0 0 1 0 0 0 0 32768 25957176388 0 1 536870912 -24742808077 24883434564 0 0 1073741824 1405652849 25957176388 2076574540 -1979424648
357262382 1279949484 1 0 1 0 0 -32768 -16501725691 536870912 1 0 24883434564 -15427983867 0 1 -1073741824 -922687102 -17038596603 -1363088010 1990674767
0 0 1 0 0 0 0 -32768 -16501725691 536870912 1 0 24883434564 -15427983867 0 1 -1073741824 -922687102 -17038596603 -1363088010 1990674767
-1889337580 -583708532 1 0 1 0 0 -32768 -24110109065 0 1 -536870912 -15427983867 -23036367241 0 0 -1073741824 -1305629048 -24110109065 -1928809124 -1234238711
0 0 1 0 0 0 0 -32768 -24110109065 0 1 -536870912 -15427983867 -23036367241 0 0 -1073741824 -1305629048 -24110109065 -1928809124 -1234238711
-1823196812 -565357436 1 0 1 0 0 -32768 -23764482604 -536870912 1 -536870912 -23036367241 -22690740780 0 0 -1073741824 -1257839376 -23227611692 -1858209319 -1842909381
0 0 1 0 0 0 0 -32768 -23764482604 -536870912 1 -536870912 -23036367241 -22690740780 0 0 -1073741824 -1257839376 -23227611692 -1858209319 -1842909381
1777997262 -1997786695 1 0 1 0 0 32768 69187805594 -536870912 1 536870912 -22690740780 68114063770 0 0 1073741824 3775783957 69724676506 5577975273 -1815259264
0 0 1 0 0 0 0 32768 69187805594 -536870912 1 536870912 -22690740780 68114063770 0 0 1073741824 3775783957 69724676506 5577975273 -1815259264
395742925 -1741035640 1 0 1 0 0 32768 39995218080 536870912 1 -536870912 68114063770 38921476256 0 0 1073741824 2136778565 39458347168 3156668426 5449125107
0 0 1 0 0 0 0 32768 39995218080 536870912 1 -536870912 68114063770 38921476256 0 0 1073741824 2136778565 39458347168 3156668426 5449125107
1540826190 -49464288 1 0 1 0 0 32768 28829875277 -536870912 1 -536870912 38921476256 27756133453 0 0 1073741824 1590290478 29366746189 2349340180 3113718103
0 0 1 0 0 0 0 32768 28829875277 -536870912 1 -536870912 38921476256 27756133453 0 0 1073741824 1590290478 29366746189 2349340180 3113718103
432449011 -689983330 1 0 1 0 0 32768 20190276819 -536870912 1 -536870912 27756133453 19116534995 0 0 1073741824 1122432341 20727147731 1658172161 2220490678
0 0 1 0 0 0 0 32768 20190276819 -536870912 1 -536870912 27756133453 19116534995 0 0 1073741824 1122432341 20727147731 1658172161 2220490678
-823843126 -1271023814 1 0 1 0 0 32768 7720892023 -536870912 1 0 19116534995 6647150199 0 1 1073741824 447180688 8257762935 660621171 1529322801
0 0 1 0 0 0 0 32768 7720892023 -536870912 1 0 19116534995 6647150199 0 1 1073741824 447180688 8257762935 660621171 1529322801
-655093190 -28255966 1 0 1 0 0 -32768 -11575350487 0 1 -536870912 6647150199 -10501608663 0 0 -1073741824 -626837224 -11575350487 -926028230 531772016
0 0 1 0 0 0 0 -32768 -11575350487 0 1 -536870912 6647150199 -10501608663 0 0 -1073741824 -626837224 -11575350487 -926028230 531772016
1408036386 1738179936 1 0 1 0 0 -32768 -6633393511 -536870912 1 0 -10501608663 -5559651687 0 1 -1073741824 -330143550 -6096522599 -487721909 -840128694
0 0 1 0 0 0 0 -32768 -6633393511 -536870912 1 0 -10501608663 -5559651687 0 1 -1073741824 -330143550 -6096522599 -487721909 -840128694
-1755846250 1375707114 1 0 1 0 0 -32768 -57828135230 0 1 -536870912 -5559651687 -56754393406 0 0 -1073741824 -3131553364 -57828135230 -4626251774 -444772135
0 0 1 0 0 0 0 -32768 -57828135230 0 1 -536870912 -5559651687 -56754393406 0 0 -1073741824 -3131553364 -57828135230 -4626251774 -444772135
-963275168 1807007293 1 0 1 0 0 -32768 -51693677186 -536870912 1 -89064782 -56754393406 -50619935362 0 0 -1073741824 -2770282461 -51156806274 -4092545347 -4540351477
0 0 1 0 0 0 0 -32768 -51693677186 -536870912 1 -89064782 -56754393406 -50619935362 0 0 -1073741824 -2770282461 -51156806274 -4092545347 -4540351477
-1556011257 -918818844 1 0 1 0 0 -32768 -11855637068 -89064782 1 536870912 -50619935362 -10781895244 0 0 -1073741824 -637192413 -11766572286 -941325977 -4049594833
0 0 1 0 0 0 0 -32768 -11855637068 -89064782 1 536870912 -50619935362 -10781895244 0 0 -1073741824 -637192413 -11766572286 -941325977 -4049594833
-813725868 1278890519 1 0 1 0 0 -32768 -38105965197 536870912 1 -536870912 -10781895244 -37032223373 0 0 -1073741824 -2092616387 -38642836109 -3091427527 -862551620
0 0 1 0 0 0 0 -32768 -38105965197 536870912 1 -536870912 -10781895244 -37032223373 0 0 -1073741824 -2092616387 -38642836109 -3091427527 -862551620
501544408 1293093717 1 0 1 0 0 -32768 -15153840563 -536870912 1 0 -37032223373 -14080098739 0 1 -1073741824 -791549309 -14616969651 -1169357814 -2962577873
0 0 1 0 0 0 0 -32768 -15153840563 -536870912 1 0 -37032223373 -14080098739 0 1 -1073741824 -791549309 -14616969651 -1169357814 -2962577873
-443348588 -681409342 0 0 1 0 0 0 4396096082 0 1 0 -14080098739 3322354258 1 1 1073741824 238060754 4396096082 351687759 -1126407900
0 0 1 0 0 0 0 0 4396096082 0 1 0 -14080098739 3322354258 1 1 1073741824 238060754 4396096082 351687759 -1126407900
632905639 -2008902277 1 0 1 0 0 32768 48784359601 0 1 536870912 3322354258 47710617777 0 0 1073741824 2641807916 48784359601 3902749574 265788341
0 0 1 0 0 0 0 32768 48784359601 0 1 536870912 3322354258 47710617777 0 0 1073741824 2641807916 48784359601 3902749574 265788341
-1541263147 1365922112 1 0 1 0 0 -32768 -53148020500 536870912 1 -536870912 47710617777 -52074278676 0 0 -1073741824 -2907185259 -53684891412 -4294792200 3816849426
0 0 1 0 0 0 0 -32768 -53148020500 536870912 1 -536870912 47710617777 -52074278676 0 0 -1073741824 -2907185259 -53684891412 -4294792200 3816849426
1037479438 40917909 1 0 1 0 0 32768 17865911403 -536870912 1 536870912 -52074278676 16792169579 0 0 1073741824 996561529 18402782315 1472222889 -4165942298
0 0 1 0 0 0 0 32768 17865911403 -536870912 1 536870912 -52074278676 16792169579 0 0 1073741824 996561529 18402782315 1472222889 -4165942298
1077082987 1192907779 1 0 1 0 0 -32768 -1601981905 536870912 1 0 16792169579 -528240081 0 1 -1073741824 -115824792 -2138852817 -171108261 1343373568
0 0 1 0 0 0 0 -32768 -1601981905 536870912 1 0 16792169579 -528240081 0 1 -1073741824 -115824792 -2138852817 -171108261 1343373568
-1828381526 -1710733850 1 0 1 0 0 -32768 -2172514700 0 1 -131542005 -528240081 -1098772876 0 0 -1073741824 -117647676 -2172514700 -173801212 -42259207
0 0 1 0 0 0 0 -32768 -2172514700 0 1 -131542005 -528240081 -1098772876 0 0 -1073741824 -117647676 -2172514700 -173801212 -42259207
-1682434380 834358890 1 0 1 0 0 -32768 -46607346389 -131542005 1 -536870912 -1098772876 -45533604565 0 0 -1073741824 -2516793270 -46475804384 -3718065119 -87901830
0 0 1 0 0 0 0 -32768 -46607346389 -131542005 1 -536870912 -1098772876 -45533604565 0 0 -1073741824 -2516793270 -46475804384 -3718065119 -87901830
258340013 1983830538 1 0 1 0 0 -32768 -32400258764 -536870912 1 0 -45533604565 -31326516940 0 1 -1073741824 -1725490525 -31863387852 -2549071555 -3642688369
0 0 1 0 0 0 0 -32768 -32400258764 -536870912 1 0 -45533604565 -31326516940 0 1 -1073741824 -1725490525 -31863387852 -2549071555 -3642688369
2063662339 -57986575 1 0 1 0 0 32768 39178958826 0 1 536870912 -31326516940 38105217002 0 0 1073741824 2121648914 39178958826 3134317354 -2506121358
0 0 1 0 0 0 0 32768 39178958826 0 1 536870912 -31326516940 38105217002 0 0 1073741824 2121648914 39178958826 3134317354 -2506121358
341159367 1685690703 1 0 1 0 0 -32768 -24291618621 536870912 1 0 38105217002 -23217876797 0 1 -1073741824 -1344531336 -24828489533 -1986279573 3048417363
0 0 1 0 0 0 0 -32768 -24291618621 536870912 1 0 38105217002 -23217876797 0 1 -1073741824 -1344531336 -24828489533 -1986279573 3048417363
1320607684 -2089578788 1 0 1 0 0 32768 62973451684 0 1 536870912 -23217876797 61899709860 0 0 1073741824 3410186472 62973451684 5037877175 -1857430145
0 0 1 0 0 0 0 32768 62973451684 0 1 536870912 -23217876797 61899709860 0 0 1073741824 3410186472 62973451684 5037877175 -1857430145
-1491898911 2127691642 1 0 1 0 0 -32768 -66303494762 536870912 1 -536870912 61899709860 -65229752938 0 0 -1073741824 -3619590553 -66840365674 -5347230358 4951976793
0 0 1 0 0 0 0 -32768 -66303494762 536870912 1 -536870912 61899709860 -65229752938 0 0 -1073741824 -3619590553 -66840365674 -5347230358 4951976793
1527103666 -1765896553 1 0 1 0 0 32768 60272586837 -536870912 1 536870912 -65229752938 59198845013 0 0 1073741824 3293000219 60809457749 4864757625 -5218380240
0 0 1 0 0 0 0 32768 60272586837 -536870912 1 536870912 -65229752938 59198845013 0 0 1073741824 3293000219 60809457749 4864757625 -5218380240
849778003 -1475709422 1 1 1 0 0 0 43479968365 536870912 1 0 59198845013 42406226541 1 1 1073741824 2325487425 42943097453 3435448506 4735907605
0 0 1 0 0 0 0 0 43479968365 536870912 1 0 59198845013 42406226541 1 1 1073741824 2325487425 42943097453 3435448506 4735907605
1718636650 1216111616 1 0 1 0 0 32768 9279767018 0 1 -536870912 42406226541 8206025194 0 0 1073741824 502525034 9279767018 742381515 3392498126
0 0 1 0 0 0 0 32768 9279767018 0 1 -536870912 42406226541 8206025194 0 0 1073741824 502525034 9279767018 742381515 3392498126
794310657 -2102877986 1 0 1 0 0 32768 52963420209 -536870912 1 536870912 8206025194 51889678385 0 0 1073741824 2897188643 53500291121 4280024174 656482016
0 0 1 0 0 0 0 32768 52963420209 -536870912 1 536870912 8206025194 51889678385 0 0 1073741824 2897188643 53500291121 4280024174 656482016
1079280093 1780442086 1 0 1 0 0 -32768 -12410981427 536870912 1 0 51889678385 -11337239603 0 1 -1073741824 -701161993 -12947852339 -1035828401 4151174275
0 0 1 0 0 0 0 -32768 -12410981427 536870912 1 0 51889678385 -11337239603 0 1 -1073741824 -701161993 -12947852339 -1035828401 4151174275
1385396792 1054773409 1 0 1 0 0 32768 6105383329 0 1 536870912 -11337239603 5031641505 0 0 1073741824 330623383 6105383329 488430767 -906979169
0 0 1 0 0 0 0 32768 6105383329 0 1 536870912 -11337239603 5031641505 0 0 1073741824 330623383 6105383329 488430767 -906979169
-910591488 -299434115 1 0 1 0 0 -32768 -10748931086 536870912 1 -536870912 5031641505 -9675189262 0 0 -1073741824 -611157373 -11285801998 -902864346 402531321
0 0 1 0 0 0 0 -32768 -10748931086 536870912 1 -536870912 5031641505 -9675189262 0 0 -1073741824 -611157373 -11285801998 -902864346 402531321
1224463619 200921482 1 0 1 0 0 32768 18364142813 -536870912 1 536870912 -9675189262 17290400989 0 0 1073741824 1023542137 18901013725 1512081410 -774015142
0 0 1 0 0 0 0 32768 18364142813 -536870912 1 536870912 -9675189262 17290400989 0 0 1073741824 1023542137 18901013725 1512081410 -774015142
-1926639770 -1296200835 1 0 1 0 0 -32768 -11104989772 536870912 1 -536870912 17290400989 -10031247948 0 0 -1073741824 -630438935 -11641860684 -931349047 1383232080
0 0 1 0 0 0 0 -32768 -11104989772 536870912 1 -536870912 17290400989 -10031247948 0 0 -1073741824 -630438935 -11641860684 -931349047 1383232080
-1467423601 1222253050 1 0 1 0 0 -32768 -50205187884 -536870912 1 -536870912 -10031247948 -49131446060 0 0 -1073741824 -2689676651 -49668316972 -3973466179 -802499837
0 0 1 0 0 0 0 -32768 -50205187884 -536870912 1 -536870912 -10031247948 -49131446060 0 0 -1073741824 -2689676651 -49668316972 -3973466179 -802499837
1953544671 977566020 1 0 1 1 0 0 17485822254 -536870912 1 0 -49131446060 16412080430 1 1 1073741824 975978651 18022693166 1441815751 -3930515688
0 0 1 0 0 0 0 0 17485822254 -536870912 1 0 -49131446060 16412080430 1 1 1073741824 975978651 18022693166 1441815751 -3930515688
1683760689 -1370537649 0 0 1 0 0 0 56401522437 0 1 0 16412080430 55327780613 1 1 1073741824 3054298338 56401522437 4512122727 1312966436
0 0 1 0 0 0 0 0 56401522437 0 1 0 16412080430 55327780613 1 1 1073741824 3054298338 56401522437 4512122727 1312966436
382240645 -1362500634 1 0 1 0 0 32768 32218877629 0 1 -536870912 55327780613 31145135805 0 0 1073741824 1744741279 32218877629 2577510743 4426222453
0 0 1 0 0 0 0 32768 32218877629 0 1 -536870912 55327780613 31145135805 0 0 1073741824 1744741279 32218877629 2577510743 4426222453
623556299 -2123836952 1 0 1 0 0 32768 50197256846 -536870912 1 536870912 31145135805 49123515022 0 0 1073741824 2747393251 50734127758 4058731059 2491610867
0 0 1 0 0 0 0 32768 50197256846 -536870912 1 536870912 31145135805 49123515022 0 0 1073741824 2747393251 50734127758 4058731059 2491610867
2143448559 1905375176 1 0 1 0 0 32768 4933200205 536870912 1 -536870912 49123515022 3859458381 0 0 1073741824 238073383 4396329293 351706416 3929881205
0 0 1 0 0 0 0 32768 4933200205 536870912 1 -536870912 49123515022 3859458381 0 0 1073741824 238073383 4396329293 351706416 3929881205
-437012982 1861170486 1 0 1 0 0 -32768 -42975765902 -536870912 1 -536870912 3859458381 -41902024078 0 0 -1073741824 -2298183468 -42438894990 -3395112301 308756671
0 0 1 0 0 0 0 -32768 -42975765902 -536870912 1 -536870912 3859458381 -41902024078 0 0 -1073741824 -2298183468 -42438894990 -3395112301 308756671
-122406763 -249051765 1 0 1 0 0 32768 1801790912 -536870912 1 0 -41902024078 728049088 0 1 1073741824 126645002 2338661824 187092985 -3352161929
0 0 1 0 0 0 0 32768 1801790912 -536870912 1 0 -41902024078 728049088 0 1 1073741824 126645002 2338661824 187092985 -3352161929
432334875 -1395235496 1 0 1 0 0 32768 33748422675 0 1 536870912 728049088 32674680851 0 0 1073741824 1827570371 33748422675 2699874372 58243927
0 0 1 0 0 0 0 32768 33748422675 0 1 536870912 728049088 32674680851 0 0 1073741824 1827570371 33748422675 2699874372 58243927
971541121 274003534 1 0 1 0 0 32768 13417793962 536870912 1 -536870912 32674680851 12344052138 0 0 1073741824 697537587 12880923050 1030474057 2613974471
0 0 1 0 0 0 0 32768 13417793962 536870912 1 -536870912 32674680851 12344052138 0 0 1073741824 697537587 12880923050 1030474057 2613974471
-1213298788 -1546385384 1 0 1 0 0 32768 5613998793 -536870912 1 0 12344052138 4540256969 0 1 1073741824 333086596 6150869705 492069678 987524172
0 0 1 0 0 0 0 32768 5613998793 -536870912 1 0 12344052138 4540256969 0 1 1073741824 333086596 6150869705 492069678 987524172
1570988596 -1091282517 1 0 1 0 0 32768 49162238687 0 1 536870912 4540256969 48088496863 0 0 1073741824 2662271113 49162238687 3932979907 363220558
0 0 1 0 0 0 0 32768 49162238687 0 1 536870912 4540256969 48088496863 0 0 1073741824 2662271113 49162238687 3932979907 363220558
40285332 1264363321 1 0 1 0 0 -32768 -22067293620 536870912 1 0 48088496863 -20993551796 0 1 -1073741824 -1224077989 -22604164532 -1808333536 3847079753
0 0 1 0 0 0 0 -32768 -22067293620 536870912 1 0 48088496863 -20993551796 0 1 -1073741824 -1224077989 -22604164532 -1808333536 3847079753
761788004 1352620266 1 0 1 0 1 0 -10910472846 0 1 0 -20993551796 -9836731022 1 1 -1073741824 -590832262 -10910472846 -872838008 -1679484145
0 0 1 0 0 0 0 0 -10910472846 0 1 0 -20993551796 -9836731022 1 1 -1073741824 -590832262 -10910472846 -872838008 -1679484145
2030095104 961530543 1 0 1 0 0 32768 19732410326 0 1 536870912 -9836731022 18658668502 0 0 1073741824 1068564561 19732410326 1578593152 -786938482
0 0 1 0 0 0 0 32768 19732410326 0 1 536870912 -9836731022 18658668502 0 0 1073741824 1068564561 19732410326 1578593152 -786938482
1527053839 -2031149510 1 0 1 0 0 32768 66243643406 536870912 1 536870912 18658668502 65169901582 0 0 1073741824 3558203349 65706772494 5256542885 1492693482
0 0 1 0 0 0 0 32768 66243643406 536870912 1 536870912 18658668502 65169901582 0 0 1073741824 3558203349 65706772494 5256542885 1492693482
1216819082 1178461065 1 0 1 0 0 32768 1245200720 536870912 1 -536870912 65169901582 171458896 0 0 1073741824 38358017 708329808 56666396 5213592131
0 0 1 0 0 0 0 32768 1245200720 536870912 1 -536870912 65169901582 171458896 0 0 1073741824 38358017 708329808 56666396 5213592131
1160414731 1801052096 1 0 1 0 0 -32768 -12367058640 -536870912 1 0 171458896 -11293316816 0 1 -1073741824 -640637365 -11830187728 -946415214 13716712
0 0 1 0 0 0 0 -32768 -12367058640 -536870912 1 0 171458896 -11293316816 0 1 -1073741824 -640637365 -11830187728 -946415214 13716712
-202061993 -1932956395 1 0 1 0 0 32768 31963177348 0 1 0 -11293316816 30889435524 0 1 1073741824 1730894402 31963177348 2557054716 -903465346
0 0 1 0 0 0 0 32768 31963177348 0 1 0 -11293316816 30889435524 0 1 1073741824 1730894402 31963177348 2557054716 -903465346
-1723678108 2105744172 1 0 1 0 0 -32768 -70715176694 0 1 -536870912 30889435524 -69641434870 0 0 -1073741824 -3829422280 -70715176694 -5657215304 2471154844
0 0 1 0 0 0 0 -32768 -70715176694 0 1 -536870912 30889435524 -69641434870 0 0 -1073741824 -3829422280 -70715176694 -5657215304 2471154844
1386584986 20829404 1 0 1 0 0 32768 24683551449 -536870912 1 536870912 -69641434870 23609809625 0 0 1073741824 1365755582 25220422361 2017634206 -5571314795
0 0 1 0 0 0 0 32768 24683551449 -536870912 1 536870912 -69641434870 23609809625 0 0 1073741824 1365755582 25220422361 2017634206 -5571314795
-952766280 1858084149 1 0 1 0 0 -32768 -51369074740 536870912 1 -536870912 23609809625 -50295332916 0 0 -1073741824 -2810850429 -51905945652 -4152476510 1888784772
0 0 1 0 0 0 0 -32768 -51369074740 536870912 1 -536870912 23609809625 -50295332916 0 0 -1073741824 -2810850429 -51905945652 -4152476510 1888784772
-1910026715 -373043672 1 0 1 0 0 -32768 -28919227182 -536870912 1 536870912 -50295332916 -27845485358 0 0 -1073741824 -1536983043 -28382356270 -2270588971 -4023626637
0 0 1 0 0 0 0 -32768 -28919227182 -536870912 1 536870912 -50295332916 -27845485358 0 0 -1073741824 -1536983043 -28382356270 -2270588971 -4023626637
-1499182315 158846572 1 1 1 0 0 0 -30080751574 536870912 1 0 -27845485358 -29007009750 1 1 -1073741824 -1658028887 -30617622486 -2449410305 -2227638831
0 0 1 0 0 0 0 0 -30080751574 536870912 1 0 -27845485358 -29007009750 1 1 -1073741824 -1658028887 -30617622486 -2449410305 -2227638831
21707599 -1453816280 1 0 1 0 0 32768 27247434258 0 1 536870912 -29007009750 26173692434 0 0 1073741824 1475523879 27247434258 2179795191 -2320560782
0 0 1 0 0 0 0 32768 27247434258 0 1 536870912 -29007009750 26173692434 0 0 1073741824 1475523879 27247434258 2179795191 -2320560782
527562457 -2109252843 0 0 1 0 0 0 49229035477 536870912 1 0 26173692434 48155293653 1 1 1073741824 2636815300 48692164565 3895373970 2093895397
0 0 1 0 0 0 0 0 49229035477 536870912 1 0 26173692434 48155293653 1 1 1073741824 2636815300 48692164565 3895373970 2093895397
-1177165873 776596522 1 0 1 0 0 -32768 -36078719681 0 1 -536870912 48155293653 -35004977857 0 0 -1073741824 -1953762395 -36078719681 -2886298171 3852423496
0 0 1 0 0 0 0 -32768 -36078719681 0 1 -536870912 48155293653 -35004977857 0 0 -1073741824 -1953762395 -36078719681 -2886298171 3852423496
-1881075897 1216651735 1 0 1 0 0 -32768 -57740370769 -536870912 1 -536870912 -35004977857 -56666628945 0 0 -1073741824 -3097727632 -57203499857 -4576280934 -2800398231
0 0 1 0 0 0 0 -32768 -57740370769 -536870912 1 -536870912 -35004977857 -56666628945 0 0 -1073741824 -3097727632 -57203499857 -4576280934 -2800398231
94186739 575735296 1 0 1 0 0 -32768 -9429280473 -536870912 1 0 -56666628945 -8355538649 0 1 -1073741824 -481548557 -8892409561 -711392912 -4533330320
0 0 1 0 0 0 0 -32768 -9429280473 -536870912 1 0 -56666628945 -8355538649 0 1 -1073741824 -481548557 -8892409561 -711392912 -4533330320
-1927899515 451819455 1 0 1 0 0 -32768 -43944552243 0 1 -536870912 -8355538649 -42870810419 0 0 -1073741824 -2379718970 -43944552243 -3515564906 -668443093
0 0 1 0 0 0 0 -32768 -43944552243 0 1 -536870912 -8355538649 -42870810419 0 0 -1073741824 -2379718970 -43944552243 -3515564906 -668443093
-113748078 1647417553 1 0 1 0 0 -32768 -33059045192 -536870912 1 291019445 -42870810419 -31985303368 0 0 -1073741824 -1761165631 -32522174280 -2601774480 -3429664837
0 0 1 0 0 0 0 -32768 -33059045192 -536870912 1 291019445 -42870810419 -31985303368 0 0 -1073741824 -1761165631 -32522174280 -2601774480 -3429664837
-561879616 -1328945318 1 0 1 0 0 32768 14455868001 291019445 1 0 -31985303368 13382126177 0 1 1073741824 767065702 14164848556 1133188119 -2558824272
0 0 1 0 0 0 0 32768 14455868001 291019445 1 0 -31985303368 13382126177 0 1 1073741824 767065702 14164848556 1133188119 -2558824272
-1965985972 1383253063 1 0 1 0 0 -32768 -61847979364 0 1 -536870912 13382126177 -60774237540 0 0 -1073741824 -3349239035 -61847979364 -4947839371 1070570095
0 0 1 0 0 0 0 -32768 -61847979364 0 1 -536870912 13382126177 -60774237540 0 0 -1073741824 -3349239035 -61847979364 -4947839371 1070570095
-1156452030 -1278732569 1 0 1 0 0 32768 1721195524 -536870912 1 0 -60774237540 647453700 0 1 1073741824 122280539 2258066436 180645352 -4861939008
0 0 1 0 0 0 0 32768 1721195524 -536870912 1 0 -60774237540 647453700 0 1 1073741824 122280539 2258066436 180645352 -4861939008
-778620697 1409606530 1 0 1 0 0 -32768 -40408412468 0 1 -536870912 647453700 -39334670644 0 0 -1073741824 -2188227227 -40408412468 -3232673665 51796296
0 0 1 0 0 0 0 -32768 -40408412468 0 1 -536870912 647453700 -39334670644 0 0 -1073741824 -2188227227 -40408412468 -3232673665 51796296
1349329197 674658313 1 0 1 0 0 32768 11921789242 -536870912 1 536870912 -39334670644 10848047418 0 0 1073741824 674670884 12458660154 996693018 -3146773654
0 0 1 0 0 0 0 32768 11921789242 -536870912 1 536870912 -39334670644 10848047418 0 0 1073741824 674670884 12458660154 996693018 -3146773654
1913155290 -611102385 1 0 1 0 0 32768 47150515074 536870912 1 536870912 10848047418 46076773250 0 0 1073741824 2524257675 46613644162 3729092303 867843794
0 0 1 0 0 0 0 32768 47150515074 536870912 1 536870912 10848047418 46076773250 0 0 1073741824 2524257675 46613644162 3729092303 867843794
-1477277978 1483502611 1 0 1 0 0 -32768 -54137726767 536870912 1 -536870912 46076773250 -53063984943 0 0 -1073741824 -2960780589 -54674597679 -4373968718 3686141863
0 0 1 0 0 0 0 -32768 -54137726767 536870912 1 -536870912 46076773250 -53063984943 0 0 -1073741824 -2960780589 -54674597679 -4373968718 3686141863
-478364470 1977101924 1 0 1 0 0 -32768 -45880196150 -536870912 1 80781119 -53063984943 -44806454326 0 0 -1073741824 -2455466394 -45343325238 -3627466768 -4245118799
0 0 1 0 0 0 0 -32768 -45880196150 -536870912 1 80781119 -53063984943 -44806454326 0 0 -1073741824 -2455466394 -45343325238 -3627466768 -4245118799
1379762675 957267889 1 0 1 0 0 32768 7882687323 80781119 1 536870912 -44806454326 6808945499 0 0 1073741824 422494786 7801906204 624152625 -3584516349
0 0 1 0 0 0 0 32768 7882687323 80781119 1 536870912 -44806454326 6808945499 0 0 1073741824 422494786 7801906204 624152625 -3584516349
-480981505 -1270275232 1 0 1 0 0 32768 15112188359 536870912 1 0 6808945499 14038446535 0 1 1073741824 789293727 14575317447 1166025637 544715640
0 0 1 0 0 0 0 32768 15112188359 536870912 1 0 6808945499 14038446535 0 1 1073741824 789293727 14575317447 1166025637 544715640
1277697512 -486427680 1 0 1 0 0 32768 32576826357 0 1 536870912 14038446535 31503084533 0 0 1073741824 1764125192 32576826357 2606146647 1123075724
0 0 1 0 0 0 0 32768 32576826357 0 1 536870912 14038446535 31503084533 0 0 1073741824 1764125192 32576826357 2606146647 1123075724
1579969863 -662052194 1 0 1 0 0 32768 41938673669 536870912 1 536870912 31503084533 40864931845 0 0 1073741824 2242022057 41401802757 3312144905 2520246765
0 0 1 0 0 0 0 32768 41938673669 536870912 1 536870912 31503084533 40864931845 0 0 1073741824 2242022057 41401802757 3312144905 2520246765
-2122280692 63059158 1 0 1 0 0 -32768 -39818222449 536870912 1 -536870912 40864931845 -38744480625 0 0 -1073741824 -2185339850 -40355093361 -3228408136 3269194551
0 0 1 0 0 0 0 -32768 -39818222449 536870912 1 -536870912 40864931845 -38744480625 0 0 -1073741824 -2185339850 -40355093361 -3228408136 3269194551
-818481139 -1440492031 1 0 1 0 0 32768 10949355186 -536870912 1 0 -38744480625 9875613362 0 1 1073741824 622010892 11486226098 918898278 -3099558453
0 0 1 0 0 0 0 32768 10949355186 -536870912 1 0 -38744480625 9875613362 0 1 1073741824 622010892 11486226098 918898278 -3099558453
-675978585 2003822995 1 0 1 0 0 -32768 -49485961165 0 1 -536870912 9875613362 -48412219341 0 0 -1073741824 -2679801580 -49485961165 -3958877711 790049070
0 0 1 0 0 0 0 -32768 -49485961165 0 1 -536870912 9875613362 -48412219341 0 0 -1073741824 -2679801580 -49485961165 -3958877711 790049070
166998453 21749520 1 0 1 0 0 32768 2145336275 -536870912 1 536870912 -48412219341 1071594451 0 0 1073741824 145248933 2682207187 214576619 -3872977551
0 0 1 0 0 0 0 32768 2145336275 -536870912 1 536870912 -48412219341 1071594451 0 0 1073741824 145248933 2682207187 214576619 -3872977551
1162060769 50161021 1 0 1 0 0 32768 21069520851 536870912 1 536870912 1071594451 19995779027 0 0 1073741824 1111899748 20532649939 1642612334 85727556
0 0 1 0 0 0 0 32768 21069520851 536870912 1 536870912 1071594451 19995779027 0 0 1073741824 1111899748 20532649939 1642612334 85727556
181525933 -1849068530 0 0 1 0 0 0 38034392926 536870912 1 0 19995779027 36960651102 1 1 1073741824 2030594463 37497522014 2999802381 1599662324
0 0 1 0 0 0 0 0 38034392926 536870912 1 0 19995779027 36960651102 1 1 1073741824 2030594463 37497522014 2999802381 1599662324
-173418099 635772603 1 0 1 0 0 -32768 -14942740520 0 1 -536870912 36960651102 -13868998696 0 0 -1073741824 -809190702 -14942740520 -1195419489 2956852091
0 0 1 0 0 0 0 -32768 -14942740520 0 1 -536870912 36960651102 -13868998696 0 0 -1073741824 -809190702 -14942740520 -1195419489 2956852091
-432523796 1828362383 1 0 1 0 0 -32768 -42287023792 -536870912 1 -536870912 -13868998696 -41213281968 0 0 -1073741824 -2260886179 -41750152880 -3340012920 -1109519897
0 0 1 0 0 0 0 -32768 -42287023792 -536870912 1 -536870912 -13868998696 -41213281968 0 0 -1073741824 -2260886179 -41750152880 -3340012920 -1109519897
672255710 -107107753 1 0 1 0 0 32768 13855071518 -536870912 1 536870912 -41213281968 12781329694 0 0 1073741824 779363463 14391942430 1151355632 -3297062561
0 0 1 0 0 0 0 32768 13855071518 -536870912 1 536870912 -41213281968 12781329694 0 0 1073741824 779363463 14391942430 1151355632 -3297062561
-1840933847 1920655629 1 0 1 0 0 -32768 -68925686360 536870912 1 -536870912 12781329694 -67851944536 0 0 -1073741824 -3761589476 -69462557272 -5557005730 1022506376
0 0 1 0 0 0 0 -32768 -68925686360 536870912 1 -536870912 12781329694 -67851944536 0 0 -1073741824 -3761589476 -69462557272 -5557005730 1022506376
-25233389 244664395 1 0 1 0 0 -32768 -5520878443 -536870912 1 536870912 -67851944536 -4447136619 0 0 -1073741824 -269897784 -4984007531 -398720685 -5428155568
0 0 1 0 0 0 0 -32768 -5520878443 -536870912 1 536870912 -67851944536 -4447136619 0 0 -1073741824 -269897784 -4984007531 -398720685 -5428155568
-139214924 170595404 1 1 1 0 0 0 -5184172756 536870912 1 0 -4447136619 -4110430932 1 1 -1073741824 -309810328 -5721043668 -457683588 -355770930
0 0 1 0 0 0 0 0 -5184172756 536870912 1 0 -4447136619 -4110430932 1 1 -1073741824 -309810328 -5721043668 -457683588 -355770930
1959184070 -135679679 1 0 1 0 0 32768 38684336521 0 1 536870912 -4110430932 37610594697 0 0 1073741824 2094863749 38684336521 3094747561 -328834475
0 0 1 0 0 0 0 32768 38684336521 0 1 536870912 -4110430932 37610594697 0 0 1073741824 2094863749 38684336521 3094747561 -328834475
1914783717 -1598029433 1 0 1 0 0 32768 65405455370 536870912 1 536870912 37610594697 64331713546 0 0 1073741824 3512813150 64868584458 5189487829 3008847579
0 0 1 0 0 0 0 32768 65405455370 536870912 1 536870912 37610594697 64331713546 0 0 1073741824 3512813150 64868584458 5189487829 3008847579
1013263525 -1246581770 1 0 1 0 0 32768 42267802539 536870912 1 -536870912 64331713546 41194060715 0 0 1073741824 2259845295 41730931627 3338475220 5146537088
0 0 1 0 0 0 0 32768 42267802539 536870912 1 -536870912 64331713546 41194060715 0 0 1073741824 2259845295 41730931627 3338475220 5146537088
1189622553 -79127676 1 0 1 0 0 32768 22892223626 -536870912 1 -536870912 41194060715 21818481802 0 0 1073741824 1268750229 23429094538 1874327950 3295524860
0 0 1 0 0 0 0 32768 22892223626 -536870912 1 -536870912 41194060715 21818481802 0 0 1073741824 1268750229 23429094538 1874327950 3295524860
-1253717560 -1907433232 1 0 1 0 0 32768 11534824470 -536870912 1 0 21818481802 10461082646 0 1 1073741824 653715672 12071695382 965735830 1745478546
0 0 1 0 0 0 0 32768 11534824470 -536870912 1 0 21818481802 10461082646 0 1 1073741824 653715672 12071695382 965735830 1745478546
1157756195 -1342478589 1 0 1 0 0 32768 46170030777 0 1 536870912 10461082646 45096288953 0 0 1073741824 2500234784 46170030777 3693603225 836886612
0 0 1 0 0 0 0 32768 46170030777 0 1 536870912 10461082646 45096288953 0 0 1073741824 2500234784 46170030777 3693603225 836886612
1262428398 -268998740 1 0 1 0 0 32768 28816630296 536870912 1 -536870912 45096288953 27742888472 0 0 1073741824 1531427138 28279759384 2262381218 3607703120
0 0 1 0 0 0 0 32768 28816630296 536870912 1 -536870912 45096288953 27742888472 0 0 1073741824 1531427138 28279759384 2262381218 3607703120
1031026234 479003354 1 0 1 0 0 32768 9656937094 -536870912 1 -536870912 27742888472 8583195270 0 0 1073741824 552022880 10193808006 815504809 2219431080
0 0 1 0 0 0 0 32768 9656937094 -536870912 1 -536870912 27742888472 8583195270 0 0 1073741824 552022880 10193808006 815504809 2219431080
2132958220 -1270324719 1 0 1 0 0 32768 62309098211 -536870912 1 536870912 8583195270 61235356387 0 0 1073741824 3403282939 62845969123 5027678568 686655622
0 0 1 0 0 0 0 32768 62309098211 -536870912 1 536870912 8583195270 61235356387 0 0 1073741824 3403282939 62845969123 5027678568 686655622
-1271214913 1337414742 1 0 1 0 0 -32768 -47634809695 536870912 1 -536870912 61235356387 -46561067871 0 0 -1073741824 -2608629655 -48171680607 -3853735245 4898828516
0 0 1 0 0 0 0 -32768 -47634809695 536870912 1 -536870912 61235356387 -46561067871 0 0 -1073741824 -2608629655 -48171680607 -3853735245 4898828516
-945057486 2051177015 1 0 1 0 0 -32768 -55866170389 -536870912 1 -536870912 -46561067871 -54792428565 0 0 -1073741824 -2996234501 -55329299477 -4426344873 -3724885433
0 0 1 0 0 0 0 -32768 -55866170389 -536870912 1 -536870912 -46561067871 -54792428565 0 0 -1073741824 -2996234501 -55329299477 -4426344873 -3724885433
79423424 1053829483 1 0 1 0 0 -32768 -18530524157 -536870912 1 0 -54792428565 -17456782333 0 1 -1073741824 -974406059 -17993653245 -1439492557 -4383394289
0 0 1 0 0 0 0 -32768 -18530524157 -536870912 1 0 -54792428565 -17456782333 0 1 -1073741824 -974406059 -17993653245 -1439492557 -4383394289
-1224240993 -693599414 1 0 1 0 0 -32768 -9798974957 0 1 536870912 -17456782333 -8725233133 0 0 -1073741824 -530641579 -9798974957 -783918158 -1396542588
0 0 1 0 0 0 0 -32768 -9798974957 0 1 536870912 -17456782333 -8725233133 0 0 -1073741824 -530641579 -9798974957 -783918158 -1396542588
-1948762468 -1766367761 1 0 1 1 0 0 -2831280467 536870912 1 0 -8725233133 -1757538643 1 1 -1073741824 -182394707 -3368151379 -269452166 -698018651
0 0 1 0 0 0 0 0 -2831280467 536870912 1 0 -8725233133 -1757538643 1 1 -1073741824 -182394707 -3368151379 -269452166 -698018651
-1145296398 1474886144 1 0 1 0 0 -32768 -48385019431 0 1 -536870912 -1757538643 -47311277607 0 0 -1073741824 -2620182542 -48385019431 -3870802354 -140603092
0 0 1 0 0 0 0 -32768 -48385019431 0 1 -536870912 -1757538643 -47311277607 0 0 -1073741824 -2620182542 -48385019431 -3870802354 -140603092
-228774494 1307322177 1 0 1 0 0 -32768 -28902859191 -536870912 1 536870912 -47311277607 -27829117367 0 0 -1073741824 -1536096671 -28365988279 -2269279531 -3784902212
0 0 1 0 0 0 0 -32768 -28902859191 -536870912 1 536870912 -47311277607 -27829117367 0 0 -1073741824 -1536096671 -28365988279 -2269279531 -3784902212
1935465809 1597691694 0 0 1 0 0 0 6774301647 536870912 1 0 -27829117367 5700559823 1 1 1073741824 337774115 6237430735 498994562 -2226329391
0 0 1 0 0 0 0 0 6774301647 536870912 1 0 -27829117367 5700559823 1 1 1073741824 337774115 6237430735 498994562 -2226329391
755303890 -1319113467 1 0 1 0 0 32768 38306767760 0 1 536870912 5700559823 37233025936 0 0 1073741824 2074417357 38306767760 3064542054 456044786
0 0 1 0 0 0 0 32768 38306767760 0 1 536870912 5700559823 37233025936 0 0 1073741824 2074417357 38306767760 3064542054 456044786
0 -16384 1 0 1 0 0 16393 537173464 536870912 0 -536870912 37233025936 0 0 0 537173464 16384 302552 24204 2978642078
0 0 1 0 0 0 0 16393 537173464 536870912 0 -536870912 37233025936 0 0 0 537173464 16384 302552 24204 2978642078
0 -49152 1 0 1 0 0 -16356 -535963258 -536870912 0 -536798300 0 0 0 0 -535963258 49152 907654 72612 0
0 0 1 0 0 0 0 -16356 -535963258 -536870912 0 -536798300 0 0 0 0 -535963258 49152 907654 72612 0
0 -65536 1 0 1 0 0 -16345 -535588094 -536798300 0 -536701484 0 0 0 0 -535588094 65536 1210206 96816 0
0 0 1 0 0 0 0 -16345 -535588094 -536798300 0 -536701484 0 0 0 0 -535588094 65536 1210206 96816 0
0 -196608 1 0 1 0 0 -16268 -533070866 -536701484 0 -536411034 0 0 0 0 -533070866 196608 3630618 290450 0
0 0 1 0 0 0 0 -16268 -533070866 -536701484 0 -536411034 0 0 0 0 -533070866 196608 3630618 290450 0
0 16384 1 0 1 0 0 -16379 -536713586 -536411034 0 -536435238 0 0 0 0 -536713586 -16384 -302552 -24204 0
0 0 1 0 0 0 0 -16379 -536713586 -536411034 0 -536435238 0 0 0 0 -536713586 -16384 -302552 -24204 0
0 49152 1 0 1 0 0 -16398 -537342892 -536435238 0 -536507850 0 0 0 0 -537342892 -49152 -907654 -72612 0
0 0 1 0 0 0 0 -16398 -537342892 -536435238 0 -536507850 0 0 0 0 -537342892 -49152 -907654 -72612 0
0 65536 1 0 1 0 0 -16410 -537718056 -536507850 0 -536604666 0 0 0 0 -537718056 -65536 -1210206 -96816 0
0 0 1 0 0 0 0 -16410 -537718056 -536507850 0 -536604666 0 0 0 0 -537718056 -65536 -1210206 -96816 0
0 196608 1 0 1 0 0 -16487 -540235284 -536604666 0 -536870912 0 0 0 0 -540235284 -196608 -3630618 -290450 0
0 0 1 0 0 0 0 -16487 -540235284 -536604666 0 -536870912 0 0 0 0 -540235284 -196608 -3630618 -290450 0
0 0 1 1 1 0 0 0 -536870912 -536870912 0 0 0 0 1 1 -536870912 0 0 0 0
0 0 1 0 0 0 0 0 -536870912 -536870912 0 0 0 0 1 1 -536870912 0 0 0 0
356144787 -356144787 1 0 1 0 0 32768 13153337344 0 1 536870912 0 12079595520 0 0 1073741824 712289574 13153337344 1052267205 0
0 0 1 0 0 0 0 32768 13153337344 0 1 536870912 0 12079595520 0 0 1073741824 712289574 13153337344 1052267205 0
0 0 1 0 1 0 0 16384 536870912 536870912 0 -429496730 12079595520 0 0 0 536870912 0 0 0 966367642
0 0 1 0 0 0 0 16384 536870912 536870912 0 -429496730 12079595520 0 0 0 536870912 0 0 0 966367642
0 0 1 1 1 0 0 0 -429496730 -429496730 0 0 0 0 1 1 -429496730 0 0 0 0
0 0 1 0 0 0 0 0 -429496730 -429496730 0 0 0 0 1 1 -429496730 0 0 0 0
443363918 -443363919 1 0 1 0 0 32768 16374562816 0 1 536870912 0 15300820992 0 0 1073741824 886727837 16374562816 1309965296 0
0 0 1 0 0 0 0 32768 16374562816 0 1 536870912 0 15300820992 0 0 1073741824 886727837 16374562816 1309965296 0
0 0 1 0 1 0 0 16384 536870912 536870912 0 -536870912 15300820992 0 0 0 536870912 0 0 0 1224065680
0 0 1 0 0 0 0 16384 536870912 536870912 0 -536870912 15300820992 0 0 0 536870912 0 0 0 1224065680
0 0 1 1 1 0 0 0 -536870912 -536870912 0 0 0 0 1 1 -536870912 0 0 0 0
0 0 1 0 0 0 0 0 -536870912 -536870912 0 0 0 0 1 1 -536870912 0 0 0 0
530583050 -530583050 1 0 1 0 0 32768 19595788288 0 1 536870912 0 18522046464 0 0 1073741824 1061166100 19595788288 1567663387 0
0 0 1 0 0 0 0 32768 19595788288 0 1 536870912 0 18522046464 0 0 1073741824 1061166100 19595788288 1567663387 0
0 0 1 0 1 0 0 16384 536870912 536870912 0 -536870912 18522046464 0 0 0 536870912 0 0 0 1481763718
0 0 1 0 0 0 0 16384 536870912 536870912 0 -536870912 18522046464 0 0 0 536870912 0 0 0 1481763718
0 0 1 1 1 0 0 0 -536870912 -536870912 0 0 0 0 1 1 -536870912 0 0 0 0
0 0 1 0 0 0 0 0 -536870912 -536870912 0 0 0 0 1 1 -536870912 0 0 0 0
1155653492 -1155653493 1 0 1 0 0 32768 42681237504 0 1 536870912 0 41607495680 0 0 1073741824 2311306985 42681237504 3414499706 0
0 0 1 0 0 0 0 32768 42681237504 0 1 536870912 0 41607495680 0 0 1073741824 2311306985 42681237504 3414499706 0
0 0 1 0 1 0 0 16384 536870912 536870912 0 -536870912 41607495680 0 0 0 536870912 0 0 0 3328599658
0 0 1 0 0 0 0 16384 536870912 536870912 0 -536870912 41607495680 0 0 0 536870912 0 0 0 3328599658
0 0 1 1 1 0 0 0 -536870912 -536870912 0 0 0 0 1 1 -536870912 0 0 0 0
0 0 1 0 0 0 0 0 -536870912 -536870912 0 0 0 0 1 1 -536870912 0 0 0 0
1242872624 -1242872624 1 0 1 0 0 32768 45902462976 0 1 536870912 0 44828721152 0 0 1073741824 2485745248 45902462976 3672197797 0
0 0 1 0 0 0 0 32768 45902462976 0 1 536870912 0 44828721152 0 0 1073741824 2485745248 45902462976 3672197797 0
0 0 1 0 1 0 0 16384 536870912 536870912 0 -536870912 44828721152 0 0 0 536870912 0 0 0 3586297696
0 0 1 0 0 0 0 16384 536870912 536870912 0 -536870912 44828721152 0 0 0 536870912 0 0 0 3586297696
0 0 1 1 1 0 0 0 -536870912 -536870912 0 0 0 0 1 1 -536870912 0 0 0 0
0 0 1 0 0 0 0 0 -536870912 -536870912 0 0 0 0 1 1 -536870912 0 0 0 0
1330091755 -1330091756 1 0 1 0 0 32768 49123688448 0 1 536870912 0 48049946624 0 0 1073741824 2660183511 49123688448 3929895888 0
0 0 1 0 0 0 0 32768 49123688448 0 1 536870912 0 48049946624 0 0 1073741824 2660183511 49123688448 3929895888 0
0 0 1 0 1 0 0 16384 536870912 536870912 0 -536870912 48049946624 0 0 0 536870912 0 0 0 3843995734
0 0 1 0 0 0 0 16384 536870912 536870912 0 -536870912 48049946624 0 0 0 536870912 0 0 0 3843995734
0 0 1 1 1 0 0 0 -536870912 -536870912 0 0 0 0 1 1 -536870912 0 0 0 0
0 0 1 0 0 0 0 0 -536870912 -536870912 0 0 0 0 1 1 -536870912 0 0 0 0
2042381329 -2042381330 1 0 1 0 0 32768 75430363136 0 1 536870912 0 74356621312 0 0 1073741824 4084762659 75430363136 6034430297 0
0 0 1 0 0 0 0 32768 75430363136 0 1 536870912 0 74356621312 0 0 1073741824 4084762659 75430363136 6034430297 0
0 0 1 0 1 0 0 16384 536870912 536870912 0 -536870912 74356621312 0 0 0 536870912 0 0 0 5948529710
0 0 1 0 0 0 0 16384 536870912 536870912 0 -536870912 74356621312 0 0 0 536870912 0 0 0 5948529710
0 0 1 1 1 0 0 0 -536870912 -536870912 0 0 0 0 1 1 -536870912 0 0 0 0
0 0 1 0 0 0 0 0 -536870912 -536870912 0 0 0 0 1 1 -536870912 0 0 0 0
-356144787 356144787 1 0 1 0 0 -32768 -13153337344 0 1 -536870912 0 -12079595520 0 0 -1073741824 -712289574 -13153337344 -1052267205 0
0 0 1 0 0 0 0 -32768 -13153337344 0 1 -536870912 0 -12079595520 0 0 -1073741824 -712289574 -13153337344 -1052267205 0
0 0 1 0 1 0 0 -16384 -536870912 -536870912 0 429496730 -12079595520 0 0 0 -536870912 0 0 0 -966367642
0 0 1 0 0 0 0 -16384 -536870912 -536870912 0 429496730 -12079595520 0 0 0 -536870912 0 0 0 -966367642
0 0 1 1 1 0 0 0 429496730 429496730 0 0 0 0 1 1 429496730 0 0 0 0
0 0 1 0 0 0 0 0 429496730 429496730 0 0 0 0 1 1 429496730 0 0 0 0
-443363919 443363918 1 0 1 0 0 -32768 -16374562816 0 1 -536870912 0 -15300820992 0 0 -1073741824 -886727837 -16374562816 -1309965296 0
0 0 1 0 0 0 0 -32768 -16374562816 0 1 -536870912 0 -15300820992 0 0 -1073741824 -886727837 -16374562816 -1309965296 0
0 0 1 0 1 0 0 -16384 -536870912 -536870912 0 536870912 -15300820992 0 0 0 -536870912 0 0 0 -1224065680
0 0 1 0 0 0 0 -16384 -536870912 -536870912 0 536870912 -15300820992 0 0 0 -536870912 0 0 0 -1224065680
0 0 1 1 1 0 0 0 536870912 536870912 0 0 0 0 1 1 536870912 0 0 0 0
0 0 1 0 0 0 0 0 536870912 536870912 0 0 0 0 1 1 536870912 0 0 0 0
-530583050 530583050 1 0 1 0 0 -32768 -19595788288 0 1 -536870912 0 -18522046464 0 0 -1073741824 -1061166100 -19595788288 -1567663387 0
0 0 1 0 0 0 0 -32768 -19595788288 0 1 -536870912 0 -18522046464 0 0 -1073741824 -1061166100 -19595788288 -1567663387 0
0 0 1 0 1 0 0 -16384 -536870912 -536870912 0 536870912 -18522046464 0 0 0 -536870912 0 0 0 -1481763718
0 0 1 0 0 0 0 -16384 -536870912 -536870912 0 536870912 -18522046464 0 0 0 -536870912 0 0 0 -1481763718
0 0 1 1 1 0 0 0 536870912 536870912 0 0 0 0 1 1 536870912 0 0 0 0
0 0 1 0 0 0 0 0 536870912 536870912 0 0 0 0 1 1 536870912 0 0 0 0
-1155653493 1155653492 1 0 1 0 0 -32768 -42681237504 0 1 -536870912 0 -41607495680 0 0 -1073741824 -2311306985 -42681237504 -3414499706 0
0 0 1 0 0 0 0 -32768 -42681237504 0 1 -536870912 0 -41607495680 0 0 -1073741824 -2311306985 -42681237504 -3414499706 0
0 0 1 0 1 0 0 -16384 -536870912 -536870912 0 536870912 -41607495680 0 0 0 -536870912 0 0 0 -3328599658
0 0 1 0 0 0 0 -16384 -536870912 -536870912 0 536870912 -41607495680 0 0 0 -536870912 0 0 0 -3328599658
0 0 1 1 1 0 0 0 536870912 536870912 0 0 0 0 1 1 536870912 0 0 0 0
0 0 1 0 0 0 0 0 536870912 536870912 0 0 0 0 1 1 536870912 0 0 0 0
-1242872624 1242872624 1 0 1 0 0 -32768 -45902462976 0 1 -536870912 0 -44828721152 0 0 -1073741824 -2485745248 -45902462976 -3672197797 0
0 0 1 0 0 0 0 -32768 -45902462976 0 1 -536870912 0 -44828721152 0 0 -1073741824 -2485745248 -45902462976 -3672197797 0
0 0 1 0 1 0 0 -16384 -536870912 -536870912 0 536870912 -44828721152 0 0 0 -536870912 0 0 0 -3586297696
0 0 1 0 0 0 0 -16384 -536870912 -536870912 0 536870912 -44828721152 0 0 0 -536870912 0 0 0 -3586297696
0 0 1 1 1 0 0 0 536870912 536870912 0 0 0 0 1 1 536870912 0 0 0 0
0 0 1 0 0 0 0 0 536870912 536870912 0 0 0 0 1 1 536870912 0 0 0 0
-1330091756 1330091755 1 0 1 0 0 -32768 -49123688448 0 1 -536870912 0 -48049946624 0 0 -1073741824 -2660183511 -49123688448 -3929895888 0
0 0 1 0 0 0 0 -32768 -49123688448 0 1 -536870912 0 -48049946624 0 0 -1073741824 -2660183511 -49123688448 -3929895888 0
0 0 1 0 1 0 0 -16384 -536870912 -536870912 0 536870912 -48049946624 0 0 0 -536870912 0 0 0 -3843995734
0 0 1 0 0 0 0 -16384 -536870912 -536870912 0 536870912 -48049946624 0 0 0 -536870912 0 0 0 -3843995734
0 0 1 1 1 0 0 0 536870912 536870912 0 0 0 0 1 1 536870912 0 0 0 0
0 0 1 0 0 0 0 0 536870912 536870912 0 0 0 0 1 1 536870912 0 0 0 0
-2042381330 2042381329 1 0 1 0 0 -32768 -75430363136 0 1 -536870912 0 -74356621312 0 0 -1073741824 -4084762659 -75430363136 -6034430297 0
0 0 1 0 0 0 0 -32768 -75430363136 0 1 -536870912 0 -74356621312 0 0 -1073741824 -4084762659 -75430363136 -6034430297 0
0 0 1 0 1 0 0 -16384 -536870912 -536870912 0 536870912 -74356621312 0 0 0 -536870912 0 0 0 -5948529710
0 0 1 0 0 0 0 -16384 -536870912 -536870912 0 536870912 -74356621312 0 0 0 -536870912 0 0 0 -5948529710
0 0 1 1 1 0 0 0 536870912 536870912 0 0 0 0 1 1 536870912 0 0 0 0
0 0 1 0 0 0 0 0 536870912 536870912 0 0 0 0 1 1 536870912 0 0 0 0
0 -18632 1 0 1 0 0 10 344064 0 0 27525 0 0 0 0 344064 18632 344064 27525 0
0 0 1 0 0 0 0 10 344064 0 0 27525 0 0 0 0 344064 18632 344064 27525 0
0 0 1 1 1 0 0 0 27525 27525 0 0 0 0 1 1 27525 0 0 0 0
0 0 1 0 0 0 0 0 27525 27525 0 0 0 0 1 1 27525 0 0 0 0
0 18632 1 0 1 0 0 -10 -344064 0 0 -27525 0 0 0 0 -344064 -18632 -344064 -27525 0
0 0 1 0 0 0 0 -10 -344064 0 0 -27525 0 0 0 0 -344064 -18632 -344064 -27525 0
0 0 1 1 1 0 0 0 -27525 -27525 0 0 0 0 1 1 -27525 0 0 0 0
0 0 1 0 0 0 0 0 -27525 -27525 0 0 0 0 1 1 -27525 0 0 0 0
0 -59445 1 0 1 0 0 34 1097728 0 0 87818 0 0 0 0 1097728 59445 1097728 87818 0
0 0 1 0 0 0 0 34 1097728 0 0 87818 0 0 0 0 1097728 59445 1097728 87818 0
0 0 1 1 1 0 0 0 87818 87818 0 0 0 0 1 1 87818 0 0 0 0
0 0 1 0 0 0 0 0 87818 87818 0 0 0 0 1 1 87818 0 0 0 0
0 59445 1 0 1 0 0 -34 -1097728 0 0 -87818 0 0 0 0 -1097728 -59445 -1097728 -87818 0
0 0 1 0 0 0 0 -34 -1097728 0 0 -87818 0 0 0 0 -1097728 -59445 -1097728 -87818 0
0 0 1 1 1 0 0 0 -87818 -87818 0 0 0 0 1 1 -87818 0 0 0 0
0 0 1 0 0 0 0 0 -87818 -87818 0 0 0 0 1 1 -87818 0 0 0 0
0 -100258 1 0 1 0 0 56 1851392 0 0 148111 0 0 0 0 1851392 100258 1851392 148111 0
0 0 1 0 0 0 0 56 1851392 0 0 148111 0 0 0 0 1851392 100258 1851392 148111 0
0 0 1 1 1 0 0 0 148111 148111 0 0 0 0 1 1 148111 0 0 0 0
0 0 1 0 0 0 0 0 148111 148111 0 0 0 0 1 1 148111 0 0 0 0
0 100258 1 0 1 0 0 -56 -1851392 0 0 -148111 0 0 0 0 -1851392 -100258 -1851392 -148111 0
0 0 1 0 0 0 0 -56 -1851392 0 0 -148111 0 0 0 0 -1851392 -100258 -1851392 -148111 0
0 0 1 1 1 0 0 0 -148111 -148111 0 0 0 0 1 1 -148111 0 0 0 0
0 0 1 0 0 0 0 0 -148111 -148111 0 0 0 0 1 1 -148111 0 0 0 0
0 -141071 1 0 1 0 0 80 2605056 0 0 208405 0 0 0 0 2605056 141071 2605056 208405 0
0 0 1 0 0 0 0 80 2605056 0 0 208405 0 0 0 0 2605056 141071 2605056 208405 0
0 0 1 1 1 0 0 0 208405 208405 0 0 0 0 1 1 208405 0 0 0 0
0 0 1 0 0 0 0 0 208405 208405 0 0 0 0 1 1 208405 0 0 0 0
0 141071 1 0 1 0 0 -80 -2605056 0 0 -208405 0 0 0 0 -2605056 -141071 -2605056 -208405 0
0 0 1 0 0 0 0 -80 -2605056 0 0 -208405 0 0 0 0 -2605056 -141071 -2605056 -208405 0
0 0 1 1 1 0 0 0 -208405 -208405 0 0 0 0 1 1 -208405 0 0 0 0
0 0 0 1 1 0 0 0 -208405 -208405 0 0 0 0 1 1 -208405 0 0 0 0
0 0 0 1 1 0 0 0 -208405 -208405 0 0 0 0 1 1 -208405 0 0 0 0
0 0 0 1 0 0 0 0 -208405 -208405 0 0 0 0 1 1 -208405 0 0 0 0
0 0 0 1 0 0 0 0 -208405 -208405 0 0 0 0 1 1 -208405 0 0 0 0
0 0 0 1 0 0 0 0 -208405 -208405 0 0 0 0 1 1 -208405 0 0 0 0
0 0 0 1 0 0 0 0 -208405 -208405 0 0 0 0 1 1 -208405 0 0 0 0
