time_s,v_ref_mmps,v_mmps,speed_pi_iq_ref_A,iq_A,result_count,new_result,accepted_id,active_id,fault_code,needs_reset,x_ref_mm,x_mm,iq_ref_A
0,0,0,0,0,0,0,0,0,0,0,0,0,0
0.0001,0,0,0,0,0,0,1,0,0,0,0,0,0
0.0002,0,0,0,0,0,0,2,1,0,0,0,0,0
0.0003,0,0,0,0,0,0,3,2,0,0,0,0,0
0.0004,0,0,0,0,0,0,4,3,0,0,0,0,0
0.0005,0,0,0,0,0,0,5,4,0,0,0,0,0
0.0006,0,0,0,0,0,0,6,5,0,0,0,0,0
0.0007,0,0,0,0,0,0,7,6,0,0,0,0,0
0.0008,0,0,0,0,0,0,8,7,0,0,0,0,0
0.0009,0,0,0,0,0,0,9,8,0,0,0,0,0
0.001,0,0,0,0,1,1,10,9,0,0,0,0,0
0.0011,0,0,0,0,1,0,11,10,0,0,0,0,0
0.0012,0,0,0,0,1,0,12,11,0,0,0,0,0
0.0013,0,0,0,0,1,0,13,12,0,0,0,0,0
0.0014,0,0,0,0,1,0,14,13,0,0,0,0,0
0.0015,0,0,0,0,1,0,15,14,0,0,0,0,0
0.0016,0,0,0,0,1,0,16,15,0,0,0,0,0
0.0017,0,0,0,0,1,0,17,16,0,0,0,0,0
0.0018,0,0,0,0,1,0,18,17,0,0,0,0,0
0.0019,0,0,0,0,1,0,19,18,0,0,0,0,0
0.002,0,0,0,0,2,1,20,19,0,0,0,0,0
0.0021,0,0,0,0,2,0,21,20,0,0,0,0,0
0.0022,0,0,0,0,2,0,22,21,0,0,0,0,0
0.0023,0,0,0,0,2,0,23,22,0,0,0,0,0
0.0024,0,0,0,0,2,0,24,23,0,0,0,0,0
0.0025,0,0,0,0,2,0,25,24,0,0,0,0,0
0.0026,0,0,0,0,2,0,26,25,0,0,0,0,0
0.0027,0,0,0,0,2,0,27,26,0,0,0,0,0
0.0028,0,0,0,0,2,0,28,27,0,0,0,0,0
0.0029,0,0,0,0,2,0,29,28,0,0,0,0,0
0.003,0,0,0,0,3,1,30,29,0,0,0,0,0
0.0031,0,0,0,0,3,0,31,30,0,0,0,0,0
0.0032,0,0,0,0,3,0,32,31,0,0,0,0,0
0.0033,0,0,0,0,3,0,33,32,0,0,0,0,0
0.0034,0,0,0,0,3,0,34,33,0,0,0,0,0
0.0035,0,0,0,0,3,0,35,34,0,0,0,0,0
0.0036,0,0,0,0,3,0,36,35,0,0,0,0,0
0.0037,0,0,0,0,3,0,37,36,0,0,0,0,0
0.0038,0,0,0,0,3,0,38,37,0,0,0,0,0
0.0039,0,0,0,0,3,0,39,38,0,0,0,0,0
0.004,0,0,0,0,4,1,40,39,0,0,0,0,0
0.0041,0,0,0,0,4,0,41,40,0,0,0,0,0
0.0042,0,0,0,0,4,0,42,41,0,0,0,0,0
0.0043,0,0,0,0,4,0,43,42,0,0,0,0,0
0.0044,0,0,0,0,4,0,44,43,0,0,0,0,0
0.0045,0,0,0,0,4,0,45,44,0,0,0,0,0
0.0046,0,0,0,0,4,0,46,45,0,0,0,0,0
0.0047,0,0,0,0,4,0,47,46,0,0,0,0,0
0.0048,0,0,0,0,4,0,48,47,0,0,0,0,0
0.0049,0,0,0,0,4,0,49,48,0,0,0,0,0
0.005,0,0,0,0,5,1,50,49,0,0,0,0,0
0.0051,0,0,0,0,5,0,51,50,0,0,0,0,0
0.0052,0,0,0,0,5,0,52,51,0,0,0,0,0
0.0053,0,0,0,0,5,0,53,52,0,0,0,0,0
0.0054,0,0,0,0,5,0,54,53,0,0,0,0,0
0.0055,0,0,0,0,5,0,55,54,0,0,0,0,0
0.0056,0,0,0,0,5,0,56,55,0,0,0,0,0
0.0057,0,0,0,0,5,0,57,56,0,0,0,0,0
0.0058,0,0,0,0,5,0,58,57,0,0,0,0,0
0.0059,0,0,0,0,5,0,59,58,0,0,0,0,0
0.006,0,0,0,0,6,1,60,59,0,0,0,0,0
0.0061,0,0,0,0,6,0,61,60,0,0,0,0,0
0.0062,0,0,0,0,6,0,62,61,0,0,0,0,0
0.0063,0,0,0,0,6,0,63,62,0,0,0,0,0
0.0064,0,0,0,0,6,0,64,63,0,0,0,0,0
0.0065,0,0,0,0,6,0,65,64,0,0,0,0,0
0.0066,0,0,0,0,6,0,66,65,0,0,0,0,0
0.0067,0,0,0,0,6,0,67,66,0,0,0,0,0
0.0068,0,0,0,0,6,0,68,67,0,0,0,0,0
0.0069,0,0,0,0,6,0,69,68,0,0,0,0,0
0.007,0,0,0,0,7,1,70,69,0,0,0,0,0
0.0071,0,0,0,0,7,0,71,70,0,0,0,0,0
0.0072,0,0,0,0,7,0,72,71,0,0,0,0,0
0.0073,0,0,0,0,7,0,73,72,0,0,0,0,0
0.0074,0,0,0,0,7,0,74,73,0,0,0,0,0
0.0075,0,0,0,0,7,0,75,74,0,0,0,0,0
0.0076,0,0,0,0,7,0,76,75,0,0,0,0,0
0.0077,0,0,0,0,7,0,77,76,0,0,0,0,0
0.0078,0,0,0,0,7,0,78,77,0,0,0,0,0
0.0079,0,0,0,0,7,0,79,78,0,0,0,0,0
0.008,0,0,0,0,8,1,80,79,0,0,0,0,0
0.0081,0,0,0,0,8,0,81,80,0,0,0,0,0
0.0082,0,0,0,0,8,0,82,81,0,0,0,0,0
0.0083,0,0,0,0,8,0,83,82,0,0,0,0,0
0.0084,0,0,0,0,8,0,84,83,0,0,0,0,0
0.0085,0,0,0,0,8,0,85,84,0,0,0,0,0
0.0086,0,0,0,0,8,0,86,85,0,0,0,0,0
0.0087,0,0,0,0,8,0,87,86,0,0,0,0,0
0.0088,0,0,0,0,8,0,88,87,0,0,0,0,0
0.0089,0,0,0,0,8,0,89,88,0,0,0,0,0
0.009,0,0,0,0,9,1,90,89,0,0,0,0,0
0.0091,0,0,0,0,9,0,91,90,0,0,0,0,0
0.0092,0,0,0,0,9,0,92,91,0,0,0,0,0
0.0093,0,0,0,0,9,0,93,92,0,0,0,0,0
0.0094,0,0,0,0,9,0,94,93,0,0,0,0,0
0.0095,0,0,0,0,9,0,95,94,0,0,0,0,0
0.0096,0,0,0,0,9,0,96,95,0,0,0,0,0
0.0097,0,0,0,0,9,0,97,96,0,0,0,0,0
0.0098,0,0,0,0,9,0,98,97,0,0,0,0,0
0.0099,0,0,0,0,9,0,99,98,0,0,0,0,0
0.01,0,0,0,0,10,1,100,99,0,0,0,0,0
0.0101,0,0,0,0,10,0,101,100,0,0,0,0,0
0.0102,0,0,0,0,10,0,102,101,0,0,0,0,0
0.0103,0,0,0,0,10,0,103,102,0,0,0,0,0
0.0104,0,0,0,0,10,0,104,103,0,0,0,0,0
0.0105,0,0,0,0,10,0,105,104,0,0,0,0,0
0.0106,0,0,0,0,10,0,106,105,0,0,0,0,0
0.0107,0,0,0,0,10,0,107,106,0,0,0,0,0
0.0108,0,0,0,0,10,0,108,107,0,0,0,0,0
0.0109,0,0,0,0,10,0,109,108,0,0,0,0,0
0.011,0,0,0,0,11,1,110,109,0,0,0,0,0
0.0111,0,0,0,0,11,0,111,110,0,0,0,0,0
0.0112,0,0,0,0,11,0,112,111,0,0,0,0,0
0.0113,0,0,0,0,11,0,113,112,0,0,0,0,0
0.0114,0,0,0,0,11,0,114,113,0,0,0,0,0
0.0115,0,0,0,0,11,0,115,114,0,0,0,0,0
0.0116,0,0,0,0,11,0,116,115,0,0,0,0,0
0.0117,0,0,0,0,11,0,117,116,0,0,0,0,0
0.0118,0,0,0,0,11,0,118,117,0,0,0,0,0
0.0119,0,0,0,0,11,0,119,118,0,0,0,0,0
0.012,0,0,0,0,12,1,120,119,0,0,0,0,0
0.0121,0,0,0,0,12,0,121,120,0,0,0,0,0
0.0122,0,0,0,0,12,0,122,121,0,0,0,0,0
0.0123,0,0,0,0,12,0,123,122,0,0,0,0,0
0.0124,0,0,0,0,12,0,124,123,0,0,0,0,0
0.0125,0,0,0,0,12,0,125,124,0,0,0,0,0
0.0126,0,0,0,0,12,0,126,125,0,0,0,0,0
0.0127,0,0,0,0,12,0,127,126,0,0,0,0,0
0.0128,0,0,0,0,12,0,128,127,0,0,0,0,0
0.0129,0,0,0,0,12,0,129,128,0,0,0,0,0
0.013,0,0,0,0,13,1,130,129,0,0,0,0,0
0.0131,0,0,0,0,13,0,131,130,0,0,0,0,0
0.0132,0,0,0,0,13,0,132,131,0,0,0,0,0
0.0133,0,0,0,0,13,0,133,132,0,0,0,0,0
0.0134,0,0,0,0,13,0,134,133,0,0,0,0,0
0.0135,0,0,0,0,13,0,135,134,0,0,0,0,0
0.0136,0,0,0,0,13,0,136,135,0,0,0,0,0
0.0137,0,0,0,0,13,0,137,136,0,0,0,0,0
0.0138,0,0,0,0,13,0,138,137,0,0,0,0,0
0.0139,0,0,0,0,13,0,139,138,0,0,0,0,0
0.014,0,0,0,0,14,1,140,139,0,0,0,0,0
0.0141,0,0,0,0,14,0,141,140,0,0,0,0,0
0.0142,0,0,0,0,14,0,142,141,0,0,0,0,0
0.0143,0,0,0,0,14,0,143,142,0,0,0,0,0
0.0144,0,0,0,0,14,0,144,143,0,0,0,0,0
0.0145,0,0,0,0,14,0,145,144,0,0,0,0,0
0.0146,0,0,0,0,14,0,146,145,0,0,0,0,0
0.0147,0,0,0,0,14,0,147,146,0,0,0,0,0
0.0148,0,0,0,0,14,0,148,147,0,0,0,0,0
0.0149,0,0,0,0,14,0,149,148,0,0,0,0,0
0.015,0,0,0,0,15,1,150,149,0,0,0,0,0
0.0151,0,0,0,0,15,0,151,150,0,0,0,0,0
0.0152,0,0,0,0,15,0,152,151,0,0,0,0,0
0.0153,0,0,0,0,15,0,153,152,0,0,0,0,0
0.0154,0,0,0,0,15,0,154,153,0,0,0,0,0
0.0155,0,0,0,0,15,0,155,154,0,0,0,0,0
0.0156,0,0,0,0,15,0,156,155,0,0,0,0,0
0.0157,0,0,0,0,15,0,157,156,0,0,0,0,0
0.0158,0,0,0,0,15,0,158,157,0,0,0,0,0
0.0159,0,0,0,0,15,0,159,158,0,0,0,0,0
0.016,0,0,0,0,16,1,160,159,0,0,0,0,0
0.0161,0,0,0,0,16,0,161,160,0,0,0,0,0
0.0162,0,0,0,0,16,0,162,161,0,0,0,0,0
0.0163,0,0,0,0,16,0,163,162,0,0,0,0,0
0.0164,0,0,0,0,16,0,164,163,0,0,0,0,0
0.0165,0,0,0,0,16,0,165,164,0,0,0,0,0
0.0166,0,0,0,0,16,0,166,165,0,0,0,0,0
0.0167,0,0,0,0,16,0,167,166,0,0,0,0,0
0.0168,0,0,0,0,16,0,168,167,0,0,0,0,0
0.0169,0,0,0,0,16,0,169,168,0,0,0,0,0
0.017,0,0,0,0,17,1,170,169,0,0,0,0,0
0.0171,0,0,0,0,17,0,171,170,0,0,0,0,0
0.0172,0,0,0,0,17,0,172,171,0,0,0,0,0
0.0173,0,0,0,0,17,0,173,172,0,0,0,0,0
0.0174,0,0,0,0,17,0,174,173,0,0,0,0,0
0.0175,0,0,0,0,17,0,175,174,0,0,0,0,0
0.0176,0,0,0,0,17,0,176,175,0,0,0,0,0
0.0177,0,0,0,0,17,0,177,176,0,0,0,0,0
0.0178,0,0,0,0,17,0,178,177,0,0,0,0,0
0.0179,0,0,0,0,17,0,179,178,0,0,0,0,0
0.018,0,0,0,0,18,1,180,179,0,0,0,0,0
0.0181,0,0,0,0,18,0,181,180,0,0,0,0,0
0.0182,0,0,0,0,18,0,182,181,0,0,0,0,0
0.0183,0,0,0,0,18,0,183,182,0,0,0,0,0
0.0184,0,0,0,0,18,0,184,183,0,0,0,0,0
0.0185,0,0,0,0,18,0,185,184,0,0,0,0,0
0.0186,0,0,0,0,18,0,186,185,0,0,0,0,0
0.0187,0,0,0,0,18,0,187,186,0,0,0,0,0
0.0188,0,0,0,0,18,0,188,187,0,0,0,0,0
0.0189,0,0,0,0,18,0,189,188,0,0,0,0,0
0.019,0,0,0,0,19,1,190,189,0,0,0,0,0
0.0191,0,0,0,0,19,0,191,190,0,0,0,0,0
0.0192,0,0,0,0,19,0,192,191,0,0,0,0,0
0.0193,0,0,0,0,19,0,193,192,0,0,0,0,0
0.0194,0,0,0,0,19,0,194,193,0,0,0,0,0
0.0195,0,0,0,0,19,0,195,194,0,0,0,0,0
0.0196,0,0,0,0,19,0,196,195,0,0,0,0,0
0.0197,0,0,0,0,19,0,197,196,0,0,0,0,0
0.0198,0,0,0,0,19,0,198,197,0,0,0,0,0
0.0199,0,0,0,0,19,0,199,198,0,0,0,0,0
0.02,0,0,0,0,20,1,200,199,0,0,0,0,0
0.0201,0,0,0,0,20,0,201,200,0,0,0,0,0
0.0202,0,0,0,0,20,0,202,201,0,0,0,0,0
0.0203,0,0,0,0,20,0,203,202,0,0,0,0,0
0.0204,0,0,0,0,20,0,204,203,0,0,0,0,0
0.0205,0,0,0,0,20,0,205,204,0,0,0,0,0
0.0206,0,0,0,0,20,0,206,205,0,0,0,0,0
0.0207,0,0,0,0,20,0,207,206,0,0,0,0,0
0.0208,0,0,0,0,20,0,208,207,0,0,0,0,0
0.0209,0,0,0,0,20,0,209,208,0,0,0,0,0
0.021,0,0,0,0,21,1,210,209,0,0,0,0,0
0.0211,0,0,0,0,21,0,211,210,0,0,0,0,0
0.0212,0,0,0,0,21,0,212,211,0,0,0,0,0
0.0213,0,0,0,0,21,0,213,212,0,0,0,0,0
0.0214,0,0,0,0,21,0,214,213,0,0,0,0,0
0.0215,0,0,0,0,21,0,215,214,0,0,0,0,0
0.0216,0,0,0,0,21,0,216,215,0,0,0,0,0
0.0217,0,0,0,0,21,0,217,216,0,0,0,0,0
0.0218,0,0,0,0,21,0,218,217,0,0,0,0,0
0.0219,0,0,0,0,21,0,219,218,0,0,0,0,0
0.022,0,0,0,0,22,1,220,219,0,0,0,0,0
0.0221,0,0,0,0,22,0,221,220,0,0,0,0,0
0.0222,0,0,0,0,22,0,222,221,0,0,0,0,0
0.0223,0,0,0,0,22,0,223,222,0,0,0,0,0
0.0224,0,0,0,0,22,0,224,223,0,0,0,0,0
0.0225,0,0,0,0,22,0,225,224,0,0,0,0,0
0.0226,0,0,0,0,22,0,226,225,0,0,0,0,0
0.0227,0,0,0,0,22,0,227,226,0,0,0,0,0
0.0228,0,0,0,0,22,0,228,227,0,0,0,0,0
0.0229,0,0,0,0,22,0,229,228,0,0,0,0,0
0.023,0,0,0,0,23,1,230,229,0,0,0,0,0
0.0231,0,0,0,0,23,0,231,230,0,0,0,0,0
0.0232,0,0,0,0,23,0,232,231,0,0,0,0,0
0.0233,0,0,0,0,23,0,233,232,0,0,0,0,0
0.0234,0,0,0,0,23,0,234,233,0,0,0,0,0
0.0235,0,0,0,0,23,0,235,234,0,0,0,0,0
0.0236,0,0,0,0,23,0,236,235,0,0,0,0,0
0.0237,0,0,0,0,23,0,237,236,0,0,0,0,0
0.0238,0,0,0,0,23,0,238,237,0,0,0,0,0
0.0239,0,0,0,0,23,0,239,238,0,0,0,0,0
0.024,0,0,0,0,24,1,240,239,0,0,0,0,0
0.0241,0,0,0,0,24,0,241,240,0,0,0,0,0
0.0242,0,0,0,0,24,0,242,241,0,0,0,0,0
0.0243,0,0,0,0,24,0,243,242,0,0,0,0,0
0.0244,0,0,0,0,24,0,244,243,0,0,0,0,0
0.0245,0,0,0,0,24,0,245,244,0,0,0,0,0
0.0246,0,0,0,0,24,0,246,245,0,0,0,0,0
0.0247,0,0,0,0,24,0,247,246,0,0,0,0,0
0.0248,0,0,0,0,24,0,248,247,0,0,0,0,0
0.0249,0,0,0,0,24,0,249,248,0,0,0,0,0
0.025,0,0,0,0,25,1,250,249,0,0,0,0,0
0.0251,0,0,0,0,25,0,251,250,0,0,0,0,0
0.0252,0,0,0,0,25,0,252,251,0,0,0,0,0
0.0253,0,0,0,0,25,0,253,252,0,0,0,0,0
0.0254,0,0,0,0,25,0,254,253,0,0,0,0,0
0.0255,0,0,0,0,25,0,255,254,0,0,0,0,0
0.0256,0,0,0,0,25,0,256,255,0,0,0,0,0
0.0257,0,0,0,0,25,0,257,256,0,0,0,0,0
0.0258,0,0,0,0,25,0,258,257,0,0,0,0,0
0.0259,0,0,0,0,25,0,259,258,0,0,0,0,0
0.026,0,0,0,0,26,1,260,259,0,0,0,0,0
0.0261,0,0,0,0,26,0,261,260,0,0,0,0,0
0.0262,0,0,0,0,26,0,262,261,0,0,0,0,0
0.0263,0,0,0,0,26,0,263,262,0,0,0,0,0
0.0264,0,0,0,0,26,0,264,263,0,0,0,0,0
0.0265,0,0,0,0,26,0,265,264,0,0,0,0,0
0.0266,0,0,0,0,26,0,266,265,0,0,0,0,0
0.0267,0,0,0,0,26,0,267,266,0,0,0,0,0
0.0268,0,0,0,0,26,0,268,267,0,0,0,0,0
0.0269,0,0,0,0,26,0,269,268,0,0,0,0,0
0.027,0,0,0,0,27,1,270,269,0,0,0,0,0
0.0271,0,0,0,0,27,0,271,270,0,0,0,0,0
0.0272,0,0,0,0,27,0,272,271,0,0,0,0,0
0.0273,0,0,0,0,27,0,273,272,0,0,0,0,0
0.0274,0,0,0,0,27,0,274,273,0,0,0,0,0
0.0275,0,0,0,0,27,0,275,274,0,0,0,0,0
0.0276,0,0,0,0,27,0,276,275,0,0,0,0,0
0.0277,0,0,0,0,27,0,277,276,0,0,0,0,0
0.0278,0,0,0,0,27,0,278,277,0,0,0,0,0
0.0279,0,0,0,0,27,0,279,278,0,0,0,0,0
0.028,0,0,0,0,28,1,280,279,0,0,0,0,0
0.0281,0,0,0,0,28,0,281,280,0,0,0,0,0
0.0282,0,0,0,0,28,0,282,281,0,0,0,0,0
0.0283,0,0,0,0,28,0,283,282,0,0,0,0,0
0.0284,0,0,0,0,28,0,284,283,0,0,0,0,0
0.0285,0,0,0,0,28,0,285,284,0,0,0,0,0
0.0286,0,0,0,0,28,0,286,285,0,0,0,0,0
0.0287,0,0,0,0,28,0,287,286,0,0,0,0,0
0.0288,0,0,0,0,28,0,288,287,0,0,0,0,0
0.0289,0,0,0,0,28,0,289,288,0,0,0,0,0
0.029,0,0,0,0,29,1,290,289,0,0,0,0,0
0.0291,0,0,0,0,29,0,291,290,0,0,0,0,0
0.0292,0,0,0,0,29,0,292,291,0,0,0,0,0
0.0293,0,0,0,0,29,0,293,292,0,0,0,0,0
0.0294,0,0,0,0,29,0,294,293,0,0,0,0,0
0.0295,0,0,0,0,29,0,295,294,0,0,0,0,0
0.0296,0,0,0,0,29,0,296,295,0,0,0,0,0
0.0297,0,0,0,0,29,0,297,296,0,0,0,0,0
0.0298,0,0,0,0,29,0,298,297,0,0,0,0,0
0.0299,0,0,0,0,29,0,299,298,0,0,0,0,0
0.03,0,0,0,0,30,1,300,299,0,0,0,0,0
0.0301,0,0,0,0,30,0,301,300,0,0,0,0,0
0.0302,0,0,0,0,30,0,302,301,0,0,0,0,0
0.0303,0,0,0,0,30,0,303,302,0,0,0,0,0
0.0304,0,0,0,0,30,0,304,303,0,0,0,0,0
0.0305,0,0,0,0,30,0,305,304,0,0,0,0,0
0.0306,0,0,0,0,30,0,306,305,0,0,0,0,0
0.0307,0,0,0,0,30,0,307,306,0,0,0,0,0
0.0308,0,0,0,0,30,0,308,307,0,0,0,0,0
0.0309,0,0,0,0,30,0,309,308,0,0,0,0,0
0.031,0,0,0,0,31,1,310,309,0,0,0,0,0
0.0311,0,0,0,0,31,0,311,310,0,0,0,0,0
0.0312,0,0,0,0,31,0,312,311,0,0,0,0,0
0.0313,0,0,0,0,31,0,313,312,0,0,0,0,0
0.0314,0,0,0,0,31,0,314,313,0,0,0,0,0
0.0315,0,0,0,0,31,0,315,314,0,0,0,0,0
0.0316,0,0,0,0,31,0,316,315,0,0,0,0,0
0.0317,0,0,0,0,31,0,317,316,0,0,0,0,0
0.0318,0,0,0,0,31,0,318,317,0,0,0,0,0
0.0319,0,0,0,0,31,0,319,318,0,0,0,0,0
0.032,0,0,0,0,32,1,320,319,0,0,0,0,0
0.0321,0,0,0,0,32,0,321,320,0,0,0,0,0
0.0322,0,0,0,0,32,0,322,321,0,0,0,0,0
0.0323,0,0,0,0,32,0,323,322,0,0,0,0,0
0.0324,0,0,0,0,32,0,324,323,0,0,0,0,0
0.0325,0,0,0,0,32,0,325,324,0,0,0,0,0
0.0326,0,0,0,0,32,0,326,325,0,0,0,0,0
0.0327,0,0,0,0,32,0,327,326,0,0,0,0,0
0.0328,0,0,0,0,32,0,328,327,0,0,0,0,0
0.0329,0,0,0,0,32,0,329,328,0,0,0,0,0
0.033,0,0,0,0,33,1,330,329,0,0,0,0,0
0.0331,0,0,0,0,33,0,331,330,0,0,0,0,0
0.0332,0,0,0,0,33,0,332,331,0,0,0,0,0
0.0333,0,0,0,0,33,0,333,332,0,0,0,0,0
0.0334,0,0,0,0,33,0,334,333,0,0,0,0,0
0.0335,0,0,0,0,33,0,335,334,0,0,0,0,0
0.0336,0,0,0,0,33,0,336,335,0,0,0,0,0
0.0337,0,0,0,0,33,0,337,336,0,0,0,0,0
0.0338,0,0,0,0,33,0,338,337,0,0,0,0,0
0.0339,0,0,0,0,33,0,339,338,0,0,0,0,0
0.034,0,0,0,0,34,1,340,339,0,0,0,0,0
0.0341,0,0,0,0,34,0,341,340,0,0,0,0,0
0.0342,0,0,0,0,34,0,342,341,0,0,0,0,0
0.0343,0,0,0,0,34,0,343,342,0,0,0,0,0
0.0344,0,0,0,0,34,0,344,343,0,0,0,0,0
0.0345,0,0,0,0,34,0,345,344,0,0,0,0,0
0.0346,0,0,0,0,34,0,346,345,0,0,0,0,0
0.0347,0,0,0,0,34,0,347,346,0,0,0,0,0
0.0348,0,0,0,0,34,0,348,347,0,0,0,0,0
0.0349,0,0,0,0,34,0,349,348,0,0,0,0,0
0.035,0,0,0,0,35,1,350,349,0,0,0,0,0
0.0351,0,0,0,0,35,0,351,350,0,0,0,0,0
0.0352,0,0,0,0,35,0,352,351,0,0,0,0,0
0.0353,0,0,0,0,35,0,353,352,0,0,0,0,0
0.0354,0,0,0,0,35,0,354,353,0,0,0,0,0
0.0355,0,0,0,0,35,0,355,354,0,0,0,0,0
0.0356,0,0,0,0,35,0,356,355,0,0,0,0,0
0.0357,0,0,0,0,35,0,357,356,0,0,0,0,0
0.0358,0,0,0,0,35,0,358,357,0,0,0,0,0
0.0359,0,0,0,0,35,0,359,358,0,0,0,0,0
0.036,0,0,0,0,36,1,360,359,0,0,0,0,0
0.0361,0,0,0,0,36,0,361,360,0,0,0,0,0
0.0362,0,0,0,0,36,0,362,361,0,0,0,0,0
0.0363,0,0,0,0,36,0,363,362,0,0,0,0,0
0.0364,0,0,0,0,36,0,364,363,0,0,0,0,0
0.0365,0,0,0,0,36,0,365,364,0,0,0,0,0
0.0366,0,0,0,0,36,0,366,365,0,0,0,0,0
0.0367,0,0,0,0,36,0,367,366,0,0,0,0,0
0.0368,0,0,0,0,36,0,368,367,0,0,0,0,0
0.0369,0,0,0,0,36,0,369,368,0,0,0,0,0
0.037,0,0,0,0,37,1,370,369,0,0,0,0,0
0.0371,0,0,0,0,37,0,371,370,0,0,0,0,0
0.0372,0,0,0,0,37,0,372,371,0,0,0,0,0
0.0373,0,0,0,0,37,0,373,372,0,0,0,0,0
0.0374,0,0,0,0,37,0,374,373,0,0,0,0,0
0.0375,0,0,0,0,37,0,375,374,0,0,0,0,0
0.0376,0,0,0,0,37,0,376,375,0,0,0,0,0
0.0377,0,0,0,0,37,0,377,376,0,0,0,0,0
0.0378,0,0,0,0,37,0,378,377,0,0,0,0,0
0.0379,0,0,0,0,37,0,379,378,0,0,0,0,0
0.038,0,0,0,0,38,1,380,379,0,0,0,0,0
0.0381,0,0,0,0,38,0,381,380,0,0,0,0,0
0.0382,0,0,0,0,38,0,382,381,0,0,0,0,0
0.0383,0,0,0,0,38,0,383,382,0,0,0,0,0
0.0384,0,0,0,0,38,0,384,383,0,0,0,0,0
0.0385,0,0,0,0,38,0,385,384,0,0,0,0,0
0.0386,0,0,0,0,38,0,386,385,0,0,0,0,0
0.0387,0,0,0,0,38,0,387,386,0,0,0,0,0
0.0388,0,0,0,0,38,0,388,387,0,0,0,0,0
0.0389,0,0,0,0,38,0,389,388,0,0,0,0,0
0.039,0,0,0,0,39,1,390,389,0,0,0,0,0
0.0391,0,0,0,0,39,0,391,390,0,0,0,0,0
0.0392,0,0,0,0,39,0,392,391,0,0,0,0,0
0.0393,0,0,0,0,39,0,393,392,0,0,0,0,0
0.0394,0,0,0,0,39,0,394,393,0,0,0,0,0
0.0395,0,0,0,0,39,0,395,394,0,0,0,0,0
0.0396,0,0,0,0,39,0,396,395,0,0,0,0,0
0.0397,0,0,0,0,39,0,397,396,0,0,0,0,0
0.0398,0,0,0,0,39,0,398,397,0,0,0,0,0
0.0399,0,0,0,0,39,0,399,398,0,0,0,0,0
0.04,0,0,0,0,40,1,400,399,0,0,0,0,0
0.0401,0,0,0,0,40,0,401,400,0,0,0,0,0
0.0402,0,0,0,0,40,0,402,401,0,0,0,0,0
0.0403,0,0,0,0,40,0,403,402,0,0,0,0,0
0.0404,0,0,0,0,40,0,404,403,0,0,0,0,0
0.0405,0,0,0,0,40,0,405,404,0,0,0,0,0
0.0406,0,0,0,0,40,0,406,405,0,0,0,0,0
0.0407,0,0,0,0,40,0,407,406,0,0,0,0,0
0.0408,0,0,0,0,40,0,408,407,0,0,0,0,0
0.0409,0,0,0,0,40,0,409,408,0,0,0,0,0
0.041,0,0,0,0,41,1,410,409,0,0,0,0,0
0.0411,0,0,0,0,41,0,411,410,0,0,0,0,0
0.0412,0,0,0,0,41,0,412,411,0,0,0,0,0
0.0413,0,0,0,0,41,0,413,412,0,0,0,0,0
0.0414,0,0,0,0,41,0,414,413,0,0,0,0,0
0.0415,0,0,0,0,41,0,415,414,0,0,0,0,0
0.0416,0,0,0,0,41,0,416,415,0,0,0,0,0
0.0417,0,0,0,0,41,0,417,416,0,0,0,0,0
0.0418,0,0,0,0,41,0,418,417,0,0,0,0,0
0.0419,0,0,0,0,41,0,419,418,0,0,0,0,0
0.042,0,0,0,0,42,1,420,419,0,0,0,0,0
0.0421,0,0,0,0,42,0,421,420,0,0,0,0,0
0.0422,0,0,0,0,42,0,422,421,0,0,0,0,0
0.0423,0,0,0,0,42,0,423,422,0,0,0,0,0
0.0424,0,0,0,0,42,0,424,423,0,0,0,0,0
0.0425,0,0,0,0,42,0,425,424,0,0,0,0,0
0.0426,0,0,0,0,42,0,426,425,0,0,0,0,0
0.0427,0,0,0,0,42,0,427,426,0,0,0,0,0
0.0428,0,0,0,0,42,0,428,427,0,0,0,0,0
0.0429,0,0,0,0,42,0,429,428,0,0,0,0,0
0.043,0,0,0,0,43,1,430,429,0,0,0,0,0
0.0431,0,0,0,0,43,0,431,430,0,0,0,0,0
0.0432,0,0,0,0,43,0,432,431,0,0,0,0,0
0.0433,0,0,0,0,43,0,433,432,0,0,0,0,0
0.0434,0,0,0,0,43,0,434,433,0,0,0,0,0
0.0435,0,0,0,0,43,0,435,434,0,0,0,0,0
0.0436,0,0,0,0,43,0,436,435,0,0,0,0,0
0.0437,0,0,0,0,43,0,437,436,0,0,0,0,0
0.0438,0,0,0,0,43,0,438,437,0,0,0,0,0
0.0439,0,0,0,0,43,0,439,438,0,0,0,0,0
0.044,0,0,0,0,44,1,440,439,0,0,0,0,0
0.0441,0,0,0,0,44,0,441,440,0,0,0,0,0
0.0442,0,0,0,0,44,0,442,441,0,0,0,0,0
0.0443,0,0,0,0,44,0,443,442,0,0,0,0,0
0.0444,0,0,0,0,44,0,444,443,0,0,0,0,0
0.0445,0,0,0,0,44,0,445,444,0,0,0,0,0
0.0446,0,0,0,0,44,0,446,445,0,0,0,0,0
0.0447,0,0,0,0,44,0,447,446,0,0,0,0,0
0.0448,0,0,0,0,44,0,448,447,0,0,0,0,0
0.0449,0,0,0,0,44,0,449,448,0,0,0,0,0
0.045,0,0,0,0,45,1,450,449,0,0,0,0,0
0.0451,0,0,0,0,45,0,451,450,0,0,0,0,0
0.0452,0,0,0,0,45,0,452,451,0,0,0,0,0
0.0453,0,0,0,0,45,0,453,452,0,0,0,0,0
0.0454,0,0,0,0,45,0,454,453,0,0,0,0,0
0.0455,0,0,0,0,45,0,455,454,0,0,0,0,0
0.0456,0,0,0,0,45,0,456,455,0,0,0,0,0
0.0457,0,0,0,0,45,0,457,456,0,0,0,0,0
0.0458,0,0,0,0,45,0,458,457,0,0,0,0,0
0.0459,0,0,0,0,45,0,459,458,0,0,0,0,0
0.046,0,0,0,0,46,1,460,459,0,0,0,0,0
0.0461,0,0,0,0,46,0,461,460,0,0,0,0,0
0.0462,0,0,0,0,46,0,462,461,0,0,0,0,0
0.0463,0,0,0,0,46,0,463,462,0,0,0,0,0
0.0464,0,0,0,0,46,0,464,463,0,0,0,0,0
0.0465,0,0,0,0,46,0,465,464,0,0,0,0,0
0.0466,0,0,0,0,46,0,466,465,0,0,0,0,0
0.0467,0,0,0,0,46,0,467,466,0,0,0,0,0
0.0468,0,0,0,0,46,0,468,467,0,0,0,0,0
0.0469,0,0,0,0,46,0,469,468,0,0,0,0,0
0.047,0,0,0,0,47,1,470,469,0,0,0,0,0
0.0471,0,0,0,0,47,0,471,470,0,0,0,0,0
0.0472,0,0,0,0,47,0,472,471,0,0,0,0,0
0.0473,0,0,0,0,47,0,473,472,0,0,0,0,0
0.0474,0,0,0,0,47,0,474,473,0,0,0,0,0
0.0475,0,0,0,0,47,0,475,474,0,0,0,0,0
0.0476,0,0,0,0,47,0,476,475,0,0,0,0,0
0.0477,0,0,0,0,47,0,477,476,0,0,0,0,0
0.0478,0,0,0,0,47,0,478,477,0,0,0,0,0
0.0479,0,0,0,0,47,0,479,478,0,0,0,0,0
0.048,0,0,0,0,48,1,480,479,0,0,0,0,0
0.0481,0,0,0,0,48,0,481,480,0,0,0,0,0
0.0482,0,0,0,0,48,0,482,481,0,0,0,0,0
0.0483,0,0,0,0,48,0,483,482,0,0,0,0,0
0.0484,0,0,0,0,48,0,484,483,0,0,0,0,0
0.0485,0,0,0,0,48,0,485,484,0,0,0,0,0
0.0486,0,0,0,0,48,0,486,485,0,0,0,0,0
0.0487,0,0,0,0,48,0,487,486,0,0,0,0,0
0.0488,0,0,0,0,48,0,488,487,0,0,0,0,0
0.0489,0,0,0,0,48,0,489,488,0,0,0,0,0
0.049,0,0,0,0,49,1,490,489,0,0,0,0,0
0.0491,0,0,0,0,49,0,491,490,0,0,0,0,0
0.0492,0,0,0,0,49,0,492,491,0,0,0,0,0
0.0493,0,0,0,0,49,0,493,492,0,0,0,0,0
0.0494,0,0,0,0,49,0,494,493,0,0,0,0,0
0.0495,0,0,0,0,49,0,495,494,0,0,0,0,0
0.0496,0,0,0,0,49,0,496,495,0,0,0,0,0
0.0497,0,0,0,0,49,0,497,496,0,0,0,0,0
0.0498,0,0,0,0,49,0,498,497,0,0,0,0,0
0.0499,0,0,0,0,49,0,499,498,0,0,0,0,0
0.05,0,0,0,0,50,1,500,499,0,0,0,0,0
0.0501,0,0,0,0,50,0,501,500,0,0,1.89508288242326e-13,0,0
0.0502,0,0,0,0,50,0,502,501,0,0,3.03019184010001e-12,0,0
0.0503,0,0,0,0,50,0,503,502,0,0,1.53305245286403e-11,0,0
0.0504,0,0,0,0,50,0,504,503,0,0,4.84209978849226e-11,0,0
0.0505,0,0,0,0,50,0,505,504,0,0,1.18139596378601e-10,0,0
0.0506,0,0,0,0,50,0,506,505,0,0,2.44817288232954e-10,0,0
0.0507,0,0,0,0,50,0,507,506,0,0,4.53263531774439e-10,0,0
0.0508,0,0,0,0,50,0,508,507,0,0,7.72751797316612e-10,0,0
0.0509,0,0,0,0,50,0,509,508,0,0,1.23700510457855e-09,0,0
0.051,0,0,0,0,51,1,510,509,0,0,1.88418157563787e-09,0,0
0.0511,0,0,0,0,51,0,511,510,0,0,2.75686000341781e-09,0,0
0.0512,0,0,0,0,51,0,512,511,0,0,3.90202543570944e-09,0,0
0.0513,0,0,0,0,51,0,513,512,0,0,5.37105477472749e-09,0,0
0.0514,0,0,0,0,51,0,514,513,0,0,7.21970239220122e-09,0,0
0.0515,0,0,0,0,51,0,515,514,0,0,9.50808576000003e-09,0,0
0.0516,0,0,0,0,51,0,516,515,0,0,1.23006710962922e-08,0,0
0.0517,0,0,0,0,51,0,517,516,0,0,1.56662590272402e-08,0,0
0.0518,0,0,0,0,51,0,518,517,0,0,1.9677970264228e-08,0,0
0.0519,0,0,0,0,51,0,519,518,0,0,2.44132312966245e-08,0,0
0.052,0,0,0,0,52,1,520,519,0,0,2.99537601000824e-08,0,0
0.0521,0,0,0,0,52,0,521,520,0,0,3.63855518603672e-08,0,0
0.0522,0,0,0,0,52,0,522,521,0,0,4.37988647127271e-08,0,0
0.0523,0,0,0,0,52,0,523,522,0,0,5.22882054967903e-08,0,0
0.0524,0,0,0,0,52,0,524,523,0,0,6.19523155270041e-08,0,0
0.0525,0,0,0,0,52,0,525,524,0,0,7.28941563786011e-08,0,0
0.0526,0,0,0,0,52,0,526,525,0,0,8.52208956891046e-08,0,0
0.0527,0,0,0,0,52,0,527,526,0,0,9.90438929753704e-08,0,0
0.0528,0,0,0,0,52,0,528,527,0,0,1.14478685466154e-07,0,0
0.0529,0,0,0,0,52,0,529,528,0,0,1.31644973950224e-07,0,0
0.053,0,0,0,0,53,1,530,529,0,0,1.50666608640001e-07,0,0
0.0531,0,0,0,0,53,0,531,530,0,0,1.71671575050732e-07,0,0
0.0532,0,0,0,0,53,0,532,531,0,0,1.94791979895209e-07,0,0
0.0533,0,0,0,0,53,0,533,532,0,0,2.20164036994006e-07,0,0
0.0534,0,0,0,0,53,0,534,533,0,0,2.47928053201267e-07,0,0
0.0535,0,0,0,0,53,0,535,534,0,0,2.78228414346009e-07,0,0
0.0536,0,0,0,0,53,0,536,535,0,0,3.11213571188981e-07,0,0
0.0537,0,0,0,0,53,0,537,536,0,0,3.47036025395049e-07,0,0
0.0538,0,0,0,0,53,0,538,537,0,0,3.85852315521099e-07,0,0
0.0539,0,0,0,0,53,0,539,538,0,0,4.2782300301951e-07,0,0
0.054,0,0,0,0,54,1,540,539,0,0,4.73112658257118e-07,0,0
0.0541,0,0,0,0,54,0,541,540,0,0,5.2188984654976e-07,0,0
0.0542,0,0,0,0,54,0,542,541,0,0,5.74327114212312e-07,0,0
0.0543,0,0,0,0,54,0,543,542,0,0,6.30600974624282e-07,0,0
0.0544,0,0,0,0,54,0,544,543,0,0,6.9089189431095e-07,0,0
0.0545,0,0,0,0,54,0,545,544,0,0,7.55384279039998e-07,0,0
0.0546,0,0,0,0,54,0,546,545,0,0,8.2426645993374e-07,0,0
0.0547,0,0,0,0,54,0,547,546,0,0,8.97730679596816e-07,0,0
0.0548,0,0,0,0,54,0,548,547,0,0,9.75973078259465e-07,0,0
0.0549,0,0,0,0,54,0,549,548,0,0,1.05919367993635e-06,0,0
0.055,0,0,0,0,55,1,550,549,0,0,1.14759637860082e-06,0,0
0.0551,0,0,0,0,55,0,551,550,0,0,1.24138892437488e-06,0,0
0.0552,0,0,0,0,55,0,552,551,0,0,1.34078290973448e-06,0,0
0.0553,0,0,0,0,55,0,553,552,0,0,1.44599375573051e-06,0,0
0.0554,0,0,0,0,55,0,554,553,0,0,1.5572406982253e-06,0,0
0.0555,0,0,0,0,55,0,555,554,0,0,1.67474677414452e-06,0,0
0.0556,0,0,0,0,55,0,556,555,0,0,1.79873880774485e-06,0,0
0.0557,0,0,0,0,55,0,557,556,0,0,1.92944739689693e-06,0,0
0.0558,0,0,0,0,55,0,558,557,0,0,2.06710689938405e-06,0,0
0.0559,0,0,0,0,55,0,559,558,0,0,2.21195541921625e-06,0,0
0.056,0,0,0,0,56,1,560,559,0,0,2.36423479296e-06,0,0
0.0561,0,0,0,0,56,0,561,560,0,0,2.52419057608345e-06,0,0
0.0562,0,0,0,0,56,0,562,561,0,0,2.69207202931712e-06,0,0
0.0563,0,0,0,0,56,0,563,562,0,0,2.8681321050302e-06,0,0
0.0564,0,0,0,0,56,0,564,563,0,0,3.0526274336224e-06,0,0
0.0565,0,0,0,0,56,0,565,564,0,0,3.24581830993119e-06,0,0
0.0566,0,0,0,0,56,0,566,565,0,0,3.44796867965485e-06,0,0
0.0567,0,0,0,0,56,0,567,566,0,0,3.65934612579073e-06,0,0
0.0568,0,0,0,0,56,0,568,567,0,0,3.88022185508929e-06,0,0
0.0569,0,0,0,0,56,0,569,568,0,0,4.11087068452357e-06,0,0
0.057,0,0,0,0,57,1,570,569,0,0,4.35157102777415e-06,0,0
0.0571,0,0,0,0,57,0,571,570,0,0,4.60260488172985e-06,0,0
0.0572,0,0,0,0,57,0,572,571,0,0,4.86425781300363e-06,0,0
0.0573,0,0,0,0,57,0,573,572,0,0,5.13681894446439e-06,0,0
0.0574,0,0,0,0,57,0,574,573,0,0,5.42058094178396e-06,0,0
0.0575,0,0,0,0,57,0,575,574,0,0,5.71584e-06,0,0
0.0576,0,0,0,0,57,0,576,575,0,0,6.022895830094e-06,0,0
0.0577,0,0,0,0,57,0,577,576,0,0,6.34205164558519e-06,0,0
0.0578,0,0,0,0,57,0,578,577,0,0,6.67361414913983e-06,0,0
0.0579,0,0,0,0,57,0,579,578,0,0,7.01789351919593e-06,0,0
0.058,0,0,0,0,58,1,580,579,0,0,7.37520339660378e-06,0,0
0.0581,0,0,0,0,58,0,581,580,0,0,7.74586087128172e-06,0,0
0.0582,0,0,0,0,58,0,582,581,0,0,8.13018646888755e-06,0,0
0.0583,0,0,0,0,58,0,583,582,0,0,8.52850413750572e-06,0,0
0.0584,0,0,0,0,58,0,584,583,0,0,8.9411412343495e-06,0,0
0.0585,0,0,0,0,58,0,585,584,0,0,9.36842851247934e-06,0,0
0.0586,0,0,0,0,58,0,586,585,0,0,9.81070010753623e-06,0,0
0.0587,0,0,0,0,58,0,587,586,0,0,1.02682935244908e-05,0,0
0.0588,0,0,0,0,58,0,588,587,0,0,1.07415496244082e-05,0,0
0.0589,0,0,0,0,58,0,589,588,0,0,1.1230812611228e-05,0,0
0.059,0,0,0,0,59,1,590,589,0,0,1.173643001856e-05,0,0
0.0591,0,0,0,0,59,0,591,590,0,0,1.22587526964955e-05,0,0
0.0592,0,0,0,0,59,0,592,591,0,0,1.27981347984341e-05,0,0
0.0593,0,0,0,0,59,0,593,592,0,0,1.33549337679259e-05,0,0
0.0594,0,0,0,0,59,0,594,593,0,0,1.39295103255295e-05,0,0
0.0595,0,0,0,0,59,0,595,594,0,0,1.45222284556853e-05,0,0
0.0596,0,0,0,0,59,0,596,595,0,0,1.51334553936042e-05,0,0
0.0597,0,0,0,0,59,0,597,596,0,0,1.57635616121727e-05,0,0
0.0598,0,0,0,0,59,0,598,597,0,0,1.6412920808872e-05,0,0
0.0599,0,0,0,0,59,0,599,598,0,0,1.70819098927143e-05,0,0
0.06,0,0,0,0,60,1,600,599,0,0,1.77709089711934e-05,0,0
0.0601,0,0,0,0,60,0,601,600,0,0,1.84803013372514e-05,0,0
0.0602,0,0,0,0,60,0,602,601,0,0,1.92104734562609e-05,0,0
0.0603,0,0,0,0,60,0,603,602,0,0,1.99618149530225e-05,0,0
0.0604,0,0,0,0,60,0,604,603,0,0,2.07347185987782e-05,0,0
0.0605,0,0,0,0,60,0,605,604,0,0,2.152958029824e-05,0,0
0.0606,0,0,0,0,60,0,606,605,0,0,2.23467990766341e-05,0,0
0.0607,0,0,0,0,60,0,607,606,0,0,2.31867770667609e-05,0,0
0.0608,0,0,0,0,60,0,608,607,0,0,2.40499194960701e-05,0,0
0.0609,0,0,0,0,60,0,609,608,0,0,2.49366346737517e-05,0,0
0.061,0,0,0,0,61,1,610,609,0,0,2.58473339778423e-05,0,0
0.0611,0,0,0,0,61,0,611,610,0,0,2.67824318423472e-05,0,0
0.0612,0,0,0,0,61,0,612,611,0,0,2.77423457443779e-05,0,0
0.0613,0,0,0,0,61,0,613,612,0,0,2.87274961913045e-05,0,0
0.0614,0,0,0,0,61,0,614,613,0,0,2.97383067079252e-05,0,0
0.0615,0,0,0,0,61,0,615,614,0,0,3.07752038236497e-05,0,0
0.0616,0,0,0,0,61,0,616,615,0,0,3.18386170596989e-05,0,0
0.0617,0,0,0,0,61,0,617,616,0,0,3.29289789163202e-05,0,0
0.0618,0,0,0,0,61,0,618,617,0,0,3.40467248600181e-05,0,0
0.0619,0,0,0,0,61,0,619,618,0,0,3.51922933108005e-05,0,0
0.062,0,0,0,0,62,1,620,619,0,0,3.636612562944e-05,0,0
0.0621,0,0,0,0,62,0,621,620,0,0,3.7568666104752e-05,0,0
0.0622,0,0,0,0,62,0,622,621,0,0,3.88003619408867e-05,0,0
0.0623,0,0,0,0,62,0,623,622,0,0,4.00616632446379e-05,0,0
0.0624,0,0,0,0,62,0,624,623,0,0,4.13530230127669e-05,0,0
0.0625,0,0,0,0,62,0,625,624,0,0,4.26748971193415e-05,0,0
0.0626,0,0,0,0,62,0,626,625,0,0,4.40277443030915e-05,0,0
0.0627,0,0,0,0,62,0,627,626,0,0,4.54120261547788e-05,0,0
0.0628,0,0,0,0,62,0,628,627,0,0,4.68282071045835e-05,0,0
0.0629,0,0,0,0,62,0,629,628,0,0,4.82767544095053e-05,0,0
0.063,0,0,0,0,63,1,630,629,0,0,4.97581381407815e-05,0,0
0.0631,0,0,0,0,63,0,631,630,0,0,5.12728311713182e-05,0,0
0.0632,0,0,0,0,63,0,632,631,0,0,5.28213091631393e-05,0,0
0.0633,0,0,0,0,63,0,633,632,0,0,5.44040505548501e-05,0,0
0.0634,0,0,0,0,63,0,634,633,0,0,5.60215365491165e-05,0,0
0.0635,0,0,0,0,63,0,635,634,0,0,5.767425110016e-05,0,0
0.0636,0,0,0,0,63,0,636,635,0,0,5.93626809012672e-05,0,0
0.0637,0,0,0,0,63,0,637,636,0,0,6.10873153723166e-05,0,0
0.0638,0,0,0,0,63,0,638,637,0,0,6.28486466473192e-05,0,0
0.0639,0,0,0,0,63,0,639,638,0,0,6.46471695619758e-05,0,0
0.064,0,0,0,0,64,1,640,639,0,0,6.64833816412497e-05,0,0
0.0641,0,0,0,0,64,0,641,640,0,0,6.83577830869539e-05,0,0
0.0642,0,0,0,0,64,0,642,641,0,0,7.02708767653553e-05,0,0
0.0643,0,0,0,0,64,0,643,642,0,0,7.22231681947932e-05,0,0
0.0644,0,0,0,0,64,0,644,643,0,0,7.4215165533314e-05,0,0
0.0645,0,0,0,0,64,0,645,644,0,0,7.62473795663223e-05,0,0
0.0646,0,0,0,0,64,0,646,645,0,0,7.83203236942447e-05,0,0
0.0647,0,0,0,0,64,0,647,646,0,0,8.04345139202124e-05,0,0
0.0648,0,0,0,0,64,0,648,647,0,0,8.25904688377571e-05,0,0
0.0649,0,0,0,0,64,0,649,648,0,0,8.47887096185244e-05,0,0
0.065,0,0,0,0,65,1,650,649,0,0,8.702976e-05,0,0
0.0651,0,0,0,0,65,0,651,650,0,0,8.9314146273254e-05,0,0
0.0652,0,0,0,0,65,0,652,651,0,0,9.16423972706996e-05,0,0
0.0653,0,0,0,0,65,0,653,652,0,0,9.4015044353867e-05,0,0
0.0654,0,0,0,0,65,0,654,653,0,0,9.64326214011948e-05,0,0
0.0655,0,0,0,0,65,0,655,654,0,0,9.88956647958334e-05,0,0
0.0656,0,0,0,0,65,0,656,655,0,0,0.000101404713413467,0,0
0.0657,0,0,0,0,65,0,657,656,0,0,0.000103960308610151,0,0
0.0658,0,0,0,0,65,0,658,657,0,0,0.000106562994210162,0,0
0.0659,0,0,0,0,65,0,659,658,0,0,0.000109213316493866,0,0
0.066,0,0,0,0,66,1,660,659,0,0,0.000111911824185605,0,0
0.0661,0,0,0,0,66,0,661,660,0,0,0.00011465906844159,0,0
0.0662,0,0,0,0,66,0,662,661,0,0,0.000117455602837818,0,0
0.0663,0,0,0,0,66,0,663,662,0,0,0.000120301983358002,0,0
0.0664,0,0,0,0,66,0,664,663,0,0,0.000123198768381518,0,0
0.0665,0,0,0,0,66,0,665,664,0,0,0.00012614651867136,0,0
0.0666,0,0,0,0,66,0,666,665,0,0,0.000129145797362122,0,0
0.0667,0,0,0,0,66,0,667,666,0,0,0.000132197169947989,0,0
0.0668,0,0,0,0,66,0,668,667,0,0,0.000135301204270739,0,0
0.0669,0,0,0,0,66,0,669,668,0,0,0.000138458470507777,0,0
0.067,0,0,0,0,67,1,670,669,0,0,0.000141669541160159,0,0
0.0671,0,0,0,0,67,0,671,670,0,0,0.00014493499104066,0,0
0.0672,0,0,0,0,67,0,672,671,0,0,0.000148255397261834,0,0
0.0673,0,0,0,0,67,0,673,672,0,0,0.000151631339224101,0,0
0.0674,0,0,0,0,67,0,674,673,0,0,0.000155063398603854,0,0
0.0675,0,0,0,0,67,0,675,674,0,0,0.000158552159341564,0,0
0.0676,0,0,0,0,67,0,676,675,0,0,0.000162098207629921,0,0
0.0677,0,0,0,0,67,0,677,676,0,0,0.000165702131901979,0,0
0.0678,0,0,0,0,67,0,678,677,0,0,0.000169364522819313,0,0
0.0679,0,0,0,0,67,0,679,678,0,0,0.000173085973260207,0,0
0.068,0,0,0,0,68,1,680,679,0,0,0.00017686707830784,0,0
0.0681,0,0,0,0,68,0,681,680,0,0,0.000180708435238499,0,0
0.0682,0,0,0,0,68,0,682,681,0,0,0.000184610643509801,0,0
0.0683,0,0,0,0,68,0,683,682,0,0,0.000188574304748938,0,0
0.0684,0,0,0,0,68,0,684,683,0,0,0.00019260002274093,0,0
0.0685,0,0,0,0,68,0,685,684,0,0,0.000196688403416894,0,0
0.0686,0,0,0,0,68,0,686,685,0,0,0.000200840054842338,0,0
0.0687,0,0,0,0,68,0,687,686,0,0,0.000205055587205455,0,0
0.0688,0,0,0,0,68,0,688,687,0,0,0.000209335612805449,0,0
0.0689,0,0,0,0,68,0,689,688,0,0,0.000213680746040863,0,0
0.069,0,0,0,0,69,1,690,689,0,0,0.000218091603397931,0,0
0.0691,0,0,0,0,69,0,691,690,0,0,0.000222568803438943,0,0
0.0692,0,0,0,0,69,0,692,691,0,0,0.00022711296679062,0,0
0.0693,0,0,0,0,69,0,693,692,0,0,0.000231724716132519,0,0
0.0694,0,0,0,0,69,0,694,693,0,0,0.000236404676185437,0,0
0.0695,0,0,0,0,69,0,695,694,0,0,0.00024115347369984,0,0
0.0696,0,0,0,0,69,0,696,695,0,0,0.000245971737444305,0,0
0.0697,0,0,0,0,69,0,697,696,0,0,0.000250860098193977,0,0
0.0698,0,0,0,0,69,0,698,697,0,0,0.000255819188719048,0,0
0.0699,0,0,0,0,69,0,699,698,0,0,0.000260849643773239,0,0
0.07,0,0,0,0,70,1,700,699,0,0,0.000265952100082305,0,0
0.0701,0,0,0,0,70,0,701,700,0,0,0.000271127196332561,0,0
0.0702,0,0,0,0,70,0,702,701,0,0,0.00027637557315941,0,0
0.0703,0,0,0,0,70,0,703,702,0,0,0.000281697873135904,0,0
0.0704,0,0,0,0,70,0,704,703,0,0,0.000287094740761298,0,0
0.0705,0,0,0,0,70,0,705,704,0,0,0.000292566822449641,0,0
0.0706,0,0,0,0,70,0,706,705,0,0,0.000298114766518373,0,0
0.0707,0,0,0,0,70,0,707,706,0,0,0.000303739223176933,0,0
0.0708,0,0,0,0,70,0,708,707,0,0,0.000309440844515397,0,0
0.0709,0,0,0,0,70,0,709,708,0,0,0.000315220284493111,0,0
0.071,0,0,0,0,71,1,710,709,0,0,0.00032107819892736,0,0
0.0711,0,0,0,0,71,0,711,710,0,0,0.000327015245482038,0,0
0.0712,0,0,0,0,71,0,712,711,0,0,0.000333032083656343,0,0
0.0713,0,0,0,0,71,0,713,712,0,0,0.00033912937477348,0,0
0.0714,0,0,0,0,71,0,714,713,0,0,0.000345307781969384,0,0
0.0715,0,0,0,0,71,0,715,714,0,0,0.000351567970181457,0,0
0.0716,0,0,0,0,71,0,716,715,0,0,0.000357910606137325,0,0
0.0717,0,0,0,0,71,0,717,716,0,0,0.0003643363583436,0,0
0.0718,0,0,0,0,71,0,718,717,0,0,0.000370845897074671,0,0
0.0719,0,0,0,0,71,0,719,718,0,0,0.000377439894361497,0,0
0.072,0,0,0,0,72,1,720,719,0,0,0.000384119023980426,0,0
0.0721,0,0,0,0,72,0,721,720,0,0,0.000390883961442027,0,0
0.0722,0,0,0,0,72,0,722,721,0,0,0.000397735383979933,0,0
0.0723,0,0,0,0,72,0,723,722,0,0,0.000404673970539704,0,0
0.0724,0,0,0,0,72,0,724,723,0,0,0.000411700401767706,0,0
0.0725,0,0,0,0,72,0,725,724,0,0,0.000418815360000001,0,0
0.0726,0,0,0,0,72,0,726,725,0,0,0.000426019529251254,0,0
0.0727,0,0,0,0,72,0,727,726,0,0,0.000433313595203668,0,0
0.0728,0,0,0,0,72,0,728,727,0,0,0.000440698245195906,0,0
0.0729,0,0,0,0,72,0,729,728,0,0,0.000448174168212062,0,0
0.073,0,0,0,0,73,1,730,729,0,0,0.000455742054870619,0,0
0.0731,0,0,0,0,73,0,731,730,0,0,0.000463402597413444,0,0
0.0732,0,0,0,0,73,0,732,731,0,0,0.000471156489694788,0,0
0.0733,0,0,0,0,73,0,733,732,0,0,0.000479004427170299,0,0
0.0734,0,0,0,0,73,0,734,733,0,0,0.000486947106886056,0,0
0.0735,0,0,0,0,73,0,735,734,0,0,0.000494985227467621,0,0
0.0736,0,0,0,0,73,0,736,735,0,0,0.000503119489109098,0,0
0.0737,0,0,0,0,73,0,737,736,0,0,0.000511350593562217,0,0
0.0738,0,0,0,0,73,0,738,737,0,0,0.000519679244125425,0,0
0.0739,0,0,0,0,73,0,739,738,0,0,0.000528106145632996,0,0
0.074,0,0,0,0,74,1,740,739,0,0,0.000536632004444161,0,0
0.0741,0,0,0,0,74,0,741,740,0,0,0.000545257528432243,0,0
0.0742,0,0,0,0,74,0,742,741,0,0,0.000553983426973824,0,0
0.0743,0,0,0,0,74,0,743,742,0,0,0.000562810410937906,0,0
0.0744,0,0,0,0,74,0,744,743,0,0,0.000571739192675105,0,0
0.0745,0,0,0,0,74,0,745,744,0,0,0.000580770486006855,0,0
0.0746,0,0,0,0,74,0,746,745,0,0,0.000589905006214628,0,0
0.0747,0,0,0,0,74,0,747,746,0,0,0.000599143470029162,0,0
0.0748,0,0,0,0,74,0,748,747,0,0,0.000608486595619719,0,0
0.0749,0,0,0,0,74,0,749,748,0,0,0.000617935102583345,0,0
0.075,0,0,0,0,75,1,750,749,0,0,0.000627489711934156,0,0
0.0751,0,0,0,0,75,0,751,750,0,0,0.000637151146092632,0,0
0.0752,0,0,0,0,75,0,752,751,0,0,0.000646920128874928,0,0
0.0753,0,0,0,0,75,0,753,752,0,0,0.000656797385482205,0,0
0.0754,0,0,0,0,75,0,754,753,0,0,0.000666783642489971,0,0
0.0755,0,0,0,0,75,0,755,754,0,0,0.00067687962783744,0,0
0.0756,0,0,0,0,75,0,756,755,0,0,0.00068708607081691,0,0
0.0757,0,0,0,0,75,0,757,756,0,0,0.000697403702063148,0,0
0.0758,0,0,0,0,75,0,758,757,0,0,0.000707833253542799,0,0
0.0759,0,0,0,0,75,0,759,758,0,0,0.000718375458543802,0,0
0.076,0,0,0,0,76,1,760,759,0,0,0.000729031051664834,0,0
0.0761,0,0,0,0,76,0,761,760,0,0,0.00073980076880476,0,0
0.0762,0,0,0,0,76,0,762,761,0,0,0.000750685347152093,0,0
0.0763,0,0,0,0,76,0,763,762,0,0,0.000761685525174488,0,0
0.0764,0,0,0,0,76,0,764,763,0,0,0.000772802042608234,0,0
0.0765,0,0,0,0,76,0,765,764,0,0,0.000784035640447768,0,0
0.0766,0,0,0,0,76,0,766,765,0,0,0.000795387060935213,0,0
0.0767,0,0,0,0,76,0,767,766,0,0,0.000806857047549912,0,0
0.0768,0,0,0,0,76,0,768,767,0,0,0.000818446344997996,0,0
0.0769,0,0,0,0,76,0,769,768,0,0,0.000830155699201957,0,0
0.077,0,0,0,0,77,1,770,769,0,0,0.00084198585729024,0,0
0.0771,0,0,0,0,77,0,771,770,0,0,0.000853937567586858,0,0
0.0772,0,0,0,0,77,0,772,771,0,0,0.000866011579601003,0,0
0.0773,0,0,0,0,77,0,773,772,0,0,0.000878208644016692,0,0
0.0774,0,0,0,0,77,0,774,773,0,0,0.000890529512682418,0,0
0.0775,0,0,0,0,77,0,775,774,0,0,0.000902974938600822,0,0
0.0776,0,0,0,0,77,0,776,775,0,0,0.000915545675918381,0,0
0.0777,0,0,0,0,77,0,777,776,0,0,0.000928242479915097,0,0
0.0778,0,0,0,0,77,0,778,777,0,0,0.000941066106994226,0,0
0.0779,0,0,0,0,77,0,779,778,0,0,0.000954017314672001,0,0
0.078,0,0,0,0,78,1,780,779,0,0,0.000967096861567389,0,0
0.0781,0,0,0,0,78,0,781,780,0,0,0.000980305507391841,0,0
0.0782,0,0,0,0,78,0,782,781,0,0,0.00099364401293908,0,0
0.0783,0,0,0,0,78,0,783,782,0,0,0.00100711314007489,0,0
0.0784,0,0,0,0,78,0,784,783,0,0,0.00102071365172693,0,0
0.0785,0,0,0,0,78,0,785,784,0,0,0.00103444631187456,0,0
0.0786,0,0,0,0,78,0,786,785,0,0,0.00104831188553866,0,0
0.0787,0,0,0,0,78,0,787,786,0,0,0.00106231113877153,0,0
0.0788,0,0,0,0,78,0,788,787,0,0,0.00107644483864671,0,0
0.0789,0,0,0,0,78,0,789,788,0,0,0.00109071375324891,0,0
0.079,0,0,0,0,79,1,790,789,0,0,0.00110511865166389,0,0
0.0791,0,0,0,0,79,0,791,790,0,0,0.00111966030396837,0,0
0.0792,0,0,0,0,79,0,792,791,0,0,0.00113433948121999,0,0
0.0793,0,0,0,0,79,0,793,792,0,0,0.00114915695544726,0,0
0.0794,0,0,0,0,79,0,794,793,0,0,0.00116411349963947,0,0
0.0795,0,0,0,0,79,0,795,794,0,0,0.00117920988773675,0,0
0.0796,0,0,0,0,79,0,796,795,0,0,0.00119444689462001,0,0
0.0797,0,0,0,0,79,0,797,796,0,0,0.00120982529610097,0,0
0.0798,0,0,0,0,79,0,798,797,0,0,0.00122534586891217,0,0
0.0799,0,0,0,0,79,0,799,798,0,0,0.00124100939069706,0,0
0.08,0,0,0,0,80,1,800,799,0,0,0.00125681664,0,0
0.0801,0,0,0,0,80,0,801,800,0,0,0.00127276839625636,0,0
0.0802,0,0,0,0,80,0,802,801,0,0,0.00128886543978262,0,0
0.0803,0,0,0,0,80,0,803,802,0,0,0.00130510855176646,0,0
0.0804,0,0,0,0,80,0,804,803,0,0,0.00132149851425686,0,0
0.0805,0,0,0,0,80,0,805,804,0,0,0.00133803611015429,0,0
0.0806,0,0,0,0,80,0,806,805,0,0,0.00135472212320081,0,0
0.0807,0,0,0,0,80,0,807,806,0,0,0.00137155733797027,0,0
0.0808,0,0,0,0,80,0,808,807,0,0,0.00138854253985845,0,0
0.0809,0,0,0,0,80,0,809,808,0,0,0.00140567851507332,0,0
0.081,0,0,0,0,81,1,810,809,0,0,0.00142296605062519,0,0
0.0811,0,0,0,0,81,0,811,810,0,0,0.00144040593431699,0,0
0.0812,0,0,0,0,81,0,812,811,0,0,0.00145799895473449,0,0
0.0813,0,0,0,0,81,0,813,812,0,0,0.00147574590123654,0,0
0.0814,0,0,0,0,81,0,814,813,0,0,0.00149364756394539,0,0
0.0815,0,0,0,0,81,0,815,814,0,0,0.00151170473373696,0,0
0.0816,0,0,0,0,81,0,816,815,0,0,0.00152991820223113,0,0
0.0817,0,0,0,0,81,0,817,816,0,0,0.00154828876178207,0,0
0.0818,0,0,0,0,81,0,818,817,0,0,0.00156681720546862,0,0
0.0819,0,0,0,0,81,0,819,818,0,0,0.00158550432708458,0,0
0.082,0,0,0,0,82,1,820,819,0,0,0.00160435092112911,0,0
0.0821,0,0,0,0,82,0,821,820,0,0,0.00162335778279711,0,0
0.0822,0,0,0,0,82,0,822,821,0,0,0.00164252570796963,0,0
0.0823,0,0,0,0,82,0,823,822,0,0,0.00166185549320426,0,0
0.0824,0,0,0,0,82,0,824,823,0,0,0.00168134793572559,0,0
0.0825,0,0,0,0,82,0,825,824,0,0,0.00170100383341564,0,0
0.0826,0,0,0,0,82,0,826,825,0,0,0.00172082398480432,0,0
0.0827,0,0,0,0,82,0,827,826,0,0,0.00174080918905991,0,0
0.0828,0,0,0,0,82,0,828,827,0,0,0.00176096024597956,0,0
0.0829,0,0,0,0,82,0,829,828,0,0,0.0017812779559798,0,0
0.083,0,0,0,0,83,1,830,829,0,0,0.00180176312008704,0,0
0.0831,0,0,0,0,83,0,831,830,0,0,0.00182241653992814,0,0
0.0832,0,0,0,0,83,0,832,831,0,0,0.00184323901772094,0,0
0.0833,0,0,0,0,83,0,833,832,0,0,0.00186423135626485,0,0
0.0834,0,0,0,0,83,0,834,833,0,0,0.00188539435893144,0,0
0.0835,0,0,0,0,83,0,835,834,0,0,0.001906728829655,0,0
0.0836,0,0,0,0,83,0,836,835,0,0,0.00192823557292322,0,0
0.0837,0,0,0,0,83,0,837,836,0,0,0.00194991539376776,0,0
0.0838,0,0,0,0,83,0,838,837,0,0,0.00197176909775495,0,0
0.0839,0,0,0,0,83,0,839,838,0,0,0.00199379749097643,0,0
0.084,0,0,0,0,84,1,840,839,0,0,0.00201600138003983,0,0
0.0841,0,0,0,0,84,0,841,840,0,0,0.00203838157205945,0,0
0.0842,0,0,0,0,84,0,842,841,0,0,0.002060938874647,0,0
0.0843,0,0,0,0,84,0,843,842,0,0,0.00208367409590231,0,0
0.0844,0,0,0,0,84,0,844,843,0,0,0.00210658804440409,0,0
0.0845,0,0,0,0,84,0,845,844,0,0,0.00212968152920064,0,0
0.0846,0,0,0,0,84,0,846,845,0,0,0.00215295535980068,0,0
0.0847,0,0,0,0,84,0,847,846,0,0,0.00217641034616409,0,0
0.0848,0,0,0,0,84,0,848,847,0,0,0.00220004729869277,0,0
0.0849,0,0,0,0,84,0,849,848,0,0,0.00222386702822137,0,0
0.085,0,0,0,0,85,1,850,849,0,0,0.00224787034600823,0,0
0.0851,0,0,0,0,85,0,851,850,0,0,0.00227205806372615,0,0
0.0852,0,0,0,0,85,0,852,851,0,0,0.0022964309934533,0,0
0.0853,0,0,0,0,85,0,853,852,0,0,0.00232098994766408,0,0
0.0854,0,0,0,0,85,0,854,853,0,0,0.00234573573922002,0,0
0.0855,0,0,0,0,85,0,855,854,0,0,0.00237066918136069,0,0
0.0856,0,0,0,0,85,0,856,855,0,0,0.00239579108769466,0,0
0.0857,0,0,0,0,85,0,857,856,0,0,0.00242110227219038,0,0
0.0858,0,0,0,0,85,0,858,857,0,0,0.0024466035491672,0,0
0.0859,0,0,0,0,85,0,859,858,0,0,0.00247229573328632,0,0
0.086,0,0,0,0,86,1,860,859,0,0,0.00249817963954176,0,0
0.0861,0,0,0,0,86,0,861,860,0,0,0.00252425608325141,0,0
0.0862,0,0,0,0,86,0,862,861,0,0,0.00255052588004801,0,0
0.0863,0,0,0,0,86,0,863,862,0,0,0.00257698984587022,0,0
0.0864,0,0,0,0,86,0,864,863,0,0,0.00260364879695363,0,0
0.0865,0,0,0,0,86,0,865,864,0,0,0.00263050354982187,0,0
0.0866,0,0,0,0,86,0,866,865,0,0,0.00265755492127769,0,0
0.0867,0,0,0,0,86,0,867,866,0,0,0.002684803728394,0,0
0.0868,0,0,0,0,86,0,868,867,0,0,0.00271225078850508,0,0
0.0869,0,0,0,0,86,0,869,868,0,0,0.00273989691919764,0,0
0.087,0,0,0,0,87,1,870,869,0,0,0.00276774293830197,0,0
0.0871,0,0,0,0,87,0,871,870,0,0,0.00279578966388313,0,0
0.0872,0,0,0,0,87,0,872,871,0,0,0.00282403791423211,0,0
0.0873,0,0,0,0,87,0,873,872,0,0,0.00285248850785703,0,0
0.0874,0,0,0,0,87,0,874,873,0,0,0.00288114226347432,0,0
0.0875,0,0,0,0,87,0,875,874,0,0,0.00291,0,0
0.0876,0,0,0,0,87,0,876,875,0,0,0.00293906253654084,0,0
0.0877,0,0,0,0,87,0,877,876,0,0,0.0029683306923857,0,0
0.0878,0,0,0,0,87,0,878,877,0,0,0.00299780528699672,0,0
0.0879,0,0,0,0,87,0,879,878,0,0,0.00302748714000067,0,0
0.088,0,0,0,0,88,1,880,879,0,0,0.00305737707118019,0,0
0.0881,0,0,0,0,88,0,881,880,0,0,0.00308747590046517,0,0
0.0882,0,0,0,0,88,0,882,881,0,0,0.00311778444792405,0,0
0.0883,0,0,0,0,88,0,883,882,0,0,0.00314830353375515,0,0
0.0884,0,0,0,0,88,0,884,883,0,0,0.00317903397827805,0,0
0.0885,0,0,0,0,88,0,885,884,0,0,0.00320997660192499,0,0
0.0886,0,0,0,0,88,0,886,885,0,0,0.00324113222523221,0,0
0.0887,0,0,0,0,88,0,887,886,0,0,0.00327250166883143,0,0
0.0888,0,0,0,0,88,0,888,887,0,0,0.00330408575344122,0,0
0.0889,0,0,0,0,88,0,889,888,0,0,0.00333588529985845,0,0
0.089,0,0,0,0,89,1,890,889,0,0,0.00336790112894976,0,0
0.0891,0,0,0,0,89,0,891,890,0,0,0.00340013406164303,0,0
0.0892,0,0,0,0,89,0,892,891,0,0,0.00343258491891887,0,0
0.0893,0,0,0,0,89,0,893,892,0,0,0.00346525452180209,0,0
0.0894,0,0,0,0,89,0,894,893,0,0,0.00349814369135327,0,0
0.0895,0,0,0,0,89,0,895,894,0,0,0.00353125324866025,0,0
0.0896,0,0,0,0,89,0,896,895,0,0,0.0035645840148297,0,0
0.0897,0,0,0,0,89,0,897,896,0,0,0.00359813681097869,0,0
0.0898,0,0,0,0,89,0,898,897,0,0,0.00363191245822625,0,0
0.0899,0,0,0,0,89,0,899,898,0,0,0.00366591177768498,0,0
0.09,0,0,0,0,90,1,900,899,0,0,0.00370013559045268,0,0
0.0901,0,0,0,0,90,0,901,900,0,0,0.00373458471760391,0,0
0.0902,0,0,0,0,90,0,902,901,0,0,0.00376925998018172,0,0
0.0903,0,0,0,0,90,0,903,902,0,0,0.00380416219918926,0,0
0.0904,0,0,0,0,90,0,904,903,0,0,0.00383929219558143,0,0
0.0905,0,0,0,0,90,0,905,904,0,0,0.00387465079025664,0,0
0.0906,0,0,0,0,90,0,906,905,0,0,0.00391023880404844,0,0
0.0907,0,0,0,0,90,0,907,906,0,0,0.0039460570577173,0,0
0.0908,0,0,0,0,90,0,908,907,0,0,0.00398210637194229,0,0
0.0909,0,0,0,0,90,0,909,908,0,0,0.0040183875673129,0,0
0.091,0,0,0,0,91,1,910,909,0,0,0.00405490146432072,0,0
0.0911,0,0,0,0,91,0,911,910,0,0,0.0040916488833513,0,0
0.0912,0,0,0,0,91,0,912,911,0,0,0.00412863064467592,0,0
0.0913,0,0,0,0,91,0,913,912,0,0,0.00416584756844338,0,0
0.0914,0,0,0,0,91,0,914,913,0,0,0.00420330047467187,0,0
0.0915,0,0,0,0,91,0,915,914,0,0,0.00424099018324077,0,0
0.0916,0,0,0,0,91,0,916,915,0,0,0.00427891751388257,0,0
0.0917,0,0,0,0,91,0,917,916,0,0,0.00431708328617467,0,0
0.0918,0,0,0,0,91,0,918,917,0,0,0.00435548831953134,0,0
0.0919,0,0,0,0,91,0,919,918,0,0,0.00439413343319557,0,0
0.092,0,0,0,0,92,1,920,919,0,0,0.00443301944623104,0,0
0.0921,0,0,0,0,92,0,921,920,0,0,0.00447214717751403,0,0
0.0922,0,0,0,0,92,0,922,921,0,0,0.00451151744572539,0,0
0.0923,0,0,0,0,92,0,923,922,0,0,0.00455113106934247,0,0
0.0924,0,0,0,0,92,0,924,923,0,0,0.00459098886663117,0,0
0.0925,0,0,0,0,92,0,925,924,0,0,0.00463109165563786,0,0
0.0926,0,0,0,0,92,0,926,925,0,0,0.00467144025418148,0,0
0.0927,0,0,0,0,92,0,927,926,0,0,0.0047120354798455,0,0
0.0928,0,0,0,0,92,0,928,927,0,0,0.00475287814997001,0,0
0.0929,0,0,0,0,92,0,929,928,0,0,0.00479396908164375,0,0
0.093,0,0,0,0,93,1,930,929,0,0,0.00483530909169622,0,0
0.0931,0,0,0,0,93,0,931,930,0,0,0.00487689899668975,0,0
0.0932,0,0,0,0,93,0,932,931,0,0,0.00491873961291163,0,0
0.0933,0,0,0,0,93,0,933,932,0,0,0.00496083175636619,0,0
0.0934,0,0,0,0,93,0,934,933,0,0,0.005003176242767,0,0
0.0935,0,0,0,0,93,0,935,934,0,0,0.00504577388752896,0,0
0.0936,0,0,0,0,93,0,936,935,0,0,0.00508862550576054,0,0
0.0937,0,0,0,0,93,0,937,936,0,0,0.00513173191225592,0,0
0.0938,0,0,0,0,93,0,938,937,0,0,0.0051750939214872,0,0
0.0939,0,0,0,0,93,0,939,938,0,0,0.0052187123475966,0,0
0.094,0,0,0,0,94,1,940,939,0,0,0.00526258800438875,0,0
0.0941,0,0,0,0,94,0,941,940,0,0,0.00530672170532287,0,0
0.0942,0,0,0,0,94,0,942,941,0,0,0.00535111426350509,0,0
0.0943,0,0,0,0,94,0,943,942,0,0,0.00539576649168069,0,0
0.0944,0,0,0,0,94,0,944,943,0,0,0.0054406792022264,0,0
0.0945,0,0,0,0,94,0,945,944,0,0,0.00548585320714273,0,0
0.0946,0,0,0,0,94,0,946,945,0,0,0.00553128931804631,0,0
0.0947,0,0,0,0,94,0,947,946,0,0,0.00557698834616217,0,0
0.0948,0,0,0,0,94,0,948,947,0,0,0.00562295110231614,0,0
0.0949,0,0,0,0,94,0,949,948,0,0,0.00566917839692723,0,0
0.095,0,0,0,0,95,1,950,949,0,0,0.00571567104,0,0
0.0951,0,0,0,0,95,0,951,950,0,0,0.00576242984111697,0,0
0.0952,0,0,0,0,95,0,952,951,0,0,0.00580945560943103,0,0
0.0953,0,0,0,0,95,0,953,952,0,0,0.0058567491536579,0,0
0.0954,0,0,0,0,95,0,954,953,0,0,0.00590431128206853,0,0
0.0955,0,0,0,0,95,0,955,954,0,0,0.00595214280248164,0,0
0.0956,0,0,0,0,95,0,956,955,0,0,0.00600024452225613,0,0
0.0957,0,0,0,0,95,0,957,956,0,0,0.00604861724828361,0,0
0.0958,0,0,0,0,95,0,958,957,0,0,0.00609726178698093,0,0
0.0959,0,0,0,0,95,0,959,958,0,0,0.00614617894428265,0,0
0.096,0,0,0,0,96,1,960,959,0,0,0.00619536952563366,0,0
0.0961,0,0,0,0,96,0,961,960,0,0,0.00624483433598168,0,0
0.0962,0,0,0,0,96,0,962,961,0,0,0.00629457417976985,0,0
0.0963,0,0,0,0,96,0,963,962,0,0,0.00634458986092932,0,0
0.0964,0,0,0,0,96,0,964,963,0,0,0.00639488218287188,0,0
0.0965,0,0,0,0,96,0,965,964,0,0,0.00644545194848256,0,0
0.0966,0,0,0,0,96,0,966,965,0,0,0.00649629996011224,0,0
0.0967,0,0,0,0,96,0,967,966,0,0,0.00654742701957035,0,0
0.0968,0,0,0,0,96,0,968,967,0,0,0.00659883392811752,0,0
0.0969,0,0,0,0,96,0,969,968,0,0,0.00665052148645824,0,0
0.097,0,0,0,0,97,1,970,969,0,0,0.00670249049473361,0,0
0.0971,0,0,0,0,97,0,971,970,0,0,0.00675474175251401,0,0
0.0972,0,0,0,0,97,0,972,971,0,0,0.00680727605879182,0,0
0.0973,0,0,0,0,97,0,973,972,0,0,0.00686009421197423,0,0
0.0974,0,0,0,0,97,0,974,973,0,0,0.00691319700987593,0,0
0.0975,0,0,0,0,97,0,975,974,0,0,0.00696658524971194,0,0
0.0976,0,0,0,0,97,0,976,975,0,0,0.00702025972809035,0,0
0.0977,0,0,0,0,97,0,977,976,0,0,0.00707422124100517,0,0
0.0978,0,0,0,0,97,0,978,977,0,0,0.00712847058382915,0,0
0.0979,0,0,0,0,97,0,979,978,0,0,0.0071830085513066,0,0
0.098,0,0,0,0,98,1,980,979,0,0,0.00723783593754624,0,0
0.0981,0,0,0,0,98,0,981,980,0,0,0.0072929535360141,0,0
0.0982,0,0,0,0,98,0,982,981,0,0,0.00734836213952638,0,0
0.0983,0,0,0,0,98,0,983,982,0,0,0.00740406254024233,0,0
0.0984,0,0,0,0,98,0,984,983,0,0,0.00746005552965725,0,0
0.0985,0,0,0,0,98,0,985,984,0,0,0.00751634189859532,0,0
0.0986,0,0,0,0,98,0,986,985,0,0,0.00757292243720262,0,0
0.0987,0,0,0,0,98,0,987,986,0,0,0.00762979793494004,0,0
0.0988,0,0,0,0,98,0,988,987,0,0,0.0076869691805763,0,0
0.0989,0,0,0,0,98,0,989,988,0,0,0.00774443696218093,0,0
0.099,0,0,0,0,99,1,990,989,0,0,0.00780220206711729,0,0
0.0991,0,0,0,0,99,0,991,990,0,0,0.00786026528203553,0,0
0.0992,0,0,0,0,99,0,992,991,0,0,0.00791862739286574,0,0
0.0993,0,0,0,0,99,0,993,992,0,0,0.00797728918481093,0,0
0.0994,0,0,0,0,99,0,994,993,0,0,0.00803625144234013,0,0
0.0995,0,0,0,0,99,0,995,994,0,0,0.00809551494918145,0,0
0.0996,0,0,0,0,99,0,996,995,0,0,0.00815508048831519,0,0
0.0997,0,0,0,0,99,0,997,996,0,0,0.00821494884196702,0,0
0.0998,0,0,0,0,99,0,998,997,0,0,0.00827512079160101,0,0
0.0999,0,0,0,0,99,0,999,998,0,0,0.00833559711791287,0,0
0.1,0,0,0,0,100,1,1000,999,0,0,0.00839637860082305,0,0
0.1001,0,0,0,0,100,0,1001,1000,0,0,0.00845746601946996,0,0
0.1002,0,0,0,0,100,0,1002,1001,0,0,0.00851886015220315,0,0
0.1003,0,0,0,0,100,0,1003,1002,0,0,0.00858056177657653,0,0
0.1004,0,0,0,0,100,0,1004,1003,0,0,0.00864257166934158,0,0
0.1005,0,0,0,0,100,0,1005,1004,0,0,0.00870489060644064,0,0
0.1006,0,0,0,0,100,0,1006,1005,0,0,0.00876751936300007,0,0
0.1007,0,0,0,0,100,0,1007,1006,0,0,0.00883045871332363,0,0
0.1008,0,0,0,0,100,0,1008,1007,0,0,0.00889370943088573,0,0
0.1009,0,0,0,0,100,0,1009,1008,0,0,0.0089572722883247,0,0
0.101,0,0,0,0,101,1,1010,1009,0,0,0.00902114805743616,0,0
0.1011,0,0,0,0,101,0,1011,1010,0,0,0.00908533750916633,0,0
0.1012,0,0,0,0,101,0,1012,1011,0,0,0.00914984141360539,0,0
0.1013,0,0,0,0,101,0,1013,1012,0,0,0.00921466053998085,0,0
0.1014,0,0,0,0,101,0,1014,1013,0,0,0.00927979565665089,0,0
0.1015,0,0,0,0,101,0,1015,1014,0,0,0.00934524753109784,0,0
0.1016,0,0,0,0,101,0,1016,1015,0,0,0.00941101692992154,0,0
0.1017,0,0,0,0,101,0,1017,1016,0,0,0.00947710461883272,0,0
0.1018,0,0,0,0,101,0,1018,1017,0,0,0.00954351136264659,0,0
0.1019,0,0,0,0,101,0,1019,1018,0,0,0.00961023792527615,0,0
0.102,0,0,0,0,102,1,1020,1019,0,0,0.00967728506972573,0,0
0.1021,0,0,0,0,102,0,1021,1020,0,0,0.0097446535580845,0,0
0.1022,0,0,0,0,102,0,1022,1021,0,0,0.00981234415151993,0,0
0.1023,0,0,0,0,102,0,1023,1022,0,0,0.00988035761027136,0,0
0.1024,0,0,0,0,102,0,1024,1023,0,0,0.00994869469364351,0,0
0.1025,0,0,0,0,102,0,1025,1024,0,0,0.01001735616,0,0
0.1026,0,0,0,0,102,0,1026,1025,0,0,0.010086342766757,0,0
0.1027,0,0,0,0,102,0,1027,1026,0,0,0.0101556552703767,0,0
0.1028,0,0,0,0,102,0,1028,1027,0,0,0.0102252944263612,0,0
0.1029,0,0,0,0,102,0,1029,1028,0,0,0.0102952609892455,0,0
0.103,0,0,0,0,103,1,1030,1029,0,0,0.010365555712592,0,0
0.1031,0,0,0,0,103,0,1031,1030,0,0,0.0104361793489833,0,0
0.1032,0,0,0,0,103,0,1032,1031,0,0,0.0105071326500164,0,0
0.1033,0,0,0,0,103,0,1033,1032,0,0,0.0105784163662963,0,0
0.1034,0,0,0,0,103,0,1034,1033,0,0,0.0106500312474295,0,0
0.1035,0,0,0,0,103,0,1035,1034,0,0,0.0107219780420179,0,0
0.1036,0,0,0,0,103,0,1036,1035,0,0,0.0107942574976523,0,0
0.1037,0,0,0,0,103,0,1037,1036,0,0,0.0108668703609065,0,0
0.1038,0,0,0,0,103,0,1038,1037,0,0,0.0109398173773307,0,0
0.1039,0,0,0,0,103,0,1039,1038,0,0,0.0110130992914455,0,0
0.104,0,0,0,0,104,1,1040,1039,0,0,0.0110867168467354,0,0
0.1041,0,0,0,0,104,0,1041,1040,0,0,0.011160670785643,0,0
0.1042,0,0,0,0,104,0,1042,1041,0,0,0.0112349618495626,0,0
0.1043,0,0,0,0,104,0,1043,1042,0,0,0.0113095907788341,0,0
0.1044,0,0,0,0,104,0,1044,1043,0,0,0.0113845583127366,0,0
0.1045,0,0,0,0,104,0,1045,1044,0,0,0.0114598651894825,0,0
0.1046,0,0,0,0,104,0,1046,1045,0,0,0.0115355121462116,0,0
0.1047,0,0,0,0,104,0,1047,1046,0,0,0.0116114999189845,0,0
0.1048,0,0,0,0,104,0,1048,1047,0,0,0.0116878292427767,0,0
0.1049,0,0,0,0,104,0,1049,1048,0,0,0.0117645008514728,0,0
0.105,0,0,0,0,105,1,1050,1049,0,0,0.0118415154778601,0,0
0.1051,0,0,0,0,105,0,1051,1050,0,0,0.0119188738536226,0,0
0.1052,0,0,0,0,105,0,1052,1051,0,0,0.011996576709335,0,0
0.1053,0,0,0,0,105,0,1053,1052,0,0,0.0120746247744571,0,0
0.1054,0,0,0,0,105,0,1054,1053,0,0,0.012153018777327,0,0
0.1055,0,0,0,0,105,0,1055,1054,0,0,0.0122317594451558,0,0
0.1056,0,0,0,0,105,0,1056,1055,0,0,0.0123108475040214,0,0
0.1057,0,0,0,0,105,0,1057,1056,0,0,0.0123902836788623,0,0
0.1058,0,0,0,0,105,0,1058,1057,0,0,0.0124700686934722,0,0
0.1059,0,0,0,0,105,0,1059,1058,0,0,0.0125502032704936,0,0
0.106,0,0,0,0,106,1,1060,1059,0,0,0.0126306881314122,0,0
0.1061,0,0,0,0,106,0,1061,1060,0,0,0.0127115239965508,0,0
0.1062,0,0,0,0,106,0,1062,1061,0,0,0.0127927115850636,0,0
0.1063,0,0,0,0,106,0,1063,1062,0,0,0.0128742516149303,0,0
0.1064,0,0,0,0,106,0,1064,1063,0,0,0.01295614480295,0,0
0.1065,0,0,0,0,106,0,1065,1064,0,0,0.013038391864736,0,0
0.1066,0,0,0,0,106,0,1066,1065,0,0,0.0131209935147092,0,0
0.1067,0,0,0,0,106,0,1067,1066,0,0,0.013203950466093,0,0
0.1068,0,0,0,0,106,0,1068,1067,0,0,0.013287263430907,0,0
0.1069,0,0,0,0,106,0,1069,1068,0,0,0.0133709331199615,0,0
0.107,0,0,0,0,107,1,1070,1069,0,0,0.0134549602428518,0,0
0.1071,0,0,0,0,107,0,1071,1070,0,0,0.0135393455079524,0,0
0.1072,0,0,0,0,107,0,1072,1071,0,0,0.0136240896224111,0,0
0.1073,0,0,0,0,107,0,1073,1072,0,0,0.0137091932921436,0,0
0.1074,0,0,0,0,107,0,1074,1073,0,0,0.0137946572218275,0,0
0.1075,0,0,0,0,107,0,1075,1074,0,0,0.0138804821148971,0,0
0.1076,0,0,0,0,107,0,1076,1075,0,0,0.0139666686735372,0,0
0.1077,0,0,0,0,107,0,1077,1076,0,0,0.0140532175986777,0,0
0.1078,0,0,0,0,107,0,1078,1077,0,0,0.0141401295899882,0,0
0.1079,0,0,0,0,107,0,1079,1078,0,0,0.0142274053458719,0,0
0.108,0,0,0,0,108,1,1080,1079,0,0,0.0143150455634606,0,0
0.1081,0,0,0,0,108,0,1081,1080,0,0,0.0144030509386085,0,0
0.1082,0,0,0,0,108,0,1082,1081,0,0,0.0144914221658872,0,0
0.1083,0,0,0,0,108,0,1083,1082,0,0,0.0145801599385797,0,0
0.1084,0,0,0,0,108,0,1084,1083,0,0,0.0146692649486752,0,0
0.1085,0,0,0,0,108,0,1085,1084,0,0,0.0147587378868634,0,0
0.1086,0,0,0,0,108,0,1086,1085,0,0,0.014848579442529,0,0
0.1087,0,0,0,0,108,0,1087,1086,0,0,0.0149387903037466,0,0
0.1088,0,0,0,0,108,0,1088,1087,0,0,0.0150293711572744,0,0
0.1089,0,0,0,0,108,0,1089,1088,0,0,0.0151203226885496,0,0
0.109,0,0,0,0,109,1,1090,1089,0,0,0.0152116455816825,0,0
0.1091,0,0,0,0,109,0,1091,1090,0,0,0.0153033405194513,0,0
0.1092,0,0,0,0,109,0,1092,1091,0,0,0.0153954081832964,0,0
0.1093,0,0,0,0,109,0,1093,1092,0,0,0.0154878492533153,0,0
0.1094,0,0,0,0,109,0,1094,1093,0,0,0.0155806644082573,0,0
0.1095,0,0,0,0,109,0,1095,1094,0,0,0.0156738543255176,0,0
0.1096,0,0,0,0,109,0,1096,1095,0,0,0.0157674196811326,0,0
0.1097,0,0,0,0,109,0,1097,1096,0,0,0.0158613611497742,0,0
0.1098,0,0,0,0,109,0,1098,1097,0,0,0.0159556794047446,0,0
0.1099,0,0,0,0,109,0,1099,1098,0,0,0.0160503751179709,0,0
0.11,0,0,0,0,110,1,1100,1099,0,0,0.01614544896,0,0
0.1101,0,0,0,0,110,0,1101,1100,0,0,0.0162409015999932,0,0
0.1102,0,0,0,0,110,0,1102,1101,0,0,0.016336733705721,0,0
0.1103,0,0,0,0,110,0,1103,1102,0,0,0.0164329459435578,0,0
0.1104,0,0,0,0,110,0,1104,1103,0,0,0.0165295389784768,0,0
0.1105,0,0,0,0,110,0,1105,1104,0,0,0.0166265134740445,0,0
0.1106,0,0,0,0,110,0,1106,1105,0,0,0.0167238700924162,0,0
0.1107,0,0,0,0,110,0,1107,1106,0,0,0.0168216094943299,0,0
0.1108,0,0,0,0,110,0,1108,1107,0,0,0.0169197323391019,0,0
0.1109,0,0,0,0,110,0,1109,1108,0,0,0.0170182392846211,0,0
0.111,0,0,0,0,111,1,1110,1109,0,0,0.0171171309873444,0,0
0.1111,0,0,0,0,111,0,1111,1110,0,0,0.0172164081022911,0,0
0.1112,0,0,0,0,111,0,1112,1111,0,0,0.0173160712830383,0,0
0.1113,0,0,0,0,111,0,1113,1112,0,0,0.0174161211817153,0,0
0.1114,0,0,0,0,111,0,1114,1113,0,0,0.0175165584489989,0,0
0.1115,0,0,0,0,111,0,1115,1114,0,0,0.0176173837341082,0,0
0.1116,0,0,0,0,111,0,1116,1115,0,0,0.0177185976847996,0,0
0.1117,0,0,0,0,111,0,1117,1116,0,0,0.0178202009473619,0,0
0.1118,0,0,0,0,111,0,1118,1117,0,0,0.017922194166611,0,0
0.1119,0,0,0,0,111,0,1119,1118,0,0,0.0180245779858853,0,0
0.112,0,0,0,0,112,1,1120,1119,0,0,0.0181273530470403,0,0
0.1121,0,0,0,0,112,0,1121,1120,0,0,0.0182305199904441,0,0
0.1122,0,0,0,0,112,0,1122,1121,0,0,0.0183340794549722,0,0
0.1123,0,0,0,0,112,0,1123,1122,0,0,0.0184380320780023,0,0
0.1124,0,0,0,0,112,0,1124,1123,0,0,0.0185423784954101,0,0
0.1125,0,0,0,0,112,0,1125,1124,0,0,0.0186471193415638,0,0
0.1126,0,0,0,0,112,0,1126,1125,0,0,0.0187522552493195,0,0
0.1127,0,0,0,0,112,0,1127,1126,0,0,0.0188577868500162,0,0
0.1128,0,0,0,0,112,0,1128,1127,0,0,0.018963714773471,0,0
0.1129,0,0,0,0,112,0,1129,1128,0,0,0.0190700396479745,0,0
0.113,0,0,0,0,113,1,1130,1129,0,0,0.0191767621002854,0,0
0.1131,0,0,0,0,113,0,1131,1130,0,0,0.0192838827556265,0,0
0.1132,0,0,0,0,113,0,1132,1131,0,0,0.0193914022376792,0,0
0.1133,0,0,0,0,113,0,1133,1132,0,0,0.019499321168579,0,0
0.1134,0,0,0,0,113,0,1134,1133,0,0,0.0196076401689109,0,0
0.1135,0,0,0,0,113,0,1135,1134,0,0,0.0197163598577045,0,0
0.1136,0,0,0,0,113,0,1136,1135,0,0,0.0198254808524293,0,0
0.1137,0,0,0,0,113,0,1137,1136,0,0,0.01993500376899,0,0
0.1138,0,0,0,0,113,0,1138,1137,0,0,0.0200449292217218,0,0
0.1139,0,0,0,0,113,0,1139,1138,0,0,0.0201552578233856,0,0
0.114,0,0,0,0,114,1,1140,1139,0,0,0.0202659901851636,0,0
0.1141,0,0,0,0,114,0,1141,1140,0,0,0.0203771269166547,0,0
0.1142,0,0,0,0,114,0,1142,1141,0,0,0.0204886686258693,0,0
0.1143,0,0,0,0,114,0,1143,1142,0,0,0.0206006159192253,0,0
0.1144,0,0,0,0,114,0,1144,1143,0,0,0.0207129694015434,0,0
0.1145,0,0,0,0,114,0,1145,1144,0,0,0.0208257296760422,0,0
0.1146,0,0,0,0,114,0,1146,1145,0,0,0.020938897344334,0,0
0.1147,0,0,0,0,114,0,1147,1146,0,0,0.0210524730064198,0,0
0.1148,0,0,0,0,114,0,1148,1147,0,0,0.0211664572606854,0,0
0.1149,0,0,0,0,114,0,1149,1148,0,0,0.0212808507038963,0,0
0.115,0,0,0,0,115,1,1150,1149,0,0,0.0213956539311934,0,0
0.1151,0,0,0,0,115,0,1151,1150,0,0,0.0215108675360888,0,0
0.1152,0,0,0,0,115,0,1152,1151,0,0,0.0216264921104607,0,0
0.1153,0,0,0,0,115,0,1153,1152,0,0,0.0217425282445495,0,0
0.1154,0,0,0,0,115,0,1154,1153,0,0,0.0218589765269532,0,0
0.1155,0,0,0,0,115,0,1155,1154,0,0,0.0219758375446228,0,0
0.1156,0,0,0,0,115,0,1156,1155,0,0,0.0220931118828581,0,0
0.1157,0,0,0,0,115,0,1157,1156,0,0,0.0222108001253031,0,0
0.1158,0,0,0,0,115,0,1158,1157,0,0,0.0223289028539419,0,0
0.1159,0,0,0,0,115,0,1159,1158,0,0,0.0224474206490941,0,0
0.116,0,0,0,0,116,1,1160,1159,0,0,0.0225663540894106,0,0
0.1161,0,0,0,0,116,0,1161,1160,0,0,0.0226857037518689,0,0
0.1162,0,0,0,0,116,0,1162,1161,0,0,0.0228054702117696,0,0
0.1163,0,0,0,0,116,0,1163,1162,0,0,0.0229256540427309,0,0
0.1164,0,0,0,0,116,0,1164,1163,0,0,0.0230462558166857,0,0
0.1165,0,0,0,0,116,0,1165,1164,0,0,0.023167276103876,0,0
0.1166,0,0,0,0,116,0,1166,1165,0,0,0.0232887154728497,0,0
0.1167,0,0,0,0,116,0,1167,1166,0,0,0.0234105744904555,0,0
0.1168,0,0,0,0,116,0,1168,1167,0,0,0.0235328537218395,0,0
0.1169,0,0,0,0,116,0,1169,1168,0,0,0.0236555537304402,0,0
0.117,0,0,0,0,117,1,1170,1169,0,0,0.023778675077985,0,0
0.1171,0,0,0,0,117,0,1171,1170,0,0,0.0239022183244856,0,0
0.1172,0,0,0,0,117,0,1172,1171,0,0,0.0240261840282338,0,0
0.1173,0,0,0,0,117,0,1173,1172,0,0,0.0241505727457977,0,0
0.1174,0,0,0,0,117,0,1174,1173,0,0,0.0242753850320171,0,0
0.1175,0,0,0,0,117,0,1175,1174,0,0,0.02440062144,0,0
0.1176,0,0,0,0,117,0,1176,1175,0,0,0.0245262825211179,0,0
0.1177,0,0,0,0,117,0,1177,1176,0,0,0.0246523688250019,0,0
0.1178,0,0,0,0,117,0,1178,1177,0,0,0.0247788808995389,0,0
0.1179,0,0,0,0,117,0,1179,1178,0,0,0.0249058192908672,0,0
0.118,0,0,0,0,118,1,1180,1179,0,0,0.0250331845433727,0,0
0.1181,0,0,0,0,118,0,1181,1180,0,0,0.0251609771996845,0,0
0.1182,0,0,0,0,118,0,1182,1181,0,0,0.0252891978006716,0,0
0.1183,0,0,0,0,118,0,1183,1182,0,0,0.0254178468854381,0,0
0.1184,0,0,0,0,118,0,1184,1183,0,0,0.0255469249913197,0,0
0.1185,0,0,0,0,118,0,1185,1184,0,0,0.0256764326538797,0,0
0.1186,0,0,0,0,118,0,1186,1185,0,0,0.025806370406905,0,0
0.1187,0,0,0,0,118,0,1187,1186,0,0,0.0259367387824019,0,0
0.1188,0,0,0,0,118,0,1188,1187,0,0,0.0260675383105929,0,0
0.1189,0,0,0,0,118,0,1189,1188,0,0,0.0261987695199119,0,0
0.119,0,0,0,0,119,1,1190,1189,0,0,0.026330432937001,0,0
0.1191,0,0,0,0,119,0,1191,1190,0,0,0.0264625290867063,0,0
0.1192,0,0,0,0,119,0,1192,1191,0,0,0.0265950584920742,0,0
0.1193,0,0,0,0,119,0,1193,1192,0,0,0.0267280216743475,0,0
0.1194,0,0,0,0,119,0,1194,1193,0,0,0.0268614191529615,0,0
0.1195,0,0,0,0,119,0,1195,1194,0,0,0.0269952514455404,0,0
0.1196,0,0,0,0,119,0,1196,1195,0,0,0.0271295190678932,0,0
0.1197,0,0,0,0,119,0,1197,1196,0,0,0.0272642225340103,0,0
0.1198,0,0,0,0,119,0,1198,1197,0,0,0.0273993623560594,0,0
0.1199,0.005,0,0,0,119,0,1199,1198,0,0,0.0275349390443821,0,0
0.12,0.01,0,9.1552734375e-05,0,120,1,1200,1199,0,0,0.0276709531074897,0,9.1552734375e-05
0.1201,0.015,0,9.1552734375e-05,0,120,0,1201,1200,0,0,0.02780740505206,0,9.1552734375e-05
0.1202,0.02,0,9.1552734375e-05,0,120,0,1202,1201,0,0,0.0279442953829333,0,9.1552734375e-05
0.1203,0.025,0,9.1552734375e-05,0,120,0,1203,1202,0,0,0.0280816246031087,0,9.1552734375e-05
0.1204,0.03,0,9.1552734375e-05,0,120,0,1204,1203,0,0,0.0282193932137406,0,9.1552734375e-05
0.1205,0.035,0,9.1552734375e-05,0,120,0,1205,1204,0,0,0.0283576017141351,0,9.1552734375e-05
0.1206,0.04,0,9.1552734375e-05,0,120,0,1206,1205,0,0,0.0284962506017458,0,9.1552734375e-05
0.1207,0.045,0,9.1552734375e-05,0,120,0,1207,1206,0,0,0.0286353403721712,0,9.1552734375e-05
0.1208,0.05,0,9.1552734375e-05,0,120,0,1208,1207,0,0,0.02877487151915,0,9.1552734375e-05
0.1209,0.055,0,9.1552734375e-05,0,120,0,1209,1208,0,0,0.0289148445345584,0,9.1552734375e-05
0.121,0.06,0,0.001007080078125,0,121,1,1210,1209,0,0,0.0290552599084058,0,0.001007080078125
0.1211,0.065,0,0.001007080078125,0,121,0,1211,1210,0,0,0.029196118128832,0,0.001007080078125
0.1212,0.07,0,0.001007080078125,0,121,0,1212,1211,0,0,0.0293374196821028,0,0.001007080078125
0.1213,0.075,0,0.001007080078125,0,121,0,1213,1212,0,0,0.0294791650526074,0,0.001007080078125
0.1214,0.08,0.00143959697443321,0.001007080078125,0.00117726343522554,121,0,1214,1213,0,0,0.0296213547228539,4.70724873117609e-08,0.001007080078125
0.1215,0.085,0.0041536110148221,0.001007080078125,0.00103651257518204,121,0,1215,1214,0,0,0.0297639891734668,3.28481843533627e-07,0.001007080078125
0.1216,0.09,0.00651503157906674,0.001007080078125,0.000900537776537541,121,0,1216,1215,0,0,0.0299070688831827,8.63498713564012e-07,0.001007080078125
0.1217,0.095,0.00856382731593085,0.001007080078125,0.000780100614205699,121,0,1217,1216,0,0,0.0300505943288473,1.61886670918384e-06,0.001007080078125
0.1218,0.1,0.0103357632391465,0.001007080078125,0.000673459491071004,121,0,1218,1217,0,0,0.0301945659854118,2.56512913611506e-06,0.001007080078125
0.1219,0.105,0.0118625947928738,0.001007080078125,0.000579067451383811,121,0,1219,1218,0,0,0.0303389843259296,3.6762033691795e-06,0.001007080078125
0.122,0.11,0.0131725159744697,0.00177001953125,0.000495550437451531,122,1,1220,1219,0,0,0.0304838498215527,4.92900251963e-06,0.00177001953125
0.1221,0.115,0.0142905573974328,0.00177001953125,0.000421687975095674,122,0,1221,1220,0,0,0.0306291629415281,6.30309938740143e-06,0.00177001953125
0.1222,0.12,0.0166785368607283,0.00177001953125,0.0015336594518054,122,0,1222,1221,0,0,0.0307749241531952,7.82750046192105e-06,0.00177001953125
0.1223,0.125,0.0216305965598896,0.00177001953125,0.00251248771042723,122,0,1223,1222,0,0,0.0309211339219816,9.72057269511231e-06,0.00177001953125
0.1224,0.13,0.027372054484429,0.00177001953125,0.0021848301629199,122,0,1224,1223,0,0,0.0310677927114001,1.21747417939953e-05,0.00177001953125
0.1225,0.135,0.0323314083280031,0.00177001953125,0.00188347914838441,122,0,1225,1224,0,0,0.0312149009830453,1.51635641368164e-05,0.00177001953125
0.1226,0.14,0.036598182635987,0.00177001953125,0.00161677999126918,122,0,1226,1225,0,0,0.0313624591965903,1.86133344330152e-05,0.00177001953125
0.1227,0.145,0.0402521355993783,0.00177001953125,0.00138084493516369,122,0,1227,1226,0,0,0.0315104678097835,2.24588218279621e-05,0.00177001953125
0.1228,0.15,0.043364074950016,0.00177001953125,0.00117222078354703,122,0,1228,1227,0,0,0.031658927278445,2.66423194004016e-05,0.00177001953125
0.1229,0.155,0.0474364554207862,0.00177001953125,0.00216510378940458,122,0,1229,1228,0,0,0.0318078380564638,3.11598721152052e-05,0.00177001953125
0.123,0.16,0.052359893607092,0.002166748046875,0.00186149193135169,123,1,1230,1229,0,0,0.0319572005957939,3.61536461016148e-05,0.002166748046875
0.1231,0.165,0.0565569036525962,0.002166748046875,0.00158175586046302,123,0,1231,1230,0,0,0.0321070153464516,4.16030767529652e-05,0.002166748046875
0.1232,0.165768658976406,0.0615510052922839,0.002166748046875,0.00251177143944882,123,0,1232,1231,0,0,0.0322572827565122,4.74868161393885e-05,0.002166748046875
0.1233,0.165768658976406,0.067251790072473,0.002166748046875,0.00215261052527281,123,0,1233,1232,0,0,0.0324080032721063,5.39316535328951e-05,0.002166748046875
0.1234,0.165768658976406,0.0720986149787433,0.002166748046875,0.00182382118549677,123,0,1234,1233,0,0,0.0325591773374173,6.0903437319545e-05,0.002166748046875
0.1235,0.165768658976406,0.0776299488541055,0.002166748046875,0.00271054867066784,123,0,1235,1234,0,0,0.0327108053946778,6.83688212360637e-05,0.002166748046875
0.1236,0.165768658976406,0.0837686503638514,0.002166748046875,0.00231321592222946,123,0,1236,1235,0,0,0.0328628878841663,7.64440062118683e-05,0.002166748046875
0.1237,0.165768658976406,0.0889658497126264,0.002166748046875,0.0019507946617357,123,0,1237,1236,0,0,0.0330154252442045,8.50855035783722e-05,0.002166748046875
0.1238,0.165768658976406,0.0933308651640346,0.002166748046875,0.00163065482058049,123,0,1238,1237,0,0,0.0331684179111538,9.42046678634416e-05,0.002166748046875
0.1239,0.165768658976406,0.0984006002470214,0.002166748046875,0.00252530588199634,123,0,1239,1238,0,0,0.0333218663194124,0.000103770266524112,0.002166748046875
0.124,0.165768658976406,0.1055358341697,0.0015869140625,0.0033125111546206,124,1,1240,1239,0,0,0.0334757709014118,0.000113947509495373,0.0015869140625
0.1241,0.165768658976406,0.113021018006852,0.0015869140625,0.0028160330401086,124,0,1241,1240,0,0,0.0336301320876143,0.000124881950310547,0.0015869140625
0.1242,0.165768658976406,0.119337117848075,0.0015869140625,0.00236609266602468,124,0,1242,1241,0,0,0.0337849503065096,0.00013650584999523,0.0015869140625
0.1243,0.165768658976406,0.124620207422062,0.0015869140625,0.00196875176849825,124,0,1243,1242,0,0,0.0339402259846115,0.000148709155895152,0.0015869140625
0.1244,0.165768658976406,0.12899133707966,0.0015869140625,0.00161809449111578,124,0,1244,1243,0,0,0.0340959595464554,0.000161394679291574,0.0015869140625
0.1245,0.165768658976406,0.132557937893931,0.0015869140625,0.00130886648043849,124,0,1245,1244,0,0,0.0342521514145947,0.000174476648893062,0.0015869140625
0.1246,0.165768658976406,0.135415344630917,0.0015869140625,0.00103640098380415,124,0,1246,1245,0,0,0.0344088020095984,0.000187879425797781,0.0015869140625
0.1247,0.165768658976406,0.1376481485748,0.0015869140625,0.000796553202237494,124,0,1247,1246,0,0,0.0345659117500475,0.000201536362162749,0.0015869140625
0.1248,0.165768658976406,0.140770996187377,0.0015869140625,0.00176290541129367,124,0,1248,1247,0,0,0.0347234810525325,0.000215435860012363,0.0015869140625
0.1249,0.165768658976406,0.144685282679848,0.0015869140625,0.00143691056113018,124,0,1249,1248,0,0,0.0348815103316499,0.000229713590356911,0.0015869140625
0.125,0.165768658976406,0.147823046430805,0.0008544921875,0.00113845551371804,125,1,1250,1249,0,0,0.03504,0.000244343507995024,0.0008544921875
0.1251,0.165768658976406,0.151716218014364,0.0008544921875,0.00205298673597555,125,0,1251,1250,0,0,0.0351989504681832,0.000259299680606293,0.0008544921875
0.1252,0.165768658976406,0.15628181164459,0.0008544921875,0.00168119500189894,125,0,1252,1251,0,0,0.0353583621447976,0.000274705104259036,0.0008544921875
0.1253,0.165768658976406,0.159965730024361,0.0008544921875,0.00134229020394338,125,0,1253,1252,0,0,0.0355182354364357,0.000290522532120699,0.0008544921875
0.1254,0.165768658976406,0.16287261257085,0.0008544921875,0.0010438540930179,125,0,1254,1253,0,0,0.035678570747682,0.00030666906549937,0.0008544921875
0.1255,0.165768658976406,0.165095574972689,0.0008544921875,0.000781321124076935,125,0,1255,1254,0,0,0.0358393684811097,0.000323071702891549,0.0008544921875
0.1256,0.165768658976406,0.16671722257818,0.0008544921875,0.000550636506130319,125,0,1256,1255,0,0,0.0360006290372779,0.000339666223713134,0.0008544921875
0.1257,0.165768658976406,0.167810826293399,0.0008544921875,0.000348199137342408,125,0,1257,1256,0,0,0.0361623528147289,0.000356396196632916,0.0008544921875
0.1258,0.165768658976406,0.168441367099419,0.0008544921875,0.000170810914532693,125,0,1258,1257,0,0,0.0363245402099855,0.000373212098862896,0.0008544921875
0.1259,0.165768658976406,0.170106060837789,0.0008544921875,0.00119289513929488,125,0,1259,1258,0,0,0.0364871916175478,0.000390117606495533,0.0008544921875
0.126,0.165768658976406,0.172690808499214,0.00042724609375,0.000916651922773927,126,1,1260,1259,0,0,0.0366503074298906,0.000407262019307952,0.00042724609375
0.1261,0.165768658976406,0.17461387452866,0.00042724609375,0.000662631902349163,126,0,1261,1260,0,0,0.0368138880374608,0.000424631458293651,0.00042724609375
0.1262,0.165768658976406,0.175955346901453,0.00042724609375,0.000439607815474736,126,0,1262,1261,0,0,0.0369779338286742,0.000442163784604135,0.00042724609375
0.1263,0.165768658976406,0.176786531889418,0.00042724609375,0.000244072072781809,126,0,1263,1262,0,0,0.0371424451899133,0.000459804439870932,0.00042724609375
0.1264,0.165768658976406,0.17717066117056,0.00042724609375,7.29096676274887e-05,126,0,1264,1263,0,0,0.0373074225055242,0.000477505588676087,0.00042724609375
0.1265,0.165768658976406,0.177163795659936,0.00042724609375,-7.66456890763025e-05,126,0,1265,1264,0,0,0.0374728661578137,0.000495225356724522,0.00042724609375
0.1266,0.165768658976406,0.176815628349525,0.00042724609375,-0.000207050534045803,126,0,1266,1265,0,0,0.0376387765270473,0.000512927154300789,0.00042724609375
0.1267,0.165768658976406,0.17760979441069,0.00042724609375,0.000856777169254474,126,0,1267,1266,0,0,0.0378051539914457,0.00053062614796789,0.00042724609375
0.1268,0.165768658976406,0.179420130782834,0.00042724609375,0.000617622690966709,126,0,1268,1267,0,0,0.0379719989271827,0.000548481846475476,0.00042724609375
0.1269,0.165768658976406,0.180654185077853,0.00042724609375,0.00039655646501642,126,0,1269,1268,0,0,0.0381393117083823,0.00056648944140108,0.00042724609375
0.127,0.165768658976406,0.181382525175299,0.000244140625,0.000202812967147696,127,1,1270,1269,0,0,0.038307092707116,0.000584594853216203,0.000244140625
0.1271,0.165768658976406,0.181668000319401,0.000244140625,3.32947723293197e-05,127,0,1271,1270,0,0,0.0384753422934004,0.000602750684533571,0.000244140625
0.1272,0.165768658976406,0.181566329489381,0.000244140625,-0.000114748774917893,127,0,1272,1271,0,0,0.0386440608351944,0.000620915462889682,0.000244140625
0.1273,0.165768658976406,0.181126899754096,0.000244140625,-0.000243760308385903,127,0,1273,1272,0,0,0.0388132486983967,0.000639052968024901,0.000244140625
0.1274,0.165768658976406,0.181833072388396,0.000244140625,0.000821354572778752,127,0,1274,1273,0,0,0.0389829062468433,0.000657178706982342,0.000244140625
0.1275,0.165768658976406,0.183558438923776,0.000244140625,0.000583392139886435,127,0,1275,1274,0,0,0.0391530338423045,0.000675452503040029,0.000244140625
0.1276,0.165768658976406,0.184710326907206,0.000244140625,0.000363432611142121,127,0,1276,1275,0,0,0.0393236318444832,0.000693869839042298,0.000244140625
0.1277,0.165768658976406,0.185359106698821,0.000244140625,0.000170719169131845,127,0,1277,1276,0,0,0.0394947006110113,0.000712376905858883,0.000244140625
0.1278,0.165768658976406,0.185567450086974,0.000244140625,2.16213741073862e-06,127,0,1278,1277,0,0,0.0396662404974481,0.000730926557761429,0.000244140625
0.1279,0.165768658976406,0.185390916452027,0.000244140625,-0.000144982242388594,127,0,1279,1278,0,0,0.0398382518572773,0.000749477557101007,0.000244140625
0.128,0.165768658976406,0.186318346130176,0.0001220703125,0.000904112967865461,128,1,1280,1279,0,0,0.0400107350419046,0.000768040975762091,0.0001220703125
0.1281,0.165768658976406,0.188228193968479,0.0001220703125,0.000652006482164687,128,0,1281,1280,0,0,0.0401836904006556,0.000786772718682573,0.0001220703125
0.1282,0.165768658976406,0.189532103927404,0.0001220703125,0.000419567519847266,128,0,1282,1281,0,0,0.0403571182807724,0.000805664809086423,0.0001220703125
0.1283,0.165768658976406,0.190304277028515,0.0001220703125,0.000215851860027695,128,0,1283,1282,0,0,0.0405310190274124,0.000824660385339748,0.0001220703125
0.1284,0.165768658976406,0.190610784291803,0.0001220703125,3.7603381158172e-05,128,0,1284,1283,0,0,0.040705392983645,0.000843709610494694,0.0001220703125
0.1285,0.165768658976406,0.190510201151597,0.0001220703125,-0.000118069503367344,128,0,1285,1284,0,0,0.0408802404904493,0.000862768876260069,0.0001220703125
0.1286,0.165768658976406,0.19005444671182,0.0001220703125,-0.000253734578150987,128,0,1286,1285,0,0,0.0410555618867122,0.000881800095814334,0.0001220703125
0.1287,0.165768658976406,0.189289529221654,0.0001220703125,-0.00037167200859981,128,0,1287,1286,0,0,0.0412313575092255,0.000900770075809487,0.0001220703125
0.1288,0.165768658976406,0.18969580521526,0.0001220703125,0.000703356947906638,128,0,1288,1287,0,0,0.0414076276926836,0.000919697031203873,0.0001220703125
0.1289,0.165768658976406,0.191144193841667,0.0001220703125,0.000474276812808757,128,0,1289,1288,0,0,0.0415843727696815,0.000938743209495674,0.0001220703125
0.129,0.165768658976406,0.192039645556057,0,0.000262281743971923,129,1,1290,1289,0,0,0.0417615930707122,0.000957906265419075,0
0.1291,0.165768658976406,0.192450415982282,0,7.67161617252039e-05,129,0,1291,1290,0,0,0.0419392889241643,0.000977134337269404,0
0.1292,0.165768658976406,0.19243729528072,0,-8.54196586769985e-05,129,0,1292,1291,0,0,0.0421174606563199,0.000996382027038666,0
0.1293,0.165768658976406,0.192054168327546,0,-0.000226789549701661,129,0,1293,1292,0,0,0.0422961085913524,0.00101560966709202,0
0.1294,0.165768658976406,0.191348788025724,0,-0.00034975898502739,129,0,1294,1293,0,0,0.0424752330513239,0.00103478266868162,0
0.1295,0.165768658976406,0.190363462202534,0,-0.000456428420285898,129,0,1295,1294,0,0,0.042654834356183,0.00105387094342876,0
0.1296,0.165768658976406,0.190575260712095,0,0.000628600518406884,129,0,1296,1295,0,0,0.0428349128237631,0.00107289546210747,0
0.1297,0.165768658976406,0.191852183547843,0,0.000408394155931377,129,0,1297,1296,0,0,0.0430154687697795,0.00109202091791867,0
0.1298,0.165768658976406,0.192596588474532,0,0.000204272605451311,129,0,1298,1297,0,0,0.0431965025078275,0.00111124713586603,0
0.1299,0.170768658976406,0.19287442841272,0,2.56921725015507e-05,129,0,1299,1298,0,0,0.0433780143493801,0.00113052417988588,0
0.13,0.175768658976406,0.192744448410762,0,-0.000130247482758452,130,1,1300,1299,0,0,0.043560004603786,0.00114980836034586,0
0.1301,0.180768658976406,0.192258717044501,0,-0.000266121911875853,130,0,1301,1300,0,0,0.0437424735782674,0.00116906152502761,0
0.1302,0.185768658976406,0.191463374163497,0,-0.000384218171229941,130,0,1302,1301,0,0,0.0439254215779176,0.001188250429231,0
0.1303,0.190768658976406,0.19039929507948,0,-0.000486567060958838,130,0,1303,1302,0,0,0.0441088489056993,0.00120734617643458,0
0.1304,0.195768658976406,0.190542277493751,0,0.000602291662972768,130,0,1304,1303,0,0,0.0442927558624421,0.00122637079411434,0
0.1305,0.200768658976406,0.191759191696472,0,0.000385479289017624,130,0,1305,1304,0,0,0.0444771427468405,0.0012454899121496,0
0.1306,0.205768658976406,0.19245139228121,0,0.000184364745250379,130,0,1306,1305,0,0,0.0446620098554521,0.0012647041856405,0
0.1307,0.210768658976406,0.192683941384094,0,8.44769929422598e-06,130,0,1307,1306,0,0,0.0448473574826952,0.00128396441397676,0
0.1308,0.215768658976406,0.192514793099222,0,-0.000145133672494024,130,0,1308,1307,0,0,0.0450331859208467,0.00130322755894111,0
0.1309,0.220768658976406,0.191995313721597,0,-0.000278920710048716,130,0,1309,1308,0,0,0.0452194954600405,0.00132245604511172,0
0.131,0.225768658976406,0.191171019582908,0.000885009765625,-0.000395170081857404,131,1,1310,1309,0,0,0.045406286388265,0.00134161713833349,0.000885009765625
0.1311,0.230768658976406,0.19008223243664,0.000885009765625,-0.000495885596737361,131,0,1311,1310,0,0,0.0455935589913613,0.00136068239381024,0.000885009765625
0.1312,0.235768658976406,0.190204258562419,0.000885009765625,0.00059441696095476,131,0,1312,1311,0,0,0.0457813135530216,0.0013796742385246,0.000885009765625
0.1313,0.240768658976406,0.192843128984667,0.000885009765625,0.00155614360180665,131,0,1313,1312,0,0,0.0459695503547862,0.00139880572799377,0.000885009765625
0.1314,0.245768658976406,0.196234631190985,0.000885009765625,0.00121540446041753,131,0,1314,1313,0,0,0.0461582696760426,0.00141826509370142,0.000885009765625
0.1315,0.250768658976406,0.198816473132534,0.000885009765625,0.00090450634595981,131,0,1315,1314,0,0,0.0463474717940231,0.00143802268116409,0.000885009765625
0.1316,0.255768658976406,0.200686272565062,0.000885009765625,0.000631363929822189,131,0,1316,1315,0,0,0.0465371569838029,0.00145800243884533,0.000885009765625
0.1317,0.260768658976406,0.201930890158772,0.000885009765625,0.000391707526600092,131,0,1317,1316,0,0,0.0467273255182981,0.00147813754893351,0.000885009765625
0.1318,0.265768658976406,0.204066954514825,0.000885009765625,0.00135900870224631,131,0,1318,1317,0,0,0.046917977668264,0.00149841645591597,0.000885009765625
0.1319,0.270768658976406,0.206997588439826,0.000885009765625,0.00103462234297145,131,0,1319,1318,0,0,0.0471091137022931,0.00151897505862274,0.000885009765625
0.132,0.275768658976406,0.209156332371476,0.001556396484375,0.000738348391487539,132,1,1320,1319,0,0,0.0473007338868133,0.00153978770104106,0.001556396484375
0.1321,0.280768658976406,0.210636822152698,0.001556396484375,0.000478292912113096,132,0,1321,1320,0,0,0.0474928384860859,0.00156078190766443,0.001556396484375
0.1322,0.285768658976406,0.212961974178064,0.001556396484375,0.00142761968211071,132,0,1322,1321,0,0,0.0476854277622041,0.00158194113325453,0.001556396484375
0.1323,0.290768658976406,0.217480087437474,0.001556396484375,0.00226467364713213,132,0,1323,1322,0,0,0.0478785019750908,0.0016034439524076,0.001556396484375
0.1324,0.295768658976406,0.222464472380696,0.001556396484375,0.00181373426803325,132,0,1324,1323,0,0,0.0480720613824971,0.00162544810291964,0.001556396484375
0.1325,0.300768658976406,0.2263861453361,0.001556396484375,0.00140548232534957,132,0,1325,1324,0,0,0.04826610624,0.00164789697613169,0.001556396484375
0.1326,0.305768658976406,0.229372289019112,0.001556396484375,0.00104638825699126,132,0,1326,1325,0,0,0.0484606368010015,0.00167069070817305,0.001556396484375
0.1327,0.310768658976406,0.232975601135149,0.001556396484375,0.00190816304272102,132,0,1327,1326,0,0,0.0486556533167262,0.00169378853001483,0.001556396484375
0.1328,0.315768658976406,0.23857081735788,0.001556396484375,0.00266786124222771,132,0,1328,1327,0,0,0.0488511560362194,0.00171734760173165,0.001556396484375
0.1329,0.320768658976406,0.244454714107819,0.001556396484375,0.00214861619399417,132,0,1329,1328,0,0,0.0490471452063463,0.00174150674028193,0.001556396484375
0.133,0.325768658976406,0.249119135101644,0.00189208984375,0.00168009069806398,133,1,1330,1329,0,0,0.0492436210717889,0.00176619262955029,0.00189208984375
0.1331,0.330768658976406,0.252709746889219,0.00189208984375,0.00126785104537304,133,0,1331,1330,0,0,0.0494405838750458,0.00179129066262738,0.00189208984375
0.1332,0.335768658976406,0.256795649528004,0.00189208984375,0.00208280517974942,133,0,1332,1331,0,0,0.0496380338564294,0.00181674707073935,0.00189208984375
0.1333,0.340768658976406,0.262766132357642,0.00189208984375,0.00280129444794755,133,0,1333,1332,0,0,0.0498359712540647,0.0018427075611143,0.00189208984375
0.1334,0.345768658976406,0.268930883570547,0.00189208984375,0.00224581875817923,133,0,1334,1333,0,0,0.0500343963038878,0.00186930087033438,0.00189208984375
0.1335,0.350768658976406,0.273793200435717,0.00189208984375,0.00174547834293091,133,0,1335,1334,0,0,0.0502333092396437,0.00189644481946204,0.00189208984375
0.1336,0.355768658976406,0.277508907991634,0.00189208984375,0.00130533987952366,133,0,1336,1335,0,0,0.0504327102928855,0.00192401701873502,0.00189208984375
0.1337,0.360768658976406,0.28165611465066,0.00189208984375,0.00209586761215867,133,0,1337,1336,0,0,0.050632599692972,0.00195195687430662,0.00189208984375
0.1338,0.365768658976406,0.287632096714264,0.00189208984375,0.00279300886409217,133,0,1338,1337,0,0,0.0508329776670666,0.00198040411759831,0.00189208984375
0.1339,0.370768658976406,0.293753622304139,0.00189208984375,0.00221891363949513,133,0,1339,1338,0,0,0.0510338444401356,0.00200948226228641,0.00189208984375
0.134,0.375768658976406,0.298530263151545,0.00201416015625,0.00170237144897471,134,1,1340,1339,0,0,0.0512352002349466,0.00203910457385296,0.00201416015625
0.1341,0.380768658976406,0.302123403509675,0.00201416015625,0.00124817306180372,134,0,1341,1340,0,0,0.051437045272067,0.00206914469828873,0.00201416015625
0.1342,0.385768658976406,0.306116075899661,0.00201416015625,0.00202653773036642,134,0,1342,1341,0,0,0.0516393797698626,0.002099538601355,0.00201416015625
0.1343,0.390768658976406,0.311909916816068,0.00201416015625,0.00271319525857805,134,0,1343,1342,0,0,0.0518422039444959,0.00213042303801956,0.00201416015625
0.1344,0.395768658976406,0.317825553897719,0.00201416015625,0.00213010252631374,134,0,1344,1343,0,0,0.0520455180099247,0.00216191895624473,0.00201416015625
0.1345,0.400768658976406,0.322375973869537,0.00201416015625,0.00160587757978261,134,0,1345,1344,0,0,0.0522493221779004,0.00219393741930585,0.00201416015625
0.1346,0.405768658976406,0.325725581334946,0.00201416015625,0.00114515897456693,134,0,1346,1345,0,0,0.0524536166579672,0.00222635019255999,0.00201416015625
0.1347,0.410768658976406,0.329460078831105,0.00201416015625,0.00191803083983008,134,0,1347,1346,0,0,0.0526584016574598,0.00225909164548064,0.00201416015625
0.1348,0.415768658976406,0.334983461895879,0.00201416015625,0.00260010304933499,134,0,1348,1347,0,0,0.0528636773815026,0.00229229718804722,0.00201416015625
0.1349,0.420768658976406,0.340618441206123,0.00201416015625,0.00201322603900241,134,0,1349,1348,0,0,0.053069444033008,0.00232608664520151,0.00201416015625
0.135,0.425768658976406,0.344879841554974,0.002166748046875,0.00148592337946082,135,1,1350,1349,0,0,0.0532757018126749,0.00236037015313268,0.002166748046875
0.1351,0.430768658976406,0.349373285143488,0.002166748046875,0.00220001319270537,135,0,1351,1350,0,0,0.0534824509189878,0.00239506579542652,0.002166748046875
0.1352,0.435768658976406,0.355520722363267,0.002166748046875,0.00283022756686555,135,0,1352,1351,0,0,0.0536896915482149,0.00243029460400085,0.002166748046875
0.1353,0.440768658976406,0.36166079794456,0.002166748046875,0.00219763731064672,135,0,1353,1352,0,0,0.053897423894407,0.00246616371919526,0.002166748046875
0.1354,0.445768658976406,0.366322475911486,0.002166748046875,0.00163007355069352,135,0,1354,1353,0,0,0.0541056481493961,0.00250257209538527,0.002166748046875
0.1355,0.450768658976406,0.371123923603834,0.002166748046875,0.00230873941596391,135,0,1355,1354,0,0,0.0543143645027942,0.00253942796778336,0.002166748046875
0.1356,0.455768658976406,0.377498220785275,0.002166748046875,0.00290782080891348,135,0,1356,1355,0,0,0.0545235731419919,0.00257684370296807,0.002166748046875
0.1357,0.460768658976406,0.383793884195105,0.002166748046875,0.00224790346389277,135,0,1357,1356,0,0,0.054733274252157,0.00261491882539457,0.002166748046875
0.1358,0.465768658976406,0.388548633186225,0.002166748046875,0.00165638770648268,135,0,1358,1357,0,0,0.0549434680162334,0.00265354560437542,0.002166748046875
0.1359,0.470768658976406,0.393388398709526,0.002166748046875,0.00231409408276855,135,0,1359,1358,0,0,0.0551541546149398,0.00269262641552229,0.002166748046875
0.136,0.475768658976406,0.399753143446404,0.00225830078125,0.00289486875357036,136,1,1360,1359,0,0,0.0553653342267684,0.00273226849770845,0.00225830078125
0.1361,0.480768658976406,0.405997484980914,0.00225830078125,0.00221899575626479,136,0,1361,1360,0,0,0.0555770070279837,0.00277256689648919,0.00225830078125
0.1362,0.485768658976406,0.410664549012481,0.00225830078125,0.00161360750151301,136,0,1362,1361,0,0,0.0557891731926214,0.00281340997729694,0.00225830078125
0.1363,0.489444783728873,0.415385056127184,0.00225830078125,0.00225928663756679,136,0,1363,1362,0,0,0.056001832892487,0.00285469672136026,0.00225830078125
0.1364,0.489444783728873,0.421603211051696,0.00225830078125,0.00282966810202947,136,0,1364,1363,0,0,0.0562149862971547,0.00289653142448453,0.00225830078125
0.1365,0.489444783728873,0.427677387223968,0.00225830078125,0.00214484839183703,136,0,1365,1364,0,0,0.0564286335739665,0.00293900658881363,0.00225830078125
0.1366,0.489444783728873,0.432154034513622,0.00225830078125,0.00153179340036747,136,0,1366,1365,0,0,0.0566427748880304,0.00298200839015802,0.00225830078125
0.1367,0.489444783728873,0.436666814406812,0.00225830078125,0.00217093794330863,136,0,1367,1366,0,0,0.05685741040222,0.00302543393318943,0.00225830078125
0.1368,0.489444783728873,0.4426625322928,0.00225830078125,0.00273578573527922,136,0,1368,1367,0,0,0.0570725402771729,0.00306938591406689,0.00225830078125
0.1369,0.489444783728873,0.448501860258889,0.00225830078125,0.00204631679104333,136,0,1369,1368,0,0,0.0572881646712898,0.00311395548010471,0.00225830078125
0.137,0.489444783728873,0.452733278729678,0.001708984375,0.00142939360048792,137,1,1370,1369,0,0,0.0575042837407334,0.00315902766861207,0.001708984375
0.1371,0.489444783728873,0.456992241776588,0.001708984375,0.00206535920489997,137,0,1371,1370,0,0,0.0577208976394273,0.00320449863679889,0.001708984375
0.1372,0.489444783728873,0.462727136194757,0.001708984375,0.00262763588814134,137,0,1372,1371,0,0,0.0579380065190549,0.00325047030195717,0.001708984375
0.1373,0.489444783728873,0.468300028094535,0.001708984375,0.00193613140771045,137,0,1373,1372,0,0,0.0581556105290582,0.00329703318121277,0.001708984375
0.1374,0.489444783728873,0.472260625640151,0.001708984375,0.00131764412803747,137,0,1374,1373,0,0,0.0583737098166373,0.00334407181269232,0.001708984375
0.1375,0.489444783728873,0.476245463096505,0.001708984375,0.00195246020126655,137,0,1375,1374,0,0,0.058592304526749,0.00339148196974643,0.001708984375
0.1376,0.489444783728873,0.48170387658487,0.001708984375,0.00251395146530876,137,0,1376,1375,0,0,0.0588113948021056,0.00343936528721817,0.001708984375
0.1377,0.489444783728873,0.486998765489239,0.001708984375,0.0018219809390478,137,0,1377,1376,0,0,0.0590309807831746,0.0034878120888564,0.001708984375
0.1378,0.489444783728873,0.490680568312379,0.001708984375,0.0012033072996193,137,0,1378,1377,0,0,0.0592510626081768,0.00353670679754012,0.001708984375
0.1379,0.489444783728873,0.49438645836958,0.001708984375,0.00183818151339369,137,0,1379,1378,0,0,0.0594716404130864,0.00358594513979582,0.001708984375
0.138,0.489444783728873,0.499566329928937,0.000946044921875,0.00239994424810075,138,1,1380,1379,0,0,0.0596927143316294,0.00363562876346112,0.000946044921875
0.1381,0.489444783728873,0.504583568841686,0.000946044921875,0.00170843090187372,138,0,1381,1380,0,0,0.0599142844952825,0.00368584805747376,0.000946044921875
0.1382,0.489444783728873,0.507989036545533,0.000946044921875,0.00109037566397045,138,0,1382,1381,0,0,0.060136351033273,0.0037364875553398,0.000946044921875
0.1383,0.489444783728873,0.509980676128263,0.000946044921875,0.000548744469275732,138,0,1383,1382,0,0,0.060358914072577,0.00378739606117883,0.000946044921875
0.1384,0.489444783728873,0.510734281700863,0.000946044921875,7.48729981529969e-05,138,0,1384,1383,0,0,0.0605819737379193,0.00383844107020067,0.000946044921875
0.1385,0.489444783728873,0.511845298999008,0.000946044921875,0.000838330284419316,138,0,1385,1384,0,0,0.0608055301517722,0.00388955372249273,0.000946044921875
0.1386,0.489444783728873,0.514726281855224,0.000946044921875,0.00151426946002838,138,0,1386,1385,0,0,0.0610295834343544,0.00394086711312865,0.000946044921875
0.1387,0.489444783728873,0.517707448527205,0.000946044921875,0.000924135922302209,138,0,1387,1386,0,0,0.0612541337036308,0.00399249955491203,0.000946044921875
0.1388,0.489444783728873,0.519310199525455,0.000946044921875,0.000396093978979729,138,0,1388,1387,0,0,0.0614791810753112,0.00404436037559379,0.000946044921875
0.1389,0.489444783728873,0.521145906432959,0.000946044921875,0.00111164326738943,138,0,1389,1388,0,0,0.0617047256628495,0.00409636746616019,0.000946044921875
0.139,0.489444783728873,0.524641536738362,0.00042724609375,0.00174523375024408,139,1,1390,1389,0,0,0.0619307675774433,0.00414864220388013,0.00042724609375
0.1391,0.489444783728873,0.52814010352043,0.00042724609375,0.00111768626389423,139,0,1391,1390,0,0,0.0621573069280329,0.00420129254338706,0.00042724609375
0.1392,0.489444783728873,0.530174364227237,0.00042724609375,0.000556610359055706,139,0,1392,1391,0,0,0.0623843438213005,0.00425421866114894,0.00042724609375
0.1393,0.489444783728873,0.530926173401022,0.00042724609375,6.57496273848886e-05,139,0,1393,1392,0,0,0.0626118783616694,0.00430728329559989,0.00042724609375
0.1394,0.489444783728873,0.530557027074318,0.00042724609375,-0.00036286941086381,139,0,1394,1393,0,0,0.0628399106513038,0.00436036635780348,0.00042724609375
0.1395,0.489444783728873,0.53064966345617,0.00042724609375,0.000440935969470901,139,0,1395,1394,0,0,0.0630684407901074,0.00441341005419439,0.00042724609375
0.1396,0.489444783728873,0.532605341884614,0.00042724609375,0.00115286414343722,139,0,1396,1395,0,0,0.0632974688757231,0.00446655734677803,0.00042724609375
0.1397,0.489444783728873,0.534744241500716,0.00042724609375,0.000594844894451411,139,0,1397,1396,0,0,0.0635269950035325,0.00451993534921922,0.00042724609375
0.1398,0.489444783728873,0.535578838890452,0.00042724609375,9.54727968501156e-05,139,0,1398,1397,0,0,0.0637570192666547,0.00457346124252113,0.00042724609375
0.1399,0.494444783728873,0.53527297556373,0.00042724609375,-0.000340633561844262,139,0,1399,1398,0,0,0.0639875417559462,0.00462701285606216,0.00042724609375
0.14,0.499444783728873,0.535411745815393,0.000244140625,0.0004565928738039,140,1,1400,1399,0,0,0.06421856256,0.00468053056473413,0.000244140625
0.1401,0.504444783728873,0.537398498826279,0.000244140625,0.0011627477824643,140,0,1401,1400,0,0,0.0644500817651451,0.00473415572116524,0.000244140625
0.1402,0.509444783728873,0.539555267169325,0.000244140625,0.000599669744812164,140,0,1402,1401,0,0,0.0646820994554459,0.00478801402669133,0.000244140625
0.1403,0.514444783728873,0.540396170872405,0.000244140625,9.58723089107818e-05,140,0,1403,1402,0,0,0.0649146157127013,0.0048420214247283,0.000244140625
0.1404,0.519444783728873,0.540086508383964,0.000244140625,-0.000344097876876548,140,0,1404,1403,0,0,0.0651476306164449,0.00489605466199474,0.000244140625
0.1405,0.524444783728873,0.540212665316304,0.000244140625,0.000449762343198475,140,0,1405,1404,0,0,0.0653811442439437,0.00495005316805475,0.000244140625
0.1406,0.529444783728873,0.540739538337572,0.000244140625,-2.42713345518196e-05,140,0,1406,1405,0,0,0.0656151566701979,0.00500411039943433,0.000244140625
0.1407,0.534444783728873,0.540155353643653,0.000244140625,-0.000449133292087363,140,0,1407,1406,0,0,0.0658496679679404,0.00505816407732808,0.000244140625
0.1408,0.539444783728873,0.540041736134779,0.000244140625,0.000358118362187987,140,0,1408,1407,0,0,0.0660846782076362,0.00511215732672504,0.000244140625
0.1409,0.544444783728873,0.541799227299289,0.000244140625,0.00107321487975451,140,0,1409,1408,0,0,0.066320187457482,0.00516623395187605,0.000244140625
0.141,0.549444783728873,0.543747364164407,0.000946044921875,0.000518115282950949,141,1,1410,1409,0,0,0.0665561957834058,0.00522052184072934,0.000946044921875
0.1411,0.554444783728873,0.544398048451999,0.000946044921875,2.14400632201512e-05,141,0,1411,1410,0,0,0.0667927032490661,0.00527493888775651,0.000946044921875
0.1412,0.559444783728873,0.545354203318843,0.000946044921875,0.000765094156476812,141,0,1412,1411,0,0,0.0670297099158521,0.00532941065381348,0.000946044921875
0.1413,0.564444783728873,0.548035281223619,0.000946044921875,0.00142388777504045,141,0,1413,1412,0,0,0.0672672158428825,0.00538406538831546,0.000946044921875
0.1414,0.569444783728873,0.550777609718147,0.000946044921875,0.000818961841291252,141,0,1414,1413,0,0,0.0675052210870058,0.00543901720841645,0.000946044921875
0.1415,0.574444783728873,0.552107997562238,0.000946044921875,0.000278210155862197,141,0,1415,1414,0,0,0.0677437257027994,0.00549417182175467,0.000946044921875
0.1416,0.579444783728873,0.553642601950081,0.000946044921875,0.000982892190676359,141,0,1416,1415,0,0,0.0679827297425696,0.00554944400859092,0.000946044921875
0.1417,0.584444783728873,0.556812623424258,0.000946044921875,0.00160724487843681,141,0,1417,1416,0,0,0.068222233256351,0.00560495248612627,0.000946044921875
0.1418,0.589444783728873,0.559964817820766,0.000946044921875,0.000971899952449009,141,0,1418,1417,0,0,0.0684622362919063,0.00566080294747543,0.000946044921875
0.1419,0.594444783728873,0.561635249899145,0.000946044921875,0.000404298922438929,141,0,1419,1418,0,0,0.0687027388947257,0.00571689365988047,0.000946044921875
0.142,0.599444783728873,0.563448291601936,0.001495361328125,0.00108529954181442,142,1,1420,1419,0,0,0.0689437411080272,0.00577313283623554,0.001495361328125
0.1421,0.604444783728873,0.566842433442086,0.001495361328125,0.00168878198075436,142,0,1421,1420,0,0,0.0691852429727554,0.00582963340115908,0.001495361328125
0.1422,0.609444783728873,0.571610496614306,0.001495361328125,0.00221232432355501,142,0,1422,1421,0,0,0.0694272445275821,0.00588654301519209,0.001495361328125
0.1423,0.614444783728873,0.576129105157389,0.001495361328125,0.00148780936853682,142,0,1423,1422,0,0,0.0696697458089057,0.00594394271490596,0.001495361328125
0.1424,0.619444783728873,0.578961115322727,0.001495361328125,0.000841371811438565,142,0,1424,1423,0,0,0.0699127468508506,0.00600170895754422,0.001495361328125
0.1425,0.624444783728873,0.581754681990317,0.001495361328125,0.00145270867540852,142,0,1425,1424,0,0,0.0701562476852675,0.00605973067325719,0.001495361328125
0.1426,0.629444783728873,0.585969406438973,0.001495361328125,0.00199466920935278,142,0,1426,1425,0,0,0.0704002483417329,0.00611810374730069,0.001495361328125
0.1427,0.634444783728873,0.58997725056273,0.001495361328125,0.00128665263005552,142,0,1427,1426,0,0,0.0706447488475489,0.00617691371962545,0.001495361328125
0.1428,0.639444783728873,0.592336647641704,0.001495361328125,0.00065500568221974,142,0,1428,1427,0,0,0.0708897492277433,0.00623604108165574,0.001495361328125
0.1429,0.644444783728873,0.594691817836206,0.001495361328125,0.00127961379195558,142,0,1429,1428,0,0,0.0711352495050689,0.00629537838007487,0.001495361328125
0.143,0.649444783728873,0.598498861562976,0.001861572265625,0.0018334936442254,143,1,1430,1429,0,0,0.0713812497000039,0.00635502474510199,0.001861572265625
0.1431,0.654444783728873,0.603566222046533,0.001861572265625,0.00231345639967234,143,0,1431,1430,0,0,0.0716277498307513,0.00641511570350563,0.001861572265625
0.1432,0.659444783728873,0.608284379890735,0.001861572265625,0.00155070378758354,143,0,1432,1431,0,0,0.0718747499132391,0.0064757216311511,0.001861572265625
0.1433,0.664444783728873,0.61266807659469,0.001861572265625,0.00204802872963301,143,0,1433,1432,0,0,0.0721222499611202,0.00653675670354645,0.001861572265625
0.1434,0.669444783728873,0.618211183192307,0.001861572265625,0.00248931387506014,143,0,1434,1433,0,0,0.0723702499857719,0.006598288919519,0.001861572265625
0.1435,0.674444783728873,0.623316353629828,0.001861572265625,0.00169245838778998,143,0,1435,1434,0,0,0.0726187499962963,0.00666037919399514,0.001861572265625
0.1436,0.679444783728873,0.626569259776526,0.001861572265625,0.000982476616322607,143,0,1436,1435,0,0,0.07286774999952,0.00672288628822385,0.001861572265625
0.1437,0.684444783728873,0.629638293005149,0.001861572265625,0.00153807059364371,143,0,1437,1436,0,0,0.0731172499999941,0.00678568358770645,0.001861572265625
0.1438,0.689444783728873,0.63400100072005,0.001861572265625,0.00203120605280484,143,0,1438,1437,0,0,0.0733672499999941,0.00684885334105869,0.001861572265625
0.1439,0.694444783728873,0.639484853678281,0.001861572265625,0.00245776072486212,143,0,1439,1438,0,0,0.07361774999952,0.00691251621599131,0.001861572265625
0.144,0.699444783728873,0.64449721122991,0.00201416015625,0.00164810738469234,144,1,1440,1439,0,0,0.0738687499962963,0.00697672952357531,0.00201416015625
0.1441,0.704444783728873,0.649067785155073,0.00201416015625,0.00210430262862315,144,0,1441,1440,0,0,0.0741202499857719,0.00704139596604622,0.00201416015625
0.1442,0.709444783728873,0.654703721874324,0.00201416015625,0.00250957531965927,144,0,1442,1441,0,0,0.0743722499611201,0.00710657348041092,0.00201416015625
0.1443,0.714444783728873,0.65981944570365,0.00201416015625,0.00168124402617365,144,0,1443,1442,0,0,0.0746247499132391,0.00717231417132722,0.00201416015625
0.1444,0.719444783728873,0.66445065881677,0.00201416015625,0.00212107051649104,144,0,1444,1443,0,0,0.0748777498307512,0.00723851617180297,0.00201416015625
0.1445,0.724444783728873,0.670109819389655,0.00201416015625,0.0025120218789212,144,0,1445,1444,0,0,0.0751312497000039,0.00730523341439188,0.00201416015625
0.1446,0.729444783728873,0.675216060891686,0.00201416015625,0.00167118421553823,144,0,1446,1445,0,0,0.0753852495050689,0.00737251450004929,0.00201416015625
0.1447,0.734444783728873,0.679809259452542,0.00201416015625,0.00210011280399847,144,0,1447,1446,0,0,0.0756397492277432,0.00744025450197535,0.00201416015625
0.1448,0.739444783728873,0.685405571945108,0.00201416015625,0.0024815914272664,144,0,1448,1447,0,0,0.0758947488475489,0.00750850468631481,0.00201416015625
0.1449,0.744444783728873,0.690427408590425,0.00201416015625,0.00163254342207492,144,0,1449,1448,0,0,0.0761502483417329,0.00757731133617968,0.00201416015625
0.145,0.749444783728873,0.694917547538028,0.0020751953125,0.00205437948450251,145,1,1450,1449,0,0,0.0764062476852675,0.00764656751568296,0.0020751953125
0.1451,0.754444783728873,0.700394714955032,0.0020751953125,0.00242975508560005,145,0,1451,1450,0,0,0.0766627468508506,0.00771632275528337,0.0020751953125
0.1452,0.759444783728873,0.706723191518376,0.0020751953125,0.00275274268811548,145,0,1452,1451,0,0,0.0769197458089057,0.00778666891689622,0.0020751953125
0.1453,0.764444783728873,0.712342990699726,0.0020751953125,0.00185211184735983,145,0,1453,1452,0,0,0.0771772445275822,0.00785763797696785,0.0020751953125
0.1454,0.769444783728873,0.715873190887218,0.0020751953125,0.00105123204903315,145,0,1454,1453,0,0,0.0774352429727554,0.00792906330970067,0.0020751953125
0.1455,0.774444783728873,0.719011803457399,0.0020751953125,0.00152734457847478,145,0,1455,1454,0,0,0.0776937411080272,0.00800079606302435,0.0020751953125
0.1456,0.779444783728873,0.723262633477545,0.0020751953125,0.00195111820170357,145,0,1456,1455,0,0,0.0779527388947257,0.00807289904021647,0.0020751953125
0.1457,0.784444783728873,0.728476423679459,0.0020751953125,0.00231727882013673,145,0,1457,1456,0,0,0.0782122362919062,0.0081454759386726,0.0020751953125
0.1458,0.789444783728873,0.734520750566134,0.0020751953125,0.00263243952989372,145,0,1458,1457,0,0,0.078472233256351,0.00821861636495176,0.0020751953125
0.1459,0.794444783728873,0.739838815814337,0.0020751953125,0.001725208678001,145,0,1459,1458,0,0,0.0787327297425696,0.00829235037934887,0.0020751953125
0.146,0.799444783728873,0.744492111315,0.002166748046875,0.00209607554991973,146,1,1460,1459,0,0,0.0789937257027994,0.00836655681246751,0.002166748046875
0.1461,0.804444783728873,0.750015956133497,0.002166748046875,0.00242687756334003,146,0,1461,1460,0,0,0.0792552210870058,0.00844127272554728,0.002166748046875
0.1462,0.809444783728873,0.756289340611841,0.002166748046875,0.00271096064690755,146,0,1462,1461,0,0,0.0795172158428825,0.00851657907549291,0.002166748046875
0.1463,0.814444783728873,0.761765315531702,0.002166748046875,0.00177644926322596,146,0,1463,1462,0,0,0.0797797099158521,0.00859249832026869,0.002166748046875
0.1464,0.819444783728873,0.766514107840176,0.002166748046875,0.00212340286455844,146,0,1464,1463,0,0,0.0800427032490661,0.00866890261681336,0.002166748046875
0.1465,0.824444783728873,0.772078782286396,0.002166748046875,0.00243327724260218,146,0,1465,1464,0,0,0.0803061957834058,0.00874582317625293,0.002166748046875
0.1466,0.829444783728873,0.778345196355153,0.002166748046875,0.00269907939163621,146,0,1466,1465,0,0,0.080570187457482,0.00882333583559087,0.002166748046875
0.1467,0.834444783728873,0.783772487796316,0.002166748046875,0.00174863282758052,146,0,1467,1466,0,0,0.0808346782076361,0.00890145858021321,0.002166748046875
0.1468,0.839444783728873,0.788436277639881,0.002166748046875,0.00208172965983608,146,0,1468,1467,0,0,0.0810996679679404,0.00898005966819615,0.002166748046875
0.1469,0.844444783728873,0.7938844094485,0.002166748046875,0.00237958839414605,146,0,1469,1468,0,0,0.0813651566701979,0.00905916692014418,0.002166748046875
0.147,0.849444783728873,0.800006973284734,0.002166748046875,0.00263500529906076,147,1,1470,1469,0,0,0.0816311442439437,0.0091388532328418,0.002166748046875
0.1471,0.854444783728873,0.805266854472701,0.002166748046875,0.00167561682741788,147,0,1471,1470,0,0,0.0818976306164449,0.00921913405022497,0.002166748046875
0.1472,0.859444783728873,0.80974299091088,0.002166748046875,0.00200104889548662,147,0,1472,1471,0,0,0.0821646157127013,0.0092998754419328,0.002166748046875
0.1473,0.864444783728873,0.814986160639802,0.002166748046875,0.00229237257499185,147,0,1473,1472,0,0,0.0824320994554459,0.00938110335250968,0.002166748046875
0.1474,0.865931635797448,0.820889048821223,0.002166748046875,0.00254225321596396,147,0,1474,1473,0,0,0.0827000817651451,0.00946288907899273,0.002166748046875
0.1475,0.865931635797448,0.827356430870987,0.002166748046875,0.00275547394443563,147,0,1475,1474,0,0,0.0829685625600001,0.00954529378233181,0.002166748046875
0.1476,0.865931635797448,0.832864494914063,0.002166748046875,0.00175901811130422,147,0,1476,1475,0,0,0.0832375417559462,0.00962832258441822,0.002166748046875
0.1477,0.865931635797448,0.837503977981399,0.002166748046875,0.00205193145996604,147,0,1477,1476,0,0,0.0835070192666547,0.0097118324872118,0.002166748046875
0.1478,0.865931635797448,0.842836121839254,0.002166748046875,0.0023147699671583,147,0,1478,1477,0,0,0.0837769950035325,0.00979584148006464,0.002166748046875
0.1479,0.865931635797448,0.848762889559971,0.002166748046875,0.00253974149781757,147,0,1479,1478,0,0,0.0840474688757231,0.00988041389132468,0.002166748046875
0.148,0.865931635797448,0.855197281343909,0.00164794921875,0.00273122291358725,148,1,1480,1479,0,0,0.0843184407901074,0.00996560478787216,0.00164794921875
0.1481,0.865931635797448,0.86062277496451,0.00164794921875,0.00171583685245593,148,0,1481,1480,0,0,0.0845899106513038,0.0100514139727916,0.00164794921875
0.1482,0.865931635797448,0.863696970407942,0.00164794921875,0.000815045819691727,148,0,1482,1481,0,0,0.0848618783616694,0.0101376467438104,0.00164794921875
0.1483,0.865931635797448,0.866152010921496,0.00164794921875,0.00120439773062485,148,0,1483,1482,0,0,0.0851343438213005,0.0102241298029069,0.00164794921875
0.1484,0.865931635797448,0.869521936159032,0.00164794921875,0.0015530582568295,148,0,1484,1483,0,0,0.0854073069280329,0.0103109047238091,0.00164794921875
0.1485,0.865931635797448,0.873684263282102,0.00164794921875,0.00185441844353349,148,0,1485,1484,0,0,0.0856807675774434,0.0103980568231224,0.00164794921875
0.1486,0.865931635797448,0.878530270685411,0.00164794921875,0.00211390621694771,148,0,1486,1485,0,0,0.0859547256628495,0.0104856598489236,0.00164794921875
0.1487,0.865931635797448,0.88396373045262,0.00164794921875,0.00233634070422268,148,0,1487,1486,0,0,0.0862291810753112,0.0105737773079481,0.00164794921875
0.1488,0.865931635797448,0.888459910682637,0.00164794921875,0.0013487375782615,148,0,1488,1487,0,0,0.0865041337036308,0.0106624165717383,0.00164794921875
0.1489,0.865931635797448,0.892108702554802,0.00164794921875,0.00165017109163814,148,0,1489,1488,0,0,0.0867795834343544,0.0107514368036515,0.00164794921875
0.149,0.865931635797448,0.896470568353393,0.000885009765625,0.00192122314906938,149,1,1490,1489,0,0,0.0870555301517721,0.0108408580731899,0.000885009765625
0.1491,0.865931635797448,0.901446751450168,0.000885009765625,0.00215412471155305,149,0,1491,1490,0,0,0.0873319737379194,0.01093074671392,0.000885009765625
0.1492,0.865931635797448,0.905509989733109,0.000885009765625,0.00117601069727674,149,0,1492,1491,0,0,0.087608914072577,0.0110211126562069,0.000885009765625
0.1493,0.865931635797448,0.907308322594485,0.000885009765625,0.000308798553812014,149,0,1493,1492,0,0,0.087886351033273,0.0111117703106111,0.000885009765625
0.1494,0.865931635797448,0.908565380271098,0.000885009765625,0.000728440457529171,149,0,1494,1493,0,0,0.0881642844952825,0.0112025545887708,0.000885009765625
0.1495,0.865931635797448,0.910807620643043,0.000885009765625,0.00110446159524767,149,0,1495,1494,0,0,0.0884427143316294,0.0112935144697787,0.000885009765625
0.1496,0.865931635797448,0.913905806827993,0.000885009765625,0.00143057237595339,149,0,1496,1495,0,0,0.0887216404130865,0.0113847419592171,0.000885009765625
0.1497,0.865931635797448,0.916305602675406,0.000885009765625,0.000535221965877009,149,0,1497,1496,0,0,0.0890010626081768,0.0114762697834086,0.000885009765625
0.1498,0.865931635797448,0.916630999174904,0.000885009765625,-0.000258504883141297,149,0,1498,1497,0,0,0.0892809807831746,0.0115679325942251,0.000885009765625
0.1499,0.870931635797448,0.916584265640455,0.000885009765625,0.000226380908171145,149,0,1499,1498,0,0,0.0895613948021056,0.011659583275458,0.000885009765625
0.15,0.875931635797448,0.917672886454384,0.000518798828125,0.000660325731932873,150,1,1500,1499,0,0,0.089842304526749,0.0117512867627918,0.000518798828125
0.1501,0.880931635797448,0.919750772047024,0.000518798828125,0.0010378582276388,150,0,1501,1500,0,0,0.0901237098166373,0.011843149228125,0.000518798828125
0.1502,0.885931635797448,0.921248617472663,0.000518798828125,0.000188154454408716,150,0,1502,1501,0,0,0.0904056105290582,0.0119352159739381,0.000518798828125
0.1503,0.890931635797448,0.922216714118789,0.000518798828125,0.000612207216715914,150,0,1503,1502,0,0,0.0906880065190549,0.0120273798883166,0.000518798828125
0.1504,0.895931635797449,0.924180342296004,0.000518798828125,0.000992303260252043,150,0,1504,1503,0,0,0.0909708976394273,0.0121196910285402,0.000518798828125
0.1505,0.900931635797449,0.925569892505123,0.000518798828125,0.000144925338400518,150,0,1505,1504,0,0,0.0912542837407334,0.012212195323465,0.000518798828125
0.1506,0.905931635797449,0.926435107739254,0.000518798828125,0.000571091879592427,150,0,1506,1505,0,0,0.0915381646712899,0.0123047862297301,0.000518798828125
0.1507,0.910931635797449,0.928300779082516,0.000518798828125,0.000953112534834572,150,0,1507,1506,0,0,0.0918225402771729,0.0123975143213127,0.000518798828125
0.1508,0.915931635797449,0.931036456315543,0.000518798828125,0.00128475284891151,150,0,1508,1507,0,0,0.09210741040222,0.0124904730699551,0.000518798828125
0.1509,0.920931635797449,0.933086717171317,0.000518798828125,0.000394511196445639,150,0,1509,1508,0,0,0.0923927748880304,0.0125836965532238,0.000518798828125
0.151,0.925931635797449,0.933074579474907,0.00103759765625,-0.000394484241397571,151,1,1510,1509,0,0,0.0926786335739664,0.0126770206713319,0.00103759765625
0.1511,0.930931635797449,0.932701439423693,0.00103759765625,9.47942451042442e-05,151,0,1511,1510,0,0,0.0929649862971547,0.0127702994641456,0.00103759765625
0.1512,0.935931635797449,0.933473997721137,0.00103759765625,0.000532827771602509,151,0,1512,1511,0,0,0.093251832892487,0.0128635989406188,0.00103759765625
0.1513,0.940931635797449,0.93524546092849,0.00103759765625,0.000914175707604444,151,0,1513,1512,0,0,0.0935391731926214,0.0129570262715836,0.00103759765625
0.1514,0.945931635797449,0.937885486901679,0.00103759765625,0.00124530397961705,151,0,1514,1513,0,0,0.0938270070279837,0.013050674764092,0.00103759765625
0.1515,0.950931635797449,0.941278617206072,0.00103759765625,0.00153195394878797,151,0,1515,1514,0,0,0.0941153342267683,0.0131446254424612,0.00103759765625
0.1516,0.955931635797449,0.945322608991096,0.00103759765625,0.00177922338520612,151,0,1516,1515,0,0,0.0944041546149398,0.0132389484524255,0.00103759765625
0.1517,0.960931635797449,0.948487357714082,0.00103759765625,0.000814376108950319,151,0,1517,1516,0,0,0.0946934680162334,0.0133336572354463,0.00103759765625
0.1518,0.965931635797449,0.950857951979085,0.00103759765625,0.00113670577216514,151,0,1518,1517,0,0,0.094983274252157,0.0134286165163391,0.00103759765625
0.1519,0.970931635797449,0.95399055836804,0.00103759765625,0.00142699061581929,151,0,1519,1518,0,0,0.0952735731419919,0.0135238514713655,0.00103759765625
0.152,0.975931635797449,0.957782576352186,0.001556396484375,0.00167763580542714,152,1,1520,1519,0,0,0.0955643645027942,0.013619433134096,0.001556396484375
0.1521,0.980931635797449,0.9607033017539,0.001556396484375,0.000715931631716351,152,0,1521,1520,0,0,0.0958556481493962,0.0137153757707831,0.001556396484375
0.1522,0.985931635797449,0.962837284297554,0.001556396484375,0.00104119510476982,152,0,1522,1521,0,0,0.096147423894407,0.0138115448741407,0.001556396484375
0.1523,0.990931635797449,0.965740205755933,0.001556396484375,0.00133422545661812,152,0,1523,1522,0,0,0.0964396915482149,0.0139079663371654,0.001556396484375
0.1524,0.995931635797449,0.969309029094622,0.001556396484375,0.00158744647633193,152,0,1524,1523,0,0,0.0967324509189878,0.0140047118641211,0.001556396484375
0.1525,1.00093163579745,0.973452252054151,0.001556396484375,0.00180542726002904,152,0,1525,1524,0,0,0.0970257018126749,0.0141018434229082,0.001556396484375
0.1526,1.00593163579745,0.978088889241614,0.001556396484375,0.00199222441817568,152,0,1526,1525,0,0,0.097319444033008,0.0141994143622093,0.001556396484375
0.1527,1.01093163579745,0.983147292274425,0.001556396484375,0.00215143935699817,152,0,1527,1526,0,0,0.0976136773815026,0.0142974704036074,0.001556396484375
0.1528,1.01593163579745,0.98712450645666,0.001556396484375,0.00110900706335344,152,0,1528,1527,0,0,0.0979084016574599,0.0143960034499433,0.001556396484375
0.1529,1.02093163579745,0.990129710397526,0.001556396484375,0.00136304040994626,152,0,1529,1528,0,0,0.0982036166579672,0.0144948592479234,0.001556396484375
0.153,1.02593163579745,0.993740443080825,0.0018310546875,0.00159326950896452,153,1,1530,1529,0,0,0.0984993221779004,0.0145940462674814,0.0018310546875
0.1531,1.03093163579745,0.997873063271814,0.0018310546875,0.00179116847364122,153,0,1531,1530,0,0,0.0987955180099247,0.0146936208512704,0.0018310546875
0.1532,1.03593163579745,1.00245327823287,0.0018310546875,0.0019604629434321,153,0,1532,1531,0,0,0.0990922039444959,0.0147936314347791,0.0018310546875
0.1533,1.04093163579745,1.00741537036472,0.0018310546875,0.00210446042534159,153,0,1533,1532,0,0,0.0993893797698626,0.0148941194571958,0.0018310546875
0.1534,1.04593163579745,1.01270123457766,0.0018310546875,0.00222609703364958,153,0,1534,1533,0,0,0.099687045272067,0.0149951201703214,0.0018310546875
0.1535,1.05093163579745,1.01825952327146,0.0018310546875,0.00232797900820322,153,0,1535,1534,0,0,0.0999852002349465,0.0150966633566525,0.0018310546875
0.1536,1.05593163579745,1.02260529174305,0.0018310546875,0.00123515765030447,153,0,1536,1535,0,0,0.100283844440136,0.0151987268943601,0.0018310546875
0.1537,1.06093163579745,1.02586369372025,0.0018310546875,0.0014449605595921,153,0,1537,1536,0,0,0.100582977667067,0.015301144203753,0.0018310546875
0.1538,1.06593163579745,1.02962643611343,0.0018310546875,0.00163642090949332,153,0,1538,1537,0,0,0.100882599692972,0.0154039129346259,0.0018310546875
0.1539,1.07093163579745,1.03382244106379,0.0018310546875,0.00180039373143405,153,0,1539,1538,0,0,0.101182710292886,0.0155070799452772,0.0018310546875
0.154,1.07593163579745,1.03838855407938,0.001983642578125,0.00194005488904122,154,1,1540,1539,0,0,0.101483309239644,0.0156106853712249,0.001983642578125
0.1541,1.08093163579745,1.04326893024075,0.001983642578125,0.00205822367674545,154,0,1541,1540,0,0,0.101784396303888,0.0157147634016138,0.001983642578125
0.1542,1.08593163579745,1.04841421330665,0.001983642578125,0.00215740268022417,154,0,1542,1541,0,0,0.102085971254065,0.0158193429687272,0.001983642578125
0.1543,1.09093163579745,1.05378080659024,0.001983642578125,0.00223981318387381,154,0,1543,1542,0,0,0.102388033856429,0.0159244483600434,0.001983642578125
0.1544,1.09593163579745,1.0593302253536,0.001983642578125,0.00230742662271904,154,0,1544,1543,0,0,0.102690583875046,0.0160300997614949,0.001983642578125
0.1545,1.10093163579745,1.06502852161377,0.001983642578125,0.00236199252060624,154,0,1545,1544,0,0,0.102993621071789,0.0161363137396228,0.001983642578125
0.1546,1.10593163579745,1.07084577327045,0.001983642578125,0.00240506330717341,154,0,1546,1545,0,0,0.103297145206346,0.01624310366946,0.001983642578125
0.1547,1.11093163579745,1.07675563036952,0.001983642578125,0.00243801636224741,154,0,1547,1546,0,0,0.103601156036219,0.0163504801142101,0.001983642578125
0.1548,1.11593163579745,1.08129531727312,0.001983642578125,0.00128481191055446,154,0,1548,1547,0,0,0.103905653316726,0.0164584040896993,0.001983642578125
0.1549,1.12093163579745,1.08460964415798,0.001983642578125,0.00144180783464238,154,0,1549,1548,0,0,0.104210636801002,0.0165666942439553,0.001983642578125
0.155,1.12593163579745,1.08830774303128,0.00201416015625,0.0015871769298254,155,1,1550,1549,0,0,0.10451610624,0.0166753353074608,0.00201416015625
0.1551,1.13093163579745,1.09233398028357,0.00201416015625,0.00171100995098107,155,0,1551,1550,0,0,0.104822061382497,0.0167843628617055,0.00201416015625
0.1552,1.13593163579745,1.0966388863654,0.00201416015625,0.00181580409697667,155,0,1552,1551,0,0,0.105128501975091,0.0168938072209969,0.00201416015625
0.1553,1.14093163579745,1.10117873909893,0.00201416015625,0.00190377604465262,155,0,1553,1552,0,0,0.105435427762204,0.0170036940428876,0.00201416015625
0.1554,1.14593163579745,1.10591491786284,0.00201416015625,0.00197689331061995,155,0,1554,1553,0,0,0.105742838486086,0.0171140448703072,0.00201416015625
0.1555,1.15093163579745,1.11081332998118,0.00201416015625,0.00203690210946017,155,0,1555,1554,0,0,0.106050733886813,0.0172248776127567,0.00201416015625
0.1556,1.15593163579745,1.11584390124993,0.00201416015625,0.00208535209968919,155,0,1556,1555,0,0,0.106359113702293,0.017336206973382,0.00201416015625
0.1557,1.16093163579745,1.12098012343585,0.00201416015625,0.00212361836513095,155,0,1557,1556,0,0,0.106667977668264,0.017448044827974,0.00201416015625
0.1558,1.16593163579744,1.1261986523828,0.00201416015625,0.00215292094051456,155,0,1558,1557,0,0,0.106977325518298,0.017560400561276,0.00201416015625
0.1559,1.17093163579744,1.13147895107152,0.00201416015625,0.00217434215561374,155,0,1559,1558,0,0,0.107287156983803,0.0176732813653693,0.00201416015625
0.156,1.17593163579744,1.13680297261038,0.00213623046875,0.00218884204160586,156,1,1560,1559,0,0,0.107597471794023,0.0177866925043819,0.00213623046875
0.1561,1.18093163579744,1.14215487869597,0.00213623046875,0.00219727201610878,156,0,1561,1560,0,0,0.107908269676043,0.0179006375492868,0.00213623046875
0.1562,1.18593163579744,1.14752078958027,0.00213623046875,0.0022003870391752,156,0,1562,1561,0,0,0.108219550354786,0.0180151185861366,0.00213623046875
0.1563,1.19093163579744,1.15288856202431,0.00213623046875,0.00219885641104635,156,0,1563,1562,0,0,0.108531313553022,0.018130136400709,0.00213623046875
0.1564,1.19593163579744,1.15824759211098,0.00213623046875,0.00219327336338807,156,0,1564,1563,0,0,0.108843558991361,0.0182456906422007,0.00213623046875
0.1565,1.20093163579744,1.16358864013946,0.00213623046875,0.00218416357878471,156,0,1565,1564,0,0,0.109156286388265,0.0183617799683197,0.00213623046875
0.1566,1.20593163579744,1.16890367513371,0.00213623046875,0.00217199275821179,156,0,1566,1565,0,0,0.109469495460041,0.0184784021738552,0.00213623046875
0.1567,1.21093163579744,1.17418573677302,0.00213623046875,0.00215717334283514,156,0,1567,1566,0,0,0.109783185920847,0.0185955543045798,0.00213623046875
0.1568,1.21593163579744,1.17942881279797,0.00213623046875,0.00214007048460528,156,0,1568,1567,0,0,0.110097357482695,0.0187132327581248,0.00213623046875
0.1569,1.22093163579744,1.1846277301619,0.00213623046875,0.00212100734956343,156,0,1569,1568,0,0,0.110412009855452,0.0188314333732902,0.00213623046875
0.157,1.22593163579744,1.18977805839197,0.00213623046875,0.00210026982840177,157,1,1570,1569,0,0,0.11072714274684,0.0189501515090872,0.00213623046875
0.1571,1.23093163579744,1.19487602379479,0.00213623046875,0.00207811072049432,157,0,1571,1570,0,0,0.111042755862442,0.019069382114663,0.00213623046875
0.1572,1.23593163579744,1.19991843329466,0.00213623046875,0.00205475345021801,157,0,1572,1571,0,0,0.111358848905699,0.0191891197911338,0.00213623046875
0.1573,1.24093163579744,1.20490260682749,0.00213623046875,0.00203039536781346,157,0,1573,1572,0,0,0.111675421577918,0.0193093588462321,0.00213623046875
0.1574,1.24593163579744,1.2098263173339,0.00213623046875,0.0020052106811985,157,0,1574,1573,0,0,0.111992473578267,0.0194300933425789,0.00213623046875
0.1575,1.25093163579744,1.21468773750184,0.00213623046875,0.00197935305996296,157,0,1575,1574,0,0,0.112310004603786,0.0195513171402942,0.00213623046875
0.1576,1.25593163579744,1.21948539250403,0.00213623046875,0.001952957948168,157,0,1576,1575,0,0,0.11262801434938,0.0196730239345855,0.00213623046875
0.1577,1.26093163579744,1.22421811805979,0.00213623046875,0.0019261446184824,157,0,1577,1576,0,0,0.112946502507828,0.0197952072888785,0.00213623046875
0.1578,1.26593163579744,1.22888502322571,0.00213623046875,0.00189901799655387,157,0,1578,1577,0,0,0.11326546876978,0.0199178606639929,0.00213623046875
0.1579,1.27093163579744,1.23348545738624,0.00213623046875,0.00187167028128599,157,0,1579,1578,0,0,0.113584912823763,0.020040977443809,0.00213623046875
0.158,1.27383985358625,1.23801898097428,0.002197265625,0.00184418238382343,158,1,1580,1579,0,0,0.113904834356183,0.0201645509578222,0.002197265625
0.1581,1.27383985358625,1.24248533950435,0.002197265625,0.00181662520550102,158,0,1581,1580,0,0,0.114225233051324,0.0202885745009359,0.002197265625
0.1582,1.27383985358625,1.24688444054766,0.002197265625,0.00178906077274986,158,0,1582,1581,0,0,0.114546108591352,0.0204130413508078,0.002197265625
0.1583,1.27383985358625,1.25121633331977,0.002197265625,0.00176154324494335,158,0,1583,1582,0,0,0.11486746065632,0.0205379447830238,0.002197265625
0.1584,1.27383985358625,1.25548119058816,0.002197265625,0.00173411980938094,158,0,1584,1583,0,0,0.115189288924164,0.020663278084349,0.002197265625
0.1585,1.27383985358625,1.25967929264012,0.002197265625,0.00170683147602122,158,0,1585,1584,0,0,0.115511593070712,0.0207890345642732,0.002197265625
0.1586,1.27383985358625,1.26381101307992,0.002197265625,0.00167971378316727,158,0,1586,1585,0,0,0.115834372769682,0.0209152075650453,0.002197265625
0.1587,1.27383985358625,1.2678768062504,0.002197265625,0.00165279742405569,158,0,1587,1586,0,0,0.116157627692684,0.0210417904703697,0.002197265625
0.1588,1.27383985358625,1.27187719609681,0.002197265625,0.00162610880318911,158,0,1588,1587,0,0,0.116481357509225,0.0211687767129178,0.002197265625
0.1589,1.27383985358625,1.27581276631121,0.002197265625,0.00159967053026439,158,0,1589,1588,0,0,0.116805561886712,0.02129615978079,0.002197265625
0.159,1.27383985358625,1.27968415161368,0.001556396484375,0.0015735018586717,159,1,1590,1589,0,0,0.117130240490449,0.0214239332230503,0.001556396484375
0.1591,1.27383985358625,1.28349203004284,0.001556396484375,0.00154761907476036,159,0,1591,1590,0,0,0.117455392983645,0.0215520906544388,0.001556396484375
0.1592,1.27383985358625,1.28723711614222,0.001556396484375,0.0015220358433751,159,0,1592,1591,0,0,0.117781019027412,0.0216806257593605,0.001556396484375
0.1593,1.27383985358625,1.29092015494187,0.001556396484375,0.00149676351455182,159,0,1593,1592,0,0,0.118107118280772,0.0218095322952302,0.001556396484375
0.1594,1.27383985358625,1.29454191664584,0.001556396484375,0.00147181139571532,159,0,1594,1593,0,0,0.118433690400656,0.0219388040952539,0.001556396484375
0.1595,1.27383985358625,1.29810319194594,0.001556396484375,0.00144718699323685,159,0,1595,1594,0,0,0.118760735041905,0.0220684350707085,0.001556396484375
0.1596,1.27383985358625,1.3016047878915,0.001556396484375,0.00142289622677787,159,0,1596,1595,0,0,0.119088251857277,0.0221984192127821,0.001556396484375
0.1597,1.27383985358625,1.30504752425218,0.001556396484375,0.00139894361946394,159,0,1597,1596,0,0,0.119416240497448,0.0223287505940259,0.001556396484375
0.1598,1.27383985358625,1.30843223031848,0.001556396484375,0.00137533246659238,159,0,1598,1597,0,0,0.119744700611011,0.0224594233694641,0.001556396484375
0.1599,1.27883985358625,1.31175974209028,0.001556396484375,0.0013520649852754,159,0,1599,1598,0,0,0.120073631844483,0.0225904317774042,0.001556396484375
0.16,1.28383985358625,1.31503089980976,0.0009765625,0.00132914244715205,160,1,1600,1599,0,0,0.120403033842305,0.0227217701399828,0.0009765625
0.1601,1.28883985358625,1.31824654579946,0.0009765625,0.00130656529606381,160,0,1601,1600,0,0,0.120732906246843,0.0228534328634806,0.0009765625
0.1602,1.29383985358625,1.32140752257115,0.0009765625,0.00128433325237722,160,0,1602,1601,0,0,0.121063248698397,0.0229854144384346,0.0009765625
0.1603,1.29883985358625,1.32451467117452,0.0009765625,0.00126244540544856,160,0,1603,1602,0,0,0.121394060835194,0.0231177094395734,0.0009765625
0.1604,1.30383985358625,1.32756882975855,0.0009765625,0.00124090029555879,160,0,1604,1603,0,0,0.1217253422934,0.0232503125255982,0.0009765625
0.1605,1.30883985358625,1.33057083232131,0.0009765625,0.00121969598649819,160,0,1605,1604,0,0,0.122057092707116,0.0233832184388294,0.0009765625
0.1606,1.31383985358625,1.33352150762654,0.0009765625,0.00119883012984891,160,0,1606,1605,0,0,0.122389311708382,0.0235164220047363,0.0009765625
0.1607,1.31883985358625,1.33642167826808,0.0009765625,0.00117830002189569,160,0,1607,1606,0,0,0.122721998927183,0.0236499181313666,0.0009765625
0.1608,1.32383985358625,1.33927215986506,0.0009765625,0.00115810265399197,160,0,1608,1607,0,0,0.123055153991446,0.023783701808688,0.0009765625
0.1609,1.32883985358625,1.3420737603728,0.0009765625,0.00113823475711523,160,0,1609,1608,0,0,0.123388776527047,0.0239177681078565,0.0009765625
0.161,1.33383985358625,1.34482727949609,0.00128173828125,0.00111869284126415,161,1,1610,1609,0,0,0.123722866157814,0.0240521121804195,0.00128173828125
0.1611,1.33883985358625,1.34753350819298,0.00128173828125,0.00109947323027674,161,0,1611,1610,0,0,0.124057422505524,0.0241867292574657,0.00128173828125
0.1612,1.34383985358625,1.35019322825845,0.00128173828125,0.00108057209258403,161,0,1612,1611,0,0,0.124392445189913,0.0243216146487291,0.00128173828125
0.1613,1.34883985358625,1.35280721197872,0.00128173828125,0.00106198546835635,161,0,1613,1612,0,0,0.124727933828674,0.0244567637416553,0.00128173828125
0.1614,1.35383985358625,1.35537622184785,0.00128173828125,0.0010437092934481,161,0,1614,1613,0,0,0.125063888037461,0.0245921720004358,0.00128173828125
0.1615,1.35883985358625,1.35790101033923,0.00128173828125,0.00102573942050167,161,0,1615,1614,0,0,0.125400307429891,0.0247278349650174,0.00128173828125
0.1616,1.36383985358625,1.36038231972549,0.00128173828125,0.00100807163753054,161,0,1616,1615,0,0,0.125737191617548,0.0248637482500903,0.00128173828125
0.1617,1.36883985358625,1.36282088194098,0.00128173828125,0.000990701684266003,161,0,1617,1616,0,0,0.126074540209986,0.0249999075440614,0.00128173828125
0.1618,1.37383985358625,1.36521741848169,0.00128173828125,0.000973625266520252,161,0,1618,1617,0,0,0.126412352814729,0.0251363086080149,0.00128173828125
0.1619,1.37883985358624,1.36757264033806,0.00128173828125,0.000956838068789887,161,0,1619,1618,0,0,0.126750629037278,0.0252729472746652,0.00128173828125
0.162,1.38383985358624,1.36988724795658,0.001708984375,0.000940335765299252,162,1,1620,1619,0,0,0.12708936848111,0.0254098194473039,0.001708984375
0.1621,1.38883985358624,1.3721619312267,0.001708984375,0.000924114029660433,162,0,1621,1620,0,0,0.127428570747682,0.0255469210987447,0.001708984375
0.1622,1.39383985358624,1.37583696127618,0.001708984375,0.00208542772053476,162,0,1622,1621,0,0,0.127768235436436,0.0256842953425858,0.001708984375
0.1623,1.39883985358624,1.38074782752569,0.001708984375,0.00192900378786752,162,0,1623,1622,0,0,0.128108362144798,0.0258221255512235,0.001708984375
0.1624,1.40383985358624,1.38526818364595,0.001708984375,0.00177762357276819,162,0,1624,1623,0,0,0.128448950468183,0.0259604271702803,0.001708984375
0.1625,1.40883985358624,1.3894386460926,0.001708984375,0.00164204435475863,162,0,1625,1624,0,0,0.12879,0.0260991631838558,0.001708984375
0.1626,1.41383985358624,1.39329561735398,0.001708984375,0.00152052031868138,162,0,1626,1625,0,0,0.12913151033165,0.0262383004400118,0.001708984375
0.1627,1.41883985358624,1.39687148009932,0.001708984375,0.00141150032623948,162,0,1627,1626,0,0,0.129473481052533,0.0263778092241186,0.001708984375
0.1628,1.42383985358624,1.40019504539252,0.001708984375,0.00131360617624947,162,0,1628,1627,0,0,0.129815911750048,0.0265176628795018,0.001708984375
0.1629,1.42883985358624,1.40329195085414,0.001708984375,0.00122561329313281,162,0,1629,1628,0,0,0.130158802009598,0.0266578374703837,0.001708984375
0.163,1.43383985358624,1.40762460568846,0.001983642578125,0.00232369237223663,163,1,1630,1629,0,0,0.130502151414595,0.0267983585546985,0.001983642578125
0.1631,1.43883985358624,1.41304814288287,0.001983642578125,0.00211160859222385,163,0,1631,1630,0,0,0.130845959546455,0.0269393940370184,0.001983642578125
0.1632,1.44383985358624,1.41795364420832,0.001983642578125,0.00191128797988736,163,0,1632,1631,0,0,0.131190225984612,0.0270809457476686,0.001983642578125
0.1633,1.44883985358624,1.42239718564651,0.001983642578125,0.00173272856223669,163,0,1633,1632,0,0,0.13153495030651,0.0272229646988625,0.001983642578125
0.1634,1.45383985358624,1.42642888137108,0.001983642578125,0.00157351023415912,163,0,1634,1633,0,0,0.131880132087614,0.0273654072244826,0.001983642578125
0.1635,1.45883985358624,1.4315328645164,0.001983642578125,0.00260874158436159,163,0,1635,1634,0,0,0.132225770901412,0.0275082814608106,0.001983642578125
0.1636,1.46383985358624,1.4375835477657,0.001983642578125,0.00234124519753352,163,0,1636,1635,0,0,0.132571866319412,0.0276517399397383,0.001983642578125
0.1637,1.46883985358624,1.44298912169952,0.001983642578125,0.00209210917673283,163,0,1637,1636,0,0,0.132918417911154,0.0277957709372933,0.001983642578125
0.1638,1.47383985358624,1.44782084238894,0.001983642578125,0.00187058758955045,163,0,1638,1637,0,0,0.133265425244204,0.0279403135248892,0.001983642578125
0.1639,1.47883985358624,1.45214229142763,0.001983642578125,0.00167359959624095,163,0,1639,1638,0,0,0.133612887884166,0.0280853135271479,0.001983642578125
0.164,1.48383985358624,1.45600995727839,0.002044677734375,0.00149840842396123,164,1,1640,1639,0,0,0.133960805394678,0.0282307227687432,0.002044677734375
0.1641,1.48883985358624,1.46091361806457,0.002044677734375,0.00251984117325083,164,0,1641,1640,0,0,0.134309177337417,0.0283765454773614,0.002044677734375
0.1642,1.49383985358624,1.46673268467342,0.002044677734375,0.00224047144138317,164,0,1642,1641,0,0,0.134658003272106,0.0285229308081205,0.002044677734375
0.1643,1.49883985358624,1.47187977165754,0.002044677734375,0.00198116533621613,164,0,1643,1642,0,0,0.135007282756512,0.0286698641311216,0.002044677734375
0.1644,1.50383985358624,1.47643004846189,0.002044677734375,0.00175098014877498,164,0,1644,1643,0,0,0.135357015346452,0.0288172820284613,0.002044677734375
0.1645,1.50883985358624,1.48045055716013,0.002044677734375,0.00154666035848871,164,0,1645,1644,0,0,0.135707200595794,0.0289651282039144,0.002044677734375
0.1646,1.51383985358624,1.48544043496984,0.002044677734375,0.00254257209870895,164,0,1646,1645,0,0,0.136057838056464,0.0291133997593256,0.002044677734375
0.1647,1.51883985358624,1.49128739171254,0.002044677734375,0.00224088041784979,164,0,1647,1646,0,0,0.136408927278445,0.0292622396063368,0.002044677734375
0.1648,1.52383985358624,1.49641139941297,0.002044677734375,0.00196208779824298,164,0,1648,1647,0,0,0.136760467809783,0.0294116276539503,0.002044677734375
0.1649,1.52883985358624,1.50089414825397,0.002044677734375,0.00171492889460892,164,0,1649,1648,0,0,0.13711245919659,0.0295614957166593,0.002044677734375
0.165,1.53383985358624,1.50624804840146,0.002105712890625,0.00267311943067613,165,1,1650,1649,0,0,0.137464900983045,0.0297118304174719,0.002105712890625
0.1651,1.53883985358624,1.51237258613341,0.002105712890625,0.00233824747923321,165,0,1651,1650,0,0,0.1378177927114,0.0298627654409183,0.002105712890625
0.1652,1.54383985358624,1.517698180857,0.002105712890625,0.00203030241554081,165,0,1652,1651,0,0,0.138171133921982,0.0300142725794473,0.002105712890625
0.1653,1.54883985358624,1.52231578918904,0.002105712890625,0.00175756342206306,165,0,1653,1652,0,0,0.138524924153195,0.0301662765161069,0.002105712890625
0.1654,1.55383985358624,1.52774603892823,0.002105712890625,0.00269334148984702,165,0,1654,1653,0,0,0.138879162941528,0.0303187576161566,0.002105712890625
0.1655,1.55883985358624,1.53389570313866,0.002105712890625,0.0023388659678128,165,0,1655,1654,0,0,0.139233849821553,0.030471844081128,0.002105712890625
0.1656,1.56383985358624,1.53920166138621,0.002105712890625,0.00201380696663838,165,0,1656,1655,0,0,0.13958898432593,0.0306255029074295,0.002105712890625
0.1657,1.56883985358624,1.54376059578465,0.002105712890625,0.00172616038792712,165,0,1657,1656,0,0,0.139944565985412,0.0307796545909873,0.002105712890625
0.1658,1.57383985358624,1.54909820724877,0.002105712890625,0.00264898543301212,165,0,1658,1657,0,0,0.140300594328847,0.030934275849555,0.002105712890625
0.1659,1.57883985358624,1.55512576325651,0.002105712890625,0.00228328860434671,165,0,1659,1658,0,0,0.140657068883183,0.0310894917152358,0.002105712890625
0.166,1.58383985358624,1.56028412395484,0.0020751953125,0.00194854141708764,166,1,1660,1659,0,0,0.141013989173467,0.0312452664385232,0.0020751953125
0.1661,1.58883985358624,1.5646734951965,0.0020751953125,0.00165256368415798,166,0,1661,1660,0,0,0.141371354722854,0.0314015181444151,0.0020751953125
0.1662,1.59383985358624,1.56982269602677,0.0020751953125,0.00256825802166552,166,0,1662,1661,0,0,0.141729165052607,0.0315582215116365,0.0020751953125
0.1663,1.59883985358624,1.57564575256522,0.0020751953125,0.0021964926747896,166,0,1663,1662,0,0,0.142087419682103,0.0317154998269072,0.0020751953125
0.1664,1.60383985358624,1.580585964481,0.0020751953125,0.00185661567290028,166,0,1664,1663,0,0,0.142446118128832,0.0318733158551052,0.0020751953125
0.1665,1.60883985358624,1.5847456932355,0.0020751953125,0.00155633746266005,166,0,1665,1664,0,0,0.142805259908406,0.0320315864652239,0.0020751953125
0.1666,1.61383985358624,1.58965566147287,0.0020751953125,0.00246846333049903,166,0,1666,1665,0,0,0.143164844534558,0.0321902852828255,0.0020751953125
0.1667,1.61883985358624,1.59523157587138,0.0020751953125,0.00209377592072035,166,0,1667,1666,0,0,0.14352487151915,0.0323495347205477,0.0020751953125
0.1668,1.62383985358624,1.59991821873357,0.0020751953125,0.0017515465208963,166,0,1668,1667,0,0,0.143885340372171,0.032509296827265,0.0020751953125
0.1669,1.62883985358624,1.60525884644136,0.0020751953125,0.00262667428322587,166,0,1669,1668,0,0,0.144246250601746,0.0326695349675363,0.0020751953125
0.167,1.63383985358624,1.61118056398934,0.002105712890625,0.00221938436975834,167,1,1670,1669,0,0,0.144607601714135,0.0328303625040901,0.002105712890625
0.1671,1.63883985358624,1.61613826787358,0.002105712890625,0.00184845233666803,167,0,1671,1670,0,0,0.144969393213741,0.0329917335109037,0.002105712890625
0.1672,1.64383985358624,1.62168418741999,0.002105712890625,0.0026983370477669,167,0,1672,1671,0,0,0.145331624603109,0.0331536043314384,0.002105712890625
0.1673,1.64883985358624,1.62775338773642,0.002105712890625,0.0022688732532783,167,0,1673,1672,0,0,0.145694295382933,0.0333160821534699,0.002105712890625
0.1674,1.65383985358624,1.6328078259344,0.002105712890625,0.00187848916750411,167,0,1674,1673,0,0,0.14605740505206,0.0334791156266333,0.002105712890625
0.1675,1.65883985358624,1.63696640426877,0.002105712890625,0.00153407904627609,167,0,1675,1674,0,0,0.14642095310749,0.0336426092635409,0.002105712890625
0.1676,1.66383985358624,1.64177450650448,0.002105712890625,0.00240772269508892,167,0,1676,1675,0,0,0.146784939044382,0.0338065258925651,0.002105712890625
0.1677,1.66883985358624,1.64860042083469,0.002105712890625,0.0031768165853518,167,0,1677,1676,0,0,0.14714936235606,0.0339710255832203,0.002105712890625
0.1678,1.67383985358624,1.65573526350729,0.002105712890625,0.0026647977235474,167,0,1678,1677,0,0,0.14751422253401,0.0341362494569092,0.002105712890625
0.1679,1.67883985358624,1.66166589850703,0.002105712890625,0.00220158331965799,167,0,1679,1678,0,0,0.147879519067893,0.03430212597063,0.002105712890625
0.168,1.68383985358624,1.66653360672543,0.00201416015625,0.00179297266512099,168,1,1680,1679,0,0,0.14824525144554,0.0344685418224514,0.00201416015625
0.1681,1.68883985358624,1.67046404182667,0.00201416015625,0.00143281700453085,168,0,1681,1680,0,0,0.148611419152961,0.0346353970646039,0.00201416015625
0.1682,1.69383985358624,1.67500828962965,0.00201416015625,0.00229291087380404,168,0,1682,1681,0,0,0.148978021674348,0.0348026506721881,0.00201416015625
0.1683,1.69883985358624,1.68010009747947,0.00201416015625,0.00187314280987354,168,0,1683,1682,0,0,0.149345058492074,0.0349704123263599,0.00201416015625
0.1684,1.70383985358624,1.68420022618374,0.00201416015625,0.0014919868328023,168,0,1684,1683,0,0,0.149712529086706,0.035138633044534,0.00201416015625
0.1685,1.70463040147574,1.68886607538773,0.00201416015625,0.00233363417306337,168,0,1685,1684,0,0,0.150080432937001,0.0353072666649975,0.00201416015625
0.1686,1.70463040147574,1.69547685522715,0.00201416015625,0.00307494027574757,168,0,1686,1685,0,0,0.150448769519912,0.0354764654285636,0.00201416015625
0.1687,1.70463040147574,1.70233335856466,0.00201416015625,0.00253886176932465,168,0,1687,1686,0,0,0.150817538310593,0.0356463636572514,0.00201416015625
0.1688,1.70463040147574,1.70793101859375,0.00201416015625,0.00205488797193472,168,0,1688,1687,0,0,0.151186738782402,0.0358168839204534,0.00201416015625
0.1689,1.70463040147574,1.71241870130244,0.00201416015625,0.00162843893362597,168,0,1689,1688,0,0,0.151556370406905,0.0359879078358496,0.00201416015625
0.169,1.70463040147574,1.71592877256275,0.0015869140625,0.00125302920871977,169,1,1690,1689,0,0,0.15192643265388,0.0361593310897186,0.0015869140625
0.1691,1.70463040147574,1.7200182546022,0.0015869140625,0.00210015372956595,169,0,1691,1690,0,0,0.15229692499132,0.0363311089232733,0.0015869140625
0.1692,1.70463040147574,1.72462614417202,0.0015869140625,0.00166943717833089,169,0,1692,1691,0,0,0.152667846885438,0.0365033478426891,0.0015869140625
0.1693,1.70463040147574,1.72821784169161,0.0015869140625,0.00127911726734661,169,0,1693,1692,0,0,0.153039197800672,0.0366759961845961,0.0015869140625
0.1694,1.70463040147574,1.73091525622085,0.0015869140625,0.000935920785542857,169,0,1694,1693,0,0,0.153410977199684,0.0368489584708559,0.0015869140625
0.1695,1.70463040147574,1.73426639144564,0.0015869140625,0.00181177767312049,169,0,1695,1694,0,0,0.153783184543373,0.0370221978202626,0.0015869140625
0.1696,1.70463040147574,1.73964181442615,0.0015869140625,0.00258395455259477,169,0,1696,1695,0,0,0.154155819290867,0.0371958748374542,0.0015869140625
0.1697,1.70463040147574,1.74533462184033,0.0015869140625,0.00207577347287373,169,0,1697,1696,0,0,0.154528880899539,0.0373701313917687,0.0015869140625
0.1698,1.70463040147574,1.74983339020128,0.0015869140625,0.00161704687132341,169,0,1698,1697,0,0,0.154902368825002,0.0375448968727152,0.0015869140625
0.1699,1.70963040147574,1.75328087386679,0.0015869140625,0.00121348276571855,169,0,1699,1698,0,0,0.155276282521118,0.0377200590700169,0.0015869140625
0.17,1.71463040147574,1.75580399026197,0.000946044921875,0.000858851659081257,170,1,1700,1699,0,0,0.15565062144,0.0378955192643111,0.000946044921875
0.1701,1.71963040147574,1.75895490159066,0.000946044921875,0.00172487514412879,170,0,1701,1700,0,0,0.156025385032017,0.0380712377760481,0.000946044921875
0.1702,1.72463040147574,1.76266826963885,0.000946044921875,0.0013113818883788,170,0,1702,1701,0,0,0.156400572745798,0.0382473257310885,0.000946044921875
0.1703,1.72963040147574,1.76540562664251,0.000946044921875,0.000936788435063451,170,0,1703,1702,0,0,0.156776184028234,0.0384237356758699,0.000946044921875
0.1704,1.73463040147574,1.76728542633163,0.000946044921875,0.000607981378985148,170,0,1704,1703,0,0,0.157152218324486,0.0386003759760653,0.000946044921875
0.1705,1.73963040147574,1.76841299897317,0.000946044921875,0.000319778163363357,170,0,1705,1704,0,0,0.157528675077985,0.0387771661951935,0.000946044921875
0.1706,1.74463040147574,1.77032132946721,0.000946044921875,0.00124482994503837,170,0,1706,1705,0,0,0.15790555373044,0.0389540828995452,0.000946044921875
0.1707,1.74963040147574,1.77292804405249,0.000946044921875,0.000883792447319825,170,0,1707,1706,0,0,0.158282853721839,0.0391312516511927,0.000946044921875
0.1708,1.75463040147574,1.77467954197768,0.000946044921875,0.000555815578283945,170,0,1708,1707,0,0,0.158660574490456,0.0393086378253128,0.000946044921875
0.1709,1.75963040147574,1.77712041764208,0.000946044921875,0.00144569118935345,170,0,1709,1708,0,0,0.15903871547285,0.0394862082603664,0.000946044921875
0.171,1.76463040147574,1.78018232636926,0.0013427734375,0.00105638238083912,171,1,1710,1709,0,0,0.159417276103876,0.0396640800273438,0.0013427734375
0.1711,1.76963040147574,1.78232068993427,0.0013427734375,0.000700607791130425,171,0,1711,1710,0,0,0.159796255816686,0.039842211345482,0.0013427734375
0.1712,1.77463040147574,1.7850845432105,0.0013427734375,0.0015659096865254,171,0,1712,1711,0,0,0.160175654042731,0.0400205623825072,0.0013427734375
0.1713,1.77963040147574,1.78984916880281,0.0013427734375,0.00232934629443922,171,0,1713,1712,0,0,0.16055547021177,0.0401992911581998,0.0013427734375
0.1714,1.78463040147574,1.79491182994172,0.0013427734375,0.00181402765031542,171,0,1714,1713,0,0,0.160935703751869,0.04037853740091,0.0013427734375
0.1715,1.78963040147574,1.79876477807104,0.0013427734375,0.00134957499021679,171,0,1715,1714,0,0,0.161316354089411,0.0405582287510566,0.0013427734375
0.1716,1.79463040147574,1.80155400425721,0.0013427734375,0.000941528144225954,171,0,1716,1715,0,0,0.161697420649094,0.0407382515946045,0.0013427734375
0.1717,1.79963040147574,1.80340927565894,0.0013427734375,0.000583508397606382,171,0,1717,1716,0,0,0.162078902853942,0.0409185061125629,0.0013427734375
0.1718,1.80463040147574,1.80588525898685,0.0013427734375,0.00144710341411625,171,0,1718,1717,0,0,0.162460800125303,0.0410989517933277,0.0013427734375
0.1719,1.80963040147574,1.8103584016102,0.0013427734375,0.00220928014304863,171,0,1719,1718,0,0,0.162843111882858,0.0412797462378291,0.0013427734375
0.172,1.81463040147574,1.8151269910153,0.001617431640625,0.00169309474695391,172,1,1720,1719,0,0,0.163225837544623,0.0414610288649116,0.001617431640625
0.1721,1.81963040147573,1.81868417758788,0.001617431640625,0.0012281195541513,172,0,1721,1720,0,0,0.163608976526953,0.0416427271016101,0.001617431640625
0.1722,1.82463040147573,1.82117673951574,0.001617431640625,0.000819851599514419,172,0,1722,1721,0,0,0.16399252824455,0.04182472720474,0.001617431640625
0.1723,1.82963040147573,1.8241747157545,0.001617431640625,0.0016391262868802,172,0,1723,1722,0,0,0.164376492110461,0.0420069763719366,0.001617431640625
0.1724,1.83463040147573,1.82906819528571,0.001617431640625,0.00236224340569429,172,0,1724,1723,0,0,0.164760867536089,0.0421896213631968,0.001617431640625
0.1725,1.83963040147573,1.83416757135116,0.001617431640625,0.00181166659478962,172,0,1725,1724,0,0,0.165145653931193,0.0423727920430504,0.001617431640625
0.1726,1.84463040147573,1.83797673483483,0.001617431640625,0.00131644095447007,172,0,1726,1725,0,0,0.165530850703896,0.0425564074258851,0.001617431640625
0.1727,1.84963040147573,1.84065199127882,0.001617431640625,0.000881595764793947,172,0,1727,1726,0,0,0.165916457260685,0.0427403463686581,0.001617431640625
0.1728,1.85463040147573,1.84377182958879,0.001617431640625,0.0016775505173908,172,0,1728,1727,0,0,0.16630247300642,0.042924549567497,0.001617431640625
0.1729,1.85963040147573,1.8487338324666,0.001617431640625,0.00238023664093068,172,0,1729,1728,0,0,0.166688897344334,0.0431091580775845,0.001617431640625
0.173,1.86463040147573,1.85385503893354,0.0018310546875,0.0018117906630069,173,1,1730,1729,0,0,0.167075729676042,0.0432942967651971,0.0018310546875
0.1731,1.86963040147573,1.85764523140423,0.0018310546875,0.00130096617793582,173,0,1731,1730,0,0,0.167462969401543,0.0434798802729872,0.0018310546875
0.1732,1.87463040147573,1.86170551848787,0.0018310546875,0.00202978523710264,173,0,1732,1731,0,0,0.167850615919225,0.0436658307134669,0.0018310546875
0.1733,1.87963040147573,1.86745383646628,0.0018310546875,0.00267318566375326,173,0,1733,1732,0,0,0.168238668625869,0.0438522727208038,0.0018310546875
0.1734,1.88463040147573,1.87322529051049,0.0018310546875,0.00205242148619257,173,0,1734,1733,0,0,0.168627126916655,0.0440393166601291,0.0018310546875
0.1735,1.88963040147573,1.87754569650182,0.0018310546875,0.0014954616397965,173,0,1735,1734,0,0,0.169015990185164,0.0442268643769583,0.0018310546875
0.1736,1.89463040147573,1.88059080864138,0.0018310546875,0.00100638055318491,173,0,1736,1735,0,0,0.169405257823386,0.0444147796268297,0.0018310546875
0.1737,1.89963040147573,1.88395636522396,0.0018310546875,0.00175474876996115,173,0,1737,1736,0,0,0.169794929221722,0.0446029898383001,0.0018310546875
0.1738,1.90463040147573,1.88905524631862,0.0018310546875,0.00241574567226461,173,0,1738,1737,0,0,0.17018500376899,0.0447916244253245,0.0018310546875
0.1739,1.90963040147573,1.89421805714732,0.0018310546875,0.00181083995124125,173,0,1739,1738,0,0,0.170575480852429,0.0449807980552828,0.0018310546875
0.174,1.91463040147573,1.89796660662622,0.001922607421875,0.00126819021250645,174,1,1740,1739,0,0,0.170966359857705,0.0451704164508551,0.001922607421875
0.1741,1.91963040147573,1.90191266017236,0.001922607421875,0.00196929012452712,174,0,1741,1740,0,0,0.171357640168911,0.0453603939380762,0.001922607421875
0.1742,1.92463040147573,1.9074835969638,0.001922607421875,0.0025886102692243,174,0,1742,1741,0,0,0.171749321168579,0.0455508483689847,0.001922607421875
0.1743,1.92963040147573,1.91302288959677,0.001922607421875,0.00194698981834992,174,0,1743,1742,0,0,0.172141402237679,0.0457418842165719,0.001922607421875
0.1744,1.93463040147573,1.91706376403801,0.001922607421875,0.00137202737595748,174,0,1744,1743,0,0,0.172533882755627,0.045933398222662,0.001922607421875
0.1745,1.93963040147573,1.92122811354404,0.001922607421875,0.00204471924057107,174,0,1745,1744,0,0,0.172926762100286,0.0461252968090492,0.001922607421875
0.1746,1.94463040147573,1.92695230124796,0.001922607421875,0.00263909517614283,174,0,1746,1745,0,0,0.173320039647975,0.0463176908785426,0.001922607421875
0.1747,1.94963040147573,1.93258776893778,0.001922607421875,0.00197560287752708,174,0,1747,1746,0,0,0.173713714773471,0.0465106788020657,0.001922607421875
0.1748,1.95463040147573,1.9366748094586,0.001922607421875,0.00138149236952697,174,0,1748,1747,0,0,0.174107786850016,0.0467041519707571,0.001922607421875
0.1749,1.95963040147573,1.94084158048553,0.001922607421875,0.002037450380365,174,0,1749,1748,0,0,0.17450225524932,0.0468980121218978,0.001922607421875
0.175,1.96463040147573,1.94652999808147,0.00201416015625,0.0026172326968922,175,1,1750,1749,0,0,0.174897119341564,0.0470923660642832,0.00201416015625
0.1751,1.96963040147573,1.9520964263138,0.00201416015625,0.00194104373599512,175,0,1751,1750,0,0,0.17529237849541,0.0472873085982742,0.00201416015625
0.1752,1.97463040147573,1.95608551915586,0.00201416015625,0.00133591655734965,175,0,1752,1751,0,0,0.175688032078002,0.0474827280083633,0.00201416015625
0.1753,1.97963040147573,1.96012929595989,0.00201416015625,0.00198234522559094,175,0,1753,1752,0,0,0.176084079454972,0.0476785233360809,0.00201416015625
0.1754,1.98463040147573,1.96567309215665,0.00201416015625,0.00255391541813223,175,0,1754,1753,0,0,0.176480519990444,0.0478747990582859,0.00201416015625
0.1755,1.98963040147573,1.97107629966012,0.00201416015625,0.00187068053405059,175,0,1755,1754,0,0,0.17687735304704,0.0480716479655715,0.00201416015625
0.1756,1.99463040147573,1.97488625151292,0.00201416015625,0.00125953859170656,175,0,1756,1755,0,0,0.177274577985885,0.0482689566178577,0.00201416015625
0.1757,1.99963040147573,1.97873733529249,0.00201416015625,0.00190086375951149,175,0,1757,1756,0,0,0.177672194166611,0.0484666225843144,0.00201416015625
0.1758,2.00463040147573,1.98407697990304,0.00201416015625,0.00246813626478703,175,0,1758,1757,0,0,0.178070200947362,0.0486647490923685,0.00201416015625
0.1759,2.00963040147573,1.98926642807077,0.00201416015625,0.00178131592053497,175,0,1759,1758,0,0,0.1784685976848,0.0488634278802755,0.00201416015625
0.176,2.01463040147573,1.99429422508837,0.0020751953125,0.00234446458762439,176,1,1760,1759,0,0,0.178867383734108,0.0490625917016527,0.0020751953125
0.1761,2.01963040147573,2.0006310213147,0.0020751953125,0.00284263691169521,176,0,1761,1760,0,0,0.179266558448999,0.0492623246630579,0.0020751953125
0.1762,2.02463040147573,2.00665894911114,0.0020751953125,0.00209477331312783,176,0,1762,1761,0,0,0.179666121181715,0.0494627016013536,0.0020751953125
0.1763,2.02963040147573,2.01094551761705,0.0020751953125,0.00142678156966992,176,0,1763,1762,0,0,0.180066071283038,0.0496635932673425,0.0020751953125
0.1764,2.03463040147573,2.01514301082264,0.0020751953125,0.0020181563651192,176,0,1764,1763,0,0,0.180466408102291,0.0498648833235899,0.0020751953125
0.1765,2.03963040147573,2.02071473157485,0.0020751953125,0.00254159862743345,176,0,1765,1764,0,0,0.180867130987344,0.0500666627784088,0.0020751953125
0.1766,2.04463040147573,2.02603600260988,0.0020751953125,0.00181637610796913,176,0,1766,1765,0,0,0.181268239284621,0.0502690126477619,0.0020751953125
0.1767,2.04963040147573,2.02966827586239,0.0020751953125,0.00116868637043482,176,0,1767,1766,0,0,0.181669732339102,0.0504718092185984,0.0020751953125
0.1768,2.05463040147573,2.033258445336,0.0020751953125,0.00177828155894742,176,0,1768,1767,0,0,0.18207160949433,0.0506749411175936,0.0020751953125
0.1769,2.05963040147573,2.03826501800138,0.0020751953125,0.00231809241445,176,0,1769,1768,0,0,0.182473870092416,0.050878503808143,0.0020751953125
0.177,2.06463040147573,2.04449862635279,0.002105712890625,0.00278483749295769,177,1,1770,1769,0,0,0.182876513474045,0.0510826293802364,0.002105712890625
0.1771,2.06963040147573,2.05035174676532,0.002105712890625,0.00200965259530083,177,0,1771,1770,0,0,0.183279538978477,0.0512873849817603,0.002105712890625
0.1772,2.07463040147573,2.05440132742093,0.002105712890625,0.0013179754055792,177,0,1772,1771,0,0,0.183682945943558,0.0514926346783603,0.002105712890625
0.1773,2.07963040147573,2.0583080092001,0.002105712890625,0.00188888316891881,177,0,1773,1772,0,0,0.184086733705721,0.0516982563367109,0.002105712890625
0.1774,2.08463040147573,2.0635424939227,0.002105712890625,0.00239470858739811,177,0,1774,1773,0,0,0.184490901599993,0.0519043359565052,0.002105712890625
0.1775,2.08963040147573,2.06992623140796,0.002105712890625,0.00283163842871897,177,0,1775,1774,0,0,0.18489544896,0.0521109973139814,0.002105712890625
0.1776,2.09463040147573,2.07586129197909,0.002105712890625,0.00203033690314243,177,0,1776,1775,0,0,0.185300375117971,0.0523183002632251,0.002105712890625
0.1777,2.09963040147573,2.07993313048628,0.002105712890625,0.00131582151709576,177,0,1777,1776,0,0,0.185705679404745,0.0525261024806102,0.002105712890625
0.1778,2.10463040147573,2.08380992719354,0.002105712890625,0.00186679636303175,177,0,1778,1777,0,0,0.186111361149774,0.052734276245369,0.002105712890625
0.1779,2.10963040147573,2.08896906603259,0.002105712890625,0.00235526417995229,177,0,1779,1778,0,0,0.186517419681133,0.0529429026803774,0.002105712890625
0.178,2.11463040147573,2.09523791856613,0.00213623046875,0.00277711804734347,178,1,1780,1779,0,0,0.186923854325518,0.0531521013148919,0.00213623046875
0.1781,2.11963040147573,2.10102380167961,0.00213623046875,0.00196276210185201,178,0,1781,1780,0,0,0.187330664408257,0.0533619283140851,0.00213623046875
0.1782,2.12463040147573,2.10635639079893,0.00213623046875,0.00241422641854658,178,0,1782,1781,0,0,0.187737849253315,0.0535722852315422,0.00213623046875
0.1783,2.12963040147573,2.11274279994662,0.00213623046875,0.0028147701850044,178,0,1783,1782,0,0,0.188145408183297,0.0537832288510017,0.00213623046875
0.1784,2.13463040147573,2.11859749228887,0.00213623046875,0.00198173950855267,178,0,1784,1783,0,0,0.188553340519451,0.0539948101242078,0.00213623046875
0.1785,2.13963040147573,2.1239562041887,0.00213623046875,0.00241686481248367,178,0,1785,1784,0,0,0.188961645581683,0.0542069260361179,0.00213623046875
0.1786,2.14463040147573,2.13033142239296,0.00213623046875,0.00280314049280989,178,0,1786,1785,0,0,0.18937032268855,0.0544196293731607,0.00213623046875
0.1787,2.14623691592422,2.13614237328949,0.00213623046875,0.00195767753416303,178,0,1787,1786,0,0,0.189779371157274,0.0546329675962693,0.00213623046875
0.1788,2.14623691592422,2.13998944029083,0.00213623046875,0.00120475220824091,178,0,1788,1787,0,0,0.190188790303747,0.0548467875768179,0.00213623046875
0.1789,2.14623691592422,2.14355402588284,0.00213623046875,0.00172241037367292,178,0,1789,1788,0,0,0.190598579442529,0.0550609521957427,0.00213623046875
0.179,2.14623691592422,2.14832522502251,0.0018310546875,0.00218207355124776,179,1,1790,1789,0,0,0.191008737886863,0.0552755344234745,0.0018310546875
0.1791,2.14623691592422,2.15414078054509,0.0018310546875,0.00257911716981953,179,0,1791,1790,0,0,0.191419264948675,0.0554906467403175,0.0018310546875
0.1792,2.14623691592422,2.15941719108205,0.0018310546875,0.00174348740853991,179,0,1792,1791,0,0,0.19183015993858,0.0557063392395232,0.0018310546875
0.1793,2.14623691592422,2.16419225370689,0.0018310546875,0.00217680281630251,179,0,1793,1792,0,0,0.192241422165887,0.0559225082675124,0.0018310546875
0.1794,2.14623691592422,2.16998026287665,0.0018310546875,0.00256196219225107,179,0,1794,1793,0,0,0.192653050938608,0.0561392061653917,0.0018310546875
0.1795,2.14623691592422,2.17520203288095,0.0018310546875,0.00171599179585367,179,0,1795,1794,0,0,0.193065045563461,0.0563564801184426,0.0018310546875
0.1796,2.14623691592422,2.17846425463735,0.0018310546875,0.000967116940489848,179,0,1796,1795,0,0,0.193477405345872,0.0565741770319284,0.0018310546875
0.1797,2.14623691592422,2.18144900726019,0.0018310546875,0.00148479370617252,179,0,1797,1796,0,0,0.193890129589988,0.0567921604310377,0.0018310546875
0.1798,2.14623691592422,2.18564088242449,0.0018310546875,0.00194489231567076,179,0,1798,1797,0,0,0.194303217598678,0.0570105034715415,0.0018310546875
0.1799,2.15123691592422,2.19087867229983,0.0018310546875,0.00234277261357115,179,0,1799,1798,0,0,0.194716668673537,0.0572293187377353,0.0018310546875
0.18,2.15623691592422,2.19701936249101,0.001068115234375,0.00268557177778337,180,1,1800,1799,0,0,0.195130482114897,0.057448703596723,0.001068115234375
0.1801,2.16123691592422,2.20249679577738,0.001068115234375,0.0018023845242764,180,0,1801,1800,0,0,0.195544657221828,0.0576686948720012,0.001068115234375
0.1802,2.16623691592422,2.20592457740905,0.001068115234375,0.00101682709191364,180,0,1802,1801,0,0,0.195959193292143,0.0578891302038898,0.001068115234375
0.1803,2.17123691592422,2.20755624189746,0.001068115234375,0.000329117584680164,180,0,1803,1802,0,0,0.196374089622411,0.0581098174161199,0.001068115234375
0.1804,2.17623691592422,2.20905642012856,0.001068115234375,0.000905393275542861,180,0,1804,1803,0,0,0.196789345507953,0.0583306353349296,0.001068115234375
0.1805,2.18123691592422,2.21189900402692,0.001068115234375,0.00141780329372939,180,0,1805,1804,0,0,0.197204960242852,0.0585516712629158,0.001068115234375
0.1806,2.18623691592422,2.21590820599383,0.001068115234375,0.00186236723290205,180,0,1806,1805,0,0,0.197620933119962,0.0587730505767379,0.001068115234375
0.1807,2.19123691592422,2.21948848043985,0.001068115234375,0.00106960608337164,180,0,1807,1806,0,0,0.198037263430907,0.058994834987936,0.001068115234375
0.1808,2.19623691592422,2.22122732558126,0.001068115234375,0.00036440107168413,180,0,1808,1807,0,0,0.198453950466093,0.0592168842517438,0.001068115234375
0.1809,2.20123691592422,2.22279465165239,0.001068115234375,0.00092533562618909,180,0,1809,1808,0,0,0.198870993514709,0.0594390729147571,0.001068115234375
0.181,2.20623691592422,2.22566930726385,0.0013427734375,0.00142431554925888,181,1,1810,1809,0,0,0.199288391864736,0.0596614845265957,0.0013427734375
0.1811,2.21123691592422,2.22967990037636,0.0013427734375,0.00185714352161958,181,0,1811,1810,0,0,0.19970614480295,0.0598842411782984,0.0013427734375
0.1812,2.21623691592422,2.23323478266393,0.0013427734375,0.00105414876320022,181,0,1812,1811,0,0,0.20012425161493,0.0601074017101631,0.0013427734375
0.1813,2.22123691592422,2.23636447441328,0.0013427734375,0.00151728044807672,181,0,1813,1812,0,0,0.200542711585064,0.0603308704451036,0.0013427734375
0.1814,2.22623691592422,2.24057676670788,0.0013427734375,0.00192974117536787,181,0,1814,1813,0,0,0.200961523996551,0.0605547070118662,0.0013427734375
0.1815,2.23123691592422,2.24428667046721,0.0013427734375,0.00110882742218315,181,0,1815,1814,0,0,0.201380688131412,0.0607789652683701,0.0013427734375
0.1816,2.23623691592422,2.24609076995995,0.0013427734375,0.000378971430955092,181,0,1816,1815,0,0,0.201800203270493,0.0610034980826387,0.0013427734375
0.1817,2.24123691592422,2.24766702784095,0.0013427734375,0.000918357881317331,181,0,1817,1816,0,0,0.202220068693472,0.0612281739704764,0.0013427734375
0.1818,2.24623691592422,2.25050143064893,0.0013427734375,0.00139854127524911,181,0,1818,1817,0,0,0.202640283678862,0.0614530712097205,0.0013427734375
0.1819,2.25123691592422,2.25442891395989,0.0013427734375,0.00181501096601341,181,0,1819,1818,0,0,0.203060847504022,0.061678307292538,0.0013427734375
0.182,2.25623691592422,2.25930300431421,0.00164794921875,0.00217505805438958,182,1,1820,1819,0,0,0.203481759445156,0.0619039841282577,0.00164794921875
0.1821,2.26123691592422,2.26355444432769,0.00164794921875,0.00130791768790397,182,0,1821,1820,0,0,0.203903018777327,0.062130142754734,0.00164794921875
0.1822,2.26623691592422,2.26723362069935,0.00164794921875,0.00171456254173187,182,0,1822,1821,0,0,0.204324624774457,0.0623566718041774,0.00164794921875
0.1823,2.27123691592422,2.27186594868641,0.00164794921875,0.00207733272695822,182,0,1823,1822,0,0,0.204746576709335,0.0625836170879607,0.00164794921875
0.1824,2.27623691592422,2.27588207797695,0.00164794921875,0.00121275877526316,182,0,1824,1823,0,0,0.205168873853623,0.0628110203088068,0.00164794921875
0.1825,2.28123691592422,2.2793320300607,0.00164794921875,0.00162182721972982,182,0,1825,1824,0,0,0.20559151547786,0.0630387707257308,0.00164794921875
0.1826,2.28623691592422,2.28374088893231,0.00164794921875,0.00198689217079481,182,0,1826,1825,0,0,0.206014500851473,0.0632669147420669,0.00164794921875
0.1827,2.29123691592422,2.28897857057496,0.00164794921875,0.00230173406920128,182,0,1827,1826,0,0,0.206437829242777,0.0634955416924539,0.00164794921875
0.1828,2.29623691592422,2.29349008269204,0.00164794921875,0.00139488894593448,182,0,1828,1827,0,0,0.206861499918985,0.0637246815566593,0.00164794921875
0.1829,2.30123691592422,2.29589889815678,0.00164794921875,0.000589467664996135,182,0,1829,1828,0,0,0.207285512146212,0.0639541661824686,0.00164794921875
0.183,2.30623691592422,2.29790682616939,0.001800537109375,0.0010624813079355,183,1,1830,1829,0,0,0.207709865189483,0.0641838456007198,0.001800537109375
0.1831,2.31123691592422,2.30102100397329,0.001800537109375,0.0014844469035728,183,0,1831,1830,0,0,0.208134558312737,0.064413781852725,0.001800537109375
0.1832,2.31623691592422,2.30509512672084,0.001800537109375,0.00184993008231992,183,0,1832,1831,0,0,0.208559590778834,0.0646440781885237,0.001800537109375
0.1833,2.32123691592422,2.30999935404902,0.001800537109375,0.00216540160299782,183,0,1833,1832,0,0,0.208984961849563,0.064874824043911,0.001800537109375
0.1834,2.32623691592422,2.31561873984011,0.001800537109375,0.00243660664212073,183,0,1834,1833,0,0,0.209410670785643,0.0651060966226677,0.001800537109375
0.1835,2.33123691592422,2.32041199840589,0.001800537109375,0.00149141001058829,183,0,1835,1834,0,0,0.209836716846735,0.0653379152302582,0.001800537109375
0.1836,2.33623691592422,2.32445432388497,0.001800537109375,0.00182955945151263,183,0,1836,1835,0,0,0.210263099291446,0.065570149404087,0.001800537109375
0.1837,2.34123691592422,2.32929312866859,0.001800537109375,0.00213231513487456,183,0,1837,1836,0,0,0.210689817377331,0.0658028281994025,0.001800537109375
0.1838,2.34623691592422,2.33481813637628,0.001800537109375,0.00239248390891045,183,0,1838,1837,0,0,0.211116870360907,0.0660360257083746,0.001800537109375
0.1839,2.35123691592422,2.33949192364515,0.001800537109375,0.00143773928465049,183,0,1839,1838,0,0,0.211544257497652,0.0662697585359896,0.001800537109375
0.184,2.35623691592422,2.34339310371218,0.001922607421875,0.00176765677417743,184,1,1840,1839,0,0,0.211971978042018,0.0665038938830791,0.001922607421875
0.1841,2.36123691592422,2.34807211449552,0.001922607421875,0.00206334600235697,184,0,1841,1840,0,0,0.21240003124743,0.0667384587903048,0.001922607421875
0.1842,2.36623691592422,2.35342135771316,0.001922607421875,0.00231747938484942,184,0,1842,1841,0,0,0.212828416366296,0.0669735256202782,0.001922607421875
0.1843,2.37123691592422,2.35934534105982,0.001922607421875,0.00253484617030008,184,0,1843,1842,0,0,0.213257132650016,0.0672091565719704,0.001922607421875
0.1844,2.37623691592422,2.36432003426503,0.001922607421875,0.00154246402307548,184,0,1844,1843,0,0,0.213686179348983,0.0674453577803846,0.001922607421875
0.1845,2.38123691592422,2.36843593013344,0.001922607421875,0.00183932293663403,184,0,1845,1844,0,0,0.214115555712592,0.0676819872393295,0.001922607421875
0.1846,2.38623691592422,2.37325400191691,0.001922607421875,0.00210601557386703,184,0,1846,1845,0,0,0.214545260989246,0.0679190639024657,0.001922607421875
0.1847,2.39123691592422,2.37867599542036,0.001922607421875,0.00233475424816379,184,0,1847,1846,0,0,0.214975294426361,0.0681566530388144,0.001922607421875
0.1848,2.39623691592422,2.38317514309963,0.001922607421875,0.00135268635937388,184,0,1848,1847,0,0,0.215405655270377,0.0683947635634039,0.001922607421875
0.1849,2.40123691592422,2.38683949621618,0.001922607421875,0.0016589147095204,184,0,1849,1848,0,0,0.215836342766757,0.0686332559913246,0.001922607421875
0.185,2.40623691592422,2.39122784928927,0.001983642578125,0.00193413472660897,185,1,1850,1849,0,0,0.21626735616,0.0688721515665767,0.001983642578125
0.1851,2.41123691592422,2.39624000509845,0.001983642578125,0.00217064925388229,185,0,1851,1850,0,0,0.216698694693644,0.0691115176425646,0.001983642578125
0.1852,2.41623691592422,2.40178702169593,0.001983642578125,0.00237291940284884,185,0,1852,1851,0,0,0.217130357610271,0.0693514121062063,0.001983642578125
0.1853,2.42123691592422,2.40779627488696,0.001983642578125,0.00254985875873638,185,0,1853,1852,0,0,0.21756234415152,0.0695918846663756,0.001983642578125
0.1854,2.42623691592421,2.41275798564402,0.001983642578125,0.00151726771473216,185,0,1854,1853,0,0,0.217994653558085,0.0698329311443656,0.001983642578125
0.1855,2.43123691592421,2.41676902302565,0.001983642578125,0.00177902459897102,185,0,1855,1854,0,0,0.218427285069726,0.0700743999218912,0.001983642578125
0.1856,2.43623691592421,2.42140222840988,0.001983642578125,0.00201519002131985,185,0,1856,1855,0,0,0.218860237925276,0.0703163013643249,0.001983642578125
0.1857,2.44123691592421,2.42656986659625,0.001983642578125,0.0022174542109431,185,0,1857,1856,0,0,0.219293511362646,0.0705586932712055,0.001983642578125
0.1858,2.44623691592421,2.43219404732402,0.001983642578125,0.00238973418554003,185,0,1858,1857,0,0,0.219727104618833,0.0708016251505813,0.001983642578125
0.1859,2.45123691592421,2.43820589571284,0.001983642578125,0.00253550715432903,185,0,1859,1858,0,0,0.220161016929922,0.0710451391766811,0.001983642578125
0.186,2.45623691592421,2.44310498278521,0.001983642578125,0.00148062905495183,186,1,1860,1859,0,0,0.220595247531098,0.0712892239691515,0.001983642578125
0.1861,2.46123691592421,2.44700271579261,0.001983642578125,0.0017230478938147,186,0,1861,1860,0,0,0.221029795656651,0.0715337222311426,0.001983642578125
0.1862,2.46623691592421,2.45147859629864,0.001983642578125,0.00194244136537576,186,0,1862,1861,0,0,0.221464660539981,0.0717786395964001,0.001983642578125
0.1863,2.47123691592421,2.45645078826115,0.001983642578125,0.00213020594030323,186,0,1863,1862,0,0,0.221899841413606,0.0720240297603951,0.001983642578125
0.1864,2.47623691592421,2.46184662439325,0.001983642578125,0.00228999781659782,186,0,1864,1863,0,0,0.222335337509166,0.0722699386828834,0.001983642578125
0.1865,2.48123691592421,2.46760185246656,0.001983642578125,0.00242506265157776,186,0,1865,1864,0,0,0.222771148057436,0.072516405481787,0.001983642578125
0.1866,2.48623691592421,2.47222013488561,0.001983642578125,0.00136105219694965,186,0,1866,1865,0,0,0.223207272288325,0.0727634161558563,0.001983642578125
0.1867,2.49123691592421,2.47581649533656,0.001983642578125,0.00159572909236295,186,0,1867,1866,0,0,0.223643709430886,0.0730108111725921,0.001983642578125
0.1868,2.49623691592421,2.47997363015436,0.001983642578125,0.00180861059784102,186,0,1868,1867,0,0,0.224080458713324,0.0732585942703529,0.001983642578125
0.1869,2.50123691592421,2.48461252725264,0.001983642578125,0.00199094944128887,186,0,1869,1868,0,0,0.224517519363,0.0735068175500062,0.001983642578125
0.187,2.50623691592421,2.48966301247062,0.0020751953125,0.00214627423775648,187,1,1870,1869,0,0,0.224954890606441,0.0737555256423946,0.0020751953125
0.1871,2.51123691592421,2.49506303311124,0.0020751953125,0.00227771742659403,187,0,1871,1870,0,0,0.225392571669341,0.0740047565710147,0.0020751953125
0.1872,2.51623691592421,2.50075774586571,0.0020751953125,0.00238805956019298,187,0,1872,1871,0,0,0.225830561776577,0.0742545425181143,0.0020751953125
0.1873,2.52123691592421,2.50669870670351,0.0020751953125,0.00247976864494148,187,0,1873,1872,0,0,0.226268860152203,0.0745049105047315,0.0020751953125
0.1874,2.52623691592421,2.51284315133673,0.0020751953125,0.00255503508709086,187,0,1874,1873,0,0,0.22670746601947,0.074755882994294,0.0020751953125
0.1875,2.53123691592421,2.5177138034719,0.0020751953125,0.00143857561431314,187,0,1875,1874,0,0,0.227146378600823,0.0750074313572881,0.0020751953125
0.1876,2.53623691592421,2.5214425878236,0.0020751953125,0.00162731606774764,187,0,1876,1875,0,0,0.227585597117913,0.0752593832301511,0.0020751953125
0.1877,2.54123691592421,2.52562718318152,0.0020751953125,0.00180003699606048,187,0,1877,1876,0,0,0.228025120791601,0.0755117311132733,0.0020751953125
0.1878,2.54623691592421,2.53020186153662,0.0020751953125,0.00194733480264754,187,0,1878,1877,0,0,0.228464948841967,0.0757645172820965,0.0020751953125
0.1879,2.55123691592421,2.53510822193335,0.0020751953125,0.00207215526641696,187,0,1879,1878,0,0,0.228905080488315,0.0760177777941626,0.0020751953125
0.188,2.55623691592421,2.54029464324867,0.0020751953125,0.00217711328687152,188,1,1880,1879,0,0,0.229345514949182,0.0762715432092484,0.0020751953125
0.1881,2.56123691592421,2.54571552244423,0.0020751953125,0.00226452987543249,188,0,1881,1880,0,0,0.22978625144234,0.0765258392288912,0.0020751953125
0.1882,2.56623691592421,2.55133059798334,0.0020751953125,0.00233646501423199,188,0,1882,1881,0,0,0.230227289184811,0.0767806872640372,0.0020751953125
0.1883,2.57123691592421,2.5571043488984,0.0020751953125,0.00239474684399443,188,0,1883,1882,0,0,0.230668627392866,0.0770361049388525,0.0020751953125
0.1884,2.57623691592421,2.56300546105723,0.0020751953125,0.00244099759106332,188,0,1884,1883,0,0,0.231110265282036,0.0772921065378324,0.0020751953125
0.1885,2.58123691592421,2.56900635312083,0.0020751953125,0.00247665659782513,188,0,1885,1884,0,0,0.231552202067117,0.0775487034025519,0.0020751953125
0.1886,2.58472169858764,2.57508275552363,0.0020751953125,0.0025030007800944,188,0,1886,1885,0,0,0.231994436962181,0.0778059042836881,0.0020751953125
0.1887,2.58472169858764,2.5797737875704,0.0020751953125,0.00134393869851968,188,0,1887,1886,0,0,0.232436969180576,0.0780636685823995,0.0020751953125
0.1888,2.58472169858764,2.58322589821563,0.0020751953125,0.00149566949333611,188,0,1888,1887,0,0,0.23287979793494,0.0783218135110689,0.0020751953125
0.1889,2.58472169858764,2.58704962864084,0.0020751953125,0.00163633748867982,188,0,1889,1888,0,0,0.233322922437203,0.0785803225143508,0.0020751953125
0.189,2.58472169858764,2.59119064524509,0.00177001953125,0.00175597121214785,189,1,1890,1889,0,0,0.233766341898595,0.0788392300241375,0.00177001953125
0.1891,2.58472169858764,2.59560063428564,0.00177001953125,0.00185701221731611,189,0,1891,1890,0,0,0.234210055529657,0.0790985653278609,0.00177001953125
0.1892,2.58472169858764,2.60023690126906,0.00177001953125,0.00194162774356777,189,0,1892,1891,0,0,0.234654062540242,0.07935835316531,0.00177001953125
0.1893,2.58472169858764,2.60506866134137,0.00177001953125,0.00201740818868952,189,0,1893,1892,0,0,0.235098362139526,0.0796186144848845,0.00177001953125
0.1894,2.58472169858764,2.61006187548242,0.00177001953125,0.00207406602900695,189,0,1894,1893,0,0,0.235542953536014,0.0798793673637036,0.00177001953125
0.1895,2.58472169858764,2.61517936710098,0.00177001953125,0.00211946297888904,189,0,1895,1894,0,0,0.235987835937546,0.0801406259435272,0.00177001953125
0.1896,2.58472169858764,2.6203954541583,0.00177001953125,0.00215499588197517,189,0,1896,1895,0,0,0.236433008551307,0.080402401353605,0.00177001953125
0.1897,2.58472169858764,2.62568752923795,0.00177001953125,0.00218184965954556,189,0,1897,1896,0,0,0.236878470583829,0.0806647023103148,0.00177001953125
0.1898,2.58472169858764,2.63103571116917,0.00177001953125,0.0022010754110504,189,0,1898,1897,0,0,0.237324221241005,0.0809275354069639,0.00177001953125
0.1899,2.58972169858764,2.63498299190461,0.00177001953125,0.00103638450381714,189,0,1899,1898,0,0,0.23777025972809,0.0811908583000678,0.00177001953125
0.19,2.59472169858764,2.63767922752552,0.001007080078125,0.00118379143957296,190,1,1900,1899,0,0,0.238216585249712,0.0814544868213352,0.001007080078125
0.1901,2.59972169858764,2.64073795311653,0.001007080078125,0.00132128635312387,190,0,1901,1900,0,0,0.238663197009876,0.0817184033543814,0.001007080078125
0.1902,2.60472169858764,2.6441074704816,0.001007080078125,0.00143875782887766,190,0,1902,1901,0,0,0.239110094211974,0.0819826415514171,0.001007080078125
0.1903,2.60972169858764,2.64774177923651,0.001007080078125,0.00153852326089371,190,0,1903,1902,0,0,0.239557276058792,0.0822472301674702,0.001007080078125
0.1904,2.61472169858764,2.65016066926292,0.001007080078125,0.00044542028895875,190,0,1904,1903,0,0,0.240004741752514,0.0825121465561009,0.001007080078125
0.1905,2.61972169858764,2.65149338253111,0.001007080078125,0.000656459714433269,190,0,1905,1904,0,0,0.240452490494734,0.0827772240566048,0.001007080078125
0.1906,2.62472169858764,2.65333513888889,0.001007080078125,0.000850520890609798,190,0,1906,1905,0,0,0.240900521486458,0.0830424606147429,0.001007080078125
0.1907,2.62972169858764,2.65561797056253,0.001007080078125,0.00101828094099152,190,0,1907,1906,0,0,0.241348833928118,0.0833079037166569,0.001007080078125
0.1908,2.63472169858764,2.6582814230436,0.001007080078125,0.00116275772570702,190,0,1908,1907,0,0,0.24179742701957,0.0835735944160036,0.001007080078125
0.1909,2.63972169858764,2.66127198815784,0.001007080078125,0.00128663061786706,190,0,1909,1908,0,0,0.242246299960112,0.0838395680717165,0.001007080078125
0.191,2.64472169858764,2.66454232479376,0.0013427734375,0.00139227833772159,191,1,1910,1909,0,0,0.242695451948483,0.0841058550032958,0.0013427734375
0.1911,2.64972169858764,2.66805056673637,0.0013427734375,0.00148181256015898,191,0,1911,1910,0,0,0.243144882182872,0.084372481072569,0.0013427734375
0.1912,2.65472169858764,2.67175970787533,0.0013427734375,0.00155710776769641,191,0,1912,1911,0,0,0.243594589860929,0.0846394682001415,0.0013427734375
0.1913,2.65972169858764,2.67563705614321,0.0013427734375,0.00161982776836753,191,0,1913,1912,0,0,0.24404457417977,0.0849068348238373,0.0013427734375
0.1914,2.66472169858764,2.67965374850563,0.0013427734375,0.0016714492510627,191,0,1914,1913,0,0,0.244494834335982,0.0851745963056162,0.0013427734375
0.1915,2.66972169858764,2.68378432018252,0.0013427734375,0.0017132827092598,191,0,1915,1914,0,0,0.244945369525634,0.0854427652927286,0.0013427734375
0.1916,2.67472169858764,2.68656678293031,0.0013427734375,0.0005692750111841,191,0,1916,1915,0,0,0.245396178944283,0.0857113049676261,0.0013427734375
0.1917,2.67972169858764,2.6881465372868,0.0013427734375,0.000735635431139155,191,0,1917,1916,0,0,0.245847261786981,0.0859800362167362,0.0013427734375
0.1918,2.68472169858764,2.69013312909923,0.0013427734375,0.000890541913298143,191,0,1918,1917,0,0,0.246298617248284,0.0862489460560569,0.0013427734375
0.1919,2.68972169858764,2.69247129789906,0.0013427734375,0.0010240452696449,191,0,1919,1918,0,0,0.246750244522256,0.0865180723929166,0.0013427734375
0.192,2.69472169858764,2.69511185463984,0.001678466796875,0.0011386071415027,192,1,1920,1919,0,0,0.247202142802482,0.0867874479000918,0.001678466796875
0.1921,2.69972169858764,2.69801127622226,0.001678466796875,0.00123641297611066,192,0,1921,1920,0,0,0.247654311282068,0.087057100617536,0.001678466796875
0.1922,2.70472169858764,2.70113106963595,0.001678466796875,0.00131940289907802,192,0,1922,1921,0,0,0.248106749153658,0.0873270544868712,0.001678466796875
0.1923,2.70972169858764,2.70443720717882,0.001678466796875,0.00138929913796957,192,0,1923,1922,0,0,0.248559455609431,0.087597329825883,0.001678466796875
0.1924,2.71472169858764,2.70789962481345,0.001678466796875,0.00144763038227383,192,0,1924,1923,0,0,0.249012429841117,0.0878679437497243,0.001678466796875
0.1925,2.71972169858764,2.71149177660736,0.001678466796875,0.00149575342197211,192,0,1925,1924,0,0,0.24946567104,0.0881389105447862,0.001678466796875
0.1926,2.72472169858764,2.71519023899146,0.001678466796875,0.00153487236869955,192,0,1926,1925,0,0,0.249919178396927,0.0884102420005291,0.001678466796875
0.1927,2.72972169858764,2.71897435927115,0.001678466796875,0.00156605572953295,192,0,1927,1926,0,0,0.250372951102316,0.0886819477039722,0.001678466796875
0.1928,2.73472169858764,2.72283367750776,0.001678466796875,0.00159658281389648,192,0,1928,1927,0,0,0.250826988346162,0.088954035553783,0.001678466796875
0.1929,2.73972169858764,2.72675133046771,0.001678466796875,0.00161389243549266,192,0,1929,1928,0,0,0.251281289318046,0.0892265124944231,0.001678466796875
0.193,2.74472169858764,2.73070449751648,0.001953125,0.00162582306327639,193,1,1930,1929,0,0,0.251735853207143,0.0894993830663981,0.001953125
0.1931,2.74972169858764,2.73468102304652,0.001953125,0.00163309510639835,193,0,1931,1930,0,0,0.252190679202226,0.0897726502060717,0.001953125
0.1932,2.75472169858764,2.73867025290291,0.001953125,0.00163628667582762,193,0,1932,1931,0,0,0.252645766491681,0.0900463157101537,0.001953125
0.1933,2.75972169858764,2.74266286265012,0.001953125,0.00163591027861844,193,0,1933,1932,0,0,0.253101114263505,0.0903203803770939,0.001953125
0.1934,2.76472169858764,2.74665070655821,0.001953125,0.00163242016750464,193,0,1934,1933,0,0,0.253556721705323,0.0905948441324291,0.001953125
0.1935,2.76972169858764,2.75062668350898,0.001953125,0.00162621886868007,193,0,1935,1934,0,0,0.254012588004389,0.0908697061398835,0.001953125
0.1936,2.77472169858764,2.75458461793015,0.001953125,0.00161766297964014,193,0,1936,1935,0,0,0.254468712347597,0.0911449648998182,0.001953125
0.1937,2.77972169858764,2.75851915407705,0.001953125,0.0016070683186872,193,0,1937,1936,0,0,0.254925093921487,0.0914206183364477,0.001953125
0.1938,2.78472169858764,2.7624256621693,0.001953125,0.00159471449857895,193,0,1938,1937,0,0,0.255381731912256,0.0916966638750836,0.001953125
0.1939,2.78972169858764,2.76630015505666,0.001953125,0.001580848988696,193,0,1939,1938,0,0,0.255838625505761,0.0919730985105236,0.001953125
0.194,2.79472169858764,2.77013921423655,0.002166748046875,0.00156569072290748,194,1,1940,1939,0,0,0.256295773887529,0.0922499188675785,0.002166748046875
0.1941,2.79972169858764,2.77393992417743,0.002166748046875,0.00154943330392122,194,0,1941,1940,0,0,0.256753176242767,0.0925271212546213,0.002166748046875
0.1942,2.80472169858764,2.77769981401888,0.002166748046875,0.0015322478492275,194,0,1942,1941,0,0,0.257210831756366,0.0928047017109404,0.002166748046875
0.1943,2.80972169858764,2.78141680582346,0.002166748046875,0.00151428551870235,194,0,1943,1942,0,0,0.257668739612912,0.0930826560485934,0.002166748046875
0.1944,2.81472169858764,2.78508916864735,0.002166748046875,0.0014956797594577,194,0,1944,1943,0,0,0.25812689899669,0.093360979889381,0.002166748046875
0.1945,2.81972169858764,2.78871547777885,0.002166748046875,0.00147654829954712,194,0,1945,1944,0,0,0.258585309091696,0.0936396686974876,0.002166748046875
0.1946,2.82472169858764,2.79229457856649,0.002166748046875,0.0014569949186027,194,0,1946,1945,0,0,0.259043969081644,0.0939187178082778,0.002166748046875
0.1947,2.82972169858764,2.79726508140084,0.002166748046875,0.00261431718078853,194,0,1947,1946,0,0,0.25950287814997,0.0941981695238865,0.002166748046875
0.1948,2.83472169858764,2.8034611065453,0.002166748046875,0.00245343887159177,194,0,1948,1947,0,0,0.259962035479845,0.094478206250427,0.002166748046875
0.1949,2.83972169858764,2.80925519951268,0.002166748046875,0.00229715705528327,194,0,1949,1948,0,0,0.260421440254182,0.0947588423469923,0.002166748046875
0.195,2.84472169858764,2.81468696601715,0.0023193359375,0.00215629481701249,195,1,1950,1949,0,0,0.260881091655638,0.095040039604096,0.0023193359375
0.1951,2.84972169858764,2.81979195026353,0.0023193359375,0.0020291650207104,195,0,1951,1950,0,0,0.261340988866631,0.0953217635828427,0.0023193359375
0.1952,2.85472169858764,2.82460181138932,0.0023193359375,0.00191426837291558,195,0,1952,1951,0,0,0.261801131069342,0.0956039832026262,0.0023193359375
0.1953,2.85972169858764,2.82914475595014,0.0023193359375,0.00181027245147649,195,0,1953,1952,0,0,0.262261517445725,0.0958866703744573,0.0023193359375
0.1954,2.86472169858764,2.83344592212249,0.0023193359375,0.00171599307654264,195,0,1954,1953,0,0,0.262722147177514,0.0961697996751029,0.0023193359375
0.1955,2.86972169858764,2.83896724470564,0.0023193359375,0.00280758114718365,195,0,1955,1954,0,0,0.263183019446231,0.0964533951275727,0.0023193359375
0.1956,2.87472169858764,2.84556353877987,0.0023193359375,0.00258895040235885,195,0,1956,1955,0,0,0.263644133433196,0.0967376230583505,0.0023193359375
0.1957,2.87972169858764,2.85163414533213,0.0023193359375,0.00238889805702459,195,0,1957,1956,0,0,0.264105488319531,0.097022483974366,0.0023193359375
0.1958,2.88472169858764,2.8572340192726,0.0023193359375,0.00220282726314101,195,0,1958,1957,0,0,0.264567083286175,0.0973079283682765,0.0023193359375
0.1959,2.88972169858764,2.86240360237994,0.0023193359375,0.002036075902626,195,0,1959,1958,0,0,0.265028917513883,0.0975939110558437,0.0023193359375
0.196,2.89472169858764,2.8671875742209,0.002288818359375,0.00188657673680287,196,1,1960,1959,0,0,0.265490990183241,0.0978803912630934,0.002288818359375
0.1961,2.89972169858764,2.87306520544129,0.002288818359375,0.0029296279249342,196,0,1961,1960,0,0,0.265953300474672,0.0981673795052155,0.002288818359375
0.1962,2.90472169858764,2.87990669172172,0.002288818359375,0.00266839231225819,196,0,1962,1961,0,0,0.266415847568443,0.0984550302356001,0.002288818359375
0.1963,2.90972169858764,2.88611658230541,0.002288818359375,0.00242408826389453,196,0,1963,1962,0,0,0.266878630644676,0.0987433332629105,0.002288818359375
0.1964,2.91472169858763,2.89176285810107,0.002288818359375,0.00220614167444693,196,0,1964,1963,0,0,0.267341648883351,0.0990322288442952,0.002288818359375
0.1965,2.91972169858763,2.89690622225282,0.002288818359375,0.00201162464796675,196,0,1965,1964,0,0,0.267804901464321,0.099321663682628,0.002288818359375
0.1966,2.92472169858763,2.90160063660865,0.002288818359375,0.00183793603764402,196,0,1966,1965,0,0,0.268268387567313,0.0996115902107577,0.002288818359375
0.1967,2.92972169858763,2.90733359236126,0.002288818359375,0.00285996396988593,196,0,1967,1966,0,0,0.268732106371942,0.0999020130252774,0.002288818359375
0.1968,2.93472169858763,2.91398257001406,0.002288818359375,0.00258051387781119,196,0,1968,1967,0,0,0.269196057057717,0.100193081435646,0.002288818359375
0.1969,2.93972169858763,2.91995857292967,0.002288818359375,0.00232048015210863,196,0,1969,1968,0,0,0.269660238804049,0.10048478079328,0.002288818359375
0.197,2.94472169858763,2.92533529301459,0.002197265625,0.00208900323595361,197,1,1970,1969,0,0,0.270124650790257,0.100777047505922,0.002197265625
0.1971,2.94972169858763,2.93017848744976,0.002197265625,0.00188290183569632,197,0,1971,1970,0,0,0.270589292195582,0.101069824964971,0.002197265625
0.1972,2.95472169858763,2.93454658889729,0.002197265625,0.00169934985498696,197,0,1972,1971,0,0,0.271054162199189,0.101363062767756,0.002197265625
0.1973,2.95972169858763,2.93993103884573,0.002197265625,0.00271303345409386,197,0,1973,1972,0,0,0.271519259980182,0.101656763096198,0.002197265625
0.1974,2.96472169858763,2.94621281161475,0.002197265625,0.00242658565207011,197,0,1974,1973,0,0,0.271984584717604,0.101951073216915,0.002197265625
0.1975,2.96972169858763,2.95180599933326,0.002197265625,0.00216074097665428,197,0,1975,1974,0,0,0.272450135590453,0.102245976767562,0.002197265625
0.1976,2.97472169858763,2.95678701743604,0.002197265625,0.00192450024174458,197,0,1976,1975,0,0,0.272915911777685,0.102541408732506,0.002197265625
0.1977,2.97972169858763,2.96122402537531,0.002197265625,0.00171455826983,197,0,1977,1976,0,0,0.273381912458226,0.102837311335897,0.002197265625
0.1978,2.98472169858763,2.96661708620122,0.002197265625,0.00270517382163431,197,0,1978,1977,0,0,0.273848136810978,0.103133680303401,0.002197265625
0.1979,2.98972169858763,2.9728548190678,0.002197265625,0.0023986062389485,197,0,1979,1978,0,0,0.27431458401483,0.103430657258092,0.002197265625
0.198,2.99472169858763,2.97835809369155,0.002166748046875,0.00211525237665681,198,1,1980,1979,0,0,0.27478125324866,0.103728220914906,0.002166748046875
0.1981,2.99972169858763,2.98321837314759,0.002166748046875,0.00187121910108029,198,0,1981,1980,0,0,0.275248143691353,0.104026302269694,0.002166748046875
0.1982,3.00472169858763,2.9889476473989,0.002166748046875,0.0028244555427296,198,0,1982,1981,0,0,0.275715254521802,0.104324888076301,0.002166748046875
0.1983,3.0047468314165,2.99543577833232,0.002166748046875,0.00248495728891307,198,0,1983,1982,0,0,0.276182584918919,0.104624111151573,0.002166748046875
0.1984,3.0047468314165,3.00111405076131,0.002166748046875,0.00217268815062937,198,0,1984,1983,0,0,0.276650134061643,0.104923942154798,0.002166748046875
0.1985,3.0047468314165,3.00607412045215,0.002166748046875,0.00189589690473207,198,0,1985,1984,0,0,0.27711790112895,0.105224304712687,0.002166748046875
0.1986,3.0047468314165,3.01039765607141,0.002166748046875,0.00165061055121334,198,0,1986,1985,0,0,0.277585885299858,0.105525131128368,0.002166748046875
0.1987,3.0047468314165,3.01559668813411,0.002166748046875,0.00261049117157143,198,0,1987,1986,0,0,0.278054085753441,0.105826408479638,0.002166748046875
0.1988,3.0047468314165,3.02157044301386,0.002166748046875,0.00227727916720722,198,0,1988,1987,0,0,0.278522501668831,0.106128270869539,0.002166748046875
0.1989,3.0047468314165,3.02674918994513,0.002166748046875,0.00197089970347219,198,0,1989,1988,0,0,0.278991132225232,0.106430690492955,0.002166748046875
0.199,3.0047468314165,3.03122366491368,0.001495361328125,0.00169964042246802,199,1,1990,1989,0,0,0.279459976601925,0.106733592415333,0.001495361328125
0.1991,3.0047468314165,3.03651421318889,0.001495361328125,0.00263675246138604,199,0,1991,1990,0,0,0.279929033978278,0.107036957360622,0.001495361328125
0.1992,3.0047468314165,3.04252743598312,0.001495361328125,0.00228361627937205,199,0,1992,1991,0,0,0.280398303533755,0.107340913861921,0.001495361328125
0.1993,3.0047468314165,3.047700142776,0.001495361328125,0.00195983242369694,199,0,1993,1992,0,0,0.280867784447924,0.107645429239631,0.001495361328125
0.1994,3.0047468314165,3.05212886448473,0.001495361328125,0.00167340191475843,199,0,1994,1993,0,0,0.281337475900465,0.107950424301072,0.001495361328125
0.1995,3.0047468314165,3.05589957485937,0.001495361328125,0.00142013191114693,199,0,1995,1994,0,0,0.28180737707118,0.10825582898871,0.001495361328125
0.1996,3.0047468314165,3.05908859485223,0.001495361328125,0.00119629825979366,199,0,1996,1995,0,0,0.282277487140001,0.10856158135504,0.001495361328125
0.1997,3.0047468314165,3.06176367167797,0.001495361328125,0.000998593138179698,199,0,1997,1996,0,0,0.282747805286997,0.108867626651783,0.001495361328125
0.1998,3.0047468314165,3.06542444040563,0.001495361328125,0.00200126504654453,199,0,1998,1997,0,0,0.283218330692386,0.10917396359033,0.001495361328125
0.1999,3.0097468314165,3.06995909928427,0.001495361328125,0.0017065894376172,199,0,1999,1998,0,0,0.283689062536541,0.109480736736489,0.001495361328125
0.2,3.0147468314165,3.07378810467531,0.00079345703125,0.00143495301646812,200,1,2000,1999,0,0,0.28416,0.109787927706758,0.00079345703125
