event_id,source_time_s,physical_capture_time_s,physical_result_time_s,observed_capture_time_s,observed_result_time_s,input_capture_cycle,result_cycle,v_ref_raw,v_meas_raw,enable,pi_reset,sample_tick,angle_init,test_mode,golden_iq_ref_A,golden_iq_unlimited_A,golden_integrator_A,golden_saturation_active,golden_integrator_next_A,golden_previous_excess_A,golden_excess_next_A,golden_hard_reset,golden_int_reset,golden_iq_limited_A,golden_error_mmps,golden_P_A,golden_KiTs_A,golden_AW_A,observed_iq_ref_A,observed_iq_unlimited_A,observed_integrator_A,observed_saturation_active,observed_integrator_next_A,observed_previous_excess_A,observed_excess_next_A,observed_hard_reset,observed_int_reset,observed_iq_limited_A,observed_error_mmps,observed_P_A,observed_KiTs_A,observed_AW_A
1,0.0009,0.00090001,0.00090003,0.000901,0.000901,45001,45002,0,0,1,0,1,0,0,0,0,0,0,0,0,0,0,0,0,0,0,0,0,0,0,0,0,0,0,0,0,0,0,0,0,0,0
2,0.0019,0.00190001,0.00190003,0.001901,0.001901,95001,95002,0,0,1,0,1,0,0,0,0,0,0,0,0,0,0,0,0,0,0,0,0,0,0,0,0,0,0,0,0,0,0,0,0,0,0
3,0.0029,0.00290001,0.00290003,0.002901,0.002901,145001,145002,0,0,1,0,1,0,0,0,0,0,0,0,0,0,0,0,0,0,0,0,0,0,0,0,0,0,0,0,0,0,0,0,0,0,0
4,0.0039,0.00390001,0.00390003,0.003901,0.003901,195001,195002,0,0,1,0,1,0,0,0,0,0,0,0,0,0,0,0,0,0,0,0,0,0,0,0,0,0,0,0,0,0,0,0,0,0,0
5,0.0049,0.00490001,0.00490003,0.004901,0.004901,245001,245002,0,0,1,0,1,0,0,0,0,0,0,0,0,0,0,0,0,0,0,0,0,0,0,0,0,0,0,0,0,0,0,0,0,0,0
6,0.0059,0.00590001,0.00590003,0.005901,0.005901,295001,295002,0,0,1,0,1,0,0,0,0,0,0,0,0,0,0,0,0,0,0,0,0,0,0,0,0,0,0,0,0,0,0,0,0,0,0
7,0.0069,0.00690001,0.00690003,0.006901,0.006901,345001,345002,0,0,1,0,1,0,0,0,0,0,0,0,0,0,0,0,0,0,0,0,0,0,0,0,0,0,0,0,0,0,0,0,0,0,0
8,0.0079,0.00790001,0.00790003,0.007901,0.007901,395001,395002,0,0,1,0,1,0,0,0,0,0,0,0,0,0,0,0,0,0,0,0,0,0,0,0,0,0,0,0,0,0,0,0,0,0,0
9,0.0089,0.00890001,0.00890003,0.008901,0.008901,445001,445002,0,0,1,0,1,0,0,0,0,0,0,0,0,0,0,0,0,0,0,0,0,0,0,0,0,0,0,0,0,0,0,0,0,0,0
10,0.0099,0.00990001,0.00990003,0.009901,0.009901,495001,495002,0,0,1,0,1,0,0,0,0,0,0,0,0,0,0,0,0,0,0,0,0,0,0,0,0,0,0,0,0,0,0,0,0,0,0
11,0.0109,0.01090001,0.01090003,0.010901,0.010901,545001,545002,0,0,1,0,1,0,0,0,0,0,0,0,0,0,0,0,0,0,0,0,0,0,0,0,0,0,0,0,0,0,0,0,0,0,0
12,0.0119,0.01190001,0.01190003,0.011901,0.011901,595001,595002,0,0,1,0,1,0,0,0,0,0,0,0,0,0,0,0,0,0,0,0,0,0,0,0,0,0,0,0,0,0,0,0,0,0,0
13,0.0129,0.01290001,0.01290003,0.012901,0.012901,645001,645002,0,0,1,0,1,0,0,0,0,0,0,0,0,0,0,0,0,0,0,0,0,0,0,0,0,0,0,0,0,0,0,0,0,0,0
14,0.0139,0.01390001,0.01390003,0.013901,0.013901,695001,695002,0,0,1,0,1,0,0,0,0,0,0,0,0,0,0,0,0,0,0,0,0,0,0,0,0,0,0,0,0,0,0,0,0,0,0
15,0.0149,0.01490001,0.01490003,0.014901,0.014901,745001,745002,0,0,1,0,1,0,0,0,0,0,0,0,0,0,0,0,0,0,0,0,0,0,0,0,0,0,0,0,0,0,0,0,0,0,0
16,0.0159,0.01590001,0.01590003,0.015901,0.015901,795001,795002,0,0,1,0,1,0,0,0,0,0,0,0,0,0,0,0,0,0,0,0,0,0,0,0,0,0,0,0,0,0,0,0,0,0,0
17,0.0169,0.01690001,0.01690003,0.016901,0.016901,845001,845002,0,0,1,0,1,0,0,0,0,0,0,0,0,0,0,0,0,0,0,0,0,0,0,0,0,0,0,0,0,0,0,0,0,0,0
18,0.0179,0.01790001,0.01790003,0.017901,0.017901,895001,895002,0,0,1,0,1,0,0,0,0,0,0,0,0,0,0,0,0,0,0,0,0,0,0,0,0,0,0,0,0,0,0,0,0,0,0
19,0.0189,0.01890001,0.01890003,0.018901,0.018901,945001,945002,0,0,1,0,1,0,0,0,0,0,0,0,0,0,0,0,0,0,0,0,0,0,0,0,0,0,0,0,0,0,0,0,0,0,0
20,0.0199,0.01990001,0.01990003,0.019901,0.019901,995001,995002,0,0,1,0,1,0,0,0,0,0,0,0,0,0,0,0,0,0,0,0,0,0,0,0,0,0,0,0,0,0,0,0,0,0,0
21,0.0209,0.02090001,0.02090003,0.020901,0.020901,1045001,1045002,0,0,1,0,1,0,0,0,0,0,0,0,0,0,0,0,0,0,0,0,0,0,0,0,0,0,0,0,0,0,0,0,0,0,0
22,0.0219,0.02190001,0.02190003,0.021901,0.021901,1095001,1095002,0,0,1,0,1,0,0,0,0,0,0,0,0,0,0,0,0,0,0,0,0,0,0,0,0,0,0,0,0,0,0,0,0,0,0
23,0.0229,0.02290001,0.02290003,0.022901,0.022901,1145001,1145002,0,0,1,0,1,0,0,0,0,0,0,0,0,0,0,0,0,0,0,0,0,0,0,0,0,0,0,0,0,0,0,0,0,0,0
24,0.0239,0.02390001,0.02390003,0.023901,0.023901,1195001,1195002,0,0,1,0,1,0,0,0,0,0,0,0,0,0,0,0,0,0,0,0,0,0,0,0,0,0,0,0,0,0,0,0,0,0,0
25,0.0249,0.02490001,0.02490003,0.024901,0.024901,1245001,1245002,0,0,1,0,1,0,0,0,0,0,0,0,0,0,0,0,0,0,0,0,0,0,0,0,0,0,0,0,0,0,0,0,0,0,0
26,0.0259,0.02590001,0.02590003,0.025901,0.025901,1295001,1295002,0,0,1,0,1,0,0,0,0,0,0,0,0,0,0,0,0,0,0,0,0,0,0,0,0,0,0,0,0,0,0,0,0,0,0
27,0.0269,0.02690001,0.02690003,0.026901,0.026901,1345001,1345002,0,0,1,0,1,0,0,0,0,0,0,0,0,0,0,0,0,0,0,0,0,0,0,0,0,0,0,0,0,0,0,0,0,0,0
28,0.0279,0.02790001,0.02790003,0.027901,0.027901,1395001,1395002,0,0,1,0,1,0,0,0,0,0,0,0,0,0,0,0,0,0,0,0,0,0,0,0,0,0,0,0,0,0,0,0,0,0,0
29,0.0289,0.02890001,0.02890003,0.028901,0.028901,1445001,1445002,0,0,1,0,1,0,0,0,0,0,0,0,0,0,0,0,0,0,0,0,0,0,0,0,0,0,0,0,0,0,0,0,0,0,0
30,0.0299,0.02990001,0.02990003,0.029901,0.029901,1495001,1495002,0,0,1,0,1,0,0,0,0,0,0,0,0,0,0,0,0,0,0,0,0,0,0,0,0,0,0,0,0,0,0,0,0,0,0
31,0.0309,0.03090001,0.03090003,0.030901,0.030901,1545001,1545002,0,0,1,0,1,0,0,0,0,0,0,0,0,0,0,0,0,0,0,0,0,0,0,0,0,0,0,0,0,0,0,0,0,0,0
32,0.0319,0.03190001,0.03190003,0.031901,0.031901,1595001,1595002,0,0,1,0,1,0,0,0,0,0,0,0,0,0,0,0,0,0,0,0,0,0,0,0,0,0,0,0,0,0,0,0,0,0,0
33,0.0329,0.03290001,0.03290003,0.032901,0.032901,1645001,1645002,0,0,1,0,1,0,0,0,0,0,0,0,0,0,0,0,0,0,0,0,0,0,0,0,0,0,0,0,0,0,0,0,0,0,0
34,0.0339,0.03390001,0.03390003,0.033901,0.033901,1695001,1695002,0,0,1,0,1,0,0,0,0,0,0,0,0,0,0,0,0,0,0,0,0,0,0,0,0,0,0,0,0,0,0,0,0,0,0
35,0.0349,0.03490001,0.03490003,0.034901,0.034901,1745001,1745002,0,0,1,0,1,0,0,0,0,0,0,0,0,0,0,0,0,0,0,0,0,0,0,0,0,0,0,0,0,0,0,0,0,0,0
36,0.0359,0.03590001,0.03590003,0.035901,0.035901,1795001,1795002,0,0,1,0,1,0,0,0,0,0,0,0,0,0,0,0,0,0,0,0,0,0,0,0,0,0,0,0,0,0,0,0,0,0,0
37,0.0369,0.03690001,0.03690003,0.036901,0.036901,1845001,1845002,0,0,1,0,1,0,0,0,0,0,0,0,0,0,0,0,0,0,0,0,0,0,0,0,0,0,0,0,0,0,0,0,0,0,0
38,0.0379,0.03790001,0.03790003,0.037901,0.037901,1895001,1895002,0,0,1,0,1,0,0,0,0,0,0,0,0,0,0,0,0,0,0,0,0,0,0,0,0,0,0,0,0,0,0,0,0,0,0
39,0.0389,0.03890001,0.03890003,0.038901,0.038901,1945001,1945002,0,0,1,0,1,0,0,0,0,0,0,0,0,0,0,0,0,0,0,0,0,0,0,0,0,0,0,0,0,0,0,0,0,0,0
40,0.0399,0.03990001,0.03990003,0.039901,0.039901,1995001,1995002,0,0,1,0,1,0,0,0,0,0,0,0,0,0,0,0,0,0,0,0,0,0,0,0,0,0,0,0,0,0,0,0,0,0,0
41,0.0409,0.04090001,0.04090003,0.040901,0.040901,2045001,2045002,0,0,1,0,1,0,0,0,0,0,0,0,0,0,0,0,0,0,0,0,0,0,0,0,0,0,0,0,0,0,0,0,0,0,0
42,0.0419,0.04190001,0.04190003,0.041901,0.041901,2095001,2095002,0,0,1,0,1,0,0,0,0,0,0,0,0,0,0,0,0,0,0,0,0,0,0,0,0,0,0,0,0,0,0,0,0,0,0
43,0.0429,0.04290001,0.04290003,0.042901,0.042901,2145001,2145002,0,0,1,0,1,0,0,0,0,0,0,0,0,0,0,0,0,0,0,0,0,0,0,0,0,0,0,0,0,0,0,0,0,0,0
44,0.0439,0.04390001,0.04390003,0.043901,0.043901,2195001,2195002,0,0,1,0,1,0,0,0,0,0,0,0,0,0,0,0,0,0,0,0,0,0,0,0,0,0,0,0,0,0,0,0,0,0,0
45,0.0449,0.04490001,0.04490003,0.044901,0.044901,2245001,2245002,0,0,1,0,1,0,0,0,0,0,0,0,0,0,0,0,0,0,0,0,0,0,0,0,0,0,0,0,0,0,0,0,0,0,0
46,0.0459,0.04590001,0.04590003,0.045901,0.045901,2295001,2295002,0,0,1,0,1,0,0,0,0,0,0,0,0,0,0,0,0,0,0,0,0,0,0,0,0,0,0,0,0,0,0,0,0,0,0
47,0.0469,0.04690001,0.04690003,0.046901,0.046901,2345001,2345002,0,0,1,0,1,0,0,0,0,0,0,0,0,0,0,0,0,0,0,0,0,0,0,0,0,0,0,0,0,0,0,0,0,0,0
48,0.0479,0.04790001,0.04790003,0.047901,0.047901,2395001,2395002,0,0,1,0,1,0,0,0,0,0,0,0,0,0,0,0,0,0,0,0,0,0,0,0,0,0,0,0,0,0,0,0,0,0,0
49,0.0489,0.04890001,0.04890003,0.048901,0.048901,2445001,2445002,0,0,1,0,1,0,0,0,0,0,0,0,0,0,0,0,0,0,0,0,0,0,0,0,0,0,0,0,0,0,0,0,0,0,0
50,0.0499,0.04990001,0.04990003,0.049901,0.049901,2495001,2495002,0,0,1,0,1,0,0,0,0,0,0,0,0,0,0,0,0,0,0,0,0,0,0,0,0,0,0,0,0,0,0,0,0,0,0
51,0.0509,0.05090001,0.05090003,0.050901,0.050901,2545001,2545002,47186,0,1,0,1,0,0,27,871350,0,0,69708,0,0,0,0,871350,47186,871350,69708,0,27,871350,0,0,69708,0,0,0,0,871350,47186,871350,69708,0
52,0.0519,0.05190001,0.05190003,0.051901,0.051901,2595001,2595002,99615,10838,1,0,1,0,0,52,1709089,69708,0,200858,0,0,0,0,1709089,88777,1639381,131150,0,52,1709089,69708,0,200858,0,0,0,0,1709089,88777,1639381,131150,0
53,0.0529,0.05290001,0.05290003,0.052901,0.052901,2645001,2645002,152044,44178,1,0,1,0,0,67,2192742,200858,0,360209,0,0,0,0,2192742,107866,1991884,159351,0,67,2192742,200858,0,360209,0,0,0,0,2192742,107866,1991884,159351,0
54,0.0539,0.05390001,0.05390003,0.053901,0.053901,2695001,2695002,204472,95684,1,0,1,0,0,72,2369118,360209,0,520922,0,0,0,0,2369118,108788,2008909,160713,0,72,2369118,360209,0,520922,0,0,0,0,2369118,108788,2008909,160713,0
55,0.0549,0.05490001,0.05490003,0.054901,0.054901,2745001,2745002,256901,155087,1,0,1,0,0,73,2401048,520922,0,671332,0,0,0,0,2401048,101814,1880126,150410,0,73,2401048,520922,0,671332,0,0,0,0,2401048,101814,1880126,150410,0
56,0.0559,0.05590001,0.05590003,0.055901,0.055901,2795001,2795002,309330,212985,1,0,1,0,0,75,2450466,671332,0,813663,0,0,0,0,2450466,96345,1779134,142331,0,75,2450466,671332,0,813663,0,0,0,0,2450466,96345,1779134,142331,0
57,0.0569,0.05690001,0.05690003,0.056901,0.056901,2845001,2845002,361759,274140,1,0,1,0,0,74,2431660,813663,0,943103,0,0,0,0,2431660,87619,1617997,129440,0,74,2431660,813663,0,943103,0,0,0,0,2431660,87619,1617997,129440,0
58,0.0579,0.05790001,0.05790003,0.057901,0.057901,2895001,2895002,414188,330304,1,0,1,0,0,76,2492128,943103,0,1067025,0,0,0,0,2492128,83884,1549025,123922,0,76,2492128,943103,0,1067025,0,0,0,0,2492128,83884,1549025,123922,0
59,0.0589,0.05890001,0.05890003,0.058901,0.058901,2945001,2945002,466616,389646,1,0,1,0,0,76,2488374,1067025,0,1180733,0,0,0,0,2488374,76970,1421349,113708,0,76,2488374,1067025,0,1180733,0,0,0,0,2488374,76970,1421349,113708,0
60,0.0599,0.05990001,0.05990003,0.059901,0.059901,2995001,2995002,519045,448944,1,0,1,0,0,76,2475238,1180733,0,1284293,0,0,0,0,2475238,70101,1294505,103560,0,76,2475238,1180733,0,1284293,0,0,0,0,2475238,70101,1294505,103560,0
61,0.0609,0.06090001,0.06090003,0.060901,0.060901,3045001,3045002,571474,509048,1,0,1,0,0,74,2437069,1284293,0,1376515,0,0,0,0,2437069,62426,1152776,92222,0,74,2437069,1284293,0,1376515,0,0,0,0,2437069,62426,1152776,92222,0
62,0.0619,0.06190001,0.06190003,0.061901,0.061901,3095001,3095002,623903,570794,1,0,1,0,0,72,2357241,1376515,0,1454973,0,0,0,0,2357241,53109,980726,78458,0,72,2357241,1376515,0,1454973,0,0,0,0,2357241,53109,980726,78458,0
63,0.0629,0.06290001,0.06290003,0.062901,0.062901,3145001,3145002,676332,625864,1,0,1,0,0,73,2386929,1454973,0,1529530,0,0,0,0,2386929,50468,931956,74557,0,73,2386929,1454973,0,1529530,0,0,0,0,2386929,50468,931956,74557,0
64,0.0639,0.06390001,0.06390003,0.063901,0.063901,3195001,3195002,728760,682514,1,0,1,0,0,73,2383521,1529530,0,1597849,0,0,0,0,2383521,46246,853991,68319,0,73,2383521,1529530,0,1597849,0,0,0,0,2383521,46246,853991,68319,0
65,0.0649,0.06490001,0.06490003,0.064901,0.064901,3245001,3245002,781189,741737,1,0,1,0,0,71,2326381,1597849,0,1656132,0,0,0,0,2326381,39452,728532,58283,0,71,2326381,1597849,0,1656132,0,0,0,0,2326381,39452,728532,58283,0
66,0.0659,0.06590001,0.06590003,0.065901,0.065901,3295001,3295002,833618,798230,1,0,1,0,0,70,2309617,1656132,0,1708411,0,0,0,0,2309617,35388,653485,52279,0,70,2309617,1656132,0,1708411,0,0,0,0,2309617,35388,653485,52279,0
67,0.0669,0.06690001,0.06690003,0.066901,0.066901,3345001,3345002,886047,857995,1,0,1,0,0,68,2226427,1708411,0,1749852,0,0,0,0,2226427,28052,518016,41441,0,68,2226427,1708411,0,1749852,0,0,0,0,2226427,28052,518016,41441,0
68,0.0679,0.06790001,0.06790003,0.067901,0.067901,3395001,3395002,938476,911030,1,0,1,0,0,69,2256677,1749852,0,1790398,0,0,0,0,2256677,27446,506825,40546,0,69,2256677,1749852,0,1790398,0,0,0,0,2256677,27446,506825,40546,0
69,0.0689,0.06890001,0.06890003,0.068901,0.068901,3445001,3445002,990904,966102,1,0,1,0,0,69,2248399,1790398,0,1827038,0,0,0,0,2248399,24802,458001,36640,0,69,2248399,1790398,0,1827038,0,0,0,0,2248399,24802,458001,36640,0
70,0.0699,0.06990001,0.06990003,0.069901,0.069901,3495001,3495002,1043333,1020698,1,0,1,0,0,69,2245022,1827038,0,1860477,0,0,0,0,2245022,22635,417984,33439,0,69,2245022,1827038,0,1860477,0,0,0,0,2245022,22635,417984,33439,0
71,0.0709,0.07090001,0.07090003,0.070901,0.070901,3545001,3545002,1095762,1072752,1,0,1,0,0,70,2285386,1860477,0,1894470,0,0,0,0,2285386,23010,424909,33993,0,70,2285386,1860477,0,1894470,0,0,0,0,2285386,23010,424909,33993,0
72,0.0719,0.07190001,0.07190003,0.071901,0.071901,3595001,3595002,1148191,1133219,1,0,1,0,0,66,2170947,1894470,0,1916588,0,0,0,0,2170947,14972,276477,22118,0,66,2170947,1894470,0,1916588,0,0,0,0,2170947,14972,276477,22118,0
73,0.0729,0.07290001,0.07290003,0.072901,0.072901,3645001,3645002,1200620,1180955,1,0,1,0,0,70,2279727,1916588,0,1945639,0,0,0,0,2279727,19665,363139,29051,0,70,2279727,1916588,0,1945639,0,0,0,0,2279727,19665,363139,29051,0
74,0.0739,0.07390001,0.07390003,0.073901,0.073901,3695001,3695002,1253048,1236482,1,0,1,0,0,69,2251551,1945639,0,1970112,0,0,0,0,2251551,16566,305912,24473,0,69,2251551,1945639,0,1970112,0,0,0,0,2251551,16566,305912,24473,0
75,0.0749,0.07490001,0.07490003,0.074901,0.074901,3745001,3745002,1305477,1288293,1,0,1,0,0,70,2287437,1970112,0,1995498,0,0,0,0,2287437,17184,317325,25386,0,70,2287437,1970112,0,1995498,0,0,0,0,2287437,17184,317325,25386,0
76,0.0759,0.07590001,0.07590003,0.075901,0.075901,3795001,3795002,1357906,1333394,1,0,1,0,0,75,2448143,1995498,0,2031710,0,0,0,0,2448143,24512,452645,36212,0,75,2448143,1995498,0,2031710,0,0,0,0,2448143,24512,452645,36212,0
77,0.0769,0.07690001,0.07690003,0.076901,0.076901,3845001,3845002,1410335,1382597,1,0,1,0,0,78,2543928,2031710,0,2072687,0,0,0,0,2543928,27738,512218,40977,0,78,2543928,2031710,0,2072687,0,0,0,0,2543928,27738,512218,40977,0
78,0.0779,0.07790001,0.07790003,0.077901,0.077901,3895001,3895002,1462764,1439846,1,0,1,0,0,76,2495897,2072687,0,2106544,0,0,0,0,2495897,22918,423210,33857,0,76,2495897,2072687,0,2106544,0,0,0,0,2495897,22918,423210,33857,0
79,0.0789,0.07890001,0.07890003,0.078901,0.078901,3945001,3945002,1515192,1498636,1,0,1,0,0,74,2412272,2106544,0,2131002,0,0,0,0,2412272,16556,305728,24458,0,74,2412272,2106544,0,2131002,0,0,0,0,2412272,16556,305728,24458,0
80,0.0799,0.07990001,0.07990003,0.079901,0.079901,3995001,3995002,1567621,1558126,1,0,1,0,0,70,2306339,2131002,0,2145029,0,0,0,0,2306339,9495,175337,14027,0,70,2306339,2131002,0,2145029,0,0,0,0,2306339,9495,175337,14027,0
81,0.0809,0.08090001,0.08090003,0.080901,0.080901,4045001,4045002,1620050,1615054,1,0,1,0,0,68,2237287,2145029,0,2152410,0,0,0,0,2237287,4996,92258,7381,0,68,2237287,2145029,0,2152410,0,0,0,0,2237287,4996,92258,7381,0
82,0.0819,0.08190001,0.08190003,0.081901,0.081901,4095001,4095002,1672479,1667413,1,0,1,0,0,69,2245960,2152410,0,2159894,0,0,0,0,2245960,5066,93550,7484,0,69,2245960,2152410,0,2159894,0,0,0,0,2245960,5066,93550,7484,0
83,0.0829,0.08290001,0.08290003,0.082901,0.082901,4145001,4145002,1724908,1724968,1,0,1,0,0,66,2158786,2159894,0,2159805,0,0,0,0,2158786,-60,-1108,-89,0,66,2158786,2159894,0,2159805,0,0,0,0,2158786,-60,-1108,-89,0
84,0.0839,0.08390001,0.08390003,0.083901,0.083901,4195001,4195002,1777336,1777080,1,0,1,0,0,66,2164532,2159805,0,2160183,0,0,0,0,2164532,256,4727,378,0,66,2164532,2159805,0,2160183,0,0,0,0,2164532,256,4727,378,0
85,0.0849,0.08490001,0.08490003,0.084901,0.084901,4245001,4245002,1829765,1833121,1,0,1,0,0,64,2098210,2160183,0,2155225,0,0,0,0,2098210,-3356,-61973,-4958,0,64,2098210,2160183,0,2155225,0,0,0,0,2098210,-3356,-61973,-4958,0
86,0.0859,0.08590001,0.08590003,0.085901,0.085901,4295001,4295002,1882194,1883045,1,0,1,0,0,65,2139510,2155225,0,2153968,0,0,0,0,2139510,-851,-15715,-1257,0,65,2139510,2155225,0,2153968,0,0,0,0,2139510,-851,-15715,-1257,0
87,0.0869,0.08690001,0.08690003,0.086901,0.086901,4345001,4345002,1934623,1933658,1,0,1,0,0,66,2171788,2153968,0,2155394,0,0,0,0,2171788,965,17820,1426,0,66,2171788,2153968,0,2155394,0,0,0,0,2171788,965,17820,1426,0
88,0.0879,0.08790001,0.08790003,0.087901,0.087901,4395001,4395002,1987052,1985799,1,0,1,0,0,66,2178532,2155394,0,2157245,0,0,0,0,2178532,1253,23138,1851,0,66,2178532,2155394,0,2157245,0,0,0,0,2178532,1253,23138,1851,0
89,0.0889,0.08890001,0.08890003,0.088901,0.088901,4445001,4445002,2039480,2039420,1,0,1,0,0,66,2158353,2157245,0,2157334,0,0,0,0,2158353,60,1108,89,0,66,2158353,2157245,0,2157334,0,0,0,0,2158353,60,1108,89,0
90,0.0899,0.08990001,0.08990003,0.089901,0.089901,4495001,4495002,2091909,2089111,1,0,1,0,0,67,2209003,2157334,0,2161467,0,0,0,0,2209003,2798,51669,4133,0,67,2209003,2157334,0,2161467,0,0,0,0,2209003,2798,51669,4133,0
91,0.0909,0.09090001,0.09090003,0.090901,0.090901,4545001,4545002,2144338,2143223,1,0,1,0,0,67,2182057,2161467,0,2163114,0,0,0,0,2182057,1115,20590,1647,0,67,2182057,2161467,0,2163114,0,0,0,0,2182057,1115,20590,1647,0
92,0.0919,0.09190001,0.09190003,0.091901,0.091901,4595001,4595002,2196767,2196882,1,0,1,0,0,66,2160990,2163114,0,2162944,0,0,0,0,2160990,-115,-2124,-170,0,66,2160990,2163114,0,2162944,0,0,0,0,2160990,-115,-2124,-170,0
93,0.0929,0.09290001,0.09290003,0.092901,0.092901,4645001,4645002,2249196,2246508,1,0,1,0,0,68,2212581,2162944,0,2166915,0,0,0,0,2212581,2688,49637,3971,0,68,2212581,2162944,0,2166915,0,0,0,0,2212581,2688,49637,3971,0
94,0.0939,0.09390001,0.09390003,0.093901,0.093901,4695001,4695002,2301624,2300047,1,0,1,0,0,67,2196036,2166915,0,2169245,0,0,0,0,2196036,1577,29121,2330,0,67,2196036,2166915,0,2169245,0,0,0,0,2196036,1577,29121,2330,0
95,0.0949,0.09490001,0.09490003,0.094901,0.094901,4745001,4745002,2354053,2357558,1,0,1,0,0,64,2104521,2169245,0,2164067,0,0,0,0,2104521,-3505,-64724,-5178,0,64,2104521,2169245,0,2164067,0,0,0,0,2104521,-3505,-64724,-5178,0
96,0.0959,0.09590001,0.09590003,0.095901,0.095901,4795001,4795002,2406482,2408214,1,0,1,0,0,65,2132083,2164067,0,2161508,0,0,0,0,2132083,-1732,-31984,-2559,0,65,2132083,2164067,0,2161508,0,0,0,0,2132083,-1732,-31984,-2559,0
97,0.0969,0.09690001,0.09690003,0.096901,0.096901,4845001,4845002,2458911,2461750,1,0,1,0,0,64,2109082,2161508,0,2157314,0,0,0,0,2109082,-2839,-52426,-4194,0,64,2109082,2161508,0,2157314,0,0,0,0,2109082,-2839,-52426,-4194,0
98,0.0979,0.09790001,0.09790003,0.097901,0.097901,4895001,4895002,2511340,2510630,1,0,1,0,0,66,2170425,2157314,0,2158363,0,0,0,0,2170425,710,13111,1049,0,66,2170425,2157314,0,2158363,0,0,0,0,2170425,710,13111,1049,0
99,0.0989,0.09890001,0.09890003,0.098901,0.098901,4945001,4945002,2563768,2564846,1,0,1,0,0,65,2138456,2158363,0,2156770,0,0,0,0,2138456,-1078,-19907,-1593,0,65,2138456,2158363,0,2156770,0,0,0,0,2138456,-1078,-19907,-1593,0
100,0.0999,0.09990001,0.09990003,0.099901,0.099901,4995001,4995002,2616197,2614827,1,0,1,0,0,67,2182069,2156770,0,2158794,0,0,0,0,2182069,1370,25299,2024,0,67,2182069,2156770,0,2158794,0,0,0,0,2182069,1370,25299,2024,0
101,0.1009,0.10090001,0.10090003,0.100901,0.100901,5045001,5045002,2668626,2666829,1,0,1,0,0,67,2191978,2158794,0,2161449,0,0,0,0,2191978,1797,33184,2655,0,67,2191978,2158794,0,2161449,0,0,0,0,2191978,1797,33184,2655,0
102,0.1019,0.10190001,0.10190003,0.101901,0.101901,5095001,5095002,2721055,2723582,1,0,1,0,0,65,2114785,2161449,0,2157716,0,0,0,0,2114785,-2527,-46664,-3733,0,65,2114785,2161449,0,2157716,0,0,0,0,2114785,-2527,-46664,-3733,0
103,0.1029,0.10290001,0.10290003,0.102901,0.102901,5145001,5145002,2773484,2769616,1,0,1,0,0,68,2229144,2157716,0,2163430,0,0,0,0,2229144,3868,71428,5714,0,68,2229144,2157716,0,2163430,0,0,0,0,2229144,3868,71428,5714,0
104,0.1039,0.10390001,0.10390003,0.103901,0.103901,5195001,5195002,2825912,2823630,1,0,1,0,0,67,2205570,2163430,0,2166801,0,0,0,0,2205570,2282,42140,3371,0,67,2205570,2163430,0,2166801,0,0,0,0,2205570,2282,42140,3371,0
105,0.1049,0.10490001,0.10490003,0.104901,0.104901,5245001,5245002,2878341,2873640,1,0,1,0,0,69,2253611,2166801,0,2173746,0,0,0,0,2253611,4701,86810,6945,0,69,2253611,2166801,0,2173746,0,0,0,0,2253611,4701,86810,6945,0
106,0.1059,0.10590001,0.10590003,0.105901,0.105901,5295001,5295002,2930770,2917054,1,0,1,0,0,74,2427029,2173746,0,2194009,0,0,0,0,2427029,13716,253283,20263,0,74,2427029,2173746,0,2194009,0,0,0,0,2427029,13716,253283,20263,0
107,0.1069,0.10690001,0.10690003,0.106901,0.106901,5345001,5345002,2983199,2966395,1,0,1,0,0,76,2504316,2194009,0,2218834,0,0,0,0,2504316,16804,310307,24825,0,76,2504316,2194009,0,2218834,0,0,0,0,2504316,16804,310307,24825,0
108,0.1079,0.10790001,0.10790003,0.107901,0.107901,5395001,5395002,3035628,3024922,1,0,1,0,0,74,2416534,2218834,0,2234650,0,0,0,0,2416534,10706,197700,15816,0,74,2416534,2218834,0,2234650,0,0,0,0,2416534,10706,197700,15816,0
109,0.1089,0.10890001,0.10890003,0.108901,0.108901,5445001,5445002,3088056,3082173,1,0,1,0,0,72,2343287,2234650,0,2243341,0,0,0,0,2343287,5883,108637,8691,0,72,2343287,2234650,0,2243341,0,0,0,0,2343287,5883,108637,8691,0
110,0.1099,0.10990001,0.10990003,0.109901,0.109901,5495001,5495002,3140485,3139227,1,0,1,0,0,69,2266572,2243341,0,2245199,0,0,0,0,2266572,1258,23231,1858,0,69,2266572,2243341,0,2245199,0,0,0,0,2266572,1258,23231,1858,0
111,0.1109,0.11090001,0.11090003,0.110901,0.110901,5545001,5545002,3192914,3196607,1,0,1,0,0,66,2177003,2245199,0,2239743,0,0,0,0,2177003,-3693,-68196,-5456,0,66,2177003,2245199,0,2239743,0,0,0,0,2177003,-3693,-68196,-5456,0
112,0.1119,0.11190001,0.11190003,0.111901,0.111901,5595001,5595002,3245343,3251311,1,0,1,0,0,65,2129536,2239743,0,2230926,0,0,0,0,2129536,-5968,-110207,-8817,0,65,2129536,2239743,0,2230926,0,0,0,0,2129536,-5968,-110207,-8817,0
113,0.1129,0.11290001,0.11290003,0.112901,0.112901,5645001,5645002,3297772,3300217,1,0,1,0,0,67,2185776,2230926,0,2227314,0,0,0,0,2185776,-2445,-45150,-3612,0,67,2185776,2230926,0,2227314,0,0,0,0,2185776,-2445,-45150,-3612,0
114,0.1139,0.11390001,0.11390003,0.113901,0.113901,5695001,5695002,3350200,3354767,1,0,1,0,0,65,2142979,2227314,0,2220567,0,0,0,0,2142979,-4567,-84335,-6747,0,65,2142979,2227314,0,2220567,0,0,0,0,2142979,-4567,-84335,-6747,0
115,0.1149,0.11490001,0.11490003,0.114901,0.114901,5745001,5745002,3402629,3407584,1,0,1,0,0,65,2129067,2220567,0,2213247,0,0,0,0,2129067,-4955,-91500,-7320,0,65,2129067,2220567,0,2213247,0,0,0,0,2129067,-4955,-91500,-7320,0
116,0.1159,0.11590001,0.11590003,0.115901,0.115901,5795001,5795002,3455058,3457665,1,0,1,0,0,66,2165105,2213247,0,2209396,0,0,0,0,2165105,-2607,-48142,-3851,0,66,2165105,2213247,0,2209396,0,0,0,0,2165105,-2607,-48142,-3851,0
117,0.1169,0.11690001,0.11690003,0.116901,0.116901,5845001,5845002,3507487,3510629,1,0,1,0,0,66,2151375,2209396,0,2204754,0,0,0,0,2151375,-3142,-58021,-4642,0,66,2151375,2209396,0,2204754,0,0,0,0,2151375,-3142,-58021,-4642,0
118,0.1179,0.11790001,0.11790003,0.117901,0.117901,5895001,5895002,3559916,3561724,1,0,1,0,0,66,2171367,2204754,0,2202083,0,0,0,0,2171367,-1808,-33387,-2671,0,66,2171367,2204754,0,2202083,0,0,0,0,2171367,-1808,-33387,-2671,0
119,0.1189,0.11890001,0.11890003,0.118901,0.118901,5945001,5945002,3612344,3614243,1,0,1,0,0,66,2167016,2202083,0,2199278,0,0,0,0,2167016,-1899,-35067,-2805,0,66,2167016,2202083,0,2199278,0,0,0,0,2167016,-1899,-35067,-2805,0
120,0.1199,0.11990001,0.11990003,0.119901,0.119901,5995001,5995002,3664773,3667756,1,0,1,0,0,65,2144193,2199278,0,2194871,0,0,0,0,2144193,-2983,-55085,-4407,0,65,2144193,2199278,0,2194871,0,0,0,0,2144193,-2983,-55085,-4407,0
121,0.1209,0.12090001,0.12090003,0.120901,0.120901,6045001,6045002,3717202,3719297,1,0,1,0,0,66,2156184,2194871,0,2191776,0,0,0,0,2156184,-2095,-38687,-3095,0,66,2156184,2194871,0,2191776,0,0,0,0,2156184,-2095,-38687,-3095,0
122,0.1219,0.12190001,0.12190003,0.121901,0.121901,6095001,6095002,3769631,3771344,1,0,1,0,0,66,2160143,2191776,0,2189245,0,0,0,0,2160143,-1713,-31633,-2531,0,66,2160143,2191776,0,2189245,0,0,0,0,2160143,-1713,-31633,-2531,0
123,0.1229,0.12290001,0.12290003,0.122901,0.122901,6145001,6145002,3822060,3820639,1,0,1,0,0,68,2215486,2189245,0,2191344,0,0,0,0,2215486,1421,26241,2099,0,68,2215486,2189245,0,2191344,0,0,0,0,2215486,1421,26241,2099,0
124,0.1239,0.12390001,0.12390003,0.123901,0.123901,6195001,6195002,3874488,3874151,1,0,1,0,0,67,2197567,2191344,0,2191842,0,0,0,0,2197567,337,6223,498,0,67,2197567,2191344,0,2191842,0,0,0,0,2197567,337,6223,498,0
125,0.1249,0.12490001,0.12490003,0.124901,0.124901,6245001,6245002,3926917,3931734,1,0,1,0,0,64,2102890,2191842,0,2184726,0,0,0,0,2102890,-4817,-88952,-7116,0,64,2102890,2191842,0,2184726,0,0,0,0,2102890,-4817,-88952,-7116,0
126,0.1259,0.12590001,0.12590003,0.125901,0.125901,6295001,6295002,3979346,3982525,1,0,1,0,0,65,2126022,2184726,0,2180030,0,0,0,0,2126022,-3179,-58704,-4696,0,65,2126022,2184726,0,2180030,0,0,0,0,2126022,-3179,-58704,-4696,0
127,0.1269,0.12690001,0.12690003,0.126901,0.126901,6345001,6345002,4031775,4036167,1,0,1,0,0,64,2098926,2180030,0,2173542,0,0,0,0,2098926,-4392,-81104,-6488,0,64,2098926,2180030,0,2173542,0,0,0,0,2098926,-4392,-81104,-6488,0
128,0.1279,0.12790001,0.12790003,0.127901,0.127901,6395001,6395002,4084204,4085121,1,0,1,0,0,66,2156608,2173542,0,2172187,0,0,0,0,2156608,-917,-16934,-1355,0,66,2156608,2173542,0,2172187,0,0,0,0,2156608,-917,-16934,-1355,0
129,0.1289,0.12890001,0.12890003,0.128901,0.128901,6445001,6445002,4136632,4139357,1,0,1,0,0,65,2121866,2172187,0,2168161,0,0,0,0,2121866,-2725,-50321,-4026,0,65,2121866,2172187,0,2168161,0,0,0,0,2121866,-2725,-50321,-4026,0
130,0.1299,0.12990001,0.12990003,0.129901,0.129901,6495001,6495002,4189061,4189419,1,0,1,0,0,66,2161550,2168161,0,2167632,0,0,0,0,2161550,-358,-6611,-529,0,66,2161550,2168161,0,2167632,0,0,0,0,2161550,-358,-6611,-529,0
131,0.1309,0.13090001,0.13090003,0.130901,0.130901,6545001,6545002,4241490,4239637,1,0,1,0,0,67,2201850,2167632,0,2170369,0,0,0,0,2201850,1853,34218,2737,0,67,2201850,2167632,0,2170369,0,0,0,0,2201850,1853,34218,2737,0
132,0.1319,0.13190001,0.13190003,0.131901,0.131901,6595001,6595002,4293919,4295179,1,0,1,0,0,66,2147101,2170369,0,2168508,0,0,0,0,2147101,-1260,-23268,-1861,0,66,2147101,2170369,0,2168508,0,0,0,0,2147101,-1260,-23268,-1861,0
133,0.1329,0.13290001,0.13290003,0.132901,0.132901,6645001,6645002,4346348,4343988,1,0,1,0,0,68,2212088,2168508,0,2171994,0,0,0,0,2212088,2360,43580,3486,0,68,2212088,2168508,0,2171994,0,0,0,0,2212088,2360,43580,3486,0
134,0.1339,0.13390001,0.13390003,0.133901,0.133901,6695001,6695002,4398776,4398739,1,0,1,0,0,66,2172677,2171994,0,2172049,0,0,0,0,2172677,37,683,55,0,66,2172677,2171994,0,2172049,0,0,0,0,2172677,37,683,55,0
135,0.1349,0.13490001,0.13490003,0.134901,0.134901,6745001,6745002,4451205,4448958,1,0,1,0,0,68,2213543,2172049,0,2175368,0,0,0,0,2213543,2247,41494,3319,0,68,2213543,2172049,0,2175368,0,0,0,0,2213543,2247,41494,3319,0
136,0.1359,0.13590001,0.13590003,0.135901,0.135901,6795001,6795002,4503634,4492435,1,0,1,0,0,73,2382172,2175368,0,2191912,0,0,0,0,2382172,11199,206804,16544,0,73,2382172,2175368,0,2191912,0,0,0,0,2382172,11199,206804,16544,0
137,0.1369,0.13690001,0.13690003,0.136901,0.136901,6845001,6845002,4556063,4540212,1,0,1,0,0,76,2484621,2191912,0,2215329,0,0,0,0,2484621,15851,292709,23417,0,76,2484621,2191912,0,2215329,0,0,0,0,2484621,15851,292709,23417,0
138,0.1379,0.13790001,0.13790003,0.137901,0.137901,6895001,6895002,4608492,4595043,1,0,1,0,0,75,2463682,2215329,0,2235197,0,0,0,0,2463682,13449,248353,19868,0,75,2463682,2215329,0,2235197,0,0,0,0,2463682,13449,248353,19868,0
139,0.1389,0.13890001,0.13890003,0.138901,0.138901,6945001,6945002,4660920,4653875,1,0,1,0,0,72,2365292,2235197,0,2245605,0,0,0,0,2365292,7045,130095,10408,0,72,2365292,2235197,0,2245605,0,0,0,0,2365292,7045,130095,10408,0
140,0.1399,0.13990001,0.13990003,0.139901,0.139901,6995001,6995002,4713349,4711271,1,0,1,0,0,70,2283978,2245605,0,2248675,0,0,0,0,2283978,2078,38373,3070,0,70,2283978,2245605,0,2248675,0,0,0,0,2283978,2078,38373,3070,0
141,0.1409,0.14090001,0.14090003,0.140901,0.140901,7045001,7045002,4765778,4768341,1,0,1,0,0,67,2201346,2248675,0,2244889,0,0,0,0,2201346,-2563,-47329,-3786,0,67,2201346,2248675,0,2244889,0,0,0,0,2201346,-2563,-47329,-3786,0
142,0.1419,0.14190001,0.14190003,0.141901,0.141901,7095001,7095002,4818207,4820809,1,0,1,0,0,67,2196840,2244889,0,2241045,0,0,0,0,2196840,-2602,-48049,-3844,0,67,2196840,2244889,0,2241045,0,0,0,0,2196840,-2602,-48049,-3844,0
143,0.1429,0.14290001,0.14290003,0.142901,0.142901,7145001,7145002,4870636,4876566,1,0,1,0,0,65,2131540,2241045,0,2232285,0,0,0,0,2131540,-5930,-109505,-8760,0,65,2131540,2241045,0,2232285,0,0,0,0,2131540,-5930,-109505,-8760,0
144,0.1439,0.14390001,0.14390003,0.143901,0.143901,7195001,7195002,4923064,4926376,1,0,1,0,0,66,2171125,2232285,0,2227392,0,0,0,0,2171125,-3312,-61160,-4893,0,66,2171125,2232285,0,2227392,0,0,0,0,2171125,-3312,-61160,-4893,0
145,0.1449,0.14490001,0.14490003,0.144901,0.144901,7245001,7245002,4975493,4980542,1,0,1,0,0,65,2134156,2227392,0,2219933,0,0,0,0,2134156,-5049,-93236,-7459,0,65,2134156,2227392,0,2219933,0,0,0,0,2134156,-5049,-93236,-7459,0
146,0.1459,0.14590001,0.14590003,0.145901,0.145901,7295001,7295002,5027922,5032581,1,0,1,0,0,65,2133899,2219933,0,2213050,0,0,0,0,2133899,-4659,-86034,-6883,0,65,2133899,2219933,0,2213050,0,0,0,0,2133899,-4659,-86034,-6883,0
147,0.1469,0.14690001,0.14690003,0.146901,0.146901,7345001,7345002,5080351,5086709,1,0,1,0,0,64,2095641,2213050,0,2203657,0,0,0,0,2095641,-6358,-117409,-9393,0,64,2095641,2213050,0,2203657,0,0,0,0,2095641,-6358,-117409,-9393,0
148,0.1479,0.14790001,0.14790003,0.147901,0.147901,7395001,7395002,5132780,5137823,1,0,1,0,0,64,2110532,2203657,0,2196207,0,0,0,0,2110532,-5043,-93125,-7450,0,64,2110532,2203657,0,2196207,0,0,0,0,2110532,-5043,-93125,-7450,0
149,0.1489,0.14890001,0.14890003,0.148901,0.148901,7445001,7445002,5185208,5183008,1,0,1,0,0,68,2236833,2196207,0,2199457,0,0,0,0,2236833,2200,40626,3250,0,68,2236833,2196207,0,2199457,0,0,0,0,2236833,2200,40626,3250,0
150,0.1499,0.14990001,0.14990003,0.149901,0.149901,7495001,7495002,5237637,5240349,1,0,1,0,0,66,2149376,2199457,0,2195451,0,0,0,0,2149376,-2712,-50081,-4006,0,66,2149376,2199457,0,2195451,0,0,0,0,2149376,-2712,-50081,-4006,0
151,0.1509,0.15090001,0.15090003,0.150901,0.150901,7545001,7545002,5242880,5290448,1,0,1,0,0,40,1317047,2195451,0,2125179,0,0,0,0,1317047,-47568,-878404,-70272,0,40,1317047,2195451,0,2125179,0,0,0,0,1317047,-47568,-878404,-70272,0
152,0.1519,0.15190001,0.15190003,0.151901,0.151901,7595001,7595002,5242880,5324800,1,0,1,0,0,19,612421,2125179,0,2004158,0,0,0,0,612421,-81920,-1512758,-121021,0,19,612421,2125179,0,2004158,0,0,0,0,612421,-81920,-1512758,-121021,0
153,0.1529,0.15290001,0.15290003,0.152901,0.152901,7645001,7645002,5242880,5341364,1,0,1,0,0,6,185525,2004158,0,1858667,0,0,0,0,185525,-98484,-1818633,-145491,0,6,185525,2004158,0,1858667,0,0,0,0,185525,-98484,-1818633,-145491,0
154,0.1539,0.15390001,0.15390003,0.153901,0.153901,7695001,7695002,5242880,5349493,1,0,1,0,0,-3,-110078,1858667,0,1701167,0,0,0,0,-110078,-106613,-1968745,-157500,0,-3,-110078,1858667,0,1701167,0,0,0,0,-110078,-106613,-1968745,-157500,0
155,0.1549,0.15490001,0.15490003,0.154901,0.154901,7745001,7745002,5242880,5348497,1,0,1,0,0,-8,-249186,1701167,0,1545139,0,0,0,0,-249186,-105617,-1950353,-156028,0,-8,-249186,1701167,0,1545139,0,0,0,0,-249186,-105617,-1950353,-156028,0
156,0.1559,0.15590001,0.15590003,0.155901,0.155901,7795001,7795002,5242880,5342057,1,0,1,0,0,-9,-286291,1545139,0,1398625,0,0,0,0,-286291,-99177,-1831430,-146514,0,-9,-286291,1545139,0,1398625,0,0,0,0,-286291,-99177,-1831430,-146514,0
157,0.1569,0.15690001,0.15690003,0.156901,0.156901,7845001,7845002,5242880,5334351,1,0,1,0,0,-9,-290504,1398625,0,1263495,0,0,0,0,-290504,-91471,-1689129,-135130,0,-9,-290504,1398625,0,1263495,0,0,0,0,-290504,-91471,-1689129,-135130,0
158,0.1579,0.15790001,0.15790003,0.157901,0.157901,7895001,7895002,5242880,5329543,1,0,1,0,0,-10,-336848,1263495,0,1135468,0,0,0,0,-336848,-86663,-1600343,-128027,0,-10,-336848,1263495,0,1135468,0,0,0,0,-336848,-86663,-1600343,-128027,0
159,0.1589,0.15890001,0.15890003,0.158901,0.158901,7945001,7945002,5242880,5318993,1,0,1,0,0,-8,-270056,1135468,0,1023026,0,0,0,0,-270056,-76113,-1405524,-112442,0,-8,-270056,1135468,0,1023026,0,0,0,0,-270056,-76113,-1405524,-112442,0
160,0.1599,0.15990001,0.15990003,0.159901,0.159901,7995001,7995002,5242880,5315121,1,0,1,0,0,-9,-310996,1023026,0,916304,0,0,0,0,-310996,-72241,-1334022,-106722,0,-9,-310996,1023026,0,916304,0,0,0,0,-310996,-72241,-1334022,-106722,0
161,0.1609,0.16090001,0.16090003,0.160901,0.160901,8045001,8045002,5242880,5306456,1,0,1,0,0,-8,-257708,916304,0,822383,0,0,0,0,-257708,-63576,-1174012,-93921,0,-8,-257708,916304,0,822383,0,0,0,0,-257708,-63576,-1174012,-93921,0
162,0.1619,0.16190001,0.16190003,0.161901,0.161901,8095001,8095002,5242880,5299715,1,0,1,0,0,-7,-227148,822383,0,738421,0,0,0,0,-227148,-56835,-1049531,-83962,0,-7,-227148,822383,0,738421,0,0,0,0,-227148,-56835,-1049531,-83962,0
163,0.1629,0.16290001,0.16290003,0.162901,0.162901,8145001,8145002,5242880,5292187,1,0,1,0,0,-5,-172096,738421,0,665580,0,0,0,0,-172096,-49307,-910517,-72841,0,-5,-172096,738421,0,665580,0,0,0,0,-172096,-49307,-910517,-72841,0
164,0.1639,0.16390001,0.16390003,0.163901,0.163901,8195001,8195002,5242880,5291955,1,0,1,0,0,-7,-240653,665580,0,593081,0,0,0,0,-240653,-49075,-906233,-72499,0,-7,-240653,665580,0,593081,0,0,0,0,-240653,-49075,-906233,-72499,0
165,0.1649,0.16490001,0.16490003,0.164901,0.164901,8245001,8245002,5242880,5284519,1,0,1,0,0,-5,-175836,593081,0,531568,0,0,0,0,-175836,-41639,-768917,-61513,0,-5,-175836,593081,0,531568,0,0,0,0,-175836,-41639,-768917,-61513,0
166,0.1659,0.16590001,0.16590003,0.165901,0.165901,8295001,8295002,5242880,5281965,1,0,1,0,0,-6,-190186,531568,0,473828,0,0,0,0,-190186,-39085,-721754,-57740,0,-6,-190186,531568,0,473828,0,0,0,0,-190186,-39085,-721754,-57740,0
167,0.1669,0.16690001,0.16690003,0.166901,0.166901,8345001,8345002,5242880,5277638,1,0,1,0,0,-5,-168023,473828,0,422480,0,0,0,0,-168023,-34758,-641851,-51348,0,-5,-168023,473828,0,422480,0,0,0,0,-168023,-34758,-641851,-51348,0
168,0.1679,0.16790001,0.16790003,0.167901,0.167901,8395001,8395002,5242880,5270802,1,0,1,0,0,-3,-93135,422480,0,381231,0,0,0,0,-93135,-27922,-515615,-41249,0,-3,-93135,422480,0,381231,0,0,0,0,-93135,-27922,-515615,-41249,0
169,0.1689,0.16890001,0.16890003,0.168901,0.168901,8445001,8445002,5242880,5269926,1,0,1,0,0,-4,-118208,381231,0,341276,0,0,0,0,-118208,-27046,-499439,-39955,0,-4,-118208,381231,0,341276,0,0,0,0,-118208,-27046,-499439,-39955,0
170,0.1699,0.16990001,0.16990003,0.169901,0.169901,8495001,8495002,5242880,5267432,1,0,1,0,0,-3,-112108,341276,0,305005,0,0,0,0,-112108,-24552,-453384,-36271,0,-3,-112108,341276,0,305005,0,0,0,0,-112108,-24552,-453384,-36271,0
171,0.1709,0.17090001,0.17090003,0.170901,0.170901,8545001,8545002,5242880,5262199,1,0,1,0,0,-2,-51745,305005,0,276465,0,0,0,0,-51745,-19319,-356750,-28540,0,-2,-51745,305005,0,276465,0,0,0,0,-51745,-19319,-356750,-28540,0
172,0.1719,0.17190001,0.17190003,0.171901,0.171901,8595001,8595002,5242880,5262745,1,0,1,0,0,-3,-90368,276465,0,247118,0,0,0,0,-90368,-19865,-366833,-29347,0,-3,-90368,276465,0,247118,0,0,0,0,-90368,-19865,-366833,-29347,0
173,0.1729,0.17290001,0.17290003,0.172901,0.172901,8645001,8645002,5242880,5261412,1,0,1,0,0,-3,-95099,247118,0,219741,0,0,0,0,-95099,-18532,-342217,-27377,0,-3,-95099,247118,0,219741,0,0,0,0,-95099,-18532,-342217,-27377,0
174,0.1739,0.17390001,0.17390003,0.173901,0.173901,8695001,8695002,5242880,5257244,1,0,1,0,0,-1,-45509,219741,0,198521,0,0,0,0,-45509,-14364,-265250,-21220,0,-1,-45509,219741,0,198521,0,0,0,0,-45509,-14364,-265250,-21220,0
175,0.1749,0.17490001,0.17490003,0.174901,0.174901,8745001,8745002,5242880,5258636,1,0,1,0,0,-3,-92434,198521,0,175245,0,0,0,0,-92434,-15756,-290955,-23276,0,-3,-92434,198521,0,175245,0,0,0,0,-92434,-15756,-290955,-23276,0
176,0.1759,0.17590001,0.17590003,0.175901,0.175901,8795001,8795002,5242880,5253669,1,0,1,0,0,-1,-23988,175245,0,159306,0,0,0,0,-23988,-10789,-199233,-15939,0,-1,-23988,175245,0,159306,0,0,0,0,-23988,-10789,-199233,-15939,0
177,0.1769,0.17690001,0.17690003,0.176901,0.176901,8845001,8845002,5242880,5251903,1,0,1,0,0,0,-7315,159306,0,145976,0,0,0,0,-7315,-9023,-166621,-13330,0,0,-7315,159306,0,145976,0,0,0,0,-7315,-9023,-166621,-13330,0
178,0.1779,0.17790001,0.17790003,0.177901,0.177901,8895001,8895002,5242880,5254253,1,0,1,0,0,-2,-64041,145976,0,129175,0,0,0,0,-64041,-11373,-210017,-16801,0,-2,-64041,145976,0,129175,0,0,0,0,-64041,-11373,-210017,-16801,0
179,0.1789,0.17890001,0.17890003,0.178901,0.178901,8945001,8945002,5242880,5249559,1,0,1,0,0,0,5839,129175,0,119308,0,0,0,0,5839,-6679,-123336,-9867,0,0,5839,129175,0,119308,0,0,0,0,5839,-6679,-123336,-9867,0
180,0.1799,0.17990001,0.17990003,0.179901,0.179901,8995001,8995002,5242880,5248827,1,0,1,0,0,0,9489,119308,0,110522,0,0,0,0,9489,-5947,-109819,-8786,0,0,9489,119308,0,110522,0,0,0,0,9489,-5947,-109819,-8786,0
181,0.1809,0.18090001,0.18090003,0.180901,0.180901,9045001,9045002,5242880,5249587,1,0,1,0,0,0,-13331,110522,0,100614,0,0,0,0,-13331,-6707,-123853,-9908,0,0,-13331,110522,0,100614,0,0,0,0,-13331,-6707,-123853,-9908,0
182,0.1819,0.18190001,0.18190003,0.181901,0.181901,9095001,9095002,5242880,5249472,1,0,1,0,0,-1,-21116,100614,0,90876,0,0,0,0,-21116,-6592,-121730,-9738,0,-1,-21116,100614,0,90876,0,0,0,0,-21116,-6592,-121730,-9738,0
183,0.1829,0.18290001,0.18290003,0.182901,0.182901,9145001,9145002,5242880,5250756,1,0,1,0,0,-2,-54564,90876,0,79241,0,0,0,0,-54564,-7876,-145440,-11635,0,-2,-54564,90876,0,79241,0,0,0,0,-54564,-7876,-145440,-11635,0
184,0.1839,0.18390001,0.18390003,0.183901,0.183901,9195001,9195002,5242880,5248852,1,0,1,0,0,-1,-31040,79241,0,70419,0,0,0,0,-31040,-5972,-110281,-8822,0,-1,-31040,79241,0,70419,0,0,0,0,-31040,-5972,-110281,-8822,0
185,0.1849,0.18490001,0.18490003,0.184901,0.184901,9245001,9245002,5242880,5245356,1,0,1,0,0,1,24696,70419,0,66761,0,0,0,0,24696,-2476,-45723,-3658,0,1,24696,70419,0,66761,0,0,0,0,24696,-2476,-45723,-3658,0
186,0.1859,0.18590001,0.18590003,0.185901,0.185901,9295001,9295002,5242880,5247232,1,0,1,0,0,0,-13604,66761,0,60332,0,0,0,0,-13604,-4352,-80365,-6429,0,0,-13604,66761,0,60332,0,0,0,0,-13604,-4352,-80365,-6429,0
187,0.1869,0.18690001,0.18690003,0.186901,0.186901,9345001,9345002,5242880,5245833,1,0,1,0,0,0,5801,60332,0,55970,0,0,0,0,5801,-2953,-54531,-4362,0,0,5801,60332,0,55970,0,0,0,0,5801,-2953,-54531,-4362,0
188,0.1879,0.18790001,0.18790003,0.187901,0.187901,9395001,9395002,5242880,5246879,1,0,1,0,0,-1,-17877,55970,0,50062,0,0,0,0,-17877,-3999,-73847,-5908,0,-1,-17877,55970,0,50062,0,0,0,0,-17877,-3999,-73847,-5908,0
189,0.1889,0.18890001,0.18890003,0.188901,0.188901,9445001,9445002,5242880,5246770,1,0,1,0,0,-1,-21772,50062,0,44315,0,0,0,0,-21772,-3890,-71834,-5747,0,-1,-21772,50062,0,44315,0,0,0,0,-21772,-3890,-71834,-5747,0
190,0.1899,0.18990001,0.18990003,0.189901,0.189901,9495001,9495002,5242880,5247661,1,0,1,0,0,-1,-43972,44315,0,37252,0,0,0,0,-43972,-4781,-88287,-7063,0,-1,-43972,44315,0,37252,0,0,0,0,-43972,-4781,-88287,-7063,0
191,0.1909,0.19090001,0.19090003,0.190901,0.190901,9545001,9545002,5242880,5245533,1,0,1,0,0,0,-11739,37252,0,33333,0,0,0,0,-11739,-2653,-48991,-3919,0,0,-11739,37252,0,33333,0,0,0,0,-11739,-2653,-48991,-3919,0
192,0.1919,0.19190001,0.19190003,0.191901,0.191901,9595001,9595002,5242880,5244035,1,0,1,0,0,0,12004,33333,0,31627,0,0,0,0,12004,-1155,-21329,-1706,0,0,12004,33333,0,31627,0,0,0,0,12004,-1155,-21329,-1706,0
193,0.1929,0.19290001,0.19290003,0.192901,0.192901,9645001,9645002,5242880,5244148,1,0,1,0,0,0,8212,31627,0,29754,0,0,0,0,8212,-1268,-23415,-1873,0,0,8212,31627,0,29754,0,0,0,0,8212,-1268,-23415,-1873,0
194,0.1939,0.19390001,0.19390003,0.193901,0.193901,9695001,9695002,5242880,5244365,1,0,1,0,0,0,2332,29754,0,27560,0,0,0,0,2332,-1485,-27422,-2194,0,0,2332,29754,0,27560,0,0,0,0,2332,-1485,-27422,-2194,0
195,0.1949,0.19490001,0.19490003,0.194901,0.194901,9745001,9745002,5242880,5248320,1,0,1,0,0,-2,-72897,27560,0,19523,0,0,0,0,-72897,-5440,-100457,-8037,0,-2,-72897,27560,0,19523,0,0,0,0,-72897,-5440,-100457,-8037,0
196,0.1959,0.19590001,0.19590003,0.195901,0.195901,9795001,9795002,5242880,5243162,1,0,1,0,0,0,14316,19523,0,19106,0,0,0,0,14316,-282,-5207,-417,0,0,14316,19523,0,19106,0,0,0,0,14316,-282,-5207,-417,0
197,0.1969,0.19690001,0.19690003,0.196901,0.196901,9845001,9845002,5242880,5242521,1,0,1,0,0,1,25735,19106,0,19636,0,0,0,0,25735,359,6629,530,0,1,25735,19106,0,19636,0,0,0,0,25735,359,6629,530,0
198,0.1979,0.19790001,0.19790003,0.197901,0.197901,9895001,9895002,5242880,5244896,1,0,1,0,0,-1,-17592,19636,0,16658,0,0,0,0,-17592,-2016,-37228,-2978,0,-1,-17592,19636,0,16658,0,0,0,0,-17592,-2016,-37228,-2978,0
199,0.1989,0.19890001,0.19890003,0.198901,0.198901,9945001,9945002,5242880,5243845,1,0,1,0,0,0,-1162,16658,0,15232,0,0,0,0,-1162,-965,-17820,-1426,0,0,-1162,16658,0,15232,0,0,0,0,-1162,-965,-17820,-1426,0
200,0.1999,0.19990001,0.19990003,0.199901,0.199901,9995001,9995002,5242880,5241318,1,0,1,0,0,1,44076,15232,0,17540,0,0,0,0,44076,1562,28844,2308,0,1,44076,15232,0,17540,0,0,0,0,44076,1562,28844,2308,0
201,0.2009,0.20090001,0.20090003,0.200901,0.200901,10045001,10045002,5242880,4724121,1,0,1,0,0,293,9597088,17540,0,783904,0,0,0,0,9597088,518759,9579548,766364,0,293,9597088,17540,0,783904,0,0,0,0,9597088,518759,9579548,766364,0
202,0.2019,0.20190001,0.20190003,0.201901,0.201901,10095001,10095002,5242880,4340850,1,0,1,0,0,532,17441041,783904,0,2116475,0,0,0,0,17441041,902030,16657137,1332571,0,532,17441041,783904,0,2116475,0,0,0,0,17441041,902030,16657137,1332571,0
203,0.2029,0.20290001,0.20290003,0.202901,0.202901,10145001,10145002,5242880,4133757,1,0,1,0,0,690,22597849,2116475,0,3754985,0,0,0,0,22597849,1109123,20481374,1638510,0,690,22597849,2116475,0,3754985,0,0,0,0,22597849,1109123,20481374,1638510,0
204,0.2039,0.20390001,0.20390003,0.203901,0.203901,10195001,10195002,5242880,4081745,1,0,1,0,0,769,25196827,3754985,0,5470333,0,0,0,0,25196827,1161135,21441842,1715348,0,769,25196827,3754985,0,5470333,0,0,0,0,25196827,1161135,21441842,1715348,0
205,0.2049,0.20490001,0.20490003,0.204901,0.204901,10245001,10245002,5242880,4081924,1,0,1,0,0,821,26908869,5470333,0,7185416,0,0,0,0,26908869,1160956,21438536,1715083,0,821,26908869,5470333,0,7185416,0,0,0,0,26908869,1160956,21438536,1715083,0
206,0.2059,0.20590001,0.20590003,0.205901,0.205901,10295001,10295002,5242880,4137747,1,0,1,0,0,842,27593109,7185416,0,8818032,0,0,0,0,27593109,1105133,20407693,1632616,0,842,27593109,7185416,0,8818032,0,0,0,0,27593109,1105133,20407693,1632616,0
207,0.2069,0.20690001,0.20690003,0.206901,0.206901,10345001,10345002,5242880,4218311,1,0,1,0,0,846,27738008,8818032,0,10331630,0,0,0,0,27738008,1024569,18919976,1513598,0,846,27738008,8818032,0,10331630,0,0,0,0,27738008,1024569,18919976,1513598,0
208,0.2079,0.20790001,0.20790003,0.207901,0.207901,10395001,10395002,5242880,4308305,1,0,1,0,0,842,27589752,10331630,0,11712280,0,0,0,0,27589752,934575,17258122,1380650,0,842,27589752,10331630,0,11712280,0,0,0,0,27589752,934575,17258122,1380650,0
209,0.2089,0.20890001,0.20890003,0.208901,0.208901,10445001,10445002,5242880,4387204,1,0,1,0,0,840,27513431,11712280,0,12976372,0,0,0,0,27513431,855676,15801151,1264092,0,840,27513431,11712280,0,12976372,0,0,0,0,27513431,855676,15801151,1264092,0
210,0.2099,0.20990001,0.20990003,0.209901,0.209901,10495001,10495002,5242880,4468839,1,0,1,0,0,832,27270028,12976372,0,14119865,0,0,0,0,27270028,774041,14293656,1143493,0,832,27270028,12976372,0,14119865,0,0,0,0,27270028,774041,14293656,1143493,0
211,0.2109,0.21090001,0.21090003,0.210901,0.210901,10545001,10545002,5242880,4543235,1,0,1,0,0,825,27039704,14119865,0,15153452,0,0,0,0,27039704,699645,12919839,1033587,0,825,27039704,14119865,0,15153452,0,0,0,0,27039704,699645,12919839,1033587,0
212,0.2119,0.21190001,0.21190003,0.211901,0.211901,10595001,10595002,5242880,4613544,1,0,1,0,0,817,26774946,15153452,0,16083172,0,0,0,0,26774946,629336,11621494,929720,0,817,26774946,15153452,0,16083172,0,0,0,0,26774946,629336,11621494,929720,0
213,0.2129,0.21290001,0.21290003,0.212901,0.212901,10645001,10645002,5242880,4677131,1,0,1,0,0,810,26530450,16083172,0,16918954,0,0,0,0,26530450,565749,10447278,835782,0,810,26530450,16083172,0,16918954,0,0,0,0,26530450,565749,10447278,835782,0
214,0.2139,0.21390001,0.21390003,0.213901,0.213901,10695001,10695002,5242880,4733958,1,0,1,0,0,803,26316849,16918954,0,17670786,0,0,0,0,26316849,508922,9397895,751832,0,803,26316849,16918954,0,17670786,0,0,0,0,26316849,508922,9397895,751832,0
215,0.2149,0.21490001,0.21490003,0.214901,0.214901,10745001,10745002,5242880,4787497,1,0,1,0,0,796,26080015,17670786,0,18343524,0,0,0,0,26080015,455383,8409229,672738,0,796,26080015,17670786,0,18343524,0,0,0,0,26080015,455383,8409229,672738,0
216,0.2159,0.21590001,0.21590003,0.215901,0.215901,10795001,10795002,5242880,4831085,1,0,1,0,0,792,25947845,18343524,0,18951870,0,0,0,0,25947845,411795,7604321,608346,0,792,25947845,18343524,0,18951870,0,0,0,0,25947845,411795,7604321,608346,0
217,0.2169,0.21690001,0.21690003,0.216901,0.216901,10845001,10845002,5242880,4876627,1,0,1,0,0,785,25715200,18951870,0,19492936,0,0,0,0,25715200,366253,6763330,541066,0,785,25715200,18951870,0,19492936,0,0,0,0,25715200,366253,6763330,541066,0
218,0.2179,0.21790001,0.21790003,0.217901,0.217901,10895001,10895002,5242880,4913035,1,0,1,0,0,781,25583945,19492936,0,19980217,0,0,0,0,25583945,329845,6091009,487281,0,781,25583945,19492936,0,19980217,0,0,0,0,25583945,329845,6091009,487281,0
219,0.2189,0.21890001,0.21890003,0.218901,0.218901,10945001,10945002,5242880,4948875,1,0,1,0,0,775,25409395,19980217,0,20414551,0,0,0,0,25409395,294005,5429178,434334,0,775,25409395,19980217,0,20414551,0,0,0,0,25409395,294005,5429178,434334,0
220,0.2199,0.21990001,0.21990003,0.219901,0.219901,10995001,10995002,5242880,4980114,1,0,1,0,0,771,25266861,20414551,0,20802736,0,0,0,0,25266861,262766,4852310,388185,0,771,25266861,20414551,0,20802736,0,0,0,0,25266861,262766,4852310,388185,0
221,0.2209,0.22090001,0.22090003,0.220901,0.220901,11045001,11045002,5242880,5004541,1,0,1,0,0,769,25203970,20802736,0,21154835,0,0,0,0,25203970,238339,4401234,352099,0,769,25203970,20802736,0,21154835,0,0,0,0,25203970,238339,4401234,352099,0
222,0.2219,0.22190001,0.22190003,0.221901,0.221901,11095001,11095002,5242880,5030749,1,0,1,0,0,765,25072105,21154835,0,21468217,0,0,0,0,25072105,212131,3917270,313382,0,765,25072105,21154835,0,21468217,0,0,0,0,25072105,212131,3917270,313382,0
223,0.2229,0.22290001,0.22290003,0.222901,0.222901,11145001,11145002,5242880,5054261,1,0,1,0,0,761,24951308,21468217,0,21746864,0,0,0,0,24951308,188619,3483091,278647,0,761,24951308,21468217,0,21746864,0,0,0,0,24951308,188619,3483091,278647,0
224,0.2239,0.22390001,0.22390003,0.223901,0.223901,11195001,11195002,5242880,5069792,1,0,1,0,0,761,24943155,21746864,0,22002567,0,0,0,0,24943155,173088,3196291,255703,0,761,24943155,21746864,0,22002567,0,0,0,0,24943155,173088,3196291,255703,0
225,0.2249,0.22490001,0.22490003,0.224901,0.224901,11245001,11245002,5242880,5088232,1,0,1,0,0,759,24858340,22002567,0,22231029,0,0,0,0,24858340,154648,2855773,228462,0,759,24858340,22002567,0,22231029,0,0,0,0,24858340,154648,2855773,228462,0
226,0.2259,0.22590001,0.22590003,0.225901,0.225901,11295001,11295002,5242880,5105524,1,0,1,0,0,756,24767483,22231029,0,22433945,0,0,0,0,24767483,137356,2536454,202916,0,756,24767483,22231029,0,22433945,0,0,0,0,24767483,137356,2536454,202916,0
227,0.2269,0.22690001,0.22690003,0.226901,0.226901,11345001,11345002,5242880,5122842,1,0,1,0,0,752,24650600,22433945,0,22611277,0,0,0,0,24650600,120038,2216655,177332,0,752,24650600,22433945,0,22611277,0,0,0,0,24650600,120038,2216655,177332,0
228,0.2279,0.22790001,0.22790003,0.227901,0.227901,11395001,11395002,5242880,5133001,1,0,1,0,0,752,24640333,22611277,0,22773602,0,0,0,0,24640333,109879,2029056,162325,0,752,24640333,22611277,0,22773602,0,0,0,0,24640333,109879,2029056,162325,0
229,0.2289,0.22890001,0.22890003,0.228901,0.228901,11445001,11445002,5242880,5146900,1,0,1,0,0,749,24545995,22773602,0,22915393,0,0,0,0,24545995,95980,1772393,141791,0,749,24545995,22773602,0,22915393,0,0,0,0,24545995,95980,1772393,141791,0
230,0.2299,0.22990001,0.22990003,0.229901,0.229901,11495001,11495002,5242880,5154991,1,0,1,0,0,749,24538376,22915393,0,23045232,0,0,0,0,24538376,87889,1622983,129839,0,749,24538376,22915393,0,23045232,0,0,0,0,24538376,87889,1622983,129839,0
231,0.2309,0.23090001,0.23090003,0.230901,0.230901,11545001,11545002,5242880,5162698,1,0,1,0,0,748,24525895,23045232,0,23163685,0,0,0,0,24525895,80182,1480663,118453,0,748,24525895,23045232,0,23163685,0,0,0,0,24525895,80182,1480663,118453,0
232,0.2319,0.23190001,0.23190003,0.231901,0.231901,11595001,11595002,5242880,5167426,1,0,1,0,0,749,24557040,23163685,0,23275153,0,0,0,0,24557040,75454,1393355,111468,0,749,24557040,23163685,0,23275153,0,0,0,0,24557040,75454,1393355,111468,0
233,0.2329,0.23290001,0.23290003,0.232901,0.232901,11645001,11645002,5242880,5176141,1,0,1,0,0,748,24507574,23275153,0,23373747,0,0,0,0,24507574,66739,1232421,98594,0,748,24507574,23275153,0,23373747,0,0,0,0,24507574,66739,1232421,98594,0
234,0.2339,0.23390001,0.23390003,0.233901,0.233901,11695001,11695002,5242880,5185369,1,0,1,0,0,746,24435761,23373747,0,23458708,0,0,0,0,24435761,57511,1062014,84961,0,746,24435761,23373747,0,23458708,0,0,0,0,24435761,57511,1062014,84961,0
235,0.2349,0.23490001,0.23490003,0.234901,0.234901,11745001,11745002,5242880,5189882,1,0,1,0,0,746,24437384,23458708,0,23537002,0,0,0,0,24437384,52998,978676,78294,0,746,24437384,23458708,0,23537002,0,0,0,0,24437384,52998,978676,78294,0
236,0.2359,0.23590001,0.23590003,0.235901,0.235901,11795001,11795002,5242880,5199462,1,0,1,0,0,743,24338771,23537002,0,23601144,0,0,0,0,24338771,43418,801769,64142,0,743,24338771,23537002,0,23601144,0,0,0,0,24338771,43418,801769,64142,0
237,0.2369,0.23690001,0.23690003,0.236901,0.236901,11845001,11845002,5242880,5202161,1,0,1,0,0,743,24353072,23601144,0,23661298,0,0,0,0,24353072,40719,751928,60154,0,743,24353072,23601144,0,23661298,0,0,0,0,24353072,40719,751928,60154,0
238,0.2379,0.23790001,0.23790003,0.237901,0.237901,11895001,11895002,5242880,5207674,1,0,1,0,0,742,24311422,23661298,0,23713308,0,0,0,0,24311422,35206,650124,52010,0,742,24311422,23661298,0,23713308,0,0,0,0,24311422,35206,650124,52010,0
239,0.2389,0.23890001,0.23890003,0.238901,0.238901,11945001,11945002,5242880,5208518,1,0,1,0,0,743,24347846,23713308,0,23764071,0,0,0,0,24347846,34362,634538,50763,0,743,24347846,23713308,0,23764071,0,0,0,0,24347846,34362,634538,50763,0
240,0.2399,0.23990001,0.23990003,0.239901,0.239901,11995001,11995002,5242880,5216227,1,0,1,0,0,740,24256253,23764071,0,23803446,0,0,0,0,24256253,26653,492182,39375,0,740,24256253,23764071,0,23803446,0,0,0,0,24256253,26653,492182,39375,0
241,0.2409,0.24090001,0.24090003,0.240901,0.240901,12045001,12045002,5242880,5216844,1,0,1,0,0,741,24284234,23803446,0,23841909,0,0,0,0,24284234,26036,480788,38463,0,741,24284234,23803446,0,23841909,0,0,0,0,24284234,26036,480788,38463,0
242,0.2419,0.24190001,0.24190003,0.241901,0.241901,12095001,12095002,5242880,5215973,1,0,1,0,0,743,24338781,23841909,0,23881659,0,0,0,0,24338781,26907,496872,39750,0,743,24338781,23841909,0,23881659,0,0,0,0,24338781,26907,496872,39750,0
243,0.2429,0.24290001,0.24290003,0.242901,0.242901,12145001,12145002,5242880,5221020,1,0,1,0,0,741,24285332,23881659,0,23913953,0,0,0,0,24285332,21860,403673,32294,0,741,24285332,23881659,0,23913953,0,0,0,0,24285332,21860,403673,32294,0
244,0.2439,0.24390001,0.24390003,0.243901,0.243901,12195001,12195002,5242880,5225347,1,0,1,0,0,740,24237722,23913953,0,23939855,0,0,0,0,24237722,17533,323769,25902,0,740,24237722,23913953,0,23939855,0,0,0,0,24237722,17533,323769,25902,0
245,0.2449,0.24490001,0.24490003,0.244901,0.244901,12245001,12245002,5242880,5228366,1,0,1,0,0,739,24207875,23939855,0,23961297,0,0,0,0,24207875,14514,268020,21442,0,739,24207875,23939855,0,23961297,0,0,0,0,24207875,14514,268020,21442,0
246,0.2459,0.24590001,0.24590003,0.245901,0.245901,12295001,12295002,5242880,5230929,1,0,1,0,0,738,24181987,23961297,0,23978952,0,0,0,0,24181987,11951,220690,17655,0,738,24181987,23961297,0,23978952,0,0,0,0,24181987,11951,220690,17655,0
247,0.2469,0.24690001,0.24690003,0.246901,0.246901,12345001,12345002,5242880,5228520,1,0,1,0,0,740,24244128,23978952,0,24000166,0,0,0,0,24244128,14360,265176,21214,0,740,24244128,23978952,0,24000166,0,0,0,0,24244128,14360,265176,21214,0
248,0.2479,0.24790001,0.24790003,0.247901,0.247901,12395001,12395002,5242880,5230020,1,0,1,0,0,740,24237642,24000166,0,24019164,0,0,0,0,24237642,12860,237476,18998,0,740,24237642,24000166,0,24019164,0,0,0,0,24237642,12860,237476,18998,0
249,0.2489,0.24890001,0.24890003,0.248901,0.248901,12445001,12445002,5242880,5230287,1,0,1,0,0,740,24251710,24019164,0,24037768,0,0,0,0,24251710,12593,232546,18604,0,740,24251710,24019164,0,24037768,0,0,0,0,24251710,12593,232546,18604,0
250,0.2499,0.24990001,0.24990003,0.249901,0.249901,12495001,12495002,5242880,5232382,1,0,1,0,0,739,24231627,24037768,0,24053277,0,0,0,0,24231627,10498,193859,15509,0,739,24231627,24037768,0,24053277,0,0,0,0,24231627,10498,193859,15509,0
251,0.2509,0.25090001,0.25090003,0.250901,0.250901,12545001,12545002,5242880,5752565,1,0,1,0,0,447,14641292,24053277,0,23300318,0,0,0,0,14641292,-509685,-9411985,-752959,0,447,14641292,24053277,0,23300318,0,0,0,0,14641292,-509685,-9411985,-752959,0
252,0.2519,0.25190001,0.25190003,0.251901,0.251901,12595001,12595002,5242880,6144250,1,0,1,0,0,203,6655369,23300318,0,21968722,0,0,0,0,6655369,-901370,-16644949,-1331596,0,203,6655369,23300318,0,21968722,0,0,0,0,6655369,-901370,-16644949,-1331596,0
253,0.2529,0.25290001,0.25290003,0.252901,0.252901,12645001,12645002,5242880,6344181,1,0,1,0,0,50,1631791,21968722,0,20341767,0,0,0,0,1631791,-1101301,-20336931,-1626955,0,50,1631791,21968722,0,20341767,0,0,0,0,1631791,-1101301,-20336931,-1626955,0
254,0.2539,0.25390001,0.25390003,0.253901,0.253901,12695001,12695002,5242880,6399437,1,0,1,0,0,-31,-1015536,20341767,0,18633182,0,0,0,0,-1015536,-1156557,-21357303,-1708585,0,-31,-1015536,20341767,0,18633182,0,0,0,0,-1015536,-1156557,-21357303,-1708585,0
255,0.2549,0.25490001,0.25490003,0.254901,0.254901,12745001,12745002,5242880,6394242,1,0,1,0,0,-80,-2628189,18633182,0,16932272,0,0,0,0,-2628189,-1151362,-21261371,-1700910,0,-80,-2628189,18633182,0,16932272,0,0,0,0,-2628189,-1151362,-21261371,-1700910,0
256,0.2559,0.25590001,0.25590003,0.255901,0.255901,12795001,12795002,5242880,6342710,1,0,1,0,0,-103,-3377495,16932272,0,15307490,0,0,0,0,-3377495,-1099830,-20309767,-1624782,0,-103,-3377495,16932272,0,15307490,0,0,0,0,-3377495,-1099830,-20309767,-1624782,0
257,0.2569,0.25690001,0.25690003,0.256901,0.256901,12845001,12845002,5242880,6264146,1,0,1,0,0,-108,-3551492,15307490,0,13798771,0,0,0,0,-3551492,-1021266,-18858982,-1508719,0,-108,-3551492,15307490,0,13798771,0,0,0,0,-3551492,-1021266,-18858982,-1508719,0
258,0.2579,0.25790001,0.25790003,0.257901,0.257901,12895001,12895002,5242880,6178001,1,0,1,0,0,-106,-3469433,13798771,0,12417314,0,0,0,0,-3469433,-935121,-17268204,-1381457,0,-106,-3469433,13798771,0,12417314,0,0,0,0,-3469433,-935121,-17268204,-1381457,0
259,0.2589,0.25890001,0.25890003,0.258901,0.258901,12945001,12945002,5242880,6093398,1,0,1,0,0,-100,-3288588,12417314,0,11160842,0,0,0,0,-3288588,-850518,-15705902,-1256472,0,-100,-3288588,12417314,0,11160842,0,0,0,0,-3288588,-850518,-15705902,-1256472,0
260,0.2599,0.25990001,0.25990003,0.259901,0.259901,12995001,12995002,5242880,6014435,1,0,1,0,0,-94,-3086907,11160842,0,10021022,0,0,0,0,-3086907,-771555,-14247749,-1139820,0,-94,-3086907,11160842,0,10021022,0,0,0,0,-3086907,-771555,-14247749,-1139820,0
261,0.2609,0.26090001,0.26090003,0.260901,0.260901,13045001,13045002,5242880,5938277,1,0,1,0,0,-86,-2820372,10021022,0,8993710,0,0,0,0,-2820372,-695397,-12841394,-1027312,0,-86,-2820372,10021022,0,8993710,0,0,0,0,-2820372,-695397,-12841394,-1027312,0
262,0.2619,0.26190001,0.26190003,0.261901,0.261901,13095001,13095002,5242880,5869991,1,0,1,0,0,-79,-2586696,8993710,0,8067277,0,0,0,0,-2586696,-627111,-11580406,-926433,0,-79,-2586696,8993710,0,8067277,0,0,0,0,-2586696,-627111,-11580406,-926433,0
263,0.2629,0.26290001,0.26290003,0.262901,0.262901,13145001,13145002,5242880,5809935,1,0,1,0,0,-73,-2404118,8067277,0,7229565,0,0,0,0,-2404118,-567055,-10471395,-837712,0,-73,-2404118,8067277,0,7229565,0,0,0,0,-2404118,-567055,-10471395,-837712,0
264,0.2639,0.26390001,0.26390003,0.263901,0.263901,13195001,13195002,5242880,5749308,1,0,1,0,0,-65,-2122275,7229565,0,6481418,0,0,0,0,-2122275,-506428,-9351840,-748147,0,-65,-2122275,7229565,0,6481418,0,0,0,0,-2122275,-506428,-9351840,-748147,0
265,0.2649,0.26490001,0.26490003,0.264901,0.264901,13245001,13245002,5242880,5696177,1,0,1,0,0,-58,-1889290,6481418,0,5811761,0,0,0,0,-1889290,-453297,-8370708,-669657,0,-58,-1889290,6481418,0,5811761,0,0,0,0,-1889290,-453297,-8370708,-669657,0
266,0.2659,0.26590001,0.26590003,0.265901,0.265901,13295001,13295002,5242880,5651032,1,0,1,0,0,-53,-1725287,5811761,0,5208797,0,0,0,0,-1725287,-408152,-7537048,-602964,0,-53,-1725287,5811761,0,5208797,0,0,0,0,-1725287,-408152,-7537048,-602964,0
267,0.2669,0.26690001,0.26690003,0.266901,0.266901,13345001,13345002,5242880,5609651,1,0,1,0,0,-48,-1564098,5208797,0,4666965,0,0,0,0,-1564098,-366771,-6772895,-541832,0,-48,-1564098,5208797,0,4666965,0,0,0,0,-1564098,-366771,-6772895,-541832,0
268,0.2679,0.26790001,0.26790003,0.267901,0.267901,13395001,13395002,5242880,5572861,1,0,1,0,0,-44,-1426556,4666965,0,4179483,0,0,0,0,-1426556,-329981,-6093521,-487482,0,-44,-1426556,4666965,0,4179483,0,0,0,0,-1426556,-329981,-6093521,-487482,0
269,0.2689,0.26890001,0.26890003,0.268901,0.268901,13445001,13445002,5242880,5536084,1,0,1,0,0,-38,-1234904,4179483,0,3746332,0,0,0,0,-1234904,-293204,-5414387,-433151,0,-38,-1234904,4179483,0,3746332,0,0,0,0,-1234904,-293204,-5414387,-433151,0
270,0.2699,0.26990001,0.26990003,0.269901,0.269901,13495001,13495002,5242880,5504819,1,0,1,0,0,-33,-1090706,3746332,0,3359369,0,0,0,0,-1090706,-261939,-4837038,-386963,0,-33,-1090706,3746332,0,3359369,0,0,0,0,-1090706,-261939,-4837038,-386963,0
271,0.2709,0.27090001,0.27090003,0.270901,0.270901,13545001,13545002,5242880,5475343,1,0,1,0,0,-28,-933357,3359369,0,3015951,0,0,0,0,-933357,-232463,-4292726,-343418,0,-28,-933357,3359369,0,3015951,0,0,0,0,-933357,-232463,-4292726,-343418,0
272,0.2719,0.27190001,0.27190003,0.271901,0.271901,13595001,13595002,5242880,5454974,1,0,1,0,0,-27,-900636,3015951,0,2702624,0,0,0,0,-900636,-212094,-3916587,-313327,0,-27,-900636,3015951,0,2702624,0,0,0,0,-900636,-212094,-3916587,-313327,0
273,0.2729,0.27290001,0.27290003,0.272901,0.272901,13645001,13645002,5242880,5435971,1,0,1,0,0,-26,-863048,2702624,0,2417370,0,0,0,0,-863048,-193091,-3565672,-285254,0,-26,-863048,2702624,0,2417370,0,0,0,0,-863048,-193091,-3565672,-285254,0
274,0.2739,0.27390001,0.27390003,0.273901,0.273901,13695001,13695002,5242880,5413092,1,0,1,0,0,-22,-725812,2417370,0,2165915,0,0,0,0,-725812,-170212,-3143182,-251455,0,-22,-725812,2417370,0,2165915,0,0,0,0,-725812,-170212,-3143182,-251455,0
275,0.2749,0.27490001,0.27490003,0.274901,0.274901,13745001,13745002,5242880,5396008,1,0,1,0,0,-20,-661789,2165915,0,1939699,0,0,0,0,-661789,-153128,-2827704,-226216,0,-20,-661789,2165915,0,1939699,0,0,0,0,-661789,-153128,-2827704,-226216,0
276,0.2759,0.27590001,0.27590003,0.275901,0.275901,13795001,13795002,5242880,5378814,1,0,1,0,0,-17,-570496,1939699,0,1738883,0,0,0,0,-570496,-135934,-2510195,-200816,0,-17,-570496,1939699,0,1738883,0,0,0,0,-570496,-135934,-2510195,-200816,0
277,0.2769,0.27690001,0.27690003,0.276901,0.276901,13845001,13845002,5242880,5367043,1,0,1,0,0,-17,-553945,1738883,0,1555457,0,0,0,0,-553945,-124163,-2292828,-183426,0,-17,-553945,1738883,0,1555457,0,0,0,0,-553945,-124163,-2292828,-183426,0
278,0.2779,0.27790001,0.27790003,0.277901,0.277901,13895001,13895002,5242880,5354954,1,0,1,0,0,-16,-514133,1555457,0,1389890,0,0,0,0,-514133,-112074,-2069590,-165567,0,-16,-514133,1555457,0,1389890,0,0,0,0,-514133,-112074,-2069590,-165567,0
279,0.2789,0.27890001,0.27890003,0.278901,0.278901,13945001,13945002,5242880,5339879,1,0,1,0,0,-12,-401321,1389890,0,1246593,0,0,0,0,-401321,-96999,-1791211,-143297,0,-12,-401321,1389890,0,1246593,0,0,0,0,-401321,-96999,-1791211,-143297,0
280,0.2799,0.27990001,0.27990003,0.279901,0.279901,13995001,13995002,5242880,5331433,1,0,1,0,0,-12,-388651,1246593,0,1115773,0,0,0,0,-388651,-88553,-1635244,-130820,0,-12,-388651,1246593,0,1115773,0,0,0,0,-388651,-88553,-1635244,-130820,0
281,0.2809,0.28090001,0.28090003,0.280901,0.280901,14045001,14045002,5242880,5322341,1,0,1,0,0,-11,-351576,1115773,0,998385,0,0,0,0,-351576,-79461,-1467349,-117388,0,-11,-351576,1115773,0,998385,0,0,0,0,-351576,-79461,-1467349,-117388,0
282,0.2819,0.28190001,0.28190003,0.281901,0.281901,14095001,14095002,5242880,5311669,1,0,1,0,0,-8,-271892,998385,0,896763,0,0,0,0,-271892,-68789,-1270277,-101622,0,-8,-271892,998385,0,896763,0,0,0,0,-271892,-68789,-1270277,-101622,0
283,0.2829,0.28290001,0.28290003,0.282901,0.282901,14145001,14145002,5242880,5305536,1,0,1,0,0,-8,-260260,896763,0,804201,0,0,0,0,-260260,-62656,-1157023,-92562,0,-8,-260260,896763,0,804201,0,0,0,0,-260260,-62656,-1157023,-92562,0
284,0.2839,0.28390001,0.28390003,0.283901,0.283901,14195001,14195002,5242880,5296407,1,0,1,0,0,-6,-184243,804201,0,725125,0,0,0,0,-184243,-53527,-988444,-79076,0,-6,-184243,804201,0,725125,0,0,0,0,-184243,-53527,-988444,-79076,0
285,0.2849,0.28490001,0.28490003,0.284901,0.284901,14245001,14245002,5242880,5290047,1,0,1,0,0,-4,-145874,725125,0,655445,0,0,0,0,-145874,-47167,-870999,-69680,0,-4,-145874,725125,0,655445,0,0,0,0,-145874,-47167,-870999,-69680,0
286,0.2859,0.28590001,0.28590003,0.285901,0.285901,14295001,14295002,5242880,5286894,1,0,1,0,0,-5,-157330,655445,0,590423,0,0,0,0,-157330,-44014,-812775,-65022,0,-5,-157330,655445,0,590423,0,0,0,0,-157330,-44014,-812775,-65022,0
287,0.2869,0.28690001,0.28690003,0.286901,0.286901,14345001,14345002,5242880,5284142,1,0,1,0,0,-5,-171533,590423,0,529467,0,0,0,0,-171533,-41262,-761956,-60956,0,-5,-171533,590423,0,529467,0,0,0,0,-171533,-41262,-761956,-60956,0
288,0.2879,0.28790001,0.28790003,0.287901,0.287901,14395001,14395002,5242880,5282987,1,0,1,0,0,-6,-211160,529467,0,470217,0,0,0,0,-211160,-40107,-740627,-59250,0,-6,-211160,529467,0,470217,0,0,0,0,-211160,-40107,-740627,-59250,0
289,0.2889,0.28890001,0.28890003,0.288901,0.288901,14445001,14445002,5242880,5275659,1,0,1,0,0,-4,-135089,470217,0,421792,0,0,0,0,-135089,-32779,-605306,-48425,0,-4,-135089,470217,0,421792,0,0,0,0,-135089,-32779,-605306,-48425,0
290,0.2899,0.28990001,0.28990003,0.289901,0.289901,14495001,14495002,5242880,5270792,1,0,1,0,0,-3,-93639,421792,0,380558,0,0,0,0,-93639,-27912,-515431,-41234,0,-3,-93639,421792,0,380558,0,0,0,0,-93639,-27912,-515431,-41234,0
291,0.2909,0.29090001,0.29090003,0.290901,0.290901,14545001,14545002,5242880,5273326,1,0,1,0,0,-6,-181666,380558,0,335580,0,0,0,0,-181666,-30446,-562224,-44978,0,-6,-181666,380558,0,335580,0,0,0,0,-181666,-30446,-562224,-44978,0
292,0.2919,0.29190001,0.29190003,0.291901,0.291901,14595001,14595002,5242880,5266037,1,0,1,0,0,-3,-92044,335580,0,301370,0,0,0,0,-92044,-23157,-427624,-34210,0,-3,-92044,335580,0,301370,0,0,0,0,-92044,-23157,-427624,-34210,0
293,0.2929,0.29290001,0.29290003,0.292901,0.292901,14645001,14645002,5242880,5265598,1,0,1,0,0,-4,-118147,301370,0,267809,0,0,0,0,-118147,-22718,-419517,-33561,0,-4,-118147,301370,0,267809,0,0,0,0,-118147,-22718,-419517,-33561,0
294,0.2939,0.29390001,0.29390003,0.293901,0.293901,14695001,14695002,5242880,5259643,1,0,1,0,0,-1,-41741,267809,0,243045,0,0,0,0,-41741,-16763,-309550,-24764,0,-1,-41741,267809,0,243045,0,0,0,0,-41741,-16763,-309550,-24764,0
295,0.2949,0.29490001,0.29490003,0.294901,0.294901,14745001,14745002,5242880,5263053,1,0,1,0,0,-4,-129475,243045,0,213243,0,0,0,0,-129475,-20173,-372520,-29802,0,-4,-129475,243045,0,213243,0,0,0,0,-129475,-20173,-372520,-29802,0
296,0.2959,0.29590001,0.29590003,0.295901,0.295901,14795001,14795002,5242880,5255667,1,0,1,0,0,-1,-22885,213243,0,194353,0,0,0,0,-22885,-12787,-236128,-18890,0,-1,-22885,213243,0,194353,0,0,0,0,-22885,-12787,-236128,-18890,0
297,0.2969,0.29690001,0.29690003,0.296901,0.296901,14845001,14845002,5242880,5259425,1,0,1,0,0,-3,-111172,194353,0,169911,0,0,0,0,-111172,-16545,-305525,-24442,0,-3,-111172,194353,0,169911,0,0,0,0,-111172,-16545,-305525,-24442,0
298,0.2979,0.29790001,0.29790003,0.297901,0.297901,14895001,14895002,5242880,5253908,1,0,1,0,0,-1,-33735,169911,0,153619,0,0,0,0,-33735,-11028,-203646,-16292,0,-1,-33735,169911,0,153619,0,0,0,0,-33735,-11028,-203646,-16292,0
299,0.2989,0.29890001,0.29890003,0.298901,0.298901,14945001,14945002,5242880,5255408,1,0,1,0,0,-2,-77727,153619,0,135111,0,0,0,0,-77727,-12528,-231346,-18508,0,-2,-77727,153619,0,135111,0,0,0,0,-77727,-12528,-231346,-18508,0
300,0.2999,0.29990001,0.29990003,0.299901,0.299901,14995001,14995002,5242880,5253633,1,0,1,0,0,-2,-63457,135111,0,119226,0,0,0,0,-63457,-10753,-198568,-15885,0,-2,-63457,135111,0,119226,0,0,0,0,-63457,-10753,-198568,-15885,0
301,0.3009,0.30090001,0.30090003,0.300901,0.300901,15045001,15045002,5195694,5249765,1,0,1,0,0,-27,-879264,119226,0,39347,0,0,0,0,-879264,-54071,-998490,-79879,0,-27,-879264,119226,0,39347,0,0,0,0,-879264,-54071,-998490,-79879,0
302,0.3019,0.30190001,0.30190003,0.301901,0.301901,15095001,15095002,5143265,5230695,1,0,1,0,0,-48,-1575160,39347,0,-89814,0,0,0,0,-1575160,-87430,-1614507,-129161,0,-48,-1575160,39347,0,-89814,0,0,0,0,-1575160,-87430,-1614507,-129161,0
303,0.3029,0.30290001,0.30290003,0.302901,0.302901,15145001,15145002,5090836,5193601,1,0,1,0,0,-61,-1987501,-89814,0,-241629,0,0,0,0,-1987501,-102765,-1897687,-151815,0,-61,-1987501,-89814,0,-241629,0,0,0,0,-1987501,-102765,-1897687,-151815,0
304,0.3039,0.30390001,0.30390003,0.303901,0.303901,15195001,15195002,5038408,5146876,1,0,1,0,0,-69,-2244629,-241629,0,-401869,0,0,0,0,-2244629,-108468,-2003000,-160240,0,-69,-2244629,-241629,0,-401869,0,0,0,0,-2244629,-108468,-2003000,-160240,0
305,0.3049,0.30490001,0.30490003,0.304901,0.304901,15245001,15245002,4985979,5101476,1,0,1,0,0,-77,-2534669,-401869,0,-572493,0,0,0,0,-2534669,-115497,-2132800,-170624,0,-77,-2534669,-401869,0,-572493,0,0,0,0,-2534669,-115497,-2132800,-170624,0
306,0.3059,0.30590001,0.30590003,0.305901,0.305901,15295001,15295002,4933550,5050807,1,0,1,0,0,-84,-2737793,-572493,0,-745717,0,0,0,0,-2737793,-117257,-2165300,-173224,0,-84,-2737793,-572493,0,-745717,0,0,0,0,-2737793,-117257,-2165300,-173224,0
307,0.3069,0.30690001,0.30690003,0.306901,0.306901,15345001,15345002,4881121,4991914,1,0,1,0,0,-85,-2791651,-745717,0,-909392,0,0,0,0,-2791651,-110793,-2045934,-163675,0,-85,-2791651,-745717,0,-909392,0,0,0,0,-2791651,-110793,-2045934,-163675,0
308,0.3079,0.30790001,0.30790003,0.307901,0.307901,15395001,15395002,4828692,4928239,1,0,1,0,0,-84,-2747655,-909392,0,-1056453,0,0,0,0,-2747655,-99547,-1838263,-147061,0,-84,-2747655,-909392,0,-1056453,0,0,0,0,-2747655,-99547,-1838263,-147061,0
309,0.3089,0.30890001,0.30890003,0.308901,0.308901,15445001,15445002,4776264,4862799,1,0,1,0,0,-81,-2654432,-1056453,0,-1184291,0,0,0,0,-2654432,-86535,-1597979,-127838,0,-81,-2654432,-1056453,0,-1184291,0,0,0,0,-2654432,-86535,-1597979,-127838,0
310,0.3099,0.30990001,0.30990003,0.309901,0.309901,15495001,15495002,4723835,4797512,1,0,1,0,0,-78,-2544831,-1184291,0,-1293134,0,0,0,0,-2544831,-73677,-1360540,-108843,0,-78,-2544831,-1184291,0,-1293134,0,0,0,0,-2544831,-73677,-1360540,-108843,0
311,0.3109,0.31090001,0.31090003,0.310901,0.310901,15545001,15545002,4671406,4735707,1,0,1,0,0,-76,-2480534,-1293134,0,-1388126,0,0,0,0,-2480534,-64301,-1187400,-94992,0,-76,-2480534,-1293134,0,-1388126,0,0,0,0,-2480534,-64301,-1187400,-94992,0
312,0.3119,0.31190001,0.31190003,0.311901,0.311901,15595001,15595002,4618977,4672682,1,0,1,0,0,-73,-2379857,-1388126,0,-1467465,0,0,0,0,-2379857,-53705,-991731,-79339,0,-73,-2379857,-1388126,0,-1467465,0,0,0,0,-2379857,-53705,-991731,-79339,0
313,0.3129,0.31290001,0.31290003,0.312901,0.312901,15645001,15645002,4566548,4613796,1,0,1,0,0,-71,-2339960,-1467465,0,-1537265,0,0,0,0,-2339960,-47248,-872495,-69800,0,-71,-2339960,-1467465,0,-1537265,0,0,0,0,-2339960,-47248,-872495,-69800,0
314,0.3139,0.31390001,0.31390003,0.313901,0.313901,15695001,15695002,4514120,4554284,1,0,1,0,0,-70,-2278945,-1537265,0,-1596599,0,0,0,0,-2278945,-40164,-741680,-59334,0,-70,-2278945,-1537265,0,-1596599,0,0,0,0,-2278945,-40164,-741680,-59334,0
315,0.3149,0.31490001,0.31490003,0.314901,0.314901,15745001,15745002,4461691,4497856,1,0,1,0,0,-69,-2264432,-1596599,0,-1650026,0,0,0,0,-2264432,-36165,-667833,-53427,0,-69,-2264432,-1596599,0,-1650026,0,0,0,0,-2264432,-36165,-667833,-53427,0
316,0.3159,0.31590001,0.31590003,0.315901,0.315901,15795001,15795002,4409262,4447095,1,0,1,0,0,-72,-2348661,-1650026,0,-1705917,0,0,0,0,-2348661,-37833,-698635,-55891,0,-72,-2348661,-1650026,0,-1705917,0,0,0,0,-2348661,-37833,-698635,-55891,0
317,0.3169,0.31690001,0.31690003,0.316901,0.316901,15845001,15845002,4356833,4389477,1,0,1,0,0,-70,-2308730,-1705917,0,-1754142,0,0,0,0,-2308730,-32644,-602813,-48225,0,-70,-2308730,-1705917,0,-1754142,0,0,0,0,-2308730,-32644,-602813,-48225,0
318,0.3179,0.31790001,0.31790003,0.317901,0.317901,15895001,15895002,4304404,4331742,1,0,1,0,0,-69,-2258973,-1754142,0,-1794528,0,0,0,0,-2258973,-27338,-504831,-40386,0,-69,-2258973,-1754142,0,-1794528,0,0,0,0,-2258973,-27338,-504831,-40386,0
319,0.3189,0.31890001,0.31890003,0.318901,0.318901,15945001,15945002,4251976,4275746,1,0,1,0,0,-68,-2233471,-1794528,0,-1829643,0,0,0,0,-2233471,-23770,-438943,-35115,0,-68,-2233471,-1794528,0,-1829643,0,0,0,0,-2233471,-23770,-438943,-35115,0
320,0.3199,0.31990001,0.31990003,0.319901,0.319901,15995001,15995002,4199547,4225137,1,0,1,0,0,-70,-2302195,-1829643,0,-1867447,0,0,0,0,-2302195,-25590,-472552,-37804,0,-70,-2302195,-1829643,0,-1867447,0,0,0,0,-2302195,-25590,-472552,-37804,0
321,0.3209,0.32090001,0.32090003,0.320901,0.320901,16045001,16045002,4147118,4169286,1,0,1,0,0,-69,-2276807,-1867447,0,-1900196,0,0,0,0,-2276807,-22168,-409360,-32749,0,-69,-2276807,-1867447,0,-1900196,0,0,0,0,-2276807,-22168,-409360,-32749,0
322,0.3219,0.32190001,0.32190003,0.321901,0.321901,16095001,16095002,4094689,4115060,1,0,1,0,0,-69,-2276373,-1900196,0,-1930290,0,0,0,0,-2276373,-20371,-376177,-30094,0,-69,-2276373,-1900196,0,-1930290,0,0,0,0,-2276373,-20371,-376177,-30094,0
323,0.3229,0.32290001,0.32290003,0.322901,0.322901,16145001,16145002,4042260,4061076,1,0,1,0,0,-70,-2277751,-1930290,0,-1958087,0,0,0,0,-2277751,-18816,-347461,-27797,0,-70,-2277751,-1930290,0,-1958087,0,0,0,0,-2277751,-18816,-347461,-27797,0
324,0.3239,0.32390001,0.32390003,0.323901,0.323901,16195001,16195002,3989832,4007101,1,0,1,0,0,-69,-2276981,-1958087,0,-1983599,0,0,0,0,-2276981,-17269,-318894,-25512,0,-69,-2276981,-1958087,0,-1983599,0,0,0,0,-2276981,-17269,-318894,-25512,0
325,0.3249,0.32490001,0.32490003,0.324901,0.324901,16245001,16245002,3937403,3948002,1,0,1,0,0,-67,-2179323,-1983599,0,-1999257,0,0,0,0,-2179323,-10599,-195724,-15658,0,-67,-2179323,-1983599,0,-1999257,0,0,0,0,-2179323,-10599,-195724,-15658,0
326,0.3259,0.32590001,0.32590003,0.325901,0.325901,16295001,16295002,3884974,3894348,1,0,1,0,0,-66,-2172360,-1999257,0,-2013105,0,0,0,0,-2172360,-9374,-173103,-13848,0,-66,-2172360,-1999257,0,-2013105,0,0,0,0,-2172360,-9374,-173103,-13848,0
327,0.3269,0.32690001,0.32690003,0.326901,0.326901,16345001,16345002,3832545,3841750,1,0,1,0,0,-67,-2183087,-2013105,0,-2026704,0,0,0,0,-2183087,-9205,-169982,-13599,0,-67,-2183087,-2013105,0,-2026704,0,0,0,0,-2183087,-9205,-169982,-13599,0
328,0.3279,0.32790001,0.32790003,0.327901,0.327901,16395001,16395002,3780116,3789726,1,0,1,0,0,-67,-2204165,-2026704,0,-2040901,0,0,0,0,-2204165,-9610,-177461,-14197,0,-67,-2204165,-2026704,0,-2040901,0,0,0,0,-2204165,-9610,-177461,-14197,0
329,0.3289,0.32890001,0.32890003,0.328901,0.328901,16445001,16445002,3727688,3737812,1,0,1,0,0,-68,-2227854,-2040901,0,-2055857,0,0,0,0,-2227854,-10124,-186953,-14956,0,-68,-2227854,-2040901,0,-2055857,0,0,0,0,-2227854,-10124,-186953,-14956,0
330,0.3299,0.32990001,0.32990003,0.329901,0.329901,16495001,16495002,3675259,3684769,1,0,1,0,0,-68,-2231471,-2055857,0,-2069906,0,0,0,0,-2231471,-9510,-175614,-14049,0,-68,-2231471,-2055857,0,-2069906,0,0,0,0,-2231471,-9510,-175614,-14049,0
331,0.3309,0.33090001,0.33090003,0.330901,0.330901,16545001,16545002,3622830,3631833,1,0,1,0,0,-68,-2236158,-2069906,0,-2083206,0,0,0,0,-2236158,-9003,-166252,-13300,0,-68,-2236158,-2069906,0,-2083206,0,0,0,0,-2236158,-9003,-166252,-13300,0
332,0.3319,0.33190001,0.33190003,0.331901,0.331901,16595001,16595002,3570401,3573841,1,0,1,0,0,-66,-2146730,-2083206,0,-2088288,0,0,0,0,-2146730,-3440,-63524,-5082,0,-66,-2146730,-2083206,0,-2088288,0,0,0,0,-2146730,-3440,-63524,-5082,0
333,0.3329,0.33290001,0.33290003,0.332901,0.332901,16645001,16645002,3517972,3525066,1,0,1,0,0,-68,-2219288,-2088288,0,-2098768,0,0,0,0,-2219288,-7094,-131000,-10480,0,-68,-2219288,-2088288,0,-2098768,0,0,0,0,-2219288,-7094,-131000,-10480,0
334,0.3339,0.33390001,0.33390003,0.333901,0.333901,16695001,16695002,3465544,3480039,1,0,1,0,0,-72,-2366437,-2098768,0,-2120182,0,0,0,0,-2366437,-14495,-267669,-21414,0,-72,-2366437,-2098768,0,-2120182,0,0,0,0,-2366437,-14495,-267669,-21414,0
335,0.3349,0.33490001,0.33490003,0.334901,0.334901,16745001,16745002,3413115,3434004,1,0,1,0,0,-76,-2505924,-2120182,0,-2151041,0,0,0,0,-2505924,-20889,-385742,-30859,0,-76,-2505924,-2120182,0,-2151041,0,0,0,0,-2505924,-20889,-385742,-30859,0
336,0.3359,0.33590001,0.33590003,0.335901,0.335901,16795001,16795002,3360686,3379111,1,0,1,0,0,-76,-2491282,-2151041,0,-2178260,0,0,0,0,-2491282,-18425,-340241,-27219,0,-76,-2491282,-2151041,0,-2178260,0,0,0,0,-2491282,-18425,-340241,-27219,0
337,0.3369,0.33690001,0.33690003,0.336901,0.336901,16845001,16845002,3308257,3321648,1,0,1,0,0,-74,-2425542,-2178260,0,-2198043,0,0,0,0,-2425542,-13391,-247282,-19783,0,-74,-2425542,-2178260,0,-2198043,0,0,0,0,-2425542,-13391,-247282,-19783,0
338,0.3379,0.33790001,0.33790003,0.337901,0.337901,16895001,16895002,3255828,3261095,1,0,1,0,0,-70,-2295305,-2198043,0,-2205824,0,0,0,0,-2295305,-5267,-97262,-7781,0,-70,-2295305,-2198043,0,-2205824,0,0,0,0,-2295305,-5267,-97262,-7781,0
339,0.3389,0.33890001,0.33890003,0.338901,0.338901,16945001,16945002,3203400,3205578,1,0,1,0,0,-69,-2246044,-2205824,0,-2209042,0,0,0,0,-2246044,-2178,-40220,-3218,0,-69,-2246044,-2205824,0,-2209042,0,0,0,0,-2246044,-2178,-40220,-3218,0
340,0.3399,0.33990001,0.33990003,0.339901,0.339901,16995001,16995002,3150971,3151465,1,0,1,0,0,-68,-2218164,-2209042,0,-2209772,0,0,0,0,-2218164,-494,-9122,-730,0,-68,-2218164,-2209042,0,-2209772,0,0,0,0,-2218164,-494,-9122,-730,0
341,0.3409,0.34090001,0.34090003,0.340901,0.340901,17045001,17045002,3098542,3100005,1,0,1,0,0,-68,-2236788,-2209772,0,-2211933,0,0,0,0,-2236788,-1463,-27016,-2161,0,-68,-2236788,-2209772,0,-2211933,0,0,0,0,-2236788,-1463,-27016,-2161,0
342,0.3419,0.34190001,0.34190003,0.341901,0.341901,17095001,17095002,3046113,3037931,1,0,1,0,0,-63,-2060842,-2211933,0,-2199846,0,0,0,0,-2060842,8182,151091,12087,0,-63,-2060842,-2211933,0,-2199846,0,0,0,0,-2060842,8182,151091,12087,0
343,0.3429,0.34290001,0.34290003,0.342901,0.342901,17145001,17145002,2993684,2988914,1,0,1,0,0,-64,-2111762,-2199846,0,-2192799,0,0,0,0,-2111762,4770,88084,7047,0,-64,-2111762,-2199846,0,-2192799,0,0,0,0,-2111762,4770,88084,7047,0
344,0.3439,0.34390001,0.34390003,0.343901,0.343901,17195001,17195002,2941256,2939784,1,0,1,0,0,-66,-2165617,-2192799,0,-2190624,0,0,0,0,-2165617,1472,27182,2175,0,-66,-2165617,-2192799,0,-2190624,0,0,0,0,-2165617,1472,27182,2175,0
345,0.3449,0.34490001,0.34490003,0.344901,0.344901,17245001,17245002,2888827,2884781,1,0,1,0,0,-65,-2115909,-2190624,0,-2184647,0,0,0,0,-2115909,4046,74715,5977,0,-65,-2115909,-2190624,0,-2184647,0,0,0,0,-2115909,4046,74715,5977,0
346,0.3459,0.34590001,0.34590003,0.345901,0.345901,17295001,17295002,2836398,2832359,1,0,1,0,0,-64,-2110062,-2184647,0,-2178680,0,0,0,0,-2110062,4039,74585,5967,0,-64,-2110062,-2184647,0,-2178680,0,0,0,0,-2110062,4039,74585,5967,0
347,0.3469,0.34690001,0.34690003,0.346901,0.346901,17345001,17345002,2783969,2785015,1,0,1,0,0,-67,-2197996,-2178680,0,-2180225,0,0,0,0,-2197996,-1046,-19316,-1545,0,-67,-2197996,-2178680,0,-2180225,0,0,0,0,-2197996,-1046,-19316,-1545,0
348,0.3479,0.34790001,0.34790003,0.347901,0.347901,17395001,17395002,2731540,2731061,1,0,1,0,0,-66,-2171380,-2180225,0,-2179517,0,0,0,0,-2171380,479,8845,708,0,-66,-2171380,-2180225,0,-2179517,0,0,0,0,-2171380,479,8845,708,0
349,0.3489,0.34890001,0.34890003,0.348901,0.348901,17445001,17445002,2679112,2678415,1,0,1,0,0,-66,-2166646,-2179517,0,-2178487,0,0,0,0,-2166646,697,12871,1030,0,-66,-2166646,-2179517,0,-2178487,0,0,0,0,-2166646,697,12871,1030,0
350,0.3499,0.34990001,0.34990003,0.349901,0.349901,17495001,17495002,2626683,2625996,1,0,1,0,0,-66,-2165801,-2178487,0,-2177472,0,0,0,0,-2165801,687,12686,1015,0,-66,-2165801,-2178487,0,-2177472,0,0,0,0,-2165801,687,12686,1015,0
351,0.3509,0.35090001,0.35090003,0.350901,0.350901,17545001,17545002,2574254,2575380,1,0,1,0,0,-67,-2198265,-2177472,0,-2179135,0,0,0,0,-2198265,-1126,-20793,-1663,0,-67,-2198265,-2177472,0,-2179135,0,0,0,0,-2198265,-1126,-20793,-1663,0
352,0.3519,0.35190001,0.35190003,0.351901,0.351901,17595001,17595002,2521825,2523298,1,0,1,0,0,-67,-2206336,-2179135,0,-2181311,0,0,0,0,-2206336,-1473,-27201,-2176,0,-67,-2206336,-2179135,0,-2181311,0,0,0,0,-2206336,-1473,-27201,-2176,0
353,0.3529,0.35290001,0.35290003,0.352901,0.352901,17645001,17645002,2469396,2468984,1,0,1,0,0,-66,-2173703,-2181311,0,-2180702,0,0,0,0,-2173703,412,7608,609,0,-66,-2173703,-2181311,0,-2180702,0,0,0,0,-2173703,412,7608,609,0
354,0.3539,0.35390001,0.35390003,0.353901,0.353901,17695001,17695002,2416968,2419256,1,0,1,0,0,-68,-2222953,-2180702,0,-2184082,0,0,0,0,-2222953,-2288,-42251,-3380,0,-68,-2222953,-2180702,0,-2184082,0,0,0,0,-2222953,-2288,-42251,-3380,0
355,0.3549,0.35490001,0.35490003,0.354901,0.354901,17745001,17745002,2364539,2359855,1,0,1,0,0,-64,-2097586,-2184082,0,-2177162,0,0,0,0,-2097586,4684,86496,6920,0,-64,-2097586,-2184082,0,-2177162,0,0,0,0,-2097586,4684,86496,6920,0
356,0.3559,0.35590001,0.35590003,0.355901,0.355901,17795001,17795002,2312110,2309815,1,0,1,0,0,-65,-2134782,-2177162,0,-2173772,0,0,0,0,-2134782,2295,42380,3390,0,-65,-2134782,-2177162,0,-2173772,0,0,0,0,-2134782,2295,42380,3390,0
357,0.3569,0.35690001,0.35690003,0.356901,0.356901,17845001,17845002,2259681,2256336,1,0,1,0,0,-64,-2112002,-2173772,0,-2168830,0,0,0,0,-2112002,3345,61770,4942,0,-64,-2112002,-2173772,0,-2168830,0,0,0,0,-2112002,3345,61770,4942,0
358,0.3579,0.35790001,0.35790003,0.357901,0.357901,17895001,17895002,2207252,2204379,1,0,1,0,0,-65,-2115776,-2168830,0,-2164586,0,0,0,0,-2115776,2873,53054,4244,0,-65,-2115776,-2168830,0,-2164586,0,0,0,0,-2115776,2873,53054,4244,0
359,0.3589,0.35890001,0.35890003,0.358901,0.358901,17945001,17945002,2154824,2155729,1,0,1,0,0,-67,-2181298,-2164586,0,-2165923,0,0,0,0,-2181298,-905,-16712,-1337,0,-67,-2181298,-2164586,0,-2165923,0,0,0,0,-2181298,-905,-16712,-1337,0
360,0.3599,0.35990001,0.35990003,0.359901,0.359901,17995001,17995002,2102395,2103234,1,0,1,0,0,-67,-2181416,-2165923,0,-2167162,0,0,0,0,-2181416,-839,-15493,-1239,0,-67,-2181416,-2165923,0,-2167162,0,0,0,0,-2181416,-839,-15493,-1239,0
361,0.3609,0.36090001,0.36090003,0.360901,0.360901,18045001,18045002,2049966,2051302,1,0,1,0,0,-67,-2191833,-2167162,0,-2169136,0,0,0,0,-2191833,-1336,-24671,-1974,0,-67,-2191833,-2167162,0,-2169136,0,0,0,0,-2191833,-1336,-24671,-1974,0
362,0.3619,0.36190001,0.36190003,0.361901,0.361901,18095001,18095002,1997537,1997853,1,0,1,0,0,-66,-2174971,-2169136,0,-2169603,0,0,0,0,-2174971,-316,-5835,-467,0,-66,-2174971,-2169136,0,-2169603,0,0,0,0,-2174971,-316,-5835,-467,0
363,0.3629,0.36290001,0.36290003,0.362901,0.362901,18145001,18145002,1945108,1947225,1,0,1,0,0,-67,-2208696,-2169603,0,-2172730,0,0,0,0,-2208696,-2117,-39093,-3127,0,-67,-2208696,-2169603,0,-2172730,0,0,0,0,-2208696,-2117,-39093,-3127,0
364,0.3639,0.36390001,0.36390003,0.363901,0.363901,18195001,18195002,1892680,1894325,1,0,1,0,0,-67,-2203107,-2172730,0,-2175160,0,0,0,0,-2203107,-1645,-30377,-2430,0,-67,-2203107,-2172730,0,-2175160,0,0,0,0,-2203107,-1645,-30377,-2430,0
365,0.3649,0.36490001,0.36490003,0.364901,0.364901,18245001,18245002,1840251,1846505,1,0,1,0,0,-70,-2290648,-2175160,0,-2184399,0,0,0,0,-2290648,-6254,-115488,-9239,0,-70,-2290648,-2175160,0,-2184399,0,0,0,0,-2290648,-6254,-115488,-9239,0
366,0.3659,0.36590001,0.36590003,0.365901,0.365901,18295001,18295002,1787822,1805222,1,0,1,0,0,-76,-2505712,-2184399,0,-2210104,0,0,0,0,-2505712,-17400,-321313,-25705,0,-76,-2505712,-2184399,0,-2210104,0,0,0,0,-2505712,-17400,-321313,-25705,0
367,0.3669,0.36690001,0.36690003,0.366901,0.366901,18345001,18345002,1735393,1749882,1,0,1,0,0,-76,-2477662,-2210104,0,-2231509,0,0,0,0,-2477662,-14489,-267558,-21405,0,-76,-2477662,-2210104,0,-2231509,0,0,0,0,-2477662,-14489,-267558,-21405,0
368,0.3679,0.36790001,0.36790003,0.367901,0.367901,18395001,18395002,1682964,1692102,1,0,1,0,0,-73,-2400254,-2231509,0,-2245009,0,0,0,0,-2400254,-9138,-168745,-13500,0,-73,-2400254,-2231509,0,-2245009,0,0,0,0,-2400254,-9138,-168745,-13500,0
369,0.3689,0.36890001,0.36890003,0.368901,0.368901,18445001,18445002,1630536,1632924,1,0,1,0,0,-70,-2289106,-2245009,0,-2248537,0,0,0,0,-2289106,-2388,-44097,-3528,0,-70,-2289106,-2245009,0,-2248537,0,0,0,0,-2289106,-2388,-44097,-3528,0
370,0.3699,0.36990001,0.36990003,0.369901,0.369901,18495001,18495002,1578107,1578121,1,0,1,0,0,-69,-2248796,-2248537,0,-2248558,0,0,0,0,-2248796,-14,-259,-21,0,-69,-2248796,-2248537,0,-2248558,0,0,0,0,-2248796,-14,-259,-21,0
371,0.3709,0.37090001,0.37090003,0.370901,0.370901,18545001,18545002,1525678,1521451,1,0,1,0,0,-66,-2170501,-2248558,0,-2242313,0,0,0,0,-2170501,4227,78057,6245,0,-66,-2170501,-2248558,0,-2242313,0,0,0,0,-2170501,4227,78057,6245,0
372,0.3719,0.37190001,0.37190003,0.371901,0.371901,18595001,18595002,1473249,1469933,1,0,1,0,0,-67,-2181079,-2242313,0,-2237414,0,0,0,0,-2181079,3316,61234,4899,0,-67,-2181079,-2242313,0,-2237414,0,0,0,0,-2181079,3316,61234,4899,0
373,0.3729,0.37290001,0.37290003,0.372901,0.372901,18645001,18645002,1420820,1415768,1,0,1,0,0,-65,-2144122,-2237414,0,-2229951,0,0,0,0,-2144122,5052,93292,7463,0,-65,-2144122,-2237414,0,-2229951,0,0,0,0,-2144122,5052,93292,7463,0
374,0.3739,0.37390001,0.37390003,0.373901,0.373901,18695001,18695002,1368392,1364222,1,0,1,0,0,-66,-2152947,-2229951,0,-2223791,0,0,0,0,-2152947,4170,77004,6160,0,-66,-2152947,-2229951,0,-2223791,0,0,0,0,-2152947,4170,77004,6160,0
375,0.3749,0.37490001,0.37490003,0.374901,0.374901,18745001,18745002,1315963,1311247,1,0,1,0,0,-65,-2136704,-2223791,0,-2216824,0,0,0,0,-2136704,4716,87087,6967,0,-65,-2136704,-2223791,0,-2216824,0,0,0,0,-2136704,4716,87087,6967,0
376,0.3759,0.37590001,0.37590003,0.375901,0.375901,18795001,18795002,1263534,1258029,1,0,1,0,0,-65,-2115167,-2216824,0,-2208691,0,0,0,0,-2115167,5505,101657,8133,0,-65,-2115167,-2216824,0,-2208691,0,0,0,0,-2115167,5505,101657,8133,0
377,0.3769,0.37690001,0.37690003,0.376901,0.376901,18845001,18845002,1211105,1206060,1,0,1,0,0,-65,-2115529,-2208691,0,-2201238,0,0,0,0,-2115529,5045,93162,7453,0,-65,-2115529,-2208691,0,-2201238,0,0,0,0,-2115529,5045,93162,7453,0
378,0.3779,0.37790001,0.37790003,0.377901,0.377901,18895001,18895002,1158676,1155521,1,0,1,0,0,-65,-2142977,-2201238,0,-2196577,0,0,0,0,-2142977,3155,58261,4661,0,-65,-2142977,-2201238,0,-2196577,0,0,0,0,-2142977,3155,58261,4661,0
379,0.3789,0.37890001,0.37890003,0.378901,0.378901,18945001,18945002,1106248,1104798,1,0,1,0,0,-66,-2169801,-2196577,0,-2194435,0,0,0,0,-2169801,1450,26776,2142,0,-66,-2169801,-2196577,0,-2194435,0,0,0,0,-2169801,1450,26776,2142,0
380,0.3799,0.37990001,0.37990003,0.379901,0.379901,18995001,18995002,1053819,1050709,1,0,1,0,0,-65,-2137005,-2194435,0,-2189841,0,0,0,0,-2137005,3110,57430,4594,0,-65,-2137005,-2194435,0,-2189841,0,0,0,0,-2137005,3110,57430,4594,0
381,0.3809,0.38090001,0.38090003,0.380901,0.380901,19045001,19045002,1001390,1000227,1,0,1,0,0,-66,-2168365,-2189841,0,-2188123,0,0,0,0,-2168365,1163,21476,1718,0,-66,-2168365,-2189841,0,-2188123,0,0,0,0,-2168365,1163,21476,1718,0
382,0.3819,0.38190001,0.38190003,0.381901,0.381901,19095001,19095002,948961,950390,1,0,1,0,0,-68,-2214511,-2188123,0,-2190234,0,0,0,0,-2214511,-1429,-26388,-2111,0,-68,-2214511,-2188123,0,-2190234,0,0,0,0,-2214511,-1429,-26388,-2111,0
383,0.3829,0.38290001,0.38290003,0.382901,0.382901,19145001,19145002,896532,896703,1,0,1,0,0,-67,-2193392,-2190234,0,-2190487,0,0,0,0,-2193392,-171,-3158,-253,0,-67,-2193392,-2190234,0,-2190487,0,0,0,0,-2193392,-171,-3158,-253,0
384,0.3839,0.38390001,0.38390003,0.383901,0.383901,19195001,19195002,844104,841648,1,0,1,0,0,-65,-2145134,-2190487,0,-2186859,0,0,0,0,-2145134,2456,45353,3628,0,-65,-2145134,-2190487,0,-2186859,0,0,0,0,-2145134,2456,45353,3628,0
385,0.3849,0.38490001,0.38490003,0.384901,0.384901,19245001,19245002,791675,786934,1,0,1,0,0,-64,-2099310,-2186859,0,-2179855,0,0,0,0,-2099310,4741,87549,7004,0,-64,-2099310,-2186859,0,-2179855,0,0,0,0,-2099310,4741,87549,7004,0
386,0.3859,0.38590001,0.38590003,0.385901,0.385901,19295001,19295002,739246,735940,1,0,1,0,0,-65,-2118805,-2179855,0,-2174971,0,0,0,0,-2118805,3306,61050,4884,0,-65,-2118805,-2179855,0,-2174971,0,0,0,0,-2118805,3306,61050,4884,0
387,0.3869,0.38690001,0.38690003,0.386901,0.386901,19345001,19345002,686817,683440,1,0,1,0,0,-64,-2112610,-2174971,0,-2169982,0,0,0,0,-2112610,3377,62361,4989,0,-64,-2112610,-2174971,0,-2169982,0,0,0,0,-2112610,3377,62361,4989,0
388,0.3879,0.38790001,0.38790003,0.387901,0.387901,19395001,19395002,634388,633933,1,0,1,0,0,-66,-2161580,-2169982,0,-2169310,0,0,0,0,-2161580,455,8402,672,0,-66,-2161580,-2169982,0,-2169310,0,0,0,0,-2161580,455,8402,672,0
389,0.3889,0.38890001,0.38890003,0.388901,0.388901,19445001,19445002,581960,583368,1,0,1,0,0,-67,-2195311,-2169310,0,-2171390,0,0,0,0,-2195311,-1408,-26001,-2080,0,-67,-2195311,-2169310,0,-2171390,0,0,0,0,-2195311,-1408,-26001,-2080,0
390,0.3899,0.38990001,0.38990003,0.389901,0.389901,19495001,19495002,529531,529937,1,0,1,0,0,-66,-2178887,-2171390,0,-2171990,0,0,0,0,-2178887,-406,-7497,-600,0,-66,-2178887,-2171390,0,-2171990,0,0,0,0,-2178887,-406,-7497,-600,0
391,0.3909,0.39090001,0.39090003,0.390901,0.390901,19545001,19545002,477102,477329,1,0,1,0,0,-66,-2176182,-2171990,0,-2172325,0,0,0,0,-2176182,-227,-4192,-335,0,-66,-2176182,-2171990,0,-2172325,0,0,0,0,-2176182,-227,-4192,-335,0
392,0.3919,0.39190001,0.39190003,0.391901,0.391901,19595001,19595002,424673,422390,1,0,1,0,0,-65,-2130166,-2172325,0,-2168952,0,0,0,0,-2130166,2283,42159,3373,0,-65,-2130166,-2172325,0,-2168952,0,0,0,0,-2130166,2283,42159,3373,0
393,0.3929,0.39290001,0.39290003,0.392901,0.392901,19645001,19645002,372244,377731,1,0,1,0,0,-69,-2270276,-2168952,0,-2177058,0,0,0,0,-2270276,-5487,-101324,-8106,0,-69,-2270276,-2168952,0,-2177058,0,0,0,0,-2270276,-5487,-101324,-8106,0
394,0.3939,0.39390001,0.39390003,0.393901,0.393901,19695001,19695002,319816,326778,1,0,1,0,0,-70,-2305620,-2177058,0,-2187343,0,0,0,0,-2305620,-6962,-128562,-10285,0,-70,-2305620,-2177058,0,-2187343,0,0,0,0,-2305620,-6962,-128562,-10285,0
395,0.3949,0.39490001,0.39490003,0.394901,0.394901,19745001,19745002,267387,277382,1,0,1,0,0,-72,-2371913,-2187343,0,-2202109,0,0,0,0,-2371913,-9995,-184570,-14766,0,-72,-2371913,-2187343,0,-2202109,0,0,0,0,-2371913,-9995,-184570,-14766,0
396,0.3959,0.39590001,0.39590003,0.395901,0.395901,19795001,19795002,214958,233875,1,0,1,0,0,-78,-2551436,-2202109,0,-2230055,0,0,0,0,-2551436,-18917,-349327,-27946,0,-78,-2551436,-2202109,0,-2230055,0,0,0,0,-2551436,-18917,-349327,-27946,0
397,0.3969,0.39690001,0.39690003,0.396901,0.396901,19845001,19845002,162529,173268,1,0,1,0,0,-74,-2428364,-2230055,0,-2245920,0,0,0,0,-2428364,-10739,-198309,-15865,0,-74,-2428364,-2230055,0,-2245920,0,0,0,0,-2428364,-10739,-198309,-15865,0
398,0.3979,0.39790001,0.39790003,0.397901,0.397901,19895001,19895002,110100,116616,1,0,1,0,0,-72,-2366246,-2245920,0,-2255546,0,0,0,0,-2366246,-6516,-120326,-9626,0,-72,-2366246,-2245920,0,-2255546,0,0,0,0,-2366246,-6516,-120326,-9626,0
399,0.3989,0.39890001,0.39890003,0.398901,0.398901,19945001,19945002,57672,58294,1,0,1,0,0,-69,-2267032,-2255546,0,-2256465,0,0,0,0,-2267032,-622,-11486,-919,0,-69,-2267032,-2255546,0,-2256465,0,0,0,0,-2267032,-622,-11486,-919,0
400,0.3999,0.39990001,0.39990003,0.399901,0.399901,19995001,19995002,5243,3530,1,0,1,0,0,-68,-2224832,-2256465,0,-2253934,0,0,0,0,-2224832,1713,31633,2531,0,-68,-2224832,-2256465,0,-2253934,0,0,0,0,-2224832,1713,31633,2531,0
401,0.4009,0.40090001,0.40090003,0.400901,0.400901,20045001,20045002,0,-49976,1,0,1,0,0,-41,-1331063,-2253934,0,-2180104,0,0,0,0,-1331063,49976,922871,73830,0,-41,-1331063,-2253934,0,-2180104,0,0,0,0,-1331063,49976,922871,73830,0
402,0.4019,0.40190001,0.40190003,0.401901,0.401901,20095001,20095002,0,-85877,1,0,1,0,0,-18,-594275,-2180104,0,-2053238,0,0,0,0,-594275,85877,1585829,126866,0,-18,-594275,-2180104,0,-2053238,0,0,0,0,-594275,85877,1585829,126866,0
403,0.4029,0.40290001,0.40290003,0.402901,0.402901,20145001,20145002,0,-101553,1,0,1,0,0,-5,-177932,-2053238,0,-1903213,0,0,0,0,-177932,101553,1875306,150025,0,-5,-177932,-2053238,0,-1903213,0,0,0,0,-177932,101553,1875306,150025,0
404,0.4039,0.40390001,0.40390003,0.403901,0.403901,20195001,20195002,0,-104938,1,0,1,0,0,1,34601,-1903213,0,-1748188,0,0,0,0,34601,104938,1937814,155025,0,1,34601,-1903213,0,-1748188,0,0,0,0,34601,104938,1937814,155025,0
405,0.4049,0.40490001,0.40490003,0.404901,0.404901,20245001,20245002,0,-110822,1,0,1,0,0,9,298282,-1748188,0,-1584470,0,0,0,0,298282,110822,2046470,163718,0,9,298282,-1748188,0,-1584470,0,0,0,0,298282,110822,2046470,163718,0
406,0.4059,0.40590001,0.40590003,0.405901,0.405901,20295001,20295002,0,-100469,1,0,1,0,0,8,270818,-1584470,0,-1436047,0,0,0,0,270818,100469,1855288,148423,0,8,270818,-1584470,0,-1436047,0,0,0,0,270818,100469,1855288,148423,0
407,0.4069,0.40690001,0.40690003,0.406901,0.406901,20345001,20345002,0,-90965,1,0,1,0,0,7,243738,-1436047,0,-1301664,0,0,0,0,243738,90965,1679785,134383,0,7,243738,-1436047,0,-1301664,0,0,0,0,243738,90965,1679785,134383,0
408,0.4079,0.40790001,0.40790003,0.407901,0.407901,20395001,20395002,0,-91406,1,0,1,0,0,12,386265,-1301664,0,-1166630,0,0,0,0,386265,91406,1687929,135034,0,12,386265,-1301664,0,-1166630,0,0,0,0,386265,91406,1687929,135034,0
409,0.4089,0.40890001,0.40890003,0.408901,0.408901,20445001,20445002,0,-81364,1,0,1,0,0,10,335860,-1166630,0,-1046431,0,0,0,0,335860,81364,1502490,120199,0,10,335860,-1166630,0,-1046431,0,0,0,0,335860,81364,1502490,120199,0
410,0.4099,0.40990001,0.40990003,0.409901,0.409901,20495001,20495002,0,-69745,1,0,1,0,0,7,241500,-1046431,0,-943397,0,0,0,0,241500,69745,1287931,103034,0,7,241500,-1046431,0,-943397,0,0,0,0,241500,69745,1287931,103034,0
411,0.4109,0.41090001,0.41090003,0.410901,0.410901,20545001,20545002,0,-59011,1,0,1,0,0,4,146317,-943397,0,-856220,0,0,0,0,146317,59011,1089714,87177,0,4,146317,-943397,0,-856220,0,0,0,0,146317,59011,1089714,87177,0
412,0.4119,0.41190001,0.41190003,0.411901,0.411901,20595001,20595002,0,-59426,1,0,1,0,0,7,241157,-856220,0,-768430,0,0,0,0,241157,59426,1097377,87790,0,7,241157,-856220,0,-768430,0,0,0,0,241157,59426,1097377,87790,0
413,0.4129,0.41290001,0.41290003,0.412901,0.412901,20645001,20645002,0,-53789,1,0,1,0,0,7,224853,-768430,0,-688967,0,0,0,0,224853,53789,993283,79463,0,7,224853,-768430,0,-688967,0,0,0,0,224853,53789,993283,79463,0
414,0.4139,0.41390001,0.41390003,0.413901,0.413901,20695001,20695002,0,-46365,1,0,1,0,0,5,167222,-688967,0,-620472,0,0,0,0,167222,46365,856189,68495,0,5,167222,-688967,0,-620472,0,0,0,0,167222,46365,856189,68495,0
415,0.4149,0.41490001,0.41490003,0.414901,0.414901,20745001,20745002,0,-40803,1,0,1,0,0,4,133008,-620472,0,-560194,0,0,0,0,133008,40803,753480,60278,0,4,133008,-620472,0,-560194,0,0,0,0,133008,40803,753480,60278,0
416,0.4159,0.41590001,0.41590003,0.415901,0.415901,20795001,20795002,0,-50491,1,0,1,0,0,11,372187,-560194,0,-485604,0,0,0,0,372187,50491,932381,74590,0,11,372187,-560194,0,-485604,0,0,0,0,372187,50491,932381,74590,0
417,0.4169,0.41690001,0.41690003,0.416901,0.416901,20845001,20845002,0,-47371,1,0,1,0,0,12,389162,-485604,0,-415623,0,0,0,0,389162,47371,874766,69981,0,12,389162,-485604,0,-415623,0,0,0,0,389162,47371,874766,69981,0
418,0.4179,0.41790001,0.41790003,0.417901,0.417901,20895001,20895002,0,-41307,1,0,1,0,0,11,347164,-415623,0,-354600,0,0,0,0,347164,41307,762787,61023,0,11,347164,-415623,0,-354600,0,0,0,0,347164,41307,762787,61023,0
419,0.4189,0.41890001,0.41890003,0.418901,0.418901,20945001,20945002,0,-35160,1,0,1,0,0,9,294674,-354600,0,-302658,0,0,0,0,294674,35160,649274,51942,0,9,294674,-354600,0,-302658,0,0,0,0,294674,35160,649274,51942,0
420,0.4199,0.41990001,0.41990003,0.419901,0.419901,20995001,20995002,0,-29674,1,0,1,0,0,7,245310,-302658,0,-258821,0,0,0,0,245310,29674,547968,43837,0,7,245310,-302658,0,-258821,0,0,0,0,245310,29674,547968,43837,0
421,0.4209,0.42090001,0.42090003,0.420901,0.420901,21045001,21045002,0,-24968,1,0,1,0,0,6,202245,-258821,0,-221936,0,0,0,0,202245,24968,461066,36885,0,6,202245,-258821,0,-221936,0,0,0,0,202245,24968,461066,36885,0
422,0.4219,0.42190001,0.42190003,0.421901,0.421901,21095001,21095002,0,-20985,1,0,1,0,0,5,165579,-221936,0,-190935,0,0,0,0,165579,20985,387515,31001,0,5,165579,-221936,0,-190935,0,0,0,0,165579,20985,387515,31001,0
423,0.4229,0.42290001,0.42290003,0.422901,0.422901,21145001,21145002,0,-17630,1,0,1,0,0,4,134625,-190935,0,-164890,0,0,0,0,134625,17630,325560,26045,0,4,134625,-190935,0,-164890,0,0,0,0,134625,17630,325560,26045,0
424,0.4239,0.42390001,0.42390003,0.423901,0.423901,21195001,21195002,0,-14810,1,0,1,0,0,3,108596,-164890,0,-143011,0,0,0,0,108596,14810,273486,21879,0,3,108596,-164890,0,-143011,0,0,0,0,108596,14810,273486,21879,0
425,0.4249,0.42490001,0.42490003,0.424901,0.424901,21245001,21245002,0,-12440,1,0,1,0,0,3,86709,-143011,0,-124633,0,0,0,0,86709,12440,229720,18378,0,3,86709,-143011,0,-124633,0,0,0,0,86709,12440,229720,18378,0
426,0.4259,0.42590001,0.42590003,0.425901,0.425901,21295001,21295002,0,-10449,1,0,1,0,0,2,68321,-124633,0,-109197,0,0,0,0,68321,10449,192954,15436,0,2,68321,-124633,0,-109197,0,0,0,0,68321,10449,192954,15436,0
427,0.4269,0.42690001,0.42690003,0.426901,0.426901,21345001,21345002,0,-8776,1,0,1,0,0,2,52863,-109197,0,-96232,0,0,0,0,52863,8776,162060,12965,0,2,52863,-109197,0,-96232,0,0,0,0,52863,8776,162060,12965,0
428,0.4279,0.42790001,0.42790003,0.427901,0.427901,21395001,21395002,0,-7372,1,0,1,0,0,1,39901,-96232,0,-85341,0,0,0,0,39901,7372,136133,10891,0,1,39901,-96232,0,-85341,0,0,0,0,39901,7372,136133,10891,0
429,0.4289,0.42890001,0.42890003,0.428901,0.428901,21445001,21445002,0,-6192,1,0,1,0,0,1,29002,-85341,0,-76194,0,0,0,0,29002,6192,114343,9147,0,1,29002,-85341,0,-76194,0,0,0,0,29002,6192,114343,9147,0
430,0.4299,0.42990001,0.42990003,0.429901,0.429901,21495001,21495002,0,-5201,1,0,1,0,0,1,19849,-76194,0,-68511,0,0,0,0,19849,5201,96043,7683,0,1,19849,-76194,0,-68511,0,0,0,0,19849,5201,96043,7683,0
431,0.4309,0.43090001,0.43090003,0.430901,0.430901,21545001,21545002,0,-4368,1,0,1,0,0,0,12150,-68511,0,-62058,0,0,0,0,12150,4368,80661,6453,0,0,12150,-68511,0,-62058,0,0,0,0,12150,4368,80661,6453,0
432,0.4319,0.43190001,0.43190003,0.431901,0.431901,21595001,21595002,0,-3669,1,0,1,0,0,0,5695,-62058,0,-56638,0,0,0,0,5695,3669,67753,5420,0,0,5695,-62058,0,-56638,0,0,0,0,5695,3669,67753,5420,0
433,0.4329,0.43290001,0.43290003,0.432901,0.432901,21645001,21645002,0,-3082,1,0,1,0,0,0,275,-56638,0,-52085,0,0,0,0,275,3082,56913,4553,0,0,275,-56638,0,-52085,0,0,0,0,275,3082,56913,4553,0
434,0.4339,0.43390001,0.43390003,0.433901,0.433901,21695001,21695002,0,-2589,1,0,1,0,0,0,-4276,-52085,0,-48260,0,0,0,0,-4276,2589,47809,3825,0,0,-4276,-52085,0,-48260,0,0,0,0,-4276,2589,47809,3825,0
435,0.4349,0.43490001,0.43490003,0.434901,0.434901,21745001,21745002,0,-2174,1,0,1,0,0,0,-8114,-48260,0,-45048,0,0,0,0,-8114,2174,40146,3212,0,0,-8114,-48260,0,-45048,0,0,0,0,-8114,2174,40146,3212,0
436,0.4359,0.43590001,0.43590003,0.435901,0.435901,21795001,21795002,0,-1826,1,0,1,0,0,0,-11329,-45048,0,-42350,0,0,0,0,-11329,1826,33719,2698,0,0,-11329,-45048,0,-42350,0,0,0,0,-11329,1826,33719,2698,0
437,0.4369,0.43690001,0.43690003,0.436901,0.436901,21845001,21845002,0,-1534,1,0,1,0,0,0,-14023,-42350,0,-40084,0,0,0,0,-14023,1534,28327,2266,0,0,-14023,-42350,0,-40084,0,0,0,0,-14023,1534,28327,2266,0
438,0.4379,0.43790001,0.43790003,0.437901,0.437901,21895001,21895002,0,-1288,1,0,1,0,0,0,-16299,-40084,0,-38181,0,0,0,0,-16299,1288,23785,1903,0,0,-16299,-40084,0,-38181,0,0,0,0,-16299,1288,23785,1903,0
439,0.4389,0.43890001,0.43890003,0.438901,0.438901,21945001,21945002,0,-1082,1,0,1,0,0,-1,-18200,-38181,0,-36583,0,0,0,0,-18200,1082,19981,1598,0,-1,-18200,-38181,0,-36583,0,0,0,0,-18200,1082,19981,1598,0
440,0.4399,0.43990001,0.43990003,0.439901,0.439901,21995001,21995002,0,-909,1,0,1,0,0,-1,-19797,-36583,0,-35240,0,0,0,0,-19797,909,16786,1343,0,-1,-19797,-36583,0,-35240,0,0,0,0,-19797,909,16786,1343,0
441,0.4409,0.44090001,0.44090003,0.440901,0.440901,22045001,22045002,0,-764,1,0,1,0,0,-1,-21132,-35240,0,-34111,0,0,0,0,-21132,764,14108,1129,0,-1,-21132,-35240,0,-34111,0,0,0,0,-21132,764,14108,1129,0
442,0.4419,0.44190001,0.44190003,0.441901,0.441901,22095001,22095002,0,-641,1,0,1,0,0,-1,-22274,-34111,0,-33164,0,0,0,0,-22274,641,11837,947,0,-1,-22274,-34111,0,-33164,0,0,0,0,-22274,641,11837,947,0
443,0.4429,0.44290001,0.44290003,0.442901,0.442901,22145001,22145002,0,-539,1,0,1,0,0,-1,-23211,-33164,0,-32368,0,0,0,0,-23211,539,9953,796,0,-1,-23211,-33164,0,-32368,0,0,0,0,-23211,539,9953,796,0
444,0.4439,0.44390001,0.44390003,0.443901,0.443901,22195001,22195002,0,-452,1,0,1,0,0,-1,-24021,-32368,0,-31700,0,0,0,0,-24021,452,8347,668,0,-1,-24021,-32368,0,-31700,0,0,0,0,-24021,452,8347,668,0
445,0.4449,0.44490001,0.44490003,0.444901,0.444901,22245001,22245002,0,-380,1,0,1,0,0,-1,-24683,-31700,0,-31139,0,0,0,0,-24683,380,7017,561,0,-1,-24683,-31700,0,-31139,0,0,0,0,-24683,380,7017,561,0
446,0.4459,0.44590001,0.44590003,0.445901,0.445901,22295001,22295002,0,-319,1,0,1,0,0,-1,-25248,-31139,0,-30668,0,0,0,0,-25248,319,5891,471,0,-1,-25248,-31139,0,-30668,0,0,0,0,-25248,319,5891,471,0
447,0.4469,0.44690001,0.44690003,0.446901,0.446901,22345001,22345002,0,-268,1,0,1,0,0,-1,-25719,-30668,0,-30272,0,0,0,0,-25719,268,4949,396,0,-1,-25719,-30668,0,-30272,0,0,0,0,-25719,268,4949,396,0
448,0.4479,0.44790001,0.44790003,0.447901,0.447901,22395001,22395002,0,-225,1,0,1,0,0,-1,-26117,-30272,0,-29940,0,0,0,0,-26117,225,4155,332,0,-1,-26117,-30272,0,-29940,0,0,0,0,-26117,225,4155,332,0
449,0.4489,0.44890001,0.44890003,0.448901,0.448901,22445001,22445002,0,-189,1,0,1,0,0,-1,-26450,-29940,0,-29661,0,0,0,0,-26450,189,3490,279,0,-1,-26450,-29940,0,-29661,0,0,0,0,-26450,189,3490,279,0
450,0.4499,0.44990001,0.44990003,0.449901,0.449901,22495001,22495002,0,-159,1,0,1,0,0,-1,-26725,-29661,0,-29426,0,0,0,0,-26725,159,2936,235,0,-1,-26725,-29661,0,-29426,0,0,0,0,-26725,159,2936,235,0
451,0.4509,0.45090001,0.45090003,0.450901,0.450901,22545001,22545002,0,-133,1,0,1,0,0,-1,-26970,-29426,0,-29230,0,0,0,0,-26970,133,2456,196,0,-1,-26970,-29426,0,-29230,0,0,0,0,-26970,133,2456,196,0
452,0.4519,0.45190001,0.45190003,0.451901,0.451901,22595001,22595002,0,-112,1,0,1,0,0,-1,-27162,-29230,0,-29065,0,0,0,0,-27162,112,2068,165,0,-1,-27162,-29230,0,-29065,0,0,0,0,-27162,112,2068,165,0
453,0.4529,0.45290001,0.45290003,0.452901,0.452901,22645001,22645002,0,-94,1,0,1,0,0,-1,-27329,-29065,0,-28926,0,0,0,0,-27329,94,1736,139,0,-1,-27329,-29065,0,-28926,0,0,0,0,-27329,94,1736,139,0
454,0.4539,0.45390001,0.45390003,0.453901,0.453901,22695001,22695002,0,-79,1,0,1,0,0,-1,-27467,-28926,0,-28809,0,0,0,0,-27467,79,1459,117,0,-1,-27467,-28926,0,-28809,0,0,0,0,-27467,79,1459,117,0
455,0.4549,0.45490001,0.45490003,0.454901,0.454901,22745001,22745002,0,-66,1,0,1,0,0,-1,-27590,-28809,0,-28711,0,0,0,0,-27590,66,1219,98,0,-1,-27590,-28809,0,-28711,0,0,0,0,-27590,66,1219,98,0
456,0.4559,0.45590001,0.45590003,0.455901,0.455901,22795001,22795002,0,-56,1,0,1,0,0,-1,-27677,-28711,0,-28628,0,0,0,0,-27677,56,1034,83,0,-1,-27677,-28711,0,-28628,0,0,0,0,-27677,56,1034,83,0
457,0.4569,0.45690001,0.45690003,0.456901,0.456901,22845001,22845002,0,-47,1,0,1,0,0,-1,-27760,-28628,0,-28559,0,0,0,0,-27760,47,868,69,0,-1,-27760,-28628,0,-28559,0,0,0,0,-27760,47,868,69,0
458,0.4579,0.45790001,0.45790003,0.457901,0.457901,22895001,22895002,0,-39,1,0,1,0,0,-1,-27839,-28559,0,-28501,0,0,0,0,-27839,39,720,58,0,-1,-27839,-28559,0,-28501,0,0,0,0,-27839,39,720,58,0
459,0.4589,0.45890001,0.45890003,0.458901,0.458901,22945001,22945002,0,-33,1,0,1,0,0,-1,-27892,-28501,0,-28452,0,0,0,0,-27892,33,609,49,0,-1,-27892,-28501,0,-28452,0,0,0,0,-27892,33,609,49,0
460,0.4599,0.45990001,0.45990003,0.459901,0.459901,22995001,22995002,0,-28,1,0,1,0,0,-1,-27935,-28452,0,-28411,0,0,0,0,-27935,28,517,41,0,-1,-27935,-28452,0,-28411,0,0,0,0,-27935,28,517,41,0
461,0.4609,0.46090001,0.46090003,0.460901,0.460901,23045001,23045002,0,-23,1,0,1,0,0,-1,-27986,-28411,0,-28377,0,0,0,0,-27986,23,425,34,0,-1,-27986,-28411,0,-28377,0,0,0,0,-27986,23,425,34,0
462,0.4619,0.46190001,0.46190003,0.461901,0.461901,23095001,23095002,0,-20,1,0,1,0,0,-1,-28008,-28377,0,-28347,0,0,0,0,-28008,20,369,30,0,-1,-28008,-28377,0,-28347,0,0,0,0,-28008,20,369,30,0
463,0.4629,0.46290001,0.46290003,0.462901,0.462901,23145001,23145002,0,-16,1,0,1,0,0,-1,-28052,-28347,0,-28323,0,0,0,0,-28052,16,295,24,0,-1,-28052,-28347,0,-28323,0,0,0,0,-28052,16,295,24,0
464,0.4639,0.46390001,0.46390003,0.463901,0.463901,23195001,23195002,0,-14,1,0,1,0,0,-1,-28064,-28323,0,-28302,0,0,0,0,-28064,14,259,21,0,-1,-28064,-28323,0,-28302,0,0,0,0,-28064,14,259,21,0
465,0.4649,0.46490001,0.46490003,0.464901,0.464901,23245001,23245002,0,-12,1,0,1,0,0,-1,-28080,-28302,0,-28284,0,0,0,0,-28080,12,222,18,0,-1,-28080,-28302,0,-28284,0,0,0,0,-28080,12,222,18,0
466,0.4659,0.46590001,0.46590003,0.465901,0.465901,23295001,23295002,0,-10,1,0,1,0,0,-1,-28099,-28284,0,-28269,0,0,0,0,-28099,10,185,15,0,-1,-28099,-28284,0,-28269,0,0,0,0,-28099,10,185,15,0
467,0.4669,0.46690001,0.46690003,0.466901,0.466901,23345001,23345002,0,-8,1,0,1,0,0,-1,-28121,-28269,0,-28257,0,0,0,0,-28121,8,148,12,0,-1,-28121,-28269,0,-28257,0,0,0,0,-28121,8,148,12,0
468,0.4679,0.46790001,0.46790003,0.467901,0.467901,23395001,23395002,0,-7,1,0,1,0,0,-1,-28128,-28257,0,-28247,0,0,0,0,-28128,7,129,10,0,-1,-28128,-28257,0,-28247,0,0,0,0,-28128,7,129,10,0
469,0.4689,0.46890001,0.46890003,0.468901,0.468901,23445001,23445002,0,-6,1,0,1,0,0,-1,-28136,-28247,0,-28238,0,0,0,0,-28136,6,111,9,0,-1,-28136,-28247,0,-28238,0,0,0,0,-28136,6,111,9,0
470,0.4699,0.46990001,0.46990003,0.469901,0.469901,23495001,23495002,0,-5,1,0,1,0,0,-1,-28146,-28238,0,-28231,0,0,0,0,-28146,5,92,7,0,-1,-28146,-28238,0,-28231,0,0,0,0,-28146,5,92,7,0
471,0.4709,0.47090001,0.47090003,0.470901,0.470901,23545001,23545002,0,-4,1,0,1,0,0,-1,-28157,-28231,0,-28225,0,0,0,0,-28157,4,74,6,0,-1,-28157,-28231,0,-28225,0,0,0,0,-28157,4,74,6,0
472,0.4719,0.47190001,0.47190003,0.471901,0.471901,23595001,23595002,0,-3,1,0,1,0,0,-1,-28170,-28225,0,-28221,0,0,0,0,-28170,3,55,4,0,-1,-28170,-28225,0,-28221,0,0,0,0,-28170,3,55,4,0
473,0.4729,0.47290001,0.47290003,0.472901,0.472901,23645001,23645002,0,-3,1,0,1,0,0,-1,-28166,-28221,0,-28217,0,0,0,0,-28166,3,55,4,0,-1,-28166,-28221,0,-28217,0,0,0,0,-28166,3,55,4,0
474,0.4739,0.47390001,0.47390003,0.473901,0.473901,23695001,23695002,0,-2,1,0,1,0,0,-1,-28180,-28217,0,-28214,0,0,0,0,-28180,2,37,3,0,-1,-28180,-28217,0,-28214,0,0,0,0,-28180,2,37,3,0
475,0.4749,0.47490001,0.47490003,0.474901,0.474901,23745001,23745002,0,-2,1,0,1,0,0,-1,-28177,-28214,0,-28211,0,0,0,0,-28177,2,37,3,0,-1,-28177,-28214,0,-28211,0,0,0,0,-28177,2,37,3,0
476,0.4759,0.47590001,0.47590003,0.475901,0.475901,23795001,23795002,0,-2,1,0,1,0,0,-1,-28174,-28211,0,-28208,0,0,0,0,-28174,2,37,3,0,-1,-28174,-28211,0,-28208,0,0,0,0,-28174,2,37,3,0
477,0.4769,0.47690001,0.47690003,0.476901,0.476901,23845001,23845002,0,-1,1,0,1,0,0,-1,-28190,-28208,0,-28207,0,0,0,0,-28190,1,18,1,0,-1,-28190,-28208,0,-28207,0,0,0,0,-28190,1,18,1,0
478,0.4779,0.47790001,0.47790003,0.477901,0.477901,23895001,23895002,0,-1,1,0,1,0,0,-1,-28189,-28207,0,-28206,0,0,0,0,-28189,1,18,1,0,-1,-28189,-28207,0,-28206,0,0,0,0,-28189,1,18,1,0
479,0.4789,0.47890001,0.47890003,0.478901,0.478901,23945001,23945002,0,-12333,1,0,1,0,0,6,199539,-28206,0,-9986,0,0,0,0,199539,12333,227745,18220,0,6,199539,-28206,0,-9986,0,0,0,0,199539,12333,227745,18220,0
480,0.4799,0.47990001,0.47990003,0.479901,0.479901,23995001,23995002,0,-19269,1,0,1,0,0,11,345841,-9986,0,18480,0,0,0,0,345841,19269,355827,28466,0,11,345841,-9986,0,18480,0,0,0,0,345841,19269,355827,28466,0
481,0.4809,0.48090001,0.48090003,0.480901,0.480901,24045001,24045002,0,-18910,1,0,1,0,0,11,367677,18480,0,46416,0,0,0,0,367677,18910,349197,27936,0,11,367677,18480,0,46416,0,0,0,0,367677,18910,349197,27936,0
482,0.4819,0.48190001,0.48190003,0.481901,0.481901,24095001,24095002,0,-16717,1,0,1,0,0,11,355117,46416,0,71112,0,0,0,0,355117,16717,308701,24696,0,11,355117,46416,0,71112,0,0,0,0,355117,16717,308701,24696,0
483,0.4829,0.48290001,0.48290003,0.482901,0.482901,24145001,24145002,0,-12800,1,0,1,0,0,9,307480,71112,0,90021,0,0,0,0,307480,12800,236368,18909,0,9,307480,71112,0,90021,0,0,0,0,307480,12800,236368,18909,0
484,0.4839,0.48390001,0.48390003,0.483901,0.483901,24195001,24195002,0,5279,1,0,1,0,0,0,-7462,90021,0,82222,0,0,0,0,-7462,-5279,-97483,-7799,0,0,-7462,90021,0,82222,0,0,0,0,-7462,-5279,-97483,-7799,0
485,0.4849,0.48490001,0.48490003,0.484901,0.484901,24245001,24245002,0,9338,1,0,1,0,0,-3,-90216,82222,0,68427,0,0,0,0,-90216,-9338,-172438,-13795,0,-3,-90216,82222,0,68427,0,0,0,0,-90216,-9338,-172438,-13795,0
486,0.4859,0.48590001,0.48590003,0.485901,0.485901,24295001,24295002,0,9343,1,0,1,0,0,-3,-104103,68427,0,54625,0,0,0,0,-104103,-9343,-172530,-13802,0,-3,-104103,68427,0,54625,0,0,0,0,-104103,-9343,-172530,-13802,0
487,0.4869,0.48690001,0.48690003,0.486901,0.486901,24345001,24345002,0,8307,1,0,1,0,0,-3,-98774,54625,0,42353,0,0,0,0,-98774,-8307,-153399,-12272,0,-3,-98774,54625,0,42353,0,0,0,0,-98774,-8307,-153399,-12272,0
488,0.4879,0.48790001,0.48790003,0.487901,0.487901,24395001,24395002,0,7118,1,0,1,0,0,-3,-89090,42353,0,31838,0,0,0,0,-89090,-7118,-131443,-10515,0,-3,-89090,42353,0,31838,0,0,0,0,-89090,-7118,-131443,-10515,0
489,0.4889,0.48890001,0.48890003,0.488901,0.488901,24445001,24445002,0,6021,1,0,1,0,0,-2,-79347,31838,0,22943,0,0,0,0,-79347,-6021,-111185,-8895,0,-2,-79347,31838,0,22943,0,0,0,0,-79347,-6021,-111185,-8895,0
490,0.4899,0.48990001,0.48990003,0.489901,0.489901,24495001,24495002,0,5071,1,0,1,0,0,-2,-70699,22943,0,15452,0,0,0,0,-70699,-5071,-93642,-7491,0,-2,-70699,22943,0,15452,0,0,0,0,-70699,-5071,-93642,-7491,0
491,0.4909,0.49090001,0.49090003,0.490901,0.490901,24545001,24545002,0,4263,1,0,1,0,0,-2,-63270,15452,0,9154,0,0,0,0,-63270,-4263,-78722,-6298,0,-2,-63270,15452,0,9154,0,0,0,0,-63270,-4263,-78722,-6298,0
492,0.4919,0.49190001,0.49190003,0.491901,0.491901,24595001,24595002,0,3582,1,0,1,0,0,-2,-56992,9154,0,3862,0,0,0,0,-56992,-3582,-66146,-5292,0,-2,-56992,9154,0,3862,0,0,0,0,-56992,-3582,-66146,-5292,0
493,0.4929,0.49290001,0.49290003,0.492901,0.492901,24645001,24645002,0,3009,1,0,1,0,0,-2,-51703,3862,0,-583,0,0,0,0,-51703,-3009,-55565,-4445,0,-2,-51703,3862,0,-583,0,0,0,0,-51703,-3009,-55565,-4445,0
494,0.4939,0.49390001,0.49390003,0.493901,0.493901,24695001,24695002,0,2528,1,0,1,0,0,-1,-47266,-583,0,-4318,0,0,0,0,-47266,-2528,-46683,-3735,0,-1,-47266,-583,0,-4318,0,0,0,0,-47266,-2528,-46683,-3735,0
495,0.4949,0.49490001,0.49490003,0.494901,0.494901,24745001,24745002,0,2123,1,0,1,0,0,-1,-43522,-4318,0,-7454,0,0,0,0,-43522,-2123,-39204,-3136,0,-1,-43522,-4318,0,-7454,0,0,0,0,-43522,-2123,-39204,-3136,0
496,0.4959,0.49590001,0.49590003,0.495901,0.495901,24795001,24795002,0,1783,1,0,1,0,0,-1,-40379,-7454,0,-10088,0,0,0,0,-40379,-1783,-32925,-2634,0,-1,-40379,-7454,0,-10088,0,0,0,0,-40379,-1783,-32925,-2634,0
497,0.4969,0.49690001,0.49690003,0.496901,0.496901,24845001,24845002,0,1498,1,0,1,0,0,-1,-37750,-10088,0,-12301,0,0,0,0,-37750,-1498,-27662,-2213,0,-1,-37750,-10088,0,-12301,0,0,0,0,-37750,-1498,-27662,-2213,0
498,0.4979,0.49790001,0.49790003,0.497901,0.497901,24895001,24895002,0,1258,1,0,1,0,0,-1,-35532,-12301,0,-14159,0,0,0,0,-35532,-1258,-23231,-1858,0,-1,-35532,-12301,0,-14159,0,0,0,0,-35532,-1258,-23231,-1858,0
499,0.4989,0.49890001,0.49890003,0.498901,0.498901,24945001,24945002,0,1057,1,0,1,0,0,-1,-33678,-14159,0,-15721,0,0,0,0,-33678,-1057,-19519,-1562,0,-1,-33678,-14159,0,-15721,0,0,0,0,-33678,-1057,-19519,-1562,0
500,0.4999,0.49990001,0.49990003,0.499901,0.499901,24995001,24995002,0,888,1,0,1,0,0,-1,-32119,-15721,0,-17033,0,0,0,0,-32119,-888,-16398,-1312,0,-1,-32119,-15721,0,-17033,0,0,0,0,-32119,-888,-16398,-1312,0
501,0.5009,0.50090001,0.50090003,0.500901,0.500901,25045001,25045002,-47186,746,1,0,1,0,0,-28,-902159,-17033,0,-87843,0,0,0,0,-902159,-47932,-885126,-70810,0,-28,-902159,-17033,0,-87843,0,0,0,0,-902159,-47932,-885126,-70810,0
502,0.5019,0.50190001,0.50190003,0.501901,0.501901,25095001,25095002,-99615,-15216,1,0,1,0,0,-50,-1646378,-87843,0,-212526,0,0,0,0,-1646378,-84399,-1558535,-124683,0,-50,-1646378,-87843,0,-212526,0,0,0,0,-1646378,-84399,-1558535,-124683,0
503,0.5029,0.50290001,0.50290003,0.502901,0.502901,25145001,25145002,-152044,-55859,1,0,1,0,0,-61,-1988705,-212526,0,-354620,0,0,0,0,-1988705,-96185,-1776179,-142094,0,-61,-1988705,-212526,0,-354620,0,0,0,0,-1988705,-96185,-1776179,-142094,0
504,0.5039,0.50390001,0.50390003,0.503901,0.503901,25195001,25195002,-204472,-99818,1,0,1,0,0,-70,-2287190,-354620,0,-509226,0,0,0,0,-2287190,-104654,-1932570,-154606,0,-70,-2287190,-354620,0,-509226,0,0,0,0,-2287190,-104654,-1932570,-154606,0
505,0.5049,0.50490001,0.50490003,0.504901,0.504901,25245001,25245002,-256901,-159457,1,0,1,0,0,-70,-2308654,-509226,0,-653180,0,0,0,0,-2308654,-97444,-1799428,-143954,0,-70,-2308654,-509226,0,-653180,0,0,0,0,-2308654,-97444,-1799428,-143954,0
506,0.5059,0.50590001,0.50590003,0.505901,0.505901,25295001,25295002,-309330,-211939,1,0,1,0,0,-75,-2451629,-653180,0,-797056,0,0,0,0,-2451629,-97391,-1798449,-143876,0,-75,-2451629,-653180,0,-797056,0,0,0,0,-2451629,-97391,-1798449,-143876,0
507,0.5069,0.50690001,0.50690003,0.506901,0.506901,25345001,25345002,-361759,-272251,1,0,1,0,0,-75,-2449936,-797056,0,-929286,0,0,0,0,-2449936,-89508,-1652880,-132230,0,-75,-2449936,-797056,0,-929286,0,0,0,0,-2449936,-89508,-1652880,-132230,0
508,0.5079,0.50790001,0.50790003,0.507901,0.507901,25395001,25395002,-414188,-332415,1,0,1,0,0,-74,-2439329,-929286,0,-1050089,0,0,0,0,-2439329,-81773,-1510043,-120803,0,-74,-2439329,-929286,0,-1050089,0,0,0,0,-2439329,-81773,-1510043,-120803,0
509,0.5089,0.50890001,0.50890003,0.508901,0.508901,25445001,25445002,-466616,-389107,1,0,1,0,0,-76,-2481392,-1050089,0,-1164593,0,0,0,0,-2481392,-77509,-1431303,-114504,0,-76,-2481392,-1050089,0,-1164593,0,0,0,0,-2481392,-77509,-1431303,-114504,0
510,0.5099,0.50990001,0.50990003,0.509901,0.509901,25495001,25495002,-519045,-448776,1,0,1,0,0,-75,-2462200,-1164593,0,-1268402,0,0,0,0,-2462200,-70269,-1297607,-103809,0,-75,-2462200,-1164593,0,-1268402,0,0,0,0,-2462200,-70269,-1297607,-103809,0
511,0.5109,0.51090001,0.51090003,0.510901,0.510901,25545001,25545002,-571474,-510399,1,0,1,0,0,-73,-2396230,-1268402,0,-1358628,0,0,0,0,-2396230,-61075,-1127828,-90226,0,-73,-2396230,-1268402,0,-1358628,0,0,0,0,-2396230,-61075,-1127828,-90226,0
512,0.5119,0.51190001,0.51190003,0.511901,0.511901,25595001,25595002,-623903,-567556,1,0,1,0,0,-73,-2399147,-1358628,0,-1441870,0,0,0,0,-2399147,-56347,-1040519,-83242,0,-73,-2399147,-1358628,0,-1441870,0,0,0,0,-2399147,-56347,-1040519,-83242,0
513,0.5129,0.51290001,0.51290003,0.512901,0.512901,25645001,25645002,-676332,-622606,1,0,1,0,0,-74,-2433989,-1441870,0,-1521240,0,0,0,0,-2433989,-53726,-992119,-79370,0,-74,-2433989,-1441870,0,-1521240,0,0,0,0,-2433989,-53726,-992119,-79370,0
514,0.5139,0.51390001,0.51390003,0.513901,0.513901,25695001,25695002,-728760,-685185,1,0,1,0,0,-71,-2325908,-1521240,0,-1585613,0,0,0,0,-2325908,-43575,-804668,-64373,0,-71,-2325908,-1521240,0,-1585613,0,0,0,0,-2325908,-43575,-804668,-64373,0
515,0.5149,0.51490001,0.51490003,0.514901,0.514901,25745001,25745002,-781189,-741127,1,0,1,0,0,-71,-2325409,-1585613,0,-1644797,0,0,0,0,-2325409,-40062,-739796,-59184,0,-71,-2325409,-1585613,0,-1644797,0,0,0,0,-2325409,-40062,-739796,-59184,0
516,0.5159,0.51590001,0.51590003,0.515901,0.515901,25795001,25795002,-833618,-793295,1,0,1,0,0,-73,-2389413,-1644797,0,-1704366,0,0,0,0,-2389413,-40323,-744616,-59569,0,-73,-2389413,-1644797,0,-1704366,0,0,0,0,-2389413,-40323,-744616,-59569,0
517,0.5169,0.51690001,0.51690003,0.516901,0.516901,25845001,25845002,-886047,-855202,1,0,1,0,0,-69,-2273958,-1704366,0,-1749933,0,0,0,0,-2273958,-30845,-569592,-45567,0,-69,-2273958,-1704366,0,-1749933,0,0,0,0,-2273958,-30845,-569592,-45567,0
518,0.5179,0.51790001,0.51790003,0.517901,0.517901,25895001,25895002,-938476,-910738,1,0,1,0,0,-69,-2262151,-1749933,0,-1790910,0,0,0,0,-2262151,-27738,-512218,-40977,0,-69,-2262151,-1749933,0,-1790910,0,0,0,0,-2262151,-27738,-512218,-40977,0
519,0.5189,0.51890001,0.51890003,0.518901,0.518901,25945001,25945002,-990904,-964624,1,0,1,0,0,-69,-2276204,-1790910,0,-1829734,0,0,0,0,-2276204,-26280,-485294,-38824,0,-69,-2276204,-1790910,0,-1829734,0,0,0,0,-2276204,-26280,-485294,-38824,0
520,0.5199,0.51990001,0.51990003,0.519901,0.519901,25995001,25995002,-1043333,-1020497,1,0,1,0,0,-69,-2251430,-1829734,0,-1863470,0,0,0,0,-2251430,-22836,-421696,-33736,0,-69,-2251430,-1829734,0,-1863470,0,0,0,0,-2251430,-22836,-421696,-33736,0
521,0.5209,0.52090001,0.52090003,0.520901,0.520901,26045001,26045002,-1095762,-1074864,1,0,1,0,0,-69,-2249378,-1863470,0,-1894343,0,0,0,0,-2249378,-20898,-385908,-30873,0,-69,-2249378,-1863470,0,-1894343,0,0,0,0,-2249378,-20898,-385908,-30873,0
522,0.5219,0.52190001,0.52190003,0.521901,0.521901,26095001,26095002,-1148191,-1127533,1,0,1,0,0,-69,-2275819,-1894343,0,-1924861,0,0,0,0,-2275819,-20658,-381476,-30518,0,-69,-2275819,-1894343,0,-1924861,0,0,0,0,-2275819,-20658,-381476,-30518,0
523,0.5229,0.52290001,0.52290003,0.522901,0.522901,26145001,26145002,-1200620,-1185389,1,0,1,0,0,-67,-2206121,-1924861,0,-1947362,0,0,0,0,-2206121,-15231,-281260,-22501,0,-67,-2206121,-1924861,0,-1947362,0,0,0,0,-2206121,-15231,-281260,-22501,0
524,0.5239,0.52390001,0.52390003,0.523901,0.523901,26195001,26195002,-1253048,-1240667,1,0,1,0,0,-66,-2175993,-1947362,0,-1965652,0,0,0,0,-2175993,-12381,-228631,-18290,0,-66,-2175993,-1947362,0,-1965652,0,0,0,0,-2175993,-12381,-228631,-18290,0
525,0.5249,0.52490001,0.52490003,0.524901,0.524901,26245001,26245002,-1305477,-1288892,1,0,1,0,0,-69,-2271915,-1965652,0,-1990153,0,0,0,0,-2271915,-16585,-306263,-24501,0,-69,-2271915,-1965652,0,-1990153,0,0,0,0,-2271915,-16585,-306263,-24501,0
526,0.5259,0.52590001,0.52590003,0.525901,0.525901,26295001,26295002,-1357906,-1334481,1,0,1,0,0,-74,-2422726,-1990153,0,-2024759,0,0,0,0,-2422726,-23425,-432573,-34606,0,-74,-2422726,-1990153,0,-2024759,0,0,0,0,-2422726,-23425,-432573,-34606,0
527,0.5269,0.52690001,0.52690003,0.526901,0.526901,26345001,26345002,-1410335,-1378961,1,0,1,0,0,-79,-2604120,-2024759,0,-2071108,0,0,0,0,-2604120,-31374,-579361,-46349,0,-79,-2604120,-2024759,0,-2071108,0,0,0,0,-2604120,-31374,-579361,-46349,0
528,0.5279,0.52790001,0.52790003,0.527901,0.527901,26395001,26395002,-1462764,-1437674,1,0,1,0,0,-77,-2534427,-2071108,0,-2108174,0,0,0,0,-2534427,-25090,-463319,-37066,0,-77,-2534427,-2071108,0,-2108174,0,0,0,0,-2534427,-25090,-463319,-37066,0
529,0.5289,0.52890001,0.52890003,0.528901,0.528901,26445001,26445002,-1515192,-1499398,1,0,1,0,0,-73,-2399830,-2108174,0,-2131507,0,0,0,0,-2399830,-15794,-291656,-23333,0,-73,-2399830,-2108174,0,-2131507,0,0,0,0,-2399830,-15794,-291656,-23333,0
530,0.5299,0.52990001,0.52990003,0.529901,0.529901,26495001,26495002,-1567621,-1555588,1,0,1,0,0,-72,-2353712,-2131507,0,-2149283,0,0,0,0,-2353712,-12033,-222205,-17776,0,-72,-2353712,-2131507,0,-2149283,0,0,0,0,-2353712,-12033,-222205,-17776,0
531,0.5309,0.53090001,0.53090003,0.530901,0.530901,26545001,26545002,-1620050,-1612493,1,0,1,0,0,-70,-2288833,-2149283,0,-2160447,0,0,0,0,-2288833,-7557,-139550,-11164,0,-70,-2288833,-2149283,0,-2160447,0,0,0,0,-2288833,-7557,-139550,-11164,0
532,0.5319,0.53190001,0.53190003,0.531901,0.531901,26595001,26595002,-1672479,-1666344,1,0,1,0,0,-69,-2273738,-2160447,0,-2169510,0,0,0,0,-2273738,-6135,-113291,-9063,0,-69,-2273738,-2160447,0,-2169510,0,0,0,0,-2273738,-6135,-113291,-9063,0
533,0.5329,0.53290001,0.53290003,0.532901,0.532901,26645001,26645002,-1724908,-1728568,1,0,1,0,0,-64,-2101923,-2169510,0,-2164103,0,0,0,0,-2101923,3660,67587,5407,0,-64,-2101923,-2169510,0,-2164103,0,0,0,0,-2101923,3660,67587,5407,0
534,0.5339,0.53390001,0.53390003,0.533901,0.533901,26695001,26695002,-1777336,-1776771,1,0,1,0,0,-66,-2174536,-2164103,0,-2164938,0,0,0,0,-2174536,-565,-10433,-835,0,-66,-2174536,-2164103,0,-2164938,0,0,0,0,-2174536,-565,-10433,-835,0
535,0.5349,0.53490001,0.53490003,0.534901,0.534901,26745001,26745002,-1829765,-1830093,1,0,1,0,0,-66,-2158881,-2164938,0,-2164453,0,0,0,0,-2158881,328,6057,485,0,-66,-2158881,-2164938,0,-2164453,0,0,0,0,-2158881,328,6057,485,0
536,0.5359,0.53590001,0.53590003,0.535901,0.535901,26795001,26795002,-1882194,-1882682,1,0,1,0,0,-66,-2155441,-2164453,0,-2163732,0,0,0,0,-2155441,488,9012,721,0,-66,-2155441,-2164453,0,-2163732,0,0,0,0,-2155441,488,9012,721,0
537,0.5369,0.53690001,0.53690003,0.536901,0.536901,26845001,26845002,-1934623,-1933797,1,0,1,0,0,-66,-2178985,-2163732,0,-2164952,0,0,0,0,-2178985,-826,-15253,-1220,0,-66,-2178985,-2163732,0,-2164952,0,0,0,0,-2178985,-826,-15253,-1220,0
538,0.5379,0.53790001,0.53790003,0.537901,0.537901,26895001,26895002,-1987052,-1986585,1,0,1,0,0,-66,-2173576,-2164952,0,-2165642,0,0,0,0,-2173576,-467,-8624,-690,0,-66,-2173576,-2164952,0,-2165642,0,0,0,0,-2173576,-467,-8624,-690,0
539,0.5389,0.53890001,0.53890003,0.538901,0.538901,26945001,26945002,-2039480,-2038733,1,0,1,0,0,-67,-2179436,-2165642,0,-2166746,0,0,0,0,-2179436,-747,-13794,-1104,0,-67,-2179436,-2165642,0,-2166746,0,0,0,0,-2179436,-747,-13794,-1104,0
540,0.5399,0.53990001,0.53990003,0.539901,0.539901,26995001,26995002,-2091909,-2092335,1,0,1,0,0,-66,-2158879,-2166746,0,-2166117,0,0,0,0,-2158879,426,7867,629,0,-66,-2158879,-2166746,0,-2166117,0,0,0,0,-2158879,426,7867,629,0
541,0.5409,0.54090001,0.54090003,0.540901,0.540901,27045001,27045002,-2144338,-2144384,1,0,1,0,0,-66,-2165268,-2166117,0,-2166049,0,0,0,0,-2165268,46,849,68,0,-66,-2165268,-2166117,0,-2166049,0,0,0,0,-2165268,46,849,68,0
542,0.5419,0.54190001,0.54190003,0.541901,0.541901,27095001,27095002,-2196767,-2197358,1,0,1,0,0,-66,-2155135,-2166049,0,-2165176,0,0,0,0,-2155135,591,10914,873,0,-66,-2155135,-2166049,0,-2165176,0,0,0,0,-2155135,591,10914,873,0
543,0.5429,0.54290001,0.54290003,0.542901,0.542901,27145001,27145002,-2249196,-2246541,1,0,1,0,0,-68,-2214204,-2165176,0,-2169098,0,0,0,0,-2214204,-2655,-49028,-3922,0,-68,-2214204,-2165176,0,-2169098,0,0,0,0,-2214204,-2655,-49028,-3922,0
544,0.5439,0.54390001,0.54390003,0.543901,0.543901,27195001,27195002,-2301624,-2303289,1,0,1,0,0,-65,-2138352,-2169098,0,-2166638,0,0,0,0,-2138352,1665,30746,2460,0,-65,-2138352,-2169098,0,-2166638,0,0,0,0,-2138352,1665,30746,2460,0
545,0.5449,0.54490001,0.54490003,0.544901,0.544901,27245001,27245002,-2354053,-2355362,1,0,1,0,0,-65,-2142466,-2166638,0,-2164704,0,0,0,0,-2142466,1309,24172,1934,0,-65,-2142466,-2166638,0,-2164704,0,0,0,0,-2142466,1309,24172,1934,0
546,0.5459,0.54590001,0.54590003,0.545901,0.545901,27295001,27295002,-2406482,-2406464,1,0,1,0,0,-66,-2165036,-2164704,0,-2164731,0,0,0,0,-2165036,-18,-332,-27,0,-66,-2165036,-2164704,0,-2164731,0,0,0,0,-2165036,-18,-332,-27,0
547,0.5469,0.54690001,0.54690003,0.546901,0.546901,27345001,27345002,-2458911,-2456369,1,0,1,0,0,-67,-2211672,-2164731,0,-2168486,0,0,0,0,-2211672,-2542,-46941,-3755,0,-67,-2211672,-2164731,0,-2168486,0,0,0,0,-2211672,-2542,-46941,-3755,0
548,0.5479,0.54790001,0.54790003,0.547901,0.547901,27395001,27395002,-2511340,-2512603,1,0,1,0,0,-65,-2145163,-2168486,0,-2166620,0,0,0,0,-2145163,1263,23323,1866,0,-65,-2145163,-2168486,0,-2166620,0,0,0,0,-2145163,1263,23323,1866,0
549,0.5489,0.54890001,0.54890003,0.548901,0.548901,27445001,27445002,-2563768,-2564431,1,0,1,0,0,-66,-2154377,-2166620,0,-2165641,0,0,0,0,-2154377,663,12243,979,0,-66,-2154377,-2166620,0,-2165641,0,0,0,0,-2154377,663,12243,979,0
550,0.5499,0.54990001,0.54990003,0.549901,0.549901,27495001,27495002,-2616197,-2615150,1,0,1,0,0,-67,-2184975,-2165641,0,-2167188,0,0,0,0,-2184975,-1047,-19334,-1547,0,-67,-2184975,-2165641,0,-2167188,0,0,0,0,-2184975,-1047,-19334,-1547,0
551,0.5509,0.55090001,0.55090003,0.550901,0.550901,27545001,27545002,-2668626,-2668821,1,0,1,0,0,-66,-2163587,-2167188,0,-2166900,0,0,0,0,-2163587,195,3601,288,0,-66,-2163587,-2167188,0,-2166900,0,0,0,0,-2163587,195,3601,288,0
552,0.5519,0.55190001,0.55190003,0.551901,0.551901,27595001,27595002,-2721055,-2720762,1,0,1,0,0,-66,-2172311,-2166900,0,-2167333,0,0,0,0,-2172311,-293,-5411,-433,0,-66,-2172311,-2166900,0,-2167333,0,0,0,0,-2172311,-293,-5411,-433,0
553,0.5529,0.55290001,0.55290003,0.552901,0.552901,27645001,27645002,-2773484,-2775753,1,0,1,0,0,-65,-2125433,-2167333,0,-2163981,0,0,0,0,-2125433,2269,41900,3352,0,-65,-2125433,-2167333,0,-2163981,0,0,0,0,-2125433,2269,41900,3352,0
554,0.5539,0.55390001,0.55390003,0.553901,0.553901,27695001,27695002,-2825912,-2829614,1,0,1,0,0,-64,-2095619,-2163981,0,-2158512,0,0,0,0,-2095619,3702,68362,5469,0,-64,-2095619,-2163981,0,-2158512,0,0,0,0,-2095619,3702,68362,5469,0
555,0.5549,0.55490001,0.55490003,0.554901,0.554901,27745001,27745002,-2878341,-2868397,1,0,1,0,0,-71,-2342141,-2158512,0,-2173202,0,0,0,0,-2342141,-9944,-183629,-14690,0,-71,-2342141,-2158512,0,-2173202,0,0,0,0,-2342141,-9944,-183629,-14690,0
556,0.5559,0.55590001,0.55590003,0.555901,0.555901,27795001,27795002,-2930770,-2912361,1,0,1,0,0,-77,-2513148,-2173202,0,-2200398,0,0,0,0,-2513148,-18409,-339946,-27196,0,-77,-2513148,-2173202,0,-2200398,0,0,0,0,-2513148,-18409,-339946,-27196,0
557,0.5569,0.55690001,0.55690003,0.556901,0.556901,27845001,27845002,-2983199,-2966594,1,0,1,0,0,-77,-2507031,-2200398,0,-2224929,0,0,0,0,-2507031,-16605,-306633,-24531,0,-77,-2507031,-2200398,0,-2224929,0,0,0,0,-2507031,-16605,-306633,-24531,0
558,0.5579,0.55790001,0.55790003,0.557901,0.557901,27895001,27895002,-3035628,-3027544,1,0,1,0,0,-72,-2374210,-2224929,0,-2236872,0,0,0,0,-2374210,-8084,-149281,-11943,0,-72,-2374210,-2224929,0,-2236872,0,0,0,0,-2374210,-8084,-149281,-11943,0
559,0.5589,0.55890001,0.55890003,0.558901,0.558901,27945001,27945002,-3088056,-3084875,1,0,1,0,0,-70,-2295613,-2236872,0,-2241571,0,0,0,0,-2295613,-3181,-58741,-4699,0,-70,-2295613,-2236872,0,-2241571,0,0,0,0,-2295613,-3181,-58741,-4699,0
560,0.5599,0.55990001,0.55990003,0.559901,0.559901,27995001,27995002,-3140485,-3139208,1,0,1,0,0,-69,-2265152,-2241571,0,-2243458,0,0,0,0,-2265152,-1277,-23581,-1887,0,-69,-2265152,-2241571,0,-2243458,0,0,0,0,-2265152,-1277,-23581,-1887,0
561,0.5609,0.56090001,0.56090003,0.560901,0.560901,28045001,28045002,-3192914,-3193371,1,0,1,0,0,-68,-2235019,-2243458,0,-2242783,0,0,0,0,-2235019,457,8439,675,0,-68,-2235019,-2243458,0,-2242783,0,0,0,0,-2235019,457,8439,675,0
562,0.5619,0.56190001,0.56190003,0.561901,0.561901,28095001,28095002,-3245343,-3244545,1,0,1,0,0,-69,-2257519,-2242783,0,-2243962,0,0,0,0,-2257519,-798,-14736,-1179,0,-69,-2257519,-2242783,0,-2243962,0,0,0,0,-2257519,-798,-14736,-1179,0
563,0.5629,0.56290001,0.56290003,0.562901,0.562901,28145001,28145002,-3297772,-3306655,1,0,1,0,0,-63,-2079926,-2243962,0,-2230839,0,0,0,0,-2079926,8883,164036,13123,0,-63,-2079926,-2243962,0,-2230839,0,0,0,0,-2079926,8883,164036,13123,0
564,0.5639,0.56390001,0.56390003,0.563901,0.563901,28195001,28195002,-3350200,-3355847,1,0,1,0,0,-65,-2126560,-2230839,0,-2222497,0,0,0,0,-2126560,5647,104279,8342,0,-65,-2126560,-2230839,0,-2222497,0,0,0,0,-2126560,5647,104279,8342,0
565,0.5649,0.56490001,0.56490003,0.564901,0.564901,28245001,28245002,-3402629,-3407318,1,0,1,0,0,-65,-2135909,-2222497,0,-2215570,0,0,0,0,-2135909,4689,86588,6927,0,-65,-2135909,-2222497,0,-2215570,0,0,0,0,-2135909,4689,86588,6927,0
566,0.5659,0.56590001,0.56590003,0.565901,0.565901,28295001,28295002,-3455058,-3459801,1,0,1,0,0,-65,-2127984,-2215570,0,-2208563,0,0,0,0,-2127984,4743,87586,7007,0,-65,-2127984,-2215570,0,-2208563,0,0,0,0,-2127984,4743,87586,7007,0
567,0.5669,0.56690001,0.56690003,0.566901,0.566901,28345001,28345002,-3507487,-3511538,1,0,1,0,0,-65,-2133756,-2208563,0,-2202578,0,0,0,0,-2133756,4051,74807,5985,0,-65,-2133756,-2208563,0,-2202578,0,0,0,0,-2133756,4051,74807,5985,0
568,0.5679,0.56790001,0.56790003,0.567901,0.567901,28395001,28395002,-3559916,-3561741,1,0,1,0,0,-66,-2168877,-2202578,0,-2199882,0,0,0,0,-2168877,1825,33701,2696,0,-66,-2168877,-2202578,0,-2199882,0,0,0,0,-2168877,1825,33701,2696,0
569,0.5689,0.56890001,0.56890003,0.568901,0.568901,28445001,28445002,-3612344,-3613448,1,0,1,0,0,-67,-2179495,-2199882,0,-2198251,0,0,0,0,-2179495,1104,20387,1631,0,-67,-2179495,-2199882,0,-2198251,0,0,0,0,-2179495,1104,20387,1631,0
570,0.5699,0.56990001,0.56990003,0.569901,0.569901,28495001,28495002,-3664773,-3665465,1,0,1,0,0,-67,-2185472,-2198251,0,-2197229,0,0,0,0,-2185472,692,12779,1022,0,-67,-2185472,-2198251,0,-2197229,0,0,0,0,-2185472,692,12779,1022,0
571,0.5709,0.57090001,0.57090003,0.570901,0.570901,28545001,28545002,-3717202,-3719026,1,0,1,0,0,-66,-2163547,-2197229,0,-2194534,0,0,0,0,-2163547,1824,33682,2695,0,-66,-2163547,-2197229,0,-2194534,0,0,0,0,-2163547,1824,33682,2695,0
572,0.5719,0.57190001,0.57190003,0.571901,0.571901,28595001,28595002,-3769631,-3770307,1,0,1,0,0,-67,-2182051,-2194534,0,-2193535,0,0,0,0,-2182051,676,12483,999,0,-67,-2182051,-2194534,0,-2193535,0,0,0,0,-2182051,676,12483,999,0
573,0.5729,0.57290001,0.57290003,0.572901,0.572901,28645001,28645002,-3822060,-3825503,1,0,1,0,0,-65,-2129956,-2193535,0,-2188449,0,0,0,0,-2129956,3443,63579,5086,0,-65,-2129956,-2193535,0,-2188449,0,0,0,0,-2129956,3443,63579,5086,0
574,0.5739,0.57390001,0.57390003,0.573901,0.573901,28695001,28695002,-3874488,-3877959,1,0,1,0,0,-65,-2124353,-2188449,0,-2183321,0,0,0,0,-2124353,3471,64096,5128,0,-65,-2124353,-2188449,0,-2183321,0,0,0,0,-2124353,3471,64096,5128,0
575,0.5749,0.57490001,0.57490003,0.574901,0.574901,28745001,28745002,-3926917,-3931077,1,0,1,0,0,-64,-2106501,-2183321,0,-2177175,0,0,0,0,-2106501,4160,76820,6146,0,-64,-2106501,-2183321,0,-2177175,0,0,0,0,-2106501,4160,76820,6146,0
576,0.5759,0.57590001,0.57590003,0.575901,0.575901,28795001,28795002,-3979346,-3981807,1,0,1,0,0,-65,-2131729,-2177175,0,-2173539,0,0,0,0,-2131729,2461,45446,3636,0,-65,-2131729,-2177175,0,-2173539,0,0,0,0,-2131729,2461,45446,3636,0
577,0.5769,0.57690001,0.57690003,0.576901,0.576901,28845001,28845002,-4031775,-4032946,1,0,1,0,0,-66,-2151915,-2173539,0,-2171809,0,0,0,0,-2151915,1171,21624,1730,0,-66,-2151915,-2173539,0,-2171809,0,0,0,0,-2151915,1171,21624,1730,0
578,0.5779,0.57790001,0.57790003,0.577901,0.577901,28895001,28895002,-4084204,-4086477,1,0,1,0,0,-65,-2129835,-2171809,0,-2168451,0,0,0,0,-2129835,2273,41974,3358,0,-65,-2129835,-2171809,0,-2168451,0,0,0,0,-2129835,2273,41974,3358,0
579,0.5789,0.57890001,0.57890003,0.578901,0.578901,28945001,28945002,-4136632,-4136425,1,0,1,0,0,-66,-2172274,-2168451,0,-2168757,0,0,0,0,-2172274,-207,-3823,-306,0,-66,-2172274,-2168451,0,-2168757,0,0,0,0,-2172274,-207,-3823,-306,0
580,0.5799,0.57990001,0.57990003,0.579901,0.579901,28995001,28995002,-4189061,-4187892,1,0,1,0,0,-67,-2190344,-2168757,0,-2170484,0,0,0,0,-2190344,-1169,-21587,-1727,0,-67,-2190344,-2168757,0,-2170484,0,0,0,0,-2190344,-1169,-21587,-1727,0
581,0.5809,0.58090001,0.58090003,0.580901,0.580901,29045001,29045002,-4241490,-4240798,1,0,1,0,0,-67,-2183263,-2170484,0,-2171506,0,0,0,0,-2183263,-692,-12779,-1022,0,-67,-2183263,-2170484,0,-2171506,0,0,0,0,-2183263,-692,-12779,-1022,0
582,0.5819,0.58190001,0.58190003,0.581901,0.581901,29095001,29095002,-4293919,-4293686,1,0,1,0,0,-66,-2175809,-2171506,0,-2171850,0,0,0,0,-2175809,-233,-4303,-344,0,-66,-2175809,-2171506,0,-2171850,0,0,0,0,-2175809,-233,-4303,-344,0
583,0.5829,0.58290001,0.58290003,0.582901,0.582901,29145001,29145002,-4346348,-4351501,1,0,1,0,0,-63,-2076693,-2171850,0,-2164237,0,0,0,0,-2076693,5153,95157,7613,0,-63,-2076693,-2171850,0,-2164237,0,0,0,0,-2076693,5153,95157,7613,0
584,0.5839,0.58390001,0.58390003,0.583901,0.583901,29195001,29195002,-4398776,-4395065,1,0,1,0,0,-68,-2232765,-2164237,0,-2169719,0,0,0,0,-2232765,-3711,-68528,-5482,0,-68,-2232765,-2164237,0,-2169719,0,0,0,0,-2232765,-3711,-68528,-5482,0
585,0.5849,0.58490001,0.58490003,0.584901,0.584901,29245001,29245002,-4451205,-4444746,1,0,1,0,0,-70,-2288993,-2169719,0,-2179261,0,0,0,0,-2288993,-6459,-119274,-9542,0,-70,-2288993,-2169719,0,-2179261,0,0,0,0,-2288993,-6459,-119274,-9542,0
586,0.5859,0.58590001,0.58590003,0.585901,0.585901,29295001,29295002,-4503634,-4491887,1,0,1,0,0,-73,-2396184,-2179261,0,-2196615,0,0,0,0,-2396184,-11747,-216923,-17354,0,-73,-2396184,-2179261,0,-2196615,0,0,0,0,-2396184,-11747,-216923,-17354,0
587,0.5869,0.58690001,0.58690003,0.586901,0.586901,29345001,29345002,-4556063,-4539805,1,0,1,0,0,-76,-2496840,-2196615,0,-2220633,0,0,0,0,-2496840,-16258,-300225,-24018,0,-76,-2496840,-2196615,0,-2220633,0,0,0,0,-2496840,-16258,-300225,-24018,0
588,0.5879,0.58790001,0.58790003,0.587901,0.587901,29395001,29395002,-4608492,-4597269,1,0,1,0,0,-74,-2427880,-2220633,0,-2237213,0,0,0,0,-2427880,-11223,-207247,-16580,0,-74,-2427880,-2220633,0,-2237213,0,0,0,0,-2427880,-11223,-207247,-16580,0
589,0.5889,0.58890001,0.58890003,0.588901,0.588901,29445001,29445002,-4660920,-4655829,1,0,1,0,0,-71,-2331225,-2237213,0,-2244734,0,0,0,0,-2331225,-5091,-94012,-7521,0,-71,-2331225,-2237213,0,-2244734,0,0,0,0,-2331225,-5091,-94012,-7521,0
590,0.5899,0.58990001,0.58990003,0.589901,0.589901,29495001,29495002,-4713349,-4711227,1,0,1,0,0,-70,-2283919,-2244734,0,-2247869,0,0,0,0,-2283919,-2122,-39185,-3135,0,-70,-2283919,-2244734,0,-2247869,0,0,0,0,-2283919,-2122,-39185,-3135,0
591,0.5909,0.59090001,0.59090003,0.590901,0.590901,29545001,29545002,-4765778,-4767896,1,0,1,0,0,-67,-2208757,-2247869,0,-2244740,0,0,0,0,-2208757,2118,39112,3129,0,-67,-2208757,-2247869,0,-2244740,0,0,0,0,-2208757,2118,39112,3129,0
592,0.5919,0.59190001,0.59190003,0.591901,0.591901,29595001,29595002,-4818207,-4819705,1,0,1,0,0,-68,-2217078,-2244740,0,-2242527,0,0,0,0,-2217078,1498,27662,2213,0,-68,-2217078,-2244740,0,-2242527,0,0,0,0,-2217078,1498,27662,2213,0
593,0.5929,0.59290001,0.59290003,0.592901,0.592901,29645001,29645002,-4870636,-4874582,1,0,1,0,0,-66,-2169659,-2242527,0,-2236698,0,0,0,0,-2169659,3946,72868,5829,0,-66,-2169659,-2242527,0,-2236698,0,0,0,0,-2169659,3946,72868,5829,0
594,0.5939,0.59390001,0.59390003,0.593901,0.593901,29695001,29695002,-4923064,-4930606,1,0,1,0,0,-64,-2097425,-2236698,0,-2225556,0,0,0,0,-2097425,7542,139273,11142,0,-64,-2097425,-2236698,0,-2225556,0,0,0,0,-2097425,7542,139273,11142,0
595,0.5949,0.59490001,0.59490003,0.594901,0.594901,29745001,29745002,-4975493,-4983074,1,0,1,0,0,-64,-2085563,-2225556,0,-2214357,0,0,0,0,-2085563,7581,139993,11199,0,-64,-2085563,-2225556,0,-2214357,0,0,0,0,-2085563,7581,139993,11199,0
596,0.5959,0.59590001,0.59590003,0.595901,0.595901,29795001,29795002,-5027922,-5030332,1,0,1,0,0,-66,-2169853,-2214357,0,-2210797,0,0,0,0,-2169853,2410,44504,3560,0,-66,-2169853,-2214357,0,-2210797,0,0,0,0,-2169853,2410,44504,3560,0
597,0.5969,0.59690001,0.59690003,0.596901,0.596901,29845001,29845002,-5080351,-5082092,1,0,1,0,0,-66,-2178647,-2210797,0,-2208225,0,0,0,0,-2178647,1741,32150,2572,0,-66,-2178647,-2210797,0,-2208225,0,0,0,0,-2178647,1741,32150,2572,0
598,0.5979,0.59790001,0.59790003,0.597901,0.597901,29895001,29895002,-5132780,-5136707,1,0,1,0,0,-65,-2135708,-2208225,0,-2202424,0,0,0,0,-2135708,3927,72517,5801,0,-65,-2135708,-2208225,0,-2202424,0,0,0,0,-2135708,3927,72517,5801,0
599,0.5989,0.59890001,0.59890003,0.598901,0.598901,29945001,29945002,-5185208,-5185150,1,0,1,0,0,-67,-2203495,-2202424,0,-2202510,0,0,0,0,-2203495,-58,-1071,-86,0,-67,-2203495,-2202424,0,-2202510,0,0,0,0,-2203495,-58,-1071,-86,0
600,0.5999,0.59990001,0.59990003,0.599901,0.599901,29995001,29995002,-5237637,-5240224,1,0,1,0,0,-66,-2154738,-2202510,0,-2198688,0,0,0,0,-2154738,2587,47772,3822,0,-66,-2154738,-2202510,0,-2198688,0,0,0,0,-2154738,2587,47772,3822,0
601,0.6009,0.60090001,0.60090003,0.600901,0.600901,30045001,30045002,-5242880,-5290338,1,0,1,0,0,-40,-1322315,-2198688,0,-2128578,0,0,0,0,-1322315,47458,876373,70110,0,-40,-1322315,-2198688,0,-2128578,0,0,0,0,-1322315,47458,876373,70110,0
602,0.6019,0.60190001,0.60190003,0.601901,0.601901,30095001,30095002,-5242880,-5324731,1,0,1,0,0,-19,-617095,-2128578,0,-2007659,0,0,0,0,-617095,81851,1511483,120919,0,-19,-617095,-2128578,0,-2007659,0,0,0,0,-617095,81851,1511483,120919,0
603,0.6029,0.60290001,0.60290003,0.602901,0.602901,30145001,30145002,-5242880,-5343264,1,0,1,0,0,-5,-153940,-2007659,0,-1859361,0,0,0,0,-153940,100384,1853719,148298,0,-5,-153940,-2007659,0,-1859361,0,0,0,0,-153940,100384,1853719,148298,0
604,0.6039,0.60390001,0.60390003,0.603901,0.603901,30195001,30195002,-5242880,-5349692,1,0,1,0,0,3,113059,-1859361,0,-1701567,0,0,0,0,113059,106812,1972420,157794,0,3,113059,-1859361,0,-1701567,0,0,0,0,113059,106812,1972420,157794,0
605,0.6049,0.60490001,0.60490003,0.604901,0.604901,30245001,30245002,-5242880,-5347259,1,0,1,0,0,7,225925,-1701567,0,-1547368,0,0,0,0,225925,104379,1927492,154199,0,7,225925,-1701567,0,-1547368,0,0,0,0,225925,104379,1927492,154199,0
606,0.6059,0.60590001,0.60590003,0.605901,0.605901,30295001,30295002,-5242880,-5341821,1,0,1,0,0,9,279704,-1547368,0,-1401202,0,0,0,0,279704,98941,1827072,146166,0,9,279704,-1547368,0,-1401202,0,0,0,0,279704,98941,1827072,146166,0
607,0.6069,0.60690001,0.60690003,0.606901,0.606901,30345001,30345002,-5242880,-5336200,1,0,1,0,0,10,322071,-1401202,0,-1263340,0,0,0,0,322071,93320,1723273,137862,0,10,322071,-1401202,0,-1263340,0,0,0,0,322071,93320,1723273,137862,0
608,0.6079,0.60790001,0.60790003,0.607901,0.607901,30395001,30395002,-5242880,-5327767,1,0,1,0,0,9,304207,-1263340,0,-1137936,0,0,0,0,304207,84887,1567547,125404,0,9,304207,-1263340,0,-1137936,0,0,0,0,304207,84887,1567547,125404,0
609,0.6089,0.60890001,0.60890003,0.608901,0.608901,30445001,30445002,-5242880,-5322874,1,0,1,0,0,10,339255,-1137936,0,-1019761,0,0,0,0,339255,79994,1477191,118175,0,10,339255,-1137936,0,-1019761,0,0,0,0,339255,79994,1477191,118175,0
610,0.6099,0.60990001,0.60990003,0.609901,0.609901,30495001,30495002,-5242880,-5315971,1,0,1,0,0,10,329958,-1019761,0,-911783,0,0,0,0,329958,73091,1349719,107978,0,10,329958,-1019761,0,-911783,0,0,0,0,329958,73091,1349719,107978,0
611,0.6109,0.61090001,0.61090003,0.610901,0.610901,30545001,30545002,-5242880,-5303379,1,0,1,0,0,6,205408,-911783,0,-822408,0,0,0,0,205408,60499,1117191,89375,0,6,205408,-911783,0,-822408,0,0,0,0,205408,60499,1117191,89375,0
612,0.6119,0.61190001,0.61190003,0.611901,0.611901,30595001,30595002,-5242880,-5296854,1,0,1,0,0,5,174291,-822408,0,-742672,0,0,0,0,174291,53974,996699,79736,0,5,174291,-822408,0,-742672,0,0,0,0,174291,53974,996699,79736,0
613,0.6129,0.61290001,0.61290003,0.612901,0.612901,30645001,30645002,-5242880,-5291971,1,0,1,0,0,5,163856,-742672,0,-670150,0,0,0,0,163856,49091,906528,72522,0,5,163856,-742672,0,-670150,0,0,0,0,163856,49091,906528,72522,0
614,0.6139,0.61390001,0.61390003,0.613901,0.613901,30695001,30695002,-5242880,-5288791,1,0,1,0,0,5,177655,-670150,0,-602326,0,0,0,0,177655,45911,847805,67824,0,5,177655,-670150,0,-602326,0,0,0,0,177655,45911,847805,67824,0
615,0.6149,0.61490001,0.61490003,0.614901,0.614901,30745001,30745002,-5242880,-5283763,1,0,1,0,0,5,152631,-602326,0,-541929,0,0,0,0,152631,40883,754957,60397,0,5,152631,-602326,0,-541929,0,0,0,0,152631,40883,754957,60397,0
616,0.6159,0.61590001,0.61590003,0.615901,0.615901,30795001,30795002,-5242880,-5284629,1,0,1,0,0,7,229020,-541929,0,-480253,0,0,0,0,229020,41749,770949,61676,0,7,229020,-541929,0,-480253,0,0,0,0,229020,41749,770949,61676,0
617,0.6169,0.61690001,0.61690003,0.616901,0.616901,30845001,30845002,-5242880,-5276432,1,0,1,0,0,4,139328,-480253,0,-430687,0,0,0,0,139328,33552,619581,49566,0,4,139328,-480253,0,-430687,0,0,0,0,139328,33552,619581,49566,0
618,0.6179,0.61790001,0.61790003,0.617901,0.617901,30895001,30895002,-5242880,-5272547,1,0,1,0,0,4,117152,-430687,0,-386860,0,0,0,0,117152,29667,547839,43827,0,4,117152,-430687,0,-386860,0,0,0,0,117152,29667,547839,43827,0
619,0.6189,0.61890001,0.61890003,0.618901,0.618901,30945001,30945002,-5242880,-5274618,1,0,1,0,0,6,199223,-386860,0,-339973,0,0,0,0,199223,31738,586083,46887,0,6,199223,-386860,0,-339973,0,0,0,0,199223,31738,586083,46887,0
620,0.6199,0.61990001,0.61990003,0.619901,0.619901,30995001,30995002,-5242880,-5264922,1,0,1,0,0,2,67061,-339973,0,-307410,0,0,0,0,67061,22042,407034,32563,0,2,67061,-339973,0,-307410,0,0,0,0,67061,22042,407034,32563,0
621,0.6209,0.62090001,0.62090003,0.620901,0.620901,31045001,31045002,-5242880,-5266651,1,0,1,0,0,4,131552,-307410,0,-272293,0,0,0,0,131552,23771,438962,35117,0,4,131552,-307410,0,-272293,0,0,0,0,131552,23771,438962,35117,0
622,0.6219,0.62190001,0.62190003,0.621901,0.621901,31095001,31095002,-5242880,-5260487,1,0,1,0,0,2,52843,-272293,0,-246282,0,0,0,0,52843,17607,325136,26011,0,2,52843,-272293,0,-246282,0,0,0,0,52843,17607,325136,26011,0
623,0.6229,0.62290001,0.62290003,0.622901,0.622901,31145001,31145002,-5242880,-5260939,1,0,1,0,0,3,87201,-246282,0,-219603,0,0,0,0,87201,18059,333483,26679,0,3,87201,-246282,0,-219603,0,0,0,0,87201,18059,333483,26679,0
624,0.6239,0.62390001,0.62390003,0.623901,0.623901,31195001,31195002,-5242880,-5256151,1,0,1,0,0,1,25463,-219603,0,-199998,0,0,0,0,25463,13271,245066,19605,0,1,25463,-219603,0,-199998,0,0,0,0,25463,13271,245066,19605,0
625,0.6249,0.62490001,0.62490003,0.624901,0.624901,31245001,31245002,-5242880,-5256500,1,0,1,0,0,2,51513,-199998,0,-179877,0,0,0,0,51513,13620,251511,20121,0,2,51513,-199998,0,-179877,0,0,0,0,51513,13620,251511,20121,0
626,0.6259,0.62590001,0.62590003,0.625901,0.625901,31295001,31295002,-5242880,-5255383,1,0,1,0,0,2,51007,-179877,0,-161406,0,0,0,0,51007,12503,230884,18471,0,2,51007,-179877,0,-161406,0,0,0,0,51007,12503,230884,18471,0
627,0.6269,0.62690001,0.62690003,0.626901,0.626901,31345001,31345002,-5242880,-5253013,1,0,1,0,0,1,25713,-161406,0,-146436,0,0,0,0,25713,10133,187119,14970,0,1,25713,-161406,0,-146436,0,0,0,0,25713,10133,187119,14970,0
628,0.6279,0.62790001,0.62790003,0.627901,0.627901,31395001,31395002,-5242880,-5255375,1,0,1,0,0,3,84300,-146436,0,-127977,0,0,0,0,84300,12495,230736,18459,0,3,84300,-146436,0,-127977,0,0,0,0,84300,12495,230736,18459,0
629,0.6289,0.62890001,0.62890003,0.628901,0.628901,31445001,31445002,-5242880,-5249858,1,0,1,0,0,0,881,-127977,0,-117668,0,0,0,0,881,6978,128858,10309,0,0,881,-127977,0,-117668,0,0,0,0,881,6978,128858,10309,0
630,0.6299,0.62990001,0.62990003,0.629901,0.629901,31495001,31495002,-5242880,-5253109,1,0,1,0,0,2,71224,-117668,0,-102557,0,0,0,0,71224,10229,188892,15111,0,2,71224,-117668,0,-102557,0,0,0,0,71224,10229,188892,15111,0
631,0.6309,0.63090001,0.63090003,0.630901,0.630901,31545001,31545002,-5242880,-5248709,1,0,1,0,0,0,5083,-102557,0,-93946,0,0,0,0,5083,5829,107640,8611,0,0,5083,-102557,0,-93946,0,0,0,0,5083,5829,107640,8611,0
632,0.6319,0.63190001,0.63190003,0.631901,0.631901,31595001,31595002,-5242880,-5250078,1,0,1,0,0,1,38974,-93946,0,-83312,0,0,0,0,38974,7198,132920,10634,0,1,38974,-93946,0,-83312,0,0,0,0,38974,7198,132920,10634,0
633,0.6329,0.63290001,0.63290003,0.632901,0.632901,31645001,31645002,-5242880,-5248651,1,0,1,0,0,1,23257,-83312,0,-74786,0,0,0,0,23257,5771,106569,8526,0,1,23257,-83312,0,-74786,0,0,0,0,23257,5771,106569,8526,0
634,0.6339,0.63390001,0.63390003,0.633901,0.633901,31695001,31695002,-5242880,-5246471,1,0,1,0,0,0,-8474,-74786,0,-69481,0,0,0,0,-8474,3591,66312,5305,0,0,-8474,-74786,0,-69481,0,0,0,0,-8474,3591,66312,5305,0
635,0.6349,0.63490001,0.63490003,0.634901,0.634901,31745001,31745002,-5242880,-5251317,1,0,1,0,0,3,86319,-69481,0,-57017,0,0,0,0,86319,8437,155800,12464,0,3,86319,-69481,0,-57017,0,0,0,0,86319,8437,155800,12464,0
636,0.6359,0.63590001,0.63590003,0.635901,0.635901,31795001,31795002,-5242880,-5248232,1,0,1,0,0,1,41815,-57017,0,-49110,0,0,0,0,41815,5352,98832,7907,0,1,41815,-57017,0,-49110,0,0,0,0,41815,5352,98832,7907,0
637,0.6369,0.63690001,0.63690003,0.636901,0.636901,31845001,31845002,-5242880,-5246250,1,0,1,0,0,0,13121,-49110,0,-44131,0,0,0,0,13121,3370,62231,4979,0,0,13121,-49110,0,-44131,0,0,0,0,13121,3370,62231,4979,0
638,0.6379,0.63790001,0.63790003,0.637901,0.637901,31895001,31895002,-5242880,-5244286,1,0,1,0,0,-1,-18167,-44131,0,-42054,0,0,0,0,-18167,1406,25964,2077,0,-1,-18167,-44131,0,-42054,0,0,0,0,-18167,1406,25964,2077,0
639,0.6389,0.63890001,0.63890003,0.638901,0.638901,31945001,31945002,-5242880,-5247327,1,0,1,0,0,1,40066,-42054,0,-35484,0,0,0,0,40066,4447,82120,6570,0,1,40066,-42054,0,-35484,0,0,0,0,40066,4447,82120,6570,0
640,0.6399,0.63990001,0.63990003,0.639901,0.639901,31995001,31995002,-5242880,-5242645,1,0,1,0,0,-1,-39824,-35484,0,-35831,0,0,0,0,-39824,-235,-4340,-347,0,-1,-39824,-35484,0,-35831,0,0,0,0,-39824,-235,-4340,-347,0
641,0.6409,0.64090001,0.64090003,0.640901,0.640901,32045001,32045002,-5242880,-5246914,1,0,1,0,0,1,38662,-35831,0,-29872,0,0,0,0,38662,4034,74493,5959,0,1,38662,-35831,0,-29872,0,0,0,0,38662,4034,74493,5959,0
642,0.6419,0.64190001,0.64190003,0.641901,0.641901,32095001,32095002,-5242880,-5242996,1,0,1,0,0,-1,-27730,-29872,0,-29701,0,0,0,0,-27730,116,2142,171,0,-1,-27730,-29872,0,-29701,0,0,0,0,-27730,116,2142,171,0
643,0.6429,0.64290001,0.64290003,0.642901,0.642901,32145001,32145002,-5242880,-5243219,1,0,1,0,0,-1,-23441,-29701,0,-29200,0,0,0,0,-23441,339,6260,501,0,-1,-23441,-29701,0,-29200,0,0,0,0,-23441,339,6260,501,0
644,0.6439,0.64390001,0.64390003,0.643901,0.643901,32195001,32195002,-5242880,-5245987,1,0,1,0,0,1,28175,-29200,0,-24610,0,0,0,0,28175,3107,57375,4590,0,1,28175,-29200,0,-24610,0,0,0,0,28175,3107,57375,4590,0
645,0.6449,0.64490001,0.64490003,0.644901,0.644901,32245001,32245002,-5242880,-5243723,1,0,1,0,0,0,-9043,-24610,0,-23365,0,0,0,0,-9043,843,15567,1245,0,0,-9043,-24610,0,-23365,0,0,0,0,-9043,843,15567,1245,0
646,0.6459,0.64590001,0.64590003,0.645901,0.645901,32295001,32295002,-5242880,-5243732,1,0,1,0,0,0,-7632,-23365,0,-22106,0,0,0,0,-7632,852,15733,1259,0,0,-7632,-23365,0,-22106,0,0,0,0,-7632,852,15733,1259,0
647,0.6469,0.64690001,0.64690003,0.646901,0.646901,32345001,32345002,-5242880,-5244479,1,0,1,0,0,0,7422,-22106,0,-19744,0,0,0,0,7422,1599,29528,2362,0,0,7422,-22106,0,-19744,0,0,0,0,7422,1599,29528,2362,0
648,0.6479,0.64790001,0.64790003,0.647901,0.647901,32395001,32395002,-5242880,-5243283,1,0,1,0,0,0,-12302,-19744,0,-19149,0,0,0,0,-12302,403,7442,595,0,0,-12302,-19744,0,-19149,0,0,0,0,-12302,403,7442,595,0
649,0.6489,0.64890001,0.64890003,0.648901,0.648901,32445001,32445002,-5242880,-5245963,1,0,1,0,0,1,37783,-19149,0,-14594,0,0,0,0,37783,3083,56932,4555,0,1,37783,-19149,0,-14594,0,0,0,0,37783,3083,56932,4555,0
650,0.6499,0.64990001,0.64990003,0.649901,0.649901,32495001,32495002,-5242880,-5241923,1,0,1,0,0,-1,-32266,-14594,0,-16008,0,0,0,0,-32266,-957,-17672,-1414,0,-1,-32266,-14594,0,-16008,0,0,0,0,-32266,-957,-17672,-1414,0
651,0.6509,0.65090001,0.65090003,0.650901,0.650901,32545001,32545002,-5242880,-5246447,1,0,1,0,0,2,49861,-16008,0,-10738,0,0,0,0,49861,3567,65869,5270,0,2,49861,-16008,0,-10738,0,0,0,0,49861,3567,65869,5270,0
652,0.6519,0.65190001,0.65190003,0.651901,0.651901,32595001,32595002,-5242880,-5239898,1,0,1,0,0,-2,-65804,-10738,0,-15143,0,0,0,0,-65804,-2982,-55066,-4405,0,-2,-65804,-10738,0,-15143,0,0,0,0,-65804,-2982,-55066,-4405,0
653,0.6529,0.65290001,0.65290003,0.652901,0.652901,32645001,32645002,-5242880,-5243660,1,0,1,0,0,0,-739,-15143,0,-13991,0,0,0,0,-739,780,14404,1152,0,0,-739,-15143,0,-13991,0,0,0,0,-739,780,14404,1152,0
654,0.6539,0.65390001,0.65390003,0.653901,0.653901,32695001,32695002,-5242880,-5247018,1,0,1,0,0,2,62422,-13991,0,-7878,0,0,0,0,62422,4138,76413,6113,0,2,62422,-13991,0,-7878,0,0,0,0,62422,4138,76413,6113,0
655,0.6549,0.65490001,0.65490003,0.654901,0.654901,32745001,32745002,-5242880,-5242021,1,0,1,0,0,-1,-23741,-7878,0,-9147,0,0,0,0,-23741,-859,-15863,-1269,0,-1,-23741,-7878,0,-9147,0,0,0,0,-23741,-859,-15863,-1269,0
656,0.6559,0.65590001,0.65590003,0.655901,0.655901,32795001,32795002,-5242880,-5245693,1,0,1,0,0,1,42799,-9147,0,-4991,0,0,0,0,42799,2813,51946,4156,0,1,42799,-9147,0,-4991,0,0,0,0,42799,2813,51946,4156,0
657,0.6569,0.65690001,0.65690003,0.656901,0.656901,32845001,32845002,-5242880,-5241651,1,0,1,0,0,-1,-27686,-4991,0,-6807,0,0,0,0,-27686,-1229,-22695,-1816,0,-1,-27686,-4991,0,-6807,0,0,0,0,-27686,-1229,-22695,-1816,0
658,0.6579,0.65790001,0.65790003,0.657901,0.657901,32895001,32895002,-5242880,-5242382,1,0,1,0,0,0,-16003,-6807,0,-7543,0,0,0,0,-16003,-498,-9196,-736,0,0,-16003,-6807,0,-7543,0,0,0,0,-16003,-498,-9196,-736,0
659,0.6589,0.65890001,0.65890003,0.658901,0.658901,32945001,32945002,-5242880,-5241663,1,0,1,0,0,-1,-30016,-7543,0,-9341,0,0,0,0,-30016,-1217,-22473,-1798,0,-1,-30016,-7543,0,-9341,0,0,0,0,-30016,-1217,-22473,-1798,0
660,0.6599,0.65990001,0.65990003,0.659901,0.659901,32995001,32995002,-5242880,-5241173,1,0,1,0,0,-1,-40863,-9341,0,-11863,0,0,0,0,-40863,-1707,-31522,-2522,0,-1,-40863,-9341,0,-11863,0,0,0,0,-40863,-1707,-31522,-2522,0
661,0.6609,0.66090001,0.66090003,0.660901,0.660901,33045001,33045002,-5242880,-5241169,1,0,1,0,0,-1,-43459,-11863,0,-14391,0,0,0,0,-43459,-1711,-31596,-2528,0,-1,-43459,-11863,0,-14391,0,0,0,0,-43459,-1711,-31596,-2528,0
662,0.6619,0.66190001,0.66190003,0.661901,0.661901,33095001,33095002,-5242880,-5246750,1,0,1,0,0,2,57073,-14391,0,-8674,0,0,0,0,57073,3870,71464,5717,0,2,57073,-14391,0,-8674,0,0,0,0,57073,3870,71464,5717,0
663,0.6629,0.66290001,0.66290003,0.662901,0.662901,33145001,33145002,-5242880,-5242681,1,0,1,0,0,0,-12349,-8674,0,-8968,0,0,0,0,-12349,-199,-3675,-294,0,0,-12349,-8674,0,-8968,0,0,0,0,-12349,-199,-3675,-294,0
664,0.6639,0.66390001,0.66390003,0.663901,0.663901,33195001,33195002,-5242880,-5245036,1,0,1,0,0,1,30845,-8968,0,-5783,0,0,0,0,30845,2156,39813,3185,0,1,30845,-8968,0,-5783,0,0,0,0,30845,2156,39813,3185,0
665,0.6649,0.66490001,0.66490003,0.664901,0.664901,33245001,33245002,-5242880,-5241253,1,0,1,0,0,-1,-35828,-5783,0,-8187,0,0,0,0,-35828,-1627,-30045,-2404,0,-1,-35828,-5783,0,-8187,0,0,0,0,-35828,-1627,-30045,-2404,0
666,0.6659,0.66590001,0.66590003,0.665901,0.665901,33295001,33295002,-5242880,-5242501,1,0,1,0,0,0,-15186,-8187,0,-8747,0,0,0,0,-15186,-379,-6999,-560,0,0,-15186,-8187,0,-8747,0,0,0,0,-15186,-379,-6999,-560,0
667,0.6669,0.66690001,0.66690003,0.666901,0.666901,33345001,33345002,-5242880,-5243614,1,0,1,0,0,0,4807,-8747,0,-7663,0,0,0,0,4807,734,13554,1084,0,0,4807,-8747,0,-7663,0,0,0,0,4807,734,13554,1084,0
668,0.6679,0.66790001,0.66790003,0.667901,0.667901,33395001,33395002,-5242880,-5241925,1,0,1,0,0,-1,-25298,-7663,0,-9074,0,0,0,0,-25298,-955,-17635,-1411,0,-1,-25298,-7663,0,-9074,0,0,0,0,-25298,-955,-17635,-1411,0
669,0.6689,0.66890001,0.66890003,0.668901,0.668901,33445001,33445002,-5242880,-5242308,1,0,1,0,0,-1,-19637,-9074,0,-9919,0,0,0,0,-19637,-572,-10563,-845,0,-1,-19637,-9074,0,-9919,0,0,0,0,-19637,-572,-10563,-845,0
670,0.6699,0.66990001,0.66990003,0.669901,0.669901,33495001,33495002,-5242880,-5242119,1,0,1,0,0,-1,-23972,-9919,0,-11043,0,0,0,0,-23972,-761,-14053,-1124,0,-1,-23972,-9919,0,-11043,0,0,0,0,-23972,-761,-14053,-1124,0
671,0.6709,0.67090001,0.67090003,0.670901,0.670901,33545001,33545002,-5242880,-5247551,1,0,1,0,0,2,75213,-11043,0,-4143,0,0,0,0,75213,4671,86256,6900,0,2,75213,-11043,0,-4143,0,0,0,0,75213,4671,86256,6900,0
672,0.6719,0.67190001,0.67190003,0.671901,0.671901,33595001,33595002,-5242880,-5243063,1,0,1,0,0,0,-764,-4143,0,-3873,0,0,0,0,-764,183,3379,270,0,0,-764,-4143,0,-3873,0,0,0,0,-764,183,3379,270,0
673,0.6729,0.67290001,0.67290003,0.672901,0.672901,33645001,33645002,-5242880,-5244935,1,0,1,0,0,1,34075,-3873,0,-837,0,0,0,0,34075,2055,37948,3036,0,1,34075,-3873,0,-837,0,0,0,0,34075,2055,37948,3036,0
674,0.6739,0.67390001,0.67390003,0.673901,0.673901,33695001,33695002,-5242880,-5244304,1,0,1,0,0,1,25459,-837,0,1267,0,0,0,0,25459,1424,26296,2104,0,1,25459,-837,0,1267,0,0,0,0,25459,1424,26296,2104,0
675,0.6749,0.67490001,0.67490003,0.674901,0.674901,33745001,33745002,-5242880,-5239477,1,0,1,0,0,-2,-61574,1267,0,-3760,0,0,0,0,-61574,-3403,-62841,-5027,0,-2,-61574,1267,0,-3760,0,0,0,0,-61574,-3403,-62841,-5027,0
676,0.6759,0.67590001,0.67590003,0.675901,0.675901,33795001,33795002,-5242880,-5243457,1,0,1,0,0,0,6895,-3760,0,-2908,0,0,0,0,6895,577,10655,852,0,0,6895,-3760,0,-2908,0,0,0,0,6895,577,10655,852,0
677,0.6769,0.67690001,0.67690003,0.676901,0.676901,33845001,33845002,-5242880,-5246337,1,0,1,0,0,2,60930,-2908,0,2199,0,0,0,0,60930,3457,63838,5107,0,2,60930,-2908,0,2199,0,0,0,0,60930,3457,63838,5107,0
678,0.6779,0.67790001,0.67790003,0.677901,0.677901,33895001,33895002,-5242880,-5240745,1,0,1,0,0,-1,-37227,2199,0,-955,0,0,0,0,-37227,-2135,-39426,-3154,0,-1,-37227,2199,0,-955,0,0,0,0,-37227,-2135,-39426,-3154,0
679,0.6789,0.67890001,0.67890003,0.678901,0.678901,33945001,33945002,-5242880,-5240532,1,0,1,0,0,-1,-44314,-955,0,-4424,0,0,0,0,-44314,-2348,-43359,-3469,0,-1,-44314,-955,0,-4424,0,0,0,0,-44314,-2348,-43359,-3469,0
680,0.6799,0.67990001,0.67990003,0.679901,0.679901,33995001,33995002,-5242880,-5245258,1,0,1,0,0,1,39489,-4424,0,-911,0,0,0,0,39489,2378,43913,3513,0,1,39489,-4424,0,-911,0,0,0,0,39489,2378,43913,3513,0
681,0.6809,0.68090001,0.68090003,0.680901,0.680901,34045001,34045002,-5242880,-5243264,1,0,1,0,0,0,6180,-911,0,-344,0,0,0,0,6180,384,7091,567,0,0,6180,-911,0,-344,0,0,0,0,6180,384,7091,567,0
682,0.6819,0.68190001,0.68190003,0.681901,0.681901,34095001,34095002,-5242880,-5240476,1,0,1,0,0,-1,-44737,-344,0,-3895,0,0,0,0,-44737,-2404,-44393,-3551,0,-1,-44737,-344,0,-3895,0,0,0,0,-44737,-2404,-44393,-3551,0
683,0.6829,0.68290001,0.68290003,0.682901,0.682901,34145001,34145002,-5242880,-5244782,1,0,1,0,0,1,31228,-3895,0,-1085,0,0,0,0,31228,1902,35123,2810,0,1,31228,-3895,0,-1085,0,0,0,0,31228,1902,35123,2810,0
684,0.6839,0.68390001,0.68390003,0.683901,0.683901,34195001,34195002,-5242880,-5240552,1,0,1,0,0,-1,-44074,-1085,0,-4524,0,0,0,0,-44074,-2328,-42989,-3439,0,-1,-44074,-1085,0,-4524,0,0,0,0,-44074,-2328,-42989,-3439,0
685,0.6849,0.68490001,0.68490003,0.684901,0.684901,34245001,34245002,-5242880,-5240666,1,0,1,0,0,-1,-45408,-4524,0,-7795,0,0,0,0,-45408,-2214,-40884,-3271,0,-1,-45408,-4524,0,-7795,0,0,0,0,-45408,-2214,-40884,-3271,0
686,0.6859,0.68590001,0.68590003,0.685901,0.685901,34295001,34295002,-5242880,-5242736,1,0,1,0,0,0,-10454,-7795,0,-8008,0,0,0,0,-10454,-144,-2659,-213,0,0,-10454,-7795,0,-8008,0,0,0,0,-10454,-144,-2659,-213,0
687,0.6869,0.68690001,0.68690003,0.686901,0.686901,34345001,34345002,-5242880,-5242986,1,0,1,0,0,0,-6051,-8008,0,-7851,0,0,0,0,-6051,106,1957,157,0,0,-6051,-8008,0,-7851,0,0,0,0,-6051,106,1957,157,0
688,0.6879,0.68790001,0.68790003,0.687901,0.687901,34395001,34395002,-5242880,-5247593,1,0,1,0,0,2,79181,-7851,0,-888,0,0,0,0,79181,4713,87032,6963,0,2,79181,-7851,0,-888,0,0,0,0,79181,4713,87032,6963,0
689,0.6889,0.68890001,0.68890003,0.688901,0.688901,34445001,34445002,-5242880,-5242659,1,0,1,0,0,0,-4969,-888,0,-1214,0,0,0,0,-4969,-221,-4081,-326,0,0,-4969,-888,0,-1214,0,0,0,0,-4969,-221,-4081,-326,0
690,0.6899,0.68990001,0.68990003,0.689901,0.689901,34495001,34495002,-5242880,-5244151,1,0,1,0,0,1,22257,-1214,0,664,0,0,0,0,22257,1271,23471,1878,0,1,22257,-1214,0,664,0,0,0,0,22257,1271,23471,1878,0
691,0.6909,0.69090001,0.69090003,0.690901,0.690901,34545001,34545002,-5242880,-5239678,1,0,1,0,0,-2,-58465,664,0,-4066,0,0,0,0,-58465,-3202,-59129,-4730,0,-2,-58465,664,0,-4066,0,0,0,0,-58465,-3202,-59129,-4730,0
692,0.6919,0.69190001,0.69190003,0.691901,0.691901,34595001,34595002,-5242880,-5240448,1,0,1,0,0,-1,-48976,-4066,0,-7659,0,0,0,0,-48976,-2432,-44910,-3593,0,-1,-48976,-4066,0,-7659,0,0,0,0,-48976,-2432,-44910,-3593,0
693,0.6929,0.69290001,0.69290003,0.692901,0.692901,34645001,34645002,-5242880,-5241923,1,0,1,0,0,-1,-25331,-7659,0,-9073,0,0,0,0,-25331,-957,-17672,-1414,0,-1,-25331,-7659,0,-9073,0,0,0,0,-25331,-957,-17672,-1414,0
694,0.6939,0.69390001,0.69390003,0.693901,0.693901,34695001,34695002,-5242880,-5242509,1,0,1,0,0,0,-15924,-9073,0,-9621,0,0,0,0,-15924,-371,-6851,-548,0,0,-15924,-9073,0,-9621,0,0,0,0,-15924,-371,-6851,-548,0
695,0.6949,0.69490001,0.69490003,0.694901,0.694901,34745001,34745002,-5242880,-5247273,1,0,1,0,0,2,71501,-9621,0,-3131,0,0,0,0,71501,4393,81122,6490,0,2,71501,-9621,0,-3131,0,0,0,0,71501,4393,81122,6490,0
696,0.6959,0.69590001,0.69590003,0.695901,0.695901,34795001,34795002,-5242880,-5242530,1,0,1,0,0,0,-9594,-3131,0,-3648,0,0,0,0,-9594,-350,-6463,-517,0,0,-9594,-3131,0,-3648,0,0,0,0,-9594,-350,-6463,-517,0
697,0.6969,0.69690001,0.69690003,0.696901,0.696901,34845001,34845002,-5242880,-5242194,1,0,1,0,0,0,-16316,-3648,0,-4661,0,0,0,0,-16316,-686,-12668,-1013,0,0,-16316,-3648,0,-4661,0,0,0,0,-16316,-686,-12668,-1013,0
698,0.6979,0.69790001,0.69790003,0.697901,0.697901,34895001,34895002,-5242880,-5244713,1,0,1,0,0,1,29188,-4661,0,-1953,0,0,0,0,29188,1833,33849,2708,0,1,29188,-4661,0,-1953,0,0,0,0,29188,1833,33849,2708,0
699,0.6989,0.69890001,0.69890003,0.698901,0.698901,34945001,34945002,-5242880,-5243930,1,0,1,0,0,1,17437,-1953,0,-402,0,0,0,0,17437,1050,19390,1551,0,1,17437,-1953,0,-402,0,0,0,0,17437,1050,19390,1551,0
700,0.6999,0.69990001,0.69990003,0.699901,0.699901,34995001,34995002,-5242880,-5241586,1,0,1,0,0,-1,-24297,-402,0,-2314,0,0,0,0,-24297,-1294,-23895,-1912,0,-1,-24297,-402,0,-2314,0,0,0,0,-24297,-1294,-23895,-1912,0
701,0.7009,0.70090001,0.70090003,0.700901,0.700901,35045001,35045002,-5242880,-5241854,1,0,1,0,0,-1,-21260,-2314,0,-3830,0,0,0,0,-21260,-1026,-18946,-1516,0,-1,-21260,-2314,0,-3830,0,0,0,0,-21260,-1026,-18946,-1516,0
702,0.7019,0.70190001,0.70190003,0.701901,0.701901,35095001,35095002,-5242880,-5244576,1,0,1,0,0,1,27489,-3830,0,-1324,0,0,0,0,27489,1696,31319,2506,0,1,27489,-3830,0,-1324,0,0,0,0,27489,1696,31319,2506,0
703,0.7029,0.70290001,0.70290003,0.702901,0.702901,35145001,35145002,-5242880,-5243511,1,0,1,0,0,0,10328,-1324,0,-392,0,0,0,0,10328,631,11652,932,0,0,10328,-1324,0,-392,0,0,0,0,10328,631,11652,932,0
704,0.7039,0.70390001,0.70390003,0.703901,0.703901,35195001,35195002,-5242880,-5241200,1,0,1,0,0,-1,-31415,-392,0,-2874,0,0,0,0,-31415,-1680,-31023,-2482,0,-1,-31415,-392,0,-2874,0,0,0,0,-31415,-1680,-31023,-2482,0
705,0.7049,0.70490001,0.70490003,0.704901,0.704901,35245001,35245002,-5242880,-5241432,1,0,1,0,0,-1,-29613,-2874,0,-5013,0,0,0,0,-29613,-1448,-26739,-2139,0,-1,-29613,-2874,0,-5013,0,0,0,0,-29613,-1448,-26739,-2139,0
706,0.7059,0.70590001,0.70590003,0.705901,0.705901,35295001,35295002,-5242880,-5244064,1,0,1,0,0,1,16851,-5013,0,-3264,0,0,0,0,16851,1184,21864,1749,0,1,16851,-5013,0,-3264,0,0,0,0,16851,1184,21864,1749,0
707,0.7069,0.70690001,0.70690003,0.706901,0.706901,35345001,35345002,-5242880,-5243100,1,0,1,0,0,0,799,-3264,0,-2939,0,0,0,0,799,220,4063,325,0,0,799,-3264,0,-2939,0,0,0,0,799,220,4063,325,0
708,0.7079,0.70790001,0.70790003,0.707901,0.707901,35395001,35395002,-5242880,-5240844,1,0,1,0,0,-1,-40536,-2939,0,-5947,0,0,0,0,-40536,-2036,-37597,-3008,0,-1,-40536,-2939,0,-5947,0,0,0,0,-40536,-2036,-37597,-3008,0
709,0.7089,0.70890001,0.70890003,0.708901,0.708901,35445001,35445002,-5242880,-5240937,1,0,1,0,0,-1,-41827,-5947,0,-8817,0,0,0,0,-41827,-1943,-35880,-2870,0,-1,-41827,-5947,0,-8817,0,0,0,0,-41827,-1943,-35880,-2870,0
710,0.7099,0.70990001,0.70990003,0.709901,0.709901,35495001,35495002,-5242880,-5242643,1,0,1,0,0,0,-13194,-8817,0,-9167,0,0,0,0,-13194,-237,-4377,-350,0,0,-13194,-8817,0,-9167,0,0,0,0,-13194,-237,-4377,-350,0
711,0.7109,0.71090001,0.71090003,0.710901,0.710901,35545001,35545002,-5242880,-5242332,1,0,1,0,0,-1,-19287,-9167,0,-9977,0,0,0,0,-19287,-548,-10120,-810,0,-1,-19287,-9167,0,-9977,0,0,0,0,-19287,-548,-10120,-810,0
712,0.7119,0.71190001,0.71190003,0.711901,0.711901,35595001,35595002,-5242880,-5246572,1,0,1,0,0,2,58200,-9977,0,-4523,0,0,0,0,58200,3692,68177,5454,0,2,58200,-9977,0,-4523,0,0,0,0,58200,3692,68177,5454,0
713,0.7129,0.71290001,0.71290003,0.712901,0.712901,35645001,35645002,-5242880,-5241345,1,0,1,0,0,-1,-32869,-4523,0,-6791,0,0,0,0,-32869,-1535,-28346,-2268,0,-1,-32869,-4523,0,-6791,0,0,0,0,-32869,-1535,-28346,-2268,0
714,0.7139,0.71390001,0.71390003,0.713901,0.713901,35695001,35695002,-5242880,-5241406,1,0,1,0,0,-1,-34010,-6791,0,-8969,0,0,0,0,-34010,-1474,-27219,-2178,0,-1,-34010,-6791,0,-8969,0,0,0,0,-34010,-1474,-27219,-2178,0
715,0.7149,0.71490001,0.71490003,0.714901,0.714901,35745001,35745002,-5242880,-5243306,1,0,1,0,0,0,-1102,-8969,0,-8340,0,0,0,0,-1102,426,7867,629,0,0,-1102,-8969,0,-8340,0,0,0,0,-1102,426,7867,629,0
716,0.7159,0.71590001,0.71590003,0.715901,0.715901,35795001,35795002,-5242880,-5243663,1,0,1,0,0,0,6119,-8340,0,-7183,0,0,0,0,6119,783,14459,1157,0,0,6119,-8340,0,-7183,0,0,0,0,6119,783,14459,1157,0
717,0.7169,0.71690001,0.71690003,0.716901,0.716901,35845001,35845002,-5242880,-5244892,1,0,1,0,0,1,29971,-7183,0,-4211,0,0,0,0,29971,2012,37154,2972,0,1,29971,-7183,0,-4211,0,0,0,0,29971,2012,37154,2972,0
718,0.7179,0.71790001,0.71790003,0.717901,0.717901,35895001,35895002,-5242880,-5240935,1,0,1,0,0,-1,-40128,-4211,0,-7084,0,0,0,0,-40128,-1945,-35917,-2873,0,-1,-40128,-4211,0,-7084,0,0,0,0,-40128,-1945,-35917,-2873,0
719,0.7189,0.71890001,0.71890003,0.718901,0.718901,35945001,35945002,-5242880,-5241745,1,0,1,0,0,-1,-28043,-7084,0,-8761,0,0,0,0,-28043,-1135,-20959,-1677,0,-1,-28043,-7084,0,-8761,0,0,0,0,-28043,-1135,-20959,-1677,0
720,0.7199,0.71990001,0.71990003,0.719901,0.719901,35995001,35995002,-5242880,-5242582,1,0,1,0,0,0,-14264,-8761,0,-9201,0,0,0,0,-14264,-298,-5503,-440,0,0,-14264,-8761,0,-9201,0,0,0,0,-14264,-298,-5503,-440,0
721,0.7209,0.72090001,0.72090003,0.720901,0.720901,36045001,36045002,-5242880,-5243009,1,0,1,0,0,0,-6819,-9201,0,-9010,0,0,0,0,-6819,129,2382,191,0,0,-6819,-9201,0,-9010,0,0,0,0,-6819,129,2382,191,0
722,0.7219,0.72190001,0.72190003,0.721901,0.721901,36095001,36095002,-5242880,-5246917,1,0,1,0,0,2,65538,-9010,0,-3046,0,0,0,0,65538,4037,74548,5964,0,2,65538,-9010,0,-3046,0,0,0,0,65538,4037,74548,5964,0
723,0.7229,0.72290001,0.72290003,0.722901,0.722901,36145001,36145002,-5242880,-5241635,1,0,1,0,0,-1,-26037,-3046,0,-4885,0,0,0,0,-26037,-1245,-22991,-1839,0,-1,-26037,-3046,0,-4885,0,0,0,0,-26037,-1245,-22991,-1839,0
724,0.7239,0.72390001,0.72390003,0.723901,0.723901,36195001,36195002,-5242880,-5240809,1,0,1,0,0,-1,-43129,-4885,0,-7944,0,0,0,0,-43129,-2071,-38244,-3059,0,-1,-43129,-4885,0,-7944,0,0,0,0,-43129,-2071,-38244,-3059,0
725,0.7249,0.72490001,0.72490003,0.724901,0.724901,36245001,36245002,-5242880,-5241976,1,0,1,0,0,-1,-24638,-7944,0,-9279,0,0,0,0,-24638,-904,-16694,-1335,0,-1,-24638,-7944,0,-9279,0,0,0,0,-24638,-904,-16694,-1335,0
726,0.7259,0.72590001,0.72590003,0.725901,0.725901,36295001,36295002,-5242880,-5243968,1,0,1,0,0,0,10812,-9279,0,-7672,0,0,0,0,10812,1088,20091,1607,0,0,10812,-9279,0,-7672,0,0,0,0,10812,1088,20091,1607,0
727,0.7269,0.72690001,0.72690003,0.726901,0.726901,36345001,36345002,-5242880,-5244128,1,0,1,0,0,0,15374,-7672,0,-5828,0,0,0,0,15374,1248,23046,1844,0,0,15374,-7672,0,-5828,0,0,0,0,15374,1248,23046,1844,0
728,0.7279,0.72790001,0.72790003,0.727901,0.727901,36395001,36395002,-5242880,-5245144,1,0,1,0,0,1,35980,-5828,0,-2483,0,0,0,0,35980,2264,41808,3345,0,1,35980,-5828,0,-2483,0,0,0,0,35980,2264,41808,3345,0
729,0.7289,0.72890001,0.72890003,0.728901,0.728901,36445001,36445002,-5242880,-5243097,1,0,1,0,0,0,1524,-2483,0,-2162,0,0,0,0,1524,217,4007,321,0,0,1524,-2483,0,-2162,0,0,0,0,1524,217,4007,321,0
730,0.7299,0.72990001,0.72990003,0.729901,0.729901,36495001,36495002,-5242880,-5241742,1,0,1,0,0,-1,-23177,-2162,0,-3843,0,0,0,0,-23177,-1138,-21015,-1681,0,-1,-23177,-2162,0,-3843,0,0,0,0,-23177,-1138,-21015,-1681,0
731,0.7309,0.73090001,0.73090003,0.730901,0.730901,36545001,36545002,-5242880,-5241833,1,0,1,0,0,-1,-23177,-3843,0,-5390,0,0,0,0,-23177,-1047,-19334,-1547,0,-1,-23177,-3843,0,-5390,0,0,0,0,-23177,-1047,-19334,-1547,0
732,0.7319,0.73190001,0.73190003,0.731901,0.731901,36595001,36595002,-5242880,-5243039,1,0,1,0,0,0,-2454,-5390,0,-5155,0,0,0,0,-2454,159,2936,235,0,0,-2454,-5390,0,-5155,0,0,0,0,-2454,159,2936,235,0
733,0.7329,0.73290001,0.73290003,0.732901,0.732901,36645001,36645002,-5242880,-5241925,1,0,1,0,0,-1,-22790,-5155,0,-6566,0,0,0,0,-22790,-955,-17635,-1411,0,-1,-22790,-5155,0,-6566,0,0,0,0,-22790,-955,-17635,-1411,0
734,0.7339,0.73390001,0.73390003,0.733901,0.733901,36695001,36695002,-5242880,-5244657,1,0,1,0,0,1,26249,-6566,0,-3941,0,0,0,0,26249,1777,32815,2625,0,1,26249,-6566,0,-3941,0,0,0,0,26249,1777,32815,2625,0
735,0.7349,0.73490001,0.73490003,0.734901,0.734901,36745001,36745002,-5242880,-5245510,1,0,1,0,0,1,44625,-3941,0,-56,0,0,0,0,44625,2630,48566,3885,0,1,44625,-3941,0,-56,0,0,0,0,44625,2630,48566,3885,0
736,0.7359,0.73590001,0.73590003,0.735901,0.735901,36795001,36795002,-5242880,-5243332,1,0,1,0,0,0,8291,-56,0,612,0,0,0,0,8291,452,8347,668,0,0,8291,-56,0,612,0,0,0,0,8291,452,8347,668,0
737,0.7369,0.73690001,0.73690003,0.736901,0.736901,36845001,36845002,-5242880,-5241815,1,0,1,0,0,-1,-19055,612,0,-961,0,0,0,0,-19055,-1065,-19667,-1573,0,-1,-19055,612,0,-961,0,0,0,0,-19055,-1065,-19667,-1573,0
738,0.7379,0.73790001,0.73790003,0.737901,0.737901,36895001,36895002,-5242880,-5241772,1,0,1,0,0,-1,-21422,-961,0,-2598,0,0,0,0,-21422,-1108,-20461,-1637,0,-1,-21422,-961,0,-2598,0,0,0,0,-21422,-1108,-20461,-1637,0
739,0.7389,0.73890001,0.73890003,0.738901,0.738901,36945001,36945002,-5242880,-5242921,1,0,1,0,0,0,-1841,-2598,0,-2537,0,0,0,0,-1841,41,757,61,0,0,-1841,-2598,0,-2537,0,0,0,0,-1841,41,757,61,0
740,0.7399,0.73990001,0.73990003,0.739901,0.739901,36995001,36995002,-5242880,-5244589,1,0,1,0,0,1,29022,-2537,0,-12,0,0,0,0,29022,1709,31559,2525,0,1,29022,-2537,0,-12,0,0,0,0,29022,1709,31559,2525,0
741,0.7409,0.74090001,0.74090003,0.740901,0.740901,37045001,37045002,-5242880,-5245611,1,0,1,0,0,2,50419,-12,0,4023,0,0,0,0,50419,2731,50431,4035,0,2,50419,-12,0,4023,0,0,0,0,50419,2731,50431,4035,0
742,0.7419,0.74190001,0.74190003,0.741901,0.741901,37095001,37095002,-5242880,-5242769,1,0,1,0,0,0,1973,4023,0,3859,0,0,0,0,1973,-111,-2050,-164,0,0,1973,4023,0,3859,0,0,0,0,1973,-111,-2050,-164,0
743,0.7429,0.74290001,0.74290003,0.742901,0.742901,37145001,37145002,-5242880,-5247812,1,0,1,0,0,3,94935,3859,0,11145,0,0,0,0,94935,4932,91076,7286,0,3,94935,3859,0,11145,0,0,0,0,94935,4932,91076,7286,0
744,0.7439,0.74390001,0.74390003,0.743901,0.743901,37195001,37195002,-5242880,-5242513,1,0,1,0,0,0,4368,11145,0,10603,0,0,0,0,4368,-367,-6777,-542,0,0,4368,11145,0,10603,0,0,0,0,4368,-367,-6777,-542,0
745,0.7449,0.74490001,0.74490003,0.744901,0.744901,37245001,37245002,-5242880,-5240461,1,0,1,0,0,-1,-34067,10603,0,7029,0,0,0,0,-34067,-2419,-44670,-3574,0,-1,-34067,10603,0,7029,0,0,0,0,-34067,-2419,-44670,-3574,0
746,0.7459,0.74590001,0.74590003,0.745901,0.745901,37295001,37295002,-5242880,-5243184,1,0,1,0,0,0,12643,7029,0,7478,0,0,0,0,12643,304,5614,449,0,0,12643,7029,0,7478,0,0,0,0,12643,304,5614,449,0
747,0.7469,0.74690001,0.74690003,0.746901,0.746901,37345001,37345002,-5242880,-5241700,1,0,1,0,0,0,-14312,7478,0,5735,0,0,0,0,-14312,-1180,-21790,-1743,0,0,-14312,7478,0,5735,0,0,0,0,-14312,-1180,-21790,-1743,0
748,0.7479,0.74790001,0.74790003,0.747901,0.747901,37395001,37395002,-5242880,-5245306,1,0,1,0,0,2,50534,5735,0,9319,0,0,0,0,50534,2426,44799,3584,0,2,50534,5735,0,9319,0,0,0,0,50534,2426,44799,3584,0
749,0.7489,0.74890001,0.74890003,0.748901,0.748901,37445001,37445002,-5242880,-5239576,1,0,1,0,0,-2,-51694,9319,0,4438,0,0,0,0,-51694,-3304,-61013,-4881,0,-2,-51694,9319,0,4438,0,0,0,0,-51694,-3304,-61013,-4881,0
750,0.7499,0.74990001,0.74990003,0.749901,0.749901,37495001,37495002,-5242880,-5239434,1,0,1,0,0,-2,-59197,4438,0,-653,0,0,0,0,-59197,-3446,-63635,-5091,0,-2,-59197,4438,0,-653,0,0,0,0,-59197,-3446,-63635,-5091,0
751,0.7509,0.75090001,0.75090003,0.750901,0.750901,37545001,37545002,-5195694,-5241015,1,0,1,0,0,26,836257,-653,0,66300,0,0,0,0,836257,45321,836910,66953,0,26,836257,-653,0,66300,0,0,0,0,836257,45321,836910,66953,0
752,0.7519,0.75190001,0.75190003,0.751901,0.751901,37595001,37595002,-5143265,-5223327,1,0,1,0,0,47,1544747,66300,0,184576,0,0,0,0,1544747,80062,1478447,118276,0,47,1544747,66300,0,184576,0,0,0,0,1544747,80062,1478447,118276,0
753,0.7529,0.75290001,0.75290003,0.752901,0.752901,37645001,37645002,-5090836,-5188512,1,0,1,0,0,61,1988288,184576,0,328873,0,0,0,0,1988288,97676,1803712,144297,0,61,1988288,184576,0,328873,0,0,0,0,1988288,97676,1803712,144297,0
754,0.7539,0.75390001,0.75390003,0.753901,0.753901,37695001,37695002,-5038408,-5138758,1,0,1,0,0,67,2181964,328873,0,477120,0,0,0,0,2181964,100350,1853091,148247,0,67,2181964,328873,0,477120,0,0,0,0,2181964,100350,1853091,148247,0
755,0.7549,0.75490001,0.75490003,0.754901,0.754901,37745001,37745002,-4985979,-5090815,1,0,1,0,0,74,2413051,477120,0,631994,0,0,0,0,2413051,104836,1935931,154874,0,74,2413051,477120,0,631994,0,0,0,0,2413051,104836,1935931,154874,0
756,0.7559,0.75590001,0.75590003,0.755901,0.755901,37795001,37795002,-4933550,-5044644,1,0,1,0,0,82,2683487,631994,0,796113,0,0,0,0,2683487,111094,2051493,164119,0,82,2683487,631994,0,796113,0,0,0,0,2683487,111094,2051493,164119,0
757,0.7569,0.75690001,0.75690003,0.756901,0.756901,37845001,37845002,-4881121,-4990366,1,0,1,0,0,86,2813462,796113,0,957501,0,0,0,0,2813462,109245,2017349,161388,0,86,2813462,796113,0,957501,0,0,0,0,2813462,109245,2017349,161388,0
758,0.7579,0.75790001,0.75790003,0.757901,0.757901,37895001,37895002,-4828692,-4925300,1,0,1,0,0,84,2741491,957501,0,1100220,0,0,0,0,2741491,96608,1783990,142719,0,84,2741491,957501,0,1100220,0,0,0,0,2741491,96608,1783990,142719,0
759,0.7589,0.75890001,0.75890003,0.758901,0.758901,37945001,37945002,-4776264,-4860115,1,0,1,0,0,81,2648636,1100220,0,1224093,0,0,0,0,2648636,83851,1548416,123873,0,81,2648636,1100220,0,1224093,0,0,0,0,2648636,83851,1548416,123873,0
760,0.7599,0.75990001,0.75990003,0.759901,0.759901,37995001,37995002,-4723835,-4794506,1,0,1,0,0,77,2529123,1224093,0,1328495,0,0,0,0,2529123,70671,1305030,104402,0,77,2529123,1224093,0,1328495,0,0,0,0,2529123,70671,1305030,104402,0
761,0.7609,0.76090001,0.76090003,0.760901,0.760901,38045001,38045002,-4671406,-4734814,1,0,1,0,0,76,2499405,1328495,0,1422168,0,0,0,0,2499405,63408,1170910,93673,0,76,2499405,1328495,0,1422168,0,0,0,0,2499405,63408,1170910,93673,0
762,0.7619,0.76190001,0.76190003,0.761901,0.761901,38095001,38095002,-4618977,-4670648,1,0,1,0,0,73,2376339,1422168,0,1498502,0,0,0,0,2376339,51671,954171,76334,0,73,2376339,1422168,0,1498502,0,0,0,0,2376339,51671,954171,76334,0
763,0.7629,0.76290001,0.76290003,0.762901,0.762901,38145001,38145002,-4566548,-4615431,1,0,1,0,0,73,2401189,1498502,0,1570717,0,0,0,0,2401189,48883,902687,72215,0,73,2401189,1498502,0,1570717,0,0,0,0,2401189,48883,902687,72215,0
764,0.7639,0.76390001,0.76390003,0.763901,0.763901,38195001,38195002,-4514120,-4552328,1,0,1,0,0,69,2276277,1570717,0,1627162,0,0,0,0,2276277,38208,705560,56445,0,69,2276277,1570717,0,1627162,0,0,0,0,2276277,38208,705560,56445,0
765,0.7649,0.76490001,0.76490003,0.764901,0.764901,38245001,38245002,-4461691,-4499306,1,0,1,0,0,71,2321771,1627162,0,1682731,0,0,0,0,2321771,37615,694609,55569,0,71,2321771,1627162,0,1682731,0,0,0,0,2321771,37615,694609,55569,0
766,0.7659,0.76590001,0.76590003,0.765901,0.765901,38295001,38295002,-4409262,-4443376,1,0,1,0,0,71,2312690,1682731,0,1733128,0,0,0,0,2312690,34114,629959,50397,0,71,2312690,1682731,0,1733128,0,0,0,0,2312690,34114,629959,50397,0
767,0.7669,0.76690001,0.76690003,0.766901,0.766901,38345001,38345002,-4356833,-4384909,1,0,1,0,0,69,2251587,1733128,0,1774605,0,0,0,0,2251587,28076,518459,41477,0,69,2251587,1733128,0,1774605,0,0,0,0,2251587,28076,518459,41477,0
768,0.7679,0.76790001,0.76790003,0.767901,0.767901,38395001,38395002,-4304404,-4330155,1,0,1,0,0,69,2250130,1774605,0,1812647,0,0,0,0,2250130,25751,475525,38042,0,69,2250130,1774605,0,1812647,0,0,0,0,2250130,25751,475525,38042,0
769,0.7689,0.76890001,0.76890003,0.768901,0.768901,38445001,38445002,-4251976,-4281926,1,0,1,0,0,72,2365712,1812647,0,1856892,0,0,0,0,2365712,29950,553065,44245,0,72,2365712,1812647,0,1856892,0,0,0,0,2365712,29950,553065,44245,0
770,0.7699,0.76990001,0.76990003,0.769901,0.769901,38495001,38495002,-4199547,-4221557,1,0,1,0,0,69,2263335,1856892,0,1889407,0,0,0,0,2263335,22010,406443,32515,0,69,2263335,1856892,0,1889407,0,0,0,0,2263335,22010,406443,32515,0
771,0.7709,0.77090001,0.77090003,0.770901,0.770901,38545001,38545002,-4147118,-4166675,1,0,1,0,0,69,2250552,1889407,0,1918299,0,0,0,0,2250552,19557,361145,28892,0,69,2250552,1889407,0,1918299,0,0,0,0,2250552,19557,361145,28892,0
772,0.7719,0.77190001,0.77190003,0.771901,0.771901,38595001,38595002,-4094689,-4112618,1,0,1,0,0,69,2249381,1918299,0,1944786,0,0,0,0,2249381,17929,331082,26487,0,69,2249381,1918299,0,1944786,0,0,0,0,2249381,17929,331082,26487,0
773,0.7729,0.77290001,0.77290003,0.772901,0.772901,38645001,38645002,-4042260,-4057467,1,0,1,0,0,68,2225603,1944786,0,1967251,0,0,0,0,2225603,15207,280817,22465,0,68,2225603,1944786,0,1967251,0,0,0,0,2225603,15207,280817,22465,0
774,0.7739,0.77390001,0.77390003,0.773901,0.773901,38695001,38695002,-3989832,-4000502,1,0,1,0,0,66,2164286,1967251,0,1983014,0,0,0,0,2164286,10670,197035,15763,0,66,2164286,1967251,0,1983014,0,0,0,0,2164286,10670,197035,15763,0
775,0.7749,0.77490001,0.77490003,0.774901,0.774901,38745001,38745002,-3937403,-3947266,1,0,1,0,0,66,2165147,1983014,0,1997585,0,0,0,0,2165147,9863,182133,14571,0,66,2165147,1983014,0,1997585,0,0,0,0,2165147,9863,182133,14571,0
776,0.7759,0.77590001,0.77590003,0.775901,0.775901,38795001,38795002,-3884974,-3894007,1,0,1,0,0,66,2164391,1997585,0,2010929,0,0,0,0,2164391,9033,166806,13344,0,66,2164391,1997585,0,2010929,0,0,0,0,2164391,9033,166806,13344,0
777,0.7769,0.77690001,0.77690003,0.776901,0.776901,38845001,38845002,-3832545,-3842303,1,0,1,0,0,67,2191123,2010929,0,2025345,0,0,0,0,2191123,9758,180194,14416,0,67,2191123,2010929,0,2025345,0,0,0,0,2191123,9758,180194,14416,0
778,0.7779,0.77790001,0.77790003,0.777901,0.777901,38895001,38895002,-3780116,-3788962,1,0,1,0,0,67,2188698,2025345,0,2038413,0,0,0,0,2188698,8846,163353,13068,0,67,2188698,2025345,0,2038413,0,0,0,0,2188698,8846,163353,13068,0
779,0.7789,0.77890001,0.77890003,0.778901,0.778901,38945001,38945002,-3727688,-3736308,1,0,1,0,0,67,2197592,2038413,0,2051147,0,0,0,0,2197592,8620,159179,12734,0,67,2197592,2038413,0,2051147,0,0,0,0,2197592,8620,159179,12734,0
780,0.7799,0.77990001,0.77990003,0.779901,0.779901,38995001,38995002,-3675259,-3686119,1,0,1,0,0,69,2251691,2051147,0,2067191,0,0,0,0,2251691,10860,200544,16044,0,69,2251691,2051147,0,2067191,0,0,0,0,2251691,10860,200544,16044,0
781,0.7809,0.78090001,0.78090003,0.780901,0.780901,39045001,39045002,-3622830,-3631147,1,0,1,0,0,68,2220775,2067191,0,2079478,0,0,0,0,2220775,8317,153584,12287,0,68,2220775,2067191,0,2079478,0,0,0,0,2220775,8317,153584,12287,0
782,0.7819,0.78190001,0.78190003,0.781901,0.781901,39095001,39095002,-3570401,-3573642,1,0,1,0,0,65,2139327,2079478,0,2084266,0,0,0,0,2139327,3241,59849,4788,0,65,2139327,2079478,0,2084266,0,0,0,0,2139327,3241,59849,4788,0
783,0.7829,0.78290001,0.78290003,0.782901,0.782901,39145001,39145002,-3517972,-3527481,1,0,1,0,0,69,2259862,2084266,0,2098314,0,0,0,0,2259862,9509,175596,14048,0,69,2259862,2084266,0,2098314,0,0,0,0,2259862,9509,175596,14048,0
784,0.7839,0.78390001,0.78390003,0.783901,0.783901,39195001,39195002,-3465544,-3473535,1,0,1,0,0,69,2245878,2098314,0,2110119,0,0,0,0,2245878,7991,147564,11805,0,69,2245878,2098314,0,2110119,0,0,0,0,2245878,7991,147564,11805,0
785,0.7849,0.78490001,0.78490003,0.784901,0.784901,39245001,39245002,-3413115,-3423690,1,0,1,0,0,70,2305400,2110119,0,2125741,0,0,0,0,2305400,10575,195281,15622,0,70,2305400,2110119,0,2125741,0,0,0,0,2305400,10575,195281,15622,0
786,0.7859,0.78590001,0.78590003,0.785901,0.785901,39295001,39295002,-3360686,-3380332,1,0,1,0,0,76,2488529,2125741,0,2154764,0,0,0,0,2488529,19646,362788,29023,0,76,2488529,2125741,0,2154764,0,0,0,0,2488529,19646,362788,29023,0
787,0.7869,0.78690001,0.78690003,0.786901,0.786901,39345001,39345002,-3308257,-3328482,1,0,1,0,0,77,2528244,2154764,0,2184642,0,0,0,0,2528244,20225,373480,29878,0,77,2528244,2154764,0,2184642,0,0,0,0,2528244,20225,373480,29878,0
788,0.7879,0.78790001,0.78790003,0.787901,0.787901,39395001,39395002,-3255828,-3266977,1,0,1,0,0,73,2390523,2184642,0,2201112,0,0,0,0,2390523,11149,205881,16470,0,73,2390523,2184642,0,2201112,0,0,0,0,2390523,11149,205881,16470,0
789,0.7889,0.78890001,0.78890003,0.788901,0.788901,39445001,39445002,-3203400,-3209603,1,0,1,0,0,71,2315658,2201112,0,2210276,0,0,0,0,2315658,6203,114546,9164,0,71,2315658,2201112,0,2210276,0,0,0,0,2315658,6203,114546,9164,0
790,0.7899,0.78990001,0.78990003,0.789901,0.789901,39495001,39495002,-3150971,-3154324,1,0,1,0,0,69,2272193,2210276,0,2215229,0,0,0,0,2272193,3353,61917,4953,0,69,2272193,2210276,0,2215229,0,0,0,0,2272193,3353,61917,4953,0
791,0.7909,0.79090001,0.79090003,0.790901,0.790901,39545001,39545002,-3098542,-3098751,1,0,1,0,0,68,2219088,2215229,0,2215538,0,0,0,0,2219088,209,3859,309,0,68,2219088,2215229,0,2215538,0,0,0,0,2219088,209,3859,309,0
792,0.7919,0.79190001,0.79190003,0.791901,0.791901,39595001,39595002,-3046113,-3045287,1,0,1,0,0,67,2200285,2215538,0,2214318,0,0,0,0,2200285,-826,-15253,-1220,0,67,2200285,2215538,0,2214318,0,0,0,0,2200285,-826,-15253,-1220,0
793,0.7929,0.79290001,0.79290003,0.792901,0.792901,39645001,39645002,-2993684,-2988515,1,0,1,0,0,65,2118866,2214318,0,2206682,0,0,0,0,2118866,-5169,-95452,-7636,0,65,2118866,2214318,0,2206682,0,0,0,0,2118866,-5169,-95452,-7636,0
794,0.7939,0.79390001,0.79390003,0.793901,0.793901,39695001,39695002,-2941256,-2939629,1,0,1,0,0,66,2176637,2206682,0,2204278,0,0,0,0,2176637,-1627,-30045,-2404,0,66,2176637,2206682,0,2204278,0,0,0,0,2176637,-1627,-30045,-2404,0
795,0.7949,0.79490001,0.79490003,0.794901,0.794901,39745001,39745002,-2888827,-2884431,1,0,1,0,0,65,2123100,2204278,0,2197784,0,0,0,0,2123100,-4396,-81178,-6494,0,65,2123100,2204278,0,2197784,0,0,0,0,2123100,-4396,-81178,-6494,0
796,0.7959,0.79590001,0.79590003,0.795901,0.795901,39795001,39795002,-2836398,-2831630,1,0,1,0,0,64,2109737,2197784,0,2190740,0,0,0,0,2109737,-4768,-88047,-7044,0,64,2109737,2197784,0,2190740,0,0,0,0,2109737,-4768,-88047,-7044,0
797,0.7969,0.79690001,0.79690003,0.796901,0.796901,39845001,39845002,-2783969,-2783233,1,0,1,0,0,66,2177149,2190740,0,2189653,0,0,0,0,2177149,-736,-13591,-1087,0,66,2177149,2190740,0,2189653,0,0,0,0,2177149,-736,-13591,-1087,0
798,0.7979,0.79790001,0.79790003,0.797901,0.797901,39895001,39895002,-2731540,-2730539,1,0,1,0,0,66,2171168,2189653,0,2188174,0,0,0,0,2171168,-1001,-18485,-1479,0,66,2171168,2189653,0,2188174,0,0,0,0,2171168,-1001,-18485,-1479,0
799,0.7989,0.79890001,0.79890003,0.798901,0.798901,39945001,39945002,-2679112,-2679583,1,0,1,0,0,67,2196872,2188174,0,2188870,0,0,0,0,2196872,471,8698,696,0,67,2196872,2188174,0,2188870,0,0,0,0,2196872,471,8698,696,0
800,0.7999,0.79990001,0.79990003,0.799901,0.799901,39995001,39995002,-2626683,-2624874,1,0,1,0,0,66,2155465,2188870,0,2186198,0,0,0,0,2155465,-1809,-33405,-2672,0,66,2155465,2188870,0,2186198,0,0,0,0,2155465,-1809,-33405,-2672,0
801,0.8009,0.80090001,0.80090003,0.800901,0.800901,40045001,40045002,-2574254,-2571745,1,0,1,0,0,65,2139866,2186198,0,2182491,0,0,0,0,2139866,-2509,-46332,-3707,0,65,2139866,2186198,0,2182491,0,0,0,0,2139866,-2509,-46332,-3707,0
802,0.8019,0.80190001,0.80190003,0.801901,0.801901,40095001,40095002,-2521825,-2521011,1,0,1,0,0,66,2167459,2182491,0,2181288,0,0,0,0,2167459,-814,-15032,-1203,0,66,2167459,2182491,0,2181288,0,0,0,0,2167459,-814,-15032,-1203,0
803,0.8029,0.80290001,0.80290003,0.802901,0.802901,40145001,40145002,-2469396,-2468534,1,0,1,0,0,66,2165370,2181288,0,2180015,0,0,0,0,2165370,-862,-15918,-1273,0,66,2165370,2181288,0,2180015,0,0,0,0,2165370,-862,-15918,-1273,0
804,0.8039,0.80390001,0.80390003,0.803901,0.803901,40195001,40195002,-2416968,-2413830,1,0,1,0,0,65,2122068,2180015,0,2175379,0,0,0,0,2122068,-3138,-57947,-4636,0,65,2122068,2180015,0,2175379,0,0,0,0,2122068,-3138,-57947,-4636,0
805,0.8049,0.80490001,0.80490003,0.804901,0.804901,40245001,40245002,-2364539,-2365953,1,0,1,0,0,67,2201490,2175379,0,2177468,0,0,0,0,2201490,1414,26111,2089,0,67,2201490,2175379,0,2177468,0,0,0,0,2201490,1414,26111,2089,0
806,0.8059,0.80590001,0.80590003,0.805901,0.805901,40295001,40295002,-2312110,-2308283,1,0,1,0,0,64,2106798,2177468,0,2171814,0,0,0,0,2106798,-3827,-70670,-5654,0,64,2106798,2177468,0,2171814,0,0,0,0,2106798,-3827,-70670,-5654,0
807,0.8069,0.80690001,0.80690003,0.806901,0.806901,40345001,40345002,-2259681,-2258896,1,0,1,0,0,66,2157318,2171814,0,2170654,0,0,0,0,2157318,-785,-14496,-1160,0,66,2157318,2171814,0,2170654,0,0,0,0,2157318,-785,-14496,-1160,0
808,0.8079,0.80790001,0.80790003,0.807901,0.807901,40395001,40395002,-2207252,-2205188,1,0,1,0,0,65,2132540,2170654,0,2167605,0,0,0,0,2132540,-2064,-38114,-3049,0,65,2132540,2170654,0,2167605,0,0,0,0,2132540,-2064,-38114,-3049,0
809,0.8089,0.80890001,0.80890003,0.808901,0.808901,40445001,40445002,-2154824,-2153293,1,0,1,0,0,65,2139333,2167605,0,2165343,0,0,0,0,2139333,-1531,-28272,-2262,0,65,2139333,2167605,0,2165343,0,0,0,0,2139333,-1531,-28272,-2262,0
810,0.8099,0.80990001,0.80990003,0.809901,0.809901,40495001,40495002,-2102395,-2104478,1,0,1,0,0,67,2203808,2165343,0,2168420,0,0,0,0,2203808,2083,38465,3077,0,67,2203808,2165343,0,2168420,0,0,0,0,2203808,2083,38465,3077,0
811,0.8109,0.81090001,0.81090003,0.810901,0.810901,40545001,40545002,-2049966,-2051061,1,0,1,0,0,67,2188641,2168420,0,2170038,0,0,0,0,2188641,1095,20221,1618,0,67,2188641,2168420,0,2170038,0,0,0,0,2188641,1095,20221,1618,0
812,0.8119,0.81190001,0.81190003,0.811901,0.811901,40595001,40595002,-1997537,-1995114,1,0,1,0,0,65,2125294,2170038,0,2166458,0,0,0,0,2125294,-2423,-44744,-3580,0,65,2125294,2170038,0,2166458,0,0,0,0,2125294,-2423,-44744,-3580,0
813,0.8129,0.81290001,0.81290003,0.812901,0.812901,40645001,40645002,-1945108,-1949981,1,0,1,0,0,69,2256444,2166458,0,2173657,0,0,0,0,2256444,4873,89986,7199,0,69,2256444,2166458,0,2173657,0,0,0,0,2256444,4873,89986,7199,0
814,0.8139,0.81390001,0.81390003,0.813901,0.813901,40695001,40695002,-1892680,-1898072,1,0,1,0,0,69,2273227,2173657,0,2181623,0,0,0,0,2273227,5392,99570,7966,0,69,2273227,2173657,0,2181623,0,0,0,0,2273227,5392,99570,7966,0
815,0.8149,0.81490001,0.81490003,0.814901,0.814901,40745001,40745002,-1840251,-1848778,1,0,1,0,0,71,2339085,2181623,0,2194220,0,0,0,0,2339085,8527,157462,12597,0,71,2339085,2181623,0,2194220,0,0,0,0,2339085,8527,157462,12597,0
816,0.8159,0.81590001,0.81590003,0.815901,0.815901,40795001,40795002,-1787822,-1805633,1,0,1,0,0,77,2523123,2194220,0,2220532,0,0,0,0,2523123,17811,328903,26312,0,77,2523123,2194220,0,2220532,0,0,0,0,2523123,17811,328903,26312,0
817,0.8169,0.81690001,0.81690003,0.816901,0.816901,40845001,40845002,-1735393,-1748554,1,0,1,0,0,75,2463567,2220532,0,2239975,0,0,0,0,2463567,13161,243035,19443,0,75,2463567,2220532,0,2239975,0,0,0,0,2463567,13161,243035,19443,0
818,0.8179,0.81790001,0.81790003,0.817901,0.817901,40895001,40895002,-1682964,-1689194,1,0,1,0,0,72,2355020,2239975,0,2249179,0,0,0,0,2355020,6230,115045,9204,0,72,2355020,2239975,0,2249179,0,0,0,0,2355020,6230,115045,9204,0
819,0.8189,0.81890001,0.81890003,0.818901,0.818901,40945001,40945002,-1630536,-1631580,1,0,1,0,0,69,2268458,2249179,0,2250721,0,0,0,0,2268458,1044,19279,1542,0,69,2268458,2249179,0,2250721,0,0,0,0,2268458,1044,19279,1542,0
820,0.8199,0.81990001,0.81990003,0.819901,0.819901,40995001,40995002,-1578107,-1576470,1,0,1,0,0,68,2220492,2250721,0,2248303,0,0,0,0,2220492,-1637,-30229,-2418,0,68,2220492,2250721,0,2248303,0,0,0,0,2220492,-1637,-30229,-2418,0
821,0.8209,0.82090001,0.82090003,0.820901,0.820901,41045001,41045002,-1525678,-1524880,1,0,1,0,0,68,2233567,2248303,0,2247124,0,0,0,0,2233567,-798,-14736,-1179,0,68,2233567,2248303,0,2247124,0,0,0,0,2233567,-798,-14736,-1179,0
822,0.8219,0.82190001,0.82190003,0.821901,0.821901,41095001,41095002,-1473249,-1465888,1,0,1,0,0,64,2111194,2247124,0,2236250,0,0,0,0,2111194,-7361,-135930,-10874,0,64,2111194,2247124,0,2236250,0,0,0,0,2111194,-7361,-135930,-10874,0
823,0.8229,0.82290001,0.82290003,0.822901,0.822901,41145001,41145002,-1420820,-1416072,1,0,1,0,0,66,2148572,2236250,0,2229236,0,0,0,0,2148572,-4748,-87678,-7014,0,66,2148572,2236250,0,2229236,0,0,0,0,2148572,-4748,-87678,-7014,0
824,0.8239,0.82390001,0.82390003,0.823901,0.823901,41195001,41195002,-1368392,-1362111,1,0,1,0,0,64,2113249,2229236,0,2219957,0,0,0,0,2113249,-6281,-115987,-9279,0,64,2113249,2229236,0,2219957,0,0,0,0,2113249,-6281,-115987,-9279,0
825,0.8249,0.82490001,0.82490003,0.824901,0.824901,41245001,41245002,-1315963,-1311862,1,0,1,0,0,65,2144227,2219957,0,2213899,0,0,0,0,2144227,-4101,-75730,-6058,0,65,2144227,2219957,0,2213899,0,0,0,0,2144227,-4101,-75730,-6058,0
826,0.8259,0.82590001,0.82590003,0.825901,0.825901,41295001,41295002,-1263534,-1259583,1,0,1,0,0,65,2140939,2213899,0,2208062,0,0,0,0,2140939,-3951,-72960,-5837,0,65,2140939,2213899,0,2208062,0,0,0,0,2140939,-3951,-72960,-5837,0
827,0.8269,0.82690001,0.82690003,0.826901,0.826901,41345001,41345002,-1211105,-1210172,1,0,1,0,0,67,2190833,2208062,0,2206684,0,0,0,0,2190833,-933,-17229,-1378,0,67,2190833,2208062,0,2206684,0,0,0,0,2190833,-933,-17229,-1378,0
828,0.8279,0.82790001,0.82790003,0.827901,0.827901,41395001,41395002,-1158676,-1153730,1,0,1,0,0,65,2115350,2206684,0,2199377,0,0,0,0,2115350,-4946,-91334,-7307,0,65,2115350,2206684,0,2199377,0,0,0,0,2115350,-4946,-91334,-7307,0
829,0.8289,0.82890001,0.82890003,0.828901,0.828901,41445001,41445002,-1106248,-1106075,1,0,1,0,0,67,2196182,2199377,0,2199121,0,0,0,0,2196182,-173,-3195,-256,0,67,2196182,2199377,0,2199121,0,0,0,0,2196182,-173,-3195,-256,0
830,0.8299,0.82990001,0.82990003,0.829901,0.829901,41495001,41495002,-1053819,-1052054,1,0,1,0,0,66,2166528,2199121,0,2196514,0,0,0,0,2166528,-1765,-32593,-2607,0,66,2166528,2199121,0,2196514,0,0,0,0,2166528,-1765,-32593,-2607,0
831,0.8309,0.83090001,0.83090003,0.830901,0.830901,41545001,41545002,-1001390,-998926,1,0,1,0,0,66,2151013,2196514,0,2192874,0,0,0,0,2151013,-2464,-45501,-3640,0,66,2151013,2196514,0,2192874,0,0,0,0,2151013,-2464,-45501,-3640,0
832,0.8319,0.83190001,0.83190003,0.831901,0.831901,41595001,41595002,-948961,-948019,1,0,1,0,0,66,2175479,2192874,0,2191482,0,0,0,0,2175479,-942,-17395,-1392,0,66,2175479,2192874,0,2191482,0,0,0,0,2175479,-942,-17395,-1392,0
833,0.8329,0.83290001,0.83290003,0.832901,0.832901,41645001,41645002,-896532,-895342,1,0,1,0,0,66,2169507,2191482,0,2189724,0,0,0,0,2169507,-1190,-21975,-1758,0,66,2169507,2191482,0,2189724,0,0,0,0,2169507,-1190,-21975,-1758,0
834,0.8339,0.83390001,0.83390003,0.833901,0.833901,41695001,41695002,-844104,-840452,1,0,1,0,0,65,2122285,2189724,0,2184329,0,0,0,0,2122285,-3652,-67439,-5395,0,65,2122285,2189724,0,2184329,0,0,0,0,2122285,-3652,-67439,-5395,0
835,0.8349,0.83490001,0.83490003,0.834901,0.834901,41745001,41745002,-791675,-792409,1,0,1,0,0,67,2197883,2184329,0,2185413,0,0,0,0,2197883,734,13554,1084,0,67,2197883,2184329,0,2185413,0,0,0,0,2197883,734,13554,1084,0
836,0.8359,0.83590001,0.83590003,0.835901,0.835901,41795001,41795002,-739246,-734555,1,0,1,0,0,64,2098788,2185413,0,2178483,0,0,0,0,2098788,-4691,-86625,-6930,0,64,2098788,2185413,0,2178483,0,0,0,0,2098788,-4691,-86625,-6930,0
837,0.8369,0.83690001,0.83690003,0.836901,0.836901,41845001,41845002,-686817,-685046,1,0,1,0,0,65,2145779,2178483,0,2175867,0,0,0,0,2145779,-1771,-32704,-2616,0,65,2145779,2178483,0,2175867,0,0,0,0,2145779,-1771,-32704,-2616,0
838,0.8379,0.83790001,0.83790003,0.837901,0.837901,41895001,41895002,-634388,-634091,1,0,1,0,0,66,2170383,2175867,0,2175428,0,0,0,0,2170383,-297,-5484,-439,0,66,2170383,2175867,0,2175428,0,0,0,0,2170383,-297,-5484,-439,0
839,0.8389,0.83890001,0.83890003,0.838901,0.838901,41945001,41945002,-581960,-579850,1,0,1,0,0,65,2136464,2175428,0,2172311,0,0,0,0,2136464,-2110,-38964,-3117,0,65,2136464,2175428,0,2172311,0,0,0,0,2136464,-2110,-38964,-3117,0
840,0.8399,0.83990001,0.83990003,0.839901,0.839901,41995001,41995002,-529531,-530324,1,0,1,0,0,67,2186955,2172311,0,2173483,0,0,0,0,2186955,793,14644,1172,0,67,2186955,2172311,0,2173483,0,0,0,0,2186955,793,14644,1172,0
841,0.8409,0.84090001,0.84090003,0.840901,0.840901,42045001,42045002,-477102,-478844,1,0,1,0,0,67,2205651,2173483,0,2176056,0,0,0,0,2205651,1742,32168,2573,0,67,2205651,2173483,0,2176056,0,0,0,0,2205651,1742,32168,2573,0
842,0.8419,0.84190001,0.84190003,0.841901,0.841901,42095001,42095002,-424673,-421061,1,0,1,0,0,64,2109356,2176056,0,2170720,0,0,0,0,2109356,-3612,-66700,-5336,0,64,2109356,2176056,0,2170720,0,0,0,0,2109356,-3612,-66700,-5336,0
843,0.8429,0.84290001,0.84290003,0.842901,0.842901,42145001,42145002,-372244,-375415,1,0,1,0,0,68,2229277,2170720,0,2175405,0,0,0,0,2229277,3171,58557,4685,0,68,2229277,2170720,0,2175405,0,0,0,0,2229277,3171,58557,4685,0
844,0.8439,0.84390001,0.84390003,0.843901,0.843901,42195001,42195002,-319816,-323391,1,0,1,0,0,68,2241422,2175405,0,2180686,0,0,0,0,2241422,3575,66017,5281,0,68,2241422,2175405,0,2180686,0,0,0,0,2241422,3575,66017,5281,0
845,0.8449,0.84490001,0.84490003,0.844901,0.844901,42245001,42245002,-267387,-274097,1,0,1,0,0,70,2304595,2180686,0,2190599,0,0,0,0,2304595,6710,123909,9913,0,70,2304595,2180686,0,2190599,0,0,0,0,2304595,6710,123909,9913,0
846,0.8459,0.84590001,0.84590003,0.845901,0.845901,42295001,42295002,-214958,-230980,1,0,1,0,0,76,2486466,2190599,0,2214268,0,0,0,0,2486466,16022,295867,23669,0,76,2486466,2190599,0,2214268,0,0,0,0,2486466,16022,295867,23669,0
847,0.8469,0.84690001,0.84690003,0.846901,0.846901,42345001,42345002,-162529,-179256,1,0,1,0,0,77,2523153,2214268,0,2238979,0,0,0,0,2523153,16727,308885,24711,0,77,2523153,2214268,0,2238979,0,0,0,0,2523153,16727,308885,24711,0
848,0.8479,0.84790001,0.84790003,0.847901,0.847901,42395001,42395002,-110100,-117749,1,0,1,0,0,73,2380228,2238979,0,2250279,0,0,0,0,2380228,7649,141249,11300,0,73,2380228,2238979,0,2250279,0,0,0,0,2380228,7649,141249,11300,0
849,0.8489,0.84890001,0.84890003,0.848901,0.848901,42445001,42445002,-57672,-60431,1,0,1,0,0,70,2301227,2250279,0,2254355,0,0,0,0,2301227,2759,50948,4076,0,70,2301227,2250279,0,2254355,0,0,0,0,2301227,2759,50948,4076,0
850,0.8499,0.84990001,0.84990003,0.849901,0.849901,42495001,42495002,-5243,-5215,1,0,1,0,0,69,2253838,2254355,0,2254314,0,0,0,0,2253838,-28,-517,-41,0,69,2253838,2254355,0,2254314,0,0,0,0,2253838,-28,-517,-41,0
851,0.8509,0.85090001,0.85090003,0.850901,0.850901,42545001,42545002,0,50373,1,0,1,0,0,40,1324112,2254314,0,2179898,0,0,0,0,1324112,-50373,-930202,-74416,0,40,1324112,2254314,0,2179898,0,0,0,0,1324112,-50373,-930202,-74416,0
852,0.8519,0.85190001,0.85190003,0.851901,0.851901,42595001,42595002,0,88534,1,0,1,0,0,17,545005,2179898,0,2049106,0,0,0,0,545005,-88534,-1634893,-130792,0,17,545005,2179898,0,2049106,0,0,0,0,545005,-88534,-1634893,-130792,0
853,0.8529,0.85290001,0.85290003,0.852901,0.852901,42645001,42645002,0,104740,1,0,1,0,0,4,114948,2049106,0,1894373,0,0,0,0,114948,-104740,-1934158,-154733,0,4,114948,2049106,0,1894373,0,0,0,0,114948,-104740,-1934158,-154733,0
854,0.8539,0.85390001,0.85390003,0.853901,0.853901,42695001,42695002,0,106248,1,0,1,0,0,-2,-67632,1894373,0,1737413,0,0,0,0,-67632,-106248,-1962005,-156960,0,-2,-67632,1894373,0,1737413,0,0,0,0,-67632,-106248,-1962005,-156960,0
855,0.8549,0.85490001,0.85490003,0.854901,0.854901,42745001,42745002,0,103473,1,0,1,0,0,-5,-173348,1737413,0,1584552,0,0,0,0,-173348,-103473,-1910761,-152861,0,-5,-173348,1737413,0,1584552,0,0,0,0,-173348,-103473,-1910761,-152861,0
856,0.8559,0.85590001,0.85590003,0.855901,0.855901,42795001,42795002,0,103704,1,0,1,0,0,-10,-330475,1584552,0,1431350,0,0,0,0,-330475,-103704,-1915027,-153202,0,-10,-330475,1584552,0,1431350,0,0,0,0,-330475,-103704,-1915027,-153202,0
857,0.8569,0.85690001,0.85690003,0.856901,0.856901,42845001,42845002,0,97423,1,0,1,0,0,-11,-367690,1431350,0,1287427,0,0,0,0,-367690,-97423,-1799040,-143923,0,-11,-367690,1431350,0,1287427,0,0,0,0,-367690,-97423,-1799040,-143923,0
858,0.8579,0.85790001,0.85790003,0.857901,0.857901,42895001,42895002,0,84986,1,0,1,0,0,-9,-281948,1287427,0,1161877,0,0,0,0,-281948,-84986,-1569375,-125550,0,-9,-281948,1287427,0,1161877,0,0,0,0,-281948,-84986,-1569375,-125550,0
859,0.8589,0.85890001,0.85890003,0.858901,0.858901,42945001,42945002,0,72349,1,0,1,0,0,-5,-174140,1161877,0,1054996,0,0,0,0,-174140,-72349,-1336017,-106881,0,-5,-174140,1161877,0,1054996,0,0,0,0,-174140,-72349,-1336017,-106881,0
860,0.8599,0.85990001,0.85990003,0.859901,0.859901,42995001,42995002,0,77044,1,0,1,0,0,-11,-367720,1054996,0,941179,0,0,0,0,-367720,-77044,-1422716,-113817,0,-11,-367720,1054996,0,941179,0,0,0,0,-367720,-77044,-1422716,-113817,0
861,0.8609,0.86090001,0.86090003,0.860901,0.860901,43045001,43045002,0,71101,1,0,1,0,0,-11,-371792,941179,0,836141,0,0,0,0,-371792,-71101,-1312971,-105038,0,-11,-371792,941179,0,836141,0,0,0,0,-371792,-71101,-1312971,-105038,0
862,0.8619,0.86190001,0.86190003,0.861901,0.861901,43095001,43095002,0,61676,1,0,1,0,0,-9,-302785,836141,0,745027,0,0,0,0,-302785,-61676,-1138926,-91114,0,-9,-302785,836141,0,745027,0,0,0,0,-302785,-61676,-1138926,-91114,0
863,0.8629,0.86290001,0.86290003,0.862901,0.862901,43145001,43145002,0,52402,1,0,1,0,0,-7,-222643,745027,0,667613,0,0,0,0,-222643,-52402,-967670,-77414,0,-7,-222643,745027,0,667613,0,0,0,0,-222643,-52402,-967670,-77414,0
864,0.8639,0.86390001,0.86390003,0.863901,0.863901,43195001,43195002,0,44197,1,0,1,0,0,-5,-148541,667613,0,602321,0,0,0,0,-148541,-44197,-816154,-65292,0,-5,-148541,667613,0,602321,0,0,0,0,-148541,-44197,-816154,-65292,0
865,0.8649,0.86490001,0.86490003,0.864901,0.864901,43245001,43245002,0,37179,1,0,1,0,0,-3,-84237,602321,0,547396,0,0,0,0,-84237,-37179,-686558,-54925,0,-3,-84237,602321,0,547396,0,0,0,0,-84237,-37179,-686558,-54925,0
866,0.8659,0.86590001,0.86590003,0.865901,0.865901,43295001,43295002,0,31246,1,0,1,0,0,-1,-29601,547396,0,501236,0,0,0,0,-29601,-31246,-576997,-46160,0,-1,-29601,547396,0,501236,0,0,0,0,-29601,-31246,-576997,-46160,0
867,0.8669,0.86690001,0.86690003,0.866901,0.866901,43345001,43345002,0,38689,1,0,1,0,0,-7,-213206,501236,0,444081,0,0,0,0,-213206,-38689,-714442,-57155,0,-7,-213206,501236,0,444081,0,0,0,0,-213206,-38689,-714442,-57155,0
868,0.8679,0.86790001,0.86790003,0.867901,0.867901,43395001,43395002,0,41484,1,0,1,0,0,-10,-321974,444081,0,382797,0,0,0,0,-321974,-41484,-766055,-61284,0,-10,-321974,444081,0,382797,0,0,0,0,-321974,-41484,-766055,-61284,0
869,0.8689,0.86890001,0.86890003,0.868901,0.868901,43445001,43445002,0,37594,1,0,1,0,0,-10,-311424,382797,0,327259,0,0,0,0,-311424,-37594,-694221,-55538,0,-10,-311424,382797,0,327259,0,0,0,0,-311424,-37594,-694221,-55538,0
870,0.8699,0.86990001,0.86990003,0.869901,0.869901,43495001,43495002,0,32418,1,0,1,0,0,-8,-271381,327259,0,279368,0,0,0,0,-271381,-32418,-598640,-47891,0,-8,-271381,327259,0,279368,0,0,0,0,-271381,-32418,-598640,-47891,0
871,0.8709,0.87090001,0.87090003,0.870901,0.870901,43545001,43545002,0,27486,1,0,1,0,0,-7,-228196,279368,0,238763,0,0,0,0,-228196,-27486,-507564,-40605,0,-7,-228196,279368,0,238763,0,0,0,0,-228196,-27486,-507564,-40605,0
872,0.8719,0.87190001,0.87190003,0.871901,0.871901,43595001,43595002,0,23166,1,0,1,0,0,-6,-189027,238763,0,204540,0,0,0,0,-189027,-23166,-427790,-34223,0,-6,-189027,238763,0,204540,0,0,0,0,-189027,-23166,-427790,-34223,0
873,0.8729,0.87290001,0.87290003,0.872901,0.872901,43645001,43645002,0,19482,1,0,1,0,0,-5,-155220,204540,0,175759,0,0,0,0,-155220,-19482,-359760,-28781,0,-5,-155220,204540,0,175759,0,0,0,0,-155220,-19482,-359760,-28781,0
874,0.8739,0.87390001,0.87390003,0.873901,0.873901,43695001,43695002,0,16371,1,0,1,0,0,-4,-126552,175759,0,151574,0,0,0,0,-126552,-16371,-302311,-24185,0,-4,-126552,175759,0,151574,0,0,0,0,-126552,-16371,-302311,-24185,0
875,0.8749,0.87490001,0.87490003,0.874901,0.874901,43745001,43745002,0,13753,1,0,1,0,0,-3,-102393,151574,0,131257,0,0,0,0,-102393,-13753,-253967,-20317,0,-3,-102393,151574,0,131257,0,0,0,0,-102393,-13753,-253967,-20317,0
876,0.8759,0.87590001,0.87590003,0.875901,0.875901,43795001,43795002,0,11552,1,0,1,0,0,-3,-82065,131257,0,114191,0,0,0,0,-82065,-11552,-213322,-17066,0,-3,-82065,131257,0,114191,0,0,0,0,-82065,-11552,-213322,-17066,0
877,0.8769,0.87690001,0.87690003,0.876901,0.876901,43845001,43845002,0,9704,1,0,1,0,0,-2,-65006,114191,0,99855,0,0,0,0,-65006,-9704,-179197,-14336,0,-2,-65006,114191,0,99855,0,0,0,0,-65006,-9704,-179197,-14336,0
878,0.8779,0.87790001,0.87790003,0.877901,0.877901,43895001,43895002,0,8150,1,0,1,0,0,-2,-50645,99855,0,87815,0,0,0,0,-50645,-8150,-150500,-12040,0,-2,-50645,99855,0,87815,0,0,0,0,-50645,-8150,-150500,-12040,0
879,0.8789,0.87890001,0.87890003,0.878901,0.878901,43945001,43945002,0,6846,1,0,1,0,0,-1,-38605,87815,0,77701,0,0,0,0,-38605,-6846,-126420,-10114,0,-1,-38605,87815,0,77701,0,0,0,0,-38605,-6846,-126420,-10114,0
880,0.8799,0.87990001,0.87990003,0.879901,0.879901,43995001,43995002,0,5750,1,0,1,0,0,-1,-28480,77701,0,69207,0,0,0,0,-28480,-5750,-106181,-8494,0,-1,-28480,77701,0,69207,0,0,0,0,-28480,-5750,-106181,-8494,0
881,0.8809,0.88090001,0.88090003,0.880901,0.880901,44045001,44045002,0,4830,1,0,1,0,0,-1,-19985,69207,0,62072,0,0,0,0,-19985,-4830,-89192,-7135,0,-1,-19985,69207,0,62072,0,0,0,0,-19985,-4830,-89192,-7135,0
882,0.8819,0.88190001,0.88190003,0.881901,0.881901,44095001,44095002,0,4057,1,0,1,0,0,0,-12846,62072,0,56079,0,0,0,0,-12846,-4057,-74918,-5993,0,0,-12846,62072,0,56079,0,0,0,0,-12846,-4057,-74918,-5993,0
883,0.8829,0.88290001,0.88290003,0.882901,0.882901,44145001,44145002,0,3407,1,0,1,0,0,0,-6836,56079,0,51046,0,0,0,0,-6836,-3407,-62915,-5033,0,0,-6836,56079,0,51046,0,0,0,0,-6836,-3407,-62915,-5033,0
884,0.8839,0.88390001,0.88390003,0.883901,0.883901,44195001,44195002,0,2862,1,0,1,0,0,0,-1804,51046,0,46818,0,0,0,0,-1804,-2862,-52850,-4228,0,0,-1804,51046,0,46818,0,0,0,0,-1804,-2862,-52850,-4228,0
885,0.8849,0.88490001,0.88490003,0.884901,0.884901,44245001,44245002,0,2404,1,0,1,0,0,0,2425,46818,0,43267,0,0,0,0,2425,-2404,-44393,-3551,0,0,2425,46818,0,43267,0,0,0,0,2425,-2404,-44393,-3551,0
886,0.8859,0.88590001,0.88590003,0.885901,0.885901,44295001,44295002,0,2019,1,0,1,0,0,0,5984,43267,0,40284,0,0,0,0,5984,-2019,-37283,-2983,0,0,5984,43267,0,40284,0,0,0,0,5984,-2019,-37283,-2983,0
887,0.8869,0.88690001,0.88690003,0.886901,0.886901,44345001,44345002,0,1696,1,0,1,0,0,0,8965,40284,0,37778,0,0,0,0,8965,-1696,-31319,-2506,0,0,8965,40284,0,37778,0,0,0,0,8965,-1696,-31319,-2506,0
888,0.8879,0.88790001,0.88790003,0.887901,0.887901,44395001,44395002,0,1425,1,0,1,0,0,0,11464,37778,0,35673,0,0,0,0,11464,-1425,-26314,-2105,0,0,11464,37778,0,35673,0,0,0,0,11464,-1425,-26314,-2105,0
889,0.8889,0.88890001,0.88890003,0.888901,0.888901,44445001,44445002,0,1197,1,0,1,0,0,0,13569,35673,0,33905,0,0,0,0,13569,-1197,-22104,-1768,0,0,13569,35673,0,33905,0,0,0,0,13569,-1197,-22104,-1768,0
890,0.8899,0.88990001,0.88990003,0.889901,0.889901,44495001,44495002,0,1005,1,0,1,0,0,0,15346,33905,0,32420,0,0,0,0,15346,-1005,-18559,-1485,0,0,15346,33905,0,32420,0,0,0,0,15346,-1005,-18559,-1485,0
891,0.8909,0.89090001,0.89090003,0.890901,0.890901,44545001,44545002,0,844,1,0,1,0,0,1,16834,32420,0,31173,0,0,0,0,16834,-844,-15586,-1247,0,1,16834,32420,0,31173,0,0,0,0,16834,-844,-15586,-1247,0
892,0.8919,0.89190001,0.89190003,0.891901,0.891901,44595001,44595002,0,709,1,0,1,0,0,1,18080,31173,0,30126,0,0,0,0,18080,-709,-13093,-1047,0,1,18080,31173,0,30126,0,0,0,0,18080,-709,-13093,-1047,0
893,0.8929,0.89290001,0.89290003,0.892901,0.892901,44645001,44645002,0,596,1,0,1,0,0,1,19120,30126,0,29246,0,0,0,0,19120,-596,-11006,-880,0,1,19120,30126,0,29246,0,0,0,0,19120,-596,-11006,-880,0
894,0.8939,0.89390001,0.89390003,0.893901,0.893901,44695001,44695002,0,500,1,0,1,0,0,1,20013,29246,0,28507,0,0,0,0,20013,-500,-9233,-739,0,1,20013,29246,0,28507,0,0,0,0,20013,-500,-9233,-739,0
895,0.8949,0.89490001,0.89490003,0.894901,0.894901,44745001,44745002,0,420,1,0,1,0,0,1,20751,28507,0,27887,0,0,0,0,20751,-420,-7756,-620,0,1,20751,28507,0,27887,0,0,0,0,20751,-420,-7756,-620,0
896,0.8959,0.89590001,0.89590003,0.895901,0.895901,44795001,44795002,0,353,1,0,1,0,0,1,21368,27887,0,27366,0,0,0,0,21368,-353,-6519,-521,0,1,21368,27887,0,27366,0,0,0,0,21368,-353,-6519,-521,0
897,0.8969,0.89690001,0.89690003,0.896901,0.896901,44845001,44845002,0,296,1,0,1,0,0,1,21900,27366,0,26929,0,0,0,0,21900,-296,-5466,-437,0,1,21900,27366,0,26929,0,0,0,0,21900,-296,-5466,-437,0
898,0.8979,0.89790001,0.89790003,0.897901,0.897901,44895001,44895002,0,249,1,0,1,0,0,1,22331,26929,0,26561,0,0,0,0,22331,-249,-4598,-368,0,1,22331,26929,0,26561,0,0,0,0,22331,-249,-4598,-368,0
899,0.8989,0.89890001,0.89890003,0.898901,0.898901,44945001,44945002,0,209,1,0,1,0,0,1,22702,26561,0,26252,0,0,0,0,22702,-209,-3859,-309,0,1,22702,26561,0,26252,0,0,0,0,22702,-209,-3859,-309,0
900,0.8999,0.89990001,0.89990003,0.899901,0.899901,44995001,44995002,0,176,1,0,1,0,0,1,23002,26252,0,25992,0,0,0,0,23002,-176,-3250,-260,0,1,23002,26252,0,25992,0,0,0,0,23002,-176,-3250,-260,0
901,0.9009,0.90090001,0.90090003,0.900901,0.900901,45045001,45045002,0,-512881,1,0,1,0,0,290,9496995,25992,0,783672,0,0,0,0,9496995,512881,9471003,757680,0,290,9496995,25992,0,783672,0,0,0,0,9496995,512881,9471003,757680,0
902,0.9019,0.90190001,0.90190003,0.901901,0.901901,45095001,45095002,0,-913805,1,0,1,0,0,539,17658249,783672,0,2133638,0,0,0,0,17658249,913805,16874577,1349966,0,539,17658249,783672,0,2133638,0,0,0,0,17658249,913805,16874577,1349966,0
903,0.9029,0.90290001,0.90290003,0.902901,0.902901,45145001,45145002,0,-1117564,1,0,1,0,0,695,22770886,2133638,0,3784618,0,0,0,0,22770886,1117564,20637248,1650980,0,695,22770886,2133638,0,3784618,0,0,0,0,22770886,1117564,20637248,1650980,0
904,0.9039,0.90390001,0.90390003,0.903901,0.903901,45195001,45195002,0,-1171270,1,0,1,0,0,776,25413616,3784618,0,5514938,0,0,0,0,25413616,1171270,21628998,1730320,0,776,25413616,3784618,0,5514938,0,0,0,0,25413616,1171270,21628998,1730320,0
905,0.9049,0.90490001,0.90490003,0.904901,0.904901,45245001,45245002,0,-1146556,1,0,1,0,0,814,26687560,5514938,0,7208748,0,0,0,0,26687560,1146556,21172622,1693810,0,814,26687560,5514938,0,7208748,0,0,0,0,26687560,1146556,21172622,1693810,0
906,0.9059,0.90590001,0.90590003,0.905901,0.905901,45295001,45295002,0,-1100891,1,0,1,0,0,840,27538107,7208748,0,8835097,0,0,0,0,27538107,1100891,20329359,1626349,0,840,27538107,7208748,0,8835097,0,0,0,0,27538107,1100891,20329359,1626349,0
907,0.9069,0.90690001,0.90690003,0.906901,0.906901,45345001,45345002,0,-1029569,1,0,1,0,0,850,27847404,8835097,0,10356082,0,0,0,0,27847404,1029569,19012307,1520985,0,850,27847404,8835097,0,10356082,0,0,0,0,27847404,1029569,19012307,1520985,0
908,0.9079,0.90790001,0.90790003,0.907901,0.907901,45395001,45395002,0,-944145,1,0,1,0,0,848,27790926,10356082,0,11750870,0,0,0,0,27790926,944145,17434844,1394788,0,848,27790926,10356082,0,11750870,0,0,0,0,27790926,944145,17434844,1394788,0
909,0.9089,0.90890001,0.90890003,0.908901,0.908901,45445001,45445002,0,-858170,1,0,1,0,0,842,27598076,11750870,0,13018647,0,0,0,0,27598076,858170,15847206,1267777,0,842,27598076,11750870,0,13018647,0,0,0,0,27598076,858170,15847206,1267777,0
910,0.9099,0.90990001,0.90990003,0.909901,0.909901,45495001,45495002,0,-776020,1,0,1,0,0,835,27348848,13018647,0,14165063,0,0,0,0,27348848,776020,14330201,1146416,0,835,27348848,13018647,0,14165063,0,0,0,0,27348848,776020,14330201,1146416,0
911,0.9109,0.91090001,0.91090003,0.910901,0.910901,45545001,45545002,0,-697638,1,0,1,0,0,825,27047840,14165063,0,15195685,0,0,0,0,27047840,697638,12882777,1030622,0,825,27047840,14165063,0,15195685,0,0,0,0,27047840,697638,12882777,1030622,0
912,0.9119,0.91190001,0.91190003,0.911901,0.911901,45595001,45595002,0,-624530,1,0,1,0,0,816,26728430,15195685,0,16118305,0,0,0,0,26728430,624530,11532745,922620,0,816,26728430,15195685,0,16118305,0,0,0,0,26728430,624530,11532745,922620,0
913,0.9129,0.91290001,0.91290003,0.912901,0.912901,45645001,45645002,0,-565085,1,0,1,0,0,810,26553322,16118305,0,16953107,0,0,0,0,26553322,565085,10435017,834802,0,810,26553322,16118305,0,16953107,0,0,0,0,26553322,565085,10435017,834802,0
914,0.9139,0.91390001,0.91390003,0.913901,0.913901,45695001,45695002,0,-507693,1,0,1,0,0,803,26328307,16953107,0,17703123,0,0,0,0,26328307,507693,9375200,750016,0,803,26328307,16953107,0,17703123,0,0,0,0,26328307,507693,9375200,750016,0
915,0.9149,0.91490001,0.91490003,0.914901,0.914901,45745001,45745002,0,-455337,1,0,1,0,0,797,26111503,17703123,0,18375794,0,0,0,0,26111503,455337,8408380,672671,0,797,26111503,17703123,0,18375794,0,0,0,0,26111503,455337,8408380,672671,0
916,0.9159,0.91590001,0.91590003,0.915901,0.915901,45795001,45795002,0,-406088,1,0,1,0,0,790,25874728,18375794,0,18975709,0,0,0,0,25874728,406088,7498934,599915,0,790,25874728,18375794,0,18975709,0,0,0,0,25874728,406088,7498934,599915,0
917,0.9169,0.91690001,0.91690003,0.916901,0.916901,45845001,45845002,0,-366012,1,0,1,0,0,785,25734588,18975709,0,19516419,0,0,0,0,25734588,366012,6758879,540710,0,785,25734588,18975709,0,19516419,0,0,0,0,25734588,366012,6758879,540710,0
918,0.9179,0.91790001,0.91790003,0.917901,0.917901,45895001,45895002,0,-327485,1,0,1,0,0,780,25563848,19516419,0,20000213,0,0,0,0,25563848,327485,6047429,483794,0,780,25563848,19516419,0,20000213,0,0,0,0,25563848,327485,6047429,483794,0
919,0.9189,0.91890001,0.91890003,0.918901,0.918901,45945001,45945002,0,-290435,1,0,1,0,0,774,25363466,20000213,0,20429273,0,0,0,0,25363466,290435,5363253,429060,0,774,25363466,20000213,0,20429273,0,0,0,0,25363466,290435,5363253,429060,0
920,0.9199,0.91990001,0.91990003,0.919901,0.919901,45995001,45995002,0,-259848,1,0,1,0,0,770,25227698,20429273,0,20813147,0,0,0,0,25227698,259848,4798425,383874,0,770,25227698,20429273,0,20813147,0,0,0,0,25227698,259848,4798425,383874,0
921,0.9209,0.92090001,0.92090003,0.920901,0.920901,46045001,46045002,0,-236574,1,0,1,0,0,768,25181788,20813147,0,21162638,0,0,0,0,25181788,236574,4368641,349491,0,768,25181788,20813147,0,21162638,0,0,0,0,25181788,236574,4368641,349491,0
922,0.9219,0.92190001,0.92190003,0.921901,0.921901,46095001,46095002,0,-210783,1,0,1,0,0,765,25055015,21162638,0,21474028,0,0,0,0,25055015,210783,3892377,311390,0,765,25055015,21162638,0,21474028,0,0,0,0,25055015,210783,3892377,311390,0
923,0.9229,0.92290001,0.92290003,0.922901,0.922901,46145001,46145002,0,-188871,1,0,1,0,0,762,24961772,21474028,0,21753048,0,0,0,0,24961772,188871,3487744,279020,0,762,24961772,21474028,0,21753048,0,0,0,0,24961772,188871,3487744,279020,0
924,0.9239,0.92390001,0.92390003,0.923901,0.923901,46195001,46195002,0,-171291,1,0,1,0,0,760,24916155,21753048,0,22006097,0,0,0,0,24916155,171291,3163107,253049,0,760,24916155,21753048,0,22006097,0,0,0,0,24916155,171291,3163107,253049,0
925,0.9249,0.92490001,0.92490003,0.924901,0.924901,46245001,46245002,0,-151542,1,0,1,0,0,757,24804514,22006097,0,22229970,0,0,0,0,24804514,151542,2798417,223873,0,757,24804514,22006097,0,22229970,0,0,0,0,24804514,151542,2798417,223873,0
926,0.9259,0.92590001,0.92590003,0.925901,0.925901,46295001,46295002,0,-136982,1,0,1,0,0,756,24759518,22229970,0,22432334,0,0,0,0,24759518,136982,2529548,202364,0,756,24759518,22229970,0,22432334,0,0,0,0,24759518,136982,2529548,202364,0
927,0.9269,0.92690001,0.92690003,0.926901,0.926901,46345001,46345002,0,-124461,1,0,1,0,0,755,24730665,22432334,0,22616201,0,0,0,0,24730665,124461,2298331,183867,0,755,24730665,22432334,0,22616201,0,0,0,0,24730665,124461,2298331,183867,0
928,0.9279,0.92790001,0.92790003,0.927901,0.927901,46395001,46395002,0,-109053,1,0,1,0,0,752,24630004,22616201,0,22777305,0,0,0,0,24630004,109053,2013803,161104,0,752,24630004,22616201,0,22777305,0,0,0,0,24630004,109053,2013803,161104,0
929,0.9289,0.92890001,0.92890003,0.928901,0.928901,46445001,46445002,0,-97987,1,0,1,0,0,750,24586760,22777305,0,22922061,0,0,0,0,24586760,97987,1809455,144756,0,750,24586760,22777305,0,22922061,0,0,0,0,24586760,97987,1809455,144756,0
930,0.9299,0.92990001,0.92990003,0.929901,0.929901,46495001,46495002,0,-87604,1,0,1,0,0,749,24539781,22922061,0,23051479,0,0,0,0,24539781,87604,1617720,129418,0,749,24539781,22922061,0,23051479,0,0,0,0,24539781,87604,1617720,129418,0
931,0.9309,0.93090001,0.93090003,0.930901,0.930901,46545001,46545002,0,-76543,1,0,1,0,0,747,24464943,23051479,0,23164556,0,0,0,0,24464943,76543,1413464,113077,0,747,24464943,23051479,0,23164556,0,0,0,0,24464943,76543,1413464,113077,0
932,0.9319,0.93190001,0.93190003,0.931901,0.931901,46595001,46595002,0,-72388,1,0,1,0,0,748,24501293,23164556,0,23271495,0,0,0,0,24501293,72388,1336737,106939,0,748,24501293,23164556,0,23271495,0,0,0,0,24501293,72388,1336737,106939,0
933,0.9329,0.93290001,0.93290003,0.932901,0.932901,46645001,46645002,0,-63734,1,0,1,0,0,746,24448425,23271495,0,23365649,0,0,0,0,24448425,63734,1176930,94154,0,746,24448425,23271495,0,23365649,0,0,0,0,24448425,63734,1176930,94154,0
934,0.9339,0.93390001,0.93390003,0.933901,0.933901,46695001,46695002,0,-55845,1,0,1,0,0,745,24396898,23365649,0,23448149,0,0,0,0,24396898,55845,1031249,82500,0,745,24396898,23365649,0,23448149,0,0,0,0,24396898,55845,1031249,82500,0
935,0.9349,0.93490001,0.93490003,0.934901,0.934901,46745001,46745002,0,-50656,1,0,1,0,0,744,24383577,23448149,0,23522983,0,0,0,0,24383577,50656,935428,74834,0,744,24383577,23448149,0,23522983,0,0,0,0,24383577,50656,935428,74834,0
936,0.9359,0.93590001,0.93590003,0.935901,0.935901,46795001,46795002,0,-44861,1,0,1,0,0,743,24351399,23522983,0,23589256,0,0,0,0,24351399,44861,828416,66273,0,743,24351399,23522983,0,23589256,0,0,0,0,24351399,44861,828416,66273,0
937,0.9369,0.93690001,0.93690003,0.936901,0.936901,46845001,46845002,0,-39554,1,0,1,0,0,742,24319671,23589256,0,23647689,0,0,0,0,24319671,39554,730415,58433,0,742,24319671,23589256,0,23647689,0,0,0,0,24319671,39554,730415,58433,0
938,0.9379,0.93790001,0.93790003,0.937901,0.937901,46895001,46895002,0,-40143,1,0,1,0,0,744,24388981,23647689,0,23706992,0,0,0,0,24388981,40143,741292,59303,0,744,24388981,23647689,0,23706992,0,0,0,0,24388981,40143,741292,59303,0
939,0.9389,0.93890001,0.93890003,0.938901,0.938901,46945001,46945002,0,-36517,1,0,1,0,0,744,24381325,23706992,0,23760939,0,0,0,0,24381325,36517,674333,53947,0,744,24381325,23706992,0,23760939,0,0,0,0,24381325,36517,674333,53947,0
940,0.9399,0.93990001,0.93990003,0.939901,0.939901,46995001,46995002,0,-31346,1,0,1,0,0,743,24339783,23760939,0,23807247,0,0,0,0,24339783,31346,578844,46308,0,743,24339783,23760939,0,23807247,0,0,0,0,24339783,31346,578844,46308,0
941,0.9409,0.94090001,0.94090003,0.940901,0.940901,47045001,47045002,0,-24707,1,0,1,0,0,740,24263493,23807247,0,23843747,0,0,0,0,24263493,24707,456246,36500,0,740,24263493,23807247,0,23843747,0,0,0,0,24263493,24707,456246,36500,0
942,0.9419,0.94190001,0.94190003,0.941901,0.941901,47095001,47095002,0,-21422,1,0,1,0,0,740,24239332,23843747,0,23875394,0,0,0,0,24239332,21422,395585,31647,0,740,24239332,23843747,0,23875394,0,0,0,0,24239332,21422,395585,31647,0
943,0.9429,0.94290001,0.94290003,0.942901,0.942901,47145001,47145002,0,-19363,1,0,1,0,0,740,24232957,23875394,0,23903999,0,0,0,0,24232957,19363,357563,28605,0,740,24232957,23875394,0,23903999,0,0,0,0,24232957,19363,357563,28605,0
944,0.9439,0.94390001,0.94390003,0.943901,0.943901,47195001,47195002,0,-17849,1,0,1,0,0,740,24233604,23903999,0,23930367,0,0,0,0,24233604,17849,329605,26368,0,740,24233604,23903999,0,23930367,0,0,0,0,24233604,17849,329605,26368,0
945,0.9449,0.94490001,0.94490003,0.944901,0.944901,47245001,47245002,0,-16643,1,0,1,0,0,740,24237701,23930367,0,23954954,0,0,0,0,24237701,16643,307334,24587,0,740,24237701,23930367,0,23954954,0,0,0,0,24237701,16643,307334,24587,0
946,0.9459,0.94590001,0.94590003,0.945901,0.945901,47295001,47295002,0,-15650,1,0,1,0,0,740,24243951,23954954,0,23978074,0,0,0,0,24243951,15650,288997,23120,0,740,24243951,23954954,0,23978074,0,0,0,0,24243951,15650,288997,23120,0
947,0.9469,0.94690001,0.94690003,0.946901,0.946901,47345001,47345002,0,-14821,1,0,1,0,0,740,24251763,23978074,0,23999969,0,0,0,0,24251763,14821,273689,21895,0,740,24251763,23978074,0,23999969,0,0,0,0,24251763,14821,273689,21895,0
948,0.9479,0.94790001,0.94790003,0.947901,0.947901,47395001,47395002,0,-14128,1,0,1,0,0,740,24260861,23999969,0,24020840,0,0,0,0,24260861,14128,260892,20871,0,740,24260861,23999969,0,24020840,0,0,0,0,24260861,14128,260892,20871,0
949,0.9489,0.94890001,0.94890003,0.948901,0.948901,47445001,47445002,0,-13546,1,0,1,0,0,741,24270984,24020840,0,24040852,0,0,0,0,24270984,13546,250144,20012,0,741,24270984,24020840,0,24040852,0,0,0,0,24270984,13546,250144,20012,0
950,0.9499,0.94990001,0.94990003,0.949901,0.949901,47495001,47495002,0,-12276,1,0,1,0,0,741,24267544,24040852,0,24058987,0,0,0,0,24267544,12276,226692,18135,0,741,24267544,24040852,0,24058987,0,0,0,0,24267544,12276,226692,18135,0
951,0.9509,0.95090001,0.95090003,0.950901,0.950901,47545001,47545002,0,-11038,1,0,1,0,0,740,24262818,24058987,0,24075293,0,0,0,0,24262818,11038,203831,16306,0,740,24262818,24058987,0,24075293,0,0,0,0,24262818,11038,203831,16306,0
952,0.9519,0.95190001,0.95190003,0.951901,0.951901,47595001,47595002,0,-6075,1,0,1,0,0,738,24187476,24075293,0,24084268,0,0,0,0,24187476,6075,112183,8975,0,738,24187476,24075293,0,24084268,0,0,0,0,24187476,6075,112183,8975,0
953,0.9529,0.95290001,0.95290003,0.952901,0.952901,47645001,47645002,0,-5014,1,0,1,0,0,738,24176858,24084268,0,24091675,0,0,0,0,24176858,5014,92590,7407,0,738,24176858,24084268,0,24091675,0,0,0,0,24176858,5014,92590,7407,0
954,0.9539,0.95390001,0.95390003,0.953901,0.953901,47695001,47695002,0,-5364,1,0,1,0,0,738,24190728,24091675,0,24099599,0,0,0,0,24190728,5364,99053,7924,0,738,24190728,24091675,0,24099599,0,0,0,0,24190728,5364,99053,7924,0
955,0.9549,0.95490001,0.95490003,0.954901,0.954901,47745001,47745002,0,-6038,1,0,1,0,0,739,24211098,24099599,0,24108519,0,0,0,0,24211098,6038,111499,8920,0,739,24211098,24099599,0,24108519,0,0,0,0,24211098,6038,111499,8920,0
956,0.9559,0.95590001,0.95590003,0.955901,0.955901,47795001,47795002,0,-6720,1,0,1,0,0,740,24232612,24108519,0,24118446,0,0,0,0,24232612,6720,124093,9927,0,740,24232612,24108519,0,24118446,0,0,0,0,24232612,6720,124093,9927,0
957,0.9569,0.95690001,0.95690003,0.956901,0.956901,47845001,47845002,0,-5171,1,0,1,0,0,739,24213935,24118446,0,24126085,0,0,0,0,24213935,5171,95489,7639,0,739,24213935,24118446,0,24126085,0,0,0,0,24213935,5171,95489,7639,0
958,0.9579,0.95790001,0.95790003,0.957901,0.957901,47895001,47895002,0,-5052,1,0,1,0,0,739,24219377,24126085,0,24133548,0,0,0,0,24219377,5052,93292,7463,0,739,24219377,24126085,0,24133548,0,0,0,0,24219377,5052,93292,7463,0
959,0.9589,0.95890001,0.95890003,0.958901,0.958901,47945001,47945002,0,-3079,1,0,1,0,0,738,24190406,24133548,0,24138097,0,0,0,0,24190406,3079,56858,4549,0,738,24190406,24133548,0,24138097,0,0,0,0,24190406,3079,56858,4549,0
960,0.9599,0.95990001,0.95990003,0.959901,0.959901,47995001,47995002,0,-2912,1,0,1,0,0,738,24191871,24138097,0,24142399,0,0,0,0,24191871,2912,53774,4302,0,738,24191871,24138097,0,24142399,0,0,0,0,24191871,2912,53774,4302,0
961,0.9609,0.96090001,0.96090003,0.960901,0.960901,48045001,48045002,0,-2363,1,0,1,0,0,738,24186035,24142399,0,24145890,0,0,0,0,24186035,2363,43636,3491,0,738,24186035,24142399,0,24145890,0,0,0,0,24186035,2363,43636,3491,0
962,0.9619,0.96190001,0.96190003,0.961901,0.961901,48095001,48095002,0,-131,1,0,1,0,0,737,24148309,24145890,0,24146084,0,0,0,0,24148309,131,2419,194,0,737,24148309,24145890,0,24146084,0,0,0,0,24148309,131,2419,194,0
963,0.9629,0.96290001,0.96290003,0.962901,0.962901,48145001,48145002,0,-709,1,0,1,0,0,737,24159177,24146084,0,24147131,0,0,0,0,24159177,709,13093,1047,0,737,24159177,24146084,0,24147131,0,0,0,0,24159177,709,13093,1047,0
964,0.9639,0.96390001,0.96390003,0.963901,0.963901,48195001,48195002,0,-1944,1,0,1,0,0,738,24183029,24147131,0,24150003,0,0,0,0,24183029,1944,35898,2872,0,738,24183029,24147131,0,24150003,0,0,0,0,24183029,1944,35898,2872,0
965,0.9649,0.96490001,0.96490003,0.964901,0.964901,48245001,48245002,0,-3211,1,0,1,0,0,739,24209298,24150003,0,24154747,0,0,0,0,24209298,3211,59295,4744,0,739,24209298,24150003,0,24154747,0,0,0,0,24209298,3211,59295,4744,0
966,0.9659,0.96590001,0.96590003,0.965901,0.965901,48295001,48295002,0,-3564,1,0,1,0,0,739,24220561,24154747,0,24160012,0,0,0,0,24220561,3564,65814,5265,0,739,24220561,24154747,0,24160012,0,0,0,0,24220561,3564,65814,5265,0
967,0.9669,0.96690001,0.96690003,0.966901,0.966901,48345001,48345002,0,-3723,1,0,1,0,0,739,24228762,24160012,0,24165512,0,0,0,0,24228762,3723,68750,5500,0,739,24228762,24160012,0,24165512,0,0,0,0,24228762,3723,68750,5500,0
968,0.9679,0.96790001,0.96790003,0.967901,0.967901,48395001,48395002,0,64,1,0,1,0,0,737,24164330,24165512,0,24165417,0,0,0,0,24164330,-64,-1182,-95,0,737,24164330,24165512,0,24165417,0,0,0,0,24164330,-64,-1182,-95,0
969,0.9689,0.96890001,0.96890003,0.968901,0.968901,48445001,48445002,0,156,1,0,1,0,0,737,24162536,24165417,0,24165187,0,0,0,0,24162536,-156,-2881,-230,0,737,24162536,24165417,0,24165187,0,0,0,0,24162536,-156,-2881,-230,0
970,0.9699,0.96990001,0.96990003,0.969901,0.969901,48495001,48495002,0,-1016,1,0,1,0,0,738,24183949,24165187,0,24166688,0,0,0,0,24183949,1016,18762,1501,0,738,24183949,24165187,0,24166688,0,0,0,0,24183949,1016,18762,1501,0
971,0.9709,0.97090001,0.97090003,0.970901,0.970901,48545001,48545002,0,-2384,1,0,1,0,0,739,24210712,24166688,0,24170210,0,0,0,0,24210712,2384,44024,3522,0,739,24210712,24166688,0,24170210,0,0,0,0,24210712,2384,44024,3522,0
972,0.9719,0.97190001,0.97190003,0.971901,0.971901,48595001,48595002,0,-1494,1,0,1,0,0,738,24197799,24170210,0,24172417,0,0,0,0,24197799,1494,27589,2207,0,738,24197799,24170210,0,24172417,0,0,0,0,24197799,1494,27589,2207,0
973,0.9729,0.97290001,0.97290003,0.972901,0.972901,48645001,48645002,0,-1953,1,0,1,0,0,739,24208482,24172417,0,24175302,0,0,0,0,24208482,1953,36065,2885,0,739,24208482,24172417,0,24175302,0,0,0,0,24208482,1953,36065,2885,0
974,0.9739,0.97390001,0.97390003,0.973901,0.973901,48695001,48695002,0,-472,1,0,1,0,0,738,24184018,24175302,0,24175999,0,0,0,0,24184018,472,8716,697,0,738,24184018,24175302,0,24175999,0,0,0,0,24184018,472,8716,697,0
975,0.9749,0.97490001,0.97490003,0.974901,0.974901,48745001,48745002,0,-721,1,0,1,0,0,738,24189313,24175999,0,24177064,0,0,0,0,24189313,721,13314,1065,0,738,24189313,24175999,0,24177064,0,0,0,0,24189313,721,13314,1065,0
976,0.9759,0.97590001,0.97590003,0.975901,0.975901,48795001,48795002,0,-523,1,0,1,0,0,738,24186722,24177064,0,24177837,0,0,0,0,24186722,523,9658,773,0,738,24186722,24177064,0,24177837,0,0,0,0,24186722,523,9658,773,0
977,0.9769,0.97690001,0.97690003,0.976901,0.976901,48845001,48845002,0,1415,1,0,1,0,0,737,24151707,24177837,0,24175747,0,0,0,0,24151707,-1415,-26130,-2090,0,737,24151707,24177837,0,24175747,0,0,0,0,24151707,-1415,-26130,-2090,0
978,0.9779,0.97790001,0.97790003,0.977901,0.977901,48895001,48895002,0,590,1,0,1,0,0,737,24164852,24175747,0,24174875,0,0,0,0,24164852,-590,-10895,-872,0,737,24164852,24175747,0,24174875,0,0,0,0,24164852,-590,-10895,-872,0
979,0.9789,0.97890001,0.97890003,0.978901,0.978901,48945001,48945002,0,-853,1,0,1,0,0,738,24190627,24174875,0,24176135,0,0,0,0,24190627,853,15752,1260,0,738,24190627,24174875,0,24176135,0,0,0,0,24190627,853,15752,1260,0
980,0.9799,0.97990001,0.97990003,0.979901,0.979901,48995001,48995002,0,-2993,1,0,1,0,0,739,24231405,24176135,0,24180557,0,0,0,0,24231405,2993,55270,4422,0,739,24231405,24176135,0,24180557,0,0,0,0,24231405,2993,55270,4422,0
981,0.9809,0.98090001,0.98090003,0.980901,0.980901,49045001,49045002,0,-2161,1,0,1,0,0,739,24220463,24180557,0,24183749,0,0,0,0,24220463,2161,39906,3192,0,739,24220463,24180557,0,24183749,0,0,0,0,24220463,2161,39906,3192,0
982,0.9819,0.98190001,0.98190003,0.981901,0.981901,49095001,49095002,0,-285,1,0,1,0,0,738,24189012,24183749,0,24184170,0,0,0,0,24189012,285,5263,421,0,738,24189012,24183749,0,24184170,0,0,0,0,24189012,285,5263,421,0
983,0.9829,0.98290001,0.98290003,0.982901,0.982901,49145001,49145002,0,1293,1,0,1,0,0,737,24160293,24184170,0,24182260,0,0,0,0,24160293,-1293,-23877,-1910,0,737,24160293,24184170,0,24182260,0,0,0,0,24160293,-1293,-23877,-1910,0
984,0.9839,0.98390001,0.98390003,0.983901,0.983901,49195001,49195002,0,375,1,0,1,0,0,738,24175335,24182260,0,24181706,0,0,0,0,24175335,-375,-6925,-554,0,738,24175335,24182260,0,24181706,0,0,0,0,24175335,-375,-6925,-554,0
985,0.9849,0.98490001,0.98490003,0.984901,0.984901,49245001,49245002,0,-1083,1,0,1,0,0,739,24201705,24181706,0,24183306,0,0,0,0,24201705,1083,19999,1600,0,739,24201705,24181706,0,24183306,0,0,0,0,24201705,1083,19999,1600,0
986,0.9859,0.98590001,0.98590003,0.985901,0.985901,49295001,49295002,0,-358,1,0,1,0,0,738,24189917,24183306,0,24183835,0,0,0,0,24189917,358,6611,529,0,738,24189917,24183306,0,24183835,0,0,0,0,24189917,358,6611,529,0
987,0.9869,0.98690001,0.98690003,0.986901,0.986901,49345001,49345002,0,-971,1,0,1,0,0,739,24201766,24183835,0,24185269,0,0,0,0,24201766,971,17931,1434,0,739,24201766,24183835,0,24185269,0,0,0,0,24201766,971,17931,1434,0
988,0.9879,0.98790001,0.98790003,0.987901,0.987901,49395001,49395002,0,361,1,0,1,0,0,738,24178603,24185269,0,24184736,0,0,0,0,24178603,-361,-6666,-533,0,738,24178603,24185269,0,24184736,0,0,0,0,24178603,-361,-6666,-533,0
989,0.9889,0.98890001,0.98890003,0.988901,0.988901,49445001,49445002,0,1491,1,0,1,0,0,737,24157203,24184736,0,24182533,0,0,0,0,24157203,-1491,-27533,-2203,0,737,24157203,24184736,0,24182533,0,0,0,0,24157203,-1491,-27533,-2203,0
990,0.9899,0.98990001,0.98990003,0.989901,0.989901,49495001,49495002,0,3444,1,0,1,0,0,736,24118935,24182533,0,24177445,0,0,0,0,24118935,-3444,-63598,-5088,0,736,24118935,24182533,0,24177445,0,0,0,0,24118935,-3444,-63598,-5088,0
991,0.9909,0.99090001,0.99090003,0.990901,0.990901,49545001,49545002,0,2398,1,0,1,0,0,736,24133163,24177445,0,24173902,0,0,0,0,24133163,-2398,-44282,-3543,0,736,24133163,24177445,0,24173902,0,0,0,0,24133163,-2398,-44282,-3543,0
992,0.9919,0.99190001,0.99190003,0.991901,0.991901,49595001,49595002,0,697,1,0,1,0,0,737,24161031,24173902,0,24172872,0,0,0,0,24161031,-697,-12871,-1030,0,737,24161031,24173902,0,24172872,0,0,0,0,24161031,-697,-12871,-1030,0
993,0.9929,0.99290001,0.99290003,0.992901,0.992901,49645001,49645002,0,-983,1,0,1,0,0,738,24191024,24172872,0,24174324,0,0,0,0,24191024,983,18152,1452,0,738,24191024,24172872,0,24174324,0,0,0,0,24191024,983,18152,1452,0
994,0.9939,0.99390001,0.99390003,0.993901,0.993901,49695001,49695002,0,-2472,1,0,1,0,0,739,24219973,24174324,0,24177976,0,0,0,0,24219973,2472,45649,3652,0,739,24219973,24174324,0,24177976,0,0,0,0,24219973,2472,45649,3652,0
995,0.9949,0.99490001,0.99490003,0.994901,0.994901,49745001,49745002,0,-2964,1,0,1,0,0,740,24232710,24177976,0,24182355,0,0,0,0,24232710,2964,54734,4379,0,740,24232710,24177976,0,24182355,0,0,0,0,24232710,2964,54734,4379,0
996,0.9959,0.99590001,0.99590003,0.995901,0.995901,49795001,49795002,0,-379,1,0,1,0,0,738,24189354,24182355,0,24182915,0,0,0,0,24189354,379,6999,560,0,738,24189354,24182355,0,24182915,0,0,0,0,24189354,379,6999,560,0
997,0.9969,0.99690001,0.99690003,0.996901,0.996901,49845001,49845002,0,1391,1,0,1,0,0,737,24157228,24182915,0,24180860,0,0,0,0,24157228,-1391,-25687,-2055,0,737,24157228,24182915,0,24180860,0,0,0,0,24157228,-1391,-25687,-2055,0
998,0.9979,0.99790001,0.99790003,0.997901,0.997901,49895001,49895002,0,512,1,0,1,0,0,738,24171405,24180860,0,24180104,0,0,0,0,24171405,-512,-9455,-756,0,738,24171405,24180860,0,24180104,0,0,0,0,24171405,-512,-9455,-756,0
999,0.9989,0.99890001,0.99890003,0.998901,0.998901,49945001,49945002,0,-951,1,0,1,0,0,738,24197665,24180104,0,24181509,0,0,0,0,24197665,951,17561,1405,0,738,24197665,24180104,0,24181509,0,0,0,0,24197665,951,17561,1405,0
1000,0.9999,0.99990001,0.99990003,0.999901,0.999901,49995001,49995002,0,-244,1,0,1,0,0,738,24186015,24181509,0,24181869,0,0,0,0,24186015,244,4506,360,0,738,24186015,24181509,0,24181869,0,0,0,0,24186015,244,4506,360,0
1001,1.0009,1.00090001,1.00090003,1.000901,1.000901,50045001,50045002,0,-889,1,0,1,0,0,738,24198286,24181869,0,24183182,0,0,0,0,24198286,889,16417,1313,0,738,24198286,24181869,0,24183182,0,0,0,0,24198286,889,16417,1313,0
1002,1.0019,1.00190001,1.00190003,1.001901,1.001901,50095001,50095002,0,426,1,0,1,0,0,738,24175315,24183182,0,24182553,0,0,0,0,24175315,-426,-7867,-629,0,738,24175315,24183182,0,24182553,0,0,0,0,24175315,-426,-7867,-629,0
1003,1.0029,1.00290001,1.00290003,1.002901,1.002901,50145001,50145002,0,35,1,0,1,0,0,738,24181907,24182553,0,24182501,0,0,0,0,24181907,-35,-646,-52,0,738,24181907,24182553,0,24182501,0,0,0,0,24181907,-35,-646,-52,0
1004,1.0039,1.00390001,1.00390003,1.003901,1.003901,50195001,50195002,0,116,1,0,1,0,0,738,24180359,24182501,0,24182330,0,0,0,0,24180359,-116,-2142,-171,0,738,24180359,24182501,0,24182330,0,0,0,0,24180359,-116,-2142,-171,0
1005,1.0049,1.00490001,1.00490003,1.004901,1.004901,50245001,50245002,0,1965,1,0,1,0,0,737,24146044,24182330,0,24179427,0,0,0,0,24146044,-1965,-36286,-2903,0,737,24146044,24182330,0,24179427,0,0,0,0,24146044,-1965,-36286,-2903,0
1006,1.0059,1.00590001,1.00590003,1.005901,1.005901,50295001,50295002,0,1057,1,0,1,0,0,737,24159908,24179427,0,24177865,0,0,0,0,24159908,-1057,-19519,-1562,0,737,24159908,24179427,0,24177865,0,0,0,0,24159908,-1057,-19519,-1562,0
1007,1.0069,1.00690001,1.00690003,1.006901,1.006901,50345001,50345002,0,-460,1,0,1,0,0,738,24186359,24177865,0,24178545,0,0,0,0,24186359,460,8494,680,0,738,24186359,24177865,0,24178545,0,0,0,0,24186359,460,8494,680,0
1008,1.0079,1.00790001,1.00790003,1.007901,1.007901,50395001,50395002,0,-1183,1,0,1,0,0,739,24200391,24178545,0,24180293,0,0,0,0,24200391,1183,21846,1748,0,739,24200391,24178545,0,24180293,0,0,0,0,24200391,1183,21846,1748,0
1009,1.0089,1.00890001,1.00890003,1.008901,1.008901,50445001,50445002,0,-1701,1,0,1,0,0,739,24211704,24180293,0,24182806,0,0,0,0,24211704,1701,31411,2513,0,739,24211704,24180293,0,24182806,0,0,0,0,24211704,1701,31411,2513,0
1010,1.0099,1.00990001,1.00990003,1.009901,1.009901,50495001,50495002,0,1769,1,0,1,0,0,737,24150139,24182806,0,24180193,0,0,0,0,24150139,-1769,-32667,-2613,0,737,24150139,24182806,0,24180193,0,0,0,0,24150139,-1769,-32667,-2613,0
1011,1.0109,1.01090001,1.01090003,1.010901,1.010901,50545001,50545002,0,1574,1,0,1,0,0,737,24151127,24180193,0,24177868,0,0,0,0,24151127,-1574,-29066,-2325,0,737,24151127,24180193,0,24177868,0,0,0,0,24151127,-1574,-29066,-2325,0
1012,1.0119,1.01190001,1.01190003,1.011901,1.011901,50595001,50595002,0,170,1,0,1,0,0,738,24174729,24177868,0,24177617,0,0,0,0,24174729,-170,-3139,-251,0,738,24174729,24177868,0,24177617,0,0,0,0,24174729,-170,-3139,-251,0
1013,1.0129,1.01290001,1.01290003,1.012901,1.012901,50645001,50645002,0,-498,1,0,1,0,0,738,24186813,24177617,0,24178353,0,0,0,0,24186813,498,9196,736,0,738,24186813,24177617,0,24178353,0,0,0,0,24186813,498,9196,736,0
1014,1.0139,1.01390001,1.01390003,1.013901,1.013901,50695001,50695002,0,-139,1,0,1,0,0,738,24180920,24178353,0,24178558,0,0,0,0,24180920,139,2567,205,0,738,24180920,24178353,0,24178558,0,0,0,0,24180920,139,2567,205,0
1015,1.0149,1.01490001,1.01490003,1.014901,1.014901,50745001,50745002,0,-370,1,0,1,0,0,738,24185391,24178558,0,24179105,0,0,0,0,24185391,370,6833,547,0,738,24185391,24178558,0,24179105,0,0,0,0,24185391,370,6833,547,0
1016,1.0159,1.01590001,1.01590003,1.015901,1.015901,50795001,50795002,0,650,1,0,1,0,0,738,24167102,24179105,0,24178145,0,0,0,0,24167102,-650,-12003,-960,0,738,24167102,24179105,0,24178145,0,0,0,0,24167102,-650,-12003,-960,0
1017,1.0169,1.01690001,1.01690003,1.016901,1.016901,50845001,50845002,0,-487,1,0,1,0,0,738,24187138,24178145,0,24178864,0,0,0,0,24187138,487,8993,719,0,738,24187138,24178145,0,24178864,0,0,0,0,24187138,487,8993,719,0
1018,1.0179,1.01790001,1.01790003,1.017901,1.017901,50895001,50895002,0,1755,1,0,1,0,0,737,24146456,24178864,0,24176271,0,0,0,0,24146456,-1755,-32408,-2593,0,737,24146456,24178864,0,24176271,0,0,0,0,24146456,-1755,-32408,-2593,0
1019,1.0189,1.01890001,1.01890003,1.018901,1.018901,50945001,50945002,0,1749,1,0,1,0,0,737,24143973,24176271,0,24173687,0,0,0,0,24143973,-1749,-32298,-2584,0,737,24143973,24176271,0,24173687,0,0,0,0,24143973,-1749,-32298,-2584,0
1020,1.0199,1.01990001,1.01990003,1.019901,1.019901,50995001,50995002,0,388,1,0,1,0,0,738,24166522,24173687,0,24173114,0,0,0,0,24166522,-388,-7165,-573,0,738,24166522,24173687,0,24173114,0,0,0,0,24166522,-388,-7165,-573,0
1021,1.0209,1.02090001,1.02090003,1.020901,1.020901,51045001,51045002,0,-1869,1,0,1,0,0,739,24207627,24173114,0,24175875,0,0,0,0,24207627,1869,34513,2761,0,739,24207627,24173114,0,24175875,0,0,0,0,24207627,1869,34513,2761,0
1022,1.0219,1.02190001,1.02190003,1.021901,1.021901,51095001,51095002,0,-1188,1,0,1,0,0,738,24197813,24175875,0,24177630,0,0,0,0,24197813,1188,21938,1755,0,738,24197813,24175875,0,24177630,0,0,0,0,24197813,1188,21938,1755,0
1023,1.0229,1.02290001,1.02290003,1.022901,1.022901,51145001,51145002,0,554,1,0,1,0,0,738,24167400,24177630,0,24176812,0,0,0,0,24167400,-554,-10230,-818,0,738,24167400,24177630,0,24176812,0,0,0,0,24167400,-554,-10230,-818,0
1024,1.0239,1.02390001,1.02390003,1.023901,1.023901,51195001,51195002,0,2004,1,0,1,0,0,737,24139806,24176812,0,24173851,0,0,0,0,24139806,-2004,-37006,-2961,0,737,24139806,24176812,0,24173851,0,0,0,0,24139806,-2004,-37006,-2961,0
1025,1.0249,1.02490001,1.02490003,1.024901,1.024901,51245001,51245002,0,974,1,0,1,0,0,737,24155865,24173851,0,24172412,0,0,0,0,24155865,-974,-17986,-1439,0,737,24155865,24173851,0,24172412,0,0,0,0,24155865,-974,-17986,-1439,0
1026,1.0259,1.02590001,1.02590003,1.025901,1.025901,51295001,51295002,0,-579,1,0,1,0,0,738,24183104,24172412,0,24173267,0,0,0,0,24183104,579,10692,855,0,738,24183104,24172412,0,24173267,0,0,0,0,24183104,579,10692,855,0
1027,1.0269,1.02690001,1.02690003,1.026901,1.026901,51345001,51345002,0,-1202,1,0,1,0,0,738,24195463,24173267,0,24175043,0,0,0,0,24195463,1202,22196,1776,0,738,24195463,24173267,0,24175043,0,0,0,0,24195463,1202,22196,1776,0
1028,1.0279,1.02790001,1.02790003,1.027901,1.027901,51395001,51395002,0,-753,1,0,1,0,0,738,24188948,24175043,0,24176155,0,0,0,0,24188948,753,13905,1112,0,738,24188948,24175043,0,24176155,0,0,0,0,24188948,753,13905,1112,0
1029,1.0289,1.02890001,1.02890003,1.028901,1.028901,51445001,51445002,0,-892,1,0,1,0,0,738,24192627,24176155,0,24177473,0,0,0,0,24192627,892,16472,1318,0,738,24192627,24176155,0,24177473,0,0,0,0,24192627,892,16472,1318,0
1030,1.0299,1.02990001,1.02990003,1.029901,1.029901,51495001,51495002,0,209,1,0,1,0,0,738,24173614,24177473,0,24177164,0,0,0,0,24173614,-209,-3859,-309,0,738,24173614,24177473,0,24177164,0,0,0,0,24173614,-209,-3859,-309,0
1031,1.0309,1.03090001,1.03090003,1.030901,1.030901,51545001,51545002,0,-858,1,0,1,0,0,738,24193008,24177164,0,24178432,0,0,0,0,24193008,858,15844,1268,0,738,24193008,24177164,0,24178432,0,0,0,0,24193008,858,15844,1268,0
1032,1.0319,1.03190001,1.03190003,1.031901,1.031901,51595001,51595002,0,1443,1,0,1,0,0,737,24151785,24178432,0,24176300,0,0,0,0,24151785,-1443,-26647,-2132,0,737,24151785,24178432,0,24176300,0,0,0,0,24151785,-1443,-26647,-2132,0
1033,1.0329,1.03290001,1.03290003,1.032901,1.032901,51645001,51645002,0,1487,1,0,1,0,0,737,24148841,24176300,0,24174103,0,0,0,0,24148841,-1487,-27459,-2197,0,737,24148841,24176300,0,24174103,0,0,0,0,24148841,-1487,-27459,-2197,0
1034,1.0339,1.03390001,1.03390003,1.033901,1.033901,51695001,51695002,0,168,1,0,1,0,0,738,24171001,24174103,0,24173855,0,0,0,0,24171001,-168,-3102,-248,0,738,24171001,24174103,0,24173855,0,0,0,0,24171001,-168,-3102,-248,0
1035,1.0349,1.03490001,1.03490003,1.034901,1.034901,51745001,51745002,0,-1356,1,0,1,0,0,738,24198895,24173855,0,24175858,0,0,0,0,24198895,1356,25040,2003,0,738,24198895,24173855,0,24175858,0,0,0,0,24198895,1356,25040,2003,0
1036,1.0359,1.03590001,1.03590003,1.035901,1.035901,51795001,51795002,0,-1981,1,0,1,0,0,739,24212440,24175858,0,24178785,0,0,0,0,24212440,1981,36582,2927,0,739,24212440,24175858,0,24178785,0,0,0,0,24212440,1981,36582,2927,0
1037,1.0369,1.03690001,1.03690003,1.036901,1.036901,51845001,51845002,0,-2386,1,0,1,0,0,739,24222846,24178785,0,24182310,0,0,0,0,24222846,2386,44061,3525,0,739,24222846,24178785,0,24182310,0,0,0,0,24222846,2386,44061,3525,0
1038,1.0379,1.03790001,1.03790003,1.037901,1.037901,51895001,51895002,0,1190,1,0,1,0,0,737,24160335,24182310,0,24180552,0,0,0,0,24160335,-1190,-21975,-1758,0,737,24160335,24182310,0,24180552,0,0,0,0,24160335,-1190,-21975,-1758,0
1039,1.0389,1.03890001,1.03890003,1.038901,1.038901,51945001,51945002,0,1087,1,0,1,0,0,737,24160479,24180552,0,24178946,0,0,0,0,24160479,-1087,-20073,-1606,0,737,24160479,24180552,0,24178946,0,0,0,0,24160479,-1087,-20073,-1606,0
1040,1.0399,1.03990001,1.03990003,1.039901,1.039901,51995001,51995002,0,-232,1,0,1,0,0,738,24183230,24178946,0,24179289,0,0,0,0,24183230,232,4284,343,0,738,24183230,24178946,0,24179289,0,0,0,0,24183230,232,4284,343,0
1041,1.0409,1.04090001,1.04090003,1.040901,1.040901,52045001,52045002,0,-825,1,0,1,0,0,738,24194524,24179289,0,24180508,0,0,0,0,24194524,825,15235,1219,0,738,24194524,24179289,0,24180508,0,0,0,0,24194524,825,15235,1219,0
1042,1.0419,1.04190001,1.04190003,1.041901,1.041901,52095001,52095002,0,-410,1,0,1,0,0,738,24188079,24180508,0,24181114,0,0,0,0,24188079,410,7571,606,0,738,24188079,24180508,0,24181114,0,0,0,0,24188079,410,7571,606,0
1043,1.0429,1.04290001,1.04290003,1.042901,1.042901,52145001,52145002,0,-1563,1,0,1,0,0,739,24209977,24181114,0,24183423,0,0,0,0,24209977,1563,28863,2309,0,739,24209977,24181114,0,24183423,0,0,0,0,24209977,1563,28863,2309,0
1044,1.0439,1.04390001,1.04390003,1.043901,1.043901,52195001,52195002,0,-304,1,0,1,0,0,738,24189037,24183423,0,24183872,0,0,0,0,24189037,304,5614,449,0,738,24189037,24183423,0,24183872,0,0,0,0,24189037,304,5614,449,0
1045,1.0449,1.04490001,1.04490003,1.044901,1.044901,52245001,52245002,0,-628,1,0,1,0,0,738,24195469,24183872,0,24184800,0,0,0,0,24195469,628,11597,928,0,738,24195469,24183872,0,24184800,0,0,0,0,24195469,628,11597,928,0
1046,1.0459,1.04590001,1.04590003,1.045901,1.045901,52295001,52295002,0,1839,1,0,1,0,0,737,24150841,24184800,0,24182083,0,0,0,0,24150841,-1839,-33959,-2717,0,737,24150841,24184800,0,24182083,0,0,0,0,24150841,-1839,-33959,-2717,0
1047,1.0469,1.04690001,1.04690003,1.046901,1.046901,52345001,52345002,0,1881,1,0,1,0,0,737,24147348,24182083,0,24179304,0,0,0,0,24147348,-1881,-34735,-2779,0,737,24147348,24182083,0,24179304,0,0,0,0,24147348,-1881,-34735,-2779,0
1048,1.0479,1.04790001,1.04790003,1.047901,1.047901,52395001,52395002,0,517,1,0,1,0,0,738,24169757,24179304,0,24178540,0,0,0,0,24169757,-517,-9547,-764,0,738,24169757,24179304,0,24178540,0,0,0,0,24169757,-517,-9547,-764,0
1049,1.0489,1.04890001,1.04890003,1.048901,1.048901,52445001,52445002,0,-1754,1,0,1,0,0,739,24210930,24178540,0,24181131,0,0,0,0,24210930,1754,32390,2591,0,739,24210930,24178540,0,24181131,0,0,0,0,24210930,1754,32390,2591,0
1050,1.0499,1.04990001,1.04990003,1.049901,1.049901,52495001,52495002,0,-1094,1,0,1,0,0,739,24201333,24181131,0,24182747,0,0,0,0,24201333,1094,20202,1616,0,739,24201333,24181131,0,24182747,0,0,0,0,24201333,1094,20202,1616,0
1051,1.0509,1.05090001,1.05090003,1.050901,1.050901,52545001,52545002,0,519642,1,0,1,0,0,445,14586893,24182747,0,23415079,0,0,0,0,14586893,-519642,-9595854,-767668,0,445,14586893,24182747,0,23415079,0,0,0,0,14586893,-519642,-9595854,-767668,0
1052,1.0519,1.05190001,1.05190003,1.051901,1.051901,52595001,52595002,0,919448,1,0,1,0,0,196,6436297,23415079,0,22056776,0,0,0,0,6436297,-919448,-16978782,-1358303,0,196,6436297,23415079,0,22056776,0,0,0,0,6436297,-919448,-16978782,-1358303,0
1053,1.0529,1.05290001,1.05290003,1.052901,1.052901,52645001,52645002,0,1106026,1,0,1,0,0,50,1632592,22056776,0,20422841,0,0,0,0,1632592,-1106026,-20424184,-1633935,0,50,1632592,22056776,0,20422841,0,0,0,0,1632592,-1106026,-20424184,-1633935,0
1054,1.0539,1.05390001,1.05390003,1.053901,1.053901,52695001,52695002,0,1169793,1,0,1,0,0,-36,-1178882,20422841,0,18694703,0,0,0,0,-1178882,-1169793,-21601723,-1728138,0,-36,-1178882,20422841,0,18694703,0,0,0,0,-1178882,-1169793,-21601723,-1728138,0
1055,1.0549,1.05490001,1.05490003,1.054901,1.054901,52745001,52745002,0,1158965,1,0,1,0,0,-83,-2707067,18694703,0,16982561,0,0,0,0,-2707067,-1158965,-21401770,-1712142,0,-83,-2707067,18694703,0,16982561,0,0,0,0,-2707067,-1158965,-21401770,-1712142,0
1056,1.0559,1.05590001,1.05590003,1.055901,1.055901,52795001,52795002,0,1095655,1,0,1,0,0,-99,-3250109,16982561,0,15363947,0,0,0,0,-3250109,-1095655,-20232670,-1618614,0,-99,-3250109,16982561,0,15363947,0,0,0,0,-3250109,-1095655,-20232670,-1618614,0
1057,1.0569,1.05690001,1.05690003,1.056901,1.056901,52845001,52845002,0,1022519,1,0,1,0,0,-107,-3518173,15363947,0,13853377,0,0,0,0,-3518173,-1022519,-18882120,-1510570,0,-107,-3518173,15363947,0,13853377,0,0,0,0,-3518173,-1022519,-18882120,-1510570,0
1058,1.0579,1.05790001,1.05790003,1.057901,1.057901,52895001,52895002,0,936330,1,0,1,0,0,-105,-3437153,13853377,0,12470134,0,0,0,0,-3437153,-936330,-17290530,-1383243,0,-105,-3437153,13853377,0,12470134,0,0,0,0,-3437153,-936330,-17290530,-1383243,0
1059,1.0589,1.05890001,1.05890003,1.058901,1.058901,52945001,52945002,0,850381,1,0,1,0,0,-99,-3233238,12470134,0,11213864,0,0,0,0,-3233238,-850381,-15703372,-1256270,0,-99,-3233238,12470134,0,11213864,0,0,0,0,-3233238,-850381,-15703372,-1256270,0
1060,1.0599,1.05990001,1.05990003,1.059901,1.059901,52995001,52995002,0,772497,1,0,1,0,0,-93,-3051280,11213864,0,10072652,0,0,0,0,-3051280,-772497,-14265144,-1141212,0,-93,-3051280,11213864,0,10072652,0,0,0,0,-3051280,-772497,-14265144,-1141212,0
1061,1.0609,1.06090001,1.06090003,1.060901,1.060901,53045001,53045002,0,695225,1,0,1,0,0,-84,-2765566,10072652,0,9045594,0,0,0,0,-2765566,-695225,-12838218,-1027058,0,-84,-2765566,10072652,0,9045594,0,0,0,0,-2765566,-695225,-12838218,-1027058,0
1062,1.0619,1.06190001,1.06190003,1.061901,1.061901,53095001,53095002,0,630115,1,0,1,0,0,-79,-2590285,9045594,0,8114724,0,0,0,0,-2590285,-630115,-11635879,-930870,0,-79,-2590285,9045594,0,8114724,0,0,0,0,-2590285,-630115,-11635879,-930870,0
1063,1.0629,1.06290001,1.06290003,1.062901,1.062901,53145001,53145002,0,566054,1,0,1,0,0,-71,-2338187,8114724,0,7278491,0,0,0,0,-2338187,-566054,-10452911,-836233,0,-71,-2338187,8114724,0,7278491,0,0,0,0,-2338187,-566054,-10452911,-836233,0
1064,1.0639,1.06390001,1.06390003,1.063901,1.063901,53195001,53195002,0,510735,1,0,1,0,0,-66,-2152884,7278491,0,6523981,0,0,0,0,-2152884,-510735,-9431375,-754510,0,-66,-2152884,7278491,0,6523981,0,0,0,0,-2152884,-510735,-9431375,-754510,0
1065,1.0649,1.06490001,1.06490003,1.064901,1.064901,53245001,53245002,0,457344,1,0,1,0,0,-59,-1921460,6523981,0,5848346,0,0,0,0,-1921460,-457344,-8445441,-675635,0,-59,-1921460,6523981,0,5848346,0,0,0,0,-1921460,-457344,-8445441,-675635,0
1066,1.0659,1.06590001,1.06590003,1.065901,1.065901,53295001,53295002,0,410379,1,0,1,0,0,-53,-1729827,5848346,0,5242092,0,0,0,0,-1729827,-410379,-7578173,-606254,0,-53,-1729827,5848346,0,5242092,0,0,0,0,-1729827,-410379,-7578173,-606254,0
1067,1.0669,1.06690001,1.06690003,1.066901,1.066901,53345001,53345002,0,363451,1,0,1,0,0,-45,-1469495,5242092,0,4705165,0,0,0,0,-1469495,-363451,-6711587,-536927,0,-45,-1469495,5242092,0,4705165,0,0,0,0,-1469495,-363451,-6711587,-536927,0
1068,1.0679,1.06790001,1.06790003,1.067901,1.067901,53395001,53395002,0,327832,1,0,1,0,0,-41,-1348672,4705165,0,4220858,0,0,0,0,-1348672,-327832,-6053837,-484307,0,-41,-1348672,4705165,0,4220858,0,0,0,0,-1348672,-327832,-6053837,-484307,0
1069,1.0689,1.06890001,1.06890003,1.068901,1.068901,53445001,53445002,0,298690,1,0,1,0,0,-40,-1294835,4220858,0,3779603,0,0,0,0,-1294835,-298690,-5515693,-441255,0,-40,-1294835,4220858,0,3779603,0,0,0,0,-1294835,-298690,-5515693,-441255,0
1070,1.0699,1.06990001,1.06990003,1.069901,1.069901,53495001,53495002,0,266261,1,0,1,0,0,-35,-1137247,3779603,0,3386255,0,0,0,0,-1137247,-266261,-4916850,-393348,0,-35,-1137247,3779603,0,3386255,0,0,0,0,-1137247,-266261,-4916850,-393348,0
1071,1.0709,1.07090001,1.07090003,1.070901,1.070901,53545001,53545002,0,239079,1,0,1,0,0,-31,-1028644,3386255,0,3033063,0,0,0,0,-1028644,-239079,-4414899,-353192,0,-31,-1028644,3386255,0,3033063,0,0,0,0,-1028644,-239079,-4414899,-353192,0
1072,1.0719,1.07190001,1.07190003,1.071901,1.071901,53595001,53595002,0,214514,1,0,1,0,0,-28,-928212,3033063,0,2716161,0,0,0,0,-928212,-214514,-3961275,-316902,0,-28,-928212,3033063,0,2716161,0,0,0,0,-928212,-214514,-3961275,-316902,0
1073,1.0729,1.07290001,1.07290003,1.072901,1.072901,53645001,53645002,0,193012,1,0,1,0,0,-26,-848052,2716161,0,2431024,0,0,0,0,-848052,-193012,-3564213,-285137,0,-26,-848052,2716161,0,2431024,0,0,0,0,-848052,-193012,-3564213,-285137,0
1074,1.0739,1.07390001,1.07390003,1.073901,1.073901,53695001,53695002,0,166045,1,0,1,0,0,-19,-635209,2431024,0,2185725,0,0,0,0,-635209,-166045,-3066233,-245299,0,-19,-635209,2431024,0,2185725,0,0,0,0,-635209,-166045,-3066233,-245299,0
1075,1.0749,1.07490001,1.07490003,1.074901,1.074901,53745001,53745002,0,156648,1,0,1,0,0,-22,-706981,2185725,0,1954309,0,0,0,0,-706981,-156648,-2892706,-231416,0,-22,-706981,2185725,0,1954309,0,0,0,0,-706981,-156648,-2892706,-231416,0
1076,1.0759,1.07590001,1.07590003,1.075901,1.075901,53795001,53795002,0,138242,1,0,1,0,0,-18,-598506,1954309,0,1750084,0,0,0,0,-598506,-138242,-2552815,-204225,0,-18,-598506,1954309,0,1750084,0,0,0,0,-598506,-138242,-2552815,-204225,0
1077,1.0769,1.07690001,1.07690003,1.076901,1.076901,53845001,53845002,0,118155,1,0,1,0,0,-13,-431799,1750084,0,1575533,0,0,0,0,-431799,-118155,-2181883,-174551,0,-13,-431799,1750084,0,1575533,0,0,0,0,-431799,-118155,-2181883,-174551,0
1078,1.0779,1.07790001,1.07790003,1.077901,1.077901,53895001,53895002,0,115846,1,0,1,0,0,-17,-563711,1575533,0,1404393,0,0,0,0,-563711,-115846,-2139244,-171140,0,-17,-563711,1575533,0,1404393,0,0,0,0,-563711,-115846,-2139244,-171140,0
1079,1.0789,1.07890001,1.07890003,1.078901,1.078901,53945001,53945002,0,103794,1,0,1,0,0,-16,-512296,1404393,0,1251058,0,0,0,0,-512296,-103794,-1916689,-153335,0,-16,-512296,1404393,0,1251058,0,0,0,0,-512296,-103794,-1916689,-153335,0
1080,1.0799,1.07990001,1.07990003,1.079901,1.079901,53995001,53995002,0,89166,1,0,1,0,0,-12,-395506,1251058,0,1119333,0,0,0,0,-395506,-89166,-1646564,-131725,0,-12,-395506,1251058,0,1119333,0,0,0,0,-395506,-89166,-1646564,-131725,0
1081,1.0809,1.08090001,1.08090003,1.080901,1.080901,54045001,54045002,0,75502,1,0,1,0,0,-8,-274908,1119333,0,1007794,0,0,0,0,-274908,-75502,-1394241,-111539,0,-8,-274908,1119333,0,1007794,0,0,0,0,-274908,-75502,-1394241,-111539,0
1082,1.0819,1.08190001,1.08190003,1.081901,1.081901,54095001,54095002,0,63603,1,0,1,0,0,-5,-166717,1007794,0,913833,0,0,0,0,-166717,-63603,-1174511,-93961,0,-5,-166717,1007794,0,913833,0,0,0,0,-166717,-63603,-1174511,-93961,0
1083,1.0829,1.08290001,1.08290003,1.082901,1.082901,54145001,54145002,0,68464,1,0,1,0,0,-11,-350442,913833,0,812691,0,0,0,0,-350442,-68464,-1264275,-101142,0,-11,-350442,913833,0,812691,0,0,0,0,-350442,-68464,-1264275,-101142,0
1084,1.0839,1.08390001,1.08390003,1.083901,1.083901,54195001,54195002,0,64614,1,0,1,0,0,-12,-380489,812691,0,717237,0,0,0,0,-380489,-64614,-1193180,-95454,0,-12,-380489,812691,0,717237,0,0,0,0,-380489,-64614,-1193180,-95454,0
1085,1.0849,1.08490001,1.08490003,1.084901,1.084901,54245001,54245002,0,56447,1,0,1,0,0,-10,-325129,717237,0,633848,0,0,0,0,-325129,-56447,-1042366,-83389,0,-10,-325129,717237,0,633848,0,0,0,0,-325129,-56447,-1042366,-83389,0
1086,1.0859,1.08590001,1.08590003,1.085901,1.085901,54295001,54295002,0,48077,1,0,1,0,0,-8,-253955,633848,0,562824,0,0,0,0,-253955,-48077,-887803,-71024,0,-8,-253955,633848,0,562824,0,0,0,0,-253955,-48077,-887803,-71024,0
1087,1.0869,1.08690001,1.08690003,1.086901,1.086901,54345001,54345002,0,40586,1,0,1,0,0,-6,-186648,562824,0,502866,0,0,0,0,-186648,-40586,-749472,-59958,0,-6,-186648,562824,0,502866,0,0,0,0,-186648,-40586,-749472,-59958,0
1088,1.0879,1.08790001,1.08790003,1.087901,1.087901,54395001,54395002,0,34152,1,0,1,0,0,-4,-127794,502866,0,452413,0,0,0,0,-127794,-34152,-630660,-50453,0,-4,-127794,502866,0,452413,0,0,0,0,-127794,-34152,-630660,-50453,0
1089,1.0889,1.08890001,1.08890003,1.088901,1.088901,54445001,54445002,0,28705,1,0,1,0,0,-2,-77662,452413,0,410007,0,0,0,0,-77662,-28705,-530075,-42406,0,-2,-77662,452413,0,410007,0,0,0,0,-77662,-28705,-530075,-42406,0
1090,1.0899,1.08990001,1.08990003,1.089901,1.089901,54495001,54495002,0,24116,1,0,1,0,0,-1,-35326,410007,0,374380,0,0,0,0,-35326,-24116,-445333,-35627,0,-1,-35326,410007,0,374380,0,0,0,0,-35326,-24116,-445333,-35627,0
1091,1.0909,1.09090001,1.09090003,1.090901,1.090901,54545001,54545002,0,20258,1,0,1,0,0,0,290,374380,0,344453,0,0,0,0,290,-20258,-374090,-29927,0,0,290,374380,0,344453,0,0,0,0,290,-20258,-374090,-29927,0
1092,1.0919,1.09190001,1.09190003,1.091901,1.091901,54595001,54595002,0,17016,1,0,1,0,0,1,30231,344453,0,319315,0,0,0,0,30231,-17016,-314222,-25138,0,1,30231,344453,0,319315,0,0,0,0,30231,-17016,-314222,-25138,0
1093,1.0929,1.09290001,1.09290003,1.092901,1.092901,54645001,54645002,0,14293,1,0,1,0,0,2,55376,319315,0,298200,0,0,0,0,55376,-14293,-263939,-21115,0,2,55376,319315,0,298200,0,0,0,0,55376,-14293,-263939,-21115,0
1094,1.0939,1.09390001,1.09390003,1.093901,1.093901,54695001,54695002,0,24444,1,0,1,0,0,-5,-153190,298200,0,262089,0,0,0,0,-153190,-24444,-451390,-36111,0,-5,-153190,298200,0,262089,0,0,0,0,-153190,-24444,-451390,-36111,0
1095,1.0949,1.09490001,1.09490003,1.094901,1.094901,54745001,54745002,0,29518,1,0,1,0,0,-9,-282999,262089,0,218482,0,0,0,0,-282999,-29518,-545088,-43607,0,-9,-282999,262089,0,218482,0,0,0,0,-282999,-29518,-545088,-43607,0
1096,1.0959,1.09590001,1.09590003,1.095901,1.095901,54795001,54795002,0,27542,1,0,1,0,0,-9,-290116,218482,0,177794,0,0,0,0,-290116,-27542,-508598,-40688,0,-9,-290116,218482,0,177794,0,0,0,0,-290116,-27542,-508598,-40688,0
1097,1.0969,1.09690001,1.09690003,1.096901,1.096901,54845001,54845002,0,23975,1,0,1,0,0,-8,-264935,177794,0,142376,0,0,0,0,-264935,-23975,-442729,-35418,0,-8,-264935,177794,0,142376,0,0,0,0,-264935,-23975,-442729,-35418,0
1098,1.0979,1.09790001,1.09790003,1.097901,1.097901,54895001,54895002,0,20395,1,0,1,0,0,-7,-234244,142376,0,112246,0,0,0,0,-234244,-20395,-376620,-30130,0,-7,-234244,142376,0,112246,0,0,0,0,-234244,-20395,-376620,-30130,0
1099,1.0989,1.09890001,1.09890003,1.098901,1.098901,54945001,54945002,0,17209,1,0,1,0,0,-6,-205540,112246,0,86823,0,0,0,0,-205540,-17209,-317786,-25423,0,-6,-205540,112246,0,86823,0,0,0,0,-205540,-17209,-317786,-25423,0
1100,1.0999,1.09990001,1.09990003,1.099901,1.099901,54995001,54995002,0,14479,1,0,1,0,0,-6,-180550,86823,0,65433,0,0,0,0,-180550,-14479,-267373,-21390,0,-6,-180550,86823,0,65433,0,0,0,0,-180550,-14479,-267373,-21390,0
1101,1.1009,1.10090001,1.10090003,1.100901,1.100901,55045001,55045002,0,12169,1,0,1,0,0,-5,-159283,65433,0,47456,0,0,0,0,-159283,-12169,-224716,-17977,0,-5,-159283,65433,0,47456,0,0,0,0,-159283,-12169,-224716,-17977,0
1102,1.1019,1.10190001,1.10190003,1.101901,1.101901,55095001,55095002,0,10223,1,0,1,0,0,-4,-141325,47456,0,32354,0,0,0,0,-141325,-10223,-188781,-15102,0,-4,-141325,47456,0,32354,0,0,0,0,-141325,-10223,-188781,-15102,0
1103,1.1029,1.10290001,1.10290003,1.102901,1.102901,55145001,55145002,0,8588,1,0,1,0,0,-4,-126234,32354,0,19667,0,0,0,0,-126234,-8588,-158588,-12687,0,-4,-126234,32354,0,19667,0,0,0,0,-126234,-8588,-158588,-12687,0
1104,1.1039,1.10390001,1.10390003,1.103901,1.103901,55195001,55195002,0,7213,1,0,1,0,0,-3,-113530,19667,0,9011,0,0,0,0,-113530,-7213,-133197,-10656,0,-3,-113530,19667,0,9011,0,0,0,0,-113530,-7213,-133197,-10656,0
1105,1.1049,1.10490001,1.10490003,1.104901,1.104901,55245001,55245002,0,6059,1,0,1,0,0,-3,-102876,9011,0,60,0,0,0,0,-102876,-6059,-111887,-8951,0,-3,-102876,9011,0,60,0,0,0,0,-102876,-6059,-111887,-8951,0
1106,1.1059,1.10590001,1.10590003,1.105901,1.105901,55295001,55295002,0,-10890,1,0,1,0,0,6,201158,60,0,16148,0,0,0,0,201158,10890,201098,16088,0,6,201158,60,0,16148,0,0,0,0,201158,10890,201098,16088,0
1107,1.1069,1.10690001,1.10690003,1.106901,1.106901,55345001,55345002,0,-15446,1,0,1,0,0,9,301378,16148,0,38966,0,0,0,0,301378,15446,285230,22818,0,9,301378,16148,0,38966,0,0,0,0,301378,15446,285230,22818,0
1108,1.1079,1.10790001,1.10790003,1.107901,1.107901,55395001,55395002,0,-14900,1,0,1,0,0,10,314114,38966,0,60978,0,0,0,0,314114,14900,275148,22012,0,10,314114,38966,0,60978,0,0,0,0,314114,14900,275148,22012,0
1109,1.1089,1.10890001,1.10890003,1.108901,1.108901,55445001,55445002,0,-13105,1,0,1,0,0,9,302979,60978,0,80338,0,0,0,0,302979,13105,242001,19360,0,9,302979,60978,0,80338,0,0,0,0,302979,13105,242001,19360,0
1110,1.1099,1.10990001,1.10990003,1.109901,1.109901,55495001,55495002,0,-11188,1,0,1,0,0,9,286939,80338,0,96866,0,0,0,0,286939,11188,206601,16528,0,9,286939,80338,0,96866,0,0,0,0,286939,11188,206601,16528,0
1111,1.1109,1.11090001,1.11090003,1.110901,1.110901,55545001,55545002,0,2987,1,0,1,0,0,1,41707,96866,0,92453,0,0,0,0,41707,-2987,-55159,-4413,0,1,41707,96866,0,92453,0,0,0,0,41707,-2987,-55159,-4413,0
1112,1.1119,1.11190001,1.11190003,1.111901,1.111901,55595001,55595002,0,11478,1,0,1,0,0,-4,-119503,92453,0,75497,0,0,0,0,-119503,-11478,-211956,-16956,0,-4,-119503,92453,0,75497,0,0,0,0,-119503,-11478,-211956,-16956,0
1113,1.1129,1.11290001,1.11290003,1.112901,1.112901,55645001,55645002,0,12385,1,0,1,0,0,-5,-153208,75497,0,57201,0,0,0,0,-153208,-12385,-228705,-18296,0,-5,-153208,75497,0,57201,0,0,0,0,-153208,-12385,-228705,-18296,0
1114,1.1139,1.11390001,1.11390003,1.113901,1.113901,55695001,55695002,0,11242,1,0,1,0,0,-5,-150397,57201,0,40593,0,0,0,0,-150397,-11242,-207598,-16608,0,-5,-150397,57201,0,40593,0,0,0,0,-150397,-11242,-207598,-16608,0
1115,1.1149,1.11490001,1.11490003,1.114901,1.114901,55745001,55745002,0,9699,1,0,1,0,0,-4,-138511,40593,0,26265,0,0,0,0,-138511,-9699,-179104,-14328,0,-4,-138511,40593,0,26265,0,0,0,0,-138511,-9699,-179104,-14328,0
1116,1.1159,1.11590001,1.11590003,1.115901,1.115901,55795001,55795002,0,8225,1,0,1,0,0,-4,-125620,26265,0,14114,0,0,0,0,-125620,-8225,-151885,-12151,0,-4,-125620,26265,0,14114,0,0,0,0,-125620,-8225,-151885,-12151,0
1117,1.1169,1.11690001,1.11690003,1.116901,1.116901,55845001,55845002,0,6933,1,0,1,0,0,-3,-113913,14114,0,3872,0,0,0,0,-113913,-6933,-128027,-10242,0,-3,-113913,14114,0,3872,0,0,0,0,-113913,-6933,-128027,-10242,0
1118,1.1179,1.11790001,1.11790003,1.117901,1.117901,55895001,55895002,0,5831,1,0,1,0,0,-3,-103805,3872,0,-4742,0,0,0,0,-103805,-5831,-107677,-8614,0,-3,-103805,3872,0,-4742,0,0,0,0,-103805,-5831,-107677,-8614,0
1119,1.1189,1.11890001,1.11890003,1.118901,1.118901,55945001,55945002,0,4900,1,0,1,0,0,-3,-95227,-4742,0,-11981,0,0,0,0,-95227,-4900,-90485,-7239,0,-3,-95227,-4742,0,-11981,0,0,0,0,-95227,-4900,-90485,-7239,0
1120,1.1199,1.11990001,1.11990003,1.119901,1.119901,55995001,55995002,0,4116,1,0,1,0,0,-3,-87988,-11981,0,-18062,0,0,0,0,-87988,-4116,-76007,-6081,0,-3,-87988,-11981,0,-18062,0,0,0,0,-87988,-4116,-76007,-6081,0
1121,1.1209,1.12090001,1.12090003,1.120901,1.120901,56045001,56045002,0,3457,1,0,1,0,0,-2,-81900,-18062,0,-23169,0,0,0,0,-81900,-3457,-63838,-5107,0,-2,-81900,-18062,0,-23169,0,0,0,0,-81900,-3457,-63838,-5107,0
1122,1.1219,1.12190001,1.12190003,1.121901,1.121901,56095001,56095002,0,2904,1,0,1,0,0,-2,-76795,-23169,0,-27459,0,0,0,0,-76795,-2904,-53626,-4290,0,-2,-76795,-23169,0,-27459,0,0,0,0,-76795,-2904,-53626,-4290,0
1123,1.1229,1.12290001,1.12290003,1.122901,1.122901,56145001,56145002,0,2439,1,0,1,0,0,-2,-72498,-27459,0,-31062,0,0,0,0,-72498,-2439,-45039,-3603,0,-2,-72498,-27459,0,-31062,0,0,0,0,-72498,-2439,-45039,-3603,0
1124,1.1239,1.12390001,1.12390003,1.123901,1.123901,56195001,56195002,0,2049,1,0,1,0,0,-2,-68899,-31062,0,-34089,0,0,0,0,-68899,-2049,-37837,-3027,0,-2,-68899,-31062,0,-34089,0,0,0,0,-68899,-2049,-37837,-3027,0
1125,1.1249,1.12490001,1.12490003,1.124901,1.124901,56245001,56245002,0,1721,1,0,1,0,0,-2,-65869,-34089,0,-36631,0,0,0,0,-65869,-1721,-31780,-2542,0,-2,-65869,-34089,0,-36631,0,0,0,0,-65869,-1721,-31780,-2542,0
1126,1.1259,1.12590001,1.12590003,1.125901,1.125901,56295001,56295002,0,1445,1,0,1,0,0,-2,-63315,-36631,0,-38766,0,0,0,0,-63315,-1445,-26684,-2135,0,-2,-63315,-36631,0,-38766,0,0,0,0,-63315,-1445,-26684,-2135,0
1127,1.1269,1.12690001,1.12690003,1.126901,1.126901,56345001,56345002,0,1214,1,0,1,0,0,-2,-61184,-38766,0,-40559,0,0,0,0,-61184,-1214,-22418,-1793,0,-2,-61184,-38766,0,-40559,0,0,0,0,-61184,-1214,-22418,-1793,0
1128,1.1279,1.12790001,1.12790003,1.127901,1.127901,56395001,56395002,0,-15797,1,0,1,0,0,8,251153,-40559,0,-17222,0,0,0,0,251153,15797,291712,23337,0,8,251153,-40559,0,-17222,0,0,0,0,251153,15797,291712,23337,0
1129,1.1289,1.12890001,1.12890003,1.128901,1.128901,56445001,56445002,0,-18863,1,0,1,0,0,10,331107,-17222,0,10644,0,0,0,0,331107,18863,348329,27866,0,10,331107,-17222,0,10644,0,0,0,0,331107,18863,348329,27866,0
1130,1.1299,1.12990001,1.12990003,1.129901,1.129901,56495001,56495002,0,-17556,1,0,1,0,0,10,334838,10644,0,36580,0,0,0,0,334838,17556,324194,25936,0,10,334838,10644,0,36580,0,0,0,0,334838,17556,324194,25936,0
1131,1.1309,1.13090001,1.13090003,1.130901,1.130901,56545001,56545002,0,-15269,1,0,1,0,0,10,318542,36580,0,59137,0,0,0,0,318542,15269,281962,22557,0,10,318542,36580,0,59137,0,0,0,0,318542,15269,281962,22557,0
1132,1.1319,1.13190001,1.13190003,1.131901,1.131901,56595001,56595002,0,-12986,1,0,1,0,0,9,298940,59137,0,78321,0,0,0,0,298940,12986,239803,19184,0,9,298940,59137,0,78321,0,0,0,0,298940,12986,239803,19184,0
1133,1.1329,1.13290001,1.13290003,1.132901,1.132901,56645001,56645002,0,2856,1,0,1,0,0,1,25581,78321,0,74102,0,0,0,0,25581,-2856,-52740,-4219,0,1,25581,78321,0,74102,0,0,0,0,25581,-2856,-52740,-4219,0
1134,1.1339,1.13390001,1.13390003,1.133901,1.133901,56695001,56695002,0,10366,1,0,1,0,0,-4,-117319,74102,0,58788,0,0,0,0,-117319,-10366,-191421,-15314,0,-4,-117319,74102,0,58788,0,0,0,0,-117319,-10366,-191421,-15314,0
1135,1.1349,1.13490001,1.13490003,1.134901,1.134901,56745001,56745002,0,11145,1,0,1,0,0,-4,-147019,58788,0,42323,0,0,0,0,-147019,-11145,-205807,-16465,0,-4,-147019,58788,0,42323,0,0,0,0,-147019,-11145,-205807,-16465,0
1136,1.1359,1.13590001,1.13590003,1.135901,1.135901,56795001,56795002,0,10106,1,0,1,0,0,-4,-144297,42323,0,27393,0,0,0,0,-144297,-10106,-186620,-14930,0,-4,-144297,42323,0,27393,0,0,0,0,-144297,-10106,-186620,-14930,0
1137,1.1369,1.13690001,1.13690003,1.136901,1.136901,56845001,56845002,0,8717,1,0,1,0,0,-4,-133578,27393,0,14515,0,0,0,0,-133578,-8717,-160971,-12878,0,-4,-133578,27393,0,14515,0,0,0,0,-133578,-8717,-160971,-12878,0
1138,1.1379,1.13790001,1.13790003,1.137901,1.137901,56895001,56895002,0,7391,1,0,1,0,0,-4,-121969,14515,0,3596,0,0,0,0,-121969,-7391,-136484,-10919,0,-4,-121969,14515,0,3596,0,0,0,0,-121969,-7391,-136484,-10919,0
1139,1.1389,1.13890001,1.13890003,1.138901,1.138901,56945001,56945002,0,6230,1,0,1,0,0,-3,-111449,3596,0,-5608,0,0,0,0,-111449,-6230,-115045,-9204,0,-3,-111449,3596,0,-5608,0,0,0,0,-111449,-6230,-115045,-9204,0
1140,1.1399,1.13990001,1.13990003,1.139901,1.139901,56995001,56995002,0,5239,1,0,1,0,0,-3,-102353,-5608,0,-13348,0,0,0,0,-102353,-5239,-96745,-7740,0,-3,-102353,-5608,0,-13348,0,0,0,0,-102353,-5239,-96745,-7740,0
1141,1.1409,1.14090001,1.14090003,1.140901,1.140901,57045001,57045002,0,4403,1,0,1,0,0,-3,-94655,-13348,0,-19853,0,0,0,0,-94655,-4403,-81307,-6505,0,-3,-94655,-13348,0,-19853,0,0,0,0,-94655,-4403,-81307,-6505,0
1142,1.1419,1.14190001,1.14190003,1.141901,1.141901,57095001,57095002,0,3699,1,0,1,0,0,-3,-88160,-19853,0,-25318,0,0,0,0,-88160,-3699,-68307,-5465,0,-3,-88160,-19853,0,-25318,0,0,0,0,-88160,-3699,-68307,-5465,0
1143,1.1429,1.14290001,1.14290003,1.142901,1.142901,57145001,57145002,0,3107,1,0,1,0,0,-3,-82693,-25318,0,-29908,0,0,0,0,-82693,-3107,-57375,-4590,0,-3,-82693,-25318,0,-29908,0,0,0,0,-82693,-3107,-57375,-4590,0
1144,1.1439,1.14390001,1.14390003,1.143901,1.143901,57195001,57195002,0,2610,1,0,1,0,0,-2,-78105,-29908,0,-33764,0,0,0,0,-78105,-2610,-48197,-3856,0,-2,-78105,-29908,0,-33764,0,0,0,0,-78105,-2610,-48197,-3856,0
1145,1.1449,1.14490001,1.14490003,1.144901,1.144901,57245001,57245002,0,2192,1,0,1,0,0,-2,-74242,-33764,0,-37002,0,0,0,0,-74242,-2192,-40478,-3238,0,-2,-74242,-33764,0,-37002,0,0,0,0,-74242,-2192,-40478,-3238,0
1146,1.1459,1.14590001,1.14590003,1.145901,1.145901,57295001,57295002,0,1841,1,0,1,0,0,-2,-70998,-37002,0,-39722,0,0,0,0,-70998,-1841,-33996,-2720,0,-2,-70998,-37002,0,-39722,0,0,0,0,-70998,-1841,-33996,-2720,0
1147,1.1469,1.14690001,1.14690003,1.146901,1.146901,57345001,57345002,0,1546,1,0,1,0,0,-2,-68271,-39722,0,-42006,0,0,0,0,-68271,-1546,-28549,-2284,0,-2,-68271,-39722,0,-42006,0,0,0,0,-68271,-1546,-28549,-2284,0
1148,1.1479,1.14790001,1.14790003,1.147901,1.147901,57395001,57395002,0,1299,1,0,1,0,0,-2,-65994,-42006,0,-43925,0,0,0,0,-65994,-1299,-23988,-1919,0,-2,-65994,-42006,0,-43925,0,0,0,0,-65994,-1299,-23988,-1919,0
1149,1.1489,1.14890001,1.14890003,1.148901,1.148901,57445001,57445002,0,-3264,1,0,1,0,0,0,16349,-43925,0,-39103,0,0,0,0,16349,3264,60274,4822,0,0,16349,-43925,0,-39103,0,0,0,0,16349,3264,60274,4822,0
1150,1.1499,1.14990001,1.14990003,1.149901,1.149901,57495001,57495002,0,-17174,1,0,1,0,0,8,278037,-39103,0,-13732,0,0,0,0,278037,17174,317140,25371,0,8,278037,-39103,0,-13732,0,0,0,0,278037,17174,317140,25371,0
1151,1.1509,1.15090001,1.15090003,1.150901,1.150901,57545001,57545002,0,-18840,1,0,1,0,0,10,334173,-13732,0,14100,0,0,0,0,334173,18840,347905,27832,0,10,334173,-13732,0,14100,0,0,0,0,334173,18840,347905,27832,0
1152,1.1519,1.15190001,1.15190003,1.151901,1.151901,57595001,57595002,0,-17175,1,0,1,0,0,10,331258,14100,0,39473,0,0,0,0,331258,17175,317158,25373,0,10,331258,14100,0,39473,0,0,0,0,331258,17175,317158,25373,0
1153,1.1529,1.15290001,1.15290003,1.152901,1.152901,57645001,57645002,0,-14840,1,0,1,0,0,10,313513,39473,0,61396,0,0,0,0,313513,14840,274040,21923,0,10,313513,39473,0,61396,0,0,0,0,313513,14840,274040,21923,0
1154,1.1539,1.15390001,1.15390003,1.153901,1.153901,57695001,57695002,0,-12591,1,0,1,0,0,9,293905,61396,0,79997,0,0,0,0,293905,12591,232509,18601,0,9,293905,61396,0,79997,0,0,0,0,293905,12591,232509,18601,0
1155,1.1549,1.15490001,1.15490003,1.154901,1.154901,57745001,57745002,0,6202,1,0,1,0,0,-1,-34531,79997,0,70835,0,0,0,0,-34531,-6202,-114528,-9162,0,-1,-34531,79997,0,70835,0,0,0,0,-34531,-6202,-114528,-9162,0
1156,1.1559,1.15590001,1.15590003,1.155901,1.155901,57795001,57795002,0,10793,1,0,1,0,0,-4,-128472,70835,0,54890,0,0,0,0,-128472,-10793,-199307,-15945,0,-4,-128472,70835,0,54890,0,0,0,0,-128472,-10793,-199307,-15945,0
1157,1.1569,1.15690001,1.15690003,1.156901,1.156901,57845001,57845002,0,10773,1,0,1,0,0,-4,-144047,54890,0,38975,0,0,0,0,-144047,-10773,-198937,-15915,0,-4,-144047,54890,0,38975,0,0,0,0,-144047,-10773,-198937,-15915,0
1158,1.1579,1.15790001,1.15790003,1.157901,1.157901,57895001,57895002,0,9572,1,0,1,0,0,-4,-137784,38975,0,24834,0,0,0,0,-137784,-9572,-176759,-14141,0,-4,-137784,38975,0,24834,0,0,0,0,-137784,-9572,-176759,-14141,0
1159,1.1589,1.15890001,1.15890003,1.158901,1.158901,57945001,57945002,0,8199,1,0,1,0,0,-4,-126571,24834,0,12722,0,0,0,0,-126571,-8199,-151405,-12112,0,-4,-126571,24834,0,12722,0,0,0,0,-126571,-8199,-151405,-12112,0
1160,1.1599,1.15990001,1.15990003,1.159901,1.159901,57995001,57995002,0,6936,1,0,1,0,0,-4,-115360,12722,0,2475,0,0,0,0,-115360,-6936,-128082,-10247,0,-4,-115360,12722,0,2475,0,0,0,0,-115360,-6936,-128082,-10247,0
1161,1.1609,1.16090001,1.16090003,1.160901,1.160901,58045001,58045002,0,5841,1,0,1,0,0,-3,-105387,2475,0,-6154,0,0,0,0,-105387,-5841,-107862,-8629,0,-3,-105387,2475,0,-6154,0,0,0,0,-105387,-5841,-107862,-8629,0
1162,1.1619,1.16190001,1.16190003,1.161901,1.161901,58095001,58095002,0,4910,1,0,1,0,0,-3,-96823,-6154,0,-13408,0,0,0,0,-96823,-4910,-90669,-7254,0,-3,-96823,-6154,0,-13408,0,0,0,0,-96823,-4910,-90669,-7254,0
1163,1.1629,1.16290001,1.16290003,1.162901,1.162901,58145001,58145002,0,4126,1,0,1,0,0,-3,-89600,-13408,0,-19503,0,0,0,0,-89600,-4126,-76192,-6095,0,-3,-89600,-13408,0,-19503,0,0,0,0,-89600,-4126,-76192,-6095,0
1164,1.1639,1.16390001,1.16390003,1.163901,1.163901,58195001,58195002,0,3466,1,0,1,0,0,-3,-83507,-19503,0,-24623,0,0,0,0,-83507,-3466,-64004,-5120,0,-3,-83507,-19503,0,-24623,0,0,0,0,-83507,-3466,-64004,-5120,0
1165,1.1649,1.16490001,1.16490003,1.164901,1.164901,58245001,58245002,0,2911,1,0,1,0,0,-2,-78378,-24623,0,-28923,0,0,0,0,-78378,-2911,-53755,-4300,0,-2,-78378,-24623,0,-28923,0,0,0,0,-78378,-2911,-53755,-4300,0
1166,1.1659,1.16590001,1.16590003,1.165901,1.165901,58295001,58295002,0,2445,1,0,1,0,0,-2,-74073,-28923,0,-32535,0,0,0,0,-74073,-2445,-45150,-3612,0,-2,-74073,-28923,0,-32535,0,0,0,0,-74073,-2445,-45150,-3612,0
1167,1.1669,1.16690001,1.16690003,1.166901,1.166901,58345001,58345002,0,2054,1,0,1,0,0,-2,-70465,-32535,0,-35569,0,0,0,0,-70465,-2054,-37930,-3034,0,-2,-70465,-32535,0,-35569,0,0,0,0,-70465,-2054,-37930,-3034,0
1168,1.1679,1.16790001,1.16790003,1.167901,1.167901,58395001,58395002,0,1725,1,0,1,0,0,-2,-67423,-35569,0,-38117,0,0,0,0,-67423,-1725,-31854,-2548,0,-2,-67423,-35569,0,-38117,0,0,0,0,-67423,-1725,-31854,-2548,0
1169,1.1689,1.16890001,1.16890003,1.168901,1.168901,58445001,58445002,0,1449,1,0,1,0,0,-2,-64875,-38117,0,-40258,0,0,0,0,-64875,-1449,-26758,-2141,0,-2,-64875,-38117,0,-40258,0,0,0,0,-64875,-1449,-26758,-2141,0
1170,1.1699,1.16990001,1.16990003,1.169901,1.169901,58495001,58495002,0,1217,1,0,1,0,0,-2,-62731,-40258,0,-42056,0,0,0,0,-62731,-1217,-22473,-1798,0,-2,-62731,-40258,0,-42056,0,0,0,0,-62731,-1217,-22473,-1798,0
1171,1.1709,1.17090001,1.17090003,1.170901,1.170901,58545001,58545002,0,-487,1,0,1,0,0,-1,-33063,-42056,0,-41337,0,0,0,0,-33063,487,8993,719,0,-1,-33063,-42056,0,-41337,0,0,0,0,-33063,487,8993,719,0
1172,1.1719,1.17190001,1.17190003,1.171901,1.171901,58595001,58595002,0,-16656,1,0,1,0,0,8,266237,-41337,0,-16731,0,0,0,0,266237,16656,307574,24606,0,8,266237,-41337,0,-16731,0,0,0,0,266237,16656,307574,24606,0
1173,1.1729,1.17290001,1.17290003,1.172901,1.172901,58645001,58645002,0,-18960,1,0,1,0,0,10,333390,-16731,0,11279,0,0,0,0,333390,18960,350121,28010,0,10,333390,-16731,0,11279,0,0,0,0,333390,18960,350121,28010,0
1174,1.1739,1.17390001,1.17390003,1.173901,1.173901,58695001,58695002,0,-17446,1,0,1,0,0,10,333442,11279,0,37052,0,0,0,0,333442,17446,322163,25773,0,10,333442,11279,0,37052,0,0,0,0,333442,17446,322163,25773,0
1175,1.1749,1.17490001,1.17490003,1.174901,1.174901,58745001,58745002,0,-15119,1,0,1,0,0,10,316244,37052,0,59387,0,0,0,0,316244,15119,279192,22335,0,10,316244,37052,0,59387,0,0,0,0,316244,15119,279192,22335,0
1176,1.1759,1.17590001,1.17590003,1.175901,1.175901,58795001,58795002,0,-12841,1,0,1,0,0,9,296512,59387,0,78357,0,0,0,0,296512,12841,237125,18970,0,9,296512,59387,0,78357,0,0,0,0,296512,12841,237125,18970,0
1177,1.1769,1.17690001,1.17690003,1.176901,1.176901,58845001,58845002,0,4155,1,0,1,0,0,0,1630,78357,0,72219,0,0,0,0,1630,-4155,-76727,-6138,0,0,1630,78357,0,72219,0,0,0,0,1630,-4155,-76727,-6138,0
1178,1.1779,1.17790001,1.17790003,1.177901,1.177901,58895001,58895002,0,10568,1,0,1,0,0,-4,-122933,72219,0,56607,0,0,0,0,-122933,-10568,-195152,-15612,0,-4,-122933,72219,0,56607,0,0,0,0,-122933,-10568,-195152,-15612,0
1179,1.1789,1.17890001,1.17890003,1.178901,1.178901,58945001,58945002,0,11041,1,0,1,0,0,-4,-147279,56607,0,40296,0,0,0,0,-147279,-11041,-203886,-16311,0,-4,-147279,56607,0,40296,0,0,0,0,-147279,-11041,-203886,-16311,0
1180,1.1799,1.17990001,1.17990003,1.179901,1.179901,58995001,58995002,0,9936,1,0,1,0,0,-4,-143185,40296,0,25618,0,0,0,0,-143185,-9936,-183481,-14678,0,-4,-143185,40296,0,25618,0,0,0,0,-143185,-9936,-183481,-14678,0
1181,1.1809,1.18090001,1.18090003,1.180901,1.180901,59045001,59045002,0,8549,1,0,1,0,0,-4,-132250,25618,0,12989,0,0,0,0,-132250,-8549,-157868,-12629,0,-4,-132250,25618,0,12989,0,0,0,0,-132250,-8549,-157868,-12629,0
1182,1.1819,1.18190001,1.18190003,1.181901,1.181901,59095001,59095002,0,7242,1,0,1,0,0,-4,-120744,12989,0,2290,0,0,0,0,-120744,-7242,-133733,-10699,0,-4,-120744,12989,0,2290,0,0,0,0,-120744,-7242,-133733,-10699,0
1183,1.1829,1.18290001,1.18290003,1.182901,1.182901,59145001,59145002,0,6102,1,0,1,0,0,-3,-110391,2290,0,-6725,0,0,0,0,-110391,-6102,-112681,-9015,0,-3,-110391,2290,0,-6725,0,0,0,0,-110391,-6102,-112681,-9015,0
1184,1.1839,1.18390001,1.18390003,1.183901,1.183901,59195001,59195002,0,5131,1,0,1,0,0,-3,-101475,-6725,0,-14305,0,0,0,0,-101475,-5131,-94750,-7580,0,-3,-101475,-6725,0,-14305,0,0,0,0,-101475,-5131,-94750,-7580,0
1185,1.1849,1.18490001,1.18490003,1.184901,1.184901,59245001,59245002,0,4312,1,0,1,0,0,-3,-93932,-14305,0,-20675,0,0,0,0,-93932,-4312,-79627,-6370,0,-3,-93932,-14305,0,-20675,0,0,0,0,-93932,-4312,-79627,-6370,0
1186,1.1859,1.18590001,1.18590003,1.185901,1.185901,59295001,59295002,0,3622,1,0,1,0,0,-3,-87560,-20675,0,-26026,0,0,0,0,-87560,-3622,-66885,-5351,0,-3,-87560,-20675,0,-26026,0,0,0,0,-87560,-3622,-66885,-5351,0
1187,1.1869,1.18690001,1.18690003,1.186901,1.186901,59345001,59345002,0,3043,1,0,1,0,0,-3,-82219,-26026,0,-30521,0,0,0,0,-82219,-3043,-56193,-4495,0,-3,-82219,-26026,0,-30521,0,0,0,0,-82219,-3043,-56193,-4495,0
1188,1.1879,1.18790001,1.18790003,1.187901,1.187901,59395001,59395002,0,2556,1,0,1,0,0,-2,-77721,-30521,0,-34297,0,0,0,0,-77721,-2556,-47200,-3776,0,-2,-77721,-30521,0,-34297,0,0,0,0,-77721,-2556,-47200,-3776,0
1189,1.1889,1.18890001,1.18890003,1.188901,1.188901,59445001,59445002,0,2147,1,0,1,0,0,-2,-73944,-34297,0,-37469,0,0,0,0,-73944,-2147,-39647,-3172,0,-2,-73944,-34297,0,-37469,0,0,0,0,-73944,-2147,-39647,-3172,0
1190,1.1899,1.18990001,1.18990003,1.189901,1.189901,59495001,59495002,0,1803,1,0,1,0,0,-2,-70764,-37469,0,-40133,0,0,0,0,-70764,-1803,-33295,-2664,0,-2,-70764,-37469,0,-40133,0,0,0,0,-70764,-1803,-33295,-2664,0
1191,1.1909,1.19090001,1.19090003,1.190901,1.190901,59545001,59545002,0,1514,1,0,1,0,0,-2,-68091,-40133,0,-42370,0,0,0,0,-68091,-1514,-27958,-2237,0,-2,-68091,-40133,0,-42370,0,0,0,0,-68091,-1514,-27958,-2237,0
1192,1.1919,1.19190001,1.19190003,1.191901,1.191901,59595001,59595002,0,1272,1,0,1,0,0,-2,-65859,-42370,0,-44249,0,0,0,0,-65859,-1272,-23489,-1879,0,-2,-65859,-42370,0,-44249,0,0,0,0,-65859,-1272,-23489,-1879,0
1193,1.1929,1.19290001,1.19290003,1.192901,1.192901,59645001,59645002,0,-9769,1,0,1,0,0,4,136148,-44249,0,-29817,0,0,0,0,136148,9769,180397,14432,0,4,136148,-44249,0,-29817,0,0,0,0,136148,9769,180397,14432,0
1194,1.1939,1.19390001,1.19390003,1.193901,1.193901,59695001,59695002,0,-18322,1,0,1,0,0,9,308522,-29817,0,-2750,0,0,0,0,308522,18322,338339,27067,0,9,308522,-29817,0,-2750,0,0,0,0,308522,18322,338339,27067,0
1195,1.1949,1.19490001,1.19490003,1.194901,1.194901,59745001,59745002,0,-18484,1,0,1,0,0,10,338581,-2750,0,24556,0,0,0,0,338581,18484,341331,27306,0,10,338581,-2750,0,24556,0,0,0,0,338581,18484,341331,27306,0
1196,1.1959,1.19590001,1.19590003,1.195901,1.195901,59795001,59795002,0,-16472,1,0,1,0,0,10,328733,24556,0,48890,0,0,0,0,328733,16472,304177,24334,0,10,328733,24556,0,48890,0,0,0,0,328733,16472,304177,24334,0
1197,1.1969,1.19690001,1.19690003,1.196901,1.196901,59845001,59845002,0,-14125,1,0,1,0,0,9,309726,48890,0,69757,0,0,0,0,309726,14125,260836,20867,0,9,309726,48890,0,69757,0,0,0,0,309726,14125,260836,20867,0
1198,1.1979,1.19790001,1.19790003,1.197901,1.197901,59895001,59895002,0,-5122,1,0,1,0,0,5,164341,69757,0,77324,0,0,0,0,164341,5122,94584,7567,0,5,164341,69757,0,77324,0,0,0,0,164341,5122,94584,7567,0
1199,1.1989,1.19890001,1.19890003,1.198901,1.198901,59945001,59945002,0,8491,1,0,1,0,0,-2,-79473,77324,0,64780,0,0,0,0,-79473,-8491,-156797,-12544,0,-2,-79473,77324,0,64780,0,0,0,0,-79473,-8491,-156797,-12544,0
1200,1.1999,1.19990001,1.19990003,1.199901,1.199901,59995001,59995002,0,11046,1,0,1,0,0,-4,-139199,64780,0,48462,0,0,0,0,-139199,-11046,-203979,-16318,0,-4,-139199,64780,0,48462,0,0,0,0,-139199,-11046,-203979,-16318,0
