row,time_ns,clk,init_reset,pi_reset,source_tick,sample_tick,clk_enable,result_valid,ref_raw,meas_raw,iq_ref_raw,integrator_old_raw,integrator_next_raw,previous_excess_raw,excess_next_raw,hard_reset,int_reset
0,41,1,0,0,0,0,1,0,0,0,0,0,0,0,0,0,0
1,100041,1,0,0,0,0,1,0,0,0,0,0,0,0,0,0,0
2,200041,1,0,0,0,0,1,0,0,0,0,0,0,0,0,0,0
3,300041,1,0,0,0,0,1,0,0,0,0,0,0,0,0,0,0
4,400041,1,0,0,0,0,1,0,0,0,0,0,0,0,0,0,0
5,500041,1,0,0,0,0,1,0,0,0,0,0,0,0,0,0,0
6,600041,1,0,0,0,0,1,0,0,0,0,0,0,0,0,0,0
7,700041,1,0,0,0,0,1,0,0,0,0,0,0,0,0,0,0
8,800041,1,0,0,0,0,1,0,0,0,0,0,0,0,0,0,0
9,900041,1,0,0,1,0,1,1,0,0,0,0,0,0,0,0,0
10,1000041,1,0,0,0,0,1,0,0,0,0,0,0,0,0,0,0
11,1100041,1,0,0,0,0,1,0,0,0,0,0,0,0,0,0,0
12,1200041,1,0,0,0,0,1,0,0,0,0,0,0,0,0,0,0
13,1300041,1,0,0,0,0,1,0,0,0,0,0,0,0,0,0,0
14,1400041,1,0,0,0,0,1,0,0,0,0,0,0,0,0,0,0
15,1500041,1,0,0,0,0,1,0,0,0,0,0,0,0,0,0,0
16,1600041,1,0,0,0,0,1,0,0,0,0,0,0,0,0,0,0
17,1700041,1,0,0,0,0,1,0,0,0,0,0,0,0,0,0,0
18,1800041,1,0,0,0,0,1,0,0,0,0,0,0,0,0,0,0
19,1900041,1,0,0,1,0,1,1,0,0,0,0,0,0,0,0,0
20,2000041,1,0,0,0,0,1,0,0,0,0,0,0,0,0,0,0
21,2100041,1,0,0,0,0,1,0,0,0,0,0,0,0,0,0,0
22,2200041,1,0,0,0,0,1,0,0,0,0,0,0,0,0,0,0
23,2300041,1,0,0,0,0,1,0,0,0,0,0,0,0,0,0,0
24,2400041,1,0,0,0,0,1,0,0,0,0,0,0,0,0,0,0
25,2500041,1,0,0,0,0,1,0,0,0,0,0,0,0,0,0,0
26,2600041,1,0,0,0,0,1,0,0,0,0,0,0,0,0,0,0
27,2700041,1,0,0,0,0,1,0,0,0,0,0,0,0,0,0,0
28,2800041,1,0,0,0,0,1,0,0,0,0,0,0,0,0,0,0
29,2900041,1,0,0,1,0,1,1,0,0,0,0,0,0,0,0,0
30,3000041,1,0,0,0,0,1,0,0,0,0,0,0,0,0,0,0
31,3100041,1,0,0,0,0,1,0,0,0,0,0,0,0,0,0,0
32,3200041,1,0,0,0,0,1,0,0,0,0,0,0,0,0,0,0
33,3300041,1,0,0,0,0,1,0,0,0,0,0,0,0,0,0,0
34,3400041,1,0,0,0,0,1,0,0,0,0,0,0,0,0,0,0
35,3500041,1,0,0,0,0,1,0,0,0,0,0,0,0,0,0,0
36,3600041,1,0,0,0,0,1,0,0,0,0,0,0,0,0,0,0
37,3700041,1,0,0,0,0,1,0,0,0,0,0,0,0,0,0,0
38,3800041,1,0,0,0,0,1,0,0,0,0,0,0,0,0,0,0
39,3900041,1,0,0,1,0,1,1,0,0,0,0,0,0,0,0,0
40,4000041,1,0,0,0,0,1,0,2097152,0,0,0,0,0,0,0,0
41,4100041,1,0,0,0,0,1,0,2097152,0,0,0,0,0,0,0,0
42,4200041,1,0,0,0,0,1,0,2097152,0,0,0,0,0,0,0,0
43,4300041,1,0,0,0,0,1,0,2097152,0,0,0,0,0,0,0,0
44,4400041,1,0,0,0,0,1,0,2097152,0,0,0,0,0,0,0,0
45,4500041,1,0,0,0,0,1,0,2097152,0,0,0,0,0,0,0,0
46,4600041,1,0,0,0,0,1,0,2097152,0,0,0,0,0,0,0,0
47,4700041,1,0,0,0,0,1,0,2097152,0,0,0,0,0,0,0,0
48,4800041,1,0,0,0,0,1,0,2097152,0,0,0,0,0,0,0,0
49,4900041,1,0,0,1,0,1,1,2097152,0,1182,0,3098128,0,0,0,0
50,5000041,1,0,0,0,0,1,0,2097152,0,1182,0,3098128,0,0,0,0
51,5100041,1,0,0,0,0,1,0,2097152,0,1182,0,3098128,0,0,0,0
52,5200041,1,0,0,0,0,1,0,2097152,0,1182,0,3098128,0,0,0,0
53,5300041,1,0,0,0,0,1,0,2097152,0,1182,0,3098128,0,0,0,0
54,5400041,1,0,0,0,0,1,0,2097152,0,1182,0,3098128,0,0,0,0
55,5500041,1,0,0,0,0,1,0,2097152,0,1182,0,3098128,0,0,0,0
56,5600041,1,0,0,0,0,1,0,2097152,0,1182,0,3098128,0,0,0,0
57,5700041,1,0,0,0,0,1,0,2097152,0,1182,0,3098128,0,0,0,0
58,5800041,1,0,0,0,0,1,0,2097152,0,1182,0,3098128,0,0,0,0
59,5900041,1,0,0,1,0,1,1,2097152,0,1276,3098128,6196256,0,0,0,0
60,6000041,1,0,0,0,0,1,0,2097152,0,1276,3098128,6196256,0,0,0,0
61,6100041,1,0,0,0,0,1,0,2097152,0,1276,3098128,6196256,0,0,0,0
62,6200041,1,0,0,0,0,1,0,2097152,0,1276,3098128,6196256,0,0,0,0
63,6300041,1,0,0,0,0,1,0,2097152,0,1276,3098128,6196256,0,0,0,0
64,6400041,1,0,0,0,0,1,0,2097152,0,1276,3098128,6196256,0,0,0,0
65,6500041,1,0,0,0,0,1,0,2097152,0,1276,3098128,6196256,0,0,0,0
66,6600041,1,0,0,0,0,1,0,2097152,0,1276,3098128,6196256,0,0,0,0
67,6700041,1,0,0,0,0,1,0,2097152,0,1276,3098128,6196256,0,0,0,0
68,6800041,1,0,0,0,0,1,0,2097152,0,1276,3098128,6196256,0,0,0,0
69,6900041,1,0,0,1,0,1,1,2097152,0,1371,6196256,9294384,0,0,0,0
70,7000041,1,0,0,0,0,1,0,2097152,0,1371,6196256,9294384,0,0,0,0
71,7100041,1,0,0,0,0,1,0,2097152,0,1371,6196256,9294384,0,0,0,0
72,7200041,1,0,0,0,0,1,0,2097152,0,1371,6196256,9294384,0,0,0,0
73,7300041,1,0,0,0,0,1,0,2097152,0,1371,6196256,9294384,0,0,0,0
74,7400041,1,0,0,0,0,1,0,2097152,0,1371,6196256,9294384,0,0,0,0
75,7500041,1,0,0,0,0,1,0,2097152,0,1371,6196256,9294384,0,0,0,0
76,7600041,1,0,0,0,0,1,0,2097152,0,1371,6196256,9294384,0,0,0,0
77,7700041,1,0,0,0,0,1,0,2097152,0,1371,6196256,9294384,0,0,0,0
78,7800041,1,0,0,0,0,1,0,2097152,0,1371,6196256,9294384,0,0,0,0
79,7900041,1,0,0,1,0,1,1,2097152,0,1465,9294384,12392512,0,0,0,0
80,8000041,1,0,0,0,0,1,0,2097152,0,1465,9294384,12392512,0,0,0,0
81,8100041,1,0,0,0,0,1,0,2097152,0,1465,9294384,12392512,0,0,0,0
82,8200041,1,0,0,0,0,1,0,2097152,0,1465,9294384,12392512,0,0,0,0
83,8300041,1,0,0,0,0,1,0,2097152,0,1465,9294384,12392512,0,0,0,0
84,8400041,1,0,0,0,0,1,0,2097152,0,1465,9294384,12392512,0,0,0,0
85,8500041,1,0,0,0,0,1,0,2097152,0,1465,9294384,12392512,0,0,0,0
86,8600041,1,0,0,0,0,1,0,2097152,0,1465,9294384,12392512,0,0,0,0
87,8700041,1,0,0,0,0,1,0,2097152,0,1465,9294384,12392512,0,0,0,0
88,8800041,1,0,0,0,0,1,0,2097152,0,1465,9294384,12392512,0,0,0,0
89,8900041,1,0,0,1,0,1,1,2097152,0,1560,12392512,15490640,0,0,0,0
90,9000041,1,0,0,0,0,1,0,2097152,0,1560,12392512,15490640,0,0,0,0
91,9100041,1,0,0,0,0,1,0,2097152,0,1560,12392512,15490640,0,0,0,0
92,9200041,1,0,0,0,0,1,0,2097152,0,1560,12392512,15490640,0,0,0,0
93,9300041,1,0,0,0,0,1,0,2097152,0,1560,12392512,15490640,0,0,0,0
94,9400041,1,0,0,0,0,1,0,2097152,0,1560,12392512,15490640,0,0,0,0
95,9500041,1,0,0,0,0,1,0,2097152,0,1560,12392512,15490640,0,0,0,0
96,9600041,1,0,0,0,0,1,0,2097152,0,1560,12392512,15490640,0,0,0,0
97,9700041,1,0,0,0,0,1,0,2097152,0,1560,12392512,15490640,0,0,0,0
98,9800041,1,0,0,0,0,1,0,2097152,0,1560,12392512,15490640,0,0,0,0
99,9900041,1,0,0,1,0,1,1,2097152,0,1655,15490640,18588768,0,0,0,0
100,10000041,1,0,0,0,0,1,0,2097152,0,1655,15490640,18588768,0,0,0,0
101,10100041,1,0,0,0,0,1,0,2097152,0,1655,15490640,18588768,0,0,0,0
102,10200041,1,0,0,0,0,1,0,2097152,0,1655,15490640,18588768,0,0,0,0
103,10300041,1,0,0,0,0,1,0,2097152,0,1655,15490640,18588768,0,0,0,0
104,10400041,1,0,0,0,0,1,0,2097152,0,1655,15490640,18588768,0,0,0,0
105,10500041,1,0,0,0,0,1,0,2097152,0,1655,15490640,18588768,0,0,0,0
106,10600041,1,0,0,0,0,1,0,2097152,0,1655,15490640,18588768,0,0,0,0
107,10700041,1,0,0,0,0,1,0,2097152,0,1655,15490640,18588768,0,0,0,0
108,10800041,1,0,0,0,0,1,0,2097152,0,1655,15490640,18588768,0,0,0,0
109,10900041,1,0,0,1,0,1,1,2097152,0,1749,18588768,21686896,0,0,0,0
110,11000041,1,0,0,0,0,1,0,2097152,0,1749,18588768,21686896,0,0,0,0
111,11100041,1,0,0,0,0,1,0,2097152,0,1749,18588768,21686896,0,0,0,0
112,11200041,1,0,0,0,0,1,0,2097152,0,1749,18588768,21686896,0,0,0,0
113,11300041,1,0,0,0,0,1,0,2097152,0,1749,18588768,21686896,0,0,0,0
114,11400041,1,0,0,0,0,1,0,2097152,0,1749,18588768,21686896,0,0,0,0
115,11500041,1,0,0,0,0,1,0,2097152,0,1749,18588768,21686896,0,0,0,0
116,11600041,1,0,0,0,0,1,0,2097152,0,1749,18588768,21686896,0,0,0,0
117,11700041,1,0,0,0,0,1,0,2097152,0,1749,18588768,21686896,0,0,0,0
118,11800041,1,0,0,0,0,1,0,2097152,0,1749,18588768,21686896,0,0,0,0
119,11900041,1,0,0,1,0,1,1,2097152,0,1844,21686896,24785024,0,0,0,0
120,12000041,1,0,0,0,0,1,0,2097152,0,1844,21686896,24785024,0,0,0,0
121,12100041,1,0,0,0,0,1,0,2097152,0,1844,21686896,24785024,0,0,0,0
122,12200041,1,0,0,0,0,1,0,2097152,0,1844,21686896,24785024,0,0,0,0
123,12300041,1,0,0,0,0,1,0,2097152,0,1844,21686896,24785024,0,0,0,0
124,12400041,1,0,0,0,0,1,0,2097152,0,1844,21686896,24785024,0,0,0,0
125,12500041,1,0,0,0,0,1,0,2097152,0,1844,21686896,24785024,0,0,0,0
126,12600041,1,0,0,0,0,1,0,2097152,0,1844,21686896,24785024,0,0,0,0
127,12700041,1,0,0,0,0,1,0,2097152,0,1844,21686896,24785024,0,0,0,0
128,12800041,1,0,0,0,0,1,0,2097152,0,1844,21686896,24785024,0,0,0,0
129,12900041,1,0,0,1,0,1,1,2097152,0,1938,24785024,27883152,0,0,0,0
130,13000041,1,0,0,0,0,1,0,2097152,0,1938,24785024,27883152,0,0,0,0
131,13100041,1,0,0,0,0,1,0,2097152,0,1938,24785024,27883152,0,0,0,0
132,13200041,1,0,0,0,0,1,0,2097152,0,1938,24785024,27883152,0,0,0,0
133,13300041,1,0,0,0,0,1,0,2097152,0,1938,24785024,27883152,0,0,0,0
134,13400041,1,0,0,0,0,1,0,2097152,0,1938,24785024,27883152,0,0,0,0
135,13500041,1,0,0,0,0,1,0,2097152,0,1938,24785024,27883152,0,0,0,0
136,13600041,1,0,0,0,0,1,0,2097152,0,1938,24785024,27883152,0,0,0,0
137,13700041,1,0,0,0,0,1,0,2097152,0,1938,24785024,27883152,0,0,0,0
138,13800041,1,0,0,0,0,1,0,2097152,0,1938,24785024,27883152,0,0,0,0
139,13900041,1,0,0,1,0,1,1,2097152,0,2033,27883152,30981280,0,0,0,0
140,14000041,1,0,0,0,0,1,0,2097152,0,2033,27883152,30981280,0,0,0,0
141,14100041,1,0,0,0,0,1,0,2097152,0,2033,27883152,30981280,0,0,0,0
142,14200041,1,0,0,0,0,1,0,2097152,0,2033,27883152,30981280,0,0,0,0
143,14300041,1,0,0,0,0,1,0,2097152,0,2033,27883152,30981280,0,0,0,0
144,14400041,1,0,0,0,0,1,0,2097152,0,2033,27883152,30981280,0,0,0,0
145,14500041,1,0,0,0,0,1,0,2097152,0,2033,27883152,30981280,0,0,0,0
146,14600041,1,0,0,0,0,1,0,2097152,0,2033,27883152,30981280,0,0,0,0
147,14700041,1,0,0,0,0,1,0,2097152,0,2033,27883152,30981280,0,0,0,0
148,14800041,1,0,0,0,0,1,0,2097152,0,2033,27883152,30981280,0,0,0,0
149,14900041,1,0,0,1,0,1,1,2097152,0,2127,30981280,34079408,0,0,0,0
150,15000041,1,0,0,0,0,1,0,2097152,0,2127,30981280,34079408,0,0,0,0
151,15100041,1,0,0,0,0,1,0,2097152,0,2127,30981280,34079408,0,0,0,0
152,15200041,1,0,0,0,0,1,0,2097152,0,2127,30981280,34079408,0,0,0,0
153,15300041,1,0,0,0,0,1,0,2097152,0,2127,30981280,34079408,0,0,0,0
154,15400041,1,0,0,0,0,1,0,2097152,0,2127,30981280,34079408,0,0,0,0
155,15500041,1,0,0,0,0,1,0,2097152,0,2127,30981280,34079408,0,0,0,0
156,15600041,1,0,0,0,0,1,0,2097152,0,2127,30981280,34079408,0,0,0,0
157,15700041,1,0,0,0,0,1,0,2097152,0,2127,30981280,34079408,0,0,0,0
158,15800041,1,0,0,0,0,1,0,2097152,0,2127,30981280,34079408,0,0,0,0
159,15900041,1,0,0,1,0,1,1,2097152,0,2222,34079408,37177536,0,0,0,0
160,16000041,1,0,0,0,0,1,0,-2097152,0,2222,34079408,37177536,0,0,0,0
161,16100041,1,0,0,0,0,1,0,-2097152,0,2222,34079408,37177536,0,0,0,0
162,16200041,1,0,0,0,0,1,0,-2097152,0,2222,34079408,37177536,0,0,0,0
163,16300041,1,0,0,0,0,1,0,-2097152,0,2222,34079408,37177536,0,0,0,0
164,16400041,1,0,0,0,0,1,0,-2097152,0,2222,34079408,37177536,0,0,0,0
165,16500041,1,0,0,0,0,1,0,-2097152,0,2222,34079408,37177536,0,0,0,0
166,16600041,1,0,0,0,0,1,0,-2097152,0,2222,34079408,37177536,0,0,0,0
167,16700041,1,0,0,0,0,1,0,-2097152,0,2222,34079408,37177536,0,0,0,0
168,16800041,1,0,0,0,0,1,0,-2097152,0,2222,34079408,37177536,0,0,0,0
169,16900041,1,0,0,1,0,1,1,-2097152,0,-47,37177536,34079408,0,0,0,0
170,17000041,1,0,0,0,0,1,0,-2097152,0,-47,37177536,34079408,0,0,0,0
171,17100041,1,0,0,0,0,1,0,-2097152,0,-47,37177536,34079408,0,0,0,0
172,17200041,1,0,0,0,0,1,0,-2097152,0,-47,37177536,34079408,0,0,0,0
173,17300041,1,0,0,0,0,1,0,-2097152,0,-47,37177536,34079408,0,0,0,0
174,17400041,1,0,0,0,0,1,0,-2097152,0,-47,37177536,34079408,0,0,0,0
175,17500041,1,0,0,0,0,1,0,-2097152,0,-47,37177536,34079408,0,0,0,0
176,17600041,1,0,0,0,0,1,0,-2097152,0,-47,37177536,34079408,0,0,0,0
177,17700041,1,0,0,0,0,1,0,-2097152,0,-47,37177536,34079408,0,0,0,0
178,17800041,1,0,0,0,0,1,0,-2097152,0,-47,37177536,34079408,0,0,0,0
179,17900041,1,0,0,1,0,1,1,-2097152,0,-142,34079408,30981280,0,0,0,0
180,18000041,1,0,0,0,0,1,0,-2097152,0,-142,34079408,30981280,0,0,0,0
181,18100041,1,0,0,0,0,1,0,-2097152,0,-142,34079408,30981280,0,0,0,0
182,18200041,1,0,0,0,0,1,0,-2097152,0,-142,34079408,30981280,0,0,0,0
183,18300041,1,0,0,0,0,1,0,-2097152,0,-142,34079408,30981280,0,0,0,0
184,18400041,1,0,0,0,0,1,0,-2097152,0,-142,34079408,30981280,0,0,0,0
185,18500041,1,0,0,0,0,1,0,-2097152,0,-142,34079408,30981280,0,0,0,0
186,18600041,1,0,0,0,0,1,0,-2097152,0,-142,34079408,30981280,0,0,0,0
187,18700041,1,0,0,0,0,1,0,-2097152,0,-142,34079408,30981280,0,0,0,0
188,18800041,1,0,0,0,0,1,0,-2097152,0,-142,34079408,30981280,0,0,0,0
189,18900041,1,0,0,1,0,1,1,-2097152,0,-236,30981280,27883152,0,0,0,0
190,19000041,1,0,0,0,0,1,0,-2097152,0,-236,30981280,27883152,0,0,0,0
191,19100041,1,0,0,0,0,1,0,-2097152,0,-236,30981280,27883152,0,0,0,0
192,19200041,1,0,0,0,0,1,0,-2097152,0,-236,30981280,27883152,0,0,0,0
193,19300041,1,0,0,0,0,1,0,-2097152,0,-236,30981280,27883152,0,0,0,0
194,19400041,1,0,0,0,0,1,0,-2097152,0,-236,30981280,27883152,0,0,0,0
195,19500041,1,0,0,0,0,1,0,-2097152,0,-236,30981280,27883152,0,0,0,0
196,19600041,1,0,0,0,0,1,0,-2097152,0,-236,30981280,27883152,0,0,0,0
197,19700041,1,0,0,0,0,1,0,-2097152,0,-236,30981280,27883152,0,0,0,0
198,19800041,1,0,0,0,0,1,0,-2097152,0,-236,30981280,27883152,0,0,0,0
199,19900041,1,0,0,1,0,1,1,-2097152,0,-331,27883152,24785024,0,0,0,0
200,20000041,1,0,0,0,0,1,0,-2097152,0,-331,27883152,24785024,0,0,0,0
201,20100041,1,0,0,0,0,1,0,-2097152,0,-331,27883152,24785024,0,0,0,0
202,20200041,1,0,0,0,0,1,0,-2097152,0,-331,27883152,24785024,0,0,0,0
203,20300041,1,0,0,0,0,1,0,-2097152,0,-331,27883152,24785024,0,0,0,0
204,20400041,1,0,0,0,0,1,0,-2097152,0,-331,27883152,24785024,0,0,0,0
205,20500041,1,0,0,0,0,1,0,-2097152,0,-331,27883152,24785024,0,0,0,0
206,20600041,1,0,0,0,0,1,0,-2097152,0,-331,27883152,24785024,0,0,0,0
207,20700041,1,0,0,0,0,1,0,-2097152,0,-331,27883152,24785024,0,0,0,0
208,20800041,1,0,0,0,0,1,0,-2097152,0,-331,27883152,24785024,0,0,0,0
209,20900041,1,0,0,1,0,1,1,-2097152,0,-425,24785024,21686896,0,0,0,0
210,21000041,1,0,0,0,0,1,0,-2097152,0,-425,24785024,21686896,0,0,0,0
211,21100041,1,0,0,0,0,1,0,-2097152,0,-425,24785024,21686896,0,0,0,0
212,21200041,1,0,0,0,0,1,0,-2097152,0,-425,24785024,21686896,0,0,0,0
213,21300041,1,0,0,0,0,1,0,-2097152,0,-425,24785024,21686896,0,0,0,0
214,21400041,1,0,0,0,0,1,0,-2097152,0,-425,24785024,21686896,0,0,0,0
215,21500041,1,0,0,0,0,1,0,-2097152,0,-425,24785024,21686896,0,0,0,0
216,21600041,1,0,0,0,0,1,0,-2097152,0,-425,24785024,21686896,0,0,0,0
217,21700041,1,0,0,0,0,1,0,-2097152,0,-425,24785024,21686896,0,0,0,0
218,21800041,1,0,0,0,0,1,0,-2097152,0,-425,24785024,21686896,0,0,0,0
219,21900041,1,0,0,1,0,1,1,-2097152,0,-520,21686896,18588768,0,0,0,0
220,22000041,1,0,0,0,0,1,0,-2097152,0,-520,21686896,18588768,0,0,0,0
221,22100041,1,0,0,0,0,1,0,-2097152,0,-520,21686896,18588768,0,0,0,0
222,22200041,1,0,0,0,0,1,0,-2097152,0,-520,21686896,18588768,0,0,0,0
223,22300041,1,0,0,0,0,1,0,-2097152,0,-520,21686896,18588768,0,0,0,0
224,22400041,1,0,0,0,0,1,0,-2097152,0,-520,21686896,18588768,0,0,0,0
225,22500041,1,0,0,0,0,1,0,-2097152,0,-520,21686896,18588768,0,0,0,0
226,22600041,1,0,0,0,0,1,0,-2097152,0,-520,21686896,18588768,0,0,0,0
227,22700041,1,0,0,0,0,1,0,-2097152,0,-520,21686896,18588768,0,0,0,0
228,22800041,1,0,0,0,0,1,0,-2097152,0,-520,21686896,18588768,0,0,0,0
229,22900041,1,0,0,1,0,1,1,-2097152,0,-615,18588768,15490640,0,0,0,0
230,23000041,1,0,0,0,0,1,0,-2097152,0,-615,18588768,15490640,0,0,0,0
231,23100041,1,0,0,0,0,1,0,-2097152,0,-615,18588768,15490640,0,0,0,0
232,23200041,1,0,0,0,0,1,0,-2097152,0,-615,18588768,15490640,0,0,0,0
233,23300041,1,0,0,0,0,1,0,-2097152,0,-615,18588768,15490640,0,0,0,0
234,23400041,1,0,0,0,0,1,0,-2097152,0,-615,18588768,15490640,0,0,0,0
235,23500041,1,0,0,0,0,1,0,-2097152,0,-615,18588768,15490640,0,0,0,0
236,23600041,1,0,0,0,0,1,0,-2097152,0,-615,18588768,15490640,0,0,0,0
237,23700041,1,0,0,0,0,1,0,-2097152,0,-615,18588768,15490640,0,0,0,0
238,23800041,1,0,0,0,0,1,0,-2097152,0,-615,18588768,15490640,0,0,0,0
239,23900041,1,0,0,1,0,1,1,-2097152,0,-709,15490640,12392512,0,0,0,0
240,24000041,1,0,0,0,0,1,0,-2097152,0,-709,15490640,12392512,0,0,0,0
241,24100041,1,0,0,0,0,1,0,-2097152,0,-709,15490640,12392512,0,0,0,0
242,24200041,1,0,0,0,0,1,0,-2097152,0,-709,15490640,12392512,0,0,0,0
243,24300041,1,0,0,0,0,1,0,-2097152,0,-709,15490640,12392512,0,0,0,0
244,24400041,1,0,0,0,0,1,0,-2097152,0,-709,15490640,12392512,0,0,0,0
245,24500041,1,0,0,0,0,1,0,-2097152,0,-709,15490640,12392512,0,0,0,0
246,24600041,1,0,0,0,0,1,0,-2097152,0,-709,15490640,12392512,0,0,0,0
247,24700041,1,0,0,0,0,1,0,-2097152,0,-709,15490640,12392512,0,0,0,0
248,24800041,1,0,0,0,0,1,0,-2097152,0,-709,15490640,12392512,0,0,0,0
249,24900041,1,0,0,1,0,1,1,-2097152,0,-804,12392512,9294384,0,0,0,0
250,25000041,1,0,0,0,0,1,0,-2097152,0,-804,12392512,9294384,0,0,0,0
251,25100041,1,0,0,0,0,1,0,-2097152,0,-804,12392512,9294384,0,0,0,0
252,25200041,1,0,0,0,0,1,0,-2097152,0,-804,12392512,9294384,0,0,0,0
253,25300041,1,0,0,0,0,1,0,-2097152,0,-804,12392512,9294384,0,0,0,0
254,25400041,1,0,0,0,0,1,0,-2097152,0,-804,12392512,9294384,0,0,0,0
255,25500041,1,0,0,0,0,1,0,-2097152,0,-804,12392512,9294384,0,0,0,0
256,25600041,1,0,0,0,0,1,0,-2097152,0,-804,12392512,9294384,0,0,0,0
257,25700041,1,0,0,0,0,1,0,-2097152,0,-804,12392512,9294384,0,0,0,0
258,25800041,1,0,0,0,0,1,0,-2097152,0,-804,12392512,9294384,0,0,0,0
259,25900041,1,0,0,1,0,1,1,-2097152,0,-898,9294384,6196256,0,0,0,0
260,26000041,1,0,0,0,0,1,0,-2097152,0,-898,9294384,6196256,0,0,0,0
261,26100041,1,0,0,0,0,1,0,-2097152,0,-898,9294384,6196256,0,0,0,0
262,26200041,1,0,0,0,0,1,0,-2097152,0,-898,9294384,6196256,0,0,0,0
263,26300041,1,0,0,0,0,1,0,-2097152,0,-898,9294384,6196256,0,0,0,0
264,26400041,1,0,0,0,0,1,0,-2097152,0,-898,9294384,6196256,0,0,0,0
265,26500041,1,0,0,0,0,1,0,-2097152,0,-898,9294384,6196256,0,0,0,0
266,26600041,1,0,0,0,0,1,0,-2097152,0,-898,9294384,6196256,0,0,0,0
267,26700041,1,0,0,0,0,1,0,-2097152,0,-898,9294384,6196256,0,0,0,0
268,26800041,1,0,0,0,0,1,0,-2097152,0,-898,9294384,6196256,0,0,0,0
269,26900041,1,0,0,1,0,1,1,-2097152,0,-993,6196256,3098128,0,0,0,0
270,27000041,1,0,0,0,0,1,0,-2097152,0,-993,6196256,3098128,0,0,0,0
271,27100041,1,0,0,0,0,1,0,-2097152,0,-993,6196256,3098128,0,0,0,0
272,27200041,1,0,0,0,0,1,0,-2097152,0,-993,6196256,3098128,0,0,0,0
273,27300041,1,0,0,0,0,1,0,-2097152,0,-993,6196256,3098128,0,0,0,0
274,27400041,1,0,0,0,0,1,0,-2097152,0,-993,6196256,3098128,0,0,0,0
275,27500041,1,0,0,0,0,1,0,-2097152,0,-993,6196256,3098128,0,0,0,0
276,27600041,1,0,0,0,0,1,0,-2097152,0,-993,6196256,3098128,0,0,0,0
277,27700041,1,0,0,0,0,1,0,-2097152,0,-993,6196256,3098128,0,0,0,0
278,27800041,1,0,0,0,0,1,0,-2097152,0,-993,6196256,3098128,0,0,0,0
279,27900041,1,0,0,1,0,1,1,-2097152,0,-1087,3098128,0,0,0,0,0
280,28000041,1,0,0,0,0,1,0,116292174,0,-1087,3098128,0,0,0,0,0
281,28100041,1,0,0,0,0,1,0,116292174,0,-1087,3098128,0,0,0,0,0
282,28200041,1,0,0,0,0,1,0,116292174,0,-1087,3098128,0,0,0,0,0
283,28300041,1,0,0,0,0,1,0,116292174,0,-1087,3098128,0,0,0,0,0
284,28400041,1,0,0,0,0,1,0,116292174,0,-1087,3098128,0,0,0,0,0
285,28500041,1,0,0,0,0,1,0,116292174,0,-1087,3098128,0,0,0,0,0
286,28600041,1,0,0,0,0,1,0,116292174,0,-1087,3098128,0,0,0,0,0
287,28700041,1,0,0,0,0,1,0,116292174,0,-1087,3098128,0,0,0,0,0
288,28800041,1,0,0,0,0,1,0,116292174,0,-1087,3098128,0,0,0,0,0
289,28900041,1,0,0,1,0,1,1,116292174,0,32768,0,171798725,0,1073741799,0,0
290,29000041,1,0,0,0,0,1,0,116292174,0,32768,0,171798725,0,1073741799,0,0
291,29100041,1,0,0,0,0,1,0,116292174,0,32768,0,171798725,0,1073741799,0,0
292,29200041,1,0,0,0,0,1,0,116292174,0,32768,0,171798725,0,1073741799,0,0
293,29300041,1,0,0,0,0,1,0,116292174,0,32768,0,171798725,0,1073741799,0,0
294,29400041,1,0,0,0,0,1,0,116292174,0,32768,0,171798725,0,1073741799,0,0
295,29500041,1,0,0,0,0,1,0,116292174,0,32768,0,171798725,0,1073741799,0,0
296,29600041,1,0,0,0,0,1,0,116292174,0,32768,0,171798725,0,1073741799,0,0
297,29700041,1,0,0,0,0,1,0,116292174,0,32768,0,171798725,0,1073741799,0,0
298,29800041,1,0,0,0,0,1,0,116292174,0,32768,0,171798725,0,1073741799,0,0
299,29900041,1,0,0,1,0,1,1,116292174,0,32768,171798725,257698106,1073741799,1245540524,0,0
300,30000041,1,0,0,0,0,1,0,116292174,0,32768,171798725,257698106,1073741799,1245540524,0,0
301,30100041,1,0,0,0,0,1,0,116292174,0,32768,171798725,257698106,1073741799,1245540524,0,0
302,30200041,1,0,0,0,0,1,0,116292174,0,32768,171798725,257698106,1073741799,1245540524,0,0
303,30300041,1,0,0,0,0,1,0,116292174,0,32768,171798725,257698106,1073741799,1245540524,0,0
304,30400041,1,0,0,0,0,1,0,116292174,0,32768,171798725,257698106,1073741799,1245540524,0,0
305,30500041,1,0,0,0,0,1,0,116292174,0,32768,171798725,257698106,1073741799,1245540524,0,0
306,30600041,1,0,0,0,0,1,0,116292174,0,32768,171798725,257698106,1073741799,1245540524,0,0
307,30700041,1,0,0,0,0,1,0,116292174,0,32768,171798725,257698106,1073741799,1245540524,0,0
308,30800041,1,0,0,0,0,1,0,116292174,0,32768,171798725,257698106,1073741799,1245540524,0,0
309,30900041,1,0,0,1,0,1,1,116292174,0,32768,257698106,329853589,1245540524,1331439905,0,0
310,31000041,1,0,0,0,0,1,0,116292174,0,32768,257698106,329853589,1245540524,1331439905,0,0
311,31100041,1,0,0,0,0,1,0,116292174,0,32768,257698106,329853589,1245540524,1331439905,0,0
312,31200041,1,0,0,0,0,1,0,116292174,0,32768,257698106,329853589,1245540524,1331439905,0,0
313,31300041,1,0,0,0,0,1,0,116292174,0,32768,257698106,329853589,1245540524,1331439905,0,0
314,31400041,1,0,0,0,0,1,0,116292174,0,32768,257698106,329853589,1245540524,1331439905,0,0
315,31500041,1,0,0,0,0,1,0,116292174,0,32768,257698106,329853589,1245540524,1331439905,0,0
316,31600041,1,0,0,0,0,1,0,116292174,0,32768,257698106,329853589,1245540524,1331439905,0,0
317,31700041,1,0,0,0,0,1,0,116292174,0,32768,257698106,329853589,1245540524,1331439905,0,0
318,31800041,1,0,0,0,0,1,0,116292174,0,32768,257698106,329853589,1245540524,1331439905,0,0
319,31900041,1,0,0,1,0,1,1,116292174,0,32768,329853589,395137122,1331439905,1403595388,0,0
320,32000041,1,0,0,0,0,1,0,116292174,0,32768,329853589,395137122,1331439905,1403595388,0,0
321,32100041,1,0,0,0,0,1,0,116292174,0,32768,329853589,395137122,1331439905,1403595388,0,0
322,32200041,1,0,0,0,0,1,0,116292174,0,32768,329853589,395137122,1331439905,1403595388,0,0
323,32300041,1,0,0,0,0,1,0,116292174,0,32768,329853589,395137122,1331439905,1403595388,0,0
324,32400041,1,0,0,0,0,1,0,116292174,0,32768,329853589,395137122,1331439905,1403595388,0,0
325,32500041,1,0,0,0,0,1,0,116292174,0,32768,329853589,395137122,1331439905,1403595388,0,0
326,32600041,1,0,0,0,0,1,0,116292174,0,32768,329853589,395137122,1331439905,1403595388,0,0
327,32700041,1,0,0,0,0,1,0,116292174,0,32768,329853589,395137122,1331439905,1403595388,0,0
328,32800041,1,0,0,0,0,1,0,116292174,0,32768,329853589,395137122,1331439905,1403595388,0,0
329,32900041,1,0,0,1,0,1,1,116292174,0,32768,395137122,454648216,1403595388,1468878921,0,0
330,33000041,1,0,0,0,0,1,0,116292174,0,32768,395137122,454648216,1403595388,1468878921,0,0
331,33100041,1,0,0,0,0,1,0,116292174,0,32768,395137122,454648216,1403595388,1468878921,0,0
332,33200041,1,0,0,0,0,1,0,116292174,0,32768,395137122,454648216,1403595388,1468878921,0,0
333,33300041,1,0,0,0,0,1,0,116292174,0,32768,395137122,454648216,1403595388,1468878921,0,0
334,33400041,1,0,0,0,0,1,0,116292174,0,32768,395137122,454648216,1403595388,1468878921,0,0
335,33500041,1,0,0,0,0,1,0,116292174,0,32768,395137122,454648216,1403595388,1468878921,0,0
336,33600041,1,0,0,0,0,1,0,116292174,0,32768,395137122,454648216,1403595388,1468878921,0,0
337,33700041,1,0,0,0,0,1,0,116292174,0,32768,395137122,454648216,1403595388,1468878921,0,0
338,33800041,1,0,0,0,0,1,0,116292174,0,32768,395137122,454648216,1403595388,1468878921,0,0
339,33900041,1,0,0,1,0,1,1,116292174,0,32768,454648216,508936627,1468878921,1528390015,0,0
340,34000041,1,0,0,0,0,1,0,116292174,0,32768,454648216,508936627,1468878921,1528390015,0,0
341,34100041,1,0,0,0,0,1,0,116292174,0,32768,454648216,508936627,1468878921,1528390015,0,0
342,34200041,1,0,0,0,0,1,0,116292174,0,32768,454648216,508936627,1468878921,1528390015,0,0
343,34300041,1,0,0,0,0,1,0,116292174,0,32768,454648216,508936627,1468878921,1528390015,0,0
344,34400041,1,0,0,0,0,1,0,116292174,0,32768,454648216,508936627,1468878921,1528390015,0,0
345,34500041,1,0,0,0,0,1,0,116292174,0,32768,454648216,508936627,1468878921,1528390015,0,0
346,34600041,1,0,0,0,0,1,0,116292174,0,32768,454648216,508936627,1468878921,1528390015,0,0
347,34700041,1,0,0,0,0,1,0,116292174,0,32768,454648216,508936627,1468878921,1528390015,0,0
348,34800041,1,0,0,0,0,1,0,116292174,0,32768,454648216,508936627,1468878921,1528390015,0,0
349,34900041,1,0,0,1,0,1,1,116292174,0,32768,508936627,536870912,1528390015,1582678426,0,0
350,35000041,1,0,0,0,0,1,0,116292174,0,32768,508936627,536870912,1528390015,1582678426,0,0
351,35100041,1,0,0,0,0,1,0,116292174,0,32768,508936627,536870912,1528390015,1582678426,0,0
352,35200041,1,0,0,0,0,1,0,116292174,0,32768,508936627,536870912,1528390015,1582678426,0,0
353,35300041,1,0,0,0,0,1,0,116292174,0,32768,508936627,536870912,1528390015,1582678426,0,0
354,35400041,1,0,0,0,0,1,0,116292174,0,32768,508936627,536870912,1528390015,1582678426,0,0
355,35500041,1,0,0,0,0,1,0,116292174,0,32768,508936627,536870912,1528390015,1582678426,0,0
356,35600041,1,0,0,0,0,1,0,116292174,0,32768,508936627,536870912,1528390015,1582678426,0,0
357,35700041,1,0,0,0,0,1,0,116292174,0,32768,508936627,536870912,1528390015,1582678426,0,0
358,35800041,1,0,0,0,0,1,0,116292174,0,32768,508936627,536870912,1528390015,1582678426,0,0
359,35900041,1,0,0,1,0,1,1,116292174,0,32768,536870912,536870912,1582678426,1610612711,0,0
360,36000041,1,0,0,0,0,1,0,116292174,0,32768,536870912,536870912,1582678426,1610612711,0,0
361,36100041,1,0,0,0,0,1,0,116292174,0,32768,536870912,536870912,1582678426,1610612711,0,0
362,36200041,1,0,0,0,0,1,0,116292174,0,32768,536870912,536870912,1582678426,1610612711,0,0
363,36300041,1,0,0,0,0,1,0,116292174,0,32768,536870912,536870912,1582678426,1610612711,0,0
364,36400041,1,0,0,0,0,1,0,116292174,0,32768,536870912,536870912,1582678426,1610612711,0,0
365,36500041,1,0,0,0,0,1,0,116292174,0,32768,536870912,536870912,1582678426,1610612711,0,0
366,36600041,1,0,0,0,0,1,0,116292174,0,32768,536870912,536870912,1582678426,1610612711,0,0
367,36700041,1,0,0,0,0,1,0,116292174,0,32768,536870912,536870912,1582678426,1610612711,0,0
368,36800041,1,0,0,0,0,1,0,116292174,0,32768,536870912,536870912,1582678426,1610612711,0,0
369,36900041,1,0,0,1,0,1,1,116292174,0,32768,536870912,536870912,1610612711,1610612711,0,0
370,37000041,1,0,0,0,0,1,0,116292174,0,32768,536870912,536870912,1610612711,1610612711,0,0
371,37100041,1,0,0,0,0,1,0,116292174,0,32768,536870912,536870912,1610612711,1610612711,0,0
372,37200041,1,0,0,0,0,1,0,116292174,0,32768,536870912,536870912,1610612711,1610612711,0,0
373,37300041,1,0,0,0,0,1,0,116292174,0,32768,536870912,536870912,1610612711,1610612711,0,0
374,37400041,1,0,0,0,0,1,0,116292174,0,32768,536870912,536870912,1610612711,1610612711,0,0
375,37500041,1,0,0,0,0,1,0,116292174,0,32768,536870912,536870912,1610612711,1610612711,0,0
376,37600041,1,0,0,0,0,1,0,116292174,0,32768,536870912,536870912,1610612711,1610612711,0,0
377,37700041,1,0,0,0,0,1,0,116292174,0,32768,536870912,536870912,1610612711,1610612711,0,0
378,37800041,1,0,0,0,0,1,0,116292174,0,32768,536870912,536870912,1610612711,1610612711,0,0
379,37900041,1,0,0,1,0,1,1,116292174,0,32768,536870912,536870912,1610612711,1610612711,0,0
380,38000041,1,0,0,0,0,1,0,116292174,0,32768,536870912,536870912,1610612711,1610612711,0,0
381,38100041,1,0,0,0,0,1,0,116292174,0,32768,536870912,536870912,1610612711,1610612711,0,0
382,38200041,1,0,0,0,0,1,0,116292174,0,32768,536870912,536870912,1610612711,1610612711,0,0
383,38300041,1,0,0,0,0,1,0,116292174,0,32768,536870912,536870912,1610612711,1610612711,0,0
384,38400041,1,0,0,0,0,1,0,116292174,0,32768,536870912,536870912,1610612711,1610612711,0,0
385,38500041,1,0,0,0,0,1,0,116292174,0,32768,536870912,536870912,1610612711,1610612711,0,0
386,38600041,1,0,0,0,0,1,0,116292174,0,32768,536870912,536870912,1610612711,1610612711,0,0
387,38700041,1,0,0,0,0,1,0,116292174,0,32768,536870912,536870912,1610612711,1610612711,0,0
388,38800041,1,0,0,0,0,1,0,116292174,0,32768,536870912,536870912,1610612711,1610612711,0,0
389,38900041,1,0,0,1,0,1,1,116292174,0,32768,536870912,536870912,1610612711,1610612711,0,0
390,39000041,1,0,0,0,0,1,0,116292174,0,32768,536870912,536870912,1610612711,1610612711,0,0
391,39100041,1,0,0,0,0,1,0,116292174,0,32768,536870912,536870912,1610612711,1610612711,0,0
392,39200041,1,0,0,0,0,1,0,116292174,0,32768,536870912,536870912,1610612711,1610612711,0,0
393,39300041,1,0,0,0,0,1,0,116292174,0,32768,536870912,536870912,1610612711,1610612711,0,0
394,39400041,1,0,0,0,0,1,0,116292174,0,32768,536870912,536870912,1610612711,1610612711,0,0
395,39500041,1,0,0,0,0,1,0,116292174,0,32768,536870912,536870912,1610612711,1610612711,0,0
396,39600041,1,0,0,0,0,1,0,116292174,0,32768,536870912,536870912,1610612711,1610612711,0,0
397,39700041,1,0,0,0,0,1,0,116292174,0,32768,536870912,536870912,1610612711,1610612711,0,0
398,39800041,1,0,0,0,0,1,0,116292174,0,32768,536870912,536870912,1610612711,1610612711,0,0
399,39900041,1,0,0,1,0,1,1,116292174,0,32768,536870912,536870912,1610612711,1610612711,0,0
400,40000041,1,0,0,0,0,1,0,116292174,0,32768,536870912,536870912,1610612711,1610612711,0,0
401,40100041,1,0,0,0,0,1,0,116292174,0,32768,536870912,536870912,1610612711,1610612711,0,0
402,40200041,1,0,0,0,0,1,0,116292174,0,32768,536870912,536870912,1610612711,1610612711,0,0
403,40300041,1,0,0,0,0,1,0,116292174,0,32768,536870912,536870912,1610612711,1610612711,0,0
404,40400041,1,0,0,0,0,1,0,116292174,0,32768,536870912,536870912,1610612711,1610612711,0,0
405,40500041,1,0,0,0,0,1,0,116292174,0,32768,536870912,536870912,1610612711,1610612711,0,0
406,40600041,1,0,0,0,0,1,0,116292174,0,32768,536870912,536870912,1610612711,1610612711,0,0
407,40700041,1,0,0,0,0,1,0,116292174,0,32768,536870912,536870912,1610612711,1610612711,0,0
408,40800041,1,0,0,0,0,1,0,116292174,0,32768,536870912,536870912,1610612711,1610612711,0,0
409,40900041,1,0,0,1,0,1,1,116292174,0,32768,536870912,536870912,1610612711,1610612711,0,0
410,41000041,1,0,0,0,0,1,0,116292174,0,32768,536870912,536870912,1610612711,1610612711,0,0
411,41100041,1,0,0,0,0,1,0,116292174,0,32768,536870912,536870912,1610612711,1610612711,0,0
412,41200041,1,0,0,0,0,1,0,116292174,0,32768,536870912,536870912,1610612711,1610612711,0,0
413,41300041,1,0,0,0,0,1,0,116292174,0,32768,536870912,536870912,1610612711,1610612711,0,0
414,41400041,1,0,0,0,0,1,0,116292174,0,32768,536870912,536870912,1610612711,1610612711,0,0
415,41500041,1,0,0,0,0,1,0,116292174,0,32768,536870912,536870912,1610612711,1610612711,0,0
416,41600041,1,0,0,0,0,1,0,116292174,0,32768,536870912,536870912,1610612711,1610612711,0,0
417,41700041,1,0,0,0,0,1,0,116292174,0,32768,536870912,536870912,1610612711,1610612711,0,0
418,41800041,1,0,0,0,0,1,0,116292174,0,32768,536870912,536870912,1610612711,1610612711,0,0
419,41900041,1,0,0,1,0,1,1,116292174,0,32768,536870912,536870912,1610612711,1610612711,0,0
420,42000041,1,0,0,0,0,1,0,116292174,0,32768,536870912,536870912,1610612711,1610612711,0,0
421,42100041,1,0,0,0,0,1,0,116292174,0,32768,536870912,536870912,1610612711,1610612711,0,0
422,42200041,1,0,0,0,0,1,0,116292174,0,32768,536870912,536870912,1610612711,1610612711,0,0
423,42300041,1,0,0,0,0,1,0,116292174,0,32768,536870912,536870912,1610612711,1610612711,0,0
424,42400041,1,0,0,0,0,1,0,116292174,0,32768,536870912,536870912,1610612711,1610612711,0,0
425,42500041,1,0,0,0,0,1,0,116292174,0,32768,536870912,536870912,1610612711,1610612711,0,0
426,42600041,1,0,0,0,0,1,0,116292174,0,32768,536870912,536870912,1610612711,1610612711,0,0
427,42700041,1,0,0,0,0,1,0,116292174,0,32768,536870912,536870912,1610612711,1610612711,0,0
428,42800041,1,0,0,0,0,1,0,116292174,0,32768,536870912,536870912,1610612711,1610612711,0,0
429,42900041,1,0,0,1,0,1,1,116292174,0,32768,536870912,536870912,1610612711,1610612711,0,0
430,43000041,1,0,0,0,0,1,0,116292174,0,32768,536870912,536870912,1610612711,1610612711,0,0
431,43100041,1,0,0,0,0,1,0,116292174,0,32768,536870912,536870912,1610612711,1610612711,0,0
432,43200041,1,0,0,0,0,1,0,116292174,0,32768,536870912,536870912,1610612711,1610612711,0,0
433,43300041,1,0,0,0,0,1,0,116292174,0,32768,536870912,536870912,1610612711,1610612711,0,0
434,43400041,1,0,0,0,0,1,0,116292174,0,32768,536870912,536870912,1610612711,1610612711,0,0
435,43500041,1,0,0,0,0,1,0,116292174,0,32768,536870912,536870912,1610612711,1610612711,0,0
436,43600041,1,0,0,0,0,1,0,116292174,0,32768,536870912,536870912,1610612711,1610612711,0,0
437,43700041,1,0,0,0,0,1,0,116292174,0,32768,536870912,536870912,1610612711,1610612711,0,0
438,43800041,1,0,0,0,0,1,0,116292174,0,32768,536870912,536870912,1610612711,1610612711,0,0
439,43900041,1,0,0,1,0,1,1,116292174,0,32768,536870912,536870912,1610612711,1610612711,0,0
440,44000041,1,0,0,0,0,1,0,116292174,0,32768,536870912,536870912,1610612711,1610612711,0,0
441,44100041,1,0,0,0,0,1,0,116292174,0,32768,536870912,536870912,1610612711,1610612711,0,0
442,44200041,1,0,0,0,0,1,0,116292174,0,32768,536870912,536870912,1610612711,1610612711,0,0
443,44300041,1,0,0,0,0,1,0,116292174,0,32768,536870912,536870912,1610612711,1610612711,0,0
444,44400041,1,0,0,0,0,1,0,116292174,0,32768,536870912,536870912,1610612711,1610612711,0,0
445,44500041,1,0,0,0,0,1,0,116292174,0,32768,536870912,536870912,1610612711,1610612711,0,0
446,44600041,1,0,0,0,0,1,0,116292174,0,32768,536870912,536870912,1610612711,1610612711,0,0
447,44700041,1,0,0,0,0,1,0,116292174,0,32768,536870912,536870912,1610612711,1610612711,0,0
448,44800041,1,0,0,0,0,1,0,116292174,0,32768,536870912,536870912,1610612711,1610612711,0,0
449,44900041,1,0,1,1,0,1,1,116292174,0,0,536870912,0,1610612711,1610612711,1,1
450,45000041,1,0,0,0,0,1,0,116292174,0,0,536870912,0,1610612711,1610612711,1,1
451,45100041,1,0,0,0,0,1,0,116292174,0,0,536870912,0,1610612711,1610612711,1,1
452,45200041,1,0,0,0,0,1,0,116292174,0,0,536870912,0,1610612711,1610612711,1,1
453,45300041,1,0,0,0,0,1,0,116292174,0,0,536870912,0,1610612711,1610612711,1,1
454,45400041,1,0,0,0,0,1,0,116292174,0,0,536870912,0,1610612711,1610612711,1,1
455,45500041,1,0,0,0,0,1,0,116292174,0,0,536870912,0,1610612711,1610612711,1,1
456,45600041,1,0,0,0,0,1,0,116292174,0,0,536870912,0,1610612711,1610612711,1,1
457,45700041,1,0,0,0,0,1,0,116292174,0,0,536870912,0,1610612711,1610612711,1,1
458,45800041,1,0,0,0,0,1,0,116292174,0,0,536870912,0,1610612711,1610612711,1,1
459,45900041,1,0,0,1,0,1,1,116292174,0,32768,0,42949708,1610612711,1073741799,0,0
460,46000041,1,0,0,0,0,1,0,116292174,0,32768,0,42949708,1610612711,1073741799,0,0
461,46100041,1,0,0,0,0,1,0,116292174,0,32768,0,42949708,1610612711,1073741799,0,0
462,46200041,1,0,0,0,0,1,0,116292174,0,32768,0,42949708,1610612711,1073741799,0,0
463,46300041,1,0,0,0,0,1,0,116292174,0,32768,0,42949708,1610612711,1073741799,0,0
464,46400041,1,0,0,0,0,1,0,116292174,0,32768,0,42949708,1610612711,1073741799,0,0
465,46500041,1,0,0,0,0,1,0,116292174,0,32768,0,42949708,1610612711,1073741799,0,0
466,46600041,1,0,0,0,0,1,0,116292174,0,32768,0,42949708,1610612711,1073741799,0,0
467,46700041,1,0,0,0,0,1,0,116292174,0,32768,0,42949708,1610612711,1073741799,0,0
468,46800041,1,0,0,0,0,1,0,116292174,0,32768,0,42949708,1610612711,1073741799,0,0
469,46900041,1,0,0,1,0,1,1,116292174,0,32768,42949708,128849089,1073741799,1116691507,0,0
470,47000041,1,0,0,0,0,1,0,116292174,0,32768,42949708,128849089,1073741799,1116691507,0,0
471,47100041,1,0,0,0,0,1,0,116292174,0,32768,42949708,128849089,1073741799,1116691507,0,0
472,47200041,1,0,0,0,0,1,0,116292174,0,32768,42949708,128849089,1073741799,1116691507,0,0
473,47300041,1,0,0,0,0,1,0,116292174,0,32768,42949708,128849089,1073741799,1116691507,0,0
474,47400041,1,0,0,0,0,1,0,116292174,0,32768,42949708,128849089,1073741799,1116691507,0,0
475,47500041,1,0,0,0,0,1,0,116292174,0,32768,42949708,128849089,1073741799,1116691507,0,0
476,47600041,1,0,0,0,0,1,0,116292174,0,32768,42949708,128849089,1073741799,1116691507,0,0
477,47700041,1,0,0,0,0,1,0,116292174,0,32768,42949708,128849089,1073741799,1116691507,0,0
478,47800041,1,0,0,0,0,1,0,116292174,0,32768,42949708,128849089,1073741799,1116691507,0,0
479,47900041,1,0,0,1,0,1,1,116292174,0,32768,128849089,211312493,1116691507,1202590888,0,0
480,48000041,1,0,0,0,0,1,0,116292174,0,32768,128849089,211312493,1116691507,1202590888,0,0
481,48100041,1,0,0,0,0,1,0,116292174,0,32768,128849089,211312493,1116691507,1202590888,0,0
482,48200041,1,0,0,0,0,1,0,116292174,0,32768,128849089,211312493,1116691507,1202590888,0,0
483,48300041,1,0,0,0,0,1,0,116292174,0,32768,128849089,211312493,1116691507,1202590888,0,0
484,48400041,1,0,0,0,0,1,0,116292174,0,32768,128849089,211312493,1116691507,1202590888,0,0
485,48500041,1,0,0,0,0,1,0,116292174,0,32768,128849089,211312493,1116691507,1202590888,0,0
486,48600041,1,0,0,0,0,1,0,116292174,0,32768,128849089,211312493,1116691507,1202590888,0,0
487,48700041,1,0,0,0,0,1,0,116292174,0,32768,128849089,211312493,1116691507,1202590888,0,0
488,48800041,1,0,0,0,0,1,0,116292174,0,32768,128849089,211312493,1116691507,1202590888,0,0
489,48900041,1,0,0,1,0,1,1,116292174,0,32768,211312493,286903947,1202590888,1285054292,0,0
490,49000041,1,0,0,0,0,1,0,116292174,0,32768,211312493,286903947,1202590888,1285054292,0,0
491,49100041,1,0,0,0,0,1,0,116292174,0,32768,211312493,286903947,1202590888,1285054292,0,0
492,49200041,1,0,0,0,0,1,0,116292174,0,32768,211312493,286903947,1202590888,1285054292,0,0
493,49300041,1,0,0,0,0,1,0,116292174,0,32768,211312493,286903947,1202590888,1285054292,0,0
494,49400041,1,0,0,0,0,1,0,116292174,0,32768,211312493,286903947,1202590888,1285054292,0,0
495,49500041,1,0,0,0,0,1,0,116292174,0,32768,211312493,286903947,1202590888,1285054292,0,0
496,49600041,1,0,0,0,0,1,0,116292174,0,32768,211312493,286903947,1202590888,1285054292,0,0
497,49700041,1,0,0,0,0,1,0,116292174,0,32768,211312493,286903947,1202590888,1285054292,0,0
498,49800041,1,0,0,0,0,1,0,116292174,0,32768,211312493,286903947,1202590888,1285054292,0,0
499,49900041,1,0,0,1,0,1,1,116292174,0,32768,286903947,355898329,1285054292,1360645746,0,0
500,50000041,1,0,0,0,0,1,0,116292174,0,32768,286903947,355898329,1285054292,1360645746,0,0
501,50100041,1,0,0,0,0,1,0,116292174,0,32768,286903947,355898329,1285054292,1360645746,0,0
502,50200041,1,0,0,0,0,1,0,116292174,0,32768,286903947,355898329,1285054292,1360645746,0,0
503,50300041,1,0,0,0,0,1,0,116292174,0,32768,286903947,355898329,1285054292,1360645746,0,0
504,50400041,1,0,0,0,0,1,0,116292174,0,32768,286903947,355898329,1285054292,1360645746,0,0
505,50500041,1,0,0,0,0,1,0,116292174,0,32768,286903947,355898329,1285054292,1360645746,0,0
506,50600041,1,0,0,0,0,1,0,116292174,0,32768,286903947,355898329,1285054292,1360645746,0,0
507,50700041,1,0,0,0,0,1,0,116292174,0,32768,286903947,355898329,1285054292,1360645746,0,0
508,50800041,1,0,0,0,0,1,0,116292174,0,32768,286903947,355898329,1285054292,1360645746,0,0
509,50900041,1,0,0,1,0,1,1,116292174,0,0,355898329,0,1360645746,1429640128,1,1
510,51000041,1,0,0,0,0,1,0,116292174,0,0,355898329,0,1360645746,1429640128,1,1
511,51100041,1,0,0,0,0,1,0,116292174,0,0,355898329,0,1360645746,1429640128,1,1
512,51200041,1,0,0,0,0,1,0,116292174,0,0,355898329,0,1360645746,1429640128,1,1
513,51300041,1,0,0,0,0,1,0,116292174,0,0,355898329,0,1360645746,1429640128,1,1
514,51400041,1,0,0,0,0,1,0,116292174,0,0,355898329,0,1360645746,1429640128,1,1
515,51500041,1,0,0,0,0,1,0,116292174,0,0,355898329,0,1360645746,1429640128,1,1
516,51600041,1,0,0,0,0,1,0,116292174,0,0,355898329,0,1360645746,1429640128,1,1
517,51700041,1,0,0,0,0,1,0,116292174,0,0,355898329,0,1360645746,1429640128,1,1
518,51800041,1,0,0,0,0,1,0,116292174,0,0,355898329,0,1360645746,1429640128,1,1
519,51900041,1,0,0,1,0,1,1,116292174,0,0,0,0,1429640128,1073741799,1,1
520,52000041,1,0,0,0,0,1,0,116292174,0,0,0,0,1429640128,1073741799,1,1
521,52100041,1,0,0,0,0,1,0,116292174,0,0,0,0,1429640128,1073741799,1,1
522,52200041,1,0,0,0,0,1,0,116292174,0,0,0,0,1429640128,1073741799,1,1
523,52300041,1,0,0,0,0,1,0,116292174,0,0,0,0,1429640128,1073741799,1,1
524,52400041,1,0,0,0,0,1,0,116292174,0,0,0,0,1429640128,1073741799,1,1
525,52500041,1,0,0,0,0,1,0,116292174,0,0,0,0,1429640128,1073741799,1,1
526,52600041,1,0,0,0,0,1,0,116292174,0,0,0,0,1429640128,1073741799,1,1
527,52700041,1,0,0,0,0,1,0,116292174,0,0,0,0,1429640128,1073741799,1,1
528,52800041,1,0,0,0,0,1,0,116292174,0,0,0,0,1429640128,1073741799,1,1
529,52900041,1,0,0,1,0,1,1,116292174,0,32768,0,85899381,1073741799,1073741799,0,0
530,53000041,1,0,0,0,0,1,0,116292174,0,32768,0,85899381,1073741799,1073741799,0,0
531,53100041,1,0,0,0,0,1,0,116292174,0,32768,0,85899381,1073741799,1073741799,0,0
532,53200041,1,0,0,0,0,1,0,116292174,0,32768,0,85899381,1073741799,1073741799,0,0
533,53300041,1,0,0,0,0,1,0,116292174,0,32768,0,85899381,1073741799,1073741799,0,0
534,53400041,1,0,0,0,0,1,0,116292174,0,32768,0,85899381,1073741799,1073741799,0,0
535,53500041,1,0,0,0,0,1,0,116292174,0,32768,0,85899381,1073741799,1073741799,0,0
536,53600041,1,0,0,0,0,1,0,116292174,0,32768,0,85899381,1073741799,1073741799,0,0
537,53700041,1,0,0,0,0,1,0,116292174,0,32768,0,85899381,1073741799,1073741799,0,0
538,53800041,1,0,0,0,0,1,0,116292174,0,32768,0,85899381,1073741799,1073741799,0,0
539,53900041,1,0,0,1,0,1,1,116292174,0,32768,85899381,171798762,1073741799,1159641180,0,0
540,54000041,1,0,0,0,0,1,0,116292174,0,32768,85899381,171798762,1073741799,1159641180,0,0
541,54100041,1,0,0,0,0,1,0,116292174,0,32768,85899381,171798762,1073741799,1159641180,0,0
542,54200041,1,0,0,0,0,1,0,116292174,0,32768,85899381,171798762,1073741799,1159641180,0,0
543,54300041,1,0,0,0,0,1,0,116292174,0,32768,85899381,171798762,1073741799,1159641180,0,0
544,54400041,1,0,0,0,0,1,0,116292174,0,32768,85899381,171798762,1073741799,1159641180,0,0
545,54500041,1,0,0,0,0,1,0,116292174,0,32768,85899381,171798762,1073741799,1159641180,0,0
546,54600041,1,0,0,0,0,1,0,116292174,0,32768,85899381,171798762,1073741799,1159641180,0,0
547,54700041,1,0,0,0,0,1,0,116292174,0,32768,85899381,171798762,1073741799,1159641180,0,0
548,54800041,1,0,0,0,0,1,0,116292174,0,32768,85899381,171798762,1073741799,1159641180,0,0
549,54900041,1,0,0,1,0,1,1,116292174,0,32768,171798762,250826193,1159641180,1245540561,0,0
550,55000041,1,0,0,0,0,1,0,116292174,0,32768,171798762,250826193,1159641180,1245540561,0,0
551,55100041,1,0,0,0,0,1,0,116292174,0,32768,171798762,250826193,1159641180,1245540561,0,0
552,55200041,1,0,0,0,0,1,0,116292174,0,32768,171798762,250826193,1159641180,1245540561,0,0
553,55300041,1,0,0,0,0,1,0,116292174,0,32768,171798762,250826193,1159641180,1245540561,0,0
554,55400041,1,0,0,0,0,1,0,116292174,0,32768,171798762,250826193,1159641180,1245540561,0,0
555,55500041,1,0,0,0,0,1,0,116292174,0,32768,171798762,250826193,1159641180,1245540561,0,0
556,55600041,1,0,0,0,0,1,0,116292174,0,32768,171798762,250826193,1159641180,1245540561,0,0
557,55700041,1,0,0,0,0,1,0,116292174,0,32768,171798762,250826193,1159641180,1245540561,0,0
558,55800041,1,0,0,0,0,1,0,116292174,0,32768,171798762,250826193,1159641180,1245540561,0,0
559,55900041,1,0,0,1,0,1,1,116292174,0,32768,250826193,322981673,1245540561,1324567992,0,0
560,56000041,1,0,0,0,0,1,0,116292174,0,32768,250826193,322981673,1245540561,1324567992,0,0
561,56100041,1,0,0,0,0,1,0,116292174,0,32768,250826193,322981673,1245540561,1324567992,0,0
562,56200041,1,0,0,0,0,1,0,116292174,0,32768,250826193,322981673,1245540561,1324567992,0,0
563,56300041,1,0,0,0,0,1,0,116292174,0,32768,250826193,322981673,1245540561,1324567992,0,0
564,56400041,1,0,0,0,0,1,0,116292174,0,32768,250826193,322981673,1245540561,1324567992,0,0
565,56500041,1,0,0,0,0,1,0,116292174,0,32768,250826193,322981673,1245540561,1324567992,0,0
566,56600041,1,0,0,0,0,1,0,116292174,0,32768,250826193,322981673,1245540561,1324567992,0,0
567,56700041,1,0,0,0,0,1,0,116292174,0,32768,250826193,322981673,1245540561,1324567992,0,0
568,56800041,1,0,0,0,0,1,0,116292174,0,32768,250826193,322981673,1245540561,1324567992,0,0
569,56900041,1,0,0,1,0,1,1,116292174,0,32768,322981673,388814959,1324567992,1396723472,0,0
570,57000041,1,0,0,0,0,1,0,116292174,0,32768,322981673,388814959,1324567992,1396723472,0,0
571,57100041,1,0,0,0,0,1,0,116292174,0,32768,322981673,388814959,1324567992,1396723472,0,0
572,57200041,1,0,0,0,0,1,0,116292174,0,32768,322981673,388814959,1324567992,1396723472,0,0
573,57300041,1,0,0,0,0,1,0,116292174,0,32768,322981673,388814959,1324567992,1396723472,0,0
574,57400041,1,0,0,0,0,1,0,116292174,0,32768,322981673,388814959,1324567992,1396723472,0,0
575,57500041,1,0,0,0,0,1,0,116292174,0,32768,322981673,388814959,1324567992,1396723472,0,0
576,57600041,1,0,0,0,0,1,0,116292174,0,32768,322981673,388814959,1324567992,1396723472,0,0
577,57700041,1,0,0,0,0,1,0,116292174,0,32768,322981673,388814959,1324567992,1396723472,0,0
578,57800041,1,0,0,0,0,1,0,116292174,0,32768,322981673,388814959,1324567992,1396723472,0,0
579,57900041,1,0,0,1,0,1,1,116292174,0,32768,388814959,448875806,1396723472,1462556758,0,0
580,58000041,1,0,0,0,0,1,0,116292174,0,32768,388814959,448875806,1396723472,1462556758,0,0
581,58100041,1,0,0,0,0,1,0,116292174,0,32768,388814959,448875806,1396723472,1462556758,0,0
582,58200041,1,0,0,0,0,1,0,116292174,0,32768,388814959,448875806,1396723472,1462556758,0,0
583,58300041,1,0,0,0,0,1,0,116292174,0,32768,388814959,448875806,1396723472,1462556758,0,0
584,58400041,1,0,0,0,0,1,0,116292174,0,32768,388814959,448875806,1396723472,1462556758,0,0
585,58500041,1,0,0,0,0,1,0,116292174,0,32768,388814959,448875806,1396723472,1462556758,0,0
586,58600041,1,0,0,0,0,1,0,116292174,0,32768,388814959,448875806,1396723472,1462556758,0,0
587,58700041,1,0,0,0,0,1,0,116292174,0,32768,388814959,448875806,1396723472,1462556758,0,0
588,58800041,1,0,0,0,0,1,0,116292174,0,32768,388814959,448875806,1396723472,1462556758,0,0
589,58900041,1,0,0,1,0,1,1,116292174,0,32768,448875806,503669990,1462556758,1522617605,0,0
590,59000041,1,0,0,0,0,1,0,116292174,0,32768,448875806,503669990,1462556758,1522617605,0,0
591,59100041,1,0,0,0,0,1,0,116292174,0,32768,448875806,503669990,1462556758,1522617605,0,0
592,59200041,1,0,0,0,0,1,0,116292174,0,32768,448875806,503669990,1462556758,1522617605,0,0
593,59300041,1,0,0,0,0,1,0,116292174,0,32768,448875806,503669990,1462556758,1522617605,0,0
594,59400041,1,0,0,0,0,1,0,116292174,0,32768,448875806,503669990,1462556758,1522617605,0,0
595,59500041,1,0,0,0,0,1,0,116292174,0,32768,448875806,503669990,1462556758,1522617605,0,0
596,59600041,1,0,0,0,0,1,0,116292174,0,32768,448875806,503669990,1462556758,1522617605,0,0
597,59700041,1,0,0,0,0,1,0,116292174,0,32768,448875806,503669990,1462556758,1522617605,0,0
598,59800041,1,0,0,0,0,1,0,116292174,0,32768,448875806,503669990,1462556758,1522617605,0,0
599,59900041,1,0,0,1,0,1,1,116292174,0,32768,503669990,536870912,1522617605,1577411789,0,0
600,60000041,1,0,0,0,0,1,0,116292174,0,32768,503669990,536870912,1522617605,1577411789,0,0
601,60100041,1,0,0,0,0,1,0,116292174,0,32768,503669990,536870912,1522617605,1577411789,0,0
602,60200041,1,0,0,0,0,1,0,116292174,0,32768,503669990,536870912,1522617605,1577411789,0,0
603,60300041,1,0,0,0,0,1,0,116292174,0,32768,503669990,536870912,1522617605,1577411789,0,0
604,60400041,1,0,0,0,0,1,0,116292174,0,32768,503669990,536870912,1522617605,1577411789,0,0
605,60500041,1,0,0,0,0,1,0,116292174,0,32768,503669990,536870912,1522617605,1577411789,0,0
606,60600041,1,0,0,0,0,1,0,116292174,0,32768,503669990,536870912,1522617605,1577411789,0,0
607,60700041,1,0,0,0,0,1,0,116292174,0,32768,503669990,536870912,1522617605,1577411789,0,0
608,60800041,1,0,0,0,0,1,0,116292174,0,32768,503669990,536870912,1522617605,1577411789,0,0
609,60900041,1,0,0,1,0,1,1,116292174,0,32768,536870912,536870912,1577411789,1610612711,0,0
610,61000041,1,0,0,0,0,1,0,116292174,0,32768,536870912,536870912,1577411789,1610612711,0,0
611,61100041,1,0,0,0,0,1,0,116292174,0,32768,536870912,536870912,1577411789,1610612711,0,0
612,61200041,1,0,0,0,0,1,0,116292174,0,32768,536870912,536870912,1577411789,1610612711,0,0
613,61300041,1,0,0,0,0,1,0,116292174,0,32768,536870912,536870912,1577411789,1610612711,0,0
614,61400041,1,0,0,0,0,1,0,116292174,0,32768,536870912,536870912,1577411789,1610612711,0,0
615,61500041,1,0,0,0,0,1,0,116292174,0,32768,536870912,536870912,1577411789,1610612711,0,0
616,61600041,1,0,0,0,0,1,0,116292174,0,32768,536870912,536870912,1577411789,1610612711,0,0
617,61700041,1,0,0,0,0,1,0,116292174,0,32768,536870912,536870912,1577411789,1610612711,0,0
618,61800041,1,0,0,0,0,1,0,116292174,0,32768,536870912,536870912,1577411789,1610612711,0,0
619,61900041,1,0,0,1,0,1,1,116292174,0,32768,536870912,536870912,1610612711,1610612711,0,0
620,62000041,1,0,0,0,0,1,0,116292174,0,32768,536870912,536870912,1610612711,1610612711,0,0
621,62100041,1,0,0,0,0,1,0,116292174,0,32768,536870912,536870912,1610612711,1610612711,0,0
622,62200041,1,0,0,0,0,1,0,116292174,0,32768,536870912,536870912,1610612711,1610612711,0,0
623,62300041,1,0,0,0,0,1,0,116292174,0,32768,536870912,536870912,1610612711,1610612711,0,0
624,62400041,1,0,0,0,0,1,0,116292174,0,32768,536870912,536870912,1610612711,1610612711,0,0
625,62500041,1,0,0,0,0,1,0,116292174,0,32768,536870912,536870912,1610612711,1610612711,0,0
626,62600041,1,0,0,0,0,1,0,116292174,0,32768,536870912,536870912,1610612711,1610612711,0,0
627,62700041,1,0,0,0,0,1,0,116292174,0,32768,536870912,536870912,1610612711,1610612711,0,0
628,62800041,1,0,0,0,0,1,0,116292174,0,32768,536870912,536870912,1610612711,1610612711,0,0
629,62900041,1,0,0,1,0,1,1,116292174,0,32768,536870912,536870912,1610612711,1610612711,0,0
630,63000041,1,0,0,0,0,1,0,116292174,0,32768,536870912,536870912,1610612711,1610612711,0,0
631,63100041,1,0,0,0,0,1,0,116292174,0,32768,536870912,536870912,1610612711,1610612711,0,0
632,63200041,1,0,0,0,0,1,0,116292174,0,32768,536870912,536870912,1610612711,1610612711,0,0
633,63300041,1,0,0,0,0,1,0,116292174,0,32768,536870912,536870912,1610612711,1610612711,0,0
634,63400041,1,0,0,0,0,1,0,116292174,0,32768,536870912,536870912,1610612711,1610612711,0,0
635,63500041,1,0,0,0,0,1,0,116292174,0,32768,536870912,536870912,1610612711,1610612711,0,0
636,63600041,1,0,0,0,0,1,0,116292174,0,32768,536870912,536870912,1610612711,1610612711,0,0
637,63700041,1,0,0,0,0,1,0,116292174,0,32768,536870912,536870912,1610612711,1610612711,0,0
638,63800041,1,0,0,0,0,1,0,116292174,0,32768,536870912,536870912,1610612711,1610612711,0,0
639,63900041,1,0,0,1,0,1,1,116292174,0,32768,536870912,536870912,1610612711,1610612711,0,0
640,64000041,1,0,0,0,0,1,0,116292174,0,32768,536870912,536870912,1610612711,1610612711,0,0
641,64100041,1,0,0,0,0,1,0,116292174,0,32768,536870912,536870912,1610612711,1610612711,0,0
642,64200041,1,0,0,0,0,1,0,116292174,0,32768,536870912,536870912,1610612711,1610612711,0,0
643,64300041,1,0,0,0,0,1,0,116292174,0,32768,536870912,536870912,1610612711,1610612711,0,0
644,64400041,1,0,0,0,0,1,0,116292174,0,32768,536870912,536870912,1610612711,1610612711,0,0
645,64500041,1,0,0,0,0,1,0,116292174,0,32768,536870912,536870912,1610612711,1610612711,0,0
646,64600041,1,0,0,0,0,1,0,116292174,0,32768,536870912,536870912,1610612711,1610612711,0,0
647,64700041,1,0,0,0,0,1,0,116292174,0,32768,536870912,536870912,1610612711,1610612711,0,0
648,64800041,1,0,0,0,0,1,0,116292174,0,32768,536870912,536870912,1610612711,1610612711,0,0
649,64900041,1,0,0,1,0,1,1,116292174,0,32768,536870912,536870912,1610612711,1610612711,0,0
650,65000041,1,0,0,0,0,1,0,116292174,0,32768,536870912,536870912,1610612711,1610612711,0,0
651,65100041,1,0,0,0,0,1,0,116292174,0,32768,536870912,536870912,1610612711,1610612711,0,0
652,65200041,1,0,0,0,0,1,0,116292174,0,32768,536870912,536870912,1610612711,1610612711,0,0
653,65300041,1,0,0,0,0,1,0,116292174,0,32768,536870912,536870912,1610612711,1610612711,0,0
654,65400041,1,0,0,0,0,1,0,116292174,0,32768,536870912,536870912,1610612711,1610612711,0,0
655,65500041,1,0,0,0,0,1,0,116292174,0,32768,536870912,536870912,1610612711,1610612711,0,0
656,65600041,1,0,0,0,0,1,0,116292174,0,32768,536870912,536870912,1610612711,1610612711,0,0
657,65700041,1,0,0,0,0,1,0,116292174,0,32768,536870912,536870912,1610612711,1610612711,0,0
658,65800041,1,0,0,0,0,1,0,116292174,0,32768,536870912,536870912,1610612711,1610612711,0,0
659,65900041,1,0,0,1,0,1,1,116292174,0,32768,536870912,536870912,1610612711,1610612711,0,0
660,66000041,1,0,0,0,0,1,0,116292174,0,32768,536870912,536870912,1610612711,1610612711,0,0
661,66100041,1,0,0,0,0,1,0,116292174,0,32768,536870912,536870912,1610612711,1610612711,0,0
662,66200041,1,0,0,0,0,1,0,116292174,0,32768,536870912,536870912,1610612711,1610612711,0,0
663,66300041,1,0,0,0,0,1,0,116292174,0,32768,536870912,536870912,1610612711,1610612711,0,0
664,66400041,1,0,0,0,0,1,0,116292174,0,32768,536870912,536870912,1610612711,1610612711,0,0
665,66500041,1,0,0,0,0,1,0,116292174,0,32768,536870912,536870912,1610612711,1610612711,0,0
666,66600041,1,0,0,0,0,1,0,116292174,0,32768,536870912,536870912,1610612711,1610612711,0,0
667,66700041,1,0,0,0,0,1,0,116292174,0,32768,536870912,536870912,1610612711,1610612711,0,0
668,66800041,1,0,0,0,0,1,0,116292174,0,32768,536870912,536870912,1610612711,1610612711,0,0
669,66900041,1,0,0,1,0,1,1,116292174,0,32768,536870912,536870912,1610612711,1610612711,0,0
670,67000041,1,0,0,0,0,1,0,116292174,0,32768,536870912,536870912,1610612711,1610612711,0,0
671,67100041,1,0,0,0,0,1,0,116292174,0,32768,536870912,536870912,1610612711,1610612711,0,0
672,67200041,1,0,0,0,0,1,0,116292174,0,32768,536870912,536870912,1610612711,1610612711,0,0
673,67300041,1,0,0,0,0,1,0,116292174,0,32768,536870912,536870912,1610612711,1610612711,0,0
674,67400041,1,0,0,0,0,1,0,116292174,0,32768,536870912,536870912,1610612711,1610612711,0,0
675,67500041,1,0,0,0,0,1,0,116292174,0,32768,536870912,536870912,1610612711,1610612711,0,0
676,67600041,1,0,0,0,0,1,0,116292174,0,32768,536870912,536870912,1610612711,1610612711,0,0
677,67700041,1,0,0,0,0,1,0,116292174,0,32768,536870912,536870912,1610612711,1610612711,0,0
678,67800041,1,0,0,0,0,1,0,116292174,0,32768,536870912,536870912,1610612711,1610612711,0,0
679,67900041,1,0,0,1,0,1,1,116292174,0,32768,536870912,536870912,1610612711,1610612711,0,0
680,68000041,1,0,0,0,0,1,0,0,0,32768,536870912,536870912,1610612711,1610612711,0,0
681,68100041,1,0,0,0,0,1,0,0,0,32768,536870912,536870912,1610612711,1610612711,0,0
682,68200041,1,0,0,0,0,1,0,0,0,32768,536870912,536870912,1610612711,1610612711,0,0
683,68300041,1,0,0,0,0,1,0,0,0,32768,536870912,536870912,1610612711,1610612711,0,0
684,68400041,1,0,0,0,0,1,0,0,0,32768,536870912,536870912,1610612711,1610612711,0,0
685,68500041,1,0,0,0,0,1,0,0,0,32768,536870912,536870912,1610612711,1610612711,0,0
686,68600041,1,0,0,0,0,1,0,0,0,32768,536870912,536870912,1610612711,1610612711,0,0
687,68700041,1,0,0,0,0,1,0,0,0,32768,536870912,536870912,1610612711,1610612711,0,0
688,68800041,1,0,0,0,0,1,0,0,0,32768,536870912,536870912,1610612711,1610612711,0,0
689,68900041,1,0,0,1,0,1,1,0,0,16384,536870912,408021895,1610612711,0,0,0
690,69000041,1,0,0,0,0,1,0,0,0,16384,536870912,408021895,1610612711,0,0,0
691,69100041,1,0,0,0,0,1,0,0,0,16384,536870912,408021895,1610612711,0,0,0
692,69200041,1,0,0,0,0,1,0,0,0,16384,536870912,408021895,1610612711,0,0,0
693,69300041,1,0,0,0,0,1,0,0,0,16384,536870912,408021895,1610612711,0,0,0
694,69400041,1,0,0,0,0,1,0,0,0,16384,536870912,408021895,1610612711,0,0,0
695,69500041,1,0,0,0,0,1,0,0,0,16384,536870912,408021895,1610612711,0,0,0
696,69600041,1,0,0,0,0,1,0,0,0,16384,536870912,408021895,1610612711,0,0,0
697,69700041,1,0,0,0,0,1,0,0,0,16384,536870912,408021895,1610612711,0,0,0
698,69800041,1,0,0,0,0,1,0,0,0,16384,536870912,408021895,1610612711,0,0,0
699,69900041,1,0,0,1,0,1,1,0,0,12452,408021895,408021895,0,0,0,0
700,70000041,1,0,0,0,0,1,0,0,0,12452,408021895,408021895,0,0,0,0
701,70100041,1,0,0,0,0,1,0,0,0,12452,408021895,408021895,0,0,0,0
702,70200041,1,0,0,0,0,1,0,0,0,12452,408021895,408021895,0,0,0,0
703,70300041,1,0,0,0,0,1,0,0,0,12452,408021895,408021895,0,0,0,0
704,70400041,1,0,0,0,0,1,0,0,0,12452,408021895,408021895,0,0,0,0
705,70500041,1,0,0,0,0,1,0,0,0,12452,408021895,408021895,0,0,0,0
706,70600041,1,0,0,0,0,1,0,0,0,12452,408021895,408021895,0,0,0,0
707,70700041,1,0,0,0,0,1,0,0,0,12452,408021895,408021895,0,0,0,0
708,70800041,1,0,0,0,0,1,0,0,0,12452,408021895,408021895,0,0,0,0
709,70900041,1,0,0,1,0,1,1,0,0,12452,408021895,408021895,0,0,0,0
710,71000041,1,0,0,0,0,1,0,0,0,12452,408021895,408021895,0,0,0,0
711,71100041,1,0,0,0,0,1,0,0,0,12452,408021895,408021895,0,0,0,0
712,71200041,1,0,0,0,0,1,0,0,0,12452,408021895,408021895,0,0,0,0
713,71300041,1,0,0,0,0,1,0,0,0,12452,408021895,408021895,0,0,0,0
714,71400041,1,0,0,0,0,1,0,0,0,12452,408021895,408021895,0,0,0,0
715,71500041,1,0,0,0,0,1,0,0,0,12452,408021895,408021895,0,0,0,0
716,71600041,1,0,0,0,0,1,0,0,0,12452,408021895,408021895,0,0,0,0
717,71700041,1,0,0,0,0,1,0,0,0,12452,408021895,408021895,0,0,0,0
718,71800041,1,0,0,0,0,1,0,0,0,12452,408021895,408021895,0,0,0,0
719,71900041,1,0,0,1,0,1,1,0,0,12452,408021895,408021895,0,0,0,0
720,72000041,1,0,0,0,0,1,0,0,0,12452,408021895,408021895,0,0,0,0
721,72100041,1,0,0,0,0,1,0,0,0,12452,408021895,408021895,0,0,0,0
722,72200041,1,0,0,0,0,1,0,0,0,12452,408021895,408021895,0,0,0,0
723,72300041,1,0,0,0,0,1,0,0,0,12452,408021895,408021895,0,0,0,0
724,72400041,1,0,0,0,0,1,0,0,0,12452,408021895,408021895,0,0,0,0
725,72500041,1,0,0,0,0,1,0,0,0,12452,408021895,408021895,0,0,0,0
726,72600041,1,0,0,0,0,1,0,0,0,12452,408021895,408021895,0,0,0,0
727,72700041,1,0,0,0,0,1,0,0,0,12452,408021895,408021895,0,0,0,0
728,72800041,1,0,0,0,0,1,0,0,0,12452,408021895,408021895,0,0,0,0
729,72900041,1,0,0,1,0,1,1,0,0,12452,408021895,408021895,0,0,0,0
730,73000041,1,0,0,0,0,1,0,0,0,12452,408021895,408021895,0,0,0,0
731,73100041,1,0,0,0,0,1,0,0,0,12452,408021895,408021895,0,0,0,0
732,73200041,1,0,0,0,0,1,0,0,0,12452,408021895,408021895,0,0,0,0
733,73300041,1,0,0,0,0,1,0,0,0,12452,408021895,408021895,0,0,0,0
734,73400041,1,0,0,0,0,1,0,0,0,12452,408021895,408021895,0,0,0,0
735,73500041,1,0,0,0,0,1,0,0,0,12452,408021895,408021895,0,0,0,0
736,73600041,1,0,0,0,0,1,0,0,0,12452,408021895,408021895,0,0,0,0
737,73700041,1,0,0,0,0,1,0,0,0,12452,408021895,408021895,0,0,0,0
738,73800041,1,0,0,0,0,1,0,0,0,12452,408021895,408021895,0,0,0,0
739,73900041,1,0,0,1,0,1,1,0,0,12452,408021895,408021895,0,0,0,0
740,74000041,1,0,0,0,0,1,0,0,0,12452,408021895,408021895,0,0,0,0
741,74100041,1,0,0,0,0,1,0,0,0,12452,408021895,408021895,0,0,0,0
742,74200041,1,0,0,0,0,1,0,0,0,12452,408021895,408021895,0,0,0,0
743,74300041,1,0,0,0,0,1,0,0,0,12452,408021895,408021895,0,0,0,0
744,74400041,1,0,0,0,0,1,0,0,0,12452,408021895,408021895,0,0,0,0
745,74500041,1,0,0,0,0,1,0,0,0,12452,408021895,408021895,0,0,0,0
746,74600041,1,0,0,0,0,1,0,0,0,12452,408021895,408021895,0,0,0,0
747,74700041,1,0,0,0,0,1,0,0,0,12452,408021895,408021895,0,0,0,0
748,74800041,1,0,0,0,0,1,0,0,0,12452,408021895,408021895,0,0,0,0
749,74900041,1,0,0,1,0,1,1,0,0,12452,408021895,408021895,0,0,0,0
750,75000041,1,0,0,0,0,1,0,0,0,12452,408021895,408021895,0,0,0,0
751,75100041,1,0,0,0,0,1,0,0,0,12452,408021895,408021895,0,0,0,0
752,75200041,1,0,0,0,0,1,0,0,0,12452,408021895,408021895,0,0,0,0
753,75300041,1,0,0,0,0,1,0,0,0,12452,408021895,408021895,0,0,0,0
754,75400041,1,0,0,0,0,1,0,0,0,12452,408021895,408021895,0,0,0,0
755,75500041,1,0,0,0,0,1,0,0,0,12452,408021895,408021895,0,0,0,0
756,75600041,1,0,0,0,0,1,0,0,0,12452,408021895,408021895,0,0,0,0
757,75700041,1,0,0,0,0,1,0,0,0,12452,408021895,408021895,0,0,0,0
758,75800041,1,0,0,0,0,1,0,0,0,12452,408021895,408021895,0,0,0,0
759,75900041,1,0,0,1,0,1,1,0,0,12452,408021895,408021895,0,0,0,0
760,76000041,1,0,0,0,0,1,0,0,0,12452,408021895,408021895,0,0,0,0
761,76100041,1,0,0,0,0,1,0,0,0,12452,408021895,408021895,0,0,0,0
762,76200041,1,0,0,0,0,1,0,0,0,12452,408021895,408021895,0,0,0,0
763,76300041,1,0,0,0,0,1,0,0,0,12452,408021895,408021895,0,0,0,0
764,76400041,1,0,0,0,0,1,0,0,0,12452,408021895,408021895,0,0,0,0
765,76500041,1,0,0,0,0,1,0,0,0,12452,408021895,408021895,0,0,0,0
766,76600041,1,0,0,0,0,1,0,0,0,12452,408021895,408021895,0,0,0,0
767,76700041,1,0,0,0,0,1,0,0,0,12452,408021895,408021895,0,0,0,0
768,76800041,1,0,0,0,0,1,0,0,0,12452,408021895,408021895,0,0,0,0
769,76900041,1,0,0,1,0,1,1,0,0,12452,408021895,408021895,0,0,0,0
770,77000041,1,0,0,0,0,1,0,0,0,12452,408021895,408021895,0,0,0,0
771,77100041,1,0,0,0,0,1,0,0,0,12452,408021895,408021895,0,0,0,0
772,77200041,1,0,0,0,0,1,0,0,0,12452,408021895,408021895,0,0,0,0
773,77300041,1,0,0,0,0,1,0,0,0,12452,408021895,408021895,0,0,0,0
774,77400041,1,0,0,0,0,1,0,0,0,12452,408021895,408021895,0,0,0,0
775,77500041,1,0,0,0,0,1,0,0,0,12452,408021895,408021895,0,0,0,0
776,77600041,1,0,0,0,0,1,0,0,0,12452,408021895,408021895,0,0,0,0
777,77700041,1,0,0,0,0,1,0,0,0,12452,408021895,408021895,0,0,0,0
778,77800041,1,0,0,0,0,1,0,0,0,12452,408021895,408021895,0,0,0,0
779,77900041,1,0,0,1,0,1,1,0,0,12452,408021895,408021895,0,0,0,0
780,78000041,1,0,0,0,0,1,0,-116292174,0,12452,408021895,408021895,0,0,0,0
781,78100041,1,0,0,0,0,1,0,-116292174,0,12452,408021895,408021895,0,0,0,0
782,78200041,1,0,0,0,0,1,0,-116292174,0,12452,408021895,408021895,0,0,0,0
783,78300041,1,0,0,0,0,1,0,-116292174,0,12452,408021895,408021895,0,0,0,0
784,78400041,1,0,0,0,0,1,0,-116292174,0,12452,408021895,408021895,0,0,0,0
785,78500041,1,0,0,0,0,1,0,-116292174,0,12452,408021895,408021895,0,0,0,0
786,78600041,1,0,0,0,0,1,0,-116292174,0,12452,408021895,408021895,0,0,0,0
787,78700041,1,0,0,0,0,1,0,-116292174,0,12452,408021895,408021895,0,0,0,0
788,78800041,1,0,0,0,0,1,0,-116292174,0,12452,408021895,408021895,0,0,0,0
789,78900041,1,0,0,1,0,1,1,-116292174,0,-32768,408021895,236223170,0,-665719904,0,0
790,79000041,1,0,0,0,0,1,0,-116292174,0,-32768,408021895,236223170,0,-665719904,0,0
791,79100041,1,0,0,0,0,1,0,-116292174,0,-32768,408021895,236223170,0,-665719904,0,0
792,79200041,1,0,0,0,0,1,0,-116292174,0,-32768,408021895,236223170,0,-665719904,0,0
793,79300041,1,0,0,0,0,1,0,-116292174,0,-32768,408021895,236223170,0,-665719904,0,0
794,79400041,1,0,0,0,0,1,0,-116292174,0,-32768,408021895,236223170,0,-665719904,0,0
795,79500041,1,0,0,0,0,1,0,-116292174,0,-32768,408021895,236223170,0,-665719904,0,0
796,79600041,1,0,0,0,0,1,0,-116292174,0,-32768,408021895,236223170,0,-665719904,0,0
797,79700041,1,0,0,0,0,1,0,-116292174,0,-32768,408021895,236223170,0,-665719904,0,0
798,79800041,1,0,0,0,0,1,0,-116292174,0,-32768,408021895,236223170,0,-665719904,0,0
799,79900041,1,0,0,1,0,1,1,-116292174,0,-32768,236223170,117682037,-665719904,-837518629,0,0
800,80000041,1,0,0,0,0,1,0,-116292174,0,-32768,236223170,117682037,-665719904,-837518629,0,0
801,80100041,1,0,0,0,0,1,0,-116292174,0,-32768,236223170,117682037,-665719904,-837518629,0,0
802,80200041,1,0,0,0,0,1,0,-116292174,0,-32768,236223170,117682037,-665719904,-837518629,0,0
803,80300041,1,0,0,0,0,1,0,-116292174,0,-32768,236223170,117682037,-665719904,-837518629,0,0
804,80400041,1,0,0,0,0,1,0,-116292174,0,-32768,236223170,117682037,-665719904,-837518629,0,0
805,80500041,1,0,0,0,0,1,0,-116292174,0,-32768,236223170,117682037,-665719904,-837518629,0,0
806,80600041,1,0,0,0,0,1,0,-116292174,0,-32768,236223170,117682037,-665719904,-837518629,0,0
807,80700041,1,0,0,0,0,1,0,-116292174,0,-32768,236223170,117682037,-665719904,-837518629,0,0
808,80800041,1,0,0,0,0,1,0,-116292174,0,-32768,236223170,117682037,-665719904,-837518629,0,0
809,80900041,1,0,0,1,0,1,1,-116292174,0,-32768,117682037,12884802,-837518629,-956059762,0,0
810,81000041,1,0,0,0,0,1,0,-116292174,0,-32768,117682037,12884802,-837518629,-956059762,0,0
811,81100041,1,0,0,0,0,1,0,-116292174,0,-32768,117682037,12884802,-837518629,-956059762,0,0
812,81200041,1,0,0,0,0,1,0,-116292174,0,-32768,117682037,12884802,-837518629,-956059762,0,0
813,81300041,1,0,0,0,0,1,0,-116292174,0,-32768,117682037,12884802,-837518629,-956059762,0,0
814,81400041,1,0,0,0,0,1,0,-116292174,0,-32768,117682037,12884802,-837518629,-956059762,0,0
815,81500041,1,0,0,0,0,1,0,-116292174,0,-32768,117682037,12884802,-837518629,-956059762,0,0
816,81600041,1,0,0,0,0,1,0,-116292174,0,-32768,117682037,12884802,-837518629,-956059762,0,0
817,81700041,1,0,0,0,0,1,0,-116292174,0,-32768,117682037,12884802,-837518629,-956059762,0,0
818,81800041,1,0,0,0,0,1,0,-116292174,0,-32768,117682037,12884802,-837518629,-956059762,0,0
819,81900041,1,0,0,1,0,1,1,-116292174,0,-32768,12884802,-82429142,-956059762,-1060856997,0,0
820,82000041,1,0,0,0,0,1,0,-116292174,0,-32768,12884802,-82429142,-956059762,-1060856997,0,0
821,82100041,1,0,0,0,0,1,0,-116292174,0,-32768,12884802,-82429142,-956059762,-1060856997,0,0
822,82200041,1,0,0,0,0,1,0,-116292174,0,-32768,12884802,-82429142,-956059762,-1060856997,0,0
823,82300041,1,0,0,0,0,1,0,-116292174,0,-32768,12884802,-82429142,-956059762,-1060856997,0,0
824,82400041,1,0,0,0,0,1,0,-116292174,0,-32768,12884802,-82429142,-956059762,-1060856997,0,0
825,82500041,1,0,0,0,0,1,0,-116292174,0,-32768,12884802,-82429142,-956059762,-1060856997,0,0
826,82600041,1,0,0,0,0,1,0,-116292174,0,-32768,12884802,-82429142,-956059762,-1060856997,0,0
827,82700041,1,0,0,0,0,1,0,-116292174,0,-32768,12884802,-82429142,-956059762,-1060856997,0,0
828,82800041,1,0,0,0,0,1,0,-116292174,0,-32768,12884802,-82429142,-956059762,-1060856997,0,0
829,82900041,1,0,0,1,0,1,1,-116292174,0,-32768,-82429142,-169359307,-1060856997,-1156170941,0,0
830,83000041,1,0,0,0,0,1,0,-116292174,0,-32768,-82429142,-169359307,-1060856997,-1156170941,0,0
831,83100041,1,0,0,0,0,1,0,-116292174,0,-32768,-82429142,-169359307,-1060856997,-1156170941,0,0
832,83200041,1,0,0,0,0,1,0,-116292174,0,-32768,-82429142,-169359307,-1060856997,-1156170941,0,0
833,83300041,1,0,0,0,0,1,0,-116292174,0,-32768,-82429142,-169359307,-1060856997,-1156170941,0,0
834,83400041,1,0,0,0,0,1,0,-116292174,0,-32768,-82429142,-169359307,-1060856997,-1156170941,0,0
835,83500041,1,0,0,0,0,1,0,-116292174,0,-32768,-82429142,-169359307,-1060856997,-1156170941,0,0
836,83600041,1,0,0,0,0,1,0,-116292174,0,-32768,-82429142,-169359307,-1060856997,-1156170941,0,0
837,83700041,1,0,0,0,0,1,0,-116292174,0,-32768,-82429142,-169359307,-1060856997,-1156170941,0,0
838,83800041,1,0,0,0,0,1,0,-116292174,0,-32768,-82429142,-169359307,-1060856997,-1156170941,0,0
839,83900041,1,0,0,1,0,1,1,-116292174,0,-32768,-169359307,-248664357,-1156170941,-1243101106,0,0
840,84000041,1,0,0,0,0,1,0,-116292174,0,-32768,-169359307,-248664357,-1156170941,-1243101106,0,0
841,84100041,1,0,0,0,0,1,0,-116292174,0,-32768,-169359307,-248664357,-1156170941,-1243101106,0,0
842,84200041,1,0,0,0,0,1,0,-116292174,0,-32768,-169359307,-248664357,-1156170941,-1243101106,0,0
843,84300041,1,0,0,0,0,1,0,-116292174,0,-32768,-169359307,-248664357,-1156170941,-1243101106,0,0
844,84400041,1,0,0,0,0,1,0,-116292174,0,-32768,-169359307,-248664357,-1156170941,-1243101106,0,0
845,84500041,1,0,0,0,0,1,0,-116292174,0,-32768,-169359307,-248664357,-1156170941,-1243101106,0,0
846,84600041,1,0,0,0,0,1,0,-116292174,0,-32768,-169359307,-248664357,-1156170941,-1243101106,0,0
847,84700041,1,0,0,0,0,1,0,-116292174,0,-32768,-169359307,-248664357,-1156170941,-1243101106,0,0
848,84800041,1,0,0,0,0,1,0,-116292174,0,-32768,-169359307,-248664357,-1156170941,-1243101106,0,0
849,84900041,1,0,0,1,0,1,1,-116292174,0,-32768,-248664357,-321014993,-1243101106,-1322406156,0,0
850,85000041,1,0,0,0,0,1,0,-116292174,0,-32768,-248664357,-321014993,-1243101106,-1322406156,0,0
851,85100041,1,0,0,0,0,1,0,-116292174,0,-32768,-248664357,-321014993,-1243101106,-1322406156,0,0
852,85200041,1,0,0,0,0,1,0,-116292174,0,-32768,-248664357,-321014993,-1243101106,-1322406156,0,0
853,85300041,1,0,0,0,0,1,0,-116292174,0,-32768,-248664357,-321014993,-1243101106,-1322406156,0,0
854,85400041,1,0,0,0,0,1,0,-116292174,0,-32768,-248664357,-321014993,-1243101106,-1322406156,0,0
855,85500041,1,0,0,0,0,1,0,-116292174,0,-32768,-248664357,-321014993,-1243101106,-1322406156,0,0
856,85600041,1,0,0,0,0,1,0,-116292174,0,-32768,-248664357,-321014993,-1243101106,-1322406156,0,0
857,85700041,1,0,0,0,0,1,0,-116292174,0,-32768,-248664357,-321014993,-1243101106,-1322406156,0,0
858,85800041,1,0,0,0,0,1,0,-116292174,0,-32768,-248664357,-321014993,-1243101106,-1322406156,0,0
859,85900041,1,0,0,1,0,1,1,-116292174,0,-32768,-321014993,-387021225,-1322406156,-1394756792,0,0
860,86000041,1,0,0,0,0,1,0,-116292174,0,-32768,-321014993,-387021225,-1322406156,-1394756792,0,0
861,86100041,1,0,0,0,0,1,0,-116292174,0,-32768,-321014993,-387021225,-1322406156,-1394756792,0,0
862,86200041,1,0,0,0,0,1,0,-116292174,0,-32768,-321014993,-387021225,-1322406156,-1394756792,0,0
863,86300041,1,0,0,0,0,1,0,-116292174,0,-32768,-321014993,-387021225,-1322406156,-1394756792,0,0
864,86400041,1,0,0,0,0,1,0,-116292174,0,-32768,-321014993,-387021225,-1322406156,-1394756792,0,0
865,86500041,1,0,0,0,0,1,0,-116292174,0,-32768,-321014993,-387021225,-1322406156,-1394756792,0,0
866,86600041,1,0,0,0,0,1,0,-116292174,0,-32768,-321014993,-387021225,-1322406156,-1394756792,0,0
867,86700041,1,0,0,0,0,1,0,-116292174,0,-32768,-321014993,-387021225,-1322406156,-1394756792,0,0
868,86800041,1,0,0,0,0,1,0,-116292174,0,-32768,-321014993,-387021225,-1322406156,-1394756792,0,0
869,86900041,1,0,0,1,0,1,1,-116292174,0,-32768,-387021225,-447239407,-1394756792,-1460763024,0,0
870,87000041,1,0,0,0,0,1,0,-116292174,0,-32768,-387021225,-447239407,-1394756792,-1460763024,0,0
871,87100041,1,0,0,0,0,1,0,-116292174,0,-32768,-387021225,-447239407,-1394756792,-1460763024,0,0
872,87200041,1,0,0,0,0,1,0,-116292174,0,-32768,-387021225,-447239407,-1394756792,-1460763024,0,0
873,87300041,1,0,0,0,0,1,0,-116292174,0,-32768,-387021225,-447239407,-1394756792,-1460763024,0,0
874,87400041,1,0,0,0,0,1,0,-116292174,0,-32768,-387021225,-447239407,-1394756792,-1460763024,0,0
875,87500041,1,0,0,0,0,1,0,-116292174,0,-32768,-387021225,-447239407,-1394756792,-1460763024,0,0
876,87600041,1,0,0,0,0,1,0,-116292174,0,-32768,-387021225,-447239407,-1394756792,-1460763024,0,0
877,87700041,1,0,0,0,0,1,0,-116292174,0,-32768,-387021225,-447239407,-1394756792,-1460763024,0,0
878,87800041,1,0,0,0,0,1,0,-116292174,0,-32768,-387021225,-447239407,-1394756792,-1460763024,0,0
879,87900041,1,0,0,1,0,1,1,-116292174,0,-32768,-447239407,-502177090,-1460763024,-1520981206,0,0
880,88000041,1,0,0,0,0,1,0,-116292174,0,-32768,-447239407,-502177090,-1460763024,-1520981206,0,0
881,88100041,1,0,0,0,0,1,0,-116292174,0,-32768,-447239407,-502177090,-1460763024,-1520981206,0,0
882,88200041,1,0,0,0,0,1,0,-116292174,0,-32768,-447239407,-502177090,-1460763024,-1520981206,0,0
883,88300041,1,0,0,0,0,1,0,-116292174,0,-32768,-447239407,-502177090,-1460763024,-1520981206,0,0
884,88400041,1,0,0,0,0,1,0,-116292174,0,-32768,-447239407,-502177090,-1460763024,-1520981206,0,0
885,88500041,1,0,0,0,0,1,0,-116292174,0,-32768,-447239407,-502177090,-1460763024,-1520981206,0,0
886,88600041,1,0,0,0,0,1,0,-116292174,0,-32768,-447239407,-502177090,-1460763024,-1520981206,0,0
887,88700041,1,0,0,0,0,1,0,-116292174,0,-32768,-447239407,-502177090,-1460763024,-1520981206,0,0
888,88800041,1,0,0,0,0,1,0,-116292174,0,-32768,-447239407,-502177090,-1460763024,-1520981206,0,0
889,88900041,1,0,0,1,0,1,1,-116292174,0,-32768,-502177090,-536870912,-1520981206,-1575918889,0,0
890,89000041,1,0,0,0,0,1,0,-116292174,0,-32768,-502177090,-536870912,-1520981206,-1575918889,0,0
891,89100041,1,0,0,0,0,1,0,-116292174,0,-32768,-502177090,-536870912,-1520981206,-1575918889,0,0
892,89200041,1,0,0,0,0,1,0,-116292174,0,-32768,-502177090,-536870912,-1520981206,-1575918889,0,0
893,89300041,1,0,0,0,0,1,0,-116292174,0,-32768,-502177090,-536870912,-1520981206,-1575918889,0,0
894,89400041,1,0,0,0,0,1,0,-116292174,0,-32768,-502177090,-536870912,-1520981206,-1575918889,0,0
895,89500041,1,0,0,0,0,1,0,-116292174,0,-32768,-502177090,-536870912,-1520981206,-1575918889,0,0
896,89600041,1,0,0,0,0,1,0,-116292174,0,-32768,-502177090,-536870912,-1520981206,-1575918889,0,0
897,89700041,1,0,0,0,0,1,0,-116292174,0,-32768,-502177090,-536870912,-1520981206,-1575918889,0,0
898,89800041,1,0,0,0,0,1,0,-116292174,0,-32768,-502177090,-536870912,-1520981206,-1575918889,0,0
899,89900041,1,0,0,1,0,1,1,-116292174,0,-32768,-536870912,-536870912,-1575918889,-1610612711,0,0
900,90000041,1,0,0,0,0,1,0,-116292174,0,-32768,-536870912,-536870912,-1575918889,-1610612711,0,0
901,90100041,1,0,0,0,0,1,0,-116292174,0,-32768,-536870912,-536870912,-1575918889,-1610612711,0,0
902,90200041,1,0,0,0,0,1,0,-116292174,0,-32768,-536870912,-536870912,-1575918889,-1610612711,0,0
903,90300041,1,0,0,0,0,1,0,-116292174,0,-32768,-536870912,-536870912,-1575918889,-1610612711,0,0
904,90400041,1,0,0,0,0,1,0,-116292174,0,-32768,-536870912,-536870912,-1575918889,-1610612711,0,0
905,90500041,1,0,0,0,0,1,0,-116292174,0,-32768,-536870912,-536870912,-1575918889,-1610612711,0,0
906,90600041,1,0,0,0,0,1,0,-116292174,0,-32768,-536870912,-536870912,-1575918889,-1610612711,0,0
907,90700041,1,0,0,0,0,1,0,-116292174,0,-32768,-536870912,-536870912,-1575918889,-1610612711,0,0
908,90800041,1,0,0,0,0,1,0,-116292174,0,-32768,-536870912,-536870912,-1575918889,-1610612711,0,0
909,90900041,1,0,0,1,0,1,1,-116292174,0,-32768,-536870912,-536870912,-1610612711,-1610612711,0,0
910,91000041,1,0,0,0,0,1,0,-116292174,0,-32768,-536870912,-536870912,-1610612711,-1610612711,0,0
911,91100041,1,0,0,0,0,1,0,-116292174,0,-32768,-536870912,-536870912,-1610612711,-1610612711,0,0
912,91200041,1,0,0,0,0,1,0,-116292174,0,-32768,-536870912,-536870912,-1610612711,-1610612711,0,0
913,91300041,1,0,0,0,0,1,0,-116292174,0,-32768,-536870912,-536870912,-1610612711,-1610612711,0,0
914,91400041,1,0,0,0,0,1,0,-116292174,0,-32768,-536870912,-536870912,-1610612711,-1610612711,0,0
915,91500041,1,0,0,0,0,1,0,-116292174,0,-32768,-536870912,-536870912,-1610612711,-1610612711,0,0
916,91600041,1,0,0,0,0,1,0,-116292174,0,-32768,-536870912,-536870912,-1610612711,-1610612711,0,0
917,91700041,1,0,0,0,0,1,0,-116292174,0,-32768,-536870912,-536870912,-1610612711,-1610612711,0,0
918,91800041,1,0,0,0,0,1,0,-116292174,0,-32768,-536870912,-536870912,-1610612711,-1610612711,0,0
919,91900041,1,0,0,1,0,1,1,-116292174,0,-32768,-536870912,-536870912,-1610612711,-1610612711,0,0
920,92000041,1,0,0,0,0,1,0,-116292174,0,-32768,-536870912,-536870912,-1610612711,-1610612711,0,0
921,92100041,1,0,0,0,0,1,0,-116292174,0,-32768,-536870912,-536870912,-1610612711,-1610612711,0,0
922,92200041,1,0,0,0,0,1,0,-116292174,0,-32768,-536870912,-536870912,-1610612711,-1610612711,0,0
923,92300041,1,0,0,0,0,1,0,-116292174,0,-32768,-536870912,-536870912,-1610612711,-1610612711,0,0
924,92400041,1,0,0,0,0,1,0,-116292174,0,-32768,-536870912,-536870912,-1610612711,-1610612711,0,0
925,92500041,1,0,0,0,0,1,0,-116292174,0,-32768,-536870912,-536870912,-1610612711,-1610612711,0,0
926,92600041,1,0,0,0,0,1,0,-116292174,0,-32768,-536870912,-536870912,-1610612711,-1610612711,0,0
927,92700041,1,0,0,0,0,1,0,-116292174,0,-32768,-536870912,-536870912,-1610612711,-1610612711,0,0
928,92800041,1,0,0,0,0,1,0,-116292174,0,-32768,-536870912,-536870912,-1610612711,-1610612711,0,0
929,92900041,1,0,0,1,0,1,1,-116292174,0,-32768,-536870912,-536870912,-1610612711,-1610612711,0,0
930,93000041,1,0,0,0,0,1,0,-116292174,0,-32768,-536870912,-536870912,-1610612711,-1610612711,0,0
931,93100041,1,0,0,0,0,1,0,-116292174,0,-32768,-536870912,-536870912,-1610612711,-1610612711,0,0
932,93200041,1,0,0,0,0,1,0,-116292174,0,-32768,-536870912,-536870912,-1610612711,-1610612711,0,0
933,93300041,1,0,0,0,0,1,0,-116292174,0,-32768,-536870912,-536870912,-1610612711,-1610612711,0,0
934,93400041,1,0,0,0,0,1,0,-116292174,0,-32768,-536870912,-536870912,-1610612711,-1610612711,0,0
935,93500041,1,0,0,0,0,1,0,-116292174,0,-32768,-536870912,-536870912,-1610612711,-1610612711,0,0
936,93600041,1,0,0,0,0,1,0,-116292174,0,-32768,-536870912,-536870912,-1610612711,-1610612711,0,0
937,93700041,1,0,0,0,0,1,0,-116292174,0,-32768,-536870912,-536870912,-1610612711,-1610612711,0,0
938,93800041,1,0,0,0,0,1,0,-116292174,0,-32768,-536870912,-536870912,-1610612711,-1610612711,0,0
939,93900041,1,0,0,1,0,1,1,-116292174,0,-32768,-536870912,-536870912,-1610612711,-1610612711,0,0
940,94000041,1,0,0,0,0,1,0,-116292174,0,-32768,-536870912,-536870912,-1610612711,-1610612711,0,0
941,94100041,1,0,0,0,0,1,0,-116292174,0,-32768,-536870912,-536870912,-1610612711,-1610612711,0,0
942,94200041,1,0,0,0,0,1,0,-116292174,0,-32768,-536870912,-536870912,-1610612711,-1610612711,0,0
943,94300041,1,0,0,0,0,1,0,-116292174,0,-32768,-536870912,-536870912,-1610612711,-1610612711,0,0
944,94400041,1,0,0,0,0,1,0,-116292174,0,-32768,-536870912,-536870912,-1610612711,-1610612711,0,0
945,94500041,1,0,0,0,0,1,0,-116292174,0,-32768,-536870912,-536870912,-1610612711,-1610612711,0,0
946,94600041,1,0,0,0,0,1,0,-116292174,0,-32768,-536870912,-536870912,-1610612711,-1610612711,0,0
947,94700041,1,0,0,0,0,1,0,-116292174,0,-32768,-536870912,-536870912,-1610612711,-1610612711,0,0
948,94800041,1,0,0,0,0,1,0,-116292174,0,-32768,-536870912,-536870912,-1610612711,-1610612711,0,0
949,94900041,1,0,0,1,0,1,1,-116292174,0,-32768,-536870912,-536870912,-1610612711,-1610612711,0,0
950,95000041,1,0,0,0,0,1,0,-116292174,0,-32768,-536870912,-536870912,-1610612711,-1610612711,0,0
951,95100041,1,0,0,0,0,1,0,-116292174,0,-32768,-536870912,-536870912,-1610612711,-1610612711,0,0
952,95200041,1,0,0,0,0,1,0,-116292174,0,-32768,-536870912,-536870912,-1610612711,-1610612711,0,0
953,95300041,1,0,0,0,0,1,0,-116292174,0,-32768,-536870912,-536870912,-1610612711,-1610612711,0,0
954,95400041,1,0,0,0,0,1,0,-116292174,0,-32768,-536870912,-536870912,-1610612711,-1610612711,0,0
955,95500041,1,0,0,0,0,1,0,-116292174,0,-32768,-536870912,-536870912,-1610612711,-1610612711,0,0
956,95600041,1,0,0,0,0,1,0,-116292174,0,-32768,-536870912,-536870912,-1610612711,-1610612711,0,0
957,95700041,1,0,0,0,0,1,0,-116292174,0,-32768,-536870912,-536870912,-1610612711,-1610612711,0,0
958,95800041,1,0,0,0,0,1,0,-116292174,0,-32768,-536870912,-536870912,-1610612711,-1610612711,0,0
959,95900041,1,0,0,1,0,1,1,-116292174,0,-32768,-536870912,-536870912,-1610612711,-1610612711,0,0
960,96000041,1,0,0,0,0,1,0,-116292174,0,-32768,-536870912,-536870912,-1610612711,-1610612711,0,0
961,96100041,1,0,0,0,0,1,0,-116292174,0,-32768,-536870912,-536870912,-1610612711,-1610612711,0,0
962,96200041,1,0,0,0,0,1,0,-116292174,0,-32768,-536870912,-536870912,-1610612711,-1610612711,0,0
963,96300041,1,0,0,0,0,1,0,-116292174,0,-32768,-536870912,-536870912,-1610612711,-1610612711,0,0
964,96400041,1,0,0,0,0,1,0,-116292174,0,-32768,-536870912,-536870912,-1610612711,-1610612711,0,0
965,96500041,1,0,0,0,0,1,0,-116292174,0,-32768,-536870912,-536870912,-1610612711,-1610612711,0,0
966,96600041,1,0,0,0,0,1,0,-116292174,0,-32768,-536870912,-536870912,-1610612711,-1610612711,0,0
967,96700041,1,0,0,0,0,1,0,-116292174,0,-32768,-536870912,-536870912,-1610612711,-1610612711,0,0
968,96800041,1,0,0,0,0,1,0,-116292174,0,-32768,-536870912,-536870912,-1610612711,-1610612711,0,0
969,96900041,1,0,0,1,0,1,1,-116292174,0,-32768,-536870912,-536870912,-1610612711,-1610612711,0,0
970,97000041,1,0,0,0,0,1,0,-116292174,0,-32768,-536870912,-536870912,-1610612711,-1610612711,0,0
971,97100041,1,0,0,0,0,1,0,-116292174,0,-32768,-536870912,-536870912,-1610612711,-1610612711,0,0
972,97200041,1,0,0,0,0,1,0,-116292174,0,-32768,-536870912,-536870912,-1610612711,-1610612711,0,0
973,97300041,1,0,0,0,0,1,0,-116292174,0,-32768,-536870912,-536870912,-1610612711,-1610612711,0,0
974,97400041,1,0,0,0,0,1,0,-116292174,0,-32768,-536870912,-536870912,-1610612711,-1610612711,0,0
975,97500041,1,0,0,0,0,1,0,-116292174,0,-32768,-536870912,-536870912,-1610612711,-1610612711,0,0
976,97600041,1,0,0,0,0,1,0,-116292174,0,-32768,-536870912,-536870912,-1610612711,-1610612711,0,0
977,97700041,1,0,0,0,0,1,0,-116292174,0,-32768,-536870912,-536870912,-1610612711,-1610612711,0,0
978,97800041,1,0,0,0,0,1,0,-116292174,0,-32768,-536870912,-536870912,-1610612711,-1610612711,0,0
979,97900041,1,0,0,1,0,1,1,-116292174,0,-32768,-536870912,-536870912,-1610612711,-1610612711,0,0
980,98000041,1,0,0,0,0,1,0,-116292174,0,-32768,-536870912,-536870912,-1610612711,-1610612711,0,0
981,98100041,1,0,0,0,0,1,0,-116292174,0,-32768,-536870912,-536870912,-1610612711,-1610612711,0,0
982,98200041,1,0,0,0,0,1,0,-116292174,0,-32768,-536870912,-536870912,-1610612711,-1610612711,0,0
983,98300041,1,0,0,0,0,1,0,-116292174,0,-32768,-536870912,-536870912,-1610612711,-1610612711,0,0
984,98400041,1,0,0,0,0,1,0,-116292174,0,-32768,-536870912,-536870912,-1610612711,-1610612711,0,0
985,98500041,1,0,0,0,0,1,0,-116292174,0,-32768,-536870912,-536870912,-1610612711,-1610612711,0,0
986,98600041,1,0,0,0,0,1,0,-116292174,0,-32768,-536870912,-536870912,-1610612711,-1610612711,0,0
987,98700041,1,0,0,0,0,1,0,-116292174,0,-32768,-536870912,-536870912,-1610612711,-1610612711,0,0
988,98800041,1,0,0,0,0,1,0,-116292174,0,-32768,-536870912,-536870912,-1610612711,-1610612711,0,0
989,98900041,1,0,0,1,0,1,1,-116292174,0,-32768,-536870912,-536870912,-1610612711,-1610612711,0,0
990,99000041,1,0,0,0,0,1,0,-116292174,0,-32768,-536870912,-536870912,-1610612711,-1610612711,0,0
991,99100041,1,0,0,0,0,1,0,-116292174,0,-32768,-536870912,-536870912,-1610612711,-1610612711,0,0
992,99200041,1,0,0,0,0,1,0,-116292174,0,-32768,-536870912,-536870912,-1610612711,-1610612711,0,0
993,99300041,1,0,0,0,0,1,0,-116292174,0,-32768,-536870912,-536870912,-1610612711,-1610612711,0,0
994,99400041,1,0,0,0,0,1,0,-116292174,0,-32768,-536870912,-536870912,-1610612711,-1610612711,0,0
995,99500041,1,0,0,0,0,1,0,-116292174,0,-32768,-536870912,-536870912,-1610612711,-1610612711,0,0
996,99600041,1,0,0,0,0,1,0,-116292174,0,-32768,-536870912,-536870912,-1610612711,-1610612711,0,0
997,99700041,1,0,0,0,0,1,0,-116292174,0,-32768,-536870912,-536870912,-1610612711,-1610612711,0,0
998,99800041,1,0,0,0,0,1,0,-116292174,0,-32768,-536870912,-536870912,-1610612711,-1610612711,0,0
999,99900041,1,0,0,1,0,1,1,-116292174,0,-32768,-536870912,-536870912,-1610612711,-1610612711,0,0
1000,100000041,1,0,0,0,0,1,0,-116292174,0,-32768,-536870912,-536870912,-1610612711,-1610612711,0,0
1001,100100041,1,0,0,0,0,1,0,-116292174,0,-32768,-536870912,-536870912,-1610612711,-1610612711,0,0
1002,100200041,1,0,0,0,0,1,0,-116292174,0,-32768,-536870912,-536870912,-1610612711,-1610612711,0,0
1003,100300041,1,0,0,0,0,1,0,-116292174,0,-32768,-536870912,-536870912,-1610612711,-1610612711,0,0
1004,100400041,1,0,0,0,0,1,0,-116292174,0,-32768,-536870912,-536870912,-1610612711,-1610612711,0,0
1005,100500041,1,0,0,0,0,1,0,-116292174,0,-32768,-536870912,-536870912,-1610612711,-1610612711,0,0
1006,100600041,1,0,0,0,0,1,0,-116292174,0,-32768,-536870912,-536870912,-1610612711,-1610612711,0,0
1007,100700041,1,0,0,0,0,1,0,-116292174,0,-32768,-536870912,-536870912,-1610612711,-1610612711,0,0
1008,100800041,1,0,0,0,0,1,0,-116292174,0,-32768,-536870912,-536870912,-1610612711,-1610612711,0,0
1009,100900041,1,0,0,1,0,1,1,-116292174,0,-32768,-536870912,-536870912,-1610612711,-1610612711,0,0
1010,101000041,1,0,0,0,0,1,0,-116292174,0,-32768,-536870912,-536870912,-1610612711,-1610612711,0,0
1011,101100041,1,0,0,0,0,1,0,-116292174,0,-32768,-536870912,-536870912,-1610612711,-1610612711,0,0
1012,101200041,1,0,0,0,0,1,0,-116292174,0,-32768,-536870912,-536870912,-1610612711,-1610612711,0,0
1013,101300041,1,0,0,0,0,1,0,-116292174,0,-32768,-536870912,-536870912,-1610612711,-1610612711,0,0
1014,101400041,1,0,0,0,0,1,0,-116292174,0,-32768,-536870912,-536870912,-1610612711,-1610612711,0,0
1015,101500041,1,0,0,0,0,1,0,-116292174,0,-32768,-536870912,-536870912,-1610612711,-1610612711,0,0
1016,101600041,1,0,0,0,0,1,0,-116292174,0,-32768,-536870912,-536870912,-1610612711,-1610612711,0,0
1017,101700041,1,0,0,0,0,1,0,-116292174,0,-32768,-536870912,-536870912,-1610612711,-1610612711,0,0
1018,101800041,1,0,0,0,0,1,0,-116292174,0,-32768,-536870912,-536870912,-1610612711,-1610612711,0,0
1019,101900041,1,0,0,1,0,1,1,-116292174,0,-32768,-536870912,-536870912,-1610612711,-1610612711,0,0
1020,102000041,1,0,0,0,0,1,0,-116292174,0,-32768,-536870912,-536870912,-1610612711,-1610612711,0,0
1021,102100041,1,0,0,0,0,1,0,-116292174,0,-32768,-536870912,-536870912,-1610612711,-1610612711,0,0
1022,102200041,1,0,0,0,0,1,0,-116292174,0,-32768,-536870912,-536870912,-1610612711,-1610612711,0,0
1023,102300041,1,0,0,0,0,1,0,-116292174,0,-32768,-536870912,-536870912,-1610612711,-1610612711,0,0
1024,102400041,1,0,0,0,0,1,0,-116292174,0,-32768,-536870912,-536870912,-1610612711,-1610612711,0,0
1025,102500041,1,0,0,0,0,1,0,-116292174,0,-32768,-536870912,-536870912,-1610612711,-1610612711,0,0
1026,102600041,1,0,0,0,0,1,0,-116292174,0,-32768,-536870912,-536870912,-1610612711,-1610612711,0,0
1027,102700041,1,0,0,0,0,1,0,-116292174,0,-32768,-536870912,-536870912,-1610612711,-1610612711,0,0
1028,102800041,1,0,0,0,0,1,0,-116292174,0,-32768,-536870912,-536870912,-1610612711,-1610612711,0,0
1029,102900041,1,0,0,1,0,1,1,-116292174,0,-32768,-536870912,-536870912,-1610612711,-1610612711,0,0
1030,103000041,1,0,0,0,0,1,0,-116292174,0,-32768,-536870912,-536870912,-1610612711,-1610612711,0,0
1031,103100041,1,0,0,0,0,1,0,-116292174,0,-32768,-536870912,-536870912,-1610612711,-1610612711,0,0
1032,103200041,1,0,0,0,0,1,0,-116292174,0,-32768,-536870912,-536870912,-1610612711,-1610612711,0,0
1033,103300041,1,0,0,0,0,1,0,-116292174,0,-32768,-536870912,-536870912,-1610612711,-1610612711,0,0
1034,103400041,1,0,0,0,0,1,0,-116292174,0,-32768,-536870912,-536870912,-1610612711,-1610612711,0,0
1035,103500041,1,0,0,0,0,1,0,-116292174,0,-32768,-536870912,-536870912,-1610612711,-1610612711,0,0
1036,103600041,1,0,0,0,0,1,0,-116292174,0,-32768,-536870912,-536870912,-1610612711,-1610612711,0,0
1037,103700041,1,0,0,0,0,1,0,-116292174,0,-32768,-536870912,-536870912,-1610612711,-1610612711,0,0
1038,103800041,1,0,0,0,0,1,0,-116292174,0,-32768,-536870912,-536870912,-1610612711,-1610612711,0,0
1039,103900041,1,0,0,1,0,1,1,-116292174,0,-32768,-536870912,-536870912,-1610612711,-1610612711,0,0
1040,104000041,1,0,0,0,0,1,0,-116292174,0,-32768,-536870912,-536870912,-1610612711,-1610612711,0,0
1041,104100041,1,0,0,0,0,1,0,-116292174,0,-32768,-536870912,-536870912,-1610612711,-1610612711,0,0
1042,104200041,1,0,0,0,0,1,0,-116292174,0,-32768,-536870912,-536870912,-1610612711,-1610612711,0,0
1043,104300041,1,0,0,0,0,1,0,-116292174,0,-32768,-536870912,-536870912,-1610612711,-1610612711,0,0
1044,104400041,1,0,0,0,0,1,0,-116292174,0,-32768,-536870912,-536870912,-1610612711,-1610612711,0,0
1045,104500041,1,0,0,0,0,1,0,-116292174,0,-32768,-536870912,-536870912,-1610612711,-1610612711,0,0
1046,104600041,1,0,0,0,0,1,0,-116292174,0,-32768,-536870912,-536870912,-1610612711,-1610612711,0,0
1047,104700041,1,0,0,0,0,1,0,-116292174,0,-32768,-536870912,-536870912,-1610612711,-1610612711,0,0
1048,104800041,1,0,0,0,0,1,0,-116292174,0,-32768,-536870912,-536870912,-1610612711,-1610612711,0,0
1049,104900041,1,0,0,1,0,1,1,-116292174,0,-32768,-536870912,-536870912,-1610612711,-1610612711,0,0
1050,105000041,1,0,0,0,0,1,0,-116292174,0,-32768,-536870912,-536870912,-1610612711,-1610612711,0,0
1051,105100041,1,0,0,0,0,1,0,-116292174,0,-32768,-536870912,-536870912,-1610612711,-1610612711,0,0
1052,105200041,1,0,0,0,0,1,0,-116292174,0,-32768,-536870912,-536870912,-1610612711,-1610612711,0,0
1053,105300041,1,0,0,0,0,1,0,-116292174,0,-32768,-536870912,-536870912,-1610612711,-1610612711,0,0
1054,105400041,1,0,0,0,0,1,0,-116292174,0,-32768,-536870912,-536870912,-1610612711,-1610612711,0,0
1055,105500041,1,0,0,0,0,1,0,-116292174,0,-32768,-536870912,-536870912,-1610612711,-1610612711,0,0
1056,105600041,1,0,0,0,0,1,0,-116292174,0,-32768,-536870912,-536870912,-1610612711,-1610612711,0,0
1057,105700041,1,0,0,0,0,1,0,-116292174,0,-32768,-536870912,-536870912,-1610612711,-1610612711,0,0
1058,105800041,1,0,0,0,0,1,0,-116292174,0,-32768,-536870912,-536870912,-1610612711,-1610612711,0,0
1059,105900041,1,0,0,1,0,1,1,-116292174,0,-32768,-536870912,-536870912,-1610612711,-1610612711,0,0
1060,106000041,1,0,0,0,0,1,0,-116292174,0,-32768,-536870912,-536870912,-1610612711,-1610612711,0,0
1061,106100041,1,0,0,0,0,1,0,-116292174,0,-32768,-536870912,-536870912,-1610612711,-1610612711,0,0
1062,106200041,1,0,0,0,0,1,0,-116292174,0,-32768,-536870912,-536870912,-1610612711,-1610612711,0,0
1063,106300041,1,0,0,0,0,1,0,-116292174,0,-32768,-536870912,-536870912,-1610612711,-1610612711,0,0
1064,106400041,1,0,0,0,0,1,0,-116292174,0,-32768,-536870912,-536870912,-1610612711,-1610612711,0,0
1065,106500041,1,0,0,0,0,1,0,-116292174,0,-32768,-536870912,-536870912,-1610612711,-1610612711,0,0
1066,106600041,1,0,0,0,0,1,0,-116292174,0,-32768,-536870912,-536870912,-1610612711,-1610612711,0,0
1067,106700041,1,0,0,0,0,1,0,-116292174,0,-32768,-536870912,-536870912,-1610612711,-1610612711,0,0
1068,106800041,1,0,0,0,0,1,0,-116292174,0,-32768,-536870912,-536870912,-1610612711,-1610612711,0,0
1069,106900041,1,0,0,1,0,1,1,-116292174,0,-32768,-536870912,-536870912,-1610612711,-1610612711,0,0
1070,107000041,1,0,0,0,0,1,0,-116292174,0,-32768,-536870912,-536870912,-1610612711,-1610612711,0,0
1071,107100041,1,0,0,0,0,1,0,-116292174,0,-32768,-536870912,-536870912,-1610612711,-1610612711,0,0
1072,107200041,1,0,0,0,0,1,0,-116292174,0,-32768,-536870912,-536870912,-1610612711,-1610612711,0,0
1073,107300041,1,0,0,0,0,1,0,-116292174,0,-32768,-536870912,-536870912,-1610612711,-1610612711,0,0
1074,107400041,1,0,0,0,0,1,0,-116292174,0,-32768,-536870912,-536870912,-1610612711,-1610612711,0,0
1075,107500041,1,0,0,0,0,1,0,-116292174,0,-32768,-536870912,-536870912,-1610612711,-1610612711,0,0
1076,107600041,1,0,0,0,0,1,0,-116292174,0,-32768,-536870912,-536870912,-1610612711,-1610612711,0,0
1077,107700041,1,0,0,0,0,1,0,-116292174,0,-32768,-536870912,-536870912,-1610612711,-1610612711,0,0
1078,107800041,1,0,0,0,0,1,0,-116292174,0,-32768,-536870912,-536870912,-1610612711,-1610612711,0,0
1079,107900041,1,0,0,1,0,1,1,-116292174,0,-32768,-536870912,-536870912,-1610612711,-1610612711,0,0
1080,108000041,1,0,0,0,0,1,0,-116292174,0,-32768,-536870912,-536870912,-1610612711,-1610612711,0,0
1081,108100041,1,0,0,0,0,1,0,-116292174,0,-32768,-536870912,-536870912,-1610612711,-1610612711,0,0
1082,108200041,1,0,0,0,0,1,0,-116292174,0,-32768,-536870912,-536870912,-1610612711,-1610612711,0,0
1083,108300041,1,0,0,0,0,1,0,-116292174,0,-32768,-536870912,-536870912,-1610612711,-1610612711,0,0
1084,108400041,1,0,0,0,0,1,0,-116292174,0,-32768,-536870912,-536870912,-1610612711,-1610612711,0,0
1085,108500041,1,0,0,0,0,1,0,-116292174,0,-32768,-536870912,-536870912,-1610612711,-1610612711,0,0
1086,108600041,1,0,0,0,0,1,0,-116292174,0,-32768,-536870912,-536870912,-1610612711,-1610612711,0,0
1087,108700041,1,0,0,0,0,1,0,-116292174,0,-32768,-536870912,-536870912,-1610612711,-1610612711,0,0
1088,108800041,1,0,0,0,0,1,0,-116292174,0,-32768,-536870912,-536870912,-1610612711,-1610612711,0,0
1089,108900041,1,0,0,1,0,1,1,-116292174,0,-32768,-536870912,-536870912,-1610612711,-1610612711,0,0
1090,109000041,1,0,0,0,0,1,0,-116292174,0,-32768,-536870912,-536870912,-1610612711,-1610612711,0,0
1091,109100041,1,0,0,0,0,1,0,-116292174,0,-32768,-536870912,-536870912,-1610612711,-1610612711,0,0
1092,109200041,1,0,0,0,0,1,0,-116292174,0,-32768,-536870912,-536870912,-1610612711,-1610612711,0,0
1093,109300041,1,0,0,0,0,1,0,-116292174,0,-32768,-536870912,-536870912,-1610612711,-1610612711,0,0
1094,109400041,1,0,0,0,0,1,0,-116292174,0,-32768,-536870912,-536870912,-1610612711,-1610612711,0,0
1095,109500041,1,0,0,0,0,1,0,-116292174,0,-32768,-536870912,-536870912,-1610612711,-1610612711,0,0
1096,109600041,1,0,0,0,0,1,0,-116292174,0,-32768,-536870912,-536870912,-1610612711,-1610612711,0,0
1097,109700041,1,0,0,0,0,1,0,-116292174,0,-32768,-536870912,-536870912,-1610612711,-1610612711,0,0
1098,109800041,1,0,0,0,0,1,0,-116292174,0,-32768,-536870912,-536870912,-1610612711,-1610612711,0,0
1099,109900041,1,0,0,1,0,1,1,-116292174,0,-32768,-536870912,-536870912,-1610612711,-1610612711,0,0
1100,110000041,1,0,0,0,0,1,0,-116292174,0,-32768,-536870912,-536870912,-1610612711,-1610612711,0,0
1101,110100041,1,0,0,0,0,1,0,-116292174,0,-32768,-536870912,-536870912,-1610612711,-1610612711,0,0
1102,110200041,1,0,0,0,0,1,0,-116292174,0,-32768,-536870912,-536870912,-1610612711,-1610612711,0,0
1103,110300041,1,0,0,0,0,1,0,-116292174,0,-32768,-536870912,-536870912,-1610612711,-1610612711,0,0
1104,110400041,1,0,0,0,0,1,0,-116292174,0,-32768,-536870912,-536870912,-1610612711,-1610612711,0,0
1105,110500041,1,0,0,0,0,1,0,-116292174,0,-32768,-536870912,-536870912,-1610612711,-1610612711,0,0
1106,110600041,1,0,0,0,0,1,0,-116292174,0,-32768,-536870912,-536870912,-1610612711,-1610612711,0,0
1107,110700041,1,0,0,0,0,1,0,-116292174,0,-32768,-536870912,-536870912,-1610612711,-1610612711,0,0
1108,110800041,1,0,0,0,0,1,0,-116292174,0,-32768,-536870912,-536870912,-1610612711,-1610612711,0,0
1109,110900041,1,0,0,1,0,1,1,-116292174,0,-32768,-536870912,-536870912,-1610612711,-1610612711,0,0
1110,111000041,1,0,0,0,0,1,0,-116292174,0,-32768,-536870912,-536870912,-1610612711,-1610612711,0,0
1111,111100041,1,0,0,0,0,1,0,-116292174,0,-32768,-536870912,-536870912,-1610612711,-1610612711,0,0
1112,111200041,1,0,0,0,0,1,0,-116292174,0,-32768,-536870912,-536870912,-1610612711,-1610612711,0,0
1113,111300041,1,0,0,0,0,1,0,-116292174,0,-32768,-536870912,-536870912,-1610612711,-1610612711,0,0
1114,111400041,1,0,0,0,0,1,0,-116292174,0,-32768,-536870912,-536870912,-1610612711,-1610612711,0,0
1115,111500041,1,0,0,0,0,1,0,-116292174,0,-32768,-536870912,-536870912,-1610612711,-1610612711,0,0
1116,111600041,1,0,0,0,0,1,0,-116292174,0,-32768,-536870912,-536870912,-1610612711,-1610612711,0,0
1117,111700041,1,0,0,0,0,1,0,-116292174,0,-32768,-536870912,-536870912,-1610612711,-1610612711,0,0
1118,111800041,1,0,0,0,0,1,0,-116292174,0,-32768,-536870912,-536870912,-1610612711,-1610612711,0,0
1119,111900041,1,0,0,1,0,1,1,-116292174,0,-32768,-536870912,-536870912,-1610612711,-1610612711,0,0
1120,112000041,1,0,0,0,0,1,0,-116292174,0,-32768,-536870912,-536870912,-1610612711,-1610612711,0,0
1121,112100041,1,0,0,0,0,1,0,-116292174,0,-32768,-536870912,-536870912,-1610612711,-1610612711,0,0
1122,112200041,1,0,0,0,0,1,0,-116292174,0,-32768,-536870912,-536870912,-1610612711,-1610612711,0,0
1123,112300041,1,0,0,0,0,1,0,-116292174,0,-32768,-536870912,-536870912,-1610612711,-1610612711,0,0
1124,112400041,1,0,0,0,0,1,0,-116292174,0,-32768,-536870912,-536870912,-1610612711,-1610612711,0,0
1125,112500041,1,0,0,0,0,1,0,-116292174,0,-32768,-536870912,-536870912,-1610612711,-1610612711,0,0
1126,112600041,1,0,0,0,0,1,0,-116292174,0,-32768,-536870912,-536870912,-1610612711,-1610612711,0,0
1127,112700041,1,0,0,0,0,1,0,-116292174,0,-32768,-536870912,-536870912,-1610612711,-1610612711,0,0
1128,112800041,1,0,0,0,0,1,0,-116292174,0,-32768,-536870912,-536870912,-1610612711,-1610612711,0,0
1129,112900041,1,0,0,1,0,1,1,-116292174,0,-32768,-536870912,-536870912,-1610612711,-1610612711,0,0
1130,113000041,1,0,0,0,0,1,0,-116292174,0,-32768,-536870912,-536870912,-1610612711,-1610612711,0,0
1131,113100041,1,0,0,0,0,1,0,-116292174,0,-32768,-536870912,-536870912,-1610612711,-1610612711,0,0
1132,113200041,1,0,0,0,0,1,0,-116292174,0,-32768,-536870912,-536870912,-1610612711,-1610612711,0,0
1133,113300041,1,0,0,0,0,1,0,-116292174,0,-32768,-536870912,-536870912,-1610612711,-1610612711,0,0
1134,113400041,1,0,0,0,0,1,0,-116292174,0,-32768,-536870912,-536870912,-1610612711,-1610612711,0,0
1135,113500041,1,0,0,0,0,1,0,-116292174,0,-32768,-536870912,-536870912,-1610612711,-1610612711,0,0
1136,113600041,1,0,0,0,0,1,0,-116292174,0,-32768,-536870912,-536870912,-1610612711,-1610612711,0,0
1137,113700041,1,0,0,0,0,1,0,-116292174,0,-32768,-536870912,-536870912,-1610612711,-1610612711,0,0
1138,113800041,1,0,0,0,0,1,0,-116292174,0,-32768,-536870912,-536870912,-1610612711,-1610612711,0,0
1139,113900041,1,0,0,1,0,1,1,-116292174,0,-32768,-536870912,-536870912,-1610612711,-1610612711,0,0
1140,114000041,1,0,0,0,0,1,0,-116292174,0,-32768,-536870912,-536870912,-1610612711,-1610612711,0,0
1141,114100041,1,0,0,0,0,1,0,-116292174,0,-32768,-536870912,-536870912,-1610612711,-1610612711,0,0
1142,114200041,1,0,0,0,0,1,0,-116292174,0,-32768,-536870912,-536870912,-1610612711,-1610612711,0,0
1143,114300041,1,0,0,0,0,1,0,-116292174,0,-32768,-536870912,-536870912,-1610612711,-1610612711,0,0
1144,114400041,1,0,0,0,0,1,0,-116292174,0,-32768,-536870912,-536870912,-1610612711,-1610612711,0,0
1145,114500041,1,0,0,0,0,1,0,-116292174,0,-32768,-536870912,-536870912,-1610612711,-1610612711,0,0
1146,114600041,1,0,0,0,0,1,0,-116292174,0,-32768,-536870912,-536870912,-1610612711,-1610612711,0,0
1147,114700041,1,0,0,0,0,1,0,-116292174,0,-32768,-536870912,-536870912,-1610612711,-1610612711,0,0
1148,114800041,1,0,0,0,0,1,0,-116292174,0,-32768,-536870912,-536870912,-1610612711,-1610612711,0,0
1149,114900041,1,0,0,1,0,1,1,-116292174,0,-32768,-536870912,-536870912,-1610612711,-1610612711,0,0
1150,115000041,1,0,0,0,0,1,0,-116292174,0,-32768,-536870912,-536870912,-1610612711,-1610612711,0,0
1151,115100041,1,0,0,0,0,1,0,-116292174,0,-32768,-536870912,-536870912,-1610612711,-1610612711,0,0
1152,115200041,1,0,0,0,0,1,0,-116292174,0,-32768,-536870912,-536870912,-1610612711,-1610612711,0,0
1153,115300041,1,0,0,0,0,1,0,-116292174,0,-32768,-536870912,-536870912,-1610612711,-1610612711,0,0
1154,115400041,1,0,0,0,0,1,0,-116292174,0,-32768,-536870912,-536870912,-1610612711,-1610612711,0,0
1155,115500041,1,0,0,0,0,1,0,-116292174,0,-32768,-536870912,-536870912,-1610612711,-1610612711,0,0
1156,115600041,1,0,0,0,0,1,0,-116292174,0,-32768,-536870912,-536870912,-1610612711,-1610612711,0,0
1157,115700041,1,0,0,0,0,1,0,-116292174,0,-32768,-536870912,-536870912,-1610612711,-1610612711,0,0
1158,115800041,1,0,0,0,0,1,0,-116292174,0,-32768,-536870912,-536870912,-1610612711,-1610612711,0,0
1159,115900041,1,0,0,1,0,1,1,-116292174,0,-32768,-536870912,-536870912,-1610612711,-1610612711,0,0
1160,116000041,1,0,0,0,0,1,0,-116292174,0,-32768,-536870912,-536870912,-1610612711,-1610612711,0,0
1161,116100041,1,0,0,0,0,1,0,-116292174,0,-32768,-536870912,-536870912,-1610612711,-1610612711,0,0
1162,116200041,1,0,0,0,0,1,0,-116292174,0,-32768,-536870912,-536870912,-1610612711,-1610612711,0,0
1163,116300041,1,0,0,0,0,1,0,-116292174,0,-32768,-536870912,-536870912,-1610612711,-1610612711,0,0
1164,116400041,1,0,0,0,0,1,0,-116292174,0,-32768,-536870912,-536870912,-1610612711,-1610612711,0,0
1165,116500041,1,0,0,0,0,1,0,-116292174,0,-32768,-536870912,-536870912,-1610612711,-1610612711,0,0
1166,116600041,1,0,0,0,0,1,0,-116292174,0,-32768,-536870912,-536870912,-1610612711,-1610612711,0,0
1167,116700041,1,0,0,0,0,1,0,-116292174,0,-32768,-536870912,-536870912,-1610612711,-1610612711,0,0
1168,116800041,1,0,0,0,0,1,0,-116292174,0,-32768,-536870912,-536870912,-1610612711,-1610612711,0,0
1169,116900041,1,0,0,1,0,1,1,-116292174,0,-32768,-536870912,-536870912,-1610612711,-1610612711,0,0
1170,117000041,1,0,0,0,0,1,0,-116292174,0,-32768,-536870912,-536870912,-1610612711,-1610612711,0,0
1171,117100041,1,0,0,0,0,1,0,-116292174,0,-32768,-536870912,-536870912,-1610612711,-1610612711,0,0
1172,117200041,1,0,0,0,0,1,0,-116292174,0,-32768,-536870912,-536870912,-1610612711,-1610612711,0,0
1173,117300041,1,0,0,0,0,1,0,-116292174,0,-32768,-536870912,-536870912,-1610612711,-1610612711,0,0
1174,117400041,1,0,0,0,0,1,0,-116292174,0,-32768,-536870912,-536870912,-1610612711,-1610612711,0,0
1175,117500041,1,0,0,0,0,1,0,-116292174,0,-32768,-536870912,-536870912,-1610612711,-1610612711,0,0
1176,117600041,1,0,0,0,0,1,0,-116292174,0,-32768,-536870912,-536870912,-1610612711,-1610612711,0,0
1177,117700041,1,0,0,0,0,1,0,-116292174,0,-32768,-536870912,-536870912,-1610612711,-1610612711,0,0
1178,117800041,1,0,0,0,0,1,0,-116292174,0,-32768,-536870912,-536870912,-1610612711,-1610612711,0,0
1179,117900041,1,0,0,1,0,1,1,-116292174,0,-32768,-536870912,-536870912,-1610612711,-1610612711,0,0
1180,118000041,1,0,0,0,0,1,0,116292174,0,-32768,-536870912,-536870912,-1610612711,-1610612711,0,0
1181,118100041,1,0,0,0,0,1,0,116292174,0,-32768,-536870912,-536870912,-1610612711,-1610612711,0,0
1182,118200041,1,0,0,0,0,1,0,116292174,0,-32768,-536870912,-536870912,-1610612711,-1610612711,0,0
1183,118300041,1,0,0,0,0,1,0,116292174,0,-32768,-536870912,-536870912,-1610612711,-1610612711,0,0
1184,118400041,1,0,0,0,0,1,0,116292174,0,-32768,-536870912,-536870912,-1610612711,-1610612711,0,0
1185,118500041,1,0,0,0,0,1,0,116292174,0,-32768,-536870912,-536870912,-1610612711,-1610612711,0,0
1186,118600041,1,0,0,0,0,1,0,116292174,0,-32768,-536870912,-536870912,-1610612711,-1610612711,0,0
1187,118700041,1,0,0,0,0,1,0,116292174,0,-32768,-536870912,-536870912,-1610612711,-1610612711,0,0
1188,118800041,1,0,0,0,0,1,0,116292174,0,-32768,-536870912,-536870912,-1610612711,-1610612711,0,0
1189,118900041,1,0,0,1,0,1,1,116292174,0,32768,-536870912,-236223170,-1610612711,536870887,0,0
1190,119000041,1,0,0,0,0,1,0,116292174,0,32768,-536870912,-236223170,-1610612711,536870887,0,0
1191,119100041,1,0,0,0,0,1,0,116292174,0,32768,-536870912,-236223170,-1610612711,536870887,0,0
1192,119200041,1,0,0,0,0,1,0,116292174,0,32768,-536870912,-236223170,-1610612711,536870887,0,0
1193,119300041,1,0,0,0,0,1,0,116292174,0,32768,-536870912,-236223170,-1610612711,536870887,0,0
1194,119400041,1,0,0,0,0,1,0,116292174,0,32768,-536870912,-236223170,-1610612711,536870887,0,0
1195,119500041,1,0,0,0,0,1,0,116292174,0,32768,-536870912,-236223170,-1610612711,536870887,0,0
1196,119600041,1,0,0,0,0,1,0,116292174,0,32768,-536870912,-236223170,-1610612711,536870887,0,0
1197,119700041,1,0,0,0,0,1,0,116292174,0,32768,-536870912,-236223170,-1610612711,536870887,0,0
1198,119800041,1,0,0,0,0,1,0,116292174,0,32768,-536870912,-236223170,-1610612711,536870887,0,0
1199,119900041,1,0,0,1,0,1,1,116292174,0,32768,-236223170,-107374116,536870887,837518629,0,0
1200,120000041,1,0,0,0,0,1,0,116292174,0,32768,-236223170,-107374116,536870887,837518629,0,0
1201,120100041,1,0,0,0,0,1,0,116292174,0,32768,-236223170,-107374116,536870887,837518629,0,0
1202,120200041,1,0,0,0,0,1,0,116292174,0,32768,-236223170,-107374116,536870887,837518629,0,0
1203,120300041,1,0,0,0,0,1,0,116292174,0,32768,-236223170,-107374116,536870887,837518629,0,0
1204,120400041,1,0,0,0,0,1,0,116292174,0,32768,-236223170,-107374116,536870887,837518629,0,0
1205,120500041,1,0,0,0,0,1,0,116292174,0,32768,-236223170,-107374116,536870887,837518629,0,0
1206,120600041,1,0,0,0,0,1,0,116292174,0,32768,-236223170,-107374116,536870887,837518629,0,0
1207,120700041,1,0,0,0,0,1,0,116292174,0,32768,-236223170,-107374116,536870887,837518629,0,0
1208,120800041,1,0,0,0,0,1,0,116292174,0,32768,-236223170,-107374116,536870887,837518629,0,0
1209,120900041,1,0,0,1,0,1,1,116292174,0,32768,-107374116,-2576881,837518629,966367683,0,0
1210,121000041,1,0,0,0,0,1,0,116292174,0,32768,-107374116,-2576881,837518629,966367683,0,0
1211,121100041,1,0,0,0,0,1,0,116292174,0,32768,-107374116,-2576881,837518629,966367683,0,0
1212,121200041,1,0,0,0,0,1,0,116292174,0,32768,-107374116,-2576881,837518629,966367683,0,0
1213,121300041,1,0,0,0,0,1,0,116292174,0,32768,-107374116,-2576881,837518629,966367683,0,0
1214,121400041,1,0,0,0,0,1,0,116292174,0,32768,-107374116,-2576881,837518629,966367683,0,0
1215,121500041,1,0,0,0,0,1,0,116292174,0,32768,-107374116,-2576881,837518629,966367683,0,0
1216,121600041,1,0,0,0,0,1,0,116292174,0,32768,-107374116,-2576881,837518629,966367683,0,0
1217,121700041,1,0,0,0,0,1,0,116292174,0,32768,-107374116,-2576881,837518629,966367683,0,0
1218,121800041,1,0,0,0,0,1,0,116292174,0,32768,-107374116,-2576881,837518629,966367683,0,0
1219,121900041,1,0,0,1,0,1,1,116292174,0,32768,-2576881,91912429,966367683,1071164918,0,0
1220,122000041,1,0,0,0,0,1,0,116292174,0,32768,-2576881,91912429,966367683,1071164918,0,0
1221,122100041,1,0,0,0,0,1,0,116292174,0,32768,-2576881,91912429,966367683,1071164918,0,0
1222,122200041,1,0,0,0,0,1,0,116292174,0,32768,-2576881,91912429,966367683,1071164918,0,0
1223,122300041,1,0,0,0,0,1,0,116292174,0,32768,-2576881,91912429,966367683,1071164918,0,0
1224,122400041,1,0,0,0,0,1,0,116292174,0,32768,-2576881,91912429,966367683,1071164918,0,0
1225,122500041,1,0,0,0,0,1,0,116292174,0,32768,-2576881,91912429,966367683,1071164918,0,0
1226,122600041,1,0,0,0,0,1,0,116292174,0,32768,-2576881,91912429,966367683,1071164918,0,0
1227,122700041,1,0,0,0,0,1,0,116292174,0,32768,-2576881,91912429,966367683,1071164918,0,0
1228,122800041,1,0,0,0,0,1,0,116292174,0,32768,-2576881,91912429,966367683,1071164918,0,0
1229,122900041,1,0,0,1,0,1,1,116292174,0,32768,91912429,178017960,1071164918,1165654228,0,0
1230,123000041,1,0,0,0,0,1,0,116292174,0,32768,91912429,178017960,1071164918,1165654228,0,0
1231,123100041,1,0,0,0,0,1,0,116292174,0,32768,91912429,178017960,1071164918,1165654228,0,0
1232,123200041,1,0,0,0,0,1,0,116292174,0,32768,91912429,178017960,1071164918,1165654228,0,0
1233,123300041,1,0,0,0,0,1,0,116292174,0,32768,91912429,178017960,1071164918,1165654228,0,0
1234,123400041,1,0,0,0,0,1,0,116292174,0,32768,91912429,178017960,1071164918,1165654228,0,0
1235,123500041,1,0,0,0,0,1,0,116292174,0,32768,91912429,178017960,1071164918,1165654228,0,0
1236,123600041,1,0,0,0,0,1,0,116292174,0,32768,91912429,178017960,1071164918,1165654228,0,0
1237,123700041,1,0,0,0,0,1,0,116292174,0,32768,91912429,178017960,1071164918,1165654228,0,0
1238,123800041,1,0,0,0,0,1,0,116292174,0,32768,91912429,178017960,1071164918,1165654228,0,0
1239,123900041,1,0,0,1,0,1,1,116292174,0,32768,178017960,256564347,1165654228,1251759759,0,0
1240,124000041,1,0,0,0,0,1,0,116292174,0,32768,178017960,256564347,1165654228,1251759759,0,0
1241,124100041,1,0,0,0,0,1,0,116292174,0,32768,178017960,256564347,1165654228,1251759759,0,0
1242,124200041,1,0,0,0,0,1,0,116292174,0,32768,178017960,256564347,1165654228,1251759759,0,0
1243,124300041,1,0,0,0,0,1,0,116292174,0,32768,178017960,256564347,1165654228,1251759759,0,0
1244,124400041,1,0,0,0,0,1,0,116292174,0,32768,178017960,256564347,1165654228,1251759759,0,0
1245,124500041,1,0,0,0,0,1,0,116292174,0,32768,178017960,256564347,1165654228,1251759759,0,0
1246,124600041,1,0,0,0,0,1,0,116292174,0,32768,178017960,256564347,1165654228,1251759759,0,0
1247,124700041,1,0,0,0,0,1,0,116292174,0,32768,178017960,256564347,1165654228,1251759759,0,0
1248,124800041,1,0,0,0,0,1,0,116292174,0,32768,178017960,256564347,1165654228,1251759759,0,0
1249,124900041,1,0,0,1,0,1,1,116292174,0,32768,256564347,328222291,1251759759,1330306146,0,0
1250,125000041,1,0,0,0,0,1,0,116292174,0,32768,256564347,328222291,1251759759,1330306146,0,0
1251,125100041,1,0,0,0,0,1,0,116292174,0,32768,256564347,328222291,1251759759,1330306146,0,0
1252,125200041,1,0,0,0,0,1,0,116292174,0,32768,256564347,328222291,1251759759,1330306146,0,0
1253,125300041,1,0,0,0,0,1,0,116292174,0,32768,256564347,328222291,1251759759,1330306146,0,0
1254,125400041,1,0,0,0,0,1,0,116292174,0,32768,256564347,328222291,1251759759,1330306146,0,0
1255,125500041,1,0,0,0,0,1,0,116292174,0,32768,256564347,328222291,1251759759,1330306146,0,0
1256,125600041,1,0,0,0,0,1,0,116292174,0,32768,256564347,328222291,1251759759,1330306146,0,0
1257,125700041,1,0,0,0,0,1,0,116292174,0,32768,256564347,328222291,1251759759,1330306146,0,0
1258,125800041,1,0,0,0,0,1,0,116292174,0,32768,256564347,328222291,1251759759,1330306146,0,0
1259,125900041,1,0,0,1,0,1,1,116292174,0,32768,328222291,393596524,1330306146,1401964090,0,0
1260,126000041,1,0,0,0,0,1,0,116292174,0,32768,328222291,393596524,1330306146,1401964090,0,0
1261,126100041,1,0,0,0,0,1,0,116292174,0,32768,328222291,393596524,1330306146,1401964090,0,0
1262,126200041,1,0,0,0,0,1,0,116292174,0,32768,328222291,393596524,1330306146,1401964090,0,0
1263,126300041,1,0,0,0,0,1,0,116292174,0,32768,328222291,393596524,1330306146,1401964090,0,0
1264,126400041,1,0,0,0,0,1,0,116292174,0,32768,328222291,393596524,1330306146,1401964090,0,0
1265,126500041,1,0,0,0,0,1,0,116292174,0,32768,328222291,393596524,1330306146,1401964090,0,0
1266,126600041,1,0,0,0,0,1,0,116292174,0,32768,328222291,393596524,1330306146,1401964090,0,0
1267,126700041,1,0,0,0,0,1,0,116292174,0,32768,328222291,393596524,1330306146,1401964090,0,0
1268,126800041,1,0,0,0,0,1,0,116292174,0,32768,328222291,393596524,1330306146,1401964090,0,0
1269,126900041,1,0,0,1,0,1,1,116292174,0,32768,393596524,453238122,1401964090,1467338323,0,0
1270,127000041,1,0,0,0,0,1,0,116292174,0,32768,393596524,453238122,1401964090,1467338323,0,0
1271,127100041,1,0,0,0,0,1,0,116292174,0,32768,393596524,453238122,1401964090,1467338323,0,0
1272,127200041,1,0,0,0,0,1,0,116292174,0,32768,393596524,453238122,1401964090,1467338323,0,0
1273,127300041,1,0,0,0,0,1,0,116292174,0,32768,393596524,453238122,1401964090,1467338323,0,0
1274,127400041,1,0,0,0,0,1,0,116292174,0,32768,393596524,453238122,1401964090,1467338323,0,0
1275,127500041,1,0,0,0,0,1,0,116292174,0,32768,393596524,453238122,1401964090,1467338323,0,0
1276,127600041,1,0,0,0,0,1,0,116292174,0,32768,393596524,453238122,1401964090,1467338323,0,0
1277,127700041,1,0,0,0,0,1,0,116292174,0,32768,393596524,453238122,1401964090,1467338323,0,0
1278,127800041,1,0,0,0,0,1,0,116292174,0,32768,393596524,453238122,1401964090,1467338323,0,0
1279,127900041,1,0,0,1,0,1,1,116292174,0,32768,453238122,507649781,1467338323,1526979921,0,0
1280,128000041,1,0,0,0,0,1,0,116292174,0,32768,453238122,507649781,1467338323,1526979921,0,0
1281,128100041,1,0,0,0,0,1,0,116292174,0,32768,453238122,507649781,1467338323,1526979921,0,0
1282,128200041,1,0,0,0,0,1,0,116292174,0,32768,453238122,507649781,1467338323,1526979921,0,0
1283,128300041,1,0,0,0,0,1,0,116292174,0,32768,453238122,507649781,1467338323,1526979921,0,0
1284,128400041,1,0,0,0,0,1,0,116292174,0,32768,453238122,507649781,1467338323,1526979921,0,0
1285,128500041,1,0,0,0,0,1,0,116292174,0,32768,453238122,507649781,1467338323,1526979921,0,0
1286,128600041,1,0,0,0,0,1,0,116292174,0,32768,453238122,507649781,1467338323,1526979921,0,0
1287,128700041,1,0,0,0,0,1,0,116292174,0,32768,453238122,507649781,1467338323,1526979921,0,0
1288,128800041,1,0,0,0,0,1,0,116292174,0,32768,453238122,507649781,1467338323,1526979921,0,0
1289,128900041,1,0,0,1,0,1,1,116292174,0,32768,507649781,536870912,1526979921,1581391580,0,0
1290,129000041,1,0,0,0,0,1,0,116292174,0,32768,507649781,536870912,1526979921,1581391580,0,0
1291,129100041,1,0,0,0,0,1,0,116292174,0,32768,507649781,536870912,1526979921,1581391580,0,0
1292,129200041,1,0,0,0,0,1,0,116292174,0,32768,507649781,536870912,1526979921,1581391580,0,0
1293,129300041,1,0,0,0,0,1,0,116292174,0,32768,507649781,536870912,1526979921,1581391580,0,0
1294,129400041,1,0,0,0,0,1,0,116292174,0,32768,507649781,536870912,1526979921,1581391580,0,0
1295,129500041,1,0,0,0,0,1,0,116292174,0,32768,507649781,536870912,1526979921,1581391580,0,0
1296,129600041,1,0,0,0,0,1,0,116292174,0,32768,507649781,536870912,1526979921,1581391580,0,0
1297,129700041,1,0,0,0,0,1,0,116292174,0,32768,507649781,536870912,1526979921,1581391580,0,0
1298,129800041,1,0,0,0,0,1,0,116292174,0,32768,507649781,536870912,1526979921,1581391580,0,0
1299,129900041,1,0,0,1,0,1,1,116292174,0,32768,536870912,536870912,1581391580,1610612711,0,0
1300,130000041,1,0,0,0,0,1,0,116292174,0,32768,536870912,536870912,1581391580,1610612711,0,0
1301,130100041,1,0,0,0,0,1,0,116292174,0,32768,536870912,536870912,1581391580,1610612711,0,0
1302,130200041,1,0,0,0,0,1,0,116292174,0,32768,536870912,536870912,1581391580,1610612711,0,0
1303,130300041,1,0,0,0,0,1,0,116292174,0,32768,536870912,536870912,1581391580,1610612711,0,0
1304,130400041,1,0,0,0,0,1,0,116292174,0,32768,536870912,536870912,1581391580,1610612711,0,0
1305,130500041,1,0,0,0,0,1,0,116292174,0,32768,536870912,536870912,1581391580,1610612711,0,0
1306,130600041,1,0,0,0,0,1,0,116292174,0,32768,536870912,536870912,1581391580,1610612711,0,0
1307,130700041,1,0,0,0,0,1,0,116292174,0,32768,536870912,536870912,1581391580,1610612711,0,0
1308,130800041,1,0,0,0,0,1,0,116292174,0,32768,536870912,536870912,1581391580,1610612711,0,0
1309,130900041,1,0,0,1,0,1,1,116292174,0,32768,536870912,536870912,1610612711,1610612711,0,0
1310,131000041,1,0,0,0,0,1,0,116292174,0,32768,536870912,536870912,1610612711,1610612711,0,0
1311,131100041,1,0,0,0,0,1,0,116292174,0,32768,536870912,536870912,1610612711,1610612711,0,0
1312,131200041,1,0,0,0,0,1,0,116292174,0,32768,536870912,536870912,1610612711,1610612711,0,0
1313,131300041,1,0,0,0,0,1,0,116292174,0,32768,536870912,536870912,1610612711,1610612711,0,0
1314,131400041,1,0,0,0,0,1,0,116292174,0,32768,536870912,536870912,1610612711,1610612711,0,0
1315,131500041,1,0,0,0,0,1,0,116292174,0,32768,536870912,536870912,1610612711,1610612711,0,0
1316,131600041,1,0,0,0,0,1,0,116292174,0,32768,536870912,536870912,1610612711,1610612711,0,0
1317,131700041,1,0,0,0,0,1,0,116292174,0,32768,536870912,536870912,1610612711,1610612711,0,0
1318,131800041,1,0,0,0,0,1,0,116292174,0,32768,536870912,536870912,1610612711,1610612711,0,0
1319,131900041,1,0,0,1,0,1,1,116292174,0,32768,536870912,536870912,1610612711,1610612711,0,0
1320,132000041,1,0,0,0,0,1,0,116292174,0,32768,536870912,536870912,1610612711,1610612711,0,0
1321,132100041,1,0,0,0,0,1,0,116292174,0,32768,536870912,536870912,1610612711,1610612711,0,0
1322,132200041,1,0,0,0,0,1,0,116292174,0,32768,536870912,536870912,1610612711,1610612711,0,0
1323,132300041,1,0,0,0,0,1,0,116292174,0,32768,536870912,536870912,1610612711,1610612711,0,0
1324,132400041,1,0,0,0,0,1,0,116292174,0,32768,536870912,536870912,1610612711,1610612711,0,0
1325,132500041,1,0,0,0,0,1,0,116292174,0,32768,536870912,536870912,1610612711,1610612711,0,0
1326,132600041,1,0,0,0,0,1,0,116292174,0,32768,536870912,536870912,1610612711,1610612711,0,0
1327,132700041,1,0,0,0,0,1,0,116292174,0,32768,536870912,536870912,1610612711,1610612711,0,0
1328,132800041,1,0,0,0,0,1,0,116292174,0,32768,536870912,536870912,1610612711,1610612711,0,0
1329,132900041,1,0,0,1,0,1,1,116292174,0,32768,536870912,536870912,1610612711,1610612711,0,0
1330,133000041,1,0,0,0,0,1,0,116292174,0,32768,536870912,536870912,1610612711,1610612711,0,0
1331,133100041,1,0,0,0,0,1,0,116292174,0,32768,536870912,536870912,1610612711,1610612711,0,0
1332,133200041,1,0,0,0,0,1,0,116292174,0,32768,536870912,536870912,1610612711,1610612711,0,0
1333,133300041,1,0,0,0,0,1,0,116292174,0,32768,536870912,536870912,1610612711,1610612711,0,0
1334,133400041,1,0,0,0,0,1,0,116292174,0,32768,536870912,536870912,1610612711,1610612711,0,0
1335,133500041,1,0,0,0,0,1,0,116292174,0,32768,536870912,536870912,1610612711,1610612711,0,0
1336,133600041,1,0,0,0,0,1,0,116292174,0,32768,536870912,536870912,1610612711,1610612711,0,0
1337,133700041,1,0,0,0,0,1,0,116292174,0,32768,536870912,536870912,1610612711,1610612711,0,0
1338,133800041,1,0,0,0,0,1,0,116292174,0,32768,536870912,536870912,1610612711,1610612711,0,0
1339,133900041,1,0,0,1,0,1,1,116292174,0,32768,536870912,536870912,1610612711,1610612711,0,0
1340,134000041,1,0,0,0,0,1,0,116292174,0,32768,536870912,536870912,1610612711,1610612711,0,0
1341,134100041,1,0,0,0,0,1,0,116292174,0,32768,536870912,536870912,1610612711,1610612711,0,0
1342,134200041,1,0,0,0,0,1,0,116292174,0,32768,536870912,536870912,1610612711,1610612711,0,0
1343,134300041,1,0,0,0,0,1,0,116292174,0,32768,536870912,536870912,1610612711,1610612711,0,0
1344,134400041,1,0,0,0,0,1,0,116292174,0,32768,536870912,536870912,1610612711,1610612711,0,0
1345,134500041,1,0,0,0,0,1,0,116292174,0,32768,536870912,536870912,1610612711,1610612711,0,0
1346,134600041,1,0,0,0,0,1,0,116292174,0,32768,536870912,536870912,1610612711,1610612711,0,0
1347,134700041,1,0,0,0,0,1,0,116292174,0,32768,536870912,536870912,1610612711,1610612711,0,0
1348,134800041,1,0,0,0,0,1,0,116292174,0,32768,536870912,536870912,1610612711,1610612711,0,0
1349,134900041,1,0,0,1,0,1,1,116292174,0,32768,536870912,536870912,1610612711,1610612711,0,0
1350,135000041,1,0,0,0,0,1,0,116292174,0,32768,536870912,536870912,1610612711,1610612711,0,0
1351,135100041,1,0,0,0,0,1,0,116292174,0,32768,536870912,536870912,1610612711,1610612711,0,0
1352,135200041,1,0,0,0,0,1,0,116292174,0,32768,536870912,536870912,1610612711,1610612711,0,0
1353,135300041,1,0,0,0,0,1,0,116292174,0,32768,536870912,536870912,1610612711,1610612711,0,0
1354,135400041,1,0,0,0,0,1,0,116292174,0,32768,536870912,536870912,1610612711,1610612711,0,0
1355,135500041,1,0,0,0,0,1,0,116292174,0,32768,536870912,536870912,1610612711,1610612711,0,0
1356,135600041,1,0,0,0,0,1,0,116292174,0,32768,536870912,536870912,1610612711,1610612711,0,0
1357,135700041,1,0,0,0,0,1,0,116292174,0,32768,536870912,536870912,1610612711,1610612711,0,0
1358,135800041,1,0,0,0,0,1,0,116292174,0,32768,536870912,536870912,1610612711,1610612711,0,0
1359,135900041,1,0,0,1,0,1,1,116292174,0,32768,536870912,536870912,1610612711,1610612711,0,0
1360,136000041,1,0,0,0,0,1,0,116292174,0,32768,536870912,536870912,1610612711,1610612711,0,0
1361,136100041,1,0,0,0,0,1,0,116292174,0,32768,536870912,536870912,1610612711,1610612711,0,0
1362,136200041,1,0,0,0,0,1,0,116292174,0,32768,536870912,536870912,1610612711,1610612711,0,0
1363,136300041,1,0,0,0,0,1,0,116292174,0,32768,536870912,536870912,1610612711,1610612711,0,0
1364,136400041,1,0,0,0,0,1,0,116292174,0,32768,536870912,536870912,1610612711,1610612711,0,0
1365,136500041,1,0,0,0,0,1,0,116292174,0,32768,536870912,536870912,1610612711,1610612711,0,0
1366,136600041,1,0,0,0,0,1,0,116292174,0,32768,536870912,536870912,1610612711,1610612711,0,0
1367,136700041,1,0,0,0,0,1,0,116292174,0,32768,536870912,536870912,1610612711,1610612711,0,0
1368,136800041,1,0,0,0,0,1,0,116292174,0,32768,536870912,536870912,1610612711,1610612711,0,0
1369,136900041,1,0,0,1,0,1,1,116292174,0,32768,536870912,536870912,1610612711,1610612711,0,0
1370,137000041,1,0,0,0,0,1,0,116292174,0,32768,536870912,536870912,1610612711,1610612711,0,0
1371,137100041,1,0,0,0,0,1,0,116292174,0,32768,536870912,536870912,1610612711,1610612711,0,0
1372,137200041,1,0,0,0,0,1,0,116292174,0,32768,536870912,536870912,1610612711,1610612711,0,0
1373,137300041,1,0,0,0,0,1,0,116292174,0,32768,536870912,536870912,1610612711,1610612711,0,0
1374,137400041,1,0,0,0,0,1,0,116292174,0,32768,536870912,536870912,1610612711,1610612711,0,0
1375,137500041,1,0,0,0,0,1,0,116292174,0,32768,536870912,536870912,1610612711,1610612711,0,0
1376,137600041,1,0,0,0,0,1,0,116292174,0,32768,536870912,536870912,1610612711,1610612711,0,0
1377,137700041,1,0,0,0,0,1,0,116292174,0,32768,536870912,536870912,1610612711,1610612711,0,0
1378,137800041,1,0,0,0,0,1,0,116292174,0,32768,536870912,536870912,1610612711,1610612711,0,0
1379,137900041,1,0,0,1,0,1,1,116292174,0,32768,536870912,536870912,1610612711,1610612711,0,0
1380,138000041,1,0,0,0,0,1,0,116292174,0,32768,536870912,536870912,1610612711,1610612711,0,0
1381,138100041,1,0,0,0,0,1,0,116292174,0,32768,536870912,536870912,1610612711,1610612711,0,0
1382,138200041,1,0,0,0,0,1,0,116292174,0,32768,536870912,536870912,1610612711,1610612711,0,0
1383,138300041,1,0,0,0,0,1,0,116292174,0,32768,536870912,536870912,1610612711,1610612711,0,0
1384,138400041,1,0,0,0,0,1,0,116292174,0,32768,536870912,536870912,1610612711,1610612711,0,0
1385,138500041,1,0,0,0,0,1,0,116292174,0,32768,536870912,536870912,1610612711,1610612711,0,0
1386,138600041,1,0,0,0,0,1,0,116292174,0,32768,536870912,536870912,1610612711,1610612711,0,0
1387,138700041,1,0,0,0,0,1,0,116292174,0,32768,536870912,536870912,1610612711,1610612711,0,0
1388,138800041,1,0,0,0,0,1,0,116292174,0,32768,536870912,536870912,1610612711,1610612711,0,0
1389,138900041,1,0,0,1,0,1,1,116292174,0,32768,536870912,536870912,1610612711,1610612711,0,0
1390,139000041,1,0,0,0,0,1,0,116292174,0,32768,536870912,536870912,1610612711,1610612711,0,0
1391,139100041,1,0,0,0,0,1,0,116292174,0,32768,536870912,536870912,1610612711,1610612711,0,0
1392,139200041,1,0,0,0,0,1,0,116292174,0,32768,536870912,536870912,1610612711,1610612711,0,0
1393,139300041,1,0,0,0,0,1,0,116292174,0,32768,536870912,536870912,1610612711,1610612711,0,0
1394,139400041,1,0,0,0,0,1,0,116292174,0,32768,536870912,536870912,1610612711,1610612711,0,0
1395,139500041,1,0,0,0,0,1,0,116292174,0,32768,536870912,536870912,1610612711,1610612711,0,0
1396,139600041,1,0,0,0,0,1,0,116292174,0,32768,536870912,536870912,1610612711,1610612711,0,0
1397,139700041,1,0,0,0,0,1,0,116292174,0,32768,536870912,536870912,1610612711,1610612711,0,0
1398,139800041,1,0,0,0,0,1,0,116292174,0,32768,536870912,536870912,1610612711,1610612711,0,0
1399,139900041,1,0,0,1,0,1,1,116292174,0,32768,536870912,536870912,1610612711,1610612711,0,0
1400,140000041,1,0,0,0,0,1,0,116292174,0,32768,536870912,536870912,1610612711,1610612711,0,0
1401,140100041,1,0,0,0,0,1,0,116292174,0,32768,536870912,536870912,1610612711,1610612711,0,0
1402,140200041,1,0,0,0,0,1,0,116292174,0,32768,536870912,536870912,1610612711,1610612711,0,0
1403,140300041,1,0,0,0,0,1,0,116292174,0,32768,536870912,536870912,1610612711,1610612711,0,0
1404,140400041,1,0,0,0,0,1,0,116292174,0,32768,536870912,536870912,1610612711,1610612711,0,0
1405,140500041,1,0,0,0,0,1,0,116292174,0,32768,536870912,536870912,1610612711,1610612711,0,0
1406,140600041,1,0,0,0,0,1,0,116292174,0,32768,536870912,536870912,1610612711,1610612711,0,0
1407,140700041,1,0,0,0,0,1,0,116292174,0,32768,536870912,536870912,1610612711,1610612711,0,0
1408,140800041,1,0,0,0,0,1,0,116292174,0,32768,536870912,536870912,1610612711,1610612711,0,0
1409,140900041,1,0,0,1,0,1,1,116292174,0,32768,536870912,536870912,1610612711,1610612711,0,0
1410,141000041,1,0,0,0,0,1,0,116292174,0,32768,536870912,536870912,1610612711,1610612711,0,0
1411,141100041,1,0,0,0,0,1,0,116292174,0,32768,536870912,536870912,1610612711,1610612711,0,0
1412,141200041,1,0,0,0,0,1,0,116292174,0,32768,536870912,536870912,1610612711,1610612711,0,0
1413,141300041,1,0,0,0,0,1,0,116292174,0,32768,536870912,536870912,1610612711,1610612711,0,0
1414,141400041,1,0,0,0,0,1,0,116292174,0,32768,536870912,536870912,1610612711,1610612711,0,0
1415,141500041,1,0,0,0,0,1,0,116292174,0,32768,536870912,536870912,1610612711,1610612711,0,0
1416,141600041,1,0,0,0,0,1,0,116292174,0,32768,536870912,536870912,1610612711,1610612711,0,0
1417,141700041,1,0,0,0,0,1,0,116292174,0,32768,536870912,536870912,1610612711,1610612711,0,0
1418,141800041,1,0,0,0,0,1,0,116292174,0,32768,536870912,536870912,1610612711,1610612711,0,0
1419,141900041,1,0,0,1,0,1,1,116292174,0,32768,536870912,536870912,1610612711,1610612711,0,0
1420,142000041,1,0,0,0,0,1,0,116292174,0,32768,536870912,536870912,1610612711,1610612711,0,0
1421,142100041,1,0,0,0,0,1,0,116292174,0,32768,536870912,536870912,1610612711,1610612711,0,0
1422,142200041,1,0,0,0,0,1,0,116292174,0,32768,536870912,536870912,1610612711,1610612711,0,0
1423,142300041,1,0,0,0,0,1,0,116292174,0,32768,536870912,536870912,1610612711,1610612711,0,0
1424,142400041,1,0,0,0,0,1,0,116292174,0,32768,536870912,536870912,1610612711,1610612711,0,0
1425,142500041,1,0,0,0,0,1,0,116292174,0,32768,536870912,536870912,1610612711,1610612711,0,0
1426,142600041,1,0,0,0,0,1,0,116292174,0,32768,536870912,536870912,1610612711,1610612711,0,0
1427,142700041,1,0,0,0,0,1,0,116292174,0,32768,536870912,536870912,1610612711,1610612711,0,0
1428,142800041,1,0,0,0,0,1,0,116292174,0,32768,536870912,536870912,1610612711,1610612711,0,0
1429,142900041,1,0,0,1,0,1,1,116292174,0,32768,536870912,536870912,1610612711,1610612711,0,0
1430,143000041,1,0,0,0,0,1,0,116292174,0,32768,536870912,536870912,1610612711,1610612711,0,0
1431,143100041,1,0,0,0,0,1,0,116292174,0,32768,536870912,536870912,1610612711,1610612711,0,0
1432,143200041,1,0,0,0,0,1,0,116292174,0,32768,536870912,536870912,1610612711,1610612711,0,0
1433,143300041,1,0,0,0,0,1,0,116292174,0,32768,536870912,536870912,1610612711,1610612711,0,0
1434,143400041,1,0,0,0,0,1,0,116292174,0,32768,536870912,536870912,1610612711,1610612711,0,0
1435,143500041,1,0,0,0,0,1,0,116292174,0,32768,536870912,536870912,1610612711,1610612711,0,0
1436,143600041,1,0,0,0,0,1,0,116292174,0,32768,536870912,536870912,1610612711,1610612711,0,0
1437,143700041,1,0,0,0,0,1,0,116292174,0,32768,536870912,536870912,1610612711,1610612711,0,0
1438,143800041,1,0,0,0,0,1,0,116292174,0,32768,536870912,536870912,1610612711,1610612711,0,0
1439,143900041,1,0,0,1,0,1,1,116292174,0,32768,536870912,536870912,1610612711,1610612711,0,0
1440,144000041,1,0,0,0,0,1,0,116292174,0,32768,536870912,536870912,1610612711,1610612711,0,0
1441,144100041,1,0,0,0,0,1,0,116292174,0,32768,536870912,536870912,1610612711,1610612711,0,0
1442,144200041,1,0,0,0,0,1,0,116292174,0,32768,536870912,536870912,1610612711,1610612711,0,0
1443,144300041,1,0,0,0,0,1,0,116292174,0,32768,536870912,536870912,1610612711,1610612711,0,0
1444,144400041,1,0,0,0,0,1,0,116292174,0,32768,536870912,536870912,1610612711,1610612711,0,0
1445,144500041,1,0,0,0,0,1,0,116292174,0,32768,536870912,536870912,1610612711,1610612711,0,0
1446,144600041,1,0,0,0,0,1,0,116292174,0,32768,536870912,536870912,1610612711,1610612711,0,0
1447,144700041,1,0,0,0,0,1,0,116292174,0,32768,536870912,536870912,1610612711,1610612711,0,0
1448,144800041,1,0,0,0,0,1,0,116292174,0,32768,536870912,536870912,1610612711,1610612711,0,0
1449,144900041,1,0,0,1,0,1,1,116292174,0,32768,536870912,536870912,1610612711,1610612711,0,0
1450,145000041,1,0,0,0,0,1,0,116292174,0,32768,536870912,536870912,1610612711,1610612711,0,0
1451,145100041,1,0,0,0,0,1,0,116292174,0,32768,536870912,536870912,1610612711,1610612711,0,0
1452,145200041,1,0,0,0,0,1,0,116292174,0,32768,536870912,536870912,1610612711,1610612711,0,0
1453,145300041,1,0,0,0,0,1,0,116292174,0,32768,536870912,536870912,1610612711,1610612711,0,0
1454,145400041,1,0,0,0,0,1,0,116292174,0,32768,536870912,536870912,1610612711,1610612711,0,0
1455,145500041,1,0,0,0,0,1,0,116292174,0,32768,536870912,536870912,1610612711,1610612711,0,0
1456,145600041,1,0,0,0,0,1,0,116292174,0,32768,536870912,536870912,1610612711,1610612711,0,0
1457,145700041,1,0,0,0,0,1,0,116292174,0,32768,536870912,536870912,1610612711,1610612711,0,0
1458,145800041,1,0,0,0,0,1,0,116292174,0,32768,536870912,536870912,1610612711,1610612711,0,0
1459,145900041,1,0,0,1,0,1,1,116292174,0,32768,536870912,536870912,1610612711,1610612711,0,0
1460,146000041,1,0,0,0,0,1,0,116292174,0,32768,536870912,536870912,1610612711,1610612711,0,0
1461,146100041,1,0,0,0,0,1,0,116292174,0,32768,536870912,536870912,1610612711,1610612711,0,0
1462,146200041,1,0,0,0,0,1,0,116292174,0,32768,536870912,536870912,1610612711,1610612711,0,0
1463,146300041,1,0,0,0,0,1,0,116292174,0,32768,536870912,536870912,1610612711,1610612711,0,0
1464,146400041,1,0,0,0,0,1,0,116292174,0,32768,536870912,536870912,1610612711,1610612711,0,0
1465,146500041,1,0,0,0,0,1,0,116292174,0,32768,536870912,536870912,1610612711,1610612711,0,0
1466,146600041,1,0,0,0,0,1,0,116292174,0,32768,536870912,536870912,1610612711,1610612711,0,0
1467,146700041,1,0,0,0,0,1,0,116292174,0,32768,536870912,536870912,1610612711,1610612711,0,0
1468,146800041,1,0,0,0,0,1,0,116292174,0,32768,536870912,536870912,1610612711,1610612711,0,0
1469,146900041,1,0,0,1,0,1,1,116292174,0,32768,536870912,536870912,1610612711,1610612711,0,0
1470,147000041,1,0,0,0,0,1,0,116292174,0,32768,536870912,536870912,1610612711,1610612711,0,0
1471,147100041,1,0,0,0,0,1,0,116292174,0,32768,536870912,536870912,1610612711,1610612711,0,0
1472,147200041,1,0,0,0,0,1,0,116292174,0,32768,536870912,536870912,1610612711,1610612711,0,0
1473,147300041,1,0,0,0,0,1,0,116292174,0,32768,536870912,536870912,1610612711,1610612711,0,0
1474,147400041,1,0,0,0,0,1,0,116292174,0,32768,536870912,536870912,1610612711,1610612711,0,0
1475,147500041,1,0,0,0,0,1,0,116292174,0,32768,536870912,536870912,1610612711,1610612711,0,0
1476,147600041,1,0,0,0,0,1,0,116292174,0,32768,536870912,536870912,1610612711,1610612711,0,0
1477,147700041,1,0,0,0,0,1,0,116292174,0,32768,536870912,536870912,1610612711,1610612711,0,0
1478,147800041,1,0,0,0,0,1,0,116292174,0,32768,536870912,536870912,1610612711,1610612711,0,0
1479,147900041,1,0,0,1,0,1,1,116292174,0,32768,536870912,536870912,1610612711,1610612711,0,0
1480,148000041,1,0,0,0,0,1,0,-116292174,0,32768,536870912,536870912,1610612711,1610612711,0,0
1481,148100041,1,0,0,0,0,1,0,-116292174,0,32768,536870912,536870912,1610612711,1610612711,0,0
1482,148200041,1,0,0,0,0,1,0,-116292174,0,32768,536870912,536870912,1610612711,1610612711,0,0
1483,148300041,1,0,0,0,0,1,0,-116292174,0,32768,536870912,536870912,1610612711,1610612711,0,0
1484,148400041,1,0,0,0,0,1,0,-116292174,0,32768,536870912,536870912,1610612711,1610612711,0,0
1485,148500041,1,0,0,0,0,1,0,-116292174,0,32768,536870912,536870912,1610612711,1610612711,0,0
1486,148600041,1,0,0,0,0,1,0,-116292174,0,32768,536870912,536870912,1610612711,1610612711,0,0
1487,148700041,1,0,0,0,0,1,0,-116292174,0,32768,536870912,536870912,1610612711,1610612711,0,0
1488,148800041,1,0,0,0,0,1,0,-116292174,0,32768,536870912,536870912,1610612711,1610612711,0,0
1489,148900041,1,0,0,1,0,1,1,-116292174,0,-32768,536870912,236223170,1610612711,-536870887,0,0
1490,149000041,1,0,0,0,0,1,0,-116292174,0,-32768,536870912,236223170,1610612711,-536870887,0,0
1491,149100041,1,0,0,0,0,1,0,-116292174,0,-32768,536870912,236223170,1610612711,-536870887,0,0
1492,149200041,1,0,0,0,0,1,0,-116292174,0,-32768,536870912,236223170,1610612711,-536870887,0,0
1493,149300041,1,0,0,0,0,1,0,-116292174,0,-32768,536870912,236223170,1610612711,-536870887,0,0
1494,149400041,1,0,0,0,0,1,0,-116292174,0,-32768,536870912,236223170,1610612711,-536870887,0,0
1495,149500041,1,0,0,0,0,1,0,-116292174,0,-32768,536870912,236223170,1610612711,-536870887,0,0
1496,149600041,1,0,0,0,0,1,0,-116292174,0,-32768,536870912,236223170,1610612711,-536870887,0,0
1497,149700041,1,0,0,0,0,1,0,-116292174,0,-32768,536870912,236223170,1610612711,-536870887,0,0
1498,149800041,1,0,0,0,0,1,0,-116292174,0,-32768,536870912,236223170,1610612711,-536870887,0,0
1499,149900041,1,0,0,1,0,1,1,-116292174,0,-32768,236223170,107374116,-536870887,-837518629,0,0
1500,150000041,1,0,0,0,0,1,0,-116292174,0,-32768,236223170,107374116,-536870887,-837518629,0,0
1501,150100041,1,0,0,0,0,1,0,-116292174,0,-32768,236223170,107374116,-536870887,-837518629,0,0
1502,150200041,1,0,0,0,0,1,0,-116292174,0,-32768,236223170,107374116,-536870887,-837518629,0,0
1503,150300041,1,0,0,0,0,1,0,-116292174,0,-32768,236223170,107374116,-536870887,-837518629,0,0
1504,150400041,1,0,0,0,0,1,0,-116292174,0,-32768,236223170,107374116,-536870887,-837518629,0,0
1505,150500041,1,0,0,0,0,1,0,-116292174,0,-32768,236223170,107374116,-536870887,-837518629,0,0
1506,150600041,1,0,0,0,0,1,0,-116292174,0,-32768,236223170,107374116,-536870887,-837518629,0,0
1507,150700041,1,0,0,0,0,1,0,-116292174,0,-32768,236223170,107374116,-536870887,-837518629,0,0
1508,150800041,1,0,0,0,0,1,0,-116292174,0,-32768,236223170,107374116,-536870887,-837518629,0,0
1509,150900041,1,0,0,1,0,1,1,-116292174,0,-32768,107374116,2576881,-837518629,-966367683,0,0
1510,151000041,1,0,0,0,0,1,0,-116292174,0,-32768,107374116,2576881,-837518629,-966367683,0,0
1511,151100041,1,0,0,0,0,1,0,-116292174,0,-32768,107374116,2576881,-837518629,-966367683,0,0
1512,151200041,1,0,0,0,0,1,0,-116292174,0,-32768,107374116,2576881,-837518629,-966367683,0,0
1513,151300041,1,0,0,0,0,1,0,-116292174,0,-32768,107374116,2576881,-837518629,-966367683,0,0
1514,151400041,1,0,0,0,0,1,0,-116292174,0,-32768,107374116,2576881,-837518629,-966367683,0,0
1515,151500041,1,0,0,0,0,1,0,-116292174,0,-32768,107374116,2576881,-837518629,-966367683,0,0
1516,151600041,1,0,0,0,0,1,0,-116292174,0,-32768,107374116,2576881,-837518629,-966367683,0,0
1517,151700041,1,0,0,0,0,1,0,-116292174,0,-32768,107374116,2576881,-837518629,-966367683,0,0
1518,151800041,1,0,0,0,0,1,0,-116292174,0,-32768,107374116,2576881,-837518629,-966367683,0,0
1519,151900041,1,0,0,1,0,1,1,-116292174,0,-32768,2576881,-91912429,-966367683,-1071164918,0,0
1520,152000041,1,0,0,0,0,1,0,-116292174,0,-32768,2576881,-91912429,-966367683,-1071164918,0,0
1521,152100041,1,0,0,0,0,1,0,-116292174,0,-32768,2576881,-91912429,-966367683,-1071164918,0,0
1522,152200041,1,0,0,0,0,1,0,-116292174,0,-32768,2576881,-91912429,-966367683,-1071164918,0,0
1523,152300041,1,0,0,0,0,1,0,-116292174,0,-32768,2576881,-91912429,-966367683,-1071164918,0,0
1524,152400041,1,0,0,0,0,1,0,-116292174,0,-32768,2576881,-91912429,-966367683,-1071164918,0,0
1525,152500041,1,0,0,0,0,1,0,-116292174,0,-32768,2576881,-91912429,-966367683,-1071164918,0,0
1526,152600041,1,0,0,0,0,1,0,-116292174,0,-32768,2576881,-91912429,-966367683,-1071164918,0,0
1527,152700041,1,0,0,0,0,1,0,-116292174,0,-32768,2576881,-91912429,-966367683,-1071164918,0,0
1528,152800041,1,0,0,0,0,1,0,-116292174,0,-32768,2576881,-91912429,-966367683,-1071164918,0,0
1529,152900041,1,0,0,1,0,1,1,-116292174,0,-32768,-91912429,-178017960,-1071164918,-1165654228,0,0
1530,153000041,1,0,0,0,0,1,0,-116292174,0,-32768,-91912429,-178017960,-1071164918,-1165654228,0,0
1531,153100041,1,0,0,0,0,1,0,-116292174,0,-32768,-91912429,-178017960,-1071164918,-1165654228,0,0
1532,153200041,1,0,0,0,0,1,0,-116292174,0,-32768,-91912429,-178017960,-1071164918,-1165654228,0,0
1533,153300041,1,0,0,0,0,1,0,-116292174,0,-32768,-91912429,-178017960,-1071164918,-1165654228,0,0
1534,153400041,1,0,0,0,0,1,0,-116292174,0,-32768,-91912429,-178017960,-1071164918,-1165654228,0,0
1535,153500041,1,0,0,0,0,1,0,-116292174,0,-32768,-91912429,-178017960,-1071164918,-1165654228,0,0
1536,153600041,1,0,0,0,0,1,0,-116292174,0,-32768,-91912429,-178017960,-1071164918,-1165654228,0,0
1537,153700041,1,0,0,0,0,1,0,-116292174,0,-32768,-91912429,-178017960,-1071164918,-1165654228,0,0
1538,153800041,1,0,0,0,0,1,0,-116292174,0,-32768,-91912429,-178017960,-1071164918,-1165654228,0,0
1539,153900041,1,0,0,1,0,1,1,-116292174,0,-32768,-178017960,-256564347,-1165654228,-1251759759,0,0
1540,154000041,1,0,0,0,0,1,0,-116292174,0,-32768,-178017960,-256564347,-1165654228,-1251759759,0,0
1541,154100041,1,0,0,0,0,1,0,-116292174,0,-32768,-178017960,-256564347,-1165654228,-1251759759,0,0
1542,154200041,1,0,0,0,0,1,0,-116292174,0,-32768,-178017960,-256564347,-1165654228,-1251759759,0,0
1543,154300041,1,0,0,0,0,1,0,-116292174,0,-32768,-178017960,-256564347,-1165654228,-1251759759,0,0
1544,154400041,1,0,0,0,0,1,0,-116292174,0,-32768,-178017960,-256564347,-1165654228,-1251759759,0,0
1545,154500041,1,0,0,0,0,1,0,-116292174,0,-32768,-178017960,-256564347,-1165654228,-1251759759,0,0
1546,154600041,1,0,0,0,0,1,0,-116292174,0,-32768,-178017960,-256564347,-1165654228,-1251759759,0,0
1547,154700041,1,0,0,0,0,1,0,-116292174,0,-32768,-178017960,-256564347,-1165654228,-1251759759,0,0
1548,154800041,1,0,0,0,0,1,0,-116292174,0,-32768,-178017960,-256564347,-1165654228,-1251759759,0,0
1549,154900041,1,0,0,1,0,1,1,-116292174,0,-32768,-256564347,-328222291,-1251759759,-1330306146,0,0
1550,155000041,1,0,0,0,0,1,0,-116292174,0,-32768,-256564347,-328222291,-1251759759,-1330306146,0,0
1551,155100041,1,0,0,0,0,1,0,-116292174,0,-32768,-256564347,-328222291,-1251759759,-1330306146,0,0
1552,155200041,1,0,0,0,0,1,0,-116292174,0,-32768,-256564347,-328222291,-1251759759,-1330306146,0,0
1553,155300041,1,0,0,0,0,1,0,-116292174,0,-32768,-256564347,-328222291,-1251759759,-1330306146,0,0
1554,155400041,1,0,0,0,0,1,0,-116292174,0,-32768,-256564347,-328222291,-1251759759,-1330306146,0,0
1555,155500041,1,0,0,0,0,1,0,-116292174,0,-32768,-256564347,-328222291,-1251759759,-1330306146,0,0
1556,155600041,1,0,0,0,0,1,0,-116292174,0,-32768,-256564347,-328222291,-1251759759,-1330306146,0,0
1557,155700041,1,0,0,0,0,1,0,-116292174,0,-32768,-256564347,-328222291,-1251759759,-1330306146,0,0
1558,155800041,1,0,0,0,0,1,0,-116292174,0,-32768,-256564347,-328222291,-1251759759,-1330306146,0,0
1559,155900041,1,0,0,1,0,1,1,-116292174,0,-32768,-328222291,-393596524,-1330306146,-1401964090,0,0
1560,156000041,1,0,0,0,0,1,0,-116292174,0,-32768,-328222291,-393596524,-1330306146,-1401964090,0,0
1561,156100041,1,0,0,0,0,1,0,-116292174,0,-32768,-328222291,-393596524,-1330306146,-1401964090,0,0
1562,156200041,1,0,0,0,0,1,0,-116292174,0,-32768,-328222291,-393596524,-1330306146,-1401964090,0,0
1563,156300041,1,0,0,0,0,1,0,-116292174,0,-32768,-328222291,-393596524,-1330306146,-1401964090,0,0
1564,156400041,1,0,0,0,0,1,0,-116292174,0,-32768,-328222291,-393596524,-1330306146,-1401964090,0,0
1565,156500041,1,0,0,0,0,1,0,-116292174,0,-32768,-328222291,-393596524,-1330306146,-1401964090,0,0
1566,156600041,1,0,0,0,0,1,0,-116292174,0,-32768,-328222291,-393596524,-1330306146,-1401964090,0,0
1567,156700041,1,0,0,0,0,1,0,-116292174,0,-32768,-328222291,-393596524,-1330306146,-1401964090,0,0
1568,156800041,1,0,0,0,0,1,0,-116292174,0,-32768,-328222291,-393596524,-1330306146,-1401964090,0,0
1569,156900041,1,0,0,1,0,1,1,-116292174,0,-32768,-393596524,-453238122,-1401964090,-1467338323,0,0
1570,157000041,1,0,0,0,0,1,0,-116292174,0,-32768,-393596524,-453238122,-1401964090,-1467338323,0,0
1571,157100041,1,0,0,0,0,1,0,-116292174,0,-32768,-393596524,-453238122,-1401964090,-1467338323,0,0
1572,157200041,1,0,0,0,0,1,0,-116292174,0,-32768,-393596524,-453238122,-1401964090,-1467338323,0,0
1573,157300041,1,0,0,0,0,1,0,-116292174,0,-32768,-393596524,-453238122,-1401964090,-1467338323,0,0
1574,157400041,1,0,0,0,0,1,0,-116292174,0,-32768,-393596524,-453238122,-1401964090,-1467338323,0,0
1575,157500041,1,0,0,0,0,1,0,-116292174,0,-32768,-393596524,-453238122,-1401964090,-1467338323,0,0
1576,157600041,1,0,0,0,0,1,0,-116292174,0,-32768,-393596524,-453238122,-1401964090,-1467338323,0,0
1577,157700041,1,0,0,0,0,1,0,-116292174,0,-32768,-393596524,-453238122,-1401964090,-1467338323,0,0
1578,157800041,1,0,0,0,0,1,0,-116292174,0,-32768,-393596524,-453238122,-1401964090,-1467338323,0,0
1579,157900041,1,0,0,1,0,1,1,-116292174,0,-32768,-453238122,-507649781,-1467338323,-1526979921,0,0
1580,158000041,1,0,0,0,0,1,0,-116292174,0,-32768,-453238122,-507649781,-1467338323,-1526979921,0,0
1581,158100041,1,0,0,0,0,1,0,-116292174,0,-32768,-453238122,-507649781,-1467338323,-1526979921,0,0
1582,158200041,1,0,0,0,0,1,0,-116292174,0,-32768,-453238122,-507649781,-1467338323,-1526979921,0,0
1583,158300041,1,0,0,0,0,1,0,-116292174,0,-32768,-453238122,-507649781,-1467338323,-1526979921,0,0
1584,158400041,1,0,0,0,0,1,0,-116292174,0,-32768,-453238122,-507649781,-1467338323,-1526979921,0,0
1585,158500041,1,0,0,0,0,1,0,-116292174,0,-32768,-453238122,-507649781,-1467338323,-1526979921,0,0
1586,158600041,1,0,0,0,0,1,0,-116292174,0,-32768,-453238122,-507649781,-1467338323,-1526979921,0,0
1587,158700041,1,0,0,0,0,1,0,-116292174,0,-32768,-453238122,-507649781,-1467338323,-1526979921,0,0
1588,158800041,1,0,0,0,0,1,0,-116292174,0,-32768,-453238122,-507649781,-1467338323,-1526979921,0,0
1589,158900041,1,0,0,1,0,1,1,-116292174,0,-32768,-507649781,-536870912,-1526979921,-1581391580,0,0
1590,159000041,1,0,0,0,0,1,0,-116292174,0,-32768,-507649781,-536870912,-1526979921,-1581391580,0,0
1591,159100041,1,0,0,0,0,1,0,-116292174,0,-32768,-507649781,-536870912,-1526979921,-1581391580,0,0
1592,159200041,1,0,0,0,0,1,0,-116292174,0,-32768,-507649781,-536870912,-1526979921,-1581391580,0,0
1593,159300041,1,0,0,0,0,1,0,-116292174,0,-32768,-507649781,-536870912,-1526979921,-1581391580,0,0
1594,159400041,1,0,0,0,0,1,0,-116292174,0,-32768,-507649781,-536870912,-1526979921,-1581391580,0,0
1595,159500041,1,0,0,0,0,1,0,-116292174,0,-32768,-507649781,-536870912,-1526979921,-1581391580,0,0
1596,159600041,1,0,0,0,0,1,0,-116292174,0,-32768,-507649781,-536870912,-1526979921,-1581391580,0,0
1597,159700041,1,0,0,0,0,1,0,-116292174,0,-32768,-507649781,-536870912,-1526979921,-1581391580,0,0
1598,159800041,1,0,0,0,0,1,0,-116292174,0,-32768,-507649781,-536870912,-1526979921,-1581391580,0,0
1599,159900041,1,0,0,1,0,1,1,-116292174,0,-32768,-536870912,-536870912,-1581391580,-1610612711,0,0
1600,160000041,1,0,0,0,0,1,0,-116292174,0,-32768,-536870912,-536870912,-1581391580,-1610612711,0,0
1601,160100041,1,0,0,0,0,1,0,-116292174,0,-32768,-536870912,-536870912,-1581391580,-1610612711,0,0
1602,160200041,1,0,0,0,0,1,0,-116292174,0,-32768,-536870912,-536870912,-1581391580,-1610612711,0,0
1603,160300041,1,0,0,0,0,1,0,-116292174,0,-32768,-536870912,-536870912,-1581391580,-1610612711,0,0
1604,160400041,1,0,0,0,0,1,0,-116292174,0,-32768,-536870912,-536870912,-1581391580,-1610612711,0,0
1605,160500041,1,0,0,0,0,1,0,-116292174,0,-32768,-536870912,-536870912,-1581391580,-1610612711,0,0
1606,160600041,1,0,0,0,0,1,0,-116292174,0,-32768,-536870912,-536870912,-1581391580,-1610612711,0,0
1607,160700041,1,0,0,0,0,1,0,-116292174,0,-32768,-536870912,-536870912,-1581391580,-1610612711,0,0
1608,160800041,1,0,0,0,0,1,0,-116292174,0,-32768,-536870912,-536870912,-1581391580,-1610612711,0,0
1609,160900041,1,0,0,1,0,1,1,-116292174,0,-32768,-536870912,-536870912,-1610612711,-1610612711,0,0
1610,161000041,1,0,0,0,0,1,0,-116292174,0,-32768,-536870912,-536870912,-1610612711,-1610612711,0,0
1611,161100041,1,0,0,0,0,1,0,-116292174,0,-32768,-536870912,-536870912,-1610612711,-1610612711,0,0
1612,161200041,1,0,0,0,0,1,0,-116292174,0,-32768,-536870912,-536870912,-1610612711,-1610612711,0,0
1613,161300041,1,0,0,0,0,1,0,-116292174,0,-32768,-536870912,-536870912,-1610612711,-1610612711,0,0
1614,161400041,1,0,0,0,0,1,0,-116292174,0,-32768,-536870912,-536870912,-1610612711,-1610612711,0,0
1615,161500041,1,0,0,0,0,1,0,-116292174,0,-32768,-536870912,-536870912,-1610612711,-1610612711,0,0
1616,161600041,1,0,0,0,0,1,0,-116292174,0,-32768,-536870912,-536870912,-1610612711,-1610612711,0,0
1617,161700041,1,0,0,0,0,1,0,-116292174,0,-32768,-536870912,-536870912,-1610612711,-1610612711,0,0
1618,161800041,1,0,0,0,0,1,0,-116292174,0,-32768,-536870912,-536870912,-1610612711,-1610612711,0,0
1619,161900041,1,0,0,1,0,1,1,-116292174,0,-32768,-536870912,-536870912,-1610612711,-1610612711,0,0
1620,162000041,1,0,0,0,0,1,0,-116292174,0,-32768,-536870912,-536870912,-1610612711,-1610612711,0,0
1621,162100041,1,0,0,0,0,1,0,-116292174,0,-32768,-536870912,-536870912,-1610612711,-1610612711,0,0
1622,162200041,1,0,0,0,0,1,0,-116292174,0,-32768,-536870912,-536870912,-1610612711,-1610612711,0,0
1623,162300041,1,0,0,0,0,1,0,-116292174,0,-32768,-536870912,-536870912,-1610612711,-1610612711,0,0
1624,162400041,1,0,0,0,0,1,0,-116292174,0,-32768,-536870912,-536870912,-1610612711,-1610612711,0,0
1625,162500041,1,0,0,0,0,1,0,-116292174,0,-32768,-536870912,-536870912,-1610612711,-1610612711,0,0
1626,162600041,1,0,0,0,0,1,0,-116292174,0,-32768,-536870912,-536870912,-1610612711,-1610612711,0,0
1627,162700041,1,0,0,0,0,1,0,-116292174,0,-32768,-536870912,-536870912,-1610612711,-1610612711,0,0
1628,162800041,1,0,0,0,0,1,0,-116292174,0,-32768,-536870912,-536870912,-1610612711,-1610612711,0,0
1629,162900041,1,0,0,1,0,1,1,-116292174,0,-32768,-536870912,-536870912,-1610612711,-1610612711,0,0
1630,163000041,1,0,0,0,0,1,0,-116292174,0,-32768,-536870912,-536870912,-1610612711,-1610612711,0,0
1631,163100041,1,0,0,0,0,1,0,-116292174,0,-32768,-536870912,-536870912,-1610612711,-1610612711,0,0
1632,163200041,1,0,0,0,0,1,0,-116292174,0,-32768,-536870912,-536870912,-1610612711,-1610612711,0,0
1633,163300041,1,0,0,0,0,1,0,-116292174,0,-32768,-536870912,-536870912,-1610612711,-1610612711,0,0
1634,163400041,1,0,0,0,0,1,0,-116292174,0,-32768,-536870912,-536870912,-1610612711,-1610612711,0,0
1635,163500041,1,0,0,0,0,1,0,-116292174,0,-32768,-536870912,-536870912,-1610612711,-1610612711,0,0
1636,163600041,1,0,0,0,0,1,0,-116292174,0,-32768,-536870912,-536870912,-1610612711,-1610612711,0,0
1637,163700041,1,0,0,0,0,1,0,-116292174,0,-32768,-536870912,-536870912,-1610612711,-1610612711,0,0
1638,163800041,1,0,0,0,0,1,0,-116292174,0,-32768,-536870912,-536870912,-1610612711,-1610612711,0,0
1639,163900041,1,0,0,1,0,1,1,-116292174,0,-32768,-536870912,-536870912,-1610612711,-1610612711,0,0
1640,164000041,1,0,0,0,0,1,0,-116292174,0,-32768,-536870912,-536870912,-1610612711,-1610612711,0,0
1641,164100041,1,0,0,0,0,1,0,-116292174,0,-32768,-536870912,-536870912,-1610612711,-1610612711,0,0
1642,164200041,1,0,0,0,0,1,0,-116292174,0,-32768,-536870912,-536870912,-1610612711,-1610612711,0,0
1643,164300041,1,0,0,0,0,1,0,-116292174,0,-32768,-536870912,-536870912,-1610612711,-1610612711,0,0
1644,164400041,1,0,0,0,0,1,0,-116292174,0,-32768,-536870912,-536870912,-1610612711,-1610612711,0,0
1645,164500041,1,0,0,0,0,1,0,-116292174,0,-32768,-536870912,-536870912,-1610612711,-1610612711,0,0
1646,164600041,1,0,0,0,0,1,0,-116292174,0,-32768,-536870912,-536870912,-1610612711,-1610612711,0,0
1647,164700041,1,0,0,0,0,1,0,-116292174,0,-32768,-536870912,-536870912,-1610612711,-1610612711,0,0
1648,164800041,1,0,0,0,0,1,0,-116292174,0,-32768,-536870912,-536870912,-1610612711,-1610612711,0,0
1649,164900041,1,0,0,1,0,1,1,-116292174,0,-32768,-536870912,-536870912,-1610612711,-1610612711,0,0
1650,165000041,1,0,0,0,0,1,0,-116292174,0,-32768,-536870912,-536870912,-1610612711,-1610612711,0,0
1651,165100041,1,0,0,0,0,1,0,-116292174,0,-32768,-536870912,-536870912,-1610612711,-1610612711,0,0
1652,165200041,1,0,0,0,0,1,0,-116292174,0,-32768,-536870912,-536870912,-1610612711,-1610612711,0,0
1653,165300041,1,0,0,0,0,1,0,-116292174,0,-32768,-536870912,-536870912,-1610612711,-1610612711,0,0
1654,165400041,1,0,0,0,0,1,0,-116292174,0,-32768,-536870912,-536870912,-1610612711,-1610612711,0,0
1655,165500041,1,0,0,0,0,1,0,-116292174,0,-32768,-536870912,-536870912,-1610612711,-1610612711,0,0
1656,165600041,1,0,0,0,0,1,0,-116292174,0,-32768,-536870912,-536870912,-1610612711,-1610612711,0,0
1657,165700041,1,0,0,0,0,1,0,-116292174,0,-32768,-536870912,-536870912,-1610612711,-1610612711,0,0
1658,165800041,1,0,0,0,0,1,0,-116292174,0,-32768,-536870912,-536870912,-1610612711,-1610612711,0,0
1659,165900041,1,0,0,1,0,1,1,-116292174,0,-32768,-536870912,-536870912,-1610612711,-1610612711,0,0
1660,166000041,1,0,0,0,0,1,0,-116292174,0,-32768,-536870912,-536870912,-1610612711,-1610612711,0,0
1661,166100041,1,0,0,0,0,1,0,-116292174,0,-32768,-536870912,-536870912,-1610612711,-1610612711,0,0
1662,166200041,1,0,0,0,0,1,0,-116292174,0,-32768,-536870912,-536870912,-1610612711,-1610612711,0,0
1663,166300041,1,0,0,0,0,1,0,-116292174,0,-32768,-536870912,-536870912,-1610612711,-1610612711,0,0
1664,166400041,1,0,0,0,0,1,0,-116292174,0,-32768,-536870912,-536870912,-1610612711,-1610612711,0,0
1665,166500041,1,0,0,0,0,1,0,-116292174,0,-32768,-536870912,-536870912,-1610612711,-1610612711,0,0
1666,166600041,1,0,0,0,0,1,0,-116292174,0,-32768,-536870912,-536870912,-1610612711,-1610612711,0,0
1667,166700041,1,0,0,0,0,1,0,-116292174,0,-32768,-536870912,-536870912,-1610612711,-1610612711,0,0
1668,166800041,1,0,0,0,0,1,0,-116292174,0,-32768,-536870912,-536870912,-1610612711,-1610612711,0,0
1669,166900041,1,0,0,1,0,1,1,-116292174,0,-32768,-536870912,-536870912,-1610612711,-1610612711,0,0
1670,167000041,1,0,0,0,0,1,0,-116292174,0,-32768,-536870912,-536870912,-1610612711,-1610612711,0,0
1671,167100041,1,0,0,0,0,1,0,-116292174,0,-32768,-536870912,-536870912,-1610612711,-1610612711,0,0
1672,167200041,1,0,0,0,0,1,0,-116292174,0,-32768,-536870912,-536870912,-1610612711,-1610612711,0,0
1673,167300041,1,0,0,0,0,1,0,-116292174,0,-32768,-536870912,-536870912,-1610612711,-1610612711,0,0
1674,167400041,1,0,0,0,0,1,0,-116292174,0,-32768,-536870912,-536870912,-1610612711,-1610612711,0,0
1675,167500041,1,0,0,0,0,1,0,-116292174,0,-32768,-536870912,-536870912,-1610612711,-1610612711,0,0
1676,167600041,1,0,0,0,0,1,0,-116292174,0,-32768,-536870912,-536870912,-1610612711,-1610612711,0,0
1677,167700041,1,0,0,0,0,1,0,-116292174,0,-32768,-536870912,-536870912,-1610612711,-1610612711,0,0
1678,167800041,1,0,0,0,0,1,0,-116292174,0,-32768,-536870912,-536870912,-1610612711,-1610612711,0,0
1679,167900041,1,0,0,1,0,1,1,-116292174,0,-32768,-536870912,-536870912,-1610612711,-1610612711,0,0
1680,168000041,1,0,0,0,0,1,0,-116292174,0,-32768,-536870912,-536870912,-1610612711,-1610612711,0,0
1681,168100041,1,0,0,0,0,1,0,-116292174,0,-32768,-536870912,-536870912,-1610612711,-1610612711,0,0
1682,168200041,1,0,0,0,0,1,0,-116292174,0,-32768,-536870912,-536870912,-1610612711,-1610612711,0,0
1683,168300041,1,0,0,0,0,1,0,-116292174,0,-32768,-536870912,-536870912,-1610612711,-1610612711,0,0
1684,168400041,1,0,0,0,0,1,0,-116292174,0,-32768,-536870912,-536870912,-1610612711,-1610612711,0,0
1685,168500041,1,0,0,0,0,1,0,-116292174,0,-32768,-536870912,-536870912,-1610612711,-1610612711,0,0
1686,168600041,1,0,0,0,0,1,0,-116292174,0,-32768,-536870912,-536870912,-1610612711,-1610612711,0,0
1687,168700041,1,0,0,0,0,1,0,-116292174,0,-32768,-536870912,-536870912,-1610612711,-1610612711,0,0
1688,168800041,1,0,0,0,0,1,0,-116292174,0,-32768,-536870912,-536870912,-1610612711,-1610612711,0,0
1689,168900041,1,0,0,1,0,1,1,-116292174,0,-32768,-536870912,-536870912,-1610612711,-1610612711,0,0
1690,169000041,1,0,0,0,0,1,0,-116292174,0,-32768,-536870912,-536870912,-1610612711,-1610612711,0,0
1691,169100041,1,0,0,0,0,1,0,-116292174,0,-32768,-536870912,-536870912,-1610612711,-1610612711,0,0
1692,169200041,1,0,0,0,0,1,0,-116292174,0,-32768,-536870912,-536870912,-1610612711,-1610612711,0,0
1693,169300041,1,0,0,0,0,1,0,-116292174,0,-32768,-536870912,-536870912,-1610612711,-1610612711,0,0
1694,169400041,1,0,0,0,0,1,0,-116292174,0,-32768,-536870912,-536870912,-1610612711,-1610612711,0,0
1695,169500041,1,0,0,0,0,1,0,-116292174,0,-32768,-536870912,-536870912,-1610612711,-1610612711,0,0
1696,169600041,1,0,0,0,0,1,0,-116292174,0,-32768,-536870912,-536870912,-1610612711,-1610612711,0,0
1697,169700041,1,0,0,0,0,1,0,-116292174,0,-32768,-536870912,-536870912,-1610612711,-1610612711,0,0
1698,169800041,1,0,0,0,0,1,0,-116292174,0,-32768,-536870912,-536870912,-1610612711,-1610612711,0,0
1699,169900041,1,0,0,1,0,1,1,-116292174,0,-32768,-536870912,-536870912,-1610612711,-1610612711,0,0
1700,170000041,1,0,0,0,0,1,0,-116292174,0,-32768,-536870912,-536870912,-1610612711,-1610612711,0,0
1701,170100041,1,0,0,0,0,1,0,-116292174,0,-32768,-536870912,-536870912,-1610612711,-1610612711,0,0
1702,170200041,1,0,0,0,0,1,0,-116292174,0,-32768,-536870912,-536870912,-1610612711,-1610612711,0,0
1703,170300041,1,0,0,0,0,1,0,-116292174,0,-32768,-536870912,-536870912,-1610612711,-1610612711,0,0
1704,170400041,1,0,0,0,0,1,0,-116292174,0,-32768,-536870912,-536870912,-1610612711,-1610612711,0,0
1705,170500041,1,0,0,0,0,1,0,-116292174,0,-32768,-536870912,-536870912,-1610612711,-1610612711,0,0
1706,170600041,1,0,0,0,0,1,0,-116292174,0,-32768,-536870912,-536870912,-1610612711,-1610612711,0,0
1707,170700041,1,0,0,0,0,1,0,-116292174,0,-32768,-536870912,-536870912,-1610612711,-1610612711,0,0
1708,170800041,1,0,0,0,0,1,0,-116292174,0,-32768,-536870912,-536870912,-1610612711,-1610612711,0,0
1709,170900041,1,0,0,1,0,1,1,-116292174,0,-32768,-536870912,-536870912,-1610612711,-1610612711,0,0
1710,171000041,1,0,0,0,0,1,0,-116292174,0,-32768,-536870912,-536870912,-1610612711,-1610612711,0,0
1711,171100041,1,0,0,0,0,1,0,-116292174,0,-32768,-536870912,-536870912,-1610612711,-1610612711,0,0
1712,171200041,1,0,0,0,0,1,0,-116292174,0,-32768,-536870912,-536870912,-1610612711,-1610612711,0,0
1713,171300041,1,0,0,0,0,1,0,-116292174,0,-32768,-536870912,-536870912,-1610612711,-1610612711,0,0
1714,171400041,1,0,0,0,0,1,0,-116292174,0,-32768,-536870912,-536870912,-1610612711,-1610612711,0,0
1715,171500041,1,0,0,0,0,1,0,-116292174,0,-32768,-536870912,-536870912,-1610612711,-1610612711,0,0
1716,171600041,1,0,0,0,0,1,0,-116292174,0,-32768,-536870912,-536870912,-1610612711,-1610612711,0,0
1717,171700041,1,0,0,0,0,1,0,-116292174,0,-32768,-536870912,-536870912,-1610612711,-1610612711,0,0
1718,171800041,1,0,0,0,0,1,0,-116292174,0,-32768,-536870912,-536870912,-1610612711,-1610612711,0,0
1719,171900041,1,0,0,1,0,1,1,-116292174,0,-32768,-536870912,-536870912,-1610612711,-1610612711,0,0
1720,172000041,1,0,0,0,0,1,0,-116292174,0,-32768,-536870912,-536870912,-1610612711,-1610612711,0,0
1721,172100041,1,0,0,0,0,1,0,-116292174,0,-32768,-536870912,-536870912,-1610612711,-1610612711,0,0
1722,172200041,1,0,0,0,0,1,0,-116292174,0,-32768,-536870912,-536870912,-1610612711,-1610612711,0,0
1723,172300041,1,0,0,0,0,1,0,-116292174,0,-32768,-536870912,-536870912,-1610612711,-1610612711,0,0
1724,172400041,1,0,0,0,0,1,0,-116292174,0,-32768,-536870912,-536870912,-1610612711,-1610612711,0,0
1725,172500041,1,0,0,0,0,1,0,-116292174,0,-32768,-536870912,-536870912,-1610612711,-1610612711,0,0
1726,172600041,1,0,0,0,0,1,0,-116292174,0,-32768,-536870912,-536870912,-1610612711,-1610612711,0,0
1727,172700041,1,0,0,0,0,1,0,-116292174,0,-32768,-536870912,-536870912,-1610612711,-1610612711,0,0
1728,172800041,1,0,0,0,0,1,0,-116292174,0,-32768,-536870912,-536870912,-1610612711,-1610612711,0,0
1729,172900041,1,0,0,1,0,1,1,-116292174,0,-32768,-536870912,-536870912,-1610612711,-1610612711,0,0
1730,173000041,1,0,0,0,0,1,0,-116292174,0,-32768,-536870912,-536870912,-1610612711,-1610612711,0,0
1731,173100041,1,0,0,0,0,1,0,-116292174,0,-32768,-536870912,-536870912,-1610612711,-1610612711,0,0
1732,173200041,1,0,0,0,0,1,0,-116292174,0,-32768,-536870912,-536870912,-1610612711,-1610612711,0,0
1733,173300041,1,0,0,0,0,1,0,-116292174,0,-32768,-536870912,-536870912,-1610612711,-1610612711,0,0
1734,173400041,1,0,0,0,0,1,0,-116292174,0,-32768,-536870912,-536870912,-1610612711,-1610612711,0,0
1735,173500041,1,0,0,0,0,1,0,-116292174,0,-32768,-536870912,-536870912,-1610612711,-1610612711,0,0
1736,173600041,1,0,0,0,0,1,0,-116292174,0,-32768,-536870912,-536870912,-1610612711,-1610612711,0,0
1737,173700041,1,0,0,0,0,1,0,-116292174,0,-32768,-536870912,-536870912,-1610612711,-1610612711,0,0
1738,173800041,1,0,0,0,0,1,0,-116292174,0,-32768,-536870912,-536870912,-1610612711,-1610612711,0,0
1739,173900041,1,0,0,1,0,1,1,-116292174,0,-32768,-536870912,-536870912,-1610612711,-1610612711,0,0
1740,174000041,1,0,0,0,0,1,0,-116292174,0,-32768,-536870912,-536870912,-1610612711,-1610612711,0,0
1741,174100041,1,0,0,0,0,1,0,-116292174,0,-32768,-536870912,-536870912,-1610612711,-1610612711,0,0
1742,174200041,1,0,0,0,0,1,0,-116292174,0,-32768,-536870912,-536870912,-1610612711,-1610612711,0,0
1743,174300041,1,0,0,0,0,1,0,-116292174,0,-32768,-536870912,-536870912,-1610612711,-1610612711,0,0
1744,174400041,1,0,0,0,0,1,0,-116292174,0,-32768,-536870912,-536870912,-1610612711,-1610612711,0,0
1745,174500041,1,0,0,0,0,1,0,-116292174,0,-32768,-536870912,-536870912,-1610612711,-1610612711,0,0
1746,174600041,1,0,0,0,0,1,0,-116292174,0,-32768,-536870912,-536870912,-1610612711,-1610612711,0,0
1747,174700041,1,0,0,0,0,1,0,-116292174,0,-32768,-536870912,-536870912,-1610612711,-1610612711,0,0
1748,174800041,1,0,0,0,0,1,0,-116292174,0,-32768,-536870912,-536870912,-1610612711,-1610612711,0,0
1749,174900041,1,0,0,1,0,1,1,-116292174,0,-32768,-536870912,-536870912,-1610612711,-1610612711,0,0
1750,175000041,1,0,0,0,0,1,0,-116292174,0,-32768,-536870912,-536870912,-1610612711,-1610612711,0,0
1751,175100041,1,0,0,0,0,1,0,-116292174,0,-32768,-536870912,-536870912,-1610612711,-1610612711,0,0
1752,175200041,1,0,0,0,0,1,0,-116292174,0,-32768,-536870912,-536870912,-1610612711,-1610612711,0,0
1753,175300041,1,0,0,0,0,1,0,-116292174,0,-32768,-536870912,-536870912,-1610612711,-1610612711,0,0
1754,175400041,1,0,0,0,0,1,0,-116292174,0,-32768,-536870912,-536870912,-1610612711,-1610612711,0,0
1755,175500041,1,0,0,0,0,1,0,-116292174,0,-32768,-536870912,-536870912,-1610612711,-1610612711,0,0
1756,175600041,1,0,0,0,0,1,0,-116292174,0,-32768,-536870912,-536870912,-1610612711,-1610612711,0,0
1757,175700041,1,0,0,0,0,1,0,-116292174,0,-32768,-536870912,-536870912,-1610612711,-1610612711,0,0
1758,175800041,1,0,0,0,0,1,0,-116292174,0,-32768,-536870912,-536870912,-1610612711,-1610612711,0,0
1759,175900041,1,0,0,1,0,1,1,-116292174,0,-32768,-536870912,-536870912,-1610612711,-1610612711,0,0
1760,176000041,1,0,0,0,0,1,0,-116292174,0,-32768,-536870912,-536870912,-1610612711,-1610612711,0,0
1761,176100041,1,0,0,0,0,1,0,-116292174,0,-32768,-536870912,-536870912,-1610612711,-1610612711,0,0
1762,176200041,1,0,0,0,0,1,0,-116292174,0,-32768,-536870912,-536870912,-1610612711,-1610612711,0,0
1763,176300041,1,0,0,0,0,1,0,-116292174,0,-32768,-536870912,-536870912,-1610612711,-1610612711,0,0
1764,176400041,1,0,0,0,0,1,0,-116292174,0,-32768,-536870912,-536870912,-1610612711,-1610612711,0,0
1765,176500041,1,0,0,0,0,1,0,-116292174,0,-32768,-536870912,-536870912,-1610612711,-1610612711,0,0
1766,176600041,1,0,0,0,0,1,0,-116292174,0,-32768,-536870912,-536870912,-1610612711,-1610612711,0,0
1767,176700041,1,0,0,0,0,1,0,-116292174,0,-32768,-536870912,-536870912,-1610612711,-1610612711,0,0
1768,176800041,1,0,0,0,0,1,0,-116292174,0,-32768,-536870912,-536870912,-1610612711,-1610612711,0,0
1769,176900041,1,0,0,1,0,1,1,-116292174,0,-32768,-536870912,-536870912,-1610612711,-1610612711,0,0
1770,177000041,1,0,0,0,0,1,0,-116292174,0,-32768,-536870912,-536870912,-1610612711,-1610612711,0,0
1771,177100041,1,0,0,0,0,1,0,-116292174,0,-32768,-536870912,-536870912,-1610612711,-1610612711,0,0
1772,177200041,1,0,0,0,0,1,0,-116292174,0,-32768,-536870912,-536870912,-1610612711,-1610612711,0,0
1773,177300041,1,0,0,0,0,1,0,-116292174,0,-32768,-536870912,-536870912,-1610612711,-1610612711,0,0
1774,177400041,1,0,0,0,0,1,0,-116292174,0,-32768,-536870912,-536870912,-1610612711,-1610612711,0,0
1775,177500041,1,0,0,0,0,1,0,-116292174,0,-32768,-536870912,-536870912,-1610612711,-1610612711,0,0
1776,177600041,1,0,0,0,0,1,0,-116292174,0,-32768,-536870912,-536870912,-1610612711,-1610612711,0,0
1777,177700041,1,0,0,0,0,1,0,-116292174,0,-32768,-536870912,-536870912,-1610612711,-1610612711,0,0
1778,177800041,1,0,0,0,0,1,0,-116292174,0,-32768,-536870912,-536870912,-1610612711,-1610612711,0,0
1779,177900041,1,0,0,1,0,1,1,-116292174,0,-32768,-536870912,-536870912,-1610612711,-1610612711,0,0
1780,178000041,1,0,0,0,0,1,0,0,0,-32768,-536870912,-536870912,-1610612711,-1610612711,0,0
1781,178100041,1,0,0,0,0,1,0,0,0,-32768,-536870912,-536870912,-1610612711,-1610612711,0,0
1782,178200041,1,0,0,0,0,1,0,0,0,-32768,-536870912,-536870912,-1610612711,-1610612711,0,0
1783,178300041,1,0,0,0,0,1,0,0,0,-32768,-536870912,-536870912,-1610612711,-1610612711,0,0
1784,178400041,1,0,0,0,0,1,0,0,0,-32768,-536870912,-536870912,-1610612711,-1610612711,0,0
1785,178500041,1,0,0,0,0,1,0,0,0,-32768,-536870912,-536870912,-1610612711,-1610612711,0,0
1786,178600041,1,0,0,0,0,1,0,0,0,-32768,-536870912,-536870912,-1610612711,-1610612711,0,0
1787,178700041,1,0,0,0,0,1,0,0,0,-32768,-536870912,-536870912,-1610612711,-1610612711,0,0
1788,178800041,1,0,0,0,0,1,0,0,0,-32768,-536870912,-536870912,-1610612711,-1610612711,0,0
1789,178900041,1,0,0,1,0,1,1,0,0,-16384,-536870912,-408021895,-1610612711,0,0,0
1790,179000041,1,0,0,0,0,1,0,0,0,-16384,-536870912,-408021895,-1610612711,0,0,0
1791,179100041,1,0,0,0,0,1,0,0,0,-16384,-536870912,-408021895,-1610612711,0,0,0
1792,179200041,1,0,0,0,0,1,0,0,0,-16384,-536870912,-408021895,-1610612711,0,0,0
1793,179300041,1,0,0,0,0,1,0,0,0,-16384,-536870912,-408021895,-1610612711,0,0,0
1794,179400041,1,0,0,0,0,1,0,0,0,-16384,-536870912,-408021895,-1610612711,0,0,0
1795,179500041,1,0,0,0,0,1,0,0,0,-16384,-536870912,-408021895,-1610612711,0,0,0
1796,179600041,1,0,0,0,0,1,0,0,0,-16384,-536870912,-408021895,-1610612711,0,0,0
1797,179700041,1,0,0,0,0,1,0,0,0,-16384,-536870912,-408021895,-1610612711,0,0,0
1798,179800041,1,0,0,0,0,1,0,0,0,-16384,-536870912,-408021895,-1610612711,0,0,0
1799,179900041,1,0,0,1,0,1,1,0,0,-12452,-408021895,-408021895,0,0,0,0
1800,180000041,1,0,0,0,0,1,0,0,0,-12452,-408021895,-408021895,0,0,0,0
1801,180100041,1,0,0,0,0,1,0,0,0,-12452,-408021895,-408021895,0,0,0,0
1802,180200041,1,0,0,0,0,1,0,0,0,-12452,-408021895,-408021895,0,0,0,0
1803,180300041,1,0,0,0,0,1,0,0,0,-12452,-408021895,-408021895,0,0,0,0
1804,180400041,1,0,0,0,0,1,0,0,0,-12452,-408021895,-408021895,0,0,0,0
1805,180500041,1,0,0,0,0,1,0,0,0,-12452,-408021895,-408021895,0,0,0,0
1806,180600041,1,0,0,0,0,1,0,0,0,-12452,-408021895,-408021895,0,0,0,0
1807,180700041,1,0,0,0,0,1,0,0,0,-12452,-408021895,-408021895,0,0,0,0
1808,180800041,1,0,0,0,0,1,0,0,0,-12452,-408021895,-408021895,0,0,0,0
1809,180900041,1,0,0,1,0,1,1,0,0,-12452,-408021895,-408021895,0,0,0,0
1810,181000041,1,0,0,0,0,1,0,0,0,-12452,-408021895,-408021895,0,0,0,0
1811,181100041,1,0,0,0,0,1,0,0,0,-12452,-408021895,-408021895,0,0,0,0
1812,181200041,1,0,0,0,0,1,0,0,0,-12452,-408021895,-408021895,0,0,0,0
1813,181300041,1,0,0,0,0,1,0,0,0,-12452,-408021895,-408021895,0,0,0,0
1814,181400041,1,0,0,0,0,1,0,0,0,-12452,-408021895,-408021895,0,0,0,0
1815,181500041,1,0,0,0,0,1,0,0,0,-12452,-408021895,-408021895,0,0,0,0
1816,181600041,1,0,0,0,0,1,0,0,0,-12452,-408021895,-408021895,0,0,0,0
1817,181700041,1,0,0,0,0,1,0,0,0,-12452,-408021895,-408021895,0,0,0,0
1818,181800041,1,0,0,0,0,1,0,0,0,-12452,-408021895,-408021895,0,0,0,0
1819,181900041,1,0,0,1,0,1,1,0,0,-12452,-408021895,-408021895,0,0,0,0
1820,182000041,1,0,0,0,0,1,0,0,0,-12452,-408021895,-408021895,0,0,0,0
1821,182100041,1,0,0,0,0,1,0,0,0,-12452,-408021895,-408021895,0,0,0,0
1822,182200041,1,0,0,0,0,1,0,0,0,-12452,-408021895,-408021895,0,0,0,0
1823,182300041,1,0,0,0,0,1,0,0,0,-12452,-408021895,-408021895,0,0,0,0
1824,182400041,1,0,0,0,0,1,0,0,0,-12452,-408021895,-408021895,0,0,0,0
1825,182500041,1,0,0,0,0,1,0,0,0,-12452,-408021895,-408021895,0,0,0,0
1826,182600041,1,0,0,0,0,1,0,0,0,-12452,-408021895,-408021895,0,0,0,0
1827,182700041,1,0,0,0,0,1,0,0,0,-12452,-408021895,-408021895,0,0,0,0
1828,182800041,1,0,0,0,0,1,0,0,0,-12452,-408021895,-408021895,0,0,0,0
1829,182900041,1,0,0,1,0,1,1,0,0,-12452,-408021895,-408021895,0,0,0,0
1830,183000041,1,0,0,0,0,1,0,0,0,-12452,-408021895,-408021895,0,0,0,0
1831,183100041,1,0,0,0,0,1,0,0,0,-12452,-408021895,-408021895,0,0,0,0
1832,183200041,1,0,0,0,0,1,0,0,0,-12452,-408021895,-408021895,0,0,0,0
1833,183300041,1,0,0,0,0,1,0,0,0,-12452,-408021895,-408021895,0,0,0,0
1834,183400041,1,0,0,0,0,1,0,0,0,-12452,-408021895,-408021895,0,0,0,0
1835,183500041,1,0,0,0,0,1,0,0,0,-12452,-408021895,-408021895,0,0,0,0
1836,183600041,1,0,0,0,0,1,0,0,0,-12452,-408021895,-408021895,0,0,0,0
1837,183700041,1,0,0,0,0,1,0,0,0,-12452,-408021895,-408021895,0,0,0,0
1838,183800041,1,0,0,0,0,1,0,0,0,-12452,-408021895,-408021895,0,0,0,0
1839,183900041,1,0,0,1,0,1,1,0,0,-12452,-408021895,-408021895,0,0,0,0
1840,184000041,1,0,0,0,0,1,0,0,0,-12452,-408021895,-408021895,0,0,0,0
1841,184100041,1,0,0,0,0,1,0,0,0,-12452,-408021895,-408021895,0,0,0,0
1842,184200041,1,0,0,0,0,1,0,0,0,-12452,-408021895,-408021895,0,0,0,0
1843,184300041,1,0,0,0,0,1,0,0,0,-12452,-408021895,-408021895,0,0,0,0
1844,184400041,1,0,0,0,0,1,0,0,0,-12452,-408021895,-408021895,0,0,0,0
1845,184500041,1,0,0,0,0,1,0,0,0,-12452,-408021895,-408021895,0,0,0,0
1846,184600041,1,0,0,0,0,1,0,0,0,-12452,-408021895,-408021895,0,0,0,0
1847,184700041,1,0,0,0,0,1,0,0,0,-12452,-408021895,-408021895,0,0,0,0
1848,184800041,1,0,0,0,0,1,0,0,0,-12452,-408021895,-408021895,0,0,0,0
1849,184900041,1,0,0,1,0,1,1,0,0,-12452,-408021895,-408021895,0,0,0,0
1850,185000041,1,0,0,0,0,1,0,0,0,-12452,-408021895,-408021895,0,0,0,0
1851,185100041,1,0,0,0,0,1,0,0,0,-12452,-408021895,-408021895,0,0,0,0
1852,185200041,1,0,0,0,0,1,0,0,0,-12452,-408021895,-408021895,0,0,0,0
1853,185300041,1,0,0,0,0,1,0,0,0,-12452,-408021895,-408021895,0,0,0,0
1854,185400041,1,0,0,0,0,1,0,0,0,-12452,-408021895,-408021895,0,0,0,0
1855,185500041,1,0,0,0,0,1,0,0,0,-12452,-408021895,-408021895,0,0,0,0
1856,185600041,1,0,0,0,0,1,0,0,0,-12452,-408021895,-408021895,0,0,0,0
1857,185700041,1,0,0,0,0,1,0,0,0,-12452,-408021895,-408021895,0,0,0,0
1858,185800041,1,0,0,0,0,1,0,0,0,-12452,-408021895,-408021895,0,0,0,0
1859,185900041,1,0,0,1,0,1,1,0,0,-12452,-408021895,-408021895,0,0,0,0
1860,186000041,1,0,0,0,0,1,0,0,0,-12452,-408021895,-408021895,0,0,0,0
1861,186100041,1,0,0,0,0,1,0,0,0,-12452,-408021895,-408021895,0,0,0,0
1862,186200041,1,0,0,0,0,1,0,0,0,-12452,-408021895,-408021895,0,0,0,0
1863,186300041,1,0,0,0,0,1,0,0,0,-12452,-408021895,-408021895,0,0,0,0
1864,186400041,1,0,0,0,0,1,0,0,0,-12452,-408021895,-408021895,0,0,0,0
1865,186500041,1,0,0,0,0,1,0,0,0,-12452,-408021895,-408021895,0,0,0,0
1866,186600041,1,0,0,0,0,1,0,0,0,-12452,-408021895,-408021895,0,0,0,0
1867,186700041,1,0,0,0,0,1,0,0,0,-12452,-408021895,-408021895,0,0,0,0
1868,186800041,1,0,0,0,0,1,0,0,0,-12452,-408021895,-408021895,0,0,0,0
1869,186900041,1,0,0,1,0,1,1,0,0,-12452,-408021895,-408021895,0,0,0,0
1870,187000041,1,0,0,0,0,1,0,0,0,-12452,-408021895,-408021895,0,0,0,0
1871,187100041,1,0,0,0,0,1,0,0,0,-12452,-408021895,-408021895,0,0,0,0
1872,187200041,1,0,0,0,0,1,0,0,0,-12452,-408021895,-408021895,0,0,0,0
1873,187300041,1,0,0,0,0,1,0,0,0,-12452,-408021895,-408021895,0,0,0,0
1874,187400041,1,0,0,0,0,1,0,0,0,-12452,-408021895,-408021895,0,0,0,0
1875,187500041,1,0,0,0,0,1,0,0,0,-12452,-408021895,-408021895,0,0,0,0
1876,187600041,1,0,0,0,0,1,0,0,0,-12452,-408021895,-408021895,0,0,0,0
1877,187700041,1,0,0,0,0,1,0,0,0,-12452,-408021895,-408021895,0,0,0,0
1878,187800041,1,0,0,0,0,1,0,0,0,-12452,-408021895,-408021895,0,0,0,0
1879,187900041,1,0,0,1,0,1,1,0,0,-12452,-408021895,-408021895,0,0,0,0
1880,188000041,1,0,0,0,0,1,0,0,0,-12452,-408021895,-408021895,0,0,0,0
1881,188100041,1,0,0,0,0,1,0,0,0,-12452,-408021895,-408021895,0,0,0,0
1882,188200041,1,0,0,0,0,1,0,0,0,-12452,-408021895,-408021895,0,0,0,0
1883,188300041,1,0,0,0,0,1,0,0,0,-12452,-408021895,-408021895,0,0,0,0
1884,188400041,1,0,0,0,0,1,0,0,0,-12452,-408021895,-408021895,0,0,0,0
1885,188500041,1,0,0,0,0,1,0,0,0,-12452,-408021895,-408021895,0,0,0,0
1886,188600041,1,0,0,0,0,1,0,0,0,-12452,-408021895,-408021895,0,0,0,0
1887,188700041,1,0,0,0,0,1,0,0,0,-12452,-408021895,-408021895,0,0,0,0
1888,188800041,1,0,0,0,0,1,0,0,0,-12452,-408021895,-408021895,0,0,0,0
1889,188900041,1,0,0,1,0,1,1,0,0,-12452,-408021895,-408021895,0,0,0,0
1890,189000041,1,0,0,0,0,1,0,0,0,-12452,-408021895,-408021895,0,0,0,0
1891,189100041,1,0,0,0,0,1,0,0,0,-12452,-408021895,-408021895,0,0,0,0
1892,189200041,1,0,0,0,0,1,0,0,0,-12452,-408021895,-408021895,0,0,0,0
1893,189300041,1,0,0,0,0,1,0,0,0,-12452,-408021895,-408021895,0,0,0,0
1894,189400041,1,0,0,0,0,1,0,0,0,-12452,-408021895,-408021895,0,0,0,0
1895,189500041,1,0,0,0,0,1,0,0,0,-12452,-408021895,-408021895,0,0,0,0
1896,189600041,1,0,0,0,0,1,0,0,0,-12452,-408021895,-408021895,0,0,0,0
1897,189700041,1,0,0,0,0,1,0,0,0,-12452,-408021895,-408021895,0,0,0,0
1898,189800041,1,0,0,0,0,1,0,0,0,-12452,-408021895,-408021895,0,0,0,0
1899,189900041,1,0,0,1,0,1,1,0,0,-12452,-408021895,-408021895,0,0,0,0
1900,190000041,1,0,0,0,0,1,0,0,0,-12452,-408021895,-408021895,0,0,0,0
1901,190100041,1,0,0,0,0,1,0,0,0,-12452,-408021895,-408021895,0,0,0,0
1902,190200041,1,0,0,0,0,1,0,0,0,-12452,-408021895,-408021895,0,0,0,0
1903,190300041,1,0,0,0,0,1,0,0,0,-12452,-408021895,-408021895,0,0,0,0
1904,190400041,1,0,0,0,0,1,0,0,0,-12452,-408021895,-408021895,0,0,0,0
1905,190500041,1,0,0,0,0,1,0,0,0,-12452,-408021895,-408021895,0,0,0,0
1906,190600041,1,0,0,0,0,1,0,0,0,-12452,-408021895,-408021895,0,0,0,0
1907,190700041,1,0,0,0,0,1,0,0,0,-12452,-408021895,-408021895,0,0,0,0
1908,190800041,1,0,0,0,0,1,0,0,0,-12452,-408021895,-408021895,0,0,0,0
1909,190900041,1,0,0,1,0,1,1,0,0,-12452,-408021895,-408021895,0,0,0,0
1910,191000041,1,0,0,0,0,1,0,0,0,-12452,-408021895,-408021895,0,0,0,0
1911,191100041,1,0,0,0,0,1,0,0,0,-12452,-408021895,-408021895,0,0,0,0
1912,191200041,1,0,0,0,0,1,0,0,0,-12452,-408021895,-408021895,0,0,0,0
1913,191300041,1,0,0,0,0,1,0,0,0,-12452,-408021895,-408021895,0,0,0,0
1914,191400041,1,0,0,0,0,1,0,0,0,-12452,-408021895,-408021895,0,0,0,0
1915,191500041,1,0,0,0,0,1,0,0,0,-12452,-408021895,-408021895,0,0,0,0
1916,191600041,1,0,0,0,0,1,0,0,0,-12452,-408021895,-408021895,0,0,0,0
1917,191700041,1,0,0,0,0,1,0,0,0,-12452,-408021895,-408021895,0,0,0,0
1918,191800041,1,0,0,0,0,1,0,0,0,-12452,-408021895,-408021895,0,0,0,0
1919,191900041,1,0,0,1,0,1,1,0,0,-12452,-408021895,-408021895,0,0,0,0
1920,192000041,1,0,0,0,0,1,0,0,0,-12452,-408021895,-408021895,0,0,0,0
1921,192100041,1,0,0,0,0,1,0,0,0,-12452,-408021895,-408021895,0,0,0,0
1922,192200041,1,0,0,0,0,1,0,0,0,-12452,-408021895,-408021895,0,0,0,0
1923,192300041,1,0,0,0,0,1,0,0,0,-12452,-408021895,-408021895,0,0,0,0
1924,192400041,1,0,0,0,0,1,0,0,0,-12452,-408021895,-408021895,0,0,0,0
1925,192500041,1,0,0,0,0,1,0,0,0,-12452,-408021895,-408021895,0,0,0,0
1926,192600041,1,0,0,0,0,1,0,0,0,-12452,-408021895,-408021895,0,0,0,0
1927,192700041,1,0,0,0,0,1,0,0,0,-12452,-408021895,-408021895,0,0,0,0
1928,192800041,1,0,0,0,0,1,0,0,0,-12452,-408021895,-408021895,0,0,0,0
1929,192900041,1,0,0,1,0,1,1,0,0,-12452,-408021895,-408021895,0,0,0,0
1930,193000041,1,0,0,0,0,1,0,2097152,0,-12452,-408021895,-408021895,0,0,0,0
1931,193100041,1,0,0,0,0,1,0,2097152,0,-12452,-408021895,-408021895,0,0,0,0
1932,193200041,1,0,0,0,0,1,0,2097152,0,-12452,-408021895,-408021895,0,0,0,0
1933,193300041,1,0,0,0,0,1,0,2097152,0,-12452,-408021895,-408021895,0,0,0,0
1934,193400041,1,0,0,0,0,1,0,2097152,0,-12452,-408021895,-408021895,0,0,0,0
1935,193500041,1,0,0,0,0,1,0,2097152,0,-12452,-408021895,-408021895,0,0,0,0
1936,193600041,1,0,0,0,0,1,0,2097152,0,-12452,-408021895,-408021895,0,0,0,0
1937,193700041,1,0,0,0,0,1,0,2097152,0,-12452,-408021895,-408021895,0,0,0,0
1938,193800041,1,0,0,0,0,1,0,2097152,0,-12452,-408021895,-408021895,0,0,0,0
1939,193900041,1,0,0,1,0,1,1,2097152,0,-11270,-408021895,-404923767,0,0,0,0
1940,194000041,1,0,0,0,0,1,0,2097152,0,-11270,-408021895,-404923767,0,0,0,0
1941,194100041,1,0,0,0,0,1,0,2097152,0,-11270,-408021895,-404923767,0,0,0,0
1942,194200041,1,0,0,0,0,1,0,2097152,0,-11270,-408021895,-404923767,0,0,0,0
1943,194300041,1,0,0,0,0,1,0,2097152,0,-11270,-408021895,-404923767,0,0,0,0
1944,194400041,1,0,0,0,0,1,0,2097152,0,-11270,-408021895,-404923767,0,0,0,0
1945,194500041,1,0,0,0,0,1,0,2097152,0,-11270,-408021895,-404923767,0,0,0,0
1946,194600041,1,0,0,0,0,1,0,2097152,0,-11270,-408021895,-404923767,0,0,0,0
1947,194700041,1,0,0,0,0,1,0,2097152,0,-11270,-408021895,-404923767,0,0,0,0
1948,194800041,1,0,0,0,0,1,0,2097152,0,-11270,-408021895,-404923767,0,0,0,0
1949,194900041,1,0,0,1,0,1,1,2097152,0,-11175,-404923767,-401825639,0,0,0,0
1950,195000041,1,0,0,0,0,1,0,5242880,10485760,-11175,-404923767,-401825639,0,0,0,0
1951,195100041,1,0,0,0,0,1,0,5242880,10485760,-11175,-404923767,-401825639,0,0,0,0
1952,195200041,1,0,0,0,0,1,0,5242880,10485760,-11175,-404923767,-401825639,0,0,0,0
1953,195300041,1,0,0,0,0,1,0,5242880,10485760,-11175,-404923767,-401825639,0,0,0,0
1954,195400041,1,0,0,0,0,1,0,5242880,10485760,-11175,-404923767,-401825639,0,0,0,0
1955,195500041,1,0,0,0,0,1,0,5242880,10485760,-11175,-404923767,-401825639,0,0,0,0
1956,195600041,1,0,0,0,0,1,0,5242880,10485760,-11175,-404923767,-401825639,0,0,0,0
1957,195700041,1,0,0,0,0,1,0,5242880,10485760,-11175,-404923767,-401825639,0,0,0,0
1958,195800041,1,0,0,0,0,1,0,5242880,10485760,-11175,-404923767,-401825639,0,0,0,0
1959,195900041,1,0,0,1,0,1,1,5242880,10485760,-15217,-401825639,0,0,0,0,1
1960,196000041,1,0,0,0,0,1,0,5242880,10485760,-15217,-401825639,0,0,0,0,1
1961,196100041,1,0,0,0,0,1,0,5242880,10485760,-15217,-401825639,0,0,0,0,1
1962,196200041,1,0,0,0,0,1,0,5242880,10485760,-15217,-401825639,0,0,0,0,1
1963,196300041,1,0,0,0,0,1,0,5242880,10485760,-15217,-401825639,0,0,0,0,1
1964,196400041,1,0,0,0,0,1,0,5242880,10485760,-15217,-401825639,0,0,0,0,1
1965,196500041,1,0,0,0,0,1,0,5242880,10485760,-15217,-401825639,0,0,0,0,1
1966,196600041,1,0,0,0,0,1,0,5242880,10485760,-15217,-401825639,0,0,0,0,1
1967,196700041,1,0,0,0,0,1,0,5242880,10485760,-15217,-401825639,0,0,0,0,1
1968,196800041,1,0,0,0,0,1,0,5242880,10485760,-15217,-401825639,0,0,0,0,1
1969,196900041,1,0,0,1,0,1,1,5242880,10485760,-2955,0,0,0,0,0,1
1970,197000041,1,0,0,0,0,1,0,5242880,10485760,-2955,0,0,0,0,0,1
1971,197100041,1,0,0,0,0,1,0,5242880,10485760,-2955,0,0,0,0,0,1
1972,197200041,1,0,0,0,0,1,0,5242880,10485760,-2955,0,0,0,0,0,1
1973,197300041,1,0,0,0,0,1,0,5242880,10485760,-2955,0,0,0,0,0,1
1974,197400041,1,0,0,0,0,1,0,5242880,10485760,-2955,0,0,0,0,0,1
1975,197500041,1,0,0,0,0,1,0,5242880,10485760,-2955,0,0,0,0,0,1
1976,197600041,1,0,0,0,0,1,0,5242880,10485760,-2955,0,0,0,0,0,1
1977,197700041,1,0,0,0,0,1,0,5242880,10485760,-2955,0,0,0,0,0,1
1978,197800041,1,0,0,0,0,1,0,5242880,10485760,-2955,0,0,0,0,0,1
1979,197900041,1,0,0,1,0,1,1,5242880,10485760,-2955,0,0,0,0,0,1
1980,198000041,1,0,0,0,0,1,0,2097152,0,-2955,0,0,0,0,0,1
1981,198100041,1,0,0,0,0,1,0,2097152,0,-2955,0,0,0,0,0,1
1982,198200041,1,0,0,0,0,1,0,2097152,0,-2955,0,0,0,0,0,1
1983,198300041,1,0,0,0,0,1,0,2097152,0,-2955,0,0,0,0,0,1
1984,198400041,1,0,0,0,0,1,0,2097152,0,-2955,0,0,0,0,0,1
1985,198500041,1,0,0,0,0,1,0,2097152,0,-2955,0,0,0,0,0,1
1986,198600041,1,0,0,0,0,1,0,2097152,0,-2955,0,0,0,0,0,1
1987,198700041,1,0,0,0,0,1,0,2097152,0,-2955,0,0,0,0,0,1
1988,198800041,1,0,0,0,0,1,0,2097152,0,-2955,0,0,0,0,0,1
1989,198900041,1,0,0,1,0,1,1,2097152,0,1182,0,3098128,0,0,0,0
1990,199000041,1,0,0,0,0,1,0,2097152,0,1182,0,3098128,0,0,0,0
1991,199100041,1,0,0,0,0,1,0,2097152,0,1182,0,3098128,0,0,0,0
1992,199200041,1,0,0,0,0,1,0,2097152,0,1182,0,3098128,0,0,0,0
1993,199300041,1,0,0,0,0,1,0,2097152,0,1182,0,3098128,0,0,0,0
1994,199400041,1,0,0,0,0,1,0,2097152,0,1182,0,3098128,0,0,0,0
1995,199500041,1,0,0,0,0,1,0,2097152,0,1182,0,3098128,0,0,0,0
1996,199600041,1,0,0,0,0,1,0,2097152,0,1182,0,3098128,0,0,0,0
1997,199700041,1,0,0,0,0,1,0,2097152,0,1182,0,3098128,0,0,0,0
1998,199800041,1,0,0,0,0,1,0,2097152,0,1182,0,3098128,0,0,0,0
1999,199900041,1,0,0,1,0,1,1,2097152,0,1276,3098128,6196256,0,0,0,0
2000,200000041,1,0,0,0,0,1,0,2097152,0,1276,3098128,6196256,0,0,0,0
2001,200100041,1,0,0,0,0,1,0,2097152,0,1276,3098128,6196256,0,0,0,0
2002,200200041,1,0,0,0,0,1,0,2097152,0,1276,3098128,6196256,0,0,0,0
2003,200300041,1,0,0,0,0,1,0,2097152,0,1276,3098128,6196256,0,0,0,0
2004,200400041,1,0,0,0,0,1,0,2097152,0,1276,3098128,6196256,0,0,0,0
2005,200500041,1,0,0,0,0,1,0,2097152,0,1276,3098128,6196256,0,0,0,0
2006,200600041,1,0,0,0,0,1,0,2097152,0,1276,3098128,6196256,0,0,0,0
2007,200700041,1,0,0,0,0,1,0,2097152,0,1276,3098128,6196256,0,0,0,0
2008,200800041,1,0,0,0,0,1,0,2097152,0,1276,3098128,6196256,0,0,0,0
2009,200900041,1,0,0,1,0,1,1,2097152,0,1371,6196256,9294384,0,0,0,0
2010,201000041,1,0,0,0,0,1,0,2097152,0,1371,6196256,9294384,0,0,0,0
2011,201100041,1,0,0,0,0,1,0,2097152,0,1371,6196256,9294384,0,0,0,0
2012,201200041,1,0,0,0,0,1,0,2097152,0,1371,6196256,9294384,0,0,0,0
2013,201300041,1,0,0,0,0,1,0,2097152,0,1371,6196256,9294384,0,0,0,0
2014,201400041,1,0,0,0,0,1,0,2097152,0,1371,6196256,9294384,0,0,0,0
2015,201500041,1,0,0,0,0,1,0,2097152,0,1371,6196256,9294384,0,0,0,0
2016,201600041,1,0,0,0,0,1,0,2097152,0,1371,6196256,9294384,0,0,0,0
2017,201700041,1,0,0,0,0,1,0,2097152,0,1371,6196256,9294384,0,0,0,0
2018,201800041,1,0,0,0,0,1,0,2097152,0,1371,6196256,9294384,0,0,0,0
2019,201900041,1,0,0,1,0,1,1,2097152,0,1465,9294384,12392512,0,0,0,0
2020,202000041,1,0,0,0,0,1,0,2097152,0,1465,9294384,12392512,0,0,0,0
2021,202100041,1,0,0,0,0,1,0,2097152,0,1465,9294384,12392512,0,0,0,0
2022,202200041,1,0,0,0,0,1,0,2097152,0,1465,9294384,12392512,0,0,0,0
2023,202300041,1,0,0,0,0,1,0,2097152,0,1465,9294384,12392512,0,0,0,0
2024,202400041,1,0,0,0,0,1,0,2097152,0,1465,9294384,12392512,0,0,0,0
2025,202500041,1,0,0,0,0,1,0,2097152,0,1465,9294384,12392512,0,0,0,0
2026,202600041,1,0,0,0,0,1,0,2097152,0,1465,9294384,12392512,0,0,0,0
2027,202700041,1,0,0,0,0,1,0,2097152,0,1465,9294384,12392512,0,0,0,0
2028,202800041,1,0,0,0,0,1,0,2097152,0,1465,9294384,12392512,0,0,0,0
2029,202900041,1,0,0,1,0,1,1,2097152,0,1560,12392512,15490640,0,0,0,0
2030,203000041,1,0,0,0,0,1,0,2097152,0,1560,12392512,15490640,0,0,0,0
2031,203100041,1,0,0,0,0,1,0,2097152,0,1560,12392512,15490640,0,0,0,0
2032,203200041,1,0,0,0,0,1,0,2097152,0,1560,12392512,15490640,0,0,0,0
2033,203300041,1,0,0,0,0,1,0,2097152,0,1560,12392512,15490640,0,0,0,0
2034,203400041,1,0,0,0,0,1,0,2097152,0,1560,12392512,15490640,0,0,0,0
2035,203500041,1,0,0,0,0,1,0,2097152,0,1560,12392512,15490640,0,0,0,0
2036,203600041,1,0,0,0,0,1,0,2097152,0,1560,12392512,15490640,0,0,0,0
2037,203700041,1,0,0,0,0,1,0,2097152,0,1560,12392512,15490640,0,0,0,0
2038,203800041,1,0,0,0,0,1,0,2097152,0,1560,12392512,15490640,0,0,0,0
2039,203900041,1,0,0,1,0,1,1,2097152,0,1655,15490640,18588768,0,0,0,0
2040,204000041,1,0,0,0,0,1,0,2097152,0,1655,15490640,18588768,0,0,0,0
2041,204100041,1,0,0,0,0,1,0,2097152,0,1655,15490640,18588768,0,0,0,0
2042,204200041,1,0,0,0,0,1,0,2097152,0,1655,15490640,18588768,0,0,0,0
2043,204300041,1,0,0,0,0,1,0,2097152,0,1655,15490640,18588768,0,0,0,0
2044,204400041,1,0,0,0,0,1,0,2097152,0,1655,15490640,18588768,0,0,0,0
2045,204500041,1,0,0,0,0,1,0,2097152,0,1655,15490640,18588768,0,0,0,0
2046,204600041,1,0,0,0,0,1,0,2097152,0,1655,15490640,18588768,0,0,0,0
2047,204700041,1,0,0,0,0,1,0,2097152,0,1655,15490640,18588768,0,0,0,0
2048,204800041,1,0,0,0,0,1,0,2097152,0,1655,15490640,18588768,0,0,0,0
2049,204900041,1,0,0,1,0,1,1,2097152,0,1749,18588768,21686896,0,0,0,0
2050,205000041,1,0,0,0,0,1,0,2097152,0,1749,18588768,21686896,0,0,0,0
2051,205100041,1,0,0,0,0,1,0,2097152,0,1749,18588768,21686896,0,0,0,0
2052,205200041,1,0,0,0,0,1,0,2097152,0,1749,18588768,21686896,0,0,0,0
2053,205300041,1,0,0,0,0,1,0,2097152,0,1749,18588768,21686896,0,0,0,0
2054,205400041,1,0,0,0,0,1,0,2097152,0,1749,18588768,21686896,0,0,0,0
2055,205500041,1,0,0,0,0,1,0,2097152,0,1749,18588768,21686896,0,0,0,0
2056,205600041,1,0,0,0,0,1,0,2097152,0,1749,18588768,21686896,0,0,0,0
2057,205700041,1,0,0,0,0,1,0,2097152,0,1749,18588768,21686896,0,0,0,0
2058,205800041,1,0,1,0,0,1,0,2097152,0,1749,18588768,21686896,0,0,0,0
2059,205900041,1,0,1,1,0,1,1,2097152,0,0,21686896,0,0,0,1,1
2060,206000041,1,0,1,0,0,1,0,2097152,0,0,21686896,0,0,0,1,1
2061,206100041,1,0,0,0,0,1,0,2097152,0,0,21686896,0,0,0,1,1
2062,206200041,1,0,0,0,0,1,0,2097152,0,0,21686896,0,0,0,1,1
2063,206300041,1,0,0,0,0,1,0,2097152,0,0,21686896,0,0,0,1,1
2064,206400041,1,0,0,0,0,1,0,2097152,0,0,21686896,0,0,0,1,1
2065,206500041,1,0,0,0,0,1,0,2097152,0,0,21686896,0,0,0,1,1
2066,206600041,1,0,0,0,0,1,0,2097152,0,0,21686896,0,0,0,1,1
2067,206700041,1,0,0,0,0,1,0,2097152,0,0,21686896,0,0,0,1,1
2068,206800041,1,0,0,0,0,1,0,2097152,0,0,21686896,0,0,0,1,1
2069,206900041,1,0,0,1,0,1,1,2097152,0,1182,0,3098128,0,0,0,0
2070,207000041,1,0,0,0,0,1,0,2097152,0,1182,0,3098128,0,0,0,0
2071,207100041,1,0,0,0,0,1,0,2097152,0,1182,0,3098128,0,0,0,0
2072,207200041,1,0,0,0,0,1,0,2097152,0,1182,0,3098128,0,0,0,0
2073,207300041,1,0,0,0,0,1,0,2097152,0,1182,0,3098128,0,0,0,0
2074,207400041,1,0,0,0,0,1,0,2097152,0,1182,0,3098128,0,0,0,0
2075,207500041,1,0,0,0,0,1,0,2097152,0,1182,0,3098128,0,0,0,0
2076,207600041,1,0,0,0,0,1,0,2097152,0,1182,0,3098128,0,0,0,0
2077,207700041,1,0,0,0,0,1,0,2097152,0,1182,0,3098128,0,0,0,0
2078,207800041,1,0,0,0,0,1,0,2097152,0,1182,0,3098128,0,0,0,0
2079,207900041,1,0,0,1,0,1,1,2097152,0,1276,3098128,6196256,0,0,0,0
2080,208000041,1,0,0,0,0,1,0,2097152,0,1276,3098128,6196256,0,0,0,0
2081,208100041,1,0,0,0,0,1,0,2097152,0,1276,3098128,6196256,0,0,0,0
2082,208200041,1,0,0,0,0,1,0,2097152,0,1276,3098128,6196256,0,0,0,0
2083,208300041,1,0,0,0,0,1,0,2097152,0,1276,3098128,6196256,0,0,0,0
2084,208400041,1,0,0,0,0,1,0,2097152,0,1276,3098128,6196256,0,0,0,0
2085,208500041,1,0,0,0,0,1,0,2097152,0,1276,3098128,6196256,0,0,0,0
2086,208600041,1,0,0,0,0,1,0,2097152,0,1276,3098128,6196256,0,0,0,0
2087,208700041,1,0,0,0,0,1,0,2097152,0,1276,3098128,6196256,0,0,0,0
2088,208800041,1,0,0,0,0,1,0,2097152,0,1276,3098128,6196256,0,0,0,0
2089,208900041,1,0,0,1,0,1,1,2097152,0,1371,6196256,9294384,0,0,0,0
2090,209000041,1,0,0,0,0,1,0,2097152,0,1371,6196256,9294384,0,0,0,0
2091,209100041,1,0,0,0,0,1,0,2097152,0,1371,6196256,9294384,0,0,0,0
2092,209200041,1,0,0,0,0,1,0,2097152,0,1371,6196256,9294384,0,0,0,0
2093,209300041,1,0,0,0,0,1,0,2097152,0,1371,6196256,9294384,0,0,0,0
2094,209400041,1,0,0,0,0,1,0,2097152,0,1371,6196256,9294384,0,0,0,0
2095,209500041,1,0,0,0,0,1,0,2097152,0,1371,6196256,9294384,0,0,0,0
2096,209600041,1,0,0,0,0,1,0,2097152,0,1371,6196256,9294384,0,0,0,0
2097,209700041,1,0,0,0,0,1,0,2097152,0,1371,6196256,9294384,0,0,0,0
2098,209800041,1,0,0,0,0,1,0,2097152,0,1371,6196256,9294384,0,0,0,0
2099,209900041,1,0,0,1,0,1,1,2097152,0,1465,9294384,12392512,0,0,0,0
2100,210000041,1,0,1,0,0,1,0,2097152,0,1465,9294384,12392512,0,0,0,0
2101,210100041,1,0,1,0,0,1,0,2097152,0,1465,9294384,12392512,0,0,0,0
2102,210200041,1,0,1,0,0,1,0,2097152,0,1465,9294384,12392512,0,0,0,0
2103,210300041,1,0,0,0,0,1,0,2097152,0,1465,9294384,12392512,0,0,0,0
2104,210400041,1,0,0,0,0,1,0,2097152,0,1465,9294384,12392512,0,0,0,0
2105,210500041,1,0,0,0,0,1,0,2097152,0,1465,9294384,12392512,0,0,0,0
2106,210600041,1,0,0,0,0,1,0,2097152,0,1465,9294384,12392512,0,0,0,0
2107,210700041,1,0,0,0,0,1,0,2097152,0,1465,9294384,12392512,0,0,0,0
2108,210800041,1,0,0,0,0,1,0,2097152,0,1465,9294384,12392512,0,0,0,0
2109,210900041,1,0,0,1,0,1,1,2097152,0,1560,12392512,15490640,0,0,0,0
2110,211000041,1,0,0,0,0,1,0,2097152,0,1560,12392512,15490640,0,0,0,0
2111,211100041,1,0,0,0,0,1,0,2097152,0,1560,12392512,15490640,0,0,0,0
2112,211200041,1,0,0,0,0,1,0,2097152,0,1560,12392512,15490640,0,0,0,0
2113,211300041,1,0,0,0,0,1,0,2097152,0,1560,12392512,15490640,0,0,0,0
2114,211400041,1,0,0,0,0,1,0,2097152,0,1560,12392512,15490640,0,0,0,0
2115,211500041,1,0,0,0,0,1,0,2097152,0,1560,12392512,15490640,0,0,0,0
2116,211600041,1,0,0,0,0,1,0,2097152,0,1560,12392512,15490640,0,0,0,0
2117,211700041,1,0,0,0,0,1,0,2097152,0,1560,12392512,15490640,0,0,0,0
2118,211800041,1,0,0,0,0,1,0,2097152,0,1560,12392512,15490640,0,0,0,0
2119,211900041,1,0,0,1,0,1,1,2097152,0,1655,15490640,18588768,0,0,0,0
2120,212000041,1,0,0,0,0,1,0,2097152,0,1655,15490640,18588768,0,0,0,0
2121,212100041,1,0,0,0,0,1,0,2097152,0,1655,15490640,18588768,0,0,0,0
2122,212200041,1,0,0,0,0,1,0,2097152,0,1655,15490640,18588768,0,0,0,0
2123,212300041,1,0,0,0,0,1,0,2097152,0,1655,15490640,18588768,0,0,0,0
2124,212400041,1,0,0,0,0,1,0,2097152,0,1655,15490640,18588768,0,0,0,0
2125,212500041,1,0,0,0,0,1,0,2097152,0,1655,15490640,18588768,0,0,0,0
2126,212600041,1,0,0,0,0,1,0,2097152,0,1655,15490640,18588768,0,0,0,0
2127,212700041,1,0,0,0,0,1,0,2097152,0,1655,15490640,18588768,0,0,0,0
2128,212800041,1,0,0,0,0,1,0,2097152,0,1655,15490640,18588768,0,0,0,0
2129,212900041,1,0,0,1,0,1,1,2097152,0,1749,18588768,21686896,0,0,0,0
2130,213000041,1,0,0,0,0,1,0,2097152,0,1749,18588768,21686896,0,0,0,0
2131,213100041,1,0,0,0,0,1,0,2097152,0,1749,18588768,21686896,0,0,0,0
2132,213200041,1,0,0,0,0,1,0,2097152,0,1749,18588768,21686896,0,0,0,0
2133,213300041,1,0,0,0,0,1,0,2097152,0,1749,18588768,21686896,0,0,0,0
2134,213400041,1,0,0,0,0,1,0,2097152,0,1749,18588768,21686896,0,0,0,0
2135,213500041,1,0,0,0,0,1,0,2097152,0,1749,18588768,21686896,0,0,0,0
2136,213600041,1,0,0,0,0,1,0,2097152,0,1749,18588768,21686896,0,0,0,0
2137,213700041,1,0,0,0,0,1,0,2097152,0,1749,18588768,21686896,0,0,0,0
2138,213800041,1,0,0,0,0,1,0,2097152,0,1749,18588768,21686896,0,0,0,0
2139,213900041,1,0,1,1,0,1,1,2097152,0,0,21686896,0,0,0,1,1
2140,214000041,1,0,0,0,0,1,0,2097152,0,0,21686896,0,0,0,1,1
2141,214100041,1,0,0,0,0,1,0,2097152,0,0,21686896,0,0,0,1,1
2142,214200041,1,0,0,0,0,1,0,2097152,0,0,21686896,0,0,0,1,1
2143,214300041,1,0,0,0,0,1,0,2097152,0,0,21686896,0,0,0,1,1
2144,214400041,1,0,0,0,0,1,0,2097152,0,0,21686896,0,0,0,1,1
2145,214500041,1,0,0,0,0,1,0,2097152,0,0,21686896,0,0,0,1,1
2146,214600041,1,0,0,0,0,1,0,2097152,0,0,21686896,0,0,0,1,1
2147,214700041,1,0,0,0,0,1,0,2097152,0,0,21686896,0,0,0,1,1
2148,214800041,1,0,0,0,0,1,0,2097152,0,0,21686896,0,0,0,1,1
2149,214900041,1,0,0,1,0,1,1,2097152,0,1182,0,3098128,0,0,0,0
2150,215000041,1,0,0,0,0,1,0,2097152,0,1182,0,3098128,0,0,0,0
2151,215100041,1,0,0,0,0,1,0,2097152,0,1182,0,3098128,0,0,0,0
2152,215200041,1,0,0,0,0,1,0,2097152,0,1182,0,3098128,0,0,0,0
2153,215300041,1,0,0,0,0,1,0,2097152,0,1182,0,3098128,0,0,0,0
2154,215400041,1,0,0,0,0,1,0,2097152,0,1182,0,3098128,0,0,0,0
2155,215500041,1,0,0,0,0,1,0,2097152,0,1182,0,3098128,0,0,0,0
2156,215600041,1,0,0,0,0,1,0,2097152,0,1182,0,3098128,0,0,0,0
2157,215700041,1,0,0,0,0,1,0,2097152,0,1182,0,3098128,0,0,0,0
2158,215800041,1,0,0,0,0,1,0,2097152,0,1182,0,3098128,0,0,0,0
2159,215900041,1,0,0,1,0,1,1,2097152,0,1276,3098128,6196256,0,0,0,0
2160,216000041,1,0,0,0,0,1,0,2097152,0,1276,3098128,6196256,0,0,0,0
2161,216100041,1,0,0,0,0,1,0,2097152,0,1276,3098128,6196256,0,0,0,0
2162,216200041,1,0,0,0,0,1,0,2097152,0,1276,3098128,6196256,0,0,0,0
2163,216300041,1,0,0,0,0,1,0,2097152,0,1276,3098128,6196256,0,0,0,0
2164,216400041,1,0,0,0,0,1,0,2097152,0,1276,3098128,6196256,0,0,0,0
2165,216500041,1,0,0,0,0,1,0,2097152,0,1276,3098128,6196256,0,0,0,0
2166,216600041,1,0,0,0,0,1,0,2097152,0,1276,3098128,6196256,0,0,0,0
2167,216700041,1,0,0,0,0,1,0,2097152,0,1276,3098128,6196256,0,0,0,0
2168,216800041,1,0,0,0,0,1,0,2097152,0,1276,3098128,6196256,0,0,0,0
2169,216900041,1,0,0,1,0,1,1,2097152,0,1371,6196256,9294384,0,0,0,0
2170,217000041,1,0,0,0,0,1,0,2097152,0,1371,6196256,9294384,0,0,0,0
2171,217100041,1,0,0,0,0,1,0,2097152,0,1371,6196256,9294384,0,0,0,0
2172,217200041,1,0,0,0,0,1,0,2097152,0,1371,6196256,9294384,0,0,0,0
2173,217300041,1,0,0,0,0,1,0,2097152,0,1371,6196256,9294384,0,0,0,0
2174,217400041,1,0,0,0,0,1,0,2097152,0,1371,6196256,9294384,0,0,0,0
2175,217500041,1,0,0,0,0,1,0,2097152,0,1371,6196256,9294384,0,0,0,0
2176,217600041,1,0,0,0,0,1,0,2097152,0,1371,6196256,9294384,0,0,0,0
2177,217700041,1,0,0,0,0,1,0,2097152,0,1371,6196256,9294384,0,0,0,0
2178,217800041,1,0,0,0,0,1,0,2097152,0,1371,6196256,9294384,0,0,0,0
2179,217900041,1,0,0,1,0,1,1,2097152,0,1465,9294384,12392512,0,0,0,0
2180,218000041,1,0,0,0,0,1,0,2097152,0,1465,9294384,12392512,0,0,0,0
2181,218100041,1,0,0,0,0,1,0,2097152,0,1465,9294384,12392512,0,0,0,0
2182,218200041,1,0,0,0,0,1,0,2097152,0,1465,9294384,12392512,0,0,0,0
2183,218300041,1,0,0,0,0,1,0,2097152,0,1465,9294384,12392512,0,0,0,0
2184,218400041,1,0,0,0,0,1,0,2097152,0,1465,9294384,12392512,0,0,0,0
2185,218500041,1,0,0,0,0,1,0,2097152,0,1465,9294384,12392512,0,0,0,0
2186,218600041,1,0,0,0,0,1,0,2097152,0,1465,9294384,12392512,0,0,0,0
2187,218700041,1,0,0,0,0,1,0,2097152,0,1465,9294384,12392512,0,0,0,0
2188,218800041,1,0,0,0,0,1,0,2097152,0,1465,9294384,12392512,0,0,0,0
2189,218900041,1,0,0,1,0,1,1,2097152,0,0,12392512,0,0,0,1,1
2190,219000041,1,0,0,0,0,1,0,2097152,0,0,12392512,0,0,0,1,1
2191,219100041,1,0,0,0,0,1,0,2097152,0,0,12392512,0,0,0,1,1
2192,219200041,1,0,0,0,0,1,0,2097152,0,0,12392512,0,0,0,1,1
2193,219300041,1,0,0,0,0,1,0,2097152,0,0,12392512,0,0,0,1,1
2194,219400041,1,0,0,0,0,1,0,2097152,0,0,12392512,0,0,0,1,1
2195,219500041,1,0,0,0,0,1,0,2097152,0,0,12392512,0,0,0,1,1
2196,219600041,1,0,0,0,0,1,0,2097152,0,0,12392512,0,0,0,1,1
2197,219700041,1,0,0,0,0,1,0,2097152,0,0,12392512,0,0,0,1,1
2198,219800041,1,0,0,0,0,1,0,2097152,0,0,12392512,0,0,0,1,1
2199,219900041,1,0,0,1,0,1,1,2097152,0,0,0,0,0,0,1,1
2200,220000041,1,0,0,0,0,1,0,2097152,0,0,0,0,0,0,1,1
2201,220100041,1,0,0,0,0,1,0,2097152,0,0,0,0,0,0,1,1
2202,220200041,1,0,0,0,0,1,0,2097152,0,0,0,0,0,0,1,1
2203,220300041,1,0,0,0,0,1,0,2097152,0,0,0,0,0,0,1,1
2204,220400041,1,0,0,0,0,1,0,2097152,0,0,0,0,0,0,1,1
2205,220500041,1,0,0,0,0,1,0,2097152,0,0,0,0,0,0,1,1
2206,220600041,1,0,0,0,0,1,0,2097152,0,0,0,0,0,0,1,1
2207,220700041,1,0,0,0,0,1,0,2097152,0,0,0,0,0,0,1,1
2208,220800041,1,0,0,0,0,1,0,2097152,0,0,0,0,0,0,1,1
2209,220900041,1,0,0,1,0,1,1,2097152,0,0,0,0,0,0,1,1
2210,221000041,1,0,0,0,0,1,0,2097152,0,0,0,0,0,0,1,1
2211,221100041,1,0,0,0,0,1,0,2097152,0,0,0,0,0,0,1,1
2212,221200041,1,0,0,0,0,1,0,2097152,0,0,0,0,0,0,1,1
2213,221300041,1,0,0,0,0,1,0,2097152,0,0,0,0,0,0,1,1
2214,221400041,1,0,0,0,0,1,0,2097152,0,0,0,0,0,0,1,1
2215,221500041,1,0,0,0,0,1,0,2097152,0,0,0,0,0,0,1,1
2216,221600041,1,0,0,0,0,1,0,2097152,0,0,0,0,0,0,1,1
2217,221700041,1,0,0,0,0,1,0,2097152,0,0,0,0,0,0,1,1
2218,221800041,1,0,0,0,0,1,0,2097152,0,0,0,0,0,0,1,1
2219,221900041,1,0,0,1,0,1,1,2097152,0,0,0,0,0,0,1,1
2220,222000041,1,0,0,0,0,1,0,2097152,0,0,0,0,0,0,1,1
2221,222100041,1,0,0,0,0,1,0,2097152,0,0,0,0,0,0,1,1
2222,222200041,1,0,0,0,0,1,0,2097152,0,0,0,0,0,0,1,1
2223,222300041,1,0,0,0,0,1,0,2097152,0,0,0,0,0,0,1,1
2224,222400041,1,0,0,0,0,1,0,2097152,0,0,0,0,0,0,1,1
2225,222500041,1,0,0,0,0,1,0,2097152,0,0,0,0,0,0,1,1
2226,222600041,1,0,0,0,0,1,0,2097152,0,0,0,0,0,0,1,1
2227,222700041,1,0,0,0,0,1,0,2097152,0,0,0,0,0,0,1,1
2228,222800041,1,0,0,0,0,1,0,2097152,0,0,0,0,0,0,1,1
2229,222900041,1,0,0,1,0,1,1,2097152,0,0,0,0,0,0,1,1
2230,223000041,1,0,0,0,0,1,0,2097152,0,0,0,0,0,0,1,1
2231,223100041,1,0,0,0,0,1,0,2097152,0,0,0,0,0,0,1,1
2232,223200041,1,0,0,0,0,1,0,2097152,0,0,0,0,0,0,1,1
2233,223300041,1,0,0,0,0,1,0,2097152,0,0,0,0,0,0,1,1
2234,223400041,1,0,0,0,0,1,0,2097152,0,0,0,0,0,0,1,1
2235,223500041,1,0,0,0,0,1,0,2097152,0,0,0,0,0,0,1,1
2236,223600041,1,0,0,0,0,1,0,2097152,0,0,0,0,0,0,1,1
2237,223700041,1,0,0,0,0,1,0,2097152,0,0,0,0,0,0,1,1
2238,223800041,1,0,0,0,0,1,0,2097152,0,0,0,0,0,0,1,1
2239,223900041,1,0,0,1,0,1,1,2097152,0,0,0,0,0,0,1,1
2240,224000041,1,0,0,0,0,1,0,2097152,0,0,0,0,0,0,1,1
2241,224100041,1,0,0,0,0,1,0,2097152,0,0,0,0,0,0,1,1
2242,224200041,1,0,0,0,0,1,0,2097152,0,0,0,0,0,0,1,1
2243,224300041,1,0,0,0,0,1,0,2097152,0,0,0,0,0,0,1,1
2244,224400041,1,0,0,0,0,1,0,2097152,0,0,0,0,0,0,1,1
2245,224500041,1,0,0,0,0,1,0,2097152,0,0,0,0,0,0,1,1
2246,224600041,1,0,0,0,0,1,0,2097152,0,0,0,0,0,0,1,1
2247,224700041,1,0,0,0,0,1,0,2097152,0,0,0,0,0,0,1,1
2248,224800041,1,0,0,0,0,1,0,2097152,0,0,0,0,0,0,1,1
2249,224900041,1,0,0,1,0,1,1,2097152,0,1182,0,3098128,0,0,0,0
2250,225000041,1,0,0,0,0,1,0,2097152,0,1182,0,3098128,0,0,0,0
2251,225100041,1,0,0,0,0,1,0,2097152,0,1182,0,3098128,0,0,0,0
2252,225200041,1,0,0,0,0,1,0,2097152,0,1182,0,3098128,0,0,0,0
2253,225300041,1,0,0,0,0,1,0,2097152,0,1182,0,3098128,0,0,0,0
2254,225400041,1,0,0,0,0,1,0,2097152,0,1182,0,3098128,0,0,0,0
2255,225500041,1,0,0,0,0,1,0,2097152,0,1182,0,3098128,0,0,0,0
2256,225600041,1,0,0,0,0,1,0,2097152,0,1182,0,3098128,0,0,0,0
2257,225700041,1,0,0,0,0,1,0,2097152,0,1182,0,3098128,0,0,0,0
2258,225800041,1,0,0,0,0,1,0,2097152,0,1182,0,3098128,0,0,0,0
2259,225900041,1,0,0,1,0,1,1,2097152,0,1276,3098128,6196256,0,0,0,0
2260,226000041,1,0,0,0,0,1,0,2097152,0,1276,3098128,6196256,0,0,0,0
2261,226100041,1,0,0,0,0,1,0,2097152,0,1276,3098128,6196256,0,0,0,0
2262,226200041,1,0,0,0,0,1,0,2097152,0,1276,3098128,6196256,0,0,0,0
2263,226300041,1,0,0,0,0,1,0,2097152,0,1276,3098128,6196256,0,0,0,0
2264,226400041,1,0,0,0,0,1,0,2097152,0,1276,3098128,6196256,0,0,0,0
2265,226500041,1,0,0,0,0,1,0,2097152,0,1276,3098128,6196256,0,0,0,0
2266,226600041,1,0,0,0,0,1,0,2097152,0,1276,3098128,6196256,0,0,0,0
2267,226700041,1,0,0,0,0,1,0,2097152,0,1276,3098128,6196256,0,0,0,0
2268,226800041,1,0,0,0,0,1,0,2097152,0,1276,3098128,6196256,0,0,0,0
2269,226900041,1,0,0,1,0,1,1,2097152,0,0,6196256,0,0,0,1,1
2270,227000041,1,0,0,0,0,1,0,2097152,0,0,6196256,0,0,0,1,1
2271,227100041,1,0,0,0,0,1,0,2097152,0,0,6196256,0,0,0,1,1
2272,227200041,1,0,0,0,0,1,0,2097152,0,0,6196256,0,0,0,1,1
2273,227300041,1,0,0,0,0,1,0,2097152,0,0,6196256,0,0,0,1,1
2274,227400041,1,0,0,0,0,1,0,2097152,0,0,6196256,0,0,0,1,1
2275,227500041,1,0,0,0,0,1,0,2097152,0,0,6196256,0,0,0,1,1
2276,227600041,1,0,0,0,0,1,0,2097152,0,0,6196256,0,0,0,1,1
2277,227700041,1,0,0,0,0,1,0,2097152,0,0,6196256,0,0,0,1,1
2278,227800041,1,0,0,0,0,1,0,2097152,0,0,6196256,0,0,0,1,1
2279,227900041,1,0,0,1,0,1,1,2097152,0,1182,0,3098128,0,0,0,0
2280,228000041,1,0,0,0,0,1,0,2097152,0,1182,0,3098128,0,0,0,0
2281,228100041,1,0,0,0,0,1,0,2097152,0,1182,0,3098128,0,0,0,0
2282,228200041,1,0,0,0,0,1,0,2097152,0,1182,0,3098128,0,0,0,0
2283,228300041,1,0,0,0,0,1,0,2097152,0,1182,0,3098128,0,0,0,0
2284,228400041,1,0,0,0,0,1,0,2097152,0,1182,0,3098128,0,0,0,0
2285,228500041,1,0,0,0,0,1,0,2097152,0,1182,0,3098128,0,0,0,0
2286,228600041,1,0,0,0,0,1,0,2097152,0,1182,0,3098128,0,0,0,0
2287,228700041,1,0,0,0,0,1,0,2097152,0,1182,0,3098128,0,0,0,0
2288,228800041,1,0,0,0,0,1,0,2097152,0,1182,0,3098128,0,0,0,0
2289,228900041,1,0,0,1,0,1,1,2097152,0,1276,3098128,6196256,0,0,0,0
2290,229000041,1,0,0,0,0,1,0,2097152,0,1276,3098128,6196256,0,0,0,0
2291,229100041,1,0,0,0,0,1,0,2097152,0,1276,3098128,6196256,0,0,0,0
2292,229200041,1,0,0,0,0,1,0,2097152,0,1276,3098128,6196256,0,0,0,0
2293,229300041,1,0,0,0,0,1,0,2097152,0,1276,3098128,6196256,0,0,0,0
2294,229400041,1,0,0,0,0,1,0,2097152,0,1276,3098128,6196256,0,0,0,0
2295,229500041,1,0,0,0,0,1,0,2097152,0,1276,3098128,6196256,0,0,0,0
2296,229600041,1,0,0,0,0,1,0,2097152,0,1276,3098128,6196256,0,0,0,0
2297,229700041,1,0,0,0,0,1,0,2097152,0,1276,3098128,6196256,0,0,0,0
2298,229800041,1,0,0,0,0,1,0,2097152,0,1276,3098128,6196256,0,0,0,0
2299,229900041,1,0,0,1,0,1,1,2097152,0,0,6196256,0,0,0,1,1
2300,230000041,1,0,0,0,0,1,0,2097152,0,0,6196256,0,0,0,1,1
2301,230100041,1,0,0,0,0,1,0,2097152,0,0,6196256,0,0,0,1,1
2302,230200041,1,0,0,0,0,1,0,2097152,0,0,6196256,0,0,0,1,1
2303,230300041,1,0,0,0,0,1,0,2097152,0,0,6196256,0,0,0,1,1
2304,230400041,1,0,0,0,0,1,0,2097152,0,0,6196256,0,0,0,1,1
2305,230500041,1,0,0,0,0,1,0,2097152,0,0,6196256,0,0,0,1,1
2306,230600041,1,0,0,0,0,1,0,2097152,0,0,6196256,0,0,0,1,1
2307,230700041,1,0,0,0,0,1,0,2097152,0,0,6196256,0,0,0,1,1
2308,230800041,1,0,0,0,0,1,0,2097152,0,0,6196256,0,0,0,1,1
2309,230900041,1,0,0,1,0,1,1,2097152,0,1182,0,3098128,0,0,0,0
2310,231000041,1,0,0,0,0,1,0,129447,-245954,1182,0,3098128,0,0,0,0
2311,231100041,1,0,0,0,0,1,0,129447,-245954,1182,0,3098128,0,0,0,0
2312,231200041,1,0,0,0,0,1,0,129447,-245954,1182,0,3098128,0,0,0,0
2313,231300041,1,0,0,0,0,1,0,129447,-245954,1182,0,3098128,0,0,0,0
2314,231400041,1,0,0,0,0,1,0,129447,-245954,1182,0,3098128,0,0,0,0
2315,231500041,1,0,0,0,0,1,0,129447,-245954,1182,0,3098128,0,0,0,0
2316,231600041,1,0,0,0,0,1,0,129447,-245954,1182,0,3098128,0,0,0,0
2317,231700041,1,0,0,0,0,1,0,129447,-245954,1182,0,3098128,0,0,0,0
2318,231800041,1,0,0,0,0,1,0,129447,-245954,1182,0,3098128,0,0,0,0
2319,231900041,1,0,0,1,0,1,1,129447,-245954,306,3098128,3652709,0,0,0,0
2320,232000041,1,0,0,0,0,1,0,129447,-245954,306,3098128,3652709,0,0,0,0
2321,232100041,1,0,0,0,0,1,0,129447,-245954,306,3098128,3652709,0,0,0,0
2322,232200041,1,0,0,0,0,1,0,129447,-245954,306,3098128,3652709,0,0,0,0
2323,232300041,1,0,0,0,0,1,0,129447,-245954,306,3098128,3652709,0,0,0,0
2324,232400041,1,0,0,0,0,1,0,129447,-245954,306,3098128,3652709,0,0,0,0
2325,232500041,1,0,0,0,0,1,0,129447,-245954,306,3098128,3652709,0,0,0,0
2326,232600041,1,0,0,0,0,1,0,129447,-245954,306,3098128,3652709,0,0,0,0
2327,232700041,1,0,0,0,0,1,0,129447,-245954,306,3098128,3652709,0,0,0,0
2328,232800041,1,0,0,0,0,1,0,129447,-245954,306,3098128,3652709,0,0,0,0
2329,232900041,1,0,0,1,0,1,1,129447,-245954,323,3652709,4207290,0,0,0,0
2330,233000041,1,0,0,0,0,1,0,129447,-245954,323,3652709,4207290,0,0,0,0
2331,233100041,1,0,0,0,0,1,0,129447,-245954,323,3652709,4207290,0,0,0,0
2332,233200041,1,0,0,0,0,1,0,129447,-245954,323,3652709,4207290,0,0,0,0
2333,233300041,1,0,0,0,0,1,0,129447,-245954,323,3652709,4207290,0,0,0,0
2334,233400041,1,0,0,0,0,1,0,129447,-245954,323,3652709,4207290,0,0,0,0
2335,233500041,1,0,0,0,0,1,0,129447,-245954,323,3652709,4207290,0,0,0,0
2336,233600041,1,0,0,0,0,1,0,129447,-245954,323,3652709,4207290,0,0,0,0
2337,233700041,1,0,0,0,0,1,0,129447,-245954,323,3652709,4207290,0,0,0,0
2338,233800041,1,0,0,0,0,1,0,129447,-245954,323,3652709,4207290,0,0,0,0
2339,233900041,1,0,0,1,0,1,1,129447,-245954,340,4207290,4761871,0,0,0,0
2340,234000041,1,0,0,0,0,1,0,129447,-245954,340,4207290,4761871,0,0,0,0
2341,234100041,1,0,0,0,0,1,0,129447,-245954,340,4207290,4761871,0,0,0,0
2342,234200041,1,0,0,0,0,1,0,129447,-245954,340,4207290,4761871,0,0,0,0
2343,234300041,1,0,0,0,0,1,0,129447,-245954,340,4207290,4761871,0,0,0,0
2344,234400041,1,0,0,0,0,1,0,129447,-245954,340,4207290,4761871,0,0,0,0
2345,234500041,1,0,0,0,0,1,0,129447,-245954,340,4207290,4761871,0,0,0,0
2346,234600041,1,0,0,0,0,1,0,129447,-245954,340,4207290,4761871,0,0,0,0
2347,234700041,1,0,0,0,0,1,0,129447,-245954,340,4207290,4761871,0,0,0,0
2348,234800041,1,0,0,0,0,1,0,129447,-245954,340,4207290,4761871,0,0,0,0
2349,234900041,1,0,0,1,0,1,1,129447,-245954,357,4761871,5316452,0,0,0,0
2350,235000041,1,0,0,0,0,1,0,129447,-245954,357,4761871,5316452,0,0,0,0
2351,235100041,1,0,0,0,0,1,0,129447,-245954,357,4761871,5316452,0,0,0,0
2352,235200041,1,0,0,0,0,1,0,129447,-245954,357,4761871,5316452,0,0,0,0
2353,235300041,1,0,0,0,0,1,0,129447,-245954,357,4761871,5316452,0,0,0,0
2354,235400041,1,0,0,0,0,1,0,129447,-245954,357,4761871,5316452,0,0,0,0
2355,235500041,1,0,0,0,0,1,0,129447,-245954,357,4761871,5316452,0,0,0,0
2356,235600041,1,0,0,0,0,1,0,129447,-245954,357,4761871,5316452,0,0,0,0
2357,235700041,1,0,0,0,0,1,0,129447,-245954,357,4761871,5316452,0,0,0,0
2358,235800041,1,0,0,0,0,1,0,129447,-245954,357,4761871,5316452,0,0,0,0
2359,235900041,1,0,0,1,0,1,1,129447,-245954,374,5316452,5871033,0,0,0,0
2360,236000041,1,0,0,0,0,1,0,129447,-245954,374,5316452,5871033,0,0,0,0
2361,236100041,1,0,0,0,0,1,0,129447,-245954,374,5316452,5871033,0,0,0,0
2362,236200041,1,0,0,0,0,1,0,129447,-245954,374,5316452,5871033,0,0,0,0
2363,236300041,1,0,0,0,0,1,0,129447,-245954,374,5316452,5871033,0,0,0,0
2364,236400041,1,0,0,0,0,1,0,129447,-245954,374,5316452,5871033,0,0,0,0
2365,236500041,1,0,0,0,0,1,0,129447,-245954,374,5316452,5871033,0,0,0,0
2366,236600041,1,0,0,0,0,1,0,129447,-245954,374,5316452,5871033,0,0,0,0
2367,236700041,1,0,0,0,0,1,0,129447,-245954,374,5316452,5871033,0,0,0,0
2368,236800041,1,0,0,0,0,1,0,129447,-245954,374,5316452,5871033,0,0,0,0
2369,236900041,1,0,0,1,0,1,1,129447,-245954,391,5871033,6425614,0,0,0,0
2370,237000041,1,0,0,0,0,1,0,129447,-245954,391,5871033,6425614,0,0,0,0
2371,237100041,1,0,0,0,0,1,0,129447,-245954,391,5871033,6425614,0,0,0,0
2372,237200041,1,0,0,0,0,1,0,129447,-245954,391,5871033,6425614,0,0,0,0
2373,237300041,1,0,0,0,0,1,0,129447,-245954,391,5871033,6425614,0,0,0,0
2374,237400041,1,0,0,0,0,1,0,129447,-245954,391,5871033,6425614,0,0,0,0
2375,237500041,1,0,0,0,0,1,0,129447,-245954,391,5871033,6425614,0,0,0,0
2376,237600041,1,0,0,0,0,1,0,129447,-245954,391,5871033,6425614,0,0,0,0
2377,237700041,1,0,0,0,0,1,0,129447,-245954,391,5871033,6425614,0,0,0,0
2378,237800041,1,0,0,0,0,1,0,129447,-245954,391,5871033,6425614,0,0,0,0
2379,237900041,1,0,0,1,0,1,1,129447,-245954,408,6425614,6980195,0,0,0,0
2380,238000041,1,0,0,0,0,1,0,129447,-245954,408,6425614,6980195,0,0,0,0
2381,238100041,1,0,0,0,0,1,0,129447,-245954,408,6425614,6980195,0,0,0,0
2382,238200041,1,0,0,0,0,1,0,129447,-245954,408,6425614,6980195,0,0,0,0
2383,238300041,1,0,0,0,0,1,0,129447,-245954,408,6425614,6980195,0,0,0,0
2384,238400041,1,0,0,0,0,1,0,129447,-245954,408,6425614,6980195,0,0,0,0
2385,238500041,1,0,0,0,0,1,0,129447,-245954,408,6425614,6980195,0,0,0,0
2386,238600041,1,0,0,0,0,1,0,129447,-245954,408,6425614,6980195,0,0,0,0
2387,238700041,1,0,0,0,0,1,0,129447,-245954,408,6425614,6980195,0,0,0,0
2388,238800041,1,0,0,0,0,1,0,129447,-245954,408,6425614,6980195,0,0,0,0
2389,238900041,1,0,0,1,0,1,1,129447,-245954,425,6980195,7534776,0,0,0,0
2390,239000041,1,0,0,0,0,1,0,129447,-245954,425,6980195,7534776,0,0,0,0
2391,239100041,1,0,0,0,0,1,0,129447,-245954,425,6980195,7534776,0,0,0,0
2392,239200041,1,0,0,0,0,1,0,129447,-245954,425,6980195,7534776,0,0,0,0
2393,239300041,1,0,0,0,0,1,0,129447,-245954,425,6980195,7534776,0,0,0,0
2394,239400041,1,0,0,0,0,1,0,129447,-245954,425,6980195,7534776,0,0,0,0
2395,239500041,1,0,0,0,0,1,0,129447,-245954,425,6980195,7534776,0,0,0,0
2396,239600041,1,0,0,0,0,1,0,129447,-245954,425,6980195,7534776,0,0,0,0
2397,239700041,1,0,0,0,0,1,0,129447,-245954,425,6980195,7534776,0,0,0,0
2398,239800041,1,0,0,0,0,1,0,129447,-245954,425,6980195,7534776,0,0,0,0
2399,239900041,1,0,0,1,0,1,1,129447,-245954,441,7534776,8089357,0,0,0,0
2400,240000041,1,0,0,0,0,1,0,524288,10485760,441,7534776,8089357,0,0,0,0
2401,240100041,1,0,0,0,0,1,0,524288,10485760,441,7534776,8089357,0,0,0,0
2402,240200041,1,0,0,0,0,1,0,524288,10485760,441,7534776,8089357,0,0,0,0
2403,240300041,1,0,0,0,0,1,0,524288,10485760,441,7534776,8089357,0,0,0,0
2404,240400041,1,0,0,0,0,1,0,524288,10485760,441,7534776,8089357,0,0,0,0
2405,240500041,1,0,0,0,0,1,0,524288,10485760,441,7534776,8089357,0,0,0,0
2406,240600041,1,0,0,0,0,1,0,524288,10485760,441,7534776,8089357,0,0,0,0
2407,240700041,1,0,0,0,0,1,0,524288,10485760,441,7534776,8089357,0,0,0,0
2408,240800041,1,0,0,0,0,1,0,524288,10485760,441,7534776,8089357,0,0,0,0
2409,240900041,1,0,0,1,0,1,1,524288,10485760,-5367,8089357,-6626751,0,0,0,0
2410,241000041,1,0,0,0,0,1,0,524288,10485760,-5367,8089357,-6626751,0,0,0,0
2411,241100041,1,0,0,0,0,1,0,524288,10485760,-5367,8089357,-6626751,0,0,0,0
2412,241200041,1,0,0,0,0,1,0,524288,10485760,-5367,8089357,-6626751,0,0,0,0
2413,241300041,1,0,0,0,0,1,0,524288,10485760,-5367,8089357,-6626751,0,0,0,0
2414,241400041,1,0,0,0,0,1,0,524288,10485760,-5367,8089357,-6626751,0,0,0,0
2415,241500041,1,0,0,0,0,1,0,524288,10485760,-5367,8089357,-6626751,0,0,0,0
2416,241600041,1,0,0,0,0,1,0,524288,10485760,-5367,8089357,-6626751,0,0,0,0
2417,241700041,1,0,0,0,0,1,0,524288,10485760,-5367,8089357,-6626751,0,0,0,0
2418,241800041,1,0,0,0,0,1,0,524288,10485760,-5367,8089357,-6626751,0,0,0,0
2419,241900041,1,0,0,1,0,1,1,524288,10485760,-5816,-6626751,-21342859,0,0,0,0
2420,242000041,1,0,0,0,0,1,0,524288,10485760,-5816,-6626751,-21342859,0,0,0,0
2421,242100041,1,0,0,0,0,1,0,524288,10485760,-5816,-6626751,-21342859,0,0,0,0
2422,242200041,1,0,0,0,0,1,0,524288,10485760,-5816,-6626751,-21342859,0,0,0,0
2423,242300041,1,0,0,0,0,1,0,524288,10485760,-5816,-6626751,-21342859,0,0,0,0
2424,242400041,1,0,0,0,0,1,0,524288,10485760,-5816,-6626751,-21342859,0,0,0,0
2425,242500041,1,0,0,0,0,1,0,524288,10485760,-5816,-6626751,-21342859,0,0,0,0
2426,242600041,1,0,0,0,0,1,0,524288,10485760,-5816,-6626751,-21342859,0,0,0,0
2427,242700041,1,0,0,0,0,1,0,524288,10485760,-5816,-6626751,-21342859,0,0,0,0
2428,242800041,1,0,0,0,0,1,0,524288,10485760,-5816,-6626751,-21342859,0,0,0,0
2429,242900041,1,0,0,1,0,1,1,524288,10485760,-6265,-21342859,-36058967,0,0,0,0
2430,243000041,1,0,0,0,0,1,0,524288,10485760,-6265,-21342859,-36058967,0,0,0,0
2431,243100041,1,0,0,0,0,1,0,524288,10485760,-6265,-21342859,-36058967,0,0,0,0
2432,243200041,1,0,0,0,0,1,0,524288,10485760,-6265,-21342859,-36058967,0,0,0,0
2433,243300041,1,0,0,0,0,1,0,524288,10485760,-6265,-21342859,-36058967,0,0,0,0
2434,243400041,1,0,0,0,0,1,0,524288,10485760,-6265,-21342859,-36058967,0,0,0,0
2435,243500041,1,0,0,0,0,1,0,524288,10485760,-6265,-21342859,-36058967,0,0,0,0
2436,243600041,1,0,0,0,0,1,0,524288,10485760,-6265,-21342859,-36058967,0,0,0,0
2437,243700041,1,0,0,0,0,1,0,524288,10485760,-6265,-21342859,-36058967,0,0,0,0
2438,243800041,1,0,0,0,0,1,0,524288,10485760,-6265,-21342859,-36058967,0,0,0,0
2439,243900041,1,0,0,1,0,1,1,524288,10485760,-6714,-36058967,-50775075,0,0,0,0
2440,244000041,1,0,0,0,0,1,0,5242880,8388608,-6714,-36058967,-50775075,0,0,0,0
2441,244100041,1,0,0,0,0,1,0,5242880,8388608,-6714,-36058967,-50775075,0,0,0,0
2442,244200041,1,0,0,0,0,1,0,5242880,8388608,-6714,-36058967,-50775075,0,0,0,0
2443,244300041,1,0,0,0,0,1,0,5242880,8388608,-6714,-36058967,-50775075,0,0,0,0
2444,244400041,1,0,0,0,0,1,0,5242880,8388608,-6714,-36058967,-50775075,0,0,0,0
2445,244500041,1,0,0,0,0,1,0,5242880,8388608,-6714,-36058967,-50775075,0,0,0,0
2446,244600041,1,0,0,0,0,1,0,5242880,8388608,-6714,-36058967,-50775075,0,0,0,0
2447,244700041,1,0,0,0,0,1,0,5242880,8388608,-6714,-36058967,-50775075,0,0,0,0
2448,244800041,1,0,0,0,0,1,0,5242880,8388608,-6714,-36058967,-50775075,0,0,0,0
2449,244900041,1,0,0,1,0,1,1,5242880,8388608,-3322,-50775075,-55422267,0,0,0,0
2450,245000041,1,0,0,0,0,1,0,5242880,8388608,-3322,-50775075,-55422267,0,0,0,0
2451,245100041,1,0,0,0,0,1,0,5242880,8388608,-3322,-50775075,-55422267,0,0,0,0
2452,245200041,1,0,0,0,0,1,0,5242880,8388608,-3322,-50775075,-55422267,0,0,0,0
2453,245300041,1,0,0,0,0,1,0,5242880,8388608,-3322,-50775075,-55422267,0,0,0,0
2454,245400041,1,0,0,0,0,1,0,5242880,8388608,-3322,-50775075,-55422267,0,0,0,0
2455,245500041,1,0,0,0,0,1,0,5242880,8388608,-3322,-50775075,-55422267,0,0,0,0
2456,245600041,1,0,0,0,0,1,0,5242880,8388608,-3322,-50775075,-55422267,0,0,0,0
2457,245700041,1,0,0,0,0,1,0,5242880,8388608,-3322,-50775075,-55422267,0,0,0,0
2458,245800041,1,0,0,0,0,1,0,5242880,8388608,-3322,-50775075,-55422267,0,0,0,0
2459,245900041,1,0,0,1,0,1,1,5242880,8388608,-3464,-55422267,-60069459,0,0,0,0
2460,246000041,1,0,0,0,0,1,0,5242880,8388608,-3464,-55422267,-60069459,0,0,0,0
2461,246100041,1,0,0,0,0,1,0,5242880,8388608,-3464,-55422267,-60069459,0,0,0,0
2462,246200041,1,0,0,0,0,1,0,5242880,8388608,-3464,-55422267,-60069459,0,0,0,0
2463,246300041,1,0,0,0,0,1,0,5242880,8388608,-3464,-55422267,-60069459,0,0,0,0
2464,246400041,1,0,0,0,0,1,0,5242880,8388608,-3464,-55422267,-60069459,0,0,0,0
2465,246500041,1,0,0,0,0,1,0,5242880,8388608,-3464,-55422267,-60069459,0,0,0,0
2466,246600041,1,0,0,0,0,1,0,5242880,8388608,-3464,-55422267,-60069459,0,0,0,0
2467,246700041,1,0,0,0,0,1,0,5242880,8388608,-3464,-55422267,-60069459,0,0,0,0
2468,246800041,1,0,0,0,0,1,0,5242880,8388608,-3464,-55422267,-60069459,0,0,0,0
2469,246900041,1,0,0,1,0,1,1,5242880,8388608,-3606,-60069459,-64716651,0,0,0,0
2470,247000041,1,0,0,0,0,1,0,5242880,8388608,-3606,-60069459,-64716651,0,0,0,0
2471,247100041,1,0,0,0,0,1,0,5242880,8388608,-3606,-60069459,-64716651,0,0,0,0
2472,247200041,1,0,0,0,0,1,0,5242880,8388608,-3606,-60069459,-64716651,0,0,0,0
2473,247300041,1,0,0,0,0,1,0,5242880,8388608,-3606,-60069459,-64716651,0,0,0,0
2474,247400041,1,0,0,0,0,1,0,5242880,8388608,-3606,-60069459,-64716651,0,0,0,0
2475,247500041,1,0,0,0,0,1,0,5242880,8388608,-3606,-60069459,-64716651,0,0,0,0
2476,247600041,1,0,0,0,0,1,0,5242880,8388608,-3606,-60069459,-64716651,0,0,0,0
2477,247700041,1,0,0,0,0,1,0,5242880,8388608,-3606,-60069459,-64716651,0,0,0,0
2478,247800041,1,0,0,0,0,1,0,5242880,8388608,-3606,-60069459,-64716651,0,0,0,0
2479,247900041,1,0,0,1,0,1,1,5242880,8388608,-3748,-64716651,-69363843,0,0,0,0
2480,248000041,1,0,0,0,0,1,0,5242880,8388713,-3748,-64716651,-69363843,0,0,0,0
2481,248100041,1,0,0,0,0,1,0,5242880,8388713,-3748,-64716651,-69363843,0,0,0,0
2482,248200041,1,0,0,0,0,1,0,5242880,8388713,-3748,-64716651,-69363843,0,0,0,0
2483,248300041,1,0,0,0,0,1,0,5242880,8388713,-3748,-64716651,-69363843,0,0,0,0
2484,248400041,1,0,0,0,0,1,0,5242880,8388713,-3748,-64716651,-69363843,0,0,0,0
2485,248500041,1,0,0,0,0,1,0,5242880,8388713,-3748,-64716651,-69363843,0,0,0,0
2486,248600041,1,0,0,0,0,1,0,5242880,8388713,-3748,-64716651,-69363843,0,0,0,0
2487,248700041,1,0,0,0,0,1,0,5242880,8388713,-3748,-64716651,-69363843,0,0,0,0
2488,248800041,1,0,0,0,0,1,0,5242880,8388713,-3748,-64716651,-69363843,0,0,0,0
2489,248900041,1,0,0,1,0,1,1,5242880,8388713,-3890,-69363843,0,0,0,0,1
2490,249000041,1,0,0,0,0,1,0,5242880,8388713,-3890,-69363843,0,0,0,0,1
2491,249100041,1,0,0,0,0,1,0,5242880,8388713,-3890,-69363843,0,0,0,0,1
2492,249200041,1,0,0,0,0,1,0,5242880,8388713,-3890,-69363843,0,0,0,0,1
2493,249300041,1,0,0,0,0,1,0,5242880,8388713,-3890,-69363843,0,0,0,0,1
2494,249400041,1,0,0,0,0,1,0,5242880,8388713,-3890,-69363843,0,0,0,0,1
2495,249500041,1,0,0,0,0,1,0,5242880,8388713,-3890,-69363843,0,0,0,0,1
2496,249600041,1,0,0,0,0,1,0,5242880,8388713,-3890,-69363843,0,0,0,0,1
2497,249700041,1,0,0,0,0,1,0,5242880,8388713,-3890,-69363843,0,0,0,0,1
2498,249800041,1,0,0,0,0,1,0,5242880,8388713,-3890,-69363843,0,0,0,0,1
2499,249900041,1,0,0,1,0,1,1,5242880,8388713,-1773,0,0,0,0,0,1
2500,250000041,1,0,0,0,0,1,0,5242880,8388713,-1773,0,0,0,0,0,1
2501,250100041,1,0,0,0,0,1,0,5242880,8388713,-1773,0,0,0,0,0,1
2502,250200041,1,0,0,0,0,1,0,5242880,8388713,-1773,0,0,0,0,0,1
2503,250300041,1,0,0,0,0,1,0,5242880,8388713,-1773,0,0,0,0,0,1
2504,250400041,1,0,0,0,0,1,0,5242880,8388713,-1773,0,0,0,0,0,1
2505,250500041,1,0,0,0,0,1,0,5242880,8388713,-1773,0,0,0,0,0,1
2506,250600041,1,0,0,0,0,1,0,5242880,8388713,-1773,0,0,0,0,0,1
2507,250700041,1,0,0,0,0,1,0,5242880,8388713,-1773,0,0,0,0,0,1
2508,250800041,1,0,0,0,0,1,0,5242880,8388713,-1773,0,0,0,0,0,1
2509,250900041,1,0,0,1,0,1,1,5242880,8388713,-1773,0,0,0,0,0,1
2510,251000041,1,0,0,0,0,1,0,129447,-245954,-1773,0,0,0,0,0,1
2511,251100041,1,0,0,0,0,1,0,129447,-245954,-1773,0,0,0,0,0,1
2512,251200041,1,0,0,0,0,1,0,129447,-245954,-1773,0,0,0,0,0,1
2513,251300041,1,0,0,0,0,1,0,129447,-245954,-1773,0,0,0,0,0,1
2514,251400041,1,0,0,0,0,1,0,129447,-245954,-1773,0,0,0,0,0,1
2515,251500041,1,0,0,0,0,1,0,129447,-245954,-1773,0,0,0,0,0,1
2516,251600041,1,0,0,0,0,1,0,129447,-245954,-1773,0,0,0,0,0,1
2517,251700041,1,0,0,0,0,1,0,129447,-245954,-1773,0,0,0,0,0,1
2518,251800041,1,0,0,0,0,1,0,129447,-245954,-1773,0,0,0,0,0,1
2519,251900041,1,0,0,1,0,1,1,129447,-245954,212,0,554581,0,0,0,0
2520,252000041,1,0,0,0,0,1,0,129447,-245954,212,0,554581,0,0,0,0
2521,252100041,1,0,0,0,0,1,0,129447,-245954,212,0,554581,0,0,0,0
2522,252200041,1,0,0,0,0,1,0,129447,-245954,212,0,554581,0,0,0,0
2523,252300041,1,0,0,0,0,1,0,129447,-245954,212,0,554581,0,0,0,0
2524,252400041,1,0,0,0,0,1,0,129447,-245954,212,0,554581,0,0,0,0
2525,252500041,1,0,0,0,0,1,0,129447,-245954,212,0,554581,0,0,0,0
2526,252600041,1,0,0,0,0,1,0,129447,-245954,212,0,554581,0,0,0,0
2527,252700041,1,0,0,0,0,1,0,129447,-245954,212,0,554581,0,0,0,0
2528,252800041,1,0,0,0,0,1,0,129447,-245954,212,0,554581,0,0,0,0
2529,252900041,1,0,0,1,0,1,1,129447,-245954,228,554581,1109162,0,0,0,0
2530,253000041,1,0,0,0,0,1,0,129447,-245954,228,554581,1109162,0,0,0,0
2531,253100041,1,0,0,0,0,1,0,129447,-245954,228,554581,1109162,0,0,0,0
2532,253200041,1,0,0,0,0,1,0,129447,-245954,228,554581,1109162,0,0,0,0
2533,253300041,1,0,0,0,0,1,0,129447,-245954,228,554581,1109162,0,0,0,0
2534,253400041,1,0,0,0,0,1,0,129447,-245954,228,554581,1109162,0,0,0,0
2535,253500041,1,0,0,0,0,1,0,129447,-245954,228,554581,1109162,0,0,0,0
2536,253600041,1,0,0,0,0,1,0,129447,-245954,228,554581,1109162,0,0,0,0
2537,253700041,1,0,0,0,0,1,0,129447,-245954,228,554581,1109162,0,0,0,0
2538,253800041,1,0,0,0,0,1,0,129447,-245954,228,554581,1109162,0,0,0,0
2539,253900041,1,0,0,1,0,1,1,129447,-245954,245,1109162,1663743,0,0,0,0
2540,254000041,1,0,0,0,0,1,0,129447,-245954,245,1109162,1663743,0,0,0,0
2541,254100041,1,0,0,0,0,1,0,129447,-245954,245,1109162,1663743,0,0,0,0
2542,254200041,1,0,0,0,0,1,0,129447,-245954,245,1109162,1663743,0,0,0,0
2543,254300041,1,0,0,0,0,1,0,129447,-245954,245,1109162,1663743,0,0,0,0
2544,254400041,1,0,0,0,0,1,0,129447,-245954,245,1109162,1663743,0,0,0,0
2545,254500041,1,0,0,0,0,1,0,129447,-245954,245,1109162,1663743,0,0,0,0
2546,254600041,1,0,0,0,0,1,0,129447,-245954,245,1109162,1663743,0,0,0,0
2547,254700041,1,0,0,0,0,1,0,129447,-245954,245,1109162,1663743,0,0,0,0
2548,254800041,1,0,0,0,0,1,0,129447,-245954,245,1109162,1663743,0,0,0,0
2549,254900041,1,0,0,1,0,1,1,129447,-245954,262,1663743,2218324,0,0,0,0
2550,255000041,1,0,0,0,0,1,0,129447,-245954,262,1663743,2218324,0,0,0,0
2551,255100041,1,0,0,0,0,1,0,129447,-245954,262,1663743,2218324,0,0,0,0
2552,255200041,1,0,0,0,0,1,0,129447,-245954,262,1663743,2218324,0,0,0,0
2553,255300041,1,0,0,0,0,1,0,129447,-245954,262,1663743,2218324,0,0,0,0
2554,255400041,1,0,0,0,0,1,0,129447,-245954,262,1663743,2218324,0,0,0,0
2555,255500041,1,0,0,0,0,1,0,129447,-245954,262,1663743,2218324,0,0,0,0
2556,255600041,1,0,0,0,0,1,0,129447,-245954,262,1663743,2218324,0,0,0,0
2557,255700041,1,0,0,0,0,1,0,129447,-245954,262,1663743,2218324,0,0,0,0
2558,255800041,1,0,0,0,0,1,0,129447,-245954,262,1663743,2218324,0,0,0,0
2559,255900041,1,0,0,1,0,1,1,129447,-245954,279,2218324,2772905,0,0,0,0
2560,256000041,1,0,0,0,0,1,0,129447,-245954,279,2218324,2772905,0,0,0,0
2561,256100041,1,0,0,0,0,1,0,129447,-245954,279,2218324,2772905,0,0,0,0
2562,256200041,1,0,0,0,0,1,0,129447,-245954,279,2218324,2772905,0,0,0,0
2563,256300041,1,0,0,0,0,1,0,129447,-245954,279,2218324,2772905,0,0,0,0
2564,256400041,1,0,0,0,0,1,0,129447,-245954,279,2218324,2772905,0,0,0,0
2565,256500041,1,0,0,0,0,1,0,129447,-245954,279,2218324,2772905,0,0,0,0
2566,256600041,1,0,0,0,0,1,0,129447,-245954,279,2218324,2772905,0,0,0,0
2567,256700041,1,0,0,0,0,1,0,129447,-245954,279,2218324,2772905,0,0,0,0
2568,256800041,1,0,0,0,0,1,0,129447,-245954,279,2218324,2772905,0,0,0,0
2569,256900041,1,0,0,1,0,1,1,129447,-245954,296,2772905,3327486,0,0,0,0
2570,257000041,1,0,0,0,0,1,0,129447,-245954,296,2772905,3327486,0,0,0,0
2571,257100041,1,0,0,0,0,1,0,129447,-245954,296,2772905,3327486,0,0,0,0
2572,257200041,1,0,0,0,0,1,0,129447,-245954,296,2772905,3327486,0,0,0,0
2573,257300041,1,0,0,0,0,1,0,129447,-245954,296,2772905,3327486,0,0,0,0
2574,257400041,1,0,0,0,0,1,0,129447,-245954,296,2772905,3327486,0,0,0,0
2575,257500041,1,0,0,0,0,1,0,129447,-245954,296,2772905,3327486,0,0,0,0
2576,257600041,1,0,0,0,0,1,0,129447,-245954,296,2772905,3327486,0,0,0,0
2577,257700041,1,0,0,0,0,1,0,129447,-245954,296,2772905,3327486,0,0,0,0
2578,257800041,1,0,0,0,0,1,0,129447,-245954,296,2772905,3327486,0,0,0,0
2579,257900041,1,0,0,1,0,1,1,129447,-245954,313,3327486,3882067,0,0,0,0
