event_id,source_time_s,physical_capture_time_s,physical_result_time_s,observed_capture_time_s,observed_result_time_s,input_capture_cycle,result_cycle,v_ref_raw,v_meas_raw,enable,pi_reset,sample_tick,angle_init,test_mode,golden_iq_ref_A,golden_iq_unlimited_A,golden_integrator_A,golden_saturation_active,golden_integrator_next_A,golden_previous_excess_A,golden_excess_next_A,golden_hard_reset,golden_int_reset,golden_iq_limited_A,golden_error_mmps,golden_P_A,golden_KiTs_A,golden_AW_A,observed_iq_ref_A,observed_iq_unlimited_A,observed_integrator_A,observed_saturation_active,observed_integrator_next_A,observed_previous_excess_A,observed_excess_next_A,observed_hard_reset,observed_int_reset,observed_iq_limited_A,observed_error_mmps,observed_P_A,observed_KiTs_A,observed_AW_A
1,0.0009,0.00090001,0.00090003,0.000901,0.000901,45001,45002,0,0,1,0,1,0,0,0,0,0,0,0,0,0,0,0,0,0,0,0,0,0,0,0,0,0,0,0,0,0,0,0,0,0,0
2,0.0019,0.00190001,0.00190003,0.001901,0.001901,95001,95002,0,0,1,0,1,0,0,0,0,0,0,0,0,0,0,0,0,0,0,0,0,0,0,0,0,0,0,0,0,0,0,0,0,0,0
3,0.0029,0.00290001,0.00290003,0.002901,0.002901,145001,145002,0,0,1,0,1,0,0,0,0,0,0,0,0,0,0,0,0,0,0,0,0,0,0,0,0,0,0,0,0,0,0,0,0,0,0
4,0.0039,0.00390001,0.00390003,0.003901,0.003901,195001,195002,0,0,1,0,1,0,0,0,0,0,0,0,0,0,0,0,0,0,0,0,0,0,0,0,0,0,0,0,0,0,0,0,0,0,0
5,0.0049,0.00490001,0.00490003,0.004901,0.004901,245001,245002,0,0,1,0,1,0,0,0,0,0,0,0,0,0,0,0,0,0,0,0,0,0,0,0,0,0,0,0,0,0,0,0,0,0,0
6,0.0059,0.00590001,0.00590003,0.005901,0.005901,295001,295002,0,0,1,0,1,0,0,0,0,0,0,0,0,0,0,0,0,0,0,0,0,0,0,0,0,0,0,0,0,0,0,0,0,0,0
7,0.0069,0.00690001,0.00690003,0.006901,0.006901,345001,345002,0,0,1,0,1,0,0,0,0,0,0,0,0,0,0,0,0,0,0,0,0,0,0,0,0,0,0,0,0,0,0,0,0,0,0
8,0.0079,0.00790001,0.00790003,0.007901,0.007901,395001,395002,0,0,1,0,1,0,0,0,0,0,0,0,0,0,0,0,0,0,0,0,0,0,0,0,0,0,0,0,0,0,0,0,0,0,0
9,0.0089,0.00890001,0.00890003,0.008901,0.008901,445001,445002,0,0,1,0,1,0,0,0,0,0,0,0,0,0,0,0,0,0,0,0,0,0,0,0,0,0,0,0,0,0,0,0,0,0,0
10,0.0099,0.00990001,0.00990003,0.009901,0.009901,495001,495002,0,0,1,0,1,0,0,0,0,0,0,0,0,0,0,0,0,0,0,0,0,0,0,0,0,0,0,0,0,0,0,0,0,0,0
11,0.0109,0.01090001,0.01090003,0.010901,0.010901,545001,545002,0,0,1,0,1,0,0,0,0,0,0,0,0,0,0,0,0,0,0,0,0,0,0,0,0,0,0,0,0,0,0,0,0,0,0
12,0.0119,0.01190001,0.01190003,0.011901,0.011901,595001,595002,0,0,1,0,1,0,0,0,0,0,0,0,0,0,0,0,0,0,0,0,0,0,0,0,0,0,0,0,0,0,0,0,0,0,0
13,0.0129,0.01290001,0.01290003,0.012901,0.012901,645001,645002,0,0,1,0,1,0,0,0,0,0,0,0,0,0,0,0,0,0,0,0,0,0,0,0,0,0,0,0,0,0,0,0,0,0,0
14,0.0139,0.01390001,0.01390003,0.013901,0.013901,695001,695002,0,0,1,0,1,0,0,0,0,0,0,0,0,0,0,0,0,0,0,0,0,0,0,0,0,0,0,0,0,0,0,0,0,0,0
15,0.0149,0.01490001,0.01490003,0.014901,0.014901,745001,745002,0,0,1,0,1,0,0,0,0,0,0,0,0,0,0,0,0,0,0,0,0,0,0,0,0,0,0,0,0,0,0,0,0,0,0
16,0.0159,0.01590001,0.01590003,0.015901,0.015901,795001,795002,0,0,1,0,1,0,0,0,0,0,0,0,0,0,0,0,0,0,0,0,0,0,0,0,0,0,0,0,0,0,0,0,0,0,0
17,0.0169,0.01690001,0.01690003,0.016901,0.016901,845001,845002,0,0,1,0,1,0,0,0,0,0,0,0,0,0,0,0,0,0,0,0,0,0,0,0,0,0,0,0,0,0,0,0,0,0,0
18,0.0179,0.01790001,0.01790003,0.017901,0.017901,895001,895002,0,0,1,0,1,0,0,0,0,0,0,0,0,0,0,0,0,0,0,0,0,0,0,0,0,0,0,0,0,0,0,0,0,0,0
19,0.0189,0.01890001,0.01890003,0.018901,0.018901,945001,945002,0,0,1,0,1,0,0,0,0,0,0,0,0,0,0,0,0,0,0,0,0,0,0,0,0,0,0,0,0,0,0,0,0,0,0
20,0.0199,0.01990001,0.01990003,0.019901,0.019901,995001,995002,0,0,1,0,1,0,0,0,0,0,0,0,0,0,0,0,0,0,0,0,0,0,0,0,0,0,0,0,0,0,0,0,0,0,0
21,0.0209,0.02090001,0.02090003,0.020901,0.020901,1045001,1045002,0,0,1,0,1,0,0,0,0,0,0,0,0,0,0,0,0,0,0,0,0,0,0,0,0,0,0,0,0,0,0,0,0,0,0
22,0.0219,0.02190001,0.02190003,0.021901,0.021901,1095001,1095002,0,0,1,0,1,0,0,0,0,0,0,0,0,0,0,0,0,0,0,0,0,0,0,0,0,0,0,0,0,0,0,0,0,0,0
23,0.0229,0.02290001,0.02290003,0.022901,0.022901,1145001,1145002,0,0,1,0,1,0,0,0,0,0,0,0,0,0,0,0,0,0,0,0,0,0,0,0,0,0,0,0,0,0,0,0,0,0,0
24,0.0239,0.02390001,0.02390003,0.023901,0.023901,1195001,1195002,0,0,1,0,1,0,0,0,0,0,0,0,0,0,0,0,0,0,0,0,0,0,0,0,0,0,0,0,0,0,0,0,0,0,0
25,0.0249,0.02490001,0.02490003,0.024901,0.024901,1245001,1245002,0,0,1,0,1,0,0,0,0,0,0,0,0,0,0,0,0,0,0,0,0,0,0,0,0,0,0,0,0,0,0,0,0,0,0
26,0.0259,0.02590001,0.02590003,0.025901,0.025901,1295001,1295002,0,0,1,0,1,0,0,0,0,0,0,0,0,0,0,0,0,0,0,0,0,0,0,0,0,0,0,0,0,0,0,0,0,0,0
27,0.0269,0.02690001,0.02690003,0.026901,0.026901,1345001,1345002,0,0,1,0,1,0,0,0,0,0,0,0,0,0,0,0,0,0,0,0,0,0,0,0,0,0,0,0,0,0,0,0,0,0,0
28,0.0279,0.02790001,0.02790003,0.027901,0.027901,1395001,1395002,0,0,1,0,1,0,0,0,0,0,0,0,0,0,0,0,0,0,0,0,0,0,0,0,0,0,0,0,0,0,0,0,0,0,0
29,0.0289,0.02890001,0.02890003,0.028901,0.028901,1445001,1445002,0,0,1,0,1,0,0,0,0,0,0,0,0,0,0,0,0,0,0,0,0,0,0,0,0,0,0,0,0,0,0,0,0,0,0
30,0.0299,0.02990001,0.02990003,0.029901,0.029901,1495001,1495002,0,0,1,0,1,0,0,0,0,0,0,0,0,0,0,0,0,0,0,0,0,0,0,0,0,0,0,0,0,0,0,0,0,0,0
31,0.0309,0.03090001,0.03090003,0.030901,0.030901,1545001,1545002,0,0,1,0,1,0,0,0,0,0,0,0,0,0,0,0,0,0,0,0,0,0,0,0,0,0,0,0,0,0,0,0,0,0,0
32,0.0319,0.03190001,0.03190003,0.031901,0.031901,1595001,1595002,0,0,1,0,1,0,0,0,0,0,0,0,0,0,0,0,0,0,0,0,0,0,0,0,0,0,0,0,0,0,0,0,0,0,0
33,0.0329,0.03290001,0.03290003,0.032901,0.032901,1645001,1645002,0,0,1,0,1,0,0,0,0,0,0,0,0,0,0,0,0,0,0,0,0,0,0,0,0,0,0,0,0,0,0,0,0,0,0
34,0.0339,0.03390001,0.03390003,0.033901,0.033901,1695001,1695002,0,0,1,0,1,0,0,0,0,0,0,0,0,0,0,0,0,0,0,0,0,0,0,0,0,0,0,0,0,0,0,0,0,0,0
35,0.0349,0.03490001,0.03490003,0.034901,0.034901,1745001,1745002,0,0,1,0,1,0,0,0,0,0,0,0,0,0,0,0,0,0,0,0,0,0,0,0,0,0,0,0,0,0,0,0,0,0,0
36,0.0359,0.03590001,0.03590003,0.035901,0.035901,1795001,1795002,0,0,1,0,1,0,0,0,0,0,0,0,0,0,0,0,0,0,0,0,0,0,0,0,0,0,0,0,0,0,0,0,0,0,0
37,0.0369,0.03690001,0.03690003,0.036901,0.036901,1845001,1845002,0,0,1,0,1,0,0,0,0,0,0,0,0,0,0,0,0,0,0,0,0,0,0,0,0,0,0,0,0,0,0,0,0,0,0
38,0.0379,0.03790001,0.03790003,0.037901,0.037901,1895001,1895002,0,0,1,0,1,0,0,0,0,0,0,0,0,0,0,0,0,0,0,0,0,0,0,0,0,0,0,0,0,0,0,0,0,0,0
39,0.0389,0.03890001,0.03890003,0.038901,0.038901,1945001,1945002,0,0,1,0,1,0,0,0,0,0,0,0,0,0,0,0,0,0,0,0,0,0,0,0,0,0,0,0,0,0,0,0,0,0,0
40,0.0399,0.03990001,0.03990003,0.039901,0.039901,1995001,1995002,0,0,1,0,1,0,0,0,0,0,0,0,0,0,0,0,0,0,0,0,0,0,0,0,0,0,0,0,0,0,0,0,0,0,0
41,0.0409,0.04090001,0.04090003,0.040901,0.040901,2045001,2045002,0,0,1,0,1,0,0,0,0,0,0,0,0,0,0,0,0,0,0,0,0,0,0,0,0,0,0,0,0,0,0,0,0,0,0
42,0.0419,0.04190001,0.04190003,0.041901,0.041901,2095001,2095002,0,0,1,0,1,0,0,0,0,0,0,0,0,0,0,0,0,0,0,0,0,0,0,0,0,0,0,0,0,0,0,0,0,0,0
43,0.0429,0.04290001,0.04290003,0.042901,0.042901,2145001,2145002,0,0,1,0,1,0,0,0,0,0,0,0,0,0,0,0,0,0,0,0,0,0,0,0,0,0,0,0,0,0,0,0,0,0,0
44,0.0439,0.04390001,0.04390003,0.043901,0.043901,2195001,2195002,0,0,1,0,1,0,0,0,0,0,0,0,0,0,0,0,0,0,0,0,0,0,0,0,0,0,0,0,0,0,0,0,0,0,0
45,0.0449,0.04490001,0.04490003,0.044901,0.044901,2245001,2245002,0,0,1,0,1,0,0,0,0,0,0,0,0,0,0,0,0,0,0,0,0,0,0,0,0,0,0,0,0,0,0,0,0,0,0
46,0.0459,0.04590001,0.04590003,0.045901,0.045901,2295001,2295002,0,0,1,0,1,0,0,0,0,0,0,0,0,0,0,0,0,0,0,0,0,0,0,0,0,0,0,0,0,0,0,0,0,0,0
47,0.0469,0.04690001,0.04690003,0.046901,0.046901,2345001,2345002,0,0,1,0,1,0,0,0,0,0,0,0,0,0,0,0,0,0,0,0,0,0,0,0,0,0,0,0,0,0,0,0,0,0,0
48,0.0479,0.04790001,0.04790003,0.047901,0.047901,2395001,2395002,0,0,1,0,1,0,0,0,0,0,0,0,0,0,0,0,0,0,0,0,0,0,0,0,0,0,0,0,0,0,0,0,0,0,0
49,0.0489,0.04890001,0.04890003,0.048901,0.048901,2445001,2445002,0,0,1,0,1,0,0,0,0,0,0,0,0,0,0,0,0,0,0,0,0,0,0,0,0,0,0,0,0,0,0,0,0,0,0
50,0.0499,0.04990001,0.04990003,0.049901,0.049901,2495001,2495002,0,0,1,0,1,0,0,0,0,0,0,0,0,0,0,0,0,0,0,0,0,0,0,0,0,0,0,0,0,0,0,0,0,0,0
51,0.0509,0.05090001,0.05090003,0.050901,0.050901,2545001,2545002,47186,0,1,0,1,0,0,27,871350,0,0,69708,0,0,0,0,871350,47186,871350,69708,0,27,871350,0,0,69708,0,0,0,0,871350,47186,871350,69708,0
52,0.0519,0.05190001,0.05190003,0.051901,0.051901,2595001,2595002,99615,8980,1,0,1,0,0,53,1743399,69708,0,203603,0,0,0,0,1743399,90635,1673691,133895,0,53,1743399,69708,0,203603,0,0,0,0,1743399,90635,1673691,133895,0
53,0.0529,0.05290001,0.05290003,0.052901,0.052901,2645001,2645002,152044,42895,1,0,1,0,0,68,2219179,203603,0,364849,0,0,0,0,2219179,109149,2015576,161246,0,68,2219179,203603,0,364849,0,0,0,0,2219179,109149,2015576,161246,0
54,0.0539,0.05390001,0.05390003,0.053901,0.053901,2695001,2695002,204472,93312,1,0,1,0,0,74,2417560,364849,0,529066,0,0,0,0,2417560,111160,2052711,164217,0,74,2417560,364849,0,529066,0,0,0,0,2417560,111160,2052711,164217,0
55,0.0549,0.05490001,0.05490003,0.054901,0.054901,2745001,2745002,256901,150712,1,0,1,0,0,76,2489982,529066,0,685939,0,0,0,0,2489982,106189,1960916,156873,0,76,2489982,529066,0,685939,0,0,0,0,2489982,106189,1960916,156873,0
56,0.0559,0.05590001,0.05590003,0.055901,0.055901,2795001,2795002,309330,212864,1,0,1,0,0,75,2467307,685939,0,828448,0,0,0,0,2467307,96466,1781368,142509,0,75,2467307,685939,0,828448,0,0,0,0,2467307,96466,1781368,142509,0
57,0.0569,0.05690001,0.05690003,0.056901,0.056901,2845001,2845002,361759,272357,1,0,1,0,0,76,2479370,828448,0,960522,0,0,0,0,2479370,89402,1650922,132074,0,76,2479370,828448,0,960522,0,0,0,0,2479370,89402,1650922,132074,0
58,0.0579,0.05790001,0.05790003,0.057901,0.057901,2895001,2895002,414188,331297,1,0,1,0,0,76,2491210,960522,0,1082977,0,0,0,0,2491210,82891,1530688,122455,0,76,2491210,960522,0,1082977,0,0,0,0,2491210,82891,1530688,122455,0
59,0.0589,0.05890001,0.05890003,0.058901,0.058901,2945001,2945002,466616,390932,1,0,1,0,0,76,2480579,1082977,0,1194785,0,0,0,0,2480579,75684,1397602,111808,0,76,2480579,1082977,0,1194785,0,0,0,0,2480579,75684,1397602,111808,0
60,0.0599,0.05990001,0.05990003,0.059901,0.059901,2995001,2995002,519045,450162,1,0,1,0,0,75,2466798,1194785,0,1296546,0,0,0,0,2466798,68883,1272013,101761,0,75,2466798,1194785,0,1296546,0,0,0,0,2466798,68883,1272013,101761,0
61,0.0609,0.06090001,0.06090003,0.060901,0.060901,3045001,3045002,571474,510114,1,0,1,0,0,74,2429637,1296546,0,1387193,0,0,0,0,2429637,61360,1133091,90647,0,74,2429637,1296546,0,1387193,0,0,0,0,2429637,61360,1133091,90647,0
62,0.0619,0.06190001,0.06190003,0.061901,0.061901,3095001,3095002,623903,571702,1,0,1,0,0,72,2351151,1387193,0,1464310,0,0,0,0,2351151,52201,963958,77117,0,72,2351151,1387193,0,1464310,0,0,0,0,2351151,52201,963958,77117,0
63,0.0629,0.06290001,0.06290003,0.062901,0.062901,3145001,3145002,676332,626631,1,0,1,0,0,73,2382102,1464310,0,1537733,0,0,0,0,2382102,49701,917792,73423,0,73,2382102,1464310,0,1537733,0,0,0,0,2382102,49701,917792,73423,0
64,0.0639,0.06390001,0.06390003,0.063901,0.063901,3195001,3195002,728760,683160,1,0,1,0,0,73,2379795,1537733,0,1605098,0,0,0,0,2379795,45600,842062,67365,0,73,2379795,1537733,0,1605098,0,0,0,0,2379795,45600,842062,67365,0
65,0.0649,0.06490001,0.06490003,0.064901,0.064901,3245001,3245002,781189,742280,1,0,1,0,0,71,2323602,1605098,0,1662578,0,0,0,0,2323602,38909,718504,57480,0,71,2323602,1605098,0,1662578,0,0,0,0,2323602,38909,718504,57480,0
66,0.0659,0.06590001,0.06590003,0.065901,0.065901,3295001,3295002,833618,798686,1,0,1,0,0,70,2307642,1662578,0,1714183,0,0,0,0,2307642,34932,645064,51605,0,70,2307642,1662578,0,1714183,0,0,0,0,2307642,34932,645064,51605,0
67,0.0669,0.06690001,0.06690003,0.066901,0.066901,3345001,3345002,886047,858378,1,0,1,0,0,68,2225126,1714183,0,1755058,0,0,0,0,2225126,27669,510943,40875,0,68,2225126,1714183,0,1755058,0,0,0,0,2225126,27669,510943,40875,0
68,0.0679,0.06790001,0.06790003,0.067901,0.067901,3395001,3395002,938476,911352,1,0,1,0,0,69,2255937,1755058,0,1795128,0,0,0,0,2255937,27124,500879,40070,0,69,2255937,1755058,0,1795128,0,0,0,0,2255937,27124,500879,40070,0
69,0.0689,0.06890001,0.06890003,0.068901,0.068901,3445001,3445002,990904,966372,1,0,1,0,0,69,2248143,1795128,0,1831369,0,0,0,0,2248143,24532,453015,36241,0,69,2248143,1795128,0,1831369,0,0,0,0,2248143,24532,453015,36241,0
70,0.0699,0.06990001,0.06990003,0.069901,0.069901,3495001,3495002,1043333,1020925,1,0,1,0,0,69,2245161,1831369,0,1864472,0,0,0,0,2245161,22408,413792,33103,0,69,2245161,1831369,0,1864472,0,0,0,0,2245161,22408,413792,33103,0
71,0.0709,0.07090001,0.07090003,0.070901,0.070901,3545001,3545002,1095762,1075091,1,0,1,0,0,69,2246188,1864472,0,1895009,0,0,0,0,2246188,20671,381716,30537,0,69,2246188,1864472,0,1895009,0,0,0,0,2246188,20671,381716,30537,0
72,0.0719,0.07190001,0.07190003,0.071901,0.071901,3595001,3595002,1148191,1132242,1,0,1,0,0,67,2189528,1895009,0,1918570,0,0,0,0,2189528,15949,294519,23561,0,67,2189528,1895009,0,1918570,0,0,0,0,2189528,15949,294519,23561,0
73,0.0729,0.07290001,0.07290003,0.072901,0.072901,3645001,3645002,1200620,1180266,1,0,1,0,0,70,2294433,1918570,0,1948639,0,0,0,0,2294433,20354,375863,30069,0,70,2294433,1918570,0,1948639,0,0,0,0,2294433,20354,375863,30069,0
74,0.0739,0.07390001,0.07390003,0.073901,0.073901,3695001,3695002,1253048,1236394,1,0,1,0,0,69,2256176,1948639,0,1973242,0,0,0,0,2256176,16654,307537,24603,0,69,2256176,1948639,0,1973242,0,0,0,0,2256176,16654,307537,24603,0
75,0.0749,0.07490001,0.07490003,0.074901,0.074901,3745001,3745002,1305477,1288370,1,0,1,0,0,70,2289145,1973242,0,1998514,0,0,0,0,2289145,17107,315903,25272,0,70,2289145,1973242,0,1998514,0,0,0,0,2289145,17107,315903,25272,0
76,0.0759,0.07590001,0.07590003,0.075901,0.075901,3795001,3795002,1357906,1333504,1,0,1,0,0,75,2449128,1998514,0,2034563,0,0,0,0,2449128,24402,450614,36049,0,75,2449128,1998514,0,2034563,0,0,0,0,2449128,24402,450614,36049,0
77,0.0769,0.07690001,0.07690003,0.076901,0.076901,3845001,3845002,1410335,1382704,1,0,1,0,0,78,2544805,2034563,0,2075382,0,0,0,0,2544805,27631,510242,40819,0,78,2544805,2034563,0,2075382,0,0,0,0,2544805,27631,510242,40819,0
78,0.0779,0.07790001,0.07790003,0.077901,0.077901,3895001,3895002,1462764,1439939,1,0,1,0,0,76,2496875,2075382,0,2109101,0,0,0,0,2496875,22825,421493,33719,0,76,2496875,2075382,0,2109101,0,0,0,0,2496875,22825,421493,33719,0
79,0.0789,0.07890001,0.07890003,0.078901,0.078901,3945001,3945002,1515192,1498716,1,0,1,0,0,74,2413351,2109101,0,2133441,0,0,0,0,2413351,16476,304250,24340,0,74,2413351,2109101,0,2133441,0,0,0,0,2413351,16476,304250,24340,0
80,0.0799,0.07990001,0.07990003,0.079901,0.079901,3995001,3995002,1567621,1558194,1,0,1,0,0,70,2307523,2133441,0,2147368,0,0,0,0,2307523,9427,174082,13927,0,70,2307523,2133441,0,2147368,0,0,0,0,2307523,9427,174082,13927,0
81,0.0809,0.08090001,0.08090003,0.080901,0.080901,4045001,4045002,1620050,1615110,1,0,1,0,0,68,2238591,2147368,0,2154666,0,0,0,0,2238591,4940,91223,7298,0,68,2238591,2147368,0,2154666,0,0,0,0,2238591,4940,91223,7298,0
82,0.0819,0.08190001,0.08190003,0.081901,0.081901,4095001,4095002,1672479,1668970,1,0,1,0,0,68,2219464,2154666,0,2159850,0,0,0,0,2219464,3509,64798,5184,0,68,2219464,2154666,0,2159850,0,0,0,0,2219464,3509,64798,5184,0
83,0.0829,0.08290001,0.08290003,0.082901,0.082901,4145001,4145002,1724908,1723540,1,0,1,0,0,67,2185112,2159850,0,2161871,0,0,0,0,2185112,1368,25262,2021,0,67,2185112,2159850,0,2161871,0,0,0,0,2185112,1368,25262,2021,0
84,0.0839,0.08390001,0.08390003,0.083901,0.083901,4195001,4195002,1777336,1776939,1,0,1,0,0,66,2169202,2161871,0,2162457,0,0,0,0,2169202,397,7331,586,0,66,2169202,2161871,0,2162457,0,0,0,0,2169202,397,7331,586,0
85,0.0849,0.08490001,0.08490003,0.084901,0.084901,4245001,4245002,1829765,1833327,1,0,1,0,0,64,2096680,2162457,0,2157195,0,0,0,0,2096680,-3562,-65777,-5262,0,64,2096680,2162457,0,2157195,0,0,0,0,2096680,-3562,-65777,-5262,0
86,0.0859,0.08590001,0.08590003,0.085901,0.085901,4295001,4295002,1882194,1883317,1,0,1,0,0,65,2136457,2157195,0,2155536,0,0,0,0,2136457,-1123,-20738,-1659,0,65,2136457,2157195,0,2155536,0,0,0,0,2136457,-1123,-20738,-1659,0
87,0.0869,0.08690001,0.08690003,0.086901,0.086901,4345001,4345002,1934623,1933916,1,0,1,0,0,66,2168592,2155536,0,2156580,0,0,0,0,2168592,707,13056,1044,0,66,2168592,2155536,0,2156580,0,0,0,0,2168592,707,13056,1044,0
88,0.0879,0.08790001,0.08790003,0.087901,0.087901,4395001,4395002,1987052,1986025,1,0,1,0,0,66,2175545,2156580,0,2158097,0,0,0,0,2175545,1027,18965,1517,0,66,2175545,2156580,0,2158097,0,0,0,0,2175545,1027,18965,1517,0
89,0.0889,0.08890001,0.08890003,0.088901,0.088901,4445001,4445002,2039480,2039613,1,0,1,0,0,66,2155641,2158097,0,2157901,0,0,0,0,2155641,-133,-2456,-196,0,66,2155641,2158097,0,2157901,0,0,0,0,2155641,-133,-2456,-196,0
90,0.0899,0.08990001,0.08990003,0.089901,0.089901,4495001,4495002,2091909,2089274,1,0,1,0,0,67,2206560,2157901,0,2161794,0,0,0,0,2206560,2635,48659,3893,0,67,2206560,2157901,0,2161794,0,0,0,0,2206560,2635,48659,3893,0
91,0.0909,0.09090001,0.09090003,0.090901,0.090901,4545001,4545002,2144338,2143357,1,0,1,0,0,67,2179909,2161794,0,2163243,0,0,0,0,2179909,981,18115,1449,0,67,2179909,2161794,0,2163243,0,0,0,0,2179909,981,18115,1449,0
92,0.0919,0.09190001,0.09190003,0.091901,0.091901,4595001,4595002,2196767,2196997,1,0,1,0,0,66,2158996,2163243,0,2162903,0,0,0,0,2158996,-230,-4247,-340,0,66,2158996,2163243,0,2162903,0,0,0,0,2158996,-230,-4247,-340,0
93,0.0929,0.09290001,0.09290003,0.092901,0.092901,4645001,4645002,2249196,2249721,1,0,1,0,0,66,2153208,2162903,0,2162127,0,0,0,0,2153208,-525,-9695,-776,0,66,2153208,2162903,0,2162127,0,0,0,0,2153208,-525,-9695,-776,0
94,0.0939,0.09390001,0.09390003,0.093901,0.093901,4695001,4695002,2301624,2302329,1,0,1,0,0,66,2149108,2162127,0,2161086,0,0,0,0,2149108,-705,-13019,-1041,0,66,2149108,2162127,0,2161086,0,0,0,0,2149108,-705,-13019,-1041,0
95,0.0949,0.09490001,0.09490003,0.094901,0.094901,4745001,4745002,2354053,2356130,1,0,1,0,0,65,2122732,2161086,0,2158018,0,0,0,0,2122732,-2077,-38354,-3068,0,65,2122732,2161086,0,2158018,0,0,0,0,2122732,-2077,-38354,-3068,0
96,0.0959,0.09590001,0.09590003,0.095901,0.095901,4795001,4795002,2406482,2407887,1,0,1,0,0,65,2132073,2158018,0,2155942,0,0,0,0,2132073,-1405,-25945,-2076,0,65,2132073,2158018,0,2155942,0,0,0,0,2132073,-1405,-25945,-2076,0
97,0.0969,0.09690001,0.09690003,0.096901,0.096901,4845001,4845002,2458911,2460141,1,0,1,0,0,65,2133228,2155942,0,2154125,0,0,0,0,2133228,-1230,-22714,-1817,0,65,2133228,2155942,0,2154125,0,0,0,0,2133228,-1230,-22714,-1817,0
98,0.0979,0.09790001,0.09790003,0.097901,0.097901,4895001,4895002,2511340,2510490,1,0,1,0,0,66,2169821,2154125,0,2155381,0,0,0,0,2169821,850,15696,1256,0,66,2169821,2154125,0,2155381,0,0,0,0,2169821,850,15696,1256,0
99,0.0989,0.09890001,0.09890003,0.098901,0.098901,4945001,4945002,2563768,2565102,1,0,1,0,0,65,2130747,2155381,0,2153410,0,0,0,0,2130747,-1334,-24634,-1971,0,65,2130747,2155381,0,2153410,0,0,0,0,2130747,-1334,-24634,-1971,0
100,0.0999,0.09990001,0.09990003,0.099901,0.099901,4995001,4995002,2616197,2615153,1,0,1,0,0,66,2172689,2153410,0,2154952,0,0,0,0,2172689,1044,19279,1542,0,66,2172689,2153410,0,2154952,0,0,0,0,2172689,1044,19279,1542,0
101,0.1009,0.10090001,0.10090003,0.100901,0.100901,5045001,5045002,2668626,2665278,1,0,1,0,0,68,2216777,2154952,0,2159898,0,0,0,0,2216777,3348,61825,4946,0,68,2216777,2154952,0,2159898,0,0,0,0,2216777,3348,61825,4946,0
102,0.1019,0.10190001,0.10190003,0.101901,0.101901,5095001,5095002,2721055,2723562,1,0,1,0,0,65,2113603,2159898,0,2156194,0,0,0,0,2113603,-2507,-46295,-3704,0,65,2113603,2159898,0,2156194,0,0,0,0,2113603,-2507,-46295,-3704,0
103,0.1029,0.10290001,0.10290003,0.102901,0.102901,5145001,5145002,2773484,2769992,1,0,1,0,0,68,2220678,2156194,0,2161353,0,0,0,0,2220678,3492,64484,5159,0,68,2220678,2156194,0,2161353,0,0,0,0,2220678,3492,64484,5159,0
104,0.1039,0.10390001,0.10390003,0.103901,0.103901,5195001,5195002,2825912,2824073,1,0,1,0,0,67,2195312,2161353,0,2164070,0,0,0,0,2195312,1839,33959,2717,0,67,2195312,2161353,0,2164070,0,0,0,0,2195312,1839,33959,2717,0
105,0.1049,0.10490001,0.10490003,0.104901,0.104901,5245001,5245002,2878341,2874042,1,0,1,0,0,68,2243457,2164070,0,2170421,0,0,0,0,2243457,4299,79387,6351,0,68,2243457,2164070,0,2170421,0,0,0,0,2243457,4299,79387,6351,0
106,0.1059,0.10590001,0.10590003,0.105901,0.105901,5295001,5295002,2930770,2917401,1,0,1,0,0,74,2417297,2170421,0,2190171,0,0,0,0,2417297,13369,246876,19750,0,74,2417297,2170421,0,2190171,0,0,0,0,2417297,13369,246876,19750,0
107,0.1069,0.10690001,0.10690003,0.106901,0.106901,5345001,5345002,2983199,2966703,1,0,1,0,0,76,2494791,2190171,0,2214541,0,0,0,0,2494791,16496,304620,24370,0,76,2494791,2190171,0,2214541,0,0,0,0,2494791,16496,304620,24370,0
108,0.1079,0.10790001,0.10790003,0.107901,0.107901,5395001,5395002,3035628,3021332,1,0,1,0,0,76,2478535,2214541,0,2235661,0,0,0,0,2478535,14296,263994,21120,0,76,2478535,2214541,0,2235661,0,0,0,0,2478535,14296,263994,21120,0
109,0.1089,0.10890001,0.10890003,0.108901,0.108901,5445001,5445002,3088056,3081762,1,0,1,0,0,72,2351888,2235661,0,2244959,0,0,0,0,2351888,6294,116227,9298,0,72,2351888,2235661,0,2244959,0,0,0,0,2351888,6294,116227,9298,0
110,0.1099,0.10990001,0.10990003,0.109901,0.109901,5495001,5495002,3140485,3138077,1,0,1,0,0,70,2289426,2244959,0,2248516,0,0,0,0,2289426,2408,44467,3557,0,70,2289426,2244959,0,2248516,0,0,0,0,2289426,2408,44467,3557,0
111,0.1109,0.11090001,0.11090003,0.110901,0.110901,5545001,5545002,3192914,3197015,1,0,1,0,0,66,2172786,2248516,0,2242458,0,0,0,0,2172786,-4101,-75730,-6058,0,66,2172786,2248516,0,2242458,0,0,0,0,2172786,-4101,-75730,-6058,0
112,0.1119,0.11190001,0.11190003,0.111901,0.111901,5595001,5595002,3245343,3249604,1,0,1,0,0,66,2163773,2242458,0,2236163,0,0,0,0,2163773,-4261,-78685,-6295,0,66,2163773,2242458,0,2236163,0,0,0,0,2163773,-4261,-78685,-6295,0
113,0.1129,0.11290001,0.11290003,0.112901,0.112901,5645001,5645002,3297772,3303748,1,0,1,0,0,65,2125809,2236163,0,2227335,0,0,0,0,2125809,-5976,-110354,-8828,0,65,2125809,2236163,0,2227335,0,0,0,0,2125809,-5976,-110354,-8828,0
114,0.1139,0.11390001,0.11390003,0.113901,0.113901,5695001,5695002,3350200,3355965,1,0,1,0,0,65,2120877,2227335,0,2218818,0,0,0,0,2120877,-5765,-106458,-8517,0,65,2120877,2227335,0,2218818,0,0,0,0,2120877,-5765,-106458,-8517,0
115,0.1149,0.11490001,0.11490003,0.114901,0.114901,5745001,5745002,3402629,3407901,1,0,1,0,0,65,2121464,2218818,0,2211030,0,0,0,0,2121464,-5272,-97354,-7788,0,65,2121464,2218818,0,2211030,0,0,0,0,2121464,-5272,-97354,-7788,0
116,0.1159,0.11590001,0.11590003,0.115901,0.115901,5795001,5795002,3455058,3457710,1,0,1,0,0,66,2162057,2211030,0,2207112,0,0,0,0,2162057,-2652,-48973,-3918,0,66,2162057,2211030,0,2207112,0,0,0,0,2162057,-2652,-48973,-3918,0
117,0.1169,0.11690001,0.11690003,0.116901,0.116901,5845001,5845002,3507487,3510598,1,0,1,0,0,66,2149663,2207112,0,2202516,0,0,0,0,2149663,-3111,-57449,-4596,0,66,2149663,2207112,0,2202516,0,0,0,0,2149663,-3111,-57449,-4596,0
118,0.1179,0.11790001,0.11790003,0.117901,0.117901,5895001,5895002,3559916,3561677,1,0,1,0,0,66,2169997,2202516,0,2199914,0,0,0,0,2169997,-1761,-32519,-2602,0,66,2169997,2202516,0,2199914,0,0,0,0,2169997,-1761,-32519,-2602,0
119,0.1189,0.11890001,0.11890003,0.118901,0.118901,5945001,5945002,3612344,3614210,1,0,1,0,0,66,2165456,2199914,0,2197157,0,0,0,0,2165456,-1866,-34458,-2757,0,66,2165456,2199914,0,2197157,0,0,0,0,2165456,-1866,-34458,-2757,0
120,0.1199,0.11990001,0.11990003,0.119901,0.119901,5995001,5995002,3664773,3667717,1,0,1,0,0,65,2142792,2197157,0,2192808,0,0,0,0,2142792,-2944,-54365,-4349,0,65,2142792,2197157,0,2192808,0,0,0,0,2142792,-2944,-54365,-4349,0
121,0.1209,0.12090001,0.12090003,0.120901,0.120901,6045001,6045002,3717202,3720227,1,0,1,0,0,65,2136948,2192808,0,2188339,0,0,0,0,2136948,-3025,-55860,-4469,0,65,2136948,2192808,0,2188339,0,0,0,0,2136948,-3025,-55860,-4469,0
122,0.1219,0.12190001,0.12190003,0.121901,0.121901,6095001,6095002,3769631,3772077,1,0,1,0,0,65,2143170,2188339,0,2184726,0,0,0,0,2143170,-2446,-45169,-3613,0,65,2143170,2188339,0,2184726,0,0,0,0,2143170,-2446,-45169,-3613,0
123,0.1229,0.12290001,0.12290003,0.122901,0.122901,6145001,6145002,3822060,3820600,1,0,1,0,0,67,2211687,2184726,0,2186883,0,0,0,0,2211687,1460,26961,2157,0,67,2211687,2184726,0,2186883,0,0,0,0,2211687,1460,26961,2157,0
124,0.1239,0.12390001,0.12390003,0.123901,0.123901,6195001,6195002,3874488,3876470,1,0,1,0,0,66,2150283,2186883,0,2183955,0,0,0,0,2150283,-1982,-36600,-2928,0,66,2150283,2186883,0,2183955,0,0,0,0,2150283,-1982,-36600,-2928,0
125,0.1249,0.12490001,0.12490003,0.124901,0.124901,6245001,6245002,3926917,3928790,1,0,1,0,0,66,2149368,2183955,0,2181188,0,0,0,0,2149368,-1873,-34587,-2767,0,66,2149368,2183955,0,2181188,0,0,0,0,2149368,-1873,-34587,-2767,0
126,0.1259,0.12590001,0.12590003,0.125901,0.125901,6295001,6295002,3979346,3979295,1,0,1,0,0,67,2182130,2181188,0,2181263,0,0,0,0,2182130,51,942,75,0,67,2182130,2181188,0,2181263,0,0,0,0,2182130,51,942,75,0
127,0.1269,0.12690001,0.12690003,0.126901,0.126901,6345001,6345002,4031775,4035042,1,0,1,0,0,65,2120934,2181263,0,2176437,0,0,0,0,2120934,-3267,-60329,-4826,0,65,2120934,2181263,0,2176437,0,0,0,0,2120934,-3267,-60329,-4826,0
128,0.1279,0.12790001,0.12790003,0.127901,0.127901,6395001,6395002,4084204,4085113,1,0,1,0,0,66,2159651,2176437,0,2175094,0,0,0,0,2159651,-909,-16786,-1343,0,66,2159651,2176437,0,2175094,0,0,0,0,2159651,-909,-16786,-1343,0
129,0.1289,0.12890001,0.12890003,0.128901,0.128901,6445001,6445002,4136632,4139637,1,0,1,0,0,65,2119603,2175094,0,2170655,0,0,0,0,2119603,-3005,-55491,-4439,0,65,2119603,2175094,0,2170655,0,0,0,0,2119603,-3005,-55491,-4439,0
130,0.1299,0.12990001,0.12990003,0.129901,0.129901,6495001,6495002,4189061,4189742,1,0,1,0,0,66,2158079,2170655,0,2169649,0,0,0,0,2158079,-681,-12576,-1006,0,66,2158079,2170655,0,2169649,0,0,0,0,2158079,-681,-12576,-1006,0
131,0.1309,0.13090001,0.13090003,0.130901,0.130901,6545001,6545002,4241490,4239947,1,0,1,0,0,67,2198142,2169649,0,2171928,0,0,0,0,2198142,1543,28493,2279,0,67,2198142,2169649,0,2171928,0,0,0,0,2198142,1543,28493,2279,0
132,0.1319,0.13190001,0.13190003,0.131901,0.131901,6595001,6595002,4293919,4295457,1,0,1,0,0,65,2143527,2171928,0,2169656,0,0,0,0,2143527,-1538,-28401,-2272,0,65,2143527,2171928,0,2169656,0,0,0,0,2143527,-1538,-28401,-2272,0
133,0.1329,0.13290001,0.13290003,0.132901,0.132901,6645001,6645002,4346348,4344230,1,0,1,0,0,67,2208768,2169656,0,2172785,0,0,0,0,2208768,2118,39112,3129,0,67,2208768,2169656,0,2172785,0,0,0,0,2208768,2118,39112,3129,0
134,0.1339,0.13390001,0.13390003,0.133901,0.133901,6695001,6695002,4398776,4398949,1,0,1,0,0,66,2169590,2172785,0,2172529,0,0,0,0,2169590,-173,-3195,-256,0,66,2169590,2172785,0,2172529,0,0,0,0,2169590,-173,-3195,-256,0
135,0.1349,0.13490001,0.13490003,0.134901,0.134901,6745001,6745002,4451205,4449111,1,0,1,0,0,67,2211197,2172529,0,2175622,0,0,0,0,2211197,2094,38668,3093,0,67,2211197,2172529,0,2175622,0,0,0,0,2211197,2094,38668,3093,0
136,0.1359,0.13590001,0.13590003,0.135901,0.135901,6795001,6795002,4503634,4492556,1,0,1,0,0,73,2380191,2175622,0,2191988,0,0,0,0,2380191,11078,204569,16366,0,73,2380191,2175622,0,2191988,0,0,0,0,2380191,11078,204569,16366,0
137,0.1369,0.13690001,0.13690003,0.136901,0.136901,6845001,6845002,4556063,4538454,1,0,1,0,0,77,2517161,2191988,0,2218002,0,0,0,0,2517161,17609,325173,26014,0,77,2517161,2191988,0,2218002,0,0,0,0,2517161,17609,325173,26014,0
138,0.1379,0.13790001,0.13790003,0.137901,0.137901,6895001,6895002,4608492,4594838,1,0,1,0,0,75,2470141,2218002,0,2238173,0,0,0,0,2470141,13654,252139,20171,0,75,2470141,2218002,0,2238173,0,0,0,0,2470141,13654,252139,20171,0
139,0.1389,0.13890001,0.13890003,0.138901,0.138901,6945001,6945002,4660920,4654091,1,0,1,0,0,72,2364279,2238173,0,2248261,0,0,0,0,2364279,6829,126106,10088,0,72,2364279,2238173,0,2248261,0,0,0,0,2364279,6829,126106,10088,0
140,0.1399,0.13990001,0.13990003,0.139901,0.139901,6995001,6995002,4713349,4711572,1,0,1,0,0,70,2281076,2248261,0,2250886,0,0,0,0,2281076,1777,32815,2625,0,70,2281076,2248261,0,2250886,0,0,0,0,2281076,1777,32815,2625,0
141,0.1409,0.14090001,0.14090003,0.140901,0.140901,7045001,7045002,4765778,4768630,1,0,1,0,0,67,2198220,2250886,0,2246673,0,0,0,0,2198220,-2852,-52666,-4213,0,67,2198220,2250886,0,2246673,0,0,0,0,2198220,-2852,-52666,-4213,0
142,0.1419,0.14190001,0.14190003,0.141901,0.141901,7095001,7095002,4818207,4819910,1,0,1,0,0,68,2215225,2246673,0,2244157,0,0,0,0,2215225,-1703,-31448,-2516,0,68,2215225,2246673,0,2244157,0,0,0,0,2215225,-1703,-31448,-2516,0
143,0.1429,0.14290001,0.14290003,0.142901,0.142901,7145001,7145002,4870636,4876730,1,0,1,0,0,65,2131624,2244157,0,2235154,0,0,0,0,2131624,-6094,-112533,-9003,0,65,2131624,2244157,0,2235154,0,0,0,0,2131624,-6094,-112533,-9003,0
144,0.1439,0.14390001,0.14390003,0.143901,0.143901,7195001,7195002,4923064,4926758,1,0,1,0,0,66,2166940,2235154,0,2229697,0,0,0,0,2166940,-3694,-68214,-5457,0,66,2166940,2235154,0,2229697,0,0,0,0,2166940,-3694,-68214,-5457,0
145,0.1449,0.14490001,0.14490003,0.144901,0.144901,7245001,7245002,4975493,4979971,1,0,1,0,0,66,2147005,2229697,0,2223082,0,0,0,0,2147005,-4478,-82692,-6615,0,66,2147005,2229697,0,2223082,0,0,0,0,2147005,-4478,-82692,-6615,0
146,0.1459,0.14590001,0.14590003,0.145901,0.145901,7295001,7295002,5027922,5032601,1,0,1,0,0,65,2136678,2223082,0,2216170,0,0,0,0,2136678,-4679,-86404,-6912,0,65,2136678,2223082,0,2216170,0,0,0,0,2136678,-4679,-86404,-6912,0
147,0.1469,0.14690001,0.14690003,0.146901,0.146901,7345001,7345002,5080351,5087177,1,0,1,0,0,64,2090119,2216170,0,2206086,0,0,0,0,2090119,-6826,-126051,-10084,0,64,2090119,2216170,0,2206086,0,0,0,0,2090119,-6826,-126051,-10084,0
148,0.1479,0.14790001,0.14790003,0.147901,0.147901,7395001,7395002,5132780,5138331,1,0,1,0,0,64,2103580,2206086,0,2197885,0,0,0,0,2103580,-5551,-102506,-8201,0,64,2103580,2206086,0,2197885,0,0,0,0,2103580,-5551,-102506,-8201,0
149,0.1489,0.14890001,0.14890003,0.148901,0.148901,7445001,7445002,5185208,5183493,1,0,1,0,0,68,2229555,2197885,0,2200419,0,0,0,0,2229555,1715,31670,2534,0,68,2229555,2197885,0,2200419,0,0,0,0,2229555,1715,31670,2534,0
150,0.1499,0.14990001,0.14990003,0.149901,0.149901,7495001,7495002,5237637,5239059,1,0,1,0,0,66,2174160,2200419,0,2198318,0,0,0,0,2174160,-1422,-26259,-2101,0,66,2174160,2200419,0,2198318,0,0,0,0,2174160,-1422,-26259,-2101,0
151,0.1509,0.15090001,0.15090003,0.150901,0.150901,7545001,7545002,5242880,5291431,1,0,1,0,0,40,1301762,2198318,0,2126593,0,0,0,0,1301762,-48551,-896556,-71725,0,40,1301762,2198318,0,2126593,0,0,0,0,1301762,-48551,-896556,-71725,0
152,0.1519,0.15190001,0.15190003,0.151901,0.151901,7595001,7595002,5242880,5325480,1,0,1,0,0,18,601278,2126593,0,2004568,0,0,0,0,601278,-82600,-1525315,-122025,0,18,601278,2126593,0,2004568,0,0,0,0,601278,-82600,-1525315,-122025,0
153,0.1529,0.15290001,0.15290003,0.152901,0.152901,7645001,7645002,5242880,5346263,1,0,1,0,0,3,95469,2004568,0,1851840,0,0,0,0,95469,-103383,-1909099,-152728,0,3,95469,2004568,0,1851840,0,0,0,0,95469,-103383,-1909099,-152728,0
154,0.1539,0.15390001,0.15390003,0.153901,0.153901,7695001,7695002,5242880,5350229,1,0,1,0,0,-4,-130496,1851840,0,1693253,0,0,0,0,-130496,-107349,-1982336,-158587,0,-4,-130496,1851840,0,1693253,0,0,0,0,-130496,-107349,-1982336,-158587,0
155,0.1549,0.15490001,0.15490003,0.154901,0.154901,7745001,7745002,5242880,5349314,1,0,1,0,0,-8,-272187,1693253,0,1536018,0,0,0,0,-272187,-106434,-1965440,-157235,0,-8,-272187,1693253,0,1536018,0,0,0,0,-272187,-106434,-1965440,-157235,0
156,0.1559,0.15590001,0.15590003,0.155901,0.155901,7795001,7795002,5242880,5341590,1,0,1,0,0,-9,-286788,1536018,0,1390193,0,0,0,0,-286788,-98710,-1822806,-145825,0,-9,-286788,1536018,0,1390193,0,0,0,0,-286788,-98710,-1822806,-145825,0
157,0.1569,0.15690001,0.15690003,0.156901,0.156901,7845001,7845002,5242880,5335428,1,0,1,0,0,-10,-318824,1390193,0,1253472,0,0,0,0,-318824,-92548,-1709017,-136721,0,-10,-318824,1390193,0,1253472,0,0,0,0,-318824,-92548,-1709017,-136721,0
158,0.1579,0.15790001,0.15790003,0.157901,0.157901,7895001,7895002,5242880,5331080,1,0,1,0,0,-11,-375254,1253472,0,1123174,0,0,0,0,-375254,-88200,-1628726,-130298,0,-11,-375254,1253472,0,1123174,0,0,0,0,-375254,-88200,-1628726,-130298,0
159,0.1589,0.15890001,0.15890003,0.158901,0.158901,7945001,7945002,5242880,5319197,1,0,1,0,0,-9,-286117,1123174,0,1010431,0,0,0,0,-286117,-76317,-1409291,-112743,0,-9,-286117,1123174,0,1010431,0,0,0,0,-286117,-76317,-1409291,-112743,0
160,0.1599,0.15990001,0.15990003,0.159901,0.159901,7995001,7995002,5242880,5312121,1,0,1,0,0,-8,-268193,1010431,0,908141,0,0,0,0,-268193,-69241,-1278624,-102290,0,-8,-268193,1010431,0,908141,0,0,0,0,-268193,-69241,-1278624,-102290,0
161,0.1609,0.16090001,0.16090003,0.160901,0.160901,8045001,8045002,5242880,5306963,1,0,1,0,0,-8,-275233,908141,0,813471,0,0,0,0,-275233,-64083,-1183374,-94670,0,-8,-275233,908141,0,813471,0,0,0,0,-275233,-64083,-1183374,-94670,0
162,0.1619,0.16190001,0.16190003,0.161901,0.161901,8095001,8095002,5242880,5298095,1,0,1,0,0,-6,-206145,813471,0,731902,0,0,0,0,-206145,-55215,-1019616,-81569,0,-6,-206145,813471,0,731902,0,0,0,0,-206145,-55215,-1019616,-81569,0
163,0.1629,0.16290001,0.16290003,0.162901,0.162901,8145001,8145002,5242880,5295591,1,0,1,0,0,-7,-241474,731902,0,654032,0,0,0,0,-241474,-52711,-973376,-77870,0,-7,-241474,731902,0,654032,0,0,0,0,-241474,-52711,-973376,-77870,0
164,0.1639,0.16390001,0.16390003,0.163901,0.163901,8195001,8195002,5242880,5290089,1,0,1,0,0,-7,-217743,654032,0,584290,0,0,0,0,-217743,-47209,-871775,-69742,0,-7,-217743,654032,0,584290,0,0,0,0,-217743,-47209,-871775,-69742,0
165,0.1649,0.16490001,0.16490003,0.164901,0.164901,8245001,8245002,5242880,5286645,1,0,1,0,0,-7,-223887,584290,0,519636,0,0,0,0,-223887,-43765,-808177,-64654,0,-7,-223887,584290,0,519636,0,0,0,0,-223887,-43765,-808177,-64654,0
166,0.1659,0.16590001,0.16590003,0.165901,0.165901,8295001,8295002,5242880,5279401,1,0,1,0,0,-5,-154771,519636,0,465683,0,0,0,0,-154771,-36521,-674407,-53953,0,-5,-154771,519636,0,465683,0,0,0,0,-154771,-36521,-674407,-53953,0
167,0.1669,0.16690001,0.16690003,0.166901,0.166901,8345001,8345002,5242880,5274493,1,0,1,0,0,-4,-118091,465683,0,418981,0,0,0,0,-118091,-31613,-583774,-46702,0,-4,-118091,465683,0,418981,0,0,0,0,-118091,-31613,-583774,-46702,0
168,0.1679,0.16790001,0.16790003,0.167901,0.167901,8395001,8395002,5242880,5272979,1,0,1,0,0,-4,-136836,418981,0,374516,0,0,0,0,-136836,-30099,-555817,-44465,0,-4,-136836,418981,0,374516,0,0,0,0,-136836,-30099,-555817,-44465,0
169,0.1689,0.16890001,0.16890003,0.168901,0.168901,8445001,8445002,5242880,5267791,1,0,1,0,0,-3,-85497,374516,0,337715,0,0,0,0,-85497,-24911,-460013,-36801,0,-3,-85497,374516,0,337715,0,0,0,0,-85497,-24911,-460013,-36801,0
170,0.1699,0.16990001,0.16990003,0.169901,0.169901,8495001,8495002,5242880,5264741,1,0,1,0,0,-2,-65976,337715,0,305420,0,0,0,0,-65976,-21861,-403691,-32295,0,-2,-65976,337715,0,305420,0,0,0,0,-65976,-21861,-403691,-32295,0
171,0.1709,0.17090001,0.17090003,0.170901,0.170901,8545001,8545002,5242880,5264781,1,0,1,0,0,-3,-99010,305420,0,273066,0,0,0,0,-99010,-21901,-404430,-32354,0,-3,-99010,305420,0,273066,0,0,0,0,-99010,-21901,-404430,-32354,0
172,0.1719,0.17190001,0.17190003,0.171901,0.171901,8595001,8595002,5242880,5262064,1,0,1,0,0,-2,-81191,273066,0,244725,0,0,0,0,-81191,-19184,-354257,-28341,0,-2,-81191,273066,0,244725,0,0,0,0,-81191,-19184,-354257,-28341,0
173,0.1729,0.17290001,0.17290003,0.172901,0.172901,8645001,8645002,5242880,5260966,1,0,1,0,0,-3,-89256,244725,0,218007,0,0,0,0,-89256,-18086,-333981,-26718,0,-3,-89256,244725,0,218007,0,0,0,0,-89256,-18086,-333981,-26718,0
174,0.1739,0.17390001,0.17390003,0.173901,0.173901,8695001,8695002,5242880,5256894,1,0,1,0,0,-1,-40779,218007,0,197304,0,0,0,0,-40779,-14014,-258786,-20703,0,-1,-40779,218007,0,197304,0,0,0,0,-40779,-14014,-258786,-20703,0
175,0.1749,0.17490001,0.17490003,0.174901,0.174901,8745001,8745002,5242880,5258345,1,0,1,0,0,-3,-88277,197304,0,174458,0,0,0,0,-88277,-15465,-285581,-22846,0,-3,-88277,197304,0,174458,0,0,0,0,-88277,-15465,-285581,-22846,0
176,0.1759,0.17590001,0.17590003,0.175901,0.175901,8795001,8795002,5242880,5257783,1,0,1,0,0,-3,-100745,174458,0,152442,0,0,0,0,-100745,-14903,-275203,-22016,0,-3,-100745,174458,0,152442,0,0,0,0,-100745,-14903,-275203,-22016,0
177,0.1769,0.17690001,0.17690003,0.176901,0.176901,8845001,8845002,5242880,5250767,1,0,1,0,0,0,6798,152442,0,140791,0,0,0,0,6798,-7887,-145644,-11651,0,0,6798,152442,0,140791,0,0,0,0,6798,-7887,-145644,-11651,0
178,0.1779,0.17790001,0.17790003,0.177901,0.177901,8895001,8895002,5242880,5249235,1,0,1,0,0,1,23438,140791,0,131403,0,0,0,0,23438,-6355,-117353,-9388,0,1,23438,140791,0,131403,0,0,0,0,23438,-6355,-117353,-9388,0
179,0.1789,0.17890001,0.17890003,0.178901,0.178901,8945001,8945002,5242880,5248513,1,0,1,0,0,1,27382,131403,0,123081,0,0,0,0,27382,-5633,-104021,-8322,0,1,27382,131403,0,123081,0,0,0,0,27382,-5633,-104021,-8322,0
180,0.1799,0.17990001,0.17990003,0.179901,0.179901,8995001,8995002,5242880,5248926,1,0,1,0,0,0,11434,123081,0,114149,0,0,0,0,11434,-6046,-111647,-8932,0,0,11434,123081,0,114149,0,0,0,0,11434,-6046,-111647,-8932,0
181,0.1809,0.18090001,0.18090003,0.180901,0.180901,9045001,9045002,5242880,5249923,1,0,1,0,0,0,-15909,114149,0,103744,0,0,0,0,-15909,-7043,-130058,-10405,0,0,-15909,114149,0,103744,0,0,0,0,-15909,-7043,-130058,-10405,0
182,0.1819,0.18190001,0.18190003,0.181901,0.181901,9095001,9095002,5242880,5249902,1,0,1,0,0,-1,-25926,103744,0,93370,0,0,0,0,-25926,-7022,-129670,-10374,0,-1,-25926,103744,0,93370,0,0,0,0,-25926,-7022,-129670,-10374,0
183,0.1829,0.18290001,0.18290003,0.182901,0.182901,9145001,9145002,5242880,5250354,1,0,1,0,0,-1,-44647,93370,0,82329,0,0,0,0,-44647,-7474,-138017,-11041,0,-1,-44647,93370,0,82329,0,0,0,0,-44647,-7474,-138017,-11041,0
184,0.1839,0.18390001,0.18390003,0.183901,0.183901,9195001,9195002,5242880,5251917,1,0,1,0,0,-3,-84551,82329,0,68979,0,0,0,0,-84551,-9037,-166880,-13350,0,-3,-84551,82329,0,68979,0,0,0,0,-84551,-9037,-166880,-13350,0
185,0.1849,0.18490001,0.18490003,0.184901,0.184901,9245001,9245002,5242880,5249144,1,0,1,0,0,-1,-46694,68979,0,59725,0,0,0,0,-46694,-6264,-115673,-9254,0,-1,-46694,68979,0,59725,0,0,0,0,-46694,-6264,-115673,-9254,0
186,0.1859,0.18590001,0.18590003,0.185901,0.185901,9295001,9295002,5242880,5245266,1,0,1,0,0,0,15664,59725,0,56200,0,0,0,0,15664,-2386,-44061,-3525,0,0,15664,59725,0,56200,0,0,0,0,15664,-2386,-44061,-3525,0
187,0.1869,0.18690001,0.18690003,0.186901,0.186901,9345001,9345002,5242880,5245290,1,0,1,0,0,0,11696,56200,0,52640,0,0,0,0,11696,-2410,-44504,-3560,0,0,11696,56200,0,52640,0,0,0,0,11696,-2410,-44504,-3560,0
188,0.1879,0.18790001,0.18790003,0.187901,0.187901,9395001,9395002,5242880,5246685,1,0,1,0,0,-1,-17624,52640,0,47019,0,0,0,0,-17624,-3805,-70264,-5621,0,-1,-17624,52640,0,47019,0,0,0,0,-17624,-3805,-70264,-5621,0
189,0.1889,0.18890001,0.18890003,0.188901,0.188901,9445001,9445002,5242880,5247762,1,0,1,0,0,-1,-43133,47019,0,39807,0,0,0,0,-43133,-4882,-90152,-7212,0,-1,-43133,47019,0,39807,0,0,0,0,-43133,-4882,-90152,-7212,0
190,0.1899,0.18990001,0.18990003,0.189901,0.189901,9495001,9495002,5242880,5249380,1,0,1,0,0,-2,-80224,39807,0,30205,0,0,0,0,-80224,-6500,-120031,-9602,0,-2,-80224,39807,0,30205,0,0,0,0,-80224,-6500,-120031,-9602,0
191,0.1909,0.19090001,0.19090003,0.190901,0.190901,9545001,9545002,5242880,5244156,1,0,1,0,0,0,6642,30205,0,28320,0,0,0,0,6642,-1276,-23563,-1885,0,0,6642,30205,0,28320,0,0,0,0,6642,-1276,-23563,-1885,0
192,0.1919,0.19190001,0.19190003,0.191901,0.191901,9595001,9595002,5242880,5243997,1,0,1,0,0,0,7693,28320,0,26670,0,0,0,0,7693,-1117,-20627,-1650,0,0,7693,28320,0,26670,0,0,0,0,7693,-1117,-20627,-1650,0
193,0.1929,0.19290001,0.19290003,0.192901,0.192901,9645001,9645002,5242880,5243844,1,0,1,0,0,0,8869,26670,0,25246,0,0,0,0,8869,-964,-17801,-1424,0,0,8869,26670,0,25246,0,0,0,0,8869,-964,-17801,-1424,0
194,0.1939,0.19390001,0.19390003,0.193901,0.193901,9695001,9695002,5242880,5245033,1,0,1,0,0,0,-14512,25246,0,22065,0,0,0,0,-14512,-2153,-39758,-3181,0,0,-14512,25246,0,22065,0,0,0,0,-14512,-2153,-39758,-3181,0
195,0.1949,0.19490001,0.19490003,0.194901,0.194901,9745001,9745002,5242880,5243493,1,0,1,0,0,0,10745,22065,0,21159,0,0,0,0,10745,-613,-11320,-906,0,0,10745,22065,0,21159,0,0,0,0,10745,-613,-11320,-906,0
196,0.1959,0.19590001,0.19590003,0.195901,0.195901,9795001,9795002,5242880,5242374,1,0,1,0,0,1,30503,21159,0,21907,0,0,0,0,30503,506,9344,748,0,1,30503,21159,0,21907,0,0,0,0,30503,506,9344,748,0
197,0.1969,0.19690001,0.19690003,0.196901,0.196901,9845001,9845002,5242880,5242876,1,0,1,0,0,1,21981,21907,0,21913,0,0,0,0,21981,4,74,6,0,1,21981,21907,0,21913,0,0,0,0,21981,4,74,6,0
198,0.1979,0.19790001,0.19790003,0.197901,0.197901,9895001,9895002,5242880,5245152,1,0,1,0,0,-1,-20042,21913,0,18557,0,0,0,0,-20042,-2272,-41955,-3356,0,-1,-20042,21913,0,18557,0,0,0,0,-20042,-2272,-41955,-3356,0
199,0.1989,0.19890001,0.19890003,0.198901,0.198901,9945001,9945002,5242880,5244353,1,0,1,0,0,0,-8644,18557,0,16381,0,0,0,0,-8644,-1473,-27201,-2176,0,0,-8644,18557,0,16381,0,0,0,0,-8644,-1473,-27201,-2176,0
200,0.1999,0.19990001,0.19990003,0.199901,0.199901,9995001,9995002,5242880,5241956,1,0,1,0,0,1,33444,16381,0,17746,0,0,0,0,33444,924,17063,1365,0,1,33444,16381,0,17746,0,0,0,0,33444,924,17063,1365,0
201,0.2009,0.20090001,0.20090003,0.200901,0.200901,10045001,10045002,5242880,4724595,1,0,1,0,0,293,9588541,17746,0,783410,0,0,0,0,9588541,518285,9570795,765664,0,293,9588541,17746,0,783410,0,0,0,0,9588541,518285,9570795,765664,0
202,0.2019,0.20190001,0.20190003,0.201901,0.201901,10095001,10095002,5242880,4310380,1,0,1,0,0,549,18003214,783410,0,2160995,0,0,0,0,18003214,932500,17219804,1377585,0,549,18003214,783410,0,2160995,0,0,0,0,18003214,932500,17219804,1377585,0
203,0.2029,0.20290001,0.20290003,0.202901,0.202901,10145001,10145002,5242880,4105636,1,0,1,0,0,707,23161659,2160995,0,3841048,0,0,0,0,23161659,1137244,21000664,1680053,0,707,23161659,2160995,0,3841048,0,0,0,0,23161659,1137244,21000664,1680053,0
204,0.2039,0.20390001,0.20390003,0.203901,0.203901,10195001,10195002,5242880,4047096,1,0,1,0,0,791,25922728,3841048,0,5607583,0,0,0,0,25922728,1195784,22081680,1766535,0,791,25922728,3841048,0,5607583,0,0,0,0,25922728,1195784,22081680,1766535,0
205,0.2049,0.20490001,0.20490003,0.204901,0.204901,10245001,10245002,5242880,4063317,1,0,1,0,0,836,27389721,5607583,0,7350154,0,0,0,0,27389721,1179563,21782138,1742571,0,836,27389721,5607583,0,7350154,0,0,0,0,27389721,1179563,21782138,1742571,0
206,0.2059,0.20590001,0.20590003,0.205901,0.205901,10295001,10295002,5242880,4128501,1,0,1,0,0,852,27928586,7350154,0,8996429,0,0,0,0,27928586,1114379,20578432,1646275,0,852,27928586,7350154,0,8996429,0,0,0,0,27928586,1114379,20578432,1646275,0
207,0.2069,0.20690001,0.20690003,0.206901,0.206901,10345001,10345002,5242880,4216952,1,0,1,0,0,853,27941501,8996429,0,10512035,0,0,0,0,27941501,1025928,18945072,1515606,0,853,27941501,8996429,0,10512035,0,0,0,0,27941501,1025928,18945072,1515606,0
208,0.2079,0.20790001,0.20790003,0.207901,0.207901,10395001,10395002,5242880,4305985,1,0,1,0,0,849,27812999,10512035,0,11896112,0,0,0,0,27812999,936895,17300964,1384077,0,849,27812999,10512035,0,11896112,0,0,0,0,27812999,936895,17300964,1384077,0
209,0.2089,0.20890001,0.20890003,0.208901,0.208901,10445001,10445002,5242880,4396371,1,0,1,0,0,840,27527983,11896112,0,13146662,0,0,0,0,27527983,846509,15631871,1250550,0,840,27527983,11896112,0,13146662,0,0,0,0,27527983,846509,15631871,1250550,0
210,0.2099,0.20990001,0.20990003,0.209901,0.209901,10495001,10495002,5242880,4478257,1,0,1,0,0,832,27266403,13146662,0,14276242,0,0,0,0,27266403,764623,14119741,1129580,0,832,27266403,13146662,0,14276242,0,0,0,0,27266403,764623,14119741,1129580,0
211,0.2109,0.21090001,0.21090003,0.210901,0.210901,10545001,10545002,5242880,4555325,1,0,1,0,0,823,26972824,14276242,0,15291969,0,0,0,0,26972824,687555,12696582,1015727,0,823,26972824,14276242,0,15291969,0,0,0,0,26972824,687555,12696582,1015727,0
212,0.2119,0.21190001,0.21190003,0.211901,0.211901,10595001,10595002,5242880,4623288,1,0,1,0,0,816,26733527,15291969,0,16207294,0,0,0,0,26733527,619592,11441558,915325,0,816,26733527,15291969,0,16207294,0,0,0,0,26733527,619592,11441558,915325,0
213,0.2129,0.21290001,0.21290003,0.212901,0.212901,10645001,10645002,5242880,4686232,1,0,1,0,0,808,26486511,16207294,0,17029632,0,0,0,0,26486511,556648,10279217,822338,0,808,26486511,16207294,0,17029632,0,0,0,0,26486511,556648,10279217,822338,0
214,0.2139,0.21390001,0.21390003,0.213901,0.213901,10695001,10695002,5242880,4741827,1,0,1,0,0,802,26282216,17029632,0,17769839,0,0,0,0,26282216,501053,9252584,740207,0,802,26282216,17029632,0,17769839,0,0,0,0,26282216,501053,9252584,740207,0
215,0.2149,0.21490001,0.21490003,0.214901,0.214901,10745001,10745002,5242880,4794612,1,0,1,0,0,795,26047681,17769839,0,18432066,0,0,0,0,26047681,448268,8277842,662227,0,795,26047681,17769839,0,18432066,0,0,0,0,26047681,448268,8277842,662227,0
216,0.2159,0.21590001,0.21590003,0.215901,0.215901,10795001,10795002,5242880,4842807,1,0,1,0,0,788,25819925,18432066,0,19023095,0,0,0,0,25819925,400073,7387859,591029,0,788,25819925,18432066,0,19023095,0,0,0,0,25819925,400073,7387859,591029,0
217,0.2169,0.21690001,0.21690003,0.216901,0.216901,10845001,10845002,5242880,4882428,1,0,1,0,0,784,25679302,19023095,0,19555592,0,0,0,0,25679302,360452,6656207,532497,0,784,25679302,19023095,0,19555592,0,0,0,0,25679302,360452,6656207,532497,0
218,0.2179,0.21790001,0.21790003,0.217901,0.217901,10895001,10895002,5242880,4920013,1,0,1,0,0,779,25517744,19555592,0,20032564,0,0,0,0,25517744,322867,5962152,476972,0,779,25517744,19555592,0,20032564,0,0,0,0,25517744,322867,5962152,476972,0
219,0.2189,0.21890001,0.21890003,0.218901,0.218901,10945001,10945002,5242880,4956238,1,0,1,0,0,773,25325775,20032564,0,20456021,0,0,0,0,25325775,286642,5293211,423457,0,773,25325775,20032564,0,20456021,0,0,0,0,25325775,286642,5293211,423457,0
220,0.2199,0.21990001,0.21990003,0.219901,0.219901,10995001,10995002,5242880,4983275,1,0,1,0,0,771,25249959,20456021,0,20839536,0,0,0,0,25249959,259605,4793938,383515,0,771,25249959,20456021,0,20839536,0,0,0,0,25249959,259605,4793938,383515,0
221,0.2209,0.22090001,0.22090003,0.220901,0.220901,11045001,11045002,5242880,5009670,1,0,1,0,0,767,25146057,20839536,0,21184058,0,0,0,0,25146057,233210,4306521,344522,0,767,25146057,20839536,0,21184058,0,0,0,0,25146057,233210,4306521,344522,0
222,0.2219,0.22190001,0.22190003,0.221901,0.221901,11095001,11095002,5242880,5034601,1,0,1,0,0,764,25030196,21184058,0,21491749,0,0,0,0,25030196,208279,3846138,307691,0,764,25030196,21184058,0,21491749,0,0,0,0,25030196,208279,3846138,307691,0
223,0.2229,0.22290001,0.22290003,0.222901,0.222901,11145001,11145002,5242880,5052841,1,0,1,0,0,763,25001062,21491749,0,21772494,0,0,0,0,25001062,190039,3509313,280745,0,763,25001062,21491749,0,21772494,0,0,0,0,25001062,190039,3509313,280745,0
224,0.2239,0.22390001,0.22390003,0.223901,0.223901,11195001,11195002,5242880,5075855,1,0,1,0,0,759,24856824,21772494,0,22019240,0,0,0,0,24856824,167025,3084330,246746,0,759,24856824,21772494,0,22019240,0,0,0,0,24856824,167025,3084330,246746,0
225,0.2249,0.22490001,0.22490003,0.224901,0.224901,11245001,11245002,5242880,5092570,1,0,1,0,0,757,24794906,22019240,0,22241293,0,0,0,0,24794906,150310,2775666,222053,0,757,24794906,22019240,0,22241293,0,0,0,0,24794906,150310,2775666,222053,0
226,0.2259,0.22590001,0.22590003,0.225901,0.225901,11295001,11295002,5242880,5109769,1,0,1,0,0,754,24699358,22241293,0,22437938,0,0,0,0,24699358,133111,2458065,196645,0,754,24699358,22241293,0,22437938,0,0,0,0,24699358,133111,2458065,196645,0
227,0.2269,0.22690001,0.22690003,0.226901,0.226901,11345001,11345002,5242880,5119230,1,0,1,0,0,754,24721293,22437938,0,22620606,0,0,0,0,24721293,123650,2283355,182668,0,754,24721293,22437938,0,22620606,0,0,0,0,24721293,123650,2283355,182668,0
228,0.2279,0.22790001,0.22790003,0.227901,0.227901,11395001,11395002,5242880,5130891,1,0,1,0,0,753,24688626,22620606,0,22786048,0,0,0,0,24688626,111989,2068020,165442,0,753,24688626,22620606,0,22786048,0,0,0,0,24688626,111989,2068020,165442,0
229,0.2289,0.22890001,0.22890003,0.228901,0.228901,11445001,11445002,5242880,5146999,1,0,1,0,0,749,24556613,22786048,0,22927693,0,0,0,0,24556613,95881,1770565,141645,0,749,24556613,22786048,0,22927693,0,0,0,0,24556613,95881,1770565,141645,0
230,0.2299,0.22990001,0.22990003,0.229901,0.229901,11495001,11495002,5242880,5152297,1,0,1,0,0,751,24600424,22927693,0,23061511,0,0,0,0,24600424,90583,1672731,133818,0,751,24600424,22927693,0,23061511,0,0,0,0,24600424,90583,1672731,133818,0
231,0.2309,0.23090001,0.23090003,0.230901,0.230901,11545001,11545002,5242880,5163554,1,0,1,0,0,748,24526367,23061511,0,23178700,0,0,0,0,24526367,79326,1464856,117189,0,748,24526367,23061511,0,23178700,0,0,0,0,24526367,79326,1464856,117189,0
232,0.2319,0.23190001,0.23190003,0.231901,0.231901,11595001,11595002,5242880,5175024,1,0,1,0,0,746,24431748,23178700,0,23278944,0,0,0,0,24431748,67856,1253048,100244,0,746,24431748,23178700,0,23278944,0,0,0,0,24431748,67856,1253048,100244,0
233,0.2329,0.23290001,0.23290003,0.232901,0.232901,11645001,11645002,5242880,5179124,1,0,1,0,0,746,24456280,23278944,0,23373131,0,0,0,0,24456280,63756,1177336,94187,0,746,24456280,23278944,0,23373131,0,0,0,0,24456280,63756,1177336,94187,0
234,0.2339,0.23390001,0.23390003,0.233901,0.233901,11695001,11695002,5242880,5184262,1,0,1,0,0,746,24455587,23373131,0,23459728,0,0,0,0,24455587,58618,1082456,86597,0,746,24455587,23373131,0,23459728,0,0,0,0,24455587,58618,1082456,86597,0
235,0.2349,0.23490001,0.23490003,0.234901,0.234901,11745001,11745002,5242880,5191521,1,0,1,0,0,745,24408138,23459728,0,23535601,0,0,0,0,24408138,51359,948410,75873,0,745,24408138,23459728,0,23535601,0,0,0,0,24408138,51359,948410,75873,0
236,0.2359,0.23590001,0.23590003,0.235901,0.235901,11795001,11795002,5242880,5194873,1,0,1,0,0,745,24422112,23535601,0,23606522,0,0,0,0,24422112,48007,886511,70921,0,745,24422112,23535601,0,23606522,0,0,0,0,24422112,48007,886511,70921,0
237,0.2369,0.23690001,0.23690003,0.236901,0.236901,11845001,11845002,5242880,5203589,1,0,1,0,0,743,24332081,23606522,0,23664567,0,0,0,0,24332081,39291,725559,58045,0,743,24332081,23606522,0,23664567,0,0,0,0,24332081,39291,725559,58045,0
238,0.2379,0.23790001,0.23790003,0.237901,0.237901,11895001,11895002,5242880,5205794,1,0,1,0,0,743,24349407,23664567,0,23719354,0,0,0,0,24349407,37086,684840,54787,0,743,24349407,23664567,0,23719354,0,0,0,0,24349407,37086,684840,54787,0
239,0.2389,0.23890001,0.23890003,0.238901,0.238901,11945001,11945002,5242880,5214296,1,0,1,0,0,740,24247194,23719354,0,23761581,0,0,0,0,24247194,28584,527840,42227,0,740,24247194,23719354,0,23761581,0,0,0,0,24247194,28584,527840,42227,0
240,0.2399,0.23990001,0.23990003,0.239901,0.239901,11995001,11995002,5242880,5213965,1,0,1,0,0,741,24295533,23761581,0,23804297,0,0,0,0,24295533,28915,533952,42716,0,741,24295533,23761581,0,23804297,0,0,0,0,24295533,28915,533952,42716,0
241,0.2409,0.24090001,0.24090003,0.240901,0.240901,12045001,12045002,5242880,5214224,1,0,1,0,0,743,24333467,23804297,0,23846631,0,0,0,0,24333467,28656,529170,42334,0,743,24333467,23804297,0,23846631,0,0,0,0,24333467,28656,529170,42334,0
242,0.2419,0.24190001,0.24190003,0.241901,0.241901,12095001,12095002,5242880,5221358,1,0,1,0,0,740,24244062,23846631,0,23878426,0,0,0,0,24244062,21522,397431,31795,0,740,24244062,23846631,0,23878426,0,0,0,0,24244062,21522,397431,31795,0
243,0.2429,0.24290001,0.24290003,0.242901,0.242901,12145001,12145002,5242880,5224179,1,0,1,0,0,739,24223764,23878426,0,23906053,0,0,0,0,24223764,18701,345338,27627,0,739,24223764,23878426,0,23906053,0,0,0,0,24223764,18701,345338,27627,0
244,0.2439,0.24390001,0.24390003,0.243901,0.243901,12195001,12195002,5242880,5224437,1,0,1,0,0,740,24246627,23906053,0,23933299,0,0,0,0,24246627,18443,340574,27246,0,740,24246627,23906053,0,23933299,0,0,0,0,24246627,18443,340574,27246,0
245,0.2449,0.24490001,0.24490003,0.244901,0.244901,12245001,12245002,5242880,5225983,1,0,1,0,0,740,24245324,23933299,0,23958261,0,0,0,0,24245324,16897,312025,24962,0,740,24245324,23933299,0,23958261,0,0,0,0,24245324,16897,312025,24962,0
246,0.2459,0.24590001,0.24590003,0.245901,0.245901,12295001,12295002,5242880,5223891,1,0,1,0,0,742,24308917,23958261,0,23986313,0,0,0,0,24308917,18989,350656,28052,0,742,24308917,23958261,0,23986313,0,0,0,0,24308917,18989,350656,28052,0
247,0.2469,0.24690001,0.24690003,0.246901,0.246901,12345001,12345002,5242880,5230377,1,0,1,0,0,739,24217197,23986313,0,24004784,0,0,0,0,24217197,12503,230884,18471,0,739,24217197,23986313,0,24004784,0,0,0,0,24217197,12503,230884,18471,0
248,0.2479,0.24790001,0.24790003,0.247901,0.247901,12395001,12395002,5242880,5231337,1,0,1,0,0,739,24217940,24004784,0,24021837,0,0,0,0,24217940,11543,213156,17053,0,739,24217940,24004784,0,24021837,0,0,0,0,24217940,11543,213156,17053,0
249,0.2489,0.24890001,0.24890003,0.248901,0.248901,12445001,12445002,5242880,5233127,1,0,1,0,0,739,24201939,24021837,0,24036245,0,0,0,0,24201939,9753,180102,14408,0,739,24201939,24021837,0,24036245,0,0,0,0,24201939,9753,180102,14408,0
250,0.2499,0.24990001,0.24990003,0.249901,0.249901,12495001,12495002,5242880,5228895,1,0,1,0,0,741,24294496,24036245,0,24056905,0,0,0,0,24294496,13985,258251,20660,0,741,24294496,24036245,0,24056905,0,0,0,0,24294496,13985,258251,20660,0
251,0.2509,0.25090001,0.25090003,0.250901,0.250901,12545001,12545002,5242880,5752375,1,0,1,0,0,447,14648429,24056905,0,23304227,0,0,0,0,14648429,-509495,-9408476,-752678,0,447,14648429,24056905,0,23304227,0,0,0,0,14648429,-509495,-9408476,-752678,0
252,0.2519,0.25190001,0.25190003,0.251901,0.251901,12595001,12595002,5242880,6168717,1,0,1,0,0,189,6207464,23304227,0,21936486,0,0,0,0,6207464,-925837,-17096763,-1367741,0,189,6207464,23304227,0,21936486,0,0,0,0,6207464,-925837,-17096763,-1367741,0
253,0.2529,0.25290001,0.25290003,0.252901,0.252901,12645001,12645002,5242880,6379136,1,0,1,0,0,29,954067,21936486,0,20257892,0,0,0,0,954067,-1136256,-20982419,-1678594,0,29,954067,21936486,0,20257892,0,0,0,0,954067,-1136256,-20982419,-1678594,0
254,0.2539,0.25390001,0.25390003,0.253901,0.253901,12695001,12695002,5242880,6434173,1,0,1,0,0,-53,-1740856,20257892,0,18497992,0,0,0,0,-1740856,-1191293,-21998748,-1759900,0,-53,-1740856,20257892,0,18497992,0,0,0,0,-1740856,-1191293,-21998748,-1759900,0
255,0.2549,0.25490001,0.25490003,0.254901,0.254901,12745001,12745002,5242880,6412383,1,0,1,0,0,-95,-3098376,18497992,0,16770282,0,0,0,0,-3098376,-1169503,-21596368,-1727710,0,-95,-3098376,18497992,0,16770282,0,0,0,0,-3098376,-1169503,-21596368,-1727710,0
256,0.2559,0.25590001,0.25590003,0.255901,0.255901,12795001,12795002,5242880,6351213,1,0,1,0,0,-113,-3696503,16770282,0,15132939,0,0,0,0,-3696503,-1108333,-20466785,-1637343,0,-113,-3696503,16770282,0,15132939,0,0,0,0,-3696503,-1108333,-20466785,-1637343,0
257,0.2569,0.25690001,0.25690003,0.256901,0.256901,12845001,12845002,5242880,6266009,1,0,1,0,0,-115,-3760446,15132939,0,13621468,0,0,0,0,-3760446,-1023129,-18893385,-1511471,0,-115,-3760446,15132939,0,13621468,0,0,0,0,-3760446,-1023129,-18893385,-1511471,0
258,0.2579,0.25790001,0.25790003,0.257901,0.257901,12895001,12895002,5242880,6176471,1,0,1,0,0,-110,-3618483,13621468,0,12242272,0,0,0,0,-3618483,-933591,-17239951,-1379196,0,-110,-3618483,13621468,0,12242272,0,0,0,0,-3618483,-933591,-17239951,-1379196,0
259,0.2589,0.25890001,0.25890003,0.258901,0.258901,12945001,12945002,5242880,6090351,1,0,1,0,0,-104,-3407363,12242272,0,10990301,0,0,0,0,-3407363,-847471,-15649635,-1251971,0,-104,-3407363,12242272,0,10990301,0,0,0,0,-3407363,-847471,-15649635,-1251971,0
260,0.2599,0.25990001,0.25990003,0.259901,0.259901,12995001,12995002,5242880,6007863,1,0,1,0,0,-96,-3136088,10990301,0,9860190,0,0,0,0,-3136088,-764983,-14126389,-1130111,0,-96,-3136088,10990301,0,9860190,0,0,0,0,-3136088,-764983,-14126389,-1130111,0
261,0.2609,0.26090001,0.26090003,0.260901,0.260901,13045001,13045002,5242880,5925309,1,0,1,0,0,-84,-2741734,9860190,0,8852036,0,0,0,0,-2741734,-682429,-12601924,-1008154,0,-84,-2741734,9860190,0,8852036,0,0,0,0,-2741734,-682429,-12601924,-1008154,0
262,0.2619,0.26190001,0.26190003,0.261901,0.261901,13095001,13095002,5242880,5862124,1,0,1,0,0,-79,-2583096,8852036,0,7937225,0,0,0,0,-2583096,-619244,-11435132,-914811,0,-79,-2583096,8852036,0,7937225,0,0,0,0,-2583096,-619244,-11435132,-914811,0
263,0.2629,0.26290001,0.26290003,0.262901,0.262901,13145001,13145002,5242880,5799215,1,0,1,0,0,-71,-2336212,7937225,0,7115350,0,0,0,0,-2336212,-556335,-10273437,-821875,0,-71,-2336212,7937225,0,7115350,0,0,0,0,-2336212,-556335,-10273437,-821875,0
264,0.2639,0.26390001,0.26390003,0.263901,0.263901,13195001,13195002,5242880,5738158,1,0,1,0,0,-62,-2030591,7115350,0,6383675,0,0,0,0,-2030591,-495278,-9145941,-731675,0,-62,-2030591,7115350,0,6383675,0,0,0,0,-2030591,-495278,-9145941,-731675,0
265,0.2649,0.26490001,0.26490003,0.264901,0.264901,13245001,13245002,5242880,5686656,1,0,1,0,0,-55,-1811216,6383675,0,5728084,0,0,0,0,-1811216,-443776,-8194891,-655591,0,-55,-1811216,6383675,0,5728084,0,0,0,0,-1811216,-443776,-8194891,-655591,0
266,0.2659,0.26590001,0.26590003,0.265901,0.265901,13295001,13295002,5242880,5643792,1,0,1,0,0,-51,-1675268,5728084,0,5135816,0,0,0,0,-1675268,-400912,-7403352,-592268,0,-51,-1675268,5728084,0,5135816,0,0,0,0,-1675268,-400912,-7403352,-592268,0
267,0.2669,0.26690001,0.26690003,0.266901,0.266901,13345001,13345002,5242880,5603537,1,0,1,0,0,-47,-1524176,5135816,0,4603016,0,0,0,0,-1524176,-360657,-6659992,-532800,0,-47,-1524176,5135816,0,4603016,0,0,0,0,-1524176,-360657,-6659992,-532800,0
268,0.2679,0.26790001,0.26790003,0.267901,0.267901,13395001,13395002,5242880,5567612,1,0,1,0,0,-43,-1393575,4603016,0,4123289,0,0,0,0,-1393575,-324732,-5996591,-479727,0,-43,-1393575,4603016,0,4123289,0,0,0,0,-1393575,-324732,-5996591,-479727,0
269,0.2689,0.26890001,0.26890003,0.268901,0.268901,13445001,13445002,5242880,5531640,1,0,1,0,0,-37,-1209033,4123289,0,3696703,0,0,0,0,-1209033,-288760,-5332322,-426586,0,-37,-1209033,4123289,0,3696703,0,0,0,0,-1209033,-288760,-5332322,-426586,0
270,0.2699,0.26990001,0.26990003,0.269901,0.269901,13495001,13495002,5242880,5500504,1,0,1,0,0,-32,-1060653,3696703,0,3316114,0,0,0,0,-1060653,-257624,-4757356,-380589,0,-32,-1060653,3696703,0,3316114,0,0,0,0,-1060653,-257624,-4757356,-380589,0
271,0.2709,0.27090001,0.27090003,0.270901,0.270901,13545001,13545002,5242880,5472359,1,0,1,0,0,-28,-921509,3316114,0,2977104,0,0,0,0,-921509,-229479,-4237623,-339010,0,-28,-921509,3316114,0,2977104,0,0,0,0,-921509,-229479,-4237623,-339010,0
272,0.2719,0.27190001,0.27190003,0.271901,0.271901,13595001,13595002,5242880,5453161,1,0,1,0,0,-28,-906003,2977104,0,2666455,0,0,0,0,-906003,-210281,-3883107,-310649,0,-28,-906003,2977104,0,2666455,0,0,0,0,-906003,-210281,-3883107,-310649,0
273,0.2729,0.27290001,0.27290003,0.272901,0.272901,13645001,13645002,5242880,5429463,1,0,1,0,0,-24,-779039,2666455,0,2390815,0,0,0,0,-779039,-186583,-3445494,-275640,0,-24,-779039,2666455,0,2390815,0,0,0,0,-779039,-186583,-3445494,-275640,0
274,0.2739,0.27390001,0.27390003,0.273901,0.273901,13695001,13695002,5242880,5411665,1,0,1,0,0,-22,-726016,2390815,0,2141468,0,0,0,0,-726016,-168785,-3116831,-249347,0,-22,-726016,2390815,0,2141468,0,0,0,0,-726016,-168785,-3116831,-249347,0
275,0.2749,0.27490001,0.27490003,0.274901,0.274901,13745001,13745002,5242880,5390726,1,0,1,0,0,-18,-588697,2141468,0,1923055,0,0,0,0,-588697,-147846,-2730165,-218413,0,-18,-588697,2141468,0,1923055,0,0,0,0,-588697,-147846,-2730165,-218413,0
276,0.2759,0.27590001,0.27590003,0.275901,0.275901,13795001,13795002,5242880,5378411,1,0,1,0,0,-18,-579698,1923055,0,1722835,0,0,0,0,-579698,-135531,-2502753,-200220,0,-18,-579698,1923055,0,1722835,0,0,0,0,-579698,-135531,-2502753,-200220,0
277,0.2769,0.27690001,0.27690003,0.276901,0.276901,13845001,13845002,5242880,5360447,1,0,1,0,0,-14,-448190,1722835,0,1549153,0,0,0,0,-448190,-117567,-2171025,-173682,0,-14,-448190,1722835,0,1549153,0,0,0,0,-448190,-117567,-2171025,-173682,0
278,0.2779,0.27790001,0.27790003,0.277901,0.277901,13895001,13895002,5242880,5348326,1,0,1,0,0,-12,-398042,1549153,0,1393377,0,0,0,0,-398042,-105446,-1947195,-155776,0,-12,-398042,1549153,0,1393377,0,0,0,0,-398042,-105446,-1947195,-155776,0
279,0.2789,0.27890001,0.27890003,0.278901,0.278901,13945001,13945002,5242880,5339200,1,0,1,0,0,-12,-385295,1393377,0,1251083,0,0,0,0,-385295,-96320,-1778672,-142294,0,-12,-385295,1393377,0,1251083,0,0,0,0,-385295,-96320,-1778672,-142294,0
280,0.2799,0.27990001,0.27990003,0.279901,0.279901,13995001,13995002,5242880,5332783,1,0,1,0,0,-12,-409091,1251083,0,1118269,0,0,0,0,-409091,-89903,-1660174,-132814,0,-12,-409091,1251083,0,1118269,0,0,0,0,-409091,-89903,-1660174,-132814,0
281,0.2809,0.28090001,0.28090003,0.280901,0.280901,14045001,14045002,5242880,5324152,1,0,1,0,0,-12,-382522,1118269,0,998206,0,0,0,0,-382522,-81272,-1500791,-120063,0,-12,-382522,1118269,0,998206,0,0,0,0,-382522,-81272,-1500791,-120063,0
282,0.2819,0.28190001,0.28190003,0.281901,0.281901,14095001,14095002,5242880,5309843,1,0,1,0,0,-7,-238351,998206,0,899281,0,0,0,0,-238351,-66963,-1236557,-98925,0,-7,-238351,998206,0,899281,0,0,0,0,-238351,-66963,-1236557,-98925,0
283,0.2829,0.28290001,0.28290003,0.282901,0.282901,14145001,14145002,5242880,5306652,1,0,1,0,0,-8,-278350,899281,0,805070,0,0,0,0,-278350,-63772,-1177631,-94211,0,-8,-278350,899281,0,805070,0,0,0,0,-278350,-63772,-1177631,-94211,0
284,0.2839,0.28390001,0.28390003,0.283901,0.283901,14195001,14195002,5242880,5296829,1,0,1,0,0,-6,-191167,805070,0,725371,0,0,0,0,-191167,-53949,-996237,-79699,0,-6,-191167,805070,0,725371,0,0,0,0,-191167,-53949,-996237,-79699,0
285,0.2849,0.28490001,0.28490003,0.284901,0.284901,14245001,14245002,5242880,5291739,1,0,1,0,0,-5,-176873,725371,0,653191,0,0,0,0,-176873,-48859,-902244,-72180,0,-5,-176873,725371,0,653191,0,0,0,0,-176873,-48859,-902244,-72180,0
286,0.2859,0.28590001,0.28590003,0.285901,0.285901,14295001,14295002,5242880,5288856,1,0,1,0,0,-6,-195815,653191,0,585271,0,0,0,0,-195815,-45976,-849006,-67920,0,-6,-195815,653191,0,585271,0,0,0,0,-195815,-45976,-849006,-67920,0
287,0.2869,0.28690001,0.28690003,0.286901,0.286901,14345001,14345002,5242880,5286225,1,0,1,0,0,-7,-215150,585271,0,521237,0,0,0,0,-215150,-43345,-800421,-64034,0,-7,-215150,585271,0,521237,0,0,0,0,-215150,-43345,-800421,-64034,0
288,0.2879,0.28790001,0.28790003,0.287901,0.287901,14395001,14395002,5242880,5277928,1,0,1,0,0,-4,-125969,521237,0,469461,0,0,0,0,-125969,-35048,-647206,-51776,0,-4,-125969,521237,0,469461,0,0,0,0,-125969,-35048,-647206,-51776,0
289,0.2889,0.28890001,0.28890003,0.288901,0.288901,14445001,14445002,5242880,5273801,1,0,1,0,0,-3,-101535,469461,0,423781,0,0,0,0,-101535,-30921,-570996,-45680,0,-3,-101535,469461,0,423781,0,0,0,0,-101535,-30921,-570996,-45680,0
290,0.2899,0.28990001,0.28990003,0.289901,0.289901,14495001,14495002,5242880,5275971,1,0,1,0,0,-6,-187287,423781,0,374896,0,0,0,0,-187287,-33091,-611068,-48885,0,-6,-187287,423781,0,374896,0,0,0,0,-187287,-33091,-611068,-48885,0
291,0.2909,0.29090001,0.29090003,0.290901,0.290901,14545001,14545002,5242880,5269657,1,0,1,0,0,-4,-119576,374896,0,335338,0,0,0,0,-119576,-26777,-494472,-39558,0,-4,-119576,374896,0,335338,0,0,0,0,-119576,-26777,-494472,-39558,0
292,0.2919,0.29190001,0.29190003,0.291901,0.291901,14595001,14595002,5242880,5265577,1,0,1,0,0,-3,-83791,335338,0,301808,0,0,0,0,-83791,-22697,-419129,-33530,0,-3,-83791,335338,0,301808,0,0,0,0,-83791,-22697,-419129,-33530,0
293,0.2929,0.29290001,0.29290003,0.292901,0.292901,14645001,14645002,5242880,5261971,1,0,1,0,0,-2,-50732,301808,0,273605,0,0,0,0,-50732,-19091,-352540,-28203,0,-2,-50732,301808,0,273605,0,0,0,0,-50732,-19091,-352540,-28203,0
294,0.2939,0.29390001,0.29390003,0.293901,0.293901,14695001,14695002,5242880,5263670,1,0,1,0,0,-3,-110309,273605,0,242892,0,0,0,0,-110309,-20790,-383914,-30713,0,-3,-110309,273605,0,242892,0,0,0,0,-110309,-20790,-383914,-30713,0
295,0.2949,0.29490001,0.29490003,0.294901,0.294901,14745001,14745002,5242880,5259073,1,0,1,0,0,-2,-56132,242892,0,218970,0,0,0,0,-56132,-16193,-299024,-23922,0,-2,-56132,242892,0,218970,0,0,0,0,-56132,-16193,-299024,-23922,0
296,0.2959,0.29590001,0.29590003,0.295901,0.295901,14795001,14795002,5242880,5257453,1,0,1,0,0,-2,-50139,218970,0,197441,0,0,0,0,-50139,-14573,-269109,-21529,0,-2,-50139,218970,0,197441,0,0,0,0,-50139,-14573,-269109,-21529,0
297,0.2969,0.29690001,0.29690003,0.296901,0.296901,14845001,14845002,5242880,5257438,1,0,1,0,0,-2,-71391,197441,0,175934,0,0,0,0,-71391,-14558,-268832,-21507,0,-2,-71391,197441,0,175934,0,0,0,0,-71391,-14558,-268832,-21507,0
298,0.2979,0.29790001,0.29790003,0.297901,0.297901,14895001,14895002,5242880,5254771,1,0,1,0,0,-1,-43649,175934,0,158367,0,0,0,0,-43649,-11891,-219583,-17567,0,-1,-43649,175934,0,158367,0,0,0,0,-43649,-11891,-219583,-17567,0
299,0.2989,0.29890001,0.29890003,0.298901,0.298901,14945001,14945002,5242880,5252823,1,0,1,0,0,-1,-25243,158367,0,143678,0,0,0,0,-25243,-9943,-183610,-14689,0,-1,-25243,158367,0,143678,0,0,0,0,-25243,-9943,-183610,-14689,0
300,0.2999,0.29990001,0.29990003,0.299901,0.299901,14995001,14995002,5242880,5256109,1,0,1,0,0,-3,-100612,143678,0,124135,0,0,0,0,-100612,-13229,-244290,-19543,0,-3,-100612,143678,0,124135,0,0,0,0,-100612,-13229,-244290,-19543,0
301,0.3009,0.30090001,0.30090003,0.300901,0.300901,15045001,15045002,5195694,5253685,1,0,1,0,0,-29,-946743,124135,0,38465,0,0,0,0,-946743,-57991,-1070878,-85670,0,-29,-946743,124135,0,38465,0,0,0,0,-946743,-57991,-1070878,-85670,0
302,0.3019,0.30190001,0.30190003,0.301901,0.301901,15095001,15095002,5143265,5233680,1,0,1,0,0,-50,-1631164,38465,0,-95105,0,0,0,0,-1631164,-90415,-1669629,-133570,0,-50,-1631164,38465,0,-95105,0,0,0,0,-1631164,-90415,-1669629,-133570,0
303,0.3029,0.30290001,0.30290003,0.302901,0.302901,15145001,15145002,5090836,5199706,1,0,1,0,0,-64,-2105529,-95105,0,-255939,0,0,0,0,-2105529,-108870,-2010424,-160834,0,-64,-2105529,-95105,0,-255939,0,0,0,0,-2105529,-108870,-2010424,-160834,0
304,0.3039,0.30390001,0.30390003,0.303901,0.303901,15195001,15195002,5038408,5143830,1,0,1,0,0,-67,-2202691,-255939,0,-411679,0,0,0,0,-2202691,-105422,-1946752,-155740,0,-67,-2202691,-255939,0,-411679,0,0,0,0,-2202691,-105422,-1946752,-155740,0
305,0.3049,0.30490001,0.30490003,0.304901,0.304901,15245001,15245002,4985979,5101593,1,0,1,0,0,-78,-2546639,-411679,0,-582476,0,0,0,0,-2546639,-115614,-2134960,-170797,0,-78,-2546639,-411679,0,-582476,0,0,0,0,-2546639,-115614,-2134960,-170797,0
306,0.3059,0.30590001,0.30590003,0.305901,0.305901,15295001,15295002,4933550,5051580,1,0,1,0,0,-84,-2762051,-582476,0,-756842,0,0,0,0,-2762051,-118030,-2179575,-174366,0,-84,-2762051,-582476,0,-756842,0,0,0,0,-2762051,-118030,-2179575,-174366,0
307,0.3069,0.30690001,0.30690003,0.306901,0.306901,15345001,15345002,4881121,4992904,1,0,1,0,0,-86,-2821058,-756842,0,-921979,0,0,0,0,-2821058,-111783,-2064216,-165137,0,-86,-2821058,-756842,0,-921979,0,0,0,0,-2821058,-111783,-2064216,-165137,0
308,0.3079,0.30790001,0.30790003,0.307901,0.307901,15395001,15395002,4828692,4929190,1,0,1,0,0,-85,-2777803,-921979,0,-1070445,0,0,0,0,-2777803,-100498,-1855824,-148466,0,-85,-2777803,-921979,0,-1070445,0,0,0,0,-2777803,-100498,-1855824,-148466,0
309,0.3089,0.30890001,0.30890003,0.308901,0.308901,15445001,15445002,4776264,4863707,1,0,1,0,0,-82,-2685192,-1070445,0,-1199625,0,0,0,0,-2685192,-87443,-1614747,-129180,0,-82,-2685192,-1070445,0,-1199625,0,0,0,0,-2685192,-87443,-1614747,-129180,0
310,0.3099,0.30990001,0.30990003,0.309901,0.309901,15495001,15495002,4723835,4798195,1,0,1,0,0,-79,-2572777,-1199625,0,-1309477,0,0,0,0,-2572777,-74360,-1373152,-109852,0,-79,-2572777,-1199625,0,-1309477,0,0,0,0,-2572777,-74360,-1373152,-109852,0
311,0.3109,0.31090001,0.31090003,0.310901,0.310901,15545001,15545002,4671406,4732483,1,0,1,0,0,-74,-2437342,-1309477,0,-1399706,0,0,0,0,-2437342,-61077,-1127865,-90229,0,-74,-2437342,-1309477,0,-1399706,0,0,0,0,-2437342,-61077,-1127865,-90229,0
312,0.3119,0.31190001,0.31190003,0.311901,0.311901,15595001,15595002,4618977,4674398,1,0,1,0,0,-74,-2423126,-1399706,0,-1481580,0,0,0,0,-2423126,-55421,-1023420,-81874,0,-74,-2423126,-1399706,0,-1481580,0,0,0,0,-2423126,-55421,-1023420,-81874,0
313,0.3129,0.31290001,0.31290003,0.312901,0.312901,15645001,15645002,4566548,4614912,1,0,1,0,0,-72,-2374683,-1481580,0,-1553028,0,0,0,0,-2374683,-48364,-893103,-71448,0,-72,-2374683,-1481580,0,-1553028,0,0,0,0,-2374683,-48364,-893103,-71448,0
314,0.3139,0.31390001,0.31390003,0.313901,0.313901,15695001,15695002,4514120,4554870,1,0,1,0,0,-70,-2305529,-1553028,0,-1613228,0,0,0,0,-2305529,-40750,-752501,-60200,0,-70,-2305529,-1553028,0,-1613228,0,0,0,0,-2305529,-40750,-752501,-60200,0
315,0.3149,0.31490001,0.31490003,0.314901,0.314901,15745001,15745002,4461691,4497596,1,0,1,0,0,-69,-2276260,-1613228,0,-1666271,0,0,0,0,-2276260,-35905,-663032,-53043,0,-69,-2276260,-1613228,0,-1666271,0,0,0,0,-2276260,-35905,-663032,-53043,0
316,0.3159,0.31590001,0.31590003,0.315901,0.315901,15795001,15795002,4409262,4441470,1,0,1,0,0,-69,-2261033,-1666271,0,-1713852,0,0,0,0,-2261033,-32208,-594762,-47581,0,-69,-2261033,-1666271,0,-1713852,0,0,0,0,-2261033,-32208,-594762,-47581,0
317,0.3169,0.31690001,0.31690003,0.316901,0.316901,15845001,15845002,4356833,4390315,1,0,1,0,0,-71,-2332140,-1713852,0,-1763315,0,0,0,0,-2332140,-33482,-618288,-49463,0,-71,-2332140,-1713852,0,-1763315,0,0,0,0,-2332140,-33482,-618288,-49463,0
318,0.3179,0.31790001,0.31790003,0.317901,0.317901,15895001,15895002,4304404,4332750,1,0,1,0,0,-70,-2286760,-1763315,0,-1805191,0,0,0,0,-2286760,-28346,-523445,-41876,0,-70,-2286760,-1763315,0,-1805191,0,0,0,0,-2286760,-28346,-523445,-41876,0
319,0.3189,0.31890001,0.31890003,0.318901,0.318901,15945001,15945002,4251976,4276643,1,0,1,0,0,-69,-2260699,-1805191,0,-1841632,0,0,0,0,-2260699,-24667,-455508,-36441,0,-69,-2260699,-1805191,0,-1841632,0,0,0,0,-2260699,-24667,-455508,-36441,0
320,0.3199,0.31990001,0.31990003,0.319901,0.319901,15995001,15995002,4199547,4223079,1,0,1,0,0,-69,-2276180,-1841632,0,-1876396,0,0,0,0,-2276180,-23532,-434548,-34764,0,-69,-2276180,-1841632,0,-1876396,0,0,0,0,-2276180,-23532,-434548,-34764,0
321,0.3209,0.32090001,0.32090003,0.320901,0.320901,16045001,16045002,4147118,4169032,1,0,1,0,0,-70,-2281066,-1876396,0,-1908770,0,0,0,0,-2281066,-21914,-404670,-32374,0,-70,-2281066,-1876396,0,-1908770,0,0,0,0,-2281066,-21914,-404670,-32374,0
322,0.3219,0.32190001,0.32190003,0.321901,0.321901,16095001,16095002,4094689,4114701,1,0,1,0,0,-70,-2278317,-1908770,0,-1938334,0,0,0,0,-2278317,-20012,-369547,-29564,0,-70,-2278317,-1908770,0,-1938334,0,0,0,0,-2278317,-20012,-369547,-29564,0
323,0.3229,0.32290001,0.32290003,0.322901,0.322901,16145001,16145002,4042260,4054917,1,0,1,0,0,-66,-2172062,-1938334,0,-1957032,0,0,0,0,-2172062,-12657,-233728,-18698,0,-66,-2172062,-1938334,0,-1957032,0,0,0,0,-2172062,-12657,-233728,-18698,0
324,0.3239,0.32390001,0.32390003,0.323901,0.323901,16195001,16195002,3989832,4003450,1,0,1,0,0,-67,-2208506,-1957032,0,-1977150,0,0,0,0,-2208506,-13618,-251474,-20118,0,-67,-2208506,-1957032,0,-1977150,0,0,0,0,-2208506,-13618,-251474,-20118,0
325,0.3249,0.32490001,0.32490003,0.324901,0.324901,16245001,16245002,3937403,3948675,1,0,1,0,0,-67,-2185302,-1977150,0,-1993802,0,0,0,0,-2185302,-11272,-208152,-16652,0,-67,-2185302,-1977150,0,-1993802,0,0,0,0,-2185302,-11272,-208152,-16652,0
326,0.3259,0.32590001,0.32590003,0.325901,0.325901,16295001,16295002,3884974,3896057,1,0,1,0,0,-67,-2198464,-1993802,0,-2010175,0,0,0,0,-2198464,-11083,-204662,-16373,0,-67,-2198464,-1993802,0,-2010175,0,0,0,0,-2198464,-11083,-204662,-16373,0
327,0.3269,0.32690001,0.32690003,0.326901,0.326901,16345001,16345002,3832545,3841498,1,0,1,0,0,-66,-2175504,-2010175,0,-2023401,0,0,0,0,-2175504,-8953,-165329,-13226,0,-66,-2175504,-2010175,0,-2023401,0,0,0,0,-2175504,-8953,-165329,-13226,0
328,0.3279,0.32790001,0.32790003,0.327901,0.327901,16395001,16395002,3780116,3791242,1,0,1,0,0,-68,-2228857,-2023401,0,-2039837,0,0,0,0,-2228857,-11126,-205456,-16436,0,-68,-2228857,-2023401,0,-2039837,0,0,0,0,-2228857,-11126,-205456,-16436,0
329,0.3289,0.32890001,0.32890003,0.328901,0.328901,16445001,16445002,3727688,3736902,1,0,1,0,0,-67,-2209985,-2039837,0,-2053449,0,0,0,0,-2209985,-9214,-170148,-13612,0,-67,-2209985,-2039837,0,-2053449,0,0,0,0,-2209985,-9214,-170148,-13612,0
330,0.3299,0.32990001,0.32990003,0.329901,0.329901,16495001,16495002,3675259,3685575,1,0,1,0,0,-68,-2243947,-2053449,0,-2068689,0,0,0,0,-2243947,-10316,-190498,-15240,0,-68,-2243947,-2053449,0,-2068689,0,0,0,0,-2243947,-10316,-190498,-15240,0
331,0.3309,0.33090001,0.33090003,0.330901,0.330901,16545001,16545002,3622830,3633002,1,0,1,0,0,-69,-2256528,-2068689,0,-2083716,0,0,0,0,-2256528,-10172,-187839,-15027,0,-69,-2256528,-2068689,0,-2083716,0,0,0,0,-2256528,-10172,-187839,-15027,0
332,0.3319,0.33190001,0.33190003,0.331901,0.331901,16595001,16595002,3570401,3575120,1,0,1,0,0,-66,-2170858,-2083716,0,-2090687,0,0,0,0,-2170858,-4719,-87142,-6971,0,-66,-2170858,-2083716,0,-2090687,0,0,0,0,-2170858,-4719,-87142,-6971,0
333,0.3329,0.33290001,0.33290003,0.332901,0.332901,16645001,16645002,3517972,3522083,1,0,1,0,0,-66,-2166602,-2090687,0,-2096760,0,0,0,0,-2166602,-4111,-75915,-6073,0,-66,-2166602,-2090687,0,-2096760,0,0,0,0,-2166602,-4111,-75915,-6073,0
334,0.3339,0.33390001,0.33390003,0.333901,0.333901,16695001,16695002,3465544,3480461,1,0,1,0,0,-72,-2372221,-2096760,0,-2118797,0,0,0,0,-2372221,-14917,-275461,-22037,0,-72,-2372221,-2096760,0,-2118797,0,0,0,0,-2372221,-14917,-275461,-22037,0
335,0.3349,0.33490001,0.33490003,0.334901,0.334901,16745001,16745002,3413115,3435277,1,0,1,0,0,-77,-2528047,-2118797,0,-2151537,0,0,0,0,-2528047,-22162,-409250,-32740,0,-77,-2528047,-2118797,0,-2151537,0,0,0,0,-2528047,-22162,-409250,-32740,0
336,0.3359,0.33590001,0.33590003,0.335901,0.335901,16795001,16795002,3360686,3380452,1,0,1,0,0,-77,-2516541,-2151537,0,-2180737,0,0,0,0,-2516541,-19766,-365004,-29200,0,-77,-2516541,-2151537,0,-2180737,0,0,0,0,-2516541,-19766,-365004,-29200,0
337,0.3369,0.33690001,0.33690003,0.336901,0.336901,16845001,16845002,3308257,3322676,1,0,1,0,0,-75,-2447002,-2180737,0,-2202038,0,0,0,0,-2447002,-14419,-266265,-21301,0,-75,-2447002,-2180737,0,-2202038,0,0,0,0,-2447002,-14419,-266265,-21301,0
338,0.3379,0.33790001,0.33790003,0.337901,0.337901,16895001,16895002,3255828,3261917,1,0,1,0,0,-71,-2314479,-2202038,0,-2211033,0,0,0,0,-2314479,-6089,-112441,-8995,0,-71,-2314479,-2202038,0,-2211033,0,0,0,0,-2314479,-6089,-112441,-8995,0
339,0.3389,0.33890001,0.33890003,0.338901,0.338901,16945001,16945002,3203400,3204124,1,0,1,0,0,-68,-2224403,-2211033,0,-2212103,0,0,0,0,-2224403,-724,-13370,-1070,0,-68,-2224403,-2211033,0,-2212103,0,0,0,0,-2224403,-724,-13370,-1070,0
340,0.3399,0.33990001,0.33990003,0.339901,0.339901,16995001,16995002,3150971,3150673,1,0,1,0,0,-67,-2206600,-2212103,0,-2211663,0,0,0,0,-2206600,298,5503,440,0,-67,-2206600,-2212103,0,-2211663,0,0,0,0,-2206600,298,5503,440,0
341,0.3409,0.34090001,0.34090003,0.340901,0.340901,17045001,17045002,3098542,3096905,1,0,1,0,0,-67,-2181434,-2211663,0,-2209245,0,0,0,0,-2181434,1637,30229,2418,0,-67,-2181434,-2211663,0,-2209245,0,0,0,0,-2181434,1637,30229,2418,0
342,0.3419,0.34190001,0.34190003,0.341901,0.341901,17095001,17095002,3046113,3045299,1,0,1,0,0,-67,-2194213,-2209245,0,-2208042,0,0,0,0,-2194213,814,15032,1203,0,-67,-2194213,-2209245,0,-2208042,0,0,0,0,-2194213,814,15032,1203,0
343,0.3429,0.34290001,0.34290003,0.342901,0.342901,17145001,17145002,2993684,2990789,1,0,1,0,0,-66,-2154582,-2208042,0,-2203765,0,0,0,0,-2154582,2895,53460,4277,0,-66,-2154582,-2208042,0,-2203765,0,0,0,0,-2154582,2895,53460,4277,0
344,0.3439,0.34390001,0.34390003,0.343901,0.343901,17195001,17195002,2941256,2935432,1,0,1,0,0,-64,-2096217,-2203765,0,-2195161,0,0,0,0,-2096217,5824,107548,8604,0,-64,-2096217,-2203765,0,-2195161,0,0,0,0,-2096217,5824,107548,8604,0
345,0.3449,0.34490001,0.34490003,0.344901,0.344901,17245001,17245002,2888827,2883760,1,0,1,0,0,-64,-2101592,-2195161,0,-2187676,0,0,0,0,-2101592,5067,93569,7485,0,-64,-2101592,-2195161,0,-2187676,0,0,0,0,-2101592,5067,93569,7485,0
346,0.3459,0.34590001,0.34590003,0.345901,0.345901,17295001,17295002,2836398,2832942,1,0,1,0,0,-65,-2123857,-2187676,0,-2182570,0,0,0,0,-2123857,3456,63819,5106,0,-65,-2123857,-2187676,0,-2182570,0,0,0,0,-2123857,3456,63819,5106,0
347,0.3469,0.34690001,0.34690003,0.346901,0.346901,17345001,17345002,2783969,2782854,1,0,1,0,0,-66,-2161980,-2182570,0,-2180923,0,0,0,0,-2161980,1115,20590,1647,0,-66,-2161980,-2182570,0,-2180923,0,0,0,0,-2161980,1115,20590,1647,0
348,0.3479,0.34790001,0.34790003,0.347901,0.347901,17395001,17395002,2731540,2731510,1,0,1,0,0,-67,-2180369,-2180923,0,-2180879,0,0,0,0,-2180369,30,554,44,0,-67,-2180369,-2180923,0,-2180879,0,0,0,0,-2180369,30,554,44,0
349,0.3489,0.34890001,0.34890003,0.348901,0.348901,17445001,17445002,2679112,2679293,1,0,1,0,0,-67,-2184221,-2180879,0,-2181146,0,0,0,0,-2184221,-181,-3342,-267,0,-67,-2184221,-2180879,0,-2181146,0,0,0,0,-2184221,-181,-3342,-267,0
350,0.3499,0.34990001,0.34990003,0.349901,0.349901,17495001,17495002,2626683,2625261,1,0,1,0,0,-66,-2154887,-2181146,0,-2179045,0,0,0,0,-2154887,1422,26259,2101,0,-66,-2154887,-2181146,0,-2179045,0,0,0,0,-2154887,1422,26259,2101,0
351,0.3509,0.35090001,0.35090003,0.350901,0.350901,17545001,17545002,2574254,2574044,1,0,1,0,0,-66,-2175167,-2179045,0,-2178735,0,0,0,0,-2175167,210,3878,310,0,-66,-2175167,-2179045,0,-2178735,0,0,0,0,-2175167,210,3878,310,0
352,0.3519,0.35190001,0.35190003,0.351901,0.351901,17595001,17595002,2521825,2519003,1,0,1,0,0,-65,-2126623,-2178735,0,-2174566,0,0,0,0,-2126623,2822,52112,4169,0,-65,-2126623,-2178735,0,-2174566,0,0,0,0,-2126623,2822,52112,4169,0
353,0.3529,0.35290001,0.35290003,0.352901,0.352901,17645001,17645002,2469396,2470599,1,0,1,0,0,-67,-2196781,-2174566,0,-2176343,0,0,0,0,-2196781,-1203,-22215,-1777,0,-67,-2196781,-2174566,0,-2176343,0,0,0,0,-2196781,-1203,-22215,-1777,0
354,0.3539,0.35390001,0.35390003,0.353901,0.353901,17695001,17695002,2416968,2413976,1,0,1,0,0,-65,-2121092,-2176343,0,-2171923,0,0,0,0,-2121092,2992,55251,4420,0,-65,-2121092,-2176343,0,-2171923,0,0,0,0,-2121092,2992,55251,4420,0
355,0.3549,0.35490001,0.35490003,0.354901,0.354901,17745001,17745002,2364539,2364238,1,0,1,0,0,-66,-2166365,-2171923,0,-2171478,0,0,0,0,-2166365,301,5558,445,0,-66,-2166365,-2171923,0,-2171478,0,0,0,0,-2166365,301,5558,445,0
356,0.3559,0.35590001,0.35590003,0.355901,0.355901,17795001,17795002,2312110,2310428,1,0,1,0,0,-65,-2140418,-2171478,0,-2168993,0,0,0,0,-2140418,1682,31060,2485,0,-65,-2140418,-2171478,0,-2168993,0,0,0,0,-2140418,1682,31060,2485,0
357,0.3569,0.35690001,0.35690003,0.356901,0.356901,17845001,17845002,2259681,2256393,1,0,1,0,0,-64,-2108276,-2168993,0,-2164136,0,0,0,0,-2108276,3288,60717,4857,0,-64,-2108276,-2168993,0,-2164136,0,0,0,0,-2108276,3288,60717,4857,0
358,0.3579,0.35790001,0.35790003,0.357901,0.357901,17895001,17895002,2207252,2205723,1,0,1,0,0,-65,-2135901,-2164136,0,-2161877,0,0,0,0,-2135901,1529,28235,2259,0,-65,-2135901,-2164136,0,-2161877,0,0,0,0,-2135901,1529,28235,2259,0
359,0.3589,0.35890001,0.35890003,0.358901,0.358901,17945001,17945002,2154824,2155395,1,0,1,0,0,-66,-2172421,-2161877,0,-2162721,0,0,0,0,-2172421,-571,-10544,-844,0,-66,-2172421,-2161877,0,-2162721,0,0,0,0,-2172421,-571,-10544,-844,0
360,0.3599,0.35990001,0.35990003,0.359901,0.359901,17995001,17995002,2102395,2102863,1,0,1,0,0,-66,-2171363,-2162721,0,-2163412,0,0,0,0,-2171363,-468,-8642,-691,0,-66,-2171363,-2162721,0,-2163412,0,0,0,0,-2171363,-468,-8642,-691,0
361,0.3609,0.36090001,0.36090003,0.360901,0.360901,18045001,18045002,2049966,2051252,1,0,1,0,0,-67,-2187160,-2163412,0,-2165312,0,0,0,0,-2187160,-1286,-23748,-1900,0,-67,-2187160,-2163412,0,-2165312,0,0,0,0,-2187160,-1286,-23748,-1900,0
362,0.3619,0.36190001,0.36190003,0.361901,0.361901,18095001,18095002,1997537,1999375,1,0,1,0,0,-67,-2199253,-2165312,0,-2168027,0,0,0,0,-2199253,-1838,-33941,-2715,0,-67,-2199253,-2165312,0,-2168027,0,0,0,0,-2199253,-1838,-33941,-2715,0
363,0.3629,0.36290001,0.36290003,0.362901,0.362901,18145001,18145002,1945108,1948982,1,0,1,0,0,-68,-2239565,-2168027,0,-2173750,0,0,0,0,-2239565,-3874,-71538,-5723,0,-68,-2239565,-2168027,0,-2173750,0,0,0,0,-2239565,-3874,-71538,-5723,0
364,0.3639,0.36390001,0.36390003,0.363901,0.363901,18195001,18195002,1892680,1895861,1,0,1,0,0,-68,-2232491,-2173750,0,-2178449,0,0,0,0,-2232491,-3181,-58741,-4699,0,-68,-2232491,-2173750,0,-2178449,0,0,0,0,-2232491,-3181,-58741,-4699,0
365,0.3649,0.36490001,0.36490003,0.364901,0.364901,18245001,18245002,1840251,1847748,1,0,1,0,0,-71,-2316891,-2178449,0,-2189524,0,0,0,0,-2316891,-7497,-138442,-11075,0,-71,-2316891,-2178449,0,-2189524,0,0,0,0,-2316891,-7497,-138442,-11075,0
366,0.3659,0.36590001,0.36590003,0.365901,0.365901,18295001,18295002,1787822,1806405,1,0,1,0,0,-77,-2532683,-2189524,0,-2216977,0,0,0,0,-2532683,-18583,-343159,-27453,0,-77,-2532683,-2189524,0,-2216977,0,0,0,0,-2532683,-18583,-343159,-27453,0
367,0.3669,0.36690001,0.36690003,0.366901,0.366901,18345001,18345002,1735393,1751187,1,0,1,0,0,-77,-2508633,-2216977,0,-2240310,0,0,0,0,-2508633,-15794,-291656,-23333,0,-77,-2508633,-2216977,0,-2240310,0,0,0,0,-2508633,-15794,-291656,-23333,0
368,0.3679,0.36790001,0.36790003,0.367901,0.367901,18395001,18395002,1682964,1689627,1,0,1,0,0,-72,-2363351,-2240310,0,-2250153,0,0,0,0,-2363351,-6663,-123041,-9843,0,-72,-2363351,-2240310,0,-2250153,0,0,0,0,-2363351,-6663,-123041,-9843,0
369,0.3689,0.36890001,0.36890003,0.368901,0.368901,18445001,18445002,1630536,1632059,1,0,1,0,0,-70,-2278277,-2250153,0,-2252403,0,0,0,0,-2278277,-1523,-28124,-2250,0,-70,-2278277,-2250153,0,-2252403,0,0,0,0,-2278277,-1523,-28124,-2250,0
370,0.3699,0.36990001,0.36990003,0.369901,0.369901,18495001,18495002,1578107,1577070,1,0,1,0,0,-68,-2233253,-2252403,0,-2250871,0,0,0,0,-2233253,1037,19150,1532,0,-68,-2233253,-2252403,0,-2250871,0,0,0,0,-2233253,1037,19150,1532,0
371,0.3709,0.37090001,0.37090003,0.370901,0.370901,18545001,18545002,1525678,1522808,1,0,1,0,0,-67,-2197873,-2250871,0,-2246631,0,0,0,0,-2197873,2870,52998,4240,0,-67,-2197873,-2250871,0,-2246631,0,0,0,0,-2197873,2870,52998,4240,0
372,0.3719,0.37190001,0.37190003,0.371901,0.371901,18595001,18595002,1473249,1468667,1,0,1,0,0,-66,-2162019,-2246631,0,-2239862,0,0,0,0,-2162019,4582,84612,6769,0,-66,-2162019,-2246631,0,-2239862,0,0,0,0,-2162019,4582,84612,6769,0
373,0.3729,0.37290001,0.37290003,0.372901,0.372901,18645001,18645002,1420820,1415945,1,0,1,0,0,-66,-2149839,-2239862,0,-2232660,0,0,0,0,-2149839,4875,90023,7202,0,-66,-2149839,-2239862,0,-2232660,0,0,0,0,-2149839,4875,90023,7202,0
374,0.3739,0.37390001,0.37390003,0.373901,0.373901,18695001,18695002,1368392,1362108,1,0,1,0,0,-65,-2116618,-2232660,0,-2223377,0,0,0,0,-2116618,6284,116042,9283,0,-65,-2116618,-2232660,0,-2223377,0,0,0,0,-2116618,6284,116042,9283,0
375,0.3749,0.37490001,0.37490003,0.374901,0.374901,18745001,18745002,1315963,1309824,1,0,1,0,0,-64,-2110013,-2223377,0,-2214308,0,0,0,0,-2110013,6139,113364,9069,0,-64,-2110013,-2223377,0,-2214308,0,0,0,0,-2110013,6139,113364,9069,0
376,0.3759,0.37590001,0.37590003,0.375901,0.375901,18795001,18795002,1263534,1260272,1,0,1,0,0,-66,-2154071,-2214308,0,-2209489,0,0,0,0,-2154071,3262,60237,4819,0,-66,-2154071,-2214308,0,-2209489,0,0,0,0,-2154071,3262,60237,4819,0
377,0.3769,0.37690001,0.37690003,0.376901,0.376901,18845001,18845002,1211105,1206570,1,0,1,0,0,-65,-2125744,-2209489,0,-2202789,0,0,0,0,-2125744,4535,83745,6700,0,-65,-2125744,-2209489,0,-2202789,0,0,0,0,-2125744,4535,83745,6700,0
378,0.3779,0.37790001,0.37790003,0.377901,0.377901,18895001,18895002,1158676,1157027,1,0,1,0,0,-66,-2172338,-2202789,0,-2200353,0,0,0,0,-2172338,1649,30451,2436,0,-66,-2172338,-2202789,0,-2200353,0,0,0,0,-2172338,1649,30451,2436,0
379,0.3789,0.37890001,0.37890003,0.378901,0.378901,18945001,18945002,1106248,1103785,1,0,1,0,0,-66,-2154871,-2200353,0,-2196714,0,0,0,0,-2154871,2463,45482,3639,0,-66,-2154871,-2200353,0,-2196714,0,0,0,0,-2154871,2463,45482,3639,0
380,0.3799,0.37990001,0.37990003,0.379901,0.379901,18995001,18995002,1053819,1051337,1,0,1,0,0,-66,-2150881,-2196714,0,-2193047,0,0,0,0,-2150881,2482,45833,3667,0,-66,-2150881,-2196714,0,-2193047,0,0,0,0,-2150881,2482,45833,3667,0
381,0.3809,0.38090001,0.38090003,0.380901,0.380901,19045001,19045002,1001390,999614,1,0,1,0,0,-66,-2160251,-2193047,0,-2190423,0,0,0,0,-2160251,1776,32796,2624,0,-66,-2160251,-2193047,0,-2190423,0,0,0,0,-2160251,1776,32796,2624,0
382,0.3819,0.38190001,0.38190003,0.381901,0.381901,19095001,19095002,948961,945904,1,0,1,0,0,-65,-2133972,-2190423,0,-2185907,0,0,0,0,-2133972,3057,56451,4516,0,-65,-2133972,-2190423,0,-2185907,0,0,0,0,-2133972,3057,56451,4516,0
383,0.3829,0.38290001,0.38290003,0.382901,0.382901,19145001,19145002,896532,892131,1,0,1,0,0,-64,-2104637,-2185907,0,-2179405,0,0,0,0,-2104637,4401,81270,6502,0,-64,-2104637,-2185907,0,-2179405,0,0,0,0,-2104637,4401,81270,6502,0
384,0.3839,0.38390001,0.38390003,0.383901,0.383901,19195001,19195002,844104,844814,1,0,1,0,0,-67,-2192516,-2179405,0,-2180454,0,0,0,0,-2192516,-710,-13111,-1049,0,-67,-2192516,-2179405,0,-2180454,0,0,0,0,-2192516,-710,-13111,-1049,0
385,0.3849,0.38490001,0.38490003,0.384901,0.384901,19245001,19245002,791675,787990,1,0,1,0,0,-64,-2112406,-2180454,0,-2175010,0,0,0,0,-2112406,3685,68048,5444,0,-64,-2112406,-2180454,0,-2175010,0,0,0,0,-2112406,3685,68048,5444,0
386,0.3859,0.38590001,0.38590003,0.385901,0.385901,19295001,19295002,739246,735000,1,0,1,0,0,-64,-2096602,-2175010,0,-2168737,0,0,0,0,-2096602,4246,78408,6273,0,-64,-2096602,-2175010,0,-2168737,0,0,0,0,-2096602,4246,78408,6273,0
387,0.3869,0.38690001,0.38690003,0.386901,0.386901,19345001,19345002,686817,683929,1,0,1,0,0,-65,-2115406,-2168737,0,-2164471,0,0,0,0,-2115406,2888,53331,4266,0,-65,-2115406,-2168737,0,-2164471,0,0,0,0,-2115406,2888,53331,4266,0
388,0.3879,0.38790001,0.38790003,0.387901,0.387901,19395001,19395002,634388,632447,1,0,1,0,0,-65,-2128628,-2164471,0,-2161604,0,0,0,0,-2128628,1941,35843,2867,0,-65,-2128628,-2164471,0,-2161604,0,0,0,0,-2128628,1941,35843,2867,0
389,0.3889,0.38890001,0.38890003,0.388901,0.388901,19445001,19445002,581960,580491,1,0,1,0,0,-65,-2134477,-2161604,0,-2159434,0,0,0,0,-2134477,1469,27127,2170,0,-65,-2134477,-2161604,0,-2159434,0,0,0,0,-2134477,1469,27127,2170,0
390,0.3899,0.38990001,0.38990003,0.389901,0.389901,19495001,19495002,529531,530758,1,0,1,0,0,-67,-2182092,-2159434,0,-2161247,0,0,0,0,-2182092,-1227,-22658,-1813,0,-67,-2182092,-2159434,0,-2161247,0,0,0,0,-2182092,-1227,-22658,-1813,0
391,0.3909,0.39090001,0.39090003,0.390901,0.390901,19545001,19545002,477102,477827,1,0,1,0,0,-66,-2174635,-2161247,0,-2162318,0,0,0,0,-2174635,-725,-13388,-1071,0,-66,-2174635,-2161247,0,-2162318,0,0,0,0,-2174635,-725,-13388,-1071,0
392,0.3919,0.39190001,0.39190003,0.391901,0.391901,19595001,19595002,424673,424130,1,0,1,0,0,-66,-2152291,-2162318,0,-2161516,0,0,0,0,-2152291,543,10027,802,0,-66,-2152291,-2162318,0,-2161516,0,0,0,0,-2152291,543,10027,802,0
393,0.3929,0.39290001,0.39290003,0.392901,0.392901,19645001,19645002,372244,378071,1,0,1,0,0,-69,-2269119,-2161516,0,-2170124,0,0,0,0,-2269119,-5827,-107603,-8608,0,-69,-2269119,-2161516,0,-2170124,0,0,0,0,-2269119,-5827,-107603,-8608,0
394,0.3939,0.39390001,0.39390003,0.393901,0.393901,19695001,19695002,319816,326721,1,0,1,0,0,-70,-2297634,-2170124,0,-2180325,0,0,0,0,-2297634,-6905,-127510,-10201,0,-70,-2297634,-2170124,0,-2180325,0,0,0,0,-2297634,-6905,-127510,-10201,0
395,0.3949,0.39490001,0.39490003,0.394901,0.394901,19745001,19745002,267387,277229,1,0,1,0,0,-72,-2362070,-2180325,0,-2194865,0,0,0,0,-2362070,-9842,-181745,-14540,0,-72,-2362070,-2180325,0,-2194865,0,0,0,0,-2362070,-9842,-181745,-14540,0
396,0.3959,0.39590001,0.39590003,0.395901,0.395901,19795001,19795002,214958,233714,1,0,1,0,0,-78,-2541219,-2194865,0,-2222573,0,0,0,0,-2541219,-18756,-346354,-27708,0,-78,-2541219,-2194865,0,-2222573,0,0,0,0,-2541219,-18756,-346354,-27708,0
397,0.3969,0.39690001,0.39690003,0.396901,0.396901,19845001,19845002,162529,175579,1,0,1,0,0,-75,-2463558,-2222573,0,-2241852,0,0,0,0,-2463558,-13050,-240985,-19279,0,-75,-2463558,-2222573,0,-2241852,0,0,0,0,-2463558,-13050,-240985,-19279,0
398,0.3979,0.39790001,0.39790003,0.397901,0.397901,19895001,19895002,110100,116955,1,0,1,0,0,-72,-2368438,-2241852,0,-2251979,0,0,0,0,-2368438,-6855,-126586,-10127,0,-72,-2368438,-2241852,0,-2251979,0,0,0,0,-2368438,-6855,-126586,-10127,0
399,0.3989,0.39890001,0.39890003,0.398901,0.398901,19945001,19945002,57672,59542,1,0,1,0,0,-70,-2286511,-2251979,0,-2254742,0,0,0,0,-2286511,-1870,-34532,-2763,0,-70,-2286511,-2251979,0,-2254742,0,0,0,0,-2286511,-1870,-34532,-2763,0
400,0.3999,0.39990001,0.39990003,0.399901,0.399901,19995001,19995002,5243,4509,1,0,1,0,0,-68,-2241188,-2254742,0,-2253658,0,0,0,0,-2241188,734,13554,1084,0,-68,-2241188,-2254742,0,-2253658,0,0,0,0,-2241188,734,13554,1084,0
401,0.4009,0.40090001,0.40090003,0.400901,0.400901,20045001,20045002,0,-49636,1,0,1,0,0,-41,-1337066,-2253658,0,-2180331,0,0,0,0,-1337066,49636,916592,73327,0,-41,-1337066,-2253658,0,-2180331,0,0,0,0,-1337066,49636,916592,73327,0
402,0.4019,0.40190001,0.40190003,0.401901,0.401901,20095001,20095002,0,-85920,1,0,1,0,0,-18,-593708,-2180331,0,-2053401,0,0,0,0,-593708,85920,1586623,126930,0,-18,-593708,-2180331,0,-2053401,0,0,0,0,-593708,85920,1586623,126930,0
403,0.4029,0.40290001,0.40290003,0.402901,0.402901,20145001,20145002,0,-110107,1,0,1,0,0,-1,-20135,-2053401,0,-1890740,0,0,0,0,-20135,110107,2033266,162661,0,-1,-20135,-2053401,0,-1890740,0,0,0,0,-20135,110107,2033266,162661,0
404,0.4039,0.40390001,0.40390003,0.403901,0.403901,20195001,20195002,0,-105488,1,0,1,0,0,2,57231,-1890740,0,-1734902,0,0,0,0,57231,105488,1947971,155838,0,2,57231,-1890740,0,-1734902,0,0,0,0,57231,105488,1947971,155838,0
405,0.4049,0.40490001,0.40490003,0.404901,0.404901,20245001,20245002,0,-109255,1,0,1,0,0,9,282631,-1734902,0,-1573499,0,0,0,0,282631,109255,2017533,161403,0,9,282631,-1734902,0,-1573499,0,0,0,0,282631,109255,2017533,161403,0
406,0.4059,0.40590001,0.40590003,0.405901,0.405901,20295001,20295002,0,-98532,1,0,1,0,0,8,246020,-1573499,0,-1427937,0,0,0,0,246020,98532,1819519,145562,0,8,246020,-1573499,0,-1427937,0,0,0,0,246020,98532,1819519,145562,0
407,0.4069,0.40690001,0.40690003,0.406901,0.406901,20345001,20345002,0,-93733,1,0,1,0,0,9,302963,-1427937,0,-1289465,0,0,0,0,302963,93733,1730900,138472,0,9,302963,-1427937,0,-1289465,0,0,0,0,302963,93733,1730900,138472,0
408,0.4079,0.40790001,0.40790003,0.407901,0.407901,20395001,20395002,0,-90654,1,0,1,0,0,12,384577,-1289465,0,-1155542,0,0,0,0,384577,90654,1674042,133923,0,12,384577,-1289465,0,-1155542,0,0,0,0,384577,90654,1674042,133923,0
409,0.4089,0.40890001,0.40890003,0.408901,0.408901,20445001,20445002,0,-79792,1,0,1,0,0,10,317919,-1155542,0,-1037665,0,0,0,0,317919,79792,1473461,117877,0,10,317919,-1155542,0,-1037665,0,0,0,0,317919,79792,1473461,117877,0
410,0.4099,0.40990001,0.40990003,0.409901,0.409901,20495001,20495002,0,-68137,1,0,1,0,0,7,220572,-1037665,0,-937006,0,0,0,0,220572,68137,1258237,100659,0,7,220572,-1037665,0,-937006,0,0,0,0,220572,68137,1258237,100659,0
411,0.4109,0.41090001,0.41090003,0.410901,0.410901,20545001,20545002,0,-57572,1,0,1,0,0,4,126135,-937006,0,-851955,0,0,0,0,126135,57572,1063141,85051,0,4,126135,-937006,0,-851955,0,0,0,0,126135,57572,1063141,85051,0
412,0.4119,0.41190001,0.41190003,0.411901,0.411901,20595001,20595002,0,-58700,1,0,1,0,0,7,232016,-851955,0,-765237,0,0,0,0,232016,58700,1083971,86718,0,7,232016,-851955,0,-765237,0,0,0,0,232016,58700,1083971,86718,0
413,0.4129,0.41290001,0.41290003,0.412901,0.412901,20645001,20645002,0,-52743,1,0,1,0,0,6,208730,-765237,0,-687320,0,0,0,0,208730,52743,973967,77917,0,6,208730,-765237,0,-687320,0,0,0,0,208730,52743,973967,77917,0
414,0.4139,0.41390001,0.41390003,0.413901,0.413901,20695001,20695002,0,-45353,1,0,1,0,0,5,150181,-687320,0,-620320,0,0,0,0,150181,45353,837501,67000,0,5,150181,-687320,0,-620320,0,0,0,0,150181,45353,837501,67000,0
415,0.4149,0.41490001,0.41490003,0.414901,0.414901,20745001,20745002,0,-42733,1,0,1,0,0,5,168799,-620320,0,-557190,0,0,0,0,168799,42733,789119,63130,0,5,168799,-620320,0,-557190,0,0,0,0,168799,42733,789119,63130,0
416,0.4159,0.41590001,0.41590003,0.415901,0.415901,20795001,20795002,0,-50301,1,0,1,0,0,11,371682,-557190,0,-482880,0,0,0,0,371682,50301,928872,74310,0,11,371682,-557190,0,-482880,0,0,0,0,371682,50301,928872,74310,0
417,0.4169,0.41690001,0.41690003,0.416901,0.416901,20845001,20845002,0,-46657,1,0,1,0,0,12,378701,-482880,0,-413953,0,0,0,0,378701,46657,861581,68927,0,12,378701,-482880,0,-413953,0,0,0,0,378701,46657,861581,68927,0
418,0.4179,0.41790001,0.41790003,0.417901,0.417901,20895001,20895002,0,-40538,1,0,1,0,0,10,334633,-413953,0,-354066,0,0,0,0,334633,40538,748586,59887,0,10,334633,-413953,0,-354066,0,0,0,0,334633,40538,748586,59887,0
419,0.4189,0.41890001,0.41890003,0.418901,0.418901,20945001,20945002,0,-34462,1,0,1,0,0,9,282319,-354066,0,-303155,0,0,0,0,282319,34462,636385,50911,0,9,282319,-354066,0,-303155,0,0,0,0,282319,34462,636385,50911,0
420,0.4199,0.41990001,0.41990003,0.419901,0.419901,20995001,20995002,0,-29072,1,0,1,0,0,7,233697,-303155,0,-260207,0,0,0,0,233697,29072,536852,42948,0,7,233697,-303155,0,-260207,0,0,0,0,233697,29072,536852,42948,0
421,0.4209,0.42090001,0.42090003,0.420901,0.420901,21045001,21045002,0,-24457,1,0,1,0,0,6,191423,-260207,0,-224077,0,0,0,0,191423,24457,451630,36130,0,6,191423,-260207,0,-224077,0,0,0,0,191423,24457,451630,36130,0
422,0.4219,0.42190001,0.42190003,0.421901,0.421901,21095001,21095002,0,-20555,1,0,1,0,0,5,155497,-224077,0,-193711,0,0,0,0,155497,20555,379574,30366,0,5,155497,-224077,0,-193711,0,0,0,0,155497,20555,379574,30366,0
423,0.4229,0.42290001,0.42290003,0.422901,0.422901,21145001,21145002,0,-17268,1,0,1,0,0,4,125165,-193711,0,-168201,0,0,0,0,125165,17268,318876,25510,0,4,125165,-193711,0,-168201,0,0,0,0,125165,17268,318876,25510,0
424,0.4239,0.42390001,0.42390003,0.423901,0.423901,21195001,21195002,0,-14506,1,0,1,0,0,3,99671,-168201,0,-146771,0,0,0,0,99671,14506,267872,21430,0,3,99671,-168201,0,-146771,0,0,0,0,99671,14506,267872,21430,0
425,0.4249,0.42490001,0.42490003,0.424901,0.424901,21245001,21245002,0,-12184,1,0,1,0,0,2,78222,-146771,0,-128772,0,0,0,0,78222,12184,224993,17999,0,2,78222,-146771,0,-128772,0,0,0,0,78222,12184,224993,17999,0
426,0.4259,0.42590001,0.42590003,0.425901,0.425901,21295001,21295002,0,-10234,1,0,1,0,0,2,60212,-128772,0,-113653,0,0,0,0,60212,10234,188984,15119,0,2,60212,-128772,0,-113653,0,0,0,0,60212,10234,188984,15119,0
427,0.4269,0.42690001,0.42690003,0.426901,0.426901,21345001,21345002,0,-8596,1,0,1,0,0,1,45083,-113653,0,-100954,0,0,0,0,45083,8596,158736,12699,0,1,45083,-113653,0,-100954,0,0,0,0,45083,8596,158736,12699,0
428,0.4279,0.42790001,0.42790003,0.427901,0.427901,21395001,21395002,0,-7220,1,0,1,0,0,1,32373,-100954,0,-90288,0,0,0,0,32373,7220,133327,10666,0,1,32373,-100954,0,-90288,0,0,0,0,32373,7220,133327,10666,0
429,0.4289,0.42890001,0.42890003,0.428901,0.428901,21445001,21445002,0,-6065,1,0,1,0,0,1,21710,-90288,0,-81328,0,0,0,0,21710,6065,111998,8960,0,1,21710,-90288,0,-81328,0,0,0,0,21710,6065,111998,8960,0
430,0.4299,0.42990001,0.42990003,0.429901,0.429901,21495001,21495002,0,-5094,1,0,1,0,0,0,12739,-81328,0,-73803,0,0,0,0,12739,5094,94067,7525,0,0,12739,-81328,0,-73803,0,0,0,0,12739,5094,94067,7525,0
431,0.4309,0.43090001,0.43090003,0.430901,0.430901,21545001,21545002,0,-4279,1,0,1,0,0,0,5214,-73803,0,-67482,0,0,0,0,5214,4279,79017,6321,0,0,5214,-73803,0,-67482,0,0,0,0,5214,4279,79017,6321,0
432,0.4319,0.43190001,0.43190003,0.431901,0.431901,21595001,21595002,0,-3594,1,0,1,0,0,0,-1114,-67482,0,-62173,0,0,0,0,-1114,3594,66368,5309,0,0,-1114,-67482,0,-62173,0,0,0,0,-1114,3594,66368,5309,0
433,0.4329,0.43290001,0.43290003,0.432901,0.432901,21645001,21645002,0,-3019,1,0,1,0,0,0,-6423,-62173,0,-57713,0,0,0,0,-6423,3019,55750,4460,0,0,-6423,-62173,0,-57713,0,0,0,0,-6423,3019,55750,4460,0
434,0.4339,0.43390001,0.43390003,0.433901,0.433901,21695001,21695002,0,-2535,1,0,1,0,0,0,-10901,-57713,0,-53968,0,0,0,0,-10901,2535,46812,3745,0,0,-10901,-57713,0,-53968,0,0,0,0,-10901,2535,46812,3745,0
435,0.4349,0.43490001,0.43490003,0.434901,0.434901,21745001,21745002,0,-2130,1,0,1,0,0,0,-14635,-53968,0,-50821,0,0,0,0,-14635,2130,39333,3147,0,0,-14635,-53968,0,-50821,0,0,0,0,-14635,2130,39333,3147,0
436,0.4359,0.43590001,0.43590003,0.435901,0.435901,21795001,21795002,0,-1789,1,0,1,0,0,-1,-17785,-50821,0,-48178,0,0,0,0,-17785,1789,33036,2643,0,-1,-17785,-50821,0,-48178,0,0,0,0,-17785,1789,33036,2643,0
437,0.4369,0.43690001,0.43690003,0.436901,0.436901,21845001,21845002,0,-1502,1,0,1,0,0,-1,-20442,-48178,0,-45959,0,0,0,0,-20442,1502,27736,2219,0,-1,-20442,-48178,0,-45959,0,0,0,0,-20442,1502,27736,2219,0
438,0.4379,0.43790001,0.43790003,0.437901,0.437901,21895001,21895002,0,-1262,1,0,1,0,0,-1,-22655,-45959,0,-44095,0,0,0,0,-22655,1262,23304,1864,0,-1,-22655,-45959,0,-44095,0,0,0,0,-22655,1262,23304,1864,0
439,0.4389,0.43890001,0.43890003,0.438901,0.438901,21945001,21945002,0,-1060,1,0,1,0,0,-1,-24521,-44095,0,-42529,0,0,0,0,-24521,1060,19574,1566,0,-1,-24521,-44095,0,-42529,0,0,0,0,-24521,1060,19574,1566,0
440,0.4399,0.43990001,0.43990003,0.439901,0.439901,21995001,21995002,0,-890,1,0,1,0,0,-1,-26094,-42529,0,-41214,0,0,0,0,-26094,890,16435,1315,0,-1,-26094,-42529,0,-41214,0,0,0,0,-26094,890,16435,1315,0
441,0.4409,0.44090001,0.44090003,0.440901,0.440901,22045001,22045002,0,-748,1,0,1,0,0,-1,-27401,-41214,0,-40109,0,0,0,0,-27401,748,13813,1105,0,-1,-27401,-41214,0,-40109,0,0,0,0,-27401,748,13813,1105,0
442,0.4419,0.44190001,0.44190003,0.441901,0.441901,22095001,22095002,0,-628,1,0,1,0,0,-1,-28512,-40109,0,-39181,0,0,0,0,-28512,628,11597,928,0,-1,-28512,-40109,0,-39181,0,0,0,0,-28512,628,11597,928,0
443,0.4429,0.44290001,0.44290003,0.442901,0.442901,22145001,22145002,0,-528,1,0,1,0,0,-1,-29431,-39181,0,-38401,0,0,0,0,-29431,528,9750,780,0,-1,-29431,-39181,0,-38401,0,0,0,0,-29431,528,9750,780,0
444,0.4439,0.44390001,0.44390003,0.443901,0.443901,22195001,22195002,0,-443,1,0,1,0,0,-1,-30220,-38401,0,-37747,0,0,0,0,-30220,443,8181,654,0,-1,-30220,-38401,0,-37747,0,0,0,0,-30220,443,8181,654,0
445,0.4449,0.44490001,0.44490003,0.444901,0.444901,22245001,22245002,0,-372,1,0,1,0,0,-1,-30878,-37747,0,-37197,0,0,0,0,-30878,372,6869,550,0,-1,-30878,-37747,0,-37197,0,0,0,0,-30878,372,6869,550,0
446,0.4459,0.44590001,0.44590003,0.445901,0.445901,22295001,22295002,0,-313,1,0,1,0,0,-1,-31417,-37197,0,-36735,0,0,0,0,-31417,313,5780,462,0,-1,-31417,-37197,0,-36735,0,0,0,0,-31417,313,5780,462,0
447,0.4469,0.44690001,0.44690003,0.446901,0.446901,22345001,22345002,0,-263,1,0,1,0,0,-1,-31878,-36735,0,-36346,0,0,0,0,-31878,263,4857,389,0,-1,-31878,-36735,0,-36346,0,0,0,0,-31878,263,4857,389,0
448,0.4479,0.44790001,0.44790003,0.447901,0.447901,22395001,22395002,0,-221,1,0,1,0,0,-1,-32265,-36346,0,-36020,0,0,0,0,-32265,221,4081,326,0,-1,-32265,-36346,0,-36020,0,0,0,0,-32265,221,4081,326,0
449,0.4489,0.44890001,0.44890003,0.448901,0.448901,22445001,22445002,0,-185,1,0,1,0,0,-1,-32604,-36020,0,-35747,0,0,0,0,-32604,185,3416,273,0,-1,-32604,-36020,0,-35747,0,0,0,0,-32604,185,3416,273,0
450,0.4499,0.44990001,0.44990003,0.449901,0.449901,22495001,22495002,0,-156,1,0,1,0,0,-1,-32866,-35747,0,-35517,0,0,0,0,-32866,156,2881,230,0,-1,-32866,-35747,0,-35517,0,0,0,0,-32866,156,2881,230,0
451,0.4509,0.45090001,0.45090003,0.450901,0.450901,22545001,22545002,0,-131,1,0,1,0,0,-1,-33098,-35517,0,-35323,0,0,0,0,-33098,131,2419,194,0,-1,-33098,-35517,0,-35323,0,0,0,0,-33098,131,2419,194,0
452,0.4519,0.45190001,0.45190003,0.451901,0.451901,22595001,22595002,0,-110,1,0,1,0,0,-1,-33292,-35323,0,-35160,0,0,0,0,-33292,110,2031,163,0,-1,-33292,-35323,0,-35160,0,0,0,0,-33292,110,2031,163,0
453,0.4529,0.45290001,0.45290003,0.452901,0.452901,22645001,22645002,0,-92,1,0,1,0,0,-1,-33461,-35160,0,-35024,0,0,0,0,-33461,92,1699,136,0,-1,-33461,-35160,0,-35024,0,0,0,0,-33461,92,1699,136,0
454,0.4539,0.45390001,0.45390003,0.453901,0.453901,22695001,22695002,0,-77,1,0,1,0,0,-1,-33602,-35024,0,-34910,0,0,0,0,-33602,77,1422,114,0,-1,-33602,-35024,0,-34910,0,0,0,0,-33602,77,1422,114,0
455,0.4549,0.45490001,0.45490003,0.454901,0.454901,22745001,22745002,0,-65,1,0,1,0,0,-1,-33710,-34910,0,-34814,0,0,0,0,-33710,65,1200,96,0,-1,-33710,-34910,0,-34814,0,0,0,0,-33710,65,1200,96,0
456,0.4559,0.45590001,0.45590003,0.455901,0.455901,22795001,22795002,0,-55,1,0,1,0,0,-1,-33798,-34814,0,-34733,0,0,0,0,-33798,55,1016,81,0,-1,-33798,-34814,0,-34733,0,0,0,0,-33798,55,1016,81,0
457,0.4569,0.45690001,0.45690003,0.456901,0.456901,22845001,22845002,0,-46,1,0,1,0,0,-1,-33884,-34733,0,-34665,0,0,0,0,-33884,46,849,68,0,-1,-33884,-34733,0,-34665,0,0,0,0,-33884,46,849,68,0
458,0.4579,0.45790001,0.45790003,0.457901,0.457901,22895001,22895002,0,-39,1,0,1,0,0,-1,-33945,-34665,0,-34607,0,0,0,0,-33945,39,720,58,0,-1,-33945,-34665,0,-34607,0,0,0,0,-33945,39,720,58,0
459,0.4589,0.45890001,0.45890003,0.458901,0.458901,22945001,22945002,0,-32,1,0,1,0,0,-1,-34016,-34607,0,-34560,0,0,0,0,-34016,32,591,47,0,-1,-34016,-34607,0,-34560,0,0,0,0,-34016,32,591,47,0
460,0.4599,0.45990001,0.45990003,0.459901,0.459901,22995001,22995002,0,-27,1,0,1,0,0,-1,-34061,-34560,0,-34520,0,0,0,0,-34061,27,499,40,0,-1,-34061,-34560,0,-34520,0,0,0,0,-34061,27,499,40,0
461,0.4609,0.46090001,0.46090003,0.460901,0.460901,23045001,23045002,0,-23,1,0,1,0,0,-1,-34095,-34520,0,-34486,0,0,0,0,-34095,23,425,34,0,-1,-34095,-34520,0,-34486,0,0,0,0,-34095,23,425,34,0
462,0.4619,0.46190001,0.46190003,0.461901,0.461901,23095001,23095002,0,-19,1,0,1,0,0,-1,-34135,-34486,0,-34458,0,0,0,0,-34135,19,351,28,0,-1,-34135,-34486,0,-34458,0,0,0,0,-34135,19,351,28,0
463,0.4629,0.46290001,0.46290003,0.462901,0.462901,23145001,23145002,0,-16,1,0,1,0,0,-1,-34163,-34458,0,-34434,0,0,0,0,-34163,16,295,24,0,-1,-34163,-34458,0,-34434,0,0,0,0,-34163,16,295,24,0
464,0.4639,0.46390001,0.46390003,0.463901,0.463901,23195001,23195002,0,-14,1,0,1,0,0,-1,-34175,-34434,0,-34413,0,0,0,0,-34175,14,259,21,0,-1,-34175,-34434,0,-34413,0,0,0,0,-34175,14,259,21,0
465,0.4649,0.46490001,0.46490003,0.464901,0.464901,23245001,23245002,0,-11,1,0,1,0,0,-1,-34210,-34413,0,-34397,0,0,0,0,-34210,11,203,16,0,-1,-34210,-34413,0,-34397,0,0,0,0,-34210,11,203,16,0
466,0.4659,0.46590001,0.46590003,0.465901,0.465901,23295001,23295002,0,-10,1,0,1,0,0,-1,-34212,-34397,0,-34382,0,0,0,0,-34212,10,185,15,0,-1,-34212,-34397,0,-34382,0,0,0,0,-34212,10,185,15,0
467,0.4669,0.46690001,0.46690003,0.466901,0.466901,23345001,23345002,0,-8,1,0,1,0,0,-1,-34234,-34382,0,-34370,0,0,0,0,-34234,8,148,12,0,-1,-34234,-34382,0,-34370,0,0,0,0,-34234,8,148,12,0
468,0.4679,0.46790001,0.46790003,0.467901,0.467901,23395001,23395002,0,-7,1,0,1,0,0,-1,-34241,-34370,0,-34360,0,0,0,0,-34241,7,129,10,0,-1,-34241,-34370,0,-34360,0,0,0,0,-34241,7,129,10,0
469,0.4689,0.46890001,0.46890003,0.468901,0.468901,23445001,23445002,0,-6,1,0,1,0,0,-1,-34249,-34360,0,-34351,0,0,0,0,-34249,6,111,9,0,-1,-34249,-34360,0,-34351,0,0,0,0,-34249,6,111,9,0
470,0.4699,0.46990001,0.46990003,0.469901,0.469901,23495001,23495002,0,-5,1,0,1,0,0,-1,-34259,-34351,0,-34344,0,0,0,0,-34259,5,92,7,0,-1,-34259,-34351,0,-34344,0,0,0,0,-34259,5,92,7,0
471,0.4709,0.47090001,0.47090003,0.470901,0.470901,23545001,23545002,0,-4,1,0,1,0,0,-1,-34270,-34344,0,-34338,0,0,0,0,-34270,4,74,6,0,-1,-34270,-34344,0,-34338,0,0,0,0,-34270,4,74,6,0
472,0.4719,0.47190001,0.47190003,0.471901,0.471901,23595001,23595002,0,-3,1,0,1,0,0,-1,-34283,-34338,0,-34334,0,0,0,0,-34283,3,55,4,0,-1,-34283,-34338,0,-34334,0,0,0,0,-34283,3,55,4,0
473,0.4729,0.47290001,0.47290003,0.472901,0.472901,23645001,23645002,0,-3,1,0,1,0,0,-1,-34279,-34334,0,-34330,0,0,0,0,-34279,3,55,4,0,-1,-34279,-34334,0,-34330,0,0,0,0,-34279,3,55,4,0
474,0.4739,0.47390001,0.47390003,0.473901,0.473901,23695001,23695002,0,-2,1,0,1,0,0,-1,-34293,-34330,0,-34327,0,0,0,0,-34293,2,37,3,0,-1,-34293,-34330,0,-34327,0,0,0,0,-34293,2,37,3,0
475,0.4749,0.47490001,0.47490003,0.474901,0.474901,23745001,23745002,0,-16675,1,0,1,0,0,8,273598,-34327,0,-9693,0,0,0,0,273598,16675,307925,24634,0,8,273598,-34327,0,-9693,0,0,0,0,273598,16675,307925,24634,0
476,0.4759,0.47590001,0.47590003,0.475901,0.475901,23795001,23795002,0,-19553,1,0,1,0,0,11,351378,-9693,0,19193,0,0,0,0,351378,19553,361071,28886,0,11,351378,-9693,0,19193,0,0,0,0,351378,19553,361071,28886,0
477,0.4769,0.47690001,0.47690003,0.476901,0.476901,23845001,23845002,0,-18120,1,0,1,0,0,11,353802,19193,0,45962,0,0,0,0,353802,18120,334609,26769,0,11,353802,19193,0,45962,0,0,0,0,353802,18120,334609,26769,0
478,0.4779,0.47790001,0.47790003,0.477901,0.477901,23895001,23895002,0,-15739,1,0,1,0,0,10,336603,45962,0,69213,0,0,0,0,336603,15739,290641,23251,0,10,336603,45962,0,69213,0,0,0,0,336603,15739,290641,23251,0
479,0.4789,0.47890001,0.47890003,0.478901,0.478901,23945001,23945002,0,-13379,1,0,1,0,0,10,316273,69213,0,88978,0,0,0,0,316273,13379,247060,19765,0,10,316273,69213,0,88978,0,0,0,0,316273,13379,247060,19765,0
480,0.4799,0.47990001,0.47990003,0.479901,0.479901,23995001,23995002,0,3571,1,0,1,0,0,1,23035,88978,0,83703,0,0,0,0,23035,-3571,-65943,-5275,0,1,23035,88978,0,83703,0,0,0,0,23035,-3571,-65943,-5275,0
481,0.4809,0.48090001,0.48090003,0.480901,0.480901,24045001,24045002,0,10014,1,0,1,0,0,-3,-101218,83703,0,68909,0,0,0,0,-101218,-10014,-184921,-14794,0,-3,-101218,83703,0,68909,0,0,0,0,-101218,-10014,-184921,-14794,0
482,0.4819,0.48190001,0.48190003,0.481901,0.481901,24095001,24095002,0,10557,1,0,1,0,0,-4,-126039,68909,0,53313,0,0,0,0,-126039,-10557,-194948,-15596,0,-4,-126039,68909,0,53313,0,0,0,0,-126039,-10557,-194948,-15596,0
483,0.4829,0.48290001,0.48290003,0.482901,0.482901,24145001,24145002,0,9524,1,0,1,0,0,-4,-122560,53313,0,39243,0,0,0,0,-122560,-9524,-175873,-14070,0,-4,-122560,53313,0,39243,0,0,0,0,-122560,-9524,-175873,-14070,0
484,0.4839,0.48390001,0.48390003,0.483901,0.483901,24195001,24195002,0,8201,1,0,1,0,0,-3,-112199,39243,0,27128,0,0,0,0,-112199,-8201,-151442,-12115,0,-3,-112199,39243,0,27128,0,0,0,0,-112199,-8201,-151442,-12115,0
485,0.4849,0.48490001,0.48490003,0.484901,0.484901,24245001,24245002,0,6949,1,0,1,0,0,-3,-101194,27128,0,16862,0,0,0,0,-101194,-6949,-128322,-10266,0,-3,-101194,27128,0,16862,0,0,0,0,-101194,-6949,-128322,-10266,0
486,0.4859,0.48590001,0.48590003,0.485901,0.485901,24295001,24295002,0,5856,1,0,1,0,0,-3,-91277,16862,0,8211,0,0,0,0,-91277,-5856,-108139,-8651,0,-3,-91277,16862,0,8211,0,0,0,0,-91277,-5856,-108139,-8651,0
487,0.4869,0.48690001,0.48690003,0.486901,0.486901,24345001,24345002,0,4924,1,0,1,0,0,-3,-82717,8211,0,937,0,0,0,0,-82717,-4924,-90928,-7274,0,-3,-82717,8211,0,937,0,0,0,0,-82717,-4924,-90928,-7274,0
488,0.4879,0.48790001,0.48790003,0.487901,0.487901,24395001,24395002,0,4138,1,0,1,0,0,-2,-75476,937,0,-5176,0,0,0,0,-75476,-4138,-76413,-6113,0,-2,-75476,937,0,-5176,0,0,0,0,-75476,-4138,-76413,-6113,0
489,0.4889,0.48890001,0.48890003,0.488901,0.488901,24445001,24445002,0,3476,1,0,1,0,0,-2,-69365,-5176,0,-10311,0,0,0,0,-69365,-3476,-64189,-5135,0,-2,-69365,-5176,0,-10311,0,0,0,0,-69365,-3476,-64189,-5135,0
490,0.4899,0.48990001,0.48990003,0.489901,0.489901,24495001,24495002,0,2920,1,0,1,0,0,-2,-64233,-10311,0,-14625,0,0,0,0,-64233,-2920,-53922,-4314,0,-2,-64233,-10311,0,-14625,0,0,0,0,-64233,-2920,-53922,-4314,0
491,0.4909,0.49090001,0.49090003,0.490901,0.490901,24545001,24545002,0,2453,1,0,1,0,0,-2,-59923,-14625,0,-18249,0,0,0,0,-59923,-2453,-45298,-3624,0,-2,-59923,-14625,0,-18249,0,0,0,0,-59923,-2453,-45298,-3624,0
492,0.4919,0.49190001,0.49190003,0.491901,0.491901,24595001,24595002,0,2060,1,0,1,0,0,-2,-56290,-18249,0,-21292,0,0,0,0,-56290,-2060,-38041,-3043,0,-2,-56290,-18249,0,-21292,0,0,0,0,-56290,-2060,-38041,-3043,0
493,0.4929,0.49290001,0.49290003,0.492901,0.492901,24645001,24645002,0,1730,1,0,1,0,0,-2,-53239,-21292,0,-23848,0,0,0,0,-53239,-1730,-31947,-2556,0,-2,-53239,-21292,0,-23848,0,0,0,0,-53239,-1730,-31947,-2556,0
494,0.4939,0.49390001,0.49390003,0.493901,0.493901,24695001,24695002,0,1453,1,0,1,0,0,-2,-50680,-23848,0,-25995,0,0,0,0,-50680,-1453,-26832,-2147,0,-2,-50680,-23848,0,-25995,0,0,0,0,-50680,-1453,-26832,-2147,0
495,0.4949,0.49490001,0.49490003,0.494901,0.494901,24745001,24745002,0,1221,1,0,1,0,0,-1,-48542,-25995,0,-27799,0,0,0,0,-48542,-1221,-22547,-1804,0,-1,-48542,-25995,0,-27799,0,0,0,0,-48542,-1221,-22547,-1804,0
496,0.4959,0.49590001,0.49590003,0.495901,0.495901,24795001,24795002,0,1025,1,0,1,0,0,-1,-46727,-27799,0,-29313,0,0,0,0,-46727,-1025,-18928,-1514,0,-1,-46727,-27799,0,-29313,0,0,0,0,-46727,-1025,-18928,-1514,0
497,0.4969,0.49690001,0.49690003,0.496901,0.496901,24845001,24845002,0,861,1,0,1,0,0,-1,-45212,-29313,0,-30585,0,0,0,0,-45212,-861,-15899,-1272,0,-1,-45212,-29313,0,-30585,0,0,0,0,-45212,-861,-15899,-1272,0
498,0.4979,0.49790001,0.49790003,0.497901,0.497901,24895001,24895002,0,723,1,0,1,0,0,-1,-43936,-30585,0,-31653,0,0,0,0,-43936,-723,-13351,-1068,0,-1,-43936,-30585,0,-31653,0,0,0,0,-43936,-723,-13351,-1068,0
499,0.4989,0.49890001,0.49890003,0.498901,0.498901,24945001,24945002,0,608,1,0,1,0,0,-1,-42880,-31653,0,-32551,0,0,0,0,-42880,-608,-11227,-898,0,-1,-42880,-31653,0,-32551,0,0,0,0,-42880,-608,-11227,-898,0
500,0.4999,0.49990001,0.49990003,0.499901,0.499901,24995001,24995002,0,510,1,0,1,0,0,-1,-41969,-32551,0,-33304,0,0,0,0,-41969,-510,-9418,-753,0,-1,-41969,-32551,0,-33304,0,0,0,0,-41969,-510,-9418,-753,0
501,0.5009,0.50090001,0.50090003,0.500901,0.500901,25045001,25045002,-47186,429,1,0,1,0,0,-28,-912576,-33304,0,-103646,0,0,0,0,-912576,-47615,-879272,-70342,0,-28,-912576,-33304,0,-103646,0,0,0,0,-912576,-47615,-879272,-70342,0
502,0.5019,0.50190001,0.50190003,0.501901,0.501901,25095001,25095002,-99615,-28191,1,0,1,0,0,-43,-1422581,-103646,0,-209161,0,0,0,0,-1422581,-71424,-1318935,-105515,0,-43,-1422581,-103646,0,-209161,0,0,0,0,-1422581,-71424,-1318935,-105515,0
503,0.5029,0.50290001,0.50290003,0.502901,0.502901,25145001,25145002,-152044,-53814,1,0,1,0,0,-62,-2023103,-209161,0,-354276,0,0,0,0,-2023103,-98230,-1813942,-145115,0,-62,-2023103,-209161,0,-354276,0,0,0,0,-2023103,-98230,-1813942,-145115,0
504,0.5039,0.50390001,0.50390003,0.503901,0.503901,25195001,25195002,-204472,-98683,1,0,1,0,0,-70,-2307805,-354276,0,-510558,0,0,0,0,-2307805,-105789,-1953529,-156282,0,-70,-2307805,-354276,0,-510558,0,0,0,0,-2307805,-105789,-1953529,-156282,0
505,0.5049,0.50490001,0.50490003,0.504901,0.504901,25245001,25245002,-256901,-154800,1,0,1,0,0,-73,-2395983,-510558,0,-661392,0,0,0,0,-2395983,-102101,-1885425,-150834,0,-73,-2395983,-510558,0,-661392,0,0,0,0,-2395983,-102101,-1885425,-150834,0
506,0.5059,0.50590001,0.50590003,0.505901,0.505901,25295001,25295002,-309330,-212649,1,0,1,0,0,-75,-2446730,-661392,0,-804219,0,0,0,0,-2446730,-96681,-1785338,-142827,0,-75,-2446730,-661392,0,-804219,0,0,0,0,-2446730,-96681,-1785338,-142827,0
507,0.5069,0.50690001,0.50690003,0.506901,0.506901,25345001,25345002,-361759,-271769,1,0,1,0,0,-75,-2465999,-804219,0,-937161,0,0,0,0,-2465999,-89990,-1661780,-132942,0,-75,-2465999,-804219,0,-937161,0,0,0,0,-2465999,-89990,-1661780,-132942,0
508,0.5079,0.50790001,0.50790003,0.507901,0.507901,25395001,25395002,-414188,-332759,1,0,1,0,0,-74,-2440852,-937161,0,-1057456,0,0,0,0,-2440852,-81429,-1503691,-120295,0,-74,-2440852,-937161,0,-1057456,0,0,0,0,-2440852,-81429,-1503691,-120295,0
509,0.5089,0.50890001,0.50890003,0.508901,0.508901,25445001,25445002,-466616,-390226,1,0,1,0,0,-75,-2468095,-1057456,0,-1170307,0,0,0,0,-2468095,-76390,-1410639,-112851,0,-75,-2468095,-1057456,0,-1170307,0,0,0,0,-2468095,-76390,-1410639,-112851,0
510,0.5099,0.50990001,0.50990003,0.509901,0.509901,25495001,25495002,-519045,-448044,1,0,1,0,0,-76,-2481431,-1170307,0,-1275197,0,0,0,0,-2481431,-71001,-1311124,-104890,0,-76,-2481431,-1170307,0,-1275197,0,0,0,0,-2481431,-71001,-1311124,-104890,0
511,0.5109,0.51090001,0.51090003,0.510901,0.510901,25545001,25545002,-571474,-508781,1,0,1,0,0,-74,-2432903,-1275197,0,-1367814,0,0,0,0,-2432903,-62693,-1157706,-92617,0,-74,-2432903,-1275197,0,-1367814,0,0,0,0,-2432903,-62693,-1157706,-92617,0
512,0.5119,0.51190001,0.51190003,0.511901,0.511901,25595001,25595002,-623903,-571109,1,0,1,0,0,-71,-2342723,-1367814,0,-1445807,0,0,0,0,-2342723,-52794,-974909,-77993,0,-71,-2342723,-1367814,0,-1445807,0,0,0,0,-2342723,-52794,-974909,-77993,0
513,0.5129,0.51290001,0.51290003,0.512901,0.512901,25645001,25645002,-676332,-623775,1,0,1,0,0,-74,-2416339,-1445807,0,-1523450,0,0,0,0,-2416339,-52557,-970532,-77643,0,-74,-2416339,-1445807,0,-1523450,0,0,0,0,-2416339,-52557,-970532,-77643,0
514,0.5139,0.51390001,0.51390003,0.513901,0.513901,25695001,25695002,-728760,-685152,1,0,1,0,0,-71,-2328727,-1523450,0,-1587872,0,0,0,0,-2328727,-43608,-805277,-64422,0,-71,-2328727,-1523450,0,-1587872,0,0,0,0,-2328727,-43608,-805277,-64422,0
515,0.5149,0.51490001,0.51490003,0.514901,0.514901,25745001,25745002,-781189,-743088,1,0,1,0,0,-70,-2291456,-1587872,0,-1644159,0,0,0,0,-2291456,-38101,-703584,-56287,0,-70,-2291456,-1587872,0,-1644159,0,0,0,0,-2291456,-38101,-703584,-56287,0
516,0.5159,0.51590001,0.51590003,0.515901,0.515901,25795001,25795002,-833618,-794792,1,0,1,0,0,-72,-2361131,-1644159,0,-1701517,0,0,0,0,-2361131,-38826,-716972,-57358,0,-72,-2361131,-1644159,0,-1701517,0,0,0,0,-2361131,-38826,-716972,-57358,0
517,0.5169,0.51690001,0.51690003,0.516901,0.516901,25845001,25845002,-886047,-854841,1,0,1,0,0,-70,-2277776,-1701517,0,-1747618,0,0,0,0,-2277776,-31206,-576259,-46101,0,-70,-2277776,-1701517,0,-1747618,0,0,0,0,-2277776,-31206,-576259,-46101,0
518,0.5179,0.51790001,0.51790003,0.517901,0.517901,25895001,25895002,-938476,-910102,1,0,1,0,0,-69,-2271580,-1747618,0,-1789535,0,0,0,0,-2271580,-28374,-523962,-41917,0,-69,-2271580,-1747618,0,-1789535,0,0,0,0,-2271580,-28374,-523962,-41917,0
519,0.5189,0.51890001,0.51890003,0.518901,0.518901,25945001,25945002,-990904,-966377,1,0,1,0,0,-68,-2242457,-1789535,0,-1825769,0,0,0,0,-2242457,-24527,-452922,-36234,0,-68,-2242457,-1789535,0,-1825769,0,0,0,0,-2242457,-24527,-452922,-36234,0
520,0.5199,0.51990001,0.51990003,0.519901,0.519901,25995001,25995002,-1043333,-1021484,1,0,1,0,0,-68,-2229239,-1825769,0,-1858047,0,0,0,0,-2229239,-21849,-403470,-32278,0,-68,-2229239,-1825769,0,-1858047,0,0,0,0,-2229239,-21849,-403470,-32278,0
521,0.5209,0.52090001,0.52090003,0.520901,0.520901,26045001,26045002,-1095762,-1074098,1,0,1,0,0,-69,-2258100,-1858047,0,-1890051,0,0,0,0,-2258100,-21664,-400053,-32004,0,-69,-2258100,-1858047,0,-1890051,0,0,0,0,-2258100,-21664,-400053,-32004,0
522,0.5219,0.52190001,0.52190003,0.521901,0.521901,26095001,26095002,-1148191,-1126675,1,0,1,0,0,-70,-2287371,-1890051,0,-1921837,0,0,0,0,-2287371,-21516,-397320,-31786,0,-70,-2287371,-1890051,0,-1921837,0,0,0,0,-2287371,-21516,-397320,-31786,0
523,0.5229,0.52290001,0.52290003,0.522901,0.522901,26145001,26145002,-1200620,-1184332,1,0,1,0,0,-68,-2222616,-1921837,0,-1945899,0,0,0,0,-2222616,-16288,-300779,-24062,0,-68,-2222616,-1921837,0,-1945899,0,0,0,0,-2222616,-16288,-300779,-24062,0
524,0.5239,0.52390001,0.52390003,0.523901,0.523901,26195001,26195002,-1253048,-1243868,1,0,1,0,0,-65,-2115419,-1945899,0,-1959461,0,0,0,0,-2115419,-9180,-169520,-13562,0,-65,-2115419,-1945899,0,-1959461,0,0,0,0,-2115419,-9180,-169520,-13562,0
525,0.5249,0.52490001,0.52490003,0.524901,0.524901,26245001,26245002,-1305477,-1292265,1,0,1,0,0,-67,-2203437,-1959461,0,-1978979,0,0,0,0,-2203437,-13212,-243976,-19518,0,-67,-2203437,-1959461,0,-1978979,0,0,0,0,-2203437,-13212,-243976,-19518,0
526,0.5259,0.52590001,0.52590003,0.525901,0.525901,26295001,26295002,-1357906,-1334005,1,0,1,0,0,-74,-2420342,-1978979,0,-2014288,0,0,0,0,-2420342,-23901,-441363,-35309,0,-74,-2420342,-1978979,0,-2014288,0,0,0,0,-2420342,-23901,-441363,-35309,0
527,0.5269,0.52690001,0.52690003,0.526901,0.526901,26345001,26345002,-1410335,-1377675,1,0,1,0,0,-80,-2617397,-2014288,0,-2062537,0,0,0,0,-2617397,-32660,-603109,-48249,0,-80,-2617397,-2014288,0,-2062537,0,0,0,0,-2617397,-32660,-603109,-48249,0
528,0.5279,0.52790001,0.52790003,0.527901,0.527901,26395001,26395002,-1462764,-1436402,1,0,1,0,0,-78,-2549345,-2062537,0,-2101482,0,0,0,0,-2549345,-26362,-486808,-38945,0,-78,-2549345,-2062537,0,-2101482,0,0,0,0,-2549345,-26362,-486808,-38945,0
529,0.5289,0.52890001,0.52890003,0.528901,0.528901,26445001,26445002,-1515192,-1497908,1,0,1,0,0,-74,-2420653,-2101482,0,-2127016,0,0,0,0,-2420653,-17284,-319171,-25534,0,-74,-2420653,-2101482,0,-2127016,0,0,0,0,-2420653,-17284,-319171,-25534,0
530,0.5299,0.52990001,0.52990003,0.529901,0.529901,26495001,26495002,-1567621,-1556971,1,0,1,0,0,-71,-2323682,-2127016,0,-2142749,0,0,0,0,-2323682,-10650,-196666,-15733,0,-71,-2323682,-2127016,0,-2142749,0,0,0,0,-2323682,-10650,-196666,-15733,0
531,0.5309,0.53090001,0.53090003,0.530901,0.530901,26545001,26545002,-1620050,-1612150,1,0,1,0,0,-70,-2288633,-2142749,0,-2154420,0,0,0,0,-2288633,-7900,-145884,-11671,0,-70,-2288633,-2142749,0,-2154420,0,0,0,0,-2288633,-7900,-145884,-11671,0
532,0.5319,0.53190001,0.53190003,0.531901,0.531901,26595001,26595002,-1672479,-1665490,1,0,1,0,0,-70,-2283481,-2154420,0,-2164745,0,0,0,0,-2283481,-6989,-129061,-10325,0,-70,-2283481,-2154420,0,-2164745,0,0,0,0,-2283481,-6989,-129061,-10325,0
533,0.5329,0.53290001,0.53290003,0.532901,0.532901,26645001,26645002,-1724908,-1727709,1,0,1,0,0,-64,-2113021,-2164745,0,-2160607,0,0,0,0,-2113021,2801,51724,4138,0,-64,-2113021,-2164745,0,-2160607,0,0,0,0,-2113021,2801,51724,4138,0
534,0.5339,0.53390001,0.53390003,0.533901,0.533901,26695001,26695002,-1777336,-1778856,1,0,1,0,0,-65,-2132538,-2160607,0,-2158362,0,0,0,0,-2132538,1520,28069,2245,0,-65,-2132538,-2160607,0,-2158362,0,0,0,0,-2132538,1520,28069,2245,0
535,0.5349,0.53490001,0.53490003,0.534901,0.534901,26745001,26745002,-1829765,-1828916,1,0,1,0,0,-66,-2174040,-2158362,0,-2159616,0,0,0,0,-2174040,-849,-15678,-1254,0,-66,-2174040,-2158362,0,-2159616,0,0,0,0,-2174040,-849,-15678,-1254,0
536,0.5359,0.53590001,0.53590003,0.535901,0.535901,26795001,26795002,-1882194,-1881895,1,0,1,0,0,-66,-2165137,-2159616,0,-2160058,0,0,0,0,-2165137,-299,-5521,-442,0,-66,-2165137,-2159616,0,-2160058,0,0,0,0,-2165137,-299,-5521,-442,0
537,0.5369,0.53690001,0.53690003,0.536901,0.536901,26845001,26845002,-1934623,-1932960,1,0,1,0,0,-67,-2190767,-2160058,0,-2162515,0,0,0,0,-2190767,-1663,-30709,-2457,0,-67,-2190767,-2160058,0,-2162515,0,0,0,0,-2190767,-1663,-30709,-2457,0
538,0.5379,0.53790001,0.53790003,0.537901,0.537901,26895001,26895002,-1987052,-1986146,1,0,1,0,0,-67,-2179245,-2162515,0,-2163853,0,0,0,0,-2179245,-906,-16730,-1338,0,-67,-2179245,-2162515,0,-2163853,0,0,0,0,-2179245,-906,-16730,-1338,0
539,0.5389,0.53890001,0.53890003,0.538901,0.538901,26945001,26945002,-2039480,-2038873,1,0,1,0,0,-66,-2175062,-2163853,0,-2164750,0,0,0,0,-2175062,-607,-11209,-897,0,-66,-2175062,-2163853,0,-2164750,0,0,0,0,-2175062,-607,-11209,-897,0
540,0.5399,0.53990001,0.53990003,0.539901,0.539901,26995001,26995002,-2091909,-2092127,1,0,1,0,0,-66,-2160724,-2164750,0,-2164428,0,0,0,0,-2160724,218,4026,322,0,-66,-2160724,-2164750,0,-2164428,0,0,0,0,-2160724,218,4026,322,0
541,0.5409,0.54090001,0.54090003,0.540901,0.540901,27045001,27045002,-2144338,-2144180,1,0,1,0,0,-66,-2167346,-2164428,0,-2164661,0,0,0,0,-2167346,-158,-2918,-233,0,-66,-2167346,-2164428,0,-2164661,0,0,0,0,-2167346,-158,-2918,-233,0
542,0.5419,0.54190001,0.54190003,0.541901,0.541901,27095001,27095002,-2196767,-2197988,1,0,1,0,0,-65,-2142114,-2164661,0,-2162857,0,0,0,0,-2142114,1221,22547,1804,0,-65,-2142114,-2164661,0,-2162857,0,0,0,0,-2142114,1221,22547,1804,0
543,0.5429,0.54290001,0.54290003,0.542901,0.542901,27145001,27145002,-2249196,-2247048,1,0,1,0,0,-67,-2202523,-2162857,0,-2166030,0,0,0,0,-2202523,-2148,-39666,-3173,0,-67,-2202523,-2162857,0,-2166030,0,0,0,0,-2202523,-2148,-39666,-3173,0
544,0.5439,0.54390001,0.54390003,0.543901,0.543901,27195001,27195002,-2301624,-2303228,1,0,1,0,0,-65,-2136410,-2166030,0,-2163660,0,0,0,0,-2136410,1604,29620,2370,0,-65,-2136410,-2166030,0,-2163660,0,0,0,0,-2136410,1604,29620,2370,0
545,0.5449,0.54490001,0.54490003,0.544901,0.544901,27245001,27245002,-2354053,-2354925,1,0,1,0,0,-66,-2147557,-2163660,0,-2162372,0,0,0,0,-2147557,872,16103,1288,0,-66,-2147557,-2163660,0,-2162372,0,0,0,0,-2147557,872,16103,1288,0
546,0.5459,0.54590001,0.54590003,0.545901,0.545901,27295001,27295002,-2406482,-2406260,1,0,1,0,0,-66,-2166472,-2162372,0,-2162700,0,0,0,0,-2166472,-222,-4100,-328,0,-66,-2166472,-2162372,0,-2162700,0,0,0,0,-2166472,-222,-4100,-328,0
547,0.5469,0.54690001,0.54690003,0.546901,0.546901,27345001,27345002,-2458911,-2459326,1,0,1,0,0,-66,-2155036,-2162700,0,-2162087,0,0,0,0,-2155036,415,7664,613,0,-66,-2155036,-2162700,0,-2162087,0,0,0,0,-2155036,415,7664,613,0
548,0.5479,0.54790001,0.54790003,0.547901,0.547901,27395001,27395002,-2511340,-2513020,1,0,1,0,0,-65,-2131064,-2162087,0,-2159605,0,0,0,0,-2131064,1680,31023,2482,0,-65,-2131064,-2162087,0,-2159605,0,0,0,0,-2131064,1680,31023,2482,0
549,0.5489,0.54890001,0.54890003,0.548901,0.548901,27445001,27445002,-2563768,-2564048,1,0,1,0,0,-66,-2154434,-2159605,0,-2159191,0,0,0,0,-2154434,280,5171,414,0,-66,-2154434,-2159605,0,-2159191,0,0,0,0,-2154434,280,5171,414,0
550,0.5499,0.54990001,0.54990003,0.549901,0.549901,27495001,27495002,-2616197,-2614615,1,0,1,0,0,-67,-2188405,-2159191,0,-2161528,0,0,0,0,-2188405,-1582,-29214,-2337,0,-67,-2188405,-2159191,0,-2161528,0,0,0,0,-2188405,-1582,-29214,-2337,0
551,0.5509,0.55090001,0.55090003,0.550901,0.550901,27545001,27545002,-2668626,-2668318,1,0,1,0,0,-66,-2167216,-2161528,0,-2161983,0,0,0,0,-2167216,-308,-5688,-455,0,-66,-2167216,-2161528,0,-2161983,0,0,0,0,-2167216,-308,-5688,-455,0
552,0.5519,0.55190001,0.55190003,0.551901,0.551901,27595001,27595002,-2721055,-2718491,1,0,1,0,0,-67,-2209331,-2161983,0,-2165771,0,0,0,0,-2209331,-2564,-47348,-3788,0,-67,-2209331,-2161983,0,-2165771,0,0,0,0,-2209331,-2564,-47348,-3788,0
553,0.5529,0.55290001,0.55290003,0.552901,0.552901,27645001,27645002,-2773484,-2774819,1,0,1,0,0,-65,-2141119,-2165771,0,-2163799,0,0,0,0,-2141119,1335,24652,1972,0,-65,-2141119,-2165771,0,-2163799,0,0,0,0,-2141119,1335,24652,1972,0
554,0.5539,0.55390001,0.55390003,0.553901,0.553901,27695001,27695002,-2825912,-2822804,1,0,1,0,0,-68,-2221192,-2163799,0,-2168390,0,0,0,0,-2221192,-3108,-57393,-4591,0,-68,-2221192,-2163799,0,-2168390,0,0,0,0,-2221192,-3108,-57393,-4591,0
555,0.5549,0.55490001,0.55490003,0.554901,0.554901,27745001,27745002,-2878341,-2867478,1,0,1,0,0,-72,-2368989,-2168390,0,-2184438,0,0,0,0,-2368989,-10863,-200599,-16048,0,-72,-2368989,-2168390,0,-2184438,0,0,0,0,-2368989,-10863,-200599,-16048,0
556,0.5559,0.55590001,0.55590003,0.555901,0.555901,27795001,27795002,-2930770,-2912709,1,0,1,0,0,-77,-2517957,-2184438,0,-2211120,0,0,0,0,-2517957,-18061,-333519,-26682,0,-77,-2517957,-2184438,0,-2211120,0,0,0,0,-2517957,-18061,-333519,-26682,0
557,0.5569,0.55690001,0.55690003,0.556901,0.556901,27845001,27845002,-2983199,-2968434,1,0,1,0,0,-76,-2483775,-2211120,0,-2232932,0,0,0,0,-2483775,-14765,-272655,-21812,0,-76,-2483775,-2211120,0,-2232932,0,0,0,0,-2483775,-14765,-272655,-21812,0
558,0.5579,0.55790001,0.55790003,0.557901,0.557901,27895001,27895002,-3035628,-3028692,1,0,1,0,0,-72,-2361014,-2232932,0,-2243179,0,0,0,0,-2361014,-6936,-128082,-10247,0,-72,-2361014,-2232932,0,-2243179,0,0,0,0,-2361014,-6936,-128082,-10247,0
559,0.5589,0.55890001,0.55890003,0.558901,0.558901,27945001,27945002,-3088056,-3085559,1,0,1,0,0,-70,-2289289,-2243179,0,-2246868,0,0,0,0,-2289289,-2497,-46110,-3689,0,-70,-2289289,-2243179,0,-2246868,0,0,0,0,-2289289,-2497,-46110,-3689,0
560,0.5599,0.55990001,0.55990003,0.559901,0.559901,27995001,27995002,-3140485,-3141730,1,0,1,0,0,-68,-2223877,-2246868,0,-2245029,0,0,0,0,-2223877,1245,22991,1839,0,-68,-2223877,-2246868,0,-2245029,0,0,0,0,-2223877,1245,22991,1839,0
561,0.5609,0.56090001,0.56090003,0.560901,0.560901,28045001,28045002,-3192914,-3194710,1,0,1,0,0,-68,-2211864,-2245029,0,-2242376,0,0,0,0,-2211864,1796,33165,2653,0,-68,-2211864,-2245029,0,-2242376,0,0,0,0,-2211864,1796,33165,2653,0
562,0.5619,0.56190001,0.56190003,0.561901,0.561901,28095001,28095002,-3245343,-3250102,1,0,1,0,0,-66,-2154495,-2242376,0,-2235346,0,0,0,0,-2154495,4759,87881,7030,0,-66,-2154495,-2242376,0,-2235346,0,0,0,0,-2154495,4759,87881,7030,0
563,0.5629,0.56290001,0.56290003,0.562901,0.562901,28145001,28145002,-3297772,-3305270,1,0,1,0,0,-64,-2096886,-2235346,0,-2224269,0,0,0,0,-2096886,7498,138460,11077,0,-64,-2096886,-2235346,0,-2224269,0,0,0,0,-2096886,7498,138460,11077,0
564,0.5639,0.56390001,0.56390003,0.563901,0.563901,28195001,28195002,-3350200,-3354726,1,0,1,0,0,-65,-2140691,-2224269,0,-2217583,0,0,0,0,-2140691,4526,83578,6686,0,-65,-2140691,-2224269,0,-2217583,0,0,0,0,-2140691,4526,83578,6686,0
565,0.5649,0.56490001,0.56490003,0.564901,0.564901,28245001,28245002,-3402629,-3407042,1,0,1,0,0,-65,-2136091,-2217583,0,-2211064,0,0,0,0,-2136091,4413,81492,6519,0,-65,-2136091,-2217583,0,-2211064,0,0,0,0,-2136091,4413,81492,6519,0
566,0.5659,0.56590001,0.56590003,0.565901,0.565901,28295001,28295002,-3455058,-3460621,1,0,1,0,0,-64,-2108336,-2211064,0,-2202846,0,0,0,0,-2108336,5563,102728,8218,0,-64,-2108336,-2211064,0,-2202846,0,0,0,0,-2108336,5563,102728,8218,0
567,0.5669,0.56690001,0.56690003,0.566901,0.566901,28345001,28345002,-3507487,-3511592,1,0,1,0,0,-65,-2127042,-2202846,0,-2196782,0,0,0,0,-2127042,4105,75804,6064,0,-65,-2127042,-2202846,0,-2196782,0,0,0,0,-2127042,4105,75804,6064,0
568,0.5679,0.56790001,0.56790003,0.567901,0.567901,28395001,28395002,-3559916,-3561466,1,0,1,0,0,-66,-2168159,-2196782,0,-2194492,0,0,0,0,-2168159,1550,28623,2290,0,-66,-2168159,-2196782,0,-2194492,0,0,0,0,-2168159,1550,28623,2290,0
569,0.5689,0.56890001,0.56890003,0.568901,0.568901,28445001,28445002,-3612344,-3612677,1,0,1,0,0,-67,-2188343,-2194492,0,-2194000,0,0,0,0,-2188343,333,6149,492,0,-67,-2188343,-2194492,0,-2194000,0,0,0,0,-2188343,333,6149,492,0
570,0.5699,0.56990001,0.56990003,0.569901,0.569901,28495001,28495002,-3664773,-3664556,1,0,1,0,0,-67,-2198007,-2194000,0,-2194321,0,0,0,0,-2198007,-217,-4007,-321,0,-67,-2198007,-2194000,0,-2194321,0,0,0,0,-2198007,-217,-4007,-321,0
571,0.5709,0.57090001,0.57090003,0.570901,0.570901,28545001,28545002,-3717202,-3719832,1,0,1,0,0,-65,-2145755,-2194321,0,-2190436,0,0,0,0,-2145755,2630,48566,3885,0,-65,-2145755,-2194321,0,-2190436,0,0,0,0,-2145755,2630,48566,3885,0
572,0.5719,0.57190001,0.57190003,0.571901,0.571901,28595001,28595002,-3769631,-3770178,1,0,1,0,0,-67,-2180335,-2190436,0,-2189628,0,0,0,0,-2180335,547,10101,808,0,-67,-2180335,-2190436,0,-2189628,0,0,0,0,-2180335,547,10101,808,0
573,0.5729,0.57290001,0.57290003,0.572901,0.572901,28645001,28645002,-3822060,-3820107,1,0,1,0,0,-68,-2225693,-2189628,0,-2192513,0,0,0,0,-2225693,-1953,-36065,-2885,0,-68,-2225693,-2189628,0,-2192513,0,0,0,0,-2225693,-1953,-36065,-2885,0
574,0.5739,0.57390001,0.57390003,0.573901,0.573901,28695001,28695002,-3874488,-3877792,1,0,1,0,0,-65,-2131500,-2192513,0,-2187632,0,0,0,0,-2131500,3304,61013,4881,0,-65,-2131500,-2192513,0,-2187632,0,0,0,0,-2131500,3304,61013,4881,0
575,0.5749,0.57490001,0.57490003,0.574901,0.574901,28745001,28745002,-3926917,-3931252,1,0,1,0,0,-64,-2107581,-2187632,0,-2181228,0,0,0,0,-2107581,4335,80051,6404,0,-64,-2107581,-2187632,0,-2181228,0,0,0,0,-2107581,4335,80051,6404,0
576,0.5759,0.57590001,0.57590003,0.575901,0.575901,28795001,28795002,-3979346,-3981963,1,0,1,0,0,-65,-2132902,-2181228,0,-2177362,0,0,0,0,-2132902,2617,48326,3866,0,-65,-2132902,-2181228,0,-2177362,0,0,0,0,-2132902,2617,48326,3866,0
577,0.5769,0.57690001,0.57690003,0.576901,0.576901,28845001,28845002,-4031775,-4032897,1,0,1,0,0,-66,-2156643,-2177362,0,-2175704,0,0,0,0,-2156643,1122,20719,1658,0,-66,-2156643,-2177362,0,-2175704,0,0,0,0,-2156643,1122,20719,1658,0
578,0.5779,0.57790001,0.57790003,0.577901,0.577901,28895001,28895002,-4084204,-4086492,1,0,1,0,0,-65,-2133453,-2175704,0,-2172324,0,0,0,0,-2133453,2288,42251,3380,0,-65,-2133453,-2175704,0,-2172324,0,0,0,0,-2133453,2288,42251,3380,0
579,0.5789,0.57890001,0.57890003,0.578901,0.578901,28945001,28945002,-4136632,-4136875,1,0,1,0,0,-66,-2167837,-2172324,0,-2171965,0,0,0,0,-2167837,243,4487,359,0,-66,-2167837,-2172324,0,-2171965,0,0,0,0,-2167837,243,4487,359,0
580,0.5799,0.57990001,0.57990003,0.579901,0.579901,28995001,28995002,-4189061,-4188096,1,0,1,0,0,-67,-2189785,-2171965,0,-2173391,0,0,0,0,-2189785,-965,-17820,-1426,0,-67,-2189785,-2171965,0,-2173391,0,0,0,0,-2189785,-965,-17820,-1426,0
581,0.5809,0.58090001,0.58090003,0.580901,0.580901,29045001,29045002,-4241490,-4241059,1,0,1,0,0,-67,-2181350,-2173391,0,-2174028,0,0,0,0,-2181350,-431,-7959,-637,0,-67,-2181350,-2173391,0,-2174028,0,0,0,0,-2181350,-431,-7959,-637,0
582,0.5819,0.58190001,0.58190003,0.581901,0.581901,29095001,29095002,-4293919,-4292140,1,0,1,0,0,-67,-2206880,-2174028,0,-2176656,0,0,0,0,-2206880,-1779,-32852,-2628,0,-67,-2206880,-2174028,0,-2176656,0,0,0,0,-2206880,-1779,-32852,-2628,0
583,0.5829,0.58290001,0.58290003,0.582901,0.582901,29145001,29145002,-4346348,-4351473,1,0,1,0,0,-64,-2082016,-2176656,0,-2169085,0,0,0,0,-2082016,5125,94640,7571,0,-64,-2082016,-2176656,0,-2169085,0,0,0,0,-2082016,5125,94640,7571,0
584,0.5839,0.58390001,0.58390003,0.583901,0.583901,29195001,29195002,-4398776,-4394291,1,0,1,0,0,-69,-2251906,-2169085,0,-2175711,0,0,0,0,-2251906,-4485,-82821,-6626,0,-69,-2251906,-2169085,0,-2175711,0,0,0,0,-2251906,-4485,-82821,-6626,0
585,0.5849,0.58490001,0.58490003,0.584901,0.584901,29245001,29245002,-4451205,-4444871,1,0,1,0,0,-70,-2292676,-2175711,0,-2185068,0,0,0,0,-2292676,-6334,-116965,-9357,0,-70,-2292676,-2175711,0,-2185068,0,0,0,0,-2292676,-6334,-116965,-9357,0
586,0.5859,0.58590001,0.58590003,0.585901,0.585901,29295001,29295002,-4503634,-4492275,1,0,1,0,0,-73,-2394826,-2185068,0,-2201849,0,0,0,0,-2394826,-11359,-209758,-16781,0,-73,-2394826,-2185068,0,-2201849,0,0,0,0,-2394826,-11359,-209758,-16781,0
587,0.5869,0.58690001,0.58690003,0.586901,0.586901,29345001,29345002,-4556063,-4540384,1,0,1,0,0,-76,-2491382,-2201849,0,-2225012,0,0,0,0,-2491382,-15679,-289533,-23163,0,-76,-2491382,-2201849,0,-2225012,0,0,0,0,-2491382,-15679,-289533,-23163,0
588,0.5879,0.58790001,0.58790003,0.587901,0.587901,29395001,29395002,-4608492,-4597975,1,0,1,0,0,-74,-2419222,-2225012,0,-2240549,0,0,0,0,-2419222,-10517,-194210,-15537,0,-74,-2419222,-2225012,0,-2240549,0,0,0,0,-2419222,-10517,-194210,-15537,0
589,0.5889,0.58890001,0.58890003,0.588901,0.588901,29445001,29445002,-4660920,-4656150,1,0,1,0,0,-71,-2328633,-2240549,0,-2247596,0,0,0,0,-2328633,-4770,-88084,-7047,0,-71,-2328633,-2240549,0,-2247596,0,0,0,0,-2328633,-4770,-88084,-7047,0
590,0.5899,0.58990001,0.58990003,0.589901,0.589901,29495001,29495002,-4713349,-4711405,1,0,1,0,0,-70,-2283494,-2247596,0,-2250468,0,0,0,0,-2283494,-1944,-35898,-2872,0,-70,-2283494,-2247596,0,-2250468,0,0,0,0,-2283494,-1944,-35898,-2872,0
591,0.5909,0.59090001,0.59090003,0.590901,0.590901,29545001,29545002,-4765778,-4768203,1,0,1,0,0,-67,-2205687,-2250468,0,-2246886,0,0,0,0,-2205687,2425,44781,3582,0,-67,-2205687,-2250468,0,-2246886,0,0,0,0,-2205687,2425,44781,3582,0
592,0.5919,0.59190001,0.59190003,0.591901,0.591901,29595001,29595002,-4818207,-4820000,1,0,1,0,0,-68,-2213776,-2246886,0,-2244237,0,0,0,0,-2213776,1793,33110,2649,0,-68,-2213776,-2246886,0,-2244237,0,0,0,0,-2213776,1793,33110,2649,0
593,0.5929,0.59290001,0.59290003,0.592901,0.592901,29645001,29645002,-4870636,-4876645,1,0,1,0,0,-65,-2133273,-2244237,0,-2235360,0,0,0,0,-2133273,6009,110964,8877,0,-65,-2133273,-2244237,0,-2235360,0,0,0,0,-2133273,6009,110964,8877,0
594,0.5939,0.59390001,0.59390003,0.593901,0.593901,29695001,29695002,-4923064,-4928030,1,0,1,0,0,-65,-2143656,-2235360,0,-2228024,0,0,0,0,-2143656,4966,91704,7336,0,-65,-2143656,-2235360,0,-2228024,0,0,0,0,-2143656,4966,91704,7336,0
595,0.5949,0.59490001,0.59490003,0.594901,0.594901,29745001,29745002,-4975493,-4982240,1,0,1,0,0,-64,-2103432,-2228024,0,-2218057,0,0,0,0,-2103432,6747,124592,9967,0,-64,-2103432,-2228024,0,-2218057,0,0,0,0,-2103432,6747,124592,9967,0
596,0.5959,0.59590001,0.59590003,0.595901,0.595901,29795001,29795002,-5027922,-5033452,1,0,1,0,0,-65,-2115938,-2218057,0,-2209888,0,0,0,0,-2115938,5530,102119,8169,0,-65,-2115938,-2218057,0,-2209888,0,0,0,0,-2115938,5530,102119,8169,0
597,0.5969,0.59690001,0.59690003,0.596901,0.596901,29845001,29845002,-5080351,-5086064,1,0,1,0,0,-64,-2104390,-2209888,0,-2201448,0,0,0,0,-2104390,5713,105498,8440,0,-64,-2104390,-2209888,0,-2201448,0,0,0,0,-2104390,5713,105498,8440,0
598,0.5979,0.59790001,0.59790003,0.597901,0.597901,29895001,29895002,-5132780,-5134138,1,0,1,0,0,-66,-2176371,-2201448,0,-2199442,0,0,0,0,-2176371,1358,25077,2006,0,-66,-2176371,-2201448,0,-2199442,0,0,0,0,-2176371,1358,25077,2006,0
599,0.5989,0.59890001,0.59890003,0.598901,0.598901,29945001,29945002,-5185208,-5191532,1,0,1,0,0,-64,-2082661,-2199442,0,-2190100,0,0,0,0,-2082661,6324,116781,9342,0,-64,-2082661,-2199442,0,-2190100,0,0,0,0,-2082661,6324,116781,9342,0
600,0.5999,0.59990001,0.59990003,0.599901,0.599901,29995001,29995002,-5237637,-5236024,1,0,1,0,0,-68,-2219886,-2190100,0,-2192483,0,0,0,0,-2219886,-1613,-29786,-2383,0,-68,-2219886,-2190100,0,-2192483,0,0,0,0,-2219886,-1613,-29786,-2383,0
601,0.6009,0.60090001,0.60090003,0.600901,0.600901,30045001,30045002,-5242880,-5292129,1,0,1,0,0,-39,-1283037,-2192483,0,-2119727,0,0,0,0,-1283037,49249,909446,72756,0,-39,-1283037,-2192483,0,-2119727,0,0,0,0,-1283037,49249,909446,72756,0
602,0.6019,0.60190001,0.60190003,0.601901,0.601901,30095001,30095002,-5242880,-5325009,1,0,1,0,0,-18,-603110,-2119727,0,-1998398,0,0,0,0,-603110,82129,1516617,121329,0,-18,-603110,-2119727,0,-1998398,0,0,0,0,-603110,82129,1516617,121329,0
603,0.6029,0.60290001,0.60290003,0.602901,0.602901,30145001,30145002,-5242880,-5345750,1,0,1,0,0,-3,-98772,-1998398,0,-1846428,0,0,0,0,-98772,102870,1899626,151970,0,-3,-98772,-1998398,0,-1846428,0,0,0,0,-98772,102870,1899626,151970,0
604,0.6039,0.60390001,0.60390003,0.603901,0.603901,30195001,30195002,-5242880,-5350931,1,0,1,0,0,5,148872,-1846428,0,-1686804,0,0,0,0,148872,108051,1995300,159624,0,5,148872,-1846428,0,-1686804,0,0,0,0,148872,108051,1995300,159624,0
605,0.6049,0.60490001,0.60490003,0.604901,0.604901,30245001,30245002,-5242880,-5349026,1,0,1,0,0,8,273318,-1686804,0,-1529994,0,0,0,0,273318,106146,1960122,156810,0,8,273318,-1686804,0,-1529994,0,0,0,0,273318,106146,1960122,156810,0
606,0.6059,0.60590001,0.60590003,0.605901,0.605901,30295001,30295002,-5242880,-5341583,1,0,1,0,0,9,292683,-1529994,0,-1384180,0,0,0,0,292683,98703,1822677,145814,0,9,292683,-1529994,0,-1384180,0,0,0,0,292683,98703,1822677,145814,0
607,0.6069,0.60690001,0.60690003,0.606901,0.606901,30345001,30345002,-5242880,-5335440,1,0,1,0,0,10,325059,-1384180,0,-1247441,0,0,0,0,325059,92560,1709239,136739,0,10,325059,-1384180,0,-1247441,0,0,0,0,325059,92560,1709239,136739,0
608,0.6079,0.60790001,0.60790003,0.607901,0.607901,30395001,30395002,-5242880,-5329489,1,0,1,0,0,11,351905,-1247441,0,-1119493,0,0,0,0,351905,86609,1599346,127948,0,11,351905,-1247441,0,-1119493,0,0,0,0,351905,86609,1599346,127948,0
609,0.6089,0.60890001,0.60890003,0.608901,0.608901,30445001,30445002,-5242880,-5319437,1,0,1,0,0,9,294230,-1119493,0,-1006395,0,0,0,0,294230,76557,1413723,113098,0,9,294230,-1119493,0,-1006395,0,0,0,0,294230,76557,1413723,113098,0
610,0.6099,0.60990001,0.60990003,0.609901,0.609901,30495001,30495002,-5242880,-5312007,1,0,1,0,0,8,270123,-1006395,0,-904274,0,0,0,0,270123,69127,1276518,102121,0,8,270123,-1006395,0,-904274,0,0,0,0,270123,69127,1276518,102121,0
611,0.6109,0.61090001,0.61090003,0.610901,0.610901,30545001,30545002,-5242880,-5308193,1,0,1,0,0,9,301814,-904274,0,-807787,0,0,0,0,301814,65313,1206088,96487,0,9,301814,-904274,0,-807787,0,0,0,0,301814,65313,1206088,96487,0
612,0.6119,0.61190001,0.61190003,0.611901,0.611901,30595001,30595002,-5242880,-5296572,1,0,1,0,0,6,183704,-807787,0,-728468,0,0,0,0,183704,53692,991491,79319,0,6,183704,-807787,0,-728468,0,0,0,0,183704,53692,991491,79319,0
613,0.6129,0.61290001,0.61290003,0.612901,0.612901,30645001,30645002,-5242880,-5290144,1,0,1,0,0,4,144322,-728468,0,-658645,0,0,0,0,144322,47264,872790,69823,0,4,144322,-728468,0,-658645,0,0,0,0,144322,47264,872790,69823,0
614,0.6139,0.61390001,0.61390003,0.613901,0.613901,30695001,30695002,-5242880,-5286820,1,0,1,0,0,5,152763,-658645,0,-593732,0,0,0,0,152763,43940,811408,64913,0,5,152763,-658645,0,-593732,0,0,0,0,152763,43940,811408,64913,0
615,0.6149,0.61490001,0.61490003,0.614901,0.614901,30745001,30745002,-5242880,-5282105,1,0,1,0,0,4,130608,-593732,0,-535785,0,0,0,0,130608,39225,724340,57947,0,4,130608,-593732,0,-535785,0,0,0,0,130608,39225,724340,57947,0
616,0.6159,0.61590001,0.61590003,0.615901,0.615901,30795001,30795002,-5242880,-5283324,1,0,1,0,0,6,211065,-535785,0,-476037,0,0,0,0,211065,40444,746850,59748,0,6,211065,-535785,0,-476037,0,0,0,0,211065,40444,746850,59748,0
617,0.6169,0.61690001,0.61690003,0.616901,0.616901,30845001,30845002,-5242880,-5277828,1,0,1,0,0,5,169322,-476037,0,-424408,0,0,0,0,169322,34948,645359,51629,0,5,169322,-476037,0,-424408,0,0,0,0,169322,34948,645359,51629,0
618,0.6179,0.61790001,0.61790003,0.617901,0.617901,30895001,30895002,-5242880,-5271795,1,0,1,0,0,3,109544,-424408,0,-381692,0,0,0,0,109544,28915,533952,42716,0,3,109544,-424408,0,-381692,0,0,0,0,109544,28915,533952,42716,0
619,0.6189,0.61890001,0.61890003,0.618901,0.618901,30945001,30945002,-5242880,-5273371,1,0,1,0,0,6,181363,-381692,0,-336648,0,0,0,0,181363,30491,563055,45044,0,6,181363,-381692,0,-336648,0,0,0,0,181363,30491,563055,45044,0
620,0.6199,0.61990001,0.61990003,0.619901,0.619901,30995001,30995002,-5242880,-5266605,1,0,1,0,0,3,101464,-336648,0,-301599,0,0,0,0,101464,23725,438112,35049,0,3,101464,-336648,0,-301599,0,0,0,0,101464,23725,438112,35049,0
621,0.6209,0.62090001,0.62090003,0.620901,0.620901,31045001,31045002,-5242880,-5264272,1,0,1,0,0,3,93432,-301599,0,-269997,0,0,0,0,93432,21392,395031,31602,0,3,93432,-301599,0,-269997,0,0,0,0,93432,21392,395031,31602,0
622,0.6219,0.62190001,0.62190003,0.621901,0.621901,31095001,31095002,-5242880,-5260484,1,0,1,0,0,2,55083,-269997,0,-243991,0,0,0,0,55083,17604,325080,26006,0,2,55083,-269997,0,-243991,0,0,0,0,55083,17604,325080,26006,0
623,0.6229,0.62290001,0.62290003,0.622901,0.622901,31145001,31145002,-5242880,-5259420,1,0,1,0,0,2,61441,-243991,0,-219556,0,0,0,0,61441,16540,305432,24435,0,2,61441,-243991,0,-219556,0,0,0,0,61441,16540,305432,24435,0
624,0.6239,0.62390001,0.62390003,0.623901,0.623901,31195001,31195002,-5242880,-5258498,1,0,1,0,0,2,68850,-219556,0,-196483,0,0,0,0,68850,15618,288406,23073,0,2,68850,-219556,0,-196483,0,0,0,0,68850,15618,288406,23073,0
625,0.6249,0.62490001,0.62490003,0.624901,0.624901,31245001,31245002,-5242880,-5255972,1,0,1,0,0,1,45278,-196483,0,-177142,0,0,0,0,45278,13092,241761,19341,0,1,45278,-196483,0,-177142,0,0,0,0,45278,13092,241761,19341,0
626,0.6259,0.62590001,0.62590003,0.625901,0.625901,31295001,31295002,-5242880,-5255897,1,0,1,0,0,2,63234,-177142,0,-157912,0,0,0,0,63234,13017,240376,19230,0,2,63234,-177142,0,-157912,0,0,0,0,63234,13017,240376,19230,0
627,0.6269,0.62690001,0.62690003,0.626901,0.626901,31345001,31345002,-5242880,-5253495,1,0,1,0,0,1,38108,-157912,0,-142230,0,0,0,0,38108,10615,196020,15682,0,1,38108,-157912,0,-142230,0,0,0,0,38108,10615,196020,15682,0
628,0.6279,0.62790001,0.62790003,0.627901,0.627901,31395001,31395002,-5242880,-5254121,1,0,1,0,0,2,65349,-142230,0,-125624,0,0,0,0,65349,11241,207579,16606,0,2,65349,-142230,0,-125624,0,0,0,0,65349,11241,207579,16606,0
629,0.6289,0.62890001,0.62890003,0.628901,0.628901,31445001,31445002,-5242880,-5249845,1,0,1,0,0,0,2994,-125624,0,-115335,0,0,0,0,2994,6965,128618,10289,0,0,2994,-125624,0,-115335,0,0,0,0,2994,6965,128618,10289,0
630,0.6299,0.62990001,0.62990003,0.629901,0.629901,31495001,31495002,-5242880,-5251034,1,0,1,0,0,1,35239,-115335,0,-103289,0,0,0,0,35239,8154,150574,12046,0,1,35239,-115335,0,-103289,0,0,0,0,35239,8154,150574,12046,0
631,0.6309,0.63090001,0.63090003,0.630901,0.630901,31545001,31545002,-5242880,-5252225,1,0,1,0,0,2,69278,-103289,0,-89484,0,0,0,0,69278,9345,172567,13805,0,2,69278,-103289,0,-89484,0,0,0,0,69278,9345,172567,13805,0
632,0.6319,0.63190001,0.63190003,0.631901,0.631901,31595001,31595002,-5242880,-5250285,1,0,1,0,0,1,47259,-89484,0,-78545,0,0,0,0,47259,7405,136743,10939,0,1,47259,-89484,0,-78545,0,0,0,0,47259,7405,136743,10939,0
633,0.6329,0.63290001,0.63290003,0.632901,0.632901,31645001,31645002,-5242880,-5249533,1,0,1,0,0,1,44311,-78545,0,-68717,0,0,0,0,44311,6653,122856,9828,0,1,44311,-78545,0,-68717,0,0,0,0,44311,6653,122856,9828,0
634,0.6339,0.63390001,0.63390003,0.633901,0.633901,31695001,31695002,-5242880,-5248689,1,0,1,0,0,1,38554,-68717,0,-60135,0,0,0,0,38554,5809,107271,8582,0,1,38554,-68717,0,-60135,0,0,0,0,38554,5809,107271,8582,0
635,0.6349,0.63490001,0.63490003,0.634901,0.634901,31745001,31745002,-5242880,-5246020,1,0,1,0,0,0,-2151,-60135,0,-55496,0,0,0,0,-2151,3140,57984,4639,0,0,-2151,-60135,0,-55496,0,0,0,0,-2151,3140,57984,4639,0
636,0.6359,0.63590001,0.63590003,0.635901,0.635901,31795001,31795002,-5242880,-5251061,1,0,1,0,0,3,95577,-55496,0,-43410,0,0,0,0,95577,8181,151073,12086,0,3,95577,-55496,0,-43410,0,0,0,0,95577,8181,151073,12086,0
637,0.6369,0.63690001,0.63690003,0.636901,0.636901,31845001,31845002,-5242880,-5246207,1,0,1,0,0,1,18027,-43410,0,-38495,0,0,0,0,18027,3327,61437,4915,0,1,18027,-43410,0,-38495,0,0,0,0,18027,3327,61437,4915,0
638,0.6379,0.63790001,0.63790003,0.637901,0.637901,31895001,31895002,-5242880,-5243712,1,0,1,0,0,-1,-23131,-38495,0,-37266,0,0,0,0,-23131,832,15364,1229,0,-1,-23131,-38495,0,-37266,0,0,0,0,-23131,832,15364,1229,0
639,0.6389,0.63890001,0.63890003,0.638901,0.638901,31945001,31945002,-5242880,-5243061,1,0,1,0,0,-1,-33924,-37266,0,-36999,0,0,0,0,-33924,181,3342,267,0,-1,-33924,-37266,0,-36999,0,0,0,0,-33924,181,3342,267,0
640,0.6399,0.63990001,0.63990003,0.639901,0.639901,31995001,31995002,-5242880,-5248308,1,0,1,0,0,2,63236,-36999,0,-28980,0,0,0,0,63236,5428,100235,8019,0,2,63236,-36999,0,-28980,0,0,0,0,63236,5428,100235,8019,0
641,0.6409,0.64090001,0.64090003,0.640901,0.640901,32045001,32045002,-5242880,-5242114,1,0,1,0,0,-1,-43125,-28980,0,-30112,0,0,0,0,-43125,-766,-14145,-1132,0,-1,-43125,-28980,0,-30112,0,0,0,0,-43125,-766,-14145,-1132,0
642,0.6419,0.64190001,0.64190003,0.641901,0.641901,32095001,32095002,-5242880,-5246772,1,0,1,0,0,1,41759,-30112,0,-24362,0,0,0,0,41759,3892,71871,5750,0,1,41759,-30112,0,-24362,0,0,0,0,41759,3892,71871,5750,0
643,0.6429,0.64290001,0.64290003,0.642901,0.642901,32145001,32145002,-5242880,-5242703,1,0,1,0,0,-1,-27631,-24362,0,-24623,0,0,0,0,-27631,-177,-3269,-261,0,-1,-27631,-24362,0,-24623,0,0,0,0,-27631,-177,-3269,-261,0
644,0.6439,0.64390001,0.64390003,0.643901,0.643901,32195001,32195002,-5242880,-5245152,1,0,1,0,0,1,17332,-24623,0,-21267,0,0,0,0,17332,2272,41955,3356,0,1,17332,-24623,0,-21267,0,0,0,0,17332,2272,41955,3356,0
645,0.6449,0.64490001,0.64490003,0.644901,0.644901,32245001,32245002,-5242880,-5245533,1,0,1,0,0,1,27724,-21267,0,-17348,0,0,0,0,27724,2653,48991,3919,0,1,27724,-21267,0,-17348,0,0,0,0,27724,2653,48991,3919,0
646,0.6459,0.64590001,0.64590003,0.645901,0.645901,32295001,32295002,-5242880,-5245093,1,0,1,0,0,1,23518,-17348,0,-14079,0,0,0,0,23518,2213,40866,3269,0,1,23518,-17348,0,-14079,0,0,0,0,23518,2213,40866,3269,0
647,0.6469,0.64690001,0.64690003,0.646901,0.646901,32345001,32345002,-5242880,-5243919,1,0,1,0,0,0,5107,-14079,0,-12544,0,0,0,0,5107,1039,19186,1535,0,0,5107,-14079,0,-12544,0,0,0,0,5107,1039,19186,1535,0
648,0.6479,0.64790001,0.64790003,0.647901,0.647901,32395001,32395002,-5242880,-5242288,1,0,1,0,0,-1,-23476,-12544,0,-13419,0,0,0,0,-23476,-592,-10932,-875,0,-1,-23476,-12544,0,-13419,0,0,0,0,-23476,-592,-10932,-875,0
649,0.6489,0.64890001,0.64890003,0.648901,0.648901,32445001,32445002,-5242880,-5245514,1,0,1,0,0,1,35221,-13419,0,-9528,0,0,0,0,35221,2634,48640,3891,0,1,35221,-13419,0,-9528,0,0,0,0,35221,2634,48640,3891,0
650,0.6499,0.64990001,0.64990003,0.649901,0.649901,32495001,32495002,-5242880,-5242202,1,0,1,0,0,-1,-22048,-9528,0,-10530,0,0,0,0,-22048,-678,-12520,-1002,0,-1,-22048,-9528,0,-10530,0,0,0,0,-22048,-678,-12520,-1002,0
651,0.6509,0.65090001,0.65090003,0.650901,0.650901,32545001,32545002,-5242880,-5244389,1,0,1,0,0,1,17336,-10530,0,-8301,0,0,0,0,17336,1509,27866,2229,0,1,17336,-10530,0,-8301,0,0,0,0,17336,1509,27866,2229,0
652,0.6519,0.65190001,0.65190003,0.651901,0.651901,32595001,32595002,-5242880,-5243884,1,0,1,0,0,0,10239,-8301,0,-6818,0,0,0,0,10239,1004,18540,1483,0,0,10239,-8301,0,-6818,0,0,0,0,10239,1004,18540,1483,0
653,0.6529,0.65290001,0.65290003,0.652901,0.652901,32645001,32645002,-5242880,-5241299,1,0,1,0,0,-1,-36013,-6818,0,-9154,0,0,0,0,-36013,-1581,-29195,-2336,0,-1,-36013,-6818,0,-9154,0,0,0,0,-36013,-1581,-29195,-2336,0
654,0.6539,0.65390001,0.65390003,0.653901,0.653901,32695001,32695002,-5242880,-5243650,1,0,1,0,0,0,5065,-9154,0,-8016,0,0,0,0,5065,770,14219,1138,0,0,5065,-9154,0,-8016,0,0,0,0,5065,770,14219,1138,0
655,0.6549,0.65490001,0.65490003,0.654901,0.654901,32745001,32745002,-5242880,-5243299,1,0,1,0,0,0,-279,-8016,0,-7397,0,0,0,0,-279,419,7737,619,0,0,-279,-8016,0,-7397,0,0,0,0,-279,419,7737,619,0
656,0.6559,0.65590001,0.65590003,0.655901,0.655901,32795001,32795002,-5242880,-5244229,1,0,1,0,0,1,17514,-7397,0,-5404,0,0,0,0,17514,1349,24911,1993,0,1,17514,-7397,0,-5404,0,0,0,0,17514,1349,24911,1993,0
657,0.6569,0.65690001,0.65690003,0.656901,0.656901,32845001,32845002,-5242880,-5243286,1,0,1,0,0,0,2093,-5404,0,-4804,0,0,0,0,2093,406,7497,600,0,0,2093,-5404,0,-4804,0,0,0,0,2093,406,7497,600,0
658,0.6579,0.65790001,0.65790003,0.657901,0.657901,32895001,32895002,-5242880,-5241438,1,0,1,0,0,-1,-31432,-4804,0,-6934,0,0,0,0,-31432,-1442,-26628,-2130,0,-1,-31432,-4804,0,-6934,0,0,0,0,-31432,-1442,-26628,-2130,0
659,0.6589,0.65890001,0.65890003,0.658901,0.658901,32945001,32945002,-5242880,-5244591,1,0,1,0,0,1,24662,-6934,0,-4406,0,0,0,0,24662,1711,31596,2528,0,1,24662,-6934,0,-4406,0,0,0,0,24662,1711,31596,2528,0
660,0.6599,0.65990001,0.65990003,0.659901,0.659901,32995001,32995002,-5242880,-5241120,1,0,1,0,0,-1,-36907,-4406,0,-7006,0,0,0,0,-36907,-1760,-32501,-2600,0,-1,-36907,-4406,0,-7006,0,0,0,0,-36907,-1760,-32501,-2600,0
661,0.6609,0.66090001,0.66090003,0.660901,0.660901,33045001,33045002,-5242880,-5239714,1,0,1,0,0,-2,-65470,-7006,0,-11683,0,0,0,0,-65470,-3166,-58464,-4677,0,-2,-65470,-7006,0,-11683,0,0,0,0,-65470,-3166,-58464,-4677,0
662,0.6619,0.66190001,0.66190003,0.661901,0.661901,33095001,33095002,-5242880,-5245228,1,0,1,0,0,1,31676,-11683,0,-8214,0,0,0,0,31676,2348,43359,3469,0,1,31676,-11683,0,-8214,0,0,0,0,31676,2348,43359,3469,0
663,0.6629,0.66290001,0.66290003,0.662901,0.662901,33145001,33145002,-5242880,-5243870,1,0,1,0,0,0,10068,-8214,0,-6751,0,0,0,0,10068,990,18282,1463,0,0,10068,-8214,0,-6751,0,0,0,0,10068,990,18282,1463,0
664,0.6639,0.66390001,0.66390003,0.663901,0.663901,33195001,33195002,-5242880,-5241505,1,0,1,0,0,-1,-32142,-6751,0,-8782,0,0,0,0,-32142,-1375,-25391,-2031,0,-1,-32142,-6751,0,-8782,0,0,0,0,-32142,-1375,-25391,-2031,0
665,0.6649,0.66490001,0.66490003,0.664901,0.664901,33245001,33245002,-5242880,-5246179,1,0,1,0,0,2,52138,-8782,0,-3908,0,0,0,0,52138,3299,60920,4874,0,2,52138,-8782,0,-3908,0,0,0,0,52138,3299,60920,4874,0
666,0.6659,0.66590001,0.66590003,0.665901,0.665901,33295001,33295002,-5242880,-5242210,1,0,1,0,0,0,-16280,-3908,0,-4898,0,0,0,0,-16280,-670,-12372,-990,0,0,-16280,-3908,0,-4898,0,0,0,0,-16280,-670,-12372,-990,0
667,0.6669,0.66690001,0.66690003,0.666901,0.666901,33345001,33345002,-5242880,-5242005,1,0,1,0,0,-1,-21056,-4898,0,-6191,0,0,0,0,-21056,-875,-16158,-1293,0,-1,-21056,-4898,0,-6191,0,0,0,0,-21056,-875,-16158,-1293,0
668,0.6679,0.66790001,0.66790003,0.667901,0.667901,33395001,33395002,-5242880,-5244143,1,0,1,0,0,1,17132,-6191,0,-4325,0,0,0,0,17132,1263,23323,1866,0,1,17132,-6191,0,-4325,0,0,0,0,17132,1263,23323,1866,0
669,0.6689,0.66890001,0.66890003,0.668901,0.668901,33445001,33445002,-5242880,-5241332,1,0,1,0,0,-1,-32911,-4325,0,-6612,0,0,0,0,-32911,-1548,-28586,-2287,0,-1,-32911,-4325,0,-6612,0,0,0,0,-32911,-1548,-28586,-2287,0
670,0.6699,0.66990001,0.66990003,0.669901,0.669901,33495001,33495002,-5242880,-5240850,1,0,1,0,0,-1,-44099,-6612,0,-9611,0,0,0,0,-44099,-2030,-37487,-2999,0,-1,-44099,-6612,0,-9611,0,0,0,0,-44099,-2030,-37487,-2999,0
671,0.6709,0.67090001,0.67090003,0.670901,0.670901,33545001,33545002,-5242880,-5245969,1,0,1,0,0,1,47431,-9611,0,-5048,0,0,0,0,47431,3089,57042,4563,0,1,47431,-9611,0,-5048,0,0,0,0,47431,3089,57042,4563,0
672,0.6719,0.67190001,0.67190003,0.671901,0.671901,33595001,33595002,-5242880,-5241722,1,0,1,0,0,-1,-26432,-5048,0,-6759,0,0,0,0,-26432,-1158,-21384,-1711,0,-1,-26432,-5048,0,-6759,0,0,0,0,-26432,-1158,-21384,-1711,0
673,0.6729,0.67290001,0.67290003,0.672901,0.672901,33645001,33645002,-5242880,-5243379,1,0,1,0,0,0,2456,-6759,0,-6022,0,0,0,0,2456,499,9215,737,0,0,2456,-6759,0,-6022,0,0,0,0,2456,499,9215,737,0
674,0.6739,0.67390001,0.67390003,0.673901,0.673901,33695001,33695002,-5242880,-5243212,1,0,1,0,0,0,109,-6022,0,-5532,0,0,0,0,109,332,6131,490,0,0,109,-6022,0,-5532,0,0,0,0,109,332,6131,490,0
675,0.6749,0.67490001,0.67490003,0.674901,0.674901,33745001,33745002,-5242880,-5241487,1,0,1,0,0,-1,-31256,-5532,0,-7590,0,0,0,0,-31256,-1393,-25724,-2058,0,-1,-31256,-5532,0,-7590,0,0,0,0,-31256,-1393,-25724,-2058,0
676,0.6759,0.67590001,0.67590003,0.675901,0.675901,33795001,33795002,-5242880,-5242330,1,0,1,0,0,-1,-17746,-7590,0,-8403,0,0,0,0,-17746,-550,-10156,-813,0,-1,-17746,-7590,0,-8403,0,0,0,0,-17746,-550,-10156,-813,0
677,0.6769,0.67690001,0.67690003,0.676901,0.676901,33845001,33845002,-5242880,-5245368,1,0,1,0,0,1,37541,-8403,0,-4727,0,0,0,0,37541,2488,45944,3676,0,1,37541,-8403,0,-4727,0,0,0,0,37541,2488,45944,3676,0
678,0.6779,0.67790001,0.67790003,0.677901,0.677901,33895001,33895002,-5242880,-5245131,1,0,1,0,0,1,36841,-4727,0,-1402,0,0,0,0,36841,2251,41568,3325,0,1,36841,-4727,0,-1402,0,0,0,0,36841,2251,41568,3325,0
679,0.6789,0.67890001,0.67890003,0.678901,0.678901,33945001,33945002,-5242880,-5240360,1,0,1,0,0,-1,-47937,-1402,0,-5125,0,0,0,0,-47937,-2520,-46535,-3723,0,-1,-47937,-1402,0,-5125,0,0,0,0,-47937,-2520,-46535,-3723,0
680,0.6799,0.67990001,0.67990003,0.679901,0.679901,33995001,33995002,-5242880,-5244539,1,0,1,0,0,1,25511,-5125,0,-2674,0,0,0,0,25511,1659,30636,2451,0,1,25511,-5125,0,-2674,0,0,0,0,25511,1659,30636,2451,0
681,0.6809,0.68090001,0.68090003,0.680901,0.680901,34045001,34045002,-5242880,-5242503,1,0,1,0,0,0,-9636,-2674,0,-3231,0,0,0,0,-9636,-377,-6962,-557,0,0,-9636,-2674,0,-3231,0,0,0,0,-9636,-377,-6962,-557,0
682,0.6819,0.68190001,0.68190003,0.681901,0.681901,34095001,34095002,-5242880,-5241202,1,0,1,0,0,-1,-34217,-3231,0,-5710,0,0,0,0,-34217,-1678,-30986,-2479,0,-1,-34217,-3231,0,-5710,0,0,0,0,-34217,-1678,-30986,-2479,0
683,0.6829,0.68290001,0.68290003,0.682901,0.682901,34145001,34145002,-5242880,-5243871,1,0,1,0,0,0,12590,-5710,0,-4246,0,0,0,0,12590,991,18300,1464,0,0,12590,-5710,0,-4246,0,0,0,0,12590,991,18300,1464,0
684,0.6839,0.68390001,0.68390003,0.683901,0.683901,34195001,34195002,-5242880,-5242955,1,0,1,0,0,0,-2861,-4246,0,-4135,0,0,0,0,-2861,75,1385,111,0,0,-2861,-4246,0,-4135,0,0,0,0,-2861,75,1385,111,0
685,0.6849,0.68490001,0.68490003,0.684901,0.684901,34245001,34245002,-5242880,-5243099,1,0,1,0,0,0,-91,-4135,0,-3811,0,0,0,0,-91,219,4044,324,0,0,-91,-4135,0,-3811,0,0,0,0,-91,219,4044,324,0
686,0.6859,0.68590001,0.68590003,0.685901,0.685901,34295001,34295002,-5242880,-5240661,1,0,1,0,0,-1,-44788,-3811,0,-7089,0,0,0,0,-44788,-2219,-40977,-3278,0,-1,-44788,-3811,0,-7089,0,0,0,0,-44788,-2219,-40977,-3278,0
687,0.6869,0.68690001,0.68690003,0.686901,0.686901,34345001,34345002,-5242880,-5245134,1,0,1,0,0,1,34534,-7089,0,-3759,0,0,0,0,34534,2254,41623,3330,0,1,34534,-7089,0,-3759,0,0,0,0,34534,2254,41623,3330,0
688,0.6879,0.68790001,0.68790003,0.687901,0.687901,34395001,34395002,-5242880,-5243676,1,0,1,0,0,0,10940,-3759,0,-2583,0,0,0,0,10940,796,14699,1176,0,0,10940,-3759,0,-2583,0,0,0,0,10940,796,14699,1176,0
689,0.6889,0.68890001,0.68890003,0.688901,0.688901,34445001,34445002,-5242880,-5241156,1,0,1,0,0,-1,-34419,-2583,0,-5130,0,0,0,0,-34419,-1724,-31836,-2547,0,-1,-34419,-2583,0,-5130,0,0,0,0,-34419,-1724,-31836,-2547,0
690,0.6899,0.68990001,0.68990003,0.689901,0.689901,34495001,34495002,-5242880,-5240799,1,0,1,0,0,-1,-43558,-5130,0,-8204,0,0,0,0,-43558,-2081,-38428,-3074,0,-1,-43558,-5130,0,-8204,0,0,0,0,-43558,-2081,-38428,-3074,0
691,0.6909,0.69090001,0.69090003,0.690901,0.690901,34545001,34545002,-5242880,-5245641,1,0,1,0,0,1,42781,-8204,0,-4125,0,0,0,0,42781,2761,50985,4079,0,1,42781,-8204,0,-4125,0,0,0,0,42781,2761,50985,4079,0
692,0.6919,0.69190001,0.69190003,0.691901,0.691901,34595001,34595002,-5242880,-5241322,1,0,1,0,0,-1,-32895,-4125,0,-6427,0,0,0,0,-32895,-1558,-28770,-2302,0,-1,-32895,-4125,0,-6427,0,0,0,0,-32895,-1558,-28770,-2302,0
693,0.6929,0.69290001,0.69290003,0.692901,0.692901,34645001,34645002,-5242880,-5241162,1,0,1,0,0,-1,-38152,-6427,0,-8965,0,0,0,0,-38152,-1718,-31725,-2538,0,-1,-38152,-6427,0,-8965,0,0,0,0,-38152,-1718,-31725,-2538,0
694,0.6939,0.69390001,0.69390003,0.693901,0.693901,34695001,34695002,-5242880,-5242879,1,0,1,0,0,0,-8983,-8965,0,-8966,0,0,0,0,-8983,-1,-18,-1,0,0,-8983,-8965,0,-8966,0,0,0,0,-8983,-1,-18,-1,0
695,0.6949,0.69490001,0.69490003,0.694901,0.694901,34745001,34745002,-5242880,-5242935,1,0,1,0,0,0,-7950,-8966,0,-8885,0,0,0,0,-7950,55,1016,81,0,0,-7950,-8966,0,-8885,0,0,0,0,-7950,55,1016,81,0
696,0.6959,0.69590001,0.69590003,0.695901,0.695901,34795001,34795002,-5242880,-5247412,1,0,1,0,0,2,74804,-8885,0,-2190,0,0,0,0,74804,4532,83689,6695,0,2,74804,-8885,0,-2190,0,0,0,0,74804,4532,83689,6695,0
697,0.6969,0.69690001,0.69690003,0.696901,0.696901,34845001,34845002,-5242880,-5242480,1,0,1,0,0,0,-9577,-2190,0,-2781,0,0,0,0,-9577,-400,-7387,-591,0,0,-9577,-2190,0,-2781,0,0,0,0,-9577,-400,-7387,-591,0
698,0.6979,0.69790001,0.69790003,0.697901,0.697901,34895001,34895002,-5242880,-5243669,1,0,1,0,0,0,11789,-2781,0,-1615,0,0,0,0,11789,789,14570,1166,0,0,11789,-2781,0,-1615,0,0,0,0,11789,789,14570,1166,0
699,0.6989,0.69890001,0.69890003,0.698901,0.698901,34945001,34945002,-5242880,-5242604,1,0,1,0,0,0,-6712,-1615,0,-2023,0,0,0,0,-6712,-276,-5097,-408,0,0,-6712,-1615,0,-2023,0,0,0,0,-6712,-276,-5097,-408,0
700,0.6999,0.69990001,0.69990003,0.699901,0.699901,34995001,34995002,-5242880,-5240360,1,0,1,0,0,-1,-48558,-2023,0,-5746,0,0,0,0,-48558,-2520,-46535,-3723,0,-1,-48558,-2023,0,-5746,0,0,0,0,-48558,-2520,-46535,-3723,0
701,0.7009,0.70090001,0.70090003,0.700901,0.700901,35045001,35045002,-5242880,-5240785,1,0,1,0,0,-1,-44433,-5746,0,-8841,0,0,0,0,-44433,-2095,-38687,-3095,0,-1,-44433,-5746,0,-8841,0,0,0,0,-44433,-2095,-38687,-3095,0
702,0.7019,0.70190001,0.70190003,0.701901,0.701901,35095001,35095002,-5242880,-5241124,1,0,1,0,0,-1,-41268,-8841,0,-11435,0,0,0,0,-41268,-1756,-32427,-2594,0,-1,-41268,-8841,0,-11435,0,0,0,0,-41268,-1756,-32427,-2594,0
703,0.7029,0.70290001,0.70290003,0.702901,0.702901,35145001,35145002,-5242880,-5245921,1,0,1,0,0,1,44721,-11435,0,-6943,0,0,0,0,44721,3041,56156,4492,0,1,44721,-11435,0,-6943,0,0,0,0,44721,3041,56156,4492,0
704,0.7039,0.70390001,0.70390003,0.703901,0.703901,35195001,35195002,-5242880,-5244100,1,0,1,0,0,0,15586,-6943,0,-5141,0,0,0,0,15586,1220,22529,1802,0,0,15586,-6943,0,-5141,0,0,0,0,15586,1220,22529,1802,0
705,0.7049,0.70490001,0.70490003,0.704901,0.704901,35245001,35245002,-5242880,-5241328,1,0,1,0,0,-1,-33801,-5141,0,-7434,0,0,0,0,-33801,-1552,-28660,-2293,0,-1,-33801,-5141,0,-7434,0,0,0,0,-33801,-1552,-28660,-2293,0
706,0.7059,0.70590001,0.70590003,0.705901,0.705901,35295001,35295002,-5242880,-5242007,1,0,1,0,0,-1,-23555,-7434,0,-8724,0,0,0,0,-23555,-873,-16121,-1290,0,-1,-23555,-7434,0,-8724,0,0,0,0,-23555,-873,-16121,-1290,0
707,0.7069,0.70690001,0.70690003,0.706901,0.706901,35345001,35345002,-5242880,-5241356,1,0,1,0,0,-1,-36867,-8724,0,-10975,0,0,0,0,-36867,-1524,-28143,-2251,0,-1,-36867,-8724,0,-10975,0,0,0,0,-36867,-1524,-28143,-2251,0
708,0.7079,0.70790001,0.70790003,0.707901,0.707901,35395001,35395002,-5242880,-5245969,1,0,1,0,0,1,46067,-10975,0,-6412,0,0,0,0,46067,3089,57042,4563,0,1,46067,-10975,0,-6412,0,0,0,0,46067,3089,57042,4563,0
709,0.7089,0.70890001,0.70890003,0.708901,0.708901,35445001,35445002,-5242880,-5247952,1,0,1,0,0,3,87249,-6412,0,1081,0,0,0,0,87249,5072,93661,7493,0,3,87249,-6412,0,1081,0,0,0,0,87249,5072,93661,7493,0
710,0.7099,0.70990001,0.70990003,0.709901,0.709901,35495001,35495002,-5242880,-5241332,1,0,1,0,0,-1,-27505,1081,0,-1206,0,0,0,0,-27505,-1548,-28586,-2287,0,-1,-27505,1081,0,-1206,0,0,0,0,-27505,-1548,-28586,-2287,0
711,0.7109,0.71090001,0.71090003,0.710901,0.710901,35545001,35545002,-5242880,-5243091,1,0,1,0,0,0,2690,-1206,0,-894,0,0,0,0,2690,211,3896,312,0,0,2690,-1206,0,-894,0,0,0,0,2690,211,3896,312,0
712,0.7119,0.71190001,0.71190003,0.711901,0.711901,35595001,35595002,-5242880,-5243917,1,0,1,0,0,1,18256,-894,0,638,0,0,0,0,18256,1037,19150,1532,0,1,18256,-894,0,638,0,0,0,0,18256,1037,19150,1532,0
713,0.7129,0.71290001,0.71290003,0.712901,0.712901,35645001,35645002,-5242880,-5241536,1,0,1,0,0,-1,-24181,638,0,-1347,0,0,0,0,-24181,-1344,-24819,-1985,0,-1,-24181,638,0,-1347,0,0,0,0,-24181,-1344,-24819,-1985,0
714,0.7139,0.71390001,0.71390003,0.713901,0.713901,35695001,35695002,-5242880,-5239716,1,0,1,0,0,-2,-59774,-1347,0,-6021,0,0,0,0,-59774,-3164,-58427,-4674,0,-2,-59774,-1347,0,-6021,0,0,0,0,-59774,-3164,-58427,-4674,0
715,0.7149,0.71490001,0.71490003,0.714901,0.714901,35745001,35745002,-5242880,-5241402,1,0,1,0,0,-1,-33314,-6021,0,-8204,0,0,0,0,-33314,-1478,-27293,-2183,0,-1,-33314,-6021,0,-8204,0,0,0,0,-33314,-1478,-27293,-2183,0
716,0.7159,0.71590001,0.71590003,0.715901,0.715901,35795001,35795002,-5242880,-5242405,1,0,1,0,0,-1,-16975,-8204,0,-8906,0,0,0,0,-16975,-475,-8771,-702,0,-1,-16975,-8204,0,-8906,0,0,0,0,-16975,-475,-8771,-702,0
717,0.7169,0.71690001,0.71690003,0.716901,0.716901,35845001,35845002,-5242880,-5244004,1,0,1,0,0,0,11850,-8906,0,-7246,0,0,0,0,11850,1124,20756,1660,0,0,11850,-8906,0,-7246,0,0,0,0,11850,1124,20756,1660,0
718,0.7179,0.71790001,0.71790003,0.717901,0.717901,35895001,35895002,-5242880,-5243483,1,0,1,0,0,0,3889,-7246,0,-6355,0,0,0,0,3889,603,11135,891,0,0,3889,-7246,0,-6355,0,0,0,0,3889,603,11135,891,0
719,0.7189,0.71890001,0.71890003,0.718901,0.718901,35945001,35945002,-5242880,-5247485,1,0,1,0,0,2,78682,-6355,0,448,0,0,0,0,78682,4605,85037,6803,0,2,78682,-6355,0,448,0,0,0,0,78682,4605,85037,6803,0
720,0.7199,0.71990001,0.71990003,0.719901,0.719901,35995001,35995002,-5242880,-5241895,1,0,1,0,0,-1,-17741,448,0,-1007,0,0,0,0,-17741,-985,-18189,-1455,0,-1,-17741,448,0,-1007,0,0,0,0,-17741,-985,-18189,-1455,0
721,0.7209,0.72090001,0.72090003,0.720901,0.720901,36045001,36045002,-5242880,-5241798,1,0,1,0,0,-1,-20988,-1007,0,-2605,0,0,0,0,-20988,-1082,-19981,-1598,0,-1,-20988,-1007,0,-2605,0,0,0,0,-20988,-1082,-19981,-1598,0
722,0.7219,0.72190001,0.72190003,0.721901,0.721901,36095001,36095002,-5242880,-5243525,1,0,1,0,0,0,9306,-2605,0,-1652,0,0,0,0,9306,645,11911,953,0,0,9306,-2605,0,-1652,0,0,0,0,9306,645,11911,953,0
723,0.7229,0.72290001,0.72290003,0.722901,0.722901,36145001,36145002,-5242880,-5244251,1,0,1,0,0,1,23665,-1652,0,373,0,0,0,0,23665,1371,25317,2025,0,1,23665,-1652,0,373,0,0,0,0,23665,1371,25317,2025,0
724,0.7239,0.72390001,0.72390003,0.723901,0.723901,36195001,36195002,-5242880,-5246535,1,0,1,0,0,2,67867,373,0,5773,0,0,0,0,67867,3655,67494,5400,0,2,67867,373,0,5773,0,0,0,0,67867,3655,67494,5400,0
725,0.7249,0.72490001,0.72490003,0.724901,0.724901,36245001,36245002,-5242880,-5241494,1,0,1,0,0,-1,-19821,5773,0,3725,0,0,0,0,-19821,-1386,-25594,-2048,0,-1,-19821,5773,0,3725,0,0,0,0,-19821,-1386,-25594,-2048,0
726,0.7259,0.72590001,0.72590003,0.725901,0.725901,36295001,36295002,-5242880,-5241465,1,0,1,0,0,-1,-22405,3725,0,1635,0,0,0,0,-22405,-1415,-26130,-2090,0,-1,-22405,3725,0,1635,0,0,0,0,-22405,-1415,-26130,-2090,0
727,0.7269,0.72690001,0.72690003,0.726901,0.726901,36345001,36345002,-5242880,-5241960,1,0,1,0,0,0,-15354,1635,0,276,0,0,0,0,-15354,-920,-16989,-1359,0,0,-15354,1635,0,276,0,0,0,0,-15354,-920,-16989,-1359,0
728,0.7279,0.72790001,0.72790003,0.727901,0.727901,36395001,36395002,-5242880,-5241832,1,0,1,0,0,-1,-19077,276,0,-1272,0,0,0,0,-19077,-1048,-19353,-1548,0,-1,-19077,276,0,-1272,0,0,0,0,-19077,-1048,-19353,-1548,0
729,0.7289,0.72890001,0.72890003,0.728901,0.728901,36445001,36445002,-5242880,-5246062,1,0,1,0,0,2,57488,-1272,0,3429,0,0,0,0,57488,3182,58760,4701,0,2,57488,-1272,0,3429,0,0,0,0,57488,3182,58760,4701,0
730,0.7299,0.72990001,0.72990003,0.729901,0.729901,36495001,36495002,-5242880,-5245347,1,0,1,0,0,1,48985,3429,0,7074,0,0,0,0,48985,2467,45556,3645,0,1,48985,3429,0,7074,0,0,0,0,48985,2467,45556,3645,0
731,0.7309,0.73090001,0.73090003,0.730901,0.730901,36545001,36545002,-5242880,-5242014,1,0,1,0,0,0,-8918,7074,0,5795,0,0,0,0,-8918,-866,-15992,-1279,0,0,-8918,7074,0,5795,0,0,0,0,-8918,-866,-15992,-1279,0
732,0.7319,0.73190001,0.73190003,0.731901,0.731901,36595001,36595002,-5242880,-5240911,1,0,1,0,0,-1,-30565,5795,0,2886,0,0,0,0,-30565,-1969,-36360,-2909,0,-1,-30565,5795,0,2886,0,0,0,0,-30565,-1969,-36360,-2909,0
733,0.7329,0.73290001,0.73290003,0.732901,0.732901,36645001,36645002,-5242880,-5242329,1,0,1,0,0,0,-7289,2886,0,2072,0,0,0,0,-7289,-551,-10175,-814,0,0,-7289,2886,0,2072,0,0,0,0,-7289,-551,-10175,-814,0
734,0.7339,0.73390001,0.73390003,0.733901,0.733901,36695001,36695002,-5242880,-5243017,1,0,1,0,0,0,4602,2072,0,2274,0,0,0,0,4602,137,2530,202,0,0,4602,2072,0,2274,0,0,0,0,4602,137,2530,202,0
735,0.7349,0.73490001,0.73490003,0.734901,0.734901,36745001,36745002,-5242880,-5243262,1,0,1,0,0,0,9328,2274,0,2838,0,0,0,0,9328,382,7054,564,0,0,9328,2274,0,2838,0,0,0,0,9328,382,7054,564,0
736,0.7359,0.73590001,0.73590003,0.735901,0.735901,36795001,36795002,-5242880,-5246885,1,0,1,0,0,2,76795,2838,0,8755,0,0,0,0,76795,4005,73957,5917,0,2,76795,2838,0,8755,0,0,0,0,76795,4005,73957,5917,0
737,0.7369,0.73690001,0.73690003,0.736901,0.736901,36845001,36845002,-5242880,-5241412,1,0,1,0,0,-1,-18353,8755,0,6586,0,0,0,0,-18353,-1468,-27108,-2169,0,-1,-18353,8755,0,6586,0,0,0,0,-18353,-1468,-27108,-2169,0
738,0.7379,0.73790001,0.73790003,0.737901,0.737901,36895001,36895002,-5242880,-5240406,1,0,1,0,0,-1,-39100,6586,0,2931,0,0,0,0,-39100,-2474,-45686,-3655,0,-1,-39100,6586,0,2931,0,0,0,0,-39100,-2474,-45686,-3655,0
739,0.7389,0.73890001,0.73890003,0.738901,0.738901,36945001,36945002,-5242880,-5241463,1,0,1,0,0,-1,-23236,2931,0,838,0,0,0,0,-23236,-1417,-26167,-2093,0,-1,-23236,2931,0,838,0,0,0,0,-23236,-1417,-26167,-2093,0
740,0.7399,0.73990001,0.73990003,0.739901,0.739901,36995001,36995002,-5242880,-5243251,1,0,1,0,0,0,7689,838,0,1386,0,0,0,0,7689,371,6851,548,0,0,7689,838,0,1386,0,0,0,0,7689,371,6851,548,0
741,0.7409,0.74090001,0.74090003,0.740901,0.740901,37045001,37045002,-5242880,-5244439,1,0,1,0,0,1,30175,1386,0,3689,0,0,0,0,30175,1559,28789,2303,0,1,30175,1386,0,3689,0,0,0,0,30175,1559,28789,2303,0
742,0.7419,0.74190001,0.74190003,0.741901,0.741901,37095001,37095002,-5242880,-5246153,1,0,1,0,0,2,64129,3689,0,8524,0,0,0,0,64129,3273,60440,4835,0,2,64129,3689,0,8524,0,0,0,0,64129,3273,60440,4835,0
743,0.7429,0.74290001,0.74290003,0.742901,0.742901,37145001,37145002,-5242880,-5240831,1,0,1,0,0,-1,-29313,8524,0,5497,0,0,0,0,-29313,-2049,-37837,-3027,0,-1,-29313,8524,0,5497,0,0,0,0,-29313,-2049,-37837,-3027,0
744,0.7439,0.74390001,0.74390003,0.743901,0.743901,37195001,37195002,-5242880,-5240561,1,0,1,0,0,-1,-37326,5497,0,2071,0,0,0,0,-37326,-2319,-42823,-3426,0,-1,-37326,5497,0,2071,0,0,0,0,-37326,-2319,-42823,-3426,0
745,0.7449,0.74490001,0.74490003,0.744901,0.744901,37245001,37245002,-5242880,-5240946,1,0,1,0,0,-1,-33643,2071,0,-786,0,0,0,0,-33643,-1934,-35714,-2857,0,-1,-33643,2071,0,-786,0,0,0,0,-33643,-1934,-35714,-2857,0
746,0.7459,0.74590001,0.74590003,0.745901,0.745901,37295001,37295002,-5242880,-5242226,1,0,1,0,0,0,-12863,-786,0,-1752,0,0,0,0,-12863,-654,-12077,-966,0,0,-12863,-786,0,-1752,0,0,0,0,-12863,-654,-12077,-966,0
747,0.7469,0.74690001,0.74690003,0.746901,0.746901,37345001,37345002,-5242880,-5243931,1,0,1,0,0,1,17656,-1752,0,-199,0,0,0,0,17656,1051,19408,1553,0,1,17656,-1752,0,-199,0,0,0,0,17656,1051,19408,1553,0
748,0.7479,0.74790001,0.74790003,0.747901,0.747901,37395001,37395002,-5242880,-5243831,1,0,1,0,0,1,17362,-199,0,1206,0,0,0,0,17362,951,17561,1405,0,1,17362,-199,0,1206,0,0,0,0,17362,951,17561,1405,0
749,0.7489,0.74890001,0.74890003,0.748901,0.748901,37445001,37445002,-5242880,-5244581,1,0,1,0,0,1,32617,1206,0,3719,0,0,0,0,32617,1701,31411,2513,0,1,32617,1206,0,3719,0,0,0,0,32617,1701,31411,2513,0
750,0.7499,0.74990001,0.74990003,0.749901,0.749901,37495001,37495002,-5242880,-5242369,1,0,1,0,0,0,-5717,3719,0,2964,0,0,0,0,-5717,-511,-9436,-755,0,0,-5717,3719,0,2964,0,0,0,0,-5717,-511,-9436,-755,0
751,0.7509,0.75090001,0.75090003,0.750901,0.750901,37545001,37545002,-5195694,-5240795,1,0,1,0,0,26,835812,2964,0,69592,0,0,0,0,835812,45101,832848,66628,0,26,835812,2964,0,69592,0,0,0,0,835812,45101,832848,66628,0
752,0.7519,0.75190001,0.75190003,0.751901,0.751901,37595001,37595002,-5143265,-5225845,1,0,1,0,0,49,1594537,69592,0,191588,0,0,0,0,1594537,82580,1524945,121996,0,49,1594537,69592,0,191588,0,0,0,0,1594537,82580,1524945,121996,0
753,0.7529,0.75290001,0.75290003,0.752901,0.752901,37645001,37645002,-5090836,-5189789,1,0,1,0,0,62,2018882,191588,0,337772,0,0,0,0,2018882,98953,1827294,146184,0,62,2018882,191588,0,337772,0,0,0,0,2018882,98953,1827294,146184,0
754,0.7539,0.75390001,0.75390003,0.753901,0.753901,37695001,37695002,-5038408,-5139041,1,0,1,0,0,67,2196089,337772,0,486437,0,0,0,0,2196089,100633,1858317,148665,0,67,2196089,337772,0,486437,0,0,0,0,2196089,100633,1858317,148665,0
755,0.7549,0.75490001,0.75490003,0.754901,0.754901,37745001,37745002,-4985979,-5095755,1,0,1,0,0,77,2513591,486437,0,648609,0,0,0,0,2513591,109776,2027154,162172,0,77,2513591,486437,0,648609,0,0,0,0,2513591,109776,2027154,162172,0
756,0.7559,0.75590001,0.75590003,0.755901,0.755901,37795001,37795002,-4933550,-5043395,1,0,1,0,0,82,2677037,648609,0,810883,0,0,0,0,2677037,109845,2028428,162274,0,82,2677037,648609,0,810883,0,0,0,0,2677037,109845,2028428,162274,0
757,0.7569,0.75690001,0.75690003,0.756901,0.756901,37845001,37845002,-4881121,-4992983,1,0,1,0,0,88,2876558,810883,0,976137,0,0,0,0,2876558,111862,2065675,165254,0,88,2876558,810883,0,976137,0,0,0,0,2876558,111862,2065675,165254,0
758,0.7579,0.75790001,0.75790003,0.757901,0.757901,37895001,37895002,-4828692,-4925433,1,0,1,0,0,84,2762583,976137,0,1119053,0,0,0,0,2762583,96741,1786446,142916,0,84,2762583,976137,0,1119053,0,0,0,0,2762583,96741,1786446,142916,0
759,0.7589,0.75890001,0.75890003,0.758901,0.758901,37945001,37945002,-4776264,-4858921,1,0,1,0,0,81,2645420,1119053,0,1241162,0,0,0,0,2645420,82657,1526367,122109,0,81,2645420,1119053,0,1241162,0,0,0,0,2645420,82657,1526367,122109,0
760,0.7599,0.75990001,0.75990003,0.759901,0.759901,37995001,37995002,-4723835,-4796076,1,0,1,0,0,79,2575184,1241162,0,1347884,0,0,0,0,2575184,72241,1334022,106722,0,79,2575184,1241162,0,1347884,0,0,0,0,2575184,72241,1334022,106722,0
761,0.7609,0.76090001,0.76090003,0.760901,0.760901,38045001,38045002,-4671406,-4730341,1,0,1,0,0,74,2436194,1347884,0,1434949,0,0,0,0,2436194,58935,1088310,87065,0,74,2436194,1347884,0,1434949,0,0,0,0,2436194,58935,1088310,87065,0
762,0.7619,0.76190001,0.76190003,0.761901,0.761901,38095001,38095002,-4618977,-4674299,1,0,1,0,0,75,2456540,1434949,0,1516676,0,0,0,0,2456540,55322,1021591,81727,0,75,2456540,1434949,0,1516676,0,0,0,0,2456540,55322,1021591,81727,0
763,0.7629,0.76290001,0.76290003,0.762901,0.762901,38145001,38145002,-4566548,-4612518,1,0,1,0,0,72,2365571,1516676,0,1584588,0,0,0,0,2365571,45970,848895,67912,0,72,2365571,1516676,0,1584588,0,0,0,0,2365571,45970,848895,67912,0
764,0.7639,0.76390001,0.76390003,0.763901,0.763901,38195001,38195002,-4514120,-4549946,1,0,1,0,0,69,2246161,1584588,0,1637514,0,0,0,0,2246161,35826,661573,52926,0,69,2246161,1584588,0,1637514,0,0,0,0,2246161,35826,661573,52926,0
765,0.7649,0.76490001,0.76490003,0.764901,0.764901,38245001,38245002,-4461691,-4497325,1,0,1,0,0,70,2295541,1637514,0,1690156,0,0,0,0,2295541,35634,658027,52642,0,70,2295541,1637514,0,1690156,0,0,0,0,2295541,35634,658027,52642,0
766,0.7659,0.76590001,0.76590003,0.765901,0.765901,38295001,38295002,-4409262,-4441726,1,0,1,0,0,70,2289645,1690156,0,1738115,0,0,0,0,2289645,32464,599489,47959,0,70,2289645,1690156,0,1738115,0,0,0,0,2289645,32464,599489,47959,0
767,0.7669,0.76690001,0.76690003,0.766901,0.766901,38345001,38345002,-4356833,-4387891,1,0,1,0,0,71,2311641,1738115,0,1783997,0,0,0,0,2311641,31058,573526,45882,0,71,2311641,1738115,0,1783997,0,0,0,0,2311641,31058,573526,45882,0
768,0.7679,0.76790001,0.76790003,0.767901,0.767901,38395001,38395002,-4304404,-4329757,1,0,1,0,0,69,2252173,1783997,0,1821451,0,0,0,0,2252173,25353,468176,37454,0,69,2252173,1783997,0,1821451,0,0,0,0,2252173,25353,468176,37454,0
769,0.7689,0.76890001,0.76890003,0.768901,0.768901,38445001,38445002,-4251976,-4278437,1,0,1,0,0,70,2310087,1821451,0,1860542,0,0,0,0,2310087,26461,488636,39091,0,70,2310087,1821451,0,1860542,0,0,0,0,2310087,26461,488636,39091,0
770,0.7699,0.76990001,0.76990003,0.769901,0.769901,38495001,38495002,-4199547,-4220059,1,0,1,0,0,68,2239322,1860542,0,1890844,0,0,0,0,2239322,20512,378780,30302,0,68,2239322,1860542,0,1890844,0,0,0,0,2239322,20512,378780,30302,0
771,0.7709,0.77090001,0.77090003,0.770901,0.770901,38545001,38545002,-4147118,-4165871,1,0,1,0,0,68,2237142,1890844,0,1918548,0,0,0,0,2237142,18753,346298,27704,0,68,2237142,1890844,0,1918548,0,0,0,0,2237142,18753,346298,27704,0
772,0.7719,0.77190001,0.77190003,0.771901,0.771901,38595001,38595002,-4094689,-4112058,1,0,1,0,0,68,2239289,1918548,0,1944207,0,0,0,0,2239289,17369,320741,25659,0,68,2239289,1918548,0,1944207,0,0,0,0,2239289,17369,320741,25659,0
773,0.7729,0.77290001,0.77290003,0.772901,0.772901,38645001,38645002,-4042260,-4057040,1,0,1,0,0,68,2217139,1944207,0,1966042,0,0,0,0,2217139,14780,272932,21835,0,68,2217139,1944207,0,1966042,0,0,0,0,2217139,14780,272932,21835,0
774,0.7739,0.77390001,0.77390003,0.773901,0.773901,38695001,38695002,-3989832,-4007657,1,0,1,0,0,70,2295203,1966042,0,1992375,0,0,0,0,2295203,17825,329161,26333,0,70,2295203,1966042,0,1992375,0,0,0,0,2295203,17825,329161,26333,0
775,0.7749,0.77490001,0.77490003,0.774901,0.774901,38745001,38745002,-3937403,-3951604,1,0,1,0,0,69,2254615,1992375,0,2013354,0,0,0,0,2254615,14201,262240,20979,0,69,2254615,1992375,0,2013354,0,0,0,0,2254615,14201,262240,20979,0
776,0.7759,0.77590001,0.77590003,0.775901,0.775901,38795001,38795002,-3884974,-3896234,1,0,1,0,0,68,2221284,2013354,0,2029988,0,0,0,0,2221284,11260,207930,16634,0,68,2221284,2013354,0,2029988,0,0,0,0,2221284,11260,207930,16634,0
777,0.7769,0.77690001,0.77690003,0.776901,0.776901,38845001,38845002,-3832545,-3838675,1,0,1,0,0,65,2143186,2029988,0,2039044,0,0,0,0,2143186,6130,113198,9056,0,65,2143186,2029988,0,2039044,0,0,0,0,2143186,6130,113198,9056,0
778,0.7779,0.77790001,0.77790003,0.777901,0.777901,38895001,38895002,-3780116,-3786924,1,0,1,0,0,66,2164762,2039044,0,2049101,0,0,0,0,2164762,6808,125718,10057,0,66,2164762,2039044,0,2049101,0,0,0,0,2164762,6808,125718,10057,0
779,0.7789,0.77890001,0.77890003,0.778901,0.778901,38945001,38945002,-3727688,-3732015,1,0,1,0,0,65,2129005,2049101,0,2055493,0,0,0,0,2129005,4327,79904,6392,0,65,2129005,2049101,0,2055493,0,0,0,0,2129005,4327,79904,6392,0
780,0.7799,0.77990001,0.77990003,0.779901,0.779901,38995001,38995002,-3675259,-3682036,1,0,1,0,0,67,2180639,2055493,0,2065505,0,0,0,0,2180639,6777,125146,10012,0,67,2180639,2055493,0,2065505,0,0,0,0,2180639,6777,125146,10012,0
781,0.7809,0.78090001,0.78090003,0.780901,0.780901,39045001,39045002,-3622830,-3630093,1,0,1,0,0,67,2199626,2065505,0,2076235,0,0,0,0,2199626,7263,134121,10730,0,67,2199626,2065505,0,2076235,0,0,0,0,2199626,7263,134121,10730,0
782,0.7819,0.78190001,0.78190003,0.781901,0.781901,39095001,39095002,-3570401,-3573520,1,0,1,0,0,65,2133831,2076235,0,2080843,0,0,0,0,2133831,3119,57596,4608,0,65,2133831,2076235,0,2080843,0,0,0,0,2133831,3119,57596,4608,0
783,0.7829,0.78290001,0.78290003,0.782901,0.782901,39145001,39145002,-3517972,-3527576,1,0,1,0,0,69,2258193,2080843,0,2095031,0,0,0,0,2258193,9604,177350,14188,0,69,2258193,2080843,0,2095031,0,0,0,0,2258193,9604,177350,14188,0
784,0.7839,0.78390001,0.78390003,0.783901,0.783901,39195001,39195002,-3465544,-3473745,1,0,1,0,0,69,2246473,2095031,0,2107146,0,0,0,0,2246473,8201,151442,12115,0,69,2246473,2095031,0,2107146,0,0,0,0,2246473,8201,151442,12115,0
785,0.7849,0.78490001,0.78490003,0.784901,0.784901,39245001,39245002,-3413115,-3423843,1,0,1,0,0,70,2305252,2107146,0,2122995,0,0,0,0,2305252,10728,198106,15849,0,70,2305252,2107146,0,2122995,0,0,0,0,2305252,10728,198106,15849,0
786,0.7859,0.78590001,0.78590003,0.785901,0.785901,39295001,39295002,-3360686,-3380451,1,0,1,0,0,76,2487981,2122995,0,2152194,0,0,0,0,2487981,19765,364986,29199,0,76,2487981,2122995,0,2152194,0,0,0,0,2487981,19765,364986,29199,0
787,0.7869,0.78690001,0.78690003,0.786901,0.786901,39345001,39345002,-3308257,-3328653,1,0,1,0,0,77,2528832,2152194,0,2182325,0,0,0,0,2528832,20396,376638,30131,0,77,2528832,2152194,0,2182325,0,0,0,0,2528832,20396,376638,30131,0
788,0.7879,0.78790001,0.78790003,0.787901,0.787901,39395001,39395002,-3255828,-3267071,1,0,1,0,0,73,2389941,2182325,0,2198934,0,0,0,0,2389941,11243,207616,16609,0,73,2389941,2182325,0,2198934,0,0,0,0,2389941,11243,207616,16609,0
789,0.7889,0.78890001,0.78890003,0.788901,0.788901,39445001,39445002,-3203400,-3210840,1,0,1,0,0,71,2336323,2198934,0,2209925,0,0,0,0,2336323,7440,137389,10991,0,71,2336323,2198934,0,2209925,0,0,0,0,2336323,7440,137389,10991,0
790,0.7899,0.78990001,0.78990003,0.789901,0.789901,39495001,39495002,-3150971,-3154515,1,0,1,0,0,69,2275369,2209925,0,2215161,0,0,0,0,2275369,3544,65444,5236,0,69,2275369,2209925,0,2215161,0,0,0,0,2275369,3544,65444,5236,0
791,0.7909,0.79090001,0.79090003,0.790901,0.790901,39545001,39545002,-3098542,-3098625,1,0,1,0,0,68,2216694,2215161,0,2215284,0,0,0,0,2216694,83,1533,123,0,68,2216694,2215161,0,2215284,0,0,0,0,2216694,83,1533,123,0
792,0.7919,0.79190001,0.79190003,0.791901,0.791901,39595001,39595002,-3046113,-3045074,1,0,1,0,0,67,2196098,2215284,0,2213749,0,0,0,0,2196098,-1039,-19186,-1535,0,67,2196098,2215284,0,2213749,0,0,0,0,2196098,-1039,-19186,-1535,0
793,0.7929,0.79290001,0.79290003,0.792901,0.792901,39645001,39645002,-2993684,-2988305,1,0,1,0,0,65,2114419,2213749,0,2205803,0,0,0,0,2114419,-5379,-99330,-7946,0,65,2114419,2213749,0,2205803,0,0,0,0,2114419,-5379,-99330,-7946,0
794,0.7939,0.79390001,0.79390003,0.793901,0.793901,39695001,39695002,-2941256,-2939501,1,0,1,0,0,66,2173395,2205803,0,2203210,0,0,0,0,2173395,-1755,-32408,-2593,0,66,2173395,2205803,0,2203210,0,0,0,0,2173395,-1755,-32408,-2593,0
795,0.7949,0.79490001,0.79490003,0.794901,0.794901,39745001,39745002,-2888827,-2885489,1,0,1,0,0,65,2141570,2203210,0,2198279,0,0,0,0,2141570,-3338,-61640,-4931,0,65,2141570,2203210,0,2198279,0,0,0,0,2141570,-3338,-61640,-4931,0
796,0.7959,0.79590001,0.79590003,0.795901,0.795901,39795001,39795002,-2836398,-2831597,1,0,1,0,0,64,2109622,2198279,0,2191186,0,0,0,0,2109622,-4801,-88657,-7093,0,64,2109622,2198279,0,2191186,0,0,0,0,2109622,-4801,-88657,-7093,0
797,0.7969,0.79690001,0.79690003,0.796901,0.796901,39845001,39845002,-2783969,-2782923,1,0,1,0,0,66,2171870,2191186,0,2189641,0,0,0,0,2171870,-1046,-19316,-1545,0,66,2171870,2191186,0,2189641,0,0,0,0,2171870,-1046,-19316,-1545,0
798,0.7979,0.79790001,0.79790003,0.797901,0.797901,39895001,39895002,-2731540,-2731352,1,0,1,0,0,67,2186169,2189641,0,2189363,0,0,0,0,2186169,-188,-3472,-278,0,67,2186169,2189641,0,2189363,0,0,0,0,2186169,-188,-3472,-278,0
799,0.7989,0.79890001,0.79890003,0.798901,0.798901,39945001,39945002,-2679112,-2681377,1,0,1,0,0,68,2231189,2189363,0,2192709,0,0,0,0,2231189,2265,41826,3346,0,68,2231189,2189363,0,2192709,0,0,0,0,2231189,2265,41826,3346,0
800,0.7999,0.79990001,0.79990003,0.799901,0.799901,39995001,39995002,-2626683,-2623900,1,0,1,0,0,65,2141317,2192709,0,2188598,0,0,0,0,2141317,-2783,-51392,-4111,0,65,2141317,2192709,0,2188598,0,0,0,0,2141317,-2783,-51392,-4111,0
801,0.8009,0.80090001,0.80090003,0.800901,0.800901,40045001,40045002,-2574254,-2571126,1,0,1,0,0,65,2130835,2188598,0,2183977,0,0,0,0,2130835,-3128,-57763,-4621,0,65,2130835,2188598,0,2183977,0,0,0,0,2130835,-3128,-57763,-4621,0
802,0.8019,0.80190001,0.80190003,0.801901,0.801901,40095001,40095002,-2521825,-2520552,1,0,1,0,0,66,2160469,2183977,0,2182096,0,0,0,0,2160469,-1273,-23508,-1881,0,66,2160469,2183977,0,2182096,0,0,0,0,2160469,-1273,-23508,-1881,0
803,0.8029,0.80290001,0.80290003,0.802901,0.802901,40145001,40145002,-2469396,-2468167,1,0,1,0,0,66,2159401,2182096,0,2180280,0,0,0,0,2159401,-1229,-22695,-1816,0,66,2159401,2182096,0,2180280,0,0,0,0,2159401,-1229,-22695,-1816,0
804,0.8039,0.80390001,0.80390003,0.803901,0.803901,40195001,40195002,-2416968,-2413532,1,0,1,0,0,65,2116830,2180280,0,2175204,0,0,0,0,2116830,-3436,-63450,-5076,0,65,2116830,2180280,0,2175204,0,0,0,0,2116830,-3436,-63450,-5076,0
805,0.8049,0.80490001,0.80490003,0.804901,0.804901,40245001,40245002,-2364539,-2365750,1,0,1,0,0,67,2197567,2175204,0,2176993,0,0,0,0,2197567,1211,22363,1789,0,67,2197567,2175204,0,2176993,0,0,0,0,2197567,1211,22363,1789,0
806,0.8059,0.80590001,0.80590003,0.805901,0.805901,40295001,40295002,-2312110,-2308080,1,0,1,0,0,64,2102574,2176993,0,2171039,0,0,0,0,2102574,-4030,-74419,-5954,0,64,2102574,2176993,0,2171039,0,0,0,0,2102574,-4030,-74419,-5954,0
807,0.8069,0.80690001,0.80690003,0.806901,0.806901,40345001,40345002,-2259681,-2258716,1,0,1,0,0,66,2153219,2171039,0,2169613,0,0,0,0,2153219,-965,-17820,-1426,0,66,2153219,2171039,0,2169613,0,0,0,0,2153219,-965,-17820,-1426,0
808,0.8079,0.80790001,0.80790003,0.807901,0.807901,40395001,40395002,-2207252,-2203661,1,0,1,0,0,64,2103301,2169613,0,2164308,0,0,0,0,2103301,-3591,-66312,-5305,0,64,2103301,2169613,0,2164308,0,0,0,0,2103301,-3591,-66312,-5305,0
809,0.8089,0.80890001,0.80890003,0.808901,0.808901,40445001,40445002,-2154824,-2153013,1,0,1,0,0,65,2130866,2164308,0,2161633,0,0,0,0,2130866,-1811,-33442,-2675,0,65,2130866,2164308,0,2161633,0,0,0,0,2130866,-1811,-33442,-2675,0
810,0.8099,0.80990001,0.80990003,0.809901,0.809901,40495001,40495002,-2102395,-2104550,1,0,1,0,0,67,2201428,2161633,0,2164817,0,0,0,0,2201428,2155,39795,3184,0,67,2201428,2161633,0,2164817,0,0,0,0,2201428,2155,39795,3184,0
811,0.8109,0.81090001,0.81090003,0.810901,0.810901,40545001,40545002,-2049966,-2051215,1,0,1,0,0,67,2187881,2164817,0,2166662,0,0,0,0,2187881,1249,23064,1845,0,67,2187881,2164817,0,2166662,0,0,0,0,2187881,1249,23064,1845,0
812,0.8119,0.81190001,0.81190003,0.811901,0.811901,40595001,40595002,-1997537,-1995272,1,0,1,0,0,65,2124836,2166662,0,2163316,0,0,0,0,2124836,-2265,-41826,-3346,0,65,2124836,2166662,0,2163316,0,0,0,0,2124836,-2265,-41826,-3346,0
813,0.8129,0.81290001,0.81290003,0.812901,0.812901,40645001,40645002,-1945108,-1949128,1,0,1,0,0,68,2237550,2163316,0,2169255,0,0,0,0,2237550,4020,74234,5939,0,68,2237550,2163316,0,2169255,0,0,0,0,2237550,4020,74234,5939,0
814,0.8139,0.81390001,0.81390003,0.813901,0.813901,40695001,40695002,-1892680,-1898179,1,0,1,0,0,69,2270801,2169255,0,2177379,0,0,0,0,2270801,5499,101546,8124,0,69,2270801,2169255,0,2177379,0,0,0,0,2270801,5499,101546,8124,0
815,0.8149,0.81490001,0.81490003,0.814901,0.814901,40745001,40745002,-1840251,-1849125,1,0,1,0,0,71,2341249,2177379,0,2190489,0,0,0,0,2341249,8874,163870,13110,0,71,2341249,2177379,0,2190489,0,0,0,0,2341249,8874,163870,13110,0
816,0.8159,0.81590001,0.81590003,0.815901,0.815901,40795001,40795002,-1787822,-1806002,1,0,1,0,0,77,2526206,2190489,0,2217346,0,0,0,0,2526206,18180,335717,26857,0,77,2526206,2190489,0,2217346,0,0,0,0,2526206,18180,335717,26857,0
817,0.8169,0.81690001,0.81690003,0.816901,0.816901,40845001,40845002,-1735393,-1748860,1,0,1,0,0,75,2466031,2217346,0,2237241,0,0,0,0,2466031,13467,248685,19895,0,75,2466031,2217346,0,2237241,0,0,0,0,2466031,13467,248685,19895,0
818,0.8179,0.81790001,0.81790003,0.817901,0.817901,40895001,40895002,-1682964,-1689451,1,0,1,0,0,72,2357032,2237241,0,2246824,0,0,0,0,2357032,6487,119791,9583,0,72,2357032,2237241,0,2246824,0,0,0,0,2357032,6487,119791,9583,0
819,0.8189,0.81890001,0.81890003,0.818901,0.818901,40945001,40945002,-1630536,-1631795,1,0,1,0,0,69,2270073,2246824,0,2248684,0,0,0,0,2270073,1259,23249,1860,0,69,2270073,2246824,0,2248684,0,0,0,0,2270073,1259,23249,1860,0
820,0.8199,0.81990001,0.81990003,0.819901,0.819901,40995001,40995002,-1578107,-1576650,1,0,1,0,0,68,2221779,2248684,0,2246532,0,0,0,0,2221779,-1457,-26905,-2152,0,68,2221779,2248684,0,2246532,0,0,0,0,2221779,-1457,-26905,-2152,0
821,0.8209,0.82090001,0.82090003,0.820901,0.820901,41045001,41045002,-1525678,-1525032,1,0,1,0,0,68,2234603,2246532,0,2245578,0,0,0,0,2234603,-646,-11929,-954,0,68,2234603,2246532,0,2245578,0,0,0,0,2234603,-646,-11929,-954,0
822,0.8219,0.82190001,0.82190003,0.821901,0.821901,41095001,41095002,-1473249,-1470021,1,0,1,0,0,67,2185969,2245578,0,2240809,0,0,0,0,2185969,-3228,-59609,-4769,0,67,2185969,2245578,0,2240809,0,0,0,0,2185969,-3228,-59609,-4769,0
823,0.8229,0.82290001,0.82290003,0.822901,0.822901,41145001,41145002,-1420820,-1415873,1,0,1,0,0,66,2149456,2240809,0,2233501,0,0,0,0,2149456,-4947,-91353,-7308,0,66,2149456,2240809,0,2233501,0,0,0,0,2149456,-4947,-91353,-7308,0
824,0.8239,0.82390001,0.82390003,0.823901,0.823901,41195001,41195002,-1368392,-1360102,1,0,1,0,0,63,2080416,2233501,0,2221254,0,0,0,0,2080416,-8290,-153085,-12247,0,63,2080416,2233501,0,2221254,0,0,0,0,2080416,-8290,-153085,-12247,0
825,0.8249,0.82490001,0.82490003,0.824901,0.824901,41245001,41245002,-1315963,-1309718,1,0,1,0,0,64,2105932,2221254,0,2212028,0,0,0,0,2105932,-6245,-115322,-9226,0,64,2105932,2221254,0,2212028,0,0,0,0,2105932,-6245,-115322,-9226,0
826,0.8259,0.82590001,0.82590003,0.825901,0.825901,41295001,41295002,-1263534,-1258732,1,0,1,0,0,65,2123353,2212028,0,2204934,0,0,0,0,2123353,-4802,-88675,-7094,0,65,2123353,2212028,0,2204934,0,0,0,0,2123353,-4802,-88675,-7094,0
827,0.8269,0.82690001,0.82690003,0.826901,0.826901,41345001,41345002,-1211105,-1209908,1,0,1,0,0,67,2182830,2204934,0,2203166,0,0,0,0,2182830,-1197,-22104,-1768,0,67,2182830,2204934,0,2203166,0,0,0,0,2182830,-1197,-22104,-1768,0
828,0.8279,0.82790001,0.82790003,0.827901,0.827901,41395001,41395002,-1158676,-1153647,1,0,1,0,0,64,2110299,2203166,0,2195737,0,0,0,0,2110299,-5029,-92867,-7429,0,64,2110299,2203166,0,2195737,0,0,0,0,2110299,-5029,-92867,-7429,0
829,0.8289,0.82890001,0.82890003,0.828901,0.828901,41445001,41445002,-1106248,-1106047,1,0,1,0,0,67,2192025,2195737,0,2195440,0,0,0,0,2192025,-201,-3712,-297,0,67,2192025,2195737,0,2195440,0,0,0,0,2192025,-201,-3712,-297,0
830,0.8299,0.82990001,0.82990003,0.829901,0.829901,41495001,41495002,-1053819,-1052044,1,0,1,0,0,66,2162662,2195440,0,2192818,0,0,0,0,2162662,-1775,-32778,-2622,0,66,2162662,2195440,0,2192818,0,0,0,0,2162662,-1775,-32778,-2622,0
831,0.8309,0.83090001,0.83090003,0.830901,0.830901,41545001,41545002,-1001390,-998922,1,0,1,0,0,66,2147243,2192818,0,2189172,0,0,0,0,2147243,-2468,-45575,-3646,0,66,2147243,2192818,0,2189172,0,0,0,0,2147243,-2468,-45575,-3646,0
832,0.8319,0.83190001,0.83190003,0.831901,0.831901,41595001,41595002,-948961,-948016,1,0,1,0,0,66,2171721,2189172,0,2187776,0,0,0,0,2171721,-945,-17451,-1396,0,66,2171721,2189172,0,2187776,0,0,0,0,2171721,-945,-17451,-1396,0
833,0.8329,0.83290001,0.83290003,0.832901,0.832901,41645001,41645002,-896532,-895340,1,0,1,0,0,66,2165764,2187776,0,2186015,0,0,0,0,2165764,-1192,-22012,-1761,0,66,2165764,2187776,0,2186015,0,0,0,0,2165764,-1192,-22012,-1761,0
834,0.8339,0.83390001,0.83390003,0.833901,0.833901,41695001,41695002,-844104,-840450,1,0,1,0,0,65,2118539,2186015,0,2180617,0,0,0,0,2118539,-3654,-67476,-5398,0,65,2118539,2186015,0,2180617,0,0,0,0,2118539,-3654,-67476,-5398,0
835,0.8349,0.83490001,0.83490003,0.834901,0.834901,41745001,41745002,-791675,-792408,1,0,1,0,0,67,2194153,2180617,0,2181700,0,0,0,0,2194153,733,13536,1083,0,67,2194153,2180617,0,2181700,0,0,0,0,2194153,733,13536,1083,0
836,0.8359,0.83590001,0.83590003,0.835901,0.835901,41795001,41795002,-739246,-736703,1,0,1,0,0,65,2134740,2181700,0,2177943,0,0,0,0,2134740,-2543,-46960,-3757,0,65,2134740,2181700,0,2177943,0,0,0,0,2134740,-2543,-46960,-3757,0
837,0.8369,0.83690001,0.83690003,0.836901,0.836901,41845001,41845002,-686817,-685418,1,0,1,0,0,66,2152109,2177943,0,2175876,0,0,0,0,2152109,-1399,-25834,-2067,0,66,2152109,2177943,0,2175876,0,0,0,0,2152109,-1399,-25834,-2067,0
838,0.8379,0.83790001,0.83790003,0.837901,0.837901,41895001,41895002,-634388,-633965,1,0,1,0,0,66,2168065,2175876,0,2175251,0,0,0,0,2168065,-423,-7811,-625,0,66,2168065,2175876,0,2175251,0,0,0,0,2168065,-423,-7811,-625,0
839,0.8389,0.83890001,0.83890003,0.838901,0.838901,41945001,41945002,-581960,-579610,1,0,1,0,0,65,2131855,2175251,0,2171779,0,0,0,0,2131855,-2350,-43396,-3472,0,65,2131855,2175251,0,2171779,0,0,0,0,2131855,-2350,-43396,-3472,0
840,0.8399,0.83990001,0.83990003,0.839901,0.839901,41995001,41995002,-529531,-530082,1,0,1,0,0,67,2181954,2171779,0,2172593,0,0,0,0,2181954,551,10175,814,0,67,2181954,2171779,0,2172593,0,0,0,0,2181954,551,10175,814,0
841,0.8409,0.84090001,0.84090003,0.840901,0.840901,42045001,42045002,-477102,-476479,1,0,1,0,0,66,2161089,2172593,0,2171673,0,0,0,0,2161089,-623,-11504,-920,0,66,2161089,2172593,0,2171673,0,0,0,0,2161089,-623,-11504,-920,0
842,0.8419,0.84190001,0.84190003,0.841901,0.841901,42095001,42095002,-424673,-420503,1,0,1,0,0,64,2094669,2171673,0,2165513,0,0,0,0,2094669,-4170,-77004,-6160,0,64,2094669,2171673,0,2165513,0,0,0,0,2094669,-4170,-77004,-6160,0
843,0.8429,0.84290001,0.84290003,0.842901,0.842901,42145001,42145002,-372244,-376221,1,0,1,0,0,68,2238953,2165513,0,2171388,0,0,0,0,2238953,3977,73440,5875,0,68,2238953,2165513,0,2171388,0,0,0,0,2238953,3977,73440,5875,0
844,0.8439,0.84390001,0.84390003,0.843901,0.843901,42195001,42195002,-319816,-323498,1,0,1,0,0,68,2239381,2171388,0,2176827,0,0,0,0,2239381,3682,67993,5439,0,68,2239381,2171388,0,2176827,0,0,0,0,2239381,3682,67993,5439,0
845,0.8449,0.84490001,0.84490003,0.844901,0.844901,42245001,42245002,-267387,-274012,1,0,1,0,0,70,2299166,2176827,0,2186614,0,0,0,0,2299166,6625,122339,9787,0,70,2299166,2176827,0,2186614,0,0,0,0,2299166,6625,122339,9787,0
846,0.8459,0.84590001,0.84590003,0.845901,0.845901,42295001,42295002,-214958,-230856,1,0,1,0,0,76,2480191,2186614,0,2210100,0,0,0,0,2480191,15898,293577,23486,0,76,2480191,2186614,0,2210100,0,0,0,0,2480191,15898,293577,23486,0
847,0.8469,0.84690001,0.84690003,0.846901,0.846901,42345001,42345002,-162529,-179135,1,0,1,0,0,77,2516751,2210100,0,2234632,0,0,0,0,2516751,16606,306651,24532,0,77,2516751,2210100,0,2234632,0,0,0,0,2516751,16606,306651,24532,0
848,0.8479,0.84790001,0.84790003,0.847901,0.847901,42395001,42395002,-110100,-117642,1,0,1,0,0,72,2373905,2234632,0,2245774,0,0,0,0,2373905,7542,139273,11142,0,72,2373905,2234632,0,2245774,0,0,0,0,2373905,7542,139273,11142,0
849,0.8489,0.84890001,0.84890003,0.848901,0.848901,42445001,42445002,-57672,-61512,1,0,1,0,0,71,2316685,2245774,0,2251447,0,0,0,0,2316685,3840,70911,5673,0,71,2316685,2245774,0,2251447,0,0,0,0,2316685,3840,70911,5673,0
850,0.8499,0.84990001,0.84990003,0.849901,0.849901,42495001,42495002,-5243,-5232,1,0,1,0,0,69,2251244,2251447,0,2251431,0,0,0,0,2251244,-11,-203,-16,0,69,2251244,2251447,0,2251431,0,0,0,0,2251244,-11,-203,-16,0
851,0.8509,0.85090001,0.85090003,0.850901,0.850901,42545001,42545002,0,50632,1,0,1,0,0,40,1316446,2251431,0,2176632,0,0,0,0,1316446,-50632,-934985,-74799,0,40,1316446,2251431,0,2176632,0,0,0,0,1316446,-50632,-934985,-74799,0
852,0.8519,0.85190001,0.85190003,0.851901,0.851901,42595001,42595002,0,88836,1,0,1,0,0,16,536162,2176632,0,2045394,0,0,0,0,536162,-88836,-1640470,-131238,0,16,536162,2176632,0,2045394,0,0,0,0,536162,-88836,-1640470,-131238,0
853,0.8529,0.85290001,0.85290003,0.852901,0.852901,42645001,42645002,0,105019,1,0,1,0,0,3,106084,2045394,0,1890249,0,0,0,0,106084,-105019,-1939310,-155145,0,3,106084,2045394,0,1890249,0,0,0,0,106084,-105019,-1939310,-155145,0
854,0.8539,0.85390001,0.85390003,0.853901,0.853901,42695001,42695002,0,114326,1,0,1,0,0,-7,-220927,1890249,0,1721355,0,0,0,0,-220927,-114326,-2111176,-168894,0,-7,-220927,1890249,0,1721355,0,0,0,0,-220927,-114326,-2111176,-168894,0
855,0.8549,0.85490001,0.85490003,0.854901,0.854901,42745001,42745002,0,104468,1,0,1,0,0,-6,-207780,1721355,0,1567024,0,0,0,0,-207780,-104468,-1929135,-154331,0,-6,-207780,1721355,0,1567024,0,0,0,0,-207780,-104468,-1929135,-154331,0
856,0.8559,0.85590001,0.85590003,0.855901,0.855901,42795001,42795002,0,104141,1,0,1,0,0,-11,-356073,1567024,0,1413176,0,0,0,0,-356073,-104141,-1923097,-153848,0,-11,-356073,1567024,0,1413176,0,0,0,0,-356073,-104141,-1923097,-153848,0
857,0.8569,0.85690001,0.85690003,0.856901,0.856901,42845001,42845002,0,96245,1,0,1,0,0,-11,-364111,1413176,0,1270993,0,0,0,0,-364111,-96245,-1777287,-142183,0,-11,-364111,1413176,0,1270993,0,0,0,0,-364111,-96245,-1777287,-142183,0
858,0.8579,0.85790001,0.85790003,0.857901,0.857901,42895001,42895002,0,83524,1,0,1,0,0,-8,-271384,1270993,0,1147603,0,0,0,0,-271384,-83524,-1542377,-123390,0,-8,-271384,1270993,0,1147603,0,0,0,0,-271384,-83524,-1542377,-123390,0
859,0.8589,0.85890001,0.85890003,0.858901,0.858901,42945001,42945002,0,70976,1,0,1,0,0,-5,-163060,1147603,0,1042750,0,0,0,0,-163060,-70976,-1310663,-104853,0,-5,-163060,1147603,0,1042750,0,0,0,0,-163060,-70976,-1310663,-104853,0
860,0.8599,0.85990001,0.85990003,0.859901,0.859901,42995001,42995002,0,74852,1,0,1,0,0,-10,-339488,1042750,0,932171,0,0,0,0,-339488,-74852,-1382238,-110579,0,-10,-339488,1042750,0,932171,0,0,0,0,-339488,-74852,-1382238,-110579,0
861,0.8609,0.86090001,0.86090003,0.860901,0.860901,43045001,43045002,0,70039,1,0,1,0,0,-11,-361189,932171,0,828702,0,0,0,0,-361189,-70039,-1293360,-103469,0,-11,-361189,932171,0,828702,0,0,0,0,-361189,-70039,-1293360,-103469,0
862,0.8619,0.86190001,0.86190003,0.861901,0.861901,43095001,43095002,0,61021,1,0,1,0,0,-9,-298129,828702,0,738556,0,0,0,0,-298129,-61021,-1126831,-90146,0,-9,-298129,828702,0,738556,0,0,0,0,-298129,-61021,-1126831,-90146,0
863,0.8629,0.86290001,0.86290003,0.862901,0.862901,43145001,43145002,0,51925,1,0,1,0,0,-7,-220305,738556,0,661847,0,0,0,0,-220305,-51925,-958861,-76709,0,-7,-220305,738556,0,661847,0,0,0,0,-220305,-51925,-958861,-76709,0
864,0.8639,0.86390001,0.86390003,0.863901,0.863901,43195001,43195002,0,43819,1,0,1,0,0,-4,-147327,661847,0,597113,0,0,0,0,-147327,-43819,-809174,-64734,0,-4,-147327,661847,0,597113,0,0,0,0,-147327,-43819,-809174,-64734,0
865,0.8649,0.86490001,0.86490003,0.864901,0.864901,43245001,43245002,0,36869,1,0,1,0,0,-3,-83720,597113,0,542646,0,0,0,0,-83720,-36869,-680833,-54467,0,-3,-83720,597113,0,542646,0,0,0,0,-83720,-36869,-680833,-54467,0
866,0.8659,0.86590001,0.86590003,0.865901,0.865901,43295001,43295002,0,30987,1,0,1,0,0,-1,-29569,542646,0,496869,0,0,0,0,-29569,-30987,-572215,-45777,0,-1,-29569,542646,0,496869,0,0,0,0,-29569,-30987,-572215,-45777,0
867,0.8669,0.86690001,0.86690003,0.866901,0.866901,43345001,43345002,0,36871,1,0,1,0,0,-6,-184001,496869,0,442399,0,0,0,0,-184001,-36871,-680870,-54470,0,-6,-184001,496869,0,442399,0,0,0,0,-184001,-36871,-680870,-54470,0
868,0.8679,0.86790001,0.86790003,0.867901,0.867901,43395001,43395002,0,41087,1,0,1,0,0,-10,-316325,442399,0,381701,0,0,0,0,-316325,-41087,-758724,-60698,0,-10,-316325,442399,0,381701,0,0,0,0,-316325,-41087,-758724,-60698,0
869,0.8689,0.86890001,0.86890003,0.868901,0.868901,43445001,43445002,0,37606,1,0,1,0,0,-10,-312742,381701,0,326146,0,0,0,0,-312742,-37606,-694443,-55555,0,-10,-312742,381701,0,326146,0,0,0,0,-312742,-37606,-694443,-55555,0
870,0.8699,0.86990001,0.86990003,0.869901,0.869901,43495001,43495002,0,32534,1,0,1,0,0,-8,-274636,326146,0,278083,0,0,0,0,-274636,-32534,-600782,-48063,0,-8,-274636,326146,0,278083,0,0,0,0,-274636,-32534,-600782,-48063,0
871,0.8709,0.87090001,0.87090003,0.870901,0.870901,43545001,43545002,0,27616,1,0,1,0,0,-7,-231882,278083,0,237286,0,0,0,0,-231882,-27616,-509965,-40797,0,-7,-231882,278083,0,237286,0,0,0,0,-231882,-27616,-509965,-40797,0
872,0.8719,0.87190001,0.87190003,0.871901,0.871901,43595001,43595002,0,23285,1,0,1,0,0,-6,-192701,237286,0,202887,0,0,0,0,-192701,-23285,-429987,-34399,0,-6,-192701,237286,0,202887,0,0,0,0,-192701,-23285,-429987,-34399,0
873,0.8729,0.87290001,0.87290003,0.872901,0.872901,43645001,43645002,0,19585,1,0,1,0,0,-5,-158775,202887,0,173954,0,0,0,0,-158775,-19585,-361662,-28933,0,-5,-158775,202887,0,173954,0,0,0,0,-158775,-19585,-361662,-28933,0
874,0.8739,0.87390001,0.87390003,0.873901,0.873901,43695001,43695002,0,16458,1,0,1,0,0,-4,-129964,173954,0,149641,0,0,0,0,-129964,-16458,-303918,-24313,0,-4,-129964,173954,0,149641,0,0,0,0,-129964,-16458,-303918,-24313,0
875,0.8749,0.87490001,0.87490003,0.874901,0.874901,43745001,43745002,0,13827,1,0,1,0,0,-3,-105692,149641,0,129214,0,0,0,0,-105692,-13827,-255333,-20427,0,-3,-105692,149641,0,129214,0,0,0,0,-105692,-13827,-255333,-20427,0
876,0.8759,0.87590001,0.87590003,0.875901,0.875901,43795001,43795002,0,11614,1,0,1,0,0,-3,-85253,129214,0,112057,0,0,0,0,-85253,-11614,-214467,-17157,0,-3,-85253,129214,0,112057,0,0,0,0,-85253,-11614,-214467,-17157,0
877,0.8769,0.87690001,0.87690003,0.876901,0.876901,43845001,43845002,0,9756,1,0,1,0,0,-2,-68100,112057,0,97644,0,0,0,0,-68100,-9756,-180157,-14413,0,-2,-68100,112057,0,97644,0,0,0,0,-68100,-9756,-180157,-14413,0
878,0.8779,0.87790001,0.87790003,0.877901,0.877901,43895001,43895002,0,8194,1,0,1,0,0,-2,-53669,97644,0,85539,0,0,0,0,-53669,-8194,-151313,-12105,0,-2,-53669,97644,0,85539,0,0,0,0,-53669,-8194,-151313,-12105,0
879,0.8789,0.87890001,0.87890003,0.878901,0.878901,43945001,43945002,0,6883,1,0,1,0,0,-1,-41564,85539,0,75371,0,0,0,0,-41564,-6883,-127103,-10168,0,-1,-41564,85539,0,75371,0,0,0,0,-41564,-6883,-127103,-10168,0
880,0.8799,0.87990001,0.87990003,0.879901,0.879901,43995001,43995002,0,5781,1,0,1,0,0,-1,-31383,75371,0,66831,0,0,0,0,-31383,-5781,-106754,-8540,0,-1,-31383,75371,0,66831,0,0,0,0,-31383,-5781,-106754,-8540,0
881,0.8809,0.88090001,0.88090003,0.880901,0.880901,44045001,44045002,0,4856,1,0,1,0,0,-1,-22841,66831,0,59657,0,0,0,0,-22841,-4856,-89672,-7174,0,-1,-22841,66831,0,59657,0,0,0,0,-22841,-4856,-89672,-7174,0
882,0.8819,0.88190001,0.88190003,0.881901,0.881901,44095001,44095002,0,4079,1,0,1,0,0,0,-15667,59657,0,53631,0,0,0,0,-15667,-4079,-75324,-6026,0,0,-15667,59657,0,53631,0,0,0,0,-15667,-4079,-75324,-6026,0
883,0.8829,0.88290001,0.88290003,0.882901,0.882901,44145001,44145002,0,3426,1,0,1,0,0,0,-9634,53631,0,48570,0,0,0,0,-9634,-3426,-63265,-5061,0,0,-9634,53631,0,48570,0,0,0,0,-9634,-3426,-63265,-5061,0
884,0.8839,0.88390001,0.88390003,0.883901,0.883901,44195001,44195002,0,2877,1,0,1,0,0,0,-4557,48570,0,44320,0,0,0,0,-4557,-2877,-53127,-4250,0,0,-4557,48570,0,44320,0,0,0,0,-4557,-2877,-53127,-4250,0
885,0.8849,0.88490001,0.88490003,0.884901,0.884901,44245001,44245002,0,2417,1,0,1,0,0,0,-313,44320,0,40749,0,0,0,0,-313,-2417,-44633,-3571,0,0,-313,44320,0,40749,0,0,0,0,-313,-2417,-44633,-3571,0
886,0.8859,0.88590001,0.88590003,0.885901,0.885901,44295001,44295002,0,2030,1,0,1,0,0,0,3262,40749,0,37750,0,0,0,0,3262,-2030,-37487,-2999,0,0,3262,40749,0,37750,0,0,0,0,3262,-2030,-37487,-2999,0
887,0.8869,0.88690001,0.88690003,0.886901,0.886901,44345001,44345002,0,1705,1,0,1,0,0,0,6265,37750,0,35231,0,0,0,0,6265,-1705,-31485,-2519,0,0,6265,37750,0,35231,0,0,0,0,6265,-1705,-31485,-2519,0
888,0.8879,0.88790001,0.88790003,0.887901,0.887901,44395001,44395002,0,1432,1,0,1,0,0,0,8787,35231,0,33116,0,0,0,0,8787,-1432,-26444,-2115,0,0,8787,35231,0,33116,0,0,0,0,8787,-1432,-26444,-2115,0
889,0.8889,0.88890001,0.88890003,0.888901,0.888901,44445001,44445002,0,1203,1,0,1,0,0,0,10901,33116,0,31339,0,0,0,0,10901,-1203,-22215,-1777,0,0,10901,33116,0,31339,0,0,0,0,10901,-1203,-22215,-1777,0
890,0.8899,0.88990001,0.88990003,0.889901,0.889901,44495001,44495002,0,1010,1,0,1,0,0,0,12688,31339,0,29847,0,0,0,0,12688,-1010,-18651,-1492,0,0,12688,31339,0,29847,0,0,0,0,12688,-1010,-18651,-1492,0
891,0.8909,0.89090001,0.89090003,0.890901,0.890901,44545001,44545002,0,849,1,0,1,0,0,0,14169,29847,0,28593,0,0,0,0,14169,-849,-15678,-1254,0,0,14169,29847,0,28593,0,0,0,0,14169,-849,-15678,-1254,0
892,0.8919,0.89190001,0.89190003,0.891901,0.891901,44595001,44595002,0,713,1,0,1,0,0,0,15427,28593,0,27540,0,0,0,0,15427,-713,-13166,-1053,0,0,15427,28593,0,27540,0,0,0,0,15427,-713,-13166,-1053,0
893,0.8929,0.89290001,0.89290003,0.892901,0.892901,44645001,44645002,0,599,1,0,1,0,0,1,16479,27540,0,26655,0,0,0,0,16479,-599,-11061,-885,0,1,16479,27540,0,26655,0,0,0,0,16479,-599,-11061,-885,0
894,0.8939,0.89390001,0.89390003,0.893901,0.893901,44695001,44695002,0,503,1,0,1,0,0,1,17366,26655,0,25912,0,0,0,0,17366,-503,-9289,-743,0,1,17366,26655,0,25912,0,0,0,0,17366,-503,-9289,-743,0
895,0.8949,0.89490001,0.89490003,0.894901,0.894901,44745001,44745002,0,422,1,0,1,0,0,1,18119,25912,0,25289,0,0,0,0,18119,-422,-7793,-623,0,1,18119,25912,0,25289,0,0,0,0,18119,-422,-7793,-623,0
896,0.8959,0.89590001,0.89590003,0.895901,0.895901,44795001,44795002,0,355,1,0,1,0,0,1,18733,25289,0,24765,0,0,0,0,18733,-355,-6556,-524,0,1,18733,25289,0,24765,0,0,0,0,18733,-355,-6556,-524,0
897,0.8969,0.89690001,0.89690003,0.896901,0.896901,44845001,44845002,0,298,1,0,1,0,0,1,19262,24765,0,24325,0,0,0,0,19262,-298,-5503,-440,0,1,19262,24765,0,24325,0,0,0,0,19262,-298,-5503,-440,0
898,0.8979,0.89790001,0.89790003,0.897901,0.897901,44895001,44895002,0,250,1,0,1,0,0,1,19708,24325,0,23956,0,0,0,0,19708,-250,-4617,-369,0,1,19708,24325,0,23956,0,0,0,0,19708,-250,-4617,-369,0
899,0.8989,0.89890001,0.89890003,0.898901,0.898901,44945001,44945002,0,210,1,0,1,0,0,1,20078,23956,0,23646,0,0,0,0,20078,-210,-3878,-310,0,1,20078,23956,0,23646,0,0,0,0,20078,-210,-3878,-310,0
900,0.8999,0.89990001,0.89990003,0.899901,0.899901,44995001,44995002,0,177,1,0,1,0,0,1,20377,23646,0,23385,0,0,0,0,20377,-177,-3269,-261,0,1,20377,23646,0,23385,0,0,0,0,20377,-177,-3269,-261,0
901,0.9009,0.90090001,0.90090003,0.900901,0.900901,45045001,45045002,0,-513847,1,0,1,0,0,290,9512227,23385,0,782492,0,0,0,0,9512227,513847,9488842,759107,0,290,9512227,23385,0,782492,0,0,0,0,9512227,513847,9488842,759107,0
902,0.9019,0.90190001,0.90190003,0.901901,0.901901,45095001,45095002,0,-938370,1,0,1,0,0,553,18110693,782492,0,2168748,0,0,0,0,18110693,938370,17328201,1386256,0,553,18110693,782492,0,2168748,0,0,0,0,18110693,938370,17328201,1386256,0
903,0.9029,0.90290001,0.90290003,0.902901,0.902901,45145001,45145002,0,-1146096,1,0,1,0,0,712,23332875,2168748,0,3861879,0,0,0,0,23332875,1146096,21164127,1693131,0,712,23332875,2168748,0,3861879,0,0,0,0,23332875,1146096,21164127,1693131,0
904,0.9039,0.90390001,0.90390003,0.903901,0.903901,45195001,45195002,0,-1207174,1,0,1,0,0,798,26153890,3861879,0,5645240,0,0,0,0,26153890,1207174,22292011,1783361,0,798,26153890,3861879,0,5645240,0,0,0,0,26153890,1207174,22292011,1783361,0
905,0.9049,0.90490001,0.90490003,0.904901,0.904901,45245001,45245002,0,-1179430,1,0,1,0,0,837,27424922,5645240,0,7387615,0,0,0,0,27424922,1179430,21779682,1742375,0,837,27424922,5645240,0,7387615,0,0,0,0,27424922,1179430,21779682,1742375,0
906,0.9059,0.90590001,0.90590003,0.905901,0.905901,45295001,45295002,0,-1112517,1,0,1,0,0,852,27931663,7387615,0,9031139,0,0,0,0,27931663,1112517,20544048,1643524,0,852,27931663,7387615,0,9031139,0,0,0,0,27931663,1112517,20544048,1643524,0
907,0.9069,0.90690001,0.90690003,0.906901,0.906901,45345001,45345002,0,-1030535,1,0,1,0,0,856,28061285,9031139,0,10553551,0,0,0,0,28061285,1030535,19030146,1522412,0,856,28061285,9031139,0,10553551,0,0,0,0,28061285,1030535,19030146,1522412,0
908,0.9079,0.90790001,0.90790003,0.907901,0.907901,45395001,45395002,0,-939230,1,0,1,0,0,851,27897633,10553551,0,11941078,0,0,0,0,27897633,939230,17344082,1387527,0,851,27897633,10553551,0,11941078,0,0,0,0,27897633,939230,17344082,1387527,0
909,0.9089,0.90890001,0.90890003,0.908901,0.908901,45445001,45445002,0,-851261,1,0,1,0,0,844,27660700,11941078,0,13198648,0,0,0,0,27660700,851261,15719622,1257570,0,844,27660700,11941078,0,13198648,0,0,0,0,27660700,851261,15719622,1257570,0
910,0.9099,0.90990001,0.90990003,0.909901,0.909901,45495001,45495002,0,-766653,1,0,1,0,0,835,27355875,13198648,0,14331226,0,0,0,0,27355875,766653,14157227,1132578,0,835,27355875,13198648,0,14331226,0,0,0,0,27355875,766653,14157227,1132578,0
911,0.9109,0.91090001,0.91090003,0.910901,0.910901,45545001,45545002,0,-688585,1,0,1,0,0,825,27046828,14331226,0,15348474,0,0,0,0,27046828,688585,12715602,1017248,0,825,27046828,14331226,0,15348474,0,0,0,0,27046828,688585,12715602,1017248,0
912,0.9119,0.91190001,0.91190003,0.911901,0.911901,45595001,45595002,0,-614439,1,0,1,0,0,815,26694875,15348474,0,16256186,0,0,0,0,26694875,614439,11346401,907712,0,815,26694875,15348474,0,16256186,0,0,0,0,26694875,614439,11346401,907712,0
913,0.9129,0.91290001,0.91290003,0.912901,0.912901,45645001,45645002,0,-549651,1,0,1,0,0,806,26406194,16256186,0,17068187,0,0,0,0,26406194,549651,10150008,812001,0,806,26406194,16256186,0,17068187,0,0,0,0,26406194,549651,10150008,812001,0
914,0.9139,0.91390001,0.91390003,0.913901,0.913901,45695001,45695002,0,-496310,1,0,1,0,0,801,26233185,17068187,0,17801387,0,0,0,0,26233185,496310,9164998,733200,0,801,26233185,17068187,0,17801387,0,0,0,0,26233185,496310,9164998,733200,0
915,0.9149,0.91490001,0.91490003,0.914901,0.914901,45745001,45745002,0,-444931,1,0,1,0,0,794,26017607,17801387,0,18458685,0,0,0,0,26017607,444931,8216220,657298,0,794,26017607,17801387,0,18458685,0,0,0,0,26017607,444931,8216220,657298,0
916,0.9159,0.91590001,0.91590003,0.915901,0.915901,45795001,45795002,0,-400207,1,0,1,0,0,789,25849019,18458685,0,19049912,0,0,0,0,25849019,400207,7390334,591227,0,789,25849019,18458685,0,19049912,0,0,0,0,25849019,400207,7390334,591227,0
917,0.9169,0.91690001,0.91690003,0.916901,0.916901,45845001,45845002,0,-357984,1,0,1,0,0,783,25660544,19049912,0,19578763,0,0,0,0,25660544,357984,6610632,528851,0,783,25660544,19049912,0,19578763,0,0,0,0,25660544,357984,6610632,528851,0
918,0.9179,0.91790001,0.91790003,0.917901,0.917901,45895001,45895002,0,-322631,1,0,1,0,0,779,25536557,19578763,0,20055387,0,0,0,0,25536557,322631,5957794,476624,0,779,25536557,19578763,0,20055387,0,0,0,0,25536557,322631,5957794,476624,0
919,0.9189,0.91890001,0.91890003,0.918901,0.918901,45945001,45945002,0,-288138,1,0,1,0,0,774,25376223,20055387,0,20481054,0,0,0,0,25376223,288138,5320836,425667,0,774,25376223,20055387,0,20481054,0,0,0,0,25376223,288138,5320836,425667,0
920,0.9199,0.91990001,0.91990003,0.919901,0.919901,45995001,45995002,0,-255706,1,0,1,0,0,769,25202992,20481054,0,20858809,0,0,0,0,25202992,255706,4721938,377755,0,769,25202992,20481054,0,20858809,0,0,0,0,25202992,255706,4721938,377755,0
921,0.9209,0.92090001,0.92090003,0.920901,0.920901,46045001,46045002,0,-231968,1,0,1,0,0,767,25142395,20858809,0,21201496,0,0,0,0,25142395,231968,4283586,342687,0,767,25142395,20858809,0,21201496,0,0,0,0,25142395,231968,4283586,342687,0
922,0.9219,0.92190001,0.92190003,0.921901,0.921901,46095001,46095002,0,-206569,1,0,1,0,0,763,25016057,21201496,0,21506661,0,0,0,0,25016057,206569,3814561,305165,0,763,25016057,21201496,0,21506661,0,0,0,0,25016057,206569,3814561,305165,0
923,0.9229,0.92290001,0.92290003,0.922901,0.922901,46145001,46145002,0,-189960,1,0,1,0,0,763,25014515,21506661,0,21787289,0,0,0,0,25014515,189960,3507854,280628,0,763,25014515,21506661,0,21787289,0,0,0,0,25014515,189960,3507854,280628,0
924,0.9239,0.92390001,0.92390003,0.923901,0.923901,46195001,46195002,0,-169013,1,0,1,0,0,760,24908330,21787289,0,22036972,0,0,0,0,24908330,169013,3121041,249683,0,760,24908330,21787289,0,22036972,0,0,0,0,24908330,169013,3121041,249683,0
925,0.9249,0.92490001,0.92490003,0.924901,0.924901,46245001,46245002,0,-148927,1,0,1,0,0,756,24787099,22036972,0,22256982,0,0,0,0,24787099,148927,2750127,220010,0,756,24787099,22036972,0,22256982,0,0,0,0,24787099,148927,2750127,220010,0
926,0.9259,0.92590001,0.92590003,0.925901,0.925901,46295001,46295002,0,-134571,1,0,1,0,0,755,24742008,22256982,0,22455784,0,0,0,0,24742008,134571,2485026,198802,0,755,24742008,22256982,0,22455784,0,0,0,0,24742008,134571,2485026,198802,0
927,0.9269,0.92690001,0.92690003,0.926901,0.926901,46345001,46345002,0,-118014,1,0,1,0,0,752,24635063,22455784,0,22630126,0,0,0,0,24635063,118014,2179279,174342,0,752,24635063,22455784,0,22630126,0,0,0,0,24635063,118014,2179279,174342,0
928,0.9279,0.92790001,0.92790003,0.927901,0.927901,46395001,46395002,0,-109683,1,0,1,0,0,752,24655563,22630126,0,22792161,0,0,0,0,24655563,109683,2025437,162035,0,752,24655563,22630126,0,22792161,0,0,0,0,24655563,109683,2025437,162035,0
929,0.9289,0.92890001,0.92890003,0.928901,0.928901,46445001,46445002,0,-96652,1,0,1,0,0,750,24576964,22792161,0,22934945,0,0,0,0,24576964,96652,1784803,142784,0,750,24576964,22792161,0,22934945,0,0,0,0,24576964,96652,1784803,142784,0
930,0.9299,0.92990001,0.92990003,0.929901,0.929901,46495001,46495002,0,-86357,1,0,1,0,0,749,24529637,22934945,0,23062520,0,0,0,0,24529637,86357,1594692,127575,0,749,24529637,22934945,0,23062520,0,0,0,0,24529637,86357,1594692,127575,0
931,0.9309,0.93090001,0.93090003,0.930901,0.930901,46545001,46545002,0,-80780,1,0,1,0,0,749,24554226,23062520,0,23181857,0,0,0,0,24554226,80780,1491706,119337,0,749,24554226,23062520,0,23181857,0,0,0,0,24554226,80780,1491706,119337,0
932,0.9319,0.93190001,0.93190003,0.931901,0.931901,46595001,46595002,0,-71671,1,0,1,0,0,748,24505354,23181857,0,23287737,0,0,0,0,24505354,71671,1323497,105880,0,748,24505354,23181857,0,23287737,0,0,0,0,24505354,71671,1323497,105880,0
933,0.9329,0.93290001,0.93290003,0.932901,0.932901,46645001,46645002,0,-62791,1,0,1,0,0,746,24447253,23287737,0,23380498,0,0,0,0,24447253,62791,1159516,92761,0,746,24447253,23287737,0,23380498,0,0,0,0,24447253,62791,1159516,92761,0
934,0.9339,0.93390001,0.93390003,0.933901,0.933901,46695001,46695002,0,-54958,1,0,1,0,0,744,24395368,23380498,0,23461688,0,0,0,0,24395368,54958,1014870,81190,0,744,24395368,23380498,0,23461688,0,0,0,0,24395368,54958,1014870,81190,0
935,0.9349,0.93490001,0.93490003,0.934901,0.934901,46745001,46745002,0,-49423,1,0,1,0,0,744,24374347,23461688,0,23534701,0,0,0,0,24374347,49423,912659,73013,0,744,24374347,23461688,0,23534701,0,0,0,0,24374347,49423,912659,73013,0
936,0.9359,0.93590001,0.93590003,0.935901,0.935901,46795001,46795002,0,-44308,1,0,1,0,0,743,24352905,23534701,0,23600157,0,0,0,0,24352905,44308,818204,65456,0,743,24352905,23534701,0,23600157,0,0,0,0,24352905,44308,818204,65456,0
937,0.9369,0.93690001,0.93690003,0.936901,0.936901,46845001,46845002,0,-39237,1,0,1,0,0,742,24324718,23600157,0,23658122,0,0,0,0,24324718,39237,724561,57965,0,742,24324718,23600157,0,23658122,0,0,0,0,24324718,39237,724561,57965,0
938,0.9379,0.93790001,0.93790003,0.937901,0.937901,46895001,46895002,0,-34741,1,0,1,0,0,742,24299659,23658122,0,23709445,0,0,0,0,24299659,34741,641537,51323,0,742,24299659,23658122,0,23709445,0,0,0,0,24299659,34741,641537,51323,0
939,0.9389,0.93890001,0.93890003,0.938901,0.938901,46945001,46945002,0,-30892,1,0,1,0,0,741,24279905,23709445,0,23755082,0,0,0,0,24279905,30892,570460,45637,0,741,24279905,23709445,0,23755082,0,0,0,0,24279905,30892,570460,45637,0
940,0.9399,0.93990001,0.93990003,0.939901,0.939901,46995001,46995002,0,-27637,1,0,1,0,0,741,24265435,23755082,0,23795910,0,0,0,0,24265435,27637,510353,40828,0,741,24265435,23755082,0,23795910,0,0,0,0,24265435,27637,510353,40828,0
941,0.9409,0.94090001,0.94090003,0.940901,0.940901,47045001,47045002,0,-24896,1,0,1,0,0,740,24255646,23795910,0,23832689,0,0,0,0,24255646,24896,459736,36779,0,740,24255646,23795910,0,23832689,0,0,0,0,24255646,24896,459736,36779,0
942,0.9419,0.94190001,0.94190003,0.941901,0.941901,47095001,47095002,0,-26947,1,0,1,0,0,743,24330300,23832689,0,23872498,0,0,0,0,24330300,26947,497611,39809,0,743,24330300,23832689,0,23872498,0,0,0,0,24330300,26947,497611,39809,0
943,0.9429,0.94290001,0.94290003,0.942901,0.942901,47145001,47145002,0,-24607,1,0,1,0,0,742,24326898,23872498,0,23908850,0,0,0,0,24326898,24607,454400,36352,0,742,24326898,23872498,0,23908850,0,0,0,0,24326898,24607,454400,36352,0
944,0.9439,0.94390001,0.94390003,0.943901,0.943901,47195001,47195002,0,-19444,1,0,1,0,0,741,24267908,23908850,0,23937575,0,0,0,0,24267908,19444,359058,28725,0,741,24267908,23908850,0,23937575,0,0,0,0,24267908,19444,359058,28725,0
945,0.9449,0.94490001,0.94490003,0.944901,0.944901,47245001,47245002,0,-17122,1,0,1,0,0,740,24253755,23937575,0,23962869,0,0,0,0,24253755,17122,316180,25294,0,740,24253755,23937575,0,23962869,0,0,0,0,24253755,17122,316180,25294,0
946,0.9459,0.94590001,0.94590003,0.945901,0.945901,47295001,47295002,0,-15789,1,0,1,0,0,740,24254433,23962869,0,23986194,0,0,0,0,24254433,15789,291564,23325,0,740,24254433,23962869,0,23986194,0,0,0,0,24254433,15789,291564,23325,0
947,0.9469,0.94690001,0.94690003,0.946901,0.946901,47345001,47345002,0,-14850,1,0,1,0,0,740,24260418,23986194,0,24008132,0,0,0,0,24260418,14850,274224,21938,0,740,24260418,23986194,0,24008132,0,0,0,0,24260418,14850,274224,21938,0
948,0.9479,0.94790001,0.94790003,0.947901,0.947901,47395001,47395002,0,-14814,1,0,1,0,0,741,24281691,24008132,0,24030017,0,0,0,0,24281691,14814,273559,21885,0,741,24281691,24008132,0,24030017,0,0,0,0,24281691,14814,273559,21885,0
949,0.9489,0.94890001,0.94890003,0.948901,0.948901,47445001,47445002,0,-12110,1,0,1,0,0,740,24253644,24030017,0,24047907,0,0,0,0,24253644,12110,223627,17890,0,740,24253644,24030017,0,24047907,0,0,0,0,24253644,12110,223627,17890,0
950,0.9499,0.94990001,0.94990003,0.949901,0.949901,47495001,47495002,0,-11494,1,0,1,0,0,740,24260158,24047907,0,24064887,0,0,0,0,24260158,11494,212251,16980,0,740,24260158,24047907,0,24064887,0,0,0,0,24260158,11494,212251,16980,0
951,0.9509,0.95090001,0.95090003,0.950901,0.950901,47545001,47545002,0,-6644,1,0,1,0,0,738,24187577,24064887,0,24074702,0,0,0,0,24187577,6644,122690,9815,0,738,24187577,24064887,0,24074702,0,0,0,0,24187577,6644,122690,9815,0
952,0.9519,0.95190001,0.95190003,0.951901,0.951901,47595001,47595002,0,-5549,1,0,1,0,0,738,24177171,24074702,0,24082900,0,0,0,0,24177171,5549,102469,8198,0,738,24177171,24074702,0,24082900,0,0,0,0,24177171,5549,102469,8198,0
953,0.9529,0.95290001,0.95290003,0.952901,0.952901,47645001,47645002,0,-5831,1,0,1,0,0,738,24190577,24082900,0,24091514,0,0,0,0,24190577,5831,107677,8614,0,738,24190577,24082900,0,24091514,0,0,0,0,24190577,5831,107677,8614,0
954,0.9539,0.95390001,0.95390003,0.953901,0.953901,47695001,47695002,0,-6436,1,0,1,0,0,739,24210363,24091514,0,24101022,0,0,0,0,24210363,6436,118849,9508,0,739,24210363,24091514,0,24101022,0,0,0,0,24210363,6436,118849,9508,0
955,0.9549,0.95490001,0.95490003,0.954901,0.954901,47745001,47745002,0,-7056,1,0,1,0,0,739,24231320,24101022,0,24111446,0,0,0,0,24231320,7056,130298,10424,0,739,24231320,24101022,0,24111446,0,0,0,0,24231320,7056,130298,10424,0
956,0.9559,0.95590001,0.95590003,0.955901,0.955901,47795001,47795002,0,-5454,1,0,1,0,0,739,24212161,24111446,0,24119503,0,0,0,0,24212161,5454,100715,8057,0,739,24212161,24111446,0,24119503,0,0,0,0,24212161,5454,100715,8057,0
957,0.9569,0.95690001,0.95690003,0.956901,0.956901,47845001,47845002,0,-5290,1,0,1,0,0,739,24217190,24119503,0,24127318,0,0,0,0,24217190,5290,97687,7815,0,739,24217190,24119503,0,24127318,0,0,0,0,24217190,5290,97687,7815,0
958,0.9579,0.95790001,0.95790003,0.957901,0.957901,47895001,47895002,0,-4998,1,0,1,0,0,739,24219612,24127318,0,24134702,0,0,0,0,24219612,4998,92294,7384,0,739,24219612,24127318,0,24134702,0,0,0,0,24219612,4998,92294,7384,0
959,0.9589,0.95890001,0.95890003,0.958901,0.958901,47945001,47945002,0,-3330,1,0,1,0,0,738,24196195,24134702,0,24139621,0,0,0,0,24196195,3330,61493,4919,0,738,24196195,24134702,0,24139621,0,0,0,0,24196195,3330,61493,4919,0
960,0.9599,0.95990001,0.95990003,0.959901,0.959901,47995001,47995002,0,-3859,1,0,1,0,0,739,24210882,24139621,0,24145322,0,0,0,0,24210882,3859,71261,5701,0,739,24210882,24139621,0,24145322,0,0,0,0,24210882,3859,71261,5701,0
961,0.9609,0.96090001,0.96090003,0.960901,0.960901,48045001,48045002,0,-1085,1,0,1,0,0,737,24165358,24145322,0,24146925,0,0,0,0,24165358,1085,20036,1603,0,737,24165358,24145322,0,24146925,0,0,0,0,24165358,1085,20036,1603,0
962,0.9619,0.96190001,0.96190003,0.961901,0.961901,48095001,48095002,0,-639,1,0,1,0,0,737,24158725,24146925,0,24147869,0,0,0,0,24158725,639,11800,944,0,737,24158725,24146925,0,24147869,0,0,0,0,24158725,639,11800,944,0
963,0.9629,0.96290001,0.96290003,0.962901,0.962901,48145001,48145002,0,-1619,1,0,1,0,0,738,24177766,24147869,0,24150261,0,0,0,0,24177766,1619,29897,2392,0,738,24177766,24147869,0,24150261,0,0,0,0,24177766,1619,29897,2392,0
964,0.9639,0.96390001,0.96390003,0.963901,0.963901,48195001,48195002,0,-2857,1,0,1,0,0,739,24203019,24150261,0,24154482,0,0,0,0,24203019,2857,52758,4221,0,739,24203019,24150261,0,24154482,0,0,0,0,24203019,2857,52758,4221,0
965,0.9649,0.96490001,0.96490003,0.964901,0.964901,48245001,48245002,0,-4712,1,0,1,0,0,740,24241495,24154482,0,24161443,0,0,0,0,24241495,4712,87013,6961,0,740,24241495,24154482,0,24161443,0,0,0,0,24241495,4712,87013,6961,0
966,0.9659,0.96590001,0.96590003,0.965901,0.965901,48295001,48295002,0,-763,1,0,1,0,0,738,24175533,24161443,0,24162570,0,0,0,0,24175533,763,14090,1127,0,738,24175533,24161443,0,24162570,0,0,0,0,24175533,763,14090,1127,0
967,0.9669,0.96690001,0.96690003,0.966901,0.966901,48345001,48345002,0,1401,1,0,1,0,0,737,24136699,24162570,0,24160500,0,0,0,0,24136699,-1401,-25871,-2070,0,737,24136699,24162570,0,24160500,0,0,0,0,24136699,-1401,-25871,-2070,0
968,0.9679,0.96790001,0.96790003,0.967901,0.967901,48395001,48395002,0,621,1,0,1,0,0,737,24149032,24160500,0,24159583,0,0,0,0,24149032,-621,-11468,-917,0,737,24149032,24160500,0,24159583,0,0,0,0,24149032,-621,-11468,-917,0
969,0.9689,0.96890001,0.96890003,0.968901,0.968901,48445001,48445002,0,-828,1,0,1,0,0,738,24174873,24159583,0,24160806,0,0,0,0,24174873,828,15290,1223,0,738,24174873,24159583,0,24160806,0,0,0,0,24174873,828,15290,1223,0
970,0.9699,0.96990001,0.96990003,0.969901,0.969901,48495001,48495002,0,-2288,1,0,1,0,0,739,24203057,24160806,0,24164186,0,0,0,0,24203057,2288,42251,3380,0,739,24203057,24160806,0,24164186,0,0,0,0,24203057,2288,42251,3380,0
971,0.9709,0.97090001,0.97090003,0.970901,0.970901,48545001,48545002,0,-1431,1,0,1,0,0,738,24190611,24164186,0,24166300,0,0,0,0,24190611,1431,26425,2114,0,738,24190611,24164186,0,24166300,0,0,0,0,24190611,1431,26425,2114,0
972,0.9719,0.97190001,0.97190003,0.971901,0.971901,48595001,48595002,0,-1906,1,0,1,0,0,739,24201497,24166300,0,24169116,0,0,0,0,24201497,1906,35197,2816,0,739,24201497,24166300,0,24169116,0,0,0,0,24201497,1906,35197,2816,0
973,0.9729,0.97290001,0.97290003,0.972901,0.972901,48645001,48645002,0,-435,1,0,1,0,0,738,24177149,24169116,0,24169759,0,0,0,0,24177149,435,8033,643,0,738,24177149,24169116,0,24169759,0,0,0,0,24177149,435,8033,643,0
974,0.9739,0.97390001,0.97390003,0.973901,0.973901,48695001,48695002,0,-690,1,0,1,0,0,738,24182501,24169759,0,24170778,0,0,0,0,24182501,690,12742,1019,0,738,24182501,24169759,0,24170778,0,0,0,0,24182501,690,12742,1019,0
975,0.9749,0.97490001,0.97490003,0.974901,0.974901,48745001,48745002,0,-497,1,0,1,0,0,738,24179956,24170778,0,24171512,0,0,0,0,24179956,497,9178,734,0,738,24179956,24170778,0,24171512,0,0,0,0,24179956,497,9178,734,0
976,0.9759,0.97590001,0.97590003,0.975901,0.975901,48795001,48795002,0,1436,1,0,1,0,0,737,24144994,24171512,0,24169391,0,0,0,0,24144994,-1436,-26518,-2121,0,737,24144994,24171512,0,24169391,0,0,0,0,24144994,-1436,-26518,-2121,0
977,0.9769,0.97690001,0.97690003,0.976901,0.976901,48845001,48845002,0,608,1,0,1,0,0,737,24158164,24169391,0,24168493,0,0,0,0,24158164,-608,-11227,-898,0,737,24158164,24169391,0,24168493,0,0,0,0,24158164,-608,-11227,-898,0
978,0.9779,0.97790001,0.97790003,0.977901,0.977901,48895001,48895002,0,-838,1,0,1,0,0,738,24183968,24168493,0,24169731,0,0,0,0,24183968,838,15475,1238,0,738,24183968,24168493,0,24169731,0,0,0,0,24183968,838,15475,1238,0
979,0.9789,0.97890001,0.97890003,0.978901,0.978901,48945001,48945002,0,-2980,1,0,1,0,0,739,24224761,24169731,0,24174133,0,0,0,0,24224761,2980,55030,4402,0,739,24224761,24169731,0,24174133,0,0,0,0,24224761,2980,55030,4402,0
980,0.9799,0.97990001,0.97990003,0.979901,0.979901,48995001,48995002,0,-2150,1,0,1,0,0,739,24213835,24174133,0,24177309,0,0,0,0,24213835,2150,39702,3176,0,739,24213835,24174133,0,24177309,0,0,0,0,24213835,2150,39702,3176,0
981,0.9809,0.98090001,0.98090003,0.980901,0.980901,49045001,49045002,0,-276,1,0,1,0,0,738,24182406,24177309,0,24177717,0,0,0,0,24182406,276,5097,408,0,738,24182406,24177309,0,24177717,0,0,0,0,24182406,276,5097,408,0
982,0.9819,0.98190001,0.98190003,0.981901,0.981901,49095001,49095002,0,1300,1,0,1,0,0,737,24153711,24177717,0,24175797,0,0,0,0,24153711,-1300,-24006,-1920,0,737,24153711,24177717,0,24175797,0,0,0,0,24153711,-1300,-24006,-1920,0
983,0.9829,0.98290001,0.98290003,0.982901,0.982901,49145001,49145002,0,389,1,0,1,0,0,738,24168614,24175797,0,24175222,0,0,0,0,24168614,-389,-7183,-575,0,738,24168614,24175797,0,24175222,0,0,0,0,24168614,-389,-7183,-575,0
984,0.9839,0.98390001,0.98390003,0.983901,0.983901,49195001,49195002,0,-168,1,0,1,0,0,738,24178324,24175222,0,24175470,0,0,0,0,24178324,168,3102,248,0,738,24178324,24175222,0,24175470,0,0,0,0,24178324,168,3102,248,0
985,0.9849,0.98490001,0.98490003,0.984901,0.984901,49245001,49245002,0,183,1,0,1,0,0,738,24172091,24175470,0,24175200,0,0,0,0,24172091,-183,-3379,-270,0,738,24172091,24175470,0,24175200,0,0,0,0,24172091,-183,-3379,-270,0
986,0.9859,0.98590001,0.98590003,0.985901,0.985901,49295001,49295002,0,-1052,1,0,1,0,0,738,24194627,24175200,0,24176754,0,0,0,0,24194627,1052,19427,1554,0,738,24194627,24175200,0,24176754,0,0,0,0,24194627,1052,19427,1554,0
987,0.9869,0.98690001,0.98690003,0.986901,0.986901,49345001,49345002,0,129,1,0,1,0,0,738,24174372,24176754,0,24176563,0,0,0,0,24174372,-129,-2382,-191,0,738,24174372,24176754,0,24176563,0,0,0,0,24174372,-129,-2382,-191,0
988,0.9879,0.98790001,0.98790003,0.987901,0.987901,49395001,49395002,0,-263,1,0,1,0,0,738,24181420,24176563,0,24176952,0,0,0,0,24181420,263,4857,389,0,738,24181420,24176563,0,24176952,0,0,0,0,24181420,263,4857,389,0
989,0.9889,0.98890001,0.98890003,0.988901,0.988901,49445001,49445002,0,-153,1,0,1,0,0,738,24179777,24176952,0,24177178,0,0,0,0,24179777,153,2825,226,0,738,24179777,24176952,0,24177178,0,0,0,0,24179777,153,2825,226,0
990,0.9899,0.98990001,0.98990003,0.989901,0.989901,49495001,49495002,0,1721,1,0,1,0,0,737,24145398,24177178,0,24174636,0,0,0,0,24145398,-1721,-31780,-2542,0,737,24145398,24177178,0,24174636,0,0,0,0,24145398,-1721,-31780,-2542,0
991,0.9909,0.99090001,0.99090003,0.990901,0.990901,49545001,49545002,0,846,1,0,1,0,0,737,24159014,24174636,0,24173386,0,0,0,0,24159014,-846,-15622,-1250,0,737,24159014,24174636,0,24173386,0,0,0,0,24159014,-846,-15622,-1250,0
992,0.9919,0.99190001,0.99190003,0.991901,0.991901,49595001,49595002,0,-639,1,0,1,0,0,738,24185186,24173386,0,24174330,0,0,0,0,24185186,639,11800,944,0,738,24185186,24173386,0,24174330,0,0,0,0,24185186,639,11800,944,0
993,0.9929,0.99290001,0.99290003,0.992901,0.992901,49645001,49645002,0,-2813,1,0,1,0,0,739,24226276,24174330,0,24178486,0,0,0,0,24226276,2813,51946,4156,0,739,24226276,24174330,0,24178486,0,0,0,0,24226276,2813,51946,4156,0
994,0.9939,0.99390001,0.99390003,0.993901,0.993901,49695001,49695002,0,-2010,1,0,1,0,0,739,24215603,24178486,0,24181455,0,0,0,0,24215603,2010,37117,2969,0,739,24215603,24178486,0,24181455,0,0,0,0,24215603,2010,37117,2969,0
995,0.9949,0.99490001,0.99490003,0.994901,0.994901,49745001,49745002,0,-158,1,0,1,0,0,738,24184373,24181455,0,24181688,0,0,0,0,24184373,158,2918,233,0,738,24184373,24181455,0,24181688,0,0,0,0,24184373,158,2918,233,0
996,0.9959,0.99590001,0.99590003,0.995901,0.995901,49795001,49795002,0,1399,1,0,1,0,0,737,24155854,24181688,0,24179621,0,0,0,0,24155854,-1399,-25834,-2067,0,737,24155854,24181688,0,24179621,0,0,0,0,24155854,-1399,-25834,-2067,0
997,0.9969,0.99690001,0.99690003,0.996901,0.996901,49845001,49845002,0,464,1,0,1,0,0,738,24171053,24179621,0,24178936,0,0,0,0,24171053,-464,-8568,-685,0,738,24171053,24179621,0,24178936,0,0,0,0,24171053,-464,-8568,-685,0
998,0.9979,0.99790001,0.99790003,0.997901,0.997901,49895001,49895002,0,-116,1,0,1,0,0,738,24181078,24178936,0,24179107,0,0,0,0,24181078,116,2142,171,0,738,24181078,24178936,0,24179107,0,0,0,0,24181078,116,2142,171,0
999,0.9989,0.99890001,0.99890003,0.998901,0.998901,49945001,49945002,0,223,1,0,1,0,0,738,24174989,24179107,0,24178778,0,0,0,0,24174989,-223,-4118,-329,0,738,24174989,24179107,0,24178778,0,0,0,0,24174989,-223,-4118,-329,0
1000,0.9999,0.99990001,0.99990003,0.999901,0.999901,49995001,49995002,0,-53,1,0,1,0,0,738,24179757,24178778,0,24178856,0,0,0,0,24179757,53,979,78,0,738,24179757,24178778,0,24178856,0,0,0,0,24179757,53,979,78,0
1001,1.0009,1.00090001,1.00090003,1.000901,1.000901,50045001,50045002,0,924,1,0,1,0,0,737,24161793,24178856,0,24177491,0,0,0,0,24161793,-924,-17063,-1365,0,737,24161793,24178856,0,24177491,0,0,0,0,24161793,-924,-17063,-1365,0
1002,1.0019,1.00190001,1.00190003,1.001901,1.001901,50095001,50095002,0,-242,1,0,1,0,0,738,24181960,24177491,0,24177849,0,0,0,0,24181960,242,4469,358,0,738,24181960,24177491,0,24177849,0,0,0,0,24181960,242,4469,358,0
1003,1.0029,1.00290001,1.00290003,1.002901,1.002901,50145001,50145002,0,-333,1,0,1,0,0,738,24183998,24177849,0,24178341,0,0,0,0,24183998,333,6149,492,0,738,24183998,24177849,0,24178341,0,0,0,0,24183998,333,6149,492,0
1004,1.0039,1.00390001,1.00390003,1.003901,1.003901,50195001,50195002,0,1509,1,0,1,0,0,737,24150475,24178341,0,24176112,0,0,0,0,24150475,-1509,-27866,-2229,0,737,24150475,24178341,0,24176112,0,0,0,0,24150475,-1509,-27866,-2229,0
1005,1.0049,1.00490001,1.00490003,1.004901,1.004901,50245001,50245002,0,649,1,0,1,0,0,737,24164127,24176112,0,24175153,0,0,0,0,24164127,-649,-11985,-959,0,737,24164127,24176112,0,24175153,0,0,0,0,24164127,-649,-11985,-959,0
1006,1.0059,1.00590001,1.00590003,1.005901,1.005901,50295001,50295002,0,-809,1,0,1,0,0,738,24190092,24175153,0,24176348,0,0,0,0,24190092,809,14939,1195,0,738,24190092,24175153,0,24176348,0,0,0,0,24190092,809,14939,1195,0
1007,1.0069,1.00690001,1.00690003,1.006901,1.006901,50345001,50345002,0,-2958,1,0,1,0,0,739,24230971,24176348,0,24180718,0,0,0,0,24230971,2958,54623,4370,0,739,24230971,24176348,0,24180718,0,0,0,0,24230971,2958,54623,4370,0
1008,1.0079,1.00790001,1.00790003,1.007901,1.007901,50395001,50395002,0,-2132,1,0,1,0,0,739,24220088,24180718,0,24183868,0,0,0,0,24220088,2132,39370,3150,0,739,24220088,24180718,0,24183868,0,0,0,0,24220088,2132,39370,3150,0
1009,1.0089,1.00890001,1.00890003,1.008901,1.008901,50445001,50445002,0,-261,1,0,1,0,0,738,24188688,24183868,0,24184254,0,0,0,0,24188688,261,4820,386,0,738,24188688,24183868,0,24184254,0,0,0,0,24188688,261,4820,386,0
1010,1.0099,1.00990001,1.00990003,1.009901,1.009901,50495001,50495002,0,1313,1,0,1,0,0,737,24160008,24184254,0,24182314,0,0,0,0,24160008,-1313,-24246,-1940,0,737,24160008,24184254,0,24182314,0,0,0,0,24160008,-1313,-24246,-1940,0
1011,1.0109,1.01090001,1.01090003,1.010901,1.010901,50545001,50545002,0,392,1,0,1,0,0,738,24175075,24182314,0,24181735,0,0,0,0,24175075,-392,-7239,-579,0,738,24175075,24182314,0,24181735,0,0,0,0,24175075,-392,-7239,-579,0
1012,1.0119,1.01190001,1.01190003,1.011901,1.011901,50595001,50595002,0,-177,1,0,1,0,0,738,24185004,24181735,0,24181996,0,0,0,0,24185004,177,3269,261,0,738,24185004,24181735,0,24181996,0,0,0,0,24185004,177,3269,261,0
1013,1.0129,1.01290001,1.01290003,1.012901,1.012901,50645001,50645002,0,172,1,0,1,0,0,738,24178820,24181996,0,24181742,0,0,0,0,24178820,-172,-3176,-254,0,738,24178820,24181996,0,24181742,0,0,0,0,24178820,-172,-3176,-254,0
1014,1.0139,1.01390001,1.01390003,1.013901,1.013901,50695001,50695002,0,-1062,1,0,1,0,0,739,24201353,24181742,0,24183311,0,0,0,0,24201353,1062,19611,1569,0,739,24201353,24181742,0,24183311,0,0,0,0,24201353,1062,19611,1569,0
1015,1.0149,1.01490001,1.01490003,1.014901,1.014901,50745001,50745002,0,120,1,0,1,0,0,738,24181095,24183311,0,24183134,0,0,0,0,24181095,-120,-2216,-177,0,738,24181095,24183311,0,24183134,0,0,0,0,24181095,-120,-2216,-177,0
1016,1.0159,1.01590001,1.01590003,1.015901,1.015901,50795001,50795002,0,-271,1,0,1,0,0,738,24188138,24183134,0,24183534,0,0,0,0,24188138,271,5004,400,0,738,24188138,24183134,0,24183534,0,0,0,0,24188138,271,5004,400,0
1017,1.0169,1.01690001,1.01690003,1.016901,1.016901,50845001,50845002,0,2139,1,0,1,0,0,737,24144035,24183534,0,24180374,0,0,0,0,24144035,-2139,-39499,-3160,0,737,24144035,24183534,0,24180374,0,0,0,0,24144035,-2139,-39499,-3160,0
1018,1.0179,1.01790001,1.01790003,1.017901,1.017901,50895001,50895002,0,2134,1,0,1,0,0,737,24140967,24180374,0,24177221,0,0,0,0,24140967,-2134,-39407,-3153,0,737,24140967,24180374,0,24177221,0,0,0,0,24140967,-2134,-39407,-3153,0
1019,1.0189,1.01890001,1.01890003,1.018901,1.018901,50945001,50945002,0,744,1,0,1,0,0,737,24163482,24177221,0,24176122,0,0,0,0,24163482,-744,-13739,-1099,0,737,24163482,24177221,0,24176122,0,0,0,0,24163482,-744,-13739,-1099,0
1020,1.0199,1.01990001,1.01990003,1.019901,1.019901,50995001,50995002,0,-859,1,0,1,0,0,738,24191985,24176122,0,24177391,0,0,0,0,24191985,859,15863,1269,0,738,24191985,24176122,0,24177391,0,0,0,0,24191985,859,15863,1269,0
1021,1.0209,1.02090001,1.02090003,1.020901,1.020901,51045001,51045002,0,-3039,1,0,1,0,0,740,24233510,24177391,0,24181881,0,0,0,0,24233510,3039,56119,4490,0,740,24233510,24177391,0,24181881,0,0,0,0,24233510,3039,56119,4490,0
1022,1.0219,1.02190001,1.02190003,1.021901,1.021901,51095001,51095002,0,633,1,0,1,0,0,738,24170192,24181881,0,24180946,0,0,0,0,24170192,-633,-11689,-935,0,738,24170192,24181881,0,24180946,0,0,0,0,24170192,-633,-11689,-935,0
1023,1.0229,1.02290001,1.02290003,1.022901,1.022901,51145001,51145002,0,2570,1,0,1,0,0,736,24133488,24180946,0,24177149,0,0,0,0,24133488,-2570,-47458,-3797,0,736,24133488,24180946,0,24177149,0,0,0,0,24133488,-2570,-47458,-3797,0
1024,1.0239,1.02390001,1.02390003,1.023901,1.023901,51195001,51195002,0,1603,1,0,1,0,0,737,24147548,24177149,0,24174781,0,0,0,0,24147548,-1603,-29601,-2368,0,737,24147548,24177149,0,24174781,0,0,0,0,24147548,-1603,-29601,-2368,0
1025,1.0249,1.02490001,1.02490003,1.024901,1.024901,51245001,51245002,0,-4,1,0,1,0,0,738,24174855,24174781,0,24174787,0,0,0,0,24174855,4,74,6,0,738,24174855,24174781,0,24174787,0,0,0,0,24174855,4,74,6,0
1026,1.0259,1.02590001,1.02590003,1.025901,1.025901,51295001,51295002,0,-1596,1,0,1,0,0,739,24204259,24174787,0,24177145,0,0,0,0,24204259,1596,29472,2358,0,739,24204259,24174787,0,24177145,0,0,0,0,24204259,1596,29472,2358,0
1027,1.0269,1.02690001,1.02690003,1.026901,1.026901,51345001,51345002,0,-850,1,0,1,0,0,738,24192841,24177145,0,24178401,0,0,0,0,24192841,850,15696,1256,0,738,24192841,24177145,0,24178401,0,0,0,0,24192841,850,15696,1256,0
1028,1.0279,1.02790001,1.02790003,1.027901,1.027901,51395001,51395002,0,-1418,1,0,1,0,0,739,24204586,24178401,0,24180496,0,0,0,0,24204586,1418,26185,2095,0,739,24204586,24178401,0,24180496,0,0,0,0,24204586,1418,26185,2095,0
1029,1.0289,1.02890001,1.02890003,1.028901,1.028901,51445001,51445002,0,-25,1,0,1,0,0,738,24180958,24180496,0,24180533,0,0,0,0,24180958,25,462,37,0,738,24180958,24180496,0,24180533,0,0,0,0,24180958,25,462,37,0
1030,1.0299,1.02990001,1.02990003,1.029901,1.029901,51495001,51495002,0,-346,1,0,1,0,0,738,24186922,24180533,0,24181044,0,0,0,0,24186922,346,6389,511,0,738,24186922,24180533,0,24181044,0,0,0,0,24186922,346,6389,511,0
1031,1.0309,1.03090001,1.03090003,1.030901,1.030901,51545001,51545002,0,2091,1,0,1,0,0,737,24142431,24181044,0,24177955,0,0,0,0,24142431,-2091,-38613,-3089,0,737,24142431,24181044,0,24177955,0,0,0,0,24142431,-2091,-38613,-3089,0
1032,1.0319,1.03190001,1.03190003,1.031901,1.031901,51595001,51595002,0,2097,1,0,1,0,0,737,24139231,24177955,0,24174857,0,0,0,0,24139231,-2097,-38724,-3098,0,737,24139231,24177955,0,24174857,0,0,0,0,24139231,-2097,-38724,-3098,0
1033,1.0329,1.03290001,1.03290003,1.032901,1.032901,51645001,51645002,0,700,1,0,1,0,0,737,24161931,24174857,0,24173823,0,0,0,0,24161931,-700,-12926,-1034,0,737,24161931,24174857,0,24173823,0,0,0,0,24161931,-700,-12926,-1034,0
1034,1.0339,1.03390001,1.03390003,1.033901,1.033901,51695001,51695002,0,-902,1,0,1,0,0,738,24190480,24173823,0,24175156,0,0,0,0,24190480,902,16657,1333,0,738,24190480,24173823,0,24175156,0,0,0,0,24190480,902,16657,1333,0
1035,1.0349,1.03490001,1.03490003,1.034901,1.034901,51745001,51745002,0,-3077,1,0,1,0,0,740,24231977,24175156,0,24179702,0,0,0,0,24231977,3077,56821,4546,0,740,24231977,24175156,0,24179702,0,0,0,0,24231977,3077,56821,4546,0
1036,1.0359,1.03590001,1.03590003,1.035901,1.035901,51795001,51795002,0,-2245,1,0,1,0,0,739,24221159,24179702,0,24183019,0,0,0,0,24221159,2245,41457,3317,0,739,24221159,24179702,0,24183019,0,0,0,0,24221159,2245,41457,3317,0
1037,1.0369,1.03690001,1.03690003,1.036901,1.036901,51845001,51845002,0,1646,1,0,1,0,0,737,24152624,24183019,0,24180587,0,0,0,0,24152624,-1646,-30395,-2432,0,737,24152624,24183019,0,24180587,0,0,0,0,24152624,-1646,-30395,-2432,0
1038,1.0379,1.03790001,1.03790003,1.037901,1.037901,51895001,51895002,0,1577,1,0,1,0,0,737,24151466,24180587,0,24178257,0,0,0,0,24151466,-1577,-29121,-2330,0,737,24151466,24180587,0,24178257,0,0,0,0,24151466,-1577,-29121,-2330,0
1039,1.0389,1.03890001,1.03890003,1.038901,1.038901,51945001,51945002,0,204,1,0,1,0,0,738,24174490,24178257,0,24177956,0,0,0,0,24174490,-204,-3767,-301,0,738,24174490,24178257,0,24177956,0,0,0,0,24174490,-204,-3767,-301,0
1040,1.0399,1.03990001,1.03990003,1.039901,1.039901,51995001,51995002,0,-460,1,0,1,0,0,738,24186450,24177956,0,24178636,0,0,0,0,24186450,460,8494,680,0,738,24186450,24177956,0,24178636,0,0,0,0,24186450,460,8494,680,0
1041,1.0409,1.04090001,1.04090003,1.040901,1.040901,52045001,52045002,0,-104,1,0,1,0,0,738,24180556,24178636,0,24178790,0,0,0,0,24180556,104,1920,154,0,738,24180556,24178636,0,24178790,0,0,0,0,24180556,104,1920,154,0
1042,1.0419,1.04190001,1.04190003,1.041901,1.041901,52095001,52095002,0,-339,1,0,1,0,0,738,24185050,24178790,0,24179291,0,0,0,0,24185050,339,6260,501,0,738,24185050,24178790,0,24179291,0,0,0,0,24185050,339,6260,501,0
1043,1.0429,1.04290001,1.04290003,1.042901,1.042901,52145001,52145002,0,676,1,0,1,0,0,738,24166808,24179291,0,24178292,0,0,0,0,24166808,-676,-12483,-999,0,738,24166808,24179291,0,24178292,0,0,0,0,24166808,-676,-12483,-999,0
1044,1.0439,1.04390001,1.04390003,1.043901,1.043901,52195001,52195002,0,-466,1,0,1,0,0,738,24186897,24178292,0,24178980,0,0,0,0,24186897,466,8605,688,0,738,24186897,24178292,0,24178980,0,0,0,0,24186897,466,8605,688,0
1045,1.0449,1.04490001,1.04490003,1.044901,1.044901,52245001,52245002,0,1773,1,0,1,0,0,737,24146239,24178980,0,24176361,0,0,0,0,24146239,-1773,-32741,-2619,0,737,24146239,24178980,0,24176361,0,0,0,0,24146239,-1773,-32741,-2619,0
1046,1.0459,1.04590001,1.04590003,1.045901,1.045901,52295001,52295002,0,1765,1,0,1,0,0,737,24143768,24176361,0,24173754,0,0,0,0,24143768,-1765,-32593,-2607,0,737,24143768,24176361,0,24173754,0,0,0,0,24143768,-1765,-32593,-2607,0
1047,1.0469,1.04690001,1.04690003,1.046901,1.046901,52345001,52345002,0,401,1,0,1,0,0,737,24166349,24173754,0,24173162,0,0,0,0,24166349,-401,-7405,-592,0,737,24166349,24173754,0,24173162,0,0,0,0,24166349,-401,-7405,-592,0
1048,1.0479,1.04790001,1.04790003,1.047901,1.047901,52395001,52395002,0,-1160,1,0,1,0,0,738,24194583,24173162,0,24174876,0,0,0,0,24194583,1160,21421,1714,0,738,24194583,24173162,0,24174876,0,0,0,0,24194583,1160,21421,1714,0
1049,1.0489,1.04890001,1.04890003,1.048901,1.048901,52445001,52445002,0,-3296,1,0,1,0,0,740,24235741,24174876,0,24179745,0,0,0,0,24235741,3296,60865,4869,0,740,24235741,24174876,0,24179745,0,0,0,0,24235741,3296,60865,4869,0
1050,1.0499,1.04990001,1.04990003,1.049901,1.049901,52495001,52495002,0,-2429,1,0,1,0,0,739,24224600,24179745,0,24183333,0,0,0,0,24224600,2429,44855,3588,0,739,24224600,24179745,0,24183333,0,0,0,0,24224600,2429,44855,3588,0
1051,1.0509,1.05090001,1.05090003,1.050901,1.050901,52545001,52545002,0,523132,1,0,1,0,0,443,14523032,24183333,0,23410509,0,0,0,0,14523032,-523132,-9660301,-772824,0,443,14523032,24183333,0,23410509,0,0,0,0,14523032,-523132,-9660301,-772824,0
1052,1.0519,1.05190001,1.05190003,1.051901,1.051901,52595001,52595002,0,943185,1,0,1,0,0,183,5993393,23410509,0,22017139,0,0,0,0,5993393,-943185,-17417116,-1393370,0,183,5993393,23410509,0,22017139,0,0,0,0,5993393,-943185,-17417116,-1393370,0
1053,1.0529,1.05290001,1.05290003,1.052901,1.052901,52645001,52645002,0,1139239,1,0,1,0,0,30,979635,22017139,0,20334138,0,0,0,0,979635,-1139239,-21037504,-1683001,0,30,979635,22017139,0,20334138,0,0,0,0,979635,-1139239,-21037504,-1683001,0
1054,1.0539,1.05390001,1.05390003,1.053901,1.053901,52695001,52695002,0,1207330,1,0,1,0,0,-60,-1960754,20334138,0,18550546,0,0,0,0,-1960754,-1207330,-22294892,-1783592,0,-60,-1960754,20334138,0,18550546,0,0,0,0,-1960754,-1207330,-22294892,-1783592,0
1055,1.0549,1.05490001,1.05490003,1.054901,1.054901,52745001,52745002,0,1179600,1,0,1,0,0,-99,-3232276,18550546,0,16807920,0,0,0,0,-3232276,-1179600,-21782822,-1742626,0,-99,-3232276,18550546,0,16807920,0,0,0,0,-3232276,-1179600,-21782822,-1742626,0
1056,1.0559,1.05590001,1.05590003,1.055901,1.055901,52795001,52795002,0,1109858,1,0,1,0,0,-113,-3687026,16807920,0,15168324,0,0,0,0,-3687026,-1109858,-20494946,-1639596,0,-113,-3687026,16807920,0,15168324,0,0,0,0,-3687026,-1109858,-20494946,-1639596,0
1057,1.0569,1.05690001,1.05690003,1.056901,1.056901,52845001,52845002,0,1021668,1,0,1,0,0,-113,-3698081,15168324,0,13659011,0,0,0,0,-3698081,-1021668,-18866405,-1509313,0,-113,-3698081,15168324,0,13659011,0,0,0,0,-3698081,-1021668,-18866405,-1509313,0
1058,1.0579,1.05790001,1.05790003,1.057901,1.057901,52895001,52895002,0,926937,1,0,1,0,0,-106,-3458065,13659011,0,12289645,0,0,0,0,-3458065,-926937,-17117076,-1369366,0,-106,-3458065,13659011,0,12289645,0,0,0,0,-3458065,-926937,-17117076,-1369366,0
1059,1.0589,1.05890001,1.05890003,1.058901,1.058901,52945001,52945002,0,840924,1,0,1,0,0,-99,-3239091,12289645,0,11047346,0,0,0,0,-3239091,-840924,-15528736,-1242299,0,-99,-3239091,12289645,0,11047346,0,0,0,0,-3239091,-840924,-15528736,-1242299,0
1060,1.0599,1.05990001,1.05990003,1.059901,1.059901,52995001,52995002,0,764576,1,0,1,0,0,-94,-3071527,11047346,0,9917836,0,0,0,0,-3071527,-764576,-14118873,-1129510,0,-94,-3071527,11047346,0,9917836,0,0,0,0,-3071527,-764576,-14118873,-1129510,0
1061,1.0609,1.06090001,1.06090003,1.060901,1.060901,53045001,53045002,0,686747,1,0,1,0,0,-84,-2763825,9917836,0,8903303,0,0,0,0,-2763825,-686747,-12681661,-1014533,0,-84,-2763825,9917836,0,8903303,0,0,0,0,-2763825,-686747,-12681661,-1014533,0
1062,1.0619,1.06190001,1.06190003,1.061901,1.061901,53095001,53095002,0,616409,1,0,1,0,0,-76,-2479477,8903303,0,7992680,0,0,0,0,-2479477,-616409,-11382780,-910623,0,-76,-2479477,8903303,0,7992680,0,0,0,0,-2479477,-616409,-11382780,-910623,0
1063,1.0629,1.06290001,1.06290003,1.062901,1.062901,53145001,53145002,0,557262,1,0,1,0,0,-70,-2297875,7992680,0,7169435,0,0,0,0,-2297875,-557262,-10290555,-823245,0,-70,-2297875,7992680,0,7169435,0,0,0,0,-2297875,-557262,-10290555,-823245,0
1064,1.0639,1.06390001,1.06390003,1.063901,1.063901,53195001,53195002,0,502175,1,0,1,0,0,-64,-2103868,7169435,0,6427571,0,0,0,0,-2103868,-502175,-9273303,-741864,0,-64,-2103868,7169435,0,6427571,0,0,0,0,-2103868,-502175,-9273303,-741864,0
1065,1.0649,1.06490001,1.06490003,1.064901,1.064901,53245001,53245002,0,449870,1,0,1,0,0,-57,-1879854,6427571,0,5762977,0,0,0,0,-1879854,-449870,-8307425,-664594,0,-57,-1879854,6427571,0,5762977,0,0,0,0,-1879854,-449870,-8307425,-664594,0
1066,1.0659,1.06590001,1.06590003,1.065901,1.065901,53295001,53295002,0,404091,1,0,1,0,0,-52,-1699080,5762977,0,5166012,0,0,0,0,-1699080,-404091,-7462057,-596965,0,-52,-1699080,5762977,0,5166012,0,0,0,0,-1699080,-404091,-7462057,-596965,0
1067,1.0669,1.06690001,1.06690003,1.066901,1.066901,53345001,53345002,0,361069,1,0,1,0,0,-46,-1501589,5166012,0,4632604,0,0,0,0,-1501589,-361069,-6667601,-533408,0,-46,-1501589,5166012,0,4632604,0,0,0,0,-1501589,-361069,-6667601,-533408,0
1068,1.0679,1.06790001,1.06790003,1.067901,1.067901,53395001,53395002,0,320632,1,0,1,0,0,-39,-1288276,4632604,0,4158934,0,0,0,0,-1288276,-320632,-5920880,-473670,0,-39,-1288276,4632604,0,4158934,0,0,0,0,-1288276,-320632,-5920880,-473670,0
1069,1.0689,1.06890001,1.06890003,1.068901,1.068901,53445001,53445002,0,289606,1,0,1,0,0,-36,-1189011,4158934,0,3731098,0,0,0,0,-1189011,-289606,-5347945,-427836,0,-36,-1189011,4158934,0,3731098,0,0,0,0,-1189011,-289606,-5347945,-427836,0
1070,1.0699,1.06990001,1.06990003,1.069901,1.069901,53495001,53495002,0,262806,1,0,1,0,0,-34,-1121951,3731098,0,3342854,0,0,0,0,-1121951,-262806,-4853049,-388244,0,-34,-1121951,3731098,0,3342854,0,0,0,0,-1121951,-262806,-4853049,-388244,0
1071,1.0709,1.07090001,1.07090003,1.070901,1.070901,53545001,53545002,0,233524,1,0,1,0,0,-30,-969465,3342854,0,2997868,0,0,0,0,-969465,-233524,-4312319,-344986,0,-30,-969465,3342854,0,2997868,0,0,0,0,-969465,-233524,-4312319,-344986,0
1072,1.0719,1.07190001,1.07190003,1.071901,1.071901,53595001,53595002,0,212496,1,0,1,0,0,-28,-926142,2997868,0,2683947,0,0,0,0,-926142,-212496,-3924010,-313921,0,-28,-926142,2997868,0,2683947,0,0,0,0,-926142,-212496,-3924010,-313921,0
1073,1.0729,1.07290001,1.07290003,1.072901,1.072901,53645001,53645002,0,188667,1,0,1,0,0,-24,-800030,2683947,0,2405229,0,0,0,0,-800030,-188667,-3483977,-278718,0,-24,-800030,2683947,0,2405229,0,0,0,0,-800030,-188667,-3483977,-278718,0
1074,1.0739,1.07390001,1.07390003,1.073901,1.073901,53695001,53695002,0,163094,1,0,1,0,0,-19,-606510,2405229,0,2164290,0,0,0,0,-606510,-163094,-3011739,-240939,0,-19,-606510,2405229,0,2164290,0,0,0,0,-606510,-163094,-3011739,-240939,0
1075,1.0749,1.07490001,1.07490003,1.074901,1.074901,53745001,53745002,0,154189,1,0,1,0,0,-21,-683007,2164290,0,1936506,0,0,0,0,-683007,-154189,-2847297,-227784,0,-21,-683007,2164290,0,1936506,0,0,0,0,-683007,-154189,-2847297,-227784,0
1076,1.0759,1.07590001,1.07590003,1.075901,1.075901,53795001,53795002,0,134772,1,0,1,0,0,-17,-552231,1936506,0,1737407,0,0,0,0,-552231,-134772,-2488737,-199099,0,-17,-552231,1936506,0,1737407,0,0,0,0,-552231,-134772,-2488737,-199099,0
1077,1.0769,1.07690001,1.07690003,1.076901,1.076901,53845001,53845002,0,114810,1,0,1,0,0,-12,-382706,1737407,0,1567798,0,0,0,0,-382706,-114810,-2120113,-169609,0,-12,-382706,1737407,0,1567798,0,0,0,0,-382706,-114810,-2120113,-169609,0
1078,1.0779,1.07790001,1.07790003,1.077901,1.077901,53895001,53895002,0,111911,1,0,1,0,0,-15,-498782,1567798,0,1402472,0,0,0,0,-498782,-111911,-2066580,-165326,0,-15,-498782,1567798,0,1402472,0,0,0,0,-498782,-111911,-2066580,-165326,0
1079,1.0789,1.07890001,1.07890003,1.078901,1.078901,53945001,53945002,0,101240,1,0,1,0,0,-14,-467054,1402472,0,1252910,0,0,0,0,-467054,-101240,-1869526,-149562,0,-14,-467054,1402472,0,1252910,0,0,0,0,-467054,-101240,-1869526,-149562,0
1080,1.0799,1.07990001,1.07990003,1.079901,1.079901,53995001,53995002,0,87251,1,0,1,0,0,-11,-358291,1252910,0,1124014,0,0,0,0,-358291,-87251,-1611201,-128896,0,-11,-358291,1252910,0,1124014,0,0,0,0,-358291,-87251,-1611201,-128896,0
1081,1.0809,1.08090001,1.08090003,1.080901,1.080901,54045001,54045002,0,73964,1,0,1,0,0,-7,-241826,1124014,0,1014747,0,0,0,0,-241826,-73964,-1365840,-109267,0,-7,-241826,1124014,0,1014747,0,0,0,0,-241826,-73964,-1365840,-109267,0
1082,1.0819,1.08190001,1.08190003,1.081901,1.081901,54095001,54095002,0,74771,1,0,1,0,0,-11,-365995,1014747,0,904288,0,0,0,0,-365995,-74771,-1380742,-110459,0,-11,-365995,1014747,0,904288,0,0,0,0,-365995,-74771,-1380742,-110459,0
1083,1.0829,1.08290001,1.08290003,1.082901,1.082901,54145001,54145002,0,71853,1,0,1,0,0,-13,-422569,904288,0,798139,0,0,0,0,-422569,-71853,-1326857,-106149,0,-13,-422569,904288,0,798139,0,0,0,0,-422569,-71853,-1326857,-106149,0
1084,1.0839,1.08390001,1.08390003,1.083901,1.083901,54195001,54195002,0,63121,1,0,1,0,0,-11,-367471,798139,0,704890,0,0,0,0,-367471,-63121,-1165610,-93249,0,-11,-367471,798139,0,704890,0,0,0,0,-367471,-63121,-1165610,-93249,0
1085,1.0849,1.08490001,1.08490003,1.084901,1.084901,54245001,54245002,0,53865,1,0,1,0,0,-9,-289796,704890,0,625315,0,0,0,0,-289796,-53865,-994686,-79575,0,-9,-289796,704890,0,625315,0,0,0,0,-289796,-53865,-994686,-79575,0
1086,1.0859,1.08590001,1.08590003,1.085901,1.085901,54295001,54295002,0,45503,1,0,1,0,0,-7,-214956,625315,0,558093,0,0,0,0,-214956,-45503,-840271,-67222,0,-7,-214956,625315,0,558093,0,0,0,0,-214956,-45503,-840271,-67222,0
1087,1.0869,1.08690001,1.08690003,1.086901,1.086901,54345001,54345002,0,38299,1,0,1,0,0,-5,-149147,558093,0,501514,0,0,0,0,-149147,-38299,-707240,-56579,0,-5,-149147,558093,0,501514,0,0,0,0,-149147,-38299,-707240,-56579,0
1088,1.0879,1.08790001,1.08790003,1.087901,1.087901,54395001,54395002,0,32193,1,0,1,0,0,-3,-92971,501514,0,453955,0,0,0,0,-92971,-32193,-594485,-47559,0,-3,-92971,501514,0,453955,0,0,0,0,-92971,-32193,-594485,-47559,0
1089,1.0889,1.08890001,1.08890003,1.088901,1.088901,54445001,54445002,0,27048,1,0,1,0,0,-1,-45521,453955,0,413997,0,0,0,0,-45521,-27048,-499476,-39958,0,-1,-45521,453955,0,413997,0,0,0,0,-45521,-27048,-499476,-39958,0
1090,1.0899,1.08990001,1.08990003,1.089901,1.089901,54495001,54495002,0,22721,1,0,1,0,0,0,-5575,413997,0,380431,0,0,0,0,-5575,-22721,-419572,-33566,0,0,-5575,413997,0,380431,0,0,0,0,-5575,-22721,-419572,-33566,0
1091,1.0909,1.09090001,1.09090003,1.090901,1.090901,54545001,54545002,0,19085,1,0,1,0,0,1,28002,380431,0,352237,0,0,0,0,28002,-19085,-352429,-28194,0,1,28002,380431,0,352237,0,0,0,0,28002,-19085,-352429,-28194,0
1092,1.0919,1.09190001,1.09190003,1.091901,1.091901,54595001,54595002,0,16030,1,0,1,0,0,2,56223,352237,0,328556,0,0,0,0,56223,-16030,-296014,-23681,0,2,56223,352237,0,328556,0,0,0,0,56223,-16030,-296014,-23681,0
1093,1.0929,1.09290001,1.09290003,1.092901,1.092901,54645001,54645002,0,29444,1,0,1,0,0,-7,-215165,328556,0,285058,0,0,0,0,-215165,-29444,-543721,-43498,0,-7,-215165,328556,0,285058,0,0,0,0,-215165,-29444,-543721,-43498,0
1094,1.0939,1.09390001,1.09390003,1.093901,1.093901,54695001,54695002,0,31030,1,0,1,0,0,-9,-287951,285058,0,239217,0,0,0,0,-287951,-31030,-573009,-45841,0,-9,-287951,285058,0,239217,0,0,0,0,-287951,-31030,-573009,-45841,0
1095,1.0949,1.09490001,1.09490003,1.094901,1.094901,54745001,54745002,0,27990,1,0,1,0,0,-8,-277654,239217,0,197867,0,0,0,0,-277654,-27990,-516871,-41350,0,-8,-277654,239217,0,197867,0,0,0,0,-277654,-27990,-516871,-41350,0
1096,1.0959,1.09590001,1.09590003,1.095901,1.095901,54795001,54795002,0,24100,1,0,1,0,0,-8,-247170,197867,0,162264,0,0,0,0,-247170,-24100,-445037,-35603,0,-8,-247170,197867,0,162264,0,0,0,0,-247170,-24100,-445037,-35603,0
1097,1.0969,1.09690001,1.09690003,1.096901,1.096901,54845001,54845002,0,20423,1,0,1,0,0,-7,-214873,162264,0,132093,0,0,0,0,-214873,-20423,-377137,-30171,0,-7,-214873,162264,0,132093,0,0,0,0,-214873,-20423,-377137,-30171,0
1098,1.0979,1.09790001,1.09790003,1.097901,1.097901,54895001,54895002,0,17209,1,0,1,0,0,-6,-185693,132093,0,106670,0,0,0,0,-185693,-17209,-317786,-25423,0,-6,-185693,132093,0,106670,0,0,0,0,-185693,-17209,-317786,-25423,0
1099,1.0989,1.09890001,1.09890003,1.098901,1.098901,54945001,54945002,0,14471,1,0,1,0,0,-5,-160556,106670,0,85292,0,0,0,0,-160556,-14471,-267226,-21378,0,-5,-160556,106670,0,85292,0,0,0,0,-160556,-14471,-267226,-21378,0
1100,1.0999,1.09990001,1.09990003,1.099901,1.099901,54995001,54995002,0,12160,1,0,1,0,0,-4,-139258,85292,0,67328,0,0,0,0,-139258,-12160,-224550,-17964,0,-4,-139258,85292,0,67328,0,0,0,0,-139258,-12160,-224550,-17964,0
1101,1.1009,1.10090001,1.10090003,1.100901,1.100901,55045001,55045002,0,10216,1,0,1,0,0,-4,-121323,67328,0,52236,0,0,0,0,-121323,-10216,-188651,-15092,0,-4,-121323,67328,0,52236,0,0,0,0,-121323,-10216,-188651,-15092,0
1102,1.1019,1.10190001,1.10190003,1.101901,1.101901,55095001,55095002,0,8581,1,0,1,0,0,-3,-106223,52236,0,39559,0,0,0,0,-106223,-8581,-158459,-12677,0,-3,-106223,52236,0,39559,0,0,0,0,-106223,-8581,-158459,-12677,0
1103,1.1029,1.10290001,1.10290003,1.102901,1.102901,55145001,55145002,0,7208,1,0,1,0,0,-3,-93546,39559,0,28911,0,0,0,0,-93546,-7208,-133105,-10648,0,-3,-93546,39559,0,28911,0,0,0,0,-93546,-7208,-133105,-10648,0
1104,1.1039,1.10390001,1.10390003,1.103901,1.103901,55195001,55195002,0,6054,1,0,1,0,0,-3,-82884,28911,0,19967,0,0,0,0,-82884,-6054,-111795,-8944,0,-3,-82884,28911,0,19967,0,0,0,0,-82884,-6054,-111795,-8944,0
1105,1.1049,1.10490001,1.10490003,1.104901,1.104901,55245001,55245002,0,5085,1,0,1,0,0,-2,-73934,19967,0,12455,0,0,0,0,-73934,-5085,-93901,-7512,0,-2,-73934,19967,0,12455,0,0,0,0,-73934,-5085,-93901,-7512,0
1106,1.1059,1.10590001,1.10590003,1.105901,1.105901,55295001,55295002,0,4271,1,0,1,0,0,-2,-66414,12455,0,6145,0,0,0,0,-66414,-4271,-78869,-6310,0,-2,-66414,12455,0,6145,0,0,0,0,-66414,-4271,-78869,-6310,0
1107,1.1069,1.10690001,1.10690003,1.106901,1.106901,55345001,55345002,0,3588,1,0,1,0,0,-2,-60112,6145,0,844,0,0,0,0,-60112,-3588,-66257,-5301,0,-2,-60112,6145,0,844,0,0,0,0,-60112,-3588,-66257,-5301,0
1108,1.1079,1.10790001,1.10790003,1.107901,1.107901,55395001,55395002,0,3013,1,0,1,0,0,-2,-54795,844,0,-3607,0,0,0,0,-54795,-3013,-55639,-4451,0,-2,-54795,844,0,-3607,0,0,0,0,-54795,-3013,-55639,-4451,0
1109,1.1089,1.10890001,1.10890003,1.108901,1.108901,55445001,55445002,0,2531,1,0,1,0,0,-2,-50345,-3607,0,-7346,0,0,0,0,-50345,-2531,-46738,-3739,0,-2,-50345,-3607,0,-7346,0,0,0,0,-50345,-2531,-46738,-3739,0
1110,1.1099,1.10990001,1.10990003,1.109901,1.109901,55495001,55495002,0,-14690,1,0,1,0,0,8,263924,-7346,0,14356,0,0,0,0,263924,14690,271270,21702,0,8,263924,-7346,0,14356,0,0,0,0,263924,14690,271270,21702,0
1111,1.1109,1.11090001,1.11090003,1.110901,1.110901,55545001,55545002,0,-17934,1,0,1,0,0,11,345530,14356,0,40850,0,0,0,0,345530,17934,331174,26494,0,11,345530,14356,0,40850,0,0,0,0,345530,17934,331174,26494,0
1112,1.1119,1.11190001,1.11190003,1.111901,1.111901,55595001,55595002,0,-16775,1,0,1,0,0,11,350622,40850,0,65632,0,0,0,0,350622,16775,309772,24782,0,11,350622,40850,0,65632,0,0,0,0,350622,16775,309772,24782,0
1113,1.1129,1.11290001,1.11290003,1.112901,1.112901,55645001,55645002,0,-14614,1,0,1,0,0,10,335498,65632,0,87221,0,0,0,0,335498,14614,269866,21589,0,10,335498,65632,0,87221,0,0,0,0,335498,14614,269866,21589,0
1114,1.1139,1.11390001,1.11390003,1.113901,1.113901,55695001,55695002,0,-8080,1,0,1,0,0,7,236429,87221,0,99158,0,0,0,0,236429,8080,149208,11937,0,7,236429,87221,0,99158,0,0,0,0,236429,8080,149208,11937,0
1115,1.1149,1.11490001,1.11490003,1.114901,1.114901,55745001,55745002,0,7597,1,0,1,0,0,-1,-41130,99158,0,87935,0,0,0,0,-41130,-7597,-140288,-11223,0,-1,-41130,99158,0,87935,0,0,0,0,-41130,-7597,-140288,-11223,0
1116,1.1159,1.11590001,1.11590003,1.115901,1.115901,55795001,55795002,0,10781,1,0,1,0,0,-3,-111150,87935,0,72008,0,0,0,0,-111150,-10781,-199085,-15927,0,-3,-111150,87935,0,72008,0,0,0,0,-111150,-10781,-199085,-15927,0
1117,1.1169,1.11690001,1.11690003,1.116901,1.116901,55845001,55845002,0,10401,1,0,1,0,0,-4,-120060,72008,0,56643,0,0,0,0,-120060,-10401,-192068,-15365,0,-4,-120060,72008,0,56643,0,0,0,0,-120060,-10401,-192068,-15365,0
1118,1.1179,1.11790001,1.11790003,1.117901,1.117901,55895001,55895002,0,9148,1,0,1,0,0,-3,-112287,56643,0,43129,0,0,0,0,-112287,-9148,-168930,-13514,0,-3,-112287,56643,0,43129,0,0,0,0,-112287,-9148,-168930,-13514,0
1119,1.1189,1.11890001,1.11890003,1.118901,1.118901,55945001,55945002,0,7810,1,0,1,0,0,-3,-101093,43129,0,31591,0,0,0,0,-101093,-7810,-144222,-11538,0,-3,-101093,43129,0,31591,0,0,0,0,-101093,-7810,-144222,-11538,0
1120,1.1199,1.11990001,1.11990003,1.119901,1.119901,55995001,55995002,0,6599,1,0,1,0,0,-3,-90268,31591,0,21842,0,0,0,0,-90268,-6599,-121859,-9749,0,-3,-90268,31591,0,21842,0,0,0,0,-90268,-6599,-121859,-9749,0
1121,1.1209,1.12090001,1.12090003,1.120901,1.120901,56045001,56045002,0,5554,1,0,1,0,0,-2,-80720,21842,0,13637,0,0,0,0,-80720,-5554,-102562,-8205,0,-2,-80720,21842,0,13637,0,0,0,0,-80720,-5554,-102562,-8205,0
1122,1.1219,1.12190001,1.12190003,1.121901,1.121901,56095001,56095002,0,4669,1,0,1,0,0,-2,-72582,13637,0,6739,0,0,0,0,-72582,-4669,-86219,-6898,0,-2,-72582,13637,0,6739,0,0,0,0,-72582,-4669,-86219,-6898,0
1123,1.1229,1.12290001,1.12290003,1.122901,1.122901,56145001,56145002,0,3923,1,0,1,0,0,-2,-65704,6739,0,944,0,0,0,0,-65704,-3923,-72443,-5795,0,-2,-65704,6739,0,944,0,0,0,0,-65704,-3923,-72443,-5795,0
1124,1.1239,1.12390001,1.12390003,1.123901,1.123901,56195001,56195002,0,3295,1,0,1,0,0,-2,-59902,944,0,-3924,0,0,0,0,-59902,-3295,-60846,-4868,0,-2,-59902,944,0,-3924,0,0,0,0,-59902,-3295,-60846,-4868,0
1125,1.1249,1.12490001,1.12490003,1.124901,1.124901,56245001,56245002,0,2768,1,0,1,0,0,-2,-55039,-3924,0,-8013,0,0,0,0,-55039,-2768,-51115,-4089,0,-2,-55039,-3924,0,-8013,0,0,0,0,-55039,-2768,-51115,-4089,0
1126,1.1259,1.12590001,1.12590003,1.125901,1.125901,56295001,56295002,0,2325,1,0,1,0,0,-2,-50947,-8013,0,-11448,0,0,0,0,-50947,-2325,-42934,-3435,0,-2,-50947,-8013,0,-11448,0,0,0,0,-50947,-2325,-42934,-3435,0
1127,1.1269,1.12690001,1.12690003,1.126901,1.126901,56345001,56345002,0,1953,1,0,1,0,0,-1,-47513,-11448,0,-14333,0,0,0,0,-47513,-1953,-36065,-2885,0,-1,-47513,-11448,0,-14333,0,0,0,0,-47513,-1953,-36065,-2885,0
1128,1.1279,1.12790001,1.12790003,1.127901,1.127901,56395001,56395002,0,1640,1,0,1,0,0,-1,-44618,-14333,0,-16756,0,0,0,0,-44618,-1640,-30285,-2423,0,-1,-44618,-14333,0,-16756,0,0,0,0,-44618,-1640,-30285,-2423,0
1129,1.1289,1.12890001,1.12890003,1.128901,1.128901,56445001,56445002,0,1378,1,0,1,0,0,-1,-42203,-16756,0,-18792,0,0,0,0,-42203,-1378,-25447,-2036,0,-1,-42203,-16756,0,-18792,0,0,0,0,-42203,-1378,-25447,-2036,0
1130,1.1299,1.12990001,1.12990003,1.129901,1.129901,56495001,56495002,0,1157,1,0,1,0,0,-1,-40157,-18792,0,-20501,0,0,0,0,-40157,-1157,-21365,-1709,0,-1,-40157,-18792,0,-20501,0,0,0,0,-40157,-1157,-21365,-1709,0
1131,1.1309,1.13090001,1.13090003,1.130901,1.130901,56545001,56545002,0,972,1,0,1,0,0,-1,-38450,-20501,0,-21937,0,0,0,0,-38450,-972,-17949,-1436,0,-1,-38450,-20501,0,-21937,0,0,0,0,-38450,-972,-17949,-1436,0
1132,1.1319,1.13190001,1.13190003,1.131901,1.131901,56595001,56595002,0,816,1,0,1,0,0,-1,-37005,-21937,0,-23142,0,0,0,0,-37005,-816,-15068,-1205,0,-1,-37005,-21937,0,-23142,0,0,0,0,-37005,-816,-15068,-1205,0
1133,1.1329,1.13290001,1.13290003,1.132901,1.132901,56645001,56645002,0,686,1,0,1,0,0,-1,-35810,-23142,0,-24155,0,0,0,0,-35810,-686,-12668,-1013,0,-1,-35810,-23142,0,-24155,0,0,0,0,-35810,-686,-12668,-1013,0
1134,1.1339,1.13390001,1.13390003,1.133901,1.133901,56695001,56695002,0,576,1,0,1,0,0,-1,-34792,-24155,0,-25006,0,0,0,0,-34792,-576,-10637,-851,0,-1,-34792,-24155,0,-25006,0,0,0,0,-34792,-576,-10637,-851,0
1135,1.1349,1.13490001,1.13490003,1.134901,1.134901,56745001,56745002,0,484,1,0,1,0,0,-1,-33944,-25006,0,-25721,0,0,0,0,-33944,-484,-8938,-715,0,-1,-33944,-25006,0,-25721,0,0,0,0,-33944,-484,-8938,-715,0
1136,1.1359,1.13590001,1.13590003,1.135901,1.135901,56795001,56795002,0,406,1,0,1,0,0,-1,-33218,-25721,0,-26321,0,0,0,0,-33218,-406,-7497,-600,0,-1,-33218,-25721,0,-26321,0,0,0,0,-33218,-406,-7497,-600,0
1137,1.1369,1.13690001,1.13690003,1.136901,1.136901,56845001,56845002,0,341,1,0,1,0,0,-1,-32618,-26321,0,-26825,0,0,0,0,-32618,-341,-6297,-504,0,-1,-32618,-26321,0,-26825,0,0,0,0,-32618,-341,-6297,-504,0
1138,1.1379,1.13790001,1.13790003,1.137901,1.137901,56895001,56895002,0,287,1,0,1,0,0,-1,-32125,-26825,0,-27249,0,0,0,0,-32125,-287,-5300,-424,0,-1,-32125,-26825,0,-27249,0,0,0,0,-32125,-287,-5300,-424,0
1139,1.1389,1.13890001,1.13890003,1.138901,1.138901,56945001,56945002,0,241,1,0,1,0,0,-1,-31699,-27249,0,-27605,0,0,0,0,-31699,-241,-4450,-356,0,-1,-31699,-27249,0,-27605,0,0,0,0,-31699,-241,-4450,-356,0
1140,1.1399,1.13990001,1.13990003,1.139901,1.139901,56995001,56995002,0,202,1,0,1,0,0,-1,-31335,-27605,0,-27903,0,0,0,0,-31335,-202,-3730,-298,0,-1,-31335,-27605,0,-27903,0,0,0,0,-31335,-202,-3730,-298,0
1141,1.1409,1.14090001,1.14090003,1.140901,1.140901,57045001,57045002,0,170,1,0,1,0,0,-1,-31042,-27903,0,-28154,0,0,0,0,-31042,-170,-3139,-251,0,-1,-31042,-27903,0,-28154,0,0,0,0,-31042,-170,-3139,-251,0
1142,1.1419,1.14190001,1.14190003,1.141901,1.141901,57095001,57095002,0,143,1,0,1,0,0,-1,-30795,-28154,0,-28365,0,0,0,0,-30795,-143,-2641,-211,0,-1,-30795,-28154,0,-28365,0,0,0,0,-30795,-143,-2641,-211,0
1143,1.1429,1.14290001,1.14290003,1.142901,1.142901,57145001,57145002,0,120,1,0,1,0,0,-1,-30581,-28365,0,-28542,0,0,0,0,-30581,-120,-2216,-177,0,-1,-30581,-28365,0,-28542,0,0,0,0,-30581,-120,-2216,-177,0
1144,1.1439,1.14390001,1.14390003,1.143901,1.143901,57195001,57195002,0,-1409,1,0,1,0,0,0,-2523,-28542,0,-26460,0,0,0,0,-2523,1409,26019,2082,0,0,-2523,-28542,0,-26460,0,0,0,0,-2523,1409,26019,2082,0
1145,1.1449,1.14490001,1.14490003,1.144901,1.144901,57245001,57245002,0,-17430,1,0,1,0,0,9,295407,-26460,0,-711,0,0,0,0,295407,17430,321867,25749,0,9,295407,-26460,0,-711,0,0,0,0,295407,17430,321867,25749,0
1146,1.1459,1.14590001,1.14590003,1.145901,1.145901,57295001,57295002,0,-19611,1,0,1,0,0,11,361431,-711,0,28260,0,0,0,0,361431,19611,362142,28971,0,11,361431,-711,0,28260,0,0,0,0,361431,19611,362142,28971,0
1147,1.1469,1.14690001,1.14690003,1.146901,1.146901,57345001,57345002,0,-17992,1,0,1,0,0,11,360505,28260,0,54840,0,0,0,0,360505,17992,332245,26580,0,11,360505,28260,0,54840,0,0,0,0,360505,17992,332245,26580,0
1148,1.1479,1.14790001,1.14790003,1.147901,1.147901,57395001,57395002,0,-15578,1,0,1,0,0,10,342508,54840,0,77853,0,0,0,0,342508,15578,287668,23013,0,10,342508,54840,0,77853,0,0,0,0,342508,15578,287668,23013,0
1149,1.1489,1.14890001,1.14890003,1.148901,1.148901,57445001,57445002,0,-13227,1,0,1,0,0,10,322106,77853,0,97393,0,0,0,0,322106,13227,244253,19540,0,10,322106,77853,0,97393,0,0,0,0,322106,13227,244253,19540,0
1150,1.1499,1.14990001,1.14990003,1.149901,1.149901,57495001,57495002,0,5663,1,0,1,0,0,0,-7182,97393,0,89027,0,0,0,0,-7182,-5663,-104575,-8366,0,0,-7182,97393,0,89027,0,0,0,0,-7182,-5663,-104575,-8366,0
1151,1.1509,1.15090001,1.15090003,1.150901,1.150901,57545001,57545002,0,10339,1,0,1,0,0,-3,-101896,89027,0,73753,0,0,0,0,-101896,-10339,-190923,-15274,0,-3,-101896,89027,0,73753,0,0,0,0,-101896,-10339,-190923,-15274,0
1152,1.1519,1.15190001,1.15190003,1.151901,1.151901,57595001,57595002,0,10392,1,0,1,0,0,-4,-118149,73753,0,58401,0,0,0,0,-118149,-10392,-191902,-15352,0,-4,-118149,73753,0,58401,0,0,0,0,-118149,-10392,-191902,-15352,0
1153,1.1529,1.15290001,1.15290003,1.152901,1.152901,57645001,57645002,0,9251,1,0,1,0,0,-3,-112431,58401,0,44734,0,0,0,0,-112431,-9251,-170832,-13667,0,-3,-112431,58401,0,44734,0,0,0,0,-112431,-9251,-170832,-13667,0
1154,1.1539,1.15390001,1.15390003,1.153901,1.153901,57695001,57695002,0,7930,1,0,1,0,0,-3,-101704,44734,0,33019,0,0,0,0,-101704,-7930,-146438,-11715,0,-3,-101704,44734,0,33019,0,0,0,0,-101704,-7930,-146438,-11715,0
1155,1.1549,1.15490001,1.15490003,1.154901,1.154901,57745001,57745002,0,6709,1,0,1,0,0,-3,-90871,33019,0,23108,0,0,0,0,-90871,-6709,-123890,-9911,0,-3,-90871,33019,0,23108,0,0,0,0,-90871,-6709,-123890,-9911,0
1156,1.1559,1.15590001,1.15590003,1.155901,1.155901,57795001,57795002,0,5651,1,0,1,0,0,-2,-81245,23108,0,14760,0,0,0,0,-81245,-5651,-104353,-8348,0,-2,-81245,23108,0,14760,0,0,0,0,-81245,-5651,-104353,-8348,0
1157,1.1569,1.15690001,1.15690003,1.156901,1.156901,57845001,57845002,0,4751,1,0,1,0,0,-2,-72973,14760,0,7741,0,0,0,0,-72973,-4751,-87733,-7019,0,-2,-72973,14760,0,7741,0,0,0,0,-72973,-4751,-87733,-7019,0
1158,1.1579,1.15790001,1.15790003,1.157901,1.157901,57895001,57895002,0,3992,1,0,1,0,0,-2,-65976,7741,0,1844,0,0,0,0,-65976,-3992,-73717,-5897,0,-2,-65976,7741,0,1844,0,0,0,0,-65976,-3992,-73717,-5897,0
1159,1.1589,1.15890001,1.15890003,1.158901,1.158901,57945001,57945002,0,3353,1,0,1,0,0,-2,-60073,1844,0,-3109,0,0,0,0,-60073,-3353,-61917,-4953,0,-2,-60073,1844,0,-3109,0,0,0,0,-60073,-3353,-61917,-4953,0
1160,1.1599,1.15990001,1.15990003,1.159901,1.159901,57995001,57995002,0,2817,1,0,1,0,0,-2,-55129,-3109,0,-7271,0,0,0,0,-55129,-2817,-52020,-4162,0,-2,-55129,-3109,0,-7271,0,0,0,0,-55129,-2817,-52020,-4162,0
1161,1.1609,1.16090001,1.16090003,1.160901,1.160901,58045001,58045002,0,2366,1,0,1,0,0,-2,-50962,-7271,0,-10766,0,0,0,0,-50962,-2366,-43691,-3495,0,-2,-50962,-7271,0,-10766,0,0,0,0,-50962,-2366,-43691,-3495,0
1162,1.1619,1.16190001,1.16190003,1.161901,1.161901,58095001,58095002,0,1987,1,0,1,0,0,-1,-47458,-10766,0,-13701,0,0,0,0,-47458,-1987,-36692,-2935,0,-1,-47458,-10766,0,-13701,0,0,0,0,-47458,-1987,-36692,-2935,0
1163,1.1629,1.16290001,1.16290003,1.162901,1.162901,58145001,58145002,0,1669,1,0,1,0,0,-1,-44521,-13701,0,-16167,0,0,0,0,-44521,-1669,-30820,-2466,0,-1,-44521,-13701,0,-16167,0,0,0,0,-44521,-1669,-30820,-2466,0
1164,1.1639,1.16390001,1.16390003,1.163901,1.163901,58195001,58195002,0,1402,1,0,1,0,0,-1,-42057,-16167,0,-18238,0,0,0,0,-42057,-1402,-25890,-2071,0,-1,-42057,-16167,0,-18238,0,0,0,0,-42057,-1402,-25890,-2071,0
1165,1.1649,1.16490001,1.16490003,1.164901,1.164901,58245001,58245002,0,1178,1,0,1,0,0,-1,-39991,-18238,0,-19978,0,0,0,0,-39991,-1178,-21753,-1740,0,-1,-39991,-18238,0,-19978,0,0,0,0,-39991,-1178,-21753,-1740,0
1166,1.1659,1.16590001,1.16590003,1.165901,1.165901,58295001,58295002,0,989,1,0,1,0,0,-1,-38241,-19978,0,-21439,0,0,0,0,-38241,-989,-18263,-1461,0,-1,-38241,-19978,0,-21439,0,0,0,0,-38241,-989,-18263,-1461,0
1167,1.1669,1.16690001,1.16690003,1.166901,1.166901,58345001,58345002,0,831,1,0,1,0,0,-1,-36784,-21439,0,-22667,0,0,0,0,-36784,-831,-15345,-1228,0,-1,-36784,-21439,0,-22667,0,0,0,0,-36784,-831,-15345,-1228,0
1168,1.1679,1.16790001,1.16790003,1.167901,1.167901,58395001,58395002,0,698,1,0,1,0,0,-1,-35556,-22667,0,-23698,0,0,0,0,-35556,-698,-12889,-1031,0,-1,-35556,-22667,0,-23698,0,0,0,0,-35556,-698,-12889,-1031,0
1169,1.1689,1.16890001,1.16890003,1.168901,1.168901,58445001,58445002,0,586,1,0,1,0,0,-1,-34519,-23698,0,-24564,0,0,0,0,-34519,-586,-10821,-866,0,-1,-34519,-23698,0,-24564,0,0,0,0,-34519,-586,-10821,-866,0
1170,1.1699,1.16990001,1.16990003,1.169901,1.169901,58495001,58495002,0,492,1,0,1,0,0,-1,-33649,-24564,0,-25291,0,0,0,0,-33649,-492,-9085,-727,0,-1,-33649,-24564,0,-25291,0,0,0,0,-33649,-492,-9085,-727,0
1171,1.1709,1.17090001,1.17090003,1.170901,1.170901,58545001,58545002,0,414,1,0,1,0,0,-1,-32936,-25291,0,-25903,0,0,0,0,-32936,-414,-7645,-612,0,-1,-32936,-25291,0,-25903,0,0,0,0,-32936,-414,-7645,-612,0
1172,1.1719,1.17190001,1.17190003,1.171901,1.171901,58595001,58595002,0,347,1,0,1,0,0,-1,-32311,-25903,0,-26416,0,0,0,0,-32311,-347,-6408,-513,0,-1,-32311,-25903,0,-26416,0,0,0,0,-32311,-347,-6408,-513,0
1173,1.1729,1.17290001,1.17290003,1.172901,1.172901,58645001,58645002,0,292,1,0,1,0,0,-1,-31808,-26416,0,-26847,0,0,0,0,-31808,-292,-5392,-431,0,-1,-31808,-26416,0,-26847,0,0,0,0,-31808,-292,-5392,-431,0
1174,1.1739,1.17390001,1.17390003,1.173901,1.173901,58695001,58695002,0,245,1,0,1,0,0,-1,-31371,-26847,0,-27209,0,0,0,0,-31371,-245,-4524,-362,0,-1,-31371,-26847,0,-27209,0,0,0,0,-31371,-245,-4524,-362,0
1175,1.1749,1.17490001,1.17490003,1.174901,1.174901,58745001,58745002,0,206,1,0,1,0,0,-1,-31013,-27209,0,-27513,0,0,0,0,-31013,-206,-3804,-304,0,-1,-31013,-27209,0,-27513,0,0,0,0,-31013,-206,-3804,-304,0
1176,1.1759,1.17590001,1.17590003,1.175901,1.175901,58795001,58795002,0,173,1,0,1,0,0,-1,-30708,-27513,0,-27769,0,0,0,0,-30708,-173,-3195,-256,0,-1,-30708,-27513,0,-27769,0,0,0,0,-30708,-173,-3195,-256,0
1177,1.1769,1.17690001,1.17690003,1.176901,1.176901,58845001,58845002,0,145,1,0,1,0,0,-1,-30447,-27769,0,-27983,0,0,0,0,-30447,-145,-2678,-214,0,-1,-30447,-27769,0,-27983,0,0,0,0,-30447,-145,-2678,-214,0
1178,1.1779,1.17790001,1.17790003,1.177901,1.177901,58895001,58895002,0,122,1,0,1,0,0,-1,-30236,-27983,0,-28163,0,0,0,0,-30236,-122,-2253,-180,0,-1,-30236,-27983,0,-28163,0,0,0,0,-30236,-122,-2253,-180,0
1179,1.1789,1.17890001,1.17890003,1.178901,1.178901,58945001,58945002,0,102,1,0,1,0,0,-1,-30047,-28163,0,-28314,0,0,0,0,-30047,-102,-1884,-151,0,-1,-30047,-28163,0,-28314,0,0,0,0,-30047,-102,-1884,-151,0
1180,1.1799,1.17990001,1.17990003,1.179901,1.179901,58995001,58995002,0,86,1,0,1,0,0,-1,-29902,-28314,0,-28441,0,0,0,0,-29902,-86,-1588,-127,0,-1,-29902,-28314,0,-28441,0,0,0,0,-29902,-86,-1588,-127,0
1181,1.1809,1.18090001,1.18090003,1.180901,1.180901,59045001,59045002,0,-4283,1,0,1,0,0,2,50650,-28441,0,-22114,0,0,0,0,50650,4283,79091,6327,0,2,50650,-28441,0,-22114,0,0,0,0,50650,4283,79091,6327,0
1182,1.1819,1.18190001,1.18190003,1.181901,1.181901,59095001,59095002,0,-18030,1,0,1,0,0,9,310833,-22114,0,4522,0,0,0,0,310833,18030,332947,26636,0,9,310833,-22114,0,4522,0,0,0,0,310833,18030,332947,26636,0
1183,1.1829,1.18290001,1.18290003,1.182901,1.182901,59145001,59145002,0,-19559,1,0,1,0,0,11,365704,4522,0,33417,0,0,0,0,365704,19559,361182,28895,0,11,365704,4522,0,33417,0,0,0,0,365704,19559,361182,28895,0
1184,1.1839,1.18390001,1.18390003,1.183901,1.183901,59195001,59195002,0,-17779,1,0,1,0,0,11,361729,33417,0,59682,0,0,0,0,361729,17779,328312,26265,0,11,361729,33417,0,59682,0,0,0,0,361729,17779,328312,26265,0
1185,1.1849,1.18490001,1.18490003,1.184901,1.184901,59245001,59245002,0,-15347,1,0,1,0,0,10,343084,59682,0,82354,0,0,0,0,343084,15347,283402,22672,0,10,343084,59682,0,82354,0,0,0,0,343084,15347,283402,22672,0
1186,1.1859,1.18590001,1.18590003,1.185901,1.185901,59295001,59295002,0,-8661,1,0,1,0,0,7,242290,82354,0,95149,0,0,0,0,242290,8661,159936,12795,0,7,242290,82354,0,95149,0,0,0,0,242290,8661,159936,12795,0
1187,1.1869,1.18690001,1.18690003,1.186901,1.186901,59345001,59345002,0,7119,1,0,1,0,0,-1,-36312,95149,0,84632,0,0,0,0,-36312,-7119,-131461,-10517,0,-1,-36312,95149,0,84632,0,0,0,0,-36312,-7119,-131461,-10517,0
1188,1.1879,1.18790001,1.18790003,1.187901,1.187901,59395001,59395002,0,10382,1,0,1,0,0,-3,-107085,84632,0,69295,0,0,0,0,-107085,-10382,-191717,-15337,0,-3,-107085,84632,0,69295,0,0,0,0,-107085,-10382,-191717,-15337,0
1189,1.1889,1.18890001,1.18890003,1.188901,1.188901,59445001,59445002,0,10068,1,0,1,0,0,-4,-116623,69295,0,54422,0,0,0,0,-116623,-10068,-185918,-14873,0,-4,-116623,69295,0,54422,0,0,0,0,-116623,-10068,-185918,-14873,0
1190,1.1899,1.18990001,1.18990003,1.189901,1.189901,59495001,59495002,0,8868,1,0,1,0,0,-3,-109337,54422,0,41321,0,0,0,0,-109337,-8868,-163759,-13101,0,-3,-109337,54422,0,41321,0,0,0,0,-109337,-8868,-163759,-13101,0
1191,1.1909,1.19090001,1.19090003,1.190901,1.190901,59545001,59545002,0,7575,1,0,1,0,0,-3,-98561,41321,0,30130,0,0,0,0,-98561,-7575,-139882,-11191,0,-3,-98561,41321,0,30130,0,0,0,0,-98561,-7575,-139882,-11191,0
1192,1.1919,1.19190001,1.19190003,1.191901,1.191901,59595001,59595002,0,6401,1,0,1,0,0,-3,-88073,30130,0,20674,0,0,0,0,-88073,-6401,-118203,-9456,0,-3,-88073,30130,0,20674,0,0,0,0,-88073,-6401,-118203,-9456,0
1193,1.1929,1.19290001,1.19290003,1.192901,1.192901,59645001,59645002,0,5388,1,0,1,0,0,-2,-78822,20674,0,12714,0,0,0,0,-78822,-5388,-99496,-7960,0,-2,-78822,20674,0,12714,0,0,0,0,-78822,-5388,-99496,-7960,0
1194,1.1939,1.19390001,1.19390003,1.193901,1.193901,59695001,59695002,0,4530,1,0,1,0,0,-2,-70938,12714,0,6022,0,0,0,0,-70938,-4530,-83652,-6692,0,-2,-70938,12714,0,6022,0,0,0,0,-70938,-4530,-83652,-6692,0
1195,1.1949,1.19490001,1.19490003,1.194901,1.194901,59745001,59745002,0,3806,1,0,1,0,0,-2,-64261,6022,0,399,0,0,0,0,-64261,-3806,-70283,-5623,0,-2,-64261,6022,0,399,0,0,0,0,-64261,-3806,-70283,-5623,0
1196,1.1959,1.19590001,1.19590003,1.195901,1.195901,59795001,59795002,0,3197,1,0,1,0,0,-2,-58638,399,0,-4324,0,0,0,0,-58638,-3197,-59037,-4723,0,-2,-58638,399,0,-4324,0,0,0,0,-58638,-3197,-59037,-4723,0
1197,1.1969,1.19690001,1.19690003,1.196901,1.196901,59845001,59845002,0,2685,1,0,1,0,0,-2,-53906,-4324,0,-8291,0,0,0,0,-53906,-2685,-49582,-3967,0,-2,-53906,-4324,0,-8291,0,0,0,0,-53906,-2685,-49582,-3967,0
1198,1.1979,1.19790001,1.19790003,1.197901,1.197901,59895001,59895002,0,2256,1,0,1,0,0,-2,-49951,-8291,0,-11624,0,0,0,0,-49951,-2256,-41660,-3333,0,-2,-49951,-8291,0,-11624,0,0,0,0,-49951,-2256,-41660,-3333,0
1199,1.1989,1.19890001,1.19890003,1.198901,1.198901,59945001,59945002,0,1895,1,0,1,0,0,-1,-46618,-11624,0,-14423,0,0,0,0,-46618,-1895,-34994,-2799,0,-1,-46618,-11624,0,-14423,0,0,0,0,-46618,-1895,-34994,-2799,0
1200,1.1999,1.19990001,1.19990003,1.199901,1.199901,59995001,59995002,0,1591,1,0,1,0,0,-1,-43803,-14423,0,-16773,0,0,0,0,-43803,-1591,-29380,-2350,0,-1,-43803,-14423,0,-16773,0,0,0,0,-43803,-1591,-29380,-2350,0
