Copyright 1986-2022 Xilinx, Inc. All Rights Reserved. Copyright 2022-2026 Advanced Micro Devices, Inc. All Rights Reserved.
---------------------------------------------------------------------------------------------------------------------------------------------------------------------------------------------------------------------------------------------------------
| Tool Version : Vivado v.2026.1 (win64) Build 6511674 Tue Jun 16 11:02:23 MDT 2026
| Date         : Sat Sep 19 21:41:15 2026
| Host         : DependOnOMEN16 running 64-bit major release  (build 9200)
| Command      : report_timing_summary -max_paths 10 -routable_nets -report_unconstrained -file mc_sector_svpwm_timing_summary_routed.rpt -pb mc_sector_svpwm_timing_summary_routed.pb -rpx mc_sector_svpwm_timing_summary_routed.rpx -warn_on_violation
| Design       : mc_sector_svpwm
| Device       : 7a200t-fbg484
| Speed File   : -2  PRODUCTION 1.23 2018-06-13
| Design State : Routed
---------------------------------------------------------------------------------------------------------------------------------------------------------------------------------------------------------------------------------------------------------

Timing Summary Report

------------------------------------------------------------------------------------------------
| Timer Settings
| --------------
------------------------------------------------------------------------------------------------

  Enable Multi Corner Analysis               :  Yes
  Enable Pessimism Removal                   :  Yes
  Pessimism Removal Resolution               :  Nearest Common Node
  Enable Input Delay Default Clock           :  No
  Enable Preset / Clear Arcs                 :  No
  Disable Flight Delays                      :  No
  Ignore I/O Paths                           :  No
  Timing Early Launch at Borrowing Latches   :  No
  Borrow Time for Max Delay Exceptions       :  Yes
  Merge Timing Exceptions                    :  Yes
  Inter-SLR Compensation                     :  Conservative

  Corner  Analyze    Analyze
  Name    Max Paths  Min Paths
  ------  ---------  ---------
  Slow    Yes        Yes
  Fast    Yes        Yes


------------------------------------------------------------------------------------------------
| Report Methodology
| ------------------
------------------------------------------------------------------------------------------------

Rule       Severity  Description                    Violations
---------  --------  -----------------------------  ----------
DPIR-1     Warning   Asynchronous driver check      874
SYNTH-10   Warning   Wide multiplier                14
TIMING-16  Warning   Large setup violation          132
TIMING-18  Warning   Missing input or output delay  163

Note: This report is based on the most recent report_methodology run and may not be up-to-date. Run report_methodology on the current design for the latest report.



check_timing report

Table of Contents
-----------------
1. checking no_clock (0)
2. checking constant_clock (0)
3. checking pulse_width_clock (0)
4. checking unconstrained_internal_endpoints (0)
5. checking no_input_delay (77)
6. checking no_output_delay (86)
7. checking multiple_clock (0)
8. checking generated_clocks (0)
9. checking loops (0)
10. checking partial_input_delay (0)
11. checking partial_output_delay (0)
12. checking latch_loops (0)

1. checking no_clock (0)
------------------------
 There are 0 register/latch pins with no clock.


2. checking constant_clock (0)
------------------------------
 There are 0 register/latch pins with constant_clock.


3. checking pulse_width_clock (0)
---------------------------------
 There are 0 register/latch pins which need pulse_width check


4. checking unconstrained_internal_endpoints (0)
------------------------------------------------
 There are 0 pins that are not constrained for maximum delay.

 There are 0 pins that are not constrained for maximum delay due to constant clock.


5. checking no_input_delay (77)
-------------------------------
 There are 77 input ports with no input delay specified. (HIGH)

 There are 0 input ports with no input delay but user has a false path constraint.


6. checking no_output_delay (86)
--------------------------------
 There are 86 ports with no output delay specified. (HIGH)

 There are 0 ports with no output delay but user has a false path constraint

 There are 0 ports with no output delay but with a timing clock defined on it or propagating through it


7. checking multiple_clock (0)
------------------------------
 There are 0 register/latch pins with multiple clocks.


8. checking generated_clocks (0)
--------------------------------
 There are 0 generated clocks that are not connected to a clock source.


9. checking loops (0)
---------------------
 There are 0 combinational loops in the design.


10. checking partial_input_delay (0)
------------------------------------
 There are 0 input ports with partial input delay specified.


11. checking partial_output_delay (0)
-------------------------------------
 There are 0 ports with partial output delay specified.


12. checking latch_loops (0)
----------------------------
 There are 0 combinational latch loops in the design through latch input



------------------------------------------------------------------------------------------------
| Design Timing Summary
| ---------------------
------------------------------------------------------------------------------------------------

    WNS(ns)      TNS(ns)  TNS Failing Endpoints  TNS Total Endpoints      WHS(ns)      THS(ns)  THS Failing Endpoints  THS Total Endpoints     WPWS(ns)     TPWS(ns)  TPWS Failing Endpoints  TPWS Total Endpoints
    -------      -------  ---------------------  -------------------      -------      -------  ---------------------  -------------------     --------     --------  ----------------------  --------------------
     -2.944     -369.112                    139                 2778        0.116        0.000                      0                 2778        9.500        0.000                       0                  1453


Timing constraints are not met.


------------------------------------------------------------------------------------------------
| Clock Summary
| -------------
------------------------------------------------------------------------------------------------

Clock    Waveform(ns)       Period(ns)      Frequency(MHz)
-----    ------------       ----------      --------------
sys_clk  {0.000 10.000}     20.000          50.000


------------------------------------------------------------------------------------------------
| Intra Clock Table
| -----------------
------------------------------------------------------------------------------------------------

Clock             WNS(ns)      TNS(ns)  TNS Failing Endpoints  TNS Total Endpoints      WHS(ns)      THS(ns)  THS Failing Endpoints  THS Total Endpoints     WPWS(ns)     TPWS(ns)  TPWS Failing Endpoints  TPWS Total Endpoints
-----             -------      -------  ---------------------  -------------------      -------      -------  ---------------------  -------------------     --------     --------  ----------------------  --------------------
sys_clk            -2.944     -369.112                    139                 2778        0.116        0.000                      0                 2778        9.500        0.000                       0                  1453


------------------------------------------------------------------------------------------------
| Inter Clock Table
| -----------------
------------------------------------------------------------------------------------------------

From Clock    To Clock          WNS(ns)      TNS(ns)  TNS Failing Endpoints  TNS Total Endpoints      WHS(ns)      THS(ns)  THS Failing Endpoints  THS Total Endpoints
----------    --------          -------      -------  ---------------------  -------------------      -------      -------  ---------------------  -------------------


------------------------------------------------------------------------------------------------
| Other Path Groups Table
| -----------------------
------------------------------------------------------------------------------------------------

Path Group    From Clock    To Clock          WNS(ns)      TNS(ns)  TNS Failing Endpoints  TNS Total Endpoints      WHS(ns)      THS(ns)  THS Failing Endpoints  THS Total Endpoints
----------    ----------    --------          -------      -------  ---------------------  -------------------      -------      -------  ---------------------  -------------------


------------------------------------------------------------------------------------------------
| User Ignored Path Table
| -----------------------
------------------------------------------------------------------------------------------------

Path Group    From Clock    To Clock
----------    ----------    --------


------------------------------------------------------------------------------------------------
| Unconstrained Path Table
| ------------------------
------------------------------------------------------------------------------------------------

Path Group    From Clock    To Clock
----------    ----------    --------
(none)
(none)        sys_clk
(none)                      sys_clk


------------------------------------------------------------------------------------------------
| Timing Details
| --------------
------------------------------------------------------------------------------------------------


---------------------------------------------------------------------------------------------------
From Clock:  sys_clk
  To Clock:  sys_clk

Setup :          139  Failing Endpoints,  Worst Slack       -2.944ns,  Total Violation     -369.112ns
Hold  :            0  Failing Endpoints,  Worst Slack        0.116ns,  Total Violation        0.000ns
PW    :            0  Failing Endpoints,  Worst Slack        9.500ns,  Total Violation        0.000ns
---------------------------------------------------------------------------------------------------


Max Delay Paths
--------------------------------------------------------------------------------------
Slack (VIOLATED) :        -2.944ns  (required time - arrival time)
  Source:                 captured_alpha_reg[5]/C
                            (rising edge-triggered cell FDCE clocked by sys_clk  {rise@0.000ns fall@10.000ns period=20.000ns})
  Destination:            divider_a_numerator_reg[65]/CE
                            (rising edge-triggered cell FDCE clocked by sys_clk  {rise@0.000ns fall@10.000ns period=20.000ns})
  Path Group:             sys_clk
  Path Type:              Setup (Max at Slow Process Corner)
  Requirement:            20.000ns  (sys_clk rise@20.000ns - sys_clk rise@0.000ns)
  Data Path Delay:        22.727ns  (logic 13.128ns (57.764%)  route 9.599ns (42.236%))
  Logic Levels:           62  (CARRY4=49 DSP48E1=1 LUT1=1 LUT2=4 LUT3=3 LUT4=1 LUT6=2 MUXF7=1)
  Clock Path Skew:        -0.046ns (DCD - SCD + CPR)
    Destination Clock Delay (DCD):    4.130ns = ( 24.130 - 20.000 )
    Source Clock Delay      (SCD):    4.477ns
    Clock Pessimism Removal (CPR):    0.301ns
  Clock Uncertainty:      0.035ns  ((TSJ^2 + TIJ^2)^1/2 + DJ) / 2 + PE
    Total System Jitter     (TSJ):    0.071ns
    Total Input Jitter      (TIJ):    0.000ns
    Discrete Jitter          (DJ):    0.000ns
    Phase Error              (PE):    0.000ns

    Location             Delay type                Incr(ns)  Path(ns)    Netlist Resource(s)
  -------------------------------------------------------------------    -------------------
                         (clock sys_clk rise edge)    0.000     0.000 r  <hidden>
    U20                                               0.000     0.000 r  clk
                         net (fo=0)                   0.000     0.000    clk
    U20                  IBUF (Prop_ibuf_I_O)         0.925     0.925 r  clk_IBUF_inst/O
                         net (fo=1, routed)           1.827     2.752    clk_IBUF
    BUFGCTRL_X0Y0        BUFG (Prop_bufg_I_O)         0.081     2.833 r  clk_IBUF_BUFG_inst/O
                         net (fo=1452, routed)        1.644     4.477    clk_IBUF_BUFG
    SLICE_X15Y56         FDCE                                         r  captured_alpha_reg[5]/C
  -------------------------------------------------------------------    -------------------
    SLICE_X15Y56         FDCE (Prop_fdce_C_Q)         0.379     4.856 f  captured_alpha_reg[5]/Q
                         net (fo=1, routed)           0.540     5.396    sector_xyz/value0_0[5]
    SLICE_X15Y56         LUT1 (Prop_lut1_I0_O)        0.105     5.501 r  sector_xyz/cmp20_i_100/O
                         net (fo=1, routed)           0.000     5.501    sector_xyz/cmp20_i_100_n_0
    SLICE_X15Y56         CARRY4 (Prop_carry4_S[1]_CO[3])
                                                      0.457     5.958 r  sector_xyz/cmp20_i_73/CO[3]
                         net (fo=1, routed)           0.000     5.958    sector_xyz/cmp20_i_73_n_0
    SLICE_X15Y57         CARRY4 (Prop_carry4_CI_O[0])
                                                      0.180     6.138 r  sector_xyz/cmp20_i_92/O[0]
                         net (fo=9, routed)           0.546     6.684    sector_xyz/cmp22__0[8]
    SLICE_X13Y58         LUT2 (Prop_lut2_I1_O)        0.249     6.933 r  sector_xyz/cmp20_i_144/O
                         net (fo=1, routed)           0.000     6.933    sector_xyz/cmp20_i_144_n_0
    SLICE_X13Y58         CARRY4 (Prop_carry4_S[0]_CO[3])
                                                      0.440     7.373 r  sector_xyz/cmp20_i_88/CO[3]
                         net (fo=1, routed)           0.000     7.373    sector_xyz/cmp20_i_88_n_0
    SLICE_X13Y59         CARRY4 (Prop_carry4_CI_CO[3])
                                                      0.098     7.471 r  sector_xyz/cmp20_i_85/CO[3]
                         net (fo=1, routed)           0.000     7.471    sector_xyz/cmp20_i_85_n_0
    SLICE_X13Y60         CARRY4 (Prop_carry4_CI_O[1])
                                                      0.265     7.736 r  sector_xyz/cmp20_i_82/O[1]
                         net (fo=3, routed)           0.480     8.216    sector_xyz/cmp20_i_82_n_6
    SLICE_X16Y59         LUT3 (Prop_lut3_I1_O)        0.250     8.466 r  sector_xyz/cmp20_i_27/O
                         net (fo=1, routed)           0.522     8.988    sector_xyz/cmp20_i_27_n_0
    SLICE_X12Y61         CARRY4 (Prop_carry4_DI[0]_CO[3])
                                                      0.457     9.445 r  sector_xyz/cmp20_i_3/CO[3]
                         net (fo=1, routed)           0.000     9.445    sector_xyz/cmp20_i_3_n_0
    SLICE_X12Y62         CARRY4 (Prop_carry4_CI_CO[3])
                                                      0.100     9.545 r  sector_xyz/cmp20_i_2/CO[3]
                         net (fo=1, routed)           0.000     9.545    sector_xyz/cmp20_i_2_n_0
    SLICE_X12Y63         CARRY4 (Prop_carry4_CI_O[2])
                                                      0.199     9.744 r  sector_xyz/cmp20_i_1/O[2]
                         net (fo=13, routed)          0.642    10.386    sector_xyz/C[35]
    DSP48_X0Y24          DSP48E1 (Prop_dsp48e1_C[42]_P[2])
                                                      1.662    12.048 f  sector_xyz/cmp20/P[2]
                         net (fo=2, routed)           0.819    12.867    sector_xyz/cmp20_n_103
    SLICE_X8Y61          LUT2 (Prop_lut2_I0_O)        0.105    12.972 r  sector_xyz/pending_sector[2]_i_49/O
                         net (fo=1, routed)           0.000    12.972    sector_xyz/pending_sector[2]_i_49_n_0
    SLICE_X8Y61          CARRY4 (Prop_carry4_S[1]_CO[3])
                                                      0.444    13.416 r  sector_xyz/pending_sector_reg[2]_i_34/CO[3]
                         net (fo=1, routed)           0.000    13.416    sector_xyz/pending_sector_reg[2]_i_34_n_0
    SLICE_X8Y62          CARRY4 (Prop_carry4_CI_CO[3])
                                                      0.100    13.516 r  sector_xyz/pending_sector_reg[2]_i_25/CO[3]
                         net (fo=1, routed)           0.000    13.516    sector_xyz/pending_sector_reg[2]_i_25_n_0
    SLICE_X8Y63          CARRY4 (Prop_carry4_CI_CO[3])
                                                      0.100    13.616 r  sector_xyz/pending_sector_reg[2]_i_15/CO[3]
                         net (fo=1, routed)           0.000    13.616    sector_xyz/pending_sector_reg[2]_i_15_n_0
    SLICE_X8Y64          CARRY4 (Prop_carry4_CI_CO[3])
                                                      0.100    13.716 r  sector_xyz/pending_sector_reg[2]_i_9/CO[3]
                         net (fo=1, routed)           0.000    13.716    sector_xyz/pending_sector_reg[2]_i_9_n_0
    SLICE_X8Y65          CARRY4 (Prop_carry4_CI_CO[1])
                                                      0.131    13.847 r  sector_xyz/pending_sector_reg[2]_i_4/CO[1]
                         net (fo=94, routed)          0.890    14.737    sector_xyz/xyz_sector[2]
    SLICE_X15Y62         MUXF7 (Prop_muxf7_S_O)       0.399    15.136 r  sector_xyz/divider_a_numerator_reg[35]_i_2/O
                         net (fo=8, routed)           0.735    15.871    sector_xyz/selected_a_w[3]
    SLICE_X12Y66         LUT2 (Prop_lut2_I1_O)        0.252    16.123 r  sector_xyz/b_negative_i_502/O
                         net (fo=1, routed)           0.000    16.123    sector_xyz/b_negative_i_502_n_0
    SLICE_X12Y66         CARRY4 (Prop_carry4_S[1]_CO[3])
                                                      0.444    16.567 r  sector_xyz/b_negative_reg_i_415/CO[3]
                         net (fo=1, routed)           0.000    16.567    sector_xyz/b_negative_reg_i_415_n_0
    SLICE_X12Y67         CARRY4 (Prop_carry4_CI_CO[3])
                                                      0.100    16.667 r  sector_xyz/b_negative_reg_i_325/CO[3]
                         net (fo=1, routed)           0.000    16.667    sector_xyz/b_negative_reg_i_325_n_0
    SLICE_X12Y68         CARRY4 (Prop_carry4_CI_CO[3])
                                                      0.100    16.767 r  sector_xyz/b_negative_reg_i_233/CO[3]
                         net (fo=1, routed)           0.000    16.767    sector_xyz/b_negative_reg_i_233_n_0
    SLICE_X12Y69         CARRY4 (Prop_carry4_CI_CO[3])
                                                      0.100    16.867 r  sector_xyz/b_negative_reg_i_140/CO[3]
                         net (fo=1, routed)           0.000    16.867    sector_xyz/b_negative_reg_i_140_n_0
    SLICE_X12Y70         CARRY4 (Prop_carry4_CI_CO[3])
                                                      0.100    16.967 r  sector_xyz/b_negative_reg_i_41/CO[3]
                         net (fo=1, routed)           0.000    16.967    sector_xyz/b_negative_reg_i_41_n_0
    SLICE_X12Y71         CARRY4 (Prop_carry4_CI_CO[0])
                                                      0.207    17.174 r  sector_xyz/b_negative_reg_i_17/CO[0]
                         net (fo=1, routed)           0.438    17.612    sector_xyz/b_negative_reg_i_17_n_3
    SLICE_X12Y72         LUT4 (Prop_lut4_I3_O)        0.297    17.909 f  sector_xyz/b_negative_i_5/O
                         net (fo=5, routed)           0.159    18.068    sector_xyz/b_negative_i_5_n_0
    SLICE_X12Y72         LUT6 (Prop_lut6_I3_O)        0.105    18.173 r  sector_xyz/divider_a_numerator[32]_i_2_comp_2/O
                         net (fo=121, routed)         0.808    18.981    sector_xyz/xyz_range_ok
    SLICE_X12Y76         LUT2 (Prop_lut2_I0_O)        0.126    19.107 r  sector_xyz/divider_denominator[3]_i_5/O
                         net (fo=1, routed)           0.000    19.107    sector_xyz/divider_denominator[3]_i_5_n_0
    SLICE_X12Y76         CARRY4 (Prop_carry4_DI[1]_CO[3])
                                                      0.375    19.482 r  sector_xyz/divider_denominator_reg[3]_i_2/CO[3]
                         net (fo=1, routed)           0.000    19.482    sector_xyz/divider_denominator_reg[3]_i_2_n_0
    SLICE_X12Y77         CARRY4 (Prop_carry4_CI_CO[3])
                                                      0.100    19.582 r  sector_xyz/divider_denominator_reg[7]_i_2/CO[3]
                         net (fo=1, routed)           0.000    19.582    sector_xyz/divider_denominator_reg[7]_i_2_n_0
    SLICE_X12Y78         CARRY4 (Prop_carry4_CI_CO[3])
                                                      0.100    19.682 r  sector_xyz/divider_denominator_reg[11]_i_2/CO[3]
                         net (fo=1, routed)           0.000    19.682    sector_xyz/divider_denominator_reg[11]_i_2_n_0
    SLICE_X12Y79         CARRY4 (Prop_carry4_CI_CO[3])
                                                      0.100    19.782 r  sector_xyz/divider_denominator_reg[15]_i_2/CO[3]
                         net (fo=1, routed)           0.000    19.782    sector_xyz/divider_denominator_reg[15]_i_2_n_0
    SLICE_X12Y80         CARRY4 (Prop_carry4_CI_CO[3])
                                                      0.100    19.882 r  sector_xyz/divider_denominator_reg[19]_i_2/CO[3]
                         net (fo=1, routed)           0.000    19.882    sector_xyz/divider_denominator_reg[19]_i_2_n_0
    SLICE_X12Y81         CARRY4 (Prop_carry4_CI_CO[3])
                                                      0.100    19.982 r  sector_xyz/divider_denominator_reg[23]_i_2/CO[3]
                         net (fo=1, routed)           0.000    19.982    sector_xyz/divider_denominator_reg[23]_i_2_n_0
    SLICE_X12Y82         CARRY4 (Prop_carry4_CI_CO[3])
                                                      0.100    20.082 r  sector_xyz/divider_denominator_reg[27]_i_2/CO[3]
                         net (fo=1, routed)           0.000    20.082    sector_xyz/divider_denominator_reg[27]_i_2_n_0
    SLICE_X12Y83         CARRY4 (Prop_carry4_CI_CO[3])
                                                      0.100    20.182 r  sector_xyz/divider_denominator_reg[31]_i_2/CO[3]
                         net (fo=1, routed)           0.000    20.182    sector_xyz/divider_denominator_reg[31]_i_2_n_0
    SLICE_X12Y84         CARRY4 (Prop_carry4_CI_CO[3])
                                                      0.100    20.282 r  sector_xyz/divider_denominator_reg[35]_i_2/CO[3]
                         net (fo=1, routed)           0.000    20.282    sector_xyz/divider_denominator_reg[35]_i_2_n_0
    SLICE_X12Y85         CARRY4 (Prop_carry4_CI_CO[3])
                                                      0.100    20.382 r  sector_xyz/divider_denominator_reg[39]_i_2/CO[3]
                         net (fo=1, routed)           0.000    20.382    sector_xyz/divider_denominator_reg[39]_i_2_n_0
    SLICE_X12Y86         CARRY4 (Prop_carry4_CI_CO[0])
                                                      0.207    20.589 r  sector_xyz/divider_denominator_reg[40]_i_5/CO[0]
                         net (fo=140, routed)         0.746    21.335    sector_xyz/divider_denominator_reg[40]_i_5_n_3
    SLICE_X14Y84         LUT3 (Prop_lut3_I0_O)        0.297    21.632 r  sector_xyz/divider_denominator[40]_i_190/O
                         net (fo=1, routed)           0.000    21.632    sector_xyz/divider_denominator[40]_i_190_n_0
    SLICE_X14Y84         CARRY4 (Prop_carry4_S[1]_CO[3])
                                                      0.444    22.076 r  sector_xyz/divider_denominator_reg[40]_i_150/CO[3]
                         net (fo=1, routed)           0.000    22.076    sector_xyz/divider_denominator_reg[40]_i_150_n_0
    SLICE_X14Y85         CARRY4 (Prop_carry4_CI_CO[3])
                                                      0.100    22.176 r  sector_xyz/divider_denominator_reg[40]_i_117/CO[3]
                         net (fo=1, routed)           0.000    22.176    sector_xyz/divider_denominator_reg[40]_i_117_n_0
    SLICE_X14Y86         CARRY4 (Prop_carry4_CI_CO[3])
                                                      0.100    22.276 r  sector_xyz/divider_denominator_reg[40]_i_84/CO[3]
                         net (fo=1, routed)           0.000    22.276    sector_xyz/divider_denominator_reg[40]_i_84_n_0
    SLICE_X14Y87         CARRY4 (Prop_carry4_CI_CO[3])
                                                      0.100    22.376 r  sector_xyz/divider_denominator_reg[40]_i_49/CO[3]
                         net (fo=1, routed)           0.000    22.376    sector_xyz/divider_denominator_reg[40]_i_49_n_0
    SLICE_X14Y88         CARRY4 (Prop_carry4_CI_CO[3])
                                                      0.100    22.476 r  sector_xyz/divider_denominator_reg[40]_i_25/CO[3]
                         net (fo=1, routed)           0.000    22.476    sector_xyz/divider_denominator_reg[40]_i_25_n_0
    SLICE_X14Y89         CARRY4 (Prop_carry4_CI_CO[3])
                                                      0.100    22.576 r  sector_xyz/divider_denominator_reg[40]_i_10/CO[3]
                         net (fo=1, routed)           0.000    22.576    sector_xyz/divider_denominator_reg[40]_i_10_n_0
    SLICE_X14Y90         CARRY4 (Prop_carry4_CI_CO[2])
                                                      0.191    22.767 f  sector_xyz/divider_denominator_reg[40]_i_6/CO[2]
                         net (fo=146, routed)         0.919    23.686    sector_xyz/selected_overmodulated
    SLICE_X14Y78         LUT3 (Prop_lut3_I2_O)        0.252    23.938 r  sector_xyz/divider_denominator[40]_i_313/O
                         net (fo=1, routed)           0.144    24.082    sector_xyz/divider_denominator[40]_i_313_n_0
    SLICE_X15Y78         CARRY4 (Prop_carry4_CYINIT_CO[3])
                                                      0.480    24.562 r  sector_xyz/divider_denominator_reg[40]_i_308/CO[3]
                         net (fo=1, routed)           0.000    24.562    sector_xyz/divider_denominator_reg[40]_i_308_n_0
    SLICE_X15Y79         CARRY4 (Prop_carry4_CI_CO[3])
                                                      0.098    24.660 r  sector_xyz/divider_denominator_reg[40]_i_294/CO[3]
                         net (fo=1, routed)           0.000    24.660    sector_xyz/divider_denominator_reg[40]_i_294_n_0
    SLICE_X15Y80         CARRY4 (Prop_carry4_CI_CO[3])
                                                      0.098    24.758 r  sector_xyz/divider_denominator_reg[40]_i_280/CO[3]
                         net (fo=1, routed)           0.000    24.758    sector_xyz/divider_denominator_reg[40]_i_280_n_0
    SLICE_X15Y81         CARRY4 (Prop_carry4_CI_CO[3])
                                                      0.098    24.856 r  sector_xyz/divider_denominator_reg[40]_i_266/CO[3]
                         net (fo=1, routed)           0.000    24.856    sector_xyz/divider_denominator_reg[40]_i_266_n_0
    SLICE_X15Y82         CARRY4 (Prop_carry4_CI_CO[3])
                                                      0.098    24.954 r  sector_xyz/divider_denominator_reg[40]_i_235/CO[3]
                         net (fo=1, routed)           0.000    24.954    sector_xyz/divider_denominator_reg[40]_i_235_n_0
    SLICE_X15Y83         CARRY4 (Prop_carry4_CI_CO[3])
                                                      0.098    25.052 r  sector_xyz/divider_denominator_reg[40]_i_202/CO[3]
                         net (fo=1, routed)           0.000    25.052    sector_xyz/divider_denominator_reg[40]_i_202_n_0
    SLICE_X15Y84         CARRY4 (Prop_carry4_CI_CO[3])
                                                      0.098    25.150 r  sector_xyz/divider_denominator_reg[40]_i_169/CO[3]
                         net (fo=1, routed)           0.000    25.150    sector_xyz/divider_denominator_reg[40]_i_169_n_0
    SLICE_X15Y85         CARRY4 (Prop_carry4_CI_CO[3])
                                                      0.098    25.248 r  sector_xyz/divider_denominator_reg[40]_i_136/CO[3]
                         net (fo=1, routed)           0.000    25.248    sector_xyz/divider_denominator_reg[40]_i_136_n_0
    SLICE_X15Y86         CARRY4 (Prop_carry4_CI_CO[3])
                                                      0.098    25.346 r  sector_xyz/divider_denominator_reg[40]_i_103/CO[3]
                         net (fo=1, routed)           0.000    25.346    sector_xyz/divider_denominator_reg[40]_i_103_n_0
    SLICE_X15Y87         CARRY4 (Prop_carry4_CI_CO[3])
                                                      0.098    25.444 r  sector_xyz/divider_denominator_reg[40]_i_70/CO[3]
                         net (fo=1, routed)           0.000    25.444    sector_xyz/divider_denominator_reg[40]_i_70_n_0
    SLICE_X15Y88         CARRY4 (Prop_carry4_CI_CO[3])
                                                      0.098    25.542 r  sector_xyz/divider_denominator_reg[40]_i_37/CO[3]
                         net (fo=1, routed)           0.000    25.542    sector_xyz/divider_denominator_reg[40]_i_37_n_0
    SLICE_X15Y89         CARRY4 (Prop_carry4_CI_CO[2])
                                                      0.190    25.732 f  sector_xyz/divider_denominator_reg[40]_i_23/CO[2]
                         net (fo=3, routed)           0.565    26.297    sector_xyz/divider_input_valid212_in
    SLICE_X18Y92         LUT6 (Prop_lut6_I4_O)        0.261    26.558 r  sector_xyz/divider_denominator[40]_i_1_comp_1/O
                         net (fo=124, routed)         0.646    27.204    sector_xyz_n_136
    SLICE_X12Y87         FDCE                                         r  divider_a_numerator_reg[65]/CE
  -------------------------------------------------------------------    -------------------

                         (clock sys_clk rise edge)   20.000    20.000 r  <hidden>
    U20                                               0.000    20.000 r  clk
                         net (fo=0)                   0.000    20.000    clk
    U20                  IBUF (Prop_ibuf_I_O)         0.794    20.794 r  clk_IBUF_inst/O
                         net (fo=1, routed)           1.734    22.528    clk_IBUF
    BUFGCTRL_X0Y0        BUFG (Prop_bufg_I_O)         0.077    22.605 r  clk_IBUF_BUFG_inst/O
                         net (fo=1452, routed)        1.525    24.130    clk_IBUF_BUFG
    SLICE_X12Y87         FDCE                                         r  divider_a_numerator_reg[65]/C
                         clock pessimism              0.301    24.431    <hidden>
                         clock uncertainty           -0.035    24.395    <hidden>
    SLICE_X12Y87         FDCE (Setup_fdce_C_CE)      -0.136    24.259    divider_a_numerator_reg[65]
  -------------------------------------------------------------------
                         required time                         24.259    <hidden>
                         arrival time                         -27.204    <hidden>
  -------------------------------------------------------------------
                         slack                                 -2.944    <hidden>

Slack (VIOLATED) :        -2.944ns  (required time - arrival time)
  Source:                 captured_alpha_reg[5]/C
                            (rising edge-triggered cell FDCE clocked by sys_clk  {rise@0.000ns fall@10.000ns period=20.000ns})
  Destination:            divider_b_numerator_reg[59]/CE
                            (rising edge-triggered cell FDCE clocked by sys_clk  {rise@0.000ns fall@10.000ns period=20.000ns})
  Path Group:             sys_clk
  Path Type:              Setup (Max at Slow Process Corner)
  Requirement:            20.000ns  (sys_clk rise@20.000ns - sys_clk rise@0.000ns)
  Data Path Delay:        22.727ns  (logic 13.128ns (57.764%)  route 9.599ns (42.236%))
  Logic Levels:           62  (CARRY4=49 DSP48E1=1 LUT1=1 LUT2=4 LUT3=3 LUT4=1 LUT6=2 MUXF7=1)
  Clock Path Skew:        -0.046ns (DCD - SCD + CPR)
    Destination Clock Delay (DCD):    4.130ns = ( 24.130 - 20.000 )
    Source Clock Delay      (SCD):    4.477ns
    Clock Pessimism Removal (CPR):    0.301ns
  Clock Uncertainty:      0.035ns  ((TSJ^2 + TIJ^2)^1/2 + DJ) / 2 + PE
    Total System Jitter     (TSJ):    0.071ns
    Total Input Jitter      (TIJ):    0.000ns
    Discrete Jitter          (DJ):    0.000ns
    Phase Error              (PE):    0.000ns

    Location             Delay type                Incr(ns)  Path(ns)    Netlist Resource(s)
  -------------------------------------------------------------------    -------------------
                         (clock sys_clk rise edge)    0.000     0.000 r  <hidden>
    U20                                               0.000     0.000 r  clk
                         net (fo=0)                   0.000     0.000    clk
    U20                  IBUF (Prop_ibuf_I_O)         0.925     0.925 r  clk_IBUF_inst/O
                         net (fo=1, routed)           1.827     2.752    clk_IBUF
    BUFGCTRL_X0Y0        BUFG (Prop_bufg_I_O)         0.081     2.833 r  clk_IBUF_BUFG_inst/O
                         net (fo=1452, routed)        1.644     4.477    clk_IBUF_BUFG
    SLICE_X15Y56         FDCE                                         r  captured_alpha_reg[5]/C
  -------------------------------------------------------------------    -------------------
    SLICE_X15Y56         FDCE (Prop_fdce_C_Q)         0.379     4.856 f  captured_alpha_reg[5]/Q
                         net (fo=1, routed)           0.540     5.396    sector_xyz/value0_0[5]
    SLICE_X15Y56         LUT1 (Prop_lut1_I0_O)        0.105     5.501 r  sector_xyz/cmp20_i_100/O
                         net (fo=1, routed)           0.000     5.501    sector_xyz/cmp20_i_100_n_0
    SLICE_X15Y56         CARRY4 (Prop_carry4_S[1]_CO[3])
                                                      0.457     5.958 r  sector_xyz/cmp20_i_73/CO[3]
                         net (fo=1, routed)           0.000     5.958    sector_xyz/cmp20_i_73_n_0
    SLICE_X15Y57         CARRY4 (Prop_carry4_CI_O[0])
                                                      0.180     6.138 r  sector_xyz/cmp20_i_92/O[0]
                         net (fo=9, routed)           0.546     6.684    sector_xyz/cmp22__0[8]
    SLICE_X13Y58         LUT2 (Prop_lut2_I1_O)        0.249     6.933 r  sector_xyz/cmp20_i_144/O
                         net (fo=1, routed)           0.000     6.933    sector_xyz/cmp20_i_144_n_0
    SLICE_X13Y58         CARRY4 (Prop_carry4_S[0]_CO[3])
                                                      0.440     7.373 r  sector_xyz/cmp20_i_88/CO[3]
                         net (fo=1, routed)           0.000     7.373    sector_xyz/cmp20_i_88_n_0
    SLICE_X13Y59         CARRY4 (Prop_carry4_CI_CO[3])
                                                      0.098     7.471 r  sector_xyz/cmp20_i_85/CO[3]
                         net (fo=1, routed)           0.000     7.471    sector_xyz/cmp20_i_85_n_0
    SLICE_X13Y60         CARRY4 (Prop_carry4_CI_O[1])
                                                      0.265     7.736 r  sector_xyz/cmp20_i_82/O[1]
                         net (fo=3, routed)           0.480     8.216    sector_xyz/cmp20_i_82_n_6
    SLICE_X16Y59         LUT3 (Prop_lut3_I1_O)        0.250     8.466 r  sector_xyz/cmp20_i_27/O
                         net (fo=1, routed)           0.522     8.988    sector_xyz/cmp20_i_27_n_0
    SLICE_X12Y61         CARRY4 (Prop_carry4_DI[0]_CO[3])
                                                      0.457     9.445 r  sector_xyz/cmp20_i_3/CO[3]
                         net (fo=1, routed)           0.000     9.445    sector_xyz/cmp20_i_3_n_0
    SLICE_X12Y62         CARRY4 (Prop_carry4_CI_CO[3])
                                                      0.100     9.545 r  sector_xyz/cmp20_i_2/CO[3]
                         net (fo=1, routed)           0.000     9.545    sector_xyz/cmp20_i_2_n_0
    SLICE_X12Y63         CARRY4 (Prop_carry4_CI_O[2])
                                                      0.199     9.744 r  sector_xyz/cmp20_i_1/O[2]
                         net (fo=13, routed)          0.642    10.386    sector_xyz/C[35]
    DSP48_X0Y24          DSP48E1 (Prop_dsp48e1_C[42]_P[2])
                                                      1.662    12.048 f  sector_xyz/cmp20/P[2]
                         net (fo=2, routed)           0.819    12.867    sector_xyz/cmp20_n_103
    SLICE_X8Y61          LUT2 (Prop_lut2_I0_O)        0.105    12.972 r  sector_xyz/pending_sector[2]_i_49/O
                         net (fo=1, routed)           0.000    12.972    sector_xyz/pending_sector[2]_i_49_n_0
    SLICE_X8Y61          CARRY4 (Prop_carry4_S[1]_CO[3])
                                                      0.444    13.416 r  sector_xyz/pending_sector_reg[2]_i_34/CO[3]
                         net (fo=1, routed)           0.000    13.416    sector_xyz/pending_sector_reg[2]_i_34_n_0
    SLICE_X8Y62          CARRY4 (Prop_carry4_CI_CO[3])
                                                      0.100    13.516 r  sector_xyz/pending_sector_reg[2]_i_25/CO[3]
                         net (fo=1, routed)           0.000    13.516    sector_xyz/pending_sector_reg[2]_i_25_n_0
    SLICE_X8Y63          CARRY4 (Prop_carry4_CI_CO[3])
                                                      0.100    13.616 r  sector_xyz/pending_sector_reg[2]_i_15/CO[3]
                         net (fo=1, routed)           0.000    13.616    sector_xyz/pending_sector_reg[2]_i_15_n_0
    SLICE_X8Y64          CARRY4 (Prop_carry4_CI_CO[3])
                                                      0.100    13.716 r  sector_xyz/pending_sector_reg[2]_i_9/CO[3]
                         net (fo=1, routed)           0.000    13.716    sector_xyz/pending_sector_reg[2]_i_9_n_0
    SLICE_X8Y65          CARRY4 (Prop_carry4_CI_CO[1])
                                                      0.131    13.847 r  sector_xyz/pending_sector_reg[2]_i_4/CO[1]
                         net (fo=94, routed)          0.890    14.737    sector_xyz/xyz_sector[2]
    SLICE_X15Y62         MUXF7 (Prop_muxf7_S_O)       0.399    15.136 r  sector_xyz/divider_a_numerator_reg[35]_i_2/O
                         net (fo=8, routed)           0.735    15.871    sector_xyz/selected_a_w[3]
    SLICE_X12Y66         LUT2 (Prop_lut2_I1_O)        0.252    16.123 r  sector_xyz/b_negative_i_502/O
                         net (fo=1, routed)           0.000    16.123    sector_xyz/b_negative_i_502_n_0
    SLICE_X12Y66         CARRY4 (Prop_carry4_S[1]_CO[3])
                                                      0.444    16.567 r  sector_xyz/b_negative_reg_i_415/CO[3]
                         net (fo=1, routed)           0.000    16.567    sector_xyz/b_negative_reg_i_415_n_0
    SLICE_X12Y67         CARRY4 (Prop_carry4_CI_CO[3])
                                                      0.100    16.667 r  sector_xyz/b_negative_reg_i_325/CO[3]
                         net (fo=1, routed)           0.000    16.667    sector_xyz/b_negative_reg_i_325_n_0
    SLICE_X12Y68         CARRY4 (Prop_carry4_CI_CO[3])
                                                      0.100    16.767 r  sector_xyz/b_negative_reg_i_233/CO[3]
                         net (fo=1, routed)           0.000    16.767    sector_xyz/b_negative_reg_i_233_n_0
    SLICE_X12Y69         CARRY4 (Prop_carry4_CI_CO[3])
                                                      0.100    16.867 r  sector_xyz/b_negative_reg_i_140/CO[3]
                         net (fo=1, routed)           0.000    16.867    sector_xyz/b_negative_reg_i_140_n_0
    SLICE_X12Y70         CARRY4 (Prop_carry4_CI_CO[3])
                                                      0.100    16.967 r  sector_xyz/b_negative_reg_i_41/CO[3]
                         net (fo=1, routed)           0.000    16.967    sector_xyz/b_negative_reg_i_41_n_0
    SLICE_X12Y71         CARRY4 (Prop_carry4_CI_CO[0])
                                                      0.207    17.174 r  sector_xyz/b_negative_reg_i_17/CO[0]
                         net (fo=1, routed)           0.438    17.612    sector_xyz/b_negative_reg_i_17_n_3
    SLICE_X12Y72         LUT4 (Prop_lut4_I3_O)        0.297    17.909 f  sector_xyz/b_negative_i_5/O
                         net (fo=5, routed)           0.159    18.068    sector_xyz/b_negative_i_5_n_0
    SLICE_X12Y72         LUT6 (Prop_lut6_I3_O)        0.105    18.173 r  sector_xyz/divider_a_numerator[32]_i_2_comp_2/O
                         net (fo=121, routed)         0.808    18.981    sector_xyz/xyz_range_ok
    SLICE_X12Y76         LUT2 (Prop_lut2_I0_O)        0.126    19.107 r  sector_xyz/divider_denominator[3]_i_5/O
                         net (fo=1, routed)           0.000    19.107    sector_xyz/divider_denominator[3]_i_5_n_0
    SLICE_X12Y76         CARRY4 (Prop_carry4_DI[1]_CO[3])
                                                      0.375    19.482 r  sector_xyz/divider_denominator_reg[3]_i_2/CO[3]
                         net (fo=1, routed)           0.000    19.482    sector_xyz/divider_denominator_reg[3]_i_2_n_0
    SLICE_X12Y77         CARRY4 (Prop_carry4_CI_CO[3])
                                                      0.100    19.582 r  sector_xyz/divider_denominator_reg[7]_i_2/CO[3]
                         net (fo=1, routed)           0.000    19.582    sector_xyz/divider_denominator_reg[7]_i_2_n_0
    SLICE_X12Y78         CARRY4 (Prop_carry4_CI_CO[3])
                                                      0.100    19.682 r  sector_xyz/divider_denominator_reg[11]_i_2/CO[3]
                         net (fo=1, routed)           0.000    19.682    sector_xyz/divider_denominator_reg[11]_i_2_n_0
    SLICE_X12Y79         CARRY4 (Prop_carry4_CI_CO[3])
                                                      0.100    19.782 r  sector_xyz/divider_denominator_reg[15]_i_2/CO[3]
                         net (fo=1, routed)           0.000    19.782    sector_xyz/divider_denominator_reg[15]_i_2_n_0
    SLICE_X12Y80         CARRY4 (Prop_carry4_CI_CO[3])
                                                      0.100    19.882 r  sector_xyz/divider_denominator_reg[19]_i_2/CO[3]
                         net (fo=1, routed)           0.000    19.882    sector_xyz/divider_denominator_reg[19]_i_2_n_0
    SLICE_X12Y81         CARRY4 (Prop_carry4_CI_CO[3])
                                                      0.100    19.982 r  sector_xyz/divider_denominator_reg[23]_i_2/CO[3]
                         net (fo=1, routed)           0.000    19.982    sector_xyz/divider_denominator_reg[23]_i_2_n_0
    SLICE_X12Y82         CARRY4 (Prop_carry4_CI_CO[3])
                                                      0.100    20.082 r  sector_xyz/divider_denominator_reg[27]_i_2/CO[3]
                         net (fo=1, routed)           0.000    20.082    sector_xyz/divider_denominator_reg[27]_i_2_n_0
    SLICE_X12Y83         CARRY4 (Prop_carry4_CI_CO[3])
                                                      0.100    20.182 r  sector_xyz/divider_denominator_reg[31]_i_2/CO[3]
                         net (fo=1, routed)           0.000    20.182    sector_xyz/divider_denominator_reg[31]_i_2_n_0
    SLICE_X12Y84         CARRY4 (Prop_carry4_CI_CO[3])
                                                      0.100    20.282 r  sector_xyz/divider_denominator_reg[35]_i_2/CO[3]
                         net (fo=1, routed)           0.000    20.282    sector_xyz/divider_denominator_reg[35]_i_2_n_0
    SLICE_X12Y85         CARRY4 (Prop_carry4_CI_CO[3])
                                                      0.100    20.382 r  sector_xyz/divider_denominator_reg[39]_i_2/CO[3]
                         net (fo=1, routed)           0.000    20.382    sector_xyz/divider_denominator_reg[39]_i_2_n_0
    SLICE_X12Y86         CARRY4 (Prop_carry4_CI_CO[0])
                                                      0.207    20.589 r  sector_xyz/divider_denominator_reg[40]_i_5/CO[0]
                         net (fo=140, routed)         0.746    21.335    sector_xyz/divider_denominator_reg[40]_i_5_n_3
    SLICE_X14Y84         LUT3 (Prop_lut3_I0_O)        0.297    21.632 r  sector_xyz/divider_denominator[40]_i_190/O
                         net (fo=1, routed)           0.000    21.632    sector_xyz/divider_denominator[40]_i_190_n_0
    SLICE_X14Y84         CARRY4 (Prop_carry4_S[1]_CO[3])
                                                      0.444    22.076 r  sector_xyz/divider_denominator_reg[40]_i_150/CO[3]
                         net (fo=1, routed)           0.000    22.076    sector_xyz/divider_denominator_reg[40]_i_150_n_0
    SLICE_X14Y85         CARRY4 (Prop_carry4_CI_CO[3])
                                                      0.100    22.176 r  sector_xyz/divider_denominator_reg[40]_i_117/CO[3]
                         net (fo=1, routed)           0.000    22.176    sector_xyz/divider_denominator_reg[40]_i_117_n_0
    SLICE_X14Y86         CARRY4 (Prop_carry4_CI_CO[3])
                                                      0.100    22.276 r  sector_xyz/divider_denominator_reg[40]_i_84/CO[3]
                         net (fo=1, routed)           0.000    22.276    sector_xyz/divider_denominator_reg[40]_i_84_n_0
    SLICE_X14Y87         CARRY4 (Prop_carry4_CI_CO[3])
                                                      0.100    22.376 r  sector_xyz/divider_denominator_reg[40]_i_49/CO[3]
                         net (fo=1, routed)           0.000    22.376    sector_xyz/divider_denominator_reg[40]_i_49_n_0
    SLICE_X14Y88         CARRY4 (Prop_carry4_CI_CO[3])
                                                      0.100    22.476 r  sector_xyz/divider_denominator_reg[40]_i_25/CO[3]
                         net (fo=1, routed)           0.000    22.476    sector_xyz/divider_denominator_reg[40]_i_25_n_0
    SLICE_X14Y89         CARRY4 (Prop_carry4_CI_CO[3])
                                                      0.100    22.576 r  sector_xyz/divider_denominator_reg[40]_i_10/CO[3]
                         net (fo=1, routed)           0.000    22.576    sector_xyz/divider_denominator_reg[40]_i_10_n_0
    SLICE_X14Y90         CARRY4 (Prop_carry4_CI_CO[2])
                                                      0.191    22.767 f  sector_xyz/divider_denominator_reg[40]_i_6/CO[2]
                         net (fo=146, routed)         0.919    23.686    sector_xyz/selected_overmodulated
    SLICE_X14Y78         LUT3 (Prop_lut3_I2_O)        0.252    23.938 r  sector_xyz/divider_denominator[40]_i_313/O
                         net (fo=1, routed)           0.144    24.082    sector_xyz/divider_denominator[40]_i_313_n_0
    SLICE_X15Y78         CARRY4 (Prop_carry4_CYINIT_CO[3])
                                                      0.480    24.562 r  sector_xyz/divider_denominator_reg[40]_i_308/CO[3]
                         net (fo=1, routed)           0.000    24.562    sector_xyz/divider_denominator_reg[40]_i_308_n_0
    SLICE_X15Y79         CARRY4 (Prop_carry4_CI_CO[3])
                                                      0.098    24.660 r  sector_xyz/divider_denominator_reg[40]_i_294/CO[3]
                         net (fo=1, routed)           0.000    24.660    sector_xyz/divider_denominator_reg[40]_i_294_n_0
    SLICE_X15Y80         CARRY4 (Prop_carry4_CI_CO[3])
                                                      0.098    24.758 r  sector_xyz/divider_denominator_reg[40]_i_280/CO[3]
                         net (fo=1, routed)           0.000    24.758    sector_xyz/divider_denominator_reg[40]_i_280_n_0
    SLICE_X15Y81         CARRY4 (Prop_carry4_CI_CO[3])
                                                      0.098    24.856 r  sector_xyz/divider_denominator_reg[40]_i_266/CO[3]
                         net (fo=1, routed)           0.000    24.856    sector_xyz/divider_denominator_reg[40]_i_266_n_0
    SLICE_X15Y82         CARRY4 (Prop_carry4_CI_CO[3])
                                                      0.098    24.954 r  sector_xyz/divider_denominator_reg[40]_i_235/CO[3]
                         net (fo=1, routed)           0.000    24.954    sector_xyz/divider_denominator_reg[40]_i_235_n_0
    SLICE_X15Y83         CARRY4 (Prop_carry4_CI_CO[3])
                                                      0.098    25.052 r  sector_xyz/divider_denominator_reg[40]_i_202/CO[3]
                         net (fo=1, routed)           0.000    25.052    sector_xyz/divider_denominator_reg[40]_i_202_n_0
    SLICE_X15Y84         CARRY4 (Prop_carry4_CI_CO[3])
                                                      0.098    25.150 r  sector_xyz/divider_denominator_reg[40]_i_169/CO[3]
                         net (fo=1, routed)           0.000    25.150    sector_xyz/divider_denominator_reg[40]_i_169_n_0
    SLICE_X15Y85         CARRY4 (Prop_carry4_CI_CO[3])
                                                      0.098    25.248 r  sector_xyz/divider_denominator_reg[40]_i_136/CO[3]
                         net (fo=1, routed)           0.000    25.248    sector_xyz/divider_denominator_reg[40]_i_136_n_0
    SLICE_X15Y86         CARRY4 (Prop_carry4_CI_CO[3])
                                                      0.098    25.346 r  sector_xyz/divider_denominator_reg[40]_i_103/CO[3]
                         net (fo=1, routed)           0.000    25.346    sector_xyz/divider_denominator_reg[40]_i_103_n_0
    SLICE_X15Y87         CARRY4 (Prop_carry4_CI_CO[3])
                                                      0.098    25.444 r  sector_xyz/divider_denominator_reg[40]_i_70/CO[3]
                         net (fo=1, routed)           0.000    25.444    sector_xyz/divider_denominator_reg[40]_i_70_n_0
    SLICE_X15Y88         CARRY4 (Prop_carry4_CI_CO[3])
                                                      0.098    25.542 r  sector_xyz/divider_denominator_reg[40]_i_37/CO[3]
                         net (fo=1, routed)           0.000    25.542    sector_xyz/divider_denominator_reg[40]_i_37_n_0
    SLICE_X15Y89         CARRY4 (Prop_carry4_CI_CO[2])
                                                      0.190    25.732 f  sector_xyz/divider_denominator_reg[40]_i_23/CO[2]
                         net (fo=3, routed)           0.565    26.297    sector_xyz/divider_input_valid212_in
    SLICE_X18Y92         LUT6 (Prop_lut6_I4_O)        0.261    26.558 r  sector_xyz/divider_denominator[40]_i_1_comp_1/O
                         net (fo=124, routed)         0.646    27.204    sector_xyz_n_136
    SLICE_X12Y87         FDCE                                         r  divider_b_numerator_reg[59]/CE
  -------------------------------------------------------------------    -------------------

                         (clock sys_clk rise edge)   20.000    20.000 r  <hidden>
    U20                                               0.000    20.000 r  clk
                         net (fo=0)                   0.000    20.000    clk
    U20                  IBUF (Prop_ibuf_I_O)         0.794    20.794 r  clk_IBUF_inst/O
                         net (fo=1, routed)           1.734    22.528    clk_IBUF
    BUFGCTRL_X0Y0        BUFG (Prop_bufg_I_O)         0.077    22.605 r  clk_IBUF_BUFG_inst/O
                         net (fo=1452, routed)        1.525    24.130    clk_IBUF_BUFG
    SLICE_X12Y87         FDCE                                         r  divider_b_numerator_reg[59]/C
                         clock pessimism              0.301    24.431    <hidden>
                         clock uncertainty           -0.035    24.395    <hidden>
    SLICE_X12Y87         FDCE (Setup_fdce_C_CE)      -0.136    24.259    divider_b_numerator_reg[59]
  -------------------------------------------------------------------
                         required time                         24.259    <hidden>
                         arrival time                         -27.204    <hidden>
  -------------------------------------------------------------------
                         slack                                 -2.944    <hidden>

Slack (VIOLATED) :        -2.944ns  (required time - arrival time)
  Source:                 captured_alpha_reg[5]/C
                            (rising edge-triggered cell FDCE clocked by sys_clk  {rise@0.000ns fall@10.000ns period=20.000ns})
  Destination:            divider_denominator_reg[27]/CE
                            (rising edge-triggered cell FDCE clocked by sys_clk  {rise@0.000ns fall@10.000ns period=20.000ns})
  Path Group:             sys_clk
  Path Type:              Setup (Max at Slow Process Corner)
  Requirement:            20.000ns  (sys_clk rise@20.000ns - sys_clk rise@0.000ns)
  Data Path Delay:        22.727ns  (logic 13.128ns (57.764%)  route 9.599ns (42.236%))
  Logic Levels:           62  (CARRY4=49 DSP48E1=1 LUT1=1 LUT2=4 LUT3=3 LUT4=1 LUT6=2 MUXF7=1)
  Clock Path Skew:        -0.046ns (DCD - SCD + CPR)
    Destination Clock Delay (DCD):    4.130ns = ( 24.130 - 20.000 )
    Source Clock Delay      (SCD):    4.477ns
    Clock Pessimism Removal (CPR):    0.301ns
  Clock Uncertainty:      0.035ns  ((TSJ^2 + TIJ^2)^1/2 + DJ) / 2 + PE
    Total System Jitter     (TSJ):    0.071ns
    Total Input Jitter      (TIJ):    0.000ns
    Discrete Jitter          (DJ):    0.000ns
    Phase Error              (PE):    0.000ns

    Location             Delay type                Incr(ns)  Path(ns)    Netlist Resource(s)
  -------------------------------------------------------------------    -------------------
                         (clock sys_clk rise edge)    0.000     0.000 r  <hidden>
    U20                                               0.000     0.000 r  clk
                         net (fo=0)                   0.000     0.000    clk
    U20                  IBUF (Prop_ibuf_I_O)         0.925     0.925 r  clk_IBUF_inst/O
                         net (fo=1, routed)           1.827     2.752    clk_IBUF
    BUFGCTRL_X0Y0        BUFG (Prop_bufg_I_O)         0.081     2.833 r  clk_IBUF_BUFG_inst/O
                         net (fo=1452, routed)        1.644     4.477    clk_IBUF_BUFG
    SLICE_X15Y56         FDCE                                         r  captured_alpha_reg[5]/C
  -------------------------------------------------------------------    -------------------
    SLICE_X15Y56         FDCE (Prop_fdce_C_Q)         0.379     4.856 f  captured_alpha_reg[5]/Q
                         net (fo=1, routed)           0.540     5.396    sector_xyz/value0_0[5]
    SLICE_X15Y56         LUT1 (Prop_lut1_I0_O)        0.105     5.501 r  sector_xyz/cmp20_i_100/O
                         net (fo=1, routed)           0.000     5.501    sector_xyz/cmp20_i_100_n_0
    SLICE_X15Y56         CARRY4 (Prop_carry4_S[1]_CO[3])
                                                      0.457     5.958 r  sector_xyz/cmp20_i_73/CO[3]
                         net (fo=1, routed)           0.000     5.958    sector_xyz/cmp20_i_73_n_0
    SLICE_X15Y57         CARRY4 (Prop_carry4_CI_O[0])
                                                      0.180     6.138 r  sector_xyz/cmp20_i_92/O[0]
                         net (fo=9, routed)           0.546     6.684    sector_xyz/cmp22__0[8]
    SLICE_X13Y58         LUT2 (Prop_lut2_I1_O)        0.249     6.933 r  sector_xyz/cmp20_i_144/O
                         net (fo=1, routed)           0.000     6.933    sector_xyz/cmp20_i_144_n_0
    SLICE_X13Y58         CARRY4 (Prop_carry4_S[0]_CO[3])
                                                      0.440     7.373 r  sector_xyz/cmp20_i_88/CO[3]
                         net (fo=1, routed)           0.000     7.373    sector_xyz/cmp20_i_88_n_0
    SLICE_X13Y59         CARRY4 (Prop_carry4_CI_CO[3])
                                                      0.098     7.471 r  sector_xyz/cmp20_i_85/CO[3]
                         net (fo=1, routed)           0.000     7.471    sector_xyz/cmp20_i_85_n_0
    SLICE_X13Y60         CARRY4 (Prop_carry4_CI_O[1])
                                                      0.265     7.736 r  sector_xyz/cmp20_i_82/O[1]
                         net (fo=3, routed)           0.480     8.216    sector_xyz/cmp20_i_82_n_6
    SLICE_X16Y59         LUT3 (Prop_lut3_I1_O)        0.250     8.466 r  sector_xyz/cmp20_i_27/O
                         net (fo=1, routed)           0.522     8.988    sector_xyz/cmp20_i_27_n_0
    SLICE_X12Y61         CARRY4 (Prop_carry4_DI[0]_CO[3])
                                                      0.457     9.445 r  sector_xyz/cmp20_i_3/CO[3]
                         net (fo=1, routed)           0.000     9.445    sector_xyz/cmp20_i_3_n_0
    SLICE_X12Y62         CARRY4 (Prop_carry4_CI_CO[3])
                                                      0.100     9.545 r  sector_xyz/cmp20_i_2/CO[3]
                         net (fo=1, routed)           0.000     9.545    sector_xyz/cmp20_i_2_n_0
    SLICE_X12Y63         CARRY4 (Prop_carry4_CI_O[2])
                                                      0.199     9.744 r  sector_xyz/cmp20_i_1/O[2]
                         net (fo=13, routed)          0.642    10.386    sector_xyz/C[35]
    DSP48_X0Y24          DSP48E1 (Prop_dsp48e1_C[42]_P[2])
                                                      1.662    12.048 f  sector_xyz/cmp20/P[2]
                         net (fo=2, routed)           0.819    12.867    sector_xyz/cmp20_n_103
    SLICE_X8Y61          LUT2 (Prop_lut2_I0_O)        0.105    12.972 r  sector_xyz/pending_sector[2]_i_49/O
                         net (fo=1, routed)           0.000    12.972    sector_xyz/pending_sector[2]_i_49_n_0
    SLICE_X8Y61          CARRY4 (Prop_carry4_S[1]_CO[3])
                                                      0.444    13.416 r  sector_xyz/pending_sector_reg[2]_i_34/CO[3]
                         net (fo=1, routed)           0.000    13.416    sector_xyz/pending_sector_reg[2]_i_34_n_0
    SLICE_X8Y62          CARRY4 (Prop_carry4_CI_CO[3])
                                                      0.100    13.516 r  sector_xyz/pending_sector_reg[2]_i_25/CO[3]
                         net (fo=1, routed)           0.000    13.516    sector_xyz/pending_sector_reg[2]_i_25_n_0
    SLICE_X8Y63          CARRY4 (Prop_carry4_CI_CO[3])
                                                      0.100    13.616 r  sector_xyz/pending_sector_reg[2]_i_15/CO[3]
                         net (fo=1, routed)           0.000    13.616    sector_xyz/pending_sector_reg[2]_i_15_n_0
    SLICE_X8Y64          CARRY4 (Prop_carry4_CI_CO[3])
                                                      0.100    13.716 r  sector_xyz/pending_sector_reg[2]_i_9/CO[3]
                         net (fo=1, routed)           0.000    13.716    sector_xyz/pending_sector_reg[2]_i_9_n_0
    SLICE_X8Y65          CARRY4 (Prop_carry4_CI_CO[1])
                                                      0.131    13.847 r  sector_xyz/pending_sector_reg[2]_i_4/CO[1]
                         net (fo=94, routed)          0.890    14.737    sector_xyz/xyz_sector[2]
    SLICE_X15Y62         MUXF7 (Prop_muxf7_S_O)       0.399    15.136 r  sector_xyz/divider_a_numerator_reg[35]_i_2/O
                         net (fo=8, routed)           0.735    15.871    sector_xyz/selected_a_w[3]
    SLICE_X12Y66         LUT2 (Prop_lut2_I1_O)        0.252    16.123 r  sector_xyz/b_negative_i_502/O
                         net (fo=1, routed)           0.000    16.123    sector_xyz/b_negative_i_502_n_0
    SLICE_X12Y66         CARRY4 (Prop_carry4_S[1]_CO[3])
                                                      0.444    16.567 r  sector_xyz/b_negative_reg_i_415/CO[3]
                         net (fo=1, routed)           0.000    16.567    sector_xyz/b_negative_reg_i_415_n_0
    SLICE_X12Y67         CARRY4 (Prop_carry4_CI_CO[3])
                                                      0.100    16.667 r  sector_xyz/b_negative_reg_i_325/CO[3]
                         net (fo=1, routed)           0.000    16.667    sector_xyz/b_negative_reg_i_325_n_0
    SLICE_X12Y68         CARRY4 (Prop_carry4_CI_CO[3])
                                                      0.100    16.767 r  sector_xyz/b_negative_reg_i_233/CO[3]
                         net (fo=1, routed)           0.000    16.767    sector_xyz/b_negative_reg_i_233_n_0
    SLICE_X12Y69         CARRY4 (Prop_carry4_CI_CO[3])
                                                      0.100    16.867 r  sector_xyz/b_negative_reg_i_140/CO[3]
                         net (fo=1, routed)           0.000    16.867    sector_xyz/b_negative_reg_i_140_n_0
    SLICE_X12Y70         CARRY4 (Prop_carry4_CI_CO[3])
                                                      0.100    16.967 r  sector_xyz/b_negative_reg_i_41/CO[3]
                         net (fo=1, routed)           0.000    16.967    sector_xyz/b_negative_reg_i_41_n_0
    SLICE_X12Y71         CARRY4 (Prop_carry4_CI_CO[0])
                                                      0.207    17.174 r  sector_xyz/b_negative_reg_i_17/CO[0]
                         net (fo=1, routed)           0.438    17.612    sector_xyz/b_negative_reg_i_17_n_3
    SLICE_X12Y72         LUT4 (Prop_lut4_I3_O)        0.297    17.909 f  sector_xyz/b_negative_i_5/O
                         net (fo=5, routed)           0.159    18.068    sector_xyz/b_negative_i_5_n_0
    SLICE_X12Y72         LUT6 (Prop_lut6_I3_O)        0.105    18.173 r  sector_xyz/divider_a_numerator[32]_i_2_comp_2/O
                         net (fo=121, routed)         0.808    18.981    sector_xyz/xyz_range_ok
    SLICE_X12Y76         LUT2 (Prop_lut2_I0_O)        0.126    19.107 r  sector_xyz/divider_denominator[3]_i_5/O
                         net (fo=1, routed)           0.000    19.107    sector_xyz/divider_denominator[3]_i_5_n_0
    SLICE_X12Y76         CARRY4 (Prop_carry4_DI[1]_CO[3])
                                                      0.375    19.482 r  sector_xyz/divider_denominator_reg[3]_i_2/CO[3]
                         net (fo=1, routed)           0.000    19.482    sector_xyz/divider_denominator_reg[3]_i_2_n_0
    SLICE_X12Y77         CARRY4 (Prop_carry4_CI_CO[3])
                                                      0.100    19.582 r  sector_xyz/divider_denominator_reg[7]_i_2/CO[3]
                         net (fo=1, routed)           0.000    19.582    sector_xyz/divider_denominator_reg[7]_i_2_n_0
    SLICE_X12Y78         CARRY4 (Prop_carry4_CI_CO[3])
                                                      0.100    19.682 r  sector_xyz/divider_denominator_reg[11]_i_2/CO[3]
                         net (fo=1, routed)           0.000    19.682    sector_xyz/divider_denominator_reg[11]_i_2_n_0
    SLICE_X12Y79         CARRY4 (Prop_carry4_CI_CO[3])
                                                      0.100    19.782 r  sector_xyz/divider_denominator_reg[15]_i_2/CO[3]
                         net (fo=1, routed)           0.000    19.782    sector_xyz/divider_denominator_reg[15]_i_2_n_0
    SLICE_X12Y80         CARRY4 (Prop_carry4_CI_CO[3])
                                                      0.100    19.882 r  sector_xyz/divider_denominator_reg[19]_i_2/CO[3]
                         net (fo=1, routed)           0.000    19.882    sector_xyz/divider_denominator_reg[19]_i_2_n_0
    SLICE_X12Y81         CARRY4 (Prop_carry4_CI_CO[3])
                                                      0.100    19.982 r  sector_xyz/divider_denominator_reg[23]_i_2/CO[3]
                         net (fo=1, routed)           0.000    19.982    sector_xyz/divider_denominator_reg[23]_i_2_n_0
    SLICE_X12Y82         CARRY4 (Prop_carry4_CI_CO[3])
                                                      0.100    20.082 r  sector_xyz/divider_denominator_reg[27]_i_2/CO[3]
                         net (fo=1, routed)           0.000    20.082    sector_xyz/divider_denominator_reg[27]_i_2_n_0
    SLICE_X12Y83         CARRY4 (Prop_carry4_CI_CO[3])
                                                      0.100    20.182 r  sector_xyz/divider_denominator_reg[31]_i_2/CO[3]
                         net (fo=1, routed)           0.000    20.182    sector_xyz/divider_denominator_reg[31]_i_2_n_0
    SLICE_X12Y84         CARRY4 (Prop_carry4_CI_CO[3])
                                                      0.100    20.282 r  sector_xyz/divider_denominator_reg[35]_i_2/CO[3]
                         net (fo=1, routed)           0.000    20.282    sector_xyz/divider_denominator_reg[35]_i_2_n_0
    SLICE_X12Y85         CARRY4 (Prop_carry4_CI_CO[3])
                                                      0.100    20.382 r  sector_xyz/divider_denominator_reg[39]_i_2/CO[3]
                         net (fo=1, routed)           0.000    20.382    sector_xyz/divider_denominator_reg[39]_i_2_n_0
    SLICE_X12Y86         CARRY4 (Prop_carry4_CI_CO[0])
                                                      0.207    20.589 r  sector_xyz/divider_denominator_reg[40]_i_5/CO[0]
                         net (fo=140, routed)         0.746    21.335    sector_xyz/divider_denominator_reg[40]_i_5_n_3
    SLICE_X14Y84         LUT3 (Prop_lut3_I0_O)        0.297    21.632 r  sector_xyz/divider_denominator[40]_i_190/O
                         net (fo=1, routed)           0.000    21.632    sector_xyz/divider_denominator[40]_i_190_n_0
    SLICE_X14Y84         CARRY4 (Prop_carry4_S[1]_CO[3])
                                                      0.444    22.076 r  sector_xyz/divider_denominator_reg[40]_i_150/CO[3]
                         net (fo=1, routed)           0.000    22.076    sector_xyz/divider_denominator_reg[40]_i_150_n_0
    SLICE_X14Y85         CARRY4 (Prop_carry4_CI_CO[3])
                                                      0.100    22.176 r  sector_xyz/divider_denominator_reg[40]_i_117/CO[3]
                         net (fo=1, routed)           0.000    22.176    sector_xyz/divider_denominator_reg[40]_i_117_n_0
    SLICE_X14Y86         CARRY4 (Prop_carry4_CI_CO[3])
                                                      0.100    22.276 r  sector_xyz/divider_denominator_reg[40]_i_84/CO[3]
                         net (fo=1, routed)           0.000    22.276    sector_xyz/divider_denominator_reg[40]_i_84_n_0
    SLICE_X14Y87         CARRY4 (Prop_carry4_CI_CO[3])
                                                      0.100    22.376 r  sector_xyz/divider_denominator_reg[40]_i_49/CO[3]
                         net (fo=1, routed)           0.000    22.376    sector_xyz/divider_denominator_reg[40]_i_49_n_0
    SLICE_X14Y88         CARRY4 (Prop_carry4_CI_CO[3])
                                                      0.100    22.476 r  sector_xyz/divider_denominator_reg[40]_i_25/CO[3]
                         net (fo=1, routed)           0.000    22.476    sector_xyz/divider_denominator_reg[40]_i_25_n_0
    SLICE_X14Y89         CARRY4 (Prop_carry4_CI_CO[3])
                                                      0.100    22.576 r  sector_xyz/divider_denominator_reg[40]_i_10/CO[3]
                         net (fo=1, routed)           0.000    22.576    sector_xyz/divider_denominator_reg[40]_i_10_n_0
    SLICE_X14Y90         CARRY4 (Prop_carry4_CI_CO[2])
                                                      0.191    22.767 f  sector_xyz/divider_denominator_reg[40]_i_6/CO[2]
                         net (fo=146, routed)         0.919    23.686    sector_xyz/selected_overmodulated
    SLICE_X14Y78         LUT3 (Prop_lut3_I2_O)        0.252    23.938 r  sector_xyz/divider_denominator[40]_i_313/O
                         net (fo=1, routed)           0.144    24.082    sector_xyz/divider_denominator[40]_i_313_n_0
    SLICE_X15Y78         CARRY4 (Prop_carry4_CYINIT_CO[3])
                                                      0.480    24.562 r  sector_xyz/divider_denominator_reg[40]_i_308/CO[3]
                         net (fo=1, routed)           0.000    24.562    sector_xyz/divider_denominator_reg[40]_i_308_n_0
    SLICE_X15Y79         CARRY4 (Prop_carry4_CI_CO[3])
                                                      0.098    24.660 r  sector_xyz/divider_denominator_reg[40]_i_294/CO[3]
                         net (fo=1, routed)           0.000    24.660    sector_xyz/divider_denominator_reg[40]_i_294_n_0
    SLICE_X15Y80         CARRY4 (Prop_carry4_CI_CO[3])
                                                      0.098    24.758 r  sector_xyz/divider_denominator_reg[40]_i_280/CO[3]
                         net (fo=1, routed)           0.000    24.758    sector_xyz/divider_denominator_reg[40]_i_280_n_0
    SLICE_X15Y81         CARRY4 (Prop_carry4_CI_CO[3])
                                                      0.098    24.856 r  sector_xyz/divider_denominator_reg[40]_i_266/CO[3]
                         net (fo=1, routed)           0.000    24.856    sector_xyz/divider_denominator_reg[40]_i_266_n_0
    SLICE_X15Y82         CARRY4 (Prop_carry4_CI_CO[3])
                                                      0.098    24.954 r  sector_xyz/divider_denominator_reg[40]_i_235/CO[3]
                         net (fo=1, routed)           0.000    24.954    sector_xyz/divider_denominator_reg[40]_i_235_n_0
    SLICE_X15Y83         CARRY4 (Prop_carry4_CI_CO[3])
                                                      0.098    25.052 r  sector_xyz/divider_denominator_reg[40]_i_202/CO[3]
                         net (fo=1, routed)           0.000    25.052    sector_xyz/divider_denominator_reg[40]_i_202_n_0
    SLICE_X15Y84         CARRY4 (Prop_carry4_CI_CO[3])
                                                      0.098    25.150 r  sector_xyz/divider_denominator_reg[40]_i_169/CO[3]
                         net (fo=1, routed)           0.000    25.150    sector_xyz/divider_denominator_reg[40]_i_169_n_0
    SLICE_X15Y85         CARRY4 (Prop_carry4_CI_CO[3])
                                                      0.098    25.248 r  sector_xyz/divider_denominator_reg[40]_i_136/CO[3]
                         net (fo=1, routed)           0.000    25.248    sector_xyz/divider_denominator_reg[40]_i_136_n_0
    SLICE_X15Y86         CARRY4 (Prop_carry4_CI_CO[3])
                                                      0.098    25.346 r  sector_xyz/divider_denominator_reg[40]_i_103/CO[3]
                         net (fo=1, routed)           0.000    25.346    sector_xyz/divider_denominator_reg[40]_i_103_n_0
    SLICE_X15Y87         CARRY4 (Prop_carry4_CI_CO[3])
                                                      0.098    25.444 r  sector_xyz/divider_denominator_reg[40]_i_70/CO[3]
                         net (fo=1, routed)           0.000    25.444    sector_xyz/divider_denominator_reg[40]_i_70_n_0
    SLICE_X15Y88         CARRY4 (Prop_carry4_CI_CO[3])
                                                      0.098    25.542 r  sector_xyz/divider_denominator_reg[40]_i_37/CO[3]
                         net (fo=1, routed)           0.000    25.542    sector_xyz/divider_denominator_reg[40]_i_37_n_0
    SLICE_X15Y89         CARRY4 (Prop_carry4_CI_CO[2])
                                                      0.190    25.732 f  sector_xyz/divider_denominator_reg[40]_i_23/CO[2]
                         net (fo=3, routed)           0.565    26.297    sector_xyz/divider_input_valid212_in
    SLICE_X18Y92         LUT6 (Prop_lut6_I4_O)        0.261    26.558 r  sector_xyz/divider_denominator[40]_i_1_comp_1/O
                         net (fo=124, routed)         0.646    27.204    sector_xyz_n_136
    SLICE_X12Y87         FDCE                                         r  divider_denominator_reg[27]/CE
  -------------------------------------------------------------------    -------------------

                         (clock sys_clk rise edge)   20.000    20.000 r  <hidden>
    U20                                               0.000    20.000 r  clk
                         net (fo=0)                   0.000    20.000    clk
    U20                  IBUF (Prop_ibuf_I_O)         0.794    20.794 r  clk_IBUF_inst/O
                         net (fo=1, routed)           1.734    22.528    clk_IBUF
    BUFGCTRL_X0Y0        BUFG (Prop_bufg_I_O)         0.077    22.605 r  clk_IBUF_BUFG_inst/O
                         net (fo=1452, routed)        1.525    24.130    clk_IBUF_BUFG
    SLICE_X12Y87         FDCE                                         r  divider_denominator_reg[27]/C
                         clock pessimism              0.301    24.431    <hidden>
                         clock uncertainty           -0.035    24.395    <hidden>
    SLICE_X12Y87         FDCE (Setup_fdce_C_CE)      -0.136    24.259    divider_denominator_reg[27]
  -------------------------------------------------------------------
                         required time                         24.259    <hidden>
                         arrival time                         -27.204    <hidden>
  -------------------------------------------------------------------
                         slack                                 -2.944    <hidden>

Slack (VIOLATED) :        -2.944ns  (required time - arrival time)
  Source:                 captured_alpha_reg[5]/C
                            (rising edge-triggered cell FDCE clocked by sys_clk  {rise@0.000ns fall@10.000ns period=20.000ns})
  Destination:            divider_denominator_reg[28]/CE
                            (rising edge-triggered cell FDCE clocked by sys_clk  {rise@0.000ns fall@10.000ns period=20.000ns})
  Path Group:             sys_clk
  Path Type:              Setup (Max at Slow Process Corner)
  Requirement:            20.000ns  (sys_clk rise@20.000ns - sys_clk rise@0.000ns)
  Data Path Delay:        22.727ns  (logic 13.128ns (57.764%)  route 9.599ns (42.236%))
  Logic Levels:           62  (CARRY4=49 DSP48E1=1 LUT1=1 LUT2=4 LUT3=3 LUT4=1 LUT6=2 MUXF7=1)
  Clock Path Skew:        -0.046ns (DCD - SCD + CPR)
    Destination Clock Delay (DCD):    4.130ns = ( 24.130 - 20.000 )
    Source Clock Delay      (SCD):    4.477ns
    Clock Pessimism Removal (CPR):    0.301ns
  Clock Uncertainty:      0.035ns  ((TSJ^2 + TIJ^2)^1/2 + DJ) / 2 + PE
    Total System Jitter     (TSJ):    0.071ns
    Total Input Jitter      (TIJ):    0.000ns
    Discrete Jitter          (DJ):    0.000ns
    Phase Error              (PE):    0.000ns

    Location             Delay type                Incr(ns)  Path(ns)    Netlist Resource(s)
  -------------------------------------------------------------------    -------------------
                         (clock sys_clk rise edge)    0.000     0.000 r  <hidden>
    U20                                               0.000     0.000 r  clk
                         net (fo=0)                   0.000     0.000    clk
    U20                  IBUF (Prop_ibuf_I_O)         0.925     0.925 r  clk_IBUF_inst/O
                         net (fo=1, routed)           1.827     2.752    clk_IBUF
    BUFGCTRL_X0Y0        BUFG (Prop_bufg_I_O)         0.081     2.833 r  clk_IBUF_BUFG_inst/O
                         net (fo=1452, routed)        1.644     4.477    clk_IBUF_BUFG
    SLICE_X15Y56         FDCE                                         r  captured_alpha_reg[5]/C
  -------------------------------------------------------------------    -------------------
    SLICE_X15Y56         FDCE (Prop_fdce_C_Q)         0.379     4.856 f  captured_alpha_reg[5]/Q
                         net (fo=1, routed)           0.540     5.396    sector_xyz/value0_0[5]
    SLICE_X15Y56         LUT1 (Prop_lut1_I0_O)        0.105     5.501 r  sector_xyz/cmp20_i_100/O
                         net (fo=1, routed)           0.000     5.501    sector_xyz/cmp20_i_100_n_0
    SLICE_X15Y56         CARRY4 (Prop_carry4_S[1]_CO[3])
                                                      0.457     5.958 r  sector_xyz/cmp20_i_73/CO[3]
                         net (fo=1, routed)           0.000     5.958    sector_xyz/cmp20_i_73_n_0
    SLICE_X15Y57         CARRY4 (Prop_carry4_CI_O[0])
                                                      0.180     6.138 r  sector_xyz/cmp20_i_92/O[0]
                         net (fo=9, routed)           0.546     6.684    sector_xyz/cmp22__0[8]
    SLICE_X13Y58         LUT2 (Prop_lut2_I1_O)        0.249     6.933 r  sector_xyz/cmp20_i_144/O
                         net (fo=1, routed)           0.000     6.933    sector_xyz/cmp20_i_144_n_0
    SLICE_X13Y58         CARRY4 (Prop_carry4_S[0]_CO[3])
                                                      0.440     7.373 r  sector_xyz/cmp20_i_88/CO[3]
                         net (fo=1, routed)           0.000     7.373    sector_xyz/cmp20_i_88_n_0
    SLICE_X13Y59         CARRY4 (Prop_carry4_CI_CO[3])
                                                      0.098     7.471 r  sector_xyz/cmp20_i_85/CO[3]
                         net (fo=1, routed)           0.000     7.471    sector_xyz/cmp20_i_85_n_0
    SLICE_X13Y60         CARRY4 (Prop_carry4_CI_O[1])
                                                      0.265     7.736 r  sector_xyz/cmp20_i_82/O[1]
                         net (fo=3, routed)           0.480     8.216    sector_xyz/cmp20_i_82_n_6
    SLICE_X16Y59         LUT3 (Prop_lut3_I1_O)        0.250     8.466 r  sector_xyz/cmp20_i_27/O
                         net (fo=1, routed)           0.522     8.988    sector_xyz/cmp20_i_27_n_0
    SLICE_X12Y61         CARRY4 (Prop_carry4_DI[0]_CO[3])
                                                      0.457     9.445 r  sector_xyz/cmp20_i_3/CO[3]
                         net (fo=1, routed)           0.000     9.445    sector_xyz/cmp20_i_3_n_0
    SLICE_X12Y62         CARRY4 (Prop_carry4_CI_CO[3])
                                                      0.100     9.545 r  sector_xyz/cmp20_i_2/CO[3]
                         net (fo=1, routed)           0.000     9.545    sector_xyz/cmp20_i_2_n_0
    SLICE_X12Y63         CARRY4 (Prop_carry4_CI_O[2])
                                                      0.199     9.744 r  sector_xyz/cmp20_i_1/O[2]
                         net (fo=13, routed)          0.642    10.386    sector_xyz/C[35]
    DSP48_X0Y24          DSP48E1 (Prop_dsp48e1_C[42]_P[2])
                                                      1.662    12.048 f  sector_xyz/cmp20/P[2]
                         net (fo=2, routed)           0.819    12.867    sector_xyz/cmp20_n_103
    SLICE_X8Y61          LUT2 (Prop_lut2_I0_O)        0.105    12.972 r  sector_xyz/pending_sector[2]_i_49/O
                         net (fo=1, routed)           0.000    12.972    sector_xyz/pending_sector[2]_i_49_n_0
    SLICE_X8Y61          CARRY4 (Prop_carry4_S[1]_CO[3])
                                                      0.444    13.416 r  sector_xyz/pending_sector_reg[2]_i_34/CO[3]
                         net (fo=1, routed)           0.000    13.416    sector_xyz/pending_sector_reg[2]_i_34_n_0
    SLICE_X8Y62          CARRY4 (Prop_carry4_CI_CO[3])
                                                      0.100    13.516 r  sector_xyz/pending_sector_reg[2]_i_25/CO[3]
                         net (fo=1, routed)           0.000    13.516    sector_xyz/pending_sector_reg[2]_i_25_n_0
    SLICE_X8Y63          CARRY4 (Prop_carry4_CI_CO[3])
                                                      0.100    13.616 r  sector_xyz/pending_sector_reg[2]_i_15/CO[3]
                         net (fo=1, routed)           0.000    13.616    sector_xyz/pending_sector_reg[2]_i_15_n_0
    SLICE_X8Y64          CARRY4 (Prop_carry4_CI_CO[3])
                                                      0.100    13.716 r  sector_xyz/pending_sector_reg[2]_i_9/CO[3]
                         net (fo=1, routed)           0.000    13.716    sector_xyz/pending_sector_reg[2]_i_9_n_0
    SLICE_X8Y65          CARRY4 (Prop_carry4_CI_CO[1])
                                                      0.131    13.847 r  sector_xyz/pending_sector_reg[2]_i_4/CO[1]
                         net (fo=94, routed)          0.890    14.737    sector_xyz/xyz_sector[2]
    SLICE_X15Y62         MUXF7 (Prop_muxf7_S_O)       0.399    15.136 r  sector_xyz/divider_a_numerator_reg[35]_i_2/O
                         net (fo=8, routed)           0.735    15.871    sector_xyz/selected_a_w[3]
    SLICE_X12Y66         LUT2 (Prop_lut2_I1_O)        0.252    16.123 r  sector_xyz/b_negative_i_502/O
                         net (fo=1, routed)           0.000    16.123    sector_xyz/b_negative_i_502_n_0
    SLICE_X12Y66         CARRY4 (Prop_carry4_S[1]_CO[3])
                                                      0.444    16.567 r  sector_xyz/b_negative_reg_i_415/CO[3]
                         net (fo=1, routed)           0.000    16.567    sector_xyz/b_negative_reg_i_415_n_0
    SLICE_X12Y67         CARRY4 (Prop_carry4_CI_CO[3])
                                                      0.100    16.667 r  sector_xyz/b_negative_reg_i_325/CO[3]
                         net (fo=1, routed)           0.000    16.667    sector_xyz/b_negative_reg_i_325_n_0
    SLICE_X12Y68         CARRY4 (Prop_carry4_CI_CO[3])
                                                      0.100    16.767 r  sector_xyz/b_negative_reg_i_233/CO[3]
                         net (fo=1, routed)           0.000    16.767    sector_xyz/b_negative_reg_i_233_n_0
    SLICE_X12Y69         CARRY4 (Prop_carry4_CI_CO[3])
                                                      0.100    16.867 r  sector_xyz/b_negative_reg_i_140/CO[3]
                         net (fo=1, routed)           0.000    16.867    sector_xyz/b_negative_reg_i_140_n_0
    SLICE_X12Y70         CARRY4 (Prop_carry4_CI_CO[3])
                                                      0.100    16.967 r  sector_xyz/b_negative_reg_i_41/CO[3]
                         net (fo=1, routed)           0.000    16.967    sector_xyz/b_negative_reg_i_41_n_0
    SLICE_X12Y71         CARRY4 (Prop_carry4_CI_CO[0])
                                                      0.207    17.174 r  sector_xyz/b_negative_reg_i_17/CO[0]
                         net (fo=1, routed)           0.438    17.612    sector_xyz/b_negative_reg_i_17_n_3
    SLICE_X12Y72         LUT4 (Prop_lut4_I3_O)        0.297    17.909 f  sector_xyz/b_negative_i_5/O
                         net (fo=5, routed)           0.159    18.068    sector_xyz/b_negative_i_5_n_0
    SLICE_X12Y72         LUT6 (Prop_lut6_I3_O)        0.105    18.173 r  sector_xyz/divider_a_numerator[32]_i_2_comp_2/O
                         net (fo=121, routed)         0.808    18.981    sector_xyz/xyz_range_ok
    SLICE_X12Y76         LUT2 (Prop_lut2_I0_O)        0.126    19.107 r  sector_xyz/divider_denominator[3]_i_5/O
                         net (fo=1, routed)           0.000    19.107    sector_xyz/divider_denominator[3]_i_5_n_0
    SLICE_X12Y76         CARRY4 (Prop_carry4_DI[1]_CO[3])
                                                      0.375    19.482 r  sector_xyz/divider_denominator_reg[3]_i_2/CO[3]
                         net (fo=1, routed)           0.000    19.482    sector_xyz/divider_denominator_reg[3]_i_2_n_0
    SLICE_X12Y77         CARRY4 (Prop_carry4_CI_CO[3])
                                                      0.100    19.582 r  sector_xyz/divider_denominator_reg[7]_i_2/CO[3]
                         net (fo=1, routed)           0.000    19.582    sector_xyz/divider_denominator_reg[7]_i_2_n_0
    SLICE_X12Y78         CARRY4 (Prop_carry4_CI_CO[3])
                                                      0.100    19.682 r  sector_xyz/divider_denominator_reg[11]_i_2/CO[3]
                         net (fo=1, routed)           0.000    19.682    sector_xyz/divider_denominator_reg[11]_i_2_n_0
    SLICE_X12Y79         CARRY4 (Prop_carry4_CI_CO[3])
                                                      0.100    19.782 r  sector_xyz/divider_denominator_reg[15]_i_2/CO[3]
                         net (fo=1, routed)           0.000    19.782    sector_xyz/divider_denominator_reg[15]_i_2_n_0
    SLICE_X12Y80         CARRY4 (Prop_carry4_CI_CO[3])
                                                      0.100    19.882 r  sector_xyz/divider_denominator_reg[19]_i_2/CO[3]
                         net (fo=1, routed)           0.000    19.882    sector_xyz/divider_denominator_reg[19]_i_2_n_0
    SLICE_X12Y81         CARRY4 (Prop_carry4_CI_CO[3])
                                                      0.100    19.982 r  sector_xyz/divider_denominator_reg[23]_i_2/CO[3]
                         net (fo=1, routed)           0.000    19.982    sector_xyz/divider_denominator_reg[23]_i_2_n_0
    SLICE_X12Y82         CARRY4 (Prop_carry4_CI_CO[3])
                                                      0.100    20.082 r  sector_xyz/divider_denominator_reg[27]_i_2/CO[3]
                         net (fo=1, routed)           0.000    20.082    sector_xyz/divider_denominator_reg[27]_i_2_n_0
    SLICE_X12Y83         CARRY4 (Prop_carry4_CI_CO[3])
                                                      0.100    20.182 r  sector_xyz/divider_denominator_reg[31]_i_2/CO[3]
                         net (fo=1, routed)           0.000    20.182    sector_xyz/divider_denominator_reg[31]_i_2_n_0
    SLICE_X12Y84         CARRY4 (Prop_carry4_CI_CO[3])
                                                      0.100    20.282 r  sector_xyz/divider_denominator_reg[35]_i_2/CO[3]
                         net (fo=1, routed)           0.000    20.282    sector_xyz/divider_denominator_reg[35]_i_2_n_0
    SLICE_X12Y85         CARRY4 (Prop_carry4_CI_CO[3])
                                                      0.100    20.382 r  sector_xyz/divider_denominator_reg[39]_i_2/CO[3]
                         net (fo=1, routed)           0.000    20.382    sector_xyz/divider_denominator_reg[39]_i_2_n_0
    SLICE_X12Y86         CARRY4 (Prop_carry4_CI_CO[0])
                                                      0.207    20.589 r  sector_xyz/divider_denominator_reg[40]_i_5/CO[0]
                         net (fo=140, routed)         0.746    21.335    sector_xyz/divider_denominator_reg[40]_i_5_n_3
    SLICE_X14Y84         LUT3 (Prop_lut3_I0_O)        0.297    21.632 r  sector_xyz/divider_denominator[40]_i_190/O
                         net (fo=1, routed)           0.000    21.632    sector_xyz/divider_denominator[40]_i_190_n_0
    SLICE_X14Y84         CARRY4 (Prop_carry4_S[1]_CO[3])
                                                      0.444    22.076 r  sector_xyz/divider_denominator_reg[40]_i_150/CO[3]
                         net (fo=1, routed)           0.000    22.076    sector_xyz/divider_denominator_reg[40]_i_150_n_0
    SLICE_X14Y85         CARRY4 (Prop_carry4_CI_CO[3])
                                                      0.100    22.176 r  sector_xyz/divider_denominator_reg[40]_i_117/CO[3]
                         net (fo=1, routed)           0.000    22.176    sector_xyz/divider_denominator_reg[40]_i_117_n_0
    SLICE_X14Y86         CARRY4 (Prop_carry4_CI_CO[3])
                                                      0.100    22.276 r  sector_xyz/divider_denominator_reg[40]_i_84/CO[3]
                         net (fo=1, routed)           0.000    22.276    sector_xyz/divider_denominator_reg[40]_i_84_n_0
    SLICE_X14Y87         CARRY4 (Prop_carry4_CI_CO[3])
                                                      0.100    22.376 r  sector_xyz/divider_denominator_reg[40]_i_49/CO[3]
                         net (fo=1, routed)           0.000    22.376    sector_xyz/divider_denominator_reg[40]_i_49_n_0
    SLICE_X14Y88         CARRY4 (Prop_carry4_CI_CO[3])
                                                      0.100    22.476 r  sector_xyz/divider_denominator_reg[40]_i_25/CO[3]
                         net (fo=1, routed)           0.000    22.476    sector_xyz/divider_denominator_reg[40]_i_25_n_0
    SLICE_X14Y89         CARRY4 (Prop_carry4_CI_CO[3])
                                                      0.100    22.576 r  sector_xyz/divider_denominator_reg[40]_i_10/CO[3]
                         net (fo=1, routed)           0.000    22.576    sector_xyz/divider_denominator_reg[40]_i_10_n_0
    SLICE_X14Y90         CARRY4 (Prop_carry4_CI_CO[2])
                                                      0.191    22.767 f  sector_xyz/divider_denominator_reg[40]_i_6/CO[2]
                         net (fo=146, routed)         0.919    23.686    sector_xyz/selected_overmodulated
    SLICE_X14Y78         LUT3 (Prop_lut3_I2_O)        0.252    23.938 r  sector_xyz/divider_denominator[40]_i_313/O
                         net (fo=1, routed)           0.144    24.082    sector_xyz/divider_denominator[40]_i_313_n_0
    SLICE_X15Y78         CARRY4 (Prop_carry4_CYINIT_CO[3])
                                                      0.480    24.562 r  sector_xyz/divider_denominator_reg[40]_i_308/CO[3]
                         net (fo=1, routed)           0.000    24.562    sector_xyz/divider_denominator_reg[40]_i_308_n_0
    SLICE_X15Y79         CARRY4 (Prop_carry4_CI_CO[3])
                                                      0.098    24.660 r  sector_xyz/divider_denominator_reg[40]_i_294/CO[3]
                         net (fo=1, routed)           0.000    24.660    sector_xyz/divider_denominator_reg[40]_i_294_n_0
    SLICE_X15Y80         CARRY4 (Prop_carry4_CI_CO[3])
                                                      0.098    24.758 r  sector_xyz/divider_denominator_reg[40]_i_280/CO[3]
                         net (fo=1, routed)           0.000    24.758    sector_xyz/divider_denominator_reg[40]_i_280_n_0
    SLICE_X15Y81         CARRY4 (Prop_carry4_CI_CO[3])
                                                      0.098    24.856 r  sector_xyz/divider_denominator_reg[40]_i_266/CO[3]
                         net (fo=1, routed)           0.000    24.856    sector_xyz/divider_denominator_reg[40]_i_266_n_0
    SLICE_X15Y82         CARRY4 (Prop_carry4_CI_CO[3])
                                                      0.098    24.954 r  sector_xyz/divider_denominator_reg[40]_i_235/CO[3]
                         net (fo=1, routed)           0.000    24.954    sector_xyz/divider_denominator_reg[40]_i_235_n_0
    SLICE_X15Y83         CARRY4 (Prop_carry4_CI_CO[3])
                                                      0.098    25.052 r  sector_xyz/divider_denominator_reg[40]_i_202/CO[3]
                         net (fo=1, routed)           0.000    25.052    sector_xyz/divider_denominator_reg[40]_i_202_n_0
    SLICE_X15Y84         CARRY4 (Prop_carry4_CI_CO[3])
                                                      0.098    25.150 r  sector_xyz/divider_denominator_reg[40]_i_169/CO[3]
                         net (fo=1, routed)           0.000    25.150    sector_xyz/divider_denominator_reg[40]_i_169_n_0
    SLICE_X15Y85         CARRY4 (Prop_carry4_CI_CO[3])
                                                      0.098    25.248 r  sector_xyz/divider_denominator_reg[40]_i_136/CO[3]
                         net (fo=1, routed)           0.000    25.248    sector_xyz/divider_denominator_reg[40]_i_136_n_0
    SLICE_X15Y86         CARRY4 (Prop_carry4_CI_CO[3])
                                                      0.098    25.346 r  sector_xyz/divider_denominator_reg[40]_i_103/CO[3]
                         net (fo=1, routed)           0.000    25.346    sector_xyz/divider_denominator_reg[40]_i_103_n_0
    SLICE_X15Y87         CARRY4 (Prop_carry4_CI_CO[3])
                                                      0.098    25.444 r  sector_xyz/divider_denominator_reg[40]_i_70/CO[3]
                         net (fo=1, routed)           0.000    25.444    sector_xyz/divider_denominator_reg[40]_i_70_n_0
    SLICE_X15Y88         CARRY4 (Prop_carry4_CI_CO[3])
                                                      0.098    25.542 r  sector_xyz/divider_denominator_reg[40]_i_37/CO[3]
                         net (fo=1, routed)           0.000    25.542    sector_xyz/divider_denominator_reg[40]_i_37_n_0
    SLICE_X15Y89         CARRY4 (Prop_carry4_CI_CO[2])
                                                      0.190    25.732 f  sector_xyz/divider_denominator_reg[40]_i_23/CO[2]
                         net (fo=3, routed)           0.565    26.297    sector_xyz/divider_input_valid212_in
    SLICE_X18Y92         LUT6 (Prop_lut6_I4_O)        0.261    26.558 r  sector_xyz/divider_denominator[40]_i_1_comp_1/O
                         net (fo=124, routed)         0.646    27.204    sector_xyz_n_136
    SLICE_X12Y87         FDCE                                         r  divider_denominator_reg[28]/CE
  -------------------------------------------------------------------    -------------------

                         (clock sys_clk rise edge)   20.000    20.000 r  <hidden>
    U20                                               0.000    20.000 r  clk
                         net (fo=0)                   0.000    20.000    clk
    U20                  IBUF (Prop_ibuf_I_O)         0.794    20.794 r  clk_IBUF_inst/O
                         net (fo=1, routed)           1.734    22.528    clk_IBUF
    BUFGCTRL_X0Y0        BUFG (Prop_bufg_I_O)         0.077    22.605 r  clk_IBUF_BUFG_inst/O
                         net (fo=1452, routed)        1.525    24.130    clk_IBUF_BUFG
    SLICE_X12Y87         FDCE                                         r  divider_denominator_reg[28]/C
                         clock pessimism              0.301    24.431    <hidden>
                         clock uncertainty           -0.035    24.395    <hidden>
    SLICE_X12Y87         FDCE (Setup_fdce_C_CE)      -0.136    24.259    divider_denominator_reg[28]
  -------------------------------------------------------------------
                         required time                         24.259    <hidden>
                         arrival time                         -27.204    <hidden>
  -------------------------------------------------------------------
                         slack                                 -2.944    <hidden>

Slack (VIOLATED) :        -2.944ns  (required time - arrival time)
  Source:                 captured_alpha_reg[5]/C
                            (rising edge-triggered cell FDCE clocked by sys_clk  {rise@0.000ns fall@10.000ns period=20.000ns})
  Destination:            divider_denominator_reg[29]/CE
                            (rising edge-triggered cell FDCE clocked by sys_clk  {rise@0.000ns fall@10.000ns period=20.000ns})
  Path Group:             sys_clk
  Path Type:              Setup (Max at Slow Process Corner)
  Requirement:            20.000ns  (sys_clk rise@20.000ns - sys_clk rise@0.000ns)
  Data Path Delay:        22.727ns  (logic 13.128ns (57.764%)  route 9.599ns (42.236%))
  Logic Levels:           62  (CARRY4=49 DSP48E1=1 LUT1=1 LUT2=4 LUT3=3 LUT4=1 LUT6=2 MUXF7=1)
  Clock Path Skew:        -0.046ns (DCD - SCD + CPR)
    Destination Clock Delay (DCD):    4.130ns = ( 24.130 - 20.000 )
    Source Clock Delay      (SCD):    4.477ns
    Clock Pessimism Removal (CPR):    0.301ns
  Clock Uncertainty:      0.035ns  ((TSJ^2 + TIJ^2)^1/2 + DJ) / 2 + PE
    Total System Jitter     (TSJ):    0.071ns
    Total Input Jitter      (TIJ):    0.000ns
    Discrete Jitter          (DJ):    0.000ns
    Phase Error              (PE):    0.000ns

    Location             Delay type                Incr(ns)  Path(ns)    Netlist Resource(s)
  -------------------------------------------------------------------    -------------------
                         (clock sys_clk rise edge)    0.000     0.000 r  <hidden>
    U20                                               0.000     0.000 r  clk
                         net (fo=0)                   0.000     0.000    clk
    U20                  IBUF (Prop_ibuf_I_O)         0.925     0.925 r  clk_IBUF_inst/O
                         net (fo=1, routed)           1.827     2.752    clk_IBUF
    BUFGCTRL_X0Y0        BUFG (Prop_bufg_I_O)         0.081     2.833 r  clk_IBUF_BUFG_inst/O
                         net (fo=1452, routed)        1.644     4.477    clk_IBUF_BUFG
    SLICE_X15Y56         FDCE                                         r  captured_alpha_reg[5]/C
  -------------------------------------------------------------------    -------------------
    SLICE_X15Y56         FDCE (Prop_fdce_C_Q)         0.379     4.856 f  captured_alpha_reg[5]/Q
                         net (fo=1, routed)           0.540     5.396    sector_xyz/value0_0[5]
    SLICE_X15Y56         LUT1 (Prop_lut1_I0_O)        0.105     5.501 r  sector_xyz/cmp20_i_100/O
                         net (fo=1, routed)           0.000     5.501    sector_xyz/cmp20_i_100_n_0
    SLICE_X15Y56         CARRY4 (Prop_carry4_S[1]_CO[3])
                                                      0.457     5.958 r  sector_xyz/cmp20_i_73/CO[3]
                         net (fo=1, routed)           0.000     5.958    sector_xyz/cmp20_i_73_n_0
    SLICE_X15Y57         CARRY4 (Prop_carry4_CI_O[0])
                                                      0.180     6.138 r  sector_xyz/cmp20_i_92/O[0]
                         net (fo=9, routed)           0.546     6.684    sector_xyz/cmp22__0[8]
    SLICE_X13Y58         LUT2 (Prop_lut2_I1_O)        0.249     6.933 r  sector_xyz/cmp20_i_144/O
                         net (fo=1, routed)           0.000     6.933    sector_xyz/cmp20_i_144_n_0
    SLICE_X13Y58         CARRY4 (Prop_carry4_S[0]_CO[3])
                                                      0.440     7.373 r  sector_xyz/cmp20_i_88/CO[3]
                         net (fo=1, routed)           0.000     7.373    sector_xyz/cmp20_i_88_n_0
    SLICE_X13Y59         CARRY4 (Prop_carry4_CI_CO[3])
                                                      0.098     7.471 r  sector_xyz/cmp20_i_85/CO[3]
                         net (fo=1, routed)           0.000     7.471    sector_xyz/cmp20_i_85_n_0
    SLICE_X13Y60         CARRY4 (Prop_carry4_CI_O[1])
                                                      0.265     7.736 r  sector_xyz/cmp20_i_82/O[1]
                         net (fo=3, routed)           0.480     8.216    sector_xyz/cmp20_i_82_n_6
    SLICE_X16Y59         LUT3 (Prop_lut3_I1_O)        0.250     8.466 r  sector_xyz/cmp20_i_27/O
                         net (fo=1, routed)           0.522     8.988    sector_xyz/cmp20_i_27_n_0
    SLICE_X12Y61         CARRY4 (Prop_carry4_DI[0]_CO[3])
                                                      0.457     9.445 r  sector_xyz/cmp20_i_3/CO[3]
                         net (fo=1, routed)           0.000     9.445    sector_xyz/cmp20_i_3_n_0
    SLICE_X12Y62         CARRY4 (Prop_carry4_CI_CO[3])
                                                      0.100     9.545 r  sector_xyz/cmp20_i_2/CO[3]
                         net (fo=1, routed)           0.000     9.545    sector_xyz/cmp20_i_2_n_0
    SLICE_X12Y63         CARRY4 (Prop_carry4_CI_O[2])
                                                      0.199     9.744 r  sector_xyz/cmp20_i_1/O[2]
                         net (fo=13, routed)          0.642    10.386    sector_xyz/C[35]
    DSP48_X0Y24          DSP48E1 (Prop_dsp48e1_C[42]_P[2])
                                                      1.662    12.048 f  sector_xyz/cmp20/P[2]
                         net (fo=2, routed)           0.819    12.867    sector_xyz/cmp20_n_103
    SLICE_X8Y61          LUT2 (Prop_lut2_I0_O)        0.105    12.972 r  sector_xyz/pending_sector[2]_i_49/O
                         net (fo=1, routed)           0.000    12.972    sector_xyz/pending_sector[2]_i_49_n_0
    SLICE_X8Y61          CARRY4 (Prop_carry4_S[1]_CO[3])
                                                      0.444    13.416 r  sector_xyz/pending_sector_reg[2]_i_34/CO[3]
                         net (fo=1, routed)           0.000    13.416    sector_xyz/pending_sector_reg[2]_i_34_n_0
    SLICE_X8Y62          CARRY4 (Prop_carry4_CI_CO[3])
                                                      0.100    13.516 r  sector_xyz/pending_sector_reg[2]_i_25/CO[3]
                         net (fo=1, routed)           0.000    13.516    sector_xyz/pending_sector_reg[2]_i_25_n_0
    SLICE_X8Y63          CARRY4 (Prop_carry4_CI_CO[3])
                                                      0.100    13.616 r  sector_xyz/pending_sector_reg[2]_i_15/CO[3]
                         net (fo=1, routed)           0.000    13.616    sector_xyz/pending_sector_reg[2]_i_15_n_0
    SLICE_X8Y64          CARRY4 (Prop_carry4_CI_CO[3])
                                                      0.100    13.716 r  sector_xyz/pending_sector_reg[2]_i_9/CO[3]
                         net (fo=1, routed)           0.000    13.716    sector_xyz/pending_sector_reg[2]_i_9_n_0
    SLICE_X8Y65          CARRY4 (Prop_carry4_CI_CO[1])
                                                      0.131    13.847 r  sector_xyz/pending_sector_reg[2]_i_4/CO[1]
                         net (fo=94, routed)          0.890    14.737    sector_xyz/xyz_sector[2]
    SLICE_X15Y62         MUXF7 (Prop_muxf7_S_O)       0.399    15.136 r  sector_xyz/divider_a_numerator_reg[35]_i_2/O
                         net (fo=8, routed)           0.735    15.871    sector_xyz/selected_a_w[3]
    SLICE_X12Y66         LUT2 (Prop_lut2_I1_O)        0.252    16.123 r  sector_xyz/b_negative_i_502/O
                         net (fo=1, routed)           0.000    16.123    sector_xyz/b_negative_i_502_n_0
    SLICE_X12Y66         CARRY4 (Prop_carry4_S[1]_CO[3])
                                                      0.444    16.567 r  sector_xyz/b_negative_reg_i_415/CO[3]
                         net (fo=1, routed)           0.000    16.567    sector_xyz/b_negative_reg_i_415_n_0
    SLICE_X12Y67         CARRY4 (Prop_carry4_CI_CO[3])
                                                      0.100    16.667 r  sector_xyz/b_negative_reg_i_325/CO[3]
                         net (fo=1, routed)           0.000    16.667    sector_xyz/b_negative_reg_i_325_n_0
    SLICE_X12Y68         CARRY4 (Prop_carry4_CI_CO[3])
                                                      0.100    16.767 r  sector_xyz/b_negative_reg_i_233/CO[3]
                         net (fo=1, routed)           0.000    16.767    sector_xyz/b_negative_reg_i_233_n_0
    SLICE_X12Y69         CARRY4 (Prop_carry4_CI_CO[3])
                                                      0.100    16.867 r  sector_xyz/b_negative_reg_i_140/CO[3]
                         net (fo=1, routed)           0.000    16.867    sector_xyz/b_negative_reg_i_140_n_0
    SLICE_X12Y70         CARRY4 (Prop_carry4_CI_CO[3])
                                                      0.100    16.967 r  sector_xyz/b_negative_reg_i_41/CO[3]
                         net (fo=1, routed)           0.000    16.967    sector_xyz/b_negative_reg_i_41_n_0
    SLICE_X12Y71         CARRY4 (Prop_carry4_CI_CO[0])
                                                      0.207    17.174 r  sector_xyz/b_negative_reg_i_17/CO[0]
                         net (fo=1, routed)           0.438    17.612    sector_xyz/b_negative_reg_i_17_n_3
    SLICE_X12Y72         LUT4 (Prop_lut4_I3_O)        0.297    17.909 f  sector_xyz/b_negative_i_5/O
                         net (fo=5, routed)           0.159    18.068    sector_xyz/b_negative_i_5_n_0
    SLICE_X12Y72         LUT6 (Prop_lut6_I3_O)        0.105    18.173 r  sector_xyz/divider_a_numerator[32]_i_2_comp_2/O
                         net (fo=121, routed)         0.808    18.981    sector_xyz/xyz_range_ok
    SLICE_X12Y76         LUT2 (Prop_lut2_I0_O)        0.126    19.107 r  sector_xyz/divider_denominator[3]_i_5/O
                         net (fo=1, routed)           0.000    19.107    sector_xyz/divider_denominator[3]_i_5_n_0
    SLICE_X12Y76         CARRY4 (Prop_carry4_DI[1]_CO[3])
                                                      0.375    19.482 r  sector_xyz/divider_denominator_reg[3]_i_2/CO[3]
                         net (fo=1, routed)           0.000    19.482    sector_xyz/divider_denominator_reg[3]_i_2_n_0
    SLICE_X12Y77         CARRY4 (Prop_carry4_CI_CO[3])
                                                      0.100    19.582 r  sector_xyz/divider_denominator_reg[7]_i_2/CO[3]
                         net (fo=1, routed)           0.000    19.582    sector_xyz/divider_denominator_reg[7]_i_2_n_0
    SLICE_X12Y78         CARRY4 (Prop_carry4_CI_CO[3])
                                                      0.100    19.682 r  sector_xyz/divider_denominator_reg[11]_i_2/CO[3]
                         net (fo=1, routed)           0.000    19.682    sector_xyz/divider_denominator_reg[11]_i_2_n_0
    SLICE_X12Y79         CARRY4 (Prop_carry4_CI_CO[3])
                                                      0.100    19.782 r  sector_xyz/divider_denominator_reg[15]_i_2/CO[3]
                         net (fo=1, routed)           0.000    19.782    sector_xyz/divider_denominator_reg[15]_i_2_n_0
    SLICE_X12Y80         CARRY4 (Prop_carry4_CI_CO[3])
                                                      0.100    19.882 r  sector_xyz/divider_denominator_reg[19]_i_2/CO[3]
                         net (fo=1, routed)           0.000    19.882    sector_xyz/divider_denominator_reg[19]_i_2_n_0
    SLICE_X12Y81         CARRY4 (Prop_carry4_CI_CO[3])
                                                      0.100    19.982 r  sector_xyz/divider_denominator_reg[23]_i_2/CO[3]
                         net (fo=1, routed)           0.000    19.982    sector_xyz/divider_denominator_reg[23]_i_2_n_0
    SLICE_X12Y82         CARRY4 (Prop_carry4_CI_CO[3])
                                                      0.100    20.082 r  sector_xyz/divider_denominator_reg[27]_i_2/CO[3]
                         net (fo=1, routed)           0.000    20.082    sector_xyz/divider_denominator_reg[27]_i_2_n_0
    SLICE_X12Y83         CARRY4 (Prop_carry4_CI_CO[3])
                                                      0.100    20.182 r  sector_xyz/divider_denominator_reg[31]_i_2/CO[3]
                         net (fo=1, routed)           0.000    20.182    sector_xyz/divider_denominator_reg[31]_i_2_n_0
    SLICE_X12Y84         CARRY4 (Prop_carry4_CI_CO[3])
                                                      0.100    20.282 r  sector_xyz/divider_denominator_reg[35]_i_2/CO[3]
                         net (fo=1, routed)           0.000    20.282    sector_xyz/divider_denominator_reg[35]_i_2_n_0
    SLICE_X12Y85         CARRY4 (Prop_carry4_CI_CO[3])
                                                      0.100    20.382 r  sector_xyz/divider_denominator_reg[39]_i_2/CO[3]
                         net (fo=1, routed)           0.000    20.382    sector_xyz/divider_denominator_reg[39]_i_2_n_0
    SLICE_X12Y86         CARRY4 (Prop_carry4_CI_CO[0])
                                                      0.207    20.589 r  sector_xyz/divider_denominator_reg[40]_i_5/CO[0]
                         net (fo=140, routed)         0.746    21.335    sector_xyz/divider_denominator_reg[40]_i_5_n_3
    SLICE_X14Y84         LUT3 (Prop_lut3_I0_O)        0.297    21.632 r  sector_xyz/divider_denominator[40]_i_190/O
                         net (fo=1, routed)           0.000    21.632    sector_xyz/divider_denominator[40]_i_190_n_0
    SLICE_X14Y84         CARRY4 (Prop_carry4_S[1]_CO[3])
                                                      0.444    22.076 r  sector_xyz/divider_denominator_reg[40]_i_150/CO[3]
                         net (fo=1, routed)           0.000    22.076    sector_xyz/divider_denominator_reg[40]_i_150_n_0
    SLICE_X14Y85         CARRY4 (Prop_carry4_CI_CO[3])
                                                      0.100    22.176 r  sector_xyz/divider_denominator_reg[40]_i_117/CO[3]
                         net (fo=1, routed)           0.000    22.176    sector_xyz/divider_denominator_reg[40]_i_117_n_0
    SLICE_X14Y86         CARRY4 (Prop_carry4_CI_CO[3])
                                                      0.100    22.276 r  sector_xyz/divider_denominator_reg[40]_i_84/CO[3]
                         net (fo=1, routed)           0.000    22.276    sector_xyz/divider_denominator_reg[40]_i_84_n_0
    SLICE_X14Y87         CARRY4 (Prop_carry4_CI_CO[3])
                                                      0.100    22.376 r  sector_xyz/divider_denominator_reg[40]_i_49/CO[3]
                         net (fo=1, routed)           0.000    22.376    sector_xyz/divider_denominator_reg[40]_i_49_n_0
    SLICE_X14Y88         CARRY4 (Prop_carry4_CI_CO[3])
                                                      0.100    22.476 r  sector_xyz/divider_denominator_reg[40]_i_25/CO[3]
                         net (fo=1, routed)           0.000    22.476    sector_xyz/divider_denominator_reg[40]_i_25_n_0
    SLICE_X14Y89         CARRY4 (Prop_carry4_CI_CO[3])
                                                      0.100    22.576 r  sector_xyz/divider_denominator_reg[40]_i_10/CO[3]
                         net (fo=1, routed)           0.000    22.576    sector_xyz/divider_denominator_reg[40]_i_10_n_0
    SLICE_X14Y90         CARRY4 (Prop_carry4_CI_CO[2])
                                                      0.191    22.767 f  sector_xyz/divider_denominator_reg[40]_i_6/CO[2]
                         net (fo=146, routed)         0.919    23.686    sector_xyz/selected_overmodulated
    SLICE_X14Y78         LUT3 (Prop_lut3_I2_O)        0.252    23.938 r  sector_xyz/divider_denominator[40]_i_313/O
                         net (fo=1, routed)           0.144    24.082    sector_xyz/divider_denominator[40]_i_313_n_0
    SLICE_X15Y78         CARRY4 (Prop_carry4_CYINIT_CO[3])
                                                      0.480    24.562 r  sector_xyz/divider_denominator_reg[40]_i_308/CO[3]
                         net (fo=1, routed)           0.000    24.562    sector_xyz/divider_denominator_reg[40]_i_308_n_0
    SLICE_X15Y79         CARRY4 (Prop_carry4_CI_CO[3])
                                                      0.098    24.660 r  sector_xyz/divider_denominator_reg[40]_i_294/CO[3]
                         net (fo=1, routed)           0.000    24.660    sector_xyz/divider_denominator_reg[40]_i_294_n_0
    SLICE_X15Y80         CARRY4 (Prop_carry4_CI_CO[3])
                                                      0.098    24.758 r  sector_xyz/divider_denominator_reg[40]_i_280/CO[3]
                         net (fo=1, routed)           0.000    24.758    sector_xyz/divider_denominator_reg[40]_i_280_n_0
    SLICE_X15Y81         CARRY4 (Prop_carry4_CI_CO[3])
                                                      0.098    24.856 r  sector_xyz/divider_denominator_reg[40]_i_266/CO[3]
                         net (fo=1, routed)           0.000    24.856    sector_xyz/divider_denominator_reg[40]_i_266_n_0
    SLICE_X15Y82         CARRY4 (Prop_carry4_CI_CO[3])
                                                      0.098    24.954 r  sector_xyz/divider_denominator_reg[40]_i_235/CO[3]
                         net (fo=1, routed)           0.000    24.954    sector_xyz/divider_denominator_reg[40]_i_235_n_0
    SLICE_X15Y83         CARRY4 (Prop_carry4_CI_CO[3])
                                                      0.098    25.052 r  sector_xyz/divider_denominator_reg[40]_i_202/CO[3]
                         net (fo=1, routed)           0.000    25.052    sector_xyz/divider_denominator_reg[40]_i_202_n_0
    SLICE_X15Y84         CARRY4 (Prop_carry4_CI_CO[3])
                                                      0.098    25.150 r  sector_xyz/divider_denominator_reg[40]_i_169/CO[3]
                         net (fo=1, routed)           0.000    25.150    sector_xyz/divider_denominator_reg[40]_i_169_n_0
    SLICE_X15Y85         CARRY4 (Prop_carry4_CI_CO[3])
                                                      0.098    25.248 r  sector_xyz/divider_denominator_reg[40]_i_136/CO[3]
                         net (fo=1, routed)           0.000    25.248    sector_xyz/divider_denominator_reg[40]_i_136_n_0
    SLICE_X15Y86         CARRY4 (Prop_carry4_CI_CO[3])
                                                      0.098    25.346 r  sector_xyz/divider_denominator_reg[40]_i_103/CO[3]
                         net (fo=1, routed)           0.000    25.346    sector_xyz/divider_denominator_reg[40]_i_103_n_0
    SLICE_X15Y87         CARRY4 (Prop_carry4_CI_CO[3])
                                                      0.098    25.444 r  sector_xyz/divider_denominator_reg[40]_i_70/CO[3]
                         net (fo=1, routed)           0.000    25.444    sector_xyz/divider_denominator_reg[40]_i_70_n_0
    SLICE_X15Y88         CARRY4 (Prop_carry4_CI_CO[3])
                                                      0.098    25.542 r  sector_xyz/divider_denominator_reg[40]_i_37/CO[3]
                         net (fo=1, routed)           0.000    25.542    sector_xyz/divider_denominator_reg[40]_i_37_n_0
    SLICE_X15Y89         CARRY4 (Prop_carry4_CI_CO[2])
                                                      0.190    25.732 f  sector_xyz/divider_denominator_reg[40]_i_23/CO[2]
                         net (fo=3, routed)           0.565    26.297    sector_xyz/divider_input_valid212_in
    SLICE_X18Y92         LUT6 (Prop_lut6_I4_O)        0.261    26.558 r  sector_xyz/divider_denominator[40]_i_1_comp_1/O
                         net (fo=124, routed)         0.646    27.204    sector_xyz_n_136
    SLICE_X12Y87         FDCE                                         r  divider_denominator_reg[29]/CE
  -------------------------------------------------------------------    -------------------

                         (clock sys_clk rise edge)   20.000    20.000 r  <hidden>
    U20                                               0.000    20.000 r  clk
                         net (fo=0)                   0.000    20.000    clk
    U20                  IBUF (Prop_ibuf_I_O)         0.794    20.794 r  clk_IBUF_inst/O
                         net (fo=1, routed)           1.734    22.528    clk_IBUF
    BUFGCTRL_X0Y0        BUFG (Prop_bufg_I_O)         0.077    22.605 r  clk_IBUF_BUFG_inst/O
                         net (fo=1452, routed)        1.525    24.130    clk_IBUF_BUFG
    SLICE_X12Y87         FDCE                                         r  divider_denominator_reg[29]/C
                         clock pessimism              0.301    24.431    <hidden>
                         clock uncertainty           -0.035    24.395    <hidden>
    SLICE_X12Y87         FDCE (Setup_fdce_C_CE)      -0.136    24.259    divider_denominator_reg[29]
  -------------------------------------------------------------------
                         required time                         24.259    <hidden>
                         arrival time                         -27.204    <hidden>
  -------------------------------------------------------------------
                         slack                                 -2.944    <hidden>

Slack (VIOLATED) :        -2.944ns  (required time - arrival time)
  Source:                 captured_alpha_reg[5]/C
                            (rising edge-triggered cell FDCE clocked by sys_clk  {rise@0.000ns fall@10.000ns period=20.000ns})
  Destination:            divider_denominator_reg[30]/CE
                            (rising edge-triggered cell FDCE clocked by sys_clk  {rise@0.000ns fall@10.000ns period=20.000ns})
  Path Group:             sys_clk
  Path Type:              Setup (Max at Slow Process Corner)
  Requirement:            20.000ns  (sys_clk rise@20.000ns - sys_clk rise@0.000ns)
  Data Path Delay:        22.727ns  (logic 13.128ns (57.764%)  route 9.599ns (42.236%))
  Logic Levels:           62  (CARRY4=49 DSP48E1=1 LUT1=1 LUT2=4 LUT3=3 LUT4=1 LUT6=2 MUXF7=1)
  Clock Path Skew:        -0.046ns (DCD - SCD + CPR)
    Destination Clock Delay (DCD):    4.130ns = ( 24.130 - 20.000 )
    Source Clock Delay      (SCD):    4.477ns
    Clock Pessimism Removal (CPR):    0.301ns
  Clock Uncertainty:      0.035ns  ((TSJ^2 + TIJ^2)^1/2 + DJ) / 2 + PE
    Total System Jitter     (TSJ):    0.071ns
    Total Input Jitter      (TIJ):    0.000ns
    Discrete Jitter          (DJ):    0.000ns
    Phase Error              (PE):    0.000ns

    Location             Delay type                Incr(ns)  Path(ns)    Netlist Resource(s)
  -------------------------------------------------------------------    -------------------
                         (clock sys_clk rise edge)    0.000     0.000 r  <hidden>
    U20                                               0.000     0.000 r  clk
                         net (fo=0)                   0.000     0.000    clk
    U20                  IBUF (Prop_ibuf_I_O)         0.925     0.925 r  clk_IBUF_inst/O
                         net (fo=1, routed)           1.827     2.752    clk_IBUF
    BUFGCTRL_X0Y0        BUFG (Prop_bufg_I_O)         0.081     2.833 r  clk_IBUF_BUFG_inst/O
                         net (fo=1452, routed)        1.644     4.477    clk_IBUF_BUFG
    SLICE_X15Y56         FDCE                                         r  captured_alpha_reg[5]/C
  -------------------------------------------------------------------    -------------------
    SLICE_X15Y56         FDCE (Prop_fdce_C_Q)         0.379     4.856 f  captured_alpha_reg[5]/Q
                         net (fo=1, routed)           0.540     5.396    sector_xyz/value0_0[5]
    SLICE_X15Y56         LUT1 (Prop_lut1_I0_O)        0.105     5.501 r  sector_xyz/cmp20_i_100/O
                         net (fo=1, routed)           0.000     5.501    sector_xyz/cmp20_i_100_n_0
    SLICE_X15Y56         CARRY4 (Prop_carry4_S[1]_CO[3])
                                                      0.457     5.958 r  sector_xyz/cmp20_i_73/CO[3]
                         net (fo=1, routed)           0.000     5.958    sector_xyz/cmp20_i_73_n_0
    SLICE_X15Y57         CARRY4 (Prop_carry4_CI_O[0])
                                                      0.180     6.138 r  sector_xyz/cmp20_i_92/O[0]
                         net (fo=9, routed)           0.546     6.684    sector_xyz/cmp22__0[8]
    SLICE_X13Y58         LUT2 (Prop_lut2_I1_O)        0.249     6.933 r  sector_xyz/cmp20_i_144/O
                         net (fo=1, routed)           0.000     6.933    sector_xyz/cmp20_i_144_n_0
    SLICE_X13Y58         CARRY4 (Prop_carry4_S[0]_CO[3])
                                                      0.440     7.373 r  sector_xyz/cmp20_i_88/CO[3]
                         net (fo=1, routed)           0.000     7.373    sector_xyz/cmp20_i_88_n_0
    SLICE_X13Y59         CARRY4 (Prop_carry4_CI_CO[3])
                                                      0.098     7.471 r  sector_xyz/cmp20_i_85/CO[3]
                         net (fo=1, routed)           0.000     7.471    sector_xyz/cmp20_i_85_n_0
    SLICE_X13Y60         CARRY4 (Prop_carry4_CI_O[1])
                                                      0.265     7.736 r  sector_xyz/cmp20_i_82/O[1]
                         net (fo=3, routed)           0.480     8.216    sector_xyz/cmp20_i_82_n_6
    SLICE_X16Y59         LUT3 (Prop_lut3_I1_O)        0.250     8.466 r  sector_xyz/cmp20_i_27/O
                         net (fo=1, routed)           0.522     8.988    sector_xyz/cmp20_i_27_n_0
    SLICE_X12Y61         CARRY4 (Prop_carry4_DI[0]_CO[3])
                                                      0.457     9.445 r  sector_xyz/cmp20_i_3/CO[3]
                         net (fo=1, routed)           0.000     9.445    sector_xyz/cmp20_i_3_n_0
    SLICE_X12Y62         CARRY4 (Prop_carry4_CI_CO[3])
                                                      0.100     9.545 r  sector_xyz/cmp20_i_2/CO[3]
                         net (fo=1, routed)           0.000     9.545    sector_xyz/cmp20_i_2_n_0
    SLICE_X12Y63         CARRY4 (Prop_carry4_CI_O[2])
                                                      0.199     9.744 r  sector_xyz/cmp20_i_1/O[2]
                         net (fo=13, routed)          0.642    10.386    sector_xyz/C[35]
    DSP48_X0Y24          DSP48E1 (Prop_dsp48e1_C[42]_P[2])
                                                      1.662    12.048 f  sector_xyz/cmp20/P[2]
                         net (fo=2, routed)           0.819    12.867    sector_xyz/cmp20_n_103
    SLICE_X8Y61          LUT2 (Prop_lut2_I0_O)        0.105    12.972 r  sector_xyz/pending_sector[2]_i_49/O
                         net (fo=1, routed)           0.000    12.972    sector_xyz/pending_sector[2]_i_49_n_0
    SLICE_X8Y61          CARRY4 (Prop_carry4_S[1]_CO[3])
                                                      0.444    13.416 r  sector_xyz/pending_sector_reg[2]_i_34/CO[3]
                         net (fo=1, routed)           0.000    13.416    sector_xyz/pending_sector_reg[2]_i_34_n_0
    SLICE_X8Y62          CARRY4 (Prop_carry4_CI_CO[3])
                                                      0.100    13.516 r  sector_xyz/pending_sector_reg[2]_i_25/CO[3]
                         net (fo=1, routed)           0.000    13.516    sector_xyz/pending_sector_reg[2]_i_25_n_0
    SLICE_X8Y63          CARRY4 (Prop_carry4_CI_CO[3])
                                                      0.100    13.616 r  sector_xyz/pending_sector_reg[2]_i_15/CO[3]
                         net (fo=1, routed)           0.000    13.616    sector_xyz/pending_sector_reg[2]_i_15_n_0
    SLICE_X8Y64          CARRY4 (Prop_carry4_CI_CO[3])
                                                      0.100    13.716 r  sector_xyz/pending_sector_reg[2]_i_9/CO[3]
                         net (fo=1, routed)           0.000    13.716    sector_xyz/pending_sector_reg[2]_i_9_n_0
    SLICE_X8Y65          CARRY4 (Prop_carry4_CI_CO[1])
                                                      0.131    13.847 r  sector_xyz/pending_sector_reg[2]_i_4/CO[1]
                         net (fo=94, routed)          0.890    14.737    sector_xyz/xyz_sector[2]
    SLICE_X15Y62         MUXF7 (Prop_muxf7_S_O)       0.399    15.136 r  sector_xyz/divider_a_numerator_reg[35]_i_2/O
                         net (fo=8, routed)           0.735    15.871    sector_xyz/selected_a_w[3]
    SLICE_X12Y66         LUT2 (Prop_lut2_I1_O)        0.252    16.123 r  sector_xyz/b_negative_i_502/O
                         net (fo=1, routed)           0.000    16.123    sector_xyz/b_negative_i_502_n_0
    SLICE_X12Y66         CARRY4 (Prop_carry4_S[1]_CO[3])
                                                      0.444    16.567 r  sector_xyz/b_negative_reg_i_415/CO[3]
                         net (fo=1, routed)           0.000    16.567    sector_xyz/b_negative_reg_i_415_n_0
    SLICE_X12Y67         CARRY4 (Prop_carry4_CI_CO[3])
                                                      0.100    16.667 r  sector_xyz/b_negative_reg_i_325/CO[3]
                         net (fo=1, routed)           0.000    16.667    sector_xyz/b_negative_reg_i_325_n_0
    SLICE_X12Y68         CARRY4 (Prop_carry4_CI_CO[3])
                                                      0.100    16.767 r  sector_xyz/b_negative_reg_i_233/CO[3]
                         net (fo=1, routed)           0.000    16.767    sector_xyz/b_negative_reg_i_233_n_0
    SLICE_X12Y69         CARRY4 (Prop_carry4_CI_CO[3])
                                                      0.100    16.867 r  sector_xyz/b_negative_reg_i_140/CO[3]
                         net (fo=1, routed)           0.000    16.867    sector_xyz/b_negative_reg_i_140_n_0
    SLICE_X12Y70         CARRY4 (Prop_carry4_CI_CO[3])
                                                      0.100    16.967 r  sector_xyz/b_negative_reg_i_41/CO[3]
                         net (fo=1, routed)           0.000    16.967    sector_xyz/b_negative_reg_i_41_n_0
    SLICE_X12Y71         CARRY4 (Prop_carry4_CI_CO[0])
                                                      0.207    17.174 r  sector_xyz/b_negative_reg_i_17/CO[0]
                         net (fo=1, routed)           0.438    17.612    sector_xyz/b_negative_reg_i_17_n_3
    SLICE_X12Y72         LUT4 (Prop_lut4_I3_O)        0.297    17.909 f  sector_xyz/b_negative_i_5/O
                         net (fo=5, routed)           0.159    18.068    sector_xyz/b_negative_i_5_n_0
    SLICE_X12Y72         LUT6 (Prop_lut6_I3_O)        0.105    18.173 r  sector_xyz/divider_a_numerator[32]_i_2_comp_2/O
                         net (fo=121, routed)         0.808    18.981    sector_xyz/xyz_range_ok
    SLICE_X12Y76         LUT2 (Prop_lut2_I0_O)        0.126    19.107 r  sector_xyz/divider_denominator[3]_i_5/O
                         net (fo=1, routed)           0.000    19.107    sector_xyz/divider_denominator[3]_i_5_n_0
    SLICE_X12Y76         CARRY4 (Prop_carry4_DI[1]_CO[3])
                                                      0.375    19.482 r  sector_xyz/divider_denominator_reg[3]_i_2/CO[3]
                         net (fo=1, routed)           0.000    19.482    sector_xyz/divider_denominator_reg[3]_i_2_n_0
    SLICE_X12Y77         CARRY4 (Prop_carry4_CI_CO[3])
                                                      0.100    19.582 r  sector_xyz/divider_denominator_reg[7]_i_2/CO[3]
                         net (fo=1, routed)           0.000    19.582    sector_xyz/divider_denominator_reg[7]_i_2_n_0
    SLICE_X12Y78         CARRY4 (Prop_carry4_CI_CO[3])
                                                      0.100    19.682 r  sector_xyz/divider_denominator_reg[11]_i_2/CO[3]
                         net (fo=1, routed)           0.000    19.682    sector_xyz/divider_denominator_reg[11]_i_2_n_0
    SLICE_X12Y79         CARRY4 (Prop_carry4_CI_CO[3])
                                                      0.100    19.782 r  sector_xyz/divider_denominator_reg[15]_i_2/CO[3]
                         net (fo=1, routed)           0.000    19.782    sector_xyz/divider_denominator_reg[15]_i_2_n_0
    SLICE_X12Y80         CARRY4 (Prop_carry4_CI_CO[3])
                                                      0.100    19.882 r  sector_xyz/divider_denominator_reg[19]_i_2/CO[3]
                         net (fo=1, routed)           0.000    19.882    sector_xyz/divider_denominator_reg[19]_i_2_n_0
    SLICE_X12Y81         CARRY4 (Prop_carry4_CI_CO[3])
                                                      0.100    19.982 r  sector_xyz/divider_denominator_reg[23]_i_2/CO[3]
                         net (fo=1, routed)           0.000    19.982    sector_xyz/divider_denominator_reg[23]_i_2_n_0
    SLICE_X12Y82         CARRY4 (Prop_carry4_CI_CO[3])
                                                      0.100    20.082 r  sector_xyz/divider_denominator_reg[27]_i_2/CO[3]
                         net (fo=1, routed)           0.000    20.082    sector_xyz/divider_denominator_reg[27]_i_2_n_0
    SLICE_X12Y83         CARRY4 (Prop_carry4_CI_CO[3])
                                                      0.100    20.182 r  sector_xyz/divider_denominator_reg[31]_i_2/CO[3]
                         net (fo=1, routed)           0.000    20.182    sector_xyz/divider_denominator_reg[31]_i_2_n_0
    SLICE_X12Y84         CARRY4 (Prop_carry4_CI_CO[3])
                                                      0.100    20.282 r  sector_xyz/divider_denominator_reg[35]_i_2/CO[3]
                         net (fo=1, routed)           0.000    20.282    sector_xyz/divider_denominator_reg[35]_i_2_n_0
    SLICE_X12Y85         CARRY4 (Prop_carry4_CI_CO[3])
                                                      0.100    20.382 r  sector_xyz/divider_denominator_reg[39]_i_2/CO[3]
                         net (fo=1, routed)           0.000    20.382    sector_xyz/divider_denominator_reg[39]_i_2_n_0
    SLICE_X12Y86         CARRY4 (Prop_carry4_CI_CO[0])
                                                      0.207    20.589 r  sector_xyz/divider_denominator_reg[40]_i_5/CO[0]
                         net (fo=140, routed)         0.746    21.335    sector_xyz/divider_denominator_reg[40]_i_5_n_3
    SLICE_X14Y84         LUT3 (Prop_lut3_I0_O)        0.297    21.632 r  sector_xyz/divider_denominator[40]_i_190/O
                         net (fo=1, routed)           0.000    21.632    sector_xyz/divider_denominator[40]_i_190_n_0
    SLICE_X14Y84         CARRY4 (Prop_carry4_S[1]_CO[3])
                                                      0.444    22.076 r  sector_xyz/divider_denominator_reg[40]_i_150/CO[3]
                         net (fo=1, routed)           0.000    22.076    sector_xyz/divider_denominator_reg[40]_i_150_n_0
    SLICE_X14Y85         CARRY4 (Prop_carry4_CI_CO[3])
                                                      0.100    22.176 r  sector_xyz/divider_denominator_reg[40]_i_117/CO[3]
                         net (fo=1, routed)           0.000    22.176    sector_xyz/divider_denominator_reg[40]_i_117_n_0
    SLICE_X14Y86         CARRY4 (Prop_carry4_CI_CO[3])
                                                      0.100    22.276 r  sector_xyz/divider_denominator_reg[40]_i_84/CO[3]
                         net (fo=1, routed)           0.000    22.276    sector_xyz/divider_denominator_reg[40]_i_84_n_0
    SLICE_X14Y87         CARRY4 (Prop_carry4_CI_CO[3])
                                                      0.100    22.376 r  sector_xyz/divider_denominator_reg[40]_i_49/CO[3]
                         net (fo=1, routed)           0.000    22.376    sector_xyz/divider_denominator_reg[40]_i_49_n_0
    SLICE_X14Y88         CARRY4 (Prop_carry4_CI_CO[3])
                                                      0.100    22.476 r  sector_xyz/divider_denominator_reg[40]_i_25/CO[3]
                         net (fo=1, routed)           0.000    22.476    sector_xyz/divider_denominator_reg[40]_i_25_n_0
    SLICE_X14Y89         CARRY4 (Prop_carry4_CI_CO[3])
                                                      0.100    22.576 r  sector_xyz/divider_denominator_reg[40]_i_10/CO[3]
                         net (fo=1, routed)           0.000    22.576    sector_xyz/divider_denominator_reg[40]_i_10_n_0
    SLICE_X14Y90         CARRY4 (Prop_carry4_CI_CO[2])
                                                      0.191    22.767 f  sector_xyz/divider_denominator_reg[40]_i_6/CO[2]
                         net (fo=146, routed)         0.919    23.686    sector_xyz/selected_overmodulated
    SLICE_X14Y78         LUT3 (Prop_lut3_I2_O)        0.252    23.938 r  sector_xyz/divider_denominator[40]_i_313/O
                         net (fo=1, routed)           0.144    24.082    sector_xyz/divider_denominator[40]_i_313_n_0
    SLICE_X15Y78         CARRY4 (Prop_carry4_CYINIT_CO[3])
                                                      0.480    24.562 r  sector_xyz/divider_denominator_reg[40]_i_308/CO[3]
                         net (fo=1, routed)           0.000    24.562    sector_xyz/divider_denominator_reg[40]_i_308_n_0
    SLICE_X15Y79         CARRY4 (Prop_carry4_CI_CO[3])
                                                      0.098    24.660 r  sector_xyz/divider_denominator_reg[40]_i_294/CO[3]
                         net (fo=1, routed)           0.000    24.660    sector_xyz/divider_denominator_reg[40]_i_294_n_0
    SLICE_X15Y80         CARRY4 (Prop_carry4_CI_CO[3])
                                                      0.098    24.758 r  sector_xyz/divider_denominator_reg[40]_i_280/CO[3]
                         net (fo=1, routed)           0.000    24.758    sector_xyz/divider_denominator_reg[40]_i_280_n_0
    SLICE_X15Y81         CARRY4 (Prop_carry4_CI_CO[3])
                                                      0.098    24.856 r  sector_xyz/divider_denominator_reg[40]_i_266/CO[3]
                         net (fo=1, routed)           0.000    24.856    sector_xyz/divider_denominator_reg[40]_i_266_n_0
    SLICE_X15Y82         CARRY4 (Prop_carry4_CI_CO[3])
                                                      0.098    24.954 r  sector_xyz/divider_denominator_reg[40]_i_235/CO[3]
                         net (fo=1, routed)           0.000    24.954    sector_xyz/divider_denominator_reg[40]_i_235_n_0
    SLICE_X15Y83         CARRY4 (Prop_carry4_CI_CO[3])
                                                      0.098    25.052 r  sector_xyz/divider_denominator_reg[40]_i_202/CO[3]
                         net (fo=1, routed)           0.000    25.052    sector_xyz/divider_denominator_reg[40]_i_202_n_0
    SLICE_X15Y84         CARRY4 (Prop_carry4_CI_CO[3])
                                                      0.098    25.150 r  sector_xyz/divider_denominator_reg[40]_i_169/CO[3]
                         net (fo=1, routed)           0.000    25.150    sector_xyz/divider_denominator_reg[40]_i_169_n_0
    SLICE_X15Y85         CARRY4 (Prop_carry4_CI_CO[3])
                                                      0.098    25.248 r  sector_xyz/divider_denominator_reg[40]_i_136/CO[3]
                         net (fo=1, routed)           0.000    25.248    sector_xyz/divider_denominator_reg[40]_i_136_n_0
    SLICE_X15Y86         CARRY4 (Prop_carry4_CI_CO[3])
                                                      0.098    25.346 r  sector_xyz/divider_denominator_reg[40]_i_103/CO[3]
                         net (fo=1, routed)           0.000    25.346    sector_xyz/divider_denominator_reg[40]_i_103_n_0
    SLICE_X15Y87         CARRY4 (Prop_carry4_CI_CO[3])
                                                      0.098    25.444 r  sector_xyz/divider_denominator_reg[40]_i_70/CO[3]
                         net (fo=1, routed)           0.000    25.444    sector_xyz/divider_denominator_reg[40]_i_70_n_0
    SLICE_X15Y88         CARRY4 (Prop_carry4_CI_CO[3])
                                                      0.098    25.542 r  sector_xyz/divider_denominator_reg[40]_i_37/CO[3]
                         net (fo=1, routed)           0.000    25.542    sector_xyz/divider_denominator_reg[40]_i_37_n_0
    SLICE_X15Y89         CARRY4 (Prop_carry4_CI_CO[2])
                                                      0.190    25.732 f  sector_xyz/divider_denominator_reg[40]_i_23/CO[2]
                         net (fo=3, routed)           0.565    26.297    sector_xyz/divider_input_valid212_in
    SLICE_X18Y92         LUT6 (Prop_lut6_I4_O)        0.261    26.558 r  sector_xyz/divider_denominator[40]_i_1_comp_1/O
                         net (fo=124, routed)         0.646    27.204    sector_xyz_n_136
    SLICE_X12Y87         FDCE                                         r  divider_denominator_reg[30]/CE
  -------------------------------------------------------------------    -------------------

                         (clock sys_clk rise edge)   20.000    20.000 r  <hidden>
    U20                                               0.000    20.000 r  clk
                         net (fo=0)                   0.000    20.000    clk
    U20                  IBUF (Prop_ibuf_I_O)         0.794    20.794 r  clk_IBUF_inst/O
                         net (fo=1, routed)           1.734    22.528    clk_IBUF
    BUFGCTRL_X0Y0        BUFG (Prop_bufg_I_O)         0.077    22.605 r  clk_IBUF_BUFG_inst/O
                         net (fo=1452, routed)        1.525    24.130    clk_IBUF_BUFG
    SLICE_X12Y87         FDCE                                         r  divider_denominator_reg[30]/C
                         clock pessimism              0.301    24.431    <hidden>
                         clock uncertainty           -0.035    24.395    <hidden>
    SLICE_X12Y87         FDCE (Setup_fdce_C_CE)      -0.136    24.259    divider_denominator_reg[30]
  -------------------------------------------------------------------
                         required time                         24.259    <hidden>
                         arrival time                         -27.204    <hidden>
  -------------------------------------------------------------------
                         slack                                 -2.944    <hidden>

Slack (VIOLATED) :        -2.934ns  (required time - arrival time)
  Source:                 captured_alpha_reg[5]/C
                            (rising edge-triggered cell FDCE clocked by sys_clk  {rise@0.000ns fall@10.000ns period=20.000ns})
  Destination:            divider_denominator_reg[33]/CE
                            (rising edge-triggered cell FDCE clocked by sys_clk  {rise@0.000ns fall@10.000ns period=20.000ns})
  Path Group:             sys_clk
  Path Type:              Setup (Max at Slow Process Corner)
  Requirement:            20.000ns  (sys_clk rise@20.000ns - sys_clk rise@0.000ns)
  Data Path Delay:        22.687ns  (logic 13.128ns (57.866%)  route 9.559ns (42.134%))
  Logic Levels:           62  (CARRY4=49 DSP48E1=1 LUT1=1 LUT2=4 LUT3=3 LUT4=1 LUT6=2 MUXF7=1)
  Clock Path Skew:        -0.044ns (DCD - SCD + CPR)
    Destination Clock Delay (DCD):    4.132ns = ( 24.132 - 20.000 )
    Source Clock Delay      (SCD):    4.477ns
    Clock Pessimism Removal (CPR):    0.301ns
  Clock Uncertainty:      0.035ns  ((TSJ^2 + TIJ^2)^1/2 + DJ) / 2 + PE
    Total System Jitter     (TSJ):    0.071ns
    Total Input Jitter      (TIJ):    0.000ns
    Discrete Jitter          (DJ):    0.000ns
    Phase Error              (PE):    0.000ns

    Location             Delay type                Incr(ns)  Path(ns)    Netlist Resource(s)
  -------------------------------------------------------------------    -------------------
                         (clock sys_clk rise edge)    0.000     0.000 r  <hidden>
    U20                                               0.000     0.000 r  clk
                         net (fo=0)                   0.000     0.000    clk
    U20                  IBUF (Prop_ibuf_I_O)         0.925     0.925 r  clk_IBUF_inst/O
                         net (fo=1, routed)           1.827     2.752    clk_IBUF
    BUFGCTRL_X0Y0        BUFG (Prop_bufg_I_O)         0.081     2.833 r  clk_IBUF_BUFG_inst/O
                         net (fo=1452, routed)        1.644     4.477    clk_IBUF_BUFG
    SLICE_X15Y56         FDCE                                         r  captured_alpha_reg[5]/C
  -------------------------------------------------------------------    -------------------
    SLICE_X15Y56         FDCE (Prop_fdce_C_Q)         0.379     4.856 f  captured_alpha_reg[5]/Q
                         net (fo=1, routed)           0.540     5.396    sector_xyz/value0_0[5]
    SLICE_X15Y56         LUT1 (Prop_lut1_I0_O)        0.105     5.501 r  sector_xyz/cmp20_i_100/O
                         net (fo=1, routed)           0.000     5.501    sector_xyz/cmp20_i_100_n_0
    SLICE_X15Y56         CARRY4 (Prop_carry4_S[1]_CO[3])
                                                      0.457     5.958 r  sector_xyz/cmp20_i_73/CO[3]
                         net (fo=1, routed)           0.000     5.958    sector_xyz/cmp20_i_73_n_0
    SLICE_X15Y57         CARRY4 (Prop_carry4_CI_O[0])
                                                      0.180     6.138 r  sector_xyz/cmp20_i_92/O[0]
                         net (fo=9, routed)           0.546     6.684    sector_xyz/cmp22__0[8]
    SLICE_X13Y58         LUT2 (Prop_lut2_I1_O)        0.249     6.933 r  sector_xyz/cmp20_i_144/O
                         net (fo=1, routed)           0.000     6.933    sector_xyz/cmp20_i_144_n_0
    SLICE_X13Y58         CARRY4 (Prop_carry4_S[0]_CO[3])
                                                      0.440     7.373 r  sector_xyz/cmp20_i_88/CO[3]
                         net (fo=1, routed)           0.000     7.373    sector_xyz/cmp20_i_88_n_0
    SLICE_X13Y59         CARRY4 (Prop_carry4_CI_CO[3])
                                                      0.098     7.471 r  sector_xyz/cmp20_i_85/CO[3]
                         net (fo=1, routed)           0.000     7.471    sector_xyz/cmp20_i_85_n_0
    SLICE_X13Y60         CARRY4 (Prop_carry4_CI_O[1])
                                                      0.265     7.736 r  sector_xyz/cmp20_i_82/O[1]
                         net (fo=3, routed)           0.480     8.216    sector_xyz/cmp20_i_82_n_6
    SLICE_X16Y59         LUT3 (Prop_lut3_I1_O)        0.250     8.466 r  sector_xyz/cmp20_i_27/O
                         net (fo=1, routed)           0.522     8.988    sector_xyz/cmp20_i_27_n_0
    SLICE_X12Y61         CARRY4 (Prop_carry4_DI[0]_CO[3])
                                                      0.457     9.445 r  sector_xyz/cmp20_i_3/CO[3]
                         net (fo=1, routed)           0.000     9.445    sector_xyz/cmp20_i_3_n_0
    SLICE_X12Y62         CARRY4 (Prop_carry4_CI_CO[3])
                                                      0.100     9.545 r  sector_xyz/cmp20_i_2/CO[3]
                         net (fo=1, routed)           0.000     9.545    sector_xyz/cmp20_i_2_n_0
    SLICE_X12Y63         CARRY4 (Prop_carry4_CI_O[2])
                                                      0.199     9.744 r  sector_xyz/cmp20_i_1/O[2]
                         net (fo=13, routed)          0.642    10.386    sector_xyz/C[35]
    DSP48_X0Y24          DSP48E1 (Prop_dsp48e1_C[42]_P[2])
                                                      1.662    12.048 f  sector_xyz/cmp20/P[2]
                         net (fo=2, routed)           0.819    12.867    sector_xyz/cmp20_n_103
    SLICE_X8Y61          LUT2 (Prop_lut2_I0_O)        0.105    12.972 r  sector_xyz/pending_sector[2]_i_49/O
                         net (fo=1, routed)           0.000    12.972    sector_xyz/pending_sector[2]_i_49_n_0
    SLICE_X8Y61          CARRY4 (Prop_carry4_S[1]_CO[3])
                                                      0.444    13.416 r  sector_xyz/pending_sector_reg[2]_i_34/CO[3]
                         net (fo=1, routed)           0.000    13.416    sector_xyz/pending_sector_reg[2]_i_34_n_0
    SLICE_X8Y62          CARRY4 (Prop_carry4_CI_CO[3])
                                                      0.100    13.516 r  sector_xyz/pending_sector_reg[2]_i_25/CO[3]
                         net (fo=1, routed)           0.000    13.516    sector_xyz/pending_sector_reg[2]_i_25_n_0
    SLICE_X8Y63          CARRY4 (Prop_carry4_CI_CO[3])
                                                      0.100    13.616 r  sector_xyz/pending_sector_reg[2]_i_15/CO[3]
                         net (fo=1, routed)           0.000    13.616    sector_xyz/pending_sector_reg[2]_i_15_n_0
    SLICE_X8Y64          CARRY4 (Prop_carry4_CI_CO[3])
                                                      0.100    13.716 r  sector_xyz/pending_sector_reg[2]_i_9/CO[3]
                         net (fo=1, routed)           0.000    13.716    sector_xyz/pending_sector_reg[2]_i_9_n_0
    SLICE_X8Y65          CARRY4 (Prop_carry4_CI_CO[1])
                                                      0.131    13.847 r  sector_xyz/pending_sector_reg[2]_i_4/CO[1]
                         net (fo=94, routed)          0.890    14.737    sector_xyz/xyz_sector[2]
    SLICE_X15Y62         MUXF7 (Prop_muxf7_S_O)       0.399    15.136 r  sector_xyz/divider_a_numerator_reg[35]_i_2/O
                         net (fo=8, routed)           0.735    15.871    sector_xyz/selected_a_w[3]
    SLICE_X12Y66         LUT2 (Prop_lut2_I1_O)        0.252    16.123 r  sector_xyz/b_negative_i_502/O
                         net (fo=1, routed)           0.000    16.123    sector_xyz/b_negative_i_502_n_0
    SLICE_X12Y66         CARRY4 (Prop_carry4_S[1]_CO[3])
                                                      0.444    16.567 r  sector_xyz/b_negative_reg_i_415/CO[3]
                         net (fo=1, routed)           0.000    16.567    sector_xyz/b_negative_reg_i_415_n_0
    SLICE_X12Y67         CARRY4 (Prop_carry4_CI_CO[3])
                                                      0.100    16.667 r  sector_xyz/b_negative_reg_i_325/CO[3]
                         net (fo=1, routed)           0.000    16.667    sector_xyz/b_negative_reg_i_325_n_0
    SLICE_X12Y68         CARRY4 (Prop_carry4_CI_CO[3])
                                                      0.100    16.767 r  sector_xyz/b_negative_reg_i_233/CO[3]
                         net (fo=1, routed)           0.000    16.767    sector_xyz/b_negative_reg_i_233_n_0
    SLICE_X12Y69         CARRY4 (Prop_carry4_CI_CO[3])
                                                      0.100    16.867 r  sector_xyz/b_negative_reg_i_140/CO[3]
                         net (fo=1, routed)           0.000    16.867    sector_xyz/b_negative_reg_i_140_n_0
    SLICE_X12Y70         CARRY4 (Prop_carry4_CI_CO[3])
                                                      0.100    16.967 r  sector_xyz/b_negative_reg_i_41/CO[3]
                         net (fo=1, routed)           0.000    16.967    sector_xyz/b_negative_reg_i_41_n_0
    SLICE_X12Y71         CARRY4 (Prop_carry4_CI_CO[0])
                                                      0.207    17.174 r  sector_xyz/b_negative_reg_i_17/CO[0]
                         net (fo=1, routed)           0.438    17.612    sector_xyz/b_negative_reg_i_17_n_3
    SLICE_X12Y72         LUT4 (Prop_lut4_I3_O)        0.297    17.909 f  sector_xyz/b_negative_i_5/O
                         net (fo=5, routed)           0.159    18.068    sector_xyz/b_negative_i_5_n_0
    SLICE_X12Y72         LUT6 (Prop_lut6_I3_O)        0.105    18.173 r  sector_xyz/divider_a_numerator[32]_i_2_comp_2/O
                         net (fo=121, routed)         0.808    18.981    sector_xyz/xyz_range_ok
    SLICE_X12Y76         LUT2 (Prop_lut2_I0_O)        0.126    19.107 r  sector_xyz/divider_denominator[3]_i_5/O
                         net (fo=1, routed)           0.000    19.107    sector_xyz/divider_denominator[3]_i_5_n_0
    SLICE_X12Y76         CARRY4 (Prop_carry4_DI[1]_CO[3])
                                                      0.375    19.482 r  sector_xyz/divider_denominator_reg[3]_i_2/CO[3]
                         net (fo=1, routed)           0.000    19.482    sector_xyz/divider_denominator_reg[3]_i_2_n_0
    SLICE_X12Y77         CARRY4 (Prop_carry4_CI_CO[3])
                                                      0.100    19.582 r  sector_xyz/divider_denominator_reg[7]_i_2/CO[3]
                         net (fo=1, routed)           0.000    19.582    sector_xyz/divider_denominator_reg[7]_i_2_n_0
    SLICE_X12Y78         CARRY4 (Prop_carry4_CI_CO[3])
                                                      0.100    19.682 r  sector_xyz/divider_denominator_reg[11]_i_2/CO[3]
                         net (fo=1, routed)           0.000    19.682    sector_xyz/divider_denominator_reg[11]_i_2_n_0
    SLICE_X12Y79         CARRY4 (Prop_carry4_CI_CO[3])
                                                      0.100    19.782 r  sector_xyz/divider_denominator_reg[15]_i_2/CO[3]
                         net (fo=1, routed)           0.000    19.782    sector_xyz/divider_denominator_reg[15]_i_2_n_0
    SLICE_X12Y80         CARRY4 (Prop_carry4_CI_CO[3])
                                                      0.100    19.882 r  sector_xyz/divider_denominator_reg[19]_i_2/CO[3]
                         net (fo=1, routed)           0.000    19.882    sector_xyz/divider_denominator_reg[19]_i_2_n_0
    SLICE_X12Y81         CARRY4 (Prop_carry4_CI_CO[3])
                                                      0.100    19.982 r  sector_xyz/divider_denominator_reg[23]_i_2/CO[3]
                         net (fo=1, routed)           0.000    19.982    sector_xyz/divider_denominator_reg[23]_i_2_n_0
    SLICE_X12Y82         CARRY4 (Prop_carry4_CI_CO[3])
                                                      0.100    20.082 r  sector_xyz/divider_denominator_reg[27]_i_2/CO[3]
                         net (fo=1, routed)           0.000    20.082    sector_xyz/divider_denominator_reg[27]_i_2_n_0
    SLICE_X12Y83         CARRY4 (Prop_carry4_CI_CO[3])
                                                      0.100    20.182 r  sector_xyz/divider_denominator_reg[31]_i_2/CO[3]
                         net (fo=1, routed)           0.000    20.182    sector_xyz/divider_denominator_reg[31]_i_2_n_0
    SLICE_X12Y84         CARRY4 (Prop_carry4_CI_CO[3])
                                                      0.100    20.282 r  sector_xyz/divider_denominator_reg[35]_i_2/CO[3]
                         net (fo=1, routed)           0.000    20.282    sector_xyz/divider_denominator_reg[35]_i_2_n_0
    SLICE_X12Y85         CARRY4 (Prop_carry4_CI_CO[3])
                                                      0.100    20.382 r  sector_xyz/divider_denominator_reg[39]_i_2/CO[3]
                         net (fo=1, routed)           0.000    20.382    sector_xyz/divider_denominator_reg[39]_i_2_n_0
    SLICE_X12Y86         CARRY4 (Prop_carry4_CI_CO[0])
                                                      0.207    20.589 r  sector_xyz/divider_denominator_reg[40]_i_5/CO[0]
                         net (fo=140, routed)         0.746    21.335    sector_xyz/divider_denominator_reg[40]_i_5_n_3
    SLICE_X14Y84         LUT3 (Prop_lut3_I0_O)        0.297    21.632 r  sector_xyz/divider_denominator[40]_i_190/O
                         net (fo=1, routed)           0.000    21.632    sector_xyz/divider_denominator[40]_i_190_n_0
    SLICE_X14Y84         CARRY4 (Prop_carry4_S[1]_CO[3])
                                                      0.444    22.076 r  sector_xyz/divider_denominator_reg[40]_i_150/CO[3]
                         net (fo=1, routed)           0.000    22.076    sector_xyz/divider_denominator_reg[40]_i_150_n_0
    SLICE_X14Y85         CARRY4 (Prop_carry4_CI_CO[3])
                                                      0.100    22.176 r  sector_xyz/divider_denominator_reg[40]_i_117/CO[3]
                         net (fo=1, routed)           0.000    22.176    sector_xyz/divider_denominator_reg[40]_i_117_n_0
    SLICE_X14Y86         CARRY4 (Prop_carry4_CI_CO[3])
                                                      0.100    22.276 r  sector_xyz/divider_denominator_reg[40]_i_84/CO[3]
                         net (fo=1, routed)           0.000    22.276    sector_xyz/divider_denominator_reg[40]_i_84_n_0
    SLICE_X14Y87         CARRY4 (Prop_carry4_CI_CO[3])
                                                      0.100    22.376 r  sector_xyz/divider_denominator_reg[40]_i_49/CO[3]
                         net (fo=1, routed)           0.000    22.376    sector_xyz/divider_denominator_reg[40]_i_49_n_0
    SLICE_X14Y88         CARRY4 (Prop_carry4_CI_CO[3])
                                                      0.100    22.476 r  sector_xyz/divider_denominator_reg[40]_i_25/CO[3]
                         net (fo=1, routed)           0.000    22.476    sector_xyz/divider_denominator_reg[40]_i_25_n_0
    SLICE_X14Y89         CARRY4 (Prop_carry4_CI_CO[3])
                                                      0.100    22.576 r  sector_xyz/divider_denominator_reg[40]_i_10/CO[3]
                         net (fo=1, routed)           0.000    22.576    sector_xyz/divider_denominator_reg[40]_i_10_n_0
    SLICE_X14Y90         CARRY4 (Prop_carry4_CI_CO[2])
                                                      0.191    22.767 f  sector_xyz/divider_denominator_reg[40]_i_6/CO[2]
                         net (fo=146, routed)         0.919    23.686    sector_xyz/selected_overmodulated
    SLICE_X14Y78         LUT3 (Prop_lut3_I2_O)        0.252    23.938 r  sector_xyz/divider_denominator[40]_i_313/O
                         net (fo=1, routed)           0.144    24.082    sector_xyz/divider_denominator[40]_i_313_n_0
    SLICE_X15Y78         CARRY4 (Prop_carry4_CYINIT_CO[3])
                                                      0.480    24.562 r  sector_xyz/divider_denominator_reg[40]_i_308/CO[3]
                         net (fo=1, routed)           0.000    24.562    sector_xyz/divider_denominator_reg[40]_i_308_n_0
    SLICE_X15Y79         CARRY4 (Prop_carry4_CI_CO[3])
                                                      0.098    24.660 r  sector_xyz/divider_denominator_reg[40]_i_294/CO[3]
                         net (fo=1, routed)           0.000    24.660    sector_xyz/divider_denominator_reg[40]_i_294_n_0
    SLICE_X15Y80         CARRY4 (Prop_carry4_CI_CO[3])
                                                      0.098    24.758 r  sector_xyz/divider_denominator_reg[40]_i_280/CO[3]
                         net (fo=1, routed)           0.000    24.758    sector_xyz/divider_denominator_reg[40]_i_280_n_0
    SLICE_X15Y81         CARRY4 (Prop_carry4_CI_CO[3])
                                                      0.098    24.856 r  sector_xyz/divider_denominator_reg[40]_i_266/CO[3]
                         net (fo=1, routed)           0.000    24.856    sector_xyz/divider_denominator_reg[40]_i_266_n_0
    SLICE_X15Y82         CARRY4 (Prop_carry4_CI_CO[3])
                                                      0.098    24.954 r  sector_xyz/divider_denominator_reg[40]_i_235/CO[3]
                         net (fo=1, routed)           0.000    24.954    sector_xyz/divider_denominator_reg[40]_i_235_n_0
    SLICE_X15Y83         CARRY4 (Prop_carry4_CI_CO[3])
                                                      0.098    25.052 r  sector_xyz/divider_denominator_reg[40]_i_202/CO[3]
                         net (fo=1, routed)           0.000    25.052    sector_xyz/divider_denominator_reg[40]_i_202_n_0
    SLICE_X15Y84         CARRY4 (Prop_carry4_CI_CO[3])
                                                      0.098    25.150 r  sector_xyz/divider_denominator_reg[40]_i_169/CO[3]
                         net (fo=1, routed)           0.000    25.150    sector_xyz/divider_denominator_reg[40]_i_169_n_0
    SLICE_X15Y85         CARRY4 (Prop_carry4_CI_CO[3])
                                                      0.098    25.248 r  sector_xyz/divider_denominator_reg[40]_i_136/CO[3]
                         net (fo=1, routed)           0.000    25.248    sector_xyz/divider_denominator_reg[40]_i_136_n_0
    SLICE_X15Y86         CARRY4 (Prop_carry4_CI_CO[3])
                                                      0.098    25.346 r  sector_xyz/divider_denominator_reg[40]_i_103/CO[3]
                         net (fo=1, routed)           0.000    25.346    sector_xyz/divider_denominator_reg[40]_i_103_n_0
    SLICE_X15Y87         CARRY4 (Prop_carry4_CI_CO[3])
                                                      0.098    25.444 r  sector_xyz/divider_denominator_reg[40]_i_70/CO[3]
                         net (fo=1, routed)           0.000    25.444    sector_xyz/divider_denominator_reg[40]_i_70_n_0
    SLICE_X15Y88         CARRY4 (Prop_carry4_CI_CO[3])
                                                      0.098    25.542 r  sector_xyz/divider_denominator_reg[40]_i_37/CO[3]
                         net (fo=1, routed)           0.000    25.542    sector_xyz/divider_denominator_reg[40]_i_37_n_0
    SLICE_X15Y89         CARRY4 (Prop_carry4_CI_CO[2])
                                                      0.190    25.732 f  sector_xyz/divider_denominator_reg[40]_i_23/CO[2]
                         net (fo=3, routed)           0.565    26.297    sector_xyz/divider_input_valid212_in
    SLICE_X18Y92         LUT6 (Prop_lut6_I4_O)        0.261    26.558 r  sector_xyz/divider_denominator[40]_i_1_comp_1/O
                         net (fo=124, routed)         0.606    27.164    sector_xyz_n_136
    SLICE_X15Y90         FDCE                                         r  divider_denominator_reg[33]/CE
  -------------------------------------------------------------------    -------------------

                         (clock sys_clk rise edge)   20.000    20.000 r  <hidden>
    U20                                               0.000    20.000 r  clk
                         net (fo=0)                   0.000    20.000    clk
    U20                  IBUF (Prop_ibuf_I_O)         0.794    20.794 r  clk_IBUF_inst/O
                         net (fo=1, routed)           1.734    22.528    clk_IBUF
    BUFGCTRL_X0Y0        BUFG (Prop_bufg_I_O)         0.077    22.605 r  clk_IBUF_BUFG_inst/O
                         net (fo=1452, routed)        1.527    24.132    clk_IBUF_BUFG
    SLICE_X15Y90         FDCE                                         r  divider_denominator_reg[33]/C
                         clock pessimism              0.301    24.433    <hidden>
                         clock uncertainty           -0.035    24.397    <hidden>
    SLICE_X15Y90         FDCE (Setup_fdce_C_CE)      -0.168    24.229    divider_denominator_reg[33]
  -------------------------------------------------------------------
                         required time                         24.229    <hidden>
                         arrival time                         -27.164    <hidden>
  -------------------------------------------------------------------
                         slack                                 -2.934    <hidden>

Slack (VIOLATED) :        -2.934ns  (required time - arrival time)
  Source:                 captured_alpha_reg[5]/C
                            (rising edge-triggered cell FDCE clocked by sys_clk  {rise@0.000ns fall@10.000ns period=20.000ns})
  Destination:            divider_denominator_reg[34]/CE
                            (rising edge-triggered cell FDCE clocked by sys_clk  {rise@0.000ns fall@10.000ns period=20.000ns})
  Path Group:             sys_clk
  Path Type:              Setup (Max at Slow Process Corner)
  Requirement:            20.000ns  (sys_clk rise@20.000ns - sys_clk rise@0.000ns)
  Data Path Delay:        22.687ns  (logic 13.128ns (57.866%)  route 9.559ns (42.134%))
  Logic Levels:           62  (CARRY4=49 DSP48E1=1 LUT1=1 LUT2=4 LUT3=3 LUT4=1 LUT6=2 MUXF7=1)
  Clock Path Skew:        -0.044ns (DCD - SCD + CPR)
    Destination Clock Delay (DCD):    4.132ns = ( 24.132 - 20.000 )
    Source Clock Delay      (SCD):    4.477ns
    Clock Pessimism Removal (CPR):    0.301ns
  Clock Uncertainty:      0.035ns  ((TSJ^2 + TIJ^2)^1/2 + DJ) / 2 + PE
    Total System Jitter     (TSJ):    0.071ns
    Total Input Jitter      (TIJ):    0.000ns
    Discrete Jitter          (DJ):    0.000ns
    Phase Error              (PE):    0.000ns

    Location             Delay type                Incr(ns)  Path(ns)    Netlist Resource(s)
  -------------------------------------------------------------------    -------------------
                         (clock sys_clk rise edge)    0.000     0.000 r  <hidden>
    U20                                               0.000     0.000 r  clk
                         net (fo=0)                   0.000     0.000    clk
    U20                  IBUF (Prop_ibuf_I_O)         0.925     0.925 r  clk_IBUF_inst/O
                         net (fo=1, routed)           1.827     2.752    clk_IBUF
    BUFGCTRL_X0Y0        BUFG (Prop_bufg_I_O)         0.081     2.833 r  clk_IBUF_BUFG_inst/O
                         net (fo=1452, routed)        1.644     4.477    clk_IBUF_BUFG
    SLICE_X15Y56         FDCE                                         r  captured_alpha_reg[5]/C
  -------------------------------------------------------------------    -------------------
    SLICE_X15Y56         FDCE (Prop_fdce_C_Q)         0.379     4.856 f  captured_alpha_reg[5]/Q
                         net (fo=1, routed)           0.540     5.396    sector_xyz/value0_0[5]
    SLICE_X15Y56         LUT1 (Prop_lut1_I0_O)        0.105     5.501 r  sector_xyz/cmp20_i_100/O
                         net (fo=1, routed)           0.000     5.501    sector_xyz/cmp20_i_100_n_0
    SLICE_X15Y56         CARRY4 (Prop_carry4_S[1]_CO[3])
                                                      0.457     5.958 r  sector_xyz/cmp20_i_73/CO[3]
                         net (fo=1, routed)           0.000     5.958    sector_xyz/cmp20_i_73_n_0
    SLICE_X15Y57         CARRY4 (Prop_carry4_CI_O[0])
                                                      0.180     6.138 r  sector_xyz/cmp20_i_92/O[0]
                         net (fo=9, routed)           0.546     6.684    sector_xyz/cmp22__0[8]
    SLICE_X13Y58         LUT2 (Prop_lut2_I1_O)        0.249     6.933 r  sector_xyz/cmp20_i_144/O
                         net (fo=1, routed)           0.000     6.933    sector_xyz/cmp20_i_144_n_0
    SLICE_X13Y58         CARRY4 (Prop_carry4_S[0]_CO[3])
                                                      0.440     7.373 r  sector_xyz/cmp20_i_88/CO[3]
                         net (fo=1, routed)           0.000     7.373    sector_xyz/cmp20_i_88_n_0
    SLICE_X13Y59         CARRY4 (Prop_carry4_CI_CO[3])
                                                      0.098     7.471 r  sector_xyz/cmp20_i_85/CO[3]
                         net (fo=1, routed)           0.000     7.471    sector_xyz/cmp20_i_85_n_0
    SLICE_X13Y60         CARRY4 (Prop_carry4_CI_O[1])
                                                      0.265     7.736 r  sector_xyz/cmp20_i_82/O[1]
                         net (fo=3, routed)           0.480     8.216    sector_xyz/cmp20_i_82_n_6
    SLICE_X16Y59         LUT3 (Prop_lut3_I1_O)        0.250     8.466 r  sector_xyz/cmp20_i_27/O
                         net (fo=1, routed)           0.522     8.988    sector_xyz/cmp20_i_27_n_0
    SLICE_X12Y61         CARRY4 (Prop_carry4_DI[0]_CO[3])
                                                      0.457     9.445 r  sector_xyz/cmp20_i_3/CO[3]
                         net (fo=1, routed)           0.000     9.445    sector_xyz/cmp20_i_3_n_0
    SLICE_X12Y62         CARRY4 (Prop_carry4_CI_CO[3])
                                                      0.100     9.545 r  sector_xyz/cmp20_i_2/CO[3]
                         net (fo=1, routed)           0.000     9.545    sector_xyz/cmp20_i_2_n_0
    SLICE_X12Y63         CARRY4 (Prop_carry4_CI_O[2])
                                                      0.199     9.744 r  sector_xyz/cmp20_i_1/O[2]
                         net (fo=13, routed)          0.642    10.386    sector_xyz/C[35]
    DSP48_X0Y24          DSP48E1 (Prop_dsp48e1_C[42]_P[2])
                                                      1.662    12.048 f  sector_xyz/cmp20/P[2]
                         net (fo=2, routed)           0.819    12.867    sector_xyz/cmp20_n_103
    SLICE_X8Y61          LUT2 (Prop_lut2_I0_O)        0.105    12.972 r  sector_xyz/pending_sector[2]_i_49/O
                         net (fo=1, routed)           0.000    12.972    sector_xyz/pending_sector[2]_i_49_n_0
    SLICE_X8Y61          CARRY4 (Prop_carry4_S[1]_CO[3])
                                                      0.444    13.416 r  sector_xyz/pending_sector_reg[2]_i_34/CO[3]
                         net (fo=1, routed)           0.000    13.416    sector_xyz/pending_sector_reg[2]_i_34_n_0
    SLICE_X8Y62          CARRY4 (Prop_carry4_CI_CO[3])
                                                      0.100    13.516 r  sector_xyz/pending_sector_reg[2]_i_25/CO[3]
                         net (fo=1, routed)           0.000    13.516    sector_xyz/pending_sector_reg[2]_i_25_n_0
    SLICE_X8Y63          CARRY4 (Prop_carry4_CI_CO[3])
                                                      0.100    13.616 r  sector_xyz/pending_sector_reg[2]_i_15/CO[3]
                         net (fo=1, routed)           0.000    13.616    sector_xyz/pending_sector_reg[2]_i_15_n_0
    SLICE_X8Y64          CARRY4 (Prop_carry4_CI_CO[3])
                                                      0.100    13.716 r  sector_xyz/pending_sector_reg[2]_i_9/CO[3]
                         net (fo=1, routed)           0.000    13.716    sector_xyz/pending_sector_reg[2]_i_9_n_0
    SLICE_X8Y65          CARRY4 (Prop_carry4_CI_CO[1])
                                                      0.131    13.847 r  sector_xyz/pending_sector_reg[2]_i_4/CO[1]
                         net (fo=94, routed)          0.890    14.737    sector_xyz/xyz_sector[2]
    SLICE_X15Y62         MUXF7 (Prop_muxf7_S_O)       0.399    15.136 r  sector_xyz/divider_a_numerator_reg[35]_i_2/O
                         net (fo=8, routed)           0.735    15.871    sector_xyz/selected_a_w[3]
    SLICE_X12Y66         LUT2 (Prop_lut2_I1_O)        0.252    16.123 r  sector_xyz/b_negative_i_502/O
                         net (fo=1, routed)           0.000    16.123    sector_xyz/b_negative_i_502_n_0
    SLICE_X12Y66         CARRY4 (Prop_carry4_S[1]_CO[3])
                                                      0.444    16.567 r  sector_xyz/b_negative_reg_i_415/CO[3]
                         net (fo=1, routed)           0.000    16.567    sector_xyz/b_negative_reg_i_415_n_0
    SLICE_X12Y67         CARRY4 (Prop_carry4_CI_CO[3])
                                                      0.100    16.667 r  sector_xyz/b_negative_reg_i_325/CO[3]
                         net (fo=1, routed)           0.000    16.667    sector_xyz/b_negative_reg_i_325_n_0
    SLICE_X12Y68         CARRY4 (Prop_carry4_CI_CO[3])
                                                      0.100    16.767 r  sector_xyz/b_negative_reg_i_233/CO[3]
                         net (fo=1, routed)           0.000    16.767    sector_xyz/b_negative_reg_i_233_n_0
    SLICE_X12Y69         CARRY4 (Prop_carry4_CI_CO[3])
                                                      0.100    16.867 r  sector_xyz/b_negative_reg_i_140/CO[3]
                         net (fo=1, routed)           0.000    16.867    sector_xyz/b_negative_reg_i_140_n_0
    SLICE_X12Y70         CARRY4 (Prop_carry4_CI_CO[3])
                                                      0.100    16.967 r  sector_xyz/b_negative_reg_i_41/CO[3]
                         net (fo=1, routed)           0.000    16.967    sector_xyz/b_negative_reg_i_41_n_0
    SLICE_X12Y71         CARRY4 (Prop_carry4_CI_CO[0])
                                                      0.207    17.174 r  sector_xyz/b_negative_reg_i_17/CO[0]
                         net (fo=1, routed)           0.438    17.612    sector_xyz/b_negative_reg_i_17_n_3
    SLICE_X12Y72         LUT4 (Prop_lut4_I3_O)        0.297    17.909 f  sector_xyz/b_negative_i_5/O
                         net (fo=5, routed)           0.159    18.068    sector_xyz/b_negative_i_5_n_0
    SLICE_X12Y72         LUT6 (Prop_lut6_I3_O)        0.105    18.173 r  sector_xyz/divider_a_numerator[32]_i_2_comp_2/O
                         net (fo=121, routed)         0.808    18.981    sector_xyz/xyz_range_ok
    SLICE_X12Y76         LUT2 (Prop_lut2_I0_O)        0.126    19.107 r  sector_xyz/divider_denominator[3]_i_5/O
                         net (fo=1, routed)           0.000    19.107    sector_xyz/divider_denominator[3]_i_5_n_0
    SLICE_X12Y76         CARRY4 (Prop_carry4_DI[1]_CO[3])
                                                      0.375    19.482 r  sector_xyz/divider_denominator_reg[3]_i_2/CO[3]
                         net (fo=1, routed)           0.000    19.482    sector_xyz/divider_denominator_reg[3]_i_2_n_0
    SLICE_X12Y77         CARRY4 (Prop_carry4_CI_CO[3])
                                                      0.100    19.582 r  sector_xyz/divider_denominator_reg[7]_i_2/CO[3]
                         net (fo=1, routed)           0.000    19.582    sector_xyz/divider_denominator_reg[7]_i_2_n_0
    SLICE_X12Y78         CARRY4 (Prop_carry4_CI_CO[3])
                                                      0.100    19.682 r  sector_xyz/divider_denominator_reg[11]_i_2/CO[3]
                         net (fo=1, routed)           0.000    19.682    sector_xyz/divider_denominator_reg[11]_i_2_n_0
    SLICE_X12Y79         CARRY4 (Prop_carry4_CI_CO[3])
                                                      0.100    19.782 r  sector_xyz/divider_denominator_reg[15]_i_2/CO[3]
                         net (fo=1, routed)           0.000    19.782    sector_xyz/divider_denominator_reg[15]_i_2_n_0
    SLICE_X12Y80         CARRY4 (Prop_carry4_CI_CO[3])
                                                      0.100    19.882 r  sector_xyz/divider_denominator_reg[19]_i_2/CO[3]
                         net (fo=1, routed)           0.000    19.882    sector_xyz/divider_denominator_reg[19]_i_2_n_0
    SLICE_X12Y81         CARRY4 (Prop_carry4_CI_CO[3])
                                                      0.100    19.982 r  sector_xyz/divider_denominator_reg[23]_i_2/CO[3]
                         net (fo=1, routed)           0.000    19.982    sector_xyz/divider_denominator_reg[23]_i_2_n_0
    SLICE_X12Y82         CARRY4 (Prop_carry4_CI_CO[3])
                                                      0.100    20.082 r  sector_xyz/divider_denominator_reg[27]_i_2/CO[3]
                         net (fo=1, routed)           0.000    20.082    sector_xyz/divider_denominator_reg[27]_i_2_n_0
    SLICE_X12Y83         CARRY4 (Prop_carry4_CI_CO[3])
                                                      0.100    20.182 r  sector_xyz/divider_denominator_reg[31]_i_2/CO[3]
                         net (fo=1, routed)           0.000    20.182    sector_xyz/divider_denominator_reg[31]_i_2_n_0
    SLICE_X12Y84         CARRY4 (Prop_carry4_CI_CO[3])
                                                      0.100    20.282 r  sector_xyz/divider_denominator_reg[35]_i_2/CO[3]
                         net (fo=1, routed)           0.000    20.282    sector_xyz/divider_denominator_reg[35]_i_2_n_0
    SLICE_X12Y85         CARRY4 (Prop_carry4_CI_CO[3])
                                                      0.100    20.382 r  sector_xyz/divider_denominator_reg[39]_i_2/CO[3]
                         net (fo=1, routed)           0.000    20.382    sector_xyz/divider_denominator_reg[39]_i_2_n_0
    SLICE_X12Y86         CARRY4 (Prop_carry4_CI_CO[0])
                                                      0.207    20.589 r  sector_xyz/divider_denominator_reg[40]_i_5/CO[0]
                         net (fo=140, routed)         0.746    21.335    sector_xyz/divider_denominator_reg[40]_i_5_n_3
    SLICE_X14Y84         LUT3 (Prop_lut3_I0_O)        0.297    21.632 r  sector_xyz/divider_denominator[40]_i_190/O
                         net (fo=1, routed)           0.000    21.632    sector_xyz/divider_denominator[40]_i_190_n_0
    SLICE_X14Y84         CARRY4 (Prop_carry4_S[1]_CO[3])
                                                      0.444    22.076 r  sector_xyz/divider_denominator_reg[40]_i_150/CO[3]
                         net (fo=1, routed)           0.000    22.076    sector_xyz/divider_denominator_reg[40]_i_150_n_0
    SLICE_X14Y85         CARRY4 (Prop_carry4_CI_CO[3])
                                                      0.100    22.176 r  sector_xyz/divider_denominator_reg[40]_i_117/CO[3]
                         net (fo=1, routed)           0.000    22.176    sector_xyz/divider_denominator_reg[40]_i_117_n_0
    SLICE_X14Y86         CARRY4 (Prop_carry4_CI_CO[3])
                                                      0.100    22.276 r  sector_xyz/divider_denominator_reg[40]_i_84/CO[3]
                         net (fo=1, routed)           0.000    22.276    sector_xyz/divider_denominator_reg[40]_i_84_n_0
    SLICE_X14Y87         CARRY4 (Prop_carry4_CI_CO[3])
                                                      0.100    22.376 r  sector_xyz/divider_denominator_reg[40]_i_49/CO[3]
                         net (fo=1, routed)           0.000    22.376    sector_xyz/divider_denominator_reg[40]_i_49_n_0
    SLICE_X14Y88         CARRY4 (Prop_carry4_CI_CO[3])
                                                      0.100    22.476 r  sector_xyz/divider_denominator_reg[40]_i_25/CO[3]
                         net (fo=1, routed)           0.000    22.476    sector_xyz/divider_denominator_reg[40]_i_25_n_0
    SLICE_X14Y89         CARRY4 (Prop_carry4_CI_CO[3])
                                                      0.100    22.576 r  sector_xyz/divider_denominator_reg[40]_i_10/CO[3]
                         net (fo=1, routed)           0.000    22.576    sector_xyz/divider_denominator_reg[40]_i_10_n_0
    SLICE_X14Y90         CARRY4 (Prop_carry4_CI_CO[2])
                                                      0.191    22.767 f  sector_xyz/divider_denominator_reg[40]_i_6/CO[2]
                         net (fo=146, routed)         0.919    23.686    sector_xyz/selected_overmodulated
    SLICE_X14Y78         LUT3 (Prop_lut3_I2_O)        0.252    23.938 r  sector_xyz/divider_denominator[40]_i_313/O
                         net (fo=1, routed)           0.144    24.082    sector_xyz/divider_denominator[40]_i_313_n_0
    SLICE_X15Y78         CARRY4 (Prop_carry4_CYINIT_CO[3])
                                                      0.480    24.562 r  sector_xyz/divider_denominator_reg[40]_i_308/CO[3]
                         net (fo=1, routed)           0.000    24.562    sector_xyz/divider_denominator_reg[40]_i_308_n_0
    SLICE_X15Y79         CARRY4 (Prop_carry4_CI_CO[3])
                                                      0.098    24.660 r  sector_xyz/divider_denominator_reg[40]_i_294/CO[3]
                         net (fo=1, routed)           0.000    24.660    sector_xyz/divider_denominator_reg[40]_i_294_n_0
    SLICE_X15Y80         CARRY4 (Prop_carry4_CI_CO[3])
                                                      0.098    24.758 r  sector_xyz/divider_denominator_reg[40]_i_280/CO[3]
                         net (fo=1, routed)           0.000    24.758    sector_xyz/divider_denominator_reg[40]_i_280_n_0
    SLICE_X15Y81         CARRY4 (Prop_carry4_CI_CO[3])
                                                      0.098    24.856 r  sector_xyz/divider_denominator_reg[40]_i_266/CO[3]
                         net (fo=1, routed)           0.000    24.856    sector_xyz/divider_denominator_reg[40]_i_266_n_0
    SLICE_X15Y82         CARRY4 (Prop_carry4_CI_CO[3])
                                                      0.098    24.954 r  sector_xyz/divider_denominator_reg[40]_i_235/CO[3]
                         net (fo=1, routed)           0.000    24.954    sector_xyz/divider_denominator_reg[40]_i_235_n_0
    SLICE_X15Y83         CARRY4 (Prop_carry4_CI_CO[3])
                                                      0.098    25.052 r  sector_xyz/divider_denominator_reg[40]_i_202/CO[3]
                         net (fo=1, routed)           0.000    25.052    sector_xyz/divider_denominator_reg[40]_i_202_n_0
    SLICE_X15Y84         CARRY4 (Prop_carry4_CI_CO[3])
                                                      0.098    25.150 r  sector_xyz/divider_denominator_reg[40]_i_169/CO[3]
                         net (fo=1, routed)           0.000    25.150    sector_xyz/divider_denominator_reg[40]_i_169_n_0
    SLICE_X15Y85         CARRY4 (Prop_carry4_CI_CO[3])
                                                      0.098    25.248 r  sector_xyz/divider_denominator_reg[40]_i_136/CO[3]
                         net (fo=1, routed)           0.000    25.248    sector_xyz/divider_denominator_reg[40]_i_136_n_0
    SLICE_X15Y86         CARRY4 (Prop_carry4_CI_CO[3])
                                                      0.098    25.346 r  sector_xyz/divider_denominator_reg[40]_i_103/CO[3]
                         net (fo=1, routed)           0.000    25.346    sector_xyz/divider_denominator_reg[40]_i_103_n_0
    SLICE_X15Y87         CARRY4 (Prop_carry4_CI_CO[3])
                                                      0.098    25.444 r  sector_xyz/divider_denominator_reg[40]_i_70/CO[3]
                         net (fo=1, routed)           0.000    25.444    sector_xyz/divider_denominator_reg[40]_i_70_n_0
    SLICE_X15Y88         CARRY4 (Prop_carry4_CI_CO[3])
                                                      0.098    25.542 r  sector_xyz/divider_denominator_reg[40]_i_37/CO[3]
                         net (fo=1, routed)           0.000    25.542    sector_xyz/divider_denominator_reg[40]_i_37_n_0
    SLICE_X15Y89         CARRY4 (Prop_carry4_CI_CO[2])
                                                      0.190    25.732 f  sector_xyz/divider_denominator_reg[40]_i_23/CO[2]
                         net (fo=3, routed)           0.565    26.297    sector_xyz/divider_input_valid212_in
    SLICE_X18Y92         LUT6 (Prop_lut6_I4_O)        0.261    26.558 r  sector_xyz/divider_denominator[40]_i_1_comp_1/O
                         net (fo=124, routed)         0.606    27.164    sector_xyz_n_136
    SLICE_X15Y90         FDCE                                         r  divider_denominator_reg[34]/CE
  -------------------------------------------------------------------    -------------------

                         (clock sys_clk rise edge)   20.000    20.000 r  <hidden>
    U20                                               0.000    20.000 r  clk
                         net (fo=0)                   0.000    20.000    clk
    U20                  IBUF (Prop_ibuf_I_O)         0.794    20.794 r  clk_IBUF_inst/O
                         net (fo=1, routed)           1.734    22.528    clk_IBUF
    BUFGCTRL_X0Y0        BUFG (Prop_bufg_I_O)         0.077    22.605 r  clk_IBUF_BUFG_inst/O
                         net (fo=1452, routed)        1.527    24.132    clk_IBUF_BUFG
    SLICE_X15Y90         FDCE                                         r  divider_denominator_reg[34]/C
                         clock pessimism              0.301    24.433    <hidden>
                         clock uncertainty           -0.035    24.397    <hidden>
    SLICE_X15Y90         FDCE (Setup_fdce_C_CE)      -0.168    24.229    divider_denominator_reg[34]
  -------------------------------------------------------------------
                         required time                         24.229    <hidden>
                         arrival time                         -27.164    <hidden>
  -------------------------------------------------------------------
                         slack                                 -2.934    <hidden>

Slack (VIOLATED) :        -2.934ns  (required time - arrival time)
  Source:                 captured_alpha_reg[5]/C
                            (rising edge-triggered cell FDCE clocked by sys_clk  {rise@0.000ns fall@10.000ns period=20.000ns})
  Destination:            divider_a_numerator_reg[60]/CE
                            (rising edge-triggered cell FDCE clocked by sys_clk  {rise@0.000ns fall@10.000ns period=20.000ns})
  Path Group:             sys_clk
  Path Type:              Setup (Max at Slow Process Corner)
  Requirement:            20.000ns  (sys_clk rise@20.000ns - sys_clk rise@0.000ns)
  Data Path Delay:        22.719ns  (logic 13.128ns (57.784%)  route 9.591ns (42.216%))
  Logic Levels:           62  (CARRY4=49 DSP48E1=1 LUT1=1 LUT2=4 LUT3=3 LUT4=1 LUT6=2 MUXF7=1)
  Clock Path Skew:        -0.043ns (DCD - SCD + CPR)
    Destination Clock Delay (DCD):    4.133ns = ( 24.133 - 20.000 )
    Source Clock Delay      (SCD):    4.477ns
    Clock Pessimism Removal (CPR):    0.301ns
  Clock Uncertainty:      0.035ns  ((TSJ^2 + TIJ^2)^1/2 + DJ) / 2 + PE
    Total System Jitter     (TSJ):    0.071ns
    Total Input Jitter      (TIJ):    0.000ns
    Discrete Jitter          (DJ):    0.000ns
    Phase Error              (PE):    0.000ns

    Location             Delay type                Incr(ns)  Path(ns)    Netlist Resource(s)
  -------------------------------------------------------------------    -------------------
                         (clock sys_clk rise edge)    0.000     0.000 r  <hidden>
    U20                                               0.000     0.000 r  clk
                         net (fo=0)                   0.000     0.000    clk
    U20                  IBUF (Prop_ibuf_I_O)         0.925     0.925 r  clk_IBUF_inst/O
                         net (fo=1, routed)           1.827     2.752    clk_IBUF
    BUFGCTRL_X0Y0        BUFG (Prop_bufg_I_O)         0.081     2.833 r  clk_IBUF_BUFG_inst/O
                         net (fo=1452, routed)        1.644     4.477    clk_IBUF_BUFG
    SLICE_X15Y56         FDCE                                         r  captured_alpha_reg[5]/C
  -------------------------------------------------------------------    -------------------
    SLICE_X15Y56         FDCE (Prop_fdce_C_Q)         0.379     4.856 f  captured_alpha_reg[5]/Q
                         net (fo=1, routed)           0.540     5.396    sector_xyz/value0_0[5]
    SLICE_X15Y56         LUT1 (Prop_lut1_I0_O)        0.105     5.501 r  sector_xyz/cmp20_i_100/O
                         net (fo=1, routed)           0.000     5.501    sector_xyz/cmp20_i_100_n_0
    SLICE_X15Y56         CARRY4 (Prop_carry4_S[1]_CO[3])
                                                      0.457     5.958 r  sector_xyz/cmp20_i_73/CO[3]
                         net (fo=1, routed)           0.000     5.958    sector_xyz/cmp20_i_73_n_0
    SLICE_X15Y57         CARRY4 (Prop_carry4_CI_O[0])
                                                      0.180     6.138 r  sector_xyz/cmp20_i_92/O[0]
                         net (fo=9, routed)           0.546     6.684    sector_xyz/cmp22__0[8]
    SLICE_X13Y58         LUT2 (Prop_lut2_I1_O)        0.249     6.933 r  sector_xyz/cmp20_i_144/O
                         net (fo=1, routed)           0.000     6.933    sector_xyz/cmp20_i_144_n_0
    SLICE_X13Y58         CARRY4 (Prop_carry4_S[0]_CO[3])
                                                      0.440     7.373 r  sector_xyz/cmp20_i_88/CO[3]
                         net (fo=1, routed)           0.000     7.373    sector_xyz/cmp20_i_88_n_0
    SLICE_X13Y59         CARRY4 (Prop_carry4_CI_CO[3])
                                                      0.098     7.471 r  sector_xyz/cmp20_i_85/CO[3]
                         net (fo=1, routed)           0.000     7.471    sector_xyz/cmp20_i_85_n_0
    SLICE_X13Y60         CARRY4 (Prop_carry4_CI_O[1])
                                                      0.265     7.736 r  sector_xyz/cmp20_i_82/O[1]
                         net (fo=3, routed)           0.480     8.216    sector_xyz/cmp20_i_82_n_6
    SLICE_X16Y59         LUT3 (Prop_lut3_I1_O)        0.250     8.466 r  sector_xyz/cmp20_i_27/O
                         net (fo=1, routed)           0.522     8.988    sector_xyz/cmp20_i_27_n_0
    SLICE_X12Y61         CARRY4 (Prop_carry4_DI[0]_CO[3])
                                                      0.457     9.445 r  sector_xyz/cmp20_i_3/CO[3]
                         net (fo=1, routed)           0.000     9.445    sector_xyz/cmp20_i_3_n_0
    SLICE_X12Y62         CARRY4 (Prop_carry4_CI_CO[3])
                                                      0.100     9.545 r  sector_xyz/cmp20_i_2/CO[3]
                         net (fo=1, routed)           0.000     9.545    sector_xyz/cmp20_i_2_n_0
    SLICE_X12Y63         CARRY4 (Prop_carry4_CI_O[2])
                                                      0.199     9.744 r  sector_xyz/cmp20_i_1/O[2]
                         net (fo=13, routed)          0.642    10.386    sector_xyz/C[35]
    DSP48_X0Y24          DSP48E1 (Prop_dsp48e1_C[42]_P[2])
                                                      1.662    12.048 f  sector_xyz/cmp20/P[2]
                         net (fo=2, routed)           0.819    12.867    sector_xyz/cmp20_n_103
    SLICE_X8Y61          LUT2 (Prop_lut2_I0_O)        0.105    12.972 r  sector_xyz/pending_sector[2]_i_49/O
                         net (fo=1, routed)           0.000    12.972    sector_xyz/pending_sector[2]_i_49_n_0
    SLICE_X8Y61          CARRY4 (Prop_carry4_S[1]_CO[3])
                                                      0.444    13.416 r  sector_xyz/pending_sector_reg[2]_i_34/CO[3]
                         net (fo=1, routed)           0.000    13.416    sector_xyz/pending_sector_reg[2]_i_34_n_0
    SLICE_X8Y62          CARRY4 (Prop_carry4_CI_CO[3])
                                                      0.100    13.516 r  sector_xyz/pending_sector_reg[2]_i_25/CO[3]
                         net (fo=1, routed)           0.000    13.516    sector_xyz/pending_sector_reg[2]_i_25_n_0
    SLICE_X8Y63          CARRY4 (Prop_carry4_CI_CO[3])
                                                      0.100    13.616 r  sector_xyz/pending_sector_reg[2]_i_15/CO[3]
                         net (fo=1, routed)           0.000    13.616    sector_xyz/pending_sector_reg[2]_i_15_n_0
    SLICE_X8Y64          CARRY4 (Prop_carry4_CI_CO[3])
                                                      0.100    13.716 r  sector_xyz/pending_sector_reg[2]_i_9/CO[3]
                         net (fo=1, routed)           0.000    13.716    sector_xyz/pending_sector_reg[2]_i_9_n_0
    SLICE_X8Y65          CARRY4 (Prop_carry4_CI_CO[1])
                                                      0.131    13.847 r  sector_xyz/pending_sector_reg[2]_i_4/CO[1]
                         net (fo=94, routed)          0.890    14.737    sector_xyz/xyz_sector[2]
    SLICE_X15Y62         MUXF7 (Prop_muxf7_S_O)       0.399    15.136 r  sector_xyz/divider_a_numerator_reg[35]_i_2/O
                         net (fo=8, routed)           0.735    15.871    sector_xyz/selected_a_w[3]
    SLICE_X12Y66         LUT2 (Prop_lut2_I1_O)        0.252    16.123 r  sector_xyz/b_negative_i_502/O
                         net (fo=1, routed)           0.000    16.123    sector_xyz/b_negative_i_502_n_0
    SLICE_X12Y66         CARRY4 (Prop_carry4_S[1]_CO[3])
                                                      0.444    16.567 r  sector_xyz/b_negative_reg_i_415/CO[3]
                         net (fo=1, routed)           0.000    16.567    sector_xyz/b_negative_reg_i_415_n_0
    SLICE_X12Y67         CARRY4 (Prop_carry4_CI_CO[3])
                                                      0.100    16.667 r  sector_xyz/b_negative_reg_i_325/CO[3]
                         net (fo=1, routed)           0.000    16.667    sector_xyz/b_negative_reg_i_325_n_0
    SLICE_X12Y68         CARRY4 (Prop_carry4_CI_CO[3])
                                                      0.100    16.767 r  sector_xyz/b_negative_reg_i_233/CO[3]
                         net (fo=1, routed)           0.000    16.767    sector_xyz/b_negative_reg_i_233_n_0
    SLICE_X12Y69         CARRY4 (Prop_carry4_CI_CO[3])
                                                      0.100    16.867 r  sector_xyz/b_negative_reg_i_140/CO[3]
                         net (fo=1, routed)           0.000    16.867    sector_xyz/b_negative_reg_i_140_n_0
    SLICE_X12Y70         CARRY4 (Prop_carry4_CI_CO[3])
                                                      0.100    16.967 r  sector_xyz/b_negative_reg_i_41/CO[3]
                         net (fo=1, routed)           0.000    16.967    sector_xyz/b_negative_reg_i_41_n_0
    SLICE_X12Y71         CARRY4 (Prop_carry4_CI_CO[0])
                                                      0.207    17.174 r  sector_xyz/b_negative_reg_i_17/CO[0]
                         net (fo=1, routed)           0.438    17.612    sector_xyz/b_negative_reg_i_17_n_3
    SLICE_X12Y72         LUT4 (Prop_lut4_I3_O)        0.297    17.909 f  sector_xyz/b_negative_i_5/O
                         net (fo=5, routed)           0.159    18.068    sector_xyz/b_negative_i_5_n_0
    SLICE_X12Y72         LUT6 (Prop_lut6_I3_O)        0.105    18.173 r  sector_xyz/divider_a_numerator[32]_i_2_comp_2/O
                         net (fo=121, routed)         0.808    18.981    sector_xyz/xyz_range_ok
    SLICE_X12Y76         LUT2 (Prop_lut2_I0_O)        0.126    19.107 r  sector_xyz/divider_denominator[3]_i_5/O
                         net (fo=1, routed)           0.000    19.107    sector_xyz/divider_denominator[3]_i_5_n_0
    SLICE_X12Y76         CARRY4 (Prop_carry4_DI[1]_CO[3])
                                                      0.375    19.482 r  sector_xyz/divider_denominator_reg[3]_i_2/CO[3]
                         net (fo=1, routed)           0.000    19.482    sector_xyz/divider_denominator_reg[3]_i_2_n_0
    SLICE_X12Y77         CARRY4 (Prop_carry4_CI_CO[3])
                                                      0.100    19.582 r  sector_xyz/divider_denominator_reg[7]_i_2/CO[3]
                         net (fo=1, routed)           0.000    19.582    sector_xyz/divider_denominator_reg[7]_i_2_n_0
    SLICE_X12Y78         CARRY4 (Prop_carry4_CI_CO[3])
                                                      0.100    19.682 r  sector_xyz/divider_denominator_reg[11]_i_2/CO[3]
                         net (fo=1, routed)           0.000    19.682    sector_xyz/divider_denominator_reg[11]_i_2_n_0
    SLICE_X12Y79         CARRY4 (Prop_carry4_CI_CO[3])
                                                      0.100    19.782 r  sector_xyz/divider_denominator_reg[15]_i_2/CO[3]
                         net (fo=1, routed)           0.000    19.782    sector_xyz/divider_denominator_reg[15]_i_2_n_0
    SLICE_X12Y80         CARRY4 (Prop_carry4_CI_CO[3])
                                                      0.100    19.882 r  sector_xyz/divider_denominator_reg[19]_i_2/CO[3]
                         net (fo=1, routed)           0.000    19.882    sector_xyz/divider_denominator_reg[19]_i_2_n_0
    SLICE_X12Y81         CARRY4 (Prop_carry4_CI_CO[3])
                                                      0.100    19.982 r  sector_xyz/divider_denominator_reg[23]_i_2/CO[3]
                         net (fo=1, routed)           0.000    19.982    sector_xyz/divider_denominator_reg[23]_i_2_n_0
    SLICE_X12Y82         CARRY4 (Prop_carry4_CI_CO[3])
                                                      0.100    20.082 r  sector_xyz/divider_denominator_reg[27]_i_2/CO[3]
                         net (fo=1, routed)           0.000    20.082    sector_xyz/divider_denominator_reg[27]_i_2_n_0
    SLICE_X12Y83         CARRY4 (Prop_carry4_CI_CO[3])
                                                      0.100    20.182 r  sector_xyz/divider_denominator_reg[31]_i_2/CO[3]
                         net (fo=1, routed)           0.000    20.182    sector_xyz/divider_denominator_reg[31]_i_2_n_0
    SLICE_X12Y84         CARRY4 (Prop_carry4_CI_CO[3])
                                                      0.100    20.282 r  sector_xyz/divider_denominator_reg[35]_i_2/CO[3]
                         net (fo=1, routed)           0.000    20.282    sector_xyz/divider_denominator_reg[35]_i_2_n_0
    SLICE_X12Y85         CARRY4 (Prop_carry4_CI_CO[3])
                                                      0.100    20.382 r  sector_xyz/divider_denominator_reg[39]_i_2/CO[3]
                         net (fo=1, routed)           0.000    20.382    sector_xyz/divider_denominator_reg[39]_i_2_n_0
    SLICE_X12Y86         CARRY4 (Prop_carry4_CI_CO[0])
                                                      0.207    20.589 r  sector_xyz/divider_denominator_reg[40]_i_5/CO[0]
                         net (fo=140, routed)         0.746    21.335    sector_xyz/divider_denominator_reg[40]_i_5_n_3
    SLICE_X14Y84         LUT3 (Prop_lut3_I0_O)        0.297    21.632 r  sector_xyz/divider_denominator[40]_i_190/O
                         net (fo=1, routed)           0.000    21.632    sector_xyz/divider_denominator[40]_i_190_n_0
    SLICE_X14Y84         CARRY4 (Prop_carry4_S[1]_CO[3])
                                                      0.444    22.076 r  sector_xyz/divider_denominator_reg[40]_i_150/CO[3]
                         net (fo=1, routed)           0.000    22.076    sector_xyz/divider_denominator_reg[40]_i_150_n_0
    SLICE_X14Y85         CARRY4 (Prop_carry4_CI_CO[3])
                                                      0.100    22.176 r  sector_xyz/divider_denominator_reg[40]_i_117/CO[3]
                         net (fo=1, routed)           0.000    22.176    sector_xyz/divider_denominator_reg[40]_i_117_n_0
    SLICE_X14Y86         CARRY4 (Prop_carry4_CI_CO[3])
                                                      0.100    22.276 r  sector_xyz/divider_denominator_reg[40]_i_84/CO[3]
                         net (fo=1, routed)           0.000    22.276    sector_xyz/divider_denominator_reg[40]_i_84_n_0
    SLICE_X14Y87         CARRY4 (Prop_carry4_CI_CO[3])
                                                      0.100    22.376 r  sector_xyz/divider_denominator_reg[40]_i_49/CO[3]
                         net (fo=1, routed)           0.000    22.376    sector_xyz/divider_denominator_reg[40]_i_49_n_0
    SLICE_X14Y88         CARRY4 (Prop_carry4_CI_CO[3])
                                                      0.100    22.476 r  sector_xyz/divider_denominator_reg[40]_i_25/CO[3]
                         net (fo=1, routed)           0.000    22.476    sector_xyz/divider_denominator_reg[40]_i_25_n_0
    SLICE_X14Y89         CARRY4 (Prop_carry4_CI_CO[3])
                                                      0.100    22.576 r  sector_xyz/divider_denominator_reg[40]_i_10/CO[3]
                         net (fo=1, routed)           0.000    22.576    sector_xyz/divider_denominator_reg[40]_i_10_n_0
    SLICE_X14Y90         CARRY4 (Prop_carry4_CI_CO[2])
                                                      0.191    22.767 f  sector_xyz/divider_denominator_reg[40]_i_6/CO[2]
                         net (fo=146, routed)         0.919    23.686    sector_xyz/selected_overmodulated
    SLICE_X14Y78         LUT3 (Prop_lut3_I2_O)        0.252    23.938 r  sector_xyz/divider_denominator[40]_i_313/O
                         net (fo=1, routed)           0.144    24.082    sector_xyz/divider_denominator[40]_i_313_n_0
    SLICE_X15Y78         CARRY4 (Prop_carry4_CYINIT_CO[3])
                                                      0.480    24.562 r  sector_xyz/divider_denominator_reg[40]_i_308/CO[3]
                         net (fo=1, routed)           0.000    24.562    sector_xyz/divider_denominator_reg[40]_i_308_n_0
    SLICE_X15Y79         CARRY4 (Prop_carry4_CI_CO[3])
                                                      0.098    24.660 r  sector_xyz/divider_denominator_reg[40]_i_294/CO[3]
                         net (fo=1, routed)           0.000    24.660    sector_xyz/divider_denominator_reg[40]_i_294_n_0
    SLICE_X15Y80         CARRY4 (Prop_carry4_CI_CO[3])
                                                      0.098    24.758 r  sector_xyz/divider_denominator_reg[40]_i_280/CO[3]
                         net (fo=1, routed)           0.000    24.758    sector_xyz/divider_denominator_reg[40]_i_280_n_0
    SLICE_X15Y81         CARRY4 (Prop_carry4_CI_CO[3])
                                                      0.098    24.856 r  sector_xyz/divider_denominator_reg[40]_i_266/CO[3]
                         net (fo=1, routed)           0.000    24.856    sector_xyz/divider_denominator_reg[40]_i_266_n_0
    SLICE_X15Y82         CARRY4 (Prop_carry4_CI_CO[3])
                                                      0.098    24.954 r  sector_xyz/divider_denominator_reg[40]_i_235/CO[3]
                         net (fo=1, routed)           0.000    24.954    sector_xyz/divider_denominator_reg[40]_i_235_n_0
    SLICE_X15Y83         CARRY4 (Prop_carry4_CI_CO[3])
                                                      0.098    25.052 r  sector_xyz/divider_denominator_reg[40]_i_202/CO[3]
                         net (fo=1, routed)           0.000    25.052    sector_xyz/divider_denominator_reg[40]_i_202_n_0
    SLICE_X15Y84         CARRY4 (Prop_carry4_CI_CO[3])
                                                      0.098    25.150 r  sector_xyz/divider_denominator_reg[40]_i_169/CO[3]
                         net (fo=1, routed)           0.000    25.150    sector_xyz/divider_denominator_reg[40]_i_169_n_0
    SLICE_X15Y85         CARRY4 (Prop_carry4_CI_CO[3])
                                                      0.098    25.248 r  sector_xyz/divider_denominator_reg[40]_i_136/CO[3]
                         net (fo=1, routed)           0.000    25.248    sector_xyz/divider_denominator_reg[40]_i_136_n_0
    SLICE_X15Y86         CARRY4 (Prop_carry4_CI_CO[3])
                                                      0.098    25.346 r  sector_xyz/divider_denominator_reg[40]_i_103/CO[3]
                         net (fo=1, routed)           0.000    25.346    sector_xyz/divider_denominator_reg[40]_i_103_n_0
    SLICE_X15Y87         CARRY4 (Prop_carry4_CI_CO[3])
                                                      0.098    25.444 r  sector_xyz/divider_denominator_reg[40]_i_70/CO[3]
                         net (fo=1, routed)           0.000    25.444    sector_xyz/divider_denominator_reg[40]_i_70_n_0
    SLICE_X15Y88         CARRY4 (Prop_carry4_CI_CO[3])
                                                      0.098    25.542 r  sector_xyz/divider_denominator_reg[40]_i_37/CO[3]
                         net (fo=1, routed)           0.000    25.542    sector_xyz/divider_denominator_reg[40]_i_37_n_0
    SLICE_X15Y89         CARRY4 (Prop_carry4_CI_CO[2])
                                                      0.190    25.732 f  sector_xyz/divider_denominator_reg[40]_i_23/CO[2]
                         net (fo=3, routed)           0.565    26.297    sector_xyz/divider_input_valid212_in
    SLICE_X18Y92         LUT6 (Prop_lut6_I4_O)        0.261    26.558 r  sector_xyz/divider_denominator[40]_i_1_comp_1/O
                         net (fo=124, routed)         0.638    27.196    sector_xyz_n_136
    SLICE_X14Y95         FDCE                                         r  divider_a_numerator_reg[60]/CE
  -------------------------------------------------------------------    -------------------

                         (clock sys_clk rise edge)   20.000    20.000 r  <hidden>
    U20                                               0.000    20.000 r  clk
                         net (fo=0)                   0.000    20.000    clk
    U20                  IBUF (Prop_ibuf_I_O)         0.794    20.794 r  clk_IBUF_inst/O
                         net (fo=1, routed)           1.734    22.528    clk_IBUF
    BUFGCTRL_X0Y0        BUFG (Prop_bufg_I_O)         0.077    22.605 r  clk_IBUF_BUFG_inst/O
                         net (fo=1452, routed)        1.528    24.133    clk_IBUF_BUFG
    SLICE_X14Y95         FDCE                                         r  divider_a_numerator_reg[60]/C
                         clock pessimism              0.301    24.434    <hidden>
                         clock uncertainty           -0.035    24.398    <hidden>
    SLICE_X14Y95         FDCE (Setup_fdce_C_CE)      -0.136    24.262    divider_a_numerator_reg[60]
  -------------------------------------------------------------------
                         required time                         24.262    <hidden>
                         arrival time                         -27.196    <hidden>
  -------------------------------------------------------------------
                         slack                                 -2.934    <hidden>

Slack (VIOLATED) :        -2.934ns  (required time - arrival time)
  Source:                 captured_alpha_reg[5]/C
                            (rising edge-triggered cell FDCE clocked by sys_clk  {rise@0.000ns fall@10.000ns period=20.000ns})
  Destination:            divider_b_numerator_reg[44]/CE
                            (rising edge-triggered cell FDCE clocked by sys_clk  {rise@0.000ns fall@10.000ns period=20.000ns})
  Path Group:             sys_clk
  Path Type:              Setup (Max at Slow Process Corner)
  Requirement:            20.000ns  (sys_clk rise@20.000ns - sys_clk rise@0.000ns)
  Data Path Delay:        22.719ns  (logic 13.128ns (57.784%)  route 9.591ns (42.216%))
  Logic Levels:           62  (CARRY4=49 DSP48E1=1 LUT1=1 LUT2=4 LUT3=3 LUT4=1 LUT6=2 MUXF7=1)
  Clock Path Skew:        -0.043ns (DCD - SCD + CPR)
    Destination Clock Delay (DCD):    4.133ns = ( 24.133 - 20.000 )
    Source Clock Delay      (SCD):    4.477ns
    Clock Pessimism Removal (CPR):    0.301ns
  Clock Uncertainty:      0.035ns  ((TSJ^2 + TIJ^2)^1/2 + DJ) / 2 + PE
    Total System Jitter     (TSJ):    0.071ns
    Total Input Jitter      (TIJ):    0.000ns
    Discrete Jitter          (DJ):    0.000ns
    Phase Error              (PE):    0.000ns

    Location             Delay type                Incr(ns)  Path(ns)    Netlist Resource(s)
  -------------------------------------------------------------------    -------------------
                         (clock sys_clk rise edge)    0.000     0.000 r  <hidden>
    U20                                               0.000     0.000 r  clk
                         net (fo=0)                   0.000     0.000    clk
    U20                  IBUF (Prop_ibuf_I_O)         0.925     0.925 r  clk_IBUF_inst/O
                         net (fo=1, routed)           1.827     2.752    clk_IBUF
    BUFGCTRL_X0Y0        BUFG (Prop_bufg_I_O)         0.081     2.833 r  clk_IBUF_BUFG_inst/O
                         net (fo=1452, routed)        1.644     4.477    clk_IBUF_BUFG
    SLICE_X15Y56         FDCE                                         r  captured_alpha_reg[5]/C
  -------------------------------------------------------------------    -------------------
    SLICE_X15Y56         FDCE (Prop_fdce_C_Q)         0.379     4.856 f  captured_alpha_reg[5]/Q
                         net (fo=1, routed)           0.540     5.396    sector_xyz/value0_0[5]
    SLICE_X15Y56         LUT1 (Prop_lut1_I0_O)        0.105     5.501 r  sector_xyz/cmp20_i_100/O
                         net (fo=1, routed)           0.000     5.501    sector_xyz/cmp20_i_100_n_0
    SLICE_X15Y56         CARRY4 (Prop_carry4_S[1]_CO[3])
                                                      0.457     5.958 r  sector_xyz/cmp20_i_73/CO[3]
                         net (fo=1, routed)           0.000     5.958    sector_xyz/cmp20_i_73_n_0
    SLICE_X15Y57         CARRY4 (Prop_carry4_CI_O[0])
                                                      0.180     6.138 r  sector_xyz/cmp20_i_92/O[0]
                         net (fo=9, routed)           0.546     6.684    sector_xyz/cmp22__0[8]
    SLICE_X13Y58         LUT2 (Prop_lut2_I1_O)        0.249     6.933 r  sector_xyz/cmp20_i_144/O
                         net (fo=1, routed)           0.000     6.933    sector_xyz/cmp20_i_144_n_0
    SLICE_X13Y58         CARRY4 (Prop_carry4_S[0]_CO[3])
                                                      0.440     7.373 r  sector_xyz/cmp20_i_88/CO[3]
                         net (fo=1, routed)           0.000     7.373    sector_xyz/cmp20_i_88_n_0
    SLICE_X13Y59         CARRY4 (Prop_carry4_CI_CO[3])
                                                      0.098     7.471 r  sector_xyz/cmp20_i_85/CO[3]
                         net (fo=1, routed)           0.000     7.471    sector_xyz/cmp20_i_85_n_0
    SLICE_X13Y60         CARRY4 (Prop_carry4_CI_O[1])
                                                      0.265     7.736 r  sector_xyz/cmp20_i_82/O[1]
                         net (fo=3, routed)           0.480     8.216    sector_xyz/cmp20_i_82_n_6
    SLICE_X16Y59         LUT3 (Prop_lut3_I1_O)        0.250     8.466 r  sector_xyz/cmp20_i_27/O
                         net (fo=1, routed)           0.522     8.988    sector_xyz/cmp20_i_27_n_0
    SLICE_X12Y61         CARRY4 (Prop_carry4_DI[0]_CO[3])
                                                      0.457     9.445 r  sector_xyz/cmp20_i_3/CO[3]
                         net (fo=1, routed)           0.000     9.445    sector_xyz/cmp20_i_3_n_0
    SLICE_X12Y62         CARRY4 (Prop_carry4_CI_CO[3])
                                                      0.100     9.545 r  sector_xyz/cmp20_i_2/CO[3]
                         net (fo=1, routed)           0.000     9.545    sector_xyz/cmp20_i_2_n_0
    SLICE_X12Y63         CARRY4 (Prop_carry4_CI_O[2])
                                                      0.199     9.744 r  sector_xyz/cmp20_i_1/O[2]
                         net (fo=13, routed)          0.642    10.386    sector_xyz/C[35]
    DSP48_X0Y24          DSP48E1 (Prop_dsp48e1_C[42]_P[2])
                                                      1.662    12.048 f  sector_xyz/cmp20/P[2]
                         net (fo=2, routed)           0.819    12.867    sector_xyz/cmp20_n_103
    SLICE_X8Y61          LUT2 (Prop_lut2_I0_O)        0.105    12.972 r  sector_xyz/pending_sector[2]_i_49/O
                         net (fo=1, routed)           0.000    12.972    sector_xyz/pending_sector[2]_i_49_n_0
    SLICE_X8Y61          CARRY4 (Prop_carry4_S[1]_CO[3])
                                                      0.444    13.416 r  sector_xyz/pending_sector_reg[2]_i_34/CO[3]
                         net (fo=1, routed)           0.000    13.416    sector_xyz/pending_sector_reg[2]_i_34_n_0
    SLICE_X8Y62          CARRY4 (Prop_carry4_CI_CO[3])
                                                      0.100    13.516 r  sector_xyz/pending_sector_reg[2]_i_25/CO[3]
                         net (fo=1, routed)           0.000    13.516    sector_xyz/pending_sector_reg[2]_i_25_n_0
    SLICE_X8Y63          CARRY4 (Prop_carry4_CI_CO[3])
                                                      0.100    13.616 r  sector_xyz/pending_sector_reg[2]_i_15/CO[3]
                         net (fo=1, routed)           0.000    13.616    sector_xyz/pending_sector_reg[2]_i_15_n_0
    SLICE_X8Y64          CARRY4 (Prop_carry4_CI_CO[3])
                                                      0.100    13.716 r  sector_xyz/pending_sector_reg[2]_i_9/CO[3]
                         net (fo=1, routed)           0.000    13.716    sector_xyz/pending_sector_reg[2]_i_9_n_0
    SLICE_X8Y65          CARRY4 (Prop_carry4_CI_CO[1])
                                                      0.131    13.847 r  sector_xyz/pending_sector_reg[2]_i_4/CO[1]
                         net (fo=94, routed)          0.890    14.737    sector_xyz/xyz_sector[2]
    SLICE_X15Y62         MUXF7 (Prop_muxf7_S_O)       0.399    15.136 r  sector_xyz/divider_a_numerator_reg[35]_i_2/O
                         net (fo=8, routed)           0.735    15.871    sector_xyz/selected_a_w[3]
    SLICE_X12Y66         LUT2 (Prop_lut2_I1_O)        0.252    16.123 r  sector_xyz/b_negative_i_502/O
                         net (fo=1, routed)           0.000    16.123    sector_xyz/b_negative_i_502_n_0
    SLICE_X12Y66         CARRY4 (Prop_carry4_S[1]_CO[3])
                                                      0.444    16.567 r  sector_xyz/b_negative_reg_i_415/CO[3]
                         net (fo=1, routed)           0.000    16.567    sector_xyz/b_negative_reg_i_415_n_0
    SLICE_X12Y67         CARRY4 (Prop_carry4_CI_CO[3])
                                                      0.100    16.667 r  sector_xyz/b_negative_reg_i_325/CO[3]
                         net (fo=1, routed)           0.000    16.667    sector_xyz/b_negative_reg_i_325_n_0
    SLICE_X12Y68         CARRY4 (Prop_carry4_CI_CO[3])
                                                      0.100    16.767 r  sector_xyz/b_negative_reg_i_233/CO[3]
                         net (fo=1, routed)           0.000    16.767    sector_xyz/b_negative_reg_i_233_n_0
    SLICE_X12Y69         CARRY4 (Prop_carry4_CI_CO[3])
                                                      0.100    16.867 r  sector_xyz/b_negative_reg_i_140/CO[3]
                         net (fo=1, routed)           0.000    16.867    sector_xyz/b_negative_reg_i_140_n_0
    SLICE_X12Y70         CARRY4 (Prop_carry4_CI_CO[3])
                                                      0.100    16.967 r  sector_xyz/b_negative_reg_i_41/CO[3]
                         net (fo=1, routed)           0.000    16.967    sector_xyz/b_negative_reg_i_41_n_0
    SLICE_X12Y71         CARRY4 (Prop_carry4_CI_CO[0])
                                                      0.207    17.174 r  sector_xyz/b_negative_reg_i_17/CO[0]
                         net (fo=1, routed)           0.438    17.612    sector_xyz/b_negative_reg_i_17_n_3
    SLICE_X12Y72         LUT4 (Prop_lut4_I3_O)        0.297    17.909 f  sector_xyz/b_negative_i_5/O
                         net (fo=5, routed)           0.159    18.068    sector_xyz/b_negative_i_5_n_0
    SLICE_X12Y72         LUT6 (Prop_lut6_I3_O)        0.105    18.173 r  sector_xyz/divider_a_numerator[32]_i_2_comp_2/O
                         net (fo=121, routed)         0.808    18.981    sector_xyz/xyz_range_ok
    SLICE_X12Y76         LUT2 (Prop_lut2_I0_O)        0.126    19.107 r  sector_xyz/divider_denominator[3]_i_5/O
                         net (fo=1, routed)           0.000    19.107    sector_xyz/divider_denominator[3]_i_5_n_0
    SLICE_X12Y76         CARRY4 (Prop_carry4_DI[1]_CO[3])
                                                      0.375    19.482 r  sector_xyz/divider_denominator_reg[3]_i_2/CO[3]
                         net (fo=1, routed)           0.000    19.482    sector_xyz/divider_denominator_reg[3]_i_2_n_0
    SLICE_X12Y77         CARRY4 (Prop_carry4_CI_CO[3])
                                                      0.100    19.582 r  sector_xyz/divider_denominator_reg[7]_i_2/CO[3]
                         net (fo=1, routed)           0.000    19.582    sector_xyz/divider_denominator_reg[7]_i_2_n_0
    SLICE_X12Y78         CARRY4 (Prop_carry4_CI_CO[3])
                                                      0.100    19.682 r  sector_xyz/divider_denominator_reg[11]_i_2/CO[3]
                         net (fo=1, routed)           0.000    19.682    sector_xyz/divider_denominator_reg[11]_i_2_n_0
    SLICE_X12Y79         CARRY4 (Prop_carry4_CI_CO[3])
                                                      0.100    19.782 r  sector_xyz/divider_denominator_reg[15]_i_2/CO[3]
                         net (fo=1, routed)           0.000    19.782    sector_xyz/divider_denominator_reg[15]_i_2_n_0
    SLICE_X12Y80         CARRY4 (Prop_carry4_CI_CO[3])
                                                      0.100    19.882 r  sector_xyz/divider_denominator_reg[19]_i_2/CO[3]
                         net (fo=1, routed)           0.000    19.882    sector_xyz/divider_denominator_reg[19]_i_2_n_0
    SLICE_X12Y81         CARRY4 (Prop_carry4_CI_CO[3])
                                                      0.100    19.982 r  sector_xyz/divider_denominator_reg[23]_i_2/CO[3]
                         net (fo=1, routed)           0.000    19.982    sector_xyz/divider_denominator_reg[23]_i_2_n_0
    SLICE_X12Y82         CARRY4 (Prop_carry4_CI_CO[3])
                                                      0.100    20.082 r  sector_xyz/divider_denominator_reg[27]_i_2/CO[3]
                         net (fo=1, routed)           0.000    20.082    sector_xyz/divider_denominator_reg[27]_i_2_n_0
    SLICE_X12Y83         CARRY4 (Prop_carry4_CI_CO[3])
                                                      0.100    20.182 r  sector_xyz/divider_denominator_reg[31]_i_2/CO[3]
                         net (fo=1, routed)           0.000    20.182    sector_xyz/divider_denominator_reg[31]_i_2_n_0
    SLICE_X12Y84         CARRY4 (Prop_carry4_CI_CO[3])
                                                      0.100    20.282 r  sector_xyz/divider_denominator_reg[35]_i_2/CO[3]
                         net (fo=1, routed)           0.000    20.282    sector_xyz/divider_denominator_reg[35]_i_2_n_0
    SLICE_X12Y85         CARRY4 (Prop_carry4_CI_CO[3])
                                                      0.100    20.382 r  sector_xyz/divider_denominator_reg[39]_i_2/CO[3]
                         net (fo=1, routed)           0.000    20.382    sector_xyz/divider_denominator_reg[39]_i_2_n_0
    SLICE_X12Y86         CARRY4 (Prop_carry4_CI_CO[0])
                                                      0.207    20.589 r  sector_xyz/divider_denominator_reg[40]_i_5/CO[0]
                         net (fo=140, routed)         0.746    21.335    sector_xyz/divider_denominator_reg[40]_i_5_n_3
    SLICE_X14Y84         LUT3 (Prop_lut3_I0_O)        0.297    21.632 r  sector_xyz/divider_denominator[40]_i_190/O
                         net (fo=1, routed)           0.000    21.632    sector_xyz/divider_denominator[40]_i_190_n_0
    SLICE_X14Y84         CARRY4 (Prop_carry4_S[1]_CO[3])
                                                      0.444    22.076 r  sector_xyz/divider_denominator_reg[40]_i_150/CO[3]
                         net (fo=1, routed)           0.000    22.076    sector_xyz/divider_denominator_reg[40]_i_150_n_0
    SLICE_X14Y85         CARRY4 (Prop_carry4_CI_CO[3])
                                                      0.100    22.176 r  sector_xyz/divider_denominator_reg[40]_i_117/CO[3]
                         net (fo=1, routed)           0.000    22.176    sector_xyz/divider_denominator_reg[40]_i_117_n_0
    SLICE_X14Y86         CARRY4 (Prop_carry4_CI_CO[3])
                                                      0.100    22.276 r  sector_xyz/divider_denominator_reg[40]_i_84/CO[3]
                         net (fo=1, routed)           0.000    22.276    sector_xyz/divider_denominator_reg[40]_i_84_n_0
    SLICE_X14Y87         CARRY4 (Prop_carry4_CI_CO[3])
                                                      0.100    22.376 r  sector_xyz/divider_denominator_reg[40]_i_49/CO[3]
                         net (fo=1, routed)           0.000    22.376    sector_xyz/divider_denominator_reg[40]_i_49_n_0
    SLICE_X14Y88         CARRY4 (Prop_carry4_CI_CO[3])
                                                      0.100    22.476 r  sector_xyz/divider_denominator_reg[40]_i_25/CO[3]
                         net (fo=1, routed)           0.000    22.476    sector_xyz/divider_denominator_reg[40]_i_25_n_0
    SLICE_X14Y89         CARRY4 (Prop_carry4_CI_CO[3])
                                                      0.100    22.576 r  sector_xyz/divider_denominator_reg[40]_i_10/CO[3]
                         net (fo=1, routed)           0.000    22.576    sector_xyz/divider_denominator_reg[40]_i_10_n_0
    SLICE_X14Y90         CARRY4 (Prop_carry4_CI_CO[2])
                                                      0.191    22.767 f  sector_xyz/divider_denominator_reg[40]_i_6/CO[2]
                         net (fo=146, routed)         0.919    23.686    sector_xyz/selected_overmodulated
    SLICE_X14Y78         LUT3 (Prop_lut3_I2_O)        0.252    23.938 r  sector_xyz/divider_denominator[40]_i_313/O
                         net (fo=1, routed)           0.144    24.082    sector_xyz/divider_denominator[40]_i_313_n_0
    SLICE_X15Y78         CARRY4 (Prop_carry4_CYINIT_CO[3])
                                                      0.480    24.562 r  sector_xyz/divider_denominator_reg[40]_i_308/CO[3]
                         net (fo=1, routed)           0.000    24.562    sector_xyz/divider_denominator_reg[40]_i_308_n_0
    SLICE_X15Y79         CARRY4 (Prop_carry4_CI_CO[3])
                                                      0.098    24.660 r  sector_xyz/divider_denominator_reg[40]_i_294/CO[3]
                         net (fo=1, routed)           0.000    24.660    sector_xyz/divider_denominator_reg[40]_i_294_n_0
    SLICE_X15Y80         CARRY4 (Prop_carry4_CI_CO[3])
                                                      0.098    24.758 r  sector_xyz/divider_denominator_reg[40]_i_280/CO[3]
                         net (fo=1, routed)           0.000    24.758    sector_xyz/divider_denominator_reg[40]_i_280_n_0
    SLICE_X15Y81         CARRY4 (Prop_carry4_CI_CO[3])
                                                      0.098    24.856 r  sector_xyz/divider_denominator_reg[40]_i_266/CO[3]
                         net (fo=1, routed)           0.000    24.856    sector_xyz/divider_denominator_reg[40]_i_266_n_0
    SLICE_X15Y82         CARRY4 (Prop_carry4_CI_CO[3])
                                                      0.098    24.954 r  sector_xyz/divider_denominator_reg[40]_i_235/CO[3]
                         net (fo=1, routed)           0.000    24.954    sector_xyz/divider_denominator_reg[40]_i_235_n_0
    SLICE_X15Y83         CARRY4 (Prop_carry4_CI_CO[3])
                                                      0.098    25.052 r  sector_xyz/divider_denominator_reg[40]_i_202/CO[3]
                         net (fo=1, routed)           0.000    25.052    sector_xyz/divider_denominator_reg[40]_i_202_n_0
    SLICE_X15Y84         CARRY4 (Prop_carry4_CI_CO[3])
                                                      0.098    25.150 r  sector_xyz/divider_denominator_reg[40]_i_169/CO[3]
                         net (fo=1, routed)           0.000    25.150    sector_xyz/divider_denominator_reg[40]_i_169_n_0
    SLICE_X15Y85         CARRY4 (Prop_carry4_CI_CO[3])
                                                      0.098    25.248 r  sector_xyz/divider_denominator_reg[40]_i_136/CO[3]
                         net (fo=1, routed)           0.000    25.248    sector_xyz/divider_denominator_reg[40]_i_136_n_0
    SLICE_X15Y86         CARRY4 (Prop_carry4_CI_CO[3])
                                                      0.098    25.346 r  sector_xyz/divider_denominator_reg[40]_i_103/CO[3]
                         net (fo=1, routed)           0.000    25.346    sector_xyz/divider_denominator_reg[40]_i_103_n_0
    SLICE_X15Y87         CARRY4 (Prop_carry4_CI_CO[3])
                                                      0.098    25.444 r  sector_xyz/divider_denominator_reg[40]_i_70/CO[3]
                         net (fo=1, routed)           0.000    25.444    sector_xyz/divider_denominator_reg[40]_i_70_n_0
    SLICE_X15Y88         CARRY4 (Prop_carry4_CI_CO[3])
                                                      0.098    25.542 r  sector_xyz/divider_denominator_reg[40]_i_37/CO[3]
                         net (fo=1, routed)           0.000    25.542    sector_xyz/divider_denominator_reg[40]_i_37_n_0
    SLICE_X15Y89         CARRY4 (Prop_carry4_CI_CO[2])
                                                      0.190    25.732 f  sector_xyz/divider_denominator_reg[40]_i_23/CO[2]
                         net (fo=3, routed)           0.565    26.297    sector_xyz/divider_input_valid212_in
    SLICE_X18Y92         LUT6 (Prop_lut6_I4_O)        0.261    26.558 r  sector_xyz/divider_denominator[40]_i_1_comp_1/O
                         net (fo=124, routed)         0.638    27.196    sector_xyz_n_136
    SLICE_X14Y95         FDCE                                         r  divider_b_numerator_reg[44]/CE
  -------------------------------------------------------------------    -------------------

                         (clock sys_clk rise edge)   20.000    20.000 r  <hidden>
    U20                                               0.000    20.000 r  clk
                         net (fo=0)                   0.000    20.000    clk
    U20                  IBUF (Prop_ibuf_I_O)         0.794    20.794 r  clk_IBUF_inst/O
                         net (fo=1, routed)           1.734    22.528    clk_IBUF
    BUFGCTRL_X0Y0        BUFG (Prop_bufg_I_O)         0.077    22.605 r  clk_IBUF_BUFG_inst/O
                         net (fo=1452, routed)        1.528    24.133    clk_IBUF_BUFG
    SLICE_X14Y95         FDCE                                         r  divider_b_numerator_reg[44]/C
                         clock pessimism              0.301    24.434    <hidden>
                         clock uncertainty           -0.035    24.398    <hidden>
    SLICE_X14Y95         FDCE (Setup_fdce_C_CE)      -0.136    24.262    divider_b_numerator_reg[44]
  -------------------------------------------------------------------
                         required time                         24.262    <hidden>
                         arrival time                         -27.196    <hidden>
  -------------------------------------------------------------------
                         slack                                 -2.934    <hidden>





Min Delay Paths
--------------------------------------------------------------------------------------
Slack (MET) :             0.116ns  (arrival time - required time)
  Source:                 divider_t1/quotient_reg[63]/C
                            (rising edge-triggered cell FDCE clocked by sys_clk  {rise@0.000ns fall@10.000ns period=20.000ns})
  Destination:            captured_quotient_a_reg[63]/D
                            (rising edge-triggered cell FDCE clocked by sys_clk  {rise@0.000ns fall@10.000ns period=20.000ns})
  Path Group:             sys_clk
  Path Type:              Hold (Min at Fast Process Corner)
  Requirement:            0.000ns  (sys_clk rise@0.000ns - sys_clk rise@0.000ns)
  Data Path Delay:        0.586ns  (logic 0.244ns (41.622%)  route 0.342ns (58.378%))
  Logic Levels:           1  (LUT2=1)
  Clock Path Skew:        0.339ns (DCD - SCD - CPR)
    Destination Clock Delay (DCD):    2.158ns
    Source Clock Delay      (SCD):    1.562ns
    Clock Pessimism Removal (CPR):    0.257ns

    Location             Delay type                Incr(ns)  Path(ns)    Netlist Resource(s)
  -------------------------------------------------------------------    -------------------
                         (clock sys_clk rise edge)    0.000     0.000 r  <hidden>
    U20                                               0.000     0.000 r  clk
                         net (fo=0)                   0.000     0.000    clk
    U20                  IBUF (Prop_ibuf_I_O)         0.221     0.221 r  clk_IBUF_inst/O
                         net (fo=1, routed)           0.690     0.912    clk_IBUF
    BUFGCTRL_X0Y0        BUFG (Prop_bufg_I_O)         0.026     0.938 r  clk_IBUF_BUFG_inst/O
                         net (fo=1452, routed)        0.625     1.562    divider_t1/clk_IBUF_BUFG
    SLICE_X20Y100        FDCE                                         r  divider_t1/quotient_reg[63]/C
  -------------------------------------------------------------------    -------------------
    SLICE_X20Y100        FDCE (Prop_fdce_C_Q)         0.148     1.710 r  divider_t1/quotient_reg[63]/Q
                         net (fo=1, routed)           0.342     2.052    divider_t1/divider_a_quotient[63]
    SLICE_X20Y98         LUT2 (Prop_lut2_I1_O)        0.096     2.148 r  divider_t1/captured_quotient_a[63]_i_1/O
                         net (fo=1, routed)           0.000     2.148    divider_t1_n_52
    SLICE_X20Y98         FDCE                                         r  captured_quotient_a_reg[63]/D
  -------------------------------------------------------------------    -------------------

                         (clock sys_clk rise edge)    0.000     0.000 r  <hidden>
    U20                                               0.000     0.000 r  clk
                         net (fo=0)                   0.000     0.000    clk
    U20                  IBUF (Prop_ibuf_I_O)         0.411     0.411 r  clk_IBUF_inst/O
                         net (fo=1, routed)           0.750     1.160    clk_IBUF
    BUFGCTRL_X0Y0        BUFG (Prop_bufg_I_O)         0.029     1.189 r  clk_IBUF_BUFG_inst/O
                         net (fo=1452, routed)        0.969     2.158    clk_IBUF_BUFG
    SLICE_X20Y98         FDCE                                         r  captured_quotient_a_reg[63]/C
                         clock pessimism             -0.257     1.901    <hidden>
    SLICE_X20Y98         FDCE (Hold_fdce_C_D)         0.131     2.032    captured_quotient_a_reg[63]
  -------------------------------------------------------------------
                         required time                         -2.032    <hidden>
                         arrival time                           2.148    <hidden>
  -------------------------------------------------------------------
                         slack                                  0.116    <hidden>

Slack (MET) :             0.134ns  (arrival time - required time)
  Source:                 divider_t2/work_input_reg[69]/C
                            (rising edge-triggered cell FDCE clocked by sys_clk  {rise@0.000ns fall@10.000ns period=20.000ns})
  Destination:            divider_t2/work_input_reg[70]/D
                            (rising edge-triggered cell FDCE clocked by sys_clk  {rise@0.000ns fall@10.000ns period=20.000ns})
  Path Group:             sys_clk
  Path Type:              Hold (Min at Fast Process Corner)
  Requirement:            0.000ns  (sys_clk rise@0.000ns - sys_clk rise@0.000ns)
  Data Path Delay:        0.593ns  (logic 0.226ns (38.136%)  route 0.367ns (61.864%))
  Logic Levels:           1  (LUT3=1)
  Clock Path Skew:        0.339ns (DCD - SCD - CPR)
    Destination Clock Delay (DCD):    2.159ns
    Source Clock Delay      (SCD):    1.563ns
    Clock Pessimism Removal (CPR):    0.257ns

    Location             Delay type                Incr(ns)  Path(ns)    Netlist Resource(s)
  -------------------------------------------------------------------    -------------------
                         (clock sys_clk rise edge)    0.000     0.000 r  <hidden>
    U20                                               0.000     0.000 r  clk
                         net (fo=0)                   0.000     0.000    clk
    U20                  IBUF (Prop_ibuf_I_O)         0.221     0.221 r  clk_IBUF_inst/O
                         net (fo=1, routed)           0.690     0.912    clk_IBUF
    BUFGCTRL_X0Y0        BUFG (Prop_bufg_I_O)         0.026     0.938 r  clk_IBUF_BUFG_inst/O
                         net (fo=1452, routed)        0.626     1.563    divider_t2/clk_IBUF_BUFG
    SLICE_X17Y100        FDCE                                         r  divider_t2/work_input_reg[69]/C
  -------------------------------------------------------------------    -------------------
    SLICE_X17Y100        FDCE (Prop_fdce_C_Q)         0.128     1.691 r  divider_t2/work_input_reg[69]/Q
                         net (fo=1, routed)           0.367     2.058    divider_t2/work_input__0[69]
    SLICE_X18Y98         LUT3 (Prop_lut3_I0_O)        0.098     2.156 r  divider_t2/work_input[70]_i_1__0/O
                         net (fo=1, routed)           0.000     2.156    divider_t2/work_input[70]_i_1__0_n_0
    SLICE_X18Y98         FDCE                                         r  divider_t2/work_input_reg[70]/D
  -------------------------------------------------------------------    -------------------

                         (clock sys_clk rise edge)    0.000     0.000 r  <hidden>
    U20                                               0.000     0.000 r  clk
                         net (fo=0)                   0.000     0.000    clk
    U20                  IBUF (Prop_ibuf_I_O)         0.411     0.411 r  clk_IBUF_inst/O
                         net (fo=1, routed)           0.750     1.160    clk_IBUF
    BUFGCTRL_X0Y0        BUFG (Prop_bufg_I_O)         0.029     1.189 r  clk_IBUF_BUFG_inst/O
                         net (fo=1452, routed)        0.970     2.159    divider_t2/clk_IBUF_BUFG
    SLICE_X18Y98         FDCE                                         r  divider_t2/work_input_reg[70]/C
                         clock pessimism             -0.257     1.902    <hidden>
    SLICE_X18Y98         FDCE (Hold_fdce_C_D)         0.120     2.022    divider_t2/work_input_reg[70]
  -------------------------------------------------------------------
                         required time                         -2.022    <hidden>
                         arrival time                           2.156    <hidden>
  -------------------------------------------------------------------
                         slack                                  0.134    <hidden>

Slack (MET) :             0.137ns  (arrival time - required time)
  Source:                 divider_t1/count_reg[4]/C
                            (rising edge-triggered cell FDCE clocked by sys_clk  {rise@0.000ns fall@10.000ns period=20.000ns})
  Destination:            divider_t1/count_reg[5]/D
                            (rising edge-triggered cell FDCE clocked by sys_clk  {rise@0.000ns fall@10.000ns period=20.000ns})
  Path Group:             sys_clk
  Path Type:              Hold (Min at Fast Process Corner)
  Requirement:            0.000ns  (sys_clk rise@0.000ns - sys_clk rise@0.000ns)
  Data Path Delay:        0.271ns  (logic 0.186ns (68.689%)  route 0.085ns (31.311%))
  Logic Levels:           1  (LUT5=1)
  Clock Path Skew:        0.013ns (DCD - SCD - CPR)
    Destination Clock Delay (DCD):    2.085ns
    Source Clock Delay      (SCD):    1.560ns
    Clock Pessimism Removal (CPR):    0.512ns

    Location             Delay type                Incr(ns)  Path(ns)    Netlist Resource(s)
  -------------------------------------------------------------------    -------------------
                         (clock sys_clk rise edge)    0.000     0.000 r  <hidden>
    U20                                               0.000     0.000 r  clk
                         net (fo=0)                   0.000     0.000    clk
    U20                  IBUF (Prop_ibuf_I_O)         0.221     0.221 r  clk_IBUF_inst/O
                         net (fo=1, routed)           0.690     0.912    clk_IBUF
    BUFGCTRL_X0Y0        BUFG (Prop_bufg_I_O)         0.026     0.938 r  clk_IBUF_BUFG_inst/O
                         net (fo=1452, routed)        0.623     1.560    divider_t1/clk_IBUF_BUFG
    SLICE_X17Y110        FDCE                                         r  divider_t1/count_reg[4]/C
  -------------------------------------------------------------------    -------------------
    SLICE_X17Y110        FDCE (Prop_fdce_C_Q)         0.141     1.701 r  divider_t1/count_reg[4]/Q
                         net (fo=4, routed)           0.085     1.786    divider_t1/count_reg[4]
    SLICE_X16Y110        LUT5 (Prop_lut5_I1_O)        0.045     1.831 r  divider_t1/count[5]_i_1/O
                         net (fo=1, routed)           0.000     1.831    divider_t1/p_0_in__0[5]
    SLICE_X16Y110        FDCE                                         r  divider_t1/count_reg[5]/D
  -------------------------------------------------------------------    -------------------

                         (clock sys_clk rise edge)    0.000     0.000 r  <hidden>
    U20                                               0.000     0.000 r  clk
                         net (fo=0)                   0.000     0.000    clk
    U20                  IBUF (Prop_ibuf_I_O)         0.411     0.411 r  clk_IBUF_inst/O
                         net (fo=1, routed)           0.750     1.160    clk_IBUF
    BUFGCTRL_X0Y0        BUFG (Prop_bufg_I_O)         0.029     1.189 r  clk_IBUF_BUFG_inst/O
                         net (fo=1452, routed)        0.896     2.085    divider_t1/clk_IBUF_BUFG
    SLICE_X16Y110        FDCE                                         r  divider_t1/count_reg[5]/C
                         clock pessimism             -0.512     1.573    <hidden>
    SLICE_X16Y110        FDCE (Hold_fdce_C_D)         0.121     1.694    divider_t1/count_reg[5]
  -------------------------------------------------------------------
                         required time                         -1.694    <hidden>
                         arrival time                           1.831    <hidden>
  -------------------------------------------------------------------
                         slack                                  0.137    <hidden>

Slack (MET) :             0.137ns  (arrival time - required time)
  Source:                 divider_t1/work_result_reg[64]/C
                            (rising edge-triggered cell FDCE clocked by sys_clk  {rise@0.000ns fall@10.000ns period=20.000ns})
  Destination:            divider_t1/quotient_reg[65]/D
                            (rising edge-triggered cell FDCE clocked by sys_clk  {rise@0.000ns fall@10.000ns period=20.000ns})
  Path Group:             sys_clk
  Path Type:              Hold (Min at Fast Process Corner)
  Requirement:            0.000ns  (sys_clk rise@0.000ns - sys_clk rise@0.000ns)
  Data Path Delay:        0.581ns  (logic 0.224ns (38.542%)  route 0.357ns (61.458%))
  Logic Levels:           1  (LUT2=1)
  Clock Path Skew:        0.337ns (DCD - SCD - CPR)
    Destination Clock Delay (DCD):    2.156ns
    Source Clock Delay      (SCD):    1.562ns
    Clock Pessimism Removal (CPR):    0.257ns

    Location             Delay type                Incr(ns)  Path(ns)    Netlist Resource(s)
  -------------------------------------------------------------------    -------------------
                         (clock sys_clk rise edge)    0.000     0.000 r  <hidden>
    U20                                               0.000     0.000 r  clk
                         net (fo=0)                   0.000     0.000    clk
    U20                  IBUF (Prop_ibuf_I_O)         0.221     0.221 r  clk_IBUF_inst/O
                         net (fo=1, routed)           0.690     0.912    clk_IBUF
    BUFGCTRL_X0Y0        BUFG (Prop_bufg_I_O)         0.026     0.938 r  clk_IBUF_BUFG_inst/O
                         net (fo=1452, routed)        0.625     1.562    divider_t1/clk_IBUF_BUFG
    SLICE_X23Y100        FDCE                                         r  divider_t1/work_result_reg[64]/C
  -------------------------------------------------------------------    -------------------
    SLICE_X23Y100        FDCE (Prop_fdce_C_Q)         0.128     1.690 r  divider_t1/work_result_reg[64]/Q
                         net (fo=2, routed)           0.357     2.047    divider_t1/work_result[64]
    SLICE_X23Y98         LUT2 (Prop_lut2_I0_O)        0.096     2.143 r  divider_t1/quotient[65]_i_1/O
                         net (fo=1, routed)           0.000     2.143    divider_t1/quotient[65]_i_1_n_0
    SLICE_X23Y98         FDCE                                         r  divider_t1/quotient_reg[65]/D
  -------------------------------------------------------------------    -------------------

                         (clock sys_clk rise edge)    0.000     0.000 r  <hidden>
    U20                                               0.000     0.000 r  clk
                         net (fo=0)                   0.000     0.000    clk
    U20                  IBUF (Prop_ibuf_I_O)         0.411     0.411 r  clk_IBUF_inst/O
                         net (fo=1, routed)           0.750     1.160    clk_IBUF
    BUFGCTRL_X0Y0        BUFG (Prop_bufg_I_O)         0.029     1.189 r  clk_IBUF_BUFG_inst/O
                         net (fo=1452, routed)        0.967     2.156    divider_t1/clk_IBUF_BUFG
    SLICE_X23Y98         FDCE                                         r  divider_t1/quotient_reg[65]/C
                         clock pessimism             -0.257     1.899    <hidden>
    SLICE_X23Y98         FDCE (Hold_fdce_C_D)         0.107     2.006    divider_t1/quotient_reg[65]
  -------------------------------------------------------------------
                         required time                         -2.006    <hidden>
                         arrival time                           2.143    <hidden>
  -------------------------------------------------------------------
                         slack                                  0.137    <hidden>

Slack (MET) :             0.140ns  (arrival time - required time)
  Source:                 divider_t1/count_reg[4]/C
                            (rising edge-triggered cell FDCE clocked by sys_clk  {rise@0.000ns fall@10.000ns period=20.000ns})
  Destination:            divider_t1/count_reg[6]/D
                            (rising edge-triggered cell FDCE clocked by sys_clk  {rise@0.000ns fall@10.000ns period=20.000ns})
  Path Group:             sys_clk
  Path Type:              Hold (Min at Fast Process Corner)
  Requirement:            0.000ns  (sys_clk rise@0.000ns - sys_clk rise@0.000ns)
  Data Path Delay:        0.273ns  (logic 0.186ns (68.185%)  route 0.087ns (31.815%))
  Logic Levels:           1  (LUT6=1)
  Clock Path Skew:        0.013ns (DCD - SCD - CPR)
    Destination Clock Delay (DCD):    2.085ns
    Source Clock Delay      (SCD):    1.560ns
    Clock Pessimism Removal (CPR):    0.512ns

    Location             Delay type                Incr(ns)  Path(ns)    Netlist Resource(s)
  -------------------------------------------------------------------    -------------------
                         (clock sys_clk rise edge)    0.000     0.000 r  <hidden>
    U20                                               0.000     0.000 r  clk
                         net (fo=0)                   0.000     0.000    clk
    U20                  IBUF (Prop_ibuf_I_O)         0.221     0.221 r  clk_IBUF_inst/O
                         net (fo=1, routed)           0.690     0.912    clk_IBUF
    BUFGCTRL_X0Y0        BUFG (Prop_bufg_I_O)         0.026     0.938 r  clk_IBUF_BUFG_inst/O
                         net (fo=1452, routed)        0.623     1.560    divider_t1/clk_IBUF_BUFG
    SLICE_X17Y110        FDCE                                         r  divider_t1/count_reg[4]/C
  -------------------------------------------------------------------    -------------------
    SLICE_X17Y110        FDCE (Prop_fdce_C_Q)         0.141     1.701 r  divider_t1/count_reg[4]/Q
                         net (fo=4, routed)           0.087     1.788    divider_t1/count_reg[4]
    SLICE_X16Y110        LUT6 (Prop_lut6_I2_O)        0.045     1.833 r  divider_t1/count[6]_i_2/O
                         net (fo=1, routed)           0.000     1.833    divider_t1/count[6]_i_2_n_0
    SLICE_X16Y110        FDCE                                         r  divider_t1/count_reg[6]/D
  -------------------------------------------------------------------    -------------------

                         (clock sys_clk rise edge)    0.000     0.000 r  <hidden>
    U20                                               0.000     0.000 r  clk
                         net (fo=0)                   0.000     0.000    clk
    U20                  IBUF (Prop_ibuf_I_O)         0.411     0.411 r  clk_IBUF_inst/O
                         net (fo=1, routed)           0.750     1.160    clk_IBUF
    BUFGCTRL_X0Y0        BUFG (Prop_bufg_I_O)         0.029     1.189 r  clk_IBUF_BUFG_inst/O
                         net (fo=1452, routed)        0.896     2.085    divider_t1/clk_IBUF_BUFG
    SLICE_X16Y110        FDCE                                         r  divider_t1/count_reg[6]/C
                         clock pessimism             -0.512     1.573    <hidden>
    SLICE_X16Y110        FDCE (Hold_fdce_C_D)         0.120     1.693    divider_t1/count_reg[6]
  -------------------------------------------------------------------
                         required time                         -1.693    <hidden>
                         arrival time                           1.833    <hidden>
  -------------------------------------------------------------------
                         slack                                  0.140    <hidden>

Slack (MET) :             0.150ns  (arrival time - required time)
  Source:                 divider_t1/work_result_reg[59]/C
                            (rising edge-triggered cell FDCE clocked by sys_clk  {rise@0.000ns fall@10.000ns period=20.000ns})
  Destination:            divider_t1/quotient_reg[60]/D
                            (rising edge-triggered cell FDCE clocked by sys_clk  {rise@0.000ns fall@10.000ns period=20.000ns})
  Path Group:             sys_clk
  Path Type:              Hold (Min at Fast Process Corner)
  Requirement:            0.000ns  (sys_clk rise@0.000ns - sys_clk rise@0.000ns)
  Data Path Delay:        0.283ns  (logic 0.186ns (65.749%)  route 0.097ns (34.251%))
  Logic Levels:           1  (LUT2=1)
  Clock Path Skew:        0.013ns (DCD - SCD - CPR)
    Destination Clock Delay (DCD):    2.086ns
    Source Clock Delay      (SCD):    1.562ns
    Clock Pessimism Removal (CPR):    0.511ns

    Location             Delay type                Incr(ns)  Path(ns)    Netlist Resource(s)
  -------------------------------------------------------------------    -------------------
                         (clock sys_clk rise edge)    0.000     0.000 r  <hidden>
    U20                                               0.000     0.000 r  clk
                         net (fo=0)                   0.000     0.000    clk
    U20                  IBUF (Prop_ibuf_I_O)         0.221     0.221 r  clk_IBUF_inst/O
                         net (fo=1, routed)           0.690     0.912    clk_IBUF
    BUFGCTRL_X0Y0        BUFG (Prop_bufg_I_O)         0.026     0.938 r  clk_IBUF_BUFG_inst/O
                         net (fo=1452, routed)        0.625     1.562    divider_t1/clk_IBUF_BUFG
    SLICE_X23Y101        FDCE                                         r  divider_t1/work_result_reg[59]/C
  -------------------------------------------------------------------    -------------------
    SLICE_X23Y101        FDCE (Prop_fdce_C_Q)         0.141     1.703 r  divider_t1/work_result_reg[59]/Q
                         net (fo=2, routed)           0.097     1.800    divider_t1/work_result[59]
    SLICE_X22Y101        LUT2 (Prop_lut2_I0_O)        0.045     1.845 r  divider_t1/quotient[60]_i_1/O
                         net (fo=1, routed)           0.000     1.845    divider_t1/quotient[60]_i_1_n_0
    SLICE_X22Y101        FDCE                                         r  divider_t1/quotient_reg[60]/D
  -------------------------------------------------------------------    -------------------

                         (clock sys_clk rise edge)    0.000     0.000 r  <hidden>
    U20                                               0.000     0.000 r  clk
                         net (fo=0)                   0.000     0.000    clk
    U20                  IBUF (Prop_ibuf_I_O)         0.411     0.411 r  clk_IBUF_inst/O
                         net (fo=1, routed)           0.750     1.160    clk_IBUF
    BUFGCTRL_X0Y0        BUFG (Prop_bufg_I_O)         0.029     1.189 r  clk_IBUF_BUFG_inst/O
                         net (fo=1452, routed)        0.897     2.086    divider_t1/clk_IBUF_BUFG
    SLICE_X22Y101        FDCE                                         r  divider_t1/quotient_reg[60]/C
                         clock pessimism             -0.511     1.575    <hidden>
    SLICE_X22Y101        FDCE (Hold_fdce_C_D)         0.120     1.695    divider_t1/quotient_reg[60]
  -------------------------------------------------------------------
                         required time                         -1.695    <hidden>
                         arrival time                           1.845    <hidden>
  -------------------------------------------------------------------
                         slack                                  0.150    <hidden>

Slack (MET) :             0.153ns  (arrival time - required time)
  Source:                 divider_t1/work_result_reg[69]/C
                            (rising edge-triggered cell FDCE clocked by sys_clk  {rise@0.000ns fall@10.000ns period=20.000ns})
  Destination:            divider_t1/quotient_reg[70]/D
                            (rising edge-triggered cell FDCE clocked by sys_clk  {rise@0.000ns fall@10.000ns period=20.000ns})
  Path Group:             sys_clk
  Path Type:              Hold (Min at Fast Process Corner)
  Requirement:            0.000ns  (sys_clk rise@0.000ns - sys_clk rise@0.000ns)
  Data Path Delay:        0.287ns  (logic 0.186ns (64.832%)  route 0.101ns (35.168%))
  Logic Levels:           1  (LUT2=1)
  Clock Path Skew:        0.013ns (DCD - SCD - CPR)
    Destination Clock Delay (DCD):    2.086ns
    Source Clock Delay      (SCD):    1.562ns
    Clock Pessimism Removal (CPR):    0.511ns

    Location             Delay type                Incr(ns)  Path(ns)    Netlist Resource(s)
  -------------------------------------------------------------------    -------------------
                         (clock sys_clk rise edge)    0.000     0.000 r  <hidden>
    U20                                               0.000     0.000 r  clk
                         net (fo=0)                   0.000     0.000    clk
    U20                  IBUF (Prop_ibuf_I_O)         0.221     0.221 r  clk_IBUF_inst/O
                         net (fo=1, routed)           0.690     0.912    clk_IBUF
    BUFGCTRL_X0Y0        BUFG (Prop_bufg_I_O)         0.026     0.938 r  clk_IBUF_BUFG_inst/O
                         net (fo=1452, routed)        0.625     1.562    divider_t1/clk_IBUF_BUFG
    SLICE_X21Y100        FDCE                                         r  divider_t1/work_result_reg[69]/C
  -------------------------------------------------------------------    -------------------
    SLICE_X21Y100        FDCE (Prop_fdce_C_Q)         0.141     1.703 r  divider_t1/work_result_reg[69]/Q
                         net (fo=2, routed)           0.101     1.804    divider_t1/work_result[69]
    SLICE_X20Y100        LUT2 (Prop_lut2_I0_O)        0.045     1.849 r  divider_t1/quotient[70]_i_1/O
                         net (fo=1, routed)           0.000     1.849    divider_t1/quotient[70]_i_1_n_0
    SLICE_X20Y100        FDCE                                         r  divider_t1/quotient_reg[70]/D
  -------------------------------------------------------------------    -------------------

                         (clock sys_clk rise edge)    0.000     0.000 r  <hidden>
    U20                                               0.000     0.000 r  clk
                         net (fo=0)                   0.000     0.000    clk
    U20                  IBUF (Prop_ibuf_I_O)         0.411     0.411 r  clk_IBUF_inst/O
                         net (fo=1, routed)           0.750     1.160    clk_IBUF
    BUFGCTRL_X0Y0        BUFG (Prop_bufg_I_O)         0.029     1.189 r  clk_IBUF_BUFG_inst/O
                         net (fo=1452, routed)        0.897     2.086    divider_t1/clk_IBUF_BUFG
    SLICE_X20Y100        FDCE                                         r  divider_t1/quotient_reg[70]/C
                         clock pessimism             -0.511     1.575    <hidden>
    SLICE_X20Y100        FDCE (Hold_fdce_C_D)         0.121     1.696    divider_t1/quotient_reg[70]
  -------------------------------------------------------------------
                         required time                         -1.696    <hidden>
                         arrival time                           1.849    <hidden>
  -------------------------------------------------------------------
                         slack                                  0.153    <hidden>

Slack (MET) :             0.155ns  (arrival time - required time)
  Source:                 divider_t2/work_input_reg[49]/C
                            (rising edge-triggered cell FDCE clocked by sys_clk  {rise@0.000ns fall@10.000ns period=20.000ns})
  Destination:            divider_t2/work_input_reg[50]/D
                            (rising edge-triggered cell FDCE clocked by sys_clk  {rise@0.000ns fall@10.000ns period=20.000ns})
  Path Group:             sys_clk
  Path Type:              Hold (Min at Fast Process Corner)
  Requirement:            0.000ns  (sys_clk rise@0.000ns - sys_clk rise@0.000ns)
  Data Path Delay:        0.611ns  (logic 0.247ns (40.421%)  route 0.364ns (59.579%))
  Logic Levels:           1  (LUT3=1)
  Clock Path Skew:        0.335ns (DCD - SCD - CPR)
    Destination Clock Delay (DCD):    2.157ns
    Source Clock Delay      (SCD):    1.565ns
    Clock Pessimism Removal (CPR):    0.257ns

    Location             Delay type                Incr(ns)  Path(ns)    Netlist Resource(s)
  -------------------------------------------------------------------    -------------------
                         (clock sys_clk rise edge)    0.000     0.000 r  <hidden>
    U20                                               0.000     0.000 r  clk
                         net (fo=0)                   0.000     0.000    clk
    U20                  IBUF (Prop_ibuf_I_O)         0.221     0.221 r  clk_IBUF_inst/O
                         net (fo=1, routed)           0.690     0.912    clk_IBUF
    BUFGCTRL_X0Y0        BUFG (Prop_bufg_I_O)         0.026     0.938 r  clk_IBUF_BUFG_inst/O
                         net (fo=1452, routed)        0.628     1.565    divider_t2/clk_IBUF_BUFG
    SLICE_X12Y102        FDCE                                         r  divider_t2/work_input_reg[49]/C
  -------------------------------------------------------------------    -------------------
    SLICE_X12Y102        FDCE (Prop_fdce_C_Q)         0.148     1.713 r  divider_t2/work_input_reg[49]/Q
                         net (fo=1, routed)           0.364     2.077    divider_t2/work_input__0[49]
    SLICE_X20Y94         LUT3 (Prop_lut3_I0_O)        0.099     2.176 r  divider_t2/work_input[50]_i_1__0/O
                         net (fo=1, routed)           0.000     2.176    divider_t2/work_input[50]_i_1__0_n_0
    SLICE_X20Y94         FDCE                                         r  divider_t2/work_input_reg[50]/D
  -------------------------------------------------------------------    -------------------

                         (clock sys_clk rise edge)    0.000     0.000 r  <hidden>
    U20                                               0.000     0.000 r  clk
                         net (fo=0)                   0.000     0.000    clk
    U20                  IBUF (Prop_ibuf_I_O)         0.411     0.411 r  clk_IBUF_inst/O
                         net (fo=1, routed)           0.750     1.160    clk_IBUF
    BUFGCTRL_X0Y0        BUFG (Prop_bufg_I_O)         0.029     1.189 r  clk_IBUF_BUFG_inst/O
                         net (fo=1452, routed)        0.968     2.157    divider_t2/clk_IBUF_BUFG
    SLICE_X20Y94         FDCE                                         r  divider_t2/work_input_reg[50]/C
                         clock pessimism             -0.257     1.900    <hidden>
    SLICE_X20Y94         FDCE (Hold_fdce_C_D)         0.121     2.021    divider_t2/work_input_reg[50]
  -------------------------------------------------------------------
                         required time                         -2.021    <hidden>
                         arrival time                           2.176    <hidden>
  -------------------------------------------------------------------
                         slack                                  0.155    <hidden>

Slack (MET) :             0.161ns  (arrival time - required time)
  Source:                 divider_t1/quotient_reg[1]/C
                            (rising edge-triggered cell FDCE clocked by sys_clk  {rise@0.000ns fall@10.000ns period=20.000ns})
  Destination:            captured_quotient_a_reg[1]/D
                            (rising edge-triggered cell FDCE clocked by sys_clk  {rise@0.000ns fall@10.000ns period=20.000ns})
  Path Group:             sys_clk
  Path Type:              Hold (Min at Fast Process Corner)
  Requirement:            0.000ns  (sys_clk rise@0.000ns - sys_clk rise@0.000ns)
  Data Path Delay:        0.281ns  (logic 0.189ns (67.153%)  route 0.092ns (32.847%))
  Logic Levels:           1  (LUT2=1)
  Clock Path Skew:        0.013ns (DCD - SCD - CPR)
    Destination Clock Delay (DCD):    2.139ns
    Source Clock Delay      (SCD):    1.614ns
    Clock Pessimism Removal (CPR):    0.512ns

    Location             Delay type                Incr(ns)  Path(ns)    Netlist Resource(s)
  -------------------------------------------------------------------    -------------------
                         (clock sys_clk rise edge)    0.000     0.000 r  <hidden>
    U20                                               0.000     0.000 r  clk
                         net (fo=0)                   0.000     0.000    clk
    U20                  IBUF (Prop_ibuf_I_O)         0.221     0.221 r  clk_IBUF_inst/O
                         net (fo=1, routed)           0.690     0.912    clk_IBUF
    BUFGCTRL_X0Y0        BUFG (Prop_bufg_I_O)         0.026     0.938 r  clk_IBUF_BUFG_inst/O
                         net (fo=1452, routed)        0.676     1.614    divider_t1/clk_IBUF_BUFG
    SLICE_X29Y71         FDCE                                         r  divider_t1/quotient_reg[1]/C
  -------------------------------------------------------------------    -------------------
    SLICE_X29Y71         FDCE (Prop_fdce_C_Q)         0.141     1.755 r  divider_t1/quotient_reg[1]/Q
                         net (fo=1, routed)           0.092     1.847    divider_t1/divider_a_quotient[1]
    SLICE_X28Y71         LUT2 (Prop_lut2_I1_O)        0.048     1.895 r  divider_t1/captured_quotient_a[1]_i_1/O
                         net (fo=1, routed)           0.000     1.895    divider_t1_n_114
    SLICE_X28Y71         FDCE                                         r  captured_quotient_a_reg[1]/D
  -------------------------------------------------------------------    -------------------

                         (clock sys_clk rise edge)    0.000     0.000 r  <hidden>
    U20                                               0.000     0.000 r  clk
                         net (fo=0)                   0.000     0.000    clk
    U20                  IBUF (Prop_ibuf_I_O)         0.411     0.411 r  clk_IBUF_inst/O
                         net (fo=1, routed)           0.750     1.160    clk_IBUF
    BUFGCTRL_X0Y0        BUFG (Prop_bufg_I_O)         0.029     1.189 r  clk_IBUF_BUFG_inst/O
                         net (fo=1452, routed)        0.950     2.139    clk_IBUF_BUFG
    SLICE_X28Y71         FDCE                                         r  captured_quotient_a_reg[1]/C
                         clock pessimism             -0.512     1.627    <hidden>
    SLICE_X28Y71         FDCE (Hold_fdce_C_D)         0.107     1.734    captured_quotient_a_reg[1]
  -------------------------------------------------------------------
                         required time                         -1.734    <hidden>
                         arrival time                           1.895    <hidden>
  -------------------------------------------------------------------
                         slack                                  0.161    <hidden>

Slack (MET) :             0.161ns  (arrival time - required time)
  Source:                 pending_duty_v_reg[1]/C
                            (rising edge-triggered cell FDCE clocked by sys_clk  {rise@0.000ns fall@10.000ns period=20.000ns})
  Destination:            duty_v_reg[1]/D
                            (rising edge-triggered cell FDCE clocked by sys_clk  {rise@0.000ns fall@10.000ns period=20.000ns})
  Path Group:             sys_clk
  Path Type:              Hold (Min at Fast Process Corner)
  Requirement:            0.000ns  (sys_clk rise@0.000ns - sys_clk rise@0.000ns)
  Data Path Delay:        0.281ns  (logic 0.189ns (67.153%)  route 0.092ns (32.847%))
  Logic Levels:           1  (LUT4=1)
  Clock Path Skew:        0.013ns (DCD - SCD - CPR)
    Destination Clock Delay (DCD):    2.182ns
    Source Clock Delay      (SCD):    1.656ns
    Clock Pessimism Removal (CPR):    0.513ns

    Location             Delay type                Incr(ns)  Path(ns)    Netlist Resource(s)
  -------------------------------------------------------------------    -------------------
                         (clock sys_clk rise edge)    0.000     0.000 r  <hidden>
    U20                                               0.000     0.000 r  clk
                         net (fo=0)                   0.000     0.000    clk
    U20                  IBUF (Prop_ibuf_I_O)         0.221     0.221 r  clk_IBUF_inst/O
                         net (fo=1, routed)           0.690     0.912    clk_IBUF
    BUFGCTRL_X0Y0        BUFG (Prop_bufg_I_O)         0.026     0.938 r  clk_IBUF_BUFG_inst/O
                         net (fo=1452, routed)        0.718     1.656    clk_IBUF_BUFG
    SLICE_X1Y66          FDCE                                         r  pending_duty_v_reg[1]/C
  -------------------------------------------------------------------    -------------------
    SLICE_X1Y66          FDCE (Prop_fdce_C_Q)         0.141     1.797 r  pending_duty_v_reg[1]/Q
                         net (fo=1, routed)           0.092     1.889    pending_duty_v[1]
    SLICE_X0Y66          LUT4 (Prop_lut4_I0_O)        0.048     1.937 r  duty_v[1]_i_1/O
                         net (fo=1, routed)           0.000     1.937    duty_v[1]_i_1_n_0
    SLICE_X0Y66          FDCE                                         r  duty_v_reg[1]/D
  -------------------------------------------------------------------    -------------------

                         (clock sys_clk rise edge)    0.000     0.000 r  <hidden>
    U20                                               0.000     0.000 r  clk
                         net (fo=0)                   0.000     0.000    clk
    U20                  IBUF (Prop_ibuf_I_O)         0.411     0.411 r  clk_IBUF_inst/O
                         net (fo=1, routed)           0.750     1.160    clk_IBUF
    BUFGCTRL_X0Y0        BUFG (Prop_bufg_I_O)         0.029     1.189 r  clk_IBUF_BUFG_inst/O
                         net (fo=1452, routed)        0.993     2.182    clk_IBUF_BUFG
    SLICE_X0Y66          FDCE                                         r  duty_v_reg[1]/C
                         clock pessimism             -0.513     1.669    <hidden>
    SLICE_X0Y66          FDCE (Hold_fdce_C_D)         0.107     1.776    duty_v_reg[1]
  -------------------------------------------------------------------
                         required time                         -1.776    <hidden>
                         arrival time                           1.937    <hidden>
  -------------------------------------------------------------------
                         slack                                  0.161    <hidden>





Pulse Width Checks
--------------------------------------------------------------------------------------
Clock Name:         sys_clk
Waveform(ns):       { 0.000 10.000 }
Period(ns):         20.000
Sources:            { clk }

Check Type        Corner  Lib Pin  Reference Pin  Required(ns)  Actual(ns)  Slack(ns)  Location       Pin
Min Period        n/a     BUFG/I   n/a            1.592         20.000      18.408     BUFGCTRL_X0Y0  clk_IBUF_BUFG_inst/I
Min Period        n/a     FDCE/C   n/a            1.000         20.000      19.000     SLICE_X15Y91   a_negative_reg/C
Min Period        n/a     FDCE/C   n/a            1.000         20.000      19.000     SLICE_X4Y101   age_reg[0]/C
Min Period        n/a     FDCE/C   n/a            1.000         20.000      19.000     SLICE_X4Y101   age_reg[1]/C
Min Period        n/a     FDCE/C   n/a            1.000         20.000      19.000     SLICE_X3Y100   age_reg[2]/C
Min Period        n/a     FDCE/C   n/a            1.000         20.000      19.000     SLICE_X3Y100   age_reg[3]/C
Min Period        n/a     FDCE/C   n/a            1.000         20.000      19.000     SLICE_X5Y100   age_reg[4]/C
Min Period        n/a     FDCE/C   n/a            1.000         20.000      19.000     SLICE_X4Y100   age_reg[5]/C
Min Period        n/a     FDCE/C   n/a            1.000         20.000      19.000     SLICE_X4Y100   age_reg[6]/C
Min Period        n/a     FDCE/C   n/a            1.000         20.000      19.000     SLICE_X18Y94   b_negative_reg/C
Low Pulse Width   Slow    FDCE/C   n/a            0.500         10.000      9.500      SLICE_X15Y91   a_negative_reg/C
Low Pulse Width   Fast    FDCE/C   n/a            0.500         10.000      9.500      SLICE_X15Y91   a_negative_reg/C
Low Pulse Width   Slow    FDCE/C   n/a            0.500         10.000      9.500      SLICE_X4Y101   age_reg[0]/C
Low Pulse Width   Fast    FDCE/C   n/a            0.500         10.000      9.500      SLICE_X4Y101   age_reg[0]/C
Low Pulse Width   Slow    FDCE/C   n/a            0.500         10.000      9.500      SLICE_X4Y101   age_reg[1]/C
Low Pulse Width   Fast    FDCE/C   n/a            0.500         10.000      9.500      SLICE_X4Y101   age_reg[1]/C
Low Pulse Width   Slow    FDCE/C   n/a            0.500         10.000      9.500      SLICE_X3Y100   age_reg[2]/C
Low Pulse Width   Fast    FDCE/C   n/a            0.500         10.000      9.500      SLICE_X3Y100   age_reg[2]/C
Low Pulse Width   Slow    FDCE/C   n/a            0.500         10.000      9.500      SLICE_X3Y100   age_reg[3]/C
Low Pulse Width   Fast    FDCE/C   n/a            0.500         10.000      9.500      SLICE_X3Y100   age_reg[3]/C
High Pulse Width  Slow    FDCE/C   n/a            0.500         10.000      9.500      SLICE_X15Y91   a_negative_reg/C
High Pulse Width  Fast    FDCE/C   n/a            0.500         10.000      9.500      SLICE_X15Y91   a_negative_reg/C
High Pulse Width  Slow    FDCE/C   n/a            0.500         10.000      9.500      SLICE_X4Y101   age_reg[0]/C
High Pulse Width  Fast    FDCE/C   n/a            0.500         10.000      9.500      SLICE_X4Y101   age_reg[0]/C
High Pulse Width  Slow    FDCE/C   n/a            0.500         10.000      9.500      SLICE_X4Y101   age_reg[1]/C
High Pulse Width  Fast    FDCE/C   n/a            0.500         10.000      9.500      SLICE_X4Y101   age_reg[1]/C
High Pulse Width  Slow    FDCE/C   n/a            0.500         10.000      9.500      SLICE_X3Y100   age_reg[2]/C
High Pulse Width  Fast    FDCE/C   n/a            0.500         10.000      9.500      SLICE_X3Y100   age_reg[2]/C
High Pulse Width  Slow    FDCE/C   n/a            0.500         10.000      9.500      SLICE_X3Y100   age_reg[3]/C
High Pulse Width  Fast    FDCE/C   n/a            0.500         10.000      9.500      SLICE_X3Y100   age_reg[3]/C



--------------------------------------------------------------------------------------
Path Group:  (none)
From Clock:
  To Clock:

Max Delay             1 Endpoint
Min Delay             1 Endpoint
--------------------------------------------------------------------------------------


Max Delay Paths
--------------------------------------------------------------------------------------
Slack:                    inf
  Source:                 reset_n
                            (input port)
  Destination:            input_ready
                            (output port)
  Path Group:             (none)
  Path Type:              Max at Slow Process Corner
  Data Path Delay:        7.174ns  (logic 3.421ns (47.683%)  route 3.753ns (52.317%))
  Logic Levels:           3  (IBUF=1 LUT2=1 OBUF=1)

    Location             Delay type                Incr(ns)  Path(ns)    Netlist Resource(s)
  -------------------------------------------------------------------    -------------------
    P20                                               0.000     0.000 r  reset_n
                         net (fo=0)                   0.000     0.000    reset_n
    P20                  IBUF (Prop_ibuf_I_O)         0.909     0.909 r  reset_n_IBUF_inst/O
                         net (fo=5, routed)           2.373     3.282    reset_n_IBUF
    SLICE_X5Y97          LUT2 (Prop_lut2_I0_O)        0.105     3.387 r  input_ready_OBUF_inst_i_1/O
                         net (fo=1, routed)           1.380     4.767    input_ready_OBUF
    AA16                 OBUF (Prop_obuf_I_O)         2.407     7.174 r  input_ready_OBUF_inst/O
                         net (fo=0)                   0.000     7.174    input_ready
    AA16                                                              r  input_ready
  -------------------------------------------------------------------    -------------------





Min Delay Paths
--------------------------------------------------------------------------------------
Slack:                    inf
  Source:                 reset_n
                            (input port)
  Destination:            input_ready
                            (output port)
  Path Group:             (none)
  Path Type:              Min at Fast Process Corner
  Data Path Delay:        2.933ns  (logic 1.427ns (48.658%)  route 1.506ns (51.342%))
  Logic Levels:           3  (IBUF=1 LUT2=1 OBUF=1)

    Location             Delay type                Incr(ns)  Path(ns)    Netlist Resource(s)
  -------------------------------------------------------------------    -------------------
    P20                                               0.000     0.000 r  reset_n
                         net (fo=0)                   0.000     0.000    reset_n
    P20                  IBUF (Prop_ibuf_I_O)         0.206     0.206 r  reset_n_IBUF_inst/O
                         net (fo=5, routed)           1.170     1.376    reset_n_IBUF
    SLICE_X5Y97          LUT2 (Prop_lut2_I0_O)        0.045     1.421 r  input_ready_OBUF_inst_i_1/O
                         net (fo=1, routed)           0.336     1.757    input_ready_OBUF
    AA16                 OBUF (Prop_obuf_I_O)         1.177     2.933 r  input_ready_OBUF_inst/O
                         net (fo=0)                   0.000     2.933    input_ready
    AA16                                                              r  input_ready
  -------------------------------------------------------------------    -------------------





--------------------------------------------------------------------------------------
Path Group:  (none)
From Clock:  sys_clk
  To Clock:

Max Delay            86 Endpoints
Min Delay            86 Endpoints
--------------------------------------------------------------------------------------


Max Delay Paths
--------------------------------------------------------------------------------------
Slack:                    inf
  Source:                 duty_w_reg[21]/C
                            (rising edge-triggered cell FDCE clocked by sys_clk  {rise@0.000ns fall@10.000ns period=20.000ns})
  Destination:            duty_w[21]
                            (output port)
  Path Group:             (none)
  Path Type:              Max at Slow Process Corner
  Data Path Delay:        10.677ns  (logic 2.866ns (26.839%)  route 7.812ns (73.161%))
  Logic Levels:           1  (OBUF=1)
  Clock Uncertainty:      0.025ns  ((TSJ^2 + TIJ^2)^1/2 + DJ) / 2 + PE
    Total System Jitter     (TSJ):    0.050ns
    Total Input Jitter      (TIJ):    0.000ns
    Discrete Jitter          (DJ):    0.000ns
    Phase Error              (PE):    0.000ns

    Location             Delay type                Incr(ns)  Path(ns)    Netlist Resource(s)
  -------------------------------------------------------------------    -------------------
                         (clock sys_clk rise edge)    0.000     0.000 r  <hidden>
    U20                                               0.000     0.000 r  clk
                         net (fo=0)                   0.000     0.000    clk
    U20                  IBUF (Prop_ibuf_I_O)         0.925     0.925 r  clk_IBUF_inst/O
                         net (fo=1, routed)           1.827     2.752    clk_IBUF
    BUFGCTRL_X0Y0        BUFG (Prop_bufg_I_O)         0.081     2.833 r  clk_IBUF_BUFG_inst/O
                         net (fo=1452, routed)        1.712     4.545    clk_IBUF_BUFG
    SLICE_X7Y98          FDCE                                         r  duty_w_reg[21]/C
  -------------------------------------------------------------------    -------------------
    SLICE_X7Y98          FDCE (Prop_fdce_C_Q)         0.348     4.893 r  duty_w_reg[21]/Q
                         net (fo=1, routed)           7.812    12.704    duty_w_OBUF[21]
    U5                   OBUF (Prop_obuf_I_O)         2.518    15.222 r  duty_w_OBUF[21]_inst/O
                         net (fo=0)                   0.000    15.222    duty_w[21]
    U5                                                                r  duty_w[21]
  -------------------------------------------------------------------    -------------------

Slack:                    inf
  Source:                 duty_w_reg[15]/C
                            (rising edge-triggered cell FDCE clocked by sys_clk  {rise@0.000ns fall@10.000ns period=20.000ns})
  Destination:            duty_w[15]
                            (output port)
  Path Group:             (none)
  Path Type:              Max at Slow Process Corner
  Data Path Delay:        10.295ns  (logic 2.864ns (27.820%)  route 7.431ns (72.180%))
  Logic Levels:           1  (OBUF=1)
  Clock Uncertainty:      0.025ns  ((TSJ^2 + TIJ^2)^1/2 + DJ) / 2 + PE
    Total System Jitter     (TSJ):    0.050ns
    Total Input Jitter      (TIJ):    0.000ns
    Discrete Jitter          (DJ):    0.000ns
    Phase Error              (PE):    0.000ns

    Location             Delay type                Incr(ns)  Path(ns)    Netlist Resource(s)
  -------------------------------------------------------------------    -------------------
                         (clock sys_clk rise edge)    0.000     0.000 r  <hidden>
    U20                                               0.000     0.000 r  clk
                         net (fo=0)                   0.000     0.000    clk
    U20                  IBUF (Prop_ibuf_I_O)         0.925     0.925 r  clk_IBUF_inst/O
                         net (fo=1, routed)           1.827     2.752    clk_IBUF
    BUFGCTRL_X0Y0        BUFG (Prop_bufg_I_O)         0.081     2.833 r  clk_IBUF_BUFG_inst/O
                         net (fo=1452, routed)        1.712     4.545    clk_IBUF_BUFG
    SLICE_X1Y92          FDCE                                         r  duty_w_reg[15]/C
  -------------------------------------------------------------------    -------------------
    SLICE_X1Y92          FDCE (Prop_fdce_C_Q)         0.348     4.893 r  duty_w_reg[15]/Q
                         net (fo=1, routed)           7.431    12.324    duty_w_OBUF[15]
    T6                   OBUF (Prop_obuf_I_O)         2.516    14.840 r  duty_w_OBUF[15]_inst/O
                         net (fo=0)                   0.000    14.840    duty_w[15]
    T6                                                                r  duty_w[15]
  -------------------------------------------------------------------    -------------------

Slack:                    inf
  Source:                 duty_w_reg[14]/C
                            (rising edge-triggered cell FDCE clocked by sys_clk  {rise@0.000ns fall@10.000ns period=20.000ns})
  Destination:            duty_w[14]
                            (output port)
  Path Group:             (none)
  Path Type:              Max at Slow Process Corner
  Data Path Delay:        10.216ns  (logic 2.778ns (27.195%)  route 7.438ns (72.805%))
  Logic Levels:           1  (OBUF=1)
  Clock Uncertainty:      0.025ns  ((TSJ^2 + TIJ^2)^1/2 + DJ) / 2 + PE
    Total System Jitter     (TSJ):    0.050ns
    Total Input Jitter      (TIJ):    0.000ns
    Discrete Jitter          (DJ):    0.000ns
    Phase Error              (PE):    0.000ns

    Location             Delay type                Incr(ns)  Path(ns)    Netlist Resource(s)
  -------------------------------------------------------------------    -------------------
                         (clock sys_clk rise edge)    0.000     0.000 r  <hidden>
    U20                                               0.000     0.000 r  clk
                         net (fo=0)                   0.000     0.000    clk
    U20                  IBUF (Prop_ibuf_I_O)         0.925     0.925 r  clk_IBUF_inst/O
                         net (fo=1, routed)           1.827     2.752    clk_IBUF
    BUFGCTRL_X0Y0        BUFG (Prop_bufg_I_O)         0.081     2.833 r  clk_IBUF_BUFG_inst/O
                         net (fo=1452, routed)        1.712     4.545    clk_IBUF_BUFG
    SLICE_X1Y92          FDCE                                         r  duty_w_reg[14]/C
  -------------------------------------------------------------------    -------------------
    SLICE_X1Y92          FDCE (Prop_fdce_C_Q)         0.379     4.924 r  duty_w_reg[14]/Q
                         net (fo=1, routed)           7.438    12.362    duty_w_OBUF[14]
    Y6                   OBUF (Prop_obuf_I_O)         2.399    14.761 r  duty_w_OBUF[14]_inst/O
                         net (fo=0)                   0.000    14.761    duty_w[14]
    Y6                                                                r  duty_w[14]
  -------------------------------------------------------------------    -------------------

Slack:                    inf
  Source:                 duty_w_reg[13]/C
                            (rising edge-triggered cell FDCE clocked by sys_clk  {rise@0.000ns fall@10.000ns period=20.000ns})
  Destination:            duty_w[13]
                            (output port)
  Path Group:             (none)
  Path Type:              Max at Slow Process Corner
  Data Path Delay:        10.103ns  (logic 2.887ns (28.580%)  route 7.216ns (71.420%))
  Logic Levels:           1  (OBUF=1)
  Clock Uncertainty:      0.025ns  ((TSJ^2 + TIJ^2)^1/2 + DJ) / 2 + PE
    Total System Jitter     (TSJ):    0.050ns
    Total Input Jitter      (TIJ):    0.000ns
    Discrete Jitter          (DJ):    0.000ns
    Phase Error              (PE):    0.000ns

    Location             Delay type                Incr(ns)  Path(ns)    Netlist Resource(s)
  -------------------------------------------------------------------    -------------------
                         (clock sys_clk rise edge)    0.000     0.000 r  <hidden>
    U20                                               0.000     0.000 r  clk
                         net (fo=0)                   0.000     0.000    clk
    U20                  IBUF (Prop_ibuf_I_O)         0.925     0.925 r  clk_IBUF_inst/O
                         net (fo=1, routed)           1.827     2.752    clk_IBUF
    BUFGCTRL_X0Y0        BUFG (Prop_bufg_I_O)         0.081     2.833 r  clk_IBUF_BUFG_inst/O
                         net (fo=1452, routed)        1.712     4.545    clk_IBUF_BUFG
    SLICE_X7Y98          FDCE                                         r  duty_w_reg[13]/C
  -------------------------------------------------------------------    -------------------
    SLICE_X7Y98          FDCE (Prop_fdce_C_Q)         0.348     4.893 r  duty_w_reg[13]/Q
                         net (fo=1, routed)           7.216    12.108    duty_w_OBUF[13]
    AA6                  OBUF (Prop_obuf_I_O)         2.539    14.648 r  duty_w_OBUF[13]_inst/O
                         net (fo=0)                   0.000    14.648    duty_w[13]
    AA6                                                               r  duty_w[13]
  -------------------------------------------------------------------    -------------------

Slack:                    inf
  Source:                 duty_w_reg[23]/C
                            (rising edge-triggered cell FDCE clocked by sys_clk  {rise@0.000ns fall@10.000ns period=20.000ns})
  Destination:            duty_w[23]
                            (output port)
  Path Group:             (none)
  Path Type:              Max at Slow Process Corner
  Data Path Delay:        10.095ns  (logic 2.862ns (28.346%)  route 7.234ns (71.654%))
  Logic Levels:           1  (OBUF=1)
  Clock Uncertainty:      0.025ns  ((TSJ^2 + TIJ^2)^1/2 + DJ) / 2 + PE
    Total System Jitter     (TSJ):    0.050ns
    Total Input Jitter      (TIJ):    0.000ns
    Discrete Jitter          (DJ):    0.000ns
    Phase Error              (PE):    0.000ns

    Location             Delay type                Incr(ns)  Path(ns)    Netlist Resource(s)
  -------------------------------------------------------------------    -------------------
                         (clock sys_clk rise edge)    0.000     0.000 r  <hidden>
    U20                                               0.000     0.000 r  clk
                         net (fo=0)                   0.000     0.000    clk
    U20                  IBUF (Prop_ibuf_I_O)         0.925     0.925 r  clk_IBUF_inst/O
                         net (fo=1, routed)           1.827     2.752    clk_IBUF
    BUFGCTRL_X0Y0        BUFG (Prop_bufg_I_O)         0.081     2.833 r  clk_IBUF_BUFG_inst/O
                         net (fo=1452, routed)        1.712     4.545    clk_IBUF_BUFG
    SLICE_X7Y95          FDCE                                         r  duty_w_reg[23]/C
  -------------------------------------------------------------------    -------------------
    SLICE_X7Y95          FDCE (Prop_fdce_C_Q)         0.348     4.893 r  duty_w_reg[23]/Q
                         net (fo=1, routed)           7.234    12.126    duty_w_OBUF[23]
    T4                   OBUF (Prop_obuf_I_O)         2.514    14.640 r  duty_w_OBUF[23]_inst/O
                         net (fo=0)                   0.000    14.640    duty_w[23]
    T4                                                                r  duty_w[23]
  -------------------------------------------------------------------    -------------------

Slack:                    inf
  Source:                 duty_w_reg[4]/C
                            (rising edge-triggered cell FDCE clocked by sys_clk  {rise@0.000ns fall@10.000ns period=20.000ns})
  Destination:            duty_w[4]
                            (output port)
  Path Group:             (none)
  Path Type:              Max at Slow Process Corner
  Data Path Delay:        10.094ns  (logic 2.785ns (27.587%)  route 7.310ns (72.413%))
  Logic Levels:           1  (OBUF=1)
  Clock Uncertainty:      0.025ns  ((TSJ^2 + TIJ^2)^1/2 + DJ) / 2 + PE
    Total System Jitter     (TSJ):    0.050ns
    Total Input Jitter      (TIJ):    0.000ns
    Discrete Jitter          (DJ):    0.000ns
    Phase Error              (PE):    0.000ns

    Location             Delay type                Incr(ns)  Path(ns)    Netlist Resource(s)
  -------------------------------------------------------------------    -------------------
                         (clock sys_clk rise edge)    0.000     0.000 r  <hidden>
    U20                                               0.000     0.000 r  clk
                         net (fo=0)                   0.000     0.000    clk
    U20                  IBUF (Prop_ibuf_I_O)         0.925     0.925 r  clk_IBUF_inst/O
                         net (fo=1, routed)           1.827     2.752    clk_IBUF
    BUFGCTRL_X0Y0        BUFG (Prop_bufg_I_O)         0.081     2.833 r  clk_IBUF_BUFG_inst/O
                         net (fo=1452, routed)        1.712     4.545    clk_IBUF_BUFG
    SLICE_X1Y92          FDCE                                         r  duty_w_reg[4]/C
  -------------------------------------------------------------------    -------------------
    SLICE_X1Y92          FDCE (Prop_fdce_C_Q)         0.379     4.924 r  duty_w_reg[4]/Q
                         net (fo=1, routed)           7.310    12.233    duty_w_OBUF[4]
    Y8                   OBUF (Prop_obuf_I_O)         2.406    14.639 r  duty_w_OBUF[4]_inst/O
                         net (fo=0)                   0.000    14.639    duty_w[4]
    Y8                                                                r  duty_w[4]
  -------------------------------------------------------------------    -------------------

Slack:                    inf
  Source:                 duty_w_reg[22]/C
                            (rising edge-triggered cell FDCE clocked by sys_clk  {rise@0.000ns fall@10.000ns period=20.000ns})
  Destination:            duty_w[22]
                            (output port)
  Path Group:             (none)
  Path Type:              Max at Slow Process Corner
  Data Path Delay:        10.066ns  (logic 2.765ns (27.468%)  route 7.301ns (72.532%))
  Logic Levels:           1  (OBUF=1)
  Clock Uncertainty:      0.025ns  ((TSJ^2 + TIJ^2)^1/2 + DJ) / 2 + PE
    Total System Jitter     (TSJ):    0.050ns
    Total Input Jitter      (TIJ):    0.000ns
    Discrete Jitter          (DJ):    0.000ns
    Phase Error              (PE):    0.000ns

    Location             Delay type                Incr(ns)  Path(ns)    Netlist Resource(s)
  -------------------------------------------------------------------    -------------------
                         (clock sys_clk rise edge)    0.000     0.000 r  <hidden>
    U20                                               0.000     0.000 r  clk
                         net (fo=0)                   0.000     0.000    clk
    U20                  IBUF (Prop_ibuf_I_O)         0.925     0.925 r  clk_IBUF_inst/O
                         net (fo=1, routed)           1.827     2.752    clk_IBUF
    BUFGCTRL_X0Y0        BUFG (Prop_bufg_I_O)         0.081     2.833 r  clk_IBUF_BUFG_inst/O
                         net (fo=1452, routed)        1.712     4.545    clk_IBUF_BUFG
    SLICE_X7Y95          FDCE                                         r  duty_w_reg[22]/C
  -------------------------------------------------------------------    -------------------
    SLICE_X7Y95          FDCE (Prop_fdce_C_Q)         0.379     4.924 r  duty_w_reg[22]/Q
                         net (fo=1, routed)           7.301    12.225    duty_w_OBUF[22]
    T5                   OBUF (Prop_obuf_I_O)         2.386    14.611 r  duty_w_OBUF[22]_inst/O
                         net (fo=0)                   0.000    14.611    duty_w[22]
    T5                                                                r  duty_w[22]
  -------------------------------------------------------------------    -------------------

Slack:                    inf
  Source:                 duty_w_reg[20]/C
                            (rising edge-triggered cell FDCE clocked by sys_clk  {rise@0.000ns fall@10.000ns period=20.000ns})
  Destination:            duty_w[20]
                            (output port)
  Path Group:             (none)
  Path Type:              Max at Slow Process Corner
  Data Path Delay:        10.046ns  (logic 2.778ns (27.657%)  route 7.268ns (72.343%))
  Logic Levels:           1  (OBUF=1)
  Clock Uncertainty:      0.025ns  ((TSJ^2 + TIJ^2)^1/2 + DJ) / 2 + PE
    Total System Jitter     (TSJ):    0.050ns
    Total Input Jitter      (TIJ):    0.000ns
    Discrete Jitter          (DJ):    0.000ns
    Phase Error              (PE):    0.000ns

    Location             Delay type                Incr(ns)  Path(ns)    Netlist Resource(s)
  -------------------------------------------------------------------    -------------------
                         (clock sys_clk rise edge)    0.000     0.000 r  <hidden>
    U20                                               0.000     0.000 r  clk
                         net (fo=0)                   0.000     0.000    clk
    U20                  IBUF (Prop_ibuf_I_O)         0.925     0.925 r  clk_IBUF_inst/O
                         net (fo=1, routed)           1.827     2.752    clk_IBUF
    BUFGCTRL_X0Y0        BUFG (Prop_bufg_I_O)         0.081     2.833 r  clk_IBUF_BUFG_inst/O
                         net (fo=1452, routed)        1.712     4.545    clk_IBUF_BUFG
    SLICE_X7Y98          FDCE                                         r  duty_w_reg[20]/C
  -------------------------------------------------------------------    -------------------
    SLICE_X7Y98          FDCE (Prop_fdce_C_Q)         0.379     4.924 r  duty_w_reg[20]/Q
                         net (fo=1, routed)           7.268    12.191    duty_w_OBUF[20]
    W6                   OBUF (Prop_obuf_I_O)         2.399    14.591 r  duty_w_OBUF[20]_inst/O
                         net (fo=0)                   0.000    14.591    duty_w[20]
    W6                                                                r  duty_w[20]
  -------------------------------------------------------------------    -------------------

Slack:                    inf
  Source:                 duty_w_reg[1]/C
                            (rising edge-triggered cell FDCE clocked by sys_clk  {rise@0.000ns fall@10.000ns period=20.000ns})
  Destination:            duty_w[1]
                            (output port)
  Path Group:             (none)
  Path Type:              Max at Slow Process Corner
  Data Path Delay:        9.982ns  (logic 2.880ns (28.852%)  route 7.102ns (71.148%))
  Logic Levels:           1  (OBUF=1)
  Clock Uncertainty:      0.025ns  ((TSJ^2 + TIJ^2)^1/2 + DJ) / 2 + PE
    Total System Jitter     (TSJ):    0.050ns
    Total Input Jitter      (TIJ):    0.000ns
    Discrete Jitter          (DJ):    0.000ns
    Phase Error              (PE):    0.000ns

    Location             Delay type                Incr(ns)  Path(ns)    Netlist Resource(s)
  -------------------------------------------------------------------    -------------------
                         (clock sys_clk rise edge)    0.000     0.000 r  <hidden>
    U20                                               0.000     0.000 r  clk
                         net (fo=0)                   0.000     0.000    clk
    U20                  IBUF (Prop_ibuf_I_O)         0.925     0.925 r  clk_IBUF_inst/O
                         net (fo=1, routed)           1.827     2.752    clk_IBUF
    BUFGCTRL_X0Y0        BUFG (Prop_bufg_I_O)         0.081     2.833 r  clk_IBUF_BUFG_inst/O
                         net (fo=1452, routed)        1.712     4.545    clk_IBUF_BUFG
    SLICE_X7Y95          FDCE                                         r  duty_w_reg[1]/C
  -------------------------------------------------------------------    -------------------
    SLICE_X7Y95          FDCE (Prop_fdce_C_Q)         0.348     4.893 r  duty_w_reg[1]/Q
                         net (fo=1, routed)           7.102    11.994    duty_w_OBUF[1]
    Y9                   OBUF (Prop_obuf_I_O)         2.532    14.526 r  duty_w_OBUF[1]_inst/O
                         net (fo=0)                   0.000    14.526    duty_w[1]
    Y9                                                                r  duty_w[1]
  -------------------------------------------------------------------    -------------------

Slack:                    inf
  Source:                 duty_w_reg[17]/C
                            (rising edge-triggered cell FDCE clocked by sys_clk  {rise@0.000ns fall@10.000ns period=20.000ns})
  Destination:            duty_w[17]
                            (output port)
  Path Group:             (none)
  Path Type:              Max at Slow Process Corner
  Data Path Delay:        9.955ns  (logic 2.907ns (29.196%)  route 7.049ns (70.804%))
  Logic Levels:           1  (OBUF=1)
  Clock Uncertainty:      0.025ns  ((TSJ^2 + TIJ^2)^1/2 + DJ) / 2 + PE
    Total System Jitter     (TSJ):    0.050ns
    Total Input Jitter      (TIJ):    0.000ns
    Discrete Jitter          (DJ):    0.000ns
    Phase Error              (PE):    0.000ns

    Location             Delay type                Incr(ns)  Path(ns)    Netlist Resource(s)
  -------------------------------------------------------------------    -------------------
                         (clock sys_clk rise edge)    0.000     0.000 r  <hidden>
    U20                                               0.000     0.000 r  clk
                         net (fo=0)                   0.000     0.000    clk
    U20                  IBUF (Prop_ibuf_I_O)         0.925     0.925 r  clk_IBUF_inst/O
                         net (fo=1, routed)           1.827     2.752    clk_IBUF
    BUFGCTRL_X0Y0        BUFG (Prop_bufg_I_O)         0.081     2.833 r  clk_IBUF_BUFG_inst/O
                         net (fo=1452, routed)        1.644     4.477    clk_IBUF_BUFG
    SLICE_X10Y89         FDCE                                         r  duty_w_reg[17]/C
  -------------------------------------------------------------------    -------------------
    SLICE_X10Y89         FDCE (Prop_fdce_C_Q)         0.398     4.875 r  duty_w_reg[17]/Q
                         net (fo=1, routed)           7.049    11.924    duty_w_OBUF[17]
    V5                   OBUF (Prop_obuf_I_O)         2.509    14.432 r  duty_w_OBUF[17]_inst/O
                         net (fo=0)                   0.000    14.432    duty_w[17]
    V5                                                                r  duty_w[17]
  -------------------------------------------------------------------    -------------------





Min Delay Paths
--------------------------------------------------------------------------------------
Slack:                    inf
  Source:                 duty_v_reg[0]/C
                            (rising edge-triggered cell FDCE clocked by sys_clk  {rise@0.000ns fall@10.000ns period=20.000ns})
  Destination:            duty_v[0]
                            (output port)
  Path Group:             (none)
  Path Type:              Min at Fast Process Corner
  Data Path Delay:        1.551ns  (logic 1.271ns (81.979%)  route 0.279ns (18.021%))
  Logic Levels:           1  (OBUF=1)
  Clock Uncertainty:      0.025ns  ((TSJ^2 + TIJ^2)^1/2 + DJ) / 2 + PE
    Total System Jitter     (TSJ):    0.050ns
    Total Input Jitter      (TIJ):    0.000ns
    Discrete Jitter          (DJ):    0.000ns
    Phase Error              (PE):    0.000ns

    Location             Delay type                Incr(ns)  Path(ns)    Netlist Resource(s)
  -------------------------------------------------------------------    -------------------
                         (clock sys_clk rise edge)    0.000     0.000 r  <hidden>
    U20                                               0.000     0.000 r  clk
                         net (fo=0)                   0.000     0.000    clk
    U20                  IBUF (Prop_ibuf_I_O)         0.221     0.221 r  clk_IBUF_inst/O
                         net (fo=1, routed)           0.690     0.912    clk_IBUF
    BUFGCTRL_X0Y0        BUFG (Prop_bufg_I_O)         0.026     0.938 r  clk_IBUF_BUFG_inst/O
                         net (fo=1452, routed)        0.718     1.656    clk_IBUF_BUFG
    SLICE_X0Y66          FDCE                                         r  duty_v_reg[0]/C
  -------------------------------------------------------------------    -------------------
    SLICE_X0Y66          FDCE (Prop_fdce_C_Q)         0.141     1.797 r  duty_v_reg[0]/Q
                         net (fo=1, routed)           0.279     2.076    duty_v_OBUF[0]
    T16                  OBUF (Prop_obuf_I_O)         1.130     3.206 r  duty_v_OBUF[0]_inst/O
                         net (fo=0)                   0.000     3.206    duty_v[0]
    T16                                                               r  duty_v[0]
  -------------------------------------------------------------------    -------------------

Slack:                    inf
  Source:                 duty_v_reg[2]/C
                            (rising edge-triggered cell FDCE clocked by sys_clk  {rise@0.000ns fall@10.000ns period=20.000ns})
  Destination:            duty_v[2]
                            (output port)
  Path Group:             (none)
  Path Type:              Min at Fast Process Corner
  Data Path Delay:        1.624ns  (logic 1.287ns (79.251%)  route 0.337ns (20.749%))
  Logic Levels:           1  (OBUF=1)
  Clock Uncertainty:      0.025ns  ((TSJ^2 + TIJ^2)^1/2 + DJ) / 2 + PE
    Total System Jitter     (TSJ):    0.050ns
    Total Input Jitter      (TIJ):    0.000ns
    Discrete Jitter          (DJ):    0.000ns
    Phase Error              (PE):    0.000ns

    Location             Delay type                Incr(ns)  Path(ns)    Netlist Resource(s)
  -------------------------------------------------------------------    -------------------
                         (clock sys_clk rise edge)    0.000     0.000 r  <hidden>
    U20                                               0.000     0.000 r  clk
                         net (fo=0)                   0.000     0.000    clk
    U20                  IBUF (Prop_ibuf_I_O)         0.221     0.221 r  clk_IBUF_inst/O
                         net (fo=1, routed)           0.690     0.912    clk_IBUF
    BUFGCTRL_X0Y0        BUFG (Prop_bufg_I_O)         0.026     0.938 r  clk_IBUF_BUFG_inst/O
                         net (fo=1452, routed)        0.718     1.656    clk_IBUF_BUFG
    SLICE_X0Y66          FDCE                                         r  duty_v_reg[2]/C
  -------------------------------------------------------------------    -------------------
    SLICE_X0Y66          FDCE (Prop_fdce_C_Q)         0.141     1.797 r  duty_v_reg[2]/Q
                         net (fo=1, routed)           0.337     2.134    duty_v_OBUF[2]
    W15                  OBUF (Prop_obuf_I_O)         1.146     3.279 r  duty_v_OBUF[2]_inst/O
                         net (fo=0)                   0.000     3.279    duty_v[2]
    W15                                                               r  duty_v[2]
  -------------------------------------------------------------------    -------------------

Slack:                    inf
  Source:                 output_valid_reg/C
                            (rising edge-triggered cell FDCE clocked by sys_clk  {rise@0.000ns fall@10.000ns period=20.000ns})
  Destination:            output_valid
                            (output port)
  Path Group:             (none)
  Path Type:              Min at Fast Process Corner
  Data Path Delay:        1.624ns  (logic 1.307ns (80.517%)  route 0.316ns (19.483%))
  Logic Levels:           1  (OBUF=1)
  Clock Uncertainty:      0.025ns  ((TSJ^2 + TIJ^2)^1/2 + DJ) / 2 + PE
    Total System Jitter     (TSJ):    0.050ns
    Total Input Jitter      (TIJ):    0.000ns
    Discrete Jitter          (DJ):    0.000ns
    Phase Error              (PE):    0.000ns

    Location             Delay type                Incr(ns)  Path(ns)    Netlist Resource(s)
  -------------------------------------------------------------------    -------------------
                         (clock sys_clk rise edge)    0.000     0.000 r  <hidden>
    U20                                               0.000     0.000 r  clk
                         net (fo=0)                   0.000     0.000    clk
    U20                  IBUF (Prop_ibuf_I_O)         0.221     0.221 r  clk_IBUF_inst/O
                         net (fo=1, routed)           0.690     0.912    clk_IBUF
    BUFGCTRL_X0Y0        BUFG (Prop_bufg_I_O)         0.026     0.938 r  clk_IBUF_BUFG_inst/O
                         net (fo=1452, routed)        0.724     1.662    clk_IBUF_BUFG
    SLICE_X0Y97          FDCE                                         r  output_valid_reg/C
  -------------------------------------------------------------------    -------------------
    SLICE_X0Y97          FDCE (Prop_fdce_C_Q)         0.141     1.803 r  output_valid_reg/Q
                         net (fo=1, routed)           0.316     2.119    output_valid_OBUF
    Y16                  OBUF (Prop_obuf_I_O)         1.166     3.286 r  output_valid_OBUF_inst/O
                         net (fo=0)                   0.000     3.286    output_valid
    Y16                                                               r  output_valid
  -------------------------------------------------------------------    -------------------

Slack:                    inf
  Source:                 duty_v_reg[22]/C
                            (rising edge-triggered cell FDCE clocked by sys_clk  {rise@0.000ns fall@10.000ns period=20.000ns})
  Destination:            duty_v[22]
                            (output port)
  Path Group:             (none)
  Path Type:              Min at Fast Process Corner
  Data Path Delay:        1.641ns  (logic 1.322ns (80.556%)  route 0.319ns (19.444%))
  Logic Levels:           1  (OBUF=1)
  Clock Uncertainty:      0.025ns  ((TSJ^2 + TIJ^2)^1/2 + DJ) / 2 + PE
    Total System Jitter     (TSJ):    0.050ns
    Total Input Jitter      (TIJ):    0.000ns
    Discrete Jitter          (DJ):    0.000ns
    Phase Error              (PE):    0.000ns

    Location             Delay type                Incr(ns)  Path(ns)    Netlist Resource(s)
  -------------------------------------------------------------------    -------------------
                         (clock sys_clk rise edge)    0.000     0.000 r  <hidden>
    U20                                               0.000     0.000 r  clk
                         net (fo=0)                   0.000     0.000    clk
    U20                  IBUF (Prop_ibuf_I_O)         0.221     0.221 r  clk_IBUF_inst/O
                         net (fo=1, routed)           0.690     0.912    clk_IBUF
    BUFGCTRL_X0Y0        BUFG (Prop_bufg_I_O)         0.026     0.938 r  clk_IBUF_BUFG_inst/O
                         net (fo=1452, routed)        0.720     1.658    clk_IBUF_BUFG
    SLICE_X0Y87          FDCE                                         r  duty_v_reg[22]/C
  -------------------------------------------------------------------    -------------------
    SLICE_X0Y87          FDCE (Prop_fdce_C_Q)         0.141     1.799 r  duty_v_reg[22]/Q
                         net (fo=1, routed)           0.319     2.118    duty_v_OBUF[22]
    W14                  OBUF (Prop_obuf_I_O)         1.181     3.299 r  duty_v_OBUF[22]_inst/O
                         net (fo=0)                   0.000     3.299    duty_v[22]
    W14                                                               r  duty_v[22]
  -------------------------------------------------------------------    -------------------

Slack:                    inf
  Source:                 sector_reg[0]/C
                            (rising edge-triggered cell FDCE clocked by sys_clk  {rise@0.000ns fall@10.000ns period=20.000ns})
  Destination:            sector[0]
                            (output port)
  Path Group:             (none)
  Path Type:              Min at Fast Process Corner
  Data Path Delay:        1.648ns  (logic 1.321ns (80.158%)  route 0.327ns (19.842%))
  Logic Levels:           1  (OBUF=1)
  Clock Uncertainty:      0.025ns  ((TSJ^2 + TIJ^2)^1/2 + DJ) / 2 + PE
    Total System Jitter     (TSJ):    0.050ns
    Total Input Jitter      (TIJ):    0.000ns
    Discrete Jitter          (DJ):    0.000ns
    Phase Error              (PE):    0.000ns

    Location             Delay type                Incr(ns)  Path(ns)    Netlist Resource(s)
  -------------------------------------------------------------------    -------------------
                         (clock sys_clk rise edge)    0.000     0.000 r  <hidden>
    U20                                               0.000     0.000 r  clk
                         net (fo=0)                   0.000     0.000    clk
    U20                  IBUF (Prop_ibuf_I_O)         0.221     0.221 r  clk_IBUF_inst/O
                         net (fo=1, routed)           0.690     0.912    clk_IBUF
    BUFGCTRL_X0Y0        BUFG (Prop_bufg_I_O)         0.026     0.938 r  clk_IBUF_BUFG_inst/O
                         net (fo=1452, routed)        0.722     1.660    clk_IBUF_BUFG
    SLICE_X0Y92          FDCE                                         r  sector_reg[0]/C
  -------------------------------------------------------------------    -------------------
    SLICE_X0Y92          FDCE (Prop_fdce_C_Q)         0.141     1.801 r  sector_reg[0]/Q
                         net (fo=1, routed)           0.327     2.128    sector_OBUF[0]
    AA15                 OBUF (Prop_obuf_I_O)         1.180     3.308 r  sector_OBUF[0]_inst/O
                         net (fo=0)                   0.000     3.308    sector[0]
    AA15                                                              r  sector[0]
  -------------------------------------------------------------------    -------------------

Slack:                    inf
  Source:                 duty_v_reg[4]/C
                            (rising edge-triggered cell FDCE clocked by sys_clk  {rise@0.000ns fall@10.000ns period=20.000ns})
  Destination:            duty_v[4]
                            (output port)
  Path Group:             (none)
  Path Type:              Min at Fast Process Corner
  Data Path Delay:        1.654ns  (logic 1.300ns (78.557%)  route 0.355ns (21.443%))
  Logic Levels:           1  (OBUF=1)
  Clock Uncertainty:      0.025ns  ((TSJ^2 + TIJ^2)^1/2 + DJ) / 2 + PE
    Total System Jitter     (TSJ):    0.050ns
    Total Input Jitter      (TIJ):    0.000ns
    Discrete Jitter          (DJ):    0.000ns
    Phase Error              (PE):    0.000ns

    Location             Delay type                Incr(ns)  Path(ns)    Netlist Resource(s)
  -------------------------------------------------------------------    -------------------
                         (clock sys_clk rise edge)    0.000     0.000 r  <hidden>
    U20                                               0.000     0.000 r  clk
                         net (fo=0)                   0.000     0.000    clk
    U20                  IBUF (Prop_ibuf_I_O)         0.221     0.221 r  clk_IBUF_inst/O
                         net (fo=1, routed)           0.690     0.912    clk_IBUF
    BUFGCTRL_X0Y0        BUFG (Prop_bufg_I_O)         0.026     0.938 r  clk_IBUF_BUFG_inst/O
                         net (fo=1452, routed)        0.717     1.655    clk_IBUF_BUFG
    SLICE_X0Y67          FDCE                                         r  duty_v_reg[4]/C
  -------------------------------------------------------------------    -------------------
    SLICE_X0Y67          FDCE (Prop_fdce_C_Q)         0.141     1.796 r  duty_v_reg[4]/Q
                         net (fo=1, routed)           0.355     2.151    duty_v_OBUF[4]
    T14                  OBUF (Prop_obuf_I_O)         1.159     3.309 r  duty_v_OBUF[4]_inst/O
                         net (fo=0)                   0.000     3.309    duty_v[4]
    T14                                                               r  duty_v[4]
  -------------------------------------------------------------------    -------------------

Slack:                    inf
  Source:                 error_code_reg[0]/C
                            (rising edge-triggered cell FDCE clocked by sys_clk  {rise@0.000ns fall@10.000ns period=20.000ns})
  Destination:            error_code[0]
                            (output port)
  Path Group:             (none)
  Path Type:              Min at Fast Process Corner
  Data Path Delay:        1.661ns  (logic 1.327ns (79.891%)  route 0.334ns (20.109%))
  Logic Levels:           1  (OBUF=1)
  Clock Uncertainty:      0.025ns  ((TSJ^2 + TIJ^2)^1/2 + DJ) / 2 + PE
    Total System Jitter     (TSJ):    0.050ns
    Total Input Jitter      (TIJ):    0.000ns
    Discrete Jitter          (DJ):    0.000ns
    Phase Error              (PE):    0.000ns

    Location             Delay type                Incr(ns)  Path(ns)    Netlist Resource(s)
  -------------------------------------------------------------------    -------------------
                         (clock sys_clk rise edge)    0.000     0.000 r  <hidden>
    U20                                               0.000     0.000 r  clk
                         net (fo=0)                   0.000     0.000    clk
    U20                  IBUF (Prop_ibuf_I_O)         0.221     0.221 r  clk_IBUF_inst/O
                         net (fo=1, routed)           0.690     0.912    clk_IBUF
    BUFGCTRL_X0Y0        BUFG (Prop_bufg_I_O)         0.026     0.938 r  clk_IBUF_BUFG_inst/O
                         net (fo=1452, routed)        0.723     1.661    clk_IBUF_BUFG
    SLICE_X0Y95          FDCE                                         r  error_code_reg[0]/C
  -------------------------------------------------------------------    -------------------
    SLICE_X0Y95          FDCE (Prop_fdce_C_Q)         0.141     1.802 r  error_code_reg[0]/Q
                         net (fo=1, routed)           0.334     2.136    error_code_OBUF[0]
    AB17                 OBUF (Prop_obuf_I_O)         1.186     3.321 r  error_code_OBUF[0]_inst/O
                         net (fo=0)                   0.000     3.321    error_code[0]
    AB17                                                              r  error_code[0]
  -------------------------------------------------------------------    -------------------

Slack:                    inf
  Source:                 duty_v_reg[1]/C
                            (rising edge-triggered cell FDCE clocked by sys_clk  {rise@0.000ns fall@10.000ns period=20.000ns})
  Destination:            duty_v[1]
                            (output port)
  Path Group:             (none)
  Path Type:              Min at Fast Process Corner
  Data Path Delay:        1.670ns  (logic 1.331ns (79.667%)  route 0.340ns (20.333%))
  Logic Levels:           1  (OBUF=1)
  Clock Uncertainty:      0.025ns  ((TSJ^2 + TIJ^2)^1/2 + DJ) / 2 + PE
    Total System Jitter     (TSJ):    0.050ns
    Total Input Jitter      (TIJ):    0.000ns
    Discrete Jitter          (DJ):    0.000ns
    Phase Error              (PE):    0.000ns

    Location             Delay type                Incr(ns)  Path(ns)    Netlist Resource(s)
  -------------------------------------------------------------------    -------------------
                         (clock sys_clk rise edge)    0.000     0.000 r  <hidden>
    U20                                               0.000     0.000 r  clk
                         net (fo=0)                   0.000     0.000    clk
    U20                  IBUF (Prop_ibuf_I_O)         0.221     0.221 r  clk_IBUF_inst/O
                         net (fo=1, routed)           0.690     0.912    clk_IBUF
    BUFGCTRL_X0Y0        BUFG (Prop_bufg_I_O)         0.026     0.938 r  clk_IBUF_BUFG_inst/O
                         net (fo=1452, routed)        0.718     1.656    clk_IBUF_BUFG
    SLICE_X0Y66          FDCE                                         r  duty_v_reg[1]/C
  -------------------------------------------------------------------    -------------------
    SLICE_X0Y66          FDCE (Prop_fdce_C_Q)         0.128     1.784 r  duty_v_reg[1]/Q
                         net (fo=1, routed)           0.340     2.123    duty_v_OBUF[1]
    W16                  OBUF (Prop_obuf_I_O)         1.203     3.326 r  duty_v_OBUF[1]_inst/O
                         net (fo=0)                   0.000     3.326    duty_v[1]
    W16                                                               r  duty_v[1]
  -------------------------------------------------------------------    -------------------

Slack:                    inf
  Source:                 duty_v_reg[20]/C
                            (rising edge-triggered cell FDCE clocked by sys_clk  {rise@0.000ns fall@10.000ns period=20.000ns})
  Destination:            duty_v[20]
                            (output port)
  Path Group:             (none)
  Path Type:              Min at Fast Process Corner
  Data Path Delay:        1.680ns  (logic 1.339ns (79.747%)  route 0.340ns (20.253%))
  Logic Levels:           1  (OBUF=1)
  Clock Uncertainty:      0.025ns  ((TSJ^2 + TIJ^2)^1/2 + DJ) / 2 + PE
    Total System Jitter     (TSJ):    0.050ns
    Total Input Jitter      (TIJ):    0.000ns
    Discrete Jitter          (DJ):    0.000ns
    Phase Error              (PE):    0.000ns

    Location             Delay type                Incr(ns)  Path(ns)    Netlist Resource(s)
  -------------------------------------------------------------------    -------------------
                         (clock sys_clk rise edge)    0.000     0.000 r  <hidden>
    U20                                               0.000     0.000 r  clk
                         net (fo=0)                   0.000     0.000    clk
    U20                  IBUF (Prop_ibuf_I_O)         0.221     0.221 r  clk_IBUF_inst/O
                         net (fo=1, routed)           0.690     0.912    clk_IBUF
    BUFGCTRL_X0Y0        BUFG (Prop_bufg_I_O)         0.026     0.938 r  clk_IBUF_BUFG_inst/O
                         net (fo=1452, routed)        0.719     1.657    clk_IBUF_BUFG
    SLICE_X0Y85          FDCE                                         r  duty_v_reg[20]/C
  -------------------------------------------------------------------    -------------------
    SLICE_X0Y85          FDCE (Prop_fdce_C_Q)         0.141     1.798 r  duty_v_reg[20]/Q
                         net (fo=1, routed)           0.340     2.138    duty_v_OBUF[20]
    AB11                 OBUF (Prop_obuf_I_O)         1.198     3.336 r  duty_v_OBUF[20]_inst/O
                         net (fo=0)                   0.000     3.336    duty_v[20]
    AB11                                                              r  duty_v[20]
  -------------------------------------------------------------------    -------------------

Slack:                    inf
  Source:                 duty_v_reg[18]/C
                            (rising edge-triggered cell FDCE clocked by sys_clk  {rise@0.000ns fall@10.000ns period=20.000ns})
  Destination:            duty_v[18]
                            (output port)
  Path Group:             (none)
  Path Type:              Min at Fast Process Corner
  Data Path Delay:        1.692ns  (logic 1.355ns (80.070%)  route 0.337ns (19.930%))
  Logic Levels:           1  (OBUF=1)
  Clock Uncertainty:      0.025ns  ((TSJ^2 + TIJ^2)^1/2 + DJ) / 2 + PE
    Total System Jitter     (TSJ):    0.050ns
    Total Input Jitter      (TIJ):    0.000ns
    Discrete Jitter          (DJ):    0.000ns
    Phase Error              (PE):    0.000ns

    Location             Delay type                Incr(ns)  Path(ns)    Netlist Resource(s)
  -------------------------------------------------------------------    -------------------
                         (clock sys_clk rise edge)    0.000     0.000 r  <hidden>
    U20                                               0.000     0.000 r  clk
                         net (fo=0)                   0.000     0.000    clk
    U20                  IBUF (Prop_ibuf_I_O)         0.221     0.221 r  clk_IBUF_inst/O
                         net (fo=1, routed)           0.690     0.912    clk_IBUF
    BUFGCTRL_X0Y0        BUFG (Prop_bufg_I_O)         0.026     0.938 r  clk_IBUF_BUFG_inst/O
                         net (fo=1452, routed)        0.719     1.657    clk_IBUF_BUFG
    SLICE_X0Y85          FDCE                                         r  duty_v_reg[18]/C
  -------------------------------------------------------------------    -------------------
    SLICE_X0Y85          FDCE (Prop_fdce_C_Q)         0.141     1.798 r  duty_v_reg[18]/Q
                         net (fo=1, routed)           0.337     2.135    duty_v_OBUF[18]
    AA9                  OBUF (Prop_obuf_I_O)         1.214     3.349 r  duty_v_OBUF[18]_inst/O
                         net (fo=0)                   0.000     3.349    duty_v[18]
    AA9                                                               r  duty_v[18]
  -------------------------------------------------------------------    -------------------





--------------------------------------------------------------------------------------
Path Group:  (none)
From Clock:
  To Clock:  sys_clk

Max Delay          2287 Endpoints
Min Delay          2287 Endpoints
--------------------------------------------------------------------------------------


Max Delay Paths
--------------------------------------------------------------------------------------
Slack:                    inf
  Source:                 reset_n
                            (input port)
  Destination:            divider_t1/work_result_reg[27]/CLR
                            (recovery check against rising-edge clock sys_clk  {rise@0.000ns fall@10.000ns period=20.000ns})
  Path Group:             (none)
  Path Type:              Recovery (Max at Slow Process Corner)
  Data Path Delay:        11.209ns  (logic 1.014ns (9.046%)  route 10.195ns (90.954%))
  Logic Levels:           2  (IBUF=1 LUT1=1)
  Clock Path Skew:        4.114ns (DCD - SCD + CPR)
    Destination Clock Delay (DCD):    4.114ns
    Source Clock Delay      (SCD):    0.000ns
    Clock Pessimism Removal (CPR):    0.000ns
  Clock Uncertainty:      0.025ns  ((TSJ^2 + TIJ^2)^1/2 + DJ) / 2 + PE
    Total System Jitter     (TSJ):    0.050ns
    Total Input Jitter      (TIJ):    0.000ns
    Discrete Jitter          (DJ):    0.000ns
    Phase Error              (PE):    0.000ns

    Location             Delay type                Incr(ns)  Path(ns)    Netlist Resource(s)
  -------------------------------------------------------------------    -------------------
    P20                                               0.000     0.000 r  reset_n
                         net (fo=0)                   0.000     0.000    reset_n
    P20                  IBUF (Prop_ibuf_I_O)         0.909     0.909 r  reset_n_IBUF_inst/O
                         net (fo=5, routed)           3.361     4.270    divider_t2/reset_n_IBUF
    SLICE_X14Y109        LUT1 (Prop_lut1_I0_O)        0.105     4.375 f  divider_t2/busy_i_2/O
                         net (fo=1452, routed)        6.834    11.209    divider_t1/busy_reg_1
    SLICE_X34Y80         FDCE                                         f  divider_t1/work_result_reg[27]/CLR
  -------------------------------------------------------------------    -------------------

                         (clock sys_clk rise edge)    0.000     0.000 r  <hidden>
    U20                                               0.000     0.000 r  clk
                         net (fo=0)                   0.000     0.000    clk
    U20                  IBUF (Prop_ibuf_I_O)         0.794     0.794 r  clk_IBUF_inst/O
                         net (fo=1, routed)           1.734     2.528    clk_IBUF
    BUFGCTRL_X0Y0        BUFG (Prop_bufg_I_O)         0.077     2.605 r  clk_IBUF_BUFG_inst/O
                         net (fo=1452, routed)        1.509     4.114    divider_t1/clk_IBUF_BUFG
    SLICE_X34Y80         FDCE                                         r  divider_t1/work_result_reg[27]/C

Slack:                    inf
  Source:                 reset_n
                            (input port)
  Destination:            divider_t1/work_result_reg[28]/CLR
                            (recovery check against rising-edge clock sys_clk  {rise@0.000ns fall@10.000ns period=20.000ns})
  Path Group:             (none)
  Path Type:              Recovery (Max at Slow Process Corner)
  Data Path Delay:        11.209ns  (logic 1.014ns (9.046%)  route 10.195ns (90.954%))
  Logic Levels:           2  (IBUF=1 LUT1=1)
  Clock Path Skew:        4.114ns (DCD - SCD + CPR)
    Destination Clock Delay (DCD):    4.114ns
    Source Clock Delay      (SCD):    0.000ns
    Clock Pessimism Removal (CPR):    0.000ns
  Clock Uncertainty:      0.025ns  ((TSJ^2 + TIJ^2)^1/2 + DJ) / 2 + PE
    Total System Jitter     (TSJ):    0.050ns
    Total Input Jitter      (TIJ):    0.000ns
    Discrete Jitter          (DJ):    0.000ns
    Phase Error              (PE):    0.000ns

    Location             Delay type                Incr(ns)  Path(ns)    Netlist Resource(s)
  -------------------------------------------------------------------    -------------------
    P20                                               0.000     0.000 r  reset_n
                         net (fo=0)                   0.000     0.000    reset_n
    P20                  IBUF (Prop_ibuf_I_O)         0.909     0.909 r  reset_n_IBUF_inst/O
                         net (fo=5, routed)           3.361     4.270    divider_t2/reset_n_IBUF
    SLICE_X14Y109        LUT1 (Prop_lut1_I0_O)        0.105     4.375 f  divider_t2/busy_i_2/O
                         net (fo=1452, routed)        6.834    11.209    divider_t1/busy_reg_1
    SLICE_X34Y80         FDCE                                         f  divider_t1/work_result_reg[28]/CLR
  -------------------------------------------------------------------    -------------------

                         (clock sys_clk rise edge)    0.000     0.000 r  <hidden>
    U20                                               0.000     0.000 r  clk
                         net (fo=0)                   0.000     0.000    clk
    U20                  IBUF (Prop_ibuf_I_O)         0.794     0.794 r  clk_IBUF_inst/O
                         net (fo=1, routed)           1.734     2.528    clk_IBUF
    BUFGCTRL_X0Y0        BUFG (Prop_bufg_I_O)         0.077     2.605 r  clk_IBUF_BUFG_inst/O
                         net (fo=1452, routed)        1.509     4.114    divider_t1/clk_IBUF_BUFG
    SLICE_X34Y80         FDCE                                         r  divider_t1/work_result_reg[28]/C

Slack:                    inf
  Source:                 reset_n
                            (input port)
  Destination:            m_debug_reg[19]/CLR
                            (recovery check against rising-edge clock sys_clk  {rise@0.000ns fall@10.000ns period=20.000ns})
  Path Group:             (none)
  Path Type:              Recovery (Max at Slow Process Corner)
  Data Path Delay:        11.196ns  (logic 1.014ns (9.056%)  route 10.182ns (90.944%))
  Logic Levels:           2  (IBUF=1 LUT1=1)
  Clock Path Skew:        4.199ns (DCD - SCD + CPR)
    Destination Clock Delay (DCD):    4.199ns
    Source Clock Delay      (SCD):    0.000ns
    Clock Pessimism Removal (CPR):    0.000ns
  Clock Uncertainty:      0.025ns  ((TSJ^2 + TIJ^2)^1/2 + DJ) / 2 + PE
    Total System Jitter     (TSJ):    0.050ns
    Total Input Jitter      (TIJ):    0.000ns
    Discrete Jitter          (DJ):    0.000ns
    Phase Error              (PE):    0.000ns

    Location             Delay type                Incr(ns)  Path(ns)    Netlist Resource(s)
  -------------------------------------------------------------------    -------------------
    P20                                               0.000     0.000 r  reset_n
                         net (fo=0)                   0.000     0.000    reset_n
    P20                  IBUF (Prop_ibuf_I_O)         0.909     0.909 r  reset_n_IBUF_inst/O
                         net (fo=5, routed)           3.361     4.270    divider_t2/reset_n_IBUF
    SLICE_X14Y109        LUT1 (Prop_lut1_I0_O)        0.105     4.375 f  divider_t2/busy_i_2/O
                         net (fo=1452, routed)        6.821    11.196    divider_t2_n_0
    SLICE_X6Y61          FDCE                                         f  m_debug_reg[19]/CLR
  -------------------------------------------------------------------    -------------------

                         (clock sys_clk rise edge)    0.000     0.000 r  <hidden>
    U20                                               0.000     0.000 r  clk
                         net (fo=0)                   0.000     0.000    clk
    U20                  IBUF (Prop_ibuf_I_O)         0.794     0.794 r  clk_IBUF_inst/O
                         net (fo=1, routed)           1.734     2.528    clk_IBUF
    BUFGCTRL_X0Y0        BUFG (Prop_bufg_I_O)         0.077     2.605 r  clk_IBUF_BUFG_inst/O
                         net (fo=1452, routed)        1.594     4.199    clk_IBUF_BUFG
    SLICE_X6Y61          FDCE                                         r  m_debug_reg[19]/C

Slack:                    inf
  Source:                 reset_n
                            (input port)
  Destination:            m_debug_reg[1]/CLR
                            (recovery check against rising-edge clock sys_clk  {rise@0.000ns fall@10.000ns period=20.000ns})
  Path Group:             (none)
  Path Type:              Recovery (Max at Slow Process Corner)
  Data Path Delay:        11.149ns  (logic 1.014ns (9.094%)  route 10.135ns (90.906%))
  Logic Levels:           2  (IBUF=1 LUT1=1)
  Clock Path Skew:        4.199ns (DCD - SCD + CPR)
    Destination Clock Delay (DCD):    4.199ns
    Source Clock Delay      (SCD):    0.000ns
    Clock Pessimism Removal (CPR):    0.000ns
  Clock Uncertainty:      0.025ns  ((TSJ^2 + TIJ^2)^1/2 + DJ) / 2 + PE
    Total System Jitter     (TSJ):    0.050ns
    Total Input Jitter      (TIJ):    0.000ns
    Discrete Jitter          (DJ):    0.000ns
    Phase Error              (PE):    0.000ns

    Location             Delay type                Incr(ns)  Path(ns)    Netlist Resource(s)
  -------------------------------------------------------------------    -------------------
    P20                                               0.000     0.000 r  reset_n
                         net (fo=0)                   0.000     0.000    reset_n
    P20                  IBUF (Prop_ibuf_I_O)         0.909     0.909 r  reset_n_IBUF_inst/O
                         net (fo=5, routed)           3.361     4.270    divider_t2/reset_n_IBUF
    SLICE_X14Y109        LUT1 (Prop_lut1_I0_O)        0.105     4.375 f  divider_t2/busy_i_2/O
                         net (fo=1452, routed)        6.774    11.149    divider_t2_n_0
    SLICE_X2Y63          FDCE                                         f  m_debug_reg[1]/CLR
  -------------------------------------------------------------------    -------------------

                         (clock sys_clk rise edge)    0.000     0.000 r  <hidden>
    U20                                               0.000     0.000 r  clk
                         net (fo=0)                   0.000     0.000    clk
    U20                  IBUF (Prop_ibuf_I_O)         0.794     0.794 r  clk_IBUF_inst/O
                         net (fo=1, routed)           1.734     2.528    clk_IBUF
    BUFGCTRL_X0Y0        BUFG (Prop_bufg_I_O)         0.077     2.605 r  clk_IBUF_BUFG_inst/O
                         net (fo=1452, routed)        1.594     4.199    clk_IBUF_BUFG
    SLICE_X2Y63          FDCE                                         r  m_debug_reg[1]/C

Slack:                    inf
  Source:                 reset_n
                            (input port)
  Destination:            m_debug_reg[9]/CLR
                            (recovery check against rising-edge clock sys_clk  {rise@0.000ns fall@10.000ns period=20.000ns})
  Path Group:             (none)
  Path Type:              Recovery (Max at Slow Process Corner)
  Data Path Delay:        11.149ns  (logic 1.014ns (9.094%)  route 10.135ns (90.906%))
  Logic Levels:           2  (IBUF=1 LUT1=1)
  Clock Path Skew:        4.199ns (DCD - SCD + CPR)
    Destination Clock Delay (DCD):    4.199ns
    Source Clock Delay      (SCD):    0.000ns
    Clock Pessimism Removal (CPR):    0.000ns
  Clock Uncertainty:      0.025ns  ((TSJ^2 + TIJ^2)^1/2 + DJ) / 2 + PE
    Total System Jitter     (TSJ):    0.050ns
    Total Input Jitter      (TIJ):    0.000ns
    Discrete Jitter          (DJ):    0.000ns
    Phase Error              (PE):    0.000ns

    Location             Delay type                Incr(ns)  Path(ns)    Netlist Resource(s)
  -------------------------------------------------------------------    -------------------
    P20                                               0.000     0.000 r  reset_n
                         net (fo=0)                   0.000     0.000    reset_n
    P20                  IBUF (Prop_ibuf_I_O)         0.909     0.909 r  reset_n_IBUF_inst/O
                         net (fo=5, routed)           3.361     4.270    divider_t2/reset_n_IBUF
    SLICE_X14Y109        LUT1 (Prop_lut1_I0_O)        0.105     4.375 f  divider_t2/busy_i_2/O
                         net (fo=1452, routed)        6.774    11.149    divider_t2_n_0
    SLICE_X3Y63          FDCE                                         f  m_debug_reg[9]/CLR
  -------------------------------------------------------------------    -------------------

                         (clock sys_clk rise edge)    0.000     0.000 r  <hidden>
    U20                                               0.000     0.000 r  clk
                         net (fo=0)                   0.000     0.000    clk
    U20                  IBUF (Prop_ibuf_I_O)         0.794     0.794 r  clk_IBUF_inst/O
                         net (fo=1, routed)           1.734     2.528    clk_IBUF
    BUFGCTRL_X0Y0        BUFG (Prop_bufg_I_O)         0.077     2.605 r  clk_IBUF_BUFG_inst/O
                         net (fo=1452, routed)        1.594     4.199    clk_IBUF_BUFG
    SLICE_X3Y63          FDCE                                         r  m_debug_reg[9]/C

Slack:                    inf
  Source:                 reset_n
                            (input port)
  Destination:            divider_t2/quotient_reg[18]/CLR
                            (recovery check against rising-edge clock sys_clk  {rise@0.000ns fall@10.000ns period=20.000ns})
  Path Group:             (none)
  Path Type:              Recovery (Max at Slow Process Corner)
  Data Path Delay:        11.120ns  (logic 1.014ns (9.118%)  route 10.106ns (90.882%))
  Logic Levels:           2  (IBUF=1 LUT1=1)
  Clock Path Skew:        4.121ns (DCD - SCD + CPR)
    Destination Clock Delay (DCD):    4.121ns
    Source Clock Delay      (SCD):    0.000ns
    Clock Pessimism Removal (CPR):    0.000ns
  Clock Uncertainty:      0.025ns  ((TSJ^2 + TIJ^2)^1/2 + DJ) / 2 + PE
    Total System Jitter     (TSJ):    0.050ns
    Total Input Jitter      (TIJ):    0.000ns
    Discrete Jitter          (DJ):    0.000ns
    Phase Error              (PE):    0.000ns

    Location             Delay type                Incr(ns)  Path(ns)    Netlist Resource(s)
  -------------------------------------------------------------------    -------------------
    P20                                               0.000     0.000 r  reset_n
                         net (fo=0)                   0.000     0.000    reset_n
    P20                  IBUF (Prop_ibuf_I_O)         0.909     0.909 r  reset_n_IBUF_inst/O
                         net (fo=5, routed)           3.361     4.270    divider_t2/reset_n_IBUF
    SLICE_X14Y109        LUT1 (Prop_lut1_I0_O)        0.105     4.375 f  divider_t2/busy_i_2/O
                         net (fo=1452, routed)        6.745    11.120    divider_t2/reset_n
    SLICE_X26Y85         FDCE                                         f  divider_t2/quotient_reg[18]/CLR
  -------------------------------------------------------------------    -------------------

                         (clock sys_clk rise edge)    0.000     0.000 r  <hidden>
    U20                                               0.000     0.000 r  clk
                         net (fo=0)                   0.000     0.000    clk
    U20                  IBUF (Prop_ibuf_I_O)         0.794     0.794 r  clk_IBUF_inst/O
                         net (fo=1, routed)           1.734     2.528    clk_IBUF
    BUFGCTRL_X0Y0        BUFG (Prop_bufg_I_O)         0.077     2.605 r  clk_IBUF_BUFG_inst/O
                         net (fo=1452, routed)        1.516     4.121    divider_t2/clk_IBUF_BUFG
    SLICE_X26Y85         FDCE                                         r  divider_t2/quotient_reg[18]/C

Slack:                    inf
  Source:                 reset_n
                            (input port)
  Destination:            divider_t2/quotient_reg[19]/CLR
                            (recovery check against rising-edge clock sys_clk  {rise@0.000ns fall@10.000ns period=20.000ns})
  Path Group:             (none)
  Path Type:              Recovery (Max at Slow Process Corner)
  Data Path Delay:        11.120ns  (logic 1.014ns (9.118%)  route 10.106ns (90.882%))
  Logic Levels:           2  (IBUF=1 LUT1=1)
  Clock Path Skew:        4.121ns (DCD - SCD + CPR)
    Destination Clock Delay (DCD):    4.121ns
    Source Clock Delay      (SCD):    0.000ns
    Clock Pessimism Removal (CPR):    0.000ns
  Clock Uncertainty:      0.025ns  ((TSJ^2 + TIJ^2)^1/2 + DJ) / 2 + PE
    Total System Jitter     (TSJ):    0.050ns
    Total Input Jitter      (TIJ):    0.000ns
    Discrete Jitter          (DJ):    0.000ns
    Phase Error              (PE):    0.000ns

    Location             Delay type                Incr(ns)  Path(ns)    Netlist Resource(s)
  -------------------------------------------------------------------    -------------------
    P20                                               0.000     0.000 r  reset_n
                         net (fo=0)                   0.000     0.000    reset_n
    P20                  IBUF (Prop_ibuf_I_O)         0.909     0.909 r  reset_n_IBUF_inst/O
                         net (fo=5, routed)           3.361     4.270    divider_t2/reset_n_IBUF
    SLICE_X14Y109        LUT1 (Prop_lut1_I0_O)        0.105     4.375 f  divider_t2/busy_i_2/O
                         net (fo=1452, routed)        6.745    11.120    divider_t2/reset_n
    SLICE_X26Y85         FDCE                                         f  divider_t2/quotient_reg[19]/CLR
  -------------------------------------------------------------------    -------------------

                         (clock sys_clk rise edge)    0.000     0.000 r  <hidden>
    U20                                               0.000     0.000 r  clk
                         net (fo=0)                   0.000     0.000    clk
    U20                  IBUF (Prop_ibuf_I_O)         0.794     0.794 r  clk_IBUF_inst/O
                         net (fo=1, routed)           1.734     2.528    clk_IBUF
    BUFGCTRL_X0Y0        BUFG (Prop_bufg_I_O)         0.077     2.605 r  clk_IBUF_BUFG_inst/O
                         net (fo=1452, routed)        1.516     4.121    divider_t2/clk_IBUF_BUFG
    SLICE_X26Y85         FDCE                                         r  divider_t2/quotient_reg[19]/C

Slack:                    inf
  Source:                 reset_n
                            (input port)
  Destination:            divider_t2/work_result_reg[17]/CLR
                            (recovery check against rising-edge clock sys_clk  {rise@0.000ns fall@10.000ns period=20.000ns})
  Path Group:             (none)
  Path Type:              Recovery (Max at Slow Process Corner)
  Data Path Delay:        11.117ns  (logic 1.014ns (9.121%)  route 10.103ns (90.879%))
  Logic Levels:           2  (IBUF=1 LUT1=1)
  Clock Path Skew:        4.121ns (DCD - SCD + CPR)
    Destination Clock Delay (DCD):    4.121ns
    Source Clock Delay      (SCD):    0.000ns
    Clock Pessimism Removal (CPR):    0.000ns
  Clock Uncertainty:      0.025ns  ((TSJ^2 + TIJ^2)^1/2 + DJ) / 2 + PE
    Total System Jitter     (TSJ):    0.050ns
    Total Input Jitter      (TIJ):    0.000ns
    Discrete Jitter          (DJ):    0.000ns
    Phase Error              (PE):    0.000ns

    Location             Delay type                Incr(ns)  Path(ns)    Netlist Resource(s)
  -------------------------------------------------------------------    -------------------
    P20                                               0.000     0.000 r  reset_n
                         net (fo=0)                   0.000     0.000    reset_n
    P20                  IBUF (Prop_ibuf_I_O)         0.909     0.909 r  reset_n_IBUF_inst/O
                         net (fo=5, routed)           3.361     4.270    divider_t2/reset_n_IBUF
    SLICE_X14Y109        LUT1 (Prop_lut1_I0_O)        0.105     4.375 f  divider_t2/busy_i_2/O
                         net (fo=1452, routed)        6.742    11.117    divider_t2/reset_n
    SLICE_X27Y85         FDCE                                         f  divider_t2/work_result_reg[17]/CLR
  -------------------------------------------------------------------    -------------------

                         (clock sys_clk rise edge)    0.000     0.000 r  <hidden>
    U20                                               0.000     0.000 r  clk
                         net (fo=0)                   0.000     0.000    clk
    U20                  IBUF (Prop_ibuf_I_O)         0.794     0.794 r  clk_IBUF_inst/O
                         net (fo=1, routed)           1.734     2.528    clk_IBUF
    BUFGCTRL_X0Y0        BUFG (Prop_bufg_I_O)         0.077     2.605 r  clk_IBUF_BUFG_inst/O
                         net (fo=1452, routed)        1.516     4.121    divider_t2/clk_IBUF_BUFG
    SLICE_X27Y85         FDCE                                         r  divider_t2/work_result_reg[17]/C

Slack:                    inf
  Source:                 reset_n
                            (input port)
  Destination:            divider_t2/work_result_reg[18]/CLR
                            (recovery check against rising-edge clock sys_clk  {rise@0.000ns fall@10.000ns period=20.000ns})
  Path Group:             (none)
  Path Type:              Recovery (Max at Slow Process Corner)
  Data Path Delay:        11.117ns  (logic 1.014ns (9.121%)  route 10.103ns (90.879%))
  Logic Levels:           2  (IBUF=1 LUT1=1)
  Clock Path Skew:        4.121ns (DCD - SCD + CPR)
    Destination Clock Delay (DCD):    4.121ns
    Source Clock Delay      (SCD):    0.000ns
    Clock Pessimism Removal (CPR):    0.000ns
  Clock Uncertainty:      0.025ns  ((TSJ^2 + TIJ^2)^1/2 + DJ) / 2 + PE
    Total System Jitter     (TSJ):    0.050ns
    Total Input Jitter      (TIJ):    0.000ns
    Discrete Jitter          (DJ):    0.000ns
    Phase Error              (PE):    0.000ns

    Location             Delay type                Incr(ns)  Path(ns)    Netlist Resource(s)
  -------------------------------------------------------------------    -------------------
    P20                                               0.000     0.000 r  reset_n
                         net (fo=0)                   0.000     0.000    reset_n
    P20                  IBUF (Prop_ibuf_I_O)         0.909     0.909 r  reset_n_IBUF_inst/O
                         net (fo=5, routed)           3.361     4.270    divider_t2/reset_n_IBUF
    SLICE_X14Y109        LUT1 (Prop_lut1_I0_O)        0.105     4.375 f  divider_t2/busy_i_2/O
                         net (fo=1452, routed)        6.742    11.117    divider_t2/reset_n
    SLICE_X27Y85         FDCE                                         f  divider_t2/work_result_reg[18]/CLR
  -------------------------------------------------------------------    -------------------

                         (clock sys_clk rise edge)    0.000     0.000 r  <hidden>
    U20                                               0.000     0.000 r  clk
                         net (fo=0)                   0.000     0.000    clk
    U20                  IBUF (Prop_ibuf_I_O)         0.794     0.794 r  clk_IBUF_inst/O
                         net (fo=1, routed)           1.734     2.528    clk_IBUF
    BUFGCTRL_X0Y0        BUFG (Prop_bufg_I_O)         0.077     2.605 r  clk_IBUF_BUFG_inst/O
                         net (fo=1452, routed)        1.516     4.121    divider_t2/clk_IBUF_BUFG
    SLICE_X27Y85         FDCE                                         r  divider_t2/work_result_reg[18]/C

Slack:                    inf
  Source:                 reset_n
                            (input port)
  Destination:            pending_duty_v_reg[14]/CLR
                            (recovery check against rising-edge clock sys_clk  {rise@0.000ns fall@10.000ns period=20.000ns})
  Path Group:             (none)
  Path Type:              Recovery (Max at Slow Process Corner)
  Data Path Delay:        11.102ns  (logic 1.014ns (9.133%)  route 10.088ns (90.867%))
  Logic Levels:           2  (IBUF=1 LUT1=1)
  Clock Path Skew:        4.191ns (DCD - SCD + CPR)
    Destination Clock Delay (DCD):    4.191ns
    Source Clock Delay      (SCD):    0.000ns
    Clock Pessimism Removal (CPR):    0.000ns
  Clock Uncertainty:      0.025ns  ((TSJ^2 + TIJ^2)^1/2 + DJ) / 2 + PE
    Total System Jitter     (TSJ):    0.050ns
    Total Input Jitter      (TIJ):    0.000ns
    Discrete Jitter          (DJ):    0.000ns
    Phase Error              (PE):    0.000ns

    Location             Delay type                Incr(ns)  Path(ns)    Netlist Resource(s)
  -------------------------------------------------------------------    -------------------
    P20                                               0.000     0.000 r  reset_n
                         net (fo=0)                   0.000     0.000    reset_n
    P20                  IBUF (Prop_ibuf_I_O)         0.909     0.909 r  reset_n_IBUF_inst/O
                         net (fo=5, routed)           3.361     4.270    divider_t2/reset_n_IBUF
    SLICE_X14Y109        LUT1 (Prop_lut1_I0_O)        0.105     4.375 f  divider_t2/busy_i_2/O
                         net (fo=1452, routed)        6.727    11.102    divider_t2_n_0
    SLICE_X0Y71          FDCE                                         f  pending_duty_v_reg[14]/CLR
  -------------------------------------------------------------------    -------------------

                         (clock sys_clk rise edge)    0.000     0.000 r  <hidden>
    U20                                               0.000     0.000 r  clk
                         net (fo=0)                   0.000     0.000    clk
    U20                  IBUF (Prop_ibuf_I_O)         0.794     0.794 r  clk_IBUF_inst/O
                         net (fo=1, routed)           1.734     2.528    clk_IBUF
    BUFGCTRL_X0Y0        BUFG (Prop_bufg_I_O)         0.077     2.605 r  clk_IBUF_BUFG_inst/O
                         net (fo=1452, routed)        1.586     4.191    clk_IBUF_BUFG
    SLICE_X0Y71          FDCE                                         r  pending_duty_v_reg[14]/C





Min Delay Paths
--------------------------------------------------------------------------------------
Slack:                    inf
  Source:                 input_valid
                            (input port)
  Destination:            busy_reg_rep/D
                            (rising edge-triggered cell FDCE clocked by sys_clk  {rise@0.000ns fall@10.000ns period=20.000ns})
  Path Group:             (none)
  Path Type:              Hold (Min at Fast Process Corner)
  Data Path Delay:        1.362ns  (logic 0.251ns (18.407%)  route 1.111ns (81.593%))
  Logic Levels:           2  (IBUF=1 LUT4=1)
  Clock Path Skew:        2.189ns (DCD - SCD - CPR)
    Destination Clock Delay (DCD):    2.189ns
    Source Clock Delay      (SCD):    0.000ns
    Clock Pessimism Removal (CPR):    -0.000ns

    Location             Delay type                Incr(ns)  Path(ns)    Netlist Resource(s)
  -------------------------------------------------------------------    -------------------
    P22                                               0.000     0.000 r  input_valid
                         net (fo=0)                   0.000     0.000    input_valid
    P22                  IBUF (Prop_ibuf_I_O)         0.206     0.206 r  input_valid_IBUF_inst/O
                         net (fo=14, routed)          1.111     1.317    input_valid_IBUF
    SLICE_X2Y95          LUT4 (Prop_lut4_I3_O)        0.045     1.362 r  busy_rep_i_1/O
                         net (fo=1, routed)           0.000     1.362    busy_rep_i_1_n_0
    SLICE_X2Y95          FDCE                                         r  busy_reg_rep/D
  -------------------------------------------------------------------    -------------------

                         (clock sys_clk rise edge)    0.000     0.000 r  <hidden>
    U20                                               0.000     0.000 r  clk
                         net (fo=0)                   0.000     0.000    clk
    U20                  IBUF (Prop_ibuf_I_O)         0.411     0.411 r  clk_IBUF_inst/O
                         net (fo=1, routed)           0.750     1.160    clk_IBUF
    BUFGCTRL_X0Y0        BUFG (Prop_bufg_I_O)         0.029     1.189 r  clk_IBUF_BUFG_inst/O
                         net (fo=1452, routed)        1.000     2.189    clk_IBUF_BUFG
    SLICE_X2Y95          FDCE                                         r  busy_reg_rep/C

Slack:                    inf
  Source:                 vdc[4]
                            (input port)
  Destination:            captured_vdc_reg[4]/D
                            (rising edge-triggered cell FDCE clocked by sys_clk  {rise@0.000ns fall@10.000ns period=20.000ns})
  Path Group:             (none)
  Path Type:              Hold (Min at Fast Process Corner)
  Data Path Delay:        1.414ns  (logic 0.223ns (15.767%)  route 1.191ns (84.233%))
  Logic Levels:           1  (IBUF=1)
  Clock Path Skew:        2.152ns (DCD - SCD - CPR)
    Destination Clock Delay (DCD):    2.152ns
    Source Clock Delay      (SCD):    0.000ns
    Clock Pessimism Removal (CPR):    -0.000ns

    Location             Delay type                Incr(ns)  Path(ns)    Netlist Resource(s)
  -------------------------------------------------------------------    -------------------
    W19                                               0.000     0.000 r  vdc[4]
                         net (fo=0)                   0.000     0.000    vdc[4]
    W19                  IBUF (Prop_ibuf_I_O)         0.223     0.223 r  vdc_IBUF[4]_inst/O
                         net (fo=1, routed)           1.191     1.414    vdc_IBUF[4]
    SLICE_X13Y84         FDCE                                         r  captured_vdc_reg[4]/D
  -------------------------------------------------------------------    -------------------

                         (clock sys_clk rise edge)    0.000     0.000 r  <hidden>
    U20                                               0.000     0.000 r  clk
                         net (fo=0)                   0.000     0.000    clk
    U20                  IBUF (Prop_ibuf_I_O)         0.411     0.411 r  clk_IBUF_inst/O
                         net (fo=1, routed)           0.750     1.160    clk_IBUF
    BUFGCTRL_X0Y0        BUFG (Prop_bufg_I_O)         0.029     1.189 r  clk_IBUF_BUFG_inst/O
                         net (fo=1452, routed)        0.963     2.152    clk_IBUF_BUFG
    SLICE_X13Y84         FDCE                                         r  captured_vdc_reg[4]/C

Slack:                    inf
  Source:                 input_valid
                            (input port)
  Destination:            busy_reg/D
                            (rising edge-triggered cell FDCE clocked by sys_clk  {rise@0.000ns fall@10.000ns period=20.000ns})
  Path Group:             (none)
  Path Type:              Hold (Min at Fast Process Corner)
  Data Path Delay:        1.494ns  (logic 0.254ns (16.985%)  route 1.240ns (83.015%))
  Logic Levels:           2  (IBUF=1 LUT4=1)
  Clock Path Skew:        2.188ns (DCD - SCD - CPR)
    Destination Clock Delay (DCD):    2.188ns
    Source Clock Delay      (SCD):    0.000ns
    Clock Pessimism Removal (CPR):    -0.000ns

    Location             Delay type                Incr(ns)  Path(ns)    Netlist Resource(s)
  -------------------------------------------------------------------    -------------------
    P22                                               0.000     0.000 r  input_valid
                         net (fo=0)                   0.000     0.000    input_valid
    P22                  IBUF (Prop_ibuf_I_O)         0.206     0.206 r  input_valid_IBUF_inst/O
                         net (fo=14, routed)          1.240     1.446    input_valid_IBUF
    SLICE_X5Y97          LUT4 (Prop_lut4_I3_O)        0.048     1.494 r  busy_i_1__1/O
                         net (fo=1, routed)           0.000     1.494    busy_i_1__1_n_0
    SLICE_X5Y97          FDCE                                         r  busy_reg/D
  -------------------------------------------------------------------    -------------------

                         (clock sys_clk rise edge)    0.000     0.000 r  <hidden>
    U20                                               0.000     0.000 r  clk
                         net (fo=0)                   0.000     0.000    clk
    U20                  IBUF (Prop_ibuf_I_O)         0.411     0.411 r  clk_IBUF_inst/O
                         net (fo=1, routed)           0.750     1.160    clk_IBUF
    BUFGCTRL_X0Y0        BUFG (Prop_bufg_I_O)         0.029     1.189 r  clk_IBUF_BUFG_inst/O
                         net (fo=1452, routed)        0.999     2.188    clk_IBUF_BUFG
    SLICE_X5Y97          FDCE                                         r  busy_reg/C

Slack:                    inf
  Source:                 vdc[10]
                            (input port)
  Destination:            captured_vdc_reg[10]/D
                            (rising edge-triggered cell FDCE clocked by sys_clk  {rise@0.000ns fall@10.000ns period=20.000ns})
  Path Group:             (none)
  Path Type:              Hold (Min at Fast Process Corner)
  Data Path Delay:        1.575ns  (logic 0.246ns (15.593%)  route 1.329ns (84.407%))
  Logic Levels:           1  (IBUF=1)
  Clock Path Skew:        2.143ns (DCD - SCD - CPR)
    Destination Clock Delay (DCD):    2.143ns
    Source Clock Delay      (SCD):    0.000ns
    Clock Pessimism Removal (CPR):    -0.000ns

    Location             Delay type                Incr(ns)  Path(ns)    Netlist Resource(s)
  -------------------------------------------------------------------    -------------------
    AA21                                              0.000     0.000 r  vdc[10]
                         net (fo=0)                   0.000     0.000    vdc[10]
    AA21                 IBUF (Prop_ibuf_I_O)         0.246     0.246 r  vdc_IBUF[10]_inst/O
                         net (fo=1, routed)           1.329     1.575    vdc_IBUF[10]
    SLICE_X13Y73         FDCE                                         r  captured_vdc_reg[10]/D
  -------------------------------------------------------------------    -------------------

                         (clock sys_clk rise edge)    0.000     0.000 r  <hidden>
    U20                                               0.000     0.000 r  clk
                         net (fo=0)                   0.000     0.000    clk
    U20                  IBUF (Prop_ibuf_I_O)         0.411     0.411 r  clk_IBUF_inst/O
                         net (fo=1, routed)           0.750     1.160    clk_IBUF
    BUFGCTRL_X0Y0        BUFG (Prop_bufg_I_O)         0.029     1.189 r  clk_IBUF_BUFG_inst/O
                         net (fo=1452, routed)        0.954     2.143    clk_IBUF_BUFG
    SLICE_X13Y73         FDCE                                         r  captured_vdc_reg[10]/C

Slack:                    inf
  Source:                 vdc[18]
                            (input port)
  Destination:            captured_vdc_reg[18]/D
                            (rising edge-triggered cell FDCE clocked by sys_clk  {rise@0.000ns fall@10.000ns period=20.000ns})
  Path Group:             (none)
  Path Type:              Hold (Min at Fast Process Corner)
  Data Path Delay:        1.598ns  (logic 0.225ns (14.050%)  route 1.373ns (85.950%))
  Logic Levels:           1  (IBUF=1)
  Clock Path Skew:        2.143ns (DCD - SCD - CPR)
    Destination Clock Delay (DCD):    2.143ns
    Source Clock Delay      (SCD):    0.000ns
    Clock Pessimism Removal (CPR):    -0.000ns

    Location             Delay type                Incr(ns)  Path(ns)    Netlist Resource(s)
  -------------------------------------------------------------------    -------------------
    U21                                               0.000     0.000 r  vdc[18]
                         net (fo=0)                   0.000     0.000    vdc[18]
    U21                  IBUF (Prop_ibuf_I_O)         0.225     0.225 r  vdc_IBUF[18]_inst/O
                         net (fo=1, routed)           1.373     1.598    vdc_IBUF[18]
    SLICE_X12Y76         FDCE                                         r  captured_vdc_reg[18]/D
  -------------------------------------------------------------------    -------------------

                         (clock sys_clk rise edge)    0.000     0.000 r  <hidden>
    U20                                               0.000     0.000 r  clk
                         net (fo=0)                   0.000     0.000    clk
    U20                  IBUF (Prop_ibuf_I_O)         0.411     0.411 r  clk_IBUF_inst/O
                         net (fo=1, routed)           0.750     1.160    clk_IBUF
    BUFGCTRL_X0Y0        BUFG (Prop_bufg_I_O)         0.029     1.189 r  clk_IBUF_BUFG_inst/O
                         net (fo=1452, routed)        0.954     2.143    clk_IBUF_BUFG
    SLICE_X12Y76         FDCE                                         r  captured_vdc_reg[18]/C

Slack:                    inf
  Source:                 vdc[16]
                            (input port)
  Destination:            captured_vdc_reg[16]/D
                            (rising edge-triggered cell FDCE clocked by sys_clk  {rise@0.000ns fall@10.000ns period=20.000ns})
  Path Group:             (none)
  Path Type:              Hold (Min at Fast Process Corner)
  Data Path Delay:        1.614ns  (logic 0.202ns (12.510%)  route 1.412ns (87.490%))
  Logic Levels:           1  (IBUF=1)
  Clock Path Skew:        2.143ns (DCD - SCD - CPR)
    Destination Clock Delay (DCD):    2.143ns
    Source Clock Delay      (SCD):    0.000ns
    Clock Pessimism Removal (CPR):    -0.000ns

    Location             Delay type                Incr(ns)  Path(ns)    Netlist Resource(s)
  -------------------------------------------------------------------    -------------------
    R19                                               0.000     0.000 r  vdc[16]
                         net (fo=0)                   0.000     0.000    vdc[16]
    R19                  IBUF (Prop_ibuf_I_O)         0.202     0.202 r  vdc_IBUF[16]_inst/O
                         net (fo=1, routed)           1.412     1.614    vdc_IBUF[16]
    SLICE_X12Y76         FDCE                                         r  captured_vdc_reg[16]/D
  -------------------------------------------------------------------    -------------------

                         (clock sys_clk rise edge)    0.000     0.000 r  <hidden>
    U20                                               0.000     0.000 r  clk
                         net (fo=0)                   0.000     0.000    clk
    U20                  IBUF (Prop_ibuf_I_O)         0.411     0.411 r  clk_IBUF_inst/O
                         net (fo=1, routed)           0.750     1.160    clk_IBUF
    BUFGCTRL_X0Y0        BUFG (Prop_bufg_I_O)         0.029     1.189 r  clk_IBUF_BUFG_inst/O
                         net (fo=1452, routed)        0.954     2.143    clk_IBUF_BUFG
    SLICE_X12Y76         FDCE                                         r  captured_vdc_reg[16]/C

Slack:                    inf
  Source:                 input_valid
                            (input port)
  Destination:            busy_reg_rep__1/D
                            (rising edge-triggered cell FDCE clocked by sys_clk  {rise@0.000ns fall@10.000ns period=20.000ns})
  Path Group:             (none)
  Path Type:              Hold (Min at Fast Process Corner)
  Data Path Delay:        1.629ns  (logic 0.254ns (15.575%)  route 1.375ns (84.425%))
  Logic Levels:           2  (IBUF=1 LUT4=1)
  Clock Path Skew:        2.187ns (DCD - SCD - CPR)
    Destination Clock Delay (DCD):    2.187ns
    Source Clock Delay      (SCD):    0.000ns
    Clock Pessimism Removal (CPR):    -0.000ns

    Location             Delay type                Incr(ns)  Path(ns)    Netlist Resource(s)
  -------------------------------------------------------------------    -------------------
    P22                                               0.000     0.000 r  input_valid
                         net (fo=0)                   0.000     0.000    input_valid
    P22                  IBUF (Prop_ibuf_I_O)         0.206     0.206 r  input_valid_IBUF_inst/O
                         net (fo=14, routed)          1.111     1.317    input_valid_IBUF
    SLICE_X2Y95          LUT4 (Prop_lut4_I3_O)        0.048     1.365 r  busy_rep__1_i_1/O
                         net (fo=1, routed)           0.264     1.629    busy_rep__1_i_1_n_0
    SLICE_X4Y93          FDCE                                         r  busy_reg_rep__1/D
  -------------------------------------------------------------------    -------------------

                         (clock sys_clk rise edge)    0.000     0.000 r  <hidden>
    U20                                               0.000     0.000 r  clk
                         net (fo=0)                   0.000     0.000    clk
    U20                  IBUF (Prop_ibuf_I_O)         0.411     0.411 r  clk_IBUF_inst/O
                         net (fo=1, routed)           0.750     1.160    clk_IBUF
    BUFGCTRL_X0Y0        BUFG (Prop_bufg_I_O)         0.029     1.189 r  clk_IBUF_BUFG_inst/O
                         net (fo=1452, routed)        0.998     2.187    clk_IBUF_BUFG
    SLICE_X4Y93          FDCE                                         r  busy_reg_rep__1/C

Slack:                    inf
  Source:                 vdc[19]
                            (input port)
  Destination:            captured_vdc_reg[19]/D
                            (rising edge-triggered cell FDCE clocked by sys_clk  {rise@0.000ns fall@10.000ns period=20.000ns})
  Path Group:             (none)
  Path Type:              Hold (Min at Fast Process Corner)
  Data Path Delay:        1.629ns  (logic 0.217ns (13.318%)  route 1.412ns (86.682%))
  Logic Levels:           1  (IBUF=1)
  Clock Path Skew:        2.143ns (DCD - SCD - CPR)
    Destination Clock Delay (DCD):    2.143ns
    Source Clock Delay      (SCD):    0.000ns
    Clock Pessimism Removal (CPR):    -0.000ns

    Location             Delay type                Incr(ns)  Path(ns)    Netlist Resource(s)
  -------------------------------------------------------------------    -------------------
    T21                                               0.000     0.000 r  vdc[19]
                         net (fo=0)                   0.000     0.000    vdc[19]
    T21                  IBUF (Prop_ibuf_I_O)         0.217     0.217 r  vdc_IBUF[19]_inst/O
                         net (fo=1, routed)           1.412     1.629    vdc_IBUF[19]
    SLICE_X12Y76         FDCE                                         r  captured_vdc_reg[19]/D
  -------------------------------------------------------------------    -------------------

                         (clock sys_clk rise edge)    0.000     0.000 r  <hidden>
    U20                                               0.000     0.000 r  clk
                         net (fo=0)                   0.000     0.000    clk
    U20                  IBUF (Prop_ibuf_I_O)         0.411     0.411 r  clk_IBUF_inst/O
                         net (fo=1, routed)           0.750     1.160    clk_IBUF
    BUFGCTRL_X0Y0        BUFG (Prop_bufg_I_O)         0.029     1.189 r  clk_IBUF_BUFG_inst/O
                         net (fo=1452, routed)        0.954     2.143    clk_IBUF_BUFG
    SLICE_X12Y76         FDCE                                         r  captured_vdc_reg[19]/C

Slack:                    inf
  Source:                 vdc[6]
                            (input port)
  Destination:            captured_vdc_reg[6]/D
                            (rising edge-triggered cell FDCE clocked by sys_clk  {rise@0.000ns fall@10.000ns period=20.000ns})
  Path Group:             (none)
  Path Type:              Hold (Min at Fast Process Corner)
  Data Path Delay:        1.653ns  (logic 0.257ns (15.527%)  route 1.396ns (84.473%))
  Logic Levels:           1  (IBUF=1)
  Clock Path Skew:        2.143ns (DCD - SCD - CPR)
    Destination Clock Delay (DCD):    2.143ns
    Source Clock Delay      (SCD):    0.000ns
    Clock Pessimism Removal (CPR):    -0.000ns

    Location             Delay type                Incr(ns)  Path(ns)    Netlist Resource(s)
  -------------------------------------------------------------------    -------------------
    AB22                                              0.000     0.000 r  vdc[6]
                         net (fo=0)                   0.000     0.000    vdc[6]
    AB22                 IBUF (Prop_ibuf_I_O)         0.257     0.257 r  vdc_IBUF[6]_inst/O
                         net (fo=1, routed)           1.396     1.653    vdc_IBUF[6]
    SLICE_X13Y73         FDCE                                         r  captured_vdc_reg[6]/D
  -------------------------------------------------------------------    -------------------

                         (clock sys_clk rise edge)    0.000     0.000 r  <hidden>
    U20                                               0.000     0.000 r  clk
                         net (fo=0)                   0.000     0.000    clk
    U20                  IBUF (Prop_ibuf_I_O)         0.411     0.411 r  clk_IBUF_inst/O
                         net (fo=1, routed)           0.750     1.160    clk_IBUF
    BUFGCTRL_X0Y0        BUFG (Prop_bufg_I_O)         0.029     1.189 r  clk_IBUF_BUFG_inst/O
                         net (fo=1452, routed)        0.954     2.143    clk_IBUF_BUFG
    SLICE_X13Y73         FDCE                                         r  captured_vdc_reg[6]/C

Slack:                    inf
  Source:                 vdc[12]
                            (input port)
  Destination:            captured_vdc_reg[12]/D
                            (rising edge-triggered cell FDCE clocked by sys_clk  {rise@0.000ns fall@10.000ns period=20.000ns})
  Path Group:             (none)
  Path Type:              Hold (Min at Fast Process Corner)
  Data Path Delay:        1.682ns  (logic 0.246ns (14.642%)  route 1.436ns (85.358%))
  Logic Levels:           1  (IBUF=1)
  Clock Path Skew:        2.142ns (DCD - SCD - CPR)
    Destination Clock Delay (DCD):    2.142ns
    Source Clock Delay      (SCD):    0.000ns
    Clock Pessimism Removal (CPR):    -0.000ns

    Location             Delay type                Incr(ns)  Path(ns)    Netlist Resource(s)
  -------------------------------------------------------------------    -------------------
    W22                                               0.000     0.000 r  vdc[12]
                         net (fo=0)                   0.000     0.000    vdc[12]
    W22                  IBUF (Prop_ibuf_I_O)         0.246     0.246 r  vdc_IBUF[12]_inst/O
                         net (fo=1, routed)           1.436     1.682    vdc_IBUF[12]
    SLICE_X13Y75         FDCE                                         r  captured_vdc_reg[12]/D
  -------------------------------------------------------------------    -------------------

                         (clock sys_clk rise edge)    0.000     0.000 r  <hidden>
    U20                                               0.000     0.000 r  clk
                         net (fo=0)                   0.000     0.000    clk
    U20                  IBUF (Prop_ibuf_I_O)         0.411     0.411 r  clk_IBUF_inst/O
                         net (fo=1, routed)           0.750     1.160    clk_IBUF
    BUFGCTRL_X0Y0        BUFG (Prop_bufg_I_O)         0.029     1.189 r  clk_IBUF_BUFG_inst/O
                         net (fo=1452, routed)        0.953     2.142    clk_IBUF_BUFG
    SLICE_X13Y75         FDCE                                         r  captured_vdc_reg[12]/C
