suite,row,time_ps,cycle,iq_ref,u,x_old,saturated,x_next,d_old,d_next,hard,int_reset,limited,error,P,KiTs,AW
0,9,900171000,45009,0,0,0,0,0,0,0,0,0,0,0,0,0,0
0,19,1900171000,95009,0,0,0,0,0,0,0,0,0,0,0,0,0,0
0,29,2900171000,145009,0,0,0,0,0,0,0,0,0,0,0,0,0,0
0,39,3900171000,195009,0,0,0,0,0,0,0,0,0,0,0,0,0,0
0,49,4900171000,245009,1182,38726592,0,0,3098128,0,0,0,0,38726592,2097152,38726592,3098128,0
0,59,5900171000,295009,1276,41824720,3098128,0,6196256,0,0,0,0,41824720,2097152,38726592,3098128,0
0,69,6900171000,345009,1371,44922848,6196256,0,9294384,0,0,0,0,44922848,2097152,38726592,3098128,0
0,79,7900171000,395009,1465,48020976,9294384,0,12392512,0,0,0,0,48020976,2097152,38726592,3098128,0
0,89,8900171000,445009,1560,51119104,12392512,0,15490640,0,0,0,0,51119104,2097152,38726592,3098128,0
0,99,9900171000,495009,1655,54217232,15490640,0,18588768,0,0,0,0,54217232,2097152,38726592,3098128,0
0,109,10900171000,545009,1749,57315360,18588768,0,21686896,0,0,0,0,57315360,2097152,38726592,3098128,0
0,119,11900171000,595009,1844,60413488,21686896,0,24785024,0,0,0,0,60413488,2097152,38726592,3098128,0
0,129,12900171000,645009,1938,63511616,24785024,0,27883152,0,0,0,0,63511616,2097152,38726592,3098128,0
0,139,13900171000,695009,2033,66609744,27883152,0,30981280,0,0,0,0,66609744,2097152,38726592,3098128,0
0,149,14900171000,745009,2127,69707872,30981280,0,34079408,0,0,0,0,69707872,2097152,38726592,3098128,0
0,159,15900171000,795009,2222,72806000,34079408,0,37177536,0,0,0,0,72806000,2097152,38726592,3098128,0
0,169,16900171000,845009,-47,-1549056,37177536,0,34079408,0,0,0,0,-1549056,-2097152,-38726592,-3098128,0
0,179,17900171000,895009,-142,-4647184,34079408,0,30981280,0,0,0,0,-4647184,-2097152,-38726592,-3098128,0
0,189,18900171000,945009,-236,-7745312,30981280,0,27883152,0,0,0,0,-7745312,-2097152,-38726592,-3098128,0
0,199,19900171000,995009,-331,-10843440,27883152,0,24785024,0,0,0,0,-10843440,-2097152,-38726592,-3098128,0
0,209,20900171000,1045009,-425,-13941568,24785024,0,21686896,0,0,0,0,-13941568,-2097152,-38726592,-3098128,0
0,219,21900171000,1095009,-520,-17039696,21686896,0,18588768,0,0,0,0,-17039696,-2097152,-38726592,-3098128,0
0,229,22900171000,1145009,-615,-20137824,18588768,0,15490640,0,0,0,0,-20137824,-2097152,-38726592,-3098128,0
0,239,23900171000,1195009,-709,-23235952,15490640,0,12392512,0,0,0,0,-23235952,-2097152,-38726592,-3098128,0
0,249,24900171000,1245009,-804,-26334080,12392512,0,9294384,0,0,0,0,-26334080,-2097152,-38726592,-3098128,0
0,259,25900171000,1295009,-898,-29432208,9294384,0,6196256,0,0,0,0,-29432208,-2097152,-38726592,-3098128,0
0,269,26900171000,1345009,-993,-32530336,6196256,0,3098128,0,0,0,0,-32530336,-2097152,-38726592,-3098128,0
0,279,27900171000,1395009,-1087,-35628464,3098128,0,0,0,0,0,0,-35628464,-2097152,-38726592,-3098128,0
0,289,28900171000,1445009,32768,2147483623,0,1,171798725,0,1073741799,0,0,1073741824,116292174,2147483623,171798725,0
0,299,29900171000,1495009,32768,2319282348,171798725,1,257698106,1073741799,1245540524,0,0,1073741824,116292174,2147483623,171798725,85899344
0,309,30900171000,1545009,32768,2405181729,257698106,1,329853589,1245540524,1331439905,0,0,1073741824,116292174,2147483623,171798725,99643242
0,319,31900171000,1595009,32768,2477337212,329853589,1,395137122,1331439905,1403595388,0,0,1073741824,116292174,2147483623,171798725,106515192
0,329,32900171000,1645009,32768,2542620745,395137122,1,454648216,1403595388,1468878921,0,0,1073741824,116292174,2147483623,171798725,112287631
0,339,33900171000,1695009,32768,2602131839,454648216,1,508936627,1468878921,1528390015,0,0,1073741824,116292174,2147483623,171798725,117510314
0,349,34900171000,1745009,32768,2656420250,508936627,1,536870912,1528390015,1582678426,0,0,1073741824,116292174,2147483623,171798725,122271201
0,359,35900171000,1795009,32768,2684354535,536870912,1,536870912,1582678426,1610612711,0,0,1073741824,116292174,2147483623,171798725,126614274
0,369,36900171000,1845009,32768,2684354535,536870912,1,536870912,1610612711,1610612711,0,0,1073741824,116292174,2147483623,171798725,128849017
0,379,37900171000,1895009,32768,2684354535,536870912,1,536870912,1610612711,1610612711,0,0,1073741824,116292174,2147483623,171798725,128849017
0,389,38900171000,1945009,32768,2684354535,536870912,1,536870912,1610612711,1610612711,0,0,1073741824,116292174,2147483623,171798725,128849017
0,399,39900171000,1995009,32768,2684354535,536870912,1,536870912,1610612711,1610612711,0,0,1073741824,116292174,2147483623,171798725,128849017
0,409,40900171000,2045009,32768,2684354535,536870912,1,536870912,1610612711,1610612711,0,0,1073741824,116292174,2147483623,171798725,128849017
0,419,41900171000,2095009,32768,2684354535,536870912,1,536870912,1610612711,1610612711,0,0,1073741824,116292174,2147483623,171798725,128849017
0,429,42900171000,2145009,32768,2684354535,536870912,1,536870912,1610612711,1610612711,0,0,1073741824,116292174,2147483623,171798725,128849017
0,439,43900171000,2195009,32768,2684354535,536870912,1,536870912,1610612711,1610612711,0,0,1073741824,116292174,2147483623,171798725,128849017
0,449,44900171000,2245009,0,2684354535,536870912,1,0,1610612711,1610612711,1,1,1073741824,116292174,2147483623,171798725,128849017
0,459,45900171000,2295009,32768,2147483623,0,1,42949708,1610612711,1073741799,0,0,1073741824,116292174,2147483623,171798725,128849017
0,469,46900171000,2345009,32768,2190433331,42949708,1,128849089,1073741799,1116691507,0,0,1073741824,116292174,2147483623,171798725,85899344
0,479,47900171000,2395009,32768,2276332712,128849089,1,211312493,1116691507,1202590888,0,0,1073741824,116292174,2147483623,171798725,89335321
0,489,48900171000,2445009,32768,2358796116,211312493,1,286903947,1202590888,1285054292,0,0,1073741824,116292174,2147483623,171798725,96207271
0,499,49900171000,2495009,32768,2434387570,286903947,1,355898329,1285054292,1360645746,0,0,1073741824,116292174,2147483623,171798725,102804343
0,509,50900171000,2545009,0,2503381952,355898329,1,0,1360645746,1429640128,1,1,1073741824,116292174,2147483623,171798725,108851660
0,519,51900171000,2595009,0,2147483623,0,1,0,1429640128,1073741799,1,1,1073741824,116292174,2147483623,171798725,114371210
0,529,52900171000,2645009,32768,2147483623,0,1,85899381,1073741799,1073741799,0,0,1073741824,116292174,2147483623,171798725,85899344
0,539,53900171000,2695009,32768,2233383004,85899381,1,171798762,1073741799,1159641180,0,0,1073741824,116292174,2147483623,171798725,85899344
0,549,54900171000,2745009,32768,2319282385,171798762,1,250826193,1159641180,1245540561,0,0,1073741824,116292174,2147483623,171798725,92771294
0,559,55900171000,2795009,32768,2398309816,250826193,1,322981673,1245540561,1324567992,0,0,1073741824,116292174,2147483623,171798725,99643245
0,569,56900171000,2845009,32768,2470465296,322981673,1,388814959,1324567992,1396723472,0,0,1073741824,116292174,2147483623,171798725,105965439
0,579,57900171000,2895009,32768,2536298582,388814959,1,448875806,1396723472,1462556758,0,0,1073741824,116292174,2147483623,171798725,111737878
0,589,58900171000,2945009,32768,2596359429,448875806,1,503669990,1462556758,1522617605,0,0,1073741824,116292174,2147483623,171798725,117004541
0,599,59900171000,2995009,32768,2651153613,503669990,1,536870912,1522617605,1577411789,0,0,1073741824,116292174,2147483623,171798725,121809409
0,609,60900171000,3045009,32768,2684354535,536870912,1,536870912,1577411789,1610612711,0,0,1073741824,116292174,2147483623,171798725,126192943
0,619,61900171000,3095009,32768,2684354535,536870912,1,536870912,1610612711,1610612711,0,0,1073741824,116292174,2147483623,171798725,128849017
0,629,62900171000,3145009,32768,2684354535,536870912,1,536870912,1610612711,1610612711,0,0,1073741824,116292174,2147483623,171798725,128849017
0,639,63900171000,3195009,32768,2684354535,536870912,1,536870912,1610612711,1610612711,0,0,1073741824,116292174,2147483623,171798725,128849017
0,649,64900171000,3245009,32768,2684354535,536870912,1,536870912,1610612711,1610612711,0,0,1073741824,116292174,2147483623,171798725,128849017
0,659,65900171000,3295009,32768,2684354535,536870912,1,536870912,1610612711,1610612711,0,0,1073741824,116292174,2147483623,171798725,128849017
0,669,66900171000,3345009,32768,2684354535,536870912,1,536870912,1610612711,1610612711,0,0,1073741824,116292174,2147483623,171798725,128849017
0,679,67900171000,3395009,32768,2684354535,536870912,1,536870912,1610612711,1610612711,0,0,1073741824,116292174,2147483623,171798725,128849017
0,689,68900171000,3445009,16384,536870912,536870912,0,408021895,1610612711,0,0,0,536870912,0,0,0,128849017
0,699,69900171000,3495009,12452,408021895,408021895,0,408021895,0,0,0,0,408021895,0,0,0,0
0,709,70900171000,3545009,12452,408021895,408021895,0,408021895,0,0,0,0,408021895,0,0,0,0
0,719,71900171000,3595009,12452,408021895,408021895,0,408021895,0,0,0,0,408021895,0,0,0,0
0,729,72900171000,3645009,12452,408021895,408021895,0,408021895,0,0,0,0,408021895,0,0,0,0
0,739,73900171000,3695009,12452,408021895,408021895,0,408021895,0,0,0,0,408021895,0,0,0,0
0,749,74900171000,3745009,12452,408021895,408021895,0,408021895,0,0,0,0,408021895,0,0,0,0
0,759,75900171000,3795009,12452,408021895,408021895,0,408021895,0,0,0,0,408021895,0,0,0,0
0,769,76900171000,3845009,12452,408021895,408021895,0,408021895,0,0,0,0,408021895,0,0,0,0
0,779,77900171000,3895009,12452,408021895,408021895,0,408021895,0,0,0,0,408021895,0,0,0,0
0,789,78900171000,3945009,-32768,-1739461728,408021895,1,236223170,0,-665719904,0,0,-1073741824,-116292174,-2147483623,-171798725,0
0,799,79900171000,3995009,-32768,-1911260453,236223170,1,117682037,-665719904,-837518629,0,0,-1073741824,-116292174,-2147483623,-171798725,-53257592
0,809,80900171000,4045009,-32768,-2029801586,117682037,1,12884802,-837518629,-956059762,0,0,-1073741824,-116292174,-2147483623,-171798725,-67001490
0,819,81900171000,4095009,-32768,-2134598821,12884802,1,-82429142,-956059762,-1060856997,0,0,-1073741824,-116292174,-2147483623,-171798725,-76484781
0,829,82900171000,4145009,-32768,-2229912765,-82429142,1,-169359307,-1060856997,-1156170941,0,0,-1073741824,-116292174,-2147483623,-171798725,-84868560
0,839,83900171000,4195009,-32768,-2316842930,-169359307,1,-248664357,-1156170941,-1243101106,0,0,-1073741824,-116292174,-2147483623,-171798725,-92493675
0,849,84900171000,4245009,-32768,-2396147980,-248664357,1,-321014993,-1243101106,-1322406156,0,0,-1073741824,-116292174,-2147483623,-171798725,-99448089
0,859,85900171000,4295009,-32768,-2468498616,-321014993,1,-387021225,-1322406156,-1394756792,0,0,-1073741824,-116292174,-2147483623,-171798725,-105792493
0,869,86900171000,4345009,-32768,-2534504848,-387021225,1,-447239407,-1394756792,-1460763024,0,0,-1073741824,-116292174,-2147483623,-171798725,-111580543
0,879,87900171000,4395009,-32768,-2594723030,-447239407,1,-502177090,-1460763024,-1520981206,0,0,-1073741824,-116292174,-2147483623,-171798725,-116861042
0,889,88900171000,4445009,-32768,-2649660713,-502177090,1,-536870912,-1520981206,-1575918889,0,0,-1073741824,-116292174,-2147483623,-171798725,-121678497
0,899,89900171000,4495009,-32768,-2684354535,-536870912,1,-536870912,-1575918889,-1610612711,0,0,-1073741824,-116292174,-2147483623,-171798725,-126073511
0,909,90900171000,4545009,-32768,-2684354535,-536870912,1,-536870912,-1610612711,-1610612711,0,0,-1073741824,-116292174,-2147483623,-171798725,-128849017
0,919,91900171000,4595009,-32768,-2684354535,-536870912,1,-536870912,-1610612711,-1610612711,0,0,-1073741824,-116292174,-2147483623,-171798725,-128849017
0,929,92900171000,4645009,-32768,-2684354535,-536870912,1,-536870912,-1610612711,-1610612711,0,0,-1073741824,-116292174,-2147483623,-171798725,-128849017
0,939,93900171000,4695009,-32768,-2684354535,-536870912,1,-536870912,-1610612711,-1610612711,0,0,-1073741824,-116292174,-2147483623,-171798725,-128849017
0,949,94900171000,4745009,-32768,-2684354535,-536870912,1,-536870912,-1610612711,-1610612711,0,0,-1073741824,-116292174,-2147483623,-171798725,-128849017
0,959,95900171000,4795009,-32768,-2684354535,-536870912,1,-536870912,-1610612711,-1610612711,0,0,-1073741824,-116292174,-2147483623,-171798725,-128849017
0,969,96900171000,4845009,-32768,-2684354535,-536870912,1,-536870912,-1610612711,-1610612711,0,0,-1073741824,-116292174,-2147483623,-171798725,-128849017
0,979,97900171000,4895009,-32768,-2684354535,-536870912,1,-536870912,-1610612711,-1610612711,0,0,-1073741824,-116292174,-2147483623,-171798725,-128849017
0,989,98900171000,4945009,-32768,-2684354535,-536870912,1,-536870912,-1610612711,-1610612711,0,0,-1073741824,-116292174,-2147483623,-171798725,-128849017
0,999,99900171000,4995009,-32768,-2684354535,-536870912,1,-536870912,-1610612711,-1610612711,0,0,-1073741824,-116292174,-2147483623,-171798725,-128849017
0,1009,100900171000,5045009,-32768,-2684354535,-536870912,1,-536870912,-1610612711,-1610612711,0,0,-1073741824,-116292174,-2147483623,-171798725,-128849017
0,1019,101900171000,5095009,-32768,-2684354535,-536870912,1,-536870912,-1610612711,-1610612711,0,0,-1073741824,-116292174,-2147483623,-171798725,-128849017
0,1029,102900171000,5145009,-32768,-2684354535,-536870912,1,-536870912,-1610612711,-1610612711,0,0,-1073741824,-116292174,-2147483623,-171798725,-128849017
0,1039,103900171000,5195009,-32768,-2684354535,-536870912,1,-536870912,-1610612711,-1610612711,0,0,-1073741824,-116292174,-2147483623,-171798725,-128849017
0,1049,104900171000,5245009,-32768,-2684354535,-536870912,1,-536870912,-1610612711,-1610612711,0,0,-1073741824,-116292174,-2147483623,-171798725,-128849017
0,1059,105900171000,5295009,-32768,-2684354535,-536870912,1,-536870912,-1610612711,-1610612711,0,0,-1073741824,-116292174,-2147483623,-171798725,-128849017
0,1069,106900171000,5345009,-32768,-2684354535,-536870912,1,-536870912,-1610612711,-1610612711,0,0,-1073741824,-116292174,-2147483623,-171798725,-128849017
0,1079,107900171000,5395009,-32768,-2684354535,-536870912,1,-536870912,-1610612711,-1610612711,0,0,-1073741824,-116292174,-2147483623,-171798725,-128849017
0,1089,108900171000,5445009,-32768,-2684354535,-536870912,1,-536870912,-1610612711,-1610612711,0,0,-1073741824,-116292174,-2147483623,-171798725,-128849017
0,1099,109900171000,5495009,-32768,-2684354535,-536870912,1,-536870912,-1610612711,-1610612711,0,0,-1073741824,-116292174,-2147483623,-171798725,-128849017
0,1109,110900171000,5545009,-32768,-2684354535,-536870912,1,-536870912,-1610612711,-1610612711,0,0,-1073741824,-116292174,-2147483623,-171798725,-128849017
0,1119,111900171000,5595009,-32768,-2684354535,-536870912,1,-536870912,-1610612711,-1610612711,0,0,-1073741824,-116292174,-2147483623,-171798725,-128849017
0,1129,112900171000,5645009,-32768,-2684354535,-536870912,1,-536870912,-1610612711,-1610612711,0,0,-1073741824,-116292174,-2147483623,-171798725,-128849017
0,1139,113900171000,5695009,-32768,-2684354535,-536870912,1,-536870912,-1610612711,-1610612711,0,0,-1073741824,-116292174,-2147483623,-171798725,-128849017
0,1149,114900171000,5745009,-32768,-2684354535,-536870912,1,-536870912,-1610612711,-1610612711,0,0,-1073741824,-116292174,-2147483623,-171798725,-128849017
0,1159,115900171000,5795009,-32768,-2684354535,-536870912,1,-536870912,-1610612711,-1610612711,0,0,-1073741824,-116292174,-2147483623,-171798725,-128849017
0,1169,116900171000,5845009,-32768,-2684354535,-536870912,1,-536870912,-1610612711,-1610612711,0,0,-1073741824,-116292174,-2147483623,-171798725,-128849017
0,1179,117900171000,5895009,-32768,-2684354535,-536870912,1,-536870912,-1610612711,-1610612711,0,0,-1073741824,-116292174,-2147483623,-171798725,-128849017
0,1189,118900171000,5945009,32768,1610612711,-536870912,1,-236223170,-1610612711,536870887,0,0,1073741824,116292174,2147483623,171798725,-128849017
0,1199,119900171000,5995009,32768,1911260453,-236223170,1,-107374116,536870887,837518629,0,0,1073741824,116292174,2147483623,171798725,42949671
0,1209,120900171000,6045009,32768,2040109507,-107374116,1,-2576881,837518629,966367683,0,0,1073741824,116292174,2147483623,171798725,67001490
0,1219,121900171000,6095009,32768,2144906742,-2576881,1,91912429,966367683,1071164918,0,0,1073741824,116292174,2147483623,171798725,77309415
0,1229,122900171000,6145009,32768,2239396052,91912429,1,178017960,1071164918,1165654228,0,0,1073741824,116292174,2147483623,171798725,85693194
0,1239,123900171000,6195009,32768,2325501583,178017960,1,256564347,1165654228,1251759759,0,0,1073741824,116292174,2147483623,171798725,93252338
0,1249,124900171000,6245009,32768,2404047970,256564347,1,328222291,1251759759,1330306146,0,0,1073741824,116292174,2147483623,171798725,100140781
0,1259,125900171000,6295009,32768,2475705914,328222291,1,393596524,1330306146,1401964090,0,0,1073741824,116292174,2147483623,171798725,106424492
0,1269,126900171000,6345009,32768,2541080147,393596524,1,453238122,1401964090,1467338323,0,0,1073741824,116292174,2147483623,171798725,112157127
0,1279,127900171000,6395009,32768,2600721745,453238122,1,507649781,1467338323,1526979921,0,0,1073741824,116292174,2147483623,171798725,117387066
0,1289,128900171000,6445009,32768,2655133404,507649781,1,536870912,1526979921,1581391580,0,0,1073741824,116292174,2147483623,171798725,122158394
0,1299,129900171000,6495009,32768,2684354535,536870912,1,536870912,1581391580,1610612711,0,0,1073741824,116292174,2147483623,171798725,126511327
0,1309,130900171000,6545009,32768,2684354535,536870912,1,536870912,1610612711,1610612711,0,0,1073741824,116292174,2147483623,171798725,128849017
0,1319,131900171000,6595009,32768,2684354535,536870912,1,536870912,1610612711,1610612711,0,0,1073741824,116292174,2147483623,171798725,128849017
0,1329,132900171000,6645009,32768,2684354535,536870912,1,536870912,1610612711,1610612711,0,0,1073741824,116292174,2147483623,171798725,128849017
0,1339,133900171000,6695009,32768,2684354535,536870912,1,536870912,1610612711,1610612711,0,0,1073741824,116292174,2147483623,171798725,128849017
0,1349,134900171000,6745009,32768,2684354535,536870912,1,536870912,1610612711,1610612711,0,0,1073741824,116292174,2147483623,171798725,128849017
0,1359,135900171000,6795009,32768,2684354535,536870912,1,536870912,1610612711,1610612711,0,0,1073741824,116292174,2147483623,171798725,128849017
0,1369,136900171000,6845009,32768,2684354535,536870912,1,536870912,1610612711,1610612711,0,0,1073741824,116292174,2147483623,171798725,128849017
0,1379,137900171000,6895009,32768,2684354535,536870912,1,536870912,1610612711,1610612711,0,0,1073741824,116292174,2147483623,171798725,128849017
0,1389,138900171000,6945009,32768,2684354535,536870912,1,536870912,1610612711,1610612711,0,0,1073741824,116292174,2147483623,171798725,128849017
0,1399,139900171000,6995009,32768,2684354535,536870912,1,536870912,1610612711,1610612711,0,0,1073741824,116292174,2147483623,171798725,128849017
0,1409,140900171000,7045009,32768,2684354535,536870912,1,536870912,1610612711,1610612711,0,0,1073741824,116292174,2147483623,171798725,128849017
0,1419,141900171000,7095009,32768,2684354535,536870912,1,536870912,1610612711,1610612711,0,0,1073741824,116292174,2147483623,171798725,128849017
0,1429,142900171000,7145009,32768,2684354535,536870912,1,536870912,1610612711,1610612711,0,0,1073741824,116292174,2147483623,171798725,128849017
0,1439,143900171000,7195009,32768,2684354535,536870912,1,536870912,1610612711,1610612711,0,0,1073741824,116292174,2147483623,171798725,128849017
0,1449,144900171000,7245009,32768,2684354535,536870912,1,536870912,1610612711,1610612711,0,0,1073741824,116292174,2147483623,171798725,128849017
0,1459,145900171000,7295009,32768,2684354535,536870912,1,536870912,1610612711,1610612711,0,0,1073741824,116292174,2147483623,171798725,128849017
0,1469,146900171000,7345009,32768,2684354535,536870912,1,536870912,1610612711,1610612711,0,0,1073741824,116292174,2147483623,171798725,128849017
0,1479,147900171000,7395009,32768,2684354535,536870912,1,536870912,1610612711,1610612711,0,0,1073741824,116292174,2147483623,171798725,128849017
0,1489,148900171000,7445009,-32768,-1610612711,536870912,1,236223170,1610612711,-536870887,0,0,-1073741824,-116292174,-2147483623,-171798725,128849017
0,1499,149900171000,7495009,-32768,-1911260453,236223170,1,107374116,-536870887,-837518629,0,0,-1073741824,-116292174,-2147483623,-171798725,-42949671
0,1509,150900171000,7545009,-32768,-2040109507,107374116,1,2576881,-837518629,-966367683,0,0,-1073741824,-116292174,-2147483623,-171798725,-67001490
0,1519,151900171000,7595009,-32768,-2144906742,2576881,1,-91912429,-966367683,-1071164918,0,0,-1073741824,-116292174,-2147483623,-171798725,-77309415
0,1529,152900171000,7645009,-32768,-2239396052,-91912429,1,-178017960,-1071164918,-1165654228,0,0,-1073741824,-116292174,-2147483623,-171798725,-85693194
0,1539,153900171000,7695009,-32768,-2325501583,-178017960,1,-256564347,-1165654228,-1251759759,0,0,-1073741824,-116292174,-2147483623,-171798725,-93252338
0,1549,154900171000,7745009,-32768,-2404047970,-256564347,1,-328222291,-1251759759,-1330306146,0,0,-1073741824,-116292174,-2147483623,-171798725,-100140781
0,1559,155900171000,7795009,-32768,-2475705914,-328222291,1,-393596524,-1330306146,-1401964090,0,0,-1073741824,-116292174,-2147483623,-171798725,-106424492
0,1569,156900171000,7845009,-32768,-2541080147,-393596524,1,-453238122,-1401964090,-1467338323,0,0,-1073741824,-116292174,-2147483623,-171798725,-112157127
0,1579,157900171000,7895009,-32768,-2600721745,-453238122,1,-507649781,-1467338323,-1526979921,0,0,-1073741824,-116292174,-2147483623,-171798725,-117387066
0,1589,158900171000,7945009,-32768,-2655133404,-507649781,1,-536870912,-1526979921,-1581391580,0,0,-1073741824,-116292174,-2147483623,-171798725,-122158394
0,1599,159900171000,7995009,-32768,-2684354535,-536870912,1,-536870912,-1581391580,-1610612711,0,0,-1073741824,-116292174,-2147483623,-171798725,-126511327
0,1609,160900171000,8045009,-32768,-2684354535,-536870912,1,-536870912,-1610612711,-1610612711,0,0,-1073741824,-116292174,-2147483623,-171798725,-128849017
0,1619,161900171000,8095009,-32768,-2684354535,-536870912,1,-536870912,-1610612711,-1610612711,0,0,-1073741824,-116292174,-2147483623,-171798725,-128849017
0,1629,162900171000,8145009,-32768,-2684354535,-536870912,1,-536870912,-1610612711,-1610612711,0,0,-1073741824,-116292174,-2147483623,-171798725,-128849017
0,1639,163900171000,8195009,-32768,-2684354535,-536870912,1,-536870912,-1610612711,-1610612711,0,0,-1073741824,-116292174,-2147483623,-171798725,-128849017
0,1649,164900171000,8245009,-32768,-2684354535,-536870912,1,-536870912,-1610612711,-1610612711,0,0,-1073741824,-116292174,-2147483623,-171798725,-128849017
0,1659,165900171000,8295009,-32768,-2684354535,-536870912,1,-536870912,-1610612711,-1610612711,0,0,-1073741824,-116292174,-2147483623,-171798725,-128849017
0,1669,166900171000,8345009,-32768,-2684354535,-536870912,1,-536870912,-1610612711,-1610612711,0,0,-1073741824,-116292174,-2147483623,-171798725,-128849017
0,1679,167900171000,8395009,-32768,-2684354535,-536870912,1,-536870912,-1610612711,-1610612711,0,0,-1073741824,-116292174,-2147483623,-171798725,-128849017
0,1689,168900171000,8445009,-32768,-2684354535,-536870912,1,-536870912,-1610612711,-1610612711,0,0,-1073741824,-116292174,-2147483623,-171798725,-128849017
0,1699,169900171000,8495009,-32768,-2684354535,-536870912,1,-536870912,-1610612711,-1610612711,0,0,-1073741824,-116292174,-2147483623,-171798725,-128849017
0,1709,170900171000,8545009,-32768,-2684354535,-536870912,1,-536870912,-1610612711,-1610612711,0,0,-1073741824,-116292174,-2147483623,-171798725,-128849017
0,1719,171900171000,8595009,-32768,-2684354535,-536870912,1,-536870912,-1610612711,-1610612711,0,0,-1073741824,-116292174,-2147483623,-171798725,-128849017
0,1729,172900171000,8645009,-32768,-2684354535,-536870912,1,-536870912,-1610612711,-1610612711,0,0,-1073741824,-116292174,-2147483623,-171798725,-128849017
0,1739,173900171000,8695009,-32768,-2684354535,-536870912,1,-536870912,-1610612711,-1610612711,0,0,-1073741824,-116292174,-2147483623,-171798725,-128849017
0,1749,174900171000,8745009,-32768,-2684354535,-536870912,1,-536870912,-1610612711,-1610612711,0,0,-1073741824,-116292174,-2147483623,-171798725,-128849017
0,1759,175900171000,8795009,-32768,-2684354535,-536870912,1,-536870912,-1610612711,-1610612711,0,0,-1073741824,-116292174,-2147483623,-171798725,-128849017
0,1769,176900171000,8845009,-32768,-2684354535,-536870912,1,-536870912,-1610612711,-1610612711,0,0,-1073741824,-116292174,-2147483623,-171798725,-128849017
0,1779,177900171000,8895009,-32768,-2684354535,-536870912,1,-536870912,-1610612711,-1610612711,0,0,-1073741824,-116292174,-2147483623,-171798725,-128849017
0,1789,178900171000,8945009,-16384,-536870912,-536870912,0,-408021895,-1610612711,0,0,0,-536870912,0,0,0,-128849017
0,1799,179900171000,8995009,-12452,-408021895,-408021895,0,-408021895,0,0,0,0,-408021895,0,0,0,0
0,1809,180900171000,9045009,-12452,-408021895,-408021895,0,-408021895,0,0,0,0,-408021895,0,0,0,0
0,1819,181900171000,9095009,-12452,-408021895,-408021895,0,-408021895,0,0,0,0,-408021895,0,0,0,0
0,1829,182900171000,9145009,-12452,-408021895,-408021895,0,-408021895,0,0,0,0,-408021895,0,0,0,0
0,1839,183900171000,9195009,-12452,-408021895,-408021895,0,-408021895,0,0,0,0,-408021895,0,0,0,0
0,1849,184900171000,9245009,-12452,-408021895,-408021895,0,-408021895,0,0,0,0,-408021895,0,0,0,0
0,1859,185900171000,9295009,-12452,-408021895,-408021895,0,-408021895,0,0,0,0,-408021895,0,0,0,0
0,1869,186900171000,9345009,-12452,-408021895,-408021895,0,-408021895,0,0,0,0,-408021895,0,0,0,0
0,1879,187900171000,9395009,-12452,-408021895,-408021895,0,-408021895,0,0,0,0,-408021895,0,0,0,0
0,1889,188900171000,9445009,-12452,-408021895,-408021895,0,-408021895,0,0,0,0,-408021895,0,0,0,0
0,1899,189900171000,9495009,-12452,-408021895,-408021895,0,-408021895,0,0,0,0,-408021895,0,0,0,0
0,1909,190900171000,9545009,-12452,-408021895,-408021895,0,-408021895,0,0,0,0,-408021895,0,0,0,0
0,1919,191900171000,9595009,-12452,-408021895,-408021895,0,-408021895,0,0,0,0,-408021895,0,0,0,0
0,1929,192900171000,9645009,-12452,-408021895,-408021895,0,-408021895,0,0,0,0,-408021895,0,0,0,0
0,1939,193900171000,9695009,-11270,-369295303,-408021895,0,-404923767,0,0,0,0,-369295303,2097152,38726592,3098128,0
0,1949,194900171000,9745009,-11175,-366197175,-404923767,0,-401825639,0,0,0,0,-366197175,2097152,38726592,3098128,0
0,1959,195900171000,9795009,-15217,-498642119,-401825639,0,0,0,0,0,1,-498642119,-5242880,-96816480,-7745320,0
0,1969,196900171000,9845009,-2955,-96816480,0,0,0,0,0,0,1,-96816480,-5242880,-96816480,-7745320,0
0,1979,197900171000,9895009,-2955,-96816480,0,0,0,0,0,0,1,-96816480,-5242880,-96816480,-7745320,0
0,1989,198900171000,9945009,1182,38726592,0,0,3098128,0,0,0,0,38726592,2097152,38726592,3098128,0
0,1999,199900171000,9995009,1276,41824720,3098128,0,6196256,0,0,0,0,41824720,2097152,38726592,3098128,0
0,2009,200900171000,10045009,1371,44922848,6196256,0,9294384,0,0,0,0,44922848,2097152,38726592,3098128,0
0,2019,201900171000,10095009,1465,48020976,9294384,0,12392512,0,0,0,0,48020976,2097152,38726592,3098128,0
0,2029,202900171000,10145009,1560,51119104,12392512,0,15490640,0,0,0,0,51119104,2097152,38726592,3098128,0
0,2039,203900171000,10195009,1655,54217232,15490640,0,18588768,0,0,0,0,54217232,2097152,38726592,3098128,0
0,2049,204900171000,10245009,1749,57315360,18588768,0,21686896,0,0,0,0,57315360,2097152,38726592,3098128,0
0,2059,205900171000,10295009,0,60413488,21686896,0,0,0,0,1,1,60413488,2097152,38726592,3098128,0
0,2069,206900171000,10345009,1182,38726592,0,0,3098128,0,0,0,0,38726592,2097152,38726592,3098128,0
0,2079,207900171000,10395009,1276,41824720,3098128,0,6196256,0,0,0,0,41824720,2097152,38726592,3098128,0
0,2089,208900171000,10445009,1371,44922848,6196256,0,9294384,0,0,0,0,44922848,2097152,38726592,3098128,0
0,2099,209900171000,10495009,1465,48020976,9294384,0,12392512,0,0,0,0,48020976,2097152,38726592,3098128,0
0,2109,210900171000,10545009,1560,51119104,12392512,0,15490640,0,0,0,0,51119104,2097152,38726592,3098128,0
0,2119,211900171000,10595009,1655,54217232,15490640,0,18588768,0,0,0,0,54217232,2097152,38726592,3098128,0
0,2129,212900171000,10645009,1749,57315360,18588768,0,21686896,0,0,0,0,57315360,2097152,38726592,3098128,0
0,2139,213900171000,10695009,0,60413488,21686896,0,0,0,0,1,1,60413488,2097152,38726592,3098128,0
0,2149,214900171000,10745009,1182,38726592,0,0,3098128,0,0,0,0,38726592,2097152,38726592,3098128,0
0,2159,215900171000,10795009,1276,41824720,3098128,0,6196256,0,0,0,0,41824720,2097152,38726592,3098128,0
0,2169,216900171000,10845009,1371,44922848,6196256,0,9294384,0,0,0,0,44922848,2097152,38726592,3098128,0
0,2179,217900171000,10895009,1465,48020976,9294384,0,12392512,0,0,0,0,48020976,2097152,38726592,3098128,0
0,2189,218900171000,10945009,0,51119104,12392512,0,0,0,0,1,1,51119104,2097152,38726592,3098128,0
0,2199,219900171000,10995009,0,38726592,0,0,0,0,0,1,1,38726592,2097152,38726592,3098128,0
0,2209,220900171000,11045009,0,38726592,0,0,0,0,0,1,1,38726592,2097152,38726592,3098128,0
0,2219,221900171000,11095009,0,38726592,0,0,0,0,0,1,1,38726592,2097152,38726592,3098128,0
0,2229,222900171000,11145009,0,38726592,0,0,0,0,0,1,1,38726592,2097152,38726592,3098128,0
0,2239,223900171000,11195009,0,38726592,0,0,0,0,0,1,1,38726592,2097152,38726592,3098128,0
0,2249,224900171000,11245009,1182,38726592,0,0,3098128,0,0,0,0,38726592,2097152,38726592,3098128,0
0,2259,225900171000,11295009,1276,41824720,3098128,0,6196256,0,0,0,0,41824720,2097152,38726592,3098128,0
0,2269,226900171000,11345009,0,44922848,6196256,0,0,0,0,1,1,44922848,2097152,38726592,3098128,0
0,2279,227900171000,11395009,1182,38726592,0,0,3098128,0,0,0,0,38726592,2097152,38726592,3098128,0
0,2289,228900171000,11445009,1276,41824720,3098128,0,6196256,0,0,0,0,41824720,2097152,38726592,3098128,0
0,2299,229900171000,11495009,0,44922848,6196256,0,0,0,0,1,1,44922848,2097152,38726592,3098128,0
0,2309,230900171000,11545009,1182,38726592,0,0,3098128,0,0,0,0,38726592,2097152,38726592,3098128,0
0,2319,231900171000,11595009,306,10030387,3098128,0,3652709,0,0,0,0,10030387,375401,6932259,554581,0
0,2329,232900171000,11645009,323,10584968,3652709,0,4207290,0,0,0,0,10584968,375401,6932259,554581,0
0,2339,233900171000,11695009,340,11139549,4207290,0,4761871,0,0,0,0,11139549,375401,6932259,554581,0
0,2349,234900171000,11745009,357,11694130,4761871,0,5316452,0,0,0,0,11694130,375401,6932259,554581,0
0,2359,235900171000,11795009,374,12248711,5316452,0,5871033,0,0,0,0,12248711,375401,6932259,554581,0
0,2369,236900171000,11845009,391,12803292,5871033,0,6425614,0,0,0,0,12803292,375401,6932259,554581,0
0,2379,237900171000,11895009,408,13357873,6425614,0,6980195,0,0,0,0,13357873,375401,6932259,554581,0
0,2389,238900171000,11945009,425,13912454,6980195,0,7534776,0,0,0,0,13912454,375401,6932259,554581,0
0,2399,239900171000,11995009,441,14467035,7534776,0,8089357,0,0,0,0,14467035,375401,6932259,554581,0
0,2409,240900171000,12045009,-5367,-175861955,8089357,0,-6626751,0,0,0,0,-175861955,-9961472,-183951312,-14716108,0
0,2419,241900171000,12095009,-5816,-190578063,-6626751,0,-21342859,0,0,0,0,-190578063,-9961472,-183951312,-14716108,0
0,2429,242900171000,12145009,-6265,-205294171,-21342859,0,-36058967,0,0,0,0,-205294171,-9961472,-183951312,-14716108,0
0,2439,243900171000,12195009,-6714,-220010279,-36058967,0,-50775075,0,0,0,0,-220010279,-9961472,-183951312,-14716108,0
0,2449,244900171000,12245009,-3322,-108864963,-50775075,0,-55422267,0,0,0,0,-108864963,-3145728,-58089888,-4647192,0
0,2459,245900171000,12295009,-3464,-113512155,-55422267,0,-60069459,0,0,0,0,-113512155,-3145728,-58089888,-4647192,0
0,2469,246900171000,12345009,-3606,-118159347,-60069459,0,-64716651,0,0,0,0,-118159347,-3145728,-58089888,-4647192,0
0,2479,247900171000,12395009,-3748,-122806539,-64716651,0,-69363843,0,0,0,0,-122806539,-3145728,-58089888,-4647192,0
0,2489,248900171000,12445009,-3890,-127455670,-69363843,0,0,0,0,0,1,-127455670,-3145833,-58091827,-4647347,0
0,2499,249900171000,12495009,-1773,-58091827,0,0,0,0,0,0,1,-58091827,-3145833,-58091827,-4647347,0
0,2509,250900171000,12545009,-1773,-58091827,0,0,0,0,0,0,1,-58091827,-3145833,-58091827,-4647347,0
0,2519,251900171000,12595009,212,6932259,0,0,554581,0,0,0,0,6932259,375401,6932259,554581,0
0,2529,252900171000,12645009,228,7486840,554581,0,1109162,0,0,0,0,7486840,375401,6932259,554581,0
0,2539,253900171000,12695009,245,8041421,1109162,0,1663743,0,0,0,0,8041421,375401,6932259,554581,0
0,2549,254900171000,12745009,262,8596002,1663743,0,2218324,0,0,0,0,8596002,375401,6932259,554581,0
0,2559,255900171000,12795009,279,9150583,2218324,0,2772905,0,0,0,0,9150583,375401,6932259,554581,0
0,2569,256900171000,12845009,296,9705164,2772905,0,3327486,0,0,0,0,9705164,375401,6932259,554581,0
0,2579,257900171000,12895009,313,10259745,3327486,0,3882067,0,0,0,0,10259745,375401,6932259,554581,0
1,1,258000411000,12900021,0,0,0,0,0,0,0,1,1,0,0,0,0,0
1,3,258000451000,12900023,0,18,0,0,1,0,0,0,0,18,1,18,1,0
1,5,258000491000,12900025,32768,39501123823,1,1,0,0,38427381999,0,1,1073741824,2139095039,39501123822,3160090559,0
1,7,258000531000,12900027,32768,39501123840,0,1,0,38427381999,38427382016,0,1,1073741824,2139095040,39501123840,3160090560,3074190563
1,9,258000571000,12900029,32768,39501123858,0,1,0,38427382016,38427382034,0,1,1073741824,2139095041,39501123858,3160090561,3074190564
1,11,258000611000,12900031,32768,39588258654,0,1,0,38427382034,38514516830,0,1,1073741824,2143813631,39588258654,3167061347,3074190566
1,13,258000651000,12900033,0,39588258672,0,1,0,38514516830,38514516848,1,1,1073741824,2143813632,39588258672,3167061348,3081161349
1,15,258000691000,12900035,32768,39588258690,0,1,0,38514516848,38514516866,0,1,1073741824,2143813633,39588258690,3167061349,3081161351
1,17,258000731000,12900037,32768,39597940302,0,1,0,38514516866,38524198478,0,1,1073741824,2144337919,39597940302,3167835879,3081161352
1,19,258000771000,12900039,32768,39597940320,0,1,0,38524198478,38524198496,0,1,1073741824,2144337920,39597940320,3167835880,3081935881
1,21,258000811000,12900041,0,39597940338,0,1,0,38524198496,38524198514,1,1,1073741824,2144337921,39597940338,3167835881,3081935883
1,23,258000851000,12900043,32768,39646348542,0,1,0,38524198514,38572606718,0,1,1073741824,2146959359,39646348542,3171708539,3081935884
1,25,258000891000,12900045,32768,39646348560,0,1,85900000,38572606718,38572606736,0,0,1073741824,2146959360,39646348560,3171708540,3085808540
1,27,258000931000,12900047,32768,39732248578,85900000,1,171799999,38572606736,38658506754,0,0,1073741824,2146959361,39646348578,3171708541,3085808542
1,29,258000971000,12900049,32768,39827830189,171799999,1,251602527,38658506754,38754088365,0,0,1073741824,2147483647,39656030190,3172483071,3092680543
1,31,258001011000,12900051,32768,39907632735,251602527,1,323758527,38754088365,38833890911,0,0,1073741824,2147483648,39656030208,3172483072,3100327072
1,33,258001051000,12900053,0,39979788753,323758527,1,0,38833890911,38906046929,1,1,1073741824,2147483649,39656030226,3172483073,3106711276
1,35,258001091000,12900055,32768,39665711838,0,1,60773846,38906046929,38591970014,0,0,1073741824,2148007935,39665711838,3173257603,3112483757
1,37,258001131000,12900057,32768,39726485702,60773846,1,146673846,38591970014,38652743878,0,0,1073741824,2148007936,39665711856,3173257604,3087357604
1,39,258001171000,12900059,32768,39812385720,146673846,1,227711938,38652743878,38738643896,0,0,1073741824,2148007937,39665711874,3173257605,3092219513
1,41,258001211000,12900061,32768,39941832016,227711938,1,305750686,38738643896,38868090192,0,0,1073741824,2150629375,39714120078,3177130263,3099091515
1,43,258001251000,12900063,32768,40019870782,305750686,1,373433732,38868090192,38946128958,0,0,1073741824,2150629376,39714120096,3177130264,3109447218
1,45,258001291000,12900065,32768,40087553846,373433732,1,434873677,38946128958,39013812022,0,0,1073741824,2150629377,39714120114,3177130265,3115690320
1,47,258001331000,12900067,32768,40158675403,434873677,1,491673507,39013812022,39084933579,0,0,1073741824,2151153663,39723801726,3177904795,3121104965
1,49,258001371000,12900069,32768,40215475251,491673507,1,536870912,39084933579,39141733427,0,0,1073741824,2151153664,39723801744,3177904796,3126794689
1,51,258001411000,12900071,32768,40260672674,536870912,1,536870912,39141733427,39186930850,0,0,1073741824,2151153665,39723801762,3177904797,3131338677
1,53,258001451000,12900073,32768,40347807470,536870912,1,536870912,39186930850,39274065646,0,0,1073741824,2155872255,39810936558,3184875583,3134954471
1,55,258001491000,12900075,32768,40347807488,536870912,1,536870912,39274065646,39274065664,0,0,1073741824,2155872256,39810936576,3184875584,3141925255
1,57,258001531000,12900077,32768,40347807506,536870912,1,536870912,39274065664,39274065682,0,0,1073741824,2155872257,39810936594,3184875585,3141925256
1,59,258001571000,12900079,0,79848931291,536870912,1,0,39274065682,78775189467,1,1,1073741824,4294967294,79312060379,6344966141,3141925257
1,61,258001611000,12900081,32768,79312060398,0,1,42950980,78775189467,78238318574,0,0,1073741824,4294967295,79312060398,6344966143,6302015163
1,63,258001651000,12900083,0,42950962,42950980,0,0,78238318574,0,1,1,42950962,-1,-18,-1,6259065492
1,65,258001691000,12900085,0,0,0,0,0,0,0,0,0,0,0,0,0,0
1,67,258001731000,12900087,32768,39501123803,0,1,0,0,38427381979,0,1,1073741824,2139095038,39501123803,3160090557,0
1,69,258001771000,12900089,32768,39501123822,0,1,0,38427381979,38427381998,0,1,1073741824,2139095039,39501123822,3160090559,3074190561
1,71,258001811000,12900091,32768,39501123840,0,1,0,38427381998,38427382016,0,1,1073741824,2139095040,39501123840,3160090560,3074190563
1,73,258001851000,12900093,32768,39588258635,0,1,0,38427382016,38514516811,0,1,1073741824,2143813630,39588258635,3167061345,3074190564
1,75,258001891000,12900095,32768,39588258654,0,1,0,38514516811,38514516830,0,1,1073741824,2143813631,39588258654,3167061347,3081161348
1,77,258001931000,12900097,32768,39588258672,0,1,0,38514516830,38514516848,0,1,1073741824,2143813632,39588258672,3167061348,3081161349
1,79,258001971000,12900099,32768,39597940283,0,1,0,38514516848,38524198459,0,1,1073741824,2144337918,39597940283,3167835877,3081161351
1,81,258002011000,12900101,32768,39597940302,0,1,0,38524198459,38524198478,0,1,1073741824,2144337919,39597940302,3167835879,3081935880
1,83,258002051000,12900103,32768,39597940320,0,1,0,38524198478,38524198496,0,1,1073741824,2144337920,39597940320,3167835880,3081935881
1,85,258002091000,12900105,32768,39646348523,0,1,0,38524198496,38572606699,0,1,1073741824,2146959358,39646348523,3171708537,3081935883
1,87,258002131000,12900107,32768,39646348542,0,1,85900000,38572606699,38572606718,0,0,1073741824,2146959359,39646348542,3171708539,3085808539
1,89,258002171000,12900109,32768,39732248560,85900000,1,171800000,38572606718,38658506736,0,0,1073741824,2146959360,39646348560,3171708540,3085808540
1,91,258002211000,12900111,32768,39827830171,171800000,1,251602527,38658506736,38754088347,0,0,1073741824,2147483646,39656030171,3172483069,3092680542
1,93,258002251000,12900113,32768,39907632717,251602527,1,323758527,38754088347,38833890893,0,0,1073741824,2147483647,39656030190,3172483071,3100327071
1,95,258002291000,12900115,32768,39979788735,323758527,1,389530325,38833890893,38906046911,0,0,1073741824,2147483648,39656030208,3172483072,3106711274
1,97,258002331000,12900117,32768,40055242144,389530325,1,450304170,38906046911,38981500320,0,0,1073741824,2148007934,39665711819,3173257601,3112483756
1,99,258002371000,12900119,32768,40116016008,450304170,1,505041744,38981500320,39042274184,0,0,1073741824,2148007935,39665711838,3173257603,3118520029
1,101,258002411000,12900121,32768,40170753600,505041744,1,536870912,39042274184,39097011776,0,0,1073741824,2148007936,39665711856,3173257604,3123381938
1,103,258002451000,12900123,32768,40250990971,536870912,1,536870912,39097011776,39177249147,0,0,1073741824,2150629374,39714120059,3177130261,3127760945
1,105,258002491000,12900125,0,40250990990,536870912,1,0,39177249147,39177249166,1,1,1073741824,2150629375,39714120078,3177130263,3134179935
1,107,258002531000,12900127,32768,39714120096,0,1,42950328,39177249166,38640378272,0,0,1073741824,2150629376,39714120096,3177130264,3134179936
1,109,258002571000,12900129,32768,39766752035,42950328,1,129624856,38640378272,38693010211,0,0,1073741824,2151153662,39723801707,3177904793,3091230265
1,111,258002611000,12900131,32768,39853426582,129624856,1,212088831,38693010211,38779684758,0,0,1073741824,2151153663,39723801726,3177904795,3095440820
1,113,258002651000,12900133,32768,39935890575,212088831,1,287618843,38779684758,38862148751,0,0,1073741824,2151153664,39723801744,3177904796,3102374784
1,115,258002691000,12900135,32768,40098555382,287618843,1,363522521,38862148751,39024813558,0,0,1073741824,2155872254,39810936539,3184875581,3108971903
1,117,258002731000,12900137,32768,40174459079,363522521,1,426413016,39024813558,39100717255,0,0,1073741824,2155872255,39810936558,3184875583,3121985088
1,119,258002771000,12900139,32768,40237349592,426413016,1,483231217,39100717255,39163607768,0,0,1073741824,2155872256,39810936576,3184875584,3128057383
1,121,258002811000,12900141,32768,79795291578,483231217,1,536870912,39163607768,78721549754,0,0,1073741824,4294967293,79312060361,6344966140,3133088624
1,123,258002851000,12900143,32768,79848931291,536870912,1,536870912,78721549754,78775189467,0,0,1073741824,4294967294,79312060379,6344966141,6297723986
1,125,258002891000,12900145,0,-38964252910,536870912,1,0,78775189467,-37890511086,1,1,-1073741824,-2139095039,-39501123822,-3160090559,6302015163
1,127,258002931000,12900147,-32768,-39501123803,0,1,-128849667,-37890511086,-38427381979,0,0,-1073741824,-2139095038,-39501123803,-3160090557,-3031240890
1,129,258002971000,12900149,-3932,-128849667,-128849667,0,536870912,-38427381979,0,0,0,-128849667,0,0,0,-3074190561
1,131,258003011000,12900151,16384,536870930,536870912,0,536870912,0,0,0,0,536870930,1,18,1,0
1,133,258003051000,12900153,16384,536870949,536870912,0,536870912,0,0,0,0,536870949,2,37,3,0
1,135,258003091000,12900155,19043,624005744,536870912,0,0,0,0,0,1,624005744,4718592,87134832,6970788,0
1,137,258003131000,12900157,2659,87134850,0,0,0,0,0,0,1,87134850,4718593,87134850,6970789,0
1,139,258003171000,12900159,2659,87134869,0,0,0,0,0,0,1,87134869,4718594,87134869,6970791,0
1,141,258003211000,12900161,2955,96816480,0,0,0,0,0,0,1,96816480,5242880,96816480,7745320,0
1,143,258003251000,12900163,2955,96816498,0,0,0,0,0,0,1,96816498,5242881,96816498,7745321,0
1,145,258003291000,12900165,2955,96816517,0,0,0,0,0,0,1,96816517,5242882,96816517,7745323,0
1,147,258003331000,12900167,4432,145224720,0,0,0,0,0,0,1,145224720,7864320,145224720,11617980,0
1,149,258003371000,12900169,4432,145224738,0,0,11617981,0,0,0,0,145224738,7864321,145224738,11617981,0
1,151,258003411000,12900171,0,156842738,11617981,0,0,0,0,1,1,156842738,7864322,145224757,11617983,0
1,153,258003451000,12900173,4727,154906368,0,0,12392512,0,0,0,0,154906368,8388608,154906368,12392512,0
1,155,258003491000,12900175,0,167298898,12392512,0,0,0,0,1,1,167298898,8388609,154906386,12392513,0
1,157,258003531000,12900177,4727,154906405,0,0,12392515,0,0,0,0,154906405,8388610,154906405,12392515,0
1,159,258003571000,12900179,5401,176980531,12392515,0,25559559,0,0,0,0,176980531,8912896,164588016,13167044,0
1,161,258003611000,12900181,5803,190147593,25559559,0,38726604,0,0,0,0,190147593,8912897,164588034,13167045,0
1,163,258003651000,12900183,6205,203314657,38726604,0,51893651,0,0,0,0,203314657,8912898,164588053,13167047,0
1,165,258003691000,12900185,8084,264889907,51893651,0,68933355,0,0,0,0,264889907,11534336,212996256,17039704,0
1,167,258003731000,12900187,8604,281929629,68933355,0,85973060,0,0,0,0,281929629,11534337,212996274,17039705,0
1,169,258003771000,12900189,9124,298969353,85973060,0,103012767,0,0,0,0,298969353,11534338,212996293,17039707,0
1,171,258003811000,12900191,9939,325690671,103012767,0,120827003,0,0,0,0,325690671,12058624,222677904,17814236,0
1,173,258003851000,12900193,10483,343504925,120827003,0,138641240,0,0,0,0,343504925,12058625,222677922,17814237,0
1,175,258003891000,12900195,0,361319181,138641240,0,0,0,0,1,1,361319181,12058626,222677941,17814239,0
1,177,258003931000,12900197,9455,309812736,0,0,24785024,0,0,0,0,309812736,16777216,309812736,24785024,0
1,179,258003971000,12900199,10211,334597778,24785024,0,49570049,0,0,0,0,334597778,16777217,309812754,24785025,0
1,181,258004011000,12900201,10967,359382822,49570049,0,74355076,0,0,0,0,359382822,16777218,309812773,24785027,0
1,183,258004051000,12900203,32768,39885291634,74355076,1,536870912,0,38811549810,0,0,1073741824,2155872255,39810936558,3184875583,0
1,185,258004091000,12900205,32768,40347807488,536870912,1,536870912,38811549810,39274065664,0,0,1073741824,2155872256,39810936576,3184875584,3104923988
1,187,258004131000,12900207,0,-38964252928,536870912,1,0,39274065664,-37890511104,1,1,-1073741824,-2139095040,-39501123840,-3160090560,3141925256
1,189,258004171000,12900209,-32768,-39501123822,0,1,-128849668,-37890511104,-38427381998,0,0,-1073741824,-2139095039,-39501123822,-3160090559,-3031240891
1,191,258004211000,12900211,-3932,-128849686,-128849668,0,536870912,-38427381998,0,0,0,-128849686,-1,-18,-1,-3074190563
1,193,258004251000,12900213,16384,536870912,536870912,0,536870912,0,0,0,0,536870912,0,0,0,0
1,195,258004291000,12900215,16384,536870930,536870912,0,536870912,0,0,0,0,536870930,1,18,1,0
1,197,258004331000,12900217,0,624005726,536870912,0,0,0,0,1,1,624005726,4718591,87134814,6970787,0
1,199,258004371000,12900219,2659,87134832,0,0,0,0,0,0,1,87134832,4718592,87134832,6970788,0
1,201,258004411000,12900221,2659,87134850,0,0,0,0,0,0,1,87134850,4718593,87134850,6970789,0
1,203,258004451000,12900223,2955,96816462,0,0,0,0,0,0,1,96816462,5242879,96816462,7745319,0
1,205,258004491000,12900225,2955,96816480,0,0,0,0,0,0,1,96816480,5242880,96816480,7745320,0
1,207,258004531000,12900227,2955,96816498,0,0,0,0,0,0,1,96816498,5242881,96816498,7745321,0
1,209,258004571000,12900229,4432,145224702,0,0,0,0,0,0,1,145224702,7864319,145224702,11617979,0
1,211,258004611000,12900231,4432,145224720,0,0,11617980,0,0,0,0,145224720,7864320,145224720,11617980,0
1,213,258004651000,12900233,4786,156842718,11617980,0,23235961,0,0,0,0,156842718,7864321,145224738,11617981,0
1,215,258004691000,12900235,5436,178142311,23235961,0,35628472,0,0,0,0,178142311,8388607,154906350,12392511,0
1,217,258004731000,12900237,5815,190534840,35628472,0,48020984,0,0,0,0,190534840,8388608,154906368,12392512,0
1,219,258004771000,12900239,6193,202927370,48020984,0,60413497,0,0,0,0,202927370,8388609,154906386,12392513,0
1,221,258004811000,12900241,6867,225001495,60413497,0,73580540,0,0,0,0,225001495,8912895,164587998,13167043,0
1,223,258004851000,12900243,7268,238168556,73580540,0,86747584,0,0,0,0,238168556,8912896,164588016,13167044,0
1,225,258004891000,12900245,7670,251335618,86747584,0,99914629,0,0,0,0,251335618,8912897,164588034,13167045,0
1,227,258004931000,12900247,9549,312910867,99914629,0,116954332,0,0,0,0,312910867,11534335,212996238,17039703,0
1,229,258004971000,12900249,10069,329950588,116954332,0,133994036,0,0,0,0,329950588,11534336,212996256,17039704,0
1,231,258005011000,12900251,10589,346990310,133994036,0,151033741,0,0,0,0,346990310,11534337,212996274,17039705,0
1,233,258005051000,12900253,11405,373711627,151033741,0,168847976,0,0,0,0,373711627,12058623,222677886,17814235,0
1,235,258005091000,12900255,11948,391525880,168847976,0,186662212,0,0,0,0,391525880,12058624,222677904,17814236,0
1,237,258005131000,12900257,12492,409340134,186662212,0,204476449,0,0,0,0,409340134,12058625,222677922,17814237,0
1,239,258005171000,12900259,15695,514289167,204476449,0,229261472,0,0,0,0,514289167,16777215,309812718,24785023,0
1,241,258005211000,12900261,16451,539074208,229261472,0,254046496,0,0,0,0,539074208,16777216,309812736,24785024,0
1,243,258005251000,12900263,0,563859250,254046496,0,0,0,0,1,1,563859250,16777217,309812754,24785025,0
1,245,258005291000,12900265,32768,39810936539,0,1,536870912,0,38737194715,0,0,1073741824,2155872254,39810936539,3184875581,0
1,247,258005331000,12900267,32768,40347807470,536870912,1,536870912,38737194715,39274065646,0,0,1073741824,2155872255,39810936558,3184875583,3098975580
1,249,258005371000,12900269,0,-38964252946,536870912,1,0,39274065646,-37890511122,1,1,-1073741824,-2139095041,-39501123858,-3160090561,3141925255
1,251,258005411000,12900271,-32768,-39501123840,0,1,-128849667,-37890511122,-38427382016,0,0,-1073741824,-2139095040,-39501123840,-3160090560,-3031240893
1,253,258005451000,12900273,-3932,-128849704,-128849667,0,536870912,-38427382016,0,0,0,-128849704,-2,-37,-3,-3074190564
1,255,258005491000,12900275,16384,536870894,536870912,0,536870911,0,0,0,0,536870894,-1,-18,-1,0
1,257,258005531000,12900277,16384,536870911,536870911,0,536870911,0,0,0,0,536870911,0,0,0,0
1,259,258005571000,12900279,19043,624005706,536870911,0,0,0,0,0,1,624005706,4718590,87134795,6970785,0
1,261,258005611000,12900281,2659,87134814,0,0,0,0,0,0,1,87134814,4718591,87134814,6970787,0
1,263,258005651000,12900283,2659,87134832,0,0,0,0,0,0,1,87134832,4718592,87134832,6970788,0
1,265,258005691000,12900285,2955,96816443,0,0,0,0,0,0,1,96816443,5242878,96816443,7745317,0
1,267,258005731000,12900287,2955,96816462,0,0,0,0,0,0,1,96816462,5242879,96816462,7745319,0
1,269,258005771000,12900289,2955,96816480,0,0,0,0,0,0,1,96816480,5242880,96816480,7745320,0
1,271,258005811000,12900291,4432,145224683,0,0,0,0,0,0,1,145224683,7864318,145224683,11617977,0
1,273,258005851000,12900293,4432,145224702,0,0,11617979,0,0,0,0,145224702,7864319,145224702,11617979,0
1,275,258005891000,12900295,4786,156842699,11617979,0,23235959,0,0,0,0,156842699,7864320,145224720,11617980,0
1,277,258005931000,12900297,5436,178142290,23235959,0,35628468,0,0,0,0,178142290,8388606,154906331,12392509,0
1,279,258005971000,12900299,5815,190534818,35628468,0,48020979,0,0,0,0,190534818,8388607,154906350,12392511,0
1,281,258006011000,12900301,6193,202927347,48020979,0,60413491,0,0,0,0,202927347,8388608,154906368,12392512,0
1,283,258006051000,12900303,6866,225001470,60413491,0,73580532,0,0,0,0,225001470,8912894,164587979,13167041,0
1,285,258006091000,12900305,7268,238168530,73580532,0,86747575,0,0,0,0,238168530,8912895,164587998,13167043,0
1,287,258006131000,12900307,7670,251335591,86747575,0,99914619,0,0,0,0,251335591,8912896,164588016,13167044,0
1,289,258006171000,12900309,0,312910838,99914619,0,0,0,0,1,1,312910838,11534334,212996219,17039701,0
1,291,258006211000,12900311,6500,212996238,0,0,17039703,0,0,0,0,212996238,11534335,212996238,17039703,0
1,293,258006251000,12900313,7020,230035959,17039703,0,34079407,0,0,0,0,230035959,11534336,212996256,17039704,0
1,295,258006291000,12900315,7836,256757274,34079407,0,51893640,0,0,0,0,256757274,12058622,222677867,17814233,0
1,297,258006331000,12900317,8379,274571526,51893640,0,69707875,0,0,0,0,274571526,12058623,222677886,17814235,0
1,299,258006371000,12900319,8923,292385779,69707875,0,87522111,0,0,0,0,292385779,12058624,222677904,17814236,0
1,301,258006411000,12900321,12126,397334810,87522111,0,112307132,0,0,0,0,397334810,16777214,309812699,24785021,0
1,303,258006451000,12900323,12882,422119850,112307132,0,137092155,0,0,0,0,422119850,16777215,309812718,24785023,0
1,305,258006491000,12900325,13638,446904891,137092155,0,161877179,0,0,0,0,446904891,16777216,309812736,24785024,0
1,307,258006531000,12900327,32768,39972813700,161877179,1,536870912,0,38899071876,0,0,1073741824,2155872253,39810936521,3184875580,0
1,309,258006571000,12900329,32768,40347807451,536870912,1,536870912,38899071876,39274065627,0,0,1073741824,2155872254,39810936539,3184875581,3111925753
1,311,258006611000,12900331,0,-39051387742,536870912,1,0,39274065627,-37977645918,1,1,-1073741824,-2143813631,-39588258654,-3167061347,3141925253
1,313,258006651000,12900333,-32768,-39588258635,0,1,-128849669,-37977645918,-38514516811,0,0,-1073741824,-2143813630,-39588258635,-3167061345,-3038211676
1,315,258006691000,12900335,-6591,-215984501,-128849669,0,536870912,-38514516811,0,0,0,-215984501,-4718592,-87134832,-6970788,-3081161348
1,317,258006731000,12900337,0,449736098,536870912,0,0,0,0,1,1,449736098,-4718591,-87134814,-6970787,0
1,319,258006771000,12900339,-2659,-87134795,0,0,-6970785,0,0,0,0,-87134795,-4718590,-87134795,-6970785,0
1,321,258006811000,12900341,-213,-6970785,-6970785,0,-6970785,0,0,0,0,-6970785,0,0,0,0
1,323,258006851000,12900343,-213,-6970767,-6970785,0,-6970784,0,0,0,0,-6970767,1,18,1,0
1,325,258006891000,12900345,-213,-6970747,-6970784,0,-6970781,0,0,0,0,-6970747,2,37,3,0
1,327,258006931000,12900347,83,2710867,-6970781,0,-6196249,0,0,0,0,2710867,524288,9681648,774532,0
1,329,258006971000,12900349,106,3485417,-6196249,0,-5421716,0,0,0,0,3485417,524289,9681666,774533,0
1,331,258007011000,12900351,130,4259969,-5421716,0,-4647181,0,0,0,0,4259969,524290,9681685,774535,0
1,333,258007051000,12900353,1631,53442707,-4647181,0,11,0,0,0,0,53442707,3145728,58089888,4647192,0
1,335,258007091000,12900355,0,58089917,11,0,0,0,0,1,1,58089917,3145729,58089906,4647193,0
1,337,258007131000,12900357,1773,58089925,0,0,4647195,0,0,0,0,58089925,3145730,58089925,4647195,0
1,339,258007171000,12900359,2210,72418731,4647195,0,10068919,0,0,0,0,72418731,3670016,67771536,5421724,0
1,341,258007211000,12900361,2376,77840473,10068919,0,15490644,0,0,0,0,77840473,3670017,67771554,5421725,0
1,343,258007251000,12900363,2541,83262217,15490644,0,20912371,0,0,0,0,83262217,3670018,67771573,5421727,0
1,345,258007291000,12900365,3002,98365555,20912371,0,27108627,0,0,0,0,98365555,4194304,77453184,6196256,0
1,347,258007331000,12900367,3191,104561829,27108627,0,33304884,0,0,0,0,104561829,4194305,77453202,6196257,0
1,349,258007371000,12900369,3380,110758105,33304884,0,39501143,0,0,0,0,110758105,4194306,77453221,6196259,0
1,351,258007511000,12900376,5046,165362567,39501143,0,49570059,0,0,0,0,165362567,6815744,125861424,10068916,0
1,353,258007551000,12900378,5354,175431501,49570059,0,59638976,0,0,0,0,175431501,6815745,125861442,10068917,0
1,355,258007591000,12900380,5661,185500437,59638976,0,69707895,0,0,0,0,185500437,6815746,125861461,10068919,0
1,357,258007631000,12900382,6264,205250967,69707895,0,80551343,0,0,0,0,205250967,7340032,135543072,10843448,0
1,359,258007671000,12900384,6595,216094433,80551343,0,91394792,0,0,0,0,216094433,7340033,135543090,10843449,0
1,361,258007711000,12900386,6926,226937901,91394792,0,102238243,0,0,0,0,226937901,7340034,135543109,10843451,0
1,363,258007751000,12900388,9916,324916147,102238243,0,120052479,0,0,0,0,324916147,12058624,222677904,17814236,0
1,365,258007791000,12900390,10459,342730401,120052479,0,137866716,0,0,0,0,342730401,12058625,222677922,17814237,0
1,367,258007831000,12900392,11003,360544657,137866716,0,155680955,0,0,0,0,360544657,12058626,222677941,17814239,0
1,369,258007871000,12900394,32768,39879482681,155680955,1,536870912,0,38805740857,0,0,1073741824,2151153663,39723801726,3177904795,0
1,371,258007911000,12900396,32768,40260672656,536870912,1,536870912,38805740857,39186930832,0,0,1073741824,2151153664,39723801744,3177904796,3104459271
1,373,258007951000,12900398,0,-39051387760,536870912,1,0,39186930832,-37977645936,1,1,-1073741824,-2143813632,-39588258672,-3167061348,3134954469
1,375,258007991000,12900400,-32768,-39588258654,0,1,-128849669,-37977645936,-38514516830,0,0,-1073741824,-2143813631,-39588258654,-3167061347,-3038211678
1,377,258008031000,12900402,-6591,-215984519,-128849669,0,536870912,-38514516830,0,0,0,-215984519,-4718593,-87134850,-6970789,-3081161349
1,379,258008071000,12900404,13725,449736080,536870912,0,529900124,0,0,0,0,449736080,-4718592,-87134832,-6970788,0
1,381,258008111000,12900406,0,442765310,529900124,0,0,0,0,1,1,442765310,-4718591,-87134814,-6970787,0
1,383,258008151000,12900408,0,-18,0,0,-1,0,0,0,0,-18,-1,-18,-1,0
1,385,258008191000,12900410,0,-1,-1,0,-1,0,0,0,0,-1,0,0,0,0
1,387,258008231000,12900412,0,17,-1,0,0,0,0,0,0,17,1,18,1,0
1,389,258008271000,12900414,295,9681630,0,0,774531,0,0,0,0,9681630,524287,9681630,774531,0
1,391,258008311000,12900416,319,10456179,774531,0,1549063,0,0,0,0,10456179,524288,9681648,774532,0
1,393,258008351000,12900418,343,11230729,1549063,0,2323596,0,0,0,0,11230729,524289,9681666,774533,0
1,395,258008391000,12900420,1844,60413466,2323596,0,6970787,0,0,0,0,60413466,3145727,58089870,4647191,0
1,397,258008431000,12900422,1985,65060675,6970787,0,11617979,0,0,0,0,65060675,3145728,58089888,4647192,0
1,399,258008471000,12900424,2127,69707885,11617979,0,16265172,0,0,0,0,69707885,3145729,58089906,4647193,0
1,401,258008511000,12900426,2565,84036690,16265172,0,21686895,0,0,0,0,84036690,3670015,67771518,5421723,0
1,403,258008551000,12900428,2730,89458431,21686895,0,27108619,0,0,0,0,89458431,3670016,67771536,5421724,0
1,405,258008591000,12900430,2896,94880173,27108619,0,32530344,0,0,0,0,94880173,3670017,67771554,5421725,0
1,407,258008631000,12900432,3356,109983510,32530344,0,38726599,0,0,0,0,109983510,4194303,77453166,6196255,0
1,409,258008671000,12900434,3546,116179783,38726599,0,44922855,0,0,0,0,116179783,4194304,77453184,6196256,0
1,411,258008711000,12900436,3735,122376057,44922855,0,51119112,0,0,0,0,122376057,4194305,77453202,6196257,0
1,413,258008751000,12900438,5401,176980518,51119112,0,61188027,0,0,0,0,176980518,6815743,125861406,10068915,0
1,415,258008791000,12900440,5708,187049451,61188027,0,71256943,0,0,0,0,187049451,6815744,125861424,10068916,0
1,417,258008831000,12900442,6016,197118385,71256943,0,81325860,0,0,0,0,197118385,6815745,125861442,10068917,0
1,419,258008871000,12900444,6618,216868914,81325860,0,92169307,0,0,0,0,216868914,7340031,135543054,10843447,0
1,421,258008911000,12900446,6949,227712379,92169307,0,103012755,0,0,0,0,227712379,7340032,135543072,10843448,0
1,423,258008951000,12900448,0,238555845,103012755,0,0,0,0,1,1,238555845,7340033,135543090,10843449,0
1,425,258008991000,12900450,6796,222677886,0,0,17814235,0,0,0,0,222677886,12058623,222677886,17814235,0
1,427,258009031000,12900452,0,240492139,17814235,0,0,0,0,1,1,240492139,12058624,222677904,17814236,0
1,429,258009071000,12900454,6796,222677922,0,0,17814237,0,0,0,0,222677922,12058625,222677922,17814237,0
1,431,258009111000,12900456,32768,39741615944,17814237,1,536870912,0,38667874120,0,0,1073741824,2151153662,39723801707,3177904793,0
1,433,258009151000,12900458,32768,40260672638,536870912,1,536870912,38667874120,39186930814,0,0,1073741824,2151153663,39723801726,3177904795,3093429932
1,435,258009191000,12900460,0,-39051387778,536870912,1,0,39186930814,-37977645954,1,1,-1073741824,-2143813633,-39588258690,-3167061349,3134954468
1,437,258009231000,12900462,-32768,-39588258672,0,1,-128849669,-37977645954,-38514516848,0,0,-1073741824,-2143813632,-39588258672,-3167061348,-3038211679
1,439,258009271000,12900464,-6591,-215984538,-128849669,0,536870912,-38514516848,0,0,0,-215984538,-4718594,-87134869,-6970791,-3081161351
1,441,258009311000,12900466,13725,449736062,536870912,0,529900123,0,0,0,0,449736062,-4718593,-87134850,-6970789,0
1,443,258009351000,12900468,13512,442765291,529900123,0,522929335,0,0,0,0,442765291,-4718592,-87134832,-6970788,0
1,445,258009391000,12900470,15959,522929298,522929335,0,522929332,0,0,0,0,522929298,-2,-37,-3,0
1,447,258009431000,12900472,15959,522929314,522929332,0,522929331,0,0,0,0,522929314,-1,-18,-1,0
1,449,258009471000,12900474,15959,522929331,522929331,0,522929331,0,0,0,0,522929331,0,0,0,0
1,451,258009511000,12900476,16254,532610942,522929331,0,523703860,0,0,0,0,532610942,524286,9681611,774529,0
1,453,258009551000,12900478,16278,533385490,523703860,0,524478391,0,0,0,0,533385490,524287,9681630,774531,0
1,455,258009591000,12900480,16301,534160039,524478391,0,525252923,0,0,0,0,534160039,524288,9681648,774532,0
1,457,258009631000,12900482,17802,583342774,525252923,0,529900112,0,0,0,0,583342774,3145726,58089851,4647189,0
1,459,258009671000,12900484,0,587989982,529900112,0,0,0,0,1,1,587989982,3145727,58089870,4647191,0
1,461,258009711000,12900486,1773,58089888,0,0,4647192,0,0,0,0,58089888,3145728,58089888,4647192,0
1,463,258009751000,12900488,2210,72418691,4647192,0,10068913,0,0,0,0,72418691,3670014,67771499,5421721,0
1,465,258009791000,12900490,2376,77840431,10068913,0,15490636,0,0,0,0,77840431,3670015,67771518,5421723,0
1,467,258009831000,12900492,2541,83262172,15490636,0,20912360,0,0,0,0,83262172,3670016,67771536,5421724,0
1,469,258009871000,12900494,3002,98365507,20912360,0,27108613,0,0,0,0,98365507,4194302,77453147,6196253,0
1,471,258009911000,12900496,3191,104561779,27108613,0,33304868,0,0,0,0,104561779,4194303,77453166,6196255,0
1,473,258009951000,12900498,0,110758052,33304868,0,0,0,0,1,1,110758052,4194304,77453184,6196256,0
1,475,258009991000,12900500,3841,125861387,0,0,10068913,0,0,0,0,125861387,6815742,125861387,10068913,0
1,477,258010031000,12900502,4148,135930319,10068913,0,20137828,0,0,0,0,135930319,6815743,125861406,10068915,0
1,479,258010071000,12900504,4456,145999252,20137828,0,30206744,0,0,0,0,145999252,6815744,125861424,10068916,0
1,481,258010111000,12900506,5058,165749779,30206744,0,41050189,0,0,0,0,165749779,7340030,135543035,10843445,0
1,483,258010151000,12900508,5389,176593243,41050189,0,51893636,0,0,0,0,176593243,7340031,135543054,10843447,0
1,485,258010191000,12900510,5720,187436708,51893636,0,62737084,0,0,0,0,187436708,7340032,135543072,10843448,0
1,487,258010231000,12900512,8710,285414951,62737084,0,80551317,0,0,0,0,285414951,12058622,222677867,17814233,0
1,489,258010271000,12900514,9254,303229203,80551317,0,98365552,0,0,0,0,303229203,12058623,222677886,17814235,0
1,491,258010311000,12900516,9797,321043456,98365552,0,116179788,0,0,0,0,321043456,12058624,222677904,17814236,0
1,493,258010351000,12900518,32768,39839981477,116179788,1,536870912,0,38766239653,0,0,1073741824,2151153661,39723801689,3177904792,0
1,495,258010391000,12900520,32768,40260672619,536870912,1,536870912,38766239653,39186930795,0,0,1073741824,2151153662,39723801707,3177904793,3101299175
1,497,258010431000,12900522,0,-39061069390,536870912,1,0,39186930795,-37987327566,1,1,-1073741824,-2144337919,-39597940302,-3167835879,3134954467
1,499,258010471000,12900524,-32768,-39597940283,0,1,-128849669,-37987327566,-38524198459,0,0,-1073741824,-2144337918,-39597940283,-3167835877,-3038986208
1,501,258010511000,12900526,-6887,-225666149,-128849669,0,536870912,-38524198459,0,0,0,-225666149,-5242880,-96816480,-7745320,-3081935880
1,503,258010551000,12900528,13429,440054450,536870912,0,529125593,0,0,0,0,440054450,-5242879,-96816462,-7745319,0
1,505,258010591000,12900530,13193,432309150,529125593,0,521380276,0,0,0,0,432309150,-5242878,-96816443,-7745317,0
1,507,258010631000,12900532,15616,511698628,521380276,0,520605744,0,0,0,0,511698628,-524288,-9681648,-774532,0
1,509,258010671000,12900534,15592,510924114,520605744,0,519831213,0,0,0,0,510924114,-524287,-9681630,-774531,0
1,511,258010711000,12900536,15569,510149602,519831213,0,519056684,0,0,0,0,510149602,-524286,-9681611,-774529,0
1,513,258010751000,12900538,15840,519056684,519056684,0,519056684,0,0,0,0,519056684,0,0,0,0
1,515,258010791000,12900540,15840,519056702,519056684,0,519056685,0,0,0,0,519056702,1,18,1,0
1,517,258010831000,12900542,15840,519056722,519056685,0,519056688,0,0,0,0,519056722,2,37,3,0
1,519,258010871000,12900544,0,567464928,519056688,0,0,0,0,1,1,567464928,2621440,48408240,3872660,0
1,521,258010911000,12900546,1477,48408258,0,0,3872661,0,0,0,0,48408258,2621441,48408258,3872661,0
1,523,258010951000,12900548,1595,52280938,3872661,0,7745324,0,0,0,0,52280938,2621442,48408277,3872663,0
1,525,258010991000,12900550,2009,65835212,7745324,0,12392516,0,0,0,0,65835212,3145728,58089888,4647192,0
1,527,258011031000,12900552,2151,70482422,12392516,0,17039709,0,0,0,0,70482422,3145729,58089906,4647193,0
1,529,258011071000,12900554,2293,75129634,17039709,0,21686904,0,0,0,0,75129634,3145730,58089925,4647195,0
1,531,258011111000,12900556,2730,89458440,21686904,0,27108628,0,0,0,0,89458440,3670016,67771536,5421724,0
1,533,258011151000,12900558,2896,94880182,27108628,0,32530353,0,0,0,0,94880182,3670017,67771554,5421725,0
1,535,258011191000,12900560,3061,100301926,32530353,0,37952080,0,0,0,0,100301926,3670018,67771573,5421727,0
1,537,258011231000,12900562,4704,154131856,37952080,0,47246464,0,0,0,0,154131856,6291456,116179776,9294384,0
1,539,258011271000,12900564,4987,163426258,47246464,0,56540849,0,0,0,0,163426258,6291457,116179794,9294385,0
1,541,258011311000,12900566,5271,172720662,56540849,0,65835236,0,0,0,0,172720662,6291458,116179813,9294387,0
1,543,258011351000,12900568,5850,191696660,65835236,0,75904152,0,0,0,0,191696660,6815744,125861424,10068916,0
1,545,258011391000,12900570,6157,201765594,75904152,0,85973069,0,0,0,0,201765594,6815745,125861442,10068917,0
1,547,258011431000,12900572,6465,211834530,85973069,0,96041988,0,0,0,0,211834530,6815746,125861461,10068919,0
1,549,258011471000,12900574,9431,309038244,96041988,0,113081692,0,0,0,0,309038244,11534336,212996256,17039704,0
1,551,258011511000,12900576,9951,326077966,113081692,0,130121397,0,0,0,0,326077966,11534337,212996274,17039705,0
1,553,258011551000,12900578,10471,343117690,130121397,0,147161104,0,0,0,0,343117690,11534338,212996293,17039707,0
1,555,258011591000,12900580,32768,39861281182,147161104,1,536870912,0,38787539358,0,0,1073741824,2150629375,39714120078,3177130263,0
1,557,258011631000,12900582,0,40250991008,536870912,1,0,38787539358,39177249184,1,1,1073741824,2150629376,39714120096,3177130264,3103003152
1,559,258011671000,12900584,0,-39597940320,0,1,0,39177249184,-38524198496,1,1,-1073741824,-2144337920,-39597940320,-3167835880,3134179938
1,561,258011711000,12900586,-32768,-39597940302,0,1,-85899996,-38524198496,-38524198478,0,0,-1073741824,-2144337919,-39597940302,-3167835879,-3081935883
1,563,258011751000,12900588,-5576,-182716494,-85899996,0,536870912,-38524198478,0,0,0,-182716494,-5242881,-96816498,-7745321,-3081935881
1,565,258011791000,12900590,0,440054432,536870912,0,0,0,0,1,1,440054432,-5242880,-96816480,-7745320,0
1,567,258011831000,12900592,-2955,-96816462,0,0,-7745319,0,0,0,0,-96816462,-5242879,-96816462,-7745319,0
1,569,258011871000,12900594,-532,-17426985,-7745319,0,-8519852,0,0,0,0,-17426985,-524289,-9681666,-774533,0
1,571,258011911000,12900596,-555,-18201500,-8519852,0,-9294384,0,0,0,0,-18201500,-524288,-9681648,-774532,0
1,573,258011951000,12900598,-579,-18976014,-9294384,0,-10068915,0,0,0,0,-18976014,-524287,-9681630,-774531,0
1,575,258011991000,12900600,-307,-10068933,-10068915,0,-10068916,0,0,0,0,-10068933,-1,-18,-1,0
1,577,258012031000,12900602,-307,-10068916,-10068916,0,-10068916,0,0,0,0,-10068916,0,0,0,0
1,579,258012071000,12900604,-307,-10068898,-10068916,0,-10068915,0,0,0,0,-10068898,1,18,1,0
1,581,258012111000,12900606,1170,38339307,-10068915,0,-6196256,0,0,0,0,38339307,2621439,48408222,3872659,0
1,583,258012151000,12900608,1288,42211984,-6196256,0,-2323596,0,0,0,0,42211984,2621440,48408240,3872660,0
1,585,258012191000,12900610,1406,46084662,-2323596,0,1549065,0,0,0,0,46084662,2621441,48408258,3872661,0
1,587,258012231000,12900612,1820,59638935,1549065,0,6196256,0,0,0,0,59638935,3145727,58089870,4647191,0
1,589,258012271000,12900614,1962,64286144,6196256,0,10843448,0,0,0,0,64286144,3145728,58089888,4647192,0
1,591,258012311000,12900616,2104,68933354,10843448,0,15490641,0,0,0,0,68933354,3145729,58089906,4647193,0
1,593,258012351000,12900618,2541,83262159,15490641,0,20912364,0,0,0,0,83262159,3670015,67771518,5421723,0
1,595,258012391000,12900620,2706,88683900,20912364,0,26334088,0,0,0,0,88683900,3670016,67771536,5421724,0
1,597,258012431000,12900622,2872,94105642,26334088,0,31755813,0,0,0,0,94105642,3670017,67771554,5421725,0
1,599,258012471000,12900624,4515,147935571,31755813,0,41050196,0,0,0,0,147935571,6291455,116179758,9294383,0
1,601,258012511000,12900626,0,157229972,41050196,0,0,0,0,1,1,157229972,6291456,116179776,9294384,0
1,603,258012551000,12900628,3546,116179794,0,0,9294385,0,0,0,0,116179794,6291457,116179794,9294385,0
1,605,258012591000,12900630,4125,135155791,9294385,0,19363300,0,0,0,0,135155791,6815743,125861406,10068915,0
1,607,258012631000,12900632,4432,145224724,19363300,0,29432216,0,0,0,0,145224724,6815744,125861424,10068916,0
1,609,258012671000,12900634,4739,155293658,29432216,0,39501133,0,0,0,0,155293658,6815745,125861442,10068917,0
1,611,258012711000,12900636,0,252497371,39501133,0,0,0,0,1,1,252497371,11534335,212996238,17039703,0
1,613,258012751000,12900638,6500,212996256,0,0,17039704,0,0,0,0,212996256,11534336,212996256,17039704,0
1,615,258012791000,12900640,7020,230035978,17039704,0,34079409,0,0,0,0,230035978,11534337,212996274,17039705,0
1,617,258012831000,12900642,32768,39748199468,34079409,1,536870912,0,38674457644,0,0,1073741824,2150629374,39714120059,3177130261,0
1,619,258012871000,12900644,32768,40250990990,536870912,1,536870912,38674457644,39177249166,0,0,1073741824,2150629375,39714120078,3177130263,3093956614
1,621,258012911000,12900646,0,-39061069426,536870912,1,0,39177249166,-37987327602,1,1,-1073741824,-2144337921,-39597940338,-3167835881,3134179936
1,623,258012951000,12900648,-32768,-39597940320,0,1,-128849669,-37987327602,-38524198496,0,0,-1073741824,-2144337920,-39597940320,-3167835880,-3038986211
1,625,258012991000,12900650,-6887,-225666186,-128849669,0,536870912,-38524198496,0,0,0,-225666186,-5242882,-96816517,-7745323,-3081935883
1,627,258013031000,12900652,13429,440054414,536870912,0,529125591,0,0,0,0,440054414,-5242881,-96816498,-7745321,0
1,629,258013071000,12900654,13193,432309111,529125591,0,521380271,0,0,0,0,432309111,-5242880,-96816480,-7745320,0
1,631,258013111000,12900656,15616,511698586,521380271,0,520605736,0,0,0,0,511698586,-524290,-9681685,-774535,0
1,633,258013151000,12900658,15592,510924070,520605736,0,519831203,0,0,0,0,510924070,-524289,-9681666,-774533,0
1,635,258013191000,12900660,15569,510149555,519831203,0,519056671,0,0,0,0,510149555,-524288,-9681648,-774532,0
1,637,258013231000,12900662,15840,519056634,519056671,0,519056668,0,0,0,0,519056634,-2,-37,-3,0
1,639,258013271000,12900664,15840,519056650,519056668,0,519056667,0,0,0,0,519056650,-1,-18,-1,0
1,641,258013311000,12900666,15840,519056667,519056667,0,519056667,0,0,0,0,519056667,0,0,0,0
1,643,258013351000,12900668,17318,567464870,519056667,0,522929324,0,0,0,0,567464870,2621438,48408203,3872657,0
1,645,258013391000,12900670,17436,571337546,522929324,0,526801983,0,0,0,0,571337546,2621439,48408222,3872659,0
1,647,258013431000,12900672,17554,575210223,526801983,0,530674643,0,0,0,0,575210223,2621440,48408240,3872660,0
1,649,258013471000,12900674,17968,588764494,530674643,0,535321832,0,0,0,0,588764494,3145726,58089851,4647189,0
1,651,258013511000,12900676,18109,593411702,535321832,0,536870912,0,0,0,0,593411702,3145727,58089870,4647191,0
1,653,258013551000,12900678,18157,594960800,536870912,0,536870912,0,0,0,0,594960800,3145728,58089888,4647192,0
1,655,258013591000,12900680,18452,604642411,536870912,0,536870912,0,0,0,0,604642411,3670014,67771499,5421721,0
1,657,258013631000,12900682,0,604642430,536870912,0,0,0,0,1,1,604642430,3670015,67771518,5421723,0
1,659,258013671000,12900684,2068,67771536,0,0,5421724,0,0,0,0,67771536,3670016,67771536,5421724,0
1,661,258013711000,12900686,3711,121601463,5421724,0,14716105,0,0,0,0,121601463,6291454,116179739,9294381,0
1,663,258013751000,12900688,3995,130895863,14716105,0,24010488,0,0,0,0,130895863,6291455,116179758,9294383,0
1,665,258013791000,12900690,4278,140190264,24010488,0,33304872,0,0,0,0,140190264,6291456,116179776,9294384,0
1,667,258013831000,12900692,4857,159166259,33304872,0,43373785,0,0,0,0,159166259,6815742,125861387,10068913,0
1,669,258013871000,12900694,5165,169235191,43373785,0,53442700,0,0,0,0,169235191,6815743,125861406,10068915,0
1,671,258013911000,12900696,5472,179304124,53442700,0,63511616,0,0,0,0,179304124,6815744,125861424,10068916,0
1,673,258013951000,12900698,8438,276507835,63511616,0,80551317,0,0,0,0,276507835,11534334,212996219,17039701,0
1,675,258013991000,12900700,8958,293547555,80551317,0,97591020,0,0,0,0,293547555,11534335,212996238,17039703,0
1,677,258014031000,12900702,9478,310587276,97591020,0,114630724,0,0,0,0,310587276,11534336,212996256,17039704,0
1,679,258014071000,12900704,32768,39828750765,114630724,1,536870912,0,38755008941,0,0,1073741824,2150629373,39714120041,3177130260,0
1,681,258014111000,12900706,32768,40250990971,536870912,1,536870912,38755008941,39177249147,0,0,1073741824,2150629374,39714120059,3177130261,3100400718
1,683,258014151000,12900708,0,-39109477630,536870912,1,0,39177249147,-38035735806,1,1,-1073741824,-2146959359,-39646348542,-3171708539,3134179935
1,685,258014191000,12900710,-32768,-39646348523,0,1,-128849670,-38035735806,-38572606699,0,0,-1073741824,-2146959358,-39646348523,-3171708537,-3042858867
1,687,258014231000,12900712,-8364,-274074390,-128849670,0,536870912,-38572606699,0,0,0,-274074390,-7864320,-145224720,-11617980,-3085808539
1,689,258014271000,12900714,11952,391646210,536870912,0,525252933,0,0,0,0,391646210,-7864319,-145224702,-11617979,0
1,691,258014311000,12900716,0,380028250,525252933,0,0,0,0,1,1,380028250,-7864318,-145224683,-11617977,0
1,693,258014351000,12900718,-1773,-58089888,0,0,-4647192,0,0,0,0,-58089888,-3145728,-58089888,-4647192,0
1,695,258014391000,12900720,-1915,-62737062,-4647192,0,-9294383,0,0,0,0,-62737062,-3145727,-58089870,-4647191,0
1,697,258014431000,12900722,-2056,-67384234,-9294383,0,-13941572,0,0,0,0,-67384234,-3145726,-58089851,-4647189,0
1,699,258014471000,12900724,-1903,-62349812,-13941572,0,-17814232,0,0,0,0,-62349812,-2621440,-48408240,-3872660,0
1,701,258014511000,12900726,-2021,-66222454,-17814232,0,-21686891,0,0,0,0,-66222454,-2621439,-48408222,-3872659,0
1,703,258014551000,12900728,0,-70095094,-21686891,0,0,0,0,1,1,-70095094,-2621438,-48408203,-3872657,0
1,705,258014591000,12900730,0,0,0,0,0,0,0,0,0,0,0,0,0,0
1,707,258014631000,12900732,0,18,0,0,1,0,0,0,0,18,1,18,1,0
1,709,258014671000,12900734,0,38,1,0,4,0,0,0,0,38,2,37,3,0
1,711,258014711000,12900736,295,9681652,4,0,774536,0,0,0,0,9681652,524288,9681648,774532,0
1,713,258014751000,12900738,319,10456202,774536,0,1549069,0,0,0,0,10456202,524289,9681666,774533,0
1,715,258014791000,12900740,343,11230754,1549069,0,2323604,0,0,0,0,11230754,524290,9681685,774535,0
1,717,258014831000,12900742,662,21686900,2323604,0,3872668,0,0,0,0,21686900,1048576,19363296,1549064,0
1,719,258014871000,12900744,709,23235982,3872668,0,5421733,0,0,0,0,23235982,1048577,19363314,1549065,0
1,721,258014911000,12900746,756,24785066,5421733,0,6970800,0,0,0,0,24785066,1048578,19363333,1549067,0
1,723,258014951000,12900748,2281,74742336,6970800,0,12392524,0,0,0,0,74742336,3670016,67771536,5421724,0
1,725,258014991000,12900750,2446,80164078,12392524,0,17814249,0,0,0,0,80164078,3670017,67771554,5421725,0
1,727,258015031000,12900752,2612,85585822,17814249,0,23235976,0,0,0,0,85585822,3670018,67771573,5421727,0
1,729,258015071000,12900754,3073,100689160,23235976,0,29432232,0,0,0,0,100689160,4194304,77453184,6196256,0
1,731,258015111000,12900756,3262,106885434,29432232,0,35628489,0,0,0,0,106885434,4194305,77453202,6196257,0
1,733,258015151000,12900758,3451,113081710,35628489,0,41824748,0,0,0,0,113081710,4194306,77453221,6196259,0
1,735,258015191000,12900760,6299,206412764,41824748,0,54991792,0,0,0,0,206412764,8912896,164588016,13167044,0
1,737,258015231000,12900762,6701,219579826,54991792,0,68158837,0,0,0,0,219579826,8912897,164588034,13167045,0
1,739,258015271000,12900764,7103,232746890,68158837,0,81325884,0,0,0,0,232746890,8912898,164588053,13167047,0
1,741,258015311000,12900766,32768,39747037722,81325884,1,536870912,0,38673295898,0,0,1073741824,2148007935,39665711838,3173257603,0
1,743,258015351000,12900768,0,40202582768,536870912,1,0,38673295898,39128840944,1,1,1073741824,2148007936,39665711856,3173257604,3093863675
1,745,258015391000,12900770,0,-39646348560,0,1,0,39128840944,-38572606736,1,1,-1073741824,-2146959360,-39646348560,-3171708540,3130307278
1,747,258015431000,12900772,-32768,-39646348542,0,1,-85899997,-38572606736,-38572606718,0,0,-1073741824,-2146959359,-39646348542,-3171708539,-3085808542
1,749,258015471000,12900774,0,-231124735,-85899997,0,0,-38572606718,0,1,1,-231124735,-7864321,-145224738,-11617981,-3085808540
1,751,258015511000,12900776,-4432,-145224720,0,0,-11617980,0,0,0,0,-145224720,-7864320,-145224720,-11617980,0
1,753,258015551000,12900778,-4786,-156842682,-11617980,0,-23235959,0,0,0,0,-156842682,-7864319,-145224702,-11617979,0
1,755,258015591000,12900780,-2482,-81325865,-23235959,0,-27883152,0,0,0,0,-81325865,-3145729,-58089906,-4647193,0
1,757,258015631000,12900782,-2624,-85973040,-27883152,0,-32530344,0,0,0,0,-85973040,-3145728,-58089888,-4647192,0
1,759,258015671000,12900784,-2766,-90620214,-32530344,0,-37177535,0,0,0,0,-90620214,-3145727,-58089870,-4647191,0
1,761,258015711000,12900786,-2612,-85585793,-37177535,0,-41050196,0,0,0,0,-85585793,-2621441,-48408258,-3872661,0
1,763,258015751000,12900788,-2730,-89458436,-41050196,0,-44922856,0,0,0,0,-89458436,-2621440,-48408240,-3872660,0
1,765,258015791000,12900790,-2848,-93331078,-44922856,0,-48795515,0,0,0,0,-93331078,-2621439,-48408222,-3872659,0
1,767,258015831000,12900792,-1489,-48795533,-48795515,0,-48795516,0,0,0,0,-48795533,-1,-18,-1,0
1,769,258015871000,12900794,-1489,-48795516,-48795516,0,-48795516,0,0,0,0,-48795516,0,0,0,0
1,771,258015911000,12900796,-1489,-48795498,-48795516,0,-48795515,0,0,0,0,-48795498,1,18,1,0
1,773,258015951000,12900798,-1194,-39113885,-48795515,0,-48020984,0,0,0,0,-39113885,524287,9681630,774531,0
1,775,258015991000,12900800,-1170,-38339336,-48020984,0,-47246452,0,0,0,0,-38339336,524288,9681648,774532,0
1,777,258016031000,12900802,-1146,-37564786,-47246452,0,-46471919,0,0,0,0,-37564786,524289,9681666,774533,0
1,779,258016071000,12900804,-827,-27108641,-46471919,0,-44922856,0,0,0,0,-27108641,1048575,19363278,1549063,0
1,781,258016111000,12900806,-780,-25559560,-44922856,0,-43373792,0,0,0,0,-25559560,1048576,19363296,1549064,0
1,783,258016151000,12900808,-733,-24010478,-43373792,0,-41824727,0,0,0,0,-24010478,1048577,19363314,1549065,0
1,785,258016191000,12900810,792,25946791,-41824727,0,-36403004,0,0,0,0,25946791,3670015,67771518,5421723,0
1,787,258016231000,12900812,957,31368532,-36403004,0,-30981280,0,0,0,0,31368532,3670016,67771536,5421724,0
1,789,258016271000,12900814,1123,36790274,-30981280,0,-25559555,0,0,0,0,36790274,3670017,67771554,5421725,0
1,791,258016311000,12900816,1584,51893611,-25559555,0,-19363300,0,0,0,0,51893611,4194303,77453166,6196255,0
1,793,258016351000,12900818,1773,58089884,-19363300,0,-13167044,0,0,0,0,58089884,4194304,77453184,6196256,0
1,795,258016391000,12900820,0,64286158,-13167044,0,0,0,0,1,1,64286158,4194305,77453202,6196257,0
1,797,258016431000,12900822,5023,164587998,0,0,13167043,0,0,0,0,164587998,8912895,164587998,13167043,0
1,799,258016471000,12900824,5425,177755059,13167043,0,26334087,0,0,0,0,177755059,8912896,164588016,13167044,0
1,801,258016511000,12900826,5826,190922121,26334087,0,39501132,0,0,0,0,190922121,8912897,164588034,13167045,0
1,803,258016551000,12900828,32768,39705212951,39501132,1,536870912,0,38631471127,0,0,1073741824,2148007934,39665711819,3173257601,0
1,805,258016591000,12900830,32768,40202582750,536870912,1,536870912,38631471127,39128840926,0,0,1073741824,2148007935,39665711838,3173257603,3090517693
1,807,258016631000,12900832,0,-39109477666,536870912,1,0,39128840926,-38035735842,1,1,-1073741824,-2146959361,-39646348578,-3171708541,3130307277
1,809,258016671000,12900834,-32768,-39646348560,0,1,-128849670,-38035735842,-38572606736,0,0,-1073741824,-2146959360,-39646348560,-3171708540,-3042858870
1,811,258016711000,12900836,-8364,-274074427,-128849670,0,536870912,-38572606736,0,0,0,-274074427,-7864322,-145224757,-11617983,-3085808542
1,813,258016751000,12900838,11952,391646174,536870912,0,525252931,0,0,0,0,391646174,-7864321,-145224738,-11617981,0
1,815,258016791000,12900840,11598,380028211,525252931,0,513634951,0,0,0,0,380028211,-7864320,-145224720,-11617980,0
1,817,258016831000,12900842,13902,455545026,513634951,0,508987756,0,0,0,0,455545026,-3145730,-58089925,-4647195,0
1,819,258016871000,12900844,13760,450897850,508987756,0,504340563,0,0,0,0,450897850,-3145729,-58089906,-4647193,0
1,821,258016911000,12900846,13618,446250675,504340563,0,499693371,0,0,0,0,446250675,-3145728,-58089888,-4647192,0
1,823,258016951000,12900848,13772,451285094,499693371,0,495820708,0,0,0,0,451285094,-2621442,-48408277,-3872663,0
1,825,258016991000,12900850,0,447412450,495820708,0,0,0,0,1,1,447412450,-2621441,-48408258,-3872661,0
1,827,258017031000,12900852,-1477,-48408240,0,0,-3872660,0,0,0,0,-48408240,-2621440,-48408240,-3872660,0
1,829,258017071000,12900854,-118,-3872697,-3872660,0,-3872663,0,0,0,0,-3872697,-2,-37,-3,0
1,831,258017111000,12900856,-118,-3872681,-3872663,0,-3872664,0,0,0,0,-3872681,-1,-18,-1,0
1,833,258017151000,12900858,-118,-3872664,-3872664,0,-3872664,0,0,0,0,-3872664,0,0,0,0
1,835,258017191000,12900860,177,5808947,-3872664,0,-3098135,0,0,0,0,5808947,524286,9681611,774529,0
1,837,258017231000,12900862,201,6583495,-3098135,0,-2323604,0,0,0,0,6583495,524287,9681630,774531,0
1,839,258017271000,12900864,225,7358044,-2323604,0,-1549072,0,0,0,0,7358044,524288,9681648,774532,0
1,841,258017311000,12900866,0,17814187,-1549072,0,0,0,0,1,1,17814187,1048574,19363259,1549061,0
1,843,258017351000,12900868,591,19363278,0,0,1549063,0,0,0,0,19363278,1048575,19363278,1549063,0
1,845,258017391000,12900870,638,20912359,1549063,0,3098127,0,0,0,0,20912359,1048576,19363296,1549064,0
1,847,258017431000,12900872,2163,70869626,3098127,0,8519848,0,0,0,0,70869626,3670014,67771499,5421721,0
1,849,258017471000,12900874,2328,76291366,8519848,0,13941571,0,0,0,0,76291366,3670015,67771518,5421723,0
1,851,258017511000,12900876,2494,81713107,13941571,0,19363295,0,0,0,0,81713107,3670016,67771536,5421724,0
1,853,258017551000,12900878,2955,96816442,19363295,0,25559548,0,0,0,0,96816442,4194302,77453147,6196253,0
1,855,258017591000,12900880,3144,103012714,25559548,0,31755803,0,0,0,0,103012714,4194303,77453166,6196255,0
1,857,258017631000,12900882,3333,109208987,31755803,0,37952059,0,0,0,0,109208987,4194304,77453184,6196256,0
1,859,258017671000,12900884,6181,202540038,37952059,0,51119100,0,0,0,0,202540038,8912894,164587979,13167041,0
1,861,258017711000,12900886,6583,215707098,51119100,0,64286143,0,0,0,0,215707098,8912895,164587998,13167043,0
1,863,258017751000,12900888,6985,228874159,64286143,0,77453187,0,0,0,0,228874159,8912896,164588016,13167044,0
1,865,258017791000,12900890,32768,39743164988,77453187,1,536870912,0,38669423164,0,0,1073741824,2148007933,39665711801,3173257600,0
1,867,258017831000,12900892,32768,40202582731,536870912,1,536870912,38669423164,39128840907,0,0,1073741824,2148007934,39665711819,3173257601,3093553856
1,869,258017871000,12900894,0,-39119159278,536870912,1,0,39128840907,-38045417454,1,1,-1073741824,-2147483647,-39656030190,-3172483071,3130307275
1,871,258017911000,12900896,-32768,-39656030171,0,1,-128849670,-38045417454,-38582288347,0,0,-1073741824,-2147483646,-39656030171,-3172483069,-3043633399
1,873,258017951000,12900898,-8660,-283756038,-128849670,0,536870912,-38582288347,0,0,0,-283756038,-8388608,-154906368,-12392512,-3086583071
1,875,258017991000,12900900,11657,381964562,536870912,0,524478401,0,0,0,0,381964562,-8388607,-154906350,-12392511,0
1,877,258018031000,12900902,11278,369572070,524478401,0,512085892,0,0,0,0,369572070,-8388606,-154906331,-12392509,0
1,879,258018071000,12900904,13559,444314356,512085892,0,506664168,0,0,0,0,444314356,-3670016,-67771536,-5421724,0
1,881,258018111000,12900906,13394,438892650,506664168,0,501242445,0,0,0,0,438892650,-3670015,-67771518,-5421723,0
1,883,258018151000,12900908,13228,433470946,501242445,0,495820724,0,0,0,0,433470946,-3670014,-67771499,-5421721,0
1,885,258018191000,12900910,0,437730836,495820724,0,0,0,0,1,1,437730836,-3145728,-58089888,-4647192,0
1,887,258018231000,12900912,0,-58089870,0,0,0,0,0,1,1,-58089870,-3145727,-58089870,-4647191,0
1,889,258018271000,12900914,-1773,-58089851,0,0,-4647189,0,0,0,0,-58089851,-3145726,-58089851,-4647189,0
1,891,258018311000,12900916,-437,-14328837,-4647189,0,-5421721,0,0,0,0,-14328837,-524288,-9681648,-774532,0
1,893,258018351000,12900918,-461,-15103351,-5421721,0,-6196252,0,0,0,0,-15103351,-524287,-9681630,-774531,0
1,895,258018391000,12900920,-485,-15877863,-6196252,0,-6970781,0,0,0,0,-15877863,-524286,-9681611,-774529,0
1,897,258018431000,12900922,-213,-6970781,-6970781,0,-6970781,0,0,0,0,-6970781,0,0,0,0
1,899,258018471000,12900924,-213,-6970763,-6970781,0,-6970780,0,0,0,0,-6970763,1,18,1,0
1,901,258018511000,12900926,-213,-6970743,-6970780,0,-6970777,0,0,0,0,-6970743,2,37,3,0
1,903,258018551000,12900928,83,2710871,-6970777,0,-6196245,0,0,0,0,2710871,524288,9681648,774532,0
1,905,258018591000,12900930,106,3485421,-6196245,0,-5421712,0,0,0,0,3485421,524289,9681666,774533,0
1,907,258018631000,12900932,130,4259973,-5421712,0,-4647177,0,0,0,0,4259973,524290,9681685,774535,0
1,909,258018671000,12900934,1631,53442711,-4647177,0,15,0,0,0,0,53442711,3145728,58089888,4647192,0
1,911,258018711000,12900936,1773,58089921,15,0,4647208,0,0,0,0,58089921,3145729,58089906,4647193,0
1,913,258018751000,12900938,1915,62737133,4647208,0,9294403,0,0,0,0,62737133,3145730,58089925,4647195,0
1,915,258018791000,12900940,2352,77065939,9294403,0,14716127,0,0,0,0,77065939,3670016,67771536,5421724,0
1,917,258018831000,12900942,2517,82487681,14716127,0,20137852,0,0,0,0,82487681,3670017,67771554,5421725,0
1,919,258018871000,12900944,2683,87909425,20137852,0,25559579,0,0,0,0,87909425,3670018,67771573,5421727,0
1,921,258018911000,12900946,5507,180465947,25559579,0,37952091,0,0,0,0,180465947,8388608,154906368,12392512,0
1,923,258018951000,12900948,5886,192858477,37952091,0,50344604,0,0,0,0,192858477,8388609,154906386,12392513,0
1,925,258018991000,12900950,6264,205251009,50344604,0,62737119,0,0,0,0,205251009,8388610,154906405,12392515,0
1,927,258019031000,12900952,32768,39718767309,62737119,1,536870912,0,38645025485,0,0,1073741824,2147483647,39656030190,3172483071,0
1,929,258019071000,12900954,32768,40192901120,536870912,1,536870912,38645025485,39119159296,0,0,1073741824,2147483648,39656030208,3172483072,3091602042
1,931,258019111000,12900956,0,-39119159296,536870912,1,0,39119159296,-38045417472,1,1,-1073741824,-2147483648,-39656030208,-3172483072,3129532747
1,933,258019151000,12900958,0,-39656030190,0,1,0,-38045417472,-38582288366,1,1,-1073741824,-2147483647,-39656030190,-3172483071,-3043633401
1,935,258019191000,12900960,-4727,-154906386,0,0,536870912,-38582288366,0,0,0,-154906386,-8388609,-154906386,-12392513,-3086583072
1,937,258019231000,12900962,11657,381964544,536870912,0,524478400,0,0,0,0,381964544,-8388608,-154906368,-12392512,0
1,939,258019271000,12900964,11278,369572050,524478400,0,512085889,0,0,0,0,369572050,-8388607,-154906350,-12392511,0
1,941,258019311000,12900966,13559,444314335,512085889,0,506664164,0,0,0,0,444314335,-3670017,-67771554,-5421725,0
1,943,258019351000,12900968,13394,438892628,506664164,0,501242440,0,0,0,0,438892628,-3670016,-67771536,-5421724,0
1,945,258019391000,12900970,13228,433470922,501242440,0,495820717,0,0,0,0,433470922,-3670015,-67771518,-5421723,0
1,947,258019431000,12900972,13358,437730811,495820717,0,491173524,0,0,0,0,437730811,-3145729,-58089906,-4647193,0
1,949,258019471000,12900974,13217,433083636,491173524,0,486526332,0,0,0,0,433083636,-3145728,-58089888,-4647192,0
1,951,258019511000,12900976,13075,428436462,486526332,0,481879141,0,0,0,0,428436462,-3145727,-58089870,-4647191,0
1,953,258019551000,12900978,14410,472197475,481879141,0,481104608,0,0,0,0,472197475,-524289,-9681666,-774533,0
1,955,258019591000,12900980,14387,471422960,481104608,0,480330076,0,0,0,0,471422960,-524288,-9681648,-774532,0
1,957,258019631000,12900982,14363,470648446,480330076,0,479555545,0,0,0,0,470648446,-524287,-9681630,-774531,0
1,959,258019671000,12900984,0,479555527,479555545,0,0,0,0,1,1,479555527,-1,-18,-1,0
1,961,258019711000,12900986,0,0,0,0,0,0,0,0,0,0,0,0,0,0
1,963,258019751000,12900988,0,18,0,0,1,0,0,0,0,18,1,18,1,0
1,965,258019791000,12900990,295,9681631,1,0,774532,0,0,0,0,9681631,524287,9681630,774531,0
1,967,258019831000,12900992,319,10456180,774532,0,1549064,0,0,0,0,10456180,524288,9681648,774532,0
1,969,258019871000,12900994,343,11230730,1549064,0,2323597,0,0,0,0,11230730,524289,9681666,774533,0
1,971,258019911000,12900996,1844,60413467,2323597,0,6970788,0,0,0,0,60413467,3145727,58089870,4647191,0
1,973,258019951000,12900998,1985,65060676,6970788,0,11617980,0,0,0,0,65060676,3145728,58089888,4647192,0
1,975,258019991000,12901000,2127,69707886,11617980,0,16265173,0,0,0,0,69707886,3145729,58089906,4647193,0
1,977,258020031000,12901002,2565,84036691,16265173,0,21686896,0,0,0,0,84036691,3670015,67771518,5421723,0
1,979,258020071000,12901004,0,89458432,21686896,0,0,0,0,1,1,89458432,3670016,67771536,5421724,0
1,981,258020111000,12901006,2068,67771554,0,0,5421725,0,0,0,0,67771554,3670017,67771554,5421725,0
1,983,258020151000,12901008,4893,160328075,5421725,0,17814236,0,0,0,0,160328075,8388607,154906350,12392511,0
1,985,258020191000,12901010,5271,172720604,17814236,0,30206748,0,0,0,0,172720604,8388608,154906368,12392512,0
1,987,258020231000,12901012,5649,185113134,30206748,0,42599261,0,0,0,0,185113134,8388609,154906386,12392513,0
1,989,258020271000,12901014,32768,39698629432,42599261,1,536870912,0,38624887608,0,0,1073741824,2147483646,39656030171,3172483069,0
1,991,258020311000,12901016,32768,40192901102,536870912,1,536870912,38624887608,39119159278,0,0,1073741824,2147483647,39656030190,3172483071,3089991012
1,993,258020351000,12901018,0,-39119159314,536870912,1,0,39119159278,-38045417490,1,1,-1073741824,-2147483649,-39656030226,-3172483073,3129532745
1,995,258020391000,12901020,-32768,-39656030208,0,1,-128849670,-38045417490,-38582288384,0,0,-1073741824,-2147483648,-39656030208,-3172483072,-3043633402
1,997,258020431000,12901022,-8660,-283756075,-128849670,0,536870912,-38582288384,0,0,0,-283756075,-8388610,-154906405,-12392515,-3086583074
1,999,258020471000,12901024,11657,381964526,536870912,0,524478399,0,0,0,0,381964526,-8388609,-154906386,-12392513,0
1,1001,258020511000,12901026,11278,369572031,524478399,0,512085887,0,0,0,0,369572031,-8388608,-154906368,-12392512,0
1,1003,258020551000,12901028,13559,444314314,512085887,0,506664160,0,0,0,0,444314314,-3670018,-67771573,-5421727,0
1,1005,258020591000,12901030,13394,438892606,506664160,0,501242435,0,0,0,0,438892606,-3670017,-67771554,-5421725,0
1,1007,258020631000,12901032,13228,433470899,501242435,0,495820711,0,0,0,0,433470899,-3670016,-67771536,-5421724,0
1,1009,258020671000,12901034,13358,437730786,495820711,0,491173516,0,0,0,0,437730786,-3145730,-58089925,-4647195,0
1,1011,258020711000,12901036,13217,433083610,491173516,0,486526323,0,0,0,0,433083610,-3145729,-58089906,-4647193,0
1,1013,258020751000,12901038,13075,428436435,486526323,0,481879131,0,0,0,0,428436435,-3145728,-58089888,-4647192,0
1,1015,258020791000,12901040,14410,472197446,481879131,0,481104596,0,0,0,0,472197446,-524290,-9681685,-774535,0
1,1017,258020831000,12901042,14387,471422930,481104596,0,480330063,0,0,0,0,471422930,-524289,-9681666,-774533,0
1,1019,258020871000,12901044,14363,470648415,480330063,0,479555531,0,0,0,0,470648415,-524288,-9681648,-774532,0
1,1021,258020911000,12901046,14635,479555494,479555531,0,479555528,0,0,0,0,479555494,-2,-37,-3,0
1,1023,258020951000,12901048,14635,479555510,479555528,0,479555527,0,0,0,0,479555510,-1,-18,-1,0
1,1025,258020991000,12901050,0,479555527,479555527,0,0,0,0,1,1,479555527,0,0,0,0
1,1027,258021031000,12901052,0,9681611,0,0,0,0,0,1,1,9681611,524286,9681611,774529,0
1,1029,258021071000,12901054,295,9681630,0,0,774531,0,0,0,0,9681630,524287,9681630,774531,0
1,1031,258021111000,12901056,319,10456179,774531,0,1549063,0,0,0,0,10456179,524288,9681648,774532,0
1,1033,258021151000,12901058,1820,59638914,1549063,0,6196252,0,0,0,0,59638914,3145726,58089851,4647189,0
1,1035,258021191000,12901060,1962,64286122,6196252,0,10843443,0,0,0,0,64286122,3145727,58089870,4647191,0
1,1037,258021231000,12901062,2104,68933331,10843443,0,15490635,0,0,0,0,68933331,3145728,58089888,4647192,0
1,1039,258021271000,12901064,2541,83262134,15490635,0,20912356,0,0,0,0,83262134,3670014,67771499,5421721,0
1,1041,258021311000,12901066,2706,88683874,20912356,0,26334079,0,0,0,0,88683874,3670015,67771518,5421723,0
1,1043,258021351000,12901068,2872,94105615,26334079,0,31755803,0,0,0,0,94105615,3670016,67771536,5421724,0
1,1045,258021391000,12901070,5696,186662134,31755803,0,44148312,0,0,0,0,186662134,8388606,154906331,12392509,0
1,1047,258021431000,12901072,6075,199054662,44148312,0,56540823,0,0,0,0,199054662,8388607,154906350,12392511,0
1,1049,258021471000,12901074,6453,211447191,56540823,0,68933335,0,0,0,0,211447191,8388608,154906368,12392512,0
1,1051,258021511000,12901076,32768,39724963488,68933335,1,536870912,0,38651221664,0,0,1073741824,2147483645,39656030153,3172483068,0
1,1053,258021551000,12901078,32768,40192901083,536870912,1,536870912,38651221664,39119159259,0,0,1073741824,2147483646,39656030171,3172483069,3092097736
1,1055,258021591000,12901080,0,-39128840926,536870912,1,0,39119159259,-38055099102,1,1,-1073741824,-2148007935,-39665711838,-3173257603,3129532744
1,1057,258021631000,12901082,-32768,-39665711819,0,1,-128849670,-38055099102,-38591969995,0,0,-1073741824,-2148007934,-39665711819,-3173257601,-3044407931
1,1059,258021671000,12901084,-8955,-293437686,-128849670,0,536870912,-38591969995,0,0,0,-293437686,-8912896,-164588016,-13167044,-3087357602
1,1061,258021711000,12901086,11361,372282914,536870912,0,523703869,0,0,0,0,372282914,-8912895,-164587998,-13167043,0
1,1063,258021751000,12901088,10959,359115890,523703869,0,510536828,0,0,0,0,359115890,-8912894,-164587979,-13167041,0
1,1065,258021791000,12901090,13217,433083644,510536828,0,504340572,0,0,0,0,433083644,-4194304,-77453184,-6196256,0
1,1067,258021831000,12901092,13028,426887406,504340572,0,498144317,0,0,0,0,426887406,-4194303,-77453166,-6196255,0
1,1069,258021871000,12901094,12838,420691170,498144317,0,491948064,0,0,0,0,420691170,-4194302,-77453147,-6196253,0
1,1071,258021911000,12901096,0,424176528,491948064,0,0,0,0,1,1,424176528,-3670016,-67771536,-5421724,0
1,1073,258021951000,12901098,-2068,-67771518,0,0,-5421723,0,0,0,0,-67771518,-3670015,-67771518,-5421723,0
1,1075,258021991000,12901100,-2234,-73193222,-5421723,0,-10843444,0,0,0,0,-73193222,-3670014,-67771499,-5421721,0
1,1077,258022031000,12901102,-922,-30206740,-10843444,0,-12392508,0,0,0,0,-30206740,-1048576,-19363296,-1549064,0
1,1079,258022071000,12901104,-969,-31755786,-12392508,0,-13941571,0,0,0,0,-31755786,-1048575,-19363278,-1549063,0
1,1081,258022111000,12901106,-1016,-33304830,-13941571,0,-15490632,0,0,0,0,-33304830,-1048574,-19363259,-1549061,0
1,1083,258022151000,12901108,-768,-25172280,-15490632,0,-16265164,0,0,0,0,-25172280,-524288,-9681648,-774532,0
1,1085,258022191000,12901110,-792,-25946794,-16265164,0,-17039695,0,0,0,0,-25946794,-524287,-9681630,-774531,0
1,1087,258022231000,12901112,-815,-26721306,-17039695,0,-17814224,0,0,0,0,-26721306,-524286,-9681611,-774529,0
1,1089,258022271000,12901114,-544,-17814224,-17814224,0,-17814224,0,0,0,0,-17814224,0,0,0,0
1,1091,258022311000,12901116,-544,-17814206,-17814224,0,-17814223,0,0,0,0,-17814206,1,18,1,0
1,1093,258022351000,12901118,0,-17814186,-17814223,0,0,0,0,1,1,-17814186,2,37,3,0
1,1095,258022391000,12901120,1477,48408240,0,0,3872660,0,0,0,0,48408240,2621440,48408240,3872660,0
1,1097,258022431000,12901122,1595,52280918,3872660,0,7745321,0,0,0,0,52280918,2621441,48408258,3872661,0
1,1099,258022471000,12901124,1714,56153598,7745321,0,11617984,0,0,0,0,56153598,2621442,48408277,3872663,0
1,1101,258022511000,12901126,2127,69707872,11617984,0,16265176,0,0,0,0,69707872,3145728,58089888,4647192,0
1,1103,258022551000,12901128,2269,74355082,16265176,0,20912369,0,0,0,0,74355082,3145729,58089906,4647193,0
1,1105,258022591000,12901130,2411,79002294,20912369,0,25559564,0,0,0,0,79002294,3145730,58089925,4647195,0
1,1107,258022631000,12901132,5212,170784284,25559564,0,37177544,0,0,0,0,170784284,7864320,145224720,11617980,0
1,1109,258022671000,12901134,5566,182402282,37177544,0,48795525,0,0,0,0,182402282,7864321,145224738,11617981,0
1,1111,258022711000,12901136,5921,194020282,48795525,0,60413508,0,0,0,0,194020282,7864322,145224757,11617983,0
1,1113,258022751000,12901138,32768,39706762050,60413508,1,536870912,0,38633020226,0,0,1073741824,2146959359,39646348542,3171708539,0
1,1115,258022791000,12901140,32768,40183219472,536870912,1,536870912,38633020226,39109477648,0,0,1073741824,2146959360,39646348560,3171708540,3090641621
1,1117,258022831000,12901142,0,-39128840944,536870912,1,0,39109477648,-38055099120,1,1,-1073741824,-2148007936,-39665711856,-3173257604,3128758215
1,1119,258022871000,12901144,-32768,-39665711838,0,1,-128849671,-38055099120,-38591970014,0,0,-1073741824,-2148007935,-39665711838,-3173257603,-3044407932
1,1121,258022911000,12901146,-8955,-293437705,-128849671,0,536870912,-38591970014,0,0,0,-293437705,-8912897,-164588034,-13167045,-3087357604
1,1123,258022951000,12901148,11361,372282896,536870912,0,523703868,0,0,0,0,372282896,-8912896,-164588016,-13167044,0
1,1125,258022991000,12901150,10959,359115870,523703868,0,510536825,0,0,0,0,359115870,-8912895,-164587998,-13167043,0
1,1127,258023031000,12901152,13217,433083623,510536825,0,504340568,0,0,0,0,433083623,-4194305,-77453202,-6196257,0
1,1129,258023071000,12901154,13028,426887384,504340568,0,498144312,0,0,0,0,426887384,-4194304,-77453184,-6196256,0
1,1131,258023111000,12901156,12838,420691146,498144312,0,491948057,0,0,0,0,420691146,-4194303,-77453166,-6196255,0
1,1133,258023151000,12901158,12945,424176503,491948057,0,486526332,0,0,0,0,424176503,-3670017,-67771554,-5421725,0
1,1135,258023191000,12901160,12779,418754796,486526332,0,481104608,0,0,0,0,418754796,-3670016,-67771536,-5421724,0
1,1137,258023231000,12901162,12614,413333090,481104608,0,475682885,0,0,0,0,413333090,-3670015,-67771518,-5421723,0
1,1139,258023271000,12901164,13926,456319571,475682885,0,474133820,0,0,0,0,456319571,-1048577,-19363314,-1549065,0
1,1141,258023311000,12901166,13878,454770524,474133820,0,472584756,0,0,0,0,454770524,-1048576,-19363296,-1549064,0
1,1143,258023351000,12901168,13831,453221478,472584756,0,471035693,0,0,0,0,453221478,-1048575,-19363278,-1549063,0
1,1145,258023391000,12901170,14079,461354027,471035693,0,470261160,0,0,0,0,461354027,-524289,-9681666,-774533,0
1,1147,258023431000,12901172,14056,460579512,470261160,0,469486628,0,0,0,0,460579512,-524288,-9681648,-774532,0
1,1149,258023471000,12901174,14032,459804998,469486628,0,468712097,0,0,0,0,459804998,-524287,-9681630,-774531,0
1,1151,258023511000,12901176,14304,468712079,468712097,0,468712096,0,0,0,0,468712079,-1,-18,-1,0
1,1153,258023551000,12901178,14304,468712096,468712096,0,468712096,0,0,0,0,468712096,0,0,0,0
1,1155,258023591000,12901180,14304,468712114,468712096,0,468712097,0,0,0,0,468712114,1,18,1,0
1,1157,258023631000,12901182,15781,517120319,468712097,0,472584756,0,0,0,0,517120319,2621439,48408222,3872659,0
1,1159,258023671000,12901184,15899,520992996,472584756,0,476457416,0,0,0,0,520992996,2621440,48408240,3872660,0
1,1161,258023711000,12901186,16018,524865674,476457416,0,480330077,0,0,0,0,524865674,2621441,48408258,3872661,0
1,1163,258023751000,12901188,0,538419947,480330077,0,0,0,0,1,1,538419947,3145727,58089870,4647191,0
1,1165,258023791000,12901190,1773,58089888,0,0,4647192,0,0,0,0,58089888,3145728,58089888,4647192,0
1,1167,258023831000,12901192,1915,62737098,4647192,0,9294385,0,0,0,0,62737098,3145729,58089906,4647193,0
1,1169,258023871000,12901194,0,154519087,9294385,0,0,0,0,1,1,154519087,7864319,145224702,11617979,0
1,1171,258023911000,12901196,4432,145224720,0,0,11617980,0,0,0,0,145224720,7864320,145224720,11617980,0
1,1173,258023951000,12901198,4786,156842718,11617980,0,23235961,0,0,0,0,156842718,7864321,145224738,11617981,0
1,1175,258023991000,12901200,32768,39669584484,23235961,1,536870912,0,38595842660,0,0,1073741824,2146959358,39646348523,3171708537,0
1,1177,258024031000,12901202,32768,40183219454,536870912,1,536870912,38595842660,39109477630,0,0,1073741824,2146959359,39646348542,3171708539,3087667416
1,1179,258024071000,12901204,0,-39128840962,536870912,1,0,39109477630,-38055099138,1,1,-1073741824,-2148007937,-39665711874,-3173257605,3128758213
1,1181,258024111000,12901206,-32768,-39665711856,0,1,-128849670,-38055099138,-38591970032,0,0,-1073741824,-2148007936,-39665711856,-3173257604,-3044407934
1,1183,258024151000,12901208,-8955,-293437723,-128849670,0,536870912,-38591970032,0,0,0,-293437723,-8912898,-164588053,-13167047,-3087357605
1,1185,258024191000,12901210,11361,372282878,536870912,0,523703867,0,0,0,0,372282878,-8912897,-164588034,-13167045,0
1,1187,258024231000,12901212,10959,359115851,523703867,0,510536823,0,0,0,0,359115851,-8912896,-164588016,-13167044,0
1,1189,258024271000,12901214,13217,433083602,510536823,0,504340564,0,0,0,0,433083602,-4194306,-77453221,-6196259,0
1,1191,258024311000,12901216,13028,426887362,504340564,0,498144307,0,0,0,0,426887362,-4194305,-77453202,-6196257,0
1,1193,258024351000,12901218,12838,420691123,498144307,0,491948051,0,0,0,0,420691123,-4194304,-77453184,-6196256,0
1,1195,258024391000,12901220,12945,424176478,491948051,0,486526324,0,0,0,0,424176478,-3670018,-67771573,-5421727,0
1,1197,258024431000,12901222,12779,418754770,486526324,0,481104599,0,0,0,0,418754770,-3670017,-67771554,-5421725,0
1,1199,258024471000,12901224,12614,413333063,481104599,0,475682875,0,0,0,0,413333063,-3670016,-67771536,-5421724,0
1,1201,258024511000,12901226,13926,456319542,475682875,0,474133808,0,0,0,0,456319542,-1048578,-19363333,-1549067,0
1,1203,258024551000,12901228,13878,454770494,474133808,0,472584743,0,0,0,0,454770494,-1048577,-19363314,-1549065,0
1,1205,258024591000,12901230,13831,453221447,472584743,0,471035679,0,0,0,0,453221447,-1048576,-19363296,-1549064,0
1,1207,258024631000,12901232,14079,461353994,471035679,0,470261144,0,0,0,0,461353994,-524290,-9681685,-774535,0
1,1209,258024671000,12901234,0,460579478,470261144,0,0,0,0,1,1,460579478,-524289,-9681666,-774533,0
1,1211,258024711000,12901236,-295,-9681648,0,0,-774532,0,0,0,0,-9681648,-524288,-9681648,-774532,0
1,1213,258024751000,12901238,-24,-774569,-774532,0,-774535,0,0,0,0,-774569,-2,-37,-3,0
1,1215,258024791000,12901240,-24,-774553,-774535,0,-774536,0,0,0,0,-774553,-1,-18,-1,0
1,1217,258024831000,12901242,-24,-774536,-774536,0,-774536,0,0,0,0,-774536,0,0,0,0
1,1219,258024871000,12901244,1454,47633667,-774536,0,3098121,0,0,0,0,47633667,2621438,48408203,3872657,0
1,1221,258024911000,12901246,1572,51506343,3098121,0,6970780,0,0,0,0,51506343,2621439,48408222,3872659,0
1,1223,258024951000,12901248,1690,55379020,6970780,0,10843440,0,0,0,0,55379020,2621440,48408240,3872660,0
1,1225,258024991000,12901250,2104,68933291,10843440,0,15490629,0,0,0,0,68933291,3145726,58089851,4647189,0
1,1227,258025031000,12901252,0,73580499,15490629,0,0,0,0,1,1,73580499,3145727,58089870,4647191,0
1,1229,258025071000,12901254,1773,58089888,0,0,4647192,0,0,0,0,58089888,3145728,58089888,4647192,0
1,1231,258025111000,12901256,4574,149871875,4647192,0,16265169,0,0,0,0,149871875,7864318,145224683,11617977,0
1,1233,258025151000,12901258,4928,161489871,16265169,0,27883148,0,0,0,0,161489871,7864319,145224702,11617979,0
1,1235,258025191000,12901260,5283,173107868,27883148,0,39501128,0,0,0,0,173107868,7864320,145224720,11617980,0
1,1237,258025231000,12901262,32768,39685849633,39501128,1,536870912,0,38612107809,0,0,1073741824,2146959357,39646348505,3171708536,0
1,1239,258025271000,12901264,32768,40183219435,536870912,1,536870912,38612107809,39109477611,0,0,1073741824,2146959358,39646348523,3171708537,3088968628
1,1241,258025311000,12901266,0,-39177249166,536870912,1,0,39109477611,-38103507342,1,1,-1073741824,-2150629375,-39714120078,-3177130263,3128758212
1,1243,258025351000,12901268,-32768,-39714120059,0,1,-128849671,-38103507342,-38640378235,0,0,-1073741824,-2150629374,-39714120059,-3177130261,-3048280590
1,1245,258025391000,12901270,-10432,-341845927,-128849671,0,536870912,-38640378235,0,0,0,-341845927,-11534336,-212996256,-17039704,-3091230262
1,1247,258025431000,12901272,9884,323874674,536870912,0,519831209,0,0,0,0,323874674,-11534335,-212996238,-17039703,0
1,1249,258025471000,12901274,9364,306834990,519831209,0,502791508,0,0,0,0,306834990,-11534334,-212996219,-17039701,0
1,1251,258025511000,12901276,11503,376930084,502791508,0,492722592,0,0,0,0,376930084,-6815744,-125861424,-10068916,0
1,1253,258025551000,12901278,11196,366861186,492722592,0,482653677,0,0,0,0,366861186,-6815743,-125861406,-10068915,0
1,1255,258025591000,12901280,0,356792290,482653677,0,0,0,0,1,1,356792290,-6815742,-125861387,-10068913,0
1,1257,258025631000,12901282,-3546,-116179776,0,0,-9294384,0,0,0,0,-116179776,-6291456,-116179776,-9294384,0
1,1259,258025671000,12901284,-3829,-125474142,-9294384,0,-18588767,0,0,0,0,-125474142,-6291455,-116179758,-9294383,0
1,1261,258025711000,12901286,-4113,-134768506,-18588767,0,-27883148,0,0,0,0,-134768506,-6291454,-116179739,-9294381,0
1,1263,258025751000,12901288,-2919,-95654684,-27883148,0,-33304872,0,0,0,0,-95654684,-3670016,-67771536,-5421724,0
1,1265,258025791000,12901290,-3085,-101076390,-33304872,0,-38726595,0,0,0,0,-101076390,-3670015,-67771518,-5421723,0
1,1267,258025831000,12901292,-3250,-106498094,-38726595,0,-44148316,0,0,0,0,-106498094,-3670014,-67771499,-5421721,0
1,1269,258025871000,12901294,-3120,-102238204,-44148316,0,-48795508,0,0,0,0,-102238204,-3145728,-58089888,-4647192,0
1,1271,258025911000,12901296,-3262,-106885378,-48795508,0,-53442699,0,0,0,0,-106885378,-3145727,-58089870,-4647191,0
1,1273,258025951000,12901298,-3404,-111532550,-53442699,0,-58089888,0,0,0,0,-111532550,-3145726,-58089851,-4647189,0
1,1275,258025991000,12901300,-3250,-106498128,-58089888,0,-61962548,0,0,0,0,-106498128,-2621440,-48408240,-3872660,0
1,1277,258026031000,12901302,-3368,-110370770,-61962548,0,-65835207,0,0,0,0,-110370770,-2621439,-48408222,-3872659,0
1,1279,258026071000,12901304,-3486,-114243410,-65835207,0,-69707864,0,0,0,0,-114243410,-2621438,-48408203,-3872657,0
1,1281,258026111000,12901306,-2127,-69707864,-69707864,0,-69707864,0,0,0,0,-69707864,0,0,0,0
1,1283,258026151000,12901308,-2127,-69707846,-69707864,0,-69707863,0,0,0,0,-69707846,1,18,1,0
1,1285,258026191000,12901310,-2127,-69707826,-69707863,0,-69707860,0,0,0,0,-69707826,2,37,3,0
1,1287,258026231000,12901312,-1832,-60026212,-69707860,0,-68933328,0,0,0,0,-60026212,524288,9681648,774532,0
1,1289,258026271000,12901314,-1808,-59251662,-68933328,0,-68158795,0,0,0,0,-59251662,524289,9681666,774533,0
1,1291,258026311000,12901316,-1785,-58477110,-68158795,0,-67384260,0,0,0,0,-58477110,524290,9681685,774535,0
1,1293,258026351000,12901318,898,29432220,-67384260,0,-59638940,0,0,0,0,29432220,5242880,96816480,7745320,0
1,1295,258026391000,12901320,1135,37177558,-59638940,0,-51893619,0,0,0,0,37177558,5242881,96816498,7745321,0
1,1297,258026431000,12901322,1371,44922898,-51893619,0,-44148296,0,0,0,0,44922898,5242882,96816517,7745323,0
1,1299,258026471000,12901324,32768,39553792006,-44148296,1,536870912,0,38480050182,0,0,1073741824,2144337919,39597940302,3167835879,0
1,1301,258026511000,12901326,0,40134811232,536870912,1,0,38480050182,39061069408,1,1,1073741824,2144337920,39597940320,3167835880,3078404017
1,1303,258026551000,12901328,0,-39714120096,0,1,0,39061069408,-38640378272,1,1,-1073741824,-2150629376,-39714120096,-3177130264,3124885556
1,1305,258026591000,12901330,-32768,-39714120078,0,1,-85899998,-38640378272,-38640378254,0,0,-1073741824,-2150629375,-39714120078,-3177130263,-3091230265
1,1307,258026631000,12901332,-9122,-298896272,-85899998,0,536870912,-38640378254,0,0,0,-298896272,-11534337,-212996274,-17039705,-3091230263
1,1309,258026671000,12901334,9884,323874656,536870912,0,519831208,0,0,0,0,323874656,-11534336,-212996256,-17039704,0
1,1311,258026711000,12901336,0,306834970,519831208,0,0,0,0,1,1,306834970,-11534335,-212996238,-17039703,0
1,1313,258026751000,12901338,-3841,-125861442,0,0,-10068917,0,0,0,0,-125861442,-6815745,-125861442,-10068917,0
1,1315,258026791000,12901340,-4148,-135930341,-10068917,0,-20137833,0,0,0,0,-135930341,-6815744,-125861424,-10068916,0
1,1317,258026831000,12901342,-4456,-145999239,-20137833,0,-30206748,0,0,0,0,-145999239,-6815743,-125861406,-10068915,0
1,1319,258026871000,12901344,-4467,-146386542,-30206748,0,-39501133,0,0,0,0,-146386542,-6291457,-116179794,-9294385,0
1,1321,258026911000,12901346,-4751,-155680909,-39501133,0,-48795517,0,0,0,0,-155680909,-6291456,-116179776,-9294384,0
1,1323,258026951000,12901348,-5035,-164975275,-48795517,0,-58089900,0,0,0,0,-164975275,-6291455,-116179758,-9294383,0
1,1325,258026991000,12901350,-3841,-125861454,-58089900,0,-63511625,0,0,0,0,-125861454,-3670017,-67771554,-5421725,0
1,1327,258027031000,12901352,-4006,-131283161,-63511625,0,-68933349,0,0,0,0,-131283161,-3670016,-67771536,-5421724,0
1,1329,258027071000,12901354,-4172,-136704867,-68933349,0,-74355072,0,0,0,0,-136704867,-3670015,-67771518,-5421723,0
1,1331,258027111000,12901356,-4042,-132444978,-74355072,0,-79002265,0,0,0,0,-132444978,-3145729,-58089906,-4647193,0
1,1333,258027151000,12901358,-4184,-137092153,-79002265,0,-83649457,0,0,0,0,-137092153,-3145728,-58089888,-4647192,0
1,1335,258027191000,12901360,-4326,-141739327,-83649457,0,-88296648,0,0,0,0,-141739327,-3145727,-58089870,-4647191,0
1,1337,258027231000,12901362,-4172,-136704906,-88296648,0,-92169309,0,0,0,0,-136704906,-2621441,-48408258,-3872661,0
1,1339,258027271000,12901364,-4290,-140577549,-92169309,0,-96041969,0,0,0,0,-140577549,-2621440,-48408240,-3872660,0
1,1341,258027311000,12901366,-4408,-144450191,-96041969,0,-99914628,0,0,0,0,-144450191,-2621439,-48408222,-3872659,0
1,1343,258027351000,12901368,-3049,-99914646,-99914628,0,-99914629,0,0,0,0,-99914646,-1,-18,-1,0
1,1345,258027391000,12901370,-3049,-99914629,-99914629,0,-99914629,0,0,0,0,-99914629,0,0,0,0
1,1347,258027431000,12901372,0,-99914611,-99914629,0,0,0,0,1,1,-99914611,1,18,1,0
1,1349,258027471000,12901374,295,9681630,0,0,774531,0,0,0,0,9681630,524287,9681630,774531,0
1,1351,258027511000,12901376,319,10456179,774531,0,1549063,0,0,0,0,10456179,524288,9681648,774532,0
1,1353,258027551000,12901378,343,11230729,1549063,0,2323596,0,0,0,0,11230729,524289,9681666,774533,0
1,1355,258027591000,12901380,3026,99140058,2323596,0,10068915,0,0,0,0,99140058,5242879,96816462,7745319,0
1,1357,258027631000,12901382,3262,106885395,10068915,0,17814235,0,0,0,0,106885395,5242880,96816480,7745320,0
1,1359,258027671000,12901384,3498,114630733,17814235,0,25559556,0,0,0,0,114630733,5242881,96816498,7745321,0
1,1361,258027711000,12901386,0,39623499839,25559556,1,0,0,38549758015,1,1,1073741824,2144337918,39597940283,3167835877,0
1,1363,258027751000,12901388,32768,39597940302,0,1,83855235,38549758015,38524198478,0,0,1073741824,2144337919,39597940302,3167835879,3083980644
1,1365,258027791000,12901390,0,-39630264879,83855235,1,0,38524198478,-38556523055,1,1,-1073741824,-2150629377,-39714120114,-3177130265,3081935881
1,1367,258027831000,12901392,-32768,-39714120096,0,1,-92608417,-38556523055,-38640378272,0,0,-1073741824,-2150629376,-39714120096,-3177130264,-3084521847
1,1369,258027871000,12901394,-9326,-305604710,-92608417,0,536870912,-38640378272,0,0,0,-305604710,-11534338,-212996293,-17039707,-3091230265
1,1371,258027911000,12901396,9884,323874638,536870912,0,519831207,0,0,0,0,323874638,-11534337,-212996274,-17039705,0
1,1373,258027951000,12901398,9364,306834951,519831207,0,502791503,0,0,0,0,306834951,-11534336,-212996256,-17039704,0
1,1375,258027991000,12901400,11503,376930042,502791503,0,492722584,0,0,0,0,376930042,-6815746,-125861461,-10068919,0
1,1377,258028031000,12901402,11196,366861142,492722584,0,482653667,0,0,0,0,366861142,-6815745,-125861442,-10068917,0
1,1379,258028071000,12901404,10888,356792243,482653667,0,472584751,0,0,0,0,356792243,-6815744,-125861424,-10068916,0
1,1381,258028111000,12901406,10877,356404938,472584751,0,463290364,0,0,0,0,356404938,-6291458,-116179813,-9294387,0
1,1383,258028151000,12901408,10593,347110570,463290364,0,453995979,0,0,0,0,347110570,-6291457,-116179794,-9294385,0
1,1385,258028191000,12901410,10309,337816203,453995979,0,444701595,0,0,0,0,337816203,-6291456,-116179776,-9294384,0
1,1387,258028231000,12901412,11503,376930022,444701595,0,439279868,0,0,0,0,376930022,-3670018,-67771573,-5421727,0
1,1389,258028271000,12901414,11338,371508314,439279868,0,433858143,0,0,0,0,371508314,-3670017,-67771554,-5421725,0
1,1391,258028311000,12901416,11172,366086607,433858143,0,428436419,0,0,0,0,366086607,-3670016,-67771536,-5421724,0
1,1393,258028351000,12901418,0,370346494,428436419,0,0,0,0,1,1,370346494,-3145730,-58089925,-4647195,0
1,1395,258028391000,12901420,-1773,-58089906,0,0,-4647193,0,0,0,0,-58089906,-3145729,-58089906,-4647193,0
1,1397,258028431000,12901422,-1915,-62737081,-4647193,0,-9294385,0,0,0,0,-62737081,-3145728,-58089888,-4647192,0
1,1399,258028471000,12901424,-1761,-57702662,-9294385,0,-13167048,0,0,0,0,-57702662,-2621442,-48408277,-3872663,0
1,1401,258028511000,12901426,-1879,-61575306,-13167048,0,-17039709,0,0,0,0,-61575306,-2621441,-48408258,-3872661,0
1,1403,258028551000,12901428,-1997,-65447949,-17039709,0,-20912369,0,0,0,0,-65447949,-2621440,-48408240,-3872660,0
1,1405,258028591000,12901430,-638,-20912406,-20912369,0,-20912372,0,0,0,0,-20912406,-2,-37,-3,0
1,1407,258028631000,12901432,-638,-20912390,-20912372,0,-20912373,0,0,0,0,-20912390,-1,-18,-1,0
1,1409,258028671000,12901434,-638,-20912373,-20912373,0,-20912373,0,0,0,0,-20912373,0,0,0,0
1,1411,258028711000,12901436,-343,-11230762,-20912373,0,-20137844,0,0,0,0,-11230762,524286,9681611,774529,0
1,1413,258028751000,12901438,-319,-10456214,-20137844,0,-19363313,0,0,0,0,-10456214,524287,9681630,774531,0
1,1415,258028791000,12901440,-295,-9681665,-19363313,0,-18588781,0,0,0,0,-9681665,524288,9681648,774532,0
1,1417,258028831000,12901442,2387,78227662,-18588781,0,-10843464,0,0,0,0,78227662,5242878,96816443,7745317,0
1,1419,258028871000,12901444,2624,85972998,-10843464,0,-3098145,0,0,0,0,85972998,5242879,96816462,7745319,0
1,1421,258028911000,12901446,2860,93718335,-3098145,0,4647175,0,0,0,0,93718335,5242880,96816480,7745320,0
1,1423,258028951000,12901448,32768,39602587440,4647175,1,536870912,0,38528845616,0,0,1073741824,2144337917,39597940265,3167835876,0
1,1425,258028991000,12901450,32768,40134811195,536870912,1,536870912,38528845616,39061069371,0,0,1073741824,2144337918,39597940283,3167835877,3082307652
1,1427,258029031000,12901452,0,-39186930814,536870912,1,0,39061069371,-38113188990,1,1,-1073741824,-2151153663,-39723801726,-3177904795,3124885553
1,1429,258029071000,12901454,-32768,-39723801707,0,1,-128849671,-38113188990,-38650059883,0,0,-1073741824,-2151153662,-39723801707,-3177904793,-3049055122
1,1431,258029111000,12901456,-10728,-351527575,-128849671,0,536870912,-38650059883,0,0,0,-351527575,-12058624,-222677904,-17814236,-3092004794
1,1433,258029151000,12901458,9588,314193026,536870912,0,519056677,0,0,0,0,314193026,-12058623,-222677886,-17814235,0
1,1435,258029191000,12901460,9045,296378810,519056677,0,501242444,0,0,0,0,296378810,-12058622,-222677867,-17814233,0
1,1437,258029231000,12901462,11160,365699372,501242444,0,490398996,0,0,0,0,365699372,-7340032,-135543072,-10843448,0
1,1439,258029271000,12901464,0,354855942,490398996,0,0,0,0,1,1,354855942,-7340031,-135543054,-10843447,0
1,1441,258029311000,12901466,-4136,-135543035,0,0,-10843445,0,0,0,0,-135543035,-7340030,-135543035,-10843445,0
1,1443,258029351000,12901468,-4172,-136704869,-10843445,0,-20912361,0,0,0,0,-136704869,-6815744,-125861424,-10068916,0
1,1445,258029391000,12901470,-4479,-146773767,-20912361,0,-30981276,0,0,0,0,-146773767,-6815743,-125861406,-10068915,0
1,1447,258029431000,12901472,-4786,-156842663,-30981276,0,-41050189,0,0,0,0,-156842663,-6815742,-125861387,-10068913,0
1,1449,258029471000,12901474,-3616,-118503373,-41050189,0,-47246445,0,0,0,0,-118503373,-4194304,-77453184,-6196256,0
1,1451,258029511000,12901476,-3806,-124699611,-47246445,0,-53442700,0,0,0,0,-124699611,-4194303,-77453166,-6196255,0
1,1453,258029551000,12901478,0,-130895847,-53442700,0,0,0,0,1,1,-130895847,-4194302,-77453147,-6196253,0
1,1455,258029591000,12901480,-2068,-67771536,0,0,-5421724,0,0,0,0,-67771536,-3670016,-67771536,-5421724,0
1,1457,258029631000,12901482,-2234,-73193242,-5421724,0,-10843447,0,0,0,0,-73193242,-3670015,-67771518,-5421723,0
1,1459,258029671000,12901484,-2399,-78614946,-10843447,0,-16265168,0,0,0,0,-78614946,-3670014,-67771499,-5421721,0
1,1461,258029711000,12901486,-2269,-74355056,-16265168,0,-20912360,0,0,0,0,-74355056,-3145728,-58089888,-4647192,0
1,1463,258029751000,12901488,-2411,-79002230,-20912360,0,-25559551,0,0,0,0,-79002230,-3145727,-58089870,-4647191,0
1,1465,258029791000,12901490,-2553,-83649402,-25559551,0,-30206740,0,0,0,0,-83649402,-3145726,-58089851,-4647189,0
1,1467,258029831000,12901492,-1217,-39888388,-30206740,0,-30981272,0,0,0,0,-39888388,-524288,-9681648,-774532,0
1,1469,258029871000,12901494,-1241,-40662902,-30981272,0,-31755803,0,0,0,0,-40662902,-524287,-9681630,-774531,0
1,1471,258029911000,12901496,-1265,-41437414,-31755803,0,-32530332,0,0,0,0,-41437414,-524286,-9681611,-774529,0
1,1473,258029951000,12901498,-993,-32530332,-32530332,0,-32530332,0,0,0,0,-32530332,0,0,0,0
1,1475,258029991000,12901500,-993,-32530314,-32530332,0,-32530331,0,0,0,0,-32530314,1,18,1,0
1,1477,258030031000,12901502,-993,-32530294,-32530331,0,-32530328,0,0,0,0,-32530294,2,37,3,0
1,1479,258030071000,12901504,1666,54604504,-32530328,0,-25559540,0,0,0,0,54604504,4718592,87134832,6970788,0
1,1481,258030111000,12901506,1879,61575310,-25559540,0,-18588751,0,0,0,0,61575310,4718593,87134850,6970789,0
1,1483,258030151000,12901508,2092,68546118,-18588751,0,-11617960,0,0,0,0,68546118,4718594,87134869,6970791,0
1,1485,258030191000,12901510,0,39576640694,-11617960,1,0,0,38502898870,1,1,1073741824,2143813631,39588258654,3167061347,0
1,1487,258030231000,12901512,32768,39588258672,0,1,86829436,38502898870,38514516848,0,0,1073741824,2143813632,39588258672,3167061348,3080231912
1,1489,258030271000,12901514,0,-39636972308,86829436,1,0,38514516848,-38563230484,1,1,-1073741824,-2151153664,-39723801744,-3177904796,3081161351
1,1491,258030311000,12901516,-32768,-39723801726,0,1,-92846353,-38563230484,-38650059902,0,0,-1073741824,-2151153663,-39723801726,-3177904795,-3085058442
1,1493,258030351000,12901518,-9629,-315524275,-92846353,0,536870912,-38650059902,0,0,0,-315524275,-12058625,-222677922,-17814237,-3092004795
1,1495,258030391000,12901520,0,314193008,536870912,0,0,0,0,1,1,314193008,-12058624,-222677904,-17814236,0
1,1497,258030431000,12901522,-6796,-222677886,0,0,-17814235,0,0,0,0,-222677886,-12058623,-222677886,-17814235,0
1,1499,258030471000,12901524,-4680,-153357325,-17814235,0,-28657684,0,0,0,0,-153357325,-7340033,-135543090,-10843449,0
1,1501,258030511000,12901526,-5011,-164200756,-28657684,0,-39501132,0,0,0,0,-164200756,-7340032,-135543072,-10843448,0
1,1503,258030551000,12901528,-5342,-175044186,-39501132,0,-50344579,0,0,0,0,-175044186,-7340031,-135543054,-10843447,0
1,1505,258030591000,12901530,-5377,-176206021,-50344579,0,-60413496,0,0,0,0,-176206021,-6815745,-125861442,-10068917,0
1,1507,258030631000,12901532,-5685,-186274920,-60413496,0,-70482412,0,0,0,0,-186274920,-6815744,-125861424,-10068916,0
1,1509,258030671000,12901534,-5992,-196343818,-70482412,0,-80551327,0,0,0,0,-196343818,-6815743,-125861406,-10068915,0
1,1511,258030711000,12901536,-4822,-158004529,-80551327,0,-86747584,0,0,0,0,-158004529,-4194305,-77453202,-6196257,0
1,1513,258030751000,12901538,-5011,-164200768,-86747584,0,-92943840,0,0,0,0,-164200768,-4194304,-77453184,-6196256,0
1,1515,258030791000,12901540,-5200,-170397006,-92943840,0,-99140095,0,0,0,0,-170397006,-4194303,-77453166,-6196255,0
1,1517,258030831000,12901542,-5094,-166911649,-99140095,0,-104561820,0,0,0,0,-166911649,-3670017,-67771554,-5421725,0
1,1519,258030871000,12901544,-5259,-172333356,-104561820,0,-109983544,0,0,0,0,-172333356,-3670016,-67771536,-5421724,0
1,1521,258030911000,12901546,-5425,-177755062,-109983544,0,-115405267,0,0,0,0,-177755062,-3670015,-67771518,-5421723,0
1,1523,258030951000,12901548,-5295,-173495173,-115405267,0,-120052460,0,0,0,0,-173495173,-3145729,-58089906,-4647193,0
1,1525,258030991000,12901550,-5436,-178142348,-120052460,0,-124699652,0,0,0,0,-178142348,-3145728,-58089888,-4647192,0
1,1527,258031031000,12901552,-5578,-182789522,-124699652,0,-129346843,0,0,0,0,-182789522,-3145727,-58089870,-4647191,0
1,1529,258031071000,12901554,-4243,-139028509,-129346843,0,-130121376,0,0,0,0,-139028509,-524289,-9681666,-774533,0
1,1531,258031111000,12901556,0,-139803024,-130121376,0,0,0,0,1,1,-139803024,-524288,-9681648,-774532,0
1,1533,258031151000,12901558,-295,-9681630,0,0,-774531,0,0,0,0,-9681630,-524287,-9681630,-774531,0
1,1535,258031191000,12901560,-24,-774549,-774531,0,-774532,0,0,0,0,-774549,-1,-18,-1,0
1,1537,258031231000,12901562,-24,-774532,-774532,0,-774532,0,0,0,0,-774532,0,0,0,0
1,1539,258031271000,12901564,-24,-774514,-774532,0,-774531,0,0,0,0,-774514,1,18,1,0
1,1541,258031311000,12901566,2636,86360283,-774531,0,6196256,0,0,0,0,86360283,4718591,87134814,6970787,0
1,1543,258031351000,12901568,2848,93331088,6196256,0,13167044,0,0,0,0,93331088,4718592,87134832,6970788,0
1,1545,258031391000,12901570,3061,100301894,13167044,0,20137833,0,0,0,0,100301894,4718593,87134850,6970789,0
1,1547,258031431000,12901572,32768,39608396468,20137833,1,536870912,0,38534654644,0,0,1073741824,2143813630,39588258635,3167061345,0
1,1549,258031471000,12901574,32768,40125129566,536870912,1,536870912,38534654644,39051387742,0,0,1073741824,2143813631,39588258654,3167061347,3082772374
1,1551,258031511000,12901576,0,-39186930850,536870912,1,0,39051387742,-38113189026,1,1,-1073741824,-2151153665,-39723801762,-3177904797,3124111022
1,1553,258031551000,12901578,-32768,-39723801744,0,1,-128849671,-38113189026,-38650059920,0,0,-1073741824,-2151153664,-39723801744,-3177904796,-3049055125
1,1555,258031591000,12901580,-10728,-351527612,-128849671,0,536870912,-38650059920,0,0,0,-351527612,-12058626,-222677941,-17814239,-3092004796
1,1557,258031631000,12901582,9588,314192990,536870912,0,519056675,0,0,0,0,314192990,-12058625,-222677922,-17814237,0
1,1559,258031671000,12901584,9045,296378771,519056675,0,501242439,0,0,0,0,296378771,-12058624,-222677904,-17814236,0
1,1561,258031711000,12901586,11160,365699330,501242439,0,490398988,0,0,0,0,365699330,-7340034,-135543109,-10843451,0
1,1563,258031751000,12901588,10829,354855898,490398988,0,479555539,0,0,0,0,354855898,-7340033,-135543090,-10843449,0
1,1565,258031791000,12901590,10498,344012467,479555539,0,468712091,0,0,0,0,344012467,-7340032,-135543072,-10843448,0
1,1567,258031831000,12901592,10463,342850630,468712091,0,458643172,0,0,0,0,342850630,-6815746,-125861461,-10068919,0
1,1569,258031871000,12901594,10156,332781730,458643172,0,448574255,0,0,0,0,332781730,-6815745,-125861442,-10068917,0
1,1571,258031911000,12901596,9848,322712831,448574255,0,438505339,0,0,0,0,322712831,-6815744,-125861424,-10068916,0
1,1573,258031951000,12901598,11018,361052118,438505339,0,432309080,0,0,0,0,361052118,-4194306,-77453221,-6196259,0
1,1575,258031991000,12901600,10829,354855878,432309080,0,426112823,0,0,0,0,354855878,-4194305,-77453202,-6196257,0
1,1577,258032031000,12901602,0,348659639,426112823,0,0,0,0,1,1,348659639,-4194304,-77453184,-6196256,0
1,1579,258032071000,12901604,-2068,-67771573,0,0,-5421727,0,0,0,0,-67771573,-3670018,-67771573,-5421727,0
1,1581,258032111000,12901606,-2234,-73193281,-5421727,0,-10843452,0,0,0,0,-73193281,-3670017,-67771554,-5421725,0
1,1583,258032151000,12901608,-2399,-78614988,-10843452,0,-16265176,0,0,0,0,-78614988,-3670016,-67771536,-5421724,0
1,1585,258032191000,12901610,-2269,-74355101,-16265176,0,-20912371,0,0,0,0,-74355101,-3145730,-58089925,-4647195,0
1,1587,258032231000,12901612,-2411,-79002277,-20912371,0,-25559564,0,0,0,0,-79002277,-3145729,-58089906,-4647193,0
1,1589,258032271000,12901614,-2553,-83649452,-25559564,0,-30206756,0,0,0,0,-83649452,-3145728,-58089888,-4647192,0
1,1591,258032311000,12901616,-1217,-39888441,-30206756,0,-30981291,0,0,0,0,-39888441,-524290,-9681685,-774535,0
1,1593,258032351000,12901618,-1241,-40662957,-30981291,0,-31755824,0,0,0,0,-40662957,-524289,-9681666,-774533,0
1,1595,258032391000,12901620,0,-41437472,-31755824,0,0,0,0,1,1,-41437472,-524288,-9681648,-774532,0
1,1597,258032431000,12901622,0,-37,0,0,-3,0,0,0,0,-37,-2,-37,-3,0
1,1599,258032471000,12901624,0,-21,-3,0,-4,0,0,0,0,-21,-1,-18,-1,0
1,1601,258032511000,12901626,0,-4,-4,0,-4,0,0,0,0,-4,0,0,0,0
1,1603,258032551000,12901628,2659,87134791,-4,0,6970781,0,0,0,0,87134791,4718590,87134795,6970785,0
1,1605,258032591000,12901630,2872,94105595,6970781,0,13941568,0,0,0,0,94105595,4718591,87134814,6970787,0
1,1607,258032631000,12901632,3085,101076400,13941568,0,20912356,0,0,0,0,101076400,4718592,87134832,6970788,0
1,1609,258032671000,12901634,32768,39609170973,20912356,1,536870912,0,38535429149,0,0,1073741824,2143813629,39588258617,3167061344,0
1,1611,258032711000,12901636,32768,40125129547,536870912,1,536870912,38535429149,39051387723,0,0,1073741824,2143813630,39588258635,3167061345,3082834335
1,1613,258032751000,12901638,0,-39274065646,536870912,1,0,39051387723,-38200323822,1,1,-1073741824,-2155872255,-39810936558,-3184875583,3124111021
1,1615,258032791000,12901640,-32768,-39810936539,0,1,-128849672,-38200323822,-38737194715,0,0,-1073741824,-2155872254,-39810936539,-3184875581,-3056025909
1,1617,258032831000,12901642,-13387,-438662408,-128849672,0,536870912,-38737194715,0,0,0,-438662408,-16777216,-309812736,-24785024,-3098975580
1,1619,258032871000,12901644,6929,227058194,536870912,0,512085889,0,0,0,0,227058194,-16777215,-309812718,-24785023,0
1,1621,258032911000,12901646,6173,202273190,512085889,0,487300868,0,0,0,0,202273190,-16777214,-309812699,-24785021,0
1,1623,258032951000,12901648,0,264622964,487300868,0,0,0,0,1,1,264622964,-12058624,-222677904,-17814236,0
1,1625,258032991000,12901650,-6796,-222677886,0,0,-17814235,0,0,0,0,-222677886,-12058623,-222677886,-17814235,0
1,1627,258033031000,12901652,-7339,-240492102,-17814235,0,-35628468,0,0,0,0,-240492102,-12058622,-222677867,-17814233,0
1,1629,258033071000,12901654,0,-248624724,-35628468,0,0,0,0,1,1,-248624724,-11534336,-212996256,-17039704,0
1,1631,258033111000,12901656,-6500,-212996238,0,0,-17039703,0,0,0,0,-212996238,-11534335,-212996238,-17039703,0
1,1633,258033151000,12901658,-7020,-230035922,-17039703,0,-34079404,0,0,0,0,-230035922,-11534334,-212996219,-17039701,0
1,1635,258033191000,12901660,-6063,-198667420,-34079404,0,-47246448,0,0,0,0,-198667420,-8912896,-164588016,-13167044,0
1,1637,258033231000,12901662,-6465,-211834446,-47246448,0,-60413491,0,0,0,0,-211834446,-8912895,-164587998,-13167043,0
1,1639,258033271000,12901664,-6866,-225001470,-60413491,0,-73580532,0,0,0,0,-225001470,-8912894,-164587979,-13167041,0
1,1641,258033311000,12901666,-6973,-228486900,-73580532,0,-85973044,0,0,0,0,-228486900,-8388608,-154906368,-12392512,0
1,1643,258033351000,12901668,-7351,-240879394,-85973044,0,-98365555,0,0,0,0,-240879394,-8388607,-154906350,-12392511,0
1,1645,258033391000,12901670,-7729,-253271886,-98365555,0,-110758064,0,0,0,0,-253271886,-8388606,-154906331,-12392509,0
1,1647,258033431000,12901672,-7812,-255982784,-110758064,0,-122376044,0,0,0,0,-255982784,-7864320,-145224720,-11617980,0
1,1649,258033471000,12901674,-8167,-267600746,-122376044,0,-133994023,0,0,0,0,-267600746,-7864319,-145224702,-11617979,0
1,1651,258033511000,12901676,-8521,-279218706,-133994023,0,0,0,0,0,1,-279218706,-7864318,-145224683,-11617977,0
1,1653,258033551000,12901678,-2955,-96816480,0,0,0,0,0,0,1,-96816480,-5242880,-96816480,-7745320,0
1,1655,258033591000,12901680,-2955,-96816462,0,0,0,0,0,0,1,-96816462,-5242879,-96816462,-7745319,0
1,1657,258033631000,12901682,-2955,-96816443,0,0,0,0,0,0,1,-96816443,-5242878,-96816443,-7745317,0
1,1659,258033671000,12901684,-2659,-87134832,0,0,0,0,0,0,1,-87134832,-4718592,-87134832,-6970788,0
1,1661,258033711000,12901686,-2659,-87134814,0,0,0,0,0,0,1,-87134814,-4718591,-87134814,-6970787,0
1,1663,258033751000,12901688,-2659,-87134795,0,0,0,0,0,0,1,-87134795,-4718590,-87134795,-6970785,0
1,1665,258033791000,12901690,0,0,0,0,0,0,0,0,0,0,0,0,0,0
1,1667,258033831000,12901692,0,18,0,0,1,0,0,0,0,18,1,18,1,0
1,1669,258033871000,12901694,0,38,1,0,0,0,0,1,1,38,2,37,3,0
1,1671,258033911000,12901696,32768,39501123822,0,1,536870912,0,38427381998,0,0,1073741824,2139095039,39501123822,3160090559,0
1,1673,258033951000,12901698,32768,40037994752,536870912,1,536870912,38427381998,38964252928,0,0,1073741824,2139095040,39501123840,3160090560,3074190563
1,1675,258033991000,12901700,0,-39274065664,536870912,1,0,38964252928,-38200323840,1,1,-1073741824,-2155872256,-39810936576,-3184875584,3117140237
1,1677,258034031000,12901702,-32768,-39810936558,0,1,-128849673,-38200323840,-38737194734,0,0,-1073741824,-2155872255,-39810936558,-3184875583,-3056025910
1,1679,258034071000,12901704,-13387,-438662427,-128849673,0,536870912,-38737194734,0,0,0,-438662427,-16777217,-309812754,-24785025,-3098975582
1,1681,258034111000,12901706,6929,227058176,536870912,0,512085888,0,0,0,0,227058176,-16777216,-309812736,-24785024,0
1,1683,258034151000,12901708,6173,202273170,512085888,0,487300865,0,0,0,0,202273170,-16777215,-309812718,-24785023,0
1,1685,258034191000,12901710,8076,264622943,487300865,0,469486628,0,0,0,0,264622943,-12058625,-222677922,-17814237,0
1,1687,258034231000,12901712,7532,246808724,469486628,0,451672392,0,0,0,0,246808724,-12058624,-222677904,-17814236,0
1,1689,258034271000,12901714,6988,228994506,451672392,0,433858157,0,0,0,0,228994506,-12058623,-222677886,-17814235,0
1,1691,258034311000,12901716,6740,220861883,433858157,0,416818452,0,0,0,0,220861883,-11534337,-212996274,-17039705,0
1,1693,258034351000,12901718,6220,203822196,416818452,0,399778748,0,0,0,0,203822196,-11534336,-212996256,-17039704,0
1,1695,258034391000,12901720,5700,186782510,399778748,0,382739045,0,0,0,0,186782510,-11534335,-212996238,-17039703,0
1,1697,258034431000,12901722,6657,218151011,382739045,0,369572000,0,0,0,0,218151011,-8912897,-164588034,-13167045,0
1,1699,258034471000,12901724,6256,204983984,369572000,0,356404956,0,0,0,0,204983984,-8912896,-164588016,-13167044,0
1,1701,258034511000,12901726,5854,191816958,356404956,0,343237913,0,0,0,0,191816958,-8912895,-164587998,-13167043,0
1,1703,258034551000,12901728,5747,188331527,343237913,0,330845400,0,0,0,0,188331527,-8388609,-154906386,-12392513,0
1,1705,258034591000,12901730,5369,175939032,330845400,0,318452888,0,0,0,0,175939032,-8388608,-154906368,-12392512,0
1,1707,258034631000,12901732,4991,163546538,318452888,0,306060377,0,0,0,0,163546538,-8388607,-154906350,-12392511,0
1,1709,258034671000,12901734,4908,160835639,306060377,0,294442396,0,0,0,0,160835639,-7864321,-145224738,-11617981,0
1,1711,258034711000,12901736,4554,149217676,294442396,0,282824416,0,0,0,0,149217676,-7864320,-145224720,-11617980,0
1,1713,258034751000,12901738,4199,137599714,282824416,0,0,0,0,0,1,137599714,-7864319,-145224702,-11617979,0
1,1715,258034791000,12901740,0,-96816498,0,0,0,0,0,1,1,-96816498,-5242881,-96816498,-7745321,0
1,1717,258034831000,12901742,-2955,-96816480,0,0,0,0,0,0,1,-96816480,-5242880,-96816480,-7745320,0
1,1719,258034871000,12901744,-2955,-96816462,0,0,0,0,0,0,1,-96816462,-5242879,-96816462,-7745319,0
1,1721,258034911000,12901746,-2659,-87134850,0,0,0,0,0,0,1,-87134850,-4718593,-87134850,-6970789,0
1,1723,258034951000,12901748,-2659,-87134832,0,0,0,0,0,0,1,-87134832,-4718592,-87134832,-6970788,0
1,1725,258034991000,12901750,-2659,-87134814,0,0,0,0,0,0,1,-87134814,-4718591,-87134814,-6970787,0
1,1727,258035031000,12901752,0,-18,0,0,-1,0,0,0,0,-18,-1,-18,-1,0
1,1729,258035071000,12901754,0,-1,-1,0,-1,0,0,0,0,-1,0,0,0,0
1,1731,258035111000,12901756,0,17,-1,0,0,0,0,0,0,17,1,18,1,0
1,1733,258035151000,12901758,32768,39501123803,0,1,536870912,0,38427381979,0,0,1073741824,2139095038,39501123803,3160090557,0
1,1735,258035191000,12901760,32768,40037994734,536870912,1,536870912,38427381979,38964252910,0,0,1073741824,2139095039,39501123822,3160090559,3074190561
1,1737,258035231000,12901762,0,-39274065682,536870912,1,0,38964252910,-38200323858,1,1,-1073741824,-2155872257,-39810936594,-3184875585,3117140236
1,1739,258035271000,12901764,-32768,-39810936576,0,1,-128849673,-38200323858,-38737194752,0,0,-1073741824,-2155872256,-39810936576,-3184875584,-3056025911
1,1741,258035311000,12901766,-13387,-438662446,-128849673,0,536870912,-38737194752,0,0,0,-438662446,-16777218,-309812773,-24785027,-3098975583
1,1743,258035351000,12901768,6929,227058158,536870912,0,512085887,0,0,0,0,227058158,-16777217,-309812754,-24785025,0
1,1745,258035391000,12901770,6173,202273151,512085887,0,487300863,0,0,0,0,202273151,-16777216,-309812736,-24785024,0
1,1747,258035431000,12901772,8076,264622922,487300863,0,469486624,0,0,0,0,264622922,-12058626,-222677941,-17814239,0
1,1749,258035471000,12901774,7532,246808702,469486624,0,451672387,0,0,0,0,246808702,-12058625,-222677922,-17814237,0
1,1751,258035511000,12901776,6988,228994483,451672387,0,433858151,0,0,0,0,228994483,-12058624,-222677904,-17814236,0
1,1753,258035551000,12901778,6740,220861858,433858151,0,416818444,0,0,0,0,220861858,-11534338,-212996293,-17039707,0
1,1755,258035591000,12901780,6220,203822170,416818444,0,399778739,0,0,0,0,203822170,-11534337,-212996274,-17039705,0
1,1757,258035631000,12901782,5700,186782483,399778739,0,382739035,0,0,0,0,186782483,-11534336,-212996256,-17039704,0
1,1759,258035671000,12901784,6657,218150982,382739035,0,369571988,0,0,0,0,218150982,-8912898,-164588053,-13167047,0
1,1761,258035711000,12901786,0,204983954,369571988,0,0,0,0,1,1,204983954,-8912897,-164588034,-13167045,0
1,1763,258035751000,12901788,0,-164588016,0,0,0,0,0,1,1,-164588016,-8912896,-164588016,-13167044,0
1,1765,258035791000,12901790,-4727,-154906405,0,0,-12392515,0,0,0,0,-154906405,-8388610,-154906405,-12392515,0
1,1767,258035831000,12901792,-5106,-167298901,-12392515,0,-24785028,0,0,0,0,-167298901,-8388609,-154906386,-12392513,0
1,1769,258035871000,12901794,-5484,-179691396,-24785028,0,-37177540,0,0,0,0,-179691396,-8388608,-154906368,-12392512,0
1,1771,258035911000,12901796,-5566,-182402297,-37177540,0,-48795523,0,0,0,0,-182402297,-7864322,-145224757,-11617983,0
1,1773,258035951000,12901798,-5921,-194020261,-48795523,0,-60413504,0,0,0,0,-194020261,-7864321,-145224738,-11617981,0
1,1775,258035991000,12901800,-6276,-205638224,-60413504,0,0,0,0,0,1,-205638224,-7864320,-145224720,-11617980,0
1,1777,258036031000,12901802,-2955,-96816517,0,0,0,0,0,0,1,-96816517,-5242882,-96816517,-7745323,0
1,1779,258036071000,12901804,-2955,-96816498,0,0,0,0,0,0,1,-96816498,-5242881,-96816498,-7745321,0
1,1781,258036111000,12901806,-2955,-96816480,0,0,0,0,0,0,1,-96816480,-5242880,-96816480,-7745320,0
1,1783,258036151000,12901808,-2659,-87134869,0,0,0,0,0,0,1,-87134869,-4718594,-87134869,-6970791,0
1,1785,258036191000,12901810,-2659,-87134850,0,0,0,0,0,0,1,-87134850,-4718593,-87134850,-6970789,0
1,1787,258036231000,12901812,-2659,-87134832,0,0,0,0,0,0,1,-87134832,-4718592,-87134832,-6970788,0
1,1789,258036271000,12901814,0,-37,0,0,-3,0,0,0,0,-37,-2,-37,-3,0
1,1791,258036311000,12901816,0,-21,-3,0,-4,0,0,0,0,-21,-1,-18,-1,0
1,1793,258036351000,12901818,0,-4,-4,0,-4,0,0,0,0,-4,0,0,0,0
1,1795,258036391000,12901820,32768,39501123781,-4,1,536870912,0,38427381957,0,0,1073741824,2139095037,39501123785,3160090556,0
1,1797,258036431000,12901822,32768,40037994715,536870912,1,536870912,38427381957,38964252891,0,0,1073741824,2139095038,39501123803,3160090557,3074190559
1,1799,258036471000,12901824,0,-78775189467,536870912,1,0,38964252891,-77701447643,1,1,-1073741824,-4294967294,-79312060379,-6344966141,3117140234
1,1801,258036511000,12901826,-32768,-79312060361,0,1,-128850323,-77701447643,-78238318537,0,0,-1073741824,-4294967293,-79312060361,-6344966140,-6216115817
1,1803,258036551000,12901828,-32768,-39939786881,-128850323,1,536870912,-78238318537,-38866045057,0,0,-1073741824,-2155872255,-39810936558,-3184875583,-6259065489
1,1805,258036591000,12901830,-32768,-39274065627,536870912,1,461278938,-38866045057,-38200323803,0,0,-1073741824,-2155872254,-39810936539,-3184875581,-3109283607
1,1807,258036631000,12901832,0,-39349657583,461278938,1,0,-38200323803,-38275915759,1,1,-1073741824,-2155872253,-39810936521,-3184875580,-3056025907
1,1809,258036671000,12901834,-32768,-39723801726,0,1,-115831531,-38275915759,-38650059902,0,0,-1073741824,-2151153663,-39723801726,-3177904795,-3062073264
1,1811,258036711000,12901836,-32768,-39839633238,-115831531,1,-201731529,-38650059902,-38765891414,0,0,-1073741824,-2151153662,-39723801707,-3177904793,-3092004795
1,1813,258036751000,12901838,-32768,-39925533218,-201731529,1,-278365005,-38765891414,-38851791394,0,0,-1073741824,-2151153661,-39723801689,-3177904792,-3101271316
1,1815,258036791000,12901840,-32768,-39992485083,-278365005,1,-347351954,-38851791394,-38918743259,0,0,-1073741824,-2150629375,-39714120078,-3177130263,-3108143314
1,1817,258036831000,12901842,-32768,-40061472013,-347351954,1,-410982751,-38918743259,-38987730189,0,0,-1073741824,-2150629374,-39714120059,-3177130261,-3113499464
1,1819,258036871000,12901844,-32768,-40125102792,-410982751,1,-469094593,-38987730189,-39051360968,0,0,-1073741824,-2150629373,-39714120041,-3177130260,-3119018418
1,1821,258036911000,12901846,-32768,-40134806431,-469094593,1,-518243316,-39051360968,-39061064607,0,0,-1073741824,-2148007935,-39665711838,-3173257603,-3124108880
1,1823,258036951000,12901848,-32768,-40183955135,-518243316,1,-536870912,-39061064607,-39110213311,0,0,-1073741824,-2148007934,-39665711819,-3173257601,-3124885171
1,1825,258036991000,12901850,-32768,-40202582713,-536870912,1,-536870912,-39110213311,-39128840889,0,0,-1073741824,-2148007933,-39665711801,-3173257600,-3128817068
1,1827,258037031000,12901852,-32768,-40192901102,-536870912,1,-536870912,-39128840889,-39119159278,0,0,-1073741824,-2147483647,-39656030190,-3172483071,-3130307274
1,1829,258037071000,12901854,-32768,-40192901083,-536870912,1,-536870912,-39119159278,-39119159259,0,0,-1073741824,-2147483646,-39656030171,-3172483069,-3129532745
1,1831,258037111000,12901856,-32768,-40192901065,-536870912,1,-536870912,-39119159259,-39119159241,0,0,-1073741824,-2147483645,-39656030153,-3172483068,-3129532744
1,1833,258037151000,12901858,-32768,-40183219454,-536870912,1,-536870912,-39119159241,-39109477630,0,0,-1073741824,-2146959359,-39646348542,-3171708539,-3129532742
1,1835,258037191000,12901860,-32768,-40183219435,-536870912,1,-536870912,-39109477630,-39109477611,0,0,-1073741824,-2146959358,-39646348523,-3171708537,-3128758213
1,1837,258037231000,12901862,-32768,-40183219417,-536870912,1,0,-39109477611,-39109477593,0,1,-1073741824,-2146959357,-39646348505,-3171708536,-3128758212
1,1839,258037271000,12901864,-32768,-39597940302,0,1,0,-39109477593,-38524198478,0,1,-1073741824,-2144337919,-39597940302,-3167835879,-3128758210
1,1841,258037311000,12901866,-32768,-39597940283,0,1,0,-38524198478,-38524198459,0,1,-1073741824,-2144337918,-39597940283,-3167835877,-3081935881
1,1843,258037351000,12901868,-32768,-39597940265,0,1,0,-38524198459,-38524198441,0,1,-1073741824,-2144337917,-39597940265,-3167835876,-3081935880
1,1845,258037391000,12901870,-32768,-39588258654,0,1,0,-38524198441,-38514516830,0,1,-1073741824,-2143813631,-39588258654,-3167061347,-3081935878
1,1847,258037431000,12901872,-32768,-39588258635,0,1,0,-38514516830,-38514516811,0,1,-1073741824,-2143813630,-39588258635,-3167061345,-3081161349
1,1849,258037471000,12901874,-32768,-39588258617,0,1,0,-38514516811,-38514516793,0,1,-1073741824,-2143813629,-39588258617,-3167061344,-3081161348
1,1851,258037511000,12901876,-32768,-39501123822,0,1,0,-38514516793,-38427381998,0,1,-1073741824,-2139095039,-39501123822,-3160090559,-3081161346
1,1853,258037551000,12901878,0,-39501123803,0,1,0,-38427381998,-38427381979,1,1,-1073741824,-2139095038,-39501123803,-3160090557,-3074190563
1,1855,258037591000,12901880,-32768,-39501123785,0,1,0,-38427381979,-38427381961,0,1,-1073741824,-2139095037,-39501123785,-3160090556,-3074190561
1,1857,258037631000,12901882,0,0,0,0,536870912,-38427381961,0,0,0,0,0,0,0,-3074190560
1,1859,258037671000,12901884,16384,536870930,536870912,0,536870912,0,0,0,0,536870930,1,18,1,0
1,1861,258037711000,12901886,0,-78775189486,536870912,1,0,0,-77701447662,1,1,-1073741824,-4294967295,-79312060398,-6344966143,0
1,1863,258037751000,12901888,-32768,-79312060379,0,1,-128850322,-77701447662,-78238318555,0,0,-1073741824,-4294967294,-79312060379,-6344966141,-6216115819
1,1865,258037791000,12901890,-32768,-39939786898,-128850322,1,536870912,-78238318555,-38866045074,0,0,-1073741824,-2155872256,-39810936576,-3184875584,-6259065490
1,1867,258037831000,12901892,-32768,-39274065646,536870912,1,461278938,-38866045074,-38200323822,0,0,-1073741824,-2155872255,-39810936558,-3184875583,-3109283609
1,1869,258037871000,12901894,-32768,-39349657601,461278938,1,332429266,-38200323822,-38275915777,0,0,-1073741824,-2155872254,-39810936539,-3184875581,-3056025909
1,1871,258037911000,12901896,-32768,-39391372478,332429266,1,216597735,-38275915777,-38317630654,0,0,-1073741824,-2151153664,-39723801744,-3177904796,-3062073265
1,1873,258037951000,12901898,-32768,-39507203991,216597735,1,104103395,-38317630654,-38433462167,0,0,-1073741824,-2151153663,-39723801726,-3177904795,-3065410455
1,1875,258037991000,12901900,-32768,-39619698312,104103395,1,875578,-38433462167,-38545956488,0,0,-1073741824,-2151153662,-39723801707,-3177904793,-3074676976
1,1877,258038031000,12901902,-32768,-39713244518,875578,1,-92578164,-38545956488,-38639502694,0,0,-1073741824,-2150629376,-39714120096,-3177130264,-3083676522
1,1879,258038071000,12901904,0,-39806698242,-92578164,1,0,-38639502694,-38732956418,1,1,-1073741824,-2150629375,-39714120078,-3177130263,-3091160218
1,1881,258038111000,12901906,-32768,-39714120059,0,1,-78493745,-38732956418,-38640378235,0,0,-1073741824,-2150629374,-39714120059,-3177130261,-3098636516
1,1883,258038151000,12901908,-32768,-39744205601,-78493745,1,-160521087,-38640378235,-38670463777,0,0,-1073741824,-2148007936,-39665711856,-3173257604,-3091230262
1,1885,258038191000,12901910,-32768,-39826232925,-160521087,1,-240141585,-38670463777,-38752491101,0,0,-1073741824,-2148007935,-39665711838,-3173257603,-3093637105
1,1887,258038231000,12901912,-32768,-39905853404,-240141585,1,-313199895,-38752491101,-38832111580,0,0,-1073741824,-2148007934,-39665711819,-3173257601,-3100199291
1,1889,258038271000,12901914,-32768,-39969230103,-313199895,1,-379114038,-38832111580,-38895488279,0,0,-1073741824,-2147483648,-39656030208,-3172483072,-3106568929
1,1891,258038311000,12901916,-32768,-40035144228,-379114038,1,-439958044,-38895488279,-38961402404,0,0,-1073741824,-2147483647,-39656030190,-3172483071,-3111639065
1,1893,258038351000,12901918,-32768,-40095988215,-439958044,1,-495528918,-38961402404,-39022246391,0,0,-1073741824,-2147483646,-39656030171,-3172483069,-3116912195
1,1895,258038391000,12901920,-32768,-40141877478,-495528918,1,-536870912,-39022246391,-39068135654,0,0,-1073741824,-2146959360,-39646348560,-3171708540,-3121779714
1,1897,258038431000,12901922,0,-40183219454,-536870912,1,0,-39068135654,-39109477630,1,1,-1073741824,-2146959359,-39646348542,-3171708539,-3125450855
1,1899,258038471000,12901924,0,-39646348523,0,1,0,-39109477630,-38572606699,1,1,-1073741824,-2146959358,-39646348523,-3171708537,-3128758213
1,1901,258038511000,12901926,-32768,-39597940320,0,1,0,-38572606699,-38524198496,0,1,-1073741824,-2144337920,-39597940320,-3167835880,-3085808539
1,1903,258038551000,12901928,-32768,-39597940302,0,1,0,-38524198496,-38524198478,0,1,-1073741824,-2144337919,-39597940302,-3167835879,-3081935883
1,1905,258038591000,12901930,-32768,-39597940283,0,1,0,-38524198478,-38524198459,0,1,-1073741824,-2144337918,-39597940283,-3167835877,-3081935881
1,1907,258038631000,12901932,-32768,-39588258672,0,1,0,-38524198459,-38514516848,0,1,-1073741824,-2143813632,-39588258672,-3167061348,-3081935880
1,1909,258038671000,12901934,-32768,-39588258654,0,1,0,-38514516848,-38514516830,0,1,-1073741824,-2143813631,-39588258654,-3167061347,-3081161351
1,1911,258038711000,12901936,-32768,-39588258635,0,1,0,-38514516830,-38514516811,0,1,-1073741824,-2143813630,-39588258635,-3167061345,-3081161349
1,1913,258038751000,12901938,-32768,-39501123840,0,1,0,-38514516811,-38427382016,0,1,-1073741824,-2139095040,-39501123840,-3160090560,-3081161348
1,1915,258038791000,12901940,-32768,-39501123822,0,1,0,-38427382016,-38427381998,0,1,-1073741824,-2139095039,-39501123822,-3160090559,-3074190564
1,1917,258038831000,12901942,-32768,-39501123803,0,1,0,-38427381998,-38427381979,0,1,-1073741824,-2139095038,-39501123803,-3160090557,-3074190563
1,1919,258038871000,12901944,0,-18,0,0,536870912,-38427381979,0,0,0,-18,-1,-18,-1,-3074190561
1,1921,258038911000,12901946,16384,536870912,536870912,0,536870912,0,0,0,0,536870912,0,0,0,0
1,1923,258038951000,12901948,0,55642706191,536870912,1,0,0,54568964367,1,1,1073741824,2984133297,55105835279,4408467733,0
1,1925,258038991000,12901950,-32768,-25764151652,0,1,-536870912,54568964367,-24690409828,0,0,-1073741824,-1395200026,-25764151652,-2061132558,4365517153
1,1927,258039031000,12901952,32768,38066789062,-536870912,1,536870912,-24690409828,36993047238,0,0,1073741824,2090494891,38603659974,3088293436,-1975232788
1,1929,258039071000,12901954,32768,19258519406,536870912,1,-536870912,36993047238,18184777582,0,0,1073741824,1013829014,18721648494,1497732189,2959443782
1,1931,258039111000,12901956,32768,37924033893,-536870912,1,0,18184777582,36850292069,0,1,1073741824,2082764304,38460904805,3076873020,1454782208
1,1933,258039151000,12901958,-32768,-4944493537,0,1,-536870912,36850292069,-3870751713,0,0,-1073741824,-267757992,-4944493537,-395559565,2948023368
1,1935,258039191000,12901960,-32768,-6808138867,-536870912,1,0,-3870751713,-5734397043,0,1,-1073741824,-339606494,-6271267955,-501701540,-309660137
1,1937,258039231000,12901962,32768,8957154603,0,1,0,-5734397043,7883412779,0,1,1073741824,485054680,8957154603,716572516,-458751764
1,1939,258039271000,12901964,-32768,-51126005335,0,1,-536870912,7883412779,-50052263511,0,0,-1073741824,-2768614505,-51126005335,-4090081272,630673023
1,1941,258039311000,12901966,32768,28161509689,-536870912,1,536870912,-50052263511,27087767865,0,0,1073741824,1554096634,28698380601,2295870922,-4004181085
1,1943,258039351000,12901968,32768,66638327784,536870912,1,536870912,27087767865,65564585960,0,0,1073741824,3579576599,66101456872,5288117642,2167021431
1,1945,258039391000,12901970,0,-24319459471,536870912,1,0,65564585960,-23245717647,1,1,-1073741824,-1346038995,-24856330383,-1988506841,5245166882
1,1947,258039431000,12901972,32768,4028921454,0,1,536870912,-23245717647,2955179630,0,0,1073741824,218177233,4028921454,322313783,-1859657413
1,1949,258039471000,12901974,32768,16015775144,536870912,1,0,2955179630,14942033320,0,1,1073741824,838225449,15478904232,1238312594,236414371
1,1951,258039511000,12901976,32768,3257228362,0,1,-536870912,14942033320,2183486538,0,0,1073741824,176387919,3257228362,260578323,1195362667
1,1953,258039551000,12901978,32768,55414337595,-536870912,1,536870912,2183486538,54340595771,0,0,1073741824,3029912594,55951208507,4476097605,174678923
1,1955,258039591000,12901980,32768,51684790604,536870912,1,281457667,54340595771,50611048780,0,0,1073741824,2769801228,51147919692,4091834421,4347247666
1,1957,258039631000,12901982,32768,69240715496,281457667,1,536870912,50611048780,68166973672,0,0,1073741824,3734334420,68959257829,5516741766,4048883906
1,1959,258039671000,12901984,-32768,-53338462173,536870912,1,-536870912,68166973672,-52264720349,0,0,-1073741824,-2917498202,-53875333085,-4310027537,5453357899
1,1961,258039711000,12901986,32768,9365473967,-536870912,1,0,-52264720349,8291732143,0,1,1073741824,536239346,9902344879,792187754,-4181177632
1,1963,258039751000,12901988,32768,14918833338,0,1,530168342,8291732143,13845091514,0,0,1073741824,807896062,14918833338,1193506914,663338572
1,1965,258039791000,12901990,32768,13656428970,530168342,1,0,13845091514,12582687146,0,1,1073741824,710823295,13126260628,1050101067,1107607322
1,1967,258039831000,12901992,-32768,-26087644170,0,1,-536870912,12582687146,-25013902346,0,0,-1073741824,-1412718040,-26087644170,-2087011965,1006614973
1,1969,258039871000,12901994,22363,732778831,-536870912,0,0,-25013902346,0,0,1,732778831,68755043,1269649743,101572000,-2001112190
1,1971,258039911000,12901996,-32768,-18031473899,0,1,-536870912,0,-16957732075,0,0,-1073741824,-976454152,-18031473899,-1442518210,0
1,1973,258039951000,12901998,32768,30214595490,-536870912,1,536870912,-16957732075,29140853666,0,0,1073741824,1665276905,30751466402,2460117820,-1356618567
1,1975,258039991000,12902000,-32768,-24173524113,536870912,1,-536870912,29140853666,-23099782289,0,0,-1073741824,-1338136192,-24710395025,-1976832010,2331268295
1,1977,258040031000,12902002,32768,32180610647,-536870912,1,0,-23099782289,31106868823,0,1,1073741824,1771742060,32717481559,2617399065,-1847982585
1,1979,258040071000,12902004,-32768,-33891530568,0,1,-536870912,31106868823,-32817788744,0,0,-1073741824,-1835320059,-33891530568,-2711323006,2488549508
1,1981,258040111000,12902006,32768,41250098814,-536870912,1,536870912,-32817788744,40176356990,0,0,1073741824,2262879913,41786969726,3342958269,-2625423102
1,1983,258040151000,12902008,32768,38891893328,536870912,1,391164777,40176356990,37818151504,0,0,1073741824,2077030480,38355022416,3068402427,3214108562
1,1985,258040191000,12902010,0,-23903768279,391164777,1,0,37818151504,-22830026455,1,1,-1073741824,-1315637778,-24294933056,-1943595046,3025452123
1,1987,258040231000,12902012,-32768,-21040811258,0,1,0,-22830026455,-19967069434,0,1,-1073741824,-1139418088,-21040811258,-1683265248,-1826402118
1,1989,258040271000,12902014,32768,23126995554,0,1,536870912,-19967069434,22053253730,0,0,1073741824,1252390734,23126995554,1850160027,-1597365556
1,1991,258040311000,12902016,0,58111058384,536870912,1,0,22053253730,57037316560,1,1,1073741824,3117801391,57574187472,4605935949,1764260300
1,1993,258040351000,12902018,-32768,-57034798994,0,1,-536870912,57037316560,-55961057170,0,0,-1073741824,-3088592014,-57034798994,-4562784862,4562985329
1,1995,258040391000,12902020,-32768,-54316331402,-536870912,1,-362344062,-55961057170,-53242589578,0,0,-1073741824,-2912306436,-53779460490,-4302357728,-4476884578
1,1997,258040431000,12902022,-32768,-43811924378,-362344062,1,421095965,-53242589578,-42738182554,0,0,-1073741824,-2352914872,-43449580316,-3475967143,-4259407170
1,1999,258040471000,12902024,-32768,-4564495234,421095965,1,0,-42738182554,-3490753410,0,1,-1073741824,-269983544,-4985591199,-398847378,-3419054608
1,2001,258040511000,12902026,32768,30870568946,0,1,536870912,-3490753410,29796827122,0,0,1073741824,1671726637,30870568946,2469646026,-279260273
1,2003,258040551000,12902028,32768,20056393896,536870912,1,0,29796827122,18982652072,0,1,1073741824,1057036123,19519522984,1561562161,2383746172
1,2005,258040591000,12902030,32768,1529486858,0,1,0,18982652072,455745034,0,1,1073741824,82825941,1529486858,122358974,1518612167
1,2007,258040631000,12902032,8606,281989225,0,0,0,455745034,0,0,1,281989225,15270496,281989225,22559143,36459603
1,2009,258040671000,12902034,32768,35316942961,0,1,536870912,0,34243201137,0,0,1073741824,1912510080,35316942961,2825356021,0
1,2011,258040711000,12902036,-32768,-72846135771,536870912,1,-536870912,34243201137,-71772393947,0,0,-1073741824,-3973892648,-73383006683,-5870641747,2739456094
1,2013,258040751000,12902038,-32768,-22901497625,-536870912,1,536870912,-71772393947,-21827755801,0,0,-1073741824,-1211106354,-22364626713,-1789170507,-5741791521
1,2015,258040791000,12902040,32768,18683710391,536870912,1,0,-21827755801,17609968567,0,1,1073741824,982701517,18146839479,1451747458,-1746220466
1,2017,258040831000,12902042,32768,2854598000,0,1,-536870912,17609968567,1780856176,0,0,1073741824,154584372,2854598000,228367887,1408797487
1,2019,258040871000,12902044,-32768,-30214831187,-536870912,1,-536870912,1780856176,-29141089363,0,0,-1073741824,-1607143581,-29677960275,-2374237312,142468494
1,2021,258040911000,12902046,0,-5080149214,-536870912,1,0,-29141089363,-4006407390,1,1,-1073741824,-246031078,-4543278302,-363462339,-2331287151
1,2023,258040951000,12902048,32768,16668637149,0,1,0,-4006407390,15594895325,0,1,1073741824,902652775,16668637149,1333491247,-320512591
1,2025,258040991000,12902050,-32768,-2008239540,0,1,-536870912,15594895325,-934497716,0,0,-1073741824,-108751722,-2008239540,-160659196,1247591627
1,2027,258041031000,12902052,-32768,-56038910731,-536870912,1,-536870912,-934497716,-54965168907,0,0,-1073741824,-3005588868,-55502039819,-4440164103,-74759817
1,2029,258041071000,12902054,32768,30866855584,-536870912,1,0,-54965168907,29793113760,0,1,1073741824,1700598592,31403726496,2512298639,-4397213517
1,2031,258041111000,12902056,0,-30406888866,0,1,0,29793113760,-29333147042,1,1,-1073741824,-1646617079,-30406888866,-2432551612,2383449103
1,2033,258041151000,12902058,32768,17874325171,0,1,536870912,-29333147042,16800583347,0,0,1073741824,967944114,17874325171,1429946309,-2346651766
1,2035,258041191000,12902060,-32768,-46993346464,536870912,1,-536870912,16800583347,-45919604640,0,0,-1073741824,-2573892648,-47530217376,-3802418176,1344046669
1,2037,258041231000,12902062,0,29870360633,-536870912,1,0,-45919604640,28796618809,1,1,1073741824,1646635636,30407231545,2432579026,-3673568375
1,2039,258041271000,12902064,-32768,-14286410033,0,1,-536870912,28796618809,-13212668209,0,0,-1073741824,-773648592,-14286410033,-1142913039,2303729507
1,2041,258041311000,12902066,32768,27201008486,-536870912,1,536870912,-13212668209,26127266662,0,0,1073741824,1502082839,27737879398,2219030810,-1057013458
1,2043,258041351000,12902068,32768,13135972170,536870912,1,0,26127266662,12062230346,0,1,1073741824,682276158,12599101258,1007928309,2090181335
1,2045,258041391000,12902070,32768,21611686864,0,1,536870912,12062230346,20537945040,0,0,1073741824,1170332580,21611686864,1728935306,964978429
1,2047,258041431000,12902072,0,-12145441981,536870912,1,0,20537945040,-11071700157,1,1,-1073741824,-686782298,-12682312893,-1014585241,1643035605
1,2049,258041471000,12902074,32768,3652590950,0,1,536870912,-11071700157,2578849126,0,0,1073741824,197797896,3652590950,292207336,-885736013
1,2051,258041511000,12902076,32768,45043825362,536870912,1,536870912,2578849126,43970083538,0,0,1073741824,2410174604,44506954450,3560557091,206307930
1,2053,258041551000,12902078,32768,60638311080,536870912,1,536870912,43970083538,59564569256,0,0,1073741824,3254659110,60101440168,4808116207,3517606686
1,2055,258041591000,12902080,-32768,-2870692749,536870912,1,0,59564569256,-1796950925,0,1,-1073741824,-184528991,-3407563661,-272605149,4765165545
1,2057,258041631000,12902082,32768,17727000854,0,1,536870912,-1796950925,16653259030,0,0,1073741824,959966095,17727000854,1418160361,-143756074
1,2059,258041671000,12902084,32768,7207036898,536870912,1,-261776423,16653259030,6133295074,0,0,1073741824,361207925,6670165986,533613389,1332260724
1,2061,258041711000,12902086,32768,19516350221,-261776423,1,0,6133295074,18442608397,0,1,1073741824,1071040226,19778126644,1582250458,490663606
1,2063,258041751000,12902088,-32768,-39407751746,0,1,-536870912,18442608397,-38334009922,0,0,-1073741824,-2134038683,-39407751746,-3152620791,1475408673
1,2065,258041791000,12902090,32768,61080875790,-536870912,1,536870912,-38334009922,60007133966,0,0,1073741824,3336771300,61617746702,4929420754,-3066720797
1,2067,258041831000,12902092,32768,12263326539,536870912,1,0,60007133966,11189584715,0,1,1073741824,635019985,11726455627,938116644,4800570722
1,2069,258041871000,12902094,32768,17976454455,0,1,0,11189584715,16902712631,0,1,1073741824,973474697,17976454455,1438116653,895166778
1,2071,258041911000,12902096,32768,21703781664,0,1,0,16902712631,20630039840,0,1,1073741824,1175319768,21703781664,1736302892,1352217012
1,2073,258041951000,12902098,-32768,-20972370578,0,1,0,20630039840,-19898628754,0,1,-1073741824,-1135711836,-20972370578,-1677789993,1650403189
1,2075,258041991000,12902100,32768,41165582295,0,1,536870912,-19898628754,40091840471,0,0,1073741824,2229230066,41165582295,3293247264,-1591890302
1,2077,258042031000,12902102,32768,34518846208,536870912,1,0,40091840471,33445104384,0,1,1073741824,1840217891,33981975296,2718558585,3207347241
1,2079,258042071000,12902104,-32768,-57247908947,0,1,-536870912,33445104384,-56174167123,0,0,-1073741824,-3100132507,-57247908947,-4579833662,2675608353
1,2081,258042111000,12902106,-32768,-15465910284,-536870912,1,536870912,-56174167123,-14392168460,0,0,-1073741824,-808448747,-14929039372,-1194323397,-4493933374
1,2083,258042151000,12902108,0,61496953807,536870912,1,0,-14392168460,60423211983,1,1,1073741824,3301156987,60960082895,4876807639,-1151373478
1,2085,258042191000,12902110,32768,21463041746,0,1,0,60423211983,20389299922,0,1,1073741824,1162283036,21463041746,1717043694,4833856963
1,2087,258042231000,12902112,32768,53825169108,0,1,536870912,20389299922,52751427284,0,0,1073741824,2914781684,53825169108,4306014418,1631143995
1,2089,258042271000,12902114,32768,11705534882,536870912,1,-536870912,52751427284,10631793058,0,0,1073741824,604814025,11168663970,893493302,4220114187
1,2091,258042311000,12902116,-32276,-1057630793,-536870912,0,-536870912,10631793058,0,0,0,-1057630793,-28200587,-520759881,-41660799,850543445
1,2093,258042351000,12902118,26796,878037862,-536870912,0,0,0,0,0,1,878037862,76621221,1414908774,113192725,0
1,2095,258042391000,12902120,32768,38851044798,0,1,536870912,0,37777302974,0,0,1073741824,2103891463,38851044798,3108084226,0
1,2097,258042431000,12902122,-32768,-61188794788,536870912,1,-536870912,37777302974,-60115052964,0,0,-1073741824,-3342615412,-61725665700,-4938054276,3022184241
1,2099,258042471000,12902124,32768,19939968284,-536870912,1,536870912,-60115052964,18866226460,0,0,1073741824,1108877442,20476839196,1638147474,-4809204242
1,2101,258042511000,12902126,32768,16561109708,536870912,1,309512162,18866226460,15487367884,0,0,1073741824,867756823,16024238796,1281939368,1509298118
1,2103,258042551000,12902128,-32768,-3452768757,309512162,1,0,15487367884,-2379026933,0,1,-1073741824,-203737911,-3762280919,-300982536,1238989432
1,2105,258042591000,12902130,-32768,-42382929574,0,1,-536870912,-2379026933,-41309187750,0,0,-1073741824,-2295152786,-42382929574,-3390635066,-190322155
1,2107,258042631000,12902132,-32768,-3991410716,-536870912,1,536870912,-41309187750,-2917668892,0,0,-1073741824,-187072879,-3454539804,-276363241,-3304735023
1,2109,258042671000,12902134,0,3024757049,536870912,1,0,-2917668892,1951015225,1,1,1073741824,134725911,2487886137,199030932,-233413512
1,2111,258042711000,12902136,-32768,-15099052079,0,1,-536870912,1951015225,-14025310255,0,0,-1073741824,-817655405,-15099052079,-1207924416,156081218
1,2113,258042751000,12902138,-32768,-2797492158,-536870912,1,0,-14025310255,-1723750334,0,1,-1073741824,-122418889,-2260621246,-180849737,-1122024821
1,2115,258042791000,12902140,-32768,-10117227225,0,1,-536870912,-1723750334,-9043485401,0,0,-1073741824,-547875819,-10117227225,-809378345,-137900027
1,2117,258042831000,12902142,-32768,-19630619231,-536870912,1,0,-9043485401,-18556877407,0,1,-1073741824,-1033979248,-19093748319,-1527500181,-723478833
1,2119,258042871000,12902144,-32768,-39176774635,0,1,-536870912,-18556877407,-38103032811,0,0,-1073741824,-2121530634,-39176774635,-3134142618,-1484550194
1,2121,258042911000,12902146,-32768,-32078842687,-536870912,1,0,-38103032811,-31005100863,0,1,-1073741824,-1708084956,-31541971775,-2523358263,-3048242628
1,2123,258042951000,12902148,32768,5743973984,0,1,536870912,-31005100863,4670232160,0,0,1073741824,311052068,5743973984,459518014,-2480408071
1,2125,258042991000,12902150,-32768,-5402617487,536870912,1,-311906831,4670232160,-4328875663,0,0,-1073741824,-321639714,-5939488399,-475159170,373618573
1,2127,258043031000,12902152,32768,46080723682,-311906831,1,536870912,-4328875663,45006981858,0,0,1073741824,2512289175,46392630513,3711411208,-346310053
1,2129,258043071000,12902154,0,-27460131714,536870912,1,0,45006981858,-26386389890,1,1,-1073741824,-1516115078,-27997002626,-2239760673,3600558552
1,2131,258043111000,12902156,-32768,-27992791391,0,1,-128512581,-26386389890,-26919049567,0,0,-1073741824,-1515887028,-27992791391,-2239423774,-2110911193
1,2133,258043151000,12902158,32768,65048116005,-128512581,1,536870912,-26919049567,63974374181,0,0,1073741824,3529494591,65176628586,5214131364,-2153523967
1,2135,258043191000,12902160,-32768,-40302969838,536870912,1,-536870912,63974374181,-39229228014,0,0,-1073741824,-2211590261,-40839840750,-3267187935,5117949939
1,2137,258043231000,12902162,-32768,-62577000708,-536870912,1,-536870912,-39229228014,-61503258884,0,0,-1073741824,-3359644512,-62040129796,-4963211409,-3138338244
1,2139,258043271000,12902164,-32768,-17897098392,-536870912,1,536870912,-61503258884,-16823356568,0,0,-1073741824,-940104303,-17360227480,-1388818485,-4920260715
1,2141,258043311000,12902166,32768,54828258900,536870912,1,536870912,-16823356568,53754517076,0,0,1073741824,2940028725,54291387988,4343311936,-1345868527
1,2143,258043351000,12902168,32768,21920555213,536870912,1,-536870912,53754517076,20846813389,0,0,1073741824,1157985611,21383684301,1710695097,4300361370
1,2145,258043391000,12902170,32768,38196739160,-536870912,1,536870912,20846813389,37122997336,0,0,1073741824,2097532048,38733610072,3098689446,1667745073
1,2147,258043431000,12902172,-32768,-6629443525,536870912,1,-536870912,37122997336,-5555701701,0,0,-1073741824,-388075735,-7166314437,-573305273,2969839790
1,2149,258043471000,12902174,32768,14626199802,-536870912,1,536870912,-5555701701,13552457978,0,0,1073741824,821122191,15163070714,1213045908,-444456136
1,2151,258043511000,12902176,-32768,-10498851774,536870912,1,0,13552457978,-9425109950,0,1,-1073741824,-597614887,-11035722686,-882857997,1084196639
1,2153,258043551000,12902178,-32768,-13195162984,0,1,-301604460,-9425109950,-12121421160,0,0,-1073741824,-714554548,-13195162984,-1055613257,-754008797
1,2155,258043591000,12902180,32768,23735994289,-301604460,1,536870912,-12121421160,22662252465,0,0,1073741824,1301702414,24037598749,1923008297,-969713694
1,2157,258043631000,12902182,32768,15129650884,536870912,1,-108686648,22662252465,14055909060,0,0,1073741824,790239371,14592779972,1167422639,1812980199
1,2159,258043671000,12902184,-21248,-696254957,-108686648,0,0,14055909060,0,0,1,-696254957,-31818448,-587568309,-47005474,1124472726
1,2161,258043711000,12902186,23046,755186733,0,0,60414951,0,0,0,0,755186733,40895449,755186733,60414951,0
1,2163,258043751000,12902188,0,171942813,60414951,0,0,0,0,1,1,171942813,6039542,111527862,8922231,0
1,2165,258043791000,12902190,0,37176920798,0,1,0,0,36103178974,1,1,1073741824,2013233021,37176920798,2974154278,0
1,2167,258043831000,12902192,-32768,-2024947810,0,1,-536870912,36103178974,-951205986,0,0,-1073741824,-109656521,-2024947810,-161995858,2888254321
1,2169,258043871000,12902194,32768,36886944338,-536870912,1,536870912,-951205986,35813202514,0,0,1073741824,2026603038,37423815250,2993905838,-76096479
1,2171,258043911000,12902196,0,30643453316,536870912,1,0,35813202514,29569711492,1,1,1073741824,1630354654,30106582404,2408527090,2865056204
1,2173,258043951000,12902198,32768,36810681598,0,1,536870912,29569711492,35736939774,0,0,1073741824,1993400156,36810681598,2944855136,2365576922
1,2175,258043991000,12902200,0,17257420407,536870912,1,0,35736939774,16183678583,1,1,1073741824,905463972,16720549495,1337644236,2858955185
1,2177,258044031000,12902202,-32768,-62395444844,0,1,-536870912,16183678583,-61321703020,0,0,-1073741824,-3378885804,-62395444844,-4991636619,1294694288
1,2179,258044071000,12902204,32768,28974174725,-536870912,1,536870912,-61321703020,27900432901,0,0,1073741824,1598104692,29511045637,2360884139,-4905736246
1,2181,258044111000,12902206,32768,4255659296,536870912,1,0,27900432901,3181917472,0,1,1073741824,201382670,3718788384,297503132,2232034634
1,2183,258044151000,12902208,32768,20887782615,0,1,536870912,3181917472,19814040791,0,0,1073741824,1131131164,20887782615,1671022954,254553398
1,2185,258044191000,12902210,-32768,-8020512371,536870912,1,-536870912,19814040791,-6946770547,0,0,-1073741824,-463405958,-8557383283,-684590804,1585123265
1,2187,258044231000,12902212,32768,28126900744,-536870912,1,536870912,-6946770547,27053158920,0,0,1073741824,1552222464,28663771656,2293102206,-555741644
1,2189,258044271000,12902214,-32768,-37521913145,536870912,1,-536870912,27053158920,-36448171321,0,0,-1073741824,-2060988354,-38058784057,-3044703354,2164252716
1,2191,258044311000,12902216,32768,7912369488,-536870912,1,0,-36448171321,6838627664,0,1,1073741824,457549722,8449240400,675939372,-2915853708
1,2193,258044351000,12902218,-32768,-22255879817,0,1,0,6838627664,-21182137993,0,1,-1073741824,-1205217409,-22255879817,-1780470753,547090214
1,2195,258044391000,12902220,-32768,-8508972328,0,1,536870912,-21182137993,-7435230504,0,0,-1073741824,-460784371,-8508972328,-680717927,-1694571041
1,2197,258044431000,12902222,-32768,-15327835030,536870912,1,0,-7435230504,-14254093206,0,1,-1073741824,-859117678,-15864705942,-1269176738,-594818441
1,2199,258044471000,12902224,-32768,-69016503661,0,1,-536870912,-14254093206,-67942761837,0,0,-1073741824,-3737434440,-69016503661,-5521321433,-1140327458
1,2201,258044511000,12902226,32768,59677488072,-536870912,1,536870912,-67942761837,58603746248,0,0,1073741824,3260773976,60214358984,4817149714,-5435420952
1,2203,258044551000,12902228,32768,19524989147,536870912,1,-536870912,58603746248,18451247323,0,0,1073741824,1028259087,18988118235,1519049773,4688299704
1,2205,258044591000,12902230,-32768,-22199236740,-536870912,1,-536870912,18451247323,-21125494916,0,0,-1073741824,-1173076986,-21662365828,-1732989624,1476099787
1,2207,258044631000,12902232,-32768,-16384207990,-536870912,1,-114618545,-21125494916,-15310466166,0,0,-1073741824,-858177106,-15847337078,-1267787228,-1690039595
1,2209,258044671000,12902234,-32768,-19094070057,-114618545,1,0,-15310466166,-18020328233,0,1,-1073741824,-1027789760,-18979451512,-1518356435,-1224837294
1,2211,258044711000,12902236,32768,38525861194,0,1,536870912,-18020328233,37452119370,0,0,1073741824,2086281872,38525861194,3082069532,-1441626260
1,2213,258044751000,12902238,32768,6829202704,536870912,1,0,37452119370,5755460880,0,1,1073741824,340747159,6292331792,503386647,2996169552
1,2215,258044791000,12902240,32768,26207901651,0,1,536870912,5755460880,25134159827,0,0,1073741824,1419230315,26207901651,2096632565,460436871
1,2217,258044831000,12902242,13948,457049243,536870912,0,-536870912,25134159827,0,0,0,457049243,-4322564,-79821669,-6385735,2010732788
1,2219,258044871000,12902244,32768,3605704372,-536870912,1,-205464821,0,2531962548,0,0,1073741824,224331902,4142575284,331406091,0
1,2221,258044911000,12902246,0,40287003042,-205464821,1,0,2531962548,39213261218,1,1,1073741824,2192779059,40492467863,3239398098,202557004
1,2223,258044951000,12902248,-32768,-30533869088,0,1,0,39213261218,-29460127264,0,1,-1073741824,-1653493409,-30533869088,-2442710032,3137060900
1,2225,258044991000,12902250,-32768,-39036501906,0,1,-536870912,-29460127264,-37962760082,0,0,-1073741824,-2113934478,-39036501906,-3122920798,-2356810183
1,2227,258045031000,12902252,32768,4264485038,-536870912,1,536870912,-37962760082,3190743214,0,0,1073741824,260006696,4801355950,384108555,-3037020809
1,2229,258045071000,12902254,-32768,-8335495868,536870912,1,-428178034,3190743214,-7261754044,0,0,-1073741824,-480463185,-8872366780,-709789489,255259457
1,2231,258045111000,12902256,32768,2581882113,-428178034,1,0,-7261754044,1508140289,0,1,1073741824,163003077,3010060147,240804862,-580940324
1,2233,258045151000,12902258,0,443084954,0,0,0,1508140289,0,1,1,443084954,23994275,443084954,35446804,120651223
1,2235,258045191000,12902260,-32768,-68159689299,0,1,-536870912,0,-67085947475,0,0,-1073741824,-3691035574,-68159689299,-5452776270,0
1,2237,258045231000,12902262,-32768,-49839031838,-536870912,1,536870912,-67085947475,-48765290014,0,0,-1073741824,-2669848289,-49302160926,-3944173689,-5366875803
1,2239,258045271000,12902264,32768,4211501255,536870912,1,536870912,-48765290014,3137759431,0,0,1073741824,198991390,3674630343,293970488,-3901223205
1,2241,258045311000,12902266,32768,19032787457,536870912,1,536870912,3137759431,17959045633,0,0,1073741824,1001605005,18495916545,1479673629,251020755
1,2243,258045351000,12902268,32768,4620074674,536870912,1,-536870912,17959045633,3546332850,0,0,1073741824,221116770,4083203762,326656368,1436723652
1,2245,258045391000,12902270,32768,24565877770,-536870912,1,536870912,3546332850,23492135946,0,0,1073741824,1359383227,25102748682,2008220309,283706628
1,2247,258045431000,12902272,32768,6798473469,536870912,1,-536870912,23492135946,5724731645,0,0,1073741824,339083086,6261602557,500928308,1879370877
1,2249,258045471000,12902274,-32768,-57355706027,-536870912,1,-536870912,5724731645,-56281964203,0,0,-1073741824,-3076896973,-56818835115,-4545507748,457978532
1,2251,258045511000,12902276,32768,65415539829,-536870912,1,536870912,-56281964203,64341798005,0,0,1073741824,3571505339,65952410741,5276193949,-4502557140
1,2253,258045551000,12902278,-32768,-44759396913,536870912,1,-536870912,64341798005,-43685655089,0,0,-1073741824,-2452918105,-45296267825,-3623702175,5147343845
1,2255,258045591000,12902280,-32768,-3155971293,-536870912,1,536870912,-43685655089,-2082229469,0,0,-1073741824,-141831525,-2619100381,-209528074,-3494852410
1,2257,258045631000,12902282,32768,30465631921,536870912,1,536870912,-2082229469,29391890097,0,0,1073741824,1620725134,29928761009,2394301375,-166578358
1,2259,258045671000,12902284,-32768,-15735777863,536870912,1,-536870912,29391890097,-14662036039,0,0,-1073741824,-881208910,-16272648775,-1301812171,2351351210
1,2261,258045711000,12902286,-32768,-31180132569,-536870912,1,-536870912,-14662036039,-30106390745,0,0,-1073741824,-1659417319,-30643261657,-2451461439,-1172962884
1,2263,258045751000,12902288,9632,315632128,-536870912,0,536870912,-30106390745,0,0,0,315632128,46165396,852503040,68200257,-2408511262
1,2265,258045791000,12902290,-32768,-5360948534,536870912,1,0,0,-4287206710,0,1,-1073741824,-319383225,-5897819446,-471825653,0
1,2267,258045831000,12902292,0,55186005702,0,1,0,-4287206710,54112263878,1,1,1073741824,2988474747,55186005702,4414881368,-342976537
1,2269,258045871000,12902294,-32768,-39522099261,0,1,-536870912,54112263878,-38448357437,0,0,-1073741824,-2140230917,-39522099261,-3161768594,4328981114
1,2271,258045911000,12902296,32768,6585138991,-536870912,1,0,-38448357437,5511397167,0,1,1073741824,385676522,7122009903,569760910,-3075868598
1,2273,258045951000,12902298,32768,16156394229,0,1,536870912,5511397167,15082652405,0,0,1073741824,874913405,16156394229,1292511805,440911774
1,2275,258045991000,12902300,-32768,-29357219494,536870912,1,0,15082652405,-28283477670,0,1,-1073741824,-1618847625,-29894090406,-2391527727,1206612194
1,2277,258046031000,12902302,-32768,-23704226016,0,1,0,-28283477670,-22630484192,0,1,-1073741824,-1283649359,-23704226016,-1896338473,-2262678216
1,2279,258046071000,12902304,32768,25445663865,0,1,536870912,-22630484192,24371922041,0,0,1073741824,1377953032,25445663865,2035653530,-1810438737
1,2281,258046111000,12902306,-32768,-37888661608,536870912,1,-536870912,24371922041,-36814919784,0,0,-1073741824,-2080848797,-38425532520,-3074043237,1949753765
1,2283,258046151000,12902308,32768,7316217924,-536870912,1,536870912,-36814919784,6242476100,0,0,1073741824,425266467,7853088836,628247237,-2945193585
1,2285,258046191000,12902310,-32768,-29156770483,536870912,1,-536870912,6242476100,-28083028659,0,0,-1073741824,-1607992757,-29693641395,-2375491802,499398088
1,2287,258046231000,12902312,32768,4164650651,-536870912,1,0,-28083028659,3090908827,0,1,1073741824,254600388,4701521563,376121803,-2246642295
1,2289,258046271000,12902314,-32768,-13525480010,0,1,0,3090908827,-12451738186,0,1,-1073741824,-732442128,-13525480010,-1082038624,247272706
1,2291,258046311000,12902316,-32768,-49423469637,0,1,-536870912,-12451738186,-48349727813,0,0,-1073741824,-2676417491,-49423469637,-3953878388,-996139056
1,2293,258046351000,12902318,-32768,-62123805965,-536870912,1,-536870912,-48349727813,-61050064141,0,0,-1073741824,-3335102764,-61586935053,-4926955822,-3867978229
1,2295,258046391000,12902320,0,13096322769,-536870912,1,0,-61050064141,12022580945,1,1,1073741824,738275121,13633193681,1090655720,-4884005136
1,2297,258046431000,12902322,32768,4286210039,0,1,-536870912,12022580945,3212468215,0,0,1073741824,232110121,4286210039,342896874,961806476
1,2299,258046471000,12902324,0,-40780163978,-536870912,1,0,3212468215,-39706422154,1,1,-1073741824,-2179285555,-40243293066,-3219464110,256997457
1,2301,258046511000,12902326,-32768,-15930795736,0,1,0,-39706422154,-14857053912,0,1,-1073741824,-862696623,-15930795736,-1274463922,-3176513775
1,2303,258046551000,12902328,32768,59598093415,0,1,536870912,-14857053912,58524351591,0,0,1073741824,3227401492,59598093415,4767848458,-1188564314
1,2305,258046591000,12902330,0,-32441591434,536870912,1,0,58524351591,-31367849610,1,1,-1073741824,-1785874891,-32978462346,-2638277533,4681948132
1,2307,258046631000,12902332,32768,72396070616,0,1,536870912,-31367849610,71322328792,0,0,1073741824,3920447332,72396070616,5791686846,-2509427971
1,2309,258046671000,12902334,32768,34846980723,536870912,1,-536870912,71322328792,33773238899,0,0,1073741824,1857987282,34310109811,2744809352,5705786309
1,2311,258046711000,12902336,-32768,-6319693310,-536870912,1,-536870912,33773238899,-5245951486,0,0,-1073741824,-313155817,-5782822398,-462625887,2701859114
1,2313,258046751000,12902338,0,-47556261805,-536870912,1,0,-5245951486,-46482519981,1,1,-1073741824,-2546229982,-47019390893,-3761552049,-419676119
1,2315,258046791000,12902340,32768,67772088031,0,1,536870912,-46482519981,66698346207,0,0,1073741824,3670045894,67772088031,5421768162,-3718601602
1,2317,258046831000,12902342,32768,39334718868,536870912,1,-536870912,66698346207,38260977044,0,0,1073741824,2101010707,38797847956,3103828478,5335867702
1,2319,258046871000,12902344,-32768,-4676348090,-536870912,1,-536870912,38260977044,-3602606266,0,0,-1073741824,-224164131,-4139477178,-331158243,3060878166
1,2321,258046911000,12902346,-32768,-13105113210,-536870912,1,-536870912,-3602606266,-12031371386,0,0,-1073741824,-680605060,-12568242298,-1005459592,-288208502
1,2323,258046951000,12902348,32768,76203283630,-536870912,1,536870912,-12031371386,75129541806,0,0,1073741824,4155691484,76740154542,6139213632,-962509712
1,2325,258046991000,12902350,32768,18757681001,536870912,1,0,75129541806,17683939177,0,1,1073741824,986707230,18220810089,1457665108,6010363350
1,2327,258047031000,12902352,-32768,-46415299051,0,1,-536870912,17683939177,-45341557227,0,0,-1073741824,-2513516739,-46415299051,-3713224691,1414715135
1,2329,258047071000,12902354,-32768,-17616754863,-536870912,1,0,-45341557227,-16543013039,0,1,-1073741824,-924922926,-17079883951,-1366390998,-3627324582
1,2331,258047111000,12902356,-32768,-2878606543,0,1,0,-16543013039,-1804864719,0,1,-1073741824,-155884501,-2878606543,-230288571,-1323441044
1,2333,258047151000,12902358,32768,23506882423,0,1,536870912,-1804864719,22433140599,0,0,1073741824,1272962658,23506882423,1880550982,-144389178
1,2335,258047191000,12902360,-32768,-52115778306,536870912,1,-536870912,22433140599,-51042036482,0,0,-1073741824,-2851286491,-52652649218,-4212212808,1794651250
1,2337,258047231000,12902362,-32768,-13088337723,-536870912,1,0,-51042036482,-12014595899,0,1,-1073741824,-679696621,-12551466811,-1004117552,-4083362922
1,2339,258047271000,12902364,32768,21680452477,0,1,536870912,-12014595899,20606710653,0,0,1073741824,1174056428,21680452477,1734436556,-961167673
1,2341,258047311000,12902366,32768,62875662563,536870912,1,536870912,20606710653,61801920739,0,0,1073741824,3375817877,62338791651,4987104362,1648536854
1,2343,258047351000,12902368,-32768,-12019320533,536870912,1,0,61801920739,-10945578709,0,1,-1073741824,-679952473,-12556191445,-1004495523,4944153664
1,2345,258047391000,12902370,32768,29164322689,0,1,536870912,-10945578709,28090580865,0,0,1073741824,1579328686,29164322689,2333146297,-875646298
1,2347,258047431000,12902372,-32768,-3409242969,536870912,1,-536870912,28090580865,-2335501145,0,0,-1073741824,-213692974,-3946113881,-315689176,2247246471
1,2349,258047471000,12902374,32768,26732577291,-536870912,1,536870912,-2335501145,25658835467,0,0,1073741824,1476715995,27269448203,2181556307,-186840092
1,2351,258047511000,12902376,-32768,-9965587434,536870912,1,0,25658835467,-8891845610,0,1,-1073741824,-568737149,-10502458346,-840196841,2052706839
1,2353,258047551000,12902378,32768,29458109706,0,1,536870912,-8891845610,28384367882,0,0,1073741824,1595238065,29458109706,2356649263,-711347649
1,2355,258047591000,12902380,32768,38304317984,536870912,1,536870912,28384367882,37230576160,0,0,1073741824,2045211651,37767447072,3021396390,2270749433
1,2357,258047631000,12902382,0,-39393391724,536870912,1,0,37230576160,-38319649900,1,1,-1073741824,-2162334092,-39930262636,-3194421671,2978446096
1,2359,258047671000,12902384,0,-26851023523,0,1,0,-38319649900,-25777281699,1,1,-1073741824,-1454057142,-26851023523,-2148082326,-3065571995
1,2361,258047711000,12902386,32768,52278226095,0,1,536870912,-25777281699,51204484271,0,0,1073741824,2831010444,52278226095,4182258952,-2062182538
1,2363,258047751000,12902388,-32768,-15689734433,536870912,1,0,51204484271,-14615992609,0,1,-1073741824,-878715531,-16226605345,-1298128696,4096358745
1,2365,258047791000,12902390,-32768,-25945581948,0,1,-536870912,-14615992609,-24871840124,0,0,-1073741824,-1405024978,-25945581948,-2075646985,-1169279410
1,2367,258047831000,12902392,-32768,-14128420274,-536870912,1,365552126,-24871840124,-13054678450,0,0,-1073741824,-736019966,-13591549362,-1087324174,-1989747212
1,2369,258047871000,12902394,-32768,-33869012419,365552126,1,0,-13054678450,-32795270595,0,1,-1073741824,-1853896297,-34234564545,-2738765729,-1044374277
1,2371,258047911000,12902396,-32768,-35986043617,0,1,-255262434,-32795270595,-34912301793,0,0,-1073741824,-1948743730,-35986043617,-2878884084,-2623621650
1,2373,258047951000,12902398,32768,29740220359,-255262434,1,0,-34912301793,28666478535,0,1,1073741824,1624338303,29995482793,2399639119,-2792984146
1,2375,258047991000,12902400,32768,67392522530,0,1,536870912,28666478535,66318780706,0,0,1073741824,3649491373,67392522530,5391402916,2293318285
1,2377,258048031000,12902402,32768,56399734843,536870912,1,-299601511,66318780706,55325993019,0,0,1073741824,3025128491,55862863931,4469030038,5305502461
1,2379,258048071000,12902404,-32768,-55135855943,-299601511,1,-536870912,55325993019,-54062114119,0,0,-1073741824,-2969534749,-54836254432,-4386901261,4426079446
1,2381,258048111000,12902406,-32768,-3958307715,-536870912,1,0,-54062114119,-2884565891,0,1,-1073741824,-185280260,-3421436803,-273715001,-4324969134
1,2383,258048151000,12902408,32768,20686994028,0,1,536870912,-2884565891,19613252204,0,0,1073741824,1120257907,20686994028,1654959864,-230765271
1,2385,258048191000,12902410,-32768,-3997419372,536870912,1,-536870912,19613252204,-2923677548,0,0,-1073741824,-245544352,-4534290284,-362743298,1569060178
1,2387,258048231000,12902412,-32768,-54656873318,-536870912,1,-536870912,-2923677548,-53583131494,0,0,-1073741824,-2930747722,-54120002406,-4329601087,-233894204
1,2389,258048271000,12902414,32768,5687091646,-536870912,1,536870912,-53583131494,4613349822,0,0,1073741824,337044776,6223962558,497917107,-4286650524
1,2391,258048311000,12902416,32768,35253207522,536870912,1,536870912,4613349822,34179465698,0,0,1073741824,1879985586,34716336610,2777307503,369067986
1,2393,258048351000,12902418,-32768,-48112903647,536870912,1,-536870912,34179465698,-47039161823,0,0,-1073741824,-2634519764,-48649774559,-3891982769,2734357258
1,2395,258048391000,12902420,-32768,-31179720623,-536870912,1,536870912,-47039161823,-30105978799,0,0,-1073741824,-1659395011,-30642849711,-2451428483,-3763132949
1,2397,258048431000,12902422,32768,40663845834,536870912,1,536870912,-30105978799,39590104010,0,0,1073741824,2172986606,40126974922,3210158657,-2408478306
1,2399,258048471000,12902424,-32768,-6300468332,536870912,1,-536870912,39590104010,-5226726508,0,0,-1073741824,-370260819,-6837339244,-546987253,3167208324
1,2401,258048511000,12902426,-32768,-51148941816,-536870912,1,-536870912,-5226726508,-50075199992,0,0,-1073741824,-2740783535,-50612070904,-4048966509,-418138121
1,2403,258048551000,12902428,-32768,-9396184766,-536870912,1,0,-50075199992,-8322442942,0,1,-1073741824,-479756333,-8859313854,-708745255,-4006016003
1,2405,258048591000,12902430,0,18202764583,0,1,0,-8322442942,17129022759,1,1,1073741824,985730016,18202764583,1456221467,-665795436
1,2407,258048631000,12902432,-32768,-11681646649,0,1,0,17129022759,-10607904825,0,1,-1073741824,-632593455,-11681646649,-934531925,1370321822
1,2409,258048671000,12902434,32768,7586670930,0,1,0,-10607904825,6512929106,0,1,1073741824,410839201,7586670930,606933800,-848632387
1,2411,258048711000,12902436,-32768,-37230001911,0,1,-536870912,6512929106,-36156260087,0,0,-1073741824,-2016107510,-37230001911,-2978400768,521034329
1,2413,258048751000,12902438,-32768,-20984912945,-536870912,1,0,-36156260087,-19911171121,0,1,-1073741824,-1107317996,-20448042033,-1635843701,-2892500810
1,2415,258048791000,12902440,-32768,-32365742136,0,1,-536870912,-19911171121,-31292000312,0,0,-1073741824,-1752694398,-32365742136,-2589259906,-1592893691
1,2417,258048831000,12902442,-32768,-30531303491,-536870912,1,-433065987,-31292000312,-29457561667,0,0,-1073741824,-1624281431,-29994432579,-2399555102,-2503360027
1,2419,258048871000,12902444,0,23100062225,-433065987,1,0,-29457561667,22026320401,1,1,1073741824,1274383940,23533128212,1882650646,-2356604936
1,2421,258048911000,12902446,-32768,-15596791363,0,1,0,22026320401,-14523049539,0,1,-1073741824,-844609363,-15596791363,-1247743567,1762105634
1,2423,258048951000,12902448,32768,67814484777,0,1,536870912,-14523049539,66740742953,0,0,1073741824,3672341795,67814484777,5425159903,-1161843964
1,2425,258048991000,12902450,32768,11077894787,536870912,1,-536870912,66740742953,10004152963,0,0,1073741824,570825579,10541023875,843282084,5339259441
1,2427,258049031000,12902452,-32768,-52067127413,-536870912,1,-536870912,10004152963,-50993385589,0,0,-1073741824,-2790505823,-51530256501,-4122421372,800332238
1,2429,258049071000,12902454,32768,29452451937,-536870912,1,0,-50993385589,28378710113,0,1,1073741824,1624004725,29989322849,2399146324,-4079470851
1,2431,258049111000,12902456,-32768,-39149732691,0,1,-536870912,28378710113,-38075990867,0,0,-1073741824,-2120066238,-39149732691,-3131979262,2270296811
1,2433,258049151000,12902458,0,-8938220128,-536870912,1,0,-38075990867,-7864478304,1,1,-1073741824,-454956282,-8401349216,-672108076,-3046079272
1,2435,258049191000,12902460,-32768,-40579065419,0,1,-536870912,-7864478304,-39505323595,0,0,-1073741824,-2197468556,-40579065419,-3246325904,-629158265
1,2437,258049231000,12902462,32768,15907327001,-536870912,1,0,-39505323595,14833585177,0,1,1073741824,890498770,16444197913,1315536105,-3160425891
1,2439,258049271000,12902464,32768,22512382698,0,1,536870912,14833585177,21438640874,0,0,1073741824,1219107749,22512382698,1800990988,1186686815
1,2441,258049311000,12902466,-32768,-54032653792,536870912,1,-536870912,21438640874,-52958911968,0,0,-1073741824,-2955090597,-54569524704,-4365562878,1715091272
1,2443,258049351000,12902468,32768,18176374632,-536870912,1,536870912,-52958911968,17102632808,0,0,1073741824,1013373971,18713245544,1497059953,-4236712961
1,2445,258049391000,12902470,-32768,-5968118834,536870912,1,0,17102632808,-4894377010,0,1,-1073741824,-352263175,-6504989746,-520399287,1368210626
1,2447,258049431000,12902472,0,-2836940341,0,1,0,-4894377010,-1763198517,1,1,-1073741824,-153628161,-2836940341,-226955274,-391550161
1,2449,258049471000,12902474,32768,7283591406,0,1,536870912,-1763198517,6209849582,0,0,1073741824,394426607,7283591406,582687433,-141055881
1,2451,258049511000,12902476,0,31084109179,536870912,1,0,6209849582,30010367355,1,1,1073741824,1654217387,30547238267,2443779566,496787967
1,2453,258049551000,12902478,-32768,-26274291078,0,1,-536870912,30010367355,-25200549254,0,0,-1073741824,-1422825486,-26274291078,-2101943720,2400829391
1,2455,258049591000,12902480,32768,27998050202,-536870912,1,0,-25200549254,26924308378,0,1,1073741824,1545244851,28534921114,2282794161,-2016043942
1,2457,258049631000,12902482,-32768,-3494319528,0,1,-536870912,26924308378,-2420577704,0,0,-1073741824,-189227061,-3494319528,-279545620,2153944672
1,2459,258049671000,12902484,32768,10957091412,-536870912,1,536870912,-2420577704,9883349588,0,0,1073741824,622429830,11493962324,919517176,-193646217
1,2461,258049711000,12902486,-32768,-34121160826,536870912,1,-536870912,9883349588,-33047419002,0,0,-1073741824,-1876828216,-34658031738,-2772643112,790667968
1,2463,258049751000,12902488,-32768,-22217720229,-536870912,1,372454307,-33047419002,-21143978405,0,0,-1073741824,-1174077918,-21680849317,-1734468304,-2643793523
1,2465,258049791000,12902490,-32768,-24904521548,372454307,1,41814095,-21143978405,-23830779724,0,0,-1073741824,-1368818110,-25276975855,-2022158486,-1691518274
1,2467,258049831000,12902492,-32768,-41466247874,41814095,1,-536870912,-23830779724,-40392506050,0,0,-1073741824,-2247776287,-41508061969,-3320645643,-1906462380
1,2469,258049871000,12902494,-32768,-40080485381,-536870912,1,-468960236,-40392506050,-39006743557,0,0,-1073741824,-2141396025,-39543614469,-3163489811,-3231400487
1,2471,258049911000,12902496,-32768,-3563463866,-468960236,1,536870912,-39006743557,-2489722042,0,0,-1073741824,-167575925,-3094503630,-247560342,-3120539487
1,2473,258049951000,12902498,32768,29767326865,536870912,1,0,-2489722042,28693585041,0,1,1073741824,1582909985,29230455953,2338436959,-199177764
1,2475,258049991000,12902500,-32768,-19930166769,0,1,-536870912,28693585041,-18856424945,0,0,-1073741824,-1079273619,-19930166769,-1594413671,2295486805
1,2477,258050031000,12902502,-32768,-14545640417,-536870912,1,-149058707,-18856424945,-13471898593,0,0,-1073741824,-758613590,-14008769505,-1120701792,-1508513997
1,2479,258050071000,12902504,-32768,-58589758514,-149058707,1,-536870912,-13471898593,-57516016690,0,0,-1073741824,-3164725429,-58440699807,-4675256950,-1077751888
1,2481,258050111000,12902506,0,-53138477213,-536870912,1,0,-57516016690,-52064735389,1,1,-1073741824,-2848522376,-52601606301,-4208129373,-4601281339
1,2483,258050151000,12902508,32768,57323963754,0,1,536870912,-52064735389,56250221930,0,0,1073741824,3104251085,57323963754,4585918048,-4165178835
1,2485,258050191000,12902510,-32768,-17491908998,536870912,1,-536870912,56250221930,-16418167174,0,0,-1073741824,-976308265,-18028779910,-1442302691,4500017759
1,2487,258050231000,12902512,32768,59363566571,-536870912,1,536870912,-16418167174,58289824747,0,0,1073741824,3243774259,59900437483,4792035989,-1313453375
1,2489,258050271000,12902514,-32768,-29464581272,536870912,1,-536870912,58289824747,-28390839448,0,0,-1073741824,-1624661562,-30001452184,-2400116670,4663185984
1,2491,258050311000,12902516,-32768,-7006425070,-536870912,1,536870912,-28390839448,-5932683246,0,0,-1073741824,-350344240,-6469554158,-517564440,-2271267158
1,2493,258050351000,12902518,32768,24557269782,536870912,1,536870912,-5932683246,23483527958,0,0,1073741824,1300770993,24020398870,1921632307,-474614660
1,2495,258050391000,12902520,32768,30290010304,536870912,1,536870912,23483527958,29216268480,0,0,1073741824,1611214738,29753139392,2380251643,1878682238
1,2497,258050431000,12902522,0,4377651628,536870912,1,0,29216268480,3303909804,1,1,1073741824,207988892,3840780716,307262521,2337301481
1,2499,258050471000,12902524,32768,3973674524,0,1,0,3303909804,2899932700,0,1,1073741824,215185459,3973674524,317894028,264312785
1,2501,258050511000,12902526,-32768,-11613536479,0,1,0,2899932700,-10539794655,0,1,-1073741824,-628905101,-11613536479,-929083110,231994616
1,2503,258050551000,12902528,32768,57698711809,0,1,536870912,-10539794655,56624969985,0,0,1073741824,3124544728,57698711809,4615897898,-843183573
1,2505,258050591000,12902530,-32768,-15678695662,536870912,1,0,56624969985,-14604953838,0,1,-1073741824,-878117751,-16215566574,-1297245594,4529997603
1,2507,258050631000,12902532,32768,10577386008,0,1,536870912,-14604953838,9503644184,0,0,1073741824,572794689,10577386008,846191055,-1168396308
1,2509,258050671000,12902534,32768,47294917288,536870912,1,536870912,9503644184,46221175464,0,0,1073741824,2532077454,46758046376,3740644483,760291535
1,2511,258050711000,12902536,32768,49548469864,536870912,1,536870912,46221175464,48474728040,0,0,1073741824,2654113555,49011598952,3920928726,3697694041
1,2513,258050751000,12902538,32768,4643685140,536870912,1,0,48474728040,3569943316,0,1,1073741824,222395342,4106814228,328545206,3877978247
1,2515,258050791000,12902540,-32768,-26182502929,0,1,-536870912,3569943316,-25108761105,0,0,-1073741824,-1417854904,-26182502929,-2094600667,285595466
1,2517,258050831000,12902542,-32768,-5859402586,-536870912,1,0,-25108761105,-4785660762,0,1,-1073741824,-288229802,-5322531674,-425802622,-2008700890
1,2519,258050871000,12902544,-32768,-65086206922,0,1,-536870912,-4785660762,-64012465098,0,0,-1073741824,-3524598008,-65086206922,-5206897629,-382852861
1,2521,258050911000,12902546,-32768,-33493870439,-536870912,1,536870912,-64012465098,-32420128615,0,0,-1073741824,-1784712620,-32956999527,-2636560507,-5120997213
1,2523,258050951000,12902548,32768,4382169348,536870912,1,0,-32420128615,3308427524,0,1,1073741824,208233539,3845298436,307623938,-2593610292
1,2525,258050991000,12902550,-32768,-58827814026,0,1,-536870912,3308427524,-57754072202,0,0,-1073741824,-3185688734,-58827814026,-4706226094,264674202
1,2527,258051031000,12902552,32768,57740907239,-536870912,1,536870912,-57754072202,56667165415,0,0,1073741824,3155902771,58277778151,4662223215,-4620325780
1,2529,258051071000,12902554,-32768,-50102747967,536870912,1,-536870912,56667165415,-49029006143,0,0,-1073741824,-2742275334,-50639618879,-4051170347,4533373237
1,2531,258051111000,12902556,32768,36389992327,-536870912,1,536870912,-49029006143,35316250503,0,0,1073741824,1999691713,36926863239,2954149669,-3922320495
1,2533,258051151000,12902558,-32768,-31159187846,536870912,1,-536870912,35316250503,-30085446022,0,0,-1073741824,-1716429192,-31696058758,-2535685224,2825300043
1,2535,258051191000,12902560,32768,19017804313,-536870912,1,536870912,-30085446022,17944062489,0,0,1073741824,1058939714,19554675225,1564374341,-2406835684
1,2537,258051231000,12902562,-32768,-59424666370,536870912,1,-536870912,17944062489,-58350924546,0,0,-1073741824,-3247082982,-59961537282,-4796923973,1435525000
1,2539,258051271000,12902564,-32768,-10141669354,-536870912,1,536870912,-58350924546,-9067927530,0,0,-1073741824,-520126384,-9604798442,-768384034,-4668073968
1,2541,258051311000,12902566,32768,8776760761,536870912,1,536870912,-9067927530,7703018937,0,0,1073741824,446212811,8239889849,659191324,-725434203
1,2543,258051351000,12902568,0,11599838837,536870912,1,0,7703018937,10526097013,1,1,1073741824,599090292,11062967925,885037617,616241516
1,2545,258051391000,12902570,32768,37964596011,0,1,536870912,10526097013,36890854187,0,0,1073741824,2055887811,37964596011,3037168308,842087762
1,2547,258051431000,12902572,32768,25612423734,536870912,1,0,36890854187,24538681910,0,1,1073741824,1357910496,25075552822,2006044640,2951268338
1,2549,258051471000,12902574,-32768,-51589601837,0,1,-536870912,24538681910,-50515860013,0,0,-1073741824,-2793719537,-51589601837,-4127169000,1963094555
1,2551,258051511000,12902576,-32768,-9518123897,-536870912,1,536870912,-50515860013,-8444382073,0,0,-1073741824,-486359674,-8981252985,-718500387,-4041268805
1,2553,258051551000,12902578,32768,29379509228,536870912,1,536870912,-8444382073,28305767404,0,0,1073741824,1561908588,28842638316,2307411542,-675550566
1,2555,258051591000,12902580,32768,26134554681,536870912,1,0,28305767404,25060812857,0,1,1073741824,1386185330,25597683769,2047815125,2264461394
1,2557,258051631000,12902582,32768,8649056461,0,1,-536870912,25060812857,7575314637,0,0,1073741824,468370314,8649056461,691924660,2004865030
1,2559,258051671000,12902584,32768,23934477479,-536870912,1,0,7575314637,22860735655,0,1,1073741824,1325191156,24471348391,1957708276,606025172
1,2561,258051711000,12902586,32768,35118943539,0,1,536870912,22860735655,34045201715,0,0,1073741824,1901787864,35118943539,2809516063,1828858854
1,2563,258051751000,12902588,-32768,-26510662506,536870912,1,-536870912,34045201715,-25436920682,0,0,-1073741824,-1464698696,-27047533418,-2163803120,2723616140
1,2565,258051791000,12902590,-32768,-62173011985,-536870912,1,-536870912,-25436920682,-61099270161,0,0,-1073741824,-3337767406,-61636141073,-4930892304,-2034953656
1,2567,258051831000,12902592,0,-57363459094,-536870912,1,0,-61099270161,-56289717270,1,1,-1073741824,-3077316823,-56826588182,-4546127994,-4887941617
1,2569,258051871000,12902594,32768,10772347912,0,1,0,-56289717270,9698606088,0,1,1073741824,583352415,10772347912,861788011,-4503177386
1,2571,258051911000,12902596,32768,39927396319,0,1,536870912,9698606088,38853654495,0,0,1073741824,2162178873,39927396319,3194192365,775888488
1,2573,258051951000,12902598,-32768,-22607556605,536870912,1,-536870912,38853654495,-21533814781,0,0,-1073741824,-1253334723,-23144427517,-1851554584,3108292362
1,2575,258051991000,12902600,-32768,-36836143988,-536870912,1,-536870912,-21533814781,-35762402164,0,0,-1073741824,-1965705971,-36299273076,-2903942446,-1722705184
1,2577,258052031000,12902602,32768,6874707977,-536870912,1,0,-35762402164,5800966153,0,1,1073741824,401357483,7411578889,592926434,-2860992176
1,2579,258052071000,12902604,32768,13916715829,0,1,536870912,5800966153,12842974005,0,0,1073741824,753628629,13916715829,1113337496,464077293
1,2581,258052111000,12902606,32768,45413528891,536870912,1,536870912,12842974005,44339787067,0,0,1073741824,2430195072,44876657979,3590133380,1027437921
1,2583,258052151000,12902608,-32768,-5036579366,536870912,1,-536870912,44339787067,-3962837542,0,0,-1073741824,-301817738,-5573450278,-445876114,3547182969
1,2585,258052191000,12902610,-32768,-38666354702,-536870912,1,-536870912,-3962837542,-37592612878,0,0,-1073741824,-2064816940,-38129483790,-3050359333,-317027004
1,2587,258052231000,12902612,-32768,-42667963664,-536870912,1,-536870912,-37592612878,-41594221840,0,0,-1073741824,-2281515126,-42131092752,-3370488116,-3007409033
1,2589,258052271000,12902614,0,2657255038,-536870912,1,0,-41594221840,1583513214,1,1,1073741824,172970749,3194125950,255530129,-3327537750
1,2591,258052311000,12902616,32768,2975811295,0,1,111383896,1583513214,1902069471,0,0,1073741824,161148407,2975811295,238064953,126681057
1,2593,258052351000,12902618,-32768,-51804250976,111383896,1,-536870912,1902069471,-50730509152,0,0,-1073741824,-2811375127,-51915634872,-4153251648,152165558
1,2595,258052391000,12902620,-32768,-10859316710,-536870912,1,536870912,-50730509152,-9785574886,0,0,-1073741824,-558988972,-10322445798,-825795834,-4058440736
1,2597,258052431000,12902622,-32768,-45755262109,536870912,1,-536870912,-9785574886,-44681520285,0,0,-1073741824,-2506846958,-46292133021,-3703371407,-782845992
1,2599,258052471000,12902624,-32768,-69191954739,-536870912,1,-536870912,-44681520285,-68118212915,0,0,-1073741824,-3717862557,-68655083827,-5492407841,-3574521626
1,2601,258052511000,12902626,32768,49685961504,-536870912,1,536870912,-68118212915,48612219680,0,0,1073741824,2719705195,50222832416,4017827423,-5449457038
1,2603,258052551000,12902628,-32768,-8828582868,536870912,1,-536870912,48612219680,-7754841044,0,0,-1073741824,-507165209,-9365453780,-749236457,3888977578
1,2605,258052591000,12902630,0,-9334245749,-536870912,1,0,-7754841044,-8260503925,1,1,-1073741824,-476402164,-8797374837,-703790132,-620387284
1,2607,258052631000,12902632,-32768,-43742203071,0,1,-536870912,-8260503925,-42668461247,0,0,-1073741824,-2368761203,-43742203071,-3499376969,-660840315
1,2609,258052671000,12902634,32768,29986572300,-536870912,1,536870912,-42668461247,28912830476,0,0,1073741824,1652928819,30523443212,2441875961,-3413476903
1,2611,258052711000,12902636,32768,21814660969,536870912,1,0,28912830476,20740919145,0,1,1073741824,1152251145,21277790057,1702223556,2313026440
1,2613,258052751000,12902638,-32768,-43214260749,0,1,-536870912,20740919145,-42140518925,0,0,-1073741824,-2340171667,-43214260749,-3457141574,1659273533
1,2615,258052791000,12902640,32768,8151234451,-536870912,1,536870912,-42140518925,7077492627,0,0,1073741824,470484920,8688105363,695048573,-3371241517
1,2617,258052831000,12902642,32768,5753249371,536870912,1,387981864,7077492627,4679507547,0,0,1073741824,282481312,5216378459,417310363,566199411
1,2619,258052871000,12902644,-32768,-5640671051,387981864,1,-468671073,4679507547,-4566929227,0,0,-1073741824,-326468219,-6028652915,-482292333,374360604
1,2621,258052911000,12902646,-32768,-4109138229,-468671073,1,-394554167,-4566929227,-3035396405,0,0,-1073741824,-197141359,-3640467156,-291237433,-365354339
1,2623,258052951000,12902648,32768,20451990258,-394554167,1,536870912,-3035396405,19378248434,0,0,1073741824,1128898002,20846544425,1667723898,-242831713
1,2625,258052991000,12902650,32768,25281943465,536870912,1,0,19378248434,24208201641,0,1,1073741824,1340014076,24745072553,1979606213,1550259876
1,2627,258053031000,12902652,-32768,-26253937399,0,1,-536870912,24208201641,-25180195575,0,0,-1073741824,-1421723278,-26253937399,-2100315426,1936656133
1,2629,258053071000,12902654,32768,47987751605,-536870912,1,536870912,-25180195575,46914009781,0,0,1073741824,2627742435,48524622517,3881970603,-2014415648
1,2631,258053111000,12902656,32768,4454442224,536870912,1,0,46914009781,3380700400,0,1,1073741824,212147315,3917571312,313405770,3753120786
1,2633,258053151000,12902658,32768,8906376973,0,1,442054273,3380700400,7832635149,0,0,1073741824,482304931,8906376973,712510305,270456032
1,2635,258053191000,12902660,0,5975828922,442054273,1,0,7832635149,4902087098,1,1,1073741824,299669193,5533774649,442702063,626610813
1,2637,258053231000,12902662,-32768,-1811225810,0,1,-536870912,4902087098,-737483986,0,0,-1073741824,-98082884,-1811225810,-144898095,392166968
1,2639,258053271000,12902664,32768,30097331928,-536870912,1,536870912,-737483986,29023590104,0,0,1073741824,1658926759,30634202840,2450736733,-58998719
1,2641,258053311000,12902666,-32768,-18734818868,536870912,1,0,29023590104,-17661077044,0,1,-1073741824,-1043615270,-19271689780,-1541735501,2321887210
1,2643,258053351000,12902668,-32768,-21422180785,0,1,-300888652,-17661077044,-20348438961,0,0,-1073741824,-1160070302,-21422180785,-1713774817,-1412886165
1,2645,258053391000,12902670,32768,50582102162,-300888652,1,536870912,-20348438961,49508360338,0,0,1073741824,2755454597,50882990814,4070640106,-1627875118
1,2647,258053431000,12902672,-32768,-13765343005,536870912,1,-536870912,49508360338,-12691601181,0,0,-1073741824,-774504416,-14302213917,-1144177350,3960668831
1,2649,258053471000,12902674,32768,4129265624,-536870912,1,536870912,-12691601181,3055523800,0,0,1073741824,252684191,4666136536,373291000,-1015328095
1,2651,258053511000,12902676,-32768,-2780855525,536870912,1,27010838,3055523800,-1707113701,0,0,-1073741824,-179664057,-3317726437,-265418170,244441904
1,2653,258053551000,12902678,32768,6364634685,27010838,1,0,-1707113701,5290892861,0,1,1073741824,343199849,6337623847,507010013,-136569096
1,2655,258053591000,12902680,-32768,-53057282783,0,1,-536870912,5290892861,-51983540959,0,0,-1073741824,-2873198517,-53057282783,-4244583499,423271429
1,2657,258053631000,12902682,-32768,-31887329268,-536870912,1,536870912,-51983540959,-30813587444,0,0,-1073741824,-1697713975,-31350458356,-2508037187,-4158683281
1,2659,258053671000,12902684,32768,50442466022,536870912,1,536870912,-30813587444,49368724198,0,0,1073741824,2702525918,49905595110,3992448434,-2465086998
1,2661,258053711000,12902686,32768,34710406716,536870912,1,-536870912,49368724198,33636664892,0,0,1073741824,1850591422,34173535804,2733883429,3949497940
1,2663,258053751000,12902688,32768,2713315611,-536870912,1,0,33636664892,1639573787,0,1,1073741824,176006584,3250186523,260014976,2690933194
1,2665,258053791000,12902690,32768,38260760727,0,1,536870912,1639573787,37187018903,0,0,1073741824,2071925949,38260760727,3060861490,131165903
1,2667,258053831000,12902692,0,-25246392211,536870912,1,0,37187018903,-24172650387,1,1,-1073741824,-1396234965,-25783263123,-2062661476,2974961515
1,2669,258053871000,12902694,-32768,-32944887588,0,1,-536870912,-24172650387,-31871145764,0,0,-1073741824,-1784056725,-32944887588,-2635591551,-1933812033
1,2671,258053911000,12902696,-32768,-61298790737,-536870912,1,-536870912,-31871145764,-60225048913,0,0,-1073741824,-3290425909,-60761919825,-4860954590,-2549691663
1,2673,258053951000,12902698,32768,10431878609,-536870912,1,536870912,-60225048913,9358136785,0,0,1073741824,593988105,10968749521,877500143,-4818003918
1,2675,258053991000,12902700,-32768,-71889371552,536870912,1,-536870912,9358136785,-70815629728,0,0,-1073741824,-3922081221,-72426242464,-5794100594,748650943
1,2677,258054031000,12902702,-32768,-19508126388,-536870912,1,536870912,-70815629728,-18434384564,0,0,-1073741824,-1027345922,-18971255476,-1517700752,-5665250384
1,2679,258054071000,12902704,32768,29760025520,536870912,1,536870912,-18434384564,28686283696,0,0,1073741824,1582514597,29223154608,2337852852,-1474750766
1,2681,258054111000,12902706,0,-8805042149,536870912,1,0,28686283696,-7731300325,1,1,-1073741824,-505890414,-9341913061,-747353199,2294902698
1,2683,258054151000,12902708,32768,2271926209,0,1,536870912,-7731300325,1198184385,0,0,1073741824,123031084,2271926209,181754134,-618504027
1,2685,258054191000,12902710,32768,16075998626,536870912,1,0,1198184385,15002256802,0,1,1073741824,841486717,15539127714,1243130474,95854751
1,2687,258054231000,12902712,-32768,-28210272146,0,1,-536870912,15002256802,-27136530322,0,0,-1073741824,-1527664212,-28210272146,-2256822238,1200180545
1,2689,258054271000,12902714,-32768,-9478450373,-536870912,1,0,-27136530322,-8404708549,0,1,-1073741824,-484211243,-8941579461,-715326505,-2170922428
1,2691,258054311000,12902716,-32768,-2127900357,0,1,502144621,-8404708549,-1054158533,0,0,-1073741824,-115231686,-2127900357,-170232064,-672376685
1,2693,258054351000,12902718,32768,14606360759,502144621,1,536870912,-1054158533,13532618935,0,0,1073741824,763782289,14104216138,1128337524,-84332683
1,2695,258054391000,12902720,25313,829442072,536870912,0,0,13532618935,0,0,1,829442072,15843537,292571160,23405698,1082609516
1,2697,258054431000,12902722,32768,41960363479,0,1,536870912,0,40886621655,0,0,1073741824,2272269664,41960363479,3356829772,0
1,2699,258054471000,12902724,32768,7912114186,536870912,1,-536870912,40886621655,6838372362,0,0,1073741824,399389809,7375243274,590019584,3270929735
1,2701,258054511000,12902726,0,44435205040,-536870912,1,0,6838372362,43361463216,1,1,1073741824,2435362219,44972075952,3597766819,547069789
1,2703,258054551000,12902728,-32768,-37015548463,0,1,-536870912,43361463216,-35941806639,0,0,-1073741824,-2004494263,-37015548463,-2961244489,3468917061
1,2705,258054591000,12902730,-32768,-22760552539,-536870912,1,536870912,-35941806639,-21686810715,0,0,-1073741824,-1203473788,-22223681627,-1777894897,-2875344534
1,2707,258054631000,12902732,-32768,-17557571814,536870912,1,0,-21686810715,-16483829990,0,1,-1073741824,-979864088,-18094442726,-1447555717,-1734944859
1,2709,258054671000,12902734,-32768,-21525064526,0,1,-403299118,-16483829990,-20451322702,0,0,-1073741824,-1165641741,-21525064526,-1722005518,-1318706400
1,2711,258054711000,12902736,32768,4151920993,-403299118,1,536870912,-20451322702,3078179169,0,0,1073741824,246677760,4555220111,364417684,-1636105818
1,2713,258054751000,12902738,32768,28351280328,536870912,1,536870912,3078179169,27277538504,0,0,1073741824,1506227151,27814409416,2225153213,246254334
1,2715,258054791000,12902740,-32768,-29083343816,536870912,1,0,27277538504,-28009601992,0,1,-1073741824,-1604016500,-29620214728,-2369617668,2182203082
1,2717,258054831000,12902742,32768,36399284278,0,1,536870912,-28009601992,35325542454,0,0,1073741824,1971121854,36399284278,2911943344,-2240768161
1,2719,258054871000,12902744,-32768,-34244641245,536870912,1,-536870912,35325542454,-33170899421,0,0,-1073741824,-1883515022,-34781512157,-2782521547,2826043399
1,2721,258054911000,12902746,32768,37288452966,-536870912,1,0,-33170899421,36214711142,0,1,1073741824,2048345840,37825323878,3026026535,-2653671956
1,2723,258054951000,12902748,-32768,-14911559914,0,1,-536870912,36214711142,-13837818090,0,0,-1073741824,-807502186,-14911559914,-1192925040,2897176894
1,2725,258054991000,12902750,-32768,-27201717918,-536870912,1,-536870912,-13837818090,-26127976094,0,0,-1073741824,-1443975169,-26664847006,-2133188201,-1107025448
1,2727,258055031000,12902752,0,-50242898332,-536870912,1,0,-26127976094,-49169156508,1,1,-1073741824,-2691718776,-49706027420,-3976483015,-2090238089
1,2729,258055071000,12902754,0,-36107644502,0,1,0,-49169156508,-35033902678,1,1,-1073741824,-1955328754,-36107644502,-2888612157,-3933532524
1,2731,258055111000,12902756,0,49217675765,0,1,0,-35033902678,48143933941,1,1,1073741824,2665273184,49217675765,3937414875,-2802712217
1,2733,258055151000,12902758,32768,20198751138,0,1,0,48143933941,19125009314,0,1,1073741824,1093818205,20198751138,1615900425,3851514719
1,2735,258055191000,12902760,32768,21279090693,0,1,172326860,19125009314,20205348869,0,0,1073741824,1152321578,21279090693,1702327607,1530000747
1,2737,258055231000,12902762,-32768,-21748702256,172326860,1,-536870912,20205348869,-20674960432,0,0,-1073741824,-1187084318,-21921029116,-1753682692,1616427911
1,2739,258055271000,12902764,32768,1820998426,-536870912,1,536870912,-20674960432,747256602,0,0,1073741824,127685142,2357869338,188629586,-1653996836
1,2741,258055311000,12902766,32768,25736180722,536870912,1,536870912,747256602,24662438898,0,0,1073741824,1364612279,25199309810,2015945201,59780528
1,2743,258055351000,12902768,32768,7810724975,536870912,1,-536870912,24662438898,6736983151,0,0,1073741824,393899303,7273854063,581908445,1972995114
1,2745,258055391000,12902770,-32768,-36546719168,-536870912,1,0,6736983151,-35472977344,0,1,-1073741824,-1950032817,-36009848256,-2880788456,538958653
1,2747,258055431000,12902772,32768,64488045082,0,1,536870912,-35472977344,63414303258,0,0,1073741824,3492205891,64488045082,5159044672,-2837838190
1,2749,258055471000,12902774,32768,8022759840,536870912,1,-536870912,63414303258,6949018016,0,0,1073741824,405381577,7485888928,598871238,5073144265
1,2751,258055511000,12902776,32768,33934994336,-536870912,1,536870912,6949018016,32861252512,0,0,1073741824,1866746786,34471865248,2757749790,555921442
1,2753,258055551000,12902778,-32768,-5709433792,536870912,1,-536870912,32861252512,-4635691968,0,0,-1073741824,-338254665,-6246304704,-499704480,2628900203
1,2755,258055591000,12902780,32768,12146100525,-536870912,1,0,-4635691968,11072358701,0,1,1073741824,686817960,12682971437,1014637925,-370855358
1,2757,258055631000,12902782,-32768,-18364242029,0,1,0,11072358701,-17290500205,0,1,-1073741824,-994474466,-18364242029,-1469139666,885788697
1,2759,258055671000,12902784,-32768,-2437931918,0,1,0,-17290500205,-1364190094,0,1,-1073741824,-132020752,-2437931918,-195034594,-1383240018
1,2761,258055711000,12902786,-32768,-25560959642,0,1,-536870912,-1364190094,-24487217818,0,0,-1073741824,-1384196617,-25560959642,-2044877194,-109135208
1,2763,258055751000,12902788,32768,18208504404,-536870912,1,0,-24487217818,17134762580,0,1,1073741824,1015113887,18745375316,1499630335,-1958977427
1,2765,258055791000,12902790,-32768,-6750025474,0,1,0,17134762580,-5676283650,0,1,-1073741824,-365532537,-6750025474,-540002149,1370781008
1,2767,258055831000,12902792,32768,1190166340,0,1,536870912,-5676283650,116424516,0,0,1073741824,64450797,1190166340,95213327,-454102692
1,2769,258055871000,12902794,-32768,-27544075037,536870912,1,-536870912,116424516,-26470333213,0,0,-1073741824,-1520660841,-28080945949,-2246476140,9313961
1,2771,258055911000,12902796,-32768,-21201431810,-536870912,1,-72409466,-26470333213,-20127689986,0,0,-1073741824,-1119043091,-20664560898,-1653165213,-2117626659
1,2773,258055951000,12902798,0,-23911101231,-72409466,1,0,-20127689986,-22837359407,1,1,-1073741824,-1290931051,-23838691765,-1907095735,-1610215200
1,2775,258055991000,12902800,-32768,-9225366748,0,1,536870912,-22837359407,-8151624924,0,0,-1073741824,-499579109,-9225366748,-738029492,-1826988754
1,2777,258056031000,12902802,-32768,-43660692645,536870912,1,-536870912,-8151624924,-42586950821,0,0,-1073741824,-2393420232,-44197563557,-3535805815,-652129995
1,2779,258056071000,12902804,32768,8934093493,-536870912,1,536870912,-42586950821,7860351669,0,0,1073741824,512878901,9470964405,757677309,-3406956069
1,2781,258056111000,12902806,32768,25279958100,536870912,1,536870912,7860351669,24206216276,0,0,1073741824,1339906563,24743087188,1979447384,628828134
1,2783,258056151000,12902808,-32768,-31502556209,536870912,1,-536870912,24206216276,-30428814385,0,0,-1073741824,-1735023538,-32039427121,-2563154699,1936497304
1,2785,258056191000,12902810,-32768,-28870185401,-536870912,1,-369231386,-30428814385,-27796443577,0,0,-1073741824,-1534327295,-28333314489,-2266665627,-2434305153
1,2787,258056231000,12902812,-32768,-19737259093,-369231386,1,305041565,-27796443577,-18663517269,0,0,-1073741824,-1048832235,-19368027707,-1549442537,-2223715488
1,2789,258056271000,12902814,32768,1792112952,305041565,1,536870912,-18663517269,718371128,0,0,1073741824,80529026,1487071387,118965736,-1493081383
1,2791,258056311000,12902816,0,-26017217463,536870912,1,0,718371128,-24943475639,1,1,-1073741824,-1437977283,-26554088375,-2124327509,57469690
1,2793,258056351000,12902818,32768,49284193773,0,1,536870912,-24943475639,48210451949,0,0,1073741824,2668875318,49284193773,3942736316,-1995478053
1,2795,258056391000,12902820,32768,52367279091,536870912,1,536870912,48210451949,51293537267,0,0,1073741824,2806759866,51830408179,4146433511,3856836160
1,2797,258056431000,12902822,-6745,-221018121,536870912,0,-536870912,51293537267,0,0,0,-221018121,-41041786,-757889033,-60631135,4103482985
1,2799,258056471000,12902824,-32768,-35469997804,-536870912,1,-536870912,0,-34396255980,0,0,-1073741824,-1891725379,-34933126892,-2794650729,0
1,2801,258056511000,12902826,32768,57941938436,-536870912,1,536870912,-34396255980,56868196612,0,0,1073741824,3166789166,58478809348,4678305714,-2751700481
1,2803,258056551000,12902828,32768,42931818099,536870912,1,-536870912,56868196612,41858076275,0,0,1073741824,2295803573,42394947187,3391596476,4549455733
1,2805,258056591000,12902830,-32768,-14973452005,-536870912,1,-536870912,41858076275,-13899710181,0,0,-1073741824,-781780770,-14436581093,-1154926726,3348646105
1,2807,258056631000,12902832,-32768,-62546976386,-536870912,1,-536870912,-13899710181,-61473234562,0,0,-1073741824,-3358018612,-62010105474,-4960809463,-1111976816
1,2809,258056671000,12902834,-8958,-293542262,-536870912,0,536870912,-61473234562,0,0,0,-293542262,13176919,243328650,19466296,-4917858770
1,2811,258056711000,12902836,-32768,-44163225516,536870912,1,-536870912,0,-43089483692,0,0,-1073741824,-2420633776,-44700096428,-3576008453,0
1,2813,258056751000,12902838,32768,12940873308,-536870912,1,0,-43089483692,11867131484,0,1,1073741824,729857103,13477744220,1078219760,-3447158699
1,2815,258056791000,12902840,32768,21689869133,0,1,536870912,11867131484,20616127309,0,0,1073741824,1174566366,21689869133,1735189889,949370520
1,2817,258056831000,12902842,32768,41337404749,536870912,1,536870912,20616127309,40263662925,0,0,1073741824,2209461683,40800533837,3264043381,1649290186
1,2819,258056871000,12902844,0,-30042189276,536870912,1,0,40263662925,-28968447452,1,1,-1073741824,-1655940632,-30579060188,-2446325320,3221093037
1,2821,258056911000,12902846,32768,8583945620,0,1,536870912,-28968447452,7510203796,0,0,1073741824,464844382,8583945620,686715791,-2317475798
1,2823,258056951000,12902848,-32768,-2681103959,536870912,1,-321383435,7510203796,-1607362135,0,0,-1073741824,-174262234,-3217974871,-257438043,600816304
1,2825,258056991000,12902850,-32768,-4788973781,-321383435,1,-536870912,-1607362135,-3715231957,0,0,-1073741824,-241932366,-4467590346,-357407302,-128588971
1,2827,258057031000,12902852,-8021,-262839267,-536870912,0,0,-3715231957,0,0,1,-262839267,14839571,274031645,21922536,-297218557
1,2829,258057071000,12902854,32768,9853077994,0,1,536870912,0,8779336170,0,0,1073741824,533571408,9853077994,788246402,0
1,2831,258057111000,12902856,-32768,-17147651205,536870912,1,0,8779336170,-16073909381,0,1,-1073741824,-957665754,-17684522117,-1414762062,702346894
1,2833,258057151000,12902858,-32768,-10212899904,0,1,0,-16073909381,-9139158080,0,1,-1073741824,-553056759,-10212899904,-817032161,-1285912752
1,2835,258057191000,12902860,0,-43058234604,0,1,0,-9139158080,-41984492780,1,1,-1073741824,-2331722420,-43058234604,-3444659480,-731132647
1,2837,258057231000,12902862,32768,29186675842,0,1,536870912,-41984492780,28112934018,0,0,1073741824,1580539171,29186675842,2334934550,-3358759426
1,2839,258057271000,12902864,-32768,-14046562316,536870912,1,-536870912,28112934018,-12972820492,0,0,-1073741824,-789733219,-14583433228,-1166674899,2249034724
1,2841,258057311000,12902866,32768,22437389262,-536870912,1,0,-12972820492,21363647438,0,1,1073741824,1244119691,22974260174,1837941194,-1037825640
1,2843,258057351000,12902868,-32768,-41431383519,0,1,-536870912,21363647438,-40357641695,0,0,-1073741824,-2243623937,-41431383519,-3314511366,1709091797
1,2845,258057391000,12902870,32768,30558427893,-536870912,1,536870912,-40357641695,29484686069,0,0,1073741824,1683896380,31095298805,2487624418,-3228611339
1,2847,258057431000,12902872,-32768,-3605899819,536870912,1,-536870912,29484686069,-2532157995,0,0,-1073741824,-224342486,-4142770731,-331421727,2358774888
1,2849,258057471000,12902874,32768,25971894292,-536870912,1,536870912,-2532157995,24898152468,0,0,1073741824,1435522908,26508765204,2120701654,-202572640
1,2851,258057511000,12902876,32768,18432755112,536870912,1,-23310255,24898152468,17359013288,0,0,1073741824,969111595,17895884200,1431671032,1991852199
1,2853,258057551000,12902878,0,22858129966,-23310255,1,0,17359013288,21784388142,1,1,1073741824,1239093234,22881440221,1830515596,1388721064
1,2855,258057591000,12902880,-32768,-29241097238,0,1,0,21784388142,-28167355414,0,1,-1073741824,-1583486240,-29241097238,-2339288262,1742751053
1,2857,258057631000,12902882,32768,2865172307,0,1,536870912,-28167355414,1791430483,0,0,1073741824,155157000,2865172307,229213832,-2253388435
1,2859,258057671000,12902884,32768,33297833594,536870912,1,536870912,1791430483,32224091770,0,0,1073741824,1774096683,32760962682,2620877556,143314439
1,2861,258057711000,12902886,32768,16704105419,536870912,1,-536870912,32224091770,15630363595,0,0,1073741824,875500436,16167234507,1293379028,2577927344
1,2863,258057751000,12902888,-32768,-6876151683,-536870912,1,-536870912,15630363595,-5802409859,0,0,-1073741824,-343289576,-6339280771,-507142566,1250429089
1,2865,258057791000,12902890,0,58143033804,-536870912,1,0,-5802409859,57069291980,1,1,1073741824,3177679036,58679904716,4694393347,-464192789
1,2867,258057831000,12902892,32768,10825477388,0,1,-536870912,57069291980,9751735564,0,0,1073741824,586229523,10825477388,866038370,4565543363
1,2869,258057871000,12902894,-32768,-11456385938,-536870912,1,-536870912,9751735564,-10382644114,0,0,-1073741824,-591321921,-10919515026,-873561383,780138846
1,2871,258057911000,12902896,-32768,-65462619968,-536870912,1,-536870912,-10382644114,-64388878144,0,0,-1073741824,-3515908771,-64925749056,-5194060997,-830611530
1,2873,258057951000,12902898,0,-45293622066,-536870912,1,0,-64388878144,-44219880242,1,1,-1073741824,-2423701786,-44756751154,-3580540832,-5151110256
1,2875,258057991000,12902900,32768,38865495122,0,1,536870912,-44219880242,37791753298,0,0,1073741824,2104673988,38865495122,3109240252,-3537590423
1,2877,258058031000,12902902,-32768,-23008544927,536870912,1,0,37791753298,-21934803103,0,1,-1073741824,-1275049349,-23545415839,-1883633656,3023340267
1,2879,258058071000,12902904,-32768,-49495020370,0,1,-536870912,-21934803103,-48421278546,0,0,-1073741824,-2680292161,-49495020370,-3959602448,-1754784250
1,2881,258058111000,12902906,32768,28474498772,-536870912,1,536870912,-48421278546,27400756948,0,0,1073741824,1571045858,29011369684,2320910054,-3873702287
1,2883,258058151000,12902908,32768,3485376159,536870912,1,0,27400756948,2411634335,0,1,1073741824,159669709,2948505247,235880468,2192060558
1,2885,258058191000,12902910,32768,55634689669,0,1,536870912,2411634335,54560947845,0,0,1073741824,3012772224,55634689669,4450776093,192930747
1,2887,258058231000,12902912,32768,38463115160,536870912,1,-536870912,54560947845,37389373336,0,0,1073741824,2053810957,37926244248,3034100167,4364875832
1,2889,258058271000,12902914,-32768,-31519336713,-536870912,1,0,37389373336,-30445594889,0,1,-1073741824,-1677786161,-30982465801,-2478597776,2991149870
1,2891,258058311000,12902916,32768,25531336832,0,1,536870912,-30445594889,24457595008,0,0,1073741824,1382592460,25531336832,2042507369,-2435647593
1,2893,258058351000,12902918,32768,35929405379,536870912,1,536870912,24457595008,34855663555,0,0,1073741824,1916603569,35392534467,2831403342,1956607602
1,2895,258058391000,12902920,-32768,-12225899370,536870912,1,-536870912,34855663555,-11152157546,0,0,-1073741824,-691139288,-12762770282,-1021021833,2788453087
1,2897,258058431000,12902922,-32768,-20208017569,-536870912,1,0,-11152157546,-19134275745,0,1,-1073741824,-1065246964,-19671146657,-1573692058,-892172605
1,2899,258058471000,12902924,32768,51086619903,0,1,536870912,-19134275745,50012878079,0,0,1073741824,2766481675,51086619903,4086930437,-1530742061
1,2901,258058511000,12902926,32768,3595360775,536870912,1,-536870912,50012878079,2521618951,0,0,1073741824,165625680,3058489863,244679240,4001030250
1,2903,258058551000,12902928,32768,4918112025,-536870912,1,-302201703,2521618951,3844370201,0,0,1073741824,295402404,5454982937,436398725,201729516
1,2905,258058591000,12902930,32768,1235402470,-302201703,1,0,3844370201,161660646,0,1,1073741824,83265516,1537604173,123008359,307549616
1,2907,258058631000,12902932,-32768,-59463591379,0,1,-536870912,161660646,-58389849555,0,0,-1073741824,-3220117835,-59463591379,-4757088293,12932852
1,2909,258058671000,12902934,32768,4338788558,-536870912,1,0,-58389849555,3265046734,0,1,1073741824,264030437,4875659470,390052838,-4671187969
1,2911,258058711000,12902936,0,7328584732,0,1,0,3265046734,6254842908,1,1,1073741824,396863120,7328584732,586286900,261203739
1,2913,258058751000,12902938,-32768,-45297061746,0,1,-536870912,6254842908,-44223319922,0,0,-1073741824,-2452961098,-45297061746,-3623765688,500387433
1,2915,258058791000,12902940,0,26059564480,-536870912,1,0,-44223319922,24985822656,1,1,1073741824,1440270491,26596435392,2127715271,-3537865597
1,2917,258058831000,12902942,-32768,-24802317702,0,1,-536870912,24985822656,-23728575878,0,0,-1073741824,-1343114059,-24802317702,-1984185826,1998865814
1,2919,258058871000,12902944,32768,39419987135,-536870912,1,536870912,-23728575878,38346245311,0,0,1073741824,2163774307,39956858047,3196549304,-1898286072
1,2921,258058911000,12902946,-32768,-29103540495,536870912,1,-536870912,38346245311,-28029798671,0,0,-1073741824,-1605110206,-29640411407,-2371233402,3067699628
1,2923,258058951000,12902948,32768,33473022682,-536870912,1,0,-28029798671,32399280858,0,1,1073741824,1841729744,34009893594,2720792050,-2242383896
1,2925,258058991000,12902950,32768,33876440203,0,1,118173305,32399280858,32802698379,0,0,1073741824,1834502874,33876440203,2710115776,2591942471
1,2927,258059031000,12902952,-32768,-16334232352,118173305,1,-536870912,32802698379,-15260490528,0,0,-1073741824,-890943242,-16452405657,-1316192724,2624215873
1,2929,258059071000,12902954,-32768,-2947722274,-536870912,1,0,-15260490528,-1873980450,0,1,-1073741824,-130554265,-2410851362,-192868149,-1220839243
1,2931,258059111000,12902956,-32768,-21111567812,0,1,-536870912,-1873980450,-20037825988,0,0,-1073741824,-1143249751,-21111567812,-1688925774,-149918436
1,2933,258059151000,12902958,-32768,-1308627714,-536870912,1,0,-20037825988,-234885890,0,1,-1073741824,-41792764,-771756802,-61740557,-1603026081
1,2935,258059191000,12902960,-32768,-25274246447,0,1,0,-234885890,-24200504623,0,1,-1073741824,-1368670305,-25274246447,-2021940133,-18790871
1,2937,258059231000,12902962,32768,13256865264,0,1,0,-24200504623,12183123440,0,1,1073741824,717895897,13256865264,1060549440,-1936040372
1,2939,258059271000,12902964,-32768,-15165919654,0,1,-536870912,12183123440,-14092177830,0,0,-1073741824,-821276469,-15165919654,-1213273823,974649876
1,2941,258059311000,12902966,-32768,-9283484018,-536870912,1,-109225878,-14092177830,-8209742194,0,0,-1073741824,-473653276,-8746613106,-699729193,-1127374227
1,2943,258059351000,12902968,32768,36982298743,-109225878,1,536870912,-8209742194,35908556919,0,0,1073741824,2008608582,37091524621,2967322583,-656779376
1,2945,258059391000,12902970,-32768,-23931575614,536870912,1,0,35908556919,-22857833790,0,1,-1073741824,-1325034012,-24468446526,-1957476126,2872684556
1,2947,258059431000,12902972,32768,18907557453,0,1,536870912,-22857833790,17833815629,0,0,1073741824,1023896498,18907557453,1512604909,-1828626705
1,2949,258059471000,12902974,-32768,-47692884256,536870912,1,-536870912,17833815629,-46619142432,0,0,-1073741824,-2611774553,-48229755168,-3858381210,1426705252
1,2951,258059511000,12902976,-32768,-25553254898,-536870912,1,536870912,-46619142432,-24479513074,0,0,-1073741824,-1354706340,-25016383986,-2001311132,-3729531398
1,2953,258059551000,12902978,32768,31865713566,536870912,1,536870912,-24479513074,30791971742,0,0,1073741824,1696543425,31328842654,2506307930,-1958361048
1,2955,258059591000,12902980,-32768,-59040950998,536870912,1,-536870912,30791971742,-57967209174,0,0,-1073741824,-3226303734,-59577821910,-4766226737,2463357742
1,2957,258059631000,12902982,0,-42313257578,-536870912,1,0,-57967209174,-41239515754,1,1,-1073741824,-2262306811,-41776386666,-3342111624,-4637376738
1,2959,258059671000,12902984,-32768,-4729524381,0,1,536870912,-41239515754,-3655782557,0,0,-1073741824,-256116818,-4729524381,-378362029,-3299161263
1,2961,258059711000,12902986,32768,14279204451,536870912,1,536870912,-3655782557,13205462627,0,0,1073741824,744185346,13742333539,1099386910,-292462605
1,2963,258059751000,12902988,32768,1556116447,536870912,1,-438026439,13205462627,482374623,0,0,1073741824,55194963,1019245535,81539660,1056437011
1,2965,258059791000,12902990,32768,24624558993,-438026439,1,536870912,482374623,23550817169,0,0,1073741824,1357208276,25062585432,2005007249,38589970
1,2967,258059831000,12902992,32768,10583855240,536870912,1,-536870912,23550817169,9510113416,0,0,1073741824,544071972,10046984328,803758912,1884065375
1,2969,258059871000,12902994,0,-9132587104,-536870912,1,0,9510113416,-8058845280,1,1,-1073741824,-465481791,-8595716192,-687657437,760809074
1,2971,258059911000,12902996,-32768,-40480577870,0,1,-536870912,-8058845280,-39406836046,0,0,-1073741824,-2192135183,-40480577870,-3238446899,-644707623
1,2973,258059951000,12902998,-32768,-57705391779,-536870912,1,-536870912,-39406836046,-56631649955,0,0,-1073741824,-3095833423,-57168520867,-4573482614,-3152546887
1,2975,258059991000,12903000,32768,3308398384,-536870912,1,536870912,-56631649955,2234656560,0,0,1073741824,208231961,3845269296,307621607,-4530532001
1,2977,258060031000,12903002,0,935981269,536870912,0,0,2234656560,0,1,1,935981269,21612929,399110357,31928835,178772525
1,2979,258060071000,12903004,32768,49346812479,0,1,536870912,0,48273070655,0,0,1073741824,2672266294,49346812479,3947745814,0
1,2981,258060111000,12903006,32768,48073138709,536870912,1,477927465,48273070655,46999396885,0,0,1073741824,2574220295,47536267797,3802902209,3861845656
1,2983,258060151000,12903008,-10906,-357353795,477927465,0,0,46999396885,0,0,1,-357353795,-45232789,-835281260,-66822515,3759951754
1,2985,258060191000,12903010,32768,12762400864,0,1,0,0,11688659040,0,1,1073741824,691119283,12762400864,1020992280,0
1,2987,258060231000,12903012,32768,55963769048,0,1,536870912,11688659040,54890027224,0,0,1073741824,3030592782,55963769048,4477102449,935092724
1,2989,258060271000,12903014,32768,26439719953,536870912,1,-536870912,54890027224,25365978129,0,0,1073741824,1402710873,25902849041,2072228351,4391202182
1,2991,258060311000,12903016,32768,70657285506,-536870912,1,536870912,25365978129,69583543682,0,0,1073741824,3855360356,71194156418,5695533690,2029278252
1,2993,258060351000,12903018,32768,4278843302,536870912,1,-536870912,69583543682,3205101478,0,0,1073741824,202638148,3741972390,299357853,5566683500
1,2995,258060391000,12903020,32768,19810271673,-536870912,1,536870912,3205101478,18736529849,0,0,1073741824,1101854012,20347142585,1627771743,256408118
1,2997,258060431000,12903022,32768,19080577852,536870912,1,521445385,18736529849,18006836028,0,0,1073741824,1004192987,18543706940,1483496862,1498922389
1,2999,258060471000,12903024,32768,8720638512,521445385,1,0,18006836028,7646896688,0,1,1073741824,444008971,8199193127,655935586,1440546884
1,3001,258060511000,12903026,32768,12084195926,0,1,0,7646896688,11010454102,0,1,1073741824,654392611,12084195926,966735874,611751736
1,3003,258060551000,12903028,0,48205173062,0,1,0,11010454102,47131431238,1,1,1073741824,2610443364,48205173062,3856414642,880836329
1,3005,258060591000,12903030,32768,37336403220,0,1,0,47131431238,36262661396,0,1,1073741824,2021869435,37336403220,2986912875,3770514503
1,3007,258060631000,12903032,-32768,-7904565414,0,1,-536870912,36262661396,-6830823590,0,0,-1073741824,-428054066,-7904565414,-632365364,2901012914
1,3009,258060671000,12903034,32768,32456695797,-536870912,1,536870912,-6830823590,31382953973,0,0,1073741824,1786692834,32993566709,2639485882,-546465888
1,3011,258060711000,12903036,-32768,-25222465547,536870912,1,0,31382953973,-24148723723,0,1,-1073741824,-1394939270,-25759336459,-2060747342,2510636320
1,3013,258060751000,12903038,-32768,-2413875898,0,1,536870912,-24148723723,-1340134074,0,0,-1073741824,-130718052,-2413875898,-193110112,-1931897900
1,3015,258060791000,12903040,0,26565306064,536870912,1,0,-1340134074,25491564240,1,1,1073741824,1409511708,26028435152,2082275242,-107210726
1,3017,258060831000,12903042,-32768,-6792267159,0,1,0,25491564240,-5718525335,0,1,-1073741824,-367820041,-6792267159,-543381485,2039325141
1,3019,258060871000,12903044,32768,1321780970,0,1,536870912,-5718525335,248039146,0,0,1073741824,71578093,1321780970,105742499,-457482027
1,3021,258060911000,12903046,32768,39043253525,536870912,1,536870912,248039146,37969511701,0,0,1073741824,2085227053,38506382613,3080511245,19843132
1,3023,258060951000,12903048,32768,51063085183,536870912,1,536870912,37969511701,49989343359,0,0,1073741824,2736134161,50526214271,4042097977,3037560939
1,3025,258060991000,12903050,-32768,-12190477152,536870912,1,-536870912,49989343359,-11116735328,0,0,-1073741824,-689221077,-12727348064,-1018188055,3999147472
1,3027,258061031000,12903052,32768,11910787236,-536870912,1,536870912,-11116735328,10837045412,0,0,1073741824,674075095,12447658148,995812858,-889338827
1,3029,258061071000,12903054,-32768,-61694592811,536870912,1,-536870912,10837045412,-60620850987,0,0,-1073741824,-3370005773,-62231463723,-4978518126,866963634
1,3031,258061111000,12903056,-32768,-21390340800,-536870912,1,0,-60620850987,-20316598976,0,1,-1073741824,-1129273035,-20853469888,-1668277936,-4849668083
1,3033,258061151000,12903058,-32768,-3025400638,0,1,536870912,-20316598976,-1951658814,0,0,-1073741824,-163833807,-3025400638,-242032101,-1625327920
1,3035,258061191000,12903060,32768,32909145383,536870912,1,536870912,-1951658814,31835403559,0,0,1073741824,1753048142,32372274471,2589782493,-156132705
1,3037,258061231000,12903062,32768,60710534024,536870912,1,536870912,31835403559,59636792200,0,0,1073741824,3258570182,60173663112,4813894043,2546832287
1,3039,258061271000,12903064,0,17770085392,536870912,1,0,59636792200,16696343568,1,1,1073741824,933226198,17233214480,1378657443,4770943380
1,3041,258061311000,12903066,-32768,-12743268322,0,1,-536870912,16696343568,-11669526498,0,0,-1073741824,-690083203,-12743268322,-1019461676,1335707487
1,3043,258061351000,12903068,-32768,-18520234063,-536870912,1,-536870912,-11669526498,-17446492239,0,0,-1073741824,-973848822,-17983363151,-1438669349,-933562121
1,3045,258061391000,12903070,-32768,-8404401984,-536870912,1,229445852,-17446492239,-7330660160,0,0,-1073741824,-426048554,-7867531072,-629402616,-1395719380
1,3047,258061431000,12903072,-32768,-29669808760,229445852,1,0,-7330660160,-28596066936,0,1,-1073741824,-1619127281,-29899254612,-2391940863,-586452813
1,3049,258061471000,12903074,0,15654387758,0,1,0,-28596066936,14580645934,1,1,1073741824,847728367,15654387758,1252351279,-2287685357
1,3051,258061511000,12903076,32768,18454359608,0,1,309897398,14580645934,17380617784,0,0,1073741824,999354582,18454359608,1476349074,1166451676
1,3053,258061551000,12903078,-32768,-22650320907,309897398,1,-536870912,17380617784,-21576579083,0,0,-1073741824,-1243359285,-22960218305,-1836817844,1390449424
1,3055,258061591000,12903080,32768,8915515088,-536870912,1,536870912,-21576579083,7841773264,0,0,1073741824,511872829,9452386000,756191036,-1726126328
1,3057,258061631000,12903082,32768,57963124902,536870912,1,536870912,7841773264,56889383078,0,0,1073741824,3109790384,57426253990,4594101268,627341862
1,3059,258061671000,12903084,-32768,-1241233819,536870912,1,0,56889383078,-167491995,0,1,-1073741824,-96289286,-1778104731,-142248408,4551150650
1,3061,258061711000,12903086,32768,41355307439,0,1,536870912,-167491995,40281565615,0,0,1073741824,2239504207,41355307439,3308425279,-13399360
1,3063,258061751000,12903088,-32768,-51553867007,536870912,1,-536870912,40281565615,-50480125183,0,0,-1073741824,-2820857441,-52090737919,-4167259894,3222525252
1,3065,258061791000,12903090,-32768,-24350977727,-536870912,1,536870912,-50480125183,-23277235903,0,0,-1073741824,-1289599708,-23814106815,-1905128939,-4038410018
1,3067,258061831000,12903092,-32768,-5661639501,536870912,1,536870912,-23277235903,-4587897677,0,0,-1073741824,-335666472,-6198510413,-495880935,-1862178874
1,3069,258061871000,12903094,-32768,-12326863043,536870912,1,-125196202,-4587897677,-11253121219,0,0,-1073741824,-696606750,-12863733955,-1029098929,-367031815
1,3071,258061911000,12903096,32768,42104279524,-125196202,1,536870912,-11253121219,41030537700,0,0,1073741824,2286842836,42229475726,3378358756,-900249698
1,3073,258061951000,12903098,-32768,-26650760175,536870912,1,0,41030537700,-25577018351,0,1,-1073741824,-1472285372,-27187631087,-2175010936,3282443019
1,3075,258061991000,12903100,8107,265662358,0,0,0,-25577018351,0,0,1,265662358,14386351,265662358,21252993,-2046161470
1,3077,258062031000,12903102,-32768,-19880581193,0,1,-536870912,0,-18806839369,0,0,-1073741824,-1076588423,-19880581193,-1590446824,0
1,3079,258062071000,12903104,-32768,-27695736025,-536870912,1,-536870912,-18806839369,-26621994201,0,0,-1073741824,-1470727615,-27158865113,-2172709658,-1504547151
1,3081,258062111000,12903106,32768,34393616854,-536870912,1,536870912,-26621994201,33319875030,0,0,1073741824,1891582463,34930487766,2794439599,-2129759538
1,3083,258062151000,12903108,32768,23978166434,536870912,1,-253415064,33319875030,22904424610,0,0,1073741824,1269410946,23441295522,1875304029,2665590005
1,3085,258062191000,12903110,-32768,-52230177766,-253415064,1,-536870912,22904424610,-51156435942,0,0,-1073741824,-2814685368,-51976762702,-4158141875,1832353971
1,3087,258062231000,12903112,-32768,-12101609106,-536870912,1,536870912,-51156435942,-11027867282,0,0,-1073741824,-626262539,-11564738194,-925179247,-4092514879
1,3089,258062271000,12903114,32768,4870589274,536870912,1,0,-11027867282,3796847450,0,1,1073741824,234682828,4333718362,346697541,-882229383
1,3091,258062311000,12903116,-32768,-23682228653,0,1,0,3796847450,-22608486829,0,1,-1073741824,-1282458141,-23682228653,-1894578684,303747796
1,3093,258062351000,12903118,32768,19015414293,0,1,0,-22608486829,17941672469,0,1,1073741824,1029737244,19015414293,1521233458,-1808678948
1,3095,258062391000,12903120,0,-61174752362,0,1,0,17941672469,-60101010538,1,1,-1073741824,-3312781932,-61174752362,-4893981200,1435333799
1,3097,258062431000,12903122,-32768,-36336720269,0,1,536870912,-60101010538,-35262978445,0,0,-1073741824,-1967733840,-36336720269,-2906938222,-4808080848
1,3099,258062471000,12903124,32768,2681712085,536870912,1,536870912,-35262978445,1607970261,0,0,1073741824,116149078,2144841173,171587329,-2821038278
1,3101,258062511000,12903126,0,9301473460,536870912,1,0,1607970261,8227731636,1,1,1073741824,474627454,8764602548,701168349,128637621
1,3103,258062551000,12903128,0,-39722126132,0,1,0,8227731636,-38648384308,1,1,-1073741824,-2151062925,-39722126132,-3177770747,658218531
1,3105,258062591000,12903130,-32768,-11166826003,0,1,536870912,-38648384308,-10093084179,0,0,-1073741824,-604714494,-11166826003,-893346265,-3091870748
1,3107,258062631000,12903132,-32768,-77298433121,536870912,1,-536870912,-10093084179,-76224691297,0,0,-1073741824,-4214996856,-77835304033,-6226825609,-807446735
1,3109,258062671000,12903134,32768,21476287998,-536870912,1,0,-76224691297,20402546174,0,1,1073741824,1192073401,22013158910,1761053077,-6097975309
1,3111,258062711000,12903136,-32768,-5741095257,0,1,-536870912,20402546174,-4667353433,0,0,-1073741824,-310896177,-5741095257,-459287715,1632203695
1,3113,258062751000,12903138,32768,40162473483,-536870912,1,536870912,-4667353433,39088731659,0,0,1073741824,2203981995,40699344395,3255948224,-373388275
1,3115,258062791000,12903140,-32768,-18203478733,536870912,1,-536870912,39088731659,-17129736909,0,0,-1073741824,-1014841733,-18740349645,-1499228281,3127098536
1,3117,258062831000,12903142,-32768,-24647372367,-536870912,1,0,-17129736909,-23573630543,0,1,-1073741824,-1305650297,-24110501455,-1928840515,-1370378954
1,3119,258062871000,12903144,32768,2251228854,0,1,536870912,-23573630543,1177487030,0,0,1073741824,121910265,2251228854,180098346,-1885890445
1,3121,258062911000,12903146,32768,35154124288,536870912,1,536870912,1177487030,34080382464,0,0,1073741824,1874619955,34617253376,2769380842,94198962
1,3123,258062951000,12903148,32768,50210485250,536870912,1,536870912,34080382464,49136743426,0,0,1073741824,2689963518,49673614338,3973889968,2726430600
1,3125,258062991000,12903150,32768,15999861792,536870912,1,-536870912,49136743426,14926119968,0,0,1073741824,837363697,15462990880,1237039526,3930939478
1,3127,258063031000,12903152,32768,16269667915,-536870912,1,-386437127,14926119968,15195926091,0,0,1073741824,910120532,16806538827,1344523384,1194089599
1,3129,258063071000,12903154,-32768,-16088368091,-386437127,1,-536870912,15195926091,-15014626267,0,0,-1073741824,-850302963,-15701930964,-1256154737,1215674088
1,3131,258063111000,12903156,-32768,-56960382347,-536870912,1,-536870912,-15014626267,-55886640523,0,0,-1073741824,-3055489103,-56423511435,-4513881847,-1201170102
1,3133,258063151000,12903158,32768,19427144858,-536870912,1,536870912,-55886640523,18353403034,0,0,1073741824,1081106636,19964015770,1597121592,-4470931246
1,3135,258063191000,12903160,32768,15889708615,536870912,1,0,18353403034,14815966791,0,1,1073741824,831398598,15352837703,1228227270,1468272244
1,3137,258063231000,12903162,32768,13803105968,0,1,-81028638,14815966791,12729364144,0,0,1073741824,747476341,13803105968,1104248706,1185277344
1,3139,258063271000,12903164,32768,32441561355,-81028638,1,536870912,12729364144,31367819531,0,0,1073741824,1761188143,32522589993,2601807737,1018349132
1,3141,258063311000,12903166,0,23569356166,536870912,1,0,31367819531,22495614342,1,1,1073741824,1247272740,23032485254,1842599201,2509425565
1,3143,258063351000,12903168,32768,54441343140,0,1,536870912,22495614342,53367601316,0,0,1073741824,2948149211,54441343140,4355308351,1799649149
1,3145,258063391000,12903170,32768,66060407718,536870912,1,536870912,53367601316,64986665894,0,0,1073741824,3548280630,65523536806,5241884027,4269408109
1,3147,258063431000,12903172,32768,16497111904,536870912,1,-536870912,64986665894,15423370080,0,0,1073741824,864291165,15960240992,1276819543,5198933276
1,3149,258063471000,12903174,-32768,-23178894250,-536870912,1,-536870912,15423370080,-22105152426,0,0,-1073741824,-1226128148,-22642023338,-1811362241,1233869608
1,3151,258063511000,12903176,-32768,-73763503638,-536870912,1,-536870912,-22105152426,-72689761814,0,0,-1073741824,-3965424566,-73226632726,-5858131828,-1768412196
1,3153,258063551000,12903178,32768,13411337086,-536870912,1,536870912,-72689761814,12337595262,0,0,1073741824,755334017,13948207998,1115856870,-5815180951
1,3155,258063591000,12903180,32768,13628319966,536870912,1,536870912,12337595262,12554578142,0,0,1073741824,708938152,13091449054,1047316141,987007622
1,3157,258063631000,12903182,0,-16933990293,536870912,1,0,12554578142,-15860248469,1,1,-1073741824,-946095425,-17470861205,-1397669185,1004366252
1,3159,258063671000,12903184,-32768,-39307711681,0,1,-536870912,-15860248469,-38233969857,0,0,-1073741824,-2128621237,-39307711681,-3144617584,-1268819879
1,3161,258063711000,12903186,-32768,-44218454067,-536870912,1,-536870912,-38233969857,-43144712243,0,0,-1073741824,-2365478467,-43681583155,-3494527374,-3058717591
1,3163,258063751000,12903188,0,656883666,-536870912,0,0,-43144712243,0,1,1,656883666,64645110,1193754578,95500386,-3451576983
1,3165,258063791000,12903190,32768,43109184358,0,1,536870912,0,42035442534,0,0,1073741824,2334481490,43109184358,3448735461,0
1,3167,258063831000,12903192,-32768,-54462944645,536870912,1,-536870912,42035442534,-53389202821,0,0,-1073741824,-2978392036,-54999815557,-4399986153,3362835406
1,3169,258063871000,12903194,-32768,-5589083642,-536870912,1,0,-53389202821,-4515341818,0,1,-1073741824,-273591284,-5052212730,-404177102,-4271136230
1,3171,258063911000,12903196,-32768,-5136280645,0,1,-49675190,-4515341818,-4062538821,0,0,-1073741824,-278143794,-5136280645,-410902536,-361227346
1,3173,258063951000,12903198,32768,37297630392,-49675190,1,536870912,-4062538821,36223888568,0,0,1073741824,2022459828,37347305582,2987785064,-325003106
1,3175,258063991000,12903200,-32768,-19562842770,536870912,1,-536870912,36223888568,-18489100946,0,0,-1073741824,-1088455053,-20099713682,-1607977427,2897911088
1,3177,258064031000,12903202,32768,66910449172,-536870912,1,536870912,-18489100946,65836707348,0,0,1073741824,3652458812,67447320084,5395786721,-1479128077
1,3179,258064071000,12903204,-32768,-14513869026,536870912,1,0,65836707348,-13440127202,0,1,-1073741824,-815039169,-15050739938,-1204059444,5266936593
1,3181,258064111000,12903206,-32768,-20530160667,0,1,0,-13440127202,-19456418843,0,1,-1073741824,-1111764947,-20530160667,-1642413193,-1075210177
1,3183,258064151000,12903208,32768,6908682694,0,1,536870912,-19456418843,5834940870,0,0,1073741824,374124264,6908682694,552694730,-1556513509
1,3185,258064191000,12903210,23200,760203815,536870912,0,87942278,5834940870,0,0,0,760203815,12094094,223332903,17866636,466795270
1,3187,258064231000,12903212,0,3613587151,87942278,1,0,0,2539845327,1,1,1073741824,190923415,3525644873,282051648,0
1,3189,258064271000,12903214,-32768,-35334919661,0,1,-536870912,2539845327,-34261177837,0,0,-1073741824,-1913483568,-35334919661,-2826794157,203187626
1,3191,258064311000,12903216,32768,4130167961,-536870912,1,0,-34261177837,3056426137,0,1,1073741824,252733055,4667038873,373363187,-2740894230
1,3193,258064351000,12903218,32768,20503229022,0,1,536870912,3056426137,19429487198,0,0,1073741824,1110306524,20503229022,1640258661,244514091
1,3195,258064391000,12903220,-32768,-25754998180,536870912,1,-536870912,19429487198,-24681256356,0,0,-1073741824,-1423777384,-26291869092,-2103349962,1554358977
1,3197,258064431000,12903222,-32768,-14199772495,-536870912,1,344597246,-24681256356,-13126030671,0,0,-1073741824,-739883886,-13662901583,-1093032352,-1974500510
1,3199,258064471000,12903224,32768,47590130410,344597246,1,536870912,-13126030671,46516388586,0,0,1073741824,2558476211,47245533164,3779643434,-1050082455
1,3201,258064511000,12903226,-32768,-29683638917,536870912,1,-536870912,46516388586,-28609897093,0,0,-1073741824,-1636524139,-30220509829,-2417641286,3721311090
1,3203,258064551000,12903228,32768,31393105416,-536870912,1,536870912,-28609897093,30319363592,0,0,1073741824,1729096475,31929976328,2554398634,-2288791770
1,3205,258064591000,12903230,32768,68988650287,536870912,1,536870912,30319363592,67914908463,0,0,1073741824,3706853059,68451779375,5476143481,2425549090
1,3207,258064631000,12903232,-32768,-11920564577,536870912,1,-536870912,67914908463,-10846822753,0,0,-1073741824,-674604565,-12457435489,-996595045,5433192682
1,3209,258064671000,12903234,-32768,-34026711144,-536870912,1,-536870912,-10846822753,-32952969320,0,0,-1073741824,-1813567417,-33489840232,-2679187772,-867745821
1,3211,258064711000,12903236,-32768,-19626580083,-536870912,1,536870912,-32952969320,-18552838259,0,0,-1073741824,-1033760517,-19089709171,-1527177049,-2636237548
1,3213,258064751000,12903238,32768,43135076570,536870912,1,536870912,-18552838259,42061334746,0,0,1073741824,2306810581,42598205658,3407857157,-1484227062
1,3215,258064791000,12903240,32768,39218540293,536870912,1,266498319,42061334746,38144798469,0,0,1073741824,2094719316,38681669381,3094534190,3364906783
1,3217,258064831000,12903242,-32768,-61483862981,266498319,1,-536870912,38144798469,-60410121157,0,0,-1073741824,-3343952747,-61750361300,-4940029924,3051583880
1,3219,258064871000,12903244,-32768,-17886321749,-536870912,1,536870912,-60410121157,-16812579925,0,0,-1073741824,-939520718,-17349450837,-1387956354,-4832809697
1,3221,258064911000,12903246,32768,66092982011,536870912,1,536870912,-16812579925,65019240187,0,0,1073741824,3550044618,65556111099,5244489971,-1345006395
1,3223,258064951000,12903248,32768,30082748991,536870912,1,-536870912,65019240187,29009007167,0,0,1073741824,1599990965,29545878079,2363670735,5201539220
1,3225,258064991000,12903250,0,-64300922978,-536870912,1,0,29009007167,-63227181154,1,1,-1073741824,-3452999668,-63764052066,-5101125219,2320720576
1,3227,258065031000,12903252,-32768,-9383646757,0,1,0,-63227181154,-8309904933,0,1,-1073741824,-508150409,-9383646757,-750691896,-5058174497
1,3229,258065071000,12903254,24099,789659821,0,0,0,-8309904933,0,0,1,789659821,42762262,789659821,63172799,-664792395
1,3231,258065111000,12903256,32768,14058130458,0,1,536870912,0,12984388634,0,0,1073741824,761286622,14058130458,1124650669,0
1,3233,258065151000,12903258,0,14523642260,536870912,1,0,12984388634,13449900436,1,1,1073741824,757422329,13986771348,1118941939,1038751092
1,3235,258065191000,12903260,32768,10726030682,0,1,0,13449900436,9652288858,0,1,1073741824,580844209,10726030682,858082632,1075992036
1,3237,258065231000,12903262,0,-3828774903,0,1,0,9652288858,-2755033079,1,1,-1073741824,-207338744,-3828774903,-306302055,772183109
1,3239,258065271000,12903264,-32768,-43230165588,0,1,-536870912,-2755033079,-42156423764,0,0,-1073741824,-2341032958,-43230165588,-3458413961,-220402647
1,3241,258065311000,12903266,32768,15742420534,-536870912,1,0,-42156423764,14668678710,0,1,1073741824,881568629,16279291446,1302343585,-3372513904
1,3243,258065351000,12903268,32768,16475245839,0,1,144525641,14668678710,15401504015,0,0,1073741824,892180101,16475245839,1318019939,1173494298
1,3245,258065391000,12903270,-32768,-29951231923,144525641,1,-536870912,15401504015,-28877490099,0,0,-1073741824,-1629768459,-30095757564,-2407661102,1232120322
1,3247,258065431000,12903272,32768,17436560041,-536870912,1,0,-28877490099,16362818217,0,1,1073741824,973310966,17973430953,1437874773,-2310199210
1,3249,258065471000,12903274,32768,42336006429,0,1,536870912,16362818217,41262264605,0,0,1073741824,2292611768,42336006429,3386881214,1309025459
1,3251,258065511000,12903276,32768,15935898316,536870912,1,0,41262264605,14862156492,0,1,1073741824,833899898,15399027404,1231922447,3300981171
1,3253,258065551000,12903278,-32768,-27789800885,0,1,-536870912,14862156492,-26716059061,0,0,-1073741824,-1504894531,-27789800885,-2223184530,1188972520
1,3255,258065591000,12903280,-32768,-19972030538,-536870912,1,45600724,-26716059061,-18898288714,0,0,-1073741824,-1052467614,-19435159626,-1554813091,-2137284727
1,3257,258065631000,12903282,-32768,-36150602378,45600724,1,-536870912,-18898288714,-35076860554,0,0,-1073741824,-1960124447,-36196203102,-2895696846,-1511863099
1,3259,258065671000,12903284,-32768,-2276650360,-536870912,1,536870912,-35076860554,-1202908536,0,0,-1073741824,-94213866,-1739779448,-139182385,-2806148847
1,3261,258065711000,12903286,-32768,-8843041077,536870912,1,0,-1202908536,-7769299253,0,1,-1073741824,-507948161,-9379911989,-750393114,-96232683
1,3263,258065751000,12903288,-32768,-8795679152,0,1,0,-7769299253,-7721937328,0,1,-1073741824,-476310338,-8795679152,-703654478,-621543941
1,3265,258065791000,12903290,-32768,-18241576896,0,1,0,-7721937328,-17167835072,0,1,-1073741824,-987831810,-18241576896,-1459326453,-617754987
1,3267,258065831000,12903292,32768,5687969216,0,1,0,-17167835072,4614227392,0,1,1073741824,308019255,5687969216,455037631,-1373426807
1,3269,258065871000,12903294,-32768,-35276553647,0,1,-536870912,4614227392,-34202811823,0,0,-1073741824,-1910322887,-35276553647,-2822124875,369138192
1,3271,258065911000,12903296,-32768,-27708767770,-536870912,1,25601838,-34202811823,-26635025946,0,0,-1073741824,-1471433320,-27171896858,-2173752198,-2736224948
1,3273,258065951000,12903298,-32768,-12484623957,25601838,1,536870912,-26635025946,-11410882133,0,0,-1073741824,-677463306,-12510225795,-1000818270,-2130802078
1,3275,258065991000,12903300,-32768,-42751914860,536870912,1,-536870912,-11410882133,-41678173036,0,0,-1073741824,-2344207403,-43288785772,-3463103577,-912870571
1,3277,258066031000,12903302,-32768,-47632574789,-536870912,1,-536870912,-41678173036,-46558832965,0,0,-1073741824,-2550362541,-47095703877,-3767657088,-3334253846
1,3279,258066071000,12903304,0,27541963419,-536870912,1,0,-46558832965,26468221595,1,1,1073741824,1520546491,28078834331,2246307210,-3724706641
1,3281,258066111000,12903306,32768,1434843564,0,1,0,26468221595,361101740,0,1,1073741824,77700745,1434843564,114787509,2117457730
1,3283,258066151000,12903308,32768,49047293455,0,1,536870912,361101740,47973551631,0,0,1073741824,2656046511,49047293455,3923784287,28888139
1,3285,258066191000,12903310,32768,26454553342,536870912,1,-536870912,47973551631,25380811518,0,0,1073741824,1403514142,25917682430,2073415023,3837884134
1,3287,258066231000,12903312,0,-37800178473,-536870912,1,0,25380811518,-36726436649,1,1,-1073741824,-2017911103,-37263307561,-2981065221,2030464923
1,3289,258066271000,12903314,32768,63181681258,0,1,536870912,-36726436649,62107939434,0,0,1073741824,3421462679,63181681258,5054535545,-2938114935
1,3291,258066311000,12903316,32768,5304774959,536870912,1,0,62107939434,4231033135,0,1,1073741824,258195183,4767904047,381432403,4968635159
1,3293,258066351000,12903318,-32768,-41509192050,0,1,-536870912,4231033135,-40435450226,0,0,-1073741824,-2247837484,-41509192050,-3320736050,338482651
1,3295,258066391000,12903320,-32768,-40618635529,-536870912,1,-508576723,-40435450226,-39544893705,0,0,-1073741824,-2170538343,-40081764617,-3206541832,-3234836021
1,3297,258066431000,12903322,-32768,-53495881527,-508576723,1,-536870912,-39544893705,-52422139703,0,0,-1073741824,-2869409016,-52987304804,-4238985260,-3163591499
1,3299,258066471000,12903324,0,30426905871,-536870912,1,0,-52422139703,29353164047,1,1,1073741824,1676774099,30963776783,2477102654,-4193771180
1,3301,258066511000,12903326,32768,2585740311,0,1,0,29353164047,1511998487,0,1,1073741824,140024985,2585740311,206859268,2348253126
1,3303,258066551000,12903328,-32768,-43208827342,0,1,-536870912,1511998487,-42135085518,0,0,-1073741824,-2339877433,-43208827342,-3456706901,120959879
1,3305,258066591000,12903330,32768,14556513035,-536870912,1,536870912,-42135085518,13482771211,0,0,1073741824,817348460,15093383947,1207470965,-3370806845
1,3307,258066631000,12903332,32768,35166003257,536870912,1,536870912,13482771211,34092261433,0,0,1073741824,1875263234,34629132345,2770331160,1078621698
1,3309,258066671000,12903334,32768,11724407603,536870912,1,-536870912,34092261433,10650665779,0,0,1073741824,605836035,11187536691,895003120,2727380917
1,3311,258066711000,12903336,32768,11285603729,-536870912,1,-443126008,10650665779,10211861905,0,0,1073741824,640219680,11822474641,945798167,852053263
1,3313,258066751000,12903338,-32768,-43169616106,-443126008,1,-536870912,10211861905,-42095874282,0,0,-1073741824,-2313757538,-42726490098,-3418119914,816948953
1,3315,258066791000,12903340,-32768,-19636614289,-536870912,1,536870912,-42095874282,-18562872465,0,0,-1073741824,-1034303897,-19099743377,-1527979786,-3367669946
1,3317,258066831000,12903342,32768,46935584587,536870912,1,536870912,-18562872465,45861842763,0,0,1073741824,2512618595,46398713675,3711897861,-1485029799
1,3319,258066871000,12903344,-32768,-27230042535,536870912,1,-536870912,45861842763,-26156300711,0,0,-1073741824,-1503655113,-27766913447,-2221353535,3668947424
1,3321,258066911000,12903346,32768,6771083996,-536870912,1,0,-26156300711,5697342172,0,1,1073741824,395745958,7307954908,584636513,-2092504059
1,3323,258066951000,12903348,-32768,-41175367668,0,1,-536870912,5697342172,-40101625844,0,0,-1073741824,-2229759971,-41175367668,-3294030094,455787374
1,3325,258066991000,12903350,0,-28130416755,-536870912,1,0,-40101625844,-27056674931,1,1,-1073741824,-1494266778,-27593545843,-2207484123,-3208130071
1,3327,258067031000,12903352,32768,70463386259,0,1,536870912,-27056674931,69389644435,0,0,1073741824,3815787132,70463386259,5637072065,-2164533996
1,3329,258067071000,12903354,32768,6222990379,536870912,1,0,69389644435,5149248555,0,1,1073741824,307919086,5686119467,454889651,5551171560
1,3331,258067111000,12903356,-32768,-48207581637,0,1,-536870912,5149248555,-47133839813,0,0,-1073741824,-2610573795,-48207581637,-3856607328,411939885
1,3333,258067151000,12903358,-32768,-48880015361,-536870912,1,-536870912,-47133839813,-47806273537,0,0,-1073741824,-2617914896,-48343144449,-3867452355,-3770707189
1,3335,258067191000,12903360,-32768,-28302747607,-536870912,1,536870912,-47806273537,-27229005783,0,0,-1073741824,-1503598970,-27765876695,-2221270594,-3824501887
1,3337,258067231000,12903362,-32768,-13812922848,536870912,1,0,-27229005783,-12739181024,0,1,-1073741824,-777080996,-14349793760,-1147983738,-2178320465
1,3339,258067271000,12903364,32768,3363336962,0,1,536870912,-12739181024,2289595138,0,0,1073741824,182133993,3363336962,269067013,-1019134483
1,3341,258067311000,12903366,-32768,-9498263624,536870912,1,-449107628,2289595138,-8424521800,0,0,-1073741824,-543430273,-10035134536,-802810929,183167611
1,3343,258067351000,12903368,32768,17605804318,-449107628,1,536870912,-8424521800,16532062494,0,0,1073741824,977723387,18054911946,1444393254,-673961745
1,3345,258067391000,12903370,32768,1485821679,536870912,1,0,16532062494,412079855,0,1,1073741824,51388307,948950767,75916077,1322565001
1,3347,258067431000,12903372,32768,1646038157,0,1,98716692,412079855,572296333,0,0,1073741824,89137516,1646038157,131683080,32966388
1,3349,258067471000,12903374,0,10441189391,98716692,1,0,572296333,9367447567,1,1,1073741824,560073484,10342472699,827397987,45783707
1,3351,258067511000,12903376,32768,71202788553,0,1,536870912,9367447567,70129046729,0,0,1073741824,3855827810,71202788553,5696224261,749395806
1,3353,258067551000,12903378,32768,23782510844,536870912,1,-536870912,70129046729,22708769020,0,0,1073741824,1258815655,23245639932,1859651579,5610323744
1,3355,258067591000,12903380,-32768,-6007397894,-536870912,1,-536870912,22708769020,-4933656070,0,0,-1073741824,-296244157,-5470526982,-437642249,1816701523
1,3357,258067631000,12903382,32768,31684948506,-536870912,1,536870912,-4933656070,30611206682,0,0,1073741824,1744900585,32221819418,2577746086,-394692486
1,3359,258067671000,12903384,-32768,-26116539909,536870912,1,-536870912,30611206682,-25042798085,0,0,-1073741824,-1443355868,-26653410821,-2132273306,2448896537
1,3361,258067711000,12903386,32768,15351270713,-536870912,1,536870912,-25042798085,14277528889,0,0,1073741824,860386785,15888141625,1271051593,-2003423849
1,3363,258067751000,12903388,32768,5045069453,536870912,1,0,14277528889,3971327629,0,1,1073741824,244131412,4508198541,360655958,1142202312
1,3365,258067791000,12903390,32768,15390663251,0,1,0,3971327629,14316921427,0,1,1073741824,833446956,15390663251,1231253314,317706211
1,3367,258067831000,12903392,32768,18534992556,0,1,337445996,14316921427,17461250732,0,0,1073741824,1003721079,18534992556,1482799711,1145353715
1,3369,258067871000,12903394,32768,45722874884,337445996,1,536870912,17461250732,44649133060,0,0,1073741824,2457746423,45385428888,3630835061,1396900060
1,3371,258067911000,12903396,0,30456030011,536870912,1,0,44649133060,29382288187,1,1,1073741824,1620205164,29919159099,2393533222,3571930648
1,3373,258067951000,12903398,32768,3006039965,0,1,0,29382288187,1932298141,0,1,1073741824,162785373,3006039965,240483247,2350583057
1,3375,258067991000,12903400,32768,24121711206,0,1,536870912,1932298141,23047969382,0,0,1073741824,1306257336,24121711206,1929737295,154583851
1,3377,258068031000,12903402,32768,28158498756,536870912,1,536870912,23047969382,27084756932,0,0,1073741824,1495787496,27621627844,2209730684,1843837552
1,3379,258068071000,12903404,32768,63366156972,536870912,1,536870912,27084756932,62292415148,0,0,1073741824,3402379505,62829286060,5026343923,2166780557
1,3381,258068111000,12903406,-32768,-23249901453,536870912,1,-536870912,62292415148,-22176159629,0,0,-1073741824,-1288119472,-23786772365,-1902942182,4983393216
1,3383,258068151000,12903408,-32768,-35350284617,-536870912,1,-536870912,-22176159629,-34276542793,0,0,-1073741824,-1885242579,-34813413705,-2785073672,-1774092772
1,3385,258068191000,12903410,-32768,-24381963292,-536870912,1,0,-34276542793,-23308221468,0,1,-1073741824,-1291277662,-23845092380,-1907607784,-2742123426
1,3387,258068231000,12903412,32768,11941883541,0,1,536870912,-23308221468,10868141717,0,0,1073741824,646686002,11941883541,955350881,-1864657719
1,3389,258068271000,12903414,-32768,-16017381790,536870912,1,-536870912,10868141717,-14943639966,0,0,-1073741824,-896458541,-16554252702,-1324340490,869451338
1,3391,258068311000,12903416,-32768,-35667579741,-536870912,1,-536870912,-14943639966,-34593837917,0,0,-1073741824,-1902424987,-35130708829,-2810457287,-1195491198
1,3393,258068351000,12903418,32768,1414801746,-536870912,1,0,-34593837917,341059922,0,1,1073741824,105688469,1951672658,156133845,-2767507036
1,3395,258068391000,12903420,-32768,-1775980666,0,1,0,341059922,-702238842,0,1,-1073741824,-96174262,-1775980666,-142078483,27284794
1,3397,258068431000,12903422,-32768,-40227851490,0,1,-536870912,-702238842,-39154109666,0,0,-1073741824,-2178449351,-40227851490,-3218228784,-56179107
1,3399,258068471000,12903424,32768,3312183934,-536870912,1,536870912,-39154109666,2238442110,0,0,1073741824,208436959,3849054846,307924451,-3132328776
1,3401,258068511000,12903426,-32768,-13194339576,536870912,1,0,2238442110,-12120597752,0,1,-1073741824,-743583002,-13731210488,-1098497066,179075369
1,3403,258068551000,12903428,-32768,-7630703346,0,1,0,-12120597752,-6556961522,0,1,-1073741824,-413223678,-7630703346,-610456394,-969647821
1,3405,258068591000,12903430,32768,21859338156,0,1,536870912,-6556961522,20785596332,0,0,1073741824,1183743582,21859338156,1748747414,-524556922
1,3407,258068631000,12903432,-32768,-40029206472,536870912,1,-536870912,20785596332,-38955464648,0,0,-1073741824,-2196765218,-40566077384,-3245286861,1662847708
1,3409,258068671000,12903434,-27596,-904257053,-536870912,0,0,-38955464648,0,0,1,-904257053,-19894975,-367386141,-29390897,-3116437175
1,3411,258068711000,12903436,0,1994272441,0,1,0,0,920530617,1,1,1073741824,107995365,1994272441,159541828,0
1,3413,258068751000,12903438,-32768,-37596397650,0,1,-536870912,920530617,-36522655826,0,0,-1073741824,-2035948852,-37596397650,-3007712433,73642449
1,3415,258068791000,12903440,-32768,-10912709978,-536870912,1,536870912,-36522655826,-9838968154,0,0,-1073741824,-561880365,-10375839066,-830067297,-2921812469
1,3417,258068831000,12903442,0,10724391612,536870912,1,0,-9838968154,9650649788,1,1,1073741824,551682405,10187520700,815001824,-787117453
1,3419,258068871000,12903444,32768,34114539166,0,1,536870912,9650649788,33040797342,0,0,1073741824,1847396591,34114539166,2729163697,772051984
1,3421,258068911000,12903446,-32768,-36658878768,536870912,1,-536870912,33040797342,-35585136944,0,0,-1073741824,-2014252657,-37195749680,-2975660589,2643263790
1,3423,258068951000,12903448,32768,34138096563,-536870912,1,0,-35585136944,33064354739,0,1,1073741824,1877745333,34674967475,2773997971,-2846810958
1,3425,258068991000,12903450,-32768,-55648920041,0,1,-536870912,33064354739,-54575178217,0,0,-1073741824,-3013542838,-55648920041,-4451914523,2645148382
1,3427,258069031000,12903452,32768,28434777531,-536870912,1,0,-54575178217,27361035707,0,1,1073741824,1568894843,28971648443,2317732354,-4366014261
1,3429,258069071000,12903454,-32768,-11516131441,0,1,-536870912,27361035707,-10442389617,0,0,-1073741824,-623630349,-11516131441,-921290706,2188882859
1,3431,258069111000,12903456,32768,27782168203,-536870912,1,536870912,-10442389617,26708426379,0,0,1073741824,1533554244,28319039115,2265523597,-835391170
1,3433,258069151000,12903458,-32768,-24204503935,536870912,1,-536870912,26708426379,-23130762111,0,0,-1073741824,-1339813835,-24741374847,-1979310397,2136674112
1,3435,258069191000,12903460,-32768,-34230736685,-536870912,1,-536870912,-23130762111,-33156994861,0,0,-1073741824,-1824615964,-33693865773,-2695509819,-1850460971
1,3437,258069231000,12903462,-32768,-51722265404,-536870912,1,-536870912,-33156994861,-50648523580,0,0,-1073741824,-2771830592,-51185394492,-4094832405,-2652559591
1,3439,258069271000,12903464,32768,21908433326,-536870912,1,536870912,-50648523580,20834691502,0,0,1073741824,1215475265,22445304238,1795624710,-4051881890
1,3441,258069311000,12903466,0,-4375413411,536870912,1,0,20834691502,-3301671587,1,1,-1073741824,-266013774,-4912284323,-392982827,1666775322
1,3443,258069351000,12903468,-32768,-33965011674,0,1,-536870912,-3301671587,-32891269850,0,0,-1073741824,-1839299264,-33965011674,-2717201495,-264133727
1,3445,258069391000,12903470,-32768,-48841118307,-536870912,1,-536870912,-32891269850,-47767376483,0,0,-1073741824,-2615808513,-48304247395,-3864340590,-2631301590
1,3447,258069431000,12903472,32768,6019191111,-536870912,1,0,-47767376483,4945449287,0,1,1073741824,355028880,6556062023,524485070,-3821390122
1,3449,258069471000,12903474,32768,1933807033,0,1,0,4945449287,860065209,0,1,1073741824,104720996,1933807033,154704595,395635943
1,3451,258069511000,12903476,23509,770342876,0,0,-7177774,860065209,0,0,0,770342876,41716196,770342876,61627443,68805217
1,3453,258069551000,12903478,32768,54732358308,-7177774,1,536870912,0,53658616484,0,0,1073741824,2964297183,54739536082,4379163791,0
1,3455,258069591000,12903480,32768,19753184996,536870912,1,-536870912,53658616484,18679443172,0,0,1073741824,1040616523,19216314084,1537305444,4292689323
1,3457,258069631000,12903482,32768,12712597499,-536870912,1,0,18679443172,11638855675,0,1,1073741824,717495337,13249468411,1059957692,1494355455
1,3459,258069671000,12903484,-32768,-2399570460,0,1,0,11638855675,-1325828636,0,1,-1073741824,-129943373,-2399570460,-191965676,931108455
1,3461,258069711000,12903486,32768,8770917018,0,1,0,-1325828636,7697175194,0,1,1073741824,474969400,8770917018,701673506,-106066291
1,3463,258069751000,12903488,0,-6934219008,0,1,0,7697175194,-5860477184,1,1,-1073741824,-375507126,-6934219008,-554737635,615774016
1,3465,258069791000,12903490,32768,76880196055,0,1,536870912,-5860477184,75806454231,0,0,1073741824,4163275119,76880196055,6150416955,-468838175
1,3467,258069831000,12903492,32768,7179228807,536870912,1,0,75806454231,6105486983,0,1,1073741824,359702040,6642357895,531388741,6064516344
1,3469,258069871000,12903494,-32768,-18745414003,0,1,-536870912,6105486983,-17671672179,0,0,-1073741824,-1015115982,-18745414003,-1499633430,488438959
1,3471,258069911000,12903496,-32768,-38290330037,-536870912,1,-536870912,-17671672179,-37216588213,0,0,-1073741824,-2044454165,-37753459125,-3020277354,-1413733776
1,3473,258069951000,12903498,0,-49554717523,-536870912,1,0,-37216588213,-48480975699,1,1,-1073741824,-2654451883,-49017846611,-3921428539,-2977327060
1,3475,258069991000,12903500,-32768,-40536295487,0,1,536870912,-48480975699,-39462553663,0,0,-1073741824,-2195152446,-40536295487,-3242904309,-3878478060
1,3477,258070031000,12903502,-32768,-9905020017,536870912,1,0,-39462553663,-8831278193,0,1,-1073741824,-565457256,-10441890929,-835351447,-3157004296
1,3479,258070071000,12903504,-32768,-21926093825,0,1,-536870912,-8831278193,-20852352001,0,0,-1073741824,-1187358586,-21926093825,-1754087868,-706502256
1,3481,258070111000,12903506,-32768,-23197021266,-536870912,1,-536870912,-20852352001,-22123279442,0,0,-1073741824,-1227109776,-22660150354,-1812812403,-1668188162
1,3483,258070151000,12903508,32768,52788228357,-536870912,1,536870912,-22123279442,51714486533,0,0,1073741824,2887701520,53325099269,4266008823,-1769862357
1,3485,258070191000,12903510,-32768,-11502584306,536870912,1,-536870912,51714486533,-10428842482,0,0,-1073741824,-651969778,-12039455218,-963156616,4137158926
1,3487,258070231000,12903512,-32768,-65696841955,-536870912,1,-536870912,-10428842482,-64623100131,0,0,-1073741824,-3528592539,-65159971043,-5212798760,-834307399
1,3489,258070271000,12903514,24078,788986747,-536870912,0,0,-64623100131,0,0,1,788986747,71798857,1325857659,106068635,-5169848015
1,3491,258070311000,12903516,-32768,-5774708352,0,1,0,0,-4700966528,0,1,-1073741824,-312716419,-5774708352,-461976764,0
1,3493,258070351000,12903518,32768,7661359657,0,1,0,-4700966528,6587617833,0,1,1073741824,414883802,7661359657,612908899,-376077323
1,3495,258070391000,12903520,32768,26277119909,0,1,536870912,6587617833,25203378085,0,0,1073741824,1422978675,26277119909,2102170027,527009427
1,3497,258070431000,12903522,32768,23882773575,536870912,1,388273262,25203378085,22809031751,0,0,1073741824,1264245159,23345902663,1867672599,2016270249
1,3499,258070471000,12903524,32768,56305888729,388273262,1,536870912,22809031751,55232146905,0,0,1073741824,3028093438,55917615467,4473410161,1824722542
1,3501,258070511000,12903526,32768,60929493890,536870912,1,536870912,55232146905,59855752066,0,0,1073741824,3270427464,60392622978,4831410836,4418571757
1,3503,258070551000,12903528,32768,25977741725,536870912,1,-536870912,59855752066,24903999901,0,0,1073741824,1377693475,25440870813,2035270085,4788460170
1,3505,258070591000,12903530,0,-4750979091,-536870912,1,0,24903999901,-3677237267,1,1,-1073741824,-228205606,-4214108179,-337128724,1992319994
1,3507,258070631000,12903532,32768,12894989701,0,1,536870912,-3677237267,11821247877,0,0,1073741824,698299335,12894989701,1031599389,-294178982
1,3509,258070671000,12903534,0,-39942418104,536870912,1,0,11821247877,-38868676280,1,1,-1073741824,-2192065388,-40479289016,-3238343790,945699831
1,3511,258070711000,12903536,32768,17844771574,0,1,536870912,-38868676280,16771029750,0,0,1073741824,966343705,17844771574,1427582021,-3109494105
1,3513,258070751000,12903538,32768,40974008469,536870912,1,536870912,16771029750,39900266645,0,0,1073741824,2189782770,40437137557,3234971673,1341682381
1,3515,258070791000,12903540,32768,23638268253,536870912,1,-536870912,39900266645,22564526429,0,0,1073741824,1251004520,23101397341,1848112169,3192021335
1,3517,258070831000,12903542,-32768,-53572227907,-536870912,1,-536870912,22564526429,-52498486083,0,0,-1073741824,-2872011175,-53035356995,-4242829436,1805162116
1,3519,258070871000,12903544,-32768,-50550310729,-536870912,1,-338068033,-52498486083,-49476568905,0,0,-1073741824,-2708366007,-50013439817,-4001076012,-4199878891
1,3521,258070911000,12903546,-32768,-8995959057,-338068033,1,0,-49476568905,-7922217233,0,1,-1073741824,-468848730,-8657891024,-692631425,-3958125516
1,3523,258070951000,12903548,-32768,-4371097008,0,1,284089546,-7922217233,-3297355184,0,0,-1073741824,-236706985,-4371097008,-349687833,-633777379
1,3525,258070991000,12903550,-32768,-22168350616,284089546,1,0,-3297355184,-21094608792,0,1,-1073741824,-1215861695,-22452440162,-1796195584,-263788415
1,3527,258071031000,12903552,-32768,-8693723636,0,1,0,-21094608792,-7619981812,0,1,-1073741824,-470789165,-8693723636,-695498035,-1687568705
1,3529,258071071000,12903554,-32768,-13993307912,0,1,-509866318,-7619981812,-12919566088,0,0,-1073741824,-757776302,-13993307912,-1119464864,-609598546
1,3531,258071111000,12903556,-32768,-37348009893,-509866318,1,-536870912,-12919566088,-36274268069,0,0,-1073741824,-1994887298,-36838143575,-2947052095,-1033565288
1,3533,258071151000,12903558,32768,40027232094,-536870912,1,536870912,-36274268069,38953490270,0,0,1073741824,2196658300,40564103006,3245128911,-2901941448
1,3535,258071191000,12903560,0,52572023229,536870912,1,0,38953490270,51498281405,1,1,1073741824,2817847327,52035152317,4162813045,3116279225
1,3537,258071231000,12903562,32768,43336045280,0,1,-536870912,51498281405,42262303456,0,0,1073741824,2346766636,43336045280,3466884339,4119862516
1,3539,258071271000,12903564,32768,4143250599,-536870912,1,-536870912,42262303456,3069508775,0,0,1073741824,253441516,4680121511,374409798,3380984280
1,3541,258071311000,12903566,-32768,-28491229897,-536870912,1,-536870912,3069508775,-27417488073,0,0,-1073741824,-1513805807,-27954358985,-2236349181,245560702
1,3543,258071351000,12903568,32768,66690266875,-536870912,1,536870912,-27417488073,65616525051,0,0,1073741824,3640535332,67227137787,5378172134,-2193399048
1,3545,258071391000,12903570,32768,12513581244,536870912,1,0,65616525051,11439839420,0,1,1073741824,648571969,11976710332,958137024,5249322009
1,3547,258071431000,12903572,-32768,-34939664841,0,1,-536870912,11439839420,-33865923017,0,0,-1073741824,-1892079427,-34939664841,-2795173765,915187154
1,3549,258071471000,12903574,-32768,-21913500799,-536870912,1,462272188,-33865923017,-20839758975,0,0,-1073741824,-1157603595,-21376629887,-1710130744,-2709273844
1,3551,258071511000,12903576,32768,44904483257,462272188,1,536870912,-20839758975,43830741433,0,0,1073741824,2406668571,44442211069,3555377620,-1667180720
1,3553,258071551000,12903578,32768,12378467494,536870912,1,-536870912,43830741433,11304725670,0,0,1073741824,641255186,11841596582,947327922,3506459318
1,3555,258071591000,12903580,0,33782627875,-536870912,1,0,11304725670,32708886051,1,1,1073741824,1858495721,34319498787,2745560470,904378054
1,3557,258071631000,12903582,-32768,-35385722589,0,1,-536870912,32708886051,-34311980765,0,0,-1073741824,-1916234687,-35385722589,-2830858392,2616710887
1,3559,258071671000,12903584,-32768,-2809244116,-536870912,1,0,-34311980765,-1735502292,0,1,-1073741824,-123055290,-2272373204,-181789894,-2744958464
1,3561,258071711000,12903586,-32768,-17354202764,0,1,-536870912,-1735502292,-16280460940,0,0,-1073741824,-939778048,-17354202764,-1388336508,-138840183
1,3563,258071751000,12903588,-32768,-13295293622,-536870912,1,0,-16280460940,-12221551798,0,1,-1073741824,-690903855,-12758422710,-1020674028,-1302436876
1,3565,258071791000,12903590,-32768,-33971252925,0,1,-536870912,-12221551798,-32897511101,0,0,-1073741824,-1839637245,-33971252925,-2717700795,-977724145
1,3567,258071831000,12903592,32768,57451042349,-536870912,1,536870912,-32897511101,56377300525,0,0,1073741824,3140205786,57987913261,4639034019,-2631800891
1,3569,258071871000,12903594,-32768,-52889497703,536870912,1,-536870912,56377300525,-51815755879,0,0,-1073741824,-2893185535,-53426368615,-4274110372,4510184046
1,3571,258071911000,12903596,32768,22795995648,-536870912,1,536870912,-51815755879,21722253824,0,0,1073741824,1263539218,23332866560,1866629710,-4145260474
1,3573,258071951000,12903598,-32768,-3137611737,536870912,1,-536870912,21722253824,-2063869913,0,0,-1073741824,-198983392,-3674482649,-293958673,1737780308
1,3575,258071991000,12903600,-32768,-57293664005,-536870912,1,-536870912,-2063869913,-56219922181,0,0,-1073741824,-3073537226,-56756793093,-4540544385,-165109593
1,3577,258072031000,12903602,32768,23320319429,-536870912,1,536870912,-56219922181,22246577605,0,0,1073741824,1291932800,23857190341,1908575622,-4497593779
1,3579,258072071000,12903604,-32768,-4220454599,536870912,1,-536870912,22246577605,-3146712775,0,0,-1073741824,-257622326,-4757325511,-380586119,1779726210
1,3581,258072111000,12903606,32768,62089293088,-536870912,1,536870912,-3146712775,61015551264,0,0,1073741824,3391379884,62626164000,5010094155,-251737022
1,3583,258072151000,12903608,0,-10071459592,536870912,1,0,61015551264,-8997717768,1,1,-1073741824,-574470419,-10608330504,-848666616,4881244106
1,3585,258072191000,12903610,-32768,-8104259967,0,1,0,-8997717768,-7030518143,0,1,-1073741824,-438868078,-8104259967,-648340931,-719817422
1,3587,258072231000,12903612,32768,53592169164,0,1,536870912,-7030518143,52518427340,0,0,1073741824,2902164093,53592169164,4287374419,-562441452
1,3589,258072271000,12903614,-32768,-21786330362,536870912,1,0,52518427340,-20712588538,0,1,-1073741824,-1208863052,-22323201274,-1785856471,4201474191
1,3591,258072311000,12903616,32768,23806893148,0,1,0,-20712588538,22733151324,0,1,1073741824,1289209068,23806893148,1904551845,-1657007085
1,3593,258072351000,12903618,-32768,-38401264211,0,1,-536870912,22733151324,-37327522387,0,0,-1073741824,-2079534601,-38401264211,-3072101772,1818652108
1,3595,258072391000,12903620,32768,34658086678,-536870912,1,536870912,-37327522387,33584344854,0,0,1073741824,1905904235,35194957590,2815597189,-2986201794
1,3597,258072431000,12903622,0,74499353907,536870912,1,0,33584344854,73425612083,1,1,1073741824,4005272892,73962482995,5916999862,2686747591
1,3599,258072471000,12903624,32768,18857444000,0,1,-536870912,73425612083,17783702176,0,0,1073741824,1021182716,18857444000,1508595832,5874048972
1,3601,258072511000,12903626,0,16621537285,-536870912,1,0,17783702176,15547795461,1,1,1073741824,929175231,17158408197,1372672939,1422696175
1,3603,258072551000,12903628,32768,46839630965,0,1,536870912,15547795461,45765889141,0,0,1073741824,2536495485,46839630965,3747171251,1243823638
1,3605,258072591000,12903630,32768,9042994207,536870912,1,0,45765889141,7969252383,0,1,1073741824,460630088,8506123295,680490004,3661271135
1,3607,258072631000,12903632,-32768,-17230017026,0,1,-536870912,7969252383,-16156275202,0,0,-1073741824,-933053047,-17230017026,-1378401647,637540191
1,3609,258072671000,12903634,32768,12743494426,-536870912,1,536870912,-16156275202,11669752602,0,0,1073741824,719168491,13280365338,1062429447,-1292502017
1,3611,258072711000,12903636,-32768,-15504501525,536870912,1,0,11669752602,-14430759701,0,1,-1073741824,-868684657,-16041372437,-1283310060,933580209
1,3613,258072751000,12903638,32768,58492724298,0,1,536870912,-14430759701,57418982474,0,0,1073741824,3167542699,58492724298,4679418910,-1154460777
1,3615,258072791000,12903640,-32768,-43653179160,536870912,1,-536870912,57418982474,-42579437336,0,0,-1073741824,-2393013356,-44190050072,-3535204736,4593518602
1,3617,258072831000,12903642,32768,32111788380,-536870912,1,536870912,-42579437336,31038046556,0,0,1073741824,1768015144,32648659292,2611893283,-3406354990
1,3619,258072871000,12903644,32768,16162599117,536870912,1,-536870912,31038046556,15088857293,0,0,1073741824,846176373,15625728205,1250058515,2483043727
1,3621,258072911000,12903646,32768,25426538159,-536870912,1,333093658,15088857293,24352796335,0,0,1073741824,1405990366,25963409071,2077073155,1207108585
1,3623,258072951000,12903648,-32768,-26342186149,333093658,1,-536870912,24352796335,-25268444325,0,0,-1073741824,-1444540134,-26675279807,-2134022825,1948223709
1,3625,258072991000,12903650,32768,32554680805,-536870912,1,536870912,-25268444325,31480938981,0,0,1073741824,1791998993,33091551717,2647324684,-2021475548
1,3627,258073031000,12903652,32768,26953942625,536870912,1,131761965,31480938981,25880200801,0,0,1073741824,1430557452,26417071713,2113366174,2518475121
1,3629,258073071000,12903654,-32768,-68502926836,131761965,1,-536870912,25880200801,-67429185012,0,0,-1073741824,-3716758110,-68634688801,-5490776238,2070416066
1,3631,258073111000,12903656,32768,19733935883,-536870912,1,536870912,-67429185012,18660194059,0,0,1073741824,1097720218,20270806795,1621664879,-5394334806
1,3633,258073151000,12903658,32768,4106824123,536870912,1,0,18660194059,3033082299,0,1,1073741824,193322834,3569953211,285596316,1492815526
1,3635,258073191000,12903660,32768,53196737530,0,1,536870912,3033082299,52122995706,0,0,1073741824,2880750377,53196737530,4255739882,242646584
1,3637,258073231000,12903662,-32768,-41959634526,536870912,1,-536870912,52122995706,-40885892702,0,0,-1073741824,-2301303233,-42496505438,-3399721137,4169839660
1,3639,258073271000,12903664,0,-42814443223,-536870912,1,0,-40885892702,-41740701399,1,1,-1073741824,-2289447399,-42277572311,-3382206484,-3270871419
1,3641,258073311000,12903666,32573,1067353643,0,0,536870912,-41740701399,0,0,0,1067353643,57800150,1067353643,85388309,-3339256115
1,3643,258073351000,12903668,-32768,-10599745109,536870912,1,-354058554,0,-9526003285,0,0,-1073741824,-603078540,-11136616021,-890929466,0
1,3645,258073391000,12903670,-32768,-32213969299,-354058554,1,-536870912,-9526003285,-31140227475,0,0,-1073741824,-1725302230,-31859910745,-2548793386,-762080264
1,3647,258073431000,12903672,0,52844743718,-536870912,1,0,-31140227475,51771001894,1,1,1073741824,2890761983,53381614630,4270530053,-2491218200
1,3649,258073471000,12903674,32768,10837724870,0,1,-536870912,51771001894,9763983046,0,0,1073741824,586892758,10837724870,867018169,4141680155
1,3651,258073511000,12903676,-32768,-18614619661,-536870912,1,0,9763983046,-17540877837,0,1,-1073741824,-978960063,-18077748749,-1446220199,781118644
1,3653,258073551000,12903678,32768,40172646220,0,1,536870912,-17540877837,39098904396,0,0,1073741824,2175459833,40172646220,3213812361,-1403270228
1,3655,258073591000,12903680,-32768,-20757041203,536870912,1,0,39098904396,-19683299379,0,1,-1073741824,-1153124199,-21293912115,-1703513321,3127912355
1,3657,258073631000,12903682,-32768,-13511037756,0,1,0,-19683299379,-12437295932,0,1,-1073741824,-731660040,-13511037756,-1080883244,-1574663952
1,3659,258073671000,12903684,0,-30252597480,0,1,0,-12437295932,-29178855656,1,1,-1073741824,-1638261774,-30252597480,-2420208298,-994983675
1,3661,258073711000,12903686,-32768,-60819510828,0,1,-536870912,-29178855656,-59745769004,0,0,-1073741824,-3293544621,-60819510828,-4865561871,-2334308455
1,3663,258073751000,12903688,32768,8434985341,-536870912,1,0,-59745769004,7361243517,0,1,1073741824,485850815,8971856253,717748649,-4779661525
1,3665,258073791000,12903690,32768,65875488093,0,1,536870912,7361243517,64801746269,0,0,1073741824,3567339765,65875488093,5270040136,588899482
1,3667,258073831000,12903692,32768,48542142765,536870912,1,-536870912,64801746269,47468400941,0,0,1073741824,2599618161,48005271853,3840422542,5184139706
1,3669,258073871000,12903694,-32768,-58774495951,-536870912,1,-536870912,47468400941,-57700754127,0,0,-1073741824,-3153728369,-58237625039,-4659010966,3797472079
1,3671,258073911000,12903696,32768,38287159254,-536870912,1,536870912,-57700754127,37213417430,0,0,1073741824,2102428546,38824030166,3105923055,-4616060334
1,3673,258073951000,12903698,32768,39658265825,536870912,1,536870912,37213417430,38584524001,0,0,1073741824,2118531669,39121394913,3129712240,2977073397
1,3675,258073991000,12903700,-32768,-35631682041,536870912,1,-536870912,38584524001,-34557940217,0,0,-1073741824,-1958627115,-36168552953,-2893484834,3086761923
1,3677,258074031000,12903702,-32768,-26831128340,-536870912,1,124223279,-34557940217,-25757386516,0,0,-1073741824,-1423906719,-26294257428,-2103541029,-2764635220
1,3679,258074071000,12903704,-32768,-12645393523,124223279,1,536870912,-25757386516,-11571651699,0,0,-1073741824,-691510046,-12769616802,-1021569555,-2060590923
1,3681,258074111000,12903706,32768,12929951920,536870912,1,536870912,-11571651699,11856210096,0,0,1073741824,671119592,12393081008,991446685,-925732137
1,3683,258074151000,12903708,32768,33037938772,536870912,1,536870912,11856210096,31964196948,0,0,1073741824,1760022660,32501067860,2600085966,948496809
1,3685,258074191000,12903710,-32768,-54043398858,536870912,1,-536870912,31964196948,-52969657034,0,0,-1073741824,-2955672472,-54580269770,-4366422484,2557135758
1,3687,258074231000,12903712,32768,58869728566,-536870912,1,536870912,-52969657034,57795986742,0,0,1073741824,3217031566,59406599478,4752528940,-4237572567
1,3689,258074271000,12903714,-32768,-23269336952,536870912,1,0,57795986742,-22195595128,0,1,-1073741824,-1289171958,-23806207864,-1904497023,4623678944
1,3691,258074311000,12903716,-32768,-25147367882,0,1,0,-22195595128,-24073626058,0,1,-1073741824,-1361799480,-25147367882,-2011789846,-1775647612
1,3693,258074351000,12903718,0,22558091907,0,1,0,-24073626058,21484350083,1,1,1073741824,1221583029,22558091907,1804647725,-1925890086
1,3695,258074391000,12903720,-32768,-51099223470,0,1,-536870912,21484350083,-50025481646,0,0,-1073741824,-2767164193,-51099223470,-4087938722,1718748008
1,3697,258074431000,12903722,-32768,-18103011371,-536870912,1,536870912,-50025481646,-17029269547,0,0,-1073741824,-951255060,-17566140459,-1405291527,-4002038535
1,3699,258074471000,12903724,-32768,-2181946853,536870912,1,536870912,-17029269547,-1108205029,0,0,-1073741824,-147231497,-2718817765,-217505466,-1362341565
1,3701,258074511000,12903726,-32768,-32286552589,536870912,1,-536870912,-1108205029,-31212810765,0,0,-1073741824,-1777479109,-32823423501,-2625874423,-88656402
1,3703,258074551000,12903728,-32768,-4903557822,-536870912,1,536870912,-31212810765,-3829815998,0,0,-1073741824,-236468166,-4366686910,-349335025,-2497024864
1,3705,258074591000,12903730,32768,13137838059,536870912,1,0,-3829815998,12064096235,0,1,1073741824,682377201,12600967147,1008077580,-306385280
1,3707,258074631000,12903732,32768,52441501122,0,1,536870912,12064096235,51367759298,0,0,1073741824,2839852238,52441501122,4195320956,965127700
1,3709,258074671000,12903734,32768,13716657432,536870912,1,0,51367759298,12642915608,0,1,1073741824,713721870,13179786520,1054383139,4109420748
1,3711,258074711000,12903736,32768,22608384520,0,1,536870912,12642915608,21534642696,0,0,1073741824,1224306513,22608384520,1808671135,1011433250
1,3713,258074751000,12903738,32768,17062976371,536870912,1,136188205,21534642696,15989234547,0,0,1073741824,894934290,16526105459,1322088710,1722771417
1,3715,258074791000,12903740,32768,5053738150,136188205,1,0,15989234547,3979996326,0,1,1073741824,266298922,4917549945,393404077,1279138765
1,3717,258074831000,12903742,32768,25940916276,0,1,0,3979996326,24867174452,0,1,1073741824,1404772319,25940916276,2075273731,318399706
1,3719,258074871000,12903744,-32768,-54208333483,0,1,-536870912,24867174452,-53134591659,0,0,-1073741824,-2935531094,-54208333483,-4336667574,1989373958
1,3721,258074911000,12903746,0,3009134325,-536870912,1,0,-53134591659,1935392501,1,1,1073741824,192025985,3546005237,283680478,-4250767337
1,3723,258074951000,12903748,-32768,-43599417100,0,1,-536870912,1935392501,-42525675276,0,0,-1073741824,-2361028948,-43599417100,-3487954089,154831400
1,3725,258074991000,12903750,0,29685830587,-536870912,1,0,-42525675276,28612088763,1,1,1073741824,1636642824,30222701499,2417816619,-3402054025
1,3727,258075031000,12903752,32768,1782841627,0,1,-536870912,28612088763,709099803,0,0,1073741824,96545802,1782841627,142627360,2288967103
1,3729,258075071000,12903754,-32768,-8384988257,-536870912,1,-536870912,709099803,-7311246433,0,0,-1073741824,-424997247,-7848117345,-627849517,56727984
1,3731,258075111000,12903756,32768,2700490486,-536870912,1,0,-7311246433,1626748662,0,1,1073741824,175312068,3237361398,258988965,-584899715
1,3733,258075151000,12903758,32768,5166953761,0,1,0,1626748662,4093211937,0,1,1073741824,279804828,5166953761,413356386,130139893
1,3735,258075191000,12903760,32768,6501978505,0,1,0,4093211937,5428236681,0,1,1073741824,352100108,6501978505,520158388,327456955
1,3737,258075231000,12903762,-32768,-27598842137,0,1,0,5428236681,-26525100313,0,1,-1073741824,-1494553587,-27598842137,-2207907827,434258935
1,3739,258075271000,12903764,0,-29925746722,0,1,0,-26525100313,-28852004898,1,1,-1073741824,-1620561902,-29925746722,-2394060232,-2122008027
1,3741,258075311000,12903766,32768,8342027923,0,1,536870912,-28852004898,7268286099,0,0,1073741824,451743870,8342027923,667362372,-2308160394
1,3743,258075351000,12903768,-32768,-39376974169,536870912,1,-536870912,7268286099,-38303232345,0,0,-1073741824,-2161445036,-39913845081,-3193108266,581462888
1,3745,258075391000,12903770,-32768,-22603321876,-536870912,1,0,-38303232345,-21529580052,0,1,-1073741824,-1194959313,-22066450964,-1765316442,-3064258590
1,3747,258075431000,12903772,32768,2107817522,0,1,536870912,-21529580052,1034075698,0,0,1073741824,114144145,2107817522,168625437,-1722366406
1,3749,258075471000,12903774,32768,4345520323,536870912,1,536870912,1034075698,3271778499,0,0,1073741824,206248893,3808649411,304692016,82726056
1,3751,258075511000,12903776,32768,11761263524,536870912,1,0,3271778499,10687521700,0,1,1073741824,607831885,11224392612,897951594,261742280
1,3753,258075551000,12903778,32768,65403828789,0,1,536870912,10687521700,64330086965,0,0,1073741824,3541798110,65403828789,5232307384,855001737
1,3755,258075591000,12903780,1861,60991713,536870912,0,-536870912,64330086965,0,0,0,60991713,-25770174,-475879199,-38070344,5146406962
1,3757,258075631000,12903782,32768,3802671880,-536870912,1,-189707417,0,2728930056,0,0,1073741824,234998237,4339542792,347163495,0
1,3759,258075671000,12903784,32768,8266800461,-189707417,1,268498948,2728930056,7193058637,0,0,1073741824,457943276,8456507878,676520770,218314405
1,3761,258075711000,12903786,32768,24739561148,268498948,1,536870912,7193058637,23665819324,0,0,1073741824,1325175658,24471062200,1957685380,575444691
1,3763,258075751000,12903788,32768,10579411220,536870912,1,-536870912,23665819324,9505669396,0,0,1073741824,543831316,10042540308,803403391,1893265548
1,3765,258075791000,12903790,-32768,-23593870205,-536870912,1,-536870912,9505669396,-22520128381,0,0,-1073741824,-1248600243,-23056999293,-1844560324,760453552
1,3767,258075831000,12903792,32768,23630152884,-536870912,1,536870912,-22520128381,22556411060,0,0,1073741824,1308711138,24167023796,1933362303,-1801610272
1,3769,258075871000,12903794,-32768,-5639613091,536870912,1,0,22556411060,-4565871267,0,1,-1073741824,-334473681,-6176484003,-494118822,1804512886
1,3771,258075911000,12903796,32768,9385995705,0,1,0,-4565871267,8312253881,0,1,1073741824,508277611,9385995705,750879811,-365269702
1,3773,258075951000,12903798,0,-8094460283,0,1,0,8312253881,-7020718459,1,1,-1073741824,-438337398,-8094460283,-647556956,664980311
1,3775,258075991000,12903800,32768,46697036231,0,1,536870912,-7020718459,45623294407,0,0,1073741824,2528773586,46697036231,3735763670,-561657477
1,3777,258076031000,12903802,-32768,-27860987559,536870912,1,-536870912,45623294407,-26787245735,0,0,-1073741824,-1537822530,-28397858471,-2271829147,3649863556
1,3779,258076071000,12903804,-32768,-14793427714,-536870912,1,465583969,-26787245735,-13719685890,0,0,-1073741824,-772031957,-14256556802,-1140524780,-2142979661
1,3781,258076111000,12903806,-32768,-19251448102,465583969,1,-14204051,-13719685890,-18177706278,0,0,-1073741824,-1067731786,-19717032071,-1577362892,-1097574872
1,3783,258076151000,12903808,0,-4410169355,-14204051,1,0,-18177706278,-3336427531,1,1,-1073741824,-238053672,-4395965304,-351677297,-1454216504
1,3785,258076191000,12903810,0,-25282112361,0,1,0,-3336427531,-24208370537,1,1,-1073741824,-1369096266,-25282112361,-2022569407,-266914203
1,3787,258076231000,12903812,-32768,-50735142572,0,1,-536870912,-24208370537,-49661400748,0,0,-1073741824,-2747448206,-50735142572,-4058812244,-1936669645
1,3789,258076271000,12903814,32768,17124443914,-536870912,1,0,-49661400748,16050702090,0,1,1073741824,956409015,17661314826,1412905478,-3972912064
1,3791,258076311000,12903816,32768,23096221908,0,1,0,16050702090,22022480084,0,1,1073741824,1250724256,23096221908,1847698134,1284056168
1,3793,258076351000,12903818,-32768,-43634179333,0,1,-536870912,22022480084,-42560437509,0,0,-1073741824,-2362911419,-43634179333,-3490735068,1761798408
1,3795,258076391000,12903820,32768,62573992225,-536870912,1,536870912,-42560437509,61500250401,0,0,1073741824,3417627682,63110863137,5048870094,-3404835004
1,3797,258076431000,12903822,-32768,-41831457412,536870912,1,-536870912,61500250401,-40757715588,0,0,-1073741824,-2294362088,-42368328324,-3389466966,4920020037
1,3799,258076471000,12903824,32768,8007641467,-536870912,1,0,-40757715588,6933899643,0,1,1073741824,462708963,8544512379,683561132,-3260617250
1,3801,258076511000,12903826,32768,26313367662,0,1,536870912,6933899643,25239625838,0,0,1073741824,1424941591,26313367662,2105069848,554711972
1,3803,258076551000,12903828,-32768,-63547734395,536870912,1,-536870912,25239625838,-62473992571,0,0,-1073741824,-3470358512,-64084605307,-5126769484,2019170069
1,3805,258076591000,12903830,-32768,-23280246528,-536870912,1,0,-62473992571,-22206504704,0,1,-1073741824,-1231616654,-22743375616,-1819470425,-4997919410
1,3807,258076631000,12903832,-32768,-41974931692,0,1,-536870912,-22206504704,-40901189868,0,0,-1073741824,-2273058573,-41974931692,-3357995229,-1776520378
1,3809,258076671000,12903834,32768,24117850907,-536870912,1,0,-40901189868,23044109083,0,1,1073741824,1335121334,24654721819,1972378153,-3272095192
1,3811,258076711000,12903836,-32768,-17468619805,0,1,-536870912,23044109083,-16394877981,0,0,-1073741824,-945974047,-17468619805,-1397489873,1843528728
1,3813,258076751000,12903838,-32768,-19494813457,-536870912,1,-536870912,-16394877981,-18421071633,0,0,-1073741824,-1026624990,-18957942545,-1516635717,-1311590240
1,3815,258076791000,12903840,-32768,-32600527545,-536870912,1,-536870912,-18421071633,-31526785721,0,0,-1073741824,-1736335633,-32063656633,-2565093060,-1473685732
1,3817,258076831000,12903842,-32768,-59002301829,-536870912,1,-536870912,-31526785721,-57928560005,0,0,-1073741824,-3166064687,-58465430917,-4677235440,-2522142860
1,3819,258076871000,12903844,32768,9449561013,-536870912,1,0,-57928560005,8375819189,0,1,1073741824,540792892,9986431925,798914719,-4634284805
1,3821,258076911000,12903846,-32768,-27730093332,0,1,-536870912,8375819189,-26656351508,0,0,-1073741824,-1501661202,-27730093332,-2218407925,670065536
1,3823,258076951000,12903848,32768,4264029198,-536870912,1,536870912,-26656351508,3190287374,0,0,1073741824,259982011,4800900110,384072088,-2132508123
1,3825,258076991000,12903850,-32768,-13329712961,536870912,1,-536870912,3190287374,-12255971137,0,0,-1073741824,-750913845,-13866583873,-1109326939,255222990
1,3827,258077031000,12903852,-32768,-8752812787,-536870912,1,-213668706,-12255971137,-7679070963,0,0,-1073741824,-444915962,-8215941875,-657275486,-980477692
1,3829,258077071000,12903854,-32768,-12552275357,-213668706,1,0,-7679070963,-11478533533,0,1,-1073741824,-668169655,-12338606651,-987088736,-614325678
1,3831,258077111000,12903856,0,45159265659,0,1,0,-11478533533,44085523835,1,1,1073741824,2445499059,45159265659,3612741999,-918282683
1,3833,258077151000,12903858,32768,26139616642,0,1,-536870912,44085523835,25065874818,0,0,1073741824,1415532493,26139616642,2091169763,3526841910
1,3835,258077191000,12903860,32768,47113815624,-536870912,1,536870912,25065874818,46040073800,0,0,1073741824,2580416386,47650686536,3812055710,2005269987
1,3837,258077231000,12903862,32768,29509957453,536870912,1,-536870912,46040073800,28436215629,0,0,1073741824,1568972720,28973086541,2317847402,3683205907
1,3839,258077271000,12903864,-32768,-56284383464,-536870912,1,-536870912,28436215629,-55210641640,0,0,-1073741824,-3018881895,-55747512552,-4459801925,2274897252
1,3841,258077311000,12903866,32768,49847177319,-536870912,1,536870912,-55210641640,48773435495,0,0,1073741824,2728435477,50384048231,4030724691,-4416851335
1,3843,258077351000,12903868,32768,54302993450,536870912,1,536870912,48773435495,53229251626,0,0,1073741824,2911584149,53766122538,4301290692,3901874843
1,3845,258077391000,12903870,0,7798396482,536870912,1,0,53229251626,6724654658,1,1,1073741824,393231681,7261525570,580922166,4258340134
1,3847,258077431000,12903872,-5416,-177456260,0,0,0,6724654658,0,0,1,-177456260,-9609747,-177456260,-14196504,537972373
1,3849,258077471000,12903874,-32768,-4048158866,0,1,0,0,-2974417042,0,1,-1073741824,-219218992,-4048158866,-323852776,0
1,3851,258077511000,12903876,32768,22388781435,0,1,536870912,-2974417042,21315039611,0,0,1073741824,1212414399,22388781435,1791102885,-237953364
1,3853,258077551000,12903878,-32768,-45806234650,536870912,1,-536870912,21315039611,-44732492826,0,0,-1073741824,-2509607262,-46343105562,-3707449211,1705203170
1,3855,258077591000,12903880,32768,17804442777,-536870912,1,0,-44732492826,16730700953,0,1,1073741824,993232833,18341313689,1467305398,-3578599429
1,3857,258077631000,12903882,32768,4257117562,0,1,0,16730700953,3183375738,0,1,1073741824,230534683,4257117562,340569475,1338456077
1,3859,258077671000,12903884,32768,13934364845,0,1,536870912,3183375738,12860623021,0,0,1073741824,754584372,13934364845,1114749418,254670059
1,3861,258077711000,12903886,32768,13851022411,536870912,1,0,12860623021,12777280587,0,1,1073741824,720998105,13314151499,1065132340,1028849843
1,3863,258077751000,12903888,-32768,-13619678785,0,1,-536870912,12777280587,-12545936961,0,0,-1073741824,-737543252,-13619678785,-1089574528,1022182448
1,3865,258077791000,12903890,-32768,-5658714418,-536870912,1,57056481,-12545936961,-4584972594,0,0,-1073741824,-277361983,-5121843506,-409747565,-1003674958
1,3867,258077831000,12903892,0,23552207333,57056481,1,0,-4584972594,22478465509,1,1,1073741824,1272327361,23495150852,1879612456,-366797808
1,3869,258077871000,12903894,32768,10246279806,0,1,0,22478465509,9172537982,0,1,1073741824,554864373,10246279806,819702554,1798277242
1,3871,258077911000,12903896,-32768,-15153555003,0,1,0,9172537982,-14079813179,0,1,-1073741824,-820606889,-15153555003,-1212284651,733803039
1,3873,258077951000,12903898,-32768,-9503855081,0,1,0,-14079813179,-8430113257,0,1,-1073741824,-514660022,-9503855081,-760308564,-1126385055
1,3875,258077991000,12903900,-32768,-20141038756,0,1,-536870912,-8430113257,-19067296932,0,0,-1073741824,-1090692920,-20141038756,-1611283433,-674409061
1,3877,258078031000,12903902,0,-2416146453,-536870912,1,0,-19067296932,-1342404629,1,1,-1073741824,-101767965,-1879275541,-150342074,-1525383756
1,3879,258078071000,12903904,-32768,-1572075599,0,1,-18373704,-1342404629,-498333775,0,0,-1073741824,-85132239,-1572075599,-125766074,-107392370
1,3881,258078111000,12903906,-32768,-50778918562,-18373704,1,-536870912,-498333775,-49705176738,0,0,-1073741824,-2748823810,-50760544858,-4060844428,-39866702
1,3883,258078151000,12903908,-32768,-42204318706,-536870912,1,106146719,-49705176738,-41130576882,0,0,-1073741824,-2256407470,-41667447794,-3333396512,-3976414143
1,3885,258078191000,12903910,-32768,-9595073191,106146719,1,0,-41130576882,-8521331367,0,1,-1073741824,-525347873,-9701219910,-776097753,-3290446154
1,3887,258078231000,12903912,-32768,-13189253627,0,1,-373433998,-8521331367,-12115511803,0,0,-1073741824,-714234540,-13189253627,-1055140508,-681706510
1,3889,258078271000,12903914,-32768,-60386606539,-373433998,1,-536870912,-12115511803,-59312864715,0,0,-1073741824,-3249879174,-60013172541,-4801054795,-969240945
1,3891,258078311000,12903916,-32768,-30086131275,-536870912,1,536870912,-59312864715,-29012389451,0,0,-1073741824,-1600174125,-29549260363,-2363941317,-4745029182
1,3893,258078351000,12903918,23865,781992509,536870912,0,0,-29012389451,0,0,1,781992509,13274012,245121597,19609732,-2320991158
1,3895,258078391000,12903920,-32768,-4279917987,0,1,-342393510,0,-3206176163,0,0,-1073741824,-231769389,-4279917987,-342393510,0
1,3897,258078431000,12903922,32768,31164440779,-342393510,1,536870912,-3206176163,30090698955,0,0,1073741824,1706182164,31506834289,2520547264,-256494093
1,3899,258078471000,12903924,32768,9399135640,536870912,1,0,30090698955,8325393816,0,1,1073741824,479916131,8862264728,708981325,2407255919
1,3901,258078511000,12903926,32768,24861842475,0,1,0,8325393816,23788100651,0,1,1073741824,1346337490,24861842475,1988947809,666031506
1,3903,258078551000,12903928,-32768,-9038312307,0,1,-536870912,23788100651,-7964570483,0,0,-1073741824,-489449594,-9038312307,-723065134,1903048054
1,3905,258078591000,12903930,32768,5175202946,-536870912,1,0,-7964570483,4101461122,0,1,1073741824,309324588,5712073858,456966003,-637165639
1,3907,258078631000,12903932,0,8012265291,0,1,0,4101461122,6938523467,1,1,1073741824,433886312,8012265291,640981356,328116890
1,3909,258078671000,12903934,-32768,-35282470630,0,1,-536870912,6938523467,-34208728806,0,0,-1073741824,-1910643308,-35282470630,-2822598233,555081878
1,3911,258078711000,12903936,32768,56625359712,-536870912,1,536870912,-34208728806,55551617888,0,0,1073741824,3095492789,57162230624,4572979395,-2736698307
1,3913,258078751000,12903938,32768,43636413805,536870912,1,-459294379,55551617888,42562671981,0,0,1073741824,2333959378,43099542893,3447964144,4444129435
1,3915,258078791000,12903940,-32768,-74575252697,-459294379,1,-536870912,42562671981,-73501510873,0,0,-1073741824,-4013584005,-74115958318,-5929277890,3405013762
1,3917,258078831000,12903942,-32768,-14287650004,-536870912,1,0,-73501510873,-13213908180,0,1,-1073741824,-744642696,-13750779092,-1100062555,-5880120875
1,3919,258078871000,12903944,32768,43813508332,0,1,536870912,-13213908180,42739766508,0,0,1073741824,2372622580,43813508332,3505081391,-1057112655
1,3921,258078911000,12903946,32768,6205473305,536870912,1,-536870912,42739766508,5131731481,0,0,1073741824,306970488,5668602393,453488285,3419181324
1,3923,258078951000,12903948,0,-563881352,-536870912,0,0,5131731481,0,1,1,-563881352,-1462690,-27010440,-2160836,410538519
1,3925,258078991000,12903950,-32768,-36042347318,0,1,-536870912,0,-34968605494,0,0,-1073741824,-1951792731,-36042347318,-2883388381,0
1,3927,258079031000,12903952,-32768,-77206003373,-536870912,1,-536870912,-34968605494,-76132261549,0,0,-1073741824,-4151845442,-76669132461,-6133531864,-2797488442
1,3929,258079071000,12903954,-32768,-34069760304,-536870912,1,536870912,-76132261549,-32996018480,0,0,-1073741824,-1815898648,-33532889392,-2682631706,-6090580930
1,3931,258079111000,12903956,-32768,-5781311952,536870912,1,536870912,-32996018480,-4707570128,0,0,-1073741824,-342147066,-6318182864,-505454734,-2639681481
1,3933,258079151000,12903958,-32768,-2901927036,536870912,1,0,-4707570128,-1828185212,0,1,-1073741824,-186220414,-3438797948,-275103893,-376605611
1,3935,258079191000,12903960,-32768,-26410008509,0,1,-536870912,-1828185212,-25336266685,0,0,-1073741824,-1430174960,-26410008509,-2112801117,-146254817
1,3937,258079231000,12903962,32768,20866399905,-536870912,1,0,-25336266685,19792658081,0,1,1073741824,1159046275,21403270817,1712262019,-2026901337
1,3939,258079271000,12903964,32768,2738572509,0,1,0,19792658081,1664830685,0,1,1073741824,148301271,2738572509,219085846,1583412648
1,3941,258079311000,12903966,32768,4321344182,0,1,212521151,1664830685,3247602358,0,0,1073741824,234012732,4321344182,345707606,133186455
1,3943,258079351000,12903968,-32768,-45689185151,212521151,1,-536870912,3247602358,-44615443327,0,0,-1073741824,-2485704272,-45901706302,-3672137263,259808189
1,3945,258079391000,12903970,32768,54007989567,-536870912,1,536870912,-44615443327,52934247743,0,0,1073741824,2953754961,54544860479,4363589740,-3569235469
1,3947,258079431000,12903972,32768,5646990012,536870912,1,-536870912,52934247743,4573248188,0,0,1073741824,276727074,5110119100,408809612,4234739823
1,3949,258079471000,12903974,32768,52387161978,-536870912,1,536870912,4573248188,51313420154,0,0,1073741824,2865982667,52924032890,4233923506,365859855
1,3951,258079511000,12903976,-32768,-32373629013,536870912,1,0,51313420154,-31299887189,0,1,-1073741824,-1782194538,-32910499925,-2632840538,4105073616
1,3953,258079551000,12903978,32768,8583708993,0,1,0,-31299887189,7509967169,0,1,1073741824,464831568,8583708993,686696861,-2503990977
1,3955,258079591000,12903980,32768,32101579110,0,1,536870912,7509967169,31027837286,0,0,1073741824,1738389240,32101579110,2568126859,600797374
1,3957,258079631000,12903982,32768,3513344999,536870912,1,-536870912,31027837286,2439603175,0,0,1073741824,161184299,2976474087,238117976,2482226985
1,3959,258079671000,12903984,32768,26046101640,-536870912,1,536870912,2439603175,24972359816,0,0,1073741824,1439541441,26582972552,2126638243,195168254
1,3961,258079711000,12903986,32768,36668896441,536870912,1,536870912,24972359816,35595154617,0,0,1073741824,1956649054,36132025529,2890562639,1997788787
1,3963,258079751000,12903988,32768,8107101684,536870912,1,-536870912,35595154617,7033359860,0,0,1073741824,409948921,7570230772,605618587,2847612372
1,3965,258079791000,12903990,-32768,-41259407050,-536870912,1,-536870912,7033359860,-40185665226,0,0,-1073741824,-2205237892,-40722536138,-3257803564,562668789
1,3967,258079831000,12903992,-32768,-22562178509,-536870912,1,536870912,-40185665226,-21488436685,0,0,-1073741824,-1192731286,-22025307597,-1762024972,-3214853221
1,3969,258079871000,12903994,0,60008903356,536870912,1,0,-21488436685,58935161532,1,1,1073741824,3220574942,59472032444,4757763578,-1719074936
1,3971,258079911000,12903996,-32768,-6879602923,0,1,-536870912,58935161532,-5805861099,0,0,-1073741824,-372549514,-6879602923,-550368348,4714812927
1,3973,258079951000,12903998,32768,37574057390,-536870912,1,536870912,-5805861099,36500315566,0,0,1073741824,2063812109,38110928302,3048874894,-464468888
1,3975,258079991000,12904000,-32768,-39887110604,536870912,1,-536870912,36500315566,-38813368780,0,0,-1073741824,-2189070334,-40423981516,-3233919189,2920025248
1,3977,258080031000,12904002,32768,44149057154,-536870912,1,536870912,-38813368780,43075315330,0,0,1073741824,2419866520,44685928066,3574874984,-3105069505
1,3979,258080071000,12904004,-32768,-24351401331,536870912,1,-536870912,43075315330,-23277659507,0,0,-1073741824,-1347768735,-24888272243,-1991062191,3446025230
1,3981,258080111000,12904006,-32768,-62298693658,-536870912,1,-536870912,-23277659507,-61224951834,0,0,-1073741824,-3344573416,-61761822746,-4940946840,-1862212762
1,3983,258080151000,12904008,32768,22383452034,-536870912,1,536870912,-61224951834,21309710210,0,0,1073741824,1241198841,22920322946,1833626214,-4897996151
1,3985,258080191000,12904010,-32768,-32913245383,536870912,1,-536870912,21309710210,-31839503559,0,0,-1073741824,-1811416256,-33450116295,-2676009856,1704776818
1,3987,258080231000,12904012,-32768,-6328123406,-536870912,1,536870912,-31839503559,-5254381582,0,0,-1073741824,-313612330,-5791252494,-463300295,-2547160287
1,3989,258080271000,12904014,-32768,-4608525113,536870912,1,0,-5254381582,-3534783289,0,1,-1073741824,-278637417,-5145396025,-411631767,-420350527
1,3991,258080311000,12904016,-32768,-40858428980,0,1,-536870912,-3534783289,-39784687156,0,0,-1073741824,-2212596865,-40858428980,-3268674994,-282782663
1,3993,258080351000,12904018,32768,51479533073,-536870912,1,536870912,-39784687156,50405791249,0,0,1073741824,2816832053,52016403985,4161313178,-3182774975
1,3995,258080391000,12904020,-32768,-48395360790,536870912,1,-536870912,50405791249,-47321618966,0,0,-1073741824,-2649815599,-48932231702,-3914579345,4032463304
1,3997,258080431000,12904022,32768,13710860246,-536870912,1,536870912,-47321618966,12637118422,0,0,1073741824,771554024,14247731158,1139818728,-3785729521
1,3999,258080471000,12904024,32768,28657046438,536870912,1,536870912,12637118422,27583304614,0,0,1073741824,1522785231,28120175526,2249614507,1010969475
1,4001,258080511000,12904026,32768,15214024416,536870912,1,0,27583304614,14140282592,0,1,1073741824,794808431,14677153504,1174172523,2206664371
1,4003,258080551000,12904028,-32768,-61300398746,0,1,-536870912,14140282592,-60226656922,0,0,-1073741824,-3319586031,-61300398746,-4904032913,1131222608
1,4005,258080591000,12904030,32768,45888166996,-536870912,1,536870912,-60226656922,44814425172,0,0,1073741824,2514044125,46425037908,3714003800,-4818132558
1,4007,258080631000,12904032,32768,55894416020,536870912,1,536870912,44814425172,54820674196,0,0,1073741824,2997764080,55357545108,4428604523,3585154017
1,4009,258080671000,12904034,0,40115561559,536870912,1,0,54820674196,39041819735,1,1,1073741824,2143295497,39578690647,3166295906,4385653940
1,4011,258080711000,12904036,32768,18558897504,0,1,0,39041819735,17485155680,0,1,1073741824,1005015598,18558897504,1484712107,3123345582
1,4013,258080751000,12904038,-32768,-38838640574,0,1,-536870912,17485155680,-37764898750,0,0,-1073741824,-2103219740,-38838640574,-3107091888,1398812456
1,4015,258080791000,12904040,0,32428098144,-536870912,1,0,-37764898750,31354356320,1,1,1073741824,1785144192,32964969056,2637198069,-3021191903
1,4017,258080831000,12904042,32768,28237608885,0,1,-249339331,31354356320,27163867061,0,0,1073741824,1529144572,28237608885,2259009177,2508348508
1,4019,258080871000,12904044,32768,29926516896,-249339331,1,-8379701,27163867061,28852775072,0,0,1073741824,1634106023,30175856227,2414068997,2173109367
1,4021,258080911000,12904046,32768,30604568305,-8379701,1,0,28852775072,29530826481,0,1,1073741824,1657775751,30612948006,2449036346,2308222008
1,4023,258080951000,12904048,32768,48366593280,0,1,536870912,29530826481,47292851456,0,0,1073741824,2619184715,48366593280,3869328262,2362466121
1,4025,258080991000,12904050,-32768,-17017857406,536870912,1,-536870912,47292851456,-15944115582,0,0,-1073741824,-950637061,-17554728318,-1404378556,3783428120
1,4027,258081031000,12904052,32768,73800804787,-536870912,1,536870912,-15944115582,72727062963,0,0,1073741824,4025590614,74337675699,5947015284,-1275529248
1,4029,258081071000,12904054,-32768,-2278764589,536870912,1,0,72727062963,-1205022765,0,1,-1073741824,-152474445,-2815635501,-225250887,5818165042
1,4031,258081111000,12904056,0,-16452225740,0,1,0,-1205022765,-15378483916,1,1,-1073741824,-890933499,-16452225740,-1316178331,-96401821
1,4033,258081151000,12904058,32768,2807020613,0,1,536870912,-15378483916,1733278789,0,0,1073741824,152007925,2807020613,224561695,-1230278714
1,4035,258081191000,12904060,32768,47823162457,536870912,1,536870912,1733278789,46749420633,0,0,1073741824,2560683390,47286291545,3782904105,138662303
1,4037,258081231000,12904062,-32768,-32597454854,536870912,1,-536870912,46749420633,-31523713030,0,0,-1073741824,-1794315326,-33134325766,-2650746609,3739953654
1,4039,258081271000,12904064,32768,23157644094,-536870912,1,0,-31523713030,22083902270,0,1,1073741824,1283123481,23694515006,1895561592,-2521897045
1,4041,258081311000,12904066,0,-27261429924,0,1,0,22083902270,-26187688100,1,1,-1073741824,-1476281783,-27261429924,-2180914844,1766712183
1,4043,258081351000,12904068,32768,27469963711,0,1,0,-26187688100,26396221887,0,1,1073741824,1487574464,27469963711,2197597551,-2095015050
1,4045,258081391000,12904070,32768,6640127760,0,1,-536870912,26396221887,5566385936,0,0,1073741824,359581272,6640127760,531210331,2111697753
1,4047,258081431000,12904072,-32768,-18458546316,-536870912,1,-536870912,5566385936,-17384804492,0,0,-1073741824,-970508260,-17921675404,-1433734329,445310875
1,4049,258081471000,12904074,32768,31827455932,-536870912,1,536870912,-17384804492,30753714108,0,0,1073741824,1752617756,32364326844,2589146682,-1390784361
1,4051,258081511000,12904076,-32768,-12734137489,536870912,1,-536870912,30753714108,-11660395665,0,0,-1073741824,-718661787,-13271008401,-1061680891,2460297131
1,4053,258081551000,12904078,-32768,-51432161209,-536870912,1,-536870912,-11660395665,-50358419385,0,0,-1073741824,-2756120648,-50895290297,-4071624065,-932831654
1,4055,258081591000,12904080,-32768,-21134726387,-536870912,1,0,-50358419385,-20060984563,0,1,-1073741824,-1115430808,-20597855475,-1647828778,-4028673555
1,4057,258081631000,12904082,32768,31822237931,0,1,536870912,-20060984563,30748496107,0,0,1073741824,1723262143,31822237931,2545779560,-1604878767
1,4059,258081671000,12904084,32768,23943357832,536870912,1,-50489439,30748496107,22869616008,0,0,1073741824,1267525964,23406486920,1872519340,2459879691
1,4061,258081711000,12904086,0,-46425090937,-50489439,1,0,22869616008,-45351349113,1,1,-1073741824,-2511312854,-46374601498,-3709968886,1829569282
1,4063,258081751000,12904088,32768,27796501374,0,1,536870912,-45351349113,26722759550,0,0,1073741824,1505257381,27796501374,2223720569,-3628107932
1,4065,258081791000,12904090,32768,1999547755,536870912,1,0,26722759550,925805931,0,1,1073741824,79207994,1462676843,117014172,2137820766
1,4067,258081831000,12904092,-32768,-69412985897,0,1,-536870912,925805931,-68339244073,0,0,-1073741824,-3758905049,-69412985897,-5553040019,74064475
1,4069,258081871000,12904094,-32768,-5732392522,-536870912,1,0,-68339244073,-4658650698,0,1,-1073741824,-281351856,-5195521610,-415641815,-5467139531
1,4071,258081911000,12904096,32768,72364398364,0,1,536870912,-4658650698,71290656540,0,0,1073741824,3918732192,72364398364,5789153065,-372692056
1,4073,258081951000,12904098,-32768,-27033503870,536870912,1,-536870912,71290656540,-25959762046,0,0,-1073741824,-1493012001,-27570374782,-2205630438,5703252529
1,4075,258081991000,12904100,32768,65588121213,-536870912,1,536870912,-25959762046,64514379389,0,0,1073741824,3580851098,66124992125,5290000463,-2076780966
1,4077,258082031000,12904102,-32768,-48328968925,536870912,1,-536870912,64514379389,-47255227101,0,0,-1073741824,-2646220296,-48865839837,-3909267995,5161150356
1,4079,258082071000,12904104,-32768,-12752170358,-536870912,1,0,-47255227101,-11678428534,0,1,-1073741824,-661492229,-12215299446,-977224158,-3780418172
1,4081,258082111000,12904106,32768,5012407522,0,1,0,-11678428534,3938665698,0,1,1073741824,271435722,5012407522,400992685,-934274284
1,4083,258082151000,12904108,32768,39115379154,0,1,536870912,3938665698,38041637330,0,0,1073741824,2118205899,39115379154,3129230979,315093256
1,4085,258082191000,12904110,32768,46612324338,536870912,1,536870912,38041637330,45538582514,0,0,1073741824,2495113159,46075453426,3686037035,3043330989
1,4087,258082231000,12904112,32768,4990242723,536870912,1,0,45538582514,3916500899,0,1,1073741824,241162393,4453371811,356269818,3643086605
1,4089,258082271000,12904114,-32768,-26752397421,0,1,0,3916500899,-25678655597,0,1,-1073741824,-1448716266,-26752397421,-2140192236,313320072
1,4091,258082311000,12904116,32768,36249692412,0,1,536870912,-25678655597,35175950588,0,0,1073741824,1963021041,36249692412,2899975992,-2054292450
1,4093,258082351000,12904118,0,-4158522321,536870912,1,0,35175950588,-3084780497,1,1,-1073741824,-254268522,-4695393233,-375631536,2814076050
1,4095,258082391000,12904120,32768,3913583648,0,1,536870912,-3084780497,2839841824,0,0,1073741824,211931372,3913583648,313086757,-246782440
1,4097,258082431000,12904122,-32768,-18819359262,536870912,1,-536870912,2839841824,-17745617438,0,0,-1073741824,-1048193366,-19356230174,-1548498734,227187346
1,4099,258082471000,12904124,32768,11545152715,-536870912,1,536870912,-17745617438,10471410891,0,0,1073741824,654274975,12082023627,966562090,-1419649396
1,4101,258082511000,12904126,32768,22175032306,536870912,1,536870912,10471410891,21101290482,0,0,1073741824,1171766249,21638161394,1731053269,837712872
1,4103,258082551000,12904128,-32768,-57405120279,536870912,1,-536870912,21101290482,-56331378455,0,0,-1073741824,-3137718979,-57941991191,-4635360253,1688103240
1,4105,258082591000,12904130,-32768,-4661046581,-536870912,1,536870912,-56331378455,-3587304757,0,0,-1073741824,-223335512,-4124175669,-329934122,-4506510281
1,4107,258082631000,12904132,0,-53050594706,536870912,1,0,-3587304757,-51976852882,1,1,-1073741824,-2901909383,-53587465618,-4286998135,-286984381
1,4109,258082671000,12904134,-32768,-28426123713,0,1,536870912,-51976852882,-27352381889,0,0,-1073741824,-1539353171,-28426123713,-2274090367,-4158148234
1,4111,258082711000,12904136,-32768,-10205729580,536870912,1,0,-27352381889,-9131987756,0,1,-1073741824,-581741510,-10742600492,-859408217,-2188190553
1,4113,258082751000,12904138,32768,25585933972,0,1,536870912,-9131987756,24512192148,0,0,1073741824,1385549046,25585933972,2046875141,-730559021
1,4115,258082791000,12904140,32768,53275471569,536870912,1,536870912,24512192148,52201729745,0,0,1073741824,2855940999,52738600657,4219088924,1960975374
1,4117,258082831000,12904142,-32768,-16009773942,536870912,1,-536870912,52201729745,-14936032118,0,0,-1073741824,-896046555,-16546644854,-1323731862,4176138383
1,4119,258082871000,12904144,-32768,-25225888414,-536870912,1,-536870912,-14936032118,-24152146590,0,0,-1073741824,-1336978540,-24689017502,-1975121808,-1194882571
1,4121,258082911000,12904146,32768,24234340270,-536870912,1,536870912,-24152146590,23160598446,0,0,1073741824,1341429555,24771211182,1981697304,-1932171729
1,4123,258082951000,12904148,-32768,-31537861388,536870912,1,-536870912,23160598446,-30464119564,0,0,-1073741824,-1736935411,-32074732300,-2565979114,1852847877
1,4125,258082991000,12904150,-32768,-39632810670,-536870912,1,-536870912,-30464119564,-38559068846,0,0,-1073741824,-2117153202,-39095939758,-3127675827,-2437129567
1,4127,258083031000,12904152,32768,16354752325,-536870912,1,536870912,-38559068846,15281010501,0,0,1073741824,914728088,16891623237,1351330138,-3084725511
1,4129,258083071000,12904154,32768,25212727202,536870912,1,0,15281010501,24138985378,0,1,1073741824,1336265824,24675856290,1974068911,1222480841
1,4131,258083111000,12904156,-32768,-19305727766,0,1,0,24138985378,-18231985942,0,1,-1073741824,-1045458521,-19305727766,-1544458540,1931118832
1,4133,258083151000,12904158,32768,26894901338,0,1,536870912,-18231985942,25821159514,0,0,1073741824,1456433247,26894901338,2151592552,-1458558877
1,4135,258083191000,12904160,17260,565566049,536870912,0,-536870912,25821159514,0,0,0,565566049,1553921,28695137,2295611,2065692763
1,4137,258083231000,12904162,32768,1787166192,-536870912,1,-350947905,0,713424368,0,0,1073741824,125853033,2324037104,185923007,0
1,4139,258083271000,12904164,-32768,-63388849355,-350947905,1,-536870912,713424368,-62315107531,0,0,-1073741824,-3413676605,-63037901450,-5043033158,57073949
1,4141,258083311000,12904166,-32768,-13452029998,-536870912,1,536870912,-62315107531,-12378288174,0,0,-1073741824,-699391563,-12915159086,-1033212940,-4985208607
1,4143,258083351000,12904168,32768,28924810018,536870912,1,0,-12378288174,27851068194,0,1,1073741824,1537285369,28387939106,2271035598,-990263055
1,4145,258083391000,12904170,-32768,-10452044077,0,1,-536870912,27851068194,-9378302253,0,0,-1073741824,-566007077,-10452044077,-836163699,2228085458
1,4147,258083431000,12904172,32768,17206081261,-536870912,1,0,-9378302253,16132339437,0,1,1073741824,960829903,17742952173,1419436467,-750264181
1,4149,258083471000,12904174,32768,59285276566,0,1,536870912,16132339437,58211534742,0,0,1073741824,3210461595,59285276566,4742823105,1290587156
1,4151,258083511000,12904176,0,-20336054142,536870912,1,0,58211534742,-19262312318,1,1,-1073741824,-1130326586,-20872925054,-1669834349,4656922784
1,4153,258083551000,12904178,0,-39630431976,0,1,0,-19262312318,-38556690152,1,1,-1073741824,-2146097433,-39630431976,-3170435213,-1540984987
1,4155,258083591000,12904180,0,32687479859,0,1,0,-38556690152,31613738035,1,1,1073741824,1770117385,32687479859,2614998929,-3084535215
1,4157,258083631000,12904182,-32768,-6809754928,0,1,0,31613738035,-5736013104,0,1,-1073741824,-368767052,-6809754928,-544780507,2529099045
1,4159,258083671000,12904184,-32768,-23399808960,0,1,-536870912,-5736013104,-22326067136,0,0,-1073741824,-1267164334,-23399808960,-1871985103,-458881049
1,4161,258083711000,12904186,-32768,-75636099631,-536870912,1,-536870912,-22326067136,-74562357807,0,0,-1073741824,-4066830815,-75099228719,-6007939539,-1786085373
1,4163,258083751000,12904188,32768,10504904189,-536870912,1,536870912,-74562357807,9431162365,0,0,1073741824,597942642,11041775101,883342191,-5964988630
1,4165,258083791000,12904190,32768,34832058420,536870912,1,536870912,9431162365,33758316596,0,0,1073741824,1857179198,34295187508,2743615567,754492990
1,4167,258083831000,12904192,-32768,-38293334968,536870912,1,-536870912,33758316596,-37219593144,0,0,-1073741824,-2102762978,-38830205880,-3106417112,2700665330
1,4169,258083871000,12904194,-32768,-43694489381,-536870912,1,-536870912,-37219593144,-42620747557,0,0,-1073741824,-2337104331,-43157618469,-3452610191,-2977567454
1,4171,258083911000,12904196,32768,22782748697,-536870912,1,536870912,-42620747557,21709006873,0,0,1073741824,1262821859,23319619609,1865569954,-3409659808
1,4173,258083951000,12904198,32768,19632431917,536870912,1,327795557,21709006873,18558690093,0,0,1073741824,1034077410,19095561005,1527645196,1736720551
1,4175,258083991000,12904200,0,4640013742,327795557,1,0,18558690093,3566271918,1,1,1073741824,233518534,4312218185,344977526,1484695209
1,4177,258084031000,12904202,-32768,-46416405939,0,1,-536870912,3566271918,-45342664115,0,0,-1073741824,-2513576680,-46416405939,-3713313242,285301754
1,4179,258084071000,12904204,-32768,-11257849202,-536870912,1,536870912,-45342664115,-10184107378,0,0,-1073741824,-580570608,-10720978290,-857678440,-3627413133
1,4181,258084111000,12904206,32768,15840850148,536870912,1,536870912,-10184107378,14767108324,0,0,1073741824,828752777,15303979236,1224318592,-814728591
1,4183,258084151000,12904208,32768,12782999680,536870912,1,335192749,14767108324,11709257856,0,0,1073741824,663161722,12246128768,979690504,1181368667
1,4185,258084191000,12904210,32768,15237600886,335192749,1,536870912,11709257856,14163859062,0,0,1073741824,807006592,14902408137,1192192897,936740629
1,4187,258084231000,12904212,32768,36027861258,536870912,1,536870912,14163859062,34954119434,0,0,1073741824,1921935227,35490990346,2839279814,1133108726
1,4189,258084271000,12904214,-32768,-17809775856,536870912,1,-536870912,34954119434,-16736034032,0,0,-1073741824,-993521634,-18346646768,-1467732045,2796329557
1,4191,258084311000,12904216,-32768,-27612530244,-536870912,1,-536870912,-16736034032,-26538788420,0,0,-1073741824,-1466221792,-27075659332,-2166053194,-1338882724
1,4193,258084351000,12904218,32768,3189641454,-536870912,1,536870912,-26538788420,2115899630,0,0,1073741824,201800945,3726512366,298121051,-2123103076
1,4195,258084391000,12904220,-32768,-25505149991,536870912,1,-536870912,2115899630,-24431408167,0,0,-1073741824,-1410247414,-26042020903,-2083362103,169271971
1,4197,258084431000,12904222,-32768,-50365361924,-536870912,1,-536870912,-24431408167,-49291620100,0,0,-1073741824,-2698350518,-49828491012,-3986280104,-1954512655
1,4199,258084471000,12904224,0,9941696169,-536870912,1,0,-49291620100,8867954345,1,1,1073741824,567443371,10478567081,838285540,-3943329612
1,4201,258084511000,12904226,-32768,-6579375441,0,1,0,8867954345,-5505633617,0,1,-1073741824,-356291366,-6579375441,-526350144,709436348
1,4203,258084551000,12904228,32768,26993763143,0,1,536870912,-5505633617,25920021319,0,0,1073741824,1461786887,26993763143,2159501498,-440450690
1,4205,258084591000,12904230,-32768,-23202603314,536870912,1,-536870912,25920021319,-22128861490,0,0,-1073741824,-1285558147,-23739474226,-1899158330,2073601707
1,4207,258084631000,12904232,-32768,-29420941591,-536870912,1,0,-22128861490,-28347199767,0,1,-1073741824,-1564152265,-28884070679,-2310726132,-1770308921
1,4209,258084671000,12904234,32768,29188976740,0,1,536870912,-28347199767,28115234916,0,0,1073741824,1580663771,29188976740,2335118622,-2267775983
1,4211,258084711000,12904236,24278,795542602,536870912,0,0,28115234916,0,0,1,795542602,14007787,258671690,20693739,2249218795
1,4213,258084751000,12904238,-32768,-44617822641,0,1,-536870912,0,-43544080817,0,0,-1073741824,-2416178423,-44617822641,-3569426549,0
1,4215,258084791000,12904240,32768,17128322294,-536870912,1,0,-43544080817,16054580470,0,1,1073741824,956619040,17665193206,1413215748,-3483526469
1,4217,258084831000,12904242,0,-11268828386,0,1,0,16054580470,-10195086562,1,1,-1073741824,-610238205,-11268828386,-901506457,1284366439
1,4219,258084871000,12904244,32768,43922339859,0,1,536870912,-10195086562,42848598035,0,0,1073741824,2378516108,43922339859,3513787915,-815606926
1,4221,258084911000,12904246,-32768,-26110751156,536870912,1,-536870912,42848598035,-25037009332,0,0,-1073741824,-1443042391,-26647622068,-2131810206,3427887846
1,4223,258084951000,12904248,32768,2219327881,-536870912,1,0,-25037009332,1145586057,0,1,1073741824,149255783,2756198793,220495949,-2002960748
1,4225,258084991000,12904250,32768,6418646600,0,1,421844949,1145586057,5344904776,0,0,1073741824,347587455,6418646600,513491834,91646885
1,4227,258085031000,12904252,32768,38636844817,421844949,1,536870912,5344904776,37563102993,0,0,1073741824,2069447872,38214999868,3057200621,427592382
1,4229,258085071000,12904254,32768,52766050813,536870912,1,536870912,37563102993,51692308989,0,0,1073741824,2828354457,52229179901,4178335255,3005048242
1,4231,258085111000,12904256,32768,50674580416,536870912,1,412503778,51692308989,49600838592,0,0,1073741824,2715095554,50137709504,4011017589,4135384723
1,4233,258085151000,12904258,32768,23653070728,412503778,1,0,49600838592,22579328904,0,1,1073741824,1258540939,23240566950,1859245740,3968067091
1,4235,258085191000,12904260,32768,4199713974,0,1,-536870912,22579328904,3125972150,0,0,1073741824,227426120,4199713974,335977187,1806346314
1,4237,258085231000,12904262,-32768,-47379304707,-536870912,1,-536870912,3125972150,-46305562883,0,0,-1073741824,-2536647266,-46842433795,-3747395478,250077772
1,4239,258085271000,12904264,32768,17636337636,-536870912,1,536870912,-46305562883,16562595812,0,0,1073741824,984129475,18173208548,1453856984,-3704445034
1,4241,258085311000,12904266,-32768,-2387509047,536870912,1,-536870912,16562595812,-1313767223,0,0,-1073741824,-158363258,-2924379959,-233950445,1325007666
1,4243,258085351000,12904268,32768,56758570678,-536870912,1,536870912,-1313767223,55684828854,0,0,1073741824,3102706531,57295441590,4583636274,-105101378
1,4245,258085391000,12904270,0,-1436557773,536870912,1,0,55684828854,-362815949,1,1,-1073741824,-106866618,-1973428685,-157874327,4454786312
1,4247,258085431000,12904272,32768,13887706100,0,1,536870912,-362815949,12813964276,0,0,1073741824,752057672,13887706100,1111016718,-29025276
1,4249,258085471000,12904274,-32768,-1082275063,536870912,1,0,12813964276,-8533239,0,1,-1073741824,-87681230,-1619145975,-129531705,1025117143
1,4251,258085511000,12904276,32768,61301811804,0,1,536870912,-8533239,60228069980,0,0,1073741824,3319662552,61301811804,4904145957,-682659
1,4253,258085551000,12904278,-32768,-17444538599,536870912,1,-536870912,60228069980,-16370796775,0,0,-1073741824,-973743027,-17981409511,-1438513058,4818245603
1,4255,258085591000,12904280,32768,53077155530,-536870912,1,536870912,-16370796775,52003413706,0,0,1073741824,2903347725,53614026442,4289123001,-1309663743
1,4257,258085631000,12904282,32768,30861373180,536870912,1,-536870912,52003413706,29787631356,0,0,1073741824,1642155617,30324502268,2425960683,4160273100
1,4259,258085671000,12904284,32768,64902317882,-536870912,1,536870912,29787631356,63828576058,0,0,1073741824,3543712952,65439188794,5235136185,2383010511
1,4261,258085711000,12904286,32768,17376688280,536870912,1,0,63828576058,16302946456,0,1,1073741824,911922657,16839817368,1347185668,5106286089
1,4263,258085751000,12904288,32768,19444537024,0,1,251327565,16302946456,18370795200,0,0,1073741824,1052975426,19444537024,1555563283,1304235718
1,4265,258085791000,12904290,-32768,-19085643777,251327565,1,-536870912,18370795200,-18011901953,0,0,-1073741824,-1047150447,-19336971342,-1546958027,1469663617
1,4267,258085831000,12904292,32768,6928751682,-536870912,1,0,-18011901953,5855009858,0,1,1073741824,404284099,7465622594,597249931,-1440952158
1,4269,258085871000,12904294,32768,24067478923,0,1,536870912,5855009858,22993737099,0,0,1073741824,1303320508,24067478923,1925398712,468400789
1,4271,258085911000,12904296,-32768,-25859240910,536870912,1,0,22993737099,-24785499086,0,1,-1073741824,-1429422416,-26396111822,-2111689382,1839498970
1,4273,258085951000,12904298,-32768,-32206530595,0,1,-536870912,-24785499086,-31132788771,0,0,-1073741824,-1744072653,-32206530595,-2576522980,-1982839929
1,4275,258085991000,12904300,32768,5377539672,-536870912,1,536870912,-31132788771,4303797848,0,0,1073741824,320281681,5914410584,473152944,-2490623104
1,4277,258086031000,12904302,32768,57438133436,536870912,1,536870912,4303797848,56364391612,0,0,1073741824,3081360645,56901262524,4552101942,344303828
1,4279,258086071000,12904304,0,22039456826,536870912,1,0,56364391612,20965715002,1,1,1073741824,1164424462,21502585914,1720207228,4509151333
1,4281,258086111000,12904306,32768,49093406282,0,1,536870912,20965715002,48019664458,0,0,1073741824,2658543648,49093406282,3927473314,1677257202
1,4283,258086151000,12904308,-32768,-11051097749,536870912,1,0,48019664458,-9977355925,0,1,-1073741824,-627520533,-11587968661,-927037684,3841573160
1,4285,258086191000,12904310,32768,30966540077,0,1,0,-9977355925,29892798253,0,1,1073741824,1676923739,30966540077,2477323718,-798188475
1,4287,258086231000,12904312,-32768,-23333833066,0,1,0,29892798253,-22260091242,0,1,-1073741824,-1263591557,-23333833066,-1866707031,2391423862
1,4289,258086271000,12904314,-32768,-2774870232,0,1,536870912,-22260091242,-1701128408,0,0,-1073741824,-150266893,-2774870232,-221989664,-1780807301
1,4291,258086311000,12904316,0,-44944722116,536870912,1,0,-1701128408,-43870980292,1,1,-1073741824,-2462953977,-45481593028,-3638528194,-136090273
1,4293,258086351000,12904318,0,-9452819902,0,1,0,-43870980292,-8379078078,1,1,-1073741824,-511896326,-9452819902,-756225748,-3509678427
1,4295,258086391000,12904320,32768,42912885144,0,1,536870912,-8379078078,41839143320,0,0,1073741824,2323851345,42912885144,3433031521,-670326247
1,4297,258086431000,12904322,32768,51586097193,536870912,1,536870912,41839143320,50512355369,0,0,1073741824,2764456707,51049226281,4083938946,3347131469
1,4299,258086471000,12904324,-32768,-44125939238,536870912,1,-536870912,50512355369,-43052197414,0,0,-1073741824,-2418614621,-44662810150,-3573025550,4040988433
1,4301,258086511000,12904326,32768,10685719890,-536870912,1,536870912,-43052197414,9611978066,0,0,1073741824,607734312,11222590802,897807450,-3444175796
1,4303,258086551000,12904328,-32768,-23415164504,536870912,1,0,9611978066,-22341422680,0,1,-1073741824,-1297068923,-23952035416,-1916163229,768958246
1,4305,258086591000,12904330,32768,15858500091,0,1,536870912,-22341422680,14784758267,0,0,1073741824,858781614,15858500091,1268680269,-1787313816
1,4307,258086631000,12904332,32768,54604615209,536870912,1,536870912,14784758267,53530873385,0,0,1073741824,2927917801,54067744297,4325420437,1182780662
1,4309,258086671000,12904334,0,-59372436571,536870912,1,0,53530873385,-58298694747,1,1,-1073741824,-3244254594,-59909307483,-4792745589,4282469875
1,4311,258086711000,12904336,32768,7507869228,0,1,536870912,-58298694747,6434127404,0,0,1073741824,406571871,7507869228,600629662,-4663895584
1,4313,258086751000,12904338,-32768,-15747542600,536870912,1,-536870912,6434127404,-14673800776,0,0,-1073741824,-881846003,-16284413512,-1302753350,514730193
1,4315,258086791000,12904340,32768,23224041204,-536870912,1,536870912,-14673800776,22150299380,0,0,1073741824,1286719068,23760912116,1900873362,-1173904063
1,4317,258086831000,12904342,-32768,-40350956641,536870912,1,-536870912,22150299380,-39277214817,0,0,-1073741824,-2214188879,-40887827553,-3271026880,1772023952
1,4319,258086871000,12904344,32768,27327848272,-536870912,1,0,-39277214817,26254106448,0,1,1073741824,1508951564,27864719184,2229177995,-3142177188
1,4321,258086911000,12904346,32768,2894421525,0,1,0,26254106448,1820679701,0,1,1073741824,156740926,2894421525,231553770,2100328518
1,4323,258086951000,12904348,32768,10245497039,0,1,0,1820679701,9171755215,0,1,1073741824,554821984,10245497039,819639932,145654376
1,4325,258086991000,12904350,-32768,-50916429458,0,1,-536870912,9171755215,-49842687634,0,0,-1073741824,-2757265392,-50916429458,-4073315198,733740418
1,4327,258087031000,12904352,32768,45243733926,-536870912,1,536870912,-49842687634,44169992102,0,0,1073741824,2479146293,45780604838,3662449144,-3987415014
1,4329,258087071000,12904354,-32768,-20723225884,536870912,1,0,44169992102,-19649484060,0,1,-1073741824,-1151293006,-21260096796,-1700808095,3533599371
1,4331,258087111000,12904356,32768,1222069513,0,1,536870912,-19649484060,148327689,0,0,1073741824,66178442,1222069513,97765581,-1571958726
1,4333,258087151000,12904358,32768,21973133416,536870912,1,536870912,148327689,20899391592,0,0,1073741824,1160832866,21436262504,1714901355,11866215
1,4335,258087191000,12904360,32768,67701831042,536870912,1,536870912,20899391592,66628089218,0,0,1073741824,3637168240,67164960130,5373197920,1671951329
1,4337,258087231000,12904362,0,-36762819353,536870912,1,0,66628089218,-35689077529,1,1,-1073741824,-2019881327,-37299690265,-2983975838,5330247142
1,4339,258087271000,12904364,32768,51334963829,0,1,536870912,-35689077529,50261222005,0,0,1073741824,2779930185,51334963829,4106797955,-2855126205
1,4341,258087311000,12904366,0,-58928725185,536870912,1,0,50261222005,-57854983361,1,1,-1073741824,-3220226396,-59465596097,-4757248670,4020897764
1,4343,258087351000,12904368,32768,28581819884,0,1,0,-57854983361,27508078060,0,1,1073741824,1547784549,28581819884,2286546063,-4628398673
1,4345,258087391000,12904370,-32768,-21172174451,0,1,-536870912,27508078060,-20098432627,0,0,-1073741824,-1146531768,-21172174451,-1693774306,2200646247
1,4347,258087431000,12904372,32768,25431305044,-536870912,1,536870912,-20098432627,24357563220,0,0,1073741824,1406248506,25968175956,2077454506,-1607874612
1,4349,258087471000,12904374,-32768,-14374717994,536870912,1,-536870912,24357563220,-13300976170,0,0,-1073741824,-807503756,-14911588906,-1192927359,1948605059
1,4351,258087511000,12904376,-32768,-48042883817,-536870912,1,-536870912,-13300976170,-46969141993,0,0,-1073741824,-2572581909,-47506012905,-3800481818,-1064078095
1,4353,258087551000,12904378,-32768,-53064811888,-536870912,1,-536870912,-46969141993,-51991070064,0,0,-1073741824,-2844533195,-52527940976,-4202236146,-3757531363
1,4355,258087591000,12904380,-32768,-31158390872,-536870912,1,536870912,-51991070064,-30084649048,0,0,-1073741824,-1658239946,-30621519960,-2449722103,-4159285609
1,4357,258087631000,12904382,-32768,-13915195910,536870912,1,536870912,-30084649048,-12841454086,0,0,-1073741824,-782619365,-14452066822,-1156165585,-2406771926
1,4359,258087671000,12904384,-32768,-10810079248,536870912,1,536870912,-12841454086,-9736337424,0,0,-1073741824,-614468715,-11346950160,-907756200,-1027316328
1,4361,258087711000,12904386,32768,1940065307,536870912,1,536870912,-9736337424,866323483,0,0,1073741824,75986855,1403194395,112255575,-778906995
1,4363,258087751000,12904388,32768,51723201552,536870912,1,536870912,866323483,50649459728,0,0,1073741824,2771881287,51186330640,4094907297,69305879
1,4365,258087791000,12904390,32768,40144777833,536870912,1,-346452662,50649459728,39071036009,0,0,1073741824,2144877639,39607906921,3168633208,4051956782
1,4367,258087831000,12904392,-32768,-26944610403,-346452662,1,-536870912,39071036009,-25870868579,0,0,-1073741824,-1440363761,-26598157741,-2127853059,3125682884
1,4369,258087871000,12904394,32768,27835652896,-536870912,1,0,-25870868579,26761911072,0,1,1073741824,1536450588,28372523808,2269802374,-2069669488
1,4371,258087911000,12904396,32768,15267089633,0,1,-536870912,26761911072,14193347809,0,0,1073741824,826755103,15267089633,1221367423,2140952888
1,4373,258087951000,12904398,-32768,-6730492175,-536870912,1,-536870912,14193347809,-5656750351,0,0,-1073741824,-335401711,-6193621263,-495489803,1135467826
1,4375,258087991000,12904400,-32768,-36812470829,-536870912,1,-536870912,-5656750351,-35738729005,0,0,-1073741824,-1964424004,-36275599917,-2902048593,-452540029
1,4377,258088031000,12904402,-32768,-34287836172,-536870912,1,-377850368,-35738729005,-33214094348,0,0,-1073741824,-1827708059,-33750965260,-2700077779,-2859098323
1,4379,258088071000,12904404,32768,43807542545,-377850368,1,536870912,-33214094348,42733800721,0,0,1073741824,2392761158,44185392913,3534832163,-2657127550
1,4381,258088111000,12904406,-32768,-17939011291,536870912,1,-536870912,42733800721,-16865269467,0,0,-1073741824,-1000520090,-18475882203,-1478070882,3418704061
1,4383,258088151000,12904408,0,9606263929,-536870912,1,0,-16865269467,8532522105,1,1,1073741824,549278788,10143134841,811450955,-1349221559
1,4385,258088191000,12904410,-32768,-10279313245,0,1,0,8532522105,-9205571421,0,1,-1073741824,-556653225,-10279313245,-822345229,682601769
1,4387,258088231000,12904412,-32768,-29064724652,0,1,-536870912,-9205571421,-27990982828,0,0,-1073741824,-1573935177,-29064724652,-2325178453,-736445714
1,4389,258088271000,12904414,-32768,-23157440442,-536870912,1,-107238220,-27990982828,-22083698618,0,0,-1073741824,-1224966365,-22620569530,-1809645936,-2239278628
1,4391,258088311000,12904416,32768,4932710297,-107238220,1,536870912,-22083698618,3858968473,0,0,1073741824,272927143,5039948517,403195965,-1766695891
1,4393,258088351000,12904418,-32768,-6737889790,536870912,1,-353827542,3858968473,-5664147966,0,0,-1073741824,-393948400,-7274760702,-581980976,308717478
1,4395,258088391000,12904420,-32768,-16104429318,-353827542,1,-536870912,-5664147966,-15030687494,0,0,-1073741824,-852938622,-15750601776,-1260048402,-453131838
1,4397,258088431000,12904422,32768,9929078143,-536870912,1,536870912,-15030687494,8855336319,0,0,1073741824,566760070,10465949055,837276097,-1202455001
1,4399,258088471000,12904424,-32768,-7924348193,536870912,1,-536870912,8855336319,-6850606369,0,0,-1073741824,-458198402,-8461219105,-676897668,708426906
1,4401,258088511000,12904426,32768,49771974325,-536870912,1,536870912,-6850606369,48698232501,0,0,1073741824,2724363027,50308845237,4024708450,-548048510
1,4403,258088551000,12904428,0,20295449948,536870912,1,0,48698232501,19221708124,1,1,1073741824,1069981669,19758579036,1580686649,3895858604
1,4405,258088591000,12904430,-32768,-37975632604,0,1,-536870912,19221708124,-36901890780,0,0,-1073741824,-2056485473,-37975632604,-3038051236,1537736651
1,4407,258088631000,12904432,32768,15294869511,-536870912,1,536870912,-36901890780,14221127687,0,0,1073741824,857332504,15831740423,1266539495,-2952151265
1,4409,258088671000,12904434,32768,7512192993,536870912,1,0,14221127687,6438451169,0,1,1073741824,377732971,6975322081,558025882,1137690216
1,4411,258088711000,12904436,-32768,-17821023774,0,1,0,6438451169,-16747281950,0,1,-1073741824,-965057696,-17821023774,-1425682196,515076094
1,4413,258088751000,12904438,-32768,-28518434975,0,1,-536870912,-16747281950,-27444693151,0,0,-1073741824,-1544352081,-28518434975,-2281475269,-1339782557
1,4415,258088791000,12904440,32768,26897924788,-536870912,1,536870912,-27444693151,25824182964,0,0,1073741824,1485670019,27434795700,2194784109,-2195575454
1,4417,258088831000,12904442,-32768,-51534877339,536870912,1,-536870912,25824182964,-50461135515,0,0,-1073741824,-2819829098,-52071748251,-4165740721,2065934639
1,4419,258088871000,12904444,32768,51097054258,-536870912,1,536870912,-50461135515,50023312434,0,0,1073741824,2796119768,51633925170,4130714867,-4036890845
1,4421,258088911000,12904446,-32768,-10085885467,536870912,1,0,50023312434,-9012143643,0,1,-1073741824,-575251620,-10622756379,-849820686,4001864998
1,4423,258088951000,12904448,-32768,-18759104108,0,1,-536870912,-9012143643,-17685362284,0,0,-1073741824,-1015857339,-18759104108,-1500728639,-720971492
1,4425,258088991000,12904450,32768,12765600076,-536870912,1,536870912,-17685362284,11691858252,0,0,1073741824,720365573,13302470988,1064197899,-1414828984
1,4427,258089031000,12904452,-32768,-6323541411,536870912,1,-536870912,11691858252,-5249799587,0,0,-1073741824,-371510290,-6860412323,-548833099,935348661
1,4429,258089071000,12904454,0,-59159468821,-536870912,1,0,-5249799587,-58085726997,1,1,-1073741824,-3174575714,-58622597909,-4689808801,-419983967
1,4431,258089111000,12904456,-32768,-10526345584,0,1,0,-58085726997,-9452603760,0,1,-1073741824,-570030709,-10526345584,-842107821,-4646858164
1,4433,258089151000,12904458,32768,2296641845,0,1,0,-9452603760,1222900021,0,1,1073741824,124369504,2296641845,183731386,-756208302
1,4435,258089191000,12904460,0,-23444250126,0,1,0,1222900021,-22370508302,1,1,-1073741824,-1269570946,-23444250126,-1875540398,97832002
1,4437,258089231000,12904462,32768,49698548190,0,1,536870912,-22370508302,48624806366,0,0,1073741824,2691313755,49698548190,3975884677,-1789640666
1,4439,258089271000,12904464,32768,25755974873,536870912,1,-536870912,48624806366,24682233049,0,0,1073741824,1365684187,25219103961,2017528734,3889984513
1,4441,258089311000,12904466,32768,16464433375,-536870912,1,-536870912,24682233049,15390691551,0,0,1073741824,920667620,17001304287,1360104624,1974578646
1,4443,258089351000,12904468,0,19657907816,-536870912,1,0,15390691551,18584165992,1,1,1073741824,1093603088,20194778728,1615582632,1231255325
1,4445,258089391000,12904470,32768,6646696953,0,1,0,18584165992,5572955129,0,1,1073741824,359937012,6646696953,531735866,1486733281
1,4447,258089431000,12904472,-32768,-5017696135,0,1,-536870912,5572955129,-3943954311,0,0,-1073741824,-271722115,-5017696135,-401415774,445836411
1,4449,258089471000,12904474,32768,23114732951,-536870912,1,536870912,-3943954311,22040991127,0,0,1073741824,1280799724,23651603863,1892128700,-315516345
1,4451,258089511000,12904476,-32768,-7158778869,536870912,1,-536870912,22040991127,-6085037045,0,0,-1073741824,-416740707,-7695649781,-615652110,1763279292
1,4453,258089551000,12904478,-32768,-7026817381,-536870912,1,-536870912,-6085037045,-5953075557,0,0,-1073741824,-351448540,-6489946469,-519195825,-486802964
1,4455,258089591000,12904480,32768,3056679469,-536870912,1,226859223,-5953075557,1982937645,0,0,1073741824,194600686,3593550381,287484090,-476246045
1,4457,258089631000,12904482,-32768,-17358401572,226859223,1,0,1982937645,-16284659748,0,1,-1073741824,-952290479,-17585260795,-1406821154,158635012
1,4459,258089671000,12904484,-32768,-15021348492,0,1,101064653,-16284659748,-13947606668,0,0,-1073741824,-813447541,-15021348492,-1201708128,-1302772781
1,4461,258089711000,12904486,-32768,-48989683943,101064653,1,-536870912,-13947606668,-47915942119,0,0,-1073741824,-2658399727,-49090748596,-3927260699,-1115808534
1,4463,258089751000,12904488,32768,11259552168,-536870912,1,536870912,-47915942119,10185810344,0,0,1073741824,638808916,11796423080,943714041,-3833275373
1,4465,258089791000,12904490,0,49285952683,536870912,1,0,10185810344,48212210859,1,1,1073741824,2639897524,48749081771,3899927347,814864828
1,4467,258089831000,12904492,32768,28203784795,0,1,-536870912,48212210859,27130042971,0,0,1073741824,1527312904,28203784795,2256303250,3856976872
1,4469,258089871000,12904494,-17376,-569374147,-536870912,0,-536870912,27130042971,0,0,0,-569374147,-1760140,-32503235,-2600259,2170403440
1,4471,258089911000,12904496,32768,39290687309,-536870912,1,536870912,0,38216945485,0,0,1073741824,2156772364,39827558221,3186205316,0
1,4473,258089951000,12904498,-32768,-17767683859,536870912,1,0,38216945485,-16693942035,0,1,-1073741824,-991242236,-18304554771,-1464364684,3057355642
1,4475,258089991000,12904500,0,12467245717,0,1,0,-16693942035,11393503893,1,1,1073741824,675135816,12467245717,997379863,-1335515364
1,4477,258090031000,12904502,-32768,-40689434596,0,1,-536870912,11393503893,-39615692772,0,0,-1073741824,-2203445352,-40689434596,-3255155440,911480312
1,4479,258090071000,12904504,-32768,-40700516668,-536870912,1,-536870912,-39615692772,-39626774844,0,0,-1073741824,-2174972433,-40163645756,-3213092324,-3169255425
1,4481,258090111000,12904506,-32768,-6854972856,-536870912,1,536870912,-39626774844,-5781231032,0,0,-1073741824,-342142684,-6318101944,-505448260,-3170141990
1,4483,258090151000,12904508,32768,9575020919,536870912,1,0,-5781231032,8501279095,0,1,1073741824,489440805,9038150007,723052150,-462498483
1,4485,258090191000,12904510,-32768,-15547848395,0,1,0,8501279095,-14474106571,0,1,-1073741824,-841958966,-15547848395,-1243828129,680102328
1,4487,258090231000,12904512,-32768,-36307078052,0,1,-536870912,-14474106571,-35233336228,0,0,-1073741824,-1966128632,-36307078052,-2904566844,-1157928527
1,4489,258090271000,12904514,32768,9805846871,-536870912,1,536870912,-35233336228,8732105047,0,0,1073741824,560086756,10342717783,827417594,-2818666901
1,4491,258090311000,12904516,-32768,-34532170058,536870912,1,-536870912,8732105047,-33458428234,0,0,-1073741824,-1899085502,-35069040970,-2805523857,698568404
1,4493,258090351000,12904518,-32768,-49295967702,-536870912,1,-536870912,-33458428234,-48222225878,0,0,-1073741824,-2640439865,-48759096790,-3900728549,-2676674261
1,4495,258090391000,12904520,-6388,-209317604,-536870912,0,536870912,-48222225878,0,0,0,-209317604,17737917,327553308,26204270,-3857778074
1,4497,258090431000,12904522,-32768,-40215710580,536870912,1,-536870912,0,-39141968756,0,0,-1073741824,-2206864931,-40752581492,-3260207193,0
1,4499,258090471000,12904524,32768,34432722300,-536870912,1,536870912,-39141968756,33358980476,0,0,1073741824,1893700131,34969593212,2797568035,-3131357503
1,4501,258090511000,12904526,-32768,-22360224134,536870912,1,-536870912,33358980476,-21286482310,0,0,-1073741824,-1239940986,-22897095046,-1831767982,2668718441
1,4503,258090551000,12904528,-32768,-25480524649,-536870912,1,-536870912,-21286482310,-24406782825,0,0,-1073741824,-1350767796,-24943653737,-1995492711,-1702918586
1,4505,258090591000,12904530,32768,45478446156,-536870912,1,536870912,-24406782825,44404704332,0,0,1073741824,2491856609,46015317068,3681226126,-1952542628
1,4507,258090631000,12904532,-32768,-33958397574,536870912,1,-536870912,44404704332,-32884655750,0,0,-1073741824,-1868014136,-34495268486,-2759622049,3552376350
1,4509,258090671000,12904534,32768,13001338255,-536870912,1,536870912,-32884655750,11927596431,0,0,1073741824,733131447,13538209167,1083056957,-2630772462
1,4511,258090711000,12904536,32768,25038223293,536870912,1,536870912,11927596431,23964481469,0,0,1073741824,1326815955,24501352381,1960108595,954207715
1,4513,258090751000,12904538,32768,14222422955,536870912,1,-285443217,23964481469,13148681131,0,0,1073741824,741110471,13685552043,1094844390,1917158519
1,4515,258090791000,12904540,32768,56156623799,-285443217,1,536870912,13148681131,55082881975,0,0,1073741824,3056493939,56442067016,4515366294,1051894491
1,4517,258090831000,12904542,-32768,-53563492810,536870912,1,-536870912,55082881975,-52489750986,0,0,-1073741824,-2929684233,-54100363722,-4328029992,4406630562
1,4519,258090871000,12904544,-32768,-54558408888,-536870912,1,-536870912,-52489750986,-53484667064,0,0,-1073741824,-2925415601,-54021537976,-4321723931,-4199180083
1,4521,258090911000,12904546,0,39843074514,-536870912,1,0,-53484667064,38769332690,1,1,1073741824,2186685658,40379945426,3230396301,-4278773369
1,4523,258090951000,12904548,32768,8481318781,0,1,-536870912,38769332690,7407576957,0,0,1073741824,459286855,8481318781,678505643,3101546618
1,4525,258090991000,12904550,-32768,-38052124911,-536870912,1,-536870912,7407576957,-36978383087,0,0,-1073741824,-2031554699,-37515253999,-3001220940,592606157
1,4527,258091031000,12904552,0,-36489928752,-536870912,1,0,-36978383087,-35416186928,1,1,-1073741824,-1946957459,-35953057840,-2876245221,-2958270650
1,4529,258091071000,12904554,32768,63393608279,0,1,536870912,-35416186928,62319866455,0,0,1073741824,3432939113,63393608279,5071489710,-2833294957
1,4531,258091111000,12904556,32768,37219227075,536870912,1,-536870912,62319866455,36145485251,0,0,1073741824,1986450979,36682356163,2934589099,4985589321
1,4533,258091151000,12904558,-32768,-5010771333,-536870912,1,0,36145485251,-3937029509,0,1,-1073741824,-242274074,-4473900421,-357912108,2891638823
1,4535,258091191000,12904560,-32768,-39383403016,0,1,-536870912,-3937029509,-38309661192,0,0,-1073741824,-2132720132,-39383403016,-3150672892,-314962361
1,4537,258091231000,12904562,32768,2557573293,-536870912,1,0,-38309661192,1483831469,0,1,1073741824,167572707,3094444205,247555588,-3064772898
1,4539,258091271000,12904564,32768,28741905120,0,1,0,1483831469,27668163296,0,1,1073741824,1556453607,28741905120,2299352885,118706518
1,4541,258091311000,12904566,32768,58860753157,0,1,536870912,27668163296,57787011333,0,0,1073741824,3187472479,58860753157,4708861225,2213453066
1,4543,258091351000,12904568,-32768,-65972551248,536870912,1,-536870912,57787011333,-64898809424,0,0,-1073741824,-3601669047,-66509422160,-5320754872,4622960911
1,4545,258091391000,12904570,-32768,-62506085214,-536870912,1,-302504321,-64898809424,-61432343390,0,0,-1073741824,-3355804242,-61969214302,-4957538168,-5191904759
1,4547,258091431000,12904572,-32768,-60113648670,-302504321,1,-172809381,-61432343390,-59039906846,0,0,-1073741824,-3238938789,-59811144349,-4784892536,-4914587476
1,4549,258091471000,12904574,-32768,-49320523103,-172809381,1,536870912,-59039906846,-48246781279,0,0,-1073741824,-2661484546,-49147713722,-3931817910,-4723192552
1,4551,258091511000,12904576,32768,45117154435,536870912,1,536870912,-48246781279,44043412611,0,0,1073741824,2414145576,44580283523,3566423419,-3859742506
1,4553,258091551000,12904578,-32768,-57249890714,536870912,1,-536870912,44043412611,-56176148890,0,0,-1073741824,-3129312869,-57786761626,-4622941885,3523473012
1,4555,258091591000,12904580,-32768,-17463530643,-536870912,1,536870912,-56176148890,-16389788819,0,0,-1073741824,-916625411,-16926659731,-1354133058,-4494091915
1,4557,258091631000,12904582,-32768,-25898860273,536870912,1,0,-16389788819,-24825118449,0,1,-1073741824,-1431567914,-26435731185,-2114858932,-1311183107
1,4559,258091671000,12904584,-32768,-34075403122,0,1,-536870912,-24825118449,-33001661298,0,0,-1073741824,-1845277266,-34075403122,-2726032813,-1986009478
1,4561,258091711000,12904586,32768,30888874534,-536870912,1,536870912,-33001661298,29815132710,0,0,1073741824,1701790979,31425745446,2514060155,-2640132906
1,4563,258091751000,12904588,32768,22199015348,536870912,1,-115367794,29815132710,21125273524,0,0,1073741824,1173064997,21662144436,1732971913,2385210619
1,4565,258091791000,12904590,32768,17470015487,-115367794,1,0,21125273524,16396273663,0,1,1073741824,952297112,17585383281,1406830953,1690021883
1,4567,258091831000,12904592,0,-48229696261,0,1,0,16396273663,-47155954437,1,1,-1073741824,-2611771363,-48229696261,-3858376498,1311701894
1,4569,258091871000,12904594,32768,17783677832,0,1,0,-47155954437,16709936008,0,1,1073741824,963035310,17783677832,1422694520,-3772476358
1,4571,258091911000,12904596,-32768,-12400931799,0,1,0,16709936008,-11327189975,0,1,-1073741824,-671544734,-12400931799,-992074749,1336794882
1,4573,258091951000,12904598,32768,59672712284,0,1,536870912,-11327189975,58598970460,0,0,1073741824,3231442310,59672712284,4773817969,-906175199
1,4575,258091991000,12904600,-32768,-51031012514,536870912,1,-536870912,58598970460,-49957270690,0,0,-1073741824,-2792543425,-51567883426,-4125431526,4687917641
1,4577,258092031000,12904602,0,15930242692,-536870912,1,0,-49957270690,14856500868,1,1,1073741824,891739718,16467113604,1317369360,-3996581659
1,4579,258092071000,12904604,32768,29752828753,0,1,536870912,14856500868,28679086929,0,0,1073741824,1611197916,29752828753,2380226792,1188520071
1,4581,258092111000,12904606,-32768,-37567476932,536870912,1,-536870912,28679086929,-36493735108,0,0,-1073741824,-2063455759,-38104347844,-3048348457,2294326956
1,4583,258092151000,12904608,32768,8445571782,-536870912,1,536870912,-36493735108,7371829958,0,0,1073741824,486424100,8982442694,718595564,-2919498811
1,4585,258092191000,12904610,-32768,-3076421952,536870912,1,-341938974,7371829958,-2002680128,0,0,-1073741824,-195669796,-3613292864,-289063489,589746397
1,4587,258092231000,12904612,-32768,-5994195941,-341938974,1,0,-2002680128,-4920454117,0,1,-1073741824,-306085338,-5652256967,-452180651,-160214410
1,4589,258092271000,12904614,0,8431237995,0,1,0,-4920454117,7357496171,1,1,1073741824,456574842,8431237995,674499179,-393636330
1,4591,258092311000,12904616,-32768,-21934353662,0,1,0,7357496171,-20860611838,0,1,-1073741824,-1187805879,-21934353662,-1754748655,588599694
1,4593,258092351000,12904618,32768,21171359627,0,1,536870912,-20860611838,20097617803,0,0,1073741824,1146487643,21171359627,1693709120,-1668848949
1,4595,258092391000,12904620,-32768,-20864212815,536870912,1,-536870912,20097617803,-19790470991,0,0,-1073741824,-1158927838,-21401083727,-1712087052,1607809426
1,4597,258092431000,12904622,-32768,-29190536104,-536870912,1,0,-19790470991,-28116794280,0,1,-1073741824,-1551675171,-28653665192,-2292293689,-1583237681
1,4599,258092471000,12904624,32768,23374707194,0,1,536870912,-28116794280,22300965370,0,0,1073741824,1265805004,23374707194,1869976962,-2249343544
1,4601,258092511000,12904626,-32768,-17140719094,536870912,1,-536870912,22300965370,-16066977270,0,0,-1073741824,-957290361,-17677590006,-1414207493,1784077231
1,4603,258092551000,12904628,32768,1129607292,-536870912,1,536870912,-16066977270,55865468,0,0,1073741824,90244401,1666478204,133318284,-1285358183
1,4605,258092591000,12904630,32768,20658778235,536870912,1,536870912,55865468,19585036411,0,0,1073741824,1089656900,20121907323,1609752918,4469237
1,4607,258092631000,12904632,32768,51826156370,536870912,1,536870912,19585036411,50752414546,0,0,1073741824,2777456575,51289285458,4103143684,1566802914
1,4609,258092671000,12904634,-32768,-35317426023,536870912,1,-536870912,50752414546,-34243684199,0,0,-1073741824,-1941609283,-35854296935,-2868344347,4060193167
1,4611,258092711000,12904636,-32768,-38667315300,-536870912,1,-536870912,-34243684199,-37593573476,0,0,-1073741824,-2064868959,-38130444388,-3050436181,-2739494738
1,4613,258092751000,12904638,0,-37957288884,-536870912,1,0,-37593573476,-36883547060,1,1,-1073741824,-2026419066,-37420417972,-2993634056,-3007485881
1,4615,258092791000,12904640,-32768,-70168316649,0,1,-536870912,-36883547060,-69094574825,0,0,-1073741824,-3799808297,-70168316649,-5613466491,-2950683768
1,4617,258092831000,12904642,-32768,-10131680556,-536870912,1,0,-69094574825,-9057938732,0,1,-1073741824,-519585463,-9594809644,-767584930,-5527565991
1,4619,258092871000,12904644,-32768,-18476222629,0,1,-536870912,-9057938732,-17402480805,0,0,-1073741824,-1000538525,-18476222629,-1478098116,-724635099
1,4621,258092911000,12904646,-32768,-4171747125,-536870912,1,0,-17402480805,-3098005301,0,1,-1073741824,-196838594,-3634876213,-290790157,-1392198466
1,4623,258092951000,12904648,-32768,-30513685280,0,1,-536870912,-3098005301,-29439943456,0,0,-1073741824,-1652400400,-30513685280,-2441095327,-247840424
1,4625,258092991000,12904650,32768,13886854365,-536870912,1,0,-29439943456,12813112541,0,1,1073741824,781084592,14423725277,1153898261,-2355195479
1,4627,258093031000,12904652,-32768,-26465512989,0,1,-536870912,12813112541,-25391771165,0,0,-1073741824,-1433180681,-26465512989,-2117241476,1025049004
1,4629,258093071000,12904654,-32768,-30100715886,-536870912,1,-536870912,-25391771165,-29026974062,0,0,-1073741824,-1600963922,-29563844974,-2365108086,-2031341695
1,4631,258093111000,12904656,32768,15619919530,-536870912,1,0,-29026974062,14546177706,0,1,1073741824,874934861,16156790442,1292543502,-2322157927
1,4633,258093151000,12904658,-32768,-46578007385,0,1,-536870912,14546177706,-45504265561,0,0,-1073741824,-2522327845,-46578007385,-3726241361,1163694218
1,4635,258093191000,12904660,32768,10583175614,-536870912,1,536870912,-45504265561,9509433790,0,0,1073741824,602181256,11120046526,889603906,-3640341248
1,4637,258093231000,12904662,32768,38914732661,536870912,1,536870912,9509433790,37840990837,0,0,1073741824,2078267293,38377861749,3070229574,760754704
1,4639,258093271000,12904664,32768,19146048287,536870912,1,0,37840990837,18072306463,0,1,1073741824,1007738392,18609177375,1488734498,3027279270
1,4641,258093311000,12904666,32768,46073252190,0,1,536870912,18072306463,44999510366,0,0,1073741824,2494993956,46073252190,3685860937,1445784518
1,4643,258093351000,12904668,-14508,-475414240,536870912,0,-536870912,44999510366,0,0,0,-475414240,-54818039,-1012285152,-80982829,3599960833
1,4645,258093391000,12904670,-32768,-41572692813,-536870912,1,-536870912,0,-40498950989,0,0,-1073741824,-2222203182,-41035821901,-3282866430,0
1,4647,258093431000,12904672,-32768,-6415741076,-536870912,1,0,-40498950989,-5341999252,0,1,-1073741824,-318357069,-5878870164,-470309710,-3239916082
1,4649,258093471000,12904674,32768,9242689114,0,1,0,-5341999252,8168947290,0,1,1073741824,500517163,9242689114,739415282,-427359941
1,4651,258093511000,12904676,0,-10277231781,0,1,0,8168947290,-9203489957,1,1,-1073741824,-556540508,-10277231781,-822178712,653515784
1,4653,258093551000,12904678,-32768,-75758912349,0,1,-536870912,-9203489957,-74685170525,0,0,-1073741824,-4102554507,-75758912349,-6060714240,-736279197
1,4655,258093591000,12904680,32768,15814880234,-536870912,1,536870912,-74685170525,14741138410,0,0,1073741824,885492522,16351751146,1308140362,-5974813648
1,4657,258093631000,12904682,32768,5099617768,536870912,1,0,14741138410,4025875944,0,1,1073741824,247085354,4562746856,365019824,1179291074
1,4659,258093671000,12904684,0,44143196877,0,1,0,4025875944,43069455053,1,1,1073741824,2390476126,44143196877,3531456480,322070076
1,4661,258093711000,12904686,32768,16054197359,0,1,0,43069455053,14980455535,0,1,1073741824,869379162,16054197359,1284336054,3445556407
1,4663,258093751000,12904688,32768,2909039043,0,1,-536870912,14980455535,1835297219,0,0,1073741824,157532505,2909039043,232723172,1198436444
1,4665,258093791000,12904690,32768,10335285682,-536870912,1,186078017,1835297219,9261543858,0,0,1073741824,588757331,10872156594,869772707,146823778
1,4667,258093831000,12904692,-32768,-22578643841,186078017,1,0,9261543858,-21504902017,0,1,-1073741824,-1232772612,-22764721858,-1821178125,740923509
1,4669,258093871000,12904694,-32768,-4275823404,0,1,536870912,-21504902017,-3202081580,0,0,-1073741824,-231547656,-4275823404,-342065943,-1720392163
1,4671,258093911000,12904696,32768,6368704105,536870912,1,536870912,-3202081580,5294962281,0,0,1073741824,315809887,5831833193,466546752,-256166527
1,4673,258093951000,12904698,-32768,-37604224806,536870912,1,-536870912,5294962281,-36530482982,0,0,-1073741824,-2065445758,-38141095718,-3051288288,423596983
1,4675,258093991000,12904700,-32768,-3345688589,-536870912,1,536870912,-36530482982,-2271946765,0,0,-1073741824,-152105241,-2808817677,-224705461,-2922438641
1,4677,258094031000,12904702,32768,26497852184,536870912,1,0,-2271946765,25424110360,0,1,1073741824,1405858894,25960981272,2076878931,-181755741
1,4679,258094071000,12904704,32768,22742245147,0,1,-214548843,25424110360,21668503323,0,0,1073741824,1231555436,22742245147,1819379988,2033928831
1,4681,258094111000,12904706,32768,72808166406,-214548843,1,536870912,21668503323,71734424582,0,0,1073741824,3954381871,73022715249,5841818427,1733480267
1,4683,258094151000,12904708,-32768,-68835051578,536870912,1,-536870912,71734424582,-67761309754,0,0,-1073741824,-3756681352,-69371922490,-5549754946,5738753972
1,4685,258094191000,12904710,-32768,-16103802174,-536870912,1,536870912,-67761309754,-15030060350,0,0,-1073741824,-842992356,-15566931262,-1245354758,-5420904785
1,4687,258094231000,12904712,32768,14219333085,536870912,1,536870912,-15030060350,13145591261,0,0,1073741824,740943146,13682462173,1094597200,-1202404829
1,4689,258094271000,12904714,-32768,-35128354363,536870912,1,-536870912,13145591261,-34054612539,0,0,-1073741824,-1931370530,-35665225275,-2853218611,1051647302
1,4691,258094311000,12904716,-32768,-11853723070,-536870912,1,0,-34054612539,-10779981246,0,1,-1073741824,-612838825,-11316852158,-905348360,-2724369006
1,4693,258094351000,12904718,-32768,-59767744164,0,1,-536870912,-10779981246,-58694002340,0,0,-1073741824,-3236588549,-59767744164,-4781420521,-862398500
1,4695,258094391000,12904720,32768,2346097846,-536870912,1,0,-58694002340,1272356022,0,1,1073741824,156120727,2882968758,230637548,-4695520192
1,4697,258094431000,12904722,32768,69884916359,0,1,536870912,1272356022,68811174535,0,0,1073741824,3784461388,69884916359,5590794464,101788482
1,4699,258094471000,12904724,-32768,-49619045104,536870912,1,-536870912,68811174535,-48545303280,0,0,-1073741824,-2716081487,-50155916016,-4012474110,5504893968
1,4701,258094511000,12904726,32768,52461303845,-536870912,1,536870912,-48545303280,51387562021,0,0,1073741824,2869997654,52998174757,4239854856,-3883624266
1,4703,258094551000,12904728,-32768,-40791036412,536870912,1,-536870912,51387562021,-39717294588,0,0,-1073741824,-2238020415,-41327907324,-3306233269,4111004966
1,4705,258094591000,12904730,0,-879261985,-536870912,0,0,-39717294588,0,1,1,-879261985,-18541423,-342391073,-27391292,-3177383570
1,4707,258094631000,12904732,-32768,-21590087394,0,1,-536870912,0,-20516345570,0,0,-1073741824,-1169162909,-21590087394,-1727207348,0
1,4709,258094671000,12904734,32768,27372946432,-536870912,1,536870912,-20516345570,26299204608,0,0,1073741824,1511393754,27909817344,2232785849,-1641307647
1,4711,258094711000,12904736,0,58585329928,536870912,1,0,26299204608,57511588104,1,1,1073741824,3143484506,58048459016,4643877681,2103936371
1,4713,258094751000,12904738,0,3677711238,0,1,0,57511588104,2603969414,1,1,1073741824,199158229,3677711238,294216960,4600927053
1,4715,258094791000,12904740,32768,38576651990,0,1,536870912,2603969414,37502910166,0,0,1073741824,2089032334,38576651990,3086132797,208317553
1,4717,258094831000,12904742,-32768,-31407732795,536870912,1,-536870912,37502910166,-30333990971,0,0,-1073741824,-1729888588,-31944603707,-2555568824,3000232816
1,4719,258094871000,12904744,0,26791790797,-536870912,1,0,-30333990971,25718048973,1,1,1073741824,1479922570,27328661709,2186293388,-2426719280
1,4721,258094911000,12904746,32768,12857256262,0,1,0,25718048973,11783514438,0,1,1073741824,696255965,12857256262,1028580713,2057443920
1,4723,258094951000,12904748,-32768,-72309435758,0,1,-536870912,11783514438,-71235693934,0,0,-1073741824,-3915755815,-72309435758,-5784756056,942681156
1,4725,258094991000,12904750,32768,1409618594,-536870912,1,0,-71235693934,335876770,0,1,1073741824,105407787,1946489506,155719193,-5698855520
1,4727,258095031000,12904752,32768,20381923801,0,1,536870912,335876770,19308181977,0,0,1073741824,1103737511,20381923801,1630554241,26870142
1,4729,258095071000,12904754,-32768,-43908240139,536870912,1,-536870912,19308181977,-42834498315,0,0,-1073741824,-2406825613,-44445111051,-3555609619,1544654560
1,4731,258095111000,12904756,-32768,-56510864683,-536870912,1,-536870912,-42834498315,-55437122859,0,0,-1073741824,-3031146479,-55973993771,-4477920427,-3426759868
1,4733,258095151000,12904758,32768,20202821294,-536870912,1,536870912,-55437122859,19129079470,0,0,1073741824,1123111659,20739692206,1659175719,-4434969833
1,4735,258095191000,12904760,32768,63707908779,536870912,1,536870912,19129079470,62634166955,0,0,1073741824,3420886310,63171037867,5053684073,1530326359
1,4737,258095231000,12904762,32768,77350333624,536870912,1,536870912,62634166955,76276591800,0,0,1073741824,4159661324,76813462712,6145078286,5010733361
1,4739,258095271000,12904764,32768,23181881023,536870912,1,-536870912,76276591800,22108139199,0,0,1073741824,1226289890,22645010111,1811601183,6102127350
1,4741,258095311000,12904766,-32768,-31466568530,-536870912,1,0,22108139199,-30392826706,0,1,-1073741824,-1674928618,-30929697618,-2474376321,1768651138
1,4743,258095351000,12904768,-32768,-30626513943,0,1,-18695483,-30392826706,-29552772119,0,0,-1073741824,-1658510384,-30626513943,-2450121622,-2431426139
1,4745,258095391000,12904770,-32768,-30078154346,-18695483,1,-59230917,-29552772119,-29004412522,0,0,-1073741824,-1627802784,-30059458863,-2404757206,-2364221772
1,4747,258095431000,12904772,32768,30209781663,-59230917,1,536870912,-29004412522,29136039839,0,0,1073741824,1639150697,30269012580,2421521507,-2320353004
1,4749,258095471000,12904774,-32768,-22522162903,536870912,1,-536870912,29136039839,-21448421079,0,0,-1073741824,-1248710418,-23059033815,-1844723086,2330883189
1,4751,258095511000,12904776,0,16974708048,-536870912,1,0,-21448421079,15900966224,1,1,1073741824,948300404,17511578960,1400926606,-1715873688
1,4753,258095551000,12904778,-32768,-62381713154,0,1,-536870912,15900966224,-61307971330,0,0,-1073741824,-3378142195,-62381713154,-4990538083,1272077299
1,4755,258095591000,12904780,32768,40658751271,-536870912,1,536870912,-61307971330,39585009447,0,0,1073741824,2230856809,41195622183,3295650455,-4904637711
1,4757,258095631000,12904782,32768,28756917277,536870912,1,0,39585009447,27683175453,0,1,1073741824,1528193513,28220046365,2257604176,3166800759
1,4759,258095671000,12904784,-32768,-2449048636,0,1,-536870912,27683175453,-1375306812,0,0,-1073741824,-132622753,-2449048636,-195923931,2214654038
1,4761,258095711000,12904786,-32768,-13630705070,-536870912,1,0,-1375306812,-12556963246,0,1,-1073741824,-709067312,-13093834158,-1047506949,-110024545
1,4763,258095751000,12904788,-32768,-19173685974,0,1,-529338134,-12556963246,-18099944150,0,0,-1073741824,-1038308093,-19173685974,-1533895195,-1004557061
1,4765,258095791000,12904790,32768,37455207958,-529338134,1,536870912,-18099944150,36381466134,0,0,1073741824,2056968163,37984546092,3038764315,-1447995533
1,4767,258095831000,12904792,-32768,-38572096122,536870912,1,-536870912,36381466134,-37498354298,0,0,-1073741824,-2117858665,-39108967034,-3128718009,2910517293
1,4769,258095871000,12904794,32768,12484062757,-536870912,1,0,-37498354298,11410320933,0,1,1073741824,705119549,13020933669,1041674909,-2999868347
1,4771,258095911000,12904796,-32768,-40120472835,0,1,-536870912,11410320933,-39046731011,0,0,-1073741824,-2172634500,-40120472835,-3209638490,912825675
1,4773,258095951000,12904798,32768,5967914523,-536870912,1,0,-39046731011,4894172699,0,1,1073741824,352252111,6504785435,520382942,-3123738484
1,4775,258095991000,12904800,0,19223714058,0,1,0,4894172699,18149972234,1,1,1073741824,1041017252,19223714058,1537897442,391533816
1,4777,258096031000,12904802,-2835,-92901371,0,0,-536870912,18149972234,0,0,0,-92901371,-5030866,-92901371,-7432111,1451997780
1,4779,258096071000,12904804,-32768,-7780575471,-536870912,1,0,0,-6706833647,0,1,-1073741824,-392266624,-7243704559,-579496484,0
1,4781,258096111000,12904806,32768,4731190335,0,1,536870912,-6706833647,3657448511,0,0,1073741824,256207034,4731190335,378495305,-536546692
1,4783,258096151000,12904808,-32768,-47255011224,536870912,1,-536870912,3657448511,-46181269400,0,0,-1073741824,-2588062518,-47791882136,-3823351361,292595881
1,4785,258096191000,12904810,32768,10737548417,-536870912,1,0,-46181269400,9663806593,0,1,1073741824,610540970,11274419329,901953733,-3694501555
1,4787,258096231000,12904812,32768,51813108489,0,1,536870912,9663806593,50739366665,0,0,1073741824,2805823040,51813108489,4145049535,773104528
1,4789,258096271000,12904814,32768,48207459036,536870912,1,291369413,50739366665,47133717212,0,0,1073741824,2581494112,47670588124,3813647838,4059149337
1,4791,258096311000,12904816,-32768,-17466014599,291369413,1,-536870912,47133717212,-16392272775,0,0,-1073741824,-961611427,-17757384012,-1420591014,3770697380
1,4793,258096351000,12904818,32768,63969733999,-536870912,1,536870912,-16392272775,62895992175,0,0,1073741824,3493210957,64506604911,5160529459,-1311381823
1,4795,258096391000,12904820,-32768,-26869276814,536870912,1,-536870912,62895992175,-25795534990,0,0,-1073741824,-1484118652,-27406147726,-2192492271,5031679379
1,4797,258096431000,12904822,0,-12136449802,-536870912,1,0,-25795534990,-11062707978,1,1,-1073741824,-628149259,-11599578890,-927966503,-2063642801
1,4799,258096471000,12904824,-32768,-8822532020,0,1,179213932,-11062707978,-7748790196,0,0,-1073741824,-477764495,-8822532020,-705802707,-885016639
1,4801,258096511000,12904826,-32768,-17769699953,179213932,1,-536870912,-7748790196,-16695958129,0,0,-1073741824,-971983299,-17948913885,-1435913407,-619903216
1,4803,258096551000,12904828,32768,13333603233,-536870912,1,536870912,-16695958129,12259861409,0,0,1073741824,751124514,13870474145,1109638161,-1335676652
1,4805,258096591000,12904830,-32768,-24472919929,536870912,1,0,12259861409,-23399178105,0,1,-1073741824,-1354349303,-25009790841,-2000783681,980788914
1,4807,258096631000,12904832,32768,12467331826,0,1,0,-23399178105,11393590002,0,1,1073741824,675140479,12467331826,997386752,-1871934250
1,4809,258096671000,12904834,-32768,-16752612604,0,1,-536870912,11393590002,-15678870780,0,0,-1073741824,-907200278,-16752612604,-1340209285,911487201
1,4811,258096711000,12904836,-32768,-9943328638,-536870912,1,-35078022,-15678870780,-8869586814,0,0,-1073741824,-509385686,-9406457726,-752516774,-1254309664
1,4813,258096751000,12904838,-32768,-9889458147,-35078022,1,-113861649,-8869586814,-8815716323,0,0,-1073741824,-533641922,-9854380125,-788350573,-709566946
1,4815,258096791000,12904840,-32768,-72248159884,-113861649,1,-536870912,-8815716323,-71174418060,0,0,-1073741824,-3906271634,-72134298235,-5770745051,-705257306
1,4817,258096831000,12904842,-32768,-2458842482,-536870912,1,536870912,-71174418060,-1385100658,0,0,-1073741824,-104080073,-1921971570,-153757757,-5693953450
1,4819,258096871000,12904844,-32768,-1122786716,536870912,1,0,-1385100658,-49044892,0,1,-1073741824,-89875048,-1659657628,-132772638,-110808053
1,4821,258096911000,12904846,32768,17768446753,0,1,536870912,-49044892,16694704929,0,0,1073741824,962210505,17768446753,1421476034,-3923591
1,4823,258096951000,12904848,-32768,-21257934823,536870912,1,-536870912,16694704929,-20184192999,0,0,-1073741824,-1180248973,-21794805735,-1743584819,1335576396
1,4825,258096991000,12904850,32768,21683933705,-536870912,1,536870912,-20184192999,20610191881,0,0,1073741824,1203317990,22220804617,1777664737,-1614735441
1,4827,258097031000,12904852,-32768,-69052611571,536870912,1,-536870912,20610191881,-67978869747,0,0,-1073741824,-3768462827,-69589482483,-5567159749,1648815352
1,4829,258097071000,12904854,32768,13424433906,-536870912,1,536870912,-67978869747,12350692082,0,0,1073741824,756043246,13961304818,1116904616,-5438309585
1,4831,258097111000,12904856,-32768,-55141133092,536870912,1,-536870912,12350692082,-54067391268,0,0,-1073741824,-3015117815,-55678004004,-4454241240,988055367
1,4833,258097151000,12904858,32768,3159270373,-536870912,1,536870912,-54067391268,2085528549,0,0,1073741824,200156267,3696141285,295691364,-4325391305
1,4835,258097191000,12904860,-32768,-14921313011,536870912,1,0,2085528549,-13847571187,0,1,-1073741824,-837103387,-15458183923,-1236654969,166842284
1,4837,258097231000,12904862,0,8906761607,0,1,0,-13847571187,7833019783,1,1,1073741824,482325760,8906761607,712541076,-1107805696
1,4839,258097271000,12904864,32768,34217647181,0,1,536870912,7833019783,33143905357,0,0,1073741824,1852980175,34217647181,2737412340,626641583
1,4841,258097311000,12904866,-32768,-20021213075,536870912,1,-536870912,33143905357,-18947471251,0,0,-1073741824,-1113277072,-20558083987,-1644647059,2651512431
1,4843,258097351000,12904868,0,47887293668,-536870912,1,0,-18947471251,46813551844,1,1,1073741824,2622302360,48424164580,3873933967,-1515797701
1,4845,258097391000,12904870,0,40976820074,0,1,0,46813551844,39903078250,1,1,1073741824,2219008070,40976820074,3278146283,3745084151
1,4847,258097431000,12904872,32768,42678855114,0,1,222062851,39903078250,41605113290,0,0,1073741824,2311177972,42678855114,3414309114,3192246263
1,4849,258097471000,12904874,-32768,-57245311477,222062851,1,-536870912,41605113290,-56171569653,0,0,-1073741824,-3112017164,-57467374328,-4597390896,3328409066
1,4851,258097511000,12904876,-32768,-47756322027,-536870912,1,179297794,-56171569653,-46682580203,0,0,-1073741824,-2557063796,-47219451115,-3777556870,-4493725576
1,4853,258097551000,12904878,-32768,-41380543231,179297794,1,536870912,-46682580203,-40306801407,0,0,-1073741824,-2250580266,-41559841025,-3324787969,-3734606420
1,4855,258097591000,12904880,32768,61951579243,536870912,1,536870912,-40306801407,60877837419,0,0,1073741824,3325776211,61414708331,4913177681,-3224544116
1,4857,258097631000,12904882,-32768,-12790000234,536870912,1,0,60877837419,-11716258410,0,1,-1073741824,-721686909,-13326871146,-1066149912,4870226998
1,4859,258097671000,12904884,-32768,-53479181875,0,1,-536870912,-11716258410,-52405440051,0,0,-1073741824,-2896045519,-53479181875,-4278335434,-937300674
1,4861,258097711000,12904886,0,16363464567,-536870912,1,0,-52405440051,15289722743,1,1,1073741824,915199880,16900335479,1352027118,-4192435208
1,4863,258097751000,12904888,32768,27538506288,0,1,0,15289722743,26464764464,0,1,1073741824,1491286234,27538506288,2203080958,1223177821
1,4865,258097791000,12904890,32768,8598729593,0,1,-536870912,26464764464,7524987769,0,0,1073741824,465644975,8598729593,687898510,2117181159
1,4867,258097831000,12904892,-32768,-3132437074,-536870912,1,0,7524987769,-2058695250,0,1,-1073741824,-140557082,-2595566162,-207645336,601999022
1,4869,258097871000,12904894,32768,68721839588,0,1,536870912,-2058695250,67648097764,0,0,1073741824,3721477566,68721839588,5497748303,-164695620
1,4871,258097911000,12904896,32768,28818129296,536870912,1,0,67648097764,27744387472,0,1,1073741824,1531508313,28281258384,2262501138,5411847826
1,4873,258097951000,12904898,-32768,-19954852545,0,1,-536870912,27744387472,-18881110721,0,0,-1073741824,-1080610422,-19954852545,-1596388533,2219551000
1,4875,258097991000,12904900,32768,14992798374,-536870912,1,536870912,-18881110721,13919056550,0,0,1073741824,840974517,15529669286,1242373800,-1510488859
1,4877,258098031000,12904902,32768,31965209189,536870912,1,536870912,13919056550,30891467365,0,0,1073741824,1701931388,31428338277,2514267582,1113524525
1,4879,258098071000,12904904,32768,5556437792,536870912,1,0,30891467365,4482695968,0,1,1073741824,271823421,5019566880,401565433,2471317392
1,4881,258098111000,12904906,-32768,-8386506169,0,1,0,4482695968,-7312764345,0,1,-1073741824,-454152490,-8386506169,-670920632,358615678
1,4883,258098151000,12904908,-32768,-26083822777,0,1,0,-7312764345,-25010080953,0,1,-1073741824,-1412511101,-26083822777,-2086706253,-585021148
1,4885,258098191000,12904910,32768,31465296945,0,1,536870912,-25010080953,30391555121,0,0,1073741824,1703932802,31465296945,2517224276,-2000806478
1,4887,258098231000,12904912,-32768,-4495526042,536870912,1,-536870912,30391555121,-3421784218,0,0,-1073741824,-272518205,-5032396954,-402591840,2431324412
1,4889,258098271000,12904914,0,8959684892,-536870912,1,0,-3421784218,7885943068,1,1,1073741824,514264746,9496555804,759724621,-273742738
1,4891,258098311000,12904916,32768,7639751212,0,1,-19695223,7885943068,6566009388,0,0,1073741824,413713645,7639751212,611180223,630875446
1,4893,258098351000,12904918,-32768,-4034610356,-19695223,1,-536870912,6566009388,-2960868532,0,0,-1073741824,-217418752,-4014915133,-321193277,525280752
1,4895,258098391000,12904920,-32768,-64337890362,-536870912,1,-536870912,-2960868532,-63264148538,0,0,-1073741824,-3455001554,-63801019450,-5104082610,-236869483
1,4897,258098431000,12904922,32768,8007378673,-536870912,1,536870912,-63264148538,6933636849,0,0,1073741824,462694732,8544249585,683540108,-5061131888
1,4899,258098471000,12904924,0,-38483484357,536870912,1,0,6933636849,-37409742533,1,1,-1073741824,-2113060093,-39020355269,-3121629066,554690948
1,4901,258098511000,12904926,-32768,-25816549901,0,1,0,-37409742533,-24742808077,0,1,-1073741824,-1398037536,-25816549901,-2065324419,-2992779405
1,4903,258098551000,12904928,32768,25957176388,0,1,536870912,-24742808077,24883434564,0,0,1073741824,1405652849,25957176388,2076574540,-1979424648
1,4905,258098591000,12904930,-32768,-16501725691,536870912,1,0,24883434564,-15427983867,0,1,-1073741824,-922687102,-17038596603,-1363088010,1990674767
1,4907,258098631000,12904932,-32768,-24110109065,0,1,-536870912,-15427983867,-23036367241,0,0,-1073741824,-1305629048,-24110109065,-1928809124,-1234238711
1,4909,258098671000,12904934,-32768,-23764482604,-536870912,1,-536870912,-23036367241,-22690740780,0,0,-1073741824,-1257839376,-23227611692,-1858209319,-1842909381
1,4911,258098711000,12904936,32768,69187805594,-536870912,1,536870912,-22690740780,68114063770,0,0,1073741824,3775783957,69724676506,5577975273,-1815259264
1,4913,258098751000,12904938,32768,39995218080,536870912,1,-536870912,68114063770,38921476256,0,0,1073741824,2136778565,39458347168,3156668426,5449125107
1,4915,258098791000,12904940,32768,28829875277,-536870912,1,-536870912,38921476256,27756133453,0,0,1073741824,1590290478,29366746189,2349340180,3113718103
1,4917,258098831000,12904942,32768,20190276819,-536870912,1,-536870912,27756133453,19116534995,0,0,1073741824,1122432341,20727147731,1658172161,2220490678
1,4919,258098871000,12904944,32768,7720892023,-536870912,1,0,19116534995,6647150199,0,1,1073741824,447180688,8257762935,660621171,1529322801
1,4921,258098911000,12904946,-32768,-11575350487,0,1,-536870912,6647150199,-10501608663,0,0,-1073741824,-626837224,-11575350487,-926028230,531772016
1,4923,258098951000,12904948,-32768,-6633393511,-536870912,1,0,-10501608663,-5559651687,0,1,-1073741824,-330143550,-6096522599,-487721909,-840128694
1,4925,258098991000,12904950,-32768,-57828135230,0,1,-536870912,-5559651687,-56754393406,0,0,-1073741824,-3131553364,-57828135230,-4626251774,-444772135
1,4927,258099031000,12904952,-32768,-51693677186,-536870912,1,-89064782,-56754393406,-50619935362,0,0,-1073741824,-2770282461,-51156806274,-4092545347,-4540351477
1,4929,258099071000,12904954,-32768,-11855637068,-89064782,1,536870912,-50619935362,-10781895244,0,0,-1073741824,-637192413,-11766572286,-941325977,-4049594833
1,4931,258099111000,12904956,-32768,-38105965197,536870912,1,-536870912,-10781895244,-37032223373,0,0,-1073741824,-2092616387,-38642836109,-3091427527,-862551620
1,4933,258099151000,12904958,-32768,-15153840563,-536870912,1,0,-37032223373,-14080098739,0,1,-1073741824,-791549309,-14616969651,-1169357814,-2962577873
1,4935,258099191000,12904960,0,4396096082,0,1,0,-14080098739,3322354258,1,1,1073741824,238060754,4396096082,351687759,-1126407900
1,4937,258099231000,12904962,32768,48784359601,0,1,536870912,3322354258,47710617777,0,0,1073741824,2641807916,48784359601,3902749574,265788341
1,4939,258099271000,12904964,-32768,-53148020500,536870912,1,-536870912,47710617777,-52074278676,0,0,-1073741824,-2907185259,-53684891412,-4294792200,3816849426
1,4941,258099311000,12904966,32768,17865911403,-536870912,1,536870912,-52074278676,16792169579,0,0,1073741824,996561529,18402782315,1472222889,-4165942298
1,4943,258099351000,12904968,-32768,-1601981905,536870912,1,0,16792169579,-528240081,0,1,-1073741824,-115824792,-2138852817,-171108261,1343373568
1,4945,258099391000,12904970,-32768,-2172514700,0,1,-131542005,-528240081,-1098772876,0,0,-1073741824,-117647676,-2172514700,-173801212,-42259207
1,4947,258099431000,12904972,-32768,-46607346389,-131542005,1,-536870912,-1098772876,-45533604565,0,0,-1073741824,-2516793270,-46475804384,-3718065119,-87901830
1,4949,258099471000,12904974,-32768,-32400258764,-536870912,1,0,-45533604565,-31326516940,0,1,-1073741824,-1725490525,-31863387852,-2549071555,-3642688369
1,4951,258099511000,12904976,32768,39178958826,0,1,536870912,-31326516940,38105217002,0,0,1073741824,2121648914,39178958826,3134317354,-2506121358
1,4953,258099551000,12904978,-32768,-24291618621,536870912,1,0,38105217002,-23217876797,0,1,-1073741824,-1344531336,-24828489533,-1986279573,3048417363
1,4955,258099591000,12904980,32768,62973451684,0,1,536870912,-23217876797,61899709860,0,0,1073741824,3410186472,62973451684,5037877175,-1857430145
1,4957,258099631000,12904982,-32768,-66303494762,536870912,1,-536870912,61899709860,-65229752938,0,0,-1073741824,-3619590553,-66840365674,-5347230358,4951976793
1,4959,258099671000,12904984,32768,60272586837,-536870912,1,536870912,-65229752938,59198845013,0,0,1073741824,3293000219,60809457749,4864757625,-5218380240
1,4961,258099711000,12904986,0,43479968365,536870912,1,0,59198845013,42406226541,1,1,1073741824,2325487425,42943097453,3435448506,4735907605
1,4963,258099751000,12904988,32768,9279767018,0,1,-536870912,42406226541,8206025194,0,0,1073741824,502525034,9279767018,742381515,3392498126
1,4965,258099791000,12904990,32768,52963420209,-536870912,1,536870912,8206025194,51889678385,0,0,1073741824,2897188643,53500291121,4280024174,656482016
1,4967,258099831000,12904992,-32768,-12410981427,536870912,1,0,51889678385,-11337239603,0,1,-1073741824,-701161993,-12947852339,-1035828401,4151174275
1,4969,258099871000,12904994,32768,6105383329,0,1,536870912,-11337239603,5031641505,0,0,1073741824,330623383,6105383329,488430767,-906979169
1,4971,258099911000,12904996,-32768,-10748931086,536870912,1,-536870912,5031641505,-9675189262,0,0,-1073741824,-611157373,-11285801998,-902864346,402531321
1,4973,258099951000,12904998,32768,18364142813,-536870912,1,536870912,-9675189262,17290400989,0,0,1073741824,1023542137,18901013725,1512081410,-774015142
1,4975,258099991000,12905000,-32768,-11104989772,536870912,1,-536870912,17290400989,-10031247948,0,0,-1073741824,-630438935,-11641860684,-931349047,1383232080
1,4977,258100031000,12905002,-32768,-50205187884,-536870912,1,-536870912,-10031247948,-49131446060,0,0,-1073741824,-2689676651,-49668316972,-3973466179,-802499837
1,4979,258100071000,12905004,0,17485822254,-536870912,1,0,-49131446060,16412080430,1,1,1073741824,975978651,18022693166,1441815751,-3930515688
1,4981,258100111000,12905006,0,56401522437,0,1,0,16412080430,55327780613,1,1,1073741824,3054298338,56401522437,4512122727,1312966436
1,4983,258100151000,12905008,32768,32218877629,0,1,-536870912,55327780613,31145135805,0,0,1073741824,1744741279,32218877629,2577510743,4426222453
1,4985,258100191000,12905010,32768,50197256846,-536870912,1,536870912,31145135805,49123515022,0,0,1073741824,2747393251,50734127758,4058731059,2491610867
1,4987,258100231000,12905012,32768,4933200205,536870912,1,-536870912,49123515022,3859458381,0,0,1073741824,238073383,4396329293,351706416,3929881205
1,4989,258100271000,12905014,-32768,-42975765902,-536870912,1,-536870912,3859458381,-41902024078,0,0,-1073741824,-2298183468,-42438894990,-3395112301,308756671
1,4991,258100311000,12905016,32768,1801790912,-536870912,1,0,-41902024078,728049088,0,1,1073741824,126645002,2338661824,187092985,-3352161929
1,4993,258100351000,12905018,32768,33748422675,0,1,536870912,728049088,32674680851,0,0,1073741824,1827570371,33748422675,2699874372,58243927
1,4995,258100391000,12905020,32768,13417793962,536870912,1,-536870912,32674680851,12344052138,0,0,1073741824,697537587,12880923050,1030474057,2613974471
1,4997,258100431000,12905022,32768,5613998793,-536870912,1,0,12344052138,4540256969,0,1,1073741824,333086596,6150869705,492069678,987524172
1,4999,258100471000,12905024,32768,49162238687,0,1,536870912,4540256969,48088496863,0,0,1073741824,2662271113,49162238687,3932979907,363220558
1,5001,258100511000,12905026,-32768,-22067293620,536870912,1,0,48088496863,-20993551796,0,1,-1073741824,-1224077989,-22604164532,-1808333536,3847079753
1,5003,258100551000,12905028,0,-10910472846,0,1,0,-20993551796,-9836731022,1,1,-1073741824,-590832262,-10910472846,-872838008,-1679484145
1,5005,258100591000,12905030,32768,19732410326,0,1,536870912,-9836731022,18658668502,0,0,1073741824,1068564561,19732410326,1578593152,-786938482
1,5007,258100631000,12905032,32768,66243643406,536870912,1,536870912,18658668502,65169901582,0,0,1073741824,3558203349,65706772494,5256542885,1492693482
1,5009,258100671000,12905034,32768,1245200720,536870912,1,-536870912,65169901582,171458896,0,0,1073741824,38358017,708329808,56666396,5213592131
1,5011,258100711000,12905036,-32768,-12367058640,-536870912,1,0,171458896,-11293316816,0,1,-1073741824,-640637365,-11830187728,-946415214,13716712
1,5013,258100751000,12905038,32768,31963177348,0,1,0,-11293316816,30889435524,0,1,1073741824,1730894402,31963177348,2557054716,-903465346
1,5015,258100791000,12905040,-32768,-70715176694,0,1,-536870912,30889435524,-69641434870,0,0,-1073741824,-3829422280,-70715176694,-5657215304,2471154844
1,5017,258100831000,12905042,32768,24683551449,-536870912,1,536870912,-69641434870,23609809625,0,0,1073741824,1365755582,25220422361,2017634206,-5571314795
1,5019,258100871000,12905044,-32768,-51369074740,536870912,1,-536870912,23609809625,-50295332916,0,0,-1073741824,-2810850429,-51905945652,-4152476510,1888784772
1,5021,258100911000,12905046,-32768,-28919227182,-536870912,1,536870912,-50295332916,-27845485358,0,0,-1073741824,-1536983043,-28382356270,-2270588971,-4023626637
1,5023,258100951000,12905048,0,-30080751574,536870912,1,0,-27845485358,-29007009750,1,1,-1073741824,-1658028887,-30617622486,-2449410305,-2227638831
1,5025,258100991000,12905050,32768,27247434258,0,1,536870912,-29007009750,26173692434,0,0,1073741824,1475523879,27247434258,2179795191,-2320560782
1,5027,258101031000,12905052,0,49229035477,536870912,1,0,26173692434,48155293653,1,1,1073741824,2636815300,48692164565,3895373970,2093895397
1,5029,258101071000,12905054,-32768,-36078719681,0,1,-536870912,48155293653,-35004977857,0,0,-1073741824,-1953762395,-36078719681,-2886298171,3852423496
1,5031,258101111000,12905056,-32768,-57740370769,-536870912,1,-536870912,-35004977857,-56666628945,0,0,-1073741824,-3097727632,-57203499857,-4576280934,-2800398231
1,5033,258101151000,12905058,-32768,-9429280473,-536870912,1,0,-56666628945,-8355538649,0,1,-1073741824,-481548557,-8892409561,-711392912,-4533330320
1,5035,258101191000,12905060,-32768,-43944552243,0,1,-536870912,-8355538649,-42870810419,0,0,-1073741824,-2379718970,-43944552243,-3515564906,-668443093
1,5037,258101231000,12905062,-32768,-33059045192,-536870912,1,291019445,-42870810419,-31985303368,0,0,-1073741824,-1761165631,-32522174280,-2601774480,-3429664837
1,5039,258101271000,12905064,32768,14455868001,291019445,1,0,-31985303368,13382126177,0,1,1073741824,767065702,14164848556,1133188119,-2558824272
1,5041,258101311000,12905066,-32768,-61847979364,0,1,-536870912,13382126177,-60774237540,0,0,-1073741824,-3349239035,-61847979364,-4947839371,1070570095
1,5043,258101351000,12905068,32768,1721195524,-536870912,1,0,-60774237540,647453700,0,1,1073741824,122280539,2258066436,180645352,-4861939008
1,5045,258101391000,12905070,-32768,-40408412468,0,1,-536870912,647453700,-39334670644,0,0,-1073741824,-2188227227,-40408412468,-3232673665,51796296
1,5047,258101431000,12905072,32768,11921789242,-536870912,1,536870912,-39334670644,10848047418,0,0,1073741824,674670884,12458660154,996693018,-3146773654
1,5049,258101471000,12905074,32768,47150515074,536870912,1,536870912,10848047418,46076773250,0,0,1073741824,2524257675,46613644162,3729092303,867843794
1,5051,258101511000,12905076,-32768,-54137726767,536870912,1,-536870912,46076773250,-53063984943,0,0,-1073741824,-2960780589,-54674597679,-4373968718,3686141863
1,5053,258101551000,12905078,-32768,-45880196150,-536870912,1,80781119,-53063984943,-44806454326,0,0,-1073741824,-2455466394,-45343325238,-3627466768,-4245118799
1,5055,258101591000,12905080,32768,7882687323,80781119,1,536870912,-44806454326,6808945499,0,0,1073741824,422494786,7801906204,624152625,-3584516349
1,5057,258101631000,12905082,32768,15112188359,536870912,1,0,6808945499,14038446535,0,1,1073741824,789293727,14575317447,1166025637,544715640
1,5059,258101671000,12905084,32768,32576826357,0,1,536870912,14038446535,31503084533,0,0,1073741824,1764125192,32576826357,2606146647,1123075724
1,5061,258101711000,12905086,32768,41938673669,536870912,1,536870912,31503084533,40864931845,0,0,1073741824,2242022057,41401802757,3312144905,2520246765
1,5063,258101751000,12905088,-32768,-39818222449,536870912,1,-536870912,40864931845,-38744480625,0,0,-1073741824,-2185339850,-40355093361,-3228408136,3269194551
1,5065,258101791000,12905090,32768,10949355186,-536870912,1,0,-38744480625,9875613362,0,1,1073741824,622010892,11486226098,918898278,-3099558453
1,5067,258101831000,12905092,-32768,-49485961165,0,1,-536870912,9875613362,-48412219341,0,0,-1073741824,-2679801580,-49485961165,-3958877711,790049070
1,5069,258101871000,12905094,32768,2145336275,-536870912,1,536870912,-48412219341,1071594451,0,0,1073741824,145248933,2682207187,214576619,-3872977551
1,5071,258101911000,12905096,32768,21069520851,536870912,1,536870912,1071594451,19995779027,0,0,1073741824,1111899748,20532649939,1642612334,85727556
1,5073,258101951000,12905098,0,38034392926,536870912,1,0,19995779027,36960651102,1,1,1073741824,2030594463,37497522014,2999802381,1599662324
1,5075,258101991000,12905100,-32768,-14942740520,0,1,-536870912,36960651102,-13868998696,0,0,-1073741824,-809190702,-14942740520,-1195419489,2956852091
1,5077,258102031000,12905102,-32768,-42287023792,-536870912,1,-536870912,-13868998696,-41213281968,0,0,-1073741824,-2260886179,-41750152880,-3340012920,-1109519897
1,5079,258102071000,12905104,32768,13855071518,-536870912,1,536870912,-41213281968,12781329694,0,0,1073741824,779363463,14391942430,1151355632,-3297062561
1,5081,258102111000,12905106,-32768,-68925686360,536870912,1,-536870912,12781329694,-67851944536,0,0,-1073741824,-3761589476,-69462557272,-5557005730,1022506376
1,5083,258102151000,12905108,-32768,-5520878443,-536870912,1,536870912,-67851944536,-4447136619,0,0,-1073741824,-269897784,-4984007531,-398720685,-5428155568
1,5085,258102191000,12905110,0,-5184172756,536870912,1,0,-4447136619,-4110430932,1,1,-1073741824,-309810328,-5721043668,-457683588,-355770930
1,5087,258102231000,12905112,32768,38684336521,0,1,536870912,-4110430932,37610594697,0,0,1073741824,2094863749,38684336521,3094747561,-328834475
1,5089,258102271000,12905114,32768,65405455370,536870912,1,536870912,37610594697,64331713546,0,0,1073741824,3512813150,64868584458,5189487829,3008847579
1,5091,258102311000,12905116,32768,42267802539,536870912,1,-536870912,64331713546,41194060715,0,0,1073741824,2259845295,41730931627,3338475220,5146537088
1,5093,258102351000,12905118,32768,22892223626,-536870912,1,-536870912,41194060715,21818481802,0,0,1073741824,1268750229,23429094538,1874327950,3295524860
1,5095,258102391000,12905120,32768,11534824470,-536870912,1,0,21818481802,10461082646,0,1,1073741824,653715672,12071695382,965735830,1745478546
1,5097,258102431000,12905122,32768,46170030777,0,1,536870912,10461082646,45096288953,0,0,1073741824,2500234784,46170030777,3693603225,836886612
1,5099,258102471000,12905124,32768,28816630296,536870912,1,-536870912,45096288953,27742888472,0,0,1073741824,1531427138,28279759384,2262381218,3607703120
1,5101,258102511000,12905126,32768,9656937094,-536870912,1,-536870912,27742888472,8583195270,0,0,1073741824,552022880,10193808006,815504809,2219431080
1,5103,258102551000,12905128,32768,62309098211,-536870912,1,536870912,8583195270,61235356387,0,0,1073741824,3403282939,62845969123,5027678568,686655622
1,5105,258102591000,12905130,-32768,-47634809695,536870912,1,-536870912,61235356387,-46561067871,0,0,-1073741824,-2608629655,-48171680607,-3853735245,4898828516
1,5107,258102631000,12905132,-32768,-55866170389,-536870912,1,-536870912,-46561067871,-54792428565,0,0,-1073741824,-2996234501,-55329299477,-4426344873,-3724885433
1,5109,258102671000,12905134,-32768,-18530524157,-536870912,1,0,-54792428565,-17456782333,0,1,-1073741824,-974406059,-17993653245,-1439492557,-4383394289
1,5111,258102711000,12905136,-32768,-9798974957,0,1,536870912,-17456782333,-8725233133,0,0,-1073741824,-530641579,-9798974957,-783918158,-1396542588
1,5113,258102751000,12905138,0,-2831280467,536870912,1,0,-8725233133,-1757538643,1,1,-1073741824,-182394707,-3368151379,-269452166,-698018651
1,5115,258102791000,12905140,-32768,-48385019431,0,1,-536870912,-1757538643,-47311277607,0,0,-1073741824,-2620182542,-48385019431,-3870802354,-140603092
1,5117,258102831000,12905142,-32768,-28902859191,-536870912,1,536870912,-47311277607,-27829117367,0,0,-1073741824,-1536096671,-28365988279,-2269279531,-3784902212
1,5119,258102871000,12905144,0,6774301647,536870912,1,0,-27829117367,5700559823,1,1,1073741824,337774115,6237430735,498994562,-2226329391
1,5121,258102911000,12905146,32768,38306767760,0,1,536870912,5700559823,37233025936,0,0,1073741824,2074417357,38306767760,3064542054,456044786
1,5123,258102951000,12905148,16393,537173464,536870912,0,-536870912,37233025936,0,0,0,537173464,16384,302552,24204,2978642078
1,5125,258102991000,12905150,-16356,-535963258,-536870912,0,-536798300,0,0,0,0,-535963258,49152,907654,72612,0
1,5127,258103031000,12905152,-16345,-535588094,-536798300,0,-536701484,0,0,0,0,-535588094,65536,1210206,96816,0
1,5129,258103071000,12905154,-16268,-533070866,-536701484,0,-536411034,0,0,0,0,-533070866,196608,3630618,290450,0
1,5131,258103111000,12905156,-16379,-536713586,-536411034,0,-536435238,0,0,0,0,-536713586,-16384,-302552,-24204,0
1,5133,258103151000,12905158,-16398,-537342892,-536435238,0,-536507850,0,0,0,0,-537342892,-49152,-907654,-72612,0
1,5135,258103191000,12905160,-16410,-537718056,-536507850,0,-536604666,0,0,0,0,-537718056,-65536,-1210206,-96816,0
1,5137,258103231000,12905162,-16487,-540235284,-536604666,0,-536870912,0,0,0,0,-540235284,-196608,-3630618,-290450,0
1,5139,258103271000,12905164,0,-536870912,-536870912,0,0,0,0,1,1,-536870912,0,0,0,0
1,5141,258103311000,12905166,32768,13153337344,0,1,536870912,0,12079595520,0,0,1073741824,712289574,13153337344,1052267205,0
1,5143,258103351000,12905168,16384,536870912,536870912,0,-429496730,12079595520,0,0,0,536870912,0,0,0,966367642
1,5145,258103391000,12905170,0,-429496730,-429496730,0,0,0,0,1,1,-429496730,0,0,0,0
1,5147,258103431000,12905172,32768,16374562816,0,1,536870912,0,15300820992,0,0,1073741824,886727837,16374562816,1309965296,0
1,5149,258103471000,12905174,16384,536870912,536870912,0,-536870912,15300820992,0,0,0,536870912,0,0,0,1224065680
1,5151,258103511000,12905176,0,-536870912,-536870912,0,0,0,0,1,1,-536870912,0,0,0,0
1,5153,258103551000,12905178,32768,19595788288,0,1,536870912,0,18522046464,0,0,1073741824,1061166100,19595788288,1567663387,0
1,5155,258103591000,12905180,16384,536870912,536870912,0,-536870912,18522046464,0,0,0,536870912,0,0,0,1481763718
1,5157,258103631000,12905182,0,-536870912,-536870912,0,0,0,0,1,1,-536870912,0,0,0,0
1,5159,258103671000,12905184,32768,42681237504,0,1,536870912,0,41607495680,0,0,1073741824,2311306985,42681237504,3414499706,0
1,5161,258103711000,12905186,16384,536870912,536870912,0,-536870912,41607495680,0,0,0,536870912,0,0,0,3328599658
1,5163,258103751000,12905188,0,-536870912,-536870912,0,0,0,0,1,1,-536870912,0,0,0,0
1,5165,258103791000,12905190,32768,45902462976,0,1,536870912,0,44828721152,0,0,1073741824,2485745248,45902462976,3672197797,0
1,5167,258103831000,12905192,16384,536870912,536870912,0,-536870912,44828721152,0,0,0,536870912,0,0,0,3586297696
1,5169,258103871000,12905194,0,-536870912,-536870912,0,0,0,0,1,1,-536870912,0,0,0,0
1,5171,258103911000,12905196,32768,49123688448,0,1,536870912,0,48049946624,0,0,1073741824,2660183511,49123688448,3929895888,0
1,5173,258103951000,12905198,16384,536870912,536870912,0,-536870912,48049946624,0,0,0,536870912,0,0,0,3843995734
1,5175,258103991000,12905200,0,-536870912,-536870912,0,0,0,0,1,1,-536870912,0,0,0,0
1,5177,258104031000,12905202,32768,75430363136,0,1,536870912,0,74356621312,0,0,1073741824,4084762659,75430363136,6034430297,0
1,5179,258104071000,12905204,16384,536870912,536870912,0,-536870912,74356621312,0,0,0,536870912,0,0,0,5948529710
1,5181,258104111000,12905206,0,-536870912,-536870912,0,0,0,0,1,1,-536870912,0,0,0,0
1,5183,258104151000,12905208,-32768,-13153337344,0,1,-536870912,0,-12079595520,0,0,-1073741824,-712289574,-13153337344,-1052267205,0
1,5185,258104191000,12905210,-16384,-536870912,-536870912,0,429496730,-12079595520,0,0,0,-536870912,0,0,0,-966367642
1,5187,258104231000,12905212,0,429496730,429496730,0,0,0,0,1,1,429496730,0,0,0,0
1,5189,258104271000,12905214,-32768,-16374562816,0,1,-536870912,0,-15300820992,0,0,-1073741824,-886727837,-16374562816,-1309965296,0
1,5191,258104311000,12905216,-16384,-536870912,-536870912,0,536870912,-15300820992,0,0,0,-536870912,0,0,0,-1224065680
1,5193,258104351000,12905218,0,536870912,536870912,0,0,0,0,1,1,536870912,0,0,0,0
1,5195,258104391000,12905220,-32768,-19595788288,0,1,-536870912,0,-18522046464,0,0,-1073741824,-1061166100,-19595788288,-1567663387,0
1,5197,258104431000,12905222,-16384,-536870912,-536870912,0,536870912,-18522046464,0,0,0,-536870912,0,0,0,-1481763718
1,5199,258104471000,12905224,0,536870912,536870912,0,0,0,0,1,1,536870912,0,0,0,0
1,5201,258104511000,12905226,-32768,-42681237504,0,1,-536870912,0,-41607495680,0,0,-1073741824,-2311306985,-42681237504,-3414499706,0
1,5203,258104551000,12905228,-16384,-536870912,-536870912,0,536870912,-41607495680,0,0,0,-536870912,0,0,0,-3328599658
1,5205,258104591000,12905230,0,536870912,536870912,0,0,0,0,1,1,536870912,0,0,0,0
1,5207,258104631000,12905232,-32768,-45902462976,0,1,-536870912,0,-44828721152,0,0,-1073741824,-2485745248,-45902462976,-3672197797,0
1,5209,258104671000,12905234,-16384,-536870912,-536870912,0,536870912,-44828721152,0,0,0,-536870912,0,0,0,-3586297696
1,5211,258104711000,12905236,0,536870912,536870912,0,0,0,0,1,1,536870912,0,0,0,0
1,5213,258104751000,12905238,-32768,-49123688448,0,1,-536870912,0,-48049946624,0,0,-1073741824,-2660183511,-49123688448,-3929895888,0
1,5215,258104791000,12905240,-16384,-536870912,-536870912,0,536870912,-48049946624,0,0,0,-536870912,0,0,0,-3843995734
1,5217,258104831000,12905242,0,536870912,536870912,0,0,0,0,1,1,536870912,0,0,0,0
1,5219,258104871000,12905244,-32768,-75430363136,0,1,-536870912,0,-74356621312,0,0,-1073741824,-4084762659,-75430363136,-6034430297,0
1,5221,258104911000,12905246,-16384,-536870912,-536870912,0,536870912,-74356621312,0,0,0,-536870912,0,0,0,-5948529710
1,5223,258104951000,12905248,0,536870912,536870912,0,0,0,0,1,1,536870912,0,0,0,0
1,5225,258104991000,12905250,10,344064,0,0,27525,0,0,0,0,344064,18632,344064,27525,0
1,5227,258105031000,12905252,0,27525,27525,0,0,0,0,1,1,27525,0,0,0,0
1,5229,258105071000,12905254,-10,-344064,0,0,-27525,0,0,0,0,-344064,-18632,-344064,-27525,0
1,5231,258105111000,12905256,0,-27525,-27525,0,0,0,0,1,1,-27525,0,0,0,0
1,5233,258105151000,12905258,34,1097728,0,0,87818,0,0,0,0,1097728,59445,1097728,87818,0
1,5235,258105191000,12905260,0,87818,87818,0,0,0,0,1,1,87818,0,0,0,0
1,5237,258105231000,12905262,-34,-1097728,0,0,-87818,0,0,0,0,-1097728,-59445,-1097728,-87818,0
1,5239,258105271000,12905264,0,-87818,-87818,0,0,0,0,1,1,-87818,0,0,0,0
1,5241,258105311000,12905266,56,1851392,0,0,148111,0,0,0,0,1851392,100258,1851392,148111,0
1,5243,258105351000,12905268,0,148111,148111,0,0,0,0,1,1,148111,0,0,0,0
1,5245,258105391000,12905270,-56,-1851392,0,0,-148111,0,0,0,0,-1851392,-100258,-1851392,-148111,0
1,5247,258105431000,12905272,0,-148111,-148111,0,0,0,0,1,1,-148111,0,0,0,0
1,5249,258105471000,12905274,80,2605056,0,0,208405,0,0,0,0,2605056,141071,2605056,208405,0
1,5251,258105511000,12905276,0,208405,208405,0,0,0,0,1,1,208405,0,0,0,0
1,5253,258105551000,12905278,-80,-2605056,0,0,-208405,0,0,0,0,-2605056,-141071,-2605056,-208405,0
1,5255,258105591000,12905280,0,-208405,-208405,0,0,0,0,1,1,-208405,0,0,0,0
